ply
format ascii 1.0
element vertex 8040
property float32 x
property float32 y
property float32 z
property float32 I
end_header
3.7595 13.9787 2.5524 0.9429
3.3516 14.5217 2.6279 0.9413
3.3404 21.3761 3.8149 0.9159
1.7911 21.4765 3.8000 0.9162
0.1731 15.1898 2.6785 0.9402
-0.8969 14.8272 2.6192 0.9415
-3.8065 22.4266 4.0110 0.9117
-4.6605 22.5237 4.0557 0.9108
-5.4611 22.3220 4.0521 0.9109
-6.4690 22.8537 4.1881 0.9080
-5.2380 16.2541 3.0112 0.9330
-10.1380 17.4152 3.5532 0.9214
-10.8051 17.1169 3.5692 0.9211
-11.7028 17.1431 3.6600 0.9191
-12.4776 16.9385 3.7096 0.9181
-8.4375 7.4072 1.9797 0.9554
-23.0026 18.7756 5.2356 0.8864
-28.4047 19.9693 6.1224 0.8685
-30.2643 19.6922 6.3666 0.8636
-27.6390 10.4482 5.2101 0.8869
-41.1445 -26.4951 8.6290 0.8197
-38.3487 -26.6896 8.2384 0.8271
-32.0182 -27.8414 7.4816 0.8417
-31.6060 -29.5409 7.6283 0.8389
-30.7092 -30.8412 7.6743 0.8380
-29.7944 -32.1526 7.7293 0.8369
-28.9807 -36.1667 8.1720 0.8284
-4.8307 -16.7627 3.0760 0.9316
8.4889 -45.0664 8.0862 0.8301
9.7006 -36.7622 6.7041 0.8569
12.2692 -35.8429 6.6801 0.8574
17.1844 -36.7381 7.1516 0.8481
20.8948 -37.4138 7.5562 0.8402
23.1554 -38.1745 7.8727 0.8341
27.6186 -38.9292 8.4163 0.8238
35.5542 -0.7190 6.2704 0.8655
44.8102 7.1996 8.0026 0.8317
40.4311 7.9944 7.2671 0.8459
31.9993 8.7535 5.8496 0.8739
30.3490 9.4854 5.6066 0.8788
11.4788 4.0454 2.1460 0.9518
22.7118 10.8745 4.4401 0.9028
16.1980 11.7130 3.5246 0.9220
14.1171 12.7302 3.3518 0.9257
17.3736 18.0900 4.4226 0.9031
16.3900 18.3405 4.3371 0.9049
9.3535 13.0581 2.8322 0.9368
8.9409 13.4792 2.8521 0.9364
10.9151 19.3378 3.9154 0.9138
7.3073 14.1062 2.8012 0.9375
9.4824 20.0350 3.9084 0.9139
8.7340 20.3088 3.8981 0.9141
5.4678 14.0871 2.6645 0.9405
4.4556 12.8264 2.3942 0.9463
4.2714 13.8854 2.5616 0.9427
4.0586 21.0221 3.7752 0.9167
3.3364 21.3786 3.8153 0.9159
1.7998 15.0644 2.6752 0.9402
1.0128 21.4891 3.7933 0.9163
-0.3730 15.0896 2.6615 0.9405
-0.8999 14.8278 2.6194 0.9414
-3.8112 22.4268 4.0111 0.9117
-4.6654 22.5246 4.0560 0.9108
-5.2409 16.2518 3.0110 0.9330
-5.8394 16.1042 3.0205 0.9328
-10.8093 17.1158 3.5694 0.9211
-11.7039 17.1372 3.6592 0.9192
-12.4837 16.9396 3.7104 0.9181
-15.2756 17.8836 4.1471 0.9089
-7.8479 7.9535 1.9702 0.9556
-7.9187 7.4689 1.9194 0.9568
-23.0149 18.7779 5.2375 0.8863
-26.0897 19.7700 5.7719 0.8755
-28.4061 19.9616 6.1218 0.8685
-24.0421 -13.1500 4.8319 0.8947
-41.1301 -26.4977 8.6271 0.8198
-38.3355 -26.6921 8.2367 0.8272
-33.9861 -27.4850 7.7071 0.8373
-32.0074 -27.8433 7.4803 0.8417
-31.6010 -29.5482 7.6285 0.8389
-30.7041 -30.8486 7.6745 0.8380
-29.7865 -32.1571 7.7289 0.8369
-28.3943 -32.9519 7.6698 0.8381
-28.9842 -36.1863 8.1751 0.8284
-6.7370 -14.9253 2.8874 0.9357
9.0792 -40.1688 7.2615 0.8460
13.9875 -36.5048 6.8931 0.8532
19.1963 -37.4535 7.4210 0.8429
20.9058 -37.4158 7.5574 0.8402
23.1669 -38.1760 7.8740 0.8341
27.6322 -38.9317 8.4180 0.8237
35.5447 -0.7115 6.2688 0.8655
44.7831 7.2045 7.9980 0.8317
40.4085 7.9985 7.2633 0.8459
34.7223 8.1783 6.2900 0.8651
31.9840 8.7563 5.8472 0.8740
11.3121 4.4519 2.1435 0.9518
22.7033 10.8760 4.4388 0.9028
20.7660 10.8811 4.1338 0.9092
19.8596 11.3329 4.0318 0.9113
19.0068 11.7703 3.9420 0.9132
15.2466 11.8862 3.4088 0.9245
14.7183 12.3490 3.3877 0.9249
18.8209 18.2462 4.6222 0.8990
10.5800 12.7362 2.9195 0.9350
8.9395 13.4831 2.8525 0.9364
7.3049 14.1085 2.8014 0.9375
9.4775 20.0351 3.9081 0.9139
8.7295 20.3096 3.8979 0.9141
4.4564 12.8370 2.3960 0.9463
3.7537 13.9797 2.5523 0.9429
4.0546 21.0238 3.7754 0.9167
3.3323 21.3811 3.8156 0.9159
0.1669 15.1877 2.6782 0.9402
-0.3760 15.0893 2.6615 0.9405
-1.4484 14.9278 2.6445 0.9409
-5.4712 22.3239 4.0528 0.9109
-6.4796 22.8556 4.1889 0.9080
-5.2425 16.2455 3.0100 0.9330
-5.8430 16.1039 3.0207 0.9328
-6.8088 15.2521 2.9452 0.9344
-8.1966 16.7209 3.2835 0.9272
-10.8135 17.1147 3.5697 0.9211
-13.9837 17.6069 3.9646 0.9127
-15.2834 17.8854 4.1483 0.9089
-7.9201 7.4671 1.9193 0.9568
-23.0271 18.7801 5.2394 0.8863
-28.4075 19.9540 6.1212 0.8685
-41.1159 -26.5003 8.6252 0.8198
-38.3224 -26.6944 8.2350 0.8272
-33.9747 -27.4871 7.7058 0.8374
8.5086 -45.0699 8.0874 0.8300
9.7071 -36.7266 6.6983 0.8570
12.2865 -35.8460 6.6816 0.8573
17.2042 -36.7417 7.1536 0.8481
19.2069 -37.4554 7.4221 0.8428
23.1693 -38.1626 7.8722 0.8342
25.3155 -38.5098 8.1261 0.8293
27.6460 -38.9342 8.4198 0.8237
31.9688 8.7591 5.8447 0.8740
30.3218 9.4904 5.6023 0.8789
11.3126 4.4548 2.1438 0.9518
22.6947 10.8776 4.4376 0.9028
20.7584 10.8825 4.1328 0.9092
19.8525 11.3341 4.0309 0.9113
19.0021 11.7727 3.9415 0.9132
15.2414 11.8872 3.4082 0.9245
14.7145 12.3509 3.3874 0.9249
16.3785 18.3426 4.3360 0.9049
9.3562 13.0731 2.8347 0.9368
8.5513 13.9675 2.8878 0.9356
7.3024 14.1108 2.8015 0.9375
5.4610 14.0864 2.6639 0.9405
3.7509 13.9803 2.5523 0.9429
3.3441 14.5295 2.6289 0.9412
4.0505 21.0255 3.7755 0.9167
4.2743 13.8846 2.2255 0.9429
3.7595 13.9784 2.2175 0.9431
3.2800 14.2114 2.2343 0.9427
2.7624 14.2924 2.2300 0.9428
1.8153 15.1681 2.3402 0.9401
1.8106 21.7104 3.3375 0.9156
-0.8969 14.8269 2.2756 0.9417
-1.4422 14.9263 2.2973 0.9411
-2.0527 15.4338 2.3852 0.9389
-3.8369 22.6058 3.5126 0.9114
-4.6473 22.4599 3.5136 0.9114
-3.9627 16.1973 2.5545 0.9347
-5.2577 16.3151 2.6260 0.9330
-5.8439 16.1266 2.6277 0.9329
-6.3872 15.8277 2.6147 0.9333
-6.8076 15.2661 2.5607 0.9346
-8.3003 16.9499 2.8913 0.9265
-12.8227 23.9665 4.1640 0.8958
-11.7023 17.1424 3.1797 0.9194
-14.3210 18.0466 3.5294 0.9110
-15.6052 18.2770 3.6817 0.9073
-7.9078 7.4616 1.6656 0.9570
-8.4331 7.4034 1.7191 0.9556
-34.5978 20.7834 6.1830 0.8493
-27.6532 10.4536 4.5289 0.8872
-24.0503 -13.1482 4.1991 0.8950
-41.2641 -26.5721 7.5187 0.8199
-38.3498 -26.6904 7.1578 0.8277
-36.1019 -27.1002 6.9154 0.8330
-32.0191 -27.8421 6.5002 0.8422
-31.6058 -29.5407 6.6275 0.8394
-28.4016 -32.9470 6.6638 0.8386
-28.9789 -36.1645 7.0995 0.8290
9.0760 -40.1926 6.3123 0.8464
9.7013 -36.7647 5.8249 0.8574
12.2695 -35.8437 5.8038 0.8579
13.9786 -36.5040 5.9882 0.8537
20.8954 -37.4148 6.5650 0.8408
23.1561 -38.1756 6.8401 0.8347
25.2909 -38.5063 7.0575 0.8299
27.6194 -38.9304 7.3124 0.8244
35.5627 -0.7192 5.4491 0.8659
45.9102 7.3763 7.1234 0.8285
35.9621 8.4626 5.6597 0.8611
30.3477 9.4850 4.8709 0.8793
11.4633 4.0399 1.8620 0.9520
24.5434 10.6860 4.1008 0.8973
20.7729 10.8794 3.5923 0.9095
20.0431 11.4322 3.5348 0.9109
19.4129 12.0163 3.4976 0.9118
15.8248 11.4431 2.9917 0.9240
15.2513 11.8850 2.9621 0.9247
14.7486 12.3693 2.9488 0.9251
17.4315 18.1503 3.8552 0.9032
16.3896 18.3401 3.7680 0.9053
10.5836 12.7352 2.5367 0.9352
9.9252 12.8551 2.4880 0.9364
8.5815 14.0041 2.5161 0.9357
10.9148 19.3374 3.4017 0.9141
7.3240 14.1384 2.4393 0.9376
9.5770 20.2350 3.4296 0.9134
5.9025 13.7248 2.2888 0.9413
3.7566 13.9789 2.2175 0.9431
2.7594 14.2928 2.2300 0.9428
3.3948 21.7527 3.3727 0.9148
1.8120 15.1671 2.3400 0.9401
-0.3679 14.8840 2.2808 0.9415
-0.8999 14.8275 2.2757 0.9417
-2.0561 15.4355 2.3855 0.9389
-3.8415 22.6048 3.5126 0.9114
-3.9671 16.2008 2.5552 0.9347
-6.4739 22.8533 3.6388 0.9084
-5.2606 16.3129 2.6258 0.9330
-5.8474 16.1263 2.6279 0.9329
-6.3913 15.8285 2.6150 0.9333
-6.8090 15.2609 2.5600 0.9346
-8.3055 16.9518 2.8919 0.9265
-12.8200 23.9497 4.1615 0.8959
-12.4833 16.9391 3.2235 0.9184
-14.3291 18.0493 3.5305 0.9110
-15.6120 18.2774 3.6824 0.9073
-7.8194 7.9246 1.7055 0.9559
-7.9092 7.4599 1.6656 0.9570
-28.4980 20.0262 5.3359 0.8685
-24.0459 -13.1521 4.1988 0.8950
-41.2555 -26.5785 7.5181 0.8199
-38.3367 -26.6928 7.1563 0.8278
-36.0897 -27.1025 6.9142 0.8331
-33.9870 -27.4858 6.6962 0.8379
-32.0082 -27.8440 6.4991 0.8423
-30.7039 -30.8485 6.6677 0.8385
-6.7367 -14.9247 2.5085 0.9359
8.4990 -45.0691 7.0260 0.8306
9.0798 -40.1717 6.3093 0.8465
9.7045 -36.7468 5.8224 0.8574
10.7741 -35.5713 5.6938 0.8604
15.6406 -36.8067 6.1266 0.8506
20.9064 -37.4168 6.5661 0.8408
23.1679 -38.1776 6.8413 0.8347
25.3036 -38.5086 7.0589 0.8299
35.5532 -0.7117 5.4476 0.8660
45.8824 7.3814 7.1193 0.8286
38.2236 7.5660 5.9693 0.8541
35.9437 8.4660 5.6571 0.8612
31.9825 8.7559 5.0798 0.8744
11.4611 4.0418 1.8618 0.9520
11.3090 4.4508 1.8618 0.9520
20.7653 10.8808 3.5914 0.9095
20.0378 11.4346 3.5343 0.9109
15.6531 10.4890 2.8866 0.9266
17.4254 18.1514 3.8547 0.9032
10.5798 12.7359 2.5364 0.9352
9.9215 12.8558 2.4877 0.9364
10.9102 19.3382 3.4015 0.9141
5.3671 13.8359 2.2735 0.9417
4.4741 12.8879 2.0899 0.9463
3.3904 21.7535 3.3727 0.9148
1.8088 15.1662 2.3398 0.9401
1.8013 21.7056 3.3366 0.9156
1.0096 21.5139 3.2994 0.9165
0.1624 14.7739 2.2634 0.9420
-1.4484 14.9275 2.2975 0.9411
-2.0595 15.4371 2.3858 0.9389
-3.8460 22.6037 3.5125 0.9114
-4.6571 22.4617 3.5142 0.9114
-6.4792 22.8542 3.6391 0.9083
-5.2635 16.3107 2.6256 0.9330
-5.8510 16.1260 2.6280 0.9329
-14.1559 24.2945 4.3075 0.8925
-11.7045 17.1306 3.1784 0.9195
-14.3373 18.0520 3.5316 0.9109
-7.9106 7.4582 1.6655 0.9570
-8.4415 7.4047 1.7202 0.9556
-26.1030 19.7718 5.0165 0.8759
-34.6436 20.7917 6.1896 0.8492
-24.0415 -13.1561 4.1983 0.8950
-38.3235 -26.6952 7.1549 0.8278
-36.0774 -27.1047 6.9129 0.8331
-29.7788 -32.1620 6.7147 0.8375
-28.9861 -36.2035 7.1048 0.8289
-6.7336 -14.9260 2.5085 0.9359
9.0837 -40.1508 6.3063 0.8466
9.7078 -36.7290 5.8199 0.8575
13.9969 -36.5074 5.9897 0.8537
17.2046 -36.7426 6.2153 0.8486
19.2074 -37.4564 6.4486 0.8434
25.3163 -38.5109 7.0603 0.8299
35.5437 -0.7043 5.4462 0.8660
45.8546 7.3864 7.1152 0.8287
35.9254 8.4693 5.6544 0.8613
31.9672 8.7587 5.0777 0.8745
30.3204 9.4900 4.8671 0.8794
11.3096 4.4536 1.8621 0.9520
20.0325 11.4369 3.5338 0.9109
19.4090 12.0247 3.4977 0.9117
14.7410 12.3731 2.9483 0.9251
14.2116 12.8259 2.9327 0.9255
16.3781 18.3422 3.7671 0.9053
10.5760 12.7366 2.5361 0.9352
10.9055 19.3391 3.4012 0.9141
7.3189 14.1426 2.4395 0.9376
9.5705 20.2425 3.4302 0.9134
5.3641 13.8365 2.2734 0.9417
2.7536 14.2937 2.2300 0.9428
3.3860 21.7543 3.3728 0.9148
4.5227 13.0111 1.7938 0.9460
4.2742 13.8843 1.8918 0.9431
3.7594 13.9781 1.8849 0.9433
3.3108 14.3450 1.9171 0.9423
0.7464 15.7689 2.0557 0.9383
0.1690 14.8267 1.9309 0.9419
-0.3661 14.9358 1.9455 0.9415
-0.8968 14.8266 1.9343 0.9418
-2.0266 15.2376 2.0017 0.9399
-5.4609 22.3210 2.9924 0.9115
-5.0840 15.7762 2.1584 0.9353
-6.7926 15.2323 2.1718 0.9349
-9.2798 17.3446 2.5616 0.9237
-14.3795 24.7013 3.7220 0.8911
-10.9223 17.3025 2.6645 0.9208
-20.1556 25.3990 4.2224 0.8774
-21.7376 25.4594 4.3594 0.8737
-16.6910 18.1842 3.2143 0.9052
-7.7935 7.9015 1.4452 0.9562
-8.4287 7.3996 1.4605 0.9558
-26.1554 19.8282 4.2741 0.8760
-28.4094 19.9726 4.5222 0.8693
-24.0541 -13.1503 3.5699 0.8953
-38.3509 -26.6912 6.0845 0.8282
-36.1029 -27.1010 5.8786 0.8335
-34.1369 -27.5955 5.7161 0.8377
-32.0199 -27.8429 5.5256 0.8427
-31.7045 -29.6329 5.6512 0.8394
-28.4019 -32.9473 5.6645 0.8391
8.4893 -45.0683 5.9721 0.8311
9.7019 -36.7671 4.9517 0.8578
10.7659 -35.5706 4.8395 0.8608
17.1852 -36.7399 5.2818 0.8491
19.1867 -37.4535 5.4800 0.8439
20.8959 -37.4158 5.5806 0.8412
23.1567 -38.1766 5.8145 0.8352
25.2916 -38.5074 5.9993 0.8304
27.6203 -38.9315 6.2160 0.8249
35.5710 -0.7193 4.6330 0.8663
38.3835 7.5895 5.0951 0.8540
32.1766 8.8020 4.3440 0.8741
30.4787 9.5260 4.1583 0.8791
25.0000 10.8848 3.5507 0.8958
20.7722 10.8790 3.0535 0.9097
27.0522 16.7449 4.1430 0.8796
15.6527 10.4841 2.4533 0.9268
14.7620 12.3805 2.5089 0.9252
11.3908 12.7464 2.2261 0.9334
10.5833 12.7349 2.1563 0.9354
9.9250 12.8548 2.1148 0.9366
8.3685 13.6565 2.0857 0.9374
10.9146 19.3369 2.8915 0.9143
5.9241 13.7750 1.9526 0.9413
5.3890 13.8841 1.9394 0.9417
4.2713 13.8848 1.8917 0.9431
3.7565 13.9786 1.8849 0.9433
3.3078 14.3455 1.9171 0.9423
2.6157 21.8942 2.8714 0.9149
1.8222 21.9026 2.8620 0.9152
0.1660 14.8273 1.9309 0.9419
-0.3692 14.9364 1.9456 0.9415
-1.4452 14.9266 1.9528 0.9413
-2.0298 15.2381 2.0018 0.9399
-2.6053 15.3306 2.0250 0.9392
-4.6712 22.5524 2.9991 0.9113
-4.8007 16.9468 2.2937 0.9314
-5.0878 15.7770 2.1587 0.9353
-6.3911 15.8281 2.2228 0.9335
-12.4829 16.9386 2.7400 0.9186
-20.1642 25.3992 4.2231 0.8774
-16.6962 18.1824 3.2145 0.9052
-7.7914 7.8961 1.4445 0.9562
-8.4329 7.4002 1.4610 0.9558
-28.4108 19.9650 4.5218 0.8693
-34.8642 20.9338 5.2956 0.8487
-24.0497 -13.1542 3.5696 0.8953
-38.3377 -26.6936 6.0833 0.8283
-36.0907 -27.1032 5.8774 0.8335
-34.1253 -27.5976 5.7151 0.8378
-32.0091 -27.8448 5.5247 0.8427
-4.8202 -16.7388 2.2683 0.9321
8.4992 -45.0701 5.9725 0.8311
9.7052 -36.7492 4.9496 0.8579
10.7743 -35.5721 4.8400 0.8608
13.9882 -36.5066 5.0909 0.8541
19.1973 -37.4554 5.4808 0.8439
35.5615 -0.7119 4.6318 0.8663
35.9409 8.4653 4.8083 0.8616
32.1613 8.8048 4.3422 0.8741
30.4684 9.5296 4.1572 0.8792
24.9925 10.8876 3.5500 0.8959
20.1131 11.4775 3.0156 0.9108
14.7581 12.3824 2.5087 0.9252
14.2337 12.8406 2.4963 0.9256
19.3066 18.7171 3.5016 0.8972
9.3561 13.0673 2.0928 0.9372
8.7900 13.2576 2.0714 0.9379
8.3711 13.6669 2.0870 0.9374
10.9099 19.3378 2.8913 0.9143
9.6833 20.4702 2.9488 0.9127
5.9210 13.7756 1.9526 0.9413
4.5287 13.0454 1.7982 0.9458
4.2683 13.8854 1.8917 0.9431
3.7536 13.9792 1.8849 0.9433
2.7830 14.4304 1.9138 0.9424
3.3903 21.7531 2.8669 0.9150
0.1630 14.8279 1.9310 0.9419
-0.9030 14.8277 1.9345 0.9418
-1.4484 14.9271 1.9530 0.9413
-5.4709 22.3229 2.9929 0.9115
-4.8022 16.9391 2.2928 0.9314
-5.0916 15.7778 2.1589 0.9353
-5.7642 15.8866 2.2007 0.9341
-6.7946 15.2203 2.1705 0.9350
-11.4795 23.4181 3.3962 0.9001
-9.2861 17.3393 2.5614 0.9237
-14.3909 24.6978 3.7223 0.8911
-10.9290 17.2975 2.6644 0.9208
-11.6677 17.0767 2.6932 0.9200
-12.4891 16.9397 2.7406 0.9186
-20.1728 25.3995 4.2238 0.8774
-16.7014 18.1806 3.2148 0.9052
-7.9012 7.4493 1.4141 0.9571
-26.1826 19.8321 4.2772 0.8759
-28.4122 19.9573 4.5214 0.8693
-24.0453 -13.1581 3.5693 0.8953
-40.7446 -26.2610 6.3124 0.8224
-36.0784 -27.1054 5.8763 0.8336
-34.1138 -27.5997 5.7142 0.8378
-29.7791 -32.1623 5.7078 0.8379
-28.3942 -32.9654 5.6656 0.8390
-28.9843 -36.2014 6.0390 0.8294
-6.7333 -14.9254 2.1322 0.9361
-4.8167 -16.7394 2.2683 0.9321
10.7826 -35.5736 4.8406 0.8608
15.6505 -36.8094 5.2086 0.8510
17.2050 -36.7435 5.2833 0.8490
20.9181 -37.4199 5.5825 0.8412
23.1713 -38.1658 5.8142 0.8352
35.5521 -0.7045 4.6306 0.8664
38.3409 7.5973 5.0899 0.8541
30.4583 9.5331 4.1560 0.8792
11.4436 4.0382 1.5803 0.9522
11.3065 4.4524 1.5824 0.9522
24.9941 10.8943 3.5505 0.8959
32.7670 15.7052 4.7317 0.8637
20.1093 11.4807 3.0154 0.9108
15.6544 10.4945 2.4542 0.9268
15.8273 11.4547 2.5442 0.9242
15.2406 11.8865 2.5169 0.9250
19.3001 18.7183 3.5011 0.8972
11.3834 12.7485 2.2256 0.9334
9.3574 13.0748 2.0937 0.9372
8.3736 13.6772 2.0883 0.9374
10.2763 19.8573 2.9116 0.9138
5.3830 13.8853 1.9393 0.9417
4.5317 13.0626 1.8005 0.9458
4.2654 13.8859 1.8916 0.9431
2.7800 14.4309 1.9138 0.9424
2.6069 21.8958 2.8714 0.9149
4.2741 13.8840 1.5599 0.9432
3.7593 13.9778 1.5543 0.9434
2.7886 14.4281 1.5780 0.9426
3.3990 21.7510 2.3640 0.9152
1.0078 21.2900 2.2887 0.9178
0.1699 14.9122 1.6014 0.9418
-0.3682 15.0214 1.6135 0.9413
-2.6169 15.4179 1.6793 0.9390
-5.4608 22.3205 2.4675 0.9117
-4.8373 17.0891 1.9072 0.9310
-5.1139 15.8690 1.7903 0.9351
-5.8011 16.0085 1.8284 0.9338
-6.3869 15.8270 1.8327 0.9336
-13.2621 24.7876 3.0188 0.8931
-10.4283 17.9139 2.2258 0.9200
-11.5642 16.9400 2.2025 0.9208
-12.4765 16.9370 2.2589 0.9189
-20.4486 25.7683 3.5324 0.8760
-21.7836 25.5132 3.6024 0.8737
-7.7657 7.8733 1.1875 0.9565
-7.8891 7.4440 1.1647 0.9573
-8.4244 7.3958 1.2038 0.9559
-23.1293 18.8790 3.2060 0.8868
-28.5752 20.0892 3.7509 0.8689
-46.1658 -8.2652 5.0362 0.8281
-24.0579 -13.1523 2.9442 0.8956
-38.9663 -27.1195 5.0979 0.8261
-35.2712 -28.5124 4.8702 0.8332
-34.7328 -32.4635 5.1051 0.8259
-29.7953 -32.1536 4.7072 0.8383
-6.7393 -14.9224 1.7582 0.9363
-4.8202 -16.7260 1.8692 0.9324
9.0773 -40.1984 4.4253 0.8472
13.9793 -36.5058 4.1976 0.8545
15.6318 -36.8068 4.2940 0.8514
19.1872 -37.4545 4.5190 0.8443
23.1573 -38.1776 4.7948 0.8356
25.2923 -38.5085 4.9473 0.8308
35.5793 -0.7195 3.8214 0.8666
26.8999 8.4074 3.0263 0.8928
25.4209 11.0681 2.9772 0.8945
32.7884 15.6992 3.9036 0.8639
15.8294 11.4465 2.0976 0.9244
14.5584 12.2097 2.0403 0.9264
13.9784 12.6052 2.0212 0.9271
19.4311 18.8301 2.9055 0.8969
11.4833 12.8500 1.8505 0.9330
8.8446 13.3341 1.7182 0.9377
5.4197 13.9632 1.6084 0.9415
4.5026 12.9617 1.4734 0.9463
4.2712 13.8846 1.5599 0.9432
3.3946 21.7518 2.3640 0.9152
2.6157 21.8938 2.3677 0.9151
1.7582 21.1342 2.2773 0.9182
1.0035 21.2909 2.2888 0.9178
0.1669 14.9128 1.6015 0.9418
-0.3713 15.0221 1.6136 0.9413
-1.4452 14.9263 1.6103 0.9415
-2.6202 15.4184 1.6794 0.9390
-5.8050 16.0093 1.8286 0.9338
-7.9947 16.3175 1.9512 0.9295
-11.5698 16.9408 2.2029 0.9208
-12.4826 16.9381 2.2594 0.9188
-7.8905 7.4422 1.1647 0.9573
-8.4286 7.3965 1.2042 0.9559
-23.1417 18.8813 3.2072 0.8868
-32.2504 20.9752 4.1311 0.8566
-46.1633 -8.2744 5.0361 0.8281
-34.7211 -32.4656 5.1044 0.8259
-33.6535 -33.8120 5.1227 0.8254
-29.7874 -32.1581 4.7070 0.8383
-6.7362 -14.9236 1.7582 0.9363
-4.8167 -16.7266 1.8691 0.9324
8.4994 -45.0711 4.9251 0.8315
9.7058 -36.7516 4.0817 0.8582
10.7745 -35.5729 3.9913 0.8611
12.2787 -35.8470 4.0689 0.8586
23.1692 -38.1798 4.7957 0.8355
25.3050 -38.5108 4.9482 0.8308
27.6346 -38.9351 5.1270 0.8252
30.1423 -39.3919 5.3263 0.8191
35.5698 -0.7120 3.8203 0.8666
38.5762 7.6358 4.2227 0.8537
36.3067 8.5514 4.0053 0.8607
32.1598 8.8044 3.5805 0.8745
26.9009 8.4138 3.0267 0.8928
11.3030 4.4484 1.3044 0.9523
25.5446 11.1281 2.9920 0.8940
32.7760 15.7014 3.9026 0.8640
15.8304 11.4521 2.0981 0.9244
15.2453 11.8853 2.0758 0.9252
14.5533 12.2105 2.0400 0.9264
17.4246 18.1505 2.7018 0.9037
10.5793 12.7353 1.7778 0.9356
8.8411 13.3347 1.7180 0.9377
10.9097 19.3374 2.3842 0.9146
10.2868 19.8679 2.4025 0.9139
9.6831 20.4698 2.4316 0.9129
5.9550 13.8546 1.6193 0.9411
5.4167 13.9638 1.6083 0.9415
4.5046 12.9759 1.4750 0.9462
4.2683 13.8851 1.5599 0.9432
3.7535 13.9789 1.5542 0.9434
2.7827 14.4291 1.5780 0.9426
2.6113 21.8946 2.3677 0.9151
0.9992 21.2918 2.2889 0.9178
0.1639 14.9135 1.6015 0.9418
-2.6235 15.4190 1.6795 0.9390
-4.6802 22.5731 2.4755 0.9114
-5.1215 15.8705 1.7907 0.9351
-6.3950 15.8284 1.8332 0.9336
-7.9992 16.3182 1.9515 0.9295
-13.2764 24.7903 3.0197 0.8930
-10.4308 17.9015 2.2248 0.9200
-10.6441 16.8466 2.1399 0.9230
-11.5754 16.9416 2.2033 0.9208
-12.4887 16.9392 2.2599 0.9188
-7.7615 7.8627 1.1864 0.9565
-7.8919 7.4405 1.1647 0.9573
-8.4328 7.3971 1.2045 0.9559
-23.1540 18.8836 3.2084 0.8867
-26.8645 20.3485 3.6189 0.8732
-28.5780 20.0738 3.7501 0.8689
-32.2718 20.9799 4.1333 0.8565
-38.9712 -27.1464 5.1000 0.8261
-31.9989 -27.8475 4.5551 0.8431
-34.7093 -32.4678 5.1036 0.8260
-33.6566 -33.8287 5.1242 0.8253
-6.7331 -14.9248 1.7582 0.9363
8.5091 -45.0729 4.9255 0.8315
9.0850 -40.1565 4.4210 0.8474
9.7090 -36.7338 4.0800 0.8583
10.7829 -35.5745 3.9917 0.8611
20.9187 -37.4208 4.6035 0.8416
25.3177 -38.5131 4.9492 0.8308
27.6484 -38.9376 5.1280 0.8252
30.1570 -39.3946 5.3274 0.8191
36.2962 8.5567 4.0044 0.8607
11.4284 4.0328 1.3014 0.9524
11.3035 4.4512 1.3045 0.9523
27.0738 16.7734 3.4200 0.8797
13.9816 12.6183 2.0224 0.9270
19.4178 18.8325 2.9047 0.8969
17.4186 18.1516 2.7014 0.9037
11.4754 12.8516 1.8501 0.9330
10.9050 19.3382 2.3840 0.9146
10.2828 19.8699 2.4024 0.9139
5.4137 13.9644 1.6083 0.9415
3.7506 13.9794 1.5542 0.9434
2.9792 15.4647 1.6912 0.9386
4.2740 13.8837 1.2297 0.9434
3.7592 13.9775 1.2253 0.9436
3.3102 14.3424 1.2460 0.9426
2.7883 14.4268 1.2439 0.9427
3.3706 21.5688 1.8480 0.9161
2.5981 21.7096 1.8509 0.9160
1.8223 21.8509 1.8562 0.9157
0.1699 14.9109 1.2623 0.9419
-2.0379 15.3228 1.3085 0.9398
-2.6167 15.4164 1.3237 0.9392
-4.6287 22.3704 1.9338 0.9124
-5.4607 22.3200 1.9452 0.9119
-6.4260 22.7019 1.9973 0.9096
-5.1134 15.8674 1.4112 0.9353
-6.7982 15.2448 1.4130 0.9352
-12.7233 23.7806 2.2831 0.8974
-11.6604 17.0809 1.7507 0.9203
-12.4761 16.9365 1.7807 0.9190
-7.7383 7.8455 0.9328 0.9567
-8.4201 7.3920 0.9485 0.9560
-27.6144 20.9342 2.9334 0.8701
-35.0336 21.0452 3.4597 0.8487
-36.1049 -27.1025 3.8217 0.8342
-35.2697 -28.5112 3.8392 0.8336
-32.0216 -27.8443 3.5922 0.8434
-29.7956 -32.1539 3.7109 0.8386
-28.4025 -32.9480 3.6824 0.8398
-4.8167 -16.7140 1.4725 0.9326
9.7032 -36.7719 3.2194 0.8584
10.7664 -35.5722 3.1462 0.8614
15.5164 -36.5351 3.3602 0.8527
17.1861 -36.7417 3.4337 0.8497
25.2930 -38.5095 3.9002 0.8311
30.1285 -39.3904 4.1981 0.8195
32.1736 8.8012 2.8237 0.8747
26.9005 8.4076 2.3858 0.8930
11.4176 4.0238 1.0248 0.9526
19.8538 11.3242 1.9349 0.9123
15.8256 11.4437 1.6532 0.9246
14.6431 12.2808 1.6178 0.9262
17.4302 18.1490 2.1301 0.9039
10.5828 12.7343 1.4017 0.9357
9.9245 12.8542 1.3747 0.9369
8.8438 13.3328 1.3544 0.9378
9.6655 20.4218 1.9126 0.9133
5.9575 13.8528 1.2765 0.9413
5.4192 13.9619 1.2678 0.9417
4.2711 13.8843 1.2297 0.9434
3.7563 13.9781 1.2253 0.9436
3.3662 21.5696 1.8480 0.9161
1.8179 21.8517 1.8562 0.9157
-0.3713 15.0207 1.2719 0.9415
-1.4452 14.9259 1.2694 0.9416
-5.4657 22.3210 1.9454 0.9119
-5.1172 15.8681 1.4114 0.9353
-6.7991 15.2386 1.4126 0.9352
-8.0398 16.4095 1.5469 0.9293
-10.7152 16.9667 1.6987 0.9226
-16.3776 17.8354 2.0498 0.9074
-7.7362 7.8402 0.9324 0.9567
-35.0567 21.0494 3.4615 0.8486
-46.1573 -8.2734 3.9696 0.8284
-35.2722 -28.5251 3.8401 0.8335
-32.0107 -27.8462 3.5916 0.8434
-34.7359 -32.4795 4.0257 0.8262
-29.7877 -32.1584 3.7107 0.8386
-28.3947 -32.9524 3.6823 0.8398
-28.9774 -36.1777 3.9238 0.8302
-29.7012 -39.9393 4.2134 0.8189
-6.7360 -14.9231 1.3860 0.9364
-4.8132 -16.7146 1.4724 0.9326
9.0818 -40.1803 3.4872 0.8476
9.7064 -36.7541 3.2180 0.8585
10.7748 -35.5737 3.1465 0.8614
15.5259 -36.5368 3.3606 0.8527
19.0561 -37.1800 3.5367 0.8456
20.9080 -37.4198 3.6286 0.8419
38.5741 7.6354 3.3288 0.8540
36.9093 8.6934 3.2100 0.8588
11.4154 4.0257 1.0247 0.9526
25.2630 11.0054 2.3327 0.8953
20.7632 10.8797 1.9843 0.9102
19.7207 12.2124 1.9636 0.9111
15.2449 11.8850 1.6363 0.9253
14.6380 12.2816 1.6175 0.9262
14.0912 12.7121 1.6065 0.9266
17.4242 18.1501 2.1299 0.9039
11.4782 12.8494 1.4585 0.9332
10.5790 12.7350 1.4015 0.9357
9.3573 13.0690 1.3607 0.9375
8.8402 13.3334 1.3543 0.9378
8.5139 13.9001 1.3799 0.9367
10.9095 19.3370 1.8795 0.9147
10.2254 19.7492 1.8826 0.9146
9.6608 20.4226 1.9125 0.9133
5.9545 13.8534 1.2765 0.9413
4.2682 13.8848 1.2297 0.9434
3.7534 13.9786 1.2252 0.9436
3.3043 14.3434 1.2460 0.9426
2.7825 14.4278 1.2439 0.9427
2.5894 21.7111 1.8509 0.9160
0.1639 14.9121 1.2624 0.9419
-0.3743 15.0213 1.2720 0.9415
-0.9029 14.8271 1.2575 0.9421
-1.4483 14.9265 1.2695 0.9416
-4.6386 22.3724 1.9342 0.9124
-5.4707 22.3219 1.9455 0.9119
-6.4365 22.7036 1.9977 0.9096
-5.8084 16.0085 1.4416 0.9339
-6.8000 15.2324 1.4121 0.9352
-12.7368 23.7828 2.2838 0.8974
-10.7160 16.9604 1.6983 0.9226
-11.6722 17.0833 1.7515 0.9203
-12.4883 16.9387 1.7815 0.9190
-16.1022 18.8436 2.0982 0.9053
-16.3858 17.8371 2.0504 0.9073
-7.8826 7.4318 0.9171 0.9574
-27.6172 20.9187 2.9328 0.8702
-28.5772 20.0732 2.9563 0.8692
-29.3412 19.0747 2.9625 0.8689
-35.0800 21.0537 3.4634 0.8485
-38.9697 -27.1453 4.0203 0.8264
-36.0804 -27.1069 3.8203 0.8343
-34.7241 -32.4816 4.0251 0.8262
-29.7797 -32.1630 3.7105 0.8387
-28.3911 -32.9617 3.6827 0.8398
-29.6900 -39.9413 4.2130 0.8189
-6.7328 -14.9243 1.3860 0.9364
8.5093 -45.0739 3.8830 0.8318
9.0856 -40.1593 3.4855 0.8477
9.7097 -36.7363 3.2166 0.8585
10.7831 -35.5752 3.1468 0.8614
13.8943 -36.2396 3.2855 0.8557
15.5354 -36.5386 3.3611 0.8527
17.2059 -36.7453 3.4347 0.8497
19.0666 -37.1819 3.5372 0.8456
23.1733 -38.1690 3.7800 0.8359
30.1579 -39.3958 4.1999 0.8194
35.5686 -0.7048 3.0116 0.8669
32.1429 8.8068 2.8213 0.8748
11.4133 4.0275 1.0246 0.9526
22.4653 10.7676 2.1089 0.9048
19.8393 11.3266 1.9339 0.9124
15.6552 10.4950 1.5955 0.9271
15.8282 11.4554 1.6540 0.9246
14.0927 12.7186 1.6070 0.9266
17.4182 18.1511 2.1296 0.9039
11.4743 12.8502 1.4584 0.9332
9.3587 13.0765 1.3613 0.9375
8.5163 13.9103 1.3807 0.9366
10.9048 19.3378 1.8793 0.9147
5.9514 13.8540 1.2764 0.9413
4.7844 13.7908 1.2357 0.9431
3.7505 13.9791 1.2252 0.9436
3.3013 14.3439 1.2460 0.9426
2.9824 15.4812 1.3346 0.9387
3.3575 21.5712 1.8480 0.9161
2.5850 21.7119 1.8510 0.9160
4.7931 13.7889 0.9052 0.9432
4.2739 13.8835 0.9008 0.9434
2.6287 21.9648 1.3718 0.9152
-0.3682 15.0187 0.9316 0.9416
-0.8968 14.8257 0.9210 0.9422
-5.1129 15.8658 1.0337 0.9354
-5.7999 16.0052 1.0556 0.9340
-7.1167 15.9593 1.0836 0.9324
-8.0345 16.4070 1.1328 0.9294
-10.5148 18.0625 1.2960 0.9197
-10.7146 16.9734 1.2447 0.9227
-11.6589 17.0788 1.2823 0.9205
-12.4757 16.9360 1.3044 0.9192
-16.1667 18.9347 1.5439 0.9050
-16.4660 17.9390 1.5100 0.9070
-7.7112 7.8180 0.6809 0.9569
-7.8706 7.4265 0.6710 0.9576
-23.1274 18.8775 1.8512 0.8872
-27.3698 20.7488 2.1298 0.8714
-28.5236 20.0528 2.1621 0.8696
-29.3435 19.0931 2.1709 0.8691
-35.0316 21.0440 2.5341 0.8489
-24.0654 -13.1565 1.7007 0.8959
-38.9632 -27.1174 2.9437 0.8268
-35.2682 -28.5100 2.8122 0.8338
-33.4692 -33.6131 2.9414 0.8269
-29.7129 -39.9381 3.0869 0.8191
-4.8132 -16.7020 1.0778 0.9327
2.8889 -36.7402 2.2853 0.8627
8.3877 -44.5291 2.8098 0.8339
9.0786 -40.2040 2.5558 0.8477
17.1865 -36.7426 2.5154 0.8500
46.6591 7.4966 2.9304 0.8275
32.1721 8.8008 2.0683 0.8749
11.4026 4.0185 0.7497 0.9527
11.2966 4.4432 0.7527 0.9525
25.4048 11.0611 1.7182 0.8949
19.8510 11.3226 1.4171 0.9125
19.8125 12.2636 1.4449 0.9108
14.6414 12.2794 1.1850 0.9263
19.2677 18.6718 1.6638 0.8981
8.8429 13.3315 0.9920 0.9379
8.5133 13.8927 1.0104 0.9368
10.9139 19.3357 1.3768 0.9149
5.9570 13.8515 0.9350 0.9414
5.4187 13.9607 0.9286 0.9417
4.7902 13.7894 0.9052 0.9432
4.2710 13.8840 0.9008 0.9434
3.3070 14.3416 0.9127 0.9427
2.7852 14.4260 0.9111 0.9428
3.4058 21.8232 1.3696 0.9153
2.6243 21.9656 1.3718 0.9152
1.8179 21.8513 1.3597 0.9159
0.1669 14.9102 0.9246 0.9420
-0.8998 14.8263 0.9211 0.9422
-1.4451 14.9256 0.9299 0.9417
-2.0410 15.3219 0.9585 0.9399
-2.6197 15.4155 0.9696 0.9393
-4.6520 22.4598 1.4223 0.9122
-5.4656 22.3205 1.4250 0.9120
-6.4562 22.7908 1.4689 0.9094
-5.8038 16.0060 1.0558 0.9340
-6.3906 15.8269 1.0584 0.9339
-8.0389 16.4078 1.1330 0.9294
-12.8120 23.9347 1.6835 0.8969
-10.5162 18.0565 1.2957 0.9197
-10.7154 16.9671 1.2444 0.9227
-13.8663 17.4663 1.3829 0.9145
-16.1682 18.9286 1.5437 0.9050
-16.4742 17.9407 1.5104 0.9070
-7.7091 7.8128 0.6806 0.9570
-7.8720 7.4248 0.6710 0.9576
-8.4201 7.3889 0.6947 0.9561
-28.5393 20.0553 2.1630 0.8695
-35.0548 21.0482 2.5355 0.8489
-46.1537 -8.2727 2.9076 0.8287
-24.0610 -13.1604 1.7006 0.8959
-38.9657 -27.1308 2.9443 0.8267
-32.0116 -27.8470 2.6311 0.8436
-20.7960 -22.4511 1.8977 0.8846
1.5635 -36.5359 2.2677 0.8637
4.6784 -17.7152 1.1362 0.9292
6.6052 -19.2834 1.2640 0.9216
15.6421 -36.8103 2.4802 0.8519
17.1964 -36.7445 2.5157 0.8499
21.1257 -37.8093 2.6857 0.8407
22.9989 -37.8991 2.7490 0.8372
27.4312 -38.6485 2.9389 0.8270
35.5864 -0.7124 2.2072 0.8671
46.6309 7.5018 2.9288 0.8276
38.5719 7.6349 2.4383 0.8542
26.9017 8.4140 1.7479 0.8932
11.4004 4.0204 0.7496 0.9527
25.4057 11.0676 1.7184 0.8949
20.7625 10.8793 1.4535 0.9103
15.2445 11.8846 1.1986 0.9255
14.0928 12.7135 1.1770 0.9268
19.2612 18.6730 1.6635 0.8981
17.4238 18.1496 1.5601 0.9041
11.4770 12.8481 1.0683 0.9333
10.5788 12.7347 1.0266 0.9358
9.9206 12.8546 1.0069 0.9370
9.3579 13.0699 0.9968 0.9376
10.9092 19.3366 1.3767 0.9149
10.2244 19.7473 1.3789 0.9147
5.9539 13.8521 0.9350 0.9414
5.4157 13.9613 0.9286 0.9418
4.2681 13.8845 0.9007 0.9434
3.7534 13.9783 0.8975 0.9436
3.3040 14.3421 0.9127 0.9427
2.7822 14.4265 0.9111 0.9428
3.4014 21.8240 1.3696 0.9153
1.8135 21.8521 1.3597 0.9159
1.0056 21.4277 1.3302 0.9176
-0.3743 15.0200 0.9317 0.9416
-0.9029 14.8268 0.9211 0.9422
-1.4483 14.9262 0.9299 0.9417
-4.6569 22.4608 1.4224 0.9122
-5.4706 22.3214 1.4251 0.9120
-5.1205 15.8673 1.0339 0.9354
-10.7162 16.9608 1.2441 0.9227
-12.4880 16.9382 1.3050 0.9191
-16.1696 18.9224 1.5434 0.9051
-7.8734 7.4231 0.6710 0.9576
-8.4242 7.3896 0.6949 0.9561
-23.1520 18.8820 1.8526 0.8872
-28.5551 20.0577 2.1639 0.8695
-46.1538 -8.2824 2.9076 0.8287
-38.9681 -27.1443 2.9449 0.8267
-36.0814 -27.1077 2.7986 0.8345
-35.2732 -28.5377 2.8135 0.8337
-32.0006 -27.8489 2.6306 0.8437
-34.5808 -32.3476 2.9363 0.8271
-28.3872 -32.9572 2.6973 0.8400
-28.9793 -36.1951 2.8752 0.8304
-6.7325 -14.9235 1.0152 0.9365
-4.8063 -16.7032 1.0778 0.9327
1.5707 -36.5320 2.2675 0.8637
2.9048 -36.7510 2.2860 0.8627
8.3969 -44.4786 2.8069 0.8341
9.0862 -40.1622 2.5534 0.8479
4.6813 -17.7115 1.1360 0.9292
5.2449 -17.3038 1.1212 0.9301
6.6081 -19.2793 1.2638 0.9216
15.6516 -36.8120 2.4805 0.8519
23.0107 -37.9013 2.7495 0.8372
19.2715 -29.3156 2.1755 0.8688
27.4449 -38.6510 2.9395 0.8270
46.6026 7.5069 2.9271 0.8276
11.3983 4.0222 0.7495 0.9527
11.2976 4.4489 0.7529 0.9525
20.7550 10.8807 1.4531 0.9104
19.8365 11.3250 1.4164 0.9125
16.1847 11.7133 1.2389 0.9231
15.2393 11.8856 1.1984 0.9255
17.4177 18.1507 1.5599 0.9041
9.9170 12.8553 1.0068 0.9370
9.3593 13.0774 0.9972 0.9376
8.8359 13.3327 0.9918 0.9379
8.5181 13.9132 1.0116 0.9367
10.9045 19.3374 1.3766 0.9149
4.7843 13.7905 0.9052 0.9432
3.7505 13.9788 0.8975 0.9436
3.3010 14.3426 0.9126 0.9427
3.3970 21.8248 1.3697 0.9153
4.2738 13.8832 0.5728 0.9435
3.3096 14.3399 0.5803 0.9428
2.7878 14.4243 0.5793 0.9429
3.4101 21.8219 0.8709 0.9154
2.6286 21.9643 0.8723 0.9153
-0.3681 15.0174 0.5923 0.9416
-4.6466 22.4567 0.9042 0.9123
-5.4604 22.3191 0.9060 0.9121
-6.4503 22.7877 0.9338 0.9095
-5.1123 15.8642 0.6572 0.9355
-5.7993 16.0036 0.6712 0.9341
-12.8037 23.9309 1.0702 0.8970
-10.5150 18.0629 0.8241 0.9197
-10.7148 16.9737 0.7915 0.9228
-16.1669 18.9349 0.9817 0.9051
-7.8615 7.4179 0.4262 0.9577
-23.1264 18.8767 1.1771 0.8874
-29.3241 19.0804 1.3795 0.8693
-24.0692 -13.1585 1.0816 0.8960
-38.9617 -27.1163 1.8718 0.8269
-36.1069 -27.1040 1.7802 0.8347
-32.0233 -27.8458 1.6733 0.8438
-33.5158 -33.6598 1.8730 0.8268
-20.7636 -22.4070 1.2046 0.8849
4.0354 -17.8707 0.7224 0.9293
5.5539 -21.0475 0.8583 0.9165
12.2709 -35.8479 1.4940 0.8593
15.6329 -36.8094 1.5769 0.8521
21.1151 -37.8083 1.7076 0.8408
23.1592 -38.1807 1.7608 0.8363
25.2943 -38.5116 1.8168 0.8316
15.7236 -20.5572 1.0205 0.9016
44.7939 7.1969 1.7889 0.8339
38.5914 7.6306 1.5512 0.8543
36.8848 8.6797 1.4941 0.8593
32.1706 8.8004 1.3152 0.8750
11.3877 4.0133 0.4761 0.9528
11.2936 4.4420 0.4785 0.9526
25.4067 11.0619 1.0926 0.8950
19.8482 11.3210 0.9010 0.9126
19.8141 12.2646 0.9189 0.9109
26.3169 17.6270 1.2490 0.8809
15.2492 11.8834 0.7623 0.9255
14.0929 12.7084 0.7483 0.9268
17.4294 18.1481 0.9922 0.9042
11.4798 12.8460 0.6793 0.9334
10.5823 12.7337 0.6529 0.9359
9.3571 13.0632 0.6336 0.9377
8.5151 13.8956 0.6426 0.9368
10.9137 19.3353 0.8755 0.9150
5.9565 13.8503 0.5945 0.9414
5.4183 13.9594 0.5904 0.9418
4.7901 13.7891 0.5756 0.9432
3.7562 13.9775 0.5707 0.9437
2.7849 14.4247 0.5793 0.9429
1.8179 21.8509 0.8646 0.9160
1.0098 21.4249 0.8457 0.9177
-0.3712 15.0180 0.5924 0.9416
-4.6515 22.4577 0.9043 0.9123
-5.4654 22.3200 0.9061 0.9121
-6.4556 22.7886 0.9339 0.9095
-6.3905 15.8266 0.6730 0.9340
-7.1208 15.9597 0.6891 0.9324
-12.8105 23.9320 1.0704 0.8970
-10.5164 18.0569 0.8240 0.9198
-10.7156 16.9674 0.7913 0.9228
-13.8645 17.4640 0.8792 0.9146
-16.1683 18.9288 0.9816 0.9052
-23.1388 18.8790 1.1775 0.8873
-28.5740 20.0797 1.3771 0.8695
-29.3251 19.0726 1.3794 0.8693
-35.0528 21.0470 1.6122 0.8490
-46.1502 -8.2721 1.8487 0.8289
-24.0648 -13.1624 1.0815 0.8960
-35.2692 -28.5227 1.7885 0.8340
-32.0124 -27.8477 1.6730 0.8438
-34.6286 -32.3792 1.8694 0.8271
-33.5188 -33.6766 1.8736 0.8268
-28.3953 -32.9531 1.7152 0.8402
-29.7025 -39.9410 1.9627 0.8193
-20.7774 -32.5861 1.5239 0.8567
-6.7350 -14.9209 0.6455 0.9366
-4.8063 -16.6907 0.6849 0.9328
4.0375 -17.8630 0.7221 0.9293
5.5494 -21.0132 0.8570 0.9167
5.2427 -17.3092 0.7131 0.9302
12.2796 -35.8494 1.4942 0.8593
15.6425 -36.8112 1.5771 0.8520
25.3071 -38.5139 1.8172 0.8315
27.6370 -38.9384 1.8828 0.8260
30.1727 -31.6905 1.7254 0.8393
38.5698 7.6345 1.5504 0.8544
36.8868 8.6881 1.4943 0.8592
30.9510 9.6805 1.2787 0.8783
25.4076 11.0684 1.0928 0.8950
22.5950 10.8242 0.9879 0.9046
19.8409 11.3222 0.9008 0.9126
19.8149 12.2707 0.9190 0.9109
16.1897 11.7120 0.7879 0.9231
15.2441 11.8843 0.7622 0.9255
14.6346 12.2787 0.7533 0.9264
14.0945 12.7150 0.7485 0.9268
9.9204 12.8543 0.6403 0.9371
8.8385 13.3308 0.6307 0.9380
8.5175 13.9059 0.6430 0.9368
10.2235 19.7455 0.8768 0.9148
5.9534 13.8509 0.5945 0.9414
5.4152 13.9600 0.5904 0.9418
3.7533 13.9780 0.5707 0.9437
2.6198 21.9660 0.8723 0.9153
1.8135 21.8517 0.8646 0.9160
-0.9029 14.8265 0.5857 0.9423
-1.4483 14.9259 0.5913 0.9417
-2.6228 15.4146 0.6165 0.9393
-6.4608 22.7894 0.9340 0.9095
-7.1250 15.9604 0.6892 0.9324
-10.5178 18.0509 0.8238 0.9198
-11.6693 17.0790 0.8156 0.9205
-12.4876 16.9377 0.8298 0.9192
-13.8711 17.4651 0.8794 0.9146
-7.6802 7.7804 0.4311 0.9572
-7.8642 7.4145 0.4262 0.9577
-8.4200 7.3859 0.4416 0.9562
-23.1511 18.8812 1.1780 0.8873
-27.4452 20.7884 1.3576 0.8713
-28.5754 20.0720 1.3770 0.8695
-35.0760 21.0513 1.6131 0.8489
-46.1502 -8.2818 1.8487 0.8289
-38.9666 -27.1432 1.8725 0.8269
-36.0824 -27.1084 1.7796 0.8347
-32.0014 -27.8496 1.6728 0.8438
-34.6168 -32.3813 1.8691 0.8272
-28.3875 -32.9575 1.7152 0.8402
-28.9776 -36.1930 1.8282 0.8306
-29.6914 -39.9431 1.9626 0.8194
-20.7741 -32.5955 1.5241 0.8566
-6.7318 -14.9221 0.6455 0.9366
-4.8028 -16.6913 0.6849 0.9328
4.0396 -17.8553 0.7218 0.9293
5.5449 -20.9791 0.8556 0.9168
19.2098 -37.4612 1.6600 0.8449
21.1375 -37.8124 1.7081 0.8408
30.1596 -39.3981 1.9564 0.8199
35.5851 -0.7051 1.4034 0.8672
32.1399 8.8060 1.3140 0.8751
30.9527 9.6878 1.2789 0.8782
11.2946 4.4477 0.4786 0.9526
25.4084 11.0749 1.0929 0.8950
20.7543 10.8804 0.9240 0.9105
19.8157 12.2767 0.9192 0.9109
14.6296 12.2796 0.7531 0.9264
14.0960 12.7216 0.7487 0.9268
19.4809 18.8937 1.0701 0.8971
17.4173 18.1503 0.9919 0.9042
10.5748 12.7351 0.6527 0.9359
8.8350 13.3314 0.6306 0.9380
10.9043 19.3370 0.8753 0.9150
9.6557 20.4226 0.8908 0.9135
5.9503 13.8515 0.5944 0.9414
5.4122 13.9607 0.5904 0.9418
3.3007 14.3413 0.5803 0.9428
2.9889 15.5152 0.6230 0.9387
4.2738 13.8829 0.2454 0.9435
3.3093 14.3386 0.2486 0.9428
1.8222 21.8496 0.3704 0.9160
-0.3681 15.0160 0.2537 0.9417
-1.4420 14.9245 0.2533 0.9418
-2.6159 15.4121 0.2641 0.9394
-4.6462 22.4546 0.3873 0.9123
-5.7987 16.0019 0.2875 0.9342
-6.3863 15.8255 0.2883 0.9340
-7.1164 15.9585 0.2952 0.9325
-12.8023 23.9283 0.4584 0.8971
-12.4750 16.9350 0.3553 0.9193
-13.8561 17.4607 0.3765 0.9147
-16.1671 18.9351 0.4206 0.9052
-16.4611 17.9336 0.4112 0.9072
-7.8524 7.4093 0.1824 0.9577
-23.1254 18.8759 0.5042 0.8874
-33.3965 21.7303 0.6730 0.8527
-35.0277 21.0416 0.6902 0.8492
-24.0729 -13.1606 0.4635 0.8961
-36.1079 -27.1047 0.7627 0.8348
-32.0241 -27.8465 0.7168 0.8439
-33.4660 -33.6098 0.8012 0.8272
-29.7965 -32.1549 0.7405 0.8391
-28.9685 -36.1516 0.7825 0.8308
-29.7142 -39.9399 0.8410 0.8194
-6.7374 -14.9183 0.2765 0.9366
9.0799 -40.2097 0.6963 0.8480
5.5795 -21.1447 0.3694 0.9162
5.4475 -17.9986 0.3177 0.9275
6.3266 -18.4823 0.3300 0.9248
13.9806 -36.5092 0.6604 0.8552
15.6333 -36.8103 0.6755 0.8521
17.1873 -36.7444 0.6852 0.8502
21.1157 -37.8093 0.7315 0.8409
23.1598 -38.1817 0.7543 0.8364
15.6417 -20.4502 0.4349 0.9021
35.6123 -0.7202 0.6017 0.8672
32.1691 8.8000 0.5634 0.8751
30.9516 9.6737 0.5478 0.8783
11.3728 4.0080 0.2037 0.9529
11.2907 4.4409 0.2049 0.9526
16.1948 11.7107 0.3376 0.9232
14.6380 12.2765 0.3227 0.9264
19.4937 18.8908 0.4585 0.8971
9.3577 13.0641 0.2714 0.9377
8.8412 13.3289 0.2702 0.9380
8.5168 13.8985 0.2753 0.9369
10.9134 19.3349 0.3750 0.9150
5.9559 13.8490 0.2547 0.9415
5.4178 13.9582 0.2529 0.9419
3.3064 14.3391 0.2486 0.9428
3.4056 21.8223 0.3731 0.9154
-2.0406 15.3190 0.2611 0.9400
-4.6511 22.4556 0.3874 0.9123
-5.4653 22.3195 0.3881 0.9122
-6.4549 22.7863 0.4000 0.9096
-5.8026 16.0027 0.2875 0.9342
-7.1206 15.9593 0.2952 0.9325
-12.8091 23.9294 0.4585 0.8971
-11.6619 17.0757 0.3493 0.9206
-12.4811 16.9361 0.3554 0.9193
-13.8627 17.4617 0.3766 0.9147
-16.1685 18.9290 0.4205 0.9052
-7.6557 7.7586 0.1841 0.9573
-7.8537 7.4076 0.1824 0.9577
-27.4437 20.7961 0.5816 0.8713
-35.0508 21.0458 0.6906 0.8491
-32.0132 -27.8484 0.7167 0.8439
-34.5942 -32.3470 0.8000 0.8274
-29.7886 -32.1594 0.7405 0.8391
-28.3956 -32.9534 0.7348 0.8403
-28.9724 -36.1714 0.7828 0.8308
-29.7032 -39.9419 0.8410 0.8194
-4.8029 -16.6788 0.2932 0.9329
9.0837 -40.1887 0.6960 0.8480
5.5754 -21.1115 0.3688 0.9164
5.4509 -17.9966 0.3176 0.9275
6.3371 -18.5007 0.3303 0.9247
15.6428 -36.8121 0.6756 0.8521
17.1973 -36.7463 0.6853 0.8502
18.8767 -36.8300 0.6991 0.8474
21.1268 -37.8113 0.7316 0.8409
23.1717 -38.1839 0.7545 0.8364
25.3078 -38.5150 0.7785 0.8316
27.6378 -38.9396 0.8066 0.8261
15.6603 -20.4659 0.4353 0.9020
38.5677 7.6341 0.6641 0.8545
36.8895 8.6887 0.6402 0.8593
32.1538 8.8028 0.5631 0.8751
22.5918 10.8226 0.4231 0.9046
19.8166 12.2717 0.3937 0.9110
16.1893 11.7117 0.3375 0.9232
14.6329 12.2773 0.3227 0.9264
17.4229 18.1487 0.4250 0.9043
9.9202 12.8540 0.2743 0.9371
9.3591 13.0716 0.2716 0.9377
8.5192 13.9088 0.2755 0.9368
9.6602 20.4214 0.3816 0.9136
5.4148 13.9588 0.2529 0.9419
3.7532 13.9778 0.2445 0.9437
2.6197 21.9655 0.3737 0.9153
1.8134 21.8512 0.3704 0.9160
1.0054 21.4239 0.3623 0.9178
0.1638 14.9081 0.2518 0.9421
-0.3742 15.0173 0.2537 0.9417
-0.9029 14.8262 0.2509 0.9423
-2.0438 15.3196 0.2611 0.9400
-2.6225 15.4132 0.2641 0.9394
-4.6560 22.4566 0.3874 0.9123
-5.8066 16.0036 0.2876 0.9342
-6.3944 15.8269 0.2883 0.9340
-7.1248 15.9600 0.2952 0.9325
-8.0417 16.4049 0.3086 0.9295
-10.5180 18.0512 0.3529 0.9198
-10.7167 16.9615 0.3389 0.9229
-11.6678 17.0769 0.3494 0.9206
-12.4872 16.9373 0.3554 0.9193
-13.8693 17.4628 0.3767 0.9146
-16.1700 18.9229 0.4204 0.9052
-8.4157 7.3821 0.1891 0.9562
-27.4455 20.7886 0.5816 0.8713
-35.0740 21.0501 0.6910 0.8490
-24.0641 -13.1684 0.4634 0.8961
-38.9651 -27.1422 0.8021 0.8270
-36.0834 -27.1091 0.7623 0.8348
-35.2703 -28.5353 0.7663 0.8340
-32.0023 -27.8503 0.7166 0.8439
-34.5825 -32.3492 0.7999 0.8274
-33.4721 -33.6433 0.8017 0.8271
-29.7806 -32.1639 0.7404 0.8392
-29.6920 -39.9440 0.8408 0.8195
-4.7994 -16.6794 0.2932 0.9329
8.5098 -45.0768 0.7749 0.8323
5.5712 -21.0785 0.3683 0.9165
17.2072 -36.7481 0.6854 0.8502
21.1381 -37.8134 0.7318 0.8409
23.1836 -38.1861 0.7546 0.8363
27.6515 -38.9421 0.8068 0.8261
44.7370 7.2064 0.7654 0.8342
38.5464 7.6380 0.6638 0.8545
32.1385 8.8056 0.5629 0.8752
11.2917 4.4466 0.2050 0.9526
25.4103 11.0757 0.4682 0.8950
16.1838 11.7127 0.3375 0.9232
14.6279 12.2781 0.3226 0.9264
14.0976 12.7230 0.3208 0.9268
17.4169 18.1498 0.4249 0.9043
8.5217 13.9191 0.2757 0.9368
9.6555 20.4222 0.3816 0.9136
4.7841 13.7899 0.2466 0.9433
4.2650 13.8845 0.2454 0.9435
3.7503 13.9783 0.2445 0.9437
3.3005 14.3401 0.2486 0.9428
2.9923 15.5328 0.2672 0.9387
4.7928 13.7880 -0.0822 0.9433
4.2737 13.8826 -0.0818 0.9436
3.3090 14.3374 -0.0828 0.9428
2.6285 21.9635 -0.1245 0.9153
1.0139 21.4202 -0.1207 0.9178
-0.8967 14.8248 -0.0836 0.9423
-1.4420 14.9241 -0.0844 0.9418
-2.0372 15.3171 -0.0870 0.9401
-2.6157 15.4106 -0.0880 0.9394
-4.6457 22.4524 -0.1291 0.9124
-5.4602 22.3181 -0.1294 0.9122
-12.8008 23.9256 -0.1528 0.8971
-11.6546 17.0724 -0.1164 0.9206
-12.4746 16.9345 -0.1184 0.9193
-16.1674 18.9354 -0.1402 0.9052
-7.8433 7.4007 -0.0607 0.9578
-8.4032 7.3771 -0.0630 0.9563
-23.1245 18.8751 -0.1681 0.8875
-28.5709 20.0861 -0.1966 0.8696
-35.0257 21.0404 -0.2300 0.8492
-24.0767 -13.1626 -0.1545 0.8960
-35.2637 -28.5064 -0.2553 0.8341
-32.3393 -32.4783 -0.2580 0.8325
-28.9692 -36.1524 -0.2609 0.8308
-6.7368 -14.9169 -0.0922 0.9366
-4.8030 -16.6663 -0.0977 0.9330
9.0805 -40.2125 -0.2321 0.8480
8.9848 -34.0496 -0.1983 0.8686
6.2074 -18.1342 -0.1079 0.9262
17.1878 -36.7453 -0.2284 0.8502
19.1896 -37.4592 -0.2370 0.8451
23.1604 -38.1828 -0.2514 0.8364
24.8804 -37.8813 -0.2552 0.8342
26.3243 -37.1049 -0.2561 0.8336
15.5608 -20.3444 -0.1442 0.9026
35.6206 -0.7203 -0.2006 0.8672
38.5872 7.6298 -0.2215 0.8544
32.1677 8.7996 -0.1878 0.8751
30.9540 9.6745 -0.1826 0.8783
11.3580 4.0028 -0.0678 0.9530
11.2877 4.4397 -0.0683 0.9526
25.4105 11.0636 -0.1561 0.8951
6.7237 3.5214 -0.0428 0.9701
19.8426 11.3178 -0.1286 0.9127
26.3190 17.6283 -0.1784 0.8810
14.6363 12.2751 -0.1075 0.9264
14.0962 12.7114 -0.1069 0.9269
11.4775 12.8434 -0.0970 0.9334
10.5818 12.7331 -0.0932 0.9359
8.8403 13.3276 -0.0900 0.9380
10.2262 19.7411 -0.1252 0.9149
5.9554 13.8478 -0.0849 0.9415
4.7899 13.7886 -0.0822 0.9433
3.7560 13.9769 -0.0815 0.9438
2.6241 21.9643 -0.1245 0.9153
1.8178 21.8500 -0.1234 0.9160
0.1669 14.9062 -0.0839 0.9421
-0.3711 15.0153 -0.0846 0.9417
-1.4450 14.9247 -0.0844 0.9418
-2.0404 15.3176 -0.0870 0.9401
-2.6190 15.4112 -0.0880 0.9394
-5.4652 22.3190 -0.1294 0.9122
-6.4543 22.7841 -0.1333 0.9096
-5.1151 15.8617 -0.0938 0.9355
-5.8021 16.0011 -0.0958 0.9342
-6.3902 15.8258 -0.0961 0.9340
-8.0363 16.4024 -0.1028 0.9295
-12.8077 23.9267 -0.1528 0.8971
-13.8609 17.4594 -0.1255 0.9147
-16.1688 18.9293 -0.1402 0.9052
-7.6292 7.7318 -0.0612 0.9575
-7.8446 7.3990 -0.0607 0.9578
-8.4073 7.3778 -0.0630 0.9562
-23.1369 18.8774 -0.1681 0.8874
-27.4440 20.7963 -0.1939 0.8713
-35.0488 21.0447 -0.2302 0.8491
-46.1398 -8.2702 -0.2639 0.8290
-24.0723 -13.1665 -0.1545 0.8961
-35.8151 -26.8963 -0.2522 0.8360
-35.2662 -28.5203 -0.2554 0.8341
-32.0140 -27.8491 -0.2389 0.8439
-32.3460 -32.4983 -0.2581 0.8324
-29.7889 -32.1597 -0.2468 0.8392
-28.3958 -32.9537 -0.2449 0.8403
-28.9707 -36.1693 -0.2609 0.8308
-29.7038 -39.9428 -0.2803 0.8195
8.5002 -45.0759 -0.2583 0.8324
5.4393 -17.9584 -0.1056 0.9277
15.6432 -36.8130 -0.2252 0.8521
23.1723 -38.1849 -0.2515 0.8364
26.3372 -37.1072 -0.2562 0.8336
44.9491 7.2312 -0.2563 0.8335
36.8922 8.6894 -0.2134 0.8593
11.3559 4.0046 -0.0678 0.9530
22.5885 10.8210 -0.1410 0.9047
20.7605 10.8783 -0.1320 0.9105
19.8353 11.3190 -0.1286 0.9127
19.8182 12.2727 -0.1312 0.9110
26.3206 17.6372 -0.1784 0.8810
14.6312 12.2759 -0.1075 0.9264
14.0977 12.7179 -0.1069 0.9269
17.4225 18.1483 -0.1416 0.9043
11.4735 12.8442 -0.0970 0.9334
10.5781 12.7338 -0.0932 0.9359
9.9200 12.8537 -0.0914 0.9371
8.5210 13.9117 -0.0918 0.9368
10.9085 19.3353 -0.1250 0.9150
5.9523 13.8484 -0.0849 0.9415
4.2678 13.8837 -0.0818 0.9436
3.7531 13.9775 -0.0815 0.9438
3.3031 14.3383 -0.0828 0.9428
2.9887 15.4969 -0.0889 0.9388
3.4012 21.8227 -0.1243 0.9154
2.6197 21.9651 -0.1245 0.9153
1.8134 21.8508 -0.1234 0.9160
1.0053 21.4220 -0.1207 0.9178
0.1638 14.9068 -0.0839 0.9421
-0.3742 15.0159 -0.0846 0.9417
-0.9028 14.8259 -0.0836 0.9423
-4.6556 22.4545 -0.1291 0.9124
-5.4702 22.3199 -0.1294 0.9122
-5.1189 15.8625 -0.0938 0.9355
-7.1247 15.9597 -0.0984 0.9325
-8.0408 16.4031 -0.1029 0.9295
-10.5182 18.0515 -0.1176 0.9198
-11.6664 17.0748 -0.1164 0.9206
-12.4869 16.9368 -0.1185 0.9193
-16.1702 18.9232 -0.1401 0.9052
-7.6272 7.7267 -0.0611 0.9575
-7.8460 7.3973 -0.0607 0.9578
-21.9211 19.2288 -0.1642 0.8899
-23.1492 18.8796 -0.1682 0.8874
-28.5737 20.0708 -0.1966 0.8696
-33.4007 21.7137 -0.2243 0.8527
-46.1399 -8.2799 -0.2639 0.8290
-38.9636 -27.1411 -0.2673 0.8270
-35.2688 -28.5341 -0.2554 0.8340
-32.0031 -27.8511 -0.2389 0.8439
-32.3527 -32.5182 -0.2583 0.8324
-29.7809 -32.1643 -0.2468 0.8392
-6.7306 -14.9193 -0.0921 0.9366
-4.7960 -16.6675 -0.0976 0.9330
9.0881 -40.1707 -0.2319 0.8481
17.2076 -36.7490 -0.2285 0.8502
21.1386 -37.8143 -0.2439 0.8409
23.1842 -38.1871 -0.2515 0.8364
24.8851 -37.8551 -0.2551 0.8343
26.3504 -37.1096 -0.2562 0.8336
44.9630 7.2428 -0.2564 0.8335
38.5443 7.6376 -0.2212 0.8546
11.2888 4.4454 -0.0683 0.9526
22.5802 10.8227 -0.1410 0.9047
20.7529 10.8797 -0.1319 0.9105
19.8190 12.2788 -0.1313 0.9110
15.2381 11.8846 -0.1088 0.9256
14.6262 12.2767 -0.1075 0.9265
17.4165 18.1494 -0.1416 0.9043
11.4696 12.8450 -0.0970 0.9334
9.3611 13.0799 -0.0906 0.9377
8.5234 13.9220 -0.0919 0.9368
10.9039 19.3362 -0.1250 0.9150
10.2169 19.7426 -0.1252 0.9149
9.6553 20.4218 -0.1272 0.9136
4.2649 13.8842 -0.0818 0.9436
3.7502 13.9780 -0.0815 0.9438
2.9957 15.5504 -0.0892 0.9386
4.2736 13.8823 -0.4090 0.9435
3.3087 14.3361 -0.4143 0.9428
3.4099 21.8206 -0.6219 0.9154
1.8222 21.8487 -0.6173 0.9160
0.1698 14.9042 -0.4197 0.9421
-0.3680 15.0134 -0.4229 0.9417
-1.4419 14.9238 -0.4222 0.9418
-2.0370 15.3157 -0.4351 0.9400
-2.6154 15.4092 -0.4401 0.9394
-4.6453 22.4503 -0.6455 0.9123
-6.4484 22.7811 -0.6667 0.9096
-5.7975 15.9987 -0.4792 0.9342
-8.0310 16.3999 -0.5142 0.9295
-10.5156 18.0638 -0.5885 0.9198
-11.6531 17.0702 -0.5820 0.9206
-12.4743 16.9340 -0.5922 0.9193
-13.8524 17.4561 -0.6275 0.9147
-16.1676 18.9357 -0.7011 0.9052
-23.1235 18.8744 -0.8405 0.8874
-27.4426 20.8040 -0.9697 0.8713
-33.3971 21.7307 -1.1219 0.8526
-38.9572 -27.1131 -1.3365 0.8270
-35.2622 -28.5052 -1.2768 0.8341
-32.0258 -27.8479 -1.1950 0.8438
-32.3897 -32.5289 -1.2926 0.8322
-29.7971 -32.1555 -1.2344 0.8391
-28.9699 -36.1532 -1.3045 0.8308
-6.7362 -14.9155 -0.4608 0.9366
-4.7995 -16.6544 -0.4880 0.9330
6.6868 -44.1606 -1.2576 0.8363
5.4361 -17.9609 -0.5284 0.9277
17.1882 -36.7462 -1.1423 0.8502
24.8813 -37.8828 -1.2762 0.8341
26.3251 -37.1059 -1.2811 0.8336
38.5851 7.6293 -1.1075 0.8544
32.1662 8.7992 -0.9391 0.8751
11.2848 4.4386 -0.3414 0.9526
25.4124 11.0644 -0.7804 0.8950
19.8398 11.3162 -0.6431 0.9127
26.3200 17.6290 -0.8920 0.8809
16.1939 11.7100 -0.5627 0.9231
14.6346 12.2736 -0.5378 0.9264
19.4927 18.8898 -0.7643 0.8971
11.4763 12.8421 -0.4850 0.9334
10.5816 12.7328 -0.4662 0.9359
9.3589 13.0658 -0.4525 0.9377
10.2253 19.7392 -0.6260 0.9149
9.6645 20.4197 -0.6361 0.9136
4.2707 13.8829 -0.4090 0.9435
3.7559 13.9767 -0.4075 0.9437
3.3058 14.3366 -0.4143 0.9428
3.4055 21.8214 -0.6219 0.9154
1.0095 21.4192 -0.6038 0.9178
-0.3711 15.0140 -0.4229 0.9417
-1.4450 14.9244 -0.4222 0.9418
-4.6502 22.4513 -0.6456 0.9123
-5.1146 15.8601 -0.4692 0.9355
-5.8015 15.9995 -0.4792 0.9342
-6.3900 15.8254 -0.4806 0.9340
-10.5170 18.0578 -0.5884 0.9198
-10.7163 16.9686 -0.5651 0.9228
-11.6590 17.0714 -0.5821 0.9206
-12.4804 16.9352 -0.5924 0.9193
-13.8590 17.4571 -0.6276 0.9147
-16.1690 18.9296 -0.7010 0.9052
-16.4644 17.9299 -0.6854 0.9072
-7.8356 7.3904 -0.3033 0.9578
-8.4031 7.3741 -0.3148 0.9562
-23.1359 18.8766 -0.8408 0.8874
-27.4443 20.7966 -0.9696 0.8713
-28.5714 20.0778 -0.9833 0.8696
-33.3991 21.7223 -1.1219 0.8526
-38.9596 -27.1266 -1.3368 0.8270
-35.3569 -26.5522 -1.2450 0.8378
-34.6312 -32.3816 -1.3350 0.8272
-32.3715 -32.5239 -1.2922 0.8322
-28.3961 -32.9541 -1.2249 0.8402
6.6945 -44.1508 -1.2574 0.8364
8.5004 -45.0769 -1.2916 0.8323
9.0850 -40.1943 -1.1603 0.8480
8.9351 -33.8334 -0.9853 0.8693
5.4395 -17.9590 -0.5284 0.9277
12.2804 -35.8519 -1.0671 0.8593
13.9904 -36.5126 -1.1010 0.8552
19.2007 -37.4621 -1.1853 0.8450
21.1279 -37.8133 -1.2197 0.8409
24.8837 -37.8696 -1.2759 0.8342
15.4989 -20.2550 -0.7182 0.9030
29.8987 -20.2142 -1.0162 0.8655
30.8059 -19.2534 -1.0229 0.8647
41.8849 -24.1315 -1.3611 0.8241
30.9582 9.6827 -0.9134 0.8783
11.2853 4.4414 -0.3415 0.9526
22.5852 10.8195 -0.7052 0.9046
19.8199 12.2738 -0.6564 0.9109
26.3216 17.6379 -0.8922 0.8809
14.6295 12.2744 -0.5377 0.9264
14.0994 12.7195 -0.5347 0.9268
19.4861 18.8910 -0.7642 0.8971
9.9197 12.8534 -0.4572 0.9371
9.3603 13.0733 -0.4527 0.9377
9.6598 20.4205 -0.6361 0.9136
5.9518 13.8472 -0.4244 0.9415
5.4138 13.9564 -0.4215 0.9419
4.7868 13.7888 -0.4110 0.9433
4.2678 13.8834 -0.4090 0.9435
3.3028 14.3370 -0.4143 0.9428
2.9920 15.5144 -0.4449 0.9387
2.6196 21.9646 -0.6229 0.9153
1.0052 21.4201 -0.6038 0.9178
-0.9028 14.8256 -0.4182 0.9423
-1.4482 14.9250 -0.4222 0.9418
-4.6552 22.4523 -0.6457 0.9123
-6.3941 15.8262 -0.4806 0.9340
-7.1245 15.9593 -0.4921 0.9325
-8.0399 16.4013 -0.5143 0.9295
-12.8131 23.9251 -0.7642 0.8971
-10.5184 18.0518 -0.5883 0.9198
-11.6649 17.0726 -0.5822 0.9206
-13.8656 17.4582 -0.6278 0.9147
-16.4726 17.9316 -0.6856 0.9072
-7.8369 7.3887 -0.3033 0.9578
-21.9214 19.2291 -0.8211 0.8899
-23.1482 18.8788 -0.8411 0.8873
-28.5728 20.0702 -0.9832 0.8696
-33.4010 21.7139 -1.1218 0.8526
-39.6613 13.3686 -1.1785 0.8458
-46.1337 -8.2788 -1.3198 0.8290
-24.0716 -13.1725 -0.7726 0.8960
-38.9621 -27.1400 -1.3370 0.8270
-35.2673 -28.5329 -1.2774 0.8340
-32.0039 -27.8518 -1.1946 0.8439
-34.6194 -32.3837 -1.3348 0.8272
-29.7812 -32.1646 -1.2343 0.8391
-28.3883 -32.9585 -1.2248 0.8402
-6.7300 -14.9179 -0.4608 0.9366
-4.7926 -16.6556 -0.4880 0.9330
6.7022 -44.1411 -1.2572 0.8364
5.4429 -17.9570 -0.5283 0.9277
12.2891 -35.8535 -1.0672 0.8593
24.8861 -37.8566 -1.2757 0.8342
29.8932 -20.2017 -1.0159 0.8656
30.8248 -19.2565 -1.0234 0.8646
41.8868 -24.1211 -1.3610 0.8241
36.8969 8.6984 -1.0674 0.8593
32.1355 8.8048 -0.9382 0.8752
30.9599 9.6901 -0.9135 0.8783
25.4141 11.0774 -0.7806 0.8950
20.7523 10.8793 -0.6598 0.9105
19.8252 11.3186 -0.6428 0.9127
26.3213 17.6454 -0.8923 0.8809
14.6244 12.2753 -0.5376 0.9264
19.4794 18.8923 -0.7641 0.8971
9.9161 12.8541 -0.4571 0.9371
9.3617 13.0808 -0.4529 0.9377
8.5252 13.9249 -0.4597 0.9368
9.6551 20.4214 -0.6361 0.9136
5.9487 13.8478 -0.4244 0.9415
5.4108 13.9570 -0.4215 0.9419
3.7502 13.9777 -0.4075 0.9437
3.2999 14.3375 -0.4143 0.9428
2.9991 15.5679 -0.4464 0.9385
3.3967 21.8230 -0.6219 0.9154
2.6152 21.9654 -0.6229 0.9153
4.7926 13.7875 -0.7403 0.9432
4.2735 13.8821 -0.7366 0.9435
3.7588 13.9759 -0.7340 0.9437
3.3084 14.3348 -0.7461 0.9428
2.7868 14.4191 -0.7448 0.9429
3.4098 21.8202 -1.1200 0.9153
0.1698 14.9029 -0.7558 0.9421
-0.3680 15.0120 -0.7615 0.9416
-0.8967 14.8242 -0.7532 0.9423
-2.0368 15.3143 -0.7835 0.9400
-2.6152 15.4077 -0.7926 0.9393
-4.6448 22.4482 -1.1626 0.9123
-6.4478 22.7788 -1.2006 0.9095
-5.7969 15.9970 -0.8629 0.9341
-6.3859 15.8243 -0.8654 0.9339
-7.1159 15.9573 -0.8861 0.9324
-12.4739 16.9335 -1.0666 0.9192
-16.1679 18.9360 -1.2627 0.9051
-16.4537 17.9256 -1.2340 0.9071
-7.8251 7.3836 -0.5456 0.9578
-8.3947 7.3697 -0.5665 0.9562
-28.5692 20.0849 -1.7711 0.8695
-35.0218 21.0381 -2.0719 0.8491
-27.5505 11.5614 -1.5152 0.8872
-39.4993 13.3318 -2.1142 0.8462
-49.0751 -6.9784 -2.5138 0.8199
-45.9843 -8.2328 -2.3691 0.8294
-45.9466 -9.9403 -2.3841 0.8284
-35.2318 -10.3172 -1.8618 0.8633
-19.0143 -11.2999 -1.1217 0.9152
-39.7949 -25.6260 -2.4004 0.8273
-35.3985 -26.5722 -2.2447 0.8375
-35.2607 -28.5040 -2.2994 0.8339
-32.0266 -27.8486 -2.1523 0.8437
-29.7974 -32.1559 -2.2233 0.8390
-28.4042 -32.9499 -2.2062 0.8401
-28.9705 -36.1541 -2.3497 0.8306
-25.5989 -40.1298 -2.4140 0.8264
-22.6486 -41.8538 -2.4134 0.8265
-11.0550 -30.0618 -1.6244 0.8796
-4.7961 -16.6426 -0.8784 0.9330
-6.5198 -30.7740 -1.5953 0.8816
-3.0662 -30.2376 -1.5413 0.8854
-3.0729 -47.0978 -2.3936 0.8278
-1.3785 -47.1216 -2.3908 0.8279
0.3135 -47.0818 -2.3878 0.8281
2.0008 -46.9780 -2.3846 0.8283
5.3510 -46.5810 -2.3779 0.8288
8.6527 -45.9354 -2.3705 0.8293
9.9926 -23.5286 -1.2964 0.9027
19.1436 -37.3694 -2.1294 0.8452
23.1272 -38.1280 -2.2615 0.8364
25.1439 -38.2825 -2.3228 0.8324
26.4473 -37.2782 -2.3180 0.8327
15.4396 -20.1859 -1.2888 0.9032
30.1106 -34.0031 -2.3034 0.8337
29.4313 -30.9244 -2.1650 0.8428
26.9045 -26.3099 -1.9084 0.8601
33.3751 -30.3719 -2.2885 0.8347
35.3338 -27.7932 -2.2799 0.8352
33.4998 -24.4562 -2.1035 0.8469
28.0074 -18.9437 -1.7148 0.8733
30.1459 -18.8494 -1.8031 0.8673
43.8873 -19.3455 -2.4324 0.8252
45.2014 -16.1608 -2.4345 0.8251
46.7492 -11.2250 -2.4382 0.8248
47.1493 -9.5451 -2.4396 0.8248
47.4906 -7.8512 -2.4411 0.8247
47.7724 -6.1453 -2.4427 0.8246
45.0716 -4.1597 -2.2955 0.8342
45.2236 -2.5408 -2.2971 0.8341
34.4748 -0.6972 -1.7487 0.8710
45.3371 2.3411 -2.3023 0.8337
45.1260 5.5970 -2.3061 0.8335
36.8327 8.6675 -1.9190 0.8594
30.8952 9.6561 -1.6416 0.8784
11.3285 3.9924 -0.6091 0.9530
22.5901 10.8162 -1.2702 0.9046
19.8369 11.3146 -1.1582 0.9126
19.8209 12.2688 -1.1822 0.9109
26.3210 17.6297 -1.6066 0.8808
14.0996 12.7145 -0.9628 0.9268
19.4922 18.8894 -1.3765 0.8970
17.4277 18.1463 -1.2760 0.9041
11.4752 12.8408 -0.8734 0.9334
10.5814 12.7325 -0.8396 0.9358
9.9232 12.8525 -0.8235 0.9370
9.3595 13.0666 -0.8151 0.9377
8.8386 13.3250 -0.8109 0.9380
8.5222 13.9073 -0.8272 0.9368
10.9128 19.3337 -1.1259 0.9149
10.2243 19.7374 -1.1273 0.9148
9.6643 20.4192 -1.1457 0.9135
5.9543 13.8453 -0.7643 0.9414
4.7897 13.7880 -0.7402 0.9432
4.2706 13.8826 -0.7366 0.9435
3.3055 14.3353 -0.7461 0.9428
2.9884 15.4787 -0.7995 0.9388
3.4054 21.8210 -1.1200 0.9153
2.6240 21.9634 -1.1218 0.9152
1.8177 21.8491 -1.1119 0.9159
1.0094 21.4173 -1.0874 0.9177
-0.8998 14.8247 -0.7532 0.9423
-2.6185 15.4083 -0.7926 0.9393
-4.6498 22.4492 -1.1627 0.9123
-6.4530 22.7797 -1.2007 0.9095
-5.1141 15.8585 -0.8450 0.9354
-7.1201 15.9581 -0.8862 0.9324
-12.8048 23.9213 -1.3760 0.8970
-10.7166 16.9689 -1.0178 0.9228
-11.6575 17.0693 -1.0483 0.9205
-12.4800 16.9347 -1.0669 0.9192
-13.8572 17.4548 -1.1302 0.9146
-16.1693 18.9299 -1.2626 0.9051
-16.4619 17.9272 -1.2343 0.9071
-7.5827 7.6847 -0.5475 0.9577
-21.9209 19.2365 -1.4791 0.8898
-27.3941 20.7585 -1.7431 0.8714
-28.5706 20.0772 -1.7709 0.8695
-35.0449 21.0423 -2.0730 0.8490
-27.5306 11.5465 -1.5140 0.8873
-39.5008 13.3234 -2.1141 0.8462
-49.0437 -6.9841 -2.5123 0.8200
-45.5149 -11.5816 -2.3818 0.8285
-35.2335 -10.3254 -1.8620 0.8633
-44.0380 -16.4196 -2.3835 0.8284
-36.3402 -15.0565 -1.9949 0.8542
-25.4903 -11.6502 -1.4213 0.8938
-20.3074 -10.1779 -1.1520 0.9130
-19.0152 -11.3057 -1.1219 0.9152
-38.8795 -27.0708 -2.4026 0.8272
-35.2633 -28.5179 -2.3000 0.8339
-32.0157 -27.8506 -2.1520 0.8437
-28.3964 -32.9544 -2.2061 0.8401
-28.4019 -38.1922 -2.4138 0.8264
-27.0147 -39.1901 -2.4139 0.8264
-25.5908 -40.1351 -2.4140 0.8264
-24.1322 -41.0255 -2.4138 0.8264
-12.6453 -30.9305 -1.6946 0.8747
-9.7665 -29.8421 -1.5924 0.8818
-5.5346 -31.7348 -1.6337 0.8790
-3.0601 -30.2387 -1.5414 0.8854
-3.0633 -47.0980 -2.3936 0.8278
-1.3689 -47.1216 -2.3907 0.8279
0.3230 -47.0812 -2.3877 0.8281
2.0103 -46.9772 -2.3846 0.8283
3.6902 -46.8096 -2.3813 0.8286
5.3604 -46.5796 -2.3778 0.8288
8.6619 -45.9332 -2.3705 0.8293
8.8696 -33.5853 -1.7616 0.8701
12.2623 -35.7988 -1.9191 0.8594
13.9700 -36.4591 -1.9801 0.8552
9.9938 -23.5183 -1.2959 0.9027
17.1727 -36.6937 -2.0546 0.8502
19.1542 -37.3713 -2.1297 0.8452
23.1391 -38.1301 -2.2619 0.8364
25.1514 -38.2770 -2.3228 0.8324
26.4546 -37.2725 -2.3180 0.8327
20.6234 -25.0359 -1.6450 0.8782
26.9101 -26.3047 -1.9084 0.8601
33.3808 -30.3648 -2.2885 0.8347
32.8497 -27.7935 -2.1822 0.8417
35.3395 -27.7861 -2.2799 0.8352
30.1643 -18.8524 -1.8040 0.8672
42.3600 -22.4196 -2.4306 0.8253
45.2047 -16.1516 -2.4345 0.8251
46.2935 -12.8795 -2.4369 0.8249
47.4923 -7.8416 -2.4411 0.8247
45.0725 -4.1506 -2.2955 0.8342
45.2242 -2.5317 -2.2971 0.8341
34.6741 0.5510 -1.7587 0.8703
45.3369 2.3503 -2.3023 0.8337
45.1252 5.6062 -2.3061 0.8335
38.5614 7.6329 -1.9935 0.8543
32.1493 8.8016 -1.6904 0.8750
25.4152 11.0717 -1.4059 0.8949
26.3226 17.6385 -1.6069 0.8808
16.1879 11.7107 -1.0133 0.9231
15.2424 11.8830 -0.9802 0.9255
14.6278 12.2730 -0.9684 0.9264
11.4712 12.8416 -0.8732 0.9334
10.5776 12.7332 -0.8395 0.9359
10.9081 19.3345 -1.1258 0.9149
10.2197 19.7381 -1.1272 0.9148
9.6596 20.4201 -1.1456 0.9135
5.4133 13.9551 -0.7591 0.9418
3.7530 13.9769 -0.7339 0.9437
2.9954 15.5320 -0.8022 0.9386
3.4010 21.8218 -1.1200 0.9153
2.6196 21.9642 -1.1218 0.9152
1.8133 21.8499 -1.1119 0.9159
0.1638 14.9041 -0.7559 0.9421
-0.9028 14.8253 -0.7532 0.9422
-2.0433 15.3153 -0.7836 0.9400
-4.6547 22.4502 -1.1628 0.9123
-6.4583 22.7805 -1.2008 0.9095
-5.1179 15.8593 -0.8451 0.9354
-6.3939 15.8258 -0.8656 0.9339
-12.8116 23.9224 -1.3762 0.8970
-11.6634 17.0705 -1.0485 0.9205
-12.4861 16.9358 -1.0671 0.9192
-16.4701 17.9289 -1.2347 0.9071
-7.5841 7.6830 -0.5475 0.9577
-21.9218 19.2295 -1.4789 0.8898
-28.5720 20.0696 -1.7708 0.8695
-33.3490 21.6801 -2.0172 0.8527
-35.0680 21.0465 -2.0742 0.8489
-27.5107 11.5316 -1.5128 0.8874
-39.5024 13.3150 -2.1141 0.8462
-46.0001 -8.2548 -2.3701 0.8293
-45.9421 -9.9588 -2.3840 0.8284
-35.2352 -10.3337 -1.8622 0.8632
-32.7475 -10.8952 -1.7503 0.8709
-36.2508 -15.0281 -1.9901 0.8546
-25.4805 -11.6519 -1.4209 0.8939
-20.3003 -10.1795 -1.1517 0.9131
-19.1555 -10.4823 -1.1074 0.9163
-19.0162 -11.3115 -1.1221 0.9152
-35.2658 -28.5317 -2.3005 0.8339
-28.9709 -36.1846 -2.3508 0.8306
-28.3941 -38.1979 -2.4138 0.8264
-22.6316 -41.8629 -2.4134 0.8265
-16.3405 -33.0059 -1.8678 0.8629
-6.7294 -14.9165 -0.8299 0.9366
-12.6358 -30.9251 -1.6942 0.8748
-11.0402 -30.0593 -1.6240 0.8796
-4.7892 -16.6438 -0.8783 0.9330
-4.2675 -17.1213 -0.8949 0.9318
-5.5291 -31.7414 -1.6340 0.8789
-3.0540 -30.2397 -1.5414 0.8854
-3.0537 -47.0984 -2.3936 0.8278
0.3326 -47.0809 -2.3877 0.8281
2.0198 -46.9764 -2.3846 0.8283
5.3698 -46.5780 -2.3778 0.8288
8.6711 -45.9310 -2.3705 0.8293
5.4431 -17.9576 -0.9516 0.9276
12.2709 -35.8004 -1.9193 0.8594
17.1826 -36.6955 -2.0549 0.8502
23.1509 -38.1323 -2.2624 0.8364
25.1588 -38.2715 -2.3227 0.8324
15.4497 -20.1822 -1.2890 0.9032
20.6275 -25.0306 -1.6449 0.8782
33.3867 -30.3576 -2.2885 0.8347
32.8548 -27.7864 -2.1822 0.8417
30.1827 -18.8554 -1.8048 0.8672
43.1569 -20.8831 -2.4314 0.8253
43.8955 -19.3278 -2.4324 0.8252
46.2961 -12.8702 -2.4369 0.8249
46.7540 -11.2061 -2.4382 0.8248
47.1534 -9.5261 -2.4397 0.8248
47.4940 -7.8320 -2.4412 0.8247
47.7752 -6.1260 -2.4427 0.8246
45.2248 -2.5225 -2.2971 0.8341
34.4768 -0.6832 -1.7488 0.8710
34.6751 0.5580 -1.7587 0.8703
45.1242 5.6153 -2.3061 0.8335
44.7290 7.2051 -2.2976 0.8341
38.5401 7.6368 -1.9925 0.8544
36.8365 8.6841 -1.9193 0.8593
32.1340 8.8044 -1.6897 0.8751
30.8986 9.6709 -1.6420 0.8784
11.3242 3.9961 -0.6090 0.9530
11.2829 4.4431 -0.6150 0.9526
22.5737 10.8196 -1.2695 0.9046
20.7516 10.8790 -1.1883 0.9104
19.8225 12.2809 -1.1826 0.9108
26.3206 17.6449 -1.6070 0.8808
15.2373 11.8840 -0.9800 0.9255
14.1027 12.7276 -0.9634 0.9267
19.4790 18.8918 -1.3762 0.8970
17.4157 18.1485 -1.2756 0.9042
10.5738 12.7339 -0.8394 0.9359
9.9159 12.8538 -0.8233 0.9370
10.9034 19.3354 -1.1258 0.9149
10.2150 19.7389 -1.1271 0.9148
5.4103 13.9557 -0.7591 0.9418
4.2647 13.8837 -0.7366 0.9435
3.7501 13.9774 -0.7339 0.9437
3.2996 14.3362 -0.7461 0.9428
3.0025 15.5857 -0.8049 0.9384
3.3966 21.8226 -1.1200 0.9153
2.6151 21.9650 -1.1218 0.9152
4.7925 13.7872 -1.0702 0.9431
3.7587 13.9756 -1.0611 0.9436
3.3081 14.3335 -1.0786 0.9427
2.7866 14.4178 -1.0767 0.9428
3.4098 21.8198 -1.6193 0.9152
1.0137 21.4145 -1.5719 0.9176
-2.6149 15.4063 -1.1458 0.9392
-4.6316 22.3843 -1.6760 0.9124
-5.4598 22.3166 -1.6846 0.9120
-6.4296 22.7145 -1.7309 0.9097
-5.1113 15.8609 -1.2219 0.9353
-6.3857 15.8240 -1.2511 0.9339
-8.0292 16.3963 -1.3386 0.9294
-12.7635 23.8557 -1.9838 0.8972
-10.5160 18.0645 -1.5326 0.9196
-10.7160 16.9756 -1.4719 0.9226
-11.6502 17.0660 -1.5151 0.9205
-12.4736 16.9330 -1.5421 0.9191
-7.8161 7.3751 -0.7879 0.9578
-8.3905 7.3660 -0.8186 0.9562
-23.1216 18.8728 -2.1884 0.8872
-26.0371 19.7385 -2.3957 0.8772
-26.7254 18.7887 -2.3954 0.8772
-27.3782 17.8143 -2.3950 0.8772
-15.4519 7.1471 -1.2483 0.9340
-26.5476 10.0356 -2.0810 0.8924
-30.8916 10.4266 -2.3906 0.8774
-31.2347 9.3075 -2.3897 0.8775
-33.5817 8.7074 -2.5437 0.8701
-34.0913 6.2703 -2.5416 0.8702
-34.3278 -3.6298 -2.5310 0.8707
-34.1549 -4.8568 -2.5295 0.8708
-33.9377 -6.0760 -2.5279 0.8709
-33.6765 -7.2857 -2.5264 0.8709
-32.9439 -9.6472 -2.5170 0.8714
-30.6463 -10.1823 -2.3678 0.8785
-29.7960 -12.3380 -2.3646 0.8787
-21.3581 -9.7563 -1.7217 0.9101
-19.9674 -10.0025 -1.6375 0.9143
-18.7489 -10.2499 -1.5667 0.9179
-18.0066 -10.7011 -1.5358 0.9194
-24.3163 -21.1442 -2.3627 0.8788
-22.7539 -22.8517 -2.3645 0.8787
-18.3246 -26.5719 -2.3667 0.8786
-17.3592 -27.2130 -2.3667 0.8786
-10.4907 -19.3865 -1.6162 0.9154
-6.7349 -14.9128 -1.1998 0.9365
-12.2117 -29.8526 -2.3649 0.8787
-11.0553 -30.0628 -2.3486 0.8794
-9.7739 -29.8443 -2.3026 0.8817
-4.7927 -16.6307 -1.2690 0.9329
-4.5427 -21.4419 -1.6071 0.9158
-5.5326 -31.6854 -2.3584 0.8790
-4.3887 -31.8425 -2.3568 0.8790
-3.2405 -31.9569 -2.3552 0.8791
-2.0897 -32.0283 -2.3534 0.8792
-0.9378 -32.0569 -2.3515 0.8793
0.9188 -21.5737 -1.5833 0.9170
1.5944 -13.8792 -1.0243 0.9455
7.0156 -31.0683 -2.3354 0.8801
5.4335 -17.9522 -1.3753 0.9275
11.3358 -29.6025 -2.3242 0.8806
9.8512 -23.1958 -1.8478 0.9039
13.3960 -28.6389 -2.3182 0.8809
15.3749 -27.5300 -2.3120 0.8812
14.3419 -20.2153 -1.8174 0.9054
14.7893 -19.3357 -1.7849 0.9070
16.1387 -19.5997 -1.8616 0.9032
20.7933 -23.4813 -2.2997 0.8818
21.6225 -22.7194 -2.2997 0.8818
22.4244 -21.9289 -2.2997 0.8818
23.9423 -20.2654 -2.2999 0.8818
26.9831 -19.6988 -2.4496 0.8746
28.3356 -17.7175 -2.4503 0.8746
28.9589 -16.6921 -2.4508 0.8745
29.5459 -15.6452 -2.4513 0.8745
31.0813 -12.3880 -2.4533 0.8744
31.9107 -10.1326 -2.4549 0.8743
32.2656 -8.9838 -2.4558 0.8743
33.4221 -3.0846 -2.4610 0.8741
31.4858 -1.7690 -2.3123 0.8812
31.5642 0.4951 -2.3146 0.8811
31.5432 1.6288 -2.3159 0.8810
31.0580 6.1410 -2.3213 0.8808
30.5758 8.3641 -2.3243 0.8806
30.2755 9.4624 -2.3258 0.8805
11.2789 4.4362 -0.8887 0.9526
25.3537 11.0388 -2.0275 0.8950
22.5015 10.7738 -1.8292 0.9048
6.7186 3.5187 -0.5562 0.9700
19.7570 11.2690 -1.6677 0.9128
26.3220 17.6304 -2.3229 0.8807
15.2472 11.8818 -1.4173 0.9254
14.6311 12.2707 -1.4001 0.9263
19.4918 18.8889 -1.9902 0.8969
10.5811 12.7322 -1.2139 0.9358
9.9229 12.8522 -1.1905 0.9370
8.5240 13.9103 -1.1962 0.9367
10.1954 19.6816 -1.6252 0.9149
9.6452 20.3789 -1.6531 0.9135
5.4159 13.9532 -1.0974 0.9417
4.7896 13.7877 -1.0702 0.9431
3.7558 13.9761 -1.0611 0.9436
3.4053 21.8206 -1.6193 0.9152
2.6239 21.9630 -1.6218 0.9151
1.8177 21.8487 -1.6075 0.9158
1.0094 21.4154 -1.5720 0.9176
0.1668 14.9022 -1.0927 0.9420
-1.4450 14.9238 -1.0994 0.9416
-2.0398 15.3134 -1.1327 0.9399
-4.6366 22.3853 -1.6762 0.9124
-6.4348 22.7153 -1.7311 0.9097
-5.1136 15.8569 -1.2216 0.9354
-5.8003 15.9962 -1.2476 0.9340
-6.3897 15.8247 -1.2513 0.9338
-7.1199 15.9577 -1.2812 0.9323
-8.0337 16.3970 -1.3388 0.9294
-12.7703 23.8568 -1.9841 0.8972
-10.5174 18.0585 -1.5323 0.9196
-10.7168 16.9693 -1.4716 0.9227
-12.4797 16.9342 -1.5424 0.9191
-16.3956 17.8551 -1.7774 0.9074
-7.5739 7.6758 -0.7907 0.9577
-23.1340 18.8750 -2.1892 0.8871
-26.7292 18.7832 -2.3954 0.8772
-28.5776 15.7920 -2.3940 0.8773
-29.1192 14.7524 -2.3934 0.8773
-15.4525 7.1435 -1.2482 0.9340
-26.5483 10.0297 -2.0809 0.8924
-30.8936 10.4203 -2.3906 0.8774
-33.5833 8.7006 -2.5437 0.8701
-33.8603 7.4864 -2.5427 0.8702
-34.0925 6.2634 -2.5416 0.8702
-34.4222 3.7977 -2.5392 0.8703
-34.4555 -2.4036 -2.5325 0.8706
-33.9363 -6.0828 -2.5279 0.8709
-33.3699 -8.4912 -2.5247 0.8710
-32.9405 -9.6534 -2.5169 0.8714
-30.6442 -10.1885 -2.3678 0.8785
-30.2381 -11.2743 -2.3662 0.8786
-19.9520 -9.9998 -1.6364 0.9144
-18.7426 -10.2514 -1.5664 0.9179
-18.1434 -11.6887 -1.5825 0.9171
-26.4041 -18.3845 -2.3591 0.8789
-24.3121 -21.1492 -2.3627 0.8788
-23.5469 -22.0173 -2.3637 0.8787
-22.7494 -22.8565 -2.3645 0.8787
-16.8625 -18.2045 -1.8194 0.9053
-21.0622 -24.4430 -2.3658 0.8786
-20.1750 -25.1881 -2.3662 0.8786
-17.3537 -27.2166 -2.3667 0.8786
-10.4873 -19.3895 -1.6163 0.9154
-14.3227 -28.9155 -2.3660 0.8786
-12.2056 -29.8551 -2.3649 0.8787
-11.0479 -30.0615 -2.3483 0.8795
-4.7892 -16.6313 -1.2690 0.9329
-4.5380 -21.4416 -1.6070 0.9159
-5.5261 -31.6863 -2.3584 0.8790
-3.2340 -31.9574 -2.3552 0.8791
0.2198 -32.0423 -2.3495 0.8794
2.6498 -14.0515 -1.0484 0.9443
6.2936 -18.3737 -1.4240 0.9251
11.3417 -29.5999 -2.3242 0.8806
17.2677 -26.2791 -2.3056 0.8815
14.3431 -20.2084 -1.8170 0.9054
14.7964 -19.3370 -1.7853 0.9070
16.1465 -19.6011 -1.8620 0.9032
20.7980 -23.4771 -2.2997 0.8818
22.4288 -21.9243 -2.2997 0.8818
23.9465 -20.2606 -2.2999 0.8818
25.5279 -20.0716 -2.3810 0.8779
26.9871 -19.6934 -2.4496 0.8746
27.6806 -18.7146 -2.4499 0.8746
28.3392 -17.7117 -2.4503 0.8746
29.5490 -15.6392 -2.4513 0.8745
30.6105 -13.4857 -2.4526 0.8745
31.0838 -12.3817 -2.4533 0.8744
31.5182 -11.2614 -2.4541 0.8744
33.0856 -5.4628 -2.4588 0.8742
33.2753 -4.2736 -2.4599 0.8741
33.4229 -3.0778 -2.4610 0.8741
31.5642 0.5015 -2.3146 0.8811
15.4521 1.3586 -1.1374 0.9397
31.3801 3.8985 -2.3185 0.8809
31.2385 5.0255 -2.3199 0.8808
30.8354 7.2628 -2.3228 0.8807
30.2737 9.4687 -2.3258 0.8805
11.3116 3.9890 -0.8795 0.9530
11.2794 4.4391 -0.8888 0.9525
19.7498 11.2702 -1.6673 0.9128
16.1875 11.7104 -1.4649 0.9230
14.6260 12.2715 -1.3999 0.9263
14.1029 12.7226 -1.3926 0.9267
19.4851 18.8901 -1.9899 0.8969
17.4212 18.1470 -1.8445 0.9040
9.9193 12.8529 -1.1904 0.9370
9.3615 13.0749 -1.1791 0.9375
8.5264 13.9205 -1.1969 0.9366
9.6499 20.3996 -1.6547 0.9135
4.7866 13.7883 -1.0702 0.9431
4.2676 13.8828 -1.0649 0.9434
3.7529 13.9766 -1.0611 0.9436
3.3022 14.3345 -1.0786 0.9427
2.9988 15.5496 -1.1611 0.9385
3.4010 21.8214 -1.6193 0.9152
1.8133 21.8495 -1.6076 0.9158
1.0051 21.4163 -1.5720 0.9176
0.1638 14.9028 -1.0928 0.9420
-0.3741 15.0119 -1.1010 0.9416
-0.9028 14.8250 -1.0890 0.9422
-2.6216 15.4074 -1.1459 0.9392
-5.4698 22.3184 -1.6849 0.9120
-5.8042 15.9970 -1.2478 0.9340
-7.1241 15.9585 -1.2814 0.9323
-8.0382 16.3978 -1.3390 0.9294
-12.7771 23.8580 -1.9844 0.8971
-12.4858 16.9353 -1.5427 0.9191
-13.8620 17.4536 -1.6342 0.9145
-16.1249 18.8701 -1.8199 0.9052
-7.5753 7.6740 -0.7906 0.9577
-7.8188 7.3716 -0.7879 0.9578
-23.1463 18.8773 -2.1900 0.8871
-26.0451 19.7279 -2.3957 0.8772
-26.7329 18.7778 -2.3954 0.8772
-27.3854 17.8032 -2.3950 0.8772
-29.1221 14.7465 -2.3934 0.8773
-26.5490 10.0238 -2.0808 0.8924
-31.2383 9.2949 -2.3897 0.8775
-33.5850 8.6938 -2.5437 0.8701
-34.2808 5.0263 -2.5404 0.8703
-34.4229 3.7906 -2.5392 0.8703
-34.5714 1.3098 -2.5367 0.8704
-34.4549 -2.4105 -2.5325 0.8706
-34.3261 -3.6436 -2.5310 0.8707
-33.9350 -6.0897 -2.5279 0.8709
-32.9372 -9.6597 -2.5167 0.8714
-30.6420 -10.1947 -2.3678 0.8785
-18.7362 -10.2529 -1.5660 0.9179
-26.4004 -18.3899 -2.3591 0.8789
-23.2916 -17.4988 -2.1361 0.8897
-20.1699 -25.1922 -2.3662 0.8786
-18.3138 -26.5793 -2.3667 0.8786
-17.3481 -27.2200 -2.3667 0.8786
-14.3169 -28.9184 -2.3660 0.8786
-11.0406 -30.0603 -2.3480 0.8795
-9.7596 -29.8419 -2.3021 0.8817
-4.7858 -16.6319 -1.2690 0.9329
-4.5334 -21.4412 -1.6069 0.9159
-5.5197 -31.6874 -2.3584 0.8790
-3.2275 -31.9579 -2.3551 0.8791
0.2263 -32.0421 -2.3495 0.8794
1.0905 -13.7966 -1.0148 0.9460
1.6002 -13.8801 -1.0245 0.9455
2.6528 -14.0521 -1.0485 0.9443
8.1295 -30.7575 -2.3327 0.8802
6.3040 -18.3920 -1.4256 0.9250
11.3477 -29.5974 -2.3242 0.8806
13.4074 -28.6332 -2.3182 0.8809
14.7378 -24.2749 -2.0822 0.8923
17.2729 -26.2754 -2.3056 0.8815
14.3444 -20.2014 -1.8166 0.9054
16.1543 -19.6025 -1.8625 0.9031
20.8028 -23.4728 -2.2997 0.8818
21.6317 -22.7107 -2.2997 0.8818
22.4333 -21.9198 -2.2997 0.8818
23.2066 -21.1011 -2.2998 0.8818
23.9506 -20.2558 -2.2999 0.8818
25.5415 -20.0739 -2.3819 0.8778
27.6844 -18.7089 -2.4499 0.8746
28.3429 -17.7060 -2.4503 0.8746
29.5523 -15.6332 -2.4513 0.8745
31.0864 -12.3754 -2.4533 0.8744
31.5205 -11.2550 -2.4541 0.8744
32.2693 -8.9707 -2.4558 0.8743
32.8557 -6.6374 -2.4577 0.8742
33.0869 -5.4556 -2.4588 0.8742
33.2763 -4.2668 -2.4599 0.8741
33.4236 -3.0710 -2.4610 0.8740
31.5427 1.6416 -2.3159 0.8810
15.4524 1.3618 -1.1374 0.9397
31.2376 5.0318 -2.3199 0.8808
30.8340 7.2690 -2.3228 0.8807
30.5727 8.3766 -2.3243 0.8806
11.3095 3.9908 -0.8793 0.9530
11.2799 4.4419 -0.8889 0.9525
22.4850 10.7771 -1.8282 0.9048
19.7426 11.2714 -1.6669 0.9129
19.7609 12.2428 -1.7045 0.9110
26.3198 17.6444 -2.3233 0.8807
15.2369 11.8837 -1.4168 0.9254
14.6210 12.2724 -1.3996 0.9263
14.1044 12.7291 -1.3931 0.9266
17.4152 18.1481 -1.8442 0.9040
11.4661 12.8411 -1.2623 0.9333
9.9156 12.8535 -1.1903 0.9370
9.3629 13.0824 -1.1796 0.9375
8.5288 13.9308 -1.1977 0.9366
10.9032 19.3350 -1.6276 0.9148
5.4098 13.9545 -1.0974 0.9417
4.7837 13.7888 -1.0701 0.9431
3.3966 21.8222 -1.6193 0.9152
4.2733 13.8815 -1.3944 0.9433
3.4097 21.8193 -2.1202 0.9151
-0.3679 15.0093 -1.4414 0.9415
-2.0364 15.3114 -1.4829 0.9398
-2.6147 15.4048 -1.5001 0.9391
-5.4597 22.3161 -2.2057 0.9118
-4.8339 17.0771 -1.7039 0.9312
-5.7947 15.9909 -1.6329 0.9339
-6.3856 15.8236 -1.6382 0.9337
-7.1155 15.9566 -1.6773 0.9322
-7.9976 16.3318 -1.7458 0.9295
-11.7100 21.8868 -2.3831 0.9051
-10.4749 17.9938 -1.9989 0.9197
-10.6696 16.9022 -1.9190 0.9228
-11.6013 16.9944 -1.9755 0.9206
-12.4732 16.9326 -2.0191 0.9190
-13.7950 17.3837 -2.1306 0.9147
-16.1223 18.8826 -2.3837 0.9050
-20.3122 14.2800 -2.3838 0.9050
-15.4315 7.1376 -1.6323 0.9340
-22.8718 9.5980 -2.3813 0.9051
-23.1961 8.7687 -2.3807 0.9052
-25.5400 6.6223 -2.5330 0.8994
-25.7533 5.6995 -2.5323 0.8994
-26.0783 3.8344 -2.5306 0.8995
-26.3098 1.0075 -2.5277 0.8996
-26.2327 -1.8246 -2.5246 0.8997
-26.1387 -2.7639 -2.5234 0.8998
-26.0107 -3.6987 -2.5223 0.8998
-25.6540 -5.5501 -2.5199 0.8999
-25.1648 -7.3692 -2.5174 0.9000
-24.8713 -8.2635 -2.5161 0.9000
-24.5459 -9.1463 -2.5148 0.9001
-21.3801 -9.7664 -2.2566 0.9099
-18.7657 -10.2591 -2.0533 0.9176
-18.0802 -11.6428 -2.0646 0.9172
-20.1141 -13.9989 -2.3527 0.9062
-13.8519 -20.0862 -2.3425 0.9066
-13.1221 -20.5708 -2.3425 0.9066
-9.2330 -22.5711 -2.3412 0.9067
-4.2510 -17.0260 -1.6848 0.9319
-4.3661 -20.6084 -2.0224 0.9188
-4.1859 -23.9731 -2.3364 0.9068
-3.3210 -24.0959 -2.3352 0.9069
-1.5819 -24.2451 -2.3326 0.9070
-0.4283 -14.6397 -1.4061 0.9428
0.0932 -13.9915 -1.3433 0.9453
0.5866 -13.7727 -1.3234 0.9461
1.0525 -13.3858 -1.2891 0.9475
1.5768 -13.7266 -1.3265 0.9460
3.1482 -13.9418 -1.3722 0.9442
6.1577 -23.3359 -2.3170 0.9076
5.4337 -17.9528 -1.8008 0.9274
6.2154 -18.1575 -1.8425 0.9258
8.6175 -22.5039 -2.3135 0.9077
10.2059 -21.8190 -2.3126 0.9077
8.0594 -15.7324 -1.6970 0.9314
13.0497 -18.3940 -2.1651 0.9134
15.2998 -18.5810 -2.3108 0.9078
16.2846 -18.3898 -2.3582 0.9060
18.9561 -17.2504 -2.4606 0.9021
20.1473 -15.8477 -2.4609 0.9021
21.2366 -14.3641 -2.4614 0.9021
21.7413 -13.5942 -2.4617 0.9021
22.2185 -12.8069 -2.4621 0.9021
23.0883 -11.1837 -2.4629 0.9020
23.4796 -10.3498 -2.4634 0.9020
23.8413 -9.5023 -2.4640 0.9020
24.1729 -8.6425 -2.4646 0.9020
24.4738 -7.7712 -2.4652 0.9020
24.7439 -6.8895 -2.4659 0.9019
25.1896 -5.0995 -2.4674 0.9019
25.3647 -4.1933 -2.4682 0.9018
25.6961 -1.4437 -2.4708 0.9017
24.1737 -0.4888 -2.3213 0.9074
24.0354 2.9811 -2.3252 0.9073
23.9238 3.8438 -2.3263 0.9072
23.6086 5.5556 -2.3285 0.9071
23.4054 6.4026 -2.3296 0.9071
23.1720 7.2423 -2.3307 0.9071
11.2759 4.4351 -1.1633 0.9525
21.9423 10.5060 -2.3356 0.9069
19.7609 12.2317 -2.2312 0.9108
16.1926 11.7091 -1.9184 0.9228
15.2468 11.8815 -1.8557 0.9253
14.5713 12.2205 -1.8258 0.9264
14.0287 12.6505 -1.8135 0.9269
11.4293 12.7895 -1.6467 0.9334
10.5809 12.7319 -1.5893 0.9356
9.9227 12.8519 -1.5588 0.9368
9.3608 13.0683 -1.5433 0.9374
10.1945 19.6798 -2.1278 0.9148
5.9532 13.8428 -1.4467 0.9412
4.7895 13.7874 -1.4013 0.9430
3.7557 13.9758 -1.3894 0.9435
3.3049 14.3327 -1.4121 0.9426
2.9952 15.5138 -1.5169 0.9385
3.4053 21.8201 -2.1202 0.9151
1.0065 21.3551 -2.0525 0.9177
0.1668 14.9008 -1.4306 0.9419
-4.6361 22.3832 -2.1945 0.9122
-4.8355 17.0697 -1.7033 0.9312
-5.7978 15.9894 -1.6329 0.9339
-6.3896 15.8243 -1.6384 0.9337
-10.4762 17.9878 -1.9985 0.9198
-10.6705 16.8960 -1.9185 0.9228
-12.4793 16.9337 -2.0195 0.9189
-13.8016 17.3848 -2.1310 0.9147
-16.1237 18.8765 -2.3834 0.9051
-16.3932 17.8524 -2.3269 0.9072
-7.8084 7.3648 -1.0305 0.9578
-18.6671 16.3811 -2.3843 0.9050
-19.2419 15.6995 -2.3842 0.9050
-19.7915 14.9974 -2.3840 0.9050
-20.3151 14.2759 -2.3838 0.9050
-20.8119 13.5358 -2.3835 0.9051
-21.2814 12.7782 -2.3831 0.9051
-21.7229 12.0041 -2.3827 0.9051
-22.1358 11.2145 -2.3823 0.9051
-15.4314 7.1338 -1.6321 0.9340
-23.1979 8.7640 -2.3807 0.9052
-23.4915 7.9236 -2.3801 0.9052
-25.5413 6.6171 -2.5330 0.8994
-25.7544 5.6942 -2.5323 0.8994
-25.9337 4.7645 -2.5314 0.8995
-26.0791 3.8291 -2.5306 0.8995
-26.2673 1.9467 -2.5287 0.8996
-26.3100 1.0021 -2.5277 0.8996
-26.2323 -1.8299 -2.5245 0.8997
-26.1381 -2.7692 -2.5234 0.8998
-26.0099 -3.7040 -2.5223 0.8998
-24.8696 -8.2686 -2.5161 0.9000
-24.5440 -9.1513 -2.5148 0.9001
-19.9395 -9.9935 -2.1413 0.9143
-17.9554 -10.6755 -2.0055 0.9195
-18.0820 -11.6492 -2.0650 0.9172
-20.1112 -14.0029 -2.3527 0.9062
-19.5846 -14.7076 -2.3514 0.9063
-19.0333 -15.3925 -2.3501 0.9063
-18.4581 -16.0568 -2.3487 0.9064
-16.5968 -17.9177 -2.3448 0.9065
-15.9339 -18.4915 -2.3434 0.9066
-15.2511 -19.0407 -2.3421 0.9066
-14.5592 -19.5778 -2.3423 0.9066
-13.8478 -20.0890 -2.3425 0.9066
-13.1179 -20.5734 -2.3425 0.9066
-12.3707 -21.0305 -2.3424 0.9066
-11.6070 -21.4596 -2.3423 0.9066
-10.8280 -21.8601 -2.3420 0.9066
-6.7312 -14.9126 -1.5708 0.9364
-4.3629 -20.6141 -2.0229 0.9188
-2.4477 -24.1870 -2.3339 0.9069
0.5892 -13.7687 -1.3231 0.9461
2.0922 -13.7982 -1.3398 0.9455
3.1513 -13.9423 -1.3723 0.9442
6.2189 -18.1555 -1.8424 0.9258
8.6221 -22.5021 -2.3135 0.9077
9.4224 -22.1735 -2.3130 0.9077
10.2103 -21.8169 -2.3126 0.9077
8.0633 -15.7321 -1.6972 0.9314
8.6862 -15.5460 -1.7097 0.9309
13.2205 -20.1198 -2.3113 0.9078
13.0551 -18.3936 -2.1655 0.9133
15.3036 -18.5779 -2.3108 0.9078
16.2924 -18.3911 -2.3588 0.9060
17.6305 -18.5175 -2.4547 0.9024
18.9596 -17.2465 -2.4606 0.9021
19.5674 -16.5556 -2.4607 0.9021
20.7081 -15.1114 -2.4611 0.9021
21.2395 -14.3598 -2.4614 0.9021
22.2211 -12.8024 -2.4621 0.9021
22.6702 -11.9985 -2.4625 0.9021
23.4817 -10.3450 -2.4634 0.9020
23.8432 -9.4975 -2.4640 0.9020
24.1746 -8.6376 -2.4646 0.9020
25.1907 -5.0944 -2.4674 0.9019
25.6187 -2.3591 -2.4699 0.9018
24.1661 1.2528 -2.3232 0.9073
24.0349 2.9860 -2.3252 0.9073
23.7806 4.7071 -2.3273 0.9072
23.6076 5.5604 -2.3285 0.9071
23.1706 7.2470 -2.3308 0.9071
11.2764 4.4379 -1.1634 0.9525
22.2916 9.7110 -2.3344 0.9069
6.7207 3.5216 -0.7285 0.9700
19.7470 11.2686 -2.1828 0.9127
16.1870 11.7101 -1.9180 0.9229
14.0301 12.6570 -1.8141 0.9269
11.4253 12.7902 -1.6465 0.9334
10.5771 12.7326 -1.5891 0.9356
9.3621 13.0758 -1.5439 0.9374
8.8333 13.3230 -1.5347 0.9378
8.5283 13.9236 -1.5676 0.9365
10.9076 19.3337 -2.1312 0.9147
9.6529 20.4059 -2.1672 0.9133
5.9502 13.8434 -1.4466 0.9412
4.2675 13.8826 -1.3943 0.9433
3.0022 15.5673 -1.5221 0.9383
3.4009 21.8209 -2.1202 0.9151
2.6195 21.9633 -2.1235 0.9150
1.8133 21.8490 -2.1048 0.9157
0.1638 14.9015 -1.4307 0.9419
-0.3741 15.0106 -1.4415 0.9414
-0.9028 14.8247 -1.4259 0.9421
-1.4481 14.9240 -1.4395 0.9415
-4.6410 22.3842 -2.1947 0.9122
-5.4697 22.3180 -2.2060 0.9118
-4.8372 17.0624 -1.7026 0.9312
-5.1168 15.8561 -1.5996 0.9352
-5.8010 15.9880 -1.6328 0.9339
-6.3936 15.8251 -1.6386 0.9337
-7.1240 15.9581 -1.6778 0.9322
-11.7189 21.8821 -2.3831 0.9051
-10.4776 17.9818 -1.9980 0.9198
-10.6713 16.8897 -1.9180 0.9229
-11.6131 16.9968 -1.9763 0.9206
-13.8082 17.3859 -2.1315 0.9146
-7.8097 7.3631 -1.0305 0.9578
-18.6704 16.3774 -2.3843 0.9050
-19.2451 15.6956 -2.3842 0.9050
-20.8146 13.5315 -2.3835 0.9051
-21.7253 11.9997 -2.3827 0.9051
-22.1380 11.2100 -2.3823 0.9051
-15.4316 7.1301 -1.6320 0.9340
-23.4931 7.9187 -2.3801 0.9052
-25.2962 7.5268 -2.5338 0.8994
-25.7555 5.6890 -2.5323 0.8994
-26.0798 3.8238 -2.5306 0.8995
-26.1908 2.8841 -2.5296 0.8995
-26.3101 0.9968 -2.5277 0.8996
-26.3183 0.0516 -2.5267 0.8996
-26.2922 -0.8928 -2.5256 0.8997
-25.8471 -4.6383 -2.5211 0.8999
-25.4230 -6.4746 -2.5186 0.8999
-24.1848 -10.0260 -2.5135 0.9001
-18.7259 -10.2473 -2.0494 0.9178
-17.9538 -10.6795 -2.0055 0.9195
-18.0838 -11.6555 -2.0655 0.9172
-20.1083 -14.0069 -2.3527 0.9062
-19.5816 -14.7115 -2.3514 0.9063
-18.4547 -16.0605 -2.3487 0.9064
-16.5931 -17.9210 -2.3447 0.9065
-14.5552 -19.5808 -2.3423 0.9066
-13.1137 -20.5761 -2.3425 0.9066
-11.6026 -21.4619 -2.3423 0.9066
-10.8235 -21.8622 -2.3420 0.9066
-6.7281 -14.9138 -1.5708 0.9364
-8.4055 -22.8857 -2.3406 0.9067
-7.5764 -23.1661 -2.3400 0.9067
-4.7823 -16.6200 -1.6603 0.9329
-4.2466 -17.0378 -1.6858 0.9319
-4.3597 -20.6198 -2.0234 0.9188
-3.3112 -24.0971 -2.3352 0.9069
-0.4220 -14.6266 -1.4048 0.9429
0.5918 -13.7646 -1.3227 0.9461
1.0576 -13.3810 -1.2887 0.9475
1.5826 -13.7274 -1.3266 0.9460
2.0951 -13.7985 -1.3399 0.9455
2.6182 -13.8685 -1.3550 0.9449
3.1544 -13.9427 -1.3724 0.9442
6.1672 -23.3332 -2.3170 0.9076
8.6266 -22.5004 -2.3135 0.9077
8.0678 -15.7330 -1.6975 0.9314
8.6914 -15.5478 -1.7101 0.9309
13.0606 -18.3934 -2.1657 0.9133
18.9631 -17.2427 -2.4606 0.9021
22.2238 -12.7979 -2.4621 0.9021
22.6726 -11.9939 -2.4625 0.9021
23.4839 -10.3403 -2.4634 0.9020
24.1764 -8.6327 -2.4646 0.9020
25.3665 -4.1831 -2.4682 0.9018
25.5090 -3.2709 -2.4690 0.9018
25.6192 -2.3540 -2.4699 0.9018
25.6968 -1.4333 -2.4709 0.9017
24.1741 -0.4790 -2.3213 0.9074
23.9224 3.8535 -2.3263 0.9072
23.6065 5.5652 -2.3285 0.9071
23.1692 7.2517 -2.3308 0.9071
11.2770 4.4408 -1.1636 0.9525
21.9382 10.5150 -2.3356 0.9069
20.7502 10.8783 -2.2493 0.9101
19.7398 11.2698 -2.1822 0.9127
20.2515 13.5763 -2.3407 0.9067
15.2365 11.8833 -1.8551 0.9253
14.5612 12.2222 -1.8251 0.9265
17.5509 17.0219 -2.3473 0.9064
10.5733 12.7333 -1.5890 0.9357
9.3635 13.0833 -1.5446 0.9374
8.8298 13.3235 -1.5345 0.9378
10.9029 19.3345 -2.1310 0.9147
5.4093 13.9532 -1.4367 0.9416
4.7836 13.7885 -1.4012 0.9430
4.2646 13.8831 -1.3943 0.9433
3.2990 14.3337 -1.4121 0.9426
3.0094 15.6213 -1.5273 0.9381
4.7923 13.7866 -1.7338 0.9429
4.2732 13.8812 -1.7253 0.9432
3.7585 13.9750 -1.7190 0.9434
3.2947 14.2751 -1.7403 0.9427
2.7756 14.3610 -1.7375 0.9428
2.3670 19.7780 -2.3661 0.9229
1.6561 19.8571 -2.3669 0.9229
0.1691 14.8414 -1.7631 0.9420
-4.0470 19.5591 -2.3726 0.9227
-4.7477 19.4058 -2.3731 0.9227
-6.3854 15.8232 -2.0269 0.9336
-7.1154 15.9562 -2.0753 0.9320
-7.9967 16.3300 -2.1599 0.9294
-9.4364 17.6373 -2.3761 0.9226
-11.8680 16.1110 -2.3769 0.9226
-13.5326 14.7432 -2.3772 0.9226
-7.5549 7.6596 -1.2780 0.9576
-15.9452 12.0879 -2.3768 0.9226
-16.3675 11.5068 -2.3766 0.9226
-16.7684 10.9108 -2.3764 0.9226
-17.5037 9.6772 -2.3758 0.9226
-15.4312 7.1375 -2.0196 0.9338
-20.7616 4.5947 -2.5259 0.9179
-20.9076 3.8455 -2.5252 0.9179
-21.1177 2.3342 -2.5238 0.9180
-21.2262 0.0503 -2.5214 0.9181
-21.0866 -2.2297 -2.5187 0.9181
-20.8567 -3.7340 -2.5169 0.9182
-20.3102 -5.9476 -2.5139 0.9183
-20.0754 -6.6701 -2.5129 0.9183
-19.8147 -7.3834 -2.5118 0.9183
-19.2175 -8.7785 -2.5097 0.9184
-18.8818 -9.4586 -2.5086 0.9185
-18.5219 -10.1258 -2.5075 0.9185
-17.2948 -12.0367 -2.5030 0.9186
-16.6925 -12.5304 -2.4793 0.9194
-14.4368 -13.4935 -2.3473 0.9235
-13.9368 -13.9967 -2.3463 0.9235
-13.4193 -14.4814 -2.3452 0.9236
-12.3345 -15.3929 -2.3431 0.9236
-11.7686 -15.8186 -2.3420 0.9237
-11.1882 -16.2236 -2.3410 0.9237
-6.7815 -18.4410 -2.3340 0.9239
-4.5815 -15.8978 -1.9653 0.9355
-3.9949 -16.0002 -1.9589 0.9357
-3.4114 -16.1022 -1.9552 0.9358
-3.3731 -19.3181 -2.3294 0.9240
-2.6765 -19.4198 -2.3286 0.9241
-1.9770 -19.4966 -2.3278 0.9241
-1.2754 -19.5483 -2.3270 0.9241
2.5829 -13.7124 -1.6575 0.9453
3.1150 -13.7948 -1.6799 0.9446
5.6596 -18.6992 -2.3207 0.9243
7.4878 -16.0079 -2.0993 0.9313
8.0826 -15.7776 -2.1058 0.9311
8.6672 -15.5193 -2.1115 0.9309
9.2906 -15.3167 -2.1280 0.9304
11.3839 -17.3324 -2.4632 0.9199
12.0230 -16.9467 -2.4682 0.9197
13.2066 -16.0388 -2.4679 0.9197
14.8539 -14.5257 -2.4679 0.9197
16.3314 -12.8461 -2.4682 0.9197
16.7832 -12.2525 -2.4683 0.9197
18.0087 -10.3803 -2.4691 0.9197
19.0289 -8.3879 -2.4702 0.9196
20.0497 -5.5825 -2.4722 0.9196
20.2419 -4.8603 -2.4728 0.9196
20.4085 -4.1316 -2.4734 0.9195
20.6635 -2.6581 -2.4748 0.9195
20.7517 -1.9152 -2.4755 0.9195
19.2515 3.8066 -2.3311 0.9240
18.9436 5.1821 -2.3329 0.9239
18.7529 5.8611 -2.3338 0.9239
11.2730 4.4339 -1.4389 0.9524
18.0366 7.8530 -2.3368 0.9238
6.7152 3.5170 -0.9004 0.9699
15.9832 11.5577 -2.3429 0.9236
15.2464 11.8811 -2.2960 0.9251
14.5695 12.2191 -2.2587 0.9263
14.1901 13.7513 -2.3472 0.9235
11.4281 12.7881 -2.0372 0.9332
9.9225 12.8516 -1.9287 0.9367
8.4321 13.7602 -1.9170 0.9371
9.7480 17.2701 -2.3557 0.9232
9.1257 17.6166 -2.3567 0.9232
8.4911 17.9406 -2.3577 0.9232
4.2703 13.8818 -1.7252 0.9432
3.7556 13.9755 -1.7190 0.9434
3.2917 14.2755 -1.7402 0.9427
0.7499 15.9100 -1.8920 0.9379
0.1661 14.8420 -1.7631 0.9420
-0.3695 14.9485 -1.7762 0.9415
-1.4449 14.9231 -1.7810 0.9414
-4.7516 19.4048 -2.3731 0.9227
-4.8356 17.0701 -2.1075 0.9310
-5.0931 15.7935 -1.9712 0.9353
-5.7760 15.9292 -2.0127 0.9340
-7.1196 15.9569 -2.0756 0.9320
-10.0682 17.2872 -2.3764 0.9226
-10.6707 16.8963 -2.3738 0.9227
-12.4425 15.6728 -2.3771 0.9226
-12.9976 15.2166 -2.3771 0.9226
-13.5356 14.7405 -2.3772 0.9226
-7.7993 7.3562 -1.2735 0.9577
-15.0412 13.1993 -2.3771 0.9226
-15.9476 12.0847 -2.3768 0.9226
-17.1494 10.2971 -2.3761 0.9226
-13.0676 6.6203 -1.7401 0.9427
-20.3895 6.0713 -2.5271 0.9179
-20.5894 5.3342 -2.5265 0.9179
-20.7625 4.5905 -2.5259 0.9179
-20.9084 3.8412 -2.5252 0.9179
-21.2178 0.8081 -2.5222 0.9180
-21.1602 -1.4761 -2.5196 0.9181
-21.0861 -2.2339 -2.5187 0.9181
-20.9845 -2.9883 -2.5178 0.9182
-20.8558 -3.7383 -2.5169 0.9182
-20.7002 -4.4828 -2.5159 0.9182
-20.5178 -5.2209 -2.5149 0.9183
-20.3090 -5.9517 -2.5139 0.9183
-19.5269 -8.0904 -2.5107 0.9184
-18.8798 -9.4624 -2.5086 0.9185
-18.5198 -10.1296 -2.5075 0.9185
-18.1362 -10.7831 -2.5063 0.9185
-16.6868 -12.5314 -2.4789 0.9194
-15.7185 -12.7117 -2.4013 0.9218
-14.9160 -12.9755 -2.3484 0.9235
-14.4341 -13.4964 -2.3473 0.9235
-13.9339 -13.9995 -2.3463 0.9235
-11.7654 -15.8210 -2.3420 0.9237
-9.9831 -16.9715 -2.3389 0.9238
-9.3633 -17.3115 -2.3379 0.9238
-6.6972 -14.8371 -1.9337 0.9365
-6.7778 -18.4423 -2.3339 0.9239
-4.5782 -15.8984 -1.9652 0.9355
-3.9916 -16.0008 -1.9589 0.9357
-3.3692 -19.3188 -2.3294 0.9240
-2.6726 -19.4203 -2.3286 0.9241
-0.3882 -13.3635 -1.5881 0.9476
1.5561 -13.5223 -1.6169 0.9466
2.5859 -13.7129 -1.6576 0.9453
5.6634 -18.6980 -2.3207 0.9243
6.2700 -18.3048 -2.2984 0.9250
6.9877 -18.2366 -2.3198 0.9243
7.6365 -17.9709 -2.3194 0.9244
7.4893 -16.0028 -2.0988 0.9313
8.6706 -15.5181 -2.1116 0.9309
11.3876 -17.3304 -2.4633 0.9199
12.6262 -16.5007 -2.4680 0.9197
13.2098 -16.0361 -2.4679 0.9197
14.3259 -15.0465 -2.4679 0.9197
15.3690 -13.9803 -2.4679 0.9197
16.7857 -12.2491 -2.4683 0.9197
17.2161 -11.6396 -2.4686 0.9197
17.6247 -11.0152 -2.4688 0.9197
18.3742 -9.7248 -2.4694 0.9197
18.7142 -9.0603 -2.4698 0.9197
19.0306 -8.3841 -2.4702 0.9196
19.3228 -7.6969 -2.4707 0.9196
19.5904 -6.9996 -2.4711 0.9196
19.8332 -6.2932 -2.4717 0.9196
20.0508 -5.5784 -2.4722 0.9196
20.4094 -4.1275 -2.4734 0.9195
20.5498 -3.3931 -2.4741 0.9195
20.6641 -2.6539 -2.4748 0.9195
20.7521 -1.9110 -2.4755 0.9195
20.8136 -1.1651 -2.4762 0.9195
20.8441 -0.4173 -2.4765 0.9195
19.5695 1.0145 -2.3277 0.9241
15.3028 1.3455 -1.8248 0.9400
19.4601 2.4177 -2.3294 0.9240
19.3679 3.1158 -2.3302 0.9240
19.2508 3.8105 -2.3311 0.9240
18.7518 5.8650 -2.3339 0.9239
11.2821 3.9786 -1.4210 0.9530
18.0351 7.8567 -2.3368 0.9238
17.7491 8.5027 -2.3378 0.9238
6.7190 3.5207 -0.9012 0.9699
16.3782 10.9747 -2.3419 0.9237
15.9809 11.5609 -2.3430 0.9236
15.2412 11.8821 -2.2956 0.9251
14.5645 12.2199 -2.2583 0.9263
14.0318 12.6585 -2.2448 0.9267
13.6908 14.2611 -2.3483 0.9235
11.4242 12.7889 -2.0370 0.9333
9.1222 17.6185 -2.3567 0.9232
8.4875 17.9423 -2.3577 0.9232
4.7864 13.7877 -1.7337 0.9429
4.2674 13.8823 -1.7252 0.9432
2.7698 14.3620 -1.7374 0.9428
3.0663 19.6745 -2.3653 0.9229
2.3589 19.7790 -2.3661 0.9229
1.6480 19.8579 -2.3669 0.9229
0.1631 14.8426 -1.7632 0.9420
-0.8721 14.3214 -1.7043 0.9438
-4.0550 19.5575 -2.3726 0.9227
-4.7556 19.4039 -2.3731 0.9227
-4.8373 17.0628 -2.1067 0.9311
-5.0969 15.7943 -1.9714 0.9353
-5.7799 15.9300 -2.0130 0.9340
-6.3935 15.8247 -2.0274 0.9336
-8.0057 16.3315 -2.1605 0.9294
-9.4436 17.6335 -2.3761 0.9226
-10.0717 17.2851 -2.3764 0.9226
-10.6716 16.8901 -2.3732 0.9227
-11.2880 16.5210 -2.3768 0.9226
-11.8745 16.1062 -2.3769 0.9226
-13.0006 15.2140 -2.3771 0.9226
-16.3722 11.5002 -2.3766 0.9226
-17.1515 10.2936 -2.3761 0.9226
-17.5076 9.6701 -2.3758 0.9226
-18.4368 7.7281 -2.3747 0.9226
-20.1629 6.7963 -2.5275 0.9179
-20.3907 6.0672 -2.5271 0.9179
-20.5905 5.3300 -2.5265 0.9179
-20.7634 4.5863 -2.5258 0.9179
-21.0276 3.0831 -2.5245 0.9180
-21.2068 -0.7201 -2.5205 0.9181
-21.1599 -1.4804 -2.5196 0.9181
-21.0855 -2.2382 -2.5187 0.9181
-20.9839 -2.9926 -2.5178 0.9182
-20.8550 -3.7425 -2.5169 0.9182
-20.5167 -5.2250 -2.5149 0.9183
-20.0726 -6.6782 -2.5128 0.9183
-19.2138 -8.7862 -2.5096 0.9184
-18.5177 -10.1333 -2.5075 0.9185
-18.1340 -10.7867 -2.5063 0.9185
-17.2892 -12.0432 -2.5028 0.9186
-16.6812 -12.5325 -2.4784 0.9194
-15.7132 -12.7127 -2.4009 0.9218
-14.9134 -12.9785 -2.3484 0.9235
-14.4313 -13.4993 -2.3473 0.9235
-13.9310 -14.0023 -2.3462 0.9235
-13.4133 -14.4868 -2.3452 0.9236
-11.7622 -15.8233 -2.3420 0.9237
-11.1816 -16.2281 -2.3410 0.9237
-10.5871 -16.6117 -2.3399 0.9237
-9.9796 -16.9736 -2.3389 0.9238
-9.3598 -17.3133 -2.3379 0.9238
-6.6938 -14.8377 -1.9336 0.9365
-3.9883 -16.0014 -1.9589 0.9357
-3.4048 -16.1033 -1.9551 0.9358
-3.3653 -19.3194 -2.3294 0.9240
-2.6686 -19.4208 -2.3286 0.9241
-1.2675 -19.5488 -2.3270 0.9241
-0.3855 -13.3614 -1.5878 0.9476
2.0670 -13.6133 -1.6356 0.9460
2.5889 -13.7135 -1.6577 0.9453
3.1212 -13.7961 -1.6802 0.9446
6.2736 -18.3032 -2.2983 0.9250
6.9914 -18.2351 -2.3198 0.9243
8.0902 -15.7768 -2.1061 0.9311
8.6741 -15.5168 -2.1116 0.9309
9.2976 -15.3142 -2.1281 0.9304
11.3913 -17.3284 -2.4633 0.9199
13.2131 -16.0335 -2.4679 0.9197
13.7798 -15.5484 -2.4679 0.9197
14.3289 -15.0436 -2.4679 0.9197
15.3718 -13.9772 -2.4679 0.9197
16.3366 -12.8395 -2.4682 0.9197
17.6269 -11.0117 -2.4688 0.9197
18.0130 -10.3730 -2.4691 0.9197
19.3243 -7.6930 -2.4707 0.9196
19.5919 -6.9957 -2.4711 0.9196
19.8345 -6.2892 -2.4717 0.9196
20.2440 -4.8521 -2.4728 0.9196
20.4102 -4.1233 -2.4734 0.9195
20.6647 -2.6497 -2.4748 0.9195
20.8139 -1.1609 -2.4762 0.9195
19.5867 0.3152 -2.3269 0.9241
19.5694 1.0185 -2.3277 0.9241
15.3009 1.3485 -1.8246 0.9400
19.4596 2.4216 -2.3294 0.9240
19.2501 3.8144 -2.3311 0.9240
19.1081 4.5047 -2.3320 0.9240
18.9416 5.1898 -2.3329 0.9239
11.2799 3.9804 -1.4209 0.9530
17.7474 8.5063 -2.3378 0.9238
17.4382 9.1419 -2.3388 0.9238
16.7521 10.3787 -2.3409 0.9237
16.3760 10.9780 -2.3419 0.9237
15.9786 11.5642 -2.3430 0.9236
14.1846 13.7571 -2.3472 0.9235
11.4202 12.7897 -2.0368 0.9333
10.5731 12.7330 -1.9660 0.9355
9.9152 12.8529 -1.9282 0.9367
8.7945 13.2703 -1.8911 0.9379
9.7411 17.2741 -2.3557 0.9232
9.1186 17.6204 -2.3567 0.9232
5.9240 13.7903 -1.7828 0.9413
5.3876 13.8971 -1.7705 0.9417
4.7835 13.7882 -1.7336 0.9429
4.2645 13.8828 -1.7251 0.9432
3.2858 14.2765 -1.7402 0.9427
2.7669 14.3625 -1.7374 0.9428
3.0624 19.6752 -2.3653 0.9229
2.3549 19.7795 -2.3661 0.9229
4.7922 13.7863 -2.0680 0.9427
4.2732 13.8809 -2.0579 0.9430
3.7585 13.9747 -2.0504 0.9432
2.7754 14.3597 -2.0723 0.9426
1.3865 16.6245 -2.3637 0.9348
0.7540 15.9290 -2.2595 0.9376
-0.3664 14.9465 -2.1184 0.9414
-3.3869 16.3686 -2.3684 0.9347
-3.9731 16.2397 -2.3689 0.9347
-4.5543 16.0896 -2.3693 0.9347
-5.6989 15.7267 -2.3701 0.9347
-6.2608 15.5137 -2.3705 0.9346
-7.8953 14.7568 -2.3713 0.9346
-9.9291 13.4789 -2.3721 0.9346
-8.3102 9.0536 -1.7413 0.9516
-12.5815 11.0453 -2.3722 0.9346
-12.9694 10.5862 -2.3721 0.9346
-13.3403 10.1132 -2.3719 0.9346
-14.0295 9.1286 -2.3716 0.9346
-12.9904 6.5846 -2.0635 0.9429
-15.1846 7.0234 -2.3705 0.9346
-16.8715 5.6945 -2.5230 0.9306
-17.0619 5.0842 -2.5225 0.9306
-17.2300 4.4676 -2.5220 0.9306
-17.6760 1.9537 -2.5198 0.9307
-17.7615 0.6801 -2.5185 0.9307
-17.7696 0.0421 -2.5178 0.9307
-17.6557 -1.8669 -2.5156 0.9308
-17.4653 -3.1269 -2.5140 0.9308
-17.0110 -4.9815 -2.5115 0.9309
-16.3597 -6.7743 -2.5089 0.9310
-15.8200 -7.9249 -2.5070 0.9310
-15.5196 -8.4845 -2.5061 0.9310
-14.8598 -9.5690 -2.5043 0.9311
-14.5012 -10.0925 -2.5033 0.9311
-14.1242 -10.6025 -2.5024 0.9311
-13.3170 -11.5797 -2.5005 0.9312
-12.4423 -12.4958 -2.4985 0.9312
-11.9772 -12.9252 -2.4968 0.9313
-11.4776 -13.3145 -2.4907 0.9314
-8.8858 -13.9297 -2.3411 0.9354
-8.3769 -14.2345 -2.3402 0.9355
-7.3287 -14.7881 -2.3385 0.9355
-5.6904 -15.4740 -2.3361 0.9356
-5.1296 -15.6630 -2.3353 0.9356
-4.5559 -15.8092 -2.3311 0.9357
-3.9727 -15.9110 -2.3236 0.9359
-3.3924 -16.0124 -2.3191 0.9360
-2.8313 -16.2151 -2.3323 0.9357
-2.2467 -16.3014 -2.3316 0.9357
-1.0707 -16.4111 -2.3302 0.9357
-0.3864 -13.2093 -1.8724 0.9480
1.0566 -13.4381 -1.9099 0.9470
2.5831 -13.7133 -1.9772 0.9452
3.1172 -13.8042 -2.0052 0.9444
5.6227 -16.4259 -2.4600 0.9323
6.2377 -16.2892 -2.4714 0.9320
6.8270 -16.0750 -2.4746 0.9319
7.3987 -15.8175 -2.4742 0.9319
7.9608 -15.5400 -2.4740 0.9319
10.0998 -14.2359 -2.4731 0.9319
11.0942 -13.4735 -2.4729 0.9319
12.0320 -12.6424 -2.4729 0.9319
14.0984 -10.2924 -2.4733 0.9319
14.4599 -9.7804 -2.4735 0.9319
15.1271 -8.7194 -2.4739 0.9319
15.4322 -8.1717 -2.4742 0.9319
15.9829 -7.0452 -2.4749 0.9319
16.2280 -6.4679 -2.4752 0.9319
16.6559 -5.2887 -2.4761 0.9318
16.9990 -4.0816 -2.4770 0.9318
17.2555 -2.8527 -2.4781 0.9318
17.3508 -2.2320 -2.4787 0.9318
17.4749 -0.9818 -2.4799 0.9317
17.5035 -0.3540 -2.4806 0.9317
17.4966 0.2745 -2.4794 0.9317
15.3050 1.3425 -2.1769 0.9398
16.3347 2.0260 -2.3322 0.9357
12.2932 2.8928 -1.7894 0.9503
15.8969 4.3487 -2.3352 0.9356
11.2694 3.9716 -1.6930 0.9529
11.2700 4.4327 -1.7159 0.9523
15.1318 6.5883 -2.3384 0.9355
6.7135 3.5161 -1.0739 0.9698
14.3515 8.1858 -2.3410 0.9354
14.0536 8.6990 -2.3418 0.9354
13.7374 9.2013 -2.3427 0.9354
13.4033 9.6921 -2.3436 0.9354
12.6830 10.6369 -2.3454 0.9353
11.0469 12.3616 -2.3490 0.9352
10.5804 12.7314 -2.3455 0.9353
8.8006 13.2678 -2.2559 0.9377
8.4338 13.7631 -2.2871 0.9369
8.1674 14.4699 -2.3543 0.9351
7.6455 14.7591 -2.3551 0.9351
7.1133 15.0295 -2.3560 0.9350
5.9296 13.7878 -2.1266 0.9412
5.3931 13.8946 -2.1118 0.9416
2.5708 16.4730 -2.3623 0.9349
1.3831 16.6248 -2.3637 0.9348
0.7499 15.9111 -2.2569 0.9377
-2.0312 15.2487 -2.1797 0.9397
-3.9764 16.2390 -2.3689 0.9347
-5.0926 15.7919 -2.3510 0.9352
-5.7021 15.7256 -2.3701 0.9347
-6.2639 15.5131 -2.3705 0.9346
-7.3627 15.0276 -2.3711 0.9346
-8.9382 14.1530 -2.3718 0.9346
-9.4411 13.8240 -2.3719 0.9346
-9.9318 13.4769 -2.3721 0.9346
-10.4097 13.1123 -2.3722 0.9346
-10.8740 12.7305 -2.3722 0.9346
-8.3129 9.0528 -1.7414 0.9516
-12.5838 11.0428 -2.3722 0.9346
-13.3424 10.1105 -2.3719 0.9346
-13.6958 9.6244 -2.3718 0.9346
-15.4259 6.4697 -2.3701 0.9347
-16.6486 6.2897 -2.5217 0.9306
-16.8726 5.6911 -2.5230 0.9306
-17.0629 5.0808 -2.5225 0.9306
-17.3764 3.8419 -2.5215 0.9306
-17.4992 3.2149 -2.5209 0.9306
-17.6764 1.9502 -2.5198 0.9307
-17.7616 0.6765 -2.5185 0.9307
-17.7696 0.0385 -2.5178 0.9307
-17.7164 -1.2359 -2.5163 0.9308
-17.6553 -1.8705 -2.5156 0.9308
-17.4647 -3.1304 -2.5140 0.9308
-17.3354 -3.7541 -2.5132 0.9308
-17.0100 -4.9849 -2.5115 0.9309
-16.3583 -6.7776 -2.5089 0.9310
-16.0987 -7.3578 -2.5080 0.9310
-15.8184 -7.9280 -2.5070 0.9310
-15.1976 -9.0359 -2.5052 0.9311
-14.8578 -9.5720 -2.5042 0.9311
-14.4992 -10.0954 -2.5033 0.9311
-14.1221 -10.6053 -2.5024 0.9311
-13.7270 -11.1012 -2.5014 0.9312
-13.3146 -11.5824 -2.5004 0.9312
-11.9745 -12.9275 -2.4967 0.9313
-11.4748 -13.3166 -2.4907 0.9314
-10.1518 -13.6511 -2.4104 0.9336
-9.4920 -13.7701 -2.3697 0.9347
-7.3257 -14.7896 -2.3385 0.9355
-6.6816 -14.8025 -2.3011 0.9365
-5.1264 -15.6640 -2.3353 0.9356
-4.5526 -15.8097 -2.3311 0.9357
-2.2434 -16.3018 -2.3316 0.9357
-1.0674 -16.4113 -2.3302 0.9357
-0.3837 -13.2084 -1.8723 0.9480
0.0909 -13.2548 -1.8781 0.9479
1.5573 -13.5327 -1.9301 0.9465
2.0664 -13.6280 -1.9530 0.9458
3.1194 -13.8008 -2.0048 0.9444
4.9400 -16.3099 -2.4146 0.9335
6.8303 -16.0736 -2.4745 0.9319
7.4019 -15.8160 -2.4742 0.9319
7.9640 -15.5384 -2.4740 0.9319
8.5158 -15.2409 -2.4737 0.9319
9.5858 -14.5883 -2.4733 0.9319
10.6066 -13.8614 -2.4730 0.9319
12.4806 -12.1999 -2.4729 0.9319
12.9108 -11.7442 -2.4729 0.9319
14.1005 -10.2896 -2.4733 0.9319
14.4619 -9.7775 -2.4735 0.9319
15.4338 -8.1685 -2.4742 0.9319
15.7191 -7.6102 -2.4745 0.9319
15.9844 -7.0420 -2.4749 0.9319
16.2293 -6.4646 -2.4752 0.9319
16.6570 -5.2854 -2.4761 0.9318
16.9998 -4.0782 -2.4770 0.9318
17.1389 -3.4661 -2.4776 0.9318
17.2561 -2.8492 -2.4781 0.9318
17.3513 -2.2284 -2.4787 0.9318
17.5036 -0.3504 -2.4806 0.9317
17.4962 0.2780 -2.4793 0.9317
16.4281 0.8516 -2.3308 0.9357
16.3343 2.0293 -2.3322 0.9357
16.2560 2.6152 -2.3329 0.9356
16.1567 3.1981 -2.3336 0.9356
12.2909 2.8949 -1.7891 0.9503
15.8960 4.3519 -2.3352 0.9356
15.7349 4.9214 -2.3360 0.9356
11.2673 3.9734 -1.6928 0.9529
15.1305 6.5914 -2.3384 0.9355
14.8895 7.1328 -2.3393 0.9355
6.7173 3.5198 -1.0745 0.9698
14.3499 8.1887 -2.3410 0.9354
14.0519 8.7018 -2.3418 0.9354
12.2955 11.0921 -2.3463 0.9353
11.4767 11.9548 -2.3481 0.9352
11.0444 12.3638 -2.3490 0.9352
8.7972 13.2684 -2.2557 0.9377
7.6425 14.7607 -2.3551 0.9351
3.7527 13.9758 -2.0504 0.9432
3.2885 14.2748 -2.0756 0.9425
2.7695 14.3607 -2.0722 0.9426
1.9750 16.5600 -2.3630 0.9348
0.7459 15.8932 -2.2544 0.9377
0.1631 14.8412 -2.1030 0.9418
-0.3725 14.9477 -2.1186 0.9414
-0.8721 14.3219 -2.0330 0.9437
-1.4480 14.9234 -2.1244 0.9412
-2.0344 15.2492 -2.1798 0.9397
-3.9797 16.2382 -2.3689 0.9347
-5.0964 15.7927 -2.3513 0.9352
-6.8208 15.2789 -2.3708 0.9346
-8.4266 14.4619 -2.3716 0.9346
-8.3156 9.0521 -1.7416 0.9516
-7.5488 7.6472 -1.5225 0.9575
-14.0332 9.1229 -2.3716 0.9346
-14.6485 8.0909 -2.3711 0.9346
-13.0100 6.5878 -2.0662 0.9428
-15.4272 6.4666 -2.3701 0.9347
-16.6502 6.2865 -2.5217 0.9306
-17.0639 5.0773 -2.5225 0.9306
-17.2318 4.4606 -2.5220 0.9306
-17.4999 3.2114 -2.5209 0.9306
-17.5998 2.5805 -2.5204 0.9307
-17.7617 0.6729 -2.5185 0.9307
-17.7544 -0.6028 -2.5171 0.9307
-17.6549 -1.8740 -2.5156 0.9308
-17.4640 -3.1340 -2.5140 0.9308
-17.1829 -4.3760 -2.5123 0.9309
-17.0089 -4.9883 -2.5115 0.9309
-16.5957 -6.1915 -2.5097 0.9309
-16.3569 -6.7809 -2.5089 0.9310
-16.0972 -7.3610 -2.5080 0.9310
-14.8558 -9.5750 -2.5042 0.9311
-14.1199 -10.6082 -2.5023 0.9311
-13.7248 -11.1040 -2.5014 0.9312
-13.3122 -11.5851 -2.5004 0.9312
-12.8828 -12.0509 -2.4995 0.9312
-12.4372 -12.5008 -2.4985 0.9312
-11.9716 -12.9297 -2.4967 0.9313
-11.4719 -13.3188 -2.4907 0.9314
-10.1479 -13.6518 -2.4102 0.9336
-9.4883 -13.7707 -2.3695 0.9347
-8.8801 -13.9333 -2.3411 0.9354
-7.3227 -14.7910 -2.3385 0.9355
-6.2382 -15.2675 -2.3369 0.9355
-5.1232 -15.6650 -2.3353 0.9356
-4.5493 -15.8103 -2.3310 0.9357
-2.8247 -16.2162 -2.3323 0.9357
-2.2401 -16.3022 -2.3316 0.9357
-1.6530 -16.3673 -2.3309 0.9357
-1.0641 -16.4114 -2.3302 0.9357
0.5731 -13.3300 -1.8905 0.9475
1.0622 -13.4392 -1.9101 0.9470
3.1217 -13.7981 -2.0045 0.9445
4.2811 -16.1974 -2.3738 0.9346
4.9438 -16.3106 -2.4149 0.9335
5.6306 -16.4273 -2.4605 0.9322
6.2444 -16.2870 -2.4715 0.9320
6.8335 -16.0722 -2.4745 0.9319
7.4051 -15.8145 -2.4742 0.9319
7.9671 -15.5367 -2.4739 0.9319
9.5887 -14.5863 -2.4733 0.9319
10.1056 -14.2318 -2.4731 0.9319
10.6094 -13.8592 -2.4730 0.9319
11.0997 -13.4690 -2.4729 0.9319
11.5758 -13.0616 -2.4729 0.9319
12.0371 -12.6375 -2.4729 0.9319
12.9132 -11.7416 -2.4729 0.9319
13.7234 -10.7857 -2.4731 0.9319
14.1026 -10.2867 -2.4733 0.9319
14.4638 -9.7746 -2.4735 0.9319
14.8067 -9.2499 -2.4737 0.9319
15.4355 -8.1654 -2.4742 0.9319
15.7206 -7.6070 -2.4745 0.9319
16.2306 -6.4614 -2.4752 0.9319
16.4548 -5.8755 -2.4756 0.9318
16.6580 -5.2820 -2.4761 0.9318
16.8401 -4.6815 -2.4765 0.9318
17.0007 -4.0748 -2.4770 0.9318
17.1396 -3.4626 -2.4776 0.9318
17.2567 -2.8457 -2.4781 0.9318
17.4247 -1.6010 -2.4793 0.9317
17.4754 -0.9747 -2.4799 0.9317
16.4279 0.8550 -2.3308 0.9357
15.3013 1.3485 -2.1764 0.9398
16.3339 2.0326 -2.3322 0.9357
16.2555 2.6185 -2.3329 0.9356
16.1561 3.2013 -2.3337 0.9356
15.8952 4.3551 -2.3352 0.9356
11.2710 4.4384 -1.7163 0.9522
15.1292 6.5944 -2.3384 0.9355
14.8881 7.1358 -2.3393 0.9355
6.7210 3.5235 -1.0753 0.9698
14.3482 8.1916 -2.3410 0.9354
13.7338 9.2069 -2.3427 0.9354
13.3994 9.6976 -2.3436 0.9354
12.2932 11.0946 -2.3463 0.9353
11.4743 11.9572 -2.3481 0.9352
11.0419 12.3661 -2.3490 0.9352
9.9150 12.8527 -2.3000 0.9365
8.4384 13.7831 -2.2899 0.9368
8.1616 14.4732 -2.3543 0.9351
7.6396 14.7623 -2.3551 0.9351
7.1073 15.0324 -2.3560 0.9350
5.9235 13.7890 -2.1264 0.9412
4.7834 13.7880 -2.0678 0.9427
3.7498 13.9763 -2.0503 0.9432
3.2855 14.2752 -2.0755 0.9425
1.9717 16.5605 -2.3630 0.9348
4.6974 13.5134 -2.3568 0.9437
4.2105 13.6773 -2.3575 0.9436
3.7178 13.8236 -2.3582 0.9436
3.2201 13.9520 -2.3589 0.9436
2.7179 14.0625 -2.3595 0.9436
2.2120 14.1547 -2.3601 0.9436
1.1913 14.2842 -2.3613 0.9435
0.6779 14.3213 -2.3619 0.9435
-1.8923 14.2277 -2.3645 0.9435
-2.4023 14.1533 -2.3649 0.9435
-4.4062 13.6728 -2.3665 0.9434
-4.8948 13.5077 -2.3668 0.9434
-6.7808 12.6737 -2.3679 0.9434
-7.2319 12.4231 -2.3681 0.9434
-7.6738 12.1564 -2.3683 0.9434
-6.6587 8.3910 -1.7647 0.9575
-9.7229 10.5927 -2.3687 0.9434
-7.5371 7.6416 -1.7682 0.9574
-7.7796 7.3407 -1.7621 0.9576
-10.8050 9.4857 -2.3686 0.9434
-12.0489 7.8399 -2.3681 0.9434
-12.3215 7.4017 -2.3679 0.9434
-12.5781 6.9540 -2.3677 0.9434
-12.8183 6.4973 -2.3675 0.9434
-14.0915 5.9134 -2.5175 0.9399
-14.4916 4.8912 -2.5196 0.9399
-14.6555 4.3672 -2.5192 0.9399
-14.8003 3.8376 -2.5188 0.9399
-15.0319 2.7648 -2.5179 0.9399
-15.1185 2.2229 -2.5174 0.9399
-15.1854 1.6785 -2.5169 0.9399
-15.2599 0.5843 -2.5157 0.9400
-15.2675 0.0362 -2.5152 0.9400
-15.1001 -2.1472 -2.5126 0.9400
-14.6208 -4.2815 -2.5098 0.9401
-14.0631 -5.8233 -2.5075 0.9402
-13.8407 -6.3224 -2.5067 0.9402
-13.6006 -6.8130 -2.5059 0.9402
-13.0684 -7.7664 -2.5044 0.9402
-12.4694 -8.6784 -2.5027 0.9403
-11.4529 -9.9588 -2.5003 0.9403
-9.4750 -11.8244 -2.4962 0.9404
-9.0415 -12.1530 -2.4954 0.9404
-8.5966 -12.4657 -2.4946 0.9405
-7.6752 -13.0421 -2.4930 0.9405
-7.1998 -13.3050 -2.4922 0.9405
-6.2228 -13.7788 -2.4907 0.9406
-5.2097 -14.1668 -2.4866 0.9406
-4.1737 -14.4826 -2.4829 0.9407
-2.5892 -14.8283 -2.4798 0.9408
-0.9799 -15.0194 -2.4795 0.9408
0.5824 -13.6755 -2.2549 0.9460
1.5538 -13.5262 -2.2429 0.9463
2.7868 -14.7949 -2.4802 0.9408
3.1194 -13.8139 -2.3330 0.9442
3.8399 -14.5519 -2.4793 0.9408
5.3798 -14.0488 -2.4783 0.9408
6.3724 -13.6234 -2.4777 0.9409
6.8567 -13.3846 -2.4775 0.9409
7.3321 -13.1287 -2.4772 0.9409
8.2540 -12.5670 -2.4769 0.9409
8.6993 -12.2620 -2.4768 0.9409
9.5560 -11.6054 -2.4766 0.9409
9.9663 -11.2546 -2.4765 0.9409
10.3638 -10.8896 -2.4765 0.9409
10.7481 -10.5106 -2.4765 0.9409
11.4750 -9.7127 -2.4766 0.9409
11.8167 -9.2949 -2.4767 0.9409
12.4546 -8.4241 -2.4770 0.9409
12.7500 -7.9722 -2.4772 0.9409
13.5371 -6.5572 -2.4779 0.9408
13.9762 -5.5704 -2.4786 0.9408
14.1691 -5.0658 -2.4789 0.9408
14.3440 -4.5546 -2.4793 0.9408
14.8587 -2.4565 -2.4810 0.9408
14.9403 -1.9219 -2.4815 0.9408
15.0028 -1.3846 -2.4821 0.9407
15.0461 -0.8453 -2.4826 0.9407
15.0702 -0.3048 -2.4832 0.9407
13.9937 2.2483 -2.3349 0.9442
11.2884 3.0880 -1.9280 0.9537
10.4301 3.6758 -1.8218 0.9562
10.6002 4.6152 -1.9046 0.9542
6.7118 3.5152 -1.2483 0.9698
12.3479 7.0430 -2.3418 0.9440
12.0910 7.4841 -2.3426 0.9440
11.8183 7.9159 -2.3433 0.9440
11.5303 8.3377 -2.3441 0.9439
10.9095 9.1495 -2.3456 0.9439
10.5775 9.5384 -2.3464 0.9439
10.2316 9.9152 -2.3472 0.9439
8.7186 11.2923 -2.3502 0.9438
8.3103 11.6018 -2.3510 0.9438
6.5726 12.6879 -2.3540 0.9437
5.6488 13.1350 -2.3554 0.9437
4.6946 13.5144 -2.3569 0.9437
4.2077 13.6782 -2.3575 0.9436
3.7150 13.8243 -2.3582 0.9436
2.7151 14.0630 -2.3595 0.9436
1.1884 14.2845 -2.3613 0.9435
0.6750 14.3214 -2.3619 0.9435
-0.3544 14.3396 -2.3630 0.9435
-0.8692 14.3207 -2.3635 0.9435
-1.3829 14.2833 -2.3640 0.9435
-1.8952 14.2273 -2.3645 0.9435
-3.4156 13.9487 -2.3658 0.9434
-4.4089 13.6719 -2.3665 0.9434
-4.8976 13.5067 -2.3668 0.9434
-5.8555 13.1237 -2.3674 0.9434
-6.3235 12.9064 -2.3677 0.9434
-7.2345 12.4217 -2.3681 0.9434
-7.6763 12.1548 -2.3683 0.9434
-8.1081 11.8721 -2.3684 0.9434
-8.5295 11.5740 -2.3685 0.9434
-9.7250 10.5907 -2.3687 0.9434
-7.5385 7.6398 -1.7681 0.9574
-11.1400 9.0891 -2.3685 0.9434
-8.7899 6.6607 -1.8168 0.9563
-12.0504 7.8374 -2.3681 0.9434
-12.3230 7.3992 -2.3679 0.9434
-15.1189 2.2199 -2.5174 0.9399
-15.1857 1.6754 -2.5169 0.9399
-15.2600 0.5812 -2.5157 0.9400
-15.2551 -0.5149 -2.5145 0.9400
-15.1711 -1.6073 -2.5133 0.9400
-15.0086 -2.6902 -2.5119 0.9401
-14.8982 -3.2263 -2.5112 0.9401
-14.7686 -3.7580 -2.5105 0.9401
-14.4524 -4.8051 -2.5090 0.9401
-13.5992 -6.8158 -2.5059 0.9402
-12.4676 -8.6809 -2.5027 0.9403
-12.1440 -9.1198 -2.5019 0.9403
-11.8049 -9.5468 -2.5011 0.9403
-11.4508 -9.9611 -2.5003 0.9403
-11.0822 -10.3624 -2.4995 0.9403
-10.6996 -10.7500 -2.4986 0.9404
-9.4726 -11.8263 -2.4962 0.9404
-7.6725 -13.0436 -2.4930 0.9405
-7.1971 -13.3064 -2.4922 0.9405
-6.7127 -13.5520 -2.4914 0.9405
-5.7173 -13.9847 -2.4889 0.9406
-5.2068 -14.1678 -2.4866 0.9406
-4.6911 -14.3340 -2.4846 0.9407
-3.1177 -14.7308 -2.4805 0.9408
-2.5861 -14.8287 -2.4797 0.9408
-0.3834 -13.1972 -2.1750 0.9479
0.0911 -13.2740 -2.1868 0.9476
1.0592 -13.4361 -2.2203 0.9468
1.5567 -13.5267 -2.2431 0.9463
2.0666 -13.6291 -2.2709 0.9456
2.7899 -14.7943 -2.4802 0.9408
4.3620 -14.4016 -2.4789 0.9408
5.3826 -14.0477 -2.4783 0.9408
5.8827 -13.8437 -2.4780 0.9408
6.3752 -13.6221 -2.4777 0.9409
7.8006 -12.8544 -2.4770 0.9409
8.2565 -12.5653 -2.4769 0.9409
8.7018 -12.2602 -2.4768 0.9409
9.5584 -11.6034 -2.4766 0.9409
10.7502 -10.5084 -2.4765 0.9409
11.1207 -10.1159 -2.4766 0.9409
11.8186 -9.2925 -2.4767 0.9409
12.4563 -8.4216 -2.4770 0.9409
12.7516 -7.9696 -2.4772 0.9409
13.2930 -7.0355 -2.4777 0.9409
13.5384 -6.5545 -2.4779 0.9408
14.1701 -5.0630 -2.4789 0.9408
14.3449 -4.5517 -2.4793 0.9408
14.6394 -3.5119 -2.4801 0.9408
14.7587 -2.9847 -2.4806 0.9408
14.8592 -2.4535 -2.4810 0.9408
15.0463 -0.8423 -2.4826 0.9407
14.1896 1.2476 -2.3466 0.9439
14.0613 1.7469 -2.3343 0.9442
10.3474 3.2363 -1.7861 0.9570
10.5137 4.1377 -1.8613 0.9552
10.6007 4.6180 -1.9049 0.9542
6.7156 3.5189 -1.2491 0.9697
12.0895 7.4866 -2.3426 0.9440
11.8167 7.9183 -2.3433 0.9440
11.5286 8.3401 -2.3441 0.9439
11.2255 8.7514 -2.3448 0.9439
10.5756 9.5405 -2.3464 0.9439
9.4980 10.6326 -2.3487 0.9438
9.1131 10.9703 -2.3495 0.9438
8.3080 11.6035 -2.3510 0.9438
7.4588 12.1775 -2.3525 0.9438
7.0191 12.4413 -2.3533 0.9437
5.6461 13.1360 -2.3554 0.9437
4.6919 13.5153 -2.3569 0.9437
4.2049 13.6790 -2.3575 0.9436
3.2144 13.9534 -2.3589 0.9436
2.2062 14.1557 -2.3601 0.9436
1.1855 14.2848 -2.3613 0.9435
0.6721 14.3216 -2.3619 0.9435
-0.3573 14.3395 -2.3630 0.9435
-0.8721 14.3206 -2.3635 0.9435
-2.9150 14.0593 -2.3654 0.9435
-3.4184 13.9480 -2.3658 0.9434
-4.9003 13.5057 -2.3668 0.9434
-5.3827 13.3228 -2.3671 0.9434
-7.2370 12.4202 -2.3681 0.9434
-7.6787 12.1533 -2.3683 0.9434
-8.1105 11.8705 -2.3684 0.9434
-8.5318 11.5723 -2.3685 0.9434
-9.3407 10.9309 -2.3687 0.9434
-9.7272 10.5887 -2.3687 0.9434
-7.7824 7.3373 -1.7620 0.9576
-11.7638 8.2632 -2.3683 0.9434
-12.0520 7.8350 -2.3681 0.9434
-12.3245 7.3967 -2.3679 0.9434
-12.5809 6.9489 -2.3677 0.9434
-12.8209 6.4921 -2.3674 0.9434
-14.0944 5.9079 -2.5176 0.9399
-14.3109 5.4033 -2.5200 0.9399
-14.4935 4.8853 -2.5196 0.9399
-14.6572 4.3612 -2.5192 0.9399
-15.0330 2.7587 -2.5179 0.9399
-15.1860 1.6723 -2.5169 0.9399
-15.2329 1.1258 -2.5163 0.9400
-15.2601 0.5781 -2.5157 0.9400
-15.2227 -1.0650 -2.5139 0.9400
-15.1708 -1.6103 -2.5133 0.9400
-15.0992 -2.1533 -2.5126 0.9400
-14.8975 -3.2293 -2.5112 0.9401
-14.6190 -4.2874 -2.5098 0.9401
-14.4514 -4.8080 -2.5090 0.9401
-14.0607 -5.8290 -2.5075 0.9402
-13.5978 -6.8185 -2.5059 0.9402
-13.0652 -7.7716 -2.5043 0.9402
-12.7736 -8.2330 -2.5035 0.9403
-12.1421 -9.1223 -2.5019 0.9403
-11.8030 -9.5492 -2.5011 0.9403
-11.4488 -9.9634 -2.5003 0.9403
-9.4702 -11.8282 -2.4962 0.9404
-9.0365 -12.1566 -2.4954 0.9404
-8.5915 -12.4691 -2.4946 0.9405
-7.1944 -13.3079 -2.4922 0.9405
-5.2039 -14.1688 -2.4866 0.9406
-3.6431 -14.6164 -2.4816 0.9408
-2.0488 -14.9100 -2.4793 0.9408
-1.5122 -14.9736 -2.4793 0.9408
-0.9738 -15.0198 -2.4795 0.9408
-0.3807 -13.1962 -2.1748 0.9479
0.5868 -13.6490 -2.2506 0.9461
1.0620 -13.4367 -2.2205 0.9468
3.8458 -14.5503 -2.4793 0.9408
5.3855 -14.0466 -2.4783 0.9408
5.8855 -13.8425 -2.4780 0.9408
6.3779 -13.6209 -2.4777 0.9409
6.8621 -13.3818 -2.4775 0.9409
7.8033 -12.8529 -2.4770 0.9409
8.2591 -12.5637 -2.4769 0.9409
8.7043 -12.2584 -2.4768 0.9409
9.5607 -11.6015 -2.4766 0.9409
9.9708 -11.2506 -2.4765 0.9409
10.7523 -10.5062 -2.4765 0.9409
11.8205 -9.2901 -2.4767 0.9409
12.1470 -8.8603 -2.4769 0.9409
12.4580 -8.4191 -2.4770 0.9409
13.2944 -7.0328 -2.4777 0.9409
13.5398 -6.5517 -2.4779 0.9408
13.7679 -6.0622 -2.4782 0.9408
13.9784 -5.5648 -2.4786 0.9408
14.1712 -5.0601 -2.4789 0.9408
14.5023 -4.0316 -2.4797 0.9408
14.6402 -3.5090 -2.4801 0.9408
14.7594 -2.9817 -2.4806 0.9408
14.8597 -2.4504 -2.4810 0.9408
15.0428 0.7829 -2.4815 0.9408
13.9928 2.2540 -2.3349 0.9442
13.9066 2.7556 -2.3355 0.9441
12.3238 2.9053 -2.0859 0.9500
11.2872 3.0926 -1.9280 0.9537
10.3428 3.2372 -1.7854 0.9570
10.4310 3.6809 -1.8222 0.9561
6.7193 3.5226 -1.2498 0.9697
11.2237 8.7537 -2.3449 0.9439
10.9058 9.1540 -2.3456 0.9439
9.4958 10.6346 -2.3487 0.9438
8.7140 11.2959 -2.3502 0.9438
7.8862 11.8997 -2.3518 0.9438
7.0166 12.4428 -2.3533 0.9437
6.5675 12.6906 -2.3540 0.9437
6.1095 12.9222 -2.3547 0.9437
4.6891 13.5163 -2.3569 0.9437
4.2022 13.6799 -2.3575 0.9436
3.7094 13.8259 -2.3582 0.9436
3.2116 13.9540 -2.3589 0.9436
1.6942 14.2298 -2.3608 0.9436
3.2566 12.1086 -2.3568 0.9502
2.8205 12.2207 -2.3574 0.9502
2.3806 12.3170 -2.3580 0.9502
1.9373 12.3974 -2.3585 0.9502
1.0433 12.5100 -2.3596 0.9502
0.5937 12.5421 -2.3601 0.9502
0.1431 12.5579 -2.3606 0.9502
-0.3078 12.5575 -2.3610 0.9502
-0.7586 12.5407 -2.3615 0.9502
-1.2085 12.5077 -2.3619 0.9501
-1.6570 12.4584 -2.3623 0.9501
-2.1035 12.3930 -2.3627 0.9501
-2.5474 12.3115 -2.3631 0.9501
-3.8578 11.9713 -2.3641 0.9501
-4.2856 11.8265 -2.3644 0.9501
-4.7079 11.6664 -2.3646 0.9501
-5.9365 11.0957 -2.3653 0.9501
-7.0963 10.3951 -2.3657 0.9501
-6.6585 8.3906 -2.0134 0.9573
-6.8095 7.4187 -1.8928 0.9598
-7.3287 6.4338 -1.8330 0.9611
-8.7848 6.6597 -2.0720 0.9561
-10.5486 6.8637 -2.3655 0.9501
-10.7874 6.4801 -2.3653 0.9501
-12.5281 4.7359 -2.5174 0.9469
-13.3637 0.5117 -2.5137 0.9470
-13.3604 -0.4482 -2.5126 0.9470
-13.2258 -1.8807 -2.5109 0.9471
-13.1466 -2.3537 -2.5103 0.9471
-13.0505 -2.8234 -2.5097 0.9471
-12.9375 -3.2892 -2.5091 0.9471
-12.8078 -3.7506 -2.5085 0.9471
-12.6616 -4.2068 -2.5078 0.9471
-12.4991 -4.6574 -2.5072 0.9472
-12.3206 -5.1018 -2.5065 0.9472
-12.1262 -5.5392 -2.5058 0.9472
-11.9163 -5.9693 -2.5051 0.9472
-11.4509 -6.8051 -2.5037 0.9472
-11.1961 -7.2098 -2.5030 0.9472
-10.9270 -7.6049 -2.5023 0.9473
-10.6439 -7.9899 -2.5016 0.9473
-10.3472 -8.3645 -2.5009 0.9473
-7.9260 -10.6536 -2.4958 0.9474
-7.1371 -11.1885 -2.4944 0.9474
-6.7290 -11.4343 -2.4937 0.9474
-6.3125 -11.6653 -2.4931 0.9474
-5.8881 -11.8811 -2.4924 0.9475
-5.4563 -12.0816 -2.4917 0.9475
-4.5730 -12.4354 -2.4904 0.9475
-4.1226 -12.5883 -2.4898 0.9475
-3.6672 -12.7250 -2.4891 0.9475
-3.2072 -12.8453 -2.4885 0.9475
-2.7434 -12.9491 -2.4879 0.9476
-1.8064 -13.1065 -2.4868 0.9476
-0.3866 -13.2162 -2.4852 0.9476
0.0880 -13.2189 -2.4847 0.9476
1.9777 -13.0608 -2.4829 0.9477
3.3688 -12.7666 -2.4818 0.9477
4.2750 -12.4888 -2.4811 0.9477
5.1589 -12.1472 -2.4806 0.9477
7.2422 -11.0266 -2.4796 0.9477
8.0140 -10.4777 -2.4794 0.9477
9.4308 -9.2224 -2.4793 0.9477
9.7559 -8.8780 -2.4793 0.9477
10.3684 -8.1557 -2.4795 0.9477
10.9279 -7.3915 -2.4797 0.9477
11.1869 -6.9949 -2.4799 0.9477
11.4317 -6.5893 -2.4801 0.9477
12.2620 -4.8872 -2.4811 0.9477
12.7214 -3.5420 -2.4821 0.9477
12.8423 -3.0836 -2.4825 0.9477
12.9468 -2.6210 -2.4828 0.9477
13.1059 -1.6859 -2.4837 0.9476
13.1604 -1.2146 -2.4842 0.9476
13.1981 -0.7415 -2.4846 0.9476
13.2188 -0.2673 -2.4851 0.9476
13.2227 0.2074 -2.4856 0.9476
13.1617 1.1545 -2.4834 0.9476
12.1969 2.4117 -2.3369 0.9507
12.1054 2.8486 -2.3375 0.9506
11.2488 3.0772 -2.1920 0.9536
10.3516 3.2353 -2.0385 0.9568
10.4304 3.6759 -2.0787 0.9560
10.6005 4.6154 -2.1731 0.9540
10.5802 5.0658 -2.2049 0.9534
6.7101 3.5143 -1.4239 0.9696
10.8253 6.1746 -2.3425 0.9505
9.8413 7.6691 -2.3451 0.9505
9.2710 8.3602 -2.3465 0.9505
7.6401 9.8955 -2.3498 0.9504
7.2821 10.1663 -2.3505 0.9504
6.9144 10.4241 -2.3512 0.9504
6.5376 10.6686 -2.3518 0.9503
5.7584 11.1163 -2.3531 0.9503
5.3572 11.3192 -2.3538 0.9503
4.5336 11.6803 -2.3550 0.9503
3.6858 11.9817 -2.3562 0.9503
2.8180 12.2213 -2.3574 0.9502
1.0408 12.5103 -2.3596 0.9502
0.1406 12.5580 -2.3606 0.9502
-1.2110 12.5075 -2.3619 0.9501
-1.6595 12.4581 -2.3623 0.9501
-2.1060 12.3926 -2.3627 0.9501
-2.5499 12.3109 -2.3631 0.9501
-3.4276 12.0998 -2.3638 0.9501
-4.7103 11.6654 -2.3646 0.9501
-5.5362 11.2996 -2.3651 0.9501
-5.9387 11.0945 -2.3653 0.9501
-6.3336 10.8750 -2.3655 0.9501
-7.0984 10.3937 -2.3657 0.9501
-7.3323 6.4344 -1.8336 0.9611
-8.0163 6.5405 -1.9446 0.9588
-10.2975 7.2363 -2.3656 0.9501
-10.5499 6.8615 -2.3655 0.9501
-11.0134 6.0860 -2.3651 0.9501
-12.1435 5.6138 -2.5146 0.9470
-13.1631 2.4183 -2.5156 0.9470
-13.2392 1.9439 -2.5151 0.9470
-13.3395 0.9886 -2.5142 0.9470
-13.3638 0.5090 -2.5137 0.9470
-13.3325 -0.9301 -2.5121 0.9471
-13.2254 -1.8834 -2.5109 0.9471
-13.1461 -2.3563 -2.5103 0.9471
-13.0499 -2.8260 -2.5097 0.9471
-12.8070 -3.7532 -2.5085 0.9471
-12.6608 -4.2094 -2.5078 0.9471
-12.3196 -5.1043 -2.5065 0.9472
-12.1251 -5.5417 -2.5058 0.9472
-11.4495 -6.8074 -2.5037 0.9472
-11.1946 -7.2120 -2.5030 0.9472
-10.9254 -7.6071 -2.5023 0.9473
-10.6422 -7.9921 -2.5016 0.9473
-10.3455 -8.3666 -2.5009 0.9473
-9.3780 -9.4221 -2.4987 0.9473
-8.6728 -10.0649 -2.4973 0.9474
-7.9238 -10.6551 -2.4958 0.9474
-7.5341 -10.9296 -2.4951 0.9474
-6.7267 -11.4356 -2.4937 0.9474
-5.4539 -12.0827 -2.4917 0.9475
-4.1201 -12.5891 -2.4898 0.9475
-3.6646 -12.7257 -2.4891 0.9475
-2.2736 -13.0366 -2.4874 0.9476
-1.8037 -13.1068 -2.4868 0.9476
-0.8583 -13.1967 -2.4857 0.9476
0.5651 -13.2045 -2.4842 0.9476
1.0385 -13.1733 -2.4837 0.9476
1.9803 -13.0603 -2.4829 0.9477
2.4475 -12.9788 -2.4825 0.9477
2.9114 -12.8806 -2.4821 0.9477
3.3714 -12.7659 -2.4818 0.9477
3.8270 -12.6350 -2.4814 0.9477
4.7225 -12.3249 -2.4808 0.9477
5.1614 -12.1461 -2.4806 0.9477
6.0184 -11.7424 -2.4801 0.9477
6.8444 -11.2787 -2.4798 0.9477
7.2445 -11.0251 -2.4796 0.9477
7.6352 -10.7574 -2.4795 0.9477
8.0162 -10.4760 -2.4794 0.9477
8.3869 -10.1813 -2.4794 0.9477
8.7468 -9.8735 -2.4793 0.9477
9.7577 -8.8760 -2.4793 0.9477
10.0703 -8.5203 -2.4794 0.9477
11.1883 -6.9926 -2.4799 0.9477
12.2630 -4.8847 -2.4811 0.9477
12.4320 -4.4419 -2.4814 0.9477
12.8429 -3.0810 -2.4825 0.9477
13.1607 -1.2119 -2.4842 0.9476
13.2189 -0.2646 -2.4851 0.9476
13.1613 1.1572 -2.4833 0.9476
12.2723 1.9743 -2.3364 0.9507
12.1964 2.4142 -2.3369 0.9507
10.3469 3.2362 -2.0377 0.9568
10.4309 3.6784 -2.0789 0.9560
10.6010 4.6182 -2.1734 0.9540
10.5804 5.0685 -2.2051 0.9534
6.7138 3.5180 -1.4247 0.9696
10.8241 6.1768 -2.3425 0.9505
10.5984 6.5632 -2.3431 0.9505
10.3588 6.9414 -2.3438 0.9505
9.8397 7.6711 -2.3451 0.9505
9.2693 8.3621 -2.3465 0.9505
8.9657 8.6920 -2.3471 0.9504
8.6504 9.0108 -2.3478 0.9504
8.3238 9.3182 -2.3485 0.9504
7.9862 9.6138 -2.3492 0.9504
7.2800 10.1678 -2.3505 0.9504
6.9123 10.4255 -2.3512 0.9504
6.5354 10.6699 -2.3518 0.9503
4.1101 11.8394 -2.3556 0.9503
3.6834 11.9824 -2.3562 0.9503
2.3756 12.3180 -2.3580 0.9502
1.4863 12.4624 -2.3590 0.9502
1.0382 12.5105 -2.3596 0.9502
0.5886 12.5424 -2.3601 0.9502
-0.3129 12.5574 -2.3610 0.9502
-0.7637 12.5404 -2.3615 0.9502
-1.6620 12.4578 -2.3623 0.9501
-2.1085 12.3922 -2.3627 0.9501
-2.9931 12.2127 -2.3634 0.9501
-3.4301 12.0991 -2.3638 0.9501
-4.7127 11.6645 -2.3646 0.9501
-5.5385 11.2985 -2.3651 0.9501
-5.9410 11.0933 -2.3653 0.9501
-6.3359 10.8737 -2.3655 0.9501
-6.6594 8.3848 -2.0126 0.9574
-6.8103 7.4135 -1.8922 0.9599
-6.8794 6.9691 -1.8406 0.9609
-6.9449 6.5477 -1.7941 0.9619
-7.3359 6.4350 -1.8342 0.9611
-10.2989 7.2342 -2.3656 0.9501
-11.0146 6.0838 -2.3651 0.9501
-11.3678 5.7563 -2.3950 0.9495
-12.1449 5.6114 -2.5146 0.9470
-12.3536 5.1782 -2.5177 0.9469
-12.8337 3.8186 -2.5167 0.9470
-13.0706 2.8871 -2.5160 0.9470
-13.1636 2.4156 -2.5156 0.9470
-13.2395 1.9412 -2.5151 0.9470
-13.2983 1.4644 -2.5147 0.9470
-13.3397 0.9859 -2.5142 0.9470
-13.3639 0.5063 -2.5137 0.9470
-13.3707 0.0262 -2.5132 0.9470
-13.3602 -0.4536 -2.5126 0.9470
-13.3323 -0.9328 -2.5121 0.9471
-13.2250 -1.8860 -2.5109 0.9471
-12.9361 -3.2945 -2.5091 0.9471
-12.8062 -3.7558 -2.5085 0.9471
-12.3185 -5.1068 -2.5065 0.9472
-12.1240 -5.5441 -2.5058 0.9472
-10.9238 -7.6093 -2.5023 0.9473
-9.0291 -9.7517 -2.4980 0.9473
-8.6708 -10.0667 -2.4973 0.9474
-7.1326 -11.1913 -2.4944 0.9474
-5.8832 -11.8835 -2.4924 0.9475
-5.0128 -12.2684 -2.4910 0.9475
-4.5680 -12.4372 -2.4904 0.9475
-3.6620 -12.7265 -2.4891 0.9475
0.0934 -13.2188 -2.4847 0.9476
1.5131 -13.1249 -2.4833 0.9476
2.9139 -12.8800 -2.4821 0.9477
3.8295 -12.6342 -2.4814 0.9477
4.7250 -12.3239 -2.4808 0.9477
5.1638 -12.1451 -2.4806 0.9477
5.5959 -11.9507 -2.4803 0.9477
6.4379 -11.5166 -2.4799 0.9477
6.8467 -11.2773 -2.4798 0.9477
7.2467 -11.0236 -2.4796 0.9477
8.0183 -10.4744 -2.4794 0.9477
8.3889 -10.1796 -2.4794 0.9477
8.7488 -9.8717 -2.4793 0.9477
9.0975 -9.5512 -2.4793 0.9477
9.7595 -8.8741 -2.4793 0.9477
10.3717 -8.1514 -2.4795 0.9477
10.6581 -7.7742 -2.4796 0.9477
10.9309 -7.3870 -2.4798 0.9477
11.4344 -6.5846 -2.4801 0.9477
11.6644 -6.1705 -2.4803 0.9477
12.2640 -4.8823 -2.4811 0.9477
12.7228 -3.5369 -2.4821 0.9477
13.1608 1.1598 -2.4833 0.9476
12.1959 2.4166 -2.3369 0.9507
11.2476 3.0817 -2.1920 0.9536
10.6015 4.6209 -2.1737 0.9540
6.7176 3.5217 -1.4257 0.9696
10.3575 6.9435 -2.3438 0.9505
9.5591 8.0236 -2.3458 0.9505
9.2676 8.3640 -2.3465 0.9505
8.9640 8.6938 -2.3471 0.9504
8.3219 9.3199 -2.3485 0.9504
7.9843 9.6154 -2.3492 0.9504
6.9102 10.4269 -2.3512 0.9504
6.5333 10.6713 -2.3518 0.9503
6.1477 10.9019 -2.3525 0.9503
5.3526 11.3211 -2.3538 0.9503
4.9441 11.5090 -2.3544 0.9503
4.5289 11.6822 -2.3550 0.9503
3.2492 12.1106 -2.3568 0.9502
2.3731 12.3185 -2.3580 0.9502
3.2782 10.6489 -2.3552 0.9555
2.8944 10.7621 -2.3557 0.9555
2.5068 10.8614 -2.3562 0.9554
2.1157 10.9467 -2.3567 0.9554
1.3254 11.0748 -2.3577 0.9554
0.1272 11.1595 -2.3590 0.9554
-0.2736 11.1588 -2.3595 0.9554
-1.4723 11.0701 -2.3606 0.9554
-1.8691 11.0118 -2.3610 0.9554
-2.2635 10.9391 -2.3613 0.9554
-3.4277 10.6364 -2.3622 0.9553
-3.8077 10.5076 -2.3624 0.9553
-4.1828 10.3652 -2.3627 0.9553
-5.2742 9.8579 -2.3633 0.9553
-5.9686 9.4552 -2.3635 0.9553
-6.3045 9.2353 -2.3636 0.9553
-6.4929 8.8142 -2.3141 0.9562
-6.7361 7.8894 -2.1928 0.9585
-6.8784 6.9737 -2.0705 0.9607
-6.9439 6.5521 -2.0181 0.9617
-8.5865 6.5094 -2.2776 0.9569
-9.1472 6.4308 -2.3636 0.9553
-9.3717 6.0979 -2.3634 0.9553
-10.9740 4.6052 -2.5157 0.9525
-11.1311 4.2078 -2.5154 0.9525
-11.5147 2.9857 -2.5145 0.9525
-11.6128 2.5700 -2.5141 0.9525
-11.6959 2.1512 -2.5137 0.9525
-11.7637 1.7297 -2.5134 0.9526
-11.8536 0.8809 -2.5125 0.9526
-11.8820 0.0281 -2.5116 0.9526
-11.8731 -0.3983 -2.5111 0.9526
-11.8092 -1.2487 -2.5101 0.9526
-11.5992 -2.5094 -2.5086 0.9526
-11.4991 -2.9235 -2.5080 0.9526
-11.2545 -3.7393 -2.5069 0.9527
-11.1104 -4.1400 -2.5063 0.9527
-10.9521 -4.5351 -2.5057 0.9527
-10.7796 -4.9241 -2.5051 0.9527
-10.5933 -5.3066 -2.5045 0.9527
-10.3934 -5.6820 -2.5038 0.9527
-9.7150 -6.7614 -2.5020 0.9528
-9.4636 -7.1040 -2.5013 0.9528
-9.2002 -7.4372 -2.5007 0.9528
-8.9250 -7.7607 -2.5000 0.9528
-8.6384 -8.0740 -2.4994 0.9528
-8.3409 -8.3767 -2.4988 0.9528
-7.0489 -9.4747 -2.4962 0.9529
-4.8534 -10.7466 -2.4925 0.9529
-4.4635 -10.9113 -2.4920 0.9529
-3.6674 -11.1983 -2.4908 0.9530
-3.2623 -11.3202 -2.4903 0.9530
-2.8532 -11.4276 -2.4897 0.9530
-2.4406 -11.5202 -2.4892 0.9530
-2.0251 -11.5979 -2.4887 0.9530
-1.6071 -11.6608 -2.4882 0.9530
-0.7661 -11.7415 -2.4872 0.9530
0.0783 -11.7619 -2.4863 0.9530
0.5004 -11.7495 -2.4859 0.9531
0.9217 -11.7221 -2.4855 0.9531
1.3417 -11.6796 -2.4851 0.9531
1.7598 -11.6221 -2.4847 0.9531
2.1756 -11.5498 -2.4843 0.9531
2.5884 -11.4627 -2.4840 0.9531
3.4034 -11.2447 -2.4834 0.9531
3.8044 -11.1141 -2.4831 0.9531
4.2005 -10.9692 -2.4829 0.9531
4.5911 -10.8103 -2.4826 0.9531
6.4454 -9.8134 -2.4818 0.9531
6.7933 -9.5753 -2.4817 0.9531
7.1324 -9.3250 -2.4816 0.9531
8.3933 -8.2078 -2.4815 0.9531
8.9609 -7.5847 -2.4816 0.9531
9.2277 -7.2584 -2.4817 0.9531
9.9560 -6.2252 -2.4820 0.9531
10.5700 -5.1200 -2.4826 0.9531
11.0625 -3.9552 -2.4834 0.9531
11.5207 -2.3323 -2.4846 0.9531
11.6619 -1.5002 -2.4854 0.9531
11.7648 0.1846 -2.4871 0.9530
11.7528 0.6069 -2.4876 0.9530
11.7257 1.0286 -2.4881 0.9530
10.8507 2.1455 -2.3380 0.9558
10.7691 2.5342 -2.3385 0.9558
10.2369 3.1995 -2.2671 0.9571
10.3159 3.6356 -2.3120 0.9563
10.1552 4.4215 -2.3412 0.9557
6.7083 3.5133 -1.6009 0.9695
9.6280 5.4917 -2.3430 0.9557
9.4270 5.8352 -2.3435 0.9557
9.2138 6.1714 -2.3441 0.9557
8.7517 6.8200 -2.3453 0.9557
7.6934 8.0106 -2.3477 0.9556
7.4027 8.2837 -2.3483 0.9556
6.4742 9.0385 -2.3501 0.9556
5.8119 9.4844 -2.3513 0.9555
5.4691 9.6893 -2.3519 0.9555
4.7621 10.0617 -2.3530 0.9555
4.3989 10.2285 -2.3536 0.9555
3.6554 10.5227 -2.3547 0.9555
1.7195 11.0183 -2.3572 0.9554
0.9249 11.1176 -2.3582 0.9554
0.5253 11.1458 -2.3586 0.9554
-1.4746 11.0699 -2.3606 0.9554
-1.8713 11.0114 -2.3610 0.9554
-2.2657 10.9387 -2.3613 0.9554
-3.0455 10.7507 -2.3619 0.9553
-3.4298 10.6357 -2.3622 0.9553
-3.8098 10.5069 -2.3624 0.9553
-4.1849 10.3644 -2.3627 0.9553
-4.9186 10.0391 -2.3631 0.9553
-5.6270 9.6617 -2.3634 0.9553
-5.9706 9.4540 -2.3635 0.9553
-6.4934 8.8111 -2.3136 0.9562
-6.5755 8.2827 -2.2354 0.9577
-6.7365 7.8866 -2.1924 0.9585
-6.8097 7.4158 -2.1282 0.9597
-9.3729 6.0960 -2.3634 0.9553
-10.8037 4.9945 -2.5159 0.9525
-11.6963 2.1488 -2.5137 0.9525
-11.8166 1.3037 -2.5129 0.9526
-11.8537 0.8785 -2.5125 0.9526
-11.8756 0.4523 -2.5121 0.9526
-11.8730 -0.4007 -2.5111 0.9526
-11.7540 -1.6738 -2.5096 0.9526
-11.5987 -2.5118 -2.5086 0.9526
-11.4985 -2.9259 -2.5080 0.9526
-11.3834 -3.3360 -2.5074 0.9527
-10.9511 -4.5373 -2.5057 0.9527
-10.7786 -4.9263 -2.5051 0.9527
-10.5922 -5.3087 -2.5045 0.9527
-10.3923 -5.6841 -2.5038 0.9527
-10.1790 -6.0520 -2.5032 0.9527
-9.9527 -6.4119 -2.5026 0.9527
-9.4622 -7.1059 -2.5013 0.9528
-9.1986 -7.4391 -2.5007 0.9528
-8.9234 -7.7625 -2.5000 0.9528
-8.0310 -8.6702 -2.4981 0.9528
-6.3457 -9.9523 -2.4950 0.9529
-5.9829 -10.1711 -2.4943 0.9529
-4.0657 -11.0628 -2.4914 0.9530
-1.1849 -11.7089 -2.4877 0.9530
-0.7637 -11.7416 -2.4872 0.9530
-0.3416 -11.7593 -2.4867 0.9530
0.5028 -11.7494 -2.4859 0.9531
1.3441 -11.6793 -2.4851 0.9531
1.7622 -11.6218 -2.4847 0.9531
3.0002 -11.3604 -2.4837 0.9531
3.4057 -11.2440 -2.4834 0.9531
4.9779 -10.6366 -2.4824 0.9531
5.7274 -10.2506 -2.4821 0.9531
6.0914 -10.0378 -2.4819 0.9531
7.7846 -8.7873 -2.4815 0.9531
8.3950 -8.2061 -2.4815 0.9531
8.6843 -7.8996 -2.4815 0.9531
8.9624 -7.5829 -2.4816 0.9531
9.4841 -6.9208 -2.4818 0.9531
9.7269 -6.5763 -2.4819 0.9531
9.9573 -6.2232 -2.4820 0.9531
10.5710 -5.1178 -2.4826 0.9531
10.7489 -4.7355 -2.4828 0.9531
10.9131 -4.3470 -2.4831 0.9531
11.1994 -3.5537 -2.4837 0.9531
11.4285 -2.7417 -2.4843 0.9531
11.5212 -2.3300 -2.4847 0.9531
11.7436 -0.6574 -2.4862 0.9531
11.7647 0.1869 -2.4871 0.9530
11.7527 0.6093 -2.4876 0.9530
10.7686 2.5364 -2.3385 0.9558
10.3163 3.6380 -2.3123 0.9563
10.3041 4.0552 -2.3407 0.9557
10.1543 4.4236 -2.3412 0.9557
6.7121 3.5171 -1.6017 0.9695
9.6269 5.4936 -2.3430 0.9557
9.4259 5.8371 -2.3435 0.9557
8.9873 6.5016 -2.3447 0.9557
8.7504 6.8218 -2.3453 0.9557
8.5020 7.1333 -2.3459 0.9556
7.9724 7.7289 -2.3471 0.9556
7.6917 8.0122 -2.3477 0.9556
7.4011 8.2852 -2.3483 0.9556
6.4724 9.0398 -2.3501 0.9556
5.4671 9.6905 -2.3519 0.9555
3.2739 10.6502 -2.3552 0.9555
2.8901 10.7633 -2.3557 0.9555
2.5024 10.8624 -2.3562 0.9554
2.1113 10.9476 -2.3567 0.9554
1.7173 11.0186 -2.3572 0.9554
1.3209 11.0754 -2.3577 0.9554
0.9227 11.1178 -2.3582 0.9554
0.5231 11.1459 -2.3586 0.9554
0.1226 11.1596 -2.3590 0.9554
-0.2781 11.1587 -2.3595 0.9554
-0.6786 11.1435 -2.3599 0.9554
-1.8735 11.0111 -2.3610 0.9554
-2.2679 10.9382 -2.3613 0.9554
-2.6594 10.8512 -2.3616 0.9554
-4.1871 10.3635 -2.3627 0.9553
-4.5568 10.2075 -2.3629 0.9553
-5.2782 9.8557 -2.3633 0.9553
-5.6290 9.6605 -2.3634 0.9553
-5.9725 9.4528 -2.3635 0.9553
-6.4939 8.8080 -2.3132 0.9562
-6.7369 7.8839 -2.1921 0.9585
-6.8792 6.9688 -2.0699 0.9608
-6.9446 6.5475 -2.0175 0.9617
-7.3356 6.4347 -2.0626 0.9609
-8.0200 6.5408 -2.1876 0.9586
-8.5957 6.5108 -2.2793 0.9569
-9.3741 6.0941 -2.3634 0.9553
-9.5863 5.7533 -2.3633 0.9553
-10.9759 4.6007 -2.5157 0.9525
-11.2752 3.8005 -2.5151 0.9525
-11.6967 2.1464 -2.5137 0.9525
-11.8539 0.8761 -2.5125 0.9526
-11.8820 0.0233 -2.5116 0.9526
-11.8729 -0.4031 -2.5111 0.9526
-11.8087 -1.2535 -2.5101 0.9526
-11.7536 -1.6762 -2.5096 0.9526
-11.4979 -2.9282 -2.5080 0.9526
-11.1087 -4.1445 -2.5063 0.9527
-10.9502 -4.5395 -2.5057 0.9527
-10.7776 -4.9284 -2.5051 0.9527
-10.5911 -5.3109 -2.5044 0.9527
-10.3911 -5.6862 -2.5038 0.9527
-10.1777 -6.0541 -2.5032 0.9527
-9.7122 -6.7653 -2.5019 0.9528
-9.4607 -7.1078 -2.5013 0.9528
-8.9218 -7.7643 -2.5000 0.9528
-8.0292 -8.6718 -2.4981 0.9528
-7.3826 -9.2208 -2.4968 0.9529
-6.6986 -9.7218 -2.4956 0.9529
-5.9808 -10.1723 -2.4943 0.9529
-4.4590 -10.9131 -2.4919 0.9529
-4.0635 -11.0636 -2.4914 0.9530
-3.6628 -11.1998 -2.4908 0.9530
-2.8486 -11.4287 -2.4897 0.9530
-2.0204 -11.5987 -2.4887 0.9530
-1.6024 -11.6614 -2.4882 0.9530
-1.1825 -11.7091 -2.4877 0.9530
-0.7613 -11.7418 -2.4872 0.9530
0.5052 -11.7493 -2.4859 0.9531
1.3464 -11.6790 -2.4851 0.9531
3.0025 -11.3597 -2.4837 0.9531
3.4079 -11.2433 -2.4834 0.9531
4.5955 -10.8084 -2.4826 0.9531
4.9801 -10.6356 -2.4824 0.9531
5.3583 -10.4492 -2.4822 0.9531
5.7295 -10.2494 -2.4820 0.9531
6.4494 -9.8108 -2.4818 0.9531
6.7972 -9.5726 -2.4817 0.9531
8.6859 -7.8978 -2.4815 0.9531
8.9640 -7.5811 -2.4816 0.9531
9.7282 -6.5743 -2.4819 0.9531
9.9585 -6.2212 -2.4820 0.9531
10.1762 -5.8601 -2.4822 0.9531
10.5721 -5.1157 -2.4826 0.9531
10.7499 -4.7333 -2.4828 0.9531
10.9140 -4.3448 -2.4831 0.9531
11.0642 -3.9507 -2.4834 0.9531
11.5995 -1.9128 -2.4850 0.9531
11.7526 0.6116 -2.4876 0.9530
11.1493 1.7960 -2.3871 0.9549
10.8499 2.1499 -2.3380 0.9558
10.2378 3.2043 -2.2676 0.9571
10.3168 3.6406 -2.3126 0.9563
10.3033 4.0573 -2.3407 0.9557
10.1534 4.4256 -2.3412 0.9557
9.9904 4.7884 -2.3418 0.9557
9.6258 5.4956 -2.3430 0.9557
9.4247 5.8390 -2.3435 0.9557
8.7490 6.8236 -2.3453 0.9557
8.5006 7.1351 -2.3459 0.9556
8.2411 7.4375 -2.3465 0.9556
7.9708 7.7305 -2.3471 0.9556
7.6901 8.0137 -2.3477 0.9556
7.3994 8.2867 -2.3483 0.9556
6.7892 8.8008 -2.3495 0.9556
6.4706 9.0411 -2.3501 0.9556
5.1150 9.8839 -2.3525 0.9555
4.3948 10.2303 -2.3536 0.9555
3.6511 10.5242 -2.3547 0.9555
2.8879 10.7639 -2.3557 0.9555
2.9474 9.5742 -2.3544 0.9597
2.6023 9.6758 -2.3548 0.9597
2.2537 9.7649 -2.3553 0.9597
1.1915 9.9561 -2.3566 0.9596
0.8335 9.9943 -2.3570 0.9596
0.4743 10.0194 -2.3574 0.9596
0.1143 10.0317 -2.3578 0.9596
-0.2459 10.0309 -2.3582 0.9596
-1.3235 9.9507 -2.3592 0.9596
-1.6800 9.8981 -2.3596 0.9596
-2.3864 9.7544 -2.3601 0.9596
-3.4224 9.4443 -2.3609 0.9596
-4.0919 9.1760 -2.3613 0.9596
-4.4189 9.0239 -2.3615 0.9596
-5.3644 8.4980 -2.3619 0.9595
-5.6662 8.3003 -2.3620 0.9595
-5.9607 8.0918 -2.3620 0.9595
-6.2475 7.8728 -2.3621 0.9595
-6.7240 7.3255 -2.3370 0.9600
-6.7923 6.8864 -2.2733 0.9610
-6.8570 6.4701 -2.2157 0.9620
-7.1630 6.2884 -2.2402 0.9616
-7.7859 6.3552 -2.3621 0.9595
-8.2212 5.7797 -2.3619 0.9595
-8.4230 5.4806 -2.3618 0.9595
-8.8607 5.3227 -2.4293 0.9584
-9.3490 5.1687 -2.5107 0.9571
-9.7094 4.4910 -2.5142 0.9570
-10.1331 3.4201 -2.5135 0.9570
-10.2482 3.0538 -2.5132 0.9570
-10.4383 2.3101 -2.5126 0.9570
-10.5743 1.5548 -2.5119 0.9570
-10.6753 0.4088 -2.5108 0.9571
-10.6519 -0.7409 -2.5095 0.9571
-10.6166 -1.1226 -2.5090 0.9571
-10.4284 -2.2561 -2.5076 0.9571
-10.3386 -2.6285 -2.5071 0.9571
-10.2355 -2.9973 -2.5066 0.9571
-9.9899 -3.7224 -2.5056 0.9571
-9.8477 -4.0778 -2.5050 0.9571
-9.5256 -4.7717 -2.5039 0.9572
-9.3461 -5.1095 -2.5034 0.9572
-8.7367 -6.0805 -2.5017 0.9572
-7.7693 -7.2617 -2.4994 0.9572
-7.5019 -7.5342 -2.4988 0.9573
-7.2250 -7.7968 -2.4982 0.9573
-6.9388 -8.0493 -2.4977 0.9573
-6.3405 -8.5225 -2.4965 0.9573
-6.0291 -8.7427 -2.4960 0.9573
-5.3839 -9.1486 -2.4948 0.9573
-5.0509 -9.3339 -2.4943 0.9573
-4.7116 -9.5072 -2.4937 0.9573
-4.3663 -9.6681 -2.4932 0.9573
-2.9352 -10.1851 -2.4912 0.9574
-2.5672 -10.2819 -2.4907 0.9574
-2.1960 -10.3654 -2.4902 0.9574
-1.8222 -10.4356 -2.4897 0.9574
-1.4461 -10.4924 -2.4893 0.9574
-1.0683 -10.5357 -2.4888 0.9574
-0.6893 -10.5654 -2.4884 0.9574
-0.3096 -10.5816 -2.4880 0.9574
0.0705 -10.5842 -2.4876 0.9574
1.5837 -10.4591 -2.4861 0.9575
1.9579 -10.3941 -2.4858 0.9575
2.3295 -10.3159 -2.4855 0.9575
3.7804 -9.8722 -2.4845 0.9575
4.4783 -9.5740 -2.4841 0.9575
4.8187 -9.4064 -2.4839 0.9575
5.1530 -9.2268 -2.4838 0.9575
6.1142 -8.6181 -2.4834 0.9575
6.7165 -8.1568 -2.4833 0.9575
7.2843 -7.6538 -2.4833 0.9575
7.8147 -7.1115 -2.4833 0.9575
8.7533 -5.9206 -2.4836 0.9575
8.9606 -5.6028 -2.4838 0.9575
9.6731 -4.2639 -2.4845 0.9575
9.8208 -3.9142 -2.4847 0.9575
10.1880 -2.8367 -2.4855 0.9575
10.4379 -1.7256 -2.4864 0.9575
10.4946 -1.3500 -2.4868 0.9575
10.5676 -0.5937 -2.4875 0.9574
10.5838 -0.2140 -2.4879 0.9574
10.5864 0.1661 -2.4883 0.9574
10.5754 0.5461 -2.4888 0.9574
10.0639 1.9899 -2.4110 0.9587
9.6892 2.2801 -2.3394 0.9599
9.5045 2.9706 -2.3403 0.9599
9.3937 3.3105 -2.3408 0.9599
9.2707 3.6464 -2.3413 0.9599
8.2879 5.5512 -2.3444 0.9598
8.0852 5.8465 -2.3450 0.9598
7.8719 6.1344 -2.3455 0.9598
7.6483 6.4145 -2.3460 0.9598
7.4149 6.6864 -2.3466 0.9598
7.1717 6.9499 -2.3471 0.9598
6.9192 7.2045 -2.3476 0.9598
6.6576 7.4500 -2.3482 0.9598
5.8221 8.1281 -2.3498 0.9598
5.2263 8.5287 -2.3509 0.9597
4.9179 8.7128 -2.3514 0.9597
4.2819 9.0471 -2.3524 0.9597
3.6233 9.3350 -2.3534 0.9597
3.2866 9.4610 -2.3539 0.9597
2.9454 9.5748 -2.3544 0.9597
2.2517 9.7654 -2.3553 0.9597
1.5459 9.9055 -2.3562 0.9596
1.1895 9.9564 -2.3566 0.9596
0.8315 9.9944 -2.3570 0.9596
-0.2479 10.0309 -2.3582 0.9596
-0.6080 10.0170 -2.3586 0.9596
-1.6820 9.8978 -2.3596 0.9596
-2.0365 9.8322 -2.3599 0.9596
-2.3884 9.7540 -2.3601 0.9596
-3.7614 9.3154 -2.3611 0.9596
-4.4208 9.0230 -2.3615 0.9596
-4.7421 8.8591 -2.3616 0.9596
-5.0574 8.6836 -2.3617 0.9595
-5.9624 8.0906 -2.3620 0.9595
-6.2491 7.8715 -2.3621 0.9595
-6.8573 6.4678 -2.2154 0.9620
-7.7872 6.3536 -2.3621 0.9595
-8.0100 6.0697 -2.3620 0.9595
-8.8658 5.3234 -2.4304 0.9584
-9.3501 5.1669 -2.5107 0.9571
-9.5437 4.8351 -2.5144 0.9570
-9.8644 4.1372 -2.5140 0.9570
-10.0056 3.7800 -2.5138 0.9570
-10.2488 3.0517 -2.5132 0.9570
-10.6753 0.4066 -2.5108 0.9571
-10.6813 0.0231 -2.5104 0.9571
-10.5671 -1.5048 -2.5086 0.9571
-10.5043 -1.8828 -2.5081 0.9571
-10.3381 -2.6306 -2.5071 0.9571
-10.2349 -2.9994 -2.5066 0.9571
-10.1185 -3.3642 -2.5061 0.9571
-9.8469 -4.0798 -2.5050 0.9571
-9.6920 -4.4296 -2.5045 0.9572
-9.5246 -4.7737 -2.5039 0.9572
-9.3451 -5.1114 -2.5034 0.9572
-8.5096 -6.3905 -2.5011 0.9572
-7.7679 -7.2633 -2.4994 0.9572
-7.5004 -7.5357 -2.4988 0.9573
-6.9372 -8.0507 -2.4977 0.9573
-6.6422 -8.2927 -2.4971 0.9573
-6.0274 -8.7439 -2.4959 0.9573
-4.7097 -9.5081 -2.4937 0.9573
-4.0136 -9.8173 -2.4927 0.9574
-3.6578 -9.9530 -2.4922 0.9574
-3.2975 -10.0758 -2.4916 0.9574
-2.9331 -10.1857 -2.4911 0.9574
-1.8200 -10.4360 -2.4897 0.9574
-1.0662 -10.5359 -2.4888 0.9574
0.4525 -10.5731 -2.4872 0.9574
0.8316 -10.5485 -2.4868 0.9575
1.5858 -10.4587 -2.4861 0.9575
2.3316 -10.3154 -2.4855 0.9575
3.0650 -10.1193 -2.4850 0.9575
4.1340 -9.7285 -2.4843 0.9575
4.4802 -9.5731 -2.4841 0.9575
4.8206 -9.4054 -2.4839 0.9575
5.4824 -9.0343 -2.4836 0.9575
5.8029 -8.8312 -2.4835 0.9575
6.1159 -8.6169 -2.4834 0.9575
6.7181 -8.1555 -2.4833 0.9575
7.0064 -7.9090 -2.4833 0.9575
7.2858 -7.6523 -2.4833 0.9575
7.5558 -7.3859 -2.4833 0.9575
8.5360 -6.2290 -2.4835 0.9575
8.7545 -5.9188 -2.4836 0.9575
8.9618 -5.6010 -2.4838 0.9575
9.3418 -4.9442 -2.4841 0.9575
9.8216 -3.9123 -2.4847 0.9575
9.9567 -3.5575 -2.4849 0.9575
10.0791 -3.1982 -2.4852 0.9575
10.4382 -1.7235 -2.4864 0.9575
10.4949 -1.3479 -2.4868 0.9575
10.5380 -0.9704 -2.4872 0.9574
10.5677 -0.5916 -2.4875 0.9574
10.5838 -0.2119 -2.4879 0.9574
10.5864 0.1682 -2.4884 0.9574
10.5507 0.9277 -2.4892 0.9574
10.5125 1.3060 -2.4897 0.9574
9.5039 2.9725 -2.3403 0.9599
9.3930 3.3125 -2.3408 0.9599
9.1350 3.9795 -2.3418 0.9599
8.9882 4.3058 -2.3423 0.9599
6.6292 3.4736 -1.7589 0.9697
8.4789 5.2507 -2.3439 0.9598
8.2868 5.5529 -2.3444 0.9598
8.0840 5.8481 -2.3450 0.9598
7.8706 6.1360 -2.3455 0.9598
7.6470 6.4160 -2.3460 0.9598
6.1072 7.9133 -2.3493 0.9598
5.2246 8.5298 -2.3509 0.9597
4.9161 8.7138 -2.3514 0.9597
4.2801 9.0480 -2.3524 0.9597
3.2846 9.4617 -2.3539 0.9597
2.9435 9.5754 -2.3544 0.9597
2.5984 9.6769 -2.3548 0.9597
1.5439 9.9058 -2.3562 0.9596
-0.6100 10.0169 -2.3586 0.9596
-0.9693 9.9900 -2.3589 0.9596
-1.3275 9.9502 -2.3592 0.9596
-2.0385 9.8318 -2.3599 0.9596
-2.3904 9.7535 -2.3601 0.9596
-2.7393 9.6625 -2.3604 0.9596
-3.0847 9.5589 -2.3606 0.9596
-3.4262 9.4429 -2.3609 0.9596
-3.7633 9.3147 -2.3611 0.9596
-4.0956 9.1743 -2.3613 0.9596
-4.4226 9.0221 -2.3615 0.9596
-4.7439 8.8581 -2.3616 0.9596
-5.0592 8.6826 -2.3617 0.9595
-5.3678 8.4958 -2.3619 0.9595
-5.6696 8.2980 -2.3620 0.9595
-6.5293 7.6409 -2.3621 0.9595
-6.7248 7.3204 -2.3362 0.9600
-6.7930 6.8816 -2.2726 0.9610
-6.8577 6.4655 -2.2151 0.9620
-7.7885 6.3520 -2.3620 0.9595
-8.4252 5.4772 -2.3618 0.9595
-9.5447 4.8331 -2.5144 0.9570
-9.8652 4.1352 -2.5140 0.9570
-10.1344 3.4160 -2.5135 0.9570
-10.5139 1.9294 -2.5123 0.9570
-10.5749 1.5505 -2.5119 0.9570
-10.6222 1.1697 -2.5116 0.9570
-10.6557 0.7875 -2.5112 0.9570
-10.5668 -1.5070 -2.5086 0.9571
-10.5039 -1.8850 -2.5081 0.9571
-10.3375 -2.6327 -2.5071 0.9571
-10.2343 -3.0015 -2.5066 0.9571
-10.1178 -3.3662 -2.5061 0.9571
-9.9884 -3.7265 -2.5055 0.9571
-9.3440 -5.1133 -2.5034 0.9572
-8.9490 -5.7679 -2.5022 0.9572
-8.5083 -6.3922 -2.5011 0.9572
-7.7664 -7.2648 -2.4994 0.9572
-7.4989 -7.5372 -2.4988 0.9573
-6.0256 -8.7451 -2.4959 0.9573
-5.3802 -9.1508 -2.4948 0.9573
-4.3624 -9.6699 -2.4932 0.9573
-3.6558 -9.9537 -2.4922 0.9574
-3.2955 -10.0765 -2.4916 0.9574
-2.5630 -10.2829 -2.4907 0.9574
-2.1918 -10.3663 -2.4902 0.9574
-1.0641 -10.5361 -2.4888 0.9574
-0.6850 -10.5657 -2.4884 0.9574
-0.3053 -10.5817 -2.4880 0.9574
0.4546 -10.5730 -2.4872 0.9574
0.8337 -10.5483 -2.4868 0.9575
1.2117 -10.5101 -2.4865 0.9575
1.5880 -10.4584 -2.4861 0.9575
2.7021 -10.2234 -2.4852 0.9575
3.0670 -10.1187 -2.4850 0.9575
4.1360 -9.7276 -2.4843 0.9575
4.8225 -9.4044 -2.4839 0.9575
6.1177 -8.6157 -2.4834 0.9575
6.7198 -8.1541 -2.4833 0.9575
7.2874 -7.6508 -2.4833 0.9575
7.5573 -7.3843 -2.4833 0.9575
7.8176 -7.1084 -2.4833 0.9575
8.3079 -6.5295 -2.4834 0.9575
8.5373 -6.2273 -2.4835 0.9575
8.7557 -5.9170 -2.4836 0.9575
9.1587 -5.2742 -2.4839 0.9575
9.6748 -4.2600 -2.4845 0.9575
9.9575 -3.5555 -2.4849 0.9575
10.0797 -3.1961 -2.4852 0.9575
10.1891 -2.8325 -2.4855 0.9575
10.2855 -2.4652 -2.4858 0.9575
10.4386 -1.7214 -2.4864 0.9575
10.4951 -1.3457 -2.4868 0.9575
10.5382 -0.9683 -2.4872 0.9574
10.5678 -0.5894 -2.4875 0.9574
10.5839 -0.2097 -2.4879 0.9574
10.5752 0.5504 -2.4888 0.9574
10.4442 1.6824 -2.4863 0.9575
10.0538 1.9922 -2.4088 0.9588
9.3924 3.3144 -2.3408 0.9599
9.2693 3.6502 -2.3413 0.9599
9.1342 3.9814 -2.3418 0.9599
8.6590 4.9436 -2.3434 0.9599
8.2857 5.5546 -2.3444 0.9598
7.8694 6.1376 -2.3455 0.9598
7.1689 6.9528 -2.3471 0.9598
6.9163 7.2073 -2.3477 0.9598
6.3843 7.6885 -2.3487 0.9598
6.1056 7.9146 -2.3493 0.9598
5.2228 8.5309 -2.3509 0.9597
4.9144 8.7148 -2.3514 0.9597
4.5993 8.8875 -2.3519 0.9597
3.6195 9.3365 -2.3534 0.9597
2.9416 9.5761 -2.3544 0.9597
2.5964 9.6774 -2.3549 0.9597
2.2478 9.7663 -2.3553 0.9597
2.9842 8.5849 -2.3533 0.9631
0.7563 9.0683 -2.3561 0.9631
0.4303 9.0910 -2.3565 0.9631
0.1037 9.1020 -2.3568 0.9631
-0.2231 9.1012 -2.3572 0.9631
-0.5498 9.0885 -2.3575 0.9631
-1.2007 9.0280 -2.3581 0.9631
-2.7950 8.6732 -2.3594 0.9630
-3.4107 8.4518 -2.3598 0.9630
-3.7122 8.3245 -2.3600 0.9630
-4.5864 7.8786 -2.3604 0.9630
-4.8665 7.7092 -2.3605 0.9630
-5.6676 7.1420 -2.3607 0.9630
-6.4027 6.4915 -2.3608 0.9630
-6.6316 6.2574 -2.3607 0.9630
-6.8518 6.0152 -2.3607 0.9630
-7.0632 5.7653 -2.3607 0.9630
-7.2654 5.5078 -2.3606 0.9630
-7.4581 5.2433 -2.3605 0.9630
-8.3082 4.9909 -2.5094 0.9607
-8.9484 3.7551 -2.5126 0.9607
-9.1931 3.1028 -2.5122 0.9607
-9.4703 2.0959 -2.5114 0.9607
-9.5383 1.7543 -2.5111 0.9607
-9.5939 1.4106 -2.5107 0.9607
-9.6859 0.3709 -2.5097 0.9607
-9.6333 -1.0186 -2.5081 0.9608
-9.5889 -1.3635 -2.5077 0.9608
-9.5321 -1.7066 -2.5073 0.9608
-9.4630 -2.0473 -2.5068 0.9608
-9.3817 -2.3852 -2.5064 0.9608
-9.2884 -2.7200 -2.5059 0.9608
-9.1830 -3.0511 -2.5054 0.9608
-9.0658 -3.3781 -2.5050 0.9608
-8.9370 -3.7007 -2.5045 0.9608
-7.9297 -5.5189 -2.5014 0.9609
-7.5102 -6.0710 -2.5004 0.9609
-7.2859 -6.3354 -2.4999 0.9609
-6.8097 -6.8390 -2.4988 0.9609
-6.5584 -7.0775 -2.4983 0.9609
-5.7560 -7.7368 -2.4968 0.9609
-5.4734 -7.9368 -2.4962 0.9609
-5.1839 -8.1265 -2.4957 0.9610
-4.8878 -8.3057 -2.4952 0.9610
-4.5856 -8.4741 -2.4947 0.9610
-4.2776 -8.6315 -2.4942 0.9610
-3.9643 -8.7778 -2.4938 0.9610
-3.6459 -8.9127 -2.4933 0.9610
-2.6651 -9.2479 -2.4919 0.9610
-2.3310 -9.3359 -2.4914 0.9610
-1.9940 -9.4120 -2.4910 0.9610
-1.6546 -9.4759 -2.4906 0.9610
-0.2811 -9.6090 -2.4890 0.9611
0.4089 -9.6017 -2.4883 0.9611
1.0965 -9.5451 -2.4876 0.9611
1.7781 -9.4396 -2.4871 0.9611
2.7817 -9.1908 -2.4863 0.9611
3.7527 -8.8363 -2.4857 0.9611
4.0672 -8.6953 -2.4855 0.9611
4.3765 -8.5431 -2.4853 0.9611
5.2688 -8.0219 -2.4850 0.9611
6.8612 -6.7096 -2.4847 0.9611
7.5432 -5.9334 -2.4849 0.9611
7.7516 -5.6590 -2.4849 0.9611
7.9500 -5.3773 -2.4850 0.9611
8.3162 -4.7935 -2.4853 0.9611
8.4835 -4.4922 -2.4855 0.9611
8.9193 -3.5549 -2.4860 0.9611
9.0419 -3.2327 -2.4863 0.9611
9.1531 -2.9064 -2.4865 0.9611
9.5696 -0.8832 -2.4883 0.9611
9.5459 1.1840 -2.4905 0.9610
9.4252 1.8636 -2.4876 0.9611
9.1490 2.1530 -2.4336 0.9619
8.7193 2.3852 -2.3405 0.9633
8.6296 2.6971 -2.3409 0.9633
8.4171 3.3106 -2.3418 0.9633
8.1610 3.9075 -2.3428 0.9633
7.5238 5.0394 -2.3447 0.9633
7.3396 5.3074 -2.3451 0.9633
7.1458 5.5686 -2.3456 0.9633
6.2805 6.5395 -2.3476 0.9632
6.0430 6.7621 -2.3481 0.9632
5.7975 6.9761 -2.3486 0.9632
5.5445 7.1813 -2.3491 0.9632
5.0170 7.5637 -2.3500 0.9632
3.8859 8.2104 -2.3519 0.9632
3.5894 8.3463 -2.3524 0.9632
2.9824 8.5856 -2.3533 0.9631
2.6728 8.6887 -2.3537 0.9631
2.3596 8.7806 -2.3541 0.9631
1.7242 8.9304 -2.3549 0.9631
1.0793 9.0341 -2.3557 0.9631
0.7544 9.0685 -2.3561 0.9631
0.1019 9.1020 -2.3568 0.9631
-0.8776 9.0640 -2.3578 0.9631
-1.2026 9.0278 -2.3581 0.9631
-1.5261 8.9799 -2.3584 0.9631
-2.1669 8.8492 -2.3589 0.9631
-2.7968 8.6727 -2.3594 0.9630
-3.4124 8.4511 -2.3598 0.9630
-4.5880 7.8777 -2.3604 0.9630
-5.4089 7.3396 -2.3606 0.9630
-6.1669 6.7159 -2.3608 0.9630
-6.8530 6.0138 -2.3607 0.9630
-7.2665 5.5063 -2.3606 0.9630
-7.4592 5.2418 -2.3605 0.9630
-8.3094 4.9893 -2.5095 0.9607
-8.6581 4.3864 -2.5130 0.9607
-8.8093 4.0725 -2.5128 0.9607
-9.0773 3.4293 -2.5124 0.9607
-9.1937 3.1010 -2.5122 0.9607
-9.2981 2.7687 -2.5119 0.9607
-9.3905 2.4328 -2.5116 0.9607
-9.4707 2.0940 -2.5114 0.9607
-9.6373 1.0633 -2.5104 0.9607
-9.6860 0.3689 -2.5097 0.9607
-9.6916 0.0210 -2.5093 0.9607
-9.6846 -0.3269 -2.5089 0.9608
-9.6651 -0.6742 -2.5085 0.9608
-9.6331 -1.0206 -2.5081 0.9608
-9.5886 -1.3655 -2.5077 0.9608
-9.5318 -1.7085 -2.5073 0.9608
-9.4626 -2.0492 -2.5068 0.9608
-9.2878 -2.7218 -2.5059 0.9608
-9.1824 -3.0529 -2.5054 0.9608
-8.9362 -3.7025 -2.5045 0.9608
-8.4813 -4.6389 -2.5030 0.9608
-8.3076 -4.9394 -2.5025 0.9609
-7.9286 -5.5205 -2.5014 0.9609
-7.7237 -5.8003 -2.5009 0.9609
-7.5089 -6.0726 -2.5004 0.9609
-7.2846 -6.3369 -2.4999 0.9609
-6.5570 -7.0789 -2.4983 0.9609
-6.2973 -7.3081 -2.4978 0.9609
-6.0297 -7.5279 -2.4973 0.9609
-5.1822 -8.1275 -2.4957 0.9610
-4.2759 -8.6324 -2.4942 0.9610
-3.9625 -8.7786 -2.4938 0.9610
-3.6441 -8.9135 -2.4933 0.9610
-2.9941 -9.1485 -2.4923 0.9610
-2.6632 -9.2484 -2.4919 0.9610
-1.6527 -9.4762 -2.4906 0.9610
-1.3112 -9.5278 -2.4902 0.9610
-0.9682 -9.5672 -2.4898 0.9610
-0.6240 -9.5943 -2.4894 0.9611
0.4109 -9.6016 -2.4883 0.9611
1.0984 -9.5449 -2.4876 0.9611
1.4402 -9.4981 -2.4873 0.9611
2.1175 -9.3682 -2.4868 0.9611
2.4521 -9.2852 -2.4865 0.9611
2.7836 -9.1903 -2.4863 0.9611
3.7545 -8.8355 -2.4857 0.9611
4.6818 -8.3791 -2.4852 0.9611
4.9793 -8.2052 -2.4851 0.9611
5.2704 -8.0209 -2.4850 0.9611
6.1017 -7.4072 -2.4848 0.9611
6.6173 -6.9502 -2.4847 0.9611
7.0990 -6.4576 -2.4848 0.9611
7.3264 -6.1987 -2.4848 0.9611
7.7527 -5.6574 -2.4849 0.9611
8.3172 -4.7918 -2.4853 0.9611
8.4844 -4.4905 -2.4855 0.9611
8.6407 -4.1833 -2.4856 0.9611
8.9200 -3.5531 -2.4860 0.9611
9.1536 -2.9045 -2.4865 0.9611
9.4159 -1.9042 -2.4873 0.9611
9.4794 -1.5652 -2.4876 0.9611
9.5307 -1.2240 -2.4879 0.9611
9.5698 -0.8812 -2.4883 0.9611
9.5966 -0.5372 -2.4886 0.9611
9.6132 0.1527 -2.4893 0.9611
9.6030 0.4978 -2.4897 0.9610
9.5805 0.8424 -2.4901 0.9610
9.5457 1.1859 -2.4905 0.9610
9.4248 1.8655 -2.4876 0.9611
9.1448 2.1539 -2.4326 0.9619
8.6291 2.6989 -2.3410 0.9633
8.5282 3.0075 -2.3414 0.9633
8.4164 3.3123 -2.3418 0.9633
8.1602 3.9092 -2.3428 0.9633
6.6091 3.4631 -1.9319 0.9696
7.8619 4.4864 -2.3437 0.9633
7.6973 4.7667 -2.3442 0.9633
7.5228 5.0410 -2.3447 0.9633
6.9416 5.8241 -2.3461 0.9633
6.7295 6.0708 -2.3466 0.9632
6.5086 6.3098 -2.3471 0.9632
6.2792 6.5408 -2.3476 0.9632
6.0416 6.7633 -2.3481 0.9632
5.7961 6.9773 -2.3486 0.9632
5.2828 7.3783 -2.3495 0.9632
5.0155 7.5647 -2.3500 0.9632
4.7417 7.7414 -2.3505 0.9632
4.1757 8.0649 -2.3514 0.9632
3.8843 8.2112 -2.3519 0.9632
3.5877 8.3470 -2.3524 0.9632
2.9807 8.5862 -2.3533 0.9631
2.3578 8.7811 -2.3541 0.9631
1.7223 8.9308 -2.3549 0.9631
1.0775 9.0344 -2.3557 0.9631
0.4266 9.0912 -2.3565 0.9631
0.1000 9.1021 -2.3568 0.9631
-1.2044 9.0276 -2.3581 0.9631
-1.8494 8.9200 -2.3587 0.9631
-2.4852 8.7661 -2.3592 0.9631
-2.7985 8.6721 -2.3594 0.9630
-3.7155 8.3230 -2.3600 0.9630
-4.8696 7.7073 -2.3605 0.9630
-5.1433 7.5278 -2.3606 0.9630
-5.4104 7.3385 -2.3606 0.9630
-6.1683 6.7146 -2.3608 0.9630
-6.4054 6.4889 -2.3608 0.9630
-6.6341 6.2547 -2.3607 0.9630
-6.8543 6.0124 -2.3607 0.9630
-7.0655 5.7624 -2.3607 0.9630
-7.4602 5.2402 -2.3605 0.9630
-8.6590 4.3846 -2.5130 0.9607
-9.1943 3.0991 -2.5122 0.9607
-9.2987 2.7668 -2.5119 0.9607
-9.3910 2.4309 -2.5116 0.9607
-9.6680 0.7145 -2.5101 0.9607
-9.6649 -0.6762 -2.5085 0.9608
-9.5883 -1.3674 -2.5077 0.9608
-9.5314 -1.7104 -2.5073 0.9608
-9.4622 -2.0511 -2.5068 0.9608
-9.2872 -2.7237 -2.5059 0.9608
-8.9355 -3.7043 -2.5045 0.9608
-8.4804 -4.6407 -2.5030 0.9608
-8.3066 -4.9411 -2.5025 0.9609
-8.1222 -5.2350 -2.5020 0.9609
-7.9274 -5.5221 -2.5014 0.9609
-7.2833 -6.3384 -2.4999 0.9609
-7.0496 -6.5943 -2.4994 0.9609
-6.8069 -6.8417 -2.4988 0.9609
-6.5555 -7.0802 -2.4983 0.9609
-6.2959 -7.3094 -2.4978 0.9609
-5.7528 -7.7391 -2.4968 0.9609
-4.2741 -8.6332 -2.4942 0.9610
-3.9607 -8.7794 -2.4938 0.9610
-3.3193 -9.0375 -2.4928 0.9610
-2.9922 -9.1491 -2.4923 0.9610
-2.6614 -9.2490 -2.4919 0.9610
-1.6507 -9.4765 -2.4906 0.9610
-0.6221 -9.5944 -2.4894 0.9611
-0.2772 -9.6091 -2.4890 0.9611
0.0679 -9.6115 -2.4886 0.9611
0.4128 -9.6015 -2.4883 0.9611
1.1004 -9.5446 -2.4876 0.9611
2.1193 -9.3677 -2.4868 0.9611
2.4540 -9.2847 -2.4865 0.9611
2.7855 -9.1897 -2.4863 0.9611
3.1133 -9.0830 -2.4860 0.9611
4.3799 -8.5413 -2.4853 0.9611
4.6835 -8.3781 -2.4852 0.9611
4.9810 -8.2042 -2.4851 0.9611
5.5564 -7.8251 -2.4849 0.9611
5.8335 -7.6204 -2.4848 0.9611
6.1032 -7.4059 -2.4848 0.9611
6.6187 -6.9489 -2.4847 0.9611
6.8639 -6.7068 -2.4847 0.9611
7.3277 -6.1972 -2.4848 0.9611
7.5456 -5.9303 -2.4849 0.9611
9.0433 -3.2291 -2.4863 0.9611
9.1542 -2.9026 -2.4865 0.9611
9.2535 -2.5724 -2.4868 0.9611
9.3409 -2.2388 -2.4870 0.9611
9.4163 -1.9023 -2.4873 0.9611
9.4797 -1.5633 -2.4876 0.9611
9.5700 -0.8793 -2.4883 0.9611
9.5967 -0.5353 -2.4886 0.9611
9.6029 0.4998 -2.4897 0.9610
9.4983 1.5300 -2.4910 0.9610
9.4243 1.8674 -2.4876 0.9611
8.7183 2.3887 -2.3405 0.9633
8.6285 2.7006 -2.3410 0.9633
8.2930 3.6147 -2.3423 0.9633
6.6094 3.4650 -1.9322 0.9696
7.1436 5.5715 -2.3456 0.9633
6.7282 6.0722 -2.3466 0.9632
6.5073 6.3111 -2.3471 0.9632
6.2778 6.5420 -2.3476 0.9632
6.0402 6.7646 -2.3481 0.9632
5.5416 7.1835 -2.3491 0.9632
5.2813 7.3793 -2.3495 0.9632
5.0140 7.5657 -2.3500 0.9632
4.4601 7.9092 -2.3510 0.9632
4.1741 8.0658 -2.3514 0.9632
3.5860 8.3477 -2.3524 0.9632
2.3561 8.7816 -2.3541 0.9631
2.0397 8.8621 -2.3545 0.9631
1.7205 8.9311 -2.3550 0.9631
1.3991 8.9887 -2.3553 0.9631
2.4456 7.9443 -2.3531 0.9660
2.1592 8.0283 -2.3535 0.9660
1.8699 8.1019 -2.3539 0.9660
1.5781 8.1651 -2.3543 0.9660
1.2842 8.2178 -2.3546 0.9660
0.3934 8.3118 -2.3557 0.9660
-0.2040 8.3209 -2.3563 0.9660
-0.8007 8.2869 -2.3569 0.9660
-1.0978 8.2537 -2.3571 0.9660
-1.3935 8.2099 -2.3574 0.9660
-1.6875 8.1555 -2.3577 0.9660
-2.8384 7.8328 -2.3585 0.9660
-3.1180 7.7264 -2.3587 0.9660
-3.6648 7.4838 -2.3590 0.9660
-4.9432 6.7105 -2.3595 0.9659
-5.1810 6.5289 -2.3595 0.9659
-5.4121 6.3387 -2.3596 0.9659
-6.0622 5.7202 -2.3596 0.9659
-6.2636 5.4988 -2.3595 0.9659
-6.4568 5.2703 -2.3595 0.9659
-6.6417 5.0350 -2.3594 0.9659
-7.4273 4.8328 -2.5085 0.9638
-7.6068 4.5696 -2.5121 0.9638
-7.7655 4.2933 -2.5120 0.9638
-7.9142 4.0115 -2.5118 0.9638
-8.1805 3.4329 -2.5115 0.9638
-8.2977 3.1368 -2.5113 0.9638
-8.5845 2.2259 -2.5106 0.9638
-8.6580 1.9161 -2.5103 0.9638
-8.7712 1.2897 -2.5098 0.9638
-8.8556 0.3391 -2.5088 0.9638
-8.8547 -0.2971 -2.5081 0.9638
-8.8370 -0.6146 -2.5077 0.9638
-8.7675 -1.2467 -2.5070 0.9639
-8.6527 -1.8720 -2.5062 0.9639
-8.5785 -2.1810 -2.5058 0.9639
-8.3970 -2.7899 -2.5049 0.9639
-8.2900 -3.0890 -2.5045 0.9639
-7.7569 -4.2407 -2.5027 0.9639
-7.5983 -4.5155 -2.5022 0.9639
-6.6635 -5.7943 -2.4998 0.9640
-6.4500 -6.0286 -2.4993 0.9640
-5.2649 -7.0767 -2.4970 0.9640
-4.7418 -7.4334 -2.4960 0.9640
-3.9130 -7.8958 -2.4947 0.9640
-3.6264 -8.0297 -2.4942 0.9640
-3.3352 -8.1533 -2.4938 0.9640
-3.0399 -8.2663 -2.4934 0.9640
-2.7407 -8.3687 -2.4929 0.9641
-1.5137 -8.6692 -2.4913 0.9641
-0.8876 -8.7529 -2.4906 0.9641
-0.2572 -8.7915 -2.4899 0.9641
0.0586 -8.7939 -2.4895 0.9641
0.3741 -8.7850 -2.4892 0.9641
0.6892 -8.7648 -2.4889 0.9641
1.0033 -8.7334 -2.4886 0.9641
1.3160 -8.6908 -2.4884 0.9641
1.6269 -8.6370 -2.4881 0.9641
2.2420 -8.4964 -2.4876 0.9641
3.1416 -8.2041 -2.4870 0.9641
4.8212 -7.3405 -2.4862 0.9641
5.0814 -7.1624 -2.4861 0.9642
5.5820 -6.7791 -2.4860 0.9642
5.8217 -6.5743 -2.4860 0.9642
6.0539 -6.3610 -2.4860 0.9642
6.7029 -5.6735 -2.4860 0.9642
7.4469 -4.6564 -2.4864 0.9641
7.6097 -4.3863 -2.4865 0.9641
7.7626 -4.1105 -2.4866 0.9641
7.9057 -3.8294 -2.4868 0.9641
8.1613 -3.2528 -2.4871 0.9641
8.2735 -2.9580 -2.4874 0.9641
8.3750 -2.6593 -2.4876 0.9641
8.5459 -2.0520 -2.4881 0.9641
8.6150 -1.7441 -2.4883 0.9641
8.6730 -1.4338 -2.4886 0.9641
8.7199 -1.1217 -2.4889 0.9641
8.7801 -0.4933 -2.4895 0.9641
8.7652 0.7689 -2.4909 0.9641
8.7333 1.0832 -2.4913 0.9641
8.6901 1.3962 -2.4917 0.9641
8.6358 1.7075 -2.4921 0.9641
8.3728 2.2904 -2.4574 0.9646
7.8944 2.4673 -2.3415 0.9662
7.8021 2.7496 -2.3419 0.9662
7.6997 3.0285 -2.3423 0.9662
6.8348 3.2725 -2.1452 0.9690
6.5887 3.4507 -2.1055 0.9696
7.0416 4.3587 -2.3444 0.9662
6.8819 4.6095 -2.3449 0.9662
6.3501 5.3256 -2.3462 0.9661
5.7440 5.9809 -2.3475 0.9661
5.5267 6.1844 -2.3480 0.9661
5.3021 6.3800 -2.3484 0.9661
5.0706 6.5675 -2.3489 0.9661
4.8325 6.7466 -2.3493 0.9661
4.0815 7.2310 -2.3506 0.9661
3.5535 7.5080 -2.3515 0.9661
3.2822 7.6320 -2.3519 0.9661
3.0067 7.7463 -2.3523 0.9660
1.8683 8.1023 -2.3539 0.9660
1.5765 8.1654 -2.3543 0.9660
0.6898 8.2913 -2.3553 0.9660
0.0932 8.3218 -2.3560 0.9660
-0.2057 8.3208 -2.3563 0.9660
-1.3952 8.2096 -2.3574 0.9660
-2.2703 8.0144 -2.3581 0.9660
-2.8400 7.8322 -2.3585 0.9660
-3.1195 7.7258 -2.3587 0.9660
-3.6663 7.4830 -2.3590 0.9660
-3.9328 7.3470 -2.3591 0.9659
-5.1824 6.5278 -2.3595 0.9659
-5.6375 6.1393 -2.3596 0.9659
-6.2647 5.4975 -2.3595 0.9659
-6.4579 5.2690 -2.3595 0.9659
-6.6427 5.0336 -2.3594 0.9659
-7.7664 4.2917 -2.5120 0.9638
-8.0533 3.7230 -2.5117 0.9638
-8.2984 3.1351 -2.5113 0.9638
-8.4049 2.8349 -2.5111 0.9638
-8.7714 1.2879 -2.5098 0.9638
-8.8109 0.9721 -2.5094 0.9638
-8.8557 0.3373 -2.5088 0.9638
-8.8546 -0.2989 -2.5081 0.9638
-8.8369 -0.6165 -2.5077 0.9638
-8.7154 -1.5622 -2.5066 0.9639
-8.5780 -2.1827 -2.5058 0.9639
-8.4927 -2.4888 -2.5053 0.9639
-7.9048 -3.9618 -2.5031 0.9639
-7.5974 -4.5171 -2.5022 0.9639
-7.4289 -4.7860 -2.5017 0.9639
-7.0637 -5.3047 -2.5008 0.9639
-6.8674 -5.5538 -2.5003 0.9639
-6.4488 -6.0299 -2.4993 0.9640
-5.9972 -6.4745 -2.4984 0.9640
-5.2634 -7.0777 -2.4970 0.9640
-5.0050 -7.2607 -2.4965 0.9640
-4.7403 -7.4344 -2.4960 0.9640
-4.4695 -7.5983 -2.4956 0.9640
-4.1931 -7.7525 -2.4951 0.9640
-3.9114 -7.8965 -2.4947 0.9640
-3.3336 -8.1539 -2.4938 0.9640
-2.7390 -8.3692 -2.4929 0.9641
-2.4364 -8.4608 -2.4925 0.9641
-1.5120 -8.6695 -2.4913 0.9641
-0.2554 -8.7916 -2.4899 0.9641
0.3759 -8.7849 -2.4892 0.9641
0.6910 -8.7647 -2.4889 0.9641
1.0050 -8.7332 -2.4886 0.9641
1.6287 -8.6367 -2.4881 0.9641
1.9375 -8.5718 -2.4878 0.9641
2.2437 -8.4959 -2.4876 0.9641
3.1433 -8.2034 -2.4870 0.9641
3.4355 -8.0847 -2.4868 0.9641
4.0062 -7.8165 -2.4865 0.9641
4.2840 -7.6672 -2.4864 0.9641
5.3366 -6.9742 -2.4860 0.9642
5.5834 -6.7780 -2.4860 0.9642
6.4960 -5.9091 -2.4860 0.9642
6.7040 -5.6722 -2.4860 0.9642
7.0941 -5.1768 -2.4862 0.9641
7.4479 -4.6548 -2.4864 0.9641
7.6105 -4.3847 -2.4865 0.9641
8.2741 -2.9563 -2.4874 0.9641
8.6154 -1.7423 -2.4883 0.9641
8.6733 -1.4321 -2.4886 0.9641
8.7202 -1.1199 -2.4889 0.9641
8.7558 -0.8063 -2.4892 0.9641
8.7802 -0.4915 -2.4895 0.9641
8.7934 -0.1760 -2.4898 0.9641
8.7952 0.1397 -2.4902 0.9641
8.7331 1.0850 -2.4913 0.9641
8.5573 2.0155 -2.4888 0.9641
8.3692 2.2912 -2.4564 0.9646
7.6991 3.0300 -2.3423 0.9662
7.5867 3.3050 -2.3427 0.9662
7.1914 4.1038 -2.3440 0.9662
7.0407 4.3601 -2.3444 0.9662
6.7123 4.8558 -2.3453 0.9661
6.5349 5.0946 -2.3457 0.9661
6.3490 5.3269 -2.3462 0.9661
5.9527 5.7709 -2.3471 0.9661
5.7428 5.9821 -2.3475 0.9661
4.8312 6.7476 -2.3493 0.9661
2.4424 7.9453 -2.3531 0.9660
2.1559 8.0292 -2.3535 0.9660
1.8666 8.1027 -2.3539 0.9660
0.9852 8.2602 -2.3550 0.9660
0.6881 8.2915 -2.3553 0.9660
0.0915 8.3218 -2.3560 0.9660
-0.5060 8.3091 -2.3566 0.9660
-0.8040 8.2865 -2.3569 0.9660
-1.1011 8.2533 -2.3572 0.9660
-1.3968 8.2094 -2.3574 0.9660
-1.6908 8.1548 -2.3577 0.9660
-2.2720 8.0140 -2.3581 0.9660
-2.8416 7.8316 -2.3585 0.9660
-3.1211 7.7252 -2.3587 0.9660
-3.6678 7.4823 -2.3590 0.9660
-3.9343 7.3462 -2.3591 0.9659
-4.4516 7.0456 -2.3593 0.9659
-4.7018 6.8815 -2.3594 0.9659
-5.1837 6.5268 -2.3595 0.9659
-5.4147 6.3365 -2.3596 0.9659
-5.6387 6.1381 -2.3596 0.9659
-5.8554 5.9318 -2.3596 0.9659
-6.0646 5.7177 -2.3596 0.9659
-6.2658 5.4963 -2.3595 0.9659
-6.4589 5.2677 -2.3595 0.9659
-6.6437 5.0323 -2.3594 0.9659
-7.6087 4.5664 -2.5121 0.9638
-7.9158 4.0083 -2.5118 0.9638
-8.1818 3.4296 -2.5115 0.9638
-8.4054 2.8332 -2.5111 0.9638
-8.5854 2.2224 -2.5106 0.9638
-8.7209 1.6004 -2.5100 0.9638
-8.8392 0.6533 -2.5091 0.9638
-8.8557 0.3355 -2.5088 0.9638
-8.8609 0.0174 -2.5085 0.9638
-8.8368 -0.6182 -2.5077 0.9638
-8.7151 -1.5639 -2.5066 0.9639
-8.6519 -1.8755 -2.5062 0.9639
-8.5776 -2.1845 -2.5058 0.9639
-8.4922 -2.4906 -2.5053 0.9639
-8.2887 -3.0924 -2.5045 0.9639
-8.1709 -3.3873 -2.5040 0.9639
-7.7552 -4.2438 -2.5027 0.9639
-7.5964 -4.5186 -2.5022 0.9639
-7.4279 -4.7875 -2.5017 0.9639
-6.8663 -5.5552 -2.5003 0.9639
-6.6612 -5.7970 -2.4998 0.9640
-6.4476 -6.0312 -2.4993 0.9640
-6.2257 -6.2575 -2.4989 0.9640
-5.5137 -6.8867 -2.4974 0.9640
-5.2620 -7.0788 -2.4970 0.9640
-3.6231 -8.0312 -2.4942 0.9640
-3.0365 -8.2675 -2.4933 0.9640
-2.7373 -8.3698 -2.4929 0.9641
-2.4347 -8.4612 -2.4925 0.9641
-2.1290 -8.5418 -2.4921 0.9641
-1.1978 -8.7171 -2.4909 0.9641
-0.8840 -8.7532 -2.4906 0.9641
-0.5691 -8.7780 -2.4902 0.9641
0.0621 -8.7939 -2.4895 0.9641
0.6927 -8.7646 -2.4889 0.9641
1.3195 -8.6903 -2.4883 0.9641
2.5487 -8.4086 -2.4874 0.9641
2.8487 -8.3110 -2.4872 0.9641
3.7249 -7.9549 -2.4866 0.9641
4.0078 -7.8156 -2.4865 0.9641
4.2856 -7.6664 -2.4864 0.9641
4.5578 -7.5072 -2.4863 0.9641
4.8242 -7.3385 -2.4862 0.9641
5.3380 -6.9731 -2.4860 0.9642
5.5848 -6.7769 -2.4860 0.9642
5.8244 -6.5719 -2.4860 0.9642
6.0565 -6.3586 -2.4860 0.9642
6.4972 -5.9077 -2.4860 0.9642
6.7052 -5.6708 -2.4860 0.9642
6.9046 -5.4266 -2.4861 0.9642
7.0952 -5.1754 -2.4862 0.9641
7.7643 -4.1074 -2.4866 0.9641
7.9073 -3.8262 -2.4868 0.9641
8.0401 -3.5402 -2.4870 0.9641
8.3761 -2.6559 -2.4876 0.9641
8.5468 -2.0485 -2.4881 0.9641
8.6157 -1.7406 -2.4883 0.9641
8.6736 -1.4303 -2.4886 0.9641
8.7204 -1.1182 -2.4889 0.9641
8.7803 -0.4897 -2.4895 0.9641
8.7952 0.1415 -2.4902 0.9641
8.7857 0.4572 -2.4905 0.9641
8.7649 0.7724 -2.4909 0.9641
8.7329 1.0867 -2.4913 0.9641
8.6896 1.3997 -2.4917 0.9641
8.6351 1.7110 -2.4921 0.9641
8.5568 2.0172 -2.4888 0.9641
7.8934 2.4706 -2.3415 0.9662
7.8010 2.7528 -2.3419 0.9662
7.6985 3.0316 -2.3423 0.9662
6.5893 3.4544 -2.1062 0.9695
7.0399 4.3615 -2.3444 0.9662
6.8801 4.6123 -2.3449 0.9662
5.7416 5.9832 -2.3475 0.9661
5.5242 6.1867 -2.3480 0.9661
5.2996 6.3822 -2.3484 0.9661
4.8298 6.7485 -2.3493 0.9661
4.5853 6.9189 -2.3498 0.9661
3.8170 7.3758 -2.3511 0.9661
3.2792 7.6334 -2.3519 0.9661
3.0035 7.7475 -2.3523 0.9660
2.7240 7.8517 -2.3527 0.9660
2.4408 7.9458 -2.3531 0.9660
1.5732 8.1661 -2.3543 0.9660
1.9869 7.3875 -2.3530 0.9685
1.1817 7.5616 -2.3540 0.9685
0.9096 7.6002 -2.3543 0.9685
0.6362 7.6290 -2.3547 0.9685
0.3620 7.6479 -2.3550 0.9685
-0.4624 7.6453 -2.3558 0.9685
-1.2821 7.5537 -2.3566 0.9684
-2.0873 7.3741 -2.3572 0.9684
-2.6114 7.2064 -2.3576 0.9684
-3.8573 6.6262 -2.3583 0.9684
-4.3231 6.3328 -2.3584 0.9684
-5.1853 5.6492 -2.3586 0.9684
-5.7625 5.0589 -2.3585 0.9684
-5.9474 4.8545 -2.3613 0.9684
-6.4802 4.9126 -2.5012 0.9665
-7.5263 3.1584 -2.5105 0.9664
-7.7323 2.6098 -2.5101 0.9664
-7.8204 2.3304 -2.5099 0.9664
-7.8983 2.0479 -2.5097 0.9664
-8.0233 1.4757 -2.5092 0.9664
-8.0702 1.1866 -2.5089 0.9664
-8.1067 0.8960 -2.5086 0.9664
-8.1327 0.6044 -2.5083 0.9664
-8.1531 0.0193 -2.5077 0.9665
-8.1475 -0.2733 -2.5074 0.9665
-8.1047 -0.8570 -2.5067 0.9665
-8.0675 -1.1472 -2.5064 0.9665
-8.0200 -1.4358 -2.5060 0.9665
-7.9621 -1.7226 -2.5056 0.9665
-7.8939 -2.0070 -2.5052 0.9665
-7.7272 -2.5674 -2.5045 0.9665
-7.6288 -2.8426 -2.5041 0.9665
-7.4027 -3.3815 -2.5032 0.9665
-6.9927 -4.1557 -2.5020 0.9665
-6.8379 -4.4033 -2.5015 0.9665
-6.3215 -5.1102 -2.5002 0.9666
-5.9365 -5.5486 -2.4993 0.9666
-5.3028 -6.1514 -2.4980 0.9666
-5.0777 -6.3367 -2.4976 0.9666
-4.6083 -6.6824 -2.4967 0.9666
-4.1156 -6.9934 -2.4959 0.9666
-3.8612 -7.1355 -2.4954 0.9666
-3.6020 -7.2683 -2.4950 0.9666
-3.3382 -7.3917 -2.4946 0.9666
-3.0702 -7.5055 -2.4942 0.9666
-2.7984 -7.6097 -2.4938 0.9666
-2.5230 -7.7040 -2.4934 0.9666
-2.2445 -7.7884 -2.4930 0.9666
-1.9632 -7.8628 -2.4927 0.9667
-1.3936 -7.9811 -2.4919 0.9667
-0.8171 -8.0583 -2.4913 0.9667
-0.2368 -8.0941 -2.4906 0.9667
0.0539 -8.0963 -2.4903 0.9667
0.6345 -8.0697 -2.4897 0.9667
0.9237 -8.0409 -2.4895 0.9667
1.2116 -8.0017 -2.4892 0.9667
1.4979 -7.9523 -2.4890 0.9667
2.0643 -7.8229 -2.4885 0.9667
2.3436 -7.7431 -2.4883 0.9667
2.6198 -7.6534 -2.4881 0.9667
3.1618 -7.4447 -2.4878 0.9667
3.4268 -7.3260 -2.4876 0.9667
4.6789 -6.5950 -2.4871 0.9667
4.9125 -6.4227 -2.4871 0.9667
5.1398 -6.2421 -2.4870 0.9667
5.7810 -5.6533 -2.4870 0.9667
5.9803 -5.4422 -2.4870 0.9667
6.1719 -5.2241 -2.4871 0.9667
6.6983 -4.5306 -2.4873 0.9667
6.8569 -4.2874 -2.4874 0.9667
7.0067 -4.0387 -2.4875 0.9667
7.1475 -3.7848 -2.4876 0.9667
7.5145 -2.9950 -2.4881 0.9667
7.6177 -2.7235 -2.4883 0.9667
7.7112 -2.4485 -2.4885 0.9667
7.7948 -2.1703 -2.4887 0.9667
7.9319 -1.6058 -2.4892 0.9667
7.9853 -1.3201 -2.4894 0.9667
8.0612 -0.7440 -2.4900 0.9667
8.0837 -0.4542 -2.4903 0.9667
8.0696 0.7079 -2.4916 0.9667
8.0401 0.9972 -2.4919 0.9667
8.0003 1.2854 -2.4923 0.9667
7.8085 2.1361 -2.4900 0.9667
7.0879 2.7878 -2.3427 0.9686
6.9844 3.0410 -2.3430 0.9686
6.8185 3.2647 -2.3252 0.9689
6.6203 3.7761 -2.3442 0.9686
6.4816 4.0120 -2.3446 0.9686
6.1792 4.4683 -2.3454 0.9686
5.8447 4.9018 -2.3463 0.9686
5.6660 5.1094 -2.3467 0.9686
5.2867 5.5047 -2.3475 0.9686
4.8798 5.8719 -2.3483 0.9686
4.6667 6.0443 -2.3487 0.9685
3.9919 6.5143 -2.3499 0.9685
3.7561 6.6546 -2.3503 0.9685
3.0204 7.0233 -2.3515 0.9685
1.9854 7.3879 -2.3530 0.9685
1.1801 7.5619 -2.3540 0.9685
0.9080 7.6004 -2.3543 0.9685
0.3605 7.6480 -2.3550 0.9685
-0.1892 7.6560 -2.3556 0.9685
-0.4640 7.6452 -2.3558 0.9685
-2.3523 7.2945 -2.3574 0.9684
-2.6129 7.2059 -2.3576 0.9684
-3.3731 6.8845 -2.3580 0.9684
-3.8587 6.6254 -2.3583 0.9684
-4.5490 6.1728 -2.3585 0.9684
-4.7678 6.0056 -2.3585 0.9684
-4.9804 5.8306 -2.3586 0.9684
-5.1865 5.6481 -2.3586 0.9684
-5.7635 5.0577 -2.3585 0.9684
-6.4834 4.9129 -2.5020 0.9665
-6.6713 4.6881 -2.5079 0.9665
-6.8442 4.4514 -2.5112 0.9664
-6.9993 4.2026 -2.5111 0.9664
-7.1452 3.9485 -2.5110 0.9664
-7.2820 3.6892 -2.5108 0.9664
-7.4093 3.4252 -2.5107 0.9664
-7.5269 3.1568 -2.5105 0.9664
-7.7328 2.6082 -2.5101 0.9664
-7.8208 2.3288 -2.5099 0.9664
-7.8987 2.0463 -2.5097 0.9664
-7.9663 1.7613 -2.5094 0.9664
-8.0704 1.1850 -2.5089 0.9664
-8.1328 0.6027 -2.5083 0.9664
-8.1531 0.0177 -2.5077 0.9665
-7.9617 -1.7242 -2.5056 0.9665
-7.8935 -2.0086 -2.5052 0.9665
-7.8151 -2.2903 -2.5049 0.9665
-7.7266 -2.5689 -2.5045 0.9665
-6.8370 -4.4047 -2.5015 0.9665
-6.6733 -4.6464 -2.5011 0.9665
-5.9354 -5.5498 -2.4993 0.9666
-5.7313 -5.7583 -2.4989 0.9666
-5.5200 -5.9593 -2.4985 0.9666
-5.0764 -6.3377 -2.4976 0.9666
-4.8448 -6.5148 -2.4971 0.9666
-4.6070 -6.6833 -2.4967 0.9666
-4.3633 -6.8432 -2.4963 0.9666
-3.3367 -7.3923 -2.4946 0.9666
-3.0687 -7.5061 -2.4942 0.9666
-2.7968 -7.6102 -2.4938 0.9666
-2.5215 -7.7045 -2.4934 0.9666
-1.9616 -7.8632 -2.4927 0.9667
-1.6778 -7.9274 -2.4923 0.9667
-1.3920 -7.9814 -2.4919 0.9667
0.3461 -8.0882 -2.4900 0.9667
0.9253 -8.0407 -2.4895 0.9667
1.2132 -8.0015 -2.4892 0.9667
1.7839 -7.8923 -2.4887 0.9667
2.0659 -7.8225 -2.4885 0.9667
2.3451 -7.7426 -2.4883 0.9667
3.1633 -7.4441 -2.4878 0.9667
3.4282 -7.3253 -2.4876 0.9667
3.6888 -7.1971 -2.4875 0.9667
4.1953 -6.9133 -2.4873 0.9667
4.9138 -6.4217 -2.4871 0.9667
5.1411 -6.2410 -2.4870 0.9667
5.5755 -5.8560 -2.4870 0.9667
5.9814 -5.4409 -2.4870 0.9667
6.3566 -4.9979 -2.4871 0.9667
6.6992 -4.5293 -2.4873 0.9667
6.8578 -4.2860 -2.4874 0.9667
7.0075 -4.0373 -2.4875 0.9667
7.1483 -3.7833 -2.4876 0.9667
7.2799 -3.5245 -2.4878 0.9667
7.7117 -2.4470 -2.4885 0.9667
7.9323 -1.6042 -2.4892 0.9667
7.9856 -1.3185 -2.4894 0.9667
8.0286 -1.0311 -2.4897 0.9667
8.0838 -0.4525 -2.4903 0.9667
8.0958 -0.1621 -2.4906 0.9667
8.0695 0.7095 -2.4916 0.9667
8.0399 0.9988 -2.4919 0.9667
8.0000 1.2870 -2.4923 0.9667
7.9498 1.5736 -2.4926 0.9667
7.8894 1.8582 -2.4930 0.9666
7.7010 2.4086 -2.4818 0.9668
7.0873 2.7893 -2.3427 0.9686
6.9838 3.0424 -2.3430 0.9686
6.8171 3.2657 -2.3250 0.9689
6.6196 3.7775 -2.3442 0.9686
6.0149 4.6893 -2.3458 0.9686
5.4788 5.3115 -2.3471 0.9686
5.0854 5.6929 -2.3479 0.9686
4.8786 5.8729 -2.3483 0.9686
4.4462 6.2099 -2.3491 0.9685
3.9906 6.5152 -2.3499 0.9685
3.5140 6.7870 -2.3507 0.9685
3.2687 6.9099 -2.3511 0.9685
2.5081 7.2247 -2.3523 0.9685
2.2475 7.3113 -2.3526 0.9685
1.9839 7.3883 -2.3530 0.9685
1.7176 7.4559 -2.3533 0.9685
1.4491 7.5139 -2.3537 0.9685
1.1786 7.5621 -2.3540 0.9685
0.6332 7.6293 -2.3547 0.9685
0.3589 7.6481 -2.3550 0.9685
-0.7398 7.6243 -2.3561 0.9685
-1.0131 7.5937 -2.3563 0.9684
-1.2852 7.5532 -2.3566 0.9684
-1.8241 7.4429 -2.3570 0.9684
-2.0903 7.3732 -2.3572 0.9684
-2.6143 7.2054 -2.3576 0.9684
-2.8715 7.1074 -2.3577 0.9684
-3.1250 7.0001 -2.3579 0.9684
-3.6196 6.7586 -2.3581 0.9684
-3.8600 6.6246 -2.3583 0.9684
-4.3257 6.3310 -2.3584 0.9684
-5.3870 5.4572 -2.3586 0.9684
-5.5794 5.2603 -2.3586 0.9684
-5.7646 5.0566 -2.3585 0.9684
-6.4866 4.9133 -2.5029 0.9665
-7.1460 3.9470 -2.5110 0.9664
-7.2827 3.6877 -2.5108 0.9664
-7.8213 2.3272 -2.5099 0.9664
-7.8991 2.0447 -2.5097 0.9664
-8.1070 0.8927 -2.5086 0.9664
-8.1329 0.6011 -2.5083 0.9664
-8.0671 -1.1505 -2.5064 0.9665
-8.0194 -1.4391 -2.5060 0.9665
-7.8931 -2.0102 -2.5052 0.9665
-7.8146 -2.2919 -2.5048 0.9665
-7.7261 -2.5705 -2.5045 0.9665
-7.6276 -2.8457 -2.5040 0.9665
-7.4013 -3.3845 -2.5032 0.9665
-7.1370 -3.9055 -2.5024 0.9665
-6.6723 -4.6478 -2.5011 0.9665
-6.3195 -5.1127 -2.5002 0.9666
-6.1308 -5.3354 -2.4998 0.9666
-5.9343 -5.5510 -2.4993 0.9666
-5.7302 -5.7595 -2.4989 0.9666
-4.6056 -6.6842 -2.4967 0.9666
-4.3619 -6.8441 -2.4963 0.9666
-3.0672 -7.5067 -2.4942 0.9666
-2.7953 -7.6108 -2.4938 0.9666
-2.5199 -7.7050 -2.4934 0.9666
-2.2413 -7.7893 -2.4930 0.9666
-0.8139 -8.0586 -2.4913 0.9667
-0.2335 -8.0941 -2.4906 0.9667
0.6378 -8.0695 -2.4897 0.9667
0.9270 -8.0405 -2.4895 0.9667
1.2149 -8.0012 -2.4892 0.9667
1.5012 -7.9517 -2.4890 0.9667
2.3467 -7.7422 -2.4883 0.9667
2.6229 -7.6524 -2.4881 0.9667
3.1648 -7.4434 -2.4878 0.9667
3.4297 -7.3246 -2.4876 0.9667
4.1967 -6.9125 -2.4873 0.9667
4.4420 -6.7571 -2.4872 0.9667
4.6816 -6.5931 -2.4871 0.9667
4.9151 -6.4207 -2.4871 0.9667
5.1423 -6.2400 -2.4870 0.9667
5.9825 -5.4397 -2.4870 0.9667
6.5331 -4.7653 -2.4872 0.9667
6.8586 -4.2847 -2.4874 0.9667
7.0084 -4.0359 -2.4875 0.9667
7.2807 -3.5230 -2.4878 0.9667
7.5157 -2.9920 -2.4881 0.9667
7.7122 -2.4454 -2.4885 0.9667
7.7957 -2.1672 -2.4887 0.9667
7.8692 -1.8861 -2.4889 0.9667
7.9858 -1.3169 -2.4894 0.9667
8.0615 -0.7407 -2.4900 0.9667
8.0974 0.1303 -2.4909 0.9667
8.0397 1.0005 -2.4919 0.9667
7.9998 1.2886 -2.4923 0.9667
7.9495 1.5752 -2.4926 0.9667
7.8890 1.8598 -2.4930 0.9666
7.6979 2.4094 -2.4810 0.9668
7.1840 2.5350 -2.3431 0.9686
7.0868 2.7907 -2.3427 0.9686
6.9832 3.0438 -2.3430 0.9686
6.8157 3.2668 -2.3247 0.9689
6.5690 3.4438 -2.2813 0.9694
6.6188 3.7788 -2.3442 0.9686
6.4800 4.0147 -2.3446 0.9686
6.3328 4.2454 -2.3450 0.9686
6.0140 4.6905 -2.3458 0.9686
5.8428 4.9042 -2.3463 0.9686
5.4778 5.3126 -2.3471 0.9686
5.2844 5.5068 -2.3475 0.9686
5.0843 5.6940 -2.3479 0.9686
4.8774 5.8738 -2.3483 0.9686
4.6642 6.0462 -2.3487 0.9685
4.2199 6.3675 -2.3495 0.9685
3.7534 6.6561 -2.3504 0.9685
3.5127 6.7877 -2.3507 0.9685
3.2673 6.9106 -2.3511 0.9685
3.0176 7.0245 -2.3515 0.9685
2.7639 7.1295 -2.3519 0.9685
2.5066 7.2253 -2.3523 0.9685
2.2460 7.3117 -2.3526 0.9685
1.7161 7.4563 -2.3533 0.9685
1.1771 7.5624 -2.3540 0.9685
2.3231 6.6831 -2.3519 0.9706
1.5918 6.8970 -2.3529 0.9706
1.3434 6.9506 -2.3532 0.9706
0.5886 7.0575 -2.3541 0.9706
-0.4278 7.0723 -2.3552 0.9706
-1.4362 6.9409 -2.3561 0.9706
-1.6845 6.8855 -2.3563 0.9706
-1.9308 6.8211 -2.3565 0.9706
-2.1746 6.7479 -2.3566 0.9706
-3.1187 6.3687 -2.3572 0.9706
-3.3455 6.2529 -2.3573 0.9705
-3.7858 5.9973 -2.3575 0.9705
-4.2066 5.7105 -2.3576 0.9705
-4.4089 5.5559 -2.3577 0.9705
-4.6056 5.3941 -2.3577 0.9705
-4.7963 5.2253 -2.3577 0.9705
-4.9808 5.0498 -2.3577 0.9705
-5.1696 4.8779 -2.3626 0.9705
-6.0113 4.5571 -2.5075 0.9687
-6.7351 3.4139 -2.5099 0.9687
-6.8529 3.1697 -2.5098 0.9687
-7.2339 2.1556 -2.5091 0.9687
-7.3061 1.8944 -2.5089 0.9687
-7.3687 1.6308 -2.5087 0.9687
-7.4218 1.3651 -2.5084 0.9687
-7.4991 0.8289 -2.5079 0.9687
-7.5232 0.5591 -2.5077 0.9687
-7.4976 -0.7928 -2.5062 0.9687
-6.7312 -3.3719 -2.5025 0.9688
-6.6048 -3.6108 -2.5021 0.9688
-6.4699 -3.8450 -2.5018 0.9688
-6.3267 -4.0741 -2.5014 0.9688
-6.0162 -4.5161 -2.5005 0.9688
-5.8492 -4.7284 -2.5001 0.9688
-5.3044 -5.3272 -2.4989 0.9688
-4.9069 -5.6922 -2.4981 0.9688
-4.2645 -6.1838 -2.4969 0.9688
-3.0893 -6.8405 -2.4950 0.9689
-2.8414 -6.9460 -2.4946 0.9689
-2.5898 -7.0425 -2.4942 0.9689
-1.8169 -7.2770 -2.4932 0.9689
-1.0236 -7.4272 -2.4922 0.9689
-0.2192 -7.4914 -2.4913 0.9689
0.3188 -7.4862 -2.4907 0.9689
0.8550 -7.4425 -2.4902 0.9689
1.1215 -7.4063 -2.4900 0.9689
1.3865 -7.3606 -2.4897 0.9689
1.6497 -7.3054 -2.4895 0.9689
2.1692 -7.1671 -2.4891 0.9689
2.4249 -7.0841 -2.4889 0.9689
2.6775 -6.9921 -2.4888 0.9689
3.1719 -6.7812 -2.4885 0.9689
3.6499 -6.5355 -2.4883 0.9689
3.8820 -6.4000 -2.4882 0.9689
4.1092 -6.2563 -2.4881 0.9689
4.3310 -6.1046 -2.4880 0.9689
4.5472 -5.9451 -2.4880 0.9689
4.7576 -5.7780 -2.4879 0.9689
4.9620 -5.6034 -2.4879 0.9689
5.1599 -5.4216 -2.4879 0.9689
5.3512 -5.2329 -2.4879 0.9689
5.8830 -4.6275 -2.4880 0.9689
6.2002 -4.1937 -2.4882 0.9689
6.3470 -3.9686 -2.4883 0.9689
6.9555 -2.7722 -2.4889 0.9689
7.0510 -2.5209 -2.4891 0.9689
7.2149 -2.0089 -2.4895 0.9689
7.3910 -1.2219 -2.4902 0.9689
7.4309 -0.9559 -2.4904 0.9689
7.4612 -0.6886 -2.4907 0.9689
7.4819 -0.4204 -2.4909 0.9689
7.4686 0.6551 -2.4921 0.9689
7.4043 1.1896 -2.4928 0.9689
7.3578 1.4548 -2.4931 0.9689
7.3018 1.7183 -2.4935 0.9689
7.1530 2.2356 -2.4911 0.9689
6.4719 2.8178 -2.3463 0.9707
6.3593 3.0449 -2.3437 0.9707
6.2469 3.2717 -2.3441 0.9707
5.4083 4.5358 -2.3463 0.9707
5.2429 4.7278 -2.3467 0.9707
4.5151 5.4331 -2.3482 0.9707
4.3179 5.5925 -2.3486 0.9707
4.1150 5.7449 -2.3490 0.9707
3.4752 6.1569 -2.3501 0.9706
3.0254 6.3923 -2.3508 0.9706
2.7945 6.4978 -2.3512 0.9706
2.5598 6.5949 -2.3515 0.9706
2.3217 6.6835 -2.3519 0.9706
2.0806 6.7635 -2.3522 0.9706
1.3420 6.9509 -2.3532 0.9706
0.3335 7.0750 -2.3544 0.9706
-0.1751 7.0823 -2.3549 0.9706
-0.4292 7.0722 -2.3552 0.9706
-0.9357 7.0246 -2.3556 0.9706
-1.4376 6.9406 -2.3561 0.9706
-1.9322 6.8207 -2.3565 0.9706
-2.4169 6.6654 -2.3568 0.9706
-2.6548 6.5748 -2.3569 0.9706
-2.8893 6.4756 -2.3571 0.9706
-3.1200 6.3681 -2.3572 0.9706
-3.5692 6.1284 -2.3574 0.9705
-3.7870 5.9965 -2.3575 0.9705
-4.4101 5.5550 -2.3577 0.9705
-4.6067 5.3932 -2.3577 0.9705
-4.7973 5.2244 -2.3577 0.9705
-4.9818 5.0488 -2.3577 0.9705
-6.0122 4.5559 -2.5075 0.9687
-6.4742 3.8873 -2.5102 0.9687
-6.6092 3.6523 -2.5101 0.9687
-6.9624 2.9201 -2.5096 0.9687
-7.5376 0.2871 -2.5074 0.9687
-7.5422 0.0163 -2.5071 0.9687
-7.5370 -0.2544 -2.5068 0.9687
-7.5221 -0.5247 -2.5065 0.9687
-7.4975 -0.7943 -2.5062 0.9687
-7.4192 -1.3298 -2.5055 0.9687
-7.2302 -2.1189 -2.5044 0.9687
-7.0574 -2.6314 -2.5037 0.9687
-6.9574 -2.8826 -2.5033 0.9688
-6.3259 -4.0754 -2.5014 0.9688
-6.1745 -4.2992 -2.5009 0.9688
-6.0152 -4.5173 -2.5005 0.9688
-5.1078 -5.5143 -2.4985 0.9688
-4.6974 -5.8647 -2.4977 0.9688
-4.4832 -6.0285 -2.4973 0.9688
-4.2632 -6.1846 -2.4969 0.9688
-4.0378 -6.3327 -2.4965 0.9688
-3.5719 -6.6040 -2.4957 0.9688
-3.0879 -6.8411 -2.4950 0.9689
-2.8399 -6.9465 -2.4946 0.9689
-1.5528 -7.3368 -2.4928 0.9689
-1.0221 -7.4274 -2.4922 0.9689
-0.2176 -7.4915 -2.4913 0.9689
0.0514 -7.4936 -2.4910 0.9689
0.3204 -7.4861 -2.4907 0.9689
0.5888 -7.4690 -2.4904 0.9689
1.1230 -7.4061 -2.4900 0.9689
1.3880 -7.3603 -2.4897 0.9689
1.6511 -7.3051 -2.4895 0.9689
1.9122 -7.2405 -2.4893 0.9689
2.1707 -7.1667 -2.4891 0.9689
2.4264 -7.0836 -2.4889 0.9689
2.6789 -6.9915 -2.4888 0.9689
4.1104 -6.2555 -2.4881 0.9689
4.3322 -6.1038 -2.4880 0.9689
4.7588 -5.7770 -2.4879 0.9689
5.5367 -5.0364 -2.4879 0.9689
5.7140 -4.8345 -2.4880 0.9689
5.8840 -4.6263 -2.4880 0.9689
6.2011 -4.1925 -2.4882 0.9689
6.7385 -3.2624 -2.4886 0.9689
7.2833 -1.7472 -2.4897 0.9689
7.3420 -1.4848 -2.4899 0.9689
7.4311 -0.9544 -2.4904 0.9689
7.4613 -0.6871 -2.4907 0.9689
7.4820 -0.4188 -2.4909 0.9689
7.4930 -0.1500 -2.4912 0.9689
7.4945 0.1191 -2.4915 0.9689
7.4410 0.9244 -2.4925 0.9689
7.3575 1.4563 -2.4931 0.9689
7.1524 2.2371 -2.4911 0.9689
6.6559 2.6195 -2.3776 0.9703
6.3587 3.0462 -2.3437 0.9707
6.2463 3.2730 -2.3441 0.9707
6.1257 3.4956 -2.3444 0.9707
5.9972 3.7139 -2.3448 0.9707
5.8610 3.9274 -2.3452 0.9707
5.7171 4.1359 -2.3456 0.9707
5.5659 4.3392 -2.3459 0.9707
5.4074 4.5369 -2.3463 0.9707
4.7055 5.2676 -2.3478 0.9707
4.3168 5.5934 -2.3486 0.9707
3.6922 6.0280 -2.3497 0.9706
3.2512 6.2793 -2.3505 0.9706
3.0241 6.3930 -2.3508 0.9706
2.0792 6.7640 -2.3522 0.9706
1.3406 6.9512 -2.3532 0.9706
0.8386 7.0313 -2.3538 0.9706
0.5857 7.0577 -2.3541 0.9706
0.3320 7.0750 -2.3544 0.9706
0.0778 7.0832 -2.3546 0.9706
-0.1765 7.0823 -2.3549 0.9706
-0.4307 7.0721 -2.3552 0.9706
-0.6843 7.0528 -2.3554 0.9706
-1.9336 6.8203 -2.3565 0.9706
-2.4183 6.6650 -2.3568 0.9706
-3.5704 6.1276 -2.3574 0.9705
-3.7882 5.9957 -2.3575 0.9705
-4.2089 5.7088 -2.3576 0.9705
-4.6078 5.3922 -2.3577 0.9705
-4.7984 5.2234 -2.3577 0.9705
-5.8368 4.7603 -2.5036 0.9688
-6.7364 3.4111 -2.5099 0.9687
-7.1534 2.4112 -2.5093 0.9687
-7.3068 1.8914 -2.5089 0.9687
-7.3694 1.6278 -2.5087 0.9687
-7.4223 1.3621 -2.5084 0.9687
-7.4657 1.0946 -2.5082 0.9687
-7.5234 0.5560 -2.5077 0.9687
-7.5377 0.2856 -2.5074 0.9687
-7.5422 0.0148 -2.5071 0.9687
-7.5370 -0.2559 -2.5068 0.9687
-7.4973 -0.7958 -2.5061 0.9687
-7.2297 -2.1203 -2.5044 0.9687
-6.9568 -2.8840 -2.5033 0.9688
-6.7299 -3.3747 -2.5025 0.9688
-6.4683 -3.8476 -2.5017 0.9688
-6.3250 -4.0767 -2.5013 0.9688
-6.1736 -4.3004 -2.5009 0.9688
-6.0143 -4.5185 -2.5005 0.9688
-5.8473 -4.7307 -2.5001 0.9688
-5.6728 -4.9368 -2.4997 0.9688
-5.1067 -5.5153 -2.4985 0.9688
-4.9046 -5.6942 -2.4981 0.9688
-4.0365 -6.3335 -2.4965 0.9688
-3.8059 -6.4733 -2.4961 0.9688
-3.3307 -6.7276 -2.4953 0.9689
-3.0865 -6.8418 -2.4950 0.9689
-2.3321 -7.1308 -2.4939 0.9689
-1.8139 -7.2777 -2.4932 0.9689
-1.5513 -7.3371 -2.4928 0.9689
-0.7533 -7.4585 -2.4919 0.9689
-0.4850 -7.4798 -2.4915 0.9689
0.0529 -7.4936 -2.4910 0.9689
0.3219 -7.4860 -2.4907 0.9689
0.8580 -7.4421 -2.4902 0.9689
1.1245 -7.4058 -2.4900 0.9689
1.9136 -7.2401 -2.4893 0.9689
2.1721 -7.1662 -2.4891 0.9689
2.4278 -7.0831 -2.4889 0.9689
3.1747 -6.7799 -2.4885 0.9689
3.6526 -6.5340 -2.4883 0.9689
3.8846 -6.3984 -2.4882 0.9689
4.7600 -5.7760 -2.4879 0.9689
4.9642 -5.6014 -2.4879 0.9689
5.3533 -5.2308 -2.4879 0.9689
5.5377 -5.0353 -2.4879 0.9689
5.8849 -4.6251 -2.4880 0.9689
6.0473 -4.4110 -2.4881 0.9689
6.2019 -4.1912 -2.4882 0.9689
6.4872 -3.7357 -2.4884 0.9689
6.6174 -3.5006 -2.4885 0.9689
6.9566 -2.7694 -2.4889 0.9689
7.0521 -2.5181 -2.4891 0.9689
7.1385 -2.2635 -2.4893 0.9689
7.2157 -2.0059 -2.4895 0.9689
7.3423 -1.4833 -2.4899 0.9689
7.4313 -0.9529 -2.4904 0.9689
7.4615 -0.6856 -2.4907 0.9689
7.4821 -0.4173 -2.4909 0.9689
7.4931 -0.1485 -2.4912 0.9689
7.4038 1.1926 -2.4928 0.9689
7.3572 1.4578 -2.4931 0.9689
7.3011 1.7212 -2.4935 0.9689
7.1519 2.2385 -2.4911 0.9689
7.0569 2.4902 -2.4875 0.9689
6.4683 2.8194 -2.3455 0.9707
6.3581 3.0475 -2.3437 0.9707
6.2456 3.2742 -2.3441 0.9707
5.9965 3.7151 -2.3448 0.9707
5.8602 3.9286 -2.3452 0.9707
5.5650 4.3403 -2.3459 0.9707
5.2410 4.7299 -2.3467 0.9707
4.3156 5.5943 -2.3486 0.9707
3.9044 5.8914 -2.3494 0.9706
3.4727 6.1583 -2.3501 0.9706
3.2499 6.2800 -2.3505 0.9706
3.0229 6.3936 -2.3508 0.9706
2.5571 6.5960 -2.3515 0.9706
2.3190 6.6845 -2.3519 0.9706
2.0779 6.7644 -2.3522 0.9706
1.8340 6.8356 -2.3525 0.9706
1.5876 6.8980 -2.3529 0.9706
1.3392 6.9515 -2.3532 0.9706
1.0889 6.9960 -2.3535 0.9706
1.0159 6.5010 -2.3530 0.9724
0.5470 6.5587 -2.3536 0.9724
0.3112 6.5749 -2.3538 0.9724
0.0750 6.5825 -2.3541 0.9724
-0.3975 6.5723 -2.3546 0.9724
-1.3346 6.4500 -2.3554 0.9724
-1.7942 6.3386 -2.3558 0.9724
-2.0207 6.2705 -2.3559 0.9724
-2.2447 6.1943 -2.3561 0.9724
-2.6836 6.0180 -2.3564 0.9724
-2.8981 5.9181 -2.3565 0.9724
-3.3155 5.6954 -2.3567 0.9724
-3.5179 5.5729 -2.3567 0.9724
-3.7158 5.4431 -2.3568 0.9724
-3.9089 5.3064 -2.3569 0.9724
-4.2796 5.0124 -2.3569 0.9724
-4.4568 4.8555 -2.3569 0.9724
-4.6283 4.6924 -2.3569 0.9724
-4.9507 4.6713 -2.4341 0.9715
-5.4314 4.4333 -2.5072 0.9707
-5.7410 4.0361 -2.5096 0.9706
-6.3680 2.9454 -2.5091 0.9706
-6.6465 2.2433 -2.5086 0.9706
-6.7223 2.0031 -2.5084 0.9706
-6.7893 1.7604 -2.5082 0.9706
-6.8476 1.5154 -2.5080 0.9706
-6.8970 1.2685 -2.5078 0.9706
-6.9374 1.0200 -2.5075 0.9707
-6.9689 0.7703 -2.5073 0.9707
-7.0048 0.2682 -2.5068 0.9707
-6.9907 -0.4862 -2.5060 0.9707
-6.9679 -0.7368 -2.5057 0.9707
-6.9361 -0.9863 -2.5054 0.9707
-6.8457 -1.4810 -2.5047 0.9707
-6.7873 -1.7256 -2.5044 0.9707
-6.7201 -1.9679 -2.5041 0.9707
-6.5597 -2.4443 -2.5034 0.9707
-6.4669 -2.6778 -2.5030 0.9707
-6.3657 -2.9078 -2.5027 0.9707
-5.9955 -3.5630 -2.4941 0.9708
-5.4369 -4.3950 -2.5001 0.9707
-4.1686 -5.6032 -2.4974 0.9708
-3.7547 -5.8861 -2.4967 0.9708
-3.5405 -6.0162 -2.4963 0.9708
-3.3218 -6.1385 -2.4960 0.9708
-3.0988 -6.2529 -2.4956 0.9708
-2.8720 -6.3592 -2.4953 0.9708
-2.6415 -6.4573 -2.4949 0.9708
-1.9312 -6.7012 -2.4939 0.9708
-1.6892 -6.7653 -2.4936 0.9708
-0.4537 -6.9540 -2.4921 0.9708
0.5460 -6.9445 -2.4911 0.9708
1.2891 -6.8437 -2.4904 0.9708
1.5338 -6.7925 -2.4902 0.9709
2.4895 -6.5012 -2.4895 0.9709
3.6096 -5.9508 -2.4889 0.9709
4.0270 -5.6762 -2.4888 0.9709
4.2281 -5.5279 -2.4888 0.9709
4.9757 -4.8657 -2.4887 0.9709
5.1472 -4.6840 -2.4887 0.9709
5.3121 -4.4963 -2.4888 0.9709
6.2649 -3.0346 -2.4894 0.9709
6.3701 -2.8079 -2.4895 0.9709
6.5560 -2.3440 -2.4898 0.9709
6.6364 -2.1072 -2.4900 0.9709
6.8261 -1.3819 -2.4906 0.9708
6.8719 -1.1361 -2.4908 0.9708
6.9665 -0.1409 -2.4918 0.9708
6.9678 0.1093 -2.4921 0.9708
6.9436 0.6091 -2.4926 0.9708
6.9181 0.8581 -2.4929 0.9708
6.8837 1.1060 -2.4932 0.9708
6.7883 1.5974 -2.4939 0.9708
6.7275 1.8403 -2.4942 0.9708
6.6580 2.0809 -2.4945 0.9708
6.5729 2.3164 -2.4922 0.9708
5.9118 2.8306 -2.3439 0.9725
5.8072 3.0414 -2.3443 0.9725
5.6951 3.2484 -2.3446 0.9725
5.4490 3.6497 -2.3453 0.9725
4.8734 4.3947 -2.3467 0.9725
4.7132 4.5675 -2.3471 0.9725
4.5469 4.7344 -2.3474 0.9725
4.0134 5.1982 -2.3485 0.9725
3.6312 5.4744 -2.3492 0.9725
3.4328 5.6020 -2.3495 0.9725
3.2300 5.7225 -2.3499 0.9725
3.0229 5.8356 -2.3502 0.9725
2.5972 6.0391 -2.3509 0.9725
0.7807 6.5343 -2.3533 0.9724
0.3099 6.5749 -2.3539 0.9724
-0.1627 6.5816 -2.3544 0.9724
-0.6346 6.5543 -2.3548 0.9724
-1.3359 6.4497 -2.3554 0.9724
-1.5667 6.3981 -2.3556 0.9724
-2.0220 6.2701 -2.3559 0.9724
-2.6848 6.0175 -2.3564 0.9724
-3.1099 5.8099 -2.3566 0.9724
-4.2807 5.0115 -2.3569 0.9724
-4.4578 4.8546 -2.3569 0.9724
-4.9529 4.6716 -2.4348 0.9715
-5.2622 4.6178 -2.5036 0.9707
-5.7418 4.0349 -2.5096 0.9706
-5.8827 3.8260 -2.5095 0.9706
-6.3686 2.9442 -2.5091 0.9706
-6.6470 2.2420 -2.5086 0.9706
-6.7897 1.7590 -2.5082 0.9706
-6.8479 1.5141 -2.5080 0.9706
-6.8972 1.2671 -2.5078 0.9706
-7.0048 0.2668 -2.5068 0.9707
-7.0091 0.0152 -2.5065 0.9707
-6.9906 -0.4877 -2.5060 0.9707
-6.9677 -0.7382 -2.5057 0.9707
-6.8454 -1.4824 -2.5047 0.9707
-6.7869 -1.7270 -2.5044 0.9707
-6.5592 -2.4456 -2.5034 0.9707
-6.4663 -2.6791 -2.5030 0.9707
-5.8731 -3.7837 -2.4984 0.9708
-5.2739 -4.5877 -2.4997 0.9707
-4.7479 -5.1258 -2.4986 0.9708
-4.5602 -5.2921 -2.4982 0.9708
-4.3666 -5.4516 -2.4978 0.9708
-3.9630 -5.7491 -2.4971 0.9708
-3.7535 -5.8868 -2.4967 0.9708
-2.6402 -6.4578 -2.4949 0.9708
-2.1694 -6.6288 -2.4942 0.9708
-1.9298 -6.7015 -2.4939 0.9708
-1.6878 -6.7656 -2.4936 0.9708
-1.1977 -6.8676 -2.4930 0.9708
-0.4523 -6.9541 -2.4921 0.9708
-0.2023 -6.9651 -2.4918 0.9708
0.0478 -6.9671 -2.4916 0.9708
1.5352 -6.7922 -2.4902 0.9709
2.4909 -6.5007 -2.4895 0.9709
2.7225 -6.4068 -2.4894 0.9709
2.9505 -6.3046 -2.4892 0.9709
3.1748 -6.1943 -2.4891 0.9709
3.3950 -6.0761 -2.4890 0.9709
3.8220 -5.8165 -2.4889 0.9709
4.2292 -5.5270 -2.4888 0.9709
4.4249 -5.3716 -2.4887 0.9709
4.7988 -5.0402 -2.4887 0.9709
4.9767 -4.8647 -2.4887 0.9709
5.3130 -4.4952 -2.4888 0.9709
6.0311 -3.4748 -2.4891 0.9709
6.2655 -3.0334 -2.4894 0.9709
6.4677 -2.5763 -2.4897 0.9709
6.5565 -2.3426 -2.4898 0.9709
6.7719 -1.6245 -2.4904 0.9708
6.8264 -1.3805 -2.4906 0.9708
6.8721 -1.1347 -2.4908 0.9708
6.9091 -0.8873 -2.4910 0.9708
6.9666 -0.1395 -2.4918 0.9708
6.9601 0.3608 -2.4923 0.9708
6.9435 0.6105 -2.4926 0.9708
6.9180 0.8595 -2.4929 0.9708
6.8835 1.1074 -2.4932 0.9708
6.7880 1.5988 -2.4939 0.9708
6.6576 2.0823 -2.4945 0.9708
6.4766 2.5489 -2.4890 0.9709
6.1916 2.6973 -2.4151 0.9717
5.9112 2.8318 -2.3439 0.9725
5.6944 3.2495 -2.3446 0.9725
5.3145 3.8446 -2.3457 0.9725
5.1738 4.0335 -2.3460 0.9725
5.0264 4.2173 -2.3464 0.9725
4.7123 4.5684 -2.3471 0.9725
4.5460 4.7354 -2.3474 0.9725
4.0124 5.1990 -2.3485 0.9725
3.6301 5.4751 -2.3492 0.9725
3.4317 5.6027 -2.3495 0.9725
3.0218 5.8362 -2.3502 0.9725
2.8107 5.9417 -2.3506 0.9725
2.5960 6.0397 -2.3509 0.9725
2.3778 6.1298 -2.3512 0.9725
1.9324 6.2863 -2.3518 0.9724
1.7057 6.3525 -2.3522 0.9724
1.2459 6.4601 -2.3528 0.9724
0.7793 6.5344 -2.3533 0.9724
0.3086 6.5750 -2.3539 0.9724
0.0723 6.5825 -2.3541 0.9724
-0.1640 6.5816 -2.3544 0.9724
-0.4002 6.5721 -2.3546 0.9724
-0.8709 6.5277 -2.3550 0.9724
-1.3372 6.4495 -2.3554 0.9724
-1.5680 6.3978 -2.3556 0.9724
-1.7968 6.3379 -2.3558 0.9724
-2.0233 6.2697 -2.3560 0.9724
-2.4682 6.1091 -2.3562 0.9724
-2.9005 5.9169 -2.3565 0.9724
-3.1111 5.8092 -2.3566 0.9724
-4.0990 5.1610 -2.3569 0.9724
-4.2817 5.0106 -2.3569 0.9724
-4.4588 4.8537 -2.3569 0.9724
-4.6302 4.6905 -2.3569 0.9724
-4.9552 4.6718 -2.4354 0.9715
-5.4333 4.4312 -2.5072 0.9707
-5.5943 4.2374 -2.5097 0.9706
-5.7426 4.0337 -2.5096 0.9706
-5.8835 3.8249 -2.5095 0.9706
-6.0168 3.6111 -2.5094 0.9706
-6.1423 3.3926 -2.5093 0.9706
-6.2598 3.1698 -2.5092 0.9706
-6.4704 2.7122 -2.5089 0.9706
-6.5632 2.4780 -2.5087 0.9706
-6.6474 2.2406 -2.5086 0.9706
-6.7231 2.0004 -2.5084 0.9706
-6.8482 1.5127 -2.5080 0.9706
-6.8975 1.2657 -2.5078 0.9706
-6.9378 1.0172 -2.5075 0.9707
-6.9692 0.7674 -2.5073 0.9707
-6.9916 0.5167 -2.5071 0.9707
-7.0043 -0.2378 -2.5062 0.9707
-6.9905 -0.4891 -2.5060 0.9707
-6.9676 -0.7396 -2.5057 0.9707
-6.8949 -1.2373 -2.5050 0.9707
-6.6433 -2.2102 -2.5037 0.9707
-6.5587 -2.4470 -2.5034 0.9707
-6.2550 -3.1365 -2.5023 0.9707
-6.1375 -3.3586 -2.5019 0.9707
-5.8724 -3.7849 -2.4984 0.9708
-5.4351 -4.3972 -2.5001 0.9707
-5.2729 -4.5888 -2.4997 0.9707
-4.9286 -4.9538 -2.4989 0.9708
-4.5591 -5.2930 -2.4982 0.9708
-4.3655 -5.4525 -2.4978 0.9708
-4.1663 -5.6048 -2.4974 0.9708
-3.9618 -5.7499 -2.4971 0.9708
-3.7523 -5.8876 -2.4967 0.9708
-3.0963 -6.2541 -2.4956 0.9708
-2.8694 -6.3604 -2.4953 0.9708
-2.6388 -6.4584 -2.4949 0.9708
-1.6864 -6.7660 -2.4936 0.9708
-1.4422 -6.8213 -2.4933 0.9708
-1.1963 -6.8678 -2.4930 0.9708
-0.9489 -6.9055 -2.4927 0.9708
-0.7003 -6.9343 -2.4924 0.9708
-0.4509 -6.9542 -2.4921 0.9708
0.0492 -6.9671 -2.4916 0.9708
0.2993 -6.9601 -2.4913 0.9708
0.5489 -6.9442 -2.4911 0.9708
1.2919 -6.8432 -2.4904 0.9708
1.5366 -6.7918 -2.4902 0.9709
1.7793 -6.7318 -2.4900 0.9709
2.0196 -6.6631 -2.4898 0.9709
2.4922 -6.5002 -2.4895 0.9709
2.7238 -6.4062 -2.4894 0.9709
2.9518 -6.3040 -2.4892 0.9709
3.3962 -6.0754 -2.4890 0.9709
3.6120 -5.9494 -2.4889 0.9709
3.8231 -5.8157 -2.4889 0.9709
4.0293 -5.6746 -2.4888 0.9709
4.2304 -5.5262 -2.4888 0.9709
4.4259 -5.3707 -2.4887 0.9709
4.6159 -5.2083 -2.4887 0.9709
4.7998 -5.0392 -2.4887 0.9709
5.3139 -4.4941 -2.4888 0.9709
5.4719 -4.3005 -2.4888 0.9709
5.7666 -3.8971 -2.4889 0.9709
5.9030 -3.6877 -2.4890 0.9709
6.1529 -3.2549 -2.4892 0.9709
6.3713 -2.8054 -2.4895 0.9709
6.5570 -2.3413 -2.4898 0.9709
6.8724 -1.1333 -2.4908 0.9708
6.9093 -0.8859 -2.4910 0.9708
6.9373 -0.6374 -2.4913 0.9708
6.9564 -0.3880 -2.4915 0.9708
6.9666 -0.1380 -2.4918 0.9708
6.9678 0.1121 -2.4921 0.9708
6.9434 0.6119 -2.4926 0.9708
6.8833 1.1088 -2.4932 0.9708
6.7877 1.6002 -2.4939 0.9708
6.7268 1.8431 -2.4942 0.9708
6.6572 2.0836 -2.4945 0.9708
6.5719 2.3191 -2.4922 0.9708
6.4760 2.5502 -2.4890 0.9709
5.9106 2.8330 -2.3439 0.9725
5.5743 3.4535 -2.3450 0.9725
5.3137 3.8457 -2.3457 0.9725
5.0256 4.2183 -2.3464 0.9725
4.3727 4.8971 -2.3478 0.9725
4.1948 5.0517 -2.3481 0.9725
3.6290 5.4758 -2.3492 0.9725
3.2277 5.7238 -2.3499 0.9725
3.0206 5.8368 -2.3502 0.9725
2.8095 5.9423 -2.3506 0.9725
2.1553 6.2125 -2.3515 0.9725
1.9311 6.2867 -2.3518 0.9724
1.7044 6.3528 -2.3522 0.9724
1.4755 6.4107 -2.3525 0.9724
1.0120 6.5017 -2.3530 0.9724
0.7780 6.5346 -2.3533 0.9724
2.0145 5.7953 -2.3512 0.9741
1.8054 5.8646 -2.3515 0.9741
1.3803 5.9805 -2.3521 0.9741
0.5103 6.1192 -2.3531 0.9740
0.0700 6.1413 -2.3536 0.9740
-0.5908 6.1150 -2.3543 0.9740
-1.0282 6.0579 -2.3547 0.9740
-1.4604 5.9694 -2.3550 0.9740
-2.3003 5.7003 -2.3556 0.9740
-2.5036 5.6143 -2.3557 0.9740
-2.7036 5.5211 -2.3558 0.9740
-2.9002 5.4207 -2.3559 0.9740
-3.0930 5.3133 -2.3560 0.9740
-3.6466 4.9503 -2.3562 0.9740
-3.9998 4.6846 -2.3606 0.9740
-4.1817 4.5558 -2.3698 0.9739
-4.5316 4.5944 -2.4730 0.9727
-4.7521 4.4839 -2.5038 0.9724
-4.9163 4.3161 -2.5070 0.9724
-5.0721 4.1400 -2.5090 0.9723
-5.2173 3.9552 -2.5090 0.9723
-5.3558 3.7653 -2.5089 0.9723
-5.4874 3.5705 -2.5088 0.9723
-5.6118 3.3711 -2.5087 0.9723
-5.7290 3.1673 -2.5086 0.9723
-6.0354 2.5327 -2.5083 0.9724
-6.1220 2.3143 -2.5081 0.9724
-6.2008 2.0929 -2.5079 0.9724
-6.2715 1.8688 -2.5078 0.9724
-6.3884 1.4138 -2.5074 0.9724
-6.5017 0.7186 -2.5068 0.9724
-6.5228 0.4847 -2.5065 0.9724
-6.5353 0.2503 -2.5063 0.9724
-6.5351 -0.2193 -2.5058 0.9724
-6.5011 -0.6874 -2.5052 0.9724
-6.2701 -1.8361 -2.5037 0.9724
-6.1207 -2.2807 -2.5031 0.9724
-5.9397 -2.7132 -2.5024 0.9724
-5.8377 -2.9243 -2.5021 0.9724
-5.3561 -3.7277 -2.5007 0.9724
-5.2181 -3.9170 -2.5004 0.9724
-5.0734 -4.1012 -2.5000 0.9724
-4.9222 -4.2801 -2.4997 0.9724
-4.7647 -4.4534 -2.4993 0.9724
-4.6011 -4.6209 -2.4990 0.9725
-4.2565 -4.9377 -2.4983 0.9725
-4.0760 -5.0866 -2.4979 0.9725
-3.8902 -5.2289 -2.4976 0.9725
-3.6995 -5.3645 -2.4972 0.9725
-3.3041 -5.6145 -2.4965 0.9725
-2.8920 -5.8356 -2.4959 0.9725
-2.6803 -5.9348 -2.4955 0.9725
-2.4652 -6.0265 -2.4952 0.9725
-2.2470 -6.1103 -2.4949 0.9725
-1.5765 -6.3141 -2.4940 0.9725
-1.3487 -6.3659 -2.4937 0.9725
-0.1902 -6.5008 -2.4923 0.9725
0.5097 -6.4818 -2.4916 0.9725
0.9732 -6.4274 -2.4912 0.9725
1.2032 -6.3878 -2.4910 0.9725
2.9623 -5.7825 -2.4898 0.9726
3.3693 -5.5547 -2.4896 0.9726
3.5664 -5.4300 -2.4896 0.9726
3.7589 -5.2983 -2.4895 0.9726
3.9466 -5.1599 -2.4895 0.9726
4.1293 -5.0148 -2.4894 0.9726
4.3066 -4.8633 -2.4894 0.9726
4.8045 -4.3722 -2.4894 0.9726
5.1060 -4.0163 -2.4895 0.9726
5.2470 -3.8305 -2.4896 0.9726
5.3813 -3.6398 -2.4896 0.9726
5.5086 -3.4444 -2.4897 0.9726
5.7420 -3.0405 -2.4899 0.9726
5.8477 -2.8326 -2.4900 0.9726
5.9459 -2.6210 -2.4901 0.9725
6.1944 -1.9669 -2.4906 0.9725
6.2614 -1.7434 -2.4908 0.9725
6.3714 -1.2898 -2.4912 0.9725
6.4141 -1.0604 -2.4914 0.9725
6.4748 -0.5976 -2.4918 0.9725
6.3356 1.4909 -2.4942 0.9725
6.2138 1.9421 -2.4948 0.9725
6.1409 2.1642 -2.4952 0.9725
5.9584 2.5942 -2.4904 0.9725
5.0851 3.4060 -2.3454 0.9741
4.9602 3.5868 -2.3457 0.9741
4.6914 3.9346 -2.3464 0.9741
4.5478 4.1010 -2.3467 0.9741
4.3982 4.2622 -2.3471 0.9741
4.0823 4.5681 -2.3477 0.9741
3.3883 5.1082 -2.3490 0.9741
3.0139 5.3396 -2.3497 0.9741
1.8042 5.8650 -2.3515 0.9741
1.5927 5.9267 -2.3518 0.9741
1.1636 6.0271 -2.3524 0.9740
0.9466 6.0657 -2.3526 0.9740
0.7284 6.0965 -2.3529 0.9740
0.5091 6.1193 -2.3531 0.9740
0.0687 6.1414 -2.3536 0.9740
-0.3721 6.1316 -2.3541 0.9740
-0.5921 6.1149 -2.3543 0.9740
-1.6751 5.9132 -2.3552 0.9740
-1.8864 5.8496 -2.3553 0.9740
-2.0953 5.7784 -2.3555 0.9740
-2.5047 5.6138 -2.3557 0.9740
-2.9013 5.4201 -2.3559 0.9740
-3.0941 5.3126 -2.3560 0.9740
-3.2829 5.1983 -2.3561 0.9740
-3.4675 5.0772 -2.3562 0.9740
-3.6476 4.9496 -2.3562 0.9740
-4.7530 4.4830 -2.5038 0.9724
-4.9173 4.3151 -2.5071 0.9724
-5.0729 4.1390 -2.5090 0.9723
-5.2181 3.9542 -2.5090 0.9723
-5.4881 3.5694 -2.5088 0.9723
-5.6125 3.3699 -2.5087 0.9723
-5.7296 3.1662 -2.5086 0.9723
-6.0359 2.5315 -2.5083 0.9724
-6.1225 2.3130 -2.5081 0.9724
-6.2012 2.0916 -2.5079 0.9724
-6.2719 1.8676 -2.5078 0.9724
-6.3887 1.4125 -2.5074 0.9724
-6.4725 0.9503 -2.5070 0.9724
-6.5019 0.7173 -2.5068 0.9724
-6.5394 0.0142 -2.5060 0.9724
-6.5222 -0.4550 -2.5055 0.9724
-6.5010 -0.6887 -2.5052 0.9724
-6.4713 -0.9215 -2.5049 0.9724
-6.3870 -1.3831 -2.5044 0.9724
-6.3325 -1.6113 -2.5040 0.9724
-6.2698 -1.8374 -2.5037 0.9724
-5.9391 -2.7144 -2.5024 0.9724
-5.8371 -2.9255 -2.5021 0.9724
-5.7275 -3.1327 -2.5018 0.9724
-5.6106 -3.3358 -2.5014 0.9724
-5.4865 -3.5346 -2.5011 0.9724
-5.2173 -3.9180 -2.5004 0.9724
-5.0726 -4.1022 -2.5000 0.9724
-4.7638 -4.4544 -2.4993 0.9724
-4.2555 -4.9386 -2.4983 0.9725
-3.6984 -5.3652 -2.4972 0.9725
-3.5029 -5.4938 -2.4969 0.9725
-2.8908 -5.8361 -2.4958 0.9725
-2.6791 -5.9354 -2.4955 0.9725
-2.4640 -6.0269 -2.4952 0.9725
-1.8011 -6.2546 -2.4943 0.9725
-1.1178 -6.4097 -2.4934 0.9725
-0.6549 -6.4719 -2.4928 0.9725
-0.1889 -6.5009 -2.4923 0.9725
0.9745 -6.4272 -2.4912 0.9725
1.2045 -6.3876 -2.4910 0.9725
1.6595 -6.2838 -2.4906 0.9725
1.8839 -6.2198 -2.4905 0.9725
2.1058 -6.1477 -2.4903 0.9725
2.3250 -6.0678 -2.4902 0.9725
2.7541 -5.8848 -2.4899 0.9726
2.9634 -5.7819 -2.4898 0.9726
3.1690 -5.6716 -2.4897 0.9726
3.3704 -5.5540 -2.4896 0.9726
3.5675 -5.4293 -2.4896 0.9726
3.7600 -5.2976 -2.4895 0.9726
3.9477 -5.1591 -2.4895 0.9726
4.1303 -5.0140 -2.4894 0.9726
4.6454 -4.5409 -2.4894 0.9726
4.8054 -4.3712 -2.4894 0.9726
5.3820 -3.6387 -2.4896 0.9726
5.5093 -3.4433 -2.4897 0.9726
5.8483 -2.8314 -2.4900 0.9726
6.1948 -1.9656 -2.4906 0.9725
6.2618 -1.7421 -2.4908 0.9725
6.3716 -1.2886 -2.4912 0.9725
6.4143 -1.0591 -2.4914 0.9725
6.5034 0.1033 -2.4925 0.9725
6.4806 0.5698 -2.4931 0.9725
6.3840 1.2636 -2.4939 0.9725
6.3353 1.4922 -2.4942 0.9725
6.2784 1.7188 -2.4945 0.9725
6.2134 1.9434 -2.4948 0.9725
6.1404 2.1654 -2.4952 0.9725
6.0542 2.3827 -2.4933 0.9725
5.9578 2.5954 -2.4904 0.9725
5.7745 2.7663 -2.4537 0.9729
5.4353 2.8481 -2.3515 0.9741
5.2027 3.2218 -2.3451 0.9741
4.9595 3.5878 -2.3457 0.9741
4.8282 3.7641 -2.3461 0.9741
4.6906 3.9355 -2.3464 0.9741
4.3974 4.2631 -2.3471 0.9741
4.0813 4.5689 -2.3477 0.9741
3.5680 4.9833 -2.3487 0.9741
3.3873 5.1089 -2.3490 0.9741
3.2021 5.2279 -2.3494 0.9741
2.8196 5.4456 -2.3500 0.9741
2.6226 5.5441 -2.3503 0.9741
2.4222 5.6354 -2.3506 0.9741
2.0121 5.7962 -2.3512 0.9741
1.8030 5.8654 -2.3515 0.9741
1.3779 5.9811 -2.3521 0.9741
1.1624 6.0274 -2.3524 0.9740
0.9454 6.0659 -2.3526 0.9740
0.7271 6.0966 -2.3529 0.9740
0.2879 6.1344 -2.3534 0.9740
-0.3734 6.1316 -2.3541 0.9740
-0.5933 6.1148 -2.3543 0.9740
-0.8125 6.0900 -2.3545 0.9740
-1.0307 6.0574 -2.3547 0.9740
-1.2475 6.0170 -2.3549 0.9740
-1.4628 5.9688 -2.3550 0.9740
-1.6763 5.9128 -2.3552 0.9740
-1.8876 5.8492 -2.3554 0.9740
-2.3026 5.6994 -2.3556 0.9740
-2.5059 5.6133 -2.3557 0.9740
-2.7059 5.5200 -2.3558 0.9740
-2.9024 5.4195 -2.3559 0.9740
-3.0952 5.3120 -2.3560 0.9740
-3.4685 5.0765 -2.3562 0.9740
-3.8240 4.8148 -2.3562 0.9740
-4.0029 4.6844 -2.3613 0.9740
-4.1855 4.5562 -2.3709 0.9738
-4.5357 4.5949 -2.4742 0.9727
-4.7540 4.4821 -2.5038 0.9724
-4.9182 4.3141 -2.5071 0.9724
-5.3573 3.7631 -2.5089 0.9723
-5.4888 3.5683 -2.5088 0.9723
-5.6132 3.3688 -2.5087 0.9723
-5.8399 2.9571 -2.5085 0.9723
-6.0364 2.5302 -2.5083 0.9724
-6.1230 2.3118 -2.5081 0.9724
-6.2016 2.0904 -2.5079 0.9724
-6.2722 1.8663 -2.5078 0.9724
-6.3890 1.4112 -2.5074 0.9724
-6.4350 1.1809 -2.5072 0.9724
-6.5020 0.7160 -2.5068 0.9724
-6.5354 0.2476 -2.5063 0.9724
-6.5394 0.0128 -2.5060 0.9724
-6.5350 -0.2219 -2.5058 0.9724
-6.4711 -0.9229 -2.5049 0.9724
-6.3867 -1.3844 -2.5043 0.9724
-6.2694 -1.8387 -2.5037 0.9724
-6.1197 -2.2832 -2.5031 0.9724
-6.0330 -2.5010 -2.5028 0.9724
-5.7269 -3.1339 -2.5018 0.9724
-5.0717 -4.1033 -2.5000 0.9724
-4.7629 -4.4553 -2.4993 0.9724
-4.2545 -4.9394 -2.4982 0.9725
-3.8881 -5.2305 -2.4975 0.9725
-3.5018 -5.4945 -2.4969 0.9725
-3.3018 -5.6159 -2.4965 0.9725
-3.0977 -5.7300 -2.4962 0.9725
-2.8896 -5.8367 -2.4958 0.9725
-2.0234 -6.1870 -2.4946 0.9725
-1.5739 -6.3147 -2.4940 0.9725
-1.1166 -6.4099 -2.4934 0.9725
-0.4208 -6.4907 -2.4926 0.9725
-0.1875 -6.5009 -2.4923 0.9725
0.0459 -6.5028 -2.4921 0.9725
0.7446 -6.4584 -2.4914 0.9725
0.9758 -6.4270 -2.4912 0.9725
1.4342 -6.3395 -2.4908 0.9725
1.6608 -6.2834 -2.4906 0.9725
2.3262 -6.0674 -2.4902 0.9725
2.9646 -5.7813 -2.4898 0.9726
3.1701 -5.6709 -2.4897 0.9726
3.5686 -5.4285 -2.4896 0.9726
4.1313 -5.0132 -2.4894 0.9726
4.4803 -4.7038 -2.4894 0.9726
4.6463 -4.5399 -2.4894 0.9726
4.8063 -4.3702 -2.4894 0.9726
5.1076 -4.0142 -2.4895 0.9726
5.7432 -3.0382 -2.4899 0.9726
5.8489 -2.8302 -2.4900 0.9726
5.9470 -2.6185 -2.4901 0.9725
6.0375 -2.4035 -2.4903 0.9725
6.1952 -1.9644 -2.4906 0.9725
6.3719 -1.2873 -2.4912 0.9725
6.4145 -1.0578 -2.4914 0.9725
6.4750 -0.5949 -2.4918 0.9725
6.4928 -0.3622 -2.4920 0.9725
6.5023 -0.1288 -2.4923 0.9725
6.5034 0.1047 -2.4925 0.9725
6.4805 0.5711 -2.4931 0.9725
6.4565 0.8035 -2.4933 0.9725
6.4243 1.0348 -2.4936 0.9725
6.3837 1.2649 -2.4939 0.9725
6.3350 1.4935 -2.4942 0.9725
6.2130 1.9446 -2.4948 0.9725
6.1400 2.1667 -2.4952 0.9725
6.0537 2.3839 -2.4933 0.9725
5.9573 2.5966 -2.4904 0.9725
5.2020 3.2229 -2.3451 0.9741
5.0837 3.4080 -2.3454 0.9741
4.9588 3.5888 -2.3457 0.9741
4.6898 3.9365 -2.3464 0.9741
4.5461 4.1029 -2.3467 0.9741
4.3965 4.2640 -2.3471 0.9741
3.9143 4.7139 -2.3481 0.9741
3.7431 4.8521 -2.3484 0.9741
3.3862 5.1096 -2.3490 0.9741
3.0117 5.3408 -2.3497 0.9741
2.8185 5.4462 -2.3500 0.9741
2.2175 5.7199 -2.3509 0.9741
1.8018 5.8657 -2.3515 0.9741
1.5903 5.9274 -2.3518 0.9741
1.3767 5.9814 -2.3521 0.9741
1.1612 6.0276 -2.3524 0.9740
1.4922 5.5484 -2.3515 0.9755
1.0905 5.6424 -2.3520 0.9755
0.8874 5.6785 -2.3523 0.9755
0.6830 5.7073 -2.3525 0.9755
0.4778 5.7287 -2.3528 0.9755
0.2718 5.7427 -2.3530 0.9755
0.0655 5.7493 -2.3532 0.9755
-0.1409 5.7485 -2.3534 0.9755
-0.3472 5.7402 -2.3536 0.9755
-0.5531 5.7245 -2.3538 0.9754
-0.7583 5.7015 -2.3540 0.9754
-1.1656 5.6332 -2.3544 0.9754
-1.5670 5.5358 -2.3547 0.9754
-2.5309 5.1683 -2.3553 0.9754
-2.8954 4.9738 -2.3554 0.9754
-3.0722 4.8668 -2.3555 0.9754
-3.4136 4.6340 -2.3556 0.9754
-3.5778 4.5085 -2.3556 0.9754
-4.1325 4.5021 -2.5011 0.9739
-4.7480 3.8755 -2.5084 0.9739
-4.8839 3.7025 -2.5083 0.9739
-5.0136 3.5247 -2.5083 0.9739
-5.2532 3.1557 -2.5081 0.9739
-5.4657 2.7704 -2.5079 0.9739
-5.5613 2.5723 -2.5078 0.9739
-5.6498 2.3709 -2.5077 0.9739
-5.8709 1.7495 -2.5072 0.9739
-6.0237 1.1079 -2.5067 0.9739
-6.0591 0.8909 -2.5065 0.9739
-6.1181 0.2343 -2.5058 0.9739
-6.1220 0.0145 -2.5056 0.9739
-6.1180 -0.2053 -2.5054 0.9739
-6.0863 -0.6435 -2.5048 0.9739
-6.0586 -0.8615 -2.5046 0.9739
-6.0231 -1.0783 -2.5043 0.9739
-5.9289 -1.5074 -2.5037 0.9739
-5.8703 -1.7190 -2.5034 0.9739
-5.7304 -2.1353 -2.5028 0.9739
-5.6494 -2.3393 -2.5025 0.9739
-5.5611 -2.5403 -2.5022 0.9739
-5.4656 -2.7379 -2.5019 0.9739
-5.3631 -2.9320 -2.5016 0.9739
-5.2537 -3.1222 -2.5013 0.9739
-5.1376 -3.3084 -2.5009 0.9739
-4.7503 -3.8400 -2.5000 0.9739
-4.4613 -4.1699 -2.4993 0.9740
-4.3082 -4.3267 -2.4990 0.9740
-3.9856 -4.6235 -2.4983 0.9740
-3.8166 -4.7629 -2.4980 0.9740
-2.9029 -5.3644 -2.4964 0.9740
-2.5099 -5.5575 -2.4958 0.9740
-2.1042 -5.7219 -2.4952 0.9740
-1.8972 -5.7931 -2.4949 0.9740
-1.6878 -5.8567 -2.4946 0.9740
-1.2630 -5.9614 -2.4940 0.9740
-1.0481 -6.0023 -2.4937 0.9740
-0.8318 -6.0354 -2.4935 0.9740
-0.6146 -6.0608 -2.4932 0.9740
-0.3966 -6.0783 -2.4930 0.9740
0.2591 -6.0840 -2.4923 0.9740
0.6949 -6.0487 -2.4919 0.9740
0.9115 -6.0194 -2.4917 0.9740
1.3408 -5.9377 -2.4913 0.9740
1.5530 -5.8853 -2.4912 0.9740
1.7631 -5.8254 -2.4910 0.9740
2.3788 -5.6012 -2.4906 0.9740
2.7743 -5.4156 -2.4904 0.9740
3.3402 -5.0855 -2.4902 0.9740
3.6963 -4.8326 -2.4901 0.9740
3.8673 -4.6967 -2.4900 0.9740
4.0334 -4.5548 -2.4900 0.9740
4.6439 -3.9307 -2.4901 0.9740
4.9141 -3.5875 -2.4902 0.9740
5.4767 -2.6529 -2.4906 0.9740
5.5687 -2.4547 -2.4907 0.9740
5.7311 -2.0490 -2.4910 0.9740
5.8641 -1.6327 -2.4913 0.9740
5.9193 -1.4213 -2.4915 0.9740
5.9670 -1.2080 -2.4917 0.9740
6.0392 -0.7769 -2.4921 0.9740
6.0637 -0.5596 -2.4923 0.9740
6.0893 -0.1231 -2.4927 0.9740
6.0691 0.5324 -2.4935 0.9740
6.0467 0.7500 -2.4937 0.9740
5.9786 1.1821 -2.4943 0.9740
5.8189 1.8187 -2.4951 0.9740
5.7505 2.0266 -2.4954 0.9740
5.5881 2.4330 -2.4944 0.9740
5.4912 2.6292 -2.4918 0.9740
4.8723 3.0159 -2.3452 0.9755
4.7615 3.1892 -2.3455 0.9755
4.3928 3.6841 -2.3464 0.9755
3.9728 4.1367 -2.3474 0.9755
3.8223 4.2772 -2.3477 0.9755
3.5065 4.5416 -2.3483 0.9755
3.3416 4.6651 -2.3486 0.9755
2.9991 4.8941 -2.3492 0.9755
2.4565 5.1902 -2.3501 0.9755
2.0782 5.3543 -2.3507 0.9755
1.8849 5.4261 -2.3510 0.9755
1.4911 5.5487 -2.3515 0.9755
1.2911 5.5992 -2.3518 0.9755
0.8862 5.6787 -2.3523 0.9755
0.6819 5.7074 -2.3525 0.9755
0.4766 5.7288 -2.3528 0.9755
0.2707 5.7428 -2.3530 0.9755
0.0644 5.7493 -2.3532 0.9755
-0.1421 5.7485 -2.3534 0.9755
-0.7595 5.7013 -2.3540 0.9754
-1.1667 5.6330 -2.3544 0.9754
-1.3683 5.5878 -2.3545 0.9754
-1.7659 5.4759 -2.3548 0.9754
-1.9614 5.4093 -2.3549 0.9754
-2.7159 5.0738 -2.3554 0.9754
-3.4145 4.6333 -2.3556 0.9754
-3.8346 4.4893 -2.4164 0.9748
-4.1334 4.5013 -2.5012 0.9739
-5.0143 3.5237 -2.5083 0.9739
-5.3635 2.9639 -2.5080 0.9739
-5.4662 2.7693 -2.5079 0.9739
-5.5619 2.5712 -2.5078 0.9739
-5.6503 2.3698 -2.5077 0.9739
-5.7314 2.1653 -2.5075 0.9739
-5.8051 1.9580 -2.5074 0.9739
-5.8713 1.7483 -2.5072 0.9739
-5.9298 1.5363 -2.5071 0.9739
-5.9807 1.3223 -2.5069 0.9739
-6.0239 1.1067 -2.5067 0.9739
-6.0593 0.8897 -2.5065 0.9739
-6.1220 0.0133 -2.5056 0.9739
-6.1180 -0.2065 -2.5054 0.9739
-6.0584 -0.8628 -2.5046 0.9739
-5.9286 -1.5086 -2.5037 0.9739
-5.8699 -1.7202 -2.5034 0.9739
-5.8037 -1.9296 -2.5031 0.9739
-5.7300 -2.1364 -2.5028 0.9739
-5.6489 -2.3405 -2.5025 0.9739
-5.4651 -2.7390 -2.5019 0.9739
-5.3625 -2.9331 -2.5016 0.9739
-5.2531 -3.1233 -2.5013 0.9739
-5.0142 -3.4912 -2.5006 0.9739
-4.6080 -4.0085 -2.4996 0.9739
-4.3073 -4.3276 -2.4990 0.9740
-3.9847 -4.6243 -2.4983 0.9740
-3.8156 -4.7637 -2.4980 0.9740
-3.6417 -4.8970 -2.4977 0.9740
-3.4631 -5.0239 -2.4973 0.9740
-2.5088 -5.5580 -2.4958 0.9740
-2.3074 -5.6438 -2.4955 0.9740
-2.1030 -5.7223 -2.4952 0.9740
-1.6866 -5.8571 -2.4946 0.9740
-1.2618 -5.9617 -2.4940 0.9740
-1.0468 -6.0025 -2.4937 0.9740
-0.6133 -6.0609 -2.4932 0.9740
-0.3953 -6.0784 -2.4930 0.9740
-0.1769 -6.0881 -2.4927 0.9740
0.2604 -6.0840 -2.4923 0.9740
0.4785 -6.0702 -2.4921 0.9740
1.1281 -5.9822 -2.4915 0.9740
1.3420 -5.9374 -2.4913 0.9740
1.7643 -5.8251 -2.4910 0.9740
2.5794 -5.5114 -2.4905 0.9740
2.7754 -5.4151 -2.4904 0.9740
3.1566 -5.2016 -2.4902 0.9740
3.3412 -5.0848 -2.4902 0.9740
3.8683 -4.6959 -2.4900 0.9740
4.0343 -4.5540 -2.4900 0.9740
4.1952 -4.4062 -2.4900 0.9740
4.3507 -4.2528 -2.4900 0.9740
4.5006 -4.0939 -2.4900 0.9740
4.6447 -3.9298 -2.4901 0.9740
4.7829 -3.7606 -2.4901 0.9740
5.1598 -3.2248 -2.4903 0.9740
5.2724 -3.0376 -2.4904 0.9740
5.3783 -2.8465 -2.4905 0.9740
5.4773 -2.6517 -2.4906 0.9740
5.6540 -2.2522 -2.4909 0.9740
5.7315 -2.0479 -2.4910 0.9740
5.9196 -1.4201 -2.4915 0.9740
5.9672 -1.2068 -2.4917 0.9740
6.0071 -0.9919 -2.4919 0.9740
6.0805 -0.3404 -2.4925 0.9740
6.0894 -0.1219 -2.4927 0.9740
6.0836 0.3154 -2.4932 0.9740
6.0690 0.5336 -2.4935 0.9740
6.0465 0.7512 -2.4937 0.9740
5.9327 1.3974 -2.4945 0.9740
5.7501 2.0278 -2.4954 0.9740
5.5875 2.4341 -2.4944 0.9740
5.4907 2.6303 -2.4917 0.9740
5.3871 2.8228 -2.4892 0.9741
5.0868 2.9028 -2.3970 0.9750
4.8717 3.0169 -2.3452 0.9755
4.7609 3.1902 -2.3455 0.9755
4.5209 3.5245 -2.3461 0.9755
4.2575 3.8408 -2.3468 0.9755
4.1174 3.9917 -2.3471 0.9755
3.9720 4.1375 -2.3474 0.9755
3.6659 4.4129 -2.3480 0.9755
3.5056 4.5423 -2.3483 0.9755
3.3407 4.6658 -2.3486 0.9755
2.8208 4.9998 -2.3495 0.9755
2.6398 5.0985 -2.3498 0.9755
1.6880 5.4913 -2.3512 0.9755
1.4900 5.5490 -2.3515 0.9755
1.0882 5.6428 -2.3520 0.9755
0.8851 5.6789 -2.3523 0.9755
0.6807 5.7076 -2.3525 0.9755
0.4754 5.7289 -2.3528 0.9755
-0.5554 5.7243 -2.3538 0.9754
-0.7606 5.7012 -2.3540 0.9754
-1.1679 5.6327 -2.3544 0.9754
-1.3694 5.5876 -2.3545 0.9754
-1.5692 5.5351 -2.3547 0.9754
-1.7670 5.4756 -2.3548 0.9754
-2.3458 5.2547 -2.3552 0.9754
-2.7170 5.0732 -2.3554 0.9754
-2.8974 4.9726 -2.3554 0.9754
-3.0742 4.8655 -2.3555 0.9754
-3.2469 4.7522 -2.3556 0.9754
-3.4155 4.6326 -2.3556 0.9754
-3.5796 4.5071 -2.3556 0.9754
-3.8364 4.4895 -2.4169 0.9748
-4.4571 4.2022 -2.5071 0.9739
-4.6075 4.0416 -2.5084 0.9739
-4.7495 3.8736 -2.5084 0.9739
-4.8854 3.7005 -2.5083 0.9739
-5.2545 3.1536 -2.5081 0.9739
-5.3641 2.9628 -2.5080 0.9739
-5.4668 2.7682 -2.5079 0.9739
-5.6508 2.3686 -2.5077 0.9739
-5.8716 1.7471 -2.5072 0.9739
-6.0241 1.1055 -2.5067 0.9739
-6.1179 -0.2077 -2.5054 0.9739
-6.0860 -0.6460 -2.5048 0.9739
-6.0582 -0.8640 -2.5046 0.9739
-5.9793 -1.2961 -2.5040 0.9739
-5.9283 -1.5098 -2.5037 0.9739
-5.8033 -1.9308 -2.5031 0.9739
-5.6484 -2.3416 -2.5025 0.9739
-5.3619 -2.9342 -2.5016 0.9739
-4.8842 -3.6695 -2.5003 0.9739
-4.6071 -4.0094 -2.4996 0.9739
-4.4597 -4.1717 -2.4993 0.9740
-4.1478 -4.4797 -2.4986 0.9740
-3.9837 -4.6251 -2.4983 0.9740
-3.6407 -4.8977 -2.4977 0.9740
-3.2790 -5.1450 -2.4970 0.9740
-3.0918 -5.2587 -2.4967 0.9740
-2.9007 -5.3656 -2.4964 0.9740
-2.7059 -5.4656 -2.4961 0.9740
-2.5076 -5.5585 -2.4958 0.9740
-1.8948 -5.7938 -2.4949 0.9740
-1.4739 -5.9135 -2.4943 0.9740
-1.0456 -6.0027 -2.4937 0.9740
-0.8294 -6.0357 -2.4935 0.9740
-0.6121 -6.0610 -2.4932 0.9740
-0.3941 -6.0785 -2.4930 0.9740
0.4798 -6.0701 -2.4921 0.9740
0.6973 -6.0485 -2.4919 0.9740
0.9139 -6.0191 -2.4917 0.9740
1.1293 -5.9819 -2.4915 0.9740
2.1786 -5.6824 -2.4907 0.9740
2.3811 -5.6002 -2.4906 0.9740
2.5805 -5.5109 -2.4905 0.9740
2.7765 -5.4145 -2.4904 0.9740
3.3422 -5.0842 -2.4902 0.9740
3.5225 -4.9608 -2.4901 0.9740
3.6983 -4.8311 -2.4901 0.9740
3.8693 -4.6952 -2.4900 0.9740
4.0353 -4.5532 -2.4900 0.9740
4.3516 -4.2519 -2.4900 0.9740
4.9156 -3.5855 -2.4902 0.9740
5.0413 -3.4069 -2.4902 0.9740
5.2731 -3.0366 -2.4904 0.9740
5.3789 -2.8454 -2.4905 0.9740
5.4778 -2.6506 -2.4906 0.9740
5.5697 -2.4524 -2.4907 0.9740
5.7319 -2.0467 -2.4910 0.9740
5.8647 -1.6304 -2.4913 0.9740
5.9199 -1.4189 -2.4915 0.9740
5.9674 -1.2056 -2.4917 0.9740
6.0073 -0.9906 -2.4919 0.9740
6.0395 -0.7744 -2.4921 0.9740
6.0806 -0.3392 -2.4925 0.9740
6.0904 0.0980 -2.4930 0.9740
6.0689 0.5348 -2.4935 0.9740
6.0464 0.7524 -2.4937 0.9740
5.9324 1.3986 -2.4945 0.9740
5.8791 1.6108 -2.4948 0.9740
5.3865 2.8239 -2.4892 0.9741
4.7602 3.1912 -2.3455 0.9755
4.6432 3.3604 -2.3458 0.9755
4.5202 3.5254 -2.3461 0.9755
4.3913 3.6859 -2.3464 0.9755
4.1166 3.9925 -2.3471 0.9755
3.6650 4.4137 -2.3480 0.9755
3.5046 4.5430 -2.3483 0.9755
2.8198 5.0004 -2.3495 0.9755
2.6388 5.0991 -2.3498 0.9755
2.0761 5.3552 -2.3507 0.9755
1.4888 5.5493 -2.3515 0.9755
1.0871 5.6430 -2.3520 0.9755
1.5871 5.1556 -2.3510 0.9767
1.4012 5.2099 -2.3512 0.9767
1.2134 5.2573 -2.3515 0.9767
0.4486 5.3790 -2.3524 0.9767
0.0615 5.3983 -2.3528 0.9767
-0.3260 5.3897 -2.3532 0.9767
-0.9038 5.3246 -2.3538 0.9767
-1.0944 5.2891 -2.3539 0.9767
-1.4712 5.1976 -2.3542 0.9767
-1.8406 5.0792 -2.3545 0.9767
-2.0218 5.0101 -2.3546 0.9767
-2.2005 4.9345 -2.3547 0.9767
-2.3763 4.8525 -2.3548 0.9767
-2.5490 4.7643 -2.3549 0.9767
-2.7185 4.6698 -2.3549 0.9767
-3.7274 4.3655 -2.5017 0.9753
-3.8858 4.2334 -2.5044 0.9752
-4.3244 3.7964 -2.5079 0.9752
-4.7072 3.3093 -2.5077 0.9752
-4.8228 3.1381 -2.5077 0.9752
-5.0352 2.7838 -2.5075 0.9752
-5.1317 2.6012 -2.5074 0.9752
-5.3809 2.0341 -2.5070 0.9752
-5.4501 1.8395 -2.5069 0.9752
-5.5123 1.6426 -2.5067 0.9752
-5.5673 1.4436 -2.5066 0.9752
-5.6558 1.0403 -2.5062 0.9752
-5.6891 0.8365 -2.5060 0.9752
-5.7335 0.4261 -2.5056 0.9752
-5.7483 0.0136 -2.5052 0.9752
-5.7148 -0.6043 -2.5045 0.9752
-5.6889 -0.8090 -2.5042 0.9752
-5.6150 -1.2148 -2.5037 0.9752
-5.5122 -1.6142 -2.5032 0.9752
-5.4501 -1.8108 -2.5029 0.9753
-5.2220 -2.3854 -2.5020 0.9753
-4.8245 -3.1068 -2.5008 0.9753
-4.1896 -3.9159 -2.4993 0.9753
-3.8969 -4.2054 -2.4987 0.9753
-3.5843 -4.4730 -2.4981 0.9753
-2.7263 -5.0381 -2.4965 0.9753
-2.5434 -5.1321 -2.4963 0.9753
-2.1681 -5.3001 -2.4957 0.9753
-1.7819 -5.4408 -2.4951 0.9753
-1.3866 -5.5535 -2.4946 0.9753
-1.1862 -5.5991 -2.4943 0.9753
-0.9844 -5.6375 -2.4941 0.9753
-0.7813 -5.6686 -2.4938 0.9753
-0.5772 -5.6925 -2.4936 0.9753
-0.3725 -5.7090 -2.4934 0.9753
0.0381 -5.7200 -2.4929 0.9753
0.2434 -5.7145 -2.4927 0.9754
0.4483 -5.7016 -2.4925 0.9754
0.8561 -5.6539 -2.4921 0.9754
1.4587 -5.5280 -2.4917 0.9754
1.8514 -5.4085 -2.4914 0.9754
2.0442 -5.3383 -2.4912 0.9754
2.6059 -5.0869 -2.4909 0.9754
3.1374 -4.7769 -2.4907 0.9754
3.4720 -4.5393 -2.4906 0.9754
3.6326 -4.4117 -2.4906 0.9754
3.9398 -4.1396 -2.4906 0.9754
4.0858 -3.9955 -2.4906 0.9754
4.2267 -3.8463 -2.4906 0.9754
4.3621 -3.6922 -2.4906 0.9754
4.4918 -3.5332 -2.4907 0.9754
4.9518 -2.8543 -2.4909 0.9754
5.0513 -2.6748 -2.4910 0.9754
5.1443 -2.4918 -2.4911 0.9754
5.3103 -2.1165 -2.4914 0.9754
5.3831 -1.9246 -2.4915 0.9754
5.4491 -1.7302 -2.4916 0.9754
5.6046 -1.1346 -2.4921 0.9754
5.6421 -0.9328 -2.4923 0.9754
5.6954 -0.5256 -2.4927 0.9754
5.7111 -0.3209 -2.4929 0.9754
5.7003 0.5000 -2.4938 0.9753
5.6152 1.1103 -2.4946 0.9753
5.5723 1.3113 -2.4948 0.9753
5.5222 1.5106 -2.4951 0.9753
5.4650 1.7081 -2.4954 0.9753
5.3296 2.0963 -2.4959 0.9753
5.2515 2.2865 -2.4962 0.9753
5.1646 2.4728 -2.4955 0.9753
5.0676 2.6541 -2.4931 0.9753
4.7690 2.9519 -2.4443 0.9758
4.5030 3.0161 -2.3620 0.9766
4.3618 3.1541 -2.3459 0.9768
4.1253 3.4598 -2.3465 0.9768
3.8674 3.7478 -2.3471 0.9768
3.7308 3.8847 -2.3474 0.9768
3.5894 4.0166 -2.3476 0.9768
3.1380 4.3808 -2.3485 0.9768
2.8163 4.5958 -2.3491 0.9768
2.4798 4.7872 -2.3496 0.9768
1.7700 5.0952 -2.3507 0.9767
1.4001 5.2101 -2.3512 0.9767
1.2123 5.2576 -2.3515 0.9767
1.0229 5.2983 -2.3517 0.9767
0.6403 5.3591 -2.3522 0.9767
0.2541 5.3922 -2.3526 0.9767
-0.1334 5.3975 -2.3530 0.9767
-0.5204 5.3749 -2.3534 0.9767
-0.9048 5.3245 -2.3538 0.9767
-1.4723 5.1973 -2.3542 0.9767
-1.6580 5.1414 -2.3543 0.9767
-1.8416 5.0788 -2.3545 0.9767
-2.0228 5.0097 -2.3546 0.9767
-2.2015 4.9341 -2.3547 0.9767
-2.3772 4.8521 -2.3548 0.9767
-2.7194 4.6693 -2.3549 0.9767
-2.8854 4.5688 -2.3550 0.9767
-3.2388 4.3949 -2.3793 0.9765
-4.1862 3.9484 -2.5079 0.9752
-4.4586 3.6377 -2.5078 0.9752
-5.1322 2.6001 -2.5074 0.9752
-5.2220 2.4141 -2.5073 0.9752
-5.3051 2.2250 -2.5072 0.9752
-5.4505 1.8384 -2.5069 0.9752
-5.6560 1.0391 -2.5062 0.9752
-5.7336 0.4249 -2.5056 0.9752
-5.7446 0.2188 -2.5054 0.9752
-5.7333 -0.3999 -2.5047 0.9752
-5.7147 -0.6054 -2.5045 0.9752
-5.6887 -0.8101 -2.5042 0.9752
-5.6148 -1.2159 -2.5037 0.9752
-5.5669 -1.4165 -2.5035 0.9752
-5.5119 -1.6153 -2.5032 0.9752
-5.4497 -1.8119 -2.5029 0.9753
-5.3805 -2.0061 -2.5026 0.9753
-5.1319 -2.5721 -2.5017 0.9753
-4.9329 -2.9329 -2.5011 0.9753
-4.8239 -3.1077 -2.5008 0.9753
-4.7086 -3.2785 -2.5005 0.9753
-4.5873 -3.4450 -2.5002 0.9753
-4.3273 -3.7643 -2.4996 0.9753
-4.1888 -3.9167 -2.4993 0.9753
-4.0450 -4.0641 -2.4990 0.9753
-3.7421 -4.3427 -2.4984 0.9753
-3.5833 -4.4737 -2.4981 0.9753
-3.2523 -4.7181 -2.4974 0.9753
-3.0805 -4.8313 -2.4971 0.9753
-2.3562 -5.2200 -2.4960 0.9753
-2.1670 -5.3006 -2.4957 0.9753
-1.9751 -5.3744 -2.4954 0.9753
-1.3855 -5.5537 -2.4946 0.9753
-1.1851 -5.5993 -2.4943 0.9753
-0.5761 -5.6926 -2.4936 0.9753
0.2445 -5.7144 -2.4927 0.9754
0.6538 -5.6813 -2.4923 0.9754
0.8573 -5.6537 -2.4921 0.9754
1.0596 -5.6189 -2.4920 0.9754
1.2605 -5.5769 -2.4918 0.9754
1.4598 -5.5277 -2.4917 0.9754
1.8524 -5.4081 -2.4914 0.9754
2.0453 -5.3378 -2.4912 0.9754
2.6070 -5.0864 -2.4909 0.9754
2.7878 -4.9894 -2.4909 0.9754
3.1384 -4.7762 -2.4907 0.9754
3.3078 -4.6604 -2.4907 0.9754
3.4729 -4.5386 -2.4906 0.9754
3.7895 -4.2776 -2.4906 0.9754
4.2274 -3.8455 -2.4906 0.9754
4.3628 -3.6913 -2.4906 0.9754
4.6166 -3.3689 -2.4907 0.9754
5.0518 -2.6737 -2.4910 0.9754
5.3835 -1.9235 -2.4915 0.9754
5.5083 -1.5325 -2.4918 0.9754
5.7194 -0.1145 -2.4931 0.9753
5.7204 0.0909 -2.4933 0.9753
5.7139 0.2962 -2.4936 0.9753
5.6790 0.7055 -2.4941 0.9753
5.6149 1.1114 -2.4946 0.9753
5.5720 1.3124 -2.4948 0.9753
5.5219 1.5117 -2.4951 0.9753
5.4004 1.9045 -2.4957 0.9753
5.3292 2.0973 -2.4959 0.9753
5.1641 2.4739 -2.4955 0.9753
4.7674 2.9523 -2.4439 0.9758
4.5016 3.0165 -2.3616 0.9766
4.3612 3.1550 -2.3459 0.9768
4.2457 3.3099 -2.3462 0.9768
3.9982 3.6069 -2.3468 0.9768
3.8667 3.7486 -2.3471 0.9768
3.2919 4.2655 -2.3482 0.9768
3.1371 4.3815 -2.3485 0.9768
2.4789 4.7877 -2.3496 0.9768
2.3057 4.8741 -2.3499 0.9767
2.1295 4.9543 -2.3502 0.9767
1.9505 5.0282 -2.3505 0.9767
1.7689 5.0955 -2.3507 0.9767
1.5850 5.1563 -2.3510 0.9767
1.0218 5.2985 -2.3517 0.9767
0.8311 5.3323 -2.3520 0.9767
0.6392 5.3592 -2.3522 0.9767
0.2531 5.3922 -2.3526 0.9767
0.0593 5.3983 -2.3528 0.9767
-0.3282 5.3896 -2.3532 0.9767
-0.9059 5.3243 -2.3538 0.9767
-1.4733 5.1970 -2.3542 0.9767
-1.6590 5.1411 -2.3543 0.9767
-2.0238 5.0093 -2.3546 0.9767
-2.2025 4.9336 -2.3547 0.9767
-2.5510 4.7632 -2.3549 0.9767
-2.7204 4.6687 -2.3549 0.9767
-2.8863 4.5682 -2.3550 0.9767
-3.5153 4.4261 -2.4633 0.9756
-3.8876 4.2319 -2.5044 0.9752
-4.1870 3.9475 -2.5079 0.9752
-4.3259 3.7946 -2.5079 0.9752
-4.4593 3.6368 -2.5078 0.9752
-4.5869 3.4744 -2.5078 0.9752
-4.7085 3.3074 -2.5077 0.9752
-4.8241 3.1361 -2.5077 0.9752
-4.9334 2.9609 -2.5076 0.9752
-5.2225 2.4130 -2.5073 0.9752
-5.3055 2.2239 -2.5072 0.9752
-5.5129 1.6404 -2.5067 0.9752
-5.6562 1.0380 -2.5062 0.9752
-5.7152 0.6294 -2.5058 0.9752
-5.7337 0.4238 -2.5056 0.9752
-5.7445 -0.1951 -2.5050 0.9752
-5.7332 -0.4011 -2.5047 0.9752
-5.7146 -0.6066 -2.5045 0.9752
-5.6885 -0.8113 -2.5042 0.9752
-5.6552 -1.0148 -2.5040 0.9752
-5.6145 -1.2171 -2.5037 0.9752
-5.5666 -1.4177 -2.5035 0.9752
-5.5115 -1.6164 -2.5032 0.9752
-5.4493 -1.8130 -2.5029 0.9753
-5.3801 -2.0072 -2.5026 0.9753
-5.3040 -2.1988 -2.5023 0.9753
-5.2210 -2.3875 -2.5020 0.9753
-5.1314 -2.5731 -2.5017 0.9753
-5.0351 -2.7553 -2.5014 0.9753
-4.9323 -2.9339 -2.5011 0.9753
-4.8232 -3.1087 -2.5008 0.9753
-4.7080 -3.2795 -2.5005 0.9753
-4.3265 -3.7652 -2.4996 0.9753
-4.1880 -3.9176 -2.4993 0.9753
-4.0442 -4.0649 -2.4990 0.9753
-3.7412 -4.3435 -2.4984 0.9753
-3.5824 -4.4745 -2.4981 0.9753
-3.4191 -4.5996 -2.4977 0.9753
-2.9037 -4.9387 -2.4968 0.9753
-2.5413 -5.1331 -2.4963 0.9753
-2.1660 -5.3010 -2.4957 0.9753
-1.9740 -5.3747 -2.4954 0.9753
-1.3843 -5.5540 -2.4946 0.9753
-1.1839 -5.5995 -2.4943 0.9753
-0.9821 -5.6379 -2.4941 0.9753
-0.7790 -5.6689 -2.4938 0.9753
-0.3702 -5.7091 -2.4934 0.9753
-0.1650 -5.7182 -2.4931 0.9753
0.0404 -5.7200 -2.4929 0.9753
0.8584 -5.6535 -2.4921 0.9754
1.4609 -5.5274 -2.4917 0.9754
1.6583 -5.4711 -2.4915 0.9754
2.0464 -5.3374 -2.4912 0.9754
2.2366 -5.2603 -2.4911 0.9754
2.4238 -5.1764 -2.4910 0.9754
2.6080 -5.0859 -2.4909 0.9754
3.1394 -4.7756 -2.4907 0.9754
3.3087 -4.6597 -2.4907 0.9754
3.4738 -4.5379 -2.4906 0.9754
3.6344 -4.4102 -2.4906 0.9754
4.2282 -3.8446 -2.4906 0.9754
4.3635 -3.6904 -2.4906 0.9754
4.4933 -3.5314 -2.4907 0.9754
4.6172 -3.3679 -2.4907 0.9754
4.9530 -2.8522 -2.4909 0.9754
5.0524 -2.6727 -2.4910 0.9754
5.2316 -2.3035 -2.4912 0.9754
5.3111 -2.1144 -2.4914 0.9754
5.6051 -1.1324 -2.4921 0.9754
5.7194 -0.1133 -2.4931 0.9753
5.7139 0.2974 -2.4936 0.9753
5.6789 0.7067 -2.4941 0.9753
5.6504 0.9102 -2.4943 0.9753
5.5216 1.5129 -2.4951 0.9753
5.4000 1.9055 -2.4957 0.9753
5.2506 2.2886 -2.4962 0.9753
4.9632 2.8336 -2.4907 0.9754
4.5001 3.0168 -2.3612 0.9766
4.3606 3.1559 -2.3459 0.9768
3.9975 3.6077 -2.3468 0.9768
3.8659 3.7494 -2.3471 0.9768
3.7293 3.8862 -2.3474 0.9768
3.5878 4.0181 -2.3476 0.9768
3.4417 4.1448 -2.3479 0.9768
3.1362 4.3821 -2.3485 0.9768
2.8144 4.5970 -2.3491 0.9768
2.6479 4.6956 -2.3494 0.9768
1.9495 5.0286 -2.3505 0.9767
0.6381 5.3593 -2.3522 0.9767
1.4942 4.8537 -2.3507 0.9779
1.1423 4.9494 -2.3512 0.9779
0.9640 4.9877 -2.3514 0.9779
0.2403 5.0761 -2.3523 0.9778
0.0579 5.0819 -2.3525 0.9778
-0.3069 5.0738 -2.3529 0.9778
-0.8508 5.0124 -2.3534 0.9778
-1.0302 4.9790 -2.3535 0.9778
-1.3850 4.8928 -2.3538 0.9778
-1.5598 4.8402 -2.3539 0.9778
-1.7326 4.7813 -2.3540 0.9778
-2.0714 4.6451 -2.3542 0.9778
-2.3995 4.4848 -2.3544 0.9778
-2.7220 4.3120 -2.3604 0.9778
-3.2032 4.3484 -2.5000 0.9765
-3.5137 4.1153 -2.5048 0.9764
-3.9398 3.7175 -2.5074 0.9764
-4.0707 3.5737 -2.5073 0.9764
-4.3165 3.2723 -2.5073 0.9764
-4.5399 2.9540 -2.5072 0.9764
-4.6429 2.7891 -2.5071 0.9764
-4.8307 2.4486 -2.5069 0.9764
-5.1890 1.5463 -2.5063 0.9764
-5.2859 1.1698 -2.5060 0.9764
-5.3242 0.9793 -2.5058 0.9764
-5.3555 0.7875 -2.5056 0.9764
-5.3799 0.5946 -2.5055 0.9764
-5.4079 0.2071 -2.5051 0.9764
-5.4114 0.0128 -2.5049 0.9764
-5.3556 -0.7616 -2.5040 0.9764
-5.3243 -0.9532 -2.5037 0.9764
-5.2861 -1.1436 -2.5035 0.9764
-5.1894 -1.5196 -2.5030 0.9764
-5.1309 -1.7048 -2.5027 0.9765
-4.9163 -2.2458 -2.5019 0.9765
-4.8320 -2.4205 -2.5016 0.9765
-4.7415 -2.5921 -2.5013 0.9765
-4.2000 -3.3952 -2.4999 0.9765
-3.6691 -3.9595 -2.4987 0.9765
-3.5242 -4.0882 -2.4984 0.9765
-3.0632 -4.4418 -2.4976 0.9765
-2.7360 -4.6491 -2.4970 0.9765
-2.5670 -4.7438 -2.4967 0.9765
-2.3948 -4.8323 -2.4964 0.9765
-2.2196 -4.9146 -2.4962 0.9765
-1.6778 -5.1231 -2.4954 0.9765
-1.4927 -5.1796 -2.4951 0.9765
-1.3056 -5.2293 -2.4949 0.9765
-1.1170 -5.2723 -2.4946 0.9765
-0.7357 -5.3378 -2.4941 0.9765
-0.5435 -5.3603 -2.4939 0.9765
-0.3507 -5.3759 -2.4937 0.9765
0.2292 -5.3811 -2.4931 0.9765
0.4222 -5.3690 -2.4929 0.9765
0.6146 -5.3500 -2.4927 0.9765
0.8062 -5.3241 -2.4926 0.9765
1.1860 -5.2519 -2.4922 0.9765
1.3736 -5.2056 -2.4921 0.9765
2.2806 -4.8756 -2.4915 0.9766
2.4540 -4.7904 -2.4914 0.9766
2.6243 -4.6990 -2.4913 0.9766
2.9546 -4.4984 -2.4912 0.9766
3.4209 -4.1545 -2.4911 0.9766
3.5678 -4.0290 -2.4911 0.9766
3.9803 -3.6221 -2.4911 0.9766
4.1078 -3.4769 -2.4911 0.9766
4.5635 -2.8534 -2.4913 0.9766
4.7568 -2.5188 -2.4915 0.9766
4.9257 -2.1712 -2.4917 0.9766
5.0007 -1.9931 -2.4918 0.9766
5.1868 -1.4442 -2.4922 0.9765
5.2777 -1.0684 -2.4925 0.9765
5.3130 -0.8784 -2.4927 0.9765
5.3415 -0.6871 -2.4929 0.9765
5.3779 -0.3021 -2.4933 0.9765
5.3676 0.4708 -2.4941 0.9765
5.1998 1.4224 -2.4953 0.9765
5.1459 1.6083 -2.4956 0.9765
5.0854 1.7922 -2.4959 0.9765
5.0183 1.9738 -2.4961 0.9765
4.9448 2.1529 -2.4964 0.9765
4.6810 2.6699 -2.4944 0.9765
3.9994 3.1167 -2.3470 0.9779
3.8841 3.2575 -2.3465 0.9779
3.6412 3.5286 -2.3471 0.9779
3.5126 3.6575 -2.3473 0.9779
3.2419 3.9010 -2.3479 0.9779
3.1002 4.0153 -2.3482 0.9779
2.9544 4.1245 -2.3484 0.9779
2.8047 4.2284 -2.3487 0.9779
2.1716 4.5883 -2.3497 0.9779
1.6663 4.7968 -2.3505 0.9779
1.4932 4.8540 -2.3507 0.9779
1.3181 4.9050 -2.3510 0.9779
0.9630 4.9879 -2.3514 0.9779
0.7834 5.0197 -2.3517 0.9779
0.6027 5.0450 -2.3519 0.9779
0.2393 5.0762 -2.3523 0.9778
-0.4899 5.0597 -2.3530 0.9778
-0.6713 5.0393 -2.3532 0.9778
-1.5608 4.8399 -2.3539 0.9778
-1.7336 4.7810 -2.3540 0.9778
-1.9042 4.7159 -2.3541 0.9778
-2.2378 4.5674 -2.3543 0.9778
-2.4004 4.4843 -2.3544 0.9778
-2.5599 4.3954 -2.3545 0.9778
-3.5146 4.1146 -2.5048 0.9764
-3.8046 3.8558 -2.5074 0.9764
-4.1970 3.4243 -2.5073 0.9764
-4.3171 3.2714 -2.5073 0.9764
-4.6435 2.7881 -2.5071 0.9764
-4.8312 2.4476 -2.5069 0.9764
-4.9158 2.2725 -2.5068 0.9764
-4.9939 2.0945 -2.5067 0.9764
-5.0657 1.9138 -2.5066 0.9764
-5.2412 1.3578 -2.5061 0.9764
-5.3557 0.7864 -2.5056 0.9764
-5.3801 0.5936 -2.5055 0.9764
-5.4079 0.2060 -2.5051 0.9764
-5.4114 0.0117 -2.5049 0.9764
-5.4079 -0.1825 -2.5046 0.9764
-5.3554 -0.7626 -2.5040 0.9764
-5.2859 -1.1447 -2.5035 0.9764
-5.1306 -1.7058 -2.5027 0.9765
-5.0655 -1.8887 -2.5024 0.9765
-4.9939 -2.0691 -2.5022 0.9765
-4.5416 -2.9259 -2.5007 0.9765
-4.3190 -3.2435 -2.5002 0.9765
-4.1993 -3.3960 -2.4999 0.9765
-4.0742 -3.5442 -2.4996 0.9765
-3.6683 -3.9602 -2.4987 0.9765
-3.5233 -4.0889 -2.4984 0.9765
-3.2201 -4.3301 -2.4978 0.9765
-2.3938 -4.8328 -2.4964 0.9765
-2.2186 -4.9151 -2.4962 0.9765
-2.0405 -4.9910 -2.4959 0.9765
-1.8598 -5.0605 -2.4956 0.9765
-1.3046 -5.2295 -2.4949 0.9765
-0.9258 -5.3086 -2.4944 0.9765
-0.7346 -5.3380 -2.4941 0.9765
-0.5425 -5.3604 -2.4939 0.9765
-0.1564 -5.3846 -2.4935 0.9765
0.0370 -5.3863 -2.4933 0.9765
0.2303 -5.3811 -2.4931 0.9765
0.6157 -5.3499 -2.4927 0.9765
0.8073 -5.3240 -2.4926 0.9765
0.9978 -5.2912 -2.4924 0.9765
1.3747 -5.2054 -2.4921 0.9765
1.5606 -5.1524 -2.4920 0.9766
1.9260 -5.0266 -2.4917 0.9766
2.2815 -4.8751 -2.4915 0.9766
2.4550 -4.7899 -2.4914 0.9766
2.7922 -4.6011 -2.4913 0.9766
2.9555 -4.4978 -2.4912 0.9766
3.1150 -4.3887 -2.4912 0.9766
3.7109 -3.8976 -2.4911 0.9766
3.8484 -3.7619 -2.4911 0.9766
3.9810 -3.6213 -2.4911 0.9766
4.1085 -3.4761 -2.4911 0.9766
4.3475 -3.1725 -2.4912 0.9766
4.4586 -3.0144 -2.4913 0.9766
4.5641 -2.8525 -2.4913 0.9766
4.7573 -2.5179 -2.4915 0.9766
4.9261 -2.1702 -2.4917 0.9766
5.0011 -1.9921 -2.4918 0.9766
5.0696 -1.8114 -2.4919 0.9766
5.1317 -1.6283 -2.4921 0.9765
5.3132 -0.8773 -2.4927 0.9765
5.3633 -0.4939 -2.4931 0.9765
5.3857 -0.1078 -2.4935 0.9765
5.3866 0.0856 -2.4937 0.9765
5.3805 0.2789 -2.4939 0.9765
5.3675 0.4719 -2.4941 0.9765
5.3476 0.6644 -2.4944 0.9765
5.3208 0.8560 -2.4946 0.9765
5.2467 1.2358 -2.4951 0.9765
5.1995 1.4235 -2.4953 0.9765
5.0850 1.7932 -2.4959 0.9765
5.0179 1.9748 -2.4961 0.9765
4.9443 2.1539 -2.4964 0.9765
4.8644 2.3303 -2.4967 0.9765
4.6804 2.6709 -2.4944 0.9765
4.4692 2.9948 -2.4902 0.9766
3.9984 3.1172 -2.3468 0.9779
3.8835 3.2583 -2.3465 0.9779
3.6405 3.5294 -2.3471 0.9779
3.2411 3.9017 -2.3479 0.9779
3.0993 4.0160 -2.3482 0.9779
2.6506 4.3274 -2.3490 0.9779
2.4938 4.4202 -2.3492 0.9779
2.3338 4.5074 -2.3495 0.9779
2.0048 4.6643 -2.3500 0.9779
1.8363 4.7337 -2.3503 0.9779
1.6653 4.7971 -2.3505 0.9779
1.1403 4.9498 -2.3512 0.9779
0.7824 5.0198 -2.3517 0.9779
0.2382 5.0762 -2.3523 0.9778
-0.1266 5.0811 -2.3527 0.9778
-0.6723 5.0391 -2.3532 0.9778
-0.8528 5.0121 -2.3534 0.9778
-1.2104 4.9386 -2.3537 0.9778
-1.7346 4.7806 -2.3540 0.9778
-1.9051 4.7155 -2.3541 0.9778
-2.0733 4.6442 -2.3542 0.9778
-2.2387 4.5670 -2.3543 0.9778
-2.4013 4.4838 -2.3544 0.9778
-2.5608 4.3949 -2.3545 0.9778
-2.9641 4.3382 -2.4320 0.9771
-3.3622 4.2333 -2.5024 0.9765
-3.5154 4.1139 -2.5048 0.9764
-3.6645 3.9891 -2.5074 0.9764
-3.9413 3.7159 -2.5074 0.9764
-4.0721 3.5720 -2.5073 0.9764
-4.7409 2.6186 -2.5070 0.9764
-4.9162 2.2715 -2.5068 0.9764
-5.1312 1.7296 -2.5064 0.9764
-5.2864 1.1677 -2.5060 0.9764
-5.3558 0.7853 -2.5056 0.9764
-5.3976 0.3989 -2.5053 0.9764
-5.4080 0.2049 -2.5051 0.9764
-5.3239 -0.9554 -2.5037 0.9764
-5.2856 -1.1458 -2.5035 0.9764
-5.2406 -1.3346 -2.5032 0.9764
-5.1887 -1.5217 -2.5030 0.9764
-5.0651 -1.8897 -2.5024 0.9765
-4.9154 -2.2478 -2.5019 0.9765
-4.6437 -2.7622 -2.5010 0.9765
-4.5410 -2.9268 -2.5007 0.9765
-4.4325 -3.0876 -2.5005 0.9765
-4.3183 -3.2443 -2.5002 0.9765
-4.0735 -3.5450 -2.4996 0.9765
-3.9431 -3.6885 -2.4993 0.9765
-3.6675 -3.9610 -2.4987 0.9765
-3.0614 -4.4430 -2.4975 0.9765
-2.3929 -4.8333 -2.4964 0.9765
-2.2176 -4.9155 -2.4962 0.9765
-2.0395 -4.9914 -2.4959 0.9765
-1.8588 -5.0609 -2.4956 0.9765
-1.6757 -5.1238 -2.4954 0.9765
-1.3035 -5.2298 -2.4949 0.9765
-0.9248 -5.3088 -2.4944 0.9765
-0.5414 -5.3605 -2.4939 0.9765
0.0380 -5.3863 -2.4933 0.9765
0.4243 -5.3688 -2.4929 0.9765
0.6167 -5.3498 -2.4927 0.9765
0.9989 -5.2910 -2.4924 0.9765
1.1881 -5.2514 -2.4922 0.9765
1.3757 -5.2051 -2.4921 0.9765
1.5616 -5.1521 -2.4920 0.9766
1.7455 -5.0924 -2.4918 0.9766
1.9271 -5.0262 -2.4917 0.9766
2.4560 -4.7894 -2.4914 0.9766
2.7931 -4.6006 -2.4913 0.9766
3.1159 -4.3881 -2.4912 0.9766
3.2713 -4.2734 -2.4911 0.9766
3.4226 -4.1531 -2.4911 0.9766
3.7117 -3.8968 -2.4911 0.9766
3.8492 -3.7611 -2.4911 0.9766
4.3481 -3.1716 -2.4912 0.9766
4.4593 -3.0135 -2.4913 0.9766
4.5647 -2.8516 -2.4913 0.9766
4.6643 -2.6860 -2.4914 0.9766
4.7578 -2.5169 -2.4915 0.9766
4.8453 -2.3446 -2.4916 0.9766
4.9266 -2.1692 -2.4917 0.9766
5.0015 -1.9911 -2.4918 0.9766
5.0700 -1.8103 -2.4919 0.9766
5.1320 -1.6273 -2.4921 0.9765
5.1874 -1.4421 -2.4922 0.9765
5.2361 -1.2550 -2.4924 0.9765
5.3134 -0.8762 -2.4927 0.9765
5.3780 -0.3000 -2.4933 0.9765
5.3866 0.0867 -2.4937 0.9765
5.3805 0.2800 -2.4939 0.9765
5.3674 0.4730 -2.4941 0.9765
5.3475 0.6654 -2.4944 0.9765
5.1992 1.4245 -2.4953 0.9765
5.0847 1.7943 -2.4959 0.9765
4.8639 2.3313 -2.4967 0.9765
4.7770 2.5043 -2.4966 0.9765
4.5770 2.8357 -2.4923 0.9765
4.4686 2.9957 -2.4902 0.9766
4.2244 3.0573 -2.4138 0.9773
3.9973 3.1176 -2.3465 0.9779
3.7638 3.3968 -2.3468 0.9779
3.2404 3.9023 -2.3479 0.9779
2.9527 4.1257 -2.3484 0.9779
2.8030 4.2295 -2.3487 0.9779
2.6497 4.3279 -2.3490 0.9779
2.4929 4.4207 -2.3492 0.9779
2.3329 4.5079 -2.3495 0.9779
2.1698 4.5892 -2.3497 0.9779
1.4912 4.8546 -2.3507 0.9779
0.9610 4.9882 -2.3514 0.9779
0.7813 5.0200 -2.3517 0.9779
0.6007 5.0453 -2.3519 0.9779
1.5732 4.5258 -2.3503 0.9789
1.0778 4.6700 -2.3510 0.9789
0.9096 4.7061 -2.3512 0.9789
0.5697 4.7601 -2.3516 0.9789
0.3985 4.7779 -2.3518 0.9789
0.2267 4.7895 -2.3520 0.9789
-0.2896 4.7872 -2.3525 0.9789
-0.4613 4.7741 -2.3527 0.9789
-0.6324 4.7547 -2.3528 0.9789
-0.8027 4.7293 -2.3530 0.9789
-0.9720 4.6977 -2.3531 0.9789
-1.4717 4.5667 -2.3535 0.9789
-1.7957 4.4497 -2.3537 0.9788
-1.9543 4.3826 -2.3538 0.9788
-2.1105 4.3098 -2.3539 0.9788
-2.4790 4.2584 -2.4170 0.9783
-2.7043 4.2839 -2.4850 0.9777
-2.8745 4.2107 -2.5008 0.9775
-3.0264 4.1084 -2.5030 0.9775
-3.3185 3.8867 -2.5069 0.9775
-3.4559 3.7651 -2.5069 0.9775
-3.5888 3.6386 -2.5069 0.9775
-4.1806 2.9391 -2.5068 0.9775
-4.3805 2.6314 -2.5066 0.9775
-4.4720 2.4724 -2.5066 0.9775
-4.5577 2.3102 -2.5065 0.9775
-4.6375 2.1450 -2.5064 0.9775
-4.8406 1.6338 -2.5060 0.9775
-4.9873 1.1037 -2.5056 0.9775
-5.0234 0.9239 -2.5054 0.9775
-5.0761 0.5611 -2.5051 0.9775
-5.1058 0.0121 -2.5045 0.9775
-5.0533 -0.7186 -2.5037 0.9775
-5.0238 -0.8994 -2.5035 0.9775
-4.8414 -1.6086 -2.5025 0.9775
-4.7126 -1.9514 -2.5020 0.9775
-4.6390 -2.1191 -2.5017 0.9775
-4.5595 -2.2840 -2.5015 0.9775
-4.4741 -2.4460 -2.5012 0.9775
-4.2861 -2.7601 -2.5007 0.9775
-4.1838 -2.9118 -2.5004 0.9775
-4.0762 -3.0598 -2.5001 0.9775
-3.8453 -3.3437 -2.4996 0.9776
-3.5947 -3.6101 -2.4990 0.9776
-3.3257 -3.8579 -2.4985 0.9776
-3.1847 -3.9744 -2.4982 0.9776
-2.7381 -4.2923 -2.4974 0.9776
-2.4225 -4.4767 -2.4968 0.9776
-2.2600 -4.5603 -2.4966 0.9776
-1.7561 -4.7754 -2.4958 0.9776
-1.5834 -4.8349 -2.4956 0.9776
-1.4087 -4.8882 -2.4953 0.9776
-1.0541 -4.9757 -2.4949 0.9776
-0.6943 -5.0376 -2.4944 0.9776
-0.5130 -5.0589 -2.4942 0.9776
-0.3310 -5.0736 -2.4940 0.9776
0.3984 -5.0672 -2.4933 0.9776
0.5800 -5.0493 -2.4931 0.9776
1.1193 -4.9568 -2.4926 0.9776
1.4719 -4.8632 -2.4924 0.9776
1.9859 -4.6761 -2.4920 0.9776
2.3162 -4.5213 -2.4919 0.9776
2.6344 -4.3432 -2.4917 0.9776
2.9391 -4.1428 -2.4916 0.9776
3.0859 -4.0346 -2.4916 0.9776
3.2287 -3.9212 -2.4916 0.9776
3.3674 -3.8027 -2.4915 0.9776
3.5017 -3.6794 -2.4915 0.9776
3.7567 -3.4187 -2.4916 0.9776
3.8771 -3.2816 -2.4916 0.9776
4.2076 -2.8459 -2.4917 0.9776
2.2196 -1.2794 -1.2567 0.9887
2.4372 -0.9714 -1.2870 0.9884
2.4865 -0.8890 -1.2953 0.9883
5.0413 -0.6485 -2.4932 0.9776
5.0756 -0.2852 -2.4936 0.9776
5.0837 0.0798 -2.4940 0.9776
5.0657 0.4444 -2.4944 0.9776
5.0217 0.8068 -2.4948 0.9776
4.9900 0.9867 -2.4951 0.9776
4.9518 1.1653 -2.4953 0.9776
4.9072 1.3424 -2.4956 0.9776
4.5910 2.1982 -2.4968 0.9776
4.4224 2.5224 -2.4973 0.9776
4.3262 2.6779 -2.4958 0.9776
4.2240 2.8292 -2.4938 0.9776
4.1167 2.9768 -2.4920 0.9776
3.1890 3.5685 -2.3476 0.9789
2.6466 3.9900 -2.3486 0.9789
2.5019 4.0829 -2.3488 0.9789
2.3540 4.1705 -2.3491 0.9789
2.2030 4.2527 -2.3493 0.9789
2.0491 4.3295 -2.3496 0.9789
1.7336 4.4663 -2.3501 0.9789
1.4089 4.5801 -2.3505 0.9789
1.2437 4.6281 -2.3508 0.9789
0.7392 4.7363 -2.3514 0.9789
0.5687 4.7602 -2.3516 0.9789
0.0537 4.7949 -2.3522 0.9789
-0.1185 4.7941 -2.3524 0.9789
-0.2905 4.7871 -2.3525 0.9789
-0.4622 4.7740 -2.3527 0.9789
-0.9730 4.6975 -2.3531 0.9789
-1.1410 4.6598 -2.3533 0.9789
-1.9552 4.3822 -2.3538 0.9788
-2.4802 4.2586 -2.4174 0.9783
-2.7056 4.2841 -2.4854 0.9777
-2.8753 4.2101 -2.5008 0.9775
-3.0273 4.1078 -2.5030 0.9775
-3.1756 4.0001 -2.5053 0.9775
-3.3193 3.8860 -2.5069 0.9775
-3.9598 3.2308 -2.5069 0.9775
-4.0731 3.0865 -2.5068 0.9775
-4.2839 2.7862 -2.5067 0.9775
-4.4725 2.4715 -2.5066 0.9775
-4.5582 2.3093 -2.5065 0.9775
-4.6380 2.1441 -2.5064 0.9775
-4.7118 1.9761 -2.5063 0.9775
-4.9451 1.2811 -2.5058 0.9775
-5.0532 0.7419 -2.5053 0.9775
-5.0762 0.5600 -2.5051 0.9775
-5.1025 0.1943 -2.5047 0.9775
-5.1025 -0.1722 -2.5043 0.9775
-5.0531 -0.7196 -2.5037 0.9775
-5.0236 -0.9004 -2.5035 0.9775
-4.9876 -1.0801 -2.5032 0.9775
-4.7797 -1.7821 -2.5022 0.9775
-4.7122 -1.9524 -2.5020 0.9775
-4.0756 -3.0606 -2.5001 0.9775
-3.8446 -3.3444 -2.4996 0.9776
-3.5939 -3.6109 -2.4990 0.9776
-3.4616 -3.7371 -2.4987 0.9776
-3.3249 -3.8586 -2.4985 0.9776
-3.1839 -3.9750 -2.4982 0.9776
-2.8898 -4.1923 -2.4976 0.9776
-2.5810 -4.3879 -2.4971 0.9776
-1.9257 -4.7102 -2.4961 0.9776
-1.5824 -4.8352 -2.4956 0.9776
-1.0531 -4.9759 -2.4949 0.9776
-0.6933 -5.0378 -2.4944 0.9776
-0.3300 -5.0737 -2.4940 0.9776
0.0349 -5.0835 -2.4936 0.9776
0.2173 -5.0786 -2.4934 0.9776
0.5811 -5.0492 -2.4931 0.9776
0.9417 -4.9938 -2.4928 0.9776
1.2974 -4.9129 -2.4925 0.9776
1.4729 -4.8629 -2.4924 0.9776
1.6464 -4.8066 -2.4922 0.9776
1.9869 -4.6757 -2.4920 0.9776
2.1534 -4.6012 -2.4919 0.9776
2.3171 -4.5208 -2.4919 0.9776
2.4778 -4.4346 -2.4918 0.9776
2.6353 -4.3426 -2.4917 0.9776
2.7894 -4.2452 -2.4917 0.9776
2.9400 -4.1422 -2.4916 0.9776
3.0867 -4.0340 -2.4916 0.9776
3.2295 -3.9205 -2.4916 0.9776
3.3682 -3.8020 -2.4915 0.9776
3.5025 -3.6787 -2.4915 0.9776
3.7574 -3.4179 -2.4916 0.9776
2.2191 -1.3869 -1.2837 0.9884
2.2198 -1.2789 -1.2566 0.9887
2.4951 -1.0992 -1.3374 0.9879
2.4373 -0.9708 -1.2869 0.9884
2.4871 -0.8886 -1.2955 0.9883
4.8433 -1.5368 -2.4925 0.9776
4.8956 -1.3620 -2.4926 0.9776
4.9416 -1.1855 -2.4928 0.9776
5.0146 -0.8280 -2.4931 0.9776
5.0414 -0.6475 -2.4932 0.9776
5.0618 -0.4661 -2.4934 0.9776
5.0756 -0.2841 -2.4936 0.9776
5.0837 0.0808 -2.4940 0.9776
5.0656 0.4454 -2.4944 0.9776
5.0468 0.6270 -2.4946 0.9776
4.9898 0.9877 -2.4951 0.9776
4.9515 1.1663 -2.4953 0.9776
4.9070 1.3434 -2.4956 0.9776
4.7989 1.6923 -2.4960 0.9776
4.5905 2.1991 -2.4968 0.9776
4.2235 2.8301 -2.4938 0.9776
4.1161 2.9777 -2.4920 0.9776
3.5524 3.2047 -2.3468 0.9789
3.4354 3.3305 -2.3471 0.9789
3.3140 3.4521 -2.3473 0.9789
2.9246 3.7896 -2.3481 0.9789
2.6458 3.9905 -2.3486 0.9789
2.5011 4.0834 -2.3488 0.9789
2.3532 4.1709 -2.3491 0.9789
2.2021 4.2532 -2.3493 0.9789
2.0483 4.3300 -2.3496 0.9789
1.7327 4.4667 -2.3501 0.9789
1.4080 4.5804 -2.3505 0.9789
0.5677 4.7603 -2.3516 0.9789
0.3965 4.7780 -2.3518 0.9789
-0.1195 4.7941 -2.3524 0.9789
-0.2915 4.7871 -2.3525 0.9789
-0.8046 4.7290 -2.3530 0.9789
-1.3086 4.6158 -2.3534 0.9789
-1.4735 4.5661 -2.3535 0.9789
-1.6365 4.5105 -2.3536 0.9788
-1.7975 4.4490 -2.3537 0.9788
-1.9561 4.3818 -2.3538 0.9788
-2.2692 4.2371 -2.3577 0.9788
-2.7069 4.2842 -2.4858 0.9777
-3.1765 3.9995 -2.5053 0.9775
-3.3201 3.8853 -2.5069 0.9775
-3.5903 3.6371 -2.5069 0.9775
-3.7186 3.5059 -2.5069 0.9775
-3.9604 3.2300 -2.5069 0.9775
-4.2845 2.7853 -2.5067 0.9775
-4.3816 2.6297 -2.5066 0.9775
-4.4730 2.4706 -2.5066 0.9775
-4.5587 2.3084 -2.5065 0.9775
-4.7798 1.8047 -2.5062 0.9775
-4.8965 1.4569 -2.5059 0.9775
-4.9453 1.2801 -2.5058 0.9775
-4.9878 1.1017 -2.5056 0.9775
-5.0533 0.7409 -2.5053 0.9775
-5.0763 0.5590 -2.5051 0.9775
-5.0927 0.3764 -2.5049 0.9775
-5.1025 -0.1733 -2.5043 0.9775
-5.0760 -0.5388 -2.5039 0.9775
-5.0530 -0.7206 -2.5037 0.9775
-4.9873 -1.0811 -2.5032 0.9775
-4.7794 -1.7831 -2.5022 0.9775
-4.7118 -1.9533 -2.5020 0.9775
-4.5586 -2.2859 -2.5015 0.9775
-4.1827 -2.9135 -2.5004 0.9775
-4.0749 -3.0615 -2.5001 0.9775
-3.9620 -3.2054 -2.4998 0.9776
-3.7210 -3.4807 -2.4993 0.9776
-3.0380 -4.0869 -2.4979 0.9776
-2.8890 -4.1929 -2.4976 0.9776
-2.4207 -4.4777 -2.4968 0.9776
-1.5814 -4.8356 -2.4956 0.9776
-1.2302 -4.9356 -2.4951 0.9776
-1.0521 -4.9761 -2.4949 0.9776
-0.6923 -5.0379 -2.4944 0.9776
-0.5109 -5.0591 -2.4942 0.9776
-0.3290 -5.0737 -2.4940 0.9776
0.0359 -5.0835 -2.4936 0.9776
0.2184 -5.0785 -2.4934 0.9776
0.5821 -5.0491 -2.4931 0.9776
0.7629 -5.0246 -2.4929 0.9776
1.8188 -4.7438 -2.4921 0.9776
1.9878 -4.6753 -2.4920 0.9776
2.1543 -4.6008 -2.4919 0.9776
2.6362 -4.3421 -2.4917 0.9776
2.7903 -4.2446 -2.4917 0.9776
3.2303 -3.9198 -2.4916 0.9776
3.5032 -3.6779 -2.4915 0.9776
3.7581 -3.4171 -2.4916 0.9776
4.2088 -2.8443 -2.4917 0.9776
2.2200 -1.2784 -1.2566 0.9887
2.2903 -1.2116 -1.2710 0.9885
4.5731 -2.2129 -2.4920 0.9776
2.4940 -1.0981 -1.3367 0.9879
4.8436 -1.5358 -2.4925 0.9776
4.8959 -1.3610 -2.4926 0.9776
4.9419 -1.1845 -2.4928 0.9776
4.9815 -1.0064 -2.4929 0.9776
5.0415 -0.6464 -2.4932 0.9776
5.0619 -0.4651 -2.4934 0.9776
5.0757 -0.2831 -2.4936 0.9776
5.0829 -0.1007 -2.4938 0.9776
5.0837 0.0818 -2.4940 0.9776
5.0779 0.2643 -2.4942 0.9776
5.0656 0.4464 -2.4944 0.9776
5.0467 0.6280 -2.4946 0.9776
4.7985 1.6933 -2.4960 0.9776
4.7351 1.8647 -2.4963 0.9776
4.5901 2.2000 -2.4968 0.9776
4.5086 2.3636 -2.4971 0.9776
4.3251 2.6796 -2.4957 0.9776
4.2229 2.8309 -2.4938 0.9776
3.9672 3.0941 -2.4679 0.9778
3.3133 3.4527 -2.3473 0.9789
3.0577 3.6824 -2.3478 0.9789
2.7862 3.8931 -2.3483 0.9789
2.2013 4.2536 -2.3493 0.9789
2.0474 4.3304 -2.3496 0.9789
1.8908 4.4015 -2.3498 0.9789
1.4071 4.5806 -2.3505 0.9789
1.0750 4.6707 -2.3510 0.9789
0.7372 4.7366 -2.3514 0.9789
0.5668 4.7605 -2.3516 0.9789
0.6997 4.4777 -2.3512 0.9798
0.5386 4.5004 -2.3513 0.9798
-0.1111 4.5325 -2.3521 0.9798
-0.2738 4.5259 -2.3522 0.9798
-0.5979 4.4952 -2.3525 0.9798
-0.9189 4.4412 -2.3528 0.9798
-1.2354 4.3643 -2.3531 0.9798
-1.3913 4.3173 -2.3532 0.9798
-1.5473 4.2699 -2.3561 0.9797
-2.0495 4.1852 -2.4176 0.9792
-2.4242 4.1644 -2.4998 0.9785
-2.5742 4.0778 -2.5017 0.9785
-2.7211 3.9860 -2.5037 0.9785
-2.8648 3.8890 -2.5058 0.9785
-3.0033 3.7846 -2.5065 0.9785
-3.1372 3.6744 -2.5065 0.9785
-3.3928 3.4398 -2.5065 0.9785
-3.5141 3.3158 -2.5065 0.9785
-3.6308 3.1875 -2.5065 0.9785
-3.7429 3.0551 -2.5064 0.9785
-4.0494 2.6348 -2.5063 0.9785
-4.2278 2.3374 -2.5062 0.9785
-4.3843 2.0279 -2.5060 0.9785
-4.4541 1.8691 -2.5059 0.9785
-4.6748 1.2121 -2.5054 0.9785
-4.7150 1.0435 -2.5053 0.9785
-4.7990 0.5304 -2.5048 0.9785
-4.8146 0.3578 -2.5046 0.9785
-4.8272 0.0114 -2.5042 0.9785
-4.7993 -0.5075 -2.5037 0.9785
-4.7776 -0.6794 -2.5034 0.9785
-4.7497 -0.8504 -2.5032 0.9785
-4.6295 -1.3557 -2.5025 0.9785
-4.4556 -1.8450 -2.5018 0.9785
-4.3861 -2.0036 -2.5016 0.9785
-4.1441 -2.4628 -2.5008 0.9785
-4.0526 -2.6097 -2.5006 0.9785
-3.9559 -2.7532 -2.5003 0.9785
-3.8541 -2.8931 -2.5001 0.9785
-3.3989 -3.4135 -2.4990 0.9785
-3.0113 -3.7580 -2.4982 0.9785
-2.7333 -3.9635 -2.4977 0.9785
-2.5890 -4.0587 -2.4975 0.9785
-2.1371 -4.3122 -2.4967 0.9785
-1.9807 -4.3857 -2.4965 0.9785
-1.8218 -4.4535 -2.4962 0.9786
-1.6606 -4.5157 -2.4960 0.9786
-1.4973 -4.5719 -2.4958 0.9786
-1.3321 -4.6223 -2.4955 0.9786
-0.9968 -4.7051 -2.4951 0.9786
-0.8272 -4.7375 -2.4949 0.9786
-0.6566 -4.7637 -2.4947 0.9786
-0.1406 -4.8056 -2.4941 0.9786
0.0320 -4.8072 -2.4939 0.9786
0.2045 -4.8026 -2.4938 0.9786
0.3768 -4.7918 -2.4936 0.9786
0.7195 -4.7519 -2.4933 0.9786
1.3919 -4.5990 -2.4927 0.9786
1.5561 -4.5458 -2.4926 0.9786
2.0355 -4.3517 -2.4923 0.9786
2.3424 -4.1942 -2.4922 0.9786
2.6371 -4.0151 -2.4921 0.9786
3.0534 -3.7082 -2.4920 0.9786
3.3115 -3.4795 -2.4920 0.9786
3.4343 -3.3584 -2.4920 0.9786
3.6665 -3.1034 -2.4920 0.9786
2.0949 -1.3099 -1.2818 0.9889
2.1012 -1.2111 -1.2582 0.9891
2.1652 -1.1465 -1.2710 0.9890
2.3192 -1.0223 -1.3148 0.9886
2.2833 -0.9100 -1.2751 0.9890
4.6729 -1.1220 -2.4931 0.9786
4.7419 -0.7839 -2.4934 0.9786
4.7673 -0.6133 -2.4936 0.9786
4.8066 -0.0972 -2.4941 0.9786
4.8074 0.0754 -2.4943 0.9786
4.7726 0.5919 -2.4949 0.9786
4.7486 0.7629 -2.4951 0.9786
4.6825 1.1019 -2.4955 0.9786
4.6403 1.2694 -2.4957 0.9786
4.5922 1.4353 -2.4960 0.9786
4.4782 1.7614 -2.4965 0.9785
4.4125 1.9212 -2.4967 0.9785
4.3412 2.0786 -2.4969 0.9785
4.2642 2.2333 -2.4972 0.9785
4.0938 2.5340 -2.4977 0.9785
3.9992 2.6787 -2.4971 0.9785
3.8977 2.8185 -2.4953 0.9786
3.7915 2.9546 -2.4936 0.9786
3.3264 3.2235 -2.4030 0.9793
3.1403 3.2698 -2.3519 0.9798
2.7660 3.5825 -2.3480 0.9798
2.6359 3.6799 -2.3483 0.9798
2.5023 3.7725 -2.3485 0.9798
2.3655 3.8603 -2.3487 0.9798
1.9374 4.0935 -2.3494 0.9798
1.7894 4.1608 -2.3497 0.9798
1.6390 4.2227 -2.3499 0.9798
1.4865 4.2793 -2.3501 0.9798
1.3321 4.3303 -2.3503 0.9798
1.0181 4.4155 -2.3508 0.9798
0.8590 4.4496 -2.3510 0.9798
0.5377 4.5005 -2.3514 0.9798
0.0507 4.5332 -2.3519 0.9798
-0.1120 4.5325 -2.3521 0.9798
-0.2747 4.5258 -2.3522 0.9798
-0.4370 4.5133 -2.3524 0.9798
-0.7598 4.4709 -2.3527 0.9798
-0.9198 4.4410 -2.3528 0.9798
-1.0787 4.4054 -2.3529 0.9798
-1.3922 4.3170 -2.3532 0.9798
-1.5483 4.2699 -2.3563 0.9797
-1.8572 4.1625 -2.3646 0.9797
-2.0506 4.1854 -2.4179 0.9792
-2.5750 4.0773 -2.5018 0.9785
-2.7219 3.9855 -2.5038 0.9785
-3.2679 3.5587 -2.5065 0.9785
-3.5148 3.3151 -2.5065 0.9785
-3.6315 3.1868 -2.5065 0.9785
-3.7435 3.0543 -2.5064 0.9785
-4.0499 2.6340 -2.5063 0.9785
-4.2282 2.3365 -2.5062 0.9785
-4.3092 2.1832 -2.5061 0.9785
-4.3847 2.0270 -2.5060 0.9785
-4.5184 1.7070 -2.5058 0.9785
-4.6288 1.3783 -2.5055 0.9785
-4.6751 1.2112 -2.5054 0.9785
-4.7991 0.5295 -2.5048 0.9785
-4.8240 0.1837 -2.5044 0.9785
-4.8272 0.0105 -2.5042 0.9785
-4.8241 -0.1628 -2.5041 0.9785
-4.7992 -0.5084 -2.5037 0.9785
-4.7155 -1.0212 -2.5030 0.9785
-4.6292 -1.3566 -2.5025 0.9785
-4.2297 -2.3135 -2.5011 0.9785
-4.1435 -2.4636 -2.5008 0.9785
-4.0520 -2.6105 -2.5006 0.9785
-3.7467 -3.0300 -2.4998 0.9785
-3.6352 -3.1623 -2.4995 0.9785
-3.2731 -3.5336 -2.4988 0.9785
-2.7325 -3.9641 -2.4977 0.9785
-2.5882 -4.0592 -2.4975 0.9785
-1.4964 -4.5722 -2.4958 0.9786
-1.1642 -4.6670 -2.4953 0.9786
-0.9959 -4.7053 -2.4951 0.9786
-0.3121 -4.7979 -2.4943 0.9786
0.0330 -4.8072 -2.4939 0.9786
0.3778 -4.7918 -2.4936 0.9786
0.5495 -4.7748 -2.4934 0.9786
1.0594 -4.6872 -2.4930 0.9786
1.5570 -4.5455 -2.4926 0.9786
1.7191 -4.4865 -2.4925 0.9786
2.0364 -4.3513 -2.4923 0.9786
2.3432 -4.1937 -2.4922 0.9786
2.4922 -4.1068 -2.4921 0.9786
2.6380 -4.0146 -2.4921 0.9786
2.7803 -3.9173 -2.4920 0.9786
2.9191 -3.8149 -2.4920 0.9786
3.1852 -3.5955 -2.4920 0.9786
3.3123 -3.4789 -2.4920 0.9786
3.5533 -3.2323 -2.4920 0.9786
3.6671 -3.1027 -2.4920 0.9786
3.7762 -2.9691 -2.4920 0.9786
3.8804 -2.8316 -2.4921 0.9786
3.9796 -2.6906 -2.4921 0.9786
2.1014 -1.2107 -1.2581 0.9891
2.1658 -1.1463 -1.2712 0.9890
2.3219 -1.1241 -1.3383 0.9884
2.3186 -1.0215 -1.3144 0.9886
2.2833 -0.9095 -1.2751 0.9890
2.3311 -0.8329 -1.2842 0.9889
2.4834 -0.7880 -1.3517 0.9883
4.6731 -1.1211 -2.4931 0.9786
4.7106 -0.9526 -2.4933 0.9786
4.7421 -0.7830 -2.4934 0.9786
4.7674 -0.6123 -2.4936 0.9786
4.7867 -0.4408 -2.4937 0.9786
4.8066 -0.0962 -2.4941 0.9786
4.8074 0.0764 -2.4943 0.9786
4.8019 0.2489 -2.4945 0.9786
4.7902 0.4212 -2.4947 0.9786
4.7724 0.5929 -2.4949 0.9786
4.7485 0.7639 -2.4951 0.9786
4.7184 0.9340 -2.4953 0.9786
4.5919 1.4362 -2.4960 0.9786
4.4779 1.7623 -2.4965 0.9785
4.4122 1.9221 -2.4967 0.9785
4.3407 2.0794 -2.4969 0.9785
4.1812 2.3860 -2.4974 0.9785
4.0933 2.5348 -2.4977 0.9785
3.9986 2.6795 -2.4971 0.9785
3.7908 2.9554 -2.4936 0.9786
3.1394 3.2701 -2.3517 0.9798
2.8918 3.4811 -2.3478 0.9798
2.7653 3.5831 -2.3480 0.9798
2.3648 3.8608 -2.3487 0.9798
1.6382 4.2231 -2.3499 0.9798
1.3312 4.3305 -2.3503 0.9798
1.1750 4.3759 -2.3506 0.9798
0.8582 4.4497 -2.3510 0.9798
0.6979 4.4780 -2.3512 0.9798
0.3749 4.5173 -2.3515 0.9798
0.2125 4.5282 -2.3517 0.9798
0.0498 4.5332 -2.3519 0.9798
-0.1129 4.5324 -2.3521 0.9798
-0.2756 4.5258 -2.3522 0.9798
-1.6993 4.2060 -2.3534 0.9798
-1.8583 4.1626 -2.3649 0.9797
-2.0517 4.1855 -2.4182 0.9792
-2.2540 4.2088 -2.4769 0.9787
-2.4260 4.1635 -2.4998 0.9785
-2.7227 3.9849 -2.5038 0.9785
-3.1387 3.6731 -2.5065 0.9785
-3.5154 3.3144 -2.5065 0.9785
-3.7441 3.0536 -2.5064 0.9785
-3.8513 2.9171 -2.5064 0.9785
-3.9534 2.7770 -2.5064 0.9785
-4.0505 2.6332 -2.5063 0.9785
-4.1423 2.4860 -2.5062 0.9785
-4.3851 2.0261 -2.5060 0.9785
-4.4548 1.8673 -2.5059 0.9785
-4.5188 1.7061 -2.5058 0.9785
-4.6291 1.3774 -2.5055 0.9785
-4.6753 1.2102 -2.5054 0.9785
-4.7155 1.0416 -2.5053 0.9785
-4.7495 0.8716 -2.5051 0.9785
-4.7992 0.5285 -2.5048 0.9785
-4.8241 0.1828 -2.5044 0.9785
-4.8240 -0.1638 -2.5041 0.9785
-4.7991 -0.5094 -2.5036 0.9785
-4.7494 -0.8523 -2.5032 0.9785
-4.7153 -1.0221 -2.5030 0.9785
-4.6751 -1.1906 -2.5028 0.9785
-4.5188 -1.6859 -2.5021 0.9785
-4.3853 -2.0053 -2.5016 0.9785
-4.2293 -2.3144 -2.5011 0.9785
-3.9547 -2.7548 -2.5003 0.9785
-3.3975 -3.4149 -2.4990 0.9785
-3.2724 -3.5343 -2.4988 0.9785
-3.1431 -3.6491 -2.4985 0.9785
-1.6588 -4.5163 -2.4960 0.9786
-0.4832 -4.7840 -2.4945 0.9786
-0.1386 -4.8056 -2.4941 0.9786
0.0340 -4.8072 -2.4939 0.9786
0.2065 -4.8025 -2.4937 0.9786
0.5505 -4.7747 -2.4934 0.9786
0.8915 -4.7223 -2.4931 0.9786
1.0604 -4.6870 -2.4930 0.9786
1.2279 -4.6457 -2.4929 0.9786
1.3938 -4.5984 -2.4927 0.9786
1.5579 -4.5452 -2.4926 0.9786
2.0373 -4.3509 -2.4923 0.9786
2.1921 -4.2748 -2.4923 0.9786
2.4930 -4.1063 -2.4921 0.9786
2.9199 -3.8143 -2.4920 0.9786
3.1860 -3.5949 -2.4920 0.9786
3.3130 -3.4782 -2.4920 0.9786
3.6677 -3.1019 -2.4920 0.9786
3.8810 -2.8309 -2.4921 0.9786
2.0946 -1.3085 -1.2813 0.9889
2.1016 -1.2102 -1.2581 0.9891
2.1663 -1.1460 -1.2714 0.9890
2.3234 -1.1242 -1.3390 0.9884
2.2834 -0.9090 -1.2750 0.9890
2.3316 -0.8325 -1.2844 0.9889
4.7108 -0.9517 -2.4933 0.9786
4.7422 -0.7820 -2.4934 0.9786
4.7868 -0.4398 -2.4937 0.9786
4.7998 -0.2677 -2.4939 0.9786
4.8067 -0.0952 -2.4941 0.9786
4.8018 0.2499 -2.4945 0.9786
4.7723 0.5939 -2.4949 0.9786
4.7182 0.9349 -2.4953 0.9786
4.6820 1.1038 -2.4955 0.9786
4.6398 1.2713 -2.4958 0.9786
4.5916 1.4371 -2.4960 0.9786
4.5375 1.6012 -2.4962 0.9786
4.4118 1.9230 -2.4967 0.9785
4.3403 2.0803 -2.4969 0.9785
4.2633 2.2350 -2.4972 0.9785
4.0928 2.5356 -2.4977 0.9785
3.9981 2.6803 -2.4971 0.9785
3.8965 2.8201 -2.4953 0.9786
3.7902 2.9561 -2.4936 0.9786
3.6793 3.0883 -2.4920 0.9786
3.5205 3.1772 -2.4602 0.9789
3.3243 3.2241 -2.4024 0.9793
3.1384 3.2705 -2.3515 0.9798
2.8911 3.4817 -2.3478 0.9798
2.2241 3.9440 -2.3490 0.9798
1.9357 4.0943 -2.3495 0.9798
1.7877 4.1615 -2.3497 0.9798
1.6373 4.2234 -2.3499 0.9798
1.3303 4.3308 -2.3503 0.9798
0.6970 4.4782 -2.3512 0.9798
1.2625 4.1010 -2.3502 0.9806
1.1145 4.1440 -2.3504 0.9806
0.9651 4.1817 -2.3506 0.9806
0.8145 4.2140 -2.3507 0.9806
0.6627 4.2409 -2.3509 0.9806
0.5101 4.2623 -2.3511 0.9806
0.0489 4.2933 -2.3516 0.9806
-0.5662 4.2572 -2.3522 0.9806
-0.8703 4.2061 -2.3525 0.9806
-1.1700 4.1332 -2.3527 0.9806
-1.3176 4.0888 -2.3528 0.9806
-2.0068 4.0981 -2.4992 0.9794
-2.5797 3.7789 -2.5060 0.9793
-2.8443 3.5842 -2.5061 0.9793
-2.9711 3.4798 -2.5061 0.9793
-3.0941 3.3709 -2.5061 0.9793
-3.2131 3.2577 -2.5061 0.9793
-3.5447 2.8933 -2.5061 0.9793
-3.6462 2.7642 -2.5060 0.9793
-3.8350 2.4953 -2.5059 0.9793
-4.0039 2.2136 -2.5058 0.9794
-4.1521 1.9205 -2.5056 0.9794
-4.3835 1.3062 -2.5052 0.9794
-4.4274 1.1480 -2.5051 0.9794
-4.4978 0.8273 -2.5048 0.9794
-4.5243 0.6652 -2.5046 0.9794
-4.5688 0.1749 -2.5042 0.9794
-4.5689 -0.1533 -2.5038 0.9794
-4.4985 -0.8054 -2.5030 0.9794
-4.4663 -0.9663 -2.5028 0.9794
-4.4284 -1.1259 -2.5026 0.9794
-4.3847 -1.2840 -2.5024 0.9794
-4.3354 -1.4404 -2.5022 0.9794
-4.2805 -1.5950 -2.5019 0.9794
-4.2201 -1.7475 -2.5017 0.9794
-4.1543 -1.8977 -2.5015 0.9794
-4.0067 -2.1904 -2.5010 0.9794
-3.9251 -2.3326 -2.5007 0.9794
-3.8384 -2.4718 -2.5005 0.9794
-3.5494 -2.8693 -2.4998 0.9794
-3.4438 -2.9945 -2.4995 0.9794
-3.1010 -3.3464 -2.4988 0.9794
-2.8523 -3.5596 -2.4983 0.9794
-2.7224 -3.6593 -2.4980 0.9794
-2.5891 -3.7543 -2.4978 0.9794
-2.0243 -4.0847 -2.4969 0.9794
-1.7257 -4.2186 -2.4964 0.9794
-1.2618 -4.3785 -2.4957 0.9794
-1.1037 -4.4206 -2.4955 0.9794
-0.9443 -4.4570 -2.4953 0.9794
-0.7836 -4.4877 -2.4951 0.9794
-0.2965 -4.5449 -2.4946 0.9794
0.0303 -4.5538 -2.4942 0.9794
0.3569 -4.5393 -2.4939 0.9794
1.0027 -4.4405 -2.4933 0.9795
1.1614 -4.4014 -2.4932 0.9795
1.3186 -4.3567 -2.4931 0.9795
1.7791 -4.1892 -2.4928 0.9795
1.9283 -4.1225 -2.4927 0.9795
2.0750 -4.0505 -2.4926 0.9795
2.2190 -3.9733 -2.4926 0.9795
2.3601 -3.8910 -2.4925 0.9795
2.6331 -3.7115 -2.4924 0.9795
3.0168 -3.4068 -2.4923 0.9795
3.1371 -3.2963 -2.4923 0.9795
3.2535 -3.1816 -2.4923 0.9795
3.3656 -3.0627 -2.4924 0.9795
3.5767 -2.8134 -2.4924 0.9795
3.6755 -2.6833 -2.4924 0.9795
1.9817 -1.2391 -1.2801 0.9894
2.0516 -1.0864 -1.2715 0.9895
1.8865 -0.8316 -1.1292 0.9906
2.1900 -0.7830 -1.2738 0.9894
2.3190 -0.7363 -1.3326 0.9890
4.3855 -1.2211 -2.4933 0.9795
4.4267 -1.0629 -2.4934 0.9795
4.4622 -0.9033 -2.4936 0.9795
4.5343 -0.4185 -2.4940 0.9794
4.4698 0.8838 -2.4955 0.9794
4.3956 1.2024 -2.4959 0.9794
4.2420 1.6685 -2.4966 0.9794
4.1797 1.8198 -2.4968 0.9794
4.1121 1.9689 -2.4971 0.9794
3.9610 2.2593 -2.4975 0.9794
3.6962 2.6728 -2.4983 0.9794
3.5958 2.8021 -2.4968 0.9794
3.3815 3.0493 -2.4938 0.9794
3.1204 3.2491 -2.4673 0.9797
2.9412 3.2912 -2.4175 0.9801
2.7685 3.3314 -2.3724 0.9804
2.6199 3.3932 -2.3480 0.9806
2.3701 3.5732 -2.3484 0.9806
2.2405 3.6563 -2.3487 0.9806
2.1080 3.7347 -2.3489 0.9806
1.8350 3.8771 -2.3493 0.9806
1.6948 3.9408 -2.3495 0.9806
1.5524 3.9995 -2.3497 0.9806
1.4079 4.0530 -2.3500 0.9806
0.9643 4.1819 -2.3506 0.9806
0.5092 4.2624 -2.3511 0.9806
0.3559 4.2782 -2.3513 0.9806
0.2021 4.2886 -2.3515 0.9806
-0.1061 4.2926 -2.3518 0.9806
-0.4139 4.2745 -2.3521 0.9806
-0.8712 4.2059 -2.3525 0.9806
-1.0230 4.1776 -2.3557 0.9806
-1.1708 4.1330 -2.3527 0.9806
-1.4849 4.0951 -2.3858 0.9803
-1.6622 4.1167 -2.4316 0.9800
-2.0077 4.0977 -2.4992 0.9794
-2.1549 4.0257 -2.5009 0.9794
-2.2997 3.9486 -2.5027 0.9794
-2.4417 3.8663 -2.5045 0.9794
-2.7145 3.6834 -2.5060 0.9793
-3.0948 3.3703 -2.5061 0.9793
-3.2138 3.2570 -2.5061 0.9793
-3.5453 2.8926 -2.5061 0.9793
-3.7435 2.6307 -2.5060 0.9793
-3.9225 2.3552 -2.5059 0.9794
-4.0044 2.2128 -2.5058 0.9794
-4.4276 1.1471 -2.5051 0.9794
-4.4980 0.8264 -2.5048 0.9794
-4.5451 0.5014 -2.5045 0.9794
-4.5599 0.3379 -2.5043 0.9794
-4.5718 0.0099 -2.5040 0.9794
-4.5600 -0.3181 -2.5036 0.9794
-4.5453 -0.4815 -2.5034 0.9794
-4.5247 -0.6443 -2.5032 0.9794
-4.4983 -0.8063 -2.5030 0.9794
-4.4661 -0.9672 -2.5028 0.9794
-4.4281 -1.1268 -2.5026 0.9794
-4.2802 -1.5959 -2.5019 0.9794
-4.1539 -1.8985 -2.5015 0.9794
-4.0827 -2.0462 -2.5012 0.9794
-3.8379 -2.4726 -2.5005 0.9794
-3.4432 -2.9952 -2.4995 0.9794
-3.3331 -3.1166 -2.4993 0.9794
-3.1003 -3.3470 -2.4988 0.9794
-2.9779 -3.4558 -2.4985 0.9794
-2.8516 -3.5602 -2.4983 0.9794
-2.5883 -3.7548 -2.4978 0.9794
-2.3118 -3.9301 -2.4973 0.9794
-2.0235 -4.0851 -2.4969 0.9794
-1.8754 -4.1547 -2.4966 0.9794
-1.2609 -4.3788 -2.4957 0.9794
-1.1028 -4.4209 -2.4955 0.9794
-0.4586 -4.5318 -2.4947 0.9794
-0.2956 -4.5450 -2.4946 0.9794
-0.1323 -4.5523 -2.4944 0.9794
0.3579 -4.5393 -2.4939 0.9794
0.5205 -4.5232 -2.4937 0.9794
1.1623 -4.4012 -2.4932 0.9795
1.6285 -4.2502 -2.4929 0.9795
1.7800 -4.1888 -2.4928 0.9795
2.0758 -4.0501 -2.4926 0.9795
2.3609 -3.8905 -2.4925 0.9795
2.4990 -3.8032 -2.4924 0.9795
2.8933 -3.5123 -2.4924 0.9795
3.0175 -3.4062 -2.4923 0.9795
3.2541 -3.1809 -2.4923 0.9795
3.3662 -3.0621 -2.4924 0.9795
3.4740 -2.9393 -2.4924 0.9795
3.6760 -2.6825 -2.4924 0.9795
1.9816 -1.2385 -1.2799 0.9894
2.0521 -1.0861 -1.2717 0.9895
2.1851 -1.0579 -1.3297 0.9890
2.3202 -0.7362 -1.3332 0.9890
4.4269 -1.0620 -2.4934 0.9795
1.9174 -0.3878 -1.0714 0.9911
1.8647 -0.3079 -1.0351 0.9914
4.5468 -0.2545 -2.4942 0.9794
4.5533 -0.0912 -2.4944 0.9794
4.5377 0.3990 -2.4949 0.9794
4.5208 0.5617 -2.4951 0.9794
4.4981 0.7236 -2.4953 0.9794
4.4353 1.0447 -2.4957 0.9794
4.3953 1.2033 -2.4959 0.9794
4.3497 1.3604 -2.4962 0.9794
4.1794 1.8207 -2.4968 0.9794
3.9605 2.2601 -2.4975 0.9794
3.8772 2.4010 -2.4978 0.9794
3.6957 2.6735 -2.4983 0.9794
3.5952 2.8028 -2.4968 0.9794
3.4902 2.9283 -2.4953 0.9794
3.3808 3.0499 -2.4938 0.9794
3.1194 3.2493 -2.4670 0.9797
2.9402 3.2915 -2.4173 0.9801
2.2398 3.6568 -2.3487 0.9806
2.1073 3.7352 -2.3489 0.9806
1.9720 3.8087 -2.3491 0.9806
1.6940 3.9412 -2.3495 0.9806
1.2608 4.1015 -2.3502 0.9806
1.1129 4.1445 -2.3504 0.9806
0.9634 4.1821 -2.3506 0.9806
0.6610 4.2412 -2.3509 0.9806
0.5084 4.2625 -2.3511 0.9806
0.0472 4.2934 -2.3516 0.9806
-0.4147 4.2744 -2.3521 0.9806
-0.7204 4.2341 -2.3524 0.9806
-1.0239 4.1777 -2.3558 0.9806
-1.1716 4.1328 -2.3527 0.9806
-1.3193 4.0882 -2.3528 0.9806
-1.4859 4.0952 -2.3861 0.9803
-2.1558 4.0253 -2.5009 0.9794
-2.4425 3.8658 -2.5045 0.9794
-3.0955 3.3697 -2.5061 0.9793
-3.2145 3.2564 -2.5061 0.9793
-3.3293 3.1389 -2.5061 0.9793
-3.4398 3.0173 -2.5061 0.9793
-3.5458 2.8919 -2.5061 0.9793
-3.6473 2.7627 -2.5060 0.9793
-4.0815 2.0667 -2.5057 0.9794
-4.3346 1.4611 -2.5053 0.9794
-4.5246 0.6634 -2.5046 0.9794
-4.5600 0.3370 -2.5043 0.9794
-4.5600 -0.3190 -2.5036 0.9794
-4.5452 -0.4825 -2.5034 0.9794
-4.4279 -1.1277 -2.5026 0.9794
-4.3842 -1.2858 -2.5024 0.9794
-4.2194 -1.7492 -2.5017 0.9794
-4.0823 -2.0470 -2.5012 0.9794
-4.0058 -2.1920 -2.5010 0.9794
-3.9241 -2.3342 -2.5007 0.9794
-3.3325 -3.1173 -2.4993 0.9794
-3.2181 -3.2346 -2.4990 0.9794
-3.0996 -3.3477 -2.4988 0.9794
-2.9772 -3.4564 -2.4985 0.9794
-2.7209 -3.6604 -2.4980 0.9794
-2.5875 -3.7554 -2.4978 0.9794
-2.0226 -4.0855 -2.4969 0.9794
-1.8745 -4.1551 -2.4966 0.9794
-1.7240 -4.2193 -2.4964 0.9794
-1.2601 -4.3790 -2.4957 0.9794
-0.9425 -4.4574 -2.4953 0.9794
-0.7818 -4.4880 -2.4951 0.9794
-0.6201 -4.5128 -2.4949 0.9794
-0.1313 -4.5523 -2.4944 0.9794
0.0322 -4.5538 -2.4942 0.9794
0.3588 -4.5392 -2.4939 0.9794
0.5214 -4.5231 -2.4937 0.9794
0.6834 -4.5012 -2.4936 0.9795
0.8445 -4.4735 -2.4934 0.9795
1.3204 -4.3562 -2.4931 0.9795
1.4758 -4.3058 -2.4930 0.9795
1.6294 -4.2498 -2.4929 0.9795
1.7808 -4.1885 -2.4928 0.9795
2.0766 -4.0496 -2.4926 0.9795
2.2206 -3.9724 -2.4926 0.9795
2.4998 -3.8027 -2.4924 0.9795
3.1385 -3.2950 -2.4923 0.9795
3.2547 -3.1802 -2.4923 0.9795
3.3668 -3.0614 -2.4924 0.9795
3.4746 -2.9386 -2.4924 0.9795
3.5779 -2.8120 -2.4924 0.9795
2.0667 -1.3967 -1.3662 0.9887
1.9815 -1.2379 -1.2796 0.9894
1.9928 -1.1476 -1.2595 0.9896
2.1863 -1.0579 -1.3303 0.9890
1.8873 -0.8310 -1.1294 0.9906
2.1450 -0.8539 -1.2645 0.9895
4.4271 -1.0611 -2.4934 0.9795
1.8914 -0.2425 -1.0444 0.9913
4.5468 -0.2536 -2.4942 0.9794
4.5533 -0.0902 -2.4944 0.9794
4.5376 0.3999 -2.4949 0.9794
4.5207 0.5626 -2.4951 0.9794
4.4351 1.0456 -2.4957 0.9794
4.3494 1.3613 -2.4962 0.9794
4.1790 1.8215 -2.4968 0.9794
4.1113 1.9706 -2.4971 0.9794
3.8767 2.4018 -2.4978 0.9794
3.2667 3.1682 -2.4925 0.9795
2.9392 3.2917 -2.4170 0.9801
2.6185 3.3943 -2.3480 0.9806
2.4952 3.4865 -2.3482 0.9806
2.2391 3.6572 -2.3487 0.9806
1.9713 3.8092 -2.3491 0.9806
1.8334 3.8778 -2.3493 0.9806
1.6932 3.9415 -2.3495 0.9806
1.5508 4.0001 -2.3497 0.9806
1.4063 4.0536 -2.3500 0.9806
1.2600 4.1018 -2.3502 0.9806
0.8119 4.2145 -2.3508 0.9806
0.6601 4.2413 -2.3509 0.9806
0.5075 4.2626 -2.3511 0.9806
0.1926 4.0679 -2.3512 0.9814
-0.2459 4.0658 -2.3517 0.9814
-0.3926 4.0632 -2.3568 0.9813
-0.9802 4.0065 -2.3814 0.9811
-1.1403 4.0284 -2.4172 0.9808
-1.3053 4.0503 -2.4569 0.9805
-1.7639 3.9555 -2.5005 0.9802
-1.9059 3.8921 -2.5021 0.9802
-2.6978 3.3997 -2.5057 0.9802
-2.8181 3.3006 -2.5057 0.9802
-2.9348 3.1974 -2.5057 0.9802
-3.1567 2.9785 -2.5057 0.9802
-3.2615 2.8633 -2.5057 0.9802
-3.3622 2.7443 -2.5057 0.9802
-3.4585 2.6218 -2.5057 0.9802
-3.6375 2.3669 -2.5056 0.9802
-3.7978 2.0997 -2.5055 0.9802
-3.8706 1.9619 -2.5054 0.9802
-4.0011 1.6790 -2.5052 0.9802
-4.1109 1.3875 -2.5050 0.9802
-4.2357 0.9374 -2.5046 0.9802
-4.3252 0.3214 -2.5041 0.9802
-4.3255 -0.3009 -2.5034 0.9802
-4.2922 -0.6103 -2.5030 0.9802
-4.2672 -0.7640 -2.5028 0.9802
-4.2366 -0.9166 -2.5026 0.9802
-4.2007 -1.0680 -2.5024 0.9802
-4.1593 -1.2180 -2.5022 0.9802
-4.0605 -1.5130 -2.5018 0.9802
-3.8733 -1.9403 -2.5011 0.9802
-3.7234 -2.2128 -2.5007 0.9802
-3.5544 -2.4738 -2.5002 0.9802
-3.1625 -2.9559 -2.4993 0.9802
-3.0541 -3.0672 -2.4990 0.9802
-2.8256 -3.2779 -2.4986 0.9802
-2.5827 -3.4715 -2.4981 0.9802
-2.4562 -3.5616 -2.4979 0.9802
-2.3265 -3.6472 -2.4976 0.9802
-2.1939 -3.7280 -2.4974 0.9802
-2.0585 -3.8040 -2.4972 0.9802
-1.6372 -4.0022 -2.4965 0.9802
-1.4923 -4.0581 -2.4963 0.9802
-1.1971 -4.1540 -2.4959 0.9802
-1.0471 -4.1940 -2.4957 0.9802
-0.8958 -4.2285 -2.4955 0.9802
-0.7434 -4.2576 -2.4953 0.9802
-0.5901 -4.2812 -2.4951 0.9802
-0.2813 -4.3119 -2.4948 0.9802
-0.1264 -4.3190 -2.4946 0.9802
0.3386 -4.3067 -2.4942 0.9802
0.4930 -4.2915 -2.4940 0.9802
0.6467 -4.2708 -2.4939 0.9802
0.9514 -4.2130 -2.4936 0.9802
1.1019 -4.1759 -2.4935 0.9802
1.2511 -4.1335 -2.4934 0.9803
1.5443 -4.0328 -2.4932 0.9803
1.8295 -3.9113 -2.4930 0.9803
2.1053 -3.7698 -2.4929 0.9803
2.2393 -3.6917 -2.4928 0.9803
2.4983 -3.5214 -2.4928 0.9803
2.6230 -3.4294 -2.4927 0.9803
2.8623 -3.2323 -2.4927 0.9803
2.9765 -3.1275 -2.4927 0.9803
3.1932 -2.9059 -2.4927 0.9803
3.4872 -2.5458 -2.4928 0.9803
1.8920 -1.0906 -1.2608 0.9900
1.7657 -0.9350 -1.1535 0.9908
1.7529 -0.8491 -1.1245 0.9910
1.7755 -0.7827 -1.1203 0.9911
2.0656 -0.7385 -1.2665 0.9899
2.1737 -0.6902 -1.3168 0.9895
4.1608 -1.1585 -2.4936 0.9802
4.1999 -1.0084 -2.4937 0.9802
1.8334 -0.3712 -1.0800 0.9914
1.8180 -0.3005 -1.0638 0.9915
1.8386 -0.2365 -1.0703 0.9915
4.3019 -0.3970 -2.4943 0.9802
4.3199 -0.0874 -2.4946 0.9802
4.3205 0.0678 -2.4948 0.9802
4.3156 0.2229 -2.4949 0.9802
4.2891 0.5320 -2.4953 0.9802
4.2676 0.6857 -2.4955 0.9802
4.1702 1.1408 -2.4961 0.9802
4.1269 1.2898 -2.4963 0.9802
4.0782 1.4373 -2.4965 0.9802
3.7577 2.1433 -2.4976 0.9802
3.6787 2.2770 -2.4979 0.9802
3.2118 2.8963 -2.4969 0.9802
3.1041 3.0081 -2.4956 0.9802
2.8776 3.2200 -2.4932 0.9803
2.7529 3.3126 -2.4868 0.9803
2.4265 3.3876 -2.4058 0.9809
2.2703 3.4227 -2.3713 0.9812
1.9997 3.5428 -2.3488 0.9814
1.7426 3.6820 -2.3518 0.9814
1.6077 3.7383 -2.3494 0.9814
1.3355 3.8446 -2.3498 0.9814
0.9147 3.9669 -2.3504 0.9814
0.4830 4.0431 -2.3509 0.9814
0.3376 4.0582 -2.3511 0.9814
0.0456 4.0725 -2.3514 0.9814
-0.2468 4.0658 -2.3517 0.9814
-0.3934 4.0633 -2.3569 0.9813
-0.5379 4.0381 -2.3520 0.9814
-1.4747 4.0669 -2.4976 0.9802
-1.9067 3.8917 -2.5021 0.9802
-2.0465 3.8232 -2.5037 0.9802
-2.1839 3.7498 -2.5054 0.9802
-2.3174 3.6694 -2.5056 0.9802
-2.5747 3.4938 -2.5057 0.9802
-2.6985 3.3991 -2.5057 0.9802
-2.9355 3.1968 -2.5057 0.9802
-3.0483 3.0893 -2.5057 0.9802
-3.3627 2.7437 -2.5057 0.9802
-3.4590 2.6211 -2.5057 0.9802
-3.5508 2.4952 -2.5056 0.9802
-3.6380 2.3661 -2.5056 0.9802
-3.7982 2.0989 -2.5055 0.9802
-3.8710 1.9611 -2.5054 0.9802
-4.0015 1.6782 -2.5052 0.9802
-4.0590 1.5334 -2.5051 0.9802
-4.1582 1.2382 -2.5049 0.9802
-4.1997 1.0880 -2.5048 0.9802
-4.2359 0.9365 -2.5046 0.9802
-4.2665 0.7838 -2.5045 0.9802
-4.3337 0.1651 -2.5039 0.9802
-4.3338 -0.1463 -2.5036 0.9802
-4.3255 -0.3017 -2.5034 0.9802
-4.2920 -0.6112 -2.5030 0.9802
-4.2670 -0.7648 -2.5028 0.9802
-4.2005 -1.0688 -2.5024 0.9802
-4.1123 -1.3672 -2.5020 0.9802
-4.0602 -1.5138 -2.5018 0.9802
-4.0029 -1.6585 -2.5016 0.9802
-3.9404 -1.8009 -2.5013 0.9802
-3.7229 -2.2135 -2.5007 0.9802
-3.6408 -2.3455 -2.5004 0.9802
-3.2663 -2.8414 -2.4995 0.9802
-3.0535 -3.0679 -2.4990 0.9802
-2.7052 -3.3774 -2.4983 0.9802
-2.5820 -3.4720 -2.4981 0.9802
-2.3258 -3.6477 -2.4976 0.9802
-2.1932 -3.7285 -2.4974 0.9802
-1.7791 -3.9416 -2.4968 0.9802
-1.6364 -4.0026 -2.4965 0.9802
-1.3447 -4.1090 -2.4961 0.9802
-1.1963 -4.1542 -2.4959 0.9802
-1.0463 -4.1942 -2.4957 0.9802
-0.8950 -4.2287 -2.4955 0.9802
-0.7426 -4.2578 -2.4953 0.9802
-0.4351 -4.2994 -2.4950 0.9802
-0.2805 -4.3120 -2.4948 0.9802
-0.1255 -4.3190 -2.4946 0.9802
0.3395 -4.3066 -2.4942 0.9802
0.6476 -4.2707 -2.4939 0.9802
0.8004 -4.2445 -2.4937 0.9802
0.9522 -4.2128 -2.4936 0.9802
1.1028 -4.1757 -2.4935 0.9802
1.2519 -4.1332 -2.4934 0.9803
1.3994 -4.0855 -2.4933 0.9803
1.8303 -3.9110 -2.4930 0.9803
2.3710 -3.6084 -2.4928 0.9803
2.4990 -3.5209 -2.4928 0.9803
2.7451 -3.3324 -2.4927 0.9803
2.8629 -3.2317 -2.4927 0.9803
2.9771 -3.1269 -2.4927 0.9803
3.2961 -2.7887 -2.4927 0.9803
3.3941 -2.6686 -2.4928 0.9803
1.9348 -1.3081 -1.3484 0.9893
1.7757 -0.7823 -1.1203 0.9911
1.8257 -0.7272 -1.1346 0.9910
2.1747 -0.6900 -1.3173 0.9895
4.1610 -1.1577 -2.4936 0.9802
4.2001 -1.0076 -2.4937 0.9802
4.3020 -0.3962 -2.4943 0.9802
4.3138 -0.2415 -2.4944 0.9802
4.3199 -0.0865 -2.4946 0.9802
4.3156 0.2237 -2.4949 0.9802
4.3051 0.3785 -2.4951 0.9802
4.2890 0.5329 -2.4953 0.9802
4.2079 0.9911 -2.4959 0.9802
4.1699 1.1416 -2.4961 0.9802
4.1266 1.2907 -2.4963 0.9802
4.0780 1.4381 -2.4965 0.9802
4.0241 1.5837 -2.4967 0.9802
3.9650 1.7273 -2.4970 0.9802
3.9007 1.8687 -2.4972 0.9802
3.7573 2.1441 -2.4976 0.9802
3.6782 2.2778 -2.4979 0.9802
3.5944 2.4086 -2.4981 0.9802
3.3149 2.7813 -2.4983 0.9802
3.1035 3.0087 -2.4956 0.9802
2.4256 3.3878 -2.4056 0.9809
2.2694 3.4229 -2.3711 0.9812
1.8707 3.6130 -2.3490 0.9814
1.3348 3.8449 -2.3498 0.9814
1.0556 3.9314 -2.3502 0.9814
0.9139 3.9671 -2.3504 0.9814
0.7710 3.9976 -2.3506 0.9814
0.0448 4.0725 -2.3514 0.9814
-0.1015 4.0717 -2.3515 0.9814
-0.2476 4.0657 -2.3517 0.9814
-0.3943 4.0634 -2.3570 0.9813
-0.8274 3.9904 -2.3529 0.9814
-1.1421 4.0286 -2.4176 0.9808
-1.3071 4.0506 -2.4574 0.9805
-1.4755 4.0666 -2.4977 0.9802
-1.7655 3.9549 -2.5005 0.9802
-2.3181 3.6689 -2.5056 0.9802
-2.4483 3.5834 -2.5057 0.9802
-2.6992 3.3986 -2.5057 0.9802
-2.9361 3.1962 -2.5057 0.9802
-3.0490 3.0887 -2.5057 0.9802
-3.1579 2.9773 -2.5057 0.9802
-3.2627 2.8620 -2.5057 0.9802
-3.3633 2.7430 -2.5057 0.9802
-3.4595 2.6204 -2.5057 0.9802
-3.5513 2.4945 -2.5056 0.9802
-3.6385 2.3654 -2.5056 0.9802
-3.7986 2.0981 -2.5055 0.9802
-4.0018 1.6774 -2.5052 0.9802
-4.0593 1.5326 -2.5051 0.9802
-4.1115 1.3859 -2.5050 0.9802
-4.1999 1.0872 -2.5048 0.9802
-4.2361 0.9357 -2.5046 0.9802
-4.2918 0.6293 -2.5044 0.9802
-4.3366 0.0085 -2.5037 0.9802
-4.2919 -0.6121 -2.5030 0.9802
-4.2668 -0.7657 -2.5028 0.9802
-4.1588 -1.2197 -2.5022 0.9802
-4.0599 -1.5147 -2.5018 0.9802
-4.0025 -1.6593 -2.5016 0.9802
-3.9400 -1.8017 -2.5013 0.9802
-3.7999 -2.0794 -2.5009 0.9802
-3.3660 -2.7233 -2.4997 0.9802
-3.2658 -2.8421 -2.4995 0.9802
-3.0529 -3.0685 -2.4990 0.9802
-2.9405 -3.1758 -2.4988 0.9802
-2.5813 -3.4725 -2.4981 0.9802
-2.4547 -3.5626 -2.4979 0.9802
-2.1924 -3.7289 -2.4974 0.9802
-1.7783 -3.9419 -2.4968 0.9802
-1.4907 -4.0587 -2.4963 0.9802
-1.1954 -4.1545 -2.4959 0.9802
-0.8941 -4.2289 -2.4955 0.9802
-0.4342 -4.2995 -2.4950 0.9802
-0.2796 -4.3120 -2.4948 0.9802
0.1856 -4.3163 -2.4943 0.9802
0.6484 -4.2706 -2.4939 0.9802
0.9531 -4.2126 -2.4936 0.9802
1.4002 -4.0852 -2.4933 0.9803
1.5459 -4.0321 -2.4932 0.9803
1.6896 -3.9739 -2.4931 0.9803
1.8311 -3.9106 -2.4930 0.9803
2.1069 -3.7689 -2.4929 0.9803
2.2408 -3.6908 -2.4928 0.9803
2.8636 -3.2311 -2.4927 0.9803
2.9777 -3.1263 -2.4927 0.9803
3.0881 -3.0174 -2.4927 0.9803
3.1944 -2.9046 -2.4927 0.9803
3.4883 -2.5444 -2.4928 0.9803
1.8924 -1.0898 -1.2608 0.9900
1.7651 -0.9337 -1.1529 0.9908
1.7759 -0.7820 -1.1203 0.9911
2.0663 -0.7378 -1.2668 0.9899
4.1612 -1.1568 -2.4936 0.9802
4.2003 -1.0067 -2.4937 0.9802
4.3021 -0.3953 -2.4943 0.9802
4.3205 0.0695 -2.4948 0.9802
4.3155 0.2246 -2.4949 0.9802
4.3050 0.3794 -2.4951 0.9802
4.2889 0.5337 -2.4953 0.9802
4.2077 0.9919 -2.4959 0.9802
4.1263 1.2915 -2.4963 0.9802
4.0777 1.4389 -2.4965 0.9802
4.0237 1.5845 -2.4967 0.9802
3.9004 1.8695 -2.4972 0.9802
3.7569 2.1449 -2.4976 0.9802
3.6778 2.2785 -2.4979 0.9802
3.5939 2.4093 -2.4981 0.9802
3.4125 2.6615 -2.4985 0.9802
3.3144 2.7820 -2.4983 0.9802
3.2106 2.8975 -2.4969 0.9802
3.1029 3.0094 -2.4956 0.9802
2.9914 3.1173 -2.4944 0.9802
2.7510 3.3130 -2.4862 0.9803
2.4247 3.3880 -2.4054 0.9809
2.1240 3.4693 -2.3486 0.9814
1.9983 3.5436 -2.3488 0.9814
1.8700 3.6134 -2.3490 0.9814
1.7409 3.6824 -2.3517 0.9814
1.6062 3.7389 -2.3494 0.9814
1.0548 3.9316 -2.3502 0.9814
0.4814 4.0433 -2.3509 0.9814
