ply
format ascii 1.0
element vertex 10644
property float32 x
property float32 y
property float32 z
property float32 I
end_header
-30.4939 -3.2973 5.4082 0.8829
-40.1282 -22.0607 8.0744 0.8303
-37.0999 -24.0142 7.7925 0.8357
1.9145 -42.6281 7.5240 0.8409
4.8855 -31.7681 5.6674 0.8776
6.1808 -32.4007 5.8161 0.8746
11.4476 -33.1925 6.1910 0.8671
12.9218 -33.5124 6.3332 0.8643
16.2230 -34.4757 6.7184 0.8566
17.8121 -34.5737 6.8578 0.8539
19.8226 -35.3028 7.1390 0.8484
10.3168 -16.9205 3.4944 0.9227
23.6144 -35.7743 7.5583 0.8402
30.9034 -37.3558 8.5486 0.8213
29.4564 -21.4013 6.4201 0.8625
44.5700 8.9175 8.0146 0.8314
40.8812 9.7177 7.4093 0.8431
38.4459 10.6104 7.0325 0.8504
33.2792 10.4838 6.1523 0.8679
31.8883 11.3191 5.9665 0.8716
28.9396 11.4580 5.4882 0.8812
27.5782 12.0814 5.3089 0.8849
26.1083 12.5731 5.1096 0.8890
22.3915 12.8386 4.5512 0.9005
21.7345 13.5210 4.5134 0.9013
19.3690 14.0724 4.2215 0.9073
18.2387 14.2790 4.0843 0.9102
16.2414 14.7121 3.8641 0.9148
15.4442 15.0338 3.8004 0.9162
7.3972 7.7369 1.8874 0.9575
11.5049 13.9071 3.1825 0.9293
11.0435 15.4907 3.3545 0.9256
10.5595 15.9969 3.3798 0.9251
11.5594 22.4372 4.4505 0.9026
5.2026 17.0475 3.1428 0.9302
3.4431 18.0494 3.2400 0.9281
2.1233 18.1142 3.2159 0.9286
1.4535 17.9530 3.1760 0.9295
0.1602 17.8540 3.1483 0.9300
-0.4950 18.3771 3.2416 0.9281
-2.5256 25.4965 4.5177 0.9012
-3.4105 25.1769 4.4799 0.9020
-3.3145 19.2459 3.4435 0.9237
-5.4484 19.0726 3.4976 0.9226
-8.2314 20.2570 3.8555 0.9150
-12.2320 20.8966 4.2695 0.9063
-14.7091 21.4362 4.5840 0.8998
-15.6164 21.0933 4.6277 0.8989
-17.0741 21.4102 4.8287 0.8947
-21.0414 22.8137 5.4724 0.8816
-12.5373 11.7733 3.0326 0.9325
-31.3778 15.8108 6.1954 0.8670
-40.1282 -22.0607 8.0744 0.8303
-35.1373 -32.9962 8.4992 0.8222
-9.9434 -12.4686 2.8120 0.9373
3.9708 -33.8745 6.0139 0.8706
7.4586 -32.6780 5.9102 0.8727
11.4476 -33.1925 6.1910 0.8671
12.9218 -33.5124 6.3332 0.8643
14.6328 -34.2351 6.5649 0.8597
17.8121 -34.5737 6.8578 0.8539
23.6144 -35.7743 7.5583 0.8402
25.9794 -36.4409 7.8912 0.8338
28.4206 -36.9811 8.2239 0.8274
30.9035 -37.3558 8.5486 0.8213
29.4564 -21.4013 6.4201 0.8625
44.5699 8.9175 8.0146 0.8314
33.2792 10.4838 6.1523 0.8679
31.8883 11.3191 5.9665 0.8716
27.5782 12.0814 5.3089 0.8849
26.1083 12.5731 5.1096 0.8890
24.5273 12.9162 4.8878 0.8935
19.3690 14.0724 4.2215 0.9073
18.2387 14.2790 4.0843 0.9102
16.8823 14.2234 3.8925 0.9142
16.2414 14.7121 3.8641 0.9148
15.4442 15.0338 3.8004 0.9162
7.3972 7.7369 1.8874 0.9575
11.5049 13.9071 3.1825 0.9293
11.7817 15.3304 3.4092 0.9245
10.5595 15.9970 3.3798 0.9251
9.9935 16.3904 3.3849 0.9250
11.5594 22.4372 4.4505 0.9026
8.0105 17.0232 3.3174 0.9264
6.3646 16.5065 3.1194 0.9307
5.7396 16.6422 3.1041 0.9310
4.6521 17.4663 3.1871 0.9292
3.7124 24.1402 4.3066 0.9056
0.1602 17.8540 3.1483 0.9300
-1.1892 18.9012 3.3394 0.9260
-3.4105 25.1769 4.4799 0.9020
-3.3145 19.2459 3.4435 0.9237
-4.6733 18.9042 3.4337 0.9240
-6.3938 19.6780 3.6483 0.9194
-7.3703 20.1870 3.7893 0.9164
-8.2314 20.2570 3.8555 0.9150
-9.0969 20.2686 3.9174 0.9137
-10.0138 20.3252 3.9952 0.9121
-12.2320 20.8966 4.2695 0.9063
-15.6164 21.0933 4.6277 0.8989
-19.2369 22.4214 5.2092 0.8869
-21.0414 22.8137 5.4724 0.8816
-31.3778 15.8108 6.1954 0.8670
-42.6802 -21.5060 8.4271 0.8236
-37.7777 -22.5712 7.7596 0.8363
-36.3496 -25.4253 7.8217 0.8351
-34.4045 -30.0583 8.0556 0.8306
-9.9434 -12.4686 2.8120 0.9373
-9.5342 -12.8781 2.8253 0.9370
1.9145 -42.6279 7.5240 0.8409
3.0367 -37.5081 6.6353 0.8583
3.9708 -33.8745 6.0139 0.8706
4.8856 -31.7681 5.6674 0.8776
8.7801 -32.9648 6.0152 0.8706
12.9218 -33.5124 6.3332 0.8643
16.2231 -34.4756 6.7184 0.8566
17.8121 -34.5737 6.8578 0.8539
19.8227 -35.3028 7.1390 0.8484
10.3168 -16.9205 3.4944 0.9227
23.6144 -35.7743 7.5583 0.8402
25.9794 -36.4409 7.8912 0.8338
28.4206 -36.9810 8.2240 0.8274
29.4564 -21.4012 6.4201 0.8625
40.8811 9.7177 7.4093 0.8431
28.9395 11.4580 5.4882 0.8812
27.5782 12.0814 5.3089 0.8849
26.1083 12.5731 5.1096 0.8890
24.5273 12.9162 4.8878 0.8935
22.3915 12.8386 4.5512 0.9005
21.7345 13.5210 4.5134 0.9013
20.5074 13.8027 4.3588 0.9045
7.0000 7.8685 1.8570 0.9581
10.5595 15.9970 3.3798 0.9251
9.9935 16.3904 3.3849 0.9250
12.2573 21.8296 4.4144 0.9033
11.5594 22.4372 4.4505 0.9026
7.1576 16.7460 3.2112 0.9287
5.2026 17.0475 3.1428 0.9302
5.4117 23.7104 4.2883 0.9059
3.4431 18.0494 3.2400 0.9281
2.1233 18.1142 3.2159 0.9286
1.4535 17.9530 3.1760 0.9295
0.1602 17.8540 3.1483 0.9300
-0.4950 18.3771 3.2416 0.9281
-2.5257 25.4965 4.5177 0.9012
-3.4105 25.1769 4.4799 0.9020
-3.3145 19.2459 3.4435 0.9237
-6.3938 19.6780 3.6483 0.9194
-7.3703 20.1870 3.7893 0.9164
-9.0970 20.2686 3.9174 0.9137
-10.0138 20.3252 3.9952 0.9121
-10.9012 20.2577 4.0564 0.9108
-14.7091 21.4362 4.5840 0.8998
-15.6165 21.0934 4.6277 0.8989
-19.2370 22.4214 5.2092 0.8869
-21.0414 22.8137 5.4724 0.8816
-12.0466 12.1552 3.0176 0.9329
-31.3778 15.8108 6.1954 0.8670
-30.4939 -3.2974 5.4082 0.8829
-28.8349 -8.5179 5.3015 0.8850
-42.6802 -21.5060 8.4271 0.8236
-40.1282 -22.0607 8.0744 0.8303
-37.7777 -22.5712 7.7596 0.8363
-34.1574 -27.7450 7.7594 0.8363
-9.9434 -12.4686 2.8120 0.9373
-9.5342 -12.8781 2.8253 0.9370
7.4586 -32.6780 5.9102 0.8727
17.8121 -34.5737 6.8578 0.8539
19.8227 -35.3028 7.1390 0.8484
10.3168 -16.9205 3.4944 0.9227
23.6144 -35.7743 7.5583 0.8402
40.8811 9.7177 7.4093 0.8431
33.2792 10.4839 6.1523 0.8679
31.8882 11.3191 5.9665 0.8716
24.5273 12.9162 4.8878 0.8935
21.7345 13.5210 4.5134 0.9013
18.2386 14.2790 4.0843 0.9102
16.8822 14.2234 3.8925 0.9142
16.2414 14.7121 3.8640 0.9148
7.0000 7.8685 1.8570 0.9581
11.0435 15.4907 3.3545 0.9256
9.9935 16.3905 3.3849 0.9250
12.2573 21.8296 4.4144 0.9033
7.1576 16.7460 3.2112 0.9287
6.3646 16.5065 3.1194 0.9307
5.7396 16.6422 3.1041 0.9310
4.6520 17.4663 3.1871 0.9292
5.4117 23.7104 4.2883 0.9059
3.7124 24.1402 4.3066 0.9056
2.1233 18.1142 3.2159 0.9286
0.7956 17.7160 3.1270 0.9305
-0.4950 18.3772 3.2416 0.9280
-3.3145 19.2459 3.4435 0.9237
-4.6733 18.9042 3.4337 0.9240
-5.4485 19.0727 3.4975 0.9226
-6.3938 19.6780 3.6483 0.9194
-7.3703 20.1870 3.7893 0.9164
-12.2320 20.8966 4.2695 0.9063
-13.4338 21.1682 4.4207 0.9032
-17.0742 21.4103 4.8287 0.8947
-21.0414 22.8137 5.4724 0.8816
-30.4879 24.7642 6.9258 0.8525
-31.0721 -5.6388 4.8378 0.8800
-28.8104 -8.5106 4.6021 0.8855
-43.2587 -21.7974 7.4208 0.8220
-40.1303 -22.0619 7.0155 0.8308
-37.7797 -22.5723 6.7420 0.8369
-37.1010 -24.0149 6.7704 0.8362
-36.3509 -25.4262 6.7958 0.8357
-34.1588 -27.7460 6.7417 0.8369
-34.4054 -30.0591 6.9990 0.8312
-9.5181 -12.8563 2.4505 0.9373
1.9143 -42.6254 6.5366 0.8414
3.0368 -37.5094 5.7651 0.8587
3.9709 -33.8757 5.2251 0.8711
6.1810 -32.4019 5.0533 0.8750
8.7804 -32.9661 5.2263 0.8711
10.1154 -33.1449 5.3088 0.8692
14.6334 -34.2365 5.7038 0.8601
16.2226 -34.4748 5.8368 0.8571
23.6156 -35.7760 6.5671 0.8407
25.9788 -36.4402 6.8559 0.8344
28.4200 -36.9803 7.1449 0.8280
30.9052 -37.3578 7.4276 0.8218
44.9855 9.0007 7.0281 0.8306
41.7148 9.9159 6.5685 0.8407
33.4635 10.5418 5.3748 0.8676
31.8862 11.3184 5.1834 0.8720
27.4693 12.0337 4.5942 0.8857
26.0167 12.5290 4.4237 0.8897
21.7322 13.5196 3.9209 0.9016
20.7241 13.9485 3.8269 0.9039
18.1766 14.2304 3.5364 0.9108
16.2553 14.7247 3.3600 0.9151
7.3747 7.7134 1.6348 0.9577
11.7812 15.3299 2.9618 0.9247
11.0431 15.4901 2.9143 0.9259
10.1050 16.5733 2.9737 0.9245
12.3098 21.9231 3.8517 0.9033
10.7516 22.8483 3.8684 0.9029
7.1698 16.7746 2.7947 0.9288
4.6770 17.5599 2.7839 0.9291
5.4734 23.9807 3.7682 0.9053
3.4182 17.9190 2.7946 0.9288
2.1336 18.2015 2.8075 0.9285
1.4559 17.9825 2.7638 0.9296
0.7956 17.7154 2.7166 0.9308
-1.6011 25.4477 3.9062 0.9020
-3.4328 25.3422 3.9177 0.9017
-3.3523 19.4654 3.0259 0.9232
-4.6731 18.9035 2.9831 0.9242
-6.4466 19.8407 3.1959 0.9190
-9.7435 26.6871 4.3523 0.8914
-9.1559 20.4001 3.4255 0.9135
-15.7827 21.3179 4.0634 0.8982
-19.2334 22.4173 4.5250 0.8873
-20.9818 22.7492 4.7410 0.8823
-12.0076 12.1159 2.6132 0.9333
-30.6593 24.9034 6.0510 0.8523
-32.6266 24.6114 6.2608 0.8476
-31.0721 -5.6388 4.8378 0.8800
-37.1010 -24.0149 6.7704 0.8362
-36.3509 -25.4262 6.7958 0.8357
-35.4888 -26.7706 6.8100 0.8354
-34.1588 -27.7460 6.7417 0.8369
-34.4054 -30.0591 6.9990 0.8312
-35.5393 -33.3737 7.4687 0.8210
-9.9354 -12.4586 2.4412 0.9376
3.0368 -37.5094 5.7651 0.8587
3.9709 -33.8757 5.2251 0.8711
4.8857 -31.7693 4.9241 0.8780
6.1810 -32.4019 5.0533 0.8750
8.7804 -32.9661 5.2263 0.8711
12.9224 -33.5138 5.5026 0.8647
14.6334 -34.2365 5.7038 0.8601
17.8129 -34.5752 5.9583 0.8544
10.2874 -16.8723 3.0273 0.9231
23.6156 -35.7760 6.5671 0.8407
25.9788 -36.4401 6.8559 0.8344
28.4200 -36.9803 7.1449 0.8280
29.4049 -21.3638 5.5680 0.8632
44.9854 9.0007 7.0281 0.8306
33.4635 10.5418 5.3748 0.8676
28.8723 11.4314 4.7571 0.8819
20.7241 13.9485 3.8269 0.9039
19.7764 14.3685 3.7448 0.9058
18.1766 14.2304 3.5364 0.9108
7.3747 7.7134 1.6348 0.9577
12.8493 15.5321 3.0881 0.9217
11.7812 15.3299 2.9618 0.9247
10.5767 16.0230 2.9412 0.9252
12.3098 21.9231 3.8517 0.9033
10.7516 22.8483 3.8684 0.9029
7.1698 16.7746 2.7947 0.9288
5.7395 16.6416 2.6968 0.9312
3.4182 17.9190 2.7946 0.9288
2.1336 18.2015 2.8075 0.9285
1.4558 17.9825 2.7638 0.9296
0.7956 17.7154 2.7166 0.9308
-0.4959 18.4113 2.8215 0.9282
-2.5254 25.4944 3.9247 0.9015
-4.6731 18.9035 2.9831 0.9242
-5.4482 19.0719 3.0386 0.9229
-9.7435 26.6871 4.3523 0.8914
-11.1189 27.3628 4.5247 0.8873
-10.0141 20.3257 3.4712 0.9124
-10.9007 20.2568 3.5240 0.9111
-13.6274 21.4734 3.8961 0.9022
-14.7297 21.4662 3.9882 0.9000
-17.5933 22.0612 4.3227 0.8921
-30.6593 24.9034 6.0510 0.8523
-37.7540 26.4075 7.0581 0.8299
-28.8104 -8.5107 4.6021 0.8855
-36.3509 -25.4262 6.7958 0.8357
-34.1588 -27.7461 6.7417 0.8369
-34.4054 -30.0591 6.9990 0.8312
-35.5393 -33.3738 7.4687 0.8210
-9.9354 -12.4586 2.4412 0.9376
-9.5181 -12.8563 2.4505 0.9373
4.8858 -31.7693 4.9241 0.8780
6.1810 -32.4019 5.0533 0.8750
8.7804 -32.9661 5.2263 0.8711
10.1154 -33.1449 5.3088 0.8692
14.6334 -34.2365 5.7038 0.8601
16.2226 -34.4747 5.8369 0.8571
17.8129 -34.5752 5.9583 0.8544
19.8236 -35.3045 6.2027 0.8489
25.9788 -36.4401 6.8559 0.8344
29.4049 -21.3638 5.5680 0.8632
33.4634 10.5418 5.3748 0.8676
31.8862 11.3184 5.1834 0.8720
28.8723 11.4314 4.7571 0.8819
27.4693 12.0337 4.5942 0.8857
26.0167 12.5290 4.4237 0.8897
24.5228 12.9138 4.2458 0.8939
21.7322 13.5196 3.9209 0.9016
20.7241 13.9486 3.8269 0.9039
19.7764 14.3685 3.7448 0.9058
16.8815 14.2228 3.3817 0.9145
16.2553 14.7247 3.3600 0.9151
11.7812 15.3299 2.9619 0.9247
11.0431 15.4901 2.9143 0.9259
10.5767 16.0230 2.9412 0.9252
11.5746 22.4666 3.8717 0.9028
10.7516 22.8483 3.8684 0.9029
6.3644 16.5059 2.7101 0.9309
5.7394 16.6416 2.6968 0.9312
5.4734 23.9807 3.7682 0.9053
3.4182 17.9189 2.7946 0.9288
3.7382 24.3078 3.7676 0.9053
2.1336 18.2015 2.8075 0.9285
1.4558 17.9825 2.7638 0.9296
-1.6011 25.4477 3.9062 0.9020
-2.5255 25.4944 3.9247 0.9015
-3.3523 19.4654 3.0259 0.9232
-4.0177 19.1837 3.0026 0.9237
-4.6731 18.9035 2.9831 0.9242
-6.4466 19.8407 3.1959 0.9190
-13.6275 21.4734 3.8961 0.9022
-15.7827 21.3179 4.0634 0.8982
-17.5933 22.0612 4.3227 0.8921
-20.9818 22.7491 4.7410 0.8823
-12.5305 11.7669 2.6333 0.9328
-27.0273 23.6130 5.4980 0.8648
-30.6593 24.9034 6.0510 0.8523
-37.7540 26.4074 7.0581 0.8299
-31.3699 15.8068 5.3813 0.8675
-28.8104 -8.5106 4.6021 0.8855
-40.1303 -22.0619 7.0155 0.8308
-36.3509 -25.4262 6.7958 0.8357
-34.1588 -27.7461 6.7417 0.8369
-34.4054 -30.0592 6.9990 0.8312
1.9144 -42.6251 6.5365 0.8414
4.8858 -31.7693 4.9241 0.8780
6.1810 -32.4019 5.0533 0.8750
7.4588 -32.6792 5.1350 0.8732
8.7804 -32.9661 5.2263 0.8711
10.1154 -33.1449 5.3088 0.8692
11.4482 -33.1938 5.3790 0.8675
12.9224 -33.5138 5.5026 0.8647
16.2226 -34.4747 5.8369 0.8571
19.8236 -35.3045 6.2027 0.8489
28.4200 -36.9802 7.1449 0.8280
30.9053 -37.3579 7.4275 0.8218
41.7148 9.9159 6.5685 0.8407
28.8723 11.4314 4.7571 0.8819
27.4693 12.0337 4.5942 0.8857
24.5228 12.9138 4.2458 0.8939
22.6299 12.9753 3.9962 0.8998
20.7241 13.9485 3.8269 0.9039
19.7764 14.3685 3.7448 0.9058
18.1766 14.2304 3.5364 0.9108
16.2553 14.7247 3.3600 0.9151
15.6013 15.1868 3.3354 0.9157
10.5766 16.0230 2.9412 0.9252
12.3098 21.9231 3.8517 0.9033
10.7516 22.8483 3.8684 0.9029
7.1698 16.7746 2.7947 0.9288
6.3644 16.5059 2.7101 0.9309
5.7394 16.6416 2.6968 0.9312
5.4734 23.9807 3.7682 0.9053
3.4182 17.9189 2.7946 0.9288
2.1336 18.2015 2.8075 0.9285
-0.4959 18.4113 2.8215 0.9282
-1.6011 25.4477 3.9062 0.9020
-2.5255 25.4944 3.9247 0.9015
-3.4329 25.3422 3.9177 0.9017
-11.1189 27.3629 4.5247 0.8873
-9.1560 20.4000 3.4255 0.9135
-10.0141 20.3257 3.4712 0.9124
-10.9007 20.2568 3.5240 0.9111
-12.2834 20.9843 3.7249 0.9063
-13.6274 21.4734 3.8961 0.9022
-15.7827 21.3179 4.0634 0.8982
-17.5933 22.0612 4.3227 0.8921
-20.9818 22.7491 4.7410 0.8823
-12.0076 12.1158 2.6132 0.9333
-12.5305 11.7669 2.6333 0.9328
-37.7540 26.4074 7.0581 0.8299
-37.7815 -22.5735 5.7312 0.8373
-37.1021 -24.0156 5.7553 0.8367
-36.4618 -25.5038 5.7943 0.8357
-34.1602 -27.7472 5.7309 0.8373
-34.4063 -30.0599 5.9495 0.8317
-35.0198 -32.8858 6.2558 0.8238
-9.9275 -12.4487 2.0734 0.9378
-9.5021 -12.8347 2.0795 0.9376
3.0369 -37.5108 4.9007 0.8592
3.9711 -33.8769 4.4417 0.8715
4.8859 -31.7705 4.1858 0.8784
8.7808 -32.9674 4.4427 0.8714
10.1150 -33.1439 4.5125 0.8695
12.9229 -33.5152 4.6776 0.8651
14.6340 -34.2379 4.8487 0.8605
19.8245 -35.3061 5.2728 0.8493
23.6168 -35.7778 5.5825 0.8412
28.4194 -36.9795 6.0733 0.8285
37.6959 10.4034 5.0923 0.8541
26.3818 12.7048 3.8131 0.8886
22.6288 12.9746 3.3967 0.9001
21.7746 13.5460 3.3394 0.9017
26.4768 19.2366 4.2618 0.8763
18.3100 14.3348 3.0281 0.9105
16.8808 14.2222 2.8744 0.9148
16.2831 14.7499 2.8610 0.9152
15.7269 15.3090 2.8580 0.9153
6.9834 7.8498 1.3682 0.9585
12.9235 15.6219 2.6402 0.9215
11.7808 15.3293 2.5176 0.9250
11.0427 15.4895 2.4772 0.9261
10.5797 16.0275 2.5008 0.9255
12.3094 21.9223 3.2740 0.9036
11.6441 22.6014 3.3108 0.9025
10.9044 23.1731 3.3350 0.9019
7.1659 16.7654 2.3743 0.9291
5.7392 16.6410 2.2923 0.9315
4.5384 17.0394 2.2962 0.9313
3.7951 24.6775 3.2513 0.9042
1.4562 17.9869 2.3499 0.9298
-1.6273 25.8641 3.3747 0.9007
-2.5328 25.5686 3.3459 0.9015
-4.4004 25.5515 3.3763 0.9007
-6.5199 20.0662 2.7475 0.9184
-9.7535 26.7146 3.7034 0.8916
-11.1825 27.5194 3.8682 0.8871
-9.1852 20.4652 2.9211 0.9135
-16.7293 28.5797 4.3124 0.8750
-18.3628 28.9351 4.4627 0.8709
-21.0375 22.8095 4.0407 0.8823
-30.6570 24.9016 5.1432 0.8527
-33.1491 25.0055 5.4071 0.8458
-31.3621 15.8029 4.5732 0.8679
-28.7861 -8.5034 3.9087 0.8860
-42.6849 -21.5083 6.2242 0.8246
-40.1324 -22.0630 5.9638 0.8313
-37.1021 -24.0156 5.7553 0.8367
-35.5971 -26.8523 5.8064 0.8354
-34.1602 -27.7472 5.7309 0.8373
-35.0198 -32.8858 6.2558 0.8238
-9.9275 -12.4487 2.0734 0.9378
3.0369 -37.5108 4.9007 0.8592
3.9711 -33.8769 4.4417 0.8715
8.7808 -32.9674 4.4427 0.8714
14.6340 -34.2379 4.8487 0.8605
19.8245 -35.3061 5.2728 0.8493
23.6168 -35.7778 5.5825 0.8412
25.9783 -36.4393 5.8276 0.8348
29.3540 -21.3268 4.7248 0.8638
40.8747 9.7162 5.4710 0.8441
31.8235 11.2962 4.3974 0.8727
29.1795 11.5530 4.0868 0.8811
27.6780 12.1251 3.9349 0.8852
26.3818 12.7048 3.8131 0.8886
24.9706 13.1497 3.6750 0.8924
22.6288 12.9746 3.3967 0.9001
21.7746 13.5460 3.3394 0.9017
26.4768 19.2366 4.2618 0.8763
16.8808 14.2222 2.8744 0.9148
16.2831 14.7499 2.8610 0.9152
7.3526 7.6902 1.3855 0.9580
11.7808 15.3293 2.5176 0.9250
11.0427 15.4895 2.4772 0.9261
11.6440 22.6014 3.3108 0.9025
10.9044 23.1731 3.3350 0.9019
7.1659 16.7654 2.3743 0.9291
6.3641 16.5053 2.3036 0.9311
5.7392 16.6410 2.2923 0.9315
5.1636 16.9195 2.3036 0.9311
4.5384 17.0394 2.2962 0.9313
3.4210 17.9338 2.3775 0.9290
3.7951 24.6775 3.2513 0.9042
2.0600 17.5740 2.3042 0.9311
0.1602 17.8528 2.3249 0.9305
-1.6273 25.8641 3.3747 0.9007
-2.5328 25.5686 3.3459 0.9015
-3.4327 25.3412 3.3301 0.9020
-4.4004 25.5515 3.3763 0.9007
-4.0221 19.2048 2.5551 0.9239
-4.6730 18.9028 2.5356 0.9245
-5.4480 19.0712 2.5828 0.9231
-9.7535 26.7146 3.7034 0.8916
-11.1825 27.5194 3.8682 0.8871
-15.7819 21.3168 3.4539 0.8985
-17.6594 22.1441 3.6883 0.8920
-19.4787 22.7033 3.8954 0.8863
-11.9691 12.0770 2.2142 0.9337
-12.5238 11.7606 2.2372 0.9330
-26.9643 23.5579 4.6626 0.8655
-30.6570 24.9016 5.1432 0.8527
-33.1492 25.0056 5.4071 0.8458
-37.8232 26.4559 6.0107 0.8301
-28.7861 -8.5035 3.9087 0.8860
-42.6848 -21.5083 6.2242 0.8246
-40.1324 -22.0630 5.9637 0.8313
-36.4618 -25.5038 5.7943 0.8357
-34.1602 -27.7472 5.7309 0.8373
-35.0198 -32.8859 6.2558 0.8238
1.9143 -42.6226 5.5559 0.8419
3.9711 -33.8769 4.4417 0.8715
4.8859 -31.7705 4.1858 0.8784
6.1812 -32.4031 4.2956 0.8754
11.4486 -33.1951 4.5726 0.8679
12.9229 -33.5152 4.6776 0.8651
23.6168 -35.7778 5.5825 0.8412
28.4194 -36.9795 6.0733 0.8285
29.3540 -21.3268 4.7249 0.8638
40.8747 9.7162 5.4710 0.8441
33.2871 10.4863 4.5447 0.8687
31.8235 11.2962 4.3974 0.8727
26.3818 12.7048 3.8131 0.8886
24.9706 13.1497 3.6750 0.8924
22.6288 12.9746 3.3967 0.9001
21.7746 13.5460 3.3394 0.9017
26.4768 19.2366 4.2618 0.8763
16.8808 14.2222 2.8744 0.9148
16.2831 14.7499 2.8610 0.9152
15.7269 15.3090 2.8580 0.9153
11.7808 15.3293 2.5176 0.9250
11.0427 15.4895 2.4772 0.9261
7.1659 16.7654 2.3743 0.9291
6.3641 16.5054 2.3036 0.9311
5.1636 16.9195 2.3036 0.9311
4.5384 17.0394 2.2962 0.9313
5.5476 24.3057 3.2465 0.9043
0.7955 17.7148 2.3092 0.9310
0.1602 17.8528 2.3249 0.9305
-0.4962 18.4208 2.3996 0.9284
-1.6273 25.8641 3.3747 0.9007
-2.5328 25.5686 3.3459 0.9015
-3.4327 25.3412 3.3301 0.9020
-4.4004 25.5515 3.3763 0.9007
-4.6730 18.9028 2.5356 0.9245
-5.4480 19.0712 2.5828 0.9231
-6.5200 20.0663 2.7475 0.9184
-11.1825 27.5194 3.8682 0.8871
-10.0144 20.3262 2.9507 0.9127
-16.7293 28.5797 4.3124 0.8750
-15.7819 21.3168 3.4539 0.8985
-17.6594 22.1441 3.6883 0.8920
-19.4788 22.7033 3.8955 0.8863
-21.0376 22.8096 4.0407 0.8823
-12.5238 11.7606 2.2372 0.9330
-26.9643 23.5579 4.6626 0.8655
-30.6570 24.9016 5.1432 0.8527
-33.1491 25.0055 5.4071 0.8458
-37.8233 26.4559 6.0107 0.8301
-42.6848 -21.5083 6.2242 0.8246
-37.1021 -24.0156 5.7553 0.8367
-36.4618 -25.5038 5.7943 0.8357
-35.5971 -26.8523 5.8064 0.8354
-34.1601 -27.7472 5.7309 0.8373
-35.0198 -32.8859 6.2558 0.8238
1.9143 -42.6224 5.5559 0.8419
3.9711 -33.8769 4.4417 0.8715
4.8859 -31.7705 4.1858 0.8784
6.1812 -32.4031 4.2956 0.8754
10.1150 -33.1439 4.5125 0.8695
16.2222 -34.4738 4.9614 0.8575
17.8137 -34.5768 5.0650 0.8548
19.8245 -35.3061 5.2728 0.8493
10.2728 -16.8484 2.5697 0.9235
23.6168 -35.7778 5.5825 0.8412
28.4194 -36.9794 6.0733 0.8285
30.9070 -37.3599 6.3140 0.8224
29.3540 -21.3268 4.7248 0.8638
40.8747 9.7162 5.4710 0.8441
33.2871 10.4864 4.5447 0.8687
31.8235 11.2962 4.3974 0.8727
29.1794 11.5530 4.0868 0.8811
27.6780 12.1252 3.9349 0.8852
26.3818 12.7048 3.8131 0.8886
24.9706 13.1497 3.6750 0.8924
21.7746 13.5460 3.3394 0.9017
21.0706 14.1818 3.3074 0.9026
26.4767 19.2366 4.2618 0.8763
18.3099 14.3348 3.0281 0.9105
16.8808 14.2222 2.8744 0.9148
11.7807 15.3293 2.5176 0.9250
13.2428 21.7196 3.3126 0.9025
12.3094 21.9223 3.2740 0.9036
10.9044 23.1731 3.3350 0.9019
5.7392 16.6411 2.2923 0.9315
5.1635 16.9195 2.3036 0.9311
5.5476 24.3057 3.2465 0.9043
3.7951 24.6775 3.2513 0.9042
2.0600 17.5740 2.3042 0.9311
1.4562 17.9869 2.3499 0.9298
-0.4962 18.4208 2.3996 0.9284
-1.6273 25.8641 3.3747 0.9007
-4.0221 19.2048 2.5551 0.9239
-4.6730 18.9028 2.5356 0.9245
-5.4480 19.0712 2.5828 0.9231
-6.5200 20.0663 2.7475 0.9184
-9.7536 26.7146 3.7034 0.8916
-11.1825 27.5194 3.8682 0.8871
-10.0144 20.3262 2.9507 0.9127
-18.3628 28.9351 4.4627 0.8709
-14.8222 21.6009 3.4114 0.8997
-15.7819 21.3168 3.4539 0.8985
-17.6594 22.1441 3.6883 0.8920
-19.4788 22.7033 3.8955 0.8863
-11.9691 12.0770 2.2142 0.9337
-12.5238 11.7606 2.2372 0.9330
-26.9643 23.5579 4.6626 0.8655
-30.6570 24.9016 5.1432 0.8527
-33.1493 25.0056 5.4072 0.8458
-31.3621 15.8029 4.5732 0.8679
-28.7620 -8.4963 3.2205 0.8863
-39.0435 -27.3095 5.1164 0.8256
-39.4034 -29.7235 5.3000 0.8199
-34.1615 -27.7483 4.7260 0.8377
-35.3654 -30.8979 5.0428 0.8278
-9.9196 -12.4388 1.7084 0.9380
-9.4863 -12.8133 1.7120 0.9379
0.5929 -13.2021 1.4191 0.9482
1.0562 -13.0461 1.4055 0.9487
4.8861 -31.7716 3.4518 0.8787
10.1147 -33.1428 3.7210 0.8699
11.4490 -33.1965 3.7707 0.8683
12.9234 -33.5165 3.8573 0.8654
16.2218 -34.4730 4.0911 0.8579
17.8144 -34.5783 4.1769 0.8551
19.8254 -35.3077 4.3482 0.8497
10.2584 -16.8247 2.1160 0.9238
23.6179 -35.7795 4.6036 0.8416
30.9086 -37.3620 5.2070 0.8228
29.3035 -21.2902 3.8895 0.8644
37.6932 10.4027 4.1989 0.8544
32.2767 11.4570 3.6778 0.8713
27.6775 12.1249 3.2447 0.8855
22.7837 11.9980 2.7651 0.9016
22.6276 12.9740 2.8009 0.9004
21.8150 13.5711 2.7588 0.9018
28.1688 18.9593 3.6461 0.8723
19.9909 14.5242 2.6534 0.9054
18.3215 14.3438 2.4986 0.9106
16.2925 14.7583 2.3606 0.9154
15.7590 15.3403 2.3616 0.9153
12.6851 15.3336 2.1370 0.9231
11.7803 15.3287 2.0760 0.9252
9.9742 16.3587 2.0574 0.9258
12.3089 21.9215 2.6997 0.9038
11.6877 22.6861 2.7404 0.9024
7.7168 16.3989 1.9462 0.9297
7.0748 16.5524 1.9330 0.9301
6.3639 16.5048 1.8995 0.9313
4.5627 17.1306 1.9036 0.9312
3.7989 24.7025 2.6838 0.9043
2.0663 17.6276 1.9058 0.9311
0.1602 17.8521 1.9171 0.9307
-0.4902 18.1977 1.9548 0.9294
-2.5372 25.6134 2.7639 0.9016
-3.3132 19.2385 2.0963 0.9245
-3.9684 18.9485 2.0789 0.9251
-5.4478 19.0704 2.1297 0.9233
-11.4307 28.1302 3.2605 0.8850
-10.0146 20.3268 2.4333 0.9129
-10.6742 19.8360 2.4188 0.9134
-17.1081 29.2267 3.6366 0.8726
-15.7810 21.3157 2.8479 0.8988
-19.9250 23.2234 3.2858 0.8842
-11.9311 12.0386 1.8200 0.9341
-27.2508 23.8083 3.8857 0.8645
-37.8197 26.4535 4.9560 0.8305
-40.4492 -22.2372 4.9566 0.8305
-37.7834 -22.5746 4.7263 0.8377
-37.1032 -24.0163 4.7460 0.8371
-39.4034 -29.7235 5.2999 0.8199
-35.3654 -30.8979 5.0428 0.8278
-9.9196 -12.4388 1.7084 0.9380
1.0562 -13.0461 1.4055 0.9487
6.1311 -32.1401 3.5135 0.8767
10.1147 -33.1427 3.7210 0.8699
11.4490 -33.1965 3.7707 0.8683
14.6346 -34.2394 3.9984 0.8609
19.8254 -35.3077 4.3482 0.8497
23.6179 -35.7795 4.6036 0.8416
28.4188 -36.9787 5.0080 0.8289
30.9086 -37.3620 5.2070 0.8228
29.3035 -21.2902 3.8895 0.8644
48.9075 7.9714 5.3211 0.8193
44.5585 8.9153 4.8796 0.8329
40.8714 9.7154 4.5111 0.8445
32.2766 11.4570 3.6778 0.8713
29.1777 11.5523 3.3698 0.8814
27.6775 12.1249 3.2447 0.8855
28.1688 18.9593 3.6461 0.8723
19.9909 14.5242 2.6534 0.9054
16.8801 14.2216 2.3702 0.9150
16.2925 14.7583 2.3606 0.9154
6.9751 7.8405 1.1269 0.9587
12.6851 15.3336 2.1370 0.9231
11.0423 15.4889 2.0426 0.9263
10.4418 15.8187 2.0353 0.9266
7.7167 16.3989 1.9462 0.9297
6.3639 16.5048 1.8995 0.9313
4.5627 17.1306 1.9036 0.9312
5.5772 24.4355 2.6914 0.9041
4.6978 24.6266 2.6921 0.9041
3.7989 24.7023 2.6838 0.9043
0.7955 17.7141 1.9041 0.9311
0.1602 17.8521 1.9171 0.9307
-3.4326 25.3403 2.7459 0.9022
-3.9684 18.9485 2.0789 0.9251
-4.6728 18.9020 2.0908 0.9247
-5.4478 19.0704 2.1297 0.9233
-6.3153 19.4364 2.1945 0.9211
-9.7531 26.7135 3.0537 0.8919
-11.4307 28.1302 3.2605 0.8850
-9.2178 20.5378 2.4173 0.9134
-10.6742 19.8360 2.4188 0.9134
-17.1081 29.2267 3.6366 0.8726
-24.0987 30.2187 4.1504 0.8560
-19.9250 23.2234 3.2858 0.8842
-11.9311 12.0386 1.8200 0.9341
-12.5171 11.7543 1.8438 0.9333
-27.2509 23.8083 3.8857 0.8645
-30.7407 24.9695 4.2527 0.8527
-31.3544 15.7990 3.7702 0.8683
-40.4492 -22.2372 4.9566 0.8305
-37.1032 -24.0163 4.7460 0.8371
-39.4034 -29.7235 5.3000 0.8199
-34.1615 -27.7483 4.7260 0.8377
-9.9196 -12.4388 1.7084 0.9380
-9.4863 -12.8133 1.7120 0.9379
0.5929 -13.2021 1.4191 0.9482
1.0562 -13.0461 1.4055 0.9487
1.5553 -13.2681 1.4345 0.9477
6.1311 -32.1401 3.5135 0.8767
7.3986 -32.4153 3.5703 0.8748
10.1147 -33.1427 3.7210 0.8699
14.6346 -34.2394 3.9984 0.8609
17.8145 -34.5783 4.1769 0.8551
19.8254 -35.3077 4.3482 0.8497
10.2584 -16.8247 2.1160 0.9238
23.6179 -35.7795 4.6036 0.8416
25.9777 -36.4385 4.8054 0.8352
48.9075 7.9714 5.3211 0.8193
37.6931 10.4027 4.1989 0.8544
33.6143 10.5894 3.7845 0.8678
22.6276 12.9740 2.8009 0.9004
21.8150 13.5711 2.7588 0.9018
19.9909 14.5242 2.6534 0.9054
18.3215 14.3438 2.4986 0.9106
16.2925 14.7583 2.3606 0.9154
7.3306 7.6673 1.1391 0.9582
12.6851 15.3336 2.1370 0.9231
11.7803 15.3287 2.0760 0.9252
9.9742 16.3588 2.0574 0.9258
12.3089 21.9215 2.6997 0.9038
7.0748 16.5524 1.9330 0.9301
5.7390 16.6405 1.8902 0.9316
4.5627 17.1306 1.9036 0.9312
4.6977 24.6266 2.6921 0.9041
2.0663 17.6276 1.9058 0.9311
1.4393 17.7776 1.9152 0.9308
-0.4902 18.1977 1.9548 0.9294
-3.4326 25.3403 2.7459 0.9022
-3.3132 19.2385 2.0963 0.9245
-3.9684 18.9485 2.0789 0.9251
-4.6728 18.9020 2.0908 0.9247
-6.3153 19.4364 2.1945 0.9211
-9.7531 26.7135 3.0537 0.8919
-11.4307 28.1302 3.2605 0.8850
-9.2178 20.5378 2.4173 0.9134
-10.0146 20.3267 2.4333 0.9129
-14.8837 21.6906 2.8248 0.8996
-24.0987 30.2187 4.1504 0.8560
-20.9650 22.7309 3.3205 0.8830
-11.9311 12.0386 1.8200 0.9341
-27.2509 23.8083 3.8857 0.8645
-30.7407 24.9695 4.2527 0.8527
-33.1077 24.9743 4.4532 0.8463
-37.8200 26.4536 4.9560 0.8305
-31.3544 15.7990 3.7702 0.8683
-36.7498 15.3189 4.2754 0.8520
-28.7620 -8.4963 3.2205 0.8863
-37.7834 -22.5746 4.7263 0.8377
-37.1032 -24.0163 4.7460 0.8371
-39.4033 -29.7235 5.3001 0.8199
-9.4863 -12.8133 1.7120 0.9379
1.0562 -13.0461 1.4055 0.9487
1.5553 -13.2682 1.4345 0.9477
4.8861 -31.7716 3.4518 0.8787
8.7095 -32.6999 3.6338 0.8727
12.9235 -33.5165 3.8573 0.8654
14.6347 -34.2394 3.9985 0.8609
17.8145 -34.5783 4.1769 0.8551
23.6179 -35.7795 4.6036 0.8416
28.4188 -36.9786 5.0080 0.8289
30.9087 -37.3620 5.2070 0.8228
48.9075 7.9714 5.3211 0.8193
44.5585 8.9153 4.8796 0.8329
40.8714 9.7154 4.5111 0.8445
37.6932 10.4027 4.1989 0.8544
33.6142 10.5894 3.7844 0.8678
32.2765 11.4570 3.6778 0.8713
29.1776 11.5523 3.3698 0.8814
27.6775 12.1249 3.2447 0.8855
26.7559 12.8850 3.1889 0.8874
22.6276 12.9740 2.8009 0.9004
28.1688 18.9593 3.6461 0.8723
19.9909 14.5243 2.6534 0.9054
16.8801 14.2216 2.3702 0.9150
12.6851 15.3336 2.1370 0.9231
10.4418 15.8187 2.0353 0.9266
9.9742 16.3588 2.0574 0.9258
12.3089 21.9215 2.6997 0.9038
6.3639 16.5048 1.8995 0.9313
5.7390 16.6405 1.8902 0.9316
5.1876 16.9982 1.9084 0.9310
4.5627 17.1306 1.9036 0.9312
5.5772 24.4356 2.6914 0.9041
2.0663 17.6276 1.9058 0.9311
0.1602 17.8521 1.9171 0.9307
-0.4902 18.1977 1.9548 0.9294
-2.5373 25.6134 2.7639 0.9016
-3.4326 25.3403 2.7459 0.9022
-10.6742 19.8360 2.4188 0.9134
-17.1081 29.2267 3.6366 0.8726
-14.8838 21.6906 2.8248 0.8996
-24.0987 30.2187 4.1504 0.8560
-19.9250 23.2233 3.2858 0.8842
-11.9311 12.0386 1.8200 0.9341
-33.1079 24.9744 4.4532 0.8463
-37.8200 26.4536 4.9560 0.8305
-36.7498 15.3189 4.2754 0.8520
-28.7380 -8.4892 2.5367 0.8867
-40.4500 -22.2376 3.9075 0.8309
-37.7853 -22.5757 3.7260 0.8380
-39.0547 -27.3174 4.0346 0.8259
-39.4052 -29.7248 4.1784 0.8203
-9.9118 -12.4290 1.3458 0.9382
1.9140 -42.6174 3.6113 0.8426
1.0468 -12.9302 1.0982 0.9493
4.8863 -31.7728 2.7213 0.8789
6.1313 -32.1413 2.7699 0.8769
7.3989 -32.4165 2.8147 0.8750
8.7098 -32.7012 2.8647 0.8730
10.0701 -32.9965 2.9204 0.8707
14.5160 -33.9617 3.1266 0.8622
17.8152 -34.5798 3.2929 0.8554
19.6643 -35.0209 3.4000 0.8511
10.2440 -16.8012 1.6658 0.9240
28.4182 -36.9780 3.9479 0.8293
30.9103 -37.3640 4.1050 0.8231
31.3036 2.8174 2.6606 0.8815
44.5548 8.9145 3.8464 0.8333
27.6769 12.1247 2.5579 0.8858
26.9054 12.9569 2.5280 0.8870
22.6265 12.9733 2.2079 0.9006
21.5488 13.4055 2.1483 0.9031
21.2007 14.2693 2.1633 0.9025
27.1764 19.7448 2.8437 0.8738
18.0907 14.1631 1.9449 0.9119
16.8794 14.2210 1.8684 0.9152
16.1851 14.6610 1.8487 0.9161
15.6675 15.2512 1.8509 0.9160
7.3090 7.6446 0.8953 0.9584
6.9669 7.8313 0.8873 0.9588
11.7799 15.3281 1.6365 0.9253
10.1278 16.6106 1.6469 0.9249
12.3085 21.9207 2.1282 0.9040
10.8107 22.9738 2.1494 0.9031
5.7389 16.6399 1.4900 0.9318
5.2029 17.0482 1.5089 0.9309
5.5065 24.1257 2.0948 0.9054
4.6382 24.3143 2.0954 0.9054
3.7683 24.5032 2.0987 0.9053
1.4461 17.8614 1.5170 0.9306
0.7955 17.7135 1.5010 0.9313
0.1602 17.8515 1.5112 0.9308
-2.5098 25.3370 2.1553 0.9028
-3.4325 25.3394 2.1646 0.9024
-3.3566 19.4907 1.6742 0.9237
-3.9874 19.0390 1.6467 0.9249
-4.6726 18.9013 1.6482 0.9248
-5.4476 19.0697 1.6789 0.9235
-6.3524 19.5506 1.7402 0.9208
-9.0323 20.1245 1.8673 0.9153
-10.0149 20.3273 1.9183 0.9130
-10.6751 19.8377 1.9070 0.9135
-12.1253 20.7144 2.0319 0.9081
-14.5697 21.2331 2.1799 0.9018
-25.9351 30.2284 3.3717 0.8522
-21.0495 22.8225 2.6283 0.8828
-11.9166 12.0240 1.4331 0.9343
-12.5104 11.7481 1.4528 0.9334
-27.2489 23.8066 3.0630 0.8648
-33.2978 25.1177 3.5308 0.8458
-31.3466 15.7951 2.9714 0.8686
-28.7380 -8.4892 2.5367 0.8867
-44.4611 -22.4033 4.2146 0.8188
-40.4501 -22.2377 3.9075 0.8309
-37.1042 -24.0170 3.7415 0.8374
-39.4052 -29.7248 4.1784 0.8203
-35.3669 -30.8992 3.9756 0.8282
-9.9118 -12.4290 1.3457 0.9382
-9.4706 -12.7921 1.3474 0.9381
0.1213 -13.5153 1.1442 0.9472
1.5494 -13.2173 1.1265 0.9480
6.1313 -32.1413 2.7699 0.8769
8.7099 -32.7012 2.8647 0.8730
11.4495 -33.1978 2.9727 0.8685
16.1479 -34.3160 3.2105 0.8588
17.8152 -34.5798 3.2929 0.8554
10.2441 -16.8012 1.6658 0.9240
25.9772 -36.4378 3.7882 0.8356
31.3037 2.8174 2.6607 0.8815
48.9030 7.9707 4.1944 0.8196
40.8682 9.7147 3.5560 0.8448
33.6120 10.5886 2.9832 0.8681
32.7354 11.6198 2.9405 0.8698
26.9054 12.9569 2.5280 0.8870
22.7782 11.9951 2.1793 0.9018
21.2007 14.2693 2.1633 0.9025
27.1764 19.7448 2.8437 0.8738
16.8794 14.2210 1.8684 0.9152
15.6675 15.2512 1.8509 0.9160
6.9669 7.8313 0.8873 0.9588
11.7799 15.3281 1.6365 0.9253
11.0419 15.4884 1.6102 0.9265
10.1278 16.6106 1.6469 0.9249
7.1080 16.6301 1.5310 0.9300
6.3637 16.5042 1.4974 0.9315
5.7389 16.6399 1.4900 0.9318
4.5736 17.1718 1.5043 0.9311
3.7683 24.5032 2.0987 0.9053
0.7955 17.7135 1.5010 0.9313
-0.4925 18.2829 1.5483 0.9292
-2.5098 25.3370 2.1553 0.9028
-3.4325 25.3394 2.1646 0.9024
-3.3566 19.4907 1.6742 0.9237
-5.4476 19.0697 1.6789 0.9235
-9.7528 26.7124 2.4073 0.8921
-8.6751 21.3488 1.9507 0.9116
-9.0323 20.1245 1.8673 0.9153
-12.1253 20.7144 2.0319 0.9081
-14.5697 21.2331 2.1799 0.9018
-15.7802 21.3146 2.2450 0.8990
-27.2489 23.8066 3.0630 0.8648
-33.2979 25.1177 3.5308 0.8458
-37.8120 26.4481 3.9062 0.8309
-31.3467 15.7951 2.9714 0.8686
-28.7380 -8.4893 2.5367 0.8867
-44.4611 -22.4034 4.2146 0.8188
-34.1629 -27.7494 3.7258 0.8380
-35.3669 -30.8992 3.9756 0.8282
1.0468 -12.9302 1.0982 0.9493
1.5494 -13.2173 1.1265 0.9480
4.8863 -31.7728 2.7213 0.8789
7.3989 -32.4165 2.8147 0.8750
8.7099 -32.7012 2.8647 0.8730
12.9239 -33.5179 3.0410 0.8657
14.5160 -33.9617 3.1266 0.8622
19.6643 -35.0209 3.4000 0.8511
25.9772 -36.4378 3.7882 0.8356
30.9103 -37.3640 4.1050 0.8231
31.3037 2.8174 2.6607 0.8815
44.5547 8.9145 3.8464 0.8333
40.8682 9.7147 3.5560 0.8448
38.4621 10.6149 3.3776 0.8520
33.6120 10.5887 2.9832 0.8681
32.7354 11.6198 2.9405 0.8698
29.1759 11.5516 2.6564 0.8816
27.6769 12.1247 2.5579 0.8858
26.9054 12.9570 2.5280 0.8870
22.7782 11.9951 2.1793 0.9018
22.6265 12.9733 2.2079 0.9006
21.5488 13.4055 2.1483 0.9031
27.1764 19.7448 2.8437 0.8738
18.0907 14.1631 1.9449 0.9119
16.1850 14.6610 1.8487 0.9161
7.3090 7.6446 0.8953 0.9584
12.7445 15.4055 1.6925 0.9229
11.7799 15.3281 1.6365 0.9253
11.0419 15.4884 1.6102 0.9265
10.1278 16.6106 1.6469 0.9249
12.3085 21.9207 2.1282 0.9040
10.8106 22.9738 2.1494 0.9031
6.3637 16.5042 1.4974 0.9315
5.7388 16.6399 1.4900 0.9318
4.6382 24.3143 2.0954 0.9054
3.7683 24.5032 2.0987 0.9053
2.0761 17.7114 1.5096 0.9309
0.7955 17.7135 1.5010 0.9313
0.1602 17.8515 1.5112 0.9308
-0.4925 18.2829 1.5483 0.9292
-1.1585 18.4138 1.5619 0.9286
-3.4325 25.3394 2.1646 0.9024
-3.9874 19.0390 1.6467 0.9249
-9.7528 26.7124 2.4073 0.8921
-10.0149 20.3273 1.9183 0.9130
-10.6751 19.8377 1.9070 0.9135
-14.2524 22.4582 2.2517 0.8987
-14.5697 21.2331 2.1799 0.9018
-15.7803 21.3146 2.2450 0.8990
-25.9352 30.2284 3.3717 0.8522
-37.8120 26.4481 3.9062 0.8309
-31.3467 15.7951 2.9714 0.8686
-28.7380 -8.4892 2.5367 0.8867
-40.4501 -22.2377 3.9075 0.8309
-39.0547 -27.3174 4.0346 0.8259
-39.4051 -29.7249 4.1784 0.8203
0.1214 -13.5153 1.1442 0.9472
1.0469 -12.9302 1.0982 0.9493
4.8863 -31.7728 2.7213 0.8789
6.1313 -32.1413 2.7699 0.8769
8.7099 -32.7012 2.8647 0.8730
10.0701 -32.9965 2.9204 0.8707
12.9240 -33.5179 3.0410 0.8657
14.5160 -33.9617 3.1266 0.8622
16.1479 -34.3160 3.2105 0.8588
17.8153 -34.5798 3.2929 0.8554
28.4182 -36.9779 3.9479 0.8293
29.2535 -21.2538 3.0609 0.8649
40.8682 9.7147 3.5560 0.8448
38.4622 10.6149 3.3776 0.8520
33.6119 10.5887 2.9832 0.8681
29.1758 11.5516 2.6564 0.8816
22.6265 12.9733 2.2079 0.9006
21.5488 13.4055 2.1483 0.9031
21.2007 14.2693 2.1633 0.9025
27.1763 19.7449 2.8437 0.8738
16.1850 14.6610 1.8487 0.9161
15.6675 15.2512 1.8509 0.9160
10.4916 15.8941 1.6122 0.9264
10.8106 22.9738 2.1494 0.9031
7.1080 16.6301 1.5310 0.9300
5.2028 17.0482 1.5089 0.9309
4.5736 17.1718 1.5043 0.9311
5.5065 24.1257 2.0948 0.9054
3.7683 24.5032 2.0987 0.9053
0.1602 17.8515 1.5112 0.9308
-1.1585 18.4138 1.5619 0.9286
-3.4325 25.3394 2.1646 0.9024
-4.6726 18.9013 1.6482 0.9248
-8.6751 21.3488 1.9507 0.9116
-9.0323 20.1245 1.8673 0.9153
-10.0149 20.3273 1.9183 0.9130
-12.1253 20.7144 2.0319 0.9081
-14.5698 21.2331 2.1799 0.9018
-27.2489 23.8066 3.0630 0.8648
-31.2069 25.3482 3.4034 0.8510
-33.2980 25.1177 3.5308 0.8458
-40.4509 -22.2381 2.8624 0.8311
-37.7872 -22.5768 2.7295 0.8383
-37.1053 -24.0177 2.7409 0.8377
-39.0093 -29.4262 3.0300 0.8222
-34.1642 -27.7504 2.7293 0.8383
-9.4550 -12.7711 0.9854 0.9383
-5.0551 -20.4487 1.3062 0.9190
-4.6425 -22.1674 1.4044 0.9132
-0.8676 -13.7910 0.8569 0.9461
0.1213 -13.5152 0.8381 0.9473
1.9573 -43.5814 2.7052 0.8396
3.1283 -38.6400 2.4039 0.8561
7.4599 -32.6841 2.0789 0.8743
8.7817 -32.9711 2.1158 0.8722
11.4499 -33.1991 2.1777 0.8687
13.0723 -33.9027 2.2532 0.8645
14.6358 -34.2422 2.3092 0.8614
16.2209 -34.4712 2.3624 0.8584
18.0198 -34.9769 2.4399 0.8541
19.8271 -35.3108 2.5112 0.8502
23.6202 -35.7830 2.6587 0.8421
25.9392 -36.3846 2.7709 0.8360
23.2451 -28.0985 2.2613 0.8640
31.1376 2.8025 1.9387 0.8822
42.2785 10.0499 2.6948 0.8402
26.8536 12.9320 1.8482 0.8874
18.1739 14.2283 1.4313 0.9116
16.1830 14.6592 1.3540 0.9162
15.6682 15.2519 1.3559 0.9161
6.9588 7.8222 0.6492 0.9589
11.7795 15.3276 1.1987 0.9255
10.4904 15.8924 1.1808 0.9265
11.5242 22.3688 1.5604 0.9041
7.1073 16.6284 1.1214 0.9301
5.7387 16.6393 1.0915 0.9319
5.2023 17.0465 1.1052 0.9311
2.0759 17.7096 1.1057 0.9310
1.4459 17.8596 1.1111 0.9307
0.7955 17.7129 1.0995 0.9314
-1.1584 18.4119 1.1440 0.9287
-2.5185 25.4248 1.5843 0.9027
-3.9869 19.0369 1.2061 0.9250
-9.0311 20.1219 1.3677 0.9154
-10.6799 19.8465 1.3976 0.9136
-18.6386 29.3697 2.1570 0.8699
-14.6452 21.3430 1.6051 0.9015
-15.7794 21.3135 1.6445 0.8992
-20.9669 22.7329 1.9177 0.8834
-12.5038 11.7418 1.0636 0.9336
-27.2470 23.8050 2.2436 0.8650
-31.3657 25.4772 2.5058 0.8505
-33.2951 25.1157 2.5862 0.8461
-37.9143 26.5197 2.8691 0.8307
-31.3390 15.7912 2.1761 0.8688
-37.7871 -22.5768 2.7295 0.8383
-37.1053 -24.0177 2.7409 0.8377
-34.1642 -27.7504 2.7293 0.8383
-35.3684 -30.9005 2.9124 0.8284
-4.6425 -22.1674 1.4044 0.9132
0.1213 -13.5152 0.8381 0.9473
7.4599 -32.6841 2.0789 0.8743
8.7818 -32.9711 2.1158 0.8722
10.1532 -33.2689 2.1570 0.8699
14.6359 -34.2422 2.3092 0.8614
23.6202 -35.7830 2.6587 0.8421
28.3674 -36.9118 2.8868 0.8298
31.1376 2.8025 1.9387 0.8822
33.6098 10.5879 2.1851 0.8683
32.6178 11.5781 2.1463 0.8705
27.6764 12.1244 1.8737 0.8860
26.8536 12.9320 1.8482 0.8874
22.6253 12.9727 1.6173 0.9008
21.6526 13.4701 1.5813 0.9029
21.3117 14.3440 1.5930 0.9022
18.1739 14.2283 1.4313 0.9116
16.8786 14.2204 1.3686 0.9153
16.1830 14.6592 1.3540 0.9162
15.6682 15.2519 1.3559 0.9161
6.9588 7.8222 0.6492 0.9589
12.7431 15.4038 1.2397 0.9230
11.0415 15.4878 1.1795 0.9266
10.4904 15.8924 1.1808 0.9265
11.5242 22.3688 1.5604 0.9041
7.1073 16.6284 1.1214 0.9301
5.7387 16.6393 1.0915 0.9319
4.5732 17.1701 1.1018 0.9313
3.7884 24.6341 1.5455 0.9049
2.0759 17.7096 1.1057 0.9310
-0.4924 18.2810 1.1340 0.9293
-1.1584 18.4119 1.1440 0.9287
-2.5185 25.4248 1.5843 0.9027
-3.4323 25.3385 1.5856 0.9026
-3.3572 19.4939 1.2266 0.9238
-4.6724 18.9006 1.2073 0.9249
-9.7524 26.7114 1.7633 0.8923
-11.3459 27.9215 1.8689 0.8862
-9.0311 20.1219 1.3677 0.9154
-10.6799 19.8465 1.3976 0.9136
-14.6452 21.3430 1.6051 0.9015
-15.7794 21.3135 1.6445 0.8992
-20.0358 23.3525 1.9080 0.8840
-20.9669 22.7329 1.9177 0.8834
-11.9031 12.0104 1.0486 0.9345
-27.2470 23.8050 2.2436 0.8650
-37.9144 26.5197 2.8691 0.8307
-31.3390 15.7912 2.1761 0.8688
-36.7477 15.3181 2.4689 0.8525
-44.4620 -22.4038 3.0874 0.8191
-37.7871 -22.5768 2.7295 0.8383
-34.1642 -27.7505 2.7293 0.8383
-35.3684 -30.9005 2.9124 0.8284
-9.4550 -12.7711 0.9854 0.9383
-5.0551 -20.4487 1.3062 0.9190
-4.6425 -22.1674 1.4044 0.9132
0.1213 -13.5152 0.8381 0.9473
3.1283 -38.6399 2.4039 0.8561
3.9715 -33.8806 2.1153 0.8722
6.1819 -32.4066 2.0458 0.8762
7.4599 -32.6841 2.0789 0.8743
8.7818 -32.9711 2.1158 0.8722
10.1533 -33.2689 2.1570 0.8699
11.4499 -33.1991 2.1777 0.8687
13.0723 -33.9027 2.2532 0.8645
14.6359 -34.2422 2.3092 0.8614
16.2210 -34.4711 2.3624 0.8584
10.2298 -16.7779 1.2185 0.9243
23.6202 -35.7830 2.6587 0.8421
25.9393 -36.3846 2.7709 0.8360
28.3674 -36.9118 2.8868 0.8298
23.2451 -28.0985 2.2613 0.8640
29.2037 -21.2177 2.2384 0.8653
31.1376 2.8025 1.9387 0.8822
29.1741 11.5509 1.9457 0.8818
26.8536 12.9320 1.8482 0.8874
22.8214 12.0178 1.5994 0.9018
22.6253 12.9727 1.6173 0.9008
21.3117 14.3440 1.5930 0.9022
7.2875 7.6221 0.6539 0.9586
6.9588 7.8222 0.6492 0.9589
12.7431 15.4038 1.2397 0.9230
12.3080 21.9199 1.5589 0.9042
11.5242 22.3688 1.5604 0.9041
7.1073 16.6284 1.1214 0.9301
4.5732 17.1701 1.1018 0.9313
5.5359 24.2546 1.5427 0.9051
3.7884 24.6341 1.5455 0.9049
2.0759 17.7096 1.1057 0.9310
0.7955 17.7129 1.0995 0.9314
-0.4924 18.2810 1.1340 0.9293
-1.1584 18.4119 1.1440 0.9287
-2.5186 25.4248 1.5843 0.9027
-3.4324 25.3385 1.5856 0.9026
-3.9869 19.0369 1.2061 0.9250
-5.4474 19.0690 1.2298 0.9236
-9.7524 26.7114 1.7633 0.8923
-9.0311 20.1219 1.3677 0.9154
-12.1815 20.8103 1.4953 0.9079
-17.5262 21.9770 1.7431 0.8935
-27.2470 23.8050 2.2436 0.8650
-33.2951 25.1157 2.5862 0.8461
-36.7477 15.3181 2.4689 0.8525
-28.7142 -8.4822 1.8567 0.8869
-39.0376 -27.3054 2.9541 0.8262
-39.0092 -29.4263 3.0300 0.8222
-35.3683 -30.9005 2.9123 0.8284
-9.9040 -12.4193 0.9850 0.9383
-5.0551 -20.4488 1.3062 0.9190
-4.6425 -22.1674 1.4044 0.9132
-0.8676 -13.7910 0.8569 0.9461
1.9574 -43.5813 2.7052 0.8396
3.1284 -38.6398 2.4039 0.8561
6.1819 -32.4066 2.0458 0.8762
7.4599 -32.6841 2.0789 0.8743
10.1532 -33.2689 2.1570 0.8699
11.4500 -33.1991 2.1777 0.8687
16.2210 -34.4711 2.3624 0.8584
10.2298 -16.7779 1.2185 0.9243
25.9394 -36.3847 2.7709 0.8360
29.2038 -21.2177 2.2384 0.8653
32.6178 11.5781 2.1463 0.8705
22.8214 12.0178 1.5994 0.9018
22.6253 12.9727 1.6173 0.9008
21.6526 13.4701 1.5813 0.9029
21.3117 14.3440 1.5930 0.9022
18.1739 14.2283 1.4313 0.9116
16.8786 14.2204 1.3686 0.9153
15.6682 15.2519 1.3559 0.9161
7.2875 7.6221 0.6539 0.9586
6.9588 7.8222 0.6492 0.9589
12.7431 15.4038 1.2397 0.9230
11.0415 15.4878 1.1795 0.9266
10.4904 15.8924 1.1808 0.9265
10.1283 16.6115 1.2064 0.9250
12.3080 21.9199 1.5589 0.9042
11.5242 22.3688 1.5604 0.9041
10.8684 23.0965 1.5829 0.9028
5.7386 16.6394 1.0915 0.9319
5.2023 17.0465 1.1052 0.9311
4.5732 17.1701 1.1018 0.9313
5.5359 24.2546 1.5427 0.9051
4.6629 24.4442 1.5431 0.9051
3.7884 24.6341 1.5455 0.9049
2.0759 17.7096 1.1057 0.9310
1.4459 17.8596 1.1111 0.9307
-0.4924 18.2810 1.1340 0.9293
-1.1584 18.4119 1.1440 0.9287
-3.9869 19.0369 1.2061 0.9250
-5.4474 19.0690 1.2298 0.9236
-6.3517 19.5484 1.2746 0.9209
-9.7524 26.7114 1.7633 0.8923
-10.6799 19.8465 1.3976 0.9136
-18.6386 29.3697 2.1570 0.8699
-17.5262 21.9770 1.7431 0.8935
-20.0358 23.3525 1.9080 0.8840
-20.9669 22.7329 1.9177 0.8834
-12.5038 11.7418 1.0636 0.9336
-33.2953 25.1157 2.5862 0.8461
-37.9144 26.5197 2.8691 0.8307
-31.3390 15.7912 2.1761 0.8688
-28.7123 -8.4816 1.1805 0.8871
-37.7891 -22.5779 1.7357 0.8384
-37.1064 -24.0184 1.7429 0.8378
-39.3628 -29.6928 1.9442 0.8209
-34.1656 -27.7515 1.7356 0.8384
-9.8963 -12.4096 0.6258 0.9384
-14.6966 -29.8298 1.3112 0.8754
-4.3809 -32.3410 1.2869 0.8775
-3.0889 -31.1830 1.2356 0.8821
-0.8687 -13.8080 0.5455 0.9461
0.1213 -13.5151 0.5329 0.9473
1.9333 -16.4926 0.6548 0.9357
4.8866 -31.7751 1.2677 0.8792
6.1821 -32.4078 1.3009 0.8763
10.1536 -33.2702 1.3716 0.8700
11.4504 -33.2004 1.3848 0.8688
13.0728 -33.9041 1.4328 0.8646
16.2205 -34.4703 1.5022 0.8586
18.0206 -34.9785 1.5515 0.8543
10.2157 -16.7547 0.7738 0.9245
28.4170 -36.9764 1.8388 0.8297
30.9136 -37.3681 1.9123 0.8235
29.1543 -21.1818 1.4209 0.8657
30.9738 2.7877 1.2264 0.8829
48.8941 7.9692 1.9534 0.8201
44.5473 8.9130 1.7914 0.8337
40.8619 9.7132 1.6561 0.8452
37.6849 10.4004 1.5415 0.8551
33.6075 10.5872 1.3894 0.8684
32.7196 11.6142 1.3690 0.8702
29.1724 11.5502 1.2372 0.8820
27.6759 12.1242 1.1914 0.8861
16.8779 14.2198 0.8702 0.9154
16.1810 14.6573 0.8609 0.9163
7.2662 7.5999 0.4146 0.9588
6.9507 7.8131 0.4123 0.9590
10.1289 16.6124 0.7672 0.9251
11.5230 22.3665 0.9921 0.9042
6.3633 16.5031 0.6974 0.9316
5.7385 16.6388 0.6940 0.9320
5.5929 24.5043 0.9911 0.9043
4.7110 24.6959 0.9913 0.9043
3.7883 24.6333 0.9827 0.9050
2.0757 17.7077 0.7030 0.9311
1.4458 17.8577 0.7065 0.9308
0.7954 17.7123 0.6991 0.9315
-0.4923 18.2791 0.7210 0.9294
-1.1583 18.4099 0.7274 0.9288
-2.5183 25.4220 1.0073 0.9028
-4.6723 18.8999 0.7677 0.9250
-9.7520 26.7103 1.1212 0.8924
-11.4626 28.2088 1.2006 0.8852
-10.0154 20.3283 0.8936 0.9133
-10.8982 20.2523 0.9068 0.9120
-12.1798 20.8075 0.9507 0.9080
-18.7110 29.4838 1.3769 0.8695
-14.6429 21.3398 1.0205 0.9016
-15.7786 21.3124 1.0456 0.8993
-20.9630 22.7288 1.2192 0.8836
-11.8896 11.9968 0.6660 0.9346
-12.4972 11.7356 0.6760 0.9337
-27.2451 23.8033 1.4266 0.8652
-31.2757 25.4041 1.5888 0.8510
-33.2925 25.1137 1.6444 0.8463
-31.3313 15.7874 1.3834 0.8690
-36.7467 15.3177 1.5698 0.8527
-28.7123 -8.4816 1.1805 0.8871
-44.4628 -22.4042 1.9632 0.8193
-37.1064 -24.0184 1.7429 0.8378
-39.0825 -27.3369 1.8806 0.8262
-35.3699 -30.9018 1.8520 0.8286
-9.4395 -12.7502 0.6255 0.9385
0.6264 -13.9476 0.5505 0.9456
1.1712 -14.4666 0.5723 0.9436
4.8866 -31.7751 1.2677 0.8792
7.4602 -32.6853 1.3220 0.8744
8.7821 -32.9724 1.3455 0.8723
11.4504 -33.2004 1.3848 0.8688
14.6365 -34.2436 1.4684 0.8615
16.2205 -34.4703 1.5022 0.8586
18.0206 -34.9785 1.5515 0.8543
23.6213 -35.7847 1.6907 0.8423
25.9760 -36.4362 1.7644 0.8360
30.9137 -37.3681 1.9123 0.8235
29.1543 -21.1818 1.4209 0.8657
30.9739 2.7877 1.2263 0.8829
48.8940 7.9692 1.9534 0.8201
44.5472 8.9130 1.7914 0.8337
40.8619 9.7132 1.6561 0.8452
33.6075 10.5872 1.3894 0.8684
32.7196 11.6142 1.3690 0.8702
29.1724 11.5502 1.2372 0.8820
22.6242 12.9720 1.0283 0.9009
21.6494 13.4681 1.0054 0.9030
18.1716 14.2264 0.9100 0.9118
16.8779 14.2198 0.8702 0.9154
16.1810 14.6573 0.8609 0.9163
15.6689 15.2526 0.8622 0.9162
6.9507 7.8131 0.4123 0.9590
12.7416 15.4020 0.7882 0.9231
11.0411 15.4872 0.7500 0.9267
10.4893 15.8906 0.7508 0.9266
12.3076 21.9192 0.9912 0.9043
11.5230 22.3665 0.9921 0.9042
6.3633 16.5031 0.6974 0.9316
5.2018 17.0448 0.7027 0.9311
5.5929 24.5043 0.9911 0.9043
4.7110 24.6959 0.9913 0.9043
1.4457 17.8577 0.7065 0.9308
0.7954 17.7123 0.6991 0.9315
0.1602 17.8503 0.7039 0.9310
-0.4924 18.2791 0.7210 0.9294
-2.5183 25.4220 1.0073 0.9028
-3.3578 19.4972 0.7801 0.9239
-5.4472 19.0682 0.7820 0.9237
-6.3509 19.5461 0.8104 0.9210
-11.4626 28.2088 1.2006 0.8852
-10.0154 20.3283 0.8936 0.9133
-12.1798 20.8075 0.9507 0.9080
-14.6429 21.3398 1.0205 0.9016
-17.5234 21.9736 1.1082 0.8936
-20.0370 23.3540 1.2134 0.8841
-20.9630 22.7288 1.2192 0.8836
-12.4972 11.7356 0.6760 0.9337
-33.2926 25.1137 1.6444 0.8463
-31.3313 15.7873 1.3834 0.8690
-36.7467 15.3177 1.5698 0.8527
-44.4628 -22.4042 1.9632 0.8193
-37.1064 -24.0184 1.7429 0.8378
-39.0825 -27.3369 1.8806 0.8262
-39.3628 -29.6928 1.9442 0.8209
-34.1655 -27.7515 1.7356 0.8384
-35.3699 -30.9018 1.8520 0.8286
-14.6966 -29.8300 1.3112 0.8754
-0.8687 -13.8080 0.5455 0.9461
1.9333 -16.4926 0.6548 0.9357
4.8867 -31.7751 1.2677 0.8792
6.1821 -32.4078 1.3009 0.8763
7.4602 -32.6853 1.3220 0.8744
8.7821 -32.9724 1.3455 0.8723
14.6365 -34.2436 1.4684 0.8615
18.0207 -34.9785 1.5515 0.8543
10.2157 -16.7547 0.7738 0.9245
25.9760 -36.4362 1.7644 0.8360
28.4170 -36.9764 1.8388 0.8297
30.9137 -37.3681 1.9123 0.8235
30.9739 2.7877 1.2263 0.8829
37.6849 10.4004 1.5415 0.8551
32.7196 11.6142 1.3690 0.8702
29.1724 11.5502 1.2372 0.8820
27.6759 12.1242 1.1914 0.8861
26.8544 12.9324 1.1753 0.8875
24.4155 12.8573 1.0881 0.8954
22.6242 12.9720 1.0283 0.9009
21.3123 14.3444 1.0130 0.9023
10.1289 16.6124 0.7672 0.9251
12.3076 21.9192 0.9912 0.9043
11.5230 22.3665 0.9921 0.9042
10.9803 23.3344 1.0169 0.9019
6.3633 16.5031 0.6974 0.9316
5.7384 16.6388 0.6940 0.9320
4.5727 17.1683 0.7006 0.9313
5.5929 24.5043 0.9911 0.9043
3.7883 24.6333 0.9827 0.9050
2.0757 17.7077 0.7030 0.9311
1.4457 17.8577 0.7065 0.9308
0.1602 17.8503 0.7039 0.9310
-1.1583 18.4099 0.7274 0.9288
-2.5183 25.4220 1.0073 0.9028
-3.3578 19.4972 0.7801 0.9239
-4.6723 18.8999 0.7677 0.9250
-6.3509 19.5461 0.8104 0.9210
-9.7520 26.7103 1.1212 0.8924
-11.4626 28.2088 1.2006 0.8852
-10.0154 20.3283 0.8936 0.9133
-18.7110 29.4838 1.3769 0.8695
-14.6429 21.3398 1.0205 0.9016
-15.7787 21.3124 1.0456 0.8993
-20.9631 22.7288 1.2192 0.8836
-11.8896 11.9968 0.6660 0.9346
-12.4972 11.7356 0.6760 0.9337
-27.2451 23.8033 1.4266 0.8652
-33.2925 25.1137 1.6444 0.8463
-37.6721 26.3502 1.8128 0.8319
-36.7467 15.3177 1.5698 0.8527
-44.4628 -22.4042 1.9632 0.8193
-40.4517 -22.2386 1.8202 0.8313
-39.0825 -27.3369 1.8806 0.8262
-35.3698 -30.9018 1.8520 0.8286
-9.8963 -12.4096 0.6258 0.9384
-9.4395 -12.7502 0.6255 0.9385
-4.3808 -32.3410 1.2869 0.8775
-3.0889 -31.1831 1.2356 0.8821
-0.8687 -13.8080 0.5455 0.9461
0.1214 -13.5151 0.5329 0.9473
0.6264 -13.9476 0.5505 0.9456
1.9333 -16.4926 0.6548 0.9357
4.8867 -31.7751 1.2677 0.8792
6.1821 -32.4078 1.3009 0.8763
7.4602 -32.6853 1.3220 0.8744
8.7821 -32.9724 1.3455 0.8723
10.1536 -33.2702 1.3716 0.8700
11.4504 -33.2004 1.3848 0.8688
13.0729 -33.9041 1.4328 0.8646
14.6365 -34.2436 1.4684 0.8615
14.8626 -26.4693 1.1970 0.8856
10.2157 -16.7547 0.7738 0.9245
23.6213 -35.7847 1.6907 0.8423
25.9760 -36.4361 1.7644 0.8360
28.4170 -36.9763 1.8389 0.8297
30.9137 -37.3681 1.9123 0.8235
29.1544 -21.1818 1.4209 0.8657
44.5472 8.9130 1.7914 0.8337
33.6073 10.5872 1.3894 0.8684
29.1723 11.5502 1.2372 0.8820
18.1715 14.2264 0.9100 0.9118
16.8779 14.2198 0.8702 0.9154
15.6689 15.2526 0.8622 0.9162
6.9507 7.8131 0.4123 0.9590
12.7416 15.4020 0.7882 0.9231
11.7790 15.3270 0.7622 0.9255
11.0411 15.4872 0.7500 0.9267
10.1289 16.6124 0.7672 0.9251
12.3076 21.9192 0.9912 0.9043
11.5230 22.3665 0.9921 0.9042
10.9803 23.3344 1.0169 0.9019
4.5727 17.1683 0.7006 0.9313
4.7110 24.6959 0.9913 0.9043
3.7883 24.6333 0.9827 0.9050
1.4457 17.8577 0.7065 0.9308
-0.4924 18.2791 0.7210 0.9294
-3.3578 19.4972 0.7801 0.9239
-3.9865 19.0347 0.7668 0.9251
-4.6723 18.8999 0.7677 0.9250
-9.7520 26.7103 1.1212 0.8924
-11.4627 28.2088 1.2006 0.8852
-9.0330 20.1260 0.8699 0.9155
-10.0154 20.3283 0.8936 0.9133
-10.8982 20.2523 0.9069 0.9120
-12.1798 20.8075 0.9507 0.9080
-14.6430 21.3398 1.0205 0.9016
-15.7787 21.3124 1.0456 0.8993
-20.0370 23.3539 1.2134 0.8841
-20.9631 22.7288 1.2192 0.8836
-27.2451 23.8033 1.4266 0.8652
-37.6721 26.3502 1.8128 0.8319
-31.3313 15.7873 1.3834 0.8690
-44.4637 -22.4046 0.8411 0.8194
-37.7909 -22.5791 0.7436 0.8385
-37.1075 -24.0191 0.7467 0.8379
-38.5847 -26.9886 0.7954 0.8283
-35.3714 -30.9031 0.7934 0.8287
-9.8886 -12.3999 0.2679 0.9385
-9.4241 -12.7293 0.2675 0.9386
-14.6975 -29.8317 0.5618 0.8754
0.7129 -15.8733 0.2684 0.9384
1.1713 -14.4678 0.2452 0.9436
1.8453 -15.7418 0.2677 0.9386
4.8868 -31.7762 0.5431 0.8793
6.1823 -32.4090 0.5573 0.8763
7.4605 -32.6865 0.5663 0.8745
8.7824 -32.9736 0.5764 0.8724
10.1540 -33.2715 0.5876 0.8701
11.4508 -33.2017 0.5933 0.8689
14.6370 -34.2450 0.6291 0.8616
16.2201 -34.4695 0.6435 0.8586
18.0214 -34.9800 0.6647 0.8543
19.1642 -34.1302 0.6612 0.8551
21.2366 -32.1720 0.6512 0.8571
28.4164 -36.9757 0.7878 0.8298
30.9153 -37.3701 0.8192 0.8236
30.9166 2.7826 0.5243 0.8832
48.8896 7.9685 0.8367 0.8202
32.7205 11.6145 0.5865 0.8703
27.6753 12.1239 0.5104 0.8861
26.8552 12.9328 0.5035 0.8876
24.4117 12.8553 0.4660 0.8955
22.6231 12.9714 0.4405 0.9009
21.6462 13.4661 0.4306 0.9030
16.8772 14.2192 0.3728 0.9155
16.1789 14.6555 0.3687 0.9164
6.9426 7.8040 0.1764 0.9591
12.7402 15.4003 0.3376 0.9232
10.4881 15.8889 0.3216 0.9267
12.3072 21.9184 0.4246 0.9043
11.5218 22.3641 0.4250 0.9043
6.3631 16.5025 0.2988 0.9317
4.5722 17.1666 0.3001 0.9314
4.7108 24.6951 0.4247 0.9043
3.7881 24.6325 0.4210 0.9051
2.0755 17.7059 0.3011 0.9312
1.4456 17.8559 0.3026 0.9308
0.7954 17.7117 0.2995 0.9315
0.1602 17.8497 0.3015 0.9311
-3.3583 19.5004 0.3342 0.9239
-3.9860 19.0326 0.3285 0.9252
-4.6721 18.8992 0.3289 0.9251
-10.0156 20.3288 0.3828 0.9133
-12.1782 20.8046 0.4072 0.9081
-14.6407 21.3365 0.4371 0.9017
-11.8762 11.9833 0.2850 0.9347
-27.2432 23.8017 0.6111 0.8653
-31.2777 25.4057 0.6807 0.8511
-33.2898 25.1117 0.7044 0.8464
-31.3237 15.7835 0.5925 0.8691
-28.7183 -8.4834 0.5058 0.8871
-35.3713 -30.9031 0.7934 0.8287
-14.6975 -29.8318 0.5618 0.8754
-0.8687 -13.8083 0.2337 0.9462
0.7129 -15.8734 0.2684 0.9384
1.1713 -14.4679 0.2452 0.9436
10.1540 -33.2715 0.5876 0.8701
12.8313 -33.2777 0.6025 0.8670
14.6371 -34.2450 0.6291 0.8616
16.2201 -34.4694 0.6435 0.8586
18.0214 -34.9800 0.6647 0.8543
10.2016 -16.7316 0.3310 0.9246
21.2366 -32.1720 0.6512 0.8571
25.9755 -36.4354 0.7558 0.8361
29.1167 -21.1545 0.6079 0.8659
44.5435 8.9122 0.7673 0.8338
33.6052 10.5865 0.5952 0.8685
32.7205 11.6146 0.5865 0.8703
27.6753 12.1240 0.5104 0.8861
26.8552 12.9328 0.5035 0.8876
24.4117 12.8553 0.4660 0.8955
22.6231 12.9714 0.4405 0.9009
21.6462 13.4661 0.4306 0.9030
18.1692 14.2246 0.3898 0.9118
16.8772 14.2192 0.3728 0.9155
15.6696 15.2533 0.3694 0.9162
7.2451 7.5778 0.1771 0.9589
11.0407 15.4867 0.3213 0.9267
10.4881 15.8889 0.3216 0.9267
10.1294 16.6133 0.3287 0.9251
11.5218 22.3641 0.4250 0.9043
7.1058 16.6249 0.3054 0.9302
6.3631 16.5025 0.2988 0.9317
5.2013 17.0430 0.3010 0.9312
4.5722 17.1666 0.3001 0.9314
2.0755 17.7059 0.3011 0.9312
-0.4923 18.2772 0.3088 0.9295
-3.4321 25.3367 0.4319 0.9028
-3.9860 19.0326 0.3285 0.9252
-11.4622 28.2077 0.5143 0.8853
-10.0156 20.3288 0.3828 0.9133
-10.8978 20.2514 0.3885 0.9121
-12.1782 20.8046 0.4072 0.9081
-14.6407 21.3365 0.4371 0.9017
-17.5207 21.9702 0.4747 0.8937
-20.0383 23.3554 0.5198 0.8842
-27.2433 23.8017 0.6111 0.8653
-33.2899 25.1117 0.7044 0.8464
-37.6616 26.3429 0.7764 0.8320
-31.3237 15.7835 0.5925 0.8691
-28.7183 -8.4834 0.5058 0.8871
-44.4637 -22.4047 0.8410 0.8194
-37.1075 -24.0191 0.7467 0.8379
-38.5847 -26.9887 0.7954 0.8283
-35.3713 -30.9031 0.7934 0.8287
-9.8886 -12.3999 0.2679 0.9385
-9.4241 -12.7294 0.2675 0.9386
-14.6975 -29.8319 0.5618 0.8754
0.1326 -14.7703 0.2495 0.9426
1.1713 -14.4679 0.2452 0.9436
1.8453 -15.7418 0.2677 0.9386
4.8868 -31.7762 0.5431 0.8793
11.4508 -33.2017 0.5933 0.8689
12.8313 -33.2777 0.6025 0.8670
16.2201 -34.4694 0.6435 0.8586
18.0214 -34.9800 0.6647 0.8543
10.2016 -16.7316 0.3310 0.9246
21.2366 -32.1720 0.6512 0.8571
25.9755 -36.4354 0.7559 0.8361
29.1167 -21.1544 0.6079 0.8659
48.8895 7.9685 0.8367 0.8202
44.5435 8.9122 0.7673 0.8338
40.8587 9.7124 0.7094 0.8453
37.6821 10.3997 0.6603 0.8552
33.6051 10.5865 0.5952 0.8685
29.1706 11.5495 0.5300 0.8820
27.6753 12.1240 0.5104 0.8861
24.4117 12.8553 0.4660 0.8955
21.3128 14.3448 0.4340 0.9023
27.2520 19.7998 0.5690 0.8739
18.1692 14.2246 0.3898 0.9118
16.8772 14.2192 0.3728 0.9155
15.6696 15.2533 0.3694 0.9162
7.2451 7.5778 0.1771 0.9589
11.0407 15.4867 0.3213 0.9267
10.1294 16.6133 0.3287 0.9251
12.3072 21.9184 0.4246 0.9043
5.7383 16.6382 0.2973 0.9320
5.2013 17.0430 0.3010 0.9312
4.5722 17.1666 0.3001 0.9314
4.7108 24.6951 0.4247 0.9043
3.7881 24.6325 0.4210 0.9051
2.0755 17.7059 0.3011 0.9312
1.4456 17.8559 0.3026 0.9308
0.1602 17.8497 0.3015 0.9311
-0.4923 18.2772 0.3088 0.9295
-1.1582 18.4080 0.3116 0.9289
-2.5180 25.4193 0.4315 0.9029
-3.4321 25.3367 0.4319 0.9028
-5.4470 19.0675 0.3350 0.9237
-6.3502 19.5438 0.3471 0.9211
-9.0339 20.1282 0.3727 0.9155
-10.8978 20.2514 0.3885 0.9121
-18.7126 29.4862 0.5899 0.8696
-14.6407 21.3365 0.4371 0.9017
-15.7779 21.3114 0.4479 0.8994
-17.5207 21.9702 0.4747 0.8937
-11.8762 11.9832 0.2850 0.9347
-12.4906 11.7294 0.2894 0.9337
-27.2433 23.8017 0.6111 0.8653
-33.2898 25.1117 0.7044 0.8464
-37.6617 26.3429 0.7763 0.8320
-31.3237 15.7835 0.5925 0.8691
-36.7442 15.3166 0.6724 0.8528
-28.7183 -8.4834 0.5058 0.8871
-37.1075 -24.0191 0.7467 0.8379
-39.3164 -29.6579 0.8319 0.8212
-35.3713 -30.9031 0.7934 0.8287
-9.4241 -12.7293 0.2675 0.9386
-14.6975 -29.8319 0.5618 0.8754
-0.8687 -13.8083 0.2337 0.9462
1.1713 -14.4679 0.2452 0.9436
1.8453 -15.7419 0.2677 0.9386
4.8868 -31.7762 0.5431 0.8793
6.1824 -32.4090 0.5573 0.8763
8.7824 -32.9736 0.5764 0.8724
14.6371 -34.2450 0.6291 0.8616
19.1642 -34.1302 0.6612 0.8551
10.2016 -16.7316 0.3310 0.9246
21.2366 -32.1720 0.6512 0.8571
28.4165 -36.9756 0.7877 0.8298
30.9154 -37.3701 0.8192 0.8236
29.1167 -21.1544 0.6079 0.8659
44.5435 8.9122 0.7673 0.8338
40.8587 9.7124 0.7094 0.8453
37.6822 10.3996 0.6603 0.8552
33.6051 10.5865 0.5952 0.8685
32.7206 11.6146 0.5865 0.8703
27.6753 12.1240 0.5104 0.8861
26.8552 12.9328 0.5035 0.8876
22.6231 12.9714 0.4405 0.9009
21.6462 13.4661 0.4306 0.9030
27.2519 19.7998 0.5690 0.8739
18.1692 14.2246 0.3898 0.9118
7.2451 7.5778 0.1771 0.9589
6.9426 7.8040 0.1764 0.9591
10.4881 15.8889 0.3216 0.9267
12.3072 21.9184 0.4246 0.9043
11.5218 22.3641 0.4250 0.9043
10.9799 23.3335 0.4356 0.9020
7.1058 16.6249 0.3054 0.9302
6.3631 16.5025 0.2988 0.9317
5.7382 16.6382 0.2973 0.9320
4.5722 17.1666 0.3001 0.9314
4.7108 24.6951 0.4247 0.9043
3.7881 24.6325 0.4210 0.9051
2.0755 17.7059 0.3011 0.9312
1.4456 17.8559 0.3026 0.9308
-0.4923 18.2772 0.3088 0.9295
-3.9860 19.0326 0.3285 0.9252
-4.6721 18.8992 0.3289 0.9251
-5.4470 19.0675 0.3350 0.9237
-6.3502 19.5438 0.3471 0.9211
-9.7516 26.7093 0.4803 0.8925
-10.0156 20.3288 0.3828 0.9133
-10.8978 20.2514 0.3885 0.9121
-18.7126 29.4862 0.5899 0.8696
-14.6408 21.3365 0.4371 0.9017
-17.5207 21.9702 0.4747 0.8937
-11.8762 11.9832 0.2850 0.9347
-12.4906 11.7294 0.2894 0.9337
-27.2433 23.8017 0.6111 0.8653
-31.2777 25.4057 0.6807 0.8511
-33.2900 25.1117 0.7044 0.8464
-31.3237 15.7835 0.5925 0.8691
-36.7442 15.3166 0.6724 0.8528
-44.4646 -22.4051 -0.2803 0.8194
-37.7928 -22.5802 -0.2479 0.8385
-37.1085 -24.0197 -0.2489 0.8379
-38.4105 -26.8668 -0.2639 0.8290
-35.3728 -30.9044 -0.2644 0.8287
-9.8809 -12.3903 -0.0892 0.9386
-9.4088 -12.7086 -0.0890 0.9387
-14.6985 -29.8337 -0.1872 0.8754
0.1272 -14.1659 -0.0798 0.9449
1.1672 -14.4163 -0.0814 0.9438
1.8398 -15.6949 -0.0890 0.9387
4.8870 -31.7774 -0.1810 0.8793
7.4608 -32.6877 -0.1888 0.8745
14.6376 -34.2464 -0.2097 0.8616
18.0222 -34.9815 -0.2215 0.8544
19.2139 -34.2187 -0.2209 0.8547
10.1875 -16.7086 -0.1102 0.9247
22.6560 -34.3224 -0.2315 0.8483
28.4159 -36.9749 -0.2625 0.8298
30.9170 -37.3721 -0.2731 0.8236
30.8928 2.7804 -0.1746 0.8833
49.1959 8.0184 -0.2806 0.8192
40.5257 9.6332 -0.2345 0.8465
38.4510 10.6118 -0.2246 0.8525
33.6029 10.5858 -0.1984 0.8686
29.1689 11.5488 -0.1766 0.8821
27.6748 12.1237 -0.1701 0.8862
24.4079 12.8533 -0.1553 0.8955
22.6219 12.9707 -0.1468 0.9009
21.6430 13.4641 -0.1435 0.9031
21.3134 14.3452 -0.1446 0.9023
18.1669 14.2227 -0.1299 0.9118
16.8765 14.2186 -0.1242 0.9155
16.1769 14.6536 -0.1229 0.9164
15.6703 15.2540 -0.1231 0.9162
7.2241 7.5558 -0.0589 0.9590
6.9346 7.7950 -0.0587 0.9591
12.7387 15.3985 -0.1125 0.9232
11.7781 15.3258 -0.1088 0.9256
11.0403 15.4861 -0.1071 0.9267
10.9796 23.3327 -0.1452 0.9020
7.1051 16.6232 -0.1018 0.9302
5.7381 16.6377 -0.0991 0.9320
5.2007 17.0413 -0.1003 0.9312
4.5718 17.1648 -0.1000 0.9314
5.5926 24.5027 -0.1415 0.9044
0.7954 17.7111 -0.0998 0.9315
-0.4923 18.2753 -0.1029 0.9295
-3.4320 25.3358 -0.1440 0.9028
-3.9856 19.0304 -0.1095 0.9252
-4.6719 18.8985 -0.1096 0.9251
-6.3495 19.5416 -0.1157 0.9211
-9.7512 26.7082 -0.1601 0.8925
-10.0159 20.3293 -0.1276 0.9133
-10.8973 20.2505 -0.1295 0.9121
-18.7141 29.4887 -0.1966 0.8696
-14.6385 21.3333 -0.1457 0.9017
-20.0395 23.3568 -0.1733 0.8842
-11.8628 11.9698 -0.0949 0.9348
-12.4840 11.7233 -0.0964 0.9338
-33.2871 25.1096 -0.2347 0.8464
-28.7243 -8.4852 -0.1686 0.8871
-44.4646 -22.4051 -0.2803 0.8194
-40.4534 -22.2395 -0.2599 0.8314
-37.7927 -22.5802 -0.2479 0.8385
-37.1085 -24.0198 -0.2489 0.8379
-38.4105 -26.8668 -0.2639 0.8290
-39.4087 -29.7275 -0.2779 0.8208
-34.1682 -27.7537 -0.2478 0.8385
-35.3728 -30.9044 -0.2644 0.8287
-9.8809 -12.3903 -0.0892 0.9386
1.1672 -14.4163 -0.0814 0.9438
4.8870 -31.7774 -0.1810 0.8793
10.1544 -33.2727 -0.1959 0.8701
14.6377 -34.2464 -0.2097 0.8616
18.0222 -34.9815 -0.2215 0.8544
19.2139 -34.2186 -0.2209 0.8547
22.6560 -34.3224 -0.2315 0.8483
28.4159 -36.9749 -0.2625 0.8298
30.9170 -37.3722 -0.2731 0.8236
29.0933 -21.1374 -0.2025 0.8660
30.8928 2.7804 -0.1746 0.8833
49.1958 8.0184 -0.2806 0.8192
40.5258 9.6333 -0.2345 0.8465
38.4510 10.6118 -0.2246 0.8525
32.7215 11.6149 -0.1955 0.8703
27.6748 12.1237 -0.1701 0.8862
24.4079 12.8533 -0.1553 0.8955
21.6430 13.4641 -0.1435 0.9031
21.3134 14.3452 -0.1446 0.9023
27.2508 19.7989 -0.1896 0.8739
18.1668 14.2227 -0.1299 0.9118
16.8765 14.2186 -0.1243 0.9155
15.6703 15.2540 -0.1231 0.9162
7.2241 7.5558 -0.0589 0.9590
12.7387 15.3985 -0.1125 0.9232
11.7781 15.3258 -0.1088 0.9256
11.0403 15.4861 -0.1071 0.9267
10.4870 15.8871 -0.1072 0.9267
12.3068 21.9176 -0.1415 0.9043
11.5205 22.3617 -0.1416 0.9043
10.9795 23.3327 -0.1452 0.9020
5.2007 17.0413 -0.1003 0.9312
4.5718 17.1648 -0.1000 0.9314
2.0753 17.7041 -0.1004 0.9312
-0.4923 18.2753 -0.1029 0.9295
-3.4320 25.3358 -0.1440 0.9028
-5.4467 19.0668 -0.1116 0.9237
-11.4617 28.2065 -0.1714 0.8853
-9.0349 20.1303 -0.1242 0.9155
-10.0159 20.3293 -0.1276 0.9133
-10.8973 20.2505 -0.1295 0.9121
-12.1765 20.8018 -0.1357 0.9081
-18.7141 29.4887 -0.1966 0.8696
-14.6385 21.3333 -0.1457 0.9017
-17.5179 21.9667 -0.1582 0.8937
-20.0395 23.3568 -0.1733 0.8842
-12.4840 11.7233 -0.0964 0.9338
-31.2797 25.4073 -0.2269 0.8511
-37.6511 26.3356 -0.2587 0.8321
-31.3160 15.7796 -0.1974 0.8691
-28.7242 -8.4852 -0.1686 0.8871
-44.4646 -22.4051 -0.2803 0.8194
-40.4534 -22.2395 -0.2599 0.8314
-37.7927 -22.5802 -0.2479 0.8385
-39.4087 -29.7275 -0.2779 0.8208
-35.3728 -30.9044 -0.2644 0.8287
-9.8809 -12.3903 -0.0892 0.9386
-9.4088 -12.7086 -0.0890 0.9387
-14.6985 -29.8338 -0.1872 0.8754
0.1272 -14.1659 -0.0798 0.9449
0.6245 -13.9043 -0.0784 0.9458
1.1672 -14.4163 -0.0814 0.9438
1.8398 -15.6949 -0.0890 0.9387
7.4608 -32.6877 -0.1888 0.8745
8.7827 -32.9749 -0.1921 0.8724
11.4513 -33.2030 -0.1977 0.8689
13.0739 -33.9068 -0.2046 0.8647
16.2197 -34.4685 -0.2145 0.8587
25.9749 -36.4346 -0.2519 0.8361
28.4159 -36.9749 -0.2625 0.8298
30.9170 -37.3722 -0.2731 0.8236
29.0933 -21.1374 -0.2025 0.8660
30.8928 2.7804 -0.1746 0.8833
49.1958 8.0184 -0.2806 0.8192
40.5258 9.6333 -0.2345 0.8465
38.4509 10.6119 -0.2246 0.8525
32.7215 11.6149 -0.1955 0.8703
27.6748 12.1237 -0.1701 0.8862
26.8561 12.9332 -0.1678 0.8876
22.6219 12.9707 -0.1468 0.9009
21.6430 13.4641 -0.1435 0.9031
21.3134 14.3452 -0.1446 0.9023
27.2508 19.7989 -0.1896 0.8739
16.1769 14.6536 -0.1229 0.9164
15.6704 15.2540 -0.1231 0.9162
12.7387 15.3985 -0.1125 0.9232
11.7781 15.3259 -0.1088 0.9256
10.4870 15.8871 -0.1072 0.9267
10.1299 16.6141 -0.1096 0.9251
10.9795 23.3327 -0.1452 0.9020
7.1051 16.6232 -0.1018 0.9302
5.7381 16.6377 -0.0991 0.9320
3.7880 24.6316 -0.1403 0.9051
2.0753 17.7041 -0.1004 0.9312
-0.4923 18.2753 -0.1029 0.9295
-3.4320 25.3358 -0.1439 0.9028
-3.3589 19.5036 -0.1114 0.9239
-3.9856 19.0304 -0.1095 0.9252
-5.4468 19.0668 -0.1116 0.9237
-11.4617 28.2065 -0.1714 0.8853
-10.0159 20.3293 -0.1276 0.9133
-10.8973 20.2505 -0.1295 0.9121
-12.1765 20.8018 -0.1357 0.9081
-14.6385 21.3333 -0.1457 0.9017
-20.0395 23.3568 -0.1733 0.8842
-11.8628 11.9697 -0.0949 0.9348
-12.4840 11.7233 -0.0964 0.9338
-27.2414 23.8000 -0.2037 0.8653
-31.2797 25.4073 -0.2269 0.8511
-33.2871 25.1096 -0.2347 0.8464
-36.7403 15.3150 -0.2241 0.8528
-28.7243 -8.4852 -0.1686 0.8871
-44.4646 -22.4051 -0.2803 0.8194
-40.4534 -22.2395 -0.2599 0.8314
-37.1085 -24.0198 -0.2489 0.8379
-38.4105 -26.8668 -0.2639 0.8290
-34.1682 -27.7537 -0.2479 0.8385
-35.3727 -30.9044 -0.2645 0.8287
-9.8809 -12.3903 -0.0892 0.9386
-9.4088 -12.7086 -0.0890 0.9387
4.8870 -31.7774 -0.1810 0.8793
6.1826 -32.4101 -0.1858 0.8764
7.4608 -32.6877 -0.1888 0.8745
8.7827 -32.9749 -0.1921 0.8724
10.1544 -33.2727 -0.1959 0.8701
16.2197 -34.4685 -0.2145 0.8587
19.2139 -34.2186 -0.2209 0.8547
28.4159 -36.9748 -0.2625 0.8298
49.1958 8.0184 -0.2806 0.8192
40.5258 9.6333 -0.2345 0.8465
38.4510 10.6118 -0.2246 0.8525
32.7215 11.6149 -0.1955 0.8703
29.1688 11.5488 -0.1766 0.8821
26.8561 12.9332 -0.1678 0.8876
24.4079 12.8533 -0.1553 0.8955
21.6430 13.4641 -0.1435 0.9031
21.3134 14.3452 -0.1446 0.9023
16.8765 14.2186 -0.1242 0.9155
15.6704 15.2540 -0.1231 0.9162
6.9346 7.7950 -0.0587 0.9591
10.4870 15.8872 -0.1072 0.9267
10.9795 23.3327 -0.1452 0.9020
7.1051 16.6232 -0.1018 0.9302
6.3628 16.5020 -0.0996 0.9317
5.2007 17.0413 -0.1003 0.9312
4.5718 17.1648 -0.1000 0.9314
4.7106 24.6942 -0.1415 0.9043
3.7880 24.6316 -0.1403 0.9051
2.0753 17.7041 -0.1004 0.9312
1.4455 17.8541 -0.1009 0.9309
0.7954 17.7111 -0.0998 0.9315
0.1602 17.8491 -0.1005 0.9311
-1.1581 18.4061 -0.1038 0.9289
-2.5178 25.4165 -0.1438 0.9029
-3.4320 25.3358 -0.1439 0.9028
-4.6719 18.8985 -0.1096 0.9251
-5.4468 19.0668 -0.1116 0.9237
-9.0349 20.1302 -0.1242 0.9155
-14.6386 21.3333 -0.1457 0.9017
-17.5179 21.9667 -0.1582 0.8937
-20.0395 23.3568 -0.1733 0.8842
-20.9555 22.7205 -0.1740 0.8837
-11.8628 11.9697 -0.0949 0.9348
-12.4840 11.7233 -0.0964 0.9338
-27.2414 23.8000 -0.2037 0.8653
-31.2797 25.4073 -0.2269 0.8511
-33.2873 25.1097 -0.2347 0.8464
-36.7403 15.3150 -0.2241 0.8528
-30.3657 -6.6446 -0.8753 0.8830
-28.7302 -8.4869 -0.8435 0.8870
-37.7946 -22.5813 -1.2397 0.8385
-37.1096 -24.0204 -1.2447 0.8379
-39.4096 -29.7281 -1.3900 0.8207
-35.3743 -30.9057 -1.3227 0.8286
-9.8732 -12.3807 -0.4459 0.9386
4.8871 -31.7785 -0.9053 0.8793
6.1828 -32.4113 -0.9291 0.8763
8.7831 -32.9761 -0.9609 0.8724
10.1548 -33.2740 -0.9796 0.8700
18.0230 -34.9830 -1.1081 0.8543
19.2134 -34.2178 -1.1050 0.8547
10.1735 -16.6856 -0.5503 0.9248
25.9744 -36.4339 -1.2599 0.8361
28.4153 -36.9742 -1.3130 0.8298
30.9187 -37.3742 -1.3659 0.8236
33.0090 -37.1042 -1.3984 0.8198
29.0698 -21.1204 -1.0118 0.8661
36.6734 -21.0273 -1.1903 0.8444
30.8689 2.7783 -0.8727 0.8834
49.0592 7.9961 -1.3996 0.8196
44.1301 10.4900 -1.2772 0.8340
36.3605 10.0349 -1.0621 0.8599
27.6743 12.1235 -0.8507 0.8861
26.8569 12.9336 -0.8394 0.8876
21.6397 13.4621 -0.7176 0.9030
16.8758 14.2180 -0.6214 0.9155
6.9266 7.7860 -0.2934 0.9592
11.7777 15.3253 -0.5442 0.9256
11.0399 15.4855 -0.5355 0.9267
12.3063 21.9169 -0.7078 0.9043
10.9792 23.3319 -0.7261 0.9020
6.3626 16.5014 -0.4980 0.9317
5.7379 16.6371 -0.4955 0.9320
5.2002 17.0396 -0.5016 0.9312
4.5713 17.1631 -0.5001 0.9314
3.7879 24.6308 -0.7017 0.9051
1.4453 17.8522 -0.5043 0.9308
0.7954 17.7105 -0.4992 0.9315
-0.4922 18.2734 -0.5147 0.9295
-2.5174 25.4138 -0.7191 0.9029
-3.4318 25.3349 -0.7199 0.9028
-3.3594 19.5069 -0.5574 0.9238
-3.9851 19.0283 -0.5474 0.9252
-5.4465 19.0660 -0.5584 0.9237
-6.3487 19.5393 -0.5785 0.9211
-9.7508 26.7071 -0.8006 0.8925
-11.4612 28.2054 -0.8573 0.8853
-9.0358 20.1324 -0.6214 0.9155
-10.0161 20.3298 -0.6381 0.9133
-18.7156 29.4911 -0.9835 0.8696
-20.0408 23.3584 -0.8666 0.8841
-20.9516 22.7164 -0.8702 0.8837
-11.8495 11.9563 -0.4740 0.9349
-37.6406 26.3282 -1.2934 0.8321
-31.3084 15.7758 -0.9872 0.8691
-36.7363 15.3133 -1.1207 0.8528
-40.4542 -22.2400 -1.2999 0.8313
-37.1096 -24.0205 -1.2447 0.8379
-38.2836 -26.7781 -1.3155 0.8295
-39.4097 -29.7282 -1.3900 0.8207
-14.6994 -29.8357 -0.9365 0.8754
0.1272 -14.1662 -0.3989 0.9449
0.6245 -13.9046 -0.3919 0.9458
7.4611 -32.6890 -0.9441 0.8744
8.7831 -32.9761 -0.9609 0.8724
13.0581 -33.8658 -1.0220 0.8648
14.6383 -34.2479 -1.0487 0.8615
18.0230 -34.9830 -1.1081 0.8543
19.2134 -34.2178 -1.1050 0.8547
10.1735 -16.6856 -0.5503 0.9248
22.6571 -34.3240 -1.1581 0.8483
28.4153 -36.9742 -1.3130 0.8298
30.9187 -37.3742 -1.3659 0.8236
44.1301 10.4900 -1.2772 0.8340
33.6007 10.5851 -0.9919 0.8685
32.7224 11.6152 -0.9777 0.8703
27.6743 12.1235 -0.8507 0.8861
24.4041 12.8513 -0.7766 0.8955
21.3140 14.3456 -0.7234 0.9023
27.2495 19.7980 -0.9484 0.8739
16.1749 14.6518 -0.6145 0.9164
15.6711 15.2547 -0.6158 0.9162
7.2039 7.5347 -0.2935 0.9591
6.9266 7.7860 -0.2934 0.9592
12.7373 15.3968 -0.5627 0.9232
10.4858 15.8854 -0.5360 0.9267
11.5193 22.3594 -0.7082 0.9043
10.9792 23.3319 -0.7261 0.9020
7.1044 16.6215 -0.5090 0.9302
6.3626 16.5014 -0.4980 0.9317
5.2002 17.0396 -0.5016 0.9312
4.5713 17.1631 -0.5001 0.9314
3.7879 24.6308 -0.7017 0.9051
2.0750 17.7023 -0.5019 0.9312
0.7954 17.7105 -0.4992 0.9315
0.1602 17.8485 -0.5026 0.9311
-0.4922 18.2734 -0.5147 0.9295
-1.1579 18.4041 -0.5192 0.9289
-3.3594 19.5069 -0.5574 0.9238
-6.3487 19.5393 -0.5785 0.9211
-9.7508 26.7071 -0.8006 0.8925
-9.0358 20.1324 -0.6214 0.9155
-18.7156 29.4911 -0.9835 0.8696
-15.7762 21.3092 -0.7465 0.8993
-17.5151 21.9633 -0.7910 0.8937
-20.9516 22.7164 -0.8702 0.8837
-12.4775 11.7171 -0.4820 0.9338
-27.2395 23.7984 -1.0185 0.8652
-33.2846 25.1077 -1.1740 0.8463
-37.6407 26.3282 -1.2934 0.8321
-36.7363 15.3133 -1.1207 0.8528
-30.3657 -6.6446 -0.8753 0.8830
-28.7302 -8.4870 -0.8435 0.8870
-40.4542 -22.2400 -1.2999 0.8313
-37.7946 -22.5813 -1.2397 0.8385
-39.4097 -29.7282 -1.3900 0.8207
-35.3743 -30.9057 -1.3227 0.8286
-9.8732 -12.3807 -0.4459 0.9386
-14.6994 -29.8357 -0.9365 0.8754
0.1272 -14.1662 -0.3989 0.9449
7.4611 -32.6890 -0.9441 0.8744
8.7831 -32.9761 -0.9609 0.8724
10.1548 -33.2740 -0.9796 0.8700
14.6383 -34.2479 -1.0487 0.8615
10.1735 -16.6856 -0.5503 0.9248
30.9187 -37.3742 -1.3659 0.8236
33.0090 -37.1042 -1.3984 0.8198
29.0698 -21.1204 -1.0118 0.8661
49.0592 7.9961 -1.3996 0.8196
48.0983 9.6235 -1.3812 0.8218
33.6006 10.5851 -0.9919 0.8685
29.1671 11.5481 -0.8833 0.8820
26.8569 12.9336 -0.8394 0.8876
22.6208 12.9701 -0.7342 0.9009
21.6397 13.4621 -0.7176 0.9030
21.3140 14.3456 -0.7234 0.9023
27.2495 19.7980 -0.9484 0.8739
18.1645 14.2209 -0.6496 0.9118
16.8758 14.2180 -0.6214 0.9155
15.6711 15.2547 -0.6158 0.9162
6.9266 7.7860 -0.2934 0.9592
12.7373 15.3968 -0.5627 0.9232
11.7777 15.3253 -0.5442 0.9256
11.0399 15.4855 -0.5355 0.9267
10.1305 16.6150 -0.5480 0.9251
11.5193 22.3594 -0.7082 0.9043
10.9792 23.3319 -0.7261 0.9020
7.1044 16.6215 -0.5090 0.9302
6.3626 16.5014 -0.4980 0.9317
5.7379 16.6371 -0.4955 0.9320
5.2002 17.0396 -0.5016 0.9312
4.5713 17.1631 -0.5001 0.9314
5.5924 24.5019 -0.7077 0.9043
3.7879 24.6308 -0.7017 0.9051
2.0750 17.7023 -0.5019 0.9312
0.1602 17.8485 -0.5026 0.9311
-0.4922 18.2734 -0.5147 0.9295
-2.5175 25.4138 -0.7191 0.9029
-3.4319 25.3349 -0.7199 0.9028
-3.3594 19.5069 -0.5574 0.9238
-3.9851 19.0283 -0.5474 0.9252
-4.6717 18.8978 -0.5481 0.9251
-5.4466 19.0660 -0.5583 0.9237
-9.7508 26.7071 -0.8006 0.8925
-11.4612 28.2054 -0.8573 0.8853
-9.0358 20.1324 -0.6213 0.9155
-10.0161 20.3298 -0.6381 0.9133
-12.1749 20.7990 -0.6786 0.9081
-18.7156 29.4910 -0.9835 0.8696
-15.7763 21.3092 -0.7466 0.8993
-20.0408 23.3583 -0.8666 0.8841
-12.4775 11.7171 -0.4820 0.9338
-31.2817 25.4090 -1.1348 0.8511
-36.7363 15.3133 -1.1207 0.8528
-30.3657 -6.6446 -0.8753 0.8830
-28.7302 -8.4869 -0.8435 0.8870
-34.1695 -27.7548 -1.2396 0.8385
-35.3742 -30.9057 -1.3227 0.8286
-9.8732 -12.3807 -0.4459 0.9386
-14.6994 -29.8357 -0.9365 0.8754
0.6245 -13.9046 -0.3919 0.9458
3.5045 -29.8962 -0.8476 0.8865
4.8872 -31.7785 -0.9053 0.8793
11.4518 -33.2043 -0.9890 0.8689
14.6383 -34.2479 -1.0487 0.8615
16.2193 -34.4676 -1.0726 0.8586
22.6571 -34.3240 -1.1581 0.8483
33.0091 -37.1043 -1.3984 0.8198
29.0699 -21.1204 -1.0118 0.8661
36.6734 -21.0273 -1.1903 0.8444
49.0592 7.9961 -1.3996 0.8196
48.0983 9.6235 -1.3812 0.8218
44.1301 10.4900 -1.2772 0.8340
33.6005 10.5851 -0.9919 0.8685
29.1670 11.5481 -0.8833 0.8820
24.4041 12.8513 -0.7766 0.8955
21.6397 13.4621 -0.7176 0.9030
21.3140 14.3456 -0.7234 0.9023
27.2495 19.7980 -0.9484 0.8739
16.8758 14.2180 -0.6213 0.9155
15.6711 15.2547 -0.6158 0.9162
7.2039 7.5347 -0.2935 0.9591
10.4858 15.8854 -0.5360 0.9267
10.1305 16.6151 -0.5480 0.9251
12.3063 21.9169 -0.7078 0.9043
10.9792 23.3319 -0.7261 0.9020
7.1044 16.6215 -0.5090 0.9302
5.7379 16.6371 -0.4955 0.9320
5.2002 17.0396 -0.5016 0.9312
5.5923 24.5019 -0.7077 0.9043
4.7105 24.6934 -0.7079 0.9043
3.7879 24.6308 -0.7017 0.9051
1.4453 17.8522 -0.5043 0.9308
0.1602 17.8485 -0.5026 0.9311
-1.1579 18.4041 -0.5192 0.9289
-3.4319 25.3349 -0.7199 0.9028
-5.4466 19.0661 -0.5583 0.9237
-9.7509 26.7071 -0.8006 0.8925
-9.0358 20.1324 -0.6213 0.9155
-10.0161 20.3298 -0.6381 0.9133
-10.8968 20.2496 -0.6475 0.9121
-17.5152 21.9633 -0.7910 0.8937
-20.0408 23.3583 -0.8666 0.8841
-20.9517 22.7164 -0.8702 0.8837
-12.4775 11.7171 -0.4820 0.9338
-27.2395 23.7984 -1.0185 0.8652
-31.2817 25.4090 -1.1348 0.8511
-31.3084 15.7758 -0.9872 0.8691
-48.3755 -0.0000 -2.4533 0.8239
-37.5019 -5.4232 -1.9217 0.8592
-23.4715 -6.9335 -1.2412 0.9066
-42.0848 -17.5429 -2.3123 0.8331
-37.1107 -24.0211 -2.2419 0.8377
-36.7980 -27.7581 -2.3376 0.8314
-34.1709 -27.7559 -2.2326 0.8384
-32.6263 -32.9204 -2.3506 0.8306
-9.8656 -12.3710 -0.8025 0.9386
-18.0942 -26.3695 -1.6219 0.8798
-16.2064 -25.5373 -1.5339 0.8859
-14.8454 -25.3613 -1.4903 0.8890
-12.7885 -25.9571 -1.4675 0.8906
-11.9013 -26.5169 -1.4740 0.8901
-2.9586 -47.0262 -2.3896 0.8280
-1.2689 -47.1127 -2.3902 0.8280
0.1272 -14.1664 -0.7185 0.9448
0.6245 -13.9048 -0.7059 0.9458
4.8873 -31.7796 -1.6306 0.8792
6.1830 -32.4125 -1.6734 0.8762
7.4613 -32.6902 -1.7005 0.8743
8.7834 -32.9773 -1.7307 0.8722
10.1552 -33.2753 -1.7644 0.8699
16.1840 -34.3928 -1.9277 0.8588
25.9349 -36.3785 -2.2657 0.8362
28.5128 -37.1011 -2.3730 0.8291
31.0410 -34.8922 -2.3684 0.8294
21.8396 -22.8425 -1.6027 0.8811
26.8834 -24.3519 -1.8396 0.8648
35.5574 -29.9572 -2.3579 0.8301
24.1190 -17.5234 -1.5119 0.8874
24.0141 -16.1629 -1.4680 0.8905
41.2040 -21.6982 -2.3617 0.8298
44.7262 -21.5390 -2.5176 0.8197
46.2614 -18.3162 -2.5233 0.8193
48.1226 -13.2810 -2.5317 0.8188
47.1094 -2.5396 -2.3926 0.8278
47.2160 -0.8477 -2.3949 0.8277
47.2606 0.8485 -2.3972 0.8275
27.5987 1.4878 -1.4017 0.8952
30.8451 2.7761 -1.5706 0.8833
46.3782 9.2793 -2.3986 0.8274
33.5984 10.5843 -1.7864 0.8684
27.6737 12.1232 -1.5322 0.8860
26.8577 12.9340 -1.5118 0.8875
22.6197 12.9694 -1.3223 0.9008
21.6365 13.4601 -1.2923 0.9030
21.3147 14.3461 -1.3030 0.9022
27.2483 19.7971 -1.7081 0.8738
18.1621 14.2190 -1.1698 0.9118
16.1728 14.6499 -1.1067 0.9163
15.6718 15.2554 -1.1092 0.9161
7.1955 7.5259 -0.5281 0.9592
6.9186 7.7770 -0.5279 0.9592
12.7358 15.3950 -1.0133 0.9231
11.0395 15.4850 -0.9644 0.9267
10.4847 15.8836 -0.9652 0.9266
10.1310 16.6159 -0.9869 0.9250
10.9788 23.3311 -1.3077 0.9019
4.5709 17.1613 -0.9007 0.9313
3.7878 24.6300 -1.2638 0.9050
2.0748 17.7004 -0.9038 0.9311
1.4452 17.8504 -0.9082 0.9308
-0.4921 18.2715 -0.9270 0.9294
-1.1578 18.4022 -0.9351 0.9288
-2.5172 25.4110 -1.2950 0.9028
-3.3600 19.5102 -1.0040 0.9238
-3.9847 19.0261 -0.9858 0.9251
-4.6716 18.8971 -0.9872 0.9250
-6.3480 19.5370 -1.0418 0.9210
-9.7504 26.7061 -1.4418 0.8924
-11.4608 28.2042 -1.5439 0.8852
-10.0164 20.3304 -1.1494 0.9132
-18.6704 29.4198 -1.7671 0.8697
-14.6340 21.3267 -1.3117 0.9016
-20.0421 23.3599 -1.5609 0.8840
-20.9477 22.7122 -1.5669 0.8836
-11.8361 11.9428 -0.8527 0.9349
-31.2320 25.3686 -2.0406 0.8512
-33.2818 25.1056 -2.1142 0.8462
-38.7923 25.1096 -2.3435 0.8310
-19.7514 11.8009 -1.1668 0.9120
-30.4037 16.7146 -1.7595 0.8703
-30.6001 15.4190 -1.7377 0.8718
-32.6856 15.0239 -1.8244 0.8658
-47.1811 12.1141 -2.4704 0.8228
-47.8289 8.6796 -2.4652 0.8231
-48.0610 6.9501 -2.4627 0.8233
-48.2317 5.2152 -2.4603 0.8234
-48.3410 3.4772 -2.4579 0.8236
-48.3755 -0.0001 -2.4533 0.8239
-45.2350 -3.2539 -2.3000 0.8339
-37.5019 -5.4233 -1.9217 0.8592
-24.7331 -5.4121 -1.2840 0.9036
-23.3336 -5.9911 -1.2217 0.9080
-23.4715 -6.9335 -1.2412 0.9066
-42.6176 -15.9947 -2.3085 0.8333
-42.0848 -17.5429 -2.3123 0.8331
-28.8286 -13.2510 -1.6091 0.8807
-40.8494 -20.5834 -2.3198 0.8326
-40.1473 -22.0712 -2.3234 0.8324
-37.1107 -24.0212 -2.2419 0.8377
-34.1709 -27.7559 -2.2326 0.8384
-34.8100 -30.4126 -2.3442 0.8310
-32.6263 -32.9205 -2.3506 0.8306
-31.4641 -34.1144 -2.3536 0.8304
-30.2577 -35.2668 -2.3566 0.8302
-9.3782 -12.6673 -0.7993 0.9388
-18.0942 -26.3695 -1.6219 0.8798
-16.2064 -25.5373 -1.5339 0.8859
-12.7885 -25.9571 -1.4675 0.8906
-10.4232 -28.5490 -1.5413 0.8854
-8.5216 -26.2269 -1.3985 0.8954
-7.9886 -46.3873 -2.3871 0.8282
-6.3209 -46.6634 -2.3881 0.8281
-1.2689 -47.1127 -2.3902 0.8280
0.1272 -14.1664 -0.7185 0.9448
0.6245 -13.9048 -0.7059 0.9458
3.1137 -38.4590 -1.9568 0.8568
6.1830 -32.4125 -1.6734 0.8762
8.7834 -32.9773 -1.7307 0.8722
10.1552 -33.2753 -1.7644 0.8699
13.0749 -33.9095 -1.8431 0.8645
16.1840 -34.3928 -1.9277 0.8588
17.9942 -34.9272 -1.9926 0.8544
10.1596 -16.6627 -0.9897 0.9248
25.9349 -36.3785 -2.2657 0.8362
29.7981 -36.0197 -2.3708 0.8293
21.8397 -22.8424 -1.6027 0.8811
33.3933 -32.5059 -2.3634 0.8297
28.0738 -21.9787 -1.8082 0.8669
24.1190 -17.5234 -1.5119 0.8874
40.3520 -23.1365 -2.3589 0.8300
44.7262 -21.5390 -2.5176 0.8197
46.2615 -18.3162 -2.5233 0.8193
46.9419 -16.6625 -2.5261 0.8191
47.5627 -14.9834 -2.5290 0.8190
48.1227 -13.2810 -2.5317 0.8188
47.1094 -2.5395 -2.3926 0.8278
27.5986 1.4878 -1.4017 0.8952
30.8451 2.7761 -1.5706 0.8833
47.0212 5.9402 -2.4036 0.8271
46.8167 7.6306 -2.4056 0.8270
46.0508 10.9466 -2.4005 0.8273
33.5984 10.5843 -1.7864 0.8684
32.6565 11.5918 -1.7574 0.8704
29.1653 11.5474 -1.5908 0.8819
22.6197 12.9694 -1.3223 0.9008
18.1621 14.2190 -1.1698 0.9118
16.1728 14.6499 -1.1067 0.9163
6.9186 7.7770 -0.5279 0.9592
12.7358 15.3950 -1.0133 0.9231
11.7773 15.3247 -0.9802 0.9255
12.3059 21.9161 -1.2747 0.9042
11.5181 22.3570 -1.2754 0.9042
5.7377 16.6365 -0.8925 0.9319
4.5708 17.1613 -0.9007 0.9313
0.7953 17.7099 -0.8990 0.9315
-0.4922 18.2715 -0.9270 0.9294
-3.9847 19.0261 -0.9858 0.9251
-5.4463 19.0653 -1.0056 0.9237
-6.3480 19.5370 -1.0418 0.9210
-11.4608 28.2042 -1.5439 0.8852
-9.0368 20.1345 -1.1192 0.9154
-10.0164 20.3303 -1.1494 0.9132
-10.8963 20.2487 -1.1661 0.9120
-18.6704 29.4198 -1.7671 0.8697
-14.6340 21.3267 -1.3117 0.9016
-15.7754 21.3081 -1.3446 0.8993
-20.0421 23.3599 -1.5609 0.8840
-11.8361 11.9428 -0.8527 0.9349
-27.2376 23.7967 -1.8343 0.8651
-33.2819 25.1056 -2.1142 0.8462
-37.5049 26.2333 -2.3211 0.8325
-19.7514 11.8009 -1.1668 0.9120
-30.6001 15.4189 -1.7377 0.8718
-32.6858 15.0239 -1.8244 0.8658
-46.2897 15.5011 -2.4757 0.8224
-46.7656 13.8145 -2.4730 0.8226
-47.1810 12.1140 -2.4704 0.8228
-47.5356 10.4017 -2.4678 0.8229
-48.0610 6.9501 -2.4627 0.8233
-48.2317 5.2152 -2.4603 0.8234
-48.3410 3.4772 -2.4579 0.8236
-48.3888 1.7380 -2.4556 0.8237
-48.3755 -0.0001 -2.4533 0.8239
-37.5019 -5.4233 -1.9217 0.8592
-24.7331 -5.4121 -1.2840 0.9036
-23.4715 -6.9335 -1.2412 0.9066
-34.2738 -11.4774 -1.8330 0.8652
-42.0848 -17.5429 -2.3123 0.8331
-28.8286 -13.2510 -1.6091 0.8807
-40.1473 -22.0712 -2.3234 0.8324
-37.1107 -24.0212 -2.2419 0.8377
-37.7147 -26.3802 -2.3341 0.8317
-36.7980 -27.7582 -2.3376 0.8314
-34.8100 -30.4126 -2.3442 0.8310
-33.7423 -31.6862 -2.3475 0.8308
-30.2577 -35.2668 -2.3566 0.8302
-18.0942 -26.3695 -1.6219 0.8798
-16.2064 -25.5373 -1.5339 0.8859
-14.8454 -25.3614 -1.4903 0.8890
-12.7885 -25.9571 -1.4675 0.8906
-11.1198 -27.3653 -1.4980 0.8884
-8.5216 -26.2269 -1.3985 0.8954
-11.2850 -45.6495 -2.3848 0.8283
-7.9886 -46.3873 -2.3871 0.8282
-6.3209 -46.6633 -2.3881 0.8281
-2.9586 -47.0262 -2.3896 0.8280
-1.2689 -47.1128 -2.3902 0.8280
3.1137 -38.4590 -1.9568 0.8568
3.4688 -29.5921 -1.5110 0.8875
4.8873 -31.7796 -1.6306 0.8792
6.1831 -32.4125 -1.6734 0.8762
7.4613 -32.6902 -1.7005 0.8743
8.7834 -32.9773 -1.7307 0.8722
10.1552 -33.2753 -1.7644 0.8699
13.0749 -33.9095 -1.8431 0.8645
16.1841 -34.3928 -1.9277 0.8588
19.2130 -34.2170 -1.9901 0.8546
10.1596 -16.6627 -0.9897 0.9248
22.6582 -34.3257 -2.0859 0.8481
29.7981 -36.0197 -2.3708 0.8293
21.8397 -22.8424 -1.6027 0.8811
26.8834 -24.3519 -1.8396 0.8648
35.5574 -29.9572 -2.3579 0.8301
24.0141 -16.1628 -1.4680 0.8905
40.3520 -23.1365 -2.3589 0.8300
41.2041 -21.6981 -2.3617 0.8298
45.5224 -19.9423 -2.5204 0.8195
46.2615 -18.3162 -2.5233 0.8193
48.1227 -13.2810 -2.5317 0.8188
27.5986 1.4878 -1.4017 0.8952
47.0211 5.9402 -2.4036 0.8271
46.8167 7.6306 -2.4056 0.8270
46.3782 9.2793 -2.3986 0.8274
36.3578 10.0342 -1.9128 0.8598
22.6197 12.9694 -1.3223 0.9008
16.8751 14.2174 -1.1190 0.9154
16.1728 14.6499 -1.1067 0.9163
7.1955 7.5260 -0.5281 0.9592
6.9186 7.7770 -0.5279 0.9592
11.0395 15.4850 -0.9645 0.9267
10.4847 15.8837 -0.9652 0.9266
7.1036 16.6198 -0.9166 0.9302
5.7377 16.6365 -0.8925 0.9319
5.1997 17.0378 -0.9034 0.9311
4.5708 17.1613 -0.9007 0.9313
2.0748 17.7004 -0.9038 0.9311
1.4451 17.8504 -0.9082 0.9308
0.1602 17.8478 -0.9052 0.9310
-0.4922 18.2715 -0.9270 0.9294
-1.1578 18.4022 -0.9351 0.9288
-3.9847 19.0261 -0.9858 0.9251
-4.6716 18.8971 -0.9872 0.9250
-5.4463 19.0653 -1.0056 0.9237
-9.7504 26.7061 -1.4418 0.8924
-11.4608 28.2042 -1.5439 0.8852
-10.0164 20.3303 -1.1494 0.9132
-10.8963 20.2487 -1.1661 0.9120
-18.6704 29.4197 -1.7671 0.8697
-14.6340 21.3267 -1.3117 0.9016
-15.7755 21.3081 -1.3446 0.8993
-17.5125 21.9598 -1.4244 0.8936
-20.9478 22.7122 -1.5670 0.8836
-12.4709 11.7109 -0.8676 0.9338
-31.2320 25.3686 -2.0406 0.8512
-33.2818 25.1056 -2.1142 0.8462
-37.5051 26.2333 -2.3211 0.8325
-38.7923 25.1095 -2.3435 0.8310
-45.7535 17.1716 -2.4784 0.8222
-46.2897 15.5011 -2.4757 0.8224
-46.7656 13.8145 -2.4730 0.8226
-47.1810 12.1139 -2.4704 0.8228
-47.8289 8.6796 -2.4652 0.8231
-48.3888 1.7380 -2.4556 0.8237
-48.3010 -1.7351 -2.4511 0.8240
-45.0511 -4.8715 -2.2981 0.8340
-37.5019 -5.4233 -1.9217 0.8592
-44.5145 -8.0782 -2.2944 0.8343
-23.4715 -6.9335 -1.2412 0.9066
-34.2738 -11.4775 -1.8330 0.8652
-42.0848 -17.5429 -2.3123 0.8331
-28.8285 -13.2510 -1.6091 0.8807
-34.1708 -27.7559 -2.2326 0.8384
-34.8099 -30.4127 -2.3442 0.8310
-33.7423 -31.6862 -2.3475 0.8308
-31.4641 -34.1145 -2.3536 0.8304
-30.2577 -35.2668 -2.3566 0.8302
-18.0941 -26.3695 -1.6219 0.8798
-16.2064 -25.5373 -1.5339 0.8859
-13.7728 -25.5943 -1.4740 0.8901
-12.7885 -25.9571 -1.4675 0.8906
-11.1198 -27.3653 -1.4980 0.8884
-9.7967 -34.2946 -1.8088 0.8669
-9.6441 -46.0494 -2.3860 0.8283
-2.9586 -47.0262 -2.3896 0.8280
0.6245 -13.9048 -0.7059 0.9458
3.1137 -38.4589 -1.9568 0.8568
6.1831 -32.4125 -1.6734 0.8762
10.1552 -33.2753 -1.7644 0.8699
11.4522 -33.2056 -1.7813 0.8688
13.0750 -33.9095 -1.8431 0.8645
10.1596 -16.6627 -0.9897 0.9248
22.6582 -34.3257 -2.0859 0.8481
28.5129 -37.1011 -2.3730 0.8291
31.0411 -34.8922 -2.3684 0.8294
26.8834 -24.3519 -1.8396 0.8648
28.0738 -21.9787 -1.8082 0.8669
24.1190 -17.5233 -1.5119 0.8874
25.5694 -15.9066 -1.5272 0.8864
40.3520 -23.1365 -2.3589 0.8300
44.7262 -21.5390 -2.5176 0.8197
45.5224 -19.9423 -2.5204 0.8195
46.2615 -18.3162 -2.5233 0.8193
47.5627 -14.9833 -2.5290 0.8190
47.1094 -2.5395 -2.3926 0.8278
47.2160 -0.8476 -2.3949 0.8277
47.0211 5.9402 -2.4036 0.8271
46.8167 7.6306 -2.4056 0.8270
46.3782 9.2793 -2.3986 0.8274
46.0508 10.9466 -2.4005 0.8273
33.5982 10.5844 -1.7864 0.8684
32.6565 11.5919 -1.7574 0.8704
26.8577 12.9340 -1.5118 0.8875
22.6197 12.9694 -1.3223 0.9008
21.3147 14.3461 -1.3030 0.9022
27.2483 19.7971 -1.7081 0.8738
16.8750 14.2174 -1.1190 0.9154
16.1728 14.6499 -1.1067 0.9163
7.1955 7.5260 -0.5281 0.9592
6.9186 7.7770 -0.5279 0.9592
11.7772 15.3247 -0.9802 0.9255
11.0394 15.4850 -0.9644 0.9267
10.4847 15.8837 -0.9652 0.9266
10.9788 23.3311 -1.3077 0.9019
4.5708 17.1613 -0.9007 0.9313
3.7877 24.6300 -1.2638 0.9050
2.0748 17.7004 -0.9038 0.9311
1.4451 17.8504 -0.9082 0.9308
0.1602 17.8478 -0.9052 0.9310
-0.4922 18.2715 -0.9270 0.9294
-2.5172 25.4110 -1.2950 0.9028
-4.6716 18.8971 -0.9872 0.9250
-10.0164 20.3303 -1.1494 0.9132
-12.1732 20.7962 -1.2221 0.9080
-18.6704 29.4198 -1.7671 0.8697
-15.7755 21.3081 -1.3446 0.8993
-20.0421 23.3599 -1.5609 0.8840
-12.4709 11.7109 -0.8676 0.9338
-27.2376 23.7967 -1.8343 0.8651
-37.5051 26.2333 -2.3211 0.8325
-30.6001 15.4189 -1.7377 0.8718
-46.7656 13.8145 -2.4730 0.8226
-47.1810 12.1139 -2.4704 0.8228
-47.8289 8.6796 -2.4652 0.8231
-33.6587 -0.0000 -2.4679 0.8737
-33.6162 -1.2075 -2.4664 0.8738
-33.4031 -3.6119 -2.4635 0.8739
-33.2331 -4.8059 -2.4621 0.8740
-26.6238 -4.8315 -1.9840 0.8972
-24.2993 -5.3172 -1.8238 0.9051
-22.8274 -5.8611 -1.7280 0.9098
-27.9793 -9.3695 -2.1635 0.8884
-28.5642 -13.1294 -2.3050 0.8815
-19.2006 -9.6749 -1.5765 0.9174
-24.8827 -17.4046 -2.2265 0.8853
-24.5812 -19.9664 -2.3220 0.8807
-22.3556 -22.5572 -2.3286 0.8804
-21.5508 -23.3660 -2.3307 0.8803
-9.3629 -12.6467 -1.1538 0.9388
-18.0440 -26.2963 -2.3384 0.8799
-16.2070 -25.5381 -2.2178 0.8858
-13.7321 -23.4594 -1.9931 0.8967
-12.9668 -24.0963 -2.0064 0.8961
-12.7890 -25.9580 -2.1218 0.8904
-11.9017 -26.5179 -2.1312 0.8900
-10.4237 -28.5504 -2.2285 0.8852
-3.4390 -10.5843 -0.8160 0.9563
-2.6858 -10.8644 -0.8206 0.9561
-2.2496 -10.7414 -0.8047 0.9569
-5.4476 -31.6321 -2.3535 0.8792
-4.3098 -31.8162 -2.3541 0.8792
-2.0169 -32.0574 -2.3552 0.8791
-0.8650 -32.1140 -2.3555 0.8791
0.6254 -13.9250 -1.0220 0.9456
3.5240 -30.0624 -2.2193 0.8857
4.8838 -31.7569 -2.3559 0.8791
10.4663 -30.3470 -2.3537 0.8792
11.5454 -29.9427 -2.3530 0.8792
15.6866 -27.9368 -2.3492 0.8794
10.1456 -16.6397 -1.4290 0.9248
15.4585 -21.6835 -1.9525 0.8987
19.4802 -25.3478 -2.3440 0.8797
21.2205 -23.8532 -2.3409 0.8798
22.0627 -23.0757 -2.3409 0.8798
23.6991 -21.4675 -2.3446 0.8796
22.6568 -16.4611 -2.0534 0.8938
23.0479 -15.5126 -2.0370 0.8946
25.5023 -15.8650 -2.2022 0.8865
30.2960 -15.9539 -2.5105 0.8717
30.8736 -14.8679 -2.5125 0.8716
31.4122 -13.7610 -2.5145 0.8715
32.7856 -10.3283 -2.5204 0.8712
33.4926 -7.9614 -2.5242 0.8710
34.0272 -5.5460 -2.5279 0.8709
34.2286 -4.3241 -2.5297 0.8708
34.4780 -0.6190 -2.5284 0.8708
32.4836 0.5832 -2.3822 0.8778
27.5145 1.4833 -2.0204 0.8954
32.1432 5.2390 -2.3879 0.8776
31.9520 6.3929 -2.3892 0.8775
31.1270 9.8058 -2.3929 0.8773
30.7692 10.9219 -2.3940 0.8773
27.6279 12.1032 -2.2116 0.8861
24.3218 12.8079 -2.0155 0.8956
22.6185 12.9688 -1.9117 0.9007
26.4877 19.2445 -2.4006 0.8769
18.1012 14.1713 -1.6856 0.9119
16.8744 14.2168 -1.6178 0.9153
6.9106 7.7679 -0.7623 0.9592
12.7344 15.3932 -1.4648 0.9230
11.0391 15.4844 -1.3943 0.9266
10.4835 15.8819 -1.3953 0.9265
10.1316 16.6168 -1.4270 0.9249
12.3055 21.9153 -1.8429 0.9041
7.1029 16.6180 -1.3251 0.9301
6.3622 16.5003 -1.2967 0.9315
5.7375 16.6360 -1.2903 0.9319
5.1992 17.0361 -1.3060 0.9311
5.5920 24.5002 -1.8426 0.9041
4.7102 24.6917 -1.8431 0.9041
3.7876 24.6291 -1.8271 0.9049
2.0746 17.6986 -1.3066 0.9310
-3.4316 25.3331 -1.8744 0.9025
-4.6714 18.8964 -1.4272 0.9249
-6.3472 19.5347 -1.5060 0.9209
-11.4603 28.2031 -2.2321 0.8851
-9.0377 20.1366 -1.6183 0.9153
-9.9893 20.2755 -1.6573 0.9133
-14.3019 22.5362 -1.9571 0.8985
-17.4546 21.8873 -2.0527 0.8938
-20.8737 22.6319 -2.2575 0.8838
-12.4643 11.7048 -1.2537 0.9337
-24.1647 21.1121 -2.3528 0.8792
-19.6485 11.7394 -1.6783 0.9123
-28.4959 14.3587 -2.3396 0.8799
-31.2977 13.0463 -2.4862 0.8728
-31.7358 11.9106 -2.4854 0.8729
-32.1185 10.7556 -2.4835 0.8730
-33.0152 7.2243 -2.4780 0.8732
-33.2294 6.0302 -2.4762 0.8733
-33.4010 4.8301 -2.4745 0.8734
-33.5298 3.6255 -2.4728 0.8735
-33.6156 2.4180 -2.4711 0.8736
-33.6586 1.2090 -2.4695 0.8736
-33.6587 -0.0001 -2.4679 0.8737
-33.6161 -1.2075 -2.4664 0.8738
-33.4031 -3.6119 -2.4635 0.8739
-33.2331 -4.8059 -2.4621 0.8740
-29.4381 -11.0483 -2.3055 0.8815
-19.2006 -9.6749 -1.5765 0.9174
-21.6728 -14.0285 -1.8929 0.9016
-25.2573 -19.0525 -2.3197 0.8808
-23.8717 -20.8561 -2.3243 0.8806
-15.7517 -14.7919 -1.5844 0.9170
-21.5508 -23.3660 -2.3307 0.8803
-20.7160 -24.1454 -2.3327 0.8802
-9.3629 -12.6467 -1.1538 0.9388
-18.0440 -26.2963 -2.3384 0.8799
-16.2070 -25.5382 -2.2178 0.8858
-12.7890 -25.9580 -2.1218 0.8904
-3.4390 -10.5843 -0.8160 0.9563
-2.6858 -10.8644 -0.8206 0.9561
-3.1657 -31.9580 -2.3547 0.8791
-2.0168 -32.0574 -2.3552 0.8791
-0.8649 -32.1140 -2.3555 0.8791
0.1274 -14.1870 -1.0403 0.9447
4.8838 -31.7569 -2.3559 0.8791
6.0200 -31.5580 -2.3556 0.8791
8.2660 -31.0348 -2.3549 0.8791
9.3727 -30.7113 -2.3543 0.8792
11.5454 -29.9427 -2.3530 0.8792
12.6084 -29.4987 -2.3522 0.8793
9.4869 -20.1607 -1.6337 0.9145
15.6866 -27.9368 -2.3492 0.8794
17.6323 -26.7117 -2.3468 0.8795
15.4585 -21.6835 -1.9525 0.8987
22.0627 -23.0757 -2.3409 0.8798
22.8949 -22.2865 -2.3427 0.8797
23.0479 -15.5126 -2.0370 0.8946
30.2960 -15.9539 -2.5105 0.8717
32.3690 -11.4897 -2.5184 0.8713
33.1604 -9.1517 -2.5223 0.8711
34.3858 -3.0948 -2.5314 0.8707
34.4982 -1.8597 -2.5332 0.8706
27.5145 1.4833 -2.0204 0.8954
30.0721 2.7066 -2.2139 0.8859
30.1901 3.8139 -2.2312 0.8851
32.1431 5.2390 -2.3879 0.8776
31.9521 6.3930 -2.3892 0.8775
31.7188 7.5398 -2.3905 0.8774
31.4437 8.6779 -2.3917 0.8774
31.1270 9.8058 -2.3929 0.8773
30.7692 10.9219 -2.3940 0.8773
29.1636 11.5467 -2.2998 0.8818
27.6279 12.1032 -2.2116 0.8861
22.6185 12.9688 -1.9117 0.9007
21.2487 14.3017 -1.8780 0.9024
26.4877 19.2445 -2.4006 0.8769
16.8744 14.2168 -1.6179 0.9153
16.1707 14.6481 -1.5998 0.9162
7.1872 7.5172 -0.7626 0.9591
6.9106 7.7679 -0.7623 0.9592
12.7344 15.3932 -1.4648 0.9230
11.7768 15.3241 -1.4171 0.9254
10.1316 16.6168 -1.4270 0.9249
12.3055 21.9153 -1.8429 0.9041
11.4903 22.3030 -1.8396 0.9043
7.1029 16.6180 -1.3251 0.9301
6.3622 16.5003 -1.2967 0.9315
5.7375 16.6360 -1.2903 0.9319
5.1992 17.0361 -1.3060 0.9311
3.7876 24.6291 -1.8271 0.9049
1.4450 17.8485 -1.3130 0.9307
0.7953 17.7093 -1.2998 0.9314
0.1602 17.8472 -1.3087 0.9309
-1.1577 18.4003 -1.3518 0.9287
-2.5110 25.3484 -1.8677 0.9029
-3.3605 19.5134 -1.4519 0.9237
-3.9842 19.0240 -1.4251 0.9250
-5.4461 19.0646 -1.4538 0.9236
-11.4603 28.2031 -2.2321 0.8851
-9.0377 20.1366 -1.6183 0.9153
-9.9894 20.2755 -1.6573 0.9133
-12.1337 20.7287 -1.7611 0.9082
-14.3019 22.5362 -1.9571 0.8985
-15.7746 21.3070 -1.9438 0.8991
-20.8737 22.6319 -2.2575 0.8838
-12.4643 11.7048 -1.2537 0.9337
-24.1647 21.1120 -2.3528 0.8792
-25.5760 19.2928 -2.3490 0.8794
-26.8512 17.3802 -2.3452 0.8796
-19.6485 11.7394 -1.6783 0.9123
-27.9842 15.3844 -2.3415 0.8798
-28.4959 14.3586 -2.3396 0.8799
-32.4594 9.5885 -2.4817 0.8731
-32.7585 8.4109 -2.4798 0.8732
-33.4010 4.8301 -2.4745 0.8734
-33.5298 3.6255 -2.4728 0.8735
-33.6156 2.4180 -2.4711 0.8736
-33.6586 1.2090 -2.4695 0.8736
-33.6161 -1.2075 -2.4664 0.8738
-33.5309 -2.4120 -2.4649 0.8739
-33.4031 -3.6119 -2.4635 0.8739
-26.6238 -4.8315 -1.9840 0.8972
-24.2993 -5.3172 -1.8238 0.9051
-27.9793 -9.3696 -2.1635 0.8884
-29.0106 -12.0930 -2.3045 0.8816
-19.2006 -9.6749 -1.5765 0.9174
-27.6088 -15.1781 -2.3101 0.8813
-24.5811 -19.9664 -2.3220 0.8807
-23.8717 -20.8561 -2.3243 0.8806
-15.7517 -14.7919 -1.5844 0.9170
-21.5508 -23.3660 -2.3307 0.8803
-9.3629 -12.6467 -1.1538 0.9388
-18.0439 -26.2963 -2.3384 0.8799
-12.9668 -24.0965 -2.0064 0.8961
-12.7890 -25.9580 -2.1218 0.8904
-11.9017 -26.5179 -2.1312 0.8900
-5.4475 -31.6322 -2.3535 0.8792
-3.1657 -31.9580 -2.3547 0.8791
0.1274 -14.1870 -1.0403 0.9447
0.6254 -13.9250 -1.0220 0.9456
1.3159 -16.2540 -1.1957 0.9367
4.4322 -19.4189 -1.4605 0.9232
8.2660 -31.0348 -2.3549 0.8791
10.4663 -30.3470 -2.3537 0.8792
11.5454 -29.9427 -2.3530 0.8792
9.4870 -20.1607 -1.6337 0.9145
14.6805 -28.4951 -2.3503 0.8794
15.6866 -27.9368 -2.3492 0.8794
10.1456 -16.6397 -1.4290 0.9248
19.4802 -25.3478 -2.3440 0.8797
20.3645 -24.6163 -2.3425 0.8797
21.2205 -23.8532 -2.3409 0.8798
22.8949 -22.2865 -2.3427 0.8797
23.6991 -21.4675 -2.3446 0.8796
24.4740 -20.6194 -2.3465 0.8795
25.2187 -19.7434 -2.3484 0.8795
22.6568 -16.4611 -2.0534 0.8938
23.0479 -15.5126 -2.0370 0.8946
29.6801 -17.0176 -2.5085 0.8718
30.2960 -15.9539 -2.5105 0.8717
32.7857 -10.3283 -2.5204 0.8712
33.1604 -9.1517 -2.5223 0.8711
34.2286 -4.3241 -2.5297 0.8708
34.4780 -0.6190 -2.5284 0.8708
32.4836 0.5833 -2.3822 0.8778
30.0721 2.7066 -2.2139 0.8859
32.1431 5.2390 -2.3879 0.8776
31.9521 6.3930 -2.3892 0.8775
31.7188 7.5398 -2.3905 0.8774
31.1270 9.8058 -2.3929 0.8773
29.1636 11.5467 -2.2998 0.8818
26.7888 12.9009 -2.1801 0.8876
24.3217 12.8079 -2.0155 0.8956
22.6185 12.9688 -1.9117 0.9007
21.5623 13.4139 -1.8620 0.9032
26.4877 19.2445 -2.4006 0.8769
18.1012 14.1713 -1.6856 0.9119
15.6727 15.2562 -1.6037 0.9160
7.1872 7.5172 -0.7626 0.9591
12.7344 15.3932 -1.4648 0.9230
11.7768 15.3242 -1.4171 0.9254
11.0391 15.4844 -1.3943 0.9266
12.3055 21.9153 -1.8429 0.9041
7.1029 16.6180 -1.3251 0.9301
6.3622 16.5003 -1.2967 0.9315
4.5704 17.1596 -1.3020 0.9313
4.7102 24.6917 -1.8431 0.9041
3.7876 24.6291 -1.8271 0.9049
1.4450 17.8485 -1.3130 0.9307
-0.4921 18.2696 -1.3401 0.9293
-1.1577 18.4003 -1.3518 0.9287
-5.4461 19.0646 -1.4538 0.9236
-6.3473 19.5347 -1.5060 0.9209
-9.0377 20.1366 -1.6183 0.9153
-15.7747 21.3070 -1.9438 0.8991
-17.4546 21.8873 -2.0527 0.8938
-19.9975 23.3079 -2.2518 0.8841
-11.8228 11.9294 -1.2315 0.9349
-25.5760 19.2929 -2.3490 0.8794
-26.2309 18.3475 -2.3471 0.8795
-19.6485 11.7394 -1.6782 0.9123
-28.4959 14.3586 -2.3396 0.8799
-28.9703 13.3161 -2.3378 0.8800
-31.7358 11.9106 -2.4854 0.8729
-32.4595 9.5884 -2.4817 0.8731
-33.4010 4.8301 -2.4745 0.8734
-33.5298 3.6255 -2.4728 0.8735
-33.6586 1.2090 -2.4695 0.8736
-33.4031 -3.6120 -2.4635 0.8739
-33.2331 -4.8059 -2.4621 0.8740
-24.2993 -5.3172 -1.8238 0.9051
-27.9793 -9.3696 -2.1635 0.8884
-29.4380 -11.0484 -2.3055 0.8815
-19.2006 -9.6749 -1.5765 0.9174
-27.6088 -15.1781 -2.3101 0.8813
-27.0750 -16.1766 -2.3125 0.8812
-21.6728 -14.0285 -1.8929 0.9016
-24.8827 -17.4046 -2.2265 0.8853
-24.5811 -19.9665 -2.3220 0.8807
-20.7160 -24.1454 -2.3327 0.8802
-9.8579 -12.3614 -1.1593 0.9386
-9.3629 -12.6467 -1.1538 0.9388
-13.7320 -23.4594 -1.9931 0.8967
-12.9668 -24.0965 -2.0064 0.8961
-11.9017 -26.5179 -2.1312 0.8900
-11.1203 -27.3664 -2.1659 0.8883
-10.4237 -28.5504 -2.2285 0.8852
-2.6858 -10.8644 -0.8206 0.9561
-2.2496 -10.7414 -0.8047 0.9569
-5.4475 -31.6322 -2.3535 0.8792
-4.3098 -31.8162 -2.3541 0.8792
-0.8649 -32.1140 -2.3555 0.8791
0.6254 -13.9250 -1.0220 0.9456
1.3160 -16.2539 -1.1957 0.9367
4.4322 -19.4189 -1.4605 0.9232
8.2660 -31.0348 -2.3549 0.8791
9.3727 -30.7113 -2.3543 0.8792
10.4663 -30.3470 -2.3537 0.8792
11.5454 -29.9427 -2.3530 0.8792
12.6085 -29.4988 -2.3522 0.8793
9.4870 -20.1607 -1.6337 0.9145
14.6805 -28.4951 -2.3503 0.8794
10.1456 -16.6397 -1.4290 0.9248
17.6323 -26.7117 -2.3468 0.8795
20.3645 -24.6163 -2.3425 0.8797
21.2205 -23.8532 -2.3409 0.8798
22.0627 -23.0757 -2.3409 0.8798
22.8949 -22.2865 -2.3427 0.8797
24.4740 -20.6194 -2.3465 0.8795
25.2186 -19.7434 -2.3484 0.8795
23.0480 -15.5125 -2.0370 0.8946
30.2960 -15.9539 -2.5105 0.8717
30.8736 -14.8679 -2.5125 0.8716
31.9109 -12.6344 -2.5165 0.8714
32.3690 -11.4897 -2.5184 0.8713
33.1605 -9.1516 -2.5223 0.8711
33.4926 -7.9614 -2.5242 0.8710
33.7817 -6.7590 -2.5260 0.8709
34.0272 -5.5460 -2.5279 0.8709
34.2286 -4.3241 -2.5297 0.8708
34.4982 -1.8597 -2.5332 0.8706
32.4836 0.5833 -2.3822 0.8778
27.5145 1.4833 -2.0204 0.8954
30.0721 2.7066 -2.2139 0.8859
30.1901 3.8139 -2.2312 0.8851
32.1431 5.2390 -2.3879 0.8776
31.9521 6.3930 -2.3892 0.8775
31.7188 7.5398 -2.3905 0.8774
31.4437 8.6779 -2.3917 0.8774
31.1270 9.8058 -2.3929 0.8773
30.7692 10.9219 -2.3940 0.8773
29.1635 11.5467 -2.2998 0.8818
27.6279 12.1032 -2.2116 0.8861
26.7888 12.9009 -2.1801 0.8876
24.3217 12.8079 -2.0155 0.8956
22.6185 12.9688 -1.9117 0.9007
21.5623 13.4139 -1.8620 0.9032
18.1012 14.1713 -1.6856 0.9119
16.1707 14.6481 -1.5998 0.9162
15.6727 15.2562 -1.6037 0.9160
6.9106 7.7679 -0.7623 0.9592
12.7344 15.3932 -1.4648 0.9230
11.7768 15.3242 -1.4171 0.9254
11.0390 15.4844 -1.3943 0.9266
10.4835 15.8819 -1.3953 0.9265
11.4903 22.3030 -1.8396 0.9043
10.9784 23.3303 -1.8906 0.9018
6.3622 16.5003 -1.2967 0.9315
5.7375 16.6360 -1.2903 0.9319
5.1991 17.0361 -1.3060 0.9311
4.5704 17.1596 -1.3020 0.9313
5.5920 24.5002 -1.8426 0.9041
4.7102 24.6917 -1.8431 0.9041
3.7876 24.6291 -1.8271 0.9049
2.0746 17.6986 -1.3066 0.9310
1.4450 17.8485 -1.3130 0.9307
-2.5110 25.3484 -1.8677 0.9029
-3.4316 25.3331 -1.8744 0.9025
-3.3605 19.5134 -1.4519 0.9237
-6.3473 19.5347 -1.5060 0.9209
-9.7501 26.7050 -2.0845 0.8922
-11.4603 28.2031 -2.2321 0.8851
-9.0377 20.1366 -1.6183 0.9153
-10.8958 20.2478 -1.6859 0.9119
-15.7747 21.3070 -1.9438 0.8991
-19.9975 23.3079 -2.2518 0.8841
-20.8738 22.6319 -2.2575 0.8838
-11.8228 11.9294 -1.2315 0.9349
-12.4643 11.7048 -1.2537 0.9337
-24.8870 20.2148 -2.3509 0.8793
-25.5760 19.2928 -2.3490 0.8794
-26.2309 18.3475 -2.3471 0.8795
-19.6485 11.7394 -1.6782 0.9123
-28.4959 14.3586 -2.3396 0.8799
-28.9703 13.3161 -2.3378 0.8800
-32.1185 10.7555 -2.4835 0.8730
-33.0152 7.2243 -2.4780 0.8732
-33.2294 6.0302 -2.4762 0.8733
-33.4010 4.8301 -2.4745 0.8734
-33.6156 2.4180 -2.4711 0.8736
-33.6586 1.2089 -2.4695 0.8736
-25.7877 -0.0000 -2.4757 0.9016
-25.1252 -5.4979 -2.4692 0.9018
-24.9020 -6.3938 -2.4683 0.9018
-23.9691 -7.0805 -2.3995 0.9044
-21.1125 -11.6067 -2.3130 0.9077
-20.6773 -12.3542 -2.3125 0.9077
-19.7296 -13.8001 -2.3115 0.9078
-18.6944 -15.1848 -2.3122 0.9078
-16.0843 -15.1042 -2.1183 0.9152
-16.9904 -17.1436 -2.3172 0.9076
-16.3753 -17.7546 -2.3188 0.9075
-15.7379 -18.3432 -2.3204 0.9074
-9.3477 -12.6261 -1.5082 0.9388
-12.9818 -20.4560 -2.3260 0.9072
-9.4824 -16.1994 -1.8021 0.9273
-9.9402 -22.1475 -2.3306 0.9071
-4.0037 -9.8528 -1.0210 0.9582
-2.4797 -10.0307 -0.9920 0.9593
-2.1190 -10.1178 -0.9924 0.9593
-1.8931 -10.9926 -1.0709 0.9562
-3.2669 -24.1172 -2.3365 0.9068
-0.6556 -24.3396 -2.3376 0.9068
0.1271 -14.1555 -1.3591 0.9447
0.6240 -13.8941 -1.3352 0.9456
1.1661 -14.4036 -1.3873 0.9436
1.8382 -15.6816 -1.5158 0.9385
2.9271 -19.0335 -1.8488 0.9255
4.4326 -19.4205 -1.9124 0.9231
7.1045 -23.2793 -2.3367 0.9068
7.9340 -23.0047 -2.3362 0.9068
9.0008 -17.4708 -1.8868 0.9241
9.2151 -16.4116 -1.8070 0.9272
10.1316 -16.6168 -1.8684 0.9248
10.5182 -15.9344 -1.8330 0.9261
14.8435 -19.3144 -2.3386 0.9068
16.2102 -18.2214 -2.3414 0.9066
16.8640 -17.6384 -2.3428 0.9066
17.4969 -17.0320 -2.3442 0.9065
19.8142 -16.6936 -2.4874 0.9011
20.5098 -16.0569 -2.5007 0.9006
21.6355 -14.5620 -2.5038 0.9005
22.1579 -13.7844 -2.5053 0.9004
22.6523 -12.9881 -2.5068 0.9004
23.1180 -12.1740 -2.5084 0.9003
23.9607 -10.4967 -2.5114 0.9002
24.3366 -9.6355 -2.5129 0.9002
24.6814 -8.7609 -2.5144 0.9001
24.9946 -7.8739 -2.5159 0.9001
25.2757 -6.9756 -2.5173 0.9000
25.5244 -6.0673 -2.5187 0.8999
25.9227 -4.2251 -2.5215 0.8998
26.2685 -1.4161 -2.5256 0.8997
26.3157 -0.4725 -2.5268 0.8996
25.6726 1.3840 -2.4683 0.9018
24.4535 3.9856 -2.3786 0.9052
24.1244 5.7345 -2.3806 0.9052
23.9122 6.5993 -2.3815 0.9051
23.6687 7.4562 -2.3824 0.9051
23.3940 8.3040 -2.3832 0.9051
11.0631 4.8465 -1.1596 0.9526
22.3867 10.7809 -2.3855 0.9050
21.5669 12.3658 -2.3867 0.9049
20.1254 14.6219 -2.3882 0.9049
16.1155 14.5980 -2.0876 0.9163
15.5922 15.1779 -2.0890 0.9163
7.1789 7.5085 -0.9973 0.9591
12.6921 15.3421 -1.9116 0.9231
11.7764 15.3236 -1.8554 0.9253
11.0387 15.4838 -1.8256 0.9264
10.0282 16.4473 -1.8494 0.9255
12.1865 21.7034 -2.3896 0.9048
11.3985 22.1247 -2.3894 0.9048
7.0792 16.5626 -1.7292 0.9302
6.3620 16.4997 -1.6977 0.9314
5.7373 16.6354 -1.6894 0.9317
5.5311 24.2332 -2.3863 0.9049
3.7761 24.5539 -2.3850 0.9050
2.0679 17.6414 -1.7053 0.9311
1.4401 17.7884 -1.7134 0.9308
0.7953 17.7087 -1.7018 0.9312
-0.4904 18.2083 -1.7487 0.9294
-1.1539 18.3411 -1.7643 0.9288
-2.4427 24.6591 -2.3790 0.9052
-3.3311 19.3426 -1.8843 0.9242
-4.6712 18.8957 -1.8687 0.9248
-6.3263 19.4704 -1.9654 0.9210
-8.4702 23.1996 -2.3711 0.9055
-9.2926 22.8686 -2.3698 0.9056
-9.9880 20.2728 -2.1697 0.9132
-10.8953 20.2469 -2.2074 0.9117
-12.1321 20.7259 -2.3056 0.9080
-13.1898 20.7838 -2.3632 0.9058
-14.6299 19.7608 -2.3605 0.9059
-15.9908 18.6379 -2.3577 0.9060
-16.6394 18.0410 -2.3562 0.9061
-11.8094 11.9159 -1.6106 0.9348
-19.0037 15.4360 -2.3505 0.9063
-19.5335 14.7348 -2.3490 0.9064
-19.6491 11.7398 -2.1976 0.9121
-21.3890 11.7587 -2.3433 0.9066
-23.1393 11.6596 -2.4876 0.9011
-23.9456 9.9816 -2.4906 0.9010
-24.8365 7.3367 -2.4863 0.9012
-25.2705 5.5296 -2.4835 0.9013
-25.4388 4.6164 -2.4821 0.9013
-25.5743 3.6983 -2.4808 0.9014
-25.6770 2.7764 -2.4795 0.9014
-25.7838 0.9261 -2.4770 0.9015
-25.7588 -0.9253 -2.4746 0.9016
-25.4757 -3.6841 -2.4712 0.9017
-25.3165 -4.5943 -2.4702 0.9018
-23.9691 -7.0805 -2.3994 0.9044
-22.8793 -7.6617 -2.3164 0.9076
-22.5820 -8.4752 -2.3156 0.9076
-22.2562 -9.2774 -2.3149 0.9077
-19.2011 -9.6752 -2.0642 0.9172
-21.1125 -11.6067 -2.3130 0.9077
-20.2162 -13.0856 -2.3120 0.9078
-19.2181 -14.4969 -2.3111 0.9078
-18.6944 -15.1848 -2.3122 0.9078
-18.1507 -15.8578 -2.3139 0.9077
-16.0843 -15.1042 -2.1183 0.9152
-16.9904 -17.1436 -2.3172 0.9076
-16.3753 -17.7546 -2.3188 0.9075
-15.7379 -18.3432 -2.3204 0.9074
-9.8502 -12.3518 -1.5167 0.9385
-13.7000 -19.9657 -2.3247 0.9073
-12.9818 -20.4561 -2.3260 0.9072
-11.4927 -21.3571 -2.3284 0.9071
-9.9402 -22.1475 -2.3306 0.9071
-4.0037 -9.8528 -1.0210 0.9582
-2.8429 -9.9518 -0.9936 0.9593
-3.2669 -24.1172 -2.3365 0.9068
-2.3995 -24.2234 -2.3369 0.9068
0.1271 -14.1555 -1.3591 0.9447
0.6240 -13.8941 -1.3352 0.9456
1.8382 -15.6816 -1.5158 0.9385
2.9271 -19.0335 -1.8488 0.9255
4.4839 -23.5053 -2.2973 0.9083
4.4326 -19.4205 -1.9124 0.9231
7.9340 -23.0047 -2.3362 0.9068
9.5594 -22.3652 -2.3351 0.9069
10.1316 -16.6168 -1.8684 0.9248
15.5364 -18.7803 -2.3400 0.9067
16.2102 -18.2214 -2.3414 0.9066
17.4969 -17.0320 -2.3442 0.9065
21.0859 -15.3198 -2.5022 0.9006
21.6355 -14.5620 -2.5038 0.9005
22.1579 -13.7844 -2.5053 0.9004
22.6523 -12.9881 -2.5068 0.9004
23.5543 -11.3431 -2.5099 0.9003
23.9607 -10.4966 -2.5114 0.9002
24.6814 -8.7609 -2.5144 0.9001
24.9946 -7.8739 -2.5159 0.9001
25.2757 -6.9756 -2.5173 0.9000
25.5244 -6.0673 -2.5187 0.8999
25.7402 -5.1501 -2.5202 0.8999
25.9227 -4.2251 -2.5215 0.8998
26.0718 -3.2936 -2.5229 0.8998
26.2685 -1.4161 -2.5256 0.8997
26.3287 0.4727 -2.5281 0.8996
24.4535 3.9856 -2.3786 0.9052
24.1244 5.7345 -2.3806 0.9052
23.9122 6.5993 -2.3815 0.9051
23.0885 9.1414 -2.3840 0.9050
11.0631 4.8465 -1.1596 0.9526
21.9913 11.5807 -2.3861 0.9050
21.5669 12.3658 -2.3867 0.9049
20.6327 13.8843 -2.3878 0.9049
16.8736 14.2161 -2.1182 0.9152
16.1155 14.5980 -2.0876 0.9163
7.1789 7.5085 -0.9973 0.9591
10.0282 16.4474 -1.8494 0.9255
12.1865 21.7034 -2.3896 0.9048
11.3985 22.1247 -2.3894 0.9048
7.7228 16.4118 -1.7413 0.9297
7.0792 16.5626 -1.7292 0.9302
5.5311 24.2332 -2.3863 0.9049
4.6564 24.4096 -2.3857 0.9050
2.0679 17.6414 -1.7053 0.9311
0.7953 17.7087 -1.7018 0.9312
-1.1539 18.3411 -1.7643 0.9288
-3.3311 19.3425 -1.8843 0.9242
-4.6712 18.8957 -1.8687 0.9248
-5.4459 19.0639 -1.9035 0.9234
-8.4702 23.1996 -2.3711 0.9055
-9.2926 22.8686 -2.3698 0.9056
-9.9880 20.2728 -2.1697 0.9132
-13.9193 20.2852 -2.3619 0.9059
-14.6299 19.7608 -2.3605 0.9059
-19.0037 15.4360 -2.3505 0.9063
-20.0376 14.0155 -2.3476 0.9064
-17.1175 11.0798 -1.9576 0.9213
-21.3890 11.7587 -2.3433 0.9066
-23.5859 10.8412 -2.4921 0.9009
-23.9456 9.9816 -2.4906 0.9010
-24.5713 8.2282 -2.4877 0.9011
-24.8365 7.3367 -2.4863 0.9012
-25.0697 6.4368 -2.4849 0.9012
-25.4388 4.6164 -2.4821 0.9013
-25.7468 1.8520 -2.4782 0.9015
-25.7838 0.9261 -2.4770 0.9015
-25.7877 -0.0001 -2.4757 0.9016
-25.6026 -2.7685 -2.4723 0.9017
-25.4757 -3.6841 -2.4712 0.9017
-25.1252 -5.4979 -2.4692 0.9018
-24.9020 -6.3938 -2.4683 0.9018
-23.9690 -7.0805 -2.3994 0.9044
-22.8793 -7.6617 -2.3164 0.9076
-21.9024 -10.0674 -2.3142 0.9077
-21.1125 -11.6067 -2.3130 0.9077
-20.6773 -12.3542 -2.3125 0.9077
-19.7296 -13.8002 -2.3115 0.9078
-18.6944 -15.1848 -2.3122 0.9078
-16.0843 -15.1042 -2.1183 0.9152
-16.9904 -17.1436 -2.3172 0.9076
-9.3477 -12.6261 -1.5082 0.9388
-9.4824 -16.1994 -1.8021 0.9273
-10.7239 -21.7665 -2.3295 0.9071
-3.5767 -9.7964 -1.0012 0.9590
-3.2085 -9.8749 -0.9968 0.9591
-2.4797 -10.0307 -0.9920 0.9593
-2.3995 -24.2234 -2.3369 0.9068
-0.6555 -24.3396 -2.3376 0.9068
0.1271 -14.1555 -1.3591 0.9447
1.1661 -14.4037 -1.3873 0.9436
2.9271 -19.0335 -1.8488 0.9255
4.4839 -23.5053 -2.2973 0.9083
6.2654 -23.5233 -2.3371 0.9068
8.7527 -22.6998 -2.3357 0.9069
9.5594 -22.3652 -2.3351 0.9069
9.2152 -16.4115 -1.8070 0.9272
15.5364 -18.7803 -2.3400 0.9067
16.2102 -18.2214 -2.3414 0.9066
19.8142 -16.6936 -2.4874 0.9011
20.5098 -16.0569 -2.5007 0.9006
21.0859 -15.3198 -2.5022 0.9006
21.6355 -14.5619 -2.5038 0.9005
22.1579 -13.7844 -2.5053 0.9004
23.9607 -10.4966 -2.5114 0.9002
24.3366 -9.6355 -2.5129 0.9002
24.6814 -8.7609 -2.5144 0.9001
24.9946 -7.8739 -2.5159 0.9001
25.2757 -6.9756 -2.5173 0.9000
25.5244 -6.0673 -2.5187 0.8999
25.9227 -4.2251 -2.5215 0.8998
26.0718 -3.2936 -2.5229 0.8998
26.3287 0.4727 -2.5281 0.8996
25.6726 1.3840 -2.4683 0.9018
24.4535 3.9856 -2.3786 0.9052
24.1244 5.7345 -2.3806 0.9052
23.6687 7.4562 -2.3824 0.9051
22.3867 10.7809 -2.3855 0.9050
21.5669 12.3658 -2.3867 0.9049
21.1141 13.1351 -2.3873 0.9049
20.6327 13.8843 -2.3878 0.9049
20.1253 14.6219 -2.3882 0.9049
18.0988 14.1695 -2.2067 0.9118
16.8736 14.2161 -2.1182 0.9152
16.1155 14.5981 -2.0876 0.9163
6.9025 7.7589 -0.9970 0.9591
11.0387 15.4838 -1.8256 0.9264
10.0282 16.4474 -1.8494 0.9255
12.1865 21.7034 -2.3896 0.9048
7.7228 16.4118 -1.7413 0.9297
7.0792 16.5626 -1.7292 0.9302
6.3620 16.4997 -1.6977 0.9314
5.5311 24.2332 -2.3863 0.9049
3.7761 24.5539 -2.3850 0.9050
2.0679 17.6414 -1.7053 0.9311
0.1602 17.8466 -1.7134 0.9308
-3.3249 24.5449 -2.3780 0.9053
-3.3311 19.3425 -1.8843 0.9242
-5.4459 19.0639 -1.9034 0.9234
-6.3263 19.4704 -1.9654 0.9210
-8.4702 23.1996 -2.3711 0.9055
-9.2926 22.8686 -2.3698 0.9056
-8.9977 20.0474 -2.1096 0.9155
-9.9880 20.2728 -2.1697 0.9132
-10.8954 20.2469 -2.2074 0.9117
-12.1321 20.7259 -2.3056 0.9080
-13.1899 20.7838 -2.3632 0.9058
-13.9193 20.2852 -2.3619 0.9059
-14.6299 19.7608 -2.3605 0.9059
-15.9908 18.6379 -2.3577 0.9060
-16.6394 18.0410 -2.3562 0.9061
-19.0037 15.4360 -2.3505 0.9063
-19.5335 14.7348 -2.3490 0.9064
-19.6491 11.7398 -2.1973 0.9121
-23.1394 11.6595 -2.4876 0.9011
-23.5859 10.8412 -2.4921 0.9009
-25.0697 6.4367 -2.4849 0.9012
-25.4388 4.6164 -2.4821 0.9013
-25.7468 1.8520 -2.4782 0.9015
-25.7838 0.9261 -2.4770 0.9015
-25.7877 -0.0000 -2.4757 0.9016
-25.6970 -1.8485 -2.4734 0.9017
-25.4757 -3.6841 -2.4712 0.9017
-25.1252 -5.4979 -2.4692 0.9018
-24.9020 -6.3938 -2.4683 0.9018
-22.8793 -7.6617 -2.3164 0.9076
-21.9024 -10.0674 -2.3142 0.9077
-20.2162 -13.0856 -2.3120 0.9078
-19.7296 -13.8001 -2.3115 0.9078
-19.2181 -14.4970 -2.3111 0.9078
-18.1507 -15.8578 -2.3139 0.9077
-16.0843 -15.1042 -2.1183 0.9152
-16.9904 -17.1436 -2.3172 0.9076
-16.3753 -17.7546 -2.3188 0.9075
-15.7379 -18.3432 -2.3204 0.9074
-13.7000 -19.9657 -2.3247 0.9073
-9.4824 -16.1994 -1.8021 0.9273
-11.4927 -21.3572 -2.3284 0.9071
-9.9402 -22.1475 -2.3306 0.9071
-2.8429 -9.9518 -0.9936 0.9593
-1.8932 -10.9931 -1.0709 0.9562
-3.2669 -24.1173 -2.3365 0.9068
0.1271 -14.1555 -1.3591 0.9447
1.1662 -14.4037 -1.3873 0.9436
7.1045 -23.2793 -2.3367 0.9068
9.2152 -16.4115 -1.8070 0.9272
10.5182 -15.9344 -1.8330 0.9261
14.8435 -19.3144 -2.3386 0.9068
15.5365 -18.7803 -2.3400 0.9067
16.8641 -17.6384 -2.3428 0.9066
17.4969 -17.0320 -2.3442 0.9065
18.1081 -16.4029 -2.3457 0.9065
21.6356 -14.5619 -2.5038 0.9005
22.1579 -13.7844 -2.5053 0.9004
22.6523 -12.9880 -2.5068 0.9004
23.1180 -12.1740 -2.5084 0.9003
23.5543 -11.3431 -2.5099 0.9003
23.9607 -10.4966 -2.5114 0.9002
24.3366 -9.6355 -2.5129 0.9002
24.6814 -8.7609 -2.5144 0.9001
25.2757 -6.9756 -2.5173 0.9000
25.5244 -6.0673 -2.5187 0.8999
25.7402 -5.1500 -2.5202 0.8999
25.9227 -4.2251 -2.5215 0.8998
26.1872 -2.3569 -2.5243 0.8997
26.2685 -1.4161 -2.5256 0.8997
26.3287 0.4728 -2.5281 0.8996
25.6725 1.3840 -2.4683 0.9018
24.5700 3.1040 -2.3776 0.9053
24.4535 3.9856 -2.3786 0.9052
24.3049 4.8629 -2.3796 0.9052
24.1244 5.7345 -2.3806 0.9052
23.9122 6.5993 -2.3815 0.9051
23.3940 8.3040 -2.3832 0.9051
23.0884 9.1414 -2.3840 0.9050
11.0631 4.8465 -1.1596 0.9526
22.3867 10.7809 -2.3855 0.9050
21.1141 13.1351 -2.3873 0.9049
20.6327 13.8843 -2.3878 0.9049
16.1155 14.5981 -2.0876 0.9163
6.9025 7.7589 -0.9970 0.9591
11.7764 15.3236 -1.8554 0.9253
11.0386 15.4838 -1.8256 0.9264
10.4483 15.8286 -1.8208 0.9266
11.3985 22.1247 -2.3894 0.9048
6.3620 16.4997 -1.6977 0.9314
5.7373 16.6354 -1.6894 0.9317
5.5310 24.2332 -2.3863 0.9049
3.7761 24.5539 -2.3850 0.9050
2.0679 17.6414 -1.7053 0.9311
1.4401 17.7884 -1.7134 0.9308
-1.1540 18.3411 -1.7643 0.9288
-3.3311 19.3425 -1.8843 0.9242
-4.6712 18.8957 -1.8687 0.9248
-8.4703 23.1996 -2.3711 0.9055
-9.9880 20.2728 -2.1697 0.9132
-15.3206 19.2114 -2.3591 0.9060
-15.9908 18.6379 -2.3577 0.9060
-16.6394 18.0410 -2.3562 0.9061
-11.8095 11.9159 -1.6106 0.9348
-12.4577 11.6986 -1.6407 0.9336
-19.0037 15.4360 -2.3505 0.9063
-19.5336 14.7348 -2.3490 0.9064
-17.1175 11.0798 -1.9576 0.9213
-23.5859 10.8412 -2.4921 0.9009
-23.9456 9.9816 -2.4906 0.9010
-24.5713 8.2282 -2.4877 0.9011
-25.4388 4.6164 -2.4821 0.9013
-25.5743 3.6983 -2.4808 0.9014
-25.6770 2.7764 -2.4795 0.9014
-25.7468 1.8520 -2.4782 0.9015
-25.7838 0.9260 -2.4770 0.9015
-20.8615 -0.7494 -2.4797 0.9194
-20.8134 -1.4972 -2.4787 0.9194
-20.3568 -4.4545 -2.4753 0.9195
-20.1774 -5.1807 -2.4745 0.9195
-19.9725 -5.8999 -2.4738 0.9195
-19.7422 -6.6111 -2.4731 0.9196
-19.1939 -8.0009 -2.4701 0.9196
-18.5076 -8.5070 -2.4196 0.9212
-17.1139 -9.4085 -2.3198 0.9243
-16.3888 -10.6082 -2.3190 0.9244
-15.5808 -11.7532 -2.3183 0.9244
-15.1470 -12.3034 -2.3180 0.9244
-14.2224 -13.3558 -2.3176 0.9244
-8.3563 -12.1780 -1.7544 0.9422
-8.7025 -13.7129 -1.9292 0.9367
-9.8592 -16.8432 -2.3183 0.9244
-5.0302 -10.2100 -1.3520 0.9552
-3.8237 -9.4100 -1.2065 0.9599
-3.5376 -9.6893 -1.2253 0.9593
-3.1735 -9.7672 -1.2199 0.9595
-2.8119 -9.8433 -1.2160 0.9596
-2.0941 -9.9992 -1.2135 0.9597
-2.6282 -19.4020 -2.3257 0.9242
-1.9303 -19.4867 -2.3261 0.9242
-0.5273 -19.5791 -2.3266 0.9241
0.1271 -14.1558 -1.6816 0.9446
0.6240 -13.8944 -1.6521 0.9455
1.1662 -14.4049 -1.7167 0.9434
2.9774 -19.3604 -2.3268 0.9241
3.6717 -19.2479 -2.3276 0.9241
5.7263 -18.7632 -2.3303 0.9240
6.3987 -18.5530 -2.3312 0.9240
7.0635 -18.3190 -2.3322 0.9240
8.3667 -17.7802 -2.3342 0.9239
7.6676 -14.8830 -1.9887 0.9348
9.1603 -16.3139 -2.2225 0.9274
10.4514 -15.8332 -2.2536 0.9264
11.4331 -16.0370 -2.3395 0.9237
13.6679 -15.3637 -2.4426 0.9205
15.5879 -14.1201 -2.4983 0.9188
17.4830 -11.7670 -2.5033 0.9186
18.3003 -10.4928 -2.5058 0.9185
18.6743 -9.8339 -2.5070 0.9185
19.6519 -7.7807 -2.5107 0.9184
20.1786 -6.3568 -2.5131 0.9183
20.4033 -5.6309 -2.5142 0.9183
21.1278 -1.9015 -2.5198 0.9181
21.2273 -0.3811 -2.5219 0.9180
21.2358 0.3813 -2.5229 0.9180
21.2167 1.1438 -2.5239 0.9180
21.1683 1.9052 -2.5247 0.9179
19.7163 3.2135 -2.3729 0.9227
19.5948 3.9205 -2.3737 0.9227
19.4478 4.6229 -2.3745 0.9226
19.2753 5.3197 -2.3752 0.9226
19.0776 6.0099 -2.3759 0.9226
18.8549 6.6928 -2.3766 0.9226
18.0398 8.6875 -2.3784 0.9225
17.0118 10.5830 -2.3799 0.9225
15.7828 12.3562 -2.3810 0.9224
15.3309 12.9163 -2.3813 0.9224
6.8945 7.7499 -1.2321 0.9591
11.0383 15.4833 -2.2587 0.9263
10.0291 16.4487 -2.2884 0.9253
9.8169 17.4833 -2.3818 0.9224
7.7220 16.4101 -2.1543 0.9296
7.0784 16.5609 -2.1394 0.9300
6.3618 16.4992 -2.1005 0.9312
5.7371 16.6348 -2.0902 0.9316
5.1810 16.9765 -2.1084 0.9310
4.5550 17.1019 -2.1023 0.9312
3.0430 19.7870 -2.3780 0.9225
1.4400 17.7865 -2.1197 0.9306
-1.9694 19.8815 -2.3732 0.9227
-2.6809 19.7911 -2.3724 0.9227
-3.9704 18.9578 -2.3008 0.9249
-4.6710 18.8949 -2.3120 0.9246
-5.4457 19.0631 -2.3550 0.9232
-6.1598 18.9579 -2.3678 0.9228
-6.8335 18.7168 -2.3668 0.9229
-7.4978 18.4516 -2.3658 0.9229
-8.1518 18.1627 -2.3648 0.9229
-11.2381 16.3778 -2.3594 0.9231
-11.8132 15.9562 -2.3583 0.9231
-11.1202 11.2205 -1.8765 0.9383
-16.5848 10.7350 -2.3467 0.9235
-18.7581 9.4519 -2.4951 0.9189
-19.3692 8.0739 -2.4927 0.9189
-19.6372 7.3700 -2.4915 0.9190
-20.0965 5.9365 -2.4892 0.9191
-20.2874 5.2089 -2.4880 0.9191
-20.5904 3.7366 -2.4858 0.9192
-20.7875 2.2477 -2.4836 0.9192
-20.8460 1.4995 -2.4826 0.9193
-20.8779 0.7499 -2.4816 0.9193
-20.8831 -0.0000 -2.4806 0.9193
-20.8615 -0.7494 -2.4797 0.9194
-20.8134 -1.4972 -2.4787 0.9194
-20.7387 -2.2425 -2.4778 0.9194
-20.6376 -2.9845 -2.4770 0.9194
-20.5102 -3.7221 -2.4761 0.9195
-19.9725 -5.8999 -2.4738 0.9195
-19.4870 -7.3136 -2.4724 0.9196
-17.4443 -8.7899 -2.3203 0.9243
-17.1139 -9.4085 -2.3198 0.9243
-15.9949 -11.1879 -2.3186 0.9244
-14.6940 -12.8378 -2.3178 0.9244
-9.3264 -11.6950 -1.7769 0.9415
-8.7446 -11.8115 -1.7457 0.9425
-8.3563 -12.1780 -1.7544 0.9422
-8.7025 -13.7129 -1.9292 0.9367
-9.8592 -16.8432 -2.3183 0.9244
-9.2521 -17.1933 -2.3192 0.9244
-5.0302 -10.2100 -1.3520 0.9552
-4.6237 -10.3019 -1.3413 0.9555
-3.8237 -9.4100 -1.2065 0.9599
-3.5376 -9.6893 -1.2253 0.9593
-3.1735 -9.7672 -1.2199 0.9595
-2.8119 -9.8433 -1.2160 0.9596
-2.6282 -19.4020 -2.3257 0.9242
-1.9303 -19.4867 -2.3261 0.9242
-0.5273 -19.5791 -2.3266 0.9241
1.1662 -14.4049 -1.7167 0.9434
2.9774 -19.3604 -2.3268 0.9241
3.6717 -19.2479 -2.3276 0.9241
4.3619 -19.1108 -2.3285 0.9241
3.1738 -11.9161 -1.4648 0.9515
6.3987 -18.5530 -2.3312 0.9240
9.5956 -15.7377 -2.1895 0.9284
10.4514 -15.8332 -2.2536 0.9264
11.4331 -16.0370 -2.3395 0.9237
12.5662 -15.1899 -2.3417 0.9237
15.5879 -14.1201 -2.4983 0.9188
16.0927 -13.5581 -2.4996 0.9187
16.5772 -12.9782 -2.5008 0.9187
17.0409 -12.3809 -2.5021 0.9187
17.4830 -11.7671 -2.5033 0.9186
18.3003 -10.4928 -2.5058 0.9185
19.6519 -7.7807 -2.5107 0.9184
19.9280 -7.0736 -2.5119 0.9183
20.1786 -6.3567 -2.5131 0.9183
20.7737 -4.1564 -2.5165 0.9182
21.0369 -2.6576 -2.5188 0.9181
21.1913 -1.1424 -2.5209 0.9181
21.2358 0.3813 -2.5229 0.9180
20.2866 2.5628 -2.4289 0.9209
19.2753 5.3197 -2.3752 0.9226
18.6075 7.3673 -2.3773 0.9225
18.0398 8.6875 -2.3784 0.9225
17.7203 9.3316 -2.3789 0.9225
17.3774 9.9637 -2.3794 0.9225
16.2139 11.7801 -2.3806 0.9224
15.7828 12.3562 -2.3810 0.9224
15.3309 12.9163 -2.3813 0.9224
14.8589 13.4597 -2.3815 0.9224
14.3673 13.9856 -2.3817 0.9224
7.1705 7.4998 -1.2325 0.9591
6.8945 7.7499 -1.2321 0.9591
12.6906 15.3404 -2.3649 0.9229
10.0291 16.4487 -2.2884 0.9253
9.8169 17.4833 -2.3818 0.9224
9.1823 17.8230 -2.3816 0.9224
7.0784 16.5609 -2.1394 0.9300
5.7371 16.6348 -2.0902 0.9316
5.1810 16.9765 -2.1084 0.9310
3.0430 19.7870 -2.3780 0.9225
2.0677 17.6396 -2.1097 0.9310
1.4400 17.7865 -2.1197 0.9306
0.1602 17.8460 -2.1199 0.9306
-1.9694 19.8815 -2.3732 0.9227
-2.6809 19.7911 -2.3724 0.9227
-3.3317 19.3457 -2.3318 0.9240
-4.6710 18.8949 -2.3120 0.9246
-5.4457 19.0631 -2.3550 0.9232
-6.1598 18.9579 -2.3678 0.9228
-6.8335 18.7168 -2.3668 0.9229
-8.1518 18.1627 -2.3648 0.9229
-8.7946 17.8505 -2.3638 0.9230
-12.3724 15.5144 -2.3572 0.9232
-10.8497 12.6457 -1.9792 0.9351
-10.9886 11.9141 -1.9253 0.9368
-11.4409 10.7437 -1.8643 0.9387
-12.5347 10.9513 -1.9772 0.9352
-15.3574 12.4743 -2.3502 0.9234
-16.1968 11.3290 -2.3479 0.9235
-16.5848 10.7350 -2.3467 0.9235
-18.4158 10.1241 -2.4963 0.9188
-18.7581 9.4519 -2.4951 0.9189
-19.3692 8.0739 -2.4927 0.9189
-19.8797 6.6572 -2.4903 0.9190
-20.0965 5.9365 -2.4892 0.9191
-20.2874 5.2089 -2.4880 0.9191
-20.5904 3.7366 -2.4858 0.9192
-20.8460 1.4995 -2.4826 0.9193
-20.8831 -0.0000 -2.4806 0.9193
-20.8134 -1.4972 -2.4787 0.9194
-20.7387 -2.2425 -2.4778 0.9194
-20.1774 -5.1807 -2.4745 0.9195
-18.5076 -8.5070 -2.4196 0.9212
-16.7620 -10.0149 -2.3194 0.9244
-16.3888 -10.6082 -2.3190 0.9244
-15.9949 -11.1879 -2.3186 0.9244
-15.1470 -12.3034 -2.3180 0.9244
-14.6940 -12.8378 -2.3178 0.9244
-14.2224 -13.3558 -2.3176 0.9244
-10.5479 -11.4364 -1.8481 0.9393
-9.3264 -11.6950 -1.7769 0.9415
-8.7445 -11.8115 -1.7457 0.9425
-8.3563 -12.1780 -1.7544 0.9422
-9.2521 -17.1933 -2.3192 0.9244
-5.0302 -10.2100 -1.3520 0.9552
-3.8237 -9.4100 -1.2065 0.9599
-3.5376 -9.6893 -1.2253 0.9593
-2.8119 -9.8433 -1.2160 0.9596
-1.7405 -10.1063 -1.2182 0.9595
-2.6281 -19.4020 -2.3257 0.9242
-1.9303 -19.4867 -2.3261 0.9242
-0.5273 -19.5791 -2.3266 0.9241
0.1271 -14.1558 -1.6816 0.9446
1.1662 -14.4049 -1.7167 0.9434
1.8384 -15.6831 -1.8757 0.9384
2.9774 -19.3604 -2.3268 0.9241
4.3619 -19.1108 -2.3285 0.9241
3.1738 -11.9161 -1.4648 0.9515
6.3987 -18.5530 -2.3312 0.9240
7.0635 -18.3190 -2.3322 0.9240
7.7198 -18.0613 -2.3332 0.9239
8.3668 -17.7802 -2.3342 0.9239
9.1603 -16.3139 -2.2225 0.9274
9.5956 -15.7377 -2.1895 0.9284
10.4514 -15.8332 -2.2536 0.9264
11.4331 -16.0370 -2.3395 0.9237
16.5772 -12.9782 -2.5008 0.9187
17.0409 -12.3809 -2.5021 0.9187
17.4830 -11.7670 -2.5033 0.9186
17.9030 -11.1374 -2.5045 0.9186
18.3003 -10.4928 -2.5058 0.9185
18.6743 -9.8339 -2.5070 0.9185
19.3506 -8.4770 -2.5095 0.9184
20.1786 -6.3567 -2.5131 0.9183
20.6018 -4.8972 -2.5154 0.9182
20.7737 -4.1563 -2.5165 0.9182
21.0369 -2.6576 -2.5188 0.9181
21.1913 -1.1424 -2.5209 0.9181
21.1683 1.9052 -2.5247 0.9179
20.2866 2.5628 -2.4289 0.9209
19.7163 3.2135 -2.3729 0.9227
19.5948 3.9205 -2.3737 0.9227
19.0776 6.0100 -2.3759 0.9226
18.8549 6.6928 -2.3766 0.9226
18.6075 7.3673 -2.3773 0.9225
11.2911 4.9464 -1.4643 0.9516
17.3774 9.9637 -2.3794 0.9225
17.0118 10.5830 -2.3799 0.9225
16.6237 11.1888 -2.3803 0.9225
16.2139 11.7801 -2.3806 0.9224
15.7828 12.3562 -2.3810 0.9224
14.8588 13.4597 -2.3815 0.9224
6.8945 7.7499 -1.2321 0.9591
12.6906 15.3404 -2.3649 0.9229
11.7759 15.3230 -2.2956 0.9251
9.8169 17.4833 -2.3818 0.9224
9.1823 17.8230 -2.3816 0.9224
7.7220 16.4101 -2.1543 0.9296
5.1810 16.9765 -2.1084 0.9310
4.5550 17.1019 -2.1023 0.9312
3.7521 19.6696 -2.3786 0.9225
0.7952 17.7081 -2.1056 0.9311
-0.4904 18.2064 -2.1634 0.9293
-2.6809 19.7911 -2.3724 0.9227
-4.6710 18.8949 -2.3120 0.9246
-6.8335 18.7168 -2.3668 0.9229
-9.4255 17.5154 -2.3627 0.9230
-10.6480 16.7785 -2.3605 0.9231
-11.2381 16.3778 -2.3594 0.9231
-11.8132 15.9562 -2.3583 0.9231
-12.3724 15.5144 -2.3572 0.9232
-10.9886 11.9141 -1.9253 0.9368
-11.1202 11.2205 -1.8765 0.9383
-11.4409 10.7437 -1.8643 0.9387
-12.5347 10.9513 -1.9772 0.9352
-15.3574 12.4743 -2.3502 0.9234
-15.7875 11.9091 -2.3491 0.9234
-17.8541 10.6673 -2.4705 0.9196
-18.4158 10.1241 -2.4963 0.9188
-19.0761 8.7682 -2.4939 0.9189
-19.3692 8.0739 -2.4927 0.9189
-20.2874 5.2089 -2.4880 0.9191
-20.4520 4.4753 -2.4869 0.9191
-20.7875 2.2477 -2.4836 0.9192
-20.8615 -0.7494 -2.4797 0.9194
-20.8134 -1.4972 -2.4787 0.9194
-20.6376 -2.9845 -2.4770 0.9194
-20.3567 -4.4545 -2.4753 0.9195
-19.7422 -6.6112 -2.4731 0.9196
-19.4869 -7.3136 -2.4724 0.9196
-17.1139 -9.4085 -2.3198 0.9243
-16.7620 -10.0149 -2.3194 0.9244
-15.9949 -11.1879 -2.3186 0.9244
-14.6940 -12.8378 -2.3178 0.9244
-9.9261 -11.5694 -1.8108 0.9404
-9.3264 -11.6950 -1.7769 0.9415
-8.7446 -11.8115 -1.7457 0.9425
-8.3563 -12.1780 -1.7544 0.9422
-8.7025 -13.7130 -1.9292 0.9367
-9.2521 -17.1933 -2.3192 0.9244
-5.0302 -10.2100 -1.3520 0.9552
-3.1735 -9.7672 -1.2199 0.9595
-2.8119 -9.8433 -1.2160 0.9596
-2.4520 -9.9189 -1.2137 0.9597
-2.0941 -9.9992 -1.2135 0.9597
-1.9303 -19.4867 -2.3261 0.9242
1.1663 -14.4049 -1.7167 0.9434
4.3619 -19.1108 -2.3285 0.9241
5.7263 -18.7632 -2.3303 0.9240
7.7198 -18.0613 -2.3332 0.9239
8.3668 -17.7802 -2.3342 0.9239
10.4514 -15.8332 -2.2536 0.9264
11.4331 -16.0370 -2.3395 0.9237
12.0071 -15.6237 -2.3406 0.9237
15.0636 -14.6633 -2.4971 0.9188
15.5879 -14.1201 -2.4983 0.9188
16.0927 -13.5581 -2.4996 0.9187
17.9030 -11.1374 -2.5045 0.9186
18.3003 -10.4927 -2.5058 0.9185
18.6743 -9.8339 -2.5070 0.9185
19.0245 -9.1617 -2.5082 0.9185
19.6519 -7.7807 -2.5107 0.9184
19.9280 -7.0736 -2.5119 0.9183
20.6018 -4.8971 -2.5154 0.9182
20.9188 -3.4095 -2.5176 0.9182
21.1278 -1.9015 -2.5198 0.9181
21.1913 -1.1424 -2.5209 0.9181
21.2167 1.1438 -2.5239 0.9180
19.7163 3.2135 -2.3729 0.9227
19.5948 3.9205 -2.3737 0.9227
18.6075 7.3673 -2.3773 0.9225
17.7203 9.3316 -2.3789 0.9225
16.6238 11.1888 -2.3803 0.9225
16.2139 11.7801 -2.3806 0.9224
15.3309 12.9164 -2.3813 0.9224
14.8588 13.4597 -2.3815 0.9224
7.1705 7.4998 -1.2325 0.9591
12.6906 15.3404 -2.3649 0.9229
10.4472 15.8268 -2.2527 0.9265
10.0291 16.4488 -2.2884 0.9253
7.7220 16.4101 -2.1543 0.9296
7.0784 16.5609 -2.1394 0.9300
5.7371 16.6348 -2.0902 0.9316
5.1809 16.9765 -2.1084 0.9310
4.5550 17.1019 -2.1023 0.9312
0.7953 17.7081 -2.1056 0.9311
-1.1538 18.3392 -2.1827 0.9287
-3.9704 18.9578 -2.3008 0.9249
-5.4457 19.0631 -2.3550 0.9232
-6.8336 18.7168 -2.3668 0.9229
-8.7946 17.8505 -2.3638 0.9230
-10.0435 17.1579 -2.3616 0.9230
-10.6480 16.7786 -2.3605 0.9231
-11.2382 16.3778 -2.3594 0.9231
-11.8132 15.9562 -2.3583 0.9231
-12.3724 15.5144 -2.3572 0.9232
-11.4409 10.7437 -1.8643 0.9387
-15.3574 12.4743 -2.3502 0.9234
-15.7875 11.9090 -2.3491 0.9234
-16.1968 11.3290 -2.3479 0.9235
-16.5848 10.7350 -2.3467 0.9235
-18.4158 10.1241 -2.4963 0.9188
-18.7581 9.4519 -2.4951 0.9189
-19.0761 8.7682 -2.4939 0.9189
-19.3692 8.0739 -2.4927 0.9189
-19.8797 6.6571 -2.4903 0.9190
-20.2874 5.2089 -2.4880 0.9191
-20.4520 4.4753 -2.4869 0.9191
-20.7022 2.9937 -2.4847 0.9192
-20.7875 2.2477 -2.4836 0.9192
-20.8460 1.4995 -2.4826 0.9193
-20.8779 0.7499 -2.4816 0.9193
-17.4129 -1.8829 -2.4816 0.9317
-17.3289 -2.5060 -2.4809 0.9317
-17.2229 -3.1255 -2.4802 0.9317
-16.9452 -4.3508 -2.4788 0.9318
-16.7739 -4.9550 -2.4782 0.9318
-16.1331 -6.7250 -2.4765 0.9318
-15.8781 -7.2983 -2.4760 0.9318
-15.6030 -7.8621 -2.4756 0.9318
-14.9746 -8.9469 -2.4716 0.9320
-14.4188 -9.3331 -2.4336 0.9330
-13.0900 -9.8743 -2.3232 0.9359
-11.9494 -11.2213 -2.3226 0.9359
-10.4778 -11.3603 -2.1897 0.9395
-9.9265 -11.5698 -2.1600 0.9403
-9.3268 -11.6954 -2.1195 0.9414
-8.7483 -11.8166 -2.0832 0.9423
-8.5624 -13.4923 -2.2642 0.9375
-8.2803 -14.1457 -2.3224 0.9359
-4.5759 -9.2878 -1.4670 0.9590
-3.4821 -9.5374 -1.4386 0.9598
-2.4158 -9.7723 -1.4263 0.9601
-2.2033 -16.2654 -2.3257 0.9358
-1.6183 -16.3374 -2.3262 0.9358
-1.0311 -16.3886 -2.3267 0.9358
0.6241 -13.8974 -1.9711 0.9453
1.1474 -14.1721 -2.0146 0.9442
1.8622 -15.8863 -2.2663 0.9374
2.4999 -16.2559 -2.3304 0.9357
3.0828 -16.1605 -2.3311 0.9357
3.1797 -11.9382 -1.7505 0.9513
3.5826 -11.7389 -1.7390 0.9516
4.4877 -11.6389 -1.7674 0.9509
7.5554 -14.6653 -2.3375 0.9355
8.0800 -14.3900 -2.3383 0.9355
9.5477 -14.4641 -2.4556 0.9324
10.7247 -13.9550 -2.4937 0.9314
11.2232 -13.5665 -2.4947 0.9313
11.7077 -13.1602 -2.4958 0.9313
12.1775 -12.7367 -2.4968 0.9313
13.4929 -11.3678 -2.4999 0.9312
14.2856 -10.3791 -2.5019 0.9311
14.6551 -9.8637 -2.5030 0.9311
15.0059 -9.3352 -2.5040 0.9311
16.4653 -6.5191 -2.5092 0.9310
16.6954 -5.9262 -2.5102 0.9309
16.9041 -5.3252 -2.5112 0.9309
17.6915 -1.5923 -2.5168 0.9308
17.7724 -0.3191 -2.5186 0.9307
17.7612 0.9575 -2.5202 0.9307
17.5506 2.8605 -2.5195 0.9307
15.5696 6.1644 -2.3727 0.9346
15.0934 7.2686 -2.3736 0.9346
14.8255 7.8071 -2.3741 0.9345
14.5382 8.3357 -2.3745 0.9345
13.5636 9.8545 -2.3755 0.9345
13.2026 10.3363 -2.3758 0.9345
12.8244 10.8046 -2.3760 0.9345
12.4293 11.2590 -2.3762 0.9345
9.7372 13.6583 -2.3767 0.9345
9.2405 13.9987 -2.3766 0.9345
7.6809 14.9087 -2.3763 0.9345
7.1402 15.1736 -2.3761 0.9345
5.4658 15.8481 -2.3753 0.9345
4.8927 16.0319 -2.3750 0.9345
4.3134 16.1947 -2.3746 0.9345
3.1393 16.4567 -2.3738 0.9346
2.5460 16.5556 -2.3733 0.9346
1.9497 16.6329 -2.3728 0.9346
0.7510 16.7223 -2.3718 0.9346
0.1502 16.7344 -2.3712 0.9346
-0.4505 16.7247 -2.3706 0.9346
-1.6484 16.6402 -2.3693 0.9347
-2.2440 16.5655 -2.3686 0.9347
-2.8363 16.4693 -2.3679 0.9347
-4.0080 16.2131 -2.3664 0.9348
-4.5859 16.0535 -2.3656 0.9348
-5.1575 15.8731 -2.3648 0.9348
-8.4128 14.3721 -2.3596 0.9349
-9.4149 13.7207 -2.3577 0.9350
-10.7680 12.5505 -2.3431 0.9354
-10.9058 11.8244 -2.2792 0.9371
-11.2910 10.6029 -2.1946 0.9393
-12.3584 10.7972 -2.3252 0.9359
-12.8740 10.4571 -2.3500 0.9352
-13.2356 9.9841 -2.3491 0.9352
-14.8064 9.5839 -2.4991 0.9312
-15.1355 9.0430 -2.4981 0.9312
-15.4440 8.4904 -2.4971 0.9313
-16.2474 6.7726 -2.4941 0.9314
-16.6782 5.5850 -2.4921 0.9314
-16.8613 4.9808 -2.4911 0.9314
-17.1621 3.7554 -2.4892 0.9315
-17.2794 3.1357 -2.4883 0.9315
-17.4472 1.8866 -2.4865 0.9316
-17.4976 1.2586 -2.4856 0.9316
-17.5139 -0.6291 -2.4831 0.9316
-17.4746 -1.2570 -2.4824 0.9317
-17.4129 -1.8829 -2.4816 0.9317
-17.2229 -3.1255 -2.4802 0.9317
-16.9452 -4.3508 -2.4788 0.9318
-16.7739 -4.9550 -2.4782 0.9318
-16.5813 -5.5526 -2.4776 0.9318
-16.3676 -6.1429 -2.4771 0.9318
-15.8781 -7.2983 -2.4760 0.9318
-14.4188 -9.3331 -2.4336 0.9330
-13.5991 -9.5121 -2.3514 0.9352
-13.0900 -9.8743 -2.3232 0.9359
-12.7258 -10.3368 -2.3230 0.9359
-12.3455 -10.7859 -2.3228 0.9359
-11.5382 -11.6423 -2.3225 0.9359
-9.3268 -11.6954 -2.1195 0.9414
-8.3918 -12.2298 -2.1015 0.9418
-8.5624 -13.4923 -2.2642 0.9375
-4.9606 -9.2183 -1.4832 0.9586
-4.5759 -9.2878 -1.4670 0.9590
-2.7697 -9.6957 -1.4287 0.9601
-2.4158 -9.7723 -1.4263 0.9601
-2.0620 -9.8456 -1.4253 0.9602
-1.7089 -9.9233 -1.4267 0.9601
-2.2033 -16.2654 -2.3257 0.9358
-1.0311 -16.3886 -2.3267 0.9358
0.1271 -14.1589 -2.0062 0.9444
0.6241 -13.8974 -1.9711 0.9453
1.1474 -14.1721 -2.0146 0.9442
1.8622 -15.8863 -2.2663 0.9374
2.5000 -16.2559 -2.3304 0.9357
3.0828 -16.1605 -2.3311 0.9357
3.6621 -16.0445 -2.3318 0.9357
3.5826 -11.7389 -1.7390 0.9516
4.0126 -11.6346 -1.7438 0.9515
6.4790 -15.1584 -2.3357 0.9356
7.0215 -14.9215 -2.3366 0.9355
7.5554 -14.6652 -2.3375 0.9355
8.0800 -14.3900 -2.3383 0.9355
9.5477 -14.4641 -2.4556 0.9324
10.7247 -13.9550 -2.4937 0.9314
12.6321 -12.2964 -2.4978 0.9313
15.3377 -8.7941 -2.5051 0.9311
15.9422 -7.6774 -2.5071 0.9310
16.4653 -6.5191 -2.5092 0.9310
17.0910 -4.7168 -2.5121 0.9309
17.5189 -2.8554 -2.5150 0.9308
17.6166 -2.2255 -2.5159 0.9308
17.6915 -1.5923 -2.5168 0.9308
17.7784 0.3192 -2.5194 0.9307
17.7612 0.9575 -2.5202 0.9307
17.7210 1.5949 -2.5210 0.9306
17.6577 2.2307 -2.5218 0.9306
17.5505 2.8605 -2.5195 0.9307
16.7101 3.3433 -2.4146 0.9335
16.1306 4.4518 -2.3710 0.9346
15.9644 5.0292 -2.3716 0.9346
15.7773 5.6003 -2.3721 0.9346
15.5696 6.1645 -2.3727 0.9346
10.9963 4.8172 -1.7010 0.9527
15.0934 7.2686 -2.3736 0.9346
14.5382 8.3357 -2.3745 0.9345
13.9068 9.3601 -2.3752 0.9345
12.8244 10.8046 -2.3760 0.9345
12.0180 11.6987 -2.3764 0.9345
10.6920 12.9244 -2.3767 0.9345
9.2405 13.9987 -2.3766 0.9345
7.6809 14.9088 -2.3763 0.9345
7.1402 15.1736 -2.3761 0.9345
6.5903 15.4187 -2.3759 0.9345
6.0319 15.6436 -2.3756 0.9345
5.4658 15.8481 -2.3753 0.9345
4.8927 16.0319 -2.3750 0.9345
3.7287 16.3364 -2.3742 0.9345
2.5460 16.5556 -2.3733 0.9346
1.3511 16.6885 -2.3723 0.9346
0.7510 16.7223 -2.3718 0.9346
-1.0503 16.6933 -2.3699 0.9347
-1.6484 16.6402 -2.3693 0.9347
-2.2440 16.5655 -2.3686 0.9347
-3.4246 16.3518 -2.3671 0.9347
-4.0080 16.2131 -2.3664 0.9348
-4.5859 16.0535 -2.3656 0.9348
-5.1575 15.8731 -2.3648 0.9348
-6.2786 15.4513 -2.3631 0.9348
-7.3656 14.9500 -2.3614 0.9349
-8.4128 14.3721 -2.3596 0.9349
-9.4149 13.7207 -2.3577 0.9350
-9.8974 13.3686 -2.3568 0.9350
-10.7680 12.5505 -2.3431 0.9354
-10.9058 11.8244 -2.2792 0.9371
-13.2356 9.9841 -2.3491 0.9352
-14.1723 9.9130 -2.4505 0.9325
-14.8064 9.5839 -2.4991 0.9312
-15.1355 9.0430 -2.4981 0.9312
-15.4440 8.4904 -2.4971 0.9313
-16.0002 7.3544 -2.4951 0.9313
-16.2474 6.7726 -2.4941 0.9314
-16.4734 6.1826 -2.4931 0.9314
-17.0227 4.3707 -2.4902 0.9315
-17.1621 3.7554 -2.4892 0.9315
-17.3745 2.5125 -2.4874 0.9315
-17.4472 1.8865 -2.4865 0.9316
-17.4976 1.2586 -2.4856 0.9316
-17.5255 0.6295 -2.4848 0.9316
-17.5309 -0.0000 -2.4839 0.9316
-17.5139 -0.6291 -2.4831 0.9316
-17.3289 -2.5060 -2.4809 0.9317
-17.2229 -3.1255 -2.4802 0.9317
-16.9452 -4.3508 -2.4788 0.9318
-16.3676 -6.1429 -2.4771 0.9318
-16.1331 -6.7250 -2.4765 0.9318
-15.8781 -7.2983 -2.4760 0.9318
-14.4188 -9.3331 -2.4336 0.9330
-13.5990 -9.5121 -2.3514 0.9352
-13.0900 -9.8743 -2.3232 0.9359
-12.3455 -10.7859 -2.3228 0.9359
-9.9265 -11.5698 -2.1600 0.9403
-9.3268 -11.6954 -2.1195 0.9414
-4.9606 -9.2183 -1.4832 0.9586
-3.4821 -9.5374 -1.4386 0.9598
-3.1246 -9.6165 -1.4327 0.9600
0.6242 -13.8974 -1.9711 0.9453
2.5000 -16.2559 -2.3304 0.9357
3.6621 -16.0445 -2.3318 0.9357
3.1797 -11.9382 -1.7505 0.9513
4.4878 -11.6389 -1.7674 0.9509
8.0800 -14.3900 -2.3383 0.9355
10.2014 -14.3093 -2.4900 0.9315
11.2232 -13.5665 -2.4947 0.9313
11.7077 -13.1602 -2.4958 0.9313
12.1775 -12.7367 -2.4968 0.9313
13.8981 -10.8807 -2.5009 0.9312
15.0059 -9.3352 -2.5040 0.9311
15.3377 -8.7941 -2.5051 0.9311
15.9422 -7.6774 -2.5071 0.9310
16.4653 -6.5191 -2.5092 0.9310
17.0910 -4.7168 -2.5121 0.9309
17.2559 -4.1018 -2.5131 0.9309
17.5189 -2.8554 -2.5150 0.9308
17.6915 -1.5923 -2.5168 0.9308
17.7434 -0.9565 -2.5177 0.9307
17.7724 -0.3191 -2.5186 0.9307
17.7612 0.9575 -2.5202 0.9307
17.7210 1.5949 -2.5210 0.9306
17.6577 2.2307 -2.5218 0.9306
17.5505 2.8605 -2.5195 0.9307
16.1306 4.4518 -2.3710 0.9346
15.5696 6.1645 -2.3727 0.9346
10.9963 4.8172 -1.7010 0.9527
15.0934 7.2686 -2.3736 0.9346
14.5382 8.3357 -2.3745 0.9345
14.2318 8.8536 -2.3749 0.9345
13.2026 10.3363 -2.3758 0.9345
7.1621 7.4910 -1.4685 0.9590
10.6920 12.9244 -2.3767 0.9345
9.7372 13.6583 -2.3767 0.9345
8.7317 14.3209 -2.3765 0.9345
8.2116 14.6244 -2.3764 0.9345
6.5903 15.4187 -2.3759 0.9345
4.3134 16.1947 -2.3746 0.9345
3.1393 16.4567 -2.3738 0.9346
2.5460 16.5556 -2.3733 0.9346
1.3511 16.6885 -2.3723 0.9346
0.7510 16.7223 -2.3718 0.9346
0.1502 16.7344 -2.3712 0.9346
-0.4505 16.7247 -2.3706 0.9346
-2.8363 16.4693 -2.3679 0.9347
-4.0080 16.2131 -2.3664 0.9348
-4.5860 16.0535 -2.3656 0.9348
-5.1575 15.8731 -2.3648 0.9348
-6.2786 15.4513 -2.3631 0.9348
-8.4128 14.3721 -2.3596 0.9349
-10.3668 12.9994 -2.3559 0.9350
-10.7680 12.5505 -2.3431 0.9354
-11.0365 11.1360 -2.2215 0.9386
-11.2910 10.6029 -2.1946 0.9393
-12.8740 10.4571 -2.3500 0.9352
-13.2356 9.9841 -2.3491 0.9352
-14.8065 9.5839 -2.4991 0.9312
-15.4440 8.4904 -2.4971 0.9313
-15.7323 7.9273 -2.4961 0.9313
-16.0002 7.3544 -2.4951 0.9313
-16.2474 6.7726 -2.4941 0.9314
-16.4734 6.1826 -2.4931 0.9314
-16.6782 5.5850 -2.4921 0.9314
-16.8613 4.9808 -2.4911 0.9314
-17.0227 4.3706 -2.4902 0.9315
-17.1621 3.7554 -2.4892 0.9315
-17.3745 2.5125 -2.4874 0.9315
-17.4976 1.2586 -2.4856 0.9316
-17.5139 -0.6291 -2.4831 0.9316
-17.4746 -1.2570 -2.4824 0.9317
-16.7739 -4.9550 -2.4782 0.9318
-16.5813 -5.5527 -2.4776 0.9318
-16.3676 -6.1429 -2.4771 0.9318
-16.1331 -6.7250 -2.4765 0.9318
-15.8781 -7.2983 -2.4760 0.9318
-15.6029 -7.8621 -2.4756 0.9318
-15.3080 -8.4157 -2.4751 0.9319
-14.9746 -8.9470 -2.4716 0.9320
-14.4188 -9.3331 -2.4336 0.9330
-11.9494 -11.2213 -2.3226 0.9359
-9.9265 -11.5698 -2.1600 0.9403
-9.3268 -11.6954 -2.1195 0.9414
-8.7483 -11.8166 -2.0832 0.9423
-8.3918 -12.2299 -2.1016 0.9418
-8.5625 -13.4924 -2.2642 0.9375
-8.2802 -14.1457 -2.3224 0.9359
-4.5759 -9.2878 -1.4670 0.9590
-4.2103 -9.3810 -1.4569 0.9593
-3.8356 -9.4391 -1.4436 0.9597
-2.7697 -9.6957 -1.4287 0.9601
-2.0620 -9.8456 -1.4253 0.9602
-1.7089 -9.9233 -1.4267 0.9601
-1.6183 -16.3374 -2.3262 0.9358
-1.0311 -16.3886 -2.3267 0.9358
-0.4422 -16.4189 -2.3272 0.9358
0.1271 -14.1589 -2.0062 0.9444
0.6242 -13.8974 -1.9711 0.9453
1.1474 -14.1721 -2.0146 0.9442
6.4790 -15.1584 -2.3357 0.9356
7.0215 -14.9215 -2.3366 0.9355
8.0800 -14.3900 -2.3383 0.9355
8.7184 -14.2991 -2.3729 0.9346
9.5477 -14.4641 -2.4556 0.9324
10.2014 -14.3093 -2.4900 0.9315
12.1775 -12.7367 -2.4968 0.9313
12.6321 -12.2964 -2.4978 0.9313
13.0707 -11.8399 -2.4988 0.9312
15.3377 -8.7941 -2.5051 0.9311
15.6500 -8.2413 -2.5061 0.9310
16.2141 -7.1030 -2.5081 0.9310
16.4653 -6.5191 -2.5092 0.9310
16.9041 -5.3252 -2.5112 0.9309
17.3987 -3.4811 -2.5141 0.9308
17.6166 -2.2255 -2.5159 0.9308
17.7434 -0.9565 -2.5177 0.9307
17.7724 -0.3190 -2.5186 0.9307
17.7784 0.3192 -2.5194 0.9307
17.6577 2.2307 -2.5218 0.9306
15.9644 5.0292 -2.3716 0.9346
10.9963 4.8172 -1.7010 0.9527
15.0934 7.2686 -2.3736 0.9346
14.2318 8.8536 -2.3749 0.9345
13.9068 9.3601 -2.3752 0.9345
13.2026 10.3363 -2.3758 0.9345
12.8244 10.8046 -2.3760 0.9345
7.1621 7.4910 -1.4685 0.9590
6.8864 7.7408 -1.4680 0.9590
10.6920 12.9244 -2.3767 0.9345
10.2212 13.3001 -2.3767 0.9345
9.2405 13.9988 -2.3766 0.9345
8.7317 14.3209 -2.3765 0.9345
8.2116 14.6244 -2.3764 0.9345
7.6809 14.9088 -2.3763 0.9345
6.5903 15.4187 -2.3759 0.9345
4.8927 16.0319 -2.3750 0.9345
4.3134 16.1947 -2.3746 0.9345
3.7286 16.3364 -2.3742 0.9345
3.1393 16.4567 -2.3738 0.9346
2.5460 16.5556 -2.3733 0.9346
1.9497 16.6329 -2.3728 0.9346
0.7510 16.7223 -2.3718 0.9346
0.1502 16.7344 -2.3712 0.9346
-1.0503 16.6933 -2.3699 0.9347
-4.0080 16.2131 -2.3664 0.9348
-4.5860 16.0534 -2.3656 0.9348
-5.1575 15.8731 -2.3648 0.9348
-7.3656 14.9500 -2.3614 0.9349
-7.8945 14.6704 -2.3605 0.9349
-8.4128 14.3721 -2.3596 0.9349
-10.7680 12.5505 -2.3431 0.9354
-11.0365 11.1360 -2.2215 0.9386
-11.2910 10.6029 -2.1946 0.9393
-12.3585 10.7972 -2.3252 0.9359
-15.7323 7.9273 -2.4961 0.9313
-16.2474 6.7726 -2.4941 0.9314
-16.4734 6.1825 -2.4931 0.9314
-16.6782 5.5850 -2.4921 0.9314
-16.8613 4.9808 -2.4911 0.9314
-17.4472 1.8865 -2.4865 0.9316
-17.4976 1.2586 -2.4856 0.9316
-17.5255 0.6294 -2.4848 0.9316
-15.0927 -0.0000 -2.4864 0.9406
-15.0788 -0.5416 -2.4857 0.9407
-14.9930 -1.6212 -2.4843 0.9407
-14.8307 -2.6914 -2.4831 0.9407
-14.7211 -3.2213 -2.4825 0.9407
-14.2802 -4.7821 -2.4809 0.9408
-14.0966 -5.2906 -2.4804 0.9408
-13.4392 -6.7718 -2.4791 0.9408
-13.1855 -7.2488 -2.4788 0.9408
-12.9150 -7.7164 -2.4784 0.9408
-12.6281 -8.1740 -2.4781 0.9408
-12.3251 -8.6210 -2.4778 0.9408
-11.6681 -9.4776 -2.4764 0.9409
-10.1286 -10.2200 -2.3704 0.9433
-9.1938 -10.7158 -2.3260 0.9444
-7.5656 -11.9215 -2.3260 0.9444
-4.5345 -9.2038 -1.6903 0.9593
-3.8099 -9.3760 -1.6672 0.9598
-3.0970 -9.5316 -1.6510 0.9602
-2.7454 -9.6104 -1.6465 0.9603
-2.3950 -9.6881 -1.6440 0.9604
-2.0467 -9.7729 -1.6449 0.9603
-1.3938 -14.0708 -2.3294 0.9443
-0.8880 -14.1144 -2.3298 0.9443
-0.3808 -14.1401 -2.3303 0.9443
0.1270 -14.1476 -2.3308 0.9443
0.6349 -14.1371 -2.3313 0.9442
1.1422 -14.1085 -2.3318 0.9442
1.6483 -14.0618 -2.3324 0.9442
2.1526 -13.9971 -2.3330 0.9442
2.6543 -13.9144 -2.3336 0.9442
2.7686 -12.1301 -2.0497 0.9508
3.6478 -13.6955 -2.3348 0.9442
4.0088 -11.6235 -2.0255 0.9514
6.4212 -13.6458 -2.4844 0.9407
8.3371 -12.6301 -2.4931 0.9405
9.2280 -12.0076 -2.4948 0.9405
9.6565 -11.6726 -2.4957 0.9404
11.2435 -10.1848 -2.4992 0.9404
11.6060 -9.7781 -2.5001 0.9403
13.1889 -7.5621 -2.5045 0.9402
13.7072 -6.6010 -2.5063 0.9402
13.9402 -6.1069 -2.5072 0.9402
14.1553 -5.6045 -2.5081 0.9401
14.5309 -4.5776 -2.5098 0.9401
14.6908 -4.0544 -2.5106 0.9401
14.8318 -3.5256 -2.5115 0.9401
14.9536 -2.9919 -2.5123 0.9400
15.2710 -0.2742 -2.5161 0.9400
15.2600 0.8226 -2.5176 0.9399
15.2247 1.3703 -2.5182 0.9399
15.1697 1.9164 -2.5189 0.9399
13.3724 5.2945 -2.3693 0.9434
12.7322 6.7048 -2.3706 0.9433
12.4852 7.1586 -2.3709 0.9433
11.9425 8.0380 -2.3715 0.9433
11.6476 8.4624 -2.3718 0.9433
11.3374 8.8760 -2.3720 0.9433
11.0124 9.2780 -2.3722 0.9433
8.5158 8.2895 -1.9578 0.9530
6.8784 7.7317 -1.7048 0.9589
9.1810 11.0979 -2.3728 0.9433
8.7767 11.4204 -2.3728 0.9433
6.4080 8.9885 -1.8185 0.9562
7.9346 12.0204 -2.3727 0.9433
7.4978 12.2971 -2.3727 0.9433
6.5955 12.8021 -2.3724 0.9433
5.6592 13.2403 -2.3721 0.9433
5.1798 13.4336 -2.3719 0.9433
4.2017 13.7676 -2.3713 0.9433
3.7043 13.9077 -2.3710 0.9433
3.2022 14.0297 -2.3707 0.9433
2.6961 14.1334 -2.3703 0.9433
2.1866 14.2187 -2.3699 0.9433
1.6745 14.2855 -2.3695 0.9434
0.6450 14.3632 -2.3686 0.9434
0.1290 14.3741 -2.3681 0.9434
-0.3870 14.3663 -2.3676 0.9434
-1.9277 14.2312 -2.3658 0.9434
-2.4367 14.1492 -2.3652 0.9435
-2.9423 14.0488 -2.3646 0.9435
-3.4437 13.9303 -2.3639 0.9435
-3.9404 13.7938 -2.3633 0.9435
-4.4317 13.6395 -2.3626 0.9435
-4.9170 13.4675 -2.3619 0.9435
-5.3956 13.2783 -2.3612 0.9436
-6.7853 12.6093 -2.3589 0.9436
-7.6674 12.0819 -2.3573 0.9436
-8.9127 11.1761 -2.3549 0.9437
-9.6848 10.5005 -2.3533 0.9437
-10.0519 10.1425 -2.3524 0.9438
-10.4058 9.7717 -2.3516 0.9438
-10.7614 9.4019 -2.3541 0.9437
-11.5513 9.3827 -2.4516 0.9415
-12.4373 8.6994 -2.5004 0.9403
-12.7370 8.2444 -2.4995 0.9403
-13.2862 7.3042 -2.4977 0.9404
-14.3520 4.8061 -2.4934 0.9405
-14.5104 4.2864 -2.4925 0.9405
-14.7708 3.2321 -2.4909 0.9405
-14.9552 2.1627 -2.4893 0.9406
-15.0185 1.6239 -2.4886 0.9406
-15.0873 0.5419 -2.4871 0.9406
-15.0927 -0.0000 -2.4864 0.9406
-14.9931 -1.6212 -2.4843 0.9407
-14.9214 -2.1578 -2.4837 0.9407
-14.8307 -2.6914 -2.4831 0.9407
-14.7211 -3.2213 -2.4825 0.9407
-14.5927 -3.7468 -2.4820 0.9408
-14.4456 -4.2673 -2.4814 0.9408
-14.2802 -4.7821 -2.4809 0.9408
-14.0966 -5.2906 -2.4804 0.9408
-13.8951 -5.7921 -2.4800 0.9408
-13.6758 -6.2861 -2.4795 0.9408
-13.1855 -7.2488 -2.4788 0.9408
-12.6281 -8.1740 -2.4781 0.9408
-12.3251 -8.6210 -2.4778 0.9408
-11.2960 -9.8690 -2.4711 0.9410
-10.7366 -10.0823 -2.4263 0.9420
-10.1286 -10.2200 -2.3704 0.9433
-8.4011 -11.3476 -2.3260 0.9444
-7.5656 -11.9215 -2.3260 0.9444
-4.5345 -9.2038 -1.6903 0.9593
-3.8099 -9.3760 -1.6672 0.9598
-3.0970 -9.5316 -1.6510 0.9602
-2.7454 -9.6104 -1.6465 0.9603
-2.3950 -9.6881 -1.6440 0.9604
-1.3772 -10.1672 -1.6902 0.9593
-1.3938 -14.0708 -2.3294 0.9443
0.1270 -14.1476 -2.3308 0.9443
0.6349 -14.1371 -2.3313 0.9442
1.6483 -14.0618 -2.3324 0.9442
2.1526 -13.9970 -2.3330 0.9442
2.6543 -13.9144 -2.3336 0.9442
4.4719 -11.5977 -2.0477 0.9509
6.4212 -13.6458 -2.4844 0.9407
6.9236 -13.4389 -2.4904 0.9406
7.4045 -13.1869 -2.4914 0.9405
8.3371 -12.6301 -2.4931 0.9405
8.7880 -12.3269 -2.4939 0.9405
10.4764 -10.9574 -2.4974 0.9404
10.8668 -10.5780 -2.4983 0.9404
11.6060 -9.7781 -2.5001 0.9403
13.7072 -6.6010 -2.5063 0.9402
14.1553 -5.6045 -2.5081 0.9401
14.6908 -4.0544 -2.5106 0.9401
15.0562 -2.4540 -2.5131 0.9400
15.1394 -1.9125 -2.5139 0.9400
15.2469 -0.8219 -2.5154 0.9400
15.2710 -0.2742 -2.5161 0.9400
15.2754 0.2743 -2.5169 0.9399
15.1697 1.9164 -2.5189 0.9399
15.0950 2.4603 -2.5195 0.9399
15.0006 3.0013 -2.5202 0.9399
13.5512 4.8102 -2.3689 0.9434
13.3724 5.2945 -2.3693 0.9434
10.9965 4.8173 -1.9777 0.9525
12.4852 7.1586 -2.3709 0.9433
11.9425 8.0380 -2.3715 0.9433
11.6475 8.4624 -2.3718 0.9433
10.6731 9.6680 -2.3724 0.9433
7.1537 7.4822 -1.7053 0.9589
6.8784 7.7318 -1.7048 0.9589
9.1809 11.0979 -2.3728 0.9433
8.7767 11.4204 -2.3728 0.9433
7.4978 12.2971 -2.3727 0.9433
6.5955 12.8021 -2.3724 0.9433
5.1798 13.4336 -2.3719 0.9433
4.2016 13.7676 -2.3713 0.9433
3.7042 13.9077 -2.3710 0.9433
2.6961 14.1334 -2.3703 0.9433
2.1866 14.2187 -2.3699 0.9433
1.1604 14.3337 -2.3690 0.9434
0.6450 14.3632 -2.3686 0.9434
-0.3870 14.3663 -2.3676 0.9434
-3.4437 13.9303 -2.3639 0.9435
-3.9404 13.7938 -2.3633 0.9435
-4.4317 13.6395 -2.3626 0.9435
-5.3956 13.2783 -2.3612 0.9436
-6.3304 12.8489 -2.3597 0.9436
-6.7853 12.6093 -2.3589 0.9436
-8.5087 11.4928 -2.3557 0.9437
-8.9127 11.1761 -2.3549 0.9437
-9.3049 10.8452 -2.3541 0.9437
-9.6848 10.5005 -2.3533 0.9437
-11.5513 9.3827 -2.4516 0.9415
-12.1126 9.1369 -2.4995 0.9403
-12.7370 8.2444 -2.4995 0.9403
-13.2862 7.3042 -2.4977 0.9404
-13.7664 6.3276 -2.4960 0.9404
-13.9798 5.8274 -2.4951 0.9404
-14.1751 5.3200 -2.4942 0.9405
-14.7708 3.2321 -2.4909 0.9405
-14.8726 2.6989 -2.4901 0.9406
-15.0185 1.6239 -2.4886 0.9406
-15.0626 1.0835 -2.4878 0.9406
-15.0927 -0.0000 -2.4864 0.9406
-14.9931 -1.6212 -2.4843 0.9407
-14.7211 -3.2213 -2.4825 0.9407
-14.4456 -4.2673 -2.4814 0.9408
-13.4392 -6.7718 -2.4791 0.9408
-13.1855 -7.2488 -2.4788 0.9408
-12.3251 -8.6210 -2.4778 0.9408
-10.7365 -10.0823 -2.4263 0.9420
-10.1286 -10.2200 -2.3704 0.9433
-9.5728 -10.3792 -2.3261 0.9444
-8.8031 -11.0388 -2.3260 0.9444
-8.4011 -11.3476 -2.3260 0.9444
-5.3669 -9.1687 -1.7502 0.9578
-4.9063 -9.1175 -1.7057 0.9589
-4.1764 -9.3054 -1.6803 0.9595
-3.8099 -9.3760 -1.6672 0.9598
-2.7453 -9.6104 -1.6465 0.9603
-2.0467 -9.7729 -1.6449 0.9603
-1.6951 -9.8432 -1.6454 0.9603
-1.3938 -14.0708 -2.3294 0.9443
-0.8880 -14.1144 -2.3298 0.9443
0.1270 -14.1476 -2.3308 0.9443
1.6483 -14.0618 -2.3324 0.9442
3.6478 -13.6955 -2.3348 0.9442
3.6067 -11.8179 -2.0355 0.9511
5.8377 -13.6579 -2.4469 0.9416
7.4045 -13.1869 -2.4914 0.9405
8.7881 -12.3269 -2.4939 0.9405
9.2280 -12.0076 -2.4948 0.9405
9.6565 -11.6726 -2.4957 0.9404
10.0728 -11.3224 -2.4965 0.9404
10.8668 -10.5780 -2.4983 0.9404
11.9538 -9.3585 -2.5010 0.9403
12.2864 -8.9266 -2.5019 0.9403
12.6034 -8.4828 -2.5028 0.9403
13.1889 -7.5621 -2.5045 0.9402
13.4567 -7.0863 -2.5054 0.9402
13.7072 -6.6010 -2.5063 0.9402
13.9402 -6.1069 -2.5072 0.9402
14.1553 -5.6045 -2.5081 0.9401
14.5309 -4.5776 -2.5098 0.9401
14.8318 -3.5256 -2.5115 0.9401
15.1394 -1.9125 -2.5139 0.9400
15.2754 0.2743 -2.5169 0.9399
15.2247 1.3703 -2.5182 0.9399
15.0950 2.4603 -2.5195 0.9399
14.8605 3.5324 -2.5163 0.9400
12.9627 6.2425 -2.3702 0.9433
12.4852 7.1586 -2.3709 0.9433
11.9425 8.0380 -2.3715 0.9433
11.6475 8.4624 -2.3718 0.9433
11.0124 9.2780 -2.3722 0.9433
10.6730 9.6680 -2.3724 0.9433
6.8784 7.7318 -1.7048 0.9589
9.1809 11.0979 -2.3728 0.9433
8.7767 11.4204 -2.3728 0.9433
6.4080 8.9885 -1.8185 0.9562
7.9346 12.0204 -2.3727 0.9433
7.4978 12.2971 -2.3727 0.9433
7.0512 12.5578 -2.3726 0.9433
6.5955 12.8021 -2.3724 0.9433
5.6592 13.2403 -2.3721 0.9433
4.2016 13.7676 -2.3713 0.9433
2.6961 14.1334 -2.3703 0.9433
2.1866 14.2187 -2.3699 0.9433
1.6745 14.2855 -2.3695 0.9434
1.1604 14.3337 -2.3690 0.9434
0.1290 14.3741 -2.3681 0.9434
-0.3870 14.3663 -2.3676 0.9434
-0.9022 14.3398 -2.3670 0.9434
-1.4160 14.2948 -2.3664 0.9434
-1.9278 14.2312 -2.3658 0.9434
-2.9423 14.0488 -2.3646 0.9435
-3.4437 13.9303 -2.3639 0.9435
-3.9404 13.7938 -2.3633 0.9435
-5.3956 13.2783 -2.3612 0.9436
-5.8670 13.0720 -2.3604 0.9436
-7.6674 12.0819 -2.3573 0.9436
-8.0934 11.7949 -2.3565 0.9437
-8.5087 11.4928 -2.3557 0.9437
-8.9127 11.1761 -2.3549 0.9437
-9.6848 10.5005 -2.3533 0.9437
-10.0519 10.1425 -2.3524 0.9438
-10.4058 9.7717 -2.3516 0.9438
-10.7614 9.4019 -2.3541 0.9437
-11.5513 9.3827 -2.4516 0.9415
-12.4373 8.6994 -2.5004 0.9403
-13.0201 7.7791 -2.4986 0.9404
-13.7664 6.3276 -2.4960 0.9404
-13.9798 5.8274 -2.4951 0.9404
-14.3520 4.8061 -2.4934 0.9405
-14.5104 4.2864 -2.4925 0.9405
-14.8726 2.6989 -2.4901 0.9406
-15.0626 1.0835 -2.4878 0.9406
-15.0873 0.5419 -2.4871 0.9406
-15.0788 -0.5417 -2.4857 0.9407
-15.0455 -1.0823 -2.4850 0.9407
-14.9931 -1.6212 -2.4843 0.9407
-14.9214 -2.1578 -2.4837 0.9407
-14.8307 -2.6914 -2.4831 0.9407
-14.4456 -4.2673 -2.4814 0.9408
-14.0966 -5.2906 -2.4804 0.9408
-13.4392 -6.7718 -2.4791 0.9408
-12.9150 -7.7164 -2.4784 0.9408
-12.6281 -8.1740 -2.4781 0.9408
-12.3251 -8.6210 -2.4778 0.9408
-11.6681 -9.4776 -2.4764 0.9409
-10.1286 -10.2200 -2.3704 0.9433
-9.1938 -10.7158 -2.3260 0.9444
-8.8031 -11.0388 -2.3260 0.9444
-7.5656 -11.9215 -2.3260 0.9444
-5.3669 -9.1687 -1.7502 0.9578
-3.4516 -9.4538 -1.6580 0.9600
-2.0467 -9.7728 -1.6449 0.9603
-1.6951 -9.8432 -1.6454 0.9603
-0.3808 -14.1401 -2.3303 0.9443
0.1270 -14.1476 -2.3308 0.9443
2.6543 -13.9144 -2.3336 0.9442
2.7686 -12.1301 -2.0497 0.9508
3.6478 -13.6955 -2.3348 0.9442
3.6067 -11.8179 -2.0355 0.9511
5.8377 -13.6579 -2.4469 0.9416
6.4212 -13.6458 -2.4844 0.9407
7.4045 -13.1869 -2.4914 0.9405
7.8757 -12.9169 -2.4923 0.9405
8.3371 -12.6301 -2.4931 0.9405
9.6565 -11.6726 -2.4957 0.9404
10.4764 -10.9574 -2.4974 0.9404
11.6060 -9.7781 -2.5001 0.9403
11.9538 -9.3585 -2.5010 0.9403
12.2864 -8.9265 -2.5019 0.9403
14.9536 -2.9919 -2.5123 0.9400
15.0562 -2.4540 -2.5131 0.9400
15.1394 -1.9125 -2.5139 0.9400
15.2030 -1.3683 -2.5146 0.9400
15.2469 -0.8219 -2.5154 0.9400
15.2754 0.2743 -2.5169 0.9399
15.1697 1.9164 -2.5189 0.9399
15.0006 3.0013 -2.5202 0.9399
14.8605 3.5324 -2.5163 0.9400
10.9964 4.8173 -1.9777 0.9525
12.9627 6.2425 -2.3702 0.9433
12.7322 6.7048 -2.3706 0.9433
12.4852 7.1586 -2.3709 0.9433
11.6475 8.4625 -2.3718 0.9433
11.3374 8.8760 -2.3720 0.9433
11.0124 9.2780 -2.3722 0.9433
7.1537 7.4822 -1.7053 0.9589
9.1809 11.0979 -2.3728 0.9433
8.7767 11.4204 -2.3728 0.9433
6.4080 8.9885 -1.8185 0.9562
7.4977 12.2971 -2.3727 0.9433
7.0512 12.5578 -2.3726 0.9433
6.5955 12.8021 -2.3724 0.9433
4.6937 13.6095 -2.3716 0.9433
4.2016 13.7676 -2.3713 0.9433
1.6745 14.2855 -2.3695 0.9434
1.1604 14.3337 -2.3690 0.9434
0.6450 14.3632 -2.3686 0.9434
0.1290 14.3741 -2.3681 0.9434
-0.9022 14.3398 -2.3670 0.9434
-1.9278 14.2312 -2.3658 0.9434
-2.4367 14.1492 -2.3652 0.9435
-5.3957 13.2783 -2.3612 0.9436
-6.3304 12.8489 -2.3597 0.9436
-6.7853 12.6093 -2.3589 0.9436
-7.2312 12.3535 -2.3581 0.9436
-7.6674 12.0819 -2.3573 0.9436
-8.0935 11.7949 -2.3565 0.9437
-8.5087 11.4928 -2.3557 0.9437
-8.9127 11.1761 -2.3549 0.9437
-9.6848 10.5005 -2.3533 0.9437
-10.0519 10.1425 -2.3524 0.9438
-10.4058 9.7717 -2.3516 0.9438
-12.7370 8.2444 -2.4995 0.9403
-13.0201 7.7791 -2.4986 0.9404
-13.7664 6.3276 -2.4960 0.9404
-13.9798 5.8274 -2.4951 0.9404
-14.1751 5.3200 -2.4942 0.9405
-14.3520 4.8061 -2.4934 0.9405
-14.5104 4.2864 -2.4925 0.9405
-14.6501 3.7615 -2.4917 0.9405
-15.0185 1.6239 -2.4886 0.9406
-13.2261 -0.4751 -2.4876 0.9476
-13.0893 -1.8929 -2.4859 0.9476
-13.0102 -2.3610 -2.4853 0.9476
-12.9144 -2.8259 -2.4848 0.9476
-12.8021 -3.2870 -2.4843 0.9476
-12.6734 -3.7437 -2.4839 0.9476
-12.5286 -4.1955 -2.4834 0.9476
-12.3678 -4.6417 -2.4830 0.9477
-12.1913 -5.0819 -2.4826 0.9477
-11.7918 -5.9417 -2.4819 0.9477
-11.3322 -6.7707 -2.4812 0.9477
-11.0807 -7.1723 -2.4810 0.9477
-10.8150 -7.5647 -2.4807 0.9477
-10.5355 -7.9473 -2.4805 0.9477
-10.2426 -8.3197 -2.4803 0.9477
-9.9367 -8.6814 -2.4801 0.9477
-9.6181 -9.0320 -2.4800 0.9477
-8.9446 -9.6980 -2.4798 0.9477
-8.5905 -10.0126 -2.4797 0.9477
-8.2166 -10.3033 -2.4770 0.9478
-7.8313 -10.5780 -2.4738 0.9478
-7.3942 -10.7758 -2.4564 0.9482
-6.9090 -10.8868 -2.4236 0.9489
-4.9177 -9.1386 -1.9506 0.9586
-4.5364 -9.2077 -1.9293 0.9591
-4.1738 -9.2996 -1.9159 0.9594
-3.8129 -9.3834 -1.9038 0.9596
-3.4541 -9.4607 -1.8930 0.9598
-2.7460 -9.6128 -1.8791 0.9601
-2.0420 -9.7502 -1.8724 0.9603
-1.6930 -9.8308 -1.8750 0.9602
-1.3571 -10.0186 -1.9003 0.9597
-0.7791 -12.3833 -2.3322 0.9508
-0.3341 -12.4055 -2.3326 0.9507
0.1116 -12.4345 -2.3373 0.9506
0.5626 -12.5262 -2.3568 0.9502
1.4909 -12.7190 -2.4070 0.9492
1.9712 -12.8178 -2.4376 0.9486
2.4644 -12.9187 -2.4720 0.9479
3.4041 -12.7808 -2.4860 0.9476
3.8647 -12.6635 -2.4886 0.9475
4.3179 -12.5198 -2.4893 0.9475
5.2078 -12.1842 -2.4906 0.9475
7.3100 -11.0742 -2.4941 0.9474
7.7051 -10.8079 -2.4949 0.9474
8.4658 -10.2334 -2.4964 0.9474
9.1838 -9.6055 -2.4979 0.9473
9.8555 -8.9274 -2.4994 0.9473
10.4771 -8.2025 -2.5010 0.9473
11.3088 -7.0352 -2.5034 0.9472
11.5577 -6.6268 -2.5041 0.9472
12.4024 -4.9105 -2.5072 0.9472
12.9929 -3.0885 -2.5102 0.9471
13.3746 -0.2401 -2.5143 0.9470
13.3327 1.2000 -2.5161 0.9470
12.7590 4.0194 -2.5144 0.9470
11.7079 4.6355 -2.3668 0.9500
10.9965 4.8173 -2.2565 0.9523
11.1467 5.8699 -2.3679 0.9500
10.6995 6.6561 -2.3685 0.9500
9.9248 7.7700 -2.3692 0.9500
7.8403 6.6055 -1.9270 0.9591
6.9577 6.7728 -1.8251 0.9613
7.1452 7.4733 -1.9434 0.9588
6.8702 7.7226 -1.9428 0.9588
8.0367 9.7147 -2.3698 0.9500
6.2312 8.1081 -1.9221 0.9592
6.9457 10.5223 -2.3698 0.9500
6.1725 10.9928 -2.3697 0.9500
5.7736 11.2067 -2.3695 0.9500
4.9540 11.5905 -2.3692 0.9500
4.1090 11.9140 -2.3688 0.9500
3.2429 12.1754 -2.3683 0.9500
2.8034 12.2825 -2.3680 0.9500
0.1130 12.5857 -2.3657 0.9501
-1.2399 12.5174 -2.3643 0.9501
-1.6881 12.4620 -2.3638 0.9501
-3.0159 12.1998 -2.3621 0.9501
-3.4510 12.0806 -2.3615 0.9501
-4.3067 11.7958 -2.3603 0.9502
-4.7260 11.6305 -2.3597 0.9502
-6.3348 10.8222 -2.3570 0.9502
-6.7173 10.5847 -2.3563 0.9503
-7.0908 10.3337 -2.3556 0.9503
-8.4864 9.2012 -2.3528 0.9503
-10.0182 8.7526 -2.5005 0.9473
-10.6238 8.0139 -2.5013 0.9473
-11.1644 7.2265 -2.4997 0.9473
-11.4131 6.8190 -2.4989 0.9473
-11.8655 5.9789 -2.4974 0.9474
-12.7232 3.7584 -2.4936 0.9474
-12.8462 3.2983 -2.4929 0.9475
-12.9527 2.8343 -2.4922 0.9475
-13.0424 2.3668 -2.4915 0.9475
-13.1714 1.4242 -2.4901 0.9475
-13.2327 0.4753 -2.4888 0.9475
-13.2379 -0.0000 -2.4882 0.9475
-13.1974 -0.9493 -2.4870 0.9476
-13.1518 -1.4221 -2.4864 0.9476
-13.0102 -2.3610 -2.4853 0.9476
-12.8021 -3.2870 -2.4843 0.9476
-12.3678 -4.6417 -2.4830 0.9477
-12.1913 -5.0819 -2.4826 0.9477
-11.9992 -5.5154 -2.4822 0.9477
-11.3322 -6.7707 -2.4812 0.9477
-10.8150 -7.5647 -2.4807 0.9477
-10.5355 -7.9473 -2.4805 0.9477
-9.9367 -8.6815 -2.4801 0.9477
-9.2873 -9.3710 -2.4799 0.9477
-8.5905 -10.0126 -2.4797 0.9477
-6.9090 -10.8868 -2.4236 0.9489
-4.1738 -9.2996 -1.9159 0.9594
-3.8129 -9.3834 -1.9038 0.9596
-2.7460 -9.6128 -1.8791 0.9601
-2.3948 -9.6874 -1.8757 0.9602
-2.0420 -9.7502 -1.8724 0.9603
-1.6930 -9.8308 -1.8750 0.9602
-0.3341 -12.4055 -2.3326 0.9507
1.0219 -12.6219 -2.3802 0.9498
1.4909 -12.7190 -2.4070 0.9492
5.2078 -12.1842 -2.4906 0.9475
5.6433 -11.9927 -2.4913 0.9475
6.0719 -11.7857 -2.4920 0.9475
6.4929 -11.5634 -2.4927 0.9475
6.9058 -11.3262 -2.4934 0.9474
7.3101 -11.0742 -2.4941 0.9474
7.7051 -10.8079 -2.4949 0.9474
8.8304 -9.9260 -2.4971 0.9474
10.7682 -7.8235 -2.5018 0.9473
11.7918 -6.2096 -2.5049 0.9472
12.0108 -5.7841 -2.5057 0.9472
12.4024 -4.9105 -2.5072 0.9472
12.5745 -4.4634 -2.5080 0.9471
12.7304 -4.0104 -2.5087 0.9471
12.8699 -3.5519 -2.5095 0.9471
12.9929 -3.0885 -2.5102 0.9471
13.0991 -2.6208 -2.5109 0.9471
13.1885 -2.1496 -2.5116 0.9471
13.2608 -1.6752 -2.5123 0.9471
13.3746 -0.2401 -2.5143 0.9470
13.3780 0.2402 -2.5149 0.9470
13.2182 2.1544 -2.5173 0.9470
13.1351 2.6281 -2.5178 0.9469
12.9179 3.5651 -2.5188 0.9469
12.1837 4.3247 -2.4300 0.9487
11.3486 5.4652 -2.3676 0.9500
11.1467 5.8699 -2.3679 0.9500
10.4548 7.0367 -2.3687 0.9500
10.1964 7.4081 -2.3690 0.9500
9.9248 7.7700 -2.3692 0.9500
7.1452 7.4733 -1.9434 0.9588
6.8702 7.7226 -1.9428 0.9588
6.5633 10.7645 -2.3697 0.9500
5.3673 11.4061 -2.3694 0.9500
3.2429 12.1755 -2.3683 0.9500
1.9144 12.4485 -2.3673 0.9500
1.4661 12.5072 -2.3670 0.9500
1.0160 12.5497 -2.3666 0.9500
0.5648 12.5759 -2.3662 0.9501
-0.7900 12.5564 -2.3648 0.9501
-1.6881 12.4620 -2.3638 0.9501
-3.4510 12.0806 -2.3615 0.9501
-3.8815 11.9459 -2.3609 0.9502
-4.3067 11.7958 -2.3603 0.9502
-5.1391 11.4502 -2.3590 0.9502
-5.5452 11.2552 -2.3584 0.9502
-6.3348 10.8222 -2.3570 0.9502
-7.0908 10.3337 -2.3556 0.9503
-7.4549 10.0695 -2.3549 0.9503
-7.8092 9.7924 -2.3542 0.9503
-8.8085 8.8879 -2.3520 0.9503
-9.5647 8.9818 -2.4662 0.9480
-11.1644 7.2265 -2.4997 0.9473
-11.4131 6.8190 -2.4989 0.9473
-12.4282 4.6644 -2.4951 0.9474
-12.5839 4.2140 -2.4944 0.9474
-13.0424 2.3668 -2.4915 0.9475
-13.1153 1.8966 -2.4908 0.9475
-13.1714 1.4242 -2.4901 0.9475
-13.2105 0.9502 -2.4895 0.9475
-13.2327 0.4753 -2.4888 0.9475
-13.2261 -0.4751 -2.4876 0.9476
-13.0893 -1.8929 -2.4859 0.9476
-13.0102 -2.3610 -2.4853 0.9476
-12.9144 -2.8259 -2.4848 0.9476
-12.6734 -3.7438 -2.4839 0.9476
-12.5286 -4.1955 -2.4834 0.9476
-12.3678 -4.6417 -2.4830 0.9477
-12.1913 -5.0819 -2.4826 0.9477
-11.7918 -5.9417 -2.4819 0.9477
-10.5355 -7.9473 -2.4805 0.9477
-9.9367 -8.6815 -2.4801 0.9477
-8.9446 -9.6980 -2.4798 0.9477
-8.5905 -10.0126 -2.4797 0.9477
-7.3942 -10.7758 -2.4564 0.9482
-4.9177 -9.1386 -1.9506 0.9586
-4.1738 -9.2996 -1.9159 0.9594
-3.8129 -9.3834 -1.9038 0.9596
-3.4541 -9.4607 -1.8930 0.9598
-3.0986 -9.5367 -1.8848 0.9600
-2.3948 -9.6874 -1.8757 0.9602
-2.0420 -9.7502 -1.8724 0.9603
-1.3571 -10.0186 -1.9003 0.9597
0.5626 -12.5262 -2.3568 0.9502
1.0219 -12.6219 -2.3802 0.9498
1.4909 -12.7190 -2.4070 0.9492
2.4644 -12.9187 -2.4720 0.9479
2.7715 -12.1427 -2.3410 0.9506
3.4041 -12.7808 -2.4860 0.9476
3.8647 -12.6635 -2.4886 0.9475
5.2078 -12.1842 -2.4906 0.9475
5.6434 -11.9927 -2.4913 0.9475
6.0719 -11.7857 -2.4920 0.9475
6.4929 -11.5634 -2.4927 0.9475
7.7051 -10.8079 -2.4949 0.9474
8.0906 -10.5275 -2.4956 0.9474
8.4658 -10.2334 -2.4964 0.9474
9.8555 -8.9274 -2.4994 0.9473
10.4772 -8.2025 -2.5010 0.9473
11.0456 -7.4343 -2.5026 0.9473
11.3088 -7.0352 -2.5034 0.9472
11.7918 -6.2096 -2.5049 0.9472
12.0108 -5.7841 -2.5057 0.9472
12.4024 -4.9105 -2.5072 0.9472
12.5745 -4.4634 -2.5080 0.9471
12.7304 -4.0104 -2.5087 0.9471
12.8699 -3.5519 -2.5095 0.9471
13.1885 -2.1496 -2.5116 0.9471
13.2182 2.1544 -2.5173 0.9470
12.9179 3.5651 -2.5188 0.9469
12.7590 4.0194 -2.5144 0.9470
12.1837 4.3247 -2.4300 0.9487
10.9965 4.8173 -2.2565 0.9523
11.1467 5.8699 -2.3679 0.9500
10.9302 6.2670 -2.3682 0.9500
6.9577 6.7728 -1.8251 0.9613
7.1452 7.4733 -1.9434 0.9588
6.8702 7.7226 -1.9428 0.9588
6.4269 9.0149 -2.0810 0.9559
6.9457 10.5223 -2.3698 0.9500
5.3673 11.4061 -2.3694 0.9500
4.5344 11.7599 -2.3690 0.9500
4.1090 11.9140 -2.3688 0.9500
3.6783 12.0526 -2.3686 0.9500
1.4661 12.5072 -2.3670 0.9500
1.0160 12.5497 -2.3666 0.9500
0.5648 12.5759 -2.3662 0.9501
0.1130 12.5857 -2.3657 0.9501
-0.3388 12.5792 -2.3653 0.9501
-0.7900 12.5564 -2.3648 0.9501
-2.1339 12.3906 -2.3632 0.9501
-3.4511 12.0806 -2.3615 0.9501
-4.3067 11.7958 -2.3603 0.9502
-4.7260 11.6305 -2.3597 0.9502
-5.5452 11.2552 -2.3584 0.9502
-5.9440 11.0458 -2.3577 0.9502
-6.3348 10.8222 -2.3570 0.9502
-6.7173 10.5847 -2.3563 0.9503
-7.0908 10.3337 -2.3556 0.9503
-7.4549 10.0695 -2.3549 0.9503
-7.8092 9.7924 -2.3542 0.9503
-8.4864 9.2012 -2.3528 0.9503
-9.5647 8.9818 -2.4662 0.9480
-10.6238 8.0139 -2.5013 0.9473
-5.5027 3.8489 -1.2622 0.9730
-11.1644 7.2265 -2.4997 0.9473
-11.4131 6.8190 -2.4989 0.9473
-11.8655 5.9789 -2.4974 0.9474
-12.0688 5.5474 -2.4966 0.9474
-12.7233 3.7584 -2.4936 0.9474
-12.8462 3.2983 -2.4929 0.9475
-12.9527 2.8343 -2.4922 0.9475
-13.0424 2.3668 -2.4915 0.9475
-13.1714 1.4242 -2.4901 0.9475
-13.2327 0.4753 -2.4888 0.9475
-13.2379 -0.0000 -2.4882 0.9475
-13.2261 -0.4751 -2.4876 0.9476
-13.1518 -1.4221 -2.4864 0.9476
-12.9144 -2.8259 -2.4848 0.9476
-12.8021 -3.2870 -2.4843 0.9476
-12.6734 -3.7437 -2.4839 0.9476
-12.5286 -4.1955 -2.4834 0.9476
-12.3678 -4.6418 -2.4830 0.9477
-12.1913 -5.0819 -2.4826 0.9477
-11.9992 -5.5154 -2.4822 0.9477
-11.7918 -5.9417 -2.4819 0.9477
-11.5694 -6.3603 -2.4815 0.9477
-11.3322 -6.7707 -2.4812 0.9477
-11.0807 -7.1723 -2.4810 0.9477
-10.8150 -7.5647 -2.4807 0.9477
-9.6181 -9.0320 -2.4800 0.9477
-9.2873 -9.3710 -2.4799 0.9477
-8.2166 -10.3033 -2.4770 0.9478
-7.3941 -10.7758 -2.4564 0.9482
-6.9090 -10.8869 -2.4236 0.9489
-4.5364 -9.2077 -1.9293 0.9591
-3.8129 -9.3834 -1.9038 0.9596
-2.7460 -9.6128 -1.8791 0.9601
-1.6930 -9.8308 -1.8750 0.9602
-1.3571 -10.0186 -1.9003 0.9597
-1.2229 -12.3453 -2.3318 0.9508
-0.3341 -12.4055 -2.3326 0.9507
0.1117 -12.4345 -2.3373 0.9506
0.5626 -12.5263 -2.3568 0.9502
1.9712 -12.8178 -2.4376 0.9486
2.7715 -12.1427 -2.3410 0.9506
3.4041 -12.7808 -2.4860 0.9476
3.8647 -12.6635 -2.4886 0.9475
4.3179 -12.5198 -2.4893 0.9475
4.4702 -11.5934 -2.3355 0.9507
5.2078 -12.1842 -2.4906 0.9475
6.0719 -11.7857 -2.4920 0.9475
7.7052 -10.8079 -2.4949 0.9474
8.4658 -10.2334 -2.4964 0.9474
8.8304 -9.9259 -2.4971 0.9474
9.1839 -9.6055 -2.4979 0.9473
9.5257 -9.2726 -2.4987 0.9473
9.8555 -8.9274 -2.4994 0.9473
10.1728 -8.5706 -2.5002 0.9473
11.3089 -7.0352 -2.5034 0.9472
11.5577 -6.6268 -2.5041 0.9472
12.2144 -5.3509 -2.5065 0.9472
12.4024 -4.9105 -2.5072 0.9472
12.8699 -3.5518 -2.5095 0.9471
12.9929 -3.0885 -2.5102 0.9471
13.0991 -2.6208 -2.5109 0.9471
13.2608 -1.6752 -2.5123 0.9471
13.3160 -1.1984 -2.5130 0.9470
13.3539 -0.7199 -2.5137 0.9470
13.3746 -0.2401 -2.5143 0.9470
13.2840 1.6782 -2.5167 0.9470
13.2182 2.1544 -2.5173 0.9470
13.1351 2.6281 -2.5178 0.9469
13.0350 3.0985 -2.5183 0.9469
12.9179 3.5651 -2.5188 0.9469
12.1837 4.3247 -2.4300 0.9487
10.9302 6.2670 -2.3682 0.9500
9.9248 7.7700 -2.3692 0.9500
7.8403 6.6055 -1.9270 0.9591
7.3977 6.7012 -1.8761 0.9602
7.1452 7.4733 -1.9434 0.9588
6.8702 7.7226 -1.9428 0.9588
8.0367 9.7147 -2.3698 0.9500
6.2312 8.1082 -1.9221 0.9592
6.9457 10.5223 -2.3698 0.9500
6.5633 10.7645 -2.3697 0.9500
6.1724 10.9928 -2.3697 0.9500
5.3673 11.4061 -2.3694 0.9500
4.5344 11.7599 -2.3690 0.9500
2.8034 12.2825 -2.3680 0.9500
1.9144 12.4485 -2.3673 0.9500
1.4661 12.5072 -2.3670 0.9500
1.0160 12.5497 -2.3666 0.9500
0.5648 12.5759 -2.3662 0.9501
0.1129 12.5857 -2.3657 0.9501
-0.3388 12.5792 -2.3653 0.9501
-1.2400 12.5173 -2.3643 0.9501
-1.6881 12.4620 -2.3638 0.9501
-2.1339 12.3906 -2.3632 0.9501
-3.0159 12.1998 -2.3621 0.9501
-3.8815 11.9459 -2.3609 0.9502
-4.7261 11.6305 -2.3597 0.9502
-5.5452 11.2552 -2.3584 0.9502
-6.3348 10.8222 -2.3570 0.9502
-6.7173 10.5847 -2.3563 0.9503
-7.4549 10.0695 -2.3549 0.9503
-7.8092 9.7924 -2.3542 0.9503
-8.4864 9.2012 -2.3528 0.9503
-9.5647 8.9818 -2.4662 0.9480
-10.0182 8.7526 -2.5005 0.9473
-11.6469 6.4029 -2.4982 0.9473
-11.8655 5.9789 -2.4974 0.9474
-12.2564 5.1090 -2.4959 0.9474
-12.4282 4.6643 -2.4951 0.9474
-12.5839 4.2140 -2.4944 0.9474
-12.7233 3.7584 -2.4936 0.9474
-12.8462 3.2983 -2.4929 0.9475
-13.0424 2.3668 -2.4915 0.9475
-13.1153 1.8966 -2.4908 0.9475
-13.2327 0.4753 -2.4888 0.9475
-11.7679 -0.4227 -2.4891 0.9530
-11.7024 -1.2654 -2.4881 0.9530
-11.5770 -2.1009 -2.4871 0.9530
-11.4920 -2.5147 -2.4866 0.9530
-11.0065 -4.1308 -2.4850 0.9531
-10.6788 -4.9085 -2.4843 0.9531
-9.8619 -6.3835 -2.4832 0.9531
-9.6256 -6.7328 -2.4830 0.9531
-9.3769 -7.0734 -2.4828 0.9531
-9.1163 -7.4049 -2.4826 0.9531
-8.8441 -7.7269 -2.4825 0.9531
-7.6461 -8.9118 -2.4821 0.9531
-6.9869 -9.4373 -2.4821 0.9531
-4.5428 -9.2206 -2.1728 0.9588
-3.0985 -9.5364 -2.1195 0.9598
-2.3955 -9.6902 -2.1100 0.9600
-2.0466 -9.7723 -2.1105 0.9600
-1.6924 -9.8270 -2.1078 0.9601
-1.1586 -11.6962 -2.4844 0.9531
1.7890 -11.6331 -2.4879 0.9530
2.6201 -11.4795 -2.4889 0.9530
3.4385 -11.2668 -2.4900 0.9530
4.6330 -10.8395 -2.4918 0.9529
5.0204 -10.6688 -2.4924 0.9529
5.7758 -10.2863 -2.4936 0.9529
6.1429 -10.0749 -2.4943 0.9529
6.5022 -9.8504 -2.4949 0.9529
6.8534 -9.6132 -2.4956 0.9529
7.5295 -9.1016 -2.4969 0.9529
8.1676 -8.5426 -2.4983 0.9528
8.7643 -7.9390 -2.4997 0.9528
9.3165 -7.2938 -2.5011 0.9528
9.5750 -6.9566 -2.5017 0.9528
10.0550 -6.2552 -2.5031 0.9527
10.8587 -4.7570 -2.5059 0.9527
11.0254 -4.3653 -2.5066 0.9527
11.1780 -3.9678 -2.5072 0.9527
11.4399 -3.1572 -2.5086 0.9526
11.6429 -2.3295 -2.5099 0.9526
11.7220 -1.9105 -2.5105 0.9526
11.8346 -1.0651 -2.5117 0.9526
11.8886 0.2134 -2.5134 0.9525
11.8759 0.6402 -2.5140 0.9525
11.8478 1.0663 -2.5145 0.9525
11.8042 1.4912 -2.5150 0.9525
11.7454 1.9144 -2.5155 0.9525
11.6713 2.3352 -2.5160 0.9525
11.5821 2.7531 -2.5164 0.9525
11.3586 3.5782 -2.5173 0.9525
11.2246 3.9843 -2.5177 0.9525
10.6321 4.6577 -2.4536 0.9537
9.9030 5.2149 -2.3658 0.9553
9.5054 5.9133 -2.3663 0.9553
8.8169 6.9027 -2.3669 0.9553
7.8400 6.6052 -2.1670 0.9590
6.9771 6.7917 -2.0582 0.9610
6.5763 6.8783 -2.0115 0.9618
6.0629 7.3288 -2.0106 0.9619
6.2715 8.7969 -2.2837 0.9568
6.1701 9.3474 -2.3675 0.9552
5.4833 9.7654 -2.3674 0.9552
5.1290 9.9555 -2.3673 0.9552
4.7681 10.1327 -2.3671 0.9552
4.4010 10.2967 -2.3670 0.9553
4.0283 10.4472 -2.3668 0.9553
2.4906 10.9120 -2.3659 0.9553
1.7009 11.0598 -2.3653 0.9553
1.3026 11.1122 -2.3650 0.9553
0.9027 11.1501 -2.3646 0.9553
0.1004 11.1826 -2.3639 0.9553
-0.3011 11.1771 -2.3635 0.9553
-0.7020 11.1571 -2.3630 0.9553
-1.5000 11.0737 -2.3621 0.9553
-1.8962 11.0105 -2.3617 0.9553
-2.2897 10.9331 -2.3612 0.9554
-3.8275 10.4834 -2.3591 0.9554
-4.2003 10.3368 -2.3585 0.9554
-5.6309 9.6196 -2.3561 0.9555
-6.3033 9.1860 -2.3549 0.9555
-6.6272 8.9514 -2.3543 0.9555
-6.9423 8.7054 -2.3536 0.9555
-7.3335 8.5475 -2.3806 0.9550
-8.6332 8.1071 -2.5034 0.9527
-9.1875 7.4627 -2.5020 0.9528
-5.4646 4.1221 -1.4469 0.9724
-5.5319 3.8694 -1.4270 0.9728
-10.3580 5.6943 -2.4985 0.9528
-11.0543 4.1487 -2.4958 0.9529
-11.1931 3.7483 -2.4951 0.9529
-11.4273 2.9340 -2.4938 0.9529
-11.6024 2.1055 -2.4926 0.9529
-11.7179 1.2670 -2.4914 0.9530
-11.7731 0.4229 -2.4902 0.9530
-11.7679 -0.4227 -2.4891 0.9530
-11.7427 -0.8447 -2.4886 0.9530
-11.7024 -1.2654 -2.4881 0.9530
-11.5770 -2.1009 -2.4871 0.9530
-11.2780 -3.3315 -2.4858 0.9531
-10.4944 -5.2880 -2.4840 0.9531
-10.0857 -6.0259 -2.4834 0.9531
-9.8619 -6.3835 -2.4832 0.9531
-9.6256 -6.7328 -2.4830 0.9531
-9.3769 -7.0734 -2.4828 0.9531
-9.1163 -7.4049 -2.4826 0.9531
-8.8441 -7.7269 -2.4825 0.9531
-8.5606 -8.0390 -2.4823 0.9531
-8.2662 -8.3407 -2.4822 0.9531
-6.9869 -9.4373 -2.4821 0.9531
-6.6437 -9.6821 -2.4821 0.9531
-4.9157 -9.1350 -2.1928 0.9585
-4.1780 -9.3089 -2.1568 0.9591
-2.7464 -9.6141 -2.1135 0.9599
-1.1586 -11.6962 -2.4844 0.9531
-0.7382 -11.7341 -2.4853 0.9531
-0.3166 -11.7549 -2.4857 0.9531
0.9494 -11.7269 -2.4869 0.9530
1.3700 -11.6875 -2.4874 0.9530
3.0312 -11.3805 -2.4895 0.9530
3.8416 -11.1387 -2.4906 0.9530
4.2399 -10.9962 -2.4912 0.9530
5.4014 -10.4843 -2.4930 0.9529
6.5022 -9.8504 -2.4949 0.9529
7.1960 -9.3635 -2.4962 0.9529
7.5295 -9.1016 -2.4969 0.9529
8.1676 -8.5426 -2.4983 0.9528
8.4713 -8.2462 -2.4990 0.9528
9.0461 -7.6214 -2.5004 0.9528
9.3165 -7.2938 -2.5011 0.9528
9.5750 -6.9566 -2.5017 0.9528
9.8213 -6.6103 -2.5024 0.9528
10.2759 -5.8919 -2.5038 0.9527
10.6780 -5.1423 -2.5052 0.9527
11.0254 -4.3653 -2.5066 0.9527
11.1780 -3.9678 -2.5072 0.9527
11.3163 -3.5649 -2.5079 0.9527
11.4399 -3.1572 -2.5086 0.9526
11.5489 -2.7452 -2.5092 0.9526
11.7220 -1.9105 -2.5105 0.9526
11.7859 -1.4889 -2.5111 0.9526
11.8346 -1.0651 -2.5117 0.9526
11.8680 -0.6398 -2.5123 0.9526
11.8759 0.6402 -2.5140 0.9525
11.8477 1.0663 -2.5145 0.9525
11.8042 1.4912 -2.5150 0.9525
11.7454 1.9144 -2.5155 0.9525
11.6713 2.3352 -2.5160 0.9525
11.5821 2.7531 -2.5164 0.9525
11.4778 3.1677 -2.5169 0.9525
11.2246 3.9843 -2.5177 0.9525
11.0553 4.3771 -2.5134 0.9526
9.2879 6.2513 -2.3665 0.9553
9.0583 6.5812 -2.3667 0.9553
8.8169 6.9027 -2.3669 0.9553
7.8400 6.6052 -2.1670 0.9590
7.3974 6.7009 -2.1098 0.9600
6.9771 6.7917 -2.0582 0.9610
6.2715 8.7969 -2.2837 0.9568
5.8305 9.5626 -2.3674 0.9552
5.4833 9.7654 -2.3674 0.9552
4.7681 10.1327 -2.3671 0.9552
4.0283 10.4472 -2.3668 0.9553
3.6503 10.5842 -2.3666 0.9553
3.2677 10.7074 -2.3664 0.9553
2.8810 10.8167 -2.3662 0.9553
2.4906 10.9120 -2.3659 0.9553
2.0970 10.9930 -2.3656 0.9553
0.5018 11.1736 -2.3643 0.9553
0.1004 11.1826 -2.3639 0.9553
-1.8962 11.0105 -2.3617 0.9553
-2.2897 10.9331 -2.3612 0.9554
-3.4495 10.6165 -2.3596 0.9554
-3.8275 10.4834 -2.3591 0.9554
-4.2004 10.3368 -2.3585 0.9554
-6.3033 9.1860 -2.3549 0.9555
-6.6272 8.9514 -2.3543 0.9555
-6.9424 8.7054 -2.3536 0.9555
-7.3335 8.5475 -2.3806 0.9550
-8.3314 8.4065 -2.5018 0.9528
-8.6332 8.1071 -2.5034 0.9527
-5.4646 4.1221 -1.4469 0.9724
-5.5319 3.8694 -1.4270 0.9728
-5.5876 3.6168 -1.4069 0.9732
-10.1497 6.0641 -2.4992 0.9528
-10.3580 5.6943 -2.4985 0.9528
-11.1931 3.7483 -2.4951 0.9529
-11.5223 2.5213 -2.4932 0.9529
-11.6025 2.1055 -2.4926 0.9529
-11.7179 1.2670 -2.4914 0.9530
-11.7531 0.8454 -2.4908 0.9530
-11.7731 0.4229 -2.4902 0.9530
-11.7427 -0.8447 -2.4886 0.9530
-11.7024 -1.2654 -2.4881 0.9530
-11.6471 -1.6843 -2.4876 0.9530
-11.4920 -2.5147 -2.4866 0.9530
-11.3923 -2.9251 -2.4862 0.9531
-10.8496 -4.5226 -2.4847 0.9531
-10.0857 -6.0259 -2.4834 0.9531
-9.8619 -6.3835 -2.4832 0.9531
-9.3769 -7.0734 -2.4828 0.9531
-8.2662 -8.3407 -2.4822 0.9531
-7.9612 -8.6318 -2.4821 0.9531
-7.3211 -9.1804 -2.4821 0.9531
-6.9869 -9.4373 -2.4821 0.9531
-6.6436 -9.6821 -2.4821 0.9531
-4.5428 -9.2206 -2.1728 0.9588
-3.8124 -9.3821 -2.1407 0.9594
-3.4537 -9.4596 -2.1287 0.9597
-2.7464 -9.6141 -2.1135 0.9599
-1.6924 -9.8270 -2.1078 0.9601
-1.1586 -11.6962 -2.4844 0.9531
0.5278 -11.7513 -2.4865 0.9530
0.9494 -11.7269 -2.4869 0.9530
1.7890 -11.6331 -2.4879 0.9530
2.6201 -11.4795 -2.4889 0.9530
3.4385 -11.2668 -2.4900 0.9530
4.2399 -10.9962 -2.4912 0.9530
4.6330 -10.8395 -2.4918 0.9529
5.7758 -10.2863 -2.4936 0.9529
6.5022 -9.8504 -2.4949 0.9529
7.1960 -9.3635 -2.4962 0.9529
7.5295 -9.1016 -2.4969 0.9529
7.8535 -8.8279 -2.4976 0.9528
9.0461 -7.6214 -2.5004 0.9528
9.5750 -6.9566 -2.5017 0.9528
9.8213 -6.6103 -2.5024 0.9528
10.2759 -5.8919 -2.5038 0.9527
11.0254 -4.3653 -2.5066 0.9527
11.4399 -3.1572 -2.5086 0.9526
11.6429 -2.3295 -2.5099 0.9526
11.8886 0.2135 -2.5134 0.9525
11.8759 0.6402 -2.5140 0.9525
11.8477 1.0663 -2.5145 0.9525
11.7454 1.9144 -2.5155 0.9525
11.4778 3.1677 -2.5169 0.9525
11.2246 3.9843 -2.5177 0.9525
9.7105 5.5677 -2.3661 0.9553
9.5054 5.9133 -2.3663 0.9553
9.2879 6.2513 -2.3665 0.9553
9.0583 6.5812 -2.3667 0.9553
8.8169 6.9027 -2.3669 0.9553
7.8400 6.6052 -2.1670 0.9590
6.9771 6.7917 -2.0582 0.9610
6.5763 6.8783 -2.0115 0.9618
6.2715 8.7969 -2.2837 0.9568
5.8305 9.5626 -2.3674 0.9552
5.4833 9.7654 -2.3674 0.9552
5.1290 9.9555 -2.3673 0.9552
4.0282 10.4472 -2.3668 0.9553
3.6503 10.5842 -2.3666 0.9553
3.2677 10.7074 -2.3664 0.9553
2.4906 10.9120 -2.3659 0.9553
1.7008 11.0598 -2.3653 0.9553
1.3026 11.1122 -2.3650 0.9553
0.9027 11.1501 -2.3646 0.9553
-0.3011 11.1771 -2.3635 0.9553
-1.5001 11.0737 -2.3621 0.9553
-1.8962 11.0105 -2.3617 0.9553
-2.6801 10.8415 -2.3607 0.9554
-3.0669 10.7359 -2.3601 0.9554
-3.4495 10.6165 -2.3596 0.9554
-4.2004 10.3368 -2.3585 0.9554
-4.5676 10.1769 -2.3579 0.9554
-4.9287 10.0039 -2.3573 0.9554
-5.9710 9.4088 -2.3555 0.9555
-6.9424 8.7054 -2.3536 0.9555
-7.3335 8.5475 -2.3806 0.9550
-7.9876 8.6604 -2.4904 0.9530
-8.3314 8.4065 -2.5018 0.9528
-8.9162 7.7898 -2.5027 0.9527
-9.1875 7.4627 -2.5020 0.9528
-10.3580 5.6943 -2.4985 0.9528
-10.7339 4.9338 -2.4971 0.9528
-10.9012 4.5441 -2.4965 0.9529
-11.0543 4.1487 -2.4958 0.9529
-11.1931 3.7483 -2.4951 0.9529
-11.3175 3.3432 -2.4945 0.9529
-11.5223 2.5213 -2.4932 0.9529
-11.7179 1.2670 -2.4914 0.9530
-11.7531 0.8454 -2.4908 0.9530
-11.7781 -0.0000 -2.4897 0.9530
-11.7679 -0.4227 -2.4891 0.9530
-11.6471 -1.6843 -2.4876 0.9530
-11.0065 -4.1308 -2.4850 0.9531
-10.6788 -4.9085 -2.4843 0.9531
-10.4944 -5.2880 -2.4840 0.9531
-10.2966 -5.6606 -2.4837 0.9531
-10.0857 -6.0259 -2.4834 0.9531
-9.6256 -6.7328 -2.4830 0.9531
-9.3769 -7.0734 -2.4828 0.9531
-9.1163 -7.4049 -2.4826 0.9531
-8.5606 -8.0390 -2.4823 0.9531
-8.2662 -8.3407 -2.4822 0.9531
-7.9612 -8.6318 -2.4821 0.9531
-7.6461 -8.9118 -2.4821 0.9531
-7.3211 -9.1804 -2.4821 0.9531
-6.2919 -9.9146 -2.4821 0.9531
-5.3215 -9.0911 -2.2267 0.9578
-4.9157 -9.1350 -2.1928 0.9585
-3.4537 -9.4596 -2.1287 0.9597
-3.0985 -9.5364 -2.1195 0.9598
-2.7464 -9.6141 -2.1135 0.9599
-2.3955 -9.6902 -2.1100 0.9600
-1.3601 -10.0410 -2.1419 0.9594
-1.1586 -11.6962 -2.4844 0.9531
-0.7382 -11.7341 -2.4853 0.9531
-0.3166 -11.7549 -2.4857 0.9531
0.1056 -11.7607 -2.4861 0.9531
0.5278 -11.7513 -2.4865 0.9530
0.9494 -11.7269 -2.4869 0.9530
1.3700 -11.6875 -2.4874 0.9530
2.2059 -11.5637 -2.4884 0.9530
2.6201 -11.4795 -2.4889 0.9530
3.0312 -11.3805 -2.4895 0.9530
3.8416 -11.1387 -2.4906 0.9530
4.2399 -10.9962 -2.4912 0.9530
4.6330 -10.8395 -2.4918 0.9529
6.8535 -9.6132 -2.4956 0.9529
7.8536 -8.8279 -2.4976 0.9528
8.1676 -8.5426 -2.4983 0.9528
8.7643 -7.9390 -2.4997 0.9528
9.8213 -6.6103 -2.5024 0.9528
10.0550 -6.2552 -2.5031 0.9527
10.6780 -5.1423 -2.5052 0.9527
11.5489 -2.7452 -2.5092 0.9526
11.7859 -1.4889 -2.5111 0.9526
11.8680 -0.6398 -2.5123 0.9526
11.8860 -0.2134 -2.5129 0.9526
11.8886 0.2135 -2.5134 0.9525
11.8759 0.6402 -2.5140 0.9525
11.8042 1.4912 -2.5150 0.9525
11.5821 2.7531 -2.5164 0.9525
11.3586 3.5783 -2.5173 0.9525
11.0553 4.3771 -2.5134 0.9526
9.9030 5.2149 -2.3658 0.9553
9.2879 6.2513 -2.3665 0.9553
9.0583 6.5812 -2.3667 0.9553
8.8169 6.9027 -2.3669 0.9553
7.8400 6.6052 -2.1670 0.9590
6.5763 6.8783 -2.0115 0.9618
6.2715 8.7970 -2.2837 0.9568
6.1701 9.3474 -2.3675 0.9552
5.8305 9.5626 -2.3674 0.9552
5.1290 9.9555 -2.3673 0.9552
4.7681 10.1327 -2.3671 0.9552
4.4010 10.2966 -2.3670 0.9553
4.0283 10.4472 -2.3668 0.9553
3.6503 10.5842 -2.3666 0.9553
2.8810 10.8168 -2.3662 0.9553
2.4906 10.9120 -2.3659 0.9553
2.0970 10.9930 -2.3656 0.9553
1.7008 11.0598 -2.3653 0.9553
1.3026 11.1122 -2.3650 0.9553
0.9027 11.1501 -2.3646 0.9553
0.5018 11.1736 -2.3643 0.9553
0.1003 11.1826 -2.3639 0.9553
-0.7020 11.1571 -2.3630 0.9553
-1.1018 11.1226 -2.3626 0.9553
-1.8962 11.0105 -2.3617 0.9553
-3.0669 10.7359 -2.3601 0.9554
-3.4495 10.6165 -2.3596 0.9554
-3.8275 10.4834 -2.3591 0.9554
-4.5676 10.1769 -2.3579 0.9554
-4.9287 10.0039 -2.3573 0.9554
-5.2833 9.8180 -2.3567 0.9554
-5.6309 9.6196 -2.3561 0.9555
-6.3033 9.1860 -2.3549 0.9555
-6.6272 8.9514 -2.3543 0.9555
-6.9424 8.7054 -2.3536 0.9555
-7.3335 8.5475 -2.3806 0.9550
-7.9876 8.6604 -2.4904 0.9530
-8.9162 7.7898 -2.5027 0.9527
-9.1875 7.4627 -2.5020 0.9528
-5.4646 4.1221 -1.4469 0.9724
-5.5320 3.8694 -1.4270 0.9728
-10.1497 6.0641 -2.4992 0.9528
-10.3580 5.6943 -2.4985 0.9528
-10.7339 4.9338 -2.4971 0.9528
-10.9012 4.5441 -2.4965 0.9529
-11.0543 4.1487 -2.4958 0.9529
-11.4273 2.9340 -2.4938 0.9529
-11.6677 1.6873 -2.4920 0.9529
-11.7179 1.2670 -2.4914 0.9530
-11.7531 0.8454 -2.4908 0.9530
-11.7731 0.4228 -2.4902 0.9530
-10.5982 -0.0000 -2.4908 0.9574
-10.5893 -0.3804 -2.4903 0.9574
-10.5668 -0.7601 -2.4899 0.9574
-10.5308 -1.1387 -2.4894 0.9574
-10.4812 -1.5157 -2.4890 0.9574
-10.3420 -2.2630 -2.4881 0.9574
-10.2525 -2.6324 -2.4877 0.9574
-10.1498 -2.9983 -2.4873 0.9574
-9.9058 -3.7177 -2.4866 0.9575
-9.4453 -4.7593 -2.4857 0.9575
-8.8763 -5.7455 -2.4850 0.9575
-8.6636 -6.0599 -2.4848 0.9575
-8.2054 -6.6650 -2.4845 0.9575
-7.4403 -7.5074 -2.4841 0.9575
-6.8822 -8.0215 -2.4840 0.9575
-5.3395 -9.1218 -2.4841 0.9575
-5.0088 -9.3079 -2.4842 0.9575
-4.6716 -9.4821 -2.4843 0.9575
-3.2673 -10.0557 -2.4849 0.9575
-2.0419 -9.7496 -2.3411 0.9599
-1.6946 -9.8398 -2.3466 0.9598
-1.4200 -10.4829 -2.4862 0.9575
-1.0429 -10.5284 -2.4865 0.9575
-0.6644 -10.5605 -2.4869 0.9575
0.8544 -10.5533 -2.4884 0.9574
1.2329 -10.5176 -2.4888 0.9574
3.8150 -9.8940 -2.4922 0.9574
4.1685 -9.7528 -2.4927 0.9574
5.5265 -9.0639 -2.4950 0.9573
6.4734 -8.4233 -2.4968 0.9573
7.0645 -7.9410 -2.4980 0.9573
7.3469 -7.6842 -2.4986 0.9573
7.6198 -7.4174 -2.4992 0.9572
7.8832 -7.1408 -2.4998 0.9572
8.3794 -6.5601 -2.5011 0.9572
8.6116 -6.2567 -2.5017 0.9572
9.0428 -5.6255 -2.5030 0.9572
9.2412 -5.2986 -2.5036 0.9572
9.6023 -4.6242 -2.5048 0.9572
9.7645 -4.2776 -2.5054 0.9571
9.9142 -3.9253 -2.5061 0.9571
10.1752 -3.2054 -2.5073 0.9571
10.3838 -2.4683 -2.5084 0.9571
10.5961 -1.3386 -2.5101 0.9571
10.6693 -0.5752 -2.5112 0.9570
10.6875 0.1919 -2.5122 0.9570
10.6502 0.9585 -2.5132 0.9570
10.5578 1.7208 -2.5141 0.9570
10.4106 2.4747 -2.5149 0.9570
10.0888 3.5811 -2.5160 0.9570
9.8084 4.2969 -2.5167 0.9570
9.3588 4.9284 -2.4859 0.9575
8.3473 5.6182 -2.3648 0.9595
7.9239 6.2035 -2.3651 0.9595
6.9010 6.7176 -2.2634 0.9612
6.5216 6.8211 -2.2179 0.9620
6.0157 7.2717 -2.2180 0.9620
6.0803 7.9118 -2.3451 0.9598
5.8431 8.1961 -2.3657 0.9595
5.2399 8.5939 -2.3656 0.9595
4.2851 9.1063 -2.3653 0.9595
2.4753 7.1771 -1.7843 0.9693
2.2384 9.8072 -2.3642 0.9595
1.1707 9.9875 -2.3634 0.9595
0.4510 10.0431 -2.3627 0.9595
-0.2706 10.0465 -2.3620 0.9595
-1.3484 9.9542 -2.3608 0.9596
-2.0583 9.8282 -2.3600 0.9596
-3.1011 9.5442 -2.3586 0.9596
-4.1065 9.1497 -2.3570 0.9596
-4.7503 8.8275 -2.3560 0.9596
-6.6299 8.3137 -2.4991 0.9572
-7.4992 7.5668 -2.5038 0.9572
-8.0188 7.0058 -2.5025 0.9572
-5.5134 4.1590 -1.6231 0.9720
-5.5415 3.8761 -1.5894 0.9726
-8.9300 5.7802 -2.5000 0.9572
-9.3170 5.1221 -2.4988 0.9573
-9.6557 4.4382 -2.4976 0.9573
-9.9445 3.7322 -2.4964 0.9573
-10.1818 3.0077 -2.4952 0.9573
-10.2808 2.6396 -2.4946 0.9573
-10.3665 2.2684 -2.4940 0.9573
-10.4389 1.8944 -2.4935 0.9573
-10.4979 1.5181 -2.4929 0.9574
-10.5433 1.1400 -2.4924 0.9574
-10.5982 -0.0000 -2.4908 0.9574
-10.4183 -1.8907 -2.4885 0.9574
-10.3420 -2.2630 -2.4881 0.9574
-10.1498 -2.9983 -2.4873 0.9574
-9.7647 -4.0704 -2.4863 0.9575
-9.4453 -4.7593 -2.4857 0.9575
-9.0776 -5.4236 -2.4852 0.9575
-8.8763 -5.7455 -2.4850 0.9575
-8.4399 -6.3665 -2.4846 0.9575
-8.2054 -6.6650 -2.4845 0.9575
-6.5898 -8.2633 -2.4840 0.9575
-5.6633 -8.9240 -2.4840 0.9575
-5.3395 -9.1218 -2.4841 0.9575
-5.0088 -9.3079 -2.4842 0.9575
-4.3285 -9.6442 -2.4844 0.9575
-3.6259 -9.9312 -2.4848 0.9575
-3.2673 -10.0557 -2.4849 0.9575
-2.9045 -10.1674 -2.4852 0.9575
-2.5379 -10.2661 -2.4854 0.9575
-2.0419 -9.7496 -2.3411 0.9599
-1.6946 -9.8398 -2.3466 0.9598
-1.4200 -10.4829 -2.4862 0.9575
-1.0429 -10.5284 -2.4865 0.9575
-0.6644 -10.5605 -2.4869 0.9575
-0.2849 -10.5791 -2.4872 0.9574
1.2329 -10.5176 -2.4888 0.9574
2.3577 -10.3298 -2.4902 0.9574
2.7275 -10.2405 -2.4907 0.9574
3.0940 -10.1380 -2.4912 0.9574
3.4566 -10.0225 -2.4917 0.9574
3.8150 -9.8940 -2.4922 0.9574
4.1685 -9.7528 -2.4927 0.9574
4.8597 -9.4328 -2.4938 0.9573
5.1963 -9.2543 -2.4944 0.9573
5.5265 -9.0639 -2.4950 0.9573
6.1654 -8.6482 -2.4962 0.9573
6.7733 -8.1875 -2.4974 0.9573
7.0645 -7.9410 -2.4980 0.9573
7.3469 -7.6842 -2.4986 0.9573
7.6198 -7.4174 -2.4992 0.9572
8.3794 -6.5601 -2.5011 0.9572
8.6116 -6.2567 -2.5017 0.9572
8.8329 -5.9450 -2.5023 0.9572
9.0428 -5.6255 -2.5030 0.9572
9.2412 -5.2986 -2.5036 0.9572
9.6023 -4.6242 -2.5048 0.9572
9.7645 -4.2776 -2.5054 0.9571
10.0511 -3.5678 -2.5067 0.9571
10.1752 -3.2054 -2.5073 0.9571
10.2861 -2.8388 -2.5078 0.9571
10.3838 -2.4683 -2.5084 0.9571
10.4681 -2.0944 -2.5090 0.9571
10.5389 -1.7177 -2.5096 0.9571
10.5961 -1.3386 -2.5101 0.9571
10.6853 -0.1918 -2.5117 0.9570
10.6758 0.5755 -2.5127 0.9570
10.5578 1.7208 -2.5141 0.9570
9.3588 4.9284 -2.4859 0.9575
8.8282 5.0618 -2.3917 0.9590
8.5429 5.3145 -2.3646 0.9595
8.3473 5.6182 -2.3648 0.9595
8.1409 5.9147 -2.3650 0.9595
7.9239 6.2035 -2.3651 0.9595
7.6965 6.4844 -2.3653 0.9595
7.3168 6.6278 -2.3202 0.9602
5.5451 8.4004 -2.3656 0.9595
5.2398 8.5939 -2.3656 0.9595
4.9278 8.7762 -2.3655 0.9595
4.6094 8.9471 -2.3654 0.9595
3.9552 9.2537 -2.3652 0.9595
3.6203 9.3891 -2.3650 0.9595
2.9368 9.6232 -2.3646 0.9595
2.2384 9.8072 -2.3642 0.9595
1.8847 9.8802 -2.3639 0.9595
1.5287 9.9403 -2.3637 0.9595
0.8114 10.0218 -2.3631 0.9595
-0.2706 10.0465 -2.3620 0.9595
-0.9904 9.9979 -2.3612 0.9596
-1.3484 9.9542 -2.3608 0.9596
-1.7045 9.8976 -2.3604 0.9596
-2.0583 9.8282 -2.3600 0.9596
-2.7571 9.6514 -2.3590 0.9596
-3.4410 9.4248 -2.3581 0.9596
-4.1065 9.1497 -2.3570 0.9596
-4.4314 8.9943 -2.3565 0.9596
-5.3689 8.4600 -2.3549 0.9597
-5.6677 8.2599 -2.3543 0.9597
-6.1411 8.2949 -2.4256 0.9585
-6.6299 8.3137 -2.4991 0.9572
-6.9359 8.0840 -2.5034 0.9572
-7.2246 7.8331 -2.5044 0.9572
-7.4992 7.5668 -2.5038 0.9572
-7.7641 7.2909 -2.5032 0.9572
-8.0188 7.0058 -2.5025 0.9572
-8.9300 5.7802 -2.5000 0.9572
-9.1294 5.4546 -2.4994 0.9572
-9.4925 4.7831 -2.4982 0.9573
-9.8064 4.0878 -2.4970 0.9573
-9.9445 3.7322 -2.4964 0.9573
-10.0696 3.3720 -2.4958 0.9573
-10.2808 2.6396 -2.4946 0.9573
-10.4389 1.8944 -2.4935 0.9573
-10.5433 1.1400 -2.4924 0.9574
-10.5416 0.7583 -2.4839 0.9575
-10.5935 0.3805 -2.4913 0.9574
-10.5893 -0.3804 -2.4903 0.9574
-10.5668 -0.7601 -2.4899 0.9574
-10.4812 -1.5157 -2.4890 0.9574
-10.3420 -2.2630 -2.4881 0.9574
-9.9058 -3.7177 -2.4866 0.9575
-9.6111 -4.4177 -2.4860 0.9575
-9.4453 -4.7593 -2.4857 0.9575
-9.2674 -5.0948 -2.4855 0.9575
-8.8763 -5.7455 -2.4850 0.9575
-8.4399 -6.3665 -2.4846 0.9575
-7.9604 -6.9548 -2.4843 0.9575
-7.7053 -7.2358 -2.4842 0.9575
-6.8822 -8.0215 -2.4840 0.9575
-6.5898 -8.2633 -2.4840 0.9575
-6.2889 -8.4945 -2.4840 0.9575
-5.0088 -9.3079 -2.4842 0.9575
-4.6716 -9.4821 -2.4843 0.9575
-3.9797 -9.7939 -2.4846 0.9575
-3.2673 -10.0557 -2.4849 0.9575
-2.5379 -10.2661 -2.4854 0.9575
-2.0419 -9.7496 -2.3411 0.9599
-1.6946 -9.8398 -2.3466 0.9598
-1.0429 -10.5284 -2.4865 0.9575
-0.6644 -10.5605 -2.4869 0.9575
-0.2849 -10.5791 -2.4872 0.9574
0.8544 -10.5533 -2.4884 0.9574
1.2329 -10.5176 -2.4888 0.9574
1.6099 -10.4684 -2.4892 0.9574
2.3577 -10.3298 -2.4902 0.9574
2.7275 -10.2405 -2.4907 0.9574
3.0940 -10.1380 -2.4912 0.9574
4.5169 -9.5990 -2.4933 0.9573
5.1963 -9.2543 -2.4944 0.9573
5.5265 -9.0639 -2.4950 0.9573
5.8496 -8.8618 -2.4956 0.9573
6.1654 -8.6482 -2.4962 0.9573
7.3469 -7.6842 -2.4986 0.9573
7.6198 -7.4174 -2.4992 0.9572
7.8832 -7.1408 -2.4998 0.9572
8.1364 -6.8550 -2.5005 0.9572
8.3794 -6.5601 -2.5011 0.9572
9.4278 -4.9647 -2.5042 0.9572
9.7645 -4.2776 -2.5054 0.9571
9.9142 -3.9253 -2.5061 0.9571
10.0511 -3.5678 -2.5067 0.9571
10.1752 -3.2054 -2.5073 0.9571
10.4681 -2.0944 -2.5090 0.9571
10.5389 -1.7177 -2.5096 0.9571
10.5961 -1.3386 -2.5101 0.9571
10.6875 0.1919 -2.5122 0.9570
10.5578 1.7208 -2.5141 0.9570
9.8084 4.2969 -2.5167 0.9570
9.6340 4.6395 -2.5131 0.9570
8.8282 5.0618 -2.3917 0.9590
8.1409 5.9147 -2.3650 0.9595
7.9239 6.2035 -2.3651 0.9595
7.3167 6.6278 -2.3202 0.9602
6.5216 6.8211 -2.2179 0.9620
6.0803 7.9118 -2.3451 0.9598
5.8431 8.1961 -2.3657 0.9595
5.5451 8.4004 -2.3656 0.9595
5.2398 8.5939 -2.3656 0.9595
4.9278 8.7762 -2.3655 0.9595
4.6094 8.9471 -2.3654 0.9595
4.2851 9.1063 -2.3653 0.9595
3.6203 9.3892 -2.3650 0.9595
2.4753 7.1771 -1.7843 0.9693
2.9368 9.6232 -2.3646 0.9595
1.8847 9.8802 -2.3639 0.9595
1.5287 9.9403 -2.3637 0.9595
1.1707 9.9875 -2.3634 0.9595
0.8114 10.0218 -2.3631 0.9595
0.0902 10.0513 -2.3624 0.9595
-0.6310 10.0287 -2.3616 0.9596
-0.9904 9.9979 -2.3612 0.9596
-1.3484 9.9542 -2.3608 0.9596
-1.7045 9.8976 -2.3604 0.9596
-2.4093 9.7461 -2.3595 0.9596
-2.7571 9.6514 -2.3590 0.9596
-3.4410 9.4248 -2.3581 0.9596
-4.1066 9.1497 -2.3570 0.9596
-4.4314 8.9943 -2.3565 0.9596
-4.7503 8.8275 -2.3560 0.9596
-5.0629 8.6493 -2.3554 0.9597
-5.6677 8.2599 -2.3543 0.9597
-6.1411 8.2949 -2.4256 0.9585
-6.6300 8.3137 -2.4991 0.9572
-7.2246 7.8331 -2.5044 0.9572
-7.7641 7.2909 -2.5032 0.9572
-5.5134 4.1590 -1.6231 0.9720
-5.5415 3.8761 -1.5894 0.9726
-9.3170 5.1221 -2.4988 0.9573
-9.6557 4.4382 -2.4976 0.9573
-9.8064 4.0878 -2.4970 0.9573
-9.9445 3.7322 -2.4964 0.9573
-10.0696 3.3720 -2.4958 0.9573
-10.2808 2.6396 -2.4946 0.9573
-10.3665 2.2684 -2.4940 0.9573
-10.4389 1.8944 -2.4935 0.9573
-10.5416 0.7583 -2.4839 0.9575
-10.5982 -0.0000 -2.4908 0.9574
-10.5308 -1.1387 -2.4894 0.9574
-10.3420 -2.2630 -2.4881 0.9574
-10.1498 -2.9983 -2.4873 0.9574
-10.0342 -3.3602 -2.4870 0.9575
-9.9058 -3.7177 -2.4866 0.9575
-9.7647 -4.0704 -2.4863 0.9575
-9.6111 -4.4177 -2.4860 0.9575
-9.4453 -4.7593 -2.4857 0.9575
-9.2674 -5.0948 -2.4855 0.9575
-9.0776 -5.4236 -2.4852 0.9575
-8.8763 -5.7455 -2.4850 0.9575
-8.4399 -6.3666 -2.4846 0.9575
-8.2054 -6.6650 -2.4845 0.9575
-7.9604 -6.9549 -2.4843 0.9575
-7.7053 -7.2358 -2.4842 0.9575
-7.4403 -7.5074 -2.4841 0.9575
-6.8822 -8.0215 -2.4840 0.9575
-6.5898 -8.2633 -2.4840 0.9575
-6.2889 -8.4945 -2.4840 0.9575
-5.9799 -8.7149 -2.4840 0.9575
-4.3285 -9.6442 -2.4844 0.9575
-3.2673 -10.0557 -2.4849 0.9575
-2.9045 -10.1674 -2.4852 0.9575
-2.0419 -9.7496 -2.3411 0.9599
-1.6946 -9.8398 -2.3466 0.9598
-1.4200 -10.4829 -2.4862 0.9575
-0.6644 -10.5605 -2.4869 0.9575
0.8544 -10.5533 -2.4884 0.9574
1.2329 -10.5176 -2.4888 0.9574
1.9850 -10.4058 -2.4897 0.9574
2.3577 -10.3298 -2.4902 0.9574
3.8150 -9.8940 -2.4922 0.9574
4.8597 -9.4327 -2.4938 0.9573
5.1963 -9.2543 -2.4944 0.9573
5.5265 -9.0639 -2.4950 0.9573
5.8496 -8.8618 -2.4956 0.9573
6.4735 -8.4233 -2.4968 0.9573
6.7733 -8.1875 -2.4974 0.9573
7.0645 -7.9410 -2.4980 0.9573
7.6198 -7.4174 -2.4992 0.9572
7.8832 -7.1408 -2.4998 0.9572
8.1364 -6.8550 -2.5005 0.9572
8.3794 -6.5601 -2.5011 0.9572
8.6116 -6.2567 -2.5017 0.9572
9.0428 -5.6255 -2.5030 0.9572
9.7645 -4.2776 -2.5054 0.9571
9.9142 -3.9253 -2.5061 0.9571
10.0511 -3.5678 -2.5067 0.9571
10.2861 -2.8388 -2.5078 0.9571
10.3838 -2.4683 -2.5084 0.9571
10.5961 -1.3386 -2.5101 0.9571
10.6396 -0.9576 -2.5107 0.9571
10.6694 -0.5752 -2.5112 0.9570
10.6875 0.1919 -2.5122 0.9570
10.6758 0.5755 -2.5127 0.9570
10.6109 1.3405 -2.5136 0.9570
10.5578 1.7208 -2.5141 0.9570
10.4910 2.0990 -2.5145 0.9570
10.4106 2.4747 -2.5149 0.9570
10.3167 2.8472 -2.5153 0.9570
10.2094 3.2162 -2.5157 0.9570
10.0888 3.5811 -2.5160 0.9570
9.8084 4.2969 -2.5167 0.9570
9.6340 4.6395 -2.5131 0.9570
8.8282 5.0618 -2.3917 0.9590
8.5429 5.3145 -2.3646 0.9595
8.3473 5.6182 -2.3648 0.9595
8.1409 5.9147 -2.3650 0.9595
7.9238 6.2035 -2.3651 0.9595
7.3167 6.6278 -2.3202 0.9602
6.0803 7.9118 -2.3451 0.9598
5.8431 8.1961 -2.3657 0.9595
5.5451 8.4005 -2.3656 0.9595
5.2398 8.5939 -2.3656 0.9595
4.6094 8.9471 -2.3654 0.9595
4.2851 9.1063 -2.3653 0.9595
3.6203 9.3891 -2.3650 0.9595
2.4753 7.1771 -1.7843 0.9693
2.5893 9.7215 -2.3644 0.9595
1.5287 9.9403 -2.3637 0.9595
0.8114 10.0218 -2.3631 0.9595
-0.6310 10.0287 -2.3616 0.9596
-0.9904 9.9979 -2.3612 0.9596
-2.0583 9.8282 -2.3600 0.9596
-2.4093 9.7461 -2.3595 0.9596
-4.1066 9.1497 -2.3570 0.9596
-6.6300 8.3137 -2.4991 0.9572
-6.9359 8.0840 -2.5034 0.9572
-7.7641 7.2909 -2.5032 0.9572
-8.2630 6.7117 -2.5019 0.9572
-5.5134 4.1590 -1.6231 0.9720
-5.5415 3.8761 -1.5894 0.9726
-8.9300 5.7802 -2.5000 0.9572
-9.1294 5.4546 -2.4994 0.9572
-9.4925 4.7831 -2.4982 0.9573
-9.6557 4.4382 -2.4976 0.9573
-9.9445 3.7322 -2.4964 0.9573
-10.0696 3.3720 -2.4958 0.9573
-10.2808 2.6396 -2.4946 0.9573
-10.5416 0.7583 -2.4839 0.9575
-10.5935 0.3805 -2.4913 0.9574
-9.6239 -0.0000 -2.4918 0.9610
-9.5631 -1.0341 -2.4905 0.9610
-9.4613 -1.7170 -2.4897 0.9610
-8.9965 -3.3765 -2.4880 0.9611
-8.8684 -3.6968 -2.4877 0.9611
-8.5785 -4.3226 -2.4872 0.9611
-7.2303 -6.3170 -2.4859 0.9611
-6.7580 -6.8189 -2.4857 0.9611
-5.9854 -7.5055 -2.4856 0.9611
-5.7121 -7.7155 -2.4856 0.9611
-5.4315 -7.9156 -2.4856 0.9611
-4.5494 -8.4543 -2.4858 0.9611
-3.6147 -8.8956 -2.4861 0.9611
-2.9676 -9.1332 -2.4865 0.9611
-2.3050 -9.3241 -2.4869 0.9611
-0.2588 -9.6077 -2.4885 0.9611
0.0863 -9.6122 -2.4889 0.9611
0.4313 -9.6042 -2.4892 0.9611
1.4620 -9.5066 -2.4904 0.9610
1.8026 -9.4495 -2.4908 0.9610
2.4768 -9.2991 -2.4916 0.9610
2.8095 -9.2059 -2.4921 0.9610
3.7850 -8.8555 -2.4935 0.9610
4.4124 -8.5646 -2.4945 0.9610
5.5975 -7.8516 -2.4966 0.9609
5.8770 -7.6472 -2.4972 0.9609
6.4134 -7.2091 -2.4983 0.9609
6.6695 -6.9758 -2.4988 0.9609
6.9172 -6.7334 -2.4994 0.9609
7.1560 -6.4822 -2.5000 0.9609
7.8168 -5.6792 -2.5017 0.9609
8.7150 -4.1969 -2.5045 0.9608
8.8621 -3.8823 -2.5051 0.9608
9.2341 -2.9090 -2.5067 0.9608
9.3346 -2.5762 -2.5072 0.9608
9.4993 -1.9006 -2.5083 0.9608
9.5634 -1.5587 -2.5088 0.9608
9.6973 0.1741 -2.5112 0.9607
9.6865 0.5222 -2.5116 0.9607
9.6631 0.8697 -2.5121 0.9607
9.6273 1.2162 -2.5125 0.9607
9.5790 1.5612 -2.5129 0.9607
9.5182 1.9044 -2.5133 0.9607
9.2623 2.9179 -2.5144 0.9607
8.8982 3.8981 -2.5153 0.9607
8.7535 4.2154 -2.5155 0.9607
8.5974 4.5274 -2.5158 0.9606
8.2295 5.1195 -2.5094 0.9607
7.4022 5.3780 -2.3690 0.9629
7.1881 5.6275 -2.3636 0.9630
6.9818 5.8822 -2.3638 0.9630
6.7665 6.1293 -2.3639 0.9630
6.5424 6.3685 -2.3640 0.9630
6.3097 6.5995 -2.3640 0.9630
5.8202 7.0354 -2.3641 0.9630
5.5639 7.2398 -2.3641 0.9630
4.7532 7.7958 -2.3641 0.9630
4.4702 7.9611 -2.3640 0.9630
4.1814 8.1162 -2.3639 0.9630
3.2841 8.5173 -2.3635 0.9630
2.4684 7.1572 -1.9603 0.9692
0.7361 9.0919 -2.3618 0.9630
0.4092 9.1113 -2.3615 0.9630
0.0818 9.1190 -2.3612 0.9630
-0.2455 9.1147 -2.3608 0.9630
-0.5724 9.0987 -2.3605 0.9630
-2.5017 8.7573 -2.3581 0.9631
-2.8139 8.6602 -2.3577 0.9631
-3.1223 8.5520 -2.3572 0.9631
-4.0212 8.1619 -2.3558 0.9631
-4.3107 8.0107 -2.3553 0.9631
-4.6781 7.9919 -2.3977 0.9625
-5.1225 8.0718 -2.4753 0.9613
-5.7573 7.7765 -2.5052 0.9608
-6.5571 7.1094 -2.5041 0.9608
-7.2784 6.3590 -2.5024 0.9609
-5.5622 4.1957 -1.8039 0.9716
-8.1062 5.2470 -2.5002 0.9609
-8.7659 4.0292 -2.4979 0.9609
-9.3343 2.3966 -2.4952 0.9610
-9.4783 1.7200 -2.4942 0.9610
-9.5320 1.3784 -2.4937 0.9610
-9.5735 1.0352 -2.4932 0.9610
-9.6239 -0.0000 -2.4918 0.9610
-9.6160 -0.3454 -2.4913 0.9610
-9.5183 -1.3765 -2.4901 0.9610
-9.3921 -2.0552 -2.4893 0.9611
-9.1130 -3.0517 -2.4883 0.9611
-8.9965 -3.3765 -2.4880 0.9611
-8.7291 -4.0123 -2.4874 0.9611
-8.4170 -4.6273 -2.4869 0.9611
-8.2448 -4.9260 -2.4867 0.9611
-7.8689 -5.5040 -2.4863 0.9611
-7.6657 -5.7826 -2.4862 0.9611
-6.2510 -7.2859 -2.4856 0.9611
-5.9854 -7.5055 -2.4856 0.9611
-5.4315 -7.9156 -2.4856 0.9611
-4.8498 -8.2852 -2.4857 0.9611
-4.2432 -8.6125 -2.4859 0.9611
-3.9315 -8.7596 -2.4860 0.9611
-3.6147 -8.8956 -2.4861 0.9611
-2.9676 -9.1332 -2.4865 0.9611
-2.6380 -9.2346 -2.4866 0.9611
-2.3050 -9.3241 -2.4869 0.9611
-1.6304 -9.4673 -2.4873 0.9611
-0.9472 -9.5620 -2.4879 0.9611
0.0863 -9.6121 -2.4889 0.9611
1.1196 -9.5514 -2.4900 0.9610
1.4620 -9.5066 -2.4904 0.9610
2.1410 -9.3803 -2.4912 0.9610
2.4768 -9.2991 -2.4916 0.9610
3.1387 -9.1008 -2.4926 0.9610
3.4641 -8.9839 -2.4930 0.9610
3.7851 -8.8555 -2.4935 0.9610
4.4124 -8.5646 -2.4945 0.9610
5.0176 -8.2294 -2.4956 0.9610
5.8770 -7.6472 -2.4972 0.9609
6.1491 -7.4330 -2.4977 0.9609
6.6695 -6.9758 -2.4988 0.9609
6.9172 -6.7334 -2.4994 0.9609
7.3858 -6.2225 -2.5005 0.9609
7.6061 -5.9548 -2.5011 0.9609
8.2078 -5.1061 -2.5028 0.9608
8.7150 -4.1969 -2.5045 0.9608
8.9977 -3.5624 -2.5056 0.9608
9.1218 -3.2379 -2.5062 0.9608
9.3346 -2.5762 -2.5072 0.9608
9.4993 -1.9006 -2.5083 0.9608
9.5634 -1.5587 -2.5088 0.9608
9.6151 -1.2147 -2.5093 0.9607
9.6812 -0.5219 -2.5103 0.9607
9.6955 -0.1741 -2.5107 0.9607
9.6973 0.1741 -2.5112 0.9607
9.6631 0.8697 -2.5121 0.9607
9.5790 1.5612 -2.5129 0.9607
9.2623 2.9179 -2.5144 0.9607
9.1528 3.2489 -2.5147 0.9607
9.0313 3.5758 -2.5150 0.9607
8.4211 4.8284 -2.5134 0.9607
8.2295 5.1196 -2.5094 0.9607
7.8288 5.2693 -2.4434 0.9618
7.1881 5.6275 -2.3636 0.9630
6.9818 5.8822 -2.3638 0.9630
6.7665 6.1293 -2.3639 0.9630
6.0689 6.8218 -2.3641 0.9630
5.3004 7.4349 -2.3641 0.9630
5.0301 7.6203 -2.3641 0.9630
4.7532 7.7958 -2.3641 0.9630
4.4702 7.9611 -2.3640 0.9630
1.7098 8.9631 -2.3626 0.9630
1.3868 9.0178 -2.3623 0.9630
1.0621 9.0607 -2.3621 0.9630
-0.5725 9.0987 -2.3605 0.9630
-0.8986 9.0709 -2.3601 0.9630
-1.8676 8.9174 -2.3590 0.9631
-2.1861 8.8430 -2.3585 0.9631
-2.8139 8.6602 -2.3577 0.9631
-4.3108 8.0107 -2.3553 0.9631
-4.6781 7.9919 -2.3977 0.9625
-5.1225 8.0718 -2.4753 0.9613
-5.4665 7.9666 -2.5016 0.9609
-5.7574 7.7765 -2.5052 0.9608
-6.0328 7.5649 -2.5053 0.9608
-6.2991 7.3418 -2.5047 0.9608
-6.5571 7.1094 -2.5041 0.9608
-6.8065 6.8679 -2.5036 0.9608
-7.0471 6.6176 -2.5030 0.9608
-7.2784 6.3590 -2.5024 0.9609
-6.1075 3.6490 -1.8421 0.9710
-8.4580 4.6498 -2.4990 0.9609
-8.6175 4.3422 -2.4985 0.9609
-8.7659 4.0292 -2.4979 0.9609
-8.9029 3.7111 -2.4974 0.9609
-9.3343 2.3966 -2.4952 0.9610
-9.5320 1.3784 -2.4937 0.9610
-9.5735 1.0352 -2.4932 0.9610
-9.6239 -0.0000 -2.4918 0.9610
-9.6160 -0.3454 -2.4913 0.9610
-9.5631 -1.0341 -2.4905 0.9610
-9.3921 -2.0552 -2.4893 0.9611
-9.1130 -3.0517 -2.4883 0.9611
-8.8684 -3.6968 -2.4877 0.9611
-8.7291 -4.0123 -2.4874 0.9611
-8.2448 -4.9260 -2.4867 0.9611
-7.8689 -5.5040 -2.4863 0.9611
-7.4528 -6.0537 -2.4860 0.9611
-7.2303 -6.3170 -2.4859 0.9611
-6.7580 -6.8189 -2.4857 0.9611
-6.5087 -7.0569 -2.4857 0.9611
-6.2510 -7.2859 -2.4856 0.9611
-5.9854 -7.5055 -2.4856 0.9611
-5.4315 -7.9156 -2.4856 0.9611
-5.1440 -8.1056 -2.4856 0.9611
-4.8498 -8.2852 -2.4857 0.9611
-3.6147 -8.8956 -2.4861 0.9611
-2.3050 -9.3241 -2.4869 0.9611
-1.9689 -9.4018 -2.4871 0.9611
-0.6034 -9.5910 -2.4882 0.9611
-0.2588 -9.6077 -2.4885 0.9611
0.0863 -9.6121 -2.4889 0.9611
1.1196 -9.5514 -2.4900 0.9610
1.8026 -9.4495 -2.4908 0.9610
2.1410 -9.3803 -2.4912 0.9610
2.4768 -9.2991 -2.4916 0.9610
2.8095 -9.2058 -2.4921 0.9610
3.1387 -9.1008 -2.4926 0.9610
3.4641 -8.9839 -2.4930 0.9610
4.4124 -8.5646 -2.4945 0.9610
4.7180 -8.4024 -2.4950 0.9610
5.5975 -7.8516 -2.4966 0.9609
5.8770 -7.6472 -2.4972 0.9609
6.1491 -7.4330 -2.4977 0.9609
6.6695 -6.9758 -2.4988 0.9609
7.3858 -6.2225 -2.5005 0.9609
7.6061 -5.9548 -2.5011 0.9609
7.8168 -5.6792 -2.5017 0.9609
8.0174 -5.3962 -2.5022 0.9609
8.2078 -5.1061 -2.5028 0.9608
8.3877 -4.8092 -2.5034 0.9608
8.8621 -3.8823 -2.5051 0.9608
8.9977 -3.5624 -2.5056 0.9608
9.1218 -3.2379 -2.5062 0.9608
9.2341 -2.9090 -2.5067 0.9608
9.4230 -2.2399 -2.5078 0.9608
9.6544 -0.8689 -2.5098 0.9607
9.6955 -0.1741 -2.5107 0.9607
9.6865 0.5222 -2.5116 0.9607
9.5790 1.5612 -2.5129 0.9607
9.5182 1.9044 -2.5133 0.9607
9.3598 2.5831 -2.5140 0.9607
9.0313 3.5758 -2.5150 0.9607
8.8982 3.8981 -2.5153 0.9607
8.5974 4.5274 -2.5158 0.9606
7.4022 5.3780 -2.3690 0.9629
7.1881 5.6275 -2.3636 0.9630
6.9818 5.8822 -2.3638 0.9630
6.3097 6.5995 -2.3640 0.9630
6.0689 6.8218 -2.3641 0.9630
5.5639 7.2398 -2.3641 0.9630
5.3004 7.4349 -2.3641 0.9630
5.0301 7.6203 -2.3641 0.9630
4.7532 7.7958 -2.3641 0.9630
4.4702 7.9611 -2.3640 0.9630
4.1814 8.1162 -2.3639 0.9630
3.8872 8.2607 -2.3638 0.9630
3.2841 8.5173 -2.3635 0.9630
2.2661 7.4255 -2.0101 0.9684
2.3489 8.8190 -2.3630 0.9630
1.3868 9.0178 -2.3623 0.9630
1.0621 9.0607 -2.3621 0.9630
0.7361 9.0919 -2.3618 0.9630
0.0818 9.1189 -2.3612 0.9630
-0.8986 9.0709 -2.3601 0.9630
-1.5465 8.9802 -2.3594 0.9630
-2.1861 8.8430 -2.3585 0.9631
-2.8139 8.6602 -2.3577 0.9631
-3.4267 8.4328 -2.3568 0.9631
-4.0212 8.1619 -2.3558 0.9631
-4.3108 8.0107 -2.3553 0.9631
-4.6781 7.9919 -2.3977 0.9625
-5.1225 8.0718 -2.4753 0.9613
-5.7574 7.7765 -2.5052 0.9608
-6.0328 7.5649 -2.5053 0.9608
-6.2991 7.3418 -2.5047 0.9608
-6.5571 7.1094 -2.5041 0.9608
-7.2784 6.3590 -2.5024 0.9609
-7.5003 6.0922 -2.5019 0.9609
-5.5619 3.8903 -1.7574 0.9723
-6.1075 3.6490 -1.8421 0.9710
-8.4580 4.6498 -2.4990 0.9609
-8.7659 4.0292 -2.4979 0.9609
-9.0284 3.3884 -2.4968 0.9609
-9.1422 3.0615 -2.4963 0.9609
-9.2442 2.7307 -2.4957 0.9610
-9.3343 2.3966 -2.4952 0.9610
-9.4124 2.0596 -2.4947 0.9610
-9.4783 1.7200 -2.4942 0.9610
-9.6026 0.6907 -2.4927 0.9610
-9.6194 0.3455 -2.4922 0.9610
-9.6239 -0.0000 -2.4918 0.9610
-9.6160 -0.3454 -2.4913 0.9610
-9.2179 -2.7230 -2.4886 0.9611
-9.1130 -3.0517 -2.4883 0.9611
-8.2448 -4.9260 -2.4867 0.9611
-8.0620 -5.2184 -2.4865 0.9611
-7.8689 -5.5040 -2.4863 0.9611
-7.6657 -5.7826 -2.4862 0.9611
-7.4528 -6.0537 -2.4860 0.9611
-7.2303 -6.3170 -2.4859 0.9611
-5.7121 -7.7155 -2.4856 0.9611
-5.4315 -7.9157 -2.4856 0.9611
-5.1440 -8.1056 -2.4856 0.9611
-4.8498 -8.2853 -2.4857 0.9611
-4.5494 -8.4543 -2.4858 0.9611
-4.2432 -8.6125 -2.4859 0.9611
-3.9315 -8.7596 -2.4860 0.9611
-3.2933 -9.0202 -2.4863 0.9611
-1.6304 -9.4673 -2.4873 0.9611
-0.2588 -9.6077 -2.4885 0.9611
0.4314 -9.6042 -2.4892 0.9611
0.7759 -9.5840 -2.4896 0.9610
1.1196 -9.5514 -2.4900 0.9610
2.4768 -9.2991 -2.4916 0.9610
3.1387 -9.1008 -2.4926 0.9610
3.4641 -8.9839 -2.4930 0.9610
4.4124 -8.5646 -2.4945 0.9610
4.7180 -8.4024 -2.4950 0.9610
5.0176 -8.2294 -2.4956 0.9610
5.3109 -8.0457 -2.4961 0.9609
5.8770 -7.6472 -2.4972 0.9609
6.1491 -7.4330 -2.4977 0.9609
6.6695 -6.9758 -2.4988 0.9609
7.1560 -6.4822 -2.5000 0.9609
7.3858 -6.2225 -2.5005 0.9609
7.8168 -5.6792 -2.5017 0.9609
8.2078 -5.1061 -2.5028 0.9608
8.3877 -4.8092 -2.5034 0.9608
8.5569 -4.5061 -2.5039 0.9608
8.7150 -4.1969 -2.5045 0.9608
8.9977 -3.5624 -2.5056 0.9608
9.1218 -3.2379 -2.5062 0.9608
9.6544 -0.8689 -2.5098 0.9607
9.6973 0.1741 -2.5112 0.9607
9.5182 1.9044 -2.5133 0.9607
9.4451 2.2452 -2.5137 0.9607
9.2623 2.9179 -2.5144 0.9607
9.1528 3.2489 -2.5147 0.9607
9.0313 3.5758 -2.5150 0.9607
8.8982 3.8981 -2.5153 0.9607
8.7535 4.2155 -2.5155 0.9607
7.8288 5.2693 -2.4434 0.9618
7.4022 5.3780 -2.3690 0.9629
6.9818 5.8822 -2.3638 0.9630
6.7665 6.1293 -2.3639 0.9630
6.0689 6.8218 -2.3641 0.9630
5.8202 7.0354 -2.3641 0.9630
5.3004 7.4349 -2.3641 0.9630
5.0301 7.6203 -2.3641 0.9630
3.8872 8.2607 -2.3638 0.9630
3.2841 8.5173 -2.3635 0.9630
2.3489 8.8190 -2.3630 0.9630
0.7361 9.0919 -2.3618 0.9630
0.0818 9.1190 -2.3612 0.9630
-1.2234 9.0314 -2.3597 0.9630
-1.5465 8.9802 -2.3594 0.9630
-1.8676 8.9174 -2.3590 0.9631
-2.1861 8.8430 -2.3585 0.9631
-2.8139 8.6602 -2.3577 0.9631
-3.4267 8.4328 -2.3568 0.9631
-3.7264 8.3027 -2.3563 0.9631
-4.3108 8.0107 -2.3553 0.9631
-4.6781 7.9919 -2.3977 0.9625
-5.7574 7.7765 -2.5052 0.9608
-6.2991 7.3418 -2.5047 0.9608
-7.5003 6.0922 -2.5019 0.9609
-5.5622 4.1957 -1.8039 0.9716
-8.4580 4.6498 -2.4990 0.9609
-8.9029 3.7111 -2.4974 0.9609
-9.0284 3.3884 -2.4968 0.9609
-9.2442 2.7307 -2.4957 0.9610
-9.3343 2.3966 -2.4952 0.9610
-9.4124 2.0596 -2.4947 0.9610
-9.5735 1.0352 -2.4932 0.9610
-8.8049 -0.0000 -2.4926 0.9641
-8.7978 -0.3160 -2.4922 0.9641
-8.7497 -0.9461 -2.4914 0.9641
-8.5195 -2.1874 -2.4900 0.9641
-8.4344 -2.4915 -2.4897 0.9641
-8.1149 -3.3827 -2.4889 0.9641
-7.8497 -3.9554 -2.4884 0.9641
-7.3772 -4.7752 -2.4878 0.9641
-7.0148 -5.2915 -2.4875 0.9641
-6.4044 -6.0141 -2.4871 0.9641
-6.1842 -6.2399 -2.4870 0.9641
-5.9561 -6.4577 -2.4870 0.9641
-5.7203 -6.6673 -2.4869 0.9641
-5.2272 -7.0604 -2.4869 0.9641
-4.9704 -7.2436 -2.4869 0.9641
-4.7072 -7.4174 -2.4870 0.9641
-3.8829 -7.8811 -2.4872 0.9641
-3.5976 -8.0158 -2.4873 0.9641
-3.3077 -8.1402 -2.4874 0.9641
-2.7155 -8.3575 -2.4877 0.9641
-2.4139 -8.4502 -2.4879 0.9641
-2.1092 -8.5321 -2.4881 0.9641
-1.8017 -8.6031 -2.4883 0.9641
-1.4919 -8.6630 -2.4885 0.9641
-0.8667 -8.7495 -2.4890 0.9641
-0.2368 -8.7911 -2.4896 0.9641
0.0790 -8.7951 -2.4899 0.9641
0.3947 -8.7877 -2.4902 0.9641
1.0244 -8.7391 -2.4909 0.9641
1.3376 -8.6980 -2.4913 0.9641
1.6493 -8.6457 -2.4917 0.9641
2.2660 -8.5078 -2.4925 0.9641
3.1691 -8.2191 -2.4937 0.9640
3.4627 -8.1015 -2.4942 0.9640
3.7520 -7.9734 -2.4946 0.9640
4.3160 -7.6866 -2.4956 0.9640
4.8583 -7.3599 -2.4965 0.9640
5.1203 -7.1822 -2.4970 0.9640
5.3759 -6.9952 -2.4975 0.9640
5.6247 -6.7991 -2.4980 0.9640
5.8663 -6.5941 -2.4985 0.9640
6.1005 -6.3806 -2.4991 0.9640
6.3269 -6.1588 -2.4996 0.9640
6.5452 -5.9289 -2.5001 0.9640
6.7553 -5.6913 -2.5006 0.9639
7.1492 -5.1942 -2.5016 0.9639
7.3325 -4.9352 -2.5022 0.9639
7.5065 -4.6698 -2.5027 0.9639
7.8254 -4.1209 -2.5037 0.9639
7.9700 -3.8381 -2.5042 0.9639
8.5357 -2.3557 -2.5067 0.9639
8.7445 -1.4252 -2.5082 0.9638
8.7916 -1.1106 -2.5086 0.9638
8.8647 -0.1592 -2.5099 0.9638
8.8662 0.1592 -2.5104 0.9638
8.8347 0.7951 -2.5112 0.9638
8.7019 1.7411 -2.5123 0.9638
8.4676 2.6675 -2.5132 0.9638
8.3673 2.9701 -2.5135 0.9638
8.1344 3.5635 -2.5141 0.9638
7.8593 4.1387 -2.5146 0.9637
7.5434 4.6927 -2.5150 0.9637
6.9581 5.4475 -2.5017 0.9639
6.5788 5.5426 -2.4353 0.9649
5.5476 6.2359 -2.3628 0.9659
5.3203 6.4311 -2.3628 0.9659
4.5980 6.9657 -2.3628 0.9659
4.3449 7.1262 -2.3628 0.9659
4.0862 7.2774 -2.3627 0.9659
2.1472 8.0619 -2.3618 0.9659
0.0748 8.3366 -2.3601 0.9659
-0.5233 8.3183 -2.3595 0.9659
-1.4139 8.2102 -2.3585 0.9660
-1.7075 8.1529 -2.3581 0.9660
-2.5728 7.9182 -2.3569 0.9660
-4.7440 7.4754 -2.5064 0.9639
-5.0083 7.2989 -2.5059 0.9639
-5.2661 7.1130 -2.5054 0.9639
-5.5169 6.9179 -2.5049 0.9639
-5.7605 6.7141 -2.5044 0.9639
-5.9966 6.5017 -2.5039 0.9639
-6.2248 6.2809 -2.5034 0.9639
-6.4449 6.0522 -2.5029 0.9639
-6.6566 5.8157 -2.5023 0.9639
-5.5828 3.9049 -1.9287 0.9721
-6.1363 3.6663 -2.0236 0.9707
-7.7363 4.2531 -2.4992 0.9640
-8.0182 3.6855 -2.4982 0.9640
-8.1437 3.3946 -2.4977 0.9640
-8.4564 2.4980 -2.4962 0.9640
-8.5390 2.1924 -2.4957 0.9640
-8.6105 1.8842 -2.4953 0.9640
-8.6710 1.5735 -2.4948 0.9640
-8.7978 -0.3160 -2.4922 0.9641
-8.5195 -2.1874 -2.4900 0.9641
-8.4344 -2.4915 -2.4897 0.9641
-8.3385 -2.7924 -2.4894 0.9641
-8.2320 -3.0895 -2.4891 0.9641
-8.1149 -3.3827 -2.4889 0.9641
-7.9874 -3.6714 -2.4886 0.9641
-7.7020 -4.2342 -2.4882 0.9641
-7.3772 -4.7752 -2.4878 0.9641
-7.2006 -5.0366 -2.4876 0.9641
-6.8199 -5.5396 -2.4873 0.9641
-6.1842 -6.2399 -2.4870 0.9641
-5.7203 -6.6673 -2.4869 0.9641
-5.4772 -6.8683 -2.4869 0.9641
-4.9704 -7.2436 -2.4869 0.9641
-4.7072 -7.4174 -2.4870 0.9641
-4.1631 -7.7364 -2.4871 0.9641
-3.8829 -7.8811 -2.4872 0.9641
-3.3077 -8.1402 -2.4874 0.9641
-3.0136 -8.2541 -2.4876 0.9641
-1.8017 -8.6031 -2.4883 0.9641
-1.4919 -8.6630 -2.4885 0.9641
-0.5521 -8.7759 -2.4893 0.9641
-0.2368 -8.7911 -2.4896 0.9641
0.7100 -8.7690 -2.4906 0.9641
2.2660 -8.5078 -2.4925 0.9641
2.8716 -8.3261 -2.4933 0.9640
4.3160 -7.6866 -2.4956 0.9640
4.5900 -7.5281 -2.4961 0.9640
5.1203 -7.1822 -2.4970 0.9640
5.3759 -6.9952 -2.4975 0.9640
5.8663 -6.5941 -2.4985 0.9640
6.1005 -6.3806 -2.4991 0.9640
6.7553 -5.6913 -2.5006 0.9639
6.9566 -5.4463 -2.5011 0.9639
8.1042 -3.5503 -2.5047 0.9639
8.2281 -3.2577 -2.5053 0.9639
8.7916 -1.1106 -2.5086 0.9638
8.8562 0.4774 -2.5108 0.9638
8.7019 1.7411 -2.5123 0.9638
8.5568 2.3615 -2.5129 0.9638
8.4676 2.6675 -2.5132 0.9638
8.3673 2.9701 -2.5135 0.9638
8.2562 3.2689 -2.5138 0.9638
8.1344 3.5635 -2.5141 0.9638
8.0021 3.8536 -2.5143 0.9638
7.7063 4.4186 -2.5148 0.9637
6.9581 5.4475 -2.5017 0.9639
6.5788 5.5427 -2.4353 0.9649
6.2181 5.6326 -2.3751 0.9657
5.0860 6.6180 -2.3629 0.9659
4.3449 7.1262 -2.3628 0.9659
4.0862 7.2774 -2.3627 0.9659
3.8223 7.4191 -2.3626 0.9659
3.2798 7.6735 -2.3624 0.9659
3.0021 7.7859 -2.3623 0.9659
2.4630 7.1414 -2.1385 0.9691
2.1472 8.0619 -2.3618 0.9659
1.5630 8.1937 -2.3614 0.9659
0.3741 8.3295 -2.3604 0.9659
-0.2244 8.3328 -2.3598 0.9659
-0.5234 8.3183 -2.3595 0.9659
-1.1185 8.2570 -2.3588 0.9660
-1.4139 8.2103 -2.3585 0.9660
-1.9987 8.0851 -2.3577 0.9660
-2.2873 8.0068 -2.3573 0.9660
-2.8549 7.8194 -2.3565 0.9660
-3.4712 7.7342 -2.3999 0.9654
-3.8438 7.8017 -2.4621 0.9645
-4.4686 7.6340 -2.5041 0.9639
-4.7440 7.4754 -2.5064 0.9639
-5.0083 7.2989 -2.5059 0.9639
-5.2661 7.1130 -2.5054 0.9639
-5.7605 6.7141 -2.5044 0.9639
-5.9966 6.5017 -2.5039 0.9639
-6.4449 6.0522 -2.5029 0.9639
-6.8597 5.5719 -2.5018 0.9639
-5.5828 3.9049 -1.9287 0.9721
-5.7745 3.7377 -1.9473 0.9718
-7.7363 4.2531 -2.4992 0.9640
-8.0182 3.6855 -2.4982 0.9640
-8.1437 3.3946 -2.4977 0.9640
-8.2587 3.0995 -2.4972 0.9640
-8.6105 1.8842 -2.4953 0.9640
-8.6710 1.5735 -2.4948 0.9640
-8.7584 0.9470 -2.4939 0.9640
-8.7852 0.6319 -2.4935 0.9640
-8.8007 0.3161 -2.4930 0.9641
-8.7978 -0.3160 -2.4922 0.9641
-8.7794 -0.6315 -2.4918 0.9641
-8.6568 -1.5710 -2.4907 0.9641
-8.5936 -1.8805 -2.4904 0.9641
-8.1149 -3.3827 -2.4889 0.9641
-7.9874 -3.6714 -2.4886 0.9641
-7.7020 -4.2342 -2.4882 0.9641
-7.2006 -5.0366 -2.4876 0.9641
-6.8199 -5.5396 -2.4873 0.9641
-6.6164 -5.7806 -2.4872 0.9641
-5.9560 -6.4578 -2.4870 0.9641
-5.7203 -6.6673 -2.4869 0.9641
-4.9704 -7.2436 -2.4869 0.9641
-4.7072 -7.4174 -2.4870 0.9641
-4.1631 -7.7364 -2.4871 0.9641
-3.8829 -7.8812 -2.4872 0.9641
-3.5976 -8.0158 -2.4873 0.9641
-3.0136 -8.2541 -2.4876 0.9641
-2.7155 -8.3575 -2.4877 0.9641
-2.4139 -8.4502 -2.4879 0.9641
-2.1092 -8.5321 -2.4881 0.9641
-1.1801 -8.7118 -2.4888 0.9641
0.7100 -8.7690 -2.4906 0.9641
1.6493 -8.6457 -2.4917 0.9641
2.2660 -8.5078 -2.4925 0.9641
2.5704 -8.4224 -2.4929 0.9641
2.8716 -8.3261 -2.4933 0.9640
3.1691 -8.2191 -2.4937 0.9640
3.4627 -8.1015 -2.4942 0.9640
3.7520 -7.9734 -2.4946 0.9640
4.0366 -7.8350 -2.4951 0.9640
4.3160 -7.6866 -2.4956 0.9640
4.8583 -7.3599 -2.4965 0.9640
5.1203 -7.1822 -2.4970 0.9640
5.3759 -6.9952 -2.4975 0.9640
5.6247 -6.7991 -2.4980 0.9640
6.1005 -6.3806 -2.4991 0.9640
6.3269 -6.1588 -2.4996 0.9640
6.5452 -5.9289 -2.5001 0.9640
6.7553 -5.6913 -2.5006 0.9639
6.9567 -5.4463 -2.5011 0.9639
7.3325 -4.9352 -2.5022 0.9639
7.8254 -4.1209 -2.5037 0.9639
8.1042 -3.5503 -2.5047 0.9639
8.4440 -2.6601 -2.5062 0.9639
8.5357 -2.3557 -2.5067 0.9639
8.7916 -1.1106 -2.5086 0.9638
8.8647 -0.1591 -2.5099 0.9638
8.8662 0.1592 -2.5104 0.9638
8.8562 0.4774 -2.5108 0.9638
8.8018 1.1119 -2.5115 0.9638
8.7575 1.4274 -2.5119 0.9638
8.7019 1.7411 -2.5123 0.9638
8.5568 2.3615 -2.5129 0.9638
8.1344 3.5635 -2.5141 0.9638
8.0021 3.8536 -2.5143 0.9638
7.8593 4.1387 -2.5146 0.9637
7.5434 4.6927 -2.5150 0.9637
7.1752 5.2131 -2.5107 0.9638
6.2181 5.6326 -2.3751 0.9657
5.7678 6.0326 -2.3628 0.9659
5.5476 6.2359 -2.3628 0.9659
5.3203 6.4311 -2.3628 0.9659
5.0860 6.6180 -2.3629 0.9659
4.0862 7.2774 -2.3627 0.9659
3.5533 7.5512 -2.3625 0.9659
3.0021 7.7859 -2.3623 0.9659
2.4630 7.1414 -2.1385 0.9691
2.2035 7.2202 -2.1371 0.9691
1.8563 8.1331 -2.3616 0.9659
1.5630 8.1937 -2.3614 0.9659
0.3741 8.3295 -2.3604 0.9659
0.0748 8.3366 -2.3601 0.9659
-0.2244 8.3328 -2.3598 0.9659
-0.5234 8.3183 -2.3595 0.9659
-1.1185 8.2569 -2.3588 0.9660
-1.4139 8.2103 -2.3585 0.9660
-1.7075 8.1529 -2.3581 0.9660
-2.2873 8.0068 -2.3573 0.9660
-2.5728 7.9182 -2.3569 0.9660
-3.1332 7.7105 -2.3561 0.9660
-4.1867 7.7803 -2.5012 0.9639
-4.4686 7.6340 -2.5041 0.9639
-4.7440 7.4754 -2.5064 0.9639
-5.0083 7.2989 -2.5059 0.9639
-5.7605 6.7141 -2.5044 0.9639
-6.2248 6.2809 -2.5034 0.9639
-6.6566 5.8157 -2.5023 0.9639
-6.8597 5.5719 -2.5018 0.9639
-5.5058 4.1532 -1.9524 0.9717
-5.7745 3.7377 -1.9473 0.9718
-6.1363 3.6663 -2.0236 0.9707
-7.7363 4.2530 -2.4992 0.9640
-8.3629 2.8005 -2.4967 0.9640
-8.5390 2.1924 -2.4957 0.9640
-8.6105 1.8841 -2.4953 0.9640
-8.6710 1.5735 -2.4948 0.9640
-8.7584 0.9470 -2.4939 0.9640
-8.7852 0.6319 -2.4935 0.9640
-8.7794 -0.6315 -2.4918 0.9641
-8.7497 -0.9461 -2.4914 0.9641
-8.5936 -1.8805 -2.4904 0.9641
-8.5195 -2.1874 -2.4900 0.9641
-8.4344 -2.4915 -2.4897 0.9641
-8.3385 -2.7924 -2.4894 0.9641
-8.2320 -3.0895 -2.4891 0.9641
-8.1149 -3.3827 -2.4889 0.9641
-7.9874 -3.6714 -2.4886 0.9641
-7.8497 -3.9554 -2.4884 0.9641
-7.5445 -4.5076 -2.4880 0.9641
-7.3772 -4.7752 -2.4878 0.9641
-7.2006 -5.0366 -2.4876 0.9641
-7.0147 -5.2915 -2.4875 0.9641
-6.8199 -5.5396 -2.4873 0.9641
-5.9560 -6.4578 -2.4870 0.9641
-5.7203 -6.6673 -2.4869 0.9641
-5.4772 -6.8683 -2.4869 0.9641
-5.2272 -7.0604 -2.4869 0.9641
-4.9704 -7.2436 -2.4869 0.9641
-4.1631 -7.7364 -2.4871 0.9641
-3.8829 -7.8812 -2.4872 0.9641
-3.5976 -8.0158 -2.4873 0.9641
-3.0136 -8.2541 -2.4876 0.9641
-1.4919 -8.6630 -2.4885 0.9641
-1.1801 -8.7118 -2.4888 0.9641
-0.5521 -8.7759 -2.4893 0.9641
0.7100 -8.7690 -2.4906 0.9641
1.0244 -8.7391 -2.4909 0.9641
1.9589 -8.5823 -2.4921 0.9641
2.5704 -8.4224 -2.4929 0.9641
2.8716 -8.3261 -2.4933 0.9640
3.1691 -8.2191 -2.4937 0.9640
3.4628 -8.1015 -2.4942 0.9640
3.7520 -7.9734 -2.4946 0.9640
4.5900 -7.5281 -2.4961 0.9640
4.8583 -7.3599 -2.4965 0.9640
5.3759 -6.9952 -2.4975 0.9640
5.6247 -6.7991 -2.4980 0.9640
6.1005 -6.3806 -2.4991 0.9640
6.7553 -5.6913 -2.5006 0.9639
7.1492 -5.1941 -2.5016 0.9639
7.5065 -4.6698 -2.5027 0.9639
7.6709 -4.3982 -2.5032 0.9639
7.8254 -4.1209 -2.5037 0.9639
8.4440 -2.6601 -2.5062 0.9639
8.5357 -2.3557 -2.5067 0.9639
8.6860 -1.7379 -2.5077 0.9638
8.7445 -1.4252 -2.5082 0.9638
8.8274 -0.7945 -2.5091 0.9638
8.8662 0.1592 -2.5104 0.9638
8.8562 0.4774 -2.5108 0.9638
8.8347 0.7952 -2.5112 0.9638
8.8018 1.1119 -2.5115 0.9638
8.7575 1.4274 -2.5119 0.9638
8.7019 1.7411 -2.5123 0.9638
8.4676 2.6675 -2.5132 0.9638
7.5434 4.6927 -2.5150 0.9637
7.3676 4.9588 -2.5141 0.9638
7.1751 5.2131 -2.5107 0.9638
6.9581 5.4475 -2.5017 0.9639
6.5788 5.5427 -2.4353 0.9649
6.2181 5.6326 -2.3751 0.9657
5.9804 5.8215 -2.3627 0.9659
5.7678 6.0326 -2.3628 0.9659
5.5476 6.2359 -2.3628 0.9659
5.3203 6.4311 -2.3628 0.9659
4.8451 6.7963 -2.3628 0.9659
4.5980 6.9657 -2.3628 0.9659
4.3449 7.1262 -2.3628 0.9659
3.8223 7.4191 -2.3626 0.9659
3.0021 7.7859 -2.3623 0.9659
2.4629 7.1414 -2.1385 0.9691
2.2035 7.2202 -2.1371 0.9691
2.1472 8.0619 -2.3618 0.9659
1.5630 8.1937 -2.3614 0.9659
0.9709 8.2831 -2.3609 0.9659
0.0748 8.3366 -2.3601 0.9659
-0.2245 8.3328 -2.3598 0.9659
-1.4139 8.2103 -2.3585 0.9660
-1.7075 8.1529 -2.3581 0.9660
-2.8549 7.8194 -2.3565 0.9660
-3.4713 7.7342 -2.3999 0.9654
-4.4686 7.6340 -2.5041 0.9639
-4.7440 7.4754 -2.5064 0.9639
-5.0084 7.2988 -2.5059 0.9639
-5.7605 6.7141 -2.5044 0.9639
-5.9966 6.5016 -2.5039 0.9639
-6.6566 5.8157 -2.5023 0.9639
-5.5828 3.9049 -1.9287 0.9721
-6.1363 3.6663 -2.0236 0.9707
-7.7363 4.2530 -2.4992 0.9640
-7.8824 3.9718 -2.4987 0.9640
-8.1437 3.3946 -2.4977 0.9640
-8.4564 2.4980 -2.4962 0.9640
-8.5390 2.1924 -2.4957 0.9640
-8.6105 1.8841 -2.4953 0.9640
-8.6710 1.5735 -2.4948 0.9640
-8.7852 0.6319 -2.4935 0.9640
-8.8007 0.3161 -2.4930 0.9641
-8.1062 -0.0000 -2.4933 0.9666
-8.0557 -0.8711 -2.4922 0.9667
-8.0182 -1.1595 -2.4919 0.9667
-7.9123 -1.7314 -2.4912 0.9667
-7.7658 -2.2940 -2.4906 0.9667
-7.6776 -2.5710 -2.4904 0.9667
-7.5796 -2.8447 -2.4901 0.9667
-7.4719 -3.1146 -2.4899 0.9667
-7.3545 -3.3805 -2.4896 0.9667
-6.7929 -4.3969 -2.4888 0.9667
-6.6303 -4.6377 -2.4887 0.9667
-6.0924 -5.3228 -2.4883 0.9667
-5.6945 -5.7458 -2.4882 0.9667
-5.4844 -5.9464 -2.4881 0.9667
-4.3345 -6.8301 -2.4881 0.9667
-3.8335 -7.1238 -2.4882 0.9667
-3.5754 -7.2570 -2.4883 0.9667
-3.3127 -7.3810 -2.4884 0.9667
-2.7749 -7.6004 -2.4886 0.9667
-2.5004 -7.6956 -2.4888 0.9667
-2.2227 -7.7809 -2.4890 0.9667
-1.9421 -7.8562 -2.4891 0.9667
-1.3737 -7.9766 -2.4895 0.9667
-1.0866 -8.0215 -2.4898 0.9667
0.3634 -8.0910 -2.4911 0.9667
1.5184 -7.9599 -2.4924 0.9667
2.0862 -7.8327 -2.4932 0.9666
2.3664 -7.7540 -2.4936 0.9666
2.6436 -7.6652 -2.4939 0.9666
2.9176 -7.5666 -2.4943 0.9666
3.7160 -7.2128 -2.4956 0.9666
3.9732 -7.0759 -2.4960 0.9666
4.2253 -6.9300 -2.4965 0.9666
4.7134 -6.6114 -2.4974 0.9666
5.3998 -6.0697 -2.4988 0.9666
5.8236 -5.6688 -2.4997 0.9666
6.0244 -5.4572 -2.5002 0.9666
6.2176 -5.2384 -2.5007 0.9665
6.4029 -5.0128 -2.5011 0.9665
7.0598 -4.0479 -2.5031 0.9665
7.2019 -3.7926 -2.5035 0.9665
7.3348 -3.5323 -2.5040 0.9665
7.4583 -3.2673 -2.5045 0.9665
7.5722 -2.9980 -2.5049 0.9665
7.7706 -2.4479 -2.5059 0.9665
7.8549 -2.1678 -2.5063 0.9665
8.0466 -1.3115 -2.5076 0.9665
8.0898 -1.0220 -2.5080 0.9665
8.1450 -0.4391 -2.5089 0.9664
8.1568 -0.1464 -2.5092 0.9664
8.1580 0.1465 -2.5096 0.9664
8.0985 1.0231 -2.5107 0.9664
8.0064 1.6019 -2.5114 0.9664
7.8727 2.1727 -2.5120 0.9664
7.7905 2.4542 -2.5123 0.9664
7.6982 2.7326 -2.5126 0.9664
7.5960 3.0075 -2.5128 0.9664
7.3620 3.5454 -2.5133 0.9664
7.2306 3.8077 -2.5135 0.9664
7.0898 4.0651 -2.5137 0.9664
6.6130 4.8046 -2.5142 0.9664
4.9013 5.9245 -2.3650 0.9683
4.6790 6.0883 -2.3618 0.9684
4.4574 6.2523 -2.3617 0.9684
3.9972 6.5558 -2.3617 0.9684
3.5164 6.8254 -2.3616 0.9684
3.2690 6.9469 -2.3615 0.9684
3.0174 7.0595 -2.3614 0.9684
1.9755 7.4169 -2.3608 0.9684
1.7078 7.4825 -2.3606 0.9684
0.0688 7.6701 -2.3592 0.9684
-0.2065 7.6667 -2.3590 0.9684
-1.3010 7.5543 -2.3577 0.9684
-1.5711 7.5016 -2.3574 0.9684
-1.8391 7.4393 -2.3571 0.9684
-2.4386 7.5052 -2.4272 0.9675
-3.3340 7.4284 -2.5044 0.9665
-3.6021 7.3112 -2.5069 0.9665
-3.8622 7.1772 -2.5069 0.9665
-4.6090 6.7168 -2.5056 0.9665
-4.8462 6.5459 -2.5051 0.9665
-6.1265 5.3526 -2.5023 0.9665
-6.3135 5.1282 -2.5018 0.9665
-6.6626 4.6602 -2.5008 0.9665
-6.8243 4.4172 -2.5003 0.9666
-6.9771 4.1686 -2.4999 0.9666
-7.2555 3.6559 -2.4989 0.9666
-7.3807 3.3925 -2.4985 0.9666
-7.6022 2.8531 -2.4975 0.9666
-7.6983 2.5779 -2.4971 0.9666
-7.8606 2.0183 -2.4962 0.9666
-8.1062 -0.0000 -2.4933 0.9666
-8.0998 -0.2910 -2.4929 0.9666
-8.0829 -0.5814 -2.4926 0.9667
-8.0182 -1.1595 -2.4919 0.9667
-7.9703 -1.4464 -2.4915 0.9667
-7.9123 -1.7314 -2.4912 0.9667
-7.8441 -2.0140 -2.4909 0.9667
-7.6776 -2.5710 -2.4904 0.9667
-7.5796 -2.8447 -2.4901 0.9667
-7.2278 -3.6420 -2.4894 0.9667
-6.6303 -4.6377 -2.4887 0.9667
-5.8972 -5.5378 -2.4882 0.9667
-4.8133 -6.5014 -2.4881 0.9667
-4.5768 -6.6700 -2.4881 0.9667
-4.3345 -6.8301 -2.4881 0.9667
-4.0866 -6.9814 -2.4882 0.9667
-3.5754 -7.2570 -2.4883 0.9667
-3.0458 -7.4955 -2.4885 0.9667
-2.2227 -7.7809 -2.4890 0.9667
-1.0866 -8.0215 -2.4898 0.9667
-0.5084 -8.0804 -2.4903 0.9667
-0.2180 -8.0943 -2.4905 0.9667
0.6537 -8.0737 -2.4914 0.9667
1.2316 -8.0081 -2.4921 0.9667
2.0862 -7.8327 -2.4932 0.9666
2.9176 -7.5666 -2.4943 0.9666
3.1878 -7.4582 -2.4948 0.9666
4.2253 -6.9300 -2.4965 0.9666
4.4722 -6.7751 -2.4969 0.9666
4.9486 -6.4391 -2.4978 0.9666
5.1775 -6.2585 -2.4983 0.9666
5.8236 -5.6688 -2.4997 0.9666
6.0244 -5.4571 -2.5002 0.9666
6.4029 -5.0128 -2.5011 0.9665
6.5800 -4.7806 -2.5016 0.9665
6.9086 -4.2979 -2.5026 0.9665
7.0598 -4.0479 -2.5031 0.9665
7.2019 -3.7926 -2.5035 0.9665
7.4583 -3.2673 -2.5045 0.9665
7.6763 -2.7248 -2.5054 0.9665
7.9930 -1.5992 -2.5072 0.9665
8.1450 -0.4391 -2.5089 0.9664
8.1568 -0.1464 -2.5092 0.9664
8.1487 0.4393 -2.5100 0.9664
8.1289 0.7316 -2.5104 0.9664
8.0576 1.3133 -2.5111 0.9664
7.9447 1.8885 -2.5117 0.9664
7.8727 2.1727 -2.5120 0.9664
7.7905 2.4542 -2.5123 0.9664
7.5960 3.0075 -2.5128 0.9664
7.0898 4.0651 -2.5137 0.9664
6.9398 4.3173 -2.5139 0.9664
6.6130 4.8046 -2.5142 0.9664
6.4366 5.0392 -2.5143 0.9664
6.2468 5.2630 -2.5124 0.9664
6.0472 5.4778 -2.5097 0.9664
5.8406 5.6854 -2.5070 0.9665
5.2020 5.8474 -2.4072 0.9678
4.9012 5.9246 -2.3650 0.9683
4.2300 6.4082 -2.3617 0.9684
3.9972 6.5558 -2.3617 0.9684
3.2690 6.9469 -2.3615 0.9684
3.0174 7.0595 -2.3614 0.9684
2.7619 7.1629 -2.3613 0.9684
1.4380 7.5383 -2.3604 0.9684
0.6191 7.6470 -2.3598 0.9684
0.3442 7.6635 -2.3595 0.9684
-0.4815 7.6534 -2.3587 0.9684
-1.3010 7.5543 -2.3577 0.9684
-1.5711 7.5016 -2.3574 0.9684
-2.1271 7.4461 -2.3819 0.9681
-2.7624 7.5660 -2.4774 0.9669
-3.6021 7.3112 -2.5069 0.9665
-3.8622 7.1772 -2.5069 0.9665
-4.1167 7.0327 -2.5065 0.9665
-4.8462 6.5459 -2.5051 0.9665
-5.0771 6.3665 -2.5046 0.9665
-5.5187 5.9836 -2.5037 0.9665
-5.7289 5.7805 -2.5032 0.9665
-5.9316 5.5701 -2.5027 0.9665
-6.1265 5.3526 -2.5023 0.9665
-6.3135 5.1282 -2.5018 0.9665
-5.5477 4.1848 -2.1374 0.9713
-6.6626 4.6602 -2.5008 0.9665
-6.8243 4.4172 -2.5003 0.9666
-7.1209 3.9147 -2.4994 0.9666
-7.3807 3.3925 -2.4985 0.9666
-7.4963 3.1248 -2.4980 0.9666
-7.7845 2.2995 -2.4966 0.9666
-7.9824 1.4486 -2.4953 0.9666
-8.1062 -0.0000 -2.4933 0.9666
-8.0557 -0.8711 -2.4922 0.9667
-7.9123 -1.7314 -2.4912 0.9667
-7.8441 -2.0140 -2.4909 0.9667
-7.7658 -2.2940 -2.4906 0.9667
-7.6776 -2.5710 -2.4904 0.9667
-7.5796 -2.8447 -2.4901 0.9667
-7.4719 -3.1146 -2.4899 0.9667
-7.3545 -3.3805 -2.4896 0.9667
-7.0919 -3.8988 -2.4892 0.9667
-6.9468 -4.1506 -2.4890 0.9667
-5.6944 -5.7458 -2.4882 0.9667
-5.4844 -5.9464 -2.4881 0.9667
-5.2673 -6.1393 -2.4881 0.9667
-4.8132 -6.5014 -2.4881 0.9667
-4.0866 -6.9814 -2.4882 0.9667
-3.8335 -7.1238 -2.4882 0.9667
-3.3127 -7.3810 -2.4884 0.9667
-2.2227 -7.7809 -2.4890 0.9667
-1.9421 -7.8562 -2.4891 0.9667
-1.6590 -7.9215 -2.4893 0.9667
-1.3737 -7.9766 -2.4895 0.9667
0.0727 -8.0979 -2.4908 0.9667
2.0862 -7.8327 -2.4932 0.9666
2.6436 -7.6652 -2.4939 0.9666
2.9176 -7.5666 -2.4943 0.9666
3.4541 -7.3402 -2.4952 0.9666
3.7160 -7.2128 -2.4956 0.9666
3.9732 -7.0759 -2.4960 0.9666
4.2253 -6.9300 -2.4965 0.9666
5.8236 -5.6688 -2.4997 0.9666
6.0244 -5.4571 -2.5002 0.9666
6.4029 -5.0128 -2.5011 0.9665
6.5800 -4.7806 -2.5016 0.9665
6.7486 -4.5422 -2.5021 0.9665
7.0598 -4.0479 -2.5031 0.9665
7.3348 -3.5323 -2.5040 0.9665
7.4583 -3.2673 -2.5045 0.9665
7.5722 -2.9980 -2.5049 0.9665
7.7706 -2.4479 -2.5059 0.9665
7.8549 -2.1678 -2.5063 0.9665
7.9930 -1.5992 -2.5072 0.9665
8.0466 -1.3115 -2.5076 0.9665
8.1450 -0.4391 -2.5089 0.9664
8.1289 0.7316 -2.5104 0.9664
8.0985 1.0231 -2.5107 0.9664
8.0064 1.6019 -2.5114 0.9664
7.9447 1.8885 -2.5117 0.9664
7.8727 2.1727 -2.5120 0.9664
7.7905 2.4542 -2.5123 0.9664
7.6982 2.7326 -2.5126 0.9664
7.3620 3.5454 -2.5133 0.9664
7.2306 3.8077 -2.5135 0.9664
6.7808 4.5639 -2.5140 0.9664
6.6130 4.8046 -2.5142 0.9664
6.4366 5.0392 -2.5143 0.9664
6.2468 5.2630 -2.5124 0.9664
5.8406 5.6854 -2.5070 0.9665
5.5165 5.7698 -2.4553 0.9671
5.2020 5.8474 -2.4072 0.9678
4.2300 6.4082 -2.3617 0.9684
3.9972 6.5558 -2.3617 0.9684
3.2690 6.9469 -2.3615 0.9684
3.0174 7.0595 -2.3614 0.9684
2.7619 7.1629 -2.3613 0.9684
2.4582 7.1277 -2.3190 0.9689
2.1938 7.1886 -2.3117 0.9690
1.9755 7.4169 -2.3608 0.9684
1.4380 7.5383 -2.3604 0.9684
0.6191 7.6470 -2.3598 0.9684
0.3442 7.6635 -2.3595 0.9684
0.0688 7.6701 -2.3592 0.9684
-0.4815 7.6534 -2.3587 0.9684
-0.7558 7.6302 -2.3584 0.9684
-1.0291 7.5971 -2.3581 0.9684
-1.3010 7.5543 -2.3577 0.9684
-1.8391 7.4393 -2.3571 0.9684
-2.4386 7.5052 -2.4272 0.9675
-3.3340 7.4284 -2.5044 0.9665
-3.6021 7.3112 -2.5069 0.9665
-4.3657 6.8792 -2.5060 0.9665
-4.6090 6.7168 -2.5056 0.9665
-4.8462 6.5459 -2.5051 0.9665
-5.9316 5.5701 -2.5027 0.9665
-6.8243 4.4172 -2.5003 0.9666
-6.9771 4.1686 -2.4999 0.9666
-7.1209 3.9147 -2.4994 0.9666
-7.2555 3.6559 -2.4989 0.9666
-7.3807 3.3925 -2.4985 0.9666
-7.4963 3.1248 -2.4980 0.9666
-7.6983 2.5779 -2.4971 0.9666
-7.9266 1.7345 -2.4957 0.9666
-8.0279 1.1609 -2.4949 0.9666
-8.0879 0.5818 -2.4941 0.9666
-8.1062 -0.0000 -2.4933 0.9666
-8.0829 -0.5814 -2.4926 0.9667
-8.0557 -0.8711 -2.4922 0.9667
-7.9123 -1.7314 -2.4912 0.9667
-7.8441 -2.0140 -2.4909 0.9667
-7.7658 -2.2940 -2.4906 0.9667
-7.6776 -2.5711 -2.4904 0.9667
-7.2278 -3.6420 -2.4894 0.9667
-6.9468 -4.1506 -2.4890 0.9667
-6.6303 -4.6377 -2.4887 0.9667
-6.2798 -5.1009 -2.4884 0.9667
-4.8133 -6.5014 -2.4881 0.9667
-4.3345 -6.8301 -2.4881 0.9667
-4.0866 -6.9814 -2.4882 0.9667
-3.5754 -7.2570 -2.4883 0.9667
-3.3127 -7.3810 -2.4884 0.9667
-2.7749 -7.6004 -2.4886 0.9667
-1.0866 -8.0215 -2.4898 0.9667
-0.7980 -8.0561 -2.4900 0.9667
0.0727 -8.0979 -2.4908 0.9667
0.3634 -8.0910 -2.4911 0.9667
0.6537 -8.0737 -2.4914 0.9667
1.2316 -8.0081 -2.4921 0.9667
1.5184 -7.9599 -2.4924 0.9667
2.3664 -7.7540 -2.4936 0.9666
3.1878 -7.4582 -2.4948 0.9666
3.7160 -7.2128 -2.4956 0.9666
3.9732 -7.0759 -2.4960 0.9666
4.2253 -6.9300 -2.4965 0.9666
4.4722 -6.7751 -2.4969 0.9666
4.7134 -6.6114 -2.4974 0.9666
5.1775 -6.2585 -2.4983 0.9666
5.6153 -5.8731 -2.4992 0.9666
5.8236 -5.6688 -2.4997 0.9666
6.0244 -5.4571 -2.5002 0.9666
6.2176 -5.2384 -2.5007 0.9665
6.4029 -5.0128 -2.5011 0.9665
7.3348 -3.5323 -2.5040 0.9665
7.5722 -2.9980 -2.5049 0.9665
7.6763 -2.7248 -2.5054 0.9665
7.8549 -2.1678 -2.5063 0.9665
7.9290 -1.8848 -2.5067 0.9665
8.1580 0.1465 -2.5096 0.9664
8.0576 1.3133 -2.5111 0.9664
8.0064 1.6019 -2.5114 0.9664
7.9447 1.8885 -2.5117 0.9664
7.7905 2.4542 -2.5123 0.9664
7.6982 2.7326 -2.5126 0.9664
7.5960 3.0075 -2.5128 0.9664
7.4839 3.2785 -2.5131 0.9664
7.3620 3.5454 -2.5133 0.9664
7.0898 4.0651 -2.5137 0.9664
6.9398 4.3173 -2.5139 0.9664
6.6130 4.8047 -2.5142 0.9664
6.4366 5.0392 -2.5143 0.9664
6.0472 5.4778 -2.5097 0.9664
5.5165 5.7698 -2.4553 0.9671
4.6789 6.0883 -2.3618 0.9684
4.4574 6.2523 -2.3617 0.9684
4.2300 6.4082 -2.3617 0.9684
3.7592 6.6949 -2.3616 0.9684
3.5164 6.8254 -2.3616 0.9684
3.2690 6.9469 -2.3615 0.9684
3.0174 7.0595 -2.3614 0.9684
2.7619 7.1629 -2.3613 0.9684
1.9754 7.4169 -2.3608 0.9684
1.4380 7.5383 -2.3604 0.9684
0.8933 7.6207 -2.3600 0.9684
0.6191 7.6470 -2.3598 0.9684
0.3442 7.6635 -2.3595 0.9684
-0.2065 7.6667 -2.3590 0.9684
-1.3010 7.5543 -2.3577 0.9684
-1.5711 7.5016 -2.3574 0.9684
-1.8391 7.4393 -2.3571 0.9684
-2.1271 7.4461 -2.3819 0.9681
-2.7624 7.5660 -2.4774 0.9669
-3.0623 7.5362 -2.5020 0.9665
-4.3657 6.8792 -2.5060 0.9665
-4.6090 6.7168 -2.5056 0.9665
-4.8462 6.5459 -2.5051 0.9665
-5.0771 6.3665 -2.5046 0.9665
-5.3014 6.1790 -2.5042 0.9665
-5.5187 5.9836 -2.5037 0.9665
-5.7289 5.7805 -2.5032 0.9665
-5.9316 5.5701 -2.5027 0.9665
-6.6626 4.6602 -2.5008 0.9665
-6.9771 4.1686 -2.4999 0.9666
-7.1209 3.9147 -2.4994 0.9666
-7.3807 3.3925 -2.4985 0.9666
-7.6022 2.8531 -2.4975 0.9666
-7.7845 2.2995 -2.4966 0.9666
-8.0879 0.5818 -2.4941 0.9666
-8.1022 0.2910 -2.4937 0.9666
-7.5026 -0.0000 -2.4939 0.9689
-7.4561 -0.8062 -2.4929 0.9689
-7.3235 -1.6025 -2.4920 0.9689
-7.1065 -2.3798 -2.4912 0.9689
-7.0158 -2.6331 -2.4909 0.9689
-6.9162 -2.8830 -2.4907 0.9689
-6.8076 -3.1291 -2.4905 0.9689
-6.5646 -3.6089 -2.4901 0.9689
-6.4303 -3.8420 -2.4899 0.9689
-6.2879 -4.0700 -2.4898 0.9689
-5.9790 -4.5102 -2.4895 0.9689
-5.8130 -4.7217 -2.4894 0.9689
-5.4589 -5.1262 -2.4892 0.9689
-5.2712 -5.3187 -2.4892 0.9689
-4.4555 -6.0182 -2.4890 0.9689
-4.0123 -6.3224 -2.4891 0.9689
-3.3096 -6.7176 -2.4893 0.9689
-2.8194 -6.9383 -2.4895 0.9689
-2.5686 -7.0354 -2.4896 0.9689
-2.3145 -7.1234 -2.4897 0.9689
-1.2715 -7.3834 -2.4904 0.9689
0.6050 -7.4729 -2.4922 0.9689
0.8730 -7.4473 -2.4925 0.9689
1.9309 -7.2495 -2.4938 0.9689
2.1902 -7.1765 -2.4941 0.9689
3.4390 -6.6752 -2.4960 0.9688
3.9103 -6.4133 -2.4968 0.9688
4.1387 -6.2699 -2.4973 0.9688
4.5794 -5.9588 -2.4981 0.9688
4.7912 -5.7916 -2.4985 0.9688
5.3889 -5.2457 -2.4998 0.9688
5.7534 -4.8472 -2.5007 0.9688
6.3924 -3.9767 -2.5025 0.9688
6.5322 -3.7454 -2.5029 0.9688
6.6636 -3.5091 -2.5034 0.9688
6.7864 -3.2682 -2.5038 0.9687
6.9006 -3.0230 -2.5042 0.9687
7.0059 -2.7738 -2.5047 0.9687
7.2671 -2.0056 -2.5059 0.9687
7.3356 -1.7437 -2.5063 0.9687
7.3947 -1.4795 -2.5067 0.9687
7.5381 0.4064 -2.5094 0.9687
7.5197 0.6768 -2.5097 0.9687
7.4915 0.9464 -2.5100 0.9687
7.3490 1.7469 -2.5109 0.9687
7.2824 2.0098 -2.5112 0.9687
7.0262 2.7819 -2.5120 0.9686
6.9225 3.0326 -2.5122 0.9686
6.8097 3.2794 -2.5124 0.9686
6.5579 3.7601 -2.5128 0.9686
6.4191 3.9933 -2.5129 0.9686
6.2720 4.2214 -2.5131 0.9686
6.1168 4.4441 -2.5132 0.9686
5.6043 5.0765 -2.5135 0.9686
4.5835 5.9641 -2.5003 0.9688
4.3009 6.0328 -2.4628 0.9693
3.4954 6.2251 -2.3731 0.9704
3.0236 6.4256 -2.3606 0.9705
2.7949 6.5388 -2.3638 0.9705
2.0725 6.7908 -2.3601 0.9705
1.8272 6.8604 -2.3599 0.9705
1.5797 6.9211 -2.3598 0.9705
1.0789 7.0155 -2.3594 0.9705
0.8263 7.0490 -2.3592 0.9705
0.5727 7.0735 -2.3590 0.9705
-0.1910 7.0919 -2.3582 0.9705
-0.4459 7.0884 -2.3609 0.9705
-1.2474 7.2431 -2.4431 0.9695
-1.8065 7.3077 -2.5022 0.9688
-2.5873 7.0864 -2.5077 0.9687
-3.0886 6.8815 -2.5073 0.9687
-3.5732 6.6401 -2.5065 0.9687
-4.0390 6.3645 -2.5057 0.9687
-4.2642 6.2144 -2.5052 0.9687
-5.6688 4.9527 -2.5022 0.9688
-5.8419 4.7451 -2.5018 0.9688
-5.5544 4.1899 -2.3127 0.9711
-6.1651 4.3122 -2.5009 0.9688
-6.4563 3.8574 -2.5000 0.9688
-6.7141 3.3831 -2.4991 0.9688
-6.8300 3.1394 -2.4987 0.9688
-6.9371 2.8917 -2.4982 0.9688
-7.0352 2.6404 -2.4978 0.9688
-7.2746 1.8678 -2.4966 0.9688
-7.3358 1.6052 -2.4962 0.9688
-7.3875 1.3406 -2.4958 0.9688
-7.4854 0.5384 -2.4946 0.9689
-7.4988 0.2693 -2.4943 0.9689
-7.5026 -0.0000 -2.4939 0.9689
-7.4967 -0.2693 -2.4936 0.9689
-7.4561 -0.8062 -2.4929 0.9689
-7.4214 -1.0732 -2.4926 0.9689
-7.3772 -1.3388 -2.4923 0.9689
-7.3235 -1.6025 -2.4920 0.9689
-7.2605 -1.8642 -2.4917 0.9689
-7.1065 -2.3798 -2.4912 0.9689
-7.0158 -2.6331 -2.4909 0.9689
-6.9162 -2.8830 -2.4907 0.9689
-6.4303 -3.8420 -2.4899 0.9689
-6.2879 -4.0701 -2.4898 0.9689
-5.8130 -4.7217 -2.4894 0.9689
-4.8759 -5.6830 -2.4891 0.9689
-4.4555 -6.0182 -2.4890 0.9689
-4.2366 -6.1743 -2.4891 0.9689
-4.0123 -6.3224 -2.4891 0.9689
-3.3096 -6.7176 -2.4893 0.9689
-3.0665 -6.8323 -2.4894 0.9689
-2.8194 -6.9383 -2.4895 0.9689
-2.5686 -7.0354 -2.4896 0.9689
-2.3145 -7.1234 -2.4897 0.9689
-2.0575 -7.2024 -2.4899 0.9689
-1.2715 -7.3834 -2.4904 0.9689
-1.0058 -7.4249 -2.4906 0.9689
-0.4706 -7.4794 -2.4911 0.9689
-0.2018 -7.4922 -2.4913 0.9689
0.0673 -7.4954 -2.4916 0.9689
0.3363 -7.4890 -2.4919 0.9689
0.8730 -7.4473 -2.4925 0.9689
1.1399 -7.4121 -2.4928 0.9689
1.6692 -7.3131 -2.4934 0.9689
1.9309 -7.2495 -2.4938 0.9689
2.4467 -7.0943 -2.4945 0.9689
2.7002 -7.0029 -2.4949 0.9689
2.9503 -6.9025 -2.4952 0.9689
3.4390 -6.6752 -2.4960 0.9688
3.6770 -6.5485 -2.4964 0.9688
3.9103 -6.4133 -2.4968 0.9688
4.1387 -6.2699 -2.4973 0.9688
4.9969 -5.6168 -2.4990 0.9688
5.1962 -5.4348 -2.4994 0.9688
5.5747 -5.0497 -2.5003 0.9688
5.9247 -4.6384 -2.5012 0.9688
6.5322 -3.7453 -2.5029 0.9688
6.7864 -3.2682 -2.5038 0.9687
6.9006 -3.0230 -2.5042 0.9687
7.0059 -2.7738 -2.5047 0.9687
7.1021 -2.5210 -2.5051 0.9687
7.1892 -2.2648 -2.5055 0.9687
7.3947 -1.4795 -2.5067 0.9687
7.4442 -1.2133 -2.5071 0.9687
7.5144 -0.6763 -2.5079 0.9687
7.5458 -0.1355 -2.5087 0.9687
7.5197 0.6768 -2.5097 0.9687
7.4061 1.4818 -2.5106 0.9687
7.3490 1.7469 -2.5109 0.9687
7.2824 2.0098 -2.5112 0.9687
7.2063 2.2702 -2.5115 0.9687
7.0262 2.7819 -2.5120 0.9686
6.9225 3.0326 -2.5122 0.9686
6.8097 3.2794 -2.5124 0.9686
6.6881 3.5220 -2.5126 0.9686
6.5579 3.7601 -2.5128 0.9686
6.4191 3.9933 -2.5129 0.9686
6.1168 4.4441 -2.5132 0.9686
5.6043 5.0765 -2.5135 0.9686
4.3009 6.0328 -2.4628 0.9693
3.7577 6.1630 -2.3994 0.9700
3.0236 6.4256 -2.3606 0.9705
2.7949 6.5388 -2.3638 0.9705
2.3150 6.7124 -2.3602 0.9705
1.8272 6.8604 -2.3599 0.9705
1.5797 6.9211 -2.3598 0.9705
1.3301 6.9728 -2.3596 0.9705
0.8263 7.0490 -2.3592 0.9705
0.0637 7.0949 -2.3585 0.9705
-0.1910 7.0919 -2.3582 0.9705
-0.4460 7.0885 -2.3609 0.9705
-0.9739 7.1896 -2.4117 0.9699
-1.2474 7.2431 -2.4431 0.9695
-1.5283 7.2975 -2.4784 0.9691
-2.0691 7.2430 -2.5039 0.9687
-3.5732 6.6401 -2.5065 0.9687
-3.8086 6.5065 -2.5061 0.9687
-4.0390 6.3645 -2.5057 0.9687
-4.2642 6.2144 -2.5052 0.9687
-4.9050 5.7170 -2.5040 0.9687
-5.4883 5.1539 -2.5026 0.9688
-5.6688 4.9527 -2.5022 0.9688
-6.1651 4.3122 -2.5009 0.9688
-6.7141 3.3831 -2.4991 0.9688
-6.9371 2.8917 -2.4982 0.9688
-7.2041 2.1281 -2.4970 0.9688
-7.2746 1.8678 -2.4966 0.9688
-7.3875 1.3406 -2.4958 0.9688
-7.4624 0.8069 -2.4950 0.9689
-7.4854 0.5384 -2.4946 0.9689
-7.4967 -0.2693 -2.4936 0.9689
-7.4561 -0.8062 -2.4929 0.9689
-7.3772 -1.3388 -2.4923 0.9689
-7.3235 -1.6025 -2.4920 0.9689
-7.1881 -2.1234 -2.4914 0.9689
-7.1065 -2.3798 -2.4912 0.9689
-6.2879 -4.0701 -2.4898 0.9689
-6.1374 -4.2929 -2.4896 0.9689
-5.8130 -4.7217 -2.4894 0.9689
-5.6396 -4.9272 -2.4893 0.9689
-5.4589 -5.1262 -2.4892 0.9689
-5.2712 -5.3187 -2.4892 0.9689
-4.6687 -5.8544 -2.4891 0.9689
-4.4555 -6.0182 -2.4890 0.9689
-4.2366 -6.1743 -2.4891 0.9689
-4.0123 -6.3224 -2.4891 0.9689
-2.8194 -6.9383 -2.4895 0.9689
-2.5686 -7.0354 -2.4896 0.9689
-1.2715 -7.3834 -2.4904 0.9689
-1.0058 -7.4250 -2.4906 0.9689
-0.7387 -7.4569 -2.4909 0.9689
-0.2018 -7.4922 -2.4913 0.9689
0.0673 -7.4954 -2.4916 0.9689
0.3363 -7.4890 -2.4919 0.9689
0.6050 -7.4729 -2.4922 0.9689
0.8730 -7.4473 -2.4925 0.9689
1.1399 -7.4121 -2.4928 0.9689
2.4467 -7.0943 -2.4945 0.9689
3.1967 -6.7932 -2.4956 0.9688
4.3618 -6.1183 -2.4977 0.9688
4.5794 -5.9588 -2.4981 0.9688
4.7912 -5.7916 -2.4985 0.9688
4.9969 -5.6168 -2.4990 0.9688
5.1962 -5.4348 -2.4994 0.9688
5.5747 -5.0497 -2.5003 0.9688
5.7534 -4.8472 -2.5007 0.9688
5.9247 -4.6384 -2.5012 0.9688
6.0885 -4.4235 -2.5016 0.9688
6.2444 -4.2029 -2.5020 0.9688
6.6636 -3.5091 -2.5034 0.9688
6.7864 -3.2682 -2.5038 0.9687
6.9006 -3.0230 -2.5042 0.9687
7.0059 -2.7738 -2.5047 0.9687
7.1892 -2.2648 -2.5055 0.9687
7.3947 -1.4795 -2.5067 0.9687
7.4442 -1.2133 -2.5071 0.9687
7.4841 -0.9455 -2.5075 0.9687
7.5144 -0.6763 -2.5079 0.9687
7.5349 -0.4062 -2.5083 0.9687
7.5458 -0.1355 -2.5087 0.9687
7.4061 1.4818 -2.5106 0.9687
7.2824 2.0098 -2.5112 0.9687
7.2063 2.2702 -2.5115 0.9687
7.1209 2.5276 -2.5117 0.9687
6.5579 3.7601 -2.5128 0.9686
6.4191 3.9933 -2.5129 0.9686
6.2720 4.2214 -2.5131 0.9686
6.1168 4.4441 -2.5132 0.9686
5.7827 4.8719 -2.5135 0.9686
5.2225 5.4623 -2.5120 0.9686
5.0186 5.6413 -2.5098 0.9687
4.5835 5.9641 -2.5003 0.9688
4.3009 6.0328 -2.4628 0.9693
3.7577 6.1630 -2.3994 0.9700
3.4954 6.2251 -2.3731 0.9704
3.0236 6.4256 -2.3606 0.9705
2.7949 6.5388 -2.3638 0.9705
2.3150 6.7124 -2.3602 0.9705
1.5797 6.9211 -2.3598 0.9705
0.5727 7.0735 -2.3590 0.9705
0.3183 7.0888 -2.3587 0.9705
0.0637 7.0949 -2.3585 0.9705
-0.4460 7.0885 -2.3609 0.9705
-0.7070 7.1369 -2.3840 0.9702
-0.9739 7.1896 -2.4117 0.9699
-1.2474 7.2431 -2.4431 0.9695
-1.5283 7.2975 -2.4784 0.9691
-1.8065 7.3077 -2.5022 0.9688
-2.0691 7.2430 -2.5039 0.9687
-2.3294 7.1692 -2.5057 0.9687
-2.8400 6.9890 -2.5077 0.9687
-3.3331 6.7651 -2.5069 0.9687
-4.0391 6.3645 -2.5057 0.9687
-4.2642 6.2144 -2.5052 0.9687
-4.6975 5.8904 -2.5044 0.9687
-5.3007 5.3485 -2.5031 0.9688
-5.4883 5.1539 -2.5026 0.9688
-5.6688 4.9527 -2.5022 0.9688
-5.8419 4.7451 -2.5018 0.9688
-6.1651 4.3122 -2.5009 0.9688
-6.7141 3.3831 -2.4991 0.9688
-6.8300 3.1394 -2.4987 0.9688
-7.1242 2.3857 -2.4974 0.9688
-7.4297 1.0744 -2.4954 0.9689
-7.4854 0.5384 -2.4946 0.9689
-7.5026 -0.0000 -2.4939 0.9689
-7.4967 -0.2693 -2.4936 0.9689
-7.4812 -0.5382 -2.4932 0.9689
-7.2605 -1.8642 -2.4917 0.9689
-7.1881 -2.1234 -2.4914 0.9689
-7.1065 -2.3798 -2.4912 0.9689
-7.0158 -2.6331 -2.4909 0.9689
-6.8076 -3.1291 -2.4905 0.9689
-6.5646 -3.6089 -2.4901 0.9689
-6.4303 -3.8420 -2.4899 0.9689
-6.2879 -4.0701 -2.4898 0.9689
-6.1374 -4.2929 -2.4896 0.9689
-5.9790 -4.5102 -2.4895 0.9689
-5.8130 -4.7217 -2.4894 0.9689
-5.0768 -5.5044 -2.4891 0.9689
-4.8759 -5.6830 -2.4891 0.9689
-4.4555 -6.0182 -2.4890 0.9689
-4.2366 -6.1743 -2.4891 0.9689
-4.0123 -6.3224 -2.4891 0.9689
-3.3096 -6.7176 -2.4893 0.9689
-3.0665 -6.8323 -2.4894 0.9689
-2.5686 -7.0354 -2.4896 0.9689
-2.3145 -7.1235 -2.4897 0.9689
-2.0575 -7.2024 -2.4899 0.9689
-1.7977 -7.2721 -2.4900 0.9689
-1.5356 -7.3325 -2.4902 0.9689
-1.0058 -7.4250 -2.4906 0.9689
-0.2018 -7.4922 -2.4913 0.9689
0.8730 -7.4473 -2.4925 0.9689
1.1399 -7.4121 -2.4928 0.9689
1.4054 -7.3673 -2.4931 0.9689
1.9309 -7.2495 -2.4938 0.9689
2.1902 -7.1765 -2.4941 0.9689
2.4467 -7.0943 -2.4945 0.9689
2.7002 -7.0029 -2.4949 0.9689
3.1967 -6.7932 -2.4956 0.9688
3.4390 -6.6752 -2.4960 0.9688
3.9103 -6.4133 -2.4968 0.9688
4.3618 -6.1183 -2.4977 0.9688
4.5794 -5.9588 -2.4981 0.9688
4.7912 -5.7915 -2.4985 0.9688
4.9969 -5.6168 -2.4990 0.9688
5.5747 -5.0497 -2.5003 0.9688
5.7534 -4.8472 -2.5007 0.9688
6.0885 -4.4235 -2.5016 0.9688
6.3924 -3.9767 -2.5025 0.9688
7.3356 -1.7437 -2.5063 0.9687
7.3947 -1.4795 -2.5067 0.9687
7.4442 -1.2133 -2.5071 0.9687
7.5349 -0.4062 -2.5083 0.9687
7.5197 0.6768 -2.5097 0.9687
7.4537 1.2149 -2.5103 0.9687
7.4061 1.4818 -2.5106 0.9687
7.3490 1.7469 -2.5109 0.9687
7.2824 2.0098 -2.5112 0.9687
7.2063 2.2702 -2.5115 0.9687
7.0262 2.7819 -2.5120 0.9686
6.9225 3.0326 -2.5122 0.9686
6.6881 3.5220 -2.5126 0.9686
6.5579 3.7601 -2.5128 0.9686
6.2720 4.2214 -2.5131 0.9686
5.9536 4.6610 -2.5134 0.9686
5.2225 5.4623 -2.5120 0.9686
4.8089 5.8130 -2.5078 0.9687
3.7577 6.1630 -2.3994 0.9700
3.4954 6.2251 -2.3731 0.9704
3.0236 6.4256 -2.3606 0.9705
2.5546 6.6254 -2.3603 0.9705
1.8272 6.8604 -2.3599 0.9705
1.5797 6.9211 -2.3598 0.9705
1.0789 7.0155 -2.3594 0.9705
0.8263 7.0490 -2.3592 0.9705
0.5727 7.0735 -2.3590 0.9705
-0.1910 7.0919 -2.3582 0.9705
-0.9739 7.1896 -2.4117 0.9699
-1.2474 7.2431 -2.4431 0.9695
-2.3294 7.1692 -2.5057 0.9687
-3.3331 6.7651 -2.5069 0.9687
-3.5732 6.6401 -2.5065 0.9687
-5.3007 5.3485 -2.5031 0.9688
-6.1651 4.3122 -2.5009 0.9688
-6.4563 3.8574 -2.5000 0.9688
-6.5894 3.6226 -2.4995 0.9688
-6.8300 3.1394 -2.4987 0.9688
-7.0352 2.6403 -2.4978 0.9688
-7.1243 2.3857 -2.4974 0.9688
-7.2041 2.1281 -2.4970 0.9688
-7.2747 1.8678 -2.4966 0.9688
-7.3358 1.6052 -2.4962 0.9688
-7.3875 1.3406 -2.4958 0.9688
-7.4297 1.0744 -2.4954 0.9689
-7.4624 0.8069 -2.4950 0.9689
-7.4988 0.2693 -2.4943 0.9689
-6.9753 -0.0000 -2.4944 0.9708
-6.9323 -0.7496 -2.4935 0.9708
-6.9001 -0.9978 -2.4932 0.9708
-6.8590 -1.2447 -2.4929 0.9708
-6.6834 -1.9743 -2.4921 0.9708
-6.5233 -2.4483 -2.4917 0.9708
-6.4307 -2.6806 -2.4915 0.9708
-6.2208 -3.1346 -2.4911 0.9708
-5.8467 -3.7845 -2.4906 0.9708
-5.7068 -3.9917 -2.4905 0.9708
-5.4052 -4.3904 -2.4902 0.9709
-4.5338 -5.2844 -2.4899 0.9709
-4.3412 -5.4437 -2.4899 0.9709
-4.1430 -5.5960 -2.4899 0.9709
-3.9394 -5.7411 -2.4899 0.9709
-3.7309 -5.8789 -2.4900 0.9709
-3.5175 -6.0091 -2.4900 0.9709
-3.2996 -6.1317 -2.4900 0.9709
-1.9131 -6.6970 -2.4907 0.9708
-1.6716 -6.7617 -2.4908 0.9708
-1.4279 -6.8179 -2.4910 0.9708
-1.1823 -6.8652 -2.4912 0.9708
-0.6868 -6.9335 -2.4916 0.9708
-0.4375 -6.9543 -2.4918 0.9708
0.0626 -6.9691 -2.4923 0.9708
0.3127 -6.9631 -2.4925 0.9708
0.8117 -6.9242 -2.4931 0.9708
1.0598 -6.8914 -2.4934 0.9708
1.3067 -6.8497 -2.4937 0.9708
1.5519 -6.7993 -2.4940 0.9708
1.7952 -6.7400 -2.4943 0.9708
2.0362 -6.6721 -2.4946 0.9708
2.5104 -6.5106 -2.4953 0.9708
3.1971 -6.2057 -2.4964 0.9708
3.4183 -6.0878 -2.4968 0.9708
3.8475 -5.8287 -2.4975 0.9708
4.6450 -5.2213 -2.4991 0.9707
4.8303 -5.0520 -2.4995 0.9707
5.0093 -4.8762 -2.4999 0.9707
5.1820 -4.6940 -2.5003 0.9707
5.6594 -4.1118 -2.5016 0.9707
6.3077 -3.0377 -2.5036 0.9707
6.4138 -2.8097 -2.5040 0.9707
6.7541 -1.8640 -2.5056 0.9707
6.9185 -1.1276 -2.5067 0.9707
6.9555 -0.8787 -2.5071 0.9707
6.9835 -0.6285 -2.5075 0.9707
7.0125 -0.1259 -2.5081 0.9706
7.0135 0.1259 -2.5085 0.9706
7.0053 0.3777 -2.5088 0.9706
6.9881 0.6289 -2.5091 0.9706
6.9619 0.8795 -2.5094 0.9706
6.9266 1.1290 -2.5097 0.9706
6.6965 2.1096 -2.5108 0.9706
6.6171 2.3488 -2.5110 0.9706
6.5291 2.5851 -2.5112 0.9706
6.4327 2.8180 -2.5114 0.9706
5.9648 3.7107 -2.5121 0.9706
5.6838 4.1295 -2.5124 0.9706
5.5321 4.3311 -2.5125 0.9706
5.3733 4.5270 -2.5126 0.9706
5.0350 4.9012 -2.5128 0.9706
4.8559 5.0789 -2.5128 0.9706
4.2818 5.5715 -2.5128 0.9706
3.8660 5.8568 -2.5096 0.9706
2.9718 6.3155 -2.4960 0.9708
2.7238 6.3727 -2.4784 0.9710
2.2361 6.4837 -2.4526 0.9713
1.9952 6.5377 -2.4444 0.9714
1.7554 6.5909 -2.4391 0.9714
1.0375 6.7466 -2.4410 0.9714
0.5545 6.8486 -2.4571 0.9712
-0.1884 6.9961 -2.5028 0.9707
-0.4396 6.9871 -2.5036 0.9707
-1.1897 6.9081 -2.5067 0.9707
-1.4376 6.8645 -2.5080 0.9706
-1.9266 6.7442 -2.5083 0.9706
-2.8704 6.3955 -2.5069 0.9707
-3.0977 6.2874 -2.5065 0.9707
-3.3209 6.1712 -2.5061 0.9707
-3.7539 5.9153 -2.5054 0.9707
-3.9632 5.7758 -2.5050 0.9707
-4.1674 5.6289 -2.5046 0.9707
-4.3660 5.4748 -2.5042 0.9707
-4.5590 5.3137 -2.5038 0.9707
-4.9269 4.9713 -2.5030 0.9707
-5.2692 4.6035 -2.5021 0.9707
-5.4301 4.4107 -2.5017 0.9707
-5.8699 3.7995 -2.5005 0.9707
-6.0015 3.5857 -2.5001 0.9707
-6.2413 3.1449 -2.4993 0.9707
-6.3491 2.9183 -2.4989 0.9708
-6.4488 2.6881 -2.4985 0.9708
-6.5401 2.4545 -2.4981 0.9708
-6.6229 2.2178 -2.4977 0.9708
-6.7629 1.7364 -2.4969 0.9708
-6.8680 1.2463 -2.4962 0.9708
-6.9073 0.9989 -2.4958 0.9708
-6.9377 0.7502 -2.4954 0.9708
-6.9717 0.2504 -2.4948 0.9708
-6.9699 -0.2504 -2.4941 0.9708
-6.9556 -0.5003 -2.4938 0.9708
-6.8590 -1.2447 -2.4929 0.9708
-6.7506 -1.7333 -2.4924 0.9708
-6.6076 -2.2127 -2.4919 0.9708
-5.7068 -3.9917 -2.4905 0.9708
-5.5595 -4.1938 -2.4903 0.9709
-5.4052 -4.3904 -2.4902 0.9709
-5.2439 -4.5815 -2.4901 0.9709
-5.0759 -4.7666 -2.4901 0.9709
-4.5338 -5.2844 -2.4899 0.9709
-4.1430 -5.5960 -2.4899 0.9709
-3.9394 -5.7411 -2.4899 0.9709
-3.7309 -5.8789 -2.4900 0.9709
-2.3884 -6.5417 -2.4904 0.9708
-2.1521 -6.6236 -2.4905 0.9708
-1.9131 -6.6970 -2.4907 0.9708
-1.6716 -6.7617 -2.4908 0.9708
-1.4279 -6.8179 -2.4910 0.9708
-1.1823 -6.8652 -2.4912 0.9708
-0.9352 -6.9038 -2.4914 0.9708
0.0626 -6.9691 -2.4923 0.9708
0.8117 -6.9242 -2.4931 0.9708
1.0598 -6.8914 -2.4934 0.9708
1.3067 -6.8497 -2.4937 0.9708
1.7952 -6.7400 -2.4943 0.9708
2.0362 -6.6721 -2.4946 0.9708
2.2747 -6.5956 -2.4950 0.9708
2.5104 -6.5106 -2.4953 0.9708
2.7429 -6.4172 -2.4957 0.9708
2.9719 -6.3155 -2.4960 0.9708
3.1971 -6.2057 -2.4964 0.9708
3.4183 -6.0878 -2.4968 0.9708
3.6352 -5.9621 -2.4972 0.9708
4.0549 -5.6877 -2.4979 0.9708
4.6450 -5.2213 -2.4991 0.9707
5.0093 -4.8762 -2.4999 0.9707
5.6594 -4.1118 -2.5016 0.9707
5.8043 -3.9066 -2.5020 0.9707
6.0716 -3.4812 -2.5028 0.9707
6.1936 -3.2616 -2.5032 0.9707
6.5115 -2.5781 -2.5044 0.9707
6.6009 -2.3431 -2.5048 0.9707
6.8177 -1.6206 -2.5060 0.9707
6.8725 -1.3750 -2.5064 0.9707
6.9555 -0.8787 -2.5071 0.9707
6.9835 -0.6285 -2.5075 0.9707
7.0135 0.1259 -2.5085 0.9706
7.0053 0.3777 -2.5088 0.9706
6.9881 0.6289 -2.5091 0.9706
6.8824 1.3770 -2.5100 0.9706
6.8293 1.6234 -2.5102 0.9706
6.7673 1.8677 -2.5105 0.9706
6.6965 2.1096 -2.5108 0.9706
6.3278 3.0473 -2.5116 0.9706
6.0938 3.4940 -2.5120 0.9706
5.9648 3.7107 -2.5121 0.9706
5.8281 3.9226 -2.5123 0.9706
5.5321 4.3311 -2.5125 0.9706
5.3733 4.5270 -2.5126 0.9706
4.6705 5.2500 -2.5128 0.9706
4.4791 5.4143 -2.5129 0.9706
3.6512 5.9883 -2.5081 0.9706
3.4321 6.1123 -2.5068 0.9707
3.2089 6.2286 -2.5056 0.9707
2.2361 6.4837 -2.4526 0.9713
1.9952 6.5377 -2.4444 0.9714
1.2772 6.6952 -2.4374 0.9715
1.0375 6.7466 -2.4410 0.9714
0.7968 6.7977 -2.4476 0.9713
0.5545 6.8486 -2.4571 0.9712
0.3098 6.8994 -2.4698 0.9711
-0.4396 6.9871 -2.5036 0.9707
-0.6904 6.9694 -2.5045 0.9707
-1.4376 6.8645 -2.5080 0.9706
-1.6835 6.8099 -2.5086 0.9706
-2.4049 6.5868 -2.5076 0.9707
-2.6394 6.4953 -2.5072 0.9707
-3.0977 6.2874 -2.5065 0.9707
-3.3209 6.1712 -2.5061 0.9707
-3.5397 6.0471 -2.5057 0.9707
-3.9632 5.7758 -2.5050 0.9707
-4.1674 5.6289 -2.5046 0.9707
-4.7461 5.1458 -2.5034 0.9707
-5.1014 4.7905 -2.5025 0.9707
-5.2692 4.6035 -2.5021 0.9707
-5.4301 4.4107 -2.5017 0.9707
-5.5840 4.2122 -2.5013 0.9707
-5.7307 4.0084 -2.5009 0.9707
-5.8699 3.7995 -2.5005 0.9707
-6.2413 3.1449 -2.4993 0.9707
-6.3491 2.9183 -2.4989 0.9708
-6.5401 2.4545 -2.4981 0.9708
-6.6229 2.2178 -2.4977 0.9708
-6.7629 1.7364 -2.4969 0.9708
-6.8680 1.2463 -2.4962 0.9708
-6.9073 0.9989 -2.4958 0.9708
-6.9377 0.7502 -2.4954 0.9708
-6.9592 0.5006 -2.4951 0.9708
-6.9753 -0.0000 -2.4944 0.9708
-6.9699 -0.2504 -2.4941 0.9708
-6.9556 -0.5003 -2.4938 0.9708
-6.9323 -0.7496 -2.4935 0.9708
-6.9001 -0.9979 -2.4932 0.9708
-6.7506 -1.7333 -2.4924 0.9708
-6.5233 -2.4483 -2.4917 0.9708
-6.2208 -3.1346 -2.4911 0.9708
-5.4052 -4.3904 -2.4902 0.9709
-5.2439 -4.5815 -2.4901 0.9709
-4.9014 -4.9456 -2.4900 0.9709
-4.7206 -5.1183 -2.4900 0.9709
-4.3412 -5.4437 -2.4899 0.9709
-3.9394 -5.7411 -2.4899 0.9709
-3.7309 -5.8789 -2.4900 0.9709
-3.5175 -6.0091 -2.4900 0.9709
-3.2996 -6.1317 -2.4900 0.9709
-2.8513 -6.3530 -2.4902 0.9709
-2.3884 -6.5417 -2.4904 0.9708
-1.9131 -6.6970 -2.4907 0.9708
-1.6716 -6.7617 -2.4908 0.9708
-1.4279 -6.8179 -2.4910 0.9708
-0.6868 -6.9335 -2.4916 0.9708
0.0626 -6.9691 -2.4923 0.9708
0.3127 -6.9631 -2.4925 0.9708
0.8117 -6.9242 -2.4931 0.9708
1.5519 -6.7993 -2.4940 0.9708
2.2747 -6.5956 -2.4950 0.9708
2.9719 -6.3155 -2.4960 0.9708
3.1971 -6.2057 -2.4964 0.9708
3.4183 -6.0878 -2.4968 0.9708
3.6352 -5.9621 -2.4972 0.9708
3.8475 -5.8287 -2.4975 0.9708
4.0549 -5.6877 -2.4979 0.9708
4.2571 -5.5394 -2.4983 0.9708
4.4539 -5.3838 -2.4987 0.9708
4.6450 -5.2213 -2.4991 0.9707
4.8303 -5.0520 -2.4995 0.9707
5.1820 -4.6940 -2.5003 0.9707
5.3480 -4.5057 -2.5008 0.9707
5.5072 -4.3115 -2.5012 0.9707
5.6594 -4.1118 -2.5016 0.9707
5.8043 -3.9066 -2.5020 0.9707
6.1936 -3.2616 -2.5032 0.9707
6.3077 -3.0377 -2.5036 0.9707
6.4138 -2.8097 -2.5040 0.9707
6.5115 -2.5781 -2.5044 0.9707
6.6009 -2.3431 -2.5048 0.9707
6.7541 -1.8640 -2.5056 0.9707
6.8177 -1.6206 -2.5060 0.9707
6.9835 -0.6285 -2.5075 0.9707
7.0135 0.1259 -2.5085 0.9706
7.0053 0.3777 -2.5088 0.9706
6.9881 0.6289 -2.5091 0.9706
6.9619 0.8795 -2.5094 0.9706
6.8824 1.3770 -2.5100 0.9706
6.6965 2.1096 -2.5108 0.9706
6.6171 2.3488 -2.5110 0.9706
6.3278 3.0473 -2.5116 0.9706
5.9648 3.7107 -2.5121 0.9706
5.2075 4.7172 -2.5127 0.9706
5.0350 4.9012 -2.5128 0.9706
4.8559 5.0789 -2.5128 0.9706
4.2818 5.5715 -2.5128 0.9706
3.6512 5.9883 -2.5081 0.9706
3.4321 6.1123 -2.5068 0.9707
3.2089 6.2286 -2.5056 0.9707
2.4788 6.4288 -2.4640 0.9712
2.2361 6.4837 -2.4526 0.9713
1.9952 6.5377 -2.4444 0.9714
1.7554 6.5909 -2.4391 0.9714
1.5163 6.6433 -2.4368 0.9715
1.2772 6.6952 -2.4374 0.9715
0.7968 6.7977 -2.4476 0.9713
0.3098 6.8994 -2.4698 0.9711
-0.1884 6.9961 -2.5028 0.9707
-0.4396 6.9871 -2.5036 0.9707
-0.6904 6.9694 -2.5045 0.9707
-1.1897 6.9080 -2.5067 0.9707
-1.4376 6.8645 -2.5080 0.9706
-1.6835 6.8099 -2.5086 0.9706
-1.9266 6.7442 -2.5083 0.9706
-2.6394 6.4953 -2.5072 0.9707
-2.8704 6.3955 -2.5069 0.9707
-4.1674 5.6289 -2.5046 0.9707
-4.5590 5.3137 -2.5038 0.9707
-4.7461 5.1458 -2.5034 0.9707
-4.9269 4.9713 -2.5030 0.9707
-5.4301 4.4107 -2.5017 0.9707
-5.5840 4.2122 -2.5013 0.9707
-5.7307 4.0084 -2.5009 0.9707
-6.1254 3.3674 -2.4997 0.9707
-6.8198 1.4923 -2.4965 0.9708
-6.8680 1.2463 -2.4962 0.9708
-6.9717 0.2504 -2.4948 0.9708
-6.9699 -0.2504 -2.4941 0.9708
-6.9323 -0.7496 -2.4935 0.9708
-6.8092 -1.4900 -2.4926 0.9708
-6.7506 -1.7333 -2.4924 0.9708
-6.6076 -2.2127 -2.4919 0.9708
-6.5233 -2.4483 -2.4917 0.9708
-6.4307 -2.6806 -2.4915 0.9708
-6.3298 -2.9095 -2.4913 0.9708
-6.1039 -3.3556 -2.4909 0.9708
-5.8467 -3.7845 -2.4906 0.9708
-5.7068 -3.9917 -2.4905 0.9708
-5.5595 -4.1938 -2.4903 0.9709
-5.2439 -4.5815 -2.4901 0.9709
-5.0759 -4.7666 -2.4901 0.9709
-4.7206 -5.1183 -2.4900 0.9709
-4.3412 -5.4437 -2.4899 0.9709
-3.2996 -6.1317 -2.4900 0.9709
-2.8513 -6.3530 -2.4902 0.9709
-2.6216 -6.4515 -2.4903 0.9709
-2.1521 -6.6236 -2.4905 0.9708
-1.6716 -6.7617 -2.4908 0.9708
-1.1823 -6.8652 -2.4912 0.9708
-0.6868 -6.9335 -2.4916 0.9708
-0.1876 -6.9661 -2.4920 0.9708
0.5625 -6.9481 -2.4928 0.9708
1.0598 -6.8914 -2.4934 0.9708
1.3067 -6.8497 -2.4937 0.9708
1.7952 -6.7400 -2.4943 0.9708
2.0362 -6.6721 -2.4946 0.9708
2.2748 -6.5956 -2.4950 0.9708
2.7429 -6.4172 -2.4957 0.9708
3.6352 -5.9621 -2.4972 0.9708
3.8475 -5.8287 -2.4975 0.9708
4.6450 -5.2213 -2.4991 0.9707
4.8303 -5.0520 -2.4995 0.9707
5.5072 -4.3115 -2.5012 0.9707
5.8043 -3.9066 -2.5020 0.9707
5.9417 -3.6963 -2.5024 0.9707
6.3077 -3.0377 -2.5036 0.9707
6.4138 -2.8097 -2.5040 0.9707
6.5115 -2.5781 -2.5044 0.9707
6.6009 -2.3431 -2.5048 0.9707
6.7541 -1.8640 -2.5056 0.9707
6.8177 -1.6206 -2.5060 0.9707
6.9835 -0.6285 -2.5075 0.9707
7.0026 -0.3775 -2.5078 0.9706
7.0135 0.1259 -2.5085 0.9706
6.9881 0.6290 -2.5091 0.9706
6.9619 0.8795 -2.5094 0.9706
6.9266 1.1290 -2.5097 0.9706
6.8824 1.3770 -2.5100 0.9706
6.7673 1.8677 -2.5105 0.9706
6.6171 2.3488 -2.5110 0.9706
6.5291 2.5851 -2.5112 0.9706
6.3278 3.0473 -2.5116 0.9706
6.0938 3.4940 -2.5120 0.9706
5.9648 3.7107 -2.5121 0.9706
5.3733 4.5271 -2.5126 0.9706
5.2075 4.7172 -2.5127 0.9706
5.0350 4.9012 -2.5128 0.9706
4.8559 5.0789 -2.5128 0.9706
4.6705 5.2500 -2.5128 0.9706
3.6512 5.9883 -2.5081 0.9706
3.2089 6.2286 -2.5056 0.9707
2.7238 6.3727 -2.4784 0.9710
2.4788 6.4288 -2.4640 0.9712
1.7554 6.5909 -2.4391 0.9714
1.2772 6.6952 -2.4374 0.9715
0.5545 6.8486 -2.4571 0.9712
-0.4396 6.9871 -2.5036 0.9707
-0.9405 6.9430 -2.5056 0.9707
-2.4049 6.5868 -2.5076 0.9707
-3.0977 6.2874 -2.5065 0.9707
-3.3209 6.1712 -2.5061 0.9707
-3.7539 5.9153 -2.5054 0.9707
-4.3660 5.4748 -2.5042 0.9707
-4.5590 5.3137 -2.5038 0.9707
-4.7461 5.1458 -2.5034 0.9707
-5.4301 4.4107 -2.5017 0.9707
-5.7307 4.0084 -2.5009 0.9707
-5.8699 3.7995 -2.5005 0.9707
-6.2413 3.1449 -2.4993 0.9707
-6.4488 2.6881 -2.4985 0.9708
-6.6229 2.2178 -2.4977 0.9708
-6.8198 1.4923 -2.4965 0.9708
-6.8680 1.2463 -2.4962 0.9708
-6.9377 0.7502 -2.4954 0.9708
-6.9592 0.5006 -2.4951 0.9708
-6.4920 -0.4670 -2.4943 0.9725
-6.4703 -0.6996 -2.4940 0.9725
-6.4404 -0.9314 -2.4937 0.9725
-6.4021 -1.1618 -2.4935 0.9725
-6.3010 -1.6178 -2.4930 0.9725
-5.8067 -2.9259 -2.4918 0.9725
-5.5811 -3.3346 -2.4914 0.9725
-5.4575 -3.5326 -2.4913 0.9725
-5.0454 -4.0982 -2.4910 0.9725
-4.8949 -4.2766 -2.4909 0.9725
-4.7381 -4.4494 -2.4908 0.9725
-4.5752 -4.6165 -2.4908 0.9725
-4.4065 -4.7777 -2.4907 0.9725
-4.0523 -5.0814 -2.4907 0.9725
-3.8673 -5.2236 -2.4907 0.9725
-3.6773 -5.3591 -2.4907 0.9725
-3.4826 -5.4877 -2.4907 0.9725
-3.2834 -5.6092 -2.4907 0.9725
-2.6616 -5.9302 -2.4909 0.9725
-1.7857 -6.2512 -2.4914 0.9725
-1.5603 -6.3116 -2.4915 0.9725
-1.3328 -6.3640 -2.4917 0.9725
-0.8729 -6.4441 -2.4920 0.9725
-0.1751 -6.5022 -2.4927 0.9725
0.0584 -6.5049 -2.4929 0.9725
0.2919 -6.4992 -2.4931 0.9725
0.7576 -6.4629 -2.4936 0.9725
1.4485 -6.3461 -2.4945 0.9725
1.6755 -6.2908 -2.4948 0.9725
1.9005 -6.2273 -2.4951 0.9725
2.1231 -6.1559 -2.4954 0.9725
2.3430 -6.0765 -2.4957 0.9725
2.5599 -5.9892 -2.4961 0.9725
2.7736 -5.8943 -2.4964 0.9725
2.9838 -5.7917 -2.4967 0.9725
3.1903 -5.6817 -2.4971 0.9725
3.7842 -5.3081 -2.4982 0.9725
3.9729 -5.1696 -2.4985 0.9725
4.3349 -4.8727 -2.4993 0.9724
4.5077 -4.7146 -2.4997 0.9724
4.6747 -4.5505 -2.5000 0.9724
4.9907 -4.2047 -2.5008 0.9724
5.1392 -4.0234 -2.5012 0.9724
5.5445 -3.4492 -2.5023 0.9724
5.6656 -3.2485 -2.5027 0.9724
5.7794 -3.0435 -2.5031 0.9724
6.1592 -2.1863 -2.5046 0.9724
6.3613 -1.5121 -2.5057 0.9724
6.5334 -0.3522 -2.5074 0.9724
6.5435 0.1175 -2.5080 0.9724
6.5358 0.3523 -2.5083 0.9724
6.4623 1.0533 -2.5091 0.9723
6.2474 1.9681 -2.5101 0.9723
6.0912 2.4117 -2.5105 0.9723
6.0011 2.6290 -2.5107 0.9723
5.6849 3.2595 -2.5113 0.9723
5.4370 3.6594 -2.5115 0.9723
5.1609 4.0404 -2.5118 0.9723
4.8580 4.4006 -2.5119 0.9723
4.6971 4.5722 -2.5120 0.9723
4.5300 4.7380 -2.5120 0.9723
3.9945 5.1977 -2.5121 0.9723
3.2093 5.7156 -2.5120 0.9723
3.0020 5.8270 -2.5119 0.9723
2.1347 6.1895 -2.5090 0.9723
1.4562 6.3802 -2.5079 0.9724
1.2262 6.4280 -2.5077 0.9724
0.5281 6.5235 -2.5081 0.9724
-0.1763 6.5464 -2.5096 0.9723
-0.4112 6.5355 -2.5095 0.9723
-0.8788 6.4878 -2.5090 0.9723
-1.1110 6.4514 -2.5087 0.9723
-1.3417 6.4066 -2.5084 0.9724
-1.5707 6.3536 -2.5081 0.9724
-1.7975 6.2923 -2.5078 0.9724
-2.4626 6.0603 -2.5068 0.9724
-2.6782 5.9672 -2.5065 0.9724
-2.8903 5.8664 -2.5061 0.9724
-3.0986 5.7581 -2.5058 0.9724
-3.3028 5.6423 -2.5054 0.9724
-3.5027 5.5193 -2.5051 0.9724
-3.8885 5.2523 -2.5044 0.9724
-4.2541 4.9583 -2.5036 0.9724
-4.7603 4.4702 -2.5025 0.9724
-4.9169 4.2958 -2.5021 0.9724
-5.0672 4.1159 -2.5017 0.9724
-5.3478 3.7406 -2.5009 0.9724
-5.4777 3.5456 -2.5005 0.9724
-5.6006 3.3462 -2.5002 0.9724
-5.8245 2.9349 -2.4994 0.9724
-6.0183 2.5087 -2.4987 0.9725
-6.1035 2.2907 -2.4983 0.9725
-6.2503 1.8463 -2.4976 0.9725
-6.3117 1.6206 -2.4972 0.9725
-6.3649 1.3927 -2.4968 0.9725
-6.4099 1.1632 -2.4965 0.9725
-6.4466 0.9322 -2.4962 0.9725
-6.4751 0.7001 -2.4958 0.9725
-6.5070 0.2337 -2.4952 0.9725
-6.5054 -0.2337 -2.4946 0.9725
-6.4920 -0.4670 -2.4943 0.9725
-6.4703 -0.6997 -2.4940 0.9725
-6.3556 -1.3907 -2.4932 0.9725
-6.3010 -1.6178 -2.4930 0.9725
-6.2383 -1.8428 -2.4927 0.9725
-6.1676 -2.0654 -2.4925 0.9725
-6.0025 -2.5021 -2.4921 0.9725
-5.8067 -2.9259 -2.4918 0.9725
-5.1895 -3.9146 -2.4911 0.9725
-5.0454 -4.0982 -2.4910 0.9725
-4.4065 -4.7777 -2.4907 0.9725
-4.2321 -4.9327 -2.4907 0.9725
-3.8673 -5.2236 -2.4907 0.9725
-3.0800 -5.7236 -2.4908 0.9725
-2.8726 -5.8306 -2.4909 0.9725
-2.6616 -5.9302 -2.4909 0.9725
-2.4471 -6.0221 -2.4910 0.9725
-2.2294 -6.1063 -2.4911 0.9725
-2.0089 -6.1827 -2.4913 0.9725
-1.7857 -6.2512 -2.4914 0.9725
-1.5603 -6.3116 -2.4915 0.9725
-1.3328 -6.3640 -2.4917 0.9725
-1.1036 -6.4081 -2.4919 0.9725
-0.8729 -6.4441 -2.4920 0.9725
-0.6411 -6.4718 -2.4922 0.9725
-0.4084 -6.4912 -2.4924 0.9725
-0.1751 -6.5022 -2.4927 0.9725
0.5251 -6.4852 -2.4934 0.9725
0.7576 -6.4629 -2.4936 0.9725
1.4485 -6.3461 -2.4945 0.9725
1.6755 -6.2908 -2.4948 0.9725
1.9005 -6.2273 -2.4951 0.9725
2.3430 -6.0765 -2.4957 0.9725
2.5599 -5.9892 -2.4961 0.9725
2.9838 -5.7917 -2.4967 0.9725
3.1903 -5.6817 -2.4971 0.9725
3.7842 -5.3081 -2.4982 0.9725
3.9729 -5.1696 -2.4985 0.9725
4.1565 -5.0244 -2.4989 0.9725
4.3349 -4.8727 -2.4993 0.9724
4.6747 -4.5505 -2.5000 0.9724
4.9907 -4.2047 -2.5008 0.9724
5.5445 -3.4492 -2.5023 0.9724
5.6656 -3.2485 -2.5027 0.9724
5.7794 -3.0435 -2.5031 0.9724
5.9847 -2.6218 -2.5039 0.9724
6.0758 -2.4056 -2.5042 0.9724
6.3020 -1.7392 -2.5053 0.9724
6.4124 -1.2830 -2.5060 0.9724
6.5157 -0.5864 -2.5070 0.9724
6.5359 0.3523 -2.5083 0.9724
6.5197 0.5868 -2.5086 0.9723
6.4952 0.8205 -2.5089 0.9723
6.4623 1.0533 -2.5091 0.9723
6.4210 1.2847 -2.5094 0.9723
6.3135 1.7424 -2.5099 0.9723
6.1733 2.1913 -2.5103 0.9723
5.9033 2.8429 -2.5109 0.9723
5.7979 3.0532 -2.5111 0.9723
5.0127 4.2232 -2.5118 0.9723
4.8580 4.4006 -2.5119 0.9723
4.6971 4.5722 -2.5120 0.9723
4.5300 4.7380 -2.5120 0.9723
4.1785 5.0509 -2.5121 0.9723
3.9945 5.1977 -2.5121 0.9723
3.6113 5.4708 -2.5121 0.9723
3.0020 5.8270 -2.5119 0.9723
2.7902 5.9294 -2.5113 0.9723
2.5746 6.0237 -2.5104 0.9723
1.9107 6.2608 -2.5085 0.9723
1.6845 6.3244 -2.5081 0.9724
1.4562 6.3802 -2.5079 0.9724
1.2262 6.4280 -2.5077 0.9724
0.9947 6.4679 -2.5077 0.9724
0.5281 6.5235 -2.5081 0.9724
-0.1763 6.5464 -2.5096 0.9723
-0.6455 6.5159 -2.5092 0.9723
-0.8788 6.4878 -2.5090 0.9723
-1.1110 6.4514 -2.5087 0.9723
-1.7975 6.2923 -2.5078 0.9724
-2.0220 6.2230 -2.5075 0.9724
-2.2438 6.1456 -2.5072 0.9724
-2.8903 5.8664 -2.5061 0.9724
-3.0986 5.7581 -2.5058 0.9724
-3.3028 5.6423 -2.5054 0.9724
-3.5027 5.5193 -2.5051 0.9724
-4.0739 5.1086 -2.5040 0.9724
-4.9169 4.2958 -2.5021 0.9724
-5.4777 3.5456 -2.5005 0.9724
-5.7163 3.1425 -2.4998 0.9724
-5.9252 2.7235 -2.4990 0.9725
-6.0183 2.5087 -2.4987 0.9725
-6.1035 2.2907 -2.4983 0.9725
-6.1809 2.0698 -2.4979 0.9725
-6.4751 0.7001 -2.4958 0.9725
-6.4952 0.4672 -2.4955 0.9725
-6.5103 -0.0000 -2.4949 0.9725
-6.5054 -0.2337 -2.4946 0.9725
-6.4404 -0.9314 -2.4937 0.9725
-6.4021 -1.1618 -2.4935 0.9725
-6.3556 -1.3907 -2.4932 0.9725
-6.3010 -1.6178 -2.4930 0.9725
-6.0889 -2.2852 -2.4923 0.9725
-5.3269 -3.7260 -2.4912 0.9725
-5.0454 -4.0982 -2.4910 0.9725
-4.5752 -4.6165 -2.4908 0.9725
-4.4065 -4.7777 -2.4907 0.9725
-4.0523 -5.0814 -2.4907 0.9725
-3.8673 -5.2236 -2.4907 0.9725
-3.4826 -5.4877 -2.4907 0.9725
-2.2294 -6.1063 -2.4911 0.9725
-1.7857 -6.2512 -2.4914 0.9725
-1.5603 -6.3116 -2.4915 0.9725
-1.3328 -6.3640 -2.4917 0.9725
-0.6411 -6.4718 -2.4922 0.9725
-0.1751 -6.5022 -2.4927 0.9725
0.0584 -6.5049 -2.4929 0.9725
0.2919 -6.4992 -2.4931 0.9725
0.5251 -6.4852 -2.4934 0.9725
0.7576 -6.4629 -2.4936 0.9725
1.2196 -6.3933 -2.4942 0.9725
1.6755 -6.2908 -2.4948 0.9725
1.9005 -6.2273 -2.4951 0.9725
2.1231 -6.1559 -2.4954 0.9725
2.5599 -5.9892 -2.4961 0.9725
2.7737 -5.8943 -2.4964 0.9725
3.1903 -5.6817 -2.4971 0.9725
3.5907 -5.4397 -2.4978 0.9725
3.7842 -5.3081 -2.4982 0.9725
3.9729 -5.1696 -2.4985 0.9725
4.1565 -5.0244 -2.4989 0.9725
5.5445 -3.4492 -2.5023 0.9724
5.7794 -3.0434 -2.5031 0.9724
6.2346 -1.9641 -2.5050 0.9724
6.3020 -1.7392 -2.5053 0.9724
6.4124 -1.2830 -2.5060 0.9724
6.4552 -1.0521 -2.5064 0.9724
6.5157 -0.5864 -2.5070 0.9724
6.5334 -0.3522 -2.5074 0.9724
6.5427 -0.1175 -2.5077 0.9724
6.5359 0.3523 -2.5083 0.9724
6.4952 0.8205 -2.5089 0.9723
6.4210 1.2847 -2.5094 0.9723
6.3713 1.5145 -2.5097 0.9723
6.3135 1.7424 -2.5099 0.9723
6.2474 1.9681 -2.5101 0.9723
6.1733 2.1913 -2.5103 0.9723
6.0912 2.4117 -2.5105 0.9723
6.0011 2.6290 -2.5107 0.9723
5.9033 2.8429 -2.5109 0.9723
5.7979 3.0532 -2.5111 0.9723
5.6849 3.2596 -2.5113 0.9723
5.4370 3.6594 -2.5115 0.9723
5.3024 3.8524 -2.5116 0.9723
5.0127 4.2232 -2.5118 0.9723
4.8580 4.4006 -2.5119 0.9723
4.6971 4.5723 -2.5120 0.9723
4.5300 4.7380 -2.5120 0.9723
4.3571 4.8976 -2.5121 0.9723
4.1785 5.0509 -2.5121 0.9723
3.8053 5.3377 -2.5121 0.9723
3.6113 5.4708 -2.5121 0.9723
3.2093 5.7156 -2.5120 0.9723
1.4562 6.3802 -2.5079 0.9724
1.2262 6.4280 -2.5077 0.9724
0.7619 6.4997 -2.5079 0.9724
0.5281 6.5235 -2.5081 0.9724
0.2937 6.5392 -2.5085 0.9723
0.0588 6.5469 -2.5090 0.9723
-0.6455 6.5159 -2.5092 0.9723
-0.8788 6.4878 -2.5090 0.9723
-1.1110 6.4514 -2.5087 0.9723
-1.5707 6.3536 -2.5081 0.9724
-2.0220 6.2230 -2.5075 0.9724
-2.2438 6.1456 -2.5072 0.9724
-3.0986 5.7581 -2.5058 0.9724
-3.6980 5.3893 -2.5047 0.9724
-4.0740 5.1085 -2.5040 0.9724
-4.2541 4.9583 -2.5036 0.9724
-4.4286 4.8016 -2.5032 0.9724
-4.5974 4.6389 -2.5028 0.9724
-4.7603 4.4702 -2.5025 0.9724
-4.9169 4.2958 -2.5021 0.9724
-5.2108 3.9307 -2.5013 0.9724
-5.3478 3.7405 -2.5009 0.9724
-5.4777 3.5456 -2.5005 0.9724
-5.9252 2.7235 -2.4990 0.9725
-6.0183 2.5087 -2.4987 0.9725
-6.2503 1.8463 -2.4976 0.9725
-6.3649 1.3927 -2.4968 0.9725
-6.4099 1.1632 -2.4965 0.9725
-6.4466 0.9322 -2.4962 0.9725
-6.4952 0.4672 -2.4955 0.9725
-6.4920 -0.4670 -2.4943 0.9725
-6.4021 -1.1618 -2.4935 0.9725
-5.9084 -2.7158 -2.4919 0.9725
-5.4575 -3.5326 -2.4913 0.9725
-5.3269 -3.7260 -2.4912 0.9725
-5.0454 -4.0982 -2.4910 0.9725
-4.5752 -4.6165 -2.4908 0.9725
-3.8673 -5.2236 -2.4907 0.9725
-3.2834 -5.6092 -2.4907 0.9725
-2.4471 -6.0221 -2.4910 0.9725
-1.5603 -6.3116 -2.4915 0.9725
-1.1036 -6.4081 -2.4919 0.9725
-0.6411 -6.4718 -2.4922 0.9725
0.0584 -6.5049 -2.4929 0.9725
0.5251 -6.4852 -2.4934 0.9725
0.9892 -6.4322 -2.4939 0.9725
1.2196 -6.3933 -2.4942 0.9725
1.4485 -6.3461 -2.4945 0.9725
1.6755 -6.2908 -2.4948 0.9725
1.9005 -6.2273 -2.4951 0.9725
2.1231 -6.1559 -2.4954 0.9725
3.1903 -5.6817 -2.4971 0.9725
4.1565 -5.0244 -2.4989 0.9725
4.5077 -4.7146 -2.4997 0.9724
4.8358 -4.3804 -2.5004 0.9724
5.1392 -4.0234 -2.5012 0.9724
5.5445 -3.4492 -2.5023 0.9724
5.8858 -2.8345 -2.5035 0.9724
5.9847 -2.6218 -2.5039 0.9724
6.1592 -2.1863 -2.5046 0.9724
6.4124 -1.2830 -2.5060 0.9724
6.4896 -0.8198 -2.5067 0.9724
6.5334 -0.3522 -2.5074 0.9724
6.5427 -0.1175 -2.5077 0.9724
6.5435 0.1175 -2.5080 0.9724
6.5359 0.3523 -2.5083 0.9724
6.4210 1.2847 -2.5094 0.9723
6.3713 1.5145 -2.5097 0.9723
6.3135 1.7424 -2.5099 0.9723
6.1733 2.1913 -2.5103 0.9723
5.9033 2.8429 -2.5109 0.9723
5.6849 3.2596 -2.5113 0.9723
5.5645 3.4617 -2.5114 0.9723
5.4370 3.6594 -2.5115 0.9723
5.1609 4.0404 -2.5118 0.9723
4.8580 4.4006 -2.5119 0.9723
4.5300 4.7380 -2.5120 0.9723
4.3571 4.8976 -2.5121 0.9723
3.8053 5.3377 -2.5121 0.9723
3.6113 5.4708 -2.5121 0.9723
3.4125 5.5969 -2.5121 0.9723
3.2093 5.7156 -2.5120 0.9723
3.0020 5.8270 -2.5119 0.9723
2.1346 6.1895 -2.5090 0.9723
1.4562 6.3802 -2.5079 0.9724
1.2262 6.4280 -2.5077 0.9724
0.7619 6.4997 -2.5079 0.9724
0.2937 6.5392 -2.5085 0.9723
-0.1763 6.5464 -2.5096 0.9723
-0.6455 6.5159 -2.5092 0.9723
-0.8788 6.4878 -2.5090 0.9723
-1.1110 6.4514 -2.5087 0.9723
-1.5707 6.3536 -2.5081 0.9724
-1.7975 6.2923 -2.5078 0.9724
-2.2438 6.1456 -2.5072 0.9724
-2.8903 5.8664 -2.5061 0.9724
-3.0986 5.7581 -2.5058 0.9724
-3.5027 5.5193 -2.5051 0.9724
-3.6980 5.3893 -2.5047 0.9724
-4.0740 5.1085 -2.5040 0.9724
-4.2541 4.9583 -2.5036 0.9724
-4.4286 4.8016 -2.5032 0.9724
-4.5974 4.6389 -2.5028 0.9724
-4.9169 4.2958 -2.5021 0.9724
-5.0672 4.1159 -2.5017 0.9724
-5.4777 3.5456 -2.5005 0.9724
-5.6006 3.3462 -2.5002 0.9724
-5.7163 3.1425 -2.4998 0.9724
-5.8245 2.9349 -2.4994 0.9724
-6.1035 2.2907 -2.4983 0.9725
-6.2503 1.8463 -2.4976 0.9725
-6.3117 1.6205 -2.4972 0.9725
-6.4466 0.9322 -2.4962 0.9725
-6.4751 0.7001 -2.4958 0.9725
-6.4952 0.4672 -2.4955 0.9725
-6.5070 0.2337 -2.4952 0.9725
-6.0969 -0.0000 -2.4953 0.9740
-6.0595 -0.6552 -2.4945 0.9740
-5.9957 -1.0881 -2.4940 0.9740
-5.9522 -1.3025 -2.4937 0.9740
-5.9011 -1.5152 -2.4935 0.9740
-5.8424 -1.7259 -2.4933 0.9740
-5.7762 -1.9343 -2.4931 0.9740
-5.7026 -2.1402 -2.4929 0.9740
-5.5335 -2.5435 -2.4925 0.9740
-5.4383 -2.7403 -2.4924 0.9740
-4.9891 -3.4897 -2.4918 0.9740
-4.8604 -3.6664 -2.4917 0.9740
-4.7255 -3.8383 -2.4916 0.9740
-3.9637 -4.6199 -2.4914 0.9740
-3.7953 -4.7592 -2.4914 0.9740
-2.8847 -5.3606 -2.4915 0.9740
-2.0880 -5.7191 -2.4918 0.9740
-1.8815 -5.7906 -2.4919 0.9740
-1.0336 -6.0016 -2.4925 0.9740
-0.8175 -6.0353 -2.4926 0.9740
-0.3825 -6.0793 -2.4930 0.9740
0.0547 -6.0921 -2.4934 0.9740
0.2734 -6.0867 -2.4937 0.9740
0.4917 -6.0736 -2.4939 0.9740
0.9264 -6.0238 -2.4944 0.9740
1.1421 -5.9873 -2.4946 0.9740
1.3565 -5.9431 -2.4949 0.9740
1.9882 -5.7648 -2.4958 0.9740
2.5974 -5.5197 -2.4967 0.9740
2.7942 -5.4236 -2.4970 0.9740
2.9875 -5.3205 -2.4973 0.9740
3.3624 -5.0938 -2.4980 0.9740
3.7202 -4.8408 -2.4987 0.9740
4.0591 -4.5627 -2.4994 0.9740
4.5280 -4.1016 -2.5005 0.9739
4.6730 -3.9370 -2.5008 0.9739
5.1913 -3.2295 -2.5023 0.9739
5.4112 -2.8496 -2.5030 0.9739
5.6033 -2.4547 -2.5037 0.9739
5.7666 -2.0469 -2.5044 0.9739
5.9556 -1.4157 -2.5054 0.9739
6.0434 -0.9850 -2.5061 0.9739
6.0756 -0.7675 -2.5064 0.9739
6.1000 -0.5490 -2.5067 0.9739
6.1165 -0.3297 -2.5070 0.9739
6.1259 0.1100 -2.5076 0.9739
6.1187 0.3298 -2.5078 0.9739
5.9102 1.6311 -2.5093 0.9738
5.7020 2.2576 -2.5100 0.9738
5.6177 2.4610 -2.5101 0.9738
5.4274 2.8581 -2.5105 0.9738
5.2089 3.2405 -2.5108 0.9738
4.6923 3.9533 -2.5112 0.9738
4.0786 4.5846 -2.5114 0.9738
2.8101 5.4546 -2.5113 0.9738
2.6125 5.5518 -2.5112 0.9738
2.4114 5.6418 -2.5111 0.9738
2.2073 5.7245 -2.5110 0.9738
1.7907 5.8676 -2.5108 0.9738
1.5788 5.9278 -2.5107 0.9738
1.3650 5.9803 -2.5105 0.9738
0.9323 6.0620 -2.5102 0.9738
0.7140 6.0911 -2.5100 0.9738
-0.1651 6.1286 -2.5092 0.9739
-0.3849 6.1182 -2.5090 0.9739
-0.6042 6.0998 -2.5087 0.9739
-0.8227 6.0736 -2.5085 0.9739
-1.4704 5.9480 -2.5077 0.9739
-1.6828 5.8907 -2.5074 0.9739
-1.8929 5.8259 -2.5071 0.9739
-2.1006 5.7535 -2.5068 0.9739
-2.3055 5.6737 -2.5065 0.9739
-2.9010 5.3909 -2.5055 0.9739
-3.0922 5.2826 -2.5052 0.9739
-3.4623 5.0457 -2.5045 0.9739
-3.8143 4.7830 -2.5038 0.9739
-4.3046 4.3434 -2.5028 0.9739
-4.4571 4.1855 -2.5024 0.9739
-4.7445 3.8538 -2.5017 0.9739
-4.8791 3.6805 -2.5013 0.9739
-5.0073 3.5025 -2.5010 0.9739
-5.1291 3.3200 -2.5006 0.9739
-5.2442 3.1333 -2.5002 0.9739
-5.3525 2.9426 -2.4999 0.9739
-5.7879 1.9382 -2.4981 0.9740
-6.0025 1.0893 -2.4968 0.9740
-6.0370 0.8730 -2.4965 0.9740
-6.0637 0.6557 -2.4962 0.9740
-6.0969 -0.0000 -2.4953 0.9740
-6.0595 -0.6552 -2.4945 0.9740
-6.0315 -0.8722 -2.4942 0.9740
-5.9957 -1.0881 -2.4940 0.9740
-5.8424 -1.7259 -2.4933 0.9740
-5.7026 -2.1402 -2.4929 0.9740
-5.4383 -2.7403 -2.4924 0.9740
-5.3361 -2.9336 -2.4922 0.9740
-4.8604 -3.6664 -2.4917 0.9740
-4.4376 -4.1672 -2.4915 0.9740
-4.2851 -4.3238 -2.4914 0.9740
-4.1271 -4.4747 -2.4914 0.9740
-3.9637 -4.6199 -2.4914 0.9740
-3.6220 -4.8924 -2.4913 0.9740
-3.2617 -5.1397 -2.4914 0.9740
-3.0752 -5.2535 -2.4914 0.9740
-2.8847 -5.3606 -2.4915 0.9740
-2.6905 -5.4609 -2.4915 0.9740
-2.4928 -5.5541 -2.4916 0.9740
-2.0880 -5.7191 -2.4918 0.9740
-1.8815 -5.7906 -2.4919 0.9740
-1.6725 -5.8547 -2.4920 0.9740
-1.4613 -5.9113 -2.4922 0.9740
-1.2483 -5.9603 -2.4923 0.9740
-1.0336 -6.0016 -2.4925 0.9740
-0.8175 -6.0353 -2.4926 0.9740
-0.6004 -6.0612 -2.4928 0.9740
0.2734 -6.0867 -2.4937 0.9740
1.7798 -5.8318 -2.4955 0.9740
2.1941 -5.6904 -2.4961 0.9740
2.5974 -5.5197 -2.4967 0.9740
2.7942 -5.4236 -2.4970 0.9740
2.9875 -5.3205 -2.4973 0.9740
3.1770 -5.2106 -2.4977 0.9740
3.5436 -4.9705 -2.4984 0.9740
3.7202 -4.8408 -2.4987 0.9740
4.0591 -4.5627 -2.4994 0.9740
4.2209 -4.4147 -2.4998 0.9739
4.3772 -4.2609 -2.5001 0.9739
4.5280 -4.1016 -2.5005 0.9739
4.8120 -3.7673 -2.5012 0.9739
4.9448 -3.5926 -2.5016 0.9739
5.3047 -3.0415 -2.5026 0.9739
5.4112 -2.8496 -2.5030 0.9739
5.5108 -2.6539 -2.5033 0.9739
5.6033 -2.4547 -2.5037 0.9739
5.6886 -2.2523 -2.5040 0.9739
6.1000 -0.5490 -2.5067 0.9739
6.1252 -0.1100 -2.5073 0.9739
6.1259 0.1100 -2.5076 0.9739
6.1035 0.5493 -2.5081 0.9739
6.0496 0.9860 -2.5086 0.9739
6.0109 1.2027 -2.5089 0.9739
5.7790 2.0513 -2.5098 0.9738
5.7020 2.2576 -2.5100 0.9738
5.6177 2.4610 -2.5101 0.9738
5.3216 3.0512 -2.5106 0.9738
4.6923 3.9533 -2.5112 0.9738
4.2404 4.4352 -2.5114 0.9738
3.9114 4.7281 -2.5114 0.9738
3.7392 4.8654 -2.5114 0.9738
3.1944 5.2391 -2.5114 0.9738
3.0042 5.3503 -2.5113 0.9738
2.2073 5.7245 -2.5110 0.9738
2.0003 5.7998 -2.5109 0.9738
1.7907 5.8676 -2.5108 0.9738
1.3650 5.9803 -2.5105 0.9738
1.1493 6.0250 -2.5104 0.9738
0.4949 6.1124 -2.5098 0.9738
0.2751 6.1257 -2.5096 0.9738
0.0550 6.1311 -2.5094 0.9738
-0.1651 6.1286 -2.5092 0.9739
-0.3849 6.1182 -2.5090 0.9739
-0.6042 6.0998 -2.5087 0.9739
-0.8227 6.0736 -2.5085 0.9739
-1.2561 5.9977 -2.5079 0.9739
-1.4704 5.9480 -2.5077 0.9739
-2.1006 5.7535 -2.5068 0.9739
-2.7059 5.4922 -2.5058 0.9739
-3.2794 5.1675 -2.5048 0.9739
-3.4623 5.0457 -2.5045 0.9739
-3.6407 4.9175 -2.5042 0.9739
-4.1465 4.4957 -2.5031 0.9739
-4.4571 4.1855 -2.5024 0.9739
-4.6038 4.0222 -2.5020 0.9739
-4.7445 3.8538 -2.5017 0.9739
-5.0073 3.5024 -2.5010 0.9739
-5.1291 3.3200 -2.5006 0.9739
-5.5483 2.5502 -2.4992 0.9740
-5.7154 2.1450 -2.4985 0.9740
-6.0025 1.0893 -2.4968 0.9740
-6.0370 0.8730 -2.4965 0.9740
-6.0826 0.4375 -2.4959 0.9740
-6.0936 0.2189 -2.4956 0.9740
-6.0969 -0.0000 -2.4953 0.9740
-6.0315 -0.8722 -2.4942 0.9740
-5.9957 -1.0881 -2.4940 0.9740
-5.7762 -1.9343 -2.4931 0.9740
-5.7026 -2.1402 -2.4929 0.9740
-5.5335 -2.5435 -2.4925 0.9740
-5.4383 -2.7403 -2.4924 0.9740
-4.9891 -3.4897 -2.4918 0.9740
-4.8604 -3.6664 -2.4917 0.9740
-4.4376 -4.1672 -2.4915 0.9740
-4.2851 -4.3238 -2.4914 0.9740
-4.1271 -4.4747 -2.4914 0.9740
-3.6220 -4.8924 -2.4913 0.9740
-3.0752 -5.2535 -2.4914 0.9740
-2.8847 -5.3606 -2.4915 0.9740
-2.2919 -5.6402 -2.4917 0.9740
-2.0880 -5.7191 -2.4918 0.9740
-1.6725 -5.8547 -2.4920 0.9740
-1.2483 -5.9603 -2.4923 0.9740
-0.8175 -6.0353 -2.4926 0.9740
-0.6004 -6.0612 -2.4928 0.9740
-0.3825 -6.0793 -2.4930 0.9740
0.2734 -6.0867 -2.4937 0.9740
0.7095 -6.0526 -2.4941 0.9740
0.9264 -6.0238 -2.4944 0.9740
1.1421 -5.9873 -2.4946 0.9740
1.3565 -5.9431 -2.4949 0.9740
1.7798 -5.8318 -2.4955 0.9740
1.9882 -5.7648 -2.4958 0.9740
2.3973 -5.6087 -2.4964 0.9740
3.1770 -5.2106 -2.4977 0.9740
3.8921 -4.7048 -2.4991 0.9740
4.0591 -4.5627 -2.4994 0.9740
4.3772 -4.2609 -2.5001 0.9739
4.5280 -4.1016 -2.5005 0.9739
4.6730 -3.9370 -2.5008 0.9739
5.0713 -3.4133 -2.5019 0.9739
5.6033 -2.4547 -2.5037 0.9739
5.6886 -2.2523 -2.5040 0.9739
5.8371 -1.8388 -2.5047 0.9739
5.9002 -1.6283 -2.5051 0.9739
5.9556 -1.4157 -2.5054 0.9739
6.0034 -1.2011 -2.5057 0.9739
6.0434 -0.9850 -2.5061 0.9739
6.0756 -0.7675 -2.5064 0.9739
6.1165 -0.3297 -2.5070 0.9739
6.1252 -0.1100 -2.5073 0.9739
6.1259 0.1100 -2.5076 0.9739
6.1187 0.3299 -2.5078 0.9739
6.1035 0.5493 -2.5081 0.9739
6.0805 0.7681 -2.5084 0.9739
5.9644 1.4178 -2.5091 0.9739
5.9102 1.6311 -2.5093 0.9738
5.6177 2.4610 -2.5101 0.9738
5.4274 2.8581 -2.5105 0.9738
5.3216 3.0512 -2.5106 0.9738
5.2089 3.2405 -2.5108 0.9738
4.9635 3.6062 -2.5110 0.9738
4.8310 3.7822 -2.5111 0.9738
4.3968 4.2800 -2.5113 0.9738
4.2404 4.4352 -2.5114 0.9738
4.0785 4.5846 -2.5114 0.9738
3.7392 4.8654 -2.5114 0.9738
3.5621 4.9965 -2.5114 0.9738
3.3804 5.1211 -2.5114 0.9738
2.6125 5.5518 -2.5112 0.9738
2.4114 5.6418 -2.5111 0.9738
2.2073 5.7245 -2.5110 0.9738
2.0003 5.7998 -2.5109 0.9738
1.7907 5.8676 -2.5108 0.9738
1.5788 5.9278 -2.5107 0.9738
1.3650 5.9803 -2.5105 0.9738
1.1493 6.0251 -2.5104 0.9738
0.7140 6.0911 -2.5100 0.9738
0.4949 6.1124 -2.5098 0.9738
-0.6042 6.0998 -2.5087 0.9739
-1.0401 6.0395 -2.5082 0.9739
-1.2561 5.9977 -2.5079 0.9739
-1.4704 5.9480 -2.5077 0.9739
-1.8929 5.8259 -2.5071 0.9739
-2.1006 5.7535 -2.5068 0.9739
-2.3055 5.6737 -2.5065 0.9739
-2.9010 5.3909 -2.5055 0.9739
-3.2794 5.1675 -2.5048 0.9739
-3.6407 4.9175 -2.5042 0.9739
-3.8143 4.7830 -2.5038 0.9739
-4.3046 4.3434 -2.5028 0.9739
-4.4571 4.1855 -2.5024 0.9739
-4.6038 4.0222 -2.5020 0.9739
-5.0073 3.5024 -2.5010 0.9739
-5.1291 3.3200 -2.5006 0.9739
-5.2442 3.1333 -2.5002 0.9739
-5.3525 2.9426 -2.4999 0.9739
-5.4540 2.7481 -2.4995 0.9739
-5.7879 1.9382 -2.4981 0.9740
-5.9105 1.5175 -2.4975 0.9740
-5.9603 1.3042 -2.4971 0.9740
-6.0370 0.8730 -2.4965 0.9740
-6.0637 0.6557 -2.4962 0.9740
-6.0922 -0.2188 -2.4950 0.9740
-6.0798 -0.4374 -2.4947 0.9740
-5.9522 -1.3025 -2.4937 0.9740
-5.9011 -1.5152 -2.4935 0.9740
-5.8424 -1.7259 -2.4933 0.9740
-5.6217 -2.3434 -2.4927 0.9740
-5.5335 -2.5435 -2.4925 0.9740
-5.3361 -2.9336 -2.4922 0.9740
-5.2271 -3.1231 -2.4921 0.9740
-4.8604 -3.6664 -2.4917 0.9740
-3.9637 -4.6199 -2.4914 0.9740
-3.4441 -5.0193 -2.4914 0.9740
-2.8847 -5.3606 -2.4915 0.9740
-2.4928 -5.5541 -2.4916 0.9740
-2.2919 -5.6402 -2.4917 0.9740
-2.0880 -5.7191 -2.4918 0.9740
-1.8815 -5.7906 -2.4919 0.9740
-1.2483 -5.9603 -2.4923 0.9740
-1.0336 -6.0016 -2.4925 0.9740
-0.8175 -6.0353 -2.4926 0.9740
-0.6004 -6.0612 -2.4928 0.9740
-0.3825 -6.0793 -2.4930 0.9740
-0.1640 -6.0896 -2.4932 0.9740
0.0547 -6.0921 -2.4934 0.9740
0.4917 -6.0736 -2.4939 0.9740
0.7095 -6.0526 -2.4941 0.9740
0.9264 -6.0238 -2.4944 0.9740
1.1421 -5.9873 -2.4946 0.9740
2.1941 -5.6904 -2.4961 0.9740
2.5974 -5.5197 -2.4967 0.9740
2.7942 -5.4236 -2.4970 0.9740
2.9875 -5.3205 -2.4973 0.9740
3.1770 -5.2106 -2.4977 0.9740
3.5436 -4.9705 -2.4984 0.9740
3.8922 -4.7048 -2.4991 0.9740
4.0591 -4.5627 -2.4994 0.9740
4.6730 -3.9370 -2.5008 0.9739
4.8120 -3.7673 -2.5012 0.9739
5.1914 -3.2295 -2.5023 0.9739
5.5108 -2.6539 -2.5033 0.9739
5.7666 -2.0469 -2.5044 0.9739
5.8371 -1.8388 -2.5047 0.9739
6.1165 -0.3297 -2.5070 0.9739
6.1259 0.1100 -2.5076 0.9739
6.1187 0.3299 -2.5078 0.9739
6.1035 0.5493 -2.5081 0.9739
6.0496 0.9860 -2.5086 0.9739
5.8484 1.8424 -2.5096 0.9738
5.7789 2.0513 -2.5098 0.9738
5.7020 2.2576 -2.5100 0.9738
5.6177 2.4610 -2.5101 0.9738
5.5261 2.6613 -2.5103 0.9738
5.4274 2.8581 -2.5105 0.9738
5.3216 3.0512 -2.5106 0.9738
5.2089 3.2405 -2.5108 0.9738
5.0895 3.4255 -2.5109 0.9738
4.8310 3.7822 -2.5111 0.9738
4.6923 3.9533 -2.5112 0.9738
4.2404 4.4352 -2.5114 0.9738
4.0785 4.5846 -2.5114 0.9738
3.9114 4.7281 -2.5114 0.9738
3.7392 4.8654 -2.5114 0.9738
3.1944 5.2391 -2.5114 0.9738
3.0042 5.3503 -2.5113 0.9738
2.6125 5.5518 -2.5112 0.9738
2.4114 5.6418 -2.5111 0.9738
2.2073 5.7245 -2.5110 0.9738
1.1493 6.0251 -2.5104 0.9738
0.9323 6.0620 -2.5102 0.9738
0.4949 6.1124 -2.5098 0.9738
0.0550 6.1311 -2.5094 0.9738
-0.3849 6.1182 -2.5090 0.9739
-0.6042 6.0998 -2.5087 0.9739
-1.0401 6.0395 -2.5082 0.9739
-1.2561 5.9977 -2.5079 0.9739
-1.4704 5.9480 -2.5077 0.9739
-1.8930 5.8259 -2.5071 0.9739
-2.1006 5.7535 -2.5068 0.9739
-2.7059 5.4922 -2.5058 0.9739
-2.9010 5.3909 -2.5055 0.9739
-3.2794 5.1675 -2.5048 0.9739
-3.8143 4.7830 -2.5038 0.9739
-4.1465 4.4957 -2.5031 0.9739
-4.3046 4.3434 -2.5028 0.9739
-4.4571 4.1855 -2.5024 0.9739
-4.8791 3.6805 -2.5013 0.9739
-5.0073 3.5024 -2.5010 0.9739
-5.1291 3.3200 -2.5006 0.9739
-5.2442 3.1333 -2.5002 0.9739
-5.3525 2.9426 -2.4999 0.9739
-5.5483 2.5502 -2.4992 0.9740
-5.6355 2.3491 -2.4988 0.9740
-5.7154 2.1450 -2.4985 0.9740
-5.7879 1.9382 -2.4981 0.9740
-5.8530 1.7289 -2.4978 0.9740
-5.9105 1.5175 -2.4975 0.9740
-5.9603 1.3042 -2.4971 0.9740
-6.0370 0.8730 -2.4965 0.9740
-6.0936 0.2189 -2.4956 0.9740
-5.7264 -0.0000 -2.4957 0.9753
-5.7221 -0.2055 -2.4954 0.9753
-5.7104 -0.4108 -2.4951 0.9753
-5.6651 -0.8193 -2.4946 0.9753
-5.6316 -1.0220 -2.4944 0.9753
-5.5428 -1.4231 -2.4940 0.9753
-5.4877 -1.6211 -2.4938 0.9753
-5.2804 -2.2011 -2.4932 0.9753
-4.6863 -3.2779 -2.4924 0.9754
-4.5654 -3.4439 -2.4923 0.9754
-4.3063 -3.7623 -2.4921 0.9754
-4.1684 -3.9144 -2.4921 0.9754
-3.7232 -4.3396 -2.4920 0.9754
-3.5651 -4.4704 -2.4920 0.9754
-3.4023 -4.5955 -2.4920 0.9754
-3.2351 -4.7147 -2.4920 0.9754
-2.8886 -4.9348 -2.4920 0.9754
-2.5272 -5.1295 -2.4921 0.9754
-2.1528 -5.2979 -2.4923 0.9754
-1.9613 -5.3720 -2.4924 0.9754
-1.7673 -5.4392 -2.4925 0.9754
-1.5710 -5.4994 -2.4926 0.9754
-1.3726 -5.5525 -2.4927 0.9754
-1.1725 -5.5985 -2.4929 0.9754
-0.7679 -5.6689 -2.4932 0.9753
-0.5640 -5.6932 -2.4933 0.9753
-0.1541 -5.7198 -2.4937 0.9753
0.0514 -5.7222 -2.4939 0.9753
0.2568 -5.7171 -2.4941 0.9753
0.4619 -5.7047 -2.4943 0.9753
0.6664 -5.6850 -2.4946 0.9753
1.0728 -5.6236 -2.4951 0.9753
1.4738 -5.5333 -2.4956 0.9753
2.0608 -5.3446 -2.4964 0.9753
2.4395 -5.1842 -2.4970 0.9753
2.6243 -5.0939 -2.4973 0.9753
2.8058 -4.9970 -2.4976 0.9753
2.9838 -4.8937 -2.4979 0.9753
3.9640 -4.1460 -2.4999 0.9753
4.2523 -3.8519 -2.5005 0.9753
4.9815 -2.8562 -2.5026 0.9753
5.0815 -2.6759 -2.5029 0.9753
5.1749 -2.4921 -2.5032 0.9752
5.2618 -2.3051 -2.5036 0.9752
5.4150 -1.9221 -2.5042 0.9752
5.4812 -1.7267 -2.5045 0.9752
5.5403 -1.5290 -2.5048 0.9752
5.6372 -1.1279 -2.5055 0.9752
5.6747 -0.9249 -2.5058 0.9752
5.7049 -0.7207 -2.5061 0.9752
5.7433 -0.3096 -2.5066 0.9752
5.7513 -0.1033 -2.5069 0.9752
5.7519 0.1033 -2.5072 0.9752
5.7451 0.3097 -2.5075 0.9752
5.7309 0.5158 -2.5077 0.9752
5.6802 0.9258 -2.5082 0.9752
5.6438 1.1292 -2.5084 0.9752
5.6002 1.3312 -2.5086 0.9752
5.3536 2.1197 -2.5094 0.9752
5.2745 2.3106 -2.5096 0.9752
5.1885 2.4986 -2.5098 0.9752
5.0957 2.6834 -2.5099 0.9752
4.8906 3.0424 -2.5102 0.9752
4.5357 3.5510 -2.5105 0.9752
4.2695 3.8675 -2.5106 0.9752
4.1281 4.0184 -2.5107 0.9752
3.9812 4.1640 -2.5107 0.9752
3.5106 4.5680 -2.5108 0.9752
3.1738 4.8081 -2.5108 0.9752
2.9991 4.9188 -2.5108 0.9752
2.8206 5.0232 -2.5107 0.9752
2.4528 5.2124 -2.5106 0.9752
2.2640 5.2969 -2.5105 0.9752
2.0723 5.3746 -2.5104 0.9752
1.8780 5.4453 -2.5103 0.9752
1.6813 5.5090 -2.5102 0.9752
1.0791 5.6569 -2.5098 0.9752
0.6704 5.7190 -2.5095 0.9752
0.4646 5.7389 -2.5093 0.9752
0.0517 5.7566 -2.5089 0.9752
-1.1794 5.6315 -2.5075 0.9752
-1.3807 5.5849 -2.5073 0.9752
-1.5801 5.5312 -2.5070 0.9752
-1.7774 5.4703 -2.5067 0.9752
-1.9724 5.4024 -2.5065 0.9752
-2.1648 5.3275 -2.5062 0.9752
-3.7402 4.3594 -2.5033 0.9752
-3.8938 4.2218 -2.5030 0.9753
-4.0423 4.0787 -2.5027 0.9753
-4.1855 3.9305 -2.5023 0.9753
-4.3233 3.7772 -2.5020 0.9753
-4.4555 3.6191 -2.5017 0.9753
-4.5820 3.4563 -2.5013 0.9753
-4.8168 3.1178 -2.5006 0.9753
-4.9250 2.9425 -2.5003 0.9753
-5.0267 2.7635 -2.5000 0.9753
-5.2107 2.3951 -2.4993 0.9753
-5.2926 2.2062 -2.4990 0.9753
-5.3677 2.0145 -2.4987 0.9753
-5.4358 1.8203 -2.4983 0.9753
-5.4970 1.6238 -2.4980 0.9753
-5.6376 1.0231 -2.4971 0.9753
-5.6700 0.8199 -2.4968 0.9753
-5.7129 0.4109 -2.4962 0.9753
-5.7233 0.2056 -2.4959 0.9753
-5.7221 -0.2056 -2.4954 0.9753
-5.6652 -0.8193 -2.4946 0.9753
-5.6316 -1.0220 -2.4944 0.9753
-5.4877 -1.6211 -2.4938 0.9753
-5.2804 -2.2011 -2.4932 0.9753
-5.0123 -2.7555 -2.4928 0.9754
-4.6863 -3.2779 -2.4924 0.9754
-4.5654 -3.4439 -2.4923 0.9754
-4.1684 -3.9144 -2.4921 0.9754
-3.5650 -4.4704 -2.4920 0.9754
-3.2351 -4.7147 -2.4920 0.9754
-2.7096 -5.0354 -2.4921 0.9754
-1.9613 -5.3720 -2.4924 0.9754
-1.5710 -5.4994 -2.4926 0.9754
-0.7679 -5.6689 -2.4932 0.9753
-0.1541 -5.7198 -2.4937 0.9753
0.4619 -5.7047 -2.4943 0.9753
0.6664 -5.6850 -2.4946 0.9753
0.8701 -5.6579 -2.4948 0.9753
1.0728 -5.6236 -2.4951 0.9753
1.4738 -5.5333 -2.4956 0.9753
1.8674 -5.4145 -2.4961 0.9753
2.0608 -5.3446 -2.4964 0.9753
2.4395 -5.1842 -2.4970 0.9753
2.6243 -5.0939 -2.4973 0.9753
2.8058 -4.9970 -2.4976 0.9753
2.9838 -4.8937 -2.4979 0.9753
3.1579 -4.7840 -2.4982 0.9753
3.8121 -4.2850 -2.4995 0.9753
4.1108 -4.0015 -2.5002 0.9753
4.2523 -3.8519 -2.5005 0.9753
4.3885 -3.6973 -2.5009 0.9753
4.5190 -3.5379 -2.5012 0.9753
5.0815 -2.6759 -2.5029 0.9753
5.5924 -1.3293 -2.5052 0.9752
5.6747 -0.9249 -2.5058 0.9752
5.7049 -0.7207 -2.5061 0.9752
5.7278 -0.5155 -2.5064 0.9752
5.7433 -0.3096 -2.5066 0.9752
5.7451 0.3097 -2.5075 0.9752
5.6438 1.1292 -2.5084 0.9752
5.6002 1.3312 -2.5086 0.9752
5.4259 1.9260 -2.5092 0.9752
5.2745 2.3106 -2.5096 0.9752
4.9964 2.8648 -2.5101 0.9752
4.7784 3.2162 -2.5103 0.9752
4.6601 3.3858 -2.5104 0.9752
4.4055 3.7117 -2.5106 0.9752
4.1281 4.0184 -2.5107 0.9752
3.9812 4.1640 -2.5107 0.9752
3.8292 4.3043 -2.5108 0.9752
3.5106 4.5680 -2.5108 0.9752
3.1738 4.8081 -2.5108 0.9752
2.9991 4.9188 -2.5108 0.9752
2.6384 5.1211 -2.5107 0.9752
2.4528 5.2124 -2.5106 0.9752
2.0723 5.3746 -2.5104 0.9752
1.8780 5.4453 -2.5103 0.9752
1.6813 5.5090 -2.5102 0.9752
1.4823 5.5655 -2.5101 0.9752
1.2815 5.6148 -2.5100 0.9752
1.0791 5.6569 -2.5098 0.9752
0.8753 5.6916 -2.5097 0.9752
0.4646 5.7389 -2.5093 0.9752
-0.7725 5.7027 -2.5080 0.9752
-0.9766 5.6708 -2.5078 0.9752
-1.7774 5.4703 -2.5067 0.9752
-1.9724 5.4024 -2.5065 0.9752
-2.1648 5.3275 -2.5062 0.9752
-2.3544 5.2457 -2.5059 0.9752
-2.9036 4.9604 -2.5050 0.9752
-3.2512 4.7381 -2.5043 0.9752
-3.4187 4.6177 -2.5040 0.9752
-3.5818 4.4914 -2.5037 0.9752
-3.7402 4.3594 -2.5033 0.9752
-3.8938 4.2218 -2.5030 0.9753
-4.0423 4.0787 -2.5027 0.9753
-4.1855 3.9305 -2.5023 0.9753
-4.4555 3.6191 -2.5017 0.9753
-5.1220 2.5809 -2.4996 0.9753
-5.3677 2.0145 -2.4987 0.9753
-5.4358 1.8203 -2.4983 0.9753
-5.4970 1.6238 -2.4980 0.9753
-5.5510 1.4253 -2.4977 0.9753
-5.5979 1.2249 -2.4974 0.9753
-5.6700 0.8199 -2.4968 0.9753
-5.7233 0.2056 -2.4959 0.9753
-5.7264 -0.0000 -2.4957 0.9753
-5.6915 -0.6154 -2.4949 0.9753
-5.6651 -0.8193 -2.4946 0.9753
-5.6316 -1.0220 -2.4944 0.9753
-5.5428 -1.4231 -2.4940 0.9753
-5.4877 -1.6211 -2.4938 0.9753
-5.3564 -2.0103 -2.4934 0.9753
-5.1082 -2.5740 -2.4929 0.9754
-4.5654 -3.4439 -2.4923 0.9754
-4.4387 -3.6054 -2.4922 0.9754
-4.3063 -3.7623 -2.4921 0.9754
-4.1684 -3.9144 -2.4921 0.9754
-4.0251 -4.0614 -2.4920 0.9754
-3.7232 -4.3396 -2.4920 0.9754
-3.4023 -4.5955 -2.4920 0.9754
-3.2351 -4.7147 -2.4920 0.9754
-3.0638 -4.8278 -2.4920 0.9754
-2.8886 -4.9348 -2.4920 0.9754
-2.5272 -5.1295 -2.4921 0.9754
-2.3415 -5.2171 -2.4922 0.9754
-2.1528 -5.2979 -2.4923 0.9754
-1.9613 -5.3720 -2.4924 0.9754
-1.7673 -5.4392 -2.4925 0.9754
-1.5710 -5.4994 -2.4926 0.9754
-1.3726 -5.5525 -2.4927 0.9754
-1.1725 -5.5985 -2.4929 0.9754
-0.9708 -5.6373 -2.4930 0.9753
-0.3592 -5.7102 -2.4935 0.9753
-0.1541 -5.7199 -2.4937 0.9753
0.0514 -5.7222 -2.4939 0.9753
0.4619 -5.7047 -2.4943 0.9753
0.6664 -5.6850 -2.4946 0.9753
0.8701 -5.6579 -2.4948 0.9753
1.0728 -5.6236 -2.4951 0.9753
1.2741 -5.5820 -2.4953 0.9753
1.4738 -5.5333 -2.4956 0.9753
1.6716 -5.4774 -2.4958 0.9753
2.0608 -5.3446 -2.4964 0.9753
2.4395 -5.1842 -2.4970 0.9753
2.6243 -5.0939 -2.4973 0.9753
2.9838 -4.8937 -2.4979 0.9753
3.1579 -4.7840 -2.4982 0.9753
3.6553 -4.4185 -2.4992 0.9753
3.8121 -4.2850 -2.4995 0.9753
3.9640 -4.1460 -2.4999 0.9753
4.1108 -4.0015 -2.5002 0.9753
4.2523 -3.8519 -2.5005 0.9753
4.3885 -3.6973 -2.5009 0.9753
4.5190 -3.5379 -2.5012 0.9753
4.6437 -3.3738 -2.5015 0.9753
4.7624 -3.2054 -2.5019 0.9753
4.8751 -3.0328 -2.5022 0.9753
4.9815 -2.8562 -2.5026 0.9753
5.1749 -2.4921 -2.5032 0.9752
5.2618 -2.3051 -2.5036 0.9752
5.4812 -1.7267 -2.5045 0.9752
5.5404 -1.5290 -2.5048 0.9752
5.6372 -1.1279 -2.5055 0.9752
5.7049 -0.7207 -2.5061 0.9752
5.7278 -0.5155 -2.5064 0.9752
5.7513 -0.1033 -2.5069 0.9752
5.7451 0.3097 -2.5075 0.9752
5.7309 0.5158 -2.5077 0.9752
5.6802 0.9258 -2.5082 0.9752
5.6002 1.3312 -2.5086 0.9752
5.5492 1.5315 -2.5089 0.9752
5.4911 1.7298 -2.5091 0.9752
5.4259 1.9260 -2.5092 0.9752
5.3536 2.1197 -2.5094 0.9752
5.2745 2.3106 -2.5096 0.9752
4.8906 3.0424 -2.5102 0.9752
4.6601 3.3858 -2.5104 0.9752
4.5357 3.5510 -2.5105 0.9752
4.4055 3.7117 -2.5106 0.9752
4.2695 3.8675 -2.5106 0.9752
3.9812 4.1640 -2.5107 0.9752
3.8292 4.3043 -2.5108 0.9752
3.6723 4.4390 -2.5108 0.9752
3.5106 4.5680 -2.5108 0.9752
3.1738 4.8081 -2.5108 0.9752
2.9991 4.9188 -2.5108 0.9752
2.4528 5.2124 -2.5106 0.9752
0.8753 5.6916 -2.5097 0.9752
0.4646 5.7389 -2.5093 0.9752
-0.3614 5.7445 -2.5085 0.9752
-0.9766 5.6708 -2.5078 0.9752
-1.3807 5.5849 -2.5073 0.9752
-1.7774 5.4703 -2.5067 0.9752
-2.3544 5.2457 -2.5059 0.9752
-2.5409 5.1572 -2.5056 0.9752
-2.7240 5.0620 -2.5053 0.9752
-2.9036 4.9604 -2.5050 0.9752
-3.0794 4.8523 -2.5046 0.9752
-3.2512 4.7381 -2.5043 0.9752
-3.5818 4.4914 -2.5037 0.9752
-4.3233 3.7772 -2.5020 0.9753
-4.5820 3.4563 -2.5013 0.9753
-4.9250 2.9425 -2.5003 0.9753
-5.0267 2.7635 -2.5000 0.9753
-5.1220 2.5809 -2.4996 0.9753
-5.2107 2.3951 -2.4993 0.9753
-5.2926 2.2062 -2.4990 0.9753
-5.3677 2.0145 -2.4987 0.9753
-5.5510 1.4252 -2.4977 0.9753
-5.5979 1.2249 -2.4974 0.9753
-5.6376 1.0231 -2.4971 0.9753
-5.6700 0.8199 -2.4968 0.9753
-5.7129 0.4109 -2.4962 0.9753
-5.7233 0.2056 -2.4959 0.9753
-5.7264 -0.0000 -2.4957 0.9753
-5.6915 -0.6154 -2.4949 0.9753
-5.6651 -0.8193 -2.4946 0.9753
-5.5428 -1.4231 -2.4940 0.9753
-5.4255 -1.8169 -2.4936 0.9753
-5.3564 -2.0103 -2.4934 0.9753
-5.2804 -2.2011 -2.4932 0.9753
-5.1977 -2.3891 -2.4931 0.9753
-5.1082 -2.5740 -2.4929 0.9754
-4.8012 -3.1077 -2.4925 0.9754
-4.6863 -3.2779 -2.4924 0.9754
-4.5654 -3.4439 -2.4923 0.9754
-4.4387 -3.6054 -2.4922 0.9754
-4.1684 -3.9144 -2.4921 0.9754
-4.0251 -4.0614 -2.4920 0.9754
-3.7232 -4.3396 -2.4920 0.9754
-3.5650 -4.4704 -2.4920 0.9754
-3.4023 -4.5955 -2.4920 0.9754
-3.2351 -4.7147 -2.4920 0.9754
-3.0638 -4.8279 -2.4920 0.9754
-2.8886 -4.9348 -2.4920 0.9754
-2.5272 -5.1295 -2.4921 0.9754
-2.3415 -5.2171 -2.4922 0.9754
-1.7673 -5.4392 -2.4925 0.9754
-0.7679 -5.6689 -2.4932 0.9753
-0.5639 -5.6932 -2.4933 0.9753
0.0514 -5.7222 -2.4939 0.9753
0.8701 -5.6579 -2.4948 0.9753
1.2741 -5.5820 -2.4953 0.9753
1.8674 -5.4145 -2.4961 0.9753
2.2516 -5.2678 -2.4967 0.9753
2.6243 -5.0939 -2.4973 0.9753
3.1579 -4.7840 -2.4982 0.9753
3.4939 -4.5463 -2.4989 0.9753
3.6553 -4.4185 -2.4992 0.9753
4.1108 -4.0015 -2.5002 0.9753
4.7624 -3.2054 -2.5019 0.9753
5.2618 -2.3051 -2.5036 0.9752
5.4150 -1.9221 -2.5042 0.9752
5.5924 -1.3293 -2.5052 0.9752
5.6372 -1.1279 -2.5055 0.9752
5.6747 -0.9249 -2.5058 0.9752
5.7049 -0.7207 -2.5061 0.9752
5.7278 -0.5155 -2.5064 0.9752
5.7433 -0.3096 -2.5066 0.9752
5.7519 0.1033 -2.5072 0.9752
5.7451 0.3097 -2.5075 0.9752
5.6802 0.9258 -2.5082 0.9752
5.6002 1.3312 -2.5086 0.9752
5.5492 1.5315 -2.5089 0.9752
5.4911 1.7298 -2.5091 0.9752
5.4259 1.9260 -2.5092 0.9752
5.1885 2.4986 -2.5098 0.9752
5.0957 2.6834 -2.5099 0.9752
4.9964 2.8648 -2.5101 0.9752
4.8906 3.0424 -2.5102 0.9752
4.7784 3.2162 -2.5103 0.9752
4.6601 3.3858 -2.5104 0.9752
4.5357 3.5510 -2.5105 0.9752
4.4055 3.7117 -2.5106 0.9752
4.1280 4.0184 -2.5107 0.9752
3.9812 4.1640 -2.5107 0.9752
3.8292 4.3043 -2.5108 0.9752
3.6723 4.4390 -2.5108 0.9752
3.5106 4.5680 -2.5108 0.9752
3.3443 4.6911 -2.5108 0.9752
3.1738 4.8081 -2.5108 0.9752
2.8205 5.0232 -2.5107 0.9752
2.4528 5.2124 -2.5106 0.9752
1.8780 5.4453 -2.5103 0.9752
1.6812 5.5090 -2.5102 0.9752
1.0791 5.6569 -2.5098 0.9752
0.8753 5.6916 -2.5097 0.9752
0.2583 5.7515 -2.5091 0.9752
0.0517 5.7566 -2.5089 0.9752
-0.5673 5.7273 -2.5083 0.9752
-0.9766 5.6708 -2.5078 0.9752
-1.3807 5.5849 -2.5073 0.9752
-1.9724 5.4024 -2.5065 0.9752
-2.1648 5.3275 -2.5062 0.9752
-2.3544 5.2457 -2.5059 0.9752
-3.0794 4.8523 -2.5046 0.9752
-3.2512 4.7381 -2.5043 0.9752
-3.4187 4.6177 -2.5040 0.9752
-3.5818 4.4914 -2.5037 0.9752
-3.8938 4.2218 -2.5030 0.9753
-4.0423 4.0787 -2.5027 0.9753
-4.1855 3.9305 -2.5023 0.9753
-4.7024 3.2892 -2.5010 0.9753
-5.1220 2.5809 -2.4996 0.9753
-5.2107 2.3951 -2.4993 0.9753
-5.4970 1.6238 -2.4980 0.9753
-5.5979 1.2249 -2.4974 0.9753
-5.6700 0.8199 -2.4968 0.9753
-5.6951 0.6158 -2.4965 0.9753
-5.7233 0.2056 -2.4959 0.9753
-5.3923 -0.0000 -2.4960 0.9765
-5.3882 -0.1936 -2.4957 0.9765
-5.3594 -0.5795 -2.4953 0.9765
-5.3031 -0.9624 -2.4948 0.9765
-5.1677 -1.5265 -2.4942 0.9765
-5.1092 -1.7109 -2.4940 0.9765
-4.9726 -2.0728 -2.4937 0.9765
-4.8947 -2.2498 -2.4935 0.9765
-4.6237 -2.7625 -2.4931 0.9765
-4.4132 -3.0869 -2.4929 0.9765
-4.0554 -3.5431 -2.4927 0.9765
-3.7906 -3.8247 -2.4926 0.9765
-3.5063 -4.0867 -2.4925 0.9765
-3.0466 -4.4400 -2.4925 0.9765
-2.8853 -4.5465 -2.4925 0.9765
-2.3799 -4.8306 -2.4927 0.9765
-1.6643 -5.1222 -2.4930 0.9765
-1.4794 -5.1788 -2.4931 0.9765
-1.2926 -5.2289 -2.4932 0.9765
-1.1042 -5.2722 -2.4934 0.9765
-0.3383 -5.3773 -2.4940 0.9765
-0.1451 -5.3863 -2.4942 0.9765
0.4349 -5.3720 -2.4947 0.9765
0.6275 -5.3534 -2.4950 0.9765
0.8194 -5.3279 -2.4952 0.9765
1.3878 -5.2104 -2.4959 0.9765
1.5741 -5.1578 -2.4962 0.9765
1.7584 -5.0985 -2.4964 0.9765
2.9735 -4.5046 -2.4984 0.9765
3.7323 -3.9037 -2.4999 0.9765
3.8705 -3.7677 -2.5003 0.9765
4.0037 -3.6267 -2.5006 0.9765
4.3721 -3.1765 -2.5015 0.9765
4.5899 -2.8554 -2.5022 0.9765
4.6900 -2.6891 -2.5025 0.9765
4.7841 -2.5193 -2.5028 0.9764
4.8721 -2.3463 -2.5031 0.9764
5.0980 -1.8096 -2.5040 0.9764
5.1603 -1.6256 -2.5043 0.9764
5.2159 -1.4395 -2.5046 0.9764
5.3070 -1.0618 -2.5052 0.9764
5.3707 -0.6785 -2.5058 0.9764
5.3922 -0.4853 -2.5061 0.9764
5.4148 0.0972 -2.5068 0.9764
5.3745 0.6790 -2.5076 0.9764
5.3129 1.0630 -2.5080 0.9764
5.2238 1.4417 -2.5084 0.9764
5.1077 1.8130 -2.5088 0.9764
4.8841 2.3521 -2.5093 0.9764
4.7033 2.6967 -2.5095 0.9764
4.6037 2.8639 -2.5097 0.9764
4.4981 3.0275 -2.5098 0.9764
4.3867 3.1871 -2.5099 0.9764
3.4568 4.1785 -2.5102 0.9764
3.1481 4.4158 -2.5102 0.9764
2.4835 4.8206 -2.5101 0.9764
2.3088 4.9065 -2.5101 0.9764
1.5826 5.1857 -2.5097 0.9764
1.2064 5.2854 -2.5095 0.9764
0.8239 5.3577 -2.5092 0.9764
0.2431 5.4142 -2.5087 0.9764
0.0486 5.4190 -2.5085 0.9764
-1.1103 5.3014 -2.5072 0.9764
-1.2997 5.2576 -2.5069 0.9764
-1.6733 5.1498 -2.5064 0.9764
-1.8568 5.0858 -2.5062 0.9764
-2.0380 5.0154 -2.5059 0.9764
-2.3920 4.8551 -2.5053 0.9764
-2.5645 4.7656 -2.5050 0.9764
-2.7336 4.6699 -2.5047 0.9764
-2.8991 4.5682 -2.5044 0.9764
-3.2186 4.3474 -2.5038 0.9764
-3.5213 4.1043 -2.5032 0.9764
-3.6659 3.9747 -2.5029 0.9764
-3.8058 3.8401 -2.5026 0.9765
-3.9407 3.7005 -2.5023 0.9765
-4.3140 3.2542 -2.5013 0.9765
-4.4275 3.0969 -2.5010 0.9765
-4.5352 2.9356 -2.5007 0.9765
-4.6371 2.7705 -2.5004 0.9765
-4.7330 2.6020 -2.5001 0.9765
-4.8227 2.4301 -2.4997 0.9765
-4.9062 2.2551 -2.4994 0.9765
-5.3085 0.9633 -2.4973 0.9765
-5.3390 0.7721 -2.4971 0.9765
-5.3627 0.5799 -2.4968 0.9765
-5.3893 0.1936 -2.4962 0.9765
-5.3923 -0.0000 -2.4960 0.9765
-5.3882 -0.1936 -2.4957 0.9765
-5.3773 -0.3868 -2.4955 0.9765
-5.3594 -0.5795 -2.4953 0.9765
-5.3347 -0.7715 -2.4950 0.9765
-5.3031 -0.9624 -2.4948 0.9765
-5.2195 -1.3402 -2.4944 0.9765
-5.1677 -1.5265 -2.4942 0.9765
-5.1092 -1.7109 -2.4940 0.9765
-4.9726 -2.0728 -2.4937 0.9765
-4.8947 -2.2498 -2.4935 0.9765
-4.8105 -2.4239 -2.4934 0.9765
-4.6237 -2.7625 -2.4931 0.9765
-4.2994 -3.2432 -2.4928 0.9765
-4.1801 -3.3953 -2.4928 0.9765
-4.0554 -3.5431 -2.4927 0.9765
-3.9255 -3.6863 -2.4926 0.9765
-3.2040 -4.3277 -2.4925 0.9765
-2.8853 -4.5465 -2.4925 0.9765
-2.3799 -4.8306 -2.4927 0.9765
-2.0273 -4.9892 -2.4928 0.9765
-1.8470 -5.0589 -2.4929 0.9765
-1.6643 -5.1222 -2.4930 0.9765
-1.4794 -5.1788 -2.4931 0.9765
-0.9142 -5.3087 -2.4935 0.9765
-0.7231 -5.3384 -2.4936 0.9765
-0.3383 -5.3773 -2.4940 0.9765
0.0484 -5.3885 -2.4943 0.9765
0.6275 -5.3534 -2.4950 0.9765
1.3878 -5.2104 -2.4959 0.9765
1.7584 -5.0985 -2.4964 0.9765
2.1201 -4.9602 -2.4970 0.9765
2.2971 -4.8815 -2.4972 0.9765
2.4711 -4.7964 -2.4975 0.9765
2.6420 -4.7052 -2.4978 0.9765
2.9734 -4.5046 -2.4984 0.9765
3.4417 -4.1603 -2.4993 0.9765
3.5893 -4.0346 -2.4996 0.9765
3.8705 -3.7676 -2.5003 0.9765
4.0037 -3.6267 -2.5006 0.9765
4.1319 -3.4811 -2.5009 0.9765
4.3721 -3.1765 -2.5015 0.9765
4.4839 -3.0179 -2.5018 0.9765
5.0291 -1.9912 -2.5037 0.9764
5.0980 -1.8096 -2.5040 0.9764
5.1603 -1.6256 -2.5043 0.9764
5.2649 -1.2515 -2.5049 0.9764
5.3423 -0.8707 -2.5055 0.9764
5.3922 -0.4853 -2.5061 0.9764
5.3472 0.8715 -2.5078 0.9764
5.2718 1.2531 -2.5082 0.9764
5.2238 1.4417 -2.5084 0.9764
5.1077 1.8130 -2.5088 0.9764
5.0396 1.9953 -2.5090 0.9764
4.9651 2.1751 -2.5091 0.9764
4.8841 2.3521 -2.5093 0.9764
4.7968 2.5260 -2.5094 0.9764
4.6037 2.8639 -2.5097 0.9764
3.7476 3.9197 -2.5102 0.9764
3.6045 4.0517 -2.5102 0.9764
3.4568 4.1785 -2.5102 0.9764
2.9875 4.5259 -2.5102 0.9764
2.4835 4.8206 -2.5101 0.9764
2.3088 4.9065 -2.5101 0.9764
1.3954 5.2390 -2.5096 0.9764
1.2064 5.2854 -2.5095 0.9764
0.2431 5.4142 -2.5087 0.9764
0.0486 5.4190 -2.5085 0.9764
-0.3402 5.4077 -2.5081 0.9764
-1.1103 5.3014 -2.5072 0.9764
-1.2997 5.2576 -2.5069 0.9764
-1.4875 5.2070 -2.5067 0.9764
-2.8991 4.5682 -2.5044 0.9764
-3.0608 4.4607 -2.5041 0.9764
-3.2186 4.3474 -2.5038 0.9764
-3.5213 4.1043 -2.5032 0.9764
-3.6659 3.9747 -2.5029 0.9764
-3.8058 3.8401 -2.5026 0.9765
-4.0705 3.5562 -2.5020 0.9765
-4.4275 3.0969 -2.5010 0.9765
-4.5352 2.9356 -2.5007 0.9765
-4.7330 2.6020 -2.5001 0.9765
-5.0541 1.8968 -2.4988 0.9765
-5.1183 1.7140 -2.4985 0.9765
-5.2269 1.3420 -2.4979 0.9765
-5.3627 0.5799 -2.4968 0.9765
-5.3893 0.1936 -2.4962 0.9765
-5.3882 -0.1936 -2.4957 0.9765
-5.3347 -0.7715 -2.4950 0.9765
-5.3031 -0.9624 -2.4948 0.9765
-5.1677 -1.5265 -2.4942 0.9765
-5.1092 -1.7109 -2.4940 0.9765
-5.0441 -1.8931 -2.4939 0.9765
-4.9726 -2.0728 -2.4937 0.9765
-4.7201 -2.5949 -2.4933 0.9765
-4.6237 -2.7625 -2.4931 0.9765
-4.1801 -3.3953 -2.4928 0.9765
-3.9255 -3.6863 -2.4926 0.9765
-3.7906 -3.8247 -2.4926 0.9765
-3.5063 -4.0867 -2.4925 0.9765
-3.3573 -4.2100 -2.4925 0.9765
-3.2040 -4.3277 -2.4925 0.9765
-3.0466 -4.4400 -2.4925 0.9765
-2.8853 -4.5465 -2.4925 0.9765
-2.2051 -4.9131 -2.4927 0.9765
-1.8470 -5.0589 -2.4929 0.9765
-1.6643 -5.1222 -2.4930 0.9765
-1.4794 -5.1788 -2.4931 0.9765
-1.2926 -5.2289 -2.4932 0.9765
-0.7231 -5.3384 -2.4936 0.9765
-0.5311 -5.3613 -2.4938 0.9765
-0.3383 -5.3773 -2.4940 0.9765
-0.1451 -5.3863 -2.4942 0.9765
0.0484 -5.3885 -2.4943 0.9765
0.4349 -5.3720 -2.4947 0.9765
0.6275 -5.3534 -2.4950 0.9765
1.0102 -5.2955 -2.4954 0.9765
1.1997 -5.2564 -2.4957 0.9765
1.3878 -5.2104 -2.4959 0.9765
1.9405 -5.0326 -2.4967 0.9765
2.2971 -4.8815 -2.4972 0.9765
2.9734 -4.5046 -2.4984 0.9765
3.2898 -4.2807 -2.4990 0.9765
3.4417 -4.1603 -2.4993 0.9765
3.7323 -3.9037 -2.4999 0.9765
3.8705 -3.7676 -2.5003 0.9765
4.2547 -3.3310 -2.5012 0.9765
4.8721 -2.3463 -2.5031 0.9764
4.9538 -2.1702 -2.5034 0.9764
5.2159 -1.4395 -2.5046 0.9764
5.4143 -0.0972 -2.5066 0.9764
5.3949 0.4856 -2.5073 0.9764
5.3745 0.6790 -2.5076 0.9764
5.3129 1.0630 -2.5080 0.9764
5.2238 1.4417 -2.5084 0.9764
5.1691 1.6284 -2.5086 0.9764
5.1077 1.8130 -2.5088 0.9764
5.0396 1.9953 -2.5090 0.9764
4.8841 2.3521 -2.5093 0.9764
4.7968 2.5260 -2.5094 0.9764
4.6037 2.8639 -2.5097 0.9764
4.0190 3.6406 -2.5101 0.9764
3.7476 3.9197 -2.5102 0.9764
3.6045 4.0517 -2.5102 0.9764
3.4568 4.1785 -2.5102 0.9764
3.3046 4.2999 -2.5102 0.9764
3.1481 4.4158 -2.5102 0.9764
2.8231 4.6302 -2.5102 0.9764
2.6550 4.7285 -2.5102 0.9764
2.4835 4.8206 -2.5101 0.9764
2.3088 4.9065 -2.5101 0.9764
1.9507 5.0592 -2.5099 0.9764
1.7678 5.1258 -2.5098 0.9764
1.3954 5.2390 -2.5096 0.9764
1.2064 5.2854 -2.5095 0.9764
0.6311 5.3835 -2.5090 0.9764
0.0486 5.4190 -2.5085 0.9764
-0.3402 5.4077 -2.5081 0.9764
-0.5341 5.3915 -2.5079 0.9764
-0.7272 5.3684 -2.5076 0.9764
-1.1103 5.3014 -2.5072 0.9764
-2.2165 4.9384 -2.5056 0.9764
-3.2186 4.3474 -2.5038 0.9764
-3.5214 4.1043 -2.5032 0.9764
-3.6660 3.9747 -2.5029 0.9764
-4.1950 3.4074 -2.5016 0.9765
-4.5352 2.9356 -2.5007 0.9765
-4.7330 2.6019 -2.5001 0.9765
-4.9062 2.2551 -2.4994 0.9765
-5.0541 1.8968 -2.4988 0.9765
-5.1759 1.5290 -2.4982 0.9765
-5.3390 0.7721 -2.4971 0.9765
-5.3627 0.5799 -2.4968 0.9765
-5.3795 0.3869 -2.4965 0.9765
-5.3923 -0.0000 -2.4960 0.9765
-5.3594 -0.5795 -2.4953 0.9765
-5.3031 -0.9624 -2.4948 0.9765
-5.2647 -1.1520 -2.4946 0.9765
-5.2195 -1.3402 -2.4944 0.9765
-5.0441 -1.8931 -2.4939 0.9765
-4.9726 -2.0728 -2.4937 0.9765
-4.8105 -2.4239 -2.4934 0.9765
-4.6237 -2.7625 -2.4931 0.9765
-4.5213 -2.9266 -2.4930 0.9765
-4.4132 -3.0869 -2.4929 0.9765
-4.2994 -3.2432 -2.4928 0.9765
-4.1800 -3.3953 -2.4928 0.9765
-3.9255 -3.6863 -2.4926 0.9765
-2.8853 -4.5465 -2.4925 0.9765
-2.7203 -4.6472 -2.4926 0.9765
-2.5517 -4.7420 -2.4926 0.9765
-2.3799 -4.8306 -2.4927 0.9765
-2.0273 -4.9892 -2.4928 0.9765
-1.4794 -5.1788 -2.4931 0.9765
-1.2926 -5.2289 -2.4932 0.9765
-1.1041 -5.2722 -2.4934 0.9765
-0.5311 -5.3613 -2.4938 0.9765
0.0484 -5.3885 -2.4943 0.9765
0.6275 -5.3534 -2.4950 0.9765
0.8194 -5.3279 -2.4952 0.9765
1.0102 -5.2955 -2.4954 0.9765
1.1997 -5.2564 -2.4957 0.9765
1.7584 -5.0985 -2.4964 0.9765
2.1201 -4.9602 -2.4970 0.9765
2.4711 -4.7964 -2.4975 0.9765
2.6420 -4.7052 -2.4978 0.9765
2.9734 -4.5046 -2.4984 0.9765
3.4417 -4.1603 -2.4993 0.9765
3.7323 -3.9037 -2.4999 0.9765
4.0037 -3.6267 -2.5006 0.9765
4.2547 -3.3310 -2.5012 0.9765
4.4839 -3.0179 -2.5018 0.9765
4.5899 -2.8554 -2.5022 0.9765
4.8721 -2.3463 -2.5031 0.9764
5.0980 -1.8096 -2.5040 0.9764
5.1603 -1.6256 -2.5043 0.9764
5.2159 -1.4395 -2.5046 0.9764
5.2649 -1.2515 -2.5049 0.9764
5.3070 -1.0618 -2.5052 0.9764
5.3423 -0.8707 -2.5055 0.9764
5.3707 -0.6785 -2.5058 0.9764
5.4148 0.0972 -2.5068 0.9764
5.4084 0.2916 -2.5071 0.9764
5.3949 0.4856 -2.5073 0.9764
5.2718 1.2531 -2.5082 0.9764
5.2238 1.4417 -2.5084 0.9764
5.1077 1.8130 -2.5088 0.9764
4.9651 2.1751 -2.5091 0.9764
4.8841 2.3521 -2.5093 0.9764
4.7968 2.5260 -2.5094 0.9764
4.7033 2.6967 -2.5095 0.9764
4.6037 2.8639 -2.5097 0.9764
4.4981 3.0275 -2.5098 0.9764
4.3867 3.1871 -2.5099 0.9764
4.1470 3.4939 -2.5100 0.9764
4.0190 3.6406 -2.5101 0.9764
3.8858 3.7826 -2.5101 0.9764
3.7476 3.9197 -2.5102 0.9764
3.4568 4.1785 -2.5102 0.9764
2.6550 4.7285 -2.5102 0.9764
1.5826 5.1857 -2.5097 0.9764
1.3954 5.2390 -2.5096 0.9764
1.0158 5.3250 -2.5093 0.9764
0.6311 5.3835 -2.5090 0.9764
0.2431 5.4142 -2.5087 0.9764
0.0486 5.4190 -2.5085 0.9764
-0.3402 5.4077 -2.5081 0.9764
-0.5341 5.3915 -2.5079 0.9764
-1.2997 5.2576 -2.5069 0.9764
-1.4875 5.2070 -2.5067 0.9764
-1.6733 5.1498 -2.5064 0.9764
-1.8569 5.0858 -2.5062 0.9764
-2.0380 5.0154 -2.5059 0.9764
-2.2165 4.9384 -2.5056 0.9764
-2.3920 4.8551 -2.5053 0.9764
-2.7336 4.6699 -2.5047 0.9764
-3.0609 4.4607 -2.5041 0.9764
-3.3722 4.2285 -2.5035 0.9764
-3.5214 4.1043 -2.5032 0.9764
-3.8058 3.8401 -2.5026 0.9765
-3.9407 3.7005 -2.5023 0.9765
-4.1950 3.4074 -2.5016 0.9765
-4.4275 3.0969 -2.5010 0.9765
-5.1183 1.7140 -2.4985 0.9765
-5.1759 1.5290 -2.4982 0.9765
-5.2711 1.1534 -2.4976 0.9765
-5.3085 0.9633 -2.4973 0.9765
-5.3390 0.7721 -2.4971 0.9765
-5.3627 0.5799 -2.4968 0.9765
-5.3893 0.1936 -2.4962 0.9765
-5.0853 -0.1827 -2.4961 0.9776
-5.0348 -0.7281 -2.4954 0.9776
-4.9688 -1.0873 -2.4950 0.9776
-4.9262 -1.2648 -2.4948 0.9776
-4.8221 -1.6148 -2.4944 0.9776
-4.7607 -1.7867 -2.4943 0.9776
-4.6932 -1.9564 -2.4941 0.9776
-4.6197 -2.1234 -2.4940 0.9776
-4.5402 -2.2878 -2.4938 0.9776
-4.4550 -2.4491 -2.4937 0.9776
-4.1653 -2.9135 -2.4934 0.9776
-3.9453 -3.2046 -2.4932 0.9776
-3.8276 -3.3441 -2.4932 0.9776
-3.7050 -3.4793 -2.4931 0.9776
-3.5777 -3.6099 -2.4931 0.9776
-2.8755 -4.1906 -2.4930 0.9776
-2.4084 -4.4757 -2.4931 0.9776
-2.2463 -4.5593 -2.4932 0.9776
-1.5708 -4.8345 -2.4935 0.9776
-0.6825 -5.0385 -2.4941 0.9776
-0.3193 -5.0751 -2.4944 0.9776
0.2282 -5.0811 -2.4949 0.9776
0.4105 -5.0701 -2.4951 0.9776
0.5923 -5.0525 -2.4953 0.9776
0.7733 -5.0284 -2.4955 0.9776
0.9534 -4.9978 -2.4958 0.9776
1.4856 -4.8677 -2.4965 0.9776
1.8313 -4.7496 -2.4969 0.9776
2.3320 -4.5266 -2.4977 0.9776
2.6514 -4.3485 -2.4983 0.9776
2.8061 -4.2510 -2.4986 0.9776
3.2480 -3.9261 -2.4994 0.9776
3.3872 -3.8074 -2.4997 0.9776
3.5221 -3.6838 -2.5000 0.9775
3.6525 -3.5554 -2.5003 0.9775
4.0150 -3.1433 -2.5012 0.9775
4.1257 -2.9975 -2.5015 0.9775
4.2312 -2.8478 -2.5018 0.9775
4.3312 -2.6944 -2.5021 0.9775
4.4257 -2.5375 -2.5024 0.9775
4.5144 -2.3773 -2.5027 0.9775
4.8692 -1.5339 -2.5042 0.9775
4.9217 -1.3583 -2.5045 0.9775
5.0076 -1.0019 -2.5050 0.9775
5.0408 -0.8216 -2.5053 0.9775
5.0879 -0.4579 -2.5058 0.9775
5.1086 -0.0917 -2.5063 0.9775
5.0710 0.6406 -2.5072 0.9775
5.0452 0.8223 -2.5074 0.9775
5.0128 1.0029 -2.5076 0.9775
4.9740 1.1823 -2.5078 0.9775
4.8770 1.5364 -2.5082 0.9775
4.8191 1.7106 -2.5084 0.9775
4.6845 2.0522 -2.5087 0.9775
4.6081 2.2191 -2.5088 0.9775
4.3434 2.7021 -2.5092 0.9775
4.2438 2.8563 -2.5093 0.9775
3.7918 3.4347 -2.5096 0.9775
3.5357 3.6981 -2.5097 0.9775
3.4007 3.8227 -2.5097 0.9775
3.2613 3.9423 -2.5097 0.9775
3.1177 4.0568 -2.5097 0.9775
2.9701 4.1661 -2.5097 0.9775
2.3431 4.5481 -2.5096 0.9775
1.6679 4.8361 -2.5093 0.9775
1.4932 4.8926 -2.5092 0.9775
1.3165 4.9429 -2.5091 0.9775
0.9584 5.0241 -2.5089 0.9775
0.7774 5.0550 -2.5087 0.9775
0.5954 5.0793 -2.5086 0.9775
0.0459 5.1129 -2.5081 0.9775
-0.1377 5.1108 -2.5079 0.9775
-0.5039 5.0870 -2.5075 0.9775
-1.5788 4.8590 -2.5061 0.9775
-1.7520 4.7988 -2.5059 0.9775
-1.9230 4.7323 -2.5056 0.9775
-2.0914 4.6597 -2.5054 0.9775
-2.2571 4.5812 -2.5051 0.9775
-2.4198 4.4967 -2.5048 0.9775
-2.8882 4.2091 -2.5040 0.9775
-3.4593 3.7506 -2.5028 0.9775
-3.9586 3.2154 -2.5016 0.9775
-4.0709 3.0708 -2.5013 0.9775
-4.1781 2.9224 -2.5010 0.9775
-4.2797 2.7702 -2.5007 0.9775
-4.6300 2.1281 -2.4995 0.9776
-4.8302 1.6175 -2.4987 0.9776
-4.8846 1.4429 -2.4984 0.9776
-4.9327 1.2665 -2.4981 0.9776
-5.0611 0.5472 -2.4970 0.9776
-5.0863 0.1827 -2.4965 0.9776
-5.0890 -0.0000 -2.4963 0.9776
-5.0853 -0.1827 -2.4961 0.9776
-5.0750 -0.3651 -2.4958 0.9776
-5.0582 -0.5470 -2.4956 0.9776
-5.0348 -0.7281 -2.4954 0.9776
-5.0050 -0.9083 -2.4952 0.9776
-4.9688 -1.0873 -2.4950 0.9776
-4.9262 -1.2648 -2.4948 0.9776
-4.8773 -1.4408 -2.4946 0.9776
-4.6197 -2.1234 -2.4940 0.9776
-4.4550 -2.4491 -2.4937 0.9776
-4.2674 -2.7622 -2.4935 0.9776
-4.1653 -2.9135 -2.4934 0.9776
-4.0579 -3.0610 -2.4933 0.9776
-3.9453 -3.2046 -2.4932 0.9776
-3.3094 -3.8572 -2.4930 0.9776
-3.0241 -4.0847 -2.4930 0.9776
-2.8755 -4.1906 -2.4930 0.9776
-2.5675 -4.3862 -2.4931 0.9776
-2.2463 -4.5593 -2.4932 0.9776
-1.9135 -4.7090 -2.4933 0.9776
-1.5708 -4.8345 -2.4935 0.9776
-1.3963 -4.8880 -2.4936 0.9776
-1.2200 -4.9352 -2.4937 0.9776
-1.0421 -4.9760 -2.4938 0.9776
-0.6825 -5.0385 -2.4941 0.9776
0.2282 -5.0811 -2.4949 0.9776
0.7733 -5.0284 -2.4955 0.9776
0.9534 -4.9978 -2.4958 0.9776
1.1323 -4.9608 -2.4960 0.9776
1.4856 -4.8677 -2.4965 0.9776
1.6595 -4.8117 -2.4967 0.9776
2.1678 -4.6069 -2.4975 0.9776
2.6514 -4.3486 -2.4983 0.9776
2.9572 -4.1481 -2.4989 0.9776
3.3872 -3.8074 -2.4997 0.9776
3.6525 -3.5554 -2.5003 0.9775
4.1257 -2.9975 -2.5015 0.9775
4.5144 -2.3773 -2.5027 0.9775
4.6745 -2.0478 -2.5033 0.9775
4.7455 -1.8789 -2.5036 0.9775
4.8105 -1.7075 -2.5039 0.9775
4.9678 -1.1809 -2.5047 0.9775
5.0408 -0.8216 -2.5053 0.9775
5.0676 -0.6402 -2.5055 0.9775
5.0878 -0.4579 -2.5058 0.9775
5.1015 -0.2750 -2.5060 0.9775
5.1030 0.2751 -2.5068 0.9775
5.0710 0.6406 -2.5072 0.9775
5.0452 0.8223 -2.5074 0.9775
4.9287 1.3602 -2.5080 0.9775
4.8770 1.5364 -2.5082 0.9775
4.8191 1.7106 -2.5084 0.9775
4.7549 1.8826 -2.5085 0.9775
4.6845 2.0522 -2.5087 0.9775
4.6081 2.2191 -2.5088 0.9775
4.5257 2.3832 -2.5090 0.9775
4.4374 2.5443 -2.5091 0.9775
4.1387 3.0070 -2.5094 0.9775
4.0282 3.1537 -2.5095 0.9775
3.9125 3.2963 -2.5095 0.9775
3.6661 3.5687 -2.5097 0.9775
3.5357 3.6981 -2.5097 0.9775
2.6635 4.3684 -2.5097 0.9775
2.3431 4.5481 -2.5096 0.9775
2.1783 4.6292 -2.5096 0.9775
1.8405 4.7733 -2.5094 0.9775
1.6679 4.8361 -2.5093 0.9775
1.3165 4.9429 -2.5091 0.9775
1.1382 4.9867 -2.5090 0.9775
0.9584 5.0241 -2.5089 0.9775
0.2294 5.1083 -2.5083 0.9775
-0.1377 5.1108 -2.5079 0.9775
-0.3210 5.1022 -2.5077 0.9775
-0.8674 5.0369 -2.5071 0.9775
-1.0476 5.0020 -2.5068 0.9775
-1.4035 4.9131 -2.5064 0.9775
-1.7520 4.7988 -2.5059 0.9775
-1.9230 4.7323 -2.5056 0.9775
-2.0914 4.6597 -2.5054 0.9775
-2.2571 4.5812 -2.5051 0.9775
-2.8882 4.2091 -2.5040 0.9775
-3.1820 3.9901 -2.5034 0.9775
-3.4593 3.7506 -2.5028 0.9775
-4.4664 2.4554 -2.5001 0.9775
-4.6300 2.1281 -2.4995 0.9776
-4.7028 1.9603 -2.4992 0.9776
-4.7696 1.7901 -2.4990 0.9776
-4.8302 1.6175 -2.4987 0.9776
-4.8846 1.4429 -2.4984 0.9776
-5.0098 0.9091 -2.4976 0.9776
-5.0611 0.5472 -2.4970 0.9776
-5.0853 -0.1827 -2.4961 0.9776
-5.0750 -0.3651 -2.4958 0.9776
-5.0348 -0.7281 -2.4954 0.9776
-5.0050 -0.9083 -2.4952 0.9776
-4.8773 -1.4408 -2.4946 0.9776
-4.4550 -2.4492 -2.4937 0.9776
-4.0579 -3.0610 -2.4933 0.9776
-3.7050 -3.4793 -2.4931 0.9776
-3.4457 -3.7360 -2.4930 0.9776
-3.3094 -3.8572 -2.4930 0.9776
-3.0241 -4.0847 -2.4930 0.9776
-2.8755 -4.1906 -2.4930 0.9776
-2.7233 -4.2912 -2.4930 0.9776
-2.0812 -4.6371 -2.4932 0.9776
-1.9135 -4.7090 -2.4933 0.9776
-1.5708 -4.8345 -2.4935 0.9776
-1.3963 -4.8880 -2.4936 0.9776
-1.2200 -4.9352 -2.4937 0.9776
-0.8629 -5.0105 -2.4939 0.9776
-0.6825 -5.0385 -2.4941 0.9776
-0.5012 -5.0601 -2.4942 0.9776
-0.1369 -5.0837 -2.4946 0.9776
0.2282 -5.0811 -2.4949 0.9776
0.5923 -5.0525 -2.4953 0.9776
0.7733 -5.0284 -2.4955 0.9776
1.1323 -4.9608 -2.4960 0.9776
1.4856 -4.8677 -2.4965 0.9776
1.6595 -4.8117 -2.4967 0.9776
2.0009 -4.6812 -2.4972 0.9776
2.1678 -4.6069 -2.4975 0.9776
2.3321 -4.5266 -2.4977 0.9776
2.6514 -4.3486 -2.4983 0.9776
2.9572 -4.1481 -2.4989 0.9776
3.2480 -3.9261 -2.4994 0.9776
3.5221 -3.6838 -2.5000 0.9775
3.6525 -3.5554 -2.5003 0.9775
4.0150 -3.1433 -2.5012 0.9775
4.2312 -2.8478 -2.5018 0.9775
4.4257 -2.5375 -2.5024 0.9775
4.5974 -2.2140 -2.5030 0.9775
4.6745 -2.0478 -2.5033 0.9775
4.8105 -1.7075 -2.5039 0.9775
4.9217 -1.3583 -2.5045 0.9775
4.9678 -1.1809 -2.5047 0.9775
5.0676 -0.6402 -2.5055 0.9775
5.0878 -0.4579 -2.5058 0.9775
5.1015 -0.2750 -2.5060 0.9775
5.1086 -0.0917 -2.5063 0.9775
5.1091 0.0917 -2.5065 0.9775
5.1030 0.2751 -2.5068 0.9775
5.0903 0.4581 -2.5070 0.9775
5.0710 0.6406 -2.5072 0.9775
5.0128 1.0030 -2.5076 0.9775
4.9740 1.1823 -2.5078 0.9775
4.9287 1.3602 -2.5080 0.9775
4.8770 1.5364 -2.5082 0.9775
4.6845 2.0522 -2.5087 0.9775
4.6081 2.2191 -2.5088 0.9775
4.5257 2.3832 -2.5090 0.9775
4.3434 2.7021 -2.5092 0.9775
4.2438 2.8563 -2.5093 0.9775
4.1387 3.0070 -2.5094 0.9775
4.0282 3.1537 -2.5095 0.9775
3.7918 3.4348 -2.5096 0.9775
3.6661 3.5687 -2.5097 0.9775
3.5357 3.6981 -2.5097 0.9775
3.4007 3.8227 -2.5097 0.9775
3.1177 4.0568 -2.5097 0.9775
2.9701 4.1661 -2.5097 0.9775
2.8186 4.2700 -2.5097 0.9775
2.6635 4.3684 -2.5097 0.9775
2.5049 4.4611 -2.5097 0.9775
2.3431 4.5481 -2.5096 0.9775
2.1783 4.6292 -2.5096 0.9775
1.6679 4.8361 -2.5093 0.9775
1.4932 4.8926 -2.5092 0.9775
0.9584 5.0241 -2.5089 0.9775
0.5954 5.0793 -2.5086 0.9775
0.4127 5.0971 -2.5084 0.9775
0.2294 5.1083 -2.5083 0.9775
-0.1377 5.1108 -2.5079 0.9775
-1.0476 5.0020 -2.5068 0.9775
-1.4035 4.9131 -2.5064 0.9775
-1.9230 4.7323 -2.5056 0.9775
-2.0914 4.6597 -2.5054 0.9775
-2.2571 4.5812 -2.5051 0.9775
-2.4198 4.4967 -2.5048 0.9775
-2.7356 4.3105 -2.5043 0.9775
-3.0371 4.1022 -2.5037 0.9775
-3.5912 3.6236 -2.5025 0.9775
-3.7186 3.4920 -2.5022 0.9775
-3.8411 3.3558 -2.5019 0.9775
-4.1781 2.9224 -2.5010 0.9775
-4.2798 2.7702 -2.5007 0.9775
-4.7028 1.9603 -2.4992 0.9776
-4.8302 1.6175 -2.4987 0.9776
-4.8846 1.4429 -2.4984 0.9776
-4.9327 1.2665 -2.4981 0.9776
-4.9745 1.0885 -2.4978 0.9776
-5.0387 0.7286 -2.4973 0.9776
-5.0611 0.5472 -2.4970 0.9776
-5.0890 -0.0000 -2.4963 0.9776
-5.0750 -0.3651 -2.4958 0.9776
-5.0582 -0.5470 -2.4956 0.9776
-5.0348 -0.7281 -2.4954 0.9776
-4.9262 -1.2648 -2.4948 0.9776
-4.8773 -1.4408 -2.4946 0.9776
-4.6932 -1.9564 -2.4941 0.9776
-4.5402 -2.2878 -2.4938 0.9776
-4.4550 -2.4492 -2.4937 0.9776
-4.1653 -2.9135 -2.4934 0.9776
-4.0579 -3.0610 -2.4933 0.9776
-3.5777 -3.6100 -2.4931 0.9776
-2.7233 -4.2912 -2.4930 0.9776
-2.4084 -4.4757 -2.4931 0.9776
-2.2463 -4.5593 -2.4932 0.9776
-2.0812 -4.6371 -2.4932 0.9776
-1.9135 -4.7090 -2.4933 0.9776
-1.0421 -4.9760 -2.4938 0.9776
-0.8629 -5.0105 -2.4939 0.9776
-0.5012 -5.0601 -2.4942 0.9776
-0.3193 -5.0751 -2.4944 0.9776
0.0457 -5.0857 -2.4947 0.9776
0.2282 -5.0811 -2.4949 0.9776
0.4105 -5.0701 -2.4951 0.9776
0.9534 -4.9978 -2.4958 0.9776
1.4856 -4.8677 -2.4965 0.9776
1.6595 -4.8117 -2.4967 0.9776
1.8313 -4.7495 -2.4969 0.9776
2.0009 -4.6812 -2.4972 0.9776
2.3321 -4.5266 -2.4977 0.9776
2.6514 -4.3486 -2.4983 0.9776
2.8061 -4.2510 -2.4986 0.9776
2.9572 -4.1480 -2.4989 0.9776
3.1046 -4.0397 -2.4991 0.9776
3.2480 -3.9261 -2.4994 0.9776
3.3872 -3.8074 -2.4997 0.9776
3.5221 -3.6838 -2.5000 0.9775
3.6525 -3.5554 -2.5003 0.9775
3.7782 -3.4225 -2.5006 0.9775
4.4257 -2.5375 -2.5024 0.9775
4.6745 -2.0478 -2.5033 0.9775
4.7455 -1.8789 -2.5036 0.9775
4.8692 -1.5339 -2.5042 0.9775
4.9217 -1.3583 -2.5045 0.9775
5.0076 -1.0019 -2.5050 0.9775
5.0408 -0.8216 -2.5053 0.9775
5.0676 -0.6402 -2.5055 0.9775
5.0878 -0.4579 -2.5058 0.9775
5.1015 -0.2750 -2.5060 0.9775
5.1086 -0.0917 -2.5063 0.9775
5.0452 0.8223 -2.5074 0.9775
5.0128 1.0030 -2.5076 0.9775
4.9740 1.1823 -2.5078 0.9775
4.9287 1.3602 -2.5080 0.9775
4.6845 2.0522 -2.5087 0.9775
4.5257 2.3832 -2.5090 0.9775
4.2438 2.8563 -2.5093 0.9775
3.7918 3.4348 -2.5096 0.9775
3.6661 3.5687 -2.5097 0.9775
3.5357 3.6981 -2.5097 0.9775
3.4007 3.8227 -2.5097 0.9775
3.2613 3.9423 -2.5097 0.9775
3.1177 4.0568 -2.5097 0.9775
2.8186 4.2700 -2.5097 0.9775
2.6635 4.3684 -2.5097 0.9775
2.1783 4.6292 -2.5096 0.9775
1.8405 4.7733 -2.5094 0.9775
1.6679 4.8361 -2.5093 0.9775
1.4932 4.8926 -2.5092 0.9775
1.3165 4.9429 -2.5091 0.9775
1.1382 4.9867 -2.5090 0.9775
0.9584 5.0241 -2.5089 0.9775
0.7774 5.0550 -2.5087 0.9775
0.5954 5.0793 -2.5086 0.9775
-0.1377 5.1108 -2.5079 0.9775
-0.3210 5.1022 -2.5077 0.9775
-0.5039 5.0870 -2.5075 0.9775
-0.8674 5.0369 -2.5071 0.9775
-1.5788 4.8590 -2.5061 0.9775
-1.7520 4.7987 -2.5059 0.9775
-2.2571 4.5812 -2.5051 0.9775
-2.4198 4.4967 -2.5048 0.9775
-2.5794 4.4065 -2.5045 0.9775
-2.7356 4.3105 -2.5043 0.9775
-3.3228 3.8729 -2.5031 0.9775
-3.5912 3.6236 -2.5025 0.9775
-3.8411 3.3558 -2.5019 0.9775
-4.0710 3.0708 -2.5013 0.9775
-4.1781 2.9224 -2.5010 0.9775
-4.2798 2.7702 -2.5007 0.9775
-4.3759 2.6145 -2.5004 0.9775
-4.4664 2.4554 -2.5001 0.9775
-4.5511 2.2932 -2.4998 0.9776
-4.7696 1.7900 -2.4990 0.9776
-4.8302 1.6175 -2.4987 0.9776
-4.9327 1.2665 -2.4981 0.9776
-4.9745 1.0885 -2.4978 0.9776
-5.0098 0.9091 -2.4976 0.9776
-5.0863 0.1827 -2.4965 0.9776
-4.8124 -0.0000 -2.4966 0.9785
-4.8089 -0.1727 -2.4963 0.9785
-4.7991 -0.3452 -2.4961 0.9786
-4.7612 -0.6885 -2.4957 0.9786
-4.6988 -1.0282 -2.4953 0.9786
-4.6586 -1.1961 -2.4952 0.9786
-4.5601 -1.5271 -2.4948 0.9786
-4.3688 -2.0081 -2.4944 0.9786
-4.0356 -2.6122 -2.4939 0.9786
-3.7311 -3.0306 -2.4937 0.9786
-3.2587 -3.5331 -2.4935 0.9786
-3.1297 -3.6478 -2.4935 0.9786
-2.7194 -3.9631 -2.4935 0.9786
-2.5754 -4.0582 -2.4935 0.9786
-2.1243 -4.3118 -2.4936 0.9786
-1.9682 -4.3853 -2.4937 0.9786
-0.4740 -4.7852 -2.4946 0.9786
-0.3020 -4.7994 -2.4948 0.9786
-0.1295 -4.8075 -2.4949 0.9786
0.0432 -4.8094 -2.4951 0.9786
0.2158 -4.8051 -2.4953 0.9786
0.5601 -4.7779 -2.4957 0.9786
0.7313 -4.7551 -2.4958 0.9786
0.9016 -4.7262 -2.4961 0.9786
1.5693 -4.5501 -2.4969 0.9785
1.7318 -4.4913 -2.4972 0.9785
1.8920 -4.4267 -2.4974 0.9785
2.0499 -4.3563 -2.4977 0.9785
2.2052 -4.2804 -2.4979 0.9785
2.6534 -4.0198 -2.4987 0.9785
2.7963 -3.9223 -2.4990 0.9785
3.2028 -3.6002 -2.4998 0.9785
3.3303 -3.4833 -2.5001 0.9785
3.6868 -3.1061 -2.5009 0.9785
3.9010 -2.8343 -2.5015 0.9785
4.2684 -2.2478 -2.5026 0.9785
4.4197 -1.9362 -2.5032 0.9785
4.4868 -1.7765 -2.5035 0.9785
4.5482 -1.6144 -2.5037 0.9785
4.6037 -1.4503 -2.5040 0.9785
4.6533 -1.2842 -2.5043 0.9785
4.6969 -1.1165 -2.5045 0.9785
4.7659 -0.7768 -2.5051 0.9785
4.8232 -0.2600 -2.5058 0.9785
4.8298 -0.0867 -2.5060 0.9785
4.8124 0.4331 -2.5067 0.9785
4.7697 0.7774 -2.5071 0.9785
4.7024 1.1178 -2.5075 0.9785
4.6596 1.2860 -2.5077 0.9785
4.6107 1.4525 -2.5078 0.9785
4.5559 1.6172 -2.5080 0.9785
4.4952 1.7798 -2.5081 0.9784
4.4286 1.9401 -2.5083 0.9784
4.3564 2.0979 -2.5084 0.9784
4.2785 2.2531 -2.5085 0.9784
4.1950 2.4053 -2.5087 0.9784
4.1062 2.5544 -2.5088 0.9784
3.9126 2.8427 -2.5089 0.9784
3.6988 3.1162 -2.5091 0.9784
3.5846 3.2471 -2.5092 0.9784
3.2149 3.6138 -2.5093 0.9784
3.0831 3.7269 -2.5093 0.9784
2.9474 3.8352 -2.5093 0.9784
2.8078 3.9385 -2.5093 0.9784
2.6646 4.0367 -2.5093 0.9784
2.3681 4.2174 -2.5092 0.9784
2.2151 4.2996 -2.5092 0.9784
2.0593 4.3763 -2.5091 0.9784
1.9008 4.4472 -2.5090 0.9784
1.5768 4.5719 -2.5089 0.9784
1.4116 4.6254 -2.5088 0.9784
1.2446 4.6729 -2.5087 0.9784
0.9060 4.7497 -2.5085 0.9784
0.7349 4.7789 -2.5083 0.9784
0.5629 4.8019 -2.5082 0.9784
-0.6487 4.7887 -2.5070 0.9785
-0.8201 4.7619 -2.5068 0.9785
-1.1594 4.6900 -2.5063 0.9785
-1.3269 4.6450 -2.5061 0.9785
-1.6564 4.5369 -2.5056 0.9785
-1.8181 4.4741 -2.5054 0.9785
-1.9773 4.4055 -2.5051 0.9785
-2.1339 4.3313 -2.5049 0.9785
-2.4387 4.1662 -2.5044 0.9785
-2.5864 4.0755 -2.5041 0.9785
-2.7307 3.9796 -2.5038 0.9785
-2.8715 3.8786 -2.5036 0.9785
-3.0086 3.7726 -2.5033 0.9785
-3.1417 3.6618 -2.5030 0.9785
-3.2708 3.5462 -2.5027 0.9785
-3.3956 3.4262 -2.5025 0.9785
-3.7429 3.0402 -2.5016 0.9785
-3.8492 2.9036 -2.5013 0.9785
-3.9505 2.7632 -2.5010 0.9785
-4.0467 2.6194 -2.5008 0.9785
-4.1377 2.4721 -2.5005 0.9785
-4.2232 2.3217 -2.5002 0.9785
-4.3780 2.0123 -2.4996 0.9785
-4.5101 1.6926 -2.4991 0.9785
-4.6189 1.3644 -2.4985 0.9785
-4.6644 1.1976 -2.4983 0.9785
-4.7373 0.8597 -2.4978 0.9785
-4.7647 0.6890 -2.4975 0.9785
-4.8089 -0.1727 -2.4963 0.9785
-4.7991 -0.3452 -2.4961 0.9786
-4.7612 -0.6885 -2.4957 0.9786
-4.7331 -0.8589 -2.4955 0.9786
-4.6123 -1.3625 -2.4950 0.9786
-4.2936 -2.1635 -2.4943 0.9786
-4.2130 -2.3161 -2.4941 0.9786
-4.0356 -2.6122 -2.4939 0.9786
-3.8376 -2.8948 -2.4937 0.9786
-3.7311 -3.0306 -2.4937 0.9786
-3.6198 -3.1625 -2.4936 0.9786
-2.9967 -3.7578 -2.4935 0.9786
-2.8599 -3.8629 -2.4935 0.9786
-2.7194 -3.9631 -2.4935 0.9786
-2.4281 -4.1481 -2.4935 0.9786
-2.1243 -4.3118 -2.4936 0.9786
-1.9682 -4.3853 -2.4937 0.9786
-1.4855 -4.5719 -2.4939 0.9786
-1.1538 -4.6671 -2.4941 0.9786
-0.9855 -4.7058 -2.4942 0.9786
-0.6454 -4.7648 -2.4945 0.9786
-0.4740 -4.7852 -2.4946 0.9786
-0.1295 -4.8075 -2.4949 0.9786
0.0432 -4.8094 -2.4951 0.9786
0.2158 -4.8051 -2.4953 0.9786
0.7313 -4.7551 -2.4958 0.9786
1.0707 -4.6912 -2.4963 0.9786
1.2385 -4.6501 -2.4965 0.9785
1.4048 -4.6031 -2.4967 0.9785
2.5071 -4.1120 -2.4985 0.9785
2.6534 -4.0198 -2.4987 0.9785
2.7963 -3.9223 -2.4990 0.9785
2.9356 -3.8199 -2.4993 0.9785
3.4536 -3.3619 -2.5004 0.9785
3.5725 -3.2361 -2.5007 0.9785
3.7963 -2.9721 -2.5012 0.9785
4.0952 -2.5476 -2.5021 0.9785
4.1845 -2.3993 -2.5024 0.9785
4.3469 -2.0933 -2.5029 0.9785
4.4197 -1.9362 -2.5032 0.9785
4.4868 -1.7765 -2.5035 0.9785
4.5482 -1.6144 -2.5037 0.9785
4.6969 -1.1165 -2.5045 0.9785
4.7659 -0.7768 -2.5051 0.9785
4.7912 -0.6053 -2.5053 0.9785
4.8103 -0.4329 -2.5056 0.9785
4.8232 -0.2600 -2.5058 0.9785
4.8298 -0.0867 -2.5060 0.9785
4.8124 0.4331 -2.5067 0.9785
4.7942 0.6056 -2.5069 0.9785
4.7697 0.7774 -2.5071 0.9785
4.7024 1.1178 -2.5075 0.9785
4.6596 1.2860 -2.5077 0.9785
4.5559 1.6172 -2.5080 0.9785
4.4286 1.9401 -2.5083 0.9784
4.3564 2.0979 -2.5084 0.9784
4.2785 2.2531 -2.5085 0.9784
4.1950 2.4053 -2.5087 0.9784
4.0120 2.7003 -2.5089 0.9784
3.4658 3.3737 -2.5092 0.9784
3.3425 3.4960 -2.5092 0.9784
3.2149 3.6138 -2.5093 0.9784
2.8078 3.9385 -2.5093 0.9784
2.5180 4.1297 -2.5092 0.9784
1.9008 4.4472 -2.5090 0.9784
1.7399 4.5125 -2.5090 0.9784
1.5768 4.5719 -2.5089 0.9784
1.2446 4.6728 -2.5087 0.9784
0.7349 4.7789 -2.5083 0.9784
0.5629 4.8019 -2.5082 0.9784
0.3901 4.8187 -2.5080 0.9785
0.2169 4.8293 -2.5079 0.9785
0.0434 4.8337 -2.5077 0.9785
-0.8201 4.7619 -2.5068 0.9785
-1.1594 4.6900 -2.5063 0.9785
-1.4927 4.5939 -2.5059 0.9785
-1.8181 4.4741 -2.5054 0.9785
-1.9773 4.4055 -2.5051 0.9785
-2.4387 4.1662 -2.5044 0.9785
-2.7307 3.9796 -2.5038 0.9785
-3.2708 3.5462 -2.5027 0.9785
-3.5160 3.3017 -2.5022 0.9785
-3.8492 2.9036 -2.5013 0.9785
-3.9505 2.7632 -2.5010 0.9785
-4.1377 2.4721 -2.5005 0.9785
-4.2232 2.3217 -2.5002 0.9785
-4.5674 1.5295 -2.4988 0.9785
-4.6189 1.3644 -2.4985 0.9785
-4.7373 0.8597 -2.4978 0.9785
-4.7858 0.5175 -2.4973 0.9785
-4.8009 0.3453 -2.4970 0.9785
-4.8097 0.1727 -2.4968 0.9785
-4.7331 -0.8589 -2.4955 0.9786
-4.6586 -1.1961 -2.4952 0.9786
-4.6123 -1.3625 -2.4950 0.9786
-4.5601 -1.5271 -2.4948 0.9786
-4.5021 -1.6897 -2.4947 0.9786
-4.4383 -1.8501 -2.4945 0.9786
-4.2130 -2.3161 -2.4941 0.9786
-4.1270 -2.4658 -2.4940 0.9786
-4.0356 -2.6122 -2.4939 0.9786
-3.9391 -2.7553 -2.4938 0.9786
-3.8376 -2.8948 -2.4937 0.9786
-3.7311 -3.0306 -2.4937 0.9786
-3.6198 -3.1625 -2.4936 0.9786
-3.5039 -3.2903 -2.4936 0.9786
-3.3834 -3.4139 -2.4935 0.9786
-3.2587 -3.5332 -2.4935 0.9786
-2.8599 -3.8629 -2.4935 0.9786
-2.7194 -3.9631 -2.4935 0.9786
-2.5754 -4.0582 -2.4935 0.9786
-1.8096 -4.4533 -2.4937 0.9786
-1.3205 -4.6225 -2.4940 0.9786
-0.9855 -4.7058 -2.4942 0.9786
-0.8160 -4.7383 -2.4943 0.9786
-0.4740 -4.7852 -2.4946 0.9786
0.3882 -4.7946 -2.4955 0.9786
0.5601 -4.7779 -2.4957 0.9786
0.9016 -4.7262 -2.4961 0.9786
1.0707 -4.6912 -2.4963 0.9786
1.2385 -4.6501 -2.4965 0.9785
1.4048 -4.6031 -2.4967 0.9785
1.5693 -4.5501 -2.4969 0.9785
2.0499 -4.3563 -2.4977 0.9785
2.2052 -4.2804 -2.4979 0.9785
2.5071 -4.1120 -2.4985 0.9785
2.6534 -4.0198 -2.4987 0.9785
3.0712 -3.7124 -2.4995 0.9785
3.2028 -3.6002 -2.4998 0.9785
3.3304 -3.4833 -2.5001 0.9785
3.4536 -3.3619 -2.5004 0.9785
3.5725 -3.2361 -2.5007 0.9785
4.0007 -2.6927 -2.5018 0.9785
4.0952 -2.5476 -2.5021 0.9785
4.5482 -1.6144 -2.5037 0.9785
4.6037 -1.4503 -2.5040 0.9785
4.6533 -1.2842 -2.5043 0.9785
4.6969 -1.1165 -2.5045 0.9785
4.7344 -0.9473 -2.5048 0.9785
4.7659 -0.7768 -2.5051 0.9785
4.7912 -0.6053 -2.5053 0.9785
4.8103 -0.4329 -2.5056 0.9785
4.8232 -0.2600 -2.5058 0.9785
4.8124 0.4331 -2.5067 0.9785
4.7697 0.7774 -2.5071 0.9785
4.7024 1.1178 -2.5075 0.9785
4.6596 1.2860 -2.5077 0.9785
4.5559 1.6172 -2.5080 0.9785
4.4952 1.7798 -2.5081 0.9784
4.4286 1.9401 -2.5083 0.9784
4.2785 2.2531 -2.5085 0.9784
4.1062 2.5544 -2.5088 0.9784
3.9126 2.8427 -2.5089 0.9784
3.8082 2.9814 -2.5090 0.9784
3.6988 3.1162 -2.5091 0.9784
3.3425 3.4960 -2.5092 0.9784
2.8078 3.9385 -2.5093 0.9784
2.5180 4.1297 -2.5092 0.9784
2.3681 4.2174 -2.5092 0.9784
2.0593 4.3763 -2.5091 0.9784
1.9008 4.4472 -2.5090 0.9784
1.7399 4.5125 -2.5090 0.9784
1.5768 4.5719 -2.5089 0.9784
1.4116 4.6254 -2.5088 0.9784
1.2446 4.6728 -2.5087 0.9784
1.0760 4.7143 -2.5086 0.9784
0.7349 4.7789 -2.5083 0.9784
0.3901 4.8187 -2.5080 0.9785
0.2169 4.8293 -2.5079 0.9785
-0.1301 4.8318 -2.5075 0.9785
-0.4764 4.8093 -2.5072 0.9785
-1.1594 4.6900 -2.5063 0.9785
-1.6564 4.5369 -2.5056 0.9785
-1.8181 4.4741 -2.5054 0.9785
-1.9773 4.4055 -2.5051 0.9785
-2.4387 4.1662 -2.5044 0.9785
-3.0086 3.7726 -2.5033 0.9785
-3.1417 3.6618 -2.5030 0.9785
-3.5160 3.3017 -2.5022 0.9785
-3.6318 3.1730 -2.5019 0.9785
-3.7429 3.0402 -2.5016 0.9785
-3.8492 2.9036 -2.5013 0.9785
-4.1377 2.4721 -2.5005 0.9785
-4.2233 2.3217 -2.5002 0.9785
-4.3034 2.1684 -2.4999 0.9785
-4.3780 2.0123 -2.4996 0.9785
-4.4469 1.8537 -2.4994 0.9785
-4.5101 1.6926 -2.4991 0.9785
-4.5674 1.5295 -2.4988 0.9785
-4.6189 1.3644 -2.4985 0.9785
-4.6644 1.1976 -2.4983 0.9785
-4.7858 0.5175 -2.4973 0.9785
-4.8097 0.1727 -2.4968 0.9785
-4.8089 -0.1727 -2.4963 0.9785
-4.7991 -0.3452 -2.4961 0.9786
-4.7833 -0.5172 -2.4959 0.9786
-4.7612 -0.6885 -2.4957 0.9786
-4.7331 -0.8589 -2.4955 0.9786
-4.6988 -1.0282 -2.4953 0.9786
-4.6586 -1.1961 -2.4952 0.9786
-4.5601 -1.5271 -2.4948 0.9786
-4.4383 -1.8501 -2.4945 0.9786
-4.2936 -2.1635 -2.4943 0.9786
-4.1270 -2.4658 -2.4940 0.9786
-3.9391 -2.7553 -2.4938 0.9786
-3.6198 -3.1625 -2.4936 0.9786
-3.5039 -3.2903 -2.4936 0.9786
-3.1297 -3.6478 -2.4935 0.9786
-2.8599 -3.8629 -2.4935 0.9786
-2.5754 -4.0582 -2.4935 0.9786
-1.8096 -4.4533 -2.4937 0.9786
-1.6486 -4.5155 -2.4938 0.9786
-1.4855 -4.5719 -2.4939 0.9786
-0.9855 -4.7058 -2.4942 0.9786
-0.4740 -4.7852 -2.4946 0.9786
-0.3019 -4.7994 -2.4948 0.9786
-0.1295 -4.8075 -2.4949 0.9786
0.2158 -4.8050 -2.4953 0.9786
0.3882 -4.7946 -2.4955 0.9786
0.7313 -4.7551 -2.4958 0.9786
0.9016 -4.7262 -2.4961 0.9786
1.0707 -4.6912 -2.4963 0.9786
1.2385 -4.6501 -2.4965 0.9785
1.5693 -4.5501 -2.4969 0.9785
1.8921 -4.4267 -2.4974 0.9785
2.2052 -4.2804 -2.4979 0.9785
2.6534 -4.0198 -2.4987 0.9785
2.9356 -3.8198 -2.4993 0.9785
3.0712 -3.7124 -2.4995 0.9785
3.2028 -3.6002 -2.4998 0.9785
3.7963 -2.9721 -2.5012 0.9785
3.9010 -2.8342 -2.5015 0.9785
4.3469 -2.0933 -2.5029 0.9785
4.4197 -1.9362 -2.5032 0.9785
4.4868 -1.7765 -2.5035 0.9785
4.6533 -1.2842 -2.5043 0.9785
4.6969 -1.1165 -2.5045 0.9785
4.7912 -0.6053 -2.5053 0.9785
4.8303 0.0867 -2.5063 0.9785
4.8124 0.4331 -2.5067 0.9785
4.7942 0.6056 -2.5069 0.9785
4.5559 1.6172 -2.5080 0.9785
3.9126 2.8427 -2.5089 0.9784
3.4658 3.3737 -2.5092 0.9784
2.9474 3.8352 -2.5093 0.9784
2.6646 4.0367 -2.5093 0.9784
2.2151 4.2996 -2.5092 0.9784
2.0593 4.3763 -2.5091 0.9784
1.7399 4.5125 -2.5090 0.9784
1.5768 4.5719 -2.5089 0.9784
1.4116 4.6254 -2.5088 0.9784
1.2446 4.6728 -2.5087 0.9784
0.9060 4.7497 -2.5085 0.9784
0.7349 4.7789 -2.5083 0.9784
0.5629 4.8019 -2.5082 0.9784
0.2169 4.8293 -2.5079 0.9785
0.0434 4.8337 -2.5077 0.9785
-0.1302 4.8318 -2.5075 0.9785
-0.4764 4.8093 -2.5072 0.9785
-0.6487 4.7887 -2.5070 0.9785
-0.8201 4.7619 -2.5068 0.9785
-1.1594 4.6900 -2.5063 0.9785
-1.4927 4.5939 -2.5059 0.9785
-1.6564 4.5369 -2.5056 0.9785
-1.8181 4.4741 -2.5054 0.9785
-2.2878 4.2515 -2.5046 0.9785
-2.4387 4.1662 -2.5044 0.9785
-3.1417 3.6618 -2.5030 0.9785
-3.2708 3.5462 -2.5027 0.9785
-3.3956 3.4262 -2.5025 0.9785
-3.7429 3.0402 -2.5016 0.9785
-3.9505 2.7632 -2.5010 0.9785
-4.0467 2.6194 -2.5008 0.9785
-4.1377 2.4721 -2.5005 0.9785
-4.2233 2.3217 -2.5002 0.9785
-4.3780 2.0123 -2.4996 0.9785
-4.4469 1.8537 -2.4994 0.9785
-4.5101 1.6926 -2.4991 0.9785
-4.5674 1.5295 -2.4988 0.9785
-4.6189 1.3644 -2.4985 0.9785
-4.7373 0.8597 -2.4978 0.9785
-4.7647 0.6890 -2.4975 0.9785
-4.8009 0.3453 -2.4970 0.9785
-4.5587 -0.0000 -2.4968 0.9794
-4.5554 -0.1636 -2.4966 0.9794
-4.5462 -0.3270 -2.4964 0.9794
-4.5312 -0.4900 -2.4962 0.9794
-4.5103 -0.6523 -2.4960 0.9794
-4.3199 -1.4466 -2.4952 0.9794
-4.2045 -1.7526 -2.4949 0.9794
-3.9096 -2.3359 -2.4944 0.9794
-3.8231 -2.4746 -2.4943 0.9794
-3.5346 -2.8710 -2.4941 0.9794
-3.4292 -2.9960 -2.4940 0.9794
-3.3194 -3.1171 -2.4940 0.9794
-3.2053 -3.2342 -2.4939 0.9794
-3.0871 -3.3471 -2.4939 0.9794
-2.9649 -3.4558 -2.4939 0.9794
-2.8389 -3.5599 -2.4939 0.9794
-2.7093 -3.6595 -2.4939 0.9794
-2.5762 -3.7545 -2.4939 0.9794
-2.4398 -3.8445 -2.4939 0.9794
-2.1578 -4.0098 -2.4940 0.9794
-2.0125 -4.0847 -2.4940 0.9794
-1.5618 -4.2777 -2.4942 0.9794
-1.4073 -4.3312 -2.4943 0.9794
-0.6114 -4.5139 -2.4948 0.9794
-0.4490 -4.5331 -2.4950 0.9794
-0.2860 -4.5466 -2.4951 0.9794
-0.1227 -4.5542 -2.4953 0.9794
0.2044 -4.5519 -2.4956 0.9794
0.5306 -4.5261 -2.4960 0.9794
1.3307 -4.3604 -2.4970 0.9794
2.2333 -3.9774 -2.4984 0.9794
2.7807 -3.6183 -2.4994 0.9794
2.9091 -3.5165 -2.4996 0.9794
3.2713 -3.1844 -2.5004 0.9794
3.4921 -2.9421 -2.5010 0.9794
3.7894 -2.5505 -2.5018 0.9794
3.9635 -2.2725 -2.5023 0.9794
4.0429 -2.1290 -2.5026 0.9794
4.1172 -1.9827 -2.5028 0.9794
4.1861 -1.8338 -2.5031 0.9794
4.3603 -1.3736 -2.5039 0.9794
4.5138 -0.7357 -2.5049 0.9794
4.5578 0.4102 -2.5064 0.9793
4.5405 0.5736 -2.5066 0.9793
4.5173 0.7363 -2.5068 0.9793
4.4129 1.2179 -2.5073 0.9793
4.3147 1.5315 -2.5076 0.9793
4.2572 1.6855 -2.5078 0.9793
4.0519 2.1338 -2.5082 0.9793
3.9729 2.2779 -2.5083 0.9793
3.8887 2.4192 -2.5084 0.9793
3.7054 2.6921 -2.5085 0.9793
3.6065 2.8235 -2.5086 0.9793
3.5029 2.9512 -2.5087 0.9793
3.3948 3.0751 -2.5087 0.9793
3.0446 3.4224 -2.5088 0.9793
2.9198 3.5295 -2.5089 0.9793
2.7913 3.6320 -2.5089 0.9793
2.6591 3.7299 -2.5089 0.9793
2.5235 3.8229 -2.5089 0.9793
2.3846 3.9110 -2.5088 0.9793
1.4933 4.3297 -2.5085 0.9793
1.1787 4.4254 -2.5083 0.9793
1.0190 4.4647 -2.5082 0.9793
0.8581 4.4982 -2.5081 0.9793
0.6960 4.5258 -2.5080 0.9793
0.5331 4.5477 -2.5078 0.9793
-0.2874 4.5683 -2.5070 0.9793
-0.4512 4.5547 -2.5069 0.9793
-0.9380 4.4788 -2.5063 0.9793
-1.2567 4.3992 -2.5059 0.9794
-1.5688 4.2969 -2.5054 0.9794
-1.7219 4.2375 -2.5052 0.9794
-1.8727 4.1725 -2.5049 0.9794
-2.3098 3.9459 -2.5042 0.9794
-2.5864 3.7692 -2.5037 0.9794
-2.8496 3.5732 -2.5032 0.9794
-3.0979 3.3589 -2.5027 0.9794
-3.2162 3.2452 -2.5024 0.9794
-3.4400 3.0054 -2.5019 0.9794
-3.6459 2.7503 -2.5013 0.9794
-3.9192 2.3416 -2.5005 0.9794
-4.1469 1.9061 -2.4997 0.9794
-4.2122 1.7558 -2.4995 0.9794
-4.2721 1.6033 -2.4992 0.9794
-4.3265 1.4488 -2.4989 0.9794
-4.3752 1.2924 -2.4987 0.9794
-4.4558 0.9750 -2.4982 0.9794
-4.4875 0.8144 -2.4980 0.9794
-4.5134 0.6527 -2.4977 0.9794
-4.5478 0.3271 -2.4973 0.9794
-4.5554 -0.1636 -2.4966 0.9794
-4.5462 -0.3270 -2.4964 0.9794
-4.5103 -0.6523 -2.4960 0.9794
-4.4131 -1.1331 -2.4955 0.9794
-4.3693 -1.2907 -2.4953 0.9794
-4.3199 -1.4466 -2.4952 0.9794
-4.1387 -1.9023 -2.4947 0.9794
-4.0675 -2.0496 -2.4946 0.9794
-3.8231 -2.4747 -2.4943 0.9794
-3.7317 -2.6102 -2.4942 0.9794
-3.6355 -2.7424 -2.4941 0.9794
-3.2053 -3.2342 -2.4939 0.9794
-3.0871 -3.3471 -2.4939 0.9794
-2.8389 -3.5599 -2.4939 0.9794
-2.5762 -3.7545 -2.4939 0.9794
-2.4398 -3.8445 -2.4939 0.9794
-2.1578 -4.0098 -2.4940 0.9794
-2.0125 -4.0847 -2.4940 0.9794
-1.7143 -4.2188 -2.4941 0.9794
-1.2509 -4.3791 -2.4944 0.9794
-0.9336 -4.4579 -2.4946 0.9794
-0.4490 -4.5331 -2.4950 0.9794
-0.2860 -4.5466 -2.4951 0.9794
-0.1227 -4.5542 -2.4953 0.9794
0.2044 -4.5519 -2.4956 0.9794
0.3677 -4.5419 -2.4958 0.9794
0.5306 -4.5261 -2.4960 0.9794
0.8541 -4.4771 -2.4963 0.9794
1.0143 -4.4439 -2.4965 0.9794
1.4865 -4.3102 -2.4972 0.9794
1.6405 -4.2545 -2.4974 0.9794
2.0889 -4.0546 -2.4981 0.9794
2.2333 -3.9774 -2.4984 0.9794
2.3749 -3.8951 -2.4986 0.9794
2.5134 -3.8077 -2.4989 0.9794
2.6488 -3.7154 -2.4991 0.9794
2.9091 -3.5165 -2.4996 0.9794
3.1546 -3.2994 -2.5002 0.9794
3.2713 -3.1844 -2.5004 0.9794
3.5959 -2.8152 -2.5012 0.9794
3.6950 -2.6846 -2.5015 0.9794
3.7894 -2.5505 -2.5018 0.9794
3.8789 -2.4131 -2.5020 0.9794
3.9634 -2.2725 -2.5023 0.9794
4.0429 -2.1290 -2.5026 0.9794
4.1172 -1.9827 -2.5028 0.9794
4.1861 -1.8338 -2.5031 0.9794
4.3603 -1.3736 -2.5039 0.9794
4.4841 -0.8972 -2.5046 0.9794
4.5138 -0.7357 -2.5049 0.9794
4.5558 -0.4100 -2.5053 0.9794
4.5743 -0.0821 -2.5058 0.9794
4.5405 0.5736 -2.5066 0.9793
4.5173 0.7363 -2.5068 0.9793
4.4883 0.8980 -2.5070 0.9793
4.4535 1.0586 -2.5071 0.9793
4.4129 1.2179 -2.5073 0.9793
4.3666 1.3756 -2.5075 0.9793
4.3147 1.5315 -2.5076 0.9793
4.2572 1.6855 -2.5078 0.9793
4.1942 1.8374 -2.5079 0.9793
4.0519 2.1338 -2.5082 0.9793
3.9729 2.2779 -2.5083 0.9793
3.8887 2.4192 -2.5084 0.9793
3.7995 2.5573 -2.5085 0.9793
3.7054 2.6921 -2.5085 0.9793
3.6065 2.8235 -2.5086 0.9793
3.5029 2.9512 -2.5087 0.9793
3.0446 3.4224 -2.5088 0.9793
2.9198 3.5295 -2.5089 0.9793
2.6591 3.7299 -2.5089 0.9793
2.5235 3.8229 -2.5089 0.9793
2.2426 3.9940 -2.5088 0.9793
2.0978 4.0719 -2.5088 0.9793
1.9502 4.1445 -2.5087 0.9793
1.8002 4.2117 -2.5086 0.9793
1.6478 4.2735 -2.5086 0.9793
1.4933 4.3297 -2.5085 0.9793
1.3368 4.3804 -2.5084 0.9793
0.8581 4.4982 -2.5081 0.9793
0.6960 4.5258 -2.5080 0.9793
0.3695 4.5636 -2.5077 0.9793
0.0411 4.5778 -2.5074 0.9793
-0.1233 4.5760 -2.5072 0.9793
-0.2874 4.5683 -2.5070 0.9793
-0.4512 4.5547 -2.5069 0.9793
-0.6144 4.5353 -2.5067 0.9793
-0.7767 4.5099 -2.5065 0.9793
-0.9380 4.4788 -2.5063 0.9793
-1.0981 4.4419 -2.5061 0.9793
-1.4137 4.3509 -2.5056 0.9794
-1.5688 4.2969 -2.5054 0.9794
-1.7219 4.2375 -2.5052 0.9794
-1.8727 4.1725 -2.5049 0.9794
-2.0211 4.1022 -2.5047 0.9794
-2.1668 4.0267 -2.5045 0.9794
-2.3098 3.9459 -2.5042 0.9794
-2.4497 3.8600 -2.5040 0.9794
-2.7197 3.6736 -2.5035 0.9794
-2.8496 3.5732 -2.5032 0.9794
-3.0979 3.3589 -2.5027 0.9794
-3.2162 3.2451 -2.5024 0.9794
-3.5453 2.8797 -2.5016 0.9794
-3.6459 2.7502 -2.5013 0.9794
-3.9192 2.3416 -2.5005 0.9794
-4.0003 2.1992 -2.5003 0.9794
-4.4558 0.9750 -2.4982 0.9794
-4.4875 0.8143 -2.4980 0.9794
-4.5562 0.1636 -2.4970 0.9794
-4.5587 -0.0000 -2.4968 0.9794
-4.5103 -0.6523 -2.4960 0.9794
-4.3693 -1.2907 -2.4953 0.9794
-4.3199 -1.4466 -2.4952 0.9794
-4.2649 -1.6007 -2.4950 0.9794
-4.2045 -1.7526 -2.4949 0.9794
-4.0675 -2.0496 -2.4946 0.9794
-3.8231 -2.4747 -2.4943 0.9794
-3.7317 -2.6102 -2.4942 0.9794
-3.4292 -2.9960 -2.4940 0.9794
-3.3194 -3.1171 -2.4940 0.9794
-3.2053 -3.2342 -2.4939 0.9794
-3.0871 -3.3471 -2.4939 0.9794
-2.8389 -3.5599 -2.4939 0.9794
-2.7093 -3.6595 -2.4939 0.9794
-2.5762 -3.7545 -2.4939 0.9794
-2.4398 -3.8445 -2.4939 0.9794
-2.3003 -3.9297 -2.4939 0.9794
-2.0125 -4.0847 -2.4940 0.9794
-1.8646 -4.1544 -2.4941 0.9794
-1.4073 -4.3312 -2.4943 0.9794
-1.2509 -4.3791 -2.4944 0.9794
-0.9336 -4.4579 -2.4946 0.9794
-0.7730 -4.4888 -2.4947 0.9794
-0.4490 -4.5331 -2.4950 0.9794
0.2044 -4.5519 -2.4956 0.9794
0.6927 -4.5045 -2.4961 0.9794
0.8541 -4.4771 -2.4963 0.9794
1.0143 -4.4439 -2.4965 0.9794
1.3307 -4.3604 -2.4970 0.9794
1.4865 -4.3102 -2.4972 0.9794
1.6405 -4.2545 -2.4974 0.9794
1.7923 -4.1932 -2.4976 0.9794
2.0889 -4.0546 -2.4981 0.9794
2.2333 -3.9774 -2.4984 0.9794
2.6488 -3.7154 -2.4991 0.9794
2.7807 -3.6183 -2.4994 0.9794
3.1546 -3.2994 -2.5002 0.9794
3.2713 -3.1844 -2.5004 0.9794
3.4921 -2.9421 -2.5010 0.9794
3.6950 -2.6846 -2.5015 0.9794
4.1172 -1.9827 -2.5028 0.9794
4.1861 -1.8338 -2.5031 0.9794
4.2497 -1.6826 -2.5034 0.9794
4.3078 -1.5291 -2.5036 0.9794
4.3603 -1.3736 -2.5039 0.9794
4.4073 -1.2163 -2.5041 0.9794
4.4486 -1.0574 -2.5044 0.9794
4.5378 -0.5733 -2.5051 0.9794
4.5405 0.5736 -2.5066 0.9793
4.4535 1.0586 -2.5071 0.9793
4.4129 1.2179 -2.5073 0.9793
4.2572 1.6855 -2.5078 0.9793
4.0519 2.1338 -2.5082 0.9793
3.9729 2.2779 -2.5083 0.9793
3.8887 2.4192 -2.5084 0.9793
3.7054 2.6921 -2.5085 0.9793
3.5029 2.9512 -2.5087 0.9793
3.2822 3.1950 -2.5088 0.9793
3.1655 3.3108 -2.5088 0.9793
3.0446 3.4224 -2.5088 0.9793
2.7913 3.6320 -2.5089 0.9793
2.6591 3.7299 -2.5089 0.9793
2.5235 3.8229 -2.5089 0.9793
2.3846 3.9110 -2.5088 0.9793
2.2426 3.9940 -2.5088 0.9793
1.8002 4.2117 -2.5086 0.9793
1.4933 4.3297 -2.5085 0.9793
1.1787 4.4254 -2.5083 0.9793
0.8581 4.4982 -2.5081 0.9793
0.5331 4.5477 -2.5078 0.9793
0.3695 4.5636 -2.5077 0.9793
0.2054 4.5737 -2.5075 0.9793
-0.1233 4.5760 -2.5072 0.9793
-0.2874 4.5683 -2.5070 0.9793
-0.7767 4.5099 -2.5065 0.9793
-0.9380 4.4788 -2.5063 0.9793
-1.2567 4.3992 -2.5059 0.9794
-1.4137 4.3509 -2.5056 0.9794
-1.7219 4.2375 -2.5052 0.9794
-1.8727 4.1725 -2.5049 0.9794
-2.0211 4.1022 -2.5047 0.9794
-2.3098 3.9459 -2.5042 0.9794
-2.4497 3.8600 -2.5040 0.9794
-2.8496 3.5732 -2.5032 0.9794
-2.9757 3.4683 -2.5029 0.9794
-3.0979 3.3589 -2.5027 0.9794
-3.3302 3.1273 -2.5021 0.9794
-3.6459 2.7503 -2.5013 0.9794
-3.7419 2.6173 -2.5011 0.9794
-3.8330 2.4810 -2.5008 0.9794
-3.9192 2.3416 -2.5005 0.9794
-4.0003 2.1992 -2.5003 0.9794
-4.2122 1.7558 -2.4995 0.9794
-4.2721 1.6033 -2.4992 0.9794
-4.3264 1.4488 -2.4989 0.9794
-4.3752 1.2924 -2.4987 0.9794
-4.4558 0.9750 -2.4982 0.9794
-4.5335 0.4902 -2.4975 0.9794
-4.5562 0.1636 -2.4970 0.9794
-4.5587 -0.0000 -2.4968 0.9794
-4.5462 -0.3270 -2.4964 0.9794
-4.5312 -0.4900 -2.4962 0.9794
-4.5103 -0.6523 -2.4960 0.9794
-4.4837 -0.8137 -2.4958 0.9794
-4.3693 -1.2907 -2.4953 0.9794
-4.3199 -1.4466 -2.4952 0.9794
-4.2649 -1.6007 -2.4950 0.9794
-4.2045 -1.7526 -2.4949 0.9794
-4.1387 -1.9023 -2.4947 0.9794
-4.0675 -2.0496 -2.4946 0.9794
-3.8231 -2.4747 -2.4943 0.9794
-3.5346 -2.8710 -2.4941 0.9794
-3.4292 -2.9960 -2.4940 0.9794
-3.3194 -3.1171 -2.4940 0.9794
-3.2053 -3.2342 -2.4939 0.9794
-3.0871 -3.3471 -2.4939 0.9794
-2.8389 -3.5599 -2.4939 0.9794
-2.7093 -3.6595 -2.4939 0.9794
-2.5762 -3.7545 -2.4939 0.9794
-2.4398 -3.8445 -2.4939 0.9794
-2.3003 -3.9297 -2.4939 0.9794
-1.7143 -4.2188 -2.4941 0.9794
-1.5618 -4.2777 -2.4942 0.9794
-1.4073 -4.3312 -2.4943 0.9794
-1.2509 -4.3791 -2.4944 0.9794
-1.0930 -4.4213 -2.4945 0.9794
-0.9336 -4.4579 -2.4946 0.9794
-0.7730 -4.4888 -2.4947 0.9794
-0.1227 -4.5542 -2.4953 0.9794
0.2044 -4.5519 -2.4956 0.9794
0.5306 -4.5261 -2.4960 0.9794
0.6927 -4.5045 -2.4961 0.9794
0.8541 -4.4771 -2.4963 0.9794
1.0143 -4.4439 -2.4965 0.9794
1.1733 -4.4050 -2.4967 0.9794
1.7923 -4.1932 -2.4976 0.9794
1.9418 -4.1266 -2.4979 0.9794
2.2333 -3.9774 -2.4984 0.9794
2.7807 -3.6183 -2.4994 0.9794
2.9091 -3.5165 -2.4996 0.9794
3.6950 -2.6846 -2.5015 0.9794
3.9635 -2.2725 -2.5023 0.9794
4.0429 -2.1290 -2.5026 0.9794
4.1172 -1.9827 -2.5028 0.9794
4.1861 -1.8338 -2.5031 0.9794
4.2497 -1.6826 -2.5034 0.9794
4.4073 -1.2163 -2.5041 0.9794
4.4486 -1.0574 -2.5044 0.9794
4.5138 -0.7357 -2.5049 0.9794
4.5378 -0.5733 -2.5051 0.9794
4.5558 -0.4100 -2.5053 0.9794
4.5680 -0.2463 -2.5056 0.9794
4.5743 -0.0821 -2.5058 0.9794
4.5747 0.0821 -2.5060 0.9793
4.5578 0.4102 -2.5064 0.9793
4.5405 0.5736 -2.5066 0.9793
4.5173 0.7363 -2.5068 0.9793
4.4883 0.8980 -2.5070 0.9793
4.3147 1.5316 -2.5076 0.9793
4.2572 1.6855 -2.5078 0.9793
4.1942 1.8374 -2.5079 0.9793
4.1257 1.9868 -2.5080 0.9793
4.0519 2.1338 -2.5082 0.9793
3.5029 2.9512 -2.5087 0.9793
2.3846 3.9110 -2.5088 0.9793
2.2426 3.9940 -2.5088 0.9793
2.0978 4.0719 -2.5088 0.9793
1.8002 4.2117 -2.5086 0.9793
1.6478 4.2735 -2.5086 0.9793
1.1787 4.4254 -2.5083 0.9793
0.8581 4.4982 -2.5081 0.9793
0.3695 4.5636 -2.5077 0.9793
0.0411 4.5778 -2.5074 0.9793
-0.1233 4.5760 -2.5072 0.9793
-0.2874 4.5683 -2.5070 0.9793
-0.9380 4.4788 -2.5063 0.9793
-1.0981 4.4419 -2.5061 0.9793
-1.2567 4.3992 -2.5059 0.9794
-1.4137 4.3509 -2.5056 0.9794
-1.5688 4.2969 -2.5054 0.9794
-2.0211 4.1022 -2.5047 0.9794
-2.1668 4.0267 -2.5045 0.9794
-2.5864 3.7692 -2.5037 0.9794
-3.3302 3.1273 -2.5021 0.9794
-3.4400 3.0054 -2.5019 0.9794
-3.6460 2.7502 -2.5013 0.9794
-3.7419 2.6173 -2.5011 0.9794
-3.8330 2.4810 -2.5008 0.9794
-4.0003 2.1992 -2.5003 0.9794
-4.2721 1.6033 -2.4992 0.9794
-4.3265 1.4488 -2.4989 0.9794
-4.3752 1.2924 -2.4987 0.9794
-4.4558 0.9750 -2.4982 0.9794
-4.4875 0.8143 -2.4980 0.9794
-4.5335 0.4902 -2.4975 0.9794
-4.5562 0.1636 -2.4970 0.9794
-4.3250 -0.0000 -2.4971 0.9802
-4.3219 -0.1552 -2.4969 0.9802
-4.2990 -0.4649 -2.4965 0.9802
-4.1455 -1.2246 -2.4956 0.9802
-4.0465 -1.5187 -2.4953 0.9802
-3.9267 -1.8049 -2.4951 0.9802
-3.8592 -1.9446 -2.4950 0.9802
-3.7867 -2.0818 -2.4949 0.9802
-3.6273 -2.3479 -2.4947 0.9802
-3.3536 -2.7240 -2.4945 0.9802
-3.1494 -2.9575 -2.4943 0.9802
-3.0412 -3.0686 -2.4943 0.9802
-2.9290 -3.1757 -2.4943 0.9802
-2.6936 -3.3776 -2.4943 0.9802
-2.4443 -3.5622 -2.4943 0.9802
-2.3149 -3.6477 -2.4943 0.9802
-2.1825 -3.7285 -2.4943 0.9802
-1.6265 -4.0027 -2.4945 0.9802
-1.4818 -4.0587 -2.4946 0.9802
-1.3352 -4.1094 -2.4946 0.9802
-1.1869 -4.1548 -2.4947 0.9802
-1.0370 -4.1949 -2.4948 0.9802
-0.8858 -4.2296 -2.4949 0.9802
-0.7334 -4.2588 -2.4950 0.9802
-0.5801 -4.2826 -2.4952 0.9802
-0.4260 -4.3009 -2.4953 0.9802
-0.1164 -4.3209 -2.4956 0.9802
0.0388 -4.3226 -2.4957 0.9802
0.1940 -4.3187 -2.4959 0.9802
0.3489 -4.3092 -2.4961 0.9802
0.5034 -4.2942 -2.4962 0.9802
0.6572 -4.2737 -2.4964 0.9802
1.1131 -4.1792 -2.4970 0.9802
1.2625 -4.1369 -2.4972 0.9802
1.5563 -4.0363 -2.4976 0.9802
1.8422 -3.9150 -2.4981 0.9802
2.1188 -3.7734 -2.4985 0.9802
2.5129 -3.5248 -2.4992 0.9802
2.6380 -3.4326 -2.4995 0.9802
2.9927 -3.1301 -2.5002 0.9802
3.1034 -3.0209 -2.5005 0.9802
3.2102 -2.9079 -2.5007 0.9802
3.3128 -2.7911 -2.5010 0.9802
3.6797 -2.2891 -2.5020 0.9802
3.7599 -2.1558 -2.5023 0.9802
3.8352 -2.0196 -2.5025 0.9802
4.0864 -1.4505 -2.5035 0.9802
4.1362 -1.3030 -2.5037 0.9802
4.1807 -1.1538 -2.5040 0.9802
4.2817 -0.6979 -2.5047 0.9802
4.3044 -0.5438 -2.5049 0.9802
4.3331 -0.2336 -2.5053 0.9802
4.3390 -0.0779 -2.5055 0.9802
4.3341 0.2337 -2.5060 0.9802
4.3233 0.3891 -2.5061 0.9802
4.3069 0.5441 -2.5063 0.9801
4.2573 0.8518 -2.5067 0.9801
4.1419 1.3048 -2.5072 0.9801
4.0926 1.4527 -2.5073 0.9801
4.0380 1.5988 -2.5074 0.9801
3.9133 1.8845 -2.5077 0.9801
3.8433 2.0239 -2.5078 0.9801
3.6039 2.4256 -2.5081 0.9801
3.5146 2.5535 -2.5082 0.9801
3.4208 2.6781 -2.5082 0.9801
3.3225 2.7992 -2.5083 0.9801
3.2200 2.9168 -2.5084 0.9801
2.8878 3.2461 -2.5085 0.9801
2.6475 3.4450 -2.5085 0.9801
2.5222 3.5378 -2.5085 0.9801
2.1272 3.7883 -2.5084 0.9801
1.8498 3.9311 -2.5083 0.9801
1.7075 3.9948 -2.5083 0.9801
1.5629 4.0534 -2.5082 0.9801
1.2680 4.1549 -2.5080 0.9801
1.1180 4.1975 -2.5079 0.9801
0.9666 4.2348 -2.5078 0.9801
0.5056 4.3136 -2.5075 0.9801
0.1948 4.3383 -2.5072 0.9801
-0.5827 4.3019 -2.5064 0.9801
-1.0416 4.2134 -2.5058 0.9802
-1.1921 4.1729 -2.5056 0.9802
-1.3410 4.1271 -2.5054 0.9802
-1.4881 4.0760 -2.5052 0.9802
-1.6333 4.0196 -2.5050 0.9802
-1.7764 3.9580 -2.5048 0.9802
-1.9172 3.8913 -2.5045 0.9802
-2.1910 3.7430 -2.5041 0.9802
-2.3238 3.6616 -2.5038 0.9802
-2.5800 3.4848 -2.5033 0.9802
-2.8228 3.2901 -2.5028 0.9802
-3.1592 2.9666 -2.5021 0.9802
-3.2633 2.8510 -2.5018 0.9802
-3.3632 2.7318 -2.5016 0.9802
-3.5498 2.4829 -2.5011 0.9802
-3.6363 2.3537 -2.5008 0.9802
-3.8670 1.9485 -2.5001 0.9802
-4.0529 1.5211 -2.4993 0.9802
-4.1508 1.2261 -2.4988 0.9802
-4.3010 0.4651 -2.4977 0.9802
-4.3146 0.3103 -2.4975 0.9802
-4.3226 0.1553 -2.4973 0.9802
-4.3250 -0.0000 -2.4971 0.9802
-4.3219 -0.1552 -2.4969 0.9802
-4.2990 -0.4649 -2.4965 0.9802
-4.2792 -0.6188 -2.4963 0.9802
-4.2232 -0.9241 -2.4959 0.9802
-4.1870 -1.0751 -2.4958 0.9802
-4.1455 -1.2246 -2.4956 0.9802
-4.0986 -1.3725 -2.4955 0.9802
-3.7094 -2.2163 -2.4948 0.9802
-3.2536 -2.8426 -2.4944 0.9802
-3.1494 -2.9575 -2.4943 0.9802
-2.8131 -3.2788 -2.4943 0.9802
-2.5706 -3.4722 -2.4943 0.9802
-2.3149 -3.6477 -2.4943 0.9802
-2.1825 -3.7285 -2.4943 0.9802
-2.0473 -3.8045 -2.4943 0.9802
-1.9094 -3.8756 -2.4944 0.9802
-1.7691 -3.9417 -2.4944 0.9802
-1.6265 -4.0027 -2.4945 0.9802
-1.3352 -4.1094 -2.4946 0.9802
-0.5801 -4.2826 -2.4952 0.9802
-0.4260 -4.3009 -2.4953 0.9802
0.0388 -4.3226 -2.4957 0.9802
0.1940 -4.3187 -2.4959 0.9802
0.6572 -4.2737 -2.4964 0.9802
0.8103 -4.2476 -2.4966 0.9802
0.9623 -4.2161 -2.4968 0.9802
1.1131 -4.1792 -2.4970 0.9802
1.5563 -4.0363 -2.4976 0.9802
1.8422 -3.9150 -2.4981 0.9802
1.9818 -3.8467 -2.4983 0.9802
2.1188 -3.7734 -2.4985 0.9802
2.2531 -3.6953 -2.4987 0.9802
2.3845 -3.6123 -2.4990 0.9802
2.6380 -3.4326 -2.4995 0.9802
2.7598 -3.3360 -2.4997 0.9802
3.1034 -3.0209 -2.5005 0.9802
3.4112 -2.6706 -2.5012 0.9802
3.5052 -2.5467 -2.5015 0.9802
3.6797 -2.2891 -2.5020 0.9802
3.7599 -2.1558 -2.5023 0.9802
3.8352 -2.0196 -2.5025 0.9802
3.9056 -1.8808 -2.5028 0.9802
3.9710 -1.7396 -2.5030 0.9802
4.0864 -1.4505 -2.5035 0.9802
4.1362 -1.3030 -2.5037 0.9802
4.1807 -1.1538 -2.5040 0.9802
4.2199 -1.0031 -2.5042 0.9802
4.2817 -0.6979 -2.5047 0.9802
4.3044 -0.5438 -2.5049 0.9802
4.3215 -0.3889 -2.5051 0.9802
4.3394 0.0779 -2.5058 0.9802
4.3233 0.3891 -2.5061 0.9802
4.3069 0.5441 -2.5063 0.9801
4.2849 0.6984 -2.5065 0.9801
4.2573 0.8518 -2.5067 0.9801
4.2243 1.0041 -2.5069 0.9801
4.1858 1.1552 -2.5070 0.9801
4.1419 1.3048 -2.5072 0.9801
4.0926 1.4527 -2.5073 0.9801
4.0380 1.5988 -2.5074 0.9801
3.9783 1.7428 -2.5076 0.9801
3.9133 1.8845 -2.5077 0.9801
3.1132 3.0305 -2.5084 0.9801
3.0025 3.1404 -2.5084 0.9801
2.8878 3.2461 -2.5085 0.9801
2.7695 3.3477 -2.5085 0.9801
2.5222 3.5378 -2.5085 0.9801
2.3935 3.6260 -2.5085 0.9801
2.2618 3.7096 -2.5084 0.9801
1.9898 3.8622 -2.5084 0.9801
1.8498 3.9311 -2.5083 0.9801
1.7075 3.9948 -2.5083 0.9801
1.5629 4.0534 -2.5082 0.9801
1.4164 4.1068 -2.5081 0.9801
1.2680 4.1549 -2.5080 0.9801
1.1180 4.1975 -2.5079 0.9801
0.9666 4.2348 -2.5078 0.9801
0.6602 4.2929 -2.5076 0.9801
0.5056 4.3136 -2.5075 0.9801
0.3504 4.3287 -2.5074 0.9801
0.1948 4.3383 -2.5072 0.9801
0.0390 4.3422 -2.5071 0.9801
-0.4280 4.3204 -2.5066 0.9801
-0.7367 4.2779 -2.5062 0.9801
-0.8897 4.2484 -2.5060 0.9802
-1.0416 4.2134 -2.5058 0.9802
-1.3410 4.1271 -2.5054 0.9802
-1.9172 3.8913 -2.5045 0.9802
-2.3238 3.6616 -2.5038 0.9802
-2.4535 3.5755 -2.5036 0.9802
-2.5800 3.4848 -2.5033 0.9802
-2.7031 3.3896 -2.5031 0.9802
-2.9388 3.1863 -2.5026 0.9802
-3.0509 3.0785 -2.5023 0.9802
-3.1592 2.9666 -2.5021 0.9802
-3.2633 2.8510 -2.5018 0.9802
-3.4587 2.6090 -2.5013 0.9802
-3.5498 2.4829 -2.5011 0.9802
-3.9341 1.8083 -2.4998 0.9802
-3.9961 1.6657 -2.4996 0.9802
-4.0529 1.5211 -2.4993 0.9802
-4.1045 1.3745 -2.4991 0.9802
-4.2273 0.9250 -2.4984 0.9802
-4.2574 0.7726 -2.4981 0.9802
-4.2820 0.6192 -2.4979 0.9802
-4.3132 -0.3103 -2.4967 0.9802
-4.2792 -0.6188 -2.4963 0.9802
-4.2539 -0.7720 -2.4961 0.9802
-4.2232 -0.9241 -2.4959 0.9802
-4.1455 -1.2246 -2.4956 0.9802
-4.0986 -1.3725 -2.4955 0.9802
-4.0465 -1.5187 -2.4953 0.9802
-3.9891 -1.6629 -2.4952 0.9802
-3.7867 -2.0818 -2.4949 0.9802
-3.7094 -2.2163 -2.4948 0.9802
-3.4493 -2.6020 -2.4945 0.9802
-3.3536 -2.7240 -2.4945 0.9802
-3.2536 -2.8426 -2.4944 0.9802
-3.1494 -2.9575 -2.4943 0.9802
-2.8131 -3.2788 -2.4943 0.9802
-2.5706 -3.4722 -2.4943 0.9802
-2.3149 -3.6477 -2.4943 0.9802
-2.0473 -3.8045 -2.4943 0.9802
-1.9094 -3.8756 -2.4944 0.9802
-1.7691 -3.9417 -2.4944 0.9802
-1.6265 -4.0027 -2.4945 0.9802
-1.4818 -4.0587 -2.4946 0.9802
-1.1869 -4.1548 -2.4947 0.9802
-1.0370 -4.1949 -2.4948 0.9802
-0.7334 -4.2589 -2.4950 0.9802
-0.4260 -4.3009 -2.4953 0.9802
-0.2714 -4.3137 -2.4954 0.9802
-0.1164 -4.3209 -2.4956 0.9802
0.0388 -4.3226 -2.4957 0.9802
0.3489 -4.3092 -2.4961 0.9802
0.5034 -4.2942 -2.4962 0.9802
0.6572 -4.2737 -2.4964 0.9802
0.8103 -4.2476 -2.4966 0.9802
1.2625 -4.1369 -2.4972 0.9802
1.4103 -4.0893 -2.4974 0.9802
1.5563 -4.0363 -2.4976 0.9802
1.7004 -3.9782 -2.4978 0.9802
2.1188 -3.7734 -2.4985 0.9802
2.2531 -3.6953 -2.4987 0.9802
2.3845 -3.6123 -2.4990 0.9802
2.5129 -3.5248 -2.4992 0.9802
2.6380 -3.4326 -2.4995 0.9802
2.7598 -3.3360 -2.4997 0.9802
2.8781 -3.2352 -2.5000 0.9802
2.9927 -3.1301 -2.5002 0.9802
3.3128 -2.7911 -2.5010 0.9802
3.4112 -2.6706 -2.5012 0.9802
3.5052 -2.5467 -2.5015 0.9802
3.5948 -2.4195 -2.5017 0.9802
3.7599 -2.1558 -2.5023 0.9802
3.8352 -2.0196 -2.5025 0.9802
3.9056 -1.8808 -2.5028 0.9802
4.0864 -1.4505 -2.5035 0.9802
4.1362 -1.3030 -2.5037 0.9802
4.2817 -0.6979 -2.5047 0.9802
4.3215 -0.3889 -2.5051 0.9802
4.3390 -0.0779 -2.5055 0.9802
4.3341 0.2337 -2.5060 0.9802
4.3233 0.3891 -2.5061 0.9802
4.2573 0.8518 -2.5067 0.9801
4.2243 1.0041 -2.5069 0.9801
4.0926 1.4527 -2.5073 0.9801
4.0380 1.5988 -2.5074 0.9801
3.8433 2.0239 -2.5078 0.9801
3.5146 2.5535 -2.5082 0.9801
3.2200 2.9168 -2.5084 0.9801
3.1132 3.0305 -2.5084 0.9801
2.7695 3.3477 -2.5085 0.9801
2.6475 3.4450 -2.5085 0.9801
2.3935 3.6260 -2.5085 0.9801
2.2618 3.7096 -2.5084 0.9801
2.1272 3.7883 -2.5084 0.9801
1.9898 3.8622 -2.5084 0.9801
1.7075 3.9948 -2.5083 0.9801
1.5629 4.0534 -2.5082 0.9801
1.1180 4.1975 -2.5079 0.9801
0.9666 4.2348 -2.5078 0.9801
0.8139 4.2666 -2.5077 0.9801
0.6602 4.2929 -2.5076 0.9801
0.3504 4.3287 -2.5074 0.9801
0.0390 4.3422 -2.5071 0.9801
-0.2726 4.3332 -2.5067 0.9801
-0.4280 4.3204 -2.5066 0.9801
-0.5827 4.3019 -2.5064 0.9801
-0.7367 4.2779 -2.5062 0.9801
-0.8897 4.2484 -2.5060 0.9802
-1.4881 4.0760 -2.5052 0.9802
-1.7764 3.9580 -2.5048 0.9802
-1.9172 3.8913 -2.5045 0.9802
-2.0554 3.8196 -2.5043 0.9802
-3.0509 3.0785 -2.5023 0.9802
-3.1592 2.9666 -2.5021 0.9802
-3.2633 2.8510 -2.5018 0.9802
-3.3632 2.7318 -2.5016 0.9802
-3.6363 2.3537 -2.5008 0.9802
-3.7180 2.2214 -2.5006 0.9802
-3.7950 2.0863 -2.5003 0.9802
-3.8670 1.9485 -2.5001 0.9802
-3.9961 1.6657 -2.4996 0.9802
-4.1045 1.3745 -2.4991 0.9802
-4.2820 0.6192 -2.4979 0.9802
-4.3010 0.4651 -2.4977 0.9802
-4.3219 -0.1553 -2.4969 0.9802
-4.3132 -0.3103 -2.4967 0.9802
-4.2990 -0.4649 -2.4965 0.9802
-4.2539 -0.7720 -2.4961 0.9802
-4.2232 -0.9241 -2.4959 0.9802
-4.1870 -1.0751 -2.4958 0.9802
-4.0465 -1.5187 -2.4953 0.9802
-3.9891 -1.6629 -2.4952 0.9802
-3.9267 -1.8049 -2.4951 0.9802
-3.8592 -1.9446 -2.4950 0.9802
-3.4493 -2.6020 -2.4945 0.9802
-3.3536 -2.7240 -2.4945 0.9802
-3.0412 -3.0686 -2.4943 0.9802
-2.8131 -3.2788 -2.4943 0.9802
-2.6936 -3.3777 -2.4943 0.9802
-2.5706 -3.4722 -2.4943 0.9802
-2.4443 -3.5622 -2.4943 0.9802
-2.3149 -3.6477 -2.4943 0.9802
-2.0473 -3.8045 -2.4943 0.9802
-1.9094 -3.8756 -2.4944 0.9802
-1.6265 -4.0027 -2.4945 0.9802
-1.4818 -4.0587 -2.4946 0.9802
-1.0370 -4.1949 -2.4948 0.9802
-0.7334 -4.2589 -2.4950 0.9802
-0.5801 -4.2826 -2.4952 0.9802
-0.4260 -4.3009 -2.4953 0.9802
-0.2714 -4.3137 -2.4954 0.9802
0.3489 -4.3092 -2.4961 0.9802
0.5034 -4.2942 -2.4962 0.9802
0.9623 -4.2161 -2.4968 0.9802
1.1131 -4.1792 -2.4970 0.9802
1.5563 -4.0363 -2.4976 0.9802
1.7004 -3.9782 -2.4978 0.9802
1.9818 -3.8467 -2.4983 0.9802
2.1188 -3.7734 -2.4985 0.9802
2.6380 -3.4326 -2.4995 0.9802
3.1034 -3.0209 -2.5005 0.9802
3.2102 -2.9079 -2.5007 0.9802
3.4112 -2.6706 -2.5012 0.9802
3.5052 -2.5467 -2.5015 0.9802
3.6797 -2.2891 -2.5020 0.9802
3.8352 -2.0196 -2.5025 0.9802
4.0313 -1.5961 -2.5033 0.9802
4.1362 -1.3030 -2.5037 0.9802
4.1807 -1.1538 -2.5040 0.9802
4.2817 -0.6979 -2.5047 0.9802
4.3331 -0.2336 -2.5053 0.9802
4.3390 -0.0779 -2.5055 0.9802
4.3394 0.0779 -2.5058 0.9802
4.3233 0.3891 -2.5061 0.9802
4.2573 0.8518 -2.5067 0.9801
4.2243 1.0041 -2.5069 0.9801
4.1858 1.1552 -2.5070 0.9801
4.1419 1.3048 -2.5072 0.9801
4.0926 1.4527 -2.5073 0.9801
3.9782 1.7428 -2.5076 0.9801
3.9133 1.8846 -2.5077 0.9801
3.8433 2.0239 -2.5078 0.9801
3.5146 2.5535 -2.5082 0.9801
3.4208 2.6781 -2.5082 0.9801
3.1132 3.0305 -2.5084 0.9801
2.8878 3.2461 -2.5085 0.9801
2.7695 3.3477 -2.5085 0.9801
2.6475 3.4450 -2.5085 0.9801
2.5222 3.5378 -2.5085 0.9801
2.2618 3.7096 -2.5084 0.9801
1.8498 3.9311 -2.5083 0.9801
1.4164 4.1068 -2.5081 0.9801
1.2680 4.1549 -2.5080 0.9801
1.1180 4.1976 -2.5079 0.9801
0.1948 4.3383 -2.5072 0.9801
0.0390 4.3422 -2.5071 0.9801
-0.1169 4.3405 -2.5069 0.9801
-0.2726 4.3332 -2.5067 0.9801
-0.4280 4.3204 -2.5066 0.9801
-0.5827 4.3019 -2.5064 0.9801
-0.7367 4.2779 -2.5062 0.9801
-0.8897 4.2484 -2.5060 0.9802
-1.0416 4.2134 -2.5058 0.9802
-1.1921 4.1729 -2.5056 0.9802
-1.4881 4.0760 -2.5052 0.9802
-1.7764 3.9580 -2.5048 0.9802
-2.1910 3.7431 -2.5041 0.9802
-2.7031 3.3896 -2.5031 0.9802
-2.9388 3.1863 -2.5026 0.9802
-3.2633 2.8510 -2.5018 0.9802
-3.3632 2.7318 -2.5016 0.9802
-3.4587 2.6090 -2.5013 0.9802
-3.5498 2.4829 -2.5011 0.9802
-3.6363 2.3537 -2.5008 0.9802
-3.7950 2.0863 -2.5003 0.9802
-3.8670 1.9485 -2.5001 0.9802
-3.9961 1.6657 -2.4996 0.9802
-4.1508 1.2261 -2.4988 0.9802
-4.1917 1.0762 -2.4986 0.9802
-4.2574 0.7726 -2.4981 0.9802
-4.2820 0.6192 -2.4979 0.9802
-4.3146 0.3103 -2.4975 0.9802
-4.3226 0.1552 -2.4973 0.9802
