ply
format ascii 1.0
element vertex 6526
property float32 x
property float32 y
property float32 z
property float32 I
end_header
1.1702 17.3005 3.0575 0.9320
0.5630 17.7802 3.1367 0.9303
-1.4705 19.3099 3.4147 0.9244
-2.2122 19.6883 3.4934 0.9227
-2.8789 19.3389 3.4475 0.9237
-3.6049 19.4061 3.4804 0.9230
-4.2978 19.2596 3.4795 0.9230
-5.0927 19.5016 3.5540 0.9214
-8.8554 21.0044 4.0193 0.9116
-16.0484 22.7527 4.9095 0.8931
-18.1208 23.8275 5.2784 0.8855
-19.9369 24.3502 5.5492 0.8800
-12.0410 12.7235 3.0889 0.9313
-33.3307 28.3769 7.7186 0.8371
-30.3642 -5.8983 5.4541 0.8819
-43.1733 -18.6200 8.2904 0.8262
-37.3246 -24.8082 7.9025 0.8336
-37.4961 -26.9105 8.1381 0.8291
-11.4714 -11.8571 2.9090 0.9352
-2.1765 -42.5204 7.5073 0.8412
0.6717 -32.5560 5.7417 0.8761
4.2542 -32.9790 5.8633 0.8737
9.7589 -35.0115 6.4088 0.8628
12.7209 -35.5531 6.6582 0.8578
14.5435 -36.4660 6.9224 0.8526
18.1786 -37.5113 7.3500 0.8442
24.4874 -39.1517 8.1425 0.8290
26.9362 -39.8143 8.4761 0.8226
30.2447 -0.2135 5.3331 0.8844
46.0994 4.6533 8.1699 0.8285
42.2963 5.8090 7.5280 0.8408
39.3095 6.8438 7.0356 0.8504
33.1017 8.2461 6.0151 0.8706
30.9487 8.9005 5.6783 0.8774
25.7013 10.4953 4.8951 0.8934
20.6151 12.1130 4.2161 0.9074
17.1461 12.7366 3.7662 0.9169
15.8573 13.6482 3.6891 0.9185
15.3034 14.1583 3.6761 0.9188
6.7538 7.2138 1.7425 0.9607
11.6641 14.4033 3.2680 0.9275
13.3568 20.6996 4.3438 0.9048
12.6870 21.3022 4.3719 0.9042
11.7939 21.5236 4.3276 0.9051
6.6187 15.9378 3.0430 0.9323
5.0589 17.2068 3.1624 0.9297
5.9766 23.4000 4.2585 0.9066
5.1389 23.6254 4.2632 0.9065
4.2985 23.8536 4.2738 0.9062
1.8895 17.6714 3.1337 0.9304
1.2433 17.5732 3.1064 0.9309
-0.0210 18.4030 3.2449 0.9280
-0.9427 25.4493 4.4905 0.9017
-2.7807 25.4572 4.5155 0.9012
-2.8188 19.3462 3.4473 0.9237
-4.2307 19.2392 3.4735 0.9231
-6.9735 20.7568 3.8610 0.9149
-8.7676 20.9776 4.0090 0.9118
-13.4042 22.3905 4.6014 0.8994
-15.9146 22.7119 4.8900 0.8935
-19.8026 24.3396 5.5327 0.8803
-12.0024 12.7616 3.0891 0.9313
-29.6208 27.2795 7.1004 0.8491
-33.1300 28.3834 7.6924 0.8376
-43.3895 -18.5541 8.3209 0.8256
-40.9756 -19.2891 7.9856 0.8320
-39.8051 -20.5139 7.8960 0.8337
-39.3367 -22.0935 7.9553 0.8326
-38.5754 -23.5252 7.9670 0.8323
-37.4439 -24.7207 7.9115 0.8334
-37.4279 -26.6864 8.1053 0.8297
-38.2536 -29.4011 8.5072 0.8220
-2.3063 -42.4809 7.5016 0.8413
0.5764 -32.8694 5.7966 0.8750
5.4160 -33.3323 5.9545 0.8718
9.6315 -34.9727 6.3962 0.8630
12.5819 -35.5109 6.6429 0.8581
14.3950 -36.4209 6.9054 0.8529
18.0109 -37.4603 7.3291 0.8447
19.7917 -37.6428 7.4989 0.8414
26.7004 -23.7928 6.3060 0.8648
30.2202 -0.3069 5.3289 0.8845
46.4581 4.5442 8.2309 0.8273
39.3316 6.7222 7.0358 0.8504
31.1249 8.8469 5.7055 0.8768
28.4728 9.2093 5.2766 0.8855
27.4259 9.9711 5.1456 0.8882
23.6382 10.5698 4.5658 0.9002
22.4506 11.0217 4.4100 0.9034
21.7862 11.6836 4.3590 0.9045
20.6983 12.0758 4.2254 0.9073
19.6340 12.4199 4.0965 0.9100
18.5283 12.6735 3.9582 0.9129
17.2250 12.7126 3.7748 0.9167
16.6573 13.2425 3.7522 0.9172
15.9065 13.6050 3.6907 0.9185
7.1179 7.0322 1.7643 0.9602
6.7747 7.1915 1.7421 0.9607
11.7234 14.3853 3.2722 0.9274
11.2643 14.8819 3.2910 0.9270
13.4309 20.6737 4.3471 0.9047
8.1728 16.1500 3.1916 0.9291
6.6700 15.9222 3.0439 0.9323
2.0955 7.0465 1.2963 0.9706
6.0483 23.3784 4.2580 0.9066
4.3708 23.8316 4.2722 0.9063
1.9431 17.6551 3.1319 0.9304
0.6719 17.7471 3.1315 0.9304
-0.8630 25.4250 4.4857 0.9018
-2.7587 19.3535 3.4470 0.9237
-4.1639 19.2189 3.4674 0.9232
-4.9531 19.4591 3.5406 0.9217
-6.8973 20.7426 3.8544 0.9150
-8.6804 20.9508 3.9987 0.9120
-11.9718 21.8908 4.3995 0.9036
-13.2894 22.3554 4.5858 0.8998
-14.4980 22.5086 4.7209 0.8970
-15.6856 22.5333 4.8411 0.8945
-17.8203 23.7360 5.2336 0.8864
-19.6369 24.2892 5.5074 0.8809
-25.2454 25.1375 6.2818 0.8653
-39.8120 -20.3616 7.8848 0.8339
-39.4023 -21.9701 7.9547 0.8326
-38.6412 -23.4015 7.9656 0.8324
-37.3603 -26.4642 8.0729 0.8303
-38.1791 -29.1563 8.4706 0.8227
-11.5185 -11.7592 2.9025 0.9353
1.1706 17.3067 2.6573 0.9322
0.5629 17.7794 2.7251 0.9305
-0.0784 18.5135 2.8362 0.9278
-2.8856 25.6814 3.9590 0.9007
-2.8921 19.4280 3.0091 0.9236
-3.5924 19.3389 3.0133 0.9235
-4.2976 19.2587 3.0229 0.9233
-8.1693 27.2441 4.3572 0.8913
-9.7118 20.9068 3.5315 0.9109
-10.9875 21.5900 3.7112 0.9066
-12.3837 22.3146 3.9096 0.9019
-13.5580 22.4891 4.0229 0.8992
-21.4933 24.4093 4.9824 0.8767
-26.2303 25.7967 5.6360 0.8617
-37.4206 29.6104 7.3102 0.8244
-31.0039 17.9938 5.4916 0.8650
-30.3709 -5.8996 4.7396 0.8823
-43.1762 -18.6212 7.2033 0.8267
-40.7790 -19.3510 6.9148 0.8331
-39.7992 -20.6670 6.8700 0.8340
-38.5111 -23.6498 6.9233 0.8329
-37.3264 -24.8094 6.8661 0.8341
1.8241 -32.2415 4.9471 0.8775
5.5279 -33.3678 5.1814 0.8721
11.2741 -35.4738 5.7022 0.8602
12.7216 -35.5550 5.7850 0.8583
14.5443 -36.4680 6.0146 0.8531
26.9380 -39.8170 7.3645 0.8232
26.7898 -23.7241 5.4820 0.8652
30.2209 -0.2133 4.6298 0.8849
46.0942 4.6527 7.0973 0.8290
43.7800 6.0127 6.7698 0.8363
40.4133 7.0360 6.2842 0.8470
36.9687 7.8123 5.7885 0.8582
30.9462 8.8997 4.9329 0.8778
28.1435 9.1991 4.5359 0.8871
27.2785 10.0132 4.4516 0.8891
25.7748 10.5253 4.2651 0.8935
22.4693 11.1173 3.8405 0.9035
21.6965 11.7221 3.7779 0.9050
20.9075 12.2848 3.7149 0.9065
16.0151 13.7839 3.2370 0.9180
20.4667 18.9354 4.2714 0.8933
13.3785 20.7332 3.7800 0.9050
11.9227 21.7587 3.8009 0.9045
8.1500 16.2295 2.7822 0.9291
7.3684 16.0878 2.7108 0.9309
6.6184 15.9371 2.6436 0.9326
6.0249 16.1176 2.6360 0.9327
5.1806 23.8174 3.7340 0.9061
4.3037 23.8820 3.7175 0.9065
-0.0210 18.4562 2.8274 0.9280
-3.5354 19.3657 3.0158 0.9234
-4.2305 19.2383 3.0176 0.9234
-8.0709 27.2220 4.3497 0.8915
-7.9394 21.0928 3.4526 0.9128
-9.6204 20.8789 3.5217 0.9112
-10.9047 21.5924 3.7057 0.9068
-12.2739 22.2791 3.8967 0.9022
-13.4544 22.4743 4.0127 0.8994
-14.6613 22.6081 4.1280 0.8967
-17.9666 23.7772 4.5655 0.8864
-19.8009 24.3375 4.8065 0.8808
-11.9883 12.7466 2.6807 0.9316
-31.5968 27.0699 6.3739 0.8450
-17.0467 12.6026 3.2476 0.9178
-30.8804 18.0501 5.4796 0.8652
-43.3925 -18.5554 7.2297 0.8262
-40.9782 -19.2904 6.9384 0.8325
-39.8061 -20.5144 6.8603 0.8343
-39.3382 -22.0943 6.9119 0.8331
-38.5769 -23.5260 6.9220 0.8329
-37.4457 -24.7218 6.8739 0.8340
-38.2542 -29.4016 7.3913 0.8226
-11.4665 -11.7788 2.5183 0.9356
-2.3065 -42.4828 6.5177 0.8418
-0.6928 -37.7488 5.7839 0.8583
1.7223 -32.2106 4.9415 0.8776
2.9405 -32.8383 5.0508 0.8751
4.1662 -33.1043 5.1114 0.8737
5.4163 -33.3339 5.1735 0.8723
6.7317 -33.7338 5.2697 0.8701
9.6320 -34.9745 5.5574 0.8635
12.5825 -35.5128 5.7717 0.8586
7.7721 -17.7711 2.9714 0.9245
18.0119 -37.4625 6.3679 0.8452
19.7929 -37.6450 6.5155 0.8419
22.0611 -38.5358 6.8024 0.8355
24.4318 -39.3331 7.0935 0.8291
26.8545 -39.9596 7.3755 0.8230
26.6547 -23.7521 5.4693 0.8655
30.1965 -0.3066 4.6262 0.8850
46.4529 4.5437 7.1503 0.8279
37.2021 7.7414 5.8212 0.8575
33.2967 8.1853 5.2527 0.8704
31.1224 8.8462 4.9566 0.8773
28.2971 9.1525 4.5561 0.8866
27.4223 9.9698 4.4700 0.8886
25.8985 10.4824 4.2802 0.8931
22.5781 11.0843 3.8532 0.9032
21.7103 11.6429 3.7740 0.9051
20.9625 12.2299 3.7179 0.9065
26.8625 16.9924 4.8694 0.8793
16.0509 13.7286 3.2357 0.9181
20.5625 18.9061 4.2792 0.8931
7.0981 7.0126 1.5286 0.9604
11.9722 13.6590 2.7825 0.9291
11.7229 14.3846 2.8428 0.9277
11.2255 14.8307 2.8494 0.9275
10.7281 15.2836 2.8606 0.9272
12.7303 21.2252 3.7916 0.9047
11.9889 21.7196 3.8006 0.9045
6.0760 16.1021 2.6365 0.9327
5.6172 16.6745 2.6955 0.9313
6.1382 23.7261 3.7544 0.9056
3.8793 17.5727 2.7569 0.9298
2.6163 17.8538 2.7643 0.9296
1.9532 17.7468 2.7351 0.9303
0.6719 17.7463 2.7206 0.9307
-2.7792 19.4974 3.0171 0.9234
-4.9529 19.4581 3.0759 0.9220
-9.3087 27.9945 4.5195 0.8875
-7.8754 21.1208 3.4532 0.9128
-9.5295 20.8513 3.5121 0.9114
-10.8261 21.6027 3.7017 0.9068
-12.1654 22.2449 3.8841 0.9025
-13.3512 22.4595 4.0027 0.8997
-14.6295 22.7127 4.1387 0.8964
-15.8553 22.7772 4.2515 0.8938
-19.6352 24.2870 4.7845 0.8813
-21.1304 24.2988 4.9331 0.8778
-11.9497 12.7846 2.6809 0.9316
-25.8446 25.7342 5.5873 0.8628
-30.8538 18.1630 5.4848 0.8651
-41.1789 -19.2292 6.9623 0.8320
-39.8130 -20.3621 6.8505 0.8345
-38.6427 -23.4023 6.9208 0.8329
-37.5652 -24.6341 6.8818 0.8338
-37.3609 -26.4646 7.0139 0.8309
-38.1798 -29.1568 7.3594 0.8233
-1.0292 25.6377 3.3412 0.9017
-2.9027 19.4990 2.5672 0.9236
-4.2973 19.2577 2.5694 0.9235
-5.0922 19.4996 2.6244 0.9219
-8.1839 27.2927 3.7104 0.8914
-9.5582 28.1612 3.8726 0.8870
-8.8751 21.0513 2.9750 0.9120
-10.1029 19.8517 2.9006 0.9141
-16.8003 30.2731 4.5086 0.8697
-29.9735 27.4333 5.2912 0.8488
-36.8202 16.3636 5.2469 0.8500
-30.3776 -5.9009 4.0297 0.8826
-43.1790 -18.6224 6.1235 0.8272
-40.7816 -19.3522 5.8782 0.8335
-39.8003 -20.6675 5.8399 0.8345
-39.3070 -22.2371 5.8809 0.8335
-38.5125 -23.6507 5.8853 0.8333
-11.4341 -11.8185 2.1414 0.9358
-0.5584 -36.5982 4.7664 0.8627
0.6717 -32.5540 4.2401 0.8769
3.0216 -32.6072 4.2643 0.8763
6.8478 -33.7707 4.4872 0.8702
9.7599 -35.0151 4.7335 0.8636
11.2747 -35.4757 4.8474 0.8606
12.7222 -35.5569 4.9177 0.8587
14.5451 -36.4700 5.1129 0.8535
18.1807 -37.5157 5.4288 0.8452
19.9717 -37.7013 5.5559 0.8419
22.1156 -38.3551 5.7654 0.8364
24.4868 -39.1507 6.0133 0.8300
26.9399 -39.8198 6.2606 0.8237
30.1973 -0.2131 3.9324 0.8853
39.0305 6.7952 5.1590 0.8523
27.1827 9.9781 3.7707 0.8898
26.2777 10.7307 3.6962 0.8918
24.3569 10.9818 3.4792 0.8978
26.7735 17.0524 4.1336 0.8798
17.1443 12.7352 2.7811 0.9175
16.6179 13.2954 2.7714 0.9177
16.0903 13.8487 2.7645 0.9179
20.4146 18.8872 3.6216 0.8939
7.0208 6.9794 1.2891 0.9609
6.7375 7.1965 1.2837 0.9610
12.0469 13.8304 2.3884 0.9287
11.6630 14.4020 2.4133 0.9280
10.7263 15.3821 2.4420 0.9271
13.3779 20.7323 3.2130 0.9053
9.4444 15.8577 2.4035 0.9283
12.0875 22.0595 3.2756 0.9035
7.2795 15.8937 2.2764 0.9319
6.6181 15.9364 2.2471 0.9328
6.0246 16.1169 2.2406 0.9329
5.4797 16.4343 2.2559 0.9325
4.8807 16.6007 2.2533 0.9326
6.1327 24.0111 3.2271 0.9049
2.4853 17.3343 2.2804 0.9318
1.2432 17.5716 2.2939 0.9314
-0.0210 18.4805 2.4066 0.9282
-0.9500 25.6469 3.3420 0.9017
-2.8459 19.5322 2.5704 0.9235
-4.2303 19.2373 2.5650 0.9236
-8.0359 21.3491 2.9705 0.9121
-16.6529 30.2276 4.4941 0.8700
-18.2012 24.0877 3.9315 0.8853
-25.9152 25.6451 4.7477 0.8632
-29.6961 27.3488 5.2571 0.8497
-32.1679 27.5591 5.5160 0.8429
-36.6991 29.2248 6.1092 0.8276
-36.7806 16.4825 5.2485 0.8499
-37.1639 15.0775 5.2226 0.8506
-46.0251 -17.7561 6.4240 0.8196
-40.9809 -19.2916 5.8983 0.8330
-38.5783 -23.5269 5.8842 0.8334
-37.4474 -24.7230 5.8433 0.8344
-38.2548 -29.4021 6.2829 0.8231
-11.4479 -11.7598 2.1372 0.9359
-2.3066 -42.4847 5.5405 0.8423
-0.6929 -37.7505 4.9167 0.8587
0.5764 -32.8674 4.2807 0.8758
1.7224 -32.2121 4.2007 0.8780
2.9404 -32.8375 4.2932 0.8755
5.4166 -33.3355 4.3979 0.8726
7.7613 -17.7464 2.5223 0.9248
18.0130 -37.4647 5.4133 0.8456
19.7941 -37.6473 5.5388 0.8423
24.4315 -39.3326 6.0296 0.8296
26.8542 -39.9591 6.2694 0.8235
42.5918 5.7153 5.5961 0.8408
39.2926 6.7155 5.1909 0.8515
34.6687 7.2142 4.6113 0.8669
31.2318 8.8773 4.2281 0.8772
28.6032 9.2514 3.9147 0.8858
27.4186 9.9684 3.7991 0.8890
26.3443 10.6628 3.7009 0.8917
24.6616 11.0274 3.5179 0.8968
22.5766 11.0836 3.2751 0.9035
21.8705 11.7288 3.2317 0.9047
21.4275 12.5012 3.2305 0.9048
16.1330 13.7987 2.7645 0.9179
6.7584 7.1742 1.2835 0.9610
11.7223 14.3840 2.4163 0.9279
11.2707 14.8905 2.4319 0.9274
10.7462 15.3094 2.4357 0.9273
13.4539 20.7092 3.2159 0.9052
12.1637 22.0364 3.2777 0.9035
7.9335 15.6773 2.2880 0.9316
7.3312 15.8766 2.2772 0.9319
2.0946 7.0438 0.9569 0.9708
6.2062 23.9887 3.2267 0.9049
4.4035 24.0101 3.1788 0.9062
2.5376 17.3170 2.2791 0.9318
1.9281 17.5188 2.2951 0.9314
1.2967 17.5554 2.2923 0.9315
0.6719 17.7455 2.3125 0.9309
-0.8708 25.6561 3.3429 0.9016
-1.3428 19.2021 2.5066 0.9253
-2.7192 25.6296 3.3562 0.9013
-7.9820 27.2313 3.6953 0.8918
-9.3218 28.0339 3.8471 0.8877
-10.6697 28.6148 3.9769 0.8841
-9.5289 20.8501 2.9852 0.9117
-10.0514 20.0569 2.9215 0.9135
-12.3705 22.6198 3.3573 0.9012
-15.8542 22.7756 3.6136 0.8941
-19.6317 24.2827 4.0663 0.8817
-25.6847 25.5750 4.7200 0.8640
-29.4222 27.2655 5.2236 0.8506
-36.6058 29.3362 6.1087 0.8276
-36.7343 16.5986 5.2492 0.8499
-41.1816 -19.2305 5.9186 0.8325
-39.4420 -21.9923 5.8806 0.8335
-38.6441 -23.4032 5.8832 0.8334
-37.5669 -24.6353 5.8500 0.8343
-37.3615 -26.4650 5.9622 0.8314
-0.0770 18.1763 1.9518 0.9295
-1.0320 25.7092 2.7629 0.9017
-1.9335 25.3893 2.7342 0.9026
-2.2778 20.2720 2.1905 0.9212
-2.8290 19.0037 2.0631 0.9256
-3.5755 19.2481 2.1022 0.9243
-4.2971 19.2568 2.1187 0.9237
-5.9680 19.9030 2.2312 0.9198
-8.1095 21.3439 2.4518 0.9122
-8.8834 21.0709 2.4555 0.9121
-10.1034 19.8527 2.3920 0.9143
-16.6539 23.6112 3.1026 0.8903
-18.7735 24.6858 3.3303 0.8827
-22.1366 25.1398 3.5969 0.8739
-26.4308 25.9939 3.9808 0.8615
-17.0555 12.5276 2.2724 0.9184
-30.3842 -5.9022 3.3236 0.8829
-39.8013 -20.6680 4.8158 0.8349
-42.5496 -24.0716 5.2495 0.8215
-37.3299 -24.8117 4.8132 0.8350
-11.4156 -11.7995 1.7630 0.9361
-1.1532 -13.2176 1.4247 0.9480
-0.5584 -36.5969 3.9303 0.8631
0.6717 -32.5530 3.4963 0.8772
5.5285 -33.3710 3.6323 0.8728
8.3131 -34.5767 3.8187 0.8667
12.7229 -35.5588 4.0554 0.8590
22.1153 -38.3546 4.7542 0.8368
26.9417 -39.8225 5.1629 0.8241
26.6992 -23.6438 3.8296 0.8663
42.2832 5.8072 4.5831 0.8422
36.2079 7.6516 3.9739 0.8617
33.0258 8.2272 3.6548 0.8720
27.3745 10.0485 3.1313 0.8893
34.7732 14.1999 4.0333 0.8598
22.9151 10.3317 2.6992 0.9038
28.5676 16.7856 3.5580 0.8752
27.3470 17.4177 3.4816 0.8777
17.1434 12.7345 2.2932 0.9177
16.3917 13.1144 2.2542 0.9190
15.7779 13.5798 2.2354 0.9197
7.0017 6.9604 1.0601 0.9611
13.3773 20.7314 2.6494 0.9055
12.7797 21.4579 2.6819 0.9044
12.1528 22.1786 2.7157 0.9033
7.9267 15.7850 1.8967 0.9314
7.3362 16.0175 1.8918 0.9316
5.5229 16.5639 1.8749 0.9322
6.1324 24.0100 2.6610 0.9051
4.3360 24.0614 2.6254 0.9063
1.2432 17.5709 1.8915 0.9316
-0.0207 18.1605 1.9501 0.9295
-0.9546 25.7725 2.7694 0.9014
-1.8596 25.4599 2.7412 0.9024
-2.8021 25.6537 2.7711 0.9014
-2.7659 18.9831 2.0600 0.9257
-3.5100 19.2266 2.0987 0.9244
-8.8059 21.0692 2.4521 0.9122
-9.6193 20.8765 2.4683 0.9117
-12.3763 22.4649 2.7542 0.9020
-13.6885 22.8654 2.8617 0.8983
-14.6617 22.6087 2.8935 0.8973
-15.9865 22.8146 2.9914 0.8940
-24.3249 32.1918 4.3327 0.8502
-29.6248 27.2832 4.3247 0.8504
-32.1395 27.5349 4.5446 0.8434
-36.7366 29.2546 5.0428 0.8278
-43.3983 -18.5578 5.0684 0.8271
-42.7497 -24.0104 5.2650 0.8210
-42.4310 -25.8765 5.3368 0.8188
-37.4491 -24.7241 4.8187 0.8348
-38.2555 -29.4026 5.1811 0.8236
-11.4359 -11.7474 1.7605 0.9362
-1.1958 -13.2330 1.4268 0.9480
-0.7182 -13.2290 1.4226 0.9481
-0.2572 -14.0112 1.5048 0.9452
1.7225 -32.2135 3.4641 0.8783
4.1600 -33.0551 3.5775 0.8746
8.0995 -34.1529 3.7691 0.8683
11.1417 -35.4369 3.9889 0.8612
12.5839 -35.5166 4.0461 0.8593
14.3974 -36.4269 4.2060 0.8542
7.7507 -17.7219 2.0771 0.9251
18.0141 -37.4669 4.4641 0.8460
19.7953 -37.6496 4.5676 0.8427
22.0605 -38.5348 4.7680 0.8364
24.4312 -39.3321 4.9720 0.8300
30.1913 -0.3066 3.2422 0.8856
46.4424 4.5427 5.0109 0.8288
36.4364 7.5821 3.9964 0.8609
22.5752 11.0829 2.7005 0.9038
28.6130 16.6934 3.5572 0.8752
17.2222 12.7106 2.2985 0.9175
16.4691 13.0929 2.2592 0.9188
11.7218 14.3833 1.9924 0.9281
11.1730 14.7613 1.9880 0.9282
10.4954 14.9521 1.9616 0.9291
12.8356 21.4009 2.6797 0.9045
12.2294 22.1553 2.7175 0.9032
7.3884 16.0005 1.8925 0.9316
6.6692 15.9201 1.8535 0.9329
6.0754 16.1007 1.8479 0.9331
5.5750 16.5492 1.8752 0.9322
2.0941 7.0420 0.7889 0.9709
5.3528 24.2472 2.6664 0.9049
0.6718 17.7447 1.9068 0.9311
0.0355 18.1446 1.9484 0.9296
-0.6221 18.3298 1.9694 0.9289
-1.7952 25.6716 2.7634 0.9016
-2.7191 25.6284 2.7675 0.9015
-2.7029 18.9625 2.0568 0.9258
-3.4447 19.2052 2.0952 0.9245
-4.1633 19.2160 2.1113 0.9239
-4.9524 19.4562 2.1558 0.9224
-5.8221 19.8625 2.2226 0.9201
-6.9345 20.8543 2.3599 0.9154
-8.7171 21.0394 2.4455 0.9125
-9.5284 20.8489 2.4615 0.9119
-10.0592 20.0725 2.4109 0.9136
-19.6820 24.3449 3.3617 0.8817
-21.2269 24.4098 3.4737 0.8780
-11.9220 12.7550 1.8748 0.9322
-31.8414 27.4508 4.5144 0.8444
-30.8382 18.1538 3.8426 0.8659
-43.6162 -18.4915 5.0871 0.8265
-42.9512 -23.9489 5.2807 0.8205
-42.3643 -25.6562 5.3183 0.8193
-37.5687 -24.6364 4.8242 0.8347
-38.1810 -29.1578 5.1588 0.8243
-11.4910 -11.7312 1.7634 0.9361
0.5629 17.7771 1.5056 0.9311
-1.9334 25.3882 2.1554 0.9028
-2.8852 25.6778 2.1874 0.9015
-3.5928 19.3412 1.6653 0.9241
-4.2969 19.2558 1.6701 0.9239
-5.0917 19.4977 1.7059 0.9223
-8.1830 27.2899 2.4118 0.8919
-9.7937 28.8549 2.5795 0.8849
-8.0296 21.1338 1.9138 0.9132
-8.7797 20.8250 1.9132 0.9133
-9.7101 20.9032 1.9511 0.9116
-10.1057 19.8573 1.8861 0.9144
-13.5412 22.4613 2.2202 0.9001
-20.8911 23.7254 2.6761 0.8808
-26.4283 25.9915 3.1379 0.8617
-30.2023 27.6428 3.4659 0.8484
-36.8576 29.1650 3.9788 0.8281
-17.0543 12.5267 1.7913 0.9186
-30.3908 -5.9035 2.6208 0.8831
-43.1848 -18.6249 3.9812 0.8280
-39.8023 -20.6686 3.7966 0.8352
-37.3316 -24.8128 3.7946 0.8353
-38.8761 -27.9009 4.0508 0.8252
-1.6382 -13.2609 1.1311 0.9478
-0.6738 -13.1632 1.1158 0.9485
3.0219 -32.6102 2.7724 0.8768
11.1849 -35.1931 3.1260 0.8622
14.4293 -36.1798 3.2973 0.8553
7.7993 -17.6838 1.6362 0.9253
19.9741 -37.7059 3.6121 0.8426
22.1170 -38.3575 3.7482 0.8372
26.6544 -23.6042 3.0139 0.8668
49.4446 -5.6972 4.2133 0.8189
30.1506 -0.2128 2.5524 0.8860
46.0788 4.6512 3.9205 0.8303
42.2789 5.8066 3.6126 0.8426
33.2011 8.2709 2.8965 0.8717
27.4117 10.0621 2.4719 0.8894
22.9447 10.3450 2.1306 0.9039
22.4651 11.1152 2.1218 0.9043
21.4883 11.6096 2.0676 0.9066
21.5032 12.6348 2.1113 0.9047
18.3794 12.6554 1.8890 0.9143
15.9575 13.7344 1.7823 0.9190
20.5887 19.0482 2.3744 0.8935
6.9828 6.9416 0.8335 0.9612
12.0269 13.8074 1.5501 0.9291
11.6619 14.4007 1.5687 0.9283
10.4884 15.0410 1.5523 0.9290
13.3767 20.7304 2.0885 0.9057
11.9967 21.8937 2.1134 0.9046
7.9431 15.8176 1.4984 0.9314
7.3354 16.0157 1.4912 0.9317
4.9195 16.7324 1.4764 0.9324
6.0536 23.7016 2.0708 0.9065
5.2112 23.9579 2.0755 0.9063
2.5050 17.4714 1.4941 0.9316
1.2431 17.5701 1.4911 0.9317
0.6174 17.7605 1.5044 0.9311
-1.8596 25.4606 2.1611 0.9026
-2.8020 25.6525 2.1845 0.9016
-3.5270 19.3197 1.6625 0.9242
-5.0218 19.4764 1.7027 0.9224
-5.9414 20.0393 1.7694 0.9195
-8.6918 20.7962 1.9080 0.9135
-9.6187 20.8753 1.9457 0.9119
-13.5105 22.5680 2.2266 0.8998
-14.6307 22.5608 2.2763 0.8977
-24.3354 32.2057 3.4171 0.8504
-19.8480 24.3953 2.6623 0.8814
-20.8520 23.8292 2.6805 0.8806
-26.1926 25.9197 3.1194 0.8625
-39.8092 -20.5160 3.7912 0.8355
-42.7714 -24.0226 4.1527 0.8213
-42.4522 -25.8894 4.2092 0.8191
-37.4509 -24.7253 3.7989 0.8351
-11.4270 -11.7382 1.3868 0.9364
-1.6894 -13.3356 1.1379 0.9475
-0.7132 -13.1362 1.1137 0.9486
2.9265 -32.6815 2.7776 0.8766
4.1602 -33.0567 2.8204 0.8748
5.4171 -33.3387 2.8592 0.8732
9.5557 -34.6976 3.0466 0.8655
17.8695 -37.1662 3.4910 0.8474
24.4309 -39.3316 3.9196 0.8304
26.8535 -39.9581 4.0754 0.8243
46.4373 4.5422 3.9498 0.8292
42.5831 5.7141 3.6371 0.8416
40.6730 6.9515 3.4930 0.8474
33.3236 8.1919 2.9049 0.8713
28.5989 9.2501 2.5445 0.8863
22.9149 10.2464 2.1249 0.9041
27.6219 17.4728 2.7668 0.8770
18.4623 12.6283 1.8935 0.9141
17.2213 12.7099 1.8119 0.9177
16.6000 13.1970 1.7952 0.9184
20.7552 19.0833 2.3868 0.8930
11.7212 14.3826 1.5706 0.9282
10.5463 15.0246 1.5539 0.9290
13.4527 20.7073 2.0904 0.9056
12.6816 21.1440 2.0871 0.9058
7.9958 15.8004 1.4991 0.9314
7.3876 15.9987 1.4918 0.9317
6.1262 23.6795 2.0705 0.9065
2.5577 17.4542 1.4933 0.9316
1.2966 17.5538 1.4900 0.9318
0.6718 17.7439 1.5032 0.9312
0.0357 18.2310 1.5433 0.9294
-0.8571 25.2530 2.1390 0.9035
-1.7862 25.5436 2.1676 0.9023
-2.7313 19.1613 1.6384 0.9252
-3.4614 19.2983 1.6597 0.9243
-5.8678 20.0185 1.7659 0.9197
-7.9668 21.3659 1.9303 0.9125
-13.4796 22.6753 2.2331 0.8995
-14.5048 22.5191 2.2675 0.8981
-19.7205 24.3925 2.6553 0.8817
-20.8155 23.9366 2.6853 0.8804
-11.9083 12.7404 1.4763 0.9324
-32.1728 27.7365 3.5959 0.8432
-36.7664 29.4649 3.9885 0.8277
-39.8160 -20.3636 3.7858 0.8357
-42.3854 -25.6690 4.1947 0.8196
-37.5704 -24.6375 3.8033 0.8350
-39.2346 -27.7918 4.0701 0.8245
-11.4820 -11.7220 1.3890 0.9363
1.1895 17.5856 1.0930 0.9318
-0.0773 18.2608 1.1324 0.9294
-1.0194 25.3938 1.5759 0.9032
-1.9333 25.3870 1.5788 0.9030
-2.8851 25.6766 1.6022 0.9016
-2.8424 19.0941 1.1971 0.9256
-4.2967 19.2549 1.2234 0.9240
-8.1826 27.2885 1.7666 0.8921
-9.7095 20.9020 1.4292 0.9118
-14.6937 22.5052 1.6666 0.8979
-19.7964 24.1786 1.9378 0.8823
-20.8760 23.7082 1.9589 0.8811
-30.3334 27.7627 2.5499 0.8481
-30.3973 -5.9048 1.9201 0.8833
-43.1876 -18.6261 2.9165 0.8282
-39.8033 -20.6691 2.7812 0.8355
-42.3837 -23.9777 3.0197 0.8227
-41.7059 -25.6118 3.0349 0.8219
-37.3333 -24.8140 2.7798 0.8356
-11.3792 -11.7618 1.0148 0.9365
-7.8148 -19.9047 1.3260 0.9179
-4.3167 -49.4762 3.0797 0.8195
0.3132 -15.1775 0.9414 0.9410
4.3034 -33.3603 2.0858 0.8739
8.3140 -34.5801 2.2054 0.8672
12.7243 -35.5626 2.3422 0.8595
14.5475 -36.4760 2.4351 0.8544
19.9753 -37.7081 2.6461 0.8428
20.2356 -29.9103 2.2393 0.8653
26.6100 -23.5649 2.2041 0.8672
36.9555 7.8096 2.3422 0.8595
28.4416 9.2965 1.8555 0.8870
27.1706 9.9736 1.7948 0.8905
27.0714 11.0548 1.8133 0.8894
22.4637 11.1146 1.5542 0.9044
21.6042 12.6941 1.5538 0.9045
18.3769 12.6536 1.3836 0.9145
17.1416 12.7332 1.3241 0.9180
15.9584 13.7352 1.3056 0.9191
20.4113 18.8841 1.7243 0.8945
6.9640 6.9229 0.6089 0.9614
6.7137 7.1711 0.6091 0.9614
11.6614 14.4000 1.1490 0.9284
10.4872 15.0392 1.1369 0.9292
13.3761 20.7295 1.5298 0.9059
12.0615 22.0119 1.5565 0.9043
4.2858 23.7829 1.4985 0.9077
2.5047 17.4695 1.0944 0.9317
1.2430 17.5693 1.0922 0.9318
-0.0208 18.2449 1.1314 0.9295
-2.8019 25.6513 1.6001 0.9018
-4.2297 19.2345 1.2212 0.9241
-9.3870 27.9406 1.8278 0.8886
-8.0485 21.3826 1.4168 0.9125
-8.7339 20.8969 1.4044 0.9132
-10.0709 19.9413 1.3853 0.9144
-16.9057 30.6864 2.1725 0.8690
-13.5977 22.7136 1.6416 0.8993
-15.9843 22.8114 1.7272 0.8944
-18.8136 24.8980 1.9351 0.8824
-20.8460 23.8224 1.9630 0.8809
-11.9331 12.6879 1.0801 0.9326
-26.1903 25.9174 2.2849 0.8627
-30.2008 27.8137 2.5460 0.8483
-36.8125 29.3150 2.9181 0.8281
-30.9190 18.0727 2.2208 0.8663
-43.4040 -18.5603 2.9272 0.8276
-27.1597 -15.2543 1.9316 0.8826
-37.4526 -24.7264 2.7829 0.8354
-39.0570 -27.8480 2.9745 0.8251
-1.6894 -13.3357 0.8336 0.9476
-2.3751 -43.7468 2.7167 0.8390
-0.7020 -38.2465 2.3721 0.8579
0.2659 -15.1648 0.9405 0.9410
1.7226 -32.2164 2.0006 0.8787
2.2143 -24.7285 1.5396 0.9053
6.8092 -34.1225 2.1577 0.8698
8.1003 -34.1563 2.1768 0.8688
9.6339 -34.9816 2.2500 0.8647
11.1429 -35.4405 2.3037 0.8617
12.5852 -35.5203 2.3368 0.8598
7.7295 -17.6736 1.1962 0.9256
18.0161 -37.4712 2.5782 0.8465
19.7976 -37.6541 2.6380 0.8432
21.9966 -38.4231 2.7454 0.8374
24.3022 -39.1243 2.8560 0.8314
26.4763 -23.5931 2.1990 0.8675
43.4655 5.8325 2.7195 0.8388
22.9121 10.2451 1.5564 0.9043
22.5724 11.0815 1.5593 0.9041
21.5779 12.5890 1.5491 0.9047
27.2667 17.2481 2.0007 0.8787
18.4597 12.6266 1.3869 0.9143
16.5978 13.1952 1.3148 0.9185
15.9139 13.6113 1.2985 0.9195
20.5053 18.8535 1.7273 0.8944
6.7345 7.1488 0.6090 0.9614
12.4196 14.1694 1.1684 0.9273
12.7258 21.2178 1.5342 0.9056
7.3868 15.9969 1.0926 0.9318
5.5737 16.5455 1.0826 0.9324
2.0931 7.0385 0.4553 0.9710
6.1593 23.8074 1.5249 0.9061
2.5574 17.4523 1.0938 0.9318
1.9428 17.6527 1.1013 0.9313
-0.8601 25.3419 1.5724 0.9034
-1.7934 25.6463 1.5942 0.9021
-2.7316 19.1638 1.2004 0.9254
-3.4609 19.2959 1.2156 0.9244
-4.1629 19.2142 1.2191 0.9242
-4.9519 19.4542 1.2448 0.9227
-5.8671 20.0159 1.2934 0.9198
-9.2808 27.9106 1.8239 0.8888
-8.0114 21.4856 1.4219 0.9122
-10.0411 20.0362 1.3897 0.9141
-18.7738 25.0059 1.9390 0.8822
-30.0861 27.8806 2.5436 0.8484
-31.7121 27.3394 2.5964 0.8455
-36.6909 29.4044 2.9157 0.8283
-26.4725 -16.0320 1.9191 0.8834
-37.5721 -24.6387 2.7861 0.8352
-11.4730 -11.7128 1.0167 0.9364
1.1894 17.5849 0.6950 0.9319
-0.0773 18.2587 0.7200 0.9295
-1.0192 25.3908 1.0020 0.9033
-3.5919 19.3364 0.7755 0.9243
-4.2965 19.2539 0.7779 0.9241
-5.0912 19.4957 0.7945 0.9225
-9.4923 27.9670 1.1646 0.8885
-8.0823 21.2724 0.8973 0.9129
-8.8209 20.9226 0.8953 0.9131
-9.7090 20.9008 0.9087 0.9119
-10.9811 21.5775 0.9547 0.9076
-17.1073 30.8263 1.3901 0.8684
-13.6267 22.6030 1.0407 0.8997
-19.8922 24.2957 1.2381 0.8819
-21.9351 24.9110 1.3088 0.8756
-11.9579 12.6357 0.6860 0.9327
-30.0356 27.4901 1.6055 0.8496
-31.7986 27.0725 1.6467 0.8460
-36.8584 29.1656 1.8533 0.8285
-17.0513 12.5245 0.8342 0.9188
-43.1905 -18.6274 1.8547 0.8284
-42.3688 -26.0189 1.9605 0.8195
-11.3612 -11.7432 0.6443 0.9367
-2.7002 -13.6938 0.5504 0.9457
-1.2174 -13.9528 0.5523 0.9455
-2.2116 -43.2081 1.7060 0.8410
-0.2543 -16.6707 0.6574 0.9354
0.6716 -32.5500 1.2837 0.8778
1.8245 -32.2489 1.2736 0.8787
3.0221 -32.6132 1.2915 0.8771
4.3036 -33.3619 1.3264 0.8740
6.9267 -34.1598 1.3744 0.8698
8.3144 -34.5818 1.4025 0.8673
9.7618 -35.0221 1.4336 0.8646
12.7249 -35.5645 1.4894 0.8597
14.5483 -36.4780 1.5485 0.8545
7.7781 -17.6357 0.7600 0.9257
18.1849 -37.5244 1.6442 0.8463
19.9765 -37.7104 1.6827 0.8430
30.1090 -0.2125 1.1873 0.8864
32.9601 8.2108 1.3394 0.8729
28.4395 9.2959 1.1798 0.8871
27.1655 9.9717 1.1410 0.8906
22.4623 11.1139 0.9882 0.9045
18.3743 12.6518 0.8797 0.9146
16.5179 13.2153 0.8341 0.9188
20.4088 18.8817 1.0963 0.8947
6.7059 7.1627 0.3869 0.9615
12.3578 14.1873 0.7419 0.9274
11.6609 14.3993 0.7306 0.9285
11.1647 14.8457 0.7324 0.9283
13.3755 20.7286 0.9727 0.9060
12.1871 22.2412 1.0000 0.9035
7.9413 15.8140 0.6978 0.9316
7.3337 16.0122 0.6944 0.9319
4.9184 16.7287 0.6876 0.9326
6.1497 24.0779 0.9799 0.9053
4.2853 23.7803 0.9528 0.9078
2.5044 17.4675 0.6958 0.9318
1.8892 17.6681 0.7006 0.9313
0.6173 17.7589 0.7007 0.9313
-1.8597 25.4619 1.0067 0.9029
-3.5261 19.3149 0.7742 0.9244
-5.0213 19.4745 0.7930 0.9226
-5.9398 20.0341 0.8240 0.9198
-8.7326 20.8938 0.8929 0.9133
-9.6176 20.8730 0.9062 0.9121
-10.8832 21.5498 0.9519 0.9079
-16.9966 30.8516 1.3889 0.8685
-14.6622 22.6095 1.0626 0.8977
-43.4069 -18.5615 1.8615 0.8278
-42.3015 -25.7975 1.9537 0.8201
-30.0668 -24.8747 1.5387 0.8554
-7.6301 -32.0569 1.2993 0.8764
-1.2626 -13.9721 0.5532 0.9454
-0.7994 -14.7239 0.5814 0.9427
1.7227 -32.2179 1.2722 0.8788
2.9401 -32.8341 1.2999 0.8764
4.1944 -33.3287 1.3245 0.8742
6.8096 -34.1241 1.3721 0.8700
11.1435 -35.4424 1.4650 0.8618
22.0596 -38.5332 1.7508 0.8372
24.4302 -39.3305 1.8257 0.8308
26.4544 -23.5736 1.3972 0.8678
49.3667 -5.8431 1.9602 0.8196
30.2046 -0.3067 1.1911 0.8861
46.4269 4.5412 1.8394 0.8297
42.5744 5.7129 1.6938 0.8420
39.2776 6.7130 1.5712 0.8526
36.4268 7.5801 1.4671 0.8616
33.1650 8.1529 1.3467 0.8722
32.8322 9.3322 1.3459 0.8723
27.3130 9.9301 1.1460 0.8902
24.2666 10.8508 1.0482 0.8991
21.6953 11.6348 0.9707 0.9062
21.5787 12.5894 0.9851 0.9048
27.7003 17.5224 1.2924 0.8770
18.4572 12.6248 0.8817 0.9144
17.2195 12.7085 0.8439 0.9179
16.5955 13.1934 0.8360 0.9186
15.9148 13.6121 0.8258 0.9196
20.5027 18.8511 1.0982 0.8945
7.0021 6.9178 0.3881 0.9614
11.2241 14.8289 0.7333 0.9283
10.5438 15.0211 0.7236 0.9292
12.7244 21.2154 0.9755 0.9057
12.2639 22.2179 1.0007 0.9034
7.9940 15.7969 0.6981 0.9316
7.3859 15.9951 0.6947 0.9319
6.6683 15.9181 0.6805 0.9332
6.0747 16.0987 0.6785 0.9334
5.5731 16.5437 0.6884 0.9325
2.0926 7.0368 0.2895 0.9710
6.2234 24.0554 0.9798 0.9053
5.3679 24.3157 0.9819 0.9051
1.9426 17.6507 0.7002 0.9314
0.6718 17.7424 0.7001 0.9314
0.0357 18.2268 0.7187 0.9296
-0.8600 25.3389 0.9997 0.9035
-1.7932 25.6432 1.0136 0.9022
-4.1627 19.2132 0.7752 0.9243
-5.8663 20.0133 0.8223 0.9199
-9.2796 27.9069 1.1596 0.8889
-8.0120 21.4871 0.9042 0.9123
-8.6449 20.8652 0.8906 0.9136
-9.5268 20.8453 0.9037 0.9123
-10.7858 21.5222 0.9493 0.9081
-13.5704 22.8281 1.0472 0.8991
-14.6176 22.6943 1.0644 0.8976
-21.2218 24.4039 1.2752 0.8786
-11.8812 12.7113 0.6861 0.9327
-29.9657 27.7691 1.6109 0.8491
-30.8151 18.1402 1.4100 0.8666
-39.8181 -20.3647 1.7635 0.8361
-26.4513 -16.0191 1.2194 0.8836
-37.5739 -24.6398 1.7717 0.8354
-38.1829 -29.1592 1.8944 0.8250
-30.0580 -24.7111 1.5343 0.8558
-11.4641 -11.7037 0.6460 0.9365
0.5628 17.7747 0.3004 0.9313
-1.0191 25.3878 0.4292 0.9033
-2.8848 25.6742 0.4364 0.9018
-4.2963 19.2530 0.3332 0.9241
-9.7084 20.8996 0.3893 0.9119
-10.9795 21.5743 0.4089 0.9077
-13.6277 22.6046 0.4458 0.8998
-14.6941 22.5057 0.4540 0.8981
-16.3765 23.2179 0.4799 0.8926
-19.8881 24.2907 0.5303 0.8820
-11.9443 12.6213 0.2935 0.9328
-33.3143 28.3630 0.7391 0.8394
-36.8588 29.1659 0.7939 0.8286
-31.0946 18.0464 0.6073 0.8660
-11.3456 -11.7270 0.2756 0.9368
-17.5516 -28.4006 0.5640 0.8750
-1.8489 -14.9665 0.2547 0.9415
0.6716 -32.5490 0.5499 0.8779
5.5295 -33.3773 0.5715 0.8734
9.5834 -34.3819 0.6029 0.8669
12.7256 -35.5664 0.6381 0.8597
7.7675 -17.6118 0.3251 0.9259
16.2066 -33.4421 0.6277 0.8619
17.9805 -33.9424 0.6488 0.8576
19.9096 -34.5293 0.6733 0.8526
24.4852 -39.1482 0.7800 0.8313
26.9490 -39.8332 0.8124 0.8250
49.5706 -5.7117 0.8429 0.8190
42.2660 5.8048 0.7207 0.8431
39.0121 6.7920 0.6689 0.8535
36.1951 7.6489 0.6249 0.8624
32.9528 8.2090 0.5736 0.8730
32.8630 9.4510 0.5776 0.8721
28.4374 9.2952 0.5054 0.8872
21.6058 12.6950 0.4233 0.9046
17.1398 12.7318 0.3607 0.9181
15.9604 13.7369 0.3557 0.9192
6.6980 7.1543 0.1655 0.9616
12.3572 14.1867 0.3178 0.9275
11.1634 14.8439 0.3137 0.9284
7.3329 16.0104 0.2975 0.9320
5.5205 16.5566 0.2948 0.9326
4.9178 16.7269 0.2945 0.9326
6.1495 24.0768 0.4198 0.9054
4.2849 23.7776 0.4081 0.9079
2.5042 17.4655 0.2980 0.9318
1.2429 17.5678 0.2975 0.9320
0.6173 17.7581 0.3001 0.9314
-3.5257 19.3125 0.3316 0.9245
-4.2293 19.2326 0.3326 0.9242
-16.9956 30.8497 0.5950 0.8686
-13.5996 22.7168 0.4472 0.8995
-18.8755 24.9800 0.5289 0.8823
-21.4014 24.4571 0.5489 0.8781
-11.9060 12.6591 0.2936 0.9328
-30.0024 27.6309 0.6890 0.8494
-32.4759 27.8231 0.7223 0.8428
-36.8132 29.3156 0.7949 0.8284
-30.9489 18.0902 0.6055 0.8664
-39.8122 -20.5175 0.7566 0.8360
-42.2524 -25.7676 0.8360 0.8204
-37.4560 -24.7287 0.7582 0.8356
-38.2580 -29.4045 0.8151 0.8245
-11.4003 -11.7108 0.2761 0.9367
-2.7485 -13.7147 0.2363 0.9456
-0.8794 -16.1987 0.2740 0.9372
0.5763 -32.8623 0.5552 0.8768
5.4178 -33.3434 0.5706 0.8736
9.4583 -34.3439 0.6017 0.8672
11.1440 -35.4442 0.6276 0.8619
7.7086 -17.6257 0.3250 0.9259
17.8205 -33.8938 0.6468 0.8580
24.4299 -39.3300 0.7821 0.8309
26.4331 -23.5546 0.5981 0.8679
33.1577 8.1511 0.5768 0.8723
32.8332 9.3325 0.5766 0.8724
28.5925 9.2480 0.5076 0.8867
27.3079 9.9282 0.4908 0.8903
21.6918 11.6330 0.4158 0.9062
18.4546 12.6231 0.3777 0.9144
16.5933 13.1916 0.3581 0.9187
15.9159 13.6130 0.3538 0.9196
6.9834 6.8993 0.1658 0.9615
6.7188 7.1321 0.1655 0.9616
12.4184 14.1681 0.3182 0.9274
11.7196 14.3806 0.3134 0.9285
11.2228 14.8271 0.3141 0.9283
12.7229 21.2130 0.4178 0.9058
5.5725 16.5419 0.2949 0.9326
6.2232 24.0544 0.4197 0.9054
4.3566 23.7542 0.4079 0.9079
2.5568 17.4483 0.2979 0.9319
1.9424 17.6487 0.2999 0.9314
0.6717 17.7416 0.2999 0.9314
-0.8599 25.3359 0.4282 0.9036
-2.7186 25.6237 0.4353 0.9021
-2.7324 19.1691 0.3271 0.9255
-3.4601 19.2911 0.3311 0.9246
-4.1625 19.2123 0.3321 0.9244
-4.9514 19.4523 0.3391 0.9228
-5.8655 20.0107 0.3522 0.9200
-9.2784 27.9032 0.4967 0.8890
-8.6436 20.8622 0.3814 0.9136
-10.7842 21.5190 0.4066 0.9082
-16.8465 30.8043 0.5931 0.8690
-14.6150 22.6903 0.4559 0.8977
-15.8488 22.7677 0.4686 0.8950
-18.8363 25.0892 0.5299 0.8820
-19.5487 24.1800 0.5252 0.8830
-32.1626 27.7278 0.7173 0.8438
-36.6880 29.4020 0.7942 0.8285
-43.6277 -18.4964 0.8005 0.8273
-39.8191 -20.3652 0.7555 0.8362
-37.5756 -24.6410 0.7590 0.8355
-39.2409 -27.7963 0.8123 0.8250
-11.4552 -11.6946 0.2765 0.9366
-17.9366 -28.6259 0.5706 0.8736
1.1893 17.5833 -0.0992 0.9319
0.5628 17.7740 -0.1001 0.9313
-1.9331 25.3836 -0.1433 0.9032
-2.8847 25.6730 -0.1454 0.9018
-2.8414 19.0870 -0.1086 0.9257
-3.5910 19.3315 -0.1107 0.9244
-5.0907 19.4938 -0.1134 0.9226
-9.4898 27.9595 -0.1662 0.8886
-8.8183 20.9165 -0.1278 0.9132
-9.7079 20.8984 -0.1297 0.9119
-10.9779 21.5710 -0.1363 0.9077
-17.1098 30.8307 -0.1985 0.8685
-13.6287 22.6063 -0.1486 0.8998
-14.6943 22.5060 -0.1514 0.8981
-18.9156 24.8726 -0.1759 0.8825
-11.9308 12.6071 -0.0977 0.9329
-36.8591 29.1662 -0.2646 0.8286
-43.1961 -18.6298 -0.2649 0.8285
-39.8063 -20.6707 -0.2525 0.8358
-42.4809 -24.0327 -0.2748 0.8226
-17.5523 -28.4019 -0.1880 0.8750
-9.7322 -41.4581 -0.2398 0.8434
-1.7463 -14.1359 -0.0802 0.9446
-1.2135 -13.9089 -0.0786 0.9457
-0.7563 -14.7747 -0.0833 0.9425
-0.2438 -15.9774 -0.0900 0.9381
0.6716 -32.5480 -0.1833 0.8779
1.8247 -32.2518 -0.1819 0.8788
3.0224 -32.6161 -0.1844 0.8772
4.3040 -33.3650 -0.1894 0.8741
6.9274 -34.1630 -0.1963 0.8698
11.2782 -35.4866 -0.2096 0.8616
12.7263 -35.5683 -0.2127 0.8598
14.5499 -36.4820 -0.2211 0.8546
17.2539 -35.6033 -0.2227 0.8536
26.4782 -23.4482 -0.1992 0.8681
33.9608 -24.0978 -0.2344 0.8466
30.1178 -0.2126 -0.1696 0.8865
32.8641 9.4513 -0.1925 0.8722
28.4353 9.2945 -0.1684 0.8872
22.4595 11.1125 -0.1411 0.9046
21.5831 11.6609 -0.1381 0.9065
18.3692 12.6483 -0.1256 0.9147
17.1389 12.7312 -0.1202 0.9181
16.5134 13.2118 -0.1191 0.9189
15.9614 13.7377 -0.1186 0.9192
6.9305 6.8896 -0.0550 0.9617
12.3567 14.1860 -0.1059 0.9275
11.6598 14.3980 -0.1043 0.9286
10.4835 15.0339 -0.1032 0.9293
7.9396 15.8105 -0.0996 0.9317
5.5199 16.5548 -0.0982 0.9326
6.1492 24.0758 -0.1399 0.9054
4.2844 23.7749 -0.1360 0.9079
2.5039 17.4635 -0.0993 0.9319
1.2429 17.5670 -0.0992 0.9320
-0.9393 25.3588 -0.1429 0.9035
-2.8015 25.6477 -0.1453 0.9019
-2.7780 19.0664 -0.1085 0.9258
-4.2291 19.2317 -0.1109 0.9243
-5.9382 20.0288 -0.1176 0.9198
-8.7301 20.8878 -0.1275 0.9134
-16.9946 30.8478 -0.1983 0.8686
-14.6626 22.6101 -0.1517 0.8978
-15.9810 22.8067 -0.1568 0.8946
-18.8765 24.9814 -0.1763 0.8823
-19.7136 24.2302 -0.1759 0.8825
-21.3997 24.4552 -0.1829 0.8781
-26.1831 25.9103 -0.2074 0.8630
-30.9638 18.0989 -0.2019 0.8664
-43.3759 -18.5483 -0.2656 0.8280
-39.8132 -20.5180 -0.2522 0.8360
-36.8946 -22.5001 -0.2433 0.8413
-39.0633 -27.8524 -0.2701 0.8254
-38.2586 -29.4049 -0.2717 0.8245
-30.0664 -24.8743 -0.2197 0.8555
-17.6547 -28.3707 -0.1881 0.8749
-1.2587 -13.9281 -0.0787 0.9456
-0.7970 -14.6792 -0.0828 0.9429
0.5377 -30.6639 -0.1727 0.8845
1.7229 -32.2208 -0.1817 0.8789
5.4181 -33.3450 -0.1902 0.8736
6.8102 -34.1274 -0.1959 0.8701
11.1446 -35.4460 -0.2092 0.8619
12.5872 -35.5259 -0.2122 0.8601
17.0948 -35.5549 -0.2221 0.8540
18.9984 -36.1341 -0.2298 0.8493
22.0591 -38.5322 -0.2500 0.8373
24.4296 -39.3295 -0.2607 0.8309
26.4118 -23.5356 -0.1992 0.8680
33.9212 -24.2280 -0.2347 0.8464
30.2134 -0.3068 -0.1701 0.8862
39.7985 6.8020 -0.2273 0.8509
37.1790 7.7366 -0.2138 0.8591
33.1503 8.1493 -0.1922 0.8724
28.5904 9.2473 -0.1692 0.8867
27.3028 9.9263 -0.1636 0.8903
27.0468 10.9471 -0.1643 0.8898
22.5682 11.0794 -0.1415 0.9043
21.6884 11.6311 -0.1386 0.9062
27.6972 17.5205 -0.1845 0.8771
18.4520 12.6213 -0.1259 0.9145
17.2177 12.7072 -0.1205 0.9180
20.4975 18.8463 -0.1568 0.8946
6.7110 7.1238 -0.0551 0.9616
12.4178 14.1674 -0.1061 0.9274
11.2215 14.8254 -0.1047 0.9283
6.6678 15.9167 -0.0972 0.9333
5.5719 16.5401 -0.0983 0.9326
2.0915 7.0333 -0.0413 0.9711
6.2229 24.0534 -0.1399 0.9054
5.3675 24.3136 -0.1402 0.9052
4.3561 23.7515 -0.1360 0.9079
1.9421 17.6467 -0.1000 0.9314
1.2964 17.5508 -0.0991 0.9320
0.6717 17.7408 -0.1000 0.9314
-0.8598 25.3329 -0.1427 0.9036
-1.7928 25.6371 -0.1447 0.9023
-3.4596 19.2887 -0.1103 0.9246
-8.6424 20.8591 -0.1271 0.9136
-9.5257 20.8430 -0.1290 0.9124
-16.8455 30.8025 -0.1977 0.8690
-13.5723 22.8312 -0.1495 0.8992
-14.6125 22.6863 -0.1519 0.8977
-18.8373 25.0906 -0.1766 0.8821
-19.5447 24.1751 -0.1750 0.8831
-11.8542 12.6825 -0.0977 0.9329
-30.8189 18.1424 -0.2013 0.8667
-43.3042 -18.3592 -0.2648 0.8285
-39.8201 -20.3657 -0.2518 0.8362
-36.8482 -22.3156 -0.2425 0.8417
-37.5773 -24.6421 -0.2530 0.8355
-11.4463 -11.6855 -0.0921 0.9367
-0.0773 18.2525 -0.5140 0.9296
-1.9330 25.3824 -0.7168 0.9032
-2.8845 25.6719 -0.7274 0.9018
-2.8410 19.0847 -0.5433 0.9257
-3.5906 19.3291 -0.5536 0.9243
-4.2959 19.2511 -0.5554 0.9241
-5.0904 19.4928 -0.5673 0.9225
-8.1810 27.2830 -0.8020 0.8923
-9.4885 27.9558 -0.8313 0.8886
-10.9762 21.5678 -0.6814 0.9077
-17.1110 30.8329 -0.9929 0.8684
-13.6297 22.6079 -0.7433 0.8998
-14.6944 22.5063 -0.7568 0.8980
-33.2966 28.3479 -1.2313 0.8395
-36.8595 29.1665 -1.3235 0.8285
-43.1989 -18.6310 -1.3247 0.8284
-39.8074 -20.6712 -1.2630 0.8357
-42.4833 -24.0341 -1.3744 0.8226
-42.4169 -26.0484 -1.4016 0.8194
-38.8864 -27.9083 -1.3478 0.8257
-11.3280 -11.7089 -0.4587 0.9369
-2.1337 -41.6856 -1.1753 0.8462
-0.2443 -16.0143 -0.4510 0.9379
1.8248 -32.2532 -0.9096 0.8787
5.5300 -33.3805 -0.9527 0.8734
9.7512 -34.9841 -1.0226 0.8647
12.7270 -35.5701 -1.0638 0.8597
7.7466 -17.5643 -0.5405 0.9261
19.1701 -36.1881 -1.1531 0.8488
29.0002 -39.7164 -1.3847 0.8214
33.9605 -24.0976 -1.1725 0.8465
48.5529 4.9009 -1.3741 0.8226
45.6853 6.2744 -1.2985 0.8315
36.9426 7.8068 -1.0632 0.8598
32.9381 8.2054 -0.9558 0.8730
28.4332 9.2938 -0.8423 0.8872
27.1502 9.9661 -0.8144 0.8907
27.0750 11.0563 -0.8235 0.8896
24.1385 10.8833 -0.7456 0.8995
22.4581 11.1118 -0.7055 0.9046
21.5797 11.6590 -0.6907 0.9065
18.3667 12.6466 -0.6279 0.9146
17.1380 12.7305 -0.6011 0.9181
16.5112 13.2100 -0.5954 0.9189
15.9624 13.7386 -0.5930 0.9192
6.6824 7.1377 -0.2753 0.9616
11.6593 14.3974 -0.5217 0.9285
11.1608 14.8404 -0.5229 0.9284
12.6438 21.2297 -0.6958 0.9059
12.1855 22.2383 -0.7140 0.9035
7.9387 15.8087 -0.4981 0.9317
6.6161 15.9317 -0.4857 0.9333
6.1490 24.0748 -0.6997 0.9054
5.2933 24.3351 -0.7012 0.9051
2.5036 17.4616 -0.4967 0.9318
1.8885 17.6622 -0.5002 0.9314
1.2428 17.5663 -0.4959 0.9320
0.6172 17.7566 -0.5003 0.9314
-1.8599 25.4639 -0.7189 0.9029
-3.5248 19.3076 -0.5526 0.9245
-4.2289 19.2307 -0.5544 0.9242
-5.0205 19.4716 -0.5662 0.9227
-9.3820 27.9257 -0.8295 0.8888
-8.0507 21.3885 -0.6435 0.9126
-8.7288 20.8847 -0.6374 0.9134
-9.6160 20.8694 -0.6470 0.9122
-16.9935 30.8459 -0.9916 0.8686
-14.6628 22.6104 -0.7588 0.8978
-18.8776 24.9828 -0.8817 0.8822
-21.3980 24.4532 -0.9149 0.8781
-30.0059 27.6342 -1.1486 0.8494
-36.8140 29.3162 -1.3252 0.8284
-17.0303 12.5904 -0.5964 0.9187
-30.9788 18.1076 -1.0104 0.8662
-39.8142 -20.5186 -1.2612 0.8359
-36.9295 -22.5214 -1.2180 0.8411
-37.4595 -24.7310 -1.2639 0.8356
-30.0662 -24.8742 -1.0988 0.8554
-1.7934 -14.1564 -0.4018 0.9445
-1.2587 -13.9285 -0.3938 0.9456
-0.7019 -38.2412 -1.0770 0.8581
0.5379 -30.6750 -0.8639 0.8845
9.6240 -34.9454 -1.0206 0.8650
11.1452 -35.4478 -1.0463 0.8618
14.4020 -36.4387 -1.1033 0.8549
7.6878 -17.5782 -0.5402 0.9261
17.0957 -35.5569 -1.1109 0.8540
18.9995 -36.1362 -1.1496 0.8493
22.0588 -38.5317 -1.2502 0.8372
24.4293 -39.3291 -1.3037 0.8309
26.8518 -39.9556 -1.3556 0.8248
49.3277 -5.8385 -1.3987 0.8197
30.2178 -0.3069 -0.8509 0.8861
48.5046 4.7444 -1.3723 0.8228
39.7981 6.8019 -1.1369 0.8508
32.8354 9.3331 -0.9612 0.8723
24.2546 10.8454 -0.7481 0.8991
21.6849 11.6293 -0.6929 0.9062
27.6957 17.5195 -0.9228 0.8771
17.2168 12.7065 -0.6025 0.9179
11.7185 14.3793 -0.5223 0.9285
11.2202 14.8236 -0.5235 0.9283
10.5401 15.0158 -0.5166 0.9292
13.4498 20.7028 -0.6952 0.9059
12.7200 21.2081 -0.6963 0.9058
12.2623 22.2150 -0.7145 0.9034
7.9913 15.7915 -0.4983 0.9316
7.3835 15.9898 -0.4959 0.9319
6.6675 15.9160 -0.4859 0.9333
6.0739 16.0966 -0.4844 0.9335
5.5713 16.5382 -0.4914 0.9325
2.0910 7.0315 -0.2066 0.9711
5.3672 24.3126 -0.7011 0.9052
-1.7926 25.6341 -0.7236 0.9023
-2.7183 25.6213 -0.7255 0.9020
-3.4592 19.2863 -0.5517 0.9246
-5.8640 20.0055 -0.5870 0.9200
-9.2759 27.8957 -0.8278 0.8890
-8.0136 21.4915 -0.6459 0.9123
-8.6411 20.8561 -0.6357 0.9136
-10.7810 21.5126 -0.6776 0.9082
-13.5732 22.8328 -0.7480 0.8992
-18.8384 25.0920 -0.8835 0.8820
-19.5407 24.1702 -0.8752 0.8830
-21.2168 24.3981 -0.9104 0.8786
-11.8408 12.6682 -0.4883 0.9330
-25.9481 25.8372 -1.0311 0.8637
-29.9708 27.7738 -1.1506 0.8492
-30.8337 18.1511 -1.0075 0.8666
-31.2598 -4.7176 -0.8902 0.8812
-43.3102 -18.3618 -1.3246 0.8284
-39.8211 -20.3662 -1.2594 0.8361
-42.8849 -23.9120 -1.3826 0.8216
-36.8604 -22.3230 -1.2134 0.8416
-37.5790 -24.6432 -1.2654 0.8354
-38.1847 -29.1606 -1.3529 0.8251
-11.4374 -11.6765 -0.4602 0.9367
-17.9379 -28.6279 -0.9513 0.8736
1.1892 17.5818 -0.8937 0.9319
0.5627 17.7724 -0.9018 0.9313
-0.0773 18.2504 -0.9256 0.9295
-1.0188 25.3788 -1.2881 0.9033
-1.9329 25.3812 -1.2909 0.9031
-2.8844 25.6707 -1.3101 0.9017
-2.8407 19.0823 -0.9784 0.9256
-3.5901 19.3267 -0.9969 0.9243
-5.0902 19.4919 -1.0217 0.9225
-9.4872 27.9520 -1.4970 0.8885
-8.0850 21.2797 -1.1545 0.9129
-9.7068 20.8960 -1.1685 0.9118
-17.0710 30.7608 -1.7841 0.8686
-13.6307 22.6096 -1.3389 0.8997
-11.6970 13.2839 -0.8976 0.9316
-26.4138 25.9772 -1.8788 0.8621
-36.5425 28.9156 -2.3632 0.8297
-29.8600 18.7935 -1.7893 0.8682
-30.1641 17.5064 -1.7687 0.8696
-40.8377 21.7810 -2.3472 0.8308
-41.5365 20.2743 -2.3440 0.8310
-44.9126 19.9600 -2.4925 0.8213
-45.5384 18.3110 -2.4892 0.8215
-46.6099 14.9584 -2.4825 0.8220
-47.0546 13.2590 -2.4793 0.8222
-47.4379 11.5471 -2.4760 0.8224
-47.7602 9.8250 -2.4728 0.8226
-48.0209 8.0948 -2.4697 0.8228
-48.2198 6.3587 -2.4666 0.8230
-48.3572 4.6188 -2.4636 0.8232
-48.4329 2.8774 -2.4606 0.8234
-26.6314 -3.2137 -1.3604 0.8981
-24.7948 -3.8991 -1.2729 0.9044
-24.5382 -4.7666 -1.2677 0.9047
-36.1021 -8.3674 -1.8794 0.8621
-43.9254 -11.8563 -2.3074 0.8334
-43.5285 -13.4422 -2.3104 0.8332
-29.6846 -10.3474 -1.5943 0.8817
-20.8927 -8.1346 -1.1370 0.9141
-41.9909 -18.1100 -2.3191 0.8326
-39.8084 -20.6717 -2.2748 0.8356
-39.1540 -24.0447 -2.3302 0.8319
-37.3419 -24.8197 -2.2739 0.8356
-37.4107 -26.8492 -2.3353 0.8316
-36.4618 -28.2039 -2.3378 0.8314
-11.3193 -11.6999 -0.8256 0.9369
-25.0831 -27.8609 -1.9012 0.8606
-20.7136 -24.7377 -1.6363 0.8788
-18.8154 -24.1830 -1.5539 0.8845
-14.6371 -25.7034 -1.5001 0.8883
-11.9710 -25.0441 -1.4077 0.8948
-11.1179 -25.5799 -1.4145 0.8943
-15.4737 -43.9908 -2.3649 0.8296
-13.8901 -44.5325 -2.3657 0.8296
-12.2869 -45.0151 -2.3664 0.8295
-9.0311 -45.8000 -2.3674 0.8295
-7.3830 -46.1010 -2.3678 0.8294
-1.7464 -14.1368 -0.7224 0.9445
-2.1282 -41.5778 -2.1113 0.8464
-0.2443 -16.0148 -0.8123 0.9379
0.6199 -30.0441 -1.5240 0.8866
3.0227 -32.6191 -1.6613 0.8770
4.3044 -33.3681 -1.7063 0.8739
5.5303 -33.3821 -1.7160 0.8733
6.9280 -34.1663 -1.7680 0.8697
8.3160 -34.5886 -1.8041 0.8672
11.2611 -35.4328 -1.8855 0.8616
12.7068 -35.5137 -1.9129 0.8598
14.5279 -36.4267 -1.9889 0.8546
7.7361 -17.5406 -0.9722 0.9261
17.2559 -35.6074 -2.0067 0.8534
22.0889 -38.3088 -2.2426 0.8377
18.4461 -25.2623 -1.5863 0.8822
29.8429 -35.2537 -2.3424 0.8311
32.2308 -32.9581 -2.3378 0.8314
25.3741 -24.1492 -1.7765 0.8691
23.6700 -18.1067 -1.5113 0.8875
38.6212 -25.3718 -2.3435 0.8310
42.0667 -25.5231 -2.4953 0.8211
43.9669 -22.5321 -2.5055 0.8205
45.5936 -19.3738 -2.5123 0.8200
47.6036 -14.4209 -2.5225 0.8194
48.1547 -12.7206 -2.5259 0.8192
48.6443 -10.9992 -2.5292 0.8189
46.4289 -7.0457 -2.3816 0.8285
46.7117 -5.3823 -2.3846 0.8283
46.9340 -3.7075 -2.3876 0.8281
47.0953 -2.0237 -2.3906 0.8280
30.1266 -0.2126 -1.5279 0.8863
47.2097 3.0594 -2.3992 0.8274
46.9497 4.7391 -2.3931 0.8278
34.9093 7.3772 -1.8095 0.8668
32.8037 9.4340 -1.7310 0.8722
27.0760 11.0567 -1.4832 0.8895
22.4568 11.1111 -1.2706 0.9045
27.5663 17.5574 -1.6575 0.8773
17.1370 12.7298 -1.0826 0.9181
16.5089 13.2082 -1.0722 0.9188
20.3984 18.8722 -1.4093 0.8947
6.9144 6.8736 -0.4944 0.9617
11.6587 14.3967 -0.9395 0.9285
11.1595 14.8387 -0.9416 0.9283
12.6423 21.2272 -1.2530 0.9058
12.1850 22.2374 -1.2860 0.9034
7.3305 16.0050 -0.8928 0.9319
5.5186 16.5511 -0.8848 0.9325
4.9162 16.7213 -0.8839 0.9326
6.1487 24.0738 -1.2601 0.9053
5.2930 24.3341 -1.2629 0.9051
2.5033 17.4596 -0.8945 0.9318
0.6172 17.7558 -0.9010 0.9313
-0.0208 18.2344 -0.9247 0.9296
-0.9391 25.3528 -1.2866 0.9034
-2.8012 25.6454 -1.3083 0.9018
-5.0203 19.4706 -1.0197 0.9226
-9.3807 27.9220 -1.4938 0.8887
-8.0512 21.3899 -1.1591 0.9125
-10.8767 21.5369 -1.2236 0.9079
-13.6025 22.7217 -1.3430 0.8994
-14.6630 22.6106 -1.3667 0.8977
-18.8787 24.9843 -1.5881 0.8821
-19.7055 24.2202 -1.5835 0.8824
-21.3963 24.4512 -1.6477 0.8780
-26.1783 25.9056 -1.8677 0.8629
-29.9599 27.5918 -2.0656 0.8495
-32.4657 27.8143 -2.1681 0.8426
-36.4571 29.0320 -2.3635 0.8297
-44.8559 20.1013 -2.4928 0.8213
-45.4869 18.4541 -2.4894 0.8215
-48.0008 8.2443 -2.4700 0.8228
-48.4288 3.0276 -2.4608 0.8234
-48.3066 1.2828 -2.4507 0.8240
-45.2118 -3.6752 -2.3004 0.8339
-26.8142 -3.1515 -1.3692 0.8975
-24.9169 -3.8393 -1.2786 0.9040
-36.1946 -8.2709 -1.8829 0.8618
-43.9571 -11.7190 -2.3071 0.8334
-20.8746 -8.0532 -1.1347 0.9143
-42.0424 -17.9781 -2.3189 0.8327
-41.4207 -19.4987 -2.3217 0.8325
-39.8152 -20.5191 -2.2716 0.8358
-27.1646 -15.2570 -1.5801 0.8827
-39.2245 -23.9210 -2.3300 0.8319
-37.4902 -26.7308 -2.3351 0.8316
-36.5457 -28.0884 -2.3376 0.8314
-30.0159 -24.8326 -1.9757 0.8555
-33.4151 -31.9474 -2.3445 0.8310
-25.0039 -27.6006 -1.8887 0.8614
-20.9175 -24.8245 -1.6463 0.8781
-18.9412 -24.1898 -1.5581 0.8842
-16.4959 -24.5027 -1.4980 0.8884
-15.5610 -25.0061 -1.4937 0.8887
-14.0312 -26.6337 -1.5267 0.8864
-11.2008 -25.5539 -1.4150 0.8943
-13.2719 -33.4992 -1.8274 0.8656
-15.6093 -43.9413 -2.3649 0.8296
-9.8681 -41.4595 -2.1613 0.8431
-1.7934 -14.1568 -0.7237 0.9444
-1.2587 -13.9290 -0.7093 0.9455
-2.2612 -41.6487 -2.1153 0.8462
-0.5558 -30.2838 -1.5361 0.8858
0.5258 -29.9835 -1.5208 0.8868
4.1952 -33.3348 -1.7039 0.8741
5.4186 -33.3481 -1.7134 0.8734
6.8109 -34.1307 -1.7650 0.8699
8.1022 -34.1646 -1.7807 0.8688
11.1277 -35.3922 -1.8815 0.8619
12.5679 -35.4715 -1.9085 0.8601
14.3795 -36.3816 -1.9840 0.8550
22.0246 -38.4720 -2.2482 0.8373
24.4591 -39.3770 -2.3509 0.8306
19.2860 -24.6717 -1.5881 0.8821
32.1314 -33.0606 -2.3380 0.8314
21.7598 -19.3903 -1.4781 0.8898
21.8233 -18.0848 -1.4374 0.8927
35.7722 -25.5500 -2.2294 0.8386
41.9442 -25.6267 -2.4928 0.8213
42.9918 -24.1926 -2.5018 0.8207
44.7377 -21.1048 -2.5086 0.8203
47.5533 -14.5665 -2.5222 0.8194
48.1095 -12.8682 -2.5256 0.8192
48.6046 -11.1485 -2.5290 0.8190
49.0376 -9.4099 -2.5323 0.8187
46.6896 -5.5263 -2.3844 0.8284
30.2223 -0.3069 -1.5328 0.8860
46.9596 4.5933 -2.3929 0.8278
39.2628 6.7104 -2.0201 0.8525
33.0228 8.1180 -1.7246 0.8727
32.7733 9.3154 -1.7279 0.8724
27.0487 10.9479 -1.4799 0.8897
22.5654 11.0781 -1.2749 0.9042
21.6815 11.6274 -1.2477 0.9062
27.6941 17.5185 -1.6619 0.8770
18.4469 12.6178 -1.1334 0.9144
16.5865 13.1862 -1.0746 0.9186
15.9191 13.6158 -1.0623 0.9195
6.9351 6.8516 -0.4944 0.9617
11.7180 14.3787 -0.9407 0.9284
11.2189 14.8219 -0.9427 0.9283
12.7186 21.2057 -1.2540 0.9057
12.2618 22.2140 -1.2868 0.9034
7.3827 15.9880 -0.8931 0.9319
6.6672 15.9154 -0.8751 0.9332
2.0905 7.0298 -0.3719 0.9711
6.2224 24.0514 -1.2599 0.9053
4.3551 23.7462 -1.2244 0.9078
1.9417 17.6428 -0.9001 0.9314
1.2963 17.5493 -0.8924 0.9319
0.6716 17.7393 -0.9003 0.9314
0.0356 18.2185 -0.9239 0.9296
-0.8596 25.3269 -1.2852 0.9035
-1.7923 25.6310 -1.3030 0.9022
-2.7182 25.6201 -1.3066 0.9020
-2.7335 19.1770 -0.9824 0.9254
-3.4588 19.2838 -0.9936 0.9245
-4.1619 19.2095 -0.9968 0.9243
-4.9506 19.4494 -1.0178 0.9228
-9.2747 27.8920 -1.4907 0.8889
-8.0142 21.4931 -1.1633 0.9122
-10.7794 21.5094 -1.2201 0.9081
-16.8434 30.7987 -1.7803 0.8688
-19.5368 24.1652 -1.5759 0.8830
-11.8274 12.6538 -0.8784 0.9330
-25.9457 25.8348 -1.8568 0.8636
-29.9243 27.7307 -2.0690 0.8493
-36.3711 29.1481 -2.3638 0.8297
-29.8069 19.0187 -1.7931 0.8680
-36.3923 18.0432 -2.0600 0.8499
-45.4348 18.5970 -2.4897 0.8215
-46.5270 15.2502 -2.4831 0.8219
-47.3762 11.8433 -2.4766 0.8224
-47.7090 10.1228 -2.4734 0.8226
-47.9803 8.3938 -2.4702 0.8228
-48.3380 4.9191 -2.4641 0.8232
-48.4244 3.1778 -2.4611 0.8234
-45.4673 -0.2838 -2.3059 0.8335
-45.2274 -3.5354 -2.3007 0.8339
-45.0222 -5.1502 -2.2982 0.8340
-24.4995 -4.6019 -1.2642 0.9050
-36.4176 -8.2033 -1.8932 0.8611
-43.9881 -11.5815 -2.3068 0.8334
-43.6012 -13.1695 -2.3099 0.8333
-29.7332 -10.1584 -1.5935 0.8818
-42.0934 -17.8459 -2.3187 0.8327
-41.4765 -19.3683 -2.3215 0.8325
-40.0766 -22.3460 -2.3271 0.8321
-37.3033 -22.5913 -2.2117 0.8397
-37.5808 -24.6444 -2.2791 0.8353
-34.5984 -30.5886 -2.3420 0.8311
-24.9257 -27.3436 -1.8764 0.8623
-21.1304 -24.9202 -1.6570 0.8773
-19.0677 -24.1966 -1.5623 0.8839
-17.6626 -24.1478 -1.5173 0.8871
-16.5875 -24.4748 -1.4994 0.8883
-15.6341 -24.9512 -1.4933 0.8888
-14.7834 -25.5904 -1.4988 0.8884
-14.0893 -26.5445 -1.5241 0.8866
-11.2838 -25.5278 -1.4155 0.8942
-13.3702 -33.4444 -1.8266 0.8657
-15.7448 -43.8913 -2.3648 0.8296
-14.1648 -44.4432 -2.3656 0.8296
-12.5648 -44.9361 -2.3663 0.8295
-10.9472 -45.3693 -2.3669 0.8295
0.5627 17.7716 -1.3037 0.9312
-0.0773 18.2483 -1.3380 0.9294
-1.9328 25.3801 -1.8663 0.9030
-3.5896 19.3242 -1.4411 0.9242
-5.0899 19.4909 -1.4770 0.9224
-9.4642 27.8843 -2.1591 0.8886
-9.7062 20.8948 -1.6893 0.9117
-10.9374 21.4916 -1.7681 0.9078
-15.7642 28.4074 -2.3821 0.8778
-14.6948 22.5068 -1.9708 0.8978
-19.8040 24.1879 -2.2921 0.8822
-11.6627 13.2449 -1.2940 0.9317
-24.5196 20.8754 -2.3611 0.8788
-17.0404 12.5165 -1.5503 0.9187
-27.1517 17.0890 -2.3523 0.8793
-27.7213 16.0886 -2.3501 0.8794
-28.4239 15.1601 -2.3620 0.8788
-30.6120 14.9419 -2.4976 0.8723
-32.6357 9.1960 -2.4861 0.8729
-32.9149 8.0120 -2.4839 0.8730
-33.3454 5.6210 -2.4794 0.8732
-33.4964 4.4171 -2.4773 0.8733
-33.6696 2.0003 -2.4731 0.8735
-33.6918 0.7903 -2.4710 0.8736
-33.6710 -0.4187 -2.4690 0.8737
-33.6077 -1.6251 -2.4671 0.8738
-33.4564 -2.8239 -2.4618 0.8740
-24.1360 -4.6885 -1.8028 0.9061
-29.3842 -6.8104 -2.2116 0.8861
-30.3757 -8.1990 -2.3069 0.8814
-28.4483 -13.4997 -2.3088 0.8814
-23.6352 -12.2733 -1.9527 0.8987
-26.9651 -15.2550 -2.2716 0.8832
-25.6830 -18.4324 -2.3179 0.8809
-24.3300 -20.2557 -2.3212 0.8808
-23.6038 -21.1301 -2.3228 0.8807
-22.8452 -21.9776 -2.3243 0.8806
-20.3890 -24.3500 -2.3286 0.8804
-16.4052 -24.5316 -2.1638 0.8884
-4.4261 -10.1835 -0.8142 0.9564
-9.4977 -30.4503 -2.3388 0.8799
-6.1739 -31.3100 -2.3399 0.8799
-5.0470 -31.5146 -2.3402 0.8798
-1.2154 -13.9305 -1.0253 0.9455
-0.8317 -16.2487 -1.1929 0.9368
1.8026 -31.8612 -2.3399 0.8799
1.8469 -19.9308 -1.4676 0.9229
7.4524 -30.9965 -2.3375 0.8800
7.5678 -21.1508 -1.6471 0.9138
7.7257 -17.5169 -1.4037 0.9261
13.2498 -22.9791 -1.9449 0.8991
17.7860 -26.2895 -2.3273 0.8805
19.6163 -24.9347 -2.3262 0.8805
20.5161 -24.2359 -2.3282 0.8804
21.3913 -23.5050 -2.3303 0.8803
23.5883 -18.0442 -2.1776 0.8877
29.1454 -17.6834 -2.4996 0.8722
29.7892 -16.6420 -2.5019 0.8721
30.3956 -15.5771 -2.5043 0.8720
31.4936 -13.3824 -2.5090 0.8718
31.9835 -12.2553 -2.5114 0.8716
32.4328 -11.1103 -2.5137 0.8715
33.5313 -7.5819 -2.5207 0.8712
34.0499 -5.1672 -2.5252 0.8710
32.3004 -2.5516 -2.3757 0.8781
32.4411 2.1023 -2.3836 0.8778
32.3703 3.2675 -2.3855 0.8777
32.2571 4.4302 -2.3874 0.8776
32.1015 5.5889 -2.3892 0.8775
31.6636 7.8878 -2.3926 0.8773
28.4290 9.2924 -2.1930 0.8870
27.0497 9.9292 -2.1127 0.8909
27.0113 11.0303 -2.1393 0.8896
24.0532 10.8448 -1.9346 0.8996
18.3615 12.6430 -1.6346 0.9145
16.5067 13.2064 -1.5500 0.9187
15.9646 13.7405 -1.5444 0.9190
6.9064 6.8657 -0.7140 0.9617
6.6669 7.1211 -0.7152 0.9616
12.3550 14.1840 -1.3792 0.9273
10.4798 15.0286 -1.3434 0.9292
13.3726 20.7241 -1.8084 0.9058
12.6109 21.1745 -1.8071 0.9059
7.3297 16.0033 -1.2906 0.9318
5.5180 16.5493 -1.2791 0.9324
4.9157 16.7195 -1.2778 0.9325
6.1484 24.0728 -1.8217 0.9052
5.2928 24.3330 -1.8259 0.9050
4.2728 23.7108 -1.7665 0.9079
-0.0208 18.2323 -1.3368 0.9295
-0.9368 25.2907 -1.8556 0.9035
-2.7770 19.0593 -1.4122 0.9257
-5.9359 20.0210 -1.5311 0.9197
-10.8397 21.4636 -1.7631 0.9081
-15.6774 28.4579 -2.3822 0.8778
-13.5619 22.6539 -1.9359 0.8995
-14.6631 22.6109 -1.9760 0.8976
-19.6350 24.1336 -2.2812 0.8827
-11.8522 12.6019 -1.2685 0.9330
-22.9336 22.6946 -2.3657 0.8786
-23.7113 21.8371 -2.3635 0.8787
-26.4922 18.1527 -2.3547 0.8791
-27.1009 17.1743 -2.3525 0.8793
-31.0588 13.9184 -2.4955 0.8724
-31.5088 12.7832 -2.4932 0.8725
-31.9175 11.6337 -2.4909 0.8726
-32.2846 10.4713 -2.4886 0.8727
-32.6097 9.2977 -2.4863 0.8728
-32.8925 8.1145 -2.4841 0.8729
-33.1328 6.9229 -2.4818 0.8731
-33.3304 5.7246 -2.4796 0.8732
-33.5968 3.3140 -2.4753 0.8734
-33.6916 0.8947 -2.4712 0.8736
-33.6745 -0.3144 -2.4692 0.8737
-33.6148 -1.5212 -2.4672 0.8738
-24.3681 -3.7547 -1.8078 0.9058
-29.7527 -7.9321 -2.2577 0.8838
-30.0727 -9.1850 -2.3056 0.8815
-23.6362 -12.1811 -1.9497 0.8988
-26.9528 -15.1381 -2.2666 0.8834
-25.7383 -18.3516 -2.3178 0.8809
-24.3911 -20.1791 -2.3211 0.8808
-11.3650 -11.6746 -1.1946 0.9367
-21.3087 -23.5216 -2.3271 0.8805
-17.5696 -24.1774 -2.1914 0.8870
-16.4966 -24.5038 -2.1659 0.8883
-14.7103 -25.6469 -2.1679 0.8882
-4.4560 -10.1659 -0.8138 0.9565
-4.1467 -10.4666 -0.8255 0.9559
-10.6745 -30.0495 -2.3382 0.8799
-9.5918 -30.4202 -2.3387 0.8799
-6.2707 -31.2905 -2.3399 0.8799
-5.1446 -31.4985 -2.3401 0.8798
-0.8820 -16.2455 -1.1929 0.9368
-0.3036 -16.5437 -1.2132 0.9358
0.5596 -31.9108 -2.3401 0.8798
2.8458 -31.7811 -2.3396 0.8799
3.9836 -31.6532 -2.3392 0.8799
5.1156 -31.4835 -2.3387 0.8799
6.2405 -31.2724 -2.3382 0.8799
7.3565 -31.0201 -2.3375 0.8800
8.4622 -30.7271 -2.3369 0.8800
6.6436 -21.1301 -1.6241 0.9150
7.4632 -21.0639 -1.6385 0.9143
11.7022 -29.6078 -2.3343 0.8801
16.7582 -26.9792 -2.3287 0.8804
17.7055 -26.3458 -2.3274 0.8805
18.6283 -25.6784 -2.3261 0.8805
20.4395 -24.2976 -2.3281 0.8804
21.3168 -23.5693 -2.3301 0.8803
22.1685 -22.8096 -2.3322 0.8802
23.3414 -17.9702 -2.1599 0.8886
29.7351 -16.7328 -2.5017 0.8721
30.3448 -15.6699 -2.5041 0.8720
32.3957 -11.2098 -2.5135 0.8715
32.8074 -10.0496 -2.5158 0.8714
33.5051 -7.6851 -2.5205 0.8712
33.7897 -6.4839 -2.5227 0.8711
34.0310 -5.2721 -2.5250 0.8710
34.2157 -4.0498 -2.5263 0.8709
32.2900 -2.6514 -2.3755 0.8781
25.8444 -0.2625 -1.8951 0.9015
29.4895 0.7590 -2.1629 0.8884
32.4452 2.0017 -2.3835 0.8778
32.3781 3.1670 -2.3854 0.8777
31.4076 8.9273 -2.3941 0.8773
21.5129 12.5510 -1.8262 0.9049
17.2150 12.7052 -1.5688 0.9178
15.9201 13.6167 -1.5360 0.9194
6.6876 7.0990 -0.7151 0.9616
12.4161 14.1654 -1.3812 0.9272
10.5377 15.0123 -1.3448 0.9291
12.2612 22.2131 -1.8604 0.9032
7.9896 15.7880 -1.2974 0.9315
7.3818 15.9862 -1.2911 0.9318
6.0734 16.0952 -1.2614 0.9333
5.5701 16.5346 -1.2793 0.9324
2.0900 7.0281 -0.5376 0.9710
2.5557 17.4405 -1.2924 0.9317
0.6716 17.7385 -1.3016 0.9313
-0.8575 25.2652 -1.8536 0.9036
-1.7877 25.5646 -1.8790 0.9023
-3.4583 19.2814 -1.4363 0.9244
-4.0632 18.7539 -1.4070 0.9259
-5.8625 20.0002 -1.5282 0.9198
-9.2519 27.8234 -2.1499 0.8891
-7.9831 21.4098 -1.6754 0.9124
-9.5241 20.8394 -1.6800 0.9122
-10.7424 21.4358 -1.7580 0.9083
-13.5332 22.7656 -1.9419 0.8992
-14.5545 22.5964 -1.9708 0.8978
-18.7997 25.0405 -2.2959 0.8820
-21.2119 24.3924 -2.3702 0.8784
-11.8140 12.6395 -1.2686 0.9330
-24.3938 21.0302 -2.3615 0.8788
-25.7909 19.1909 -2.3571 0.8790
-26.4380 18.2361 -2.3549 0.8791
-27.0499 17.2596 -2.3527 0.8792
-27.6256 16.2626 -2.3505 0.8794
-31.0181 14.0156 -2.4957 0.8724
-31.4716 12.8817 -2.4934 0.8725
-31.8839 11.7333 -2.4911 0.8726
-33.1138 7.0260 -2.4820 0.8730
-33.3150 5.8282 -2.4798 0.8732
-33.6777 -0.2102 -2.4694 0.8737
-33.5181 -2.6201 -2.4651 0.8739
-24.4827 -3.6948 -1.8155 0.9055
-24.0971 -4.5263 -1.7978 0.9063
-29.3163 -6.6037 -2.2034 0.8865
-30.1027 -9.0924 -2.3057 0.8815
-20.8296 -7.9619 -1.6350 0.9144
-28.9625 -12.2789 -2.3066 0.8815
-23.6477 -12.0945 -1.9475 0.8989
-27.0800 -15.0994 -2.2734 0.8831
-26.9961 -16.3491 -2.3141 0.8811
-26.4123 -17.3204 -2.3159 0.8810
-25.7933 -18.2707 -2.3176 0.8809
-19.0686 -24.1978 -2.2589 0.8838
-15.6348 -24.9523 -2.1590 0.8886
-14.7840 -25.5915 -2.1670 0.8882
-5.2894 -9.9653 -0.8272 0.9558
-4.8573 -10.0021 -0.8153 0.9564
-4.4871 -10.1514 -0.8138 0.9565
-4.1708 -10.4330 -0.8238 0.9559
-3.9262 -10.9450 -0.8526 0.9544
-7.4843 -31.0177 -2.3396 0.8799
1.1891 17.5803 -1.6916 0.9316
0.5627 17.7708 -1.7069 0.9310
-0.0770 18.1867 -1.7460 0.9295
-0.9986 24.8757 -2.3901 0.9048
-1.8897 24.8141 -2.3892 0.9048
-8.0503 21.1881 -2.1760 0.9129
-8.7836 20.8343 -2.1707 0.9131
-9.7057 20.8936 -2.2118 0.9116
-10.9358 21.4884 -2.3148 0.9077
-12.0003 21.6239 -2.3743 0.9054
-13.5030 20.6815 -2.3713 0.9055
-15.6161 19.0730 -2.3666 0.9057
-17.5389 17.2490 -2.3617 0.9059
-18.1338 16.5970 -2.3600 0.9059
-19.2500 15.2323 -2.3567 0.9061
-16.9506 12.4506 -2.0192 0.9190
-19.4899 13.2662 -2.2635 0.9096
-20.7306 13.0476 -2.3516 0.9063
-22.9800 12.2565 -2.5004 0.9006
-23.3881 11.4159 -2.4986 0.9007
-24.1121 9.6955 -2.4950 0.9008
-24.4271 8.8179 -2.4932 0.9009
-25.1804 6.1293 -2.4880 0.9011
-25.3668 5.2183 -2.4863 0.9012
-25.6412 3.3813 -2.4830 0.9013
-25.7841 1.5318 -2.4798 0.9014
-25.8061 0.6053 -2.4782 0.9015
-25.7513 -1.2452 -2.4751 0.9016
-25.6748 -2.1671 -2.4737 0.9016
-25.4242 -3.9981 -2.4708 0.9017
-25.2505 -4.9050 -2.4695 0.9018
-24.5702 -5.6947 -2.4214 0.9036
-23.2985 -6.2887 -2.3168 0.9076
-23.0464 -7.1170 -2.3157 0.9076
-20.9399 -11.8463 -2.3097 0.9078
-20.4942 -12.5856 -2.3089 0.9079
-20.0228 -13.3084 -2.3082 0.9079
-19.5390 -14.0229 -2.3089 0.9079
-17.8672 -13.8206 -2.1686 0.9132
-18.5034 -15.4049 -2.3115 0.9078
-15.4946 -18.5047 -2.3171 0.9076
-11.5053 -15.9359 -1.8870 0.9241
-12.7077 -20.5626 -2.3207 0.9074
-5.3864 -9.4588 -1.0450 0.9572
-4.6311 -9.6886 -1.0310 0.9578
-4.2597 -9.8006 -1.0259 0.9580
-3.8937 -9.9175 -1.0229 0.9581
-3.5456 -10.0798 -1.0258 0.9580
-6.3771 -23.3636 -2.3251 0.9073
-5.5354 -23.5803 -2.3254 0.9073
-3.8309 -23.9208 -2.3258 0.9072
-1.7451 -14.1260 -1.3665 0.9444
0.3937 -19.0815 -1.8323 0.9262
1.8469 -19.9306 -1.9216 0.9227
3.9575 -23.8884 -2.3247 0.9073
4.8112 -23.7268 -2.3242 0.9073
5.6582 -23.5341 -2.3238 0.9073
6.4974 -23.3106 -2.3232 0.9073
6.9235 -21.7846 -2.1945 0.9122
6.9335 -17.3849 -1.7969 0.9275
7.7152 -17.4932 -1.8355 0.9260
10.5520 -21.7739 -2.3229 0.9073
9.0072 -17.0033 -1.8473 0.9256
12.1007 -20.9863 -2.3257 0.9072
14.3127 -19.6016 -2.3301 0.9071
15.7023 -18.5493 -2.3332 0.9070
18.0626 -18.4702 -2.4802 0.9014
19.4262 -17.2032 -2.4912 0.9010
20.0450 -16.5067 -2.4929 0.9009
21.2072 -15.0482 -2.4965 0.9008
21.7490 -14.2878 -2.4983 0.9007
22.2636 -13.5080 -2.5001 0.9006
22.7503 -12.7096 -2.5019 0.9006
23.2083 -11.8938 -2.5037 0.9005
25.0476 -7.5879 -2.5126 0.9002
25.3215 -6.6890 -2.5144 0.9001
25.5630 -5.7802 -2.5161 0.9000
25.9472 -3.9376 -2.5196 0.8999
26.1977 -2.0695 -2.5229 0.8998
21.1397 1.3699 -2.0338 0.9184
24.6328 2.4864 -2.3769 0.9053
24.5421 3.3706 -2.3783 0.9052
24.4193 4.2514 -2.3796 0.9052
23.8596 6.8617 -2.3835 0.9051
23.0175 9.3994 -2.3869 0.9049
22.3035 11.0353 -2.3890 0.9048
21.4986 11.6152 -2.3459 0.9065
21.4714 12.6161 -2.3909 0.9048
21.0124 13.3831 -2.3917 0.9047
18.2986 12.5997 -2.1329 0.9146
17.1352 12.7285 -2.0493 0.9178
18.3126 16.9424 -2.3951 0.9046
6.8984 6.8577 -0.9338 0.9617
6.6591 7.1127 -0.9354 0.9616
12.3544 14.1834 -1.8058 0.9272
11.1193 14.7852 -1.7761 0.9284
12.6094 21.1720 -2.3658 0.9057
12.0000 21.8998 -2.3974 0.9045
7.9105 15.7526 -1.6923 0.9316
7.3043 15.9478 -1.6840 0.9319
6.0221 16.1101 -1.6512 0.9332
5.4992 16.4927 -1.6691 0.9325
4.8995 16.6646 -1.6676 0.9326
1.2427 17.5640 -1.6904 0.9317
0.6171 17.7542 -1.7055 0.9311
-0.0207 18.1706 -1.7445 0.9296
-0.9216 24.8795 -2.3902 0.9048
-1.8129 24.8207 -2.3893 0.9048
-2.7011 24.7294 -2.3883 0.9049
-2.7678 18.9960 -1.8430 0.9258
-3.5116 19.2353 -1.8772 0.9244
-7.8993 23.5125 -2.3813 0.9051
-8.0199 21.3066 -2.1856 0.9126
-8.6960 20.8061 -2.1649 0.9134
-9.6143 20.8659 -2.2056 0.9118
-10.8380 21.4604 -2.3081 0.9079
-13.4397 20.7244 -2.3714 0.9055
-14.8718 19.6814 -2.3683 0.9056
-11.4954 14.1291 -1.7487 0.9294
-18.0834 16.6541 -2.3602 0.9059
-22.9434 12.3284 -2.5005 0.9006
-23.3541 11.4890 -2.4987 0.9007
-23.7343 10.6361 -2.4969 0.9008
-24.0834 9.7707 -2.4952 0.9008
-24.6872 8.0072 -2.4916 0.9010
-24.9411 7.1113 -2.4899 0.9010
-25.5084 4.3812 -2.4848 0.9012
-25.7228 2.5373 -2.4815 0.9013
-25.7806 1.6117 -2.4799 0.9014
-25.7973 -0.2409 -2.4768 0.9015
-25.5763 -3.0060 -2.4724 0.9017
-24.5902 -3.7889 -2.3886 0.9049
-23.0693 -7.0460 -2.3158 0.9076
-22.7907 -7.8653 -2.3147 0.9077
-22.1481 -9.4709 -2.3126 0.9077
-21.7849 -10.2552 -2.3116 0.9078
-20.0644 -13.2467 -2.3082 0.9079
-17.9297 -13.7805 -2.1710 0.9131
-11.3562 -11.6655 -1.5630 0.9367
-15.5512 -18.4559 -2.3170 0.9076
-11.4961 -15.8197 -1.8774 0.9244
-13.4942 -20.0440 -2.3198 0.9075
-12.7709 -20.5226 -2.3206 0.9074
-5.4166 -9.4437 -1.0452 0.9572
-5.0389 -9.5648 -1.0379 0.9575
-3.5684 -10.0452 -1.0234 0.9581
-5.6084 -23.5628 -2.3253 0.9073
-4.7598 -23.7513 -2.3256 0.9072
-3.9049 -23.9086 -2.3258 0.9072
-1.7920 -14.1460 -1.3689 0.9443
-0.7964 -14.6681 -1.4103 0.9427
-0.2910 -15.8545 -1.5224 0.9383
0.3338 -19.0348 -1.8277 0.9264
5.5854 -23.5519 -2.3238 0.9073
7.2565 -23.0797 -2.3227 0.9074
8.0777 -22.7983 -2.3221 0.9074
6.9000 -17.4577 -1.8022 0.9273
8.9273 -16.9792 -1.8417 0.9258
12.0350 -21.0225 -2.3256 0.9072
12.7895 -20.5899 -2.3270 0.9072
14.9566 -19.1333 -2.3315 0.9070
16.3120 -18.0356 -2.3346 0.9069
18.7268 -17.9336 -2.4893 0.9011
19.3717 -17.2622 -2.4910 0.9010
19.9926 -16.5677 -2.4928 0.9009
20.5887 -15.8510 -2.4946 0.9009
21.1592 -15.1128 -2.4963 0.9008
23.6013 -11.1338 -2.5053 0.9004
24.0027 -10.2872 -2.5071 0.9004
24.7139 -8.5517 -2.5107 0.9002
25.0225 -7.6649 -2.5125 0.9002
25.7550 -4.9421 -2.5177 0.9000
25.9334 -4.0176 -2.5194 0.8999
26.1897 -2.1505 -2.5228 0.8998
24.7097 -0.2509 -2.3724 0.9055
21.1386 1.3042 -2.0333 0.9184
24.5513 3.2945 -2.3782 0.9053
24.4313 4.1756 -2.3795 0.9052
24.0953 5.9233 -2.3821 0.9051
23.6327 7.6438 -2.3846 0.9050
23.0456 9.3277 -2.3868 0.9049
22.3367 10.9658 -2.3889 0.9048
21.5096 12.5491 -2.3908 0.9048
18.3814 12.5730 -2.1380 0.9144
16.5261 13.1382 -2.0269 0.9187
15.8347 13.5436 -2.0004 0.9197
18.3646 16.8853 -2.3951 0.9046
6.9190 6.8357 -0.9338 0.9617
12.4155 14.1648 -1.8083 0.9271
11.1783 14.7683 -1.7782 0.9283
10.5025 14.9622 -1.7550 0.9292
12.6853 21.1503 -2.3677 0.9056
7.3564 15.9311 -1.6846 0.9319
6.0731 16.0946 -1.6515 0.9332
2.0895 7.0263 -0.7038 0.9710
4.3439 23.6851 -2.3118 0.9078
1.2961 17.5477 -1.6893 0.9317
-0.8446 24.8831 -2.3903 0.9048
-2.6247 24.7385 -2.3883 0.9049
-2.7135 19.0366 -1.8461 0.9256
-4.9502 19.4475 -1.9266 0.9225
-7.9837 21.4113 -2.1938 0.9123
-8.6088 20.7780 -2.1592 0.9136
-10.7408 21.4326 -2.3016 0.9082
-13.3762 20.7670 -2.3715 0.9055
-14.1035 20.2606 -2.3700 0.9056
-14.8116 19.7285 -2.3684 0.9056
-16.1665 18.5905 -2.3652 0.9057
-17.4339 17.3594 -2.3620 0.9059
-20.6520 13.1773 -2.3519 0.9062
-22.4206 13.1985 -2.4978 0.9007
-23.7027 10.7102 -2.4971 0.9008
-24.0546 9.8458 -2.4953 0.9008
-24.3750 8.9701 -2.4935 0.9009
-24.6638 8.0841 -2.4918 0.9010
-25.6227 3.5404 -2.4833 0.9013
-25.7163 2.6170 -2.4816 0.9013
-25.8046 0.7652 -2.4785 0.9015
-25.7612 -1.0859 -2.4754 0.9016
-25.5868 -2.9270 -2.4725 0.9017
-24.5718 -3.7083 -2.3857 0.9050
-24.8695 -5.6020 -2.4474 0.9026
-23.3390 -6.1449 -2.3170 0.9076
-22.8159 -7.7951 -2.3148 0.9077
-22.1781 -9.4026 -2.3127 0.9077
-21.4292 -10.9598 -2.3108 0.9078
-20.5729 -12.4591 -2.3091 0.9079
-19.6235 -13.9003 -2.3087 0.9079
-19.1228 -14.6036 -2.3100 0.9078
-18.5967 -15.2886 -2.3113 0.9078
-17.4707 -16.6001 -2.3137 0.9077
-15.6077 -18.4070 -2.3169 0.9076
-12.1076 -15.3644 -1.8780 0.9244
-11.4949 -15.7156 -1.8693 0.9247
-13.5558 -20.0015 -2.3197 0.9075
-12.8340 -20.4823 -2.3205 0.9074
-4.6956 -9.6693 -1.0320 0.9577
-4.3235 -9.7813 -1.0267 0.9579
-3.5955 -10.0231 -1.0223 0.9581
-5.6812 -23.5451 -2.3253 0.9073
-0.8044 20.0384 -2.3822 0.9224
-2.2378 19.9161 -2.3806 0.9224
-2.8305 19.0139 -2.2835 0.9255
-3.5766 19.2539 -2.3262 0.9241
-4.1746 18.7075 -2.2768 0.9257
-5.0562 19.3618 -2.3770 0.9226
-5.7452 19.1600 -2.3761 0.9226
-6.4262 18.9333 -2.3750 0.9226
-7.0982 18.6823 -2.3740 0.9227
-9.0517 17.7863 -2.3706 0.9228
-10.2936 17.0743 -2.3683 0.9228
-11.1030 11.7323 -1.9188 0.9370
-15.1061 12.8610 -2.3566 0.9232
-15.5489 12.3037 -2.3553 0.9232
-17.3874 11.8351 -2.4984 0.9188
-17.8370 11.2264 -2.5035 0.9186
-18.2178 10.5731 -2.5021 0.9187
-18.5746 9.9069 -2.5006 0.9187
-19.2149 8.5395 -2.4977 0.9188
-19.4977 7.8400 -2.4963 0.9188
-19.7551 7.1314 -2.4948 0.9189
-19.9868 6.4143 -2.4934 0.9189
-20.3725 4.9590 -2.4906 0.9190
-20.6529 3.4814 -2.4879 0.9191
-20.7533 2.7367 -2.4865 0.9191
-20.8270 1.9893 -2.4852 0.9192
-20.8944 0.4901 -2.4826 0.9193
-20.8880 -0.2597 -2.4814 0.9193
-20.7953 -1.7552 -2.4790 0.9194
-20.7092 -2.4990 -2.4778 0.9194
-20.1036 -5.4264 -2.4735 0.9195
-19.8880 -6.1417 -2.4725 0.9196
-19.6249 -6.8408 -2.4687 0.9197
-17.6351 -8.3685 -2.3187 0.9244
-17.3180 -8.9929 -2.3180 0.9244
-16.9790 -9.6055 -2.3172 0.9244
-16.6186 -10.2056 -2.3166 0.9244
-16.2374 -10.7924 -2.3160 0.9245
-13.3494 -9.5807 -1.9518 0.9360
-14.9734 -12.4660 -2.3144 0.9245
-10.1068 -11.2261 -1.7943 0.9410
-10.4974 -12.5368 -1.9423 0.9363
-6.8908 -9.5444 -1.3983 0.9537
-5.7106 -9.2404 -1.2903 0.9572
-5.3289 -9.3577 -1.2792 0.9575
-4.9525 -9.4718 -1.2696 0.9579
-5.1348 -18.8122 -2.3164 0.9245
-4.4570 -18.9863 -2.3166 0.9244
-3.7732 -19.1355 -2.3168 0.9244
-3.0844 -19.2597 -2.3169 0.9244
-1.2130 -13.9024 -1.6577 0.9453
-0.7431 -14.5170 -1.7267 0.9431
-0.2436 -15.9671 -1.8969 0.9377
1.1022 -19.4815 -2.3178 0.9244
3.8831 -19.1497 -2.3210 0.9243
4.5694 -19.0054 -2.3219 0.9243
5.9253 -18.6440 -2.3238 0.9242
5.5651 -15.5536 -1.9623 0.9356
6.8891 -17.2734 -2.2090 0.9278
8.0629 -16.6377 -2.1962 0.9282
11.0745 -16.3692 -2.3476 0.9235
12.1845 -16.6870 -2.4544 0.9201
13.5309 -15.9842 -2.4876 0.9191
14.1033 -15.4969 -2.4890 0.9191
14.6584 -14.9892 -2.4904 0.9190
17.9960 -10.9187 -2.5004 0.9187
18.3868 -10.2719 -2.5018 0.9187
18.7544 -9.6112 -2.5033 0.9186
19.0983 -8.9373 -2.5047 0.9186
19.4179 -8.2511 -2.5062 0.9185
19.9826 -6.8453 -2.5091 0.9184
20.2269 -6.1275 -2.5105 0.9184
20.6375 -4.6665 -2.5133 0.9183
20.9421 -3.1780 -2.5161 0.9182
21.1963 -0.9108 -2.5201 0.9181
20.4020 0.5883 -2.4245 0.9211
19.9136 1.2905 -2.3704 0.9228
19.8641 2.0051 -2.3716 0.9227
19.4082 4.8349 -2.3759 0.9226
18.5463 7.5735 -2.3796 0.9225
18.2692 8.2370 -2.3805 0.9224
16.5309 11.3825 -2.3841 0.9223
16.1159 11.9713 -2.3847 0.9223
15.6796 12.5447 -2.3853 0.9223
6.8903 6.8496 -1.1541 0.9616
12.3538 14.1827 -2.2342 0.9270
11.6571 14.3947 -2.2003 0.9281
11.1179 14.7835 -2.1973 0.9282
10.4437 14.9769 -2.1689 0.9291
10.8999 16.8921 -2.3880 0.9222
10.2871 17.2727 -2.3881 0.9222
7.9096 15.7508 -2.0936 0.9315
3.5622 19.7672 -2.3859 0.9223
2.4944 17.3974 -2.0877 0.9317
1.8813 17.5948 -2.1019 0.9312
0.6171 17.7535 -2.1101 0.9309
-0.0207 18.1685 -2.1582 0.9294
-2.1762 19.9235 -2.3807 0.9224
-2.7674 18.9936 -2.2800 0.9256
-4.1168 18.7213 -2.2770 0.9257
-4.9964 19.3781 -2.3771 0.9226
-6.3678 18.9538 -2.3751 0.9226
-7.0406 18.7049 -2.3741 0.9226
-8.3561 18.1350 -2.3719 0.9227
-9.6256 17.4720 -2.3696 0.9228
-10.2411 17.1069 -2.3684 0.9228
-10.8427 16.7198 -2.3671 0.9229
-11.4296 16.3114 -2.3659 0.9229
-10.4823 13.8723 -2.0654 0.9324
-10.9025 12.4592 -1.9666 0.9355
-11.0874 11.7888 -1.9224 0.9369
-13.0761 12.0425 -2.1116 0.9309
-15.9355 11.7811 -2.3540 0.9233
-17.3445 11.8846 -2.4976 0.9188
-18.1858 10.6299 -2.5022 0.9186
-18.5448 9.9648 -2.5007 0.9187
-19.1893 8.5993 -2.4978 0.9188
-19.4743 7.9008 -2.4964 0.9188
-20.3580 5.0222 -2.4907 0.9190
-20.7457 2.8011 -2.4867 0.9191
-20.8896 -0.1950 -2.4815 0.9193
-20.8589 -0.9440 -2.4803 0.9193
-20.8015 -1.6909 -2.4791 0.9194
-20.7177 -2.4350 -2.4779 0.9194
-20.6076 -3.1753 -2.4768 0.9194
-20.4713 -3.9109 -2.4757 0.9195
-19.9075 -6.0803 -2.4726 0.9196
-17.9545 -7.6776 -2.3196 0.9244
-17.3462 -8.9395 -2.3180 0.9244
-16.2711 -10.7423 -2.3160 0.9245
-13.4103 -9.5617 -1.9564 0.9358
-15.4514 -11.8757 -2.3149 0.9245
-15.0122 -12.4198 -2.3144 0.9245
-11.3782 -10.8784 -1.8699 0.9386
-10.7663 -11.0596 -1.8334 0.9397
-10.1772 -11.2341 -1.8006 0.9408
-12.0014 -15.3271 -2.3124 0.9246
-6.2809 -9.3296 -1.3360 0.9557
-5.3615 -9.3476 -1.2800 0.9575
-5.1930 -18.7961 -2.3164 0.9245
-4.5157 -18.9722 -2.3166 0.9244
-3.8324 -19.1236 -2.3168 0.9244
-3.1440 -19.2500 -2.3169 0.9244
-1.7921 -14.1465 -1.6938 0.9442
-0.2910 -15.8558 -1.8838 0.9381
0.3411 -19.4515 -2.3109 0.9246
1.0418 -19.4843 -2.3178 0.9244
1.7408 -19.4405 -2.3185 0.9244
2.4380 -19.3720 -2.3193 0.9244
3.1326 -19.2788 -2.3201 0.9243
3.8236 -19.1611 -2.3209 0.9243
4.5104 -19.0188 -2.3218 0.9243
5.8674 -18.6615 -2.3237 0.9242
6.5359 -18.4469 -2.3247 0.9242
6.8623 -17.3624 -2.2177 0.9276
7.1973 -16.4566 -2.1336 0.9302
7.9924 -16.6230 -2.1910 0.9284
8.8720 -16.8740 -2.2646 0.9261
9.7459 -17.0238 -2.3301 0.9240
10.3556 -16.6716 -2.3313 0.9240
10.9838 -16.3440 -2.3391 0.9237
12.0848 -16.6585 -2.4446 0.9204
12.8853 -16.4836 -2.4853 0.9192
15.6692 -13.9629 -2.4931 0.9189
16.6492 -12.8180 -2.4959 0.9188
17.5457 -11.6044 -2.4988 0.9188
18.7236 -9.6688 -2.5031 0.9186
19.6883 -7.6141 -2.5075 0.9185
20.4274 -5.4639 -2.5118 0.9183
20.7899 -3.9894 -2.5146 0.9183
20.9312 -3.2427 -2.5160 0.9182
21.0455 -2.4910 -2.5174 0.9182
21.1326 -1.7352 -2.5187 0.9181
20.5809 0.5297 -2.4455 0.9204
19.6973 3.3665 -2.3737 0.9227
19.5726 4.0729 -2.3748 0.9226
19.0457 6.1602 -2.3778 0.9225
10.8535 3.9460 -1.3718 0.9545
18.2940 8.1801 -2.3804 0.9225
17.9949 8.8342 -2.3812 0.9224
17.6721 9.4773 -2.3820 0.9224
17.3260 10.1083 -2.3827 0.9224
16.5657 11.3310 -2.3841 0.9223
16.1525 11.9211 -2.3847 0.9223
15.2628 13.0545 -2.3857 0.9223
14.7875 13.5963 -2.3862 0.9223
6.9109 6.8277 -1.1540 0.9616
6.6720 7.0824 -1.1558 0.9616
12.4149 14.1641 -2.2373 0.9269
10.5012 14.9604 -2.1712 0.9290
10.9521 16.8582 -2.3880 0.9222
10.3405 17.2407 -2.3881 0.9222
7.9622 15.7339 -2.0947 0.9314
6.6663 15.9133 -2.0494 0.9329
6.0729 16.0939 -2.0433 0.9331
4.3307 19.6172 -2.3864 0.9223
2.5469 17.3805 -2.0866 0.9317
1.9345 17.5776 -2.1006 0.9312
-2.1146 19.9307 -2.3808 0.9224
-2.7139 19.0392 -2.2844 0.9255
-3.4459 19.2119 -2.3185 0.9244
-4.0632 18.7540 -2.2794 0.9256
-8.3002 18.1615 -2.3720 0.9227
-11.3796 16.3475 -2.3660 0.9229
-10.6915 13.2244 -2.0200 0.9338
-12.9608 12.0108 -2.0990 0.9313
-15.0277 12.9556 -2.3569 0.9232
-15.4740 12.4010 -2.3555 0.9232
-15.8998 11.8310 -2.3542 0.9233
-17.1682 11.8421 -2.4774 0.9194
-17.7690 11.3378 -2.5038 0.9186
-18.5147 10.0227 -2.5009 0.9187
-19.1636 8.6591 -2.4980 0.9188
-19.7125 7.2543 -2.4951 0.9189
-20.3433 5.0855 -2.4909 0.9190
-20.6329 3.6096 -2.4881 0.9191
-20.7378 2.8654 -2.4868 0.9191
-20.8910 -0.1304 -2.4816 0.9193
-20.8626 -0.8794 -2.4804 0.9193
-20.4840 -3.8476 -2.4758 0.9195
-20.3240 -4.5781 -2.4747 0.9195
-20.1382 -5.3021 -2.4737 0.9195
-19.9270 -6.0188 -2.4727 0.9196
-19.6810 -6.7241 -2.4705 0.9196
-18.0067 -7.6341 -2.3232 0.9242
-17.3743 -8.8859 -2.3181 0.9244
-17.0390 -9.5007 -2.3174 0.9244
-16.6823 -10.1030 -2.3167 0.9244
-16.3047 -10.6921 -2.3161 0.9245
-13.4532 -9.5296 -1.9584 0.9357
-15.0508 -12.3735 -2.3144 0.9245
-11.4321 -10.8625 -1.8732 0.9385
-10.4261 -12.2961 -1.9150 0.9371
-11.4917 -15.7112 -2.3122 0.9246
-6.3176 -9.3216 -1.3376 0.9557
-5.0171 -9.4523 -1.2712 0.9578
-4.6446 -9.5641 -1.2630 0.9581
-3.5525 -9.9033 -1.2498 0.9585
-4.5744 -18.9580 -2.3166 0.9244
0.5311 16.7748 -2.3780 0.9344
-1.2734 16.7221 -2.3762 0.9345
-2.4679 16.5781 -2.3748 0.9345
-3.0602 16.4738 -2.3741 0.9345
-4.2308 16.2013 -2.3725 0.9346
-5.9408 15.6360 -2.3700 0.9347
-7.0413 15.1579 -2.3681 0.9347
-8.1035 14.6020 -2.3662 0.9348
-9.1220 13.9713 -2.3642 0.9348
-10.0914 13.2695 -2.3621 0.9349
-10.8413 12.3121 -2.3244 0.9359
-11.0242 11.6490 -2.2725 0.9373
-13.6777 10.8230 -2.4713 0.9320
-14.2525 10.4687 -2.5056 0.9310
-16.1130 7.1609 -2.4983 0.9312
-16.5690 5.9812 -2.4959 0.9313
-16.9392 4.7731 -2.4936 0.9314
-17.4790 1.6695 -2.4879 0.9315
-17.5199 1.0408 -2.4868 0.9316
-17.5384 0.4114 -2.4857 0.9316
-17.4594 -1.4737 -2.4826 0.9317
-17.3884 -2.0983 -2.4816 0.9317
-16.8846 -4.5575 -2.4780 0.9318
-16.7046 -5.1586 -2.4772 0.9318
-16.5034 -5.7528 -2.4763 0.9318
-16.2813 -6.3392 -2.4756 0.9318
-15.7756 -7.4861 -2.4741 0.9319
-15.4752 -8.0360 -2.4707 0.9320
-14.1962 -8.7179 -2.3605 0.9349
-13.3072 -9.5504 -2.3208 0.9360
-12.5834 -10.4762 -2.3199 0.9360
-10.3491 -12.3596 -2.2841 0.9369
-6.8782 -8.8404 -1.5871 0.9558
-6.3626 -8.8128 -1.5401 0.9570
-5.9932 -8.9620 -1.5276 0.9574
-4.5178 -9.4516 -1.4843 0.9586
-4.1470 -9.5412 -1.4741 0.9588
-3.7884 -9.6494 -1.4688 0.9590
-3.4333 -9.7606 -1.4660 0.9591
-3.1159 -9.9898 -1.4827 0.9586
-4.3094 -15.7884 -2.3189 0.9360
-3.7407 -15.9349 -2.3192 0.9360
-3.1670 -16.0611 -2.3195 0.9360
-2.5891 -16.1670 -2.3199 0.9360
-0.7501 -14.6539 -2.0790 0.9424
0.3381 -16.3865 -2.3223 0.9359
1.5131 -16.3286 -2.3235 0.9359
2.4188 -11.9283 -1.7245 0.9520
3.8380 -15.9635 -2.3263 0.9358
4.4098 -15.8208 -2.3271 0.9358
4.9763 -15.6578 -2.3279 0.9358
5.5369 -15.4748 -2.3287 0.9358
7.3828 -15.2344 -2.3987 0.9339
8.1808 -15.4432 -2.4762 0.9318
9.3020 -14.8725 -2.4855 0.9316
9.8339 -14.5354 -2.4866 0.9316
11.8333 -13.0025 -2.4910 0.9314
12.7471 -12.1317 -2.4934 0.9314
13.9969 -10.7071 -2.4969 0.9313
14.3789 -10.2030 -2.4981 0.9312
15.0882 -9.1545 -2.5006 0.9312
15.4145 -8.6114 -2.5018 0.9312
15.7212 -8.0568 -2.5030 0.9311
16.2743 -6.9153 -2.5054 0.9311
16.5199 -6.3301 -2.5066 0.9310
17.2884 -3.9092 -2.5114 0.9309
17.6327 -2.0317 -2.5149 0.9308
17.7022 -1.3984 -2.5160 0.9308
17.7488 -0.7627 -2.5171 0.9307
17.7730 0.5125 -2.5193 0.9307
17.7239 1.1486 -2.5165 0.9308
16.7904 1.6948 -2.3911 0.9341
16.4775 2.8687 -2.3698 0.9347
16.2414 4.0459 -2.3716 0.9346
15.5161 6.3361 -2.3747 0.9345
15.0306 7.4368 -2.3761 0.9345
14.7580 7.9734 -2.3767 0.9345
14.4662 8.5000 -2.3773 0.9345
14.1552 9.0157 -2.3779 0.9344
13.8258 9.5199 -2.3784 0.9344
13.4781 10.0119 -2.3789 0.9344
12.3308 11.4081 -2.3802 0.9344
6.8822 6.8416 -1.3750 0.9616
6.6435 7.0961 -1.3773 0.9615
11.0377 12.6718 -2.3811 0.9344
10.5769 13.0608 -2.3813 0.9344
10.1022 13.4329 -2.3815 0.9344
9.6143 13.7874 -2.3816 0.9343
9.1138 14.1241 -2.3817 0.9343
6.9994 15.2821 -2.3816 0.9343
6.4463 15.5226 -2.3815 0.9344
5.8848 15.7428 -2.3813 0.9344
4.7398 16.1213 -2.3809 0.9344
3.5706 16.4154 -2.3803 0.9344
2.9789 16.5304 -2.3799 0.9344
2.3835 16.6238 -2.3795 0.9344
1.7852 16.6955 -2.3791 0.9344
1.1847 16.7453 -2.3786 0.9344
-0.0191 16.7796 -2.3775 0.9345
-0.6210 16.7639 -2.3769 0.9345
-1.2217 16.7263 -2.3763 0.9345
-4.7582 16.0487 -2.3718 0.9346
-5.8925 15.6548 -2.3700 0.9347
-6.9945 15.1802 -2.3682 0.9347
-8.0585 14.6275 -2.3663 0.9348
-8.5745 14.3229 -2.3653 0.9348
-9.0790 14.0000 -2.3643 0.9348
-9.5713 13.6593 -2.3632 0.9348
-10.0507 13.3012 -2.3622 0.9349
-10.5167 12.9261 -2.3611 0.9349
-10.8252 12.3708 -2.3291 0.9357
-11.0087 11.7051 -2.2768 0.9371
-12.6251 10.8163 -2.3556 0.9350
-13.5478 10.7886 -2.4539 0.9324
-14.9234 9.4572 -2.5033 0.9311
-15.2456 8.9113 -2.5021 0.9311
-15.5480 8.3545 -2.5009 0.9312
-16.0914 7.2110 -2.4984 0.9312
-16.3319 6.6259 -2.4972 0.9313
-16.5511 6.0327 -2.4960 0.9313
-16.7489 5.4324 -2.4948 0.9313
-16.9250 4.8257 -2.4937 0.9314
-17.0792 4.2134 -2.4925 0.9314
-17.4091 2.3505 -2.4891 0.9315
-17.4744 1.7237 -2.4879 0.9315
-17.5173 1.0951 -2.4869 0.9315
-17.5377 0.4657 -2.4858 0.9316
-17.5113 -0.7925 -2.4837 0.9316
-17.3954 -2.0445 -2.4817 0.9317
-16.3013 -6.2889 -2.4756 0.9318
-16.0603 -6.8677 -2.4749 0.9319
-13.6849 -9.0348 -2.3235 0.9359
-13.3369 -9.5093 -2.3209 0.9360
-11.9354 -10.6182 -2.2635 0.9375
-10.3137 -12.2402 -2.2679 0.9374
-6.3967 -8.8024 -1.5417 0.9570
-5.2702 -9.1884 -1.5008 0.9581
-4.9013 -9.3035 -1.4899 0.9584
-4.1780 -9.5318 -1.4746 0.9588
-3.8193 -9.6402 -1.4692 0.9590
-3.1372 -9.9497 -1.4782 0.9587
-3.7900 -15.9231 -2.3192 0.9360
-1.7925 -14.1498 -2.0209 0.9440
0.2874 -16.3871 -2.3222 0.9359
0.8753 -16.3704 -2.3228 0.9359
1.4625 -16.3328 -2.3234 0.9359
2.3816 -11.9345 -1.7243 0.9520
3.7885 -15.9748 -2.3262 0.9358
5.4888 -15.4914 -2.3287 0.9358
6.0433 -15.2901 -2.3295 0.9357
8.1207 -15.4451 -2.4724 0.9319
9.2556 -14.9007 -2.4854 0.9316
11.3119 -13.4471 -2.4898 0.9315
11.7925 -13.0385 -2.4909 0.9314
12.2584 -12.6129 -2.4921 0.9314
12.7090 -12.1707 -2.4933 0.9314
13.5619 -11.2386 -2.4956 0.9313
13.9631 -10.7500 -2.4968 0.9313
14.3467 -10.2470 -2.4980 0.9313
14.7122 -9.7304 -2.4992 0.9312
15.0592 -9.2008 -2.5005 0.9312
15.3871 -8.6587 -2.5017 0.9312
15.6955 -8.1051 -2.5029 0.9311
15.9840 -7.5404 -2.5041 0.9311
16.4995 -6.3809 -2.5065 0.9310
16.9309 -5.1863 -2.5090 0.9310
17.1142 -4.5776 -2.5101 0.9309
17.4147 -3.3417 -2.5125 0.9309
17.5315 -2.7160 -2.5137 0.9308
17.6257 -2.0862 -2.5148 0.9308
17.7739 0.4574 -2.5192 0.9307
17.7327 1.0940 -2.5173 0.9307
16.9128 1.6543 -2.4078 0.9337
16.5699 2.2235 -2.3688 0.9347
16.4858 2.8176 -2.3697 0.9347
15.0531 7.3900 -2.3760 0.9345
14.4921 8.4550 -2.3773 0.9345
14.1828 8.9716 -2.3779 0.9344
13.8549 9.4769 -2.3784 0.9344
13.5088 9.9699 -2.3789 0.9344
12.7638 10.9170 -2.3798 0.9344
12.3659 11.3698 -2.3802 0.9344
11.0768 12.6374 -2.3811 0.9344
10.1437 13.4015 -2.3815 0.9344
8.1233 14.7165 -2.3817 0.9343
6.4943 15.5027 -2.3815 0.9344
3.0301 16.5213 -2.3799 0.9344
1.8369 16.6901 -2.3791 0.9344
1.2366 16.7419 -2.3786 0.9344
0.6350 16.7718 -2.3781 0.9344
-1.1699 16.7304 -2.3763 0.9345
-1.7689 16.6730 -2.3757 0.9345
-4.1307 16.2281 -2.3727 0.9346
-5.2801 15.8789 -2.3710 0.9346
-6.4003 15.4478 -2.3692 0.9347
-7.4857 14.9372 -2.3673 0.9347
-8.0135 14.6529 -2.3664 0.9348
-8.5305 14.3500 -2.3654 0.9348
-9.0360 14.0286 -2.3643 0.9348
-10.9932 11.7613 -2.2811 0.9370
-11.5476 11.4983 -2.3090 0.9363
-12.5921 10.8558 -2.3557 0.9350
-14.1833 10.5537 -2.5049 0.9311
-14.5511 10.0369 -2.5046 0.9311
-14.8946 9.5038 -2.5034 0.9311
-15.8065 7.8368 -2.4998 0.9312
-16.0697 7.2612 -2.4986 0.9312
-16.5330 6.0842 -2.4961 0.9313
-17.0668 4.2664 -2.4926 0.9314
-17.3128 3.0287 -2.4903 0.9315
-17.4696 1.7778 -2.4880 0.9315
-17.4023 -1.9907 -2.4818 0.9317
-17.3130 -2.6128 -2.4808 0.9317
-17.2016 -3.2311 -2.4799 0.9317
-16.9135 -4.4531 -2.4781 0.9318
-16.7372 -5.0554 -2.4773 0.9318
-16.5396 -5.6508 -2.4765 0.9318
-15.8224 -7.3886 -2.4743 0.9319
-15.5330 -7.9443 -2.4720 0.9319
-13.7005 -8.9844 -2.3214 0.9360
-11.9913 -10.6016 -2.2678 0.9374
-10.7505 -10.9752 -2.1768 0.9398
-10.2788 -12.1224 -2.2519 0.9378
-6.4308 -8.7920 -1.5434 0.9569
-5.3023 -9.1784 -1.5019 0.9581
-4.5737 -9.4182 -1.4835 0.9586
-4.2090 -9.5223 -1.4751 0.9588
-3.1610 -9.9180 -1.4749 0.9588
-4.4071 -15.7611 -2.3188 0.9360
0.9727 14.3803 -2.3744 0.9432
-0.0610 14.4073 -2.3735 0.9433
-0.5778 14.3927 -2.3730 0.9433
-1.0935 14.3595 -2.3724 0.9433
-2.1194 14.2370 -2.3712 0.9433
-4.6196 13.6106 -2.3678 0.9434
-5.5801 13.2356 -2.3663 0.9434
-6.0493 13.0225 -2.3655 0.9435
-7.8387 12.0059 -2.3621 0.9435
-8.2613 11.7126 -2.3612 0.9436
-9.8364 10.3940 -2.3575 0.9436
-10.9820 10.0513 -2.4525 0.9414
-11.9296 9.4398 -2.5061 0.9402
-12.5654 8.5528 -2.5040 0.9402
-13.3948 7.1442 -2.5009 0.9403
-13.6368 6.6562 -2.4998 0.9403
-14.0673 5.6565 -2.4978 0.9404
-14.4248 4.6293 -2.4957 0.9404
-14.5756 4.1071 -2.4947 0.9405
-14.7077 3.5800 -2.4937 0.9405
-14.8207 3.0488 -2.4927 0.9405
-14.9147 2.5141 -2.4917 0.9405
-14.9894 1.9766 -2.4907 0.9405
-15.0449 1.4370 -2.4898 0.9406
-14.9722 -1.8067 -2.4844 0.9407
-14.8928 -2.3420 -2.4836 0.9407
-14.7945 -2.8739 -2.4828 0.9407
-14.5414 -3.9250 -2.4813 0.9408
-14.3870 -4.4429 -2.4805 0.9408
-14.2144 -4.9548 -2.4799 0.9408
-14.0237 -5.4602 -2.4792 0.9408
-13.8152 -5.9583 -2.4785 0.9408
-13.5892 -6.4485 -2.4779 0.9408
-12.8092 -7.8662 -2.4763 0.9409
-12.2075 -8.7612 -2.4754 0.9409
-11.8630 -9.1763 -2.4707 0.9410
-11.4275 -9.5139 -2.4496 0.9415
-9.8054 -10.1351 -2.3231 0.9444
-9.4345 -10.4794 -2.3229 0.9444
-9.0517 -10.8102 -2.3227 0.9444
-6.7610 -8.6897 -1.8138 0.9563
-6.3536 -8.8003 -1.7881 0.9570
-4.4836 -9.3799 -1.7127 0.9587
-4.1247 -9.4900 -1.7046 0.9589
-3.7691 -9.6002 -1.6991 0.9591
-3.4114 -9.6985 -1.6937 0.9592
0.2913 -14.1165 -2.3260 0.9444
0.6985 -12.3466 -2.0372 0.9511
1.1416 -12.3199 -2.0383 0.9511
1.9913 -12.0199 -2.0071 0.9518
2.4410 -12.0380 -2.0235 0.9514
4.5504 -14.3177 -2.4749 0.9409
5.0726 -14.1772 -2.4805 0.9408
6.5787 -13.5750 -2.4851 0.9407
7.5405 -13.0775 -2.4868 0.9406
8.9119 -12.2050 -2.4896 0.9406
9.3476 -11.8820 -2.4906 0.9406
9.7717 -11.5434 -2.4915 0.9405
10.1836 -11.1898 -2.4925 0.9405
10.5827 -10.8216 -2.4935 0.9405
11.3407 -10.0429 -2.4955 0.9404
11.6985 -9.6335 -2.4965 0.9404
12.0416 -9.2114 -2.4976 0.9404
12.3695 -8.7771 -2.4986 0.9404
12.9779 -7.8741 -2.5007 0.9403
13.5204 -6.9289 -2.5028 0.9403
13.7661 -6.4421 -2.5039 0.9402
13.9942 -5.9465 -2.5049 0.9402
14.2045 -5.4428 -2.5059 0.9402
14.8613 -3.3604 -2.5100 0.9401
15.0760 -2.2878 -2.5120 0.9401
15.2522 -0.6554 -2.5149 0.9400
15.2110 1.5354 -2.5186 0.9399
14.2290 2.4773 -2.3793 0.9431
14.0618 2.9716 -2.3677 0.9434
13.9505 3.4753 -2.3684 0.9434
13.8210 3.9747 -2.3691 0.9434
10.4874 3.8497 -1.8404 0.9557
13.3251 5.4414 -2.3711 0.9433
12.1541 7.7411 -2.3739 0.9433
11.5719 8.5959 -2.3748 0.9432
10.9292 9.4066 -2.3755 0.9432
9.4755 10.8783 -2.3766 0.9432
9.0798 11.2121 -2.3768 0.9432
8.2533 11.8357 -2.3770 0.9432
7.3837 12.3976 -2.3772 0.9432
6.9341 12.6546 -2.3772 0.9432
6.0085 13.1187 -2.3771 0.9432
3.5694 13.9753 -2.3762 0.9432
3.0654 14.0927 -2.3759 0.9432
2.5574 14.1917 -2.3756 0.9432
2.0463 14.2723 -2.3752 0.9432
1.0172 14.3774 -2.3744 0.9432
0.5006 14.4019 -2.3740 0.9433
-0.0164 14.4077 -2.3735 0.9433
-0.5332 14.3947 -2.3730 0.9433
-1.0491 14.3631 -2.3725 0.9433
-1.5634 14.3127 -2.3719 0.9433
-3.0898 14.0507 -2.3700 0.9433
-3.5909 13.9268 -2.3693 0.9434
-4.5776 13.6252 -2.3679 0.9434
-5.0618 13.4479 -2.3671 0.9434
-5.5392 13.2533 -2.3664 0.9434
-6.4710 12.8131 -2.3647 0.9435
-6.9241 12.5682 -2.3639 0.9435
-7.3678 12.3073 -2.3630 0.9435
-9.0389 11.1098 -2.3595 0.9436
-9.4280 10.7741 -2.3585 0.9436
-9.8045 10.4247 -2.3576 0.9436
-11.9008 9.4770 -2.5062 0.9402
-12.5393 8.5920 -2.5041 0.9402
-12.8341 8.1332 -2.5031 0.9403
-13.1121 7.6643 -2.5020 0.9403
-13.3731 7.1859 -2.5010 0.9403
-14.2398 5.1903 -2.4968 0.9404
-14.4109 4.6741 -2.4958 0.9404
-14.9073 2.5604 -2.4918 0.9405
-15.0409 1.4836 -2.4899 0.9406
-15.0964 -0.1409 -2.4871 0.9406
-15.0763 -0.6823 -2.4862 0.9407
-15.0368 -1.2223 -2.4853 0.9407
-14.9782 -1.7604 -2.4845 0.9407
-14.9004 -2.2959 -2.4837 0.9407
-14.6881 -3.3564 -2.4821 0.9407
-14.5538 -3.8801 -2.4813 0.9408
-14.4010 -4.3985 -2.4806 0.9408
-14.2300 -4.9109 -2.4799 0.9408
-13.6094 -6.4066 -2.4780 0.9408
-13.1090 -7.3627 -2.4769 0.9409
-12.8337 -7.8266 -2.4763 0.9409
-11.8935 -9.1412 -2.4712 0.9410
-11.4799 -9.4975 -2.4545 0.9414
-10.3149 -9.8619 -2.3509 0.9438
-9.4670 -10.4502 -2.3229 0.9444
-6.8057 -8.6916 -1.8186 0.9562
-6.3878 -8.7902 -1.7901 0.9569
-5.2469 -9.1477 -1.7373 0.9581
-4.8782 -9.2598 -1.7242 0.9585
-4.1551 -9.4796 -1.7051 0.9589
-3.8006 -9.5931 -1.6999 0.9590
-3.4419 -9.6891 -1.6939 0.9592
-3.1116 -9.8683 -1.7046 0.9589
-3.7553 -13.5924 -2.3231 0.9444
-2.7715 -13.8299 -2.3236 0.9444
-0.7651 -14.0930 -2.3251 0.9444
0.2476 -14.1171 -2.3260 0.9444
1.9637 -12.0850 -2.0170 0.9516
2.8062 -11.8328 -2.0034 0.9519
3.9023 -14.1694 -2.4212 0.9422
5.0277 -14.1900 -2.4800 0.9408
7.0224 -13.3562 -2.4859 0.9407
9.3105 -11.9105 -2.4905 0.9406
9.7356 -11.5733 -2.4914 0.9405
10.5488 -10.8539 -2.4934 0.9405
11.3092 -10.0776 -2.4954 0.9404
11.6682 -9.6694 -2.4965 0.9404
12.6554 -8.3701 -2.4996 0.9403
12.9530 -7.9139 -2.5006 0.9403
13.2341 -7.4472 -2.5017 0.9403
13.4985 -6.9705 -2.5027 0.9403
13.9752 -5.9896 -2.5048 0.9402
14.1870 -5.4866 -2.5058 0.9402
14.5560 -4.4588 -2.5079 0.9402
14.7126 -3.9353 -2.5089 0.9401
14.9690 -2.8724 -2.5110 0.9401
15.0684 -2.3344 -2.5120 0.9401
15.1483 -1.7930 -2.5129 0.9400
15.2496 -0.7026 -2.5149 0.9400
15.2720 0.3931 -2.5167 0.9399
15.1256 2.0297 -2.5141 0.9400
14.0706 2.9279 -2.3676 0.9434
13.6869 4.4269 -2.3698 0.9434
13.3415 5.4000 -2.3711 0.9433
13.1426 5.8767 -2.3717 0.9433
12.6934 6.8073 -2.3728 0.9433
12.1777 7.7033 -2.3738 0.9433
11.8958 8.1368 -2.3743 0.9432
11.5983 8.5599 -2.3747 0.9432
11.2856 8.9720 -2.3751 0.9432
6.8946 6.8116 -1.5966 0.9615
6.6563 7.0657 -1.5992 0.9614
8.7078 11.5044 -2.3769 0.9432
7.8610 12.1002 -2.3771 0.9432
7.4220 12.3747 -2.3772 0.9432
5.0936 13.4988 -2.3768 0.9432
2.0881 7.0218 -1.2068 0.9707
2.6014 14.1839 -2.3756 0.9432
0.5452 14.4006 -2.3740 0.9433
0.0282 14.4080 -2.3736 0.9433
-1.0046 14.3665 -2.3725 0.9433
-2.0313 14.2505 -2.3713 0.9433
-3.0463 14.0606 -2.3701 0.9433
-3.5478 13.9382 -2.3694 0.9434
-4.0444 13.7978 -2.3687 0.9434
-4.5355 13.6396 -2.3680 0.9434
-5.9689 13.0605 -2.3656 0.9434
-7.3299 12.3304 -2.3631 0.9435
-9.0048 11.1381 -2.3595 0.9436
-9.3949 10.8036 -2.3586 0.9436
-11.8718 9.5141 -2.5063 0.9402
-12.2004 9.0783 -2.5053 0.9402
-12.5131 8.6311 -2.5042 0.9402
-13.3513 7.2275 -2.5011 0.9403
-13.8236 6.2463 -2.4990 0.9404
-14.3969 4.7189 -2.4959 0.9404
-14.6862 3.6713 -2.4938 0.9405
-15.0964 0.4477 -2.4881 0.9406
-15.0972 -0.0942 -2.4872 0.9406
-15.0787 -0.6356 -2.4863 0.9407
-15.0410 -1.1758 -2.4854 0.9407
-14.9079 -2.2498 -2.4837 0.9407
-14.6988 -3.3110 -2.4821 0.9407
-14.5662 -3.8351 -2.4814 0.9408
-14.4150 -4.3540 -2.4807 0.9408
-14.2455 -4.8670 -2.4800 0.9408
-14.0579 -5.3735 -2.4793 0.9408
-13.6295 -6.3645 -2.4780 0.9408
-13.1319 -7.3222 -2.4769 0.9409
-12.8581 -7.7870 -2.4764 0.9409
-12.5679 -8.2417 -2.4759 0.9409
-11.9240 -9.1060 -2.4716 0.9410
-11.5324 -9.4810 -2.4594 0.9413
-10.3632 -9.8468 -2.3550 0.9437
-6.8581 -8.7028 -1.8254 0.9561
-5.6530 -9.0218 -1.7539 0.9578
-5.2789 -9.1380 -1.7385 0.9581
-4.9098 -9.2502 -1.7252 0.9584
-4.5459 -9.3609 -1.7143 0.9587
-4.1856 -9.4693 -1.7056 0.9589
-3.4723 -9.6797 -1.6941 0.9592
-3.1361 -9.8399 -1.7014 0.9590
-3.7973 -13.5806 -2.3231 0.9444
0.8514 12.5871 -2.3713 0.9499
0.3992 12.6075 -2.3709 0.9500
-0.0534 12.6114 -2.3705 0.9500
-0.5058 12.5990 -2.3700 0.9500
-0.9573 12.5702 -2.3695 0.9500
-2.3009 12.3863 -2.3680 0.9500
-2.7431 12.2928 -2.3674 0.9500
-3.1816 12.1834 -2.3668 0.9500
-4.8864 11.5902 -2.3642 0.9501
-5.2975 11.4040 -2.3635 0.9501
-5.7015 11.2032 -2.3628 0.9501
-6.0979 10.9880 -2.3620 0.9501
-6.4861 10.7587 -2.3613 0.9502
-6.8657 10.5157 -2.3605 0.9502
-7.2362 10.2592 -2.3597 0.9502
-7.5971 9.9896 -2.3589 0.9502
-7.9479 9.7073 -2.3581 0.9502
-8.2882 9.4126 -2.3573 0.9502
-8.9644 9.4725 -2.4514 0.9483
-10.1536 8.6445 -2.5065 0.9472
-6.0640 4.1276 -1.3788 0.9706
-11.2694 7.0928 -2.5028 0.9472
-11.5123 6.6814 -2.5019 0.9473
-12.3317 4.9586 -2.4982 0.9473
-12.4971 4.5113 -2.4973 0.9474
-12.6464 4.0586 -2.4964 0.9474
-12.7793 3.6009 -2.4955 0.9474
-13.0784 2.2046 -2.4929 0.9475
-13.1939 1.2602 -2.4912 0.9475
-13.2400 -0.1646 -2.4888 0.9475
-13.0645 -2.0545 -2.4858 0.9476
-12.8764 -2.9844 -2.4844 0.9476
-12.7577 -3.4436 -2.4838 0.9476
-12.4717 -4.3474 -2.4825 0.9477
-12.1222 -5.2281 -2.4814 0.9477
-11.9243 -5.6585 -2.4808 0.9477
-9.1634 -9.4715 -2.4771 0.9478
-8.8169 -9.7933 -2.4769 0.9478
-6.3585 -8.8071 -2.0417 0.9568
-6.0532 -9.0516 -2.0467 0.9566
-5.2233 -9.1723 -1.9840 0.9579
-4.1282 -9.4979 -1.9466 0.9587
-3.7702 -9.6030 -1.9391 0.9589
-3.4106 -9.6962 -1.9320 0.9590
-3.2749 -11.9982 -2.3377 0.9506
-2.4170 -12.2576 -2.3483 0.9504
-1.1037 -12.6504 -2.3868 0.9496
-0.1971 -12.9187 -2.4285 0.9488
1.6881 -13.0865 -2.4801 0.9477
2.1580 -13.0265 -2.4818 0.9477
3.0881 -12.8443 -2.4830 0.9477
3.5478 -12.7285 -2.4836 0.9476
4.8990 -12.2835 -2.4857 0.9476
5.3381 -12.1034 -2.4864 0.9476
5.7706 -11.9076 -2.4871 0.9476
6.1960 -11.6964 -2.4879 0.9476
8.1972 -10.4197 -2.4919 0.9475
8.9295 -9.8118 -2.4936 0.9474
9.2790 -9.4884 -2.4945 0.9474
9.6169 -9.1526 -2.4954 0.9474
10.5560 -8.0750 -2.4981 0.9473
10.8429 -7.6939 -2.4990 0.9473
11.1160 -7.3026 -2.4999 0.9473
11.3750 -6.9016 -2.5008 0.9473
11.6196 -6.4914 -2.5017 0.9473
12.0640 -5.6456 -2.5036 0.9472
12.4469 -4.7694 -2.5054 0.9472
12.6146 -4.3213 -2.5063 0.9472
12.9013 -3.4080 -2.5081 0.9471
13.2067 -2.0042 -2.5108 0.9471
13.2746 -1.5296 -2.5116 0.9471
13.3254 -1.0526 -2.5125 0.9470
13.3754 -0.0944 -2.5141 0.9470
13.3744 0.3857 -2.5149 0.9470
13.2677 1.8222 -2.5172 0.9470
13.0739 2.7628 -2.5116 0.9471
12.3001 3.0641 -2.3826 0.9497
12.1009 3.4801 -2.3667 0.9500
10.4875 3.8497 -2.0998 0.9555
11.6655 4.7637 -2.3684 0.9500
11.4896 5.1803 -2.3690 0.9500
11.0932 5.9934 -2.3699 0.9500
10.6388 6.7760 -2.3708 0.9500
7.7709 5.7725 -1.8195 0.9614
9.8537 7.8836 -2.3719 0.9499
9.2653 8.5721 -2.3725 0.9499
6.8659 6.8254 -1.8197 0.9614
6.6278 7.0793 -1.8228 0.9613
6.2632 8.3282 -1.9586 0.9585
7.2231 10.3584 -2.3736 0.9499
6.8470 10.6111 -2.3737 0.9499
6.4620 10.8501 -2.3737 0.9499
5.6672 11.2855 -2.3737 0.9499
3.9938 11.9780 -2.3732 0.9499
3.1241 12.2315 -2.3728 0.9499
2.6829 12.3344 -2.3726 0.9499
2.2384 12.4213 -2.3723 0.9499
0.8904 12.5846 -2.3713 0.9499
-0.9184 12.5733 -2.3696 0.9500
-1.3686 12.5297 -2.3691 0.9500
-1.8169 12.4697 -2.3686 0.9500
-2.7051 12.3015 -2.3674 0.9500
-4.0081 11.9302 -2.3656 0.9501
-5.6669 11.2211 -2.3628 0.9501
-6.4529 10.7790 -2.3613 0.9502
-6.8333 10.5372 -2.3606 0.9502
-7.2046 10.2818 -2.3598 0.9502
-7.5663 10.0133 -2.3590 0.9502
-7.9180 9.7321 -2.3582 0.9502
-8.2724 9.4535 -2.3612 0.9502
-8.8915 9.4540 -2.4394 0.9485
-9.4713 9.3726 -2.5046 0.9472
-9.8128 9.0372 -2.5074 0.9472
-11.2477 7.1279 -2.5029 0.9472
-11.9353 5.8715 -2.5001 0.9473
-12.1339 5.4375 -2.4992 0.9473
-12.4835 4.5501 -2.4974 0.9474
-12.7684 3.6406 -2.4956 0.9474
-12.8863 3.1790 -2.4947 0.9474
-12.9875 2.7137 -2.4939 0.9474
-13.2241 0.8267 -2.4905 0.9475
-13.2410 0.3516 -2.4897 0.9475
-13.2408 -0.1236 -2.4889 0.9475
-13.1388 -1.5442 -2.4866 0.9476
-13.0712 -2.0140 -2.4859 0.9476
-12.8859 -2.9446 -2.4845 0.9476
-12.3198 -4.7529 -2.4820 0.9477
-11.2622 -6.8682 -2.4794 0.9477
-10.7371 -7.6556 -2.4786 0.9477
-10.4540 -8.0348 -2.4783 0.9478
-10.1576 -8.4035 -2.4779 0.9478
-9.5266 -9.1082 -2.4773 0.9478
-8.8473 -9.7661 -2.4769 0.9478
-6.7951 -8.6781 -2.0717 0.9561
-6.3897 -8.7928 -2.0430 0.9567
-6.0270 -8.9523 -2.0285 0.9570
-5.6279 -9.0439 -2.0021 0.9576
-4.1592 -9.4890 -1.9474 0.9587
-3.9122 -9.8746 -1.9964 0.9577
-3.1084 -9.8582 -1.9429 0.9588
-1.5844 -12.5072 -2.3697 0.9500
-0.2369 -12.9070 -2.4264 0.9488
0.2287 -13.0440 -2.4521 0.9483
1.1024 -12.3106 -2.3232 0.9509
2.1177 -13.0328 -2.4818 0.9477
2.4020 -12.0371 -2.3071 0.9513
2.8136 -11.8640 -2.2918 0.9516
3.5083 -12.7391 -2.4836 0.9476
3.9642 -12.6083 -2.4842 0.9476
4.4152 -12.4614 -2.4849 0.9476
4.8608 -12.2984 -2.4856 0.9476
5.3004 -12.1195 -2.4863 0.9476
5.7336 -11.9251 -2.4871 0.9476
6.1596 -11.7152 -2.4878 0.9476
6.5780 -11.4903 -2.4886 0.9475
8.8988 -9.8391 -2.4936 0.9474
9.2493 -9.5168 -2.4944 0.9474
9.9150 -8.8353 -2.4962 0.9474
10.2293 -8.4769 -2.4971 0.9474
10.5306 -8.1074 -2.4980 0.9473
10.8187 -7.7272 -2.4989 0.9473
11.0930 -7.3367 -2.4998 0.9473
11.3533 -6.9365 -2.5007 0.9473
12.0461 -5.6827 -2.5035 0.9472
12.4317 -4.8078 -2.5053 0.9472
12.7537 -3.9067 -2.5071 0.9472
13.2000 -2.0450 -2.5107 0.9471
13.2694 -1.5706 -2.5115 0.9471
13.3568 -0.6154 -2.5132 0.9470
13.3752 0.3442 -2.5148 0.9470
13.2043 2.2568 -2.5179 0.9469
13.0852 2.7229 -2.5122 0.9471
12.3694 3.0408 -2.3942 0.9495
12.1114 3.4425 -2.3666 0.9500
11.5054 5.1446 -2.3689 0.9500
11.3158 5.5553 -2.3694 0.9500
10.4125 7.1222 -2.3712 0.9500
7.8067 5.7616 -1.8237 0.9613
9.8780 7.8530 -2.3719 0.9499
9.5911 8.2034 -2.3722 0.9499
9.2918 8.5433 -2.3725 0.9499
6.8864 6.8035 -1.8195 0.9614
7.9769 9.7881 -2.3733 0.9499
6.2407 8.2450 -1.9436 0.9588
6.8798 10.5899 -2.3737 0.9499
6.4956 10.8301 -2.3737 0.9499
6.1028 11.0562 -2.3737 0.9499
4.8791 11.6471 -2.3735 0.9499
4.4579 11.8141 -2.3734 0.9499
4.0309 11.9656 -2.3733 0.9499
2.7211 12.3262 -2.3726 0.9499
2.2769 12.4144 -2.3724 0.9499
0.4772 12.6051 -2.3710 0.9500
0.0247 12.6119 -2.3705 0.9500
-0.8795 12.5763 -2.3696 0.9500
-2.2242 12.4008 -2.3681 0.9500
-2.6671 12.3101 -2.3675 0.9500
-3.9713 11.9429 -2.3656 0.9501
-4.8147 11.6208 -2.3643 0.9501
-5.6323 11.2389 -2.3629 0.9501
-6.0301 11.0261 -2.3622 0.9501
-6.4197 10.7993 -2.3614 0.9502
-6.8009 10.5585 -2.3606 0.9502
-7.1729 10.3044 -2.3599 0.9502
-7.5355 10.0370 -2.3591 0.9502
-7.8881 9.7569 -2.3583 0.9502
-9.4403 9.4000 -2.5040 0.9472
-9.7851 9.0678 -2.5075 0.9472
-10.1005 8.7078 -2.5066 0.9472
-10.4027 8.3368 -2.5057 0.9472
-11.2259 7.1629 -2.5030 0.9472
-11.9175 5.9086 -2.5002 0.9473
-12.1173 5.4753 -2.4993 0.9473
-12.8767 3.2190 -2.4948 0.9474
-13.1866 1.3419 -2.4914 0.9475
-13.2219 0.8677 -2.4905 0.9475
-13.2402 0.3926 -2.4897 0.9475
-13.0777 -1.9736 -2.4859 0.9476
-12.8952 -2.9048 -2.4845 0.9476
-12.6471 -3.8200 -2.4832 0.9476
-12.4989 -4.2703 -2.4826 0.9477
-12.1548 -5.1532 -2.4815 0.9477
-11.9595 -5.5847 -2.4809 0.9477
-11.7490 -6.0090 -2.4804 0.9477
-11.5236 -6.4254 -2.4799 0.9477
-11.0292 -7.2326 -2.4791 0.9477
-10.7609 -7.6225 -2.4787 0.9477
-10.4789 -8.0025 -2.4783 0.9478
-10.1837 -8.3721 -2.4779 0.9478
-9.8755 -8.7310 -2.4776 0.9478
-9.5548 -9.0787 -2.4774 0.9478
-9.2220 -9.4147 -2.4771 0.9478
-8.8775 -9.7387 -2.4769 0.9478
-8.5143 -10.0414 -2.4745 0.9478
-5.6605 -9.0338 -2.0038 0.9575
-5.2873 -9.1525 -1.9867 0.9579
-4.9182 -9.2661 -1.9718 0.9582
-4.1903 -9.4800 -1.9482 0.9587
-3.8298 -9.5800 -1.9392 0.9589
-3.3486 -11.9758 -2.3373 0.9506
-2.9209 -12.1055 -2.3407 0.9506
0.3546 11.1993 -2.3685 0.9552
-0.4493 11.1922 -2.3677 0.9552
-1.6484 11.0729 -2.3664 0.9553
-2.4371 10.9216 -2.3654 0.9553
-2.8268 10.8247 -2.3649 0.9553
-3.5941 10.5891 -2.3637 0.9553
-5.0666 9.9557 -2.3613 0.9554
-5.7643 9.5614 -2.3600 0.9554
-6.4314 9.1181 -2.3586 0.9554
-7.3783 9.0116 -2.4619 0.9535
-7.8328 8.8955 -2.5054 0.9527
-8.1565 8.6188 -2.5083 0.9526
-8.4578 8.3180 -2.5075 0.9527
-8.7480 8.0066 -2.5067 0.9527
-9.7907 6.6642 -2.5035 0.9527
-10.0203 6.3066 -2.5027 0.9527
-10.2367 5.9411 -2.5019 0.9528
-10.6295 5.1883 -2.5002 0.9528
-10.9671 4.4099 -2.4986 0.9528
-11.1146 4.0122 -2.4978 0.9528
-11.2478 3.6097 -2.4970 0.9529
-11.3665 3.2028 -2.4962 0.9529
-11.6933 1.5420 -2.4931 0.9529
-11.7808 0.2763 -2.4909 0.9530
-11.7798 -0.1465 -2.4902 0.9530
-11.7637 -0.5689 -2.4895 0.9530
-11.6864 -1.4102 -2.4882 0.9530
-11.5493 -2.2435 -2.4869 0.9530
-11.3532 -3.0645 -2.4857 0.9531
-11.2334 -3.4690 -2.4852 0.9531
-10.9510 -4.2638 -2.4841 0.9531
-10.6129 -5.0362 -2.4831 0.9531
-10.2208 -5.7822 -2.4822 0.9531
-10.0052 -6.1442 -2.4818 0.9531
-9.0184 -7.5082 -2.4805 0.9532
-8.7423 -7.8261 -2.4802 0.9532
-8.1570 -8.4313 -2.4798 0.9532
-7.8487 -8.7179 -2.4796 0.9532
-5.5936 -9.0512 -2.2491 0.9574
-5.2188 -9.1644 -2.2292 0.9578
-4.8496 -9.2750 -2.2124 0.9581
-4.1246 -9.4897 -2.1872 0.9586
-3.7647 -9.5890 -2.1775 0.9588
-3.0965 -9.9277 -2.1982 0.9584
-1.8556 -11.5869 -2.4804 0.9532
0.2422 -11.7402 -2.4822 0.9531
1.0839 -11.6967 -2.4830 0.9531
1.5031 -11.6525 -2.4835 0.9531
1.9206 -11.5934 -2.4840 0.9531
2.7482 -11.4307 -2.4851 0.9531
3.1573 -11.3273 -2.4856 0.9531
3.5625 -11.2093 -2.4862 0.9531
3.9633 -11.0769 -2.4868 0.9530
4.7499 -10.7697 -2.4881 0.9530
5.1346 -10.5951 -2.4887 0.9530
5.5129 -10.4069 -2.4894 0.9530
6.6048 -9.7625 -2.4915 0.9530
7.2922 -9.2693 -2.4930 0.9529
7.9430 -8.7278 -2.4945 0.9529
9.3880 -7.1815 -2.4985 0.9528
9.8852 -6.4940 -2.5001 0.9528
10.1151 -6.1371 -2.5009 0.9528
10.3322 -5.7722 -2.5017 0.9528
10.9032 -4.6331 -2.5042 0.9527
11.4686 -3.0296 -2.5074 0.9527
11.5736 -2.6170 -2.5082 0.9526
11.6636 -2.2007 -2.5090 0.9526
11.7987 -1.3595 -2.5105 0.9526
11.8434 -0.9356 -2.5113 0.9526
11.8728 -0.5102 -2.5120 0.9526
11.8857 0.3427 -2.5134 0.9525
11.8690 0.7692 -2.5141 0.9525
11.7269 2.0417 -2.5161 0.9525
11.6491 2.4617 -2.5168 0.9525
11.5501 2.8773 -2.5161 0.9525
11.4150 3.2828 -2.5107 0.9526
10.7810 3.5239 -2.3975 0.9547
10.4875 3.8497 -2.3615 0.9554
10.3637 4.2321 -2.3663 0.9553
10.2073 4.6021 -2.3668 0.9553
9.8546 5.3242 -2.3677 0.9552
9.6589 5.6753 -2.3681 0.9552
9.4505 6.0192 -2.3684 0.9552
9.2299 6.3553 -2.3688 0.9552
7.7705 5.7721 -2.0461 0.9612
6.6394 6.1426 -1.9119 0.9637
6.2866 6.2495 -1.8738 0.9644
5.9473 6.3524 -1.8394 0.9650
5.7392 6.5888 -1.8470 0.9649
5.9801 7.3845 -2.0086 0.9619
6.2676 8.3339 -2.2042 0.9583
6.0815 9.4247 -2.3709 0.9552
5.7395 9.6370 -2.3710 0.9552
4.6706 10.1976 -2.3709 0.9552
4.3016 10.3583 -2.3708 0.9552
3.9270 10.5054 -2.3707 0.9552
2.7749 10.8643 -2.3702 0.9552
2.3831 10.9559 -2.3700 0.9552
1.9882 11.0332 -2.3698 0.9552
1.5909 11.0962 -2.3695 0.9552
1.1916 11.1447 -2.3692 0.9552
-0.4146 11.1937 -2.3678 0.9552
-0.8158 11.1697 -2.3673 0.9552
-1.6141 11.0782 -2.3664 0.9553
-2.0101 11.0109 -2.3659 0.9553
-2.4034 10.9293 -2.3654 0.9553
-2.7933 10.8336 -2.3649 0.9553
-3.5613 10.6004 -2.3638 0.9553
-4.6761 10.1486 -2.3620 0.9553
-5.7348 9.5794 -2.3600 0.9554
-7.3195 8.9965 -2.4516 0.9537
-7.8039 8.9181 -2.5049 0.9527
-8.4322 8.3443 -2.5076 0.9527
-8.7234 8.0339 -2.5068 0.9527
-9.2711 7.3829 -2.5052 0.9527
-10.0010 6.3378 -2.5028 0.9527
-10.6137 5.2214 -2.5003 0.9528
-10.7907 4.8356 -2.4995 0.9528
-10.9537 4.4439 -2.4987 0.9528
-11.1025 4.0467 -2.4979 0.9528
-11.2369 3.6446 -2.4971 0.9529
-11.3568 3.2381 -2.4963 0.9529
-11.4621 2.8276 -2.4955 0.9529
-11.5525 2.4138 -2.4947 0.9529
-11.6281 1.9972 -2.4939 0.9529
-11.6887 1.5782 -2.4932 0.9529
-11.7343 1.1575 -2.4924 0.9529
-11.7802 0.3128 -2.4910 0.9530
-11.7657 -0.5324 -2.4896 0.9530
-11.7358 -0.9540 -2.4889 0.9530
-11.4670 -2.6203 -2.4864 0.9530
-11.1114 -3.8347 -2.4847 0.9531
-10.9644 -4.2300 -2.4841 0.9531
-10.8034 -4.6197 -2.4836 0.9531
-10.6286 -5.0034 -2.4832 0.9531
-10.4404 -5.3805 -2.4827 0.9531
-10.0243 -6.1133 -2.4819 0.9531
-9.7970 -6.4680 -2.4815 0.9531
-9.0417 -7.4803 -2.4805 0.9532
-7.5582 -8.9700 -2.4794 0.9532
-7.2311 -9.2349 -2.4793 0.9532
-6.4503 -8.8763 -2.3194 0.9561
-6.5498 -9.7289 -2.4791 0.9532
-5.2508 -9.1545 -2.2308 0.9578
-4.1555 -9.4805 -2.1880 0.9586
-3.7982 -9.5870 -2.1798 0.9587
-3.5274 -11.1873 -2.4795 0.9532
-2.7165 -11.4132 -2.4799 0.9532
-2.3055 -11.5044 -2.4802 0.9532
-1.8915 -11.5810 -2.4804 0.9532
-1.0564 -11.6897 -2.4810 0.9531
-0.6364 -11.7217 -2.4814 0.9531
-0.2154 -11.7387 -2.4817 0.9531
0.6271 -11.7278 -2.4826 0.9531
1.0477 -11.6998 -2.4830 0.9531
2.7128 -11.4389 -2.4850 0.9531
3.9289 -11.0889 -2.4868 0.9530
6.2174 -10.0094 -2.4907 0.9530
7.2633 -9.2916 -2.4929 0.9529
7.5943 -9.0277 -2.4937 0.9529
8.8186 -7.8583 -2.4968 0.9529
9.0978 -7.5393 -2.4976 0.9528
9.3654 -7.2103 -2.4984 0.9528
10.0958 -6.1683 -2.5008 0.9528
10.3140 -5.8040 -2.5017 0.9528
10.5190 -5.4319 -2.5025 0.9528
11.4589 -3.0650 -2.5073 0.9527
11.5651 -2.6527 -2.5081 0.9526
11.6565 -2.2368 -2.5089 0.9526
11.7328 -1.8177 -2.5097 0.9526
11.8401 -0.9722 -2.5112 0.9526
11.8864 0.3059 -2.5134 0.9526
11.8710 0.7324 -2.5141 0.9525
11.8404 1.1581 -2.5148 0.9525
11.7943 1.5826 -2.5154 0.9525
11.6564 2.4256 -2.5167 0.9525
11.5611 2.8421 -2.5165 0.9525
10.3766 4.1999 -2.3663 0.9553
10.2213 4.5704 -2.3667 0.9553
10.0527 4.9352 -2.3672 0.9552
9.8709 5.2936 -2.3676 0.9552
9.4690 5.9898 -2.3684 0.9552
7.8063 5.7613 -2.0508 0.9611
7.4265 5.9040 -2.0054 0.9620
6.3165 6.2405 -1.8769 0.9643
5.9760 6.3437 -1.8422 0.9650
5.6836 6.4844 -1.8227 0.9654
6.1106 9.4059 -2.3709 0.9552
5.7693 9.6192 -2.3710 0.9552
5.0646 10.0081 -2.3710 0.9552
4.7022 10.1831 -2.3709 0.9552
4.3337 10.3449 -2.3708 0.9552
2.8085 10.8558 -2.3702 0.9552
2.0224 11.0271 -2.3698 0.9552
1.6253 11.0913 -2.3695 0.9552
0.4239 11.1972 -2.3686 0.9552
0.0219 11.2034 -2.3682 0.9552
-0.7813 11.1723 -2.3674 0.9552
-1.5798 11.0833 -2.3665 0.9553
-1.9761 11.0172 -2.3660 0.9553
-2.3696 10.9369 -2.3655 0.9553
-2.7598 10.8424 -2.3649 0.9553
-3.1463 10.7339 -2.3644 0.9553
-3.5286 10.6116 -2.3638 0.9553
-3.9061 10.4756 -2.3632 0.9553
-5.0051 9.9873 -2.3614 0.9554
-5.3588 9.7986 -2.3607 0.9554
-5.7052 9.5974 -2.3601 0.9554
-6.0442 9.3838 -2.3594 0.9554
-6.3751 9.1582 -2.3587 0.9554
-7.7749 8.9406 -2.5045 0.9527
-8.9795 7.7413 -2.5061 0.9527
-9.2484 7.4118 -2.5053 0.9527
-6.0728 4.1888 -1.5594 0.9703
-10.7759 4.8692 -2.4996 0.9528
-10.9402 4.4779 -2.4987 0.9528
-11.6222 2.0332 -2.4940 0.9529
-11.6841 1.6144 -2.4932 0.9529
-11.7795 0.3493 -2.4910 0.9530
-11.7811 -0.0735 -2.4903 0.9530
-11.7676 -0.4960 -2.4896 0.9530
-11.6368 -1.7562 -2.4876 0.9530
-11.5634 -2.1720 -2.4870 0.9530
-11.4752 -2.5849 -2.4864 0.9530
-11.3724 -2.9942 -2.4858 0.9531
-11.2551 -3.3996 -2.4853 0.9531
-10.9776 -4.1961 -2.4842 0.9531
-10.8178 -4.5863 -2.4837 0.9531
-10.2567 -5.7190 -2.4823 0.9531
-9.8171 -6.4378 -2.4815 0.9531
-9.5784 -6.7849 -2.4812 0.9531
-9.0649 -7.4524 -2.4805 0.9532
-8.7907 -7.7719 -2.4803 0.9532
-8.5054 -8.0815 -2.4800 0.9532
-8.2092 -8.3808 -2.4798 0.9532
-7.9026 -8.6692 -2.4796 0.9532
-7.2597 -9.2125 -2.4793 0.9532
-6.4232 -8.7816 -2.2998 0.9565
-4.1865 -9.4713 -2.1889 0.9585
-3.5620 -11.1762 -2.4795 0.9532
-2.7518 -11.4047 -2.4799 0.9532
0.6796 10.0479 -2.3669 0.9595
0.3187 10.0644 -2.3666 0.9595
-0.0426 10.0680 -2.3662 0.9595
-0.4038 10.0584 -2.3659 0.9595
-1.4815 9.9518 -2.3647 0.9595
-1.8372 9.8904 -2.3642 0.9595
-2.1905 9.8162 -2.3638 0.9595
-2.8876 9.6299 -2.3628 0.9595
-3.2305 9.5180 -2.3623 0.9595
-3.5691 9.3939 -2.3618 0.9595
-4.5546 8.9496 -2.3601 0.9596
-5.5428 8.4894 -2.3828 0.9592
-6.0885 8.6320 -2.4826 0.9575
-6.4548 8.4876 -2.5061 0.9571
-7.0532 8.0100 -2.5083 0.9571
-7.6051 7.4794 -2.5069 0.9571
-6.0288 4.4283 -1.7581 0.9697
-8.8051 5.9934 -2.5033 0.9572
-9.3899 5.0081 -2.5011 0.9572
-9.7191 4.3194 -2.4996 0.9572
-10.1182 3.2472 -2.4975 0.9573
-10.3191 2.5118 -2.4960 0.9573
-10.3997 2.1394 -2.4953 0.9573
-10.6002 0.2486 -2.4920 0.9574
-10.5854 -0.5119 -2.4907 0.9574
-10.5577 -0.8911 -2.4901 0.9574
-10.5164 -1.2690 -2.4895 0.9574
-10.4617 -1.6452 -2.4889 0.9574
-10.3122 -2.3901 -2.4878 0.9574
-10.2176 -2.7579 -2.4873 0.9574
-9.9895 -3.4822 -2.4863 0.9575
-9.1998 -5.2046 -2.4842 0.9575
-8.1181 -6.7586 -2.4826 0.9575
-7.6111 -7.3220 -2.4821 0.9575
-7.3429 -7.5898 -2.4819 0.9575
-7.0654 -7.8478 -2.4818 0.9575
-6.4837 -8.3334 -2.4815 0.9575
-4.8920 -9.3560 -2.4813 0.9575
-4.5532 -9.5256 -2.4813 0.9575
-4.2086 -9.6831 -2.4814 0.9575
-3.8586 -9.8282 -2.4815 0.9575
-3.4110 -9.6972 -2.4159 0.9586
-3.1442 -10.0806 -2.4817 0.9575
-1.6704 -10.4301 -2.4826 0.9575
-1.2952 -10.4845 -2.4828 0.9575
-0.9183 -10.5254 -2.4831 0.9575
0.2180 -10.5674 -2.4841 0.9575
0.5971 -10.5544 -2.4845 0.9575
0.9756 -10.5279 -2.4849 0.9575
2.1023 -10.3677 -2.4862 0.9575
2.8415 -10.1943 -2.4872 0.9574
3.9230 -9.8364 -2.4888 0.9574
4.2744 -9.6915 -2.4894 0.9574
4.9607 -9.3646 -2.4906 0.9574
5.6223 -8.9892 -2.4919 0.9574
6.2558 -8.5674 -2.4932 0.9573
7.9550 -7.0447 -2.4973 0.9573
8.2050 -6.7567 -2.4981 0.9573
8.4446 -6.4598 -2.4988 0.9573
9.0978 -5.5199 -2.5010 0.9572
9.4758 -4.8561 -2.5024 0.9572
10.4065 -2.3531 -2.5075 0.9571
10.4872 -1.9787 -2.5082 0.9571
10.5544 -1.6017 -2.5089 0.9571
10.6079 -1.2223 -2.5096 0.9571
10.6740 -0.4587 -2.5109 0.9570
10.6849 0.3081 -2.5122 0.9570
10.5411 1.8352 -2.5147 0.9570
10.3869 2.5875 -2.5158 0.9570
10.2896 2.9592 -2.5163 0.9570
9.1736 4.1361 -2.3650 0.9595
9.0208 4.4633 -2.3654 0.9595
8.8563 4.7849 -2.3658 0.9595
6.6391 6.1423 -2.1257 0.9635
6.2863 6.2492 -2.0832 0.9642
5.9470 6.3521 -2.0450 0.9649
5.4646 8.4688 -2.3688 0.9594
4.8433 8.8390 -2.3688 0.9594
4.1969 9.1633 -2.3687 0.9594
3.8653 9.3077 -2.3687 0.9594
3.1876 9.5600 -2.3684 0.9594
2.0428 6.9483 -1.7021 0.9707
2.1414 9.8451 -2.3679 0.9594
1.4297 9.9713 -2.3675 0.9595
1.0709 10.0151 -2.3672 0.9595
0.3498 10.0635 -2.3666 0.9595
-0.0115 10.0682 -2.3663 0.9595
-0.7332 10.0383 -2.3655 0.9595
-1.4507 9.9565 -2.3647 0.9595
-1.8066 9.8962 -2.3643 0.9595
-2.1601 9.8231 -2.3638 0.9595
-2.5106 9.7373 -2.3633 0.9595
-2.8578 9.6389 -2.3628 0.9595
-3.2011 9.5281 -2.3623 0.9595
-3.5401 9.4050 -2.3618 0.9595
-3.8744 9.2698 -2.3613 0.9596
-4.2035 9.1227 -2.3607 0.9596
-4.5270 8.9639 -2.3601 0.9596
-5.1555 8.6118 -2.3589 0.9596
-6.0398 8.6195 -2.4736 0.9577
-6.4276 8.5063 -2.5057 0.9571
-8.3372 6.6392 -2.5048 0.9572
-6.0258 4.4548 -1.7612 0.9697
-6.2471 3.9589 -1.7382 0.9701
-9.1905 5.3720 -2.5019 0.9572
-9.3746 5.0373 -2.5012 0.9572
-9.5464 4.6963 -2.5004 0.9572
-9.8529 3.9973 -2.4990 0.9573
-9.9871 3.6402 -2.4982 0.9573
-10.1083 3.2786 -2.4975 0.9573
-10.2165 2.9129 -2.4968 0.9573
-10.5164 1.4199 -2.4940 0.9573
-10.5577 1.0414 -2.4934 0.9573
-10.5855 0.6618 -2.4927 0.9574
-10.5872 -0.4791 -2.4908 0.9574
-10.4669 -1.6128 -2.4890 0.9574
-10.4000 -1.9868 -2.4884 0.9574
-10.3197 -2.3582 -2.4879 0.9574
-10.1198 -3.0908 -2.4868 0.9575
-9.8683 -3.8071 -2.4859 0.9575
-9.3972 -4.8429 -2.4846 0.9575
-9.2160 -5.1762 -2.4842 0.9575
-8.6029 -6.1339 -2.4832 0.9575
-7.8914 -7.0205 -2.4824 0.9575
-7.3664 -7.5671 -2.4820 0.9575
-6.8039 -8.0748 -2.4816 0.9575
-6.5095 -8.3133 -2.4815 0.9575
-6.2068 -8.5412 -2.4814 0.9575
-5.5781 -8.9639 -2.4813 0.9575
-4.9209 -9.3408 -2.4813 0.9575
-4.2386 -9.6700 -2.4814 0.9575
-3.8890 -9.8162 -2.4815 0.9575
-3.4415 -9.6881 -2.4163 0.9586
-3.1754 -10.0708 -2.4817 0.9575
-2.4454 -10.2740 -2.4821 0.9575
-1.3277 -10.4803 -2.4828 0.9575
-0.9509 -10.5224 -2.4831 0.9575
0.9430 -10.5307 -2.4849 0.9575
1.3204 -10.4919 -2.4853 0.9575
2.4415 -10.2950 -2.4867 0.9575
2.8099 -10.2029 -2.4872 0.9574
3.8924 -9.8483 -2.4888 0.9574
4.2442 -9.7045 -2.4894 0.9574
5.9154 -8.8022 -2.4925 0.9574
6.5349 -8.3598 -2.4938 0.9573
7.1214 -7.8739 -2.4952 0.9573
7.9330 -7.0691 -2.4973 0.9573
8.6542 -6.1812 -2.4994 0.9572
8.8729 -5.8684 -2.5002 0.9572
9.2764 -5.2201 -2.5016 0.9572
9.6325 -4.5441 -2.5031 0.9572
10.0738 -3.4858 -2.5053 0.9571
10.1953 -3.1230 -2.5060 0.9571
10.3037 -2.7560 -2.5067 0.9571
10.6449 -0.8741 -2.5102 0.9571
10.6858 -0.1085 -2.5115 0.9570
10.6856 0.2750 -2.5122 0.9570
10.6715 0.6584 -2.5128 0.9570
10.6436 1.0411 -2.5134 0.9570
10.6019 1.4226 -2.5140 0.9570
10.5465 1.8025 -2.5146 0.9570
10.3947 2.5553 -2.5157 0.9570
10.0405 3.6504 -2.5109 0.9571
9.5880 3.8807 -2.4310 0.9584
9.1862 4.1076 -2.3650 0.9595
9.0345 4.4353 -2.3654 0.9595
8.6959 5.0734 -2.3661 0.9595
8.5095 5.3829 -2.3665 0.9595
8.3120 5.6855 -2.3668 0.9595
7.3928 5.8772 -2.2196 0.9619
6.3162 6.2402 -2.0867 0.9642
5.9758 6.3434 -2.0482 0.9648
5.7201 6.5260 -2.0395 0.9650
5.9575 7.3102 -2.2163 0.9620
5.7904 8.2492 -2.3687 0.9594
5.4908 8.4518 -2.3688 0.9594
5.1841 8.6435 -2.3688 0.9594
4.8707 8.8240 -2.3688 0.9594
4.5509 8.9930 -2.3688 0.9594
4.2253 9.1503 -2.3687 0.9594
3.8941 9.2957 -2.3687 0.9594
3.5580 9.4291 -2.3686 0.9594
3.2172 9.5502 -2.3684 0.9594
2.5237 9.7550 -2.3681 0.9594
2.1719 9.8384 -2.3679 0.9594
1.8174 9.9091 -2.3677 0.9594
0.7419 10.0437 -2.3669 0.9595
-0.3415 10.0610 -2.3659 0.9595
-2.8280 9.6479 -2.3629 0.9595
-3.5110 9.4161 -2.3618 0.9595
-3.8457 9.2820 -2.3613 0.9596
-4.4993 8.9780 -2.3602 0.9596
-4.8173 8.8086 -2.3596 0.9596
-5.1290 8.6279 -2.3590 0.9596
-5.4528 8.4656 -2.3666 0.9595
-5.9915 8.6072 -2.4647 0.9578
-6.4002 8.5249 -2.5054 0.9571
-7.0038 8.0539 -2.5085 0.9571
-7.2862 7.7953 -2.5078 0.9571
-7.5590 7.5267 -2.5071 0.9571
-7.8220 7.2486 -2.5063 0.9571
-8.9770 5.7279 -2.5027 0.9572
-9.1740 5.4006 -2.5020 0.9572
-9.6927 4.3797 -2.4998 0.9572
-9.8407 4.0279 -2.4990 0.9572
-9.9760 3.6712 -2.4983 0.9573
-10.0984 3.3100 -2.4976 0.9573
-10.2077 2.9447 -2.4969 0.9573
-10.3039 2.5758 -2.4962 0.9573
-10.3867 2.2038 -2.4955 0.9573
-10.5547 1.0741 -2.4934 0.9573
-10.5836 0.6945 -2.4927 0.9574
-10.6007 -0.0662 -2.4915 0.9574
-10.5245 -1.2039 -2.4896 0.9574
-10.3271 -2.3263 -2.4879 0.9574
-10.2349 -2.6947 -2.4874 0.9574
-10.0112 -3.4204 -2.4864 0.9575
-9.8802 -3.7766 -2.4859 0.9575
-9.7366 -4.1279 -2.4855 0.9575
-9.4123 -4.8139 -2.4846 0.9575
-9.2321 -5.1477 -2.4842 0.9575
-8.8366 -5.7948 -2.4835 0.9575
-8.1599 -6.7084 -2.4826 0.9575
-7.6564 -7.2748 -2.4822 0.9575
-6.5352 -8.2931 -2.4815 0.9575
-5.2812 -9.1419 -2.4813 0.9575
-3.9194 -9.8040 -2.4815 0.9575
-3.2066 -10.0609 -2.4817 0.9575
-2.8437 -10.1701 -2.4819 0.9575
0.6165 9.1143 -2.3653 0.9630
-0.3663 9.1243 -2.3643 0.9630
-1.3439 9.0279 -2.3633 0.9630
-1.9872 8.9052 -2.3624 0.9630
-3.5411 8.3994 -2.3601 0.9630
-3.8394 8.2651 -2.3596 0.9630
-4.5400 8.1807 -2.4224 0.9621
-4.9921 8.2805 -2.5035 0.9608
-5.8658 7.7131 -2.5090 0.9608
-6.4006 7.2690 -2.5077 0.9608
-6.2493 4.2537 -1.9573 0.9692
-8.3571 4.8502 -2.5018 0.9609
-8.6788 4.2362 -2.5005 0.9609
-8.9555 3.6010 -2.4992 0.9609
-9.2833 2.6158 -2.4972 0.9609
-9.3687 2.2805 -2.4966 0.9609
-9.4421 1.9424 -2.4959 0.9610
-9.5033 1.6019 -2.4953 0.9610
-9.5523 1.2596 -2.4947 0.9610
-9.5890 0.9159 -2.4941 0.9610
-9.6134 0.5711 -2.4935 0.9610
-9.5501 -1.1524 -2.4906 0.9610
-9.5006 -1.4940 -2.4901 0.9610
-9.2795 -2.5047 -2.4886 0.9611
-8.8196 -3.8038 -2.4869 0.9611
-8.6761 -4.1171 -2.4865 0.9611
-8.5216 -4.4251 -2.4861 0.9611
-8.3561 -4.7273 -2.4858 0.9611
-7.9936 -5.3130 -2.4851 0.9611
-7.7969 -5.5957 -2.4849 0.9611
-7.5903 -5.8713 -2.4846 0.9611
-7.1484 -6.3992 -2.4841 0.9611
-6.1578 -7.3541 -2.4835 0.9611
-5.8897 -7.5699 -2.4834 0.9611
-5.3314 -7.9723 -2.4832 0.9611
-5.0419 -8.1584 -2.4832 0.9611
-4.4438 -8.4989 -2.4832 0.9611
-4.1361 -8.6530 -2.4832 0.9611
-3.8231 -8.7960 -2.4833 0.9611
-3.1827 -9.0482 -2.4834 0.9611
-2.8562 -9.1570 -2.4836 0.9611
-2.5259 -9.2542 -2.4837 0.9611
-2.1924 -9.3395 -2.4839 0.9611
-1.8561 -9.4129 -2.4841 0.9611
-1.5173 -9.4742 -2.4843 0.9611
-1.1765 -9.5235 -2.4845 0.9611
-0.4906 -9.5854 -2.4851 0.9611
-0.1464 -9.5981 -2.4854 0.9611
0.1980 -9.5984 -2.4857 0.9611
0.8861 -9.5622 -2.4864 0.9611
1.2288 -9.5257 -2.4868 0.9611
2.9117 -9.1616 -2.4890 0.9611
3.2392 -9.0530 -2.4895 0.9611
4.1958 -8.6580 -2.4911 0.9610
4.5047 -8.5038 -2.4916 0.9610
4.8080 -8.3386 -2.4922 0.9610
5.1053 -8.1626 -2.4928 0.9610
5.3961 -7.9760 -2.4934 0.9610
5.6802 -7.7792 -2.4940 0.9610
6.2265 -7.3554 -2.4952 0.9610
6.4880 -7.1291 -2.4958 0.9610
7.2220 -6.3956 -2.4977 0.9609
7.6661 -5.8643 -2.4990 0.9609
8.0712 -5.3023 -2.5004 0.9609
8.2584 -5.0106 -2.5010 0.9609
8.4351 -4.7123 -2.5017 0.9609
8.8997 -3.7817 -2.5037 0.9608
9.4441 -2.1355 -2.5070 0.9608
9.5170 -1.7957 -2.5076 0.9608
9.5777 -1.4535 -2.5082 0.9608
9.6261 -1.1092 -2.5089 0.9608
9.6856 -0.4162 -2.5101 0.9607
9.6950 0.2796 -2.5113 0.9607
9.6543 0.9745 -2.5124 0.9607
9.6152 1.3206 -2.5129 0.9607
9.4997 2.0075 -2.5140 0.9607
9.4234 2.3475 -2.5145 0.9607
9.2343 3.0184 -2.5154 0.9607
8.9916 3.6718 -2.5147 0.9607
8.8402 3.9858 -2.5108 0.9607
8.0633 4.3564 -2.3730 0.9628
7.8740 4.6266 -2.3646 0.9630
7.1345 5.7081 -2.3657 0.9630
6.9258 5.9609 -2.3659 0.9629
6.5638 6.0726 -2.3153 0.9637
6.2150 6.1783 -2.2690 0.9644
5.8836 6.2845 -2.2290 0.9651
5.6289 6.4623 -2.2189 0.9652
5.7527 7.1037 -2.3667 0.9629
5.4944 7.3058 -2.3668 0.9629
5.2289 7.4985 -2.3669 0.9629
4.9566 7.6814 -2.3670 0.9629
4.1025 8.1696 -2.3670 0.9629
3.8067 8.3113 -2.3669 0.9629
3.5059 8.4423 -2.3669 0.9629
3.2007 8.5624 -2.3668 0.9629
2.0389 6.9348 -1.8715 0.9706
2.2617 8.8552 -2.3664 0.9629
1.9424 8.9300 -2.3662 0.9629
1.2968 9.0447 -2.3658 0.9629
0.6447 9.1125 -2.3653 0.9630
0.3173 9.1286 -2.3650 0.9630
-0.6651 9.1061 -2.3640 0.9630
-0.9913 9.0750 -2.3637 0.9630
-1.6389 8.9776 -2.3629 0.9630
-3.2118 8.5329 -2.3607 0.9630
-3.5152 8.4104 -2.3602 0.9630
-3.8138 8.2771 -2.3597 0.9630
-4.5013 8.1705 -2.4153 0.9622
-5.2680 8.1233 -2.5068 0.9608
-5.5622 7.9380 -2.5096 0.9607
-5.8420 7.7314 -2.5090 0.9608
-6.1142 7.5150 -2.5084 0.9608
-6.6340 7.0536 -2.5071 0.9608
-7.1191 6.5563 -2.5058 0.9608
-7.3478 6.2951 -2.5052 0.9608
-7.5669 6.0258 -2.5045 0.9608
-6.0474 4.4708 -1.9472 0.9694
-6.2254 3.9452 -1.9083 0.9700
-8.3422 4.8762 -2.5019 0.9609
-8.5095 4.5725 -2.5012 0.9609
-8.8108 3.9484 -2.4999 0.9609
-8.9445 3.6288 -2.4992 0.9609
-9.0665 3.3047 -2.4986 0.9609
-9.1768 2.9765 -2.4979 0.9609
-9.3618 2.3095 -2.4966 0.9609
-9.4362 1.9716 -2.4960 0.9610
-9.5486 1.2892 -2.4947 0.9610
-9.6117 0.6009 -2.4935 0.9610
-9.6248 0.2556 -2.4929 0.9610
-9.6256 -0.0899 -2.4923 0.9610
-9.5900 -0.7796 -2.4912 0.9610
-9.5538 -1.1229 -2.4907 0.9610
-9.4448 -1.8044 -2.4896 0.9610
-9.3721 -2.1416 -2.4891 0.9611
-9.2874 -2.4760 -2.4887 0.9611
-9.0826 -3.1345 -2.4878 0.9611
-8.9628 -3.4578 -2.4873 0.9611
-8.8315 -3.7765 -2.4869 0.9611
-8.3708 -4.7015 -2.4858 0.9611
-8.1957 -4.9981 -2.4855 0.9611
-7.6085 -5.8478 -2.4846 0.9611
-7.1682 -6.3771 -2.4841 0.9611
-6.1806 -7.3350 -2.4835 0.9611
-5.6382 -7.7587 -2.4833 0.9611
-4.4701 -8.4851 -2.4832 0.9611
-4.1629 -8.6401 -2.4832 0.9611
-3.8503 -8.7841 -2.4833 0.9611
-3.5327 -8.9169 -2.4833 0.9611
-3.2107 -9.0383 -2.4834 0.9611
-2.2213 -9.3326 -2.4839 0.9611
-1.8852 -9.4070 -2.4841 0.9611
-0.8637 -9.5579 -2.4848 0.9611
0.5127 -9.5879 -2.4860 0.9611
1.1993 -9.5294 -2.4868 0.9611
2.2174 -9.3501 -2.4880 0.9611
2.5519 -9.2662 -2.4885 0.9611
3.5349 -8.9436 -2.4900 0.9610
4.1689 -8.6708 -2.4910 0.9610
4.7821 -8.3533 -2.4921 0.9610
5.0799 -8.1782 -2.4927 0.9610
5.9335 -7.5904 -2.4945 0.9610
6.2035 -7.3745 -2.4951 0.9610
6.4658 -7.1490 -2.4958 0.9610
6.9653 -6.6703 -2.4970 0.9609
7.6477 -5.8879 -2.4990 0.9609
8.2427 -5.0360 -2.5010 0.9609
8.5871 -4.4343 -2.5023 0.9609
8.7430 -4.1245 -2.5030 0.9608
9.1429 -3.1637 -2.5050 0.9608
9.2529 -2.8344 -2.5056 0.9608
9.3511 -2.5012 -2.5063 0.9608
9.4372 -2.1646 -2.5069 0.9608
9.5112 -1.8251 -2.5076 0.9608
9.6961 -0.0985 -2.5106 0.9607
9.6191 1.2908 -2.5129 0.9607
9.5686 1.6354 -2.5134 0.9607
9.5057 1.9780 -2.5139 0.9607
9.4305 2.3183 -2.5144 0.9607
9.2434 2.9897 -2.5154 0.9607
9.0042 3.6444 -2.5151 0.9607
8.8537 3.9589 -2.5111 0.9607
8.5412 4.1931 -2.4636 0.9614
8.1000 4.3439 -2.3798 0.9627
7.8882 4.6021 -2.3646 0.9630
7.7190 4.8828 -2.3649 0.9630
7.3507 5.4251 -2.3654 0.9630
7.1521 5.6859 -2.3657 0.9630
6.9442 5.9394 -2.3659 0.9629
6.5945 6.0633 -2.3195 0.9637
5.9098 6.2733 -2.2315 0.9650
5.6489 6.4448 -2.2189 0.9652
4.9803 7.6660 -2.3670 0.9629
4.7021 7.8399 -2.3670 0.9629
4.4178 8.0035 -2.3670 0.9629
4.1278 8.1568 -2.3670 0.9629
3.8324 8.2995 -2.3669 0.9629
3.2272 8.5524 -2.3668 0.9629
2.9181 8.6623 -2.3667 0.9629
1.6485 8.9882 -2.3660 0.9629
0.9995 9.0815 -2.3656 0.9630
0.3456 9.1277 -2.3650 0.9630
-0.3098 9.1266 -2.3644 0.9630
-0.6369 9.1083 -2.3641 0.9630
-0.9632 9.0782 -2.3637 0.9630
-1.2880 9.0363 -2.3633 0.9630
-1.6112 8.9828 -2.3629 0.9630
-2.2504 8.8410 -2.3621 0.9630
-2.8775 8.6535 -2.3612 0.9630
-3.1855 8.5430 -2.3607 0.9630
-4.0823 8.1460 -2.3592 0.9631
-4.9231 8.2816 -2.4945 0.9610
-5.2421 8.1385 -2.5065 0.9608
-6.0910 7.5340 -2.5085 0.9608
-6.6123 7.0743 -2.5072 0.9608
-6.8601 6.8307 -2.5065 0.9608
-7.0989 6.5785 -2.5059 0.9608
-7.3284 6.3179 -2.5052 0.9608
-7.5484 6.0493 -2.5046 0.9608
-6.0299 4.4869 -1.9461 0.9694
-6.2184 3.9678 -1.9099 0.9700
-8.3273 4.9021 -2.5019 0.9609
-8.4955 4.5989 -2.5013 0.9609
-8.6528 4.2900 -2.5006 0.9609
-8.7988 3.9758 -2.4999 0.9609
-9.2673 2.6734 -2.4973 0.9609
-9.4303 2.0009 -2.4960 0.9610
-9.4936 1.6608 -2.4954 0.9610
-9.5447 1.3188 -2.4948 0.9610
-9.6100 0.6306 -2.4936 0.9610
-9.6242 0.2854 -2.4930 0.9610
-9.5574 -1.0933 -2.4907 0.9610
-8.9736 -3.4301 -2.4874 0.9611
-8.8433 -3.7492 -2.4870 0.9611
-8.5490 -4.3723 -2.4862 0.9611
-8.3854 -4.6756 -2.4858 0.9611
-8.2112 -4.9728 -2.4855 0.9611
-8.0265 -5.2635 -2.4852 0.9611
-7.6266 -5.8242 -2.4846 0.9611
-7.4120 -6.0935 -2.4844 0.9611
-7.1880 -6.3549 -2.4842 0.9611
-6.9548 -6.6082 -2.4840 0.9611
-6.7127 -6.8530 -2.4838 0.9611
-5.9365 -7.5334 -2.4834 0.9611
-4.4964 -8.4712 -2.4832 0.9611
-3.8774 -8.7721 -2.4832 0.9611
-3.5603 -8.9059 -2.4833 0.9611
-2.9128 -9.1391 -2.4835 0.9611
-2.5832 -9.2382 -2.4837 0.9611
-2.2502 -9.3256 -2.4839 0.9611
-0.0354 8.3482 -2.3634 0.9659
-0.3348 8.3406 -2.3631 0.9659
-2.1072 8.0691 -2.3609 0.9659
-2.6795 7.8945 -2.3601 0.9659
-2.9604 7.7918 -2.3597 0.9659
-4.0139 7.8872 -2.5053 0.9639
-4.2997 7.7479 -2.5085 0.9638
-4.5777 7.5931 -2.5100 0.9638
-4.8461 7.4224 -2.5094 0.9638
-5.1082 7.2422 -2.5089 0.9638
-5.3636 7.0527 -2.5083 0.9638
-5.6119 6.8542 -2.5078 0.9638
-6.0861 6.4311 -2.5066 0.9639
-6.3115 6.2071 -2.5060 0.9639
-6.5286 5.9753 -2.5054 0.9639
-6.7371 5.7358 -2.5048 0.9639
-6.9369 5.4891 -2.5042 0.9639
-7.1277 5.2354 -2.5036 0.9639
-7.3091 4.9751 -2.5030 0.9639
-7.6434 4.4360 -2.5018 0.9639
-7.7957 4.1579 -2.5012 0.9639
-7.9379 3.8746 -2.5006 0.9639
-8.0699 3.5864 -2.5000 0.9640
-8.1914 3.2937 -2.4994 0.9640
-8.4024 2.6966 -2.4982 0.9640
-8.5701 2.0861 -2.4970 0.9640
-8.6936 1.4655 -2.4958 0.9640
-8.7386 1.1523 -2.4953 0.9640
-8.7949 0.5225 -2.4942 0.9640
-8.8059 -0.1095 -2.4931 0.9641
-8.7945 -0.4253 -2.4926 0.9641
-8.7378 -1.0544 -2.4916 0.9641
-8.6927 -1.3670 -2.4911 0.9641
-8.4017 -2.5946 -2.4893 0.9641
-8.3019 -2.8939 -2.4889 0.9641
-7.6467 -4.3260 -2.4871 0.9641
-7.4856 -4.5970 -2.4868 0.9641
-7.3151 -4.8620 -2.4865 0.9641
-6.9461 -5.3730 -2.4860 0.9642
-5.8736 -6.5240 -2.4851 0.9642
-5.3901 -6.9278 -2.4849 0.9642
-4.0669 -7.7780 -2.4847 0.9642
-3.4988 -8.0499 -2.4848 0.9642
-2.9127 -8.2806 -2.4850 0.9642
-2.6139 -8.3802 -2.4851 0.9642
-2.0064 -8.5471 -2.4854 0.9642
-1.6986 -8.6142 -2.4856 0.9642
-1.3885 -8.6703 -2.4858 0.9642
-1.0767 -8.7153 -2.4860 0.9642
0.1812 -8.7835 -2.4871 0.9641
0.4963 -8.7724 -2.4874 0.9641
0.8108 -8.7502 -2.4877 0.9641
1.4367 -8.6720 -2.4884 0.9641
1.7471 -8.6162 -2.4888 0.9641
2.3613 -8.4715 -2.4897 0.9641
2.6642 -8.3828 -2.4901 0.9641
3.2597 -8.1732 -2.4910 0.9641
4.3989 -7.6289 -2.4930 0.9641
4.6707 -7.4678 -2.4935 0.9640
4.9367 -7.2970 -2.4941 0.9640
5.1965 -7.1167 -2.4946 0.9640
5.9351 -6.5216 -2.4963 0.9640
6.1667 -6.3059 -2.4969 0.9640
7.0120 -5.3640 -2.4993 0.9640
7.2017 -5.1102 -2.4999 0.9640
7.3822 -4.8497 -2.5005 0.9639
7.7147 -4.3099 -2.5017 0.9639
7.8663 -4.0313 -2.5023 0.9639
8.1391 -3.4585 -2.5035 0.9639
8.2600 -3.1650 -2.5041 0.9639
8.3702 -2.8673 -2.5047 0.9639
8.4697 -2.5658 -2.5053 0.9639
8.6360 -1.9527 -2.5065 0.9639
8.7025 -1.6420 -2.5071 0.9639
8.7579 -1.3290 -2.5077 0.9638
8.8559 -0.3805 -2.5094 0.9638
8.8658 -0.0626 -2.5099 0.9638
8.8642 0.2556 -2.5104 0.9638
8.8511 0.5736 -2.5109 0.9638
8.8266 0.8910 -2.5115 0.9638
8.7434 1.5222 -2.5124 0.9638
8.5339 2.4542 -2.5138 0.9638
8.4417 2.7593 -2.5142 0.9638
8.3386 3.0609 -2.5146 0.9637
8.2247 3.3586 -2.5150 0.9637
7.2249 4.6016 -2.4249 0.9650
6.8774 4.7355 -2.3638 0.9659
6.7038 4.9797 -2.3641 0.9659
6.1315 5.6727 -2.3647 0.9659
5.9244 5.8895 -2.3649 0.9659
5.0220 6.6777 -2.3653 0.9659
4.7793 6.8538 -2.3654 0.9659
4.5304 7.0210 -2.3655 0.9659
4.2756 7.1790 -2.3655 0.9659
3.2045 7.7165 -2.3654 0.9659
2.9255 7.8262 -2.3653 0.9659
2.0673 8.0940 -2.3649 0.9659
1.7754 8.1624 -2.3648 0.9659
1.4813 8.2202 -2.3646 0.9659
0.8879 8.3038 -2.3642 0.9659
0.5893 8.3295 -2.3639 0.9659
0.2901 8.3443 -2.3637 0.9659
-0.9061 8.2958 -2.3624 0.9659
-2.9363 7.8011 -2.3597 0.9659
-3.9891 7.8988 -2.5051 0.9639
-4.2753 7.7603 -2.5082 0.9638
-4.8232 7.4375 -2.5095 0.9638
-5.0859 7.2581 -2.5089 0.9638
-5.3418 7.0694 -2.5084 0.9638
-5.5907 6.8716 -2.5078 0.9638
-6.0663 6.4500 -2.5067 0.9639
-6.2923 6.2268 -2.5061 0.9639
-6.7195 5.7568 -2.5049 0.9639
-6.9200 5.5107 -2.5043 0.9639
-7.1116 5.2576 -2.5037 0.9639
-7.2939 4.9978 -2.5031 0.9639
-6.2036 3.9313 -2.0791 0.9699
-7.7830 4.1821 -2.5012 0.9639
-7.9261 3.8992 -2.5006 0.9639
-8.0589 3.6114 -2.5000 0.9640
-8.2931 3.0228 -2.4988 0.9640
-8.3942 2.7226 -2.4982 0.9640
-8.6321 1.8036 -2.4965 0.9640
-8.6892 1.4924 -2.4959 0.9640
-8.7352 1.1794 -2.4953 0.9640
-8.7699 0.8651 -2.4948 0.9640
-8.7742 -0.7132 -2.4921 0.9641
-8.6417 -1.6509 -2.4907 0.9641
-8.5754 -1.9596 -2.4902 0.9641
-8.4981 -2.2656 -2.4898 0.9641
-8.4099 -2.5686 -2.4893 0.9641
-8.2014 -3.1640 -2.4885 0.9641
-7.4999 -4.5738 -2.4868 0.9641
-7.3302 -4.8394 -2.4866 0.9641
-6.9628 -5.3515 -2.4861 0.9642
-6.5600 -5.8360 -2.4856 0.9642
-6.3459 -6.0672 -2.4854 0.9642
-6.1237 -6.2905 -2.4853 0.9642
-5.4116 -6.9111 -2.4849 0.9642
-5.1600 -7.1006 -2.4848 0.9642
-4.9018 -7.2810 -2.4848 0.9642
-4.6373 -7.4521 -2.4847 0.9642
-4.3669 -7.6136 -2.4847 0.9642
-4.0910 -7.7654 -2.4847 0.9642
-3.8098 -7.9073 -2.4848 0.9642
-3.5237 -8.0390 -2.4848 0.9642
-3.2331 -8.1605 -2.4849 0.9642
-2.6398 -8.3720 -2.4851 0.9642
-2.0329 -8.5408 -2.4854 0.9642
-1.7252 -8.6088 -2.4856 0.9642
-1.1036 -8.7119 -2.4860 0.9642
-0.7904 -8.7467 -2.4862 0.9641
-0.4762 -8.7703 -2.4865 0.9641
0.4691 -8.7738 -2.4874 0.9641
1.4098 -8.6763 -2.4884 0.9641
2.0290 -8.5556 -2.4892 0.9641
2.3350 -8.4787 -2.4896 0.9641
2.9381 -8.2924 -2.4905 0.9641
4.6475 -7.4821 -2.4935 0.9640
5.1743 -7.1326 -2.4946 0.9640
5.4281 -6.9439 -2.4951 0.9640
5.6750 -6.7462 -2.4957 0.9640
5.9148 -6.5398 -2.4963 0.9640
6.1470 -6.3248 -2.4968 0.9640
6.5879 -5.8705 -2.4980 0.9640
6.7959 -5.6317 -2.4986 0.9640
8.1282 -3.4836 -2.5035 0.9639
8.3611 -2.8932 -2.5047 0.9639
8.5512 -2.2872 -2.5059 0.9639
8.6972 -1.6689 -2.5070 0.9639
8.7985 -1.0414 -2.5082 0.9638
8.8545 -0.4079 -2.5093 0.9638
8.8654 -0.0900 -2.5098 0.9638
8.8527 0.5462 -2.5109 0.9638
8.8292 0.8636 -2.5114 0.9638
8.7943 1.1801 -2.5119 0.9638
8.3480 3.0350 -2.5146 0.9637
8.2350 3.3331 -2.5150 0.9637
8.1113 3.6270 -2.5154 0.9637
7.9756 3.9155 -2.5152 0.9637
7.8193 4.1934 -2.5118 0.9638
7.6425 4.4588 -2.5048 0.9639
6.8974 4.7179 -2.3657 0.9659
6.7191 4.9589 -2.3641 0.9659
6.5375 5.1973 -2.3643 0.9659
6.3474 5.4290 -2.3645 0.9659
5.5069 6.2828 -2.3651 0.9659
5.2782 6.4767 -2.3652 0.9659
5.0426 6.6621 -2.3653 0.9659
4.5521 7.0069 -2.3654 0.9659
3.7729 7.4555 -2.3655 0.9659
3.2284 7.7065 -2.3654 0.9659
2.9497 7.8172 -2.3653 0.9659
2.6672 7.9176 -2.3652 0.9659
2.0574 6.9185 -2.0433 0.9704
1.8007 8.1569 -2.3648 0.9659
1.5068 8.2157 -2.3646 0.9659
1.2110 8.2637 -2.3644 0.9659
0.3159 8.3435 -2.3637 0.9659
0.0163 8.3485 -2.3634 0.9659
-0.8805 8.2986 -2.3625 0.9659
-1.4728 8.2117 -2.3618 0.9659
-2.3455 8.0019 -2.3606 0.9659
-2.6306 7.9111 -2.3602 0.9659
-3.2287 7.7928 -2.3879 0.9655
-3.6078 7.8942 -2.4571 0.9646
-3.9642 7.9103 -2.5048 0.9639
-4.2508 7.7726 -2.5079 0.9638
-5.0635 7.2740 -2.5090 0.9638
-5.8118 6.6832 -2.5073 0.9639
-6.0464 6.4689 -2.5067 0.9639
-6.2732 6.2463 -2.5061 0.9639
-6.4917 6.0158 -2.5055 0.9639
-7.0954 5.2797 -2.5037 0.9639
-7.2785 5.0205 -2.5031 0.9639
-6.1966 3.9539 -2.0809 0.9699
-7.6161 4.4834 -2.5019 0.9639
-7.7701 4.2062 -2.5013 0.9639
-8.0479 3.6365 -2.5001 0.9640
-8.2839 3.0485 -2.4989 0.9640
-8.3859 2.7487 -2.4983 0.9640
-8.4771 2.4454 -2.4977 0.9640
-8.7445 -1.0003 -2.4917 0.9641
-8.5815 -1.9330 -2.4902 0.9641
-8.4179 -2.5426 -2.4894 0.9641
-7.9627 -3.7183 -2.4878 0.9641
-7.6735 -4.2786 -2.4872 0.9641
-7.5141 -4.5506 -2.4869 0.9641
-7.3452 -4.8167 -2.4866 0.9641
-7.1668 -5.0766 -2.4863 0.9641
-6.9794 -5.3300 -2.4861 0.9642
-6.1432 -6.2716 -2.4853 0.9642
-5.4330 -6.8943 -2.4849 0.9642
-4.6603 -7.4377 -2.4847 0.9642
-4.3905 -7.6000 -2.4847 0.9642
-3.8342 -7.8954 -2.4848 0.9642
-3.5485 -8.0281 -2.4848 0.9642
-3.2583 -8.1504 -2.4849 0.9642
-2.9639 -8.2624 -2.4850 0.9642
-2.3640 -8.4545 -2.4852 0.9642
-1.1303 7.5926 -2.3610 0.9684
-1.4018 7.5461 -2.3607 0.9684
-1.6713 7.4898 -2.3604 0.9684
-2.2459 7.4901 -2.4051 0.9678
-2.8925 7.6129 -2.5049 0.9665
-3.1670 7.5119 -2.5074 0.9665
-3.4381 7.4014 -2.5101 0.9664
-3.9595 7.1348 -2.5098 0.9664
-4.2122 6.9868 -2.5093 0.9664
-4.7005 6.6641 -2.5083 0.9664
-5.6007 5.9182 -2.5062 0.9665
-6.0081 5.4989 -2.5051 0.9665
-6.5598 4.8183 -2.5035 0.9665
-6.7270 4.5788 -2.5029 0.9665
-6.2363 3.9251 -2.2665 0.9696
-7.1752 3.8269 -2.5012 0.9665
-7.4278 3.3011 -2.5001 0.9666
-7.8168 2.2026 -2.4979 0.9666
-8.0446 1.0608 -2.4958 0.9666
-8.1071 -0.1008 -2.4938 0.9666
-8.0967 -0.3915 -2.4933 0.9666
-8.0034 -1.2586 -2.4919 0.9667
-7.5425 -2.9367 -2.4895 0.9667
-7.4312 -3.2050 -2.4892 0.9667
-7.3105 -3.4691 -2.4889 0.9667
-7.1804 -3.7287 -2.4886 0.9667
-6.8930 -4.2330 -2.4880 0.9667
-6.7360 -4.4771 -2.4877 0.9667
-6.2142 -5.1736 -2.4871 0.9667
-6.0241 -5.3928 -2.4869 0.9667
-5.6212 -5.8102 -2.4866 0.9667
-4.9637 -6.3797 -2.4862 0.9667
-4.4932 -6.7189 -2.4861 0.9667
-3.7452 -7.1627 -2.4861 0.9667
-2.6822 -7.6255 -2.4863 0.9667
-2.1287 -7.7989 -2.4865 0.9667
-1.2786 -7.9841 -2.4870 0.9667
0.1669 -8.0880 -2.4882 0.9667
0.4570 -8.0777 -2.4885 0.9667
0.7466 -8.0571 -2.4888 0.9667
1.0354 -8.0262 -2.4891 0.9667
1.3228 -7.9850 -2.4895 0.9667
1.6087 -7.9335 -2.4898 0.9667
1.8926 -7.8719 -2.4902 0.9667
2.1742 -7.8001 -2.4906 0.9667
2.4530 -7.7183 -2.4910 0.9667
2.7288 -7.6266 -2.4914 0.9667
3.7945 -7.1630 -2.4932 0.9666
4.5448 -6.7177 -2.4947 0.9666
4.7839 -6.5516 -2.4952 0.9666
5.6767 -5.8048 -2.4973 0.9666
6.0810 -5.3851 -2.4983 0.9666
6.4543 -4.9373 -2.4994 0.9666
6.6288 -4.7036 -2.5000 0.9666
6.7948 -4.4638 -2.5006 0.9665
6.9521 -4.2181 -2.5011 0.9665
7.1006 -3.9668 -2.5017 0.9665
7.3701 -3.4489 -2.5028 0.9665
7.7946 -2.3613 -2.5050 0.9665
7.8760 -2.0805 -2.5056 0.9665
8.0084 -1.5110 -2.5067 0.9665
8.0591 -1.2230 -2.5072 0.9665
8.0995 -0.9333 -2.5077 0.9665
8.1294 -0.6422 -2.5082 0.9664
8.1489 -0.3502 -2.5087 0.9664
8.1578 -0.0576 -2.5092 0.9664
8.1441 0.5278 -2.5102 0.9664
8.0446 1.4006 -2.5116 0.9664
7.9261 1.9745 -2.5124 0.9664
7.6716 2.8161 -2.5136 0.9664
7.5668 3.0899 -2.5139 0.9664
7.4520 3.3599 -2.5143 0.9664
7.3276 3.6256 -2.5146 0.9664
7.1937 3.8866 -2.5149 0.9664
7.0505 4.1427 -2.5152 0.9664
6.8904 4.3886 -2.5127 0.9664
6.4833 4.8159 -2.4841 0.9668
6.1577 4.9266 -2.4256 0.9675
5.8463 5.0318 -2.3725 0.9682
5.4499 5.4178 -2.3636 0.9684
3.9331 6.6040 -2.3642 0.9683
3.6936 6.7408 -2.3642 0.9683
3.4494 6.8690 -2.3642 0.9683
3.2007 6.9882 -2.3641 0.9683
2.9478 7.0984 -2.3641 0.9683
2.6912 7.1993 -2.3640 0.9683
2.2871 6.8592 -2.2239 0.9702
2.0310 6.9081 -2.2147 0.9703
1.9017 7.4458 -2.3637 0.9684
1.6333 7.5087 -2.3635 0.9684
1.3627 7.5620 -2.3634 0.9684
0.8168 7.6389 -2.3630 0.9684
0.5421 7.6626 -2.3628 0.9684
0.2668 7.6764 -2.3625 0.9684
-0.0087 7.6802 -2.3623 0.9684
-0.2843 7.6740 -2.3620 0.9684
-0.5593 7.6580 -2.3617 0.9684
-0.8336 7.6320 -2.3614 0.9684
-1.1068 7.5961 -2.3611 0.9684
-1.3784 7.5505 -2.3607 0.9684
-1.6482 7.4950 -2.3604 0.9684
-1.9157 7.4299 -2.3600 0.9684
-2.8686 7.6212 -2.5047 0.9665
-3.1434 7.5210 -2.5072 0.9665
-3.4149 7.4113 -2.5099 0.9664
-3.6792 7.2852 -2.5103 0.9664
-4.9155 6.5052 -2.5078 0.9665
-5.1447 6.3233 -2.5073 0.9665
-5.3671 6.1334 -2.5068 0.9665
-5.5825 5.9356 -2.5063 0.9665
-5.7906 5.7303 -2.5057 0.9665
-5.9912 5.5176 -2.5052 0.9665
-6.1839 5.2979 -2.5046 0.9665
-6.3686 5.0715 -2.5041 0.9665
-6.5450 4.8387 -2.5035 0.9665
-7.0223 4.1047 -2.5018 0.9665
-7.1635 3.8492 -2.5013 0.9665
-7.4177 3.3241 -2.5001 0.9666
-7.5305 3.0552 -2.4996 0.9666
-7.6336 2.7824 -2.4990 0.9666
-7.7268 2.5061 -2.4985 0.9666
-7.8832 1.9448 -2.4974 0.9666
-7.9990 1.3739 -2.4963 0.9666
-8.0735 0.7964 -2.4953 0.9666
-8.1066 0.2153 -2.4943 0.9666
-8.0980 -0.3665 -2.4933 0.9666
-8.0781 -0.6567 -2.4929 0.9667
-8.0479 -0.9459 -2.4924 0.9667
-8.0074 -1.2338 -2.4920 0.9667
-7.8245 -2.0860 -2.4907 0.9667
-7.7434 -2.3650 -2.4903 0.9667
-7.6524 -2.6409 -2.4899 0.9667
-7.4412 -3.1820 -2.4892 0.9667
-7.1920 -3.7065 -2.4886 0.9667
-7.0536 -3.9616 -2.4883 0.9667
-6.7498 -4.4563 -2.4878 0.9667
-6.5850 -4.6951 -2.4875 0.9667
-6.0408 -5.3742 -2.4869 0.9667
-5.6392 -5.7928 -2.4866 0.9667
-5.2087 -6.1817 -2.4863 0.9667
-3.5084 -7.2817 -2.4861 0.9667
-3.2449 -7.4030 -2.4861 0.9667
-2.9773 -7.5149 -2.4862 0.9667
-2.7058 -7.6171 -2.4863 0.9667
-2.4309 -7.7096 -2.4864 0.9667
-1.5887 -7.9276 -2.4868 0.9667
-1.3034 -7.9800 -2.4870 0.9667
-1.0163 -8.0223 -2.4872 0.9667
-0.4385 -8.0760 -2.4877 0.9667
0.1418 -8.0884 -2.4882 0.9667
0.4320 -8.0790 -2.4885 0.9667
1.0105 -8.0293 -2.4891 0.9667
1.2981 -7.9890 -2.4895 0.9667
1.8682 -7.8776 -2.4902 0.9667
2.1500 -7.8067 -2.4906 0.9667
2.4291 -7.7258 -2.4910 0.9667
3.7722 -7.1746 -2.4932 0.9666
4.0280 -7.0359 -2.4936 0.9666
4.5239 -6.7316 -2.4946 0.9666
4.7635 -6.5663 -2.4951 0.9666
4.9970 -6.3925 -2.4956 0.9666
5.8651 -5.6167 -2.4978 0.9666
6.0641 -5.4038 -2.4983 0.9666
6.4389 -4.9572 -2.4994 0.9666
6.6141 -4.7240 -2.5000 0.9666
7.2283 -3.7326 -2.5022 0.9665
7.3592 -3.4717 -2.5028 0.9665
7.8694 -2.1049 -2.5055 0.9665
8.1476 -0.3754 -2.5087 0.9664
8.1575 -0.0828 -2.5092 0.9664
8.1456 0.5025 -2.5102 0.9664
8.0488 1.3756 -2.5115 0.9664
7.8583 2.2336 -2.5128 0.9664
7.6802 2.7923 -2.5136 0.9664
7.4623 3.3368 -2.5143 0.9664
7.2057 3.8643 -2.5149 0.9664
7.0632 4.1208 -2.5152 0.9664
6.9046 4.3677 -2.5129 0.9664
6.7359 4.6074 -2.5101 0.9664
6.5121 4.8061 -2.4894 0.9667
5.0658 5.7796 -2.3639 0.9683
4.8554 5.9579 -2.3640 0.9683
4.1874 6.4456 -2.3642 0.9683
3.9535 6.5917 -2.3642 0.9683
3.4706 6.8582 -2.3642 0.9683
2.9698 7.0892 -2.3641 0.9683
2.7134 7.1910 -2.3640 0.9683
2.4536 7.2834 -2.3639 0.9683
2.0524 6.9016 -2.2147 0.9703
1.1140 7.6020 -2.3632 0.9684
0.8404 7.6364 -2.3630 0.9684
-0.2605 7.6750 -2.3620 0.9684
-1.0833 7.5996 -2.3611 0.9684
-1.6250 7.5002 -2.3604 0.9684
-2.1911 7.4752 -2.3959 0.9679
-2.5148 7.5629 -2.4514 0.9672
-2.8448 7.6294 -2.5045 0.9665
-3.1198 7.5300 -2.5070 0.9665
-4.1690 7.0130 -2.5094 0.9664
-5.1251 6.3393 -2.5074 0.9665
-5.3482 6.1501 -2.5068 0.9665
-5.5642 5.9530 -2.5063 0.9665
-5.7729 5.7483 -2.5058 0.9665
-5.9742 5.5362 -2.5052 0.9665
-6.1676 5.3171 -2.5047 0.9665
-6.3530 5.0913 -2.5041 0.9665
-6.5301 4.8590 -2.5036 0.9665
-7.0097 4.1265 -2.5019 0.9665
-7.1517 3.8714 -2.5013 0.9665
-7.2843 3.6115 -2.5008 0.9665
-7.7192 2.5301 -2.4985 0.9666
-8.0712 0.8214 -2.4953 0.9666
-7.9614 -1.4954 -2.4916 0.9667
-7.9012 -1.7798 -2.4911 0.9667
-7.8310 -2.0618 -2.4907 0.9667
-7.7508 -2.3411 -2.4903 0.9667
-7.6606 -2.6173 -2.4900 0.9667
-7.3320 -3.4238 -2.4889 0.9667
-7.0659 -3.9398 -2.4883 0.9667
-6.9192 -4.1903 -2.4880 0.9667
-6.7637 -4.4354 -2.4878 0.9667
-6.2462 -5.1351 -2.4871 0.9667
-6.0575 -5.3555 -2.4869 0.9667
-5.8610 -5.5690 -2.4867 0.9667
-5.6571 -5.7753 -2.4866 0.9667
-5.0031 -6.3489 -2.4862 0.9667
-4.7720 -6.5241 -2.4862 0.9667
-4.2917 -6.8492 -2.4861 0.9667
-4.0431 -6.9988 -2.4861 0.9667
-3.2678 -7.3929 -2.4861 0.9667
-2.4548 -7.7020 -2.4864 0.9667
0.4795 7.0888 -2.3617 0.9705
-0.2849 7.0971 -2.3610 0.9705
-0.7934 7.0613 -2.3620 0.9705
-1.0616 7.1310 -2.3965 0.9701
-1.9046 7.2932 -2.5056 0.9687
-2.1667 7.2260 -2.5076 0.9687
-2.4267 7.1497 -2.5098 0.9687
-2.6829 7.0612 -2.5109 0.9687
-2.9340 6.9593 -2.5105 0.9687
-3.4243 6.7287 -2.5096 0.9687
-4.1253 6.3184 -2.5083 0.9687
-4.3485 6.1651 -2.5078 0.9687
-4.7776 5.8352 -2.5069 0.9687
-4.9829 5.6589 -2.5064 0.9687
-5.1817 5.4754 -2.5059 0.9687
-5.3738 5.2849 -2.5054 0.9687
-6.2243 4.2367 -2.5028 0.9688
-6.5094 3.7779 -2.5018 0.9688
-7.1574 2.2970 -2.4987 0.9688
-7.3008 1.7771 -2.4977 0.9688
-7.4065 1.2485 -2.4967 0.9688
-7.4935 0.4452 -2.4953 0.9689
-7.5032 0.1760 -2.4948 0.9689
-7.5033 -0.0933 -2.4943 0.9689
-7.4078 -1.1649 -2.4926 0.9689
-7.2363 -1.9532 -2.4915 0.9689
-7.1606 -2.2113 -2.4911 0.9689
-7.0756 -2.4664 -2.4908 0.9689
-6.9817 -2.7183 -2.4904 0.9689
-6.6467 -3.4515 -2.4895 0.9689
-6.3807 -3.9184 -2.4890 0.9689
-5.9211 -4.5801 -2.4883 0.9689
-5.7526 -4.7893 -2.4881 0.9689
-5.3936 -5.1888 -2.4878 0.9689
-5.2037 -5.3786 -2.4877 0.9689
-4.5950 -5.9059 -2.4874 0.9690
-4.3801 -6.0668 -2.4873 0.9690
-3.9336 -6.3651 -2.4872 0.9690
-3.2269 -6.7510 -2.4872 0.9690
-2.7346 -6.9653 -2.4874 0.9690
-2.4830 -7.0592 -2.4874 0.9689
-1.7104 -7.2861 -2.4878 0.9689
-1.1837 -7.3910 -2.4881 0.9689
-0.9178 -7.4292 -2.4883 0.9689
-0.6507 -7.4580 -2.4885 0.9689
-0.3827 -7.4772 -2.4887 0.9689
0.4230 -7.4773 -2.4895 0.9689
0.6911 -7.4582 -2.4898 0.9689
0.9584 -7.4295 -2.4901 0.9689
1.2245 -7.3913 -2.4904 0.9689
1.4891 -7.3436 -2.4907 0.9689
2.5258 -7.0592 -2.4922 0.9689
2.7778 -6.9651 -2.4926 0.9689
3.0265 -6.8621 -2.4930 0.9689
4.2062 -6.2172 -2.4952 0.9689
4.4274 -6.0635 -2.4956 0.9688
4.6430 -5.9018 -2.4961 0.9688
5.2534 -5.3719 -2.4976 0.9688
5.6273 -4.9834 -2.4986 0.9688
6.2875 -4.1305 -2.5006 0.9688
6.5702 -3.6705 -2.5017 0.9688
6.6991 -3.4331 -2.5022 0.9688
6.8194 -3.1912 -2.5027 0.9688
6.9309 -2.9451 -2.5032 0.9688
7.1272 -2.4415 -2.5043 0.9687
7.2869 -1.9249 -2.5053 0.9687
7.4559 -1.1315 -2.5068 0.9687
7.5208 -0.5941 -2.5077 0.9687
7.5386 -0.3239 -2.5082 0.9687
7.5452 0.2176 -2.5091 0.9687
7.4820 1.0276 -2.5104 0.9687
7.3318 1.8265 -2.5116 0.9687
7.2626 2.0886 -2.5120 0.9686
6.7777 3.3535 -2.5136 0.9686
6.6538 3.5949 -2.5139 0.9686
6.5212 3.8317 -2.5142 0.9686
6.3802 4.0636 -2.5145 0.9686
6.0718 4.5103 -2.5142 0.9686
5.7221 4.9250 -2.5096 0.9687
5.5195 5.1065 -2.4995 0.9688
4.4736 5.5242 -2.3629 0.9705
4.0662 5.8311 -2.3630 0.9705
3.6376 6.1078 -2.3631 0.9705
3.1903 6.3529 -2.3631 0.9705
2.7264 6.5651 -2.3630 0.9705
2.2484 6.7433 -2.3628 0.9705
0.7555 7.0654 -2.3620 0.9705
0.2468 7.1001 -2.3615 0.9705
-0.0081 7.1036 -2.3613 0.9705
-0.7711 7.0593 -2.3605 0.9705
-1.0381 7.1245 -2.3932 0.9701
-1.3146 7.2009 -2.4332 0.9696
-1.6007 7.2794 -2.4775 0.9691
-2.1442 7.2321 -2.5074 0.9687
-2.9125 6.9684 -2.5105 0.9687
-3.4035 6.7393 -2.5097 0.9687
-3.6425 6.6117 -2.5092 0.9687
-3.8767 6.4756 -2.5088 0.9687
-4.1058 6.3312 -2.5083 0.9687
-4.3295 6.1787 -2.5079 0.9687
-4.5475 6.0182 -2.5074 0.9687
-4.9655 5.6744 -2.5064 0.9687
-5.1648 5.4915 -2.5059 0.9687
-5.5431 5.1050 -2.5049 0.9687
-5.8925 4.6924 -2.5039 0.9687
-6.1596 3.9035 -2.4240 0.9697
-6.4978 3.7981 -2.5018 0.9688
-6.6285 3.5617 -2.5013 0.9688
-6.7506 3.3209 -2.5008 0.9688
-7.0640 2.5748 -2.4992 0.9688
-7.2275 2.0607 -2.4982 0.9688
-7.2953 1.7997 -2.4977 0.9688
-7.3538 1.5365 -2.4972 0.9688
-7.4027 1.2714 -2.4967 0.9688
-7.4719 0.7370 -2.4958 0.9688
-7.4922 0.4684 -2.4953 0.9689
-7.5037 -0.0701 -2.4944 0.9689
-7.4767 -0.6078 -2.4935 0.9689
-7.4114 -1.1420 -2.4927 0.9689
-7.3645 -1.4069 -2.4923 0.9689
-7.3082 -1.6700 -2.4919 0.9689
-7.2424 -1.9309 -2.4915 0.9689
-7.0833 -2.4445 -2.4908 0.9689
-6.6574 -3.4310 -2.4896 0.9689
-6.3929 -3.8987 -2.4890 0.9689
-6.2483 -4.1252 -2.4888 0.9689
-5.9353 -4.5618 -2.4883 0.9689
-5.5921 -4.9750 -2.4880 0.9689
-5.2203 -5.3625 -2.4877 0.9689
-5.0243 -5.5461 -2.4876 0.9689
-4.6133 -5.8917 -2.4874 0.9690
-4.3988 -6.0532 -2.4873 0.9690
-3.4876 -6.6200 -2.4872 0.9690
-3.0039 -6.8533 -2.4873 0.9690
-2.7562 -6.9568 -2.4873 0.9690
-2.2504 -7.1370 -2.4875 0.9689
-1.9929 -7.2135 -2.4876 0.9689
-1.7329 -7.2808 -2.4878 0.9689
-1.4707 -7.3387 -2.4879 0.9689
-1.2065 -7.3872 -2.4881 0.9689
-0.9408 -7.4263 -2.4883 0.9689
-0.6738 -7.4559 -2.4885 0.9689
-0.1374 -7.4864 -2.4889 0.9689
0.3999 -7.4785 -2.4895 0.9689
0.6680 -7.4602 -2.4897 0.9689
0.9354 -7.4324 -2.4900 0.9689
1.2016 -7.3950 -2.4904 0.9689
1.4663 -7.3481 -2.4907 0.9689
1.9900 -7.2260 -2.4914 0.9689
2.2484 -7.1510 -2.4918 0.9689
2.5039 -7.0668 -2.4921 0.9689
3.0051 -6.8713 -2.4929 0.9689
3.2503 -6.7602 -2.4934 0.9689
3.4913 -6.6404 -2.4938 0.9689
4.1869 -6.2301 -2.4951 0.9689
4.4086 -6.0770 -2.4956 0.9688
4.6246 -5.9161 -2.4961 0.9688
4.8348 -5.7475 -2.4966 0.9688
5.6118 -5.0007 -2.4985 0.9688
5.7888 -4.7971 -2.4991 0.9688
6.2746 -4.1499 -2.5006 0.9688
6.5587 -3.6908 -2.5016 0.9688
6.9216 -2.9665 -2.5032 0.9688
7.0250 -2.7168 -2.5037 0.9687
7.1195 -2.4635 -2.5042 0.9687
7.2807 -1.9474 -2.5052 0.9687
7.3474 -1.6853 -2.5057 0.9687
7.4046 -1.4209 -2.5062 0.9687
7.4903 -0.8866 -2.5072 0.9687
7.5188 -0.6174 -2.5077 0.9687
7.5375 -0.3473 -2.5082 0.9687
7.5465 -0.0766 -2.5086 0.9687
7.5457 0.1942 -2.5091 0.9687
7.5352 0.4649 -2.5095 0.9687
7.5150 0.7351 -2.5100 0.9687
7.4851 1.0044 -2.5104 0.9687
7.3373 1.8037 -2.5116 0.9687
7.1041 2.5828 -2.5127 0.9686
7.0078 2.8364 -2.5130 0.9686
6.9024 3.0864 -2.5133 0.9686
6.7880 3.3324 -2.5136 0.9686
6.6648 3.5742 -2.5139 0.9686
6.3927 4.0438 -2.5144 0.9686
5.7378 4.9076 -2.5098 0.9687
4.9808 5.2872 -2.4145 0.9698
3.8729 5.9614 -2.3631 0.9705
3.6565 6.0965 -2.3631 0.9705
3.2099 6.3430 -2.3631 0.9705
2.9802 6.4540 -2.3630 0.9705
2.7467 6.5567 -2.3630 0.9705
1.7802 6.8811 -2.3626 0.9705
1.5321 6.9401 -2.3625 0.9705
0.5234 7.0858 -2.3618 0.9705
0.0139 7.1037 -2.3613 0.9705
-0.7492 7.0617 -2.3605 0.9705
-1.0146 7.1180 -2.3900 0.9701
-1.2904 7.1943 -2.4296 0.9697
-1.5756 7.2726 -2.4735 0.9691
-1.8591 7.3038 -2.5053 0.9687
-2.1217 7.2382 -2.5073 0.9687
-2.3820 7.1635 -2.5094 0.9687
-3.1389 6.8681 -2.5101 0.9687
-3.3827 6.7499 -2.5097 0.9687
-3.6221 6.6231 -2.5093 0.9687
-3.8567 6.4877 -2.5088 0.9687
-4.0862 6.3440 -2.5084 0.9687
-4.5289 6.0324 -2.5074 0.9687
-4.7415 5.8649 -2.5069 0.9687
-5.1479 5.5076 -2.5060 0.9687
-5.8781 4.7107 -2.5039 0.9687
-6.1982 4.2753 -2.5029 0.9688
-6.1527 3.9258 -2.4260 0.9697
-6.4861 3.8182 -2.5019 0.9688
-6.9598 2.8487 -2.4998 0.9688
-7.1433 2.3414 -2.4988 0.9688
-7.2212 2.0831 -2.4983 0.9688
-7.3988 1.2944 -2.4968 0.9688
-7.4391 1.0279 -2.4963 0.9688
-7.4908 0.4916 -2.4953 0.9689
-7.5022 0.2225 -2.4949 0.9689
-7.5040 -0.0468 -2.4944 0.9689
-7.4962 -0.3160 -2.4940 0.9689
-7.4787 -0.5846 -2.4935 0.9689
-7.4516 -0.8524 -2.4931 0.9689
-7.3134 -1.6474 -2.4919 0.9689
-7.2485 -1.9084 -2.4915 0.9689
-6.6681 -3.4104 -2.4896 0.9689
-6.4050 -3.8789 -2.4890 0.9689
-6.1092 -4.3274 -2.4886 0.9689
-5.2369 -5.3464 -2.4877 0.9689
-5.0415 -5.5305 -2.4876 0.9689
-4.6316 -5.8774 -2.4874 0.9690
-3.5080 -6.6092 -2.4872 0.9690
-3.0251 -6.8439 -2.4873 0.9690
-2.7777 -6.9482 -2.4873 0.9690
-2.5267 -7.0436 -2.4874 0.9689
-2.2725 -7.1300 -2.4875 0.9689
-2.0153 -7.2073 -2.4876 0.9689
0.4513 6.6713 -2.3912 0.9720
-0.0288 6.8090 -2.4350 0.9715
-0.2761 6.8790 -2.4620 0.9712
-0.7824 6.9636 -2.5059 0.9707
-1.0324 6.9349 -2.5073 0.9707
-1.2813 6.8977 -2.5088 0.9706
-1.5290 6.8518 -2.5105 0.9706
-1.7744 6.7946 -2.5113 0.9706
-2.2564 6.6481 -2.5106 0.9706
-2.7265 6.4672 -2.5099 0.9706
-2.9564 6.3642 -2.5095 0.9706
-3.1823 6.2531 -2.5091 0.9706
-3.4040 6.1339 -2.5087 0.9706
-3.6213 6.0068 -2.5082 0.9706
-3.8338 5.8720 -2.5078 0.9706
-4.0414 5.7296 -2.5074 0.9707
-4.4403 5.4232 -2.5065 0.9707
-4.6311 5.2594 -2.5060 0.9707
-4.8160 5.0889 -2.5056 0.9707
-5.6415 4.1438 -2.5032 0.9707
-5.7855 3.9380 -2.5027 0.9707
-6.1715 3.2916 -2.5013 0.9707
-6.3892 2.8395 -2.5003 0.9707
-6.4858 2.6079 -2.4998 0.9707
-6.7246 1.8948 -2.4984 0.9708
-6.7870 1.6520 -2.4979 0.9708
-6.8406 1.4072 -2.4975 0.9708
-6.8855 1.1607 -2.4970 0.9708
-6.9214 0.9127 -2.4966 0.9708
-6.9760 -0.0867 -2.4949 0.9708
-6.9495 -0.5866 -2.4940 0.9708
-6.8875 -1.0831 -2.4933 0.9708
-6.7901 -1.5738 -2.4925 0.9708
-6.6579 -2.0561 -2.4919 0.9708
-6.2922 -2.9859 -2.4906 0.9708
-5.7981 -3.8538 -2.4897 0.9709
-5.6556 -4.0590 -2.4895 0.9709
-5.5059 -4.2590 -2.4893 0.9709
-5.1856 -4.6422 -2.4889 0.9709
-4.8389 -5.0016 -2.4886 0.9709
-4.4674 -5.3352 -2.4884 0.9709
-4.2729 -5.4919 -2.4884 0.9709
-4.0730 -5.6415 -2.4883 0.9709
-3.2240 -6.1660 -2.4882 0.9709
-2.7736 -6.3815 -2.4883 0.9709
-1.3465 -6.8284 -2.4889 0.9709
1.6289 -6.7749 -2.4918 0.9708
2.1111 -6.6425 -2.4925 0.9708
2.3484 -6.5634 -2.4928 0.9708
3.7000 -5.9157 -2.4952 0.9708
3.9105 -5.7801 -2.4956 0.9708
4.5113 -5.3293 -2.4970 0.9708
5.0607 -4.8164 -2.4983 0.9708
6.1072 -3.4118 -2.5017 0.9707
6.5375 -2.5050 -2.5036 0.9707
6.6244 -2.2693 -2.5041 0.9707
6.7028 -2.0305 -2.5046 0.9707
6.7726 -1.7891 -2.5050 0.9707
7.0061 -0.3011 -2.5077 0.9706
7.0120 0.2022 -2.5086 0.9706
7.0014 0.4537 -2.5090 0.9706
6.9530 0.9549 -2.5098 0.9706
6.9153 1.2040 -2.5102 0.9706
6.7488 1.9409 -2.5112 0.9706
6.5940 2.4205 -2.5119 0.9706
6.1827 3.3404 -2.5131 0.9706
5.9284 3.7759 -2.5135 0.9706
5.7897 3.9865 -2.5138 0.9706
5.6434 4.1920 -2.5140 0.9706
5.3290 4.5866 -2.5143 0.9706
4.9820 4.9526 -2.5121 0.9706
4.1565 5.5268 -2.4730 0.9711
3.9101 5.6074 -2.4446 0.9714
3.6688 5.6857 -2.4198 0.9717
2.9691 5.9126 -2.3660 0.9723
2.5332 6.1000 -2.3620 0.9723
1.8629 6.3362 -2.3618 0.9723
1.6343 6.3987 -2.3617 0.9723
1.1711 6.4986 -2.3614 0.9723
0.9371 6.5360 -2.3612 0.9723
0.4716 6.6654 -2.3896 0.9720
-0.0077 6.8030 -2.4328 0.9715
-0.2546 6.8729 -2.4595 0.9712
-1.0108 6.9377 -2.5072 0.9707
-1.2599 6.9012 -2.5087 0.9706
-1.5076 6.8560 -2.5104 0.9706
-1.7534 6.8002 -2.5113 0.9706
-2.2359 6.6551 -2.5106 0.9706
-2.4728 6.5696 -2.5103 0.9706
-2.7065 6.4757 -2.5099 0.9706
-3.1630 6.2630 -2.5091 0.9706
-4.2263 5.5932 -2.5070 0.9707
-4.4235 5.4370 -2.5065 0.9707
-4.9794 4.9275 -2.5051 0.9707
-5.1520 4.7448 -2.5047 0.9707
-5.3179 4.5560 -2.5042 0.9707
-5.4769 4.3614 -2.5037 0.9707
-5.9104 3.7455 -2.5023 0.9707
-6.1614 3.3108 -2.5013 0.9707
-6.2750 3.0870 -2.5008 0.9707
-6.3805 2.8593 -2.5004 0.9707
-6.6470 2.1559 -2.4989 0.9708
-6.7188 1.9157 -2.4985 0.9708
-6.7820 1.6731 -2.4980 0.9708
-6.8364 1.4284 -2.4975 0.9708
-6.8820 1.1820 -2.4971 0.9708
-6.9187 0.9342 -2.4966 0.9708
-6.9465 0.6852 -2.4962 0.9708
-6.9514 -0.5651 -2.4941 0.9708
-6.9256 -0.8140 -2.4937 0.9708
-6.8473 -1.3081 -2.4929 0.9708
-6.6643 -2.0355 -2.4919 0.9708
-6.4995 -2.5075 -2.4913 0.9708
-6.4046 -2.7387 -2.4910 0.9708
-6.1904 -3.1903 -2.4904 0.9708
-6.0713 -3.4100 -2.4901 0.9709
-5.9445 -3.6252 -2.4899 0.9709
-5.8100 -3.8358 -2.4897 0.9709
-5.6682 -4.0415 -2.4895 0.9709
-5.3630 -4.4369 -2.4891 0.9709
-5.2000 -4.6261 -2.4889 0.9709
-4.8543 -4.9866 -2.4887 0.9709
-4.6721 -5.1573 -2.4885 0.9709
-4.4839 -5.3214 -2.4884 0.9709
-4.2899 -5.4787 -2.4884 0.9709
-3.8858 -5.7719 -2.4883 0.9709
-3.6762 -5.9076 -2.4882 0.9709
-3.2431 -6.1560 -2.4882 0.9709
-2.7934 -6.3729 -2.4883 0.9709
-2.5630 -6.4691 -2.4883 0.9709
-2.3293 -6.5571 -2.4884 0.9709
-2.0926 -6.6367 -2.4885 0.9709
-1.8532 -6.7078 -2.4886 0.9709
-1.1219 -6.8693 -2.4890 0.9709
-0.8748 -6.9056 -2.4892 0.9709
-0.6265 -6.9330 -2.4894 0.9709
-0.3774 -6.9516 -2.4896 0.9709
0.8697 -6.9108 -2.4909 0.9708
1.1173 -6.8760 -2.4911 0.9708
1.8503 -6.7187 -2.4921 0.9708
2.5626 -6.4838 -2.4932 0.9708
3.0219 -6.2852 -2.4939 0.9708
3.2460 -6.1738 -2.4943 0.9708
3.6816 -5.9270 -2.4952 0.9708
4.4948 -5.3432 -2.4969 0.9708
5.2167 -4.6487 -2.4988 0.9708
5.5388 -4.2642 -2.4997 0.9707
5.8325 -3.8575 -2.5007 0.9707
6.2169 -3.2103 -2.5021 0.9707
6.3293 -2.9858 -2.5026 0.9707
6.5296 -2.5252 -2.5036 0.9707
6.7670 -1.8100 -2.5050 0.9707
6.8288 -1.5663 -2.5054 0.9707
6.9261 -1.0730 -2.5064 0.9707
6.9614 -0.8240 -2.5068 0.9707
6.9877 -0.5738 -2.5073 0.9707
7.0050 -0.3227 -2.5077 0.9707
7.0125 0.1805 -2.5085 0.9706
6.9558 0.9334 -2.5098 0.9706
6.8731 1.4302 -2.5105 0.9706
6.8183 1.6761 -2.5109 0.9706
6.6014 2.4000 -2.5119 0.9706
6.4138 2.8679 -2.5125 0.9706
6.3075 3.0965 -2.5128 0.9706
6.1930 3.3212 -2.5130 0.9706
5.8019 3.9685 -2.5137 0.9706
5.5033 4.3751 -2.5141 0.9706
5.3431 4.5700 -2.5143 0.9706
4.9976 4.9374 -2.5123 0.9706
4.8138 5.1099 -2.5105 0.9706
4.6243 5.2759 -2.5088 0.9706
3.9312 5.6005 -2.4469 0.9714
2.9886 5.9057 -2.3669 0.9723
2.7691 5.9967 -2.3621 0.9723
1.8825 6.3304 -2.3618 0.9723
1.6541 6.3936 -2.3617 0.9723
1.1912 6.4950 -2.3614 0.9723
0.4919 6.6596 -2.3880 0.9720
-0.2331 6.8669 -2.4571 0.9712
-0.7392 6.9676 -2.5057 0.9707
-0.9893 6.9405 -2.5071 0.9707
-1.2384 6.9047 -2.5086 0.9706
-1.4863 6.8603 -2.5102 0.9706
-1.7323 6.8057 -2.5114 0.9706
-1.9751 6.7382 -2.5110 0.9706
-2.6865 6.4841 -2.5099 0.9706
-2.9170 6.3826 -2.5095 0.9706
-3.1436 6.2728 -2.5091 0.9706
-3.3661 6.1550 -2.5087 0.9706
-3.5842 6.0293 -2.5083 0.9706
-4.0059 5.7547 -2.5075 0.9707
-4.5986 5.2881 -2.5061 0.9707
-5.3039 4.5725 -2.5042 0.9707
-5.7612 3.9739 -2.5028 0.9707
-6.1512 3.3299 -2.5014 0.9707
-6.2656 3.1064 -2.5009 0.9707
-6.3717 2.8791 -2.5004 0.9707
-6.4697 2.6481 -2.4999 0.9707
-6.7130 1.9365 -2.4985 0.9708
-6.7769 1.6941 -2.4980 0.9708
-6.9641 0.4570 -2.4958 0.9708
-6.9748 0.2068 -2.4953 0.9708
-6.9766 -0.0435 -2.4949 0.9708
-6.9694 -0.2938 -2.4945 0.9708
-6.8942 -1.0404 -2.4933 0.9708
-6.7998 -1.5317 -2.4926 0.9708
-6.5932 -2.2526 -2.4916 0.9708
-6.4131 -2.7189 -2.4910 0.9708
-6.3107 -2.9469 -2.4907 0.9708
-6.0819 -3.3912 -2.4902 0.9709
-5.9557 -3.6068 -2.4899 0.9709
-5.6807 -4.0240 -2.4895 0.9709
-5.5323 -4.2248 -2.4893 0.9709
-5.3767 -4.4203 -2.4891 0.9709
-4.8698 -4.9715 -2.4887 0.9709
-4.5003 -5.3075 -2.4885 0.9709
-4.3069 -5.4654 -2.4884 0.9709
-3.2621 -6.1459 -2.4882 0.9709
-3.0396 -6.2590 -2.4882 0.9709
-2.3496 -6.5498 -2.4884 0.9709
-2.1131 -6.6302 -2.4885 0.9709
-1.6324 -6.7652 -2.4887 0.9709
-0.0277 6.5470 -2.5089 0.9723
-0.2627 6.5443 -2.5099 0.9723
-1.8815 6.2746 -2.5103 0.9723
-2.1051 6.2023 -2.5100 0.9723
-2.3260 6.1219 -2.5097 0.9723
-2.5438 6.0337 -2.5093 0.9723
-2.7582 5.9377 -2.5089 0.9723
-2.9690 5.8340 -2.5086 0.9723
-3.1759 5.7228 -2.5082 0.9724
-3.3787 5.6043 -2.5078 0.9724
-3.9594 5.2063 -2.5066 0.9724
-4.1430 5.0601 -2.5062 0.9724
-4.3211 4.9073 -2.5057 0.9724
-4.4936 4.7483 -2.5053 0.9724
-4.6603 4.5833 -2.5049 0.9724
-4.8209 4.4123 -2.5044 0.9724
-5.2643 3.8667 -2.5031 0.9724
-5.5260 3.4780 -2.5022 0.9724
-5.6462 3.2769 -2.5017 0.9724
-5.9624 2.6498 -2.5004 0.9724
-6.0526 2.4337 -2.5000 0.9724
-6.2757 1.7684 -2.4986 0.9725
-6.3842 1.3133 -2.4978 0.9725
-6.4597 0.8518 -2.4969 0.9725
-6.5021 0.3863 -2.4961 0.9725
-6.5107 0.1527 -2.4957 0.9725
-6.5109 -0.0810 -2.4953 0.9725
-6.5029 -0.3145 -2.4949 0.9725
-6.4616 -0.7797 -2.4942 0.9725
-6.4286 -1.0109 -2.4938 0.9725
-6.3873 -1.2408 -2.4935 0.9725
-5.9703 -2.5749 -2.4916 0.9725
-5.6574 -3.2005 -2.4909 0.9725
-5.4123 -3.5974 -2.4905 0.9725
-5.2794 -3.7889 -2.4903 0.9725
-4.9934 -4.1572 -2.4899 0.9726
-4.8407 -4.3334 -2.4898 0.9726
-4.6819 -4.5041 -2.4896 0.9726
-4.5170 -4.6689 -2.4895 0.9726
-4.3464 -4.8278 -2.4894 0.9726
-4.1703 -4.9804 -2.4893 0.9726
-3.8022 -5.2664 -2.4892 0.9726
-3.6107 -5.3993 -2.4891 0.9726
-3.4147 -5.5253 -2.4891 0.9726
-3.2142 -5.6443 -2.4891 0.9726
-2.8012 -5.8603 -2.4891 0.9726
-2.1554 -6.1278 -2.4893 0.9726
-1.7106 -6.2670 -2.4895 0.9726
-1.0275 -6.4156 -2.4899 0.9726
-0.3322 -6.4902 -2.4904 0.9725
-0.0991 -6.4985 -2.4906 0.9725
0.1341 -6.4984 -2.4909 0.9725
0.3672 -6.4901 -2.4911 0.9725
0.8318 -6.4483 -2.4916 0.9725
1.2924 -6.3735 -2.4922 0.9725
1.7465 -6.2660 -2.4928 0.9725
2.1920 -6.1262 -2.4934 0.9725
2.4107 -6.0445 -2.4938 0.9725
2.6264 -5.9549 -2.4941 0.9725
2.8387 -5.8577 -2.4945 0.9725
3.0475 -5.7529 -2.4949 0.9725
3.2525 -5.6408 -2.4952 0.9725
3.4533 -5.5213 -2.4956 0.9725
3.8416 -5.2611 -2.4964 0.9725
4.2104 -4.9738 -2.4973 0.9725
4.3869 -4.8203 -2.4977 0.9725
4.7229 -4.4949 -2.4985 0.9725
4.8819 -4.3233 -2.4990 0.9725
5.0348 -4.1461 -2.4994 0.9724
5.1812 -3.9635 -2.4999 0.9724
5.3211 -3.7757 -2.5003 0.9724
5.5801 -3.3856 -2.5012 0.9724
5.6990 -3.1838 -2.5017 0.9724
5.8106 -2.9778 -2.5021 0.9724
6.0114 -2.5544 -2.5030 0.9724
6.1002 -2.3375 -2.5035 0.9724
6.1813 -2.1175 -2.5039 0.9724
6.4251 -1.2123 -2.5057 0.9724
6.4977 -0.7487 -2.5065 0.9724
6.5322 0.4233 -2.5085 0.9723
6.5138 0.6575 -2.5089 0.9723
6.4517 1.1232 -2.5096 0.9723
6.4081 1.3542 -2.5099 0.9723
6.3563 1.5834 -2.5103 0.9723
6.2279 2.0357 -2.5109 0.9723
6.1516 2.2581 -2.5112 0.9723
5.9752 2.6940 -2.5118 0.9723
5.5305 3.5224 -2.5127 0.9723
5.4010 3.7189 -2.5129 0.9723
5.1211 4.0972 -2.5133 0.9723
4.9711 4.2786 -2.5135 0.9723
4.8147 4.4545 -2.5136 0.9723
3.5510 5.5031 -2.5098 0.9723
2.7238 5.9470 -2.5067 0.9724
2.5022 6.0253 -2.5002 0.9724
1.8321 6.2316 -2.4891 0.9726
1.6089 6.2991 -2.4914 0.9725
1.3848 6.3663 -2.4967 0.9725
0.9282 6.4737 -2.5062 0.9724
0.2274 6.5407 -2.5080 0.9724
-0.0075 6.5468 -2.5089 0.9723
-0.4773 6.5348 -2.5109 0.9723
-0.7117 6.5158 -2.5118 0.9723
-1.6357 6.3441 -2.5107 0.9723
-2.3070 6.1292 -2.5097 0.9723
-2.5251 6.0416 -2.5093 0.9723
-2.9510 5.8432 -2.5086 0.9723
-3.1583 5.7327 -2.5082 0.9724
-3.3614 5.6149 -2.5078 0.9724
-3.5601 5.4898 -2.5074 0.9724
-3.7542 5.3576 -2.5070 0.9724
-3.9433 5.2186 -2.5066 0.9724
-4.1273 5.0729 -2.5062 0.9724
-4.3060 4.9208 -2.5058 0.9724
-4.4790 4.7623 -2.5053 0.9724
-4.6461 4.5977 -2.5049 0.9724
-4.8073 4.4273 -2.5045 0.9724
-5.1106 4.0697 -2.5036 0.9724
-5.2524 3.8831 -2.5031 0.9724
-5.5153 3.4952 -2.5022 0.9724
-5.6362 3.2944 -2.5018 0.9724
-5.9543 2.6683 -2.5004 0.9724
-6.1281 2.2336 -2.4995 0.9724
-6.2032 2.0120 -2.4991 0.9725
-6.4832 0.6395 -2.4965 0.9725
-6.5009 0.4064 -2.4961 0.9725
-6.5103 0.1729 -2.4957 0.9725
-6.5113 -0.0608 -2.4953 0.9725
-6.4641 -0.7597 -2.4942 0.9725
-6.4318 -0.9910 -2.4939 0.9725
-6.2855 -1.6757 -2.4928 0.9725
-6.2205 -1.8999 -2.4925 0.9725
-6.1476 -2.1216 -2.4922 0.9725
-5.9783 -2.5564 -2.4917 0.9725
-5.7784 -2.9779 -2.4911 0.9725
-5.5489 -3.3840 -2.4907 0.9725
-5.4235 -3.5806 -2.4905 0.9725
-5.0063 -4.1417 -2.4899 0.9726
-4.8541 -4.3184 -2.4898 0.9726
-4.6958 -4.4896 -2.4896 0.9726
-4.1857 -4.9675 -2.4893 0.9726
-4.0046 -5.1143 -2.4892 0.9726
-3.8185 -5.2546 -2.4892 0.9726
-3.6274 -5.3881 -2.4891 0.9726
-3.4317 -5.5147 -2.4891 0.9726
-3.2317 -5.6343 -2.4891 0.9726
-3.0274 -5.7466 -2.4891 0.9726
-2.1744 -6.1210 -2.4893 0.9726
-1.7300 -6.2617 -2.4895 0.9726
-1.5043 -6.3200 -2.4896 0.9726
-0.8166 -6.4462 -2.4900 0.9725
-0.3523 -6.4891 -2.4904 0.9725
1.2726 -6.3774 -2.4921 0.9725
1.7271 -6.2713 -2.4927 0.9725
1.9513 -6.2061 -2.4931 0.9725
2.8206 -5.8664 -2.4945 0.9725
3.0297 -5.7623 -2.4948 0.9725
3.6330 -5.4059 -2.4960 0.9725
4.1949 -4.9867 -2.4972 0.9725
4.3718 -4.8338 -2.4977 0.9725
4.7089 -4.5094 -2.4985 0.9725
5.0219 -4.1616 -2.4994 0.9724
5.1689 -3.9794 -2.4998 0.9724
5.4429 -3.5998 -2.5007 0.9724
5.5695 -3.4028 -2.5012 0.9724
5.8013 -2.9958 -2.5021 0.9724
6.0033 -2.5729 -2.5030 0.9724
6.0929 -2.3563 -2.5034 0.9724
6.3718 -1.4615 -2.5052 0.9724
6.4212 -1.2322 -2.5056 0.9724
6.4624 -1.0012 -2.5060 0.9724
6.5197 -0.5353 -2.5069 0.9724
6.5358 -0.3011 -2.5073 0.9724
6.5434 -0.0664 -2.5077 0.9724
6.5426 0.1684 -2.5081 0.9724
6.5334 0.4031 -2.5085 0.9723
6.5157 0.6373 -2.5088 0.9723
6.4551 1.1032 -2.5096 0.9723
6.4122 1.3343 -2.5099 0.9723
6.3017 1.7912 -2.5106 0.9723
6.2341 2.0164 -2.5109 0.9723
5.5413 3.5053 -2.5127 0.9723
5.4124 3.7021 -2.5129 0.9723
4.9843 4.2632 -2.5135 0.9723
4.6663 4.6101 -2.5137 0.9723
4.4981 4.7748 -2.5139 0.9723
3.9564 5.2271 -2.5122 0.9723
3.7645 5.3631 -2.5110 0.9723
3.1628 5.7298 -2.5081 0.9724
2.9543 5.8379 -2.5073 0.9724
2.7423 5.9387 -2.5067 0.9724
2.0743 6.1576 -2.4900 0.9726
1.4042 6.3606 -2.4962 0.9725
1.1788 6.4276 -2.5043 0.9724
0.4819 6.5248 -2.5072 0.9724
-0.4570 6.5360 -2.5108 0.9723
-1.3874 6.4039 -2.5110 0.9723
-1.6161 6.3492 -2.5107 0.9723
-2.0667 6.2153 -2.5101 0.9723
-2.5064 6.0495 -2.5094 0.9723
-2.7215 5.9548 -2.5090 0.9723
-2.9329 5.8524 -2.5086 0.9723
-4.1117 5.0858 -2.5062 0.9724
-4.4643 4.7762 -2.5054 0.9724
-4.6320 4.6122 -2.5049 0.9724
-4.7936 4.4422 -2.5045 0.9724
-5.3760 3.7082 -2.5027 0.9724
-5.6260 3.3119 -2.5018 0.9724
-6.1213 2.2526 -2.4996 0.9724
-6.3246 1.5810 -2.4983 0.9725
-6.4813 0.6596 -2.4966 0.9725
-6.4997 0.4265 -2.4962 0.9725
-6.5115 -0.0406 -2.4954 0.9725
-6.4898 -0.5073 -2.4946 0.9725
-6.2907 -1.6563 -2.4929 0.9725
-6.1542 -2.1026 -2.4923 0.9725
-5.9862 -2.5379 -2.4917 0.9725
-5.6772 -3.1655 -2.4909 0.9725
-5.5594 -3.3668 -2.4907 0.9725
-5.4346 -3.5638 -2.4905 0.9725
-5.3028 -3.7562 -2.4903 0.9725
-5.1642 -3.9438 -2.4901 0.9725
-5.0191 -4.1263 -2.4899 0.9726
-4.8675 -4.3034 -2.4898 0.9726
-4.2011 -4.9545 -2.4893 0.9726
-4.0205 -5.1019 -2.4893 0.9726
-3.4488 -5.5041 -2.4891 0.9726
-3.2491 -5.6243 -2.4891 0.9726
-3.0452 -5.7372 -2.4891 0.9726
-2.8374 -5.8428 -2.4891 0.9726
-2.6260 -5.9410 -2.4892 0.9726
-2.4112 -6.0315 -2.4892 0.9726
-2.1933 -6.1143 -2.4893 0.9726
-1.9726 -6.1892 -2.4894 0.9726
0.4142 6.1243 -2.5123 0.9738
-0.2461 6.1319 -2.5116 0.9738
-0.4659 6.1185 -2.5114 0.9738
-0.6851 6.0973 -2.5112 0.9738
-0.9033 6.0682 -2.5109 0.9738
-1.1204 6.0312 -2.5106 0.9738
-1.5496 5.9340 -2.5101 0.9738
-1.7613 5.8739 -2.5098 0.9738
-1.9707 5.8062 -2.5095 0.9738
-2.5821 5.5586 -2.5085 0.9739
-2.7795 5.4616 -2.5081 0.9739
-3.1631 5.2467 -2.5074 0.9739
-3.3488 5.1291 -2.5070 0.9739
-3.5301 5.0049 -2.5066 0.9739
-4.0456 4.5944 -2.5055 0.9739
-4.2071 4.4456 -2.5051 0.9739
-4.5136 4.1311 -2.5043 0.9739
-4.6582 3.9658 -2.5038 0.9739
-4.7967 3.7955 -2.5034 0.9739
-4.9289 3.6204 -2.5030 0.9739
-5.2867 3.0683 -2.5017 0.9739
-5.5830 2.4812 -2.5005 0.9739
-5.6675 2.2789 -2.5001 0.9739
-5.9783 1.2298 -2.4980 0.9740
-6.0176 1.0144 -2.4976 0.9740
-6.0492 0.7977 -2.4972 0.9740
-6.0730 0.5800 -2.4968 0.9740
-6.0889 0.3617 -2.4964 0.9740
-6.0971 0.1430 -2.4961 0.9740
-6.0745 -0.5127 -2.4950 0.9740
-6.0514 -0.7302 -2.4947 0.9740
-6.0205 -0.9468 -2.4943 0.9740
-5.9819 -1.1620 -2.4940 0.9740
-5.9356 -1.3757 -2.4937 0.9740
-5.6751 -2.2096 -2.4925 0.9740
-5.5916 -2.4116 -2.4923 0.9740
-5.2986 -2.9976 -2.4916 0.9740
-4.8138 -3.7236 -2.4908 0.9740
-4.6769 -3.8937 -2.4907 0.9740
-4.2308 -4.3730 -2.4903 0.9740
-3.7360 -4.8018 -2.4900 0.9740
-3.5612 -4.9327 -2.4900 0.9740
-3.3819 -5.0572 -2.4899 0.9740
-3.1983 -5.1752 -2.4899 0.9740
-3.0105 -5.2866 -2.4899 0.9740
-2.6237 -5.4889 -2.4899 0.9740
-2.4251 -5.5796 -2.4900 0.9740
-2.0188 -5.7394 -2.4901 0.9740
-1.6022 -5.8698 -2.4903 0.9740
-1.3906 -5.9238 -2.4904 0.9740
-0.7462 -6.0399 -2.4908 0.9740
-0.5290 -6.0632 -2.4910 0.9740
-0.3111 -6.0787 -2.4911 0.9740
-0.0929 -6.0865 -2.4913 0.9740
0.1256 -6.0864 -2.4915 0.9740
0.3439 -6.0785 -2.4918 0.9740
0.5618 -6.0628 -2.4920 0.9740
0.9953 -6.0081 -2.4925 0.9740
1.4239 -5.9226 -2.4930 0.9740
1.8454 -5.8066 -2.4936 0.9740
2.0528 -5.7374 -2.4939 0.9740
2.2576 -5.6608 -2.4943 0.9740
2.6585 -5.4858 -2.4949 0.9740
2.8540 -5.3876 -2.4953 0.9740
3.0459 -5.2825 -2.4956 0.9740
3.2339 -5.1706 -2.4960 0.9740
3.5975 -4.9268 -2.4968 0.9740
3.7725 -4.7953 -2.4971 0.9740
4.1080 -4.5139 -2.4979 0.9740
4.4225 -4.2090 -2.4987 0.9740
4.7145 -3.8823 -2.4996 0.9739
4.9825 -3.5354 -2.5004 0.9739
5.1069 -3.3550 -2.5008 0.9739
5.2249 -3.1701 -2.5012 0.9739
5.4406 -2.7882 -2.5021 0.9739
5.5381 -2.5916 -2.5025 0.9739
5.7116 -2.1886 -2.5033 0.9739
5.9699 -1.3499 -2.5050 0.9739
6.0154 -1.1350 -2.5054 0.9739
6.0832 -0.7009 -2.5062 0.9739
6.1054 -0.4823 -2.5066 0.9739
6.1261 -0.0432 -2.5073 0.9739
6.0979 0.6155 -2.5084 0.9739
6.0727 0.8340 -2.5088 0.9739
5.9503 1.4823 -2.5097 0.9738
5.0557 3.4811 -2.5122 0.9738
4.7937 3.8352 -2.5126 0.9738
4.3545 4.3288 -2.5130 0.9738
4.1966 4.4825 -2.5131 0.9738
3.5126 5.0372 -2.5134 0.9738
3.3296 5.1601 -2.5134 0.9738
2.9511 5.3856 -2.5134 0.9738
2.7557 5.4876 -2.5132 0.9738
2.3541 5.6688 -2.5122 0.9738
2.1489 5.7488 -2.5119 0.9738
1.7309 5.8873 -2.5115 0.9738
1.3043 5.9965 -2.5116 0.9738
0.8712 6.0760 -2.5122 0.9738
0.6527 6.1040 -2.5124 0.9738
0.4332 6.1230 -2.5123 0.9738
-0.4470 6.1200 -2.5114 0.9738
-0.6662 6.0994 -2.5112 0.9738
-1.5313 5.9388 -2.5101 0.9738
-1.7431 5.8793 -2.5098 0.9738
-2.3639 5.6558 -2.5088 0.9739
-3.1469 5.2565 -2.5074 0.9739
-4.0314 4.6070 -2.5055 0.9739
-4.1934 4.4587 -2.5051 0.9739
-4.5009 4.1451 -2.5043 0.9739
-4.9178 3.6357 -2.5030 0.9739
-5.2773 3.0847 -2.5018 0.9739
-5.3837 2.8929 -2.5014 0.9739
-5.6605 2.2965 -2.5001 0.9739
-5.7383 2.0915 -2.4997 0.9739
-5.8087 1.8840 -2.4993 0.9740
-5.9269 1.4621 -2.4984 0.9740
-6.0145 1.0330 -2.4976 0.9740
-6.0468 0.8164 -2.4972 0.9740
-6.0712 0.5989 -2.4969 0.9740
-6.0977 -0.0569 -2.4957 0.9740
-6.0537 -0.7115 -2.4947 0.9740
-5.9855 -1.1435 -2.4940 0.9740
-5.9399 -1.3573 -2.4937 0.9740
-5.8259 -1.7794 -2.4931 0.9740
-5.7576 -1.9870 -2.4928 0.9740
-5.4119 -2.7891 -2.4918 0.9740
-5.3079 -2.9812 -2.4916 0.9740
-5.1971 -3.1694 -2.4914 0.9740
-4.9557 -3.5334 -2.4910 0.9740
-4.8254 -3.7087 -2.4908 0.9740
-4.3982 -4.2050 -2.4904 0.9740
-4.2443 -4.3599 -2.4903 0.9740
-4.0850 -4.5092 -2.4902 0.9740
-3.9204 -4.6527 -2.4901 0.9740
-3.5765 -4.9216 -2.4900 0.9740
-3.2143 -5.1653 -2.4899 0.9740
-2.8356 -5.3825 -2.4899 0.9740
-2.6407 -5.4808 -2.4899 0.9740
-2.4424 -5.5721 -2.4900 0.9740
-1.6203 -5.8648 -2.4903 0.9740
-1.4089 -5.9194 -2.4904 0.9740
-0.9809 -6.0059 -2.4906 0.9740
-0.5478 -6.0615 -2.4909 0.9740
-0.3300 -6.0777 -2.4911 0.9740
0.5430 -6.0645 -2.4920 0.9740
0.7603 -6.0417 -2.4922 0.9740
1.1919 -5.9728 -2.4927 0.9740
1.4056 -5.9269 -2.4930 0.9740
2.0350 -5.7436 -2.4939 0.9740
2.2401 -5.6677 -2.4942 0.9740
2.8373 -5.3963 -2.4953 0.9740
3.2179 -5.1805 -2.4960 0.9740
3.4022 -5.0625 -2.4963 0.9740
3.5822 -4.9379 -2.4967 0.9740
3.7576 -4.8069 -2.4971 0.9740
3.9283 -4.6697 -2.4975 0.9740
4.5588 -4.0624 -2.4991 0.9740
4.8400 -3.7263 -2.4999 0.9739
4.9714 -3.5508 -2.5004 0.9739
5.0965 -3.3707 -2.5008 0.9739
5.3269 -2.9976 -2.5016 0.9739
5.4319 -2.8050 -2.5021 0.9739
5.6209 -2.4091 -2.5029 0.9739
5.8502 -1.7920 -2.5041 0.9739
5.9117 -1.5812 -2.5046 0.9739
6.0118 -1.1536 -2.5054 0.9739
6.1188 -0.2819 -2.5069 0.9739
6.0997 0.5966 -2.5084 0.9739
6.0752 0.8152 -2.5087 0.9739
6.0429 1.0328 -2.5091 0.9739
5.9548 1.4638 -2.5097 0.9738
5.8358 1.8875 -2.5103 0.9738
5.7650 2.0959 -2.5106 0.9738
5.6867 2.3017 -2.5108 0.9738
5.6010 2.5045 -2.5111 0.9738
5.5081 2.7041 -2.5113 0.9738
5.4081 2.9003 -2.5116 0.9738
5.0664 3.4654 -2.5122 0.9738
4.8055 3.8203 -2.5126 0.9738
4.6656 3.9905 -2.5127 0.9738
4.5197 4.1556 -2.5128 0.9738
4.3679 4.3153 -2.5130 0.9738
4.2104 4.4694 -2.5131 0.9738
4.0475 4.6178 -2.5132 0.9738
3.5282 5.0263 -2.5134 0.9738
3.3456 5.1498 -2.5134 0.9738
3.1587 5.2665 -2.5134 0.9738
2.9677 5.3765 -2.5134 0.9738
2.1668 5.7422 -2.5119 0.9738
1.7491 5.8819 -2.5115 0.9738
1.5370 5.9409 -2.5115 0.9738
0.6716 6.1020 -2.5125 0.9738
0.4522 6.1217 -2.5123 0.9738
0.2322 6.1335 -2.5121 0.9738
-0.2082 6.1334 -2.5117 0.9738
-0.4281 6.1214 -2.5115 0.9738
-0.6473 6.1015 -2.5112 0.9738
-2.1420 5.7445 -2.5092 0.9739
-2.3464 5.6632 -2.5089 0.9739
-2.5477 5.5746 -2.5085 0.9739
-2.7457 5.4788 -2.5082 0.9739
-3.3171 5.1499 -2.5071 0.9739
-3.4992 5.0268 -2.5067 0.9739
-4.1797 4.4717 -2.5051 0.9739
-4.3367 4.3182 -2.5047 0.9739
-4.4881 4.1591 -2.5043 0.9739
-4.6337 3.9947 -2.5039 0.9739
-4.7732 3.8253 -2.5035 0.9739
-4.9066 3.6510 -2.5031 0.9739
-5.2678 3.1010 -2.5018 0.9739
-5.4748 2.7144 -2.5010 0.9739
-5.5677 2.5158 -2.5005 0.9739
-5.7319 2.1093 -2.4997 0.9739
-5.8029 1.9020 -2.4993 0.9740
-5.9707 1.2668 -2.4981 0.9740
-6.0979 -0.0381 -2.4958 0.9740
-6.0559 -0.6928 -2.4947 0.9740
-5.9891 -1.1250 -2.4941 0.9740
-5.9441 -1.3390 -2.4937 0.9740
-5.8915 -1.5512 -2.4934 0.9740
-5.6065 -2.3770 -2.4923 0.9740
-5.5171 -2.5763 -2.4921 0.9740
-5.3172 -2.9648 -2.4916 0.9740
-5.0900 -3.3379 -2.4912 0.9740
-4.9666 -3.5181 -2.4910 0.9740
-4.8369 -3.6938 -2.4908 0.9740
-4.7009 -3.8647 -2.4907 0.9740
-4.5590 -4.0306 -2.4905 0.9740
-4.4112 -4.1914 -2.4904 0.9740
-3.9348 -4.6405 -2.4901 0.9740
-3.0432 -5.2679 -2.4899 0.9740
-2.8522 -5.3737 -2.4899 0.9740
-2.0543 -5.7268 -2.4901 0.9740
-1.6385 -5.8598 -2.4902 0.9740
-1.4272 -5.9150 -2.4903 0.9740
0.3889 5.7498 -2.5116 0.9752
0.1824 5.7597 -2.5114 0.9752
-0.0244 5.7621 -2.5112 0.9752
-1.0519 5.6626 -2.5101 0.9752
-1.2542 5.6207 -2.5098 0.9752
-1.6537 5.5150 -2.5093 0.9752
-2.0445 5.3810 -2.5087 0.9752
-2.2359 5.3035 -2.5084 0.9752
-2.6098 5.1282 -2.5077 0.9752
-2.7918 5.0306 -2.5074 0.9752
-3.9506 4.1745 -2.5049 0.9752
-4.0972 4.0295 -2.5045 0.9752
-4.7469 3.2310 -2.5025 0.9753
-4.8590 3.0582 -2.5021 0.9753
-4.9648 2.8814 -2.5017 0.9753
-5.2431 2.3301 -2.5005 0.9753
-5.3225 2.1402 -2.5002 0.9753
-5.3950 1.9475 -2.4998 0.9753
-5.5191 1.5552 -2.4990 0.9753
-5.5705 1.3559 -2.4986 0.9753
-5.6814 0.7492 -2.4975 0.9753
-5.7265 0.1343 -2.4964 0.9753
-5.7199 -0.2766 -2.4957 0.9753
-5.6838 -0.6859 -2.4951 0.9753
-5.6548 -0.8893 -2.4948 0.9753
-5.6186 -1.0914 -2.4945 0.9753
-5.5246 -1.4912 -2.4939 0.9753
-5.4023 -1.8831 -2.4933 0.9753
-5.0754 -2.6356 -2.4924 0.9754
-4.9771 -2.8157 -2.4922 0.9754
-4.8725 -2.9922 -2.4920 0.9754
-4.6447 -3.3335 -2.4916 0.9754
-4.5219 -3.4978 -2.4915 0.9754
-4.1192 -3.9627 -2.4911 0.9754
-3.9742 -4.1078 -2.4910 0.9754
-3.5095 -4.5106 -2.4907 0.9754
-3.0043 -4.8614 -2.4906 0.9754
-2.8280 -4.9660 -2.4906 0.9754
-2.6480 -5.0643 -2.4906 0.9754
-2.4646 -5.1561 -2.4906 0.9754
-1.8964 -5.3914 -2.4908 0.9754
-1.7018 -5.4561 -2.4909 0.9754
-1.3063 -5.5646 -2.4911 0.9754
-0.9040 -5.6445 -2.4913 0.9754
-0.7009 -5.6736 -2.4914 0.9754
-0.4969 -5.6954 -2.4916 0.9754
-0.0872 -5.7172 -2.4919 0.9754
0.1180 -5.7171 -2.4921 0.9754
0.3230 -5.7097 -2.4924 0.9754
0.7318 -5.6728 -2.4928 0.9754
0.9349 -5.6435 -2.4930 0.9753
1.3375 -5.5631 -2.4936 0.9753
1.7334 -5.4540 -2.4941 0.9753
1.9282 -5.3890 -2.4944 0.9753
2.1205 -5.3170 -2.4947 0.9753
2.4970 -5.1525 -2.4953 0.9753
2.6806 -5.0603 -2.4957 0.9753
3.0374 -4.8563 -2.4963 0.9753
3.2101 -4.7449 -2.4967 0.9753
3.7030 -4.3744 -2.4978 0.9753
4.1535 -3.9530 -2.4989 0.9753
4.2933 -3.8020 -2.4993 0.9753
4.5563 -3.4854 -2.5001 0.9753
4.7960 -3.1507 -2.5009 0.9753
5.0112 -2.7996 -2.5017 0.9753
5.3635 -2.0552 -2.5032 0.9752
5.4347 -1.8617 -2.5036 0.9752
5.4988 -1.6658 -2.5040 0.9752
5.5559 -1.4677 -2.5044 0.9752
5.6486 -1.0658 -2.5052 0.9752
5.6840 -0.8626 -2.5055 0.9752
5.7121 -0.6582 -2.5059 0.9752
5.7329 -0.4529 -2.5063 0.9752
5.7522 -0.0406 -2.5070 0.9752
5.7419 0.3721 -2.5077 0.9752
5.6325 1.1903 -2.5089 0.9752
5.5868 1.3917 -2.5092 0.9752
5.5339 1.5915 -2.5095 0.9752
5.3325 2.1776 -2.5103 0.9752
5.1636 2.5548 -2.5108 0.9752
5.0691 2.7387 -2.5110 0.9752
4.8604 3.0956 -2.5114 0.9752
4.7465 3.2683 -2.5116 0.9752
4.5005 3.6007 -2.5119 0.9752
4.3687 3.7601 -2.5120 0.9752
4.2312 3.9146 -2.5122 0.9752
3.9399 4.2083 -2.5124 0.9752
3.2977 4.7291 -2.5126 0.9752
3.1260 4.8444 -2.5127 0.9752
2.9502 4.9535 -2.5127 0.9752
2.2111 5.3244 -2.5126 0.9752
2.0186 5.4002 -2.5126 0.9752
1.8235 5.4690 -2.5125 0.9752
1.6261 5.5307 -2.5124 0.9752
1.0223 5.6727 -2.5121 0.9752
0.6128 5.7307 -2.5118 0.9752
-0.0066 5.7622 -2.5112 0.9752
-0.6255 5.7266 -2.5106 0.9752
-1.0344 5.6659 -2.5101 0.9752
-1.6367 5.5202 -2.5093 0.9752
-1.8334 5.4573 -2.5090 0.9752
-2.0278 5.3873 -2.5087 0.9752
-2.5940 5.1363 -2.5078 0.9752
-2.7762 5.0392 -2.5074 0.9752
-2.9548 4.9357 -2.5071 0.9752
-3.3002 4.7098 -2.5064 0.9752
-3.4666 4.5877 -2.5060 0.9752
-3.7855 4.3260 -2.5053 0.9752
-3.9377 4.1868 -2.5049 0.9752
-4.0848 4.0422 -2.5045 0.9752
-4.2265 3.8924 -2.5041 0.9752
-4.3628 3.7377 -2.5037 0.9752
-4.8495 3.0732 -2.5022 0.9753
-5.5143 1.5723 -2.4990 0.9753
-5.5663 1.3732 -2.4986 0.9753
-5.6112 1.1724 -2.4983 0.9753
-5.6488 0.9702 -2.4979 0.9753
-5.6791 0.7668 -2.4975 0.9753
-5.7021 0.5624 -2.4971 0.9753
-5.7208 -0.2589 -2.4958 0.9753
-5.6860 -0.6683 -2.4951 0.9753
-5.6576 -0.8717 -2.4948 0.9753
-5.5792 -1.2749 -2.4942 0.9753
-5.4081 -1.8664 -2.4934 0.9753
-5.2593 -2.2490 -2.4929 0.9754
-3.8373 -4.2358 -2.4909 0.9754
-3.6827 -4.3706 -2.4908 0.9754
-3.0194 -4.8521 -2.4906 0.9754
-2.8433 -4.9573 -2.4906 0.9754
-2.6637 -5.0561 -2.4906 0.9754
-2.1050 -5.3133 -2.4907 0.9754
-1.7187 -5.4508 -2.4909 0.9754
-1.5221 -5.5092 -2.4909 0.9754
-1.3235 -5.5605 -2.4910 0.9754
-0.9214 -5.6416 -2.4913 0.9754
-0.7185 -5.6714 -2.4914 0.9754
-0.5145 -5.6938 -2.4916 0.9754
-0.3100 -5.7090 -2.4918 0.9754
0.1003 -5.7174 -2.4921 0.9754
0.3054 -5.7106 -2.4923 0.9754
0.7142 -5.6750 -2.4928 0.9754
0.9174 -5.6463 -2.4930 0.9753
1.1196 -5.6103 -2.4933 0.9753
2.2940 -5.2452 -2.4950 0.9753
2.4810 -5.1602 -2.4953 0.9753
3.3644 -4.6377 -2.4970 0.9753
3.6894 -4.3858 -2.4978 0.9753
3.8449 -4.2512 -2.4981 0.9753
3.9956 -4.1112 -2.4985 0.9753
4.1412 -3.9658 -2.4989 0.9753
4.2814 -3.8152 -2.4993 0.9753
4.4163 -3.6597 -2.4997 0.9753
4.5454 -3.4995 -2.5000 0.9753
4.6688 -3.3346 -2.5004 0.9753
4.8974 -2.9922 -2.5012 0.9753
5.0024 -2.8150 -2.5016 0.9753
5.3571 -2.0718 -2.5032 0.9752
5.4936 -1.6828 -2.5040 0.9752
5.6451 -1.0833 -2.5051 0.9752
5.7100 -0.6758 -2.5059 0.9752
5.7454 -0.2647 -2.5066 0.9752
5.7273 0.5602 -2.5080 0.9752
5.6738 0.9697 -2.5086 0.9752
5.6361 1.1728 -2.5089 0.9752
5.5910 1.3744 -2.5092 0.9752
5.4127 1.9679 -2.5100 0.9752
5.3392 2.1610 -2.5103 0.9752
5.1714 2.5388 -2.5108 0.9752
5.0775 2.7230 -2.5110 0.9752
4.9769 2.9036 -2.5112 0.9752
4.6371 3.4223 -2.5117 0.9752
4.3803 3.7465 -2.5120 0.9752
4.1007 4.0514 -2.5123 0.9752
3.9529 4.1960 -2.5124 0.9752
3.6421 4.4690 -2.5125 0.9752
3.4795 4.5969 -2.5126 0.9752
3.3123 4.7189 -2.5126 0.9752
2.9655 4.9444 -2.5127 0.9752
2.7862 5.0476 -2.5127 0.9752
2.2276 5.3176 -2.5126 0.9752
2.0354 5.3939 -2.5126 0.9752
1.8405 5.4634 -2.5125 0.9752
1.4438 5.5809 -2.5123 0.9752
1.2426 5.6288 -2.5122 0.9752
1.0398 5.6695 -2.5121 0.9752
0.8357 5.7029 -2.5119 0.9752
0.6305 5.7288 -2.5118 0.9752
0.2180 5.7585 -2.5115 0.9752
0.0113 5.7622 -2.5113 0.9752
-0.4019 5.7472 -2.5108 0.9752
-0.6078 5.7286 -2.5106 0.9752
-1.0168 5.6691 -2.5101 0.9752
-2.3922 5.2342 -2.5081 0.9752
-3.4524 4.5985 -2.5060 0.9752
-3.6146 4.4710 -2.5057 0.9752
-4.4823 3.5922 -2.5034 0.9752
-4.7269 3.2604 -2.5026 0.9753
-5.1414 2.5491 -2.5010 0.9753
-5.2288 2.3626 -2.5006 0.9753
-5.3093 2.1732 -2.5002 0.9753
-5.4498 1.7863 -2.4994 0.9753
-5.5621 1.3904 -2.4987 0.9753
-5.6768 0.7844 -2.4975 0.9753
-5.7004 0.5801 -2.4972 0.9753
-5.7257 0.1698 -2.4965 0.9753
-5.5832 -1.2577 -2.4942 0.9753
-5.5338 -1.4570 -2.4939 0.9753
-5.4774 -1.6544 -2.4936 0.9753
-5.1823 -2.4200 -2.4926 0.9754
-5.0917 -2.6041 -2.4924 0.9754
-4.7812 -3.1354 -2.4918 0.9754
-4.5435 -3.4697 -2.4915 0.9754
-4.2825 -3.7862 -2.4912 0.9754
-4.1437 -3.9372 -2.4911 0.9754
-3.8504 -4.2239 -2.4909 0.9754
-3.6962 -4.3592 -2.4908 0.9754
-3.5373 -4.4888 -2.4907 0.9754
-3.3739 -4.6128 -2.4907 0.9754
-3.2062 -4.7308 -2.4906 0.9754
-3.0344 -4.8427 -2.4906 0.9754
-2.8587 -4.9484 -2.4906 0.9754
-2.6793 -5.0478 -2.4906 0.9754
-2.4965 -5.1407 -2.4906 0.9754
-2.3105 -5.2271 -2.4907 0.9754
-1.7356 -5.4455 -2.4908 0.9754
-1.5391 -5.5044 -2.4909 0.9754
0.3661 5.4123 -2.5110 0.9764
0.1717 5.4216 -2.5108 0.9764
-0.0230 5.4239 -2.5107 0.9764
-0.6055 5.3887 -2.5101 0.9764
-0.7984 5.3631 -2.5098 0.9764
-1.1807 5.2910 -2.5093 0.9764
-1.5567 5.1916 -2.5088 0.9764
-1.7418 5.1318 -2.5086 0.9764
-1.9246 5.0655 -2.5083 0.9764
-2.2824 4.9132 -2.5077 0.9764
-2.4569 4.8276 -2.5074 0.9764
-2.6282 4.7357 -2.5070 0.9764
-2.7960 4.6378 -2.5067 0.9764
-2.9602 4.5339 -2.5064 0.9764
-3.1206 4.4242 -2.5061 0.9764
-3.2768 4.3088 -2.5057 0.9764
-3.7193 3.9301 -2.5047 0.9764
-3.8573 3.7936 -2.5043 0.9764
-3.9904 3.6522 -2.5039 0.9764
-4.2408 3.3557 -2.5032 0.9764
-4.3578 3.2009 -2.5028 0.9764
-4.4692 3.0420 -2.5025 0.9765
-4.7680 2.5431 -2.5014 0.9765
-4.8555 2.3700 -2.5010 0.9765
-5.0798 1.8337 -2.4999 0.9765
-5.1415 1.6501 -2.4995 0.9765
-5.3217 0.8971 -2.4981 0.9765
-5.3850 0.3199 -2.4970 0.9765
-5.3923 0.1265 -2.4967 0.9765
-5.3861 -0.2605 -2.4961 0.9765
-5.3523 -0.6459 -2.4955 0.9765
-5.2501 -1.2168 -2.4946 0.9765
-5.1482 -1.5898 -2.4941 0.9765
-5.0873 -1.7734 -2.4938 0.9765
-4.6871 -2.6517 -2.4927 0.9765
-4.3742 -3.1393 -2.4922 0.9765
-4.2584 -3.2940 -2.4921 0.9765
-3.7427 -3.8686 -2.4916 0.9766
-3.4554 -4.1267 -2.4914 0.9766
-3.3051 -4.2479 -2.4914 0.9766
-3.1505 -4.3637 -2.4913 0.9766
-2.9919 -4.4739 -2.4913 0.9766
-2.8294 -4.5783 -2.4913 0.9766
-2.6633 -4.6769 -2.4913 0.9766
-2.3211 -4.8558 -2.4913 0.9766
-1.6027 -5.1384 -2.4915 0.9766
-1.2302 -5.2405 -2.4917 0.9766
-0.8513 -5.3157 -2.4919 0.9766
-0.6601 -5.3431 -2.4920 0.9765
-0.4680 -5.3636 -2.4922 0.9765
0.3042 -5.3770 -2.4929 0.9765
0.4970 -5.3630 -2.4931 0.9765
0.6891 -5.3422 -2.4933 0.9765
0.8804 -5.3145 -2.4935 0.9765
1.6323 -5.1360 -2.4946 0.9765
1.8157 -5.0747 -2.4948 0.9765
1.9968 -5.0068 -2.4951 0.9765
2.1755 -4.9326 -2.4954 0.9765
2.3513 -4.8519 -2.4957 0.9765
2.8601 -4.5729 -2.4967 0.9765
3.1815 -4.3572 -2.4973 0.9765
3.3363 -4.2408 -2.4977 0.9765
3.4868 -4.1190 -2.4980 0.9765
3.6328 -3.9918 -2.4984 0.9765
3.7742 -3.8594 -2.4987 0.9765
3.9108 -3.7221 -2.4991 0.9765
4.0424 -3.5799 -2.4994 0.9765
4.1689 -3.4330 -2.4998 0.9765
4.4056 -3.1261 -2.5005 0.9765
4.5156 -2.9665 -2.5009 0.9765
4.6199 -2.8030 -2.5013 0.9765
4.7181 -2.6358 -2.5017 0.9765
5.2307 -1.3817 -2.5042 0.9764
5.2776 -1.1934 -2.5046 0.9764
5.3178 -1.0034 -2.5050 0.9764
5.3511 -0.8121 -2.5053 0.9764
5.3776 -0.6196 -2.5057 0.9764
5.4152 -0.0382 -2.5067 0.9764
5.4138 0.1561 -2.5070 0.9764
5.3900 0.5441 -2.5076 0.9764
5.3022 1.1205 -2.5085 0.9764
5.2093 1.4981 -2.5090 0.9764
5.1527 1.6842 -2.5093 0.9764
5.0895 1.8682 -2.5096 0.9764
4.9433 2.2288 -2.5100 0.9764
4.8606 2.4049 -2.5102 0.9764
4.7716 2.5780 -2.5104 0.9764
4.4679 3.0764 -2.5110 0.9764
4.3549 3.2350 -2.5111 0.9764
3.9828 3.6848 -2.5115 0.9764
3.8482 3.8255 -2.5117 0.9764
3.7086 3.9612 -2.5118 0.9764
2.9424 4.5600 -2.5120 0.9764
2.6079 4.7593 -2.5120 0.9764
2.2598 4.9340 -2.5120 0.9764
2.0813 5.0118 -2.5120 0.9764
1.9001 5.0831 -2.5119 0.9764
1.1533 5.3019 -2.5116 0.9764
0.3829 5.4112 -2.5110 0.9764
-0.0062 5.4240 -2.5107 0.9764
-0.9737 5.3335 -2.5096 0.9764
-1.3534 5.2489 -2.5091 0.9764
-1.7259 5.1373 -2.5086 0.9764
-2.2671 4.9203 -2.5077 0.9764
-2.6135 4.7439 -2.5071 0.9764
-2.7817 4.6465 -2.5068 0.9764
-2.9462 4.5431 -2.5064 0.9764
-3.1069 4.4339 -2.5061 0.9764
-3.4159 4.1985 -2.5054 0.9764
-3.5638 4.0727 -2.5051 0.9764
-3.7071 3.9416 -2.5047 0.9764
-4.2304 3.3688 -2.5032 0.9764
-4.4598 3.0559 -2.5025 0.9765
-4.5659 2.8935 -2.5021 0.9765
-4.7602 2.5578 -2.5014 0.9765
-4.8482 2.3850 -2.5010 0.9765
-4.9299 2.2092 -2.5006 0.9765
-5.1365 1.6660 -2.4995 0.9765
-5.2412 1.2930 -2.4988 0.9765
-5.3189 0.9135 -2.4981 0.9765
-5.3475 0.7220 -2.4978 0.9765
-5.3841 0.3366 -2.4971 0.9765
-5.3920 0.1432 -2.4967 0.9765
-5.3870 -0.2438 -2.4961 0.9765
-5.3741 -0.4369 -2.4958 0.9765
-5.2539 -1.2006 -2.4946 0.9765
-4.9528 -2.1179 -2.4934 0.9765
-4.8732 -2.2940 -2.4932 0.9765
-4.5974 -2.8037 -2.4926 0.9765
-4.3839 -3.1257 -2.4922 0.9765
-4.2686 -3.2808 -2.4921 0.9765
-4.1480 -3.4317 -2.4919 0.9766
-4.0220 -3.5781 -2.4918 0.9766
-3.7547 -3.8570 -2.4916 0.9766
-3.6138 -3.9891 -2.4915 0.9766
-2.8435 -4.5695 -2.4913 0.9766
-2.3361 -4.8486 -2.4913 0.9766
-2.1607 -4.9294 -2.4913 0.9766
-1.9824 -5.0038 -2.4913 0.9766
-1.8017 -5.0718 -2.4914 0.9766
-1.6186 -5.1334 -2.4915 0.9766
-1.2464 -5.2366 -2.4917 0.9766
-0.8678 -5.3130 -2.4919 0.9766
-0.4846 -5.3621 -2.4922 0.9765
-0.0988 -5.3838 -2.4925 0.9765
0.2876 -5.3778 -2.4929 0.9765
0.4804 -5.3645 -2.4931 0.9765
0.6726 -5.3443 -2.4933 0.9765
0.8640 -5.3172 -2.4935 0.9765
1.4307 -5.1951 -2.4943 0.9765
2.1602 -4.9392 -2.4954 0.9765
2.5094 -4.7728 -2.4960 0.9765
2.6794 -4.6803 -2.4963 0.9765
2.8459 -4.5817 -2.4966 0.9765
3.1680 -4.3670 -2.4973 0.9765
3.3231 -4.2511 -2.4976 0.9765
3.4740 -4.1297 -2.4980 0.9765
3.7622 -3.8710 -2.4987 0.9765
4.1582 -3.4459 -2.4998 0.9765
4.3959 -3.1397 -2.5005 0.9765
4.6111 -2.8173 -2.5013 0.9765
4.8893 -2.3065 -2.5024 0.9765
5.2263 -1.3979 -2.5042 0.9764
5.2738 -1.2097 -2.5046 0.9764
5.3146 -1.0198 -2.5049 0.9764
5.3485 -0.8286 -2.5053 0.9764
5.3755 -0.6363 -2.5056 0.9764
5.4088 -0.2492 -2.5063 0.9764
5.4142 0.1393 -2.5070 0.9764
5.3412 0.9129 -2.5082 0.9764
5.2139 1.4820 -2.5090 0.9764
5.1579 1.6683 -2.5093 0.9764
5.0952 1.8524 -2.5095 0.9764
4.9502 2.2135 -2.5100 0.9764
4.4774 3.0626 -2.5110 0.9764
4.3649 3.2214 -2.5111 0.9764
4.2468 3.3762 -2.5113 0.9764
4.1231 3.5266 -2.5114 0.9764
3.9941 3.6724 -2.5115 0.9764
3.8600 3.8135 -2.5116 0.9764
3.7208 3.9497 -2.5117 0.9764
3.2751 4.3270 -2.5120 0.9764
3.1178 4.4418 -2.5120 0.9764
2.4504 4.8422 -2.5120 0.9764
2.2751 4.9269 -2.5120 0.9764
2.0968 5.0053 -2.5120 0.9764
1.7324 5.1426 -2.5119 0.9764
1.5467 5.2012 -2.5118 0.9764
1.3591 5.2532 -2.5117 0.9764
0.9788 5.3367 -2.5115 0.9764
0.7866 5.3681 -2.5113 0.9764
0.3996 5.4100 -2.5110 0.9764
0.0106 5.4240 -2.5107 0.9764
-0.1840 5.4205 -2.5105 0.9764
-0.3783 5.4100 -2.5103 0.9764
-0.5721 5.3925 -2.5101 0.9764
-0.7652 5.3680 -2.5099 0.9764
-0.9572 5.3366 -2.5096 0.9764
-1.1479 5.2983 -2.5094 0.9764
-1.7100 5.1426 -2.5086 0.9764
-1.8932 5.0774 -2.5083 0.9764
-2.0739 5.0056 -2.5080 0.9764
-2.2519 4.9274 -2.5077 0.9764
-2.4270 4.8428 -2.5074 0.9764
-2.7673 4.6551 -2.5068 0.9764
-3.0932 4.4435 -2.5061 0.9764
-3.5513 4.0837 -2.5051 0.9764
-4.5570 2.9076 -2.5022 0.9765
-4.7523 2.5726 -2.5014 0.9765
-4.9990 2.0461 -2.5003 0.9765
-5.0685 1.8652 -2.4999 0.9765
-5.1314 1.6819 -2.4996 0.9765
-5.1877 1.4965 -2.4992 0.9765
-5.3453 0.7386 -2.4978 0.9765
-5.3677 0.5462 -2.4974 0.9765
-5.3831 0.3533 -2.4971 0.9765
-5.3878 -0.2271 -2.4961 0.9765
-5.3563 -0.6127 -2.4955 0.9765
-5.3302 -0.8044 -2.4952 0.9765
-5.1580 -1.5580 -2.4941 0.9765
-5.0983 -1.7419 -2.4939 0.9765
-5.0320 -1.9235 -2.4936 0.9765
-4.6061 -2.7895 -2.4926 0.9765
-4.3936 -3.1122 -2.4922 0.9765
-4.0330 -3.5656 -2.4918 0.9766
-3.7666 -3.8453 -2.4916 0.9766
-3.3313 -4.2274 -2.4914 0.9766
-3.1775 -4.3441 -2.4913 0.9766
-3.0195 -4.4553 -2.4913 0.9766
-2.6922 -4.6603 -2.4913 0.9766
-2.5233 -4.7539 -2.4913 0.9766
-2.3511 -4.8414 -2.4913 0.9766
-1.9979 -4.9977 -2.4913 0.9766
-1.8174 -5.0662 -2.4914 0.9766
-1.2626 -5.2327 -2.4916 0.9766
0.1620 5.1151 -2.5103 0.9775
-0.3885 5.1018 -2.5098 0.9775
-0.5713 5.0841 -2.5096 0.9775
-1.4688 4.8983 -2.5084 0.9775
-1.8159 4.7793 -2.5079 0.9775
-2.3181 4.5550 -2.5070 0.9775
-2.4798 4.4684 -2.5067 0.9775
-2.6382 4.3760 -2.5064 0.9775
-2.9444 4.1745 -2.5058 0.9775
-3.2354 3.9516 -2.5052 0.9775
-3.3746 3.8324 -2.5048 0.9775
-3.6398 3.5796 -2.5042 0.9775
-3.7654 3.4462 -2.5038 0.9775
-3.8860 3.3085 -2.5035 0.9775
-4.2173 2.8706 -2.5024 0.9775
-4.5820 2.2365 -2.5010 0.9775
-4.7292 1.9016 -2.5003 0.9775
-4.7937 1.7305 -2.5000 0.9775
-4.8521 1.5571 -2.4996 0.9776
-4.9042 1.3819 -2.4993 0.9776
-4.9893 1.0264 -2.4986 0.9776
-5.0222 0.8466 -2.4983 0.9776
-5.0487 0.6658 -2.4979 0.9776
-5.0687 0.4841 -2.4976 0.9776
-5.0821 0.3019 -2.4973 0.9776
-5.0891 0.1194 -2.4970 0.9776
-5.0894 -0.0633 -2.4967 0.9776
-5.0833 -0.2458 -2.4964 0.9776
-5.0514 -0.6096 -2.4958 0.9776
-4.9936 -0.9700 -2.4953 0.9776
-4.9101 -1.3254 -2.4947 0.9776
-4.6683 -2.0134 -2.4938 0.9776
-4.3310 -2.6597 -2.4931 0.9776
-4.2325 -2.8132 -2.4929 0.9776
-4.0194 -3.1091 -2.4926 0.9776
-3.7857 -3.3890 -2.4923 0.9776
-3.6615 -3.5225 -2.4922 0.9776
-3.3992 -3.7757 -2.4921 0.9776
-3.2615 -3.8951 -2.4920 0.9776
-3.1196 -4.0095 -2.4919 0.9776
-2.9737 -4.1188 -2.4919 0.9776
-2.1908 -4.5833 -2.4919 0.9776
-1.5127 -4.8500 -2.4921 0.9776
-1.1611 -4.9463 -2.4922 0.9776
-0.9830 -4.9850 -2.4923 0.9776
-0.8035 -5.0173 -2.4924 0.9776
-0.2598 -5.0754 -2.4929 0.9776
-0.0775 -5.0818 -2.4930 0.9776
0.2871 -5.0750 -2.4934 0.9776
0.6504 -5.0421 -2.4938 0.9776
1.1888 -4.9444 -2.4945 0.9776
1.3655 -4.8990 -2.4947 0.9776
1.5406 -4.8474 -2.4949 0.9776
1.7137 -4.7895 -2.4952 0.9776
2.3823 -4.4971 -2.4963 0.9776
2.5424 -4.4093 -2.4966 0.9776
2.8527 -4.2166 -2.4972 0.9776
3.1486 -4.0022 -2.4979 0.9776
3.4284 -3.7671 -2.4985 0.9776
3.9342 -3.2397 -2.4999 0.9775
4.0484 -3.0969 -2.5003 0.9775
4.1575 -2.9501 -2.5006 0.9775
4.3596 -2.6451 -2.5013 0.9775
4.4523 -2.4873 -2.5017 0.9775
4.5393 -2.3263 -2.5020 0.9775
4.6205 -2.1622 -2.5024 0.9775
4.8281 -1.6539 -2.5034 0.9775
4.8850 -1.4799 -2.5038 0.9775
4.9356 -1.3038 -2.5041 0.9775
5.0178 -0.9468 -2.5048 0.9775
5.0741 -0.5847 -2.5054 0.9775
5.1043 -0.2193 -2.5061 0.9775
5.1095 -0.0361 -2.5064 0.9775
5.1081 0.1473 -2.5067 0.9775
5.0645 0.6956 -2.5076 0.9775
4.8616 1.5891 -2.5089 0.9775
4.6639 2.1028 -2.5095 0.9775
4.5858 2.2690 -2.5097 0.9775
4.5018 2.4322 -2.5099 0.9775
3.9968 3.1977 -2.5107 0.9775
3.4988 3.7372 -2.5112 0.9774
3.3626 3.8604 -2.5113 0.9774
2.7760 4.3020 -2.5114 0.9774
2.6198 4.3989 -2.5115 0.9774
2.2976 4.5754 -2.5114 0.9774
2.1320 4.6549 -2.5114 0.9774
1.9636 4.7283 -2.5114 0.9774
0.9078 5.0377 -2.5109 0.9775
0.7265 5.0667 -2.5108 0.9775
0.5442 5.0893 -2.5106 0.9775
0.3612 5.1052 -2.5105 0.9775
-0.9187 5.0321 -2.5092 0.9775
-1.2769 4.9523 -2.5087 0.9775
-1.9714 4.7168 -2.5076 0.9775
-2.1391 4.6425 -2.5074 0.9775
-2.3040 4.5622 -2.5071 0.9775
-2.9315 4.1836 -2.5058 0.9775
-3.3628 3.8429 -2.5049 0.9775
-3.4980 3.7193 -2.5045 0.9775
-3.6287 3.5909 -2.5042 0.9775
-3.8758 3.3205 -2.5035 0.9775
-4.1028 3.0332 -2.5028 0.9775
-4.2084 2.8836 -2.5025 0.9775
-4.6522 2.0848 -2.5007 0.9775
-4.8999 1.3971 -2.4993 0.9776
-5.0196 0.8621 -2.4983 0.9776
-5.0812 0.3177 -2.4973 0.9776
-5.0719 -0.4123 -2.4961 0.9776
-5.0533 -0.5939 -2.4958 0.9776
-4.8636 -1.4855 -2.4945 0.9776
-4.8067 -1.6589 -2.4943 0.9776
-4.7437 -1.8301 -2.4941 0.9776
-4.6746 -1.9989 -2.4938 0.9776
-4.5185 -2.3286 -2.4934 0.9776
-4.4317 -2.4891 -2.4932 0.9776
-4.3392 -2.6463 -2.4931 0.9776
-4.2412 -2.8001 -2.4929 0.9776
-4.1377 -2.9503 -2.4927 0.9776
-3.9151 -3.2390 -2.4925 0.9776
-3.7962 -3.3772 -2.4924 0.9776
-3.6724 -3.5111 -2.4922 0.9776
-3.5439 -3.6405 -2.4922 0.9776
-3.2736 -3.8850 -2.4920 0.9776
-3.1320 -3.9999 -2.4919 0.9776
-2.8370 -4.2140 -2.4919 0.9776
-2.5275 -4.4066 -2.4918 0.9776
-2.3677 -4.4944 -2.4918 0.9776
-2.2050 -4.5765 -2.4919 0.9776
-1.8712 -4.7230 -2.4919 0.9776
-1.7006 -4.7872 -2.4920 0.9776
-1.5277 -4.8452 -2.4920 0.9776
-1.1764 -4.9427 -2.4922 0.9776
-0.9984 -4.9819 -2.4923 0.9776
-0.8190 -5.0147 -2.4924 0.9776
-0.6386 -5.0411 -2.4926 0.9776
-0.4574 -5.0611 -2.4927 0.9776
-0.0933 -5.0815 -2.4930 0.9776
0.2714 -5.0758 -2.4934 0.9776
0.4534 -5.0632 -2.4936 0.9776
0.8154 -5.0185 -2.4940 0.9776
1.3503 -4.9032 -2.4947 0.9776
1.5255 -4.8521 -2.4949 0.9776
1.6988 -4.7947 -2.4952 0.9776
2.5287 -4.4171 -2.4966 0.9776
2.6859 -4.3240 -2.4969 0.9776
2.8396 -4.2254 -2.4972 0.9776
2.9898 -4.1213 -2.4975 0.9776
3.6798 -3.5239 -2.4992 0.9776
3.8043 -3.3901 -2.4995 0.9776
3.9241 -3.2518 -2.4999 0.9776
4.1483 -2.9629 -2.5006 0.9775
4.4445 -2.5011 -2.5016 0.9775
4.5320 -2.3403 -2.5020 0.9775
4.6137 -2.1765 -2.5023 0.9775
4.6895 -2.0099 -2.5027 0.9775
4.8229 -1.6689 -2.5034 0.9775
4.9764 -1.1414 -2.5044 0.9775
5.0148 -0.9623 -2.5047 0.9775
5.0722 -0.6004 -2.5054 0.9775
5.0911 -0.4180 -2.5057 0.9775
5.0059 1.0417 -2.5081 0.9775
4.9658 1.2207 -2.5084 0.9775
4.9193 1.3982 -2.5086 0.9775
4.8664 1.5740 -2.5088 0.9775
4.8073 1.7477 -2.5091 0.9775
4.7419 1.9193 -2.5093 0.9775
4.6704 2.0883 -2.5095 0.9775
4.5928 2.2548 -2.5097 0.9775
4.4200 2.5787 -2.5101 0.9775
3.7683 3.4647 -2.5110 0.9775
3.3745 3.8500 -2.5112 0.9774
3.0899 4.0822 -2.5114 0.9774
2.4742 4.4824 -2.5115 0.9774
2.3118 4.5683 -2.5114 0.9774
1.8075 4.7900 -2.5113 0.9774
1.6344 4.8517 -2.5113 0.9774
1.4592 4.9071 -2.5112 0.9774
1.1035 4.9987 -2.5110 0.9775
0.7421 5.0645 -2.5108 0.9775
0.3770 5.1041 -2.5105 0.9775
0.0100 5.1173 -2.5102 0.9775
-0.1736 5.1141 -2.5100 0.9775
-0.3569 5.1041 -2.5098 0.9775
-0.5398 5.0876 -2.5096 0.9775
-0.7219 5.0646 -2.5094 0.9775
-1.2616 4.9563 -2.5087 0.9775
-1.4384 4.9074 -2.5085 0.9775
-1.7863 4.7906 -2.5079 0.9775
-2.2899 4.5694 -2.5071 0.9775
-2.6111 4.3923 -2.5065 0.9775
-2.9186 4.1927 -2.5059 0.9775
-3.0668 4.0848 -2.5055 0.9775
-3.4865 3.7301 -2.5046 0.9775
-3.6176 3.6022 -2.5042 0.9775
-3.8656 3.3326 -2.5035 0.9775
-3.9821 3.1913 -2.5032 0.9775
-4.0935 3.0459 -2.5028 0.9775
-4.1995 2.8967 -2.5025 0.9775
-4.3001 2.7438 -2.5021 0.9775
-4.6458 2.0992 -2.5007 0.9775
-4.7831 1.7602 -2.5000 0.9775
-4.8956 1.4123 -2.4993 0.9776
-4.9829 1.0573 -2.4987 0.9776
-5.0446 0.6970 -2.4980 0.9776
-5.0803 0.3334 -2.4974 0.9776
-5.0883 0.1509 -2.4970 0.9776
-5.0898 -0.0318 -2.4967 0.9776
-5.0848 -0.2144 -2.4964 0.9776
-5.0552 -0.5783 -2.4959 0.9776
-4.9183 -1.2949 -2.4948 0.9776
-4.7494 -1.8154 -2.4941 0.9776
-4.5257 -2.3146 -2.4934 0.9776
-4.4394 -2.4753 -2.4933 0.9776
-4.2499 -2.7869 -2.4929 0.9776
-4.0386 -3.0842 -2.4926 0.9776
-3.2856 -3.8749 -2.4920 0.9776
-2.8500 -4.2052 -2.4919 0.9776
-2.6973 -4.3047 -2.4918 0.9776
-2.5411 -4.3987 -2.4918 0.9776
-2.3816 -4.4871 -2.4918 0.9776
-1.8858 -4.7172 -2.4919 0.9776
-1.5427 -4.8405 -2.4920 0.9776
-1.1917 -4.9390 -2.4922 0.9776
0.3265 4.8272 -2.5100 0.9784
0.1531 4.8356 -2.5098 0.9784
-0.5401 4.8064 -2.5091 0.9784
-0.7121 4.7835 -2.5089 0.9784
-0.8832 4.7545 -2.5087 0.9784
-1.3886 4.6308 -2.5080 0.9785
-1.5537 4.5775 -2.5078 0.9785
-2.1916 4.3064 -2.5067 0.9785
-2.3444 4.2245 -2.5065 0.9785
-2.4942 4.1372 -2.5062 0.9785
-2.7838 3.9468 -2.5056 0.9785
-2.9233 3.8439 -2.5053 0.9785
-3.1906 3.6235 -2.5047 0.9785
-3.3181 3.5062 -2.5043 0.9785
-3.4413 3.3845 -2.5040 0.9785
-3.6742 3.1282 -2.5034 0.9785
-3.8881 2.8559 -2.5027 0.9785
-3.9875 2.7142 -2.5024 0.9785
-4.1708 2.4206 -2.5017 0.9785
-4.3325 2.1147 -2.5010 0.9785
-4.6373 1.3067 -2.4994 0.9785
-4.6806 1.1393 -2.4991 0.9785
-4.7178 0.9705 -2.4988 0.9785
-4.7490 0.8005 -2.4985 0.9785
-4.7741 0.6295 -2.4981 0.9785
-4.7930 0.4578 -2.4978 0.9785
-4.8058 0.2855 -2.4975 0.9785
-4.8124 0.1129 -2.4972 0.9785
-4.8128 -0.0599 -2.4969 0.9785
-4.8070 -0.2325 -2.4967 0.9785
-4.6434 -1.2534 -2.4951 0.9786
-4.5407 -1.5828 -2.4947 0.9786
-4.4148 -1.9040 -2.4942 0.9786
-4.2663 -2.2154 -2.4939 0.9786
-4.1837 -2.3669 -2.4937 0.9786
-4.0958 -2.5153 -2.4935 0.9786
-4.0027 -2.6605 -2.4934 0.9786
-3.9045 -2.8022 -2.4932 0.9786
-3.8012 -2.9403 -2.4931 0.9786
-3.5802 -3.2050 -2.4928 0.9786
-3.3409 -3.4533 -2.4927 0.9786
-3.0845 -3.6837 -2.4925 0.9786
-2.9503 -3.7919 -2.4925 0.9786
-2.5257 -4.0869 -2.4924 0.9786
-2.3774 -4.1748 -2.4924 0.9786
-2.0719 -4.3346 -2.4924 0.9786
-1.5942 -4.5324 -2.4925 0.9786
-1.4306 -4.5867 -2.4926 0.9786
-1.2652 -4.6353 -2.4926 0.9786
-0.7599 -4.7449 -2.4929 0.9786
-0.5892 -4.7694 -2.4931 0.9786
-0.2457 -4.7999 -2.4933 0.9786
-0.0733 -4.8059 -2.4935 0.9786
0.2715 -4.7994 -2.4938 0.9786
0.7859 -4.7436 -2.4944 0.9786
1.2913 -4.6329 -2.4951 0.9786
1.6206 -4.5292 -2.4956 0.9786
1.7822 -4.4686 -2.4958 0.9786
2.0985 -4.3303 -2.4963 0.9785
2.2528 -4.2527 -2.4966 0.9785
2.5525 -4.0811 -2.4972 0.9785
2.6976 -3.9873 -2.4975 0.9785
2.8393 -3.8885 -2.4978 0.9785
2.9773 -3.7846 -2.4981 0.9785
3.1116 -3.6758 -2.4984 0.9785
3.2419 -3.5622 -2.4987 0.9785
3.4899 -3.3214 -2.4993 0.9785
3.6072 -3.1945 -2.4997 0.9785
3.7200 -3.0634 -2.5000 0.9785
3.8280 -2.9283 -2.5003 0.9785
3.9312 -2.7895 -2.5007 0.9785
4.1222 -2.5010 -2.5013 0.9785
4.3688 -2.0444 -2.5023 0.9785
4.5053 -1.7263 -2.5030 0.9785
4.6187 -1.3992 -2.5036 0.9785
4.6666 -1.2327 -2.5040 0.9785
4.7084 -1.0646 -2.5043 0.9785
4.7738 -0.7244 -2.5049 0.9785
4.7973 -0.5528 -2.5052 0.9785
4.8258 -0.2074 -2.5058 0.9785
4.8307 -0.0341 -2.5061 0.9785
4.8218 0.3125 -2.5067 0.9785
4.8080 0.4853 -2.5070 0.9785
4.7618 0.8290 -2.5075 0.9785
4.7295 0.9994 -2.5078 0.9785
4.6466 1.3363 -2.5082 0.9784
4.5960 1.5023 -2.5085 0.9784
4.4091 1.9879 -2.5091 0.9784
4.1709 2.4507 -2.5097 0.9784
4.0806 2.5990 -2.5098 0.9784
3.9849 2.7439 -2.5100 0.9784
3.7783 3.0229 -2.5102 0.9784
3.3076 3.5329 -2.5107 0.9784
3.1788 3.6494 -2.5107 0.9784
3.0459 3.7612 -2.5108 0.9784
2.9090 3.8681 -2.5108 0.9784
2.7684 3.9700 -2.5109 0.9784
2.6242 4.0669 -2.5109 0.9784
2.4766 4.1584 -2.5109 0.9784
2.3258 4.2446 -2.5109 0.9784
2.1720 4.3253 -2.5109 0.9784
2.0154 4.4004 -2.5109 0.9784
1.8562 4.4698 -2.5108 0.9784
1.5309 4.5912 -2.5107 0.9784
1.1976 4.6889 -2.5106 0.9784
1.0286 4.7287 -2.5105 0.9784
0.8582 4.7623 -2.5104 0.9784
0.5144 4.8111 -2.5101 0.9784
0.3415 4.8262 -2.5100 0.9784
-0.3524 4.8242 -2.5094 0.9784
-0.5252 4.8081 -2.5092 0.9784
-1.2072 4.6819 -2.5083 0.9784
-1.3742 4.6351 -2.5081 0.9785
-1.5395 4.5824 -2.5078 0.9785
-1.7028 4.5237 -2.5076 0.9785
-1.8638 4.4593 -2.5073 0.9785
-2.1783 4.3132 -2.5068 0.9785
-2.6282 4.0528 -2.5059 0.9785
-2.7716 3.9554 -2.5056 0.9785
-3.0474 3.7455 -2.5050 0.9785
-3.1794 3.6333 -2.5047 0.9785
-3.3073 3.5165 -2.5044 0.9785
-3.4309 3.3951 -2.5040 0.9785
-3.8793 2.8679 -2.5027 0.9785
-3.9791 2.7265 -2.5024 0.9785
-4.0739 2.5817 -2.5021 0.9785
-4.4662 1.8120 -2.5004 0.9785
-4.5278 1.6503 -2.5001 0.9785
-4.6333 1.3210 -2.4994 0.9785
-4.6771 1.1538 -2.4991 0.9785
-4.7149 0.9851 -2.4988 0.9785
-4.7466 0.8152 -2.4985 0.9785
-4.8049 0.3004 -2.4976 0.9785
-4.8120 0.1278 -2.4973 0.9785
-4.8130 -0.0449 -2.4970 0.9785
-4.7963 -0.3899 -2.4964 0.9785
-4.7549 -0.7327 -2.4959 0.9786
-4.7251 -0.9027 -2.4956 0.9786
-4.6892 -1.0715 -2.4954 0.9786
-4.6473 -1.2390 -2.4951 0.9786
-4.5457 -1.5688 -2.4947 0.9786
-4.4861 -1.7307 -2.4945 0.9786
-4.4207 -1.8904 -2.4943 0.9786
-4.3497 -2.0476 -2.4941 0.9786
-4.2731 -2.2022 -2.4939 0.9786
-4.1036 -2.5026 -2.4935 0.9786
-4.0109 -2.6481 -2.4934 0.9786
-3.8103 -2.9285 -2.4931 0.9786
-3.5901 -3.1939 -2.4929 0.9786
-3.2258 -3.5608 -2.4926 0.9786
-3.0959 -3.6742 -2.4925 0.9786
-2.8243 -3.8866 -2.4924 0.9786
-2.6830 -3.9853 -2.4924 0.9786
-2.5383 -4.0790 -2.4924 0.9786
-2.2393 -4.2505 -2.4924 0.9786
-2.0853 -4.3282 -2.4924 0.9786
-1.7696 -4.4667 -2.4925 0.9786
-1.6083 -4.5274 -2.4925 0.9786
-1.1126 -4.6744 -2.4927 0.9786
-0.7746 -4.7425 -2.4929 0.9786
-0.6040 -4.7675 -2.4931 0.9786
-0.4325 -4.7864 -2.4932 0.9786
0.4288 -4.7883 -2.4940 0.9786
0.6003 -4.7702 -2.4942 0.9786
0.7712 -4.7460 -2.4944 0.9786
1.1097 -4.6792 -2.4948 0.9786
1.2770 -4.6368 -2.4950 0.9786
1.4427 -4.5885 -2.4953 0.9786
1.7683 -4.4741 -2.4958 0.9786
2.2396 -4.2596 -2.4966 0.9785
2.5398 -4.0889 -2.4972 0.9785
2.6852 -3.9956 -2.4975 0.9785
2.8272 -3.8972 -2.4978 0.9785
2.9656 -3.7937 -2.4981 0.9785
3.2308 -3.5722 -2.4987 0.9785
3.4795 -3.3321 -2.4993 0.9785
3.5973 -3.2056 -2.4996 0.9785
3.7105 -3.0748 -2.5000 0.9785
3.9225 -2.8016 -2.5006 0.9785
4.3624 -2.0579 -2.5023 0.9785
4.4999 -1.7403 -2.5030 0.9785
4.5600 -1.5779 -2.5033 0.9785
4.6627 -1.2472 -2.5039 0.9785
4.7715 -0.7392 -2.5049 0.9785
4.8297 0.1243 -2.5064 0.9785
4.8227 0.2975 -2.5067 0.9785
4.8094 0.4704 -2.5069 0.9785
4.7900 0.6427 -2.5072 0.9785
4.6946 1.1541 -2.5080 0.9785
4.6506 1.3219 -2.5082 0.9784
4.5447 1.6523 -2.5087 0.9784
4.4829 1.8144 -2.5089 0.9784
4.3419 2.1316 -2.5093 0.9784
4.1785 2.4378 -2.5096 0.9784
3.8930 2.8732 -2.5101 0.9784
3.7876 3.0112 -2.5102 0.9784
3.6773 3.1453 -2.5104 0.9784
3.3185 3.5226 -2.5106 0.9784
3.1900 3.6395 -2.5107 0.9784
2.9210 3.8591 -2.5108 0.9784
2.7807 3.9614 -2.5109 0.9784
2.6368 4.0587 -2.5109 0.9784
2.4895 4.1507 -2.5109 0.9784
2.1854 4.3185 -2.5109 0.9784
2.0290 4.3941 -2.5109 0.9784
1.8701 4.4640 -2.5109 0.9784
1.3795 4.6388 -2.5107 0.9784
0.7016 4.7877 -2.5103 0.9784
0.3564 4.8252 -2.5100 0.9784
0.1830 4.8346 -2.5099 0.9784
-0.1641 4.8346 -2.5095 0.9784
-0.6825 4.7879 -2.5090 0.9784
-1.0239 4.7258 -2.5086 0.9784
-1.1927 4.6856 -2.5083 0.9784
-1.5253 4.5872 -2.5078 0.9785
-1.6888 4.5290 -2.5076 0.9785
-1.8500 4.4651 -2.5073 0.9785
-2.3183 4.2390 -2.5065 0.9785
-2.6157 4.0609 -2.5059 0.9785
-2.7594 3.9640 -2.5056 0.9785
-2.8995 3.8620 -2.5053 0.9785
-3.2964 3.5267 -2.5044 0.9785
-3.4204 3.4058 -2.5041 0.9785
-3.5399 3.2804 -2.5037 0.9785
-3.7651 3.0174 -2.5031 0.9785
-3.8704 2.8800 -2.5028 0.9785
-4.0659 2.5943 -2.5021 0.9785
-4.1558 2.4464 -2.5018 0.9785
-4.2403 2.2954 -2.5014 0.9785
-4.3194 2.1415 -2.5011 0.9785
-4.4607 1.8258 -2.5004 0.9785
-4.6735 1.1683 -2.4991 0.9785
-4.7118 0.9997 -2.4988 0.9785
-4.7441 0.8299 -2.4985 0.9785
-4.7702 0.6591 -2.4982 0.9785
-4.7902 0.4875 -2.4979 0.9785
-4.8040 0.3152 -2.4976 0.9785
-4.8117 0.1427 -2.4973 0.9785
-4.7572 -0.7179 -2.4959 0.9786
-4.7279 -0.8881 -2.4956 0.9786
-4.6512 -1.2246 -2.4952 0.9786
-4.4266 -1.8767 -2.4943 0.9786
-4.2799 -2.1890 -2.4939 0.9786
-4.1984 -2.3409 -2.4937 0.9786
-3.9218 -2.7780 -2.4932 0.9786
-3.8194 -2.9167 -2.4931 0.9786
-3.7121 -3.0517 -2.4930 0.9786
-3.3623 -3.4325 -2.4927 0.9786
-3.2368 -3.5508 -2.4926 0.9786
-2.6954 -3.9770 -2.4924 0.9786
-2.5509 -4.0711 -2.4924 0.9786
-2.4032 -4.1600 -2.4924 0.9786
-2.0987 -4.3217 -2.4924 0.9786
-1.9423 -4.3942 -2.4924 0.9786
-1.6223 -4.5224 -2.4925 0.9786
0.3092 4.5715 -2.5096 0.9793
0.1450 4.5794 -2.5094 0.9793
-0.0194 4.5814 -2.5093 0.9793
-0.5115 4.5518 -2.5087 0.9793
-0.8364 4.5027 -2.5084 0.9793
-1.1570 4.4304 -2.5079 0.9793
-1.3151 4.3857 -2.5077 0.9793
-1.4714 4.3353 -2.5075 0.9793
-2.2204 4.0010 -2.5062 0.9793
-2.5011 3.8306 -2.5057 0.9794
-2.6366 3.7380 -2.5054 0.9794
-3.0219 3.4319 -2.5045 0.9794
-3.1427 3.3208 -2.5042 0.9794
-3.2594 3.2056 -2.5039 0.9794
-3.3719 3.0862 -2.5036 0.9794
-3.5837 2.8357 -2.5030 0.9794
-3.8662 2.4333 -2.5020 0.9794
-4.1037 2.0030 -2.5011 0.9794
-4.2357 1.7032 -2.5004 0.9794
-4.2936 1.5499 -2.5001 0.9794
-4.3459 1.3947 -2.4998 0.9794
-4.3926 1.2377 -2.4995 0.9794
-4.4336 1.0792 -2.4992 0.9794
-4.4690 0.9193 -2.4989 0.9794
-4.5223 0.5963 -2.4983 0.9794
-4.5403 0.4337 -2.4980 0.9794
-4.5524 0.2704 -2.4977 0.9794
-4.5586 0.1069 -2.4975 0.9794
-4.5590 -0.0567 -2.4972 0.9794
-4.5423 -0.3834 -2.4967 0.9794
-4.5251 -0.5461 -2.4964 0.9794
-4.3988 -1.1873 -2.4955 0.9794
-4.3530 -1.3443 -2.4952 0.9794
-4.3016 -1.4994 -2.4950 0.9794
-4.2447 -1.6527 -2.4948 0.9794
-3.8802 -2.3829 -2.4939 0.9794
-3.6989 -2.6547 -2.4937 0.9794
-3.6011 -2.7855 -2.4935 0.9795
-3.2805 -3.1559 -2.4932 0.9795
-3.1651 -3.2715 -2.4931 0.9795
-3.0456 -3.3829 -2.4931 0.9795
-2.9222 -3.4899 -2.4930 0.9795
-2.7950 -3.5924 -2.4929 0.9795
-2.3928 -3.8718 -2.4929 0.9795
-2.1089 -4.0334 -2.4929 0.9795
-1.9629 -4.1065 -2.4929 0.9795
-1.6634 -4.2368 -2.4929 0.9795
-1.5103 -4.2938 -2.4930 0.9795
-1.1986 -4.3913 -2.4931 0.9795
-0.8807 -4.4663 -2.4933 0.9795
-0.7199 -4.4952 -2.4934 0.9795
-0.5582 -4.5183 -2.4935 0.9795
-0.3957 -4.5357 -2.4936 0.9794
-0.2328 -4.5472 -2.4938 0.9794
0.0939 -4.5527 -2.4941 0.9794
0.2572 -4.5467 -2.4942 0.9794
0.4202 -4.5349 -2.4944 0.9794
0.5827 -4.5172 -2.4946 0.9794
0.7445 -4.4938 -2.4948 0.9794
0.9053 -4.4645 -2.4950 0.9794
1.2233 -4.3888 -2.4954 0.9794
1.3801 -4.3425 -2.4956 0.9794
1.5352 -4.2906 -2.4959 0.9794
1.6883 -4.2332 -2.4961 0.9794
2.1340 -4.0285 -2.4969 0.9794
2.2774 -3.9498 -2.4971 0.9794
2.4179 -3.8659 -2.4974 0.9794
2.5554 -3.7771 -2.4977 0.9794
2.6896 -3.6834 -2.4980 0.9794
2.8203 -3.5850 -2.4983 0.9794
3.1903 -3.2623 -2.4992 0.9794
3.3057 -3.1461 -2.4995 0.9794
3.5237 -2.9017 -2.5001 0.9794
3.6260 -2.7737 -2.5004 0.9794
3.7236 -2.6422 -2.5007 0.9794
3.8165 -2.5072 -2.5010 0.9794
3.9045 -2.3690 -2.5013 0.9794
3.9875 -2.2276 -2.5017 0.9794
4.0653 -2.0834 -2.5020 0.9794
4.1380 -1.9365 -2.5023 0.9794
4.2673 -1.6351 -2.5029 0.9794
4.4595 -1.0084 -2.5041 0.9794
4.5214 -0.6861 -2.5047 0.9794
4.5436 -0.5235 -2.5050 0.9794
4.5600 -0.3602 -2.5053 0.9794
4.5751 -0.0323 -2.5059 0.9793
4.5739 0.1319 -2.5062 0.9793
4.5667 0.2959 -2.5064 0.9793
4.5536 0.4596 -2.5067 0.9793
4.5098 0.7852 -2.5072 0.9793
4.4792 0.9466 -2.5074 0.9793
4.4427 1.1067 -2.5077 0.9793
4.4006 1.2655 -2.5079 0.9793
4.2992 1.5781 -2.5083 0.9793
4.2402 1.7315 -2.5085 0.9793
4.0304 2.1776 -2.5091 0.9793
3.6784 2.7324 -2.5097 0.9793
3.5781 2.8627 -2.5098 0.9793
3.4733 2.9894 -2.5099 0.9793
3.3639 3.1122 -2.5100 0.9793
3.1323 3.3457 -2.5102 0.9793
3.0103 3.4560 -2.5102 0.9793
2.7549 3.6631 -2.5103 0.9793
2.6217 3.7596 -2.5104 0.9793
2.0569 4.0961 -2.5104 0.9793
1.7579 4.2329 -2.5104 0.9793
1.6048 4.2932 -2.5103 0.9793
0.9741 4.4781 -2.5100 0.9793
0.8127 4.5100 -2.5099 0.9793
0.4872 4.5562 -2.5097 0.9793
-0.3337 4.5687 -2.5089 0.9793
-0.6604 4.5323 -2.5086 0.9793
-0.9835 4.4725 -2.5082 0.9793
-1.4580 4.3398 -2.5075 0.9793
-2.2080 4.0079 -2.5062 0.9793
-2.3501 3.9257 -2.5060 0.9793
-2.6250 3.7462 -2.5054 0.9794
-2.7574 3.6492 -2.5051 0.9794
-2.8862 3.5475 -2.5048 0.9794
-3.1325 3.3306 -2.5042 0.9794
-3.2495 3.2157 -2.5039 0.9794
-3.3624 3.0966 -2.5036 0.9794
-3.5749 2.8468 -2.5030 0.9794
-3.6743 2.7164 -2.5027 0.9794
-3.8587 2.4453 -2.5020 0.9794
-4.0231 2.1618 -2.5014 0.9794
-4.0975 2.0158 -2.5011 0.9794
-4.1667 1.8672 -2.5008 0.9794
-4.2305 1.7163 -2.5005 0.9794
-4.2888 1.5632 -2.5002 0.9794
-4.3416 1.4082 -2.4999 0.9794
-4.4303 1.0929 -2.4992 0.9794
-4.4661 0.9332 -2.4989 0.9794
-4.5389 0.4477 -2.4981 0.9794
-4.5516 0.2845 -2.4978 0.9794
-4.5543 -0.2061 -2.4969 0.9794
-4.5435 -0.3693 -2.4967 0.9794
-4.5268 -0.5321 -2.4964 0.9794
-4.5044 -0.6941 -2.4962 0.9794
-4.4761 -0.8551 -2.4959 0.9794
-4.4025 -1.1737 -2.4955 0.9794
-4.3571 -1.3308 -2.4953 0.9794
-4.2498 -1.6395 -2.4948 0.9794
-4.1879 -1.7908 -2.4946 0.9794
-4.1206 -1.9398 -2.4945 0.9794
-4.0481 -2.0862 -2.4943 0.9794
-3.8876 -2.3708 -2.4940 0.9794
-3.7998 -2.5087 -2.4938 0.9794
-3.7071 -2.6432 -2.4937 0.9794
-3.6097 -2.7744 -2.4935 0.9795
-3.5077 -2.9020 -2.4934 0.9795
-3.2903 -3.1458 -2.4932 0.9795
-2.9330 -3.4808 -2.4930 0.9795
-2.6757 -3.6820 -2.4929 0.9795
-2.5418 -3.7756 -2.4929 0.9795
-2.4047 -3.8643 -2.4929 0.9795
-2.1214 -4.0268 -2.4929 0.9795
-1.8272 -4.1687 -2.4929 0.9795
-1.3688 -4.3411 -2.4930 0.9795
-1.2122 -4.3876 -2.4931 0.9795
-0.8945 -4.4635 -2.4933 0.9795
-0.7338 -4.4929 -2.4934 0.9795
-0.5722 -4.5166 -2.4935 0.9795
0.4062 -4.5361 -2.4944 0.9794
0.8915 -4.4673 -2.4950 0.9794
1.0512 -4.4328 -2.4952 0.9794
1.2097 -4.3926 -2.4954 0.9794
1.3667 -4.3467 -2.4956 0.9794
1.5219 -4.2953 -2.4959 0.9794
1.6752 -4.2383 -2.4961 0.9794
2.2652 -3.9568 -2.4971 0.9794
2.4059 -3.8734 -2.4974 0.9794
2.5437 -3.7850 -2.4977 0.9794
2.6781 -3.6917 -2.4980 0.9794
2.8092 -3.5936 -2.4982 0.9794
2.9366 -3.4909 -2.4985 0.9794
3.2959 -3.1563 -2.4994 0.9794
3.4075 -3.0364 -2.4997 0.9794
3.5146 -2.9126 -2.5001 0.9794
3.6173 -2.7849 -2.5004 0.9794
3.7154 -2.6537 -2.5007 0.9794
3.9805 -2.2400 -2.5016 0.9794
4.1997 -1.8000 -2.5026 0.9794
4.2621 -1.6483 -2.5029 0.9794
4.3191 -1.4945 -2.5032 0.9794
4.4162 -1.1812 -2.5038 0.9794
4.4563 -1.0221 -2.5041 0.9794
4.4906 -0.8617 -2.5044 0.9794
4.5192 -0.7001 -2.5047 0.9794
4.5699 -0.2106 -2.5056 0.9794
4.5750 -0.0465 -2.5059 0.9794
4.5742 0.1177 -2.5061 0.9793
4.5549 0.4455 -2.5067 0.9793
4.5122 0.7712 -2.5072 0.9793
4.4820 0.9327 -2.5074 0.9793
4.4044 1.2519 -2.5079 0.9793
4.1814 1.8697 -2.5087 0.9793
4.1119 2.0187 -2.5089 0.9793
4.0371 2.1651 -2.5091 0.9793
3.9571 2.3087 -2.5092 0.9793
3.6868 2.7210 -2.5097 0.9793
3.1426 3.3359 -2.5102 0.9793
3.0210 3.4466 -2.5102 0.9793
2.8955 3.5529 -2.5103 0.9793
2.4970 3.8436 -2.5104 0.9793
2.3576 3.9307 -2.5104 0.9793
2.2150 4.0128 -2.5104 0.9793
2.0696 4.0897 -2.5104 0.9793
1.9215 4.1613 -2.5104 0.9793
1.6181 4.2882 -2.5103 0.9793
1.4632 4.3434 -2.5103 0.9793
1.1479 4.4369 -2.5101 0.9793
0.9879 4.4751 -2.5100 0.9793
0.6644 4.5340 -2.5098 0.9793
0.5013 4.5547 -2.5097 0.9793
0.3375 4.5696 -2.5096 0.9793
0.1733 4.5785 -2.5094 0.9793
-0.1554 4.5785 -2.5091 0.9793
-0.4833 4.5550 -2.5088 0.9793
-0.8085 4.5079 -2.5084 0.9793
-0.9697 4.4756 -2.5082 0.9793
-1.2879 4.3938 -2.5077 0.9793
-1.7521 4.2287 -2.5070 0.9793
-1.9025 4.1627 -2.5068 0.9793
-2.3380 3.9330 -2.5060 0.9793
-2.4773 3.8461 -2.5057 0.9794
-3.0007 3.4506 -2.5045 0.9794
-3.1222 3.3403 -2.5042 0.9794
-3.3528 3.1071 -2.5036 0.9794
-4.1609 1.8801 -2.5008 0.9794
-4.2840 1.5765 -2.5002 0.9794
-4.3373 1.4216 -2.4999 0.9794
-4.4269 1.1067 -2.4993 0.9794
-4.4633 0.9470 -2.4990 0.9794
-4.5376 0.4618 -2.4981 0.9794
-4.5594 -0.0285 -2.4972 0.9794
-4.4788 -0.8413 -2.4960 0.9794
-4.4453 -1.0013 -2.4957 0.9794
-4.4061 -1.1601 -2.4955 0.9794
-4.1935 -1.7779 -2.4947 0.9794
-4.1267 -1.9270 -2.4945 0.9794
-3.8949 -2.3588 -2.4940 0.9794
-3.8076 -2.4969 -2.4938 0.9794
-3.5167 -2.8911 -2.4934 0.9795
-3.4105 -3.0153 -2.4933 0.9795
-3.1853 -3.2519 -2.4931 0.9795
-3.0665 -3.3639 -2.4931 0.9795
-2.8172 -3.5750 -2.4930 0.9795
-2.2767 -3.9411 -2.4929 0.9795
-2.1339 -4.0203 -2.4929 0.9795
-1.9883 -4.0942 -2.4929 0.9795
-1.8401 -4.1630 -2.4929 0.9795
-1.6896 -4.2264 -2.4929 0.9795
-1.5369 -4.2844 -2.4930 0.9795
-1.2258 -4.3838 -2.4931 0.9795
-1.0677 -4.4251 -2.4932 0.9795
0.2933 4.3361 -2.5091 0.9801
-0.0184 4.3454 -2.5089 0.9801
-0.3299 4.3324 -2.5085 0.9801
-0.4851 4.3175 -2.5084 0.9801
-1.0974 4.2024 -2.5076 0.9801
-1.8290 3.9373 -2.5065 0.9801
-1.9689 3.8687 -2.5062 0.9801
-2.6263 3.4534 -2.5049 0.9802
-2.7482 3.3566 -2.5046 0.9802
-3.0919 3.0408 -2.5038 0.9802
-3.4935 2.5660 -2.5026 0.9802
-3.5829 2.4387 -2.5023 0.9802
-3.8228 2.0389 -2.5014 0.9802
-3.8930 1.9002 -2.5011 0.9802
-3.9582 1.7591 -2.5008 0.9802
-4.0183 1.6158 -2.5005 0.9802
-4.2397 0.8722 -2.4991 0.9802
-4.2678 0.7194 -2.4988 0.9802
-4.2904 0.5658 -2.4985 0.9802
-4.3190 0.2566 -2.4979 0.9802
-4.3249 0.1014 -2.4977 0.9802
-4.2932 -0.5181 -2.4967 0.9802
-4.2715 -0.6717 -2.4964 0.9802
-4.2442 -0.8245 -2.4962 0.9802
-4.2115 -0.9761 -2.4960 0.9802
-4.1734 -1.1265 -2.4958 0.9802
-4.1300 -1.2754 -2.4956 0.9802
-3.9681 -1.7114 -2.4950 0.9802
-3.9039 -1.8525 -2.4948 0.9802
-3.7605 -2.1274 -2.4945 0.9802
-3.5978 -2.3913 -2.4942 0.9802
-3.4168 -2.6429 -2.4939 0.9802
-3.2182 -2.8809 -2.4937 0.9802
-2.8897 -3.2097 -2.4935 0.9802
-2.4007 -3.5898 -2.4933 0.9803
-2.0010 -3.8270 -2.4933 0.9803
-1.5783 -4.0199 -2.4934 0.9803
-1.4330 -4.0741 -2.4934 0.9803
-0.8356 -4.2377 -2.4937 0.9802
-0.2208 -4.3144 -2.4942 0.9802
0.7063 -4.2636 -2.4951 0.9802
1.0104 -4.2026 -2.4955 0.9802
1.1606 -4.1640 -2.4957 0.9802
1.4565 -4.0708 -2.4962 0.9802
1.6018 -4.0163 -2.4964 0.9802
1.8860 -3.8918 -2.4969 0.9802
2.0246 -3.8220 -2.4971 0.9802
2.1607 -3.7473 -2.4974 0.9802
2.2940 -3.6677 -2.4976 0.9802
2.4244 -3.5834 -2.4979 0.9802
2.5516 -3.4945 -2.4982 0.9802
2.7963 -3.3033 -2.4987 0.9802
3.0267 -3.0950 -2.4993 0.9802
3.3428 -2.7528 -2.5002 0.9802
3.4399 -2.6314 -2.5005 0.9802
3.6206 -2.3785 -2.5011 0.9802
3.8566 -1.9764 -2.5019 0.9802
3.9255 -1.8370 -2.5022 0.9802
3.9893 -1.6952 -2.5025 0.9802
4.0480 -1.5511 -2.5028 0.9802
4.1016 -1.4050 -2.5031 0.9802
4.1498 -1.2571 -2.5034 0.9802
4.1928 -1.1076 -2.5037 0.9802
4.2624 -0.8042 -2.5043 0.9802
4.2890 -0.6509 -2.5046 0.9802
4.3100 -0.4966 -2.5049 0.9802
4.3317 0.2807 -2.5062 0.9802
4.3013 0.5907 -2.5067 0.9801
4.2777 0.7448 -2.5069 0.9801
4.2141 1.0498 -2.5074 0.9801
4.1741 1.2004 -2.5076 0.9801
4.1286 1.3495 -2.5078 0.9801
4.0779 1.4969 -2.5080 0.9801
4.0219 1.6423 -2.5082 0.9801
3.9606 1.7857 -2.5083 0.9801
3.8229 2.0654 -2.5087 0.9801
3.7466 2.2014 -2.5088 0.9801
3.6654 2.3345 -2.5090 0.9801
3.4889 2.5916 -2.5092 0.9801
3.3938 2.7153 -2.5094 0.9801
3.2944 2.8354 -2.5095 0.9801
3.0828 3.0646 -2.5097 0.9801
2.7358 3.3783 -2.5099 0.9801
2.3571 3.6529 -2.5100 0.9801
2.2245 3.7351 -2.5100 0.9801
2.0891 3.8125 -2.5100 0.9801
1.3750 4.1239 -2.5098 0.9801
1.0757 4.2117 -2.5097 0.9801
0.9239 4.2474 -2.5096 0.9801
0.4621 4.3216 -2.5093 0.9801
-0.1608 4.3423 -2.5087 0.9801
-1.0844 4.2058 -2.5076 0.9801
-1.2345 4.1638 -2.5074 0.9801
-1.3830 4.1165 -2.5072 0.9801
-1.8168 3.9429 -2.5065 0.9801
-2.6156 3.4616 -2.5049 0.9802
-2.7378 3.3651 -2.5046 0.9802
-3.0825 3.0504 -2.5038 0.9802
-3.2926 2.8208 -2.5032 0.9802
-3.4856 2.5769 -2.5026 0.9802
-3.7409 2.1866 -2.5017 0.9802
-3.8872 1.9123 -2.5011 0.9802
-3.9528 1.7714 -2.5008 0.9802
-4.0687 1.4830 -2.5002 0.9802
-4.1188 1.3359 -2.4999 0.9802
-4.1636 1.1871 -2.4997 0.9802
-4.2030 1.0369 -2.4994 0.9802
-4.2370 0.8853 -2.4991 0.9802
-4.2886 0.5790 -2.4985 0.9802
-4.3062 0.4248 -2.4982 0.9802
-4.3246 0.1148 -2.4977 0.9802
-4.3208 -0.1955 -2.4972 0.9802
-4.3106 -0.3504 -2.4969 0.9802
-4.2146 -0.9631 -2.4960 0.9802
-4.1339 -1.2626 -2.4956 0.9802
-4.0857 -1.4100 -2.4954 0.9802
-4.0321 -1.5556 -2.4952 0.9802
-3.8408 -1.9794 -2.4947 0.9802
-3.6885 -2.2495 -2.4943 0.9802
-3.5173 -2.5079 -2.4941 0.9802
-3.2271 -2.8709 -2.4937 0.9802
-3.1219 -2.9848 -2.4937 0.9802
-3.0127 -3.0947 -2.4936 0.9802
-2.8996 -3.2008 -2.4935 0.9802
-2.5388 -3.4936 -2.4934 0.9803
-2.4118 -3.5824 -2.4933 0.9803
-2.2817 -3.6666 -2.4933 0.9803
-2.1486 -3.7461 -2.4933 0.9803
-1.8745 -3.8905 -2.4933 0.9803
-1.7337 -3.9553 -2.4933 0.9803
-1.5907 -4.0150 -2.4934 0.9803
-0.8487 -4.2350 -2.4937 0.9802
-0.6962 -4.2629 -2.4938 0.9802
-0.5429 -4.2853 -2.4939 0.9802
-0.2342 -4.3137 -2.4942 0.9802
0.0758 -4.3198 -2.4944 0.9802
0.5396 -4.2875 -2.4949 0.9802
0.8458 -4.2384 -2.4953 0.9802
0.9974 -4.2057 -2.4955 0.9802
1.5893 -4.0212 -2.4964 0.9802
2.0128 -3.8282 -2.4971 0.9802
2.1491 -3.7539 -2.4974 0.9802
2.2826 -3.6748 -2.4976 0.9802
2.4132 -3.5909 -2.4979 0.9802
2.6651 -3.4093 -2.4984 0.9802
2.7860 -3.3119 -2.4987 0.9802
3.0170 -3.1043 -2.4993 0.9802
3.2326 -2.8806 -2.4998 0.9802
3.3343 -2.7631 -2.5001 0.9802
3.5247 -2.5175 -2.5007 0.9802
3.7761 -2.1249 -2.5016 0.9802
3.8504 -1.9883 -2.5019 0.9802
4.0432 -1.5636 -2.5028 0.9802
4.0972 -1.4177 -2.5031 0.9802
4.1459 -1.2700 -2.5034 0.9802
4.1893 -1.1205 -2.5037 0.9802
4.2273 -0.9696 -2.5040 0.9802
4.3244 -0.3551 -2.5051 0.9802
4.3348 -0.1997 -2.5054 0.9802
4.3397 -0.0441 -2.5056 0.9802
4.3031 0.5774 -2.5066 0.9801
4.2800 0.7315 -2.5069 0.9801
4.2514 0.8847 -2.5071 0.9801
4.2173 1.0367 -2.5073 0.9801
4.1328 1.3367 -2.5078 0.9801
4.0269 1.6299 -2.5081 0.9801
3.9661 1.7734 -2.5083 0.9801
3.9002 1.9147 -2.5085 0.9801
3.8292 2.0536 -2.5087 0.9801
3.7533 2.1898 -2.5088 0.9801
3.4969 2.5808 -2.5092 0.9801
3.3031 2.8252 -2.5095 0.9801
3.1997 2.9420 -2.5096 0.9801
3.0922 3.0550 -2.5096 0.9801
2.8654 3.2691 -2.5098 0.9801
2.7463 3.3699 -2.5098 0.9801
2.2361 3.7282 -2.5100 0.9801
2.1009 3.8061 -2.5100 0.9801
1.9630 3.8790 -2.5100 0.9801
1.3878 4.1197 -2.5098 0.9801
1.2391 4.1667 -2.5098 0.9801
1.0888 4.2083 -2.5097 0.9801
0.9370 4.2446 -2.5096 0.9801
0.6302 4.3005 -2.5094 0.9801
0.3201 4.3342 -2.5092 0.9801
0.1644 4.3427 -2.5090 0.9801
0.0085 4.3455 -2.5089 0.9801
-0.1474 4.3428 -2.5087 0.9801
-0.3031 4.3344 -2.5086 0.9801
-0.4584 4.3204 -2.5084 0.9801
-0.6131 4.3009 -2.5082 0.9801
-0.7669 4.2758 -2.5080 0.9801
-1.2216 4.1676 -2.5074 0.9801
-1.3702 4.1208 -2.5072 0.9801
-1.6619 4.0112 -2.5067 0.9801
-1.8046 3.9486 -2.5065 0.9801
-1.9449 3.8809 -2.5063 0.9801
-2.0827 3.8082 -2.5060 0.9802
-2.3499 3.6483 -2.5055 0.9802
-2.4790 3.5613 -2.5052 0.9802
-2.6049 3.4697 -2.5049 0.9802
-2.8464 3.2732 -2.5044 0.9802
-2.9617 3.1686 -2.5041 0.9802
-3.1805 2.9474 -2.5035 0.9802
-3.2839 2.8310 -2.5032 0.9802
-3.3829 2.7111 -2.5029 0.9802
-3.4776 2.5877 -2.5026 0.9802
-3.6533 2.3311 -2.5021 0.9802
-3.7342 2.1982 -2.5018 0.9802
-3.9473 1.7836 -2.5009 0.9802
-4.0083 1.6406 -2.5006 0.9802
-4.0641 1.4956 -2.5003 0.9802
-4.1147 1.3487 -2.5000 0.9802
-4.1599 1.2000 -2.4997 0.9802
-4.1998 1.0499 -2.4994 0.9802
-4.2633 0.7458 -2.4988 0.9802
-4.2869 0.5923 -2.4985 0.9802
-4.3049 0.4381 -2.4983 0.9802
-4.3174 0.2833 -2.4980 0.9802
-4.3257 -0.0270 -2.4975 0.9802
-4.2964 -0.4915 -2.4967 0.9802
-4.1804 -1.1006 -2.4958 0.9802
-3.8470 -1.9675 -2.4947 0.9802
-3.6126 -2.3690 -2.4942 0.9802
-3.3367 -2.7431 -2.4939 0.9802
-3.2360 -2.8609 -2.4938 0.9802
-3.1311 -2.9751 -2.4937 0.9802
-3.0223 -3.0854 -2.4936 0.9802
-2.6730 -3.3920 -2.4934 0.9803
-2.5496 -3.4857 -2.4934 0.9803
-2.1602 -3.7394 -2.4933 0.9803
-2.0247 -3.8145 -2.4933 0.9803
-1.7459 -3.9499 -2.4933 0.9803
-1.6031 -4.0101 -2.4934 0.9803
-1.4582 -4.0651 -2.4934 0.9803
