ply
format ascii 1.0
element vertex 7941
property float32 x
property float32 y
property float32 z
property float32 I
end_header
-31.8615 -24.0712 7.0411 0.8503
-12.4295 -10.1109 2.8252 0.9370
-19.1101 -20.7472 4.9737 0.8918
-13.2181 -20.8551 4.3537 0.9046
-9.4015 -20.9762 4.0532 0.9109
-8.5237 -21.0064 3.9973 0.9120
-6.8333 -21.0646 3.9048 0.9140
-5.2114 -21.1203 3.8358 0.9154
-3.6377 -21.1745 3.7883 0.9164
-2.0947 -21.2275 3.7612 0.9170
-0.5659 -21.2800 3.7536 0.9172
0.9647 -21.3327 3.7654 0.9169
2.5129 -21.3859 3.7969 0.9163
6.5740 -21.5255 3.9686 0.9126
7.2522 -21.0151 3.9200 0.9137
10.1850 -21.6364 4.2166 0.9074
7.5028 -12.3028 2.5409 0.9432
14.3796 -21.7806 4.6020 0.8994
15.9336 -22.3471 4.8394 0.8945
18.5630 -22.4375 5.1348 0.8884
20.0377 -22.5232 5.3156 0.8848
21.5850 -22.5763 5.5075 0.8809
23.2078 -22.5920 5.7109 0.8767
40.0847 -0.7337 7.0692 0.8497
-18.8190 42.0690 8.1263 0.8293
-19.0452 35.4995 7.1035 0.8491
-19.1384 32.7916 6.6948 0.8571
-19.1742 30.3005 6.3227 0.8645
-19.3250 24.2997 5.4745 0.8815
-19.7839 23.1226 5.3658 0.8837
-21.1565 23.0021 5.5106 0.8808
-24.7896 23.3447 6.0042 0.8708
-26.5697 23.2800 6.2288 0.8663
-28.8734 23.5219 6.5667 0.8596
-31.1426 23.5632 6.8860 0.8533
-36.5593 23.7414 7.6864 0.8377
-39.8005 23.8609 8.1824 0.8282
-17.0612 9.4132 3.4359 0.9239
-17.1499 7.1804 3.2783 0.9273
-34.4344 -23.9828 7.3992 0.8433
-27.3751 -22.1433 6.2084 0.8667
-12.5321 -12.5924 3.1326 0.9304
-19.1674 -20.6944 4.9737 0.8917
-17.8331 -20.6964 4.8172 0.8950
-16.5858 -20.7071 4.6781 0.8978
-11.0874 -18.8462 3.8555 0.9150
-10.1189 -20.4235 4.0190 0.9116
-6.0776 -21.0905 3.8702 0.9147
-5.2727 -21.1182 3.8380 0.9154
-4.4497 -21.0014 3.7853 0.9165
-3.6976 -21.1724 3.7898 0.9164
-2.9228 -21.1990 3.7733 0.9168
-2.1537 -21.2255 3.7618 0.9170
-1.3789 -21.1070 3.7297 0.9177
-0.6246 -21.2780 3.7535 0.9172
0.9056 -21.3306 3.7646 0.9169
2.4528 -21.3838 3.7953 0.9163
3.2380 -21.4108 3.8182 0.9158
4.0337 -21.4382 3.8465 0.9152
4.8424 -21.4660 3.8801 0.9145
5.6664 -21.4943 3.9195 0.9137
6.5084 -21.5232 3.9648 0.9127
7.2462 -21.1875 3.9484 0.9131
8.2775 -19.5069 3.7364 0.9175
12.1104 -21.7026 4.3822 0.9040
13.1753 -21.7392 4.4822 0.9019
14.2914 -21.7776 4.5930 0.8996
17.0892 -22.3621 4.9626 0.8920
18.4558 -22.4338 5.1223 0.8887
19.9230 -22.5192 5.3017 0.8850
23.0752 -22.5875 5.6936 0.8771
29.3475 -24.8669 6.7826 0.8554
23.3718 4.5983 4.2001 0.9078
13.0571 30.2440 5.8086 0.8748
0.8325 9.8214 1.7380 0.9608
0.4703 9.6550 1.7045 0.9615
-18.7595 42.2487 8.1510 0.8288
-18.9229 38.8000 7.6118 0.8392
-19.0205 35.6899 7.1310 0.8485
-19.2155 30.5523 6.3641 0.8636
-19.3151 24.4255 5.4908 0.8812
-22.7274 23.1238 5.7170 0.8766
-31.0705 23.6439 6.8845 0.8534
-36.3399 23.7419 7.6540 0.8384
-39.5373 23.8519 8.1419 0.8290
-17.0608 9.4746 3.4410 0.9238
-20.1298 10.2517 3.9832 0.9123
-27.5240 -22.1382 6.2283 0.8663
-12.4310 -10.7555 2.8985 0.9354
-12.5302 -12.5211 3.1234 0.9306
-15.5395 -20.7753 4.5746 0.9000
-14.4331 -20.8133 4.4660 0.9022
-13.3766 -20.8496 4.3679 0.9043
-10.2780 -18.8740 3.7894 0.9164
-9.5388 -20.9715 4.0624 0.9107
-8.6572 -21.0018 4.0055 0.9119
-6.9608 -21.0602 3.9111 0.9138
-2.9822 -21.1970 3.7744 0.9167
-2.2128 -21.2234 3.7625 0.9170
0.8465 -21.3286 3.7638 0.9170
1.6056 -21.2096 3.7505 0.9172
2.3928 -21.3818 3.7937 0.9163
3.9721 -21.4360 3.8441 0.9153
5.6023 -21.4921 3.9163 0.9137
6.4429 -21.5210 3.9611 0.9128
7.3902 -19.4764 3.6731 0.9189
8.2131 -19.5046 3.7317 0.9176
10.0369 -21.6313 4.2048 0.9077
12.0303 -21.6998 4.3749 0.9041
13.0916 -21.7363 4.4742 0.9021
14.2035 -21.7745 4.5841 0.8998
15.8822 -22.5374 4.8616 0.8941
18.1967 -22.2438 5.0674 0.8898
21.3331 -22.5611 5.4750 0.8815
22.9488 -22.5882 5.6778 0.8774
24.7598 -22.6802 5.9206 0.8725
29.1768 -24.8610 6.7590 0.8558
22.5371 6.9510 4.1586 0.9087
13.1364 30.1983 5.8067 0.8748
0.4977 9.6676 1.7069 0.9614
0.1536 9.8814 1.7426 0.9607
-18.8910 39.0077 7.6422 0.8386
-19.0128 35.9141 7.1653 0.8478
-19.1247 33.1881 6.7540 0.8559
-19.2094 30.7305 6.3902 0.8631
-19.3805 28.6623 6.1008 0.8689
-19.2030 26.3131 5.7439 0.8761
-19.3052 24.5522 5.5072 0.8809
-19.5571 23.1148 5.3389 0.8843
-20.9243 23.0033 5.4831 0.8813
-26.4114 23.4005 6.2220 0.8665
-28.7719 23.7049 6.5733 0.8595
-31.0192 23.7404 6.8876 0.8533
-33.5364 23.8087 7.2521 0.8462
-39.2768 23.8429 8.1017 0.8298
-17.1402 7.2879 3.2841 0.9271
-32.3922 -24.0530 7.1141 0.8488
-12.4414 -11.5066 2.9882 0.9335
-12.5191 -12.4412 3.1121 0.9308
-19.2816 -20.5883 4.9737 0.8917
-12.4338 -10.1145 2.4554 0.9372
-23.6826 -22.2703 4.9802 0.8767
-20.6057 -22.3710 4.6594 0.8842
-14.1698 -20.6766 3.8400 0.9035
-13.2181 -20.8551 3.7825 0.9049
-11.0188 -18.8485 3.3447 0.9154
-10.1456 -18.8786 3.2833 0.9169
-9.4015 -20.9763 3.5214 0.9112
-8.5237 -21.0064 3.4729 0.9123
-6.1686 -19.0153 3.0625 0.9223
-4.7129 -19.1003 3.0138 0.9235
-3.9897 -19.0902 2.9877 0.9241
-3.2898 -19.1493 2.9765 0.9244
-2.5849 -19.1385 2.9585 0.9248
-1.8944 -19.1973 2.9552 0.9249
-1.2024 -19.2211 2.9503 0.9250
-0.5117 -19.2448 2.9492 0.9251
1.5668 -19.2812 2.9635 0.9247
3.7024 -19.3824 3.0230 0.9233
4.4280 -19.3796 3.0454 0.9227
6.5740 -21.5255 3.4480 0.9129
7.2520 -21.0146 3.4056 0.9140
12.1907 -21.7054 3.8137 0.9042
7.5023 -12.3021 2.2074 0.9434
14.3796 -21.7806 3.9982 0.8998
21.5219 -24.1914 4.9603 0.8772
23.2077 -22.5920 4.9617 0.8772
25.0470 -22.6900 5.1774 0.8722
29.1588 -22.8313 5.6734 0.8608
40.0994 -0.7340 6.1440 0.8502
48.0188 7.8053 7.4528 0.8213
32.9773 29.8311 6.8122 0.8353
0.8028 9.7925 1.5052 0.9610
0.4437 9.6576 1.4811 0.9616
-18.8193 42.0697 7.0603 0.8299
-19.0454 35.5000 6.1716 0.8496
-18.9969 32.5493 5.7735 0.8586
-19.5224 24.5479 4.8048 0.8808
-19.7839 23.1226 4.6619 0.8841
-21.3633 23.2269 4.8344 0.8801
-23.0113 23.2836 5.0150 0.8759
-24.7896 23.3447 5.2165 0.8713
-26.5054 23.2237 5.3986 0.8671
-28.5300 23.2421 5.6374 0.8616
-36.5596 23.7416 6.6781 0.8383
-39.8005 23.8609 7.1090 0.8288
-20.1258 10.1798 3.4551 0.9128
-17.1305 7.9062 2.8903 0.9265
-17.1633 7.1860 2.8505 0.9275
-32.4209 -9.5114 5.1760 0.8722
-29.4313 -22.1078 5.6391 0.8616
-27.3752 -22.1433 5.3939 0.8672
-12.4802 -10.8585 2.5342 0.9352
-23.8095 -22.2659 4.9939 0.8764
-21.3846 -23.0882 4.8210 0.8804
-17.8331 -20.6964 4.1852 0.8953
-16.5860 -20.7073 4.0644 0.8982
-15.4524 -20.7783 3.9669 0.9005
-14.3501 -20.8162 3.8732 0.9027
-11.0874 -18.8462 3.3497 0.9153
-10.1191 -20.4239 3.4918 0.9119
-8.5904 -21.0041 3.4764 0.9123
-7.7337 -21.0336 3.4331 0.9133
-4.7685 -19.0984 3.0156 0.9234
-4.0443 -19.0883 2.9891 0.9241
-2.6385 -19.1367 2.9594 0.9248
-1.9477 -19.1954 2.9557 0.9249
-1.2555 -19.2192 2.9506 0.9250
-0.5649 -19.2430 2.9492 0.9251
0.8190 -19.2905 2.9579 0.9248
3.6479 -19.3878 3.0222 0.9233
7.2461 -21.1871 3.4303 0.9134
17.1085 -22.3875 4.3164 0.8922
21.4551 -24.2509 4.9603 0.8772
23.0752 -22.5874 4.9467 0.8775
26.8516 -22.7521 5.3916 0.8673
28.9859 -22.8254 5.6520 0.8613
48.0800 7.6790 7.4589 0.8212
30.5638 14.5940 5.1886 0.8719
0.8312 9.8056 1.5075 0.9610
-19.0247 30.2489 5.4743 0.8654
-19.3864 26.4108 5.0190 0.8758
-26.4692 23.3216 5.4043 0.8670
-28.3626 23.2364 5.6170 0.8621
-33.8166 23.8674 6.3409 0.8458
-36.3399 23.7419 6.6499 0.8389
-39.5373 23.8519 7.0737 0.8296
-17.0781 9.4842 2.9926 0.9240
-17.1614 7.2410 2.8535 0.9274
-31.7979 -22.0163 5.9249 0.8551
-27.5240 -22.1382 5.4112 0.8668
-12.4703 -10.7895 2.5262 0.9354
-23.9733 -22.2953 5.0153 0.8759
-12.4962 -12.4871 2.7063 0.9310
-21.4483 -23.0291 4.8211 0.8804
-17.9301 -20.6931 4.1945 0.8951
-16.5883 -20.5934 4.0510 0.8985
-14.4331 -20.8133 3.8801 0.9026
-11.1562 -18.8438 3.3547 0.9152
-10.2780 -18.8740 3.2923 0.9167
-10.1139 -20.2724 3.4706 0.9124
-8.6572 -21.0018 3.4800 0.9122
-4.8241 -19.0965 3.0174 0.9234
-3.3982 -19.1456 2.9788 0.9243
-2.6970 -19.1696 2.9656 0.9247
-2.0012 -19.1936 2.9563 0.9249
-1.3087 -19.2174 2.9508 0.9250
-0.6180 -19.2411 2.9492 0.9251
0.0728 -19.2649 2.9513 0.9250
0.7655 -19.2887 2.9572 0.9249
2.1639 -19.3368 2.9808 0.9243
6.4429 -21.5210 3.4415 0.9131
7.2401 -21.3621 3.4554 0.9128
8.2131 -19.5047 3.2421 0.9179
10.0369 -21.6313 3.6531 0.9080
11.0139 -21.6649 3.7232 0.9063
13.0916 -21.7363 3.8872 0.9024
14.2035 -21.7745 3.9827 0.9001
15.8820 -22.5371 4.2237 0.8944
19.9714 -24.4133 4.8320 0.8802
22.2454 -23.5258 4.9601 0.8772
24.7202 -22.6439 5.1356 0.8731
26.6954 -22.7467 5.3729 0.8677
28.8143 -22.8195 5.6308 0.8618
31.1500 -22.8998 5.9227 0.8552
48.2863 7.5752 7.4877 0.8205
13.1411 30.2090 5.0468 0.8752
2.8268 8.0284 1.3039 0.9661
0.4969 9.6522 1.4806 0.9616
0.1534 9.8674 1.5118 0.9609
-18.6306 42.2730 7.0770 0.8295
-19.1239 36.1239 6.2616 0.8476
-19.0121 30.4150 5.4948 0.8649
-19.3807 28.6626 5.3005 0.8693
-19.2715 26.4069 5.0081 0.8761
-21.1200 23.2185 4.8083 0.8807
-31.0353 23.7527 5.9871 0.8537
-33.6253 23.8718 6.3173 0.8463
-39.2768 23.8429 7.0389 0.8303
-17.0726 9.5429 2.9963 0.9239
-17.1178 8.0153 2.8956 0.9264
-17.1598 7.2962 2.8566 0.9273
-29.7575 -22.0966 5.6781 0.8607
-12.4625 -10.7227 2.5186 0.9356
-36.5286 -21.8638 5.5437 0.8422
-29.5605 -22.3328 4.8245 0.8612
-27.2273 -22.1484 4.5705 0.8680
-26.5228 -23.2053 4.5892 0.8675
-12.5290 -11.7818 2.2396 0.9330
-12.5070 -12.6368 2.3153 0.9308
-20.6058 -22.3710 3.9606 0.8845
-17.7366 -20.6997 3.5497 0.8959
-16.5196 -20.7416 3.4530 0.8986
-12.8968 -18.8191 2.9709 0.9121
-11.9483 -18.8517 2.9064 0.9139
-11.0188 -18.8486 2.8431 0.9157
-10.1456 -18.8786 2.7909 0.9172
-7.7084 -18.9974 2.6697 0.9206
-6.1798 -19.0499 2.6080 0.9224
-5.4398 -19.0754 2.5830 0.9231
-3.2898 -19.1493 2.5302 0.9246
-2.5849 -19.1385 2.5149 0.9251
-1.8944 -19.1973 2.5120 0.9251
-1.2024 -19.2211 2.5079 0.9253
-0.5117 -19.2448 2.5070 0.9253
0.1793 -19.2686 2.5093 0.9252
0.8725 -19.2924 2.5148 0.9251
1.5668 -19.2812 2.5191 0.9249
4.4280 -19.3796 2.5887 0.9229
7.5152 -19.4807 2.7190 0.9192
9.2141 -19.5740 2.8172 0.9164
11.0286 -19.6363 2.9328 0.9132
7.5019 -12.3014 1.8763 0.9435
12.9853 -19.6687 3.0691 0.9093
15.9336 -22.3471 3.5740 0.8952
23.2078 -22.5920 4.2176 0.8775
27.3751 -24.7991 4.8101 0.8616
29.1215 -24.5376 4.9589 0.8576
29.9816 -23.4756 4.9587 0.8576
31.4467 -22.8513 5.0620 0.8549
40.0787 -0.7336 5.2200 0.8507
48.0077 7.8035 6.3337 0.8219
30.4602 14.6479 4.4014 0.8725
33.0083 29.8591 5.7961 0.8357
6.2523 14.5928 2.0674 0.9380
0.8015 9.7769 1.2774 0.9612
0.4431 9.6443 1.2572 0.9618
-18.8028 42.0329 5.9962 0.8305
-19.1389 32.7925 4.9443 0.8580
-19.4603 26.3585 4.2665 0.8762
-19.7839 23.1226 3.9628 0.8845
-21.3498 23.2122 4.1068 0.8805
-28.8263 23.4835 4.8418 0.8607
-31.1426 23.5632 5.0854 0.8543
-33.7079 23.6514 5.3622 0.8470
-39.8004 23.8609 6.0429 0.8293
-17.1610 7.1851 2.4227 0.9277
-34.0576 -21.9487 5.2762 0.8492
-31.5855 -21.9986 5.0124 0.8562
-12.4967 -12.5568 2.3069 0.9310
-17.8331 -20.6964 3.5576 0.8957
-12.9716 -18.8166 2.9761 0.9119
-11.0874 -18.8462 2.8474 0.9156
-10.2117 -18.8763 2.7947 0.9171
-9.3838 -18.9398 2.7525 0.9183
-8.5644 -18.9679 2.7101 0.9195
-7.7688 -18.9953 2.6725 0.9206
-5.4963 -19.0734 2.5848 0.9231
-4.0443 -19.0883 2.5409 0.9243
-2.6385 -19.1367 2.5156 0.9250
-1.2555 -19.2192 2.5081 0.9252
-0.5649 -19.2430 2.5069 0.9253
0.1260 -19.2667 2.5090 0.9252
0.8190 -19.2905 2.5143 0.9251
1.5130 -19.2794 2.5183 0.9250
2.2182 -19.3386 2.5348 0.9245
2.9283 -19.3631 2.5501 0.9240
4.3713 -19.3776 2.5868 0.9230
5.1244 -19.4386 2.6178 0.9221
5.8859 -19.4647 2.6481 0.9212
8.2775 -19.5069 2.7594 0.9181
10.0153 -19.5666 2.8624 0.9152
7.4874 -12.3542 1.8812 0.9434
15.8861 -22.4112 3.5772 0.8951
17.1085 -22.3875 3.6691 0.8926
21.7818 -24.6202 4.2807 0.8758
22.9962 -24.1857 4.3459 0.8740
23.0752 -22.5875 4.2049 0.8779
27.2177 -24.7937 4.7944 0.8620
29.9168 -23.5584 4.9587 0.8576
31.2557 -22.8448 5.0414 0.8554
40.2988 -6.6945 5.3197 0.8481
48.0689 7.6772 6.3389 0.8217
23.3690 4.5977 3.1015 0.9084
22.5288 7.0166 3.0727 0.9092
30.4944 14.5608 4.4005 0.8726
33.1553 29.8259 5.8074 0.8354
5.5413 14.2164 1.9869 0.9403
0.8298 9.7898 1.2794 0.9611
-18.7448 42.2158 6.0149 0.8300
-18.6558 38.2523 5.5421 0.8423
-19.2160 30.5530 4.7001 0.8645
-19.6702 23.1187 3.9528 0.8848
-22.8283 23.2263 4.2409 0.8769
-30.9560 23.5568 5.0656 0.8548
-33.5005 23.6443 5.3396 0.8476
-35.9663 23.4978 5.5945 0.8409
-20.1187 10.2461 2.9401 0.9130
-17.0987 7.9488 2.4554 0.9268
-17.1609 7.2408 2.4255 0.9276
-34.2545 -21.9420 5.2973 0.8487
-29.6837 -22.1693 4.8245 0.8612
-27.5240 -22.1382 4.5997 0.8672
-26.5137 -22.9400 4.5656 0.8681
-26.0856 -24.2598 4.6389 0.8662
-12.4937 -12.4847 2.3000 0.9312
-22.7028 -24.3761 4.3378 0.8743
-14.0211 -18.7453 3.0483 0.9099
-11.1562 -18.8438 2.8517 0.9155
-10.2780 -18.8740 2.7986 0.9170
-9.4479 -18.9376 2.7559 0.9182
-7.8292 -18.9932 2.6752 0.9205
-4.0991 -19.0864 2.5421 0.9243
-3.3982 -19.1455 2.5321 0.9246
-0.6180 -19.2412 2.5069 0.9253
0.7655 -19.2887 2.5138 0.9251
1.4593 -19.2776 2.5175 0.9250
2.8733 -19.3612 2.5488 0.9241
4.3225 -19.4110 2.5896 0.9229
6.6054 -19.4895 2.6797 0.9203
8.2131 -19.5047 2.7559 0.9182
10.8836 -19.6314 2.9230 0.9134
11.8436 -19.6643 2.9893 0.9116
12.8263 -19.6633 3.0572 0.9096
15.8818 -22.5368 3.5903 0.8947
17.0081 -22.3841 3.6609 0.8928
21.6571 -24.6159 4.2695 0.8761
29.0000 -24.7104 4.9614 0.8575
22.4123 6.9125 3.0542 0.9097
23.5746 30.2796 4.9972 0.8566
0.1532 9.8535 1.2833 0.9610
-18.7069 38.6276 5.5889 0.8410
-28.4891 23.4719 4.8068 0.8617
-20.2432 10.3800 2.9624 0.9123
-17.1606 7.2966 2.4283 0.9275
-37.1072 8.3990 4.9544 0.8577
-31.9914 -22.0198 5.0574 0.8550
-27.6737 -22.1331 4.6145 0.8668
-26.5091 -22.8083 4.5539 0.8684
-34.2418 -23.9894 4.4895 0.8452
-27.2273 -22.1484 3.7689 0.8683
-18.4373 -18.6287 2.8145 0.8999
-17.1979 -18.6713 2.7259 0.9029
-13.8896 -18.7850 2.5087 0.9103
-12.8968 -18.8191 2.4498 0.9123
-11.9483 -18.8517 2.3967 0.9141
-11.0188 -18.8486 2.3445 0.9159
-9.3198 -18.9420 2.2669 0.9186
-7.7084 -18.9974 2.2015 0.9208
-6.1798 -19.0499 2.1506 0.9226
-3.8116 -18.2380 2.0007 0.9278
-2.4666 -18.2629 1.9789 0.9285
-1.8038 -18.2793 1.9724 0.9288
-0.4871 -18.3206 1.9680 0.9289
0.1707 -18.3455 1.9701 0.9289
2.1666 -18.4382 1.9935 0.9280
3.5370 -18.5165 2.0243 0.9270
4.4280 -19.3796 2.1346 0.9231
5.1824 -19.4406 2.1605 0.9222
5.9453 -19.4668 2.1857 0.9214
8.3421 -19.5091 2.2784 0.9182
10.1031 -19.6045 2.3683 0.9151
13.0089 -19.7044 2.5354 0.9094
15.1749 -19.7440 2.6740 0.9047
16.3965 -19.8189 2.7621 0.9017
21.9072 -24.6245 3.5392 0.8758
23.0004 -24.0567 3.5740 0.8747
23.2078 -22.5921 3.4779 0.8778
27.3751 -24.7991 3.9664 0.8619
29.4002 -24.7723 4.1283 0.8567
49.2990 6.2072 5.3356 0.8188
33.0210 29.8706 4.7814 0.8360
12.9813 30.2981 3.5395 0.8758
5.4853 14.1885 1.6335 0.9406
0.8003 9.7614 1.0517 0.9614
0.4425 9.6311 1.0353 0.9620
-18.8199 42.0711 4.9491 0.8308
-18.7243 38.1251 4.5610 0.8429
-19.1749 30.3016 3.8506 0.8657
-19.3923 28.3409 3.6875 0.8710
-19.6229 24.6743 3.3853 0.8809
-21.3795 23.2445 3.3913 0.8807
-23.1263 23.3999 3.5328 0.8760
-24.7895 23.3447 3.6565 0.8720
-26.5459 23.2592 3.7899 0.8676
-31.0720 23.5098 4.1840 0.8549
-33.6421 23.6053 4.4131 0.8476
-36.5602 23.7420 4.6811 0.8391
-39.8004 23.8609 4.9830 0.8297
-20.1148 10.1742 2.4205 0.9133
-37.0918 9.5880 4.1139 0.8572
-37.1302 8.1888 4.0829 0.8582
-34.4344 -23.9828 4.5061 0.8447
-18.5361 -18.6253 2.8217 0.8997
-12.9716 -18.8166 2.4541 0.9122
-12.0199 -18.8493 2.4006 0.9140
-8.5644 -18.9679 2.2348 0.9197
-7.7688 -18.9953 2.2037 0.9208
-6.9940 -19.0219 2.1763 0.9217
-5.2515 -18.2239 2.0365 0.9265
-4.5514 -18.2292 2.0176 0.9272
-3.8640 -18.2373 2.0018 0.9277
-3.1869 -18.2481 1.9892 0.9282
-2.5178 -18.2617 1.9795 0.9285
-1.1953 -18.2970 1.9689 0.9289
-0.5377 -18.3188 1.9679 0.9289
0.1200 -18.3434 1.9698 0.9289
2.1146 -18.4354 1.9926 0.9281
2.7936 -18.4726 2.0062 0.9276
3.4834 -18.5132 2.0229 0.9270
4.3713 -19.3776 2.1331 0.9232
5.1244 -19.4386 2.1587 0.9223
5.8859 -19.4647 2.1836 0.9214
8.2775 -19.5069 2.2755 0.9183
10.0153 -19.5666 2.3603 0.9154
7.4863 -12.3524 1.5510 0.9435
15.1134 -19.7768 2.6728 0.9047
16.3035 -19.8177 2.7556 0.9019
21.7818 -24.6202 3.5299 0.8761
22.9960 -24.1854 3.5836 0.8744
23.0753 -22.5875 3.4674 0.8782
29.3475 -24.8669 4.1306 0.8566
48.0537 7.6748 5.2255 0.8222
23.3676 4.5975 2.5574 0.9086
30.4652 14.5469 3.6252 0.8730
33.1404 29.8125 4.7867 0.8358
7.3445 14.1306 1.7101 0.9379
0.4682 9.6125 1.0334 0.9620
-18.7595 42.2487 4.9639 0.8303
-19.0368 35.7204 4.3464 0.8497
-19.3868 28.5015 3.7015 0.8705
-19.3638 26.3801 3.5140 0.8766
-19.6183 24.8089 3.3963 0.8805
-13.5073 15.8753 2.2383 0.9196
-24.6476 23.3398 3.6451 0.8724
-26.5308 23.3758 3.7970 0.8674
-43.1752 23.9770 5.3032 0.8198
-20.1132 10.2433 2.4237 0.9132
-37.1218 8.2946 4.0845 0.8581
-32.5209 -12.0327 3.7235 0.8698
-34.6284 -23.9761 4.5228 0.8441
-32.2140 -24.0591 4.3175 0.8507
-27.5240 -22.1382 3.7930 0.8675
-26.5139 -22.9402 3.7649 0.8684
-19.9739 -18.5758 2.9290 0.8961
-18.6354 -18.6218 2.8289 0.8994
-17.3837 -18.6649 2.7389 0.9025
-13.0467 -18.8140 2.4585 0.9120
-9.4479 -18.9376 2.2726 0.9184
-8.6265 -18.9658 2.2374 0.9196
-7.8293 -18.9932 2.2060 0.9207
-7.0530 -19.0199 2.1783 0.9216
-6.2950 -19.0460 2.1540 0.9225
-5.3060 -18.2236 2.0381 0.9265
-4.6048 -18.2287 2.0189 0.9272
-1.9055 -18.2766 1.9732 0.9287
-1.2460 -18.2954 1.9691 0.9289
-0.5883 -18.3170 1.9679 0.9289
0.0693 -18.3415 1.9696 0.9289
0.7290 -18.3688 1.9740 0.9287
2.0628 -18.4327 1.9917 0.9281
2.7410 -18.4696 2.0050 0.9276
3.4299 -18.5099 2.0215 0.9271
6.6054 -19.4895 2.2097 0.9205
9.9460 -19.5642 2.3567 0.9155
15.0247 -19.7737 2.6667 0.9049
23.0475 -22.6853 3.4726 0.8780
22.3510 6.8935 2.5116 0.9102
30.5678 14.4923 3.6326 0.8728
6.3967 14.7048 1.7220 0.9375
-7.6467 31.8436 3.5166 0.8766
-19.6136 24.9444 3.4074 0.8802
-13.8409 15.2161 2.2088 0.9206
-26.3901 23.3816 3.7861 0.8678
-33.2194 23.5837 4.3747 0.8488
-36.1095 23.7340 4.6401 0.8404
-39.2768 23.8429 4.9339 0.8312
-37.0838 9.8048 4.1190 0.8570
-37.1121 8.4001 4.0860 0.8581
-32.3922 -24.0530 4.3324 0.8502
-27.6737 -22.1331 3.8052 0.8671
-26.5094 -22.8085 3.7553 0.8688
-17.4772 -18.6617 2.7455 0.9023
-31.8616 -24.0712 3.3804 0.8519
-27.2273 -22.1484 2.9711 0.8686
-19.7616 -18.5831 2.2963 0.8968
-18.4373 -18.6287 2.2187 0.9001
-17.1979 -18.6713 2.1489 0.9031
-16.0036 -18.6772 2.0821 0.9060
-14.9069 -18.7168 2.0255 0.9084
-13.8656 -18.7525 1.9743 0.9106
-12.9708 -18.9271 1.9424 0.9120
-12.2820 -19.3783 1.9422 0.9120
-8.8652 -18.0180 1.6999 0.9226
-5.8784 -18.1207 1.6127 0.9264
-3.8020 -18.1921 1.5733 0.9281
-1.1437 -18.2835 1.5508 0.9291
-0.4868 -18.3061 1.5502 0.9291
1.4931 -18.3742 1.5605 0.9287
2.1617 -18.3971 1.5681 0.9283
2.8378 -18.4204 1.5777 0.9279
4.2197 -18.4679 1.6036 0.9268
6.3990 -18.5428 1.6605 0.9243
8.3421 -19.5091 1.7961 0.9184
11.1934 -19.9297 1.9350 0.9123
14.0500 -19.7053 2.0487 0.9074
15.1749 -19.7440 2.1080 0.9049
20.0377 -22.5232 2.5520 0.8860
21.5851 -22.5764 2.6441 0.8822
25.0470 -22.6901 2.8610 0.8731
40.0848 -0.7338 3.3939 0.8513
48.0421 7.8091 4.1203 0.8225
15.2074 21.2961 2.2152 0.9003
7.2519 14.0470 1.3382 0.9385
12.9824 30.3008 2.7906 0.8761
0.7990 9.7460 0.8278 0.9615
0.4419 9.6180 0.8150 0.9621
-2.4575 14.3666 1.2338 0.9432
-19.0462 35.5015 3.4105 0.8507
-19.1394 32.7933 3.2143 0.8586
-19.3925 28.3413 2.9071 0.8712
-19.6231 24.6746 2.6688 0.8811
-23.2397 23.5146 2.7987 0.8757
-24.7895 23.3447 2.8825 0.8722
-28.8543 23.5063 3.1505 0.8612
-36.5250 23.7192 3.6867 0.8396
-39.8004 23.8609 3.9283 0.8300
-43.3778 23.9330 4.1939 0.8197
-37.0928 9.5883 3.2432 0.8574
-37.1418 8.1914 3.2197 0.8584
-32.0372 -24.0652 3.3919 0.8514
-27.3752 -22.1433 2.9806 0.8682
-19.8675 -18.5795 2.3027 0.8966
-18.5360 -18.6253 2.2244 0.8999
-13.0232 -18.8914 1.9424 0.9120
-7.3898 -18.0687 1.6525 0.9246
-6.6529 -18.0941 1.6320 0.9255
-3.8541 -18.1903 1.5740 0.9281
-2.5143 -18.2364 1.5584 0.9288
-1.1943 -18.2818 1.5509 0.9291
1.4418 -18.3724 1.5601 0.9287
2.1100 -18.3953 1.5674 0.9284
3.4700 -18.4421 1.5886 0.9274
4.1656 -18.4660 1.6025 0.9268
5.5988 -18.5153 1.6375 0.9253
9.6804 -20.7128 1.9354 0.9123
11.1383 -19.9607 1.9350 0.9123
7.4852 -12.3505 1.2225 0.9437
12.8986 -19.6552 1.9901 0.9099
13.9583 -19.6916 2.0433 0.9077
15.0860 -19.7409 2.1032 0.9051
16.3035 -19.8177 2.1724 0.9021
19.9230 -22.5192 2.5453 0.8863
21.4276 -22.5359 2.6324 0.8826
23.0753 -22.5875 2.7335 0.8784
24.9029 -22.6851 2.8516 0.8735
26.8517 -22.7521 2.9793 0.8682
48.0385 7.6724 4.1181 0.8226
23.3662 4.5972 2.0161 0.9088
30.5516 13.2638 2.8195 0.8748
30.0139 14.3314 2.8155 0.8750
33.1223 29.7963 3.7715 0.8362
15.5947 20.1446 2.1566 0.9028
15.2614 21.2474 2.2145 0.9003
7.2900 14.0256 1.3381 0.9385
5.4612 14.0111 1.2730 0.9414
0.4676 9.5995 0.8136 0.9622
-3.6420 14.9842 1.3054 0.9400
-4.6189 14.4088 1.2809 0.9411
-19.0386 35.7237 3.4268 0.8500
-19.3870 28.5018 2.9180 0.8708
-19.3638 26.3801 2.7702 0.8769
-19.6185 24.8092 2.6775 0.8808
-22.8800 23.2790 2.7631 0.8772
-26.5310 23.3760 2.9933 0.8677
-28.8498 23.6355 3.1572 0.8610
-31.0716 23.6447 3.3052 0.8549
-36.3106 23.7228 3.6716 0.8402
-39.5372 23.8518 3.9088 0.8308
-37.0895 9.6968 3.2453 0.8574
-32.5114 -12.0292 2.9345 0.8701
-32.2140 -24.0591 3.4036 0.8509
-27.5240 -22.1382 2.9901 0.8678
-25.6999 -22.2360 2.8769 0.8725
-16.1782 -18.6712 2.0914 0.9056
-15.0720 -18.7111 2.0339 0.9081
-13.0754 -18.8555 1.9424 0.9120
-12.3891 -19.3104 1.9422 0.9120
-9.7944 -17.9861 1.7337 0.9211
-8.9871 -18.0138 1.7042 0.9224
-8.2058 -18.0407 1.6777 0.9235
-5.9880 -18.1169 1.6152 0.9263
-4.5888 -18.1650 1.5860 0.9275
-3.9062 -18.1885 1.5748 0.9280
-2.5654 -18.2346 1.5588 0.9287
-1.9035 -18.2574 1.5539 0.9290
-1.2449 -18.2800 1.5510 0.9291
0.0692 -18.3252 1.5513 0.9291
2.0584 -18.3936 1.5668 0.9284
2.7332 -18.4167 1.5761 0.9280
3.4170 -18.4403 1.5876 0.9275
4.1117 -18.4641 1.6013 0.9269
5.5425 -18.5133 1.6359 0.9254
11.0832 -19.9915 1.9350 0.9123
11.8157 -19.6179 1.9387 0.9122
13.8747 -19.6887 2.0390 0.9078
21.3323 -22.5602 2.6284 0.8828
48.0998 7.5459 4.1216 0.8225
22.2903 6.8749 1.9746 0.9106
30.0553 14.2493 2.8157 0.8750
33.2934 29.7842 3.7816 0.8358
15.3293 21.2181 2.2159 0.9003
7.3354 14.0184 1.3393 0.9385
6.3790 14.6641 1.3537 0.9378
0.8555 9.7718 0.8304 0.9614
0.1528 9.8261 0.8319 0.9613
-7.6326 31.7847 2.7672 0.8770
-19.0283 39.2912 3.6956 0.8392
-19.1247 36.1254 3.4602 0.8487
-19.1258 33.1898 3.2427 0.8575
-19.1390 30.6179 3.0566 0.8651
-19.3814 28.6636 2.9291 0.8703
-19.2580 26.3884 2.7655 0.8771
-19.6138 24.9446 2.6862 0.8804
-19.5570 23.1148 2.5631 0.8856
-22.7496 23.2745 2.7551 0.8775
-24.5066 23.3350 2.8646 0.8730
-33.5808 23.8402 3.4862 0.8476
-36.0804 23.7149 3.6550 0.8409
-20.1061 10.3097 1.9128 0.9133
-37.1615 8.4113 3.2254 0.8582
-32.4728 -10.6074 2.8919 0.8719
-32.5047 -11.9248 2.9309 0.8702
-25.7992 -22.1975 2.8811 0.8723
-18.7351 -18.6184 2.2359 0.8994
-36.5285 -21.8638 2.6399 0.8431
-31.4567 -22.0382 2.3817 0.8573
-29.2255 -22.0797 2.2713 0.8635
-21.2967 -21.5177 1.8774 0.8857
-20.6057 -22.3710 1.8860 0.8852
-16.0517 -20.1541 1.5977 0.9019
-14.8209 -20.0445 1.5458 0.9049
-13.7709 -20.0946 1.5106 0.9070
-12.7177 -20.0656 1.4731 0.9092
-11.0188 -18.8485 1.3539 0.9162
-9.6683 -17.9904 1.2665 0.9214
-7.3489 -18.1112 1.2120 0.9247
-6.6166 -18.1502 1.1980 0.9255
-5.8999 -18.1870 1.1856 0.9262
-5.1964 -18.2216 1.1750 0.9269
-4.5042 -18.2543 1.1659 0.9274
-3.8406 -18.3770 1.1642 0.9275
-3.1782 -18.4997 1.1640 0.9275
-2.5119 -18.5986 1.1638 0.9275
-1.8427 -18.6735 1.1636 0.9276
-1.1713 -18.7242 1.1634 0.9276
-0.4986 -18.7509 1.1632 0.9276
0.1745 -18.7534 1.1630 0.9276
2.1875 -18.6162 1.1623 0.9276
4.9455 -18.5516 1.1906 0.9259
5.6693 -18.5632 1.2036 0.9252
8.3421 -19.5091 1.3157 0.9185
9.7728 -20.7609 1.4229 0.9121
10.7781 -20.9142 1.4590 0.9100
15.4530 -21.6730 1.6506 0.8988
17.7927 -21.5065 1.7309 0.8942
19.1755 -21.5540 1.7889 0.8908
20.6562 -21.6049 1.8535 0.8871
22.2500 -21.6596 1.9255 0.8830
26.9658 -22.7211 2.1866 0.8682
31.5314 -22.9129 2.4170 0.8554
22.4604 7.0634 1.4600 0.9100
30.2982 14.5700 2.0848 0.8739
16.5541 21.5064 1.6829 0.8969
0.7977 9.7307 0.6054 0.9616
0.4413 9.6050 0.5962 0.9622
-18.8205 42.0724 2.8581 0.8313
-18.7526 38.1827 2.6379 0.8433
-19.1397 32.7938 2.3546 0.8588
-19.4397 24.4440 1.9367 0.8824
-21.1791 23.0266 1.9400 0.8822
-36.5252 23.7193 2.7006 0.8398
-20.1039 10.1687 1.3970 0.9137
-34.0576 -21.9487 2.5125 0.8501
-31.6331 -22.0317 2.3905 0.8568
-27.3752 -22.1433 2.1834 0.8684
-23.8456 -22.2997 2.0245 0.8774
-21.4158 -21.5189 1.8826 0.8854
-16.1446 -20.1563 1.6014 0.9017
-12.7966 -20.0673 1.4759 0.9090
-11.0874 -18.8462 1.3559 0.9161
-9.7313 -17.9882 1.2682 0.9213
-7.4059 -18.1081 1.2132 0.9246
-6.6724 -18.1473 1.1990 0.9254
-5.2501 -18.2190 1.1757 0.9268
-4.5571 -18.2518 1.1665 0.9274
-3.8914 -18.3665 1.1642 0.9275
-3.2294 -18.4912 1.1640 0.9275
-1.8943 -18.6686 1.1636 0.9276
-1.2230 -18.7212 1.1634 0.9276
-0.5504 -18.7497 1.1632 0.9276
0.1227 -18.7541 1.1630 0.9276
0.7954 -18.7343 1.1628 0.9276
2.1361 -18.6224 1.1624 0.9276
2.8024 -18.5306 1.1622 0.9276
3.4853 -18.5236 1.1688 0.9272
4.1818 -18.5377 1.1784 0.9267
6.3520 -18.5729 1.2172 0.9243
9.6940 -20.7418 1.4197 0.9123
10.7011 -20.9065 1.4564 0.9102
7.4833 -12.3474 0.8953 0.9438
13.9260 -21.2209 1.5740 0.9033
15.0819 -21.2766 1.6172 0.9008
17.1085 -22.3875 1.7472 0.8932
22.1229 -21.6553 1.9197 0.8833
26.8517 -22.7521 2.1824 0.8684
28.9859 -22.8254 2.2878 0.8626
31.3399 -22.9063 2.4072 0.8559
23.3648 4.5969 1.4768 0.9090
22.3446 6.9592 1.4512 0.9105
30.8840 13.4081 2.0878 0.8738
30.3400 14.4871 2.0849 0.8739
33.1043 29.7801 2.7612 0.8366
13.0630 30.2577 2.0437 0.8763
0.8259 9.7436 0.6064 0.9616
0.4670 9.5865 0.5952 0.9623
0.1257 9.8319 0.6097 0.9614
-19.1409 39.2470 2.7077 0.8395
-19.0219 35.6924 2.5080 0.8504
-19.1329 32.9911 2.3649 0.8583
-19.0744 30.3279 2.2217 0.8662
-19.1671 28.1786 2.1133 0.8723
-19.3718 24.4973 1.9367 0.8824
-12.6000 14.8090 1.2057 0.9250
-21.0844 23.0511 1.9372 0.8823
-24.3942 23.0999 2.0833 0.8740
-28.8703 23.6523 2.3143 0.8611
-31.0515 23.6295 2.4196 0.8552
-36.3398 23.7419 2.6917 0.8403
-39.5372 23.8518 2.8633 0.8311
-20.1023 10.2378 1.3989 0.9136
-37.1246 8.2952 2.3589 0.8586
-31.8118 -22.0260 2.3994 0.8564
-23.9733 -22.2953 2.0301 0.8770
-21.5356 -21.5200 1.8879 0.8851
-20.6925 -22.2176 1.8827 0.8854
-16.2380 -20.1585 1.6051 0.9015
-15.0172 -20.0770 1.5547 0.9044
-13.9293 -20.0868 1.5158 0.9067
-12.8758 -20.0690 1.4786 0.9089
-9.7944 -17.9861 1.2700 0.9212
-8.9895 -18.0186 1.2487 0.9225
-8.2160 -18.0631 1.2305 0.9236
-7.4631 -18.1050 1.2143 0.9245
-6.7283 -18.1444 1.2000 0.9254
-6.0093 -18.1814 1.1874 0.9261
-5.3039 -18.2164 1.1765 0.9268
-4.6101 -18.2494 1.1672 0.9273
-3.9422 -18.3560 1.1642 0.9275
-3.2805 -18.4824 1.1640 0.9275
-0.6022 -18.7484 1.1632 0.9276
0.0709 -18.7546 1.1630 0.9276
1.4152 -18.6946 1.1626 0.9276
2.0847 -18.6286 1.1624 0.9276
2.7513 -18.5385 1.1622 0.9276
4.1278 -18.5367 1.1776 0.9267
8.2131 -19.5046 1.3123 0.9187
10.6244 -20.8988 1.4538 0.9103
11.6454 -21.0056 1.4893 0.9082
12.6767 -21.0475 1.5236 0.9062
15.0110 -21.3012 1.6159 0.9008
17.0082 -22.3841 1.7433 0.8934
18.9566 -21.5465 1.7796 0.8914
20.4213 -21.5968 1.8431 0.8877
21.9966 -21.6509 1.9139 0.8836
28.8143 -22.8195 2.2792 0.8630
31.1500 -22.8998 2.3974 0.8565
30.3819 14.4041 2.0850 0.8739
33.2753 29.7680 2.7686 0.8362
6.3965 14.7045 0.9944 0.9378
2.8243 8.0213 0.5273 0.9665
0.8541 9.7564 0.6073 0.9615
0.1526 9.8126 0.6086 0.9614
-18.6132 42.2336 2.8620 0.8311
-19.1320 39.5054 2.7219 0.8387
-19.0141 35.9166 2.5200 0.8497
-19.1260 33.1903 2.3754 0.8577
-19.0683 30.5049 2.2308 0.8657
-19.1616 28.3385 2.1213 0.8719
-19.1972 26.3051 2.0194 0.8776
-12.6977 15.0076 1.2190 0.9242
-21.0205 23.1091 1.9372 0.8823
-28.7337 23.6735 2.3086 0.8614
-33.6252 23.8717 2.5571 0.8477
-36.1094 23.7339 2.6795 0.8410
-42.4925 23.7517 3.0187 0.8228
-20.1006 10.3070 1.4008 0.9134
-37.0808 9.8040 2.3784 0.8575
-37.1078 8.3991 2.3593 0.8586
-34.4006 -21.9018 2.5289 0.8492
-31.9914 -22.0198 2.4083 0.8559
-29.7575 -22.0966 2.2984 0.8620
-12.4384 -11.5038 1.0506 0.9344
-21.6560 -21.5212 1.8932 0.8848
-20.6881 -22.0902 1.8767 0.8858
-33.6662 -23.5861 1.6209 0.8483
-26.1604 -21.2806 1.3297 0.8737
-24.3923 -21.3413 1.2780 0.8783
-22.7546 -21.3977 1.2316 0.8825
-14.9296 -18.7452 0.9449 0.9085
-13.8148 -18.6837 0.9162 0.9112
-12.7750 -18.6413 0.8911 0.9135
-10.1456 -18.8786 0.8451 0.9178
-10.1252 -20.5790 0.9043 0.9123
-9.9704 -22.2455 0.9612 0.9070
-9.2056 -22.6871 0.9654 0.9066
-7.3271 -22.5866 0.9363 0.9093
-5.6283 -22.8101 0.9264 0.9102
-3.9988 -19.1338 0.7708 0.9247
-2.2623 -22.9258 0.9084 0.9119
1.0344 -22.8741 0.9029 0.9124
1.5668 -19.2812 0.7628 0.9255
2.7140 -23.0969 0.9170 0.9111
3.5628 -23.1260 0.9226 0.9106
4.3914 -22.9895 0.9229 0.9106
5.2977 -23.1857 0.9378 0.9092
6.1890 -23.2164 0.9474 0.9083
6.9718 -22.8280 0.9412 0.9089
7.2513 -21.0127 0.8765 0.9149
7.5152 -19.4806 0.8233 0.9198
8.3421 -19.5091 0.8366 0.9186
11.0016 -19.5882 0.8859 0.9140
13.0954 -19.8354 0.9372 0.9092
14.2070 -19.9255 0.9649 0.9067
20.7179 -21.6694 1.1821 0.8869
28.5996 -24.0977 1.4747 0.8610
40.1151 -0.7343 1.5820 0.8516
22.3995 7.0443 0.9259 0.9103
34.4131 12.1956 1.4396 0.8640
30.5773 16.0798 1.3622 0.8708
21.7278 24.3876 1.2879 0.8774
20.0495 24.1989 1.2391 0.8818
16.5366 21.4837 1.0690 0.8972
12.9848 30.3062 1.3001 0.8764
0.7965 9.7155 0.3844 0.9617
0.4407 9.5920 0.3786 0.9623
-18.7199 41.8476 1.8077 0.8323
-18.5913 37.8544 1.6629 0.8447
-19.1361 32.7878 1.4969 0.8590
-19.1615 30.2805 1.4130 0.8664
-19.3930 28.3420 1.3541 0.8716
-23.0113 23.2835 1.2908 0.8772
-24.7181 23.2774 1.3388 0.8729
-26.7170 23.4091 1.4007 0.8675
-43.3928 16.3640 1.8286 0.8306
-33.8556 -23.5796 1.6268 0.8478
-24.5235 -21.3368 1.2818 0.8780
-22.8765 -21.3935 1.2350 0.8822
-17.4020 -18.7883 1.0098 0.9026
-15.0137 -18.7443 0.9470 0.9083
-12.8523 -18.6435 0.8929 0.9133
-11.0874 -18.8462 0.8622 0.9162
-10.2117 -18.8763 0.8462 0.9177
-8.3524 -22.7164 0.9544 0.9077
-6.5638 -22.7779 0.9347 0.9095
-3.1567 -22.8951 0.9113 0.9116
-2.3260 -22.9236 0.9085 0.9119
-1.4886 -22.7873 0.9004 0.9126
0.1505 -23.0087 0.9073 0.9120
1.5130 -19.2793 0.7625 0.9255
2.6491 -23.0946 0.9166 0.9111
3.4971 -23.1238 0.9222 0.9106
4.3252 -22.9872 0.9223 0.9106
5.2298 -23.1834 0.9371 0.9092
6.9022 -22.8256 0.9403 0.9090
7.2454 -21.1851 0.8829 0.9143
9.9743 -19.4866 0.8632 0.9161
7.4811 -12.3438 0.5691 0.9439
14.1174 -19.9159 0.9626 0.9069
17.1085 -22.3875 1.1110 0.8933
20.6029 -21.6686 1.1790 0.8872
22.1463 -21.6781 1.2220 0.8833
26.2658 -23.9266 1.4010 0.8674
30.8139 -24.2649 1.5465 0.8547
46.8932 7.4894 1.8725 0.8269
31.2228 13.5552 1.3422 0.8726
30.3539 14.4938 1.3263 0.8740
22.6424 23.5179 1.2873 0.8775
20.1424 24.1749 1.2408 0.8816
13.0642 30.2604 1.2997 0.8764
0.4663 9.5736 0.3779 0.9624
-15.1055 37.6024 1.5979 0.8503
-15.3002 28.7092 1.2828 0.8779
-19.1555 30.4568 1.4187 0.8659
-19.3875 28.5025 1.3592 0.8711
-19.5188 24.6832 1.2408 0.8816
-19.7140 23.1702 1.1996 0.8853
-22.8800 23.2790 1.2871 0.8775
-26.5627 23.4039 1.3960 0.8679
-28.6530 23.4742 1.4606 0.8622
-39.3463 23.7366 1.8119 0.8320
-20.0968 10.2350 0.8893 0.9137
-43.4975 16.5408 1.8350 0.8300
-34.0463 -23.5731 1.6329 0.8472
-22.9990 -21.3892 1.2384 0.8819
-17.5047 -18.7949 1.0127 0.9023
-13.2851 -20.7070 0.9701 0.9062
-11.1562 -18.8438 0.8635 0.9161
-10.1147 -20.2741 0.8934 0.9133
-10.1161 -22.2405 0.9634 0.9068
-6.6313 -22.7756 0.9354 0.9094
-5.7610 -22.8055 0.9275 0.9101
-4.0991 -19.0864 0.7698 0.9248
-4.0290 -22.7000 0.9091 0.9118
-3.2208 -22.8929 0.9116 0.9116
-1.5517 -22.7851 0.9005 0.9126
3.4314 -23.1215 0.9217 0.9107
6.0506 -23.2116 0.9458 0.9084
6.8923 -23.0221 0.9476 0.9083
8.2131 -19.5046 0.8345 0.9188
9.9040 -19.4817 0.8618 0.9162
10.8496 -19.5701 0.8823 0.9143
11.8660 -19.7015 0.9069 0.9120
12.9325 -19.8260 0.9334 0.9096
18.5841 -22.7175 1.1573 0.8891
19.3832 -22.0313 1.1571 0.8892
20.4885 -21.6678 1.1759 0.8875
26.1033 -23.9108 1.3958 0.8679
30.6916 -24.3062 1.5437 0.8549
22.2084 6.8496 0.9164 0.9112
33.2572 29.7519 1.7595 0.8364
21.7195 24.1088 1.2795 0.8782
20.2430 24.1595 1.2428 0.8815
6.3965 14.7043 0.6323 0.9378
0.4930 9.5776 0.3782 0.9623
0.1524 9.7990 0.3864 0.9615
-7.6046 31.6682 1.2842 0.8778
-18.5521 38.3080 1.6783 0.8433
-19.1222 33.1837 1.5102 0.8579
-19.2086 30.7293 1.4289 0.8650
-19.3819 28.6643 1.3644 0.8706
-19.4511 26.6530 1.3011 0.8763
-26.4094 23.3988 1.3913 0.8683
-30.7642 23.5452 1.5276 0.8563
-33.1349 23.5236 1.6023 0.8499
-42.4031 23.7018 1.9155 0.8233
-20.0952 10.3042 0.8905 0.9136
-17.6081 -18.8014 1.0157 0.9020
-30.9189 -21.6614 0.6377 0.8598
-28.7697 -21.7353 0.6091 0.8657
-27.2273 -22.1484 0.5929 0.8690
-26.5857 -25.0003 0.6165 0.8642
-25.7099 -25.9768 0.6174 0.8640
-16.8451 -18.2881 0.4200 0.9053
-15.7038 -18.3274 0.4077 0.9080
-16.4066 -20.5997 0.4448 0.9000
-15.2606 -20.6391 0.4336 0.9024
-13.1277 -20.7125 0.4142 0.9066
-10.1456 -18.8786 0.3620 0.9178
-10.1254 -20.5793 0.3874 0.9123
-8.2821 -22.7188 0.4085 0.9078
-6.4964 -22.7802 0.4001 0.9096
-3.9988 -19.1339 0.3302 0.9248
0.2141 -23.0109 0.3887 0.9120
3.5628 -23.1260 0.3953 0.9106
5.2977 -23.1857 0.4017 0.9092
6.1890 -23.2163 0.4059 0.9084
6.9718 -22.8280 0.4032 0.9089
7.2512 -21.0123 0.3755 0.9149
7.5152 -19.4806 0.3527 0.9199
10.1158 -21.4895 0.4012 0.9094
9.8674 -19.1472 0.3639 0.9174
10.7713 -19.1783 0.3716 0.9158
7.4987 -12.2961 0.2433 0.9440
12.7054 -19.2448 0.3895 0.9119
13.7472 -19.2806 0.4000 0.9096
14.8478 -19.3184 0.4116 0.9071
22.9401 -25.7855 0.5830 0.8710
22.9995 -24.0557 0.5622 0.8753
27.2094 -24.6489 0.6202 0.8634
30.8825 -22.4414 0.6449 0.8584
40.1301 -0.7346 0.6780 0.8517
47.3904 7.7031 0.8110 0.8252
29.7748 11.7706 0.5408 0.8798
29.3110 12.8216 0.5404 0.8799
30.2831 14.5628 0.5676 0.8742
12.0858 6.9202 0.2352 0.9458
12.1827 8.1887 0.2480 0.9430
32.3760 25.3130 0.6942 0.8484
33.0617 29.9074 0.7531 0.8366
21.7298 26.2270 0.5753 0.8726
0.7952 9.7004 0.1644 0.9618
-18.7494 46.3031 0.8438 0.8189
-18.8211 42.0737 0.7786 0.8316
-15.3762 28.6607 0.5495 0.8780
-19.3041 33.0755 0.6469 0.8580
-19.5180 28.5246 0.5838 0.8709
-19.9435 23.3091 0.5182 0.8845
-21.4878 23.3622 0.5362 0.8807
-23.1454 23.4192 0.5562 0.8766
-26.9786 23.6383 0.6059 0.8663
-31.4888 23.8252 0.6670 0.8539
-36.8893 23.9557 0.7430 0.8386
-39.6857 23.7921 0.7816 0.8310
-43.6189 24.0660 0.8415 0.8193
-45.7891 11.8362 0.7989 0.8276
-47.6759 10.5146 0.8247 0.8226
-26.5808 -24.8576 0.6147 0.8645
-25.8477 -25.9721 0.6190 0.8636
-14.7072 -18.3616 0.3974 0.9102
-15.3467 -20.6361 0.4344 0.9022
-12.7054 -18.4304 0.3781 0.9143
-13.2063 -20.7097 0.4149 0.9064
-10.2117 -18.8763 0.3625 0.9177
-9.2777 -22.6846 0.4140 0.9066
-8.3524 -22.7164 0.4088 0.9077
-7.3953 -22.5842 0.4014 0.9093
-6.5638 -22.7779 0.4004 0.9095
-5.6946 -22.8078 0.3971 0.9102
-3.9800 -22.7895 0.3908 0.9116
-3.1567 -22.8951 0.3904 0.9117
-1.4886 -22.7873 0.3857 0.9127
-0.6746 -22.9804 0.3883 0.9121
0.1505 -23.0087 0.3887 0.9121
0.9710 -22.8719 0.3867 0.9125
1.5130 -19.2794 0.3267 0.9256
2.6491 -23.0946 0.3927 0.9112
3.4971 -23.1238 0.3950 0.9107
5.2298 -23.1834 0.4015 0.9093
10.0422 -21.4870 0.4006 0.9095
9.7994 -19.1449 0.3633 0.9176
7.4788 -12.3401 0.2437 0.9439
12.6275 -19.2421 0.3888 0.9120
13.6650 -19.2777 0.3991 0.9098
14.7608 -19.3154 0.4106 0.9073
21.6527 -26.3199 0.5757 0.8725
27.0528 -24.6436 0.6181 0.8638
26.2991 -22.2839 0.5823 0.8712
28.3895 -22.3557 0.6104 0.8654
30.6950 -22.4350 0.6422 0.8589
47.8477 5.8902 0.8143 0.8246
32.7601 11.5080 0.5865 0.8703
29.2261 12.6884 0.5382 0.8803
12.9850 6.7827 0.2475 0.9431
11.3529 7.0097 0.2254 0.9480
32.3161 25.1226 0.6914 0.8490
33.1177 29.7922 0.7525 0.8368
21.6395 25.9717 0.5710 0.8735
19.1261 24.7064 0.5278 0.8825
0.8233 9.7132 0.1647 0.9618
-19.2973 33.2746 0.6497 0.8574
-19.1557 30.4572 0.6078 0.8659
-19.5124 28.6862 0.5860 0.8704
-19.5815 26.6767 0.5590 0.8760
-19.6446 24.8423 0.5350 0.8810
-19.8289 23.3052 0.5169 0.8848
-24.5765 23.2725 0.5717 0.8734
-26.8226 23.6330 0.6039 0.8667
-33.8729 23.9072 0.7003 0.8472
-36.3397 23.7419 0.7332 0.8406
-43.3167 24.0556 0.8370 0.8202
-20.0914 10.2323 0.3809 0.9137
-47.7102 10.6605 0.8258 0.8224
-33.6859 -21.5777 0.6757 0.8521
-31.2680 -21.6494 0.6424 0.8589
-26.5759 -24.7158 0.6131 0.8649
-25.9861 -25.9673 0.6206 0.8633
-17.0270 -18.2819 0.4220 0.9049
-14.7883 -18.3588 0.3982 0.9100
-15.4332 -20.6332 0.4352 0.9021
-12.7789 -18.4279 0.3788 0.9142
-11.1562 -18.8438 0.3699 0.9161
-10.2779 -18.8740 0.3630 0.9176
-9.3499 -22.6821 0.4144 0.9065
-8.4228 -22.7140 0.4092 0.9076
-7.5177 -22.7451 0.4047 0.9086
-3.2208 -22.8929 0.3905 0.9117
-2.3898 -22.9214 0.3893 0.9119
-0.7381 -22.9782 0.3883 0.9121
0.0869 -23.0066 0.3886 0.9121
1.4593 -19.2775 0.3266 0.9256
2.5842 -23.0924 0.3925 0.9112
3.4314 -23.1215 0.3948 0.9107
4.2591 -22.9849 0.3949 0.9107
6.0506 -23.2116 0.4052 0.9085
6.8921 -23.0216 0.4059 0.9083
9.7316 -19.1425 0.3627 0.9177
12.5498 -19.2394 0.3880 0.9122
13.5831 -19.2749 0.3983 0.9100
21.5276 -26.3156 0.5743 0.8728
22.8264 -25.9450 0.5837 0.8709
22.9906 -24.3140 0.5652 0.8747
28.2214 -22.3499 0.6081 0.8659
47.8503 5.7564 0.8141 0.8246
32.8271 11.4298 0.5872 0.8702
29.9556 11.6511 0.5429 0.8793
29.1419 12.5563 0.5360 0.8808
12.1744 6.8818 0.2362 0.9456
11.4117 7.0026 0.2262 0.9478
12.3065 8.1736 0.2496 0.9426
11.5294 8.2686 0.2397 0.9448
32.3031 24.9697 0.6897 0.8493
33.2392 29.7358 0.7534 0.8366
19.2107 24.6746 0.5282 0.8824
6.3964 14.7042 0.2709 0.9379
0.8515 9.7260 0.1649 0.9617
0.1521 9.7856 0.1653 0.9616
-7.5907 31.6105 0.5491 0.8780
-19.1110 39.4620 0.7406 0.8391
-19.3625 33.6007 0.6551 0.8563
-19.5068 28.8491 0.5883 0.8699
-26.6677 23.6277 0.6018 0.8672
-39.2767 23.8429 0.7761 0.8321
-47.7448 10.8068 0.8269 0.8221
-47.1110 8.8996 0.8099 0.8255
-33.8999 -21.5830 0.6788 0.8515
-31.4445 -21.6433 0.6448 0.8584
-29.2488 -21.7188 0.6154 0.8644
-26.5104 -22.8094 0.5908 0.8694
-12.4358 -11.5014 0.2861 0.9345
-26.1252 -25.9625 0.6222 0.8630
-34.0435 -23.8505 -0.2340 0.8468
-27.2273 -22.1484 -0.1976 0.8690
-26.5243 -23.2067 -0.1984 0.8685
-25.7100 -25.9768 -0.2058 0.8640
-16.4066 -20.5997 -0.1483 0.9000
-15.2606 -20.6391 -0.1445 0.9024
-11.0188 -18.8485 -0.1229 0.9164
-10.1456 -18.8786 -0.1207 0.9178
-10.1256 -20.5796 -0.1291 0.9123
-9.2056 -22.6871 -0.1378 0.9067
-5.6283 -22.8101 -0.1323 0.9103
-3.0925 -22.8973 -0.1301 0.9117
-2.2623 -22.9258 -0.1297 0.9120
-1.4256 -22.7895 -0.1286 0.9127
0.2141 -23.0109 -0.1296 0.9121
1.0344 -22.8741 -0.1289 0.9125
1.5668 -19.2812 -0.1089 0.9255
3.5628 -23.1261 -0.1317 0.9106
5.2977 -23.1857 -0.1339 0.9093
6.1890 -23.2163 -0.1353 0.9084
6.9718 -22.8280 -0.1344 0.9089
7.2510 -21.0119 -0.1251 0.9149
7.5152 -19.4806 -0.1176 0.9199
8.3421 -19.5091 -0.1195 0.9186
10.1158 -21.4895 -0.1337 0.9094
11.0918 -21.5231 -0.1363 0.9077
7.4978 -12.2947 -0.0811 0.9440
15.4530 -21.6730 -0.1499 0.8990
17.2094 -22.3910 -0.1590 0.8932
21.7785 -26.3242 -0.1924 0.8723
23.2078 -22.5920 -0.1824 0.8785
27.2094 -24.6489 -0.2067 0.8634
29.3407 -24.7222 -0.2160 0.8577
40.1452 -0.7348 -0.2261 0.8516
22.2788 7.0063 -0.1315 0.9108
30.0517 13.1456 -0.1847 0.8770
30.5512 16.0661 -0.1943 0.8710
11.4742 8.3254 -0.0798 0.9449
33.0718 29.9166 -0.2511 0.8366
21.0527 25.4097 -0.1858 0.8763
0.4395 9.5663 -0.0539 0.9624
-19.3293 33.1187 -0.2159 0.8578
-19.1620 30.2813 -0.2017 0.8665
-19.7780 26.7890 -0.1875 0.8753
-21.4878 23.3622 -0.1787 0.8808
-23.3501 23.6264 -0.1870 0.8756
-24.7181 23.2774 -0.1912 0.8730
-27.0163 23.6714 -0.2022 0.8662
-31.4888 23.8252 -0.2223 0.8539
-39.6857 23.7921 -0.2605 0.8310
-45.8570 11.8537 -0.2667 0.8274
-28.3842 -11.7681 -0.1730 0.8843
-25.0705 -11.4650 -0.1552 0.8956
-22.6825 -14.6179 -0.1519 0.8977
-34.2350 -23.8439 -0.2349 0.8463
-26.5197 -23.0737 -0.1979 0.8688
-20.7213 -22.3721 -0.1717 0.8852
-17.7112 -20.5549 -0.1528 0.8971
-16.4973 -20.5966 -0.1486 0.8998
-15.3467 -20.6362 -0.1448 0.9022
-13.2063 -20.7097 -0.1383 0.9064
-10.2117 -18.8763 -0.1208 0.9177
-10.1203 -20.4263 -0.1283 0.9128
-10.0431 -22.2430 -0.1374 0.9070
-9.2777 -22.6846 -0.1380 0.9066
-7.3953 -22.5842 -0.1338 0.9093
-5.6946 -22.8078 -0.1324 0.9103
-4.0444 -19.0883 -0.1099 0.9249
-3.9802 -22.7907 -0.1303 0.9116
-3.1567 -22.8951 -0.1301 0.9117
-2.3260 -22.9236 -0.1297 0.9120
-1.4886 -22.7873 -0.1286 0.9127
1.5130 -19.2793 -0.1089 0.9256
2.6491 -23.0946 -0.1309 0.9112
3.4971 -23.1238 -0.1317 0.9107
6.1197 -23.2140 -0.1352 0.9084
6.9022 -22.8256 -0.1343 0.9090
7.4526 -19.4785 -0.1174 0.9200
8.2775 -19.5069 -0.1193 0.9187
11.0153 -21.5204 -0.1361 0.9078
12.0281 -21.5552 -0.1390 0.9060
14.1944 -21.6297 -0.1457 0.9017
17.1085 -22.3875 -0.1586 0.8934
22.9949 -24.1843 -0.1879 0.8750
23.0752 -22.5875 -0.1818 0.8788
27.0528 -24.6436 -0.2060 0.8638
27.5331 -21.6814 -0.1973 0.8692
40.1457 -0.8458 -0.2261 0.8516
46.6338 7.4480 -0.2659 0.8279
23.3577 4.5955 -0.1340 0.9092
30.2719 11.8705 -0.1831 0.8780
29.7342 14.1978 -0.1855 0.8765
30.5411 15.9532 -0.1940 0.8712
13.1515 8.1203 -0.0870 0.9400
11.1534 7.4522 -0.0754 0.9478
21.8238 24.3596 -0.1841 0.8774
13.0665 30.2658 -0.1856 0.8765
0.8220 9.6980 -0.0548 0.9618
-7.6876 31.6289 -0.1833 0.8779
-19.1669 39.3002 -0.2462 0.8395
-19.2746 36.1666 -0.2307 0.8488
-19.3224 33.3180 -0.2168 0.8572
-19.5126 28.6866 -0.1953 0.8704
-19.7729 26.9374 -0.1881 0.8749
-21.3651 23.3580 -0.1782 0.8811
-23.2169 23.6218 -0.1865 0.8759
-26.8601 23.6660 -0.2016 0.8666
-28.9758 23.7387 -0.2109 0.8608
-31.3002 23.8187 -0.2214 0.8544
-33.8729 23.9071 -0.2334 0.8472
-39.4232 23.7831 -0.2592 0.8318
-43.6551 24.2435 -0.2811 0.8189
-20.0860 10.2295 -0.1269 0.9138
-25.1463 -11.4158 -0.1555 0.8954
-38.3829 -20.8657 -0.2460 0.8397
-38.5194 -24.6738 -0.2575 0.8328
-26.5152 -22.9413 -0.1974 0.8691
-17.8075 -20.5516 -0.1531 0.8969
-16.5883 -20.5935 -0.1489 0.8996
-14.3344 -20.6710 -0.1416 0.9043
-10.1151 -20.2748 -0.1276 0.9134
-8.4229 -22.7140 -0.1364 0.9076
-7.5177 -22.7451 -0.1349 0.9086
-5.7610 -22.8055 -0.1324 0.9102
-4.0991 -19.0864 -0.1099 0.9249
-3.2208 -22.8929 -0.1302 0.9117
-2.3898 -22.9214 -0.1297 0.9119
-0.7381 -22.9782 -0.1294 0.9121
0.9142 -23.0350 -0.1298 0.9119
1.4593 -19.2775 -0.1088 0.9256
4.2591 -22.9849 -0.1316 0.9107
8.2131 -19.5046 -0.1192 0.9188
10.9391 -21.5178 -0.1359 0.9080
14.1071 -21.6267 -0.1454 0.9019
15.2686 -21.6666 -0.1492 0.8994
21.5276 -26.3156 -0.1914 0.8728
22.8264 -25.9450 -0.1945 0.8709
26.8973 -24.6382 -0.2054 0.8642
47.9204 5.7648 -0.2717 0.8244
46.6543 7.3191 -0.2659 0.8279
22.1474 6.8308 -0.1305 0.9115
32.2976 11.2454 -0.1925 0.8721
29.8722 12.8709 -0.1831 0.8780
29.7756 14.1166 -0.1855 0.8765
30.5310 15.8407 -0.1937 0.8715
13.2196 8.1120 -0.0873 0.9398
33.2213 29.7197 -0.2510 0.8367
21.9515 24.3664 -0.1846 0.8771
19.2012 24.6624 -0.1760 0.8825
6.3963 14.7040 -0.0903 0.9379
0.8501 9.7108 -0.0549 0.9618
-7.5769 31.5530 -0.1827 0.8783
-19.2946 43.7796 -0.2694 0.8258
-19.1579 39.5590 -0.2475 0.8388
-19.3628 33.6012 -0.2183 0.8563
-19.4302 31.0839 -0.2064 0.8636
-19.5070 28.8494 -0.1961 0.8700
-19.7148 23.3012 -0.1718 0.8851
-26.7050 23.6607 -0.2009 0.8670
-28.8059 23.7329 -0.2101 0.8613
-31.1131 23.8122 -0.2206 0.8549
-37.8964 24.9085 -0.2553 0.8341
-39.3092 23.8625 -0.2589 0.8320
-28.3778 -11.5821 -0.1726 0.8846
-27.1309 -12.2264 -0.1675 0.8878
-32.2046 -23.9137 -0.2258 0.8518
-26.1252 -25.9625 -0.2074 0.8630
-24.3712 -26.0229 -0.2007 0.8671
-19.2161 -14.5177 -0.6781 0.9081
-17.8431 -14.5147 -0.6477 0.9121
-16.7859 -14.6863 -0.6280 0.9146
-15.5919 -14.6621 -0.6027 0.9179
-13.5402 -14.7001 -0.5628 0.9231
-11.7687 -14.7765 -0.5319 0.9272
-5.5404 -15.1980 -0.4555 0.9373
-2.6000 -15.1341 -0.4324 0.9404
-1.5170 -15.3734 -0.4350 0.9401
-0.9549 -15.2655 -0.4307 0.9406
0.1424 -15.3037 -0.4309 0.9406
1.2590 -15.4941 -0.4377 0.9397
2.3724 -15.3995 -0.4387 0.9396
3.5343 -15.4681 -0.4468 0.9385
4.1054 -15.4004 -0.4488 0.9382
4.6777 -15.3165 -0.4509 0.9379
5.3928 -15.6272 -0.4655 0.9360
5.9544 -15.4347 -0.4658 0.9359
6.6431 -15.5358 -0.4758 0.9346
8.0274 -15.5768 -0.4934 0.9323
10.2810 -15.5725 -0.5254 0.9280
15.3452 -21.5219 -0.7443 0.8996
15.9940 -20.8096 -0.7390 0.9003
18.7391 -16.9758 -0.7120 0.9038
24.4483 -19.1430 -0.8743 0.8832
35.1529 -25.5445 -1.2236 0.8404
40.1603 -0.7351 -1.1310 0.8515
45.1911 0.7948 -1.2727 0.8345
48.5541 6.1134 -1.3780 0.8222
46.9890 7.6379 -1.3405 0.8265
23.3992 4.6708 -0.6719 0.9089
22.2189 6.9875 -0.6558 0.9110
29.3205 12.8258 -0.9011 0.8798
14.4271 7.5868 -0.4590 0.9369
38.8384 22.2384 -1.2602 0.8360
33.0820 29.9258 -1.2561 0.8365
22.1159 24.8232 -0.9361 0.8754
9.9917 37.3732 -1.0893 0.8566
0.7928 9.6704 -0.2732 0.9619
-18.0088 44.4740 -1.3511 0.8253
-19.1759 39.0447 -1.2249 0.8402
-19.1500 32.8116 -1.0697 0.8590
-19.6497 24.7080 -0.8889 0.8813
-19.9435 23.3091 -0.8638 0.8845
-26.9786 23.6383 -1.0100 0.8663
-29.1085 23.7134 -1.0572 0.8605
-34.0826 23.9144 -1.1724 0.8465
-45.8412 11.8497 -1.3332 0.8274
-46.8009 10.3217 -1.3495 0.8255
-28.4371 -11.7900 -0.8668 0.8841
-25.0707 -11.4651 -0.7763 0.8956
-28.1336 -14.1075 -0.8862 0.8817
-22.2773 -14.3568 -0.7463 0.8994
-19.1531 -14.3871 -0.6745 0.9086
-15.6704 -14.6545 -0.6041 0.9177
-11.8076 -14.7416 -0.5318 0.9272
-10.1796 -14.7665 -0.5050 0.9307
-9.5652 -14.9999 -0.5009 0.9313
-8.0139 -14.8136 -0.4742 0.9348
-3.2133 -15.1659 -0.4365 0.9399
-2.1234 -15.4009 -0.4378 0.9397
-1.0053 -15.3880 -0.4342 0.9402
0.1006 -15.3814 -0.4331 0.9403
0.6586 -15.5128 -0.4372 0.9398
1.1992 -15.2814 -0.4316 0.9405
4.0880 -15.5072 -0.4516 0.9378
5.2091 -15.2311 -0.4533 0.9376
5.9213 -15.4762 -0.4666 0.9358
6.5273 -15.3824 -0.4705 0.9353
7.9060 -15.4457 -0.4886 0.9329
8.6846 -15.5633 -0.5018 0.9312
7.4756 -12.3347 -0.4061 0.9439
15.2439 -21.5052 -0.7422 0.8999
15.8374 -20.7242 -0.7344 0.9009
16.3524 -19.8771 -0.7248 0.9021
16.8596 -19.0566 -0.7164 0.9032
17.6171 -18.5284 -0.7199 0.9028
18.0208 -17.6398 -0.7101 0.9040
18.7174 -17.0505 -0.7129 0.9036
24.4044 -19.2176 -0.8747 0.8831
32.8253 -23.9920 -1.1449 0.8498
23.3550 4.5950 -0.6702 0.9091
22.1058 6.8848 -0.6519 0.9115
14.2808 6.8190 -0.4456 0.9386
14.4204 7.5325 -0.4581 0.9370
38.9080 22.1357 -1.2605 0.8360
13.1515 8.1203 -0.4352 0.9400
33.1380 29.8105 -1.2551 0.8366
22.1227 24.6932 -0.9335 0.8758
20.2260 24.2752 -0.8898 0.8812
19.5837 25.2975 -0.9009 0.8798
13.0677 30.2685 -0.9283 0.8764
10.1013 37.3692 -1.0900 0.8565
0.8208 9.6830 -0.2736 0.9619
-18.2416 41.0824 -1.2657 0.8354
-19.5129 28.6869 -0.9769 0.8704
-19.8289 23.3051 -0.8616 0.8848
-21.3651 23.3580 -0.8913 0.8810
-24.5765 23.2725 -0.9530 0.8733
-28.9377 23.7075 -1.0534 0.8610
-33.8729 23.9071 -1.1674 0.8471
-38.0364 24.8503 -1.2793 0.8338
-38.5476 23.2548 -1.2676 0.8351
-43.6551 24.2435 -1.4061 0.8189
-20.0806 10.2267 -0.6345 0.9138
-46.6748 10.4291 -1.3467 0.8258
-28.3018 -14.0942 -0.8903 0.8812
-24.0187 -14.1965 -0.7856 0.8944
-20.8959 -14.4679 -0.7157 0.9033
-16.9199 -14.6393 -0.6300 0.9144
-14.5158 -14.5053 -0.5778 0.9212
-13.7483 -14.7615 -0.5680 0.9225
-12.8992 -14.8869 -0.5547 0.9242
-11.7784 -14.6222 -0.5287 0.9276
-10.2308 -14.7533 -0.5055 0.9307
-9.5650 -14.9086 -0.4988 0.9316
-8.8085 -14.8783 -0.4869 0.9332
-6.7855 -14.9182 -0.4615 0.9365
-6.1998 -15.0404 -0.4581 0.9370
-4.3701 -15.0093 -0.4402 0.9394
-2.7297 -15.3795 -0.4398 0.9394
-2.1676 -15.4065 -0.4381 0.9396
-1.6028 -15.3725 -0.4352 0.9400
-1.0493 -15.4080 -0.4349 0.9401
-0.4979 -15.5015 -0.4367 0.9398
0.6132 -15.4500 -0.4354 0.9400
1.1568 -15.2824 -0.4316 0.9405
3.4524 -15.5036 -0.4472 0.9384
4.0840 -15.6672 -0.4559 0.9373
4.6365 -15.4870 -0.4552 0.9374
7.2776 -15.6844 -0.4869 0.9331
9.2730 -15.3961 -0.5061 0.9306
10.2234 -15.6729 -0.5269 0.9279
16.2760 -19.8960 -0.7238 0.9023
18.4899 -16.9370 -0.7060 0.9045
20.7550 -17.6850 -0.7678 0.8966
48.5584 5.8416 -1.3772 0.8222
34.2829 11.9366 -1.0222 0.8648
30.0436 11.6853 -0.9077 0.8790
14.3323 6.7950 -0.4466 0.9385
13.2196 8.1120 -0.4367 0.9398
12.3414 8.1968 -0.4172 0.9424
2.8225 8.0163 -0.2393 0.9666
0.8488 9.6957 -0.2741 0.9618
-7.5632 31.4957 -0.9121 0.8784
-19.3630 33.6016 -1.0920 0.8563
-19.7148 23.3012 -0.8595 0.8850
-28.7679 23.7017 -1.0496 0.8614
-33.5909 23.8474 -1.1599 0.8480
-38.4839 23.3616 -1.2677 0.8351
-28.4307 -11.6037 -0.8647 0.8844
-27.1309 -12.2264 -0.8379 0.8877
-28.5380 -14.1136 -0.8965 0.8804
-26.1860 -14.1417 -0.8380 0.8877
-22.4112 -14.2685 -0.7481 0.8991
-19.5081 -14.4858 -0.6842 0.9073
-18.0745 -14.4558 -0.6517 0.9115
-16.8741 -14.5183 -0.6268 0.9148
-14.7028 -14.6112 -0.5837 0.9204
-13.7463 -14.6779 -0.5662 0.9227
-22.1644 -14.3708 -1.3396 0.8996
-20.4196 -14.3057 -1.2644 0.9050
-17.7247 -14.4184 -1.1587 0.9126
-14.3517 -14.5007 -1.0347 0.9215
-13.4473 -14.5993 -1.0066 0.9236
-12.5068 -14.5962 -0.9748 0.9259
-10.8226 -14.6370 -0.9232 0.9297
-10.0817 -14.7113 -0.9044 0.9311
-7.9830 -14.8545 -0.8552 0.9347
-6.0589 -14.9320 -0.8172 0.9375
-5.4906 -15.0612 -0.8130 0.9378
-3.1417 -15.0329 -0.7789 0.9403
-2.5966 -15.1141 -0.7777 0.9404
-2.0362 -15.0758 -0.7715 0.9409
-1.4733 -14.9303 -0.7609 0.9417
-0.4040 -15.1940 -0.7708 0.9409
0.1407 -15.1217 -0.7669 0.9412
1.7841 -15.1827 -0.7753 0.9406
2.9277 -15.3268 -0.7913 0.9394
4.0918 -15.3493 -0.8056 0.9384
5.9549 -15.4362 -0.8391 0.9359
7.2773 -15.4595 -0.8665 0.9339
7.9177 -15.3638 -0.8765 0.9331
15.0993 -19.6457 -1.2566 0.9055
16.9101 -19.0076 -1.2902 0.9031
17.6090 -18.4177 -1.2923 0.9030
27.3001 -18.3785 -1.6690 0.8765
44.6824 -21.5268 -2.5153 0.8198
45.4301 -19.9115 -2.5155 0.8198
46.1191 -18.2702 -2.5157 0.8198
46.7485 -16.6049 -2.5159 0.8198
47.8251 -13.2113 -2.5162 0.8198
48.2709 -11.4874 -2.5164 0.8198
48.6542 -9.7484 -2.5165 0.8198
47.1369 -7.6967 -2.4222 0.8259
46.2361 -5.8552 -2.3636 0.8297
46.4174 -4.1926 -2.3636 0.8297
40.9685 -2.2223 -2.0808 0.8485
42.3588 2.2672 -2.1513 0.8438
38.1168 4.7992 -1.9483 0.8574
31.7785 7.5385 -1.6563 0.8774
22.1593 6.9688 -1.1781 0.9112
23.6546 10.3473 -1.3094 0.9018
14.4269 7.5867 -0.8267 0.9368
13.0839 8.1285 -0.7812 0.9402
26.5623 22.3486 -1.7605 0.8702
24.8015 22.4353 -1.6961 0.8746
16.5081 19.9246 -1.3122 0.9016
16.5852 23.2257 -1.4474 0.8920
20.8320 37.0291 -2.1547 0.8435
17.5179 37.1448 -2.0828 0.8483
5.8130 37.5535 -1.9272 0.8588
0.7915 9.6554 -0.4913 0.9619
0.4383 9.5407 -0.4844 0.9625
-0.8026 31.0200 -1.5737 0.8831
-3.7112 37.8860 -1.9306 0.8586
-5.0958 37.9344 -1.9411 0.8579
-6.4974 37.9833 -1.9543 0.8570
-10.8456 38.1351 -2.0107 0.8532
-15.1600 46.8467 -2.4971 0.8210
-17.7940 43.9435 -2.4043 0.8271
-18.9424 38.5693 -2.1792 0.8419
-15.3767 28.6615 -1.6495 0.8779
-19.1409 32.7959 -1.9258 0.8589
-19.1625 30.2820 -1.8174 0.8663
-19.3082 28.2180 -1.7340 0.8720
-18.9458 25.6617 -1.6177 0.8801
-19.4380 24.4418 -1.5837 0.8824
-19.7486 23.0813 -1.5405 0.8854
-21.2778 23.1339 -1.5940 0.8817
-22.9192 23.1904 -1.6535 0.8776
-26.7192 23.4110 -1.8016 0.8674
-28.8262 23.4835 -1.8856 0.8616
-38.5126 23.0888 -2.2772 0.8354
-41.1784 22.7195 -2.3851 0.8283
-42.3481 19.5447 -2.3653 0.8296
-42.8408 17.9367 -2.3554 0.8303
-43.2724 16.3186 -2.3454 0.8309
-43.6554 14.6966 -2.3360 0.8315
-42.8271 11.0705 -2.2433 0.8376
-48.7404 5.3538 -2.4867 0.8217
-48.9975 1.8446 -2.4866 0.8217
-48.5430 -6.9305 -2.4868 0.8217
-47.5234 -12.1082 -2.4871 0.8217
-28.4373 -11.7901 -1.5612 0.8840
-28.0357 -14.0584 -1.5905 0.8820
-25.8228 -14.1304 -1.4928 0.8888
-23.8715 -14.1986 -1.4086 0.8947
-22.2573 -14.3439 -1.3429 0.8994
-17.8073 -14.4040 -1.1615 0.9123
-15.5108 -14.5053 -1.0770 0.9185
-12.5890 -14.6102 -0.9781 0.9257
-11.7553 -14.6764 -0.9536 0.9275
-10.9855 -14.7717 -0.9336 0.9289
-10.1164 -14.6748 -0.9039 0.9311
-9.4579 -14.8316 -0.8921 0.9320
-8.6917 -14.7740 -0.8693 0.9337
-8.0524 -14.8848 -0.8583 0.9345
-7.3762 -14.8877 -0.8426 0.9356
-4.9138 -15.0060 -0.8008 0.9387
-4.3192 -14.9886 -0.7911 0.9394
-3.7915 -15.1856 -0.7938 0.9392
-3.1838 -15.0270 -0.7790 0.9403
-2.0724 -15.0313 -0.7695 0.9410
-0.4425 -15.0741 -0.7648 0.9414
0.6465 -15.2289 -0.7730 0.9408
2.8895 -15.3566 -0.7925 0.9393
4.6026 -15.2209 -0.8064 0.9383
5.2280 -15.2863 -0.8193 0.9373
5.8354 -15.2517 -0.8282 0.9367
6.4552 -15.2124 -0.8381 0.9360
8.6451 -15.4925 -0.8997 0.9314
7.4743 -12.3326 -0.7313 0.9439
14.3686 -20.2704 -1.2601 0.9053
16.4549 -20.0017 -1.3135 0.9015
20.7852 -17.6119 -1.3816 0.8966
24.2751 -19.1158 -1.5670 0.8836
34.5223 -25.2323 -2.1686 0.8426
42.0246 -26.3114 -2.5145 0.8199
42.9462 -24.7893 -2.5148 0.8199
44.6225 -21.6500 -2.5153 0.8198
46.0683 -18.3974 -2.5157 0.8198
47.2757 -15.0484 -2.5161 0.8198
47.7883 -13.3433 -2.5162 0.8198
47.3687 -7.8689 -2.4352 0.8250
46.2196 -5.9829 -2.3635 0.8297
46.4054 -4.3208 -2.3636 0.8297
39.1905 -0.8257 -1.9880 0.8547
40.0518 0.5937 -2.0314 0.8518
40.4824 3.5146 -2.0608 0.8498
36.1532 5.7741 -1.8567 0.8636
23.3524 4.5945 -1.2070 0.9091
22.0733 6.8747 -1.1725 0.9116
27.2287 9.5649 -1.4636 0.8908
14.4203 7.5325 -0.8251 0.9369
39.0292 22.2047 -2.2772 0.8354
11.1533 7.4521 -0.6803 0.9477
11.1494 8.0427 -0.6972 0.9464
16.7353 17.3824 -1.2237 0.9079
16.5230 19.8308 -1.3090 0.9018
19.8592 29.8540 -1.8184 0.8662
19.2744 37.0835 -2.1195 0.8459
17.6414 37.1405 -2.0852 0.8482
13.0508 37.3957 -2.0087 0.8533
11.5502 37.3532 -1.9828 0.8551
7.2989 37.5016 -1.9375 0.8581
5.9187 37.5498 -1.9278 0.8588
4.5506 37.5976 -1.9206 0.8593
0.8195 9.6680 -0.4921 0.9619
0.4639 9.5225 -0.4835 0.9625
0.1248 9.7646 -0.4952 0.9616
-0.7168 31.0170 -1.5734 0.8831
-6.3888 37.9795 -1.9532 0.8571
-7.8216 38.0870 -1.9719 0.8558
-16.6999 46.3101 -2.4966 0.8211
-18.2060 41.0023 -2.2752 0.8355
-19.4334 24.5751 -1.5889 0.8821
-22.7885 23.1858 -1.6487 0.8779
-24.5489 23.2464 -1.7146 0.8734
-26.5647 23.4057 -1.7955 0.8678
-30.9559 23.5567 -1.9728 0.8557
-41.1284 22.8403 -2.3858 0.8283
-20.0752 10.2240 -1.1425 0.9137
-42.3074 19.6679 -2.3661 0.8296
-43.2413 16.4434 -2.3462 0.8309
-43.6148 14.8172 -2.3361 0.8315
-46.7666 8.7008 -2.4124 0.8265
-48.4985 7.2334 -2.4868 0.8217
-48.7256 5.4884 -2.4867 0.8217
-48.8902 3.7365 -2.4867 0.8217
-49.0316 0.2208 -2.4866 0.8217
-49.0081 -1.5387 -2.4866 0.8217
-48.7731 -5.0495 -2.4867 0.8217
-48.5619 -6.7964 -2.4868 0.8217
-48.2884 -8.5347 -2.4869 0.8217
-47.9530 -10.2623 -2.4870 0.8217
-46.0030 -17.0211 -2.4876 0.8216
-25.0905 -11.3904 -1.3974 0.8955
-23.8920 -14.1216 -1.4075 0.8948
-19.2411 -14.3703 -1.2179 0.9083
-17.9337 -14.4245 -1.1672 0.9119
-16.7682 -14.5081 -1.1245 0.9150
-11.8918 -14.7630 -0.9614 0.9269
-11.0213 -14.7348 -0.9332 0.9290
-10.2678 -14.8067 -0.9138 0.9304
-8.0725 -14.8239 -0.8560 0.9346
-5.5134 -14.8681 -0.8042 0.9385
-4.9755 -15.0536 -0.8041 0.9385
-4.3561 -14.9610 -0.7902 0.9395
-2.1176 -15.0512 -0.7708 0.9409
-1.0249 -15.0499 -0.7650 0.9414
0.0571 -15.1151 -0.7666 0.9413
1.1374 -15.0260 -0.7642 0.9414
2.8460 -15.3592 -0.7922 0.9394
4.6523 -15.5398 -0.8226 0.9371
11.0171 -15.6337 -0.9699 0.9263
17.9936 -17.7108 -1.2804 0.9038
18.5044 -16.9503 -1.2726 0.9044
24.1470 -19.1233 -1.5621 0.8839
32.7570 -24.0812 -2.0618 0.8497
41.9513 -26.4272 -2.5145 0.8199
43.7481 -23.3556 -2.5150 0.8199
44.5621 -21.7730 -2.5153 0.8198
45.3188 -20.1619 -2.5155 0.8198
46.0168 -18.5244 -2.5157 0.8198
46.6555 -16.8627 -2.5159 0.8198
47.7509 -13.4752 -2.5162 0.8198
48.2063 -11.7538 -2.5164 0.8198
46.2027 -6.1105 -2.3635 0.8297
46.3933 -4.4490 -2.3636 0.8297
46.5239 -2.7815 -2.3636 0.8297
39.9841 0.4822 -2.0279 0.8520
43.0211 2.0644 -2.1843 0.8416
38.7811 4.6654 -1.9809 0.8552
36.3983 5.7102 -1.8685 0.8628
31.9562 7.3944 -1.6635 0.8769
30.3751 8.1871 -1.5954 0.8816
14.3322 6.7950 -0.8044 0.9384
14.4137 7.4784 -0.8235 0.9370
38.9377 22.0105 -2.2683 0.8360
13.2196 8.1120 -0.7866 0.9398
23.4342 22.5292 -1.6486 0.8779
16.5731 19.7795 -1.3087 0.9018
16.7354 23.1643 -1.4493 0.8919
19.4024 37.0790 -2.1223 0.8457
6.3962 14.7037 -0.8132 0.9378
7.4057 37.4979 -1.9384 0.8581
6.0245 37.5461 -1.9285 0.8587
4.6500 37.5488 -1.9188 0.8594
-14.9013 46.9311 -2.4972 0.8210
-16.5722 46.3568 -2.4967 0.8210
-17.5631 44.0716 -2.4060 0.8269
-18.0685 40.9975 -2.2721 0.8357
-18.9250 39.0779 -2.2020 0.8404
-19.1272 33.1924 -1.9428 0.8578
-18.7752 25.7269 -1.6152 0.8802
-19.4288 24.7093 -1.5941 0.8817
-21.0355 23.1256 -1.5854 0.8823
-26.4113 23.4004 -1.7895 0.8682
-42.2667 19.7911 -2.3669 0.8295
-42.7688 18.1850 -2.3569 0.8302
-43.5898 14.9432 -2.3369 0.8315
-43.4387 9.8321 -2.2587 0.8366
-48.7103 5.6230 -2.4867 0.8217
-48.9866 2.1152 -2.4866 0.8217
-49.0121 -1.4032 -2.4866 0.8217
-48.9308 -3.1610 -2.4867 0.8217
-48.7868 -4.9147 -2.4867 0.8217
-48.5803 -6.6621 -2.4868 0.8217
-48.3116 -8.4013 -2.4869 0.8217
-47.9811 -10.1297 -2.4870 0.8217
-46.6227 -15.2295 -2.4874 0.8217
-46.0495 -16.8939 -2.4876 0.8216
-28.4309 -11.6038 -1.5573 0.8843
-27.1309 -12.2264 -1.5092 0.8876
-26.0940 -14.0920 -1.5040 0.8880
-24.2584 -14.2478 -1.4267 0.8934
-19.2860 -14.3209 -1.2182 0.9083
-17.9875 -14.3862 -1.1681 0.9119
-14.7802 -14.6881 -1.0568 0.9199
-13.7135 -14.6429 -1.0174 0.9228
-23.0528 -13.7980 -1.9699 0.8978
-21.3754 -13.8592 -1.8679 0.9029
-20.2049 -14.1553 -1.8089 0.9058
-19.0037 -14.3572 -1.7463 0.9089
-17.5792 -14.3001 -1.6616 0.9131
-16.4890 -14.4266 -1.6064 0.9159
-15.4838 -14.5604 -1.5584 0.9183
-14.3771 -14.5263 -1.4986 0.9213
-13.5135 -14.6712 -1.4625 0.9231
-10.9414 -14.7977 -1.3494 0.9288
-10.0839 -14.7146 -1.3079 0.9310
-9.3046 -14.6806 -1.2744 0.9327
-8.7097 -14.8986 -1.2654 0.9331
-7.2779 -14.7918 -1.2087 0.9360
-6.0332 -14.8688 -1.1765 0.9377
-5.4219 -14.8727 -1.1607 0.9385
-4.2385 -14.8627 -1.1332 0.9399
-3.6824 -14.9239 -1.1271 0.9402
-3.1107 -14.8846 -1.1149 0.9408
-1.4815 -15.0139 -1.1062 0.9413
-0.4034 -15.1712 -1.1128 0.9409
0.1421 -15.2752 -1.1201 0.9406
0.6863 -15.1763 -1.1139 0.9409
1.2239 -15.0621 -1.1080 0.9412
1.7912 -15.2433 -1.1254 0.9403
2.3466 -15.2317 -1.1300 0.9401
4.0767 -15.2927 -1.1605 0.9385
5.2645 -15.2554 -1.1833 0.9373
5.9479 -15.4180 -1.2117 0.9359
10.2026 -15.4538 -1.3578 0.9284
15.0013 -19.5181 -1.8050 0.9060
15.7369 -19.0216 -1.8101 0.9057
16.9326 -19.0329 -1.8679 0.9029
17.3995 -18.1985 -1.8461 0.9039
21.2218 -17.8813 -2.0348 0.8947
24.8484 -19.4563 -2.3140 0.8811
30.2979 -15.9606 -2.5109 0.8717
30.8531 -14.8642 -2.5111 0.8717
31.3685 -13.7484 -2.5112 0.8717
31.8434 -12.6148 -2.5114 0.8716
33.3265 -7.9309 -2.5118 0.8716
33.5906 -6.7303 -2.5119 0.8716
34.1214 -3.0820 -2.5120 0.8716
34.2105 -1.8557 -2.5121 0.8716
32.7670 0.5763 -2.4029 0.8768
31.9232 4.0194 -2.3592 0.8789
31.7577 5.1621 -2.3591 0.8789
30.3358 8.3566 -2.3071 0.8814
24.9239 9.8529 -1.9651 0.8981
23.3158 10.1991 -1.8660 0.9030
14.2869 6.8704 -1.1624 0.9384
14.4268 7.5867 -1.1952 0.9367
19.1421 10.9606 -1.6173 0.9153
16.2524 13.6742 -1.5573 0.9183
16.2199 15.7669 -1.6586 0.9133
16.1786 16.8973 -1.7153 0.9104
16.3275 19.7066 -1.8764 0.9025
14.4424 20.2249 -1.8222 0.9051
17.4174 28.5144 -2.4499 0.8746
15.3764 29.7846 -2.4577 0.8742
11.8848 30.7417 -2.4166 0.8762
10.9983 31.7965 -2.4669 0.8738
9.2311 30.1483 -2.3118 0.8812
8.6997 32.5407 -2.4698 0.8736
6.3496 33.1116 -2.4721 0.8735
5.1587 33.3262 -2.4726 0.8735
3.9603 33.4956 -2.4731 0.8735
0.7903 9.6404 -0.7092 0.9619
0.4377 9.5279 -0.6993 0.9625
-0.8719 33.7013 -2.4719 0.8735
-1.9654 31.7847 -2.3350 0.8801
-3.2835 33.5199 -2.4695 0.8736
-4.4813 33.3598 -2.4680 0.8737
-6.3471 30.4797 -2.2828 0.8826
-7.4994 30.4873 -2.3020 0.8817
-9.1735 32.2554 -2.4588 0.8742
-10.3124 31.8670 -2.4559 0.8743
-11.4340 31.4350 -2.4526 0.8745
-14.6795 29.8894 -2.4416 0.8750
-15.3210 28.5578 -2.3762 0.8781
-17.7099 27.9866 -2.4284 0.8756
-18.9728 25.6983 -2.3421 0.8798
-19.4382 24.4421 -2.2898 0.8823
-19.7486 23.0813 -2.2273 0.8853
-21.2778 23.1339 -2.3046 0.8816
-22.9192 23.1903 -2.3907 0.8774
-23.7408 22.3571 -2.3911 0.8774
-24.4667 21.4374 -2.3852 0.8777
-25.8076 19.5266 -2.3729 0.8783
-28.0272 15.4635 -2.3470 0.8795
-28.9832 13.3765 -2.3405 0.8798
-29.4427 12.3272 -2.3404 0.8798
-30.2478 10.1829 -2.3401 0.8798
-30.5924 9.0907 -2.3400 0.8799
-32.3436 8.3606 -2.4495 0.8746
-33.1821 7.3181 -2.4915 0.8726
-33.4224 6.1226 -2.4914 0.8726
-33.6197 4.9194 -2.4913 0.8726
-33.8850 2.4956 -2.4912 0.8726
-33.9525 1.2782 -2.4912 0.8726
-33.9763 0.0591 -2.4912 0.8726
-33.9567 -1.1600 -2.4912 0.8726
-33.7869 -3.5923 -2.4913 0.8726
-33.6369 -4.8024 -2.4913 0.8726
-33.4437 -6.0063 -2.4914 0.8726
-31.7601 -10.5692 -2.4543 0.8744
-29.9039 -11.1584 -2.3403 0.8798
-27.2133 -13.6461 -2.2321 0.8851
-25.0802 -13.7239 -2.0962 0.8917
-23.1896 -13.7930 -1.9783 0.8974
-21.4983 -13.8547 -1.8753 0.9025
-20.2438 -14.0993 -1.8088 0.9058
-17.7582 -14.3643 -1.6747 0.9125
-16.6992 -14.5292 -1.6230 0.9150
-14.5689 -14.6390 -1.5143 0.9205
-13.6052 -14.6890 -1.4680 0.9228
-12.6879 -14.7251 -1.4252 0.9250
-11.7667 -14.6905 -1.3801 0.9273
-9.4103 -14.7570 -1.2833 0.9322
-7.3268 -14.7879 -1.2101 0.9360
-6.0725 -14.8479 -1.1762 0.9377
-5.5094 -14.9841 -1.1706 0.9380
-4.2743 -14.8326 -1.1318 0.9400
-3.7265 -14.9254 -1.1280 0.9402
-3.1481 -14.8582 -1.1136 0.9409
-2.6194 -14.9986 -1.1164 0.9408
-2.1093 -15.2983 -1.1323 0.9399
-0.4442 -15.1296 -1.1098 0.9411
0.1004 -15.3494 -1.1255 0.9403
0.6433 -15.1527 -1.1120 0.9410
1.1819 -15.0606 -1.1077 0.9412
2.3073 -15.2567 -1.1314 0.9400
3.4806 -15.4295 -1.1598 0.9385
4.6242 -15.2922 -1.1714 0.9379
5.2265 -15.2820 -1.1842 0.9373
5.8200 -15.2115 -1.1942 0.9368
6.4731 -15.2545 -1.2150 0.9357
14.9976 -19.6253 -1.8110 0.9057
16.8962 -19.0979 -1.8697 0.9028
17.3639 -18.2620 -1.8477 0.9039
17.8213 -17.4446 -1.8285 0.9048
18.4045 -16.7654 -1.8254 0.9050
21.1290 -17.9032 -2.0306 0.8949
25.9567 -18.9718 -2.3574 0.8790
29.0143 -18.1657 -2.5100 0.8717
31.8083 -12.7027 -2.5114 0.8716
32.2453 -11.5538 -2.5115 0.8716
34.1127 -3.1762 -2.5120 0.8716
34.2532 -0.7216 -2.5121 0.8716
32.1348 1.6310 -2.3592 0.8789
32.0553 2.7829 -2.3592 0.8789
31.7719 5.0744 -2.3591 0.8789
30.4543 8.2988 -2.3144 0.8811
22.0430 6.8653 -1.6928 0.9116
23.3851 10.1525 -1.8693 0.9028
14.4202 7.5324 -1.1929 0.9368
19.3023 10.9816 -1.6283 0.9148
16.2143 12.6050 -1.5059 0.9209
16.2243 19.4724 -1.8584 0.9033
15.6236 20.1820 -1.8714 0.9027
14.5292 20.2279 -1.8261 0.9049
18.4840 27.7867 -2.4470 0.8747
17.4947 28.4638 -2.4497 0.8746
16.4787 29.1025 -2.4522 0.8745
11.0854 31.7640 -2.4668 0.8738
8.7892 32.5151 -2.4696 0.8736
6.4408 33.0930 -2.4720 0.8735
5.2506 33.3112 -2.4726 0.8735
0.4632 9.5097 -0.6981 0.9625
-0.7789 33.7046 -2.4720 0.8735
-3.1910 33.5304 -2.4696 0.8736
-4.3893 33.3738 -2.4681 0.8737
-7.4090 30.4825 -2.3001 0.8818
-8.6002 30.5603 -2.3278 0.8804
-12.4526 30.9984 -2.4494 0.8746
-14.5987 29.9335 -2.4419 0.8750
-17.6352 28.0396 -2.4287 0.8756
-18.5934 27.3352 -2.4240 0.8758
-19.4336 24.5754 -2.2972 0.8819
-19.6351 23.0774 -2.2217 0.8856
-21.1563 23.1297 -2.2984 0.8819
-25.7588 19.6018 -2.3734 0.8783
-26.3752 18.6153 -2.3670 0.8786
-26.9526 17.6090 -2.3606 0.8789
-27.4913 16.5848 -2.3541 0.8792
-28.9463 13.4566 -2.3405 0.8798
-29.8334 11.3448 -2.3403 0.8798
-31.9643 8.3569 -2.4225 0.8759
-33.1619 7.4097 -2.4915 0.8726
-33.7637 3.8031 -2.4913 0.8726
-33.9488 1.3720 -2.4912 0.8726
-33.9760 0.1530 -2.4912 0.8726
-33.8999 -2.2840 -2.4913 0.8726
-33.6499 -4.7095 -2.4913 0.8726
-32.9519 -8.2988 -2.4916 0.8726
-32.0264 -10.5596 -2.4726 0.8735
-29.9345 -11.0757 -2.3403 0.8798
-23.3275 -13.7880 -1.9869 0.8970
-21.6222 -13.8502 -1.8827 0.9021
-19.2537 -14.3797 -1.7620 0.9081
-17.8208 -14.3337 -1.6769 0.9124
-16.7170 -14.4637 -1.6208 0.9152
-14.6136 -14.6030 -1.5148 0.9205
-13.5867 -14.5880 -1.4617 0.9232
-12.6918 -14.6476 -1.4211 0.9252
-10.9685 -14.6641 -1.3427 0.9292
-8.7519 -14.7827 -1.2596 0.9334
-8.0632 -14.8068 -1.2362 0.9346
-7.3626 -14.7577 -1.2093 0.9360
-6.7771 -14.8996 -1.2002 0.9365
-5.5544 -14.9786 -1.1713 0.9379
-4.9626 -15.0147 -1.1595 0.9385
-4.3099 -14.8026 -1.1304 0.9400
-3.7734 -14.9375 -1.1297 0.9401
-3.1845 -14.8282 -1.1120 0.9410
-2.1150 -15.0331 -1.1131 0.9409
-1.5570 -14.9332 -1.1009 0.9416
2.8037 -15.1306 -1.1283 0.9401
3.3741 -15.1522 -1.1382 0.9396
3.9298 -15.0759 -1.1423 0.9394
4.6148 -15.4148 -1.1798 0.9375
5.7909 -15.2616 -1.1969 0.9366
6.4193 -15.2448 -1.2128 0.9358
7.1207 -15.3464 -1.2405 0.9344
7.8126 -15.3677 -1.2640 0.9332
8.5490 -15.4203 -1.2928 0.9317
10.0883 -15.4658 -1.3539 0.9286
14.9939 -19.7332 -1.8172 0.9054
17.3283 -18.3257 -1.8493 0.9038
18.3100 -16.7722 -1.8206 0.9052
24.2543 -19.2082 -2.2685 0.8833
25.9041 -19.0433 -2.3574 0.8790
26.5730 -18.1031 -2.3576 0.8790
28.9456 -18.2343 -2.5084 0.8718
30.7702 -15.0343 -2.5110 0.8717
32.2131 -11.6428 -2.5115 0.8716
32.6117 -10.4800 -2.5116 0.8716
33.2819 -8.1149 -2.5118 0.8716
34.1996 -2.0447 -2.5121 0.8716
33.1419 0.3997 -2.4302 0.8755
32.1392 1.5422 -2.3592 0.8789
32.0629 2.6944 -2.3592 0.8789
31.9450 3.8430 -2.3592 0.8789
31.7859 4.9866 -2.3591 0.8789
23.2765 4.5128 -1.7385 0.9093
31.3445 7.2529 -2.3590 0.8789
22.0565 6.8027 -1.6924 0.9116
25.2333 9.8145 -1.9852 0.8971
23.6602 10.1944 -1.8890 0.9018
14.4136 7.4783 -1.1906 0.9369
19.2825 10.9000 -1.6241 0.9150
13.2196 8.1119 -1.1372 0.9397
12.3413 8.1967 -1.0863 0.9423
16.0592 14.3666 -1.5799 0.9172
16.1683 15.5439 -1.6445 0.9140
16.3157 18.1105 -1.7873 0.9069
15.7116 20.1803 -1.8752 0.9025
16.5578 29.0547 -2.4520 0.8745
11.8847 30.2436 -2.3826 0.8778
2.8217 8.0140 -0.6230 0.9665
8.8785 32.4891 -2.4695 0.8736
7.7113 32.8046 -2.4709 0.8736
6.5320 33.0742 -2.4719 0.8735
5.3425 33.2961 -2.4726 0.8735
4.1452 33.4725 -2.4730 0.8735
0.1513 9.7322 -0.7137 0.9617
-0.6858 33.7075 -2.4720 0.8735
-1.8940 33.6476 -2.4710 0.8736
-3.0985 33.5405 -2.4697 0.8736
-5.4885 33.1872 -2.4664 0.8738
-7.3187 30.4776 -2.2982 0.8819
-10.1381 31.9296 -2.4563 0.8743
-12.3683 31.0361 -2.4497 0.8746
-14.5177 29.9775 -2.4422 0.8749
-16.5722 28.7586 -2.4337 0.8754
-17.5603 28.0924 -2.4291 0.8756
-19.5221 23.0735 -2.2161 0.8858
-21.0355 23.1256 -2.2922 0.8822
-22.6585 23.1814 -2.3768 0.8781
-23.6259 22.4964 -2.3920 0.8774
-26.9096 17.6871 -2.3611 0.8788
-27.4513 16.6643 -2.3546 0.8792
-20.0681 10.2903 -1.6536 0.9135
-28.9091 13.5365 -2.3405 0.8798
-29.3744 12.4898 -2.3404 0.8798
-33.3881 6.3072 -2.4914 0.8726
-33.9449 1.4657 -2.4912 0.8726
-33.9755 0.2469 -2.4912 0.8726
-33.8061 -3.4056 -2.4913 0.8726
-33.6628 -4.6164 -2.4913 0.8726
-33.4763 -5.8215 -2.4914 0.8726
-32.6602 -9.3859 -2.4916 0.8726
-32.2122 -10.5223 -2.4847 0.8729
-29.5527 -12.0617 -2.3404 0.8798
-19.2484 -14.2929 -1.7579 0.9083
-16.8059 -14.4596 -1.6256 0.9149
-14.6084 -14.5174 -1.5101 0.9207
-13.6643 -14.5903 -1.4657 0.9230
-19.8613 -13.9145 -2.3282 0.9071
-18.4844 -13.9648 -2.2241 0.9111
-14.9863 -14.0926 -1.9750 0.9207
-13.0459 -14.1634 -1.8487 0.9255
-10.9066 -14.7506 -1.7612 0.9289
-9.2929 -14.6622 -1.6666 0.9326
-6.6343 -14.8022 -1.5573 0.9369
-6.0625 -14.9410 -1.5480 0.9373
-4.2615 -14.9431 -1.4918 0.9395
-3.6994 -14.9927 -1.4825 0.9398
-2.0305 -15.0337 -1.4564 0.9409
-1.4729 -14.9263 -1.4400 0.9415
-0.9402 -15.0306 -1.4458 0.9413
-0.3999 -15.0398 -1.4444 0.9413
0.1404 -15.0871 -1.4485 0.9412
2.3430 -15.2083 -1.4773 0.9400
2.9099 -15.2336 -1.4889 0.9396
3.4723 -15.1967 -1.4966 0.9393
4.6982 -15.3836 -1.5442 0.9374
5.2223 -15.1329 -1.5369 0.9377
5.9017 -15.2983 -1.5742 0.9362
7.1781 -15.2487 -1.6180 0.9345
7.9273 -15.3824 -1.6614 0.9328
8.6391 -15.3818 -1.6937 0.9316
7.4945 -12.2892 -1.3819 0.9438
10.1682 -15.4017 -1.7718 0.9285
10.9959 -15.4220 -1.8184 0.9267
14.7885 -19.2412 -2.3298 0.9071
16.1633 -18.1682 -2.3346 0.9069
18.1795 -16.4688 -2.3550 0.9061
18.7601 -15.8071 -2.3552 0.9061
19.3166 -15.1249 -2.3553 0.9061
20.4891 -14.8888 -2.4316 0.9032
22.6661 -12.9999 -2.5086 0.9003
23.1192 -12.1790 -2.5087 0.9003
24.2975 -9.6255 -2.5091 0.9003
24.6282 -8.7479 -2.5092 0.9003
25.4280 -6.0513 -2.5094 0.9003
25.6294 -5.1352 -2.5095 0.9003
26.1359 -0.4784 -2.5096 0.9003
26.1363 0.4596 -2.5096 0.9003
26.0356 2.3328 -2.5096 0.9003
25.8575 3.2557 -2.5020 0.9006
24.2308 3.9387 -2.3568 0.9061
23.2310 4.6373 -2.2743 0.9092
21.5360 5.9325 -2.1446 0.9141
21.5837 7.6490 -2.1984 0.9121
22.8254 9.0233 -2.3564 0.9061
14.2868 6.8704 -1.5220 0.9383
14.4267 7.5866 -1.5649 0.9366
13.0839 8.1285 -1.4788 0.9400
11.1554 8.0941 -1.3232 0.9461
15.9751 14.4510 -2.0681 0.9171
15.5830 15.1477 -2.0864 0.9164
15.3111 17.1854 -2.2097 0.9117
14.5309 20.3487 -2.4005 0.9044
13.0576 21.3768 -2.4049 0.9042
12.2943 21.8531 -2.4072 0.9042
10.7139 22.7178 -2.4114 0.9040
9.8980 23.1018 -2.4129 0.9039
9.0679 23.4554 -2.4143 0.9039
7.3705 24.0716 -2.4169 0.9038
6.5052 24.3323 -2.4181 0.9037
5.6298 24.5582 -2.4189 0.9037
4.7462 24.7505 -2.4195 0.9037
3.8559 24.9100 -2.4200 0.9037
0.4372 9.5151 -0.9145 0.9624
0.0978 9.7569 -0.9368 0.9615
-0.6518 25.1932 -2.4195 0.9037
-1.5549 25.1457 -2.4187 0.9037
-2.4551 25.0637 -2.4178 0.9038
-3.3513 24.9480 -2.4166 0.9038
-4.2420 24.7981 -2.4153 0.9038
-8.5650 23.5471 -2.4055 0.9042
-9.3945 23.2005 -2.4030 0.9043
-10.2094 22.8226 -2.4003 0.9044
-11.0083 22.4143 -2.3974 0.9045
-11.7903 21.9767 -2.3943 0.9046
-13.2994 21.0168 -2.3878 0.9049
-15.4094 19.3762 -2.3768 0.9053
-16.0679 18.7795 -2.3728 0.9055
-17.3122 17.5170 -2.3644 0.9058
-17.8968 16.8537 -2.3601 0.9059
-18.4552 16.1703 -2.3557 0.9061
-18.9869 15.4678 -2.3511 0.9063
-20.4690 13.2925 -2.3431 0.9066
-16.9680 8.5826 -1.8255 0.9264
-24.9015 7.3996 -2.4940 0.9009
-25.1502 6.5012 -2.4939 0.9009
-25.7015 3.7607 -2.4937 0.9009
-25.8195 2.8361 -2.4937 0.9009
-25.9593 -0.8868 -2.4937 0.9009
-25.9110 -1.8177 -2.4937 0.9009
-25.1728 -6.4137 -2.4939 0.9009
-24.9273 -7.3130 -2.4940 0.9009
-24.6497 -8.2030 -2.4941 0.9009
-24.3405 -9.0825 -2.4942 0.9009
-23.9999 -9.9504 -2.4943 0.9009
-23.5185 -10.7553 -2.4828 0.9013
-21.8136 -10.9384 -2.3428 0.9066
-19.9727 -13.9105 -2.3367 0.9068
-18.5860 -13.9611 -2.2317 0.9108
-16.1486 -14.0501 -2.0550 0.9176
-11.8016 -14.7341 -1.8124 0.9269
-10.8998 -14.6565 -1.7536 0.9292
-10.1314 -14.6966 -1.7137 0.9308
-8.7138 -14.8114 -1.6498 0.9333
-7.9720 -14.7362 -1.6085 0.9349
-7.3535 -14.8419 -1.5902 0.9356
-5.4567 -14.8407 -1.5180 0.9384
-4.8921 -14.9398 -1.5092 0.9388
-4.2845 -14.8679 -1.4855 0.9397
-3.7255 -14.9212 -1.4765 0.9401
-0.9826 -15.0413 -1.4471 0.9412
0.0989 -15.1137 -1.4510 0.9411
1.1822 -15.0638 -1.4507 0.9411
2.8600 -15.2000 -1.4849 0.9397
4.0204 -15.2507 -1.5142 0.9386
4.5802 -15.1466 -1.5192 0.9384
5.1978 -15.1980 -1.5421 0.9375
6.4764 -15.2624 -1.5917 0.9355
7.1273 -15.2501 -1.6161 0.9346
7.4718 -12.3285 -1.3840 0.9437
10.9532 -15.4522 -1.8184 0.9267
15.3721 -18.6855 -2.3229 0.9073
16.1064 -18.2053 -2.3336 0.9069
18.7163 -15.8588 -2.3552 0.9061
19.2747 -15.1782 -2.3553 0.9061
23.0854 -12.2427 -2.5087 0.9003
23.9063 -10.5567 -2.5089 0.9003
24.2707 -9.6926 -2.5090 0.9003
24.9052 -7.9276 -2.5092 0.9003
25.6151 -5.2060 -2.5094 0.9003
25.7859 -4.2836 -2.5095 0.9003
26.0274 -2.4234 -2.5096 0.9003
26.0978 -1.4880 -2.5096 0.9003
26.1345 -0.5506 -2.5096 0.9003
26.1066 1.3250 -2.5096 0.9003
26.0420 2.2609 -2.5096 0.9003
25.8769 3.1855 -2.5031 0.9005
23.1858 4.5617 -2.2686 0.9094
22.9701 5.3820 -2.2650 0.9096
21.2517 6.6189 -2.1369 0.9144
22.8503 8.9603 -2.3564 0.9061
22.5131 9.7739 -2.3563 0.9061
14.2805 6.8188 -1.5193 0.9384
14.4201 7.5323 -1.5619 0.9367
19.2393 10.9458 -2.1251 0.9149
13.1515 8.1203 -1.4839 0.9398
11.1533 7.4522 -1.2878 0.9475
11.1491 8.0426 -1.3198 0.9463
16.1477 12.5533 -1.9636 0.9211
16.0682 13.4436 -2.0113 0.9193
15.9687 14.3652 -2.0621 0.9173
15.6745 15.1527 -2.0930 0.9161
14.6145 15.1796 -2.0230 0.9188
15.3893 17.1774 -2.2142 0.9115
14.3440 17.2157 -2.1513 0.9139
15.2882 19.7487 -2.3977 0.9045
13.1158 21.3393 -2.4047 0.9042
11.5741 22.2681 -2.4094 0.9041
9.1323 23.4293 -2.4142 0.9039
7.4367 24.0502 -2.4168 0.9038
5.6975 24.5420 -2.4188 0.9037
4.8145 24.7369 -2.4194 0.9037
3.9246 24.8989 -2.4199 0.9037
3.0291 25.0271 -2.4203 0.9037
0.4626 9.4970 -0.9128 0.9625
0.1245 9.7378 -0.9350 0.9616
-2.3859 25.0712 -2.4178 0.9038
-5.0580 24.6297 -2.4139 0.9039
-5.9342 24.4149 -2.4122 0.9040
-7.6566 23.8852 -2.4080 0.9041
-8.5005 23.5725 -2.4057 0.9042
-9.3312 23.2282 -2.4032 0.9043
-12.4963 21.5476 -2.3914 0.9048
-13.2428 21.0558 -2.3880 0.9049
-13.9692 20.5368 -2.3845 0.9050
-15.3577 19.4211 -2.3770 0.9053
-16.0181 18.8263 -2.3731 0.9054
-17.2661 17.5672 -2.3648 0.9058
-17.8527 16.9054 -2.3605 0.9059
-19.9414 14.0745 -2.3433 0.9066
-20.8968 12.6065 -2.3430 0.9066
-19.3743 10.7594 -2.1276 0.9148
-19.9431 9.2712 -2.1114 0.9154
-22.4808 9.4854 -2.3425 0.9066
-25.6910 3.8317 -2.4937 0.9009
-25.8116 2.9074 -2.4937 0.9009
-25.9532 1.0488 -2.4937 0.9009
-25.9616 -0.8151 -2.4937 0.9009
-25.8368 -2.6749 -2.4937 0.9009
-25.7245 -3.6003 -2.4938 0.9009
-25.4012 -5.4360 -2.4939 0.9009
-25.1904 -6.3441 -2.4939 0.9009
-24.6722 -8.1348 -2.4941 0.9009
-24.3654 -9.0151 -2.4942 0.9009
-23.5929 -10.7106 -2.4875 0.9011
-21.8436 -10.8781 -2.3428 0.9066
-21.4404 -11.6554 -2.3429 0.9066
-21.0096 -12.4180 -2.3430 0.9066
-20.0675 -13.8944 -2.3433 0.9066
-17.4110 -14.0040 -2.1451 0.9141
-16.2353 -14.0470 -2.0611 0.9173
-12.4234 -11.5539 -1.6288 0.9341
-12.3546 -14.2584 -1.8113 0.9270
-11.9479 -14.8327 -1.8285 0.9263
-10.9451 -14.6329 -1.7543 0.9292
-10.1662 -14.6602 -1.7127 0.9308
-9.3562 -14.5831 -1.6634 0.9327
-7.3658 -14.7641 -1.5840 0.9358
-6.1227 -14.8532 -1.5424 0.9375
-4.9481 -14.9706 -1.5137 0.9386
-3.1835 -14.8235 -1.4556 0.9409
-2.1113 -15.0066 -1.4549 0.9409
-1.0228 -15.0194 -1.4453 0.9413
0.0571 -15.1279 -1.4524 0.9410
0.6030 -15.1929 -1.4597 0.9407
1.1407 -15.0691 -1.4509 0.9411
2.2457 -15.1322 -1.4687 0.9404
2.8317 -15.2818 -1.4921 0.9395
5.1732 -15.2636 -1.5473 0.9373
6.3913 -15.1782 -1.5811 0.9360
9.2727 -15.3958 -1.7255 0.9303
16.0495 -18.2422 -2.3327 0.9070
16.8506 -17.8205 -2.3546 0.9061
17.4805 -17.2058 -2.3548 0.9061
18.0880 -16.5688 -2.3550 0.9061
18.6723 -15.9104 -2.3551 0.9061
21.5917 -14.7096 -2.5082 0.9003
23.8770 -10.6226 -2.5089 0.9003
24.5793 -8.8837 -2.5091 0.9003
25.3941 -6.1917 -2.5094 0.9003
25.6005 -5.2767 -2.5094 0.9003
25.7739 -4.3548 -2.5095 0.9003
25.9140 -3.4273 -2.5095 0.9003
26.0936 -1.5601 -2.5096 0.9003
26.1384 0.3152 -2.5096 0.9003
26.0482 2.1889 -2.5096 0.9003
24.2943 3.8113 -2.3609 0.9059
21.2287 6.5474 -2.1328 0.9146
22.5401 9.7118 -2.3563 0.9061
12.3412 8.1966 -1.4223 0.9422
16.0120 12.3769 -1.9429 0.9219
16.1034 13.3976 -2.0111 0.9193
15.7748 14.1122 -2.0321 0.9185
15.7607 15.1520 -2.0989 0.9159
14.6998 15.1840 -2.0290 0.9186
14.6409 20.2652 -2.4002 0.9044
13.1738 21.3016 -2.4046 0.9043
11.6347 22.2345 -2.4092 0.9041
10.8382 22.6560 -2.4112 0.9040
6.3960 14.7033 -1.5394 0.9376
7.5028 24.0286 -2.4167 0.9038
6.6391 24.2943 -2.4179 0.9037
5.7652 24.5256 -2.4188 0.9037
3.0983 25.0185 -2.4202 0.9037
0.8449 9.6505 -0.9300 0.9618
-2.3167 25.0785 -2.4179 0.9037
-3.2137 24.9680 -2.4168 0.9038
-4.9902 24.6448 -2.4140 0.9039
-5.8671 24.4326 -2.4123 0.9040
-6.7344 24.1866 -2.4104 0.9040
-9.2678 23.2559 -2.4034 0.9043
-10.8863 22.4790 -2.3979 0.9045
-12.4380 21.5843 -2.3916 0.9047
-13.1861 21.0946 -2.3883 0.9049
-13.9140 20.5777 -2.3848 0.9050
-14.6210 20.0345 -2.3811 0.9051
-15.3059 19.4659 -2.3773 0.9053
-15.9681 18.8729 -2.3734 0.9054
-16.6064 18.2563 -2.3693 0.9056
-17.8085 16.9571 -2.3608 0.9059
-19.4153 14.8594 -2.3472 0.9064
-20.3954 13.4054 -2.3431 0.9066
-20.8620 12.6643 -2.3430 0.9066
-19.3727 10.8286 -2.1307 0.9147
-19.3937 9.9445 -2.0924 0.9161
-19.7922 9.2675 -2.0981 0.9159
-22.4546 9.5476 -2.3425 0.9066
-22.7817 8.7353 -2.3424 0.9066
-23.8312 8.1696 -2.4186 0.9037
-24.8604 7.5371 -2.4940 0.9009
-25.3354 5.7345 -2.4939 0.9009
-25.5243 4.8217 -2.4938 0.9009
-25.6804 3.9026 -2.4938 0.9009
-25.8035 2.9787 -2.4937 0.9009
-25.8935 2.0509 -2.4937 0.9009
-25.9503 1.1205 -2.4937 0.9009
-25.9737 0.1887 -2.4937 0.9009
-25.9206 -1.6745 -2.4937 0.9009
-25.7344 -3.5291 -2.4937 0.9009
-25.5916 -4.4503 -2.4938 0.9009
-25.2078 -6.2745 -2.4939 0.9009
-24.9672 -7.1751 -2.4940 0.9009
-24.6945 -8.0666 -2.4941 0.9009
-24.0544 -9.8176 -2.4943 0.9009
-21.8863 -10.8240 -2.3441 0.9065
-21.4725 -11.5961 -2.3429 0.9066
-21.0438 -12.3598 -2.3430 0.9066
-20.5879 -13.1077 -2.3431 0.9066
-18.7914 -13.9536 -2.2470 0.9102
-17.5054 -14.0006 -2.1520 0.9139
-16.3225 -14.0438 -2.0672 0.9171
-14.2095 -14.1209 -1.9232 0.9227
-17.9897 -10.7676 -2.4905 0.9190
-12.3294 -11.5941 -2.0104 0.9341
-13.8881 -14.0323 -2.3452 0.9236
-13.0459 -14.1634 -2.2874 0.9254
-12.1636 -14.1957 -2.2206 0.9275
-11.3303 -14.2261 -2.1603 0.9294
-10.5401 -14.2550 -2.1059 0.9311
-9.7878 -14.2824 -2.0567 0.9326
-9.0689 -14.3087 -2.0123 0.9340
-8.3796 -14.3338 -1.9723 0.9353
-7.7163 -14.3581 -1.9362 0.9365
-5.2669 -14.4475 -1.8266 0.9399
-2.5535 -14.8637 -1.7915 0.9411
-0.9497 -15.1815 -1.8069 0.9406
-0.3984 -14.9819 -1.7803 0.9414
0.1399 -15.0342 -1.7859 0.9412
0.6900 -15.2579 -1.8143 0.9403
1.2381 -15.2374 -1.8160 0.9403
3.4055 -14.9045 -1.8161 0.9403
3.9410 -14.7838 -1.8174 0.9402
4.5215 -14.8050 -1.8388 0.9395
7.0120 -14.8959 -1.9557 0.9358
7.6893 -14.9207 -1.9939 0.9346
8.3945 -14.9464 -2.0363 0.9333
9.9040 -15.0016 -2.1353 0.9301
12.0719 -15.7066 -2.3531 0.9233
13.6926 -14.3215 -2.3536 0.9233
14.1986 -13.8219 -2.3538 0.9233
14.6863 -13.3043 -2.3539 0.9233
15.9925 -13.4751 -2.4841 0.9192
17.0724 -12.4060 -2.5068 0.9185
17.5075 -11.7861 -2.5070 0.9185
18.3094 -10.5012 -2.5072 0.9185
18.6752 -9.8379 -2.5073 0.9185
19.3342 -8.4740 -2.5075 0.9185
19.6265 -7.7751 -2.5076 0.9185
20.5391 -4.8878 -2.5079 0.9185
20.7017 -4.1478 -2.5079 0.9185
20.8375 -3.4024 -2.5080 0.9185
21.0283 -1.8994 -2.5080 0.9185
21.1106 -0.3864 -2.5081 0.9185
21.0838 1.1285 -2.5081 0.9185
20.9483 2.6375 -2.5080 0.9185
20.7045 4.1329 -2.5079 0.9185
20.4838 4.8592 -2.5007 0.9187
19.1246 5.2682 -2.3563 0.9232
17.8659 8.5915 -2.3549 0.9233
17.5454 9.2266 -2.3548 0.9233
12.8528 7.9850 -1.7974 0.9409
11.1553 8.0940 -1.6372 0.9460
15.1780 12.7702 -2.3562 0.9232
12.1730 15.8146 -2.3706 0.9228
11.6089 16.2569 -2.3729 0.9227
11.0275 16.6771 -2.3749 0.9226
10.4298 17.0748 -2.3767 0.9226
9.8172 17.4502 -2.3784 0.9225
8.5511 18.1318 -2.3813 0.9224
6.5637 18.9758 -2.3851 0.9223
5.1896 19.4114 -2.3868 0.9223
4.4911 19.5907 -2.3875 0.9222
3.7861 19.7436 -2.3880 0.9222
0.7879 9.6104 -1.1454 0.9619
0.4366 9.5023 -1.1299 0.9624
-0.5200 20.0975 -2.3881 0.9222
-1.2404 20.0609 -2.3875 0.9222
-1.9588 19.9971 -2.3868 0.9223
-2.6741 19.9067 -2.3859 0.9223
-3.3852 19.7892 -2.3848 0.9223
-6.1664 19.0552 -2.3791 0.9225
-6.8408 18.8070 -2.3772 0.9226
-8.1577 18.2362 -2.3731 0.9227
-8.7984 17.9146 -2.3708 0.9228
-10.0395 17.2015 -2.3659 0.9229
-11.7877 15.9662 -2.3574 0.9232
-12.8686 15.0403 -2.3513 0.9234
-13.3815 14.5488 -2.3480 0.9235
-13.8778 14.0420 -2.3451 0.9236
-14.8472 13.0089 -2.3448 0.9236
-15.3035 12.4671 -2.3447 0.9236
-16.5519 10.7487 -2.3443 0.9236
-16.9261 10.1474 -2.3442 0.9236
-16.9381 8.5675 -2.2547 0.9264
-19.2331 8.0526 -2.4768 0.9194
-19.6578 7.4132 -2.4956 0.9189
-19.9105 6.7029 -2.4955 0.9189
-20.5140 4.5242 -2.4953 0.9189
-20.7850 3.0413 -2.4952 0.9189
-20.8804 2.2936 -2.4952 0.9189
-21.0057 0.0365 -2.4952 0.9189
-20.9544 -1.4700 -2.4952 0.9189
-20.8883 -2.2209 -2.4952 0.9189
-20.7955 -2.9690 -2.4953 0.9189
-20.6758 -3.7133 -2.4953 0.9189
-19.9338 -6.6336 -2.4955 0.9189
-19.6836 -7.3448 -2.4956 0.9189
-19.4080 -8.0466 -2.4957 0.9189
-18.4332 -10.0868 -2.4960 0.9188
-16.1959 -11.2801 -2.3445 0.9236
-15.7816 -11.8546 -2.3446 0.9236
-13.9268 -13.9938 -2.3452 0.9236
-13.1160 -14.1609 -2.2928 0.9252
-12.2297 -14.1932 -2.2255 0.9273
-11.3929 -14.2238 -2.1648 0.9292
-9.1232 -14.3067 -2.0156 0.9339
-8.4317 -14.3319 -1.9752 0.9352
-7.7665 -14.3562 -1.9389 0.9364
-6.5029 -14.4024 -1.8771 0.9383
-5.3115 -14.4459 -1.8283 0.9399
-4.7513 -14.5096 -1.8136 0.9404
-4.2280 -14.6720 -1.8137 0.9403
-2.6417 -15.1260 -1.8239 0.9400
-2.0916 -15.1701 -1.8190 0.9402
-1.5488 -15.2638 -1.8224 0.9401
0.6518 -15.3522 -1.8253 0.9400
1.1982 -15.2682 -1.8192 0.9402
3.3643 -14.9138 -1.8161 0.9403
4.4763 -14.8033 -1.8371 0.9396
5.0702 -14.8250 -1.8611 0.9388
5.6806 -14.8473 -1.8883 0.9380
6.3100 -14.8703 -1.9188 0.9370
6.9609 -14.8941 -1.9529 0.9359
7.4097 -12.2260 -1.6982 0.9440
10.6532 -15.0289 -2.1882 0.9285
12.0284 -15.7398 -2.3531 0.9233
12.5863 -15.2992 -2.3533 0.9233
13.1281 -14.8388 -2.3534 0.9233
13.6530 -14.3592 -2.3536 0.9233
14.1603 -13.8610 -2.3538 0.9233
16.5793 -13.0556 -2.5067 0.9185
17.0380 -12.4530 -2.5068 0.9185
17.4748 -11.8343 -2.5070 0.9185
18.2802 -10.5517 -2.5072 0.9185
18.6479 -9.8894 -2.5073 0.9185
18.9915 -9.2144 -2.5074 0.9185
19.3106 -8.5273 -2.5075 0.9185
19.6048 -7.8292 -2.5076 0.9185
19.8738 -7.1210 -2.5077 0.9185
20.3344 -5.6777 -2.5078 0.9185
20.5255 -4.9446 -2.5079 0.9185
20.6901 -4.2050 -2.5079 0.9185
20.8280 -3.4600 -2.5080 0.9185
21.0230 -1.9575 -2.5080 0.9185
21.0869 1.0702 -2.5081 0.9185
21.0347 1.8262 -2.5080 0.9185
20.5039 4.8041 -2.5015 0.9187
18.9302 5.8958 -2.3552 0.9232
18.7059 6.5710 -2.3551 0.9232
18.4575 7.2378 -2.3550 0.9232
18.1853 7.8951 -2.3550 0.9232
17.5709 9.1782 -2.3548 0.9233
17.2294 9.8023 -2.3547 0.9233
11.1490 8.0425 -1.6330 0.9461
15.2119 12.7271 -2.3560 0.9232
11.0728 16.6456 -2.3748 0.9226
9.8649 17.4221 -2.3782 0.9225
9.2394 17.7765 -2.3798 0.9225
7.9500 18.4144 -2.3825 0.9224
5.2431 19.3966 -2.3867 0.9223
4.5451 19.5778 -2.3874 0.9222
3.8406 19.7327 -2.3879 0.9222
3.1306 19.8614 -2.3884 0.9222
2.4162 19.9631 -2.3886 0.9222
0.8157 9.6229 -1.1472 0.9618
-0.4645 20.0991 -2.3881 0.9222
-1.9036 20.0030 -2.3868 0.9223
-3.3306 19.7992 -2.3849 0.9223
-4.0368 19.6571 -2.3837 0.9223
-4.7368 19.4886 -2.3824 0.9224
-5.4296 19.2938 -2.3809 0.9224
-6.1141 19.0732 -2.3792 0.9225
-8.1078 18.2599 -2.3732 0.9227
-8.7495 17.9402 -2.3710 0.9227
-10.5925 16.8419 -2.3634 0.9230
-11.1768 16.4316 -2.3606 0.9231
-11.7447 16.0003 -2.3577 0.9232
-12.2955 15.5486 -2.3547 0.9233
-13.3427 14.5873 -2.3483 0.9235
-13.8390 14.0803 -2.3452 0.9236
-14.3344 13.5738 -2.3450 0.9236
-14.8113 13.0499 -2.3449 0.9236
-15.7072 11.9528 -2.3446 0.9236
-16.1251 11.3809 -2.3445 0.9236
-16.5222 10.7944 -2.3443 0.9236
-16.8980 10.1942 -2.3442 0.9236
-16.9162 8.6152 -2.2550 0.9264
-17.8933 8.3183 -2.3439 0.9236
-19.6372 7.4675 -2.4956 0.9189
-19.8920 6.7579 -2.4955 0.9189
-20.6522 3.8423 -2.4953 0.9189
-20.7765 3.0987 -2.4953 0.9189
-20.8740 2.3512 -2.4952 0.9189
-20.9448 1.6007 -2.4952 0.9189
-20.9886 0.8482 -2.4952 0.9189
-21.0055 0.0946 -2.4952 0.9189
-20.8035 -2.9116 -2.4953 0.9189
-20.6860 -3.6562 -2.4953 0.9189
-20.3713 -5.1304 -2.4954 0.9189
-19.1315 -8.6853 -2.4958 0.9188
-18.8083 -9.3665 -2.4959 0.9188
-18.4610 -10.0357 -2.4960 0.9188
-18.0600 -10.6746 -2.4920 0.9190
-16.2270 -11.2353 -2.3445 0.9236
-15.8142 -11.8109 -2.3446 0.9236
-13.9653 -13.9552 -2.3452 0.9236
-13.1865 -14.1583 -2.2983 0.9250
-10.6592 -14.2506 -2.1139 0.9308
-8.4839 -14.3300 -1.9782 0.9351
-7.8168 -14.3544 -1.9415 0.9363
-6.5501 -14.4007 -1.8792 0.9383
-5.9453 -14.4228 -1.8531 0.9391
-5.3563 -14.4442 -1.8299 0.9398
-4.7913 -14.4963 -1.8136 0.9404
-4.2685 -14.6601 -1.8137 0.9403
-3.7400 -14.8052 -1.8139 0.9403
-0.4888 -15.2186 -1.8087 0.9405
0.0571 -15.1199 -1.7960 0.9409
1.6849 -15.0562 -1.7996 0.9408
3.3231 -14.9229 -1.8161 0.9403
3.8567 -14.7954 -1.8162 0.9403
4.4313 -14.8017 -1.8353 0.9397
5.0239 -14.8233 -1.8592 0.9389
6.2608 -14.8685 -1.9164 0.9371
6.9100 -14.8922 -1.9501 0.9360
8.2840 -14.9424 -2.0295 0.9335
9.7826 -14.9971 -2.1269 0.9304
10.5893 -15.0266 -2.1836 0.9286
11.9848 -15.7729 -2.3531 0.9233
13.6131 -14.3967 -2.3536 0.9233
14.1219 -13.9000 -2.3537 0.9233
14.6124 -13.3852 -2.3539 0.9233
15.7430 -13.4144 -2.4569 0.9201
16.5431 -13.1013 -2.5067 0.9185
17.0035 -12.5000 -2.5068 0.9185
17.4419 -11.8825 -2.5070 0.9185
18.2510 -10.6021 -2.5072 0.9185
18.6204 -9.9408 -2.5073 0.9185
19.5831 -7.8833 -2.5076 0.9185
19.8540 -7.1758 -2.5077 0.9185
20.3186 -5.7339 -2.5078 0.9185
20.5117 -5.0012 -2.5079 0.9185
20.8183 -3.5175 -2.5080 0.9185
20.9314 -2.7683 -2.5080 0.9185
21.0175 -2.0155 -2.5080 0.9185
21.0898 1.0120 -2.5081 0.9185
21.0398 1.7680 -2.5080 0.9185
20.8583 3.2723 -2.5080 0.9185
19.3269 5.2092 -2.3777 0.9225
18.9465 5.8435 -2.3552 0.9232
18.4775 7.1868 -2.3550 0.9232
17.9132 8.4927 -2.3549 0.9232
17.5962 9.1296 -2.3548 0.9233
12.8526 7.8867 -1.7912 0.9411
12.3411 8.1966 -1.7598 0.9421
11.1428 7.9913 -1.6288 0.9463
15.2457 12.6840 -2.3558 0.9232
13.8400 14.2959 -2.3636 0.9230
12.8041 15.2813 -2.3682 0.9228
12.2585 15.7450 -2.3703 0.9228
11.1181 16.6140 -2.3746 0.9226
10.5228 17.0150 -2.3764 0.9226
8.6504 18.0826 -2.3811 0.9224
6.3960 14.7032 -1.9046 0.9375
7.3392 18.6765 -2.3837 0.9223
5.9866 19.1729 -2.3859 0.9223
3.8950 19.7217 -2.3879 0.9222
2.4713 19.9563 -2.3886 0.9222
0.8435 9.6354 -1.1489 0.9618
0.1509 9.7055 -1.1530 0.9617
-0.4090 20.1007 -2.3882 0.9222
-3.2760 19.8091 -2.3850 0.9223
-6.0617 19.0911 -2.3793 0.9225
-7.4033 18.5773 -2.3755 0.9226
-8.0579 18.2835 -2.3734 0.9227
-8.7005 17.9656 -2.3712 0.9227
-9.3302 17.6241 -2.3688 0.9228
-10.5469 16.8726 -2.3636 0.9230
-11.1324 16.4639 -2.3608 0.9231
-12.2537 15.5841 -2.3549 0.9232
-14.2969 13.6134 -2.3450 0.9236
-14.7752 13.0909 -2.3449 0.9236
-16.0936 11.4254 -2.3445 0.9236
-16.4924 10.8401 -2.3443 0.9236
-16.9262 8.6792 -2.2595 0.9262
-18.9367 8.0518 -2.4443 0.9205
-19.6166 7.5217 -2.4956 0.9189
-19.8732 6.8128 -2.4955 0.9189
-20.1043 6.0952 -2.4955 0.9189
-20.4888 4.6375 -2.4953 0.9189
-20.6415 3.8993 -2.4953 0.9189
-20.8675 2.4089 -2.4952 0.9189
-20.9403 1.6586 -2.4952 0.9189
-20.9862 0.9062 -2.4952 0.9189
-21.0052 0.1526 -2.4952 0.9189
-20.9622 -1.3542 -2.4952 0.9189
-20.9003 -2.1054 -2.4952 0.9189
-20.8115 -2.8540 -2.4953 0.9189
-20.6960 -3.5990 -2.4953 0.9189
-20.3854 -5.0742 -2.4954 0.9189
-19.7237 -7.2359 -2.4956 0.9189
-19.4521 -7.9392 -2.4957 0.9189
-19.1554 -8.6323 -2.4958 0.9188
-17.1454 -10.9160 -2.4144 0.9214
-14.9638 -12.8748 -2.3449 0.9236
-14.0037 -13.9165 -2.3452 0.9236
-13.2573 -14.1557 -2.3038 0.9249
-14.7875 -9.5879 -2.4971 0.9313
-14.4346 -10.1127 -2.4972 0.9313
-12.6057 -11.0290 -2.3732 0.9346
-12.0606 -11.3414 -2.3457 0.9353
-11.6466 -11.7674 -2.3459 0.9353
-11.2175 -12.1785 -2.3460 0.9353
-10.3164 -12.9531 -2.3463 0.9353
-9.8456 -13.3157 -2.3464 0.9353
-9.3621 -13.6613 -2.3466 0.9353
-8.3594 -14.2994 -2.3469 0.9353
-7.7163 -14.3581 -2.3096 0.9363
-6.4559 -14.4041 -2.2365 0.9382
-5.8536 -14.4261 -2.2059 0.9390
-4.1319 -14.4890 -2.1348 0.9409
-3.5801 -14.5091 -2.1174 0.9414
-2.4994 -14.5486 -2.0916 0.9421
-1.4395 -14.5873 -2.0769 0.9425
0.1362 -14.6448 -2.0751 0.9425
0.6631 -14.6641 -2.0799 0.9424
1.1931 -14.6834 -2.0873 0.9422
1.7277 -14.7029 -2.0976 0.9419
2.8161 -14.7427 -2.1267 0.9412
3.3732 -14.7631 -2.1457 0.9407
5.7284 -14.8490 -2.2551 0.9377
7.0120 -14.8959 -2.3327 0.9357
7.6034 -14.7540 -2.3518 0.9351
8.1285 -14.4727 -2.3519 0.9351
7.4196 -12.1665 -2.0191 0.9441
11.0373 -12.4063 -2.3528 0.9351
11.9861 -12.5366 -2.4575 0.9323
12.6610 -12.3250 -2.5036 0.9311
13.9250 -10.9033 -2.5059 0.9310
14.3079 -10.3971 -2.5060 0.9310
14.6724 -9.8775 -2.5061 0.9310
15.0180 -9.3451 -2.5062 0.9310
15.3442 -8.8005 -2.5063 0.9310
16.4476 -6.5157 -2.5066 0.9310
16.8733 -5.3197 -2.5068 0.9310
17.0537 -4.7109 -2.5068 0.9310
17.2121 -4.0961 -2.5069 0.9310
17.3483 -3.4759 -2.5069 0.9310
17.4620 -2.8513 -2.5070 0.9310
17.5533 -2.2229 -2.5070 0.9310
17.6908 -0.3238 -2.5070 0.9310
17.6910 0.3111 -2.5070 0.9310
17.5548 2.2103 -2.5070 0.9310
17.3507 3.4635 -2.5069 0.9310
17.2149 4.0837 -2.5069 0.9310
17.0570 4.6987 -2.5068 0.9310
16.8759 5.3072 -2.5066 0.9310
14.9724 7.2000 -2.3540 0.9351
14.7039 7.7324 -2.3539 0.9351
14.1104 8.7663 -2.3537 0.9351
13.0849 10.2304 -2.3534 0.9351
12.3163 11.1413 -2.3532 0.9351
11.9080 11.5754 -2.3530 0.9351
11.0460 12.3982 -2.3528 0.9351
10.5934 12.7858 -2.3526 0.9351
10.1272 13.1569 -2.3525 0.9351
9.1709 13.8693 -2.3559 0.9350
8.6730 14.1987 -2.3574 0.9350
8.1629 14.5095 -2.3589 0.9350
7.1090 15.0739 -2.3614 0.9349
5.4553 15.7713 -2.3645 0.9348
4.8875 15.9622 -2.3653 0.9348
4.3129 16.1320 -2.3660 0.9348
3.7321 16.2802 -2.3666 0.9347
2.5559 16.5117 -2.3674 0.9347
-0.4321 16.7011 -2.3672 0.9347
-2.2225 16.5454 -2.3654 0.9348
-3.4007 16.3306 -2.3635 0.9348
-4.5585 16.0285 -2.3611 0.9349
-5.1277 15.8453 -2.3597 0.9349
-5.6892 15.6411 -2.3582 0.9350
-6.2424 15.4162 -2.3566 0.9350
-6.7865 15.1710 -2.3548 0.9351
-7.3206 14.9058 -2.3530 0.9351
-7.8441 14.6211 -2.3510 0.9352
-8.3562 14.3175 -2.3489 0.9352
-9.3521 13.6677 -2.3465 0.9353
-9.8359 13.3225 -2.3464 0.9353
-10.3070 12.9602 -2.3462 0.9353
-11.2085 12.1863 -2.3460 0.9353
-12.4511 10.9095 -2.3456 0.9353
-12.8339 10.4552 -2.3455 0.9353
-13.2002 9.9876 -2.3454 0.9353
-13.5494 9.5071 -2.3452 0.9353
-14.1951 8.5102 -2.3451 0.9353
-15.9992 7.3840 -2.4967 0.9313
-16.4866 6.2173 -2.4966 0.9313
-17.0581 4.4094 -2.4964 0.9313
-17.5701 1.2940 -2.4962 0.9313
-17.5191 -1.8627 -2.4963 0.9313
-17.4412 -2.4901 -2.4963 0.9313
-17.2182 -3.7346 -2.4964 0.9313
-16.9067 -4.9600 -2.4964 0.9313
-16.7182 -5.5635 -2.4965 0.9313
-16.5082 -6.1599 -2.4966 0.9313
-15.7522 -7.8989 -2.4968 0.9313
-14.4625 -10.0728 -2.4972 0.9313
-11.6790 -11.7352 -2.3459 0.9353
-10.3521 -12.9245 -2.3463 0.9353
-9.8823 -13.2884 -2.3464 0.9353
-9.3998 -13.6353 -2.3466 0.9353
-8.9051 -13.9647 -2.3467 0.9353
-8.3988 -14.2762 -2.3469 0.9353
-7.7665 -14.3562 -2.3127 0.9362
-7.1245 -14.3797 -2.2738 0.9372
-5.8994 -14.4244 -2.2081 0.9390
-5.3115 -14.4459 -2.1808 0.9397
-4.7373 -14.4669 -2.1569 0.9404
-4.1748 -14.4874 -2.1362 0.9409
-3.6223 -14.5076 -2.1187 0.9414
-2.0084 -14.5665 -2.0834 0.9423
-1.4800 -14.5858 -2.0773 0.9425
-0.9541 -14.6050 -2.0738 0.9426
0.6225 -14.6626 -2.0794 0.9424
1.6863 -14.7014 -2.0967 0.9420
3.3299 -14.7615 -2.1441 0.9407
3.8969 -14.7822 -2.1660 0.9401
4.4763 -14.8033 -2.1913 0.9394
5.0702 -14.8250 -2.2200 0.9387
7.5626 -14.7749 -2.3517 0.9351
8.0884 -14.4950 -2.3519 0.9351
9.1083 -13.8795 -2.3522 0.9351
11.9061 -12.5219 -2.4482 0.9326
14.2791 -10.4366 -2.5060 0.9310
14.6450 -9.9179 -2.5061 0.9310
14.9921 -9.3865 -2.5062 0.9310
15.6278 -8.2878 -2.5064 0.9310
16.1830 -7.1462 -2.5066 0.9310
17.0406 -4.7580 -2.5068 0.9310
17.4541 -2.8995 -2.5069 0.9310
17.6650 -1.0072 -2.5070 0.9310
17.6709 0.8969 -2.5070 0.9310
17.6273 1.5303 -2.5070 0.9310
17.4718 2.7905 -2.5069 0.9310
17.3602 3.4155 -2.5069 0.9310
17.2262 4.0361 -2.5069 0.9310
16.8917 5.2609 -2.5068 0.9310
16.5770 5.8232 -2.4895 0.9315
15.4904 6.0742 -2.3575 0.9350
15.2399 6.6164 -2.3541 0.9351
14.1346 8.7273 -2.3537 0.9351
11.1533 7.4521 -1.9006 0.9473
11.5187 8.3092 -2.0124 0.9442
13.1132 10.1942 -2.3534 0.9351
11.0802 12.3677 -2.3528 0.9351
10.6287 12.7565 -2.3526 0.9351
8.7117 14.1740 -2.3573 0.9350
6.3155 14.6285 -2.2576 0.9377
6.0581 15.5424 -2.3636 0.9348
5.4987 15.7558 -2.3645 0.9348
3.1915 16.3979 -2.3670 0.9347
2.6015 16.5044 -2.3674 0.9347
2.0078 16.5886 -2.3676 0.9347
0.1242 9.7110 -1.3761 0.9615
-0.3860 16.7024 -2.3672 0.9347
-1.5821 16.6243 -2.3661 0.9348
-2.1769 16.5519 -2.3654 0.9348
-4.5144 16.0417 -2.3612 0.9349
-7.8042 14.6437 -2.3511 0.9352
-8.3172 14.3415 -2.3490 0.9352
-8.8182 14.0207 -2.3468 0.9353
-9.3144 13.6936 -2.3465 0.9353
-10.2711 12.9887 -2.3462 0.9353
-11.1749 12.2173 -2.3460 0.9353
-12.4210 10.9439 -2.3456 0.9353
-12.8050 10.4907 -2.3455 0.9353
-13.1726 10.0240 -2.3454 0.9353
-13.8563 9.0527 -2.3452 0.9353
-14.1716 8.5494 -2.3451 0.9353
-15.9788 7.4282 -2.4967 0.9313
-16.2345 6.8499 -2.4966 0.9313
-16.4694 6.2628 -2.4966 0.9313
-16.8753 5.0654 -2.4964 0.9313
-17.1944 3.8420 -2.4963 0.9313
-17.4252 2.5989 -2.4963 0.9313
-17.5071 1.9720 -2.4963 0.9313
-17.6032 0.7114 -2.4962 0.9313
-17.5779 -1.1843 -2.4962 0.9313
-17.4479 -2.4419 -2.4963 0.9313
-17.2284 -3.6870 -2.4963 0.9313
-17.0853 -4.3029 -2.4964 0.9313
-16.7335 -5.5173 -2.4965 0.9313
-16.5252 -6.1143 -2.4966 0.9313
-16.2956 -6.7035 -2.4966 0.9313
-15.4825 -8.4166 -2.4969 0.9313
-15.1711 -8.9670 -2.4970 0.9313
-14.4902 -10.0328 -2.4972 0.9313
-12.1230 -11.2745 -2.3457 0.9353
-11.7113 -11.7028 -2.3458 0.9353
-11.2845 -12.1162 -2.3460 0.9353
-10.8431 -12.5140 -2.3461 0.9353
-9.9190 -13.2610 -2.3464 0.9353
-9.4374 -13.6092 -2.3465 0.9353
-5.3563 -14.4443 -2.1828 0.9397
-4.7810 -14.4652 -2.1586 0.9403
-4.2177 -14.4858 -2.1377 0.9409
-2.5817 -14.5456 -2.0932 0.9421
-2.0492 -14.5650 -2.0840 0.9423
-0.9946 -14.6035 -2.0740 0.9426
0.0553 -14.6419 -2.0746 0.9426
0.5818 -14.6611 -2.0790 0.9424
2.1845 -14.7196 -2.1085 0.9417
2.7312 -14.7396 -2.1240 0.9412
3.8528 -14.7806 -2.1642 0.9402
4.4313 -14.8017 -2.1892 0.9395
7.5217 -14.7957 -2.3517 0.9351
8.0483 -14.5172 -2.3519 0.9351
9.5635 -13.5710 -2.3524 0.9351
10.0449 -13.2200 -2.3525 0.9351
10.5135 -12.8518 -2.3526 0.9351
10.9685 -12.4670 -2.3528 0.9351
12.5860 -12.3882 -2.5022 0.9311
13.0400 -11.9448 -2.5056 0.9311
13.4609 -11.4698 -2.5057 0.9310
13.8644 -10.9800 -2.5059 0.9310
14.6175 -9.9583 -2.5061 0.9310
14.9660 -9.4278 -2.5062 0.9310
15.2952 -8.8851 -2.5063 0.9310
16.6382 -6.0136 -2.5067 0.9310
16.8436 -5.4128 -2.5068 0.9310
17.3287 -3.5717 -2.5069 0.9310
17.4460 -2.9477 -2.5069 0.9310
17.5407 -2.3199 -2.5070 0.9310
17.6622 -1.0560 -2.5070 0.9310
17.6733 0.8481 -2.5070 0.9310
17.6315 1.4816 -2.5070 0.9310
17.3696 3.3676 -2.5069 0.9310
16.9062 5.2142 -2.5068 0.9310
15.5667 6.0546 -2.3666 0.9347
15.0120 7.1172 -2.3540 0.9351
14.7464 7.6510 -2.3539 0.9351
14.4619 8.1749 -2.3538 0.9351
11.5735 8.3001 -2.0180 0.9441
12.7678 10.6225 -2.3533 0.9351
12.3778 11.0732 -2.3532 0.9351
11.1144 12.3371 -2.3528 0.9351
9.7293 13.4668 -2.3540 0.9351
8.7504 14.1492 -2.3572 0.9350
8.2422 14.4629 -2.3586 0.9350
7.7224 14.7578 -2.3600 0.9349
7.1916 15.0332 -2.3612 0.9349
2.8205 8.0105 -1.2033 0.9663
3.8219 16.2588 -2.3665 0.9348
2.6470 16.4970 -2.3673 0.9347
0.8422 9.6203 -1.3683 0.9617
-0.3398 16.7037 -2.3672 0.9347
-0.9388 16.6776 -2.3668 0.9347
-3.3107 16.3502 -2.3637 0.9348
-3.5861 14.9340 -2.1761 0.9398
-5.0405 15.8749 -2.3600 0.9349
-5.6033 15.6739 -2.3585 0.9350
-6.7034 15.2101 -2.3551 0.9351
-7.2391 14.9478 -2.3532 0.9351
-7.7643 14.6662 -2.3513 0.9352
-8.2782 14.3655 -2.3492 0.9352
-8.7801 14.0461 -2.3470 0.9353
-11.1411 12.2482 -2.3460 0.9353
-11.9895 11.4163 -2.3457 0.9353
-12.3908 10.9782 -2.3456 0.9353
-12.7760 10.5261 -2.3455 0.9353
-13.1449 10.0604 -2.3454 0.9353
-13.4968 9.5818 -2.3453 0.9353
-14.4465 8.0751 -2.3450 0.9353
-15.5386 7.9677 -2.4742 0.9319
-15.9583 7.4723 -2.4967 0.9313
-16.4521 6.3083 -2.4966 0.9313
-16.6674 5.7138 -2.4965 0.9313
-17.0335 4.5036 -2.4964 0.9313
-17.1838 3.8894 -2.4963 0.9313
-17.4180 2.6470 -2.4963 0.9313
-17.5016 2.0203 -2.4963 0.9313
-17.5627 1.3911 -2.4962 0.9313
-17.6012 0.7600 -2.4962 0.9313
-17.6171 0.1280 -2.4962 0.9313
-17.5291 -1.7658 -2.4963 0.9313
-17.3577 -3.0185 -2.4963 0.9313
-17.2385 -3.6394 -2.4963 0.9313
-17.0971 -4.2557 -2.4964 0.9313
-16.9337 -4.8665 -2.4964 0.9313
-16.3140 -6.6584 -2.4966 0.9313
-16.0651 -7.2397 -2.4967 0.9313
-15.7955 -7.8118 -2.4968 0.9313
-15.5056 -8.3738 -2.4969 0.9313
-15.1958 -8.9250 -2.4970 0.9313
-14.8663 -9.4649 -2.4971 0.9313
-14.5178 -9.9927 -2.4972 0.9313
-14.1506 -10.5076 -2.4973 0.9313
-13.7236 -10.9760 -2.4899 0.9315
-12.8085 -11.0204 -2.3941 0.9340
-12.1541 -11.2409 -2.3457 0.9353
-11.7435 -11.6704 -2.3458 0.9353
-11.3179 -12.0849 -2.3460 0.9353
-12.7217 -8.2484 -2.4977 0.9404
-12.4180 -8.6999 -2.4978 0.9404
-11.7631 -9.5688 -2.4980 0.9404
-11.0475 -10.3887 -2.4983 0.9404
-10.1924 -11.0655 -2.4784 0.9408
-9.5065 -11.0947 -2.4069 0.9425
-8.8746 -11.1428 -2.3467 0.9439
-8.0536 -11.7518 -2.3470 0.9439
-7.6271 -12.0339 -2.3471 0.9439
-7.1909 -12.3005 -2.3472 0.9439
-6.2910 -12.7860 -2.3475 0.9439
-5.8285 -13.0043 -2.3477 0.9439
-4.3982 -13.5578 -2.3481 0.9439
-2.9164 -13.9546 -2.3485 0.9438
-2.4140 -14.0512 -2.3487 0.9438
-1.9084 -14.1297 -2.3489 0.9438
0.6443 -14.2482 -2.3496 0.9438
1.6647 -14.1672 -2.3499 0.9438
2.1721 -14.0992 -2.3501 0.9438
3.6753 -13.7869 -2.3506 0.9438
4.1679 -13.6470 -2.3507 0.9438
4.6551 -13.4895 -2.3509 0.9438
5.6112 -13.1226 -2.3511 0.9438
6.9901 -12.4458 -2.3516 0.9438
7.3965 -12.1285 -2.3403 0.9440
7.8655 -11.9139 -2.3518 0.9438
8.5197 -11.9489 -2.4176 0.9422
10.1059 -11.3594 -2.5047 0.9402
10.8956 -10.6065 -2.5050 0.9402
11.2696 -10.2092 -2.5051 0.9402
11.6292 -9.7986 -2.5052 0.9402
11.9738 -9.3755 -2.5053 0.9402
12.3029 -8.9402 -2.5054 0.9402
12.6163 -8.4933 -2.5055 0.9402
12.9134 -8.0354 -2.5056 0.9402
13.1938 -7.5672 -2.5057 0.9402
13.4573 -7.0891 -2.5057 0.9402
13.7034 -6.6019 -2.5058 0.9402
14.3345 -5.0916 -2.5060 0.9402
14.5083 -4.5741 -2.5061 0.9402
14.6633 -4.0506 -2.5061 0.9402
14.9165 -2.9887 -2.5062 0.9402
15.0927 -1.9113 -2.5062 0.9402
15.1517 -1.3685 -2.5062 0.9402
15.1911 -0.8240 -2.5063 0.9402
15.0160 2.4408 -2.5062 0.9402
14.9186 2.9780 -2.5062 0.9402
14.6661 4.0401 -2.5061 0.9402
13.9170 6.0878 -2.5024 0.9403
12.6432 6.6487 -2.3533 0.9437
12.1330 7.5378 -2.3531 0.9437
11.1317 7.4822 -2.2096 0.9471
11.5603 8.3878 -2.3529 0.9437
11.2515 8.7969 -2.3528 0.9437
10.5907 9.5803 -2.3526 0.9438
9.8755 10.3142 -2.3524 0.9438
9.4986 10.6613 -2.3523 0.9438
6.5476 12.6830 -2.3514 0.9438
6.0880 12.9090 -2.3512 0.9438
5.6206 13.1183 -2.3511 0.9438
4.6647 13.4859 -2.3508 0.9438
4.1774 13.6432 -2.3506 0.9438
1.6767 14.1816 -2.3525 0.9438
0.4354 9.4766 -1.5628 0.9623
0.0974 9.7164 -1.6007 0.9614
-0.3693 14.2735 -2.3522 0.9438
-0.8811 14.2487 -2.3518 0.9438
-1.3914 14.2049 -2.3513 0.9438
-2.9071 13.9601 -2.3491 0.9438
-3.4047 13.8412 -2.3482 0.9439
-3.8992 13.7103 -2.3482 0.9439
-4.8718 13.3937 -2.3479 0.9439
-5.3489 13.2094 -2.3477 0.9439
-5.8190 13.0082 -2.3476 0.9439
-6.7361 12.5559 -2.3473 0.9439
-7.6184 12.0391 -2.3471 0.9439
-8.4612 11.4605 -2.3468 0.9439
-8.8665 11.1490 -2.3467 0.9439
-9.2604 10.8231 -2.3466 0.9439
-10.3683 9.7640 -2.3462 0.9439
-10.7115 9.3852 -2.3461 0.9439
-13.7644 6.3526 -2.4974 0.9404
-14.1838 5.3489 -2.4973 0.9404
-14.3663 4.8364 -2.4972 0.9404
-14.6756 3.7936 -2.4971 0.9404
-14.8021 3.2645 -2.4971 0.9404
-14.9095 2.7313 -2.4970 0.9404
-14.9977 2.1945 -2.4970 0.9404
-15.0667 1.6550 -2.4970 0.9404
-15.1163 1.1133 -2.4970 0.9404
-15.1464 0.5702 -2.4970 0.9404
-15.1201 -1.0607 -2.4970 0.9404
-15.0724 -1.6025 -2.4970 0.9404
-15.0053 -2.1423 -2.4970 0.9404
-14.6888 -3.7425 -2.4971 0.9404
-14.3831 -4.7864 -2.4972 0.9404
-14.2024 -5.2995 -2.4973 0.9404
-14.0035 -5.8059 -2.4973 0.9404
-13.0304 -7.7504 -2.4976 0.9404
-12.7444 -8.2132 -2.4977 0.9404
-12.1235 -9.1068 -2.4979 0.9404
-11.7894 -9.5363 -2.4980 0.9404
-9.5579 -11.0925 -2.4122 0.9424
-8.9104 -11.1246 -2.3481 0.9439
-6.3262 -12.7685 -2.3475 0.9439
-5.3949 -13.1909 -2.3478 0.9439
-4.9184 -13.3769 -2.3479 0.9439
-3.9470 -13.6969 -2.3482 0.9439
-3.4532 -13.8305 -2.3484 0.9438
-2.9549 -13.9464 -2.3485 0.9438
-1.4395 -14.1860 -2.3490 0.9438
-0.4185 -14.2546 -2.3493 0.9438
0.0933 -14.2614 -2.3495 0.9438
1.1159 -14.2199 -2.3498 0.9438
2.1331 -14.1051 -2.3501 0.9438
3.1396 -13.9176 -2.3504 0.9438
3.6372 -13.7969 -2.3505 0.9438
4.6178 -13.5023 -2.3508 0.9438
7.3592 -12.1426 -2.3391 0.9441
9.6535 -11.7343 -2.5032 0.9403
10.8662 -10.6365 -2.5049 0.9402
11.6020 -9.8307 -2.5052 0.9402
12.5927 -8.5281 -2.5055 0.9402
12.8911 -8.0711 -2.5056 0.9402
13.4376 -7.1263 -2.5057 0.9402
13.9149 -6.1446 -2.5059 0.9402
14.1267 -5.6415 -2.5059 0.9402
14.3204 -5.1312 -2.5060 0.9402
14.9082 -3.0299 -2.5062 0.9402
15.0075 -2.4931 -2.5062 0.9402
15.0874 -1.9530 -2.5062 0.9402
15.1479 -1.4104 -2.5062 0.9402
15.2101 -0.3204 -2.5063 0.9402
15.2118 0.2255 -2.5063 0.9402
15.1564 1.3158 -2.5062 0.9402
15.0993 1.8588 -2.5062 0.9402
15.0227 2.3993 -2.5062 0.9402
14.8116 3.4704 -2.5061 0.9402
14.6773 3.9996 -2.5061 0.9402
14.5240 4.5235 -2.5060 0.9402
14.1616 5.5532 -2.5059 0.9402
13.9369 6.0507 -2.5030 0.9403
12.6615 6.6137 -2.3533 0.9437
12.1538 7.5042 -2.3531 0.9437
11.5835 8.3559 -2.3529 0.9437
10.9535 9.1644 -2.3527 0.9437
10.6172 9.5510 -2.3526 0.9438
10.2672 9.9254 -2.3525 0.9438
9.5280 10.6351 -2.3523 0.9438
9.1398 10.9696 -2.3522 0.9438
7.9069 11.8863 -2.3518 0.9438
7.4749 12.1616 -2.3517 0.9438
7.0333 12.4213 -2.3515 0.9438
6.5827 12.6649 -2.3514 0.9438
6.1237 12.8922 -2.3513 0.9438
5.1827 13.2965 -2.3510 0.9438
4.7020 13.4731 -2.3508 0.9438
4.2150 13.6313 -2.3505 0.9438
2.7276 14.0144 -2.3520 0.9438
2.2233 14.1050 -2.3523 0.9438
0.8131 9.5927 -1.5860 0.9617
-0.3299 14.2746 -2.3522 0.9438
-0.8417 14.2513 -2.3518 0.9438
-1.3522 14.2090 -2.3513 0.9438
-1.8607 14.1476 -2.3507 0.9438
-2.3664 14.0675 -2.3500 0.9438
-2.8686 13.9685 -2.3492 0.9438
-3.3666 13.8510 -2.3482 0.9439
-3.8613 13.7211 -2.3482 0.9439
-4.8348 13.4072 -2.3479 0.9439
-5.7831 13.0243 -2.3476 0.9439
-6.2463 12.8076 -2.3475 0.9439
-7.1479 12.3253 -2.3472 0.9439
-8.0125 11.7796 -2.3469 0.9439
-8.4296 11.4839 -2.3468 0.9439
-8.8357 11.1735 -2.3467 0.9439
-9.6133 10.5100 -2.3465 0.9439
-9.9837 10.1578 -2.3463 0.9439
-10.3413 9.7926 -2.3462 0.9439
-11.3322 8.6236 -2.3459 0.9439
-11.6339 8.2111 -2.3458 0.9439
-12.1003 7.9055 -2.3811 0.9431
-12.9503 7.8126 -2.4916 0.9405
-13.2539 7.3605 -2.4975 0.9404
-13.5091 6.8800 -2.4975 0.9404
-13.9669 5.8931 -2.4973 0.9404
-14.1690 5.3881 -2.4973 0.9404
-14.3529 4.8761 -2.4972 0.9404
-14.6651 3.8341 -2.4971 0.9404
-14.7930 3.3054 -2.4971 0.9404
-14.9916 2.2359 -2.4970 0.9404
-15.0621 1.6966 -2.4970 0.9404
-15.1448 0.6120 -2.4970 0.9404
-15.1497 -0.4756 -2.4970 0.9404
-15.0767 -1.5609 -2.4970 0.9404
-14.8222 -3.1721 -2.4971 0.9404
-14.3963 -4.7467 -2.4972 0.9404
-14.2170 -5.2603 -2.4973 0.9404
-13.5705 -6.7581 -2.4975 0.9404
-13.3197 -7.2409 -2.4975 0.9404
-12.7670 -8.1780 -2.4977 0.9404
-12.4658 -8.6311 -2.4978 0.9404
-12.1486 -9.0732 -2.4979 0.9404
-11.8157 -9.5036 -2.4980 0.9404
-11.4676 -9.9219 -2.4981 0.9404
-11.1047 -10.3274 -2.4982 0.9404
-10.7195 -10.7117 -2.4965 0.9404
-10.3016 -11.0608 -2.4900 0.9406
-8.5327 -11.4076 -2.3468 0.9439
-8.1183 -11.7070 -2.3469 0.9439
-7.2586 -12.2605 -2.3472 0.9439
-6.8144 -12.5138 -2.3473 0.9439
-5.4313 -13.1759 -2.3478 0.9439
-4.9554 -13.3632 -2.3479 0.9439
-4.4730 -13.5332 -2.3481 0.9439
-3.4914 -13.8209 -2.3484 0.9438
-1.4786 -14.1819 -2.3490 0.9438
-0.9689 -14.2268 -2.3491 0.9438
0.0539 -14.2615 -2.3495 0.9438
2.0941 -14.1109 -2.3501 0.9438
4.0924 -13.6697 -2.3507 0.9438
6.0073 -12.9469 -2.3513 0.9438
6.9212 -12.4842 -2.3515 0.9438
7.7995 -11.9570 -2.3518 0.9438
8.4108 -11.9353 -2.4054 0.9425
9.6191 -11.7585 -2.5027 0.9403
10.0429 -11.4150 -2.5047 0.9402
10.4465 -11.0478 -2.5048 0.9402
11.2130 -10.2712 -2.5051 0.9402
11.5748 -9.8627 -2.5052 0.9402
11.9217 -9.4414 -2.5053 0.9402
12.8687 -8.1066 -2.5056 0.9402
13.1517 -7.6399 -2.5056 0.9402
13.6666 -6.6775 -2.5058 0.9402
14.3061 -5.1707 -2.5060 0.9402
14.7797 -3.6036 -2.5061 0.9402
15.2124 0.1835 -2.5063 0.9402
15.1599 1.2739 -2.5062 0.9402
15.1044 1.8171 -2.5062 0.9402
15.0293 2.3578 -2.5062 0.9402
14.9348 2.8955 -2.5062 0.9402
14.8211 3.4295 -2.5061 0.9402
14.6883 3.9590 -2.5061 0.9402
14.5365 4.4834 -2.5060 0.9402
14.1769 5.5141 -2.5059 0.9402
13.5277 6.4135 -2.4663 0.9411
12.6831 6.5805 -2.3539 0.9437
12.4351 7.0293 -2.3532 0.9437
12.1745 7.4707 -2.3531 0.9437
11.8982 7.9024 -2.3530 0.9437
11.3000 8.7346 -2.3528 0.9437
10.9788 9.1341 -2.3527 0.9437
10.6435 9.5217 -2.3526 0.9437
8.7711 11.2657 -2.3521 0.9438
8.3608 11.5725 -2.3519 0.9438
7.9397 11.8644 -2.3518 0.9438
7.0676 12.4019 -2.3515 0.9438
6.6177 12.6467 -2.3514 0.9438
5.6930 13.0872 -2.3511 0.9438
2.8200 8.0093 -1.3988 0.9662
4.2530 13.6206 -2.3507 0.9438
1.7550 14.1720 -2.3525 0.9438
0.4863 9.4464 -1.5583 0.9624
0.1505 9.6787 -1.5947 0.9615
-1.8216 14.1530 -2.3508 0.9438
-3.8234 13.7318 -2.3482 0.9439
-4.3134 13.5849 -2.3481 0.9439
-4.7977 13.4205 -2.3479 0.9439
-5.2759 13.2389 -2.3478 0.9439
-6.6667 12.5931 -2.3473 0.9439
-7.5518 12.0812 -2.3471 0.9439
-8.8048 11.1979 -2.3467 0.9439
-9.9556 10.1854 -2.3463 0.9439
-10.3142 9.8212 -2.3462 0.9439
-10.9910 9.0554 -2.3460 0.9439
-11.3084 8.6548 -2.3459 0.9439
-11.6112 8.2432 -2.3458 0.9439
-13.2336 7.3971 -2.4975 0.9404
-13.4901 6.9173 -2.4975 0.9404
-13.9506 5.9317 -2.4973 0.9404
-14.7838 3.3462 -2.4971 0.9404
-14.8942 2.8136 -2.4971 0.9404
-15.0573 1.7382 -2.4970 0.9404
-15.1430 0.6539 -2.4970 0.9404
-15.1509 -0.4338 -2.4970 0.9404
-15.0169 -2.0594 -2.4970 0.9404
-14.8309 -3.1311 -2.4971 0.9404
-14.2314 -5.2210 -2.4973 0.9404
-14.0353 -5.7284 -2.4973 0.9404
-13.5891 -6.7206 -2.4975 0.9404
-13.3396 -7.2040 -2.4975 0.9404
-12.7895 -8.1427 -2.4977 0.9404
-11.8419 -9.4710 -2.4980 0.9404
-11.4949 -9.8902 -2.4981 0.9404
-11.4040 -6.8258 -2.4981 0.9473
-11.1521 -7.2308 -2.4982 0.9473
-10.8859 -7.6265 -2.4983 0.9473
-10.6056 -8.0125 -2.4984 0.9473
-10.3116 -8.3881 -2.4985 0.9473
-9.3517 -9.4487 -2.4988 0.9473
-9.0070 -9.7786 -2.4989 0.9473
-8.6507 -10.0959 -2.4990 0.9473
-8.2833 -10.4003 -2.4991 0.9473
-7.9039 -10.6896 -2.4988 0.9473
-7.0595 -11.1383 -2.4786 0.9477
-6.0082 -11.1799 -2.3856 0.9497
-5.5143 -11.2075 -2.3477 0.9504
-5.1089 -11.3987 -2.3479 0.9504
-4.6969 -11.5753 -2.3480 0.9504
-4.2787 -11.7370 -2.3481 0.9504
-3.8551 -11.8837 -2.3483 0.9504
-3.4264 -12.0150 -2.3484 0.9504
-1.2273 -12.4372 -2.3491 0.9504
-0.7803 -12.4739 -2.3492 0.9504
0.5647 -12.4877 -2.3496 0.9504
1.4590 -12.4165 -2.3499 0.9504
2.7853 -12.1899 -2.3503 0.9504
3.2210 -12.0829 -2.3504 0.9504
4.0797 -11.8221 -2.3507 0.9504
4.5015 -11.6687 -2.3508 0.9504
5.4564 -11.5914 -2.4080 0.9492
6.5070 -11.5857 -2.4976 0.9474
7.3395 -11.1170 -2.5039 0.9472
8.4928 -10.2654 -2.5042 0.9472
9.2079 -9.6307 -2.5044 0.9472
9.5479 -9.2946 -2.5045 0.9472
10.4926 -8.2157 -2.5048 0.9472
10.7810 -7.8342 -2.5049 0.9472
11.3158 -7.0413 -2.5051 0.9472
11.5615 -6.6310 -2.5052 0.9472
12.2080 -5.3506 -2.5053 0.9472
12.3924 -4.9093 -2.5054 0.9472
12.5608 -4.4616 -2.5055 0.9472
12.8489 -3.5494 -2.5055 0.9472
12.9681 -3.0861 -2.5056 0.9472
13.1564 -2.1482 -2.5056 0.9472
13.2251 -1.6748 -2.5057 0.9472
13.2767 -1.1992 -2.5057 0.9472
13.3113 -0.7221 -2.5057 0.9472
13.3286 -0.2440 -2.5057 0.9472
13.2776 1.1897 -2.5057 0.9472
13.2263 1.6653 -2.5056 0.9472
12.8514 3.5401 -2.5055 0.9472
12.7159 3.9989 -2.5055 0.9472
12.3958 4.9003 -2.5054 0.9472
12.2118 5.3418 -2.5053 0.9472
12.0119 5.7764 -2.5053 0.9472
11.7966 6.2035 -2.5052 0.9472
10.3878 6.9822 -2.3526 0.9503
10.1302 7.3502 -2.3525 0.9503
9.8596 7.7087 -2.3524 0.9503
9.5763 8.0572 -2.3523 0.9503
9.2807 8.3953 -2.3522 0.9503
8.9731 8.7225 -2.3521 0.9503
8.3238 9.3428 -2.3519 0.9503
6.5211 10.6759 -2.3514 0.9504
5.3353 11.3130 -2.3510 0.9504
4.9257 11.4966 -2.3509 0.9504
4.5098 11.6653 -2.3508 0.9504
3.6612 11.9573 -2.3505 0.9504
2.7940 12.1877 -2.3502 0.9504
1.9125 12.3553 -2.3500 0.9504
0.7842 9.5652 -1.8039 0.9617
0.4348 9.4636 -1.7807 0.9622
0.0972 9.7028 -1.8238 0.9613
-0.3233 12.4946 -2.3493 0.9504
-1.2184 12.4378 -2.3490 0.9504
-1.6637 12.3854 -2.3489 0.9504
-2.1069 12.3170 -2.3487 0.9504
-2.5474 12.2328 -2.3486 0.9504
-3.8465 11.8862 -2.3482 0.9504
-4.6885 11.5785 -2.3480 0.9504
-5.1006 11.4022 -2.3478 0.9504
-5.5061 11.2113 -2.3477 0.9504
-5.9046 11.0059 -2.3476 0.9504
-6.6780 10.5531 -2.3473 0.9504
-8.4523 9.1896 -2.3468 0.9505
-8.7762 8.8801 -2.3467 0.9505
-9.0888 8.5591 -2.3466 0.9505
-9.3897 8.2271 -2.3465 0.9505
-12.0664 5.5690 -2.4979 0.9473
-12.2582 5.1323 -2.4979 0.9473
-12.8654 3.3256 -2.4977 0.9474
-12.9762 2.8618 -2.4976 0.9474
-13.2517 0.9759 -2.4976 0.9474
-13.2782 0.4999 -2.4975 0.9474
-13.2799 -0.4537 -2.4975 0.9474
-13.2133 -1.4049 -2.4976 0.9474
-12.8769 -3.2808 -2.4977 0.9474
-12.7511 -3.7408 -2.4977 0.9474
-12.4505 -4.6458 -2.4978 0.9473
-12.2760 -5.0896 -2.4979 0.9473
-11.8800 -5.9572 -2.4980 0.9473
-11.6589 -6.3798 -2.4981 0.9473
-11.4228 -6.7942 -2.4981 0.9473
-11.1720 -7.1999 -2.4982 0.9473
-10.6277 -7.9831 -2.4984 0.9473
-10.3347 -8.3596 -2.4985 0.9473
-9.7094 -9.0799 -2.4987 0.9473
-9.0340 -9.7537 -2.4989 0.9473
-8.6786 -10.0720 -2.4990 0.9473
-8.3120 -10.3774 -2.4991 0.9473
-7.9344 -10.6691 -2.4991 0.9473
-7.5341 -10.9289 -2.4950 0.9474
-7.1016 -11.1365 -2.4826 0.9477
-6.5645 -11.1581 -2.4333 0.9487
-3.4596 -12.0054 -2.3484 0.9504
-1.7069 -12.3797 -2.3489 0.9504
-1.2616 -12.4337 -2.3490 0.9504
-0.3668 -12.4936 -2.3493 0.9504
0.9780 -12.4628 -2.3497 0.9504
1.4247 -12.4205 -2.3499 0.9504
2.3120 -12.2877 -2.3501 0.9504
2.7516 -12.1975 -2.3503 0.9504
3.1876 -12.0917 -2.3504 0.9504
4.0470 -11.8332 -2.3507 0.9504
4.4692 -11.6810 -2.3508 0.9504
5.4160 -11.5884 -2.4043 0.9493
6.8989 -11.3831 -2.5019 0.9473
7.3087 -11.1372 -2.5039 0.9472
7.7040 -10.8683 -2.5040 0.9472
8.0894 -10.5854 -2.5041 0.9472
8.4643 -10.2888 -2.5042 0.9472
8.8285 -9.9789 -2.5043 0.9472
9.1812 -9.6561 -2.5044 0.9472
9.5222 -9.3208 -2.5045 0.9472
10.4698 -8.2446 -2.5048 0.9472
11.0348 -7.4731 -2.5050 0.9472
11.2962 -7.0725 -2.5051 0.9472
11.9918 -5.8182 -2.5053 0.9472
12.1932 -5.3843 -2.5053 0.9472
12.8390 -3.5849 -2.5055 0.9472
12.9596 -3.1219 -2.5056 0.9472
13.2204 -1.7113 -2.5057 0.9472
13.2734 -1.2359 -2.5057 0.9472
13.3092 -0.7588 -2.5057 0.9472
13.3279 -0.2808 -2.5057 0.9472
13.3137 0.6757 -2.5057 0.9472
12.7269 3.9638 -2.5055 0.9472
12.5762 4.4178 -2.5054 0.9472
12.4094 4.8661 -2.5054 0.9472
12.2265 5.3081 -2.5053 0.9472
11.8137 6.1709 -2.5052 0.9472
11.5602 6.5769 -2.4999 0.9473
11.0290 6.8098 -2.4363 0.9486
10.4071 6.9535 -2.3526 0.9503
9.8809 7.6814 -2.3524 0.9503
9.5985 8.0307 -2.3523 0.9503
9.3039 8.3696 -2.3522 0.9503
8.9972 8.6977 -2.3521 0.9503
8.6790 9.0146 -2.3520 0.9503
8.0095 9.6129 -2.3518 0.9503
6.9291 10.4165 -2.3515 0.9504
6.5506 10.6579 -2.3514 0.9504
6.1637 10.8855 -2.3513 0.9504
5.7688 11.0991 -2.3512 0.9504
4.9575 11.4830 -2.3509 0.9504
4.5420 11.6528 -2.3508 0.9504
4.1208 11.8076 -2.3506 0.9504
3.6943 11.9472 -2.3505 0.9504
2.8276 12.1800 -2.3503 0.9504
2.3887 12.2729 -2.3501 0.9504
1.5022 12.4112 -2.3498 0.9504
0.8118 9.5775 -1.8067 0.9616
0.1238 9.6839 -1.8204 0.9613
-0.6007 10.1717 -1.9152 0.9594
-1.6295 12.3900 -2.3489 0.9504
-2.5136 12.2398 -2.3486 0.9504
-2.9510 12.1411 -2.3485 0.9504
-3.8136 11.8968 -2.3482 0.9504
-4.2378 11.7517 -2.3481 0.9504
-5.0691 11.4163 -2.3478 0.9504
-5.4752 11.2265 -2.3477 0.9504
-5.8742 11.0222 -2.3476 0.9504
-6.6488 10.5715 -2.3474 0.9504
-7.0235 10.3257 -2.3472 0.9504
-8.0913 9.5098 -2.3469 0.9505
-8.4269 9.2130 -2.3468 0.9505
-9.6567 7.9114 -2.3464 0.9505
-11.1268 7.2695 -2.4982 0.9473
-11.8425 6.0312 -2.4980 0.9473
-12.0510 5.6023 -2.4979 0.9473
-12.2440 5.1662 -2.4979 0.9473
-12.4212 4.7234 -2.4978 0.9473
-12.7275 3.8204 -2.4977 0.9474
-12.8562 3.3612 -2.4977 0.9474
-13.0638 2.4305 -2.4976 0.9474
-13.2042 1.4873 -2.4976 0.9474
-13.2875 0.0598 -2.4975 0.9474
-13.2811 -0.4170 -2.4975 0.9474
-13.2576 -0.8932 -2.4976 0.9474
-13.2171 -1.3684 -2.4976 0.9474
-13.1596 -1.8417 -2.4976 0.9474
-13.0851 -2.3127 -2.4976 0.9474
-12.7614 -3.7056 -2.4977 0.9474
-12.4632 -4.6114 -2.4978 0.9473
-12.2900 -5.0557 -2.4979 0.9473
-12.1010 -5.4935 -2.4979 0.9473
-11.1919 -7.1690 -2.4982 0.9473
-10.9278 -7.5662 -2.4983 0.9473
-8.7063 -10.0479 -2.4990 0.9473
-8.3406 -10.3543 -2.4991 0.9473
-6.0865 -11.1769 -2.3921 0.9495
-5.5869 -11.1984 -2.3523 0.9503
-4.7607 -11.5491 -2.3480 0.9504
-4.3435 -11.7131 -2.3481 0.9504
-3.9206 -11.8621 -2.3482 0.9504
-2.1838 -12.3037 -2.3488 0.9504
-0.8492 -12.4693 -2.3492 0.9504
0.0472 -12.4996 -2.3494 0.9504
0.4957 -12.4905 -2.3496 0.9504
0.9436 -12.4655 -2.3497 0.9504
2.2780 -12.2940 -2.3501 0.9504
2.7179 -12.2050 -2.3503 0.9504
3.5865 -11.9801 -2.3505 0.9504
4.0143 -11.8443 -2.3507 0.9504
4.4369 -11.6933 -2.3508 0.9504
5.3757 -11.5855 -2.4006 0.9493
5.9097 -11.6248 -2.4511 0.9483
7.2779 -11.1573 -2.5039 0.9472
7.6739 -10.8895 -2.5040 0.9472
8.0600 -10.6076 -2.5041 0.9472
9.1545 -9.6814 -2.5044 0.9472
9.4963 -9.3471 -2.5045 0.9472
9.8260 -9.0007 -2.5046 0.9472
10.1430 -8.6427 -2.5047 0.9472
10.4470 -8.2735 -2.5048 0.9472
10.7374 -7.8936 -2.5049 0.9472
11.2766 -7.1037 -2.5051 0.9472
11.9757 -5.8513 -2.5053 0.9472
12.3651 -4.9776 -2.5054 0.9472
12.5359 -4.5309 -2.5054 0.9472
12.6907 -4.0782 -2.5055 0.9472
12.8290 -3.6203 -2.5055 0.9472
13.1443 -2.2209 -2.5056 0.9472
13.2156 -1.7478 -2.5057 0.9472
13.3071 -0.7956 -2.5057 0.9472
13.3155 0.6389 -2.5057 0.9472
13.2353 1.5922 -2.5057 0.9472
13.0868 2.5372 -2.5056 0.9472
12.8708 3.4691 -2.5055 0.9472
12.5884 4.3830 -2.5054 0.9472
12.2411 5.2743 -2.5053 0.9472
9.6207 8.0042 -2.3523 0.9503
9.3270 8.3439 -2.3522 0.9503
8.0360 9.5908 -2.3518 0.9503
6.9579 10.3973 -2.3515 0.9504
6.5801 10.6398 -2.3514 0.9504
6.1937 10.8684 -2.3513 0.9504
5.7995 11.0831 -2.3512 0.9504
5.3978 11.2835 -2.3510 0.9504
4.9892 11.4693 -2.3509 0.9504
4.5742 11.6403 -2.3508 0.9504
2.8196 8.0081 -1.5958 0.9660
3.7273 11.9370 -2.3505 0.9504
3.2964 12.0624 -2.3504 0.9504
2.8613 12.1722 -2.3503 0.9504
1.9808 12.3447 -2.3500 0.9504
0.8396 9.5899 -1.8094 0.9616
-1.1496 12.4445 -2.3490 0.9504
-1.5953 12.3945 -2.3489 0.9504
-3.3513 12.0361 -2.3484 0.9504
-4.2054 11.7634 -2.3481 0.9504
-4.6245 11.6043 -2.3480 0.9504
-5.0376 11.4303 -2.3478 0.9504
-5.4442 11.2416 -2.3477 0.9504
-6.6196 10.5899 -2.3474 0.9504
-7.7181 9.8158 -2.3470 0.9504
-8.0650 9.5322 -2.3469 0.9505
-8.4015 9.2363 -2.3468 0.9505
-8.7271 8.9285 -2.3467 0.9505
-9.0415 8.6092 -2.3466 0.9505
-9.3442 8.2790 -2.3465 0.9505
-10.2622 7.8542 -2.4290 0.9488
-10.8179 7.6800 -2.4936 0.9474
-11.1067 7.3002 -2.4982 0.9473
-11.8258 6.0639 -2.4980 0.9473
-12.0355 5.6356 -2.4979 0.9473
-12.2297 5.2000 -2.4979 0.9473
-12.4081 4.7577 -2.4978 0.9473
-12.5706 4.3094 -2.4978 0.9474
-13.1370 1.9964 -2.4976 0.9474
-13.2001 1.5238 -2.4976 0.9474
-13.2462 1.0492 -2.4976 0.9474
-13.2752 0.5732 -2.4975 0.9474
-13.2600 -0.8566 -2.4976 0.9474
-13.2208 -1.3318 -2.4976 0.9474
-13.0914 -2.2766 -2.4976 0.9474
-13.0015 -2.7449 -2.4976 0.9474
-12.7715 -3.6703 -2.4977 0.9474
-12.4759 -4.5769 -2.4978 0.9473
-12.3039 -5.0217 -2.4979 0.9473
-12.1161 -5.4601 -2.4979 0.9473
-10.9486 -7.5360 -2.4983 0.9473
-10.6716 -7.9242 -2.4984 0.9473
-10.3807 -8.3023 -2.4985 0.9473
-10.0765 -8.6698 -2.4985 0.9473
-9.7594 -9.0261 -2.4986 0.9473
-9.0877 -9.7035 -2.4988 0.9473
-10.1421 -6.0704 -2.4985 0.9528
-9.9181 -6.4306 -2.4986 0.9528
-9.4319 -7.1258 -2.4987 0.9528
-8.8972 -7.7843 -2.4989 0.9528
-8.6125 -8.0988 -2.4990 0.9528
-8.0100 -8.6963 -2.4992 0.9528
-7.3664 -9.2491 -2.4994 0.9528
-7.0301 -9.5078 -2.4995 0.9528
-5.9685 -10.2095 -2.4998 0.9528
-5.5985 -10.4176 -2.4999 0.9528
-5.2214 -10.6122 -2.5000 0.9528
-4.8358 -10.7895 -2.4993 0.9528
-4.0423 -11.0884 -2.4948 0.9529
-2.7743 -11.2434 -2.4479 0.9538
-2.3525 -11.2564 -2.4308 0.9541
-1.9359 -11.2687 -2.4169 0.9543
-1.1142 -11.2912 -2.3983 0.9547
0.1053 -11.3205 -2.3930 0.9548
0.5123 -11.3292 -2.3972 0.9547
0.9213 -11.3373 -2.4044 0.9546
1.3332 -11.3463 -2.4149 0.9544
1.7497 -11.3572 -2.4290 0.9541
2.1715 -11.3678 -2.4464 0.9538
2.6007 -11.3823 -2.4680 0.9534
3.0390 -11.4001 -2.4939 0.9529
3.4506 -11.2984 -2.4971 0.9528
3.8577 -11.1789 -2.4997 0.9528
5.0436 -10.7143 -2.5032 0.9527
5.4250 -10.5269 -2.5033 0.9527
6.5257 -9.8843 -2.5036 0.9527
8.1867 -8.5627 -2.5041 0.9527
8.4889 -8.2637 -2.5042 0.9527
8.7803 -7.9541 -2.5043 0.9527
9.0604 -7.6342 -2.5044 0.9527
9.3287 -7.3044 -2.5045 0.9527
9.5851 -6.9652 -2.5046 0.9527
9.8292 -6.6170 -2.5046 0.9527
10.4841 -5.5229 -2.5048 0.9527
10.6758 -5.1433 -2.5049 0.9527
11.0176 -4.3646 -2.5050 0.9527
11.4234 -3.1556 -2.5051 0.9527
11.6205 -2.3283 -2.5052 0.9527
4.7411 -0.0868 -1.0023 0.9808
4.7821 0.0841 -1.0110 0.9806
5.0289 0.2692 -1.0645 0.9796
11.7588 1.4805 -2.5052 0.9527
11.6222 2.3200 -2.5052 0.9527
11.5313 2.7354 -2.5051 0.9527
11.1701 3.9585 -2.5050 0.9527
11.0206 4.3567 -2.5050 0.9527
10.0649 6.2529 -2.5047 0.9527
8.2514 7.4642 -2.3519 0.9555
7.6943 8.0361 -2.3517 0.9555
7.4007 8.3067 -2.3517 0.9555
7.0976 8.5665 -2.3516 0.9555
6.7854 8.8153 -2.3515 0.9555
6.1352 9.2784 -2.3513 0.9555
5.7981 9.4922 -2.3512 0.9555
5.4535 9.6937 -2.3511 0.9555
5.1020 9.8827 -2.3509 0.9555
4.3797 10.2221 -2.3507 0.9556
4.0099 10.3722 -2.3506 0.9556
2.7398 7.9210 -1.7717 0.9663
3.2554 10.6320 -2.3504 0.9556
2.8717 10.7414 -2.3503 0.9556
1.0260 8.6783 -1.8472 0.9649
0.7140 8.7090 -1.8471 0.9649
0.0879 8.7706 -1.8540 0.9648
-0.2277 8.8016 -1.8611 0.9646
-1.0834 11.0600 -2.3491 0.9556
-1.4795 11.0135 -2.3489 0.9556
-1.8736 10.9527 -2.3488 0.9556
-3.4205 10.5699 -2.3483 0.9556
-5.5984 9.5923 -2.3477 0.9556
-5.9387 9.3848 -2.3476 0.9556
-9.4267 7.1325 -2.4987 0.9528
-9.6763 6.7894 -2.4986 0.9528
-9.9134 6.4377 -2.4986 0.9528
-10.1377 6.0777 -2.4985 0.9528
-10.5469 5.3347 -2.4984 0.9528
-11.0584 4.1703 -2.4982 0.9528
-11.2008 3.7707 -2.4982 0.9528
-11.6932 1.7110 -2.4980 0.9528
-11.7470 1.2903 -2.4980 0.9528
-11.7857 0.8680 -2.4980 0.9528
-11.8092 0.4446 -2.4980 0.9528
-11.8107 -0.4035 -2.4980 0.9528
-11.7886 -0.8270 -2.4980 0.9528
-11.7514 -1.2494 -2.4980 0.9528
-11.3403 -3.3269 -2.4981 0.9528
-10.3688 -5.6739 -2.4984 0.9528
-9.9358 -6.4032 -2.4986 0.9528
-9.4515 -7.0997 -2.4987 0.9528
-8.6348 -8.0750 -2.4990 0.9528
-8.3398 -8.3799 -2.4991 0.9528
-8.0340 -8.6741 -2.4992 0.9528
-7.7179 -8.9571 -2.4993 0.9528
-7.3919 -9.2287 -2.4994 0.9528
-7.0563 -9.4883 -2.4995 0.9528
-6.3582 -9.9708 -2.4997 0.9528
-5.9966 -10.1930 -2.4998 0.9528
-5.6273 -10.4020 -2.4999 0.9528
-5.2507 -10.5977 -2.5000 0.9528
-4.4719 -10.9341 -2.4971 0.9529
-3.6702 -11.2083 -2.4930 0.9529
-3.2357 -11.2286 -2.4701 0.9533
-2.8070 -11.2424 -2.4494 0.9537
-2.3848 -11.2554 -2.4320 0.9541
-1.9678 -11.2678 -2.4178 0.9543
-1.5551 -11.2794 -2.4068 0.9545
-0.3320 -11.3105 -2.3919 0.9548
1.3014 -11.3454 -2.4139 0.9544
1.7175 -11.3564 -2.4278 0.9541
3.0050 -11.3987 -2.4918 0.9529
3.4191 -11.3070 -2.4970 0.9529
4.6256 -10.9006 -2.5030 0.9527
5.3959 -10.5418 -2.5033 0.9527
6.1386 -10.1286 -2.5035 0.9527
6.4983 -9.9023 -2.5036 0.9527
8.1630 -8.5852 -2.5041 0.9527
8.7583 -7.9783 -2.5043 0.9527
9.0392 -7.6592 -2.5044 0.9527
9.3085 -7.3301 -2.5045 0.9527
9.8108 -6.6441 -2.5046 0.9527
10.0432 -6.2880 -2.5047 0.9527
10.4688 -5.5518 -2.5048 0.9527
10.8405 -4.7870 -2.5049 0.9527
11.0055 -4.3950 -2.5050 0.9527
11.1563 -3.9974 -2.5050 0.9527
11.2927 -3.5946 -2.5051 0.9527
11.4146 -3.1871 -2.5051 0.9527
11.6140 -2.3604 -2.5052 0.9527
11.6914 -1.9422 -2.5052 0.9527
4.8525 -0.6282 -1.0343 0.9802
4.7317 -0.2698 -1.0018 0.9808
4.7401 -0.0999 -1.0022 0.9808
4.7771 0.0708 -1.0099 0.9807
4.9929 0.2534 -1.0568 0.9798
11.8073 1.0251 -2.5052 0.9527
11.7629 1.4480 -2.5052 0.9527
11.7032 1.8691 -2.5052 0.9527
11.5388 2.7036 -2.5051 0.9527
11.3149 3.5240 -2.5051 0.9527
10.8701 4.7192 -2.5049 0.9527
10.5032 5.4864 -2.5048 0.9527
10.2993 5.8595 -2.5047 0.9527
9.8469 6.5793 -2.5033 0.9527
9.5847 6.9141 -2.4981 0.9528
9.0827 7.0609 -2.4318 0.9541
8.5351 7.1410 -2.3523 0.9555
7.9994 7.7331 -2.3518 0.9555
7.1213 8.5469 -2.3516 0.9555
6.8098 8.7966 -2.3515 0.9555
6.4895 9.0349 -2.3514 0.9555
5.8243 9.4762 -2.3512 0.9555
5.4803 9.6786 -2.3511 0.9555
5.1293 9.8686 -2.3510 0.9555
4.7717 10.0458 -2.3508 0.9555
2.7592 7.9062 -1.7701 0.9663
3.2848 10.6230 -2.3504 0.9556
2.1239 10.9128 -2.3500 0.9556
1.3627 8.6452 -1.8500 0.9649
0.4256 8.7373 -1.8491 0.9649
0.1121 8.7682 -1.8536 0.9648
-1.0528 11.0630 -2.3491 0.9556
-2.2352 10.8842 -2.3487 0.9556
-4.1409 10.3079 -2.3481 0.9556
-4.5078 10.1522 -2.3480 0.9556
-5.2238 9.8019 -2.3478 0.9556
-5.5719 9.6077 -2.3477 0.9556
-6.2460 9.1826 -2.3475 0.9556
-6.5712 8.9522 -2.3474 0.9556
-7.1957 8.4572 -2.3472 0.9556
-7.4942 8.1933 -2.3471 0.9556
-8.8440 7.7923 -2.4916 0.9530
-9.4070 7.1585 -2.4987 0.9528
-9.6575 6.8161 -2.4986 0.9528
-9.8956 6.4650 -2.4986 0.9528
-10.1209 6.1057 -2.4985 0.9528
-10.3332 5.7385 -2.4984 0.9528
-10.5322 5.3639 -2.4984 0.9528
-10.7176 4.9824 -2.4983 0.9528
-11.1903 3.8017 -2.4982 0.9528
-11.3193 3.3977 -2.4981 0.9528
-11.6185 2.1616 -2.4981 0.9528
-11.6885 1.7433 -2.4980 0.9528
-11.7434 1.3228 -2.4980 0.9528
-11.7832 0.9006 -2.4980 0.9528
-11.8118 -0.3708 -2.4980 0.9528
-11.7909 -0.7944 -2.4980 0.9528
-11.7548 -1.2170 -2.4980 0.9528
-11.5563 -2.4731 -2.4981 0.9528
-11.2241 -3.7007 -2.4982 0.9528
-10.7621 -4.8857 -2.4983 0.9528
-10.5801 -5.2688 -2.4984 0.9528
-10.3845 -5.6452 -2.4984 0.9528
-10.1755 -6.0143 -2.4985 0.9528
-9.9534 -6.3757 -2.4986 0.9528
-9.7185 -6.7289 -2.4986 0.9528
-9.2115 -7.4090 -2.4988 0.9528
-8.9400 -7.7350 -2.4989 0.9528
-8.6570 -8.0511 -2.4990 0.9528
-8.0580 -8.6518 -2.4992 0.9528
-7.0825 -9.4688 -2.4995 0.9528
-6.7385 -9.7172 -2.4996 0.9528
-6.3857 -9.9531 -2.4997 0.9528
-6.0248 -10.1763 -2.4998 0.9528
-5.6560 -10.3864 -2.4999 0.9528
-4.8961 -10.7642 -2.4997 0.9528
-4.1040 -11.0673 -2.4951 0.9529
-3.7014 -11.1987 -2.4931 0.9529
-3.2690 -11.2275 -2.4718 0.9533
-2.8397 -11.2414 -2.4508 0.9537
-1.5868 -11.2785 -2.4075 0.9545
-1.1771 -11.2896 -2.3993 0.9547
-0.7696 -11.3000 -2.3941 0.9548
-0.3633 -11.3098 -2.3919 0.9548
0.0428 -11.3191 -2.3927 0.9548
0.4496 -11.3279 -2.3964 0.9547
1.2695 -11.3446 -2.4130 0.9544
2.5340 -11.3795 -2.4643 0.9535
3.7953 -11.1982 -2.4993 0.9528
4.1994 -11.0672 -2.5021 0.9528
4.9843 -10.7419 -2.5032 0.9527
5.3667 -10.5567 -2.5033 0.9527
6.4709 -9.9202 -2.5036 0.9527
6.8230 -9.6820 -2.5037 0.9527
7.1663 -9.4314 -2.5038 0.9527
8.7362 -8.0025 -2.5043 0.9527
9.2882 -7.3558 -2.5045 0.9527
9.5464 -7.0180 -2.5045 0.9527
9.7924 -6.6712 -2.5046 0.9527
10.9933 -4.4254 -2.5050 0.9527
11.2827 -3.6258 -2.5051 0.9527
11.6075 -2.3925 -2.5052 0.9527
11.6859 -1.9745 -2.5052 0.9527
4.8702 -0.6441 -1.0384 0.9801
4.7467 -0.4552 -1.0080 0.9807
4.7318 -0.2829 -1.0020 0.9808
4.7391 -0.1129 -1.0020 0.9808
4.9574 0.2379 -1.0491 0.9799
11.8101 0.9924 -2.5052 0.9527
11.7668 1.4156 -2.5052 0.9527
11.5462 2.6717 -2.5051 0.9527
11.4428 3.0842 -2.5051 0.9527
11.3246 3.4928 -2.5051 0.9527
11.1918 3.8968 -2.5050 0.9527
10.7076 5.0765 -2.5049 0.9527
10.5184 5.4573 -2.5048 0.9527
10.3155 5.8311 -2.5048 0.9527
10.0994 6.1973 -2.5047 0.9527
9.6053 6.8886 -2.4985 0.9528
9.1269 7.0549 -2.4384 0.9539
8.5724 7.1320 -2.3572 0.9554
8.0207 7.7110 -2.3518 0.9555
7.7386 7.9935 -2.3518 0.9555
6.8340 8.7778 -2.3515 0.9555
6.5144 9.0169 -2.3514 0.9555
4.4361 10.1979 -2.3507 0.9556
4.0672 10.3500 -2.3506 0.9556
2.9310 10.7255 -2.3503 0.9556
1.3868 8.6429 -1.8503 0.9648
0.4497 8.7350 -1.8488 0.9649
0.1363 8.7658 -1.8531 0.9648
-0.1790 8.7968 -1.8598 0.9647
-0.4969 8.8280 -1.8690 0.9645
-1.0223 11.0659 -2.3491 0.9556
-2.2051 10.8904 -2.3487 0.9556
-2.5943 10.8037 -2.3486 0.9556
-2.9801 10.7031 -2.3485 0.9556
-3.3621 10.5887 -2.3484 0.9556
-3.7397 10.4608 -2.3482 0.9556
-4.1124 10.3194 -2.3481 0.9556
-4.8414 9.9969 -2.3479 0.9556
-5.1967 9.8163 -2.3478 0.9556
-5.5453 9.6231 -2.3477 0.9556
-6.2207 9.1998 -2.3475 0.9556
-6.5465 8.9703 -2.3474 0.9556
-7.4716 8.2139 -2.3471 0.9556
-8.2052 7.8129 -2.3949 0.9547
-8.8143 7.8095 -2.4893 0.9530
-9.1148 7.5096 -2.4964 0.9529
-9.8777 6.4924 -2.4986 0.9528
-10.3173 5.7670 -2.4984 0.9528
-10.5173 5.3929 -2.4984 0.9528
-10.7038 5.0120 -2.4983 0.9528
-10.8765 4.6246 -2.4983 0.9528
-11.1798 3.8326 -2.4982 0.9528
-11.4255 3.0208 -2.4981 0.9528
-11.5264 2.6089 -2.4981 0.9528
-11.6836 1.7755 -2.4980 0.9528
-11.7807 0.9331 -2.4980 0.9528
-11.8066 0.5098 -2.4980 0.9528
-11.8127 -0.3382 -2.4980 0.9528
-11.7930 -0.7619 -2.4980 0.9528
-11.7082 -1.6056 -2.4980 0.9528
-11.6431 -2.0247 -2.4981 0.9528
-11.5631 -2.4412 -2.4981 0.9528
-11.4682 -2.8546 -2.4981 0.9528
-11.0955 -4.0705 -2.4982 0.9528
-10.9426 -4.4661 -2.4983 0.9528
-10.1920 -5.9861 -2.4985 0.9528
-9.7370 -6.7021 -2.4986 0.9528
-9.2319 -7.3835 -2.4988 0.9528
-8.9613 -7.7103 -2.4989 0.9528
-8.6792 -8.0271 -2.4990 0.9528
-8.4841 -6.4097 -2.4990 0.9572
-8.2489 -6.7101 -2.4991 0.9572
-6.9199 -8.0760 -2.4995 0.9572
-6.0127 -8.7738 -2.4998 0.9572
-4.6964 -9.5453 -2.5002 0.9572
-4.3511 -9.7080 -2.5003 0.9572
-4.0001 -9.8583 -2.5004 0.9572
-3.2832 -10.1207 -2.5006 0.9572
-1.8019 -10.4882 -2.5011 0.9572
-1.4244 -10.5466 -2.5012 0.9572
-1.0451 -10.5914 -2.5013 0.9572
-0.6645 -10.6225 -2.5014 0.9572
-0.2829 -10.6401 -2.5015 0.9572
0.4809 -10.6339 -2.5018 0.9572
0.8622 -10.6103 -2.5019 0.9572
1.6210 -10.5221 -2.5021 0.9572
1.9976 -10.4577 -2.5022 0.9572
2.3717 -10.3798 -2.5024 0.9572
2.7427 -10.2885 -2.5025 0.9572
3.4738 -10.0662 -2.5027 0.9572
4.5359 -9.6359 -2.5030 0.9572
4.8789 -9.4673 -2.5031 0.9572
5.5458 -9.0938 -2.5033 0.9572
5.8687 -8.8893 -2.5034 0.9572
6.4916 -8.4462 -2.5036 0.9572
6.7907 -8.2081 -2.5037 0.9572
8.8393 -5.9506 -2.5043 0.9572
9.0473 -5.6298 -2.5044 0.9572
9.4282 -4.9667 -2.5045 0.9572
9.7605 -4.2779 -2.5046 0.9572
9.9079 -3.9250 -2.5046 0.9572
10.0425 -3.5671 -2.5047 0.9572
10.1642 -3.2045 -2.5047 0.9572
10.4500 -2.0938 -2.5048 0.9572
4.4704 -0.7299 -1.0646 0.9816
4.3798 -0.3956 -1.0335 0.9821
4.3802 -0.2376 -1.0310 0.9821
4.3897 -0.0804 -1.0318 0.9821
4.4221 0.0778 -1.0395 0.9820
4.4747 0.2395 -1.0532 0.9818
4.6488 0.4165 -1.0969 0.9810
10.5197 1.7099 -2.5048 0.9572
10.2747 2.8304 -2.5047 0.9572
10.1664 3.1972 -2.5047 0.9572
10.0450 3.5598 -2.5047 0.9572
9.7635 4.2709 -2.5046 0.9572
9.4317 4.9599 -2.5045 0.9572
9.0513 5.6232 -2.5044 0.9572
8.8435 5.9442 -2.5043 0.9572
8.6243 6.2575 -2.5042 0.9572
8.3940 6.5627 -2.5042 0.9572
8.1444 6.8524 -2.5015 0.9572
6.9762 7.2861 -2.3708 0.9594
6.6555 7.4703 -2.3514 0.9597
6.1022 7.9278 -2.3513 0.9597
5.8137 8.1413 -2.3512 0.9597
5.5176 8.3444 -2.3511 0.9597
5.2144 8.5367 -2.3510 0.9597
4.9046 8.7179 -2.3509 0.9597
2.2343 9.7465 -2.3501 0.9597
0.7140 8.7090 -2.0537 0.9647
0.4015 8.7397 -2.0562 0.9647
0.0879 8.7705 -2.0614 0.9646
-1.3306 9.9057 -2.3490 0.9598
-2.0374 9.7839 -2.3488 0.9598
-2.3871 9.7040 -2.3487 0.9598
-2.7336 9.6117 -2.3486 0.9598
-4.0798 9.1202 -2.3481 0.9598
-5.6409 8.2439 -2.3477 0.9598
-7.4639 7.5522 -2.4955 0.9573
-8.7039 6.1072 -2.4989 0.9573
-8.9172 5.7908 -2.4989 0.9573
-9.1190 5.4669 -2.4988 0.9573
-9.3091 5.1361 -2.4988 0.9573
-9.4872 4.7987 -2.4987 0.9573
-9.8065 4.1058 -2.4986 0.9573
-10.2924 2.6605 -2.4985 0.9573
-10.4565 1.9155 -2.4984 0.9573
-10.6016 0.7808 -2.4984 0.9573
-10.6227 0.3999 -2.4984 0.9573
-10.6303 0.0185 -2.4984 0.9573
-10.5708 -1.1239 -2.4984 0.9573
-10.5237 -1.5025 -2.4984 0.9573
-10.3890 -2.2533 -2.4984 0.9573
-9.9604 -3.7166 -2.4986 0.9573
-9.8208 -4.0717 -2.4986 0.9573
-9.1380 -5.4352 -2.4988 0.9573
-8.5017 -6.3862 -2.4990 0.9572
-7.7670 -7.2634 -2.4992 0.9572
-6.9422 -8.0568 -2.4995 0.9572
-5.0615 -9.3562 -2.5001 0.9572
-4.3779 -9.6959 -2.5003 0.9572
-3.6716 -9.9858 -2.5005 0.9572
-3.3111 -10.1115 -2.5006 0.9572
-2.9463 -10.2243 -2.5007 0.9572
-2.5777 -10.3239 -2.5008 0.9572
-1.4536 -10.5426 -2.5012 0.9572
-0.6938 -10.6206 -2.5014 0.9572
-0.3123 -10.6392 -2.5015 0.9572
0.0696 -10.6440 -2.5016 0.9572
0.8329 -10.6126 -2.5019 0.9572
2.7143 -10.2959 -2.5025 0.9572
3.0821 -10.1924 -2.5026 0.9572
3.4459 -10.0757 -2.5027 0.9572
3.8054 -9.9460 -2.5028 0.9572
4.8527 -9.4807 -2.5031 0.9572
5.1900 -9.3009 -2.5032 0.9572
6.7680 -8.2268 -2.5037 0.9572
7.0590 -7.9789 -2.5038 0.9572
7.3410 -7.7208 -2.5039 0.9572
7.6136 -7.4527 -2.5039 0.9572
8.1290 -6.8879 -2.5041 0.9572
8.3711 -6.5920 -2.5042 0.9572
8.6025 -6.2875 -2.5042 0.9572
8.8228 -5.9750 -2.5043 0.9572
9.0317 -5.6547 -2.5044 0.9572
9.5877 -4.6518 -2.5045 0.9572
9.7486 -4.3049 -2.5046 0.9572
10.3612 -2.4960 -2.5048 0.9572
10.4442 -2.1226 -2.5048 0.9572
4.4746 -0.7433 -1.0660 0.9815
4.4245 -0.5727 -1.0485 0.9818
4.3823 -0.4080 -1.0344 0.9821
4.3802 -0.2497 -1.0311 0.9821
4.3887 -0.0925 -1.0317 0.9821
4.4708 0.2269 -1.0521 0.9818
4.5888 0.3984 -1.0825 0.9813
10.4572 2.0574 -2.5048 0.9572
10.3765 2.4313 -2.5048 0.9572
10.2825 2.8020 -2.5047 0.9572
10.1752 3.1691 -2.5047 0.9572
9.4454 4.9338 -2.5045 0.9572
9.2621 5.2694 -2.5044 0.9572
9.0668 5.5982 -2.5044 0.9572
8.6415 6.2337 -2.5042 0.9572
8.4121 6.5395 -2.5042 0.9572
8.1643 6.8308 -2.5018 0.9572
7.0110 7.2821 -2.3757 0.9593
6.6762 7.4519 -2.3514 0.9597
6.4043 7.6864 -2.3514 0.9597
5.5406 8.3291 -2.3511 0.9597
3.9643 9.1824 -2.3506 0.9597
2.9542 9.5540 -2.3503 0.9597
1.3627 8.6452 -2.0569 0.9647
1.0501 8.6760 -2.0539 0.9647
0.7380 8.7066 -2.0536 0.9647
0.1121 8.7682 -2.0609 0.9646
-0.2033 8.7992 -2.0686 0.9645
-2.0104 9.7895 -2.3488 0.9598
-2.3602 9.7106 -2.3487 0.9598
-3.0503 9.5155 -2.3485 0.9598
-3.7245 9.2715 -2.3483 0.9598
-4.0546 9.1314 -2.3482 0.9598
-4.3794 8.9797 -2.3481 0.9598
-5.0117 8.6418 -2.3479 0.9598
-5.3184 8.4561 -2.3478 0.9598
-5.6181 8.2595 -2.3477 0.9598
-5.9106 8.0523 -2.3476 0.9598
-6.1955 7.8347 -2.3475 0.9598
-7.1095 7.7726 -2.4757 0.9576
-7.4420 7.5718 -2.4952 0.9573
-8.2254 6.7388 -2.4991 0.9572
-8.4617 6.4391 -2.4990 0.9572
-8.6870 6.1312 -2.4989 0.9573
-8.9012 5.8154 -2.4989 0.9573
-9.1039 5.4921 -2.4988 0.9573
-9.2949 5.1618 -2.4988 0.9573
-9.6407 4.4818 -2.4987 0.9573
-9.7951 4.1329 -2.4986 0.9573
-10.0660 3.4197 -2.4985 0.9573
-10.3748 2.3181 -2.4984 0.9573
-10.6216 0.4292 -2.4984 0.9573
-10.6302 0.0479 -2.4984 0.9573
-10.6063 -0.7146 -2.4984 0.9573
-10.5278 -1.4734 -2.4984 0.9573
-10.3952 -2.2246 -2.4984 0.9573
-10.3088 -2.5962 -2.4985 0.9573
-10.2092 -2.9645 -2.4985 0.9573
-10.0964 -3.3289 -2.4985 0.9573
-9.8319 -4.0445 -2.4986 0.9573
-9.6807 -4.3948 -2.4987 0.9573
-9.5169 -4.7394 -2.4987 0.9573
-9.3410 -5.0779 -2.4988 0.9573
-9.1530 -5.4100 -2.4988 0.9573
-8.7419 -6.0527 -2.4989 0.9573
-8.2858 -6.6644 -2.4991 0.9572
-8.0416 -6.9576 -2.4992 0.9572
-7.7870 -7.2419 -2.4992 0.9572
-7.5224 -7.5169 -2.4993 0.9572
-7.2480 -7.7822 -2.4994 0.9572
-6.9644 -8.0376 -2.4995 0.9572
-6.6718 -8.2826 -2.4996 0.9572
-6.0610 -8.7404 -2.4998 0.9572
-5.7438 -8.9526 -2.4999 0.9572
-5.4191 -9.1533 -2.5000 0.9572
-5.0873 -9.3422 -2.5001 0.9572
-4.7491 -9.5191 -2.5002 0.9572
-4.4046 -9.6838 -2.5003 0.9572
-3.3390 -10.1023 -2.5006 0.9572
-2.2344 -10.4040 -2.5009 0.9572
-1.1036 -10.5854 -2.5013 0.9572
-0.3417 -10.6383 -2.5015 0.9572
0.4221 -10.6364 -2.5018 0.9572
1.1839 -10.5797 -2.5020 0.9572
1.5629 -10.5309 -2.5021 0.9572
2.3143 -10.3926 -2.5023 0.9572
2.6858 -10.3034 -2.5024 0.9572
3.0539 -10.2008 -2.5026 0.9572
3.4181 -10.0851 -2.5027 0.9572
4.1329 -9.8149 -2.5029 0.9572
4.4826 -9.6607 -2.5030 0.9572
4.8265 -9.4940 -2.5031 0.9572
5.1643 -9.3151 -2.5032 0.9572
5.4954 -9.1242 -2.5033 0.9572
6.4448 -8.4818 -2.5036 0.9572
6.7452 -8.2454 -2.5037 0.9572
7.0370 -7.9984 -2.5038 0.9572
7.3197 -7.7410 -2.5039 0.9572
7.5930 -7.4736 -2.5039 0.9572
8.3528 -6.6150 -2.5042 0.9572
8.5851 -6.3113 -2.5042 0.9572
8.8062 -5.9993 -2.5043 0.9572
9.0160 -5.6796 -2.5044 0.9572
9.5748 -4.6782 -2.5045 0.9572
9.7367 -4.3318 -2.5046 0.9572
9.8860 -3.9797 -2.5046 0.9572
10.1463 -3.2606 -2.5047 0.9572
10.2569 -2.8945 -2.5047 0.9572
10.4383 -2.1515 -2.5048 0.9572
4.4788 -0.7568 -1.0675 0.9815
4.3802 -0.2619 -1.0313 0.9821
4.3877 -0.1046 -1.0315 0.9821
4.4136 0.0532 -1.0374 0.9820
10.5290 1.6518 -2.5048 0.9572
10.4629 2.0285 -2.5048 0.9572
10.3832 2.4026 -2.5048 0.9572
10.0645 3.5043 -2.5047 0.9572
9.9322 3.8631 -2.5046 0.9572
9.4590 4.9077 -2.5045 0.9572
9.0822 5.5732 -2.5044 0.9572
8.6588 6.2098 -2.5042 0.9572
8.4301 6.5163 -2.5042 0.9572
8.1843 6.8091 -2.5022 0.9572
7.5137 7.2235 -2.4496 0.9581
7.0460 7.2780 -2.3808 0.9592
6.6968 7.4335 -2.3514 0.9597
6.1460 7.8940 -2.3513 0.9597
5.8586 8.1091 -2.3512 0.9597
5.2615 8.5077 -2.3510 0.9597
4.6375 8.8624 -2.3508 0.9597
3.9896 9.1714 -2.3506 0.9597
2.7751 7.8816 -1.9638 0.9662
2.9806 9.5458 -2.3503 0.9597
2.6361 9.6462 -2.3502 0.9597
1.0741 8.6736 -2.0541 0.9647
0.7620 8.7043 -2.0535 0.9647
0.4497 8.7350 -2.0556 0.9647
0.1363 8.7658 -2.0604 0.9646
-0.1790 8.7968 -2.0679 0.9645
-0.4969 8.8280 -2.0781 0.9643
-0.9194 9.9529 -2.3491 0.9598
-1.9833 9.7951 -2.3488 0.9598
-2.3334 9.7172 -2.3487 0.9598
-2.6804 9.6267 -2.3486 0.9598
-3.0240 9.5240 -2.3485 0.9598
-3.3636 9.4089 -2.3484 0.9598
-3.6989 9.2817 -2.3483 0.9598
-4.3546 8.9918 -2.3481 0.9598
-4.6743 8.8294 -2.3480 0.9598
-5.8884 8.0686 -2.3476 0.9598
-6.1739 7.8519 -2.3475 0.9598
-7.0704 7.7729 -2.4695 0.9577
-7.4201 7.5913 -2.4948 0.9573
-8.4439 6.4625 -2.4990 0.9572
-8.6701 6.1552 -2.4989 0.9573
-8.8851 5.8400 -2.4989 0.9573
-9.4605 4.8511 -2.4987 0.9573
-9.7837 4.1600 -2.4986 0.9573
-9.9265 3.8061 -2.4986 0.9573
-10.1736 3.0844 -2.4985 0.9573
-10.2775 2.7173 -2.4985 0.9573
-10.4458 1.9733 -2.4984 0.9573
-10.5098 1.5971 -2.4984 0.9573
-10.6300 0.0772 -2.4984 0.9573
-10.6082 -0.6853 -2.4984 0.9573
-10.5768 -1.0655 -2.4984 0.9573
-10.5318 -1.4443 -2.4984 0.9573
-10.4013 -2.1959 -2.4984 0.9573
-10.3159 -2.5678 -2.4985 0.9573
-9.8431 -4.0174 -2.4986 0.9573
-9.1679 -5.3846 -2.4988 0.9573
-8.7586 -6.0285 -2.4989 0.9573
-8.0607 -6.9354 -2.4992 0.9572
-8.2819 -4.9571 -2.4991 0.9609
-7.9054 -5.5385 -2.4992 0.9609
-7.7018 -5.8187 -2.4993 0.9609
-7.4883 -6.0915 -2.4993 0.9609
-7.0325 -6.6131 -2.4995 0.9609
-6.7909 -6.8614 -2.4995 0.9609
-6.5406 -7.1009 -2.4996 0.9609
-5.4582 -7.9646 -2.5000 0.9609
-5.1691 -8.1556 -2.5000 0.9609
-4.2632 -8.6648 -2.5003 0.9609
-3.9498 -8.8125 -2.5004 0.9609
-2.9803 -9.1870 -2.5007 0.9609
-1.2930 -9.5734 -2.5012 0.9609
-0.6032 -9.6423 -2.5014 0.9609
-0.2568 -9.6581 -2.5015 0.9609
0.0899 -9.6615 -2.5017 0.9609
0.4365 -9.6525 -2.5018 0.9609
0.7826 -9.6310 -2.5019 0.9609
1.4714 -9.5509 -2.5021 0.9609
2.4895 -9.3387 -2.5024 0.9609
2.8231 -9.2437 -2.5025 0.9609
3.1531 -9.1368 -2.5026 0.9608
3.4789 -9.0182 -2.5027 0.9608
3.8005 -8.8879 -2.5028 0.9608
4.1171 -8.7461 -2.5029 0.9608
4.4284 -8.5931 -2.5030 0.9608
4.7341 -8.4290 -2.5031 0.9608
5.0336 -8.2540 -2.5032 0.9608
5.3267 -8.0684 -2.5033 0.9608
5.8921 -7.6661 -2.5034 0.9608
6.1635 -7.4500 -2.5035 0.9608
6.4271 -7.2243 -2.5036 0.9608
6.6824 -6.9893 -2.5037 0.9608
6.9290 -6.7452 -2.5037 0.9608
7.1668 -6.4924 -2.5038 0.9608
7.6144 -5.9621 -2.5039 0.9608
7.8236 -5.6852 -2.5040 0.9608
8.0227 -5.4009 -2.5041 0.9608
8.5572 -4.5078 -2.5042 0.9608
8.8587 -3.8827 -2.5043 0.9608
8.9925 -3.5624 -2.5044 0.9608
9.2251 -2.9084 -2.5044 0.9608
9.3236 -2.5756 -2.5045 0.9608
4.1357 -0.6753 -1.0850 0.9828
4.1016 -0.5194 -1.0705 0.9831
4.0738 -0.3680 -1.0591 0.9832
4.0841 -0.0748 -1.0576 0.9833
4.1535 0.2223 -1.0769 0.9830
4.2067 0.3769 -1.0936 0.9827
9.5973 1.2084 -2.5045 0.9608
9.5477 1.5519 -2.5045 0.9608
9.2271 2.9018 -2.5044 0.9608
9.1169 3.2309 -2.5044 0.9608
8.9950 3.5559 -2.5044 0.9608
8.7165 4.1917 -2.5043 0.9608
8.2151 5.1038 -2.5041 0.9608
8.0265 5.3951 -2.5041 0.9608
7.8276 5.6795 -2.5040 0.9608
7.6186 5.9565 -2.5039 0.9608
7.1714 6.4872 -2.5038 0.9608
6.4174 7.2030 -2.4978 0.9609
5.2989 7.4205 -2.3609 0.9630
5.0081 7.5738 -2.3509 0.9632
4.7329 7.7483 -2.3508 0.9632
4.1647 8.0672 -2.3507 0.9632
2.7204 7.8648 -2.1547 0.9662
1.6349 8.5257 -2.2477 0.9648
1.0152 8.5866 -2.2387 0.9649
-0.2253 8.7086 -2.2556 0.9646
-0.5404 8.7396 -2.2671 0.9645
-0.8845 9.0296 -2.3491 0.9632
-1.5297 8.9422 -2.3489 0.9632
-2.7927 8.6300 -2.3485 0.9632
-3.1004 8.5239 -2.3484 0.9632
-3.7035 8.2789 -2.3483 0.9632
-3.9980 8.1404 -2.3482 0.9632
-4.2873 7.9914 -2.3481 0.9632
-4.5711 7.8321 -2.3480 0.9632
-5.7126 7.7377 -2.4903 0.9610
-5.9993 7.5436 -2.4955 0.9610
-6.2750 7.3340 -2.4991 0.9609
-6.5354 7.1055 -2.4996 0.9609
-6.7860 6.8663 -2.4995 0.9609
-7.0277 6.6181 -2.4994 0.9609
-7.2605 6.3615 -2.4994 0.9609
-7.4839 6.0968 -2.4993 0.9609
-7.6976 5.8242 -2.4992 0.9609
-7.9014 5.5441 -2.4992 0.9609
-8.0950 5.2569 -2.4991 0.9609
-8.2783 4.9629 -2.4991 0.9609
-8.4508 4.6626 -2.4990 0.9609
-8.9025 3.7273 -2.4989 0.9609
-9.0303 3.4054 -2.4988 0.9609
-9.1466 3.0792 -2.4988 0.9609
-9.2510 2.7490 -2.4988 0.9609
-9.4242 2.0785 -2.4987 0.9609
-9.4926 1.7390 -2.4987 0.9609
-9.5488 1.3972 -2.4987 0.9609
-9.5928 1.0537 -2.4987 0.9609
-9.6244 0.7088 -2.4987 0.9609
-9.6448 -0.3295 -2.4987 0.9609
-9.6268 -0.6753 -2.4987 0.9609
-9.5536 -1.3640 -2.4987 0.9609
-9.4314 -2.0456 -2.4987 0.9609
-8.6277 -4.3263 -2.4990 0.9609
-8.4671 -4.6332 -2.4990 0.9609
-8.2955 -4.9341 -2.4991 0.9609
-7.9207 -5.5166 -2.4992 0.9609
-7.7179 -5.7974 -2.4993 0.9609
-7.5051 -6.0707 -2.4993 0.9609
-7.0508 -6.5937 -2.4995 0.9609
-6.5602 -7.0828 -2.4996 0.9609
-6.3020 -7.3138 -2.4997 0.9609
-5.7616 -7.7475 -2.4999 0.9609
-5.4801 -7.9495 -2.4999 0.9609
-5.1916 -8.1413 -2.5000 0.9609
-4.8963 -8.3226 -2.5001 0.9609
-4.5947 -8.4932 -2.5002 0.9609
-4.2871 -8.6530 -2.5003 0.9609
-3.9741 -8.8015 -2.5004 0.9609
-3.6559 -8.9388 -2.5005 0.9609
-3.0056 -9.1787 -2.5007 0.9609
-2.6745 -9.2810 -2.5008 0.9609
-2.3398 -9.3714 -2.5009 0.9609
-1.6619 -9.5159 -2.5011 0.9609
-0.9752 -9.6113 -2.5013 0.9609
-0.2835 -9.6574 -2.5015 0.9609
0.0632 -9.6617 -2.5016 0.9609
1.4450 -9.5549 -2.5021 0.9609
2.1267 -9.4275 -2.5023 0.9609
2.7975 -9.2514 -2.5025 0.9609
3.1278 -9.1454 -2.5026 0.9609
3.4541 -9.0277 -2.5027 0.9608
3.7759 -8.8983 -2.5028 0.9608
4.4047 -8.6053 -2.5030 0.9608
5.8708 -7.6823 -2.5034 0.9608
6.1429 -7.4670 -2.5035 0.9608
6.4071 -7.2420 -2.5036 0.9608
6.6630 -7.0077 -2.5037 0.9608
6.9103 -6.7643 -2.5037 0.9608
7.3781 -6.2517 -2.5039 0.9608
7.5978 -5.9830 -2.5039 0.9608
8.1974 -5.1324 -2.5041 0.9608
8.5447 -4.5315 -2.5042 0.9608
8.7019 -4.2220 -2.5043 0.9608
8.8480 -3.9071 -2.5043 0.9608
8.9826 -3.5872 -2.5044 0.9608
9.1057 -3.2627 -2.5044 0.9608
9.3165 -2.6013 -2.5045 0.9608
9.4039 -2.2654 -2.5045 0.9608
9.4792 -1.9265 -2.5045 0.9608
4.1392 -0.6876 -1.0864 0.9828
4.0736 -0.3793 -1.0593 0.9832
4.0747 -0.2323 -1.0567 0.9833
4.1054 0.0609 -1.0631 0.9832
4.2024 0.3648 -1.0922 0.9827
9.5520 1.5256 -2.5045 0.9608
9.4178 2.2066 -2.5045 0.9608
9.3325 2.5431 -2.5045 0.9608
9.2351 2.8763 -2.5044 0.9608
8.5728 4.4780 -2.5042 0.9608
8.4064 4.7826 -2.5042 0.9608
8.2292 5.0811 -2.5041 0.9608
7.6350 5.9355 -2.5039 0.9608
7.1893 6.4674 -2.5038 0.9608
6.7010 6.9601 -2.5015 0.9609
6.4379 7.1860 -2.4981 0.9609
6.1173 7.3419 -2.4743 0.9613
5.7139 7.3810 -2.4168 0.9622
5.3280 7.4178 -2.3647 0.9630
5.0290 7.5600 -2.3509 0.9632
4.7543 7.7353 -2.3508 0.9632
3.8951 8.2004 -2.3506 0.9632
3.5983 8.3346 -2.3505 0.9632
2.0525 8.8412 -2.3500 0.9632
0.4211 8.6450 -2.2410 0.9649
-0.2012 8.7062 -2.2548 0.9647
-0.5160 8.7372 -2.2661 0.9645
-0.8345 8.7685 -2.2806 0.9643
-1.1830 8.9950 -2.3490 0.9632
-1.5049 8.9464 -2.3489 0.9632
-2.1425 8.8147 -2.3487 0.9632
-2.7689 8.6377 -2.3485 0.9632
-3.0769 8.5325 -2.3485 0.9632
-3.9755 8.1514 -2.3482 0.9632
-4.2652 8.0033 -2.3481 0.9632
-4.8685 7.7408 -2.3677 0.9629
-5.2645 7.7397 -2.4236 0.9621
-5.6798 7.7378 -2.4853 0.9611
-5.9777 7.5593 -2.4953 0.9610
-6.2541 7.3505 -2.4988 0.9609
-6.5158 7.1236 -2.4996 0.9609
-6.7670 6.8850 -2.4995 0.9609
-7.2429 6.3816 -2.4994 0.9609
-7.6815 5.8454 -2.4992 0.9609
-8.0805 5.2792 -2.4991 0.9609
-8.6005 4.3801 -2.4990 0.9609
-9.0209 3.4304 -2.4988 0.9609
-9.3369 2.4411 -2.4987 0.9609
-9.4184 2.1045 -2.4987 0.9609
-9.4878 1.7652 -2.4987 0.9609
-9.5449 1.4236 -2.4987 0.9609
-9.5898 1.0802 -2.4987 0.9609
-9.6223 0.7354 -2.4987 0.9609
-9.6456 -0.3028 -2.4987 0.9609
-9.5991 -0.9938 -2.4987 0.9609
-9.5033 -1.6796 -2.4987 0.9609
-9.4370 -2.0196 -2.4987 0.9609
-9.2680 -2.6912 -2.4988 0.9609
-9.0514 -3.3490 -2.4988 0.9609
-8.7882 -3.9896 -2.4989 0.9609
-8.6396 -4.3025 -2.4990 0.9609
-8.3091 -4.9112 -2.4991 0.9609
-8.1277 -5.2063 -2.4991 0.9609
-7.5218 -6.0499 -2.4993 0.9609
-7.3001 -6.3161 -2.4994 0.9609
-7.0689 -6.5742 -2.4995 0.9609
-6.8287 -6.8238 -2.4995 0.9609
-6.5797 -7.0646 -2.4996 0.9609
-6.3222 -7.2964 -2.4997 0.9609
-6.0565 -7.5188 -2.4998 0.9609
-5.7830 -7.7315 -2.4999 0.9609
-4.9192 -8.3090 -2.5001 0.9609
-4.6181 -8.4805 -2.5002 0.9609
-4.3110 -8.6411 -2.5003 0.9609
-3.0310 -9.1704 -2.5007 0.9609
-2.0283 -9.4441 -2.5010 0.9609
-1.0018 -9.6086 -2.5013 0.9609
-0.6564 -9.6388 -2.5014 0.9609
0.0365 -9.6618 -2.5016 0.9609
1.4186 -9.5588 -2.5021 0.9609
2.1006 -9.4333 -2.5023 0.9609
4.0687 -8.7687 -2.5029 0.9608
4.3809 -8.6174 -2.5030 0.9608
4.6874 -8.4550 -2.5031 0.9608
5.5694 -7.9032 -2.5033 0.9608
6.1223 -7.4839 -2.5035 0.9608
6.3870 -7.2597 -2.5036 0.9608
7.1308 -6.5319 -2.5038 0.9608
7.7920 -5.7283 -2.5040 0.9608
7.9927 -5.4451 -2.5041 0.9608
8.3630 -4.8581 -2.5042 0.9608
8.5321 -4.5550 -2.5042 0.9608
8.6902 -4.2461 -2.5043 0.9608
9.3092 -2.6271 -2.5045 0.9608
9.3976 -2.2914 -2.5045 0.9608
9.4738 -1.9527 -2.5045 0.9608
4.1066 -0.5431 -1.0725 0.9830
4.0733 -0.3906 -1.0595 0.9832
4.0747 -0.2436 -1.0569 0.9833
4.1981 0.3528 -1.0908 0.9827
9.5562 1.4992 -2.5045 0.9608
9.4239 2.1806 -2.5045 0.9608
9.3395 2.5173 -2.5045 0.9608
9.0145 3.5062 -2.5044 0.9608
8.7396 4.1435 -2.5043 0.9608
8.4196 4.7594 -2.5042 0.9608
8.0563 5.3507 -2.5041 0.9608
7.6514 5.9144 -2.5039 0.9608
7.2072 6.4475 -2.5038 0.9608
6.7209 6.9423 -2.5018 0.9609
6.4584 7.1689 -2.4983 0.9609
5.3571 7.4150 -2.3685 0.9629
5.0498 7.5461 -2.3509 0.9632
4.7757 7.7221 -2.3509 0.9632
2.7682 7.8621 -2.1581 0.9661
2.3927 8.7557 -2.3501 0.9632
1.3721 8.5515 -2.2425 0.9648
0.4449 8.6427 -2.2407 0.9649
-0.1771 8.7038 -2.2540 0.9647
-0.8098 8.7660 -2.2793 0.9643
-1.1582 8.9983 -2.3490 0.9632
-1.4802 8.9506 -2.3489 0.9632
-2.4331 8.7386 -2.3486 0.9632
-4.8388 7.7409 -2.3636 0.9630
-5.9562 7.5750 -2.4950 0.9610
-6.4961 7.1415 -2.4996 0.9609
-6.9911 6.6569 -2.4995 0.9609
-7.2253 6.4016 -2.4994 0.9609
-7.6653 5.8666 -2.4993 0.9609
-7.8707 5.5877 -2.4992 0.9609
-8.0659 5.3015 -2.4991 0.9609
-8.2508 5.0086 -2.4991 0.9609
-8.4250 4.7093 -2.4990 0.9609
-8.8817 3.7765 -2.4989 0.9609
-9.0114 3.4553 -2.4988 0.9609
-9.2357 2.8001 -2.4988 0.9609
-9.4829 1.7914 -2.4987 0.9609
-9.5410 1.4499 -2.4987 0.9609
-9.6203 0.7620 -2.4987 0.9609
-9.6501 0.0701 -2.4987 0.9609
-9.6465 -0.2762 -2.4987 0.9609
-9.6303 -0.6221 -2.4987 0.9609
-9.6019 -0.9673 -2.4987 0.9609
-9.5610 -1.3112 -2.4987 0.9609
-9.5079 -1.6534 -2.4987 0.9609
-9.4425 -1.9935 -2.4987 0.9609
-8.6514 -4.2786 -2.4990 0.9609
-7.9510 -5.4727 -2.4992 0.9609
-7.5385 -6.0292 -2.4993 0.9609
-7.0871 -6.5546 -2.4995 0.9609
-7.0447 -5.3222 -2.4995 0.9640
-6.8493 -5.5717 -2.4995 0.9640
-5.9824 -6.4949 -2.4998 0.9640
-5.2504 -7.1008 -2.5000 0.9640
-4.4573 -7.6246 -2.5003 0.9639
-4.1811 -7.7799 -2.5003 0.9639
-3.8993 -7.9252 -2.5004 0.9639
-3.6126 -8.0603 -2.5005 0.9639
-3.3212 -8.1850 -2.5006 0.9639
-2.4227 -8.4954 -2.5009 0.9639
-2.1164 -8.5772 -2.5010 0.9639
-1.4960 -8.7076 -2.5012 0.9639
-1.1826 -8.7560 -2.5013 0.9639
-0.5517 -8.8189 -2.5015 0.9639
0.3992 -8.8281 -2.5017 0.9639
1.0314 -8.7775 -2.5019 0.9639
1.6583 -8.6816 -2.5021 0.9639
2.5819 -8.4541 -2.5024 0.9639
2.8837 -8.3563 -2.5025 0.9639
3.4758 -8.1286 -2.5027 0.9639
4.0501 -7.8589 -2.5029 0.9639
5.1334 -7.1996 -2.5032 0.9639
5.3886 -7.0110 -2.5033 0.9639
5.6368 -6.8133 -2.5033 0.9639
6.9636 -5.4525 -2.5037 0.9639
7.3370 -4.9393 -2.5039 0.9639
7.6726 -4.4006 -2.5040 0.9639
7.9688 -3.8391 -2.5041 0.9639
8.1015 -3.5508 -2.5041 0.9639
8.2238 -3.2579 -2.5041 0.9639
8.3355 -2.9608 -2.5042 0.9639
8.5266 -2.3554 -2.5042 0.9639
3.9615 -0.7937 -1.1438 0.9833
3.9200 -0.4964 -1.1186 0.9837
3.9056 -0.3528 -1.1102 0.9838
3.8899 -0.2110 -1.1028 0.9839
3.9081 -0.0716 -1.1065 0.9839
3.9554 0.2117 -1.1214 0.9837
8.7315 1.4193 -2.5043 0.9639
8.6749 1.7317 -2.5043 0.9639
8.6071 2.0418 -2.5042 0.9639
8.5282 2.3493 -2.5042 0.9639
8.4383 2.6537 -2.5042 0.9639
8.2261 3.2520 -2.5041 0.9639
7.5130 4.6675 -2.5039 0.9639
7.1586 5.1941 -2.5038 0.9639
6.9674 5.4474 -2.5037 0.9639
6.3412 6.1641 -2.5035 0.9639
6.1158 6.3875 -2.5035 0.9639
5.3911 7.0040 -2.5021 0.9639
4.8643 7.3564 -2.4966 0.9640
4.2058 7.4759 -2.4283 0.9650
3.8720 7.5002 -2.3895 0.9655
3.2698 7.6316 -2.3504 0.9661
2.9937 7.7437 -2.3503 0.9661
1.2697 8.2027 -2.3498 0.9661
0.6781 8.2720 -2.3496 0.9661
0.3809 8.2907 -2.3495 0.9661
0.0832 8.2987 -2.3494 0.9661
-0.8090 8.2586 -2.3491 0.9661
-1.1047 8.2240 -2.3491 0.9661
-1.3991 8.1787 -2.3490 0.9661
-1.9818 8.0567 -2.3488 0.9661
-2.2696 7.9801 -2.3487 0.9661
-2.5543 7.8933 -2.3486 0.9661
-2.8358 7.7962 -2.3485 0.9661
-3.1201 7.7053 -2.3534 0.9660
-3.4463 7.7040 -2.3892 0.9655
-4.1331 7.7040 -2.4750 0.9643
-4.4413 7.6096 -2.4943 0.9640
-4.7165 7.4533 -2.4970 0.9640
-5.4966 6.9115 -2.4999 0.9640
-5.7409 6.7096 -2.4998 0.9640
-6.2069 6.2803 -2.4997 0.9640
-6.6410 5.8187 -2.4996 0.9640
-6.8453 5.5766 -2.4995 0.9640
-7.4044 4.8084 -2.4993 0.9640
-7.5720 4.5395 -2.4993 0.9640
-7.7299 4.2648 -2.4992 0.9640
-8.0155 3.6994 -2.4992 0.9640
-8.6828 1.5906 -2.4990 0.9640
-8.8209 0.3321 -2.4989 0.9640
-8.8220 -0.3014 -2.4989 0.9640
-8.7778 -0.9333 -2.4989 0.9640
-8.7387 -1.2476 -2.4989 0.9640
-8.6268 -1.8711 -2.4990 0.9640
-8.4706 -2.4850 -2.4990 0.9640
-8.3761 -2.7874 -2.4991 0.9640
-8.2708 -3.0862 -2.4991 0.9640
-8.1548 -3.3810 -2.4991 0.9640
-7.8916 -3.9572 -2.4992 0.9640
-7.5878 -4.5132 -2.4993 0.9640
-7.2449 -5.0459 -2.4994 0.9640
-7.0593 -5.3027 -2.4995 0.9640
-6.8647 -5.5527 -2.4995 0.9640
-6.2288 -6.2587 -2.4997 0.9640
-5.5206 -6.8924 -2.4999 0.9640
-5.0124 -7.2710 -2.5001 0.9640
-4.2025 -7.7683 -2.5003 0.9639
-3.9212 -7.9144 -2.5004 0.9639
-3.0484 -8.2908 -2.5007 0.9639
-2.7490 -8.3952 -2.5008 0.9639
-2.1401 -8.5713 -2.5010 0.9639
-1.8312 -8.6429 -2.5011 0.9639
-1.5200 -8.7034 -2.5012 0.9639
-1.2068 -8.7527 -2.5013 0.9639
-0.5760 -8.8173 -2.5014 0.9639
-0.2593 -8.8327 -2.5015 0.9639
0.6915 -8.8104 -2.5018 0.9639
1.6343 -8.6861 -2.5021 0.9639
1.9450 -8.6222 -2.5022 0.9639
2.5585 -8.4612 -2.5024 0.9639
2.8606 -8.3642 -2.5025 0.9639
3.4533 -8.1381 -2.5027 0.9639
3.7432 -8.0092 -2.5028 0.9639
4.8512 -7.3924 -2.5031 0.9639
5.1135 -7.2138 -2.5032 0.9639
5.6180 -6.8289 -2.5033 0.9639
5.8596 -6.6231 -2.5034 0.9639
6.0936 -6.4088 -2.5035 0.9639
6.3198 -6.1862 -2.5036 0.9639
6.5379 -5.9556 -2.5036 0.9639
6.7475 -5.7173 -2.5037 0.9639
7.1405 -5.2190 -2.5038 0.9639
7.3233 -4.9595 -2.5039 0.9639
7.6604 -4.4217 -2.5040 0.9639
8.0916 -3.5732 -2.5041 0.9639
8.2148 -3.2806 -2.5041 0.9639
8.6000 -2.0717 -2.5042 0.9639
3.9321 -0.6532 -1.1284 0.9836
3.9209 -0.5075 -1.1193 0.9837
3.9062 -0.0823 -1.1061 0.9839
3.9312 0.0583 -1.1130 0.9838
3.9798 0.3455 -1.1309 0.9835
8.7799 1.0808 -2.5043 0.9639
8.7354 1.3952 -2.5043 0.9639
8.6127 2.0180 -2.5042 0.9639
8.5347 2.3257 -2.5042 0.9639
8.4456 2.6304 -2.5042 0.9639
8.3457 2.9317 -2.5042 0.9639
8.2350 3.2292 -2.5041 0.9639
8.1138 3.5226 -2.5041 0.9639
7.9820 3.8113 -2.5040 0.9639
7.8400 4.0952 -2.5040 0.9639
7.3541 4.9137 -2.5038 0.9639
6.9825 5.4282 -2.5037 0.9639
6.5749 5.9147 -2.5036 0.9639
6.1334 6.3706 -2.5035 0.9639
5.9007 6.5864 -2.5034 0.9639
5.4110 6.9897 -2.5024 0.9639
5.1508 7.1712 -2.4995 0.9640
4.5778 7.4481 -2.4749 0.9643
3.8973 7.4984 -2.3924 0.9655
3.5729 7.5221 -2.3575 0.9660
2.4524 7.9311 -2.3501 0.9661
2.1662 8.0138 -2.3501 0.9661
1.8772 8.0860 -2.3500 0.9661
1.5858 8.1479 -2.3499 0.9661
0.9973 8.2399 -2.3497 0.9661
0.4038 8.2896 -2.3495 0.9661
-0.4893 8.2841 -2.3492 0.9661
-0.7862 8.2608 -2.3492 0.9661
-1.3765 8.1826 -2.3490 0.9661
-1.6691 8.1276 -2.3489 0.9661
-1.9596 8.0622 -2.3488 0.9661
-2.5325 7.9003 -2.3486 0.9661
-3.4208 7.7040 -2.3863 0.9656
-3.7574 7.7043 -2.4266 0.9650
-4.1058 7.7040 -2.4713 0.9644
-4.4199 7.6212 -2.4941 0.9640
-4.6955 7.4657 -2.4967 0.9640
-4.9659 7.3006 -2.4996 0.9640
-5.2256 7.1190 -2.5000 0.9640
-5.4775 6.9267 -2.4999 0.9640
-5.7223 6.7255 -2.4998 0.9640
-6.4113 6.0712 -2.4996 0.9640
-7.0261 5.3467 -2.4995 0.9640
-7.3911 4.8288 -2.4993 0.9640
-7.8667 4.0064 -2.4992 0.9640
-8.1335 3.4318 -2.4991 0.9640
-8.2513 3.1377 -2.4991 0.9640
-8.4549 2.5379 -2.4990 0.9640
-8.5404 2.2328 -2.4990 0.9640
-8.6150 1.9249 -2.4990 0.9640
-8.6784 1.6146 -2.4990 0.9640
-8.7307 1.3021 -2.4989 0.9640
-8.7718 0.9880 -2.4989 0.9640
-8.8015 0.6727 -2.4989 0.9640
-8.8200 0.3564 -2.4989 0.9640
-8.7803 -0.9090 -2.4989 0.9640
-8.7421 -1.2235 -2.4989 0.9640
-8.6319 -1.8473 -2.4990 0.9640
-8.5602 -2.1558 -2.4990 0.9640
-8.3837 -2.7642 -2.4991 0.9640
-8.0385 -3.6493 -2.4992 0.9640
-7.7564 -4.2165 -2.4992 0.9640
-7.6002 -4.4922 -2.4993 0.9640
-6.6772 -5.7772 -2.4996 0.9640
-6.2460 -6.2415 -2.4997 0.9640
-5.2895 -7.0717 -2.5000 0.9640
-4.7690 -7.4333 -2.5002 0.9640
-4.4994 -7.5998 -2.5002 0.9639
-3.9430 -7.9035 -2.5004 0.9639
-3.3663 -8.1665 -2.5006 0.9639
-2.7722 -8.3875 -2.5008 0.9639
-2.4696 -8.4819 -2.5009 0.9639
-2.1637 -8.5654 -2.5010 0.9639
-1.8551 -8.6378 -2.5011 0.9639
-1.5440 -8.6991 -2.5012 0.9639
-0.2837 -8.8319 -2.5015 0.9639
0.0334 -8.8367 -2.5016 0.9639
0.9829 -8.7830 -2.5019 0.9639
1.6103 -8.6906 -2.5021 0.9639
1.9212 -8.6275 -2.5022 0.9639
2.2296 -8.5534 -2.5023 0.9639
2.5352 -8.4681 -2.5024 0.9639
3.1362 -8.2652 -2.5026 0.9639
3.7211 -8.0195 -2.5028 0.9639
4.0066 -7.8811 -2.5028 0.9639
4.2869 -7.7326 -2.5029 0.9639
4.5618 -7.5740 -2.5030 0.9639
5.0935 -7.2279 -2.5032 0.9639
6.5214 -5.9736 -2.5036 0.9639
6.7317 -5.7360 -2.5037 0.9639
6.9333 -5.4909 -2.5037 0.9639
7.6482 -4.4429 -2.5040 0.9639
8.0817 -3.5955 -2.5041 0.9639
8.3190 -3.0067 -2.5042 0.9639
8.4216 -2.7064 -2.5042 0.9639
8.5134 -2.4025 -2.5042 0.9639
8.5942 -2.0955 -2.5042 0.9639
3.9219 -0.5187 -1.1199 0.9837
3.8924 -0.2327 -1.1039 0.9839
3.9042 -0.0930 -1.1056 0.9839
3.9522 0.1896 -1.1201 0.9837
3.9770 0.3342 -1.1298 0.9835
8.7392 1.3710 -2.5043 0.9639
8.5411 2.3021 -2.5042 0.9639
8.4529 2.6070 -2.5042 0.9639
8.3538 2.9086 -2.5042 0.9639
8.2440 3.2065 -2.5041 0.9639
7.3677 4.8933 -2.5039 0.9639
7.1872 5.1545 -2.5038 0.9639
6.7987 5.6563 -2.5037 0.9639
6.3752 6.1290 -2.5035 0.9639
6.1510 6.3536 -2.5035 0.9639
5.4307 6.9753 -2.5026 0.9639
5.1711 7.1575 -2.4997 0.9640
4.9056 7.3306 -2.4970 0.9640
4.6049 7.4461 -2.4785 0.9643
3.9228 7.4966 -2.3952 0.9654
3.0365 7.7271 -2.3503 0.9661
2.1883 8.0078 -2.3501 0.9661
1.8995 8.0808 -2.3500 0.9661
1.3150 8.1956 -2.3498 0.9661
0.4267 8.2885 -2.3495 0.9661
-0.1688 8.2971 -2.3493 0.9661
-0.7633 8.2630 -2.3492 0.9661
-1.0593 8.2300 -2.3491 0.9661
-2.2254 7.9926 -2.3487 0.9661
-3.0719 7.7085 -2.3491 0.9661
-3.3953 7.7039 -2.3833 0.9656
-4.0785 7.7041 -2.4677 0.9644
-4.3984 7.6328 -2.4939 0.9640
-4.6744 7.4780 -2.4965 0.9640
-5.7037 6.7413 -2.4999 0.9640
-5.9418 6.5321 -2.4998 0.9640
-6.1721 6.3146 -2.4997 0.9640
-6.3946 6.0889 -2.4996 0.9640
-6.8144 5.6143 -2.4995 0.9640
-7.0113 5.3661 -2.4995 0.9640
-7.1992 5.1109 -2.4994 0.9640
-7.3777 4.8492 -2.4993 0.9640
-7.5468 4.5813 -2.4993 0.9640
-7.8556 4.0281 -2.4992 0.9640
-7.9950 3.7436 -2.4992 0.9640
-8.2426 3.1605 -2.4991 0.9640
-8.3506 2.8627 -2.4991 0.9640
-8.4478 2.5612 -2.4990 0.9640
-8.7271 1.3262 -2.4989 0.9640
-8.7996 0.6970 -2.4989 0.9640
-8.8190 0.3808 -2.4989 0.9640
-8.8088 -0.5691 -2.4989 0.9640
-8.7828 -0.8848 -2.4989 0.9640
-8.6968 -1.5124 -2.4990 0.9640
-8.6370 -1.8234 -2.4990 0.9640
-8.4842 -2.4382 -2.4990 0.9640
-8.3913 -2.7411 -2.4990 0.9640
-8.1733 -3.3359 -2.4991 0.9640
-8.0485 -3.6271 -2.4992 0.9640
-7.7680 -4.1951 -2.4992 0.9640
-7.6126 -4.4712 -2.4993 0.9640
-7.2726 -5.0058 -2.4994 0.9640
-7.0885 -5.2636 -2.4995 0.9640
-6.8952 -5.5147 -2.4995 0.9640
-6.6931 -5.7587 -2.4996 0.9640
-6.4823 -5.9953 -2.4996 0.9640
-6.2632 -6.2242 -2.4997 0.9640
-6.6558 -4.6629 -2.4996 0.9666
-6.4843 -4.8989 -2.4996 0.9666
-6.1166 -5.3515 -2.4997 0.9666
-5.9208 -5.5677 -2.4998 0.9666
-5.7173 -5.7767 -2.4999 0.9666
-4.5951 -6.7053 -2.5002 0.9666
-4.3517 -6.8660 -2.5003 0.9666
-3.8484 -7.1609 -2.5004 0.9666
-3.0569 -7.5337 -2.5007 0.9665
-2.5089 -7.7340 -2.5009 0.9665
-2.2299 -7.8193 -2.5009 0.9665
-1.9479 -7.8946 -2.5010 0.9665
-1.6635 -7.9597 -2.5011 0.9665
-1.0885 -8.0590 -2.5013 0.9665
0.3674 -8.1254 -2.5017 0.9665
0.9493 -8.0787 -2.5019 0.9665
1.2386 -8.0397 -2.5020 0.9665
1.8121 -7.9307 -2.5022 0.9665
2.0955 -7.8608 -2.5023 0.9665
2.6541 -7.6909 -2.5024 0.9665
2.9284 -7.5909 -2.5025 0.9665
3.1990 -7.4812 -2.5026 0.9665
3.9848 -7.0948 -2.5028 0.9665
4.2369 -6.9475 -2.5029 0.9665
4.4836 -6.7912 -2.5030 0.9665
4.7245 -6.6262 -2.5031 0.9665
4.9593 -6.4525 -2.5031 0.9665
5.4096 -6.0806 -2.5033 0.9665
5.6244 -5.8828 -2.5033 0.9665
5.8320 -5.6773 -2.5034 0.9665
6.0321 -5.4645 -2.5035 0.9665
6.7524 -4.5457 -2.5037 0.9665
6.9113 -4.3006 -2.5037 0.9665
7.0613 -4.0500 -2.5038 0.9665
7.2022 -3.7940 -2.5038 0.9665
7.3338 -3.5332 -2.5039 0.9665
7.4560 -3.2679 -2.5039 0.9665
7.5685 -2.9983 -2.5039 0.9665
7.7642 -2.4478 -2.5040 0.9665
7.9199 -1.8848 -2.5040 0.9665
3.7944 -0.7603 -1.1903 0.9839
3.7741 -0.6162 -1.1762 0.9841
3.7670 -0.4771 -1.1679 0.9842
3.7381 -0.2028 -1.1515 0.9845
3.7572 -0.0688 -1.1558 0.9844
3.7816 0.0665 -1.1633 0.9843
3.8004 0.2034 -1.1706 0.9842
3.8234 0.3426 -1.1807 0.9841
8.0358 1.3062 -2.5041 0.9665
7.9836 1.5937 -2.5040 0.9665
7.7660 2.4422 -2.5040 0.9665
7.6732 2.7193 -2.5039 0.9665
7.5706 2.9928 -2.5039 0.9665
7.4583 3.2625 -2.5039 0.9665
7.2049 3.7888 -2.5038 0.9665
6.4123 5.0135 -2.5036 0.9665
6.2282 5.2402 -2.5035 0.9665
6.0360 5.4601 -2.5034 0.9665
5.4139 6.0767 -2.5033 0.9665
4.4884 6.7879 -2.5030 0.9665
3.4638 7.3447 -2.4977 0.9666
3.1958 7.4589 -2.4959 0.9666
2.9102 7.5278 -2.4824 0.9668
2.6090 7.5427 -2.4548 0.9672
2.3138 7.5568 -2.4308 0.9675
1.7383 7.5826 -2.3927 0.9680
1.1767 7.6015 -2.3659 0.9683
0.3506 7.6306 -2.3495 0.9685
0.0766 7.6381 -2.3494 0.9685
-0.1977 7.6409 -2.3510 0.9685
-0.7490 7.6465 -2.3632 0.9684
-1.0278 7.6508 -2.3744 0.9682
-1.3094 7.6547 -2.3886 0.9680
-2.1795 7.6634 -2.4506 0.9672
-2.4805 7.6652 -2.4780 0.9668
-2.7717 7.6199 -2.4940 0.9666
-3.5824 7.2943 -2.4995 0.9666
-4.3468 6.8691 -2.5003 0.9666
-4.5903 6.7085 -2.5002 0.9666
-4.8279 6.5393 -2.5001 0.9666
-5.0593 6.3617 -2.5001 0.9666
-5.5022 5.9821 -2.4999 0.9666
-5.7131 5.7807 -2.4999 0.9666
-5.9167 5.5719 -2.4998 0.9666
-6.3008 5.1330 -2.4997 0.9666
-6.4808 4.9035 -2.4996 0.9666
-6.8154 4.4259 -2.4995 0.9666
-7.1151 3.9256 -2.4994 0.9666
-7.3780 3.4051 -2.4993 0.9666
-7.4953 3.1382 -2.4993 0.9666
-7.6030 2.8672 -2.4993 0.9666
-7.7889 2.3145 -2.4992 0.9666
-7.8668 2.0335 -2.4992 0.9666
-8.0766 0.8872 -2.4991 0.9666
-8.1032 0.5968 -2.4991 0.9666
-8.1252 0.0142 -2.4991 0.9666
-8.1053 -0.5686 -2.4991 0.9666
-7.9973 -1.4363 -2.4992 0.9666
-7.9407 -1.7223 -2.4992 0.9666
-7.6130 -2.8407 -2.4993 0.9666
-7.5062 -3.1121 -2.4993 0.9666
-7.3898 -3.3795 -2.4994 0.9666
-7.1287 -3.9009 -2.4994 0.9666
-6.9842 -4.1542 -2.4995 0.9666
-6.8308 -4.4022 -2.4995 0.9666
-6.6686 -4.6446 -2.4996 0.9666
-6.1313 -5.3346 -2.4997 0.9666
-5.9361 -5.5513 -2.4998 0.9666
-5.7333 -5.7608 -2.4999 0.9666
-5.5230 -5.9630 -2.4999 0.9666
-5.3056 -6.1575 -2.5000 0.9666
-4.8507 -6.5225 -2.5001 0.9666
-3.6092 -7.2846 -2.5005 0.9666
-3.0777 -7.5252 -2.5007 0.9665
-2.8058 -7.6310 -2.5008 0.9665
-2.2515 -7.8131 -2.5009 0.9665
-1.9697 -7.8891 -2.5010 0.9665
-1.6855 -7.9550 -2.5011 0.9665
-1.3990 -8.0106 -2.5012 0.9665
-1.1107 -8.0560 -2.5013 0.9665
-0.8210 -8.0909 -2.5014 0.9665
0.6364 -8.1090 -2.5018 0.9665
0.9270 -8.0812 -2.5019 0.9665
1.7902 -7.9356 -2.5022 0.9665
2.0738 -7.8666 -2.5023 0.9665
2.3548 -7.7874 -2.5023 0.9665
2.9074 -7.5990 -2.5025 0.9665
3.1783 -7.4900 -2.5026 0.9665
3.9651 -7.1058 -2.5028 0.9665
4.4648 -6.8035 -2.5030 0.9665
4.7061 -6.6392 -2.5031 0.9665
4.9415 -6.4662 -2.5031 0.9665
5.1705 -6.2849 -2.5032 0.9665
5.6081 -5.8982 -2.5033 0.9665
5.8163 -5.6934 -2.5034 0.9665
6.0170 -5.4812 -2.5035 0.9665
6.2099 -5.2619 -2.5035 0.9665
6.3949 -5.0357 -2.5036 0.9665
6.5716 -4.8032 -2.5036 0.9665
6.7398 -4.5644 -2.5037 0.9665
6.8994 -4.3197 -2.5037 0.9665
7.0501 -4.0694 -2.5038 0.9665
7.1917 -3.8139 -2.5038 0.9665
7.4469 -3.2884 -2.5039 0.9665
7.5602 -3.0192 -2.5039 0.9665
7.8411 -2.1894 -2.5040 0.9665
7.9147 -1.9066 -2.5040 0.9665
3.7745 -0.6270 -1.1769 0.9841
3.7555 -0.3497 -1.1601 0.9843
3.7393 -0.2132 -1.1520 0.9844
3.7552 -0.0791 -1.1553 0.9844
8.0393 1.2840 -2.5041 0.9665
7.8546 2.1404 -2.5040 0.9665
7.5789 2.9719 -2.5039 0.9665
7.4673 3.2419 -2.5039 0.9665
7.2153 3.7689 -2.5038 0.9665
6.7682 4.5222 -2.5037 0.9665
5.2095 6.2525 -2.5032 0.9665
4.7475 6.6096 -2.5030 0.9665
2.9337 7.5266 -2.4847 0.9668
2.6320 7.5416 -2.4568 0.9671
1.7601 7.5816 -2.3940 0.9680
1.1981 7.6009 -2.3667 0.9683
0.9210 7.6090 -2.3574 0.9684
0.3716 7.6297 -2.3495 0.9685
-0.4514 7.6428 -2.3549 0.9685
-1.0062 7.6505 -2.3734 0.9682
-1.5726 7.6579 -2.4045 0.9678
-1.8620 7.6608 -2.4249 0.9675
-2.4571 7.6651 -2.4758 0.9669
-2.7505 7.6272 -2.4938 0.9666
-3.2950 7.4208 -2.4974 0.9666
-3.8234 7.1742 -2.5004 0.9666
-4.0782 7.0321 -2.5003 0.9666
-4.5718 6.7212 -2.5002 0.9666
-5.0417 6.3756 -2.5001 0.9666
-5.2671 6.1905 -2.5000 0.9666
-5.4856 5.9973 -2.4999 0.9666
-5.6971 5.7965 -2.4999 0.9666
-5.9013 5.5882 -2.4998 0.9666
-6.0979 5.3727 -2.4997 0.9666
-6.4672 4.9214 -2.4996 0.9666
-6.6395 4.6861 -2.4996 0.9666
-6.9582 4.1977 -2.4995 0.9666
-7.2410 3.6878 -2.4994 0.9666
-7.5951 2.8882 -2.4993 0.9666
-7.6937 2.6138 -2.4993 0.9666
-7.9298 1.7719 -2.4992 0.9666
-7.9882 1.4862 -2.4992 0.9666
-8.0742 0.9095 -2.4991 0.9666
-8.1016 0.6192 -2.4991 0.9666
-8.1251 0.0366 -2.4991 0.9666
-8.1212 -0.2550 -2.4991 0.9666
-8.1068 -0.5462 -2.4991 0.9666
-8.0820 -0.8367 -2.4991 0.9666
-8.0468 -1.1262 -2.4992 0.9666
-7.9454 -1.7004 -2.4992 0.9666
-7.8794 -1.9844 -2.4992 0.9666
-7.7169 -2.5444 -2.4993 0.9666
-7.6208 -2.8197 -2.4993 0.9666
-7.5148 -3.0913 -2.4993 0.9666
-7.3991 -3.3590 -2.4994 0.9666
-7.1394 -3.8811 -2.4994 0.9666
-6.9957 -4.1349 -2.4995 0.9666
-6.8430 -4.3833 -2.4995 0.9666
-6.1460 -5.3176 -2.4997 0.9666
-5.9514 -5.5348 -2.4998 0.9666
-5.3226 -6.1428 -2.5000 0.9666
-4.8686 -6.5090 -2.5001 0.9666
-4.3896 -6.8419 -2.5003 0.9666
-4.1414 -6.9952 -2.5004 0.9666
-3.3660 -7.4004 -2.5006 0.9665
-3.0985 -7.5166 -2.5007 0.9665
-2.8269 -7.6232 -2.5008 0.9665
-0.8433 -8.0886 -2.5014 0.9665
-0.5526 -8.1139 -2.5015 0.9665
0.0307 -8.1333 -2.5016 0.9665
0.6140 -8.1107 -2.5018 0.9665
0.9046 -8.0837 -2.5019 0.9665
1.4821 -7.9986 -2.5021 0.9665
1.7682 -7.9405 -2.5022 0.9665
2.3333 -7.7938 -2.5023 0.9665
2.6115 -7.7054 -2.5024 0.9665
3.1576 -7.4987 -2.5026 0.9665
3.4247 -7.3808 -2.5027 0.9665
3.9455 -7.1167 -2.5028 0.9665
4.1984 -6.9708 -2.5029 0.9665
4.4459 -6.8158 -2.5030 0.9665
4.6878 -6.6521 -2.5031 0.9665
5.1531 -6.2992 -2.5032 0.9665
5.5918 -5.9137 -2.5033 0.9665
6.0018 -5.4977 -2.5035 0.9665
6.3809 -5.0534 -2.5036 0.9665
6.5583 -4.8213 -2.5036 0.9665
7.3141 -3.5737 -2.5038 0.9665
7.4378 -3.3090 -2.5039 0.9665
7.7506 -2.4907 -2.5040 0.9665
7.8350 -2.2110 -2.5040 0.9665
7.9094 -1.9285 -2.5040 0.9665
3.7989 -0.7830 -1.1930 0.9839
3.7749 -0.6378 -1.1775 0.9841
3.7568 -0.3603 -1.1608 0.9843
3.7405 -0.2236 -1.1525 0.9844
7.9923 1.5495 -2.5040 0.9665
7.9315 1.8353 -2.5040 0.9665
7.8605 2.1187 -2.5040 0.9665
7.6882 2.6769 -2.5040 0.9665
7.5871 2.9510 -2.5039 0.9665
6.9380 4.2574 -2.5037 0.9665
6.6146 4.7438 -2.5036 0.9665
6.2571 5.2057 -2.5035 0.9665
6.0661 5.4267 -2.5035 0.9665
5.8673 5.6408 -2.5034 0.9665
5.4474 6.0467 -2.5033 0.9665
4.5259 6.7630 -2.5030 0.9665
4.2801 6.9209 -2.5029 0.9665
4.0277 7.0676 -2.5021 0.9665
3.7683 7.2015 -2.4999 0.9666
3.2373 7.4419 -2.4962 0.9666
2.6550 7.5405 -2.4588 0.9671
2.0682 7.5680 -2.4131 0.9677
0.6671 7.6195 -2.3526 0.9685
0.1187 7.6375 -2.3494 0.9685
-0.1554 7.6404 -2.3505 0.9685
-0.4302 7.6427 -2.3545 0.9685
-1.2658 7.6542 -2.3862 0.9681
-2.1337 7.6630 -2.4466 0.9673
-3.0034 7.5366 -2.4954 0.9666
-3.2743 7.4295 -2.4972 0.9666
-4.5532 6.7338 -2.5002 0.9666
-5.0241 6.3896 -2.5001 0.9666
-5.4691 6.0125 -2.4999 0.9666
-5.6811 5.8122 -2.4999 0.9666
-5.8859 5.6045 -2.4998 0.9666
-6.0830 5.3896 -2.4997 0.9666
-6.2723 5.1677 -2.4997 0.9666
-6.4536 4.9392 -2.4996 0.9666
-6.6265 4.7044 -2.4996 0.9666
-7.0933 3.9649 -2.4994 0.9666
-7.2308 3.7078 -2.4994 0.9666
-7.4779 3.1796 -2.4993 0.9666
-7.6865 2.6350 -2.4993 0.9666
-7.7760 2.3575 -2.4992 0.9666
-7.9841 1.5082 -2.4992 0.9666
-8.0716 0.9318 -2.4991 0.9666
-8.0998 0.6416 -2.4991 0.9666
-8.1249 0.0590 -2.4991 0.9666
-8.1083 -0.5238 -2.4991 0.9666
-8.0843 -0.8144 -2.4991 0.9666
-8.0052 -1.3921 -2.4992 0.9666
-7.7239 -2.5230 -2.4993 0.9666
-7.6285 -2.7986 -2.4993 0.9666
-7.5233 -3.0705 -2.4993 0.9666
-7.4084 -3.3386 -2.4993 0.9666
-7.1501 -3.8614 -2.4994 0.9666
-7.0071 -4.1155 -2.4995 0.9666
-6.6942 -4.6076 -2.4996 0.9666
-6.3467 -5.0760 -2.4997 0.9666
-6.1607 -5.3006 -2.4997 0.9666
-5.9667 -5.5183 -2.4998 0.9666
-5.7650 -5.7291 -2.4999 0.9666
-5.5558 -5.9324 -2.4999 0.9666
-6.4524 -3.8620 -2.4996 0.9688
-6.1590 -4.3150 -2.4997 0.9688
-6.0004 -4.5332 -2.4998 0.9688
-5.6601 -4.9521 -2.4999 0.9688
-5.4788 -5.1521 -2.4999 0.9688
-5.2906 -5.3455 -2.5000 0.9688
-4.8938 -5.7114 -2.5001 0.9688
-4.2521 -6.2047 -2.5003 0.9688
-4.0269 -6.3535 -2.5004 0.9688
-3.7964 -6.4940 -2.5005 0.9688
-3.0769 -6.8650 -2.5007 0.9688
-2.5768 -7.0684 -2.5008 0.9688
-2.3216 -7.1565 -2.5009 0.9688
-2.0634 -7.2355 -2.5010 0.9688
-1.5393 -7.3653 -2.5012 0.9688
-1.2741 -7.4160 -2.5012 0.9688
-1.0072 -7.4572 -2.5013 0.9688
-0.7390 -7.4887 -2.5014 0.9688
-0.4698 -7.5107 -2.5015 0.9688
-0.2000 -7.5230 -2.5016 0.9688
0.3400 -7.5184 -2.5017 0.9688
0.8784 -7.4752 -2.5019 0.9688
1.4123 -7.3934 -2.5021 0.9688
1.9390 -7.2736 -2.5022 0.9688
2.1988 -7.1996 -2.5023 0.9688
3.4490 -6.6925 -2.5027 0.9688
3.6870 -6.5647 -2.5027 0.9688
4.1485 -6.2837 -2.5029 0.9688
4.5887 -5.9704 -2.5030 0.9688
5.0053 -5.6262 -2.5031 0.9688
5.7592 -4.8527 -2.5034 0.9688
5.9298 -4.6430 -2.5034 0.9688
6.0927 -4.4273 -2.5035 0.9688
6.3947 -3.9792 -2.5036 0.9688
6.5335 -3.7472 -2.5036 0.9688
6.6638 -3.5104 -2.5037 0.9688
6.7856 -3.2691 -2.5037 0.9687
7.0979 -2.5211 -2.5038 0.9687
7.1838 -2.2649 -2.5038 0.9687
7.2605 -2.0057 -2.5038 0.9687
3.7064 -0.8821 -1.2664 0.9841
3.6219 -0.4587 -1.2136 0.9847
3.6175 -0.0662 -1.2027 0.9849
3.6389 0.0640 -1.2098 0.9848
3.6538 0.1956 -1.2163 0.9847
3.7257 0.4691 -1.2482 0.9843
7.3291 1.7386 -2.5038 0.9687
7.2619 2.0004 -2.5038 0.9687
7.0996 2.5160 -2.5038 0.9687
6.6663 3.5056 -2.5036 0.9688
5.7627 4.8485 -2.5034 0.9688
5.3999 5.2491 -2.5032 0.9688
5.2080 5.4393 -2.5032 0.9688
5.0093 5.6225 -2.5031 0.9688
3.6917 6.5620 -2.5027 0.9688
3.4537 6.6900 -2.5027 0.9688
2.7146 7.0218 -2.5024 0.9688
2.2025 7.1933 -2.5007 0.9688
1.4151 7.3795 -2.4977 0.9688
1.1491 7.4234 -2.4970 0.9688
0.8818 7.4581 -2.4964 0.9688
0.6135 7.4837 -2.4960 0.9688
0.0752 7.5074 -2.4956 0.9688
-0.1942 7.5054 -2.4957 0.9688
-0.7321 7.4739 -2.4963 0.9688
-1.0000 7.4444 -2.4968 0.9688
-2.3164 7.1581 -2.5009 0.9688
-2.8236 6.9731 -2.5007 0.9688
-3.0719 6.8671 -2.5007 0.9688
-3.3162 6.7523 -2.5006 0.9688
-3.5563 6.6288 -2.5005 0.9688
-3.7917 6.4967 -2.5004 0.9688
-4.0223 6.3563 -2.5004 0.9688
-4.4675 6.0512 -2.5002 0.9688
-4.6816 5.8868 -2.5002 0.9688
-5.0915 5.5356 -2.5000 0.9688
-5.2867 5.3493 -2.5000 0.9688
-5.6565 4.9561 -2.4999 0.9688
-5.8305 4.7499 -2.4998 0.9688
-5.9971 4.5375 -2.4998 0.9688
-6.1559 4.3193 -2.4997 0.9688
-6.3068 4.0956 -2.4997 0.9688
-6.4496 3.8666 -2.4996 0.9688
-6.7101 3.3940 -2.4996 0.9688
-6.9360 2.9040 -2.4995 0.9688
-7.0356 2.6532 -2.4995 0.9688
-7.1262 2.3991 -2.4994 0.9688
-7.2798 1.8818 -2.4994 0.9688
-7.3426 1.6194 -2.4994 0.9688
-7.3959 1.3548 -2.4993 0.9688
-7.4739 0.8210 -2.4993 0.9688
-7.5188 0.0131 -2.4993 0.9688
-7.4006 -1.3291 -2.4993 0.9688
-7.0448 -2.6287 -2.4995 0.9688
-6.7219 -3.3707 -2.4996 0.9688
-6.5967 -3.6097 -2.4996 0.9688
-6.4630 -3.8441 -2.4996 0.9688
-6.0129 -4.5167 -2.4998 0.9688
-5.4930 -5.1369 -2.4999 0.9688
-5.1107 -5.5179 -2.5001 0.9688
-4.9096 -5.6979 -2.5001 0.9688
-4.7021 -5.8705 -2.5002 0.9688
-4.2692 -6.1929 -2.5003 0.9688
-3.3397 -6.7407 -2.5006 0.9688
-3.0958 -6.8564 -2.5007 0.9688
-2.8479 -6.9633 -2.5008 0.9688
-2.5963 -7.0612 -2.5008 0.9688
-2.3413 -7.1501 -2.5009 0.9688
-2.0833 -7.2297 -2.5010 0.9688
-1.5596 -7.3610 -2.5011 0.9688
-1.2945 -7.4124 -2.5012 0.9688
-0.7597 -7.4867 -2.5014 0.9688
-0.4906 -7.5094 -2.5015 0.9688
0.0492 -7.5257 -2.5016 0.9688
0.8577 -7.4776 -2.5019 0.9688
1.1255 -7.4422 -2.5020 0.9688
1.3918 -7.3973 -2.5020 0.9688
1.6564 -7.3428 -2.5021 0.9688
2.6902 -7.0312 -2.5024 0.9688
2.9408 -6.9304 -2.5025 0.9688
3.4305 -6.7020 -2.5027 0.9688
3.6688 -6.5748 -2.5027 0.9688
3.9025 -6.4391 -2.5028 0.9688
4.1311 -6.2951 -2.5029 0.9688
4.3545 -6.1430 -2.5029 0.9688
4.5722 -5.9830 -2.5030 0.9688
4.7840 -5.8152 -2.5031 0.9688
5.1890 -5.4574 -2.5032 0.9688
5.3816 -5.2679 -2.5033 0.9688
5.5673 -5.0715 -2.5033 0.9688
5.7458 -4.8686 -2.5034 0.9688
6.2361 -4.2232 -2.5035 0.9688
6.3837 -3.9968 -2.5036 0.9688
6.5231 -3.7653 -2.5036 0.9688
6.6541 -3.5288 -2.5036 0.9688
3.7140 -0.8947 -1.2699 0.9840
3.6273 -0.6026 -1.2223 0.9846
3.6223 -0.4689 -1.2141 0.9847
3.6143 -0.3365 -1.2066 0.9848
3.6527 0.1854 -1.2157 0.9847
7.4383 1.1880 -2.5039 0.9687
7.3909 1.4541 -2.5039 0.9687
7.2674 1.9804 -2.5038 0.9687
7.1066 2.4964 -2.5038 0.9687
6.9091 2.9995 -2.5037 0.9687
6.7969 3.2455 -2.5037 0.9687
6.6760 3.4872 -2.5036 0.9688
6.4085 3.9569 -2.5036 0.9688
6.2623 4.1842 -2.5035 0.9688
5.7761 4.8326 -2.5034 0.9688
5.4144 5.2341 -2.5033 0.9688
5.2230 5.4249 -2.5032 0.9688
4.3927 6.1157 -2.5029 0.9688
4.1703 6.2692 -2.5029 0.9688
3.9426 6.4146 -2.5028 0.9688
3.2302 6.8005 -2.5026 0.9688
2.9840 6.9118 -2.5025 0.9688
2.7340 7.0142 -2.5024 0.9688
2.2225 7.1874 -2.5008 0.9688
1.9622 7.2592 -2.4996 0.9688
1.4355 7.3757 -2.4977 0.9688
0.6342 7.4821 -2.4960 0.9688
0.3653 7.4992 -2.4957 0.9688
0.0960 7.5072 -2.4956 0.9688
-0.1735 7.5059 -2.4957 0.9688
-1.2463 7.4090 -2.4974 0.9688
-1.5119 7.3620 -2.4982 0.9688
-2.0377 7.2407 -2.5003 0.9688
-2.2966 7.1645 -2.5009 0.9688
-2.5521 7.0773 -2.5008 0.9688
-2.8044 6.9809 -2.5007 0.9688
-3.0529 6.8756 -2.5007 0.9688
-3.2976 6.7614 -2.5006 0.9688
-3.5380 6.6386 -2.5005 0.9688
-4.2305 6.2194 -2.5003 0.9688
-4.4508 6.0635 -2.5002 0.9688
-5.4609 5.1711 -2.4999 0.9688
-5.9845 4.5541 -2.4998 0.9688
-6.1439 4.3363 -2.4997 0.9688
-6.2955 4.1130 -2.4997 0.9688
-6.4389 3.8844 -2.4996 0.9688
-6.5740 3.6508 -2.4996 0.9688
-6.7007 3.4125 -2.4996 0.9688
-6.8187 3.1699 -2.4995 0.9688
-7.0283 2.6727 -2.4995 0.9688
-7.2746 1.9019 -2.4994 0.9688
-7.3921 1.3753 -2.4993 0.9688
-7.4367 1.1091 -2.4993 0.9688
-7.4716 0.8416 -2.4993 0.9688
-7.5127 0.3036 -2.4993 0.9688
-7.5152 -0.2360 -2.4993 0.9688
-7.4042 -1.3087 -2.4993 0.9688
-7.2914 -1.8363 -2.4994 0.9688
-7.2209 -2.0968 -2.4994 0.9688
-6.8470 -3.1083 -2.4995 0.9688
-6.6066 -3.5915 -2.4996 0.9688
-5.8601 -4.7134 -2.4998 0.9688
-5.6873 -4.9207 -2.4999 0.9688
-5.3200 -5.3162 -2.5000 0.9688
-5.1260 -5.5038 -2.5001 0.9688
-4.5052 -6.0232 -2.5002 0.9688
-4.0619 -6.3311 -2.5004 0.9688
-3.3583 -6.7315 -2.5006 0.9688
-2.6158 -7.0540 -2.5008 0.9688
-1.5799 -7.3566 -2.5011 0.9688
-1.0484 -7.4515 -2.5013 0.9688
-0.5113 -7.5079 -2.5015 0.9688
-0.2416 -7.5217 -2.5015 0.9688
0.2985 -7.5202 -2.5017 0.9688
0.8371 -7.4799 -2.5019 0.9688
1.3714 -7.4011 -2.5020 0.9688
1.8988 -7.2842 -2.5022 0.9688
3.1688 -6.8294 -2.5026 0.9688
3.6506 -6.5849 -2.5027 0.9688
4.1137 -6.3065 -2.5029 0.9688
4.7680 -5.8284 -2.5031 0.9688
4.9741 -5.6537 -2.5031 0.9688
5.1739 -5.4717 -2.5032 0.9688
5.5533 -5.0868 -2.5033 0.9688
5.7323 -4.8844 -2.5034 0.9688
6.2244 -4.2404 -2.5035 0.9688
6.5127 -3.7833 -2.5036 0.9688
6.6443 -3.5472 -2.5036 0.9688
6.9873 -2.8128 -2.5037 0.9687
7.0838 -2.5603 -2.5038 0.9687
7.1712 -2.3045 -2.5038 0.9687
7.2493 -2.0458 -2.5038 0.9687
7.3181 -1.7843 -2.5038 0.9687
3.6477 -0.7519 -1.2380 0.9844
3.6228 -0.4791 -1.2147 0.9847
3.6013 -0.2153 -1.1992 0.9849
3.6367 0.0439 -1.2090 0.9848
3.6515 0.1752 -1.2152 0.9847
3.6678 0.3082 -1.2235 0.9846
3.7097 0.4463 -1.2420 0.9844
7.4416 1.1675 -2.5039 0.9687
7.3386 1.6981 -2.5038 0.9687
7.2729 1.9603 -2.5038 0.9687
7.0199 2.7304 -2.5037 0.9687
6.9173 2.9805 -2.5037 0.9687
6.5567 3.7063 -2.5036 0.9688
6.4194 3.9391 -2.5036 0.9688
5.9586 4.6059 -2.5034 0.9688
5.7894 4.8166 -2.5034 0.9688
5.6127 5.0211 -2.5033 0.9688
5.4288 5.2192 -2.5033 0.9688
5.2379 5.4105 -2.5032 0.9688
5.0403 5.5948 -2.5031 0.9688
4.6259 5.9415 -2.5030 0.9688
3.9603 6.4037 -2.5028 0.9688
3.7279 6.5415 -2.5027 0.9688
3.2490 6.7916 -2.5026 0.9688
3.0031 6.9036 -2.5025 0.9688
2.4999 7.1002 -2.5022 0.9688
2.2424 7.1816 -2.5009 0.9688
1.1901 7.4172 -2.4971 0.9688
0.9230 7.4534 -2.4965 0.9688
0.6549 7.4804 -2.4960 0.9688
0.1167 7.5069 -2.4956 0.9688
-1.2258 7.4123 -2.4973 0.9688
-1.4915 7.3659 -2.4982 0.9688
-1.7555 7.3105 -2.4991 0.9688
-2.0176 7.2460 -2.5002 0.9688
-2.2769 7.1709 -2.5009 0.9688
-2.5326 7.0843 -2.5008 0.9688
-3.0339 6.8840 -2.5007 0.9688
-3.2789 6.7705 -2.5006 0.9688
-3.9871 6.3784 -2.5004 0.9688
-4.4340 6.0758 -2.5002 0.9688
-4.6490 5.9126 -2.5002 0.9688
-5.2571 5.3784 -2.5000 0.9688
-5.4466 5.1862 -2.4999 0.9688
-5.6290 4.9873 -2.4999 0.9688
-5.8042 4.7820 -2.4998 0.9688
-5.9719 4.5706 -2.4998 0.9688
-6.2841 4.1304 -2.4997 0.9688
-6.4281 3.9022 -2.4996 0.9688
-6.5639 3.6690 -2.4996 0.9688
-6.6912 3.4311 -2.4996 0.9688
-7.2693 1.9220 -2.4994 0.9688
-7.3335 1.6599 -2.4994 0.9688
-7.3883 1.3957 -2.4993 0.9688
-7.5119 0.3243 -2.4993 0.9688
-7.5158 -0.2152 -2.4993 0.9688
-7.4492 -1.0216 -2.4993 0.9688
-7.3569 -1.5532 -2.4994 0.9688
-7.2964 -1.8162 -2.4994 0.9688
-7.2266 -2.0768 -2.4994 0.9688
-7.1475 -2.3348 -2.4994 0.9688
-6.7403 -3.3335 -2.4996 0.9688
-6.4842 -3.8084 -2.4996 0.9688
-5.8731 -4.6972 -2.4998 0.9688
-5.5213 -5.1065 -2.4999 0.9688
-5.3347 -5.3014 -2.5000 0.9688
-5.1411 -5.4896 -2.5000 0.9688
-5.9980 -3.5900 -2.4998 0.9707
-5.4231 -4.4115 -2.5000 0.9707
-5.2614 -4.6033 -2.5000 0.9707
-5.0930 -4.7892 -2.5001 0.9707
-4.3558 -5.4691 -2.5003 0.9707
-4.1569 -5.6220 -2.5003 0.9707
-3.3102 -6.1595 -2.5006 0.9707
-2.6294 -6.4800 -2.5008 0.9707
-1.6755 -6.7904 -2.5011 0.9707
-1.4308 -6.8463 -2.5012 0.9707
-0.9362 -6.9317 -2.5013 0.9707
-0.6869 -6.9610 -2.5014 0.9707
-0.4367 -6.9814 -2.5015 0.9707
-0.1859 -6.9928 -2.5016 0.9707
0.0651 -6.9952 -2.5016 0.9707
0.8165 -6.9483 -2.5019 0.9707
1.0653 -6.9148 -2.5019 0.9707
1.3127 -6.8723 -2.5020 0.9707
1.8023 -6.7609 -2.5022 0.9707
2.0438 -6.6921 -2.5022 0.9707
2.2827 -6.6146 -2.5023 0.9707
2.5186 -6.5286 -2.5024 0.9707
2.9805 -6.3315 -2.5025 0.9707
3.4271 -6.1018 -2.5027 0.9707
3.6439 -5.9751 -2.5027 0.9707
3.8560 -5.8407 -2.5028 0.9707
4.4617 -5.3929 -2.5030 0.9707
4.6524 -5.2295 -2.5030 0.9707
4.8371 -5.0593 -2.5031 0.9707
5.0156 -4.8826 -2.5031 0.9707
5.1877 -4.6996 -2.5032 0.9707
5.5116 -4.3156 -2.5033 0.9707
5.9437 -3.6985 -2.5034 0.9707
6.1939 -3.2629 -2.5035 0.9707
6.3070 -3.0386 -2.5035 0.9707
6.7484 -1.8642 -2.5037 0.9707
3.5405 -0.8426 -1.3015 0.9847
3.4999 -0.7013 -1.2765 0.9850
3.4904 -0.5699 -1.2647 0.9851
3.4888 -0.4418 -1.2576 0.9852
3.4821 -0.3145 -1.2503 0.9853
3.4720 -0.1883 -1.2434 0.9853
3.4885 -0.0638 -1.2477 0.9853
3.5062 0.0616 -1.2540 0.9852
3.5179 0.1883 -1.2598 0.9851
3.5687 0.4493 -1.2863 0.9848
6.9106 1.1233 -2.5037 0.9707
6.8658 1.3705 -2.5037 0.9707
6.8122 1.6160 -2.5037 0.9707
6.7498 1.8593 -2.5037 0.9707
6.6786 2.1003 -2.5036 0.9707
6.5989 2.3386 -2.5036 0.9707
6.5107 2.5738 -2.5036 0.9707
6.4140 2.8057 -2.5036 0.9707
5.3563 4.5066 -2.5032 0.9707
5.0191 4.8789 -2.5031 0.9707
4.8407 5.0558 -2.5031 0.9707
4.6561 5.2261 -2.5030 0.9707
3.6481 5.9724 -2.5027 0.9707
3.2102 6.2184 -2.5026 0.9707
2.7559 6.4322 -2.5024 0.9707
2.5233 6.5268 -2.5024 0.9707
2.0486 6.6905 -2.5022 0.9707
1.5634 6.8198 -2.5021 0.9707
1.0702 6.9139 -2.5019 0.9707
0.8215 6.9477 -2.5018 0.9707
0.5716 6.9725 -2.5018 0.9707
0.0701 6.9951 -2.5016 0.9707
-0.1809 6.9929 -2.5015 0.9707
-0.4317 6.9817 -2.5015 0.9707
-0.6819 6.9615 -2.5014 0.9707
-1.1793 6.8942 -2.5012 0.9707
-1.9132 6.7270 -2.5010 0.9707
-2.1532 6.6538 -2.5009 0.9707
-3.0826 6.2766 -2.5007 0.9707
-3.5246 6.0391 -2.5005 0.9707
-3.7389 5.9086 -2.5005 0.9707
-3.9484 5.7704 -2.5004 0.9707
-4.5453 5.3124 -2.5002 0.9707
-4.9144 4.9725 -2.5001 0.9707
-5.0895 4.7929 -2.5000 0.9707
-5.2581 4.6071 -2.5000 0.9707
-5.4199 4.4153 -2.4999 0.9707
-5.5747 4.2180 -2.4999 0.9707
-5.7224 4.0152 -2.4999 0.9707
-5.9954 3.5943 -2.4998 0.9707
-6.1204 3.3768 -2.4997 0.9707
-6.3467 2.9291 -2.4997 0.9707
-6.7672 1.7493 -2.4995 0.9707
-6.8255 1.5053 -2.4995 0.9707
-6.8751 1.2594 -2.4995 0.9707
-6.9158 1.0120 -2.4995 0.9707
-6.9706 0.5134 -2.4995 0.9707
-6.9845 0.2629 -2.4995 0.9707
-6.9894 0.0121 -2.4995 0.9707
-6.9854 -0.2386 -2.4995 0.9707
-6.9723 -0.4891 -2.4995 0.9707
-6.9503 -0.7390 -2.4995 0.9707
-6.8795 -1.2355 -2.4995 0.9707
-6.8307 -1.4816 -2.4995 0.9707
-6.6322 -2.2070 -2.4996 0.9707
-6.4569 -2.6771 -2.4996 0.9707
-6.2485 -3.1333 -2.4997 0.9707
-6.1321 -3.3555 -2.4997 0.9707
-5.8759 -3.7868 -2.4998 0.9707
-5.7363 -3.9952 -2.4999 0.9707
-5.4352 -4.3965 -2.5000 0.9707
-5.2741 -4.5888 -2.5000 0.9707
-4.9317 -4.9554 -2.5001 0.9707
-4.7508 -5.1293 -2.5002 0.9707
-4.3709 -5.4570 -2.5003 0.9707
-3.9685 -5.7567 -2.5004 0.9707
-3.5456 -6.0268 -2.5005 0.9707
-3.3272 -6.1503 -2.5006 0.9707
-3.1045 -6.2659 -2.5007 0.9707
-2.8777 -6.3734 -2.5007 0.9707
-2.6473 -6.4728 -2.5008 0.9707
-2.4134 -6.5638 -2.5009 0.9707
-2.1764 -6.6463 -2.5010 0.9707
-0.9553 -6.9291 -2.5013 0.9707
-0.7061 -6.9591 -2.5014 0.9707
-0.4560 -6.9802 -2.5015 0.9707
-0.2053 -6.9923 -2.5016 0.9707
0.2967 -6.9894 -2.5017 0.9707
0.5473 -6.9745 -2.5018 0.9707
1.0462 -6.9177 -2.5019 0.9707
1.7836 -6.7658 -2.5022 0.9707
2.0253 -6.6976 -2.5022 0.9707
2.2644 -6.6209 -2.5023 0.9707
2.7335 -6.4418 -2.5025 0.9707
3.4102 -6.1113 -2.5027 0.9707
3.6274 -5.9851 -2.5027 0.9707
3.8399 -5.8513 -2.5028 0.9707
4.0474 -5.7099 -2.5029 0.9707
4.4467 -5.4052 -2.5030 0.9707
4.6379 -5.2423 -2.5030 0.9707
4.8231 -5.0726 -2.5031 0.9707
5.0021 -4.8964 -2.5031 0.9707
5.1747 -4.7139 -2.5032 0.9707
5.4996 -4.3308 -2.5033 0.9707
5.9335 -3.7149 -2.5034 0.9707
6.0631 -3.4997 -2.5035 0.9707
6.4043 -2.8280 -2.5036 0.9707
6.5017 -2.5965 -2.5036 0.9707
3.4890 -0.4516 -1.2581 0.9852
3.4828 -0.3243 -1.2509 0.9853
3.4870 -0.0735 -1.2473 0.9853
3.5052 0.0520 -1.2536 0.9852
3.5171 0.1785 -1.2593 0.9852
3.5649 0.4388 -1.2845 0.9849
6.9137 1.1042 -2.5037 0.9707
6.8696 1.3516 -2.5037 0.9707
6.8166 1.5972 -2.5037 0.9707
6.3175 3.0166 -2.5035 0.9707
6.2051 3.2413 -2.5035 0.9707
5.9565 3.6778 -2.5034 0.9707
5.6773 4.0954 -2.5033 0.9707
5.5266 4.2964 -2.5033 0.9707
5.3687 4.4918 -2.5032 0.9707
4.8547 5.0424 -2.5031 0.9707
4.2844 5.5345 -2.5029 0.9707
3.8763 5.8272 -2.5028 0.9707
3.2274 6.2095 -2.5026 0.9707
2.7736 6.4246 -2.5024 0.9707
1.5822 6.8155 -2.5021 0.9707
1.3366 6.8677 -2.5020 0.9707
1.0893 6.9110 -2.5019 0.9707
0.8406 6.9454 -2.5019 0.9707
0.3403 6.9874 -2.5017 0.9707
-0.1616 6.9934 -2.5015 0.9707
-0.4124 6.9829 -2.5015 0.9707
-0.6627 6.9633 -2.5014 0.9707
-0.9121 6.9349 -2.5013 0.9707
-1.1603 6.8975 -2.5012 0.9707
-1.4070 6.8512 -2.5012 0.9707
-1.6518 6.7961 -2.5011 0.9707
-1.8946 6.7322 -2.5010 0.9707
-2.1348 6.6597 -2.5009 0.9707
-2.3723 6.5787 -2.5009 0.9707
-2.8379 6.3912 -2.5007 0.9707
-3.2887 6.1709 -2.5006 0.9707
-3.5079 6.0488 -2.5005 0.9707
-3.7226 5.9189 -2.5005 0.9707
-3.9325 5.7813 -2.5004 0.9707
-4.1373 5.6364 -2.5003 0.9707
-4.3367 5.4842 -2.5003 0.9707
-4.7187 5.1588 -2.5002 0.9707
-5.4077 4.4303 -2.4999 0.9707
-5.7113 4.0310 -2.4999 0.9707
-5.9855 3.6109 -2.4998 0.9707
-6.2288 3.1722 -2.4997 0.9707
-6.4401 2.7173 -2.4996 0.9707
-6.5334 2.4844 -2.4996 0.9707
-6.6946 2.0095 -2.4996 0.9707
-6.8716 1.2784 -2.4995 0.9707
-6.9455 0.7823 -2.4995 0.9707
-6.9691 0.5326 -2.4995 0.9707
-6.9837 0.2822 -2.4995 0.9707
-6.9894 0.0315 -2.4995 0.9707
-6.9860 -0.2193 -2.4995 0.9707
-6.9736 -0.4699 -2.4995 0.9707
-6.9523 -0.7198 -2.4995 0.9707
-6.8829 -1.2165 -2.4995 0.9707
-6.6382 -2.1887 -2.4996 0.9707
-6.2571 -3.1160 -2.4997 0.9707
-5.8863 -3.7705 -2.4998 0.9707
-5.7473 -3.9794 -2.4999 0.9707
-5.6010 -4.1831 -2.4999 0.9707
-5.2868 -4.5742 -2.5000 0.9707
-4.9453 -4.9417 -2.5001 0.9707
-4.3859 -5.4449 -2.5003 0.9707
-4.1879 -5.5989 -2.5003 0.9707
-3.5623 -6.0170 -2.5005 0.9707
-3.3442 -6.1411 -2.5006 0.9707
-2.8953 -6.3654 -2.5007 0.9707
-2.6651 -6.4654 -2.5008 0.9707
-2.4315 -6.5571 -2.5009 0.9707
-1.9551 -6.7149 -2.5010 0.9707
-1.7130 -6.7810 -2.5011 0.9707
-0.9745 -6.9264 -2.5013 0.9707
-0.4753 -6.9789 -2.5015 0.9707
-0.2246 -6.9917 -2.5016 0.9707
0.2774 -6.9902 -2.5017 0.9707
0.7781 -6.9527 -2.5019 0.9707
1.0271 -6.9205 -2.5019 0.9707
1.7649 -6.7707 -2.5022 0.9707
2.0068 -6.7032 -2.5022 0.9707
2.2461 -6.6271 -2.5023 0.9707
2.4825 -6.5424 -2.5024 0.9707
3.1714 -6.2383 -2.5026 0.9707
3.6108 -5.9951 -2.5027 0.9707
3.8237 -5.8619 -2.5028 0.9707
4.0316 -5.7210 -2.5029 0.9707
4.2344 -5.5728 -2.5029 0.9707
4.6234 -5.2551 -2.5030 0.9707
4.8091 -5.0859 -2.5031 0.9707
5.3281 -4.5400 -2.5032 0.9707
5.4877 -4.3460 -2.5033 0.9707
5.7854 -3.9414 -2.5034 0.9707
5.9232 -3.7313 -2.5034 0.9707
6.1757 -3.2970 -2.5035 0.9707
6.2901 -3.0733 -2.5035 0.9707
6.5842 -2.3797 -2.5036 0.9707
6.7380 -1.9015 -2.5037 0.9707
3.4904 -0.5897 -1.2659 0.9851
3.4892 -0.4615 -1.2586 0.9852
3.4855 -0.0831 -1.2468 0.9853
3.5162 0.1687 -1.2589 0.9852
3.5265 0.2963 -1.2655 0.9851
3.5621 0.4285 -1.2830 0.9849
6.9167 1.0851 -2.5037 0.9707
6.8210 1.5783 -2.5037 0.9707
6.7599 1.8220 -2.5037 0.9707
6.6901 2.0634 -2.5036 0.9707
6.6117 2.3021 -2.5036 0.9707
6.5248 2.5378 -2.5036 0.9707
6.4295 2.7702 -2.5036 0.9707
6.3259 2.9991 -2.5035 0.9707
6.2141 3.2241 -2.5035 0.9707
5.5384 4.2811 -2.5033 0.9707
5.3811 4.4770 -2.5032 0.9707
3.8924 5.8165 -2.5028 0.9707
3.6811 5.9522 -2.5027 0.9707
3.4650 6.0803 -2.5027 0.9707
3.2446 6.2005 -2.5026 0.9707
3.0199 6.3128 -2.5025 0.9707
2.7914 6.4169 -2.5024 0.9707
2.5593 6.5128 -2.5024 0.9707
2.3239 6.6002 -2.5023 0.9707
1.8445 6.7495 -2.5022 0.9707
1.6011 6.8111 -2.5021 0.9707
1.3556 6.8639 -2.5020 0.9707
0.8598 6.9431 -2.5019 0.9707
0.6101 6.9692 -2.5018 0.9707
0.3597 6.9864 -2.5017 0.9707
-0.1423 6.9938 -2.5016 0.9707
-0.6434 6.9652 -2.5014 0.9707
-1.6331 6.8007 -2.5011 0.9707
-1.8760 6.7375 -2.5010 0.9707
-2.5889 6.4963 -2.5008 0.9707
-3.0479 6.2936 -2.5007 0.9707
-3.2717 6.1800 -2.5006 0.9707
-3.7063 5.9292 -2.5005 0.9707
-4.1217 5.6478 -2.5003 0.9707
-4.3216 5.4961 -2.5003 0.9707
-4.5159 5.3374 -2.5002 0.9707
-4.7044 5.1718 -2.5002 0.9707
-5.3954 4.4452 -2.5000 0.9707
-5.5514 4.2487 -2.4999 0.9707
-5.7001 4.0467 -2.4999 0.9707
-5.9755 3.6274 -2.4998 0.9707
-6.5265 2.5025 -2.4996 0.9707
-6.6890 2.0280 -2.4996 0.9707
-6.7574 1.7866 -2.4995 0.9707
-6.8171 1.5430 -2.4995 0.9707
-6.9434 0.8015 -2.4995 0.9707
-6.9829 0.3015 -2.4995 0.9707
-6.9866 -0.2000 -2.4995 0.9707
-6.9749 -0.4506 -2.4995 0.9707
-6.9247 -0.9496 -2.4995 0.9707
-6.8862 -1.1975 -2.4995 0.9707
-6.7827 -1.6883 -2.4995 0.9707
-6.7178 -1.9306 -2.4996 0.9707
-6.4716 -2.6413 -2.4996 0.9707
-6.2657 -3.0987 -2.4997 0.9707
-6.1506 -3.3216 -2.4997 0.9707
-6.0275 -3.5402 -2.4998 0.9707
-5.8967 -3.7543 -2.4998 0.9707
-5.7583 -3.9635 -2.4999 0.9707
-5.4594 -4.3664 -2.4999 0.9707
-5.2994 -4.5596 -2.5000 0.9707
-5.1325 -4.7468 -2.5000 0.9707
-5.5974 -3.3503 -2.4999 0.9724
-5.3429 -3.7432 -2.5000 0.9724
-5.2053 -3.9325 -2.5000 0.9724
-4.2453 -4.9545 -2.5003 0.9724
-4.0649 -5.1037 -2.5004 0.9724
-3.8792 -5.2464 -2.5004 0.9724
-3.6886 -5.3824 -2.5005 0.9724
-3.4931 -5.5114 -2.5006 0.9724
-3.2932 -5.6333 -2.5006 0.9724
-2.8809 -5.8553 -2.5007 0.9724
-2.6690 -5.9550 -2.5008 0.9724
-2.4537 -6.0471 -2.5009 0.9724
-2.2352 -6.1314 -2.5009 0.9724
-2.0138 -6.2078 -2.5010 0.9724
-1.7898 -6.2763 -2.5011 0.9724
-1.5635 -6.3366 -2.5011 0.9724
-0.8736 -6.4685 -2.5014 0.9724
-0.6410 -6.4959 -2.5014 0.9724
-0.1735 -6.5255 -2.5016 0.9724
0.0607 -6.5277 -2.5016 0.9724
0.2949 -6.5215 -2.5017 0.9724
0.7619 -6.4839 -2.5019 0.9724
0.9941 -6.4526 -2.5019 0.9724
1.2250 -6.4129 -2.5020 0.9724
1.4543 -6.3650 -2.5021 0.9724
1.9072 -6.2447 -2.5022 0.9724
2.1301 -6.1724 -2.5023 0.9724
2.3502 -6.0922 -2.5023 0.9724
2.5674 -6.0041 -2.5024 0.9724
2.9915 -5.8048 -2.5025 0.9724
4.3413 -4.8798 -2.5029 0.9724
4.5137 -4.7210 -2.5030 0.9724
4.8408 -4.3853 -2.5031 0.9724
4.9951 -4.2088 -2.5031 0.9724
5.1430 -4.0270 -2.5032 0.9724
5.4188 -3.6479 -2.5033 0.9724
5.5462 -3.4512 -2.5033 0.9724
5.7796 -3.0446 -2.5034 0.9724
6.0735 -2.4060 -2.5035 0.9724
6.1560 -2.1866 -2.5035 0.9724
3.3765 -0.8035 -1.3301 0.9852
3.3612 -0.5488 -1.3051 0.9855
3.3647 -0.0616 -1.2896 0.9857
3.3974 0.3044 -1.3072 0.9855
3.4265 0.4314 -1.3235 0.9853
3.4781 0.5654 -1.3504 0.9850
6.3565 1.5079 -2.5035 0.9724
5.8872 2.8311 -2.5034 0.9724
5.5487 3.4472 -2.5033 0.9724
5.4213 3.6440 -2.5033 0.9724
5.2870 3.8361 -2.5032 0.9724
5.1459 4.0233 -2.5032 0.9724
4.9981 4.2052 -2.5031 0.9724
4.8439 4.3818 -2.5031 0.9724
4.6835 4.5527 -2.5030 0.9724
4.3448 4.8766 -2.5029 0.9724
4.1669 5.0293 -2.5029 0.9724
3.9837 5.1754 -2.5028 0.9724
3.7953 5.3149 -2.5028 0.9724
3.6021 5.4475 -2.5027 0.9724
3.4042 5.5731 -2.5026 0.9724
3.2020 5.6915 -2.5026 0.9724
2.9956 5.8026 -2.5025 0.9724
2.7854 5.9062 -2.5024 0.9724
2.5717 6.0022 -2.5024 0.9724
2.3546 6.0904 -2.5023 0.9724
2.1345 6.1708 -2.5022 0.9724
1.9116 6.2433 -2.5022 0.9724
0.9987 6.4518 -2.5019 0.9724
0.7665 6.4833 -2.5018 0.9724
0.2996 6.5212 -2.5017 0.9724
0.0654 6.5276 -2.5016 0.9724
-0.1688 6.5255 -2.5015 0.9724
-0.6363 6.4963 -2.5014 0.9724
-1.1005 6.4335 -2.5013 0.9724
-1.3306 6.3897 -2.5012 0.9724
-2.0093 6.2092 -2.5010 0.9724
-2.4493 6.0488 -2.5008 0.9724
-2.6647 5.9569 -2.5008 0.9724
-2.8767 5.8573 -2.5007 0.9724
-3.4892 5.5138 -2.5005 0.9724
-3.6847 5.3850 -2.5005 0.9724
-4.0612 5.1066 -2.5004 0.9724
-4.4168 4.8020 -2.5002 0.9724
-4.5861 4.6404 -2.5002 0.9724
-5.2024 3.9362 -2.5000 0.9724
-5.3402 3.7470 -2.5000 0.9724
-5.5950 3.3543 -2.4999 0.9724
-5.8210 2.9443 -2.4998 0.9724
-6.2527 1.8580 -2.4997 0.9724
-6.4160 1.1753 -2.4996 0.9724
-6.4540 0.9444 -2.4996 0.9724
-6.4837 0.7122 -2.4996 0.9724
-6.5051 0.4791 -2.4996 0.9724
-6.5227 0.0114 -2.4996 0.9724
-6.5067 -0.4564 -2.4996 0.9724
-6.4862 -0.6896 -2.4996 0.9724
-6.4573 -0.9219 -2.4996 0.9724
-6.4201 -1.1530 -2.4996 0.9724
-6.3746 -1.3826 -2.4997 0.9724
-6.1114 -2.2804 -2.4997 0.9724
-6.0257 -2.4983 -2.4998 0.9724
-5.9323 -2.7129 -2.4998 0.9724
-5.8312 -2.9240 -2.4998 0.9724
-5.7226 -3.1314 -2.4999 0.9724
-5.3532 -3.7284 -2.5000 0.9724
-5.0722 -4.1029 -2.5001 0.9724
-4.9218 -4.2823 -2.5001 0.9724
-4.7651 -4.4562 -2.5002 0.9724
-4.6023 -4.6244 -2.5002 0.9724
-4.0789 -5.0925 -2.5004 0.9724
-3.5083 -5.5017 -2.5005 0.9724
-3.3088 -5.6242 -2.5006 0.9724
-2.8971 -5.8473 -2.5007 0.9724
-2.6855 -5.9476 -2.5008 0.9724
-2.4704 -6.0403 -2.5009 0.9724
-2.2521 -6.1252 -2.5009 0.9724
-2.0310 -6.2022 -2.5010 0.9724
-1.8072 -6.2713 -2.5011 0.9724
-1.5810 -6.3323 -2.5011 0.9724
-1.1229 -6.4297 -2.5013 0.9724
-0.8915 -6.4661 -2.5013 0.9724
-0.6589 -6.4940 -2.5014 0.9724
-0.1915 -6.5250 -2.5016 0.9724
0.0427 -6.5278 -2.5016 0.9724
0.5108 -6.5083 -2.5018 0.9724
0.7440 -6.4860 -2.5018 0.9724
0.9762 -6.4553 -2.5019 0.9724
1.2073 -6.4163 -2.5020 0.9724
1.4368 -6.3690 -2.5021 0.9724
1.6644 -6.3136 -2.5021 0.9724
1.8899 -6.2499 -2.5022 0.9724
2.1130 -6.1783 -2.5023 0.9724
2.3334 -6.0987 -2.5023 0.9724
2.9754 -5.8130 -2.5025 0.9724
3.5831 -5.4601 -2.5027 0.9724
4.6676 -4.5690 -2.5030 0.9724
4.9835 -4.2226 -2.5031 0.9724
5.1319 -4.0412 -2.5032 0.9724
5.4086 -3.6629 -2.5033 0.9724
5.6576 -3.2656 -2.5033 0.9724
6.1499 -2.2036 -2.5035 0.9724
3.3805 -0.8144 -1.3325 0.9852
3.3624 -0.4352 -1.2993 0.9856
3.3633 -0.0709 -1.2892 0.9857
3.3798 0.0501 -1.2953 0.9856
3.3883 0.1720 -1.3001 0.9856
3.3969 0.2949 -1.3066 0.9855
3.4734 0.5547 -1.3479 0.9850
6.2373 1.9426 -2.5035 0.9724
6.0818 2.3849 -2.5035 0.9724
5.8950 2.8148 -2.5034 0.9724
5.6778 3.2303 -2.5033 0.9724
5.4314 3.6290 -2.5033 0.9724
5.1570 4.0091 -2.5032 0.9724
5.0097 4.1914 -2.5031 0.9724
4.8560 4.3684 -2.5031 0.9724
3.9980 5.1644 -2.5028 0.9724
3.8100 5.3044 -2.5028 0.9724
3.4196 5.5637 -2.5026 0.9724
3.0117 5.7943 -2.5025 0.9724
2.8018 5.8985 -2.5025 0.9724
2.5882 5.9951 -2.5024 0.9724
2.3714 6.0839 -2.5023 0.9724
1.9289 6.2380 -2.5022 0.9724
1.7038 6.3030 -2.5021 0.9724
0.5514 6.5050 -2.5018 0.9724
0.3176 6.5204 -2.5017 0.9724
-0.1508 6.5260 -2.5016 0.9724
-0.6184 6.4980 -2.5014 0.9724
-1.7680 6.2824 -2.5011 0.9724
-2.2138 6.1391 -2.5009 0.9724
-2.4326 6.0556 -2.5009 0.9724
-2.8605 5.8652 -2.5007 0.9724
-3.0690 5.7587 -2.5007 0.9724
-3.2736 5.6447 -2.5006 0.9724
-3.4739 5.5235 -2.5005 0.9724
-3.6698 5.3951 -2.5005 0.9724
-4.0471 5.1178 -2.5004 0.9724
-4.8950 4.3129 -2.5001 0.9724
-5.1915 3.9506 -2.5000 0.9724
-5.4613 3.5680 -2.4999 0.9724
-5.7029 3.1671 -2.4999 0.9724
-5.8128 2.9604 -2.4998 0.9724
-5.9152 2.7499 -2.4998 0.9724
-6.0971 2.3185 -2.4997 0.9724
-6.1763 2.0983 -2.4997 0.9724
-6.2475 1.8753 -2.4997 0.9724
-6.3108 1.6499 -2.4997 0.9724
-6.3658 1.4224 -2.4997 0.9724
-6.4127 1.1931 -2.4996 0.9724
-6.4514 0.9622 -2.4996 0.9724
-6.4817 0.7301 -2.4996 0.9724
-6.5174 0.2634 -2.4996 0.9724
-6.5226 0.0294 -2.4996 0.9724
-6.5195 -0.2047 -2.4996 0.9724
-6.5080 -0.4385 -2.4996 0.9724
-6.4881 -0.6717 -2.4996 0.9724
-6.4598 -0.9041 -2.4996 0.9724
-6.4232 -1.1353 -2.4996 0.9724
-6.3784 -1.3650 -2.4997 0.9724
-6.1949 -2.0425 -2.4997 0.9724
-6.0326 -2.4816 -2.4998 0.9724
-5.9398 -2.6965 -2.4998 0.9724
-5.6158 -3.3193 -2.4999 0.9724
-5.3635 -3.7136 -2.5000 0.9724
-5.2269 -3.9037 -2.5000 0.9724
-4.9336 -4.2687 -2.5001 0.9724
-4.4467 -4.7744 -2.5003 0.9724
-4.2726 -4.9310 -2.5003 0.9724
-3.9081 -5.2249 -2.5004 0.9724
-3.7182 -5.3619 -2.5005 0.9724
-3.3243 -5.6150 -2.5006 0.9724
-2.9132 -5.8393 -2.5007 0.9724
-2.2690 -6.1190 -2.5009 0.9724
-2.0481 -6.1966 -2.5010 0.9724
-1.8245 -6.2663 -2.5011 0.9724
-0.9094 -6.4635 -2.5013 0.9724
-0.6769 -6.4922 -2.5014 0.9724
-0.4435 -6.5125 -2.5015 0.9724
-0.2096 -6.5244 -2.5016 0.9724
0.7260 -6.4880 -2.5018 0.9724
1.4192 -6.3730 -2.5021 0.9724
1.6469 -6.3181 -2.5021 0.9724
1.8726 -6.2551 -2.5022 0.9724
2.0959 -6.1841 -2.5023 0.9724
2.3165 -6.1051 -2.5023 0.9724
2.7485 -5.9235 -2.5025 0.9724
3.3694 -5.5943 -2.5026 0.9724
3.5680 -5.4699 -2.5027 0.9724
3.7621 -5.3385 -2.5028 0.9724
4.1354 -5.0552 -2.5029 0.9724
4.4875 -4.7458 -2.5030 0.9724
4.8165 -4.4120 -2.5031 0.9724
5.1207 -4.0553 -2.5032 0.9724
5.2630 -3.8690 -2.5032 0.9724
5.3985 -3.6778 -2.5033 0.9724
5.5271 -3.4818 -2.5033 0.9724
5.8695 -2.8678 -2.5034 0.9724
5.9686 -2.6554 -2.5034 0.9724
6.0601 -2.4396 -2.5035 0.9724
6.2874 -1.7743 -2.5035 0.9724
3.3845 -0.8252 -1.3350 0.9852
3.3676 -0.6941 -1.3177 0.9854
3.3611 -0.5679 -1.3063 0.9855
3.3623 -0.4447 -1.2997 0.9856
3.3790 0.0408 -1.2950 0.9856
3.3877 0.1626 -1.2997 0.9856
3.3963 0.2854 -1.3061 0.9855
6.4136 1.2434 -2.5036 0.9724
6.3648 1.4728 -2.5036 0.9724
6.2427 1.9254 -2.5035 0.9724
6.0884 2.3681 -2.5035 0.9724
5.9028 2.7985 -2.5034 0.9724
5.6867 3.2146 -2.5033 0.9724
5.5676 3.4165 -2.5033 0.9724
4.8681 4.3550 -2.5031 0.9724
4.5431 4.6927 -2.5030 0.9724
4.3716 4.8526 -2.5029 0.9724
3.2334 5.6738 -2.5026 0.9724
3.0277 5.7860 -2.5025 0.9724
2.8180 5.8908 -2.5025 0.9724
2.3882 6.0773 -2.5023 0.9724
1.4940 6.3558 -2.5021 0.9724
0.3356 6.5195 -2.5017 0.9724
0.1015 6.5272 -2.5016 0.9724
-0.1328 6.5264 -2.5016 0.9724
-0.3669 6.5172 -2.5015 0.9724
-0.8333 6.4738 -2.5013 0.9724
-1.0650 6.4396 -2.5013 0.9724
-1.2953 6.3970 -2.5012 0.9724
-1.5239 6.3462 -2.5011 0.9724
-1.9750 6.2203 -2.5010 0.9724
-2.8443 5.8731 -2.5007 0.9724
-3.0531 5.7671 -2.5007 0.9724
-3.2580 5.6537 -2.5006 0.9724
-3.4587 5.5330 -2.5005 0.9724
-3.6549 5.4053 -2.5005 0.9724
-4.2143 4.9809 -2.5003 0.9724
-4.5604 4.6657 -2.5002 0.9724
-5.1806 3.9649 -2.5000 0.9724
-5.4514 3.5831 -2.4999 0.9724
-6.0030 2.5524 -2.4998 0.9724
-6.2423 1.8925 -2.4997 0.9724
-6.4094 1.2108 -2.4996 0.9724
-6.4487 0.9800 -2.4996 0.9724
-6.5023 0.5150 -2.4996 0.9724
-6.5225 0.0474 -2.4996 0.9724
-6.5200 -0.1867 -2.4996 0.9724
-6.3821 -1.3474 -2.4997 0.9724
-6.0394 -2.4649 -2.4998 0.9724
-5.3737 -3.6988 -2.5000 0.9724
-5.2376 -3.8892 -2.5000 0.9724
-4.7897 -4.4298 -2.5002 0.9724
-4.4598 -4.7621 -2.5003 0.9724
-5.2413 -3.1371 -2.5000 0.9739
-5.1254 -3.3232 -2.5000 0.9739
-4.8741 -3.6823 -2.5001 0.9739
-4.7389 -3.8549 -2.5002 0.9739
-4.5976 -4.0225 -2.5002 0.9739
-4.4504 -4.1850 -2.5003 0.9739
-4.1389 -4.4935 -2.5004 0.9739
-3.9751 -4.6392 -2.5004 0.9739
-2.6975 -5.4826 -2.5008 0.9739
-2.4992 -5.5760 -2.5009 0.9739
-2.2975 -5.6622 -2.5009 0.9739
-1.6759 -5.8768 -2.5011 0.9739
-1.4640 -5.9333 -2.5012 0.9739
0.0569 -6.1121 -2.5016 0.9739
0.2761 -6.1063 -2.5017 0.9739
0.4951 -6.0926 -2.5018 0.9739
0.7134 -6.0711 -2.5018 0.9739
1.3617 -5.9597 -2.5020 0.9739
1.9944 -5.7794 -2.5022 0.9739
2.6041 -5.5320 -2.5024 0.9739
2.8010 -5.4351 -2.5025 0.9739
3.3690 -5.1030 -2.5026 0.9739
3.7265 -4.8485 -2.5028 0.9739
3.8981 -4.7118 -2.5028 0.9739
4.0648 -4.5690 -2.5029 0.9739
4.3821 -4.2658 -2.5030 0.9739
4.5324 -4.1059 -2.5030 0.9739
4.6769 -3.9407 -2.5030 0.9739
4.8154 -3.7705 -2.5031 0.9739
5.0735 -3.4155 -2.5032 0.9739
5.7638 -2.0473 -2.5034 0.9739
5.8336 -1.8392 -2.5034 0.9739
3.2299 -0.7686 -1.3588 0.9858
3.2375 -0.5286 -1.3426 0.9859
3.2358 -0.1755 -1.3263 0.9861
3.2621 0.0574 -1.3353 0.9860
3.2696 0.1750 -1.3401 0.9859
3.2721 0.2932 -1.3446 0.9859
5.9984 1.1974 -2.5034 0.9739
5.9515 1.4118 -2.5034 0.9739
5.6038 2.4513 -2.5033 0.9739
5.5122 2.6507 -2.5033 0.9739
5.3077 3.0392 -2.5032 0.9739
5.1952 3.2276 -2.5032 0.9739
5.0760 3.4118 -2.5032 0.9739
4.6797 3.9374 -2.5030 0.9739
4.3852 4.2627 -2.5029 0.9739
4.2293 4.4172 -2.5029 0.9739
4.0680 4.5660 -2.5028 0.9739
3.9015 4.7089 -2.5028 0.9739
3.5536 4.9764 -2.5027 0.9739
3.3727 5.1006 -2.5026 0.9739
3.1874 5.2182 -2.5026 0.9739
2.9981 5.3291 -2.5025 0.9739
2.8048 5.4331 -2.5025 0.9739
2.2046 5.7026 -2.5023 0.9739
1.7899 5.8457 -2.5021 0.9739
1.3660 5.9587 -2.5020 0.9739
1.1513 6.0037 -2.5019 0.9739
0.0613 6.1120 -2.5016 0.9739
-0.8137 6.0572 -2.5013 0.9739
-1.8815 5.8140 -2.5010 0.9739
-2.6936 5.4845 -2.5008 0.9739
-2.8886 5.3842 -2.5007 0.9739
-3.0798 5.2770 -2.5007 0.9739
-3.2671 5.1629 -2.5006 0.9739
-3.6288 4.9151 -2.5005 0.9739
-3.8027 4.7817 -2.5004 0.9739
-3.9718 4.6421 -2.5004 0.9739
-4.1357 4.4965 -2.5003 0.9739
-4.2943 4.3451 -2.5003 0.9739
-4.5947 4.0258 -2.5002 0.9739
-4.7361 3.8583 -2.5002 0.9739
-5.0004 3.5086 -2.5001 0.9739
-5.1230 3.3268 -2.5000 0.9739
-5.2390 3.1409 -2.5000 0.9739
-5.5460 2.5596 -2.4999 0.9739
-5.7151 2.1552 -2.4999 0.9739
-5.9645 1.3154 -2.4998 0.9739
-6.1077 0.0106 -2.4997 0.9739
-6.1042 -0.2085 -2.4997 0.9739
-6.0116 -1.0797 -2.4998 0.9739
-5.7955 -1.9286 -2.4998 0.9739
-5.7226 -2.1354 -2.4999 0.9739
-5.4602 -2.7380 -2.4999 0.9739
-5.1346 -3.3090 -2.5000 0.9739
-4.7495 -3.8418 -2.5002 0.9739
-4.6087 -4.0098 -2.5002 0.9739
-3.9879 -4.6282 -2.5004 0.9739
-3.4677 -5.0303 -2.5006 0.9739
-3.2851 -5.1516 -2.5006 0.9739
-3.0982 -5.2662 -2.5007 0.9739
-2.5145 -5.5691 -2.5008 0.9739
-2.3132 -5.6558 -2.5009 0.9739
-1.6921 -5.8721 -2.5011 0.9739
-1.0514 -6.0204 -2.5013 0.9739
-0.8348 -6.0544 -2.5014 0.9739
-0.6170 -6.0806 -2.5014 0.9739
-0.3984 -6.0990 -2.5015 0.9739
0.0400 -6.1122 -2.5016 0.9739
0.4782 -6.0939 -2.5018 0.9739
0.9141 -6.0443 -2.5019 0.9739
1.3453 -5.9635 -2.5020 0.9739
1.5584 -5.9115 -2.5021 0.9739
2.1848 -5.7103 -2.5023 0.9739
2.5888 -5.5391 -2.5024 0.9739
2.7859 -5.4428 -2.5025 0.9739
2.9795 -5.3395 -2.5025 0.9739
3.1693 -5.2292 -2.5026 0.9739
3.5362 -4.9887 -2.5027 0.9739
3.7131 -4.8587 -2.5028 0.9739
3.8851 -4.7225 -2.5028 0.9739
4.2139 -4.4319 -2.5029 0.9739
4.6660 -3.9536 -2.5030 0.9739
5.1839 -3.2456 -2.5032 0.9739
5.2971 -3.0576 -2.5032 0.9739
5.6803 -2.2685 -2.5033 0.9739
5.8285 -1.8553 -2.5034 0.9739
3.2435 -0.4198 -1.3385 0.9860
3.2691 0.1659 -1.3397 0.9860
3.2721 0.2841 -1.3442 0.9859
3.3137 0.5292 -1.3734 0.9856
5.9554 1.3954 -2.5034 0.9739
5.9015 1.6082 -2.5034 0.9739
5.8400 1.8188 -2.5034 0.9739
5.7709 2.0272 -2.5034 0.9739
5.6944 2.2329 -2.5033 0.9739
5.6105 2.4358 -2.5033 0.9739
5.5194 2.6355 -2.5033 0.9739
5.4213 2.8318 -2.5033 0.9739
5.3161 3.0245 -2.5032 0.9739
5.2041 3.2132 -2.5032 0.9739
5.0854 3.3978 -2.5032 0.9739
4.9601 3.5780 -2.5031 0.9739
4.8285 3.7537 -2.5031 0.9739
4.5467 4.0901 -2.5030 0.9739
4.3969 4.2505 -2.5029 0.9739
4.2415 4.4055 -2.5029 0.9739
3.7433 4.8355 -2.5027 0.9739
3.5673 4.9665 -2.5027 0.9739
3.3867 5.0912 -2.5026 0.9739
3.2018 5.2094 -2.5026 0.9739
2.4234 5.6133 -2.5023 0.9739
2.2204 5.6965 -2.5023 0.9739
2.0145 5.7723 -2.5022 0.9739
1.8061 5.8408 -2.5021 0.9739
1.3825 5.9549 -2.5020 0.9739
1.1679 6.0005 -2.5020 0.9739
0.9518 6.0384 -2.5019 0.9739
-0.3604 6.1013 -2.5015 0.9739
-0.5790 6.0843 -2.5014 0.9739
-0.7969 6.0595 -2.5014 0.9739
-1.0138 6.0268 -2.5013 0.9739
-1.4434 5.9383 -2.5012 0.9739
-2.0729 5.7484 -2.5010 0.9739
-2.6784 5.4919 -2.5008 0.9739
-2.8737 5.3922 -2.5007 0.9739
-3.2528 5.1720 -2.5006 0.9739
-3.6152 4.9251 -2.5005 0.9739
-3.9590 4.6530 -2.5004 0.9739
-4.1233 4.5079 -2.5003 0.9739
-4.2823 4.3570 -2.5003 0.9739
-4.4358 4.2004 -2.5002 0.9739
-4.8612 3.6992 -2.5001 0.9739
-4.9907 3.5224 -2.5001 0.9739
-5.1138 3.3410 -2.5000 0.9739
-5.2303 3.1553 -2.5000 0.9739
-5.6276 2.3745 -2.4999 0.9739
-5.7092 2.1710 -2.4999 0.9739
-5.9093 1.5449 -2.4998 0.9739
-6.0410 0.9010 -2.4998 0.9739
-6.1047 -0.1917 -2.4997 0.9739
-6.0488 -0.8466 -2.4998 0.9739
-5.9726 -1.2782 -2.4998 0.9739
-5.9229 -1.4917 -2.4998 0.9739
-5.8008 -1.9126 -2.4998 0.9739
-5.7285 -2.1195 -2.4999 0.9739
-5.5618 -2.5249 -2.4999 0.9739
-5.4677 -2.7229 -2.4999 0.9739
-5.2585 -3.1081 -2.5000 0.9739
-4.7601 -3.8286 -2.5002 0.9739
-4.1637 -4.4706 -2.5003 0.9739
-4.0007 -4.6172 -2.5004 0.9739
-3.6594 -4.8924 -2.5005 0.9739
-3.4816 -5.0207 -2.5006 0.9739
-2.9221 -5.3661 -2.5007 0.9739
-2.7278 -5.4676 -2.5008 0.9739
-2.5299 -5.5621 -2.5008 0.9739
-2.3288 -5.6494 -2.5009 0.9739
-2.1246 -5.7295 -2.5010 0.9739
-1.9177 -5.8022 -2.5010 0.9739
-1.7083 -5.8674 -2.5011 0.9739
-1.4968 -5.9251 -2.5012 0.9739
-0.8515 -6.0521 -2.5014 0.9739
-0.6338 -6.0789 -2.5014 0.9739
-0.1962 -6.1090 -2.5016 0.9739
0.2424 -6.1077 -2.5017 0.9739
0.4614 -6.0952 -2.5018 0.9739
1.1138 -6.0108 -2.5020 0.9739
1.3288 -5.9672 -2.5020 0.9739
1.5421 -5.9158 -2.5021 0.9739
1.7534 -5.8568 -2.5022 0.9739
2.3728 -5.6349 -2.5023 0.9739
2.5735 -5.5463 -2.5024 0.9739
3.1548 -5.2380 -2.5026 0.9739
3.3408 -5.1215 -2.5026 0.9739
3.5225 -4.9985 -2.5027 0.9739
3.8720 -4.7332 -2.5028 0.9739
4.2017 -4.4435 -2.5029 0.9739
4.6551 -3.9665 -2.5030 0.9739
4.7945 -3.7970 -2.5031 0.9739
4.9277 -3.6226 -2.5031 0.9739
5.4955 -2.6851 -2.5033 0.9739
5.6740 -2.2841 -2.5033 0.9739
5.7524 -2.0791 -2.5034 0.9739
5.8233 -1.8714 -2.5034 0.9739
3.2759 -0.9244 -1.3931 0.9854
3.2292 -0.7874 -1.3603 0.9857
3.2273 -0.6652 -1.3486 0.9859
3.2362 -0.5468 -1.3433 0.9859
3.2419 -0.3109 -1.3329 0.9860
3.2473 -0.0774 -1.3294 0.9861
3.2604 0.0393 -1.3345 0.9860
3.2791 0.3945 -1.3517 0.9858
3.3089 0.5191 -1.3708 0.9856
6.0049 1.1642 -2.5034 0.9739
5.9593 1.3789 -2.5034 0.9739
5.8450 1.8027 -2.5034 0.9739
5.7005 2.2172 -2.5033 0.9739
5.6173 2.4203 -2.5033 0.9739
5.4291 2.8168 -2.5033 0.9739
5.3244 3.0098 -2.5032 0.9739
5.2130 3.1988 -2.5032 0.9739
4.8388 3.7403 -2.5031 0.9739
4.4087 4.2384 -2.5029 0.9739
3.7567 4.8251 -2.5027 0.9739
3.5810 4.9567 -2.5027 0.9739
3.4008 5.0819 -2.5026 0.9739
3.2162 5.2005 -2.5026 0.9739
3.0275 5.3124 -2.5025 0.9739
2.6385 5.5156 -2.5024 0.9739
2.4389 5.6066 -2.5023 0.9739
2.2361 5.6903 -2.5023 0.9739
2.0304 5.7668 -2.5022 0.9739
1.6116 5.8972 -2.5021 0.9739
1.3989 5.9511 -2.5020 0.9739
1.1845 5.9973 -2.5020 0.9739
0.7513 6.0665 -2.5018 0.9739
0.3142 6.1044 -2.5017 0.9739
-0.1243 6.1109 -2.5016 0.9739
-0.5622 6.0859 -2.5014 0.9739
-0.7802 6.0617 -2.5014 0.9739
-1.4269 5.9423 -2.5012 0.9739
-1.8493 5.8244 -2.5010 0.9739
-2.0571 5.7541 -2.5010 0.9739
-2.8588 5.4001 -2.5007 0.9739
-3.2386 5.1809 -2.5006 0.9739
-3.4223 5.0613 -2.5006 0.9739
-3.9461 4.6639 -2.5004 0.9739
-4.2702 4.3688 -2.5003 0.9739
-4.4242 4.2126 -2.5002 0.9739
-4.8510 3.7127 -2.5001 0.9739
-4.9810 3.5362 -2.5001 0.9739
-5.2216 3.1697 -2.5000 0.9739
-5.3319 2.9803 -2.5000 0.9739
-5.5318 2.5902 -2.4999 0.9739
-5.7032 2.1868 -2.4999 0.9739
-5.7779 1.9807 -2.4998 0.9739
-5.8452 1.7721 -2.4998 0.9739
-5.9050 1.5612 -2.4998 0.9739
-6.0385 0.9177 -2.4998 0.9739
-6.1076 0.0444 -2.4997 0.9739
-6.0950 -0.3937 -2.4997 0.9739
-6.0511 -0.8298 -2.4998 0.9739
-5.6552 -2.3081 -2.4999 0.9739
-5.4752 -2.7078 -2.4999 0.9739
-5.0318 -3.4634 -2.5001 0.9739
-4.9044 -3.6418 -2.5001 0.9739
-4.6307 -3.9843 -2.5002 0.9739
-4.4849 -4.1479 -2.5002 0.9739
-4.3332 -4.3063 -2.5003 0.9739
-4.1760 -4.4590 -2.5003 0.9739
-4.6984 -3.2917 -2.5002 0.9753
-4.5774 -3.4582 -2.5002 0.9753
-4.1795 -3.9302 -2.5003 0.9753
-4.0358 -4.0777 -2.5004 0.9753
-3.5745 -4.4880 -2.5005 0.9753
-3.2436 -4.7330 -2.5006 0.9753
-2.8959 -4.9537 -2.5007 0.9753
-1.9655 -5.3916 -2.5010 0.9753
-1.1741 -5.6179 -2.5013 0.9753
-0.9718 -5.6565 -2.5013 0.9753
-0.5636 -5.7119 -2.5014 0.9753
-0.3583 -5.7286 -2.5015 0.9753
0.0534 -5.7398 -2.5016 0.9753
0.2593 -5.7344 -2.5017 0.9753
0.6699 -5.7013 -2.5018 0.9753
0.8741 -5.6737 -2.5019 0.9753
1.2788 -5.5967 -2.5020 0.9753
1.4788 -5.5474 -2.5021 0.9753
1.8729 -5.4273 -2.5022 0.9753
2.0665 -5.3567 -2.5022 0.9753
2.2574 -5.2793 -2.5023 0.9753
2.4454 -5.1950 -2.5024 0.9753
2.6303 -5.1040 -2.5024 0.9753
2.8118 -5.0064 -2.5025 0.9753
3.1638 -4.7921 -2.5026 0.9753
3.4994 -4.5531 -2.5027 0.9753
3.6606 -4.4247 -2.5027 0.9753
4.5220 -3.5407 -2.5030 0.9753
4.6462 -3.3762 -2.5030 0.9753
5.0816 -2.6770 -2.5032 0.9752
5.2606 -2.3057 -2.5032 0.9752
5.3400 -2.1155 -2.5032 0.9752
3.0668 -0.7298 -1.3739 0.9863
3.0782 -0.5026 -1.3593 0.9865
3.0827 -0.3904 -1.3542 0.9865
3.0874 -0.2789 -1.3510 0.9866
3.0876 -0.1675 -1.3476 0.9866
3.0980 -0.0567 -1.3504 0.9866
3.1040 0.0546 -1.3530 0.9865
3.1114 0.2788 -1.3614 0.9865
3.1200 0.3928 -1.3705 0.9864
5.6329 1.1244 -2.5033 0.9752
5.4793 1.7231 -2.5033 0.9752
5.3415 2.1116 -2.5032 0.9752
5.1763 2.4892 -2.5032 0.9752
5.0835 2.6733 -2.5032 0.9753
4.9843 2.8539 -2.5031 0.9753
4.3946 3.6974 -2.5029 0.9753
4.1180 4.0029 -2.5029 0.9753
3.8201 4.2878 -2.5028 0.9753
3.6638 4.4220 -2.5027 0.9753
3.5027 4.5505 -2.5027 0.9753
3.1672 4.7898 -2.5026 0.9753
2.9932 4.9003 -2.5025 0.9753
2.6340 5.1021 -2.5024 0.9753
2.4492 5.1932 -2.5023 0.9753
2.2612 5.2776 -2.5023 0.9753
2.0703 5.3552 -2.5022 0.9753
1.6809 5.4896 -2.5021 0.9753
1.4828 5.5463 -2.5021 0.9753
1.2828 5.5958 -2.5020 0.9753
1.0812 5.6380 -2.5019 0.9753
0.8781 5.6730 -2.5019 0.9753
0.6740 5.7008 -2.5018 0.9753
0.0575 5.7398 -2.5016 0.9753
-0.3542 5.7288 -2.5015 0.9753
-0.5596 5.7123 -2.5014 0.9753
-1.5699 5.5200 -2.5011 0.9753
-1.7669 5.4600 -2.5011 0.9753
-2.3432 5.2381 -2.5009 0.9753
-2.5296 5.1506 -2.5008 0.9753
-3.4079 4.6159 -2.5006 0.9753
-3.8839 4.2228 -2.5004 0.9753
-4.4478 3.6234 -2.5002 0.9753
-4.5749 3.4615 -2.5002 0.9753
-4.9201 2.9497 -2.5001 0.9753
-5.0227 2.7712 -2.5001 0.9753
-5.2084 2.4038 -2.5000 0.9753
-5.4364 1.8302 -2.4999 0.9753
-5.4986 1.6339 -2.4999 0.9753
-5.5536 1.4356 -2.4999 0.9753
-5.6015 1.2354 -2.4999 0.9753
-5.6422 1.0336 -2.4999 0.9753
-5.6756 0.8305 -2.4999 0.9753
-5.7205 0.4213 -2.4999 0.9753
-5.7320 0.2158 -2.4999 0.9753
-5.7360 0.0100 -2.4999 0.9753
-5.7327 -0.1958 -2.4999 0.9753
-5.6058 -1.2159 -2.4999 0.9753
-5.5586 -1.4162 -2.4999 0.9753
-5.5042 -1.6148 -2.4999 0.9753
-5.2168 -2.3857 -2.5000 0.9753
-5.1279 -2.5714 -2.5000 0.9753
-5.0324 -2.7537 -2.5001 0.9753
-4.9304 -2.9326 -2.5001 0.9753
-4.8221 -3.1076 -2.5001 0.9753
-4.5869 -3.4455 -2.5002 0.9753
-4.3281 -3.7657 -2.5003 0.9753
-4.0471 -4.0666 -2.5004 0.9753
-3.8986 -4.2092 -2.5004 0.9753
-3.7452 -4.3465 -2.5005 0.9753
-3.5869 -4.4781 -2.5005 0.9753
-3.4240 -4.6041 -2.5006 0.9753
-3.2566 -4.7240 -2.5006 0.9753
-2.7303 -5.0470 -2.5008 0.9753
-2.3614 -5.2300 -2.5009 0.9753
-2.1723 -5.3115 -2.5010 0.9753
-1.9804 -5.3861 -2.5010 0.9753
-1.5891 -5.5146 -2.5011 0.9753
-1.1896 -5.6146 -2.5013 0.9753
-0.7839 -5.6857 -2.5014 0.9753
0.2435 -5.7351 -2.5017 0.9753
0.6542 -5.7031 -2.5018 0.9753
1.0615 -5.6418 -2.5019 0.9753
1.4635 -5.5514 -2.5021 0.9753
1.6618 -5.4955 -2.5021 0.9753
1.8579 -5.4324 -2.5022 0.9753
2.4311 -5.2017 -2.5024 0.9753
2.9762 -4.9107 -2.5025 0.9753
3.3208 -4.6848 -2.5026 0.9753
3.4868 -4.5627 -2.5027 0.9753
3.6484 -4.4348 -2.5027 0.9753
3.8052 -4.3011 -2.5028 0.9753
3.9572 -4.1619 -2.5028 0.9753
4.2456 -3.8675 -2.5029 0.9753
4.5122 -3.5532 -2.5030 0.9753
4.7555 -3.2205 -2.5031 0.9753
5.0742 -2.6910 -2.5032 0.9752
5.3342 -2.1302 -2.5032 0.9752
5.4072 -1.9375 -2.5033 0.9752
3.0957 -0.8644 -1.4008 0.9861
3.0826 -0.3990 -1.3546 0.9865
3.0871 -0.2875 -1.3512 0.9866
3.0974 -0.0653 -1.3502 0.9866
3.1115 0.2701 -1.3611 0.9865
3.1187 0.3839 -1.3695 0.9864
3.1478 0.5028 -1.3893 0.9862
5.5418 1.5101 -2.5033 0.9752
5.3474 2.0969 -2.5032 0.9752
5.2686 2.2874 -2.5032 0.9752
5.0909 2.6592 -2.5032 0.9753
4.7755 3.1908 -2.5031 0.9753
3.9831 4.1371 -2.5028 0.9753
3.3500 4.6639 -2.5026 0.9753
3.1804 4.7811 -2.5026 0.9753
3.0068 4.8920 -2.5025 0.9753
2.4635 5.1864 -2.5024 0.9753
2.2758 5.2713 -2.5023 0.9753
1.8918 5.4207 -2.5022 0.9753
1.4981 5.5421 -2.5021 0.9753
1.0967 5.6351 -2.5019 0.9753
0.8938 5.6706 -2.5019 0.9753
0.4848 5.7198 -2.5017 0.9753
0.2793 5.7334 -2.5017 0.9753
-0.5438 5.7138 -2.5014 0.9753
-0.7484 5.6905 -2.5014 0.9753
-1.1545 5.6219 -2.5012 0.9753
-1.3555 5.5767 -2.5012 0.9753
-1.5546 5.5243 -2.5011 0.9753
-1.7518 5.4649 -2.5011 0.9753
-1.9467 5.3984 -2.5010 0.9753
-2.1391 5.3249 -2.5009 0.9753
-2.6988 5.0639 -2.5008 0.9753
-2.8786 4.9637 -2.5007 0.9753
-3.0548 4.8571 -2.5007 0.9753
-4.1658 3.9447 -2.5003 0.9753
-4.5653 3.4741 -2.5002 0.9753
-4.8026 3.1377 -2.5001 0.9753
-4.9120 2.9633 -2.5001 0.9753
-5.0151 2.7851 -2.5001 0.9753
-5.1117 2.6033 -2.5000 0.9753
-5.2851 2.2300 -2.5000 0.9753
-5.4314 1.8452 -2.4999 0.9753
-5.5496 1.4509 -2.4999 0.9753
-5.5981 1.2509 -2.4999 0.9753
-5.6393 1.0492 -2.4999 0.9753
-5.6733 0.8462 -2.4999 0.9753
-5.7360 0.0258 -2.4999 0.9753
-5.7332 -0.1800 -2.4999 0.9753
-5.7231 -0.3856 -2.4999 0.9753
-5.7055 -0.5907 -2.4999 0.9753
-5.6807 -0.7950 -2.4999 0.9753
-5.6485 -0.9983 -2.4999 0.9753
-5.6091 -1.2004 -2.4999 0.9753
-5.3050 -2.1823 -2.5000 0.9753
-5.2233 -2.3713 -2.5000 0.9753
-5.1350 -2.5572 -2.5000 0.9753
-4.9385 -2.9189 -2.5001 0.9753
-4.8306 -3.0943 -2.5001 0.9753
-4.5964 -3.4329 -2.5002 0.9753
-4.0583 -4.0554 -2.5004 0.9753
-3.7571 -4.3361 -2.5005 0.9753
-3.5992 -4.4682 -2.5005 0.9753
-2.9232 -4.9376 -2.5007 0.9753
-2.5617 -5.1347 -2.5008 0.9753
-2.1870 -5.3054 -2.5009 0.9753
-1.8010 -5.4489 -2.5011 0.9753
-1.6043 -5.5101 -2.5011 0.9753
-1.4056 -5.5643 -2.5012 0.9753
-0.7996 -5.6835 -2.5014 0.9753
-0.5952 -5.7087 -2.5014 0.9753
0.0217 -5.7400 -2.5016 0.9753
0.4333 -5.7240 -2.5018 0.9753
0.8427 -5.6785 -2.5019 0.9753
1.0460 -5.6447 -2.5019 0.9753
1.2478 -5.6037 -2.5020 0.9753
1.8429 -5.4376 -2.5022 0.9753
2.0369 -5.3680 -2.5022 0.9753
2.6021 -5.1184 -2.5024 0.9753
3.4742 -4.5723 -2.5027 0.9753
3.7933 -4.3116 -2.5028 0.9753
3.9456 -4.1728 -2.5028 0.9753
4.5023 -3.5656 -2.5030 0.9753
4.6274 -3.4018 -2.5030 0.9753
4.7466 -3.2337 -2.5031 0.9753
4.8596 -3.0613 -2.5031 0.9753
4.9664 -2.8850 -2.5031 0.9753
5.0668 -2.7050 -2.5032 0.9752
5.3283 -2.1449 -2.5032 0.9752
5.4018 -1.9524 -2.5033 0.9752
3.0667 -0.6321 -1.3646 0.9864
3.0769 -0.5199 -1.3600 0.9865
3.0824 -0.4077 -1.3551 0.9865
3.0868 -0.2960 -1.3515 0.9866
3.0882 -0.1846 -1.3483 0.9866
3.1031 0.0374 -1.3525 0.9866
3.1098 0.1492 -1.3569 0.9865
3.1115 0.2615 -1.3608 0.9865
3.1174 0.3750 -1.3684 0.9864
3.1434 0.4931 -1.3867 0.9862
5.6390 1.0933 -2.5033 0.9752
5.5961 1.2949 -2.5033 0.9752
5.4888 1.6928 -2.5033 0.9752
5.4244 1.8887 -2.5033 0.9752
5.3531 2.0821 -2.5032 0.9752
5.2749 2.2728 -2.5032 0.9752
5.0982 2.6452 -2.5032 0.9752
4.6671 3.3471 -2.5030 0.9753
4.2802 3.8291 -2.5029 0.9753
3.9945 4.1260 -2.5028 0.9753
3.8438 4.2666 -2.5028 0.9753
3.6882 4.4017 -2.5027 0.9753
3.3629 4.6547 -2.5026 0.9753
3.1936 4.7723 -2.5026 0.9753
3.0202 4.8837 -2.5025 0.9753
2.6621 5.0875 -2.5024 0.9753
2.2903 5.2650 -2.5023 0.9753
1.7112 5.4803 -2.5021 0.9753
1.1123 5.6320 -2.5019 0.9753
0.7055 5.6970 -2.5018 0.9753
0.2951 5.7326 -2.5017 0.9753
-0.3226 5.7307 -2.5015 0.9753
-0.5280 5.7153 -2.5014 0.9753
-0.7327 5.6925 -2.5014 0.9753
-1.3400 5.5804 -2.5012 0.9753
-1.5394 5.5286 -2.5011 0.9753
-1.7367 5.4697 -2.5011 0.9753
-1.9318 5.4037 -2.5010 0.9753
-2.1244 5.3308 -2.5009 0.9753
-2.3142 5.2510 -2.5009 0.9753
-3.0414 4.8655 -2.5007 0.9753
-3.2139 4.7531 -2.5006 0.9753
-3.3824 4.6347 -2.5006 0.9753
-3.7059 4.3800 -2.5005 0.9753
-3.8606 4.2441 -2.5004 0.9753
-4.0103 4.1029 -2.5004 0.9753
-4.5557 3.4867 -2.5002 0.9753
-5.1045 2.6174 -2.5000 0.9753
-5.2790 2.2446 -2.5000 0.9753
-5.4262 1.8602 -2.4999 0.9753
-5.5456 1.4662 -2.4999 0.9753
-5.5946 1.2663 -2.4999 0.9753
-5.6710 0.8618 -2.4999 0.9753
-5.6982 0.6578 -2.4999 0.9753
-5.7181 0.4529 -2.4999 0.9753
-5.7359 0.0417 -2.4999 0.9753
-5.7072 -0.5749 -2.4999 0.9753
-5.6829 -0.7793 -2.4999 0.9753
-5.6513 -0.9828 -2.4999 0.9753
-5.5130 -1.5843 -2.4999 0.9753
-5.3853 -1.9757 -2.5000 0.9753
-5.3110 -2.1676 -2.5000 0.9753
-5.1420 -2.5430 -2.5000 0.9753
-4.9465 -2.9053 -2.5001 0.9753
-4.8391 -3.0809 -2.5001 0.9753
-4.7255 -3.2526 -2.5002 0.9753
-4.3489 -3.7418 -2.5003 0.9753
-4.0695 -4.0441 -2.5004 0.9753
-4.6346 -2.7740 -2.5002 0.9765
-4.5321 -2.9385 -2.5002 0.9765
-4.4238 -3.0993 -2.5003 0.9765
-4.1903 -3.4087 -2.5003 0.9765
-3.8000 -3.8394 -2.5005 0.9765
-3.3655 -4.2257 -2.5006 0.9765
-2.3852 -4.8478 -2.5009 0.9765
-2.0315 -5.0066 -2.5010 0.9765
-1.8506 -5.0764 -2.5011 0.9765
-1.2945 -5.2462 -2.5012 0.9765
-1.1054 -5.2894 -2.5013 0.9765
-0.7233 -5.3553 -2.5014 0.9765
-0.5307 -5.3779 -2.5015 0.9765
-0.1437 -5.4024 -2.5016 0.9765
0.4377 -5.3869 -2.5018 0.9765
0.6308 -5.3679 -2.5018 0.9765
0.8230 -5.3419 -2.5019 0.9765
1.3923 -5.2229 -2.5020 0.9765
1.5789 -5.1697 -2.5021 0.9765
2.1254 -4.9705 -2.5023 0.9765
2.3024 -4.8911 -2.5023 0.9765
2.4765 -4.8054 -2.5024 0.9765
2.9787 -4.5118 -2.5025 0.9765
3.2947 -4.2867 -2.5026 0.9765
3.8744 -3.7716 -2.5028 0.9764
4.1350 -3.4841 -2.5029 0.9764
4.2574 -3.3336 -2.5029 0.9764
4.4856 -3.0197 -2.5030 0.9764
4.5911 -2.8569 -2.5030 0.9764
4.6907 -2.6903 -2.5030 0.9764
4.7843 -2.5203 -2.5031 0.9764
4.8717 -2.3471 -2.5031 0.9764
5.0276 -1.9917 -2.5031 0.9764
5.0958 -1.8100 -2.5032 0.9764
2.9619 -0.9338 -1.4376 0.9864
2.9212 -0.8069 -1.4028 0.9867
2.9141 -0.6935 -1.3866 0.9869
2.9337 -0.3715 -1.3688 0.9871
2.9546 0.0520 -1.3678 0.9871
2.9630 0.2655 -1.3770 0.9870
2.9667 0.3735 -1.3841 0.9869
3.0371 0.6063 -1.4336 0.9864
5.2136 1.4362 -2.5032 0.9764
5.1587 1.6223 -2.5032 0.9764
5.0971 1.8064 -2.5032 0.9764
4.8734 2.3436 -2.5031 0.9764
4.2598 3.3305 -2.5029 0.9764
4.0098 3.6273 -2.5028 0.9764
3.8770 3.7688 -2.5028 0.9764
3.2978 4.2843 -2.5026 0.9765
2.9819 4.5096 -2.5025 0.9765
2.4799 4.8036 -2.5024 0.9765
-0.1398 5.4025 -2.5016 0.9765
-0.5268 5.3783 -2.5014 0.9765
-1.1016 5.2902 -2.5013 0.9765
-1.6636 5.1408 -2.5011 0.9765
-2.3817 4.8495 -2.5009 0.9765
-2.5541 4.7608 -2.5008 0.9765
-2.7232 4.6660 -2.5008 0.9765
-3.0507 4.4585 -2.5007 0.9765
-3.2087 4.3461 -2.5006 0.9765
-3.5120 4.1047 -2.5005 0.9765
-3.7972 3.8421 -2.5004 0.9765
-3.9325 3.7033 -2.5004 0.9765
-4.0628 3.5598 -2.5004 0.9765
-4.3075 3.2592 -2.5003 0.9765
-4.6326 2.7773 -2.5002 0.9765
-4.9040 2.2633 -2.5001 0.9765
-4.9821 2.0859 -2.5001 0.9765
-5.0536 1.9058 -2.5001 0.9765
-5.1187 1.7232 -2.5000 0.9765
-5.1772 1.5384 -2.5000 0.9765
-5.2742 1.1632 -2.5000 0.9765
-5.3125 0.9732 -2.5000 0.9765
-5.3440 0.7819 -2.5000 0.9765
-5.3876 -0.3779 -2.5000 0.9765
-5.2782 -1.1448 -2.5000 0.9765
-4.9893 -2.0686 -2.5001 0.9765
-4.6422 -2.7612 -2.5002 0.9765
-4.5402 -2.9260 -2.5002 0.9765
-4.4324 -3.0870 -2.5003 0.9765
-4.1997 -3.3971 -2.5003 0.9765
-3.8105 -3.8289 -2.5005 0.9765
-3.5263 -4.0924 -2.5005 0.9765
-3.3772 -4.2164 -2.5006 0.9765
-3.2238 -4.3349 -2.5006 0.9765
-2.9048 -4.5551 -2.5007 0.9765
-2.5707 -4.7519 -2.5008 0.9765
-2.3986 -4.8412 -2.5009 0.9765
-2.2234 -4.9242 -2.5009 0.9765
-2.0453 -5.0010 -2.5010 0.9765
-1.1200 -5.2863 -2.5013 0.9765
-0.9297 -5.3232 -2.5013 0.9765
-0.1586 -5.4020 -2.5016 0.9765
0.6159 -5.3696 -2.5018 0.9765
0.8082 -5.3442 -2.5019 0.9765
1.7492 -5.1147 -2.5022 0.9765
1.9317 -5.0487 -2.5022 0.9765
2.1116 -4.9763 -2.5023 0.9765
2.4632 -4.8123 -2.5024 0.9765
2.6343 -4.7209 -2.5024 0.9765
2.8021 -4.6234 -2.5025 0.9765
3.4349 -4.1753 -2.5027 0.9765
3.7257 -3.9184 -2.5028 0.9764
3.8639 -3.7822 -2.5028 0.9764
4.1253 -3.4955 -2.5029 0.9764
4.3655 -3.1908 -2.5029 0.9764
4.5832 -2.8695 -2.5030 0.9764
4.9468 -2.1844 -2.5031 0.9764
5.0908 -1.8241 -2.5032 0.9764
2.9243 -0.8165 -1.4054 0.9867
2.9332 -0.3797 -1.3691 0.9870
2.9386 -0.2736 -1.3661 0.9871
2.9487 -0.0621 -1.3652 0.9871
2.9607 0.1503 -1.3723 0.9870
2.9631 0.2572 -1.3767 0.9870
2.9815 0.4762 -1.3976 0.9868
5.2176 1.4218 -2.5032 0.9764
4.9603 2.1535 -2.5031 0.9764
4.7930 2.5036 -2.5031 0.9764
4.7001 2.6740 -2.5030 0.9764
4.4961 3.0041 -2.5030 0.9764
4.3853 3.1634 -2.5029 0.9764
4.1471 3.4697 -2.5029 0.9764
3.7500 3.8950 -2.5027 0.9764
3.6078 4.0270 -2.5027 0.9765
3.4609 4.1538 -2.5027 0.9765
3.3096 4.2752 -2.5026 0.9765
3.1540 4.3911 -2.5026 0.9765
2.8308 4.6058 -2.5025 0.9765
2.4932 4.7968 -2.5024 0.9765
2.3194 4.8830 -2.5023 0.9765
2.1427 4.9630 -2.5023 0.9765
1.9632 5.0366 -2.5022 0.9765
1.5968 5.1642 -2.5021 0.9765
1.4105 5.2180 -2.5020 0.9765
1.2223 5.2652 -2.5020 0.9765
1.0326 5.3055 -2.5019 0.9765
0.8416 5.3390 -2.5019 0.9765
0.4565 5.3853 -2.5017 0.9765
0.2629 5.3981 -2.5017 0.9765
-0.1249 5.4028 -2.5016 0.9765
-0.5120 5.3797 -2.5014 0.9765
-0.7046 5.3578 -2.5014 0.9765
-1.0870 5.2932 -2.5013 0.9765
-1.2762 5.2506 -2.5012 0.9765
-1.4638 5.2014 -2.5012 0.9765
-1.8329 5.0828 -2.5010 0.9765
-2.3683 4.8560 -2.5009 0.9765
-2.5410 4.7679 -2.5008 0.9765
-2.7104 4.6735 -2.5008 0.9765
-2.8763 4.5732 -2.5007 0.9765
-3.0384 4.4669 -2.5007 0.9765
-3.5006 4.1143 -2.5005 0.9765
-3.7865 3.8526 -2.5004 0.9765
-4.0530 3.5710 -2.5004 0.9765
-4.2985 3.2710 -2.5003 0.9765
-4.5219 2.9543 -2.5002 0.9765
-4.6249 2.7901 -2.5002 0.9765
-4.7220 2.6223 -2.5002 0.9765
-4.8130 2.4512 -2.5001 0.9765
-4.8978 2.2769 -2.5001 0.9765
-4.9763 2.0997 -2.5001 0.9765
-5.0484 1.9197 -2.5001 0.9765
-5.1139 1.7374 -2.5000 0.9765
-5.3418 0.7967 -2.5000 0.9765
-5.3669 0.6045 -2.5000 0.9765
-5.3964 0.2181 -2.5000 0.9765
-5.4008 0.0243 -2.5000 0.9765
-5.3982 -0.1695 -2.5000 0.9765
-5.3487 -0.7486 -2.5000 0.9765
-5.3185 -0.9400 -2.5000 0.9765
-5.2813 -1.1302 -2.5000 0.9765
-5.2374 -1.3190 -2.5000 0.9765
-5.1294 -1.6912 -2.5000 0.9765
-4.9950 -2.0548 -2.5001 0.9765
-4.9181 -2.2327 -2.5001 0.9765
-4.8348 -2.4077 -2.5001 0.9765
-4.6498 -2.7483 -2.5002 0.9765
-4.5483 -2.9134 -2.5002 0.9765
-4.4409 -3.0748 -2.5003 0.9765
-4.2091 -3.3855 -2.5003 0.9765
-4.0849 -3.5343 -2.5004 0.9765
-3.9556 -3.6787 -2.5004 0.9765
-3.8211 -3.8183 -2.5004 0.9765
-3.2358 -4.3260 -2.5006 0.9765
-2.9173 -4.5471 -2.5007 0.9765
-2.4119 -4.8346 -2.5009 0.9765
-1.8786 -5.0661 -2.5010 0.9765
-1.6957 -5.1303 -2.5011 0.9765
-1.3234 -5.2390 -2.5012 0.9765
-0.7529 -5.3512 -2.5014 0.9765
-0.5604 -5.3749 -2.5014 0.9765
0.2143 -5.4003 -2.5017 0.9765
0.4079 -5.3892 -2.5017 0.9765
0.7934 -5.3464 -2.5019 0.9765
1.1749 -5.2759 -2.5020 0.9765
1.3634 -5.2305 -2.5020 0.9765
1.5503 -5.1784 -2.5021 0.9765
1.7351 -5.1195 -2.5021 0.9765
1.9177 -5.0541 -2.5022 0.9765
2.0979 -4.9821 -2.5023 0.9765
2.2753 -4.9037 -2.5023 0.9765
2.7893 -4.6311 -2.5025 0.9765
3.2710 -4.3049 -2.5026 0.9765
3.7148 -3.9287 -2.5028 0.9764
3.9871 -3.6522 -2.5028 0.9764
4.1157 -3.5069 -2.5029 0.9764
4.5753 -2.8822 -2.5030 0.9764
4.7703 -2.5467 -2.5031 0.9764
4.8587 -2.3739 -2.5031 0.9764
4.9407 -2.1981 -2.5031 0.9764
5.0165 -2.0194 -2.5031 0.9764
2.9274 -0.8261 -1.4079 0.9867
2.9196 -0.6018 -1.3798 0.9869
2.9331 -0.3879 -1.3695 0.9870
2.9540 0.0356 -1.3675 0.9871
2.9603 0.1421 -1.3719 0.9870
3.0284 0.5871 -1.4279 0.9865
5.2215 1.4074 -2.5032 0.9764
5.1676 1.5938 -2.5032 0.9764
5.1070 1.7782 -2.5032 0.9764
5.0399 1.9603 -2.5031 0.9764
4.8863 2.3166 -2.5031 0.9764
4.3941 3.1513 -2.5029 0.9764
4.2781 3.3069 -2.5029 0.9764
4.1566 3.4582 -2.5029 0.9764
3.7608 3.8846 -2.5028 0.9764
3.3214 4.2661 -2.5026 0.9765
3.1661 4.3824 -2.5026 0.9765
3.0068 4.4931 -2.5025 0.9765
2.3329 4.8766 -2.5023 0.9765
2.1563 4.9571 -2.5023 0.9765
1.7952 5.0987 -2.5021 0.9765
1.6111 5.1598 -2.5021 0.9765
1.4249 5.2141 -2.5020 0.9765
1.2369 5.2618 -2.5020 0.9765
0.8563 5.3367 -2.5019 0.9765
0.6643 5.3638 -2.5018 0.9765
0.4713 5.3841 -2.5017 0.9765
-0.3037 5.3956 -2.5015 0.9765
-0.8817 5.3314 -2.5013 0.9765
-1.0724 5.2962 -2.5013 0.9765
-1.2617 5.2542 -2.5012 0.9765
-1.8189 5.0878 -2.5010 0.9765
-2.0002 5.0192 -2.5010 0.9765
-2.5278 4.7749 -2.5008 0.9765
-2.8636 4.5811 -2.5007 0.9765
-3.0261 4.4753 -2.5007 0.9765
-3.4893 4.1240 -2.5005 0.9765
-3.9120 3.7250 -2.5004 0.9765
-4.0431 3.5822 -2.5004 0.9765
-4.1689 3.4347 -2.5003 0.9765
-4.2894 3.2829 -2.5003 0.9765
-4.5137 2.9667 -2.5002 0.9765
-4.8062 2.4645 -2.5001 0.9765
-4.9705 2.1134 -2.5001 0.9765
-5.1091 1.7515 -2.5000 0.9765
-5.3070 1.0025 -2.5000 0.9765
-5.3652 0.6194 -2.5000 0.9765
-5.3508 -0.7338 -2.5000 0.9765
-5.2844 -1.1156 -2.5000 0.9765
-5.1340 -1.6771 -2.5000 0.9765
-4.6574 -2.7355 -2.5002 0.9765
-4.4494 -3.0625 -2.5003 0.9765
-4.3367 -3.2202 -2.5003 0.9765
-4.2184 -3.3738 -2.5003 0.9765
-4.0947 -3.5231 -2.5004 0.9765
-4.0671 -3.0727 -2.5004 0.9775
-3.4537 -3.7496 -2.5006 0.9775
-3.1760 -3.9877 -2.5006 0.9775
-3.0309 -4.0992 -2.5007 0.9775
-2.7293 -4.3061 -2.5008 0.9775
-2.4135 -4.4909 -2.5009 0.9775
-2.2509 -4.5747 -2.5009 0.9775
-1.5734 -4.8501 -2.5011 0.9775
-1.3984 -4.9035 -2.5012 0.9775
-1.2216 -4.9507 -2.5012 0.9775
-1.0432 -4.9914 -2.5013 0.9775
-0.5008 -5.0749 -2.5015 0.9775
0.0474 -5.0997 -2.5016 0.9775
0.2304 -5.0948 -2.5017 0.9775
1.1361 -4.9724 -2.5020 0.9775
1.8360 -4.7592 -2.5022 0.9775
2.0056 -4.6903 -2.5022 0.9775
2.1727 -4.6154 -2.5023 0.9775
2.3369 -4.5346 -2.5023 0.9775
2.4981 -4.4479 -2.5024 0.9775
2.6562 -4.3555 -2.5024 0.9775
3.2522 -3.9310 -2.5026 0.9775
3.3912 -3.8119 -2.5027 0.9775
3.9019 -3.2877 -2.5028 0.9775
4.0174 -3.1456 -2.5028 0.9775
4.1277 -2.9995 -2.5029 0.9775
4.4263 -2.5387 -2.5030 0.9775
4.6736 -2.0484 -2.5030 0.9775
4.7441 -1.8794 -2.5031 0.9775
4.8086 -1.7080 -2.5031 0.9775
2.7997 -0.8827 -1.4400 0.9870
2.7742 -0.6602 -1.3988 0.9874
2.7911 -0.4557 -1.3872 0.9875
2.7960 -0.3541 -1.3825 0.9875
2.8219 0.1510 -1.3862 0.9875
2.8333 0.4605 -1.4080 0.9873
2.8760 0.5741 -1.4386 0.9870
4.9197 1.3552 -2.5031 0.9775
4.8098 1.7045 -2.5031 0.9775
4.6751 2.0450 -2.5030 0.9775
4.5986 2.2114 -2.5030 0.9775
4.5163 2.3750 -2.5030 0.9775
4.3342 2.6927 -2.5029 0.9775
4.0196 3.1427 -2.5028 0.9775
3.5285 3.6852 -2.5027 0.9775
3.3939 3.8094 -2.5026 0.9775
3.2550 3.9287 -2.5026 0.9775
2.9648 4.1518 -2.5025 0.9775
2.6593 4.3536 -2.5024 0.9775
2.1759 4.6138 -2.5023 0.9775
2.0090 4.6889 -2.5022 0.9775
1.8394 4.7578 -2.5022 0.9775
1.6675 4.8207 -2.5021 0.9775
1.3174 4.9276 -2.5020 0.9775
1.1397 4.9716 -2.5019 0.9775
0.4167 5.0831 -2.5017 0.9775
0.2340 5.0946 -2.5017 0.9775
-0.1319 5.0981 -2.5016 0.9775
-0.3147 5.0899 -2.5015 0.9775
-0.4971 5.0753 -2.5014 0.9775
-0.6789 5.0540 -2.5014 0.9775
-1.0396 4.9921 -2.5013 0.9775
-1.3948 4.9045 -2.5012 0.9775
-1.5699 4.8512 -2.5011 0.9775
-1.7429 4.7916 -2.5011 0.9775
-2.4103 4.4926 -2.5009 0.9775
-2.7261 4.3080 -2.5008 0.9775
-2.8789 4.2074 -2.5007 0.9775
-3.5833 3.6257 -2.5005 0.9775
-3.7110 3.4947 -2.5005 0.9775
-3.8340 3.3593 -2.5004 0.9775
-4.0649 3.0756 -2.5004 0.9775
-4.1726 2.9277 -2.5003 0.9775
-4.2749 2.7761 -2.5003 0.9775
-4.5483 2.3006 -2.5002 0.9775
-4.6279 2.1359 -2.5002 0.9775
-4.8857 1.4518 -2.5001 0.9775
-4.9346 1.2756 -2.5001 0.9775
-4.9772 1.0977 -2.5001 0.9775
-5.0133 0.9184 -2.5001 0.9775
-5.0662 0.5565 -2.5001 0.9775
-5.0931 0.1917 -2.5001 0.9775
-5.0967 0.0089 -2.5001 0.9775
-5.0937 -0.1740 -2.5001 0.9775
-5.0842 -0.3567 -2.5001 0.9775
-5.0681 -0.5389 -2.5001 0.9775
-5.0456 -0.7204 -2.5001 0.9775
-5.0165 -0.9009 -2.5001 0.9775
-4.9810 -1.0804 -2.5001 0.9775
-4.8907 -1.4348 -2.5001 0.9775
-4.7753 -1.7819 -2.5002 0.9775
-4.7083 -1.9521 -2.5002 0.9775
-4.5563 -2.2848 -2.5002 0.9775
-4.4714 -2.4468 -2.5002 0.9775
-4.2845 -2.7612 -2.5003 0.9775
-4.0756 -3.0614 -2.5004 0.9775
-3.9632 -3.2058 -2.5004 0.9775
-3.0422 -4.0908 -2.5007 0.9775
-2.7411 -4.2986 -2.5008 0.9775
-2.5852 -4.3942 -2.5008 0.9775
-2.2635 -4.5685 -2.5009 0.9775
-2.0981 -4.6469 -2.5010 0.9775
-1.9301 -4.7192 -2.5010 0.9775
-1.2352 -4.9472 -2.5012 0.9775
-1.0569 -4.9885 -2.5013 0.9775
-0.8773 -5.0233 -2.5013 0.9775
-0.5148 -5.0735 -2.5015 0.9775
-0.3324 -5.0888 -2.5015 0.9775
0.0334 -5.0998 -2.5016 0.9775
0.2163 -5.0954 -2.5017 0.9775
0.5812 -5.0670 -2.5018 0.9775
0.9431 -5.0125 -2.5019 0.9775
1.6507 -4.8265 -2.5021 0.9775
1.8228 -4.7642 -2.5022 0.9775
1.9926 -4.6958 -2.5022 0.9775
2.1599 -4.6214 -2.5023 0.9775
2.6441 -4.3628 -2.5024 0.9775
2.7990 -4.2652 -2.5025 0.9775
2.9503 -4.1621 -2.5025 0.9775
3.0978 -4.0537 -2.5026 0.9775
3.2413 -3.9400 -2.5026 0.9775
3.3806 -3.8212 -2.5026 0.9775
3.5156 -3.6975 -2.5027 0.9775
3.7719 -3.4360 -2.5028 0.9775
3.8928 -3.2985 -2.5028 0.9775
4.0087 -3.1567 -2.5028 0.9775
4.1194 -3.0109 -2.5029 0.9775
4.4193 -2.5509 -2.5030 0.9775
4.6679 -2.0613 -2.5030 0.9775
4.7389 -1.8925 -2.5031 0.9775
2.8022 -0.8920 -1.4425 0.9870
2.7740 -0.6682 -1.3996 0.9874
2.7832 -0.5656 -1.3931 0.9874
2.7955 -0.3619 -1.3827 0.9875
2.7990 -0.2606 -1.3789 0.9876
2.7980 -0.1595 -1.3747 0.9876
2.8161 0.0417 -1.3815 0.9875
2.8216 0.1432 -1.3858 0.9875
2.8247 0.2452 -1.3908 0.9874
2.8253 0.3478 -1.3964 0.9874
2.8326 0.4524 -1.4071 0.9873
4.9684 1.1641 -2.5031 0.9775
4.8721 1.5174 -2.5031 0.9775
4.6807 2.0321 -2.5030 0.9775
4.5228 2.3625 -2.5030 0.9775
4.4351 2.5232 -2.5030 0.9775
4.3417 2.6807 -2.5029 0.9775
3.9133 3.2741 -2.5028 0.9775
3.7932 3.4123 -2.5028 0.9775
3.1230 4.0342 -2.5026 0.9775
2.6713 4.3462 -2.5024 0.9775
2.5136 4.4392 -2.5024 0.9775
2.3527 4.5264 -2.5023 0.9775
2.1887 4.6078 -2.5023 0.9775
2.0219 4.6833 -2.5022 0.9775
1.6808 4.8160 -2.5021 0.9775
1.1534 4.9684 -2.5020 0.9775
0.9744 5.0065 -2.5019 0.9775
0.4308 5.0819 -2.5017 0.9775
0.0652 5.0995 -2.5016 0.9775
-0.1178 5.0984 -2.5016 0.9775
-0.3007 5.0908 -2.5015 0.9775
-0.6650 5.0559 -2.5014 0.9775
-0.8459 5.0287 -2.5013 0.9775
-1.0258 4.9950 -2.5013 0.9775
-1.9006 4.7312 -2.5010 0.9775
-2.2349 4.5825 -2.5009 0.9775
-3.0166 4.1097 -2.5007 0.9775
-3.1621 3.9987 -2.5006 0.9775
-3.4406 3.7615 -2.5005 0.9775
-3.8247 3.3699 -2.5004 0.9775
-4.2672 2.7879 -2.5003 0.9775
-4.3644 2.6330 -2.5003 0.9775
-4.4561 2.4746 -2.5002 0.9775
-4.5419 2.3131 -2.5002 0.9775
-4.6960 1.9814 -2.5002 0.9775
-4.7641 1.8116 -2.5001 0.9775
-4.8260 1.6395 -2.5001 0.9775
-4.9741 1.1114 -2.5001 0.9775
-5.0108 0.9322 -2.5001 0.9775
-5.0410 0.7518 -2.5001 0.9775
-5.0942 -0.1599 -2.5001 0.9775
-5.0852 -0.3426 -2.5001 0.9775
-5.0696 -0.5249 -2.5001 0.9775
-4.9425 -1.2447 -2.5001 0.9775
-4.8947 -1.4213 -2.5001 0.9775
-4.8405 -1.5960 -2.5001 0.9775
-4.7802 -1.7687 -2.5002 0.9775
-4.1908 -2.9016 -2.5003 0.9775
-4.0840 -3.0502 -2.5004 0.9775
-3.3383 -3.8527 -2.5006 0.9775
-3.1980 -3.9701 -2.5006 0.9775
-3.0535 -4.0823 -2.5007 0.9775
-2.2761 -4.5622 -2.5009 0.9775
-1.7728 -4.7807 -2.5011 0.9775
-1.6001 -4.8413 -2.5011 0.9775
-1.0707 -4.9855 -2.5013 0.9775
-0.5288 -5.0721 -2.5015 0.9775
0.0193 -5.0999 -2.5016 0.9775
0.2023 -5.0960 -2.5017 0.9775
1.1087 -4.9786 -2.5020 0.9775
1.2866 -4.9358 -2.5020 0.9775
1.4629 -4.8865 -2.5021 0.9775
1.6373 -4.8310 -2.5021 0.9775
2.6321 -4.3701 -2.5024 0.9775
2.7872 -4.2729 -2.5025 0.9775
2.9388 -4.1703 -2.5025 0.9775
3.0866 -4.0622 -2.5026 0.9775
3.2304 -3.9489 -2.5026 0.9775
3.8837 -3.3092 -2.5028 0.9775
3.9999 -3.1678 -2.5028 0.9775
4.1111 -3.0222 -2.5029 0.9775
4.3173 -2.7197 -2.5029 0.9775
4.5014 -2.4031 -2.5030 0.9775
4.5848 -2.2401 -2.5030 0.9775
4.7337 -1.9056 -2.5031 0.9775
4.7990 -1.7345 -2.5031 0.9775
2.8047 -0.9013 -1.4451 0.9870
2.7713 -0.7821 -1.4125 0.9873
2.7738 -0.6763 -1.4005 0.9874
2.7825 -0.5735 -1.3936 0.9874
2.7902 -0.4714 -1.3880 0.9875
2.8159 0.0339 -1.3813 0.9875
2.8212 0.1354 -1.3855 0.9875
2.8247 0.3398 -1.3956 0.9874
2.8694 0.5563 -1.4337 0.9871
4.9716 1.1504 -2.5031 0.9775
4.7558 1.8497 -2.5031 0.9775
4.6863 2.0192 -2.5030 0.9775
4.6108 2.1860 -2.5030 0.9775
4.2504 2.8230 -2.5029 0.9775
4.0369 3.1205 -2.5028 0.9775
3.8026 3.4018 -2.5028 0.9775
3.6781 3.5360 -2.5027 0.9775
3.5488 3.6657 -2.5027 0.9775
3.1342 4.0256 -2.5026 0.9775
2.9877 4.1354 -2.5025 0.9775
2.6833 4.3388 -2.5024 0.9775
2.5258 4.4322 -2.5024 0.9775
2.3651 4.5199 -2.5023 0.9775
2.2014 4.6018 -2.5023 0.9775
2.0348 4.6777 -2.5022 0.9775
1.8656 4.7476 -2.5022 0.9775
1.6941 4.8114 -2.5021 0.9775
1.5203 4.8690 -2.5021 0.9775
1.1672 4.9652 -2.5020 0.9775
0.8080 5.0360 -2.5018 0.9775
0.6268 5.0616 -2.5018 0.9775
0.4448 5.0807 -2.5017 0.9775
0.2622 5.0933 -2.5017 0.9775
0.0793 5.0993 -2.5016 0.9775
-0.1037 5.0987 -2.5016 0.9775
-0.2866 5.0916 -2.5015 0.9775
-0.4691 5.0779 -2.5015 0.9775
-0.8320 5.0310 -2.5013 0.9775
-1.0120 4.9978 -2.5013 0.9775
-1.1906 4.9581 -2.5012 0.9775
-1.3677 4.9121 -2.5012 0.9775
-1.8875 4.7364 -2.5010 0.9775
-2.0562 4.6656 -2.5010 0.9775
-2.3854 4.5059 -2.5009 0.9775
-2.7023 4.3231 -2.5008 0.9775
-3.1510 4.0074 -2.5006 0.9775
-3.5632 3.6455 -2.5005 0.9775
-3.9341 3.2413 -2.5004 0.9775
-4.0479 3.0980 -2.5004 0.9775
-4.1564 2.9508 -2.5003 0.9775
-4.2595 2.7997 -2.5003 0.9775
-4.4492 2.4869 -2.5002 0.9775
-4.5355 2.3257 -2.5002 0.9775
-4.8214 1.6528 -2.5001 0.9775
-4.9275 1.3028 -2.5001 0.9775
-4.9710 1.1252 -2.5001 0.9775
-5.0082 0.9461 -2.5001 0.9775
-5.0631 0.5845 -2.5001 0.9775
-5.0808 0.4024 -2.5001 0.9775
-5.0920 0.2199 -2.5001 0.9775
-5.0946 -0.1459 -2.5001 0.9775
-5.0214 -0.8732 -2.5001 0.9775
-4.8986 -1.4077 -2.5001 0.9775
-4.8449 -1.5826 -2.5001 0.9775
-4.7850 -1.7555 -2.5001 0.9775
-4.3951 -2.5814 -2.5003 0.9775
-3.8641 -3.3246 -2.5004 0.9775
-3.4846 -3.7208 -2.5005 0.9775
-4.0441 -2.6221 -2.5004 0.9785
-3.9474 -2.7655 -2.5004 0.9785
-3.3907 -3.4259 -2.5006 0.9785
-3.1364 -3.6603 -2.5007 0.9785
-3.0031 -3.7706 -2.5007 0.9785
-1.4877 -4.5860 -2.5012 0.9785
-1.3222 -4.6365 -2.5012 0.9785
-1.1550 -4.6811 -2.5013 0.9785
-0.6454 -4.7783 -2.5014 0.9785
-0.4735 -4.7985 -2.5015 0.9785
-0.3010 -4.8125 -2.5015 0.9785
0.0449 -4.8219 -2.5016 0.9785
0.2179 -4.8173 -2.5017 0.9785
0.5628 -4.7895 -2.5018 0.9785
0.7343 -4.7663 -2.5018 0.9785
1.0743 -4.7016 -2.5019 0.9785
1.4087 -4.6126 -2.5020 0.9785
1.7360 -4.4999 -2.5021 0.9785
2.0543 -4.3640 -2.5022 0.9785
2.2096 -4.2875 -2.5023 0.9785
2.3620 -4.2056 -2.5023 0.9785
2.5115 -4.1182 -2.5024 0.9785
2.8004 -3.9277 -2.5025 0.9785
2.9396 -3.8247 -2.5025 0.9785
3.0750 -3.7168 -2.5026 0.9785
3.2064 -3.6042 -2.5026 0.9785
3.3337 -3.4868 -2.5026 0.9785
3.6893 -3.1086 -2.5027 0.9785
3.7985 -2.9742 -2.5028 0.9785
4.0962 -2.5489 -2.5029 0.9785
4.2686 -2.2486 -2.5029 0.9785
2.7332 -0.7550 -1.4711 0.9873
2.6886 -0.5387 -1.4225 0.9877
2.6758 -0.4369 -1.4065 0.9879
2.6670 -0.3377 -1.3946 0.9880
2.6692 -0.2411 -1.3904 0.9880
2.6699 -0.1448 -1.3871 0.9880
2.6802 -0.0491 -1.3907 0.9880
2.6938 0.1442 -1.3995 0.9879
2.7116 0.2429 -1.4123 0.9878
2.7319 0.3440 -1.4285 0.9877
2.7673 0.4498 -1.4544 0.9874
2.8171 0.5624 -1.4903 0.9871
4.6026 1.4474 -2.5030 0.9785
4.5476 1.6116 -2.5030 0.9785
4.4869 1.7737 -2.5030 0.9785
4.4203 1.9336 -2.5030 0.9785
4.3480 2.0909 -2.5029 0.9785
4.2702 2.2455 -2.5029 0.9785
4.1868 2.3973 -2.5029 0.9785
3.9048 2.8332 -2.5028 0.9785
3.5776 3.2363 -2.5027 0.9785
3.4591 3.3625 -2.5027 0.9785
3.2090 3.6018 -2.5026 0.9785
2.9423 3.8226 -2.5025 0.9785
2.5144 4.1164 -2.5024 0.9785
1.8995 4.4334 -2.5022 0.9785
1.7392 4.4986 -2.5021 0.9785
0.9082 4.7363 -2.5019 0.9785
0.7377 4.7657 -2.5018 0.9785
0.5662 4.7891 -2.5018 0.9785
0.3940 4.8062 -2.5017 0.9785
0.2213 4.8171 -2.5017 0.9785
0.0483 4.8219 -2.5016 0.9785
-0.1247 4.8204 -2.5016 0.9785
-0.2976 4.8127 -2.5015 0.9785
-0.4701 4.7988 -2.5015 0.9785
-0.8130 4.7526 -2.5014 0.9785
-1.4844 4.5870 -2.5011 0.9785
-1.6480 4.5307 -2.5011 0.9785
-1.9686 4.4007 -2.5010 0.9785
-2.1252 4.3271 -2.5010 0.9785
-2.2790 4.2480 -2.5009 0.9785
-2.4299 4.1634 -2.5009 0.9785
-2.5777 4.0735 -2.5008 0.9785
-2.7222 3.9783 -2.5008 0.9785
-3.0004 3.7727 -2.5007 0.9785
-3.3882 3.4283 -2.5006 0.9785
-3.7368 3.0442 -2.5005 0.9785
-4.0422 2.6250 -2.5004 0.9785
-4.1337 2.4782 -2.5003 0.9785
-4.2199 2.3283 -2.5003 0.9785
-4.3007 2.1754 -2.5003 0.9785
-4.4456 1.8613 -2.5002 0.9785
-4.5675 1.5377 -2.5002 0.9785
-4.6197 1.3728 -2.5002 0.9785
-4.7062 1.0379 -2.5002 0.9785
-4.7685 0.6977 -2.5001 0.9785
-4.7905 0.5262 -2.5001 0.9785
-4.8193 0.0084 -2.5001 0.9785
-4.8165 -0.1646 -2.5001 0.9785
-4.7923 -0.5095 -2.5001 0.9785
-4.7434 -0.8519 -2.5002 0.9785
-4.7098 -1.0215 -2.5002 0.9785
-4.6702 -1.1899 -2.5002 0.9785
-4.6245 -1.3567 -2.5002 0.9785
-4.5729 -1.5218 -2.5002 0.9785
-3.7474 -3.0312 -2.5005 0.9785
-3.2754 -3.5363 -2.5006 0.9785
-2.8766 -3.8681 -2.5007 0.9785
-2.7360 -3.9688 -2.5008 0.9785
-2.2938 -4.2401 -2.5009 0.9785
-1.3350 -4.6328 -2.5012 0.9785
-1.1679 -4.6778 -2.5013 0.9785
-0.8295 -4.7497 -2.5014 0.9785
-0.6586 -4.7766 -2.5014 0.9785
0.0315 -4.8220 -2.5016 0.9785
0.2046 -4.8179 -2.5017 0.9785
0.3773 -4.8076 -2.5017 0.9785
0.5496 -4.7910 -2.5018 0.9785
0.7211 -4.7683 -2.5018 0.9785
1.0613 -4.7045 -2.5019 0.9785
1.2294 -4.6635 -2.5020 0.9785
1.3960 -4.6165 -2.5020 0.9785
1.5607 -4.5635 -2.5021 0.9785
1.7235 -4.5047 -2.5021 0.9785
1.8841 -4.4400 -2.5022 0.9785
2.3504 -4.2121 -2.5023 0.9785
2.7896 -3.9354 -2.5025 0.9785
2.9290 -3.8328 -2.5025 0.9785
3.0647 -3.7253 -2.5026 0.9785
3.1965 -3.6130 -2.5026 0.9785
3.4474 -3.3746 -2.5027 0.9785
3.6807 -3.1187 -2.5027 0.9785
3.8949 -2.8468 -2.5028 0.9785
3.9946 -2.7053 -2.5028 0.9785
4.2623 -2.2604 -2.5029 0.9785
4.4807 -1.7893 -2.5030 0.9785
4.5420 -1.6275 -2.5030 0.9785
2.7844 -0.8863 -1.5159 0.9869
2.7361 -0.7640 -1.4737 0.9873
2.7047 -0.6516 -1.4433 0.9875
2.6896 -0.5466 -1.4238 0.9877
2.6667 -0.3452 -1.3950 0.9880
2.6691 -0.2485 -1.3907 0.9880
2.6690 -0.1522 -1.3869 0.9880
2.7102 0.2353 -1.4113 0.9878
2.7293 0.3360 -1.4266 0.9877
4.6976 1.1007 -2.5030 0.9785
4.6551 1.2685 -2.5030 0.9785
4.6065 1.4347 -2.5030 0.9785
4.5521 1.5991 -2.5030 0.9785
4.4917 1.7613 -2.5030 0.9785
4.4256 1.9213 -2.5030 0.9785
4.2764 2.2337 -2.5029 0.9785
4.1051 2.5346 -2.5029 0.9785
4.0114 2.6803 -2.5028 0.9785
3.9126 2.8224 -2.5028 0.9785
3.7000 3.0957 -2.5027 0.9785
3.2189 3.5929 -2.5026 0.9785
2.9529 3.8144 -2.5025 0.9785
2.8141 3.9179 -2.5025 0.9785
2.5258 4.1094 -2.5024 0.9785
2.3767 4.1973 -2.5023 0.9785
2.0694 4.3568 -2.5022 0.9785
1.5892 4.5537 -2.5021 0.9785
1.4248 4.6077 -2.5020 0.9785
0.7509 4.7637 -2.5018 0.9785
0.5794 4.7875 -2.5018 0.9785
0.2346 4.8165 -2.5017 0.9785
0.0616 4.8217 -2.5016 0.9785
-0.2843 4.8135 -2.5015 0.9785
-0.4568 4.8001 -2.5015 0.9785
-0.6287 4.7805 -2.5014 0.9785
-1.6355 4.5353 -2.5011 0.9785
-1.7971 4.4736 -2.5011 0.9785
-1.9564 4.4061 -2.5010 0.9785
-2.2673 4.2543 -2.5009 0.9785
-2.4184 4.1701 -2.5009 0.9785
-2.5665 4.0806 -2.5008 0.9785
-2.7112 3.9858 -2.5008 0.9785
-2.9899 3.7810 -2.5007 0.9785
-3.1236 3.6712 -2.5006 0.9785
-3.3787 3.4377 -2.5006 0.9785
-3.4999 3.3142 -2.5005 0.9785
-3.6165 3.1864 -2.5005 0.9785
-3.7284 3.0546 -2.5005 0.9785
-4.3704 2.0317 -2.5003 0.9785
-4.4404 1.8736 -2.5002 0.9785
-4.5047 1.7130 -2.5002 0.9785
-4.7380 0.8815 -2.5002 0.9785
-4.7890 0.5394 -2.5001 0.9785
-4.8052 0.3672 -2.5001 0.9785
-4.7126 -1.0085 -2.5002 0.9785
-4.6734 -1.1770 -2.5002 0.9785
-4.5770 -1.5091 -2.5002 0.9785
-4.5200 -1.6724 -2.5002 0.9785
-4.4571 -1.8335 -2.5002 0.9785
-4.3885 -1.9923 -2.5003 0.9785
-4.3142 -2.1485 -2.5003 0.9785
-4.2344 -2.3019 -2.5003 0.9785
-4.1491 -2.4524 -2.5003 0.9785
-4.0585 -2.5997 -2.5004 0.9785
-3.8617 -2.8841 -2.5004 0.9785
-3.7558 -3.0209 -2.5005 0.9785
-3.5296 -3.2825 -2.5005 0.9785
-3.4096 -3.4071 -2.5006 0.9785
-3.2852 -3.5273 -2.5006 0.9785
-2.8873 -3.8601 -2.5007 0.9785
-2.7470 -3.9612 -2.5008 0.9785
-2.6031 -4.0573 -2.5008 0.9785
-2.3055 -4.2337 -2.5009 0.9785
-1.1809 -4.6746 -2.5013 0.9785
-1.0124 -4.7140 -2.5013 0.9785
-0.5000 -4.7958 -2.5015 0.9785
-0.1548 -4.8196 -2.5016 0.9785
0.0182 -4.8221 -2.5016 0.9785
0.3640 -4.8086 -2.5017 0.9785
1.0483 -4.7074 -2.5019 0.9785
1.2165 -4.6669 -2.5020 0.9785
1.3832 -4.6203 -2.5020 0.9785
1.5481 -4.5678 -2.5021 0.9785
2.0301 -4.3753 -2.5022 0.9785
2.6354 -4.0401 -2.5024 0.9785
2.9184 -3.8409 -2.5025 0.9785
3.1865 -3.6218 -2.5026 0.9785
3.5574 -3.2586 -2.5027 0.9785
4.0821 -2.5715 -2.5029 0.9785
4.4081 -1.9612 -2.5030 0.9785
4.4757 -1.8017 -2.5030 0.9785
2.6906 -0.5546 -1.4252 0.9877
2.6777 -0.4524 -1.4089 0.9878
2.6664 -0.3526 -1.3953 0.9880
2.6690 -0.2560 -1.3910 0.9880
2.6919 0.1292 -1.3981 0.9879
2.7088 0.2276 -1.4102 0.9878
2.7274 0.3281 -1.4251 0.9877
2.8098 0.5448 -1.4848 0.9872
4.6586 1.2556 -2.5030 0.9785
4.4309 1.9091 -2.5030 0.9785
4.3595 2.0669 -2.5029 0.9785
4.2825 2.2219 -2.5029 0.9785
4.2000 2.3741 -2.5029 0.9785
3.8170 2.9504 -2.5028 0.9785
3.7086 3.0854 -2.5027 0.9785
3.5954 3.2165 -2.5027 0.9785
3.4777 3.3434 -2.5027 0.9785
2.9634 3.8062 -2.5025 0.9785
2.6827 4.0088 -2.5024 0.9785
2.3882 4.1907 -2.5023 0.9785
2.0815 4.3511 -2.5022 0.9785
1.9240 4.4229 -2.5022 0.9785
1.6018 4.5493 -2.5021 0.9785
1.2714 4.6522 -2.5020 0.9785
1.1036 4.6948 -2.5019 0.9785
0.5927 4.7859 -2.5018 0.9785
0.4206 4.8039 -2.5017 0.9785
0.2479 4.8158 -2.5017 0.9785
-0.0981 4.8210 -2.5016 0.9785
-0.4436 4.8014 -2.5015 0.9785
-0.6155 4.7823 -2.5014 0.9785
-1.1258 4.6882 -2.5013 0.9785
-1.6229 4.5398 -2.5011 0.9785
-1.7848 4.4785 -2.5011 0.9785
-2.7001 3.9933 -2.5008 0.9785
-2.8416 3.8938 -2.5007 0.9785
-3.2434 3.5657 -2.5006 0.9785
-3.3692 3.4470 -2.5006 0.9785
-3.4907 3.3238 -2.5005 0.9785
-3.6077 3.1964 -2.5005 0.9785
-3.7200 3.0649 -2.5005 0.9785
-3.8275 2.9294 -2.5004 0.9785
-4.2070 2.3515 -2.5003 0.9785
-4.4352 1.8858 -2.5002 0.9785
-4.5000 1.7254 -2.5002 0.9785
-4.5590 1.5629 -2.5002 0.9785
-4.6592 1.2319 -2.5002 0.9785
-4.8042 0.3805 -2.5001 0.9785
-4.8191 0.0350 -2.5001 0.9785
-4.8173 -0.1379 -2.5001 0.9785
-4.7746 -0.6548 -2.5001 0.9785
-4.5812 -1.4965 -2.5002 0.9785
-4.5246 -1.6599 -2.5002 0.9785
-4.3940 -1.9801 -2.5003 0.9785
-4.3201 -2.1365 -2.5003 0.9785
-4.0656 -2.5885 -2.5004 0.9785
-3.9702 -2.7327 -2.5004 0.9785
-3.8696 -2.8734 -2.5004 0.9785
-3.9172 -2.3446 -2.5004 0.9794
-3.7391 -2.6196 -2.5005 0.9794
-3.6427 -2.7520 -2.5005 0.9794
-3.5417 -2.8810 -2.5005 0.9794
-3.4361 -3.0063 -2.5006 0.9794
-3.0933 -3.3582 -2.5007 0.9794
-2.9708 -3.4671 -2.5007 0.9794
-2.8445 -3.5715 -2.5007 0.9794
-2.5812 -3.7664 -2.5008 0.9794
-2.3045 -3.9420 -2.5009 0.9794
-2.1616 -4.0222 -2.5010 0.9794
-1.8676 -4.1670 -2.5010 0.9794
-1.5641 -4.2904 -2.5011 0.9794
-1.4091 -4.3438 -2.5012 0.9794
-0.9343 -4.4704 -2.5013 0.9794
-0.7733 -4.5011 -2.5014 0.9794
0.0425 -4.5673 -2.5016 0.9794
0.5331 -4.5366 -2.5018 0.9794
1.3343 -4.3690 -2.5020 0.9794
1.7962 -4.2005 -2.5022 0.9794
1.9458 -4.1335 -2.5022 0.9794
2.0929 -4.0611 -2.5023 0.9794
2.2373 -3.9834 -2.5023 0.9794
2.3788 -3.9007 -2.5023 0.9794
2.6525 -3.7202 -2.5024 0.9794
2.9125 -3.5204 -2.5025 0.9794
3.2741 -3.1872 -2.5026 0.9794
3.5978 -2.8171 -2.5027 0.9794
3.7906 -2.5519 -2.5028 0.9794
3.8798 -2.4143 -2.5028 0.9794
3.9640 -2.2735 -2.5028 0.9794
4.1169 -1.9834 -2.5029 0.9794
4.1854 -1.8344 -2.5029 0.9794
4.2486 -1.6831 -2.5029 0.9794
2.7297 -0.7541 -1.5511 0.9872
2.7000 -0.6425 -1.5201 0.9874
2.6696 -0.4359 -1.4815 0.9877
2.6609 -0.3370 -1.4690 0.9878
2.6720 0.0470 -1.4637 0.9879
2.7053 0.2424 -1.4877 0.9877
2.7644 0.4493 -1.5339 0.9873
4.3594 1.3710 -2.5029 0.9794
4.3074 1.5265 -2.5029 0.9794
3.9656 2.2706 -2.5028 0.9794
3.6985 2.6835 -2.5027 0.9794
3.5998 2.8145 -2.5027 0.9794
3.2764 3.1849 -2.5026 0.9794
3.1600 3.3003 -2.5026 0.9794
3.0395 3.4116 -2.5025 0.9794
1.9487 4.1321 -2.5022 0.9794
1.7992 4.1992 -2.5022 0.9794
0.6987 4.5140 -2.5018 0.9794
0.3732 4.5524 -2.5017 0.9794
-0.1181 4.5658 -2.5016 0.9794
-0.6080 4.5264 -2.5014 0.9794
-0.7701 4.5016 -2.5014 0.9794
-1.0909 4.4346 -2.5013 0.9794
-1.2492 4.3925 -2.5012 0.9794
-1.5610 4.2915 -2.5011 0.9794
-2.1587 4.0237 -2.5009 0.9794
-2.3016 3.9436 -2.5009 0.9794
-2.4416 3.8584 -2.5009 0.9794
-2.7120 3.6733 -2.5008 0.9794
-2.8420 3.5735 -2.5007 0.9794
-3.0908 3.3605 -2.5007 0.9794
-3.4339 3.0087 -2.5006 0.9794
-3.5396 2.8835 -2.5005 0.9794
-3.6407 2.7546 -2.5005 0.9794
-3.7372 2.6222 -2.5005 0.9794
-3.8288 2.4864 -2.5004 0.9794
-3.9972 2.2054 -2.5004 0.9794
-4.0737 2.0605 -2.5004 0.9794
-4.1450 1.9130 -2.5003 0.9794
-4.2714 1.6108 -2.5003 0.9794
-4.4197 1.1425 -2.5003 0.9794
-4.5168 0.6609 -2.5002 0.9794
-4.5526 0.3353 -2.5002 0.9794
-4.5393 -0.4826 -2.5002 0.9794
-4.5191 -0.6452 -2.5002 0.9794
-4.4931 -0.8069 -2.5002 0.9794
-4.3804 -1.2851 -2.5003 0.9794
-4.2770 -1.5959 -2.5003 0.9794
-4.2170 -1.7484 -2.5003 0.9794
-4.1516 -1.8986 -2.5003 0.9794
-4.0809 -2.0463 -2.5004 0.9794
-4.0048 -2.1915 -2.5004 0.9794
-3.8374 -2.4731 -2.5004 0.9794
-3.7463 -2.6092 -2.5005 0.9794
-3.6503 -2.7420 -2.5005 0.9794
-3.4443 -2.9968 -2.5006 0.9794
-3.3346 -3.1185 -2.5006 0.9794
-3.2207 -3.2362 -2.5006 0.9794
-2.1727 -4.0162 -2.5010 0.9794
-2.0272 -4.0917 -2.5010 0.9794
-1.8791 -4.1618 -2.5010 0.9794
-1.7286 -4.2267 -2.5011 0.9794
-1.4211 -4.3399 -2.5012 0.9794
-1.1063 -4.4308 -2.5013 0.9794
-0.9466 -4.4677 -2.5013 0.9794
-0.7857 -4.4989 -2.5014 0.9794
-0.4611 -4.5439 -2.5015 0.9794
-0.1340 -4.5654 -2.5016 0.9794
0.3574 -4.5537 -2.5017 0.9794
0.6830 -4.5165 -2.5018 0.9794
1.0052 -4.4561 -2.5019 0.9794
1.1645 -4.4172 -2.5020 0.9794
1.3222 -4.3727 -2.5020 0.9794
1.4783 -4.3225 -2.5021 0.9794
1.6325 -4.2667 -2.5021 0.9794
1.7845 -4.2055 -2.5022 0.9794
2.0816 -4.0668 -2.5023 0.9794
2.2262 -3.9896 -2.5023 0.9794
2.3680 -3.9072 -2.5023 0.9794
2.6422 -3.7275 -2.5024 0.9794
3.1485 -3.3113 -2.5026 0.9794
3.5900 -2.8270 -2.5027 0.9794
3.6892 -2.6964 -2.5027 0.9794
3.7836 -2.5623 -2.5028 0.9794
4.1804 -1.8460 -2.5029 0.9794
4.2439 -1.6948 -2.5029 0.9794
4.3020 -1.5415 -2.5029 0.9794
2.7868 -0.8871 -1.6018 0.9868
2.7016 -0.6508 -1.5220 0.9874
2.6833 -0.5454 -1.4997 0.9876
2.6610 -0.3445 -1.4696 0.9878
2.6388 -0.1504 -1.4476 0.9880
2.8158 0.5540 -1.5718 0.9870
4.4494 1.0425 -2.5030 0.9794
4.3116 1.5146 -2.5029 0.9794
4.1237 1.9691 -2.5029 0.9794
3.9719 2.2597 -2.5028 0.9794
3.8882 2.4007 -2.5028 0.9794
3.7995 2.5387 -2.5028 0.9794
3.3971 3.0559 -2.5026 0.9794
3.1691 3.2916 -2.5026 0.9794
2.9248 3.5103 -2.5025 0.9794
2.6654 3.7109 -2.5024 0.9794
2.5305 3.8041 -2.5024 0.9794
2.1070 4.0538 -2.5022 0.9794
1.9601 4.1266 -2.5022 0.9794
1.3495 4.3643 -2.5020 0.9794
1.0330 4.4497 -2.5019 0.9794
0.7112 4.5121 -2.5018 0.9794
0.3858 4.5513 -2.5017 0.9794
-0.4327 4.5466 -2.5015 0.9794
-0.5955 4.5281 -2.5014 0.9794
-0.7576 4.5037 -2.5014 0.9794
-0.9187 4.4736 -2.5013 0.9794
-1.0786 4.4376 -2.5013 0.9794
-1.2371 4.3960 -2.5012 0.9794
-1.3940 4.3487 -2.5012 0.9794
-2.0017 4.1042 -2.5010 0.9794
-2.2908 3.9500 -2.5009 0.9794
-2.5680 3.7754 -2.5008 0.9794
-3.0815 3.3690 -2.5007 0.9794
-3.2004 3.2562 -2.5006 0.9794
-3.4256 3.0182 -2.5006 0.9794
-3.5316 2.8933 -2.5005 0.9794
-3.7299 2.6325 -2.5005 0.9794
-3.8219 2.4970 -2.5004 0.9794
-3.9090 2.3582 -2.5004 0.9794
-4.0680 2.0718 -2.5004 0.9794
-4.2060 1.7747 -2.5003 0.9794
-4.3224 1.4684 -2.5003 0.9794
-4.3723 1.3124 -2.5003 0.9794
-4.4551 0.9955 -2.5002 0.9794
-4.4879 0.8350 -2.5002 0.9794
-4.5362 0.5109 -2.5002 0.9794
-4.5516 0.3479 -2.5002 0.9794
-4.5612 0.1843 -2.5002 0.9794
-4.5649 0.0205 -2.5002 0.9794
-4.5546 -0.3069 -2.5002 0.9794
-4.5209 -0.6327 -2.5002 0.9794
-4.4953 -0.7945 -2.5002 0.9794
-4.4639 -0.9553 -2.5002 0.9794
-4.2814 -1.5841 -2.5003 0.9794
-4.0865 -2.0351 -2.5004 0.9794
-3.9301 -2.3229 -2.5004 0.9794
-3.7535 -2.5988 -2.5005 0.9794
-3.5575 -2.8614 -2.5005 0.9794
-3.4526 -2.9872 -2.5006 0.9794
-3.3432 -3.1092 -2.5006 0.9794
-3.2296 -3.2272 -2.5006 0.9794
-3.1117 -3.3411 -2.5007 0.9794
-2.7348 -3.6563 -2.5008 0.9794
-2.6019 -3.7521 -2.5008 0.9794
-2.3262 -3.9292 -2.5009 0.9794
-2.1838 -4.0102 -2.5009 0.9794
-1.5877 -4.2817 -2.5011 0.9794
-1.4331 -4.3360 -2.5012 0.9794
-1.2766 -4.3847 -2.5012 0.9794
-1.1185 -4.4278 -2.5013 0.9794
-0.9590 -4.4651 -2.5013 0.9794
-0.6363 -4.5226 -2.5014 0.9794
0.1811 -4.5640 -2.5017 0.9794
0.3448 -4.5546 -2.5017 0.9794
0.5080 -4.5394 -2.5018 0.9794
0.8323 -4.4915 -2.5019 0.9794
1.6207 -4.2712 -2.5021 0.9794
1.7729 -4.2104 -2.5022 0.9794
2.2152 -3.9957 -2.5023 0.9794
2.3572 -3.9137 -2.5023 0.9794
2.4961 -3.8267 -2.5024 0.9794
2.6319 -3.7347 -2.5024 0.9794
2.7643 -3.6380 -2.5025 0.9794
2.8930 -3.5365 -2.5025 0.9794
3.1393 -3.3200 -2.5026 0.9794
3.2565 -3.2053 -2.5026 0.9794
3.3694 -3.0864 -2.5026 0.9794
3.4780 -2.9636 -2.5027 0.9794
4.1059 -2.0061 -2.5029 0.9794
4.1752 -1.8575 -2.5029 0.9794
4.2392 -1.7065 -2.5029 0.9794
4.2978 -1.5533 -2.5029 0.9794
2.7903 -0.8967 -1.6052 0.9867
2.7374 -0.7725 -1.5578 0.9871
2.7032 -0.6591 -1.5239 0.9874
2.6843 -0.5533 -1.5011 0.9876
2.6512 -0.2542 -1.4587 0.9879
2.6709 0.0322 -1.4629 0.9879
4.3157 1.5026 -2.5029 0.9794
4.2590 1.6565 -2.5029 0.9794
3.9781 2.2487 -2.5028 0.9794
3.8948 2.3900 -2.5028 0.9794
3.6153 2.7946 -2.5027 0.9794
3.4055 3.0465 -2.5026 0.9794
3.1782 3.2829 -2.5026 0.9794
3.0583 3.3947 -2.5025 0.9794
2.9344 3.5022 -2.5025 0.9794
2.6756 3.7035 -2.5024 0.9794
2.5410 3.7971 -2.5024 0.9794
1.5172 4.3090 -2.5021 0.9794
0.5614 4.5331 -2.5018 0.9794
0.0710 4.5669 -2.5016 0.9794
-0.0929 4.5664 -2.5016 0.9794
-0.7452 4.5058 -2.5014 0.9794
-1.2250 4.3994 -2.5012 0.9794
-1.6905 4.2421 -2.5011 0.9794
-2.1365 4.0356 -2.5009 0.9794
-2.2798 3.9563 -2.5009 0.9794
-2.6916 3.6882 -2.5008 0.9794
-2.8222 3.5892 -2.5007 0.9794
-2.9491 3.4856 -2.5007 0.9794
-3.0722 3.3775 -2.5007 0.9794
-3.3064 3.1483 -2.5006 0.9794
-3.9025 2.3690 -2.5004 0.9794
-3.9850 2.2274 -2.5004 0.9794
-4.2625 1.6344 -2.5003 0.9794
-4.3183 1.4804 -2.5003 0.9794
-4.4523 1.0078 -2.5002 0.9794
-4.5607 0.1969 -2.5002 0.9794
-4.5648 0.0332 -2.5002 0.9794
-4.5419 -0.4576 -2.5002 0.9794
-4.4974 -0.7821 -2.5002 0.9794
-4.4298 -1.1026 -2.5003 0.9794
-4.3394 -1.4175 -2.5003 0.9794
-4.2858 -1.5723 -2.5003 0.9794
-4.2266 -1.7250 -2.5003 0.9794
-3.8510 -2.4518 -2.5004 0.9794
-3.7606 -2.5885 -2.5005 0.9794
-3.6654 -2.7218 -2.5005 0.9794
-3.2385 -3.2183 -2.5006 0.9794
-3.1210 -3.3325 -2.5007 0.9794
-3.7162 -2.2243 -2.5005 0.9802
-3.5471 -2.4851 -2.5005 0.9802
-3.4557 -2.6108 -2.5006 0.9802
-3.3599 -2.7331 -2.5006 0.9802
-2.8183 -3.2891 -2.5008 0.9802
-2.6985 -3.3882 -2.5008 0.9802
-2.5752 -3.4829 -2.5008 0.9802
-2.4487 -3.5731 -2.5009 0.9802
-2.1862 -3.7396 -2.5009 0.9802
-1.7718 -3.9531 -2.5011 0.9802
-1.1881 -4.1662 -2.5013 0.9802
-1.0379 -4.2062 -2.5013 0.9802
-0.8863 -4.2408 -2.5013 0.9802
-0.7336 -4.2700 -2.5014 0.9802
-0.5799 -4.2936 -2.5014 0.9802
-0.4255 -4.3118 -2.5015 0.9802
0.0403 -4.3327 -2.5016 0.9802
0.1957 -4.3286 -2.5017 0.9802
0.3509 -4.3189 -2.5017 0.9802
0.6598 -4.2827 -2.5018 0.9802
0.9653 -4.2246 -2.5019 0.9802
1.1162 -4.1873 -2.5020 0.9802
1.4137 -4.0966 -2.5020 0.9802
1.8458 -3.9212 -2.5022 0.9802
1.9854 -3.8525 -2.5022 0.9802
2.6413 -3.4366 -2.5024 0.9802
2.8810 -3.2384 -2.5025 0.9802
3.3149 -2.7931 -2.5026 0.9802
3.4130 -2.6724 -2.5027 0.9802
3.5959 -2.4208 -2.5027 0.9802
3.6805 -2.2902 -2.5027 0.9802
3.9704 -1.7402 -2.5028 0.9802
4.0303 -1.5966 -2.5028 0.9802
2.7646 -0.8716 -1.6736 0.9867
2.6969 -0.6418 -1.6005 0.9873
2.6550 -0.3362 -1.5451 0.9877
2.6480 -0.2392 -1.5351 0.9878
2.6389 -0.1431 -1.5258 0.9879
2.6661 0.0469 -1.5395 0.9878
2.7251 0.3431 -1.5857 0.9874
4.1354 1.3005 -2.5029 0.9802
3.9716 1.7373 -2.5028 0.9802
3.9067 1.8787 -2.5028 0.9802
3.7619 2.1540 -2.5028 0.9802
3.6821 2.2876 -2.5027 0.9802
3.5976 2.4182 -2.5027 0.9802
3.1081 3.0213 -2.5026 0.9802
2.7653 3.3376 -2.5024 0.9802
2.6437 3.4347 -2.5024 0.9802
2.5188 3.5272 -2.5024 0.9802
2.3905 3.6153 -2.5023 0.9802
2.1250 3.7773 -2.5023 0.9802
1.5627 4.0422 -2.5021 0.9802
1.1192 4.1865 -2.5019 0.9802
0.6629 4.2823 -2.5018 0.9802
0.5088 4.3032 -2.5018 0.9802
0.3540 4.3186 -2.5017 0.9802
0.1988 4.3284 -2.5017 0.9802
-0.1121 4.3314 -2.5016 0.9802
-0.2674 4.3245 -2.5015 0.9802
-0.5768 4.2940 -2.5014 0.9802
-0.7305 4.2705 -2.5014 0.9802
-0.8833 4.2414 -2.5013 0.9802
-1.0348 4.2069 -2.5013 0.9802
-1.3338 4.1218 -2.5012 0.9802
-1.4808 4.0712 -2.5011 0.9802
-1.7689 3.9543 -2.5011 0.9802
-1.9096 3.8883 -2.5010 0.9802
-2.0479 3.8172 -2.5010 0.9802
-3.0446 3.0806 -2.5007 0.9802
-3.3579 2.7355 -2.5006 0.9802
-3.4539 2.6133 -2.5005 0.9802
-3.7146 2.2269 -2.5005 0.9802
-3.8646 1.9548 -2.5004 0.9802
-4.0522 1.5281 -2.5004 0.9802
-4.1044 1.3818 -2.5004 0.9802
-4.1513 1.2336 -2.5003 0.9802
-4.2290 0.9327 -2.5003 0.9802
-4.2598 0.7803 -2.5003 0.9802
-4.2850 0.6270 -2.5003 0.9802
-4.3048 0.4729 -2.5003 0.9802
-4.3276 0.1629 -2.5003 0.9802
-4.3306 0.0075 -2.5003 0.9802
-4.3281 -0.1479 -2.5003 0.9802
-4.3200 -0.3030 -2.5003 0.9802
-4.2872 -0.6121 -2.5003 0.9802
-4.2625 -0.7655 -2.5003 0.9802
-4.2323 -0.9180 -2.5003 0.9802
-4.1556 -1.2191 -2.5003 0.9802
-4.0006 -1.6586 -2.5004 0.9802
-3.9385 -1.8011 -2.5004 0.9802
-3.7993 -2.0790 -2.5005 0.9802
-3.7223 -2.2140 -2.5005 0.9802
-3.5540 -2.4753 -2.5005 0.9802
-3.4629 -2.6012 -2.5006 0.9802
-2.9433 -3.1777 -2.5007 0.9802
-2.8274 -3.2813 -2.5007 0.9802
-2.7079 -3.3807 -2.5008 0.9802
-2.5849 -3.4758 -2.5008 0.9802
-2.3290 -3.6523 -2.5009 0.9802
-2.1965 -3.7336 -2.5009 0.9802
-1.9232 -3.8816 -2.5010 0.9802
-1.4950 -4.0660 -2.5012 0.9802
-0.7454 -4.2679 -2.5014 0.9802
-0.2824 -4.3236 -2.5015 0.9802
0.3390 -4.3198 -2.5017 0.9802
1.1047 -4.1904 -2.5020 0.9802
1.2543 -4.1481 -2.5020 0.9802
1.4024 -4.1005 -2.5020 0.9802
1.8350 -3.9262 -2.5022 0.9802
1.9747 -3.8579 -2.5022 0.9802
2.1119 -3.7847 -2.5023 0.9802
2.2464 -3.7065 -2.5023 0.9802
2.3780 -3.6236 -2.5023 0.9802
2.6318 -3.4438 -2.5024 0.9802
2.8721 -3.2463 -2.5025 0.9802
2.9867 -3.1412 -2.5025 0.9802
3.3071 -2.8022 -2.5026 0.9802
3.4056 -2.6818 -2.5027 0.9802
3.4996 -2.5579 -2.5027 0.9802
3.5892 -2.4307 -2.5027 0.9802
3.6741 -2.3004 -2.5027 0.9802
3.7544 -2.1671 -2.5028 0.9802
3.9002 -1.8923 -2.5028 0.9802
4.0259 -1.6078 -2.5028 0.9802
2.6984 -0.6501 -1.6025 0.9873
2.6784 -0.5444 -1.5780 0.9875
2.6552 -0.3437 -1.5458 0.9877
2.6376 -0.1504 -1.5253 0.9879
2.6656 0.0395 -1.5391 0.9878
2.6986 0.2343 -1.5639 0.9876
2.7231 0.3352 -1.5841 0.9874
2.7579 0.4405 -1.6125 0.9872
2.8149 0.5538 -1.6564 0.9868
4.1390 1.2891 -2.5029 0.9802
4.0901 1.4368 -2.5029 0.9802
3.9764 1.7263 -2.5028 0.9802
3.9119 1.8679 -2.5028 0.9802
3.7678 2.1436 -2.5028 0.9802
3.6884 2.2774 -2.5027 0.9802
3.6043 2.4082 -2.5027 0.9802
3.2225 2.8989 -2.5026 0.9802
3.0063 3.1225 -2.5025 0.9802
2.6532 3.4273 -2.5024 0.9802
2.5285 3.5203 -2.5024 0.9802
2.2695 3.6924 -2.5023 0.9802
1.8595 3.9147 -2.5022 0.9802
1.7178 3.9788 -2.5021 0.9802
1.4279 4.0916 -2.5020 0.9802
1.2802 4.1402 -2.5020 0.9802
1.1308 4.1834 -2.5019 0.9802
0.6747 4.2804 -2.5018 0.9802
0.2108 4.3279 -2.5017 0.9802
-0.2555 4.3252 -2.5015 0.9802
-0.4105 4.3132 -2.5015 0.9802
-0.7187 4.2725 -2.5014 0.9802
-1.1736 4.1703 -2.5012 0.9802
-1.7580 3.9592 -2.5011 0.9802
-1.8989 3.8935 -2.5010 0.9802
-2.1731 3.7472 -2.5009 0.9802
-2.3062 3.6667 -2.5009 0.9802
-2.4362 3.5816 -2.5009 0.9802
-2.6867 3.3976 -2.5008 0.9802
-2.8068 3.2989 -2.5007 0.9802
-3.0361 3.0891 -2.5007 0.9802
-3.1449 2.9781 -2.5006 0.9802
-3.3503 2.7448 -2.5006 0.9802
-3.5385 2.4974 -2.5005 0.9802
-3.6258 2.3688 -2.5005 0.9802
-3.9272 1.8257 -2.5004 0.9802
-4.1006 1.3931 -2.5004 0.9802
-4.1479 1.2450 -2.5003 0.9802
-4.2264 0.9444 -2.5003 0.9802
-4.2576 0.7921 -2.5003 0.9802
-4.3034 0.4847 -2.5003 0.9802
-4.3180 0.3300 -2.5003 0.9802
-4.3306 0.0195 -2.5003 0.9802
-4.3076 -0.4460 -2.5003 0.9802
-4.2888 -0.6002 -2.5003 0.9802
-4.2348 -0.9063 -2.5003 0.9802
-4.0617 -1.5028 -2.5004 0.9802
-4.0052 -1.6476 -2.5004 0.9802
-3.9435 -1.7902 -2.5004 0.9802
-3.6469 -2.3361 -2.5005 0.9802
-3.5608 -2.4654 -2.5005 0.9802
-3.4701 -2.5916 -2.5006 0.9802
-3.3749 -2.7145 -2.5006 0.9802
-3.2754 -2.8339 -2.5006 0.9802
-2.4684 -3.5595 -2.5009 0.9802
-2.2068 -3.7275 -2.5009 0.9802
-1.5062 -4.0619 -2.5012 0.9802
-1.3595 -4.1134 -2.5012 0.9802
-0.7572 -4.2659 -2.5014 0.9802
-0.4493 -4.3093 -2.5015 0.9802
0.0164 -4.3329 -2.5016 0.9802
0.1718 -4.3296 -2.5017 0.9802
0.3271 -4.3207 -2.5017 0.9802
0.7895 -4.2608 -2.5019 0.9802
0.9419 -4.2298 -2.5019 0.9802
1.0931 -4.1934 -2.5019 0.9802
1.2429 -4.1515 -2.5020 0.9802
1.3911 -4.1044 -2.5020 0.9802
1.5375 -4.0519 -2.5021 0.9802
1.8241 -3.9313 -2.5022 0.9802
2.1014 -3.7905 -2.5023 0.9802
2.2361 -3.7127 -2.5023 0.9802
2.4967 -3.5429 -2.5024 0.9802
3.0892 -3.0406 -2.5026 0.9802
3.3981 -2.6912 -2.5027 0.9802
3.6678 -2.3105 -2.5027 0.9802
3.8241 -2.0416 -2.5028 0.9802
3.8949 -1.9031 -2.5028 0.9802
4.0214 -1.6189 -2.5028 0.9802
4.0770 -1.4736 -2.5029 0.9802
2.7000 -0.6583 -1.6045 0.9872
2.6799 -0.5524 -1.5798 0.9874
2.6500 -0.2541 -1.5370 0.9878
2.6374 -0.1577 -1.5254 0.9879
2.6534 -0.0632 -1.5324 0.9878
2.6650 0.0321 -1.5388 0.9878
2.6967 0.2266 -1.5624 0.9876
2.7212 0.3274 -1.5824 0.9874
2.7539 0.4320 -1.6094 0.9872
4.1425 1.2777 -2.5029 0.9802
3.9812 1.7154 -2.5028 0.9802
3.8479 1.9964 -2.5028 0.9802
3.1247 3.0041 -2.5026 0.9802
2.9012 3.2203 -2.5025 0.9802
2.7837 3.3223 -2.5025 0.9802
2.5382 3.5133 -2.5024 0.9802
2.4105 3.6020 -2.5023 0.9802
2.2797 3.6862 -2.5023 0.9802
2.1459 3.7655 -2.5023 0.9802
1.4392 4.0877 -2.5020 0.9802
0.5325 4.3003 -2.5018 0.9802
0.3779 4.3166 -2.5017 0.9802
0.2228 4.3273 -2.5017 0.9802
-0.2435 4.3259 -2.5015 0.9802
-0.3986 4.3143 -2.5015 0.9802
-0.5531 4.2972 -2.5014 0.9802
-0.7069 4.2745 -2.5014 0.9802
-1.0116 4.2126 -2.5013 0.9802
-1.6037 4.0243 -2.5011 0.9802
-1.8881 3.8988 -2.5010 0.9802
-2.0268 3.8284 -2.5010 0.9802
-2.1628 3.7532 -2.5009 0.9802
-2.5535 3.4989 -2.5008 0.9802
-2.6773 3.4050 -2.5008 0.9802
-3.3427 2.7541 -2.5006 0.9802
-3.5316 2.5072 -2.5005 0.9802
-3.6192 2.3788 -2.5005 0.9802
-3.7022 2.2474 -2.5005 0.9802
-4.0437 1.5505 -2.5004 0.9802
-4.1868 1.1070 -2.5003 0.9802
-4.2815 0.6507 -2.5003 0.9802
-4.3305 0.0315 -2.5003 0.9802
-4.3289 -0.1239 -2.5003 0.9802
-4.3216 -0.2792 -2.5003 0.9802
-4.3088 -0.4341 -2.5003 0.9802
-4.2666 -0.7420 -2.5003 0.9802
-4.2373 -0.8946 -2.5003 0.9802
-4.1167 -1.3447 -2.5004 0.9802
-4.0097 -1.6365 -2.5004 0.9802
-3.9484 -1.7793 -2.5004 0.9802
-3.8821 -1.9199 -2.5004 0.9802
-3.8107 -2.0579 -2.5004 0.9802
-3.7345 -2.1934 -2.5005 0.9802
-3.5676 -2.4556 -2.5005 0.9802
-3.4773 -2.5821 -2.5005 0.9802
-3.3824 -2.7052 -2.5006 0.9802
-3.2832 -2.8248 -2.5006 0.9802
-3.1798 -2.9409 -2.5006 0.9802
-3.0722 -3.0531 -2.5007 0.9802
