ply
format ascii 1.0
element vertex 4378
property float32 x
property float32 y
property float32 z
property float32 I
end_header
7.0530 26.1712 4.7793 0.8958
5.7636 29.7401 5.3416 0.8842
2.3915 19.8987 3.5339 0.9218
1.6337 19.4725 3.4456 0.9237
-0.2368 9.8566 1.7385 0.9607
-3.9646 29.9203 5.3219 0.8846
-4.0705 24.0521 4.3013 0.9057
-5.1329 21.0239 3.8160 0.9159
-5.7655 20.4053 3.7389 0.9175
-6.4773 20.1323 3.7291 0.9177
-7.2880 20.1414 3.7768 0.9167
-8.9789 20.1604 3.8914 0.9143
-9.8657 20.1704 3.9592 0.9128
-12.7402 20.2027 4.2115 0.9075
-13.7860 20.2145 4.3144 0.9054
-15.9175 20.0770 4.5177 0.9012
-17.2773 20.2537 4.6941 0.8975
-18.3160 19.9724 4.7783 0.8958
-19.6971 19.9878 4.9481 0.8923
-11.6151 9.4892 2.6446 0.9409
-27.8310 19.5840 6.0005 0.8709
-11.6126 7.5632 2.4436 0.9453
-11.6426 7.0007 2.3954 0.9463
-35.5434 19.6705 7.1630 0.8479
-38.8393 19.7074 7.6796 0.8379
-32.2051 5.9369 5.7743 0.8755
-28.2745 4.1690 5.0395 0.8904
-19.1199 -11.3534 3.9209 0.9136
-30.6352 -26.6200 7.1562 0.8480
-17.0054 -17.0668 4.2482 0.9068
-15.8970 -17.1434 4.1225 0.9094
-14.8860 -17.2565 4.0185 0.9116
-11.9518 -17.3185 3.7103 0.9181
-11.0619 -17.3285 3.6250 0.9199
-9.4653 -17.4779 3.5047 0.9224
-7.8489 -17.3645 3.3601 0.9255
-7.1354 -17.4274 3.3205 0.9264
-5.7008 -17.3886 3.2266 0.9284
-5.0192 -17.3962 3.1925 0.9291
-2.4146 -17.4804 3.1115 0.9308
-1.7786 -17.4875 3.0994 0.9311
-0.5156 -17.4467 3.0777 0.9316
5.3467 -17.6831 3.2574 0.9277
6.6862 -17.4747 3.2991 0.9268
7.4398 -17.5309 3.3580 0.9256
8.2242 -17.5946 3.4246 0.9241
11.5380 -17.5768 3.7074 0.9181
10.8654 -13.2023 3.0149 0.9329
10.8380 -12.2452 2.8834 0.9357
40.3416 23.0015 8.1883 0.8281
33.5170 24.2288 7.2924 0.8454
31.9193 26.7618 7.3447 0.8444
31.0542 27.9952 7.3723 0.8438
8.3195 8.0599 2.0422 0.9540
29.7350 30.9523 7.5681 0.8400
28.7255 32.1350 7.6001 0.8394
24.7227 34.5050 7.4847 0.8416
22.4933 33.9011 7.1738 0.8477
16.7684 29.6991 6.0138 0.8706
15.7651 33.2989 6.4963 0.8610
9.6417 24.8318 4.6970 0.8975
8.4386 24.2830 4.5329 0.9009
6.5827 28.5335 5.1634 0.8879
1.6214 19.4655 3.4442 0.9237
0.1113 9.8579 1.7383 0.9607
-3.9661 29.7931 5.2997 0.8851
-4.0714 23.9697 4.2870 0.9060
-4.4842 21.6583 3.8999 0.9141
-5.7759 20.3952 3.7376 0.9175
-6.4907 20.1325 3.7298 0.9177
-8.9935 20.1606 3.8925 0.9142
-9.8809 20.1706 3.9604 0.9128
-11.6636 20.0293 4.0869 0.9102
-12.7573 20.2029 4.2131 0.9075
-17.2986 20.2540 4.6966 0.8975
-18.3383 19.9726 4.7810 0.8957
-21.2059 20.0030 5.1402 0.8883
-11.6164 9.4786 2.6436 0.9409
-11.6131 7.5535 2.4427 0.9453
-11.6424 6.9910 2.3945 0.9463
-35.5951 19.6711 7.1710 0.8477
-38.8986 19.7081 7.6890 0.8377
-42.7218 19.7510 8.2991 0.8260
-28.2753 4.1517 5.0392 0.8904
-19.1285 -13.3200 4.1101 0.9097
-14.8756 -17.2655 4.0185 0.9116
-13.8529 -17.2972 3.9075 0.9139
-12.8697 -17.3082 3.8031 0.9161
-11.9365 -17.3187 3.7088 0.9181
-8.5954 -17.3562 3.4151 0.9243
-6.3860 -17.3809 3.2650 0.9275
-5.6892 -17.3887 3.2260 0.9284
-3.6833 -17.4112 3.1380 0.9303
-2.4039 -17.4805 3.1113 0.9308
-1.7680 -17.4876 3.0993 0.9311
-0.5051 -17.4468 3.0776 0.9316
2.6604 -17.5323 3.1268 0.9305
7.7554 25.1468 4.0314 0.8990
7.0874 26.2988 4.1726 0.8956
6.5722 28.4102 4.4672 0.8887
2.3915 19.8987 3.0703 0.9221
1.6337 19.4725 2.9936 0.9240
0.1171 9.8452 1.5083 0.9609
-1.4934 24.8912 3.8201 0.9040
-2.5781 26.8195 4.1275 0.8967
-4.4537 21.5767 3.3751 0.9147
-5.7408 20.3181 3.2345 0.9181
-7.2471 20.0284 3.2629 0.9174
-8.9285 20.0473 3.3619 0.9150
-9.8104 20.0572 3.4205 0.9136
-11.6102 19.9653 3.5381 0.9108
-12.5975 19.9764 3.6180 0.9089
-13.7859 20.2143 3.7483 0.9057
-14.8856 20.2267 3.8473 0.9034
-15.9175 20.0770 3.9250 0.9015
-19.8282 20.1208 4.3276 0.8920
-21.4940 20.2992 4.5291 0.8872
-11.6031 8.8042 2.2313 0.9428
-32.2301 5.9415 5.0207 0.8758
-19.1253 -11.3566 3.4075 0.9139
-30.6259 -26.6120 6.2155 0.8486
-16.0171 -17.2729 3.6087 0.9091
-14.9732 -17.3575 3.5117 0.9114
-13.8698 -17.2970 3.3965 0.9142
-12.8857 -17.3081 3.3056 0.9164
-11.9894 -17.3731 3.2337 0.9181
-10.2110 -17.3380 3.0825 0.9218
-7.8489 -17.3645 2.9193 0.9258
-7.1354 -17.4274 2.8849 0.9266
-5.0192 -17.3962 2.7737 0.9294
-4.3949 -17.5789 2.7759 0.9293
-1.7786 -17.4875 2.6928 0.9313
-0.5156 -17.4467 2.6739 0.9318
0.1114 -17.5087 2.6823 0.9316
1.3684 -17.4678 2.6842 0.9316
2.6496 -17.5322 2.7163 0.9308
4.6124 -17.4992 2.7723 0.9294
7.4398 -17.5309 2.9175 0.9258
8.9838 -17.5482 3.0201 0.9233
10.7565 -17.7437 3.1787 0.9195
10.8374 -12.2445 2.5050 0.9360
10.8735 -11.4308 2.4169 0.9382
37.2297 23.0364 6.7069 0.8376
34.4514 23.0676 6.3516 0.8455
33.5170 24.2288 6.3357 0.8459
32.6904 25.4670 6.3483 0.8456
31.9193 26.7618 6.3811 0.8449
28.7255 32.1350 6.6030 0.8399
28.1187 33.8257 6.7385 0.8369
25.9973 33.6623 6.5157 0.8419
23.0803 34.7857 6.3953 0.8446
17.5524 28.6353 5.1453 0.8729
16.7684 29.6991 5.2248 0.8711
9.6417 24.8318 4.0808 0.8978
8.4364 24.2769 3.9372 0.9012
6.5594 28.4329 4.4702 0.8886
0.9689 20.5138 3.1461 0.9203
0.1111 9.8417 1.5078 0.9610
-0.2425 9.8467 1.5089 0.9609
-3.8778 29.1302 4.5020 0.8879
-4.0714 23.9697 3.7246 0.9063
-5.1218 20.9235 3.3000 0.9165
-6.4543 20.0195 3.2223 0.9184
-7.2608 20.0286 3.2637 0.9174
-8.0439 19.9253 3.2918 0.9167
-8.9430 20.0475 3.3629 0.9150
-9.8254 20.0574 3.4215 0.9136
-11.6265 19.9655 3.5394 0.9107
-13.8039 20.2145 3.7499 0.9057
-14.9046 20.2269 3.8490 0.9033
-15.9374 20.0772 3.9270 0.9015
-17.2984 20.2538 4.0804 0.8978
-18.6101 20.2686 4.2154 0.8946
-19.8524 20.1211 4.3302 0.8919
-11.6172 9.4792 2.2970 0.9411
-11.6047 8.7943 2.2306 0.9428
-30.4496 19.8054 5.5646 0.8633
-33.0309 19.8343 5.9023 0.8556
-35.5951 19.6710 6.2302 0.8483
-38.8986 19.7081 6.6802 0.8382
-28.5438 5.2442 4.4459 0.8892
-30.6264 -26.6448 6.2189 0.8485
-17.1772 -17.2600 3.7304 0.9062
-15.9979 -17.2732 3.6067 0.9091
-13.8529 -17.2972 3.3949 0.9142
-12.8697 -17.3082 3.3042 0.9164
-11.9741 -17.3732 3.2324 0.9182
-10.1971 -17.3382 3.0814 0.9218
-9.4755 -17.5219 3.0516 0.9226
-7.8364 -17.3646 2.9185 0.9258
-7.1233 -17.4276 2.8842 0.9266
-6.3861 -17.3809 2.8367 0.9278
-5.6892 -17.3887 2.8028 0.9286
-4.3837 -17.5790 2.7755 0.9293
-1.7680 -17.4876 2.6927 0.9313
-1.1325 -17.4398 2.6773 0.9317
0.1220 -17.5088 2.6823 0.9316
1.3790 -17.4679 2.6843 0.9315
2.6604 -17.5323 2.7166 0.9308
7.7554 25.1468 3.4268 0.8993
7.0939 26.3228 3.5501 0.8959
6.6053 28.5531 3.8164 0.8885
3.2756 20.8924 2.7538 0.9182
1.6337 19.4725 2.5446 0.9242
0.9803 20.4936 2.6717 0.9206
-0.2361 9.8299 1.2804 0.9611
-1.5876 26.4618 3.4521 0.8986
-4.4728 21.6691 2.8813 0.9146
-5.1205 20.9729 2.8113 0.9166
-5.7654 20.4052 2.7612 0.9180
-6.4772 20.1321 2.7540 0.9182
-7.2879 20.1412 2.7892 0.9172
-8.9788 20.1602 2.8739 0.9148
-9.8656 20.1701 2.9239 0.9134
-10.7851 20.1805 2.9797 0.9118
-11.6473 20.0291 3.0171 0.9108
-12.7400 20.2024 3.1102 0.9082
-13.7086 20.1009 3.1683 0.9065
-17.1801 20.1398 3.4472 0.8987
-18.4830 20.1544 3.5611 0.8956
-19.8282 20.1208 3.6786 0.8923
-21.4938 20.2990 3.8499 0.8876
-23.3135 20.4851 4.0414 0.8823
-13.0787 9.9238 2.1379 0.9359
-27.8310 19.5840 4.4315 0.8717
-35.5434 19.6705 5.2900 0.8489
-42.6527 19.7502 6.1208 0.8273
-28.8493 6.3970 3.8480 0.8876
-19.1057 -11.3449 2.8935 0.9143
-19.1246 -12.3057 2.9614 0.9123
-19.1203 -13.2971 3.0328 0.9103
-30.6155 -26.6029 5.2816 0.8491
-16.0171 -17.2729 3.0675 0.9094
-12.8857 -17.3081 2.8099 0.9166
-12.0418 -17.4490 2.7608 0.9180
-11.0619 -17.3285 2.6771 0.9204
-9.4891 -17.5218 2.5948 0.9228
-8.6083 -17.3560 2.5228 0.9248
-7.8489 -17.3645 2.4815 0.9260
-7.1354 -17.4274 2.4523 0.9269
-6.3979 -17.3808 2.4118 0.9280
-5.7008 -17.3886 2.3829 0.9288
-5.0192 -17.3962 2.3578 0.9296
-1.1431 -17.4397 2.2759 0.9319
0.1114 -17.5087 2.2800 0.9318
0.7409 -17.5158 2.2830 0.9317
2.6496 -17.5322 2.3090 0.9310
3.2987 -17.5394 2.3240 0.9305
4.6124 -17.4992 2.3566 0.9296
5.3467 -17.6831 2.4057 0.9282
6.6862 -17.4747 2.4365 0.9273
9.7994 -17.5573 2.6183 0.9221
10.7565 -17.7437 2.7020 0.9197
11.5380 -17.5768 2.7380 0.9187
10.8368 -12.2438 2.1292 0.9362
29.3745 6.9069 3.9295 0.8854
16.8182 8.8047 2.4721 0.9263
40.5649 23.1289 6.0807 0.8283
36.8629 22.8094 5.6450 0.8396
34.4514 23.0676 5.3991 0.8460
33.2723 24.0519 5.3463 0.8474
32.5416 25.3510 5.3717 0.8467
29.5659 30.7763 5.5574 0.8419
28.7255 32.1350 5.6128 0.8404
6.5117 7.8333 1.3265 0.9597
24.7227 34.5049 5.5276 0.8426
23.3449 35.1845 5.4985 0.8434
17.5580 28.6445 4.3751 0.8733
16.5405 31.9205 4.6816 0.8650
8.4347 24.2719 3.3462 0.9015
3.2628 20.8929 2.7537 0.9182
-0.2421 9.8334 1.2809 0.9611
-1.6032 26.4540 3.4512 0.8986
-2.5978 26.8545 3.5133 0.8969
-3.8778 29.1302 3.8268 0.8882
-4.4841 21.6581 2.8801 0.9146
-6.4907 20.1323 2.7545 0.9182
-8.0696 19.9890 2.8071 0.9167
-8.9934 20.1604 2.8747 0.9148
-10.8008 20.1806 2.9806 0.9118
-12.7571 20.2026 3.1114 0.9081
-13.7265 20.1011 3.1697 0.9065
-14.8209 20.1134 3.2535 0.9041
-23.3204 20.4662 4.0404 0.8824
-23.9477 19.5404 4.0249 0.8828
-13.0875 9.9181 2.1384 0.9359
-27.8673 19.5844 4.4354 0.8716
-33.0309 19.8343 5.0172 0.8561
-35.5951 19.6710 5.2959 0.8487
-42.7218 19.7510 6.1290 0.8271
-28.8458 6.3780 3.8470 0.8877
-19.1058 -11.3606 2.8946 0.9142
-30.6159 -26.6357 5.2845 0.8490
-17.3500 -17.4337 3.2029 0.9055
-15.9979 -17.2732 3.0659 0.9094
-12.0315 -17.4565 2.7608 0.9180
-10.1971 -17.3382 2.6193 0.9221
-7.8364 -17.3646 2.4808 0.9260
-7.1233 -17.4276 2.4517 0.9269
-6.3860 -17.3809 2.4113 0.9280
-5.6892 -17.3887 2.3825 0.9289
-4.3837 -17.5790 2.3593 0.9295
-3.6833 -17.4112 2.3175 0.9307
-2.4205 -17.6010 2.3136 0.9308
-1.1325 -17.4398 2.2758 0.9319
0.7514 -17.5159 2.2830 0.9317
2.0124 -17.4701 2.2900 0.9315
2.6604 -17.5323 2.3092 0.9310
7.0939 26.3228 2.9274 0.8961
5.9705 30.8077 3.3697 0.8814
3.2751 20.8888 2.2705 0.9185
1.6286 19.4106 2.0917 0.9246
0.9752 20.3862 2.1916 0.9212
0.1167 9.8133 1.0538 0.9613
-1.6127 26.8804 2.8917 0.8973
-3.8544 29.0886 3.1509 0.8887
-5.1329 21.0237 2.3239 0.9166
-7.2879 20.1412 2.3000 0.9174
-8.0555 19.9888 2.3142 0.9170
-8.9788 20.1602 2.3698 0.9150
-9.8656 20.1701 2.4111 0.9136
-11.6473 20.0291 2.4880 0.9110
-12.7400 20.2024 2.5647 0.9084
-10.5824 15.5170 2.0168 0.9272
-14.8854 20.2264 2.6967 0.9039
-17.2769 20.2532 2.8586 0.8984
-18.5871 20.2680 2.9530 0.8953
-21.3845 20.1957 3.1585 0.8884
-23.9179 19.5401 3.3165 0.8832
-13.0594 9.9092 1.7603 0.9362
-27.8310 19.5840 3.6543 0.8721
-30.2494 19.7011 3.8764 0.8648
-38.8393 19.7074 4.6768 0.8393
-28.8623 6.3999 3.1746 0.8879
-28.5751 5.2677 3.1201 0.8897
-30.6051 -26.5939 4.3538 0.8495
-17.3708 -17.4334 2.6427 0.9057
-16.0171 -17.2729 2.5295 0.9096
-15.0100 -17.4002 2.4676 0.9117
-11.0619 -17.3285 2.2076 0.9206
-9.4891 -17.5218 2.1397 0.9230
-7.8489 -17.3645 2.0463 0.9262
-7.1355 -17.4274 2.0222 0.9270
-4.3839 -17.5349 1.9409 0.9299
-3.0469 -17.4183 1.8988 0.9313
-1.7908 -17.6081 1.9005 0.9313
-1.1431 -17.4397 1.8767 0.9321
-0.5156 -17.4467 1.8743 0.9322
0.7460 -17.6365 1.8955 0.9314
2.0018 -17.4699 1.8882 0.9317
2.6496 -17.5322 1.9040 0.9312
3.9447 -17.4917 1.9255 0.9304
5.9900 -17.5146 1.9877 0.9282
8.2809 -17.7160 2.0999 0.9243
8.9838 -17.5482 2.1169 0.9238
9.7994 -17.5573 2.1591 0.9223
10.7565 -17.7437 2.2281 0.9199
11.5380 -17.5768 2.2578 0.9189
10.8362 -12.2432 1.7557 0.9363
28.8586 9.0140 3.2465 0.8855
43.8608 22.9621 5.3162 0.8194
34.3675 23.0114 4.4413 0.8467
31.9193 26.7618 4.4728 0.8457
31.0542 27.9951 4.4897 0.8452
8.3179 8.0583 1.2436 0.9545
29.6809 30.8960 4.6006 0.8417
6.4891 7.8061 1.0900 0.9600
6.0745 7.8655 1.0672 0.9608
9.3522 15.2574 1.9217 0.9305
16.7684 29.6991 3.6624 0.8718
4.8709 9.4002 1.1369 0.9583
4.1604 9.6709 1.1305 0.9585
7.7447 25.1658 2.8274 0.8995
7.0824 26.3433 2.9292 0.8961
6.5925 28.5760 3.1491 0.8887
3.2622 20.8893 2.2703 0.9185
1.6163 19.4045 2.0909 0.9247
0.1107 9.8098 1.0535 0.9613
-1.6285 26.8719 2.8908 0.8974
-2.5978 26.8545 2.8971 0.8971
-3.8778 29.1302 3.1556 0.8885
-5.7758 20.3950 2.2762 0.9183
-6.4906 20.1323 2.2714 0.9184
-9.8808 20.1703 2.4118 0.9136
-10.7970 20.1735 2.4570 0.9121
-11.6636 20.0293 2.4889 0.9110
-12.7571 20.2025 2.5657 0.9084
-18.6098 20.2682 2.9547 0.8952
-23.3204 20.4662 3.3318 0.8827
-13.0682 9.9035 1.7607 0.9362
-27.8673 19.5844 3.6575 0.8719
-32.8578 19.7304 4.1156 0.8571
-35.5951 19.6710 4.3671 0.8491
-38.8986 19.7081 4.6825 0.8391
-28.8573 6.3805 3.1736 0.8879
-28.5723 5.2494 3.1195 0.8897
-19.1064 -11.3609 2.3870 0.9145
-19.1242 -13.3170 2.5024 0.9105
-30.6056 -26.6267 4.3562 0.8494
-17.3500 -17.4337 2.6411 0.9058
-15.9979 -17.2732 2.5281 0.9096
-15.0051 -17.4158 2.4685 0.9117
-12.8697 -17.3082 2.3161 0.9169
-12.0315 -17.4565 2.2766 0.9182
-11.0473 -17.3287 2.2068 0.9207
-10.1971 -17.3382 2.1599 0.9223
-9.4755 -17.5219 2.1390 0.9230
-8.5954 -17.3562 2.0798 0.9250
-7.8364 -17.3646 2.0457 0.9262
-7.1233 -17.4276 2.0217 0.9271
-5.6892 -17.3887 1.9646 0.9290
-5.0145 -17.4192 1.9465 0.9297
-3.0361 -17.4185 1.8986 0.9313
-1.7801 -17.6082 1.9004 0.9313
-0.5051 -17.4468 1.8743 0.9322
0.1228 -17.6295 1.8931 0.9315
0.7566 -17.6366 1.8956 0.9314
1.3790 -17.4679 1.8816 0.9319
2.0125 -17.4701 1.8884 0.9317
2.6604 -17.5323 1.9042 0.9311
6.0578 31.2579 2.6953 0.8800
3.2745 20.8852 1.7895 0.9186
1.2753 15.2004 1.2913 0.9406
-0.2355 9.8036 0.8301 0.9614
-1.6148 26.9153 2.2826 0.8974
-5.1110 20.9340 1.8242 0.9171
-7.2471 20.0284 1.8030 0.9181
-10.7247 20.0675 1.9261 0.9127
-11.6473 20.0291 1.9614 0.9112
-13.7857 20.2141 2.0712 0.9064
-14.8854 20.2264 2.1259 0.9041
-17.2768 20.2532 2.2535 0.8986
-19.8282 20.1208 2.3914 0.8928
-21.4935 20.2988 2.5026 0.8881
-24.6238 21.6364 2.7748 0.8767
-13.0403 9.8947 1.3857 0.9364
-35.5434 19.6705 3.4389 0.8495
-38.8393 19.7074 3.6869 0.8396
-28.5304 5.2595 2.4559 0.8901
-17.3707 -17.4334 2.0833 0.9059
-16.0171 -17.2729 1.9941 0.9098
-15.0100 -17.4002 1.9453 0.9119
-12.8857 -17.3081 1.8266 0.9170
-11.0619 -17.3285 1.7403 0.9208
-10.2110 -17.3380 1.7033 0.9224
-7.8489 -17.3645 1.6131 0.9264
-7.1667 -17.5036 1.6011 0.9269
-6.3979 -17.3808 1.5678 0.9283
-5.7007 -17.3886 1.5491 0.9292
-5.0192 -17.3962 1.5327 0.9299
-4.3511 -17.4037 1.5186 0.9305
-3.0469 -17.4183 1.4969 0.9315
-2.4071 -17.4255 1.4891 0.9318
-1.7730 -17.4326 1.4833 0.9321
-0.5156 -17.4467 1.4776 0.9323
0.7385 -17.4608 1.4794 0.9322
1.3684 -17.4678 1.4832 0.9321
2.6413 -17.4771 1.4963 0.9315
3.9447 -17.4917 1.5179 0.9305
4.6124 -17.4992 1.5320 0.9299
5.2934 -17.5068 1.5483 0.9292
5.9900 -17.5146 1.5670 0.9284
7.4398 -17.5309 1.6121 0.9264
8.2809 -17.7160 1.6555 0.9245
8.9838 -17.5482 1.6689 0.9239
10.7565 -17.7437 1.7565 0.9201
11.5380 -17.5768 1.7799 0.9191
10.8357 -12.2425 1.3840 0.9365
46.8558 7.5194 4.0172 0.8265
46.8540 9.2555 4.0430 0.8255
28.8839 6.7916 2.5118 0.8877
43.8608 22.9621 4.1910 0.8198
40.5649 23.1289 3.9529 0.8291
37.2010 23.0187 3.7033 0.8389
34.4513 23.0676 3.5098 0.8467
33.5170 24.2288 3.5010 0.8470
32.6904 25.4670 3.5080 0.8467
31.9193 26.7618 3.5260 0.8460
8.3171 8.0575 0.9803 0.9546
29.7350 30.9523 3.6334 0.8417
28.1187 33.8257 3.7236 0.8381
6.4957 9.7901 0.9946 0.9539
9.3305 15.2219 1.5114 0.9308
16.7684 29.6991 2.8872 0.8720
4.0263 9.3591 0.8625 0.9599
3.7650 9.6966 0.8805 0.9591
7.0620 26.2673 2.3026 0.8966
1.2655 15.1927 1.2906 0.9406
0.9689 20.5138 1.7385 0.9209
-0.2415 9.8071 0.8304 0.9614
-3.8778 29.1302 2.4877 0.8887
-4.0714 23.9697 2.0582 0.9070
-5.1218 20.9235 1.8235 0.9172
-5.7512 20.3080 1.7867 0.9188
-7.2608 20.0286 1.8034 0.9180
-8.0439 19.9253 1.8190 0.9174
-8.9431 20.0474 1.8583 0.9157
-11.6636 20.0293 1.9621 0.9112
-14.9044 20.2266 2.1269 0.9041
-15.9374 20.0772 2.1700 0.9022
-17.2981 20.2535 2.2547 0.8986
-24.6380 21.6226 2.7750 0.8767
-13.0491 9.8890 1.3860 0.9364
-27.3553 19.2245 2.8304 0.8744
-29.5952 19.2496 2.9886 0.8679
-32.1040 19.2778 3.1700 0.8604
-38.8986 19.7081 3.6914 0.8394
-42.7218 19.7510 3.9843 0.8278
-28.5288 5.2414 2.4555 0.8901
-30.5952 -26.6177 3.4329 0.8498
-13.8529 -17.2972 1.8760 0.9149
-12.0315 -17.4565 1.7947 0.9184
-9.4755 -17.5219 1.6863 0.9231
-7.8364 -17.3646 1.6127 0.9264
-7.1544 -17.5038 1.6007 0.9269
-6.3860 -17.3809 1.5675 0.9284
-3.6833 -17.4112 1.5065 0.9311
-0.5051 -17.4468 1.4775 0.9323
0.1216 -17.4539 1.4776 0.9323
2.0124 -17.4701 1.4887 0.9318
7.0939 26.3228 1.6905 0.8965
6.0643 31.2916 1.9765 0.8801
1.6337 19.4725 1.2117 0.9247
-0.2352 9.7906 0.6073 0.9615
-2.5781 26.8195 1.6708 0.8976
-3.8545 29.0886 1.8196 0.8891
-4.0094 23.6911 1.4900 0.9082
-4.4906 21.7556 1.3775 0.9148
-6.4300 19.9854 1.3019 0.9193
-8.0555 19.9888 1.3364 0.9173
-13.7086 20.1009 1.5087 0.9071
-14.8021 20.1132 1.5486 0.9048
-17.1801 20.1398 1.6415 0.8993
-19.7650 20.0568 1.7462 0.8933
-21.3732 20.1851 1.8230 0.8889
-24.7113 21.7133 2.0399 0.8765
-19.6209 16.0296 1.5711 0.9034
-13.0213 9.8803 1.0136 0.9366
-35.1045 19.4275 2.4880 0.8515
-38.3596 19.4640 2.6674 0.8416
-30.1930 13.9807 2.0633 0.8752
-17.1977 -17.2597 1.5109 0.9070
-16.0171 -17.2729 1.4607 0.9099
-13.8698 -17.2970 1.3748 0.9150
-12.8857 -17.3081 1.3381 0.9172
-10.9657 -17.1777 1.2637 0.9216
-7.7948 -17.2447 1.1735 0.9270
-7.0640 -17.2529 1.1561 0.9280
-6.3422 -17.2296 1.1385 0.9291
-3.6943 -17.4111 1.1037 0.9312
-1.7730 -17.4326 1.0866 0.9322
-1.1431 -17.4397 1.0838 0.9324
0.1111 -17.4537 1.0823 0.9324
0.7385 -17.4608 1.0837 0.9324
2.6413 -17.4771 1.0961 0.9316
3.9447 -17.4917 1.1119 0.9307
5.2409 -17.3330 1.1229 0.9300
5.9285 -17.3348 1.1361 0.9292
7.3884 -17.4098 1.1728 0.9270
8.1271 -17.3867 1.1901 0.9260
8.9056 -17.3955 1.2118 0.9247
9.7141 -17.4045 1.2360 0.9232
10.6493 -17.5669 1.2739 0.9210
10.8349 -12.2417 1.0137 0.9366
46.8457 9.2539 2.9610 0.8258
40.5649 23.1289 2.8956 0.8293
37.2296 23.0364 2.7148 0.8391
33.5170 24.2288 2.5646 0.8473
31.0542 27.9952 2.5927 0.8457
16.7684 29.6991 2.1149 0.8722
5.0079 10.5776 0.7257 0.9542
4.6126 10.7219 0.7238 0.9543
3.7620 9.6888 0.6445 0.9592
8.4296 24.2573 1.5925 0.9022
7.0824 26.3432 1.6916 0.8964
3.2611 20.8820 1.3106 0.9188
1.6214 19.4655 1.2112 0.9247
0.1104 9.7785 0.6064 0.9616
-2.5978 26.8545 1.6730 0.8975
-3.8778 29.1302 1.8223 0.8889
-4.5017 21.7429 1.3769 0.9149
-6.4439 19.9874 1.3022 0.9193
-7.2857 20.0973 1.3256 0.9179
-8.0696 19.9890 1.3367 0.9172
-8.8927 19.9345 1.3536 0.9162
-10.7511 20.0877 1.4128 0.9127
-9.8032 16.8345 1.2080 0.9249
-12.6144 19.9766 1.4651 0.9097
-13.7265 20.1011 1.5094 0.9071
-18.5055 20.1547 1.6967 0.8961
-19.7891 20.0570 1.7472 0.8932
-24.7255 21.6994 2.0400 0.8765
-19.7056 16.0791 1.5771 0.9031
-13.0300 9.8745 1.0138 0.9366
-17.1772 -17.2599 1.5100 0.9070
-15.9979 -17.2732 1.4599 0.9100
-13.8529 -17.2972 1.3742 0.9150
-11.9365 -17.3187 1.3043 0.9192
-7.0519 -17.2530 1.1558 0.9280
-6.3305 -17.2297 1.1383 0.9291
-4.9612 -17.2340 1.1121 0.9306
-3.6833 -17.4112 1.1036 0.9312
-3.0361 -17.4185 1.0964 0.9316
-2.3964 -17.4256 1.0907 0.9319
-1.7624 -17.4327 1.0865 0.9322
-0.5051 -17.4468 1.0823 0.9324
1.3790 -17.4679 1.0866 0.9322
2.0124 -17.4701 1.0905 0.9319
7.0939 26.3228 1.0750 0.8966
6.0643 31.2916 1.2568 0.8802
2.3915 19.8987 0.7903 0.9229
0.1161 9.7664 0.3851 0.9617
-1.6181 26.9702 1.0654 0.8975
-2.5781 26.8195 1.0624 0.8978
-3.2443 24.4840 0.9739 0.9059
-3.5676 21.0804 0.8430 0.9180
-4.2088 20.3900 0.8209 0.9200
-4.8187 19.7369 0.8011 0.9219
-6.0633 18.8455 0.7806 0.9238
-8.6643 19.4542 0.8397 0.9183
-10.0483 18.8019 0.8406 0.9182
-10.9649 18.8556 0.8601 0.9164
-12.9442 18.9801 0.9059 0.9121
-15.1683 19.1320 0.9627 0.9069
-19.1461 19.4287 1.0756 0.8966
-29.7370 19.3674 1.3993 0.8676
-35.1045 19.4275 1.5820 0.8516
-32.2992 5.9542 1.2951 0.8768
-17.1977 -17.2597 0.9607 0.9071
-16.0171 -17.2729 0.9289 0.9100
-13.8698 -17.2970 0.8742 0.9151
-12.8857 -17.3081 0.8508 0.9172
-10.2110 -17.3380 0.7934 0.9226
-8.6083 -17.3560 0.7639 0.9254
-7.1354 -17.4274 0.7426 0.9274
-5.7008 -17.3886 0.7216 0.9294
-3.6943 -17.4111 0.7018 0.9312
-3.0469 -17.4183 0.6973 0.9317
-2.4313 -17.6009 0.7006 0.9313
-1.1431 -17.4397 0.6891 0.9324
-0.5156 -17.4467 0.6882 0.9325
0.1114 -17.5087 0.6904 0.9323
1.3684 -17.4678 0.6909 0.9323
2.0018 -17.4699 0.6934 0.9320
3.2987 -17.5394 0.7037 0.9310
3.9447 -17.4917 0.7070 0.9307
5.3251 -17.6115 0.7255 0.9290
5.9772 -17.4772 0.7283 0.9287
6.6742 -17.4431 0.7364 0.9280
7.4398 -17.5309 0.7509 0.9266
8.2809 -17.7160 0.7711 0.9247
9.7994 -17.5573 0.7928 0.9227
10.7295 -17.6993 0.8161 0.9205
10.8337 -12.2403 0.6445 0.9367
37.7792 10.3275 1.5443 0.8549
31.1405 14.9038 1.3613 0.8709
43.4968 22.7715 1.9359 0.8216
33.2686 24.0492 1.6187 0.8485
31.7993 26.6611 1.6363 0.8469
31.0507 27.9920 1.6484 0.8459
8.3149 8.0554 0.4565 0.9547
28.7223 32.1314 1.6994 0.8415
27.9103 33.5749 1.7216 0.8396
6.0104 9.0586 0.4287 0.9574
4.9227 11.4428 0.4912 0.9514
7.7447 25.1658 1.0382 0.9000
6.0424 31.2793 1.2562 0.8803
2.3785 19.8914 0.7899 0.9229
1.6214 19.4655 0.7702 0.9248
0.9689 20.5138 0.8098 0.9211
-0.2409 9.7812 0.3858 0.9616
-2.5978 26.8545 1.0638 0.8976
-3.2591 24.4821 0.9739 0.9059
-4.8287 19.7262 0.8008 0.9219
-5.4109 19.1063 0.7830 0.9236
-8.0696 19.9890 0.8500 0.9173
-14.0399 19.0535 0.9332 0.9096
-15.1882 19.1334 0.9633 0.9068
-17.7397 19.3206 1.0343 0.9003
-19.1711 19.4306 1.0763 0.8965
-20.9900 19.7993 1.1378 0.8909
-24.7255 21.6994 1.2972 0.8766
-19.7056 16.0791 1.0029 0.9032
-29.7769 19.3678 1.4006 0.8675
-32.2541 19.3679 1.4835 0.8602
-38.4182 19.4647 1.6982 0.8416
-29.9891 13.8644 1.3028 0.8761
-32.3122 5.9365 1.2954 0.8768
-17.1772 -17.2600 0.9602 0.9071
-13.8529 -17.2972 0.8738 0.9151
-11.9365 -17.3187 0.8294 0.9192
-7.8364 -17.3646 0.7512 0.9266
-6.3860 -17.3809 0.7301 0.9286
-5.6892 -17.3887 0.7214 0.9294
-5.0145 -17.4192 0.7147 0.9300
-4.3659 -17.5079 0.7115 0.9303
-3.6833 -17.4112 0.7017 0.9312
-3.0361 -17.4185 0.6972 0.9317
-1.7801 -17.6082 0.6978 0.9316
-1.1325 -17.4398 0.6891 0.9324
-0.5051 -17.4468 0.6882 0.9325
6.0643 31.2916 0.5384 0.8803
3.2728 20.8743 0.3569 0.9189
2.3915 19.8987 0.3385 0.9230
0.1159 9.7509 0.1647 0.9617
-0.2346 9.7648 0.1650 0.9617
-2.5781 26.8195 0.4551 0.8978
-3.4555 20.4183 0.3498 0.9205
-4.0874 19.8021 0.3415 0.9223
-4.6909 19.2136 0.3341 0.9239
-5.2694 18.6496 0.3274 0.9254
-6.6521 18.3841 0.3302 0.9248
-7.4083 18.3828 0.3348 0.9238
-9.9478 18.6138 0.3565 0.9190
-12.6558 20.0688 0.4008 0.9094
-12.7163 18.6459 0.3812 0.9137
-13.7298 18.6562 0.3913 0.9115
-14.8006 18.6682 0.4024 0.9091
-17.1441 18.6945 0.4285 0.9035
-20.5973 19.4523 0.4786 0.8928
-21.1109 18.5497 0.4747 0.8937
-19.6944 16.0897 0.4296 0.9033
-29.7370 19.3674 0.5995 0.8676
-32.2538 19.3942 0.6356 0.8602
-32.3129 5.9567 0.5550 0.8768
-30.5640 -26.5581 0.6840 0.8505
-17.2518 -17.3141 0.4129 0.9068
-13.8698 -17.2970 0.3745 0.9151
-12.8857 -17.3081 0.3645 0.9173
-11.9894 -17.3731 0.3566 0.9190
-10.2110 -17.3380 0.3399 0.9227
-9.4891 -17.5218 0.3366 0.9234
-7.8489 -17.3645 0.3219 0.9266
-7.1354 -17.4274 0.3181 0.9274
-6.3979 -17.3808 0.3129 0.9286
-4.3771 -17.5077 0.3048 0.9303
-3.6943 -17.4111 0.3007 0.9313
-3.0469 -17.4183 0.2987 0.9317
-1.7908 -17.6081 0.2990 0.9316
-1.1431 -17.4397 0.2952 0.9325
-0.5156 -17.4467 0.2948 0.9326
0.1114 -17.5087 0.2958 0.9324
1.3684 -17.4678 0.2960 0.9323
3.2987 -17.5394 0.3015 0.9311
4.6124 -17.4992 0.3057 0.9302
5.3251 -17.6115 0.3108 0.9290
5.9772 -17.4772 0.3120 0.9288
7.4398 -17.5309 0.3217 0.9266
8.2809 -17.7160 0.3303 0.9247
10.7565 -17.7437 0.3505 0.9203
11.5380 -17.5768 0.3552 0.9193
10.8325 -12.2390 0.2761 0.9367
37.5471 23.2329 0.7458 0.8381
33.2685 24.0492 0.6934 0.8486
32.5379 25.3481 0.6967 0.8479
31.0507 27.9920 0.7062 0.8460
29.5146 30.7229 0.7196 0.8433
27.9103 33.5749 0.7375 0.8397
25.9973 33.6623 0.7185 0.8435
6.2940 8.7844 0.1825 0.9577
5.3953 9.5558 0.1854 0.9570
4.7758 10.0875 0.1885 0.9563
3.7620 9.6888 0.1756 0.9593
3.2600 20.8748 0.3568 0.9190
2.3785 19.8914 0.3384 0.9230
1.6214 19.4655 0.3299 0.9248
-1.6339 26.9613 0.4563 0.8976
-2.8028 21.0547 0.3588 0.9185
-7.4212 18.3828 0.3349 0.9238
-10.8451 18.6238 0.3640 0.9174
-12.6560 20.0425 0.4004 0.9095
-14.8191 18.6684 0.4026 0.9091
-17.1650 18.6947 0.4287 0.9035
-18.4593 18.7092 0.4440 0.9002
-12.9923 9.8459 0.2753 0.9369
-27.6194 19.4102 0.5702 0.8737
-32.2541 19.3679 0.6355 0.8603
-35.1556 19.4281 0.6785 0.8516
-38.4182 19.4647 0.7275 0.8417
-42.1941 19.5070 0.7852 0.8303
-32.3259 5.9390 0.5552 0.8768
-17.2313 -17.3143 0.4126 0.9069
-15.0051 -17.4158 0.3883 0.9121
-13.8529 -17.2972 0.3743 0.9152
-11.0473 -17.3287 0.3471 0.9211
-10.1971 -17.3382 0.3398 0.9227
-9.4755 -17.5219 0.3365 0.9234
-8.5954 -17.3561 0.3272 0.9254
-7.8364 -17.3646 0.3218 0.9266
-6.3861 -17.3809 0.3128 0.9286
-5.6892 -17.3887 0.3090 0.9294
-5.0145 -17.4192 0.3062 0.9301
-4.3659 -17.5079 0.3048 0.9304
-3.0361 -17.4185 0.2987 0.9317
0.1220 -17.5088 0.2958 0.9323
0.7514 -17.5159 0.2961 0.9323
2.0125 -17.4701 0.2971 0.9321
7.7554 25.1468 -0.1482 0.9001
7.0939 26.3228 -0.1535 0.8967
6.0643 31.2916 -0.1795 0.8803
2.3915 19.8987 -0.1128 0.9230
0.1158 9.7356 -0.0548 0.9618
-0.2343 9.7520 -0.0549 0.9617
-1.6181 26.9702 -0.1521 0.8976
-4.0094 23.6911 -0.1353 0.9084
-4.4964 21.7837 -0.1252 0.9149
-5.7959 20.5130 -0.1200 0.9183
-9.9340 20.3101 -0.1273 0.9135
-10.8599 20.3205 -0.1297 0.9120
-12.5975 19.9764 -0.1330 0.9099
-17.3763 20.3699 -0.1507 0.8984
-18.6941 20.3846 -0.1557 0.8953
-19.7650 20.0568 -0.1585 0.8935
-21.6427 20.4396 -0.1676 0.8877
-19.6944 16.0897 -0.1432 0.9033
-27.5624 19.3950 -0.1898 0.8739
-32.2538 19.3942 -0.2119 0.8602
-35.1045 19.4275 -0.2259 0.8517
-42.1259 19.5063 -0.2614 0.8305
-32.3266 5.9593 -0.1851 0.8768
-17.3707 -17.4334 -0.1386 0.9062
-12.8857 -17.3081 -0.1215 0.9173
-11.9894 -17.3731 -0.1188 0.9190
-10.2110 -17.3380 -0.1133 0.9227
-9.4891 -17.5218 -0.1122 0.9234
-7.8489 -17.3645 -0.1073 0.9266
-5.0140 -17.3782 -0.1018 0.9302
-3.6943 -17.4111 -0.1002 0.9313
-1.7908 -17.6081 -0.0996 0.9317
-1.1431 -17.4397 -0.0984 0.9325
-0.5156 -17.4467 -0.0983 0.9326
2.0018 -17.4699 -0.0990 0.9321
2.6679 -17.6530 -0.1005 0.9311
5.3251 -17.6115 -0.1036 0.9290
5.9772 -17.4772 -0.1040 0.9288
6.6742 -17.4431 -0.1051 0.9280
7.4398 -17.5309 -0.1072 0.9267
8.9838 -17.5482 -0.1110 0.9242
9.7994 -17.5573 -0.1132 0.9227
11.5380 -17.5768 -0.1184 0.9193
10.8313 -12.2376 -0.0920 0.9367
29.8968 -15.8396 -0.1905 0.8734
38.3134 10.4735 -0.2236 0.8531
40.7716 23.2467 -0.2642 0.8288
31.9092 26.7533 -0.2344 0.8466
29.6354 30.8486 -0.2408 0.8427
28.8398 32.2629 -0.2436 0.8411
28.0245 33.7123 -0.2468 0.8392
5.7075 9.3112 -0.0615 0.9573
5.4042 9.5716 -0.0619 0.9570
5.0966 9.8356 -0.0624 0.9567
4.9184 11.4327 -0.0701 0.9514
7.7446 25.1658 -0.1482 0.9000
7.0824 26.3432 -0.1536 0.8966
3.2594 20.8712 -0.1189 0.9190
2.3785 19.8914 -0.1128 0.9230
0.9689 20.5138 -0.1156 0.9211
0.1099 9.7322 -0.0548 0.9618
-2.5978 26.8545 -0.1519 0.8977
-5.1709 21.1242 -0.1224 0.9167
-6.5357 20.2720 -0.1199 0.9183
-7.3523 20.2811 -0.1215 0.9173
-8.0439 19.9253 -0.1210 0.9176
-10.8757 20.3206 -0.1298 0.9119
-11.6265 19.9655 -0.1301 0.9117
-12.6144 19.9766 -0.1330 0.9098
-13.8995 20.3545 -0.1388 0.9061
-15.8866 20.0133 -0.1439 0.9028
-17.3978 20.3701 -0.1508 0.8984
-18.7169 20.3849 -0.1558 0.8952
-19.7891 20.0570 -0.1586 0.8934
-21.6692 20.4399 -0.1677 0.8877
-12.9735 9.8317 -0.0917 0.9370
-27.6050 19.4000 -0.1900 0.8737
-29.7769 19.3678 -0.2000 0.8675
-32.2541 19.3679 -0.2119 0.8603
-35.1555 19.4281 -0.2261 0.8516
-38.4182 19.4647 -0.2425 0.8417
-42.1942 19.5070 -0.2617 0.8303
-15.9979 -17.2732 -0.1326 0.9101
-15.0051 -17.4158 -0.1294 0.9121
-6.3860 -17.3809 -0.1043 0.9286
-5.6892 -17.3887 -0.1030 0.9294
-5.0145 -17.4192 -0.1021 0.9301
-4.3659 -17.5079 -0.1016 0.9304
-1.7801 -17.6082 -0.0996 0.9317
0.1220 -17.5088 -0.0986 0.9324
2.0124 -17.4701 -0.0990 0.9321
2.6788 -17.6532 -0.1005 0.9311
7.7554 25.1468 -0.7410 0.9001
2.3915 19.8987 -0.5643 0.9229
1.6337 19.4725 -0.5502 0.9248
0.9481 19.8213 -0.5588 0.9237
0.1156 9.7202 -0.2737 0.9618
-4.4964 21.7836 -0.6263 0.9148
-5.1600 21.1348 -0.6126 0.9166
-9.0411 20.3000 -0.6257 0.9149
-9.9340 20.3101 -0.6366 0.9135
-11.6473 20.0291 -0.6524 0.9115
-13.8814 20.3543 -0.6937 0.9061
-15.9175 20.0770 -0.7214 0.9026
-17.3763 20.3699 -0.7539 0.8984
-18.6941 20.3847 -0.7788 0.8952
-21.6427 20.4396 -0.8382 0.8877
-24.7113 21.7133 -0.9263 0.8767
-19.6944 16.0897 -0.7161 0.9032
-32.2538 19.3942 -1.0598 0.8602
-35.1045 19.4275 -1.1297 0.8517
-38.3596 19.4640 -1.2112 0.8419
-32.3404 5.9618 -0.9260 0.8767
-16.0171 -17.2729 -0.6633 0.9100
-13.8698 -17.2970 -0.6243 0.9151
-11.0619 -17.3285 -0.5789 0.9210
-10.2110 -17.3380 -0.5666 0.9226
-7.8489 -17.3645 -0.5366 0.9266
-7.1846 -17.5476 -0.5339 0.9269
-6.3979 -17.3808 -0.5215 0.9286
-5.0140 -17.3782 -0.5093 0.9302
-4.3771 -17.5077 -0.5082 0.9303
-3.6943 -17.4111 -0.5012 0.9313
-3.0469 -17.4183 -0.4979 0.9317
-1.7908 -17.6081 -0.4984 0.9316
-1.1431 -17.4397 -0.4921 0.9325
0.1122 -17.6294 -0.4964 0.9319
1.3684 -17.4678 -0.4934 0.9323
2.0018 -17.4699 -0.4951 0.9321
5.3251 -17.6115 -0.5181 0.9290
8.2809 -17.7160 -0.5506 0.9247
8.9838 -17.5482 -0.5551 0.9241
9.7994 -17.5573 -0.5662 0.9227
10.7565 -17.7437 -0.5843 0.9203
11.5380 -17.5768 -0.5920 0.9193
10.8301 -12.2363 -0.4601 0.9367
36.0973 8.4876 -1.0441 0.8621
37.0398 10.1254 -1.0812 0.8576
40.7716 23.2467 -1.3215 0.8288
37.5841 23.2558 -1.2445 0.8379
34.8185 23.3134 -1.1799 0.8456
34.0854 24.6397 -1.1843 0.8451
31.1778 28.1066 -1.1820 0.8454
8.3117 8.0522 -0.3259 0.9547
29.6354 30.8486 -1.2045 0.8427
16.7684 29.6991 -0.9603 0.8724
4.9015 11.3935 -0.3492 0.9516
8.3587 24.0532 -0.7170 0.9031
7.7447 25.1658 -0.7414 0.9000
7.0824 26.3432 -0.7681 0.8966
6.0424 31.2793 -0.8970 0.8803
3.2434 20.7687 -0.5919 0.9193
1.6214 19.4655 -0.5500 0.9248
0.9358 19.8144 -0.5585 0.9237
0.1097 9.7168 -0.2736 0.9619
-1.6339 26.9613 -0.7606 0.8976
-2.5978 26.8545 -0.7597 0.8977
-3.8778 29.1302 -0.8275 0.8891
-4.0714 23.9697 -0.6846 0.9073
-4.5078 21.7725 -0.6261 0.9149
-7.3523 20.2811 -0.6074 0.9173
-8.0696 19.9890 -0.6070 0.9174
-9.0558 20.3002 -0.6259 0.9149
-9.9493 20.3102 -0.6368 0.9135
-10.8757 20.3206 -0.6490 0.9119
-15.0078 20.3670 -0.7124 0.9037
-15.9374 20.0772 -0.7218 0.9025
-17.3978 20.3701 -0.7543 0.8983
-18.7169 20.3849 -0.7792 0.8952
-19.7056 16.0791 -0.7161 0.9032
-12.9548 9.8175 -0.4577 0.9370
-27.5862 19.3868 -0.9494 0.8738
-29.7769 19.3678 -1.0002 0.8675
-32.2541 19.3679 -1.0594 0.8602
-35.1555 19.4281 -1.1310 0.8515
-42.1942 19.5070 -1.3089 0.8303
-32.3534 5.9441 -0.9262 0.8767
-19.0473 -17.8120 -0.7343 0.9009
-13.8529 -17.2972 -0.6240 0.9151
-12.0315 -17.4565 -0.5970 0.9187
-11.0473 -17.3287 -0.5787 0.9211
-10.1971 -17.3382 -0.5664 0.9227
-8.5954 -17.3561 -0.5454 0.9254
-7.1724 -17.5477 -0.5338 0.9269
-6.3860 -17.3809 -0.5214 0.9286
-5.0145 -17.4192 -0.5104 0.9300
-3.0361 -17.4185 -0.4979 0.9317
-1.7801 -17.6082 -0.4983 0.9316
-1.1325 -17.4398 -0.4921 0.9325
-0.5051 -17.4468 -0.4915 0.9325
1.3790 -17.4679 -0.4934 0.9323
2.6788 -17.6532 -0.5028 0.9310
7.0543 26.1761 -1.3749 0.8971
11.1175 48.0585 -2.5016 0.8207
2.3915 19.8987 -1.0164 0.9229
1.6337 19.4725 -0.9910 0.9247
0.1154 9.7049 -0.4922 0.9619
-1.6181 26.9702 -1.3702 0.8974
-3.8211 28.8367 -1.4752 0.8900
-5.1600 21.1348 -1.1033 0.9166
-6.5222 20.2718 -1.0800 0.9182
-7.3385 20.2810 -1.0938 0.9172
-8.0555 19.9888 -1.0929 0.9173
-11.6473 20.0291 -1.1750 0.9114
-12.8283 20.3425 -1.2197 0.9082
-14.9887 20.3667 -1.2824 0.9037
-15.9175 20.0770 -1.2994 0.9025
-17.3763 20.3699 -1.3578 0.8983
-18.6941 20.3846 -1.4027 0.8951
-12.9275 9.8091 -0.8230 0.9371
-27.5303 19.3724 -1.7072 0.8739
-29.7369 19.3674 -1.7997 0.8675
-38.3596 19.4640 -2.1815 0.8417
-43.8991 18.4436 -2.4148 0.8264
-44.4106 16.8095 -2.4082 0.8268
-44.8607 15.1621 -2.4015 0.8272
-46.1464 6.8042 -2.3656 0.8296
-46.1938 3.4514 -2.3492 0.8307
-46.2880 1.7908 -2.3492 0.8307
-47.4485 -4.9985 -2.4196 0.8261
-48.5551 -8.6738 -2.5014 0.8207
-47.3411 -13.8439 -2.5014 0.8207
-46.8136 -15.5345 -2.5014 0.8207
-46.2257 -17.2050 -2.5014 0.8207
-45.5783 -18.8534 -2.5014 0.8207
-44.1080 -22.0752 -2.5014 0.8207
-43.2871 -23.6444 -2.5014 0.8207
-38.9551 -25.0656 -2.3492 0.8307
-30.9496 -25.0009 -2.0177 0.8527
-18.2862 -17.0795 -1.2690 0.9046
-17.0321 -17.0936 -1.2238 0.9079
-15.8960 -17.1424 -1.1856 0.9106
-13.8673 -17.2939 -1.1242 0.9150
-12.8857 -17.3081 -1.0943 0.9172
-11.0619 -17.3285 -1.0426 0.9210
-9.4891 -17.5218 -1.0105 0.9233
-8.6083 -17.3560 -0.9825 0.9253
-7.8489 -17.3645 -0.9664 0.9265
-6.3979 -17.3808 -0.9393 0.9285
-3.0469 -17.4183 -0.8968 0.9316
-2.4313 -17.6009 -0.9011 0.9313
-1.7908 -17.6081 -0.8976 0.9316
-0.5156 -17.4467 -0.8852 0.9325
0.1122 -17.6294 -0.8941 0.9318
2.0018 -17.4699 -0.8918 0.9320
2.6679 -17.6530 -0.9054 0.9310
3.9447 -17.4917 -0.9094 0.9307
4.6124 -17.4992 -0.9178 0.9301
5.3251 -17.6115 -0.9331 0.9290
5.9772 -17.4772 -0.9367 0.9287
7.4398 -17.5309 -0.9658 0.9266
8.9838 -17.5482 -0.9998 0.9241
10.7565 -17.7437 -1.0523 0.9203
28.1426 -39.6893 -2.4675 0.8229
29.5316 -35.8833 -2.3568 0.8302
10.8289 -12.2349 -0.8287 0.9367
35.2562 -34.4939 -2.5014 0.8207
36.4718 -33.2060 -2.5014 0.8207
37.6404 -31.8752 -2.5014 0.8207
39.8305 -29.0923 -2.5014 0.8207
40.8492 -27.6437 -2.5014 0.8207
41.8011 -26.1505 -2.5006 0.8208
42.2452 -22.3820 -2.4245 0.8257
43.0269 -17.1600 -2.3492 0.8307
43.6152 -15.6043 -2.3492 0.8307
46.3212 -12.9079 -2.4386 0.8248
47.9581 -11.5259 -2.5014 0.8207
48.3410 -9.7968 -2.5014 0.8207
48.6616 -8.0550 -2.5014 0.8207
48.9194 -6.3029 -2.5014 0.8207
49.2455 -2.7766 -2.5014 0.8207
49.3134 -1.0069 -2.5014 0.8207
49.3178 0.7641 -2.5014 0.8207
49.1359 4.3008 -2.5014 0.8207
48.9498 6.0621 -2.5014 0.8207
47.6183 7.6417 -2.4458 0.8244
45.4444 8.9771 -2.3492 0.8307
38.8818 9.1423 -2.0256 0.8522
36.0779 9.8624 -1.8968 0.8609
42.4861 20.3337 -2.3887 0.8281
40.3416 23.0015 -2.3551 0.8303
33.8838 24.4939 -2.1204 0.8458
8.3106 8.0512 -0.5868 0.9547
28.7223 32.1314 -2.1857 0.8415
27.9103 33.5749 -2.2142 0.8396
24.8896 32.2281 -2.0651 0.8495
19.5258 29.4285 -1.7911 0.8681
16.6999 29.5779 -1.7226 0.8728
15.9851 30.8487 -1.7620 0.8701
4.9015 11.3935 -0.6290 0.9515
9.2974 23.9453 -1.3027 0.9022
8.3529 24.0364 -1.2905 0.9031
7.7394 25.1488 -1.3344 0.9000
7.0429 26.1964 -1.3757 0.8970
6.0424 31.2793 -1.6156 0.8802
2.3785 19.8914 -1.0160 0.9229
0.1095 9.7015 -0.4920 0.9619
-1.6339 26.9613 -1.3698 0.8975
-2.5978 26.8545 -1.3683 0.8976
-4.5078 21.7725 -1.1276 0.9148
-5.8064 20.5028 -1.0807 0.9182
-6.5357 20.2720 -1.0802 0.9182
-8.0696 19.9890 -1.0932 0.9173
-10.8757 20.3206 -1.1689 0.9118
-11.6636 20.0293 -1.1754 0.9113
-13.8995 20.3545 -1.2500 0.9060
-15.9374 20.0772 -1.3000 0.9024
-18.7169 20.3849 -1.4035 0.8951
-19.8523 20.1211 -1.4335 0.8930
-12.9362 9.8034 -0.8232 0.9371
-42.1942 19.5070 -2.3575 0.8301
-44.8677 15.1344 -2.4014 0.8272
-33.0032 9.8277 -1.7464 0.8712
-46.2119 5.0983 -2.3578 0.8301
-46.1959 3.4236 -2.3492 0.8307
-46.2891 1.7630 -2.3492 0.8307
-46.2103 -3.2239 -2.3492 0.8307
-48.5499 -8.7031 -2.5014 0.8207
-48.2061 -10.4404 -2.5014 0.8207
-47.8003 -12.1642 -2.5014 0.8207
-45.5669 -18.8809 -2.5014 0.8207
-44.8597 -20.5046 -2.5014 0.8207
-44.0947 -22.1018 -2.5014 0.8207
-43.2728 -23.6705 -2.5014 0.8207
-42.3951 -25.2088 -2.5014 0.8207
-38.0142 -26.4708 -2.3492 0.8307
-37.0394 -27.8184 -2.3492 0.8307
-30.9120 -25.0015 -2.0163 0.8528
-29.7945 -25.9210 -2.0028 0.8537
-18.2644 -17.0797 -1.2682 0.9047
-17.0118 -17.0938 -1.2230 0.9079
-14.8389 -17.2228 -1.1529 0.9130
-13.8512 -17.2951 -1.1237 0.9151
-12.8697 -17.3082 -1.0938 0.9172
-12.0315 -17.4565 -1.0752 0.9186
-11.0473 -17.3287 -1.0422 0.9210
-10.1971 -17.3382 -1.0201 0.9226
-9.4755 -17.5219 -1.0102 0.9233
-7.8364 -17.3646 -0.9662 0.9265
-6.3860 -17.3809 -0.9391 0.9285
-5.0145 -17.4192 -0.9193 0.9300
-3.6833 -17.4112 -0.9025 0.9312
-3.0361 -17.4185 -0.8967 0.9316
-2.4205 -17.6010 -0.9010 0.9313
-1.7801 -17.6082 -0.8975 0.9316
-1.1325 -17.4398 -0.8863 0.9324
0.7566 -17.6366 -0.8953 0.9317
2.0124 -17.4701 -0.8918 0.9320
2.6788 -17.6532 -0.9055 0.9310
7.7122 25.0066 -1.9188 0.9004
7.5680 32.7145 -2.4620 0.8740
3.1717 20.2293 -1.5014 0.9212
2.3776 19.7826 -1.4609 0.9232
1.6242 19.3588 -1.4244 0.9250
0.9483 19.8258 -1.4553 0.9235
0.1152 9.6896 -0.7105 0.9619
-1.5233 25.3890 -1.8649 0.9030
-2.5781 26.8195 -1.9755 0.8976
-4.0094 23.6911 -1.7618 0.9081
-5.1600 21.1348 -1.5952 0.9164
-5.7959 20.5130 -1.5629 0.9181
-9.0410 20.3000 -1.6294 0.9147
-9.9340 20.3101 -1.6578 0.9133
-10.8599 20.3205 -1.6894 0.9117
-11.6102 19.9653 -1.6934 0.9115
-12.5975 19.9764 -1.7316 0.9096
-15.8668 20.0131 -1.8726 0.9026
-18.6941 20.3847 -2.0280 0.8950
-19.8282 20.1208 -2.0713 0.8929
-21.3210 20.1358 -2.1503 0.8890
-12.9088 9.7949 -1.1881 0.9371
-27.2009 17.7157 -2.3801 0.8779
-28.2822 15.6520 -2.3701 0.8784
-28.7668 14.5965 -2.3652 0.8786
-29.2105 13.5258 -2.3602 0.8789
-29.9749 11.3455 -2.3500 0.8794
-30.3529 10.2587 -2.3492 0.8794
-30.7016 9.1625 -2.3492 0.8794
-31.0108 8.0544 -2.3492 0.8794
-27.4634 6.0897 -2.0626 0.8933
-31.1990 5.7514 -2.3261 0.8805
-31.6970 4.6736 -2.3492 0.8794
-32.8765 3.6472 -2.4254 0.8758
-34.0206 2.5419 -2.5014 0.8721
-34.0899 1.3189 -2.5014 0.8721
-34.1153 0.0942 -2.5014 0.8721
-34.0967 -1.1305 -2.5014 0.8721
-33.9277 -3.5742 -2.5014 0.8721
-33.7775 -4.7898 -2.5014 0.8721
-33.5838 -5.9994 -2.5014 0.8721
-33.3468 -7.2011 -2.5014 0.8721
-33.0668 -8.3936 -2.5014 0.8721
-32.3793 -10.7446 -2.5014 0.8721
-31.9726 -11.9001 -2.5014 0.8721
-31.0364 -14.1636 -2.5014 0.8721
-28.1184 -15.3589 -2.3492 0.8794
-26.3041 -18.2930 -2.3492 0.8794
-25.6305 -19.2254 -2.3492 0.8794
-24.9237 -20.1333 -2.3492 0.8794
-19.0701 -17.8117 -1.9133 0.9006
-17.1977 -17.2597 -1.7865 0.9069
-13.8698 -17.2970 -1.6256 0.9149
-11.9518 -17.3185 -1.5429 0.9191
-11.0487 -17.3078 -1.5056 0.9209
-9.3600 -17.2835 -1.4412 0.9242
-8.5676 -17.2739 -1.4138 0.9256
-7.8044 -17.2660 -1.3893 0.9268
-6.3514 -17.2546 -1.3481 0.9289
-5.6556 -17.2509 -1.3311 0.9298
-5.0140 -17.3782 -1.3262 0.9300
-3.6596 -17.2475 -1.2928 0.9317
-3.0176 -17.2507 -1.2841 0.9322
-1.1321 -17.2718 -1.2691 0.9329
-0.5106 -17.2787 -1.2675 0.9330
3.2574 -17.3197 -1.2922 0.9318
4.5731 -17.3502 -1.3156 0.9306
5.9463 -17.3869 -1.3473 0.9290
6.6607 -17.4079 -1.3666 0.9280
8.1593 -17.4558 -1.4128 0.9256
8.9504 -17.4830 -1.4401 0.9242
9.7744 -17.5127 -1.4705 0.9227
11.5380 -17.5768 -1.5416 0.9191
19.7330 -27.8293 -2.5014 0.8721
10.8277 -12.2336 -1.1980 0.9366
23.5132 -24.7183 -2.5014 0.8721
25.2262 -22.9674 -2.5014 0.8721
26.0345 -22.0470 -2.5014 0.8721
26.8092 -21.0981 -2.5014 0.8721
27.5494 -20.1221 -2.5014 0.8721
28.2539 -19.1201 -2.5014 0.8721
28.3310 -17.7237 -2.4503 0.8746
28.3519 -16.3508 -2.3998 0.8770
31.6883 -12.6379 -2.5014 0.8721
32.1215 -11.4922 -2.5014 0.8721
32.5134 -10.3316 -2.5014 0.8721
32.8633 -9.1577 -2.5014 0.8721
33.1709 -7.9720 -2.5014 0.8721
33.8358 -4.3595 -2.5014 0.8721
34.0613 -1.9205 -2.5014 0.8721
33.8568 4.1929 -2.5014 0.8721
33.6844 5.4056 -2.5014 0.8721
33.4687 6.6114 -2.5014 0.8721
30.9057 8.4485 -2.3492 0.8794
29.3782 12.7852 -2.3492 0.8794
28.9003 13.8316 -2.3492 0.8794
28.4641 14.9016 -2.3558 0.8791
26.9097 18.0179 -2.3745 0.8782
26.3120 19.0204 -2.3805 0.8779
25.6759 20.0023 -2.3865 0.8776
24.2900 21.8973 -2.3979 0.8771
8.3095 8.0501 -0.8483 0.9547
21.9385 24.5425 -2.4137 0.8763
6.2945 8.7850 -0.7924 0.9576
6.3470 9.5660 -0.8417 0.9550
6.0435 9.8595 -0.8479 0.9547
16.3621 28.9795 -2.4401 0.8750
15.3343 29.5927 -2.4438 0.8749
7.7015 25.0256 -1.9199 0.9003
7.0429 26.1964 -1.9890 0.8969
7.5483 32.7194 -2.4621 0.8740
3.9975 20.6938 -1.5454 0.9189
3.1580 20.2216 -1.5007 0.9212
2.3646 19.7753 -1.4603 0.9232
1.6119 19.3519 -1.4238 0.9251
0.9361 19.8189 -1.4548 0.9235
-0.2393 9.7171 -0.7127 0.9618
-2.5978 26.8545 -1.9782 0.8974
-3.8443 28.8779 -2.1361 0.8897
-4.0103 23.6099 -1.7559 0.9084
-5.1709 21.1242 -1.5946 0.9165
-5.8063 20.5028 -1.5624 0.9181
-6.5357 20.2720 -1.5617 0.9181
-8.0439 19.9253 -1.5755 0.9174
-9.9493 20.3102 -1.6583 0.9133
-10.8757 20.3206 -1.6899 0.9117
-11.6264 19.9655 -1.6940 0.9115
-15.0078 20.3670 -1.8550 0.9035
-15.8866 20.0133 -1.8735 0.9026
-21.3471 20.1361 -2.1517 0.8890
-24.5921 21.5823 -2.3991 0.8770
-17.1822 14.0201 -1.6260 0.9149
-27.2104 17.6986 -2.3800 0.8779
-21.7461 13.0580 -1.8598 0.9033
-28.2907 15.6343 -2.3700 0.8784
-28.7745 14.5787 -2.3651 0.8786
-29.2176 13.5078 -2.3602 0.8789
-27.7429 11.6361 -2.2058 0.8863
-34.0221 2.5214 -2.5014 0.8721
-34.1154 0.0737 -2.5014 0.8721
-34.0960 -1.1511 -2.5014 0.8721
-34.0327 -2.3744 -2.5014 0.8721
-33.9255 -3.5946 -2.5014 0.8721
-33.7746 -4.8102 -2.5014 0.8721
-33.5802 -6.0196 -2.5014 0.8721
-33.0617 -8.4136 -2.5014 0.8721
-31.0278 -14.1823 -2.5014 0.8721
-30.4987 -15.2870 -2.5014 0.8721
-26.2931 -18.3089 -2.3492 0.8794
-24.9116 -20.1483 -2.3492 0.8794
-19.0473 -17.8119 -1.9121 0.9007
-17.1772 -17.2600 -1.7855 0.9070
-13.8529 -17.2972 -1.6249 0.9150
-12.8697 -17.3082 -1.5815 0.9171
-11.9365 -17.3187 -1.5422 0.9191
-11.0339 -17.3076 -1.5050 0.9210
-10.1714 -17.2945 -1.4711 0.9227
-9.3464 -17.2833 -1.4407 0.9242
-7.7918 -17.2658 -1.3889 0.9268
-7.0546 -17.2595 -1.3671 0.9279
-5.0145 -17.4192 -1.3291 0.9299
-4.3659 -17.5079 -1.3230 0.9302
-3.6487 -17.2475 -1.2926 0.9317
-2.3733 -17.2579 -1.2773 0.9325
-1.7454 -17.2649 -1.2724 0.9328
-1.1216 -17.2719 -1.2691 0.9329
0.1204 -17.2858 -1.2675 0.9330
2.6265 -17.3089 -1.2837 0.9322
7.3978 23.9873 -2.4099 0.9041
5.6646 24.4866 -2.4129 0.9039
3.1717 20.2293 -1.9658 0.9210
0.9483 19.8258 -1.9056 0.9233
-0.2330 9.7008 -0.9316 0.9618
-1.4436 24.0608 -2.3141 0.9077
-4.0705 24.0521 -2.3419 0.9066
-5.7959 20.5130 -2.0465 0.9179
-6.5222 20.2718 -2.0444 0.9180
-8.9067 19.9984 -2.1017 0.9158
-11.6473 20.0291 -2.2244 0.9111
-10.4724 13.2089 -1.6183 0.9345
-16.0853 18.8565 -2.3795 0.9052
-16.7283 18.2411 -2.3761 0.9053
-17.3470 17.6030 -2.3727 0.9055
-17.9409 16.9436 -2.3691 0.9056
-18.5089 16.2634 -2.3655 0.9057
-16.4384 13.4296 -2.0379 0.9182
-12.8956 9.7849 -1.5541 0.9370
-21.4098 11.8486 -2.3492 0.9064
-22.5596 9.4781 -2.3492 0.9064
-22.8853 8.6621 -2.3492 0.9064
-23.1815 7.8349 -2.3492 0.9064
-23.4478 6.9977 -2.3492 0.9064
-25.6234 4.7236 -2.5014 0.9006
-25.8962 2.8729 -2.5014 0.9006
-25.9826 1.9413 -2.5014 0.9006
-26.0550 0.0720 -2.5014 0.9006
-25.9930 -1.7977 -2.5014 0.9006
-25.6490 -4.5819 -2.5014 0.9006
-25.2541 -6.4105 -2.5014 0.9006
-25.0077 -7.3130 -2.5014 0.9006
-24.7291 -8.2060 -2.5014 0.9006
-24.4186 -9.0885 -2.5014 0.9006
-23.7035 -10.8172 -2.5014 0.9006
-23.2999 -11.6612 -2.5014 0.9006
-16.0171 -17.2729 -2.2615 0.9097
-14.9109 -17.2854 -2.1916 0.9123
-12.8857 -17.3081 -2.0716 0.9169
-11.0619 -17.3285 -1.9737 0.9207
-9.3945 -17.3472 -1.8940 0.9238
-7.8489 -17.3645 -1.8295 0.9263
-5.7007 -17.3886 -1.7568 0.9291
-4.3771 -17.5077 -1.7326 0.9300
-3.0469 -17.4183 -1.6976 0.9314
-1.1431 -17.4397 -1.6779 0.9322
0.1111 -17.4537 -1.6757 0.9323
0.7385 -17.4608 -1.6778 0.9322
1.3684 -17.4678 -1.6821 0.9320
2.0018 -17.4699 -1.6882 0.9318
2.6413 -17.4771 -1.6969 0.9314
3.2883 -17.4844 -1.7080 0.9310
3.9447 -17.4917 -1.7215 0.9305
7.4398 -17.5309 -1.8283 0.9263
8.1984 -17.5394 -1.8587 0.9251
8.9838 -17.5482 -1.8927 0.9238
9.7994 -17.5573 -1.9304 0.9224
10.6493 -17.5669 -1.9722 0.9208
14.8612 -19.4399 -2.3492 0.9064
15.5496 -18.8939 -2.3492 0.9064
10.8265 -12.2322 -1.5684 0.9365
20.4750 -16.1133 -2.5014 0.9006
21.0403 -15.3679 -2.5014 0.9006
22.0888 -13.8186 -2.5014 0.9006
22.5706 -13.0167 -2.5014 0.9006
23.0233 -12.1980 -2.5014 0.9006
23.8393 -10.5145 -2.5014 0.9006
24.2013 -9.6520 -2.5014 0.9006
24.5322 -8.7769 -2.5014 0.9006
25.0988 -6.9940 -2.5014 0.9006
25.3337 -6.0885 -2.5014 0.9006
25.5359 -5.1751 -2.5014 0.9006
25.7053 -4.2550 -2.5014 0.9006
25.8415 -3.3295 -2.5014 0.9006
26.0137 -1.4667 -2.5014 0.9006
26.0496 -0.5319 -2.5014 0.9006
26.0519 0.4036 -2.5014 0.9006
26.0206 1.3386 -2.5014 0.9006
25.8575 3.2023 -2.5014 0.9006
25.7259 4.1285 -2.5014 0.9006
25.3634 5.9637 -2.5014 0.9006
25.1329 6.8704 -2.5014 0.9006
24.4567 7.6391 -2.4598 0.9022
23.0799 8.1294 -2.3492 0.9064
21.6786 11.3492 -2.3492 0.9064
20.8084 12.8755 -2.3492 0.9064
20.3328 13.6142 -2.3492 0.9064
19.8581 14.3550 -2.3524 0.9062
19.3660 15.0868 -2.3568 0.9061
18.8461 15.8009 -2.3611 0.9059
10.6529 13.7937 -1.6732 0.9324
6.3470 9.5660 -1.1021 0.9549
12.2733 21.7378 -2.3966 0.9046
4.8011 11.1602 -1.1664 0.9524
8.2339 23.6940 -2.4082 0.9041
7.3834 23.9921 -2.4100 0.9040
5.6499 24.4902 -2.4129 0.9039
3.9975 20.6938 -2.0234 0.9188
3.1580 20.2216 -1.9649 0.9210
0.9361 19.8189 -1.9048 0.9234
-0.2390 9.7042 -0.9319 0.9617
-2.4230 25.0483 -2.4160 0.9038
-3.3198 24.9384 -2.4153 0.9038
-5.8064 20.5028 -2.0458 0.9179
-7.3523 20.2811 -2.0711 0.9170
-8.0696 19.9890 -2.0695 0.9170
-8.9212 19.9985 -2.1023 0.9158
-10.7141 20.0187 -2.1798 0.9128
-16.0963 18.8463 -2.3794 0.9052
-16.7388 18.2305 -2.3761 0.9053
-17.9507 16.9324 -2.3691 0.9056
-20.5170 13.3449 -2.3497 0.9063
-21.4169 11.8357 -2.3492 0.9064
-21.8280 11.0592 -2.3492 0.9064
-22.2110 10.2685 -2.3492 0.9064
-22.8905 8.6483 -2.3492 0.9064
-23.1862 7.8210 -2.3492 0.9064
-24.3322 6.3041 -2.4131 0.9039
-25.4313 5.6230 -2.5005 0.9006
-26.0362 0.9917 -2.5014 0.9006
-26.0550 0.0563 -2.5014 0.9006
-25.9919 -1.8134 -2.5014 0.9006
-25.9100 -2.7453 -2.5014 0.9006
-25.7948 -3.6737 -2.5014 0.9006
-25.4647 -5.5151 -2.5014 0.9006
-25.2503 -6.4257 -2.5014 0.9006
-25.0033 -7.3281 -2.5014 0.9006
-24.4131 -9.1032 -2.5014 0.9006
-23.6970 -10.8314 -2.5014 0.9006
-21.0325 -12.5062 -2.3492 0.9064
-20.5699 -13.2532 -2.3492 0.9064
-20.0809 -13.9831 -2.3492 0.9064
-19.5659 -14.6950 -2.3492 0.9064
-17.1772 -17.2600 -2.3378 0.9068
-15.9979 -17.2732 -2.2603 0.9097
-14.8929 -17.2855 -2.1905 0.9124
-13.8529 -17.2972 -2.1275 0.9148
-9.3811 -17.3473 -1.8934 0.9238
-8.5954 -17.3562 -1.8594 0.9251
-6.3860 -17.3809 -1.7777 0.9283
-5.6892 -17.3887 -1.7565 0.9291
-5.0145 -17.4192 -1.7402 0.9297
-4.3659 -17.5079 -1.7323 0.9301
-3.0361 -17.4185 -1.6975 0.9314
-2.3964 -17.4256 -1.6887 0.9318
1.3790 -17.4679 -1.6822 0.9320
5.2188 19.3648 -2.3823 0.9224
0.6753 14.1186 -1.6790 0.9447
0.1149 9.6589 -1.1474 0.9618
-1.9219 19.9938 -2.3859 0.9223
-3.3499 19.7946 -2.3847 0.9223
-4.7580 19.4883 -2.3829 0.9224
-5.4519 19.2957 -2.3818 0.9224
-5.2926 13.1329 -1.6819 0.9446
-8.1366 18.2692 -2.3756 0.9226
-8.7802 17.9511 -2.3737 0.9227
-9.4108 17.6090 -2.3717 0.9227
-10.0277 17.2440 -2.3695 0.9228
-10.6300 16.8565 -2.3672 0.9229
-11.2168 16.4472 -2.3648 0.9229
-11.7873 16.0166 -2.3622 0.9230
-10.6491 13.4319 -2.0361 0.9333
-12.8766 15.0949 -2.3568 0.9232
-13.3938 14.6051 -2.3539 0.9233
-13.8922 14.0973 -2.3510 0.9234
-12.8832 9.7755 -1.9210 0.9369
-11.6125 8.1715 -1.6867 0.9444
-13.5721 8.8393 -1.9239 0.9368
-16.9488 10.1913 -2.3492 0.9234
-17.6364 8.9489 -2.3492 0.9234
-17.9463 8.3100 -2.3492 0.9234
-19.0704 7.2182 -2.4221 0.9211
-20.3820 5.2938 -2.5014 0.9187
-20.5589 4.5587 -2.5014 0.9187
-20.7093 3.8177 -2.5014 0.9187
-20.9298 2.3219 -2.5014 0.9187
-20.9997 1.5690 -2.5014 0.9187
-21.0425 0.8141 -2.5014 0.9187
-21.0466 -0.6979 -2.5014 0.9187
-20.9423 -2.2062 -2.5014 0.9187
-20.8496 -2.9566 -2.5014 0.9187
-20.5837 -4.4450 -2.5014 0.9187
-20.2117 -5.9105 -2.5014 0.9187
-19.9865 -6.6323 -2.5014 0.9187
-18.1066 -10.7517 -2.5014 0.9187
-17.6925 -11.3842 -2.4991 0.9187
-16.6144 -11.5544 -2.4039 0.9217
-15.3845 -12.4275 -2.3492 0.9234
-14.9284 -12.9718 -2.3492 0.9234
-14.4531 -13.4994 -2.3492 0.9234
-13.4472 -14.5016 -2.3492 0.9234
-11.2331 -16.2771 -2.3492 0.9234
-10.6415 -16.6699 -2.3492 0.9234
-10.0362 -17.0411 -2.3492 0.9234
-9.3945 -17.3472 -2.3434 0.9236
-7.1131 -17.3727 -2.2299 0.9272
-5.7007 -17.3886 -2.1737 0.9289
-4.9265 -17.0750 -2.1110 0.9309
-4.2803 -17.1207 -2.0963 0.9314
-3.6943 -17.4111 -2.1142 0.9308
-3.0469 -17.4183 -2.1005 0.9312
-1.1431 -17.4397 -2.0760 0.9320
-0.5156 -17.4467 -2.0733 0.9321
0.7385 -17.4608 -2.0760 0.9320
2.6413 -17.4771 -2.0996 0.9313
3.2883 -17.4844 -2.1133 0.9308
3.9447 -17.4917 -2.1300 0.9303
4.6124 -17.4992 -2.1497 0.9297
5.1918 -17.1706 -2.1308 0.9303
5.8750 -17.1782 -2.1566 0.9295
6.6862 -17.4747 -2.2225 0.9274
7.4398 -17.5309 -2.2622 0.9262
8.1984 -17.5394 -2.2998 0.9250
8.9838 -17.5482 -2.3418 0.9237
9.6385 -17.2692 -2.3492 0.9234
10.2523 -16.9120 -2.3492 0.9234
10.8528 -16.5331 -2.3492 0.9234
11.4393 -16.1328 -2.3492 0.9234
12.5674 -15.2704 -2.3492 0.9234
13.6307 -14.3293 -2.3492 0.9234
14.1364 -13.8307 -2.3492 0.9234
16.0701 -13.6088 -2.5014 0.9187
17.0052 -12.4206 -2.5014 0.9187
17.4401 -11.8021 -2.5014 0.9187
17.8525 -11.1684 -2.5014 0.9187
18.2420 -10.5203 -2.5014 0.9187
18.6079 -9.8587 -2.5014 0.9187
18.9498 -9.1843 -2.5014 0.9187
19.2673 -8.4981 -2.5014 0.9187
19.5600 -7.8009 -2.5014 0.9187
19.8274 -7.0937 -2.5014 0.9187
20.7755 -3.4390 -2.5014 0.9187
21.0538 -0.4299 -2.5014 0.9187
21.0557 0.3262 -2.5014 0.9187
21.0304 1.0819 -2.5014 0.9187
20.9780 1.8362 -2.5014 0.9187
20.7922 3.3367 -2.5014 0.9187
20.3129 5.5528 -2.5014 0.9187
20.1005 6.2784 -2.5014 0.9187
19.8621 6.9960 -2.5014 0.9187
18.1341 7.8919 -2.3492 0.9234
15.1626 8.6452 -2.0733 0.9321
16.0277 11.5861 -2.3492 0.9234
15.6014 12.1540 -2.3492 0.9234
9.2775 8.3636 -1.4837 0.9509
8.3073 8.0480 -1.3739 0.9545
13.7172 14.2788 -2.3520 0.9233
12.6890 15.2644 -2.3579 0.9232
6.0006 9.0439 -1.2892 0.9572
5.3982 9.5610 -1.3042 0.9567
4.4568 10.3599 -1.3397 0.9556
5.1497 13.2628 -1.6900 0.9443
3.8071 19.7081 -2.3843 0.9223
2.3646 19.7753 -2.3658 0.9229
1.6119 19.3519 -2.3067 0.9248
-1.2152 20.0521 -2.3863 0.9223
-1.9340 19.9926 -2.3859 0.9223
-2.6499 19.9060 -2.3854 0.9223
-3.3619 19.7925 -2.3847 0.9223
-4.0688 19.6521 -2.3839 0.9223
-4.7697 19.4853 -2.3829 0.9224
-6.1491 19.0729 -2.3804 0.9225
-4.7921 13.2189 -1.6702 0.9449
-5.3030 13.1359 -1.6827 0.9445
-10.6400 16.8498 -2.3672 0.9229
-11.7967 16.0092 -2.3622 0.9230
-10.6594 13.4282 -2.0365 0.9333
-13.4024 14.5967 -2.3539 0.9233
-13.9004 14.0886 -2.3510 0.9234
-12.2298 10.7330 -1.9328 0.9366
-16.9550 10.1811 -2.3492 0.9234
-17.9513 8.2992 -2.3492 0.9234
-19.0958 7.2146 -2.4248 0.9211
-19.9413 6.7264 -2.4999 0.9187
-21.0006 1.5564 -2.5014 0.9187
-21.0429 0.8015 -2.5014 0.9187
-21.0582 0.0455 -2.5014 0.9187
-21.0462 -0.7105 -2.5014 0.9187
-21.0071 -1.4656 -2.5014 0.9187
-20.8478 -2.9692 -2.5014 0.9187
-20.7278 -3.7157 -2.5014 0.9187
-20.5810 -4.4574 -2.5014 0.9187
-20.4078 -5.1934 -2.5014 0.9187
-20.2082 -5.9227 -2.5014 0.9187
-19.4543 -8.0610 -2.5014 0.9187
-19.1523 -8.7542 -2.5014 0.9187
-18.8257 -9.4361 -2.5014 0.9187
-16.5900 -11.5522 -2.4014 0.9218
-15.3770 -12.4368 -2.3492 0.9234
-14.4450 -13.5081 -2.3492 0.9234
-13.9507 -14.0179 -2.3492 0.9234
-12.9089 -14.9828 -2.3492 0.9234
-12.3628 -15.4366 -2.3492 0.9234
-11.2233 -16.2839 -2.3492 0.9234
-10.6314 -16.6763 -2.3492 0.9234
-10.0259 -17.0472 -2.3492 0.9234
-8.5954 -17.3561 -2.3006 0.9249
-7.1009 -17.3729 -2.2294 0.9272
-6.3861 -17.3809 -2.1996 0.9281
-5.6892 -17.3887 -2.1733 0.9290
-4.9155 -17.0754 -2.1107 0.9309
-4.2700 -17.1233 -2.0963 0.9314
-3.6833 -17.4112 -2.1140 0.9308
-2.3964 -17.4256 -2.0894 0.9316
-1.1325 -17.4398 -2.0760 0.9320
0.7491 -17.4609 -2.0760 0.9320
2.6521 -17.4772 -2.0998 0.9313
3.7599 16.2532 -2.3637 0.9348
3.1750 16.3831 -2.3645 0.9348
1.9923 16.5768 -2.3657 0.9348
1.3961 16.6403 -2.3660 0.9348
0.6458 13.5019 -1.9153 0.9469
-1.0001 16.6697 -2.3662 0.9348
-1.5977 16.6211 -2.3659 0.9348
-2.1930 16.5500 -2.3655 0.9348
-3.3731 16.3414 -2.3642 0.9348
-4.5336 16.0453 -2.3625 0.9349
-5.1044 15.8650 -2.3614 0.9349
-4.8548 13.4168 -2.0216 0.9440
-5.4246 13.4604 -2.0562 0.9431
-6.7690 15.1987 -2.3574 0.9350
-7.3054 14.9359 -2.3558 0.9350
-7.8314 14.6536 -2.3542 0.9351
-8.3460 14.3521 -2.3524 0.9351
-8.8488 14.0319 -2.3505 0.9352
-9.8275 13.3536 -2.3492 0.9352
-11.6377 11.8095 -2.3492 0.9352
-12.0541 11.3841 -2.3492 0.9352
-12.1398 10.6670 -2.2898 0.9368
-12.1040 9.8886 -2.2146 0.9388
-12.1456 9.2158 -2.1602 0.9403
-11.5480 8.1261 -2.0007 0.9446
-13.4499 8.7598 -2.2742 0.9372
-14.2092 8.5439 -2.3492 0.9352
-14.5067 8.0283 -2.3492 0.9352
-14.9479 7.5847 -2.3750 0.9345
-15.9824 7.4006 -2.4955 0.9313
-16.2761 6.8382 -2.5014 0.9312
-16.5111 6.2495 -2.5014 0.9312
-16.7248 5.6527 -2.5014 0.9312
-16.9170 5.0486 -2.5014 0.9312
-17.2356 3.8218 -2.5014 0.9312
-17.4654 2.5752 -2.5014 0.9312
-17.5466 1.9466 -2.5014 0.9312
-17.6542 0.0488 -2.5014 0.9312
-17.6445 -0.5850 -2.5014 0.9312
-17.6122 -1.2181 -2.5014 0.9312
-17.5571 -1.8496 -2.5014 0.9312
-17.2565 -3.7265 -2.5014 0.9312
-16.9446 -4.9551 -2.5014 0.9312
-16.7558 -5.5602 -2.5014 0.9312
-16.3136 -6.7481 -2.5014 0.9312
-15.4936 -8.4629 -2.5014 0.9312
-15.1797 -9.0137 -2.5014 0.9312
-14.4939 -10.0797 -2.5014 0.9312
-13.7131 -11.0774 -2.4977 0.9313
-12.9966 -11.2932 -2.4396 0.9328
-11.7027 -11.7450 -2.3492 0.9352
-10.8298 -12.5544 -2.3492 0.9352
-9.9011 -13.2991 -2.3492 0.9352
-9.4173 -13.6460 -2.3492 0.9352
-8.9213 -13.9753 -2.3492 0.9352
-8.4139 -14.2865 -2.3492 0.9352
-6.2823 -15.3437 -2.3492 0.9352
-5.7274 -15.5594 -2.3492 0.9352
-4.5963 -15.9302 -2.3492 0.9352
-4.0214 -16.0850 -2.3492 0.9352
-2.2687 -16.4241 -2.3492 0.9352
-1.6776 -16.4950 -2.3492 0.9352
-0.4898 -16.5728 -2.3492 0.9352
0.7007 -16.5652 -2.3492 0.9352
1.8875 -16.4723 -2.3492 0.9352
3.0645 -16.2944 -2.3492 0.9352
4.7986 -15.8704 -2.3492 0.9352
5.3653 -15.6879 -2.3492 0.9352
7.0208 -15.0202 -2.3492 0.9352
7.5556 -14.7584 -2.3492 0.9352
8.0805 -14.4777 -2.3492 0.9352
10.0696 -13.1720 -2.3492 0.9352
10.5360 -12.8020 -2.3492 0.9352
13.4725 -11.4090 -2.5014 0.9312
13.8734 -10.9180 -2.5014 0.9312
14.9668 -9.3631 -2.5014 0.9312
15.6000 -8.2650 -2.5014 0.9312
15.8867 -7.6997 -2.5014 0.9312
16.3982 -6.5399 -2.5014 0.9312
16.8252 -5.3464 -2.5014 0.9312
17.0063 -4.7390 -2.5014 0.9312
17.3025 -3.5065 -2.5014 0.9312
17.6505 -0.3604 -2.5014 0.9312
17.6309 0.9070 -2.5014 0.9312
17.5870 1.5394 -2.5014 0.9312
17.3195 3.4213 -2.5014 0.9312
17.0294 4.6552 -2.5014 0.9312
16.8513 5.2636 -2.5014 0.9312
16.4302 6.4591 -2.5014 0.9312
15.8794 7.5999 -2.4944 0.9313
14.6889 7.6900 -2.3492 0.9352
14.4033 8.2123 -2.3492 0.9352
14.0992 8.7241 -2.3492 0.9352
13.7769 9.2246 -2.3492 0.9352
13.0795 10.1894 -2.3492 0.9352
12.7053 10.6524 -2.3492 0.9352
9.2778 8.3639 -1.7699 0.9508
8.3048 8.0456 -1.6383 0.9544
10.1343 13.1223 -2.3492 0.9352
6.2933 8.7835 -1.5310 0.9573
5.9967 9.0381 -1.5368 0.9571
5.3982 9.5610 -1.5557 0.9566
4.7754 10.0865 -1.5812 0.9559
5.4690 15.7378 -2.3607 0.9349
4.9029 15.9318 -2.3618 0.9349
4.3297 16.1045 -2.3629 0.9348
3.1652 16.3851 -2.3645 0.9348
1.3861 16.6411 -2.3660 0.9348
-2.2030 16.5487 -2.3655 0.9348
-5.1139 15.8618 -2.3614 0.9349
-6.7781 15.1944 -2.3574 0.9350
-7.3144 14.9314 -2.3558 0.9350
-7.8401 14.6487 -2.3541 0.9351
-8.8571 14.0264 -2.3505 0.9352
-9.3500 13.6922 -2.3492 0.9352
-10.3083 12.9860 -2.3492 0.9352
-11.2136 12.2129 -2.3492 0.9352
-12.0610 11.3768 -2.3492 0.9352
-12.1390 10.6534 -2.2884 0.9368
-12.1449 9.2038 -2.1591 0.9403
-11.5811 8.1389 -2.0056 0.9444
-14.2143 8.5354 -2.3492 0.9352
-14.5115 8.0196 -2.3492 0.9352
-14.9673 7.5832 -2.3774 0.9345
-16.7282 5.6426 -2.5014 0.9312
-17.4670 2.5647 -2.5014 0.9312
-17.6060 1.3048 -2.5014 0.9312
-17.6415 0.6719 -2.5014 0.9312
-17.6542 0.0381 -2.5014 0.9312
-17.6442 -0.5957 -2.5014 0.9312
-17.6114 -1.2287 -2.5014 0.9312
-17.2542 -3.7369 -2.5014 0.9312
-16.9416 -4.9653 -2.5014 0.9312
-16.7524 -5.5703 -2.5014 0.9312
-16.0565 -7.3391 -2.5014 0.9312
-15.4885 -8.4723 -2.5014 0.9312
-15.1743 -9.0229 -2.5014 0.9312
-14.8406 -9.5618 -2.5014 0.9312
-14.4878 -10.0884 -2.5014 0.9312
-13.7057 -11.0851 -2.4976 0.9313
-12.1100 -11.3246 -2.3492 0.9352
-11.6957 -11.7520 -2.3492 0.9352
-10.8223 -12.5609 -2.3492 0.9352
-10.3644 -12.9413 -2.3492 0.9352
-8.9129 -13.9806 -2.3492 0.9352
-6.8200 -15.1124 -2.3492 0.9352
-5.7181 -15.5628 -2.3492 0.9352
-4.5867 -15.9330 -2.3492 0.9352
-4.0117 -16.0874 -2.3492 0.9352
-1.6677 -16.4959 -2.3492 0.9352
-1.0744 -16.5452 -2.3492 0.9352
-0.4798 -16.5731 -2.3492 0.9352
0.1155 -16.5796 -2.3492 0.9352
0.7107 -16.5648 -2.3492 0.9352
0.9493 -12.0242 -1.7090 0.9524
1.8974 -16.4711 -2.3492 0.9352
2.4875 -16.3924 -2.3492 0.9352
4.2026 13.6269 -2.3492 0.9438
2.7145 14.0064 -2.3503 0.9438
1.7031 14.1710 -2.3513 0.9438
1.1935 14.2249 -2.3516 0.9438
0.6821 14.2599 -2.3518 0.9438
-0.2321 9.6623 -1.5922 0.9616
-1.3658 14.2088 -2.3515 0.9438
-1.8748 14.1485 -2.3512 0.9438
-2.3810 14.0692 -2.3507 0.9438
-2.8838 13.9712 -2.3501 0.9438
-3.3826 13.8546 -2.3494 0.9438
-4.3675 13.5749 -2.3492 0.9438
-6.2656 12.8100 -2.3492 0.9438
-6.7215 12.5768 -2.3492 0.9438
-7.6066 12.0621 -2.3492 0.9438
-8.4524 11.4852 -2.3492 0.9438
-9.2548 10.8491 -2.3492 0.9438
-9.6383 10.5099 -2.3492 0.9438
-10.0094 10.1571 -2.3492 0.9438
-10.3675 9.7912 -2.3492 0.9438
-10.7124 9.4127 -2.3492 0.9438
-11.0434 9.0221 -2.3492 0.9438
-11.3601 8.6198 -2.3492 0.9438
-11.9494 7.7825 -2.3492 0.9438
-12.7013 7.6373 -2.4415 0.9417
-13.2698 7.3438 -2.4985 0.9404
-13.7786 6.3802 -2.5014 0.9403
-14.5500 4.3422 -2.5014 0.9403
-14.8241 3.2870 -2.5014 0.9403
-14.9325 2.7527 -2.5014 0.9403
-15.0915 1.6742 -2.5014 0.9403
-15.1841 0.0419 -2.5014 0.9403
-15.1758 -0.5032 -2.5014 0.9403
-15.0337 -2.1319 -2.5014 0.9403
-14.8420 -3.2051 -2.5014 0.9403
-14.5737 -4.2618 -2.5014 0.9403
-14.2304 -5.2965 -2.5014 0.9403
-14.0311 -5.8039 -2.5014 0.9403
-13.5785 -6.7958 -2.5014 0.9403
-13.3257 -7.2788 -2.5014 0.9403
-13.0558 -7.7526 -2.5014 0.9403
-12.7691 -8.2162 -2.5014 0.9403
-12.4659 -8.6694 -2.5014 0.9403
-11.0967 -10.3644 -2.5014 0.9403
-10.7174 -10.7561 -2.5014 0.9403
-9.7253 -11.2740 -2.4528 0.9414
-9.0505 -11.2868 -2.3833 0.9430
-8.0997 -11.7367 -2.3492 0.9438
-6.7908 -12.5395 -2.3492 0.9438
-5.8736 -12.9944 -2.3492 0.9438
-5.4033 -13.1969 -2.3492 0.9438
-4.4425 -13.5506 -2.3492 0.9438
-0.9327 -14.2297 -2.3492 0.9438
0.0908 -14.2599 -2.3492 0.9438
0.6026 -14.2475 -2.3492 0.9438
0.9406 -12.0069 -1.9841 0.9523
2.6358 -14.0145 -2.3492 0.9438
3.1372 -13.9109 -2.3492 0.9438
3.6346 -13.7892 -2.3492 0.9438
5.0960 -13.3186 -2.3492 0.9438
5.5708 -13.1270 -2.3492 0.9438
6.0385 -12.9186 -2.3492 0.9438
6.4984 -12.6935 -2.3492 0.9438
8.2484 -11.6326 -2.3492 0.9438
10.0406 -11.3443 -2.4957 0.9404
10.4653 -11.0016 -2.5014 0.9403
10.8535 -10.6188 -2.5014 0.9403
12.2617 -8.9559 -2.5014 0.9403
12.5753 -8.5100 -2.5014 0.9403
13.1535 -7.5857 -2.5014 0.9403
13.6639 -6.6224 -2.5014 0.9403
14.1038 -5.6249 -2.5014 0.9403
14.4711 -4.5984 -2.5014 0.9403
14.6268 -4.0759 -2.5014 0.9403
15.0596 -1.9403 -2.5014 0.9403
15.1600 -0.8547 -2.5014 0.9403
15.1809 -0.3100 -2.5014 0.9403
15.1640 0.7801 -2.5014 0.9403
15.0690 1.8662 -2.5014 0.9403
14.9923 2.4060 -2.5014 0.9403
14.8962 2.9426 -2.5014 0.9403
14.7810 3.4755 -2.5014 0.9403
14.6467 4.0039 -2.5014 0.9403
13.4521 7.0425 -2.5014 0.9403
13.1619 7.5045 -2.4960 0.9404
12.3650 7.6511 -2.3954 0.9428
11.8493 7.9339 -2.3492 0.9438
10.9276 9.1619 -2.3492 0.9438
8.2112 7.9549 -1.8834 0.9547
6.0006 9.0439 -1.7880 0.9570
5.6358 9.1944 -1.7766 0.9572
5.3982 9.5610 -1.8088 0.9565
5.0877 9.8184 -1.8217 0.9562
4.6810 13.4701 -2.3492 0.9438
3.2063 13.8981 -2.3497 0.9438
2.7060 14.0081 -2.3503 0.9438
2.2019 14.0995 -2.3509 0.9438
1.6946 14.1721 -2.3513 0.9438
1.1849 14.2257 -2.3516 0.9438
-1.3744 14.2080 -2.3515 0.9438
-2.3895 14.0677 -2.3507 0.9438
-3.3909 13.8525 -2.3494 0.9438
-3.8857 13.7206 -2.3492 0.9438
-4.8601 13.4065 -2.3492 0.9438
-5.8096 13.0232 -2.3492 0.9438
-6.2733 12.8062 -2.3492 0.9438
-6.7290 12.5728 -2.3492 0.9438
-8.4594 11.4801 -2.3492 0.9438
-8.8660 11.1691 -2.3492 0.9438
-9.6446 10.5041 -2.3492 0.9438
-10.0155 10.1511 -2.3492 0.9438
-11.3653 8.6130 -2.3492 0.9438
-12.7177 7.6367 -2.4438 0.9416
-13.5448 6.8625 -2.5014 0.9403
-13.7825 6.3719 -2.5014 0.9403
-14.2042 5.3665 -2.5014 0.9403
-14.3876 4.8531 -2.5014 0.9403
-14.5526 4.3335 -2.5014 0.9403
-14.6988 3.8083 -2.5014 0.9403
-14.8260 3.2781 -2.5014 0.9403
-15.0230 2.2059 -2.5014 0.9403
-15.1731 0.5779 -2.5014 0.9403
-15.1841 0.0328 -2.5014 0.9403
-15.1473 -1.0568 -2.5014 0.9403
-15.0324 -2.1409 -2.5014 0.9403
-14.8400 -3.2140 -2.5014 0.9403
-14.4085 -4.7909 -2.5014 0.9403
-14.2272 -5.3051 -2.5014 0.9403
-14.0276 -5.8124 -2.5014 0.9403
-13.8099 -6.3122 -2.5014 0.9403
-13.5744 -6.8039 -2.5014 0.9403
-13.3214 -7.2869 -2.5014 0.9403
-13.0512 -7.7604 -2.5014 0.9403
-12.7642 -8.2240 -2.5014 0.9403
-12.4607 -8.6769 -2.5014 0.9403
-12.1412 -9.1186 -2.5014 0.9403
-10.7109 -10.7626 -2.5014 0.9403
-10.2974 -11.1183 -2.4965 0.9404
-9.0395 -11.2871 -2.3822 0.9431
-8.5089 -11.4434 -2.3492 0.9438
-7.6658 -12.0245 -2.3492 0.9438
-6.7833 -12.5435 -2.3492 0.9438
-6.3286 -12.7790 -2.3492 0.9438
-5.8658 -12.9979 -2.3492 0.9438
-5.3954 -13.2001 -2.3492 0.9438
-4.9180 -13.3853 -2.3492 0.9438
-3.9449 -13.7037 -2.3492 0.9438
-3.4504 -13.8365 -2.3492 0.9438
-2.4487 -14.0484 -2.3492 0.9438
-1.9428 -14.1272 -2.3492 0.9438
0.0993 -14.2599 -2.3492 0.9438
0.6112 -14.2471 -2.3492 0.9438
0.9476 -12.0036 -1.9836 0.9524
3.2522 12.0679 -2.3492 0.9504
2.8169 12.1769 -2.3492 0.9504
1.9359 12.3476 -2.3492 0.9504
1.0450 12.4547 -2.3492 0.9504
0.1143 9.6127 -1.8069 0.9616
-0.2318 9.6493 -1.8142 0.9615
-2.0855 12.3232 -2.3492 0.9504
-2.5266 12.2404 -2.3492 0.9504
-2.9644 12.1418 -2.3492 0.9504
-4.2526 11.7527 -2.3492 0.9504
-4.6718 11.5925 -2.3492 0.9504
-5.0849 11.4173 -2.3492 0.9504
-5.4915 11.2274 -2.3492 0.9504
-6.2830 10.8044 -2.3492 0.9504
-7.4082 10.0663 -2.3492 0.9504
-7.7648 9.7938 -2.3492 0.9504
-8.1114 9.5088 -2.3492 0.9504
-9.3889 8.2498 -2.3492 0.9504
-9.6790 7.9075 -2.3492 0.9504
-10.8473 7.6330 -2.4931 0.9474
-11.6440 6.4440 -2.5014 0.9473
-12.0764 5.5919 -2.5014 0.9473
-12.2693 5.1548 -2.5014 0.9473
-12.4465 4.7110 -2.5014 0.9473
-12.7524 3.8058 -2.5014 0.9473
-12.9926 2.8809 -2.5014 0.9473
-13.1658 1.9413 -2.5014 0.9473
-13.2712 0.9916 -2.5014 0.9473
-13.2983 0.5145 -2.5014 0.9473
-13.2765 -0.9182 -2.5014 0.9473
-13.1008 -2.3403 -2.5014 0.9473
-13.0083 -2.8091 -2.5014 0.9473
-12.8991 -3.2743 -2.5014 0.9473
-12.7732 -3.7353 -2.5014 0.9473
-12.6309 -4.1914 -2.5014 0.9473
-12.4723 -4.6421 -2.5014 0.9473
-12.2976 -5.0869 -2.5014 0.9473
-12.1071 -5.5251 -2.5014 0.9473
-11.6794 -6.3796 -2.5014 0.9473
-11.4429 -6.7948 -2.5014 0.9473
-10.6460 -7.9856 -2.5014 0.9473
-9.7257 -9.0839 -2.5014 0.9473
-9.0489 -9.7584 -2.5014 0.9473
-8.6927 -10.0769 -2.5014 0.9473
-8.3253 -10.3825 -2.5014 0.9473
-7.1433 -11.1899 -2.4953 0.9474
-5.5995 -11.2896 -2.3687 0.9500
-4.7358 -11.5665 -2.3492 0.9504
-3.0314 -12.1252 -2.3492 0.9504
-2.1536 -12.3115 -2.3492 0.9504
-1.7102 -12.3809 -2.3492 0.9504
-1.2646 -12.4343 -2.3492 0.9504
-0.3692 -12.4930 -2.3492 0.9504
0.0796 -12.4982 -2.3492 0.9504
0.5282 -12.4873 -2.3492 0.9504
1.4228 -12.4172 -2.3492 0.9504
3.1855 -12.0857 -2.3492 0.9504
4.8826 -11.5053 -2.3492 0.9504
5.7783 -11.2868 -2.3833 0.9497
6.2950 -11.2786 -2.4278 0.9488
6.8317 -11.2695 -2.4771 0.9478
7.6964 -10.8541 -2.5010 0.9473
8.0825 -10.5727 -2.5014 0.9473
9.1723 -9.6424 -2.5014 0.9473
9.5126 -9.3069 -2.5014 0.9473
9.8406 -8.9594 -2.5014 0.9473
10.1559 -8.6003 -2.5014 0.9473
11.0217 -7.4586 -2.5014 0.9473
11.2823 -7.0581 -2.5014 0.9473
11.5284 -6.6485 -2.5014 0.9473
11.9758 -5.8042 -2.5014 0.9473
12.3614 -4.9300 -2.5014 0.9473
12.5304 -4.4830 -2.5014 0.9473
12.6832 -4.0303 -2.5014 0.9473
12.8197 -3.5724 -2.5014 0.9473
12.9397 -3.1098 -2.5014 0.9473
13.1295 -2.1733 -2.5014 0.9473
13.1991 -1.7006 -2.5014 0.9473
13.3054 -0.2717 -2.5014 0.9473
12.7029 3.9678 -2.5014 0.9473
12.5523 4.4213 -2.5014 0.9473
12.2027 5.3105 -2.5014 0.9473
12.0042 5.7452 -2.5014 0.9473
11.7902 6.1724 -2.5014 0.9473
11.5610 6.5917 -2.5014 0.9473
11.3169 7.0025 -2.5014 0.9473
10.5698 7.6407 -2.4514 0.9483
9.8597 7.6810 -2.3492 0.9504
9.2781 8.3642 -2.3479 0.9504
8.6587 9.0132 -2.3492 0.9504
8.3296 9.3182 -2.3492 0.9504
5.6582 9.2309 -2.0351 0.9569
5.3982 9.5610 -2.0637 0.9563
5.0910 9.8248 -2.0799 0.9560
4.7784 10.0930 -2.0990 0.9556
4.5238 11.6510 -2.3492 0.9504
2.8096 12.1786 -2.3492 0.9504
2.3706 12.2716 -2.3492 0.9504
1.9285 12.3488 -2.3492 0.9504
1.4839 12.4100 -2.3492 0.9504
1.0375 12.4553 -2.3492 0.9504
0.1085 9.6094 -1.8063 0.9616
-3.4056 12.0255 -2.3492 0.9504
-3.8351 11.8955 -2.3492 0.9504
-4.2597 11.7502 -2.3492 0.9504
-4.6788 11.5897 -2.3492 0.9504
-6.6732 10.5679 -2.3492 0.9504
-7.0483 10.3215 -2.3492 0.9504
-7.7707 9.7892 -2.3492 0.9504
-8.1171 9.5039 -2.3492 0.9504
-8.4531 9.2064 -2.3492 0.9504
-8.7781 8.8970 -2.3492 0.9504
-9.6838 7.9016 -2.3492 0.9504
-10.0994 7.6536 -2.3818 0.9497
-10.8554 7.6289 -2.4939 0.9474
-11.4093 6.8510 -2.5014 0.9473
-11.6479 6.4370 -2.5014 0.9473
-12.0797 5.5846 -2.5014 0.9473
-12.2724 5.1474 -2.5014 0.9473
-12.4493 4.7035 -2.5014 0.9473
-12.6101 4.2535 -2.5014 0.9473
-12.7547 3.7981 -2.5014 0.9473
-12.8828 3.3378 -2.5014 0.9473
-12.9943 2.8731 -2.5014 0.9473
-13.1670 1.9333 -2.5014 0.9473
-13.2279 1.4594 -2.5014 0.9473
-13.2718 0.9836 -2.5014 0.9473
-13.2985 0.5065 -2.5014 0.9473
-13.3082 0.0287 -2.5014 0.9473
-13.2759 -0.9262 -2.5014 0.9473
-12.8971 -3.2821 -2.5014 0.9473
-12.6284 -4.1990 -2.5014 0.9473
-12.2945 -5.0943 -2.5014 0.9473
-12.1037 -5.5324 -2.5014 0.9473
-11.6756 -6.3866 -2.5014 0.9473
-11.4388 -6.8016 -2.5014 0.9473
-11.1872 -7.2079 -2.5014 0.9473
-10.9212 -7.6049 -2.5014 0.9473
-10.6412 -7.9920 -2.5014 0.9473
-10.0403 -8.7350 -2.5014 0.9473
-9.7202 -9.0898 -2.5014 0.9473
-9.3877 -9.4329 -2.5014 0.9473
-8.6866 -10.0822 -2.5014 0.9473
-8.3191 -10.3875 -2.5014 0.9473
-7.5462 -10.9487 -2.4994 0.9473
-6.6300 -11.2730 -2.4582 0.9482
-5.5910 -11.2897 -2.3680 0.9500
-5.1411 -11.3921 -2.3492 0.9504
-3.8865 -11.8788 -2.3492 0.9504
-3.4575 -12.0107 -2.3492 0.9504
-3.0241 -12.1270 -2.3492 0.9504
-2.5868 -12.2278 -2.3492 0.9504
-1.7028 -12.3819 -2.3492 0.9504
-1.2571 -12.4350 -2.3492 0.9504
-0.3617 -12.4932 -2.3492 0.9504
0.0871 -12.4981 -2.3492 0.9504
1.4303 -12.4163 -2.3492 0.9504
1.8751 -12.3570 -2.3492 0.9504
3.2753 10.6201 -2.3492 0.9556
2.1145 10.9107 -2.3492 0.9556
1.7214 10.9796 -2.3492 0.9556
1.0639 8.8520 -1.8846 0.9642
0.4235 8.8534 -1.8736 0.9644
-1.8545 10.9579 -2.3492 0.9556
-2.2467 10.8843 -2.3492 0.9556
-2.6360 10.7966 -2.3492 0.9556
-3.7815 10.4506 -2.3492 0.9556
-4.5216 10.1524 -2.3492 0.9556
-5.2384 9.8018 -2.3492 0.9556
-5.5869 9.6074 -2.3492 0.9556
-6.2618 9.1817 -2.3492 0.9556
-6.9045 8.7088 -2.3492 0.9556
-7.5116 8.1909 -2.3492 0.9556
-8.6966 7.6415 -2.4471 0.9538
-9.4271 7.1531 -2.5014 0.9528
-10.1416 6.0981 -2.5014 0.9528
-10.3539 5.7301 -2.5014 0.9528
-10.7384 4.9724 -2.5014 0.9528
-10.9100 4.5837 -2.5014 0.9528
-11.0675 4.1891 -2.5014 0.9528
-11.3396 3.3841 -2.5014 0.9528
-11.5531 2.5618 -2.5014 0.9528
-11.8009 0.8817 -2.5014 0.9528
-11.8337 0.0327 -2.5014 0.9528
-11.8273 -0.3922 -2.5014 0.9528
-11.8056 -0.8165 -2.5014 0.9528
-11.7686 -1.2398 -2.5014 0.9528
-11.5671 -2.4979 -2.5014 0.9528
-11.3581 -3.3214 -2.5014 0.9528
-11.2315 -3.7270 -2.5014 0.9528
-11.0905 -4.1278 -2.5014 0.9528
-10.3854 -5.6728 -2.5014 0.9528
-10.1751 -6.0419 -2.5014 0.9528
-9.7153 -6.7565 -2.5014 0.9528
-8.6482 -8.0775 -2.5014 0.9528
-8.0463 -8.6772 -2.5014 0.9528
-6.7214 -9.7396 -2.5014 0.9528
-6.3675 -9.9746 -2.5014 0.9528
-6.0053 -10.1968 -2.5014 0.9528
-5.6354 -10.4058 -2.5014 0.9528
-5.2581 -10.6014 -2.5014 0.9528
-4.8742 -10.7833 -2.5014 0.9528
-4.4804 -10.9429 -2.4995 0.9528
-4.0807 -11.0859 -2.4971 0.9529
-2.8184 -11.2733 -2.4563 0.9536
-1.5585 -11.2824 -2.4075 0.9545
0.0718 -11.2864 -2.3858 0.9549
1.2929 -11.2836 -2.4007 0.9546
1.7050 -11.2816 -2.4118 0.9544
2.1213 -11.2790 -2.4259 0.9542
2.5429 -11.2757 -2.4433 0.9538
2.9710 -11.2719 -2.4640 0.9535
4.2229 -11.0367 -2.4979 0.9528
5.7673 -10.3332 -2.5014 0.9528
6.1346 -10.1195 -2.5014 0.9528
6.8449 -9.6532 -2.5014 0.9528
7.1870 -9.4013 -2.5014 0.9528
7.8430 -8.8614 -2.5014 0.9528
8.1561 -8.5741 -2.5014 0.9528
9.0307 -7.6475 -2.5014 0.9528
9.5561 -6.9798 -2.5014 0.9528
10.2512 -5.9120 -2.5014 0.9528
10.6489 -5.1611 -2.5014 0.9528
10.9918 -4.3837 -2.5014 0.9528
11.1421 -3.9863 -2.5014 0.9528
11.2780 -3.5838 -2.5014 0.9528
11.3994 -3.1766 -2.5014 0.9528
11.5061 -2.7653 -2.5014 0.9528
11.5980 -2.3505 -2.5014 0.9528
11.7367 -1.5122 -2.5014 0.9528
11.8150 -0.6661 -2.5014 0.9528
11.8313 -0.2416 -2.5014 0.9528
11.8181 0.6080 -2.5014 0.9528
11.6094 2.2933 -2.5014 0.9528
11.4149 3.1204 -2.5014 0.9528
11.2955 3.5282 -2.5014 0.9528
11.1616 3.9314 -2.5014 0.9528
10.2801 5.8614 -2.5014 0.9528
9.8331 6.5839 -2.5014 0.9528
9.3299 7.2683 -2.5000 0.9528
9.0437 7.5824 -2.4947 0.9529
7.6994 8.0146 -2.3492 0.9556
7.4067 8.2858 -2.3492 0.9556
7.1045 8.5464 -2.3492 0.9556
6.7931 8.7959 -2.3492 0.9556
5.6627 9.2383 -2.2904 0.9567
5.1132 9.8676 -2.3492 0.9556
4.3920 10.2091 -2.3492 0.9556
4.0226 10.3602 -2.3492 0.9556
3.2689 10.6221 -2.3492 0.9556
2.8854 10.7326 -2.3492 0.9556
1.7148 10.9806 -2.3492 0.9556
-0.2181 8.8548 -1.8723 0.9644
-1.4665 11.0166 -2.3492 0.9556
-1.8611 10.9568 -2.3492 0.9556
-2.2532 10.8829 -2.3492 0.9556
-3.0283 10.6932 -2.3492 0.9556
-3.7877 10.4484 -2.3492 0.9556
-4.1604 10.3056 -2.3492 0.9556
-5.2443 9.7986 -2.3492 0.9556
-5.5927 9.6040 -2.3492 0.9556
-6.5928 8.9471 -2.3492 0.9556
-6.9098 8.7046 -2.3492 0.9556
-7.5165 8.1864 -2.3492 0.9556
-7.8056 7.9112 -2.3492 0.9556
-9.1512 7.4670 -2.4966 0.9529
-9.4314 7.1474 -2.5014 0.9528
-9.6820 6.8042 -2.5014 0.9528
-9.9200 6.4523 -2.5014 0.9528
-10.3574 5.7238 -2.5014 0.9528
-10.5562 5.3483 -2.5014 0.9528
-10.7414 4.9659 -2.5014 0.9528
-10.9127 4.5771 -2.5014 0.9528
-11.0700 4.1824 -2.5014 0.9528
-11.2130 3.7823 -2.5014 0.9528
-11.5547 2.5548 -2.5014 0.9528
-11.6390 2.1383 -2.5014 0.9528
-11.7082 1.7191 -2.5014 0.9528
-11.7624 1.2977 -2.5014 0.9528
-11.4682 -2.9184 -2.5014 0.9528
-11.2293 -3.7338 -2.5014 0.9528
-11.0880 -4.1345 -2.5014 0.9528
-10.7627 -4.9195 -2.5014 0.9528
-10.5792 -5.3026 -2.5014 0.9528
-10.1714 -6.0481 -2.5014 0.9528
-8.9279 -7.7672 -2.5014 0.9528
-8.6433 -8.0827 -2.5014 0.9528
-8.3476 -8.3878 -2.5014 0.9528
-8.0411 -8.6821 -2.5014 0.9528
-7.3974 -9.2367 -2.5014 0.9528
-7.0610 -9.4963 -2.5014 0.9528
-6.7156 -9.7436 -2.5014 0.9528
-6.3614 -9.9785 -2.5014 0.9528
-5.9991 -10.2004 -2.5014 0.9528
-4.8677 -10.7863 -2.5014 0.9528
-4.4738 -10.9454 -2.4994 0.9528
-4.0740 -11.0882 -2.4970 0.9529
-3.6701 -11.2174 -2.4948 0.9529
-3.2441 -11.2692 -2.4788 0.9532
-2.8112 -11.2734 -2.4559 0.9536
-2.3857 -11.2770 -2.4365 0.9540
-1.9661 -11.2800 -2.4203 0.9543
-1.5516 -11.2824 -2.4073 0.9545
-1.1408 -11.2842 -2.3974 0.9547
0.4842 -11.2860 -2.3878 0.9549
0.8909 -11.2851 -2.3929 0.9548
1.2998 -11.2836 -2.4009 0.9546
1.7119 -11.2815 -2.4120 0.9544
2.9458 9.5518 -2.3492 0.9598
2.2528 9.7385 -2.3492 0.9598
1.9018 9.8131 -2.3492 0.9598
-0.2127 8.8548 -2.0817 0.9643
-0.8513 8.8561 -2.0910 0.9641
-1.3130 9.9091 -2.3492 0.9598
-1.6679 9.8556 -2.3492 0.9598
-3.0614 9.5154 -2.3492 0.9598
-4.3919 8.9792 -2.3492 0.9598
-4.7114 8.8157 -2.3492 0.9598
-5.0248 8.6409 -2.3492 0.9598
-5.3318 8.4549 -2.3492 0.9598
-5.6319 8.2581 -2.3492 0.9598
-5.9247 8.0506 -2.3492 0.9598
-6.5314 7.6567 -2.3653 0.9595
-7.0094 7.6433 -2.4374 0.9583
-7.4515 7.5615 -2.4950 0.9573
-8.2424 6.7337 -2.5014 0.9572
-8.4788 6.4335 -2.5014 0.9572
-8.7043 6.1250 -2.5014 0.9572
-8.9186 5.8085 -2.5014 0.9572
-9.1213 5.4846 -2.5014 0.9572
-9.4914 4.8160 -2.5014 0.9572
-10.1988 3.0437 -2.5014 0.9572
-10.4669 1.9296 -2.5014 0.9572
-10.6353 0.4115 -2.5014 0.9572
-10.6433 0.0294 -2.5014 0.9572
-10.4774 -1.8717 -2.5014 0.9572
-10.3161 -2.6186 -2.5014 0.9572
-10.1016 -3.3521 -2.5014 0.9572
-9.9748 -3.7126 -2.5014 0.9572
-9.6827 -4.4187 -2.5014 0.9572
-9.1515 -5.4341 -2.5014 0.9572
-8.5142 -6.3865 -2.5014 0.9572
-8.2794 -6.6881 -2.5014 0.9572
-7.7782 -7.2649 -2.5014 0.9572
-7.5124 -7.5395 -2.5014 0.9572
-6.9520 -8.0591 -2.5014 0.9572
-6.0453 -8.7598 -2.5014 0.9572
-5.4011 -9.1710 -2.5014 0.9572
-4.7292 -9.5349 -2.5014 0.9572
-4.3838 -9.6985 -2.5014 0.9572
-3.6766 -9.9881 -2.5014 0.9572
-3.3157 -10.1136 -2.5014 0.9572
-2.9505 -10.2262 -2.5014 0.9572
-2.5815 -10.3255 -2.5014 0.9572
-2.2091 -10.4115 -2.5014 0.9572
0.0677 -10.6431 -2.5014 0.9572
0.4498 -10.6338 -2.5014 0.9572
0.8312 -10.6108 -2.5014 0.9572
1.2116 -10.5741 -2.5014 0.9572
1.5904 -10.5238 -2.5014 0.9572
1.9672 -10.4599 -2.5014 0.9572
2.3415 -10.3825 -2.5014 0.9572
2.7127 -10.2918 -2.5014 0.9572
3.0804 -10.1878 -2.5014 0.9572
3.8035 -9.9405 -2.5014 0.9572
4.1579 -9.7975 -2.5014 0.9572
4.5069 -9.6419 -2.5014 0.9572
5.1871 -9.2937 -2.5014 0.9572
6.4640 -8.4555 -2.5014 0.9572
7.3356 -7.7116 -2.5014 0.9572
7.8700 -7.1653 -2.5014 0.9572
8.1222 -6.8782 -2.5014 0.9572
8.8146 -5.9651 -2.5014 0.9572
9.2199 -5.3172 -2.5014 0.9572
9.4049 -4.9828 -2.5014 0.9572
9.8861 -3.9427 -2.5014 0.9572
10.0212 -3.5853 -2.5014 0.9572
10.1435 -3.2232 -2.5014 0.9572
10.2527 -2.8570 -2.5014 0.9572
10.3486 -2.4871 -2.5014 0.9572
10.5004 -1.7381 -2.5014 0.9572
10.5560 -1.3601 -2.5014 0.9572
10.5980 -0.9802 -2.5014 0.9572
10.6411 -0.2173 -2.5014 0.9572
10.6292 0.5468 -2.5014 0.9572
10.6027 0.9280 -2.5014 0.9572
10.5088 1.6865 -2.5014 0.9572
10.4415 2.0626 -2.5014 0.9572
10.1592 3.1733 -2.5014 0.9572
10.0388 3.5359 -2.5014 0.9572
9.9054 3.8941 -2.5014 0.9572
9.7592 4.2471 -2.5014 0.9572
9.4293 4.9364 -2.5014 0.9572
9.2460 5.2718 -2.5014 0.9572
8.8439 5.9216 -2.5014 0.9572
8.6256 6.2353 -2.5014 0.9572
7.6333 7.3951 -2.4978 0.9573
7.3337 7.6339 -2.4879 0.9574
6.8367 7.6482 -2.4110 0.9587
6.3898 7.6867 -2.3492 0.9598
6.1097 7.9111 -2.3492 0.9598
5.5263 8.3291 -2.3492 0.9598
5.2237 8.5221 -2.3492 0.9598
4.9144 8.7042 -2.3492 0.9598
4.5988 8.8750 -2.3492 0.9598
4.2772 9.0343 -2.3492 0.9598
3.9501 9.1821 -2.3492 0.9598
3.6180 9.3180 -2.3492 0.9598
1.0585 8.8520 -2.0952 0.9640
-0.5367 8.8554 -2.0851 0.9642
-0.8567 8.8561 -2.0911 0.9641
-1.3190 9.9083 -2.3492 0.9598
-2.7237 9.6175 -2.3492 0.9598
-3.4067 9.3973 -2.3492 0.9598
-4.0722 9.1286 -2.3492 0.9598
-4.7167 8.8129 -2.3492 0.9598
-5.0301 8.6379 -2.3492 0.9598
-5.3369 8.4517 -2.3492 0.9598
-5.6369 8.2547 -2.3492 0.9598
-6.5392 7.6564 -2.3664 0.9595
-7.4562 7.5572 -2.4951 0.9573
-7.7363 7.2975 -2.4995 0.9572
-7.9995 7.0205 -2.5014 0.9572
-8.4827 6.4284 -2.5014 0.9572
-9.1246 5.4791 -2.5014 0.9572
-9.3154 5.1480 -2.5014 0.9572
-9.6608 4.4664 -2.5014 0.9572
-9.9564 3.7617 -2.5014 0.9572
-10.2006 3.0376 -2.5014 0.9572
-10.3923 2.2978 -2.5014 0.9572
-10.5791 1.1672 -2.5014 0.9572
-10.6372 -0.3591 -2.5014 0.9572
-10.6175 -0.7407 -2.5014 0.9572
-10.5840 -1.1214 -2.5014 0.9572
-10.5370 -1.5007 -2.5014 0.9572
-10.4021 -2.2529 -2.5014 0.9572
-10.3145 -2.6248 -2.5014 0.9572
-10.2137 -2.9934 -2.5014 0.9572
-10.0996 -3.3582 -2.5014 0.9572
-9.9726 -3.7186 -2.5014 0.9572
-9.6800 -4.4246 -2.5014 0.9572
-9.3376 -5.1077 -2.5014 0.9572
-8.9470 -5.7646 -2.5014 0.9572
-8.5104 -6.3917 -2.5014 0.9572
-7.7738 -7.2696 -2.5014 0.9572
-6.9472 -8.0633 -2.5014 0.9572
-6.6356 -8.2853 -2.4948 0.9573
-6.3507 -8.5410 -2.5014 0.9572
-6.0400 -8.7634 -2.5014 0.9572
-5.7215 -8.9746 -2.5014 0.9572
-5.3956 -9.1742 -2.5014 0.9572
-4.3780 -9.7012 -2.5014 0.9572
-4.0269 -9.8521 -2.5014 0.9572
-3.3096 -10.1156 -2.5014 0.9572
-2.9443 -10.2279 -2.5014 0.9572
-2.5753 -10.3270 -2.5014 0.9572
-2.2028 -10.4128 -2.5014 0.9572
-1.8276 -10.4852 -2.5014 0.9572
-1.4500 -10.5440 -2.5014 0.9572
-1.0706 -10.5893 -2.5014 0.9572
-0.6897 -10.6209 -2.5014 0.9572
-0.3080 -10.6388 -2.5014 0.9572
0.0742 -10.6430 -2.5014 0.9572
1.2180 -10.5734 -2.5014 0.9572
1.5968 -10.5228 -2.5014 0.9572
2.3610 8.7607 -2.3492 0.9632
1.7263 8.9075 -2.3492 0.9632
0.7353 8.7639 -2.2771 0.9643
-0.2106 8.7660 -2.2703 0.9644
-0.5260 8.7666 -2.2739 0.9644
-0.8428 8.7673 -2.2805 0.9643
-1.1618 8.7680 -2.2900 0.9641
-2.1520 8.8143 -2.3492 0.9632
-2.4670 8.7314 -2.3492 0.9632
-2.7789 8.6372 -2.3492 0.9632
-3.6914 8.2884 -2.3492 0.9632
-3.9866 8.1505 -2.3492 0.9632
-4.5611 7.8435 -2.3492 0.9632
-4.8397 7.6747 -2.3492 0.9632
-5.2176 7.6506 -2.3977 0.9625
-5.6225 7.6398 -2.4560 0.9616
-6.2632 7.3422 -2.4987 0.9609
-6.7812 6.8813 -2.5014 0.9609
-7.0238 6.6334 -2.5014 0.9609
-7.9010 5.5597 -2.5014 0.9609
-8.2795 4.9785 -2.5014 0.9609
-8.6154 4.3716 -2.5014 0.9609
-8.9069 3.7421 -2.5014 0.9609
-9.0355 3.4199 -2.5014 0.9609
-9.1524 3.0934 -2.5014 0.9609
-9.4320 2.0914 -2.5014 0.9609
-9.6021 1.0652 -2.5014 0.9609
-9.6342 0.7199 -2.5014 0.9609
-9.6538 0.3735 -2.5014 0.9609
-9.6610 0.0267 -2.5014 0.9609
-9.6557 -0.3201 -2.5014 0.9609
-9.6380 -0.6666 -2.5014 0.9609
-9.6079 -1.0121 -2.5014 0.9609
-9.5654 -1.3564 -2.5014 0.9609
-9.5105 -1.6989 -2.5014 0.9609
-9.4434 -2.0393 -2.5014 0.9609
-8.9274 -3.6928 -2.5014 0.9609
-8.3069 -4.9326 -2.5014 0.9609
-8.1245 -5.2277 -2.5014 0.9609
-7.9316 -5.5160 -2.5014 0.9609
-7.7284 -5.7971 -2.5014 0.9609
-7.2926 -6.3367 -2.5014 0.9609
-7.0604 -6.5945 -2.5014 0.9609
-6.8191 -6.8437 -2.5014 0.9609
-6.5690 -7.0841 -2.5014 0.9609
-6.0438 -7.5371 -2.5014 0.9609
-5.4874 -7.9514 -2.5014 0.9609
-5.1984 -8.1432 -2.5014 0.9609
-4.6007 -8.4953 -2.5014 0.9609
-4.2927 -8.6549 -2.5014 0.9609
-2.6782 -9.2824 -2.5014 0.9609
-1.3220 -9.5702 -2.5014 0.9609
-0.6319 -9.6404 -2.5014 0.9609
0.0615 -9.6608 -2.5014 0.9609
0.4083 -9.6524 -2.5014 0.9609
2.7961 -9.2476 -2.5014 0.9609
3.1263 -9.1412 -2.5014 0.9609
3.4525 -9.0231 -2.5014 0.9609
4.0910 -8.7521 -2.5014 0.9609
4.4025 -8.5996 -2.5014 0.9609
4.7084 -8.4360 -2.5014 0.9609
5.0083 -8.2615 -2.5014 0.9609
5.3016 -8.0764 -2.5014 0.9609
5.5881 -7.8809 -2.5014 0.9609
5.8675 -7.6752 -2.5014 0.9609
6.9056 -6.7563 -2.5014 0.9609
7.1437 -6.5041 -2.5014 0.9609
7.5920 -5.9747 -2.5014 0.9609
7.8016 -5.6983 -2.5014 0.9609
8.6938 -4.2135 -2.5014 0.9609
8.9737 -3.5789 -2.5014 0.9609
9.3065 -2.5934 -2.5014 0.9609
9.3936 -2.2576 -2.5014 0.9609
9.4686 -1.9189 -2.5014 0.9609
9.5313 -1.5777 -2.5014 0.9609
9.6200 -0.8898 -2.5014 0.9609
9.6590 -0.1972 -2.5014 0.9609
9.6599 0.1497 -2.5014 0.9609
9.6483 0.4964 -2.5014 0.9609
9.6242 0.8424 -2.5014 0.9609
9.4779 1.8723 -2.5014 0.9609
9.4046 2.2113 -2.5014 0.9609
9.3191 2.5475 -2.5014 0.9609
9.2217 2.8804 -2.5014 0.9609
9.1123 3.2096 -2.5014 0.9609
8.7144 4.1707 -2.5014 0.9609
8.3927 4.7853 -2.5014 0.9609
8.2155 5.0835 -2.5014 0.9609
7.8296 5.6598 -2.5014 0.9609
7.6213 5.9373 -2.5014 0.9609
7.4033 6.2071 -2.5014 0.9609
7.1757 6.4688 -2.5014 0.9609
6.1661 7.4175 -2.4974 0.9609
5.8875 7.6234 -2.4940 0.9610
5.0786 7.6542 -2.3784 0.9628
4.7417 7.7356 -2.3492 0.9632
3.8825 8.2006 -2.3492 0.9632
3.2841 8.4580 -2.3492 0.9632
2.9783 8.5705 -2.3492 0.9632
1.4000 8.9646 -2.3492 0.9632
1.0479 8.7632 -2.2851 0.9642
0.4140 8.7646 -2.2718 0.9644
0.0989 8.7653 -2.2696 0.9644
-0.8481 8.7673 -2.2806 0.9643
-1.1672 8.7680 -2.2902 0.9641
-1.5194 8.9451 -2.3492 0.9632
-1.8395 8.8848 -2.3492 0.9632
-2.4723 8.7299 -2.3492 0.9632
-2.7841 8.6355 -2.3492 0.9632
-3.3965 8.4135 -2.3492 0.9632
-3.6964 8.2861 -2.3492 0.9632
-3.9915 8.1481 -2.3492 0.9632
-4.2814 7.9996 -2.3492 0.9632
-4.5658 7.8407 -2.3492 0.9632
-4.8444 7.6717 -2.3492 0.9632
-6.5341 7.1163 -2.5014 0.9609
-6.7853 6.8772 -2.5014 0.9609
-7.0278 6.6292 -2.5014 0.9609
-7.2613 6.3726 -2.5014 0.9609
-7.9043 5.5550 -2.5014 0.9609
-8.0987 5.2676 -2.5014 0.9609
-8.4557 4.6729 -2.5014 0.9609
-8.7693 4.0542 -2.5014 0.9609
-8.9091 3.7367 -2.5014 0.9609
-9.2592 2.7572 -2.5014 0.9609
-9.4332 2.0857 -2.5014 0.9609
-9.5586 1.4035 -2.5014 0.9609
-9.6346 0.7140 -2.5014 0.9609
-9.6610 0.0209 -2.5014 0.9609
-9.6073 -1.0179 -2.5014 0.9609
-9.5645 -1.3622 -2.5014 0.9609
-9.2711 -2.7172 -2.5014 0.9609
-8.6368 -4.3291 -2.5014 0.9609
-8.1213 -5.2326 -2.5014 0.9609
-7.7250 -5.8018 -2.5014 0.9609
-7.5117 -6.0754 -2.5014 0.9609
-6.8150 -6.8478 -2.5014 0.9609
-5.7646 -7.7527 -2.5014 0.9609
-5.1935 -8.1464 -2.5014 0.9609
-4.8977 -8.3276 -2.5014 0.9609
-4.5956 -8.4980 -2.5014 0.9609
-4.2875 -8.6575 -2.5014 0.9609
-3.9740 -8.8059 -2.5014 0.9609
-2.6726 -9.2840 -2.5014 0.9609
-1.6589 -9.5175 -2.5014 0.9609
-1.3162 -9.5710 -2.5014 0.9609
-0.9717 -9.6120 -2.5014 0.9609
-0.2796 -9.6570 -2.5014 0.9609
0.0673 -9.6608 -2.5014 0.9609
0.4141 -9.6521 -2.5014 0.9609
0.7603 -9.6311 -2.5014 0.9609
1.4494 -9.5517 -2.5014 0.9609
2.4456 7.9298 -2.3492 0.9661
1.5788 8.1468 -2.3492 0.9661
0.6938 8.2694 -2.3492 0.9661
0.3965 8.2889 -2.3492 0.9661
0.0987 8.2978 -2.3492 0.9661
-1.9682 8.0616 -2.3492 0.9661
-2.5416 7.8996 -2.3492 0.9661
-3.1018 7.6969 -2.3492 0.9661
-3.7409 7.6483 -2.4103 0.9652
-4.0833 7.6405 -2.4525 0.9646
-4.9748 7.2945 -2.4995 0.9640
-5.7345 6.7224 -2.5014 0.9639
-5.9721 6.5122 -2.5014 0.9639
-6.4240 6.0669 -2.5014 0.9639
-6.6377 5.8324 -2.5014 0.9639
-6.8428 5.5904 -2.5014 0.9639
-7.2263 5.0850 -2.5014 0.9639
-7.5725 4.5533 -2.5014 0.9639
-7.8797 3.9982 -2.5014 0.9639
-8.0182 3.7128 -2.5014 0.9639
-8.2639 3.1279 -2.5014 0.9639
-8.5523 2.2213 -2.5014 0.9639
-8.6265 1.9128 -2.5014 0.9639
-8.6896 1.6019 -2.5014 0.9639
-8.7415 1.2889 -2.5014 0.9639
-8.7822 0.9743 -2.5014 0.9639
-8.8360 0.0244 -2.5014 0.9639
-8.8312 -0.2928 -2.5014 0.9639
-8.7874 -0.9257 -2.5014 0.9639
-8.7485 -1.2406 -2.5014 0.9639
-8.6983 -1.5538 -2.5014 0.9639
-8.6370 -1.8651 -2.5014 0.9639
-8.4808 -2.4800 -2.5014 0.9639
-8.2810 -3.0822 -2.5014 0.9639
-8.0386 -3.6684 -2.5014 0.9639
-7.5975 -4.5114 -2.5014 0.9639
-7.4307 -4.7812 -2.5014 0.9639
-7.2542 -5.0449 -2.5014 0.9639
-6.8736 -5.5524 -2.5014 0.9639
-6.6698 -5.7956 -2.5014 0.9639
-6.4574 -6.0313 -2.5014 0.9639
-6.2368 -6.2592 -2.5014 0.9639
-6.0080 -6.4791 -2.5014 0.9639
-5.2766 -7.0875 -2.5014 0.9639
-5.0188 -7.2724 -2.5014 0.9639
-4.4840 -7.6137 -2.5014 0.9639
-3.0523 -8.2921 -2.5014 0.9639
-2.7527 -8.3963 -2.5014 0.9639
-2.4495 -8.4897 -2.5014 0.9639
-1.5225 -8.7039 -2.5014 0.9639
-0.8941 -8.7907 -2.5014 0.9639
-0.5779 -8.8171 -2.5014 0.9639
-0.2610 -8.8322 -2.5014 0.9639
0.6901 -8.8090 -2.5014 0.9639
1.0059 -8.7786 -2.5014 0.9639
1.6332 -8.6838 -2.5014 0.9639
1.9439 -8.6196 -2.5014 0.9639
2.2521 -8.5442 -2.5014 0.9639
2.5573 -8.4579 -2.5014 0.9639
3.1576 -8.2526 -2.5014 0.9639
4.3063 -7.7156 -2.5014 0.9639
4.5806 -7.5560 -2.5014 0.9639
4.8489 -7.3867 -2.5014 0.9639
5.3664 -7.0198 -2.5014 0.9639
5.6149 -6.8226 -2.5014 0.9639
5.8562 -6.6166 -2.5014 0.9639
6.0900 -6.4021 -2.5014 0.9639
6.5337 -5.9486 -2.5014 0.9639
6.7430 -5.7102 -2.5014 0.9639
6.9437 -5.4645 -2.5014 0.9639
7.3179 -4.9522 -2.5014 0.9639
7.4909 -4.6863 -2.5014 0.9639
7.8079 -4.1367 -2.5014 0.9639
7.9513 -3.8537 -2.5014 0.9639
8.0846 -3.5658 -2.5014 0.9639
8.2074 -3.2733 -2.5014 0.9639
8.4211 -2.6759 -2.5014 0.9639
8.5914 -2.0648 -2.5014 0.9639
8.7174 -1.4430 -2.5014 0.9639
8.8220 -0.4974 -2.5014 0.9639
8.8350 0.1369 -2.5014 0.9639
8.8243 0.4540 -2.5014 0.9639
8.8024 0.7705 -2.5014 0.9639
8.7244 1.4001 -2.5014 0.9639
8.6685 1.7124 -2.5014 0.9639
8.5233 2.3300 -2.5014 0.9639
8.3342 2.9355 -2.5014 0.9639
8.2234 3.2328 -2.5014 0.9639
8.1020 3.5260 -2.5014 0.9639
7.9702 3.8145 -2.5014 0.9639
7.8282 4.0982 -2.5014 0.9639
7.6760 4.3766 -2.5014 0.9639
7.3422 4.9161 -2.5014 0.9639
6.5629 5.9164 -2.5014 0.9639
6.3463 6.1482 -2.5014 0.9639
6.1215 6.3721 -2.5014 0.9639
5.8888 6.5877 -2.5014 0.9639
5.6485 6.7949 -2.5014 0.9639
5.4009 6.9933 -2.5014 0.9639
4.6073 7.5164 -2.4958 0.9640
4.3108 7.6350 -2.4821 0.9642
2.7240 7.8386 -2.3492 0.9661
2.4408 7.9313 -2.3492 0.9661
2.1545 8.0138 -2.3492 0.9661
1.8654 8.0860 -2.3492 0.9661
1.5740 8.1478 -2.3492 0.9661
1.2804 8.1990 -2.3492 0.9661
0.3915 8.2892 -2.3492 0.9661
-0.2043 8.2959 -2.3492 0.9661
-1.0950 8.2258 -2.3492 0.9661
-1.6824 8.1261 -2.3492 0.9661
-2.2612 7.9844 -2.3492 0.9661
-2.8282 7.8016 -2.3492 0.9661
-3.1065 7.6950 -2.3492 0.9661
-4.0892 7.6404 -2.4532 0.9646
-4.4335 7.6135 -2.4941 0.9640
-4.7090 7.4573 -2.4968 0.9640
-4.9792 7.2916 -2.4996 0.9640
-5.4936 6.9207 -2.5014 0.9639
-5.7386 6.7190 -2.5014 0.9639
-5.9761 6.5086 -2.5014 0.9639
-6.2059 6.2899 -2.5014 0.9639
-6.8461 5.5862 -2.5014 0.9639
-7.0423 5.3369 -2.5014 0.9639
-7.5752 4.5488 -2.5014 0.9639
-7.7337 4.2739 -2.5014 0.9639
-8.1483 3.4176 -2.5014 0.9639
-8.2658 3.1229 -2.5014 0.9639
-8.4685 2.5218 -2.5014 0.9639
-8.6906 1.5967 -2.5014 0.9639
-8.8119 0.6531 -2.5014 0.9639
-8.8296 0.3363 -2.5014 0.9639
-8.8310 -0.2981 -2.5014 0.9639
-8.8146 -0.6150 -2.5014 0.9639
-8.7868 -0.9310 -2.5014 0.9639
-8.7478 -1.2458 -2.5014 0.9639
-8.2792 -3.0871 -2.5014 0.9639
-8.1630 -3.3824 -2.5014 0.9639
-8.0363 -3.6733 -2.5014 0.9639
-7.2512 -5.0493 -2.5014 0.9639
-7.0653 -5.3063 -2.5014 0.9639
-6.8702 -5.5566 -2.5014 0.9639
-6.6663 -5.7996 -2.5014 0.9639
-6.4538 -6.0352 -2.5014 0.9639
-6.2330 -6.2630 -2.5014 0.9639
-6.0041 -6.4827 -2.5014 0.9639
-5.7675 -6.6941 -2.5014 0.9639
-5.5235 -6.8968 -2.5014 0.9639
-5.2723 -7.0907 -2.5014 0.9639
-5.0144 -7.2754 -2.5014 0.9639
-4.2031 -7.7723 -2.5014 0.9639
-3.9214 -7.9182 -2.5014 0.9639
-1.5173 -8.7048 -2.5014 0.9639
-1.2038 -8.7536 -2.5014 0.9639
-0.8888 -8.7912 -2.5014 0.9639
0.0615 -8.8358 -2.5014 0.9639
0.3788 -8.8279 -2.5014 0.9639
0.6954 -8.8086 -2.5014 0.9639
1.3256 -8.7360 -2.5014 0.9639
2.0600 7.6437 -2.4349 0.9674
1.7691 7.6476 -2.4143 0.9677
1.1999 7.6534 -2.3828 0.9681
0.9201 7.6555 -2.3716 0.9682
0.6424 7.6570 -2.3634 0.9684
-0.1840 7.6587 -2.3563 0.9684
-0.7360 7.6565 -2.3658 0.9683
-1.0143 7.6548 -2.3750 0.9682
-1.8668 7.6463 -2.4209 0.9676
-2.4573 7.6377 -2.4678 0.9670
-2.7588 7.6245 -2.4939 0.9666
-3.0328 7.5256 -2.4956 0.9666
-3.3035 7.4173 -2.4974 0.9666
-3.8333 7.1726 -2.5014 0.9665
-4.0883 7.0303 -2.5014 0.9665
-4.8204 6.5500 -2.5014 0.9665
-5.0525 6.3728 -2.5014 0.9665
-5.2780 6.1873 -2.5014 0.9665
-5.4967 5.9938 -2.5014 0.9665
-6.1093 5.3681 -2.5014 0.9665
-6.2980 5.1453 -2.5014 0.9665
-6.6510 4.6802 -2.5014 0.9665
-6.8147 4.4384 -2.5014 0.9665
-7.1156 3.9379 -2.5014 0.9665
-7.2524 3.6800 -2.5014 0.9665
-7.4978 3.1501 -2.5014 0.9665
-7.7045 2.6040 -2.5014 0.9665
-7.7930 2.3257 -2.5014 0.9665
-7.8715 2.0445 -2.5014 0.9665
-7.9979 1.4744 -2.5014 0.9665
-8.0456 1.1863 -2.5014 0.9665
-8.0830 0.8967 -2.5014 0.9665
-8.1132 -0.5611 -2.5014 0.9665
-7.9494 -1.7166 -2.5014 0.9665
-7.8826 -2.0009 -2.5014 0.9665
-7.8057 -2.2826 -2.5014 0.9665
-7.5150 -3.1086 -2.5014 0.9665
-7.2726 -3.6398 -2.5014 0.9665
-6.9927 -4.1522 -2.5014 0.9665
-6.8392 -4.4006 -2.5014 0.9665
-6.6768 -4.6433 -2.5014 0.9665
-6.5058 -4.8800 -2.5014 0.9665
-6.3264 -5.1104 -2.5014 0.9665
-6.1388 -5.3342 -2.5014 0.9665
-5.9434 -5.5512 -2.5014 0.9665
-5.7403 -5.7610 -2.5014 0.9665
-5.5297 -5.9633 -2.5014 0.9665
-5.3121 -6.1580 -2.5014 0.9665
-5.0876 -6.3447 -2.5014 0.9665
-4.8566 -6.5233 -2.5014 0.9665
-4.6192 -6.6934 -2.5014 0.9665
-4.1271 -7.0076 -2.5014 0.9665
-3.8728 -7.1512 -2.5014 0.9665
-3.3497 -7.4107 -2.5014 0.9665
-2.5335 -7.7279 -2.5014 0.9665
-2.2545 -7.8139 -2.5014 0.9665
-1.9725 -7.8898 -2.5014 0.9665
-1.6880 -7.9555 -2.5014 0.9665
-1.4013 -8.0110 -2.5014 0.9665
-1.1128 -8.0561 -2.5014 0.9665
-0.8229 -8.0909 -2.5014 0.9665
-0.5319 -8.1152 -2.5014 0.9665
-0.2402 -8.1291 -2.5014 0.9665
0.0518 -8.1324 -2.5014 0.9665
0.9258 -8.0797 -2.5014 0.9665
1.2153 -8.0413 -2.5014 0.9665
2.9063 -7.5956 -2.5014 0.9665
3.1771 -7.4864 -2.5014 0.9665
3.4438 -7.3675 -2.5014 0.9665
3.7060 -7.2391 -2.5014 0.9665
4.7041 -6.6341 -2.5014 0.9665
5.1679 -6.2795 -2.5014 0.9665
5.3900 -6.0899 -2.5014 0.9665
5.6052 -5.8925 -2.5014 0.9665
6.2062 -5.2557 -2.5014 0.9665
7.0450 -4.0629 -2.5014 0.9665
7.1863 -3.8074 -2.5014 0.9665
7.3184 -3.5469 -2.5014 0.9665
7.4410 -3.2819 -2.5014 0.9665
7.5540 -3.0127 -2.5014 0.9665
7.6573 -2.7396 -2.5014 0.9665
7.7507 -2.4629 -2.5014 0.9665
7.9075 -1.9004 -2.5014 0.9665
7.9706 -1.6153 -2.5014 0.9665
8.0234 -1.3281 -2.5014 0.9665
8.0980 -0.7490 -2.5014 0.9665
8.1197 -0.4578 -2.5014 0.9665
8.1309 -0.1660 -2.5014 0.9665
7.5687 2.9755 -2.5014 0.9665
7.4571 3.2453 -2.5014 0.9665
7.3357 3.5109 -2.5014 0.9665
7.2050 3.7720 -2.5014 0.9665
7.0649 4.0282 -2.5014 0.9665
6.9158 4.2792 -2.5014 0.9665
6.7577 4.5247 -2.5014 0.9665
6.5909 4.7644 -2.5014 0.9665
5.8411 5.6588 -2.5014 0.9665
5.6342 5.8648 -2.5014 0.9665
5.4200 6.0633 -2.5014 0.9665
4.9709 6.4366 -2.5014 0.9665
4.7367 6.6109 -2.5014 0.9665
3.9984 7.0818 -2.5014 0.9665
3.4762 7.3425 -2.4987 0.9666
2.3510 7.6394 -2.4585 0.9671
2.0550 7.6438 -2.4346 0.9674
1.1952 7.6534 -2.3826 0.9681
0.9154 7.6555 -2.3714 0.9682
0.6378 7.6570 -2.3633 0.9684
0.0865 7.6591 -2.3559 0.9685
-1.0190 7.6548 -2.3752 0.9682
-1.5838 7.6497 -2.4028 0.9678
-1.8717 7.6463 -2.4213 0.9676
-2.4624 7.6376 -2.4682 0.9670
-3.3080 7.4154 -2.4975 0.9666
-4.3422 6.8764 -2.5014 0.9665
-4.5862 6.7161 -2.5014 0.9665
-4.8244 6.5471 -2.5014 0.9665
-5.5003 5.9905 -2.5014 0.9665
-5.9160 5.5804 -2.5014 0.9665
-6.1125 5.3644 -2.5014 0.9665
-6.4817 4.9120 -2.5014 0.9665
-6.8174 4.4342 -2.5014 0.9665
-6.9722 4.1867 -2.5014 0.9665
-7.1180 3.9336 -2.5014 0.9665
-7.2546 3.6756 -2.5014 0.9665
-7.3819 3.4128 -2.5014 0.9665
-7.4997 3.1456 -2.5014 0.9665
-7.6078 2.8743 -2.5014 0.9665
-7.7060 2.5993 -2.5014 0.9665
-7.7944 2.3210 -2.5014 0.9665
-7.8727 2.0397 -2.5014 0.9665
-7.9408 1.7558 -2.5014 0.9665
-7.9987 1.4696 -2.5014 0.9665
-8.0463 1.1815 -2.5014 0.9665
-8.0836 0.8918 -2.5014 0.9665
-8.1326 0.0176 -2.5014 0.9665
-8.1280 -0.2744 -2.5014 0.9665
-8.0873 -0.8569 -2.5014 0.9665
-8.0050 -1.4350 -2.5014 0.9665
-7.8814 -2.0056 -2.5014 0.9665
-7.8043 -2.2873 -2.5014 0.9665
-7.6201 -2.8414 -2.5014 0.9665
-7.5132 -3.1131 -2.5014 0.9665
-7.3966 -3.3808 -2.5014 0.9665
-7.2704 -3.6442 -2.5014 0.9665
-6.8365 -4.4047 -2.5014 0.9665
-6.6740 -4.6473 -2.5014 0.9665
-6.5028 -4.8839 -2.5014 0.9665
-5.9400 -5.5548 -2.5014 0.9665
-5.7368 -5.7644 -2.5014 0.9665
-5.5262 -5.9667 -2.5014 0.9665
-5.3084 -6.1612 -2.5014 0.9665
-4.8526 -6.5262 -2.5014 0.9665
-4.1228 -7.0101 -2.5014 0.9665
-3.8685 -7.1536 -2.5014 0.9665
-3.3453 -7.4127 -2.5014 0.9665
-2.8047 -7.6336 -2.5014 0.9665
-2.2498 -7.8152 -2.5014 0.9665
-1.9678 -7.8910 -2.5014 0.9665
-1.6832 -7.9565 -2.5014 0.9665
-1.3965 -8.0118 -2.5014 0.9665
-1.1080 -8.0568 -2.5014 0.9665
-0.5270 -8.1155 -2.5014 0.9665
0.0567 -8.1324 -2.5014 0.9665
0.6400 -8.1074 -2.5014 0.9665
0.9307 -8.0792 -2.5014 0.9665
1.2201 -8.0406 -2.5014 0.9665
2.2176 7.1906 -2.5013 0.9688
1.9571 7.2621 -2.5001 0.9688
1.6944 7.3246 -2.4990 0.9688
1.4299 7.3780 -2.4981 0.9688
0.6279 7.4836 -2.4963 0.9688
-0.1803 7.5066 -2.4959 0.9688
-0.9867 7.4467 -2.4970 0.9688
-1.2538 7.4084 -2.4976 0.9688
-1.5194 7.3610 -2.4984 0.9688
-2.3048 7.1636 -2.5014 0.9688
-2.5605 7.0762 -2.5014 0.9688
-2.8128 6.9797 -2.5014 0.9688
-3.0616 6.8743 -2.5014 0.9688
-3.5469 6.6369 -2.5014 0.9688
-3.7829 6.5052 -2.5014 0.9688
-5.0862 5.5461 -2.5014 0.9688
-5.4710 5.1669 -2.5014 0.9688
-5.6530 4.9672 -2.5014 0.9688
-6.3057 4.1069 -2.5014 0.9688
-6.4491 3.8779 -2.5014 0.9688
-6.8287 3.1620 -2.5014 0.9688
-6.9378 2.9148 -2.5014 0.9688
-7.0379 2.6639 -2.5014 0.9688
-7.2109 2.1520 -2.5014 0.9688
-7.3468 1.6291 -2.5014 0.9688
-7.4793 0.8297 -2.5014 0.9688
-7.5196 0.2909 -2.5014 0.9688
-7.5211 -0.2494 -2.5014 0.9688
-7.4838 -0.7884 -2.5014 0.9688
-7.4507 -1.0565 -2.5014 0.9688
-7.4079 -1.3233 -2.5014 0.9688
-7.3556 -1.5884 -2.5014 0.9688
-7.2939 -1.8515 -2.5014 0.9688
-6.9538 -2.8764 -2.5014 0.9688
-6.8460 -3.1242 -2.5014 0.9688
-6.6042 -3.6074 -2.5014 0.9688
-6.4704 -3.8421 -2.5014 0.9688
-5.8539 -4.7287 -2.5014 0.9688
-5.3115 -5.3307 -2.5014 0.9688
-5.1167 -5.5179 -2.5014 0.9688
-4.2742 -6.1935 -2.5014 0.9688
-3.5836 -6.6171 -2.5014 0.9688
-3.3437 -6.7415 -2.5014 0.9688
-3.0995 -6.8572 -2.5014 0.9688
-2.3443 -7.1507 -2.5014 0.9688
-2.0861 -7.2303 -2.5014 0.9688
-1.8252 -7.3005 -2.5014 0.9688
-1.5619 -7.3613 -2.5014 0.9688
-0.4922 -7.5091 -2.5014 0.9688
-0.2223 -7.5219 -2.5014 0.9688
0.3180 -7.5185 -2.5014 0.9688
1.1245 -7.4407 -2.5014 0.9688
1.9180 -7.2767 -2.5014 0.9688
2.1779 -7.2031 -2.5014 0.9688
2.6892 -7.0283 -2.5014 0.9688
3.9010 -6.4351 -2.5014 0.9688
4.1295 -6.2909 -2.5014 0.9688
4.3527 -6.1386 -2.5014 0.9688
5.1866 -5.4523 -2.5014 0.9688
5.7427 -4.8631 -2.5014 0.9688
5.9136 -4.6538 -2.5014 0.9688
6.0768 -4.4385 -2.5014 0.9688
6.3796 -3.9910 -2.5014 0.9688
6.5188 -3.7595 -2.5014 0.9688
6.6496 -3.5230 -2.5014 0.9688
7.0854 -2.5350 -2.5014 0.9688
7.1718 -2.2789 -2.5014 0.9688
7.4635 -0.9616 -2.5014 0.9688
7.4932 -0.6931 -2.5014 0.9688
7.5133 -0.4236 -2.5014 0.9688
7.5243 0.1166 -2.5014 0.9688
7.5153 0.3866 -2.5014 0.9688
7.4681 0.9249 -2.5014 0.9688
7.4301 1.1924 -2.5014 0.9688
7.1829 2.2436 -2.5014 0.9688
7.0978 2.5000 -2.5014 0.9688
6.9001 3.0029 -2.5014 0.9688
6.7878 3.2487 -2.5014 0.9688
6.6668 3.4902 -2.5014 0.9688
5.9364 4.6247 -2.5014 0.9688
5.7666 4.8348 -2.5014 0.9688
5.5893 5.0387 -2.5014 0.9688
5.4048 5.2361 -2.5014 0.9688
5.2133 5.4268 -2.5014 0.9688
4.5997 5.9558 -2.5014 0.9688
4.1605 6.2705 -2.5014 0.9688
3.9327 6.4158 -2.5014 0.9688
3.6998 6.5529 -2.5014 0.9688
3.4622 6.6815 -2.5014 0.9688
3.2201 6.8015 -2.5014 0.9688
2.9738 6.9127 -2.5014 0.9688
2.7238 7.0150 -2.5014 0.9688
2.2133 7.1919 -2.5013 0.9688
1.9527 7.2632 -2.5001 0.9688
1.4254 7.3788 -2.4981 0.9688
0.8918 7.4581 -2.4968 0.9688
0.6234 7.4840 -2.4963 0.9688
-0.1849 7.5064 -2.4959 0.9688
-0.4542 7.4955 -2.4961 0.9688
-1.7878 7.3034 -2.4994 0.9688
-2.0497 7.2378 -2.5005 0.9688
-2.3091 7.1622 -2.5014 0.9688
-3.5509 6.6347 -2.5014 0.9688
-3.7868 6.5030 -2.5014 0.9688
-4.6787 5.8940 -2.5014 0.9688
-5.2852 5.3568 -2.5014 0.9688
-5.4741 5.1636 -2.5014 0.9688
-5.8305 4.7575 -2.5014 0.9688
-5.9975 4.5451 -2.5014 0.9688
-6.1569 4.3269 -2.5014 0.9688
-6.3082 4.1031 -2.5014 0.9688
-6.4514 3.8740 -2.5014 0.9688
-6.5864 3.6399 -2.5014 0.9688
-6.7128 3.4010 -2.5014 0.9688
-6.8306 3.1579 -2.5014 0.9688
-6.9395 2.9106 -2.5014 0.9688
-7.0395 2.6596 -2.5014 0.9688
-7.2122 2.1477 -2.5014 0.9688
-7.2847 1.8874 -2.5014 0.9688
-7.3477 1.6246 -2.5014 0.9688
-7.4013 1.3598 -2.5014 0.9688
-7.4454 1.0932 -2.5014 0.9688
-7.4798 0.8252 -2.5014 0.9688
-7.5209 -0.2539 -2.5014 0.9688
-7.4071 -1.3278 -2.5014 0.9688
-7.1408 -2.3744 -2.5014 0.9688
-6.9520 -2.8806 -2.5014 0.9688
-6.8441 -3.1283 -2.5014 0.9688
-6.7274 -3.3720 -2.5014 0.9688
-6.0171 -4.5191 -2.5014 0.9688
-5.8510 -4.7322 -2.5014 0.9688
-5.6774 -4.9392 -2.5014 0.9688
-5.4964 -5.1399 -2.5014 0.9688
-5.3083 -5.3339 -2.5014 0.9688
-4.9119 -5.7010 -2.5014 0.9688
-4.4902 -6.0388 -2.5014 0.9688
-4.2705 -6.1961 -2.5014 0.9688
-4.0453 -6.3454 -2.5014 0.9688
-3.5796 -6.6193 -2.5014 0.9688
-3.0954 -6.8591 -2.5014 0.9688
-2.8472 -6.9658 -2.5014 0.9688
-2.5953 -7.0635 -2.5014 0.9688
-2.3400 -7.1521 -2.5014 0.9688
-1.5575 -7.3622 -2.5014 0.9688
-1.2922 -7.4134 -2.5014 0.9688
-0.7569 -7.4870 -2.5014 0.9688
-0.4876 -7.5094 -2.5014 0.9688
0.5922 -7.5018 -2.5014 0.9688
0.8612 -7.4757 -2.5014 0.9688
1.8201 6.7539 -2.5014 0.9707
1.5765 6.8149 -2.5014 0.9707
1.3308 6.8671 -2.5014 0.9707
1.0834 6.9104 -2.5014 0.9707
0.3342 6.9869 -2.5014 0.9707
-0.6693 6.9628 -2.5014 0.9707
-0.9188 6.9343 -2.5014 0.9707
-1.1672 6.8968 -2.5014 0.9707
-1.6590 6.7953 -2.5014 0.9707
-2.3800 6.5775 -2.5014 0.9707
-3.2970 6.1692 -2.5014 0.9707
-3.9412 5.7789 -2.5014 0.9707
-4.3456 5.4812 -2.5014 0.9707
-5.0855 4.8028 -2.5014 0.9707
-5.2546 4.6171 -2.5014 0.9707
-5.5723 4.2282 -2.5014 0.9707
-5.8614 3.8174 -2.5014 0.9707
-6.3474 2.9392 -2.5014 0.9707
-6.5420 2.4762 -2.5014 0.9707
-6.7028 2.0004 -2.5014 0.9707
-6.8290 1.5143 -2.5014 0.9707
-6.8790 1.2681 -2.5014 0.9707
-6.9201 1.0204 -2.5014 0.9707
-6.9522 0.7713 -2.5014 0.9707
-6.9754 0.5212 -2.5014 0.9707
-6.9896 0.2704 -2.5014 0.9707
-6.9949 0.0193 -2.5014 0.9707
-6.9782 -0.4826 -2.5014 0.9707
-6.9564 -0.7328 -2.5014 0.9707
-6.9256 -0.9821 -2.5014 0.9707
-6.8859 -1.2301 -2.5014 0.9707
-6.6389 -2.2030 -2.5014 0.9707
-6.3636 -2.9040 -2.5014 0.9707
-5.8824 -3.7850 -2.5014 0.9707
-5.5956 -4.1973 -2.5014 0.9707
-5.4413 -4.3955 -2.5014 0.9707
-5.2800 -4.5880 -2.5014 0.9707
-5.1119 -4.7746 -2.5014 0.9707
-4.9372 -4.9550 -2.5014 0.9707
-4.7561 -5.1291 -2.5014 0.9707
-4.5689 -5.2965 -2.5014 0.9707
-4.3759 -5.4571 -2.5014 0.9707
-4.1771 -5.6107 -2.5014 0.9707
-3.9730 -5.7570 -2.5014 0.9707
-3.3310 -6.1508 -2.5014 0.9707
-3.1081 -6.2664 -2.5014 0.9707
-2.4163 -6.5643 -2.5014 0.9707
-2.1791 -6.6468 -2.5014 0.9707
-1.9391 -6.7207 -2.5014 0.9707
-1.6966 -6.7860 -2.5014 0.9707
-1.4519 -6.8425 -2.5014 0.9707
-1.2053 -6.8902 -2.5014 0.9707
-0.9571 -6.9291 -2.5014 0.9707
-0.7078 -6.9590 -2.5014 0.9707
-0.4575 -6.9799 -2.5014 0.9707
-0.2066 -6.9918 -2.5014 0.9707
0.2956 -6.9886 -2.5014 0.9707
0.5463 -6.9735 -2.5014 0.9707
0.7963 -6.9494 -2.5014 0.9707
1.0453 -6.9163 -2.5014 0.9707
1.5388 -6.8235 -2.5014 0.9707
2.0245 -6.6955 -2.5014 0.9707
2.2635 -6.6185 -2.5014 0.9707
2.4997 -6.5330 -2.5014 0.9707
2.7326 -6.4390 -2.5014 0.9707
3.1876 -6.2264 -2.5014 0.9707
3.4090 -6.1079 -2.5014 0.9707
3.6261 -5.9816 -2.5014 0.9707
4.4450 -5.4010 -2.5014 0.9707
4.6360 -5.2379 -2.5014 0.9707
4.9999 -4.8917 -2.5014 0.9707
5.1723 -4.7091 -2.5014 0.9707
5.3380 -4.5204 -2.5014 0.9707
5.6486 -4.1257 -2.5014 0.9707
5.9300 -3.7098 -2.5014 0.9707
6.1810 -3.2747 -2.5014 0.9707
6.2945 -3.0507 -2.5014 0.9707
6.4000 -2.8228 -2.5014 0.9707
6.4972 -2.5912 -2.5014 0.9707
6.5860 -2.3563 -2.5014 0.9707
6.8555 -1.3893 -2.5014 0.9707
6.9010 -1.1423 -2.5014 0.9707
6.9838 -0.3937 -2.5014 0.9707
6.9856 0.3594 -2.5014 0.9707
6.9065 1.1084 -2.5014 0.9707
6.8092 1.6011 -2.5014 0.9707
6.7473 1.8445 -2.5014 0.9707
6.5976 2.3239 -2.5014 0.9707
6.4138 2.7912 -2.5014 0.9707
6.1970 3.2443 -2.5014 0.9707
5.9483 3.6806 -2.5014 0.9707
5.8123 3.8917 -2.5014 0.9707
5.5180 4.2988 -2.5014 0.9707
5.3602 4.4941 -2.5014 0.9707
5.1954 4.6836 -2.5014 0.9707
4.8459 5.0443 -2.5014 0.9707
4.6617 5.2150 -2.5014 0.9707
4.4715 5.3790 -2.5014 0.9707
3.6555 5.9637 -2.5014 0.9707
2.9932 6.3221 -2.5014 0.9707
2.5318 6.5206 -2.5014 0.9707
2.2961 6.6073 -2.5014 0.9707
2.0574 6.6855 -2.5014 0.9707
1.5724 6.8159 -2.5014 0.9707
0.8305 6.9454 -2.5014 0.9707
0.5806 6.9708 -2.5014 0.9707
0.3300 6.9871 -2.5014 0.9707
-0.6735 6.9624 -2.5014 0.9707
-1.1713 6.8961 -2.5014 0.9707
-1.4182 6.8496 -2.5014 0.9707
-2.6185 6.4863 -2.5014 0.9707
-3.0772 6.2817 -2.5014 0.9707
-3.3007 6.1672 -2.5014 0.9707
-3.5200 6.0447 -2.5014 0.9707
-3.7347 5.9144 -2.5014 0.9707
-4.5428 5.3189 -2.5014 0.9707
-4.7308 5.1524 -2.5014 0.9707
-4.9128 4.9793 -2.5014 0.9707
-5.0883 4.7997 -2.5014 0.9707
-5.2574 4.6139 -2.5014 0.9707
-5.8637 3.8139 -2.5014 0.9707
-5.9968 3.6010 -2.5014 0.9707
-6.1222 3.3833 -2.5014 0.9707
-6.2397 3.1614 -2.5014 0.9707
-6.3492 2.9353 -2.5014 0.9707
-6.4505 2.7055 -2.5014 0.9707
-6.6280 2.2357 -2.5014 0.9707
-6.7040 1.9963 -2.5014 0.9707
-6.7713 1.7544 -2.5014 0.9707
-6.8299 1.5101 -2.5014 0.9707
-6.8797 1.2640 -2.5014 0.9707
-6.9758 0.5170 -2.5014 0.9707
-6.9909 -0.2360 -2.5014 0.9707
-6.9779 -0.4868 -2.5014 0.9707
-6.9559 -0.7370 -2.5014 0.9707
-6.8364 -1.4806 -2.5014 0.9707
-6.6376 -2.2070 -2.5014 0.9707
-6.3618 -2.9078 -2.5014 0.9707
-6.0123 -3.5750 -2.5014 0.9707
-5.8801 -3.7885 -2.5014 0.9707
-5.5931 -4.2007 -2.5014 0.9707
-4.1737 -5.6132 -2.5014 0.9707
-3.7602 -5.8982 -2.5014 0.9707
-3.5461 -6.0294 -2.5014 0.9707
-3.3273 -6.1528 -2.5014 0.9707
-2.8773 -6.3757 -2.5014 0.9707
-2.6465 -6.4749 -2.5014 0.9707
-2.4124 -6.5657 -2.5014 0.9707
-1.9350 -6.7219 -2.5014 0.9707
-1.4477 -6.8434 -2.5014 0.9707
-1.2011 -6.8910 -2.5014 0.9707
-0.9530 -6.9296 -2.5014 0.9707
-0.7036 -6.9594 -2.5014 0.9707
-0.4533 -6.9802 -2.5014 0.9707
-0.2024 -6.9919 -2.5014 0.9707
0.8005 -6.9489 -2.5014 0.9707
1.0494 -6.9157 -2.5014 0.9707
1.6985 6.3026 -2.5014 0.9724
1.2419 6.4082 -2.5014 0.9724
0.7789 6.4808 -2.5014 0.9724
0.5457 6.5046 -2.5014 0.9724
0.3119 6.5199 -2.5014 0.9724
-0.1568 6.5255 -2.5014 0.9724
-0.6246 6.4975 -2.5014 0.9724
-1.5482 6.3412 -2.5014 0.9724
-1.7748 6.2815 -2.5014 0.9724
-2.2210 6.1380 -2.5014 0.9724
-3.0766 5.7568 -2.5014 0.9724
-3.2813 5.6427 -2.5014 0.9724
-3.4818 5.5212 -2.5014 0.9724
-3.6778 5.3927 -2.5014 0.9724
-4.0552 5.1149 -2.5014 0.9724
-4.2362 4.9660 -2.5014 0.9724
-4.5816 4.6493 -2.5014 0.9724
-4.7456 4.4818 -2.5014 0.9724
-4.9034 4.3085 -2.5014 0.9724
-5.0549 4.1297 -2.5014 0.9724
-5.1999 3.9456 -2.5014 0.9724
-5.3382 3.7564 -2.5014 0.9724
-5.5940 3.3637 -2.5014 0.9724
-6.1047 2.3107 -2.5014 0.9724
-6.1838 2.0900 -2.5014 0.9724
-6.2548 1.8667 -2.5014 0.9724
-6.3178 1.6409 -2.5014 0.9724
-6.3726 1.4131 -2.5014 0.9724
-6.4576 0.9522 -2.5014 0.9724
-6.4876 0.7197 -2.5014 0.9724
-6.5093 0.4864 -2.5014 0.9724
-6.5274 0.0180 -2.5014 0.9724
-6.5238 -0.2163 -2.5014 0.9724
-6.4915 -0.6838 -2.5014 0.9724
-6.4627 -0.9164 -2.5014 0.9724
-6.3803 -1.3778 -2.5014 0.9724
-6.3268 -1.6060 -2.5014 0.9724
-6.2650 -1.8321 -2.5014 0.9724
-6.1952 -2.0558 -2.5014 0.9724
-5.9383 -2.7099 -2.5014 0.9724
-5.8372 -2.9214 -2.5014 0.9724
-5.7285 -3.1290 -2.5014 0.9724
-5.4892 -3.5320 -2.5014 0.9724
-5.2217 -3.9168 -2.5014 0.9724
-5.0777 -4.1017 -2.5014 0.9724
-4.6072 -4.6239 -2.5014 0.9724
-4.0834 -5.0924 -2.5014 0.9724
-3.8980 -5.2357 -2.5014 0.9724
-3.7075 -5.3723 -2.5014 0.9724
-3.5122 -5.5019 -2.5014 0.9724
-3.3125 -5.6245 -2.5014 0.9724
-3.1084 -5.7397 -2.5014 0.9724
-2.9004 -5.8476 -2.5014 0.9724
-2.6886 -5.9480 -2.5014 0.9724
-1.8095 -6.2716 -2.5014 0.9724
-0.8932 -6.4660 -2.5014 0.9724
-0.6605 -6.4939 -2.5014 0.9724
-0.1928 -6.5245 -2.5014 0.9724
0.0415 -6.5273 -2.5014 0.9724
0.2758 -6.5216 -2.5014 0.9724
0.7431 -6.4849 -2.5014 0.9724
0.9754 -6.4541 -2.5014 0.9724
1.2065 -6.4149 -2.5014 0.9724
1.4360 -6.3675 -2.5014 0.9724
1.6637 -6.3118 -2.5014 0.9724
2.1123 -6.1762 -2.5014 0.9724
2.5500 -6.0087 -2.5014 0.9724
2.7640 -5.9133 -2.5014 0.9724
2.9745 -5.8102 -2.5014 0.9724
3.5820 -5.4568 -2.5014 0.9724
4.1479 -5.0400 -2.5014 0.9724
4.4988 -4.7294 -2.5014 0.9724
4.6657 -4.5648 -2.5014 0.9724
4.9812 -4.2183 -2.5014 0.9724
5.4059 -3.6583 -2.5014 0.9724
5.5338 -3.4619 -2.5014 0.9724
5.6545 -3.2610 -2.5014 0.9724
6.0630 -2.4180 -2.5014 0.9724
6.2878 -1.7522 -2.5014 0.9724
6.3467 -1.5253 -2.5014 0.9724
6.3974 -1.2965 -2.5014 0.9724
6.4997 -0.6012 -2.5014 0.9724
6.5170 -0.3674 -2.5014 0.9724
6.5260 -0.1332 -2.5014 0.9724
6.5188 0.3354 -2.5014 0.9724
6.5025 0.5692 -2.5014 0.9724
6.4779 0.8022 -2.5014 0.9724
6.4449 1.0343 -2.5014 0.9724
6.3541 1.4941 -2.5014 0.9724
6.1567 2.1686 -2.5014 0.9724
6.0748 2.3882 -2.5014 0.9724
5.9852 2.6047 -2.5014 0.9724
5.8878 2.8179 -2.5014 0.9724
5.7829 3.0275 -2.5014 0.9724
5.6704 3.2331 -2.5014 0.9724
5.4238 3.6317 -2.5014 0.9724
5.2900 3.8240 -2.5014 0.9724
5.0019 4.1937 -2.5014 0.9724
4.5221 4.7072 -2.5014 0.9724
4.3502 4.8665 -2.5014 0.9724
4.1727 5.0196 -2.5014 0.9724
3.9897 5.1661 -2.5014 0.9724
3.4112 5.5651 -2.5014 0.9724
3.2092 5.6840 -2.5014 0.9724
3.0031 5.7956 -2.5014 0.9724
2.7931 5.8996 -2.5014 0.9724
1.9199 6.2387 -2.5014 0.9724
1.6947 6.3036 -2.5014 0.9724
1.2380 6.4089 -2.5014 0.9724
1.0072 6.4492 -2.5014 0.9724
0.7750 6.4812 -2.5014 0.9724
0.3079 6.5201 -2.5014 0.9724
-0.1607 6.5254 -2.5014 0.9724
-0.3949 6.5154 -2.5014 0.9724
-1.0931 6.4352 -2.5014 0.9724
-1.5520 6.3402 -2.5014 0.9724
-1.7786 6.2804 -2.5014 0.9724
-2.6592 5.9612 -2.5014 0.9724
-3.0801 5.7550 -2.5014 0.9724
-3.2847 5.6407 -2.5014 0.9724
-3.4851 5.5192 -2.5014 0.9724
-4.2392 4.9635 -2.5014 0.9724
-4.4147 4.8081 -2.5014 0.9724
-4.9060 4.3056 -2.5014 0.9724
-5.0574 4.1267 -2.5014 0.9724
-5.8227 2.9501 -2.5014 0.9724
-6.0194 2.5247 -2.5014 0.9724
-6.3188 1.6371 -2.5014 0.9724
-6.3735 1.4092 -2.5014 0.9724
-6.4582 0.9483 -2.5014 0.9724
-6.4880 0.7158 -2.5014 0.9724
-6.5096 0.4824 -2.5014 0.9724
-6.5227 0.2484 -2.5014 0.9724
-6.5274 0.0141 -2.5014 0.9724
-6.5237 -0.2202 -2.5014 0.9724
-6.5116 -0.4543 -2.5014 0.9724
-6.4250 -1.1518 -2.5014 0.9724
-6.3795 -1.3817 -2.5014 0.9724
-6.3258 -1.6098 -2.5014 0.9724
-6.1160 -2.2805 -2.5014 0.9724
-6.0302 -2.4986 -2.5014 0.9724
-5.8354 -2.9249 -2.5014 0.9724
-5.7266 -3.1325 -2.5014 0.9724
-5.6105 -3.3361 -2.5014 0.9724
-5.3567 -3.7300 -2.5014 0.9724
-5.2193 -3.9199 -2.5014 0.9724
-4.9246 -4.2843 -2.5014 0.9724
-4.7676 -4.4584 -2.5014 0.9724
-4.4354 -4.7889 -2.5014 0.9724
-4.2606 -4.9451 -2.5014 0.9724
-4.0804 -5.0949 -2.5014 0.9724
-3.5089 -5.5040 -2.5014 0.9724
-3.3091 -5.6264 -2.5014 0.9724
-2.6850 -5.9496 -2.5014 0.9724
-2.2511 -6.1269 -2.5014 0.9724
-1.5794 -6.3334 -2.5014 0.9724
-1.3510 -6.3861 -2.5014 0.9724
-1.1208 -6.4304 -2.5014 0.9724
0.7470 -6.4845 -2.5014 0.9724
0.9793 -6.4535 -2.5014 0.9724
1.8012 5.8404 -2.5014 0.9739
1.5904 5.9013 -2.5014 0.9739
1.3775 5.9546 -2.5014 0.9739
1.1628 6.0002 -2.5014 0.9739
0.9467 6.0381 -2.5014 0.9739
0.7293 6.0682 -2.5014 0.9739
-0.1468 6.1101 -2.5014 0.9739
-0.3660 6.1009 -2.5014 0.9739
-1.6618 5.8816 -2.5014 0.9739
-2.4866 5.5831 -2.5014 0.9739
-2.6854 5.4903 -2.5014 0.9739
-2.8808 5.3903 -2.5014 0.9739
-3.4436 5.0494 -2.5014 0.9739
-3.6227 4.9225 -2.5014 0.9739
-3.9665 4.6499 -2.5014 0.9739
-4.2899 4.3533 -2.5014 0.9739
-4.8689 3.6944 -2.5014 0.9739
-4.9984 3.5172 -2.5014 0.9739
-5.1214 3.3355 -2.5014 0.9739
-5.2379 3.1495 -2.5014 0.9739
-5.5461 2.5681 -2.5014 0.9739
-5.7161 2.1636 -2.5014 0.9739
-5.7901 1.9569 -2.5014 0.9739
-5.8566 1.7478 -2.5014 0.9739
-6.0105 1.1080 -2.5014 0.9739
-6.0746 0.6739 -2.5014 0.9739
-6.0948 0.4554 -2.5014 0.9739
-6.1085 -0.2025 -2.5014 0.9739
-6.0973 -0.4217 -2.5014 0.9739
-6.0513 -0.8581 -2.5014 0.9739
-6.0166 -1.0748 -2.5014 0.9739
-5.7279 -2.1319 -2.5014 0.9739
-5.4655 -2.7354 -2.5014 0.9739
-5.2552 -3.1205 -2.5014 0.9739
-5.1398 -3.3071 -2.5014 0.9739
-4.6135 -4.0088 -2.5014 0.9739
-4.3139 -4.3295 -2.5014 0.9739
-3.6498 -4.9024 -2.5014 0.9739
-3.4715 -5.0302 -2.5014 0.9739
-3.2886 -5.1516 -2.5014 0.9739
-2.7157 -5.4753 -2.5014 0.9739
-1.6943 -5.8723 -2.5014 0.9739
-1.4824 -5.9293 -2.5014 0.9739
-1.0531 -6.0204 -2.5014 0.9739
-0.8363 -6.0543 -2.5014 0.9739
-0.3997 -6.0987 -2.5014 0.9739
-0.1805 -6.1091 -2.5014 0.9739
0.0389 -6.1117 -2.5014 0.9739
0.6958 -6.0721 -2.5014 0.9739
0.9133 -6.0432 -2.5014 0.9739
1.3446 -5.9621 -2.5014 0.9739
1.9778 -5.7830 -2.5014 0.9739
2.5881 -5.5368 -2.5014 0.9739
3.3539 -5.1093 -2.5014 0.9739
3.7119 -4.8555 -2.5014 0.9739
3.8838 -4.7192 -2.5014 0.9739
4.0507 -4.5767 -2.5014 0.9739
4.2124 -4.4283 -2.5014 0.9739
4.6641 -3.9497 -2.5014 0.9739
4.8029 -3.7798 -2.5014 0.9739
5.0617 -3.4254 -2.5014 0.9739
5.1814 -3.2415 -2.5014 0.9739
5.5921 -2.4664 -2.5014 0.9739
5.7546 -2.0588 -2.5014 0.9739
5.8248 -1.8509 -2.5014 0.9739
5.9426 -1.4282 -2.5014 0.9739
6.0298 -0.9981 -2.5014 0.9739
6.0858 -0.5629 -2.5014 0.9739
6.1106 -0.1248 -2.5014 0.9739
6.1037 0.3140 -2.5014 0.9739
6.0655 0.7512 -2.5014 0.9739
6.0346 0.9684 -2.5014 0.9739
5.9960 1.1845 -2.5014 0.9739
5.9496 1.3990 -2.5014 0.9739
5.8955 1.6116 -2.5014 0.9739
5.8339 1.8222 -2.5014 0.9739
5.7647 2.0305 -2.5014 0.9739
5.6041 2.4389 -2.5014 0.9739
5.5130 2.6385 -2.5014 0.9739
5.4147 2.8347 -2.5014 0.9739
5.0785 3.4004 -2.5014 0.9739
4.8214 3.7561 -2.5014 0.9739
4.5395 4.0924 -2.5014 0.9739
4.3897 4.2527 -2.5014 0.9739
4.2342 4.4075 -2.5014 0.9739
3.9070 4.7000 -2.5014 0.9739
3.1940 5.2108 -2.5014 0.9739
3.0049 5.3221 -2.5014 0.9739
2.8119 5.4266 -2.5014 0.9739
2.0062 5.7732 -2.5014 0.9739
1.7977 5.8415 -2.5014 0.9739
1.5868 5.9023 -2.5014 0.9739
1.3739 5.9554 -2.5014 0.9739
1.1592 6.0009 -2.5014 0.9739
0.9430 6.0386 -2.5014 0.9739
0.7256 6.0686 -2.5014 0.9739
0.5073 6.0908 -2.5014 0.9739
-0.1505 6.1100 -2.5014 0.9739
-0.8065 6.0584 -2.5014 0.9739
-1.8754 5.8170 -2.5014 0.9739
-2.0830 5.7459 -2.5014 0.9739
-2.2879 5.6674 -2.5014 0.9739
-2.4899 5.5816 -2.5014 0.9739
-2.6887 5.4887 -2.5014 0.9739
-2.8840 5.3886 -2.5014 0.9739
-3.0756 5.2816 -2.5014 0.9739
-3.2633 5.1678 -2.5014 0.9739
-3.7999 4.7870 -2.5014 0.9739
-4.4460 4.1938 -2.5014 0.9739
-4.5937 4.0315 -2.5014 0.9739
-4.7354 3.8640 -2.5014 0.9739
-4.8711 3.6915 -2.5014 0.9739
-5.0005 3.5142 -2.5014 0.9739
-5.2397 3.1464 -2.5014 0.9739
-5.4520 2.7623 -2.5014 0.9739
-5.5477 2.5648 -2.5014 0.9739
-5.6362 2.3640 -2.5014 0.9739
-5.7174 2.1601 -2.5014 0.9739
-5.8576 1.7443 -2.5014 0.9739
-5.9165 1.5329 -2.5014 0.9739
-5.9677 1.3195 -2.5014 0.9739
-6.0112 1.1044 -2.5014 0.9739
-6.0470 0.8879 -2.5014 0.9739
-6.0750 0.6702 -2.5014 0.9739
-6.0951 0.4517 -2.5014 0.9739
-6.1118 0.0132 -2.5014 0.9739
-6.0970 -0.4254 -2.5014 0.9739
-6.0778 -0.6440 -2.5014 0.9739
-5.9230 -1.5073 -2.5014 0.9739
-5.8651 -1.7190 -2.5014 0.9739
-5.7267 -2.1354 -2.5014 0.9739
-5.6463 -2.3396 -2.5014 0.9739
-5.5587 -2.5408 -2.5014 0.9739
-5.1378 -3.3102 -2.5014 0.9739
-5.0156 -3.4926 -2.5014 0.9739
-4.8870 -3.6704 -2.5014 0.9739
-4.4641 -4.1745 -2.5014 0.9739
-4.3113 -4.3321 -2.5014 0.9739
-3.9894 -4.6303 -2.5014 0.9739
-3.8206 -4.7705 -2.5014 0.9739
-3.6468 -4.9046 -2.5014 0.9739
-3.0984 -5.2682 -2.5014 0.9739
-2.9073 -5.3761 -2.5014 0.9739
-2.7124 -5.4770 -2.5014 0.9739
-2.5140 -5.5708 -2.5014 0.9739
-2.3124 -5.6575 -2.5014 0.9739
-1.9005 -5.8088 -2.5014 0.9739
-1.6908 -5.8733 -2.5014 0.9739
-1.4788 -5.9302 -2.5014 0.9739
-1.2650 -5.9795 -2.5014 0.9739
-0.8327 -6.0548 -2.5014 0.9739
-0.6148 -6.0808 -2.5014 0.9739
0.2620 -6.1062 -2.5014 0.9739
0.4810 -6.0929 -2.5014 0.9739
0.6994 -6.0717 -2.5014 0.9739
1.6915 5.4847 -2.5014 0.9753
1.4935 5.5419 -2.5014 0.9753
1.2936 5.5919 -2.5014 0.9753
0.8890 5.6703 -2.5014 0.9753
0.6849 5.6986 -2.5014 0.9753
0.4799 5.7195 -2.5014 0.9753
0.2742 5.7331 -2.5014 0.9753
0.0682 5.7392 -2.5014 0.9753
-0.1378 5.7380 -2.5014 0.9753
-0.3437 5.7293 -2.5014 0.9753
-0.7540 5.6899 -2.5014 0.9753
-1.3613 5.5758 -2.5014 0.9753
-1.5606 5.5234 -2.5014 0.9753
-1.7579 5.4638 -2.5014 0.9753
-2.1454 5.3236 -2.5014 0.9753
-2.3351 5.2431 -2.5014 0.9753
-2.5218 5.1559 -2.5014 0.9753
-2.7053 5.0621 -2.5014 0.9753
-2.8853 4.9617 -2.5014 0.9753
-3.0616 4.8549 -2.5014 0.9753
-3.2339 4.7419 -2.5014 0.9753
-3.4020 4.6227 -2.5014 0.9753
-3.7250 4.3667 -2.5014 0.9753
-3.8793 4.2301 -2.5014 0.9753
-4.1728 3.9409 -2.5014 0.9753
-4.4449 3.6313 -2.5014 0.9753
-4.8095 3.1324 -2.5014 0.9753
-5.0219 2.7792 -2.5014 0.9753
-5.1184 2.5971 -2.5014 0.9753
-5.2916 2.2232 -2.5014 0.9753
-5.4999 1.6414 -2.5014 0.9753
-5.5553 1.4429 -2.5014 0.9753
-5.6782 0.8372 -2.5014 0.9753
-5.7396 0.0159 -2.5014 0.9753
-5.7365 -0.1902 -2.5014 0.9753
-5.7259 -0.3960 -2.5014 0.9753
-5.7080 -0.6013 -2.5014 0.9753
-5.6828 -0.8058 -2.5014 0.9753
-5.6502 -1.0093 -2.5014 0.9753
-5.6103 -1.2115 -2.5014 0.9753
-5.5632 -1.4121 -2.5014 0.9753
-5.5089 -1.6109 -2.5014 0.9753
-5.4475 -1.8077 -2.5014 0.9753
-5.3038 -2.1939 -2.5014 0.9753
-5.2216 -2.3829 -2.5014 0.9753
-5.0371 -2.7514 -2.5014 0.9753
-4.8267 -3.1057 -2.5014 0.9753
-4.5915 -3.4441 -2.5014 0.9753
-4.3325 -3.7646 -2.5014 0.9753
-4.0512 -4.0658 -2.5014 0.9753
-3.9026 -4.2086 -2.5014 0.9753
-3.4275 -4.6038 -2.5014 0.9753
-3.0883 -4.8379 -2.5014 0.9753
-2.5503 -5.1419 -2.5014 0.9753
-2.3641 -5.2301 -2.5014 0.9753
-2.1748 -5.3116 -2.5014 0.9753
-1.9827 -5.3863 -2.5014 0.9753
-1.5911 -5.5147 -2.5014 0.9753
-1.3921 -5.5682 -2.5014 0.9753
-0.5808 -5.7101 -2.5014 0.9753
-0.3754 -5.7273 -2.5014 0.9753
-0.1696 -5.7371 -2.5014 0.9753
0.0365 -5.7395 -2.5014 0.9753
0.2425 -5.7345 -2.5014 0.9753
0.4483 -5.7221 -2.5014 0.9753
1.0609 -5.6407 -2.5014 0.9753
1.2627 -5.5990 -2.5014 0.9753
1.4629 -5.5500 -2.5014 0.9753
2.0511 -5.3606 -2.5014 0.9753
2.2422 -5.2835 -2.5014 0.9753
2.7973 -5.0118 -2.5014 0.9753
2.9754 -4.9082 -2.5014 0.9753
3.4858 -4.5598 -2.5014 0.9753
3.6473 -4.4317 -2.5014 0.9753
3.9559 -4.1586 -2.5014 0.9753
4.1026 -4.0139 -2.5014 0.9753
4.3801 -3.7092 -2.5014 0.9753
4.5104 -3.5496 -2.5014 0.9753
5.0717 -2.6871 -2.5014 0.9753
5.1650 -2.5033 -2.5014 0.9753
5.2515 -2.3162 -2.5014 0.9753
5.4041 -1.9334 -2.5014 0.9753
5.4701 -1.7382 -2.5014 0.9753
5.5290 -1.5407 -2.5014 0.9753
5.5807 -1.3412 -2.5014 0.9753
5.6252 -1.1400 -2.5014 0.9753
5.6625 -0.9373 -2.5014 0.9753
5.6925 -0.7334 -2.5014 0.9753
5.7152 -0.5286 -2.5014 0.9753
5.7305 -0.3231 -2.5014 0.9753
5.7389 0.0889 -2.5014 0.9753
5.6671 0.9094 -2.5014 0.9753
5.6308 1.1123 -2.5014 0.9753
5.5872 1.3137 -2.5014 0.9753
5.1772 2.4778 -2.5014 0.9753
4.8808 3.0201 -2.5014 0.9753
4.6515 3.3625 -2.5014 0.9753
4.3983 3.6876 -2.5014 0.9753
4.2630 3.8431 -2.5014 0.9753
3.6691 4.4137 -2.5014 0.9753
3.1733 4.7827 -2.5014 0.9753
2.6407 5.0961 -2.5014 0.9753
2.2682 5.2724 -2.5014 0.9753
1.4902 5.5428 -2.5014 0.9753
1.2902 5.5927 -2.5014 0.9753
1.0886 5.6354 -2.5014 0.9753
0.8856 5.6709 -2.5014 0.9753
0.2708 5.7332 -2.5014 0.9753
0.0648 5.7393 -2.5014 0.9753
-0.1413 5.7379 -2.5014 0.9753
-0.3472 5.7291 -2.5014 0.9753
-0.7574 5.6894 -2.5014 0.9753
-1.3647 5.5750 -2.5014 0.9753
-1.5640 5.5224 -2.5014 0.9753
-1.9562 5.3960 -2.5014 0.9753
-2.1486 5.3223 -2.5014 0.9753
-2.3383 5.2417 -2.5014 0.9753
-2.7084 5.0604 -2.5014 0.9753
-2.8883 4.9599 -2.5014 0.9753
-4.4470 3.6286 -2.5014 0.9753
-4.5744 3.4667 -2.5014 0.9753
-5.0236 2.7762 -2.5014 0.9753
-5.2929 2.2200 -2.5014 0.9753
-5.4386 1.8345 -2.5014 0.9753
-5.6043 1.2391 -2.5014 0.9753
-5.6787 0.8338 -2.5014 0.9753
-5.7239 0.4242 -2.5014 0.9753
-5.7363 -0.1936 -2.5014 0.9753
-5.6496 -1.0127 -2.5014 0.9753
-5.6096 -1.2149 -2.5014 0.9753
-5.5623 -1.4155 -2.5014 0.9753
-5.3779 -2.0053 -2.5014 0.9753
-5.0355 -2.7544 -2.5014 0.9753
-4.7102 -3.2799 -2.5014 0.9753
-4.5894 -3.4468 -2.5014 0.9753
-4.3302 -3.7673 -2.5014 0.9753
-3.7464 -4.3483 -2.5014 0.9753
-3.5879 -4.4800 -2.5014 0.9753
-3.2572 -4.7258 -2.5014 0.9753
-2.5472 -5.1434 -2.5014 0.9753
-2.3609 -5.2316 -2.5014 0.9753
-2.1716 -5.3129 -2.5014 0.9753
-1.9795 -5.3875 -2.5014 0.9753
-1.7848 -5.4550 -2.5014 0.9753
-1.3888 -5.5691 -2.5014 0.9753
-1.1879 -5.6153 -2.5014 0.9753
-0.5773 -5.7105 -2.5014 0.9753
-0.1661 -5.7372 -2.5014 0.9753
0.0400 -5.7395 -2.5014 0.9753
0.4517 -5.7218 -2.5014 0.9753
0.8611 -5.6746 -2.5014 0.9753
1.5926 5.1640 -2.5014 0.9765
1.2180 5.2649 -2.5014 0.9765
0.4518 5.3851 -2.5014 0.9765
-0.1298 5.4024 -2.5014 0.9765
-0.5171 5.3792 -2.5014 0.9765
-0.7099 5.3572 -2.5014 0.9765
-0.9017 5.3282 -2.5014 0.9765
-1.4694 5.2004 -2.5014 0.9765
-1.8387 5.0816 -2.5014 0.9765
-2.3744 4.8544 -2.5014 0.9765
-2.8825 4.5710 -2.5014 0.9765
-3.0448 4.4646 -2.5014 0.9765
-3.3573 4.2346 -2.5014 0.9765
-3.7931 3.8491 -2.5014 0.9765
-4.0595 3.5670 -2.5014 0.9765
-4.1849 3.4190 -2.5014 0.9765
-4.6312 2.7848 -2.5014 0.9765
-4.7282 2.6167 -2.5014 0.9765
-4.8191 2.4453 -2.5014 0.9765
-4.9038 2.2707 -2.5014 0.9765
-5.0541 1.9130 -2.5014 0.9765
-5.1195 1.7303 -2.5014 0.9765
-5.1783 1.5454 -2.5014 0.9765
-5.2304 1.3585 -2.5014 0.9765
-5.3144 0.9797 -2.5014 0.9765
-5.3462 0.7883 -2.5014 0.9765
-5.3710 0.5958 -2.5014 0.9765
-5.3890 0.4027 -2.5014 0.9765
-5.3999 0.2089 -2.5014 0.9765
-5.4040 0.0149 -2.5014 0.9765
-5.4010 -0.1791 -2.5014 0.9765
-5.3504 -0.7587 -2.5014 0.9765
-5.2379 -1.3296 -2.5014 0.9765
-5.1867 -1.5167 -2.5014 0.9765
-5.1290 -1.7020 -2.5014 0.9765
-5.0646 -1.8850 -2.5014 0.9765
-4.9936 -2.0656 -2.5014 0.9765
-4.9162 -2.2435 -2.5014 0.9765
-4.8325 -2.4186 -2.5014 0.9765
-4.7426 -2.5905 -2.5014 0.9765
-4.6465 -2.7591 -2.5014 0.9765
-4.5445 -2.9241 -2.5014 0.9765
-4.3230 -3.2427 -2.5014 0.9765
-4.2038 -3.3958 -2.5014 0.9765
-3.8143 -3.8281 -2.5014 0.9765
-3.6744 -3.9625 -2.5014 0.9765
-3.3806 -4.2159 -2.5014 0.9765
-3.0694 -4.4476 -2.5014 0.9765
-2.9078 -4.5550 -2.5014 0.9765
-2.5734 -4.7519 -2.5014 0.9765
-2.4012 -4.8412 -2.5014 0.9765
-1.8668 -5.0713 -2.5014 0.9765
-1.4981 -5.1922 -2.5014 0.9765
-1.3107 -5.2426 -2.5014 0.9765
-0.9312 -5.3231 -2.5014 0.9765
-0.5468 -5.3762 -2.5014 0.9765
-0.3534 -5.3924 -2.5014 0.9765
0.0344 -5.4038 -2.5014 0.9765
0.2284 -5.3991 -2.5014 0.9765
0.4221 -5.3875 -2.5014 0.9765
0.8075 -5.3433 -2.5014 0.9765
0.9988 -5.3109 -2.5014 0.9765
1.7487 -5.1132 -2.5014 0.9765
1.9312 -5.0471 -2.5014 0.9765
2.1111 -4.9745 -2.5014 0.9765
2.2883 -4.8955 -2.5014 0.9765
3.7246 -3.9154 -2.5014 0.9765
3.8627 -3.7792 -2.5014 0.9765
4.3639 -3.1874 -2.5014 0.9765
4.4755 -3.0287 -2.5014 0.9765
4.5813 -2.8660 -2.5014 0.9765
5.0881 -1.8204 -2.5014 0.9765
5.1502 -1.6365 -2.5014 0.9765
5.2056 -1.4506 -2.5014 0.9765
5.2543 -1.2628 -2.5014 0.9765
5.2963 -1.0733 -2.5014 0.9765
5.4028 -0.1103 -2.5014 0.9765
5.3968 0.2776 -2.5014 0.9765
5.2605 1.2369 -2.5014 0.9765
5.2127 1.4250 -2.5014 0.9765
5.1582 1.6112 -2.5014 0.9765
5.0970 1.7953 -2.5014 0.9765
5.0293 1.9771 -2.5014 0.9765
4.9551 2.1564 -2.5014 0.9765
4.8745 2.3329 -2.5014 0.9765
4.6945 2.6767 -2.5014 0.9765
4.2630 3.3211 -2.5014 0.9765
4.1411 3.4720 -2.5014 0.9765
3.8813 3.7602 -2.5014 0.9765
3.7438 3.8971 -2.5014 0.9765
3.6015 4.0289 -2.5014 0.9765
3.4545 4.1556 -2.5014 0.9765
3.1474 4.3928 -2.5014 0.9765
2.6569 4.7057 -2.5014 0.9765
2.1356 4.9641 -2.5014 0.9765
1.7739 5.1046 -2.5014 0.9765
1.4030 5.2187 -2.5014 0.9765
1.2148 5.2657 -2.5014 0.9765
0.8338 5.3393 -2.5014 0.9765
0.2549 5.3980 -2.5014 0.9765
0.0610 5.4036 -2.5014 0.9765
-0.1330 5.4023 -2.5014 0.9765
-0.3269 5.3941 -2.5014 0.9765
-0.7131 5.3567 -2.5014 0.9765
-1.0956 5.2918 -2.5014 0.9765
-1.2849 5.2490 -2.5014 0.9765
-1.8418 5.0805 -2.5014 0.9765
-2.2016 4.9352 -2.5014 0.9765
-2.3773 4.8530 -2.5014 0.9765
-2.5500 4.7645 -2.5014 0.9765
-2.8853 4.5693 -2.5014 0.9765
-3.0475 4.4627 -2.5014 0.9765
-3.5096 4.1092 -2.5014 0.9765
-3.6549 3.9806 -2.5014 0.9765
-3.7954 3.8468 -2.5014 0.9765
-3.9311 3.7081 -2.5014 0.9765
-4.3069 3.2639 -2.5014 0.9765
-4.7298 2.6138 -2.5014 0.9765
-4.8206 2.4424 -2.5014 0.9765
-4.9051 2.2677 -2.5014 0.9765
-5.1205 1.7272 -2.5014 0.9765
-5.1792 1.5423 -2.5014 0.9765
-5.2313 1.3554 -2.5014 0.9765
-5.2765 1.1667 -2.5014 0.9765
-5.3467 0.7851 -2.5014 0.9765
-5.3714 0.5926 -2.5014 0.9765
-5.4040 0.0117 -2.5014 0.9765
-5.3909 -0.3761 -2.5014 0.9765
-5.3739 -0.5694 -2.5014 0.9765
-5.3500 -0.7619 -2.5014 0.9765
-5.3192 -0.9535 -2.5014 0.9765
-5.2371 -1.3327 -2.5014 0.9765
-5.1279 -1.7051 -2.5014 0.9765
-5.0634 -1.8880 -2.5014 0.9765
-4.9924 -2.0686 -2.5014 0.9765
-4.5427 -2.9269 -2.5014 0.9765
-4.4347 -3.0881 -2.5014 0.9765
-4.3210 -3.2453 -2.5014 0.9765
-4.0770 -3.5470 -2.5014 0.9765
-3.9470 -3.6910 -2.5014 0.9765
-3.8120 -3.8303 -2.5014 0.9765
-3.5273 -4.0940 -2.5014 0.9765
-3.2245 -4.3365 -2.5014 0.9765
-3.0667 -4.4495 -2.5014 0.9765
-2.9050 -4.5567 -2.5014 0.9765
-2.5706 -4.7534 -2.5014 0.9765
-1.4949 -5.1931 -2.5014 0.9765
-0.7362 -5.3536 -2.5014 0.9765
-0.5436 -5.3765 -2.5014 0.9765
-0.3502 -5.3926 -2.5014 0.9765
0.0376 -5.4038 -2.5014 0.9765
0.2316 -5.3990 -2.5014 0.9765
0.4253 -5.3872 -2.5014 0.9765
0.6184 -5.3685 -2.5014 0.9765
0.8107 -5.3428 -2.5014 0.9765
0.9702 5.0063 -2.5014 0.9775
0.7899 5.0379 -2.5014 0.9775
0.4263 5.0816 -2.5014 0.9775
0.0606 5.0992 -2.5014 0.9775
-0.3054 5.0903 -2.5014 0.9775
-0.6699 5.0553 -2.5014 0.9775
-1.0309 4.9942 -2.5014 0.9775
-1.5618 4.8544 -2.5014 0.9775
-1.7351 4.7952 -2.5014 0.9775
-1.9061 4.7298 -2.5014 0.9775
-2.0747 4.6584 -2.5014 0.9775
-2.2406 4.5809 -2.5014 0.9775
-2.7201 4.3134 -2.5014 0.9775
-2.8732 4.2130 -2.5014 0.9775
-3.0226 4.1071 -2.5014 0.9775
-3.5794 3.6322 -2.5014 0.9775
-3.8308 3.3660 -2.5014 0.9775
-4.0624 3.0825 -2.5014 0.9775
-4.1704 2.9347 -2.5014 0.9775
-4.3703 2.6279 -2.5014 0.9775
-4.5476 2.3075 -2.5014 0.9775
-4.6275 2.1427 -2.5014 0.9775
-4.7014 1.9752 -2.5014 0.9775
-4.9786 1.1039 -2.5014 0.9775
-5.0150 0.9245 -2.5014 0.9775
-5.0957 0.1972 -2.5014 0.9775
-5.0995 0.0141 -2.5014 0.9775
-5.0967 -0.1690 -2.5014 0.9775
-5.0714 -0.5342 -2.5014 0.9775
-5.0490 -0.7160 -2.5014 0.9775
-5.0200 -0.8967 -2.5014 0.9775
-4.9846 -1.0764 -2.5014 0.9775
-4.7792 -1.7788 -2.5014 0.9775
-4.7123 -1.9492 -2.5014 0.9775
-4.5602 -2.2823 -2.5014 0.9775
-4.4754 -2.4445 -2.5014 0.9775
-4.3847 -2.6036 -2.5014 0.9775
-4.2884 -2.7594 -2.5014 0.9775
-4.0794 -3.0600 -2.5014 0.9775
-3.9669 -3.2044 -2.5014 0.9775
-3.8493 -3.3448 -2.5014 0.9775
-3.7267 -3.4808 -2.5014 0.9775
-3.5994 -3.6124 -2.5014 0.9775
-2.8965 -4.1971 -2.5014 0.9775
-2.5878 -4.3941 -2.5014 0.9775
-2.2659 -4.5684 -2.5014 0.9775
-2.1004 -4.6468 -2.5014 0.9775
-1.2369 -4.9472 -2.5014 0.9775
-0.5160 -5.0733 -2.5014 0.9775
-0.3335 -5.0886 -2.5014 0.9775
-0.1506 -5.0972 -2.5014 0.9775
0.2155 -5.0949 -2.5014 0.9775
0.7620 -5.0422 -2.5014 0.9775
1.2997 -4.9311 -2.5014 0.9775
1.4759 -4.8812 -2.5014 0.9775
1.8223 -4.7627 -2.5014 0.9775
2.4853 -4.4529 -2.5014 0.9775
2.6436 -4.3608 -2.5014 0.9775
2.7984 -4.2631 -2.5014 0.9775
2.9496 -4.1598 -2.5014 0.9775
3.0971 -4.0513 -2.5014 0.9775
3.6451 -3.5662 -2.5014 0.9775
4.1180 -3.0078 -2.5014 0.9775
4.2233 -2.8580 -2.5014 0.9775
4.3232 -2.7046 -2.5014 0.9775
4.4175 -2.5476 -2.5014 0.9775
4.6658 -2.0579 -2.5014 0.9775
4.7367 -1.8891 -2.5014 0.9775
4.8600 -1.5443 -2.5014 0.9775
4.9123 -1.3689 -2.5014 0.9775
4.9583 -1.1916 -2.5014 0.9775
4.9979 -1.0129 -2.5014 0.9775
5.0310 -0.8328 -2.5014 0.9775
5.0778 -0.4696 -2.5014 0.9775
5.0984 -0.1041 -2.5014 0.9775
5.0989 0.0790 -2.5014 0.9775
5.0927 0.2620 -2.5014 0.9775
5.0801 0.4447 -2.5014 0.9775
5.0608 0.6268 -2.5014 0.9775
5.0351 0.8080 -2.5014 0.9775
4.9641 1.1672 -2.5014 0.9775
4.8676 1.5204 -2.5014 0.9775
4.6759 2.0349 -2.5014 0.9775
4.5998 2.2015 -2.5014 0.9775
3.9077 3.2763 -2.5014 0.9775
3.6626 3.5483 -2.5014 0.9775
3.1170 4.0360 -2.5014 0.9775
2.5072 4.4406 -2.5014 0.9775
2.0152 4.6844 -2.5014 0.9775
1.8458 4.7537 -2.5014 0.9775
1.6739 4.8169 -2.5014 0.9775
1.3240 4.9246 -2.5014 0.9775
0.9672 5.0069 -2.5014 0.9775
0.4233 5.0819 -2.5014 0.9775
0.2406 5.0938 -2.5014 0.9775
0.0576 5.0992 -2.5014 0.9775
-0.3085 5.0902 -2.5014 0.9775
-0.6729 5.0549 -2.5014 0.9775
-0.8540 5.0275 -2.5014 0.9775
-2.2434 4.5796 -2.5014 0.9775
-2.5662 4.4068 -2.5014 0.9775
-2.7227 4.3118 -2.5014 0.9775
-2.8758 4.2113 -2.5014 0.9775
-3.3119 3.8777 -2.5014 0.9775
-3.4489 3.7563 -2.5014 0.9775
-3.5816 3.6301 -2.5014 0.9775
-3.7096 3.4992 -2.5014 0.9775
-3.8328 3.3637 -2.5014 0.9775
-3.9511 3.2240 -2.5014 0.9775
-4.0643 3.0800 -2.5014 0.9775
-4.1722 2.9321 -2.5014 0.9775
-4.2748 2.7805 -2.5014 0.9775
-4.4633 2.4666 -2.5014 0.9775
-4.7704 1.8023 -2.5014 0.9775
-4.8874 1.4554 -2.5014 0.9775
-4.9365 1.2790 -2.5014 0.9775
-5.0155 0.9215 -2.5014 0.9775
-5.0454 0.7408 -2.5014 0.9775
-5.0687 0.5592 -2.5014 0.9775
-5.0855 0.3769 -2.5014 0.9775
-5.0995 0.0110 -2.5014 0.9775
-5.0966 -0.1721 -2.5014 0.9775
-5.0485 -0.7190 -2.5014 0.9775
-5.0195 -0.8998 -2.5014 0.9775
-4.9839 -1.0794 -2.5014 0.9775
-4.8390 -1.6090 -2.5014 0.9775
-4.6380 -2.1199 -2.5014 0.9775
-4.4739 -2.4472 -2.5014 0.9775
-4.2868 -2.7620 -2.5014 0.9775
-4.0775 -3.0624 -2.5014 0.9775
-3.8473 -3.3471 -2.5014 0.9775
-3.4651 -3.7413 -2.5014 0.9775
-3.1878 -3.9803 -2.5014 0.9775
-2.8939 -4.1988 -2.5014 0.9775
-1.9294 -4.7204 -2.5014 0.9775
-1.2339 -4.9479 -2.5014 0.9775
-0.8757 -5.0237 -2.5014 0.9775
-0.6947 -5.0519 -2.5014 0.9775
-0.3305 -5.0888 -2.5014 0.9775
-0.1476 -5.0973 -2.5014 0.9775
0.5836 -5.0660 -2.5014 0.9775
1.0867 4.6977 -2.5014 0.9785
0.7469 4.7636 -2.5014 0.9785
0.2304 4.8162 -2.5014 0.9785
0.0573 4.8214 -2.5014 0.9785
-0.1158 4.8203 -2.5014 0.9785
-0.6334 4.7800 -2.5014 0.9785
-0.8046 4.7541 -2.5014 0.9785
-1.1436 4.6842 -2.5014 0.9785
-1.3110 4.6401 -2.5014 0.9785
-1.4768 4.5900 -2.5014 0.9785
-1.6406 4.5340 -2.5014 0.9785
-1.8023 4.4722 -2.5014 0.9785
-2.7167 3.9835 -2.5014 0.9785
-2.9956 3.7783 -2.5014 0.9785
-3.1293 3.6684 -2.5014 0.9785
-3.3844 3.4344 -2.5014 0.9785
-3.6221 3.1827 -2.5014 0.9785
-3.8412 2.9146 -2.5014 0.9785
-3.9433 2.7748 -2.5014 0.9785
-4.0404 2.6315 -2.5014 0.9785
-4.2188 2.3348 -2.5014 0.9785
-4.2999 2.1818 -2.5014 0.9785
-4.4454 1.8676 -2.5014 0.9785
-4.5095 1.7069 -2.5014 0.9785
-4.6204 1.3789 -2.5014 0.9785
-4.6669 1.2121 -2.5014 0.9785
-4.7074 1.0438 -2.5014 0.9785
-4.7418 0.8742 -2.5014 0.9785
-4.7702 0.7034 -2.5014 0.9785
-4.7923 0.5317 -2.5014 0.9785
-4.8083 0.3593 -2.5014 0.9785
-4.8191 -0.1598 -2.5014 0.9785
-4.8103 -0.3327 -2.5014 0.9785
-4.7740 -0.6770 -2.5014 0.9785
-4.7131 -1.0178 -2.5014 0.9785
-4.6735 -1.1863 -2.5014 0.9785
-4.6279 -1.3533 -2.5014 0.9785
-4.5189 -1.6819 -2.5014 0.9785
-4.4556 -1.8430 -2.5014 0.9785
-4.3866 -2.0018 -2.5014 0.9785
-4.3119 -2.1580 -2.5014 0.9785
-4.1459 -2.4618 -2.5014 0.9785
-3.4033 -3.4156 -2.5014 0.9785
-3.0164 -3.7617 -2.5014 0.9785
-2.5945 -4.0642 -2.5014 0.9785
-2.2962 -4.2399 -2.5014 0.9785
-2.1425 -4.3196 -2.5014 0.9785
-1.9860 -4.3937 -2.5014 0.9785
-1.8270 -4.4622 -2.5014 0.9785
-1.5021 -4.5818 -2.5014 0.9785
-1.1695 -4.6777 -2.5014 0.9785
-0.6598 -4.7764 -2.5014 0.9785
-0.3154 -4.8114 -2.5014 0.9785
-0.1424 -4.8196 -2.5014 0.9785
0.2037 -4.8174 -2.5014 0.9785
0.5489 -4.7904 -2.5014 0.9785
0.8912 -4.7386 -2.5014 0.9785
1.2289 -4.6625 -2.5014 0.9785
1.3955 -4.6154 -2.5014 0.9785
1.7231 -4.5033 -2.5014 0.9785
2.1973 -4.2920 -2.5014 0.9785
2.3499 -4.2103 -2.5014 0.9785
2.6460 -4.0309 -2.5014 0.9785
2.9284 -3.8306 -2.5014 0.9785
3.1957 -3.6106 -2.5014 0.9785
3.3233 -3.4936 -2.5014 0.9785
3.4465 -3.3720 -2.5014 0.9785
3.7891 -2.9819 -2.5014 0.9785
3.9933 -2.7024 -2.5014 0.9785
4.0877 -2.5573 -2.5014 0.9785
4.1769 -2.4088 -2.5014 0.9785
4.3390 -2.1029 -2.5014 0.9785
4.4117 -1.9458 -2.5014 0.9785
4.4787 -1.7862 -2.5014 0.9785
4.6448 -1.2943 -2.5014 0.9785
4.7822 -0.6161 -2.5014 0.9785
4.8012 -0.4441 -2.5014 0.9785
4.8141 -0.2714 -2.5014 0.9785
4.8207 -0.0984 -2.5014 0.9785
4.8034 0.4204 -2.5014 0.9785
4.7852 0.5926 -2.5014 0.9785
4.7608 0.7640 -2.5014 0.9785
4.6937 1.1037 -2.5014 0.9785
4.5479 1.6019 -2.5014 0.9785
4.1887 2.3883 -2.5014 0.9785
4.1003 2.5371 -2.5014 0.9785
3.5813 3.2285 -2.5014 0.9785
3.0823 3.7079 -2.5014 0.9785
2.9472 3.8162 -2.5014 0.9785
2.8083 3.9195 -2.5014 0.9785
2.6658 4.0178 -2.5014 0.9785
2.5198 4.1109 -2.5014 0.9785
2.3706 4.1987 -2.5014 0.9785
2.2184 4.2811 -2.5014 0.9785
2.0633 4.3580 -2.5014 0.9785
1.5827 4.5546 -2.5014 0.9785
1.4182 4.6085 -2.5014 0.9785
0.5725 4.7876 -2.5014 0.9785
0.4002 4.8051 -2.5014 0.9785
0.0544 4.8214 -2.5014 0.9785
-0.1187 4.8203 -2.5014 0.9785
-0.2917 4.8129 -2.5014 0.9785
-0.6363 4.7796 -2.5014 0.9785
-0.8074 4.7537 -2.5014 0.9785
-0.9776 4.7216 -2.5014 0.9785
-1.3138 4.6393 -2.5014 0.9785
-1.4795 4.5891 -2.5014 0.9785
-1.8050 4.4712 -2.5014 0.9785
-2.2753 4.2512 -2.5014 0.9785
-2.4264 4.1667 -2.5014 0.9785
-2.7191 3.9819 -2.5014 0.9785
-3.1315 3.6665 -2.5014 0.9785
-3.5075 3.3086 -2.5014 0.9785
-3.8429 2.9123 -2.5014 0.9785
-4.0420 2.6290 -2.5014 0.9785
-4.2202 2.3322 -2.5014 0.9785
-4.3012 2.1792 -2.5014 0.9785
-4.3767 2.0234 -2.5014 0.9785
-4.5688 1.5411 -2.5014 0.9785
-4.6676 1.2093 -2.5014 0.9785
-4.7706 0.7005 -2.5014 0.9785
-4.8183 0.1835 -2.5014 0.9785
-4.8217 0.0104 -2.5014 0.9785
-4.8190 -0.1627 -2.5014 0.9785
-4.8100 -0.3356 -2.5014 0.9785
-4.7949 -0.5080 -2.5014 0.9785
-4.7736 -0.6798 -2.5014 0.9785
-4.7461 -0.8508 -2.5014 0.9785
-4.7125 -1.0206 -2.5014 0.9785
-4.6271 -1.3561 -2.5014 0.9785
-4.2302 -2.3140 -2.5014 0.9785
-4.1444 -2.4643 -2.5014 0.9785
-4.0533 -2.6115 -2.5014 0.9785
-3.6377 -3.1648 -2.5014 0.9785
-3.5218 -3.2933 -2.5014 0.9785
-3.4013 -3.4177 -2.5014 0.9785
-3.2764 -3.5376 -2.5014 0.9785
-2.5920 -4.0658 -2.5014 0.9785
-2.4444 -4.1562 -2.5014 0.9785
-2.2936 -4.2413 -2.5014 0.9785
-2.1399 -4.3209 -2.5014 0.9785
-1.9834 -4.3949 -2.5014 0.9785
-1.6629 -4.5259 -2.5014 0.9785
-1.4994 -4.5827 -2.5014 0.9785
-1.3339 -4.6336 -2.5014 0.9785
-0.9980 -4.7173 -2.5014 0.9785
-0.4850 -4.7973 -2.5014 0.9785
-0.3125 -4.8116 -2.5014 0.9785
-0.1395 -4.8197 -2.5014 0.9785
0.0336 -4.8216 -2.5014 0.9785
0.3795 -4.8068 -2.5014 0.9785
0.7234 -4.7671 -2.5014 0.9785
1.3460 4.3643 -2.5014 0.9794
1.1884 4.4098 -2.5014 0.9794
1.0293 4.4496 -2.5014 0.9794
0.8689 4.4837 -2.5014 0.9794
0.5450 4.5345 -2.5014 0.9794
0.3818 4.5511 -2.5014 0.9794
0.2182 4.5619 -2.5014 0.9794
0.0543 4.5668 -2.5014 0.9794
-0.1097 4.5658 -2.5014 0.9794
-0.2735 4.5589 -2.5014 0.9794
-0.5999 4.5275 -2.5014 0.9794
-0.7621 4.5031 -2.5014 0.9794
-0.9232 4.4728 -2.5014 0.9794
-1.5540 4.2946 -2.5014 0.9794
-1.8581 4.1721 -2.5014 0.9794
-2.2959 3.9481 -2.5014 0.9794
-2.7071 3.6784 -2.5014 0.9794
-2.8374 3.5788 -2.5014 0.9794
-2.9640 3.4746 -2.5014 0.9794
-3.2057 3.2530 -2.5014 0.9794
-3.3204 3.1358 -2.5014 0.9794
-3.4308 3.0146 -2.5014 0.9794
-3.5368 2.8895 -2.5014 0.9794
-3.8270 2.4925 -2.5014 0.9794
-3.9140 2.3535 -2.5014 0.9794
-4.0728 2.0666 -2.5014 0.9794
-4.3267 1.4624 -2.5014 0.9794
-4.4204 1.1481 -2.5014 0.9794
-4.4914 0.8280 -2.5014 0.9794
-4.5183 0.6662 -2.5014 0.9794
-4.5562 -0.3151 -2.5014 0.9794
-4.5420 -0.4785 -2.5014 0.9794
-4.5219 -0.6412 -2.5014 0.9794
-4.4642 -0.9640 -2.5014 0.9794
-4.4267 -1.1237 -2.5014 0.9794
-4.3347 -1.4384 -2.5014 0.9794
-4.1549 -1.8961 -2.5014 0.9794
-3.8407 -2.4713 -2.5014 0.9794
-3.7495 -2.6076 -2.5014 0.9794
-3.6535 -2.7405 -2.5014 0.9794
-3.5528 -2.8699 -2.5014 0.9794
-3.4474 -2.9956 -2.5014 0.9794
-3.2236 -3.2352 -2.5014 0.9794
-2.9832 -3.4582 -2.5014 0.9794
-2.4575 -3.8496 -2.5014 0.9794
-2.3177 -3.9353 -2.5014 0.9794
-2.0293 -4.0915 -2.5014 0.9794
-1.4228 -4.3398 -2.5014 0.9794
-1.2661 -4.3881 -2.5014 0.9794
-0.4621 -4.5437 -2.5014 0.9794
0.0291 -4.5670 -2.5014 0.9794
0.3567 -4.5531 -2.5014 0.9794
0.6825 -4.5158 -2.5014 0.9794
1.0047 -4.4552 -2.5014 0.9794
1.1640 -4.4162 -2.5014 0.9794
1.3218 -4.3716 -2.5014 0.9794
1.4779 -4.3214 -2.5014 0.9794
1.9339 -4.1374 -2.5014 0.9794
2.5062 -3.8180 -2.5014 0.9794
2.7737 -3.6283 -2.5014 0.9794
2.9022 -3.5264 -2.5014 0.9794
3.1478 -3.3091 -2.5014 0.9794
3.3771 -3.0747 -2.5014 0.9794
3.4853 -2.9515 -2.5014 0.9794
3.5890 -2.8244 -2.5014 0.9794
3.6881 -2.6938 -2.5014 0.9794
3.9563 -2.2816 -2.5014 0.9794
4.0357 -2.1381 -2.5014 0.9794
4.2422 -1.6919 -2.5014 0.9794
4.4406 -1.0672 -2.5014 0.9794
4.4761 -0.9071 -2.5014 0.9794
4.5296 -0.5836 -2.5014 0.9794
4.5477 -0.4206 -2.5014 0.9794
4.5599 -0.2571 -2.5014 0.9794
4.5661 -0.0932 -2.5014 0.9794
4.5666 0.0708 -2.5014 0.9794
4.5325 0.5613 -2.5014 0.9794
4.5094 0.7237 -2.5014 0.9794
4.4458 1.0454 -2.5014 0.9794
4.4055 1.2043 -2.5014 0.9794
3.9675 2.2622 -2.5014 0.9794
3.8837 2.4031 -2.5014 0.9794
3.7950 2.5410 -2.5014 0.9794
3.7013 2.6756 -2.5014 0.9794
3.4998 2.9343 -2.5014 0.9794
3.3922 3.0580 -2.5014 0.9794
3.1640 3.2936 -2.5014 0.9794
3.0437 3.4050 -2.5014 0.9794
2.6600 3.7125 -2.5014 0.9794
2.5250 3.8056 -2.5014 0.9794
2.3868 3.8938 -2.5014 0.9794
1.8048 4.1954 -2.5014 0.9794
1.6531 4.2575 -2.5014 0.9794
1.4992 4.3140 -2.5014 0.9794
1.3433 4.3651 -2.5014 0.9794
0.8662 4.4842 -2.5014 0.9794
0.7047 4.5124 -2.5014 0.9794
0.5422 4.5348 -2.5014 0.9794
0.2155 4.5620 -2.5014 0.9794
-0.2763 4.5587 -2.5014 0.9794
-0.4398 4.5459 -2.5014 0.9794
-0.9259 4.4723 -2.5014 0.9794
-1.0859 4.4362 -2.5014 0.9794
-1.5565 4.2937 -2.5014 0.9794
-2.0092 4.1014 -2.5014 0.9794
-2.2983 3.9467 -2.5014 0.9794
-2.5755 3.7716 -2.5014 0.9794
-3.3223 3.1338 -2.5014 0.9794
-3.4327 3.0125 -2.5014 0.9794
-3.5386 2.8874 -2.5014 0.9794
-3.7366 2.6260 -2.5014 0.9794
-3.9154 2.3512 -2.5014 0.9794
-3.9973 2.2091 -2.5014 0.9794
-4.2117 1.7665 -2.5014 0.9794
-4.2724 1.6142 -2.5014 0.9794
-4.3275 1.4597 -2.5014 0.9794
-4.4919 0.8253 -2.5014 0.9794
-4.5546 0.3376 -2.5014 0.9794
-4.5671 0.0099 -2.5014 0.9794
-4.3827 -1.2845 -2.5014 0.9794
-4.2793 -1.5957 -2.5014 0.9794
-4.2192 -1.7482 -2.5014 0.9794
-4.1538 -1.8986 -2.5014 0.9794
-4.0829 -2.0465 -2.5014 0.9794
-3.6518 -2.7427 -2.5014 0.9794
-3.5510 -2.8720 -2.5014 0.9794
-3.3358 -3.1194 -2.5014 0.9794
-2.9811 -3.4600 -2.5014 0.9794
-2.8549 -3.5648 -2.5014 0.9794
-1.8786 -4.1628 -2.5014 0.9794
-1.7280 -4.2276 -2.5014 0.9794
-1.4202 -4.3407 -2.5014 0.9794
-1.2634 -4.3888 -2.5014 0.9794
-1.1051 -4.4314 -2.5014 0.9794
-0.7842 -4.4993 -2.5014 0.9794
-0.4594 -4.5439 -2.5014 0.9794
-0.2960 -4.5575 -2.5014 0.9794
-0.1322 -4.5652 -2.5014 0.9794
0.0318 -4.5670 -2.5014 0.9794
0.3594 -4.5529 -2.5014 0.9794
0.5226 -4.5371 -2.5014 0.9794
0.6711 4.2803 -2.5014 0.9802
0.5170 4.3016 -2.5014 0.9802
0.2070 4.3277 -2.5014 0.9802
0.0515 4.3323 -2.5014 0.9802
-0.1041 4.3313 -2.5014 0.9802
-0.2595 4.3248 -2.5014 0.9802
-0.4146 4.3127 -2.5014 0.9802
-0.7230 4.2718 -2.5014 0.9802
-1.0276 4.2090 -2.5014 0.9802
-1.1780 4.1694 -2.5014 0.9802
-1.3270 4.1244 -2.5014 0.9802
-1.7627 3.9578 -2.5014 0.9802
-2.0421 3.8211 -2.5014 0.9802
-2.1780 3.7454 -2.5014 0.9802
-2.3111 3.6648 -2.5014 0.9802
-2.5680 3.4895 -2.5014 0.9802
-3.0411 3.0860 -2.5014 0.9802
-3.2547 2.8598 -2.5014 0.9802
-3.3552 2.7411 -2.5014 0.9802
-3.4515 2.6189 -2.5014 0.9802
-3.6305 2.3645 -2.5014 0.9802
-3.9316 1.8205 -2.5014 0.9802
-3.9944 1.6782 -2.5014 0.9802
-4.0520 1.5337 -2.5014 0.9802
-4.1045 1.3873 -2.5014 0.9802
-4.1934 1.0892 -2.5014 0.9802
-4.2299 0.9379 -2.5014 0.9802
-4.3062 0.4777 -2.5014 0.9802
-4.3205 0.3228 -2.5014 0.9802
-4.3293 0.1675 -2.5014 0.9802
-4.3223 -0.2989 -2.5014 0.9802
-4.1584 -1.2160 -2.5014 0.9802
-4.0605 -1.5113 -2.5014 0.9802
-3.9416 -1.7987 -2.5014 0.9802
-3.8745 -1.9391 -2.5014 0.9802
-3.8023 -2.0769 -2.5014 0.9802
-3.7253 -2.2121 -2.5014 0.9802
-3.5570 -2.4737 -2.5014 0.9802
-3.4659 -2.5998 -2.5014 0.9802
-3.3703 -2.7225 -2.5014 0.9802
-3.0581 -3.0691 -2.5014 0.9802
-2.9459 -3.1769 -2.5014 0.9802
-2.8300 -3.2806 -2.5014 0.9802
-2.7104 -3.3801 -2.5014 0.9802
-2.3313 -3.6519 -2.5014 0.9802
-1.9251 -3.8814 -2.5014 0.9802
-1.7845 -3.9480 -2.5014 0.9802
-1.6417 -4.0095 -2.5014 0.9802
-1.4967 -4.0659 -2.5014 0.9802
-1.0508 -4.2032 -2.5014 0.9802
-0.8993 -4.2382 -2.5014 0.9802
-0.5929 -4.2918 -2.5014 0.9802
-0.2834 -4.3233 -2.5014 0.9802
0.0276 -4.3325 -2.5014 0.9802
0.3384 -4.3193 -2.5014 0.9802
0.4932 -4.3044 -2.5014 0.9802
0.6474 -4.2839 -2.5014 0.9802
0.8008 -4.2579 -2.5014 0.9802
1.6925 -3.9883 -2.5014 0.9802
1.8346 -3.9249 -2.5014 0.9802
2.1115 -3.7832 -2.5014 0.9802
2.3776 -3.6219 -2.5014 0.9802
2.9861 -3.1391 -2.5014 0.9802
3.4047 -2.6794 -2.5014 0.9802
3.5882 -2.4282 -2.5014 0.9802
3.7532 -2.1645 -2.5014 0.9802
3.8284 -2.0283 -2.5014 0.9802
3.8988 -1.8896 -2.5014 0.9802
3.9641 -1.7484 -2.5014 0.9802
4.1291 -1.3121 -2.5014 0.9802
4.1736 -1.1630 -2.5014 0.9802
4.2126 -1.0124 -2.5014 0.9802
4.2463 -0.8605 -2.5014 0.9802
4.2744 -0.7075 -2.5014 0.9802
4.2971 -0.5536 -2.5014 0.9802
4.3142 -0.3990 -2.5014 0.9802
4.3161 0.3778 -2.5014 0.9802
4.2997 0.5325 -2.5014 0.9802
4.2504 0.8396 -2.5014 0.9802
4.0322 1.5852 -2.5014 0.9802
3.9727 1.7289 -2.5014 0.9802
3.4179 2.6626 -2.5014 0.9802
3.2180 2.9010 -2.5014 0.9802
3.0015 3.1244 -2.5014 0.9802
2.8874 3.2302 -2.5014 0.9802
2.6482 3.4290 -2.5014 0.9802
2.5234 3.5219 -2.5014 0.9802
2.3954 3.6102 -2.5014 0.9802
2.1301 3.7728 -2.5014 0.9802
1.9933 3.8468 -2.5014 0.9802
1.8539 3.9159 -2.5014 0.9802
1.7122 3.9799 -2.5014 0.9802
1.5682 4.0388 -2.5014 0.9802
1.4222 4.0925 -2.5014 0.9802
0.9739 4.2217 -2.5014 0.9802
0.6685 4.2807 -2.5014 0.9802
0.5144 4.3020 -2.5014 0.9802
0.3596 4.3176 -2.5014 0.9802
0.2044 4.3278 -2.5014 0.9802
-0.4172 4.3125 -2.5014 0.9802
-0.7255 4.2714 -2.5014 0.9802
-1.7651 3.9567 -2.5014 0.9802
-2.3133 3.6634 -2.5014 0.9802
-2.8138 3.2945 -2.5014 0.9802
-3.1517 2.9729 -2.5014 0.9802
-3.4531 2.6168 -2.5014 0.9802
-3.5448 2.4912 -2.5014 0.9802
-3.7144 2.2304 -2.5014 0.9802
-3.7921 2.0956 -2.5014 0.9802
-3.8649 1.9582 -2.5014 0.9802
-3.9326 1.8181 -2.5014 0.9802
-3.9954 1.6758 -2.5014 0.9802
-4.1053 1.3848 -2.5014 0.9802
-4.3065 0.4751 -2.5014 0.9802
-4.3207 0.3202 -2.5014 0.9802
-4.3326 0.0094 -2.5014 0.9802
-4.3301 -0.1462 -2.5014 0.9802
-4.2344 -0.9171 -2.5014 0.9802
-4.1577 -1.2185 -2.5014 0.9802
-4.1113 -1.3670 -2.5014 0.9802
-4.0595 -1.5137 -2.5014 0.9802
-4.0026 -1.6585 -2.5014 0.9802
-3.8011 -2.0792 -2.5014 0.9802
-3.7240 -2.2143 -2.5014 0.9802
-3.6421 -2.3466 -2.5014 0.9802
-3.5555 -2.4758 -2.5014 0.9802
-3.4643 -2.6019 -2.5014 0.9802
-3.3687 -2.7246 -2.5014 0.9802
-2.9440 -3.1787 -2.5014 0.9802
-2.8280 -3.2823 -2.5014 0.9802
-2.3291 -3.6533 -2.5014 0.9802
-2.1964 -3.7346 -2.5014 0.9802
-1.9228 -3.8825 -2.5014 0.9802
-1.7822 -3.9491 -2.5014 0.9802
-1.4942 -4.0668 -2.5014 0.9802
-1.3472 -4.1178 -2.5014 0.9802
-1.1986 -4.1635 -2.5014 0.9802
-0.8967 -4.2387 -2.5014 0.9802
-0.4358 -4.3106 -2.5014 0.9802
-0.2808 -4.3235 -2.5014 0.9802
0.0302 -4.3325 -2.5014 0.9802
0.1857 -4.3286 -2.5014 0.9802
0.4958 -4.3041 -2.5014 0.9802
