ply
format ascii 1.0
element vertex 4150
property float32 x
property float32 y
property float32 z
property float32 I
end_header
3.3097 -17.5396 3.1473 0.9301
3.9569 -17.4919 3.1622 0.9297
4.6258 -17.4993 3.1916 0.9291
5.3616 -17.6833 3.2582 0.9277
6.7040 -17.4749 3.3003 0.9268
7.4593 -17.5311 3.3594 0.9255
8.2457 -17.5949 3.4262 0.9241
9.0072 -17.5485 3.4781 0.9230
10.6774 -17.5672 3.6249 0.9199
11.5689 -17.5772 3.7104 0.9181
10.8535 -12.2271 2.8828 0.9358
10.9058 -11.4303 2.7857 0.9378
43.4961 22.9662 8.6730 0.8189
40.0156 23.0052 8.1388 0.8290
33.4408 24.3644 7.2956 0.8453
31.7232 26.8059 7.3232 0.8448
8.3756 9.4469 2.2261 0.9500
27.9459 33.9016 7.7469 0.8366
19.7884 30.1043 6.3523 0.8639
16.4461 32.0882 6.3579 0.8638
15.6647 33.4773 6.5172 0.8606
10.4845 24.6815 4.7284 0.8968
9.2686 24.2026 4.5698 0.9001
7.6157 25.1709 4.6370 0.8987
6.9500 26.3545 4.8059 0.8952
6.4490 28.5870 5.1673 0.8878
3.1616 20.9259 3.7317 0.9176
2.2702 19.8305 3.5195 0.9221
1.5263 19.5228 3.4529 0.9235
0.8707 20.6884 3.6512 0.9193
0.0599 9.8280 1.7330 0.9609
-0.2955 9.8910 1.7448 0.9606
-4.0906 23.3099 4.1730 0.9084
-4.5876 21.5571 3.8862 0.9144
-7.4336 20.1431 3.7859 0.9165
-9.1363 20.1622 3.9031 0.9140
-9.9959 20.1034 3.9588 0.9128
-15.1007 20.2293 4.4512 0.9025
-19.9789 19.9910 4.9835 0.8915
-21.5859 20.0988 5.2006 0.8871
-11.6303 9.3629 2.6327 0.9412
-11.6244 7.4496 2.4345 0.9455
-36.3613 19.7696 7.2979 0.8453
-43.5370 19.7601 8.4304 0.8235
-12.6285 -17.3109 3.7783 0.9166
-11.7056 -17.3213 3.6862 0.9186
-9.2433 -17.4804 3.4866 0.9228
-6.9317 -17.4297 3.3075 0.9266
-6.1990 -17.3830 3.2542 0.9278
-5.5054 -17.3908 3.2165 0.9286
-4.8754 -17.5735 3.2157 0.9286
-3.5062 -17.4132 3.1320 0.9304
-2.8602 -17.4204 3.1128 0.9308
-2.2282 -17.4825 3.1076 0.9309
-1.5876 -17.4347 3.0869 0.9314
-0.9575 -17.4418 3.0801 0.9315
-0.3295 -17.4488 3.0772 0.9316
0.2991 -17.5108 3.0881 0.9313
3.4883 -17.4866 3.1441 0.9301
4.8216 -17.5015 3.2010 0.9289
5.5637 -17.6855 3.2691 0.9275
6.9331 -17.5252 3.3232 0.9263
7.7007 -17.5888 3.3856 0.9250
10.0676 -17.5604 3.5691 0.9211
10.9308 -17.5700 3.6487 0.9194
10.9115 -11.2009 2.7572 0.9385
27.8223 6.9400 5.0561 0.8901
42.0250 22.7511 8.4264 0.8236
14.9769 8.8187 3.0646 0.9318
33.7136 23.2674 7.2229 0.8467
32.4880 26.0581 7.3435 0.8444
30.2058 30.1155 7.5210 0.8409
29.2021 31.2878 7.5465 0.8404
28.5580 32.8931 7.6809 0.8378
27.4206 33.9776 7.6988 0.8375
17.1769 28.9729 5.9390 0.8721
11.4790 25.2111 4.8845 0.8936
8.3174 25.1515 4.6711 0.8980
7.4281 25.5044 4.6840 0.8977
6.2185 28.9647 5.2236 0.8866
0.6668 21.0508 3.7137 0.9180
-0.0420 9.7687 1.7225 0.9611
-3.9882 26.7228 4.7641 0.8961
-4.7802 21.3688 3.8610 0.9149
-6.0389 20.0896 3.6989 0.9183
-6.8516 20.1365 3.7505 0.9172
-7.6118 19.9839 3.7706 0.9168
-10.2946 20.1752 3.9938 0.9121
-11.2325 20.1858 4.0732 0.9104
4.6258 -17.4993 2.7729 0.9294
5.3616 -17.6833 2.8308 0.9280
8.2457 -17.5949 2.9768 0.9244
10.7849 -17.7440 3.1810 0.9194
11.5689 -17.5772 3.2236 0.9184
10.8899 -13.1947 2.6209 0.9331
39.8966 9.5124 6.2833 0.8471
19.5454 8.5852 3.2704 0.9172
36.9352 23.0397 6.6689 0.8385
32.7028 25.6764 6.3695 0.8451
31.7232 26.8059 6.3625 0.8453
30.9721 28.1411 6.4108 0.8442
29.5930 31.0531 6.5714 0.8406
28.6345 32.2969 6.6123 0.8397
25.9024 33.8310 6.5274 0.8416
24.3552 34.2982 6.4443 0.8435
17.5067 28.8417 5.1686 0.8724
16.6820 29.8527 5.2389 0.8708
16.4461 32.0882 5.5238 0.8642
10.4732 24.6550 4.1037 0.8973
6.9562 26.3780 4.1791 0.8955
6.4557 28.6168 4.4941 0.8881
5.6493 30.0361 4.6820 0.8837
1.5263 19.5228 2.9999 0.9238
0.8707 20.6884 3.1722 0.9196
-1.6606 25.1884 3.8671 0.9029
-2.7754 27.1702 4.1840 0.8954
-4.0910 29.5092 4.5639 0.8864
-5.2213 20.8261 3.2892 0.9168
-5.8477 20.2136 3.2236 0.9184
-7.3919 20.0300 3.2708 0.9172
-9.0850 20.0490 3.3720 0.9148
-9.9739 20.0590 3.4318 0.9133
-11.7893 19.9673 3.5523 0.9104
-12.8586 20.0914 3.6543 0.9080
-15.1006 20.2291 3.8672 0.9029
-16.1450 20.0796 3.9471 0.9010
-17.5228 20.2563 4.1031 0.8973
-21.8049 20.3027 4.5642 0.8864
-23.3942 20.2620 4.7412 0.8823
-11.6238 8.6878 2.2231 0.9430
-28.5564 19.7841 5.3220 0.8689
-33.5567 19.8402 5.9720 0.8541
-39.5916 19.7159 6.7757 0.8361
-43.5369 19.7601 7.3244 0.8241
-19.1295 -11.5957 3.4269 0.9135
-18.1224 -17.2494 3.8328 0.9037
-11.7425 -17.3758 3.2127 0.9186
-10.8255 -17.3312 3.1304 0.9206
-9.2665 -17.5243 3.0368 0.9229
-8.3945 -17.3584 2.9538 0.9249
-6.9317 -17.4297 2.8735 0.9269
-6.1990 -17.3830 2.8272 0.9280
-5.5054 -17.3908 2.7945 0.9288
-4.8754 -17.5735 2.7938 0.9289
-2.2282 -17.4825 2.6999 0.9312
-1.5876 -17.4347 2.6820 0.9316
1.5591 -17.4700 2.6869 0.9315
2.1950 -17.4721 2.6977 0.9312
3.4883 -17.4866 2.7316 0.9304
4.1489 -17.4940 2.7543 0.9298
4.8216 -17.5015 2.7810 0.9292
5.5637 -17.6855 2.8402 0.9277
6.2113 -17.5171 2.8472 0.9275
6.9331 -17.5252 2.8872 0.9266
7.7007 -17.5888 2.9414 0.9252
8.4444 -17.5421 2.9825 0.9242
10.1435 -17.6927 3.1243 0.9208
17.9341 -22.8981 4.4557 0.8890
10.8716 -12.8972 2.5841 0.9340
42.0250 22.7511 7.3209 0.8242
14.9641 8.8111 2.6603 0.9321
36.1088 23.0490 6.5626 0.8408
33.7136 23.2674 6.2753 0.8472
33.2282 24.7423 6.3466 0.8457
30.9790 28.7408 6.4737 0.8428
30.2058 30.1155 6.5343 0.8415
29.2021 31.2878 6.5564 0.8410
28.5580 32.8931 6.6732 0.8384
27.4205 33.9776 6.6888 0.8380
5.9224 8.5265 1.5904 0.9589
18.8811 29.3849 5.3508 0.8682
10.0810 24.4344 4.0493 0.8986
8.9099 24.0101 3.9233 0.9016
7.4711 25.6521 4.0930 0.8975
6.9896 27.6682 4.3718 0.8909
6.2287 29.0122 4.5458 0.8869
2.0487 19.7059 3.0351 0.9230
1.3443 19.8465 3.0473 0.9227
0.6668 21.0508 3.2265 0.9183
-1.9650 25.7297 3.9531 0.9008
-3.1326 27.8053 4.2866 0.8929
-4.0758 27.3097 4.2300 0.8943
-4.1379 22.2200 3.4625 0.9126
-5.4050 20.6465 3.2695 0.9173
-8.4236 19.9296 3.3146 0.9162
-9.3388 20.0519 3.3886 0.9144
-10.2368 20.0620 3.4504 0.9129
3.3097 -17.5396 2.3243 0.9305
3.9569 -17.4918 2.3354 0.9302
4.6258 -17.4993 2.3571 0.9296
6.7040 -17.4749 2.4373 0.9273
7.4593 -17.5311 2.4810 0.9260
8.2457 -17.5949 2.5303 0.9246
9.8250 -17.5576 2.6200 0.9220
11.5689 -17.5772 2.7402 0.9186
10.8688 -13.1692 2.2235 0.9334
29.3863 7.0065 3.9340 0.8853
36.5713 22.8127 5.6129 0.8404
33.1966 24.1865 5.3486 0.8473
32.4640 25.4889 5.3748 0.8466
31.7232 26.8059 5.4083 0.8458
30.9721 28.1411 5.4494 0.8447
6.0447 7.8950 1.2948 0.9607
24.3552 34.2982 5.4779 0.8439
16.6820 29.8527 4.4532 0.8711
16.4461 32.0882 4.6954 0.8646
15.6647 33.4774 4.8131 0.8615
8.3676 24.4479 3.3649 0.9010
6.4883 28.7612 3.8394 0.8879
2.2702 19.8305 2.5992 0.9226
0.0597 9.7960 1.2757 0.9613
-0.2947 9.8641 1.2851 0.9610
-4.0910 29.5092 3.8795 0.8868
-4.0906 23.3099 3.0818 0.9090
-5.2310 20.8648 2.8011 0.9169
-6.6179 20.1337 2.7598 0.9181
-7.4335 20.1428 2.7959 0.9170
-9.1362 20.1620 2.8825 0.9146
-10.9574 20.1824 2.9905 0.9115
-11.8270 20.0311 3.0292 0.9104
-13.9097 20.1032 3.1834 0.9061
-15.0158 20.1156 3.2688 0.9037
-16.0936 20.0156 3.3445 0.9016
-17.4244 20.1426 3.4682 0.8981
-23.3942 20.2620 4.0302 0.8826
-24.2770 19.5441 4.0585 0.8819
-13.1850 9.8548 2.1435 0.9358
-28.4067 19.6804 4.5002 0.8699
-30.7415 19.7009 4.7547 0.8630
-33.5566 19.8402 5.0764 0.8545
-32.2948 -18.0211 4.8159 0.8614
-19.0944 -11.5744 2.9076 0.9139
-19.1389 -13.5732 3.0554 0.9097
-18.1224 -17.2494 3.2580 0.9040
-17.0314 -17.4202 3.1725 0.9064
-14.7033 -17.3792 2.9644 0.9123
-13.5999 -17.3000 2.8656 0.9151
-10.8255 -17.3312 2.6610 0.9209
-10.0095 -17.3863 2.6125 0.9223
-7.6408 -17.3668 2.4707 0.9263
-5.5054 -17.3908 2.3754 0.9291
-3.5062 -17.4132 2.3131 0.9309
-2.8602 -17.4204 2.2989 0.9313
-1.5876 -17.4347 2.2798 0.9318
-0.9575 -17.4418 2.2747 0.9320
0.2991 -17.5108 2.2806 0.9318
0.9272 -17.4629 2.2772 0.9319
1.5591 -17.4700 2.2840 0.9317
3.4883 -17.4866 2.3220 0.9306
5.5637 -17.6855 2.4143 0.9279
6.2113 -17.5171 2.4203 0.9278
8.4445 -17.5422 2.5352 0.9245
9.2403 -17.5511 2.5829 0.9231
10.1690 -17.7371 2.6624 0.9208
42.0250 22.7511 6.2230 0.8247
33.7136 23.2674 5.3343 0.8477
31.5073 27.1897 5.4194 0.8455
30.8028 28.5774 5.4716 0.8441
6.3399 7.8560 1.3146 0.9601
5.9273 7.9106 1.2872 0.9609
23.8438 34.3283 5.4428 0.8448
5.5715 8.6710 1.3421 0.9593
17.1769 28.9729 4.3861 0.8730
16.4764 30.2181 4.4820 0.8704
11.4895 25.2343 3.6106 0.8942
8.3684 25.3056 3.4708 0.8981
7.0248 27.8074 3.7349 0.8907
3.7375 21.0749 2.7873 0.9173
2.8298 20.1452 2.6491 0.9212
0.6668 21.0508 2.7426 0.9186
-2.0051 26.2537 3.4287 0.8992
-3.1326 27.8053 3.6437 0.8933
-4.0758 27.3097 3.5957 0.8946
-4.7802 21.3686 2.8514 0.9155
-6.0501 20.1269 2.7368 0.9187
-7.6118 19.9839 2.7847 0.9174
-9.3913 20.1648 2.8967 0.9142
-11.2323 20.1855 3.0081 0.9110
3.3097 -17.5396 1.9167 0.9307
3.9569 -17.4919 1.9258 0.9304
5.3616 -17.6833 1.9842 0.9284
6.0063 -17.5148 1.9883 0.9282
8.3025 -17.7162 2.1009 0.9243
9.8250 -17.5576 2.1605 0.9222
10.7849 -17.7440 2.2297 0.9199
11.5689 -17.5772 2.2596 0.9188
10.8518 -12.2252 1.7552 0.9364
39.9368 9.5220 4.4087 0.8478
36.9352 23.0397 4.6746 0.8393
33.3799 24.3201 4.4349 0.8469
32.6433 25.6297 4.4566 0.8462
31.7232 26.8059 4.4598 0.8461
30.9721 28.1411 4.4936 0.8451
30.3754 29.6614 4.5589 0.8430
29.5723 31.0314 4.6030 0.8416
28.6345 32.2969 4.6349 0.8406
6.0273 7.8722 1.0646 0.9609
19.7650 30.0687 3.8639 0.8652
4.8037 9.3725 1.1309 0.9585
4.4286 9.4645 1.1221 0.9588
4.1301 9.7226 1.1343 0.9584
8.3654 24.4414 2.7740 0.9013
6.9902 26.5071 2.9437 0.8956
7.0687 31.3342 3.4493 0.8788
5.7770 30.7146 3.3560 0.8819
3.0527 20.2052 2.1943 0.9211
2.2622 19.7606 2.1358 0.9231
1.1984 15.3288 1.6511 0.9400
0.0596 9.7803 1.0502 0.9614
-1.7666 26.7970 2.8838 0.8976
-4.5875 21.5569 2.3667 0.9152
-5.2310 20.8648 2.3098 0.9171
-6.6179 20.1337 2.2758 0.9183
-8.2055 19.9905 2.3204 0.9167
-9.1362 20.1619 2.3769 0.9148
-11.8270 20.0311 2.4979 0.9107
-12.9310 20.2045 2.5759 0.9080
-17.5226 20.2560 2.8760 0.8979
-20.1101 20.1222 3.0549 0.8919
-24.2771 19.5441 3.3467 0.8822
-30.7415 19.7009 3.9208 0.8634
-39.5916 19.7159 4.7494 0.8370
-43.5370 19.7601 5.1341 0.8250
-28.5432 5.0268 3.1122 0.8899
-14.7738 -17.4625 2.4562 0.9121
-13.5999 -17.3000 2.3630 0.9153
-12.6285 -17.3109 2.3009 0.9174
-10.0095 -17.3863 2.1543 0.9225
-6.1990 -17.3830 1.9818 0.9284
-5.5054 -17.3908 1.9588 0.9292
-4.8632 -17.5295 1.9534 0.9294
-3.5062 -17.4132 1.9074 0.9310
-2.2436 -17.6030 1.9055 0.9311
-0.3295 -17.4488 1.8740 0.9322
2.8465 -17.5344 1.9075 0.9310
4.1489 -17.4940 1.9306 0.9302
8.4444 -17.5422 2.0906 0.9247
10.9308 -17.5700 2.2220 0.9201
40.6867 -24.7632 5.1146 0.8256
28.6950 0.8229 3.0826 0.8909
14.9618 8.8098 1.8644 0.9325
36.1088 23.0490 4.6000 0.8417
33.1365 24.6740 4.4364 0.8469
30.9226 28.6885 4.5295 0.8439
30.1508 30.0607 4.5719 0.8426
29.2021 31.2878 4.5957 0.8418
28.5577 32.8928 4.6776 0.8393
6.3193 7.8304 1.0805 0.9603
24.8549 33.1716 4.4511 0.8464
17.1769 28.9729 3.6168 0.8733
16.4764 30.2181 3.6959 0.8707
4.3386 9.5289 1.1243 0.9588
8.9066 24.0013 2.7490 0.9021
7.4712 25.6521 2.8690 0.8981
7.0248 27.8074 3.0798 0.8910
3.7366 21.0695 2.2977 0.9175
2.8198 20.0742 2.1768 0.9217
2.0415 19.6364 2.1200 0.9236
-2.0354 26.6513 2.8702 0.8980
-3.1326 27.8053 3.0047 0.8935
-4.0758 27.3097 2.9650 0.8949
-4.2439 22.7891 2.4892 0.9110
-6.0501 20.1268 2.2568 0.9189
-7.6118 19.9839 2.2963 0.9176
-9.3880 20.1578 2.3878 0.9144
-10.2908 20.1679 2.4313 0.9129
-11.2323 20.1854 2.4805 0.9113
4.6258 -17.4993 1.5323 0.9299
5.3082 -17.5070 1.5486 0.9292
6.7040 -17.4749 1.5844 0.9276
7.4593 -17.5311 1.6128 0.9264
8.3025 -17.7162 1.6562 0.9245
9.0072 -17.5485 1.6698 0.9239
9.8250 -17.5576 1.7032 0.9224
11.5689 -17.5772 1.7813 0.9190
10.8512 -12.2245 1.3838 0.9365
20.9421 15.2581 2.1934 0.9012
30.9721 28.1411 3.5425 0.8454
28.6345 32.2969 3.6538 0.8409
28.0233 33.9953 3.7295 0.8379
4.7318 9.2322 0.8782 0.9592
4.3471 9.2904 0.8683 0.9597
3.9799 9.3690 0.8617 0.9600
3.7338 9.7498 0.8838 0.9590
8.3632 24.4348 2.1863 0.9015
5.8583 31.1473 2.6829 0.8805
3.1592 20.9103 1.7903 0.9186
1.1853 15.1613 1.2874 0.9408
0.8707 20.6884 1.7529 0.9202
0.0595 9.7646 0.8266 0.9616
-0.2939 9.8377 0.8332 0.9613
-1.7687 26.8288 2.2761 0.8977
-2.7608 27.0280 2.2999 0.8967
-4.0910 29.5092 2.5219 0.8873
-4.5680 21.4650 1.8578 0.9157
-7.3919 20.0300 1.8074 0.9179
-8.1794 19.9269 1.8234 0.9172
-11.8270 20.0311 1.9692 0.9108
-12.9310 20.2045 2.0307 0.9082
-15.1003 20.2288 2.1369 0.9036
-16.1450 20.0796 2.1811 0.9017
-17.5225 20.2560 2.2673 0.8981
-18.8448 20.2638 2.3425 0.8949
-21.8044 20.3022 2.5220 0.8873
-25.6408 20.6420 2.7865 0.8762
-30.0452 19.2547 3.0209 0.8665
-36.3613 19.7696 3.5036 0.8469
-43.5370 19.7601 4.0474 0.8254
-28.4908 5.0176 2.4489 0.8904
-32.2966 -18.0221 3.1308 0.8620
-18.1224 -17.2494 2.1179 0.9044
-17.0314 -17.4202 2.0624 0.9068
-15.7163 -17.2763 1.9771 0.9105
-14.7384 -17.4207 1.9317 0.9125
-13.5999 -17.3000 1.8628 0.9155
-11.8234 -17.4956 1.7875 0.9187
-10.8255 -17.3312 1.7298 0.9212
-10.0095 -17.3863 1.6983 0.9226
-8.3945 -17.3584 1.6322 0.9255
-7.6408 -17.3668 1.6061 0.9267
-6.9620 -17.5059 1.5948 0.9272
-5.5054 -17.3908 1.5442 0.9294
-4.8269 -17.3984 1.5285 0.9301
-4.1612 -17.4058 1.5150 0.9307
1.5591 -17.4700 1.4848 0.9320
2.1950 -17.4721 1.4907 0.9318
3.4883 -17.4866 1.5095 0.9309
5.5082 -17.5092 1.5538 0.9290
6.2113 -17.5171 1.5733 0.9281
7.7538 -17.7101 1.6366 0.9253
8.4445 -17.5422 1.6481 0.9248
9.2403 -17.5511 1.6791 0.9235
10.9308 -17.5700 1.7517 0.9203
30.0045 -12.7880 2.7610 0.8773
32.4880 26.0581 3.5256 0.8460
31.5073 27.1897 3.5230 0.8461
30.2058 30.1155 3.6107 0.8426
28.6098 32.9527 3.6942 0.8393
27.4205 33.9776 3.6961 0.8392
6.8112 9.0902 0.9616 0.9554
16.4764 30.2181 2.9136 0.8710
4.5979 9.2056 0.8711 0.9595
3.6629 9.8709 0.8913 0.9586
7.0045 27.7270 2.4209 0.8915
6.7991 31.6688 2.7419 0.8781
3.7356 21.0641 1.8109 0.9177
2.8298 20.1452 1.7221 0.9216
1.0310 15.2220 1.2915 0.9406
-0.0417 9.7061 0.8217 0.9618
-0.6117 15.1841 1.2864 0.9408
-3.1162 27.6597 2.3563 0.8943
-6.0243 20.0410 1.7715 0.9194
-7.5875 19.9202 1.8045 0.9180
-8.4236 19.9296 1.8316 0.9168
-10.2368 20.0620 1.9066 0.9136
3.2993 -17.4845 1.1034 0.9312
5.9446 -17.3349 1.1364 0.9292
6.6760 -17.4019 1.1558 0.9280
8.1483 -17.3870 1.1907 0.9259
9.7395 -17.4048 1.2368 0.9232
11.5689 -17.5772 1.3049 0.9191
46.8167 7.6577 2.9417 0.8269
46.8583 9.4057 2.9637 0.8257
43.4625 22.9484 3.0477 0.8212
40.3962 23.2240 2.8894 0.8297
36.9352 23.0397 2.6994 0.8399
34.1101 23.0214 2.5518 0.8480
33.4408 24.3644 2.5657 0.8472
19.2983 15.1520 1.5215 0.9063
30.9721 28.1411 2.5950 0.8456
30.4307 29.7155 2.6375 0.8433
29.5930 31.0531 2.6600 0.8421
28.6345 32.2969 2.6765 0.8412
28.0233 33.9954 2.7320 0.8381
6.9009 9.0132 0.7039 0.9555
6.5899 9.2802 0.7058 0.9554
19.7538 30.0516 2.2301 0.8658
10.1136 16.6617 1.2086 0.9249
4.7318 9.2322 0.6433 0.9593
4.9580 10.5958 0.7254 0.9542
4.5623 10.7402 0.7236 0.9543
6.9902 26.5071 1.6999 0.8960
5.8643 31.1791 1.9673 0.8806
3.1586 20.9064 1.3112 0.9188
2.2702 19.8305 1.2377 0.9231
-1.7723 26.8835 1.6707 0.8977
-2.7754 27.1703 1.6936 0.8963
-4.0604 29.2885 1.8336 0.8883
-4.6025 21.6274 1.3712 0.9152
-5.2400 20.9008 1.3362 0.9173
-5.8481 20.2146 1.3049 0.9191
-8.2055 19.9905 1.3400 0.9170
-9.9544 20.0198 1.3864 0.9143
-10.9137 20.1020 1.4184 0.9124
-12.8586 20.0914 1.4792 0.9088
-13.9097 20.1032 1.5159 0.9067
-15.0158 20.1156 1.5566 0.9043
-16.0936 20.0156 1.5926 0.9022
-18.7459 20.1574 1.7070 0.8955
-24.8797 21.5486 2.0410 0.8764
-25.7319 20.7154 2.0485 0.8760
-27.8586 19.3007 2.1016 0.8730
-32.8153 19.4019 2.3639 0.8583
-18.1224 -17.2494 1.5514 0.9046
-14.6266 -17.2885 1.4043 0.9132
-13.5999 -17.3000 1.3646 0.9156
-12.6285 -17.3109 1.3287 0.9177
-10.7313 -17.1804 1.2561 0.9220
-8.3366 -17.2386 1.1874 0.9261
-6.8498 -17.2239 1.1494 0.9284
-6.1450 -17.2318 1.1345 0.9293
-5.4575 -17.2395 1.1213 0.9301
-4.1250 -17.2547 1.1001 0.9314
-2.8602 -17.4204 1.0947 0.9317
-1.5876 -17.4347 1.0856 0.9322
-0.3295 -17.4488 1.0822 0.9324
0.2982 -17.4558 1.0826 0.9324
0.9272 -17.4629 1.0844 0.9323
1.5591 -17.4700 1.0876 0.9321
2.8376 -17.4793 1.0981 0.9315
5.4283 -17.2551 1.1217 0.9301
6.1475 -17.3372 1.1407 0.9289
7.6235 -17.4125 1.1787 0.9267
10.9308 -17.5700 1.2832 0.9204
28.9075 8.3254 1.8654 0.8864
42.4113 22.9602 2.9906 0.8243
36.1088 23.0490 2.6564 0.8422
33.2282 24.7423 2.5690 0.8470
32.4880 26.0581 2.5826 0.8463
30.9790 28.7408 2.6204 0.8442
30.2058 30.1154 2.6450 0.8429
29.2021 31.2878 2.6539 0.8424
28.6098 32.9527 2.7061 0.8395
27.4205 33.9776 2.7075 0.8395
23.8823 34.3838 2.5960 0.8455
5.5715 8.6710 0.6391 0.9595
4.5979 9.2056 0.6381 0.9596
4.8434 10.6376 0.7248 0.9542
3.9075 9.4710 0.6353 0.9598
7.4711 25.6521 1.6568 0.8985
7.0248 27.8074 1.7785 0.8914
3.7346 21.0588 1.3262 0.9179
2.8298 20.1452 1.2615 0.9217
2.0487 19.7059 1.2286 0.9237
0.6668 21.0508 1.3060 0.9191
-0.3982 9.8855 0.6135 0.9611
-2.0416 26.7320 1.6625 0.8981
-4.7901 21.4130 1.3606 0.9158
-5.4186 20.6984 1.3268 0.9178
-6.0190 20.0234 1.2965 0.9196
-6.8194 20.0421 1.3128 0.9187
-7.6118 19.9839 1.3261 0.9179
-9.2990 19.9665 1.3658 0.9155
-10.2270 20.0427 1.3953 0.9138
-9.4865 17.0481 1.2098 0.9248
3.3097 -17.5396 0.7038 0.9310
3.9569 -17.4919 0.7071 0.9307
7.4593 -17.5311 0.7512 0.9266
9.0072 -17.5485 0.7778 0.9241
9.8250 -17.5576 0.7933 0.9226
11.5689 -17.5772 0.8297 0.9192
10.8493 -12.2224 0.6444 0.9367
37.9941 10.5160 1.5545 0.8540
31.0457 14.9905 1.3594 0.8711
43.2946 22.8598 1.9305 0.8220
39.7836 22.8718 1.8095 0.8322
33.9538 22.9159 1.6152 0.8488
32.4603 25.4860 1.6273 0.8477
31.7196 26.8028 1.6375 0.8468
30.9686 28.1379 1.6499 0.8458
29.4269 30.8788 1.6819 0.8430
28.6312 32.2932 1.7018 0.8413
6.2726 8.8335 0.4272 0.9576
5.6739 9.3475 0.4312 0.9572
5.3695 9.6087 0.4340 0.9569
4.7478 10.1467 0.4417 0.9561
10.6017 24.9576 1.0692 0.8971
7.6598 25.3167 1.0430 0.8995
0.0593 9.7337 0.3838 0.9618
-1.7723 26.8835 1.0623 0.8978
-3.3941 24.4824 0.9746 0.9058
-4.9209 19.6278 0.7979 0.9222
-5.5000 19.0117 0.7804 0.9238
-6.9643 18.8714 0.7932 0.9226
-8.6680 19.1287 0.8281 0.9194
-10.2130 18.8113 0.8440 0.9179
-12.6590 19.7795 0.9260 0.9103
-13.1417 18.9931 0.9107 0.9117
-16.6744 19.2755 1.0050 0.9030
-20.1101 20.1222 1.1218 0.8924
-21.2698 19.8045 1.1460 0.8902
-24.8797 21.5486 1.2978 0.8766
-25.7319 20.7154 1.3026 0.8761
-13.1079 9.7971 0.6453 0.9366
-32.8153 19.4019 1.5032 0.8585
-35.7453 19.4347 1.6043 0.8497
-30.9746 15.4248 1.3644 0.8706
-42.9993 19.5161 1.8620 0.8278
-41.8308 10.5143 1.7007 0.8414
-32.2853 -18.0158 1.4581 0.8624
-16.8779 -17.2633 0.9520 0.9079
-15.7163 -17.2763 0.9209 0.9107
-12.6285 -17.3109 0.8449 0.9178
-11.7056 -17.3213 0.8243 0.9197
-10.8255 -17.3312 0.8057 0.9215
-10.0095 -17.3863 0.7911 0.9228
-7.6408 -17.3668 0.7481 0.9269
-6.9317 -17.4297 0.7396 0.9277
-6.1990 -17.3830 0.7277 0.9288
-5.5054 -17.3908 0.7193 0.9296
-2.2436 -17.6030 0.6997 0.9314
-0.9575 -17.4418 0.6888 0.9325
0.9272 -17.4629 0.6895 0.9324
2.1950 -17.4721 0.6944 0.9319
3.4883 -17.4866 0.7031 0.9311
4.1489 -17.4940 0.7089 0.9306
5.5412 -17.6139 0.7281 0.9287
6.1749 -17.4144 0.7286 0.9287
6.9331 -17.5252 0.7431 0.9273
8.4444 -17.5421 0.7677 0.9250
9.2403 -17.5511 0.7821 0.9237
10.1435 -17.6927 0.8042 0.9216
42.0462 22.7626 1.8853 0.8258
14.9594 8.8084 0.6845 0.9329
35.6872 22.7799 1.6694 0.8441
33.7098 23.2648 1.6150 0.8488
32.2472 25.8649 1.6300 0.8475
31.5037 27.1867 1.6408 0.8466
30.7493 28.5277 1.6539 0.8454
29.1988 31.2842 1.6874 0.8426
5.5880 9.4255 0.4321 0.9571
4.9704 9.9513 0.4386 0.9564
4.6397 10.1902 0.4415 0.9562
3.9075 9.4710 0.4040 0.9598
8.3684 25.3056 1.0510 0.8988
7.4711 25.6521 1.0535 0.8986
7.0248 27.8074 1.1309 0.8915
6.8079 31.7099 1.2788 0.8782
2.8298 20.1452 0.8021 0.9218
0.6668 21.0508 0.8305 0.9191
-0.0416 9.6755 0.3815 0.9620
-3.1326 27.8053 1.1033 0.8940
-3.2048 21.4737 0.8561 0.9168
-3.8658 20.7587 0.8326 0.9189
-4.4931 20.0852 0.8116 0.9209
-5.0909 19.4466 0.7926 0.9227
-5.6629 18.8390 0.7757 0.9243
-7.1907 18.8785 0.7966 0.9223
-8.4505 19.9932 0.8559 0.9168
3.3097 -17.5396 0.3015 0.9311
4.6258 -17.4993 0.3057 0.9301
5.3399 -17.6117 0.3109 0.9290
5.9934 -17.4774 0.3121 0.9287
6.6919 -17.4433 0.3156 0.9280
10.7849 -17.7440 0.3507 0.9203
11.5689 -17.5772 0.3554 0.9193
36.7798 11.6189 0.6515 0.8570
40.1415 23.0776 0.7821 0.8309
37.2502 23.2362 0.7416 0.8389
33.1928 24.1838 0.6937 0.8485
30.9686 28.1379 0.7068 0.8459
30.2051 29.4952 0.7131 0.8446
29.4269 30.8788 0.7205 0.8431
28.6312 32.2932 0.7290 0.8414
6.2591 8.8143 0.1826 0.9577
5.3578 9.5879 0.1855 0.9570
5.0497 9.8525 0.1870 0.9567
7.6598 25.3167 0.4468 0.8996
2.2702 19.8305 0.3372 0.9233
1.5263 19.5228 0.3308 0.9246
-1.7723 26.8835 0.4551 0.8978
-2.6527 25.9696 0.4410 0.9008
-2.9051 20.9550 0.3574 0.9188
-6.0432 18.3852 0.3269 0.9255
-8.6680 19.1287 0.3547 0.9194
-10.1067 18.6155 0.3578 0.9188
-12.6590 19.7795 0.3967 0.9103
-15.0121 18.6706 0.4047 0.9086
-16.6631 19.2625 0.4302 0.9031
-18.7007 18.7120 0.4469 0.8996
-21.4303 18.5611 0.4789 0.8928
-13.0888 9.7829 0.2760 0.9367
-30.2297 19.3729 0.6065 0.8662
-39.2744 19.5579 0.7411 0.8390
-42.9993 19.5161 0.7976 0.8279
-16.9311 -17.3177 0.4091 0.9077
-15.7163 -17.2763 0.3945 0.9108
-10.8255 -17.3311 0.3452 0.9215
-10.0095 -17.3863 0.3389 0.9229
-7.6408 -17.3668 0.3205 0.9269
-6.1990 -17.3830 0.3117 0.9288
-5.5054 -17.3908 0.3081 0.9296
-4.8557 -17.5024 0.3068 0.9299
-2.2436 -17.6030 0.2998 0.9315
-0.3295 -17.4488 0.2948 0.9326
0.2991 -17.5108 0.2958 0.9323
0.9272 -17.4629 0.2954 0.9324
2.1950 -17.4721 0.2975 0.9320
4.1489 -17.4940 0.3037 0.9306
5.5412 -17.6139 0.3119 0.9288
6.1749 -17.4144 0.3121 0.9287
7.7538 -17.7101 0.3266 0.9256
8.4445 -17.5422 0.3289 0.9251
9.2403 -17.5511 0.3350 0.9237
10.1690 -17.7371 0.3454 0.9215
10.9308 -17.5700 0.3495 0.9206
34.9483 8.7175 0.6084 0.8658
35.1620 10.1268 0.6181 0.8638
32.2472 25.8649 0.6983 0.8476
31.5037 27.1867 0.7029 0.8466
30.7493 28.5277 0.7085 0.8455
29.9818 29.8922 0.7152 0.8442
28.3977 32.7084 0.7317 0.8409
27.4205 33.9776 0.7375 0.8397
6.1733 8.8879 0.1828 0.9576
5.8753 9.1438 0.1836 0.9575
5.2693 9.6640 0.1859 0.9569
3.9075 9.4710 0.1731 0.9598
3.6549 9.8492 0.1775 0.9588
8.3684 25.3056 0.4502 0.8989
2.8298 20.1452 0.3436 0.9218
2.0487 19.7059 0.3347 0.9238
-2.0416 26.7320 0.4529 0.8983
-3.0992 20.7658 0.3547 0.9194
-3.7491 20.1321 0.3459 0.9213
-4.3684 19.5281 0.3380 0.9231
-5.5311 18.4005 0.3246 0.9260
-6.2555 18.3848 0.3280 0.9253
-7.0022 18.3835 0.3323 0.9243
-8.6782 18.6335 0.3472 0.9211
-10.3603 18.6184 0.3599 0.9183
3.3325 -17.6605 -0.1012 0.9306
5.9934 -17.4774 -0.1040 0.9288
6.6919 -17.4433 -0.1052 0.9280
8.3025 -17.7162 -0.1102 0.9247
9.0072 -17.5485 -0.1111 0.9241
9.8250 -17.5576 -0.1133 0.9227
10.8469 -12.2197 -0.0920 0.9367
29.8976 -15.7635 -0.1903 0.8735
38.2259 10.5802 -0.2233 0.8533
34.0886 23.0069 -0.2316 0.8483
34.1380 24.8724 -0.2378 0.8445
31.8292 26.8955 -0.2346 0.8465
31.0954 28.2531 -0.2365 0.8453
30.3288 29.6159 -0.2387 0.8440
27.9294 33.8815 -0.2472 0.8389
25.4818 33.2817 -0.2360 0.8456
6.2596 8.8150 -0.0609 0.9577
5.9715 9.0846 -0.0612 0.9574
5.0580 9.8687 -0.0624 0.9566
4.7439 10.1383 -0.0630 0.9562
10.6017 24.9576 -0.1527 0.8972
4.2410 11.0743 -0.0668 0.9537
8.3543 24.4090 -0.1453 0.9019
6.9902 26.5071 -0.1543 0.8961
5.8643 31.1791 -0.1786 0.8808
1.5263 19.5228 -0.1103 0.9247
0.8707 20.6884 -0.1166 0.9205
0.0591 9.7030 -0.0546 0.9619
-2.7754 27.1702 -0.1538 0.8965
-4.0910 29.5092 -0.1677 0.8877
-4.0906 23.3099 -0.1332 0.9097
-4.6118 21.6708 -0.1247 0.9152
-5.2714 21.0259 -0.1220 0.9169
-5.9038 20.4074 -0.1196 0.9185
-10.0996 20.3119 -0.1277 0.9133
-11.0334 20.3224 -0.1302 0.9117
-11.7893 19.9673 -0.1306 0.9114
-15.2051 20.3692 -0.1431 0.9033
-17.6234 20.3726 -0.1517 0.8979
-18.8750 20.2962 -0.1560 0.8951
-21.9557 20.4431 -0.1689 0.8869
-25.7319 20.7154 -0.1860 0.8762
-13.0699 9.7687 -0.0919 0.9368
-27.8586 19.3007 -0.1908 0.8732
-35.7453 19.4347 -0.2291 0.8498
-42.9993 19.5161 -0.2659 0.8279
-41.9499 10.5442 -0.2435 0.8411
-18.1224 -17.2494 -0.1409 0.9048
-17.0314 -17.4202 -0.1372 0.9071
-15.7163 -17.2763 -0.1315 0.9108
-14.7738 -17.4625 -0.1288 0.9126
-12.6285 -17.3109 -0.1206 0.9179
-11.7425 -17.3758 -0.1181 0.9195
-10.8255 -17.3311 -0.1150 0.9215
-10.0095 -17.3863 -0.1130 0.9229
-8.3945 -17.3584 -0.1086 0.9258
-7.6408 -17.3668 -0.1068 0.9269
-6.1990 -17.3830 -0.1039 0.9288
-5.5054 -17.3908 -0.1027 0.9296
-4.1860 -17.5099 -0.1014 0.9305
-3.5062 -17.4132 -0.1000 0.9314
-2.8602 -17.4204 -0.0994 0.9318
-0.9575 -17.4418 -0.0983 0.9325
-0.3295 -17.4488 -0.0983 0.9326
0.2991 -17.5108 -0.0986 0.9323
0.9272 -17.4629 -0.0985 0.9324
1.5591 -17.4700 -0.0988 0.9322
2.8661 -17.6553 -0.1007 0.9310
3.4883 -17.4866 -0.1004 0.9312
4.1489 -17.4940 -0.1012 0.9306
5.5412 -17.6139 -0.1040 0.9288
6.1749 -17.4144 -0.1040 0.9288
6.9331 -17.5252 -0.1061 0.9274
10.1690 -17.7371 -0.1151 0.9215
29.9052 -15.3724 -0.1890 0.8742
42.8965 23.2229 -0.2746 0.8227
14.9593 8.8083 -0.0977 0.9329
34.0789 25.3757 -0.2392 0.8437
32.3586 25.9543 -0.2335 0.8471
31.6126 27.2806 -0.2351 0.8462
30.8752 28.6445 -0.2371 0.8450
29.3183 31.4122 -0.2419 0.8421
28.5139 32.8423 -0.2449 0.8403
27.4205 33.9776 -0.2458 0.8398
6.9381 9.2596 -0.0651 0.9548
6.1738 8.8886 -0.0609 0.9576
5.5834 9.4178 -0.0616 0.9572
4.9678 9.9461 -0.0626 0.9565
4.6469 10.2059 -0.0631 0.9561
10.2047 24.7342 -0.1506 0.8985
4.1651 11.2241 -0.0674 0.9532
8.3684 25.3056 -0.1501 0.8989
7.0248 27.8074 -0.1615 0.8916
3.7318 21.0427 -0.1203 0.9181
1.3442 19.8465 -0.1120 0.9235
0.3120 9.8482 -0.0555 0.9614
-0.3966 9.8462 -0.0555 0.9613
-4.3414 23.3127 -0.1335 0.9095
-4.8054 21.4815 -0.1239 0.9157
-6.8990 20.2760 -0.1206 0.9179
-7.5875 19.9202 -0.1200 0.9183
-10.3658 20.3149 -0.1284 0.9128
3.9569 -17.4919 -0.5050 0.9308
4.6258 -17.4993 -0.5097 0.9301
5.3399 -17.6117 -0.5182 0.9290
5.9934 -17.4774 -0.5203 0.9287
6.6919 -17.4433 -0.5261 0.9280
7.4593 -17.5311 -0.5365 0.9266
9.8250 -17.5576 -0.5665 0.9226
43.8043 23.1289 -1.3948 0.8202
40.4266 23.2415 -1.3130 0.8298
34.0886 23.0069 -1.1580 0.8483
34.1380 24.8724 -1.1893 0.8445
30.3287 29.6159 -1.1936 0.8440
29.5473 31.0052 -1.2060 0.8425
28.7484 32.4254 -1.2202 0.8408
27.9294 33.8815 -1.2364 0.8389
25.2042 32.9191 -1.1674 0.8471
6.2596 8.8150 -0.3044 0.9577
15.6647 33.4774 -1.0407 0.8625
10.6017 24.9576 -0.7635 0.8972
9.1417 23.8712 -0.7198 0.9028
8.2699 24.1623 -0.7191 0.9029
7.6598 25.3167 -0.7448 0.8996
5.8643 31.1791 -0.8933 0.8808
2.2702 19.8305 -0.5620 0.9232
1.5263 19.5228 -0.5514 0.9246
0.8385 19.9236 -0.5615 0.9233
-0.2920 9.7728 -0.2753 0.9616
-1.7723 26.8835 -0.7586 0.8978
-4.0906 23.3099 -0.6664 0.9096
-4.6118 21.6708 -0.6239 0.9152
-5.2714 21.0259 -0.6104 0.9169
-6.6638 20.2734 -0.6009 0.9181
-9.1996 20.3018 -0.6276 0.9147
-11.0334 20.3224 -0.6511 0.9116
-11.8270 20.0311 -0.6550 0.9111
-13.0207 20.3447 -0.6801 0.9079
-14.0851 20.3566 -0.6970 0.9057
-15.2051 20.3692 -0.7157 0.9033
-20.1101 20.1222 -0.8010 0.8924
-27.8586 19.3007 -0.9543 0.8732
-32.8153 19.4019 -1.0734 0.8585
-41.9499 10.5442 -1.2180 0.8411
-45.0769 -0.2476 -1.2693 0.8350
-17.0314 -17.4202 -0.6860 0.9071
-10.8255 -17.3311 -0.5754 0.9215
-10.0095 -17.3863 -0.5649 0.9229
-9.2665 -17.5243 -0.5582 0.9237
-6.9794 -17.5499 -0.5318 0.9272
-4.8557 -17.5024 -0.5114 0.9299
-4.1860 -17.5099 -0.5069 0.9305
-2.8602 -17.4204 -0.4971 0.9318
-2.2436 -17.6030 -0.4997 0.9315
-1.5876 -17.4347 -0.4930 0.9323
-0.9575 -17.4418 -0.4919 0.9325
4.1489 -17.4940 -0.5063 0.9306
4.8112 -17.4641 -0.5101 0.9301
5.5412 -17.6139 -0.5199 0.9288
6.1749 -17.4144 -0.5203 0.9287
6.9331 -17.5252 -0.5307 0.9274
8.4444 -17.5421 -0.5482 0.9251
10.1690 -17.7371 -0.5757 0.9214
39.6202 9.8828 -1.1498 0.8493
37.1531 10.7002 -1.0887 0.8567
44.7757 22.1969 -1.4072 0.8187
42.8964 23.2229 -1.3735 0.8227
14.9592 8.8083 -0.4888 0.9329
34.0789 25.3757 -1.1964 0.8436
32.3586 25.9543 -1.1680 0.8471
30.1045 30.0145 -1.1970 0.8436
29.3183 31.4122 -1.2099 0.8420
27.4206 33.9776 -1.2294 0.8397
6.9381 9.2596 -0.3258 0.9548
6.1738 8.8886 -0.3047 0.9576
17.1769 28.9729 -0.9484 0.8739
16.2242 32.4827 -1.0224 0.8648
10.2047 24.7342 -0.7534 0.8985
8.8360 23.8111 -0.7151 0.9034
7.0248 27.8074 -0.8076 0.8916
2.0487 19.7059 -0.5579 0.9238
-0.0414 9.6302 -0.2712 0.9622
-4.0758 27.3097 -0.7775 0.8954
-4.8054 21.4815 -0.6198 0.9157
-5.4568 20.8446 -0.6067 0.9174
-6.0922 20.2670 -0.5959 0.9188
-6.8990 20.2760 -0.6031 0.9179
-9.4565 20.3047 -0.6307 0.9143
4.6258 -17.4993 -0.9180 0.9301
6.6919 -17.4433 -0.9475 0.9279
7.4593 -17.5311 -0.9662 0.9265
9.0072 -17.5485 -1.0003 0.9240
10.7849 -17.7440 -1.0531 0.9202
28.1443 -39.5847 -2.4632 0.8232
28.2735 -36.8827 -2.3568 0.8302
37.6934 -31.8125 -2.5014 0.8207
38.8129 -30.4366 -2.5014 0.8207
39.8822 -29.0214 -2.5014 0.8207
40.8998 -27.5687 -2.5014 0.8207
42.2703 -20.3796 -2.3798 0.8287
42.4233 -18.6043 -2.3493 0.8307
43.6715 -15.5149 -2.3504 0.8306
44.8159 -14.1284 -2.3831 0.8284
46.4449 -12.8255 -2.4436 0.8245
48.3649 -9.6784 -2.5014 0.8207
48.6816 -7.9331 -2.5014 0.8207
48.9353 -6.1776 -2.5014 0.8207
49.1258 -4.4141 -2.5014 0.8207
49.2528 -2.6449 -2.5014 0.8207
49.3160 -0.8723 -2.5014 0.8207
49.3155 0.9014 -2.5014 0.8207
49.2512 2.6740 -2.5014 0.8207
49.1232 4.4432 -2.5014 0.8207
45.4167 9.1163 -2.3492 0.8307
38.8868 9.2717 -2.0274 0.8520
36.3047 10.0484 -1.9104 0.8600
44.1870 13.9589 -2.3501 0.8306
43.4344 17.2431 -2.3700 0.8293
42.4322 20.4885 -2.3896 0.8280
41.8374 22.0904 -2.3994 0.8274
40.0156 23.0052 -2.3408 0.8312
36.9352 23.0397 -2.2077 0.8400
31.1489 26.3206 -2.0681 0.8493
30.2051 29.4952 -2.1410 0.8444
29.4269 30.8788 -2.1632 0.8430
24.8479 32.4537 -2.0729 0.8490
6.2596 8.8150 -0.5483 0.9576
19.2376 29.2664 -1.7762 0.8691
6.2258 10.2567 -0.6085 0.9531
11.7141 25.0344 -1.4017 0.8952
10.3116 24.2747 -1.3375 0.8998
9.1358 23.8560 -1.2955 0.9027
3.9527 21.0157 -1.0845 0.9179
3.1269 20.6966 -1.0615 0.9196
2.2702 19.8305 -1.0123 0.9232
-1.7723 26.8835 -1.3663 0.8977
-2.7754 27.1702 -1.3851 0.8964
-4.0556 29.2536 -1.4978 0.8884
-4.6118 21.6708 -1.1236 0.9151
-5.9038 20.4074 -1.0774 0.9184
-6.6638 20.2734 -1.0823 0.9181
-7.4768 20.2599 -1.0952 0.9171
-8.2055 19.9905 -1.0959 0.9171
-11.0334 20.3224 -1.1727 0.9115
-11.8270 20.0311 -1.1797 0.9110
-15.2051 20.3692 -1.2891 0.9032
-16.1450 20.0796 -1.3067 0.9020
-17.6235 20.3727 -1.3661 0.8977
-20.1101 20.1222 -1.4427 0.8923
-21.9557 20.4431 -1.5214 0.8868
-24.8797 21.5486 -1.6692 0.8765
-13.0321 9.7405 -0.8251 0.9369
-27.8586 19.3007 -1.7188 0.8731
-32.8153 19.4019 -1.9333 0.8584
-42.9993 19.5161 -2.3948 0.8277
-44.5123 16.4575 -2.4068 0.8269
-44.9498 14.8050 -2.4001 0.8273
-41.8439 10.5176 -2.1881 0.8413
-27.7571 5.9246 -1.4394 0.8925
-46.1626 6.4282 -2.3637 0.8297
-46.2122 4.7486 -2.3560 0.8302
-46.2204 3.0751 -2.3492 0.8307
-46.3011 1.4113 -2.3492 0.8307
-44.0384 -0.2419 -2.2334 0.8383
-45.3582 -1.8814 -2.3023 0.8337
-46.1839 -3.5827 -2.3492 0.8307
-48.1212 -10.8251 -2.5014 0.8207
-42.1796 -25.5679 -2.5014 0.8207
-38.7241 -25.4210 -2.3492 0.8307
-37.7850 -26.7969 -2.3492 0.8307
-36.7972 -28.1381 -2.3492 0.8307
-30.3757 -25.0087 -1.9954 0.8542
-29.8008 -26.3893 -2.0187 0.8526
-16.7155 -17.0971 -1.2126 0.9087
-15.6142 -17.1641 -1.1768 0.9113
-13.5999 -17.3000 -1.1160 0.9156
-11.8234 -17.4956 -1.0709 0.9189
-9.2665 -17.5243 -1.0053 0.9237
-8.3945 -17.3584 -0.9779 0.9257
-4.8557 -17.5024 -0.9211 0.9298
-4.1860 -17.5099 -0.9130 0.9304
-3.5062 -17.4132 -0.9008 0.9313
-2.8602 -17.4204 -0.8953 0.9317
-2.2436 -17.6030 -0.8999 0.9314
-1.5876 -17.4347 -0.8878 0.9323
-0.9575 -17.4418 -0.8859 0.9324
4.1489 -17.4940 -0.9118 0.9305
4.8113 -17.4641 -0.9187 0.9300
5.5412 -17.6139 -0.9364 0.9287
6.1749 -17.4144 -0.9370 0.9287
7.7538 -17.7101 -0.9805 0.9255
8.4444 -17.5421 -0.9873 0.9250
9.2403 -17.5511 -1.0059 0.9236
10.1690 -17.7371 -1.0369 0.9214
28.6553 -36.5869 -2.3568 0.8302
29.9523 -35.5329 -2.3568 0.8302
31.2106 -34.4329 -2.3568 0.8302
35.6658 -34.0702 -2.5014 0.8207
36.8678 -32.7658 -2.5014 0.8207
38.0220 -31.4190 -2.5014 0.8207
39.1272 -30.0316 -2.5014 0.8207
41.1842 -27.1421 -2.5014 0.8207
42.0495 -25.5927 -2.4964 0.8211
42.2840 -19.8472 -2.3689 0.8294
42.6137 -18.1620 -2.3492 0.8307
43.2391 -16.6181 -2.3492 0.8307
43.9560 -15.1033 -2.3571 0.8301
45.2328 -13.7446 -2.3975 0.8275
48.4628 -9.1751 -2.5014 0.8207
49.1690 -3.9033 -2.5014 0.8207
49.2776 -2.1329 -2.5014 0.8207
49.3224 -0.3597 -2.5014 0.8207
49.2208 3.1858 -2.5014 0.8207
45.3195 9.5879 -2.3492 0.8307
36.7835 10.5938 -1.9413 0.8579
44.0938 14.4351 -2.3530 0.8304
43.7306 16.0790 -2.3629 0.8298
42.8171 19.3405 -2.3827 0.8285
42.2667 20.9531 -2.3925 0.8278
41.6538 22.5501 -2.4021 0.8272
14.9591 8.8082 -0.8804 0.9328
35.9096 22.9219 -2.1605 0.8431
33.7084 23.2638 -2.0771 0.8487
32.3586 25.9543 -2.1037 0.8469
29.9818 29.8922 -2.1471 0.8440
29.1988 31.2842 -2.1702 0.8425
6.1738 8.8886 -0.5488 0.9576
18.5601 28.8853 -1.7412 0.8715
16.4092 30.0948 -1.7384 0.8717
8.1496 24.6440 -1.3164 0.9013
7.4352 25.5286 -1.3485 0.8990
6.8079 31.7099 -1.6448 0.8782
0.3110 9.8168 -0.4981 0.9614
-0.3956 9.8201 -0.4984 0.9614
-3.1326 27.8053 -1.4190 0.8940
-4.0758 27.3097 -1.4003 0.8953
-4.8054 21.4815 -1.1163 0.9156
-5.4568 20.8446 -1.0927 0.9173
-6.8990 20.2760 -1.0862 0.9178
-8.4505 19.9933 -1.1008 0.9167
-11.3102 20.3255 -1.1796 0.9110
3.9213 -17.3345 -1.3031 0.9312
4.5865 -17.3505 -1.3159 0.9306
5.3399 -17.6117 -1.3494 0.9288
5.9626 -17.3874 -1.3478 0.9289
6.6785 -17.4084 -1.3671 0.9279
7.4169 -17.4314 -1.3890 0.9268
8.1808 -17.4565 -1.4135 0.9256
10.6646 -17.5462 -1.5055 0.9209
11.5689 -17.5772 -1.5429 0.9191
17.4291 -22.7363 -2.1005 0.8915
21.7155 -26.3116 -2.5014 0.8721
10.8434 -12.2158 -1.1977 0.9366
23.5502 -24.6830 -2.5014 0.8721
25.2632 -22.9267 -2.5014 0.8721
27.5851 -20.0731 -2.5014 0.8721
28.2889 -19.0683 -2.5014 0.8721
28.3530 -16.2780 -2.3972 0.8771
28.5915 -15.0748 -2.3699 0.8784
31.7156 -12.5691 -2.5014 0.8721
32.5369 -10.2574 -2.5014 0.8721
32.8846 -9.0809 -2.5014 0.8721
33.1899 -7.8926 -2.5014 0.8721
33.6713 -5.4870 -2.5014 0.8721
33.8468 -4.2728 -2.5014 0.8721
33.9785 -3.0531 -2.5014 0.8721
34.1097 0.6235 -2.5014 0.8721
34.0653 1.8496 -2.5014 0.8721
33.9767 3.0732 -2.5014 0.8721
33.6680 5.5070 -2.5014 0.8721
33.4482 6.7139 -2.5014 0.8721
32.0725 7.6470 -2.4175 0.8761
29.3346 12.8850 -2.3492 0.8794
28.8610 13.9356 -2.3499 0.8794
28.4191 15.0054 -2.3564 0.8791
27.9365 16.0609 -2.3628 0.8788
27.4136 17.1003 -2.3690 0.8785
26.8502 18.1216 -2.3751 0.8782
25.6065 20.1047 -2.3871 0.8776
24.9271 21.0633 -2.3928 0.8773
24.2105 21.9975 -2.3985 0.8770
23.4570 22.9057 -2.4039 0.8768
21.8436 24.6374 -2.4142 0.8763
20.0966 26.2481 -2.4239 0.8758
6.2596 8.8150 -0.7927 0.9576
6.0048 9.8927 -0.8485 0.9546
16.2373 29.0568 -2.4406 0.8750
8.2386 24.0708 -1.8654 0.9030
6.9512 26.3594 -1.9988 0.8964
4.6621 20.6659 -1.5533 0.9185
3.8797 20.6276 -1.5390 0.9193
3.0456 20.1583 -1.4948 0.9215
2.2570 19.7148 -1.4550 0.9235
1.5131 19.3538 -1.4234 0.9251
0.0589 9.6574 -0.7081 0.9620
-0.2912 9.7470 -0.7150 0.9616
-4.0154 28.9637 -2.1440 0.8893
-8.1794 19.9269 -1.5794 0.9172
-9.1996 20.3018 -1.6343 0.9145
-13.0207 20.3447 -1.7711 0.9077
-14.0851 20.3566 -1.8150 0.9055
-16.0936 20.0156 -1.8831 0.9021
-17.6235 20.3727 -1.9751 0.8976
-18.8643 20.2846 -2.0311 0.8948
-21.6294 20.1393 -2.1669 0.8882
-24.7244 21.4141 -2.3983 0.8771
-30.0514 11.1109 -2.3492 0.8794
-31.0731 7.8103 -2.3492 0.8794
-27.7605 5.9253 -2.0813 0.8924
-33.3885 3.4309 -2.4610 0.8741
-33.8964 -3.8598 -2.5014 0.8721
-33.2837 -7.4874 -2.5014 0.8721
-31.8665 -12.1815 -2.5014 0.8721
-31.4079 -13.3194 -2.5014 0.8721
-30.9087 -14.4401 -2.5014 0.8721
-30.3695 -15.5421 -2.5014 0.8721
-27.3989 -16.6084 -2.3492 0.8794
-25.4513 -19.4621 -2.3492 0.8794
-24.7350 -20.3646 -2.3492 0.8794
-23.9868 -21.2408 -2.3492 0.8794
-18.1224 -17.2494 -1.8345 0.9045
-16.8779 -17.2633 -1.7702 0.9077
-13.5999 -17.3000 -1.6135 0.9155
-12.6285 -17.3109 -1.5711 0.9176
-10.8086 -17.3041 -1.4959 0.9214
-9.9549 -17.2914 -1.4629 0.9231
-9.1376 -17.2807 -1.4333 0.9246
-8.3525 -17.2716 -1.4067 0.9259
-6.8634 -17.2580 -1.3618 0.9282
-6.1527 -17.2534 -1.3431 0.9292
-4.8557 -17.5024 -1.3318 0.9297
-3.4729 -17.2478 -1.2900 0.9319
-2.8327 -17.2527 -1.2819 0.9323
-2.1999 -17.2598 -1.2758 0.9326
-1.5723 -17.2669 -1.2713 0.9328
-0.3263 -17.2808 -1.2673 0.9330
0.2953 -17.2878 -1.2678 0.9330
0.9183 -17.2948 -1.2699 0.9329
2.1738 -17.3038 -1.2787 0.9324
2.8103 -17.3110 -1.2859 0.9321
4.1122 -17.3390 -1.3066 0.9310
5.5412 -17.6139 -1.3539 0.9286
6.1673 -17.3933 -1.3531 0.9287
6.8895 -17.4149 -1.3732 0.9276
7.6349 -17.4384 -1.3958 0.9265
9.2092 -17.4922 -1.4495 0.9238
10.3440 -16.6268 -1.4358 0.9245
23.8055 -24.4369 -2.5014 0.8721
24.6687 -23.5651 -2.5014 0.8721
25.5001 -22.6629 -2.5014 0.8721
26.2985 -21.7314 -2.5014 0.8721
28.3164 -18.6617 -2.4866 0.8728
28.3740 -15.9002 -2.3848 0.8777
31.8445 -12.2388 -2.5014 0.8721
32.2640 -11.0859 -2.5014 0.8721
32.6417 -9.9187 -2.5014 0.8721
32.9773 -8.7386 -2.5014 0.8721
33.2701 -7.5472 -2.5014 0.8721
33.5200 -6.3461 -2.5014 0.8721
33.7265 -5.1368 -2.5014 0.8721
34.0084 -2.6998 -2.5014 0.8721
34.0835 -1.4752 -2.5014 0.8721
34.1014 0.9780 -2.5014 0.8721
33.7978 4.6444 -2.5014 0.8721
33.3767 7.0612 -2.5014 0.8721
30.7882 8.8671 -2.3492 0.8794
30.0714 11.0567 -2.3492 0.8794
28.7375 14.2462 -2.3518 0.8793
28.2838 15.3120 -2.3582 0.8790
14.9590 8.8082 -1.2728 0.9327
27.2549 17.3973 -2.3708 0.8784
23.2325 23.1630 -2.4054 0.8767
22.4329 24.0351 -2.4106 0.8765
6.2178 9.6769 -0.8434 0.9549
16.9558 28.6001 -2.4379 0.8752
15.9415 29.2370 -2.4417 0.8750
14.9016 29.8347 -2.4452 0.8748
4.6469 10.2059 -0.8222 0.9560
8.6608 23.3390 -1.8253 0.9050
7.4295 25.5091 -1.9481 0.8989
7.0248 27.8074 -2.1029 0.8913
6.8079 31.7099 -2.3780 0.8780
3.6336 20.4891 -1.5257 0.9199
2.8133 20.0277 -1.4829 0.9221
-4.8054 21.4815 -1.6140 0.9155
-5.4568 20.8446 -1.5799 0.9172
-8.4236 19.9296 -1.5864 0.9169
-9.4565 20.3047 -1.6423 0.9141
-10.3659 20.3149 -1.6722 0.9126
4.6258 -17.4993 -1.7377 0.9298
5.3399 -17.6117 -1.7668 0.9287
9.8250 -17.5576 -1.9316 0.9223
10.6774 -17.5672 -1.9736 0.9207
14.1792 -19.9428 -2.3492 0.9064
10.8422 -12.2144 -1.5680 0.9365
18.6522 -18.1923 -2.5014 0.9006
19.9114 -16.8048 -2.5014 0.9006
20.5028 -16.0780 -2.5014 0.9006
21.0676 -15.3304 -2.5014 0.9006
22.1148 -13.7768 -2.5014 0.9006
22.5959 -12.9727 -2.5014 0.9006
23.0477 -12.1519 -2.5014 0.9006
23.4697 -11.3153 -2.5014 0.9006
24.2222 -9.5994 -2.5014 0.9006
24.5517 -8.7223 -2.5014 0.9006
25.3482 -6.0279 -2.5014 0.9006
25.5485 -5.1126 -2.5014 0.9006
25.7158 -4.1906 -2.5014 0.9006
25.8499 -3.2633 -2.5014 0.9006
25.9505 -2.3317 -2.5014 0.9006
26.0176 -1.3972 -2.5014 0.9006
26.0510 -0.4608 -2.5014 0.9006
26.0507 0.4762 -2.5014 0.9006
26.0168 1.4125 -2.5014 0.9006
25.7133 4.2058 -2.5014 0.9006
25.5455 5.1277 -2.5014 0.9006
25.3446 6.0428 -2.5014 0.9006
23.0530 8.2052 -2.3492 0.9064
22.7431 9.0288 -2.3492 0.9064
22.4037 9.8407 -2.3492 0.9064
21.6386 11.4253 -2.3492 0.9064
20.2825 13.6889 -2.3492 0.9064
19.8083 14.4320 -2.3529 0.9062
19.3124 15.1630 -2.3573 0.9060
18.7887 15.8764 -2.3616 0.9059
17.0571 17.8987 -2.3737 0.9054
15.7759 19.1379 -2.3811 0.9051
10.6043 22.6628 -2.4021 0.9043
4.7173 11.1051 -1.1583 0.9527
8.1235 23.7348 -2.4084 0.9041
4.6620 20.6659 -2.0339 0.9184
3.8797 20.6275 -2.0151 0.9191
3.0456 20.1583 -1.9573 0.9213
0.8316 19.7601 -1.8988 0.9236
0.0588 9.6422 -0.9257 0.9620
-0.2908 9.7342 -0.9349 0.9616
-1.5811 23.9834 -2.3075 0.9079
-2.5571 25.0341 -2.4159 0.9038
-3.4546 24.9189 -2.4152 0.9039
-4.0779 23.2370 -2.2650 0.9096
-5.2714 21.0259 -2.0811 0.9166
-5.9038 20.4074 -2.0396 0.9182
-6.6638 20.2734 -2.0488 0.9178
-7.4767 20.2599 -2.0733 0.9169
-8.2055 19.9905 -2.0746 0.9168
-9.9495 20.0101 -2.1454 0.9141
-10.8694 20.0204 -2.1871 0.9125
-11.8270 20.0311 -2.2333 0.9108
-12.8272 20.0423 -2.2845 0.9088
-13.8758 20.0541 -2.3412 0.9067
-10.2376 13.7145 -1.6431 0.9335
-10.5831 13.1623 -1.6215 0.9344
-16.2109 18.7397 -2.3789 0.9052
-18.0550 16.8111 -2.3684 0.9056
-18.6187 16.1258 -2.3647 0.9058
-16.5300 13.3074 -2.0373 0.9183
-12.9944 9.7123 -1.5575 0.9369
-20.1461 13.9574 -2.3530 0.9062
-20.6021 13.2030 -2.3492 0.9064
-21.0636 12.4537 -2.3492 0.9064
-22.6313 9.3054 -2.3492 0.9064
-23.2415 7.6550 -2.3492 0.9064
-25.6602 4.5191 -2.5014 0.9006
-25.8061 3.5935 -2.5014 0.9006
-25.9186 2.6633 -2.5014 0.9006
-25.9976 1.7297 -2.5014 0.9006
-26.0430 0.7938 -2.5014 0.9006
-26.0547 -0.1431 -2.5014 0.9006
-25.7650 -3.8768 -2.5014 0.9006
-25.6090 -4.8007 -2.5014 0.9006
-25.4199 -5.7183 -2.5014 0.9006
-25.1978 -6.6286 -2.5014 0.9006
-24.6563 -8.4223 -2.5014 0.9006
-23.9872 -10.1724 -2.5014 0.9006
-23.6060 -11.0283 -2.5014 0.9006
-18.9685 -12.4521 -2.1784 0.9129
-18.8909 -15.5531 -2.3492 0.9064
-16.8779 -17.2633 -2.3179 0.9075
-15.7163 -17.2763 -2.2422 0.9104
-14.6266 -17.2885 -2.1741 0.9130
-13.5999 -17.3000 -2.1127 0.9154
-11.7056 -17.3213 -2.0071 0.9194
-9.1741 -17.3497 -1.8842 0.9242
-7.6408 -17.3668 -1.8215 0.9266
-5.5054 -17.3908 -1.7513 0.9293
-3.5062 -17.4132 -1.7053 0.9311
-2.8602 -17.4204 -1.6948 0.9315
-2.2212 -17.4276 -1.6867 0.9318
-1.5876 -17.4347 -1.6807 0.9321
-0.9575 -17.4418 -1.6770 0.9322
-0.3295 -17.4488 -1.6755 0.9323
0.9272 -17.4629 -1.6789 0.9321
1.5591 -17.4700 -1.6839 0.9319
3.4883 -17.4866 -1.7119 0.9309
6.2113 -17.5171 -1.7843 0.9280
10.0676 -17.5604 -1.9433 0.9219
10.3448 -16.6280 -1.8801 0.9243
13.6647 -20.2989 -2.3492 0.9064
15.7710 -18.7094 -2.3492 0.9064
16.4335 -18.1303 -2.3492 0.9064
18.8403 -17.9974 -2.5014 0.9006
20.0850 -16.5970 -2.5014 0.9006
20.6687 -15.8641 -2.5014 0.9006
21.7554 -14.3377 -2.5014 0.9006
22.2568 -13.5462 -2.5014 0.9006
22.7295 -12.7372 -2.5014 0.9006
23.9689 -10.2156 -2.5014 0.9006
24.6411 -8.4667 -2.5014 0.9006
24.9295 -7.5752 -2.5014 0.9006
25.1858 -6.6739 -2.5014 0.9006
25.6003 -4.8467 -2.5014 0.9006
25.7580 -3.9231 -2.5014 0.9006
25.8824 -2.9944 -2.5014 0.9006
26.0443 0.7469 -2.5014 0.9006
25.8125 3.5471 -2.5014 0.9006
25.2805 6.3059 -2.5014 0.9006
25.0329 7.2096 -2.5010 0.9006
23.3895 7.6571 -2.3628 0.9058
22.9665 8.4444 -2.3492 0.9064
22.6480 9.2647 -2.3492 0.9064
21.5187 11.6496 -2.3492 0.9064
14.8884 8.7666 -1.6587 0.9329
20.1434 13.9020 -2.3497 0.9063
18.0736 16.7679 -2.3669 0.9057
16.8780 18.0834 -2.3748 0.9054
16.2425 18.7081 -2.3785 0.9052
7.1013 9.4775 -1.1370 0.9535
6.1877 8.9086 -1.0413 0.9573
6.2178 9.6769 -1.1043 0.9548
12.7218 21.4583 -2.3949 0.9046
11.1721 22.3677 -2.4004 0.9044
7.8781 23.8231 -2.4090 0.9041
7.0214 24.1080 -2.4107 0.9040
6.1539 24.3601 -2.4122 0.9040
2.0368 19.5909 -1.8910 0.9239
0.3100 9.7855 -0.9399 0.9614
-0.3945 9.7940 -0.9410 0.9614
-1.8384 24.0717 -2.3177 0.9075
-3.7131 24.8792 -2.4150 0.9039
-4.0920 21.9737 -2.1459 0.9141
-4.7593 21.2752 -2.0930 0.9161
-6.0922 20.2670 -2.0317 0.9185
-11.1421 20.0234 -2.1999 0.9120
3.2993 -17.4845 -2.1136 0.9308
4.6258 -17.4993 -2.1501 0.9297
5.2062 -17.1707 -2.1313 0.9303
5.8909 -17.1784 -2.1572 0.9295
6.7040 -17.4749 -2.2233 0.9274
7.4593 -17.5311 -2.2631 0.9261
10.2719 -16.9001 -2.3492 0.9234
10.8729 -16.5198 -2.3492 0.9234
12.0320 -15.6957 -2.3492 0.9234
10.7519 -12.1126 -1.9239 0.9368
14.1578 -13.8087 -2.3492 0.9234
15.5922 -14.1502 -2.5011 0.9187
16.0928 -13.5820 -2.5014 0.9187
16.5707 -12.9946 -2.5014 0.9187
17.0272 -12.3904 -2.5014 0.9187
18.9687 -9.1453 -2.5014 0.9187
19.5769 -7.7585 -2.5014 0.9187
19.8432 -7.0496 -2.5014 0.9187
20.2985 -5.6053 -2.5014 0.9187
20.4869 -4.8718 -2.5014 0.9187
20.6488 -4.1321 -2.5014 0.9187
20.9737 -1.8845 -2.5014 0.9187
21.0279 -1.1292 -2.5014 0.9187
21.0547 0.3849 -2.5014 0.9187
20.9726 1.8970 -2.5014 0.9187
20.8908 2.6498 -2.5014 0.9187
20.6464 4.1443 -2.5014 0.9187
20.4840 4.8839 -2.5014 0.9187
20.2952 5.6173 -2.5014 0.9187
19.8390 7.0613 -2.5014 0.9187
17.8095 8.5994 -2.3492 0.9234
15.0427 8.6482 -2.0611 0.9325
15.9843 11.6459 -2.3492 0.9234
15.5552 12.2131 -2.3492 0.9234
15.1061 12.7645 -2.3492 0.9234
13.6618 14.3358 -2.3523 0.9233
13.1542 14.8367 -2.3553 0.9232
12.6276 15.3187 -2.3582 0.9231
10.0976 13.1885 -1.9731 0.9353
6.2584 8.8135 -1.2840 0.9574
5.9649 9.0745 -1.2899 0.9572
5.6646 9.3323 -1.2968 0.9570
5.0492 9.8515 -1.3150 0.9564
4.7356 10.1206 -1.3273 0.9560
4.4158 10.3952 -1.3416 0.9555
6.4878 18.9556 -2.3799 0.9225
5.1144 19.3942 -2.3825 0.9224
4.4158 19.5742 -2.3836 0.9224
2.9997 19.8544 -2.3852 0.9223
2.2570 19.7148 -2.3571 0.9232
1.5131 19.3538 -2.3060 0.9248
0.5967 14.1803 -1.6859 0.9444
-1.3215 20.0451 -2.3862 0.9223
-2.7575 19.8906 -2.3853 0.9223
-6.2570 19.0357 -2.3802 0.9225
-4.8575 13.1624 -1.6666 0.9451
-5.4042 13.1657 -1.6905 0.9443
-8.8958 17.8907 -2.3734 0.9227
-10.7405 16.7819 -2.3668 0.9229
-11.3252 16.3679 -2.3643 0.9230
-12.9776 15.0020 -2.3563 0.9232
-13.9874 13.9959 -2.3504 0.9234
-12.2216 10.5853 -1.9206 0.9369
-12.1782 9.8041 -1.8571 0.9390
-12.8190 8.8811 -1.8525 0.9391
-17.3749 9.4467 -2.3492 0.9234
-17.7033 8.8159 -2.3492 0.9234
-18.2911 7.5209 -2.3492 0.9234
-19.3969 7.1716 -2.4565 0.9201
-20.4229 5.1334 -2.5014 0.9187
-20.5943 4.3957 -2.5014 0.9187
-20.7390 3.6524 -2.5014 0.9187
-20.8570 2.9044 -2.5014 0.9187
-21.0401 -0.8727 -2.5014 0.9187
-20.9951 -1.6287 -2.5014 0.9187
-20.9230 -2.3825 -2.5014 0.9187
-20.8238 -3.1333 -2.5014 0.9187
-20.6977 -3.8800 -2.5014 0.9187
-20.3653 -5.3574 -2.5014 0.9187
-20.1595 -6.0862 -2.5014 0.9187
-19.9277 -6.8071 -2.5014 0.9187
-19.6700 -7.5192 -2.5014 0.9187
-19.0788 -8.9133 -2.5014 0.9187
-18.3889 -10.2613 -2.5014 0.9187
-18.0081 -10.9159 -2.5014 0.9187
-15.2680 -12.5703 -2.3492 0.9234
-14.3252 -13.6351 -2.3492 0.9234
-13.3083 -14.6293 -2.3492 0.9234
-12.7736 -15.0983 -2.3492 0.9234
-12.2225 -15.5479 -2.3492 0.9234
-11.6556 -15.9773 -2.3492 0.9234
-11.0736 -16.3860 -2.3492 0.9234
-9.8674 -17.1394 -2.3492 0.9234
-9.1741 -17.3497 -2.3313 0.9240
-8.3945 -17.3584 -2.2904 0.9253
-7.6408 -17.3668 -2.2538 0.9264
-6.9099 -17.3750 -2.2211 0.9274
-6.1990 -17.3830 -2.1922 0.9284
-2.8602 -17.4204 -2.0970 0.9314
-1.5876 -17.4347 -2.0796 0.9319
-0.9575 -17.4418 -2.0750 0.9321
0.2982 -17.4558 -2.0738 0.9321
2.8376 -17.4793 -2.1035 0.9312
4.1489 -17.4940 -2.1357 0.9301
6.9331 -17.5252 -2.2387 0.9269
12.7465 -15.1213 -2.3492 0.9234
10.9753 -12.1085 -1.9413 0.9363
14.3006 -13.6608 -2.3492 0.9234
15.7403 -13.9890 -2.5014 0.9187
16.7049 -12.8216 -2.5014 0.9187
17.1551 -12.2127 -2.5014 0.9187
17.5831 -11.5880 -2.5014 0.9187
17.9884 -10.9483 -2.5014 0.9187
18.3704 -10.2944 -2.5014 0.9187
18.7287 -9.6273 -2.5014 0.9187
19.0627 -8.9476 -2.5014 0.9187
19.6565 -7.5546 -2.5014 0.9187
19.9154 -6.8429 -2.5014 0.9187
20.9187 -2.4202 -2.5014 0.9187
21.0385 -0.9106 -2.5014 0.9187
21.0576 -0.1536 -2.5014 0.9187
21.0142 1.3601 -2.5014 0.9187
20.8621 2.8668 -2.5014 0.9187
20.7456 3.6150 -2.5014 0.9187
20.4321 5.0966 -2.5014 0.9187
20.2357 5.8279 -2.5014 0.9187
19.7538 7.2632 -2.5001 0.9187
17.3918 9.4154 -2.3492 0.9234
14.8205 8.7266 -2.0430 0.9331
16.6702 10.6409 -2.3492 0.9234
15.4275 12.3741 -2.3492 0.9234
9.5783 8.2658 -1.5029 0.9503
14.4983 13.4508 -2.3492 0.9234
14.0107 13.9688 -2.3501 0.9234
13.5171 14.4825 -2.3532 0.9233
12.4720 15.4545 -2.3590 0.9231
6.8463 9.1372 -1.3562 0.9551
6.1727 8.8870 -1.2853 0.9574
5.8785 9.1488 -1.2917 0.9571
4.9591 9.9287 -1.3183 0.9563
4.9869 13.4385 -1.7027 0.9439
6.2916 19.0253 -2.3803 0.9225
5.6066 19.2501 -2.3816 0.9224
4.2125 19.6212 -2.3838 0.9223
3.5055 19.7668 -2.3847 0.9223
2.0368 19.5909 -2.3397 0.9237
0.3095 9.7698 -1.1611 0.9614
-0.0412 9.5776 -1.1377 0.9622
-2.9639 19.8593 -2.3851 0.9223
-5.0793 19.4026 -2.3824 0.9224
-5.7707 19.1975 -2.3812 0.9224
-4.5936 13.5004 -1.6939 0.9442
-8.4403 18.1229 -2.3748 0.9226
-9.0790 17.7929 -2.3728 0.9227
4.2373 -16.0295 -2.3492 0.9352
5.3783 -15.6835 -2.3492 0.9352
5.9387 -15.4800 -2.3492 0.9352
6.4914 -15.2565 -2.3492 0.9352
7.0358 -15.0132 -2.3492 0.9352
7.5711 -14.7505 -2.3492 0.9352
8.0965 -14.4688 -2.3492 0.9352
10.0871 -13.1586 -2.3492 0.9352
10.7163 -12.0726 -2.2873 0.9369
11.4454 -11.9959 -2.3492 0.9352
12.6058 -12.2950 -2.4950 0.9313
13.0733 -11.8642 -2.5014 0.9312
13.4914 -11.3865 -2.5014 0.9312
14.2748 -10.3875 -2.5014 0.9312
14.6391 -9.8675 -2.5014 0.9312
15.3104 -8.7900 -2.5014 0.9312
15.9025 -7.6670 -2.5014 0.9312
17.1753 -4.0843 -2.5014 0.9312
17.4244 -2.8395 -2.5014 0.9312
17.6515 -0.3122 -2.5014 0.9312
17.6283 0.9571 -2.5014 0.9312
17.3090 3.4744 -2.5014 0.9312
17.0145 4.7093 -2.5014 0.9312
16.1637 7.0998 -2.5014 0.9312
14.6618 7.7415 -2.3492 0.9352
14.3739 8.2637 -2.3492 0.9352
13.7429 9.2753 -2.3492 0.9352
13.4005 9.7634 -2.3492 0.9352
13.0408 10.2389 -2.3492 0.9352
9.2687 8.4215 -1.7744 0.9507
10.0793 13.1646 -2.3492 0.9352
5.6610 9.3263 -1.5458 0.9569
5.3608 9.5931 -1.5571 0.9566
4.7356 10.1206 -1.5832 0.9559
4.2526 16.1260 -2.3630 0.9348
3.6713 16.2744 -2.3639 0.9348
3.0848 16.4011 -2.3646 0.9348
2.4938 16.5058 -2.3652 0.9348
-1.0985 16.6633 -2.3661 0.9348
-2.8848 16.4388 -2.3648 0.9348
-4.0561 16.1784 -2.3632 0.9348
-4.6333 16.0155 -2.3623 0.9349
-5.2037 15.8312 -2.3612 0.9349
-6.8664 15.1528 -2.3571 0.9350
-7.9265 14.5998 -2.3539 0.9351
-8.4398 14.2944 -2.3520 0.9351
-9.4339 13.6345 -2.3492 0.9352
-9.9181 13.2865 -2.3492 0.9352
-10.8472 12.5394 -2.3492 0.9352
-11.2911 12.1412 -2.3492 0.9352
-11.7203 11.7274 -2.3492 0.9352
-12.1344 11.2984 -2.3492 0.9352
-12.1303 9.7655 -2.2065 0.9390
-11.7256 8.1236 -2.0211 0.9440
-14.2721 8.4383 -2.3492 0.9352
-15.1933 7.5660 -2.4049 0.9337
-16.3279 6.7136 -2.5014 0.9312
-16.7681 5.5229 -2.5014 0.9312
-16.9559 4.9164 -2.5014 0.9312
-17.1217 4.3036 -2.5014 0.9312
-17.3867 3.0620 -2.5014 0.9312
-17.4855 2.4349 -2.5014 0.9312
-17.6153 1.1720 -2.5014 0.9312
-17.6460 0.5379 -2.5014 0.9312
-17.6391 -0.7317 -2.5014 0.9312
-17.6014 -1.3654 -2.5014 0.9312
-17.5409 -1.9974 -2.5014 0.9312
-17.4577 -2.6268 -2.5014 0.9312
-17.2238 -3.8746 -2.5014 0.9312
-16.4904 -6.3037 -2.5014 0.9312
-16.2531 -6.8926 -2.5014 0.9312
-15.9948 -7.4725 -2.5014 0.9312
-15.7158 -8.0428 -2.5014 0.9312
-15.0971 -9.1514 -2.5014 0.9312
-14.4005 -10.2127 -2.5014 0.9312
-14.0239 -10.7239 -2.5014 0.9312
-12.0096 -11.4310 -2.3492 0.9352
-11.1570 -12.2645 -2.3492 0.9352
-10.7088 -12.6578 -2.3492 0.9352
-10.2468 -13.0346 -2.3492 0.9352
-9.7715 -13.3946 -2.3492 0.9352
-8.7836 -14.0622 -2.3492 0.9352
-7.7504 -14.6571 -2.3492 0.9352
-7.2183 -14.9263 -2.3492 0.9352
-6.6770 -15.1762 -2.3492 0.9352
-6.1270 -15.4064 -2.3492 0.9352
-4.4324 -15.9766 -2.3492 0.9352
-3.8551 -16.1256 -2.3492 0.9352
-1.5035 -16.5117 -2.3492 0.9352
-0.3130 -16.5771 -2.3492 0.9352
0.2832 -16.5776 -2.3492 0.9352
0.8791 -16.5567 -2.3492 0.9352
2.0667 -16.4507 -2.3492 0.9352
3.2435 -16.2597 -2.3492 0.9352
3.8261 -16.1325 -2.3492 0.9352
4.9755 -15.8159 -2.3492 0.9352
5.5410 -15.6268 -2.3492 0.9352
8.2465 -14.3838 -2.3492 0.9352
9.2588 -13.7540 -2.3492 0.9352
10.2233 -13.0530 -2.3492 0.9352
11.6498 -11.9588 -2.3655 0.9348
13.1959 -11.7277 -2.5014 0.9312
14.0046 -10.7491 -2.5014 0.9312
15.0806 -9.1786 -2.5014 0.9312
15.4009 -8.6304 -2.5014 0.9312
15.7013 -8.0711 -2.5014 0.9312
15.9813 -7.5013 -2.5014 0.9312
16.6961 -5.7368 -2.5014 0.9312
17.0652 -4.5221 -2.5014 0.9312
17.4530 -2.6582 -2.5014 0.9312
17.5372 -2.0290 -2.5014 0.9312
17.5989 -1.3971 -2.5014 0.9312
17.6377 -0.7634 -2.5014 0.9312
17.6538 -0.1287 -2.5014 0.9312
17.6470 0.5061 -2.5014 0.9312
17.6174 1.1403 -2.5014 0.9312
17.5650 1.7730 -2.5014 0.9312
17.4899 2.4034 -2.5014 0.9312
17.3921 3.0307 -2.5014 0.9312
17.2719 3.6541 -2.5014 0.9312
17.1294 4.2727 -2.5014 0.9312
16.9647 4.8859 -2.5014 0.9312
16.5697 6.0924 -2.5014 0.9312
15.4177 7.6431 -2.4382 0.9328
14.5805 7.8935 -2.3492 0.9352
14.2873 8.4126 -2.3492 0.9352
13.9755 8.9209 -2.3492 0.9352
13.2983 9.9022 -2.3492 0.9352
12.9337 10.3739 -2.3492 0.9352
11.7414 11.7063 -2.3492 0.9352
10.8698 12.5198 -2.3492 0.9352
10.4126 12.9026 -2.3492 0.9352
6.8463 9.1372 -1.6177 0.9549
6.1727 8.8870 -1.5331 0.9572
5.8747 9.1429 -1.5398 0.9570
5.7946 15.6153 -2.3599 0.9349
4.6621 16.0072 -2.3623 0.9349
4.0852 16.1711 -2.3632 0.9348
1.7266 16.6079 -2.3658 0.9348
1.1285 16.6614 -2.3662 0.9348
0.3090 9.7541 -1.3827 0.9613
-0.3935 9.7678 -1.3851 0.9613
-2.4640 16.5102 -2.3652 0.9348
-3.0553 16.4066 -2.3646 0.9348
-3.6421 16.2810 -2.3639 0.9348
-4.7989 15.9645 -2.3620 0.9349
-5.3672 15.7740 -2.3608 0.9349
-6.4796 15.3303 -2.3582 0.9350
-7.5546 14.8054 -2.3551 0.9351
2.6442 -14.0129 -2.3492 0.9438
5.1078 -13.3141 -2.3492 0.9438
5.5832 -13.1218 -2.3492 0.9438
6.0514 -12.9126 -2.3492 0.9438
6.5117 -12.6866 -2.3492 0.9438
6.9637 -12.4443 -2.3492 0.9438
7.4066 -12.1859 -2.3492 0.9438
7.8400 -11.9117 -2.3492 0.9438
8.6757 -11.3175 -2.3492 0.9438
9.3762 -11.3606 -2.4266 0.9420
10.0581 -11.3311 -2.4960 0.9404
10.4817 -10.9859 -2.5014 0.9403
10.8700 -10.6019 -2.5014 0.9403
11.6038 -9.7933 -2.5014 0.9403
11.9484 -9.3698 -2.5014 0.9403
12.2775 -8.9341 -2.5014 0.9403
12.8879 -8.0287 -2.5014 0.9403
13.1682 -7.5601 -2.5014 0.9403
13.4315 -7.0818 -2.5014 0.9403
13.6775 -6.5942 -2.5014 0.9403
14.1160 -5.5943 -2.5014 0.9403
14.3080 -5.0831 -2.5014 0.9403
14.6363 -4.0417 -2.5014 0.9403
14.8889 -2.9794 -2.5014 0.9403
15.1232 -1.3589 -2.5014 0.9403
15.1816 0.2775 -2.5014 0.9403
15.1618 0.8232 -2.5014 0.9403
15.0634 1.9107 -2.5014 0.9403
14.9850 2.4510 -2.5014 0.9403
14.8871 2.9883 -2.5014 0.9403
14.7701 3.5216 -2.5014 0.9403
14.1127 5.6026 -2.5014 0.9403
13.6736 6.6023 -2.5014 0.9403
13.4273 7.0897 -2.5014 0.9403
13.1311 7.5491 -2.4952 0.9404
11.8200 7.9775 -2.3492 0.9438
11.2162 8.8063 -2.3492 0.9438
10.8923 9.2039 -2.3492 0.9438
9.2688 8.4216 -2.0631 0.9505
9.0705 11.0036 -2.3492 0.9438
8.6690 11.3226 -2.3492 0.9438
6.2584 8.8135 -1.7807 0.9571
5.5999 9.2257 -1.7779 0.9572
5.3608 9.5932 -1.8104 0.9564
5.0492 9.8515 -1.8237 0.9561
4.6178 13.4919 -2.3492 0.9438
4.1297 13.6492 -2.3492 0.9438
3.1389 13.9140 -2.3498 0.9438
2.1319 14.1107 -2.3510 0.9438
1.6234 14.1807 -2.3514 0.9438
-2.4663 14.0540 -2.3506 0.9438
-3.4680 13.8327 -2.3493 0.9438
-4.4529 13.5472 -2.3492 0.9438
-4.9371 13.3783 -2.3492 0.9438
-5.4150 13.1921 -2.3492 0.9438
-5.8858 12.9889 -2.3492 0.9438
-6.3490 12.7689 -2.3492 0.9438
-6.8040 12.5323 -2.3492 0.9438
-7.6871 12.0110 -2.3492 0.9438
-8.1140 11.7268 -2.3492 0.9438
-8.5304 11.4275 -2.3492 0.9438
-8.9357 11.1134 -2.3492 0.9438
-9.3295 10.7849 -2.3492 0.9438
-10.4366 9.7176 -2.3492 0.9438
-10.7792 9.3361 -2.3492 0.9438
-11.1080 8.9424 -2.3492 0.9438
-11.4223 8.5372 -2.3492 0.9438
-12.9048 7.6299 -2.4697 0.9410
-13.3329 7.2491 -2.5001 0.9403
-13.8266 6.2755 -2.5014 0.9403
-14.2419 5.2656 -2.5014 0.9403
-14.4220 4.7501 -2.5014 0.9403
-14.7260 3.7014 -2.5014 0.9403
-14.8496 3.1696 -2.5014 0.9403
-14.9540 2.6336 -2.5014 0.9403
-15.1839 -0.0834 -2.5014 0.9403
-15.1386 -1.1744 -2.5014 0.9403
-14.9242 -2.7977 -2.5014 0.9403
-14.8139 -3.3325 -2.5014 0.9403
-14.6845 -3.8630 -2.5014 0.9403
-14.5361 -4.3885 -2.5014 0.9403
-14.3689 -4.9083 -2.5014 0.9403
-13.9790 -5.9282 -2.5014 0.9403
-13.5169 -6.9175 -2.5014 0.9403
-13.2594 -7.3990 -2.5014 0.9403
-12.9848 -7.8710 -2.5014 0.9403
-12.6934 -8.3327 -2.5014 0.9403
-12.3856 -8.7838 -2.5014 0.9403
-12.0617 -9.2234 -2.5014 0.9403
-11.7223 -9.6511 -2.5014 0.9403
-10.6130 -10.8553 -2.5010 0.9403
-10.1917 -11.2034 -2.4951 0.9404
-9.5411 -11.2776 -2.4336 0.9419
-8.8754 -11.2901 -2.3658 0.9434
-8.4043 -11.5205 -2.3492 0.9438
-7.9846 -11.8152 -2.3492 0.9438
-7.5547 -12.0946 -2.3492 0.9438
-6.2084 -12.8378 -2.3492 0.9438
-5.7428 -13.0528 -2.3492 0.9438
-5.2697 -13.2508 -2.3492 0.9438
-3.8122 -13.7412 -2.3492 0.9438
-3.3157 -13.8694 -2.3492 0.9438
-2.3104 -14.0718 -2.3492 0.9438
-1.2932 -14.2015 -2.3492 0.9438
-0.7817 -14.2388 -2.3492 0.9438
-0.2692 -14.2577 -2.3492 0.9438
0.7561 -14.2401 -2.3492 0.9438
1.2676 -14.2037 -2.3492 0.9438
2.2851 -14.0759 -2.3492 0.9438
2.7897 -13.9847 -2.3492 0.9438
3.2907 -13.8753 -2.3492 0.9438
4.2794 -13.6030 -2.3492 0.9438
5.2459 -13.2603 -2.3492 0.9438
5.7193 -13.0631 -2.3492 0.9438
6.1852 -12.8490 -2.3492 0.9438
6.6432 -12.6183 -2.3492 0.9438
7.5329 -12.1082 -2.3492 0.9438
8.8666 -11.3208 -2.3689 0.9434
10.1837 -11.2351 -2.4981 0.9404
10.5954 -10.8764 -2.5014 0.9403
10.9796 -10.4884 -2.5014 0.9403
11.7049 -9.6722 -2.5014 0.9403
12.0451 -9.2451 -2.5014 0.9403
12.9706 -7.8943 -2.5014 0.9403
13.5044 -6.9418 -2.5014 0.9403
13.7453 -6.4517 -2.5014 0.9403
14.5282 -4.4146 -2.5014 0.9403
14.6775 -3.8894 -2.5014 0.9403
15.1699 -0.6566 -2.5014 0.9403
15.1837 -0.1107 -2.5014 0.9403
15.1779 0.4353 -2.5014 0.9403
15.1524 0.9807 -2.5014 0.9403
14.8553 3.1428 -2.5014 0.9403
14.5910 4.2022 -2.5014 0.9403
14.4305 4.7242 -2.5014 0.9403
13.8379 6.2506 -2.5014 0.9403
13.6042 6.7441 -2.5014 0.9403
13.3490 7.2267 -2.5007 0.9403
12.0201 7.6727 -2.3492 0.9438
11.4377 8.5167 -2.3492 0.9438
9.5796 8.2669 -2.0845 0.9500
9.7300 10.4250 -2.3492 0.9438
8.9557 11.0973 -2.3492 0.9438
6.1727 8.8870 -1.7825 0.9571
5.8100 9.0422 -1.7706 0.9574
4.5131 10.9390 -1.9494 0.9532
4.9612 13.3694 -2.3492 0.9438
4.4773 13.5391 -2.3492 0.9438
0.9647 14.2430 -2.3517 0.9438
-0.3929 9.7547 -1.6083 0.9612
-1.0871 14.2338 -2.3517 0.9438
-1.5979 14.1837 -2.3514 0.9438
-3.1139 13.9199 -2.3498 0.9438
-3.6112 13.7945 -2.3491 0.9438
-6.0205 12.9270 -2.3492 0.9438
-6.9339 12.4609 -2.3492 0.9438
2.3175 -12.2817 -2.3492 0.9504
2.7576 -12.1904 -2.3492 0.9504
3.1942 -12.0834 -2.3492 0.9504
4.0543 -11.8226 -2.3492 0.9504
4.4767 -11.6692 -2.3492 0.9504
5.7931 -11.2866 -2.3846 0.9497
6.8495 -11.2692 -2.4787 0.9477
7.7107 -10.8450 -2.5011 0.9473
8.4711 -10.2640 -2.5014 0.9473
9.1868 -9.6286 -2.5014 0.9473
9.8550 -8.9436 -2.5014 0.9473
10.7607 -7.8304 -2.5014 0.9473
11.0353 -7.4384 -2.5014 0.9473
11.2956 -7.0368 -2.5014 0.9473
11.9877 -5.7796 -2.5014 0.9473
12.1877 -5.3448 -2.5014 0.9473
12.3720 -4.9031 -2.5014 0.9473
12.5403 -4.4551 -2.5014 0.9473
12.8280 -3.5424 -2.5014 0.9473
13.1349 -2.1405 -2.5014 0.9473
13.2548 -1.1910 -2.5014 0.9473
13.2890 -0.7136 -2.5014 0.9473
13.3061 -0.2354 -2.5014 0.9473
13.3059 0.2432 -2.5014 0.9473
13.2886 0.7215 -2.5014 0.9473
13.2541 1.1988 -2.5014 0.9473
13.1336 2.1482 -2.5014 0.9473
12.9453 3.0865 -2.5014 0.9473
12.6900 4.0089 -2.5014 0.9473
12.1846 5.3520 -2.5014 0.9473
11.9843 5.7867 -2.5014 0.9473
11.7684 6.2138 -2.5014 0.9473
11.5374 6.6329 -2.5014 0.9473
11.2915 7.0435 -2.5014 0.9473
11.0123 7.4323 -2.4972 0.9474
10.4902 7.6430 -2.4396 0.9485
9.8305 7.7183 -2.3492 0.9504
6.2625 8.8191 -2.0331 0.9569
4.4698 11.6718 -2.3492 0.9504
1.8671 12.3582 -2.3492 0.9504
1.0863 9.4891 -1.7952 0.9619
0.9742 12.4604 -2.3492 0.9504
-0.8222 12.4714 -2.3492 0.9504
-1.1287 11.0500 -2.0878 0.9558
-2.6016 12.2247 -2.3492 0.9504
-3.0394 12.1233 -2.3492 0.9504
-3.4734 12.0061 -2.3492 0.9504
-4.3272 11.7255 -2.3492 0.9504
-5.1586 11.3842 -2.3492 0.9504
-5.9634 10.9840 -2.3492 0.9504
-6.3545 10.7625 -2.3492 0.9504
-7.4765 10.0157 -2.3492 0.9504
-7.8318 9.7404 -2.3492 0.9504
-8.1769 9.4525 -2.3492 0.9504
-8.5115 9.1524 -2.3492 0.9504
-9.1472 8.5170 -2.3492 0.9504
-9.7356 7.8376 -2.3492 0.9504
-11.2047 7.1806 -2.5014 0.9473
-11.6918 6.3568 -2.5014 0.9473
-12.1184 5.5002 -2.5014 0.9473
-12.6402 4.1633 -2.5014 0.9473
-13.2385 1.3603 -2.5014 0.9473
-13.2788 0.8835 -2.5014 0.9473
-13.3080 -0.0731 -2.5014 0.9473
-13.2967 -0.5515 -2.5014 0.9473
-13.2227 -1.5057 -2.5014 0.9473
-13.0804 -2.4520 -2.5014 0.9473
-12.9837 -2.9208 -2.5014 0.9473
-12.8703 -3.3857 -2.5014 0.9473
-12.7402 -3.8463 -2.5014 0.9473
-12.0573 -5.6330 -2.5014 0.9473
-11.8469 -6.0628 -2.5014 0.9473
-11.6213 -6.4849 -2.5014 0.9473
-11.3806 -6.8985 -2.5014 0.9473
-9.9633 -8.8227 -2.5014 0.9473
-9.6396 -9.1752 -2.5014 0.9473
-9.3035 -9.5159 -2.5014 0.9473
-8.5956 -10.1599 -2.5014 0.9473
-7.8432 -10.7513 -2.5014 0.9473
-7.4423 -11.0126 -2.4983 0.9473
-6.4913 -11.2754 -2.4455 0.9484
-5.4606 -11.2916 -2.3575 0.9502
-5.0333 -11.4402 -2.3492 0.9504
-4.6187 -11.6137 -2.3492 0.9504
-4.1981 -11.7723 -2.3492 0.9504
-3.7721 -11.9156 -2.3492 0.9504
-3.3412 -12.0435 -2.3492 0.9504
-2.9061 -12.1559 -2.3492 0.9504
-1.5802 -12.3981 -2.3492 0.9504
-1.1334 -12.4469 -2.3492 0.9504
-0.2360 -12.4962 -2.3492 0.9504
0.6627 -12.4808 -2.3492 0.9504
1.0695 -11.9837 -2.2614 0.9522
2.0028 -12.3369 -2.3492 0.9504
2.8842 -12.1611 -2.3492 0.9504
3.3196 -12.0495 -2.3492 0.9504
4.5978 -11.6220 -2.3492 0.9504
6.4646 -11.2758 -2.4430 0.9485
7.0091 -11.2663 -2.4940 0.9474
7.4218 -11.0251 -2.4981 0.9473
11.1120 -7.3233 -2.5014 0.9473
11.3682 -6.9190 -2.5014 0.9473
11.6096 -6.5058 -2.5014 0.9473
11.8360 -6.0842 -2.5014 0.9473
12.0471 -5.6546 -2.5014 0.9473
12.2426 -5.2178 -2.5014 0.9473
12.5859 -4.3245 -2.5014 0.9473
12.7333 -3.8692 -2.5014 0.9473
12.8642 -3.4089 -2.5014 0.9473
13.1565 -2.0038 -2.5014 0.9473
13.2200 -1.5295 -2.5014 0.9473
13.3027 0.3815 -2.5014 0.9473
13.2409 1.3365 -2.5014 0.9473
13.1843 1.8117 -2.5014 0.9473
13.1106 2.2846 -2.5014 0.9473
13.0200 2.7545 -2.5014 0.9473
12.6477 4.1405 -2.5014 0.9473
12.3174 5.0387 -2.5014 0.9473
12.1283 5.4783 -2.5014 0.9473
11.9235 5.9109 -2.5014 0.9473
10.9264 7.5408 -2.4954 0.9474
9.7497 7.8201 -2.3492 0.9504
9.4622 8.1656 -2.3492 0.9504
8.4891 7.8758 -2.1766 0.9540
8.1823 8.1579 -2.1717 0.9541
8.5279 9.1370 -2.3492 0.9504
8.1939 9.4377 -2.3492 0.9504
7.4945 10.0022 -2.3492 0.9504
6.1767 8.8928 -2.0351 0.9569
5.8479 9.1011 -2.0334 0.9569
5.6347 9.5044 -2.0768 0.9560
5.1791 11.3749 -2.3492 0.9504
4.7668 11.5537 -2.3492 0.9504
4.3483 11.7177 -2.3492 0.9504
3.9242 11.8664 -2.3492 0.9504
3.4949 11.9999 -2.3492 0.9504
3.0612 12.1178 -2.3492 0.9504
2.6235 12.2200 -2.3492 0.9504
2.1825 12.3064 -2.3492 0.9504
0.8446 12.4699 -2.3492 0.9504
0.3080 9.7225 -1.8284 0.9612
-0.0410 9.5398 -1.7931 0.9619
-0.3924 9.7415 -1.8325 0.9611
-1.3992 12.4199 -2.3492 0.9504
-2.2882 12.2872 -2.3492 0.9504
-2.7285 12.1970 -2.3492 0.9504
-4.4488 11.6799 -2.3492 0.9504
-5.6807 11.1329 -2.3492 0.9504
3.8298 -11.1681 -2.4957 0.9529
4.2328 -11.0333 -2.4979 0.9528
5.0217 -10.7154 -2.5014 0.9528
6.1463 -10.1124 -2.5014 0.9528
6.5059 -9.8848 -2.5014 0.9528
8.1689 -8.5619 -2.5014 0.9528
8.7631 -7.9527 -2.5014 0.9528
9.0434 -7.6325 -2.5014 0.9528
9.3120 -7.3024 -2.5014 0.9528
9.5685 -6.9628 -2.5014 0.9528
10.0442 -6.2572 -2.5014 0.9528
10.2627 -5.8920 -2.5014 0.9528
10.4679 -5.5192 -2.5014 0.9528
10.8374 -4.7526 -2.5014 0.9528
11.0013 -4.3599 -2.5014 0.9528
11.1510 -3.9615 -2.5014 0.9528
11.4068 -3.1499 -2.5014 0.9528
11.6037 -2.3220 -2.5014 0.9528
11.6797 -1.9033 -2.5014 0.9528
11.8167 -0.6346 -2.5014 0.9528
11.8319 -0.2093 -2.5014 0.9528
11.8163 0.6416 -2.5014 0.9528
11.7856 1.0660 -2.5014 0.9528
11.6786 1.9102 -2.5014 0.9528
11.4050 3.1567 -2.5014 0.9528
11.1486 3.9681 -2.5014 0.9528
10.8346 4.7591 -2.5014 0.9528
10.0405 6.2631 -2.5014 0.9528
9.8088 6.6201 -2.5014 0.9528
9.5644 6.9685 -2.5014 0.9528
9.0124 7.6154 -2.4941 0.9529
7.9515 7.7646 -2.3492 0.9556
7.6672 8.0455 -2.3492 0.9556
7.3729 8.3159 -2.3492 0.9556
7.0691 8.5757 -2.3492 0.9556
6.7562 8.8243 -2.3492 0.9556
6.4346 9.0615 -2.3492 0.9556
5.7667 9.5005 -2.3492 0.9556
4.7102 10.0662 -2.3492 0.9556
3.9746 10.3787 -2.3492 0.9556
3.5989 10.5149 -2.3492 0.9556
3.2185 10.6375 -2.3492 0.9556
2.8339 10.7463 -2.3492 0.9556
1.6603 10.9890 -2.3492 0.9556
0.6921 8.8528 -1.8770 0.9643
0.3726 8.8535 -1.8731 0.9644
0.0540 8.8542 -1.8716 0.9644
-0.5838 8.8555 -1.8759 0.9644
-0.9046 8.8562 -1.8818 0.9643
-2.3133 10.8703 -2.3492 0.9556
-3.4704 10.5580 -2.3492 0.9556
-3.8478 10.4264 -2.3492 0.9556
-4.2202 10.2813 -2.3492 0.9556
-4.9481 9.9514 -2.3492 0.9556
-5.6505 9.5701 -2.3492 0.9556
-5.9909 9.3608 -2.3492 0.9556
-6.6481 8.9060 -2.3492 0.9556
-7.5685 8.1384 -2.3492 0.9556
-7.8562 7.8610 -2.3492 0.9556
-8.2213 7.6549 -2.3745 0.9551
-9.2037 7.4095 -2.4976 0.9528
-9.9634 6.3851 -2.5014 0.9528
-10.1865 6.0227 -2.5014 0.9528
-10.5930 5.2751 -2.5014 0.9528
-10.7758 4.8908 -2.5014 0.9528
-10.9447 4.5002 -2.5014 0.9528
-11.2398 3.7020 -2.5014 0.9528
-11.4768 2.8847 -2.5014 0.9528
-11.6544 2.0525 -2.5014 0.9528
-11.7718 1.2096 -2.5014 0.9528
-11.8077 0.7856 -2.5014 0.9528
-11.8283 0.3605 -2.5014 0.9528
-11.8336 -0.0650 -2.5014 0.9528
-11.7983 -0.9152 -2.5014 0.9528
-11.7578 -1.3389 -2.5014 0.9528
-11.7020 -1.7608 -2.5014 0.9528
-11.6312 -2.1804 -2.5014 0.9528
-11.5452 -2.5972 -2.5014 0.9528
-11.4444 -3.0106 -2.5014 0.9528
-11.0537 -4.2254 -2.5014 0.9528
-10.8946 -4.6201 -2.5014 0.9528
-10.7214 -5.0089 -2.5014 0.9528
-9.8926 -6.4941 -2.5014 0.9528
-9.6527 -6.8456 -2.5014 0.9528
-9.4003 -7.1883 -2.5014 0.9528
-8.8595 -7.8452 -2.5014 0.9528
-7.9632 -8.7536 -2.5014 0.9528
-7.6433 -9.0343 -2.5014 0.9528
-6.9743 -9.5602 -2.5014 0.9528
-6.2692 -10.0366 -2.5014 0.9528
-5.9043 -10.2556 -2.5014 0.9528
-5.5317 -10.4612 -2.5014 0.9528
-5.1520 -10.6534 -2.5014 0.9528
-3.9669 -11.1239 -2.4964 0.9529
-1.4381 -11.2830 -2.4043 0.9546
-1.0276 -11.2846 -2.3952 0.9547
-0.2131 -11.2863 -2.3861 0.9549
0.1928 -11.2863 -2.3861 0.9549
1.0071 -11.2847 -2.3948 0.9547
1.4175 -11.2831 -2.4038 0.9546
2.2498 -11.2780 -2.4309 0.9541
2.6739 -11.2746 -2.4493 0.9537
4.3484 -10.9918 -2.4987 0.9528
4.7457 -10.8395 -2.5012 0.9528
5.5129 -10.4712 -2.5014 0.9528
6.2511 -10.0479 -2.5014 0.9528
6.6083 -9.8167 -2.5014 0.9528
7.2967 -9.3164 -2.5014 0.9528
7.6270 -9.0480 -2.5014 0.9528
7.9474 -8.7679 -2.5014 0.9528
8.2575 -8.4765 -2.5014 0.9528
8.5569 -8.1741 -2.5014 0.9528
8.8453 -7.8612 -2.5014 0.9528
9.3874 -7.2052 -2.5014 0.9528
9.6404 -6.8630 -2.5014 0.9528
9.8809 -6.5119 -2.5014 0.9528
10.5247 -5.4101 -2.5014 0.9528
10.7124 -5.0282 -2.5014 0.9528
11.1915 -3.8454 -2.5014 0.9528
11.3226 -3.4405 -2.5014 0.9528
11.6272 -2.2013 -2.5014 0.9528
11.7553 -1.3600 -2.5014 0.9528
11.7966 -0.9365 -2.5014 0.9528
11.8334 -0.0863 -2.5014 0.9528
11.7739 1.1884 -2.5014 0.9528
11.7236 1.6110 -2.5014 0.9528
11.6581 2.0315 -2.5014 0.9528
11.5775 2.4494 -2.5014 0.9528
11.4819 2.8641 -2.5014 0.9528
11.2464 3.6818 -2.5014 0.9528
11.1068 4.0838 -2.5014 0.9528
10.7846 4.8714 -2.5014 0.9528
10.4066 5.6338 -2.5014 0.9528
9.9748 6.3672 -2.5014 0.9528
9.7394 6.7217 -2.5014 0.9528
8.2502 7.6541 -2.3789 0.9550
7.8703 7.8468 -2.3492 0.9556
7.5831 8.1247 -2.3492 0.9556
7.2861 8.3921 -2.3492 0.9556
6.6642 8.8940 -2.3492 0.9556
6.3400 9.1279 -2.3492 0.9556
5.3203 9.7575 -2.3492 0.9556
4.2387 10.2737 -2.3492 0.9556
3.1077 10.6704 -2.3492 0.9556
2.3329 10.8661 -2.3492 0.9556
1.5460 11.0057 -2.3492 0.9556
0.5996 8.8530 -1.8756 0.9644
0.2804 8.8537 -1.8724 0.9644
-0.6763 8.8558 -1.8774 0.9643
-1.6405 10.9920 -2.3492 0.9556
-2.0347 10.9259 -2.3492 0.9556
-2.4262 10.8457 -2.3492 0.9556
-3.1993 10.6433 -2.3492 0.9556
-3.9559 10.3858 -2.3492 0.9556
-4.6921 10.0747 -2.3492 0.9556
3.8122 -9.9371 -2.5014 0.9572
5.1974 -9.2879 -2.5014 0.9572
5.5280 -9.0951 -2.5014 0.9572
6.1673 -8.6743 -2.5014 0.9572
6.4752 -8.4469 -2.5014 0.9572
6.7748 -8.2086 -2.5014 0.9572
7.3472 -7.7006 -2.5014 0.9572
7.6193 -7.4314 -2.5014 0.9572
7.8816 -7.1527 -2.5014 0.9572
8.3752 -6.5677 -2.5014 0.9572
8.8255 -5.9489 -2.5014 0.9572
9.2302 -5.2992 -2.5014 0.9572
9.7472 -4.2745 -2.5014 0.9572
10.1508 -3.2001 -2.5014 0.9572
10.5047 -1.7118 -2.5014 0.9572
10.5595 -1.3330 -2.5014 0.9572
10.6006 -0.9525 -2.5014 0.9572
10.6276 0.5770 -2.5014 0.9572
10.5037 1.7181 -2.5014 0.9572
10.1489 3.2061 -2.5014 0.9572
10.0271 3.5689 -2.5014 0.9572
8.8220 5.9541 -2.5014 0.9572
8.1296 6.8695 -2.5014 0.9572
6.0766 7.9366 -2.3492 0.9598
5.7873 8.1499 -2.3492 0.9598
5.4905 8.3528 -2.3492 0.9598
5.1866 8.5448 -2.3492 0.9598
4.5591 8.8954 -2.3492 0.9598
4.2363 9.0536 -2.3492 0.9598
3.2368 9.4571 -2.3492 0.9598
2.8947 9.5674 -2.3492 0.9598
1.4932 9.8835 -2.3492 0.9598
1.0134 8.8521 -2.0940 0.9641
0.6921 8.8528 -2.0870 0.9642
0.0540 8.8542 -2.0810 0.9643
-0.2645 8.8549 -2.0820 0.9643
-1.7277 9.8453 -2.3492 0.9598
-2.0806 9.7768 -2.3492 0.9598
-3.4607 9.3775 -2.3492 0.9598
-3.7956 9.2470 -2.3492 0.9598
-5.3883 8.4191 -2.3492 0.9598
-5.6875 8.2199 -2.3492 0.9598
-5.9793 8.0101 -2.3492 0.9598
-7.1055 7.6405 -2.4522 0.9580
-7.7860 7.2496 -2.5003 0.9572
-8.0452 6.9681 -2.5014 0.9572
-8.5252 6.3719 -2.5014 0.9572
-8.9611 5.7428 -2.5014 0.9572
-9.1617 5.4168 -2.5014 0.9572
-9.3506 5.0839 -2.5014 0.9572
-9.5273 4.7444 -2.5014 0.9572
-9.8437 4.0475 -2.5014 0.9572
-9.9828 3.6909 -2.5014 0.9572
-10.1091 3.3296 -2.5014 0.9572
-10.2223 2.9640 -2.5014 0.9572
-10.3222 2.5945 -2.5014 0.9572
-10.4088 2.2217 -2.5014 0.9572
-10.5875 1.0879 -2.5014 0.9572
-10.6342 -0.4411 -2.5014 0.9572
-10.6114 -0.8232 -2.5014 0.9572
-10.5750 -1.2042 -2.5014 0.9572
-10.3838 -2.3359 -2.5014 0.9572
-10.2931 -2.7077 -2.5014 0.9572
-10.0719 -3.4404 -2.5014 0.9572
-9.9417 -3.8003 -2.5014 0.9572
-9.6429 -4.5050 -2.5014 0.9572
-9.4746 -4.8488 -2.5014 0.9572
-9.1017 -5.5171 -2.5014 0.9572
-8.4547 -6.4651 -2.5014 0.9572
-8.2167 -6.7649 -2.5014 0.9572
-7.9682 -7.0560 -2.5014 0.9572
-7.1621 -7.8730 -2.5014 0.9572
-6.8744 -8.1254 -2.5014 0.9572
-5.9594 -8.8184 -2.5014 0.9572
-4.9752 -9.4089 -2.5014 0.9572
-3.9331 -9.8899 -2.5014 0.9572
-2.4747 -10.3516 -2.5014 0.9572
-2.1009 -10.4339 -2.5014 0.9572
-1.7244 -10.5027 -2.5014 0.9572
-0.9652 -10.5994 -2.5014 0.9572
-0.5834 -10.6273 -2.5014 0.9572
0.5643 -10.6283 -2.5014 0.9572
0.9461 -10.6012 -2.5014 0.9572
1.3267 -10.5603 -2.5014 0.9572
1.7055 -10.5058 -2.5014 0.9572
2.0821 -10.4376 -2.5014 0.9572
3.1940 -10.1527 -2.5014 0.9572
3.5569 -10.0313 -2.5014 0.9572
3.9153 -9.8970 -2.5014 0.9572
4.2686 -9.7498 -2.5014 0.9572
4.9583 -9.4178 -2.5014 0.9572
5.6223 -9.0371 -2.5014 0.9572
6.2572 -8.6097 -2.5014 0.9572
6.8597 -8.1378 -2.5014 0.9572
7.1479 -7.8859 -2.5014 0.9572
7.4268 -7.6238 -2.5014 0.9572
7.6961 -7.3518 -2.5014 0.9572
8.4430 -6.4803 -2.5014 0.9572
8.6706 -6.1726 -2.5014 0.9572
8.8869 -5.8568 -2.5014 0.9572
9.6347 -4.5223 -2.5014 0.9572
9.7911 -4.1730 -2.5014 0.9572
10.1835 -3.0944 -2.5014 0.9572
10.5219 -1.6026 -2.5014 0.9572
10.5728 -1.2232 -2.5014 0.9572
10.6099 -0.8423 -2.5014 0.9572
10.6333 -0.4602 -2.5014 0.9572
10.6430 -0.0776 -2.5014 0.9572
10.6389 0.3051 -2.5014 0.9572
10.5895 1.0689 -2.5014 0.9572
10.5442 1.4489 -2.5014 0.9572
10.4853 1.8271 -2.5014 0.9572
10.4128 2.2030 -2.5014 0.9572
9.9894 3.6729 -2.5014 0.9572
9.8509 4.0298 -2.5014 0.9572
9.5358 4.7273 -2.5014 0.9572
9.3597 5.0671 -2.5014 0.9572
9.1715 5.4004 -2.5014 0.9572
8.7597 6.0455 -2.5014 0.9572
8.0578 6.9536 -2.5014 0.9572
7.7997 7.2362 -2.5005 0.9572
7.1305 7.6398 -2.4561 0.9580
6.2775 7.7786 -2.3492 0.9598
5.7022 8.2096 -2.3492 0.9598
4.7851 8.7759 -2.3492 0.9598
4.1420 9.0971 -2.3492 0.9598
3.4775 9.3713 -2.3492 0.9598
3.1384 9.4902 -2.3492 0.9598
2.7951 9.5969 -2.3492 0.9598
2.0982 9.7730 -2.3492 0.9598
1.3904 9.8985 -2.3492 0.9598
0.5996 8.8530 -2.0854 0.9642
0.2804 8.8537 -2.0819 0.9643
-0.0380 8.8544 -2.0810 0.9643
-0.3567 8.8551 -2.0828 0.9642
-0.6763 8.8558 -2.0874 0.9642
-1.4755 9.8862 -2.3492 0.9598
-1.8300 9.8268 -2.3492 0.9598
-2.1821 9.7546 -2.3492 0.9598
-2.5314 9.6699 -2.3492 0.9598
-3.2198 9.4629 -2.3492 0.9598
-4.8603 8.7345 -2.3492 0.9598
2.1316 -9.4230 -2.5014 0.9609
2.4690 -9.3402 -2.5014 0.9609
3.1339 -9.1386 -2.5014 0.9609
3.4604 -9.0200 -2.5014 0.9609
4.4116 -8.5950 -2.5014 0.9609
4.7178 -8.4308 -2.5014 0.9609
5.3114 -8.0700 -2.5014 0.9609
5.8776 -7.6674 -2.5014 0.9609
6.1495 -7.4511 -2.5014 0.9609
6.4135 -7.2252 -2.5014 0.9609
6.6691 -6.9899 -2.5014 0.9609
6.9161 -6.7456 -2.5014 0.9609
7.1542 -6.4925 -2.5014 0.9609
7.3830 -6.2311 -2.5014 0.9609
7.8117 -5.6844 -2.5014 0.9609
8.0111 -5.3999 -2.5014 0.9609
8.2000 -5.1083 -2.5014 0.9609
8.3784 -4.8102 -2.5014 0.9609
8.5459 -4.5058 -2.5014 0.9609
8.9814 -3.5594 -2.5014 0.9609
9.3989 -2.2351 -2.5014 0.9609
9.6223 -0.8646 -2.5014 0.9609
9.6471 -0.5181 -2.5014 0.9609
9.6218 0.8703 -2.5014 0.9609
9.5842 1.2157 -2.5014 0.9609
9.3976 2.2407 -2.5014 0.9609
9.1017 3.2396 -2.5014 0.9609
8.3756 4.8152 -2.5014 0.9609
8.1970 5.1132 -2.5014 0.9609
8.0079 5.4046 -2.5014 0.9609
7.8084 5.6891 -2.5014 0.9609
7.5988 5.9661 -2.5014 0.9609
7.1504 6.4968 -2.5014 0.9609
6.9121 6.7497 -2.5014 0.9609
6.1344 7.4417 -2.4970 0.9609
5.8446 7.6337 -2.4893 0.9611
5.4288 7.6451 -2.4277 0.9620
4.7080 7.7562 -2.3492 0.9632
4.4260 7.9205 -2.3492 0.9632
3.8454 8.2181 -2.3492 0.9632
3.5474 8.3510 -2.3492 0.9632
2.3136 8.7733 -2.3492 0.9632
1.9967 8.8508 -2.3492 0.9632
1.6771 8.9169 -2.3492 0.9632
1.3554 8.9714 -2.3492 0.9632
1.0032 8.7633 -2.2838 0.9642
0.0534 8.7654 -2.2696 0.9644
-0.5780 8.7667 -2.2748 0.9643
-1.8886 8.8745 -2.3492 0.9632
-2.2065 8.8009 -2.3492 0.9632
-2.8332 8.6195 -2.3492 0.9632
-3.1413 8.5121 -2.3492 0.9632
-3.4454 8.3936 -2.3492 0.9632
-3.7449 8.2643 -2.3492 0.9632
-4.0396 8.1244 -2.3492 0.9632
-4.6130 7.8130 -2.3492 0.9632
-5.2922 7.6487 -2.4082 0.9623
-5.7013 7.6377 -2.4677 0.9614
-6.0403 7.5123 -2.4958 0.9610
-6.3156 7.3008 -2.4994 0.9609
-6.5792 7.0746 -2.5014 0.9609
-6.8293 6.8334 -2.5014 0.9609
-7.7384 5.7838 -2.5014 0.9609
-7.9414 5.5019 -2.5014 0.9609
-8.1341 5.2128 -2.5014 0.9609
-8.3162 4.9169 -2.5014 0.9609
-8.4876 4.6147 -2.5014 0.9609
-8.6481 4.3066 -2.5014 0.9609
-8.9352 3.6740 -2.5014 0.9609
-9.0615 3.3503 -2.5014 0.9609
-9.1761 3.0223 -2.5014 0.9609
-9.4482 2.0167 -2.5014 0.9609
-9.6104 0.9876 -2.5014 0.9609
-9.6397 0.6414 -2.5014 0.9609
-9.6566 0.2943 -2.5014 0.9609
-9.6609 -0.0531 -2.5014 0.9609
-9.5535 -1.4375 -2.5014 0.9609
-9.4956 -1.7800 -2.5014 0.9609
-9.4255 -2.1203 -2.5014 0.9609
-9.3432 -2.4578 -2.5014 0.9609
-9.2488 -2.7922 -2.5014 0.9609
-9.1424 -3.1229 -2.5014 0.9609
-9.0242 -3.4496 -2.5014 0.9609
-8.4364 -4.7077 -2.5014 0.9609
-8.0763 -5.3018 -2.5014 0.9609
-7.4584 -6.1406 -2.5014 0.9609
-6.9979 -6.6607 -2.5014 0.9609
-6.7539 -6.9081 -2.5014 0.9609
-6.5011 -7.1464 -2.5014 0.9609
-5.9707 -7.5951 -2.5014 0.9609
-5.6938 -7.8049 -2.5014 0.9609
-5.4095 -8.0046 -2.5014 0.9609
-4.5161 -8.5405 -2.5014 0.9609
-4.2061 -8.6974 -2.5014 0.9609
-3.5701 -8.9772 -2.5014 0.9609
-3.2451 -9.0997 -2.5014 0.9609
-2.9158 -9.2105 -2.5014 0.9609
-1.9070 -9.4709 -2.5014 0.9609
-1.5653 -9.5334 -2.5014 0.9609
-1.2215 -9.5835 -2.5014 0.9609
-0.1824 -9.6593 -2.5014 0.9609
0.5122 -9.6474 -2.5014 0.9609
1.2042 -9.5857 -2.5014 0.9609
2.2294 -9.4003 -2.5014 0.9609
2.5660 -9.3141 -2.5014 0.9609
3.5540 -8.9836 -2.5014 0.9609
3.8747 -8.8500 -2.5014 0.9609
4.1904 -8.7050 -2.5014 0.9609
4.5007 -8.5487 -2.5014 0.9609
5.3950 -8.0143 -2.5014 0.9609
5.6797 -7.8152 -2.5014 0.9609
5.9570 -7.6059 -2.5014 0.9609
6.2267 -7.3868 -2.5014 0.9609
6.4882 -7.1581 -2.5014 0.9609
7.4474 -6.1540 -2.5014 0.9609
7.6638 -5.8823 -2.5014 0.9609
7.8704 -5.6029 -2.5014 0.9609
8.2527 -5.0228 -2.5014 0.9609
8.4279 -4.7229 -2.5014 0.9609
8.7456 -4.1050 -2.5014 0.9609
8.8875 -3.7879 -2.5014 0.9609
9.4217 -2.1373 -2.5014 0.9609
9.5509 -1.4547 -2.5014 0.9609
9.6122 0.9703 -2.5014 0.9609
9.5711 1.3152 -2.5014 0.9609
9.5176 1.6585 -2.5014 0.9609
9.4518 1.9997 -2.5014 0.9609
9.2837 2.6738 -2.5014 0.9609
9.1816 3.0058 -2.5014 0.9609
9.0675 3.3339 -2.5014 0.9609
8.8045 3.9770 -2.5014 0.9609
8.6558 4.2910 -2.5014 0.9609
8.3251 4.9020 -2.5014 0.9609
7.3141 6.3119 -2.5014 0.9609
6.8416 6.8212 -2.5014 0.9609
6.0542 7.5020 -2.4960 0.9610
4.6271 7.8047 -2.3492 0.9632
3.7598 8.2576 -2.3492 0.9632
2.8487 8.6144 -2.3492 0.9632
0.9111 8.7635 -2.2813 0.9642
0.5936 8.7642 -2.2744 0.9644
0.2776 8.7649 -2.2705 0.9644
-0.6696 8.7669 -2.2765 0.9643
-1.6611 8.9199 -2.3492 0.9632
-1.9807 8.8544 -2.3492 0.9632
-2.2978 8.7774 -2.3492 0.9632
-2.6119 8.6891 -2.3492 0.9632
-2.9227 8.5896 -2.3492 0.9632
-3.2296 8.4790 -2.3492 0.9632
-3.5324 8.3574 -2.3492 0.9632
-4.1239 8.0819 -2.3492 0.9632
1.6384 -8.6828 -2.5014 0.9639
2.2582 -8.5426 -2.5014 0.9639
2.8662 -8.3582 -2.5014 0.9639
4.5893 -7.5507 -2.5014 0.9639
5.3757 -7.0126 -2.5014 0.9639
5.6244 -6.8148 -2.5014 0.9639
5.8658 -6.6082 -2.5014 0.9639
6.3255 -6.1695 -2.5014 0.9639
6.9531 -5.4525 -2.5014 0.9639
7.1446 -5.1990 -2.5014 0.9639
7.8161 -4.1211 -2.5014 0.9639
8.0921 -3.5487 -2.5014 0.9639
8.3262 -2.9580 -2.5014 0.9639
8.4272 -2.6567 -2.5014 0.9639
8.5963 -2.0442 -2.5014 0.9639
8.6642 -1.7338 -2.5014 0.9639
8.8233 -0.4738 -2.5014 0.9639
8.8346 0.1615 -2.5014 0.9639
8.8230 0.4790 -2.5014 0.9639
8.8001 0.7960 -2.5014 0.9639
8.5951 2.0493 -2.5014 0.9639
8.5158 2.3570 -2.5014 0.9639
8.4256 2.6617 -2.5014 0.9639
8.2125 3.2603 -2.5014 0.9639
7.8137 4.1257 -2.5014 0.9639
7.6603 4.4040 -2.5014 0.9639
7.4970 4.6766 -2.5014 0.9639
7.3240 4.9431 -2.5014 0.9639
7.1416 5.2032 -2.5014 0.9639
6.9498 5.4566 -2.5014 0.9639
6.3219 6.1733 -2.5014 0.9639
6.0958 6.3966 -2.5014 0.9639
5.1152 7.2034 -2.5011 0.9639
4.5739 7.5354 -2.4954 0.9640
3.9179 7.6443 -2.4317 0.9649
3.5804 7.6518 -2.3916 0.9655
3.2536 7.6592 -2.3558 0.9660
1.2397 8.2053 -2.3492 0.9661
0.3489 8.2911 -2.3492 0.9661
0.0506 8.2983 -2.3492 0.9661
-0.2478 8.2947 -2.3492 0.9661
-0.8433 8.2554 -2.3492 0.9661
-1.1396 8.2198 -2.3492 0.9661
-1.4344 8.1735 -2.3492 0.9661
-2.8731 7.7852 -2.3492 0.9661
-3.4684 7.6541 -2.3789 0.9657
-3.8023 7.6469 -2.4176 0.9651
-4.1473 7.6390 -2.4607 0.9645
-4.4801 7.5879 -2.4946 0.9640
-4.7552 7.4299 -2.4972 0.9640
-5.0249 7.2624 -2.5001 0.9640
-5.2857 7.0808 -2.5014 0.9639
-5.5368 6.8862 -2.5014 0.9639
-5.7808 6.6826 -2.5014 0.9639
-6.0174 6.4704 -2.5014 0.9639
-6.6791 5.7849 -2.5014 0.9639
-8.0461 3.6519 -2.5014 0.9639
-8.1722 3.3602 -2.5014 0.9639
-8.2877 3.0642 -2.5014 0.9639
-8.7021 1.5326 -2.5014 0.9639
-8.7516 1.2187 -2.5014 0.9639
-8.7898 0.9032 -2.5014 0.9639
-8.8319 0.2692 -2.5014 0.9639
-8.8359 -0.0485 -2.5014 0.9639
-8.8096 -0.6834 -2.5014 0.9639
-8.7793 -0.9997 -2.5014 0.9639
-8.6847 -1.6280 -2.5014 0.9639
-8.6206 -1.9392 -2.5014 0.9639
-8.4590 -2.5537 -2.5014 0.9639
-8.2536 -3.1550 -2.5014 0.9639
-8.1348 -3.4498 -2.5014 0.9639
-8.0055 -3.7400 -2.5014 0.9639
-7.5562 -4.5803 -2.5014 0.9639
-7.3866 -4.8490 -2.5014 0.9639
-6.1771 -6.3181 -2.5014 0.9639
-5.9459 -6.5361 -2.5014 0.9639
-5.4608 -6.9466 -2.5014 0.9639
-4.9475 -7.3210 -2.5014 0.9639
-4.4086 -7.6576 -2.5014 0.9639
-4.1304 -7.8112 -2.5014 0.9639
-3.8469 -7.9547 -2.5014 0.9639
-3.5584 -8.0878 -2.5014 0.9639
-2.9679 -8.3227 -2.5014 0.9639
-2.3622 -8.5144 -2.5014 0.9639
-1.4316 -8.7193 -2.5014 0.9639
-0.4844 -8.8227 -2.5014 0.9639
-0.1668 -8.8344 -2.5014 0.9639
0.4685 -8.8236 -2.5014 0.9639
0.7854 -8.8010 -2.5014 0.9639
1.1014 -8.7671 -2.5014 0.9639
1.4159 -8.7219 -2.5014 0.9639
1.7286 -8.6653 -2.5014 0.9639
2.3468 -8.5187 -2.5014 0.9639
3.5438 -8.0942 -2.5014 0.9639
4.1163 -7.8186 -2.5014 0.9639
4.3948 -7.6656 -2.5014 0.9639
4.6676 -7.5026 -2.5014 0.9639
4.9343 -7.3299 -2.5014 0.9639
5.4483 -6.9564 -2.5014 0.9639
5.9342 -6.5468 -2.5014 0.9639
6.3893 -6.1035 -2.5014 0.9639
6.8114 -5.6285 -2.5014 0.9639
7.1983 -5.1244 -2.5014 0.9639
7.3779 -4.8623 -2.5014 0.9639
7.5479 -4.5939 -2.5014 0.9639
7.9987 -3.7544 -2.5014 0.9639
8.4543 -2.5690 -2.5014 0.9639
8.5412 -2.2633 -2.5014 0.9639
8.6818 -1.6437 -2.5014 0.9639
8.7353 -1.3304 -2.5014 0.9639
8.8083 -0.6992 -2.5014 0.9639
8.8278 -0.3821 -2.5014 0.9639
8.8324 0.2533 -2.5014 0.9639
8.8176 0.5707 -2.5014 0.9639
8.6447 1.8289 -2.5014 0.9639
8.4909 2.4454 -2.5014 0.9639
8.2932 3.0493 -2.5014 0.9639
8.1782 3.3455 -2.5014 0.9639
7.7704 4.2067 -2.5014 0.9639
7.4480 4.7542 -2.5014 0.9639
7.2722 5.0190 -2.5014 0.9639
6.4776 6.0096 -2.5014 0.9639
6.2574 6.2386 -2.5014 0.9639
6.0290 6.4596 -2.5014 0.9639
5.5492 6.8762 -2.5014 0.9639
4.4940 7.5802 -2.4947 0.9640
4.1649 7.6385 -2.4630 0.9645
3.4848 7.6538 -2.3807 0.9656
3.1649 7.6712 -2.3492 0.9661
2.8871 7.7800 -2.3492 0.9661
2.6055 7.8788 -2.3492 0.9661
2.0325 8.0456 -2.3492 0.9661
1.4491 8.1709 -2.3492 0.9661
-0.0357 8.2983 -2.3492 0.9661
-0.3340 8.2917 -2.3492 0.9661
-1.2249 8.2075 -2.3492 0.9661
-3.9008 7.6447 -2.4296 0.9650
-4.2494 7.6365 -2.4740 0.9643
1.7944 -7.9322 -2.5014 0.9665
2.0784 -7.8625 -2.5014 0.9665
3.1841 -7.4834 -2.5014 0.9665
3.4511 -7.3640 -2.5014 0.9665
4.4712 -6.7932 -2.5014 0.9665
4.9478 -6.4544 -2.5014 0.9665
5.1767 -6.2723 -2.5014 0.9665
5.3988 -6.0821 -2.5014 0.9665
6.2150 -5.2453 -2.5014 0.9665
6.9027 -4.3002 -2.5014 0.9665
7.1939 -3.7930 -2.5014 0.9665
7.3257 -3.5319 -2.5014 0.9665
7.5605 -2.9963 -2.5014 0.9665
7.9120 -1.8815 -2.5014 0.9665
8.0686 -1.0186 -2.5014 0.9665
8.1000 -0.7278 -2.5014 0.9665
8.1209 -0.4361 -2.5014 0.9665
8.1313 -0.1438 -2.5014 0.9665
8.1206 0.4409 -2.5014 0.9665
8.0260 1.3128 -2.5014 0.9665
7.8379 2.1694 -2.5014 0.9665
7.7549 2.4498 -2.5014 0.9665
7.5587 3.0008 -2.5014 0.9665
7.4460 3.2706 -2.5014 0.9665
7.1917 3.7973 -2.5014 0.9665
7.0505 4.0534 -2.5014 0.9665
6.7410 4.5496 -2.5014 0.9665
6.3966 5.0223 -2.5014 0.9665
6.2119 5.2490 -2.5014 0.9665
5.8186 5.6818 -2.5014 0.9665
5.6105 5.8874 -2.5014 0.9665
5.3952 6.0853 -2.5014 0.9665
5.1729 6.2754 -2.5014 0.9665
3.4427 7.3574 -2.4985 0.9666
2.9008 7.5746 -2.4948 0.9666
2.0159 7.6444 -2.4316 0.9675
1.7253 7.6481 -2.4115 0.9677
1.4391 7.6512 -2.3946 0.9679
1.1564 7.6538 -2.3808 0.9681
0.8764 7.6558 -2.3701 0.9683
0.0467 7.6592 -2.3558 0.9685
-0.2288 7.6583 -2.3566 0.9684
-0.5048 7.6575 -2.3604 0.9684
-0.7821 7.6563 -2.3672 0.9683
-1.6278 7.6492 -2.4054 0.9678
-2.2107 7.6415 -2.4468 0.9673
-3.6185 7.2774 -2.4998 0.9666
-3.8804 7.1472 -2.5014 0.9665
-4.8649 6.5171 -2.5014 0.9665
-5.3206 6.1506 -2.5014 0.9665
-5.5383 5.9554 -2.5014 0.9665
-5.9520 5.5420 -2.5014 0.9665
-6.1474 5.3244 -2.5014 0.9665
-6.3349 5.0999 -2.5014 0.9665
-6.6850 4.6315 -2.5014 0.9665
-6.8472 4.3881 -2.5014 0.9665
-7.2799 3.6253 -2.5014 0.9665
-7.4055 3.3612 -2.5014 0.9665
-7.6279 2.8203 -2.5014 0.9665
-7.8873 1.9825 -2.5014 0.9665
-8.0094 1.4106 -2.5014 0.9665
-8.0900 0.8313 -2.5014 0.9665
-8.1256 -0.3371 -2.5014 0.9665
-8.1083 -0.6290 -2.5014 0.9665
-7.9934 -1.4984 -2.5014 0.9665
-7.4872 -3.1751 -2.5014 0.9665
-7.1018 -3.9629 -2.5014 0.9665
-6.9547 -4.2157 -2.5014 0.9665
-6.0886 -5.3915 -2.5014 0.9665
-5.4726 -6.0158 -2.5014 0.9665
-5.0261 -6.3935 -2.5014 0.9665
-4.7930 -6.5701 -2.5014 0.9665
-4.3084 -6.8976 -2.5014 0.9665
-4.0576 -7.0480 -2.5014 0.9665
-3.8016 -7.1894 -2.5014 0.9665
-2.1741 -7.8366 -2.5014 0.9665
-1.8909 -7.9097 -2.5014 0.9665
-1.6053 -7.9726 -2.5014 0.9665
-1.3176 -8.0252 -2.5014 0.9665
-1.0282 -8.0673 -2.5014 0.9665
-0.7375 -8.0991 -2.5014 0.9665
-0.1535 -8.1312 -2.5014 0.9665
0.1389 -8.1314 -2.5014 0.9665
0.7229 -8.1004 -2.5014 0.9665
1.5910 -7.9755 -2.5014 0.9665
2.4405 -7.7578 -2.5014 0.9665
3.5275 -7.3278 -2.5014 0.9665
4.0449 -7.0553 -2.5014 0.9665
4.2960 -6.9053 -2.5014 0.9665
5.0146 -6.4026 -2.5014 0.9665
5.2416 -6.2181 -2.5014 0.9665
5.4617 -6.0257 -2.5014 0.9665
5.8807 -5.6176 -2.5014 0.9665
6.4514 -4.9517 -2.5014 0.9665
6.9471 -4.2282 -2.5014 0.9665
7.2330 -3.7180 -2.5014 0.9665
7.6913 -2.6427 -2.5014 0.9665
7.9907 -1.5128 -2.5014 0.9665
8.0399 -1.2245 -2.5014 0.9665
8.0787 -0.9346 -2.5014 0.9665
8.1324 -0.0593 -2.5014 0.9665
8.1293 0.2331 -2.5014 0.9665
8.0569 1.1071 -2.5014 0.9665
7.9565 1.6833 -2.5014 0.9665
7.8908 1.9683 -2.5014 0.9665
7.8150 2.2507 -2.5014 0.9665
7.7290 2.5303 -2.5014 0.9665
7.5272 3.0792 -2.5014 0.9665
7.4116 3.3478 -2.5014 0.9665
7.2864 3.6121 -2.5014 0.9665
7.0080 4.1264 -2.5014 0.9665
6.6933 4.6194 -2.5014 0.9665
5.9620 5.5312 -2.5014 0.9665
5.7592 5.7420 -2.5014 0.9665
5.5491 5.9454 -2.5014 0.9665
4.3963 6.8420 -2.5014 0.9665
4.1474 6.9956 -2.5014 0.9665
3.8932 7.1402 -2.5014 0.9665
2.8213 7.6029 -2.4943 0.9666
2.5253 7.6365 -2.4739 0.9669
1.3571 7.6520 -2.3903 0.9680
1.0752 7.6544 -2.3774 0.9682
0.7960 7.6562 -2.3676 0.9683
-0.3085 7.6581 -2.3574 0.9684
-1.1423 7.6539 -2.3802 0.9681
-1.4249 7.6514 -2.3938 0.9680
-1.7109 7.6483 -2.4106 0.9677
-2.0013 7.6446 -2.4305 0.9675
-2.2966 7.6402 -2.4538 0.9672
-2.8870 7.5796 -2.4947 0.9666
-3.6949 7.2412 -2.5004 0.9666
-3.9544 7.1065 -2.5014 0.9665
1.3954 -7.3947 -2.5014 0.9688
2.4410 -7.1183 -2.5014 0.9688
3.4363 -6.6948 -2.5014 0.9688
4.1372 -6.2859 -2.5014 0.9688
4.5782 -5.9723 -2.5014 0.9688
4.7900 -5.8038 -2.5014 0.9688
4.9956 -5.6278 -2.5014 0.9688
5.1947 -5.4446 -2.5014 0.9688
5.3871 -5.2543 -2.5014 0.9688
5.7508 -4.8535 -2.5014 0.9688
5.9216 -4.6436 -2.5014 0.9688
6.6566 -3.5097 -2.5014 0.9688
7.0910 -2.5192 -2.5014 0.9688
7.2537 -2.0031 -2.5014 0.9688
7.4272 -1.2104 -2.5014 0.9688
7.4659 -0.9425 -2.5014 0.9688
7.5144 -0.4035 -2.5014 0.9688
7.5141 0.4080 -2.5014 0.9688
7.4946 0.6779 -2.5014 0.9688
7.3780 1.4810 -2.5014 0.9688
7.2525 2.0074 -2.5014 0.9688
7.1757 2.2668 -2.5014 0.9688
7.0895 2.5234 -2.5014 0.9688
6.8898 3.0263 -2.5014 0.9688
6.7766 3.2721 -2.5014 0.9688
6.5239 3.7506 -2.5014 0.9688
6.2375 4.2098 -2.5014 0.9688
6.0821 4.4313 -2.5014 0.9688
5.5696 5.0605 -2.5014 0.9688
5.3840 5.2575 -2.5014 0.9688
4.9923 5.6308 -2.5014 0.9688
4.7866 5.8067 -2.5014 0.9688
4.3569 6.1356 -2.5014 0.9688
4.1335 6.2883 -2.5014 0.9688
3.9047 6.4329 -2.5014 0.9688
3.4323 6.6969 -2.5014 0.9688
2.9422 6.9262 -2.5014 0.9688
2.4368 7.1197 -2.5014 0.9688
2.1790 7.2018 -2.5011 0.9688
1.9177 7.2721 -2.4999 0.9688
1.6543 7.3333 -2.4989 0.9688
0.8543 7.4623 -2.4967 0.9688
0.3157 7.5023 -2.4960 0.9688
-0.2242 7.5054 -2.4960 0.9688
-0.4940 7.4931 -2.4962 0.9688
-0.7632 7.4716 -2.4965 0.9688
-1.0316 7.4409 -2.4970 0.9688
-1.2988 7.4010 -2.4977 0.9688
-1.5646 7.3520 -2.4986 0.9688
-2.3498 7.1489 -2.5014 0.9688
-3.3504 6.7382 -2.5014 0.9688
-3.8260 6.4800 -2.5014 0.9688
-4.0565 6.3382 -2.5014 0.9688
-4.2818 6.1883 -2.5014 0.9688
-4.5015 6.0303 -2.5014 0.9688
-4.7154 5.8646 -2.5014 0.9688
-5.3195 5.3227 -2.5014 0.9688
-5.6883 4.9267 -2.5014 0.9688
-5.8617 4.7190 -2.5014 0.9688
-6.1857 4.2855 -2.5014 0.9688
-6.3358 4.0603 -2.5014 0.9688
-6.4777 3.8299 -2.5014 0.9688
-6.6112 3.5945 -2.5014 0.9688
-6.8524 3.1101 -2.5014 0.9688
-6.9598 2.8617 -2.5014 0.9688
-7.0582 2.6096 -2.5014 0.9688
-7.1475 2.3542 -2.5014 0.9688
-7.4112 1.3052 -2.5014 0.9688
-7.4858 0.7692 -2.5014 0.9688
-7.5086 0.4996 -2.5014 0.9688
-7.5217 0.2293 -2.5014 0.9688
-7.5251 -0.0413 -2.5014 0.9688
-7.5187 -0.3119 -2.5014 0.9688
-7.5027 -0.5820 -2.5014 0.9688
-7.4769 -0.8514 -2.5014 0.9688
-7.2776 -1.9145 -2.5014 0.9688
-7.2041 -2.1749 -2.5014 0.9688
-7.1212 -2.4325 -2.5014 0.9688
-6.9280 -2.9380 -2.5014 0.9688
-6.4352 -3.9008 -2.5014 0.9688
-6.1383 -4.3532 -2.5014 0.9688
-5.8096 -4.7831 -2.5014 0.9688
-5.4508 -5.1882 -2.5014 0.9688
-5.2607 -5.3808 -2.5014 0.9688
-4.8604 -5.7450 -2.5014 0.9688
-4.4350 -6.0794 -2.5014 0.9688
-4.2135 -6.2349 -2.5014 0.9688
-3.7546 -6.5216 -2.5014 0.9688
-3.2762 -6.7746 -2.5014 0.9688
-2.7809 -6.9925 -2.5014 0.9688
-2.5276 -7.0880 -2.5014 0.9688
-1.7497 -7.3189 -2.5014 0.9688
-0.4125 -7.5139 -2.5014 0.9688
0.6689 -7.4954 -2.5014 0.9688
0.9380 -7.4665 -2.5014 0.9688
1.7365 -7.3221 -2.5014 0.9688
2.2582 -7.1784 -2.5014 0.9688
3.0181 -6.8935 -2.5014 0.9688
3.5057 -6.6587 -2.5014 0.9688
4.6401 -5.9244 -2.5014 0.9688
4.8501 -5.7537 -2.5014 0.9688
5.0538 -5.5756 -2.5014 0.9688
5.8009 -4.7935 -2.5014 0.9688
6.2834 -4.1410 -2.5014 0.9688
6.4282 -3.9124 -2.5014 0.9688
6.6927 -3.4403 -2.5014 0.9688
7.1168 -2.4453 -2.5014 0.9688
7.2001 -2.1879 -2.5014 0.9688
7.2741 -1.9276 -2.5014 0.9688
7.3387 -1.6648 -2.5014 0.9688
7.4394 -1.1331 -2.5014 0.9688
7.5016 -0.5955 -2.5014 0.9688
7.5250 -0.0549 -2.5014 0.9688
7.4135 1.2919 -2.5014 0.9688
7.2313 2.0826 -2.5014 0.9688
6.9650 2.8492 -2.5014 0.9688
6.8580 3.0978 -2.5014 0.9688
6.7422 3.3424 -2.5014 0.9688
6.6177 3.5826 -2.5014 0.9688
6.0357 4.4943 -2.5014 0.9688
5.8702 4.7084 -2.5014 0.9688
5.6971 4.9165 -2.5014 0.9688
5.5167 5.1181 -2.5014 0.9688
5.3291 5.3132 -2.5014 0.9688
4.9335 5.6824 -2.5014 0.9688
4.2929 6.1806 -2.5014 0.9688
4.0679 6.3309 -2.5014 0.9688
3.6024 6.6069 -2.5014 0.9688
3.1183 6.8487 -2.5014 0.9688
2.8700 6.9564 -2.5014 0.9688
2.1037 7.2231 -2.5007 0.9688
1.8418 7.2907 -2.4996 0.9688
1.3121 7.3988 -2.4978 0.9688
1.0450 7.4391 -2.4971 0.9688
0.7767 7.4703 -2.4966 0.9688
0.5075 7.4923 -2.4962 0.9688
0.2377 7.5050 -2.4960 0.9688
-0.0323 7.5086 -2.4959 0.9688
-0.5719 7.4879 -2.4963 0.9688
-0.8409 7.4637 -2.4967 0.9688
-1.1089 7.4303 -2.4972 0.9688
-1.6411 7.3361 -2.4988 0.9688
-1.9046 7.2754 -2.4999 0.9688
-2.6786 7.0324 -2.5014 0.9688
-2.9297 6.9315 -2.5014 0.9688
-3.1770 6.8217 -2.5014 0.9688
-3.4203 6.7030 -2.5014 0.9688
-3.6591 6.5757 -2.5014 0.9688
1.2970 -6.8736 -2.5014 0.9707
1.7876 -6.7626 -2.5014 0.9707
2.5054 -6.5308 -2.5014 0.9707
2.7386 -6.4365 -2.5014 0.9707
2.9683 -6.3338 -2.5014 0.9707
3.8456 -5.8429 -2.5014 0.9707
4.4524 -5.3948 -2.5014 0.9707
5.3455 -4.5115 -2.5014 0.9707
5.5043 -4.3164 -2.5014 0.9707
5.8002 -3.9097 -2.5014 0.9707
5.9371 -3.6986 -2.5014 0.9707
6.0662 -3.4827 -2.5014 0.9707
6.1875 -3.2624 -2.5014 0.9707
6.5028 -2.5771 -2.5014 0.9707
6.5913 -2.3416 -2.5014 0.9707
6.7425 -1.8619 -2.5014 0.9707
6.9668 -0.6260 -2.5014 0.9707
6.9938 -0.1237 -2.5014 0.9707
6.9937 0.1279 -2.5014 0.9707
6.9846 0.3792 -2.5014 0.9707
6.9664 0.6301 -2.5014 0.9707
6.8581 1.3766 -2.5014 0.9707
6.7414 1.8659 -2.5014 0.9707
6.5013 2.5810 -2.5014 0.9707
6.4043 2.8130 -2.5014 0.9707
6.2990 3.0415 -2.5014 0.9707
6.0641 3.4863 -2.5014 0.9707
5.9349 3.7021 -2.5014 0.9707
5.7979 3.9131 -2.5014 0.9707
5.6535 4.1190 -2.5014 0.9707
5.3428 4.5147 -2.5014 0.9707
4.8256 5.0637 -2.5014 0.9707
4.6404 5.2340 -2.5014 0.9707
4.4493 5.3974 -2.5014 0.9707
4.2523 5.5539 -2.5014 0.9707
4.0499 5.7032 -2.5014 0.9707
3.6295 5.9795 -2.5014 0.9707
3.4122 6.1062 -2.5014 0.9707
3.1904 6.2249 -2.5014 0.9707
2.0257 6.6951 -2.5014 0.9707
1.7836 6.7637 -2.5014 0.9707
1.5393 6.8234 -2.5014 0.9707
1.2930 6.8743 -2.5014 0.9707
1.0450 6.9164 -2.5014 0.9707
0.7956 6.9495 -2.5014 0.9707
0.2941 6.9887 -2.5014 0.9707
0.0426 6.9948 -2.5014 0.9707
-0.7108 6.9587 -2.5014 0.9707
-1.2091 6.8896 -2.5014 0.9707
-1.7010 6.7849 -2.5014 0.9707
-1.9439 6.7194 -2.5014 0.9707
-2.4217 6.5623 -2.5014 0.9707
-2.6561 6.4710 -2.5014 0.9707
-2.8871 6.3713 -2.5014 0.9707
-3.5564 6.0233 -2.5014 0.9707
-4.5763 5.2902 -2.5014 0.9707
-4.7635 5.1222 -2.5014 0.9707
-5.1193 4.7666 -2.5014 0.9707
-5.6028 4.1877 -2.5014 0.9707
-6.2615 3.1181 -2.5014 0.9707
-6.5608 2.4257 -2.5014 0.9707
-6.7182 1.9480 -2.5014 0.9707
-6.7839 1.7051 -2.5014 0.9707
-6.8408 1.4601 -2.5014 0.9707
-6.9280 0.9647 -2.5014 0.9707
-6.9582 0.7150 -2.5014 0.9707
-6.9795 0.4644 -2.5014 0.9707
-6.9916 0.2131 -2.5014 0.9707
-6.8751 -1.2888 -2.5014 0.9707
-6.6964 -2.0216 -2.5014 0.9707
-6.3374 -2.9607 -2.5014 0.9707
-6.1082 -3.4085 -2.5014 0.9707
-5.8475 -3.8386 -2.5014 0.9707
-5.7057 -4.0464 -2.5014 0.9707
-5.0667 -4.8226 -2.5014 0.9707
-4.8900 -5.0016 -2.5014 0.9707
-4.7070 -5.1742 -2.5014 0.9707
-4.5179 -5.3401 -2.5014 0.9707
-4.3230 -5.4991 -2.5014 0.9707
-4.1225 -5.6510 -2.5014 0.9707
-3.7057 -5.9326 -2.5014 0.9707
-2.8169 -6.4026 -2.5014 0.9707
-2.5849 -6.4997 -2.5014 0.9707
-2.1111 -6.6687 -2.5014 0.9707
-1.8700 -6.7403 -2.5014 0.9707
-1.6264 -6.8032 -2.5014 0.9707
-1.1333 -6.9024 -2.5014 0.9707
-0.8844 -6.9387 -2.5014 0.9707
-0.6343 -6.9660 -2.5014 0.9707
-0.3834 -6.9843 -2.5014 0.9707
-0.1321 -6.9936 -2.5014 0.9707
1.1209 -6.9045 -2.5014 0.9707
1.3684 -6.8597 -2.5014 0.9707
1.6142 -6.8061 -2.5014 0.9707
1.8578 -6.7437 -2.5014 0.9707
2.3376 -6.5927 -2.5014 0.9707
3.2586 -6.1895 -2.5014 0.9707
4.3131 -5.5069 -2.5014 0.9707
4.6977 -5.1827 -2.5014 0.9707
5.0580 -4.8317 -2.5014 0.9707
5.2284 -4.6467 -2.5014 0.9707
5.3921 -4.4557 -2.5014 0.9707
5.5488 -4.2589 -2.5014 0.9707
5.8406 -3.8492 -2.5014 0.9707
5.9752 -3.6367 -2.5014 0.9707
6.2211 -3.1979 -2.5014 0.9707
6.6153 -2.2730 -2.5014 0.9707
6.7615 -1.7917 -2.5014 0.9707
6.8216 -1.5474 -2.5014 0.9707
6.9485 -0.8039 -2.5014 0.9707
6.9803 0.4518 -2.5014 0.9707
6.9595 0.7025 -2.5014 0.9707
6.9297 0.9523 -2.5014 0.9707
6.8434 1.4478 -2.5014 0.9707
6.4741 2.6484 -2.5014 0.9707
6.3747 2.8795 -2.5014 0.9707
6.2671 3.1068 -2.5014 0.9707
6.1513 3.3301 -2.5014 0.9707
5.7569 3.9732 -2.5014 0.9707
5.6104 4.1776 -2.5014 0.9707
5.2956 4.5700 -2.5014 0.9707
4.9535 4.9387 -2.5014 0.9707
4.7727 5.1136 -2.5014 0.9707
3.7812 5.8848 -2.5014 0.9707
3.5672 6.0169 -2.5014 0.9707
2.8985 6.3661 -2.5014 0.9707
2.6678 6.4662 -2.5014 0.9707
2.1962 6.6412 -2.5014 0.9707
1.9560 6.7158 -2.5014 0.9707
1.4683 6.8390 -2.5014 0.9707
1.2214 6.8874 -2.5014 0.9707
0.9730 6.9269 -2.5014 0.9707
0.7233 6.9574 -2.5014 0.9707
0.2215 6.9914 -2.5014 0.9707
-0.0301 6.9948 -2.5014 0.9707
-0.5327 6.9746 -2.5014 0.9707
-0.7831 6.9509 -2.5014 0.9707
-1.0325 6.9183 -2.5014 0.9707
-1.2806 6.8767 -2.5014 0.9707
-1.5270 6.8262 -2.5014 0.9707
-2.9532 6.3409 -2.5014 0.9707
1.4402 -6.3665 -2.5014 0.9724
1.6682 -6.3106 -2.5014 0.9724
1.8940 -6.2466 -2.5014 0.9724
2.1174 -6.1744 -2.5014 0.9724
2.3380 -6.0943 -2.5014 0.9724
2.7699 -5.9105 -2.5014 0.9724
2.9806 -5.8071 -2.5014 0.9724
3.5886 -5.4524 -2.5014 0.9724
3.7824 -5.3198 -2.5014 0.9724
3.9712 -5.1804 -2.5014 0.9724
4.1549 -5.0343 -2.5014 0.9724
4.6728 -4.5576 -2.5014 0.9724
4.9883 -4.2100 -2.5014 0.9724
5.2779 -3.8406 -2.5014 0.9724
5.6608 -3.2500 -2.5014 0.9724
5.8797 -2.8348 -2.5014 0.9724
5.9778 -2.6215 -2.5014 0.9724
6.0682 -2.4049 -2.5014 0.9724
6.1508 -2.1851 -2.5014 0.9724
6.4005 -1.2808 -2.5014 0.9724
6.5012 -0.5841 -2.5014 0.9724
6.5264 -0.1154 -2.5014 0.9724
6.5178 0.3539 -2.5014 0.9724
6.5008 0.5880 -2.5014 0.9724
6.4418 1.0537 -2.5014 0.9724
6.3494 1.5139 -2.5014 0.9724
6.1495 2.1888 -2.5014 0.9724
5.9763 2.6250 -2.5014 0.9724
5.7722 3.0477 -2.5014 0.9724
5.6589 3.2533 -2.5014 0.9724
5.5382 3.4547 -2.5014 0.9724
5.1340 4.0310 -2.5014 0.9724
4.9858 4.2130 -2.5014 0.9724
4.8311 4.3895 -2.5014 0.9724
4.6701 4.5604 -2.5014 0.9724
4.3303 4.8842 -2.5014 0.9724
4.1519 5.0367 -2.5014 0.9724
3.9681 5.1828 -2.5014 0.9724
3.7792 5.3221 -2.5014 0.9724
3.5854 5.4545 -2.5014 0.9724
3.3870 5.5799 -2.5014 0.9724
3.1842 5.6981 -2.5014 0.9724
2.7664 5.9122 -2.5014 0.9724
2.5521 6.0078 -2.5014 0.9724
2.3344 6.0957 -2.5014 0.9724
2.1137 6.1757 -2.5014 0.9724
1.8903 6.2477 -2.5014 0.9724
0.7424 6.4851 -2.5014 0.9724
-1.1283 6.4292 -2.5014 0.9724
-1.3587 6.3844 -2.5014 0.9724
-1.5874 6.3315 -2.5014 0.9724
-2.6941 5.9455 -2.5014 0.9724
-2.9062 5.8448 -2.5014 0.9724
-4.6142 4.6170 -2.5014 0.9724
-4.9340 4.2734 -2.5014 0.9724
-5.0845 4.0933 -2.5014 0.9724
-5.2284 3.9078 -2.5014 0.9724
-5.3655 3.7173 -2.5014 0.9724
-6.0370 2.4823 -2.5014 0.9724
-6.1998 2.0420 -2.5014 0.9724
-6.3305 1.5912 -2.5014 0.9724
-6.4285 1.1321 -2.5014 0.9724
-6.4650 0.9003 -2.5014 0.9724
-6.5244 0.1989 -2.5014 0.9724
-6.5078 -0.5048 -2.5014 0.9724
-6.4855 -0.7385 -2.5014 0.9724
-6.4547 -0.9712 -2.5014 0.9724
-6.3126 -1.6606 -2.5014 0.9724
-6.1770 -2.1100 -2.5014 0.9724
-6.0971 -2.3307 -2.5014 0.9724
-5.3244 -3.7760 -2.5014 0.9724
-5.1852 -3.9650 -2.5014 0.9724
-4.2160 -4.9832 -2.5014 0.9724
-4.0341 -5.1316 -2.5014 0.9724
-3.6549 -5.4082 -2.5014 0.9724
-3.4580 -5.5361 -2.5014 0.9724
-2.8418 -5.8763 -2.5014 0.9724
-2.1925 -6.1481 -2.5014 0.9724
-1.9700 -6.2230 -2.5014 0.9724
-1.7450 -6.2898 -2.5014 0.9724
-0.8253 -6.4750 -2.5014 0.9724
-0.5919 -6.5005 -2.5014 0.9724
-0.1232 -6.5262 -2.5014 0.9724
0.1115 -6.5264 -2.5014 0.9724
0.3461 -6.5182 -2.5014 0.9724
0.5802 -6.5016 -2.5014 0.9724
1.2770 -6.4013 -2.5014 0.9724
1.7337 -6.2929 -2.5014 0.9724
2.1814 -6.1521 -2.5014 0.9724
2.6179 -5.9794 -2.5014 0.9724
3.0408 -5.7758 -2.5014 0.9724
3.6451 -5.4148 -2.5014 0.9724
3.8374 -5.2802 -2.5014 0.9724
4.2070 -4.9908 -2.5014 0.9724
4.3837 -4.8363 -2.5014 0.9724
4.8790 -4.3362 -2.5014 0.9724
5.5758 -3.3936 -2.5014 0.9724
5.6943 -3.1909 -2.5014 0.9724
5.8053 -2.9841 -2.5014 0.9724
5.9089 -2.7735 -2.5014 0.9724
6.0048 -2.5592 -2.5014 0.9724
6.0929 -2.3417 -2.5014 0.9724
6.2454 -1.8978 -2.5014 0.9724
6.3096 -1.6720 -2.5014 0.9724
6.3657 -1.4440 -2.5014 0.9724
6.4135 -1.2142 -2.5014 0.9724
6.4530 -0.9828 -2.5014 0.9724
6.4842 -0.7502 -2.5014 0.9724
6.5213 -0.2823 -2.5014 0.9724
6.5247 0.1871 -2.5014 0.9724
6.4944 0.6555 -2.5014 0.9724
6.4305 1.1206 -2.5014 0.9724
6.3860 1.3510 -2.5014 0.9724
6.3333 1.5798 -2.5014 0.9724
6.2724 1.8065 -2.5014 0.9724
6.2034 2.0308 -2.5014 0.9724
6.1264 2.2526 -2.5014 0.9724
6.0414 2.4714 -2.5014 0.9724
5.9487 2.6870 -2.5014 0.9724
5.3722 3.7076 -2.5014 0.9724
5.0919 4.0841 -2.5014 0.9724
4.9417 4.2645 -2.5014 0.9724
4.6225 4.6087 -2.5014 0.9724
3.9140 5.2237 -2.5014 0.9724
3.7237 5.3611 -2.5014 0.9724
3.5285 5.4915 -2.5014 0.9724
3.3288 5.6148 -2.5014 0.9724
2.2709 6.1196 -2.5014 0.9724
2.0494 6.1973 -2.5014 0.9724
1.8252 6.2670 -2.5014 0.9724
1.5988 6.3286 -2.5014 0.9724
1.3702 6.3820 -2.5014 0.9724
0.9080 6.4640 -2.5014 0.9724
0.4411 6.5125 -2.5014 0.9724
0.2067 6.5242 -2.5014 0.9724
-0.0281 6.5274 -2.5014 0.9724
-0.7308 6.4864 -2.5014 0.9724
-1.4250 6.3700 -2.5014 0.9724
-1.6531 6.3146 -2.5014 0.9724
-1.8791 6.2511 -2.5014 0.9724
-2.1026 6.1795 -2.5014 0.9724
-2.3234 6.0999 -2.5014 0.9724
-2.5412 6.0124 -2.5014 0.9724
-2.7558 5.9171 -2.5014 0.9724
-2.9668 5.8142 -2.5014 0.9724
1.3485 -5.9612 -2.5014 0.9739
1.7734 -5.8489 -2.5014 0.9739
3.3602 -5.1052 -2.5014 0.9739
3.7183 -4.8506 -2.5014 0.9739
4.0573 -4.5708 -2.5014 0.9739
4.2190 -4.4220 -2.5014 0.9739
4.5259 -4.1073 -2.5014 0.9739
4.9419 -3.5961 -2.5014 0.9739
5.1875 -3.2317 -2.5014 0.9739
5.5054 -2.6543 -2.5014 0.9739
5.5973 -2.4546 -2.5014 0.9739
5.7592 -2.0460 -2.5014 0.9739
5.8290 -1.8376 -2.5014 0.9739
5.8913 -1.6269 -2.5014 0.9739
5.9460 -1.4140 -2.5014 0.9739
5.9930 -1.1993 -2.5014 0.9739
6.0322 -0.9830 -2.5014 0.9739
6.0637 -0.7655 -2.5014 0.9739
6.0873 -0.5470 -2.5014 0.9739
6.1109 -0.1081 -2.5014 0.9739
6.1108 0.1117 -2.5014 0.9739
6.0632 0.7691 -2.5014 0.9739
5.9923 1.2028 -2.5014 0.9739
5.7580 2.0494 -2.5014 0.9739
5.6806 2.2551 -2.5014 0.9739
5.5958 2.4579 -2.5014 0.9739
5.4047 2.8537 -2.5014 0.9739
5.2986 3.0462 -2.5014 0.9739
5.0660 3.4191 -2.5014 0.9739
4.9398 3.5990 -2.5014 0.9739
4.6683 3.9447 -2.5014 0.9739
4.3728 4.2700 -2.5014 0.9739
3.7155 4.8528 -2.5014 0.9739
3.3571 5.1073 -2.5014 0.9739
3.1713 5.2247 -2.5014 0.9739
2.5903 5.5358 -2.5014 0.9739
1.7700 5.8500 -2.5014 0.9739
1.1297 6.0065 -2.5014 0.9739
0.2570 6.1064 -2.5014 0.9739
-0.1825 6.1091 -2.5014 0.9739
-0.6211 6.0802 -2.5014 0.9739
-1.0564 6.0198 -2.5014 0.9739
-1.2722 5.9780 -2.5014 0.9739
-1.6985 5.8711 -2.5014 0.9739
-1.9085 5.8062 -2.5014 0.9739
-2.7211 5.4727 -2.5014 0.9739
-2.9162 5.3713 -2.5014 0.9739
-3.6561 4.8977 -2.5014 0.9739
-3.8298 4.7631 -2.5014 0.9739
-4.1622 4.4756 -2.5014 0.9739
-4.3204 4.3230 -2.5014 0.9739
-4.4730 4.1649 -2.5014 0.9739
-5.1458 3.2977 -2.5014 0.9739
-5.2611 3.1106 -2.5014 0.9739
-5.3695 2.9194 -2.5014 0.9739
-5.5654 2.5260 -2.5014 0.9739
-5.6526 2.3242 -2.5014 0.9739
-5.7326 2.1195 -2.5014 0.9739
-5.8051 1.9120 -2.5014 0.9739
-6.0534 0.8429 -2.5014 0.9739
-6.0935 -0.4727 -2.5014 0.9739
-6.0438 -0.9094 -2.5014 0.9739
-6.0072 -1.1261 -2.5014 0.9739
-5.9628 -1.3414 -2.5014 0.9739
-5.9107 -1.5549 -2.5014 0.9739
-5.8510 -1.7664 -2.5014 0.9739
-5.5373 -2.5870 -2.5014 0.9739
-5.3371 -2.9782 -2.5014 0.9739
-3.7772 -4.8049 -2.5014 0.9739
-3.4222 -5.0639 -2.5014 0.9739
-3.0494 -5.2967 -2.5014 0.9739
-2.8570 -5.4030 -2.5014 0.9739
-2.2586 -5.6792 -2.5014 0.9739
-2.0529 -5.7567 -2.5014 0.9739
-1.8446 -5.8268 -2.5014 0.9739
-1.4211 -5.9443 -2.5014 0.9739
-0.5542 -6.0866 -2.5014 0.9739
-0.3350 -6.1026 -2.5014 0.9739
0.5433 -6.0876 -2.5014 0.9739
1.1956 -5.9937 -2.5014 0.9739
1.8341 -5.8301 -2.5014 0.9739
2.2483 -5.6832 -2.5014 0.9739
2.4512 -5.5987 -2.5014 0.9739
2.6509 -5.5070 -2.5014 0.9739
3.0399 -5.3022 -2.5014 0.9739
3.4130 -5.0700 -2.5014 0.9739
3.5931 -4.9441 -2.5014 0.9739
3.7686 -4.8117 -2.5014 0.9739
4.1046 -4.5284 -2.5014 0.9739
4.4194 -4.2217 -2.5014 0.9739
4.9790 -3.5446 -2.5014 0.9739
5.1032 -3.3632 -2.5014 0.9739
5.3317 -2.9878 -2.5014 0.9739
5.4357 -2.7942 -2.5014 0.9739
5.5327 -2.5969 -2.5014 0.9739
5.7801 -1.9860 -2.5014 0.9739
5.8478 -1.7769 -2.5014 0.9739
5.9604 -1.3521 -2.5014 0.9739
6.0052 -1.1369 -2.5014 0.9739
6.0421 -0.9203 -2.5014 0.9739
6.0713 -0.7024 -2.5014 0.9739
6.0927 -0.4837 -2.5014 0.9739
6.1117 -0.0446 -2.5014 0.9739
6.1093 0.1752 -2.5014 0.9739
6.0991 0.3948 -2.5014 0.9739
6.0809 0.6138 -2.5014 0.9739
6.0211 1.0492 -2.5014 0.9739
5.9795 1.2650 -2.5014 0.9739
5.9301 1.4792 -2.5014 0.9739
5.8731 1.6915 -2.5014 0.9739
5.7364 2.1092 -2.5014 0.9739
5.5700 2.5160 -2.5014 0.9739
5.4759 2.7146 -2.5014 0.9739
5.0302 3.4716 -2.5014 0.9739
4.4805 4.1568 -2.5014 0.9739
4.3282 4.3152 -2.5014 0.9739
4.1702 4.4681 -2.5014 0.9739
4.0069 4.6151 -2.5014 0.9739
3.8383 4.7562 -2.5014 0.9739
3.6649 4.8912 -2.5014 0.9739
3.4866 5.0198 -2.5014 0.9739
3.3038 5.1419 -2.5014 0.9739
3.1169 5.2574 -2.5014 0.9739
2.5326 5.5624 -2.5014 0.9739
1.4970 5.9257 -2.5014 0.9739
1.2829 5.9757 -2.5014 0.9739
0.4130 6.0979 -2.5014 0.9739
-0.2460 6.1069 -2.5014 0.9739
-0.9022 6.0449 -2.5014 0.9739
-1.7594 5.8531 -2.5014 0.9739
-2.1755 5.7115 -2.5014 0.9739
-2.3795 5.6296 -2.5014 0.9739
-2.9718 5.3407 -2.5014 0.9739
1.0643 -5.6401 -2.5014 0.9753
2.2472 -5.2814 -2.5014 0.9753
2.4356 -5.1972 -2.5014 0.9753
2.8028 -5.0087 -2.5014 0.9753
2.9811 -4.9047 -2.5014 0.9753
3.1555 -4.7943 -2.5014 0.9753
3.9621 -4.1527 -2.5014 0.9753
4.1088 -4.0075 -2.5014 0.9753
4.3862 -3.7019 -2.5014 0.9753
4.6409 -3.3771 -2.5014 0.9753
4.7593 -3.2080 -2.5014 0.9753
5.0771 -2.6769 -2.5014 0.9753
5.1701 -2.4926 -2.5014 0.9753
5.2564 -2.3051 -2.5014 0.9753
5.3359 -2.1146 -2.5014 0.9753
5.4084 -1.9214 -2.5014 0.9753
5.5325 -1.5278 -2.5014 0.9753
5.5839 -1.3279 -2.5014 0.9753
5.6649 -0.9231 -2.5014 0.9753
5.6944 -0.7188 -2.5014 0.9753
5.7313 -0.3078 -2.5014 0.9753
5.7386 0.1049 -2.5014 0.9753
5.7312 0.3112 -2.5014 0.9753
5.7163 0.5170 -2.5014 0.9753
5.6940 0.7222 -2.5014 0.9753
5.4073 1.9246 -2.5014 0.9753
5.2550 2.3082 -2.5014 0.9753
4.9759 2.8607 -2.5014 0.9753
4.7575 3.2109 -2.5014 0.9753
4.3840 3.7045 -2.5014 0.9753
4.1065 4.0100 -2.5014 0.9753
3.9597 4.1550 -2.5014 0.9753
3.3231 4.6798 -2.5014 0.9753
2.7999 5.0104 -2.5014 0.9753
2.6179 5.1078 -2.5014 0.9753
2.2440 5.2828 -2.5014 0.9753
2.0527 5.3600 -2.5014 0.9753
1.4636 5.5499 -2.5014 0.9753
1.0609 5.6407 -2.5014 0.9753
0.6528 5.7024 -2.5014 0.9753
0.4474 5.7222 -2.5014 0.9753
0.2413 5.7345 -2.5014 0.9753
0.0350 5.7395 -2.5014 0.9753
-0.1714 5.7371 -2.5014 0.9753
-0.3776 5.7272 -2.5014 0.9753
-0.5833 5.7099 -2.5014 0.9753
-1.1947 5.6139 -2.5014 0.9753
-1.3958 5.5673 -2.5014 0.9753
-1.9872 5.3846 -2.5014 0.9753
-2.1795 5.3097 -2.5014 0.9753
-2.5554 5.1394 -2.5014 0.9753
-3.0940 4.8343 -2.5014 0.9753
-3.2658 4.7199 -2.5014 0.9753
-3.4334 4.5995 -2.5014 0.9753
-4.0573 4.0597 -2.5014 0.9753
-4.3386 3.7577 -2.5014 0.9753
-4.7180 3.2687 -2.5014 0.9753
-4.8324 3.0969 -2.5014 0.9753
-5.0425 2.7416 -2.5014 0.9753
-5.2265 2.3721 -2.5014 0.9753
-5.3084 2.1827 -2.5014 0.9753
-5.3834 1.9904 -2.5014 0.9753
-5.6132 1.1981 -2.5014 0.9753
-5.6848 0.7916 -2.5014 0.9753
-5.7096 0.5867 -2.5014 0.9753
-5.7369 0.1749 -2.5014 0.9753
-5.7395 -0.0315 -2.5014 0.9753
-5.7224 -0.4439 -2.5014 0.9753
-5.7028 -0.6494 -2.5014 0.9753
-5.6757 -0.8540 -2.5014 0.9753
-5.6413 -1.0575 -2.5014 0.9753
-5.5508 -1.4602 -2.5014 0.9753
-5.4947 -1.6588 -2.5014 0.9753
-5.3612 -2.0494 -2.5014 0.9753
-5.1094 -2.6148 -2.5014 0.9753
-5.0121 -2.7968 -2.5014 0.9753
-4.7981 -3.1498 -2.5014 0.9753
-4.5594 -3.4864 -2.5014 0.9753
-4.0125 -4.1041 -2.5014 0.9753
-3.7071 -4.3818 -2.5014 0.9753
-3.5472 -4.5123 -2.5014 0.9753
-3.3827 -4.6369 -2.5014 0.9753
-3.2138 -4.7555 -2.5014 0.9753
-2.8637 -4.9742 -2.5014 0.9753
-2.6830 -5.0739 -2.5014 0.9753
-2.1210 -5.3333 -2.5014 0.9753
-1.9279 -5.4061 -2.5014 0.9753
-1.7323 -5.4720 -2.5014 0.9753
-1.5344 -5.5307 -2.5014 0.9753
-0.7257 -5.6935 -2.5014 0.9753
0.3043 -5.7315 -2.5014 0.9753
0.5102 -5.7169 -2.5014 0.9753
0.7154 -5.6948 -2.5014 0.9753
0.9197 -5.6654 -2.5014 0.9753
1.3245 -5.5847 -2.5014 0.9753
1.5244 -5.5334 -2.5014 0.9753
1.9181 -5.4096 -2.5014 0.9753
2.1114 -5.3371 -2.5014 0.9753
2.6738 -5.0787 -2.5014 0.9753
3.2052 -4.7613 -2.5014 0.9753
3.3743 -4.6430 -2.5014 0.9753
4.0050 -4.1113 -2.5014 0.9753
4.5531 -3.4946 -2.5014 0.9753
4.6758 -3.3287 -2.5014 0.9753
4.7924 -3.1584 -2.5014 0.9753
5.0070 -2.8058 -2.5014 0.9753
5.1047 -2.6240 -2.5014 0.9753
5.1957 -2.4388 -2.5014 0.9753
5.6394 -1.0677 -2.5014 0.9753
5.7216 -0.4542 -2.5014 0.9753
5.7372 0.1646 -2.5014 0.9753
5.7276 0.3707 -2.5014 0.9753
5.6862 0.7814 -2.5014 0.9753
5.6544 0.9853 -2.5014 0.9753
5.6153 1.1880 -2.5014 0.9753
5.5154 1.5885 -2.5014 0.9753
5.4547 1.7857 -2.5014 0.9753
5.3123 2.1731 -2.5014 0.9753
5.2307 2.3627 -2.5014 0.9753
4.9459 2.9122 -2.5014 0.9753
4.8380 3.0882 -2.5014 0.9753
4.7238 3.2602 -2.5014 0.9753
4.6035 3.4279 -2.5014 0.9753
4.0646 4.0524 -2.5014 0.9753
3.6046 4.4666 -2.5014 0.9753
3.1027 4.8287 -2.5014 0.9753
2.9270 4.9372 -2.5014 0.9753
2.5647 5.1347 -2.5014 0.9753
2.1890 5.3058 -2.5014 0.9753
1.9968 5.3811 -2.5014 0.9753
1.2048 5.6117 -2.5014 0.9753
0.7984 5.6838 -2.5014 0.9753
0.5935 5.7088 -2.5014 0.9753
0.3879 5.7265 -2.5014 0.9753
-0.0247 5.7396 -2.5014 0.9753
-0.2310 5.7350 -2.5014 0.9753
-0.6426 5.7035 -2.5014 0.9753
-1.2530 5.6012 -2.5014 0.9753
-1.4536 5.5525 -2.5014 0.9753
-2.2346 5.2868 -2.5014 0.9753
-2.6087 5.1125 -2.5014 0.9753
1.5680 -5.1715 -2.5014 0.9765
1.9356 -5.0454 -2.5014 0.9765
2.1158 -4.9726 -2.5014 0.9765
2.6389 -4.7158 -2.5014 0.9765
2.9710 -4.5140 -2.5014 0.9765
3.1314 -4.4042 -2.5014 0.9765
3.2877 -4.2888 -2.5014 0.9765
3.5874 -4.0414 -2.5014 0.9765
3.7304 -3.9099 -2.5014 0.9765
4.1297 -3.4854 -2.5014 0.9765
4.3695 -3.1796 -2.5014 0.9765
4.4810 -3.0205 -2.5014 0.9765
4.5867 -2.8574 -2.5014 0.9765
4.8678 -2.3469 -2.5014 0.9765
5.1539 -1.6248 -2.5014 0.9765
5.3614 -0.6768 -2.5014 0.9765
5.3962 -0.2898 -2.5014 0.9765
5.4031 0.0988 -2.5014 0.9765
5.3820 0.4868 -2.5014 0.9765
5.3331 0.8723 -2.5014 0.9765
5.2983 1.0635 -2.5014 0.9765
5.2566 1.2533 -2.5014 0.9765
5.1529 1.6278 -2.5014 0.9765
4.9477 2.1733 -2.5014 0.9765
4.8664 2.3498 -2.5014 0.9765
4.7787 2.5232 -2.5014 0.9765
4.6849 2.6934 -2.5014 0.9765
4.3677 3.1822 -2.5014 0.9765
3.9996 3.6340 -2.5014 0.9765
3.5850 4.0436 -2.5014 0.9765
3.4373 4.1699 -2.5014 0.9765
3.1288 4.4061 -2.5014 0.9765
2.9683 4.5158 -2.5014 0.9765
2.8040 4.6196 -2.5014 0.9765
2.6361 4.7174 -2.5014 0.9765
2.4648 4.8091 -2.5014 0.9765
1.5649 5.1724 -2.5014 0.9765
0.9989 5.3109 -2.5014 0.9765
0.8073 5.3433 -2.5014 0.9765
0.6146 5.3689 -2.5014 0.9765
0.2272 5.3992 -2.5014 0.9765
-0.5492 5.3760 -2.5014 0.9765
-0.7421 5.3528 -2.5014 0.9765
-1.1248 5.2856 -2.5014 0.9765
-1.3142 5.2418 -2.5014 0.9765
-1.6875 5.1338 -2.5014 0.9765
-2.0520 4.9992 -2.5014 0.9765
-2.2304 4.9222 -2.5014 0.9765
-3.0748 4.4439 -2.5014 0.9765
-3.2326 4.3305 -2.5014 0.9765
-3.3862 4.2115 -2.5014 0.9765
-3.8200 3.8223 -2.5014 0.9765
-3.9550 3.6825 -2.5014 0.9765
-4.4421 3.0775 -2.5014 0.9765
-4.8374 2.4089 -2.5014 0.9765
-4.9208 2.2334 -2.5014 0.9765
-5.0686 1.8740 -2.5014 0.9765
-5.2410 1.3174 -2.5014 0.9765
-5.2849 1.1280 -2.5014 0.9765
-5.3221 0.9373 -2.5014 0.9765
-5.3523 0.7453 -2.5014 0.9765
-5.3757 0.5524 -2.5014 0.9765
-5.3921 0.3588 -2.5014 0.9765
-5.4015 0.1646 -2.5014 0.9765
-5.4039 -0.0297 -2.5014 0.9765
-5.3438 -0.8040 -2.5014 0.9765
-5.3115 -0.9957 -2.5014 0.9765
-5.1139 -1.7468 -2.5014 0.9765
-4.8960 -2.2873 -2.5014 0.9765
-4.6212 -2.8012 -2.5014 0.9765
-4.5175 -2.9656 -2.5014 0.9765
-4.4080 -3.1261 -2.5014 0.9765
-4.0457 -3.5826 -2.5014 0.9765
-3.9143 -3.7257 -2.5014 0.9765
-3.6364 -3.9974 -2.5014 0.9765
-3.4904 -4.1256 -2.5014 0.9765
-3.3398 -4.2484 -2.5014 0.9765
-3.1849 -4.3657 -2.5014 0.9765
-3.0258 -4.4774 -2.5014 0.9765
-1.9970 -5.0214 -2.5014 0.9765
-1.6310 -5.1520 -2.5014 0.9765
-1.0667 -5.2976 -2.5014 0.9765
-0.1020 -5.4030 -2.5014 0.9765
0.0923 -5.4032 -2.5014 0.9765
0.8659 -5.3341 -2.5014 0.9765
1.0572 -5.2996 -2.5014 0.9765
1.4353 -5.2099 -2.5014 0.9765
1.8060 -5.0933 -2.5014 0.9765
2.1673 -4.9503 -2.5014 0.9765
2.3439 -4.8692 -2.5014 0.9765
2.5175 -4.7817 -2.5014 0.9765
2.6878 -4.6881 -2.5014 0.9765
2.8546 -4.5884 -2.5014 0.9765
3.1770 -4.3714 -2.5014 0.9765
3.7708 -3.8709 -2.5014 0.9765
4.0393 -3.5899 -2.5014 0.9765
4.1657 -3.4423 -2.5014 0.9765
4.2868 -3.2903 -2.5014 0.9765
4.7142 -2.6417 -2.5014 0.9765
4.8919 -2.2961 -2.5014 0.9765
4.9713 -2.1188 -2.5014 0.9765
5.1705 -1.5711 -2.5014 0.9765
5.3097 -1.0052 -2.5014 0.9765
5.3424 -0.8137 -2.5014 0.9765
5.3682 -0.6211 -2.5014 0.9765
5.3870 -0.4276 -2.5014 0.9765
5.3927 0.3491 -2.5014 0.9765
5.3767 0.5427 -2.5014 0.9765
5.3237 0.9277 -2.5014 0.9765
5.2870 1.1185 -2.5014 0.9765
5.2433 1.3079 -2.5014 0.9765
5.1929 1.4956 -2.5014 0.9765
5.1358 1.6813 -2.5014 0.9765
5.0720 1.8649 -2.5014 0.9765
5.0017 2.0461 -2.5014 0.9765
4.9249 2.2246 -2.5014 0.9765
4.8417 2.4002 -2.5014 0.9765
4.7523 2.5727 -2.5014 0.9765
4.5551 2.9076 -2.5014 0.9765
4.2155 3.3812 -2.5014 0.9765
4.0912 3.5306 -2.5014 0.9765
3.9616 3.6754 -2.5014 0.9765
3.8269 3.8155 -2.5014 0.9765
3.6872 3.9506 -2.5014 0.9765
3.3938 4.2054 -2.5014 0.9765
3.2404 4.3247 -2.5014 0.9765
3.0828 4.4384 -2.5014 0.9765
2.7559 4.6485 -2.5014 0.9765
2.5870 4.7445 -2.5014 0.9765
2.4147 4.8345 -2.5014 0.9765
2.2393 4.9182 -2.5014 0.9765
1.6967 5.1307 -2.5014 0.9765
1.5111 5.1884 -2.5014 0.9765
1.3236 5.2394 -2.5014 0.9765
0.7517 5.3514 -2.5014 0.9765
0.5588 5.3750 -2.5014 0.9765
0.3652 5.3916 -2.5014 0.9765
0.1711 5.4013 -2.5014 0.9765
-0.0232 5.4039 -2.5014 0.9765
-0.4115 5.3883 -2.5014 0.9765
-0.6050 5.3700 -2.5014 0.9765
-0.7977 5.3448 -2.5014 0.9765
-1.1797 5.2736 -2.5014 0.9765
-1.3686 5.2278 -2.5014 0.9765
-1.5556 5.1752 -2.5014 0.9765
-1.7407 5.1160 -2.5014 0.9765
-2.2815 4.8988 -2.5014 0.9765
-2.6276 4.7221 -2.5014 0.9765
1.1251 -4.9738 -2.5014 0.9775
1.3032 -4.9301 -2.5014 0.9775
1.6542 -4.8237 -2.5014 0.9775
1.8265 -4.7611 -2.5014 0.9775
1.9966 -4.6924 -2.5014 0.9775
2.4902 -4.4501 -2.5014 0.9775
2.6486 -4.3577 -2.5014 0.9775
2.8036 -4.2596 -2.5014 0.9775
2.9549 -4.1561 -2.5014 0.9775
3.2460 -3.9330 -2.5014 0.9775
3.3853 -3.8137 -2.5014 0.9775
3.5202 -3.6895 -2.5014 0.9775
3.7763 -3.4270 -2.5014 0.9775
3.8970 -3.2890 -2.5014 0.9775
4.2286 -2.8503 -2.5014 0.9775
4.6701 -2.0480 -2.5014 0.9775
4.8053 -1.7071 -2.5014 0.9775
4.9155 -1.3574 -2.5014 0.9775
5.0003 -1.0006 -2.5014 0.9775
5.0790 -0.4563 -2.5014 0.9775
5.0326 0.8232 -2.5014 0.9775
4.9998 1.0036 -2.5014 0.9775
4.9604 1.1827 -2.5014 0.9775
4.8626 1.5361 -2.5014 0.9775
4.8042 1.7100 -2.5014 0.9775
4.5095 2.3810 -2.5014 0.9775
4.2269 2.8528 -2.5014 0.9775
3.8951 3.2913 -2.5014 0.9775
3.7742 3.4293 -2.5014 0.9775
3.5180 3.6916 -2.5014 0.9775
3.3830 3.8157 -2.5014 0.9775
2.9525 4.1578 -2.5014 0.9775
2.8011 4.2613 -2.5014 0.9775
2.4876 4.4516 -2.5014 0.9775
1.8237 4.7622 -2.5014 0.9775
1.6513 4.8247 -2.5014 0.9775
1.4768 4.8810 -2.5014 0.9775
0.7618 5.0423 -2.5014 0.9775
0.5800 5.0664 -2.5014 0.9775
0.3975 5.0840 -2.5014 0.9775
0.2144 5.0950 -2.5014 0.9775
-0.8814 5.0227 -2.5014 0.9775
-1.2401 4.9464 -2.5014 0.9775
-1.5924 4.8445 -2.5014 0.9775
-1.7655 4.7841 -2.5014 0.9775
-2.2704 4.5662 -2.5014 0.9775
-2.5927 4.3912 -2.5014 0.9775
-2.9016 4.1935 -2.5014 0.9775
-3.1954 3.9742 -2.5014 0.9775
-3.4728 3.7343 -2.5014 0.9775
-3.7322 3.4750 -2.5014 0.9775
-3.8547 3.3386 -2.5014 0.9775
-4.0846 3.0529 -2.5014 0.9775
-4.1918 2.9041 -2.5014 0.9775
-4.2935 2.7515 -2.5014 0.9775
-4.3896 2.5954 -2.5014 0.9775
-4.4801 2.4359 -2.5014 0.9775
-4.5648 2.2732 -2.5014 0.9775
-4.7164 1.9393 -2.5014 0.9775
-4.7830 1.7684 -2.5014 0.9775
-4.8435 1.5953 -2.5014 0.9775
-4.9457 1.2431 -2.5014 0.9775
-5.0222 0.8845 -2.5014 0.9775
-5.0882 0.3385 -2.5014 0.9775
-5.0971 0.1554 -2.5014 0.9775
-5.0994 -0.0280 -2.5014 0.9775
-5.0842 -0.3944 -2.5014 0.9775
-5.0667 -0.5769 -2.5014 0.9775
-5.0427 -0.7587 -2.5014 0.9775
-5.0122 -0.9396 -2.5014 0.9775
-4.8819 -1.4738 -2.5014 0.9775
-4.8257 -1.6484 -2.5014 0.9775
-4.7633 -1.8208 -2.5014 0.9775
-4.4531 -2.4849 -2.5014 0.9775
-4.2630 -2.7985 -2.5014 0.9775
-4.1596 -2.9500 -2.5014 0.9775
-4.0509 -3.0976 -2.5014 0.9775
-3.9369 -3.2413 -2.5014 0.9775
-3.8178 -3.3807 -2.5014 0.9775
-3.2937 -3.8931 -2.5014 0.9775
-3.1516 -4.0090 -2.5014 0.9775
-2.7016 -4.3251 -2.5014 0.9775
-2.3838 -4.5080 -2.5014 0.9775
-1.1857 -4.9597 -2.5014 0.9775
-0.8262 -5.0321 -2.5014 0.9775
-0.4624 -5.0785 -2.5014 0.9775
-0.2796 -5.0918 -2.5014 0.9775
0.0871 -5.0987 -2.5014 0.9775
0.2704 -5.0923 -2.5014 0.9775
0.6356 -5.0597 -2.5014 0.9775
0.9976 -5.0009 -2.5014 0.9775
1.1768 -4.9618 -2.5014 0.9775
1.5303 -4.8645 -2.5014 0.9775
1.8759 -4.7419 -2.5014 0.9775
2.0452 -4.6714 -2.5014 0.9775
2.5363 -4.4240 -2.5014 0.9775
2.6938 -4.3299 -2.5014 0.9775
2.9980 -4.1251 -2.5014 0.9775
3.2867 -3.8990 -2.5014 0.9775
3.8117 -3.3876 -2.5014 0.9775
3.9310 -3.2483 -2.5014 0.9775
4.1543 -2.9574 -2.5014 0.9775
4.2579 -2.8062 -2.5014 0.9775
4.3561 -2.6512 -2.5014 0.9775
4.5354 -2.3313 -2.5014 0.9775
4.6912 -1.9994 -2.5014 0.9775
4.7600 -1.8294 -2.5014 0.9775
4.8792 -1.4826 -2.5014 0.9775
4.9293 -1.3062 -2.5014 0.9775
4.9731 -1.1281 -2.5014 0.9775
5.0993 -0.0372 -2.5014 0.9775
5.0974 0.1462 -2.5014 0.9775
5.0888 0.3294 -2.5014 0.9775
5.0737 0.5121 -2.5014 0.9775
4.9479 1.2342 -2.5014 0.9775
4.9003 1.4113 -2.5014 0.9775
4.7862 1.7598 -2.5014 0.9775
4.7198 1.9308 -2.5014 0.9775
4.6474 2.0992 -2.5014 0.9775
4.5689 2.2650 -2.5014 0.9775
4.4845 2.4278 -2.5014 0.9775
4.3943 2.5875 -2.5014 0.9775
4.2984 2.7438 -2.5014 0.9775
4.1970 2.8966 -2.5014 0.9775
3.9780 3.1907 -2.5014 0.9775
3.7384 3.4683 -2.5014 0.9775
3.6113 3.6005 -2.5014 0.9775
3.2026 3.9684 -2.5014 0.9775
2.2786 4.5621 -2.5014 0.9775
2.1131 4.6411 -2.5014 0.9775
1.6011 4.8416 -2.5014 0.9775
1.0704 4.9859 -2.5014 0.9775
0.3446 5.0879 -2.5014 0.9775
-0.3883 5.0847 -2.5014 0.9775
-0.7527 5.0436 -2.5014 0.9775
-0.9336 5.0133 -2.5014 0.9775
-1.1133 4.9765 -2.5014 0.9775
-1.4680 4.8836 -2.5014 0.9775
-1.8152 4.7655 -2.5014 0.9775
-1.9853 4.6972 -2.5014 0.9775
-2.4796 4.4561 -2.5014 0.9775
0.8941 -4.7381 -2.5014 0.9785
1.0638 -4.7029 -2.5014 0.9785
1.2323 -4.6616 -2.5014 0.9785
1.3991 -4.6143 -2.5014 0.9785
1.5641 -4.5610 -2.5014 0.9785
2.3546 -4.2077 -2.5014 0.9785
2.5044 -4.1203 -2.5014 0.9785
2.9335 -3.8267 -2.5014 0.9785
3.0692 -3.7188 -2.5014 0.9785
3.3285 -3.4886 -2.5014 0.9785
3.4518 -3.3667 -2.5014 0.9785
3.6848 -3.1099 -2.5014 0.9785
3.7942 -2.9754 -2.5014 0.9785
3.9982 -2.6950 -2.5014 0.9785
4.0925 -2.5495 -2.5014 0.9785
4.1816 -2.4007 -2.5014 0.9785
4.3433 -2.0940 -2.5014 0.9785
4.4158 -1.9365 -2.5014 0.9785
4.4825 -1.7765 -2.5014 0.9785
4.5435 -1.6142 -2.5014 0.9785
4.6478 -1.2834 -2.5014 0.9785
4.7280 -0.9461 -2.5014 0.9785
4.7838 -0.6039 -2.5014 0.9785
4.8024 -0.4315 -2.5014 0.9785
4.8148 -0.2586 -2.5014 0.9785
4.8210 -0.0853 -2.5014 0.9785
4.8209 0.0881 -2.5014 0.9785
4.8021 0.4344 -2.5014 0.9785
4.7585 0.7783 -2.5014 0.9785
4.7274 0.9489 -2.5014 0.9785
4.6903 1.1183 -2.5014 0.9785
4.5426 1.6168 -2.5014 0.9785
4.4815 1.7791 -2.5014 0.9785
4.4146 1.9391 -2.5014 0.9785
4.3421 2.0966 -2.5014 0.9785
4.0910 2.5520 -2.5014 0.9785
3.9967 2.6974 -2.5014 0.9785
3.7925 2.9776 -2.5014 0.9785
3.5687 3.2425 -2.5014 0.9785
3.3264 3.4906 -2.5014 0.9785
3.1988 3.6079 -2.5014 0.9785
3.0670 3.7206 -2.5014 0.9785
2.9312 3.8285 -2.5014 0.9785
2.7917 3.9314 -2.5014 0.9785
2.6485 4.0292 -2.5014 0.9785
2.5019 4.1218 -2.5014 0.9785
2.1992 4.2910 -2.5014 0.9785
1.3963 4.6151 -2.5014 0.9785
1.0611 4.7035 -2.5014 0.9785
0.7203 4.7676 -2.5014 0.9785
0.2027 4.8175 -2.5014 0.9785
-0.1440 4.8196 -2.5014 0.9785
-0.4900 4.7968 -2.5014 0.9785
-1.0037 4.7161 -2.5014 0.9785
-2.3006 4.2375 -2.5014 0.9785
-2.4515 4.1520 -2.5014 0.9785
-2.7435 3.9651 -2.5014 0.9785
-3.4085 3.4105 -2.5014 0.9785
-3.5289 3.2858 -2.5014 0.9785
-3.6447 3.1568 -2.5014 0.9785
-3.7559 3.0237 -2.5014 0.9785
-3.8622 2.8867 -2.5014 0.9785
-3.9635 2.7459 -2.5014 0.9785
-4.0596 2.6017 -2.5014 0.9785
-4.1506 2.4540 -2.5014 0.9785
-4.3162 2.1494 -2.5014 0.9785
-4.3907 1.9928 -2.5014 0.9785
-4.4595 1.8337 -2.5014 0.9785
-4.5797 1.5084 -2.5014 0.9785
-4.6763 1.1754 -2.5014 0.9785
-4.8111 0.3201 -2.5014 0.9785
-4.8195 0.1469 -2.5014 0.9785
-4.8176 -0.1998 -2.5014 0.9785
-4.8073 -0.3729 -2.5014 0.9785
-4.7908 -0.5455 -2.5014 0.9785
-4.7681 -0.7174 -2.5014 0.9785
-4.7392 -0.8884 -2.5014 0.9785
-4.7042 -1.0582 -2.5014 0.9785
-4.6631 -1.2267 -2.5014 0.9785
-4.5629 -1.5586 -2.5014 0.9785
-4.5039 -1.7217 -2.5014 0.9785
-4.4391 -1.8825 -2.5014 0.9785
-4.2923 -2.1966 -2.5014 0.9785
-4.2105 -2.3496 -2.5014 0.9785
-4.1233 -2.4994 -2.5014 0.9785
-3.9331 -2.7893 -2.5014 0.9785
-3.8302 -2.9289 -2.5014 0.9785
-3.7225 -3.0647 -2.5014 0.9785
-3.6099 -3.1966 -2.5014 0.9785
-3.1143 -3.6811 -2.5014 0.9785
-2.6998 -3.9950 -2.5014 0.9785
-2.4057 -4.1787 -2.5014 0.9785
-2.0992 -4.3408 -2.5014 0.9785
-1.9418 -4.4135 -2.5014 0.9785
-1.6196 -4.5416 -2.5014 0.9785
-1.2890 -4.6462 -2.5014 0.9785
-0.7812 -4.7580 -2.5014 0.9785
-0.6096 -4.7830 -2.5014 0.9785
-0.2643 -4.8145 -2.5014 0.9785
-0.0910 -4.8209 -2.5014 0.9785
0.0824 -4.8210 -2.5014 0.9785
0.2556 -4.8149 -2.5014 0.9785
0.4286 -4.8026 -2.5014 0.9785
0.6010 -4.7841 -2.5014 0.9785
0.7726 -4.7594 -2.5014 0.9785
0.9433 -4.7286 -2.5014 0.9785
1.2806 -4.6485 -2.5014 0.9785
1.6114 -4.5445 -2.5014 0.9785
1.7738 -4.4836 -2.5014 0.9785
1.9338 -4.4169 -2.5014 0.9785
2.0914 -4.3446 -2.5014 0.9785
2.6926 -3.9999 -2.5014 0.9785
3.1077 -3.6867 -2.5014 0.9785
3.4866 -3.3306 -2.5014 0.9785
3.8250 -2.9358 -2.5014 0.9785
4.0260 -2.6533 -2.5014 0.9785
4.1188 -2.5069 -2.5014 0.9785
4.2063 -2.3571 -2.5014 0.9785
4.3648 -2.0487 -2.5014 0.9785
4.5008 -1.7298 -2.5014 0.9785
4.5601 -1.5668 -2.5014 0.9785
4.6134 -1.4018 -2.5014 0.9785
4.7376 -0.8969 -2.5014 0.9785
4.7898 -0.5541 -2.5014 0.9785
4.8066 -0.3816 -2.5014 0.9785
4.8172 -0.2085 -2.5014 0.9785
4.8216 -0.0352 -2.5014 0.9785
4.8197 0.1382 -2.5014 0.9785
4.7173 0.9980 -2.5014 0.9785
4.4628 1.8256 -2.5014 0.9785
4.2402 2.2956 -2.5014 0.9785
4.1550 2.4465 -2.5014 0.9785
3.9684 2.7388 -2.5014 0.9785
3.7613 3.0169 -2.5014 0.9785
3.2900 3.5250 -2.5014 0.9785
3.1611 3.6410 -2.5014 0.9785
2.7507 3.9602 -2.5014 0.9785
2.4589 4.1476 -2.5014 0.9785
2.3082 4.2334 -2.5014 0.9785
2.1545 4.3136 -2.5014 0.9785
1.9980 4.3883 -2.5014 0.9785
1.8390 4.4573 -2.5014 0.9785
1.3483 4.6294 -2.5014 0.9785
1.1810 4.6749 -2.5014 0.9785
0.8420 4.7477 -2.5014 0.9785
0.6707 4.7749 -2.5014 0.9785
0.4986 4.7959 -2.5014 0.9785
-0.0207 4.8217 -2.5014 0.9785
-0.1941 4.8178 -2.5014 0.9785
-0.7117 4.7689 -2.5014 0.9785
-0.8827 4.7403 -2.5014 0.9785
-1.0526 4.7054 -2.5014 0.9785
-1.5532 4.5647 -2.5014 0.9785
-2.1915 4.2949 -2.5014 0.9785
-2.3445 4.2134 -2.5014 0.9785
1.0077 -4.4546 -2.5014 0.9794
1.1672 -4.4154 -2.5014 0.9794
1.6358 -4.2641 -2.5014 0.9794
1.7881 -4.2025 -2.5014 0.9794
1.9381 -4.1355 -2.5014 0.9794
2.2303 -3.9855 -2.5014 0.9794
2.3721 -3.9027 -2.5014 0.9794
2.5109 -3.8149 -2.5014 0.9794
2.7786 -3.6246 -2.5014 0.9794
3.1527 -3.3043 -2.5014 0.9794
3.2695 -3.1889 -2.5014 0.9794
3.3820 -3.0692 -2.5014 0.9794
3.4902 -2.9456 -2.5014 0.9794
3.6929 -2.6872 -2.5014 0.9794
3.7871 -2.5527 -2.5014 0.9794
4.0400 -2.1301 -2.5014 0.9794
4.2458 -1.6826 -2.5014 0.9794
4.4023 -1.2157 -2.5014 0.9794
4.4432 -1.0566 -2.5014 0.9794
4.4783 -0.8962 -2.5014 0.9794
4.5311 -0.5720 -2.5014 0.9794
4.5605 -0.2449 -2.5014 0.9794
4.5663 0.0835 -2.5014 0.9794
4.5485 0.4114 -2.5014 0.9794
4.5308 0.5747 -2.5014 0.9794
4.4016 1.2183 -2.5014 0.9794
4.3550 1.3758 -2.5014 0.9794
4.3027 1.5315 -2.5014 0.9794
4.2448 1.6852 -2.5014 0.9794
4.1815 1.8367 -2.5014 0.9794
4.0387 2.1325 -2.5014 0.9794
3.9594 2.2763 -2.5014 0.9794
3.8750 2.4172 -2.5014 0.9794
3.6913 2.6894 -2.5014 0.9794
3.5922 2.8204 -2.5014 0.9794
3.4885 2.9477 -2.5014 0.9794
3.3802 3.0712 -2.5014 0.9794
3.0298 3.4174 -2.5014 0.9794
2.9050 3.5241 -2.5014 0.9794
2.3698 3.9042 -2.5014 0.9794
2.0831 4.0644 -2.5014 0.9794
1.7856 4.2036 -2.5014 0.9794
1.4789 4.3210 -2.5014 0.9794
1.3226 4.3714 -2.5014 0.9794
1.1646 4.4161 -2.5014 0.9794
0.8442 4.4884 -2.5014 0.9794
0.3560 4.5532 -2.5014 0.9794
0.1920 4.5631 -2.5014 0.9794
-0.1364 4.5651 -2.5014 0.9794
-0.4641 4.5435 -2.5014 0.9794
-1.1106 4.4300 -2.5014 0.9794
-1.4261 4.3387 -2.5014 0.9794
-1.5812 4.2847 -2.5014 0.9794
-2.0334 4.0895 -2.5014 0.9794
-2.1791 4.0137 -2.5014 0.9794
-2.3220 3.9328 -2.5014 0.9794
-2.7320 3.6599 -2.5014 0.9794
-2.8618 3.5593 -2.5014 0.9794
-2.9880 3.4541 -2.5014 0.9794
-3.1102 3.3444 -2.5014 0.9794
-3.7542 2.6009 -2.5014 0.9794
-3.8452 2.4643 -2.5014 0.9794
-4.0124 2.1816 -2.5014 0.9794
-4.2240 1.7368 -2.5014 0.9794
-4.2837 1.5838 -2.5014 0.9794
-4.3379 1.4288 -2.5014 0.9794
-4.4293 1.1133 -2.5014 0.9794
-4.4665 0.9533 -2.5014 0.9794
-4.5235 0.6299 -2.5014 0.9794
-4.5432 0.4669 -2.5014 0.9794
-4.5670 -0.0251 -2.5014 0.9794
-4.5378 -0.5167 -2.5014 0.9794
-4.5163 -0.6795 -2.5014 0.9794
-4.4889 -0.8415 -2.5014 0.9794
-4.4558 -1.0023 -2.5014 0.9794
-4.3722 -1.3200 -2.5014 0.9794
-4.2660 -1.6307 -2.5014 0.9794
-4.2046 -1.7831 -2.5014 0.9794
-4.1378 -1.9331 -2.5014 0.9794
-3.9882 -2.2255 -2.5014 0.9794
-3.9056 -2.3674 -2.5014 0.9794
-3.7254 -2.6420 -2.5014 0.9794
-3.5259 -2.9029 -2.5014 0.9794
-3.0733 -3.3783 -2.5014 0.9794
-2.6917 -3.6896 -2.5014 0.9794
-2.5572 -3.7840 -2.5014 0.9794
-2.4195 -3.8735 -2.5014 0.9794
-2.2787 -3.9580 -2.5014 0.9794
-1.9883 -4.1115 -2.5014 0.9794
-1.2209 -4.4009 -2.5014 0.9794
-1.0619 -4.4419 -2.5014 0.9794
-0.7400 -4.5067 -2.5014 0.9794
-0.4142 -4.5483 -2.5014 0.9794
-0.0862 -4.5663 -2.5014 0.9794
0.0780 -4.5664 -2.5014 0.9794
0.7318 -4.5081 -2.5014 0.9794
0.8935 -4.4788 -2.5014 0.9794
1.2130 -4.4030 -2.5014 0.9794
1.6801 -4.2468 -2.5014 0.9794
2.1276 -4.0412 -2.5014 0.9794
3.5206 -2.9092 -2.5014 0.9794
3.6229 -2.7807 -2.5014 0.9794
3.7206 -2.6487 -2.5014 0.9794
3.8134 -2.5132 -2.5014 0.9794
4.0619 -2.0879 -2.5014 0.9794
4.2014 -1.7906 -2.5014 0.9794
4.3192 -1.4841 -2.5014 0.9794
4.4874 -0.8496 -2.5014 0.9794
4.5150 -0.6877 -2.5014 0.9794
4.5368 -0.5249 -2.5014 0.9794
4.5528 -0.3614 -2.5014 0.9794
4.5628 -0.1975 -2.5014 0.9794
4.5652 0.1309 -2.5014 0.9794
4.5440 0.4587 -2.5014 0.9794
4.5246 0.6218 -2.5014 0.9794
4.4993 0.7840 -2.5014 0.9794
4.4682 0.9453 -2.5014 0.9794
4.3887 1.2640 -2.5014 0.9794
4.2865 1.5761 -2.5014 0.9794
4.2271 1.7292 -2.5014 0.9794
3.9355 2.3173 -2.5014 0.9794
3.7588 2.5942 -2.5014 0.9794
3.6631 2.7276 -2.5014 0.9794
3.3481 3.1062 -2.5014 0.9794
3.1162 3.3388 -2.5014 0.9794
2.8682 3.5541 -2.5014 0.9794
2.7386 3.6550 -2.5014 0.9794
2.6054 3.7511 -2.5014 0.9794
2.3291 3.9286 -2.5014 0.9794
2.1863 4.0098 -2.5014 0.9794
2.0407 4.0858 -2.5014 0.9794
1.8925 4.1565 -2.5014 0.9794
1.7418 4.2219 -2.5014 0.9794
1.5889 4.2818 -2.5014 0.9794
1.4339 4.3362 -2.5014 0.9794
1.1186 4.4280 -2.5014 0.9794
0.9587 4.4654 -2.5014 0.9794
0.7975 4.4969 -2.5014 0.9794
0.6353 4.5227 -2.5014 0.9794
0.3086 4.5567 -2.5014 0.9794
-0.0196 4.5671 -2.5014 0.9794
-0.1838 4.5634 -2.5014 0.9794
-0.3478 4.5538 -2.5014 0.9794
-0.8361 4.4899 -2.5014 0.9794
-0.9970 4.4570 -2.5014 0.9794
-1.1566 4.4182 -2.5014 0.9794
-1.9282 4.1401 -2.5014 0.9794
-2.0758 4.0681 -2.5014 0.9794
0.8034 -4.2574 -2.5014 0.9802
0.9559 -4.2258 -2.5014 0.9802
1.1072 -4.1887 -2.5014 0.9802
1.2571 -4.1462 -2.5014 0.9802
1.4054 -4.0983 -2.5014 0.9802
1.5518 -4.0451 -2.5014 0.9802
1.6963 -3.9867 -2.5014 0.9802
1.8385 -3.9231 -2.5014 0.9802
1.9784 -3.8545 -2.5014 0.9802
2.1157 -3.7808 -2.5014 0.9802
2.2503 -3.7023 -2.5014 0.9802
2.5105 -3.5311 -2.5014 0.9802
2.8762 -3.2402 -2.5014 0.9802
3.1016 -3.0251 -2.5014 0.9802
3.3110 -2.7944 -2.5014 0.9802
3.4093 -2.6735 -2.5014 0.9802
3.5032 -2.5492 -2.5014 0.9802
3.5926 -2.4216 -2.5014 0.9802
3.6774 -2.2909 -2.5014 0.9802
3.7574 -2.1572 -2.5014 0.9802
4.0278 -1.5962 -2.5014 0.9802
4.0826 -1.4504 -2.5014 0.9802
4.1763 -1.1532 -2.5014 0.9802
4.3152 -0.3877 -2.5014 0.9802
4.3263 -0.2323 -2.5014 0.9802
4.3318 0.0792 -2.5014 0.9802
4.3150 0.3903 -2.5014 0.9802
4.2144 1.0049 -2.5014 0.9802
4.1756 1.1557 -2.5014 0.9802
4.1313 1.3051 -2.5014 0.9802
3.9668 1.7424 -2.5014 0.9802
3.8313 2.0230 -2.5014 0.9802
3.6760 2.2931 -2.5014 0.9802
3.3093 2.7964 -2.5014 0.9802
2.9890 3.1365 -2.5014 0.9802
2.8743 3.2419 -2.5014 0.9802
2.6338 3.4401 -2.5014 0.9802
2.5085 3.5325 -2.5014 0.9802
2.3798 3.6205 -2.5014 0.9802
2.1135 3.7821 -2.5014 0.9802
1.4030 4.0991 -2.5014 0.9802
1.2547 4.1469 -2.5014 0.9802
0.9534 4.2264 -2.5014 0.9802
0.4928 4.3045 -2.5014 0.9802
0.0264 4.3325 -2.5014 0.9802
-0.1294 4.3307 -2.5014 0.9802
-0.2850 4.3232 -2.5014 0.9802
-0.4403 4.3102 -2.5014 0.9802
-0.5950 4.2916 -2.5014 0.9802
-1.0536 4.2025 -2.5014 0.9802
-1.2040 4.1619 -2.5014 0.9802
-1.5000 4.0646 -2.5014 0.9802
-1.6452 4.0081 -2.5014 0.9802
-1.7882 3.9463 -2.5014 0.9802
-2.3355 3.6492 -2.5014 0.9802
-2.4652 3.5629 -2.5014 0.9802
-2.7149 3.3765 -2.5014 0.9802
-2.8345 3.2767 -2.5014 0.9802
-3.2750 2.8365 -2.5014 0.9802
-3.3749 2.7169 -2.5014 0.9802
-3.5614 2.4674 -2.5014 0.9802
-3.7295 2.2050 -2.5014 0.9802
-4.1151 1.3554 -2.5014 0.9802
-4.2019 1.0562 -2.5014 0.9802
-4.2371 0.9044 -2.5014 0.9802
-4.2912 0.5976 -2.5014 0.9802
-4.3099 0.4429 -2.5014 0.9802
-4.3306 0.1320 -2.5014 0.9802
-4.3325 -0.0238 -2.5014 0.9802
-4.3196 -0.3351 -2.5014 0.9802
-4.3048 -0.4902 -2.5014 0.9802
-4.2270 -0.9509 -2.5014 0.9802
-4.1477 -1.2522 -2.5014 0.9802
-4.0470 -1.5470 -2.5014 0.9802
-3.9887 -1.6915 -2.5014 0.9802
-3.8569 -1.9738 -2.5014 0.9802
-3.7834 -2.1112 -2.5014 0.9802
-3.7050 -2.2459 -2.5014 0.9802
-3.6219 -2.3776 -2.5014 0.9802
-3.5341 -2.5063 -2.5014 0.9802
-3.2436 -2.8723 -2.5014 0.9802
-3.1383 -2.9871 -2.5014 0.9802
-2.9155 -3.2049 -2.5014 0.9802
-2.7984 -3.3076 -2.5014 0.9802
-2.6776 -3.4061 -2.5014 0.9802
-2.5534 -3.5002 -2.5014 0.9802
-2.4259 -3.5897 -2.5014 0.9802
-2.2953 -3.6746 -2.5014 0.9802
-2.1617 -3.7548 -2.5014 0.9802
-2.0253 -3.8301 -2.5014 0.9802
-1.7448 -3.9657 -2.5014 0.9802
-1.6011 -4.0259 -2.5014 0.9802
-1.0074 -4.2138 -2.5014 0.9802
-0.8552 -4.2473 -2.5014 0.9802
-0.7020 -4.2753 -2.5014 0.9802
0.2297 -4.3265 -2.5014 0.9802
0.5400 -4.2988 -2.5014 0.9802
1.4479 -4.0835 -2.5014 0.9802
1.8792 -3.9038 -2.5014 0.9802
2.0184 -3.8337 -2.5014 0.9802
2.2887 -3.6787 -2.5014 0.9802
2.4195 -3.5941 -2.5014 0.9802
2.7924 -3.3126 -2.5014 0.9802
3.0232 -3.1034 -2.5014 0.9802
3.4369 -2.6380 -2.5014 0.9802
3.6176 -2.3842 -2.5014 0.9802
3.7010 -2.2525 -2.5014 0.9802
3.7796 -2.1180 -2.5014 0.9802
4.0442 -1.5543 -2.5014 0.9802
4.0974 -1.4079 -2.5014 0.9802
4.1454 -1.2596 -2.5014 0.9802
4.1880 -1.1098 -2.5014 0.9802
4.2252 -0.9585 -2.5014 0.9802
4.2832 -0.6524 -2.5014 0.9802
4.3285 -0.1873 -2.5014 0.9802
4.3325 -0.0316 -2.5014 0.9802
4.2922 0.5898 -2.5014 0.9802
4.1633 1.1991 -2.5014 0.9802
4.1175 1.3480 -2.5014 0.9802
4.0664 1.4952 -2.5014 0.9802
4.0100 1.6404 -2.5014 0.9802
3.9484 1.7835 -2.5014 0.9802
3.8818 1.9243 -2.5014 0.9802
3.8101 2.0627 -2.5014 0.9802
3.7334 2.1983 -2.5014 0.9802
3.6520 2.3312 -2.5014 0.9802
3.3797 2.7108 -2.5014 0.9802
3.2801 2.8306 -2.5014 0.9802
3.1762 2.9467 -2.5014 0.9802
2.9562 3.1674 -2.5014 0.9802
2.7209 3.3716 -2.5014 0.9802
2.3421 3.6450 -2.5014 0.9802
2.2095 3.7269 -2.5014 0.9802
2.0741 3.8039 -2.5014 0.9802
1.9359 3.8760 -2.5014 0.9802
1.7953 3.9431 -2.5014 0.9802
1.6524 4.0051 -2.5014 0.9802
1.2115 4.1598 -2.5014 0.9802
0.7566 4.2660 -2.5014 0.9802
0.6027 4.2905 -2.5014 0.9802
0.2928 4.3227 -2.5014 0.9802
0.1372 4.3304 -2.5014 0.9802
-0.0186 4.3325 -2.5014 0.9802
-0.1744 4.3291 -2.5014 0.9802
-0.3299 4.3200 -2.5014 0.9802
-0.4850 4.3054 -2.5014 0.9802
-0.6395 4.2851 -2.5014 0.9802
-0.9458 4.2281 -2.5014 0.9802
-1.5422 4.0488 -2.5014 0.9802
-1.6868 3.9908 -2.5014 0.9802
-1.8292 3.9275 -2.5014 0.9802
