ply
format ascii 1.0
element vertex 10530
property float32 x
property float32 y
property float32 z
property float32 I
end_header
-27.2612 -14.9870 5.4854 0.8813
-33.6384 -31.5886 8.1366 0.8291
-32.6208 -32.9149 8.1712 0.8284
-31.5517 -34.2094 8.2059 0.8278
-30.1080 -35.0922 8.1530 0.8288
-30.4062 -38.1282 8.5991 0.8203
7.1354 -46.3981 8.2774 0.8264
8.3229 -36.4648 6.5951 0.8591
9.1303 -34.2800 6.2552 0.8658
10.5495 -34.5675 6.3727 0.8635
13.3790 -34.6983 6.5573 0.8598
16.6413 -35.3646 6.8916 0.8532
20.0455 -35.6998 7.2193 0.8468
21.7467 -35.6668 7.3658 0.8439
12.4962 -18.9308 3.9997 0.9120
27.9133 -36.3210 8.0773 0.8302
30.3234 -36.6547 8.3882 0.8243
31.9022 -21.4720 6.7807 0.8554
30.9299 2.7838 5.4758 0.8815
44.7108 10.6281 8.1034 0.8297
33.7666 10.6373 6.2424 0.8661
32.3941 11.4986 6.0611 0.8697
29.7104 11.7632 5.6344 0.8783
26.5821 11.6450 5.1172 0.8888
25.3240 12.1954 4.9561 0.8921
23.4990 12.3747 4.6829 0.8977
21.3506 12.2417 4.3396 0.9049
20.3834 12.6805 4.2329 0.9071
18.0121 13.0866 3.9258 0.9135
14.6718 13.2902 3.4906 0.9227
14.0349 13.6619 3.4536 0.9235
16.9959 19.1045 4.5087 0.9014
10.2565 12.3980 2.8372 0.9367
10.2484 13.3354 2.9655 0.9340
9.5556 13.4036 2.9025 0.9353
9.1397 13.8460 2.9254 0.9348
8.6491 14.1854 2.9295 0.9347
11.1359 19.8324 4.0105 0.9118
7.4263 14.4146 2.8592 0.9363
9.5664 20.3298 3.9617 0.9128
5.4842 14.2233 2.6879 0.9400
3.9718 20.8208 3.7375 0.9175
1.7502 14.9306 2.6507 0.9408
1.7354 21.4355 3.7920 0.9164
0.1337 14.8988 2.6272 0.9413
-0.3972 14.7470 2.6012 0.9418
-0.9081 14.4333 2.5500 0.9430
-1.4349 14.4851 2.5666 0.9426
-3.8382 15.5260 2.8201 0.9371
-6.1513 21.5330 3.9487 0.9131
-5.6240 15.4040 2.8915 0.9356
-6.2126 15.2888 2.9099 0.9352
-6.7350 15.0061 2.9003 0.9354
-11.8737 22.0650 4.4182 0.9032
-13.2121 22.5711 4.6116 0.8992
-14.3980 22.6876 4.7380 0.8966
-12.4118 15.5639 3.5101 0.9223
-13.7055 15.9743 3.7113 0.9181
-15.1587 16.4355 3.9424 0.9132
-16.2249 16.3712 4.0642 0.9106
-18.4987 16.1618 4.3313 0.9050
-20.5710 16.7091 4.6730 0.8979
-23.7234 16.5937 5.1048 0.8891
-26.7546 17.3178 5.6196 0.8786
-28.8732 17.2509 5.9306 0.8723
-13.0074 7.1508 2.6173 0.9415
-36.0793 18.1798 7.1237 0.8487
-40.4606 18.5976 7.8519 0.8345
-33.6384 -31.5886 8.1366 0.8291
-7.6610 -17.0693 3.2990 0.9268
11.9173 -34.5543 6.4451 0.8620
16.6413 -35.3646 6.8916 0.8532
18.1166 -35.1647 6.9750 0.8516
20.0455 -35.6998 7.2193 0.8468
21.7467 -35.6667 7.3658 0.8439
12.4962 -18.9308 3.9997 0.9120
25.5506 -35.8395 7.7610 0.8363
27.9133 -36.3210 8.0772 0.8302
30.3235 -36.6547 8.3882 0.8243
30.9299 2.7838 5.4758 0.8815
44.7108 10.6281 8.1034 0.8297
29.7103 11.7632 5.6344 0.8783
26.5821 11.6450 5.1172 0.8888
25.3240 12.1954 4.9561 0.8921
21.3505 12.2417 4.3396 0.9049
19.1827 12.9111 4.0772 0.9104
18.0121 13.0866 3.9258 0.9135
14.6718 13.2902 3.4906 0.9227
14.0349 13.6619 3.4536 0.9235
16.9959 19.1045 4.5087 0.9014
10.2484 13.3354 2.9655 0.9340
9.5556 13.4036 2.9025 0.9353
11.1359 19.8324 4.0105 0.9118
7.4262 14.4146 2.8592 0.9363
5.4842 14.2233 2.6879 0.9400
4.7847 13.8732 2.5876 0.9421
3.7419 14.0490 2.5636 0.9427
3.3079 14.4927 2.6212 0.9414
3.9718 20.8208 3.7375 0.9175
1.7502 14.9306 2.6507 0.9408
-0.9081 14.4333 2.5500 0.9430
-2.6268 15.2530 2.7291 0.9391
-3.8382 15.5260 2.8201 0.9371
-7.1397 21.9738 4.0740 0.9104
-6.2126 15.2888 2.9099 0.9352
-6.7350 15.0061 2.9003 0.9354
-7.4267 15.0741 2.9631 0.9340
-13.2122 22.5711 4.6116 0.8992
-14.3980 22.6876 4.7380 0.8966
-10.9732 15.9918 3.4198 0.9242
-11.6792 15.7752 3.4610 0.9234
-13.7055 15.9743 3.7113 0.9181
-15.1587 16.4355 3.9424 0.9132
-16.2249 16.3712 4.0642 0.9106
-17.4696 16.4050 4.2256 0.9072
-22.3894 16.8891 4.9451 0.8923
-28.8732 17.2509 5.9306 0.8723
-36.0794 18.1798 7.1238 0.8487
-40.4606 18.5976 7.8518 0.8345
-27.2612 -14.9870 5.4855 0.8813
-33.6384 -31.5887 8.1367 0.8291
-32.6207 -32.9150 8.1712 0.8284
-31.5516 -34.2094 8.2059 0.8278
9.1304 -34.2800 6.2552 0.8658
10.5495 -34.5674 6.3727 0.8635
11.9173 -34.5544 6.4450 0.8620
15.0485 -35.2078 6.7514 0.8560
18.1166 -35.1647 6.9750 0.8516
20.0456 -35.6998 7.2193 0.8468
30.3235 -36.6547 8.3882 0.8243
31.9022 -21.4720 6.7807 0.8554
30.9299 2.7838 5.4758 0.8815
44.7108 10.6281 8.1034 0.8297
26.5821 11.6450 5.1172 0.8888
21.3505 12.2417 4.3396 0.9049
19.1827 12.9111 4.0772 0.9104
18.0121 13.0866 3.9258 0.9135
6.6405 5.1989 1.4871 0.9663
6.3857 5.3800 1.4723 0.9667
14.6717 13.2902 3.4906 0.9227
18.5896 19.4432 4.7432 0.8965
16.9959 19.1045 4.5087 0.9014
9.5556 13.4036 2.9025 0.9353
8.6491 14.1854 2.9295 0.9347
5.4842 14.2233 2.6879 0.9400
4.7847 13.8732 2.5876 0.9421
3.3079 14.4927 2.6212 0.9414
3.9718 20.8208 3.7375 0.9175
3.2529 21.1523 3.7736 0.9167
0.9547 21.2578 3.7521 0.9172
0.1337 14.8988 2.6272 0.9413
-0.3972 14.7470 2.6012 0.9418
-0.9081 14.4333 2.5500 0.9430
-2.6268 15.2530 2.7291 0.9391
-4.5659 21.8013 3.9275 0.9135
-3.8382 15.5260 2.8201 0.9371
-7.1397 21.9738 4.0740 0.9104
-5.6240 15.4040 2.8915 0.9356
-6.2126 15.2888 2.9099 0.9352
-6.7350 15.0061 2.9003 0.9354
-7.4267 15.0741 2.9631 0.9340
-11.8737 22.0650 4.4182 0.9032
-13.2122 22.5711 4.6116 0.8992
-14.3980 22.6876 4.7380 0.8966
-11.6792 15.7753 3.4610 0.9234
-12.4118 15.5639 3.5101 0.9223
-15.1587 16.4355 3.9424 0.9132
-16.2249 16.3712 4.0642 0.9106
-17.4696 16.4050 4.2256 0.9072
-18.4987 16.1618 4.3313 0.9050
-22.3893 16.8891 4.9451 0.8923
-23.7235 16.5937 5.1048 0.8891
-26.7547 17.3178 5.6196 0.8786
-36.0794 18.1798 7.1238 0.8487
-40.4606 18.5976 7.8518 0.8345
-36.7381 -29.8412 8.3457 0.8251
-33.6384 -31.5887 8.1367 0.8291
-31.5516 -34.2094 8.2059 0.8278
7.1355 -46.3981 8.2774 0.8264
7.7107 -40.4208 7.2558 0.8461
9.1304 -34.2800 6.2552 0.8658
10.5495 -34.5675 6.3727 0.8635
11.9174 -34.5544 6.4451 0.8620
13.3791 -34.6983 6.5573 0.8598
18.1166 -35.1647 6.9750 0.8516
21.7467 -35.6667 7.3658 0.8439
25.5507 -35.8395 7.7610 0.8363
27.9133 -36.3209 8.0772 0.8302
30.9299 2.7838 5.4758 0.8815
44.7108 10.6281 8.1034 0.8297
40.1416 11.0784 7.3427 0.8444
33.7666 10.6374 6.2424 0.8661
25.3239 12.1954 4.9561 0.8921
20.3834 12.6805 4.2329 0.9071
6.6405 5.1989 1.4871 0.9663
14.0349 13.6620 3.4536 0.9235
10.2565 12.3980 2.8372 0.9367
10.2484 13.3354 2.9655 0.9340
8.6490 14.1854 2.9295 0.9347
9.5664 20.3298 3.9617 0.9128
8.7809 20.5439 3.9395 0.9132
4.7846 13.8732 2.5876 0.9421
4.2499 13.9259 2.5673 0.9426
3.7419 14.0491 2.5636 0.9427
3.9718 20.8208 3.7375 0.9175
1.7502 14.9306 2.6507 0.9408
0.9547 21.2578 3.7521 0.9172
0.1337 14.8988 2.6272 0.9413
-0.3972 14.7470 2.6012 0.9418
-2.6268 15.2530 2.7291 0.9391
-3.8382 15.5260 2.8201 0.9371
-6.1513 21.5330 3.9487 0.9131
-7.1398 21.9738 4.0740 0.9104
-7.4267 15.0741 2.9631 0.9340
-11.6792 15.7753 3.4610 0.9234
-12.4118 15.5639 3.5101 0.9223
-15.1587 16.4355 3.9424 0.9132
-18.4987 16.1618 4.3313 0.9050
-20.5710 16.7091 4.6730 0.8979
-22.3894 16.8891 4.9451 0.8923
-26.7547 17.3178 5.6196 0.8786
-13.0074 7.1508 2.6173 0.9415
-40.4606 18.5976 7.8518 0.8345
-32.8616 8.4374 5.9823 0.8713
-39.3476 -29.6814 7.5505 0.8192
-33.6389 -31.5891 7.0693 0.8297
-30.1092 -35.0936 7.0837 0.8293
-30.4075 -38.1298 7.4713 0.8209
-7.6467 -17.0374 2.8609 0.9272
7.1353 -46.3969 7.1913 0.8270
7.7101 -40.4176 6.3034 0.8466
8.3226 -36.4639 5.7297 0.8595
10.5489 -34.5654 5.5363 0.8639
11.9170 -34.5534 5.5994 0.8625
13.3786 -34.6973 5.6969 0.8603
18.1161 -35.1637 6.0598 0.8521
20.0449 -35.6987 6.2720 0.8473
21.7458 -35.6654 6.3992 0.8445
30.3223 -36.6534 7.2875 0.8249
31.8750 -21.4537 5.8861 0.8560
26.5494 11.6307 4.4404 0.8893
23.6244 12.4407 4.0903 0.8976
21.3515 12.2423 3.7704 0.9052
20.3492 12.6592 3.6714 0.9076
19.5372 13.1497 3.6078 0.9091
25.7871 18.7354 4.8830 0.8790
14.7070 13.3222 3.0400 0.9228
14.1905 13.8134 3.0338 0.9230
18.6571 19.5139 4.1359 0.8965
17.1198 19.2438 3.9458 0.9010
10.2459 12.3852 2.4624 0.9370
9.5559 13.4039 2.5218 0.9356
9.1478 13.8584 2.5438 0.9350
8.6710 14.2213 2.5517 0.9348
11.1362 19.8329 3.4845 0.9121
7.4198 14.4020 2.4819 0.9365
5.9391 13.8951 2.3149 0.9407
5.3840 13.9634 2.2926 0.9412
4.2501 13.9262 2.2306 0.9428
3.7414 14.0469 2.2269 0.9429
3.2402 14.1963 2.2307 0.9428
2.7167 14.2415 2.2211 0.9430
3.3037 21.4821 3.3296 0.9158
2.5450 21.7113 3.3488 0.9153
0.9614 21.4070 3.2827 0.9169
-0.9081 14.4336 2.2155 0.9432
-4.5981 21.9553 3.4364 0.9132
-3.8657 15.6372 2.4676 0.9369
-6.1514 21.5336 3.4308 0.9134
-7.1397 21.9736 3.5395 0.9107
-6.1913 15.2364 2.5195 0.9356
-7.4269 15.0745 2.5744 0.9343
-14.4930 22.8373 4.1436 0.8963
-11.0428 16.0932 2.9900 0.9241
-11.7338 15.8490 3.0210 0.9233
-12.4122 15.5644 3.0497 0.9226
-23.7726 16.6281 4.4443 0.8892
-26.7560 17.3187 4.8826 0.8790
-12.9926 7.1427 2.2714 0.9418
-35.1185 17.6957 6.0243 0.8529
-38.3518 17.6283 6.4662 0.8430
-37.1676 -30.1899 7.3355 0.8238
-34.4147 -30.0673 7.0009 0.8312
-33.6389 -31.5891 7.0693 0.8297
-32.6207 -32.9149 7.0992 0.8290
-31.5512 -34.2088 7.1292 0.8283
-30.1092 -35.0936 7.0837 0.8293
-30.4075 -38.1298 7.4713 0.8209
7.1353 -46.3969 7.1913 0.8270
9.1301 -34.2791 5.4344 0.8663
10.5489 -34.5653 5.5363 0.8639
11.9170 -34.5534 5.5994 0.8625
20.0449 -35.6987 6.2720 0.8473
12.4779 -18.9032 3.4699 0.9124
25.5498 -35.8383 6.7426 0.8369
27.9124 -36.3198 7.0172 0.8308
30.3224 -36.6534 7.2875 0.8249
32.8273 -36.9001 7.5661 0.8188
31.8750 -21.4537 5.8860 0.8560
29.9605 -15.7773 5.1873 0.8719
30.9057 2.7816 4.7537 0.8820
32.3932 11.4983 5.2658 0.8701
26.5493 11.6307 4.4404 0.8893
25.2186 12.1446 4.2880 0.8929
19.5372 13.1497 3.6078 0.9091
25.7870 18.7354 4.8830 0.8790
6.6326 5.1926 1.2904 0.9665
14.7070 13.3222 3.0400 0.9228
14.1905 13.8134 3.0338 0.9230
18.6571 19.5139 4.1359 0.8965
17.1198 19.2438 3.9458 0.9010
10.2459 12.3852 2.4624 0.9370
10.2487 13.3357 2.5766 0.9342
9.5559 13.4040 2.5218 0.9356
7.4197 14.4019 2.4819 0.9365
9.5967 20.3941 3.4529 0.9128
5.9390 13.8951 2.3149 0.9407
4.7848 13.8736 2.2482 0.9423
4.2501 13.9262 2.2306 0.9428
3.7414 14.0470 2.2269 0.9429
3.2402 14.1963 2.2307 0.9428
2.7167 14.2415 2.2211 0.9430
0.1302 14.5083 2.2227 0.9430
-0.9081 14.4336 2.2155 0.9432
-1.4349 14.4854 2.2300 0.9428
-2.5375 14.7340 2.2904 0.9413
-4.5982 21.9553 3.4364 0.9132
-3.8657 15.6372 2.4676 0.9369
-6.1514 21.5336 3.4308 0.9134
-6.1913 15.2364 2.5195 0.9356
-6.7352 15.0065 2.5199 0.9356
-7.4269 15.0745 2.5744 0.9343
-11.8914 22.0978 3.8443 0.9034
-17.4694 16.4048 3.6712 0.9076
-23.7726 16.6281 4.4443 0.8892
-12.9926 7.1427 2.2714 0.9418
-35.1185 17.6957 6.0243 0.8529
-38.3519 17.6283 6.4662 0.8430
-32.8823 8.4427 5.2008 0.8716
-27.2368 -14.9736 4.7616 0.8818
-39.3476 -29.6814 7.5505 0.8192
-37.1676 -30.1900 7.3355 0.8238
-33.6389 -31.5891 7.0693 0.8297
-32.6207 -32.9149 7.0992 0.8290
-31.5511 -34.2088 7.1292 0.8283
-30.1092 -35.0936 7.0837 0.8293
-30.4075 -38.1298 7.4713 0.8209
-7.6467 -17.0374 2.8609 0.9272
7.1353 -46.3969 7.1913 0.8270
8.3227 -36.4639 5.7297 0.8595
9.1301 -34.2791 5.4344 0.8663
13.3787 -34.6973 5.6969 0.8603
15.0481 -35.2068 5.8655 0.8565
16.6409 -35.3636 5.9873 0.8537
27.9124 -36.3197 7.0173 0.8308
32.8273 -36.9001 7.5661 0.8188
29.9605 -15.7773 5.1873 0.8719
44.8135 10.6525 7.0565 0.8299
29.7120 11.7638 4.8955 0.8787
23.6244 12.4407 4.0903 0.8976
19.5372 13.1497 3.6078 0.9091
6.6326 5.1926 1.2904 0.9665
6.3781 5.3736 1.2777 0.9668
18.6571 19.5139 4.1359 0.8965
17.1198 19.2438 3.9458 0.9010
10.2459 12.3852 2.4624 0.9370
10.2487 13.3357 2.5766 0.9342
9.1478 13.8584 2.5438 0.9350
2.7167 14.2415 2.2211 0.9430
0.9614 21.4070 3.2827 0.9169
-0.3923 14.5660 2.2322 0.9427
-0.9081 14.4336 2.2155 0.9432
-1.9904 14.6936 2.2715 0.9418
-4.5982 21.9553 3.4364 0.9132
-6.1515 21.5336 3.4308 0.9134
-5.6307 15.4224 2.5152 0.9357
-7.4269 15.0745 2.5744 0.9343
-11.8914 22.0978 3.8443 0.9034
-13.2118 22.5704 4.0065 0.8996
-14.4930 22.8373 4.1436 0.8963
-11.0428 16.0932 2.9900 0.9241
-11.7338 15.8490 3.0210 0.9233
-12.5697 14.6505 2.9572 0.9249
-16.4170 16.5650 3.5728 0.9099
-17.4694 16.4048 3.6712 0.9076
-18.4995 16.1625 3.7632 0.9054
-23.7727 16.6281 4.4443 0.8892
-35.1185 17.6957 6.0243 0.8529
-32.8823 8.4427 5.2008 0.8716
-27.2368 -14.9736 4.7616 0.8818
-34.4146 -30.0673 7.0008 0.8312
7.1353 -46.3969 7.1913 0.8270
9.1301 -34.2791 5.4344 0.8663
10.5489 -34.5654 5.5363 0.8639
13.3787 -34.6973 5.6969 0.8603
15.0482 -35.2068 5.8655 0.8565
16.6409 -35.3636 5.9873 0.8537
18.1161 -35.1637 6.0598 0.8521
20.0449 -35.6987 6.2720 0.8473
21.7458 -35.6654 6.3992 0.8445
12.4779 -18.9032 3.4699 0.9124
25.5499 -35.8383 6.7426 0.8369
27.9124 -36.3196 7.0172 0.8308
30.3224 -36.6534 7.2875 0.8249
31.8750 -21.4536 5.8860 0.8560
29.9605 -15.7773 5.1873 0.8719
30.9057 2.7816 4.7537 0.8820
29.7119 11.7638 4.8955 0.8787
26.5493 11.6307 4.4404 0.8893
25.2185 12.1447 4.2880 0.8929
23.6244 12.4407 4.0903 0.8976
25.7870 18.7354 4.8830 0.8790
6.3781 5.3736 1.2777 0.9668
14.7070 13.3222 3.0400 0.9228
14.1905 13.8134 3.0338 0.9230
18.6571 19.5139 4.1359 0.8965
17.1198 19.2438 3.9458 0.9010
10.2459 12.3852 2.4624 0.9370
9.5559 13.4040 2.5218 0.9356
9.1478 13.8584 2.5438 0.9350
9.5967 20.3941 3.4529 0.9128
5.9390 13.8951 2.3149 0.9407
4.7848 13.8736 2.2482 0.9423
3.2402 14.1963 2.2307 0.9428
2.7167 14.2415 2.2211 0.9430
3.3036 21.4821 3.3296 0.9158
2.5450 21.7113 3.3488 0.9153
0.9614 21.4070 3.2827 0.9169
-0.3924 14.5660 2.2322 0.9427
-0.9081 14.4336 2.2155 0.9432
-1.4349 14.4854 2.2300 0.9428
-2.5375 14.7340 2.2904 0.9413
-3.8657 15.6372 2.4676 0.9369
-6.7352 15.0065 2.5199 0.9356
-7.4269 15.0745 2.5744 0.9343
-11.7338 15.8490 3.0210 0.9233
-12.4123 15.5644 3.0497 0.9226
-21.5772 23.3947 4.8756 0.8792
-16.4170 16.5650 3.5728 0.9099
-20.8023 16.8969 4.1056 0.8972
-23.7727 16.6281 4.4443 0.8892
-26.7561 17.3187 4.8826 0.8790
-12.9927 7.1427 2.2714 0.9418
-35.1185 17.6957 6.0243 0.8529
-38.3519 17.6283 6.4662 0.8430
-32.8823 8.4427 5.2008 0.8716
-27.2126 -14.9602 4.0439 0.8823
-34.4136 -30.0662 5.9508 0.8317
-33.6395 -31.5896 6.0093 0.8302
-31.5506 -34.2083 6.0600 0.8288
-30.1104 -35.0950 6.0216 0.8298
-30.4088 -38.1314 6.3511 0.8214
-7.6326 -17.0059 2.4273 0.9276
7.1351 -46.3957 6.1127 0.8275
9.1299 -34.2782 4.6194 0.8667
10.5482 -34.5633 4.7058 0.8644
11.9166 -34.5525 4.7595 0.8629
15.0477 -35.2058 4.9857 0.8569
18.1155 -35.1627 5.1509 0.8525
32.8261 -36.8987 6.4312 0.8194
31.8474 -21.4351 4.9990 0.8565
36.3507 11.4514 4.9629 0.8575
25.5431 12.3009 3.6919 0.8919
20.4592 12.7276 3.1377 0.9074
25.8401 18.7739 4.1593 0.8791
6.3706 5.3673 1.0848 0.9670
14.7049 13.3202 2.5837 0.9231
14.3070 13.9269 2.6000 0.9226
19.0745 19.9503 3.5943 0.8946
11.8402 13.3092 2.3197 0.9307
10.2598 12.4019 2.0960 0.9371
9.5562 13.4043 2.1437 0.9358
8.3567 13.7059 2.0904 0.9373
10.2624 19.9195 2.9179 0.9136
5.4034 14.0136 1.9558 0.9412
4.2502 13.9266 1.8961 0.9430
3.2649 14.3046 1.9107 0.9425
3.3068 21.5023 2.8330 0.9160
2.5451 21.7118 2.8467 0.9156
1.7640 21.7887 2.8466 0.9156
0.9678 21.5497 2.8090 0.9167
-0.3952 14.6718 1.9113 0.9425
-0.9081 14.4340 1.8833 0.9433
-2.0091 14.8316 1.9490 0.9414
-2.5468 14.7883 1.9541 0.9413
-4.6372 22.1418 2.9459 0.9128
-5.3947 21.8224 2.9273 0.9133
-5.1093 15.7248 2.1531 0.9355
-5.5046 15.0769 2.0901 0.9373
-6.7354 15.0070 2.1420 0.9358
-7.4271 15.0750 2.1884 0.9345
-8.2334 15.3002 2.2626 0.9323
-13.2903 22.7046 3.4259 0.8993
-14.7740 23.2801 3.5905 0.8947
-11.0701 16.1330 2.5479 0.9241
-17.4028 16.3423 3.1088 0.9082
-22.5090 16.9794 3.6716 0.8925
-26.9454 17.4413 4.1798 0.8786
-35.1653 17.7192 5.1277 0.8531
-40.5204 18.6251 5.8073 0.8354
-27.2126 -14.9602 4.0439 0.8823
-32.6207 -32.9149 6.0346 0.8295
-31.5506 -34.2083 6.0600 0.8288
-7.6326 -17.0059 2.4273 0.9276
7.1351 -46.3957 6.1127 0.8275
7.7095 -40.4143 5.3577 0.8471
8.3225 -36.4629 4.8703 0.8600
11.9167 -34.5525 4.7595 0.8629
13.3783 -34.6963 4.8424 0.8607
16.6404 -35.3626 5.0893 0.8541
18.1156 -35.1627 5.1509 0.8525
21.7450 -35.6640 5.4393 0.8449
25.5489 -35.8371 5.7313 0.8373
27.9114 -36.3185 5.9648 0.8313
32.8261 -36.8987 6.4312 0.8194
30.8817 2.7794 4.0377 0.8824
45.8288 10.8938 6.1342 0.8269
36.3507 11.4514 4.9629 0.8575
25.5431 12.3009 3.6919 0.8919
20.4592 12.7276 3.1377 0.9074
19.8811 13.3811 3.1207 0.9079
6.3706 5.3673 1.0848 0.9670
14.3070 13.9269 2.6000 0.9226
11.8402 13.3092 2.3197 0.9307
10.2490 13.3361 2.1902 0.9344
9.5562 13.4043 2.1437 0.9358
9.0136 13.6550 2.1306 0.9361
8.3567 13.7059 2.0904 0.9373
10.2623 19.9195 2.9179 0.9136
9.6070 20.4159 2.9382 0.9130
3.7408 14.0450 1.8927 0.9431
3.3067 21.5023 2.8330 0.9160
-0.3952 14.6718 1.9113 0.9425
-2.0091 14.8316 1.9490 0.9414
-5.1093 15.7247 2.1531 0.9355
-5.5046 15.0769 2.0901 0.9373
-13.2903 22.7046 3.4259 0.8993
-14.7740 23.2801 3.5905 0.8947
-11.0701 16.1330 2.5479 0.9241
-11.7472 15.8672 2.5709 0.9235
-16.5869 16.7364 3.0685 0.9093
-29.0535 23.5991 4.8742 0.8599
-23.8610 16.6899 3.7919 0.8892
-26.9455 17.4413 4.1798 0.8786
-12.9780 7.1347 1.9286 0.9420
-35.1654 17.7193 5.1278 0.8531
-40.5204 18.6250 5.8073 0.8354
-32.9028 8.4480 4.4236 0.8719
-27.2126 -14.9603 4.0439 0.8823
-36.7356 -29.8391 6.1630 0.8262
-33.6394 -31.5896 6.0093 0.8302
-32.6207 -32.9149 6.0346 0.8295
-30.1104 -35.0951 6.0216 0.8298
-30.4088 -38.1314 6.3511 0.8214
-7.6326 -17.0060 2.4273 0.9276
8.3225 -36.4629 4.8703 0.8600
9.1299 -34.2782 4.6194 0.8667
10.5482 -34.5632 4.7058 0.8644
11.9167 -34.5525 4.7595 0.8629
16.6404 -35.3626 5.0893 0.8541
18.1156 -35.1627 5.1509 0.8525
25.5490 -35.8371 5.7313 0.8373
27.9114 -36.3185 5.9647 0.8313
30.3213 -36.6521 6.1944 0.8254
32.8261 -36.8987 6.4312 0.8194
31.8474 -21.4351 4.9990 0.8565
30.8817 2.7794 4.0377 0.8824
45.8288 10.8938 6.1342 0.8269
40.1470 11.0799 5.4234 0.8454
36.3506 11.4514 4.9629 0.8575
32.3461 11.4816 4.4696 0.8707
26.7361 11.7125 3.8010 0.8889
21.6648 11.4088 3.1885 0.9060
20.4592 12.7276 3.1377 0.9074
19.8811 13.3811 3.1207 0.9079
25.8401 18.7739 4.1593 0.8791
6.6247 5.1864 1.0956 0.9666
6.3706 5.3673 1.0848 0.9670
14.7049 13.3202 2.5837 0.9231
19.0744 19.9503 3.5943 0.8946
10.2490 13.3361 2.1902 0.9344
8.4553 15.0585 2.2489 0.9327
4.2502 13.9266 1.8961 0.9430
3.2649 14.3046 1.9107 0.9425
3.3067 21.5023 2.8330 0.9160
-0.3952 14.6718 1.9113 0.9425
-1.4350 14.4858 1.8956 0.9430
-2.0091 14.8316 1.9490 0.9414
-6.1516 21.5342 2.9164 0.9136
-5.1093 15.7247 2.1531 0.9355
-6.1582 15.1550 2.1302 0.9361
-6.7354 15.0070 2.1420 0.9358
-7.4272 15.0750 2.1884 0.9345
-14.7740 23.2801 3.5905 0.8947
-11.7473 15.8672 2.5709 0.9235
-12.4127 15.5650 2.5925 0.9228
-17.4028 16.3423 3.1088 0.9082
-18.5002 16.1632 3.1990 0.9057
-29.0535 23.5991 4.8742 0.8599
-26.9455 17.4413 4.1798 0.8786
-12.9781 7.1347 1.9286 0.9420
-35.1654 17.7193 5.1278 0.8531
-27.2126 -14.9603 4.0439 0.8823
-32.6207 -32.9149 6.0346 0.8295
-31.5506 -34.2083 6.0600 0.8288
-30.4088 -38.1314 6.3511 0.8214
7.1351 -46.3957 6.1127 0.8275
7.7095 -40.4142 5.3577 0.8471
8.3225 -36.4629 4.8703 0.8600
9.1299 -34.2782 4.6194 0.8667
16.6404 -35.3626 5.0893 0.8541
18.1156 -35.1627 5.1509 0.8525
25.5490 -35.8371 5.7313 0.8373
27.9114 -36.3184 5.9647 0.8313
30.8817 2.7795 4.0377 0.8824
40.1471 11.0799 5.4234 0.8454
36.3505 11.4514 4.9629 0.8575
29.8752 11.8285 4.1842 0.8784
25.5431 12.3009 3.6918 0.8919
20.4592 12.7276 3.1377 0.9074
6.6247 5.1864 1.0956 0.9666
14.7049 13.3202 2.5837 0.9231
14.3070 13.9269 2.6000 0.9226
19.0744 19.9503 3.5943 0.8946
11.8402 13.3092 2.3197 0.9307
10.2598 12.4019 2.0960 0.9371
9.5561 13.4043 2.1437 0.9358
5.9612 13.9470 1.9751 0.9407
5.4034 14.0136 1.9558 0.9412
4.7849 13.8739 1.9111 0.9425
4.2502 13.9266 1.8961 0.9430
2.7962 14.6581 1.9432 0.9416
3.3067 21.5023 2.8330 0.9160
1.7640 21.7887 2.8466 0.9156
0.9678 21.5497 2.8090 0.9167
0.1311 14.6094 1.9025 0.9428
-2.0091 14.8316 1.9490 0.9414
-2.5468 14.7883 1.9541 0.9413
-4.6372 22.1418 2.9459 0.9128
-6.1516 21.5342 2.9164 0.9136
-5.5046 15.0769 2.0901 0.9373
-6.7354 15.0070 2.1420 0.9358
-13.2903 22.7046 3.4259 0.8993
-14.7740 23.2801 3.5905 0.8947
-11.0702 16.1330 2.5479 0.9241
-11.7473 15.8672 2.5709 0.9235
-12.5805 14.6631 2.5159 0.9250
-16.5869 16.7364 3.0685 0.9093
-17.4028 16.3423 3.1088 0.9082
-18.5002 16.1632 3.1990 0.9057
-29.0535 23.5991 4.8742 0.8599
-28.9594 17.3024 4.3930 0.8728
-35.1654 17.7193 5.1278 0.8531
-32.9029 8.4480 4.4236 0.8719
-27.1908 -14.9483 3.3319 0.8826
-37.2355 -30.2451 5.1513 0.8245
-34.4124 -30.0652 4.9069 0.8321
-30.4101 -38.1330 5.2374 0.8218
-7.6186 -16.9748 1.9979 0.9279
7.1349 -46.3946 5.0405 0.8279
7.7088 -40.4110 4.4177 0.8475
11.9163 -34.5515 3.9247 0.8633
13.3779 -34.6954 3.9930 0.8611
15.0473 -35.2048 4.1112 0.8573
18.1150 -35.1616 4.2473 0.8529
20.0437 -35.6966 4.3961 0.8482
21.7442 -35.6627 4.4852 0.8453
25.5481 -35.8359 4.7259 0.8377
27.9105 -36.3173 4.9184 0.8317
32.8249 -36.8974 5.3031 0.8198
31.8199 -21.4167 4.1187 0.8570
30.8579 2.7773 3.3270 0.8828
44.7210 10.6305 4.9360 0.8312
32.3968 11.4996 3.6915 0.8708
20.4919 12.7480 2.5915 0.9075
20.1804 13.5826 2.6121 0.9068
6.6169 5.1803 0.9024 0.9668
6.3632 5.3610 0.8935 0.9671
14.4762 13.1131 2.0974 0.9244
19.1927 20.0740 2.9823 0.8943
17.1209 19.2450 2.7660 0.9016
10.2493 13.3365 1.8062 0.9346
10.2626 19.9200 2.4062 0.9138
9.6272 20.4589 2.4280 0.9131
5.4347 14.0948 1.6221 0.9410
4.7850 13.8743 1.5760 0.9427
4.2503 13.9269 1.5636 0.9431
3.7403 14.0429 1.5605 0.9432
3.2648 14.3040 1.5755 0.9427
2.5451 21.7124 2.3475 0.9158
0.9423 20.9815 2.2553 0.9190
-0.3952 14.6711 1.5760 0.9427
-2.0090 14.8310 1.6071 0.9416
-5.3980 21.8354 2.4153 0.9135
-6.1517 21.5348 2.4049 0.9138
-5.1674 15.9038 1.7957 0.9349
-5.5373 15.1664 1.7337 0.9371
-6.7356 15.0074 1.7664 0.9360
-8.3080 15.4388 1.8826 0.9319
-13.3511 22.8085 2.8380 0.8991
-10.7021 16.8638 2.1447 0.9228
-11.6138 15.6869 2.0959 0.9245
-12.5647 14.6447 2.0720 0.9253
-15.3330 16.6245 2.4285 0.9130
-18.5010 16.1638 2.6381 0.9059
-29.3151 23.8116 4.0556 0.8590
-22.6362 17.0753 3.0447 0.8922
-23.8621 16.6907 3.1270 0.8895
-23.9654 15.5124 3.0655 0.8915
-28.9601 17.3029 3.6225 0.8731
-12.9636 7.1268 1.5885 0.9422
-40.4293 18.5832 4.7780 0.8361
-27.1908 -14.9483 3.3319 0.8826
-30.4101 -38.1330 5.2374 0.8218
7.1349 -46.3946 5.0405 0.8279
10.5476 -34.5612 3.8802 0.8647
11.9163 -34.5515 3.9247 0.8633
16.6399 -35.3615 4.1966 0.8545
18.1150 -35.1616 4.2473 0.8529
20.0437 -35.6966 4.3961 0.8482
21.7442 -35.6626 4.4852 0.8453
12.4419 -18.8486 2.4252 0.9131
27.9105 -36.3173 4.9184 0.8317
32.8249 -36.8974 5.3031 0.8198
31.8199 -21.4166 4.1187 0.8570
30.8579 2.7773 3.3270 0.8828
36.3530 11.4521 4.0928 0.8578
31.0748 12.3034 3.5889 0.8742
25.7097 12.3812 3.0642 0.8915
21.3533 12.2433 2.6431 0.9057
6.6169 5.1803 0.9024 0.9668
6.3632 5.3610 0.8935 0.9671
14.4762 13.1131 2.0974 0.9244
17.1208 19.2450 2.7660 0.9016
9.5564 13.4047 1.7678 0.9359
9.0670 13.7360 1.7674 0.9359
8.4543 13.8659 1.7439 0.9368
9.6272 20.4589 2.4280 0.9131
5.9960 14.0283 1.6382 0.9405
4.7850 13.8743 1.5760 0.9427
3.2648 14.3040 1.5755 0.9427
2.8483 14.9311 1.6322 0.9407
1.7270 21.3318 2.2981 0.9175
-1.4350 14.4862 1.5632 0.9431
-2.0090 14.8310 1.6071 0.9416
-2.5616 14.8743 1.6207 0.9411
-5.3980 21.8354 2.4153 0.9135
-6.1517 21.5348 2.4049 0.9138
-5.5373 15.1664 1.7337 0.9371
-6.1945 15.2443 1.7669 0.9359
-6.7356 15.0074 1.7664 0.9360
-7.4274 15.0754 1.8046 0.9346
-8.3080 15.4388 1.8826 0.9319
-13.3511 22.8085 2.8380 0.8991
-11.6138 15.6869 2.0959 0.9245
-12.4131 15.5655 2.1379 0.9230
-12.5647 14.6447 2.0720 0.9253
-15.3330 16.6245 2.4285 0.9130
-18.5010 16.1638 2.6381 0.9059
-22.6363 17.0753 3.0447 0.8922
-23.8621 16.6907 3.1269 0.8895
-12.9636 7.1268 1.5885 0.9422
-35.3599 17.8173 4.2518 0.8527
-40.4293 18.5832 4.7780 0.8361
-37.2355 -30.2451 5.1512 0.8245
-33.6400 -31.5901 4.9554 0.8306
-30.1117 -35.0965 4.9657 0.8302
-7.6186 -16.9748 1.9979 0.9279
8.3222 -36.4620 4.0160 0.8603
9.1297 -34.2773 3.8091 0.8670
11.9164 -34.5515 3.9247 0.8633
13.3779 -34.6954 3.9930 0.8611
15.0473 -35.2048 4.1112 0.8573
18.1151 -35.1616 4.2473 0.8529
20.0438 -35.6966 4.3961 0.8482
12.4419 -18.8486 2.4252 0.9131
25.5481 -35.8360 4.7259 0.8377
32.8249 -36.8974 5.3031 0.8198
36.3529 11.4521 4.0927 0.8578
32.3967 11.4996 3.6915 0.8708
26.7375 11.7131 3.1345 0.8892
25.7096 12.3811 3.0642 0.8915
21.6444 11.3980 2.6268 0.9063
21.3533 12.2433 2.6431 0.9057
20.4919 12.7480 2.5915 0.9075
20.1804 13.5826 2.6121 0.9068
17.5453 12.7474 2.3288 0.9165
6.3632 5.3610 0.8935 0.9671
19.1927 20.0740 2.9823 0.8943
10.2493 13.3365 1.8062 0.9346
10.2626 19.9200 2.4062 0.9138
9.6272 20.4589 2.4280 0.9131
5.4347 14.0948 1.6221 0.9410
3.7403 14.0430 1.5605 0.9432
3.2648 14.3040 1.5755 0.9427
2.8483 14.9316 1.6323 0.9407
2.5451 21.7124 2.3475 0.9158
1.7270 21.3318 2.2981 0.9175
0.9423 20.9815 2.2553 0.9190
-0.3952 14.6711 1.5760 0.9427
-1.4350 14.4862 1.5632 0.9431
-2.0090 14.8310 1.6071 0.9416
-4.5030 21.5009 2.3589 0.9154
-5.1675 15.9038 1.7957 0.9349
-7.4274 15.0754 1.8046 0.9346
-13.3511 22.8085 2.8380 0.8991
-10.8121 15.7570 2.0520 0.9260
-12.4131 15.5655 2.1379 0.9230
-22.6362 17.0753 3.0447 0.8922
-23.8622 16.6907 3.1270 0.8895
-23.9654 15.5123 3.0655 0.8915
-28.9601 17.3028 3.6226 0.8731
-12.9636 7.1268 1.5885 0.9422
-35.3599 17.8173 4.2518 0.8527
-40.4293 18.5832 4.7780 0.8361
-32.9234 8.4532 3.6500 0.8722
-27.1908 -14.9483 3.3319 0.8826
-37.2355 -30.2452 5.1512 0.8245
-34.4123 -30.0652 4.9069 0.8321
-33.6400 -31.5901 4.9554 0.8306
-34.6462 -34.9587 5.2852 0.8204
-31.5501 -34.2077 4.9971 0.8293
-30.1117 -35.0965 4.9657 0.8302
-7.6186 -16.9748 1.9979 0.9279
7.1349 -46.3946 5.0405 0.8279
7.7089 -40.4109 4.4176 0.8475
8.3222 -36.4620 4.0160 0.8603
10.5476 -34.5613 3.8802 0.8647
16.6399 -35.3615 4.1966 0.8545
18.1151 -35.1616 4.2473 0.8529
20.0438 -35.6966 4.3961 0.8482
21.7442 -35.6626 4.4852 0.8453
12.4419 -18.8486 2.4252 0.9131
25.5482 -35.8360 4.7259 0.8377
30.3203 -36.6508 5.1078 0.8258
32.8250 -36.8974 5.3031 0.8198
30.8579 2.7773 3.3270 0.8828
44.7210 10.6305 4.9360 0.8312
40.1499 11.0807 4.4725 0.8457
32.3966 11.4996 3.6915 0.8708
26.7374 11.7131 3.1345 0.8892
25.7096 12.3811 3.0642 0.8915
17.5452 12.7474 2.3288 0.9165
6.3632 5.3610 0.8935 0.9671
19.1927 20.0740 2.9823 0.8943
10.2493 13.3365 1.8062 0.9346
9.5564 13.4047 1.7678 0.9359
9.0670 13.7360 1.7674 0.9359
8.4543 13.8659 1.7439 0.9368
11.1368 19.8340 2.4426 0.9126
10.2626 19.9200 2.4062 0.9138
5.9960 14.0283 1.6382 0.9405
5.4347 14.0948 1.6221 0.9410
4.7850 13.8743 1.5760 0.9427
4.2503 13.9269 1.5636 0.9431
3.7403 14.0431 1.5605 0.9432
3.2648 14.3040 1.5755 0.9427
2.8483 14.9316 1.6323 0.9407
3.3272 21.6354 2.3506 0.9157
-0.3952 14.6711 1.5760 0.9427
-0.9082 14.4344 1.5531 0.9435
-1.4350 14.4862 1.5632 0.9431
-2.0090 14.8310 1.6071 0.9416
-2.5616 14.8743 1.6207 0.9411
-4.5030 21.5009 2.3589 0.9154
-5.3980 21.8354 2.4153 0.9135
-6.1518 21.5348 2.4049 0.9138
-5.1675 15.9037 1.7957 0.9349
-6.1945 15.2443 1.7669 0.9359
-7.4274 15.0754 1.8046 0.9346
-8.3080 15.4388 1.8826 0.9319
-13.3511 22.8085 2.8380 0.8991
-10.7021 16.8638 2.1447 0.9228
-12.5647 14.6447 2.0720 0.9253
-15.3330 16.6245 2.4285 0.9130
-16.6431 16.7931 2.5389 0.9093
-17.4820 16.4167 2.5752 0.9080
-23.8622 16.6907 3.1270 0.8895
-28.9601 17.3028 3.6226 0.8731
-12.9636 7.1268 1.5885 0.9422
-40.4293 18.5832 4.7780 0.8361
-32.9234 8.4532 3.6500 0.8722
-37.2367 -30.2460 4.0610 0.8248
-34.4113 -30.0642 3.8682 0.8324
-31.5496 -34.2071 3.9393 0.8296
-30.4113 -38.1346 4.1290 0.8222
-2.5011 -25.2488 2.1478 0.9032
3.0849 -16.1715 1.3936 0.9360
10.5322 -34.5109 3.0545 0.8652
13.3775 -34.6944 3.1477 0.8613
18.1145 -35.1606 3.3482 0.8532
21.7128 -35.6112 3.5307 0.8458
12.4241 -18.8217 1.9091 0.9134
27.9095 -36.3161 3.8772 0.8321
30.3192 -36.6495 4.0265 0.8262
31.7927 -21.3983 3.2442 0.8574
44.7244 10.6313 3.8915 0.8315
40.5490 11.1908 3.5609 0.8446
32.4874 12.8627 2.9579 0.8691
25.8016 12.4254 2.4242 0.8914
21.6668 11.4098 2.0729 0.9064
20.1780 12.5527 2.0117 0.9090
19.8187 13.3391 2.0223 0.9086
26.2963 19.1054 2.7516 0.8777
6.3558 5.3548 0.7035 0.9672
14.5628 13.1915 1.6634 0.9242
14.2150 13.8373 1.6793 0.9235
19.1933 20.0746 2.3511 0.8945
11.1371 19.8345 1.9256 0.9127
10.2629 19.9206 1.8970 0.9140
3.7398 14.0409 1.2300 0.9433
3.2993 21.4539 1.8375 0.9166
2.5238 21.5302 1.8351 0.9167
0.1311 14.6081 1.2367 0.9430
-0.3951 14.6705 1.2423 0.9428
-0.9082 14.4347 1.2244 0.9436
-2.0089 14.8303 1.2669 0.9417
-2.5615 14.8736 1.2776 0.9412
-6.1519 21.5353 1.8959 0.9140
-5.1682 15.9060 1.4158 0.9351
-5.5370 15.1657 1.3667 0.9372
-6.1942 15.2436 1.3929 0.9361
-6.7358 15.0078 1.3925 0.9361
-7.4276 15.0758 1.4227 0.9348
-13.1219 22.4169 2.1989 0.9010
-14.5540 22.9334 2.2993 0.8967
-10.8929 15.8747 1.6298 0.9256
-12.4135 15.5660 1.6854 0.9232
-21.8656 23.7074 2.7302 0.8786
-16.4812 16.6298 1.9820 0.9103
-17.3009 16.2466 2.0091 0.9091
-29.3164 23.8127 3.1973 0.8593
-22.1593 16.7156 2.3497 0.8946
-23.9656 15.5125 2.4167 0.8917
-12.9492 7.1189 1.2509 0.9424
-35.3621 17.8184 3.3520 0.8530
-40.6082 18.6654 3.7834 0.8358
-37.2367 -30.2460 4.0610 0.8248
-33.6405 -31.5906 3.9066 0.8309
-34.6596 -34.9722 4.1681 0.8207
-30.1129 -35.0979 3.9148 0.8306
-2.5011 -25.2488 2.1478 0.9032
2.5131 -16.3412 1.3996 0.9358
3.0849 -16.1715 1.3936 0.9360
10.5323 -34.5109 3.0545 0.8652
13.3776 -34.6944 3.1477 0.8613
14.9359 -34.9442 3.2170 0.8585
18.1145 -35.1606 3.3482 0.8532
19.8954 -35.4323 3.4399 0.8495
12.4241 -18.8217 1.9091 0.9134
25.5473 -35.8348 3.7255 0.8381
30.3192 -36.6496 4.0265 0.8262
31.7927 -21.3983 3.2442 0.8574
30.8342 2.7752 2.6207 0.8831
44.7243 10.6313 3.8915 0.8315
40.5490 11.1908 3.5609 0.8446
32.4874 12.8627 2.9579 0.8691
26.7388 11.7137 2.4712 0.8894
19.8187 13.3391 2.0223 0.9086
6.6091 5.1742 0.7105 0.9669
6.3558 5.3548 0.7035 0.9672
14.5628 13.1915 1.6634 0.9242
19.1933 20.0746 2.3511 0.8945
10.2496 13.3369 1.4239 0.9347
8.4546 13.8664 1.3748 0.9369
10.2629 19.9206 1.8970 0.9140
5.9957 14.0276 1.2914 0.9406
4.7852 13.8746 1.2424 0.9428
4.2504 13.9273 1.2327 0.9432
3.7398 14.0410 1.2300 0.9433
2.8492 14.9362 1.2872 0.9408
3.2993 21.4539 1.8375 0.9166
1.7493 21.6064 1.8350 0.9167
0.1311 14.6081 1.2367 0.9430
-0.3952 14.6705 1.2423 0.9428
-1.4350 14.4865 1.2323 0.9432
-2.0089 14.8303 1.2669 0.9417
-2.5615 14.8736 1.2776 0.9412
-4.5699 21.8203 1.8872 0.9144
-5.3758 21.7460 1.8963 0.9140
-5.1682 15.9060 1.4158 0.9351
-5.5370 15.1657 1.3667 0.9372
-6.7358 15.0078 1.3925 0.9361
-7.4276 15.0758 1.4227 0.9348
-8.3076 15.4380 1.4841 0.9320
-11.6828 15.7801 1.6621 0.9242
-21.8656 23.7074 2.7302 0.8786
-16.4812 16.6298 1.9820 0.9103
-17.3009 16.2466 2.0091 0.9091
-18.5018 16.1645 2.0798 0.9061
-29.3164 23.8127 3.1973 0.8593
-22.1593 16.7155 2.3497 0.8946
-23.8633 16.6915 2.4652 0.8897
-23.9656 15.5125 2.4167 0.8917
-12.9492 7.1189 1.2509 0.9424
-35.3622 17.8185 3.3521 0.8530
-40.6082 18.6654 3.7834 0.8358
-27.1948 -14.9505 2.6271 0.8829
-34.4112 -30.0642 3.8682 0.8324
-34.6596 -34.9722 4.1681 0.8207
-31.5496 -34.2072 3.9393 0.8296
-30.1129 -35.0979 3.9148 0.8306
-30.4113 -38.1346 4.1290 0.8222
8.2315 -36.0645 3.1315 0.8620
9.1294 -34.2764 3.0027 0.8673
10.5323 -34.5109 3.0545 0.8652
14.9359 -34.9442 3.2170 0.8585
18.1145 -35.1606 3.3482 0.8532
19.8954 -35.4323 3.4399 0.8495
21.7128 -35.6112 3.5307 0.8458
27.9096 -36.3161 3.8772 0.8321
37.8816 11.9337 3.3621 0.8526
32.4874 12.8627 2.9579 0.8691
25.8016 12.4254 2.4242 0.8914
21.6668 11.4098 2.0729 0.9064
21.3542 12.2438 2.0838 0.9059
6.3558 5.3548 0.7035 0.9672
19.1933 20.0746 2.3511 0.8945
17.1213 19.2456 2.1806 0.9018
10.2584 12.4003 1.3624 0.9374
9.5567 13.4051 1.3936 0.9360
9.0666 13.7353 1.3932 0.9361
8.4546 13.8664 1.3748 0.9369
9.5392 20.2719 1.8966 0.9140
5.4344 14.0941 1.2787 0.9412
4.2504 13.9273 1.2327 0.9432
3.2993 21.4539 1.8375 0.9166
2.5238 21.5302 1.8351 0.9167
1.7493 21.6064 1.8350 0.9167
0.9481 21.1108 1.7889 0.9187
-0.3952 14.6705 1.2423 0.9428
-1.4350 14.4865 1.2323 0.9432
-2.0089 14.8303 1.2669 0.9417
-2.5615 14.8736 1.2776 0.9412
-4.5699 21.8203 1.8872 0.9144
-6.1942 15.2436 1.3929 0.9361
-7.4276 15.0758 1.4227 0.9348
-8.3076 15.4380 1.4841 0.9320
-14.5540 22.9334 2.2993 0.8967
-10.8929 15.8747 1.6298 0.9256
-11.6828 15.7801 1.6621 0.9242
-21.8656 23.7073 2.7302 0.8786
-16.4812 16.6298 1.9820 0.9103
-17.3009 16.2466 2.0091 0.9091
-22.1593 16.7156 2.3497 0.8946
-28.9609 17.3032 2.8559 0.8733
-12.9492 7.1189 1.2509 0.9424
-35.3622 17.8185 3.3521 0.8530
-40.6082 18.6654 3.7834 0.8358
-33.6405 -31.5906 3.9066 0.8309
-34.6596 -34.9722 4.1681 0.8207
-7.6047 -16.9438 1.5722 0.9282
9.1294 -34.2764 3.0027 0.8673
10.5322 -34.5109 3.0545 0.8652
14.9360 -34.9442 3.2170 0.8585
18.1145 -35.1606 3.3482 0.8532
12.4241 -18.8217 1.9091 0.9134
25.5474 -35.8348 3.7255 0.8381
32.8238 -36.8961 4.1804 0.8202
31.7927 -21.3982 3.2442 0.8574
30.8342 2.7752 2.6207 0.8831
32.3409 11.4798 2.9051 0.8713
32.4874 12.8627 2.9579 0.8691
26.7388 11.7137 2.4712 0.8894
21.6668 11.4098 2.0729 0.9064
21.3542 12.2438 2.0838 0.9059
20.1780 12.5527 2.0117 0.9090
6.3558 5.3548 0.7035 0.9672
17.1213 19.2456 2.1806 0.9018
10.2584 12.4003 1.3624 0.9374
8.4546 13.8664 1.3748 0.9369
11.1371 19.8345 1.9256 0.9127
9.5392 20.2719 1.8966 0.9140
5.9957 14.0276 1.2914 0.9406
5.4344 14.0941 1.2787 0.9412
4.7851 13.8746 1.2424 0.9428
4.2504 13.9273 1.2327 0.9432
3.2646 14.3034 1.2420 0.9428
2.8493 14.9365 1.2872 0.9408
3.2993 21.4539 1.8375 0.9166
2.5238 21.5302 1.8351 0.9167
-0.9082 14.4347 1.2244 0.9436
-5.1682 15.9059 1.4158 0.9351
-6.7358 15.0078 1.3925 0.9361
-8.3076 15.4380 1.4841 0.9320
-10.8929 15.8747 1.6298 0.9256
-11.6828 15.7801 1.6621 0.9242
-21.8656 23.7073 2.7302 0.8786
-18.5018 16.1645 2.0798 0.9061
-29.3164 23.8127 3.1973 0.8593
-22.1593 16.7155 2.3497 0.8946
-23.9656 15.5124 2.4167 0.8917
-28.9609 17.3032 2.8559 0.8733
-12.9492 7.1189 1.2509 0.9424
-27.1989 -14.9527 1.9247 0.8830
-34.4101 -30.0632 2.8335 0.8327
-33.6410 -31.5910 2.8617 0.8311
-34.6729 -34.9856 3.0544 0.8209
-31.5491 -34.2066 2.8856 0.8299
-7.5909 -16.9131 1.1496 0.9284
-3.4819 -25.7042 1.6085 0.9013
0.3220 -35.8686 2.2243 0.8661
7.1346 -46.3922 2.9106 0.8285
3.0587 -16.0341 1.0122 0.9367
9.1292 -34.2755 2.1995 0.8675
10.5463 -34.5571 2.2405 0.8652
12.0389 -34.9069 2.2897 0.8624
13.3772 -34.6935 2.3057 0.8616
15.0464 -35.2028 2.3740 0.8578
30.0942 -36.3776 2.9276 0.8276
31.8186 -21.4157 2.3784 0.8575
30.8107 2.7730 1.9183 0.8834
45.8391 10.8963 2.9217 0.8279
32.0791 11.3868 2.1108 0.8725
25.5136 12.2867 1.7560 0.8927
21.6678 11.4104 1.5185 0.9065
20.2989 12.6280 1.4824 0.9086
19.9032 13.3960 1.4877 0.9083
26.0930 18.9577 2.0000 0.8787
6.6014 5.1682 0.5199 0.9670
14.5619 13.1907 1.2184 0.9243
14.2154 13.8376 1.2302 0.9236
17.3559 19.5092 1.6192 0.9006
11.1898 13.5261 1.0886 0.9321
9.0661 13.7346 1.0205 0.9362
8.4549 13.8670 1.0071 0.9370
10.2632 19.9211 1.3896 0.9141
5.9954 14.0270 0.9459 0.9407
5.4342 14.0935 0.9367 0.9413
4.2505 13.9276 0.9030 0.9433
3.7392 14.0390 0.9009 0.9434
2.8502 14.9412 0.9432 0.9409
3.2994 21.4544 1.3460 0.9167
2.5538 21.7860 1.3602 0.9158
1.7700 21.8631 1.3602 0.9158
0.9480 21.1098 1.3103 0.9188
-2.5614 14.8730 0.9359 0.9413
-4.5709 21.8255 1.3828 0.9145
-5.3756 21.7449 1.3890 0.9141
-6.1521 21.5359 1.3889 0.9141
-5.1689 15.9082 1.0372 0.9352
-5.5367 15.1649 1.0011 0.9373
-13.1740 22.5059 1.6171 0.9008
-10.8940 15.8763 1.1940 0.9257
-12.4139 15.5666 1.2346 0.9233
-13.7055 15.9743 1.3052 0.9191
-16.5617 16.7110 1.4589 0.9100
-17.4039 16.3433 1.4805 0.9088
-18.5026 16.1652 1.5236 0.9062
-22.1509 17.9924 1.7696 0.8919
-23.8645 16.6924 1.8059 0.8898
-23.9682 15.5142 1.7705 0.8919
-12.9349 7.1110 0.9153 0.9426
-35.3645 17.8196 2.4556 0.8532
-27.1989 -14.9527 1.9247 0.8830
-37.2379 -30.2470 2.9749 0.8251
-34.4101 -30.0632 2.8335 0.8327
-33.6410 -31.5910 2.8617 0.8311
-7.5909 -16.9131 1.1496 0.9284
1.9787 -16.8802 1.0539 0.9342
7.1346 -46.3922 2.9106 0.8285
3.0587 -16.0341 1.0122 0.9367
4.1051 -17.9853 1.1440 0.9287
9.1292 -34.2755 2.1995 0.8675
10.5463 -34.5571 2.2405 0.8652
15.0464 -35.2028 2.3740 0.8578
16.6390 -35.3595 2.4233 0.8550
18.1140 -35.1596 2.4526 0.8534
20.0425 -35.6945 2.5385 0.8487
12.4064 -18.7949 1.3965 0.9137
30.0942 -36.3776 2.9276 0.8276
32.5801 -36.6222 3.0396 0.8216
30.8107 2.7730 1.9183 0.8834
45.8391 10.8963 2.9217 0.8279
32.0790 11.3868 2.1108 0.8725
21.6678 11.4104 1.5185 0.9065
14.5619 13.1907 1.2184 0.9243
14.2154 13.8376 1.2302 0.9236
19.0324 19.9064 1.7078 0.8955
17.3559 19.5092 1.6192 0.9006
10.2499 13.3373 1.0431 0.9348
9.5570 13.4055 1.0209 0.9361
11.1374 19.8351 1.4106 0.9129
9.5388 20.2709 1.3892 0.9141
5.9954 14.0270 0.9459 0.9407
4.7853 13.8750 0.9101 0.9429
3.2645 14.3027 0.9097 0.9429
2.8502 14.9412 0.9432 0.9409
0.9480 21.1098 1.3103 0.9188
0.1311 14.6075 0.9059 0.9431
-0.9082 14.4351 0.8969 0.9437
-1.4350 14.4869 0.9027 0.9433
-5.3756 21.7449 1.3890 0.9141
-5.1689 15.9081 1.0372 0.9352
-7.4278 15.0763 1.0422 0.9349
-13.1740 22.5059 1.6171 0.9008
-10.8940 15.8763 1.1940 0.9257
-11.6821 15.7792 1.2174 0.9243
-12.4139 15.5666 1.2346 0.9233
-13.7055 15.9743 1.3052 0.9191
-21.5920 23.4108 1.9749 0.8802
-22.1509 17.9924 1.7696 0.8919
-23.9682 15.5142 1.7705 0.8919
-28.9616 17.3037 2.0920 0.8735
-12.9349 7.1110 0.9153 0.9426
-35.3646 17.8197 2.4556 0.8532
-27.1989 -14.9527 1.9247 0.8830
-34.6729 -34.9856 3.0544 0.8209
-31.5491 -34.2066 2.8856 0.8299
-30.4126 -38.1362 3.0247 0.8224
-7.5909 -16.9131 1.1496 0.9284
-2.5061 -25.2991 1.5765 0.9031
1.9787 -16.8802 1.0539 0.9342
3.0587 -16.0341 1.0122 0.9367
9.1292 -34.2755 2.1995 0.8675
12.0389 -34.9069 2.2897 0.8624
13.3772 -34.6935 2.3057 0.8616
15.0464 -35.2028 2.3740 0.8578
16.6390 -35.3596 2.4233 0.8550
20.0426 -35.6945 2.5385 0.8487
12.4064 -18.7949 1.3965 0.9137
25.5465 -35.8337 2.7289 0.8383
30.0942 -36.3776 2.9276 0.8276
45.8391 10.8963 2.9217 0.8279
31.4964 12.4703 2.1006 0.8731
25.5136 12.2868 1.7560 0.8927
6.6014 5.1682 0.5199 0.9670
6.3523 5.3518 0.5151 0.9673
19.0324 19.9064 1.7078 0.8955
17.3559 19.5092 1.6192 0.9006
11.1898 13.5261 1.0886 0.9321
10.2499 13.3373 1.0431 0.9348
10.2631 19.9211 1.3896 0.9141
9.5388 20.2709 1.3892 0.9141
5.4342 14.0935 0.9367 0.9413
4.2505 13.9276 0.9030 0.9433
3.2645 14.3027 0.9097 0.9429
2.8502 14.9415 0.9432 0.9409
2.5537 21.7860 1.3602 0.9158
1.7700 21.8631 1.3602 0.9158
0.1311 14.6075 0.9059 0.9431
-0.9082 14.4351 0.8969 0.9437
-2.0088 14.8297 0.9280 0.9418
-4.5709 21.8255 1.3828 0.9145
-6.1521 21.5359 1.3889 0.9141
-5.1689 15.9081 1.0372 0.9352
-5.5367 15.1649 1.0011 0.9373
-6.7360 15.0082 1.0201 0.9362
-13.1740 22.5059 1.6171 0.9008
-14.7415 23.2288 1.7060 0.8956
-10.8940 15.8763 1.1940 0.9257
-11.6821 15.7792 1.2174 0.9243
-12.4139 15.5666 1.2347 0.9233
-16.5617 16.7110 1.4589 0.9100
-17.4039 16.3433 1.4805 0.9088
-22.1509 17.9924 1.7696 0.8919
-23.9682 15.5141 1.7705 0.8919
-40.5287 18.6289 2.7660 0.8363
-27.1989 -14.9527 1.9247 0.8830
-37.2379 -30.2472 2.9749 0.8251
-34.4100 -30.0632 2.8334 0.8327
-33.6410 -31.5911 2.8617 0.8311
-34.6729 -34.9856 3.0544 0.8209
-30.1140 -35.0993 2.8678 0.8308
-3.4818 -25.7042 1.6085 0.9013
0.3220 -35.8686 2.2243 0.8661
1.9787 -16.8802 1.0539 0.9342
7.1346 -46.3922 2.9106 0.8285
4.1051 -17.9853 1.1440 0.9287
13.3772 -34.6935 2.3057 0.8616
15.0465 -35.2028 2.3740 0.8578
18.1140 -35.1596 2.4526 0.8534
21.7122 -35.6101 2.5863 0.8461
12.4064 -18.7949 1.3965 0.9137
25.5465 -35.8337 2.7289 0.8383
45.8391 10.8963 2.9217 0.8279
20.2989 12.6280 1.4824 0.9086
19.9032 13.3960 1.4877 0.9083
26.0930 18.9578 2.0000 0.8787
6.6014 5.1682 0.5199 0.9670
6.3523 5.3518 0.5151 0.9673
14.2154 13.8377 1.2302 0.9236
19.0324 19.9064 1.7078 0.8955
11.1898 13.5261 1.0886 0.9321
9.5569 13.4055 1.0209 0.9361
11.1374 19.8351 1.4106 0.9129
9.5388 20.2709 1.3892 0.9141
5.9954 14.0270 0.9459 0.9407
5.4342 14.0935 0.9367 0.9413
3.2645 14.3027 0.9097 0.9429
1.7700 21.8631 1.3602 0.9158
0.9480 21.1098 1.3103 0.9188
-2.0088 14.8297 0.9280 0.9418
-2.5614 14.8730 0.9359 0.9413
-4.5709 21.8255 1.3828 0.9145
-5.1689 15.9081 1.0372 0.9352
-6.1939 15.2428 1.0203 0.9362
-6.7360 15.0082 1.0201 0.9362
-7.4278 15.0763 1.0422 0.9349
-8.3071 15.4372 1.0871 0.9322
-13.1740 22.5059 1.6171 0.9008
-14.7414 23.2288 1.7060 0.8956
-11.6821 15.7792 1.2174 0.9243
-22.2812 16.8074 1.7307 0.8942
-23.8646 16.6924 1.8059 0.8898
-23.9682 15.5141 1.7705 0.8919
-12.9349 7.1110 0.9153 0.9426
-35.3646 17.8197 2.4556 0.8532
-42.3521 -21.3406 1.8700 0.8271
-27.2029 -14.9549 1.2240 0.8831
-37.2391 -30.2480 1.8917 0.8253
-34.4089 -30.0622 1.8017 0.8328
-30.1152 -35.1006 1.8237 0.8310
-7.5772 -16.8826 0.7297 0.9286
2.9661 -19.2872 0.7695 0.9249
3.6404 -19.0837 0.7661 0.9252
4.2798 -18.7510 0.7584 0.9259
8.1997 -26.8678 1.1077 0.8936
12.0386 -34.9060 1.4559 0.8626
13.3768 -34.6926 1.4661 0.8617
16.6385 -35.3585 1.5409 0.8552
20.0419 -35.6934 1.6141 0.8489
12.3888 -18.7683 0.8867 0.9139
37.2606 -29.1711 1.8659 0.8274
31.9209 -21.4846 1.5172 0.8572
30.7873 2.7709 1.2189 0.8836
31.5820 12.5042 1.3394 0.8729
25.5141 12.2869 1.1166 0.8928
21.3560 12.2448 0.9707 0.9062
26.1880 19.0267 1.2764 0.8785
14.5610 13.1899 0.7747 0.9244
17.3550 19.5082 1.0296 0.9008
10.2502 13.3377 0.6633 0.9349
9.5572 13.4058 0.6492 0.9362
9.0657 13.7340 0.6489 0.9362
8.4553 13.8676 0.6404 0.9371
9.5383 20.2700 0.8833 0.9142
4.2506 13.9279 0.5742 0.9434
3.7387 14.0370 0.5728 0.9435
3.2995 21.4550 0.8559 0.9168
2.5538 21.7865 0.8649 0.9159
0.9480 21.1089 0.8332 0.9189
0.1311 14.6068 0.5760 0.9432
-0.3951 14.6692 0.5786 0.9429
-0.9082 14.4354 0.5703 0.9437
-2.0087 14.8290 0.5901 0.9419
-2.5613 14.8723 0.5951 0.9414
-5.3753 21.7439 0.8832 0.9142
-6.1522 21.5364 0.8832 0.9142
-5.1696 15.9103 0.6596 0.9352
-5.5364 15.1641 0.6365 0.9374
-6.1936 15.2420 0.6487 0.9363
-8.3067 15.4364 0.6912 0.9322
-13.1733 22.5047 1.0282 0.9009
-14.9167 23.5049 1.0977 0.8945
-11.6814 15.7782 0.7741 0.9244
-13.7046 15.9733 0.8299 0.9192
-21.6192 23.4402 1.2574 0.8802
-22.1526 17.9938 1.1253 0.8920
-23.8656 16.6932 1.1484 0.8900
-27.9066 18.0635 1.3108 0.8754
-42.3521 -21.3406 1.8700 0.8271
-27.2029 -14.9549 1.2240 0.8831
-37.2391 -30.2480 1.8917 0.8253
-33.6415 -31.5915 1.8197 0.8313
-30.1152 -35.1006 1.8237 0.8310
-7.5772 -16.8826 0.7297 0.9286
-3.4819 -25.7045 1.0228 0.9014
1.6274 -36.2370 1.4303 0.8648
1.3686 -16.9051 0.6688 0.9344
2.9661 -19.2871 0.7695 0.9249
4.2798 -18.7510 0.7584 0.9259
8.1997 -26.8678 1.1077 0.8936
15.0460 -35.2019 1.5095 0.8579
18.1135 -35.1586 1.5595 0.8536
20.0419 -35.6934 1.6141 0.8489
25.5456 -35.8325 1.7352 0.8385
27.9077 -36.3137 1.8059 0.8325
36.3597 11.4542 1.5032 0.8585
32.2737 11.4559 1.3504 0.8719
20.2974 12.6270 0.9426 0.9087
26.1880 19.0268 1.2764 0.8785
6.3498 5.3497 0.3274 0.9673
11.1892 13.5254 0.6922 0.9321
10.2502 13.3377 0.6633 0.9349
9.5572 13.4058 0.6492 0.9362
11.1377 19.8356 0.8970 0.9130
10.2634 19.9216 0.8836 0.9142
4.7854 13.8753 0.5787 0.9429
4.2506 13.9279 0.5742 0.9434
3.7387 14.0371 0.5728 0.9435
3.2644 14.3021 0.5784 0.9430
3.2995 21.4550 0.8559 0.9168
2.5538 21.7865 0.8649 0.9159
0.9480 21.1089 0.8332 0.9189
-0.3951 14.6692 0.5786 0.9429
-1.4351 14.4873 0.5740 0.9434
-6.1522 21.5364 0.8832 0.9142
-5.1696 15.9103 0.6596 0.9352
-5.5364 15.1641 0.6365 0.9374
-6.1936 15.2420 0.6487 0.9363
-13.1733 22.5047 1.0282 0.9009
-14.9167 23.5049 1.0977 0.8945
-10.8951 15.8779 0.7593 0.9258
-11.6814 15.7782 0.7741 0.9244
-12.4144 15.5671 0.7851 0.9234
-13.7046 15.9733 0.8299 0.9192
-21.6192 23.4402 1.2574 0.8802
-16.5630 16.7123 0.9278 0.9101
-17.4026 16.3421 0.9413 0.9089
-22.2791 16.8059 1.1004 0.8943
-27.9066 18.0635 1.3108 0.8754
-12.9207 7.1032 0.5814 0.9427
-42.3520 -21.3406 1.8700 0.8271
-27.2029 -14.9550 1.2240 0.8831
-33.6415 -31.5916 1.8197 0.8313
-30.1152 -35.1006 1.8237 0.8310
-30.4139 -38.1378 1.9235 0.8226
-23.5831 -43.8249 1.9624 0.8194
-7.5772 -16.8826 0.7297 0.9286
-3.4819 -25.7045 1.0228 0.9014
-2.5062 -25.3008 1.0025 0.9032
1.6274 -36.2370 1.4303 0.8648
2.9661 -19.2871 0.7694 0.9249
3.6404 -19.0837 0.7661 0.9252
4.2798 -18.7510 0.7584 0.9259
9.1289 -34.2746 1.3986 0.8676
8.1997 -26.8678 1.1077 0.8936
12.0386 -34.9060 1.4559 0.8626
13.3768 -34.6926 1.4661 0.8617
15.0460 -35.2019 1.5095 0.8579
21.8728 -35.8736 1.6567 0.8452
12.3888 -18.7683 0.8867 0.9139
25.5457 -35.8325 1.7352 0.8385
30.3171 -36.6470 1.8754 0.8266
37.2608 -29.1712 1.8659 0.8274
31.9203 -21.4842 1.5172 0.8572
30.7873 2.7709 1.2189 0.8836
40.1579 11.0829 1.6427 0.8464
36.3596 11.4542 1.5032 0.8585
26.7415 11.7148 1.1512 0.8897
25.5141 12.2870 1.1166 0.8928
32.4728 17.1003 1.4471 0.8634
20.2974 12.6270 0.9426 0.9087
19.9036 13.3963 0.9460 0.9084
26.1880 19.0268 1.2764 0.8785
6.5937 5.1622 0.3302 0.9670
6.3498 5.3497 0.3274 0.9673
14.5610 13.1899 0.7747 0.9244
17.3550 19.5082 1.0296 0.9008
11.1892 13.5254 0.6922 0.9321
10.2502 13.3377 0.6633 0.9349
9.5572 13.4058 0.6492 0.9362
8.4553 13.8676 0.6404 0.9371
10.2634 19.9216 0.8836 0.9142
3.2644 14.3021 0.5784 0.9430
2.8512 14.9466 0.6000 0.9409
0.1311 14.6068 0.5760 0.9432
-0.3951 14.6692 0.5786 0.9429
-2.0087 14.8290 0.5901 0.9419
-6.1523 21.5364 0.8832 0.9142
-5.5364 15.1641 0.6365 0.9374
-7.4280 15.0767 0.6627 0.9349
-8.3067 15.4364 0.6912 0.9322
-14.9167 23.5049 1.0977 0.8945
-10.8951 15.8779 0.7593 0.9258
-12.4144 15.5671 0.7851 0.9234
-21.6192 23.4401 1.2574 0.8802
-18.5033 16.1659 0.9689 0.9063
-27.9066 18.0634 1.3108 0.8754
-12.9727 7.7508 0.5959 0.9413
-12.9207 7.1032 0.5814 0.9427
-42.3520 -21.3406 1.8700 0.8271
-27.2029 -14.9550 1.2240 0.8831
-37.2391 -30.2481 1.8917 0.8253
-34.4088 -30.0622 1.8017 0.8328
-22.1193 -22.3188 1.2390 0.8818
-31.5486 -34.2061 1.8349 0.8300
-30.1152 -35.1006 1.8237 0.8310
-23.5831 -43.8249 1.9624 0.8194
-7.5772 -16.8826 0.7297 0.9286
-3.4819 -25.7045 1.0228 0.9014
1.6275 -36.2370 1.4303 0.8648
2.9661 -19.2871 0.7694 0.9249
9.1289 -34.2746 1.3986 0.8676
12.0386 -34.9060 1.4559 0.8626
18.1135 -35.1586 1.5595 0.8536
12.3888 -18.7683 0.8867 0.9139
37.2606 -29.1711 1.8659 0.8274
40.1580 11.0829 1.6427 0.8464
32.2736 11.4559 1.3504 0.8719
31.5820 12.5043 1.3394 0.8729
26.7414 11.7149 1.1512 0.8897
21.3559 12.2448 0.9707 0.9062
20.2974 12.6270 0.9426 0.9087
26.1880 19.0268 1.2764 0.8785
14.5610 13.1899 0.7747 0.9244
19.2586 20.1430 1.0989 0.8944
11.1892 13.5254 0.6922 0.9321
10.2634 19.9216 0.8836 0.9142
9.5383 20.2700 0.8833 0.9142
5.9951 14.0263 0.6015 0.9408
4.7854 13.8753 0.5787 0.9429
4.2506 13.9279 0.5742 0.9434
3.7387 14.0371 0.5728 0.9435
3.2995 21.4550 0.8559 0.9168
2.5538 21.7865 0.8649 0.9159
0.1311 14.6068 0.5760 0.9432
-2.0087 14.8290 0.5901 0.9419
-4.5720 21.8306 0.8795 0.9146
-6.1523 21.5364 0.8832 0.9142
-5.5365 15.1642 0.6365 0.9374
-7.4280 15.0767 0.6627 0.9349
-13.1733 22.5047 1.0282 0.9009
-14.9167 23.5049 1.0977 0.8945
-12.4144 15.5671 0.7851 0.9234
-13.7047 15.9733 0.8299 0.9192
-16.5630 16.7123 0.9278 0.9101
-18.5033 16.1659 0.9689 0.9063
-22.1526 17.9938 1.1253 0.8920
-22.2792 16.8059 1.1004 0.8943
-27.9066 18.0634 1.3108 0.8754
-42.3511 -21.3401 0.8012 0.8272
-37.2403 -30.2490 0.8104 0.8254
-34.4078 -30.0612 0.7718 0.8329
-33.6421 -31.5920 0.7796 0.8314
-7.5636 -16.8523 0.3120 0.9288
-2.5064 -25.3023 0.4295 0.9033
1.3686 -16.9044 0.2865 0.9344
2.0438 -17.4355 0.2965 0.9322
2.6207 -17.0408 0.2912 0.9334
3.3760 -17.6977 0.3043 0.9305
7.4495 -32.6382 0.5655 0.8747
15.0456 -35.2009 0.6466 0.8580
16.6380 -35.3575 0.6601 0.8553
18.1129 -35.1576 0.6681 0.8537
20.0413 -35.6924 0.6915 0.8489
37.2584 -29.1694 0.7987 0.8275
44.7343 10.6337 0.7767 0.8320
36.3619 11.4549 0.6440 0.8585
31.5826 12.5044 0.5738 0.8729
26.7428 11.7154 0.4932 0.8898
25.5145 12.2872 0.4784 0.8929
32.4719 17.0998 0.6199 0.8635
26.1885 19.0271 0.5468 0.8785
6.3473 5.3476 0.1402 0.9673
19.2592 20.1436 0.4708 0.8945
9.5575 13.4062 0.2781 0.9363
8.4557 13.8682 0.2744 0.9371
11.1380 19.8361 0.3843 0.9130
10.2637 19.9221 0.3786 0.9142
9.5379 20.2691 0.3784 0.9143
5.4337 14.0922 0.2551 0.9414
4.7855 13.8757 0.2479 0.9430
3.2996 21.4555 0.3667 0.9168
1.7701 21.8642 0.3705 0.9160
0.1311 14.6061 0.2467 0.9432
-2.0086 14.8284 0.2528 0.9419
-2.5612 14.8716 0.2549 0.9414
-5.3751 21.7429 0.3783 0.9143
-5.1703 15.9125 0.2826 0.9353
-5.5361 15.1634 0.2727 0.9375
-6.7363 15.0091 0.2779 0.9363
-10.8962 15.8795 0.3253 0.9258
-11.6806 15.7773 0.3316 0.9245
-12.4148 15.5676 0.3363 0.9234
-13.7038 15.9724 0.3555 0.9193
-16.5643 16.7137 0.3975 0.9102
-17.4013 16.3409 0.4032 0.9089
-18.5041 16.1665 0.4151 0.9064
-22.1542 17.9951 0.4821 0.8921
-22.2771 16.8044 0.4714 0.8944
-23.8668 16.6940 0.4920 0.8900
-12.9066 7.0954 0.2488 0.9428
-35.3693 17.8220 0.6690 0.8535
-27.2069 -14.9571 0.5244 0.8832
-37.2403 -30.2490 0.8104 0.8254
-33.6420 -31.5920 0.7796 0.8314
-30.1164 -35.1021 0.7813 0.8311
-30.4151 -38.1394 0.8240 0.8227
-7.5636 -16.8523 0.3120 0.9288
2.0438 -17.4355 0.2965 0.9322
3.3760 -17.6977 0.3043 0.9305
7.4495 -32.6383 0.5655 0.8747
12.0383 -34.9050 0.6237 0.8627
13.3765 -34.6916 0.6281 0.8618
16.6380 -35.3575 0.6601 0.8553
18.1129 -35.1576 0.6681 0.8537
20.0414 -35.6924 0.6915 0.8489
21.8721 -35.8725 0.7097 0.8453
12.3714 -18.7418 0.3793 0.9141
27.9067 -36.3125 0.7736 0.8326
40.1607 11.0837 0.7038 0.8465
36.3619 11.4549 0.6440 0.8585
32.2703 11.4547 0.5784 0.8720
31.5826 12.5044 0.5738 0.8729
25.5145 12.2872 0.4784 0.8929
32.4719 17.0998 0.6199 0.8635
20.2960 12.6261 0.4038 0.9088
19.9040 13.3965 0.4053 0.9085
6.5861 5.1562 0.1413 0.9671
6.3473 5.3476 0.1402 0.9673
14.5602 13.1891 0.3319 0.9244
19.2592 20.1436 0.4708 0.8945
11.1886 13.5247 0.2965 0.9322
9.0652 13.7333 0.2780 0.9363
11.1380 19.8361 0.3843 0.9130
5.9949 14.0257 0.2577 0.9408
4.7855 13.8757 0.2479 0.9430
4.2507 13.9283 0.2460 0.9434
3.2642 14.3015 0.2478 0.9430
3.2996 21.4555 0.3667 0.9168
2.5539 21.7871 0.3705 0.9160
1.7701 21.8642 0.3705 0.9160
0.9480 21.1079 0.3569 0.9189
-0.9082 14.4358 0.2443 0.9438
-1.4351 14.4876 0.2459 0.9434
-4.5731 21.8359 0.3768 0.9146
-6.1524 21.5370 0.3783 0.9143
-5.1703 15.9125 0.2826 0.9353
-8.3063 15.4356 0.2961 0.9323
-14.9171 23.5056 0.4703 0.8946
-12.4148 15.5676 0.3363 0.9234
-17.4013 16.3409 0.4032 0.9089
-18.5041 16.1665 0.4150 0.9064
-22.2772 16.8044 0.4714 0.8944
-27.9085 18.0647 0.5616 0.8755
-12.9066 7.0954 0.2488 0.9428
-35.3693 17.8220 0.6690 0.8535
-40.4888 18.6105 0.7527 0.8367
-31.5481 -34.2055 0.7860 0.8301
-30.1164 -35.1021 0.7813 0.8311
-30.4151 -38.1394 0.8240 0.8227
-7.5636 -16.8523 0.3120 0.9288
3.3760 -17.6977 0.3043 0.9305
10.5451 -34.5530 0.6102 0.8654
12.0383 -34.9050 0.6237 0.8627
13.3765 -34.6916 0.6281 0.8618
15.0456 -35.2009 0.6466 0.8580
16.6381 -35.3575 0.6601 0.8553
20.0414 -35.6924 0.6915 0.8489
21.8721 -35.8725 0.7097 0.8453
12.3714 -18.7418 0.3793 0.9141
27.9067 -36.3124 0.7736 0.8326
30.3160 -36.6457 0.8034 0.8267
32.8202 -36.8921 0.8341 0.8207
37.2586 -29.1694 0.7987 0.8275
32.0229 -21.5532 0.6526 0.8569
32.2703 11.4547 0.5784 0.8720
31.5826 12.5044 0.5738 0.8729
26.7428 11.7154 0.4932 0.8898
25.5145 12.2872 0.4784 0.8929
20.2960 12.6261 0.4038 0.9088
26.1885 19.0271 0.5468 0.8785
14.5601 13.1891 0.3319 0.9244
11.1886 13.5247 0.2965 0.9322
9.5575 13.4062 0.2781 0.9363
9.0652 13.7333 0.2780 0.9363
11.1380 19.8361 0.3843 0.9130
9.5379 20.2691 0.3784 0.9143
5.9949 14.0257 0.2577 0.9408
0.9479 21.1079 0.3569 0.9189
0.1311 14.6061 0.2467 0.9432
-1.4351 14.4876 0.2459 0.9434
-2.0087 14.8283 0.2528 0.9419
-4.5731 21.8359 0.3768 0.9146
-5.1703 15.9125 0.2826 0.9353
-5.5362 15.1634 0.2727 0.9375
-6.1933 15.2413 0.2779 0.9363
-7.4282 15.0771 0.2839 0.9350
-13.1726 22.5035 0.4405 0.9009
-11.6807 15.7773 0.3316 0.9245
-13.7038 15.9724 0.3555 0.9193
-18.5041 16.1665 0.4150 0.9064
-22.1542 17.9951 0.4821 0.8921
-23.8669 16.6940 0.4920 0.8900
-27.9085 18.0646 0.5616 0.8755
-35.3693 17.8220 0.6690 0.8535
-40.4888 18.6105 0.7527 0.8367
-42.3510 -21.3402 0.8012 0.8272
-34.4077 -30.0612 0.7718 0.8329
-33.6420 -31.5921 0.7796 0.8314
-30.1164 -35.1021 0.7813 0.8311
-7.5636 -16.8523 0.3120 0.9288
-2.5064 -25.3024 0.4295 0.9033
1.3686 -16.9044 0.2865 0.9344
2.0438 -17.4355 0.2965 0.9322
2.6207 -17.0408 0.2912 0.9334
3.3760 -17.6977 0.3043 0.9305
9.1287 -34.2737 0.5991 0.8677
15.0456 -35.2009 0.6466 0.8580
18.1130 -35.1576 0.6681 0.8537
20.0414 -35.6924 0.6915 0.8489
21.8721 -35.8725 0.7097 0.8453
27.9068 -36.3124 0.7736 0.8326
40.1607 11.0837 0.7038 0.8465
36.3617 11.4549 0.6440 0.8585
31.5826 12.5045 0.5738 0.8729
25.5145 12.2872 0.4784 0.8929
32.4719 17.0998 0.6199 0.8635
21.3568 12.2453 0.4159 0.9062
6.5860 5.1562 0.1413 0.9671
6.3473 5.3477 0.1402 0.9673
14.5601 13.1891 0.3319 0.9244
17.3540 19.5071 0.4410 0.9008
11.1886 13.5247 0.2965 0.9322
9.5575 13.4062 0.2781 0.9363
10.2637 19.9221 0.3786 0.9142
4.2507 13.9283 0.2460 0.9434
3.2642 14.3015 0.2478 0.9430
2.8521 14.9516 0.2571 0.9409
3.2996 21.4555 0.3667 0.9168
1.7701 21.8642 0.3705 0.9160
0.1311 14.6061 0.2467 0.9432
-0.9083 14.4358 0.2443 0.9438
-1.4351 14.4876 0.2459 0.9434
-2.0087 14.8283 0.2528 0.9419
-2.5612 14.8716 0.2549 0.9414
-5.1703 15.9125 0.2826 0.9353
-5.5362 15.1634 0.2727 0.9375
-6.7364 15.0091 0.2779 0.9363
-10.8962 15.8794 0.3253 0.9258
-13.7038 15.9724 0.3555 0.9193
-21.6210 23.4422 0.5387 0.8802
-17.4013 16.3409 0.4032 0.9089
-22.1542 17.9951 0.4821 0.8921
-22.2772 16.8044 0.4714 0.8944
-23.8669 16.6940 0.4920 0.8900
-27.9085 18.0646 0.5616 0.8755
-12.9406 7.7316 0.2546 0.9415
-12.9066 7.0954 0.2488 0.9428
-35.3693 17.8220 0.6690 0.8535
-40.4888 18.6105 0.7527 0.8367
-37.2415 -30.2499 -0.2702 0.8254
-33.6426 -31.5925 -0.2598 0.8314
-30.4164 -38.1409 -0.2747 0.8227
-7.5500 -16.8221 -0.1038 0.9289
-2.5065 -25.3040 -0.1432 0.9033
2.6139 -16.9967 -0.0968 0.9335
3.3734 -17.6841 -0.1014 0.9305
7.4619 -32.6928 -0.1888 0.8745
12.0379 -34.9041 -0.2079 0.8627
13.3761 -34.6907 -0.2093 0.8618
15.0452 -35.1999 -0.2155 0.8580
20.0407 -35.6913 -0.2305 0.8490
21.8715 -35.8714 -0.2365 0.8453
30.3150 -36.6445 -0.2678 0.8268
32.8190 -36.8908 -0.2780 0.8208
37.2562 -29.1676 -0.2661 0.8276
42.5189 -20.4760 -0.2657 0.8280
32.4710 17.0993 -0.2066 0.8635
26.1890 19.0275 -0.1823 0.8785
6.5784 5.1502 -0.0470 0.9671
6.3448 5.3456 -0.0467 0.9674
11.1880 13.5240 -0.0988 0.9322
9.5578 13.4066 -0.0927 0.9363
8.4560 13.8688 -0.0915 0.9371
11.1383 19.8366 -0.1281 0.9130
9.5374 20.2681 -0.1261 0.9143
5.9946 14.0250 -0.0859 0.9408
5.4334 14.0915 -0.0850 0.9414
4.7856 13.8760 -0.0826 0.9430
3.7377 14.0331 -0.0818 0.9436
3.2641 14.3008 -0.0826 0.9430
2.8531 14.9562 -0.0857 0.9409
3.2997 21.4560 -0.1222 0.9168
2.5539 21.7876 -0.1235 0.9160
1.7702 21.8647 -0.1235 0.9160
0.9479 21.1070 -0.1190 0.9190
0.1311 14.6055 -0.0822 0.9432
-0.3951 14.6678 -0.0826 0.9430
-2.5610 14.8710 -0.0850 0.9414
-4.5743 21.8413 -0.1256 0.9146
-5.3748 21.7419 -0.1261 0.9143
-5.1710 15.9147 -0.0942 0.9353
-5.5359 15.1626 -0.0909 0.9375
-7.4284 15.0776 -0.0946 0.9350
-8.3058 15.4348 -0.0987 0.9323
-14.9176 23.5063 -0.1567 0.8946
-11.6799 15.7763 -0.1105 0.9245
-21.6229 23.4443 -0.1795 0.8802
-17.4000 16.3397 -0.1344 0.9089
-18.5049 16.1672 -0.1384 0.9064
-22.2751 16.8029 -0.1571 0.8944
-12.8924 7.0877 -0.0828 0.9428
-40.4829 18.6078 -0.2508 0.8368
-42.3501 -21.3396 -0.2672 0.8272
-34.4066 -30.0602 -0.2572 0.8330
-34.1086 -34.4162 -0.2728 0.8238
-30.1176 -35.1034 -0.2604 0.8311
-30.4164 -38.1409 -0.2747 0.8227
-7.5500 -16.8221 -0.1038 0.9289
2.0385 -17.3904 -0.0986 0.9324
3.3734 -17.6841 -0.1014 0.9305
7.4619 -32.6928 -0.1888 0.8745
10.5445 -34.5510 -0.2034 0.8655
16.6376 -35.3566 -0.2200 0.8553
24.5987 -34.5042 -0.2386 0.8441
30.3150 -36.6445 -0.2678 0.8268
32.8190 -36.8908 -0.2780 0.8208
37.2562 -29.1676 -0.2661 0.8276
39.1340 -20.6081 -0.2490 0.8378
30.7406 2.7667 -0.1738 0.8839
32.2669 11.4535 -0.1928 0.8720
31.5832 12.5047 -0.1912 0.8730
26.7441 11.7160 -0.1644 0.8898
32.4710 17.0994 -0.2066 0.8635
21.3577 12.2458 -0.1386 0.9062
20.2945 12.6252 -0.1346 0.9088
26.1890 19.0275 -0.1823 0.8785
6.5784 5.1502 -0.0470 0.9671
14.2163 13.8386 -0.1117 0.9237
19.2598 20.1442 -0.1569 0.8945
17.3531 19.5061 -0.1470 0.9008
11.1880 13.5240 -0.0988 0.9322
10.2508 13.3384 -0.0947 0.9349
9.5578 13.4066 -0.0927 0.9363
9.0648 13.7326 -0.0926 0.9363
8.4560 13.8688 -0.0915 0.9371
10.2639 19.9226 -0.1262 0.9143
9.5374 20.2681 -0.1261 0.9143
5.9946 14.0250 -0.0859 0.9408
5.4334 14.0915 -0.0850 0.9414
4.7856 13.8760 -0.0826 0.9430
3.2641 14.3008 -0.0826 0.9430
2.8531 14.9562 -0.0857 0.9409
3.2996 21.4560 -0.1222 0.9168
2.5539 21.7876 -0.1235 0.9160
1.7702 21.8647 -0.1235 0.9160
0.9479 21.1070 -0.1190 0.9190
-0.3951 14.6678 -0.0826 0.9430
-0.9083 14.4361 -0.0814 0.9438
-2.5610 14.8710 -0.0850 0.9414
-4.5743 21.8413 -0.1256 0.9146
-5.3748 21.7419 -0.1261 0.9143
-5.5359 15.1626 -0.0909 0.9375
-6.1929 15.2405 -0.0926 0.9363
-6.7365 15.0095 -0.0926 0.9363
-7.4284 15.0776 -0.0946 0.9350
-8.3058 15.4348 -0.0987 0.9323
-11.6800 15.7763 -0.1105 0.9245
-12.4152 15.5681 -0.1121 0.9234
-21.6229 23.4443 -0.1795 0.8802
-16.5656 16.7150 -0.1325 0.9102
-17.4000 16.3397 -0.1344 0.9089
-18.5049 16.1672 -0.1383 0.9064
-22.2752 16.8030 -0.1571 0.8944
-12.9087 7.7126 -0.0847 0.9416
-40.4830 18.6079 -0.2508 0.8368
-42.3501 -21.3397 -0.2672 0.8272
-27.2109 -14.9594 -0.1748 0.8832
-37.2415 -30.2500 -0.2702 0.8254
-31.5476 -34.2050 -0.2620 0.8302
-7.5500 -16.8221 -0.1038 0.9289
-2.5065 -25.3041 -0.1432 0.9033
3.3734 -17.6841 -0.1014 0.9305
7.4619 -32.6928 -0.1888 0.8745
10.5445 -34.5510 -0.2033 0.8655
13.3761 -34.6907 -0.2093 0.8618
15.0452 -35.1999 -0.2155 0.8580
16.6376 -35.3566 -0.2200 0.8553
20.0408 -35.6913 -0.2305 0.8490
21.8715 -35.8714 -0.2365 0.8453
12.3539 -18.7154 -0.1263 0.9142
26.6740 -34.7084 -0.2465 0.8394
30.3150 -36.6445 -0.2678 0.8268
30.7406 2.7667 -0.1738 0.8839
32.2669 11.4535 -0.1928 0.8720
31.5832 12.5047 -0.1912 0.8730
26.7441 11.7160 -0.1644 0.8898
25.5151 12.2875 -0.1594 0.8929
21.3577 12.2458 -0.1386 0.9062
26.1890 19.0275 -0.1823 0.8785
6.5784 5.1502 -0.0470 0.9671
6.3448 5.3456 -0.0467 0.9674
14.5592 13.1883 -0.1106 0.9244
19.2598 20.1442 -0.1569 0.8945
17.3531 19.5061 -0.1470 0.9008
9.0648 13.7326 -0.0926 0.9363
8.4560 13.8688 -0.0915 0.9371
11.1383 19.8366 -0.1281 0.9130
10.2639 19.9226 -0.1262 0.9143
5.9946 14.0250 -0.0859 0.9408
4.7856 13.8760 -0.0826 0.9430
4.2508 13.9286 -0.0820 0.9434
2.8531 14.9566 -0.0857 0.9409
3.2996 21.4560 -0.1222 0.9168
2.5539 21.7876 -0.1235 0.9160
-0.3951 14.6678 -0.0826 0.9430
-0.9083 14.4361 -0.0814 0.9438
-2.0086 14.8277 -0.0842 0.9419
-2.5610 14.8710 -0.0850 0.9414
-4.5743 21.8413 -0.1256 0.9146
-5.5359 15.1626 -0.0909 0.9375
-6.7366 15.0095 -0.0926 0.9363
-7.4284 15.0776 -0.0946 0.9350
-14.9176 23.5063 -0.1567 0.8946
-10.8973 15.8811 -0.1084 0.9259
-12.4152 15.5681 -0.1121 0.9234
-21.6229 23.4442 -0.1795 0.8802
-16.5656 16.7150 -0.1325 0.9102
-17.4000 16.3397 -0.1344 0.9089
-18.5049 16.1672 -0.1383 0.9064
-22.1559 17.9965 -0.1607 0.8921
-22.2751 16.8029 -0.1571 0.8944
-23.8681 16.6948 -0.1640 0.8900
-12.8924 7.0877 -0.0828 0.9428
-35.3718 17.8232 -0.2230 0.8535
-40.4830 18.6079 -0.2508 0.8368
-42.3501 -21.3397 -0.2672 0.8272
-33.6425 -31.5925 -0.2598 0.8314
-34.1086 -34.4163 -0.2728 0.8238
-31.5476 -34.2050 -0.2620 0.8302
-30.1176 -35.1034 -0.2604 0.8311
-30.4164 -38.1409 -0.2747 0.8227
3.3734 -17.6841 -0.1014 0.9305
10.5445 -34.5510 -0.2033 0.8655
13.3761 -34.6907 -0.2093 0.8618
15.0452 -35.1999 -0.2155 0.8580
16.6376 -35.3566 -0.2200 0.8553
18.1124 -35.1566 -0.2227 0.8537
20.0408 -35.6913 -0.2305 0.8490
24.5987 -34.5042 -0.2386 0.8441
26.6741 -34.7084 -0.2465 0.8394
30.3151 -36.6445 -0.2678 0.8268
39.1340 -20.6080 -0.2490 0.8378
42.5189 -20.4760 -0.2657 0.8280
25.5151 12.2875 -0.1594 0.8929
21.3577 12.2458 -0.1386 0.9062
20.2945 12.6252 -0.1346 0.9088
19.9044 13.3968 -0.1351 0.9085
26.1890 19.0275 -0.1823 0.8785
6.3448 5.3456 -0.0467 0.9674
14.5592 13.1883 -0.1106 0.9244
19.2598 20.1442 -0.1569 0.8945
9.0648 13.7326 -0.0926 0.9363
5.9946 14.0250 -0.0859 0.9408
4.7856 13.8760 -0.0826 0.9430
4.2508 13.9286 -0.0820 0.9434
3.7377 14.0332 -0.0818 0.9436
2.8531 14.9566 -0.0857 0.9409
0.1311 14.6055 -0.0822 0.9432
-0.3951 14.6678 -0.0826 0.9430
-0.9083 14.4361 -0.0814 0.9438
-1.4352 14.4880 -0.0820 0.9434
-2.0086 14.8277 -0.0842 0.9419
-2.5610 14.8710 -0.0850 0.9414
-5.1710 15.9146 -0.0942 0.9353
-5.5359 15.1626 -0.0909 0.9375
-6.1930 15.2405 -0.0926 0.9363
-8.3058 15.4348 -0.0987 0.9323
-13.1719 22.5023 -0.1468 0.9010
-14.9176 23.5063 -0.1567 0.8946
-12.4152 15.5681 -0.1121 0.9234
-21.6229 23.4442 -0.1795 0.8802
-18.5049 16.1672 -0.1383 0.9064
-22.1559 17.9965 -0.1607 0.8921
-23.8681 16.6948 -0.1640 0.8900
-12.9087 7.7125 -0.0847 0.9416
-35.3718 17.8232 -0.2230 0.8535
-29.0532 -13.3542 -0.9004 0.8799
-27.2149 -14.9616 -0.8745 0.8831
-34.4055 -30.0592 -1.2865 0.8329
-33.6431 -31.5929 -1.2995 0.8314
-30.4177 -38.1426 -1.3737 0.8227
-2.5067 -25.3056 -0.7160 0.9032
2.6138 -16.9961 -0.4842 0.9335
7.9050 -41.4395 -1.1879 0.8447
9.1282 -34.2720 -0.9987 0.8677
12.0376 -34.9032 -1.0396 0.8627
13.3757 -34.6897 -1.0469 0.8618
16.6183 -35.3156 -1.0990 0.8554
18.1119 -35.1556 -1.1136 0.8536
21.8708 -35.8703 -1.1830 0.8453
24.5978 -34.5031 -1.1931 0.8440
26.6731 -34.7072 -1.2325 0.8393
30.3139 -36.6432 -1.3391 0.8267
32.8178 -36.8895 -1.3903 0.8207
37.2544 -29.1662 -1.3322 0.8275
39.1330 -20.6075 -1.2453 0.8378
42.5179 -20.4755 -1.3288 0.8279
30.7173 2.7646 -0.8684 0.8839
32.2635 11.4523 -0.9640 0.8720
31.5839 12.5049 -0.9565 0.8729
26.7454 11.7166 -0.8222 0.8897
21.3586 12.2464 -0.6933 0.9062
26.1896 19.0279 -0.9115 0.8785
6.5708 5.1443 -0.2350 0.9672
6.3424 5.3435 -0.2335 0.9674
14.2166 13.8389 -0.5587 0.9237
17.3522 19.5050 -0.7351 0.9008
9.5580 13.4070 -0.4636 0.9362
9.0644 13.7319 -0.4633 0.9363
10.2642 19.9232 -0.6311 0.9142
5.4332 14.0909 -0.4252 0.9414
4.2509 13.9290 -0.4101 0.9434
3.2639 14.3002 -0.4130 0.9430
2.8540 14.9611 -0.4289 0.9409
3.2997 21.4565 -0.6113 0.9168
1.7702 21.8652 -0.6177 0.9160
0.1311 14.6048 -0.4113 0.9432
-0.9083 14.4365 -0.4073 0.9438
-1.4352 14.4883 -0.4100 0.9434
-2.0085 14.8270 -0.4213 0.9419
-2.5609 14.8703 -0.4249 0.9414
-5.3746 21.7408 -0.6306 0.9143
-5.5356 15.1619 -0.4545 0.9375
-6.1926 15.2397 -0.4632 0.9363
-14.9180 23.5071 -0.7839 0.8946
-10.8984 15.8827 -0.5424 0.9258
-13.7021 15.9704 -0.5925 0.9192
-21.6248 23.4463 -0.8981 0.8802
-18.5056 16.1679 -0.6919 0.9063
-22.1576 17.9978 -0.8038 0.8921
-12.8783 7.0799 -0.4138 0.9429
-40.4771 18.6052 -1.2544 0.8367
-42.3491 -21.3391 -1.3353 0.8272
-27.2149 -14.9616 -0.8745 0.8831
-34.4055 -30.0592 -1.2865 0.8329
-31.5471 -34.2044 -1.3102 0.8301
-30.1188 -35.1048 -1.3024 0.8310
-30.4177 -38.1426 -1.3737 0.8227
-7.5365 -16.7920 -0.5183 0.9290
-2.5067 -25.3057 -0.7160 0.9032
2.0384 -17.3898 -0.4930 0.9323
2.6138 -16.9961 -0.4842 0.9335
7.4364 -32.5810 -0.9410 0.8748
9.1282 -34.2720 -0.9987 0.8677
10.5439 -34.5489 -1.0171 0.8654
15.0448 -35.1990 -1.0779 0.8580
20.0402 -35.6903 -1.1525 0.8489
39.1330 -20.6075 -1.2453 0.8378
42.5179 -20.4755 -1.3288 0.8279
30.7173 2.7646 -0.8684 0.8839
47.6627 11.3298 -1.3795 0.8220
44.0563 12.1588 -1.2869 0.8329
31.5839 12.5050 -0.9565 0.8729
26.7454 11.7166 -0.8222 0.8897
32.4701 17.0989 -1.0333 0.8634
19.9048 13.3971 -0.6756 0.9085
6.3424 5.3435 -0.2335 0.9674
14.5584 13.1875 -0.5531 0.9244
19.2604 20.1449 -0.7848 0.8945
17.3522 19.5050 -0.7351 0.9008
11.1874 13.5233 -0.4942 0.9322
9.5580 13.4070 -0.4636 0.9362
9.0643 13.7319 -0.4633 0.9363
11.1386 19.8371 -0.6406 0.9130
5.9943 14.0244 -0.4295 0.9408
4.7858 13.8764 -0.4133 0.9430
2.8540 14.9611 -0.4289 0.9409
0.9479 21.1060 -0.5949 0.9189
-1.4352 14.4883 -0.4100 0.9434
-2.5609 14.8703 -0.4249 0.9414
-4.5754 21.8467 -0.6285 0.9146
-6.1527 21.5381 -0.6307 0.9143
-6.1926 15.2397 -0.4632 0.9363
-8.3054 15.4340 -0.4935 0.9323
-14.9180 23.5071 -0.7839 0.8946
-21.6248 23.4463 -0.8981 0.8802
-16.5670 16.7163 -0.6627 0.9101
-18.5056 16.1679 -0.6919 0.9063
-22.1576 17.9978 -0.8038 0.8921
-27.9123 18.0671 -0.9362 0.8754
-12.8783 7.0799 -0.4138 0.9429
-42.3491 -21.3392 -1.3353 0.8272
-27.2149 -14.9616 -0.8745 0.8831
-33.6431 -31.5930 -1.2995 0.8314
-34.1170 -34.4247 -1.3647 0.8237
-31.5471 -34.2044 -1.3102 0.8301
-30.1188 -35.1048 -1.3024 0.8310
-2.5067 -25.3057 -0.7160 0.9032
2.0384 -17.3898 -0.4930 0.9323
2.6138 -16.9961 -0.4842 0.9335
7.9051 -41.4395 -1.1879 0.8447
7.4364 -32.5810 -0.9410 0.8748
10.5439 -34.5489 -1.0171 0.8654
12.0376 -34.9032 -1.0396 0.8627
13.3758 -34.6897 -1.0469 0.8618
16.6183 -35.3156 -1.0990 0.8554
18.1119 -35.1556 -1.1136 0.8536
26.6731 -34.7072 -1.2325 0.8393
30.3140 -36.6432 -1.3391 0.8267
37.2544 -29.1662 -1.3322 0.8275
39.1330 -20.6075 -1.2453 0.8378
47.6627 11.3298 -1.3795 0.8220
35.1706 11.0796 -1.0383 0.8628
31.5839 12.5050 -0.9565 0.8729
25.5156 12.2877 -0.7974 0.8929
32.4701 17.0989 -1.0333 0.8634
20.2930 12.6242 -0.6729 0.9088
19.9048 13.3971 -0.6756 0.9085
6.5708 5.1443 -0.2350 0.9672
14.5584 13.1875 -0.5531 0.9244
14.2166 13.8389 -0.5587 0.9237
17.3522 19.5050 -0.7351 0.9008
11.1874 13.5233 -0.4942 0.9322
8.4564 13.8694 -0.4574 0.9371
11.1386 19.8371 -0.6406 0.9130
10.2642 19.9232 -0.6311 0.9142
9.5370 20.2672 -0.6307 0.9143
5.9943 14.0244 -0.4295 0.9408
5.4332 14.0909 -0.4252 0.9414
4.7857 13.8764 -0.4133 0.9430
4.2509 13.9290 -0.4101 0.9434
3.7371 14.0312 -0.4089 0.9436
3.2639 14.3002 -0.4130 0.9430
2.5540 21.7881 -0.6177 0.9160
1.7702 21.8652 -0.6177 0.9160
0.9479 21.1060 -0.5949 0.9189
0.1311 14.6048 -0.4113 0.9432
-0.9083 14.4365 -0.4073 0.9438
-1.4352 14.4883 -0.4100 0.9434
-2.0085 14.8270 -0.4213 0.9419
-4.5754 21.8467 -0.6285 0.9146
-6.1527 21.5381 -0.6307 0.9143
-5.1717 15.9169 -0.4712 0.9352
-6.7367 15.0099 -0.4633 0.9363
-7.4286 15.0780 -0.4733 0.9350
-13.1712 22.5011 -0.7341 0.9009
-13.7021 15.9704 -0.5925 0.9192
-21.6248 23.4463 -0.8981 0.8802
-16.5670 16.7163 -0.6627 0.9101
-18.5056 16.1679 -0.6919 0.9063
-22.2721 16.8007 -0.7855 0.8944
-23.8693 16.6957 -0.8202 0.8900
-27.9123 18.0671 -0.9362 0.8754
-12.8769 7.6936 -0.4224 0.9417
-35.3741 17.8244 -1.1154 0.8534
-29.0531 -13.3542 -0.9004 0.8799
-42.3491 -21.3392 -1.3353 0.8272
-37.2427 -30.2510 -1.3511 0.8253
-34.4054 -30.0592 -1.2865 0.8329
-33.6431 -31.5930 -1.2995 0.8314
-30.1188 -35.1048 -1.3024 0.8310
-30.4177 -38.1426 -1.3737 0.8227
-2.5067 -25.3057 -0.7160 0.9032
2.0385 -17.3898 -0.4930 0.9323
2.6138 -16.9961 -0.4842 0.9335
9.1282 -34.2720 -0.9987 0.8677
15.0448 -35.1990 -1.0779 0.8580
18.1119 -35.1556 -1.1136 0.8536
12.3365 -18.6890 -0.6306 0.9143
24.5980 -34.5031 -1.1931 0.8440
32.8179 -36.8895 -1.3903 0.8207
37.2544 -29.1662 -1.3322 0.8275
39.1330 -20.6075 -1.2453 0.8378
30.7173 2.7647 -0.8684 0.8839
32.2634 11.4523 -0.9640 0.8720
32.4701 17.0989 -1.0333 0.8634
21.3586 12.2464 -0.6933 0.9062
20.2930 12.6242 -0.6729 0.9088
19.9048 13.3971 -0.6756 0.9085
6.5708 5.1443 -0.2350 0.9672
14.5584 13.1875 -0.5531 0.9244
14.2166 13.8389 -0.5587 0.9237
19.2604 20.1449 -0.7848 0.8945
17.3522 19.5050 -0.7351 0.9008
11.1874 13.5233 -0.4942 0.9322
10.2510 13.3388 -0.4737 0.9349
9.0643 13.7319 -0.4633 0.9363
8.4564 13.8694 -0.4574 0.9371
11.1386 19.8371 -0.6406 0.9130
10.2642 19.9232 -0.6311 0.9142
5.9943 14.0244 -0.4295 0.9408
5.4332 14.0909 -0.4252 0.9414
3.2639 14.3002 -0.4130 0.9430
2.8540 14.9615 -0.4289 0.9409
3.2997 21.4565 -0.6113 0.9168
2.5540 21.7881 -0.6177 0.9160
1.7702 21.8652 -0.6177 0.9160
0.1311 14.6048 -0.4113 0.9432
-0.3951 14.6672 -0.4131 0.9430
-2.5609 14.8703 -0.4249 0.9414
-5.3746 21.7408 -0.6306 0.9143
-5.1717 15.9168 -0.4712 0.9352
-6.1927 15.2397 -0.4632 0.9363
-6.7367 15.0099 -0.4633 0.9363
-7.4286 15.0780 -0.4733 0.9350
-8.3054 15.4340 -0.4935 0.9323
-13.1712 22.5011 -0.7341 0.9009
-10.8984 15.8827 -0.5424 0.9258
-12.4156 15.5687 -0.5607 0.9234
-13.7021 15.9704 -0.5925 0.9192
-17.3988 16.3385 -0.6721 0.9089
-22.1576 17.9978 -0.8038 0.8921
-22.2721 16.8006 -0.7856 0.8944
-12.8769 7.6936 -0.4224 0.9417
-35.3741 17.8244 -1.1154 0.8534
-40.4772 18.6052 -1.2544 0.8367
-48.4292 -3.4836 -2.4624 0.8233
-48.1386 -6.9614 -2.4667 0.8230
-47.9009 -8.6928 -2.4689 0.8228
-47.6018 -10.4162 -2.4712 0.8227
-43.9718 -12.9893 -2.3253 0.8322
-37.7938 -12.6561 -2.0213 0.8525
-22.9790 -11.5788 -1.3049 0.9021
-34.4043 -30.0582 -2.3169 0.8328
-33.6436 -31.5934 -2.3406 0.8312
-31.5466 -34.2038 -2.3598 0.8300
-30.1200 -35.1062 -2.3459 0.8309
-29.9470 -37.5523 -2.4359 0.8250
-28.6537 -38.7031 -2.4422 0.8246
-25.9300 -40.8591 -2.4542 0.8238
-24.5032 -41.8603 -2.4599 0.8234
-18.1272 -33.6861 -1.9400 0.8579
-21.5285 -43.6968 -2.4704 0.8228
-7.5231 -16.7619 -0.9318 0.9291
-9.8485 -30.3106 -1.6163 0.8802
-5.2122 -38.4785 -1.9692 0.8560
-3.1050 -49.3526 -2.5078 0.8203
-1.3322 -49.4609 -2.5093 0.8202
2.2216 -49.4665 -2.5112 0.8201
3.9965 -49.3635 -2.5116 0.8201
2.0384 -17.3891 -0.8879 0.9323
7.3780 -32.3249 -1.6815 0.8756
9.1280 -34.2711 -1.7986 0.8676
18.0843 -35.1020 -2.0025 0.8537
21.8377 -35.8161 -2.1274 0.8453
12.3192 -18.6627 -1.1341 0.9143
30.2680 -36.5877 -2.4082 0.8268
32.2820 -36.2872 -2.4631 0.8232
33.4891 -35.0268 -2.4576 0.8236
24.3002 -23.6545 -1.7198 0.8730
35.7456 -32.3797 -2.4460 0.8243
36.7923 -30.9976 -2.4398 0.8247
37.0475 -29.0042 -2.3861 0.8282
25.4848 -17.1528 -1.5579 0.8842
25.9343 -16.1337 -1.5490 0.8849
28.1425 -16.1360 -1.6452 0.8782
42.0997 -22.1698 -2.4130 0.8265
42.8486 -20.6348 -2.4119 0.8266
45.3103 -19.8494 -2.5087 0.8203
47.1726 -0.8469 -2.3927 0.8278
27.6123 1.4885 -1.4024 0.8952
30.6940 2.7625 -1.5629 0.8839
46.3611 7.5563 -2.3822 0.8285
45.4448 10.8026 -2.3689 0.8294
44.9842 12.4149 -2.3666 0.8295
32.1263 11.4036 -1.7289 0.8724
31.5261 12.4821 -1.7196 0.8730
21.3595 12.2469 -1.2487 0.9061
20.2915 12.6233 -1.2120 0.9087
14.5575 13.1867 -0.9961 0.9243
14.2169 13.8392 -1.0062 0.9236
19.2610 20.1455 -1.4135 0.8944
11.1868 13.5225 -0.8900 0.9321
11.1389 19.8377 -1.1538 0.9129
9.5365 20.2662 -1.1359 0.9142
3.7366 14.0291 -0.7363 0.9435
2.8548 14.9654 -0.7726 0.9408
2.5541 21.7886 -1.1126 0.9159
1.7703 21.8658 -1.1125 0.9159
0.1311 14.6042 -0.7407 0.9432
-0.3950 14.6665 -0.7441 0.9429
-0.9083 14.4368 -0.7336 0.9437
-1.4352 14.4887 -0.7384 0.9434
-5.3743 21.7398 -1.1357 0.9142
-6.1529 21.5387 -1.1360 0.9142
-5.1724 15.9191 -0.8489 0.9352
-6.1923 15.2390 -0.8342 0.9362
-6.7369 15.0103 -0.8344 0.9362
-8.3049 15.4332 -0.8888 0.9322
-13.1705 22.4999 -1.3222 0.9008
-10.8995 15.8844 -0.9770 0.9257
-21.5734 23.3906 -1.6137 0.8803
-16.5683 16.7177 -1.1937 0.9100
-17.3974 16.3373 -1.2103 0.9088
-18.5064 16.1686 -1.2463 0.9063
-23.8704 16.6965 -1.4773 0.8899
-27.8600 18.0333 -1.6830 0.8755
-40.3006 18.5240 -2.2494 0.8372
-41.7134 17.3880 -2.2919 0.8344
-42.3328 15.8878 -2.2931 0.8344
-43.4128 12.8241 -2.2957 0.8342
-43.8719 11.2644 -2.2971 0.8341
-47.5164 8.6229 -2.4491 0.8241
-47.8287 6.9166 -2.4508 0.8240
-48.0808 5.1990 -2.4526 0.8239
-48.2726 3.4723 -2.4544 0.8238
-48.4736 -0.0001 -2.4583 0.8235
-48.4821 -1.7415 -2.4603 0.8234
-48.4292 -3.4837 -2.4624 0.8233
-47.9009 -8.6928 -2.4689 0.8228
-47.6018 -10.4162 -2.4712 0.8227
-44.5323 -11.4340 -2.3317 0.8318
-43.9717 -12.9893 -2.3253 0.8322
-37.7938 -12.6561 -2.0213 0.8525
-42.4451 -17.6931 -2.3321 0.8318
-21.9698 -12.0780 -1.2714 0.9045
-40.0075 -23.9034 -2.3635 0.8297
-39.2527 -25.4077 -2.3713 0.8292
-26.6073 -18.6109 -1.6467 0.8781
-33.5311 -33.8335 -2.4157 0.8263
-31.5466 -34.2039 -2.3598 0.8300
-30.1200 -35.1062 -2.3459 0.8309
-27.3138 -39.8056 -2.4483 0.8242
-25.9299 -40.8591 -2.4542 0.8238
-7.5230 -16.7619 -0.9318 0.9291
-12.3462 -30.3834 -1.6632 0.8769
-11.0241 -30.1949 -1.6302 0.8792
-9.8485 -30.3106 -1.6163 0.8802
-5.1929 -30.1534 -1.5517 0.8847
-5.2122 -38.4785 -1.9692 0.8560
-1.3322 -49.4609 -2.5093 0.8202
0.4443 -49.4992 -2.5104 0.8202
2.2216 -49.4665 -2.5112 0.8201
2.0384 -17.3891 -0.8879 0.9323
2.6137 -16.9955 -0.8720 0.9334
7.8951 -41.3875 -2.1368 0.8447
12.0373 -34.9023 -1.8724 0.8625
12.3192 -18.6627 -1.1341 0.9143
30.2680 -36.5877 -2.4082 0.8268
32.2820 -36.2871 -2.4631 0.8232
24.3002 -23.6544 -1.7198 0.8730
35.7457 -32.3797 -2.4460 0.8243
36.7923 -30.9976 -2.4398 0.8247
37.0475 -29.0042 -2.3861 0.8282
25.4849 -17.1528 -1.5579 0.8842
25.9343 -16.1337 -1.5490 0.8849
42.0997 -22.1698 -2.4130 0.8265
42.8486 -20.6347 -2.4119 0.8266
45.3104 -19.8494 -2.5087 0.8203
47.1330 0.8463 -2.3907 0.8279
27.6123 1.4885 -1.4024 0.8952
30.6940 2.7625 -1.5629 0.8839
46.6454 5.8927 -2.3844 0.8284
35.1698 11.0793 -1.8700 0.8627
26.7467 11.7172 -1.4809 0.8896
25.5161 12.2879 -1.4363 0.8928
32.4692 17.0985 -1.8610 0.8633
21.3595 12.2469 -1.2487 0.9061
19.9052 13.3974 -1.2168 0.9084
14.2169 13.8392 -1.0062 0.9236
19.2610 20.1455 -1.4135 0.8944
11.1868 13.5225 -0.8900 0.9321
9.5583 13.4073 -0.8350 0.9362
9.0639 13.7312 -0.8344 0.9362
8.4568 13.8700 -0.8238 0.9370
9.5365 20.2662 -1.1359 0.9142
5.9940 14.0237 -0.7734 0.9407
5.4329 14.0903 -0.7659 0.9413
4.7859 13.8767 -0.7444 0.9429
4.2510 13.9293 -0.7386 0.9433
3.7366 14.0292 -0.7363 0.9435
3.2638 14.2996 -0.7438 0.9429
2.8548 14.9654 -0.7726 0.9408
3.2998 21.4570 -1.1010 0.9167
1.7702 21.8658 -1.1125 0.9159
0.1311 14.6042 -0.7407 0.9432
-0.3950 14.6665 -0.7441 0.9429
-1.4352 14.4887 -0.7384 0.9434
-2.0084 14.8264 -0.7588 0.9418
-2.5608 14.8696 -0.7652 0.9414
-6.1529 21.5387 -1.1360 0.9142
-6.1923 15.2390 -0.8342 0.9362
-7.4289 15.0784 -0.8525 0.9349
-8.3049 15.4332 -0.8888 0.9322
-14.9185 23.5078 -1.4120 0.8945
-16.5684 16.7177 -1.1937 0.9100
-18.5064 16.1686 -1.2463 0.9063
-22.1592 17.9991 -1.4478 0.8920
-22.2738 16.8019 -1.4149 0.8943
-23.8704 16.6965 -1.4773 0.8899
-27.8600 18.0332 -1.6830 0.8755
-12.8643 7.0722 -0.7445 0.9429
-35.3765 17.8256 -2.0090 0.8533
-47.5164 8.6229 -2.4491 0.8241
-48.0808 5.1990 -2.4526 0.8239
-48.4037 1.7386 -2.4563 0.8237
-48.4821 -1.7415 -2.4603 0.8234
-48.3147 -5.2243 -2.4645 0.8231
-47.9009 -8.6928 -2.4689 0.8228
-47.6018 -10.4163 -2.4712 0.8227
-43.9717 -12.9893 -2.3253 0.8322
-37.7937 -12.6561 -2.0213 0.8525
-43.0101 -16.1420 -2.3298 0.8319
-39.2527 -25.4077 -2.3713 0.8292
-26.6072 -18.6108 -1.6467 0.8781
-25.8275 -19.4827 -1.6407 0.8785
-36.6426 -29.7635 -2.3941 0.8277
-34.4043 -30.0582 -2.3169 0.8328
-33.6436 -31.5935 -2.3406 0.8312
-31.5465 -34.2039 -2.3598 0.8300
-30.1200 -35.1062 -2.3459 0.8309
-29.9469 -37.5523 -2.4359 0.8250
-28.6537 -38.7032 -2.4422 0.8246
-18.1272 -33.6861 -1.9400 0.8579
-21.5285 -43.6968 -2.4704 0.8228
-7.5230 -16.7619 -0.9318 0.9291
-11.0241 -30.1949 -1.6302 0.8792
-7.7697 -31.4294 -1.6419 0.8784
-5.1929 -30.1534 -1.5517 0.8847
-5.2122 -38.4785 -1.9692 0.8560
-2.5069 -25.3073 -1.2897 0.9032
-3.1050 -49.3528 -2.5078 0.8203
0.4444 -49.4992 -2.5104 0.8202
2.2216 -49.4665 -2.5112 0.8201
3.9965 -49.3634 -2.5116 0.8201
7.8952 -41.3875 -2.1368 0.8447
7.3780 -32.3249 -1.6815 0.8756
12.0373 -34.9023 -1.8724 0.8625
15.0221 -35.1458 -1.9384 0.8581
20.0099 -35.6363 -2.0727 0.8490
21.8377 -35.8161 -2.1274 0.8453
24.5971 -34.5020 -2.1489 0.8439
26.6722 -34.7061 -2.2198 0.8392
30.2680 -36.5877 -2.4082 0.8268
32.2820 -36.2871 -2.4631 0.8232
35.7457 -32.3797 -2.4460 0.8243
38.7157 -28.1286 -2.4269 0.8256
25.4848 -17.1527 -1.5579 0.8842
25.9343 -16.1337 -1.5490 0.8849
28.1425 -16.1360 -1.6452 0.8782
45.3104 -19.8494 -2.5087 0.8203
32.1262 11.4036 -1.7289 0.8724
25.5161 12.2880 -1.4363 0.8928
21.3595 12.2469 -1.2487 0.9061
6.5632 5.1383 -0.4227 0.9672
14.5575 13.1867 -0.9961 0.9243
14.2169 13.8392 -1.0062 0.9236
19.2610 20.1455 -1.4135 0.8944
17.3512 19.5040 -1.3239 0.9007
11.1868 13.5225 -0.8900 0.9321
8.4568 13.8700 -0.8238 0.9370
9.5365 20.2662 -1.1359 0.9142
4.7859 13.8767 -0.7444 0.9429
4.2510 13.9293 -0.7386 0.9433
3.2638 14.2996 -0.7438 0.9429
2.8548 14.9655 -0.7726 0.9408
3.2998 21.4570 -1.1010 0.9167
2.5541 21.7887 -1.1126 0.9159
0.9478 21.1051 -1.0714 0.9189
-5.3743 21.7398 -1.1357 0.9142
-6.1529 21.5387 -1.1360 0.9142
-5.1724 15.9191 -0.8489 0.9352
-6.1923 15.2390 -0.8342 0.9362
-7.4289 15.0784 -0.8525 0.9349
-8.3049 15.4332 -0.8888 0.9322
-13.1705 22.4999 -1.3222 0.9008
-10.8995 15.8844 -0.9770 0.9257
-11.6786 15.7744 -0.9954 0.9244
-13.7013 15.9694 -1.0671 0.9192
-18.5064 16.1686 -1.2463 0.9063
-22.2738 16.8019 -1.4149 0.8943
-12.8453 7.6747 -0.7589 0.9418
-12.8643 7.0722 -0.7445 0.9429
-35.3765 17.8256 -2.0090 0.8533
-41.7134 17.3880 -2.2919 0.8344
-42.8994 14.3659 -2.2944 0.8343
-47.5164 8.6229 -2.4491 0.8241
-48.4037 1.7386 -2.4563 0.8237
-48.3147 -5.2244 -2.4645 0.8231
-48.1386 -6.9615 -2.4667 0.8230
-44.5323 -11.4340 -2.3317 0.8318
-22.9789 -11.5788 -1.3049 0.9021
-21.9698 -12.0780 -1.2714 0.9045
-40.0075 -23.9034 -2.3635 0.8297
-39.2527 -25.4077 -2.3713 0.8292
-25.8277 -19.4828 -1.6407 0.8785
-36.6426 -29.7636 -2.3941 0.8277
-33.5311 -33.8336 -2.4157 0.8263
-31.5465 -34.2039 -2.3598 0.8300
-29.9469 -37.5523 -2.4359 0.8250
-25.9299 -40.8591 -2.4542 0.8238
-18.1272 -33.6861 -1.9400 0.8579
-12.3462 -30.3834 -1.6632 0.8769
-7.7696 -31.4294 -1.6419 0.8784
-5.1929 -30.1534 -1.5517 0.8847
-3.1050 -49.3528 -2.5078 0.8203
2.0384 -17.3891 -0.8879 0.9323
2.6137 -16.9955 -0.8720 0.9334
7.8952 -41.3875 -2.1368 0.8447
7.3780 -32.3249 -1.6815 0.8756
9.1280 -34.2711 -1.7986 0.8676
10.5432 -34.5470 -1.8318 0.8653
12.0373 -34.9023 -1.8724 0.8625
13.3754 -34.6888 -1.8855 0.8617
15.0221 -35.1458 -1.9384 0.8581
16.6367 -35.3546 -1.9816 0.8551
12.3192 -18.6627 -1.1341 0.9143
30.2681 -36.5877 -2.4082 0.8268
32.2821 -36.2871 -2.4631 0.8232
36.7923 -30.9976 -2.4398 0.8247
38.7158 -28.1285 -2.4269 0.8256
25.9343 -16.1337 -1.5490 0.8849
28.1426 -16.1360 -1.6452 0.8782
42.0997 -22.1697 -2.4130 0.8265
42.8486 -20.6347 -2.4119 0.8266
45.3104 -19.8494 -2.5087 0.8203
47.1722 -0.8468 -2.3927 0.8278
47.1330 0.8463 -2.3907 0.8279
27.6123 1.4886 -1.4024 0.8952
30.6940 2.7626 -1.5629 0.8839
46.3611 7.5564 -2.3822 0.8285
44.9842 12.4149 -2.3666 0.8295
32.1261 11.4036 -1.7289 0.8724
25.5161 12.2880 -1.4363 0.8928
32.4692 17.0985 -1.8610 0.8633
21.3595 12.2469 -1.2487 0.9061
20.2915 12.6233 -1.2119 0.9087
19.9052 13.3974 -1.2168 0.9084
26.1251 18.9811 -1.6377 0.8787
6.5632 5.1383 -0.4227 0.9672
14.5575 13.1867 -0.9961 0.9243
14.2169 13.8392 -1.0062 0.9236
19.2610 20.1455 -1.4135 0.8944
11.1868 13.5225 -0.8900 0.9321
9.5365 20.2662 -1.1359 0.9142
5.9940 14.0237 -0.7734 0.9407
5.4329 14.0903 -0.7659 0.9413
4.7858 13.8767 -0.7444 0.9429
4.2510 13.9293 -0.7386 0.9433
3.7366 14.0293 -0.7363 0.9435
3.2638 14.2996 -0.7438 0.9429
2.8548 14.9655 -0.7726 0.9408
3.2998 21.4570 -1.1010 0.9167
2.5541 21.7887 -1.1126 0.9159
1.7702 21.8658 -1.1125 0.9159
0.1311 14.6042 -0.7407 0.9432
-0.3951 14.6665 -0.7441 0.9429
-0.9083 14.4368 -0.7336 0.9437
-1.4352 14.4887 -0.7384 0.9434
-2.0084 14.8264 -0.7588 0.9418
-2.5608 14.8696 -0.7652 0.9414
-4.5765 21.8520 -1.1322 0.9145
-5.3743 21.7398 -1.1357 0.9142
-6.1529 21.5387 -1.1360 0.9142
-5.1724 15.9191 -0.8489 0.9352
-5.5354 15.1611 -0.8185 0.9374
-7.4289 15.0784 -0.8525 0.9349
-8.3049 15.4332 -0.8888 0.9322
-13.1705 22.4999 -1.3222 0.9008
-14.9185 23.5078 -1.4120 0.8945
-21.5734 23.3905 -1.6137 0.8803
-16.5684 16.7177 -1.1937 0.9100
-17.3975 16.3373 -1.2103 0.9088
-18.5064 16.1686 -1.2463 0.9063
-22.1592 17.9991 -1.4478 0.8920
-22.2738 16.8019 -1.4149 0.8943
-23.8705 16.6965 -1.4773 0.8899
-27.8600 18.0332 -1.6830 0.8755
-12.8453 7.6747 -0.7589 0.9418
-40.3007 18.5241 -2.2494 0.8372
-41.7134 17.3880 -2.2919 0.8344
-42.8995 14.3657 -2.2944 0.8343
-43.4128 12.8241 -2.2957 0.8342
-43.8720 11.2643 -2.2971 0.8341
-44.2764 9.6885 -2.2986 0.8340
-47.8286 6.9165 -2.4508 0.8240
-48.2726 3.4723 -2.4544 0.8238
-33.7076 -0.0000 -2.4715 0.8735
-33.6597 -2.4212 -2.4744 0.8734
-33.4399 -4.8358 -2.4774 0.8733
-33.2656 -6.0368 -2.4789 0.8732
-33.0486 -7.2317 -2.4805 0.8731
-32.7890 -8.4188 -2.4821 0.8730
-31.7578 -11.9189 -2.4871 0.8728
-30.3820 -12.6646 -2.4135 0.8763
-24.4266 -11.2276 -1.9711 0.8978
-21.5451 -11.8445 -1.8027 0.9061
-26.8565 -17.3837 -2.3457 0.8796
-26.2339 -18.3497 -2.3474 0.8795
-24.9211 -20.2425 -2.3541 0.8792
-24.2288 -21.1681 -2.3590 0.8789
-21.9431 -23.7914 -2.3731 0.8783
-20.2543 -25.3981 -2.3819 0.8778
-13.6131 -19.8390 -1.7642 0.9080
-7.7875 -21.3299 -1.6649 0.9130
-6.8552 -21.0981 -1.6266 0.9149
-8.7871 -30.7599 -2.3456 0.8796
-7.7696 -31.4293 -2.3738 0.8782
-6.7748 -32.3485 -2.4233 0.8759
-1.3349 -13.4759 -0.9929 0.9471
-0.8508 -13.5230 -0.9935 0.9471
-0.3663 -13.6002 -0.9976 0.9469
1.4878 -33.1282 -2.4315 0.8755
2.0373 -17.3800 -1.2831 0.9322
2.6166 -17.0146 -1.2622 0.9333
4.3567 -19.0879 -1.4356 0.9245
8.5292 -32.0227 -2.4298 0.8755
10.7944 -31.2985 -2.4275 0.8757
11.9037 -30.8720 -2.4260 0.8757
12.9951 -30.4035 -2.4243 0.8758
12.3018 -18.6365 -1.6373 0.9143
19.0794 -26.7625 -2.4099 0.8765
20.8953 -25.2580 -2.4036 0.8768
21.7574 -24.4568 -2.4001 0.8770
22.5940 -23.6315 -2.3972 0.8771
25.7301 -20.1439 -2.3960 0.8772
26.4314 -19.2036 -2.3955 0.8772
25.5102 -15.8699 -2.2029 0.8865
28.4096 -16.2891 -2.4012 0.8769
32.2783 -12.7799 -2.5455 0.8700
32.7036 -11.6085 -2.5445 0.8701
34.1739 -5.5699 -2.5388 0.8703
26.6114 1.4346 -1.9540 0.8986
29.9393 2.6946 -2.2041 0.8864
31.9292 5.2041 -2.3720 0.8783
31.1233 8.5895 -2.3673 0.8785
29.9581 11.8612 -2.3625 0.8788
25.4551 12.2585 -2.0716 0.8929
21.3604 12.2474 -1.8054 0.9060
19.8449 13.3568 -1.7540 0.9085
25.9377 18.8450 -2.3508 0.8793
6.5556 5.1324 -0.6105 0.9672
6.3374 5.3393 -0.6076 0.9673
14.5566 13.1859 -1.4401 0.9242
9.5586 13.4077 -1.2073 0.9361
9.0634 13.7305 -1.2063 0.9361
10.2648 19.9242 -1.6434 0.9140
9.5102 20.2102 -1.6377 0.9143
5.4327 14.0896 -1.1072 0.9412
4.2511 13.9297 -1.0679 0.9433
3.7361 14.0271 -1.0644 0.9434
3.2636 14.2989 -1.0754 0.9429
2.8551 14.9671 -1.1172 0.9407
0.9478 21.1041 -1.5490 0.9188
0.1311 14.6035 -1.0708 0.9431
-2.0083 14.8257 -1.0970 0.9418
-5.3591 21.6784 -1.6374 0.9143
-5.1732 15.9214 -1.2275 0.9351
-6.1920 15.2382 -1.2060 0.9362
-6.5205 14.5282 -1.1676 0.9381
-7.4291 15.0788 -1.2325 0.9348
-8.3045 15.4323 -1.2850 0.9321
-11.6778 15.7734 -1.4390 0.9243
-16.5145 16.6633 -1.7202 0.9102
-17.3249 16.2692 -1.7426 0.9091
-18.5072 16.1692 -1.8019 0.9061
-22.1102 17.9593 -2.0886 0.8920
-22.2219 16.7628 -2.0409 0.8944
-23.8716 16.6973 -2.1360 0.8897
-26.4015 17.0892 -2.3060 0.8815
-12.8137 7.6558 -1.0944 0.9419
-28.6079 13.1495 -2.3086 0.8814
-29.0714 12.1183 -2.3094 0.8813
-29.4983 11.0709 -2.3102 0.8813
-30.8303 6.7463 -2.3140 0.8811
-33.7076 -0.0000 -2.4715 0.8735
-32.4872 -9.5967 -2.4838 0.8730
-32.1433 -10.7639 -2.4855 0.8729
-31.7578 -11.9189 -2.4871 0.8728
-30.3820 -12.6646 -2.4135 0.8763
-24.4266 -11.2276 -1.9712 0.8978
-21.6143 -12.9140 -1.8461 0.9039
-26.2339 -18.3497 -2.3474 0.8795
-25.5767 -19.2935 -2.3491 0.8794
-24.9211 -20.2425 -2.3541 0.8792
-19.5659 -19.7424 -2.0380 0.8945
-21.9431 -23.7914 -2.3731 0.8783
-21.1145 -24.6098 -2.3776 0.8780
-20.2543 -25.3981 -2.3819 0.8778
-17.4954 -27.5683 -2.3941 0.8773
-16.5199 -28.2221 -2.3978 0.8771
-14.4949 -29.4206 -2.4048 0.8767
-7.5096 -16.7319 -1.3447 0.9291
-6.8552 -21.0982 -1.6266 0.9149
-6.7748 -32.3485 -2.4233 0.8759
-1.3349 -13.4759 -0.9929 0.9471
0.2976 -33.1533 -2.4310 0.8755
2.6764 -33.0574 -2.4318 0.8754
2.0373 -17.3800 -1.2831 0.9322
4.3567 -19.0879 -1.4356 0.9245
8.5292 -32.0228 -2.4298 0.8755
9.6690 -31.6823 -2.4288 0.8756
10.7944 -31.2985 -2.4275 0.8757
11.9037 -30.8720 -2.4260 0.8757
14.0670 -29.8939 -2.4224 0.8759
17.1500 -28.1277 -2.4155 0.8762
12.3018 -18.6365 -1.6373 0.9143
20.0022 -26.0271 -2.4068 0.8766
20.8953 -25.2580 -2.4036 0.8768
21.7574 -24.4568 -2.4001 0.8770
22.5940 -23.6315 -2.3972 0.8771
26.4315 -19.2036 -2.3955 0.8772
25.5102 -15.8699 -2.2029 0.8865
32.7036 -11.6085 -2.5445 0.8701
33.4242 -9.2245 -2.5424 0.8702
33.9685 -6.7964 -2.5400 0.8703
34.4497 -3.1005 -2.5361 0.8705
34.5201 -1.8609 -2.5348 0.8705
34.5452 -0.6202 -2.5333 0.8706
30.0021 3.7902 -2.2173 0.8858
31.4326 7.4718 -2.3689 0.8785
31.1233 8.5895 -2.3673 0.8785
30.7742 9.6946 -2.3657 0.8786
30.3855 10.7857 -2.3641 0.8787
25.4551 12.2585 -2.0716 0.8929
21.3604 12.2474 -1.8054 0.9060
25.9377 18.8451 -2.3508 0.8793
6.5556 5.1324 -0.6105 0.9672
14.5566 13.1859 -1.4401 0.9242
14.2173 13.8395 -1.4548 0.9235
11.1862 13.5218 -1.2867 0.9320
10.2517 13.3396 -1.2336 0.9348
9.0634 13.7305 -1.2063 0.9361
10.2647 19.9242 -1.6434 0.9140
5.9937 14.0231 -1.1182 0.9407
5.4327 14.0896 -1.1072 0.9412
3.7361 14.0272 -1.0644 0.9434
2.8551 14.9671 -1.1172 0.9407
3.2999 21.4576 -1.5918 0.9166
2.5541 21.7892 -1.6086 0.9158
1.7703 21.8663 -1.6085 0.9158
-0.3950 14.6659 -1.0757 0.9429
-0.9083 14.4372 -1.0607 0.9436
-1.4353 14.4890 -1.0676 0.9433
-2.0083 14.8257 -1.0970 0.9418
-2.5607 14.8689 -1.1063 0.9413
-5.1732 15.9214 -1.2275 0.9351
-5.5350 15.1603 -1.1834 0.9373
-6.1920 15.2382 -1.2060 0.9362
-14.9189 23.5085 -2.0415 0.8943
-10.9007 15.8860 -1.4127 0.9256
-11.6778 15.7734 -1.4390 0.9243
-21.2997 23.0938 -2.3035 0.8816
-17.3249 16.2692 -1.7426 0.9091
-23.8716 16.6973 -2.1360 0.8897
-12.8137 7.6558 -1.0944 0.9419
-12.8502 7.0644 -1.0752 0.9429
-28.1085 14.1634 -2.3078 0.8814
-28.6079 13.1495 -2.3086 0.8814
-29.4983 11.0709 -2.3102 0.8813
-20.4852 6.0513 -1.5662 0.9179
-33.0797 6.0030 -2.4651 0.8739
-33.4582 3.6178 -2.4675 0.8737
-33.5840 2.4157 -2.4688 0.8737
-33.7076 -0.0000 -2.4715 0.8735
-33.5713 -3.6301 -2.4759 0.8733
-33.0485 -7.2317 -2.4805 0.8731
-32.7890 -8.4188 -2.4821 0.8730
-24.4266 -11.2276 -1.9712 0.8978
-22.5896 -11.3826 -1.8547 0.9035
-21.5451 -11.8446 -1.8027 0.9061
-21.6143 -12.9140 -1.8461 0.9039
-26.2339 -18.3498 -2.3474 0.8795
-24.9211 -20.2425 -2.3541 0.8792
-24.2288 -21.1681 -2.3590 0.8789
-21.1145 -24.6098 -2.3776 0.8780
-19.3636 -26.1548 -2.3861 0.8776
-17.4954 -27.5683 -2.3941 0.8773
-15.5194 -28.8401 -2.4013 0.8769
-7.5096 -16.7319 -1.3447 0.9291
-7.7875 -21.3299 -1.6649 0.9130
-1.8196 -13.4329 -0.9939 0.9471
-0.8508 -13.5230 -0.9935 0.9471
-0.3663 -13.6002 -0.9976 0.9469
2.6764 -33.0574 -2.4318 0.8754
2.0373 -17.3800 -1.2831 0.9322
2.6167 -17.0146 -1.2622 0.9333
3.3679 -17.6551 -1.3179 0.9305
8.5292 -32.0228 -2.4298 0.8755
11.9037 -30.8720 -2.4260 0.8757
14.0671 -29.8939 -2.4224 0.8759
15.1179 -29.3441 -2.4203 0.8760
12.4795 -22.2250 -1.8689 0.9028
17.1500 -28.1277 -2.4155 0.8762
12.3018 -18.6365 -1.6373 0.9143
19.0795 -26.7625 -2.4099 0.8765
20.8953 -25.2580 -2.4036 0.8768
21.7574 -24.4568 -2.4001 0.8770
23.4256 -22.8031 -2.3970 0.8771
24.9947 -21.0581 -2.3964 0.8771
24.8596 -16.7319 -2.1972 0.8868
25.5102 -15.8699 -2.2029 0.8865
28.4096 -16.2891 -2.4012 0.8769
30.7488 -16.1923 -2.5481 0.8699
32.2783 -12.7799 -2.5455 0.8700
33.0858 -10.4228 -2.5434 0.8701
33.4242 -9.2245 -2.5424 0.8702
33.7186 -8.0151 -2.5412 0.8702
33.9685 -6.7963 -2.5400 0.8703
34.3344 -4.3374 -2.5375 0.8704
34.4497 -3.1005 -2.5361 0.8705
34.5452 -0.6202 -2.5333 0.8706
26.6113 1.4346 -1.9540 0.8986
30.0021 3.7902 -2.2173 0.8858
31.9292 5.2041 -2.3720 0.8783
31.7013 6.3428 -2.3705 0.8784
31.4326 7.4718 -2.3689 0.8785
30.7742 9.6946 -2.3657 0.8786
25.4551 12.2586 -2.0716 0.8929
21.3604 12.2474 -1.8054 0.9060
20.2086 12.5718 -1.7451 0.9090
25.9377 18.8451 -2.3508 0.8793
6.3374 5.3393 -0.6076 0.9673
14.2173 13.8395 -1.4548 0.9235
19.2616 20.1461 -2.0437 0.8942
11.1862 13.5218 -1.2867 0.9320
10.2516 13.3396 -1.2336 0.9348
11.1391 19.8382 -1.6682 0.9128
9.5102 20.2102 -1.6377 0.9143
5.9937 14.0231 -1.1182 0.9407
4.7860 13.8771 -1.0763 0.9428
4.2511 13.9297 -1.0679 0.9433
3.7361 14.0272 -1.0644 0.9434
3.2636 14.2989 -1.0754 0.9429
2.8551 14.9673 -1.1172 0.9407
3.2999 21.4576 -1.5918 0.9166
2.5541 21.7892 -1.6086 0.9158
0.9478 21.1041 -1.5490 0.9188
-0.3950 14.6659 -1.0757 0.9429
-0.9083 14.4372 -1.0607 0.9436
-1.4353 14.4890 -1.0676 0.9433
-2.0083 14.8257 -1.0970 0.9418
-2.5607 14.8689 -1.1063 0.9413
-5.3591 21.6784 -1.6374 0.9143
-6.1531 21.5392 -1.6425 0.9141
-5.1732 15.9214 -1.2275 0.9351
-6.1920 15.2382 -1.2060 0.9362
-6.5205 14.5282 -1.1676 0.9381
-7.4291 15.0788 -1.2325 0.9348
-14.9190 23.5085 -2.0415 0.8943
-10.9007 15.8860 -1.4127 0.9256
-11.6779 15.7734 -1.4390 0.9243
-12.4165 15.5697 -1.4602 0.9232
-17.3249 16.2692 -1.7426 0.9091
-18.5072 16.1692 -1.8019 0.9061
-23.8716 16.6973 -2.1360 0.8897
-12.8137 7.6558 -1.0944 0.9419
-28.6079 13.1495 -2.3086 0.8814
-29.0714 12.1183 -2.3094 0.8813
-29.4983 11.0709 -2.3102 0.8813
-20.4852 6.0513 -1.5662 0.9179
-30.5547 7.8451 -2.3130 0.8812
-30.8303 6.7462 -2.3140 0.8811
-33.2900 4.8141 -2.4663 0.8738
-33.4582 3.6178 -2.4675 0.8737
-33.5840 2.4157 -2.4688 0.8737
-33.6672 1.2093 -2.4701 0.8736
-33.7076 -0.0000 -2.4715 0.8735
-33.7052 -1.2107 -2.4729 0.8735
-33.6597 -2.4213 -2.4744 0.8734
-33.5712 -3.6301 -2.4759 0.8733
-33.0485 -7.2317 -2.4805 0.8731
-32.1433 -10.7640 -2.4855 0.8729
-31.7578 -11.9190 -2.4871 0.8728
-30.3819 -12.6646 -2.4135 0.8763
-24.4265 -11.2276 -1.9711 0.8978
-22.5896 -11.3826 -1.8547 0.9035
-21.6143 -12.9140 -1.8461 0.9039
-24.9210 -20.2426 -2.3541 0.8792
-19.5659 -19.7424 -2.0380 0.8945
-13.6131 -19.8391 -1.7642 0.9080
-17.4953 -27.5684 -2.3941 0.8773
-15.5194 -28.8401 -2.4013 0.8769
-14.4949 -29.4206 -2.4048 0.8767
-7.5096 -16.7319 -1.3447 0.9291
-8.7870 -30.7600 -2.3456 0.8796
-7.7696 -31.4293 -2.3738 0.8782
-1.3349 -13.4759 -0.9929 0.9471
-0.3663 -13.6002 -0.9976 0.9469
2.6764 -33.0574 -2.4318 0.8754
2.0373 -17.3799 -1.2831 0.9322
2.6167 -17.0146 -1.2622 0.9333
3.3679 -17.6551 -1.3179 0.9305
4.3567 -19.0879 -1.4356 0.9245
8.5292 -32.0228 -2.4298 0.8755
9.6690 -31.6823 -2.4288 0.8756
12.9951 -30.4035 -2.4243 0.8758
14.0671 -29.8939 -2.4224 0.8759
15.1179 -29.3441 -2.4203 0.8760
12.4795 -22.2250 -1.8689 0.9028
17.1500 -28.1277 -2.4155 0.8762
19.0795 -26.7624 -2.4099 0.8765
20.0023 -26.0270 -2.4068 0.8766
21.7575 -24.4568 -2.4001 0.8770
24.9947 -21.0581 -2.3964 0.8771
26.4315 -19.2035 -2.3955 0.8772
24.8596 -16.7318 -2.1972 0.8868
25.5103 -15.8698 -2.2029 0.8865
31.8103 -13.9354 -2.5464 0.8700
32.7036 -11.6085 -2.5445 0.8701
33.0858 -10.4228 -2.5434 0.8701
33.9685 -6.7963 -2.5400 0.8703
34.1739 -5.5699 -2.5388 0.8703
34.4497 -3.1005 -2.5361 0.8705
34.5201 -1.8609 -2.5348 0.8705
34.5452 -0.6202 -2.5333 0.8706
32.4276 0.5823 -2.3781 0.8780
26.6113 1.4346 -1.9540 0.8986
29.9393 2.6946 -2.2041 0.8864
31.7013 6.3428 -2.3705 0.8784
31.4326 7.4718 -2.3689 0.8785
25.4551 12.2586 -2.0716 0.8929
21.3604 12.2474 -1.8054 0.9060
19.8449 13.3568 -1.7540 0.9085
14.2173 13.8395 -1.4548 0.9235
19.2616 20.1461 -2.0437 0.8942
11.1862 13.5218 -1.2867 0.9320
11.1391 19.8382 -1.6682 0.9128
9.5102 20.2102 -1.6377 0.9143
5.9937 14.0231 -1.1182 0.9407
5.4327 14.0896 -1.1072 0.9412
4.7860 13.8771 -1.0763 0.9428
4.2511 13.9297 -1.0679 0.9433
3.2636 14.2989 -1.0754 0.9429
3.2999 21.4576 -1.5918 0.9166
2.5541 21.7892 -1.6086 0.9158
0.9478 21.1041 -1.5490 0.9188
0.1311 14.6035 -1.0708 0.9431
-0.3950 14.6659 -1.0757 0.9429
-0.9083 14.4372 -1.0607 0.9436
-1.4353 14.4890 -1.0676 0.9433
-2.5607 14.8689 -1.1063 0.9413
-5.3591 21.6784 -1.6374 0.9143
-6.1531 21.5392 -1.6425 0.9141
-5.1732 15.9214 -1.2275 0.9351
-5.5351 15.1603 -1.1834 0.9373
-6.1920 15.2382 -1.2060 0.9362
-6.5205 14.5282 -1.1676 0.9381
-7.4291 15.0788 -1.2325 0.9348
-13.1346 22.4386 -1.9064 0.9010
-14.9189 23.5085 -2.0415 0.8943
-10.9007 15.8859 -1.4126 0.9256
-16.5145 16.6633 -1.7202 0.9102
-17.3249 16.2692 -1.7426 0.9091
-22.2219 16.7627 -2.0409 0.8944
-26.4015 17.0892 -2.3060 0.8815
-12.8137 7.6558 -1.0944 0.9419
-28.6079 13.1495 -2.3086 0.8814
-29.0714 12.1183 -2.3094 0.8813
-29.4983 11.0708 -2.3102 0.8813
-29.8882 10.0087 -2.3111 0.8812
-20.4852 6.0513 -1.5662 0.9179
-33.2900 4.8141 -2.4663 0.8738
-33.5840 2.4157 -2.4688 0.8737
-25.8173 -0.0000 -2.4786 0.9015
-25.7735 -1.8540 -2.4808 0.9014
-25.5979 -3.7018 -2.4831 0.9013
-24.8535 -7.3418 -2.4880 0.9011
-23.5961 -10.8459 -2.4932 0.9009
-23.2041 -11.6922 -2.4945 0.9009
-22.7818 -12.5244 -2.4959 0.9008
-20.8678 -13.5074 -2.3865 0.9049
-19.5346 -14.7357 -2.3492 0.9064
-18.4473 -16.1170 -2.3517 0.9063
-17.8667 -16.7780 -2.3530 0.9062
-17.2623 -17.4180 -2.3543 0.9062
-14.6232 -19.7518 -2.3594 0.9060
-13.1912 -20.7860 -2.3635 0.9058
-6.6818 -18.3013 -1.8705 0.9247
2.0101 -24.8285 -2.3915 0.9047
2.6118 -16.9831 -1.6496 0.9333
3.3647 -17.6381 -1.7239 0.9304
9.7678 -22.8528 -2.3860 0.9050
10.5780 -22.4795 -2.3851 0.9050
11.4306 -18.7473 -2.1080 0.9155
15.1442 -19.7058 -2.3860 0.9050
20.8266 -16.3050 -2.5393 0.8992
22.9296 -13.1471 -2.5375 0.8992
23.3815 -12.3127 -2.5370 0.8993
23.8026 -11.4627 -2.5363 0.8993
24.1925 -10.5982 -2.5357 0.8993
25.8494 -5.1719 -2.5309 0.8995
26.1339 -3.3015 -2.5289 0.8996
26.2251 -2.3603 -2.5279 0.8996
26.3047 -0.4723 -2.5258 0.8997
26.2931 0.4721 -2.5247 0.8997
24.4688 3.0911 -2.3678 0.9056
24.1604 4.8340 -2.3655 0.9057
23.1723 8.2253 -2.3607 0.9059
22.4986 9.8561 -2.3581 0.9060
22.1184 10.6517 -2.3569 0.9061
21.7101 11.4326 -2.3556 0.9061
20.2071 12.5708 -2.2847 0.9088
19.8070 14.3913 -2.3505 0.9063
14.1484 13.7724 -1.8956 0.9237
16.8729 17.6476 -2.3440 0.9065
16.2198 18.2321 -2.3428 0.9066
9.5588 13.4081 -1.5809 0.9360
8.4575 13.8711 -1.5597 0.9368
9.5098 20.2093 -2.1443 0.9142
5.9935 14.0224 -1.4640 0.9406
4.7861 13.8774 -1.4093 0.9427
4.2512 13.9300 -1.3982 0.9432
3.2635 14.2983 -1.4080 0.9428
3.3000 21.4581 -2.0843 0.9165
2.5542 21.7897 -2.1062 0.9156
0.1311 14.6028 -1.4020 0.9430
-0.3950 14.6652 -1.4084 0.9428
-0.9083 14.4375 -1.3888 0.9435
-1.4353 14.4894 -1.3979 0.9432
-2.5606 14.8683 -1.4484 0.9412
-4.5335 21.6468 -2.1233 0.9150
-5.3589 21.6774 -2.1438 0.9142
-5.1331 15.7982 -1.5948 0.9354
-8.2722 15.3723 -1.6759 0.9323
-12.1781 20.8045 -2.3144 0.9077
-11.6297 15.7084 -1.8764 0.9245
-12.4168 15.5702 -1.9120 0.9231
-13.6463 15.9054 -2.0120 0.9192
-16.3428 17.7194 -2.3142 0.9077
-18.1572 15.8635 -2.3148 0.9077
-19.2533 14.5230 -2.3153 0.9076
-19.7653 13.8251 -2.3157 0.9076
-20.2523 13.1090 -2.3161 0.9076
-21.5577 10.8626 -2.3175 0.9076
-21.9391 10.0842 -2.3181 0.9075
-22.2927 9.2926 -2.3187 0.9075
-22.6182 8.4888 -2.3194 0.9075
-17.8609 5.9811 -1.8083 0.9271
-20.4858 6.0515 -2.0508 0.9177
-23.4216 6.0136 -2.3215 0.9074
-25.7291 1.8507 -2.4765 0.9015
-25.7896 0.9263 -2.4775 0.9015
-25.8118 -0.9272 -2.4797 0.9014
-25.5979 -3.7018 -2.4831 0.9013
-25.2908 -5.5341 -2.4855 0.9012
-25.0884 -6.4416 -2.4867 0.9011
-24.5866 -8.2334 -2.4893 0.9011
-24.2879 -9.1154 -2.4906 0.9010
-23.9576 -9.9866 -2.4919 0.9010
-23.5961 -10.8460 -2.4932 0.9009
-23.2041 -11.6922 -2.4945 0.9009
-22.2704 -13.3060 -2.4906 0.9010
-20.8678 -13.5074 -2.3865 0.9049
-19.5346 -14.7357 -2.3492 0.9064
-19.0035 -15.4359 -2.3505 0.9063
-18.4473 -16.1170 -2.3517 0.9063
-17.8667 -16.7780 -2.3530 0.9062
-16.6350 -18.0362 -2.3556 0.9061
-15.9855 -18.6318 -2.3569 0.9061
-14.6232 -19.7518 -2.3594 0.9060
-13.1912 -20.7860 -2.3635 0.9058
-12.4513 -21.2714 -2.3663 0.9057
-8.8160 -16.3829 -1.7861 0.9280
-8.9208 -18.1068 -1.9379 0.9221
-7.4961 -16.7019 -1.7576 0.9291
-7.6614 -23.5794 -2.3802 0.9052
-6.8153 -23.8575 -2.3821 0.9051
-3.4670 -14.0245 -1.3869 0.9436
-2.8571 -13.6423 -1.3381 0.9455
-0.3615 -13.4215 -1.2890 0.9475
0.2236 -24.9026 -2.3909 0.9048
2.0369 -17.3765 -1.6797 0.9321
4.9821 -21.8278 -2.1495 0.9140
7.2644 -23.8031 -2.3893 0.9048
4.9957 -14.4852 -1.4710 0.9403
9.7678 -22.8528 -2.3860 0.9050
11.4306 -18.7473 -2.1080 0.9155
15.8417 -19.1493 -2.3860 0.9050
17.1733 -17.9619 -2.3858 0.9050
19.0524 -17.2583 -2.4680 0.9019
21.3953 -15.5446 -2.5389 0.8992
21.9358 -14.7641 -2.5385 0.8992
22.9296 -13.1470 -2.5375 0.8992
24.1925 -10.5982 -2.5357 0.8993
24.5505 -9.7202 -2.5350 0.8993
25.1694 -7.9290 -2.5335 0.8994
25.4295 -7.0181 -2.5326 0.8994
25.6563 -6.0986 -2.5318 0.8995
25.8494 -5.1719 -2.5309 0.8995
26.1339 -3.3015 -2.5289 0.8996
26.3047 -0.4723 -2.5258 0.8997
24.6505 1.3289 -2.3700 0.9056
24.5756 2.2119 -2.3689 0.9056
24.1604 4.8340 -2.3655 0.9057
23.7273 6.5483 -2.3631 0.9058
23.4649 7.3920 -2.3619 0.9059
23.1723 8.2253 -2.3607 0.9059
22.1184 10.6517 -2.3569 0.9061
21.2741 12.1979 -2.3543 0.9062
20.2071 12.5708 -2.2847 0.9088
19.8069 14.3908 -2.3505 0.9063
6.5480 5.1264 -0.7984 0.9671
6.3349 5.3372 -0.7953 0.9673
16.8729 17.6477 -2.3440 0.9065
9.5588 13.4081 -1.5809 0.9360
9.0630 13.7299 -1.5794 0.9360
9.5097 20.2093 -2.1443 0.9142
5.9935 14.0224 -1.4640 0.9406
4.7861 13.8774 -1.4093 0.9427
3.2635 14.2983 -1.4080 0.9428
2.5542 21.7897 -2.1062 0.9156
0.9452 21.0473 -2.0227 0.9188
0.1311 14.6028 -1.4020 0.9430
-0.3950 14.6652 -1.4084 0.9428
-0.9083 14.4375 -1.3888 0.9435
-1.4353 14.4894 -1.3979 0.9432
-2.0082 14.8251 -1.4363 0.9417
-5.3589 21.6774 -2.1438 0.9142
-6.1532 21.5398 -2.1507 0.9139
-5.1331 15.7981 -1.5948 0.9354
-5.5348 15.1596 -1.5494 0.9372
-6.1917 15.2374 -1.5790 0.9360
-7.4293 15.0793 -1.6139 0.9347
-10.7357 16.9167 -1.9235 0.9226
-13.6463 15.9054 -2.0120 0.9192
-17.3236 16.2680 -2.2815 0.9089
-19.2533 14.5230 -2.3153 0.9076
-19.7653 13.8251 -2.3157 0.9076
-20.2523 13.1090 -2.3161 0.9076
-12.7822 7.6370 -1.4295 0.9419
-21.9391 10.0842 -2.3181 0.9075
-22.2927 9.2926 -2.3187 0.9075
-25.1453 5.5023 -2.4712 0.9017
-25.3517 4.6006 -2.4736 0.9016
-25.5100 3.6890 -2.4746 0.9016
-25.6359 2.7720 -2.4755 0.9016
-25.8172 -0.0000 -2.4786 0.9015
-25.7735 -1.8540 -2.4808 0.9014
-25.4608 -4.6205 -2.4843 0.9012
-25.0884 -6.4416 -2.4867 0.9011
-24.8535 -7.3418 -2.4880 0.9011
-24.2879 -9.1154 -2.4906 0.9010
-23.9576 -9.9866 -2.4919 0.9010
-23.2041 -11.6922 -2.4945 0.9009
-22.7817 -12.5244 -2.4959 0.9008
-22.2704 -13.3060 -2.4906 0.9010
-19.5346 -14.7357 -2.3492 0.9064
-18.4473 -16.1170 -2.3517 0.9063
-17.8667 -16.7780 -2.3530 0.9062
-14.6232 -19.7518 -2.3594 0.9060
-13.9121 -20.2747 -2.3606 0.9059
-8.8160 -16.3830 -1.7861 0.9280
-8.9208 -18.1068 -1.9379 0.9221
-9.3174 -22.9296 -2.3762 0.9053
-6.8153 -23.8575 -2.3821 0.9051
-3.4670 -14.0245 -1.3869 0.9436
0.2236 -24.9026 -2.3909 0.9048
1.1175 -24.8825 -2.3912 0.9048
2.0102 -24.8285 -2.3915 0.9047
2.0369 -17.3765 -1.6797 0.9321
2.6118 -16.9831 -1.6496 0.9333
3.3647 -17.6381 -1.7239 0.9304
4.9821 -21.8278 -2.1495 0.9140
6.4073 -24.0564 -2.3900 0.9048
8.9458 -23.2009 -2.3872 0.9049
9.7678 -22.8528 -2.3860 0.9050
10.5781 -22.4795 -2.3851 0.9050
11.3794 -22.0877 -2.3854 0.9050
12.1660 -21.6669 -2.3856 0.9050
11.4306 -18.7473 -2.1080 0.9155
15.1442 -19.7057 -2.3860 0.9050
16.5183 -18.5677 -2.3859 0.9050
17.1734 -17.9619 -2.3858 0.9050
20.2140 -17.0304 -2.5376 0.8992
20.8266 -16.3049 -2.5393 0.8992
22.4474 -13.9645 -2.5380 0.8992
23.3815 -12.3127 -2.5370 0.8993
24.1925 -10.5982 -2.5357 0.8993
24.8763 -8.8301 -2.5342 0.8994
25.1694 -7.9290 -2.5335 0.8994
25.4295 -7.0181 -2.5326 0.8994
25.6563 -6.0986 -2.5318 0.8995
26.0087 -4.2391 -2.5299 0.8995
26.1339 -3.3015 -2.5289 0.8996
26.2251 -2.3603 -2.5279 0.8996
24.4688 3.0912 -2.3678 0.9056
23.9593 5.6953 -2.3643 0.9058
23.4649 7.3920 -2.3619 0.9059
23.1723 8.2253 -2.3607 0.9059
22.4986 9.8561 -2.3581 0.9060
22.1184 10.6517 -2.3569 0.9061
21.7101 11.4326 -2.3556 0.9061
21.2741 12.1979 -2.3543 0.9062
20.2071 12.5708 -2.2847 0.9088
19.8453 13.3571 -2.2966 0.9083
6.5480 5.1264 -0.7984 0.9671
6.3349 5.3372 -0.7953 0.9673
14.4979 13.1328 -1.8780 0.9244
14.1484 13.7725 -1.8956 0.9237
16.2197 18.2321 -2.3428 0.9066
9.5588 13.4081 -1.5809 0.9360
8.4575 13.8712 -1.5597 0.9368
9.5097 20.2093 -2.1443 0.9142
4.7861 13.8774 -1.4093 0.9427
4.2512 13.9300 -1.3982 0.9432
3.7356 14.0252 -1.3934 0.9433
3.2635 14.2983 -1.4080 0.9428
3.3000 21.4581 -2.0843 0.9165
1.7703 21.8668 -2.1062 0.9156
0.1311 14.6028 -1.4020 0.9430
-0.9083 14.4375 -1.3888 0.9435
-1.4353 14.4894 -1.3979 0.9432
-2.0082 14.8251 -1.4363 0.9417
-2.5606 14.8683 -1.4484 0.9412
-4.5335 21.6468 -2.1233 0.9150
-5.3589 21.6774 -2.1438 0.9142
-6.1532 21.5398 -2.1507 0.9139
-5.5348 15.1596 -1.5494 0.9372
-6.5149 14.5157 -1.5275 0.9381
-7.4293 15.0793 -1.6139 0.9347
-12.1781 20.8045 -2.3144 0.9077
-10.7357 16.9167 -1.9235 0.9226
-10.8491 15.8108 -1.8409 0.9258
-11.6298 15.7084 -1.8764 0.9245
-12.4169 15.5702 -1.9120 0.9231
-16.3428 17.7193 -2.3142 0.9077
-16.5158 16.6647 -2.2525 0.9100
-17.3236 16.2680 -2.2815 0.9089
-18.7171 15.2032 -2.3150 0.9076
-19.2533 14.5230 -2.3153 0.9076
-19.7653 13.8251 -2.3157 0.9076
-21.5577 10.8626 -2.3175 0.9076
-22.2927 9.2926 -2.3187 0.9075
-25.1453 5.5022 -2.4712 0.9017
-25.3517 4.6006 -2.4736 0.9016
-25.6359 2.7720 -2.4755 0.9016
-25.7291 1.8507 -2.4765 0.9015
-25.7896 0.9263 -2.4775 0.9015
-25.8118 -0.9272 -2.4797 0.9014
-25.7735 -1.8540 -2.4808 0.9014
-25.5979 -3.7018 -2.4831 0.9013
-24.8535 -7.3418 -2.4880 0.9011
-24.5866 -8.2334 -2.4893 0.9011
-23.9576 -9.9867 -2.4919 0.9010
-23.5961 -10.8460 -2.4932 0.9009
-23.2041 -11.6922 -2.4945 0.9009
-18.4473 -16.1170 -2.3517 0.9063
-15.9855 -18.6318 -2.3569 0.9061
-15.3146 -19.2040 -2.3581 0.9060
-13.1912 -20.7860 -2.3635 0.9058
-12.4513 -21.2714 -2.3663 0.9057
-8.8160 -16.3830 -1.7861 0.9280
-7.4961 -16.7019 -1.7576 0.9291
-7.6614 -23.5795 -2.3802 0.9052
-6.8152 -23.8575 -2.3821 0.9051
-2.8571 -13.6422 -1.3381 0.9455
-2.2804 -13.2415 -1.2900 0.9474
-0.3615 -13.4215 -1.2890 0.9475
2.0102 -24.8285 -2.3915 0.9047
2.0369 -17.3765 -1.6796 0.9321
3.3647 -17.6381 -1.7239 0.9304
4.9821 -21.8278 -2.1495 0.9140
6.4073 -24.0564 -2.3900 0.9048
7.2644 -23.8031 -2.3893 0.9048
4.9958 -14.4852 -1.4710 0.9403
8.9459 -23.2009 -2.3872 0.9049
9.7678 -22.8528 -2.3860 0.9050
10.5781 -22.4795 -2.3851 0.9050
11.3794 -22.0877 -2.3854 0.9050
12.1660 -21.6669 -2.3856 0.9050
11.4306 -18.7473 -2.1080 0.9155
12.7366 -17.8654 -2.1064 0.9156
15.1442 -19.7057 -2.3860 0.9050
16.5184 -18.5677 -2.3859 0.9050
17.1734 -17.9619 -2.3858 0.9050
20.2140 -17.0304 -2.5376 0.8992
21.3953 -15.5445 -2.5389 0.8992
21.9358 -14.7640 -2.5385 0.8992
24.5505 -9.7202 -2.5350 0.8993
24.8763 -8.8301 -2.5342 0.8994
25.1694 -7.9289 -2.5335 0.8994
25.4295 -7.0181 -2.5326 0.8994
26.0087 -4.2391 -2.5299 0.8995
26.1339 -3.3015 -2.5289 0.8996
26.3047 -0.4722 -2.5258 0.8997
26.2931 0.4721 -2.5247 0.8997
24.6505 1.3289 -2.3700 0.9056
24.4688 3.0912 -2.3678 0.9056
24.1604 4.8340 -2.3655 0.9057
23.7273 6.5483 -2.3631 0.9058
23.4649 7.3921 -2.3619 0.9059
22.4986 9.8562 -2.3581 0.9060
22.1184 10.6517 -2.3569 0.9061
21.7101 11.4326 -2.3556 0.9061
19.8453 13.3570 -2.2966 0.9083
19.8070 14.3913 -2.3505 0.9063
6.5480 5.1264 -0.7984 0.9671
6.3349 5.3373 -0.7953 0.9673
14.4979 13.1328 -1.8780 0.9244
14.1484 13.7725 -1.8956 0.9237
16.8729 17.6477 -2.3440 0.9065
9.5588 13.4081 -1.5809 0.9360
8.4575 13.8712 -1.5597 0.9368
11.1394 19.8387 -2.1843 0.9126
5.9935 14.0224 -1.4640 0.9406
4.7861 13.8774 -1.4093 0.9427
1.7703 21.8668 -2.1062 0.9156
0.1311 14.6029 -1.4020 0.9430
-0.3950 14.6652 -1.4084 0.9428
-2.5606 14.8683 -1.4484 0.9412
-4.5335 21.6468 -2.1233 0.9150
-5.1331 15.7981 -1.5947 0.9354
-6.5149 14.5157 -1.5275 0.9381
-7.4293 15.0793 -1.6139 0.9347
-12.1781 20.8045 -2.3144 0.9077
-10.8491 15.8107 -1.8409 0.9258
-11.6298 15.7084 -1.8764 0.9245
-13.6463 15.9054 -2.0120 0.9192
-16.3428 17.7193 -2.3142 0.9077
-17.3236 16.2680 -2.2815 0.9089
-18.7171 15.2032 -2.3150 0.9076
-19.2533 14.5230 -2.3153 0.9076
-12.8361 7.0567 -1.4063 0.9428
-21.5577 10.8626 -2.3175 0.9076
-21.9391 10.0842 -2.3181 0.9075
-22.6182 8.4887 -2.3194 0.9075
-17.8609 5.9811 -1.8083 0.9271
-20.4858 6.0515 -2.0507 0.9177
-23.4216 6.0136 -2.3215 0.9074
-25.1453 5.5022 -2.4712 0.9017
-25.3517 4.6006 -2.4736 0.9016
-25.6359 2.7720 -2.4755 0.9016
-25.7291 1.8507 -2.4765 0.9015
-20.9030 0.0000 -2.4830 0.9192
-20.8969 -0.7506 -2.4839 0.9192
-20.1082 -5.9400 -2.4906 0.9190
-19.8903 -6.6607 -2.4916 0.9190
-19.0833 -8.7716 -2.4948 0.9189
-18.4208 -10.1269 -2.4970 0.9188
-18.0533 -10.7864 -2.4981 0.9188
-16.8114 -12.6815 -2.5014 0.9187
-16.3526 -13.2827 -2.5025 0.9186
-13.9843 -14.1104 -2.3598 0.9231
-13.4380 -14.5699 -2.3544 0.9233
-12.9120 -15.0495 -2.3555 0.9232
-11.2338 -16.3715 -2.3585 0.9231
-8.5294 -15.8503 -2.1381 0.9301
-7.8401 -15.9131 -2.1072 0.9310
-6.5893 -18.0480 -2.2823 0.9255
-2.7208 -12.9916 -1.5767 0.9479
-0.8287 -13.1714 -1.5677 0.9482
-0.3557 -13.2072 -1.5694 0.9482
0.8965 -19.9615 -2.3735 0.9227
2.0371 -17.3787 -2.0785 0.9319
2.6121 -16.9853 -2.0413 0.9331
3.3417 -17.5175 -2.1184 0.9307
6.0590 -14.1758 -1.8312 0.9398
9.1701 -17.7995 -2.3784 0.9225
9.6688 -17.2196 -2.3458 0.9235
10.4249 -17.0979 -2.3787 0.9225
13.5779 -16.4128 -2.5303 0.9178
14.7353 -15.4119 -2.5328 0.9177
17.2428 -12.5276 -2.5317 0.9177
18.4813 -10.5966 -2.5306 0.9178
19.7916 -7.8361 -2.5285 0.9178
20.0554 -7.1189 -2.5279 0.9178
20.5040 -5.6587 -2.5266 0.9179
20.8453 -4.1707 -2.5252 0.9179
21.2207 -0.3810 -2.5211 0.9181
21.1699 1.1412 -2.5183 0.9181
19.7466 2.4946 -2.3643 0.9230
19.3409 4.5975 -2.3614 0.9230
10.6170 2.9301 -1.3083 0.9566
18.9456 5.9683 -2.3595 0.9231
18.7112 6.6417 -2.3585 0.9231
18.4529 7.3060 -2.3575 0.9232
18.1709 7.9603 -2.3565 0.9232
17.8657 8.6037 -2.3555 0.9232
16.4215 11.0526 -2.3513 0.9234
16.0070 11.6298 -2.3503 0.9234
14.4971 13.1320 -2.3235 0.9242
14.1487 13.7727 -2.3455 0.9235
13.6430 14.2695 -2.3451 0.9236
13.1163 14.7436 -2.3441 0.9236
11.1412 13.4674 -2.0762 0.9320
10.2523 13.3403 -1.9985 0.9345
9.5591 13.4085 -1.9560 0.9358
9.0263 13.6743 -1.9463 0.9361
9.0111 17.4908 -2.3372 0.9238
5.4107 14.0324 -1.7865 0.9412
4.7862 13.8777 -1.7438 0.9426
4.2513 13.9304 -1.7301 0.9430
3.7350 14.0232 -1.7238 0.9432
3.2505 14.2414 -1.7352 0.9429
2.9810 19.3837 -2.3296 0.9240
2.2825 19.4721 -2.3289 0.9241
1.5816 19.5356 -2.3282 0.9241
-0.3934 14.6055 -1.7356 0.9428
-0.9084 14.4379 -1.7184 0.9434
-2.0000 14.7648 -1.7699 0.9417
-2.5505 14.8100 -1.7851 0.9413
-4.0097 19.1459 -2.3236 0.9242
-5.1339 15.8004 -1.9734 0.9353
-5.5128 15.0995 -1.9094 0.9373
-6.5156 14.5172 -1.8902 0.9379
-7.4295 15.0797 -1.9969 0.9345
-8.2718 15.3715 -2.0735 0.9321
-9.8708 16.8629 -2.3210 0.9243
-11.6253 15.7025 -2.3208 0.9243
-13.2467 14.3625 -2.3209 0.9243
-13.7543 13.8783 -2.3210 0.9243
-11.8041 8.2565 -1.7111 0.9436
-16.4131 10.6239 -2.3224 0.9243
-12.7507 7.6182 -1.7644 0.9419
-12.8220 7.0489 -1.7381 0.9428
-17.4689 8.8023 -2.3236 0.9242
-13.4716 6.1922 -1.7612 0.9420
-17.8183 5.9669 -2.2321 0.9271
-18.7810 5.5479 -2.3262 0.9241
-20.1738 5.1798 -2.4741 0.9195
-20.3809 4.4597 -2.4783 0.9194
-20.5338 3.7263 -2.4790 0.9194
-20.8823 0.7501 -2.4821 0.9193
-20.9029 -0.0000 -2.4830 0.9192
-20.8045 -2.2496 -2.4857 0.9192
-20.3001 -5.2122 -2.4896 0.9190
-20.1082 -5.9400 -2.4906 0.9190
-19.3775 -8.0774 -2.4938 0.9189
-18.4208 -10.1269 -2.4970 0.9188
-18.0533 -10.7864 -2.4981 0.9188
-17.6623 -11.4325 -2.4992 0.9187
-17.2482 -12.0645 -2.5003 0.9187
-16.8114 -12.6815 -2.5014 0.9187
-15.8341 -13.8339 -2.4976 0.9188
-14.9262 -14.0166 -2.4322 0.9208
-13.4380 -14.5699 -2.3544 0.9233
-12.3688 -15.5100 -2.3565 0.9232
-11.8092 -15.9509 -2.3575 0.9232
-10.0386 -17.1496 -2.3605 0.9231
-8.5294 -15.8503 -2.1381 0.9301
-7.8401 -15.9131 -2.1072 0.9310
-7.1695 -15.9741 -2.0799 0.9319
-6.5044 -16.0070 -2.0524 0.9328
-6.5893 -18.0480 -2.2823 0.9255
-6.1551 -18.9437 -2.3660 0.9229
-3.1936 -12.9185 -1.5807 0.9478
-2.2450 -13.0360 -1.5713 0.9481
-1.2987 -13.1102 -1.5649 0.9483
-0.8287 -13.1714 -1.5677 0.9482
-0.3557 -13.2072 -1.5694 0.9482
0.8965 -19.9615 -2.3735 0.9227
1.6129 -19.9215 -2.3741 0.9226
2.0371 -17.3787 -2.0785 0.9319
2.6121 -16.9853 -2.0413 0.9331
4.4513 -19.5024 -2.3762 0.9226
5.1494 -19.3335 -2.3766 0.9226
5.0785 -14.7252 -1.8502 0.9392
6.0590 -14.1757 -1.8312 0.9398
9.1701 -17.7994 -2.3784 0.9225
10.4249 -17.0979 -2.3787 0.9225
11.0324 -16.7133 -2.3788 0.9225
11.7992 -16.5505 -2.4144 0.9214
13.5779 -16.4128 -2.5303 0.9178
14.1731 -15.9315 -2.5329 0.9177
15.2782 -14.8722 -2.5327 0.9177
17.2428 -12.5276 -2.5317 0.9177
17.6790 -11.8990 -2.5314 0.9177
18.4813 -10.5966 -2.5306 0.9178
18.8464 -9.9245 -2.5301 0.9178
19.5019 -8.5433 -2.5291 0.9178
20.2929 -6.3928 -2.5273 0.9179
20.5040 -5.6587 -2.5266 0.9179
20.9753 -3.4187 -2.5244 0.9180
19.5014 3.9018 -2.3624 0.9230
10.6170 2.9301 -1.3083 0.9566
18.4529 7.3060 -2.3575 0.9232
18.1709 7.9603 -2.3565 0.9232
16.8151 10.4606 -2.3524 0.9233
16.4215 11.0526 -2.3513 0.9234
6.5404 5.1204 -0.9867 0.9671
6.3325 5.3351 -0.9836 0.9672
14.1487 13.7727 -2.3455 0.9235
13.6430 14.2695 -2.3451 0.9236
11.1412 13.4674 -2.0762 0.9320
9.5591 13.4085 -1.9560 0.9358
8.3838 13.7502 -1.9130 0.9372
9.6370 17.1630 -2.3381 0.9238
9.0111 17.4908 -2.3372 0.9238
4.7862 13.8777 -1.7438 0.9426
4.2513 13.9304 -1.7301 0.9430
2.9809 19.3837 -2.3296 0.9240
2.2825 19.4721 -2.3289 0.9241
0.1305 14.5454 -1.7279 0.9431
-2.0000 14.7648 -1.7699 0.9417
-5.1339 15.8004 -1.9734 0.9353
-5.5128 15.0996 -1.9094 0.9373
-6.5156 14.5172 -1.8902 0.9379
-9.8708 16.8629 -2.3210 0.9243
-11.6253 15.7025 -2.3208 0.9243
-12.1815 15.2751 -2.3208 0.9243
-13.7544 13.8783 -2.3210 0.9243
-14.2446 13.3765 -2.3212 0.9243
-14.7167 12.8576 -2.3213 0.9243
-15.6044 11.7709 -2.3218 0.9243
-16.4131 10.6239 -2.3224 0.9243
-12.7507 7.6182 -1.7644 0.9419
-12.8220 7.0489 -1.7381 0.9428
-18.0628 7.5294 -2.3246 0.9242
-18.7810 5.5479 -2.3262 0.9241
-20.3809 4.4597 -2.4783 0.9194
-20.5338 3.7263 -2.4790 0.9194
-20.7610 2.2449 -2.4805 0.9193
-20.8350 1.4987 -2.4813 0.9193
-20.8641 -1.5008 -2.4848 0.9192
-20.8045 -2.2496 -2.4857 0.9192
-20.7182 -2.9961 -2.4866 0.9191
-20.4659 -4.4783 -2.4886 0.9191
-20.3001 -5.2122 -2.4896 0.9190
-19.6466 -7.3735 -2.4927 0.9189
-19.3775 -8.0774 -2.4938 0.9189
-19.0833 -8.7716 -2.4948 0.9189
-18.7642 -9.4551 -2.4959 0.9188
-18.0533 -10.7864 -2.4981 0.9188
-17.2482 -12.0645 -2.5003 0.9187
-16.3526 -13.2827 -2.5025 0.9186
-15.8341 -13.8339 -2.4976 0.9188
-14.9261 -14.0166 -2.4322 0.9208
-12.3688 -15.5100 -2.3565 0.9232
-11.8092 -15.9509 -2.3575 0.9232
-10.6433 -16.7712 -2.3595 0.9231
-8.5294 -15.8503 -2.1381 0.9301
-7.8400 -15.9131 -2.1072 0.9310
-6.1551 -18.9437 -2.3660 0.9229
-3.7085 -12.9820 -1.6038 0.9471
-2.7208 -12.9916 -1.5767 0.9479
-2.2450 -13.0360 -1.5713 0.9481
-0.8287 -13.1714 -1.5677 0.9482
-0.3557 -13.2072 -1.5694 0.9482
1.6129 -19.9215 -2.3741 0.9226
2.6121 -16.9853 -2.0413 0.9331
3.3417 -17.5176 -2.1184 0.9307
4.4513 -19.5024 -2.3762 0.9226
5.1494 -19.3335 -2.3766 0.9226
4.5532 -14.9193 -1.8529 0.9391
8.5246 -18.1156 -2.3782 0.9225
9.6689 -17.2196 -2.3458 0.9235
10.4249 -17.0979 -2.3787 0.9225
11.0324 -16.7133 -2.3788 0.9225
12.7831 -16.6334 -2.4919 0.9190
13.5779 -16.4128 -2.5303 0.9178
14.7353 -15.4119 -2.5328 0.9177
16.3032 -13.7355 -2.5323 0.9177
16.7840 -13.1400 -2.5320 0.9177
17.6790 -11.8990 -2.5314 0.9177
19.1868 -9.2398 -2.5296 0.9178
20.2929 -6.3928 -2.5273 0.9179
20.5040 -5.6587 -2.5266 0.9179
20.6881 -4.9177 -2.5259 0.9179
20.9753 -3.4187 -2.5244 0.9180
21.1531 -1.9038 -2.5228 0.9180
21.2007 -1.1429 -2.5220 0.9180
21.2207 -0.3810 -2.5211 0.9181
21.2132 0.3809 -2.5202 0.9181
21.1699 1.1412 -2.5183 0.9181
19.8310 1.7848 -2.3652 0.9229
19.5014 3.9018 -2.3624 0.9230
10.6170 2.9301 -1.3083 0.9566
18.9456 5.9683 -2.3595 0.9231
18.7112 6.6418 -2.3585 0.9231
18.4529 7.3060 -2.3575 0.9232
18.1709 7.9603 -2.3565 0.9232
17.8657 8.6037 -2.3555 0.9232
16.8151 10.4606 -2.3524 0.9233
16.4215 11.0526 -2.3513 0.9234
16.0070 11.6298 -2.3503 0.9234
6.5404 5.1204 -0.9867 0.9671
13.6430 14.2695 -2.3451 0.9236
11.1412 13.4674 -2.0762 0.9320
10.2522 13.3403 -1.9985 0.9345
9.6370 17.1630 -2.3381 0.9238
9.0111 17.4908 -2.3372 0.9238
8.3741 17.7960 -2.3363 0.9238
5.4106 14.0324 -1.7865 0.9412
4.7862 13.8777 -1.7438 0.9426
4.2513 13.9304 -1.7301 0.9430
0.8791 19.5741 -2.3275 0.9241
0.1305 14.5454 -1.7279 0.9431
-0.3934 14.6055 -1.7356 0.9428
-0.9084 14.4379 -1.7184 0.9434
-2.5505 14.8100 -1.7851 0.9413
-4.0098 19.1459 -2.3236 0.9242
-5.5128 15.0996 -1.9094 0.9373
-6.1661 15.1744 -1.9456 0.9362
-6.5156 14.5172 -1.8902 0.9379
-7.4295 15.0797 -1.9969 0.9345
-8.2718 15.3715 -2.0735 0.9321
-9.8708 16.8629 -2.3210 0.9243
-11.6254 15.7025 -2.3208 0.9243
-12.7222 14.8282 -2.3208 0.9243
-13.2467 14.3624 -2.3209 0.9243
-14.2446 13.3765 -2.3212 0.9243
-14.7167 12.8576 -2.3213 0.9243
-11.8041 8.2565 -1.7111 0.9436
-18.0628 7.5294 -2.3246 0.9242
-18.7810 5.5479 -2.3262 0.9241
-20.3809 4.4597 -2.4783 0.9194
-20.5338 3.7263 -2.4790 0.9194
-20.6606 2.9877 -2.4797 0.9193
-20.9030 0.0000 -2.4830 0.9192
-20.8969 -0.7506 -2.4839 0.9192
-20.8045 -2.2496 -2.4857 0.9192
-20.6053 -3.7394 -2.4876 0.9191
-20.4659 -4.4783 -2.4886 0.9191
-20.3001 -5.2122 -2.4896 0.9190
-20.1082 -5.9400 -2.4906 0.9190
-19.8903 -6.6607 -2.4916 0.9190
-19.6466 -7.3735 -2.4927 0.9189
-18.7642 -9.4551 -2.4959 0.9188
-16.8114 -12.6815 -2.5014 0.9187
-16.3526 -13.2827 -2.5025 0.9186
-13.4380 -14.5699 -2.3544 0.9233
-12.3688 -15.5100 -2.3565 0.9232
-11.8092 -15.9509 -2.3575 0.9232
-11.2337 -16.3715 -2.3585 0.9231
-10.6433 -16.7712 -2.3595 0.9231
-10.0386 -17.1496 -2.3605 0.9231
-6.5893 -18.0480 -2.2823 0.9255
-6.1551 -18.9437 -2.3660 0.9229
-3.1936 -12.9185 -1.5807 0.9478
-2.2450 -13.0360 -1.5713 0.9481
-1.7719 -13.0810 -1.5680 0.9482
-0.8287 -13.1714 -1.5677 0.9482
-0.3557 -13.2072 -1.5694 0.9482
4.4513 -19.5024 -2.3762 0.9226
5.1494 -19.3335 -2.3766 0.9226
8.5246 -18.1156 -2.3782 0.9225
9.1702 -17.7994 -2.3784 0.9225
9.6689 -17.2196 -2.3458 0.9235
11.7992 -16.5505 -2.4144 0.9214
12.7831 -16.6334 -2.4919 0.9190
13.5779 -16.4128 -2.5303 0.9178
14.7353 -15.4119 -2.5328 0.9177
15.2782 -14.8722 -2.5327 0.9177
16.7840 -13.1401 -2.5320 0.9177
18.0920 -11.2550 -2.5310 0.9178
18.8464 -9.9245 -2.5301 0.9178
19.5019 -8.5433 -2.5291 0.9178
19.7916 -7.8361 -2.5285 0.9178
20.0554 -7.1189 -2.5279 0.9178
20.5040 -5.6587 -2.5266 0.9179
20.8453 -4.1707 -2.5252 0.9179
21.2007 -1.1429 -2.5220 0.9180
21.2207 -0.3809 -2.5211 0.9181
21.2132 0.3809 -2.5202 0.9181
19.8310 1.7849 -2.3652 0.9229
19.7466 2.4946 -2.3643 0.9230
19.3409 4.5975 -2.3614 0.9230
10.6170 2.9301 -1.3083 0.9566
18.4529 7.3060 -2.3575 0.9232
17.5377 9.2354 -2.3544 0.9233
17.1873 9.8547 -2.3534 0.9233
16.8151 10.4606 -2.3524 0.9233
16.4215 11.0526 -2.3513 0.9234
6.3325 5.3351 -0.9836 0.9672
14.4971 13.1320 -2.3235 0.9242
13.6430 14.2695 -2.3451 0.9236
11.1412 13.4674 -2.0762 0.9320
10.2522 13.3403 -1.9985 0.9345
9.5591 13.4085 -1.9560 0.9358
8.3838 13.7503 -1.9130 0.9372
9.6370 17.1630 -2.3381 0.9238
9.0111 17.4908 -2.3372 0.9238
5.9703 13.9682 -1.8044 0.9406
5.4107 14.0324 -1.7865 0.9412
4.2513 13.9304 -1.7301 0.9430
3.2505 14.2414 -1.7352 0.9429
2.7249 14.2845 -1.7274 0.9431
2.9809 19.3837 -2.3296 0.9240
1.5816 19.5357 -2.3282 0.9241
0.8791 19.5741 -2.3275 0.9241
-0.3934 14.6055 -1.7356 0.9428
-0.9084 14.4379 -1.7184 0.9434
-2.5505 14.8100 -1.7851 0.9413
-5.3712 18.8022 -2.3228 0.9243
-5.1339 15.8003 -1.9734 0.9353
-6.1661 15.1744 -1.9456 0.9362
-7.4295 15.0797 -1.9969 0.9345
-9.8708 16.8629 -2.3210 0.9243
-12.1815 15.2751 -2.3208 0.9243
-12.7222 14.8282 -2.3208 0.9243
-13.2467 14.3624 -2.3209 0.9243
-13.7544 13.8783 -2.3210 0.9243
-14.7167 12.8576 -2.3213 0.9243
-15.1702 12.3222 -2.3216 0.9243
-15.6044 11.7710 -2.3218 0.9243
-11.8041 8.2565 -1.7111 0.9436
-12.7507 7.6182 -1.7643 0.9419
-17.4689 8.8023 -2.3236 0.9242
-17.8183 5.9668 -2.2321 0.9271
-18.7810 5.5479 -2.3262 0.9241
-20.1738 5.1797 -2.4741 0.9195
-20.6606 2.9877 -2.4797 0.9193
-20.8350 1.4987 -2.4813 0.9193
-20.8823 0.7500 -2.4821 0.9193
-17.5392 -0.6300 -2.4867 0.9316
-17.5106 -1.2596 -2.4875 0.9315
-17.3861 -2.5143 -2.4891 0.9315
-17.2903 -3.1377 -2.4899 0.9315
-17.1723 -3.7576 -2.4907 0.9314
-16.8699 -4.9834 -2.4924 0.9314
-16.0057 -7.3570 -2.4959 0.9313
-15.7370 -7.9296 -2.4968 0.9313
-15.4479 -8.4925 -2.4978 0.9313
-14.0942 -10.6318 -2.5015 0.9312
-13.7086 -11.1350 -2.5024 0.9311
-13.3050 -11.6242 -2.5033 0.9311
-12.8839 -12.0988 -2.5042 0.9311
-11.5213 -13.4286 -2.5070 0.9310
-10.5154 -14.2034 -2.5040 0.9311
-8.5270 -14.5672 -2.3916 0.9341
-6.8233 -15.2028 -2.3611 0.9349
-5.7187 -15.6633 -2.3626 0.9349
-3.1925 -12.9141 -1.8849 0.9477
-2.7146 -12.9617 -1.8764 0.9479
-2.2406 -13.0107 -1.8706 0.9481
-0.8274 -13.1515 -1.8671 0.9482
-0.3551 -13.1840 -1.8687 0.9481
0.1194 -13.2965 -1.8841 0.9477
1.3499 -16.6730 -2.3701 0.9347
1.9479 -16.6171 -2.3706 0.9346
3.1362 -16.4405 -2.3714 0.9346
3.7249 -16.3200 -2.3718 0.9346
4.3090 -16.1782 -2.3722 0.9346
4.5293 -14.8411 -2.1986 0.9392
5.0447 -14.6270 -2.1923 0.9394
8.1627 -15.8440 -2.5253 0.9305
12.3286 -12.8947 -2.5277 0.9305
12.7829 -12.4433 -2.5276 0.9305
13.2205 -11.9756 -2.5275 0.9305
13.6409 -11.4925 -2.5273 0.9305
14.0434 -10.9945 -2.5271 0.9305
14.4276 -10.4822 -2.5268 0.9305
15.7710 -8.3050 -2.5255 0.9305
16.3207 -7.1497 -2.5246 0.9305
16.5637 -6.5580 -2.5242 0.9306
16.9846 -5.3506 -2.5231 0.9306
17.4493 -3.4912 -2.5214 0.9306
17.6457 -2.2292 -2.5201 0.9307
15.8722 5.0001 -2.3579 0.9350
15.6770 5.5647 -2.3570 0.9350
14.6978 7.7399 -2.3536 0.9351
14.4052 8.2595 -2.3528 0.9351
14.0942 8.7680 -2.3519 0.9351
6.5327 5.1144 -1.1755 0.9670
12.2793 11.1230 -2.3475 0.9353
11.8677 11.5524 -2.3467 0.9353
11.4412 11.9665 -2.3458 0.9353
10.5454 12.7472 -2.3441 0.9353
10.0774 13.1128 -2.3432 0.9354
9.5594 13.4088 -2.3333 0.9356
9.0259 13.6736 -2.3214 0.9360
8.0856 14.4000 -2.3400 0.9355
7.5609 14.6759 -2.3392 0.9355
5.9700 13.9675 -2.1522 0.9405
5.4104 14.0318 -2.1308 0.9411
4.7864 13.8781 -2.0800 0.9424
1.9163 16.3478 -2.3322 0.9357
1.3279 16.4019 -2.3316 0.9357
-1.4354 14.4901 -2.0631 0.9429
-2.5504 14.8093 -2.1292 0.9411
-3.3676 16.0797 -2.3277 0.9358
-3.9420 15.9460 -2.3274 0.9358
-4.5112 15.7920 -2.3271 0.9358
-5.0745 15.6178 -2.3268 0.9358
-5.5126 15.0988 -2.2775 0.9371
-6.1658 15.1736 -2.3207 0.9360
-6.5164 14.5189 -2.2549 0.9377
-7.7781 14.4541 -2.3257 0.9358
-8.2915 14.1649 -2.3256 0.9358
-10.2326 12.8313 -2.3254 0.9358
-11.1273 12.0646 -2.3255 0.9358
-12.3617 10.8001 -2.3258 0.9358
-13.1070 9.8871 -2.3262 0.9358
-11.8712 7.6840 -2.0036 0.9445
-13.4726 6.1926 -2.1009 0.9419
-15.3891 5.7756 -2.3290 0.9358
-15.5897 5.2206 -2.3295 0.9357
-16.7603 4.9510 -2.4762 0.9318
-17.2400 3.1286 -2.4826 0.9317
-17.3455 2.5084 -2.4832 0.9316
-17.4901 1.2581 -2.4846 0.9316
-17.5289 0.6296 -2.4853 0.9316
-17.5453 -0.0000 -2.4860 0.9316
-17.4596 -1.8879 -2.4883 0.9315
-17.2903 -3.1378 -2.4899 0.9315
-17.0321 -4.3731 -2.4915 0.9314
-16.8699 -4.9834 -2.4924 0.9314
-16.4804 -6.1852 -2.4941 0.9314
-16.2536 -6.7752 -2.4950 0.9313
-16.0057 -7.3570 -2.4959 0.9313
-15.4479 -8.4925 -2.4978 0.9313
-15.1386 -9.0449 -2.4987 0.9312
-14.0942 -10.6318 -2.5015 0.9312
-13.7086 -11.1350 -2.5024 0.9311
-13.3050 -11.6242 -2.5033 0.9311
-12.4459 -12.5582 -2.5052 0.9311
-11.9916 -13.0016 -2.5061 0.9310
-11.5213 -13.4286 -2.5070 0.9310
-11.0359 -13.8386 -2.5079 0.9310
-10.5154 -14.2034 -2.5040 0.9311
-9.2009 -14.4983 -2.4330 0.9330
-8.5270 -14.5672 -2.3916 0.9341
-7.3622 -14.9431 -2.3603 0.9349
-6.8233 -15.2028 -2.3611 0.9349
-5.7187 -15.6633 -2.3626 0.9349
-1.2979 -13.1028 -1.8656 0.9482
1.9479 -16.6171 -2.3706 0.9346
2.5436 -16.5396 -2.3710 0.9346
5.5363 -14.3582 -2.1804 0.9397
7.5725 -16.0923 -2.5199 0.9307
9.8284 -14.8893 -2.5278 0.9305
10.3567 -14.5272 -2.5279 0.9305
10.8716 -14.1462 -2.5279 0.9305
11.8582 -13.3294 -2.5278 0.9305
12.7829 -12.4433 -2.5276 0.9305
14.0434 -10.9945 -2.5271 0.9305
14.4276 -10.4822 -2.5268 0.9305
15.1389 -9.4179 -2.5262 0.9305
16.9846 -5.3506 -2.5231 0.9306
17.1619 -4.7364 -2.5226 0.9306
17.3169 -4.1163 -2.5220 0.9306
17.7096 -1.5939 -2.5194 0.9307
17.7504 -0.9569 -2.5187 0.9307
17.7346 0.9560 -2.5165 0.9308
16.5378 2.0892 -2.3619 0.9349
16.3346 3.2682 -2.3603 0.9349
16.2012 3.8511 -2.3595 0.9349
15.8722 5.0001 -2.3579 0.9350
15.6769 5.5647 -2.3570 0.9350
15.4616 6.1217 -2.3562 0.9350
15.2264 6.6703 -2.3554 0.9350
14.9717 7.2100 -2.3545 0.9351
14.6978 7.7399 -2.3536 0.9351
14.4052 8.2595 -2.3528 0.9351
14.0942 8.7680 -2.3519 0.9351
13.7653 9.2648 -2.3510 0.9352
13.4188 9.7494 -2.3501 0.9352
12.2793 11.1230 -2.3475 0.9353
11.8677 11.5524 -2.3467 0.9353
11.0002 12.3650 -2.3449 0.9353
10.5454 12.7472 -2.3441 0.9353
10.0774 13.1128 -2.3432 0.9354
8.3841 13.7508 -2.2819 0.9370
8.0856 14.4000 -2.3400 0.9355
7.0269 14.9329 -2.3384 0.9355
5.4104 14.0318 -2.1308 0.9411
4.7864 13.8781 -2.0800 0.9424
4.2514 13.9307 -2.0637 0.9429
3.2503 14.2407 -2.0696 0.9427
2.7248 14.2839 -2.0604 0.9429
2.5025 16.2727 -2.3328 0.9356
1.9163 16.3478 -2.3322 0.9357
1.3279 16.4019 -2.3316 0.9357
0.7381 16.4350 -2.3310 0.9357
0.1305 14.5447 -2.0609 0.9429
-1.4354 14.4901 -2.0631 0.9429
-1.9999 14.7641 -2.1110 0.9416
-2.5504 14.8093 -2.1292 0.9411
-3.9420 15.9460 -2.3274 0.9358
-4.5112 15.7920 -2.3271 0.9358
-5.0745 15.6178 -2.3268 0.9358
-6.5164 14.5189 -2.2549 0.9377
-7.2547 14.7250 -2.3258 0.9358
-8.7943 13.8575 -2.3255 0.9358
-9.2858 13.5326 -2.3254 0.9358
-11.1273 12.0646 -2.3255 0.9358
-12.3618 10.8001 -2.3258 0.9358
-12.7425 10.3503 -2.3260 0.9358
-11.8288 8.2738 -2.0453 0.9434
-11.9119 7.1170 -1.9661 0.9455
-13.4726 6.1926 -2.1009 0.9419
-15.3891 5.7756 -2.3290 0.9358
-15.5897 5.2205 -2.3295 0.9357
-17.3455 2.5083 -2.4832 0.9316
-17.5289 0.6296 -2.4853 0.9316
-17.5453 -0.0000 -2.4860 0.9316
-17.3861 -2.5143 -2.4891 0.9315
-17.1723 -3.7576 -2.4907 0.9314
-17.0321 -4.3731 -2.4915 0.9314
-16.8699 -4.9834 -2.4924 0.9314
-16.6860 -5.5877 -2.4933 0.9314
-16.4804 -6.1852 -2.4941 0.9314
-16.2536 -6.7752 -2.4950 0.9313
-15.7370 -7.9297 -2.4968 0.9313
-14.4614 -10.1153 -2.5005 0.9312
-13.7086 -11.1350 -2.5024 0.9311
-12.8839 -12.0989 -2.5042 0.9311
-12.4459 -12.5582 -2.5052 0.9311
-11.9915 -13.0017 -2.5061 0.9310
-9.8991 -14.4264 -2.4790 0.9318
-9.2009 -14.4983 -2.4330 0.9330
-8.5270 -14.5672 -2.3916 0.9341
-7.8912 -14.6643 -2.3595 0.9349
-5.7187 -15.6633 -2.3626 0.9349
-5.1543 -15.8635 -2.3634 0.9348
-3.6705 -12.8489 -1.8934 0.9474
-3.1925 -12.9141 -1.8849 0.9477
-2.7146 -12.9617 -1.8764 0.9479
-1.2979 -13.1028 -1.8656 0.9482
-0.3551 -13.1840 -1.8687 0.9481
0.1194 -13.2965 -1.8841 0.9477
0.7503 -16.7072 -2.3696 0.9347
1.3499 -16.6730 -2.3701 0.9347
1.9479 -16.6171 -2.3706 0.9346
2.5436 -16.5396 -2.3710 0.9346
3.1362 -16.4405 -2.3714 0.9346
3.7249 -16.3200 -2.3718 0.9346
4.5293 -14.8411 -2.1986 0.9392
5.0447 -14.6271 -2.1923 0.9394
5.5363 -14.3582 -2.1804 0.9397
6.0518 -14.1589 -2.1817 0.9397
10.8716 -14.1462 -2.5279 0.9305
11.3723 -13.7467 -2.5279 0.9305
11.8582 -13.3294 -2.5278 0.9305
12.3286 -12.8947 -2.5277 0.9305
12.7829 -12.4432 -2.5276 0.9305
14.0434 -10.9945 -2.5271 0.9305
14.4276 -10.4822 -2.5268 0.9305
15.1389 -9.4179 -2.5262 0.9305
16.0563 -7.7323 -2.5251 0.9305
16.5637 -6.5580 -2.5242 0.9306
16.7851 -5.9580 -2.5237 0.9306
16.9846 -5.3506 -2.5231 0.9306
17.3169 -4.1163 -2.5220 0.9306
17.4493 -3.4912 -2.5214 0.9306
17.5589 -2.8619 -2.5207 0.9306
17.7504 -0.9569 -2.5187 0.9307
17.7682 -0.3190 -2.5180 0.9307
17.6643 1.5898 -2.5130 0.9309
16.5378 2.0892 -2.3619 0.9349
16.4468 2.6807 -2.3611 0.9349
15.6769 5.5647 -2.3570 0.9350
15.2264 6.6703 -2.3554 0.9350
14.6978 7.7399 -2.3536 0.9351
14.4052 8.2595 -2.3528 0.9351
14.0942 8.7680 -2.3519 0.9351
6.3300 5.3330 -1.1728 0.9671
11.0002 12.3650 -2.3449 0.9353
10.0774 13.1128 -2.3432 0.9354
7.5609 14.6760 -2.3392 0.9355
5.9700 13.9675 -2.1522 0.9405
4.7863 13.8781 -2.0800 0.9424
3.2503 14.2407 -2.0696 0.9427
2.5025 16.2727 -2.3328 0.9356
1.9163 16.3478 -2.3322 0.9357
1.3279 16.4019 -2.3316 0.9357
0.7381 16.4350 -2.3310 0.9357
-0.3934 14.6048 -2.0701 0.9427
-0.9084 14.4383 -2.0498 0.9432
-1.4354 14.4901 -2.0631 0.9429
-3.9420 15.9460 -2.3274 0.9358
-5.0745 15.6178 -2.3268 0.9358
-5.5126 15.0988 -2.2775 0.9371
-6.5164 14.5189 -2.2549 0.9377
-7.2547 14.7250 -2.3258 0.9358
-7.7781 14.4541 -2.3257 0.9358
-9.2858 13.5326 -2.3254 0.9358
-10.2326 12.8313 -2.3254 0.9358
-11.1273 12.0646 -2.3255 0.9358
-11.5537 11.6578 -2.3256 0.9358
-12.3618 10.8001 -2.3258 0.9358
-12.7425 10.3503 -2.3260 0.9358
-11.8288 8.2738 -2.0453 0.9434
-11.8712 7.6840 -2.0036 0.9445
-13.4726 6.1926 -2.1009 0.9419
-16.9630 4.3553 -2.4814 0.9317
-17.1124 3.7445 -2.4820 0.9317
-17.4290 1.8846 -2.4839 0.9316
-17.5289 0.6296 -2.4853 0.9316
-17.5453 0.0000 -2.4860 0.9316
-17.5392 -0.6300 -2.4867 0.9316
-17.5106 -1.2596 -2.4875 0.9315
-17.3861 -2.5143 -2.4891 0.9315
-17.2903 -3.1378 -2.4899 0.9315
-16.4804 -6.1852 -2.4941 0.9314
-15.7370 -7.9297 -2.4968 0.9313
-15.4479 -8.4926 -2.4978 0.9313
-15.1386 -9.0449 -2.4987 0.9312
-14.8097 -9.5861 -2.4996 0.9312
-14.4614 -10.1152 -2.5005 0.9312
-13.7086 -11.1350 -2.5024 0.9311
-12.8839 -12.0989 -2.5042 0.9311
-11.9915 -13.0017 -2.5061 0.9310
-11.0359 -13.8386 -2.5079 0.9310
-9.8991 -14.4264 -2.4790 0.9318
-9.2009 -14.4983 -2.4330 0.9330
-8.5270 -14.5672 -2.3916 0.9341
-7.8912 -14.6643 -2.3595 0.9349
-6.2752 -15.4430 -2.3619 0.9349
-3.1925 -12.9141 -1.8849 0.9477
-2.2406 -13.0107 -1.8706 0.9481
-1.7687 -13.0569 -1.8669 0.9482
-1.2979 -13.1028 -1.8656 0.9482
-0.3551 -13.1840 -1.8687 0.9481
0.1194 -13.2965 -1.8841 0.9477
0.7504 -16.7072 -2.3696 0.9347
1.9479 -16.6171 -2.3706 0.9346
3.7249 -16.3200 -2.3718 0.9346
4.5293 -14.8411 -2.1986 0.9392
5.5363 -14.3582 -2.1804 0.9397
8.1627 -15.8440 -2.5253 0.9305
10.8716 -14.1462 -2.5279 0.9305
11.3723 -13.7467 -2.5279 0.9305
11.8582 -13.3294 -2.5278 0.9305
12.3286 -12.8947 -2.5277 0.9305
12.7829 -12.4432 -2.5276 0.9305
13.6409 -11.4925 -2.5273 0.9305
14.4276 -10.4822 -2.5268 0.9305
15.7710 -8.3050 -2.5255 0.9305
16.5637 -6.5580 -2.5242 0.9306
16.7851 -5.9581 -2.5237 0.9306
16.9846 -5.3505 -2.5231 0.9306
17.3169 -4.1163 -2.5220 0.9306
17.7504 -0.9569 -2.5187 0.9307
17.7682 -0.3190 -2.5180 0.9307
17.7629 0.3190 -2.5172 0.9307
17.7346 0.9561 -2.5165 0.9308
17.6643 1.5898 -2.5130 0.9309
16.5378 2.0892 -2.3619 0.9349
16.4468 2.6807 -2.3611 0.9349
10.6168 2.9301 -1.5605 0.9565
15.8722 5.0002 -2.3579 0.9350
14.9717 7.2100 -2.3545 0.9351
14.6978 7.7399 -2.3536 0.9351
14.4052 8.2595 -2.3528 0.9351
13.7653 9.2648 -2.3510 0.9352
13.4188 9.7494 -2.3501 0.9352
6.5327 5.1144 -1.1755 0.9670
12.2793 11.1230 -2.3475 0.9353
11.8677 11.5524 -2.3467 0.9353
11.0002 12.3650 -2.3449 0.9353
10.0774 13.1128 -2.3432 0.9354
9.5593 13.4088 -2.3333 0.9356
9.0259 13.6736 -2.3214 0.9360
8.3841 13.7509 -2.2819 0.9370
8.0856 14.4000 -2.3400 0.9355
7.5609 14.6760 -2.3392 0.9355
7.0269 14.9329 -2.3384 0.9355
4.7863 13.8781 -2.0800 0.9424
4.2514 13.9307 -2.0637 0.9429
3.7345 14.0213 -2.0559 0.9431
3.2503 14.2407 -2.0696 0.9427
2.7248 14.2839 -2.0604 0.9429
1.9163 16.3478 -2.3322 0.9357
0.7381 16.4350 -2.3310 0.9357
-0.9084 14.4383 -2.0498 0.9432
-5.5126 15.0988 -2.2775 0.9371
-6.5164 14.5189 -2.2549 0.9377
-8.2915 14.1649 -2.3256 0.9358
-8.7943 13.8575 -2.3255 0.9358
-9.2858 13.5326 -2.3254 0.9358
-9.7655 13.1903 -2.3254 0.9358
-11.5537 11.6578 -2.3256 0.9358
-11.9653 11.2362 -2.3257 0.9358
-12.3618 10.8001 -2.3258 0.9358
-11.8288 8.2738 -2.0453 0.9434
-11.9119 7.1170 -1.9661 0.9455
-11.9512 6.5702 -1.9324 0.9464
-15.3892 5.7756 -2.3290 0.9358
-15.5897 5.2205 -2.3295 0.9357
-16.7604 4.9510 -2.4762 0.9318
-17.4290 1.8846 -2.4839 0.9316
-17.5290 0.6296 -2.4853 0.9316
-15.0726 -1.0842 -2.4895 0.9406
-14.9641 -2.1640 -2.4908 0.9405
-14.6573 -3.7634 -2.4930 0.9405
-14.5170 -4.2883 -2.4937 0.9405
-14.3581 -4.8081 -2.4944 0.9405
-13.9846 -5.8294 -2.4960 0.9404
-13.7706 -6.3296 -2.4967 0.9404
-13.5388 -6.8220 -2.4975 0.9404
-13.0227 -7.7807 -2.4991 0.9404
-12.7390 -8.2458 -2.4999 0.9403
-11.7901 -9.5767 -2.5023 0.9403
-11.0797 -10.4045 -2.5039 0.9402
-9.9063 -11.5463 -2.5063 0.9402
-9.4885 -11.8982 -2.5071 0.9402
-7.2224 -13.4215 -2.5109 0.9401
-6.2445 -13.9131 -2.5123 0.9400
-4.7145 -14.5096 -2.5133 0.9400
-3.7737 -13.2100 -2.2633 0.9458
-3.1936 -12.9185 -2.1923 0.9475
-2.2442 -13.0315 -2.1784 0.9478
-1.2971 -13.0948 -2.1678 0.9481
-0.8266 -13.1381 -2.1686 0.9480
0.1199 -13.3537 -2.2000 0.9473
0.6851 -15.2539 -2.5155 0.9400
1.2331 -15.2302 -2.5172 0.9399
2.8684 -15.0365 -2.5218 0.9398
4.9934 -14.4784 -2.5230 0.9398
6.0204 -14.0854 -2.5235 0.9398
6.5226 -13.8612 -2.5237 0.9398
7.0164 -13.6190 -2.5238 0.9398
7.5011 -13.3591 -2.5240 0.9398
8.4409 -12.7874 -2.5241 0.9398
8.8946 -12.4763 -2.5242 0.9398
9.3368 -12.1491 -2.5242 0.9398
9.7668 -11.8060 -2.5242 0.9398
10.1841 -11.4476 -2.5241 0.9398
10.5882 -11.0744 -2.5241 0.9398
10.9784 -10.6867 -2.5240 0.9398
11.3544 -10.2852 -2.5238 0.9398
12.0614 -9.4428 -2.5235 0.9398
12.7055 -8.5515 -2.5230 0.9398
13.2832 -7.6162 -2.5224 0.9398
14.2283 -5.6334 -2.5210 0.9398
14.8771 -3.5364 -2.5191 0.9399
14.9913 -2.9994 -2.5186 0.9399
15.1612 -1.9154 -2.5175 0.9399
15.2523 -0.8222 -2.5163 0.9400
15.2682 -0.2741 -2.5157 0.9400
15.2406 0.8216 -2.5144 0.9400
15.1972 1.3678 -2.5137 0.9400
15.1111 1.9090 -2.5092 0.9401
14.1359 2.3040 -2.3595 0.9436
13.4774 4.7839 -2.3560 0.9437
12.6382 6.6553 -2.3531 0.9437
12.1205 7.5401 -2.3516 0.9438
11.8382 7.9678 -2.3508 0.9438
11.5409 8.3849 -2.3501 0.9438
10.5624 9.5678 -2.3478 0.9439
10.2089 9.9377 -2.3471 0.9439
9.4637 10.6378 -2.3456 0.9439
8.6706 11.2823 -2.3441 0.9439
7.4008 12.1380 -2.3420 0.9440
6.9582 12.3922 -2.3413 0.9440
6.5070 12.6303 -2.3406 0.9440
6.0477 12.8520 -2.3399 0.9440
4.1415 13.5705 -2.3374 0.9441
3.6508 13.7070 -2.3368 0.9441
2.6567 13.9267 -2.3356 0.9441
1.6499 14.0749 -2.3346 0.9442
0.6355 14.1510 -2.3336 0.9442
-1.3953 14.0858 -2.3318 0.9442
-1.8997 14.0243 -2.3315 0.9442
-2.4016 13.9449 -2.3311 0.9443
-3.3949 13.7329 -2.3305 0.9443
-3.8852 13.6006 -2.3302 0.9443
-4.3704 13.4508 -2.3299 0.9443
-4.8500 13.2839 -2.3297 0.9443
-6.2485 12.6825 -2.3291 0.9443
-6.6993 12.4494 -2.3290 0.9443
-7.1415 12.2003 -2.3289 0.9443
-7.9980 11.6558 -2.3288 0.9443
-8.8136 11.0518 -2.3287 0.9443
-9.5841 10.3914 -2.3288 0.9443
-9.9513 10.0410 -2.3289 0.9443
-10.3058 9.6778 -2.3290 0.9443
-11.2887 8.5155 -2.3295 0.9443
-11.8945 5.9934 -2.1942 0.9474
-13.2521 4.9736 -2.3318 0.9442
-14.2630 4.7763 -2.4779 0.9408
-14.4593 4.2713 -2.4838 0.9407
-15.0053 1.6225 -2.4864 0.9406
-15.0978 -0.5423 -2.4888 0.9406
-15.0726 -1.0842 -2.4895 0.9406
-14.7786 -3.2338 -2.4922 0.9405
-14.6573 -3.7634 -2.4930 0.9405
-14.3581 -4.8081 -2.4944 0.9405
-14.1805 -5.3220 -2.4952 0.9404
-13.9846 -5.8294 -2.4960 0.9404
-12.4388 -8.7005 -2.5007 0.9403
-12.1223 -9.1444 -2.5015 0.9403
-11.7901 -9.5767 -2.5023 0.9403
-11.4424 -9.9969 -2.5031 0.9403
-8.6157 -12.5560 -2.5086 0.9401
-7.6973 -13.1497 -2.5101 0.9401
-5.7426 -14.1323 -2.5130 0.9400
-5.2331 -14.3332 -2.5137 0.9400
-4.7145 -14.5096 -2.5133 0.9400
-2.2442 -13.0315 -2.1784 0.9478
-0.8266 -13.1381 -2.1686 0.9480
-0.3551 -13.1826 -2.1725 0.9479
0.1199 -13.3537 -2.2000 0.9473
1.2331 -15.2302 -2.5172 0.9399
2.3264 -15.1275 -2.5214 0.9398
2.8684 -15.0365 -2.5218 0.9398
5.5104 -14.2912 -2.5233 0.9398
7.5011 -13.3591 -2.5240 0.9398
8.8946 -12.4763 -2.5242 0.9398
10.1841 -11.4476 -2.5241 0.9398
11.7155 -9.8704 -2.5237 0.9398
12.0614 -9.4428 -2.5235 0.9398
13.5463 -7.1335 -2.5221 0.9398
13.7917 -6.6417 -2.5218 0.9398
14.0191 -6.1415 -2.5214 0.9398
14.2283 -5.6334 -2.5210 0.9398
14.5907 -4.5964 -2.5201 0.9399
14.7435 -4.0689 -2.5196 0.9399
14.8771 -3.5364 -2.5191 0.9399
14.9913 -2.9994 -2.5186 0.9399
15.0860 -2.4588 -2.5181 0.9399
15.2166 -1.3696 -2.5169 0.9399
15.2523 -0.8222 -2.5163 0.9400
15.2682 -0.2741 -2.5157 0.9400
15.2643 0.2741 -2.5150 0.9400
15.1972 1.3678 -2.5137 0.9400
15.1111 1.9090 -2.5092 0.9401
14.0400 2.8091 -2.3588 0.9436
10.6167 2.9300 -1.8144 0.9563
13.6446 4.2984 -2.3567 0.9437
13.4774 4.7839 -2.3560 0.9437
13.0914 5.7350 -2.3545 0.9437
12.8730 6.1993 -2.3538 0.9437
12.6382 6.6553 -2.3531 0.9437
12.1205 7.5401 -2.3516 0.9438
11.8382 7.9678 -2.3508 0.9438
11.5409 8.3849 -2.3501 0.9438
6.5251 5.1084 -1.3652 0.9670
6.3274 5.3309 -1.3630 0.9670
10.2089 9.9377 -2.3471 0.9439
9.4637 10.6378 -2.3456 0.9439
9.0729 10.9672 -2.3448 0.9439
8.2575 11.5827 -2.3434 0.9440
6.9582 12.3922 -2.3413 0.9440
6.5070 12.6303 -2.3406 0.9440
6.0477 12.8520 -2.3399 0.9440
3.6508 13.7069 -2.3368 0.9441
3.1556 13.8257 -2.3362 0.9441
2.6567 13.9267 -2.3356 0.9441
2.1545 14.0098 -2.3351 0.9442
-0.3813 14.1546 -2.3327 0.9442
-0.8889 14.1292 -2.3322 0.9442
-1.3953 14.0858 -2.3318 0.9442
-2.4016 13.9449 -2.3311 0.9443
-3.8852 13.6006 -2.3302 0.9443
-4.3704 13.4508 -2.3299 0.9443
-4.8500 13.2839 -2.3297 0.9443
-5.3232 13.1001 -2.3295 0.9443
-6.2485 12.6825 -2.3291 0.9443
-7.5746 11.9357 -2.3288 0.9443
-7.9980 11.6558 -2.3288 0.9443
-8.8136 11.0519 -2.3287 0.9443
-9.2047 10.7285 -2.3288 0.9443
-11.7773 7.6232 -2.3112 0.9447
-11.8178 7.0608 -2.2679 0.9457
-11.8568 6.5183 -2.2290 0.9466
-11.8945 5.9934 -2.1942 0.9474
-12.8571 5.9097 -2.3311 0.9443
-13.0629 5.4452 -2.3315 0.9442
-13.2521 4.9736 -2.3318 0.9442
-14.2630 4.7763 -2.4779 0.9408
-14.6061 3.7502 -2.4842 0.9407
-15.0902 0.5420 -2.4875 0.9406
-15.0726 -1.0842 -2.4895 0.9406
-14.9641 -2.1640 -2.4908 0.9405
-14.5171 -4.2884 -2.4937 0.9405
-14.3581 -4.8081 -2.4944 0.9405
-13.7706 -6.3296 -2.4967 0.9404
-13.5388 -6.8220 -2.4975 0.9404
-13.2894 -7.3059 -2.4983 0.9404
-12.7390 -8.2458 -2.4999 0.9403
-12.1223 -9.1443 -2.5015 0.9403
-11.4424 -9.9969 -2.5031 0.9403
-10.7024 -10.7990 -2.5047 0.9402
-10.3112 -11.1797 -2.5055 0.9402
-9.9063 -11.5463 -2.5063 0.9402
-9.4885 -11.8982 -2.5071 0.9402
-9.0580 -12.2349 -2.5078 0.9402
-7.6973 -13.1497 -2.5101 0.9401
-7.2224 -13.4215 -2.5109 0.9401
-6.2445 -13.9131 -2.5123 0.9400
-4.7144 -14.5096 -2.5133 0.9400
-3.1936 -12.9185 -2.1923 0.9475
-2.2442 -13.0315 -2.1784 0.9478
-1.7696 -13.0641 -2.1718 0.9480
-0.3550 -13.1826 -2.1725 0.9479
0.1199 -13.3537 -2.2000 0.9473
1.2331 -15.2302 -2.5172 0.9399
1.7804 -15.1886 -2.5193 0.9399
2.3264 -15.1275 -2.5214 0.9398
2.8684 -15.0365 -2.5218 0.9398
3.4068 -14.9260 -2.5221 0.9398
5.5104 -14.2912 -2.5233 0.9398
6.5226 -13.8612 -2.5237 0.9398
7.5011 -13.3591 -2.5240 0.9398
8.4409 -12.7874 -2.5241 0.9398
9.3368 -12.1491 -2.5242 0.9398
10.1841 -11.4476 -2.5241 0.9398
10.5882 -11.0744 -2.5241 0.9398
10.9784 -10.6867 -2.5240 0.9398
11.3544 -10.2852 -2.5238 0.9398
12.0614 -9.4428 -2.5235 0.9398
13.2832 -7.6162 -2.5224 0.9398
14.0191 -6.1415 -2.5214 0.9398
14.5907 -4.5964 -2.5201 0.9399
14.7435 -4.0689 -2.5196 0.9399
14.9913 -2.9994 -2.5186 0.9399
15.1612 -1.9154 -2.5175 0.9399
15.1972 1.3678 -2.5137 0.9400
14.0400 2.8091 -2.3588 0.9436
13.9261 3.3103 -2.3581 0.9436
10.6167 2.9300 -1.8144 0.9563
13.6446 4.2984 -2.3567 0.9437
13.0914 5.7350 -2.3545 0.9437
12.6382 6.6553 -2.3531 0.9437
12.1205 7.5401 -2.3516 0.9438
11.8382 7.9678 -2.3508 0.9438
11.5409 8.3849 -2.3501 0.9438
10.2089 9.9377 -2.3471 0.9439
9.8425 10.2945 -2.3463 0.9439
9.4637 10.6378 -2.3456 0.9439
8.2575 11.5827 -2.3434 0.9440
7.8340 11.8681 -2.3427 0.9440
6.0477 12.8520 -2.3399 0.9440
5.5809 13.0572 -2.3393 0.9441
5.1072 13.2455 -2.3386 0.9441
4.1415 13.5705 -2.3374 0.9441
3.6508 13.7069 -2.3368 0.9441
2.6566 13.9267 -2.3356 0.9441
2.1545 14.0098 -2.3351 0.9442
1.6499 14.0750 -2.3346 0.9442
0.6355 14.1510 -2.3336 0.9442
-0.3813 14.1546 -2.3327 0.9442
-0.8889 14.1292 -2.3322 0.9442
-1.8997 14.0243 -2.3315 0.9442
-2.9002 13.8478 -2.3308 0.9443
-5.3232 13.1001 -2.3295 0.9443
-5.7896 12.8995 -2.3293 0.9443
-6.2485 12.6825 -2.3291 0.9443
-6.6993 12.4494 -2.3290 0.9443
-7.1415 12.2003 -2.3289 0.9443
-7.5746 11.9357 -2.3288 0.9443
-7.9980 11.6558 -2.3288 0.9443
-8.4112 11.3611 -2.3287 0.9443
-8.8136 11.0518 -2.3287 0.9443
-9.2047 10.7285 -2.3288 0.9443
-11.2887 8.5155 -2.3295 0.9443
-11.7773 7.6232 -2.3112 0.9447
-11.8568 6.5183 -2.2290 0.9466
-12.8571 5.9097 -2.3311 0.9443
-13.0629 5.4452 -2.3315 0.9442
-13.2521 4.9736 -2.3318 0.9442
-14.2630 4.7763 -2.4779 0.9408
-14.4593 4.2713 -2.4838 0.9407
-14.6061 3.7502 -2.4842 0.9407
-14.8436 2.6937 -2.4853 0.9407
-15.0053 1.6225 -2.4864 0.9406
-15.0902 0.5420 -2.4875 0.9406
-15.1037 0.0000 -2.4882 0.9406
-15.0280 -1.6250 -2.4901 0.9406
-14.9641 -2.1640 -2.4908 0.9405
-14.7786 -3.2339 -2.4922 0.9405
-14.3581 -4.8081 -2.4944 0.9405
-14.1805 -5.3221 -2.4952 0.9404
-13.9846 -5.8294 -2.4960 0.9404
-13.2894 -7.3059 -2.4983 0.9404
-13.0227 -7.7807 -2.4991 0.9404
-12.4388 -8.7005 -2.5007 0.9403
-12.1223 -9.1444 -2.5015 0.9403
-11.4423 -9.9969 -2.5031 0.9403
-10.3112 -11.1797 -2.5055 0.9402
-9.0581 -12.2349 -2.5078 0.9402
-8.1619 -12.8611 -2.5094 0.9401
-7.6973 -13.1498 -2.5101 0.9401
-6.7379 -13.6761 -2.5116 0.9401
-6.2445 -13.9131 -2.5123 0.9400
-5.2331 -14.3332 -2.5137 0.9400
-4.7144 -14.5096 -2.5133 0.9400
-3.7736 -13.2100 -2.2633 0.9458
-3.1936 -12.9186 -2.1923 0.9475
-2.7158 -12.9678 -2.1826 0.9477
-2.2442 -13.0315 -2.1784 0.9478
-1.2971 -13.0948 -2.1678 0.9481
-0.8266 -13.1381 -2.1686 0.9480
-0.3551 -13.1826 -2.1725 0.9479
0.1199 -13.3537 -2.2000 0.9473
0.6851 -15.2539 -2.5155 0.9400
1.7804 -15.1886 -2.5193 0.9399
3.4068 -14.9260 -2.5221 0.9398
4.4700 -14.6467 -2.5227 0.9398
5.5104 -14.2912 -2.5233 0.9398
6.0204 -14.0854 -2.5235 0.9398
6.5226 -13.8612 -2.5237 0.9398
7.5011 -13.3591 -2.5240 0.9398
7.9762 -13.0817 -2.5241 0.9398
8.8946 -12.4763 -2.5242 0.9398
9.3368 -12.1491 -2.5242 0.9398
10.1841 -11.4476 -2.5241 0.9398
10.5882 -11.0744 -2.5241 0.9398
11.3544 -10.2852 -2.5238 0.9398
11.7155 -9.8704 -2.5237 0.9398
12.3915 -9.0029 -2.5233 0.9398
12.7055 -8.5515 -2.5230 0.9398
13.5463 -7.1335 -2.5221 0.9398
14.2283 -5.6334 -2.5210 0.9398
14.4189 -5.1181 -2.5206 0.9399
14.5907 -4.5964 -2.5201 0.9399
14.8771 -3.5364 -2.5191 0.9399
15.2166 -1.3696 -2.5169 0.9399
15.2523 -0.8222 -2.5163 0.9400
15.2682 -0.2741 -2.5157 0.9400
15.2643 0.2741 -2.5150 0.9400
15.2406 0.8216 -2.5144 0.9400
15.1972 1.3678 -2.5137 0.9400
15.1111 1.9090 -2.5092 0.9401
14.1359 2.3040 -2.3595 0.9436
14.0400 2.8091 -2.3588 0.9436
13.9261 3.3103 -2.3581 0.9436
10.6167 2.9300 -1.8144 0.9563
13.4774 4.7840 -2.3560 0.9437
13.0914 5.7350 -2.3545 0.9437
12.8730 6.1993 -2.3538 0.9437
12.6382 6.6553 -2.3531 0.9437
12.1205 7.5401 -2.3516 0.9438
11.8382 7.9678 -2.3508 0.9438
10.5624 9.5678 -2.3478 0.9439
10.2089 9.9377 -2.3471 0.9439
8.6706 11.2823 -2.3441 0.9439
8.2575 11.5827 -2.3434 0.9440
7.8340 11.8681 -2.3427 0.9440
7.4007 12.1380 -2.3420 0.9440
6.9582 12.3922 -2.3413 0.9440
6.0477 12.8520 -2.3399 0.9440
4.6272 13.4167 -2.3380 0.9441
4.1415 13.5705 -2.3374 0.9441
3.1556 13.8257 -2.3362 0.9441
2.6566 13.9267 -2.3356 0.9441
2.1545 14.0098 -2.3351 0.9442
1.6499 14.0750 -2.3346 0.9442
-0.3813 14.1546 -2.3327 0.9442
-0.8890 14.1292 -2.3322 0.9442
-1.3953 14.0858 -2.3318 0.9442
-3.8852 13.6006 -2.3302 0.9443
-4.3705 13.4508 -2.3299 0.9443
-5.3232 13.1001 -2.3295 0.9443
-5.7896 12.8995 -2.3293 0.9443
-6.2485 12.6825 -2.3291 0.9443
-6.6993 12.4494 -2.3290 0.9443
-7.9980 11.6558 -2.3288 0.9443
-8.4112 11.3611 -2.3287 0.9443
-8.8136 11.0518 -2.3287 0.9443
-9.5841 10.3914 -2.3288 0.9443
-10.3058 9.6777 -2.3290 0.9443
-10.6471 9.3021 -2.3291 0.9443
-10.9749 8.9145 -2.3293 0.9443
-11.2887 8.5155 -2.3295 0.9443
-11.7773 7.6232 -2.3112 0.9447
-11.8178 7.0608 -2.2679 0.9457
-11.8568 6.5183 -2.2290 0.9466
-11.8945 5.9934 -2.1942 0.9474
-12.8571 5.9097 -2.3311 0.9443
-13.2521 4.9736 -2.3318 0.9442
-14.2630 4.7763 -2.4779 0.9408
-14.6061 3.7502 -2.4842 0.9407
-14.8436 2.6937 -2.4853 0.9407
-15.0574 1.0831 -2.4869 0.9406
-15.0902 0.5420 -2.4875 0.9406
-13.2410 -0.4756 -2.4904 0.9475
-13.2184 -0.9508 -2.4910 0.9475
-13.1789 -1.4251 -2.4916 0.9475
-13.0490 -2.3681 -2.4928 0.9475
-12.9589 -2.8357 -2.4934 0.9474
-12.7286 -3.7600 -2.4947 0.9474
-12.5887 -4.2156 -2.4953 0.9474
-12.0723 -5.5490 -2.4973 0.9474
-11.6495 -6.4044 -2.4987 0.9473
-11.4152 -6.8203 -2.4994 0.9473
-11.1662 -7.2277 -2.5001 0.9473
-9.7098 -9.1181 -2.5036 0.9472
-9.3788 -9.4634 -2.5043 0.9472
-9.0356 -9.7967 -2.5050 0.9472
-8.3140 -10.4254 -2.5064 0.9472
-7.9366 -10.7201 -2.5071 0.9472
-7.5487 -11.0010 -2.5077 0.9471
-6.7435 -11.5203 -2.5091 0.9471
-5.4701 -12.1878 -2.5110 0.9471
-4.5838 -12.5550 -2.5122 0.9471
-4.1312 -12.7144 -2.5128 0.9470
-3.6730 -12.8575 -2.5134 0.9470
-3.2098 -12.9839 -2.5139 0.9470
-2.2709 -13.1864 -2.5150 0.9470
-1.3195 -13.3207 -2.5160 0.9470
-0.8407 -13.3620 -2.5165 0.9470
-0.3552 -13.1877 -2.4797 0.9477
0.6010 -13.3819 -2.5178 0.9469
2.9829 -13.0687 -2.5196 0.9469
3.9136 -12.8238 -2.5201 0.9469
4.3719 -12.6763 -2.5204 0.9469
5.2709 -12.3319 -2.5208 0.9469
6.5672 -11.6958 -2.5212 0.9469
8.5507 -10.3360 -2.5214 0.9469
8.9160 -10.0222 -2.5213 0.9469
9.2698 -9.6955 -2.5213 0.9469
9.6115 -9.3561 -2.5212 0.9469
10.5599 -8.2673 -2.5208 0.9469
10.8490 -7.8823 -2.5206 0.9469
11.3846 -7.0823 -2.5201 0.9469
11.6302 -6.6684 -2.5199 0.9469
12.0758 -5.8154 -2.5193 0.9469
12.4586 -4.9327 -2.5186 0.9469
12.9105 -3.5631 -2.5174 0.9469
13.0279 -3.0968 -2.5170 0.9470
13.1282 -2.6267 -2.5165 0.9470
13.3267 -1.1994 -2.5150 0.9470
13.3583 -0.7201 -2.5145 0.9470
13.3697 0.2400 -2.5134 0.9470
13.3494 0.7196 -2.5128 0.9470
13.3118 1.1981 -2.5122 0.9471
13.2570 1.6748 -2.5116 0.9471
12.2994 2.4609 -2.3576 0.9502
12.2001 2.9000 -2.3570 0.9502
10.6165 2.9300 -2.0701 0.9562
11.6471 4.6114 -2.3545 0.9503
10.8553 6.2241 -2.3520 0.9503
10.3749 6.9829 -2.3506 0.9504
10.1147 7.3488 -2.3500 0.9504
6.3249 5.3288 -1.5545 0.9669
8.6280 9.0241 -2.3467 0.9505
7.9539 9.6146 -2.3454 0.9505
7.6016 9.8912 -2.3448 0.9505
6.8686 10.4056 -2.3435 0.9505
6.4890 10.6426 -2.3429 0.9505
6.1012 10.8659 -2.3423 0.9505
4.8940 11.4502 -2.3405 0.9506
4.0580 11.7662 -2.3394 0.9506
3.6322 11.9015 -2.3389 0.9506
3.2019 12.0215 -2.3384 0.9506
1.8898 12.2883 -2.3369 0.9507
1.4472 12.3458 -2.3364 0.9507
1.0029 12.3874 -2.3360 0.9507
0.1115 12.4229 -2.3351 0.9507
-0.3344 12.4168 -2.3347 0.9507
-1.2241 12.3570 -2.3340 0.9507
-1.6666 12.3033 -2.3337 0.9507
-2.1069 12.2340 -2.3334 0.9507
-2.5444 12.1489 -2.3331 0.9507
-3.4087 11.9324 -2.3325 0.9507
-5.0797 11.3179 -2.3318 0.9508
-5.4824 11.1276 -2.3316 0.9508
-5.8780 10.9231 -2.3315 0.9508
-6.2660 10.7046 -2.3314 0.9508
-6.6460 10.4725 -2.3313 0.9508
-7.0175 10.2270 -2.3313 0.9508
-7.3801 9.9684 -2.3313 0.9508
-9.0423 8.4913 -2.3315 0.9508
-9.3417 8.1616 -2.3316 0.9508
-9.9045 7.4713 -2.3319 0.9508
-10.8759 5.9791 -2.3328 0.9507
-11.2795 5.1846 -2.3334 0.9507
-11.4599 4.7770 -2.3337 0.9507
-12.6842 3.7469 -2.4860 0.9476
-12.8126 3.2897 -2.4864 0.9476
-12.9247 2.8282 -2.4868 0.9476
-13.1614 1.4231 -2.4883 0.9475
-13.2067 0.9500 -2.4888 0.9475
-13.2184 -0.9508 -2.4910 0.9475
-13.1789 -1.4251 -2.4916 0.9475
-13.1224 -1.8977 -2.4922 0.9475
-12.9589 -2.8357 -2.4934 0.9474
-12.8520 -3.2998 -2.4940 0.9474
-12.5887 -4.2156 -2.4953 0.9474
-11.8686 -5.9804 -2.4980 0.9473
-11.6495 -6.4044 -2.4987 0.9473
-11.4152 -6.8203 -2.4994 0.9473
-10.6248 -8.0147 -2.5015 0.9473
-10.0280 -8.7612 -2.5029 0.9472
-9.3788 -9.4634 -2.5043 0.9472
-9.0356 -9.7967 -2.5050 0.9472
-8.6805 -10.1175 -2.5057 0.9472
-6.7435 -11.5203 -2.5091 0.9471
-5.9026 -11.9806 -2.5104 0.9471
-5.4701 -12.1878 -2.5110 0.9471
-4.1312 -12.7144 -2.5128 0.9470
-3.6729 -12.8575 -2.5134 0.9470
-3.2098 -12.9839 -2.5139 0.9470
-2.7422 -13.0936 -2.5145 0.9470
-1.7965 -13.2621 -2.5155 0.9470
-0.3552 -13.1877 -2.4797 0.9477
1.0811 -13.3538 -2.5182 0.9469
2.0370 -13.2457 -2.5189 0.9469
2.5114 -13.1658 -2.5193 0.9469
2.9829 -13.0687 -2.5196 0.9469
3.4504 -12.9547 -2.5199 0.9469
3.9137 -12.8238 -2.5201 0.9469
4.3719 -12.6763 -2.5204 0.9469
5.2709 -12.3319 -2.5208 0.9469
5.7106 -12.1356 -2.5209 0.9469
6.1429 -11.9234 -2.5211 0.9469
6.5672 -11.6958 -2.5212 0.9469
6.9830 -11.4529 -2.5213 0.9469
7.7871 -10.9228 -2.5214 0.9469
8.1742 -10.6363 -2.5214 0.9469
9.6115 -9.3561 -2.5212 0.9469
9.9407 -9.0047 -2.5211 0.9469
10.2570 -8.6416 -2.5209 0.9469
10.5599 -8.2673 -2.5208 0.9469
11.8608 -6.2459 -2.5196 0.9469
12.2752 -5.3775 -2.5189 0.9469
12.4586 -4.9327 -2.5186 0.9469
12.9105 -3.5631 -2.5174 0.9469
13.0279 -3.0968 -2.5170 0.9470
13.1282 -2.6267 -2.5165 0.9470
13.2116 -2.1533 -2.5160 0.9470
13.2777 -1.6774 -2.5155 0.9470
13.3726 -0.2401 -2.5139 0.9470
13.3494 0.7196 -2.5128 0.9470
13.3118 1.1981 -2.5122 0.9471
13.1611 2.1451 -2.5064 0.9472
12.2994 2.4609 -2.3576 0.9502
10.6165 2.9300 -2.0701 0.9562
11.8083 4.1915 -2.3552 0.9503
11.6471 4.6114 -2.3545 0.9503
11.4710 5.0252 -2.3539 0.9503
11.2801 5.4322 -2.3533 0.9503
11.0748 5.8320 -2.3526 0.9503
10.6219 6.6079 -2.3513 0.9504
10.3749 6.9829 -2.3506 0.9504
10.1147 7.3488 -2.3500 0.9504
6.5173 5.1024 -1.5558 0.9669
6.3249 5.3288 -1.5545 0.9669
7.1096 6.4402 -1.8031 0.9617
8.6279 9.0241 -2.3467 0.9505
8.2962 9.3255 -2.3461 0.9505
7.9539 9.6146 -2.3454 0.9505
7.6016 9.8912 -2.3448 0.9505
6.4890 10.6426 -2.3429 0.9505
6.1012 10.8659 -2.3423 0.9505
5.7058 11.0751 -2.3417 0.9506
5.3032 11.2699 -2.3411 0.9506
4.8940 11.4502 -2.3405 0.9506
4.4788 11.6157 -2.3400 0.9506
3.2019 12.0215 -2.3384 0.9506
2.7677 12.1261 -2.3378 0.9506
1.8898 12.2883 -2.3369 0.9507
1.4472 12.3458 -2.3364 0.9507
1.0029 12.3874 -2.3360 0.9507
0.5575 12.4131 -2.3355 0.9507
0.1115 12.4229 -2.3351 0.9507
-0.3345 12.4168 -2.3347 0.9507
-0.7798 12.3949 -2.3344 0.9507
-1.2241 12.3570 -2.3340 0.9507
-2.1069 12.2339 -2.3334 0.9507
-3.8344 11.8012 -2.3323 0.9508
-4.6705 11.4937 -2.3319 0.9508
-5.0797 11.3179 -2.3318 0.9508
-5.4824 11.1276 -2.3316 0.9508
-6.2660 10.7046 -2.3314 0.9508
-6.6460 10.4725 -2.3313 0.9508
-7.0175 10.2270 -2.3313 0.9508
-7.3801 9.9684 -2.3313 0.9508
-8.0763 9.4133 -2.3313 0.9508
-8.4092 9.1175 -2.3313 0.9508
-8.7313 8.8100 -2.3314 0.9508
-9.0423 8.4913 -2.3315 0.9508
-9.6292 7.8215 -2.3318 0.9508
-9.9045 7.4713 -2.3319 0.9508
-10.6531 6.3649 -2.3325 0.9507
-11.4599 4.7770 -2.3337 0.9507
-12.3503 4.6352 -2.4795 0.9477
-12.5395 4.1991 -2.4856 0.9476
-12.6842 3.7469 -2.4860 0.9476
-12.9247 2.8282 -2.4868 0.9476
-13.0203 2.3628 -2.4873 0.9476
-13.1614 1.4231 -2.4883 0.9475
-13.2067 0.9500 -2.4888 0.9475
-13.2184 -0.9508 -2.4910 0.9475
-13.1224 -1.8977 -2.4922 0.9475
-13.0490 -2.3681 -2.4928 0.9475
-12.5887 -4.2156 -2.4953 0.9474
-12.4326 -4.6660 -2.4960 0.9474
-12.0723 -5.5490 -2.4973 0.9474
-10.9026 -7.6260 -2.5008 0.9473
-10.3332 -8.3933 -2.5022 0.9473
-9.7098 -9.1181 -2.5036 0.9472
-8.6805 -10.1175 -2.5057 0.9472
-6.7435 -11.5203 -2.5091 0.9471
-6.3272 -11.7581 -2.5097 0.9471
-5.4701 -12.1878 -2.5110 0.9471
-5.0303 -12.3794 -2.5116 0.9471
-4.5838 -12.5550 -2.5122 0.9471
-3.6729 -12.8575 -2.5134 0.9470
-3.2098 -12.9839 -2.5139 0.9470
-2.7422 -13.0936 -2.5145 0.9470
-1.7965 -13.2621 -2.5155 0.9470
-1.3195 -13.3207 -2.5160 0.9470
-0.3552 -13.1877 -2.4797 0.9477
0.6010 -13.3819 -2.5178 0.9469
1.0811 -13.3538 -2.5182 0.9469
1.5600 -13.3084 -2.5186 0.9469
2.0370 -13.2457 -2.5189 0.9469
2.5115 -13.1658 -2.5193 0.9469
2.9829 -13.0687 -2.5196 0.9469
3.9137 -12.8238 -2.5201 0.9469
4.3719 -12.6763 -2.5204 0.9469
5.7106 -12.1356 -2.5209 0.9469
6.1429 -11.9234 -2.5211 0.9469
7.3898 -11.1951 -2.5213 0.9469
7.7871 -10.9228 -2.5214 0.9469
8.1742 -10.6363 -2.5214 0.9469
8.5507 -10.3360 -2.5214 0.9469
8.9160 -10.0222 -2.5213 0.9469
9.6115 -9.3561 -2.5212 0.9469
9.9407 -9.0047 -2.5211 0.9469
10.5599 -8.2673 -2.5208 0.9469
10.8490 -7.8823 -2.5206 0.9469
11.1240 -7.4871 -2.5204 0.9469
11.3846 -7.0823 -2.5201 0.9469
11.8608 -6.2459 -2.5196 0.9469
12.0758 -5.8154 -2.5193 0.9469
12.2752 -5.3775 -2.5189 0.9469
12.4586 -4.9327 -2.5186 0.9469
12.6257 -4.4816 -2.5182 0.9469
12.9105 -3.5631 -2.5174 0.9469
13.2116 -2.1533 -2.5160 0.9470
13.3267 -1.1994 -2.5150 0.9470
13.3583 -0.7201 -2.5145 0.9470
13.3726 -0.2401 -2.5139 0.9470
13.3494 0.7196 -2.5128 0.9470
13.2570 1.6748 -2.5116 0.9471
12.2001 2.9000 -2.3570 0.9502
10.6165 2.9300 -2.0701 0.9562
11.8083 4.1915 -2.3552 0.9503
11.6471 4.6114 -2.3545 0.9503
11.4710 5.0252 -2.3539 0.9503
10.1147 7.3488 -2.3500 0.9504
7.1096 6.4402 -1.8031 0.9617
8.9488 8.7110 -2.3474 0.9504
8.6279 9.0241 -2.3467 0.9505
8.2962 9.3255 -2.3461 0.9505
7.9539 9.6146 -2.3454 0.9505
7.6016 9.8912 -2.3448 0.9505
6.1012 10.8659 -2.3423 0.9505
5.7058 11.0751 -2.3417 0.9506
5.3032 11.2699 -2.3411 0.9506
4.8940 11.4502 -2.3405 0.9506
4.4788 11.6157 -2.3400 0.9506
4.0580 11.7662 -2.3394 0.9506
2.7677 12.1261 -2.3378 0.9506
2.3301 12.2150 -2.3373 0.9506
1.8898 12.2883 -2.3369 0.9507
1.4472 12.3458 -2.3364 0.9507
1.0029 12.3874 -2.3360 0.9507
-0.3345 12.4168 -2.3347 0.9507
-1.6666 12.3033 -2.3337 0.9507
-2.1069 12.2339 -2.3334 0.9507
-2.5444 12.1489 -2.3331 0.9507
-3.4087 11.9324 -2.3325 0.9507
-3.8344 11.8012 -2.3323 0.9508
-4.2552 11.6549 -2.3321 0.9508
-4.6705 11.4937 -2.3319 0.9508
-5.8780 10.9231 -2.3315 0.9508
-6.2660 10.7046 -2.3314 0.9508
-6.6461 10.4725 -2.3313 0.9508
-7.3801 9.9684 -2.3313 0.9508
-8.0763 9.4133 -2.3313 0.9508
-8.4092 9.1175 -2.3313 0.9508
-9.0423 8.4913 -2.3315 0.9508
-10.1671 7.1115 -2.3321 0.9508
-10.4168 6.7426 -2.3323 0.9508
-10.6531 6.3649 -2.3325 0.9507
-10.8759 5.9791 -2.3328 0.9507
-11.4599 4.7770 -2.3337 0.9507
-12.9247 2.8282 -2.4868 0.9476
-13.0203 2.3628 -2.4873 0.9476
-13.0992 1.8943 -2.4878 0.9476
-13.2351 0.4754 -2.4893 0.9475
-13.2466 -0.0000 -2.4898 0.9475
-13.2410 -0.4756 -2.4904 0.9475
-13.2184 -0.9508 -2.4910 0.9475
-13.1789 -1.4251 -2.4916 0.9475
-13.0490 -2.3681 -2.4928 0.9475
-12.9589 -2.8357 -2.4934 0.9474
-12.7286 -3.7600 -2.4947 0.9474
-12.5887 -4.2156 -2.4953 0.9474
-12.2604 -5.1107 -2.4967 0.9474
-12.0723 -5.5490 -2.4973 0.9474
-11.8686 -5.9804 -2.4980 0.9473
-11.6495 -6.4044 -2.4987 0.9473
-11.1662 -7.2277 -2.5001 0.9473
-10.6248 -8.0147 -2.5015 0.9473
-10.0280 -8.7612 -2.5029 0.9472
-9.7098 -9.1181 -2.5036 0.9472
-9.0356 -9.7967 -2.5050 0.9472
-7.9366 -10.7201 -2.5071 0.9472
-7.5487 -11.0010 -2.5077 0.9471
-6.3272 -11.7581 -2.5097 0.9471
-5.9026 -11.9806 -2.5104 0.9471
-4.1311 -12.7144 -2.5128 0.9470
-3.6729 -12.8575 -2.5134 0.9470
-2.7422 -13.0936 -2.5145 0.9470
1.5600 -13.3084 -2.5186 0.9469
2.5115 -13.1658 -2.5193 0.9469
2.9829 -13.0687 -2.5196 0.9469
3.9136 -12.8238 -2.5201 0.9469
4.3719 -12.6763 -2.5204 0.9469
5.7106 -12.1356 -2.5209 0.9469
6.9830 -11.4529 -2.5213 0.9469
8.9160 -10.0222 -2.5213 0.9469
9.2698 -9.6955 -2.5213 0.9469
9.6115 -9.3561 -2.5212 0.9469
10.8490 -7.8823 -2.5206 0.9469
11.1241 -7.4871 -2.5204 0.9469
11.8608 -6.2459 -2.5196 0.9469
12.0758 -5.8154 -2.5193 0.9469
12.6257 -4.4816 -2.5182 0.9469
12.7764 -4.0249 -2.5178 0.9469
13.0279 -3.0968 -2.5170 0.9470
13.1282 -2.6267 -2.5165 0.9470
13.2777 -1.6774 -2.5155 0.9470
13.3697 0.2401 -2.5134 0.9470
13.3494 0.7197 -2.5128 0.9470
13.3118 1.1981 -2.5122 0.9471
13.2570 1.6748 -2.5116 0.9471
13.1611 2.1451 -2.5064 0.9472
12.2994 2.4609 -2.3576 0.9502
10.6165 2.9300 -2.0701 0.9562
11.9543 3.7659 -2.3558 0.9503
11.8083 4.1915 -2.3552 0.9503
11.4709 5.0252 -2.3539 0.9503
11.0748 5.8320 -2.3526 0.9503
10.8553 6.2241 -2.3520 0.9503
6.5173 5.1024 -1.5558 0.9669
8.2962 9.3255 -2.3461 0.9505
7.9539 9.6146 -2.3454 0.9505
6.1012 10.8659 -2.3423 0.9505
5.7058 11.0751 -2.3417 0.9506
4.4788 11.6157 -2.3400 0.9506
2.7677 12.1261 -2.3378 0.9506
2.3301 12.2150 -2.3373 0.9506
1.0029 12.3874 -2.3360 0.9507
0.5575 12.4131 -2.3355 0.9507
0.1115 12.4229 -2.3351 0.9507
-0.3345 12.4168 -2.3347 0.9507
-2.5444 12.1489 -2.3331 0.9507
-2.9785 12.0483 -2.3328 0.9507
-3.4087 11.9324 -2.3325 0.9507
-4.2552 11.6549 -2.3321 0.9508
-4.6705 11.4937 -2.3319 0.9508
-6.2660 10.7046 -2.3314 0.9508
-6.6460 10.4725 -2.3313 0.9508
-7.0176 10.2270 -2.3313 0.9508
-7.3801 9.9684 -2.3313 0.9508
-7.7331 9.6970 -2.3313 0.9508
-8.0763 9.4133 -2.3313 0.9508
-9.0423 8.4913 -2.3315 0.9508
-9.3417 8.1616 -2.3316 0.9508
-9.9045 7.4713 -2.3319 0.9508
-10.4168 6.7426 -2.3323 0.9508
-10.8759 5.9791 -2.3328 0.9507
-11.2795 5.1846 -2.3334 0.9507
-12.5395 4.1991 -2.4856 0.9476
-13.0203 2.3628 -2.4873 0.9476
-13.2067 0.9500 -2.4888 0.9475
-11.7799 -0.4231 -2.4916 0.9530
-11.7595 -0.8459 -2.4921 0.9529
-11.5274 -2.5224 -2.4943 0.9529
-11.0579 -4.1501 -2.4966 0.9529
-9.9298 -6.4274 -2.5003 0.9528
-9.4477 -7.1268 -2.5015 0.9528
-9.1881 -7.4632 -2.5022 0.9528
-8.6333 -8.1072 -2.5034 0.9527
-8.3388 -8.4140 -2.5040 0.9527
-7.7174 -8.9950 -2.5053 0.9527
-7.3914 -9.2685 -2.5059 0.9527
-7.0556 -9.5301 -2.5065 0.9527
-6.7105 -9.7796 -2.5071 0.9527
-6.3567 -10.0165 -2.5077 0.9527
-5.9944 -10.2406 -2.5082 0.9526
-5.2466 -10.6492 -2.5094 0.9526
-4.4711 -11.0030 -2.5105 0.9526
-3.2643 -11.4271 -2.5121 0.9526
-2.8526 -11.5392 -2.5126 0.9526
-2.0181 -11.7186 -2.5135 0.9525
-0.7470 -11.8738 -2.5148 0.9525
-0.3204 -11.8949 -2.5153 0.9525
0.1068 -11.9006 -2.5156 0.9525
0.5340 -11.8908 -2.5160 0.9525
0.9607 -11.8657 -2.5164 0.9525
1.3861 -11.8251 -2.5167 0.9525
1.8100 -11.7692 -2.5170 0.9525
2.6503 -11.6116 -2.5176 0.9525
3.0657 -11.5102 -2.5178 0.9525
3.4772 -11.3938 -2.5181 0.9525
5.4576 -10.5933 -2.5189 0.9524
6.2040 -10.1752 -2.5191 0.9524
6.5654 -9.9461 -2.5191 0.9524
7.2622 -9.4496 -2.5192 0.9524
7.5967 -9.1828 -2.5192 0.9524
7.9213 -8.9041 -2.5192 0.9524
8.2357 -8.6138 -2.5191 0.9524
8.5393 -8.3124 -2.5190 0.9524
8.8318 -8.0002 -2.5189 0.9524
9.3820 -7.3451 -2.5186 0.9525
9.6390 -7.0031 -2.5185 0.9525
9.8834 -6.6521 -2.5183 0.9525
10.3334 -5.9248 -2.5178 0.9525
10.5383 -5.5495 -2.5176 0.9525
10.7296 -5.1671 -2.5173 0.9525
11.0700 -4.3829 -2.5167 0.9525
11.4722 -3.1661 -2.5156 0.9525
11.7404 -1.9135 -2.5144 0.9525
11.7994 -1.4906 -2.5140 0.9525
11.8432 -1.0659 -2.5135 0.9525
11.8315 1.0649 -2.5110 0.9526
11.7195 1.9101 -2.5100 0.9526
11.6175 2.3244 -2.5044 0.9527
10.6267 3.3477 -2.3551 0.9555
10.0286 4.8295 -2.3528 0.9555
6.5096 5.0963 -1.7475 0.9668
6.3224 5.3266 -1.7475 0.9668
8.2332 7.4579 -2.3482 0.9556
5.7364 6.4481 -1.8243 0.9653
5.4271 9.6653 -2.3431 0.9557
5.0755 9.8517 -2.3426 0.9557
3.9844 10.3334 -2.3410 0.9557
3.2314 10.5882 -2.3400 0.9557
2.4624 10.7885 -2.3391 0.9558
1.2876 10.9847 -2.3378 0.9558
0.4960 11.0451 -2.3371 0.9558
0.0992 11.0541 -2.3367 0.9558
-0.6939 11.0295 -2.3360 0.9558
-1.0892 10.9960 -2.3357 0.9558
-1.4831 10.9484 -2.3354 0.9558
-1.8749 10.8868 -2.3351 0.9558
-2.2642 10.8113 -2.3349 0.9558
-3.0335 10.6189 -2.3344 0.9559
-3.4124 10.5022 -2.3342 0.9559
-4.1565 10.2288 -2.3339 0.9559
-4.8791 9.9031 -2.3336 0.9559
-5.2312 9.7211 -2.3335 0.9559
-6.5681 8.8716 -2.3333 0.9559
-7.1877 8.3776 -2.3333 0.9559
-7.4839 8.1143 -2.3333 0.9559
-7.7706 7.8406 -2.3334 0.9559
-8.5696 6.9608 -2.3337 0.9559
-9.0481 6.3288 -2.3340 0.9559
-9.4804 5.6643 -2.3344 0.9559
-10.0375 4.6137 -2.3351 0.9558
-10.8331 4.5157 -2.4809 0.9531
-11.0154 4.1341 -2.4870 0.9530
-11.1582 3.7366 -2.4873 0.9530
-11.5004 2.5165 -2.4885 0.9530
-11.5852 2.1024 -2.4889 0.9530
-11.6552 1.6855 -2.4893 0.9530
-11.7102 1.2662 -2.4897 0.9530
-11.7752 0.4229 -2.4907 0.9530
-11.7851 -0.0000 -2.4911 0.9530
-11.7799 -0.4231 -2.4916 0.9530
-11.5274 -2.5224 -2.4943 0.9529
-11.4320 -2.9353 -2.4949 0.9529
-11.3219 -3.3445 -2.4954 0.9529
-11.0579 -4.1501 -2.4966 0.9529
-10.7368 -4.9352 -2.4978 0.9528
-10.1516 -6.0653 -2.4997 0.9528
-9.6951 -6.7814 -2.5009 0.9528
-9.4477 -7.1268 -2.5015 0.9528
-8.3388 -8.4140 -2.5040 0.9527
-7.3913 -9.2685 -2.5059 0.9527
-7.0556 -9.5301 -2.5065 0.9527
-6.7105 -9.7796 -2.5071 0.9527
-6.3567 -10.0165 -2.5077 0.9527
-5.6242 -10.4516 -2.5088 0.9526
-5.2466 -10.6492 -2.5094 0.9526
-4.4711 -11.0030 -2.5105 0.9526
-3.6717 -11.3002 -2.5116 0.9526
-3.2643 -11.4271 -2.5121 0.9526
-2.4370 -11.6364 -2.5131 0.9526
-1.1726 -11.8374 -2.5144 0.9525
-0.7470 -11.8738 -2.5148 0.9525
0.5340 -11.8908 -2.5160 0.9525
0.9607 -11.8657 -2.5164 0.9525
1.3861 -11.8251 -2.5167 0.9525
1.8100 -11.7692 -2.5170 0.9525
2.2315 -11.6980 -2.5173 0.9525
3.8843 -11.2625 -2.5183 0.9525
4.2864 -11.1167 -2.5185 0.9525
4.6830 -10.9564 -2.5186 0.9525
6.2040 -10.1752 -2.5191 0.9524
6.5654 -9.9461 -2.5191 0.9524
6.9183 -9.7042 -2.5192 0.9524
7.2622 -9.4496 -2.5192 0.9524
7.9213 -8.9041 -2.5191 0.9524
8.5393 -8.3124 -2.5190 0.9524
8.8318 -8.0002 -2.5189 0.9524
9.1128 -7.6776 -2.5188 0.9525
9.3820 -7.3451 -2.5186 0.9525
9.6390 -7.0031 -2.5185 0.9525
10.3334 -5.9248 -2.5178 0.9525
10.7296 -5.1671 -2.5173 0.9525
10.9069 -4.7780 -2.5170 0.9525
11.0700 -4.3829 -2.5167 0.9525
11.3528 -3.5764 -2.5160 0.9525
11.4722 -3.1661 -2.5156 0.9525
11.7994 -1.4906 -2.5140 0.9525
11.8432 -1.0659 -2.5135 0.9525
11.8716 -0.6400 -2.5131 0.9526
11.8315 1.0649 -2.5110 0.9526
11.7831 1.4885 -2.5105 0.9526
11.7195 1.9102 -2.5100 0.9526
11.6175 2.3244 -2.5044 0.9527
10.6163 2.9299 -2.3280 0.9560
10.4972 3.7261 -2.3545 0.9555
10.3542 4.0995 -2.3540 0.9555
10.1979 4.4675 -2.3534 0.9555
10.0286 4.8295 -2.3528 0.9555
9.8463 5.1851 -2.3523 0.9555
9.6515 5.5338 -2.3517 0.9555
7.7936 4.8484 -1.9402 0.9632
9.2250 6.2089 -2.3505 0.9556
6.3224 5.3266 -1.7475 0.9668
8.2332 7.4579 -2.3482 0.9556
7.6731 8.0254 -2.3470 0.9556
5.7364 6.4481 -1.8243 0.9653
7.0740 8.5510 -2.3459 0.9556
6.7609 8.7973 -2.3453 0.9557
6.1094 9.2553 -2.3442 0.9557
5.7719 9.4664 -2.3436 0.9557
5.4271 9.6653 -2.3431 0.9557
4.7175 10.0253 -2.3420 0.9557
4.3537 10.1859 -2.3415 0.9557
3.6101 10.4676 -2.3405 0.9557
3.2314 10.5882 -2.3400 0.9557
2.8486 10.6953 -2.3396 0.9558
2.4624 10.7885 -2.3391 0.9558
1.6814 10.9333 -2.3383 0.9558
1.2876 10.9847 -2.3378 0.9558
0.0992 11.0541 -2.3367 0.9558
-0.2976 11.0488 -2.3364 0.9558
-0.6939 11.0295 -2.3360 0.9558
-1.0892 10.9960 -2.3357 0.9558
-1.4831 10.9484 -2.3354 0.9558
-1.8749 10.8868 -2.3351 0.9558
-2.6506 10.7219 -2.3346 0.9558
-3.0335 10.6189 -2.3344 0.9559
-3.4124 10.5022 -2.3342 0.9559
-3.7869 10.3721 -2.3340 0.9559
-4.5207 10.0724 -2.3337 0.9559
-5.5766 9.5268 -2.3334 0.9559
-6.8823 8.6301 -2.3333 0.9559
-8.5696 6.9608 -2.3337 0.9559
-9.2702 6.0004 -2.3342 0.9559
-9.8643 4.9705 -2.3349 0.9558
-10.0375 4.6137 -2.3351 0.9558
-10.8331 4.5157 -2.4809 0.9531
-11.0154 4.1341 -2.4870 0.9530
-11.4008 2.9272 -2.4881 0.9530
-11.5004 2.5165 -2.4885 0.9530
-11.7102 1.2662 -2.4897 0.9530
-11.7503 0.8452 -2.4902 0.9530
-11.7851 -0.0000 -2.4911 0.9530
-11.7799 -0.4231 -2.4916 0.9530
-11.7595 -0.8459 -2.4921 0.9529
-11.5274 -2.5224 -2.4943 0.9529
-11.0579 -4.1501 -2.4966 0.9529
-10.5553 -5.3187 -2.4984 0.9528
-10.3602 -5.6956 -2.4990 0.9528
-10.1516 -6.0653 -2.4997 0.9528
-9.9298 -6.4274 -2.5003 0.9528
-9.6950 -6.7814 -2.5009 0.9528
-9.4477 -7.1268 -2.5015 0.9528
-9.1881 -7.4632 -2.5022 0.9528
-8.6333 -8.1072 -2.5034 0.9527
-7.7174 -8.9950 -2.5053 0.9527
-7.3913 -9.2685 -2.5059 0.9527
-5.6242 -10.4516 -2.5088 0.9526
-5.2466 -10.6492 -2.5094 0.9526
-4.8621 -10.8331 -2.5100 0.9526
-4.4711 -11.0030 -2.5105 0.9526
-4.0741 -11.1588 -2.5110 0.9526
-3.6717 -11.3002 -2.5116 0.9526
-3.2643 -11.4271 -2.5121 0.9526
0.9607 -11.8657 -2.5164 0.9525
1.8100 -11.7692 -2.5170 0.9525
2.2315 -11.6980 -2.5173 0.9525
2.6503 -11.6116 -2.5176 0.9525
4.2864 -11.1167 -2.5185 0.9525
5.0736 -10.7819 -2.5188 0.9525
5.8346 -10.3910 -2.5190 0.9524
6.2040 -10.1752 -2.5191 0.9524
6.5654 -9.9461 -2.5191 0.9524
6.9183 -9.7042 -2.5192 0.9524
7.5967 -9.1828 -2.5192 0.9524
7.9213 -8.9041 -2.5191 0.9524
9.6390 -7.0031 -2.5185 0.9525
10.1150 -6.2925 -2.5181 0.9525
10.5384 -5.5495 -2.5176 0.9525
10.7296 -5.1671 -2.5173 0.9525
11.0700 -4.3829 -2.5167 0.9525
11.4722 -3.1661 -2.5156 0.9525
11.7404 -1.9135 -2.5144 0.9525
11.7994 -1.4906 -2.5140 0.9525
11.8432 -1.0659 -2.5135 0.9525
11.8716 -0.6400 -2.5131 0.9526
11.8846 -0.2134 -2.5126 0.9526
11.8645 0.6396 -2.5116 0.9526
11.8315 1.0649 -2.5110 0.9526
11.6175 2.3244 -2.5044 0.9527
10.8638 2.5824 -2.3604 0.9554
10.4972 3.7261 -2.3545 0.9555
10.1979 4.4675 -2.3534 0.9555
9.8463 5.1851 -2.3523 0.9555
7.7936 4.8484 -1.9402 0.9632
7.0810 5.1446 -1.8501 0.9648
6.3224 5.3266 -1.7475 0.9668
8.2332 7.4579 -2.3482 0.9556
7.9582 7.7467 -2.3476 0.9556
7.6731 8.0254 -2.3470 0.9556
5.7364 6.4481 -1.8243 0.9653
5.4271 9.6653 -2.3431 0.9557
3.2314 10.5882 -2.3400 0.9557
2.8486 10.6953 -2.3396 0.9558
2.4624 10.7885 -2.3391 0.9558
2.0732 10.8679 -2.3387 0.9558
0.8923 11.0220 -2.3375 0.9558
0.4960 11.0451 -2.3371 0.9558
0.0992 11.0541 -2.3367 0.9558
-0.2976 11.0488 -2.3364 0.9558
-0.6939 11.0295 -2.3360 0.9558
-1.0893 10.9960 -2.3357 0.9558
-1.8749 10.8868 -2.3351 0.9558
-2.6506 10.7219 -2.3346 0.9558
-3.7869 10.3721 -2.3340 0.9559
-4.1565 10.2288 -2.3339 0.9559
-5.2312 9.7211 -2.3335 0.9559
-6.2454 9.1017 -2.3333 0.9559
-7.1877 8.3776 -2.3333 0.9559
-8.3137 7.2635 -2.3336 0.9559
-9.0481 6.3288 -2.3340 0.9559
-9.6786 5.3208 -2.3346 0.9558
-9.8643 4.9705 -2.3349 0.9558
-10.0375 4.6137 -2.3351 0.9558
-10.8331 4.5157 -2.4809 0.9531
-11.1582 3.7366 -2.4873 0.9530
-11.2867 3.3341 -2.4877 0.9530
-11.6552 1.6855 -2.4893 0.9530
-11.7102 1.2662 -2.4897 0.9530
-11.7503 0.8452 -2.4902 0.9530
-11.7752 0.4229 -2.4907 0.9530
-11.6735 -1.6881 -2.4932 0.9529
-11.4320 -2.9353 -2.4949 0.9529
-11.3219 -3.3445 -2.4954 0.9529
-11.1971 -3.7496 -2.4960 0.9529
-10.9044 -4.5455 -2.4972 0.9528
-10.7368 -4.9352 -2.4978 0.9528
-10.3602 -5.6956 -2.4990 0.9528
-10.1516 -6.0653 -2.4997 0.9528
-9.6951 -6.7814 -2.5009 0.9528
-9.4477 -7.1268 -2.5015 0.9528
-9.1881 -7.4632 -2.5022 0.9528
-8.9165 -7.7901 -2.5028 0.9527
-8.3388 -8.4140 -2.5040 0.9527
-7.0556 -9.5301 -2.5065 0.9527
-6.7105 -9.7796 -2.5071 0.9527
-4.8621 -10.8331 -2.5100 0.9526
-3.6716 -11.3002 -2.5116 0.9526
-2.8526 -11.5392 -2.5126 0.9526
-1.5964 -11.7856 -2.5140 0.9525
-1.1726 -11.8374 -2.5144 0.9525
0.1069 -11.9006 -2.5156 0.9525
1.3862 -11.8251 -2.5167 0.9525
2.6503 -11.6116 -2.5176 0.9525
3.8843 -11.2625 -2.5183 0.9525
4.2864 -11.1167 -2.5185 0.9525
5.4576 -10.5933 -2.5189 0.9524
5.8346 -10.3910 -2.5190 0.9524
6.5654 -9.9461 -2.5191 0.9524
7.2622 -9.4496 -2.5192 0.9524
8.2357 -8.6138 -2.5191 0.9524
8.8318 -8.0002 -2.5189 0.9524
9.3820 -7.3451 -2.5186 0.9525
9.6390 -7.0031 -2.5185 0.9525
10.1150 -6.2925 -2.5181 0.9525
10.3334 -5.9248 -2.5178 0.9525
10.5384 -5.5495 -2.5176 0.9525
10.9069 -4.7780 -2.5170 0.9525
11.2187 -3.9822 -2.5164 0.9525
11.5767 -2.7518 -2.5153 0.9525
11.6661 -2.3341 -2.5149 0.9525
11.8716 -0.6400 -2.5131 0.9526
11.8823 0.2133 -2.5121 0.9526
11.8645 0.6396 -2.5116 0.9526
11.8315 1.0649 -2.5110 0.9526
11.7195 1.9102 -2.5100 0.9526
11.6175 2.3244 -2.5044 0.9527
10.6267 3.3477 -2.3551 0.9555
10.3542 4.0995 -2.3540 0.9555
10.1979 4.4675 -2.3534 0.9555
10.0286 4.8295 -2.3528 0.9555
9.8463 5.1851 -2.3523 0.9555
7.7936 4.8484 -1.9402 0.9632
7.9582 7.7467 -2.3476 0.9556
5.7364 6.4481 -1.8243 0.9653
7.0740 8.5510 -2.3459 0.9556
6.7609 8.7973 -2.3453 0.9557
5.4271 9.6653 -2.3431 0.9557
5.0755 9.8517 -2.3426 0.9557
4.7175 10.0253 -2.3420 0.9557
4.3537 10.1859 -2.3415 0.9557
3.9844 10.3334 -2.3410 0.9557
3.6101 10.4676 -2.3405 0.9557
3.2314 10.5882 -2.3400 0.9557
2.4624 10.7885 -2.3391 0.9558
2.0732 10.8679 -2.3387 0.9558
1.6814 10.9333 -2.3383 0.9558
0.8923 11.0220 -2.3375 0.9558
-0.6939 11.0295 -2.3360 0.9558
-1.0893 10.9960 -2.3357 0.9558
-1.4831 10.9484 -2.3354 0.9558
-2.6506 10.7219 -2.3346 0.9558
-3.4124 10.5022 -2.3342 0.9559
-5.2312 9.7211 -2.3335 0.9559
-5.5766 9.5268 -2.3334 0.9559
-5.9148 9.3202 -2.3333 0.9559
-6.2454 9.1017 -2.3333 0.9559
-6.5681 8.8716 -2.3333 0.9559
-7.1877 8.3776 -2.3333 0.9559
-8.3137 7.2635 -2.3336 0.9559
-8.5696 6.9608 -2.3337 0.9559
-8.8145 6.6490 -2.3339 0.9559
-9.0481 6.3288 -2.3340 0.9559
-9.2702 6.0004 -2.3342 0.9559
-9.4804 5.6643 -2.3344 0.9559
-9.8643 4.9705 -2.3349 0.9558
-10.0375 4.6137 -2.3351 0.9558
-11.0154 4.1341 -2.4870 0.9530
-11.2867 3.3341 -2.4877 0.9530
-11.5852 2.1024 -2.4889 0.9530
-11.7102 1.2662 -2.4897 0.9530
-11.7752 0.4229 -2.4907 0.9530
-10.6041 -0.0000 -2.4922 0.9574
-10.5027 -1.5188 -2.4941 0.9573
-10.4435 -1.8952 -2.4945 0.9573
-10.2848 -2.6407 -2.4956 0.9573
-10.1855 -3.0088 -2.4961 0.9573
-9.8092 -4.0889 -2.4977 0.9573
-9.6582 -4.4394 -2.4982 0.9573
-9.4947 -4.7843 -2.4988 0.9573
-9.1311 -5.4556 -2.4999 0.9572
-8.4974 -6.4099 -2.5015 0.9572
-8.2636 -6.7123 -2.5021 0.9572
-7.4992 -7.5668 -2.5038 0.9572
-6.9400 -8.0889 -2.5049 0.9572
-6.6467 -8.3347 -2.5054 0.9571
-6.3446 -8.5697 -2.5060 0.9571
-5.7158 -9.0067 -2.5071 0.9571
-5.3900 -9.2080 -2.5076 0.9571
-5.0570 -9.3975 -2.5081 0.9571
-4.7174 -9.5749 -2.5086 0.9571
-4.3715 -9.7400 -2.5091 0.9571
-2.5645 -10.3738 -2.5115 0.9570
-2.1909 -10.4610 -2.5119 0.9570
-1.8142 -10.5347 -2.5123 0.9570
-1.4351 -10.5947 -2.5127 0.9570
-1.0541 -10.6411 -2.5131 0.9570
0.4800 -10.6885 -2.5146 0.9570
1.2459 -10.6291 -2.5152 0.9570
1.6269 -10.5787 -2.5155 0.9570
2.0058 -10.5146 -2.5157 0.9570
3.4912 -10.1228 -2.5166 0.9570
3.8526 -9.9916 -2.5168 0.9570
4.5600 -9.6906 -2.5171 0.9569
5.5760 -9.1452 -2.5173 0.9569
5.9008 -8.9393 -2.5174 0.9569
6.2179 -8.7218 -2.5174 0.9569
6.5270 -8.4930 -2.5174 0.9569
6.8277 -8.2532 -2.5174 0.9569
7.4020 -7.7419 -2.5173 0.9569
7.6749 -7.4709 -2.5173 0.9569
8.1905 -6.9005 -2.5171 0.9569
8.4324 -6.6017 -2.5169 0.9569
8.6635 -6.2944 -2.5168 0.9570
8.8832 -5.9789 -2.5166 0.9570
9.6441 -4.6444 -2.5157 0.9570
10.2049 -3.2148 -2.5146 0.9570
10.6467 -0.9582 -2.5123 0.9570
10.6724 -0.5753 -2.5119 0.9570
10.6844 -0.1918 -2.5115 0.9570
10.6825 0.1918 -2.5110 0.9570
10.6667 0.5750 -2.5106 0.9571
10.6372 0.9574 -2.5101 0.9571
10.4665 2.0941 -2.5086 0.9571
10.3607 2.4628 -2.5028 0.9572
9.7392 2.6878 -2.3745 0.9593
9.5554 3.0102 -2.3545 0.9597
9.1705 4.0174 -2.3530 0.9597
8.8547 4.6629 -2.3520 0.9597
6.3836 4.2965 -1.8085 0.9689
6.5018 5.0902 -1.9407 0.9666
6.3198 5.3245 -1.9422 0.9666
7.0713 6.4054 -2.2424 0.9616
5.6437 5.4937 -1.8510 0.9682
5.7362 6.4478 -2.0283 0.9652
4.5662 8.8632 -2.3433 0.9599
3.9170 9.1643 -2.3423 0.9599
2.9075 9.5269 -2.3410 0.9599
1.8655 9.7791 -2.3398 0.9599
0.8030 9.9183 -2.3387 0.9599
0.4464 9.9393 -2.3383 0.9599
-0.2678 9.9429 -2.3377 0.9600
-0.9802 9.8956 -2.3371 0.9600
-1.6873 9.7976 -2.3366 0.9600
-2.3855 9.6495 -2.3361 0.9600
-2.7301 9.5568 -2.3359 0.9600
-3.0711 9.4519 -2.3357 0.9600
-3.4082 9.3349 -2.3356 0.9600
-3.7408 9.2060 -2.3354 0.9600
-4.7082 8.7492 -2.3351 0.9600
-5.6210 8.1918 -2.3349 0.9600
-5.9114 7.9846 -2.3349 0.9600
-6.1942 7.7673 -2.3349 0.9600
-6.4691 7.5400 -2.3349 0.9600
-7.2427 6.8013 -2.3351 0.9600
-7.7127 6.2647 -2.3353 0.9600
-8.7104 4.7886 -2.3361 0.9600
-8.9064 4.4878 -2.3439 0.9598
-9.7720 4.0734 -2.4882 0.9574
-9.9131 3.7204 -2.4885 0.9574
-10.0415 3.3626 -2.4888 0.9574
-10.1570 3.0004 -2.4891 0.9574
-10.2595 2.6342 -2.4894 0.9574
-10.5731 0.7605 -2.4913 0.9574
-10.5954 0.3806 -2.4918 0.9574
-10.6041 -0.0000 -2.4922 0.9574
-10.5991 -0.3807 -2.4926 0.9574
-10.5806 -0.7611 -2.4931 0.9573
-10.5027 -1.5188 -2.4941 0.9573
-10.3708 -2.2693 -2.4950 0.9573
-10.2848 -2.6407 -2.4956 0.9573
-10.1855 -3.0088 -2.4961 0.9573
-10.0730 -3.3732 -2.4966 0.9573
-9.8092 -4.0889 -2.4977 0.9573
-9.4947 -4.7843 -2.4988 0.9573
-8.2636 -6.7123 -2.5021 0.9572
-6.3446 -8.5697 -2.5060 0.9571
-5.7158 -9.0067 -2.5071 0.9571
-4.3715 -9.7400 -2.5091 0.9571
-4.0198 -9.8926 -2.5096 0.9571
-3.6629 -10.0325 -2.5101 0.9571
-2.9347 -10.2732 -2.5110 0.9570
-2.1909 -10.4610 -2.5119 0.9570
-1.4351 -10.5947 -2.5127 0.9570
-1.0541 -10.6411 -2.5131 0.9570
-0.2880 -10.6925 -2.5139 0.9570
0.8635 -10.6657 -2.5149 0.9570
2.3821 -10.4368 -2.5160 0.9570
2.7555 -10.3455 -2.5162 0.9570
3.8526 -9.9916 -2.5168 0.9570
4.2090 -9.8475 -2.5169 0.9569
4.5600 -9.6906 -2.5171 0.9569
4.9052 -9.5210 -2.5172 0.9569
5.2440 -9.3392 -2.5173 0.9569
5.5760 -9.1452 -2.5173 0.9569
6.5270 -8.4930 -2.5174 0.9569
7.1194 -8.0027 -2.5174 0.9569
7.4020 -7.7419 -2.5173 0.9569
7.9378 -7.1904 -2.5172 0.9569
8.1905 -6.9005 -2.5171 0.9569
8.4324 -6.6017 -2.5169 0.9569
8.8832 -5.9789 -2.5166 0.9570
9.0914 -5.6558 -2.5164 0.9570
9.2878 -5.3253 -2.5162 0.9570
9.8036 -4.2947 -2.5155 0.9570
10.0841 -3.5795 -2.5149 0.9570
10.3123 -2.8460 -2.5142 0.9570
10.4064 -2.4737 -2.5139 0.9570
10.5539 -1.7202 -2.5131 0.9570
10.6072 -1.3400 -2.5127 0.9570
10.6724 -0.5753 -2.5119 0.9570
10.6844 -0.1918 -2.5115 0.9570
10.6825 0.1918 -2.5110 0.9570
10.6667 0.5750 -2.5106 0.9571
10.6372 0.9574 -2.5101 0.9571
9.7392 2.6878 -2.3745 0.9593
9.5554 3.0102 -2.3545 0.9597
9.0184 4.3430 -2.3525 0.9597
8.8547 4.6629 -2.3520 0.9597
6.3836 4.2965 -1.8085 0.9689
7.0348 5.1111 -2.0437 0.9649
6.5018 5.0902 -1.9407 0.9666
6.3198 5.3245 -1.9422 0.9666
5.6878 5.9490 -1.9344 0.9667
5.7362 6.4478 -2.0283 0.9652
6.0818 7.9137 -2.3457 0.9598
5.1925 8.5163 -2.3442 0.9598
4.5662 8.8632 -2.3433 0.9599
4.2443 9.0196 -2.3428 0.9599
3.9170 9.1643 -2.3423 0.9599
3.5848 9.2972 -2.3419 0.9599
2.5632 9.6234 -2.3406 0.9599
1.8655 9.7791 -2.3398 0.9599
-0.2678 9.9429 -2.3377 0.9600
-0.6245 9.9256 -2.3374 0.9600
-1.3347 9.8529 -2.3368 0.9600
-3.4082 9.3349 -2.3356 0.9600
-3.7408 9.2060 -2.3354 0.9600
-4.0686 9.0652 -2.3353 0.9600
-4.3912 8.9129 -2.3352 0.9600
-4.7082 8.7492 -2.3351 0.9600
-5.3234 8.3884 -2.3350 0.9600
-5.9114 7.9846 -2.3349 0.9600
-6.1942 7.7673 -2.3349 0.9600
-6.4691 7.5400 -2.3349 0.9600
-6.9937 7.0567 -2.3350 0.9600
-7.7127 6.2647 -2.3353 0.9600
-7.9330 5.9842 -2.3354 0.9600
-8.1433 5.6959 -2.3356 0.9600
-8.9064 4.4878 -2.3439 0.9598
-9.5962 4.4109 -2.4822 0.9575
-9.9131 3.7204 -2.4885 0.9574
-10.0415 3.3626 -2.4888 0.9574
-10.1570 3.0004 -2.4891 0.9574
-10.2595 2.6342 -2.4894 0.9574
-10.3489 2.2645 -2.4898 0.9574
-10.4879 1.5167 -2.4905 0.9574
-10.5372 1.1394 -2.4909 0.9574
-10.5954 0.3806 -2.4918 0.9574
-10.6041 -0.0000 -2.4922 0.9574
-10.5991 -0.3807 -2.4926 0.9574
-10.5806 -0.7611 -2.4931 0.9573
-10.5484 -1.1406 -2.4936 0.9573
-10.5027 -1.5188 -2.4941 0.9573
-10.4435 -1.8952 -2.4945 0.9573
-10.3708 -2.2693 -2.4950 0.9573
-10.2848 -2.6407 -2.4956 0.9573
-9.6582 -4.4394 -2.4982 0.9573
-9.3189 -5.1231 -2.4993 0.9572
-9.1311 -5.4556 -2.4999 0.9572
-8.7200 -6.0994 -2.5010 0.9572
-8.2636 -6.7123 -2.5021 0.9572
-7.7642 -7.2911 -2.5032 0.9572
-7.2243 -7.8329 -2.5043 0.9572
-6.9400 -8.0889 -2.5049 0.9572
-6.6467 -8.3347 -2.5054 0.9571
-6.3446 -8.5697 -2.5060 0.9571
-6.0342 -8.7939 -2.5065 0.9571
-5.0570 -9.3975 -2.5081 0.9571
-4.7174 -9.5749 -2.5086 0.9571
-4.0198 -9.8926 -2.5096 0.9571
-3.6629 -10.0325 -2.5101 0.9571
-3.3010 -10.1594 -2.5106 0.9571
-2.5645 -10.3738 -2.5115 0.9570
-1.8142 -10.5346 -2.5123 0.9570
-0.6715 -10.6737 -2.5135 0.9570
1.2460 -10.6291 -2.5152 0.9570
2.0058 -10.5146 -2.5157 0.9570
2.3821 -10.4368 -2.5160 0.9570
3.1254 -10.2408 -2.5164 0.9570
3.4912 -10.1228 -2.5166 0.9570
3.8526 -9.9916 -2.5168 0.9570
4.2090 -9.8475 -2.5169 0.9569
4.5600 -9.6905 -2.5171 0.9569
4.9052 -9.5210 -2.5172 0.9569
5.9008 -8.9393 -2.5174 0.9569
6.2179 -8.7218 -2.5174 0.9569
7.1194 -8.0027 -2.5174 0.9569
8.1905 -6.9005 -2.5171 0.9569
8.4324 -6.6017 -2.5169 0.9569
9.0914 -5.6558 -2.5164 0.9570
9.2878 -5.3253 -2.5162 0.9570
9.8036 -4.2947 -2.5155 0.9570
9.9503 -3.9396 -2.5152 0.9570
10.0842 -3.5795 -2.5149 0.9570
10.4869 -2.0982 -2.5135 0.9570
10.5539 -1.7202 -2.5131 0.9570
10.6467 -0.9582 -2.5123 0.9570
10.6844 -0.1918 -2.5115 0.9570
10.6372 0.9574 -2.5101 0.9571
10.5370 1.7174 -2.5091 0.9571
9.5554 3.0102 -2.3545 0.9597
9.4392 3.3505 -2.3540 0.9597
9.1705 4.0174 -2.3530 0.9597
8.8547 4.6629 -2.3520 0.9597
7.3673 4.2242 -1.9959 0.9657
6.3836 4.2965 -1.8085 0.9689
7.0348 5.1111 -2.0437 0.9649
6.5018 5.0902 -1.9407 0.9666
6.3198 5.3245 -1.9422 0.9666
7.0712 6.4054 -2.2424 0.9616
5.6437 5.4937 -1.8510 0.9682
5.7362 6.4478 -2.0283 0.9652
6.3634 7.6920 -2.3462 0.9598
5.7926 8.1252 -2.3452 0.9598
5.1925 8.5163 -2.3442 0.9598
4.8824 8.6954 -2.3437 0.9599
4.5662 8.8632 -2.3433 0.9599
4.2443 9.0196 -2.3428 0.9599
2.9075 9.5269 -2.3410 0.9599
2.5632 9.6234 -2.3406 0.9599
2.2157 9.7075 -2.3402 0.9599
1.8655 9.7792 -2.3398 0.9599
1.5130 9.8382 -2.3394 0.9599
0.8030 9.9183 -2.3387 0.9599
0.0893 9.9475 -2.3380 0.9599
-0.6245 9.9256 -2.3374 0.9600
-0.9803 9.8956 -2.3371 0.9600
-2.7301 9.5568 -2.3359 0.9600
-3.0711 9.4519 -2.3357 0.9600
-3.7408 9.2060 -2.3354 0.9600
-4.3912 8.9129 -2.3352 0.9600
-5.0190 8.5743 -2.3350 0.9600
-5.6210 8.1918 -2.3349 0.9600
-6.7357 7.3030 -2.3350 0.9600
-6.9937 7.0567 -2.3350 0.9600
-7.4825 6.5372 -2.3352 0.9600
-7.7127 6.2647 -2.3353 0.9600
-8.1433 5.6959 -2.3356 0.9600
-8.7104 4.7886 -2.3361 0.9600
-9.5962 4.4109 -2.4822 0.9575
-10.3489 2.2645 -2.4898 0.9574
-10.4251 1.8919 -2.4902 0.9574
-10.4879 1.5167 -2.4905 0.9574
-10.5731 0.7605 -2.4913 0.9574
-10.5954 0.3806 -2.4918 0.9574
-10.5991 -0.3807 -2.4926 0.9574
-10.5484 -1.1406 -2.4936 0.9573
-10.5027 -1.5188 -2.4941 0.9573
-10.3708 -2.2693 -2.4950 0.9573
-10.2848 -2.6407 -2.4956 0.9573
-10.1855 -3.0088 -2.4961 0.9573
-10.0730 -3.3732 -2.4966 0.9573
-9.3189 -5.1231 -2.4993 0.9572
-9.1311 -5.4556 -2.4999 0.9572
-8.4973 -6.4099 -2.5015 0.9572
-8.2636 -6.7123 -2.5021 0.9572
-7.4992 -7.5668 -2.5038 0.9572
-7.2243 -7.8329 -2.5043 0.9572
-6.9400 -8.0889 -2.5049 0.9572
-6.6467 -8.3347 -2.5054 0.9571
-6.3446 -8.5697 -2.5060 0.9571
-6.0342 -8.7939 -2.5065 0.9571
-5.7158 -9.0067 -2.5071 0.9571
-5.3900 -9.2080 -2.5076 0.9571
-4.3715 -9.7400 -2.5091 0.9571
-4.0198 -9.8926 -2.5096 0.9571
-3.6629 -10.0325 -2.5101 0.9571
-2.9347 -10.2732 -2.5110 0.9570
-1.8142 -10.5346 -2.5123 0.9570
-1.4351 -10.5947 -2.5127 0.9570
-0.2880 -10.6925 -2.5139 0.9570
0.8635 -10.6657 -2.5149 0.9570
1.6269 -10.5787 -2.5155 0.9570
2.0058 -10.5146 -2.5157 0.9570
2.3821 -10.4368 -2.5160 0.9570
2.7555 -10.3455 -2.5162 0.9570
3.1253 -10.2408 -2.5164 0.9570
3.4912 -10.1228 -2.5166 0.9570
4.5600 -9.6905 -2.5171 0.9569
5.2440 -9.3392 -2.5173 0.9569
6.5271 -8.4930 -2.5174 0.9569
6.8277 -8.2532 -2.5174 0.9569
7.1195 -8.0027 -2.5174 0.9569
7.9378 -7.1904 -2.5172 0.9569
8.4324 -6.6017 -2.5169 0.9569
8.6635 -6.2944 -2.5168 0.9570
9.0914 -5.6558 -2.5164 0.9570
9.2878 -5.3253 -2.5162 0.9570
9.6441 -4.6444 -2.5157 0.9570
9.9503 -3.9396 -2.5152 0.9570
10.4064 -2.4737 -2.5139 0.9570
10.4869 -2.0982 -2.5135 0.9570
10.5539 -1.7202 -2.5131 0.9570
10.6467 -0.9582 -2.5123 0.9570
10.6825 0.1918 -2.5110 0.9570
10.6372 0.9574 -2.5101 0.9571
10.5940 1.3383 -2.5096 0.9571
10.3607 2.4628 -2.5028 0.9572
9.5554 3.0102 -2.3545 0.9597
9.4392 3.3505 -2.3540 0.9597
9.3108 3.6864 -2.3535 0.9597
9.1705 4.0174 -2.3530 0.9597
9.0184 4.3430 -2.3525 0.9597
7.0348 5.1111 -2.0436 0.9649
6.5017 5.0902 -1.9407 0.9666
6.3198 5.3245 -1.9422 0.9666
5.6878 5.9490 -1.9344 0.9667
5.7362 6.4478 -2.0283 0.9652
6.3634 7.6920 -2.3462 0.9598
6.0818 7.9138 -2.3457 0.9598
5.7926 8.1252 -2.3452 0.9598
5.1925 8.5163 -2.3442 0.9598
4.8824 8.6954 -2.3437 0.9599
4.5662 8.8632 -2.3433 0.9599
3.5848 9.2972 -2.3419 0.9599
3.2482 9.4182 -2.3414 0.9599
2.9075 9.5269 -2.3410 0.9599
2.5631 9.6234 -2.3406 0.9599
2.2157 9.7075 -2.3402 0.9599
1.5130 9.8382 -2.3394 0.9599
0.8030 9.9183 -2.3387 0.9599
0.0893 9.9475 -2.3380 0.9599
-0.6245 9.9256 -2.3374 0.9600
-1.3347 9.8529 -2.3368 0.9600
-1.6873 9.7976 -2.3366 0.9600
-2.3855 9.6495 -2.3361 0.9600
-2.7301 9.5568 -2.3359 0.9600
-3.0711 9.4519 -2.3357 0.9600
-3.4082 9.3349 -2.3356 0.9600
-3.7408 9.2060 -2.3354 0.9600
-4.7082 8.7492 -2.3351 0.9600
-5.9114 7.9846 -2.3349 0.9600
-6.4691 7.5400 -2.3349 0.9600
-6.7357 7.3030 -2.3350 0.9600
-7.7127 6.2647 -2.3353 0.9600
-7.9330 5.9842 -2.3354 0.9600
-8.5322 5.0977 -2.3359 0.9600
-9.9131 3.7204 -2.4885 0.9574
-10.4251 1.8919 -2.4902 0.9574
-10.5731 0.7605 -2.4913 0.9574
-10.5954 0.3805 -2.4918 0.9574
-9.6242 -0.3457 -2.4935 0.9610
-9.6072 -0.6911 -2.4939 0.9610
-9.5361 -1.3790 -2.4948 0.9610
-9.4822 -1.7208 -2.4952 0.9610
-9.4160 -2.0604 -2.4957 0.9610
-9.1451 -3.0624 -2.4971 0.9609
-9.0310 -3.3894 -2.4976 0.9609
-8.9053 -3.7121 -2.4980 0.9609
-8.4597 -4.6508 -2.4995 0.9609
-8.2889 -4.9524 -2.5000 0.9609
-8.1075 -5.2478 -2.5005 0.9609
-7.9155 -5.5366 -2.5011 0.9609
-7.7132 -5.8184 -2.5016 0.9609
-7.2788 -6.3593 -2.5026 0.9608
-7.0473 -6.6179 -2.5031 0.9608
-5.4763 -7.9809 -2.5061 0.9608
-5.1873 -8.1739 -2.5066 0.9608
-4.8915 -8.3564 -2.5070 0.9608
-4.2809 -8.6891 -2.5080 0.9608
-3.9670 -8.8387 -2.5084 0.9608
-3.6478 -8.9770 -2.5089 0.9608
-2.9954 -9.2188 -2.5097 0.9607
-2.6630 -9.3219 -2.5102 0.9607
-1.9879 -9.4920 -2.5110 0.9607
-1.6462 -9.5587 -2.5113 0.9607
0.4355 -9.6975 -2.5134 0.9607
1.1304 -9.6434 -2.5139 0.9607
1.4760 -9.5975 -2.5142 0.9607
1.8198 -9.5393 -2.5144 0.9607
2.1612 -9.4687 -2.5147 0.9607
2.8354 -9.2907 -2.5150 0.9607
3.1673 -9.1835 -2.5152 0.9607
3.4951 -9.0645 -2.5154 0.9607
3.8184 -8.9337 -2.5155 0.9607
4.4499 -8.6374 -2.5157 0.9606
5.0585 -8.2964 -2.5159 0.9606
5.6408 -7.9123 -2.5160 0.9606
5.9212 -7.7048 -2.5160 0.9606
6.1940 -7.4872 -2.5160 0.9606
6.4587 -7.2600 -2.5159 0.9606
6.7150 -7.0233 -2.5159 0.9606
6.9626 -6.7776 -2.5158 0.9606
7.4304 -6.2601 -2.5156 0.9606
8.2479 -5.1310 -2.5150 0.9607
8.4262 -4.8313 -2.5149 0.9607
9.1491 -3.2476 -2.5137 0.9607
9.2587 -2.9167 -2.5134 0.9607
9.5759 -1.5608 -2.5121 0.9607
9.6243 -1.2158 -2.5117 0.9607
9.6604 -0.8694 -2.5113 0.9607
9.6948 -0.1741 -2.5106 0.9607
9.6933 0.1740 -2.5102 0.9607
9.6525 0.8687 -2.5093 0.9607
9.5620 1.5585 -2.5084 0.9608
8.5665 3.0408 -2.3536 0.9631
8.1851 3.9418 -2.3522 0.9632
7.7782 4.0960 -2.2761 0.9643
7.3677 4.2244 -2.1989 0.9655
6.8683 4.2728 -2.0944 0.9671
5.6131 4.3944 -1.8457 0.9710
5.5835 5.0577 -1.9506 0.9694
5.6434 5.4935 -2.0392 0.9680
5.6876 5.9487 -2.1309 0.9666
5.6490 6.3499 -2.2005 0.9655
5.2589 7.3766 -2.3456 0.9633
3.5565 8.3209 -2.3430 0.9633
2.9494 8.5517 -2.3422 0.9633
2.0119 8.8149 -2.3410 0.9633
1.6940 8.8801 -2.3407 0.9633
1.0522 8.9761 -2.3400 0.9633
0.7292 9.0068 -2.3397 0.9634
0.0811 9.0335 -2.3390 0.9634
-0.2432 9.0295 -2.3388 0.9634
-0.5671 9.0139 -2.3385 0.9634
-0.8902 8.9868 -2.3382 0.9634
-1.5324 8.8980 -2.3378 0.9634
-2.1664 8.7635 -2.3373 0.9634
-2.4794 8.6794 -2.3372 0.9634
-3.0953 8.4780 -2.3368 0.9634
-3.3975 8.3610 -2.3367 0.9634
-3.6952 8.2332 -2.3366 0.9634
-3.9882 8.0949 -2.3365 0.9634
-4.2761 7.9463 -2.3364 0.9634
-4.8349 7.6186 -2.3363 0.9634
-5.1052 7.4400 -2.3363 0.9634
-5.3689 7.2519 -2.3362 0.9634
-5.6258 7.0545 -2.3362 0.9634
-6.1176 6.6329 -2.3363 0.9634
-6.5780 6.1772 -2.3364 0.9634
-6.7958 5.9373 -2.3365 0.9634
-7.0048 5.6898 -2.3366 0.9634
-8.8746 3.6993 -2.4894 0.9611
-9.4670 1.7180 -2.4912 0.9610
-9.6010 0.6906 -2.4923 0.9610
-9.6211 0.3456 -2.4927 0.9610
-9.6288 -0.0000 -2.4931 0.9610
-9.6072 -0.6911 -2.4939 0.9610
-9.4822 -1.7208 -2.4952 0.9610
-9.2474 -2.7317 -2.4966 0.9609
-9.0310 -3.3894 -2.4976 0.9609
-8.9053 -3.7121 -2.4980 0.9609
-8.7680 -4.0302 -2.4985 0.9609
-8.6194 -4.3432 -2.4990 0.9609
-8.4597 -4.6508 -2.4995 0.9609
-8.1075 -5.2478 -2.5005 0.9609
-7.9155 -5.5366 -2.5011 0.9609
-7.7132 -5.8184 -2.5016 0.9609
-7.5009 -6.0927 -2.5021 0.9609
-6.5570 -7.1093 -2.5041 0.9608
-6.2988 -7.3416 -2.5046 0.9608
-5.4763 -7.9809 -2.5061 0.9608
-5.1873 -8.1739 -2.5066 0.9608
-3.6478 -8.9770 -2.5089 0.9608
-3.3238 -9.1038 -2.5093 0.9607
-1.9879 -9.4920 -2.5110 0.9607
0.4355 -9.6975 -2.5134 0.9607
0.7834 -9.6767 -2.5137 0.9607
1.1304 -9.6434 -2.5139 0.9607
1.8197 -9.5393 -2.5144 0.9607
2.1612 -9.4687 -2.5147 0.9607
2.4999 -9.3857 -2.5149 0.9607
2.8354 -9.2907 -2.5150 0.9607
3.1673 -9.1835 -2.5152 0.9607
4.4499 -8.6374 -2.5157 0.9606
4.7573 -8.4724 -2.5158 0.9606
5.0585 -8.2964 -2.5159 0.9606
6.4587 -7.2600 -2.5159 0.9606
6.9626 -6.7776 -2.5158 0.9606
8.0590 -5.4242 -2.5152 0.9607
8.2479 -5.1310 -2.5150 0.9607
8.5935 -4.5253 -2.5147 0.9607
8.8943 -3.8964 -2.5142 0.9607
9.0276 -3.5743 -2.5139 0.9607
9.3563 -2.5822 -2.5131 0.9607
9.4418 -2.2444 -2.5128 0.9607
9.5150 -1.9037 -2.5124 0.9607
9.6243 -1.2158 -2.5117 0.9607
9.6604 -0.8694 -2.5113 0.9607
9.6839 -0.5220 -2.5110 0.9607
9.6948 -0.1741 -2.5106 0.9607
9.6933 0.1740 -2.5102 0.9607
9.6792 0.5218 -2.5097 0.9607
9.6135 1.2145 -2.5089 0.9608
9.5620 1.5585 -2.5084 0.9608
9.4981 1.9004 -2.5080 0.9608
8.8120 2.7760 -2.3921 0.9625
8.5665 3.0408 -2.3536 0.9631
8.4502 3.3457 -2.3532 0.9631
7.7782 4.0960 -2.2761 0.9643
7.3677 4.2244 -2.1989 0.9655
6.8683 4.2728 -2.0944 0.9671
6.4138 4.3168 -2.0017 0.9686
5.6131 4.3944 -1.8457 0.9710
5.6434 5.4935 -2.0392 0.9680
5.6490 6.3499 -2.2005 0.9655
5.7769 6.9830 -2.3465 0.9632
4.9897 7.5592 -2.3452 0.9633
3.8536 8.1894 -2.3434 0.9633
3.5565 8.3209 -2.3430 0.9633
3.2550 8.4417 -2.3426 0.9633
2.9494 8.5517 -2.3422 0.9633
2.6400 8.6506 -2.3418 0.9633
2.3274 8.7384 -2.3414 0.9633
2.0119 8.8149 -2.3410 0.9633
1.6940 8.8801 -2.3407 0.9633
1.3739 8.9338 -2.3403 0.9633
1.0522 8.9761 -2.3400 0.9633
0.7292 9.0068 -2.3397 0.9634
0.0811 9.0335 -2.3390 0.9634
-0.5671 9.0139 -2.3385 0.9634
-0.8902 8.9868 -2.3382 0.9634
-1.2121 8.9481 -2.3380 0.9634
-1.5324 8.8979 -2.3378 0.9634
-2.4794 8.6794 -2.3372 0.9634
-2.7892 8.5842 -2.3370 0.9634
-3.0953 8.4780 -2.3368 0.9634
-3.3975 8.3610 -2.3367 0.9634
-3.6952 8.2332 -2.3366 0.9634
-5.3690 7.2519 -2.3362 0.9634
-5.6258 7.0545 -2.3362 0.9634
-5.8754 6.8481 -2.3363 0.9634
-6.3519 6.4091 -2.3363 0.9634
-6.7958 5.9373 -2.3365 0.9634
-7.0048 5.6898 -2.3366 0.9634
-7.2049 5.4349 -2.3367 0.9634
-7.3958 5.1731 -2.3368 0.9634
-8.0167 4.4072 -2.3687 0.9629
-8.5654 4.3160 -2.4834 0.9611
-9.3169 2.3922 -2.4906 0.9610
-9.4670 1.7180 -2.4912 0.9610
-9.6242 -0.3457 -2.4935 0.9610
-9.6072 -0.6911 -2.4939 0.9610
-9.4822 -1.7208 -2.4952 0.9610
-9.4160 -2.0604 -2.4957 0.9610
-9.3377 -2.3975 -2.4961 0.9609
-9.2474 -2.7317 -2.4966 0.9609
-9.0310 -3.3894 -2.4976 0.9609
-8.9053 -3.7121 -2.4980 0.9609
-8.6194 -4.3432 -2.4990 0.9609
-8.4597 -4.6508 -2.4995 0.9609
-8.2889 -4.9524 -2.5000 0.9609
-7.7132 -5.8184 -2.5016 0.9609
-7.2788 -6.3593 -2.5026 0.9608
-7.0473 -6.6179 -2.5031 0.9608
-6.0324 -7.5644 -2.5051 0.9608
-5.7581 -7.7776 -2.5056 0.9608
-5.1873 -8.1739 -2.5066 0.9608
-3.9670 -8.8387 -2.5084 0.9608
-3.6478 -8.9770 -2.5089 0.9608
-2.6629 -9.3219 -2.5102 0.9607
-2.3270 -9.4130 -2.5106 0.9607
0.0871 -9.7057 -2.5131 0.9607
1.4760 -9.5975 -2.5142 0.9607
2.1612 -9.4687 -2.5147 0.9607
2.4999 -9.3857 -2.5149 0.9607
2.8354 -9.2907 -2.5150 0.9607
3.4951 -9.0645 -2.5154 0.9607
4.1369 -8.7912 -2.5156 0.9606
4.4499 -8.6374 -2.5157 0.9606
4.7573 -8.4724 -2.5158 0.9606
5.0585 -8.2964 -2.5159 0.9606
5.3531 -8.1096 -2.5159 0.9606
5.9212 -7.7048 -2.5160 0.9606
6.1940 -7.4872 -2.5160 0.9606
6.4587 -7.2600 -2.5159 0.9606
6.7150 -7.0233 -2.5159 0.9606
6.9626 -6.7776 -2.5158 0.9606
7.2012 -6.5231 -2.5157 0.9606
7.8596 -5.7103 -2.5154 0.9607
8.0590 -5.4242 -2.5152 0.9607
8.5935 -4.5253 -2.5147 0.9607
8.8943 -3.8964 -2.5142 0.9607
9.0276 -3.5743 -2.5139 0.9607
9.1491 -3.2475 -2.5137 0.9607
9.4418 -2.2444 -2.5128 0.9607
9.6604 -0.8694 -2.5113 0.9607
9.6839 -0.5220 -2.5110 0.9607
9.6933 0.1740 -2.5102 0.9607
9.6792 0.5218 -2.5097 0.9607
9.6525 0.8688 -2.5093 0.9607
9.6135 1.2145 -2.5089 0.9608
9.5620 1.5585 -2.5084 0.9608
9.4981 1.9004 -2.5080 0.9608
9.4221 2.2397 -2.5075 0.9608
9.3140 2.5705 -2.5017 0.9609
8.8120 2.7760 -2.3921 0.9625
7.3677 4.2244 -2.1989 0.9655
6.8683 4.2728 -2.0944 0.9671
5.6131 4.3944 -1.8457 0.9710
5.5835 5.0577 -1.9506 0.9694
5.6434 5.4935 -2.0392 0.9680
5.7769 6.9830 -2.3465 0.9632
5.5214 7.1845 -2.3461 0.9633
4.9897 7.5592 -2.3452 0.9633
4.1459 8.0472 -2.3438 0.9633
3.8536 8.1894 -2.3434 0.9633
3.5565 8.3209 -2.3430 0.9633
3.2550 8.4418 -2.3426 0.9633
2.9493 8.5517 -2.3422 0.9633
2.6400 8.6506 -2.3418 0.9633
1.6939 8.8801 -2.3407 0.9633
1.0522 8.9761 -2.3400 0.9633
0.7292 9.0068 -2.3397 0.9634
-0.2432 9.0295 -2.3388 0.9634
-0.8902 8.9868 -2.3382 0.9634
-1.2121 8.9481 -2.3380 0.9634
-1.8506 8.8364 -2.3375 0.9634
-2.1664 8.7635 -2.3373 0.9634
-3.0953 8.4780 -2.3368 0.9634
-3.3975 8.3610 -2.3367 0.9634
-3.9882 8.0949 -2.3365 0.9634
-4.2761 7.9463 -2.3364 0.9634
-5.1052 7.4400 -2.3363 0.9634
-5.3690 7.2519 -2.3362 0.9634
-5.6258 7.0545 -2.3362 0.9634
-5.8755 6.8481 -2.3363 0.9634
-6.1176 6.6329 -2.3363 0.9634
-6.3519 6.4091 -2.3363 0.9634
-6.7958 5.9373 -2.3365 0.9634
-7.0048 5.6898 -2.3366 0.9634
-7.5772 4.9046 -2.3370 0.9634
-8.0168 4.4072 -2.3687 0.9629
-8.5654 4.3160 -2.4834 0.9611
-8.8746 3.6993 -2.4894 0.9611
-9.0026 3.3787 -2.4897 0.9610
-9.1191 3.0537 -2.4900 0.9610
-9.2239 2.7247 -2.4903 0.9610
-9.3169 2.3922 -2.4906 0.9610
-9.5239 1.3773 -2.4916 0.9610
-9.5686 1.0346 -2.4919 0.9610
-9.6288 0.0000 -2.4931 0.9610
-9.6072 -0.6911 -2.4939 0.9610
-9.5778 -1.0357 -2.4943 0.9610
-9.5361 -1.3791 -2.4948 0.9610
-9.3377 -2.3975 -2.4961 0.9609
-9.2474 -2.7317 -2.4966 0.9609
-8.9053 -3.7121 -2.4980 0.9609
-8.7680 -4.0302 -2.4985 0.9609
-8.2889 -4.9524 -2.5000 0.9609
-8.1075 -5.2478 -2.5005 0.9609
-7.7132 -5.8184 -2.5016 0.9609
-6.5570 -7.1093 -2.5041 0.9608
-5.7581 -7.7776 -2.5056 0.9608
-5.1873 -8.1739 -2.5066 0.9608
-3.6478 -8.9770 -2.5089 0.9608
-3.3238 -9.1038 -2.5093 0.9607
-2.9953 -9.2188 -2.5097 0.9607
-2.6629 -9.3219 -2.5102 0.9607
-0.9564 -9.6550 -2.5121 0.9607
-0.6093 -9.6844 -2.5124 0.9607
-0.2613 -9.7013 -2.5128 0.9607
0.0871 -9.7057 -2.5131 0.9607
0.7834 -9.6767 -2.5137 0.9607
1.4760 -9.5975 -2.5142 0.9607
1.8197 -9.5393 -2.5144 0.9607
2.4999 -9.3857 -2.5149 0.9607
2.8354 -9.2907 -2.5150 0.9607
3.4951 -9.0645 -2.5154 0.9607
4.7573 -8.4724 -2.5158 0.9606
5.3531 -8.1096 -2.5159 0.9606
5.6408 -7.9123 -2.5160 0.9606
5.9213 -7.7048 -2.5160 0.9606
6.9626 -6.7776 -2.5158 0.9606
7.2012 -6.5231 -2.5157 0.9606
7.6499 -5.9891 -2.5155 0.9607
7.8596 -5.7103 -2.5154 0.9607
8.0590 -5.4242 -2.5152 0.9607
8.2479 -5.1310 -2.5150 0.9607
8.4262 -4.8313 -2.5149 0.9607
8.5935 -4.5253 -2.5147 0.9607
8.8943 -3.8964 -2.5142 0.9607
9.2587 -2.9167 -2.5134 0.9607
9.3563 -2.5822 -2.5131 0.9607
9.6243 -1.2158 -2.5117 0.9607
9.6839 -0.5220 -2.5110 0.9607
9.6135 1.2145 -2.5089 0.9608
9.5620 1.5585 -2.5084 0.9608
9.4981 1.9004 -2.5080 0.9608
9.4221 2.2397 -2.5075 0.9608
8.8119 2.7760 -2.3921 0.9625
8.1851 3.9418 -2.3522 0.9632
7.3677 4.2244 -2.1989 0.9655
6.4138 4.3168 -2.0017 0.9686
5.6434 5.4935 -2.0392 0.9680
5.7769 6.9830 -2.3465 0.9632
5.5214 7.1845 -2.3461 0.9633
5.2589 7.3766 -2.3456 0.9633
4.9897 7.5592 -2.3452 0.9633
4.7143 7.7319 -2.3447 0.9633
4.4329 7.8947 -2.3443 0.9633
4.1459 8.0472 -2.3438 0.9633
3.5565 8.3209 -2.3430 0.9633
2.9493 8.5517 -2.3422 0.9633
2.6400 8.6506 -2.3418 0.9633
2.3274 8.7384 -2.3414 0.9633
2.0119 8.8149 -2.3410 0.9633
1.3739 8.9338 -2.3403 0.9633
-0.8902 8.9868 -2.3382 0.9634
-1.2121 8.9481 -2.3380 0.9634
-2.1664 8.7635 -2.3373 0.9634
-2.4794 8.6794 -2.3372 0.9634
-3.9882 8.0949 -2.3365 0.9634
-4.5584 7.7874 -2.3363 0.9634
-5.1052 7.4400 -2.3363 0.9634
-5.6258 7.0545 -2.3362 0.9634
-5.8755 6.8481 -2.3363 0.9634
-6.5780 6.1772 -2.3364 0.9634
-6.7958 5.9373 -2.3365 0.9634
-7.0048 5.6898 -2.3366 0.9634
-7.2049 5.4349 -2.3367 0.9634
-7.3958 5.1731 -2.3368 0.9634
-7.5772 4.9046 -2.3370 0.9634
-7.7489 4.6297 -2.3372 0.9634
-8.0168 4.4072 -2.3687 0.9629
-8.5654 4.3160 -2.4834 0.9611
-9.2239 2.7247 -2.4903 0.9610
-9.3169 2.3922 -2.4906 0.9610
-9.4670 1.7180 -2.4912 0.9610
-8.8091 -0.0000 -2.4938 0.9640
-8.7891 -0.6322 -2.4946 0.9640
-8.7621 -0.9475 -2.4949 0.9640
-8.6137 -1.8848 -2.4962 0.9640
-8.5419 -2.1932 -2.4966 0.9640
-8.1458 -3.3956 -2.4984 0.9640
-7.5815 -4.5298 -2.5002 0.9640
-7.4154 -4.7999 -2.5006 0.9639
-7.2397 -5.0639 -2.5011 0.9639
-6.6571 -5.8161 -2.5025 0.9639
-6.4452 -6.0524 -2.5030 0.9639
-5.9965 -6.5017 -2.5039 0.9639
-5.7604 -6.7140 -2.5044 0.9639
-5.5166 -6.9177 -2.5048 0.9639
-5.0079 -7.2982 -2.5057 0.9639
-4.4729 -7.6414 -2.5066 0.9639
-4.1965 -7.7984 -2.5070 0.9639
-3.9145 -7.9453 -2.5074 0.9638
-3.3355 -8.2084 -2.5083 0.9638
-3.0392 -8.3242 -2.5087 0.9638
-2.7388 -8.4292 -2.5091 0.9638
-2.4348 -8.5234 -2.5094 0.9638
-2.1276 -8.6066 -2.5098 0.9638
-1.5051 -8.7395 -2.5105 0.9638
-0.8744 -8.8273 -2.5112 0.9638
-0.5571 -8.8541 -2.5115 0.9638
-0.2389 -8.8695 -2.5118 0.9638
0.7162 -8.8467 -2.5126 0.9638
1.6636 -8.7209 -2.5133 0.9638
1.9757 -8.6562 -2.5135 0.9638
2.2854 -8.5804 -2.5137 0.9638
3.1951 -8.2865 -2.5142 0.9638
3.7818 -8.0367 -2.5144 0.9637
4.0680 -7.8960 -2.5145 0.9637
4.6242 -7.5842 -2.5147 0.9637
4.8936 -7.4135 -2.5147 0.9637
5.4130 -7.0434 -2.5147 0.9637
5.9043 -6.6368 -2.5147 0.9637
6.1386 -6.4205 -2.5147 0.9637
6.7926 -5.7228 -2.5144 0.9637
6.9934 -5.4751 -2.5143 0.9638
7.3674 -4.9587 -2.5141 0.9638
7.7031 -4.4167 -2.5137 0.9638
8.2532 -3.2677 -2.5129 0.9638
8.3643 -2.9690 -2.5126 0.9638
8.4646 -2.6666 -2.5124 0.9638
8.6322 -2.0519 -2.5118 0.9638
8.7550 -1.4270 -2.5112 0.9638
8.8260 0.7944 -2.5087 0.9638
8.7903 1.1105 -2.5083 0.9638
8.6852 1.7377 -2.5074 0.9638
8.6157 2.0480 -2.5070 0.9639
8.4259 2.6544 -2.5009 0.9639
7.6114 3.3344 -2.3524 0.9660
7.2049 4.1310 -2.3511 0.9661
6.7454 4.1963 -2.2489 0.9675
5.5653 4.6888 -2.0601 0.9702
5.6027 5.0751 -2.1401 0.9691
5.5725 5.4245 -2.2015 0.9682
5.2841 6.3874 -2.3468 0.9661
5.0505 6.5718 -2.3464 0.9661
4.3125 7.0729 -2.3451 0.9661
4.0551 7.2219 -2.3447 0.9662
2.6982 7.8235 -2.3428 0.9662
2.4153 7.9141 -2.3424 0.9662
2.1293 7.9945 -2.3421 0.9662
0.9627 8.2124 -2.3408 0.9662
0.3709 8.2582 -2.3402 0.9662
0.0742 8.2653 -2.3399 0.9662
-0.5189 8.2475 -2.3394 0.9662
-1.9823 8.0187 -2.3384 0.9662
-2.5522 7.8547 -2.3381 0.9662
-2.8323 7.7576 -2.3379 0.9663
-3.1088 7.6505 -2.3378 0.9663
-3.3813 7.5337 -2.3377 0.9663
-3.9128 7.2711 -2.3375 0.9663
-4.1711 7.1258 -2.3375 0.9663
-4.4242 6.9713 -2.3374 0.9663
-4.6715 6.8080 -2.3374 0.9663
-5.3763 6.2663 -2.3374 0.9663
-5.5978 6.0694 -2.3374 0.9663
-5.8122 5.8646 -2.3375 0.9663
-6.2184 5.4328 -2.3376 0.9663
-6.4096 5.2063 -2.3377 0.9663
-6.5927 4.9731 -2.3378 0.9663
-6.7673 4.7335 -2.3379 0.9663
-6.9333 4.4878 -2.3381 0.9662
-7.2594 4.3373 -2.3939 0.9655
-7.6906 4.2279 -2.4845 0.9642
-7.8531 3.9571 -2.4894 0.9641
-7.9927 3.6738 -2.4903 0.9641
-8.2372 3.0915 -2.4907 0.9641
-8.4395 2.4930 -2.4912 0.9641
-8.7136 1.2601 -2.4924 0.9641
-8.7839 0.6318 -2.4931 0.9641
-8.8022 0.3162 -2.4934 0.9640
-8.8091 -0.0000 -2.4938 0.9640
-8.7891 -0.6322 -2.4946 0.9640
-8.7238 -1.2616 -2.4953 0.9640
-8.6137 -1.8848 -2.4962 0.9640
-8.5419 -2.1932 -2.4966 0.9640
-8.4592 -2.4988 -2.4970 0.9640
-8.2610 -3.1004 -2.4979 0.9640
-8.1458 -3.3956 -2.4984 0.9640
-8.0201 -3.6864 -2.4988 0.9640
-7.8841 -3.9727 -2.4993 0.9640
-6.2249 -6.2811 -2.5034 0.9639
-5.9965 -6.5017 -2.5039 0.9639
-5.5166 -6.9177 -2.5048 0.9639
-5.2657 -7.1125 -2.5053 0.9639
-5.0079 -7.2982 -2.5057 0.9639
-4.4729 -7.6414 -2.5066 0.9639
-2.7388 -8.4292 -2.5091 0.9638
-1.8176 -8.6787 -2.5102 0.9638
-1.5051 -8.7395 -2.5105 0.9638
-1.1906 -8.7891 -2.5109 0.9638
-0.8744 -8.8273 -2.5112 0.9638
-0.5570 -8.8542 -2.5115 0.9638
0.0797 -8.8734 -2.5121 0.9638
0.3982 -8.8658 -2.5124 0.9638
0.7162 -8.8467 -2.5126 0.9638
1.0334 -8.8162 -2.5129 0.9638
1.9757 -8.6562 -2.5135 0.9638
2.5921 -8.4934 -2.5139 0.9638
2.8955 -8.3954 -2.5141 0.9638
3.1951 -8.2865 -2.5142 0.9638
4.3489 -7.7452 -2.5146 0.9637
4.6243 -7.5842 -2.5147 0.9637
5.1566 -7.2331 -2.5147 0.9637
5.4130 -7.0434 -2.5147 0.9637
7.1850 -5.2202 -2.5142 0.9638
7.7031 -4.4167 -2.5137 0.9638
7.8561 -4.1371 -2.5135 0.9638
7.9989 -3.8521 -2.5133 0.9638
8.2532 -3.2677 -2.5129 0.9638
8.3643 -2.9690 -2.5126 0.9638
8.4646 -2.6666 -2.5124 0.9638
8.5540 -2.3607 -2.5121 0.9638
8.6322 -2.0519 -2.5118 0.9638
8.8541 -0.4773 -2.5102 0.9638
8.8629 0.1591 -2.5094 0.9638
8.8260 0.7944 -2.5087 0.9638
8.7903 1.1105 -2.5083 0.9638
8.7434 1.4251 -2.5079 0.9638
8.6157 2.0480 -2.5070 0.9639
7.7276 3.0596 -2.3528 0.9660
7.6114 3.3344 -2.3524 0.9660
6.7454 4.1963 -2.2489 0.9675
6.4140 4.3170 -2.1887 0.9684
5.6027 5.0751 -2.1401 0.9691
5.5725 5.4245 -2.2015 0.9682
5.2841 6.3874 -2.3468 0.9661
5.0505 6.5718 -2.3464 0.9661
4.8105 6.7476 -2.3459 0.9661
4.3125 7.0729 -2.3451 0.9661
4.0551 7.2219 -2.3447 0.9662
3.2536 7.6122 -2.3435 0.9662
2.9778 7.7228 -2.3432 0.9662
2.6982 7.8235 -2.3428 0.9662
2.1293 7.9945 -2.3421 0.9662
0.6672 8.2406 -2.3405 0.9662
0.3709 8.2582 -2.3402 0.9662
0.0742 8.2652 -2.3399 0.9662
-0.8145 8.2227 -2.3392 0.9662
-2.5522 7.8547 -2.3381 0.9662
-3.1088 7.6505 -2.3378 0.9663
-3.3813 7.5337 -2.3377 0.9663
-3.6494 7.4071 -2.3376 0.9663
-3.9128 7.2711 -2.3375 0.9663
-5.1479 6.4552 -2.3374 0.9663
-5.8122 5.8646 -2.3375 0.9663
-6.0191 5.6523 -2.3375 0.9663
-6.2184 5.4328 -2.3376 0.9663
-6.4096 5.2063 -2.3377 0.9663
-6.9333 4.4878 -2.3381 0.9662
-7.2594 4.3373 -2.3939 0.9655
-7.6906 4.2279 -2.4845 0.9642
-7.9927 3.6738 -2.4903 0.9641
-8.1202 3.3848 -2.4905 0.9641
-8.4395 2.4930 -2.4912 0.9641
-8.5245 2.1887 -2.4915 0.9641
-8.5986 1.8815 -2.4918 0.9641
-8.6617 1.5719 -2.4921 0.9641
-8.7544 0.9466 -2.4927 0.9641
-8.7839 0.6318 -2.4931 0.9641
-8.8022 0.3162 -2.4934 0.9640
-8.7621 -0.9475 -2.4949 0.9640
-8.7238 -1.2616 -2.4953 0.9640
-8.6744 -1.5742 -2.4958 0.9640
-8.5419 -2.1932 -2.4966 0.9640
-8.4592 -2.4988 -2.4970 0.9640
-8.2610 -3.1004 -2.4979 0.9640
-7.5815 -4.5298 -2.5002 0.9640
-7.2397 -5.0639 -2.5011 0.9639
-7.0545 -5.3215 -2.5016 0.9639
-6.8603 -5.5723 -2.5020 0.9639
-5.5166 -6.9177 -2.5048 0.9639
-4.7435 -7.4746 -2.5061 0.9639
-4.4729 -7.6414 -2.5066 0.9639
-4.1965 -7.7984 -2.5070 0.9639
-3.9145 -7.9453 -2.5074 0.9638
-3.0392 -8.3242 -2.5087 0.9638
-2.7388 -8.4292 -2.5091 0.9638
-2.4348 -8.5234 -2.5094 0.9638
-1.8176 -8.6787 -2.5102 0.9638
-1.5051 -8.7395 -2.5105 0.9638
-1.1906 -8.7891 -2.5109 0.9638
-0.8744 -8.8273 -2.5112 0.9638
-0.5570 -8.8542 -2.5115 0.9638
0.0797 -8.8734 -2.5121 0.9638
1.0334 -8.8162 -2.5129 0.9638
1.3494 -8.7742 -2.5131 0.9638
1.9757 -8.6562 -2.5135 0.9638
2.2854 -8.5804 -2.5137 0.9638
2.5921 -8.4934 -2.5139 0.9638
4.0680 -7.8960 -2.5145 0.9637
6.1386 -6.4204 -2.5147 0.9637
6.5831 -5.9632 -2.5145 0.9637
6.7926 -5.7228 -2.5144 0.9637
7.5402 -4.6907 -2.5139 0.9638
7.7031 -4.4167 -2.5137 0.9638
7.8561 -4.1371 -2.5135 0.9638
8.1313 -3.5622 -2.5131 0.9638
8.3643 -2.9690 -2.5126 0.9638
8.6322 -2.0519 -2.5118 0.9638
8.6992 -1.7405 -2.5115 0.9638
8.7995 -1.1116 -2.5109 0.9638
8.8325 -0.7949 -2.5105 0.9638
8.8541 -0.4773 -2.5102 0.9638
8.8629 0.1591 -2.5094 0.9638
8.7903 1.1105 -2.5083 0.9638
8.4259 2.6544 -2.5009 0.9639
7.7276 3.0596 -2.3528 0.9660
7.4854 3.6048 -2.3520 0.9661
7.3499 3.8705 -2.3516 0.9661
6.7454 4.1963 -2.2489 0.9675
5.5653 4.6888 -2.0601 0.9702
5.5725 5.4245 -2.2015 0.9682
5.2841 6.3874 -2.3468 0.9661
4.8105 6.7476 -2.3459 0.9661
4.5644 6.9147 -2.3455 0.9661
4.3125 7.0729 -2.3451 0.9661
4.0551 7.2219 -2.3447 0.9662
3.2536 7.6122 -2.3435 0.9662
2.6982 7.8235 -2.3428 0.9662
0.9627 8.2124 -2.3408 0.9662
0.6672 8.2406 -2.3405 0.9662
0.3709 8.2582 -2.3402 0.9662
0.0742 8.2652 -2.3399 0.9662
-1.1091 8.1874 -2.3390 0.9662
-1.4021 8.1416 -2.3388 0.9662
-1.6933 8.0853 -2.3386 0.9662
-1.9823 8.0187 -2.3384 0.9662
-2.5522 7.8547 -2.3381 0.9662
-3.1088 7.6505 -2.3378 0.9663
-3.3813 7.5337 -2.3377 0.9663
-3.6494 7.4071 -2.3376 0.9663
-3.9128 7.2711 -2.3375 0.9663
-4.1711 7.1258 -2.3375 0.9663
-4.9128 6.6358 -2.3374 0.9663
-5.1479 6.4552 -2.3374 0.9663
-5.3763 6.2663 -2.3374 0.9663
-5.5978 6.0693 -2.3374 0.9663
-5.8122 5.8646 -2.3375 0.9663
-6.0191 5.6523 -2.3375 0.9663
-6.2184 5.4328 -2.3376 0.9663
-6.4096 5.2063 -2.3377 0.9663
-8.5245 2.1887 -2.4915 0.9641
-8.5986 1.8815 -2.4918 0.9641
-8.6617 1.5719 -2.4921 0.9641
-8.7136 1.2601 -2.4924 0.9641
-8.8091 -0.0000 -2.4938 0.9640
-8.7621 -0.9475 -2.4949 0.9640
-8.7238 -1.2616 -2.4953 0.9640
-8.6137 -1.8849 -2.4962 0.9640
-8.5419 -2.1932 -2.4966 0.9640
-8.2610 -3.1004 -2.4979 0.9640
-8.0201 -3.6864 -2.4988 0.9640
-7.5815 -4.5298 -2.5002 0.9640
-6.6570 -5.8161 -2.5025 0.9639
-6.4452 -6.0524 -2.5030 0.9639
-5.9965 -6.5017 -2.5039 0.9639
-5.2657 -7.1125 -2.5053 0.9639
-3.9145 -7.9453 -2.5074 0.9638
-3.3355 -8.2084 -2.5083 0.9638
-2.7388 -8.4292 -2.5091 0.9638
-2.4348 -8.5234 -2.5094 0.9638
-2.1276 -8.6066 -2.5098 0.9638
-1.8176 -8.6787 -2.5102 0.9638
-0.8744 -8.8273 -2.5112 0.9638
-0.5570 -8.8542 -2.5115 0.9638
-0.2389 -8.8695 -2.5118 0.9638
0.3982 -8.8658 -2.5124 0.9638
1.3494 -8.7742 -2.5131 0.9638
1.6636 -8.7209 -2.5133 0.9638
1.9757 -8.6562 -2.5135 0.9638
2.5921 -8.4934 -2.5139 0.9638
3.4907 -8.1669 -2.5143 0.9638
3.7818 -8.0367 -2.5144 0.9637
4.6243 -7.5842 -2.5147 0.9637
5.1566 -7.2331 -2.5147 0.9637
5.9043 -6.6368 -2.5147 0.9637
7.1850 -5.2202 -2.5142 0.9638
7.5402 -4.6907 -2.5139 0.9638
7.7031 -4.4167 -2.5137 0.9638
8.1313 -3.5622 -2.5131 0.9638
8.4646 -2.6666 -2.5124 0.9638
8.7550 -1.4270 -2.5112 0.9638
8.8325 -0.7949 -2.5105 0.9638
8.8541 -0.4773 -2.5102 0.9638
8.8642 -0.1591 -2.5098 0.9638
8.8260 0.7944 -2.5087 0.9638
8.6852 1.7377 -2.5074 0.9638
8.6157 2.0480 -2.5070 0.9639
8.4259 2.6544 -2.5009 0.9639
7.7276 3.0596 -2.3528 0.9660
7.6114 3.3344 -2.3524 0.9660
7.3499 3.8705 -2.3516 0.9661
5.6133 4.3946 -2.0181 0.9708
5.5653 4.6888 -2.0601 0.9702
5.6027 5.0751 -2.1401 0.9691
5.5725 5.4245 -2.2015 0.9682
4.8105 6.7476 -2.3459 0.9661
4.5644 6.9147 -2.3455 0.9661
4.0551 7.2219 -2.3447 0.9662
3.7926 7.3615 -2.3443 0.9662
3.5253 7.4917 -2.3439 0.9662
3.2536 7.6122 -2.3435 0.9662
2.6982 7.8235 -2.3428 0.9662
1.5498 8.1243 -2.3414 0.9662
-0.2225 8.2617 -2.3397 0.9662
-0.5189 8.2475 -2.3394 0.9662
-0.8145 8.2227 -2.3392 0.9662
-1.1091 8.1874 -2.3390 0.9662
-1.4021 8.1416 -2.3388 0.9662
-1.9823 8.0187 -2.3384 0.9662
-2.5522 7.8547 -2.3381 0.9662
-3.1088 7.6505 -2.3378 0.9663
-3.9128 7.2711 -2.3375 0.9663
-4.1711 7.1258 -2.3375 0.9663
-4.4242 6.9713 -2.3374 0.9663
-5.1479 6.4552 -2.3374 0.9663
-6.0191 5.6523 -2.3375 0.9663
-6.2184 5.4328 -2.3376 0.9663
-6.4096 5.2063 -2.3377 0.9663
-6.5927 4.9731 -2.3378 0.9663
-6.7673 4.7335 -2.3379 0.9663
-7.9927 3.6738 -2.4903 0.9641
-8.1202 3.3848 -2.4905 0.9641
-8.2372 3.0915 -2.4907 0.9641
-8.3437 2.7941 -2.4910 0.9641
-8.4395 2.4930 -2.4912 0.9641
-8.5245 2.1887 -2.4915 0.9641
-8.5986 1.8815 -2.4918 0.9641
-8.6617 1.5719 -2.4921 0.9641
-8.7136 1.2601 -2.4924 0.9641
-8.7544 0.9466 -2.4927 0.9641
-8.1099 0.0000 -2.4944 0.9666
-8.1058 -0.2912 -2.4948 0.9666
-8.0663 -0.8722 -2.4955 0.9666
-7.7006 -2.5787 -2.4978 0.9666
-7.4981 -3.1256 -2.4986 0.9666
-7.3824 -3.3933 -2.4990 0.9666
-6.9783 -4.1694 -2.5003 0.9666
-6.8253 -4.4179 -2.5007 0.9665
-6.6635 -4.6609 -2.5012 0.9665
-6.3141 -5.1287 -2.5020 0.9665
-5.9319 -5.5704 -2.5029 0.9665
-5.7291 -5.7807 -2.5033 0.9665
-5.5188 -5.9837 -2.5037 0.9665
-5.0770 -6.3663 -2.5046 0.9665
-4.8460 -6.5456 -2.5050 0.9665
-4.6086 -6.7164 -2.5054 0.9665
-4.3653 -6.8786 -2.5058 0.9665
-3.8618 -7.1764 -2.5066 0.9665
-3.3380 -7.4372 -2.5074 0.9665
-2.7966 -7.6598 -2.5081 0.9665
-2.5202 -7.7564 -2.5085 0.9664
-2.2405 -7.8429 -2.5088 0.9664
-1.9578 -7.9194 -2.5092 0.9664
-1.6724 -7.9856 -2.5095 0.9664
-1.3849 -8.0415 -2.5098 0.9664
-1.0955 -8.0871 -2.5101 0.9664
-0.8046 -8.1222 -2.5104 0.9664
-0.5125 -8.1467 -2.5107 0.9664
-0.2198 -8.1608 -2.5110 0.9664
0.6590 -8.1396 -2.5118 0.9664
0.9508 -8.1114 -2.5120 0.9664
1.2415 -8.0728 -2.5122 0.9664
1.5306 -8.0237 -2.5124 0.9664
1.8178 -7.9641 -2.5126 0.9664
2.1026 -7.8943 -2.5128 0.9664
2.3848 -7.8142 -2.5129 0.9664
2.6639 -7.7240 -2.5131 0.9664
2.9396 -7.6238 -2.5132 0.9664
3.2115 -7.5137 -2.5133 0.9664
3.4793 -7.3939 -2.5134 0.9664
3.7426 -7.2645 -2.5135 0.9664
4.0011 -7.1257 -2.5136 0.9664
4.5022 -6.8205 -2.5137 0.9664
4.9800 -6.4800 -2.5137 0.9664
5.2094 -6.2970 -2.5137 0.9664
5.4320 -6.1059 -2.5137 0.9664
5.6476 -5.9069 -2.5136 0.9664
6.0565 -5.4862 -2.5135 0.9664
6.2493 -5.2651 -2.5134 0.9664
6.6104 -4.8027 -2.5132 0.9664
7.3594 -3.5441 -2.5124 0.9664
7.5935 -3.0065 -2.5120 0.9664
7.6958 -2.7317 -2.5118 0.9664
7.9425 -1.8880 -2.5110 0.9664
8.0042 -1.6015 -2.5107 0.9664
8.0556 -1.3130 -2.5104 0.9664
8.1271 -0.7315 -2.5098 0.9664
8.1565 -0.1464 -2.5092 0.9664
8.1554 0.1464 -2.5088 0.9664
8.0458 1.3114 -2.5074 0.9665
7.9285 1.8847 -2.5066 0.9665
7.8545 2.1677 -2.5062 0.9665
7.6607 2.7192 -2.5003 0.9666
7.0048 3.0686 -2.3522 0.9685
6.8889 3.3175 -2.3518 0.9685
6.6309 3.8020 -2.3510 0.9685
5.8901 4.2794 -2.2393 0.9700
5.6135 4.3948 -2.1928 0.9706
5.2750 5.5172 -2.3478 0.9686
5.0727 5.7020 -2.3474 0.9686
4.2016 6.3651 -2.3458 0.9686
3.9697 6.5108 -2.3455 0.9686
3.7329 6.6480 -2.3451 0.9686
3.4913 6.7767 -2.3447 0.9686
3.2453 6.8966 -2.3444 0.9686
2.9952 7.0076 -2.3440 0.9686
2.7413 7.1095 -2.3437 0.9686
2.4840 7.2023 -2.3433 0.9686
2.2235 7.2858 -2.3430 0.9686
1.4268 7.4796 -2.3421 0.9686
1.1573 7.5251 -2.3418 0.9686
0.8863 7.5609 -2.3415 0.9686
0.0683 7.6097 -2.3407 0.9687
-0.2049 7.6065 -2.3404 0.9687
-1.0211 7.5383 -2.3398 0.9687
-1.2910 7.4962 -2.3396 0.9687
-1.5591 7.4444 -2.3394 0.9687
-2.0889 7.3124 -2.3391 0.9687
-2.3499 7.2322 -2.3390 0.9687
-3.1133 6.9367 -2.3386 0.9687
-3.3602 6.8202 -2.3385 0.9687
-4.0736 6.4190 -2.3384 0.9687
-4.5236 6.1101 -2.3383 0.9687
-4.9503 5.7698 -2.3383 0.9687
-5.9017 4.7938 -2.3386 0.9687
-6.0703 4.5790 -2.3387 0.9687
-6.2310 4.3584 -2.3388 0.9687
-6.6062 4.2761 -2.4204 0.9676
-6.9371 4.1447 -2.4855 0.9667
-7.0943 3.9001 -2.4900 0.9667
-7.3591 3.3826 -2.4912 0.9667
-7.4764 3.1165 -2.4914 0.9667
-7.6821 2.5725 -2.4918 0.9667
-7.9166 1.7323 -2.4926 0.9667
-7.9746 1.4472 -2.4929 0.9667
-8.0223 1.1601 -2.4932 0.9666
-8.0869 0.5817 -2.4938 0.9666
-8.0913 -0.5820 -2.4951 0.9666
-8.0663 -0.8722 -2.4955 0.9666
-8.0310 -1.1614 -2.4959 0.9666
-7.9853 -1.4491 -2.4962 0.9666
-7.9294 -1.7351 -2.4966 0.9666
-7.7006 -2.5787 -2.4978 0.9666
-7.6043 -2.8539 -2.4982 0.9666
-7.4981 -3.1256 -2.4986 0.9666
-7.3823 -3.3933 -2.4990 0.9666
-7.2570 -3.6567 -2.4995 0.9666
-7.1223 -3.9155 -2.4999 0.9666
-6.3141 -5.1287 -2.5020 0.9665
-6.1269 -5.3530 -2.5024 0.9665
-5.5188 -5.9837 -2.5037 0.9665
-4.6086 -6.7164 -2.5054 0.9665
-3.8618 -7.1764 -2.5066 0.9665
-3.3380 -7.4372 -2.5074 0.9665
-3.0693 -7.5534 -2.5077 0.9665
-1.9577 -7.9194 -2.5092 0.9664
-1.3849 -8.0415 -2.5098 0.9664
-1.0955 -8.0871 -2.5101 0.9664
0.3663 -8.1572 -2.5115 0.9664
0.6590 -8.1396 -2.5118 0.9664
0.9508 -8.1114 -2.5120 0.9664
1.2415 -8.0728 -2.5122 0.9664
1.5306 -8.0236 -2.5124 0.9664
2.6639 -7.7240 -2.5131 0.9664
3.2115 -7.5137 -2.5133 0.9664
3.4793 -7.3939 -2.5134 0.9664
4.0011 -7.1257 -2.5136 0.9664
4.5022 -6.8205 -2.5137 0.9664
5.2094 -6.2970 -2.5137 0.9664
5.4320 -6.1059 -2.5137 0.9664
6.0565 -5.4862 -2.5135 0.9664
6.4341 -5.0372 -2.5133 0.9664
7.0872 -4.0636 -2.5128 0.9664
7.3594 -3.5441 -2.5124 0.9664
7.5935 -3.0065 -2.5120 0.9664
7.7881 -2.4535 -2.5115 0.9664
7.8704 -2.1721 -2.5113 0.9664
8.0556 -1.3130 -2.5104 0.9664
8.0966 -1.0228 -2.5101 0.9664
8.1271 -0.7314 -2.5098 0.9664
8.1470 -0.4392 -2.5095 0.9664
8.1565 -0.1464 -2.5092 0.9664
8.1554 0.1464 -2.5088 0.9664
8.1437 0.4390 -2.5085 0.9664
8.0458 1.3114 -2.5074 0.9665
7.9923 1.5991 -2.5070 0.9665
7.8545 2.1677 -2.5062 0.9665
7.3550 2.9121 -2.4331 0.9674
7.0048 3.0686 -2.3522 0.9685
6.7643 3.5621 -2.3514 0.9685
6.6309 3.8020 -2.3510 0.9685
6.2992 4.2397 -2.3355 0.9687
5.8901 4.2794 -2.2393 0.9700
5.4860 4.9694 -2.2767 0.9695
5.4705 5.3252 -2.3482 0.9686
5.2750 5.5172 -2.3478 0.9686
5.0727 5.7020 -2.3474 0.9686
4.6489 6.0492 -2.3466 0.9686
4.2016 6.3651 -2.3458 0.9686
3.4913 6.7767 -2.3447 0.9686
2.9952 7.0076 -2.3440 0.9686
2.7413 7.1095 -2.3437 0.9686
2.2235 7.2858 -2.3430 0.9686
1.9603 7.3599 -2.3427 0.9686
1.6946 7.4245 -2.3424 0.9686
1.4268 7.4796 -2.3421 0.9686
0.3415 7.6032 -2.3409 0.9687
-0.2049 7.6065 -2.3404 0.9687
-0.4777 7.5935 -2.3402 0.9687
-1.0211 7.5383 -2.3398 0.9687
-1.5591 7.4444 -2.3394 0.9687
-1.8252 7.3831 -2.3393 0.9687
-2.0889 7.3124 -2.3391 0.9687
-3.1133 6.9367 -2.3386 0.9687
-3.6027 6.6950 -2.3385 0.9687
-4.0736 6.4190 -2.3384 0.9687
-4.3014 6.2686 -2.3383 0.9687
-4.5236 6.1101 -2.3383 0.9687
-4.9503 5.7698 -2.3383 0.9687
-5.5422 5.2045 -2.3385 0.9687
-5.7257 5.0023 -2.3385 0.9687
-6.0703 4.5790 -2.3387 0.9687
-6.6062 4.2761 -2.4204 0.9676
-7.2324 3.6443 -2.4910 0.9667
-7.3591 3.3826 -2.4912 0.9667
-7.4764 3.1165 -2.4914 0.9667
-7.7703 2.2953 -2.4921 0.9667
-7.8485 2.0151 -2.4923 0.9667
-7.9166 1.7323 -2.4926 0.9667
-7.9746 1.4472 -2.4929 0.9667
-8.0223 1.1601 -2.4932 0.9666
-8.0869 0.5817 -2.4938 0.9666
-8.1036 0.2911 -2.4941 0.9666
-8.1099 -0.0000 -2.4944 0.9666
-8.0913 -0.5820 -2.4951 0.9666
-7.9853 -1.4491 -2.4962 0.9666
-7.9294 -1.7351 -2.4966 0.9666
-7.8632 -2.0189 -2.4970 0.9666
-7.7869 -2.3003 -2.4974 0.9666
-7.7006 -2.5787 -2.4978 0.9666
-7.4981 -3.1256 -2.4986 0.9666
-7.3823 -3.3933 -2.4990 0.9666
-7.2570 -3.6567 -2.4995 0.9666
-7.1223 -3.9155 -2.4999 0.9666
-6.9783 -4.1694 -2.5003 0.9666
-6.6635 -4.6609 -2.5012 0.9665
-6.4930 -4.8979 -2.5016 0.9665
-5.7290 -5.7807 -2.5033 0.9665
-5.5188 -5.9837 -2.5037 0.9665
-5.3013 -6.1789 -2.5041 0.9665
-5.0770 -6.3663 -2.5046 0.9665
-4.8460 -6.5456 -2.5050 0.9665
-3.3380 -7.4372 -2.5074 0.9665
-2.7966 -7.6598 -2.5081 0.9665
-2.5202 -7.7564 -2.5085 0.9664
-1.9577 -7.9194 -2.5092 0.9664
-1.6724 -7.9856 -2.5095 0.9664
-1.3849 -8.0415 -2.5098 0.9664
-0.5125 -8.1467 -2.5107 0.9664
-0.2198 -8.1608 -2.5110 0.9664
0.0733 -8.1643 -2.5113 0.9664
0.3664 -8.1572 -2.5115 0.9664
0.6590 -8.1396 -2.5118 0.9664
1.5306 -8.0236 -2.5124 0.9664
1.8178 -7.9641 -2.5126 0.9664
2.3848 -7.8142 -2.5129 0.9664
2.6639 -7.7240 -2.5131 0.9664
2.9396 -7.6238 -2.5132 0.9664
4.5022 -6.8205 -2.5137 0.9664
4.7441 -6.6545 -2.5137 0.9664
4.9800 -6.4800 -2.5137 0.9664
5.4320 -6.1059 -2.5137 0.9664
6.2493 -5.2651 -2.5134 0.9664
6.4341 -5.0372 -2.5133 0.9664
6.7782 -4.5621 -2.5131 0.9664
6.9372 -4.3156 -2.5129 0.9664
7.2280 -3.8063 -2.5126 0.9664
7.4813 -3.2774 -2.5122 0.9664
7.7881 -2.4535 -2.5115 0.9664
7.8704 -2.1721 -2.5113 0.9664
7.9425 -1.8880 -2.5110 0.9664
8.0042 -1.6015 -2.5107 0.9664
8.0966 -1.0228 -2.5101 0.9664
8.1554 0.1464 -2.5088 0.9664
8.1215 0.7310 -2.5081 0.9665
8.0889 1.0219 -2.5077 0.9665
7.9923 1.5991 -2.5070 0.9665
7.8545 2.1677 -2.5062 0.9665
7.3550 2.9121 -2.4331 0.9674
6.4891 4.0368 -2.3506 0.9685
5.8901 4.2794 -2.2393 0.9700
5.4760 4.6136 -2.2024 0.9705
5.4860 4.9695 -2.2767 0.9695
5.4705 5.3252 -2.3482 0.9686
5.0727 5.7020 -2.3474 0.9686
4.8639 5.8794 -2.3470 0.9686
4.4281 6.2112 -2.3462 0.9686
3.9697 6.5108 -2.3455 0.9686
3.7329 6.6480 -2.3451 0.9686
3.2453 6.8966 -2.3444 0.9686
2.9952 7.0076 -2.3440 0.9686
2.7413 7.1095 -2.3437 0.9686
2.4840 7.2023 -2.3433 0.9686
2.2235 7.2858 -2.3430 0.9686
1.4268 7.4796 -2.3421 0.9686
0.3415 7.6032 -2.3409 0.9687
-0.2049 7.6065 -2.3404 0.9687
-0.7500 7.5708 -2.3400 0.9687
-1.0211 7.5383 -2.3398 0.9687
-1.2910 7.4962 -2.3396 0.9687
-1.5591 7.4444 -2.3394 0.9687
-1.8252 7.3831 -2.3393 0.9687
-2.0889 7.3124 -2.3391 0.9687
-3.1133 6.9367 -2.3386 0.9687
-3.3602 6.8202 -2.3385 0.9687
-3.6027 6.6950 -2.3385 0.9687
-4.0736 6.4190 -2.3384 0.9687
-4.3014 6.2686 -2.3383 0.9687
-4.5236 6.1101 -2.3383 0.9687
-4.7400 5.9438 -2.3383 0.9687
-4.9503 5.7698 -2.3383 0.9687
-5.5422 5.2045 -2.3385 0.9687
-6.9371 4.1447 -2.4855 0.9667
-7.2324 3.6443 -2.4910 0.9667
-7.5841 2.8464 -2.4916 0.9667
-7.7703 2.2953 -2.4921 0.9667
-7.8485 2.0151 -2.4923 0.9667
-7.9746 1.4472 -2.4929 0.9667
-8.0223 1.1601 -2.4932 0.9666
-8.1036 0.2911 -2.4941 0.9666
-8.1099 0.0000 -2.4944 0.9666
-8.1058 -0.2912 -2.4948 0.9666
-8.0912 -0.5820 -2.4951 0.9666
-7.9853 -1.4491 -2.4962 0.9666
-7.9294 -1.7351 -2.4966 0.9666
-7.8632 -2.0189 -2.4970 0.9666
-7.7006 -2.5787 -2.4978 0.9666
-7.4981 -3.1256 -2.4986 0.9666
-7.3823 -3.3933 -2.4990 0.9666
-7.2570 -3.6567 -2.4995 0.9666
-6.3140 -5.1287 -2.5020 0.9665
-5.9318 -5.5704 -2.5029 0.9665
-5.7290 -5.7807 -2.5033 0.9665
-4.6086 -6.7164 -2.5054 0.9665
-4.3653 -6.8786 -2.5058 0.9665
-3.6022 -7.3115 -2.5070 0.9665
-3.3380 -7.4372 -2.5074 0.9665
-3.0693 -7.5534 -2.5077 0.9665
-2.7966 -7.6598 -2.5081 0.9665
-2.5202 -7.7564 -2.5085 0.9664
-1.9577 -7.9194 -2.5092 0.9664
-1.3849 -8.0415 -2.5098 0.9664
-1.0955 -8.0871 -2.5101 0.9664
-0.8046 -8.1222 -2.5104 0.9664
-0.5125 -8.1467 -2.5107 0.9664
-0.2198 -8.1608 -2.5110 0.9664
0.0733 -8.1643 -2.5113 0.9664
0.3664 -8.1572 -2.5115 0.9664
0.9508 -8.1114 -2.5120 0.9664
2.1026 -7.8943 -2.5128 0.9664
2.3848 -7.8142 -2.5129 0.9664
2.6639 -7.7240 -2.5131 0.9664
2.9396 -7.6238 -2.5132 0.9664
3.2115 -7.5137 -2.5133 0.9664
3.7426 -7.2645 -2.5135 0.9664
4.0011 -7.1257 -2.5136 0.9664
4.5022 -6.8205 -2.5137 0.9664
5.6476 -5.9069 -2.5136 0.9664
6.2493 -5.2651 -2.5134 0.9664
6.4341 -5.0372 -2.5133 0.9664
6.7782 -4.5621 -2.5131 0.9664
6.9372 -4.3156 -2.5129 0.9664
7.2280 -3.8063 -2.5126 0.9664
7.4813 -3.2774 -2.5122 0.9664
7.5935 -3.0065 -2.5120 0.9664
7.9425 -1.8880 -2.5110 0.9664
8.0042 -1.6015 -2.5107 0.9664
8.0556 -1.3130 -2.5104 0.9664
8.1565 -0.1464 -2.5092 0.9664
8.1554 0.1464 -2.5088 0.9664
7.9923 1.5991 -2.5070 0.9665
7.9285 1.8847 -2.5066 0.9665
7.8545 2.1677 -2.5062 0.9665
7.6607 2.7193 -2.5003 0.9666
7.3550 2.9121 -2.4331 0.9674
7.0048 3.0686 -2.3522 0.9685
6.8889 3.3175 -2.3518 0.9685
6.7643 3.5621 -2.3514 0.9685
6.6309 3.8020 -2.3510 0.9685
6.4891 4.0368 -2.3506 0.9685
5.8901 4.2794 -2.2393 0.9700
5.6135 4.3948 -2.1928 0.9706
5.4760 4.6136 -2.2024 0.9705
5.4860 4.9695 -2.2767 0.9695
5.4705 5.3252 -2.3482 0.9686
4.4281 6.2112 -2.3462 0.9686
4.2016 6.3651 -2.3458 0.9686
3.4913 6.7767 -2.3447 0.9686
3.2453 6.8966 -2.3444 0.9686
2.4840 7.2023 -2.3433 0.9686
2.2235 7.2858 -2.3430 0.9686
1.1573 7.5251 -2.3418 0.9686
0.8863 7.5609 -2.3415 0.9686
0.6142 7.5869 -2.3412 0.9686
0.3415 7.6032 -2.3409 0.9687
-0.2049 7.6065 -2.3404 0.9687
-0.4778 7.5935 -2.3402 0.9687
-0.7500 7.5708 -2.3400 0.9687
-1.0211 7.5383 -2.3398 0.9687
-1.2910 7.4962 -2.3396 0.9687
-1.5591 7.4444 -2.3394 0.9687
-2.3499 7.2322 -2.3390 0.9687
-3.3602 6.8202 -2.3385 0.9687
-3.8407 6.5612 -2.3384 0.9687
-4.5236 6.1101 -2.3383 0.9687
-5.9017 4.7938 -2.3386 0.9687
-6.2310 4.3584 -2.3388 0.9687
-7.2324 3.6443 -2.4910 0.9667
-7.4764 3.1165 -2.4914 0.9667
-7.6821 2.5725 -2.4918 0.9667
-7.7703 2.2953 -2.4921 0.9667
-7.9746 1.4472 -2.4929 0.9667
-8.0869 0.5817 -2.4938 0.9666
-8.1036 0.2910 -2.4941 0.9666
-7.5058 0.0000 -2.4950 0.9689
-7.4884 -0.5387 -2.4956 0.9688
-7.4652 -0.8072 -2.4959 0.9688
-7.1262 -2.3864 -2.4981 0.9688
-7.0370 -2.6410 -2.4985 0.9688
-6.9388 -2.8924 -2.4988 0.9688
-6.5907 -3.6233 -2.5000 0.9688
-6.4574 -3.8581 -2.5004 0.9688
-5.8424 -4.7456 -2.5020 0.9688
-5.6692 -4.9530 -2.5024 0.9688
-5.4886 -5.1542 -2.5028 0.9688
-5.1063 -5.5364 -2.5036 0.9688
-4.9050 -5.7170 -2.5040 0.9687
-4.6974 -5.8903 -2.5043 0.9687
-4.4836 -6.0561 -2.5047 0.9687
-4.0388 -6.3641 -2.5055 0.9687
-3.8083 -6.5059 -2.5059 0.9687
-3.3327 -6.7643 -2.5066 0.9687
-2.5872 -7.0864 -2.5076 0.9687
-2.3315 -7.1756 -2.5080 0.9687
-1.8111 -7.3263 -2.5086 0.9687
-1.5472 -7.3875 -2.5089 0.9687
-0.7443 -7.5136 -2.5098 0.9687
-0.2033 -7.5492 -2.5103 0.9687
0.3389 -7.5458 -2.5108 0.9687
0.8795 -7.5033 -2.5112 0.9687
2.7191 -7.0520 -2.5123 0.9686
3.9352 -6.4541 -2.5127 0.9686
4.1644 -6.3088 -2.5128 0.9686
4.3882 -6.1553 -2.5128 0.9686
4.8185 -5.8246 -2.5128 0.9686
6.2698 -4.2200 -2.5122 0.9686
6.5557 -3.7588 -2.5119 0.9686
6.6860 -3.5209 -2.5118 0.9687
6.8076 -3.2784 -2.5116 0.9687
7.0242 -2.7811 -2.5112 0.9687
7.2043 -2.2695 -2.5108 0.9687
7.4044 -1.4815 -2.5100 0.9687
7.4520 -1.2146 -2.5098 0.9687
7.4900 -0.9462 -2.5095 0.9687
7.5182 -0.6767 -2.5092 0.9687
7.5368 -0.4063 -2.5089 0.9687
7.5456 -0.1355 -2.5086 0.9687
7.5446 0.1355 -2.5083 0.9687
7.5339 0.4061 -2.5080 0.9687
7.5135 0.6762 -2.5076 0.9687
7.1892 2.2648 -2.5055 0.9687
7.0999 2.5202 -2.5043 0.9687
6.9926 2.7686 -2.4999 0.9688
6.3739 3.0695 -2.3516 0.9706
6.2587 3.2958 -2.3513 0.9706
6.1354 3.5178 -2.3509 0.9706
6.0042 3.7352 -2.3505 0.9706
5.7189 4.1550 -2.3498 0.9706
4.8812 5.1054 -2.3479 0.9707
4.6941 5.2765 -2.3475 0.9707
4.0978 5.7479 -2.3465 0.9707
3.0034 6.3825 -2.3447 0.9707
2.7720 6.4853 -2.3444 0.9707
2.5370 6.5797 -2.3441 0.9707
2.2989 6.6657 -2.3438 0.9707
2.0579 6.7430 -2.3435 0.9707
1.3206 6.9226 -2.3426 0.9707
1.0711 6.9647 -2.3423 0.9707
0.8203 6.9979 -2.3421 0.9707
0.5685 7.0221 -2.3418 0.9707
0.3160 7.0372 -2.3416 0.9707
0.0632 7.0433 -2.3413 0.9707
-0.4422 7.0284 -2.3409 0.9708
-0.6941 7.0074 -2.3407 0.9708
-0.9452 6.9774 -2.3405 0.9708
-1.1949 6.9385 -2.3403 0.9708
-1.4431 6.8906 -2.3402 0.9708
-2.1751 6.6943 -2.3397 0.9708
-2.6495 6.5204 -2.3395 0.9708
-2.8818 6.4208 -2.3394 0.9708
-3.9815 5.8024 -2.3392 0.9708
-4.1872 5.6557 -2.3392 0.9708
-4.3875 5.5018 -2.3392 0.9708
-4.9537 4.9984 -2.3392 0.9708
-5.4628 4.4373 -2.3394 0.9708
-5.6188 4.2385 -2.3395 0.9708
-6.4323 3.8431 -2.4907 0.9689
-6.5685 3.6111 -2.4916 0.9689
-6.9201 2.8846 -2.4921 0.9689
-7.0198 2.6346 -2.4923 0.9689
-7.2643 1.8652 -2.4930 0.9689
-7.3273 1.6033 -2.4933 0.9689
-7.4846 0.5384 -2.4944 0.9689
-7.5000 0.2694 -2.4947 0.9689
-7.4652 -0.8072 -2.4959 0.9688
-7.3901 -1.3411 -2.4966 0.9688
-7.3383 -1.6058 -2.4970 0.9688
-6.9388 -2.8924 -2.4988 0.9688
-6.5907 -3.6233 -2.5000 0.9688
-6.4574 -3.8581 -2.5004 0.9688
-6.0080 -4.5321 -2.5016 0.9688
-5.6692 -4.9530 -2.5024 0.9688
-5.4886 -5.1542 -2.5028 0.9688
-5.3009 -5.3487 -2.5032 0.9688
-5.1063 -5.5364 -2.5036 0.9688
-4.9050 -5.7170 -2.5040 0.9687
-4.2640 -6.2141 -2.5051 0.9687
-4.0388 -6.3641 -2.5055 0.9687
-3.8083 -6.5059 -2.5059 0.9687
-3.5728 -6.6394 -2.5062 0.9687
-3.3327 -6.7643 -2.5066 0.9687
-3.0881 -6.8806 -2.5069 0.9687
-2.5872 -7.0864 -2.5076 0.9687
-2.3315 -7.1756 -2.5080 0.9687
-2.0727 -7.2556 -2.5083 0.9687
-1.2811 -7.4391 -2.5092 0.9687
-0.7443 -7.5136 -2.5098 0.9687
-0.4741 -7.5362 -2.5100 0.9687
0.6096 -7.5294 -2.5110 0.9687
0.8795 -7.5033 -2.5112 0.9687
1.4158 -7.4220 -2.5116 0.9687
1.6815 -7.3669 -2.5118 0.9687
2.9706 -6.9501 -2.5124 0.9686
3.4619 -6.7195 -2.5126 0.9686
3.7009 -6.5911 -2.5127 0.9686
4.3882 -6.1553 -2.5128 0.9686
4.6064 -5.9938 -2.5128 0.9686
4.8186 -5.8246 -2.5128 0.9686
5.0245 -5.6478 -2.5128 0.9686
5.2239 -5.4638 -2.5127 0.9686
5.4166 -5.2726 -2.5127 0.9686
5.6022 -5.0747 -2.5126 0.9686
5.7806 -4.8701 -2.5125 0.9686
5.9514 -4.6593 -2.5124 0.9686
6.1146 -4.4425 -2.5123 0.9686
6.6860 -3.5209 -2.5118 0.9687
6.9204 -3.0316 -2.5114 0.9687
7.0242 -2.7811 -2.5112 0.9687
7.1189 -2.5269 -2.5110 0.9687
7.2043 -2.2695 -2.5108 0.9687
7.4044 -1.4815 -2.5100 0.9687
7.4520 -1.2146 -2.5098 0.9687
7.4900 -0.9462 -2.5095 0.9687
7.5182 -0.6767 -2.5092 0.9687
7.5368 -0.4063 -2.5089 0.9687
7.5456 -0.1355 -2.5086 0.9687
7.5135 0.6762 -2.5076 0.9687
7.4436 1.2132 -2.5069 0.9687
7.3942 1.4794 -2.5066 0.9687
7.3353 1.7437 -2.5062 0.9687
7.2669 2.0055 -2.5059 0.9687
7.1892 2.2648 -2.5055 0.9687
6.9926 2.7686 -2.4999 0.9688
6.7693 2.9655 -2.4566 0.9693
6.3739 3.0695 -2.3516 0.9706
6.2587 3.2958 -2.3513 0.9706
6.1354 3.5178 -2.3509 0.9706
6.0042 3.7352 -2.3505 0.9706
5.8653 3.9477 -2.3501 0.9706
5.5130 4.3161 -2.3274 0.9709
5.2366 4.7435 -2.3487 0.9707
5.0622 4.9277 -2.3483 0.9707
4.8812 5.1054 -2.3479 0.9707
4.3021 5.5979 -2.3468 0.9707
3.6737 6.0253 -2.3458 0.9707
2.7720 6.4853 -2.3444 0.9707
2.5370 6.5797 -2.3441 0.9707
2.2989 6.6657 -2.3438 0.9707
1.8143 6.8117 -2.3432 0.9707
1.5684 6.8716 -2.3429 0.9707
1.0711 6.9647 -2.3423 0.9707
0.8203 6.9979 -2.3421 0.9707
0.0632 7.0433 -2.3413 0.9707
-0.1896 7.0404 -2.3411 0.9707
-0.4422 7.0284 -2.3409 0.9708
-0.6941 7.0074 -2.3407 0.9708
-0.9452 6.9774 -2.3405 0.9708
-1.1949 6.9385 -2.3403 0.9708
-1.4431 6.8906 -2.3402 0.9708
-1.9335 6.7685 -2.3399 0.9708
-2.1751 6.6943 -2.3397 0.9708
-2.4139 6.6116 -2.3396 0.9708
-2.6496 6.5204 -2.3395 0.9708
-2.8818 6.4208 -2.3394 0.9708
-3.7707 5.9417 -2.3392 0.9708
-3.9815 5.8024 -2.3392 0.9708
-4.3875 5.5018 -2.3392 0.9708
-4.5822 5.3408 -2.3392 0.9708
-5.2999 4.6303 -2.3394 0.9708
-5.6188 4.2385 -2.3395 0.9708
-6.2799 4.0649 -2.4866 0.9690
-6.4323 3.8431 -2.4907 0.9689
-6.9201 2.8846 -2.4921 0.9689
-7.0198 2.6346 -2.4923 0.9689
-7.2643 1.8651 -2.4930 0.9689
-7.3273 1.6033 -2.4933 0.9689
-7.4250 1.0737 -2.4938 0.9689
-7.4596 0.8066 -2.4941 0.9689
-7.5000 0.2694 -2.4947 0.9689
-7.4884 -0.5387 -2.4956 0.9688
-6.8315 -3.1401 -2.4992 0.9688
-6.5907 -3.6233 -2.5000 0.9688
-6.4574 -3.8581 -2.5004 0.9688
-6.0080 -4.5321 -2.5016 0.9688
-5.8424 -4.7456 -2.5020 0.9688
-5.3009 -5.3487 -2.5032 0.9688
-5.1063 -5.5364 -2.5036 0.9688
-4.2640 -6.2141 -2.5051 0.9687
-4.0388 -6.3641 -2.5055 0.9687
-3.5728 -6.6394 -2.5062 0.9687
-3.3326 -6.7643 -2.5066 0.9687
-3.0881 -6.8806 -2.5069 0.9687
-2.3315 -7.1756 -2.5080 0.9687
-1.5472 -7.3875 -2.5089 0.9687
-1.0134 -7.4812 -2.5095 0.9687
-0.2033 -7.5492 -2.5103 0.9687
0.3389 -7.5458 -2.5108 0.9687
0.8795 -7.5033 -2.5112 0.9687
1.1484 -7.4675 -2.5114 0.9687
2.4641 -7.1447 -2.5122 0.9686
3.4619 -6.7195 -2.5126 0.9686
3.9352 -6.4541 -2.5127 0.9686
4.1644 -6.3088 -2.5128 0.9686
4.6064 -5.9938 -2.5128 0.9686
4.8186 -5.8246 -2.5128 0.9686
5.2239 -5.4638 -2.5127 0.9686
5.4166 -5.2726 -2.5127 0.9686
5.7806 -4.8701 -2.5125 0.9686
5.9514 -4.6593 -2.5124 0.9686
6.1146 -4.4425 -2.5123 0.9686
6.5557 -3.7588 -2.5119 0.9686
7.1189 -2.5269 -2.5110 0.9687
7.2805 -2.0093 -2.5105 0.9687
7.4520 -1.2146 -2.5098 0.9687
7.4900 -0.9462 -2.5095 0.9687
7.5368 -0.4063 -2.5089 0.9687
7.5446 0.1355 -2.5083 0.9687
7.5339 0.4061 -2.5080 0.9687
7.2669 2.0055 -2.5059 0.9687
7.1892 2.2648 -2.5055 0.9687
7.0999 2.5202 -2.5043 0.9687
6.9926 2.7686 -2.4999 0.9688
6.3739 3.0695 -2.3516 0.9706
6.2587 3.2958 -2.3513 0.9706
6.1354 3.5178 -2.3509 0.9706
6.0042 3.7352 -2.3505 0.9706
5.4044 4.5532 -2.3490 0.9707
4.6941 5.2765 -2.3475 0.9707
4.5010 5.4408 -2.3472 0.9707
4.0978 5.7479 -2.3465 0.9707
3.4546 6.1524 -2.3454 0.9707
3.2310 6.2715 -2.3451 0.9707
2.2989 6.6657 -2.3438 0.9707
2.0579 6.7430 -2.3435 0.9707
1.5684 6.8716 -2.3429 0.9707
1.3206 6.9226 -2.3426 0.9707
0.3160 7.0372 -2.3416 0.9707
0.0632 7.0433 -2.3413 0.9707
-0.6942 7.0074 -2.3407 0.9708
-0.9452 6.9774 -2.3405 0.9708
-1.1949 6.9385 -2.3403 0.9708
-1.9335 6.7685 -2.3399 0.9708
-2.1751 6.6943 -2.3397 0.9708
-2.4139 6.6116 -2.3396 0.9708
-2.6496 6.5204 -2.3395 0.9708
-2.8818 6.4208 -2.3394 0.9708
-3.5551 6.0733 -2.3392 0.9708
-4.3875 5.5018 -2.3392 0.9708
-4.9537 4.9984 -2.3392 0.9708
-5.2999 4.6303 -2.3394 0.9708
-6.0332 4.2200 -2.4474 0.9694
-6.4323 3.8431 -2.4907 0.9689
-6.5685 3.6111 -2.4916 0.9689
-6.8116 3.1309 -2.4919 0.9689
-6.9201 2.8846 -2.4921 0.9689
-7.1104 2.3811 -2.4926 0.9689
-7.1920 2.1245 -2.4928 0.9689
-7.2643 1.8651 -2.4930 0.9689
-7.4846 0.5384 -2.4944 0.9689
-7.5000 0.2694 -2.4947 0.9689
-7.5058 0.0000 -2.4950 0.9689
-7.4884 -0.5387 -2.4956 0.9688
-7.3901 -1.3411 -2.4966 0.9688
-7.3382 -1.6058 -2.4970 0.9688
-7.2769 -1.8684 -2.4974 0.9688
-7.2062 -2.1287 -2.4977 0.9688
-7.1262 -2.3864 -2.4981 0.9688
-7.0370 -2.6411 -2.4985 0.9688
-6.9388 -2.8924 -2.4988 0.9688
-6.8315 -3.1401 -2.4992 0.9688
-6.7154 -3.3838 -2.4996 0.9688
-6.5907 -3.6233 -2.5000 0.9688
-6.4574 -3.8581 -2.5004 0.9688
-6.3157 -4.0881 -2.5008 0.9688
-6.1659 -4.3128 -2.5012 0.9688
-5.8424 -4.7456 -2.5020 0.9688
-5.1063 -5.5364 -2.5036 0.9688
-4.9050 -5.7170 -2.5040 0.9687
-4.2639 -6.2141 -2.5051 0.9687
-3.5728 -6.6394 -2.5062 0.9687
-3.3326 -6.7643 -2.5066 0.9687
-3.0881 -6.8806 -2.5069 0.9687
-2.8395 -6.9880 -2.5073 0.9687
-2.5872 -7.0864 -2.5076 0.9687
-2.3315 -7.1756 -2.5080 0.9687
-2.0727 -7.2556 -2.5083 0.9687
-1.8111 -7.3263 -2.5086 0.9687
-1.2811 -7.4391 -2.5092 0.9687
-1.0134 -7.4812 -2.5095 0.9687
-0.4741 -7.5362 -2.5100 0.9687
-0.2033 -7.5492 -2.5103 0.9687
0.0678 -7.5524 -2.5105 0.9687
0.6096 -7.5294 -2.5110 0.9687
1.4158 -7.4220 -2.5116 0.9687
1.6815 -7.3669 -2.5118 0.9687
2.9706 -6.9501 -2.5124 0.9686
3.7009 -6.5911 -2.5127 0.9686
4.1644 -6.3088 -2.5128 0.9686
4.8186 -5.8246 -2.5128 0.9686
5.0245 -5.6478 -2.5128 0.9686
5.2239 -5.4638 -2.5127 0.9686
5.6022 -5.0747 -2.5126 0.9686
6.4169 -3.9919 -2.5121 0.9686
6.5557 -3.7588 -2.5119 0.9686
6.8076 -3.2783 -2.5116 0.9687
7.0242 -2.7811 -2.5112 0.9687
7.2805 -2.0093 -2.5105 0.9687
7.3472 -1.7465 -2.5103 0.9687
7.4044 -1.4815 -2.5100 0.9687
7.5368 -0.4063 -2.5089 0.9687
7.5456 -0.1355 -2.5086 0.9687
7.5339 0.4062 -2.5080 0.9687
7.5135 0.6762 -2.5076 0.9687
7.4436 1.2132 -2.5069 0.9687
7.3942 1.4794 -2.5066 0.9687
6.3739 3.0695 -2.3516 0.9706
6.1354 3.5178 -2.3509 0.9706
5.8653 3.9477 -2.3501 0.9706
5.4044 4.5532 -2.3490 0.9707
5.2366 4.7435 -2.3487 0.9707
4.8812 5.1054 -2.3479 0.9707
4.6941 5.2765 -2.3475 0.9707
4.5010 5.4408 -2.3472 0.9707
4.0978 5.7479 -2.3465 0.9707
3.4546 6.1524 -2.3454 0.9707
3.0034 6.3825 -2.3447 0.9707
2.5370 6.5797 -2.3441 0.9707
2.2989 6.6657 -2.3438 0.9707
2.0579 6.7430 -2.3435 0.9707
1.8143 6.8117 -2.3432 0.9707
1.5684 6.8716 -2.3429 0.9707
0.8203 6.9979 -2.3421 0.9707
0.5685 7.0221 -2.3418 0.9707
0.3160 7.0372 -2.3416 0.9707
-0.9452 6.9774 -2.3405 0.9708
-1.1949 6.9385 -2.3403 0.9708
-1.6894 6.8339 -2.3400 0.9708
-3.1103 6.3130 -2.3394 0.9708
-3.3348 6.1971 -2.3393 0.9708
-3.5551 6.0733 -2.3392 0.9708
-3.7707 5.9417 -2.3392 0.9708
-3.9815 5.8024 -2.3392 0.9708
-4.1872 5.6557 -2.3392 0.9708
-4.5822 5.3408 -2.3392 0.9708
-4.9537 4.9984 -2.3392 0.9708
-5.1301 4.8175 -2.3393 0.9708
-5.2999 4.6303 -2.3394 0.9708
-5.4628 4.4373 -2.3394 0.9708
-6.0332 4.2200 -2.4474 0.9694
-6.4323 3.8431 -2.4907 0.9689
-6.5685 3.6111 -2.4916 0.9689
-6.6943 3.3732 -2.4918 0.9689
-6.8116 3.1309 -2.4919 0.9689
-7.0198 2.6346 -2.4923 0.9689
-7.1920 2.1245 -2.4928 0.9689
-7.3273 1.6033 -2.4933 0.9689
-7.4250 1.0737 -2.4938 0.9689
-7.4596 0.8066 -2.4941 0.9689
-7.4846 0.5384 -2.4944 0.9689
-6.9782 -0.0000 -2.4954 0.9708
-6.9745 -0.2505 -2.4957 0.9708
-6.9097 -0.9992 -2.4967 0.9708
-6.8703 -1.2468 -2.4970 0.9708
-6.8220 -1.4928 -2.4973 0.9708
-6.7649 -1.7369 -2.4977 0.9708
-6.6991 -1.9789 -2.4980 0.9708
-6.6247 -2.2184 -2.4983 0.9708
-6.1265 -3.3681 -2.5001 0.9707
-6.0025 -3.5863 -2.5005 0.9707
-5.4306 -4.4111 -2.5020 0.9707
-5.2696 -4.6039 -2.5023 0.9707
-4.9271 -4.9716 -2.5031 0.9707
-4.5591 -5.3138 -2.5038 0.9707
-4.3660 -5.4748 -2.5042 0.9707
-3.5395 -6.0467 -2.5056 0.9707
-3.3206 -6.1707 -2.5059 0.9707
-2.8701 -6.3947 -2.5066 0.9707
-2.4045 -6.5859 -2.5072 0.9707
-2.1668 -6.6687 -2.5075 0.9707
-1.9263 -6.7430 -2.5078 0.9706
-1.6832 -6.8086 -2.5081 0.9706
-1.4378 -6.8654 -2.5084 0.9706
-1.1906 -6.9134 -2.5087 0.9706
-0.6917 -6.9825 -2.5092 0.9706
-0.4406 -7.0035 -2.5095 0.9706
-0.1890 -7.0155 -2.5097 0.9706
0.3149 -7.0122 -2.5101 0.9706
0.5665 -6.9969 -2.5103 0.9706
1.0672 -6.9393 -2.5107 0.9706
1.3157 -6.8970 -2.5109 0.9706
1.5625 -6.8458 -2.5111 0.9706
1.8073 -6.7857 -2.5112 0.9706
2.0499 -6.7168 -2.5113 0.9706
2.2898 -6.6392 -2.5115 0.9706
2.5267 -6.5530 -2.5116 0.9706
2.7604 -6.4584 -2.5117 0.9706
2.9906 -6.3553 -2.5118 0.9706
3.2169 -6.2441 -2.5118 0.9706
3.6567 -5.9974 -2.5119 0.9706
3.8697 -5.8624 -2.5120 0.9706
4.0777 -5.7198 -2.5120 0.9706
4.2804 -5.5697 -2.5120 0.9706
4.8542 -5.0771 -2.5119 0.9706
5.0333 -4.8995 -2.5119 0.9706
5.2058 -4.7156 -2.5118 0.9706
5.3715 -4.5256 -2.5118 0.9706
5.6820 -4.1282 -2.5116 0.9706
5.8262 -3.9214 -2.5115 0.9706
6.2130 -3.2718 -2.5111 0.9706
6.3261 -3.0465 -2.5109 0.9706
6.5274 -2.5844 -2.5105 0.9706
6.6949 -2.1091 -2.5101 0.9706
6.7657 -1.8672 -2.5099 0.9706
6.8278 -1.6229 -2.5097 0.9706
6.9606 -0.8793 -2.5089 0.9706
7.0042 -0.3776 -2.5084 0.9706
6.9549 0.8786 -2.5069 0.9707
6.9180 1.1276 -2.5066 0.9707
6.8722 1.3750 -2.5062 0.9707
6.8175 1.6206 -2.5059 0.9707
6.6818 2.1049 -2.5052 0.9707
6.6010 2.3431 -2.5049 0.9707
6.4027 2.8049 -2.4997 0.9707
6.2536 3.0116 -2.4821 0.9709
5.8393 3.0750 -2.3600 0.9724
5.3159 3.8622 -2.3497 0.9725
5.1730 4.0499 -2.3494 0.9725
5.0236 4.2324 -2.3491 0.9725
3.9993 5.2039 -2.3470 0.9725
3.6146 5.4758 -2.3463 0.9725
3.4152 5.6013 -2.3460 0.9725
1.9813 4.2105 -1.6641 0.9804
1.8107 4.2363 -1.6475 0.9806
2.3586 6.1170 -2.3445 0.9725
2.1373 6.1970 -2.3442 0.9725
1.9132 6.2690 -2.3439 0.9725
1.2277 6.4361 -2.3431 0.9725
0.0588 6.5486 -2.3419 0.9726
-0.1763 6.5459 -2.3417 0.9726
-0.6454 6.5153 -2.3413 0.9726
-1.3418 6.4068 -2.3408 0.9726
-2.0224 6.2244 -2.3404 0.9726
-2.2444 6.1475 -2.3403 0.9726
-2.8920 5.8699 -2.3401 0.9726
-3.3055 5.6470 -2.3400 0.9726
-3.5061 5.5247 -2.3399 0.9726
-3.8933 5.2588 -2.3399 0.9726
-4.0796 5.1156 -2.3399 0.9726
-4.2606 4.9659 -2.3399 0.9726
-4.6060 4.6476 -2.3400 0.9726
-4.7700 4.4793 -2.3400 0.9726
-6.4342 2.6820 -2.4928 0.9708
-6.6868 1.9753 -2.4934 0.9708
-6.8125 1.4907 -2.4939 0.9708
-6.9033 0.9983 -2.4943 0.9708
-6.9354 0.7499 -2.4946 0.9708
-6.9782 -0.0000 -2.4954 0.9708
-6.9745 -0.2505 -2.4957 0.9708
-6.9619 -0.5008 -2.4960 0.9708
-6.9403 -0.7505 -2.4964 0.9708
-6.9097 -0.9992 -2.4967 0.9708
-6.8220 -1.4928 -2.4973 0.9708
-6.7649 -1.7369 -2.4977 0.9708
-6.6247 -2.2184 -2.4983 0.9708
-6.5417 -2.4551 -2.4987 0.9708
-6.4503 -2.6888 -2.4990 0.9707
-6.3505 -2.9190 -2.4994 0.9707
-6.2425 -3.1455 -2.4998 0.9707
-6.0025 -3.5863 -2.5005 0.9707
-5.8708 -3.8001 -2.5009 0.9707
-5.1017 -4.7908 -2.5027 0.9707
-4.5591 -5.3138 -2.5038 0.9707
-4.1673 -5.6288 -2.5045 0.9707
-3.9631 -5.7756 -2.5049 0.9707
-3.7537 -5.9149 -2.5052 0.9707
-3.5395 -6.0467 -2.5056 0.9707
-3.3206 -6.1707 -2.5059 0.9707
-3.0974 -6.2868 -2.5062 0.9707
-2.8701 -6.3947 -2.5066 0.9707
-2.6390 -6.4945 -2.5069 0.9707
-2.4045 -6.5859 -2.5072 0.9707
-1.9263 -6.7430 -2.5078 0.9706
-1.6832 -6.8086 -2.5081 0.9706
-1.1906 -6.9134 -2.5087 0.9706
-0.9418 -6.9524 -2.5089 0.9706
-0.4406 -7.0035 -2.5095 0.9706
-0.1890 -7.0155 -2.5097 0.9706
0.5665 -6.9969 -2.5103 0.9706
1.0672 -6.9393 -2.5107 0.9706
1.5625 -6.8458 -2.5111 0.9706
2.0499 -6.7168 -2.5113 0.9706
2.2898 -6.6392 -2.5115 0.9706
2.9906 -6.3553 -2.5118 0.9706
3.2169 -6.2441 -2.5118 0.9706
3.4390 -6.1247 -2.5119 0.9706
3.6567 -5.9974 -2.5119 0.9706
3.8697 -5.8624 -2.5120 0.9706
4.2804 -5.5697 -2.5120 0.9706
4.6689 -5.2482 -2.5120 0.9706
4.8542 -5.0771 -2.5119 0.9706
5.0333 -4.8995 -2.5119 0.9706
5.2058 -4.7156 -2.5118 0.9706
5.5303 -4.3297 -2.5117 0.9706
5.9630 -3.7095 -2.5113 0.9706
6.2130 -3.2718 -2.5111 0.9706
6.4309 -2.8172 -2.5107 0.9706
6.6949 -2.1091 -2.5101 0.9706
6.8278 -1.6230 -2.5097 0.9706
6.8810 -1.3767 -2.5095 0.9706
6.9606 -0.8793 -2.5089 0.9706
6.9869 -0.6288 -2.5087 0.9706
7.0042 -0.3776 -2.5084 0.9706
6.8175 1.6206 -2.5059 0.9707
6.6818 2.1049 -2.5052 0.9707
6.5097 2.5774 -2.5037 0.9707
5.5809 3.4719 -2.3504 0.9725
5.4519 3.6694 -2.3501 0.9725
5.1730 4.0499 -2.3494 0.9725
5.0236 4.2324 -2.3491 0.9725
4.8677 4.4093 -2.3487 0.9725
4.7056 4.5805 -2.3484 0.9725
4.5375 4.7458 -2.3480 0.9725
3.8093 5.3433 -2.3467 0.9725
3.6146 5.4758 -2.3463 0.9725
3.4152 5.6013 -2.3460 0.9725
3.0037 5.8303 -2.3454 0.9725
1.8107 4.2363 -1.6475 0.9806
2.3586 6.1170 -2.3445 0.9725
2.1373 6.1970 -2.3442 0.9725
1.9132 6.2690 -2.3439 0.9725
1.6867 6.3328 -2.3436 0.9725
1.4581 6.3886 -2.3434 0.9725
1.2277 6.4361 -2.3431 0.9725
0.9958 6.4753 -2.3428 0.9726
0.7627 6.5062 -2.3426 0.9726
0.5286 6.5287 -2.3424 0.9726
-0.4111 6.5348 -2.3415 0.9726
-0.6454 6.5153 -2.3413 0.9726
-0.8788 6.4874 -2.3411 0.9726
-1.3418 6.4068 -2.3408 0.9726
-2.0224 6.2244 -2.3404 0.9726
-2.6795 5.9701 -2.3401 0.9726
-4.0796 5.1156 -2.3399 0.9726
-4.2606 4.9659 -2.3399 0.9726
-4.4362 4.8098 -2.3399 0.9726
-4.6060 4.6476 -2.3400 0.9726
-4.7700 4.4793 -2.3400 0.9726
-5.1091 4.1500 -2.3538 0.9724
-5.5239 4.1669 -2.4744 0.9710
-5.7002 3.9871 -2.4876 0.9709
-5.9825 3.5744 -2.4922 0.9708
-6.2243 3.1363 -2.4925 0.9708
-6.4342 2.6820 -2.4928 0.9708
-6.6110 2.2139 -2.4932 0.9708
-6.7540 1.7341 -2.4936 0.9708
-6.9354 0.7499 -2.4946 0.9708
-6.9729 0.2505 -2.4952 0.9708
-6.9745 -0.2505 -2.4957 0.9708
-6.9619 -0.5008 -2.4960 0.9708
-6.9403 -0.7505 -2.4964 0.9708
-6.8220 -1.4928 -2.4973 0.9708
-6.7649 -1.7369 -2.4977 0.9708
-6.6247 -2.2184 -2.4983 0.9708
-6.3505 -2.9190 -2.4994 0.9707
-6.2425 -3.1455 -2.4998 0.9707
-6.1265 -3.3681 -2.5001 0.9707
-6.0025 -3.5863 -2.5005 0.9707
-5.8708 -3.8001 -2.5009 0.9707
-5.7314 -4.0089 -2.5012 0.9707
-5.5847 -4.2127 -2.5016 0.9707
-4.7462 -5.1460 -2.5034 0.9707
-4.5591 -5.3138 -2.5038 0.9707
-4.1673 -5.6288 -2.5045 0.9707
-3.7537 -5.9149 -2.5052 0.9707
-3.5395 -6.0467 -2.5056 0.9707
-2.4045 -6.5859 -2.5072 0.9707
-2.1668 -6.6687 -2.5075 0.9707
-1.6832 -6.8086 -2.5081 0.9706
-1.1906 -6.9134 -2.5087 0.9706
-0.9418 -6.9524 -2.5089 0.9706
-0.6917 -6.9825 -2.5092 0.9706
0.0630 -7.0184 -2.5099 0.9706
0.3149 -7.0122 -2.5101 0.9706
1.5625 -6.8458 -2.5111 0.9706
1.8073 -6.7857 -2.5112 0.9706
2.0499 -6.7168 -2.5113 0.9706
2.7604 -6.4584 -2.5117 0.9706
2.9906 -6.3553 -2.5118 0.9706
3.2169 -6.2441 -2.5118 0.9706
3.4391 -6.1247 -2.5119 0.9706
3.6567 -5.9974 -2.5119 0.9706
3.8697 -5.8624 -2.5120 0.9706
4.0777 -5.7197 -2.5120 0.9706
4.8543 -5.0771 -2.5119 0.9706
5.2058 -4.7156 -2.5118 0.9706
5.3715 -4.5256 -2.5118 0.9706
5.5303 -4.3297 -2.5117 0.9706
5.9630 -3.7095 -2.5113 0.9706
6.0919 -3.4929 -2.5112 0.9706
6.4309 -2.8172 -2.5107 0.9706
6.5274 -2.5844 -2.5105 0.9706
6.6154 -2.3482 -2.5103 0.9706
6.6949 -2.1091 -2.5101 0.9706
6.8278 -1.6230 -2.5097 0.9706
6.9253 -1.1287 -2.5092 0.9706
6.9606 -0.8793 -2.5089 0.9706
7.0042 -0.3776 -2.5084 0.9706
7.0125 -0.1259 -2.5081 0.9706
7.0018 0.3775 -2.5075 0.9707
6.9549 0.8786 -2.5069 0.9707
6.8722 1.3750 -2.5062 0.9707
6.6818 2.1049 -2.5052 0.9707
6.6010 2.3431 -2.5049 0.9707
6.4027 2.8049 -2.4997 0.9707
6.2536 3.0116 -2.4821 0.9709
5.7028 3.2698 -2.3508 0.9725
5.5809 3.4719 -2.3504 0.9725
5.4519 3.6694 -2.3501 0.9725
5.3158 3.8622 -2.3497 0.9725
5.0236 4.2324 -2.3491 0.9725
4.7056 4.5806 -2.3484 0.9725
4.5375 4.7458 -2.3480 0.9725
4.1841 5.0577 -2.3473 0.9725
3.9992 5.2039 -2.3470 0.9725
3.8093 5.3433 -2.3467 0.9725
3.6146 5.4758 -2.3463 0.9725
3.4152 5.6013 -2.3460 0.9725
3.0037 5.8303 -2.3454 0.9725
2.3586 6.1170 -2.3445 0.9725
2.1373 6.1970 -2.3442 0.9725
1.9132 6.2690 -2.3439 0.9725
1.6867 6.3328 -2.3436 0.9725
1.2277 6.4361 -2.3431 0.9725
0.7627 6.5062 -2.3426 0.9726
0.0588 6.5486 -2.3419 0.9726
-0.1763 6.5459 -2.3417 0.9726
-0.4111 6.5348 -2.3415 0.9726
-2.2444 6.1475 -2.3403 0.9726
-2.4636 6.0627 -2.3402 0.9726
-2.6795 5.9701 -2.3401 0.9726
-2.8920 5.8699 -2.3401 0.9726
-3.1008 5.7622 -2.3400 0.9726
-3.8933 5.2588 -2.3399 0.9726
-4.4362 4.8098 -2.3399 0.9726
-4.6060 4.6476 -2.3400 0.9726
-4.7700 4.4793 -2.3400 0.9726
-4.9279 4.3053 -2.3401 0.9726
-5.1091 4.1500 -2.3538 0.9724
-5.5239 4.1669 -2.4744 0.9710
-5.8485 3.7856 -2.4913 0.9708
-5.9826 3.5744 -2.4922 0.9708
-6.1074 3.3575 -2.4923 0.9708
-6.2243 3.1363 -2.4925 0.9708
-6.3333 2.9111 -2.4926 0.9708
-6.4342 2.6820 -2.4928 0.9708
-6.6868 1.9753 -2.4934 0.9708
-6.8125 1.4907 -2.4939 0.9708
-6.9354 0.7499 -2.4946 0.9708
-6.9729 0.2505 -2.4952 0.9708
-6.9782 -0.0000 -2.4954 0.9708
-6.9403 -0.7505 -2.4964 0.9708
-6.9097 -0.9992 -2.4967 0.9708
-6.7649 -1.7369 -2.4977 0.9708
-6.6991 -1.9789 -2.4980 0.9708
-6.4503 -2.6888 -2.4990 0.9707
-6.3505 -2.9190 -2.4994 0.9707
-6.1265 -3.3681 -2.5001 0.9707
-5.8708 -3.8001 -2.5009 0.9707
-4.9271 -4.9716 -2.5031 0.9707
-4.5591 -5.3138 -2.5038 0.9707
-4.1673 -5.6288 -2.5045 0.9707
-3.7537 -5.9150 -2.5052 0.9707
-3.5395 -6.0467 -2.5056 0.9707
-3.0974 -6.2868 -2.5062 0.9707
-2.6390 -6.4945 -2.5069 0.9707
-2.4045 -6.5859 -2.5072 0.9707
-2.1668 -6.6687 -2.5075 0.9707
-1.6832 -6.8086 -2.5081 0.9706
-1.4378 -6.8654 -2.5084 0.9706
-0.9418 -6.9524 -2.5089 0.9706
-0.4406 -7.0035 -2.5095 0.9706
-0.1890 -7.0155 -2.5097 0.9706
0.8173 -6.9726 -2.5105 0.9706
2.0499 -6.7168 -2.5113 0.9706
2.5267 -6.5530 -2.5116 0.9706
2.7605 -6.4584 -2.5117 0.9706
3.2169 -6.2441 -2.5118 0.9706
4.2804 -5.5697 -2.5120 0.9706
4.4776 -5.4124 -2.5120 0.9706
4.8543 -5.0771 -2.5119 0.9706
5.0333 -4.8995 -2.5119 0.9706
5.5303 -4.3297 -2.5117 0.9706
5.6820 -4.1282 -2.5116 0.9706
5.8262 -3.9214 -2.5115 0.9706
5.9630 -3.7095 -2.5113 0.9706
6.2130 -3.2718 -2.5111 0.9706
6.3261 -3.0465 -2.5109 0.9706
6.4309 -2.8172 -2.5107 0.9706
6.5274 -2.5844 -2.5105 0.9706
6.6154 -2.3482 -2.5103 0.9706
6.6949 -2.1091 -2.5101 0.9706
6.8278 -1.6230 -2.5097 0.9706
6.9869 -0.6288 -2.5087 0.9706
7.0125 -0.1259 -2.5081 0.9706
6.9828 0.6285 -2.5072 0.9707
6.9549 0.8786 -2.5069 0.9707
6.9180 1.1276 -2.5066 0.9707
6.8722 1.3750 -2.5062 0.9707
6.8175 1.6206 -2.5059 0.9707
6.6818 2.1049 -2.5052 0.9707
6.5097 2.5774 -2.5037 0.9707
6.4027 2.8049 -2.4997 0.9707
6.2536 3.0116 -2.4821 0.9709
5.8393 3.0750 -2.3600 0.9724
5.7028 3.2698 -2.3508 0.9725
5.5809 3.4719 -2.3504 0.9725
5.1730 4.0499 -2.3494 0.9725
5.0236 4.2324 -2.3491 0.9725
4.8677 4.4093 -2.3487 0.9725
4.3636 4.9049 -2.3477 0.9725
3.9992 5.2039 -2.3470 0.9725
3.6146 5.4758 -2.3463 0.9725
3.2115 5.7195 -2.3457 0.9725
2.3586 6.1170 -2.3445 0.9725
2.1372 6.1970 -2.3442 0.9725
1.6867 6.3328 -2.3436 0.9725
0.5286 6.5287 -2.3424 0.9726
-0.8788 6.4874 -2.3411 0.9726
-1.3418 6.4068 -2.3408 0.9726
-1.5708 6.3541 -2.3407 0.9726
-2.0224 6.2244 -2.3404 0.9726
-2.2445 6.1475 -2.3403 0.9726
-2.8920 5.8699 -2.3401 0.9726
-3.1008 5.7622 -2.3400 0.9726
-3.3055 5.6470 -2.3400 0.9726
-3.7021 5.3952 -2.3399 0.9726
-3.8933 5.2588 -2.3399 0.9726
-4.0796 5.1156 -2.3399 0.9726
-4.2606 4.9659 -2.3399 0.9726
-4.6060 4.6476 -2.3400 0.9726
-4.7700 4.4793 -2.3400 0.9726
-4.9279 4.3053 -2.3401 0.9726
-5.1091 4.1500 -2.3538 0.9724
-5.8485 3.7856 -2.4913 0.9708
-5.9826 3.5744 -2.4922 0.9708
-6.1074 3.3575 -2.4923 0.9708
-6.3333 2.9111 -2.4926 0.9708
-6.4342 2.6820 -2.4928 0.9708
-6.5268 2.4495 -2.4930 0.9708
-6.6110 2.2138 -2.4932 0.9708
-6.7540 1.7341 -2.4936 0.9708
-6.8125 1.4907 -2.4939 0.9708
-6.9354 0.7499 -2.4946 0.9708
-6.5094 -0.2338 -2.4961 0.9725
-6.4488 -0.9326 -2.4970 0.9725
-6.4119 -1.1636 -2.4973 0.9725
-6.3668 -1.3932 -2.4976 0.9725
-6.0196 -2.5093 -2.4992 0.9725
-5.8256 -2.9355 -2.4999 0.9724
-5.2114 -3.9312 -2.5016 0.9724
-5.0677 -4.1163 -2.5019 0.9724
-4.7606 -4.4705 -2.5026 0.9724
-4.5977 -4.6391 -2.5030 0.9724
-4.0740 -5.1086 -2.5040 0.9724
-3.8885 -5.2522 -2.5043 0.9724
-3.6979 -5.3891 -2.5047 0.9724
-3.5025 -5.5191 -2.5050 0.9724
-3.0983 -5.7577 -2.5056 0.9724
-2.8900 -5.8659 -2.5059 0.9724
-2.6779 -5.9666 -2.5062 0.9724
-2.2435 -6.1448 -2.5068 0.9724
-2.0217 -6.2221 -2.5071 0.9724
-1.7972 -6.2914 -2.5074 0.9724
-1.5704 -6.3525 -2.5077 0.9724
-0.8787 -6.4865 -2.5085 0.9723
-0.6453 -6.5145 -2.5087 0.9723
0.0588 -6.5479 -2.5094 0.9723
0.2938 -6.5421 -2.5096 0.9723
0.7625 -6.5051 -2.5099 0.9723
1.2274 -6.4345 -2.5103 0.9723
1.4577 -6.3867 -2.5104 0.9723
1.6861 -6.3306 -2.5106 0.9723
1.9124 -6.2663 -2.5107 0.9723
3.0011 -5.8252 -2.5112 0.9723
3.4114 -5.5951 -2.5113 0.9723
3.6101 -5.4691 -2.5113 0.9723
3.8041 -5.3360 -2.5113 0.9723
4.1772 -5.0493 -2.5113 0.9723
4.6956 -4.5708 -2.5112 0.9723
4.8566 -4.3992 -2.5112 0.9723
5.1594 -4.0392 -2.5110 0.9723
5.3008 -3.8513 -2.5109 0.9723
5.4354 -3.6584 -2.5108 0.9723
5.7963 -3.0524 -2.5104 0.9723
6.0897 -2.4111 -2.5099 0.9723
6.1719 -2.1908 -2.5098 0.9723
6.2461 -1.9677 -2.5096 0.9723
6.3122 -1.7421 -2.5094 0.9723
6.4198 -1.2845 -2.5089 0.9723
6.4611 -1.0531 -2.5087 0.9723
6.5427 -0.1175 -2.5077 0.9724
6.5420 0.1175 -2.5074 0.9724
6.5328 0.3522 -2.5071 0.9724
6.5152 0.5864 -2.5068 0.9724
6.4121 1.2829 -2.5059 0.9724
6.3611 1.5121 -2.5056 0.9724
6.3019 1.7392 -2.5053 0.9724
6.2347 1.9641 -2.5050 0.9724
6.1593 2.1863 -2.5047 0.9724
6.0761 2.4057 -2.5043 0.9724
5.8769 2.8302 -2.4997 0.9724
5.7632 3.0349 -2.4961 0.9725
5.4231 3.1095 -2.3956 0.9736
5.2078 3.2398 -2.3504 0.9741
5.0874 3.4241 -2.3501 0.9741
4.9605 3.6041 -2.3497 0.9741
4.8273 3.7793 -2.3494 0.9741
4.6879 3.9496 -2.3491 0.9741
4.5425 4.1147 -2.3488 0.9741
4.3913 4.2746 -2.3484 0.9741
4.0721 4.5774 -2.3478 0.9741
3.9047 4.7200 -2.3475 0.9741
3.5550 4.9866 -2.3469 0.9741
3.1873 5.2275 -2.3463 0.9741
2.9972 5.3378 -2.3460 0.9741
1.7970 4.2044 -1.7522 0.9806
1.7856 5.8509 -2.3443 0.9741
1.5743 5.9106 -2.3440 0.9741
1.3609 5.9627 -2.3438 0.9741
0.9294 6.0437 -2.3433 0.9741
0.4933 6.0936 -2.3428 0.9742
0.2743 6.1069 -2.3426 0.9742
-0.6024 6.0813 -2.3419 0.9742
-1.0370 6.0216 -2.3415 0.9742
-1.2524 5.9801 -2.3414 0.9742
-1.4662 5.9310 -2.3413 0.9742
-1.6781 5.8742 -2.3411 0.9742
-2.2995 5.6590 -2.3408 0.9742
-2.5011 5.5726 -2.3408 0.9742
-2.6994 5.4791 -2.3407 0.9742
-2.8943 5.3785 -2.3406 0.9742
-3.0855 5.2711 -2.3406 0.9742
-3.9770 4.6353 -2.3405 0.9742
-4.2994 4.3381 -2.3406 0.9742
-4.4524 4.1811 -2.3406 0.9742
-5.3287 3.7273 -2.4920 0.9725
-5.5841 3.3364 -2.4928 0.9725
-5.8098 2.9274 -2.4931 0.9725
-6.1706 2.0664 -2.4938 0.9725
-6.2413 1.8437 -2.4940 0.9725
-6.3040 1.6186 -2.4942 0.9725
-6.4050 1.1623 -2.4946 0.9725
-6.5129 -0.0000 -2.4959 0.9725
-6.4488 -0.9326 -2.4970 0.9725
-6.3135 -1.6210 -2.4979 0.9725
-6.2520 -1.8469 -2.4982 0.9725
-6.1825 -2.0704 -2.4986 0.9725
-5.7173 -3.1431 -2.5002 0.9724
-5.6015 -3.3468 -2.5006 0.9724
-5.0677 -4.1163 -2.5019 0.9724
-4.9173 -4.2961 -2.5023 0.9724
-4.5977 -4.6391 -2.5030 0.9724
-4.4288 -4.8018 -2.5033 0.9724
-4.2541 -4.9584 -2.5037 0.9724
-3.3026 -5.6420 -2.5053 0.9724
-2.2435 -6.1448 -2.5068 0.9724
-1.5704 -6.3525 -2.5077 0.9724
-1.3415 -6.4055 -2.5079 0.9724
-0.8787 -6.4865 -2.5085 0.9723
-0.6453 -6.5145 -2.5087 0.9723
-0.4111 -6.5341 -2.5089 0.9723
-0.1763 -6.5452 -2.5092 0.9723
0.0588 -6.5479 -2.5094 0.9723
0.2938 -6.5421 -2.5096 0.9723
0.5285 -6.5278 -2.5098 0.9723
1.2275 -6.4345 -2.5103 0.9723
1.9124 -6.2663 -2.5107 0.9723
2.1362 -6.1939 -2.5108 0.9723
2.5753 -6.0251 -2.5110 0.9723
2.7900 -5.9290 -2.5111 0.9723
3.0011 -5.8252 -2.5112 0.9723
3.2083 -5.7138 -2.5112 0.9723
3.4114 -5.5951 -2.5113 0.9723
3.8041 -5.3360 -2.5113 0.9723
3.9932 -5.1960 -2.5113 0.9723
4.1772 -5.0493 -2.5113 0.9723
4.3557 -4.8961 -2.5113 0.9723
4.8566 -4.3992 -2.5112 0.9723
5.4354 -3.6584 -2.5108 0.9723
5.9018 -2.8422 -2.5103 0.9723
6.0897 -2.4111 -2.5099 0.9723
6.2461 -1.9677 -2.5096 0.9723
6.3122 -1.7420 -2.5094 0.9723
6.5420 0.1175 -2.5074 0.9724
6.5328 0.3522 -2.5071 0.9724
6.5152 0.5864 -2.5068 0.9724
6.1593 2.1863 -2.5047 0.9724
6.0761 2.4057 -2.5043 0.9724
5.8769 2.8302 -2.4997 0.9724
5.7632 3.0349 -2.4961 0.9725
4.9605 3.6041 -2.3497 0.9741
4.2344 4.4288 -2.3481 0.9741
3.9047 4.7200 -2.3475 0.9741
3.7322 4.8564 -2.3472 0.9741
3.5550 4.9866 -2.3469 0.9741
3.3733 5.1103 -2.3466 0.9741
2.8033 5.4413 -2.3457 0.9741
1.7970 4.2044 -1.7522 0.9806
2.2013 5.7090 -2.3448 0.9741
1.9947 5.7837 -2.3445 0.9741
1.7856 5.8509 -2.3443 0.9741
1.5743 5.9106 -2.3440 0.9741
0.9294 6.0437 -2.3433 0.9741
0.2743 6.1069 -2.3426 0.9742
-0.1646 6.1098 -2.3422 0.9742
-0.8203 6.0553 -2.3417 0.9742
-1.0370 6.0216 -2.3415 0.9742
-1.6781 5.8742 -2.3411 0.9742
-2.2995 5.6590 -2.3408 0.9742
-2.6995 5.4791 -2.3407 0.9742
-2.8943 5.3785 -2.3406 0.9742
-3.0855 5.2711 -2.3406 0.9742
-3.4556 5.0360 -2.3405 0.9742
-3.8080 4.7751 -2.3405 0.9742
-3.9770 4.6353 -2.3405 0.9742
-4.1408 4.4896 -2.3406 0.9742
-5.0339 4.0889 -2.4853 0.9726
-5.1844 3.9108 -2.4886 0.9726
-5.9115 2.7172 -2.4932 0.9725
-6.3586 1.3914 -2.4944 0.9725
-6.4050 1.1623 -2.4946 0.9725
-6.4432 0.9317 -2.4948 0.9725
-6.4731 0.6999 -2.4951 0.9725
-6.5129 -0.0000 -2.4959 0.9725
-6.4488 -0.9326 -2.4970 0.9725
-6.4119 -1.1636 -2.4973 0.9725
-6.2520 -1.8469 -2.4982 0.9725
-5.9265 -2.7241 -2.4996 0.9724
-5.8256 -2.9355 -2.4999 0.9724
-5.6015 -3.3468 -2.5006 0.9724
-5.4785 -3.5462 -2.5009 0.9724
-5.3485 -3.7411 -2.5013 0.9724
-4.9173 -4.2961 -2.5023 0.9724
-4.5977 -4.6391 -2.5030 0.9724
-4.4288 -4.8018 -2.5033 0.9724
-4.0740 -5.1086 -2.5040 0.9724
-3.6979 -5.3891 -2.5047 0.9724
-3.0983 -5.7577 -2.5056 0.9724
-2.8900 -5.8659 -2.5059 0.9724
-2.6779 -5.9666 -2.5062 0.9724
-1.7972 -6.2914 -2.5074 0.9724
-1.1108 -6.4502 -2.5082 0.9724
-0.8787 -6.4865 -2.5085 0.9723
-0.6453 -6.5145 -2.5087 0.9723
0.2938 -6.5421 -2.5096 0.9723
0.5285 -6.5278 -2.5098 0.9723
0.7625 -6.5051 -2.5099 0.9723
0.9956 -6.4740 -2.5101 0.9723
1.9124 -6.2663 -2.5107 0.9723
2.1362 -6.1939 -2.5108 0.9723
2.7900 -5.9290 -2.5111 0.9723
3.2083 -5.7138 -2.5112 0.9723
3.4114 -5.5951 -2.5113 0.9723
3.8041 -5.3360 -2.5113 0.9723
3.9932 -5.1960 -2.5113 0.9723
4.3557 -4.8961 -2.5113 0.9723
4.5286 -4.7365 -2.5113 0.9723
4.6956 -4.5708 -2.5112 0.9723
5.1594 -4.0392 -2.5110 0.9723
5.3008 -3.8513 -2.5109 0.9723
5.6834 -3.2587 -2.5106 0.9723
5.9018 -2.8422 -2.5103 0.9723
6.0897 -2.4111 -2.5099 0.9723
6.1719 -2.1908 -2.5098 0.9723
6.2461 -1.9677 -2.5096 0.9723
6.3701 -1.5142 -2.5092 0.9723
6.4198 -1.2845 -2.5089 0.9723
6.4611 -1.0531 -2.5087 0.9723
6.5427 -0.1175 -2.5077 0.9724
6.5420 0.1175 -2.5074 0.9724
6.5152 0.5864 -2.5068 0.9724
6.4548 1.0521 -2.5062 0.9724
6.3019 1.7392 -2.5053 0.9724
6.2347 1.9641 -2.5050 0.9724
6.1593 2.1863 -2.5047 0.9724
6.0761 2.4057 -2.5043 0.9724
5.8769 2.8302 -2.4997 0.9724
5.4231 3.1095 -2.3956 0.9736
5.0874 3.4241 -2.3501 0.9741
4.8273 3.7793 -2.3494 0.9741
4.5425 4.1147 -2.3488 0.9741
4.3912 4.2746 -2.3484 0.9741
4.2344 4.4288 -2.3481 0.9741
4.0721 4.5774 -2.3478 0.9741
3.9047 4.7200 -2.3475 0.9741
3.7322 4.8564 -2.3472 0.9741
3.5550 4.9866 -2.3469 0.9741
3.1873 5.2275 -2.3463 0.9741
2.9972 5.3378 -2.3460 0.9741
1.5743 5.9106 -2.3440 0.9741
1.1459 6.0070 -2.3435 0.9741
0.7118 6.0726 -2.3431 0.9741
-0.1646 6.1098 -2.3422 0.9742
-1.6781 5.8742 -2.3411 0.9742
-1.8878 5.8099 -2.3410 0.9742
-2.0950 5.7381 -2.3409 0.9742
-2.2995 5.6590 -2.3408 0.9742
-2.5011 5.5726 -2.3408 0.9742
-2.6995 5.4791 -2.3407 0.9742
-3.0855 5.2711 -2.3406 0.9742
-3.9770 4.6353 -2.3405 0.9742
-4.4524 4.1811 -2.3406 0.9742
-5.0339 4.0889 -2.4853 0.9726
-5.1844 3.9108 -2.4886 0.9726
-5.4605 3.5345 -2.4927 0.9725
-5.8098 2.9274 -2.4931 0.9725
-6.0056 2.5034 -2.4934 0.9725
-6.1706 2.0664 -2.4938 0.9725
-6.2413 1.8437 -2.4940 0.9725
-6.3040 1.6186 -2.4942 0.9725
-6.4432 0.9317 -2.4948 0.9725
-6.4731 0.6999 -2.4951 0.9725
-6.5129 -0.0000 -2.4959 0.9725
-6.5094 -0.2338 -2.4961 0.9725
-6.4976 -0.4674 -2.4964 0.9725
-6.4488 -0.9326 -2.4970 0.9725
-6.3668 -1.3932 -2.4976 0.9725
-6.2520 -1.8469 -2.4982 0.9725
-6.1825 -2.0704 -2.4986 0.9725
-5.7173 -3.1431 -2.5002 0.9724
-5.6015 -3.3468 -2.5006 0.9724
-5.3485 -3.7411 -2.5013 0.9724
-4.9173 -4.2961 -2.5023 0.9724
-4.7606 -4.4705 -2.5026 0.9724
-4.5977 -4.6391 -2.5030 0.9724
-4.2541 -4.9584 -2.5037 0.9724
-4.0740 -5.1086 -2.5040 0.9724
-3.5025 -5.5191 -2.5050 0.9724
-2.8900 -5.8659 -2.5059 0.9724
-2.6779 -5.9666 -2.5062 0.9724
-2.0217 -6.2221 -2.5071 0.9724
-1.5704 -6.3525 -2.5077 0.9724
-1.3415 -6.4055 -2.5079 0.9724
-0.4111 -6.5341 -2.5089 0.9723
0.0588 -6.5479 -2.5094 0.9723
0.2938 -6.5421 -2.5096 0.9723
0.7625 -6.5051 -2.5099 0.9723
1.4577 -6.3867 -2.5104 0.9723
1.6861 -6.3306 -2.5106 0.9723
1.9124 -6.2663 -2.5107 0.9723
2.3573 -6.1135 -2.5109 0.9723
2.7900 -5.9290 -2.5111 0.9723
3.2083 -5.7138 -2.5112 0.9723
3.4114 -5.5951 -2.5113 0.9723
3.6101 -5.4691 -2.5113 0.9723
3.8042 -5.3360 -2.5113 0.9723
3.9933 -5.1960 -2.5113 0.9723
4.1772 -5.0493 -2.5113 0.9723
4.5286 -4.7365 -2.5113 0.9723
4.8566 -4.3992 -2.5112 0.9723
5.0112 -4.2220 -2.5111 0.9723
5.3008 -3.8513 -2.5109 0.9723
5.6834 -3.2587 -2.5106 0.9723
5.7964 -3.0524 -2.5104 0.9723
5.9018 -2.8422 -2.5103 0.9723
6.2461 -1.9677 -2.5096 0.9723
6.3122 -1.7420 -2.5094 0.9723
6.4198 -1.2845 -2.5089 0.9723
6.4611 -1.0531 -2.5087 0.9723
6.4942 -0.8204 -2.5085 0.9723
6.5328 0.3522 -2.5071 0.9724
6.5152 0.5864 -2.5068 0.9724
6.4548 1.0521 -2.5062 0.9724
6.4121 1.2829 -2.5059 0.9724
6.3611 1.5121 -2.5056 0.9724
6.2347 1.9641 -2.5050 0.9724
6.1593 2.1863 -2.5047 0.9724
5.9835 2.6212 -2.5034 0.9724
5.7632 3.0349 -2.4961 0.9725
4.9605 3.6041 -2.3497 0.9741
4.8273 3.7793 -2.3494 0.9741
4.6879 3.9496 -2.3491 0.9741
4.2344 4.4288 -2.3481 0.9741
4.0721 4.5774 -2.3478 0.9741
3.7322 4.8564 -2.3472 0.9741
3.5550 4.9866 -2.3469 0.9741
3.1873 5.2275 -2.3463 0.9741
2.9972 5.3378 -2.3460 0.9741
2.8033 5.4413 -2.3457 0.9741
1.9697 4.1858 -1.7728 0.9804
2.2013 5.7090 -2.3448 0.9741
1.9947 5.7837 -2.3445 0.9741
1.7856 5.8509 -2.3443 0.9741
1.5743 5.9106 -2.3440 0.9741
0.9294 6.0437 -2.3433 0.9741
0.4933 6.0936 -2.3428 0.9742
0.0549 6.1123 -2.3424 0.9742
-0.8203 6.0553 -2.3417 0.9742
-1.0370 6.0216 -2.3415 0.9742
-1.4662 5.9310 -2.3413 0.9742
-2.2995 5.6590 -2.3408 0.9742
-2.5011 5.5726 -2.3408 0.9742
-2.8943 5.3785 -2.3406 0.9742
-3.2726 5.1568 -2.3406 0.9742
-3.4556 5.0360 -2.3405 0.9742
-3.8080 4.7751 -2.3405 0.9742
-3.9770 4.6353 -2.3405 0.9742
-4.1408 4.4896 -2.3406 0.9742
-4.2994 4.3381 -2.3406 0.9742
-4.4524 4.1811 -2.3406 0.9742
-5.0339 4.0889 -2.4853 0.9726
-5.1844 3.9108 -2.4886 0.9726
-5.3287 3.7272 -2.4920 0.9725
-5.5842 3.3364 -2.4928 0.9725
-5.7006 3.1339 -2.4929 0.9725
-6.0056 2.5034 -2.4934 0.9725
-6.0920 2.2864 -2.4936 0.9725
-6.2413 1.8437 -2.4940 0.9725
-6.3040 1.6186 -2.4942 0.9725
-6.3586 1.3914 -2.4944 0.9725
-6.4050 1.1623 -2.4946 0.9725
-6.4432 0.9317 -2.4948 0.9725
-6.4731 0.6999 -2.4951 0.9725
-6.4947 0.4672 -2.4953 0.9725
-6.5080 0.2337 -2.4956 0.9725
-6.0992 0.0000 -2.4962 0.9740
-6.0847 -0.4377 -2.4968 0.9740
-6.0657 -0.6559 -2.4970 0.9740
-6.0044 -1.0896 -2.4976 0.9740
-5.9121 -1.5180 -2.4982 0.9740
-5.8545 -1.7294 -2.4985 0.9740
-5.7894 -1.9387 -2.4988 0.9740
-5.7167 -2.1455 -2.4991 0.9740
-5.6367 -2.3496 -2.4994 0.9740
-5.5494 -2.5508 -2.4997 0.9739
-5.2451 -3.1338 -2.5006 0.9739
-5.1299 -3.3205 -2.5010 0.9739
-5.0080 -3.5029 -2.5013 0.9739
-4.8797 -3.6809 -2.5016 0.9739
-4.4574 -4.1858 -2.5026 0.9739
-4.3048 -4.3436 -2.5029 0.9739
-3.8144 -4.7831 -2.5038 0.9739
-3.6407 -4.9175 -2.5042 0.9739
-2.9008 -5.3906 -2.5054 0.9739
-2.7057 -5.4919 -2.5057 0.9739
-2.5071 -5.5861 -2.5060 0.9739
-2.3053 -5.6731 -2.5062 0.9739
-1.6826 -5.8900 -2.5070 0.9739
-1.4702 -5.9472 -2.5073 0.9739
-1.2559 -5.9967 -2.5075 0.9739
-1.0399 -6.0385 -2.5078 0.9739
-0.8226 -6.0725 -2.5080 0.9739
-0.6041 -6.0987 -2.5083 0.9739
0.0550 -6.1298 -2.5089 0.9739
0.2750 -6.1243 -2.5091 0.9739
1.5784 -5.9262 -2.5100 0.9738
1.7902 -5.8660 -2.5101 0.9738
2.4107 -5.6402 -2.5104 0.9738
2.6117 -5.5502 -2.5105 0.9738
2.8094 -5.4530 -2.5106 0.9738
4.3956 -4.2788 -2.5106 0.9738
4.5463 -4.1182 -2.5106 0.9738
4.6910 -3.9522 -2.5105 0.9738
4.9622 -3.6052 -2.5103 0.9738
5.0882 -3.4247 -2.5102 0.9738
5.2076 -3.2397 -2.5101 0.9738
5.3203 -3.0505 -2.5100 0.9738
5.6165 -2.4605 -2.5096 0.9738
5.7008 -2.2571 -2.5094 0.9738
5.8472 -1.8420 -2.5091 0.9739
5.9091 -1.6308 -2.5089 0.9739
6.0796 -0.7680 -2.5080 0.9739
6.1027 -0.5493 -2.5078 0.9739
6.1179 -0.3298 -2.5075 0.9739
6.0996 0.5490 -2.5065 0.9739
6.0432 0.9850 -2.5060 0.9739
6.0032 1.2011 -2.5057 0.9739
5.9555 1.4157 -2.5054 0.9739
5.9002 1.6283 -2.5051 0.9739
5.7668 2.0470 -2.5045 0.9739
5.6889 2.2524 -2.5042 0.9739
5.4042 2.8459 -2.4998 0.9739
5.2916 3.0340 -2.4965 0.9740
5.0469 3.1397 -2.4327 0.9746
4.5200 3.5387 -2.3494 0.9755
4.3895 3.6982 -2.3491 0.9755
4.1118 4.0025 -2.3485 0.9755
3.3289 4.6695 -2.3470 0.9755
2.9846 4.8951 -2.3465 0.9755
1.9645 4.1747 -1.8883 0.9803
1.7903 4.1887 -1.8644 0.9805
2.0614 5.3463 -2.3451 0.9755
1.4743 5.5351 -2.3444 0.9755
0.8704 5.6599 -2.3437 0.9756
0.4620 5.7067 -2.3433 0.9756
0.2568 5.7191 -2.3431 0.9756
0.0514 5.7242 -2.3429 0.9756
-0.3594 5.7123 -2.3425 0.9756
-1.1729 5.6006 -2.3419 0.9756
-1.5716 5.5014 -2.3417 0.9756
-1.7680 5.4412 -2.3416 0.9756
-1.9621 5.3740 -2.3415 0.9756
-2.3424 5.2191 -2.3413 0.9756
-2.5282 5.1315 -2.3412 0.9756
-2.7107 5.0373 -2.3412 0.9756
-2.8897 4.9367 -2.3412 0.9756
-3.4036 4.5973 -2.3411 0.9756
-3.5664 4.4721 -2.3411 0.9756
-4.0266 4.0629 -2.3412 0.9756
-4.3257 4.0621 -2.4287 0.9747
-4.5754 3.9974 -2.4866 0.9741
-4.7217 3.8353 -2.4897 0.9741
-4.8624 3.6679 -2.4928 0.9740
-5.1140 3.3102 -2.4933 0.9740
-5.2298 3.1247 -2.4934 0.9740
-5.3389 2.9351 -2.4935 0.9740
-5.5363 2.5447 -2.4938 0.9740
-5.6244 2.3445 -2.4939 0.9740
-5.7789 1.9352 -2.4943 0.9740
-5.9038 1.5158 -2.4946 0.9740
-5.9549 1.3030 -2.4948 0.9740
-5.9983 1.0885 -2.4951 0.9740
-6.0340 0.8726 -2.4953 0.9740
-6.0822 0.4375 -2.4957 0.9740
-6.0946 0.2189 -2.4960 0.9740
-6.0958 -0.2190 -2.4965 0.9740
-6.0847 -0.4377 -2.4968 0.9740
-6.0389 -0.8733 -2.4973 0.9740
-6.0044 -1.0896 -2.4976 0.9740
-5.9121 -1.5180 -2.4982 0.9740
-5.8545 -1.7294 -2.4985 0.9740
-5.5494 -2.5508 -2.4997 0.9739
-5.1299 -3.3205 -2.5010 0.9739
-4.8797 -3.6809 -2.5016 0.9739
-4.7450 -3.8542 -2.5019 0.9739
-4.1466 -4.4959 -2.5032 0.9739
-3.9831 -4.6425 -2.5035 0.9739
-3.6407 -4.9175 -2.5042 0.9739
-3.4622 -5.0457 -2.5045 0.9739
-3.2793 -5.1673 -2.5048 0.9739
-2.5071 -5.5861 -2.5060 0.9739
-1.8927 -5.8252 -2.5068 0.9739
-1.6826 -5.8900 -2.5070 0.9739
-1.4702 -5.9472 -2.5073 0.9739
-0.3848 -6.1170 -2.5085 0.9739
-0.1650 -6.1273 -2.5087 0.9739
0.0550 -6.1298 -2.5089 0.9739
0.2750 -6.1243 -2.5091 0.9739
0.4948 -6.1110 -2.5092 0.9738
0.9320 -6.0605 -2.5096 0.9738
1.5784 -5.9262 -2.5100 0.9738
1.9997 -5.7982 -2.5102 0.9738
2.2067 -5.7229 -2.5103 0.9738
2.4107 -5.6402 -2.5104 0.9738
3.1935 -5.2376 -2.5106 0.9738
3.7381 -4.8640 -2.5107 0.9738
3.9103 -4.7267 -2.5107 0.9738
4.6910 -3.9522 -2.5105 0.9738
4.8297 -3.7812 -2.5104 0.9738
5.2076 -3.2397 -2.5101 0.9738
5.3203 -3.0505 -2.5100 0.9738
5.4261 -2.8574 -2.5099 0.9738
5.5249 -2.6606 -2.5097 0.9738
5.6165 -2.4605 -2.5096 0.9738
5.7008 -2.2571 -2.5094 0.9738
5.9091 -1.6308 -2.5089 0.9739
5.9634 -1.4175 -2.5087 0.9739
6.1027 -0.5493 -2.5078 0.9739
6.1179 -0.3298 -2.5075 0.9739
6.1252 -0.1100 -2.5073 0.9739
6.1246 0.1100 -2.5070 0.9739
6.0996 0.5490 -2.5065 0.9739
6.0032 1.2011 -2.5057 0.9739
5.9002 1.6283 -2.5051 0.9739
5.8372 1.8389 -2.5048 0.9739
5.7668 2.0470 -2.5045 0.9739
5.5104 2.6537 -2.5031 0.9739
5.4042 2.8459 -2.4998 0.9739
5.2916 3.0340 -2.4965 0.9740
4.6447 3.3746 -2.3497 0.9755
4.3895 3.6982 -2.3491 0.9755
4.2534 3.8529 -2.3488 0.9755
4.1118 4.0025 -2.3485 0.9755
3.8131 4.2861 -2.3479 0.9755
3.1588 4.7854 -2.3467 0.9755
2.8066 4.9985 -2.3462 0.9755
2.6251 5.0954 -2.3459 0.9755
1.9645 4.1747 -1.8883 0.9803
2.0614 5.3463 -2.3451 0.9755
1.8680 5.4162 -2.3449 0.9755
1.4743 5.5351 -2.3444 0.9755
1.2745 5.5839 -2.3441 0.9755
1.0731 5.6255 -2.3439 0.9756
0.4620 5.7067 -2.3433 0.9756
-0.5642 5.6953 -2.3424 0.9756
-1.7680 5.4412 -2.3416 0.9756
-1.9621 5.3740 -2.3415 0.9756
-3.0650 4.8297 -2.3411 0.9756
-3.2364 4.7165 -2.3411 0.9756
-3.4036 4.5973 -2.3411 0.9756
-3.5664 4.4721 -2.3411 0.9756
-3.7247 4.3413 -2.3411 0.9756
-3.8781 4.2048 -2.3411 0.9756
-4.0266 4.0629 -2.3412 0.9756
-4.3257 4.0621 -2.4287 0.9747
-4.5754 3.9974 -2.4866 0.9741
-4.8624 3.6679 -2.4928 0.9740
-5.2298 3.1247 -2.4934 0.9740
-5.3389 2.9351 -2.4935 0.9740
-5.5363 2.5447 -2.4938 0.9740
-5.6244 2.3445 -2.4939 0.9740
-5.9038 1.5158 -2.4946 0.9740
-5.9549 1.3030 -2.4948 0.9740
-6.0340 0.8726 -2.4953 0.9740
-6.0620 0.6555 -2.4955 0.9740
-6.0822 0.4375 -2.4957 0.9740
-6.0847 -0.4377 -2.4968 0.9740
-6.0389 -0.8733 -2.4973 0.9740
-6.0044 -1.0897 -2.4976 0.9740
-5.9621 -1.3046 -2.4979 0.9740
-5.8545 -1.7294 -2.4985 0.9740
-5.7894 -1.9387 -2.4988 0.9740
-5.1299 -3.3205 -2.5010 0.9739
-5.0080 -3.5029 -2.5013 0.9739
-4.6042 -4.0226 -2.5023 0.9739
-4.3048 -4.3436 -2.5029 0.9739
-3.9831 -4.6425 -2.5035 0.9739
-3.8144 -4.7831 -2.5038 0.9739
-3.6407 -4.9175 -2.5042 0.9739
-3.4622 -5.0457 -2.5045 0.9739
-3.0920 -5.2823 -2.5051 0.9739
-2.5071 -5.5861 -2.5060 0.9739
-1.8927 -5.8252 -2.5068 0.9739
-1.6826 -5.8900 -2.5070 0.9739
-1.4702 -5.9472 -2.5073 0.9739
-1.0399 -6.0385 -2.5078 0.9739
-0.8226 -6.0725 -2.5080 0.9739
-0.6041 -6.0987 -2.5083 0.9739
0.0550 -6.1298 -2.5089 0.9739
0.4948 -6.1110 -2.5092 0.9738
0.7138 -6.0897 -2.5094 0.9738
0.9320 -6.0605 -2.5096 0.9738
1.5784 -5.9262 -2.5100 0.9738
2.4107 -5.6402 -2.5104 0.9738
3.0033 -5.3488 -2.5106 0.9738
4.3956 -4.2788 -2.5106 0.9738
4.5463 -4.1182 -2.5106 0.9738
5.0882 -3.4247 -2.5102 0.9738
5.3203 -3.0505 -2.5100 0.9738
5.4261 -2.8574 -2.5099 0.9738
5.5249 -2.6606 -2.5097 0.9738
5.6165 -2.4605 -2.5096 0.9738
5.7778 -2.0509 -2.5092 0.9738
5.9091 -1.6308 -2.5089 0.9739
5.9634 -1.4175 -2.5087 0.9739
6.1179 -0.3298 -2.5075 0.9739
6.1252 -0.1100 -2.5073 0.9739
6.0753 0.7675 -2.5062 0.9739
6.0032 1.2011 -2.5057 0.9739
5.9002 1.6284 -2.5051 0.9739
5.7668 2.0470 -2.5045 0.9739
5.6889 2.2524 -2.5042 0.9739
5.6036 2.4548 -2.5038 0.9739
5.2916 3.0340 -2.4965 0.9740
5.0469 3.1397 -2.4327 0.9746
4.6447 3.3746 -2.3497 0.9755
4.3895 3.6982 -2.3491 0.9755
3.8131 4.2861 -2.3479 0.9755
3.6563 4.4197 -2.3476 0.9755
3.1588 4.7854 -2.3467 0.9755
2.8066 4.9985 -2.3462 0.9755
1.9645 4.1747 -1.8883 0.9803
2.0614 5.3463 -2.3451 0.9755
1.8680 5.4162 -2.3449 0.9755
1.6722 5.4792 -2.3446 0.9755
1.4743 5.5351 -2.3444 0.9755
1.2745 5.5839 -2.3441 0.9755
0.8704 5.6599 -2.3437 0.9756
0.6666 5.6870 -2.3435 0.9756
0.4620 5.7067 -2.3433 0.9756
0.2568 5.7191 -2.3431 0.9756
-0.1541 5.7219 -2.3427 0.9756
-0.5642 5.6953 -2.3424 0.9756
-0.9712 5.6394 -2.3421 0.9756
-1.1729 5.6006 -2.3419 0.9756
-1.3732 5.5546 -2.3418 0.9756
-1.5716 5.5014 -2.3417 0.9756
-1.9621 5.3740 -2.3415 0.9756
-2.1536 5.3000 -2.3414 0.9756
-2.3424 5.2191 -2.3413 0.9756
-2.7107 5.0373 -2.3412 0.9756
-2.8897 4.9367 -2.3412 0.9756
-3.0650 4.8297 -2.3411 0.9756
-3.5664 4.4721 -2.3411 0.9756
-3.7247 4.3412 -2.3411 0.9756
-3.8781 4.2048 -2.3411 0.9756
-4.8624 3.6679 -2.4928 0.9740
-4.9917 3.4915 -2.4932 0.9740
-5.4411 2.7417 -2.4936 0.9740
-5.5363 2.5447 -2.4938 0.9740
-5.6244 2.3445 -2.4939 0.9740
-5.7789 1.9352 -2.4943 0.9740
-5.9983 1.0885 -2.4951 0.9740
-6.0620 0.6555 -2.4955 0.9740
-6.0946 0.2189 -2.4960 0.9740
-6.0992 0.0000 -2.4962 0.9740
-6.0847 -0.4377 -2.4968 0.9740
-6.0044 -1.0897 -2.4976 0.9740
-5.9621 -1.3046 -2.4979 0.9740
-5.9121 -1.5180 -2.4982 0.9740
-5.7894 -1.9387 -2.4988 0.9740
-5.6367 -2.3497 -2.4994 0.9740
-5.5494 -2.5508 -2.4997 0.9739
-5.3535 -2.9431 -2.5003 0.9739
-5.1299 -3.3205 -2.5010 0.9739
-4.8796 -3.6809 -2.5016 0.9739
-4.7450 -3.8542 -2.5019 0.9739
-4.6042 -4.0226 -2.5023 0.9739
-4.3048 -4.3436 -2.5029 0.9739
-4.1466 -4.4959 -2.5032 0.9739
-3.9831 -4.6425 -2.5035 0.9739
-3.6407 -4.9175 -2.5042 0.9739
-3.0920 -5.2823 -2.5051 0.9739
-2.9008 -5.3906 -2.5054 0.9739
-2.7057 -5.4919 -2.5057 0.9739
-2.3053 -5.6731 -2.5062 0.9739
-2.1004 -5.7528 -2.5065 0.9739
-1.8927 -5.8252 -2.5068 0.9739
-1.4702 -5.9472 -2.5073 0.9739
-0.6041 -6.0987 -2.5083 0.9739
0.0550 -6.1298 -2.5089 0.9739
0.7138 -6.0897 -2.5094 0.9738
1.1491 -6.0235 -2.5097 0.9738
1.5784 -5.9262 -2.5100 0.9738
1.9997 -5.7982 -2.5102 0.9738
2.2067 -5.7229 -2.5103 0.9738
2.6117 -5.5502 -2.5105 0.9738
3.0033 -5.3488 -2.5106 0.9738
3.3795 -5.1196 -2.5107 0.9738
3.5611 -4.9951 -2.5107 0.9738
3.9103 -4.7267 -2.5107 0.9738
4.0774 -4.5833 -2.5107 0.9738
4.3956 -4.2788 -2.5106 0.9738
4.5463 -4.1182 -2.5106 0.9738
4.6910 -3.9522 -2.5105 0.9738
4.8297 -3.7812 -2.5104 0.9738
5.0882 -3.4247 -2.5102 0.9738
5.2076 -3.2397 -2.5101 0.9738
5.3203 -3.0505 -2.5100 0.9738
5.5249 -2.6606 -2.5097 0.9738
5.6165 -2.4605 -2.5096 0.9738
5.7008 -2.2571 -2.5094 0.9738
5.7778 -2.0509 -2.5092 0.9738
5.9634 -1.4175 -2.5087 0.9739
6.0099 -1.2025 -2.5085 0.9739
6.0487 -0.9859 -2.5083 0.9739
6.0797 -0.7680 -2.5080 0.9739
6.1252 -0.1100 -2.5073 0.9739
6.1246 0.1100 -2.5070 0.9739
6.1160 0.3297 -2.5068 0.9739
6.0753 0.7675 -2.5062 0.9739
6.0432 0.9850 -2.5060 0.9739
5.9555 1.4157 -2.5054 0.9739
5.7668 2.0470 -2.5045 0.9739
5.6889 2.2524 -2.5042 0.9739
5.4042 2.8459 -2.4998 0.9739
5.2916 3.0340 -2.4965 0.9740
4.6447 3.3746 -2.3497 0.9755
4.5200 3.5387 -2.3494 0.9755
4.2534 3.8529 -2.3488 0.9755
3.9650 4.1470 -2.3482 0.9755
3.4948 4.5475 -2.3473 0.9755
3.1588 4.7854 -2.3467 0.9755
2.8066 4.9985 -2.3462 0.9755
2.6251 5.0954 -2.3459 0.9755
1.9645 4.1747 -1.8883 0.9803
1.8680 5.4162 -2.3449 0.9755
1.6722 5.4792 -2.3446 0.9755
1.2745 5.5839 -2.3441 0.9755
1.0731 5.6255 -2.3439 0.9756
-0.9712 5.6394 -2.3421 0.9756
-1.5716 5.5014 -2.3417 0.9756
-1.7680 5.4412 -2.3416 0.9756
-1.9621 5.3740 -2.3415 0.9756
-2.1536 5.3000 -2.3414 0.9756
-2.3424 5.2191 -2.3413 0.9756
-2.7107 5.0373 -2.3412 0.9756
-2.8897 4.9367 -2.3412 0.9756
-3.7247 4.3412 -2.3411 0.9756
-3.8781 4.2048 -2.3411 0.9756
-4.5754 3.9974 -2.4866 0.9741
-5.5363 2.5447 -2.4938 0.9740
-5.6244 2.3445 -2.4939 0.9740
-5.8451 1.7266 -2.4944 0.9740
-5.9983 1.0885 -2.4951 0.9740
-6.0340 0.8726 -2.4953 0.9740
-6.0822 0.4375 -2.4957 0.9740
-5.7285 0.0000 -2.4966 0.9753
-5.7253 -0.2057 -2.4968 0.9753
-5.7148 -0.4111 -2.4971 0.9753
-5.6393 -1.0234 -2.4978 0.9753
-5.5995 -1.2253 -2.4981 0.9753
-5.5525 -1.4257 -2.4984 0.9753
-5.4984 -1.6242 -2.4987 0.9753
-5.3689 -2.0150 -2.4992 0.9753
-5.2937 -2.2067 -2.4995 0.9753
-5.1230 -2.5814 -2.5001 0.9753
-4.9258 -2.9430 -2.5007 0.9753
-4.8175 -3.1183 -2.5010 0.9753
-4.3237 -3.7775 -2.5022 0.9753
-4.1858 -3.9308 -2.5025 0.9753
-4.0425 -4.0790 -2.5028 0.9753
-3.8940 -4.2220 -2.5031 0.9753
-3.7404 -4.3595 -2.5034 0.9752
-3.5819 -4.4915 -2.5037 0.9752
-3.4187 -4.6178 -2.5040 0.9752
-2.7239 -5.0618 -2.5051 0.9752
-2.5407 -5.1569 -2.5054 0.9752
-1.7772 -5.4697 -2.5065 0.9752
-1.5799 -5.5305 -2.5067 0.9752
-1.3805 -5.5842 -2.5070 0.9752
-0.7724 -5.7018 -2.5076 0.9752
-0.3613 -5.7435 -2.5081 0.9752
-0.1550 -5.7532 -2.5083 0.9752
0.2582 -5.7503 -2.5086 0.9752
0.4645 -5.7377 -2.5088 0.9752
1.2812 -5.6135 -2.5094 0.9752
1.8775 -5.4440 -2.5097 0.9752
2.4521 -5.2111 -2.5100 0.9752
2.9983 -4.9175 -2.5101 0.9752
3.3435 -4.6898 -2.5101 0.9752
3.8282 -4.3032 -2.5101 0.9752
4.1270 -4.0173 -2.5101 0.9752
4.4044 -3.7107 -2.5100 0.9752
4.5346 -3.5501 -2.5099 0.9752
4.6590 -3.3850 -2.5098 0.9752
4.7773 -3.2154 -2.5097 0.9752
4.8895 -3.0417 -2.5096 0.9752
5.0946 -2.6829 -2.5094 0.9752
5.1874 -2.4981 -2.5092 0.9752
5.2734 -2.3102 -2.5091 0.9752
5.3526 -2.1192 -2.5089 0.9752
5.5483 -1.5312 -2.5084 0.9752
5.5993 -1.3310 -2.5083 0.9752
5.7445 -0.3097 -2.5072 0.9752
5.7514 -0.1033 -2.5070 0.9752
5.7429 0.3096 -2.5065 0.9752
5.7047 0.7207 -2.5060 0.9752
5.6745 0.9249 -2.5057 0.9752
5.5404 1.5291 -2.5049 0.9752
5.3421 2.1151 -2.5040 0.9752
5.1753 2.4923 -2.5034 0.9752
5.0818 2.6761 -2.5031 0.9753
4.9763 2.8533 -2.5000 0.9753
4.8648 3.0264 -2.4969 0.9753
4.2447 3.3232 -2.3494 0.9768
4.1222 3.4730 -2.3491 0.9768
3.9944 3.6183 -2.3489 0.9768
3.8615 3.7589 -2.3486 0.9768
3.7236 3.8946 -2.3483 0.9768
3.4338 4.1507 -2.3477 0.9768
3.1264 4.3854 -2.3472 0.9768
2.9666 4.4942 -2.3469 0.9768
2.4655 4.7855 -2.3461 0.9768
1.7836 4.1730 -1.9778 0.9804
1.3847 5.1987 -2.3447 0.9768
1.1970 5.2446 -2.3445 0.9768
1.0079 5.2837 -2.3442 0.9768
0.8175 5.3160 -2.3440 0.9768
0.2412 5.3717 -2.3434 0.9768
-0.5299 5.3494 -2.3428 0.9768
-0.7215 5.3266 -2.3426 0.9768
-0.9122 5.2970 -2.3425 0.9768
-1.2898 5.2173 -2.3423 0.9768
-1.8430 5.0478 -2.3420 0.9768
-2.0229 4.9782 -2.3419 0.9768
-2.3747 4.8200 -2.3417 0.9768
-2.7143 4.6370 -2.3417 0.9768
-2.8790 4.5365 -2.3416 0.9768
-3.4986 4.0778 -2.3416 0.9768
-3.7004 4.0121 -2.3787 0.9765
-3.9868 4.0228 -2.4683 0.9756
-4.1615 3.9079 -2.4880 0.9754
-4.3038 3.7602 -2.4907 0.9754
-4.4410 3.6073 -2.4935 0.9753
-4.5678 3.4456 -2.4936 0.9753
-4.6887 3.2796 -2.4937 0.9753
-3.6825 2.0245 -1.8314 0.9818
-3.7555 1.7262 -1.8013 0.9821
-5.2829 2.2021 -2.4944 0.9753
-5.3589 2.0112 -2.4945 0.9753
-5.4280 1.8177 -2.4947 0.9753
-5.4901 1.6218 -2.4949 0.9753
-5.5931 1.2239 -2.4953 0.9753
-5.7126 0.4109 -2.4961 0.9753
-5.7285 -0.0000 -2.4966 0.9753
-5.7148 -0.4111 -2.4971 0.9753
-5.4372 -1.8208 -2.4989 0.9753
-5.3689 -2.0150 -2.4992 0.9753
-5.1230 -2.5814 -2.5001 0.9753
-4.9258 -2.9430 -2.5007 0.9753
-4.7030 -3.2896 -2.5013 0.9753
-4.5825 -3.4567 -2.5016 0.9753
-3.8940 -4.2220 -2.5031 0.9753
-3.7403 -4.3595 -2.5034 0.9752
-3.4187 -4.6177 -2.5040 0.9752
-3.2511 -4.7380 -2.5043 0.9752
-2.9035 -4.9602 -2.5049 0.9752
-2.7239 -5.0618 -2.5051 0.9752
-2.5407 -5.1569 -2.5054 0.9752
-2.1646 -5.3270 -2.5060 0.9752
-1.9722 -5.4019 -2.5062 0.9752
-1.5799 -5.5305 -2.5067 0.9752
-0.9764 -5.6699 -2.5074 0.9752
-0.7724 -5.7018 -2.5076 0.9752
-0.5672 -5.7263 -2.5079 0.9752
0.0517 -5.7555 -2.5084 0.9752
0.6702 -5.7177 -2.5089 0.9752
0.8751 -5.6903 -2.5091 0.9752
1.2813 -5.6135 -2.5094 0.9752
1.6809 -5.5076 -2.5096 0.9752
2.0718 -5.3733 -2.5098 0.9752
2.2634 -5.2956 -2.5099 0.9752
2.4521 -5.2111 -2.5100 0.9752
2.9983 -4.9175 -2.5101 0.9752
3.1729 -4.8068 -2.5101 0.9752
3.3435 -4.6898 -2.5101 0.9752
3.5097 -4.5668 -2.5101 0.9752
3.8282 -4.3032 -2.5101 0.9752
4.1270 -4.0173 -2.5101 0.9752
4.2685 -3.8665 -2.5100 0.9752
4.5346 -3.5501 -2.5099 0.9752
4.6590 -3.3850 -2.5098 0.9752
4.7773 -3.2154 -2.5097 0.9752
4.8895 -3.0417 -2.5096 0.9752
5.0946 -2.6829 -2.5094 0.9752
5.1874 -2.4981 -2.5092 0.9752
5.2734 -2.3102 -2.5091 0.9752
5.4249 -1.9256 -2.5088 0.9752
5.4901 -1.7295 -2.5086 0.9752
5.5483 -1.5312 -2.5084 0.9752
5.6430 -1.1290 -2.5081 0.9752
5.7085 -0.7211 -2.5076 0.9752
5.7508 0.1033 -2.5067 0.9752
5.7429 0.3096 -2.5065 0.9752
5.7275 0.5155 -2.5062 0.9752
5.6371 1.1279 -2.5054 0.9752
5.5923 1.3293 -2.5051 0.9752
5.3421 2.1151 -2.5040 0.9752
5.2621 2.3052 -2.5037 0.9752
5.0818 2.6761 -2.5031 0.9753
4.9763 2.8533 -2.5000 0.9753
4.8648 3.0264 -2.4969 0.9753
4.4197 3.2111 -2.3809 0.9764
4.2447 3.3232 -2.3494 0.9768
4.1222 3.4730 -2.3491 0.9768
3.7236 3.8946 -2.3483 0.9768
3.5810 4.0253 -2.3480 0.9768
2.8031 4.5973 -2.3466 0.9768
2.6359 4.6945 -2.3464 0.9768
1.9592 4.1634 -2.0054 0.9801
1.7836 4.1730 -1.9778 0.9804
1.7544 5.0870 -2.3451 0.9768
1.5705 5.1462 -2.3449 0.9768
1.3847 5.1987 -2.3447 0.9768
1.1970 5.2446 -2.3445 0.9768
1.0079 5.2837 -2.3442 0.9768
0.8175 5.3160 -2.3440 0.9768
0.6261 5.3414 -2.3438 0.9768
0.4339 5.3600 -2.3436 0.9768
-0.5299 5.3494 -2.3428 0.9768
-0.7215 5.3266 -2.3426 0.9768
-1.8430 5.0478 -2.3420 0.9768
-2.3747 4.8200 -2.3417 0.9768
-2.8790 4.5365 -2.3416 0.9768
-3.3499 4.2007 -2.3416 0.9768
-4.1615 3.9079 -2.4880 0.9754
-4.4410 3.6073 -2.4935 0.9753
-4.5678 3.4456 -2.4936 0.9753
-4.6887 3.2796 -2.4937 0.9753
-4.8036 3.1093 -2.4938 0.9753
-4.9123 2.9350 -2.4939 0.9753
-3.6581 1.8433 -1.7852 0.9823
-3.7555 1.7262 -1.8013 0.9821
-5.3589 2.0112 -2.4945 0.9753
-5.4280 1.8177 -2.4947 0.9753
-5.6674 0.8196 -2.4957 0.9753
-5.6937 0.6156 -2.4959 0.9753
-5.7242 0.2056 -2.4963 0.9753
-5.7253 -0.2057 -2.4968 0.9753
-5.7148 -0.4111 -2.4971 0.9753
-5.6970 -0.6160 -2.4973 0.9753
-5.6718 -0.8202 -2.4976 0.9753
-5.5995 -1.2253 -2.4981 0.9753
-5.5525 -1.4257 -2.4984 0.9753
-5.4372 -1.8208 -2.4989 0.9753
-5.3689 -2.0150 -2.4992 0.9753
-5.2937 -2.2067 -2.4995 0.9753
-5.1230 -2.5814 -2.5001 0.9753
-4.9258 -2.9430 -2.5007 0.9753
-4.5825 -3.4567 -2.5016 0.9753
-4.4560 -3.6194 -2.5019 0.9753
-4.3237 -3.7775 -2.5022 0.9753
-4.1858 -3.9308 -2.5025 0.9753
-4.0425 -4.0790 -2.5028 0.9753
-2.7239 -5.0618 -2.5051 0.9752
-2.5407 -5.1569 -2.5054 0.9752
-2.1646 -5.3270 -2.5060 0.9752
-1.7772 -5.4697 -2.5065 0.9752
-1.3805 -5.5842 -2.5070 0.9752
-1.1792 -5.6307 -2.5072 0.9752
-0.7724 -5.7018 -2.5076 0.9752
-0.3613 -5.7435 -2.5081 0.9752
-0.1550 -5.7532 -2.5083 0.9752
0.2583 -5.7503 -2.5086 0.9752
0.4645 -5.7377 -2.5088 0.9752
1.0789 -5.6556 -2.5092 0.9752
1.2813 -5.6135 -2.5094 0.9752
1.6809 -5.5076 -2.5096 0.9752
2.0718 -5.3733 -2.5098 0.9752
2.2634 -5.2956 -2.5099 0.9752
2.4522 -5.2111 -2.5100 0.9752
2.6377 -5.1198 -2.5100 0.9752
2.8198 -5.0219 -2.5101 0.9752
3.6713 -4.4379 -2.5101 0.9752
3.8282 -4.3032 -2.5101 0.9752
3.9802 -4.1630 -2.5101 0.9752
4.1270 -4.0173 -2.5101 0.9752
4.4044 -3.7107 -2.5100 0.9752
4.5346 -3.5501 -2.5099 0.9752
4.7773 -3.2154 -2.5097 0.9752
4.9953 -2.8641 -2.5095 0.9752
5.1874 -2.4981 -2.5092 0.9752
5.3526 -2.1192 -2.5089 0.9752
5.4901 -1.7295 -2.5086 0.9752
5.6430 -1.1290 -2.5081 0.9752
5.7514 -0.1033 -2.5070 0.9752
5.7429 0.3096 -2.5065 0.9752
5.7275 0.5155 -2.5062 0.9752
5.7047 0.7207 -2.5060 0.9752
5.5923 1.3293 -2.5051 0.9752
5.4813 1.7268 -2.5046 0.9752
5.2621 2.3052 -2.5037 0.9752
4.9763 2.8533 -2.5000 0.9753
4.8648 3.0264 -2.4969 0.9753
4.7044 3.1663 -2.4714 0.9756
4.4197 3.2111 -2.3809 0.9764
4.2447 3.3232 -2.3494 0.9768
4.1222 3.4730 -2.3491 0.9768
3.8615 3.7589 -2.3486 0.9768
3.1264 4.3854 -2.3472 0.9768
2.8031 4.5973 -2.3466 0.9768
2.4655 4.7855 -2.3461 0.9768
1.7836 4.1730 -1.9778 0.9804
1.5705 5.1462 -2.3449 0.9768
1.3847 5.1987 -2.3447 0.9768
1.1970 5.2446 -2.3445 0.9768
0.6261 5.3414 -2.3438 0.9768
0.4339 5.3600 -2.3436 0.9768
0.0483 5.3765 -2.3433 0.9768
-0.1448 5.3744 -2.3431 0.9768
-0.7215 5.3266 -2.3426 0.9768
-1.2898 5.2173 -2.3423 0.9768
-1.6606 5.1109 -2.3420 0.9768
-2.2002 4.9023 -2.3418 0.9768
-2.3747 4.8200 -2.3417 0.9768
-2.7143 4.6370 -2.3417 0.9768
-2.8790 4.5365 -2.3416 0.9768
-3.0399 4.4302 -2.3416 0.9768
-3.1970 4.3182 -2.3416 0.9768
-3.7004 4.0121 -2.3787 0.9765
-3.9869 4.0228 -2.4683 0.9756
-4.1615 3.9079 -2.4880 0.9754
-4.3039 3.7602 -2.4907 0.9754
-4.8036 3.1093 -2.4938 0.9753
-4.9123 2.9349 -2.4939 0.9753
-3.6825 2.0245 -1.8314 0.9818
-5.4280 1.8177 -2.4947 0.9753
-5.4901 1.6218 -2.4949 0.9753
-5.5452 1.4237 -2.4951 0.9753
-5.5931 1.2239 -2.4953 0.9753
-5.7126 0.4109 -2.4961 0.9753
-5.7253 -0.2057 -2.4968 0.9753
-5.7148 -0.4111 -2.4971 0.9753
-5.6718 -0.8202 -2.4976 0.9753
-5.6393 -1.0234 -2.4978 0.9753
-5.5995 -1.2253 -2.4981 0.9753
-5.4984 -1.6242 -2.4987 0.9753
-5.4372 -1.8208 -2.4989 0.9753
-5.2937 -2.2067 -2.4995 0.9753
-5.0276 -2.7640 -2.5004 0.9753
-4.9258 -2.9430 -2.5007 0.9753
-4.8175 -3.1183 -2.5010 0.9753
-4.7030 -3.2896 -2.5013 0.9753
-4.5825 -3.4568 -2.5016 0.9753
-4.3237 -3.7775 -2.5022 0.9753
-4.1858 -3.9308 -2.5025 0.9753
-3.7403 -4.3595 -2.5034 0.9752
-3.5819 -4.4915 -2.5037 0.9752
-3.2511 -4.7381 -2.5043 0.9752
-2.9035 -4.9602 -2.5049 0.9752
-2.5407 -5.1569 -2.5054 0.9752
-2.1646 -5.3270 -2.5060 0.9752
-1.7772 -5.4697 -2.5065 0.9752
-1.5799 -5.5305 -2.5067 0.9752
-0.9764 -5.6699 -2.5074 0.9752
-0.1550 -5.7532 -2.5083 0.9752
0.4645 -5.7377 -2.5088 0.9752
0.6702 -5.7177 -2.5089 0.9752
1.0789 -5.6556 -2.5092 0.9752
1.8776 -5.4440 -2.5097 0.9752
2.6377 -5.1198 -2.5100 0.9752
3.1729 -4.8068 -2.5101 0.9752
3.3435 -4.6898 -2.5101 0.9752
3.5097 -4.5668 -2.5101 0.9752
4.1270 -4.0173 -2.5101 0.9752
4.4044 -3.7107 -2.5100 0.9752
4.6590 -3.3850 -2.5098 0.9752
4.8895 -3.0417 -2.5096 0.9752
5.0946 -2.6828 -2.5094 0.9752
5.3526 -2.1192 -2.5089 0.9752
5.5483 -1.5312 -2.5084 0.9752
5.6430 -1.1290 -2.5081 0.9752
5.7085 -0.7211 -2.5076 0.9752
5.7445 -0.3097 -2.5072 0.9752
5.7508 0.1033 -2.5067 0.9752
5.7275 0.5155 -2.5062 0.9752
5.7047 0.7207 -2.5060 0.9752
5.6745 0.9249 -2.5057 0.9752
5.5404 1.5291 -2.5049 0.9752
5.4813 1.7268 -2.5046 0.9752
5.4152 1.9222 -2.5043 0.9752
5.3421 2.1151 -2.5040 0.9752
5.2621 2.3052 -2.5037 0.9752
5.0818 2.6761 -2.5031 0.9753
4.8648 3.0264 -2.4969 0.9753
4.7044 3.1663 -2.4714 0.9756
4.1222 3.4730 -2.3491 0.9768
3.9944 3.6183 -2.3489 0.9768
3.4338 4.1507 -2.3477 0.9768
3.2822 4.2708 -2.3475 0.9768
2.9666 4.4943 -2.3469 0.9768
2.8031 4.5973 -2.3466 0.9768
2.6359 4.6945 -2.3464 0.9768
1.9361 5.0212 -2.3454 0.9768
1.3846 5.1987 -2.3447 0.9768
1.1970 5.2446 -2.3445 0.9768
0.4339 5.3600 -2.3436 0.9768
0.2412 5.3717 -2.3434 0.9768
-0.1448 5.3744 -2.3431 0.9768
-0.3376 5.3654 -2.3429 0.9768
-0.5299 5.3494 -2.3428 0.9768
-0.7215 5.3266 -2.3426 0.9768
-0.9122 5.2970 -2.3425 0.9768
-1.1017 5.2605 -2.3424 0.9768
-1.4762 5.1674 -2.3421 0.9768
-1.8430 5.0478 -2.3420 0.9768
-2.0229 4.9782 -2.3419 0.9768
-2.2002 4.9023 -2.3418 0.9768
-2.3747 4.8200 -2.3417 0.9768
-2.5462 4.7315 -2.3417 0.9768
-2.7143 4.6370 -2.3417 0.9768
-3.0400 4.4302 -2.3416 0.9768
-3.4986 4.0778 -2.3416 0.9768
-3.7004 4.0121 -2.3787 0.9765
-3.9869 4.0228 -2.4683 0.9756
-4.1615 3.9079 -2.4880 0.9754
-4.3039 3.7602 -2.4907 0.9754
-4.4410 3.6073 -2.4935 0.9753
-4.8036 3.1093 -2.4938 0.9753
-3.6825 2.0245 -1.8314 0.9818
-3.6581 1.8433 -1.7852 0.9823
-5.3589 2.0112 -2.4945 0.9753
-5.4901 1.6218 -2.4949 0.9753
-5.6339 1.0224 -2.4955 0.9753
-5.6674 0.8196 -2.4957 0.9753
-5.6937 0.6156 -2.4959 0.9753
-5.3644 -0.5801 -2.4976 0.9765
-5.3100 -0.9636 -2.4981 0.9765
-5.2725 -1.1537 -2.4983 0.9765
-5.2282 -1.3424 -2.4986 0.9765
-5.1772 -1.5294 -2.4988 0.9765
-5.1195 -1.7144 -2.4991 0.9765
-5.0553 -1.8973 -2.4994 0.9765
-4.9844 -2.0777 -2.4996 0.9765
-4.9072 -2.2556 -2.4999 0.9765
-4.8236 -2.4305 -2.5002 0.9765
-4.6378 -2.7710 -2.5008 0.9765
-4.3145 -3.2546 -2.5016 0.9765
-4.0708 -3.5566 -2.5022 0.9765
-3.9410 -3.7008 -2.5025 0.9765
-3.8060 -3.8404 -2.5028 0.9764
-3.6661 -3.9749 -2.5030 0.9764
-3.2186 -4.3475 -2.5039 0.9764
-3.0608 -4.4607 -2.5041 0.9764
-2.8991 -4.5682 -2.5044 0.9764
-2.7335 -4.6698 -2.5047 0.9764
-2.0378 -5.0150 -2.5057 0.9764
-1.1101 -5.3008 -2.5069 0.9764
-0.5340 -5.3907 -2.5075 0.9764
-0.3402 -5.4068 -2.5077 0.9764
0.0486 -5.4181 -2.5080 0.9764
0.2431 -5.4132 -2.5082 0.9764
0.4373 -5.4013 -2.5084 0.9764
0.8238 -5.3567 -2.5087 0.9764
1.2061 -5.2843 -2.5089 0.9764
1.5823 -5.1846 -2.5091 0.9764
1.7674 -5.1247 -2.5092 0.9764
1.9503 -5.0581 -2.5093 0.9764
2.3083 -4.9054 -2.5095 0.9764
2.4830 -4.8195 -2.5095 0.9764
2.6544 -4.7273 -2.5096 0.9764
2.8224 -4.6291 -2.5096 0.9764
3.1473 -4.4147 -2.5096 0.9764
3.3038 -4.2989 -2.5097 0.9764
3.6037 -4.0508 -2.5096 0.9764
3.8849 -3.7817 -2.5096 0.9764
4.3857 -3.1864 -2.5093 0.9764
4.4971 -3.0268 -2.5092 0.9764
4.6027 -2.8633 -2.5091 0.9764
4.8832 -2.3516 -2.5088 0.9764
4.9642 -2.1747 -2.5087 0.9764
5.1068 -1.8127 -2.5084 0.9764
5.2230 -1.4415 -2.5080 0.9764
5.2710 -1.2530 -2.5079 0.9764
5.3122 -1.0629 -2.5077 0.9764
5.3705 0.6785 -2.5057 0.9764
5.2649 1.2515 -2.5049 0.9764
4.9542 2.1703 -2.5036 0.9764
4.8725 2.3465 -2.5033 0.9764
4.6905 2.6894 -2.5028 0.9764
4.5864 2.8532 -2.5003 0.9765
4.3603 3.1679 -2.4948 0.9765
4.1276 3.2315 -2.4265 0.9772
3.5060 3.6670 -2.3484 0.9779
3.3717 3.7900 -2.3481 0.9779
3.2331 3.9082 -2.3478 0.9779
3.0904 4.0213 -2.3476 0.9779
2.9437 4.1292 -2.3473 0.9779
2.6393 4.3288 -2.3468 0.9779
2.4820 4.4203 -2.3466 0.9779
2.3215 4.5061 -2.3463 0.9779
1.9538 4.1521 -2.1241 0.9800
1.4789 4.8458 -2.3452 0.9779
1.3038 4.8953 -2.3450 0.9779
1.1272 4.9385 -2.3447 0.9779
0.9491 4.9754 -2.3445 0.9779
0.7698 5.0058 -2.3443 0.9779
0.2272 5.0584 -2.3438 0.9779
-0.3179 5.0524 -2.3433 0.9779
-0.6795 5.0160 -2.3430 0.9779
-1.0375 4.9538 -2.3428 0.9779
-1.2146 4.9131 -2.3427 0.9779
-1.5638 4.8129 -2.3425 0.9779
-2.0720 4.6165 -2.3423 0.9779
-2.3977 4.4557 -2.3422 0.9779
-2.7112 4.2721 -2.3421 0.9779
-3.0106 4.0665 -2.3421 0.9779
-3.1628 3.9660 -2.3481 0.9779
-3.6424 3.9492 -2.4868 0.9766
-3.7855 3.8197 -2.4893 0.9766
-4.0574 3.5448 -2.4939 0.9765
-4.3015 3.2448 -2.4941 0.9765
-4.5235 2.9280 -2.4942 0.9765
-3.5360 1.9439 -1.8678 0.9824
-3.6688 1.6863 -1.8690 0.9824
-3.9111 1.4679 -1.9337 0.9818
-5.1699 1.5272 -2.4953 0.9765
-5.2217 1.3407 -2.4955 0.9765
-5.2669 1.1525 -2.4956 0.9765
-5.3052 0.9628 -2.4958 0.9765
-5.3615 0.5797 -2.4962 0.9765
-5.3793 0.3869 -2.4964 0.9765
-5.3911 -0.1937 -2.4971 0.9765
-5.3812 -0.3871 -2.4973 0.9765
-5.3644 -0.5801 -2.4976 0.9765
-5.3100 -0.9636 -2.4981 0.9765
-5.2725 -1.1537 -2.4983 0.9765
-5.2282 -1.3424 -2.4986 0.9765
-5.1195 -1.7144 -2.4991 0.9765
-4.9844 -2.0777 -2.4996 0.9765
-4.9072 -2.2556 -2.4999 0.9765
-4.8236 -2.4305 -2.5002 0.9765
-4.7338 -2.6024 -2.5005 0.9765
-4.6378 -2.7710 -2.5008 0.9765
-4.5359 -2.9360 -2.5010 0.9765
-4.4281 -3.0973 -2.5013 0.9765
-4.3145 -3.2546 -2.5016 0.9765
-4.1954 -3.4078 -2.5019 0.9765
-4.0708 -3.5566 -2.5022 0.9765
-3.9410 -3.7008 -2.5025 0.9765
-3.3723 -4.2287 -2.5036 0.9764
-3.2186 -4.3475 -2.5039 0.9764
-3.0608 -4.4607 -2.5041 0.9764
-2.7335 -4.6698 -2.5047 0.9764
-2.5644 -4.7654 -2.5049 0.9764
-2.3919 -4.8549 -2.5052 0.9764
-2.0378 -5.0150 -2.5057 0.9764
-1.6731 -5.1493 -2.5062 0.9764
-1.4873 -5.2065 -2.5064 0.9764
-1.2996 -5.2570 -2.5066 0.9764
-1.1101 -5.3008 -2.5069 0.9764
-0.5340 -5.3907 -2.5075 0.9764
-0.3402 -5.4068 -2.5077 0.9764
-0.1459 -5.4159 -2.5079 0.9764
0.4373 -5.4013 -2.5084 0.9764
1.0156 -5.3239 -2.5088 0.9764
1.3951 -5.2378 -2.5090 0.9764
1.5823 -5.1846 -2.5091 0.9764
2.1307 -4.9850 -2.5094 0.9764
2.4830 -4.8195 -2.5095 0.9764
2.6544 -4.7273 -2.5096 0.9764
3.3038 -4.2989 -2.5097 0.9764
4.0181 -3.6397 -2.5095 0.9764
4.1460 -3.4931 -2.5095 0.9764
4.3857 -3.1864 -2.5093 0.9764
4.7023 -2.6962 -2.5090 0.9764
4.7959 -2.5255 -2.5089 0.9764
4.9642 -2.1747 -2.5087 0.9764
5.0388 -1.9950 -2.5085 0.9764
5.1068 -1.8127 -2.5084 0.9764
5.1683 -1.6281 -2.5082 0.9764
5.2230 -1.4415 -2.5080 0.9764
5.3122 -1.0629 -2.5077 0.9764
5.3944 -0.4855 -2.5071 0.9764
5.4144 -0.0972 -2.5066 0.9764
5.4139 0.0972 -2.5064 0.9764
5.4064 0.2915 -2.5062 0.9764
5.3422 0.8707 -2.5055 0.9764
5.3070 1.0618 -2.5052 0.9764
5.2160 1.4395 -2.5047 0.9764
5.0982 1.8097 -2.5041 0.9764
5.0294 1.9913 -2.5039 0.9764
4.9541 2.1703 -2.5036 0.9764
4.8725 2.3465 -2.5033 0.9764
4.7846 2.5196 -2.5030 0.9764
4.6905 2.6894 -2.5028 0.9764
4.5864 2.8532 -2.5003 0.9765
4.4760 3.0126 -2.4975 0.9765
3.7609 3.4067 -2.3489 0.9779
3.0904 4.0213 -2.3476 0.9779
2.7933 4.2317 -2.3471 0.9779
2.4820 4.4203 -2.3466 0.9779
2.3215 4.5061 -2.3463 0.9779
1.7769 4.1572 -2.0927 0.9803
1.6520 4.7900 -2.3454 0.9779
1.4789 4.8458 -2.3452 0.9779
1.1272 4.9385 -2.3447 0.9779
0.9491 4.9754 -2.3445 0.9779
0.5896 5.0298 -2.3442 0.9779
0.4086 5.0473 -2.3440 0.9779
0.0454 5.0629 -2.3436 0.9779
-0.3179 5.0524 -2.3433 0.9779
-0.6795 5.0160 -2.3430 0.9779
-1.2146 4.9131 -2.3427 0.9779
-1.3901 4.8662 -2.3426 0.9779
-1.5638 4.8129 -2.3425 0.9779
-1.7355 4.7535 -2.3424 0.9779
-1.9050 4.6880 -2.3423 0.9779
-2.2363 4.5390 -2.3422 0.9779
-2.7112 4.2721 -2.3421 0.9779
-3.0106 4.0665 -2.3421 0.9779
-3.6424 3.9492 -2.4868 0.9766
-3.7855 3.8197 -2.4893 0.9766
-4.0574 3.5448 -2.4939 0.9765
-4.1821 3.3970 -2.4940 0.9765
-4.3015 3.2448 -2.4941 0.9765
-3.5222 2.4637 -1.9896 0.9812
-4.5235 2.9280 -2.4942 0.9765
-3.5275 2.1076 -1.9020 0.9821
-3.7984 1.5834 -1.9049 0.9820
-3.9111 1.4679 -1.9337 0.9818
-5.2217 1.3407 -2.4955 0.9765
-5.3052 0.9627 -2.4958 0.9765
-5.3368 0.7717 -2.4960 0.9765
-5.3793 0.3869 -2.4964 0.9765
-5.3941 -0.0000 -2.4969 0.9765
-5.3644 -0.5801 -2.4976 0.9765
-5.1772 -1.5294 -2.4988 0.9765
-5.0553 -1.8973 -2.4994 0.9765
-4.9072 -2.2556 -2.4999 0.9765
-4.6378 -2.7710 -2.5008 0.9765
-4.5359 -2.9360 -2.5010 0.9765
-4.4281 -3.0973 -2.5013 0.9765
-4.1954 -3.4078 -2.5019 0.9765
-4.0708 -3.5566 -2.5022 0.9765
-3.6661 -3.9750 -2.5030 0.9764
-2.8991 -4.5682 -2.5044 0.9764
-2.5644 -4.7654 -2.5049 0.9764
-2.3919 -4.8549 -2.5052 0.9764
-2.2163 -4.9381 -2.5055 0.9764
-1.6731 -5.1493 -2.5062 0.9764
-1.4873 -5.2065 -2.5064 0.9764
-1.1101 -5.3008 -2.5069 0.9764
-0.7271 -5.3676 -2.5073 0.9764
-0.5340 -5.3907 -2.5075 0.9764
-0.3402 -5.4068 -2.5077 0.9764
-0.1459 -5.4159 -2.5079 0.9764
0.4373 -5.4013 -2.5084 0.9764
0.8238 -5.3567 -2.5087 0.9764
1.0156 -5.3239 -2.5088 0.9764
1.2061 -5.2843 -2.5089 0.9764
1.5823 -5.1846 -2.5091 0.9764
2.1307 -4.9850 -2.5094 0.9764
2.6544 -4.7273 -2.5096 0.9764
3.1473 -4.4147 -2.5096 0.9764
3.4560 -4.1775 -2.5096 0.9764
3.8849 -3.7817 -2.5096 0.9764
4.0181 -3.6397 -2.5095 0.9764
4.1460 -3.4931 -2.5095 0.9764
4.2687 -3.3419 -2.5094 0.9764
4.3857 -3.1864 -2.5093 0.9764
4.7023 -2.6962 -2.5090 0.9764
4.7959 -2.5255 -2.5089 0.9764
4.9642 -2.1747 -2.5087 0.9764
5.1683 -1.6281 -2.5082 0.9764
5.2710 -1.2530 -2.5079 0.9764
5.3122 -1.0629 -2.5077 0.9764
5.3465 -0.8714 -2.5075 0.9764
5.4079 -0.2915 -2.5069 0.9764
5.4144 -0.0972 -2.5066 0.9764
5.4139 0.0972 -2.5064 0.9764
5.4064 0.2915 -2.5062 0.9764
5.3706 0.6785 -2.5057 0.9764
5.3422 0.8707 -2.5055 0.9764
5.2649 1.2515 -2.5049 0.9764
5.2160 1.4395 -2.5047 0.9764
5.1604 1.6257 -2.5044 0.9764
4.9541 2.1703 -2.5036 0.9764
4.6905 2.6894 -2.5028 0.9764
4.5864 2.8532 -2.5003 0.9765
4.4760 3.0126 -2.4975 0.9765
4.3603 3.1679 -2.4948 0.9765
4.1276 3.2315 -2.4265 0.9772
3.8853 3.2734 -2.3517 0.9779
3.6357 3.5392 -2.3486 0.9779
3.5060 3.6670 -2.3484 0.9779
3.2331 3.9082 -2.3478 0.9779
3.0904 4.0213 -2.3476 0.9779
2.9437 4.1292 -2.3473 0.9779
2.7933 4.2317 -2.3471 0.9779
2.6393 4.3288 -2.3468 0.9779
2.4820 4.4203 -2.3466 0.9779
1.9538 4.1521 -2.1241 0.9800
1.8231 4.7281 -2.3456 0.9779
1.6520 4.7900 -2.3454 0.9779
1.4789 4.8458 -2.3452 0.9779
1.3038 4.8953 -2.3450 0.9779
1.1272 4.9385 -2.3447 0.9779
0.9491 4.9754 -2.3445 0.9779
0.7698 5.0058 -2.3443 0.9779
0.5896 5.0298 -2.3442 0.9779
0.4086 5.0473 -2.3440 0.9779
0.0454 5.0629 -2.3436 0.9779
-0.1363 5.0609 -2.3435 0.9779
-0.3179 5.0524 -2.3433 0.9779
-0.4990 5.0375 -2.3432 0.9779
-0.8590 4.9881 -2.3429 0.9779
-2.2363 4.5390 -2.3422 0.9779
-2.7112 4.2721 -2.3421 0.9779
-3.6424 3.9492 -2.4868 0.9766
-4.0574 3.5448 -2.4939 0.9765
-4.5235 2.9280 -2.4942 0.9765
-3.5275 2.1076 -1.9020 0.9821
-3.5817 1.8048 -1.8565 0.9825
-3.6688 1.6863 -1.8690 0.9824
-5.1114 1.7117 -2.4951 0.9765
-5.1699 1.5272 -2.4953 0.9765
-5.3368 0.7717 -2.4960 0.9765
-5.3615 0.5797 -2.4962 0.9765
-5.3406 -0.7723 -2.4978 0.9765
-5.3100 -0.9636 -2.4981 0.9765
-5.1772 -1.5294 -2.4988 0.9765
-5.0553 -1.8973 -2.4994 0.9765
-4.9844 -2.0778 -2.4996 0.9765
-4.7338 -2.6024 -2.5005 0.9765
-4.4281 -3.0973 -2.5013 0.9765
-4.1954 -3.4078 -2.5019 0.9765
-4.0708 -3.5566 -2.5022 0.9765
-3.9410 -3.7008 -2.5025 0.9765
-3.8060 -3.8404 -2.5028 0.9764
-3.3723 -4.2287 -2.5036 0.9764
-3.2186 -4.3475 -2.5039 0.9764
-3.0608 -4.4607 -2.5041 0.9764
-2.8991 -4.5682 -2.5044 0.9764
-2.7335 -4.6698 -2.5047 0.9764
-2.5644 -4.7654 -2.5049 0.9764
-2.2163 -4.9381 -2.5055 0.9764
-1.8567 -5.0854 -2.5059 0.9764
-1.6731 -5.1493 -2.5062 0.9764
-1.2996 -5.2570 -2.5066 0.9764
-1.1101 -5.3008 -2.5069 0.9764
-0.7271 -5.3676 -2.5073 0.9764
-0.1459 -5.4159 -2.5079 0.9764
0.8238 -5.3567 -2.5087 0.9764
1.2061 -5.2843 -2.5089 0.9764
1.3951 -5.2378 -2.5090 0.9764
1.5823 -5.1846 -2.5091 0.9764
1.7674 -5.1247 -2.5092 0.9764
1.9503 -5.0581 -2.5093 0.9764
2.1307 -4.9850 -2.5094 0.9764
2.3083 -4.9054 -2.5095 0.9764
2.6544 -4.7273 -2.5096 0.9764
2.8224 -4.6291 -2.5096 0.9764
3.1473 -4.4147 -2.5096 0.9764
3.4560 -4.1775 -2.5096 0.9764
3.8849 -3.7817 -2.5096 0.9764
4.1460 -3.4931 -2.5095 0.9764
4.2687 -3.3419 -2.5094 0.9764
4.3857 -3.1864 -2.5093 0.9764
4.4971 -3.0268 -2.5092 0.9764
4.7023 -2.6962 -2.5090 0.9764
4.7959 -2.5255 -2.5089 0.9764
4.8832 -2.3516 -2.5088 0.9764
5.1068 -1.8127 -2.5084 0.9764
5.1683 -1.6281 -2.5082 0.9764
5.3122 -1.0629 -2.5077 0.9764
5.3739 -0.6789 -2.5073 0.9764
5.3944 -0.4855 -2.5071 0.9764
5.4079 -0.2915 -2.5069 0.9764
5.4139 0.0972 -2.5064 0.9764
5.3920 0.4853 -2.5060 0.9764
5.3422 0.8707 -2.5055 0.9764
5.0294 1.9913 -2.5039 0.9764
4.9541 2.1703 -2.5036 0.9764
4.8725 2.3465 -2.5033 0.9764
4.7846 2.5196 -2.5030 0.9764
4.6905 2.6894 -2.5028 0.9764
4.5864 2.8532 -2.5003 0.9765
4.3603 3.1679 -2.4948 0.9765
4.1276 3.2315 -2.4265 0.9772
3.0904 4.0213 -2.3476 0.9779
2.7933 4.2317 -2.3471 0.9779
2.4820 4.4203 -2.3466 0.9779
1.8231 4.7281 -2.3456 0.9779
1.6520 4.7900 -2.3454 0.9779
1.3038 4.8953 -2.3450 0.9779
0.7698 5.0058 -2.3443 0.9779
0.2272 5.0584 -2.3438 0.9779
0.0454 5.0629 -2.3436 0.9779
-0.1363 5.0609 -2.3435 0.9779
-0.4990 5.0375 -2.3432 0.9779
-0.8590 4.9881 -2.3429 0.9779
-2.5561 4.3667 -2.3421 0.9779
-2.8627 4.1720 -2.3421 0.9779
-3.4105 3.9751 -2.4244 0.9772
-3.7855 3.8197 -2.4893 0.9766
-4.1821 3.3970 -2.4940 0.9765
-4.5235 2.9280 -2.4942 0.9765
-3.5275 2.1076 -1.9020 0.9821
-3.5817 1.8048 -1.8565 0.9825
-3.6688 1.6863 -1.8690 0.9824
-3.7984 1.5834 -1.9049 0.9820
-5.1699 1.5272 -2.4953 0.9765
-5.2217 1.3407 -2.4955 0.9765
-5.2669 1.1525 -2.4956 0.9765
-5.3793 0.3869 -2.4964 0.9765
-5.0908 -0.0000 -2.4971 0.9776
-5.0879 -0.1828 -2.4973 0.9776
-5.0785 -0.3653 -2.4976 0.9776
-5.0626 -0.5474 -2.4978 0.9776
-5.0112 -0.9094 -2.4983 0.9776
-4.9758 -1.0888 -2.4985 0.9776
-4.9340 -1.2668 -2.4987 0.9776
-4.8858 -1.4433 -2.4990 0.9776
-4.8314 -1.6179 -2.4992 0.9776
-4.7707 -1.7905 -2.4995 0.9776
-4.7038 -1.9608 -2.4998 0.9776
-4.5520 -2.2937 -2.5003 0.9775
-4.3766 -2.6149 -2.5008 0.9775
-4.2804 -2.7706 -2.5011 0.9775
-4.1786 -2.9228 -2.5014 0.9775
-4.0714 -3.0712 -2.5016 0.9775
-3.9590 -3.2158 -2.5019 0.9775
-3.8414 -3.3562 -2.5022 0.9775
-3.7189 -3.4923 -2.5024 0.9775
-3.4595 -3.7509 -2.5030 0.9775
-3.3229 -3.8730 -2.5032 0.9775
-3.1821 -3.9902 -2.5035 0.9775
-3.0371 -4.1023 -2.5037 0.9775
-2.8882 -4.2091 -2.5040 0.9775
-2.5793 -4.4064 -2.5045 0.9775
-2.4197 -4.4966 -2.5048 0.9775
-2.0913 -4.6595 -2.5052 0.9775
-1.9228 -4.7320 -2.5055 0.9775
-0.6860 -5.0646 -2.5070 0.9775
-0.3210 -5.1015 -2.5073 0.9775
-0.1376 -5.1101 -2.5075 0.9775
0.5953 -5.0784 -2.5081 0.9775
0.7772 -5.0540 -2.5083 0.9775
0.9582 -5.0231 -2.5084 0.9775
1.1380 -4.9857 -2.5085 0.9775
1.3163 -4.9419 -2.5086 0.9775
1.4929 -4.8917 -2.5087 0.9775
1.8401 -4.7723 -2.5089 0.9775
2.3426 -4.5471 -2.5091 0.9775
2.6629 -4.3675 -2.5092 0.9775
2.9695 -4.1652 -2.5092 0.9775
3.1171 -4.0560 -2.5092 0.9775
3.2606 -3.9414 -2.5092 0.9775
3.4000 -3.8218 -2.5092 0.9775
3.5350 -3.6973 -2.5092 0.9775
3.7910 -3.4340 -2.5091 0.9775
3.9118 -3.2957 -2.5090 0.9775
4.1379 -3.0064 -2.5089 0.9775
4.2430 -2.8558 -2.5088 0.9775
4.4366 -2.5438 -2.5086 0.9775
4.5249 -2.3828 -2.5085 0.9775
4.6837 -2.0518 -2.5083 0.9775
4.9280 -1.3601 -2.5077 0.9775
5.0122 -1.0028 -2.5073 0.9775
5.0446 -0.8222 -2.5072 0.9775
5.0898 -0.4581 -2.5068 0.9775
5.1026 -0.2751 -2.5066 0.9775
5.1083 0.0917 -2.5062 0.9775
5.0675 0.6402 -2.5055 0.9775
5.0076 1.0019 -2.5050 0.9775
4.7458 1.8790 -2.5037 0.9775
4.5978 2.2142 -2.5032 0.9775
4.3317 2.6948 -2.5024 0.9775
4.2292 2.8465 -2.5007 0.9775
4.1201 2.9934 -2.4981 0.9776
3.8569 3.2494 -2.4738 0.9778
3.6272 3.2856 -2.4006 0.9784
3.3085 3.4604 -2.3484 0.9789
3.0511 3.6881 -2.3479 0.9789
2.9164 3.7949 -2.3477 0.9789
2.7780 3.8967 -2.3474 0.9789
2.4908 4.0851 -2.3470 0.9789
1.7205 4.4621 -2.3458 0.9789
1.3957 4.5732 -2.3454 0.9789
1.2305 4.6200 -2.3452 0.9789
0.7265 4.7243 -2.3446 0.9789
0.3857 4.7636 -2.3443 0.9789
0.2144 4.7740 -2.3441 0.9789
0.0429 4.7783 -2.3440 0.9789
-0.1286 4.7765 -2.3438 0.9789
-0.3000 4.7685 -2.3437 0.9789
-0.4710 4.7543 -2.3435 0.9789
-1.4760 4.5425 -2.3429 0.9789
-1.6380 4.4865 -2.3428 0.9789
-1.7979 4.4246 -2.3427 0.9789
-2.2630 4.2054 -2.3426 0.9789
-2.4125 4.1214 -2.3425 0.9789
-2.5589 4.0321 -2.3425 0.9789
-2.7019 3.9376 -2.3425 0.9789
-3.1419 3.9398 -2.4718 0.9778
-3.5775 3.6097 -2.4929 0.9776
-3.8294 3.3457 -2.4944 0.9776
-4.1673 2.9148 -2.4946 0.9776
-3.4174 2.0418 -1.9527 0.9824
-3.4670 1.5936 -1.8717 0.9831
-3.5025 1.4600 -1.8613 0.9832
-3.7111 1.3928 -1.9443 0.9825
-4.9708 1.0877 -2.4960 0.9776
-5.0367 0.7284 -2.4963 0.9776
-5.0785 -0.3653 -2.4976 0.9776
-5.0626 -0.5474 -2.4978 0.9776
-5.0112 -0.9094 -2.4983 0.9776
-4.8858 -1.4433 -2.4990 0.9776
-4.8314 -1.6179 -2.4992 0.9776
-4.7707 -1.7905 -2.4995 0.9776
-4.6309 -2.1286 -2.5000 0.9775
-4.5520 -2.2937 -2.5003 0.9775
-4.4672 -2.4559 -2.5006 0.9775
-4.3766 -2.6149 -2.5008 0.9775
-4.2804 -2.7706 -2.5011 0.9775
-3.8414 -3.3562 -2.5022 0.9775
-3.4595 -3.7509 -2.5030 0.9775
-3.3229 -3.8730 -2.5032 0.9775
-3.1821 -3.9902 -2.5035 0.9775
-3.0371 -4.1023 -2.5037 0.9775
-2.8882 -4.2091 -2.5040 0.9775
-2.4197 -4.4966 -2.5048 0.9775
-1.9228 -4.7320 -2.5055 0.9775
-1.5787 -4.8587 -2.5059 0.9775
-1.2262 -4.9603 -2.5064 0.9775
-0.6860 -5.0646 -2.5070 0.9775
0.0459 -5.1121 -2.5077 0.9775
0.4126 -5.0962 -2.5080 0.9775
0.7773 -5.0540 -2.5083 0.9775
1.4929 -4.8917 -2.5087 0.9775
1.8401 -4.7723 -2.5089 0.9775
2.1779 -4.6282 -2.5090 0.9775
2.3426 -4.5471 -2.5091 0.9775
2.6629 -4.3675 -2.5092 0.9775
2.8180 -4.2691 -2.5092 0.9775
3.1171 -4.0560 -2.5092 0.9775
3.5350 -3.6973 -2.5092 0.9775
3.6654 -3.5680 -2.5091 0.9775
3.7910 -3.4340 -2.5091 0.9775
4.0274 -3.1531 -2.5090 0.9775
4.1379 -3.0064 -2.5089 0.9775
4.3426 -2.7015 -2.5087 0.9775
4.4366 -2.5438 -2.5086 0.9775
4.6837 -2.0518 -2.5083 0.9775
4.7541 -1.8823 -2.5081 0.9775
4.8184 -1.7103 -2.5080 0.9775
4.9733 -1.1822 -2.5075 0.9775
5.0122 -1.0028 -2.5073 0.9775
5.1026 -0.2751 -2.5066 0.9775
5.1088 -0.0917 -2.5064 0.9775
5.0675 0.6402 -2.5055 0.9775
5.0076 1.0019 -2.5050 0.9775
4.9218 1.3583 -2.5045 0.9775
4.8694 1.5340 -2.5043 0.9775
4.5978 2.2142 -2.5032 0.9775
4.5149 2.3776 -2.5030 0.9775
4.1201 2.9934 -2.4981 0.9776
3.8569 3.2494 -2.4738 0.9778
3.6272 3.2856 -2.4006 0.9784
3.4310 3.3398 -2.3487 0.9789
3.3085 3.4604 -2.3484 0.9789
2.1908 4.2525 -2.3465 0.9789
1.9484 4.1405 -2.2446 0.9798
1.7709 4.1433 -2.2102 0.9801
1.7205 4.4621 -2.3458 0.9789
1.5591 4.5206 -2.3456 0.9789
1.0638 4.6608 -2.3450 0.9789
0.8957 4.6956 -2.3448 0.9789
0.7265 4.7243 -2.3446 0.9789
0.2144 4.7740 -2.3441 0.9789
0.0429 4.7783 -2.3440 0.9789
-0.3000 4.7685 -2.3437 0.9789
-0.6413 4.7341 -2.3434 0.9789
-0.9792 4.6754 -2.3432 0.9789
-1.4760 4.5425 -2.3429 0.9789
-2.2630 4.2054 -2.3426 0.9789
-2.5589 4.0321 -2.3425 0.9789
-2.7019 3.9376 -2.3425 0.9789
-3.3032 3.8500 -2.4884 0.9777
-3.2363 2.6288 -2.0452 0.9816
-3.3358 2.5163 -2.0496 0.9816
-3.3895 2.1939 -1.9805 0.9822
-3.4174 2.0418 -1.9527 0.9824
-3.5396 1.7835 -1.9442 0.9825
-3.4670 1.5936 -1.8717 0.9831
-4.9282 1.2653 -2.4958 0.9776
-4.9708 1.0877 -2.4960 0.9776
-5.0070 0.9086 -2.4961 0.9776
-5.0768 0.3652 -2.4967 0.9776
-5.0908 -0.0000 -2.4971 0.9776
-5.0785 -0.3653 -2.4976 0.9776
-5.0626 -0.5474 -2.4978 0.9776
-5.0401 -0.7289 -2.4980 0.9776
-4.9758 -1.0888 -2.4985 0.9776
-4.9340 -1.2668 -2.4987 0.9776
-4.8858 -1.4433 -2.4990 0.9776
-4.7038 -1.9608 -2.4998 0.9776
-4.6309 -2.1286 -2.5000 0.9775
-4.5520 -2.2937 -2.5003 0.9775
-4.3766 -2.6149 -2.5008 0.9775
-3.9590 -3.2158 -2.5019 0.9775
-3.8414 -3.3562 -2.5022 0.9775
-3.5915 -3.6239 -2.5027 0.9775
-3.3229 -3.8730 -2.5032 0.9775
-3.1821 -3.9902 -2.5035 0.9775
-3.0371 -4.1023 -2.5037 0.9775
-2.0913 -4.6595 -2.5052 0.9775
-1.9228 -4.7320 -2.5055 0.9775
-1.7519 -4.7984 -2.5057 0.9775
-0.5038 -5.0863 -2.5072 0.9775
-0.3210 -5.1015 -2.5073 0.9775
0.4126 -5.0962 -2.5080 0.9775
0.5953 -5.0784 -2.5081 0.9775
0.9582 -5.0231 -2.5084 0.9775
1.1380 -4.9857 -2.5085 0.9775
1.6676 -4.8351 -2.5088 0.9775
2.6629 -4.3675 -2.5092 0.9775
3.7910 -3.4340 -2.5091 0.9775
3.9118 -3.2957 -2.5090 0.9775
4.0274 -3.1530 -2.5090 0.9775
4.1379 -3.0064 -2.5089 0.9775
4.3426 -2.7015 -2.5087 0.9775
4.5249 -2.3828 -2.5085 0.9775
4.7541 -1.8823 -2.5081 0.9775
4.8184 -1.7103 -2.5080 0.9775
4.8763 -1.5362 -2.5078 0.9775
4.9733 -1.1822 -2.5075 0.9775
5.0122 -1.0028 -2.5073 0.9775
5.0898 -0.4581 -2.5068 0.9775
5.1088 -0.0917 -2.5064 0.9775
5.0877 0.4579 -2.5057 0.9775
4.9218 1.3583 -2.5045 0.9775
4.8694 1.5340 -2.5043 0.9775
4.8107 1.7076 -2.5040 0.9775
4.5149 2.3776 -2.5030 0.9775
4.4262 2.5378 -2.5027 0.9775
4.2292 2.8465 -2.5007 0.9775
4.1201 2.9934 -2.4981 0.9776
3.8569 3.2494 -2.4738 0.9778
3.3085 3.4604 -2.3484 0.9789
3.0511 3.6881 -2.3479 0.9789
2.6361 3.9935 -2.3472 0.9789
2.4908 4.0851 -2.3470 0.9789
1.9484 4.1405 -2.2446 0.9798
1.7709 4.1433 -2.2102 0.9801
1.5591 4.5206 -2.3456 0.9789
1.3957 4.5732 -2.3454 0.9789
1.2305 4.6200 -2.3452 0.9789
0.7265 4.7243 -2.3446 0.9789
0.2144 4.7740 -2.3441 0.9789
-0.4710 4.7543 -2.3435 0.9789
-0.6413 4.7341 -2.3434 0.9789
-0.8108 4.7078 -2.3433 0.9789
-1.3120 4.5927 -2.3430 0.9789
-1.7979 4.4246 -2.3427 0.9789
-1.9556 4.3571 -2.3427 0.9789
-2.1107 4.2840 -2.3426 0.9789
-2.9099 3.9304 -2.3988 0.9784
-3.1419 3.9398 -2.4719 0.9778
-3.3032 3.8500 -2.4884 0.9777
-3.5775 3.6097 -2.4929 0.9776
-3.8295 3.3457 -2.4944 0.9776
-3.2363 2.6288 -2.0452 0.9816
-3.4698 1.9075 -1.9423 0.9825
-3.5396 1.7835 -1.9442 0.9825
-3.5025 1.4600 -1.8613 0.9832
-3.7881 1.2685 -1.9596 0.9824
-5.0070 0.9086 -2.4961 0.9776
-5.0367 0.7284 -2.4963 0.9776
-5.0600 0.5471 -2.4965 0.9776
-5.0908 -0.0000 -2.4971 0.9776
-5.0879 -0.1828 -2.4973 0.9776
-5.0626 -0.5474 -2.4978 0.9776
-5.0401 -0.7289 -2.4980 0.9776
-5.0112 -0.9094 -2.4983 0.9776
-4.9758 -1.0888 -2.4985 0.9776
-4.8858 -1.4433 -2.4990 0.9776
-4.7707 -1.7905 -2.4995 0.9776
-4.5520 -2.2937 -2.5003 0.9775
-4.4672 -2.4559 -2.5006 0.9775
-4.3766 -2.6149 -2.5008 0.9775
-4.1786 -2.9228 -2.5014 0.9775
-3.4595 -3.7509 -2.5030 0.9775
-3.3229 -3.8730 -2.5032 0.9775
-3.1821 -3.9902 -2.5035 0.9775
-3.0371 -4.1023 -2.5037 0.9775
-2.4197 -4.4966 -2.5048 0.9775
-2.2570 -4.5810 -2.5050 0.9775
-2.0913 -4.6595 -2.5052 0.9775
-1.9228 -4.7320 -2.5055 0.9775
-1.4034 -4.9126 -2.5062 0.9775
-1.2262 -4.9603 -2.5064 0.9775
-1.0475 -5.0015 -2.5066 0.9775
-0.6860 -5.0646 -2.5070 0.9775
-0.5038 -5.0863 -2.5072 0.9775
-0.1376 -5.1101 -2.5075 0.9775
0.0459 -5.1121 -2.5077 0.9775
0.5953 -5.0784 -2.5081 0.9775
0.7773 -5.0540 -2.5083 0.9775
1.1380 -4.9857 -2.5085 0.9775
1.6676 -4.8351 -2.5088 0.9775
2.0103 -4.7033 -2.5090 0.9775
2.3426 -4.5471 -2.5091 0.9775
2.5044 -4.4602 -2.5091 0.9775
2.6629 -4.3675 -2.5092 0.9775
3.1171 -4.0559 -2.5092 0.9775
3.2607 -3.9414 -2.5092 0.9775
3.4000 -3.8218 -2.5092 0.9775
3.5350 -3.6973 -2.5092 0.9775
3.6654 -3.5680 -2.5091 0.9775
3.7910 -3.4340 -2.5091 0.9775
4.2430 -2.8558 -2.5088 0.9775
4.6073 -2.2188 -2.5084 0.9775
4.6837 -2.0518 -2.5083 0.9775
4.7541 -1.8823 -2.5081 0.9775
4.9280 -1.3600 -2.5077 0.9775
4.9733 -1.1822 -2.5075 0.9775
5.0122 -1.0028 -2.5073 0.9775
5.0446 -0.8222 -2.5072 0.9775
5.0898 -0.4581 -2.5068 0.9775
5.1088 -0.0917 -2.5064 0.9775
5.1013 0.2750 -2.5059 0.9775
5.0408 0.8216 -2.5052 0.9775
4.9679 1.1809 -2.5048 0.9775
4.8694 1.5340 -2.5043 0.9775
4.8107 1.7076 -2.5040 0.9775
4.7458 1.8790 -2.5037 0.9775
4.5149 2.3776 -2.5030 0.9775
4.4262 2.5378 -2.5027 0.9775
4.3317 2.6948 -2.5024 0.9775
4.2292 2.8465 -2.5007 0.9775
4.1201 2.9934 -2.4981 0.9776
4.0060 3.1363 -2.4956 0.9776
3.8568 3.2494 -2.4738 0.9778
3.6271 3.2856 -2.4006 0.9784
3.4310 3.3398 -2.3487 0.9789
3.3085 3.4604 -2.3484 0.9789
2.9164 3.7949 -2.3477 0.9789
2.6361 3.9935 -2.3472 0.9789
2.3423 4.1715 -2.3467 0.9789
1.7205 4.4621 -2.3458 0.9789
1.5591 4.5206 -2.3456 0.9789
1.2305 4.6200 -2.3452 0.9789
1.0638 4.6608 -2.3450 0.9789
0.7265 4.7243 -2.3446 0.9789
0.3857 4.7636 -2.3443 0.9789
0.2144 4.7740 -2.3441 0.9789
0.0429 4.7783 -2.3440 0.9789
-0.1287 4.7765 -2.3438 0.9789
-0.3000 4.7685 -2.3437 0.9789
-0.4710 4.7543 -2.3435 0.9789
-0.6413 4.7341 -2.3434 0.9789
-0.8108 4.7078 -2.3433 0.9789
-0.9792 4.6754 -2.3432 0.9789
-1.3120 4.5927 -2.3430 0.9789
-1.4760 4.5425 -2.3429 0.9789
-1.6380 4.4865 -2.3428 0.9789
-1.7979 4.4246 -2.3427 0.9789
-1.9556 4.3571 -2.3427 0.9789
-2.1107 4.2840 -2.3426 0.9789
-2.2630 4.2054 -2.3426 0.9789
-2.4125 4.1214 -2.3425 0.9789
-3.3032 3.8500 -2.4884 0.9777
-3.4424 3.7323 -2.4906 0.9776
-3.7068 3.4809 -2.4943 0.9776
-3.8295 3.3457 -2.4944 0.9776
-3.2363 2.6288 -2.0452 0.9816
-3.3358 2.5163 -2.0496 0.9816
-4.1673 2.9148 -2.4946 0.9776
-3.3895 2.1939 -1.9805 0.9822
-3.4174 2.0418 -1.9527 0.9824
-3.4670 1.5936 -1.8717 0.9831
-3.7111 1.3928 -1.9443 0.9825
-3.7881 1.2685 -1.9596 0.9824
-4.8793 1.4413 -2.4956 0.9776
-4.9708 1.0877 -2.4960 0.9776
-5.0070 0.9086 -2.4961 0.9776
-5.0367 0.7284 -2.4963 0.9776
-4.8023 -0.3454 -2.4978 0.9785
-4.7873 -0.5177 -2.4980 0.9785
-4.6200 -1.3648 -2.4991 0.9785
-4.5685 -1.5299 -2.4994 0.9785
-4.5110 -1.6930 -2.4996 0.9785
-4.2240 -2.3221 -2.5006 0.9785
-4.1383 -2.4725 -2.5009 0.9785
-4.0473 -2.6197 -2.5011 0.9785
-3.7433 -3.0406 -2.5019 0.9785
-3.6322 -3.1733 -2.5021 0.9785
-3.5163 -3.3020 -2.5024 0.9785
-3.0087 -3.7728 -2.5034 0.9785
-2.8716 -3.8787 -2.5036 0.9785
-2.5864 -4.0755 -2.5041 0.9785
-2.4387 -4.1661 -2.5044 0.9785
-2.2878 -4.2514 -2.5046 0.9785
-1.9772 -4.4054 -2.5050 0.9785
-1.8180 -4.4739 -2.5053 0.9785
-1.6563 -4.5367 -2.5055 0.9785
-1.4926 -4.5936 -2.5057 0.9785
-1.3268 -4.6446 -2.5059 0.9785
-0.6486 -4.7882 -2.5067 0.9785
-0.4763 -4.8087 -2.5069 0.9785
-0.3034 -4.8230 -2.5070 0.9785
0.2169 -4.8286 -2.5075 0.9785
0.3901 -4.8180 -2.5076 0.9785
0.7348 -4.7781 -2.5079 0.9785
1.0758 -4.7135 -2.5081 0.9784
1.2444 -4.6720 -2.5082 0.9784
1.5765 -4.5710 -2.5084 0.9784
2.0589 -4.3754 -2.5086 0.9784
2.2147 -4.2988 -2.5087 0.9784
2.3676 -4.2166 -2.5087 0.9784
2.6641 -4.0359 -2.5088 0.9784
3.2143 -3.6131 -2.5088 0.9784
3.4652 -3.3731 -2.5087 0.9784
3.5840 -3.2465 -2.5087 0.9784
3.8075 -2.9808 -2.5086 0.9784
3.9119 -2.8422 -2.5085 0.9784
4.0113 -2.6998 -2.5084 0.9784
4.1055 -2.5540 -2.5083 0.9784
4.1944 -2.4049 -2.5082 0.9784
4.2778 -2.2527 -2.5081 0.9784
4.3557 -2.0976 -2.5080 0.9785
4.7386 -0.9481 -2.5070 0.9785
4.7938 -0.6056 -2.5067 0.9785
4.8121 -0.4331 -2.5065 0.9785
4.8242 -0.2601 -2.5063 0.9785
4.8296 0.0867 -2.5059 0.9785
4.7911 0.6053 -2.5053 0.9785
4.7345 0.9473 -2.5048 0.9785
4.6970 1.1165 -2.5046 0.9785
4.6534 1.2843 -2.5044 0.9785
4.5484 1.6145 -2.5039 0.9785
4.4871 1.7766 -2.5036 0.9785
4.4200 1.9363 -2.5034 0.9785
4.2689 2.2480 -2.5029 0.9785
3.7926 2.9692 -2.4988 0.9785
3.6802 3.1006 -2.4965 0.9785
3.5634 3.2279 -2.4943 0.9786
3.3893 3.2992 -2.4538 0.9789
2.8850 3.4874 -2.3480 0.9798
2.7577 3.5883 -2.3478 0.9798
2.6268 3.6846 -2.3475 0.9798
2.4926 3.7762 -2.3473 0.9798
2.3553 3.8629 -2.3471 0.9798
2.2149 3.9446 -2.3469 0.9798
1.9258 4.0925 -2.3464 0.9798
1.6269 4.2194 -2.3460 0.9798
1.4743 4.2747 -2.3458 0.9798
1.3198 4.3245 -2.3456 0.9798
0.8470 4.4403 -2.3451 0.9798
0.3647 4.5047 -2.3446 0.9798
0.0406 4.5186 -2.3443 0.9798
-0.2837 4.5094 -2.3440 0.9798
-0.4454 4.4960 -2.3439 0.9798
-0.9260 4.4214 -2.3435 0.9798
-1.0841 4.3852 -2.3434 0.9799
-1.2407 4.3432 -2.3433 0.9799
-1.5490 4.2427 -2.3432 0.9799
-1.7003 4.1843 -2.3431 0.9799
-1.8493 4.1205 -2.3430 0.9799
-1.9960 4.0513 -2.3430 0.9799
-2.4678 3.8886 -2.3893 0.9795
-2.8536 3.8544 -2.4879 0.9786
-2.9924 3.7524 -2.4899 0.9786
-3.1278 3.6455 -2.4919 0.9786
-3.2594 3.5339 -2.4940 0.9786
-3.3850 3.4155 -2.4947 0.9786
-3.5055 3.2919 -2.4947 0.9786
-3.0432 2.6588 -2.0964 0.9820
-3.1321 2.5441 -2.0934 0.9820
-3.1862 2.0623 -1.9690 0.9830
-3.3210 1.8258 -1.9661 0.9831
-3.3652 1.5468 -1.9214 0.9834
-3.5478 1.3315 -1.9659 0.9831
-3.7018 1.2396 -2.0252 0.9826
-4.7348 0.8592 -2.4964 0.9785
-4.8008 0.3453 -2.4970 0.9785
-4.8105 0.1728 -2.4972 0.9785
-4.8112 -0.1728 -2.4976 0.9785
-4.8023 -0.3454 -2.4978 0.9785
-4.7660 -0.6892 -2.4982 0.9785
-4.6656 -1.1979 -2.4989 0.9785
-4.5110 -1.6930 -2.4996 0.9785
-4.3788 -2.0127 -2.5001 0.9785
-4.2240 -2.3221 -2.5006 0.9785
-3.9510 -2.7636 -2.5014 0.9785
-3.8497 -2.9040 -2.5016 0.9785
-3.7433 -3.0406 -2.5019 0.9785
-3.6322 -3.1733 -2.5021 0.9785
-3.5163 -3.3020 -2.5024 0.9785
-3.0087 -3.7728 -2.5034 0.9785
-2.8716 -3.8787 -2.5036 0.9785
-2.7308 -3.9797 -2.5039 0.9785
-2.5864 -4.0755 -2.5041 0.9785
-2.4387 -4.1662 -2.5044 0.9785
-2.2878 -4.2514 -2.5046 0.9785
-1.6563 -4.5367 -2.5055 0.9785
-1.4925 -4.5936 -2.5057 0.9785
-1.1593 -4.6896 -2.5061 0.9785
-0.9903 -4.7286 -2.5063 0.9785
-0.6486 -4.7882 -2.5067 0.9785
-0.1301 -4.8311 -2.5072 0.9785
0.0434 -4.8330 -2.5074 0.9785
0.3901 -4.8180 -2.5076 0.9785
0.5628 -4.8011 -2.5078 0.9785
0.7348 -4.7781 -2.5079 0.9785
1.2444 -4.6720 -2.5082 0.9784
1.4113 -4.6245 -2.5083 0.9784
1.7396 -4.5116 -2.5085 0.9784
2.2147 -4.2988 -2.5087 0.9784
2.3676 -4.2166 -2.5087 0.9784
2.6641 -4.0359 -2.5088 0.9784
2.8073 -3.9377 -2.5088 0.9784
3.0826 -3.7262 -2.5088 0.9784
3.2143 -3.6131 -2.5088 0.9784
3.4652 -3.3731 -2.5087 0.9784
3.8075 -2.9808 -2.5086 0.9784
3.9119 -2.8422 -2.5085 0.9784
4.1055 -2.5540 -2.5083 0.9784
4.4946 -1.7795 -2.5078 0.9785
4.6101 -1.4523 -2.5075 0.9785
4.7019 -1.1177 -2.5072 0.9785
4.7938 -0.6056 -2.5067 0.9785
4.8121 -0.4331 -2.5065 0.9785
4.8242 -0.2601 -2.5063 0.9785
4.8296 0.0867 -2.5059 0.9785
4.7659 0.7768 -2.5051 0.9785
4.7345 0.9473 -2.5048 0.9785
4.6534 1.2843 -2.5044 0.9785
4.6039 1.4503 -2.5041 0.9785
4.5484 1.6145 -2.5039 0.9785
4.4871 1.7766 -2.5036 0.9785
4.3472 2.0935 -2.5031 0.9785
4.2688 2.2480 -2.5029 0.9785
4.1850 2.3995 -2.5026 0.9785
4.0957 2.5480 -2.5024 0.9785
4.0012 2.6931 -2.5021 0.9785
3.9004 2.8338 -2.5011 0.9785
3.7926 2.9692 -2.4988 0.9785
3.6802 3.1006 -2.4965 0.9785
3.3893 3.2992 -2.4538 0.9789
2.6268 3.6846 -2.3475 0.9798
2.2149 3.9446 -2.3469 0.9798
2.0717 4.0211 -2.3467 0.9798
1.6269 4.2194 -2.3460 0.9798
1.3198 4.3245 -2.3456 0.9798
0.8470 4.4403 -2.3451 0.9798
0.6870 4.4675 -2.3449 0.9798
0.5262 4.4890 -2.3447 0.9798
0.3647 4.5047 -2.3446 0.9798
0.2027 4.5145 -2.3444 0.9798
0.0406 4.5186 -2.3443 0.9798
-0.1217 4.5169 -2.3441 0.9798
-0.2837 4.5094 -2.3440 0.9798
-0.4454 4.4960 -2.3439 0.9798
-0.7667 4.4520 -2.3436 0.9798
-0.9260 4.4214 -2.3435 0.9798
-1.2407 4.3432 -2.3433 0.9799
-1.3958 4.2958 -2.3432 0.9799
-1.5490 4.2427 -2.3432 0.9799
-1.7003 4.1843 -2.3431 0.9799
-2.1401 3.9770 -2.3429 0.9799
-2.2815 3.8976 -2.3429 0.9799
-2.8536 3.8544 -2.4879 0.9786
-3.1278 3.6455 -2.4919 0.9786
-3.3850 3.4155 -2.4947 0.9786
-3.5055 3.2919 -2.4947 0.9786
-3.0432 2.6588 -2.0964 0.9820
-3.0910 2.3316 -2.0086 0.9827
-3.1862 2.0623 -1.9690 0.9830
-3.3210 1.8258 -1.9661 0.9831
-3.3652 1.5468 -1.9214 0.9834
-3.4137 1.4230 -1.9186 0.9835
-4.6141 1.3630 -2.4960 0.9786
-4.6604 1.1966 -2.4961 0.9786
-4.7630 0.6888 -2.4966 0.9785
-4.8008 0.3453 -2.4970 0.9785
-4.8112 -0.1728 -2.4976 0.9785
-4.8023 -0.3454 -2.4978 0.9785
-4.7873 -0.5177 -2.4980 0.9785
-4.6200 -1.3648 -2.4991 0.9785
-4.3788 -2.0127 -2.5001 0.9785
-4.2240 -2.3221 -2.5006 0.9785
-3.9510 -2.7636 -2.5014 0.9785
-3.8497 -2.9040 -2.5016 0.9785
-3.7433 -3.0406 -2.5019 0.9785
-3.5163 -3.3020 -2.5024 0.9785
-3.1419 -3.6620 -2.5031 0.9785
-2.8716 -3.8787 -2.5036 0.9785
-2.4387 -4.1662 -2.5044 0.9785
-2.2878 -4.2514 -2.5046 0.9785
-1.8180 -4.4739 -2.5053 0.9785
-1.4925 -4.5936 -2.5057 0.9785
-1.3268 -4.6446 -2.5059 0.9785
-0.9903 -4.7286 -2.5063 0.9785
-0.8200 -4.7614 -2.5065 0.9785
-0.6486 -4.7882 -2.5067 0.9785
-0.4763 -4.8087 -2.5069 0.9785
-0.1301 -4.8311 -2.5072 0.9785
0.2169 -4.8286 -2.5075 0.9785
0.3901 -4.8180 -2.5076 0.9785
0.5628 -4.8011 -2.5078 0.9785
0.7348 -4.7781 -2.5079 0.9785
0.9059 -4.7489 -2.5080 0.9785
1.0758 -4.7135 -2.5081 0.9784
1.2444 -4.6720 -2.5082 0.9784
1.4113 -4.6245 -2.5083 0.9784
2.0589 -4.3754 -2.5086 0.9784
2.3676 -4.2166 -2.5087 0.9784
2.5175 -4.1289 -2.5088 0.9784
2.6641 -4.0359 -2.5088 0.9784
2.8073 -3.9377 -2.5088 0.9784
3.0826 -3.7262 -2.5088 0.9784
3.5840 -3.2465 -2.5087 0.9784
3.6981 -3.1157 -2.5086 0.9784
3.9119 -2.8422 -2.5085 0.9784
4.1944 -2.4049 -2.5082 0.9784
4.2778 -2.2527 -2.5081 0.9784
4.3557 -2.0976 -2.5080 0.9785
4.4280 -1.9398 -2.5079 0.9785
4.4946 -1.7795 -2.5078 0.9785
4.5553 -1.6169 -2.5076 0.9785
4.7019 -1.1177 -2.5072 0.9785
4.7386 -0.9481 -2.5070 0.9785
4.7693 -0.7773 -2.5069 0.9785
4.8242 -0.2601 -2.5063 0.9785
4.8230 0.2600 -2.5057 0.9785
4.7659 0.7768 -2.5051 0.9785
4.6970 1.1165 -2.5046 0.9785
4.6039 1.4504 -2.5041 0.9785
4.5484 1.6145 -2.5039 0.9785
4.4871 1.7766 -2.5036 0.9785
4.4200 1.9363 -2.5034 0.9785
4.0012 2.6931 -2.5021 0.9785
3.1848 3.3310 -2.3908 0.9794
3.0086 3.3819 -2.3482 0.9798
2.6268 3.6846 -2.3475 0.9798
2.4926 3.7762 -2.3473 0.9798
2.3553 3.8629 -2.3471 0.9798
1.9258 4.0925 -2.3464 0.9798
0.8470 4.4403 -2.3451 0.9798
0.5262 4.4890 -2.3447 0.9798
0.0406 4.5186 -2.3443 0.9798
-0.1217 4.5169 -2.3441 0.9798
-0.4454 4.4960 -2.3439 0.9798
-0.6064 4.4769 -2.3437 0.9798
-0.7667 4.4520 -2.3436 0.9798
-1.0841 4.3852 -2.3434 0.9799
-1.2407 4.3432 -2.3433 0.9799
-1.5490 4.2427 -2.3432 0.9799
-1.7003 4.1843 -2.3431 0.9799
-1.9960 4.0513 -2.3430 0.9799
-2.1401 3.9770 -2.3429 0.9799
-2.8536 3.8544 -2.4879 0.9786
-2.9924 3.7524 -2.4899 0.9786
-3.1278 3.6455 -2.4919 0.9786
-3.2594 3.5339 -2.4940 0.9786
-3.0949 2.1648 -1.9594 0.9831
-3.3210 1.8257 -1.9661 0.9831
-3.3337 1.6798 -1.9366 0.9833
-3.3652 1.5468 -1.9214 0.9834
-3.4137 1.4230 -1.9186 0.9835
-4.6141 1.3630 -2.4960 0.9786
-4.6604 1.1966 -2.4961 0.9786
-4.7006 1.0286 -2.4963 0.9786
-4.7348 0.8592 -2.4964 0.9785
-4.7630 0.6888 -2.4966 0.9785
-4.7850 0.5174 -2.4968 0.9785
-4.8023 -0.3455 -2.4978 0.9785
-4.7873 -0.5177 -2.4980 0.9785
-4.7660 -0.6892 -2.4982 0.9785
-4.7386 -0.8599 -2.4984 0.9785
-4.6200 -1.3648 -2.4991 0.9785
-4.5685 -1.5299 -2.4994 0.9785
-4.5110 -1.6930 -2.4996 0.9785
-4.4478 -1.8541 -2.4999 0.9785
-4.3788 -2.0127 -2.5001 0.9785
-3.9510 -2.7636 -2.5014 0.9785
-3.6321 -3.1733 -2.5021 0.9785
-3.5163 -3.3020 -2.5024 0.9785
-3.3958 -3.4264 -2.5026 0.9785
-3.2709 -3.5465 -2.5029 0.9785
-3.1419 -3.6620 -2.5031 0.9785
-3.0087 -3.7728 -2.5034 0.9785
-2.4387 -4.1662 -2.5044 0.9785
-2.1339 -4.3312 -2.5048 0.9785
-1.9772 -4.4054 -2.5050 0.9785
-1.4925 -4.5936 -2.5057 0.9785
-0.8200 -4.7614 -2.5065 0.9785
-0.6486 -4.7882 -2.5067 0.9785
-0.1301 -4.8311 -2.5072 0.9785
0.0434 -4.8330 -2.5074 0.9785
0.2169 -4.8286 -2.5075 0.9785
0.5628 -4.8011 -2.5078 0.9785
1.0758 -4.7135 -2.5081 0.9784
1.2444 -4.6720 -2.5082 0.9784
1.4113 -4.6245 -2.5083 0.9784
1.9005 -4.4464 -2.5086 0.9784
2.3676 -4.2166 -2.5087 0.9784
2.8073 -3.9377 -2.5088 0.9784
2.9468 -3.8344 -2.5088 0.9784
3.2143 -3.6131 -2.5088 0.9784
3.5840 -3.2465 -2.5087 0.9784
3.6981 -3.1157 -2.5086 0.9784
4.0113 -2.6998 -2.5084 0.9784
4.1055 -2.5540 -2.5083 0.9784
4.2778 -2.2527 -2.5081 0.9784
4.5553 -1.6170 -2.5076 0.9785
4.6101 -1.4523 -2.5075 0.9785
4.6590 -1.2858 -2.5074 0.9785
4.7386 -0.9481 -2.5070 0.9785
4.7938 -0.6056 -2.5067 0.9785
4.8121 -0.4331 -2.5065 0.9785
4.8242 -0.2601 -2.5063 0.9785
4.8300 -0.0867 -2.5061 0.9785
4.8230 0.2600 -2.5057 0.9785
4.7911 0.6053 -2.5053 0.9785
4.7659 0.7768 -2.5051 0.9785
4.7345 0.9473 -2.5048 0.9785
4.6534 1.2843 -2.5044 0.9785
4.5484 1.6145 -2.5039 0.9785
4.4871 1.7766 -2.5036 0.9785
4.2688 2.2480 -2.5029 0.9785
4.0957 2.5480 -2.5024 0.9785
3.9004 2.8338 -2.5011 0.9785
3.6802 3.1006 -2.4965 0.9785
3.5634 3.2279 -2.4943 0.9786
3.3893 3.2992 -2.4538 0.9789
3.1848 3.3310 -2.3908 0.9794
3.0086 3.3819 -2.3482 0.9798
2.8850 3.4874 -2.3480 0.9798
2.3553 3.8629 -2.3471 0.9798
2.2149 3.9446 -2.3469 0.9798
1.7649 4.1291 -2.3296 0.9800
1.3198 4.3245 -2.3456 0.9798
0.5262 4.4890 -2.3447 0.9798
0.3647 4.5047 -2.3446 0.9798
0.2027 4.5145 -2.3444 0.9798
0.0406 4.5186 -2.3443 0.9798
-0.4454 4.4960 -2.3439 0.9798
-0.6064 4.4769 -2.3437 0.9798
-0.7667 4.4520 -2.3436 0.9798
-1.0841 4.3852 -2.3434 0.9799
-1.3958 4.2958 -2.3432 0.9799
-1.8493 4.1205 -2.3430 0.9799
-1.9960 4.0513 -2.3430 0.9799
-2.1401 3.9770 -2.3429 0.9799
-2.2815 3.8976 -2.3429 0.9799
-2.6743 3.8974 -2.4521 0.9789
-2.9924 3.7524 -2.4899 0.9786
-3.2594 3.5339 -2.4940 0.9786
-3.0949 2.1648 -1.9594 0.9831
-3.1862 2.0623 -1.9690 0.9830
-3.3210 1.8257 -1.9661 0.9831
-3.3652 1.5468 -1.9214 0.9834
-3.7018 1.2396 -2.0252 0.9826
-4.6141 1.3630 -2.4960 0.9786
-4.7006 1.0286 -2.4963 0.9786
-4.7348 0.8592 -2.4964 0.9785
-4.7630 0.6888 -2.4966 0.9785
-4.7850 0.5174 -2.4968 0.9785
-4.8008 0.3453 -2.4970 0.9785
-4.5601 -0.0000 -2.4976 0.9794
-4.5576 -0.1637 -2.4978 0.9794
-4.5491 -0.3272 -2.4980 0.9794
-4.4887 -0.8146 -2.4986 0.9794
-4.4569 -0.9753 -2.4988 0.9794
-4.4194 -1.1347 -2.4991 0.9794
-4.3762 -1.2927 -2.4993 0.9794
-4.3274 -1.4491 -2.4995 0.9794
-4.2730 -1.6037 -2.4997 0.9794
-4.0770 -2.0543 -2.5004 0.9794
-4.0010 -2.1996 -2.5007 0.9794
-3.9198 -2.3420 -2.5009 0.9794
-3.7424 -2.6177 -2.5014 0.9794
-3.6464 -2.7506 -2.5016 0.9794
-3.2164 -3.2454 -2.5026 0.9794
-2.4497 -3.8601 -2.5040 0.9794
-2.1668 -4.0266 -2.5044 0.9794
-2.0211 -4.1022 -2.5047 0.9794
-1.7218 -4.2373 -2.5051 0.9794
-1.5687 -4.2968 -2.5053 0.9794
-1.4136 -4.3506 -2.5055 0.9794
-1.2566 -4.3989 -2.5057 0.9794
-1.0980 -4.4415 -2.5059 0.9794
-0.9379 -4.4784 -2.5061 0.9793
-0.4511 -4.5543 -2.5066 0.9793
0.6959 -4.5252 -2.5076 0.9793
0.8579 -4.4975 -2.5077 0.9793
1.0189 -4.4640 -2.5078 0.9793
1.3366 -4.3797 -2.5080 0.9793
1.4930 -4.3290 -2.5081 0.9793
2.5230 -3.8222 -2.5084 0.9793
2.6586 -3.7292 -2.5084 0.9793
2.7908 -3.6314 -2.5084 0.9793
3.3942 -3.0746 -2.5083 0.9793
3.7048 -2.6917 -2.5081 0.9793
3.9723 -2.2776 -2.5079 0.9793
4.4124 -1.2178 -2.5071 0.9793
4.4879 -0.8979 -2.5068 0.9793
4.5402 -0.5736 -2.5064 0.9793
4.5690 -0.2463 -2.5061 0.9793
4.5742 0.0821 -2.5057 0.9794
4.5138 0.7357 -2.5049 0.9794
4.4487 1.0575 -2.5044 0.9794
4.4074 1.2164 -2.5042 0.9794
4.3605 1.3737 -2.5040 0.9794
4.3080 1.5292 -2.5038 0.9794
4.2500 1.6827 -2.5035 0.9794
4.1864 1.8340 -2.5033 0.9794
4.0433 2.1292 -2.5028 0.9794
3.9639 2.2728 -2.5026 0.9794
3.7899 2.5508 -2.5021 0.9794
3.5964 2.8156 -2.5016 0.9794
3.4901 2.9404 -2.4995 0.9794
3.3795 3.0612 -2.4974 0.9794
3.2648 3.1780 -2.4954 0.9794
3.1461 3.2906 -2.4935 0.9795
2.6133 3.4005 -2.3489 0.9806
2.4882 3.4902 -2.3477 0.9806
2.3621 3.5785 -2.3484 0.9806
2.0980 3.7365 -2.3470 0.9806
1.8242 3.8767 -2.3466 0.9806
1.3966 4.0493 -2.3460 0.9807
1.2502 4.0965 -2.3458 0.9807
0.9529 4.1750 -2.3455 0.9807
0.8024 4.2062 -2.3453 0.9807
0.6508 4.2320 -2.3451 0.9807
0.1921 4.2766 -2.3447 0.9807
0.0384 4.2805 -2.3445 0.9807
-0.1152 4.2789 -2.3444 0.9807
-0.4219 4.2591 -2.3442 0.9807
-0.5745 4.2410 -2.3440 0.9807
-0.7263 4.2175 -2.3439 0.9807
-0.8772 4.1885 -2.3438 0.9807
-1.0270 4.1541 -2.3437 0.9807
-1.3223 4.0695 -2.3436 0.9807
-1.7519 3.9034 -2.3434 0.9807
-1.8936 3.8434 -2.3467 0.9806
-2.0711 3.8487 -2.3938 0.9803
-2.4340 3.8354 -2.4880 0.9795
-2.5719 3.7481 -2.4896 0.9795
-2.7067 3.6559 -2.4914 0.9795
-2.8382 3.5590 -2.4933 0.9795
-2.9663 3.4573 -2.4950 0.9794
-3.0885 3.3486 -2.4950 0.9794
-3.3208 3.1185 -2.4951 0.9794
-2.9960 2.2600 -2.0554 0.9830
-3.0154 2.1091 -2.0154 0.9834
-3.0993 2.0061 -2.0220 0.9833
-3.1806 1.9003 -2.0293 0.9832
-3.2162 1.7681 -2.0102 0.9834
-3.2597 1.6425 -1.9992 0.9835
-3.3101 1.5215 -1.9953 0.9835
-3.3693 1.4045 -1.9993 0.9835
-3.4963 1.3122 -2.0453 0.9831
-3.7180 1.2450 -2.1475 0.9823
-4.4148 1.1335 -2.4964 0.9794
-4.4853 0.8140 -2.4967 0.9794
-4.5477 0.3271 -2.4972 0.9794
-4.5569 0.1637 -2.4974 0.9794
-4.5601 -0.0000 -2.4976 0.9794
-4.5576 -0.1637 -2.4978 0.9794
-4.5491 -0.3272 -2.4980 0.9794
-4.5348 -0.4904 -2.4982 0.9794
-4.5146 -0.6529 -2.4984 0.9794
-4.4887 -0.8146 -2.4986 0.9794
-4.4569 -0.9753 -2.4988 0.9794
-4.3274 -1.4491 -2.4995 0.9794
-4.2730 -1.6037 -2.4997 0.9794
-4.2131 -1.7562 -2.5000 0.9794
-4.1477 -1.9065 -2.5002 0.9794
-3.9198 -2.3420 -2.5009 0.9794
-3.8336 -2.4814 -2.5011 0.9794
-3.6464 -2.7506 -2.5016 0.9794
-3.3305 -3.1276 -2.5024 0.9794
-3.2164 -3.2454 -2.5026 0.9794
-3.0981 -3.3591 -2.5028 0.9794
-2.8497 -3.5734 -2.5033 0.9794
-2.5864 -3.7693 -2.5038 0.9794
-2.4497 -3.8601 -2.5040 0.9794
-2.1668 -4.0266 -2.5044 0.9794
-1.7218 -4.2373 -2.5051 0.9794
-1.5687 -4.2968 -2.5053 0.9794
-1.4136 -4.3506 -2.5055 0.9794
-1.2566 -4.3989 -2.5057 0.9794
-0.9379 -4.4784 -2.5061 0.9793
-0.7766 -4.5095 -2.5062 0.9793
-0.6143 -4.5348 -2.5064 0.9793
-0.4511 -4.5543 -2.5066 0.9793
-0.1232 -4.5755 -2.5069 0.9793
0.2054 -4.5731 -2.5072 0.9793
0.3694 -4.5630 -2.5073 0.9793
0.6959 -4.5252 -2.5076 0.9793
1.0189 -4.4640 -2.5078 0.9793
1.3366 -4.3797 -2.5080 0.9793
1.4930 -4.3290 -2.5081 0.9793
2.0974 -4.0711 -2.5083 0.9793
2.3842 -3.9103 -2.5084 0.9793
2.5230 -3.8222 -2.5084 0.9793
2.6586 -3.7292 -2.5084 0.9793
2.9193 -3.5288 -2.5084 0.9793
3.0441 -3.4218 -2.5084 0.9793
3.2817 -3.1945 -2.5083 0.9793
3.5023 -2.9507 -2.5083 0.9793
3.6059 -2.8230 -2.5082 0.9793
3.7048 -2.6917 -2.5081 0.9793
3.8881 -2.4188 -2.5080 0.9793
4.3142 -1.5314 -2.5073 0.9793
4.3661 -1.3754 -2.5072 0.9793
4.4879 -0.8979 -2.5068 0.9793
4.5169 -0.7362 -2.5066 0.9793
4.5402 -0.5735 -2.5064 0.9793
4.5690 -0.2463 -2.5061 0.9793
4.5745 -0.0821 -2.5059 0.9794
4.5679 0.2463 -2.5055 0.9794
4.5558 0.4100 -2.5053 0.9794
4.5377 0.5733 -2.5051 0.9794
4.5138 0.7357 -2.5049 0.9794
4.4841 0.8972 -2.5047 0.9794
4.4487 1.0575 -2.5044 0.9794
4.4074 1.2164 -2.5042 0.9794
4.3605 1.3737 -2.5040 0.9794
4.3080 1.5292 -2.5038 0.9794
4.1175 1.9829 -2.5031 0.9794
4.0433 2.1292 -2.5028 0.9794
3.9639 2.2728 -2.5026 0.9794
3.8794 2.4134 -2.5024 0.9794
3.7899 2.5508 -2.5021 0.9794
3.4901 2.9404 -2.4995 0.9794
2.7874 3.3694 -2.3951 0.9803
2.4882 3.4902 -2.3477 0.9806
2.2310 3.6591 -2.3472 0.9806
1.6838 3.9393 -2.3464 0.9807
1.1023 4.1384 -2.3457 0.9807
0.8024 4.2062 -2.3453 0.9807
0.6508 4.2320 -2.3451 0.9807
0.3455 4.2672 -2.3448 0.9807
-0.4219 4.2591 -2.3442 0.9807
-0.5745 4.2410 -2.3440 0.9807
-0.7263 4.2175 -2.3439 0.9807
-0.8772 4.1885 -2.3438 0.9807
-1.1754 4.1144 -2.3436 0.9807
-1.3223 4.0695 -2.3436 0.9807
-1.4674 4.0193 -2.3435 0.9807
-1.6128 3.9691 -2.3465 0.9807
-1.7519 3.9034 -2.3434 0.9807
-1.8936 3.8434 -2.3467 0.9806
-2.0711 3.8487 -2.3938 0.9803
-2.5719 3.7481 -2.4896 0.9795
-2.9663 3.4573 -2.4950 0.9794
-3.0885 3.3486 -2.4950 0.9794
-2.8852 2.5207 -2.0984 0.9827
-2.9437 2.3911 -2.0771 0.9829
-2.9960 2.2600 -2.0554 0.9830
-3.0154 2.1091 -2.0154 0.9834
-3.4963 1.3122 -2.0453 0.9831
-4.4148 1.1335 -2.4964 0.9794
-4.4529 0.9744 -2.4966 0.9794
-4.4853 0.8139 -2.4967 0.9794
-4.5477 0.3271 -2.4972 0.9794
-4.5569 0.1637 -2.4974 0.9794
-4.5601 -0.0000 -2.4976 0.9794
-4.5576 -0.1637 -2.4978 0.9794
-4.5491 -0.3272 -2.4980 0.9794
-4.5348 -0.4904 -2.4982 0.9794
-4.5146 -0.6529 -2.4984 0.9794
-4.4569 -0.9753 -2.4988 0.9794
-4.4194 -1.1347 -2.4991 0.9794
-4.3274 -1.4491 -2.4995 0.9794
-4.2131 -1.7562 -2.5000 0.9794
-4.1477 -1.9065 -2.5002 0.9794
-4.0770 -2.0543 -2.5004 0.9794
-4.0010 -2.1996 -2.5007 0.9794
-3.9198 -2.3420 -2.5009 0.9794
-3.7424 -2.6177 -2.5014 0.9794
-3.5456 -2.8800 -2.5019 0.9794
-3.4403 -3.0057 -2.5021 0.9794
-3.2164 -3.2454 -2.5026 0.9794
-2.9758 -3.4685 -2.5031 0.9794
-2.8497 -3.5734 -2.5033 0.9794
-2.7198 -3.6737 -2.5035 0.9794
-2.4497 -3.8601 -2.5040 0.9794
-2.3098 -3.9459 -2.5042 0.9794
-2.1668 -4.0266 -2.5044 0.9794
-2.0211 -4.1022 -2.5047 0.9794
-1.8727 -4.1724 -2.5049 0.9794
-1.5687 -4.2968 -2.5053 0.9794
-1.4136 -4.3506 -2.5055 0.9794
-1.2566 -4.3989 -2.5057 0.9794
-1.0980 -4.4415 -2.5059 0.9794
-0.7766 -4.5095 -2.5062 0.9793
-0.2874 -4.5678 -2.5068 0.9793
-0.1232 -4.5755 -2.5069 0.9793
0.0411 -4.5772 -2.5071 0.9793
0.3694 -4.5630 -2.5073 0.9793
1.1785 -4.4247 -2.5079 0.9793
1.3366 -4.3797 -2.5080 0.9793
1.4930 -4.3290 -2.5081 0.9793
1.6475 -4.2728 -2.5081 0.9793
1.7999 -4.2110 -2.5082 0.9793
2.0974 -4.0711 -2.5083 0.9793
2.5230 -3.8222 -2.5084 0.9793
2.9193 -3.5288 -2.5084 0.9793
3.1649 -3.3103 -2.5084 0.9793
3.6059 -2.8230 -2.5082 0.9793
3.7989 -2.5569 -2.5081 0.9793
3.8881 -2.4188 -2.5080 0.9793
4.0513 -2.1334 -2.5078 0.9793
4.3142 -1.5314 -2.5073 0.9793
4.3661 -1.3754 -2.5072 0.9793
4.4124 -1.2178 -2.5071 0.9793
4.4530 -1.0585 -2.5069 0.9793
4.4879 -0.8979 -2.5068 0.9793
4.5575 -0.4102 -2.5062 0.9793
4.5690 -0.2463 -2.5061 0.9793
4.5558 0.4100 -2.5053 0.9794
4.4487 1.0575 -2.5044 0.9794
4.3605 1.3737 -2.5040 0.9794
4.1175 1.9829 -2.5031 0.9794
4.0433 2.1292 -2.5028 0.9794
3.9639 2.2728 -2.5026 0.9794
3.8794 2.4134 -2.5024 0.9794
3.6955 2.6850 -2.5019 0.9794
3.4901 2.9404 -2.4995 0.9794
3.3795 3.0612 -2.4974 0.9794
3.2648 3.1780 -2.4954 0.9794
3.1461 3.2906 -2.4935 0.9795
2.7874 3.3694 -2.3951 0.9803
2.4882 3.4902 -2.3477 0.9806
2.0980 3.7365 -2.3470 0.9806
1.9624 3.8090 -2.3468 0.9806
1.6838 3.9393 -2.3464 0.9807
1.3965 4.0493 -2.3460 0.9807
1.2502 4.0965 -2.3458 0.9807
1.1023 4.1384 -2.3457 0.9807
0.9529 4.1750 -2.3455 0.9807
0.4985 4.2524 -2.3450 0.9807
0.3455 4.2672 -2.3448 0.9807
0.1921 4.2766 -2.3447 0.9807
-0.2688 4.2717 -2.3443 0.9807
-0.4219 4.2591 -2.3442 0.9807
-1.0270 4.1541 -2.3437 0.9807
-2.4340 3.8354 -2.4880 0.9795
-2.8383 3.5590 -2.4933 0.9795
-2.9663 3.4573 -2.4950 0.9794
-3.0885 3.3486 -2.4950 0.9794
-2.8852 2.5207 -2.0984 0.9827
-3.0154 2.1091 -2.0154 0.9834
-3.1806 1.9003 -2.0293 0.9832
-3.2162 1.7681 -2.0102 0.9834
-3.2597 1.6425 -1.9992 0.9835
-3.3101 1.5215 -1.9953 0.9835
-3.4963 1.3122 -2.0453 0.9831
-4.3710 1.2912 -2.4963 0.9794
-4.5119 0.6525 -2.4969 0.9794
-4.5576 -0.1637 -2.4978 0.9794
-4.5491 -0.3272 -2.4980 0.9794
-4.4887 -0.8146 -2.4986 0.9794
-4.4569 -0.9753 -2.4988 0.9794
-4.4194 -1.1347 -2.4991 0.9794
-4.3762 -1.2927 -2.4993 0.9794
-4.3274 -1.4491 -2.4995 0.9794
-4.2131 -1.7562 -2.5000 0.9794
-4.0010 -2.1996 -2.5007 0.9794
-3.8336 -2.4814 -2.5011 0.9794
-3.5456 -2.8800 -2.5019 0.9794
-3.4403 -3.0057 -2.5021 0.9794
-3.3305 -3.1276 -2.5024 0.9794
-3.2164 -3.2454 -2.5026 0.9794
-3.0981 -3.3591 -2.5028 0.9794
-2.8497 -3.5734 -2.5033 0.9794
-2.3098 -3.9459 -2.5042 0.9794
-2.0211 -4.1022 -2.5047 0.9794
-1.7218 -4.2373 -2.5051 0.9794
-1.5687 -4.2968 -2.5053 0.9794
-1.4136 -4.3506 -2.5055 0.9794
-1.0980 -4.4415 -2.5059 0.9794
-0.2874 -4.5678 -2.5068 0.9793
0.0411 -4.5772 -2.5071 0.9793
0.2054 -4.5731 -2.5072 0.9793
0.6959 -4.5252 -2.5076 0.9793
1.1785 -4.4247 -2.5079 0.9793
1.3366 -4.3797 -2.5080 0.9793
1.6475 -4.2728 -2.5081 0.9793
1.9499 -4.1437 -2.5083 0.9793
2.0974 -4.0711 -2.5083 0.9793
3.3942 -3.0746 -2.5083 0.9793
3.5023 -2.9507 -2.5083 0.9793
3.6059 -2.8230 -2.5082 0.9793
3.7048 -2.6917 -2.5081 0.9793
3.8881 -2.4188 -2.5080 0.9793
3.9723 -2.2776 -2.5079 0.9793
4.1251 -1.9866 -2.5077 0.9793
4.1936 -1.8371 -2.5076 0.9793
4.2566 -1.6853 -2.5075 0.9793
4.3661 -1.3754 -2.5072 0.9793
4.4879 -0.8979 -2.5068 0.9793
4.5690 -0.2463 -2.5061 0.9793
4.5745 -0.0821 -2.5059 0.9794
4.5742 0.0821 -2.5057 0.9794
4.5679 0.2463 -2.5055 0.9794
4.5377 0.5733 -2.5051 0.9794
4.4487 1.0575 -2.5044 0.9794
4.4074 1.2164 -2.5042 0.9794
4.3080 1.5292 -2.5038 0.9794
4.2500 1.6827 -2.5035 0.9794
3.7899 2.5508 -2.5021 0.9794
3.5964 2.8156 -2.5016 0.9794
3.3795 3.0612 -2.4974 0.9794
3.2648 3.1780 -2.4954 0.9794
3.1461 3.2906 -2.4935 0.9795
2.9724 3.3412 -2.4493 0.9798
2.6133 3.4005 -2.3489 0.9806
2.4882 3.4902 -2.3477 0.9806
1.8242 3.8767 -2.3466 0.9806
1.5411 3.9969 -2.3462 0.9807
1.1023 4.1384 -2.3457 0.9807
0.9529 4.1750 -2.3455 0.9807
0.6508 4.2320 -2.3451 0.9807
0.3455 4.2672 -2.3448 0.9807
0.1921 4.2766 -2.3447 0.9807
-0.1153 4.2789 -2.3444 0.9807
-0.2688 4.2717 -2.3443 0.9807
-0.8772 4.1885 -2.3438 0.9807
-1.0270 4.1541 -2.3437 0.9807
-1.1754 4.1144 -2.3436 0.9807
-1.3223 4.0695 -2.3436 0.9807
-1.4674 4.0193 -2.3435 0.9807
-1.6128 3.9691 -2.3465 0.9807
-1.8936 3.8434 -2.3467 0.9806
-2.0711 3.8487 -2.3938 0.9803
-2.2578 3.8571 -2.4478 0.9798
-2.4340 3.8354 -2.4880 0.9795
-2.5719 3.7481 -2.4896 0.9795
-2.7067 3.6559 -2.4914 0.9795
-2.8383 3.5590 -2.4933 0.9795
-2.9663 3.4573 -2.4950 0.9794
-3.0885 3.3486 -2.4950 0.9794
-3.2067 3.2356 -2.4951 0.9794
-3.3208 3.1185 -2.4951 0.9794
-2.8852 2.5207 -2.0984 0.9827
-2.9437 2.3911 -2.0771 0.9829
-3.1806 1.9003 -2.0293 0.9832
-3.2597 1.6425 -1.9992 0.9835
-3.3693 1.4045 -1.9993 0.9835
-3.4963 1.3122 -2.0453 0.9831
-3.7180 1.2450 -2.1475 0.9823
-4.4529 0.9744 -2.4966 0.9794
-4.5477 0.3271 -2.4972 0.9794
-4.5569 0.1637 -2.4974 0.9794
-4.2831 -0.6194 -2.4986 0.9802
-4.2283 -0.9252 -2.4990 0.9802
-4.1927 -1.0765 -2.4992 0.9802
-4.1054 -1.3748 -2.4996 0.9802
-4.0537 -1.5214 -2.4998 0.9802
-3.9969 -1.6661 -2.5001 0.9802
-3.9348 -1.8086 -2.5003 0.9802
-3.8677 -1.9489 -2.5005 0.9802
-3.7956 -2.0867 -2.5007 0.9802
-3.7186 -2.2218 -2.5009 0.9802
-3.6368 -2.3540 -2.5012 0.9802
-3.5503 -2.4833 -2.5014 0.9802
-3.2636 -2.8513 -2.5021 0.9802
-3.1595 -2.9669 -2.5023 0.9802
-3.0512 -3.0787 -2.5025 0.9802
-2.9390 -3.1865 -2.5028 0.9802
-2.8230 -3.2903 -2.5030 0.9802
-2.7033 -3.3898 -2.5032 0.9802
-2.5801 -3.4850 -2.5034 0.9802
-2.4535 -3.5756 -2.5037 0.9802
-2.1910 -3.7431 -2.5041 0.9802
-1.6333 -4.0195 -2.5049 0.9802
-1.4881 -4.0758 -2.5051 0.9802
-1.1920 -4.1727 -2.5055 0.9802
-1.0415 -4.2131 -2.5057 0.9802
-0.8897 -4.2481 -2.5058 0.9802
-0.7367 -4.2776 -2.5060 0.9802
-0.2726 -4.3328 -2.5065 0.9801
0.0390 -4.3417 -2.5068 0.9801
0.3504 -4.3282 -2.5070 0.9801
0.8138 -4.2660 -2.5074 0.9801
0.9664 -4.2342 -2.5075 0.9801
1.2678 -4.1542 -2.5077 0.9801
1.5627 -4.0528 -2.5078 0.9801
2.1268 -3.7877 -2.5080 0.9801
2.6471 -3.4444 -2.5081 0.9801
2.8874 -3.2456 -2.5081 0.9801
3.2195 -2.9163 -2.5080 0.9801
3.3220 -2.7988 -2.5079 0.9801
3.4203 -2.6777 -2.5079 0.9801
3.5141 -2.5531 -2.5078 0.9801
3.6034 -2.4253 -2.5077 0.9801
3.8428 -2.0236 -2.5075 0.9801
3.9778 -1.7426 -2.5073 0.9801
4.0922 -1.4526 -2.5070 0.9801
4.2239 -1.0041 -2.5066 0.9801
4.2570 -0.8517 -2.5065 0.9801
4.2846 -0.6983 -2.5063 0.9801
4.3340 -0.2336 -2.5058 0.9802
4.3389 0.0779 -2.5055 0.9802
4.3215 0.3889 -2.5051 0.9802
4.3044 0.5438 -2.5049 0.9802
4.2536 0.8511 -2.5045 0.9802
4.2200 1.0031 -2.5043 0.9802
4.1809 1.1539 -2.5041 0.9802
4.1364 1.3031 -2.5039 0.9802
4.0866 1.4506 -2.5037 0.9802
4.0316 1.5962 -2.5034 0.9802
3.8356 2.0198 -2.5028 0.9802
3.6801 2.2894 -2.5023 0.9802
3.5953 2.4198 -2.5021 0.9802
3.5058 2.5471 -2.5019 0.9802
3.4118 2.6710 -2.5016 0.9802
3.3134 2.7915 -2.5014 0.9802
3.2097 2.9074 -2.5003 0.9802
3.1008 3.0185 -2.4984 0.9802
2.8721 3.2285 -2.4948 0.9802
2.5950 3.3766 -2.4587 0.9805
1.9904 3.5448 -2.3471 0.9814
1.8617 3.6137 -2.3469 0.9814
1.7307 3.6779 -2.3468 0.9814
1.5974 3.7373 -2.3466 0.9814
1.4621 3.7919 -2.3464 0.9814
1.3249 3.8417 -2.3462 0.9814
1.1861 3.8865 -2.3460 0.9814
0.9041 3.9610 -2.3457 0.9814
0.7612 3.9906 -2.3455 0.9814
0.6175 4.0151 -2.3454 0.9814
0.3278 4.0485 -2.3451 0.9814
0.1822 4.0574 -2.3449 0.9814
-0.1093 4.0596 -2.3447 0.9814
-0.5451 4.0237 -2.3443 0.9814
-0.6891 4.0014 -2.3442 0.9814
-0.8323 3.9739 -2.3441 0.9814
-0.9743 3.9413 -2.3440 0.9814
-1.1151 3.9037 -2.3439 0.9814
-1.2545 3.8610 -2.3439 0.9814
-1.3923 3.8134 -2.3438 0.9814
-2.0424 3.7954 -2.4884 0.9803
-2.1786 3.7217 -2.4898 0.9803
-2.3121 3.6434 -2.4913 0.9803
-2.4430 3.5603 -2.4929 0.9803
-2.6948 3.3791 -2.4953 0.9802
-2.8143 3.2802 -2.4953 0.9802
-2.9303 3.1771 -2.4954 0.9802
-3.1508 2.9587 -2.4954 0.9802
-2.8191 2.2898 -2.0968 0.9834
-2.9737 2.0800 -2.0952 0.9834
-3.2191 1.6221 -2.0812 0.9835
-3.2847 1.5098 -2.0872 0.9834
-3.3630 1.4018 -2.1035 0.9833
-4.0480 1.5192 -2.4963 0.9802
-4.1001 1.3730 -2.4964 0.9802
-4.1885 1.0754 -2.4967 0.9802
-4.3004 0.4650 -2.4973 0.9802
-4.3146 0.3103 -2.4975 0.9802
-4.3239 -0.1553 -2.4980 0.9802
-4.3158 -0.3104 -2.4982 0.9802
-4.3022 -0.4652 -2.4984 0.9802
-4.2831 -0.6194 -2.4986 0.9802
-4.2283 -0.9252 -2.4990 0.9802
-4.0537 -1.5214 -2.4998 0.9802
-3.8677 -1.9489 -2.5005 0.9802
-3.5503 -2.4833 -2.5014 0.9802
-3.3636 -2.7321 -2.5019 0.9802
-3.2636 -2.8513 -2.5021 0.9802
-3.1595 -2.9669 -2.5023 0.9802
-2.9390 -3.1865 -2.5028 0.9802
-2.7033 -3.3898 -2.5032 0.9802
-2.5801 -3.4850 -2.5034 0.9802
-2.4535 -3.5756 -2.5037 0.9802
-2.3238 -3.6617 -2.5039 0.9802
-2.0554 -3.8196 -2.5043 0.9802
-1.9172 -3.8913 -2.5045 0.9802
-1.7764 -3.9579 -2.5047 0.9802
-1.6333 -4.0195 -2.5049 0.9802
-1.1920 -4.1727 -2.5055 0.9802
-1.0415 -4.2131 -2.5057 0.9802
-0.8897 -4.2481 -2.5058 0.9802
-0.7367 -4.2776 -2.5060 0.9802
-0.5827 -4.3015 -2.5062 0.9802
-0.2726 -4.3328 -2.5065 0.9801
-0.1169 -4.3401 -2.5066 0.9801
0.0390 -4.3417 -2.5068 0.9801
0.1948 -4.3377 -2.5069 0.9801
0.5056 -4.3130 -2.5072 0.9801
1.1178 -4.1969 -2.5076 0.9801
1.2678 -4.1543 -2.5077 0.9801
1.5627 -4.0528 -2.5078 0.9801
1.7072 -3.9942 -2.5079 0.9801
1.8495 -3.9304 -2.5079 0.9801
1.9895 -3.8616 -2.5080 0.9801
2.1268 -3.7877 -2.5080 0.9801
2.3931 -3.6254 -2.5081 0.9801
2.8874 -3.2456 -2.5081 0.9801
3.1127 -3.0300 -2.5080 0.9801
3.3220 -2.7988 -2.5079 0.9801
3.4203 -2.6777 -2.5079 0.9801
3.6034 -2.4253 -2.5077 0.9801
3.6880 -2.2943 -2.5077 0.9801
3.7678 -2.1604 -2.5076 0.9801
3.8428 -2.0236 -2.5075 0.9801
3.9128 -1.8843 -2.5074 0.9801
4.0376 -1.5986 -2.5072 0.9801
4.1415 -1.3047 -2.5069 0.9801
4.1854 -1.1551 -2.5068 0.9801
4.2239 -1.0041 -2.5066 0.9801
4.2846 -0.6983 -2.5063 0.9801
4.3330 0.2336 -2.5053 0.9802
4.3215 0.3889 -2.5051 0.9802
4.3044 0.5438 -2.5049 0.9802
4.2536 0.8511 -2.5045 0.9802
4.2200 1.0031 -2.5043 0.9802
4.0866 1.4506 -2.5037 0.9802
3.9713 1.7398 -2.5032 0.9802
3.7603 2.1560 -2.5025 0.9802
3.6801 2.2894 -2.5023 0.9802
3.5058 2.5471 -2.5019 0.9802
3.4118 2.6710 -2.5016 0.9802
3.3134 2.7915 -2.5014 0.9802
2.9883 3.1255 -2.4966 0.9802
2.8721 3.2285 -2.4948 0.9802
2.7525 3.3272 -2.4931 0.9803
2.5950 3.3766 -2.4587 0.9805
2.4253 3.4020 -2.4122 0.9809
2.2614 3.4259 -2.3700 0.9812
2.1165 3.4714 -2.3473 0.9814
1.9904 3.5448 -2.3471 0.9814
1.8617 3.6137 -2.3469 0.9814
1.3249 3.8417 -2.3462 0.9814
1.1861 3.8865 -2.3460 0.9814
1.0457 3.9263 -2.3459 0.9814
0.9041 3.9610 -2.3457 0.9814
0.3278 4.0485 -2.3451 0.9814
0.0364 4.0611 -2.3448 0.9814
-0.1093 4.0596 -2.3447 0.9814
-0.2550 4.0528 -2.3445 0.9814
-0.4003 4.0409 -2.3444 0.9814
-0.5451 4.0237 -2.3443 0.9814
-0.6891 4.0014 -2.3442 0.9814
-0.9743 3.9413 -2.3440 0.9814
-1.1151 3.9037 -2.3439 0.9814
-1.2545 3.8610 -2.3439 0.9814
-1.3923 3.8134 -2.3438 0.9814
-1.5447 3.8014 -2.3690 0.9812
-2.0424 3.7954 -2.4884 0.9803
-2.1786 3.7217 -2.4898 0.9803
-2.3121 3.6434 -2.4913 0.9803
-2.5710 3.4726 -2.4946 0.9802
-2.6948 3.3791 -2.4953 0.9802
-2.9303 3.1771 -2.4954 0.9802
-3.0425 3.0699 -2.4954 0.9802
-3.1508 2.9587 -2.4954 0.9802
-2.7810 2.4297 -2.1321 0.9831
-2.9737 2.0800 -2.0952 0.9834
-3.1611 1.7378 -2.0827 0.9835
-3.2191 1.6221 -2.0812 0.9835
-3.2847 1.5098 -2.0872 0.9834
-3.3630 1.4018 -2.1035 0.9833
-4.1001 1.3730 -2.4964 0.9802
-4.1470 1.2250 -2.4966 0.9802
-4.2247 0.9244 -2.4968 0.9802
-4.2554 0.7722 -2.4970 0.9802
-4.2806 0.6190 -2.4971 0.9802
-4.3004 0.4650 -2.4973 0.9802
-4.3146 0.3103 -2.4975 0.9802
-4.3239 -0.1553 -2.4980 0.9802
-4.2831 -0.6194 -2.4986 0.9802
-4.2585 -0.7728 -2.4988 0.9802
-4.2283 -0.9252 -2.4990 0.9802
-4.1054 -1.3748 -2.4996 0.9802
-3.9969 -1.6661 -2.5001 0.9802
-3.9348 -1.8086 -2.5003 0.9802
-3.8677 -1.9489 -2.5005 0.9802
-3.7956 -2.0867 -2.5007 0.9802
-3.6368 -2.3540 -2.5012 0.9802
-3.4591 -2.6094 -2.5016 0.9802
-3.2636 -2.8513 -2.5021 0.9802
-3.1594 -2.9669 -2.5023 0.9802
-2.9390 -3.1865 -2.5028 0.9802
-2.5801 -3.4850 -2.5034 0.9802
-2.4535 -3.5756 -2.5037 0.9802
-2.0554 -3.8197 -2.5043 0.9802
-1.9172 -3.8913 -2.5045 0.9802
-1.7764 -3.9579 -2.5047 0.9802
-1.4881 -4.0758 -2.5051 0.9802
-1.3409 -4.1269 -2.5053 0.9802
-1.1920 -4.1727 -2.5055 0.9802
-0.4279 -4.3200 -2.5063 0.9801
-0.1169 -4.3401 -2.5066 0.9801
0.8138 -4.2660 -2.5074 0.9801
1.4162 -4.1062 -2.5077 0.9801
1.5627 -4.0528 -2.5078 0.9801
1.9895 -3.8616 -2.5080 0.9801
2.2614 -3.7090 -2.5080 0.9801
2.3931 -3.6254 -2.5081 0.9801
2.8874 -3.2456 -2.5081 0.9801
3.0020 -3.1398 -2.5080 0.9801
3.3220 -2.7988 -2.5079 0.9801
3.5141 -2.5531 -2.5078 0.9801
3.6034 -2.4253 -2.5077 0.9801
3.7678 -2.1604 -2.5076 0.9801
3.9128 -1.8843 -2.5074 0.9801
4.2239 -1.0041 -2.5066 0.9801
4.3066 -0.5440 -2.5062 0.9802
4.3340 -0.2336 -2.5058 0.9802
4.3392 -0.0779 -2.5057 0.9802
4.3330 0.2336 -2.5053 0.9802
4.3215 0.3889 -2.5051 0.9802
4.3044 0.5438 -2.5049 0.9802
4.2818 0.6979 -2.5047 0.9802
4.2536 0.8511 -2.5045 0.9802
4.2200 1.0031 -2.5043 0.9802
4.1364 1.3031 -2.5039 0.9802
4.0866 1.4506 -2.5037 0.9802
3.9060 1.8810 -2.5030 0.9802
3.8356 2.0198 -2.5028 0.9802
3.7603 2.1560 -2.5025 0.9802
3.5953 2.4198 -2.5021 0.9802
3.5058 2.5471 -2.5019 0.9802
3.4118 2.6710 -2.5016 0.9802
3.3134 2.7915 -2.5014 0.9802
2.9883 3.1255 -2.4966 0.9802
2.4253 3.4020 -2.4122 0.9809
2.2614 3.4259 -2.3700 0.9812
1.8617 3.6137 -2.3469 0.9814
1.7307 3.6779 -2.3468 0.9814
1.4621 3.7919 -2.3464 0.9814
1.3249 3.8417 -2.3462 0.9814
0.9041 3.9610 -2.3457 0.9814
0.6175 4.0151 -2.3454 0.9814
0.0364 4.0611 -2.3448 0.9814
-0.4003 4.0409 -2.3444 0.9814
-0.5451 4.0237 -2.3443 0.9814
-0.8323 3.9739 -2.3441 0.9814
-0.9743 3.9413 -2.3440 0.9814
-1.1152 3.9037 -2.3439 0.9814
-1.2545 3.8610 -2.3439 0.9814
-1.3923 3.8134 -2.3438 0.9814
-1.5447 3.8014 -2.3690 0.9812
-1.8811 3.8182 -2.4574 0.9805
-2.0424 3.7954 -2.4884 0.9803
-2.1786 3.7217 -2.4898 0.9803
-2.3122 3.6434 -2.4913 0.9803
-2.4430 3.5603 -2.4929 0.9803
-2.8143 3.2802 -2.4953 0.9802
-2.9303 3.1771 -2.4954 0.9802
-2.8191 2.2898 -2.0968 0.9834
-2.9737 2.0800 -2.0952 0.9834
-3.1089 1.8575 -2.0909 0.9834
-3.3630 1.4018 -2.1035 0.9833
-4.1001 1.3730 -2.4964 0.9802
-4.1885 1.0754 -2.4967 0.9802
-4.2554 0.7722 -2.4970 0.9802
-4.2806 0.6190 -2.4971 0.9802
-4.3004 0.4650 -2.4973 0.9802
-4.3146 0.3103 -2.4975 0.9802
-4.3158 -0.3105 -2.4982 0.9802
-4.2831 -0.6194 -2.4986 0.9802
-4.2585 -0.7728 -2.4988 0.9802
-4.1517 -1.2264 -2.4994 0.9802
-4.0537 -1.5214 -2.4998 0.9802
-3.9348 -1.8086 -2.5003 0.9802
-3.7186 -2.2218 -2.5009 0.9802
-3.6368 -2.3540 -2.5012 0.9802
-3.4591 -2.6094 -2.5016 0.9802
-3.3636 -2.7321 -2.5019 0.9802
-3.1594 -2.9669 -2.5023 0.9802
-3.0512 -3.0787 -2.5025 0.9802
-2.8230 -3.2903 -2.5030 0.9802
-2.3238 -3.6617 -2.5039 0.9802
-2.1910 -3.7431 -2.5041 0.9802
-1.6333 -4.0195 -2.5049 0.9802
-1.4881 -4.0758 -2.5051 0.9802
-1.1920 -4.1727 -2.5055 0.9802
-1.0415 -4.2131 -2.5057 0.9802
-0.5827 -4.3015 -2.5062 0.9802
-0.4279 -4.3200 -2.5063 0.9801
-0.2726 -4.3328 -2.5065 0.9801
-0.1169 -4.3401 -2.5066 0.9801
0.1948 -4.3377 -2.5069 0.9801
0.6601 -4.2923 -2.5073 0.9801
0.8138 -4.2660 -2.5074 0.9801
1.5627 -4.0528 -2.5078 0.9801
1.7072 -3.9942 -2.5079 0.9801
1.8495 -3.9304 -2.5079 0.9801
1.9895 -3.8616 -2.5080 0.9801
2.1268 -3.7877 -2.5080 0.9801
2.2614 -3.7090 -2.5080 0.9801
2.5218 -3.5372 -2.5081 0.9801
2.7690 -3.3472 -2.5081 0.9801
2.8874 -3.2456 -2.5081 0.9801
3.3220 -2.7988 -2.5079 0.9801
3.4203 -2.6777 -2.5079 0.9801
3.6880 -2.2943 -2.5077 0.9801
3.7679 -2.1604 -2.5076 0.9801
3.9128 -1.8843 -2.5074 0.9801
3.9778 -1.7426 -2.5073 0.9801
4.1415 -1.3047 -2.5069 0.9801
4.1854 -1.1551 -2.5068 0.9801
4.2239 -1.0040 -2.5066 0.9801
4.2846 -0.6983 -2.5063 0.9801
4.3066 -0.5440 -2.5062 0.9802
4.3231 -0.3891 -2.5060 0.9802
4.3330 0.2336 -2.5053 0.9802
4.2536 0.8511 -2.5045 0.9802
4.2200 1.0031 -2.5043 0.9802
4.1809 1.1539 -2.5041 0.9802
4.1364 1.3031 -2.5039 0.9802
4.0866 1.4506 -2.5037 0.9802
4.0316 1.5962 -2.5034 0.9802
3.9713 1.7398 -2.5032 0.9802
3.8356 2.0198 -2.5028 0.9802
3.6801 2.2894 -2.5023 0.9802
3.5057 2.5471 -2.5019 0.9802
3.4118 2.6710 -2.5016 0.9802
3.3134 2.7915 -2.5014 0.9802
3.2097 2.9074 -2.5003 0.9802
3.1008 3.0185 -2.4984 0.9802
2.8721 3.2285 -2.4948 0.9802
2.7525 3.3272 -2.4931 0.9803
2.5950 3.3766 -2.4587 0.9805
2.2614 3.4259 -2.3700 0.9812
2.1165 3.4714 -2.3473 0.9814
1.9904 3.5448 -2.3471 0.9814
1.7307 3.6779 -2.3468 0.9814
1.5974 3.7373 -2.3466 0.9814
1.4621 3.7919 -2.3464 0.9814
1.3249 3.8417 -2.3462 0.9814
1.1861 3.8865 -2.3460 0.9814
0.9041 3.9610 -2.3457 0.9814
0.7612 3.9906 -2.3455 0.9814
0.6175 4.0151 -2.3454 0.9814
0.1822 4.0574 -2.3449 0.9814
0.0364 4.0611 -2.3448 0.9814
-0.2550 4.0528 -2.3445 0.9814
-0.9743 3.9413 -2.3440 0.9814
-1.2545 3.8610 -2.3439 0.9814
-1.3923 3.8134 -2.3438 0.9814
-1.5447 3.8014 -2.3690 0.9812
-1.7099 3.8099 -2.4110 0.9809
-2.3121 3.6434 -2.4913 0.9803
-2.4430 3.5603 -2.4929 0.9803
-2.5710 3.4726 -2.4946 0.9802
-2.6948 3.3791 -2.4953 0.9802
-2.8143 3.2802 -2.4953 0.9802
-2.7810 2.4297 -2.1321 0.9831
-2.9295 2.2098 -2.1186 0.9832
-2.9737 2.0800 -2.0952 0.9834
-3.1611 1.7378 -2.0827 0.9835
-3.2847 1.5098 -2.0872 0.9834
-4.1001 1.3730 -2.4964 0.9802
-4.1470 1.2250 -2.4966 0.9802
-4.2247 0.9244 -2.4968 0.9802
-4.3004 0.4650 -2.4973 0.9802
-4.3146 0.3103 -2.4975 0.9802
-4.3233 0.1553 -2.4976 0.9802
