ply
format ascii 1.0
element vertex 6690
property float32 x
property float32 y
property float32 z
property float32 I
end_header
-0.1062 17.1362 3.0216 0.9328
-1.9068 24.4026 4.3159 0.9054
-2.8809 25.1896 4.4706 0.9021
-2.7481 18.2120 3.2476 0.9279
-3.4376 18.3024 3.2836 0.9272
-1.8256 8.1047 1.4649 0.9668
-2.0959 7.9604 1.4515 0.9671
-2.4465 8.0995 1.4919 0.9662
-6.9133 20.2341 3.7703 0.9168
-8.7135 20.5512 3.9360 0.9133
-9.6000 20.5563 4.0004 0.9120
-11.0117 21.5284 4.2638 0.9065
-14.8041 22.5722 4.7597 0.8962
-19.0658 24.9623 5.5385 0.8802
-20.7235 25.2036 5.7535 0.8759
-20.1102 15.8436 4.5142 0.9012
-39.0003 -18.6183 7.6202 0.8390
-33.7688 -20.8470 6.9976 0.8511
-33.1805 -22.1666 7.0361 0.8504
-32.8476 -23.6920 7.1413 0.8483
-31.4326 -26.2956 7.2261 0.8467
-31.7510 -28.5600 7.5302 0.8408
-4.3818 -16.2121 2.9612 0.9341
2.6944 -45.5675 8.0488 0.8308
4.0393 -42.4107 7.5120 0.8411
6.3739 -37.8714 6.7717 0.8556
9.5362 -39.2186 7.1168 0.8488
11.3653 -40.3711 7.3952 0.8434
13.0573 -40.7186 7.5399 0.8406
14.9970 -41.5736 7.7929 0.8357
14.3244 -24.6923 5.0335 0.8905
28.5248 -9.6836 5.3116 0.8848
33.1777 2.2445 5.8635 0.8737
31.7840 3.2996 5.6345 0.8783
26.9717 4.7752 4.8298 0.8947
21.7791 7.1884 4.0440 0.9111
21.1432 7.8305 3.9756 0.9125
20.3201 8.3666 3.8748 0.9146
19.6364 8.9221 3.8031 0.9161
16.9747 9.2351 3.4074 0.9245
16.1829 9.5724 3.3153 0.9265
20.4213 15.2628 4.4954 0.9016
11.3283 10.5431 2.7287 0.9391
11.5471 11.5473 2.8795 0.9358
10.3439 12.8514 2.9089 0.9352
12.8309 18.5183 3.9725 0.9126
11.4393 19.3397 3.9620 0.9128
6.7694 13.5827 2.6760 0.9402
5.7679 14.0093 2.6714 0.9403
5.4177 14.6291 2.7507 0.9386
3.9379 15.6174 2.8400 0.9367
1.6376 15.7768 2.7968 0.9376
1.0826 16.0054 2.8286 0.9369
0.5143 16.2474 2.8663 0.9361
-0.9726 24.2162 4.2734 0.9063
-2.8288 25.1673 4.4656 0.9022
-3.3976 18.2851 3.2793 0.9272
-2.0774 7.9531 1.4494 0.9672
-2.4270 8.0918 1.4896 0.9663
-8.6559 20.5263 3.9280 0.9135
-9.5393 20.5304 3.9917 0.9122
-10.9444 21.4999 4.2539 0.9067
-18.9523 24.9139 5.5196 0.8806
-20.5257 25.0622 5.7121 0.8767
-26.6588 13.0051 5.2302 0.8865
-24.2309 -6.5495 4.4259 0.9031
-45.8969 -16.0175 8.5715 0.8208
-41.0841 -17.7373 7.8905 0.8338
-35.6140 -20.1666 7.2166 0.8468
-33.8559 -20.8099 7.0073 0.8509
-32.8778 -23.6167 7.1379 0.8484
-32.3956 -25.0805 7.2240 0.8467
-31.4920 -26.2413 7.2280 0.8466
-32.8437 -31.6244 8.0394 0.8309
-4.4122 -16.1994 2.9604 0.9341
4.0380 -43.2897 7.6663 0.8381
5.1593 -39.8029 7.0770 0.8496
6.2924 -37.8367 6.7633 0.8557
7.9134 -38.9006 6.9997 0.8511
14.9474 -41.6900 7.8093 0.8354
17.1097 -42.8182 8.1305 0.8292
12.6379 -21.8831 4.4558 0.9025
16.2425 0.4827 2.8653 0.9361
34.2476 2.2500 6.0518 0.8699
31.9023 3.2492 5.6543 0.8779
29.8435 4.1262 5.3123 0.8848
26.3821 5.6004 4.7555 0.8962
24.9034 6.2282 4.5264 0.9010
20.3574 8.3357 3.8788 0.9145
19.6866 8.8988 3.8094 0.9160
18.4207 9.1363 3.6256 0.9199
17.0189 9.2163 3.4126 0.9244
16.2247 9.5546 3.3201 0.9264
15.8792 10.1356 3.3217 0.9263
20.4740 15.2403 4.5005 0.9015
19.2147 15.4046 4.3425 0.9048
18.5978 16.0396 4.3304 0.9051
11.3065 10.4819 2.7186 0.9393
11.5786 11.5339 2.8817 0.9358
11.0045 11.7785 2.8423 0.9366
13.4559 17.9313 3.9530 0.9130
12.1945 18.9425 3.9723 0.9126
11.4799 19.3225 3.9630 0.9128
6.2954 13.7846 2.6721 0.9403
5.7950 13.9978 2.6713 0.9403
4.7462 21.9395 3.9580 0.9129
2.2758 16.0031 2.8502 0.9365
1.1129 15.9924 2.8267 0.9370
0.5455 16.2342 2.8641 0.9362
-1.8082 24.3606 4.3072 0.9055
-2.7768 25.1451 4.4607 0.9023
-2.6768 18.2192 3.2470 0.9279
-3.3448 18.1980 3.2625 0.9276
-2.4075 8.0840 1.4873 0.9663
-6.8331 20.2565 3.7695 0.9168
-7.6521 20.2537 3.8177 0.9158
-9.4789 20.5047 3.9832 0.9123
-13.5843 22.6262 4.6534 0.8984
-46.0263 -15.9623 8.5899 0.8205
-22.1507 -8.5843 4.1888 0.9080
-39.2072 -18.5302 7.6465 0.8385
-37.8178 -19.5635 7.5077 0.8412
-33.9431 -20.7727 7.0169 0.8508
-33.1683 -21.9724 7.0153 0.8508
-32.4264 -25.0037 7.2201 0.8468
-31.5514 -26.1870 7.2299 0.8466
-4.4502 -16.2144 2.9648 0.9340
3.9603 -43.3682 7.6788 0.8379
1.0340 15.7412 2.4167 0.9382
-0.1071 17.2866 2.6483 0.9324
-1.0156 24.1154 3.6976 0.9069
-1.3903 17.7930 2.7341 0.9303
-2.8846 25.2223 3.8891 0.9024
-1.8232 8.0943 1.2711 0.9670
-2.4457 8.0968 1.2957 0.9664
-7.8011 20.4078 3.3470 0.9154
-8.7131 20.5502 3.4195 0.9136
-11.1755 21.8486 3.7595 0.9055
-13.7453 22.6939 4.0645 0.8982
-14.9871 22.8513 4.1864 0.8953
-17.0847 24.1158 4.5276 0.8873
-20.7235 25.2036 4.9987 0.8763
-23.8858 27.0121 5.5239 0.8642
-26.1485 27.5147 5.8149 0.8576
-20.0080 15.7630 3.9021 0.9021
-45.9092 -16.1220 7.4541 0.8213
-22.0985 -8.6631 3.6362 0.9084
-40.9738 -17.7843 6.8427 0.8346
-39.0003 -18.6183 6.6205 0.8396
-37.1552 -19.4043 6.4215 0.8440
-35.4157 -20.1454 6.2418 0.8480
-33.7688 -20.8470 6.0796 0.8516
-31.4326 -26.2956 6.2781 0.8472
-31.4060 -28.2497 6.4712 0.8429
-32.9329 -31.8340 7.0169 0.8308
-4.3785 -16.1998 2.5708 0.9343
1.1405 -49.2153 7.5415 0.8194
2.6944 -45.5675 6.9929 0.8313
9.5362 -39.2186 6.1831 0.8493
19.4637 -43.8211 7.3455 0.8236
49.1967 -3.7472 7.5585 0.8190
41.3263 -1.6593 6.3361 0.8459
33.1777 2.2445 5.0942 0.8741
31.7840 3.2996 4.8953 0.8787
29.7357 4.1702 4.5999 0.8856
27.3051 4.8342 4.2480 0.8939
26.2957 5.6355 4.1198 0.8969
25.1786 6.3491 3.9780 0.9003
23.6143 6.8648 3.7673 0.9053
21.7791 7.1884 3.5135 0.9114
21.1818 7.8448 3.4603 0.9126
25.9213 12.9193 4.4369 0.8894
15.8689 10.1725 2.8876 0.9266
15.5643 10.7844 2.9008 0.9262
20.4204 15.2622 3.9055 0.9020
18.5480 16.0597 3.7585 0.9055
11.3197 10.5351 2.3689 0.9393
13.5281 18.1007 3.4618 0.9126
9.2674 13.3753 2.4928 0.9363
12.3674 19.2935 3.5108 0.9114
6.7694 13.5827 2.3249 0.9404
5.7679 14.0093 2.3209 0.9405
7.1072 21.5344 3.4740 0.9123
3.9329 15.5977 2.4643 0.9370
3.8833 21.9360 3.4127 0.9138
1.0826 16.0054 2.4575 0.9371
0.5143 16.2474 2.4903 0.9363
-0.0727 17.1129 2.6216 0.9331
-0.9726 24.2162 3.7128 0.9066
-1.3510 17.7343 2.7247 0.9306
-2.8308 25.1852 3.8825 0.9025
-1.8092 8.1055 1.2723 0.9670
-2.0767 7.9505 1.2588 0.9673
-2.4262 8.0891 1.2937 0.9664
-9.5102 28.0127 4.5320 0.8872
-8.6555 20.5253 3.4125 0.9138
-9.5393 20.5304 3.4681 0.9125
-13.6641 22.6591 4.0535 0.8985
-14.8992 22.8138 4.1742 0.8956
-18.9520 24.9135 4.7954 0.8810
-24.2295 -6.5491 3.8450 0.9034
-46.0385 -16.0669 7.4700 0.8209
-22.1262 -8.6244 3.6380 0.9084
-41.0841 -17.7373 6.8554 0.8344
-33.1744 -22.0693 6.1040 0.8511
-32.3157 -25.0187 6.2608 0.8476
-31.3301 -28.0714 6.4443 0.8435
-4.4089 -16.1871 2.5701 0.9344
5.1593 -39.8029 6.1486 0.8501
6.2924 -37.8367 5.8760 0.8562
7.9135 -38.9006 6.0814 0.8516
9.4462 -39.1802 6.1742 0.8495
12.9564 -40.6756 6.5398 0.8413
17.1097 -42.8182 7.0638 0.8298
19.3381 -43.7675 7.3302 0.8240
41.5361 -1.7486 6.3687 0.8452
39.9704 -0.2471 6.1234 0.8507
16.2194 0.4820 2.4858 0.9364
34.2476 2.2500 5.2578 0.8703
29.8403 4.1258 4.6149 0.8852
27.3962 4.7954 4.2608 0.8936
26.3798 5.5999 4.1313 0.8966
23.6938 6.8379 3.7779 0.9050
21.8414 7.1618 3.5213 0.9112
27.2902 12.3357 4.5880 0.8859
17.0189 9.2163 2.9650 0.9247
16.2247 9.5546 2.8845 0.9266
20.4731 15.2396 3.9099 0.9019
18.5970 16.0389 3.7622 0.9054
11.3014 10.4771 2.3608 0.9395
11.5786 11.5339 2.5037 0.9360
10.3838 12.8497 2.5309 0.9353
9.3089 13.3795 2.4970 0.9362
11.6969 19.6877 3.5082 0.9115
7.5330 13.7828 2.4062 0.9384
6.7966 13.5711 2.3252 0.9404
5.7950 13.9978 2.3209 0.9405
5.4434 14.6112 2.3886 0.9389
7.1480 21.5170 3.4734 0.9123
3.9689 15.6122 2.4678 0.9369
3.9242 21.9186 3.4112 0.9138
1.6789 15.8736 2.4453 0.9374
1.1129 15.9924 2.4559 0.9372
0.5454 16.2342 2.4884 0.9364
-0.0394 17.1065 2.6206 0.9331
-0.9293 24.3178 3.7281 0.9062
-3.3600 18.2808 2.8474 0.9275
-1.7952 8.1167 1.2735 0.9669
-2.4067 8.0814 1.2918 0.9665
-9.4393 27.9825 4.5241 0.8874
-7.7258 20.4489 3.3488 0.9153
-9.4789 20.5047 3.4606 0.9126
-14.8117 22.7765 4.1622 0.8959
-16.8197 23.9385 4.4820 0.8883
-25.7192 27.2747 5.7430 0.8592
-24.2333 -6.4996 3.8436 0.9035
-46.1684 -16.0116 7.4860 0.8206
-22.1540 -8.5856 3.6398 0.9083
-39.2072 -18.5302 6.6434 0.8390
-33.9431 -20.7727 6.0964 0.8513
-32.9079 -23.5415 6.1985 0.8490
-31.2547 -27.8945 6.4177 0.8441
2.5798 -46.7127 7.1670 0.8275
3.9603 -43.3682 6.6714 0.8384
5.0967 -39.9286 6.1665 0.8497
6.2111 -37.8021 5.8687 0.8564
-0.1036 16.7205 2.1774 0.9348
-2.7552 18.2586 2.4046 0.9282
-3.4264 18.2429 2.4171 0.9279
-9.6788 28.3281 3.8983 0.8863
-9.6000 20.5563 2.9544 0.9125
-12.6926 22.7610 3.3937 0.9002
-13.7352 22.6772 3.4525 0.8986
-19.0640 24.9599 4.0899 0.8810
-20.8347 25.3389 4.2719 0.8761
-23.8849 27.0111 4.6953 0.8646
-26.1485 27.5147 4.9429 0.8580
-20.0026 15.7588 3.3160 0.9024
-45.3428 -15.9231 6.2581 0.8238
-37.1552 -19.4043 5.4585 0.8444
-35.9170 -20.4305 5.3809 0.8465
-35.1607 -21.7062 5.3809 0.8465
-33.1805 -22.1666 5.1963 0.8513
-35.3311 -25.4833 5.6727 0.8389
-32.6244 -25.3593 5.3809 0.8465
-31.6414 -28.4614 5.5420 0.8423
-32.9329 -31.8340 5.9646 0.8313
-4.3752 -16.1876 2.1836 0.9346
1.1405 -49.2153 6.4106 0.8199
4.0393 -42.4107 5.5478 0.8421
9.5362 -39.2186 5.2559 0.8498
13.0573 -40.7186 5.5684 0.8416
14.9970 -41.5736 5.7552 0.8367
14.2975 -24.6460 3.7104 0.8914
42.4868 -1.7059 5.5371 0.8424
16.1731 0.5122 2.1071 0.9368
34.1090 2.3075 4.4519 0.8712
30.1770 4.2321 3.9681 0.8843
27.3051 4.8342 3.6110 0.8942
26.3584 5.6490 3.5104 0.8970
25.8076 6.5077 3.4659 0.8982
21.7791 7.1884 2.9866 0.9116
21.2225 7.8598 2.9470 0.9128
19.6441 8.9256 2.8097 0.9166
19.1647 15.4259 3.2036 0.9055
12.8817 11.1536 2.2189 0.9336
11.5471 11.5473 2.1265 0.9363
10.9739 11.7915 2.0976 0.9371
9.9893 12.4108 2.0746 0.9378
12.4408 19.4079 3.0020 0.9112
7.3669 13.5413 2.0074 0.9397
6.7694 13.5827 1.9762 0.9406
5.3358 14.4078 2.0007 0.9399
4.8231 14.6137 2.0040 0.9398
6.3908 21.9852 2.9814 0.9118
5.5926 22.1797 2.9787 0.9119
4.7215 22.0325 2.9342 0.9131
2.7753 15.6770 2.0732 0.9378
2.2068 15.7372 2.0694 0.9379
1.6376 15.7768 2.0655 0.9380
1.0826 16.0054 2.0890 0.9373
-0.0710 16.7074 2.1757 0.9348
-0.9726 24.2162 3.1560 0.9069
-1.8575 24.3816 3.1842 0.9061
-2.8556 25.4060 3.3292 0.9020
-1.8069 8.0951 1.0801 0.9671
-2.0761 7.9480 1.0697 0.9674
-8.6326 20.4710 2.8931 0.9143
-9.5393 20.5304 2.9480 0.9127
-9.8573 19.3643 2.8296 0.9161
-12.6498 22.7883 3.3941 0.9002
-13.6816 22.6881 3.4501 0.8986
-18.9502 24.9112 4.0759 0.8814
-20.7081 25.2849 4.2560 0.8765
-23.7352 26.9473 4.6762 0.8652
-25.9781 27.4421 4.9208 0.8586
-25.5196 16.0545 3.9261 0.8855
-45.4705 -15.8687 6.2714 0.8234
-41.0841 -17.7373 5.8273 0.8348
-35.9566 -20.3606 5.3809 0.8465
-31.5648 -28.2817 5.5190 0.8429
-4.4095 -16.1896 2.1850 0.9346
4.0380 -43.2897 5.6617 0.8391
6.2924 -37.8367 4.9948 0.8567
7.9135 -38.9006 5.1694 0.8520
11.2692 -40.3301 5.4530 0.8446
12.9564 -40.6756 5.5590 0.8418
14.9474 -41.6900 5.7673 0.8364
16.1965 0.4814 2.1101 0.9367
31.9003 3.2490 4.1756 0.8787
30.2689 4.1850 3.9791 0.8840
21.9414 6.3322 2.9738 0.9120
21.8414 7.1618 2.9932 0.9114
21.2623 7.8276 2.9505 0.9127
20.8125 8.5220 2.9286 0.9133
26.0421 12.9164 3.7854 0.8894
17.0189 9.2163 2.5203 0.9249
16.2247 9.5546 2.4519 0.9269
15.9101 10.1554 2.4579 0.9267
15.6081 10.7699 2.4694 0.9264
20.5324 15.2837 3.3332 0.9019
19.2147 15.4046 3.2070 0.9054
12.9133 11.1370 2.2206 0.9335
11.5786 11.5339 2.1282 0.9362
10.5811 12.1731 2.1003 0.9370
12.9927 18.6742 2.9624 0.9123
12.4826 19.3901 3.0030 0.9112
6.2954 13.7846 1.9734 0.9407
4.8510 14.6025 2.0037 0.9398
5.6340 22.1620 2.9778 0.9119
4.7651 22.0268 2.9347 0.9131
2.2361 15.7240 2.0682 0.9379
1.1129 15.9924 2.0876 0.9374
0.5455 16.2342 2.1152 0.9366
-2.7994 25.3504 3.3212 0.9022
-1.7929 8.1063 1.0811 0.9671
-2.4060 8.0788 1.0977 0.9666
-9.5678 28.3632 3.8980 0.8863
-8.6036 20.5136 2.8967 0.9142
-9.4789 20.5047 2.9416 0.9129
-13.6166 22.6800 3.4448 0.8988
-17.2106 24.4948 3.8984 0.8862
-20.5825 25.2314 4.2402 0.8769
-23.5867 26.8840 4.6572 0.8657
-20.2141 16.0533 3.3614 0.9011
-45.5988 -15.8140 6.2849 0.8231
-39.3692 -18.6068 5.6704 0.8389
-37.5041 -19.4013 5.4986 0.8434
-35.2448 -21.5694 5.3809 0.8465
-33.1683 -21.9723 5.1810 0.8517
-31.5514 -26.1870 5.3395 0.8476
-4.4523 -16.2222 2.1906 0.9344
2.5798 -46.7127 6.0922 0.8280
0.4830 16.2608 1.7469 0.9366
-1.9068 24.4026 2.6284 0.9062
-2.1420 18.7285 2.0242 0.9270
-2.6880 17.8136 1.9345 0.9301
-3.4067 18.1376 1.9817 0.9284
-1.8186 8.0737 0.8887 0.9673
-2.4441 8.0916 0.9077 0.9666
-7.7005 20.1444 2.3158 0.9169
-8.6811 20.4748 2.3881 0.9144
-9.6000 20.5563 2.4362 0.9128
-13.7755 22.7437 2.8553 0.8986
-18.0253 25.4433 3.3483 0.8821
-23.9634 27.0999 3.8846 0.8646
-22.1051 -8.6657 2.5496 0.9089
-36.4193 -20.7162 4.4992 0.8449
-38.8706 -23.9965 4.9053 0.8321
-35.3524 -25.4987 4.6806 0.8392
-36.9075 -28.6886 5.0197 0.8286
-31.4326 -26.2956 4.4006 0.8480
-32.8297 -29.5303 4.7416 0.8372
-4.3719 -16.1755 1.7993 0.9348
1.1405 -49.2152 5.2862 0.8203
5.2427 -39.8385 4.3148 0.8507
6.3739 -37.8714 4.1239 0.8568
7.9894 -38.8868 4.2629 0.8524
11.3653 -40.3711 4.5036 0.8447
17.1956 -42.7915 4.9521 0.8307
21.7837 -44.6522 5.3350 0.8188
14.2842 -24.6231 3.0567 0.8918
49.1967 -3.7472 5.2981 0.8200
39.8320 -0.1687 4.2773 0.8519
34.6032 2.3410 3.7242 0.8698
27.3051 4.8342 2.9777 0.8944
34.7850 8.7715 3.8522 0.8656
20.9306 8.6180 2.4306 0.9130
19.7247 8.9622 2.3264 0.9165
16.9747 9.2351 2.0751 0.9252
15.6279 10.0181 1.9933 0.9280
15.4150 10.6810 2.0138 0.9273
12.9768 11.2359 1.8432 0.9333
11.3861 10.5968 1.6702 0.9393
11.5471 11.5473 1.7536 0.9364
10.0449 12.4800 1.7203 0.9376
12.9963 18.7570 2.4504 0.9123
7.9177 13.3859 1.6700 0.9394
4.8497 14.6943 1.6616 0.9396
5.5926 22.1797 2.4562 0.9121
4.7248 22.0476 2.4213 0.9133
2.8598 16.1543 1.7617 0.9361
1.6376 15.7768 1.7032 0.9382
1.0826 16.0054 1.7226 0.9375
0.5143 16.2474 1.7456 0.9367
-0.0714 16.7990 1.8039 0.9347
-0.9726 24.2162 2.6025 0.9071
-1.8575 24.3816 2.6257 0.9063
-9.8064 28.8855 3.2756 0.8845
-9.5393 20.5304 2.4310 0.9130
-9.8565 19.3627 2.3331 0.9163
-18.9695 24.9365 3.3644 0.8816
-23.8535 27.0816 3.8753 0.8649
-25.5151 16.0518 3.2370 0.8858
-22.1329 -8.6270 2.5508 0.9089
-37.2523 -19.3630 4.5083 0.8446
-35.4436 -25.4598 4.6861 0.8390
-36.8348 -28.5174 5.0022 0.8291
-4.4106 -16.1935 1.8022 0.9347
2.6160 -45.7516 4.9209 0.8316
4.0380 -43.2898 4.6687 0.8395
5.1593 -39.8029 4.3099 0.8509
7.9135 -38.9006 4.2628 0.8524
9.4462 -39.1803 4.3278 0.8503
11.2692 -40.3301 4.4966 0.8450
17.1097 -42.8182 4.9514 0.8307
31.1250 -29.5787 4.6107 0.8414
16.1738 0.4807 1.7375 0.9370
35.1683 2.3105 3.7846 0.8678
26.4806 5.6213 2.9069 0.8968
21.9405 6.3319 2.4522 0.9122
21.8414 7.1618 2.4682 0.9117
21.2804 7.8343 2.4351 0.9128
15.6691 10.0015 1.9961 0.9279
15.3816 10.6136 2.0067 0.9276
20.5967 15.3316 2.7572 0.9019
19.2147 15.4046 2.6445 0.9057
11.3395 10.5124 1.6604 0.9397
10.0752 12.4678 1.7213 0.9375
13.4559 17.9313 2.4073 0.9138
11.7145 19.7173 2.4628 0.9119
6.7966 13.5711 1.6298 0.9408
5.7950 13.9978 1.6268 0.9409
5.3929 14.4756 1.6588 0.9397
4.8777 14.6831 1.6614 0.9397
5.6674 22.2934 2.4701 0.9116
4.7631 22.0175 2.4190 0.9134
2.9150 16.2816 1.7761 0.9356
1.6789 15.8736 1.7141 0.9378
0.5455 16.2342 1.7442 0.9367
-0.0387 16.7858 1.8025 0.9347
-1.7906 8.0960 0.8904 0.9672
-2.0571 7.9383 0.8806 0.9675
-2.4052 8.0762 0.9049 0.9667
-9.7334 28.8544 3.2700 0.8847
-8.6093 20.5272 2.3903 0.9143
-9.4789 20.5047 2.4257 0.9131
-9.8366 19.4171 2.3373 0.9162
-18.8851 24.9260 3.3581 0.8818
-20.5825 25.2314 3.4965 0.8772
-23.7270 27.0438 3.8633 0.8653
-20.0901 15.9548 2.7549 0.9019
-25.4646 16.0892 3.2344 0.8859
-43.1431 -22.3184 5.2160 0.8225
-36.3145 -20.4701 4.4764 0.8456
-39.0710 -23.9109 4.9188 0.8317
-33.1683 -21.9723 4.2723 0.8521
-35.5289 -25.4165 4.6909 0.8388
-36.7626 -28.3473 4.9849 0.8296
-4.4534 -16.2261 1.8068 0.9345
3.9603 -43.3682 4.6763 0.8393
5.0967 -39.9286 4.3224 0.8505
6.2111 -37.8021 4.1137 0.8572
0.4830 16.2608 1.3771 0.9368
-0.1041 16.8109 1.4231 0.9347
-1.9068 24.4026 2.0720 0.9064
-2.1598 18.8846 1.6091 0.9265
-3.4255 18.2378 1.5709 0.9282
-2.4433 8.0890 0.7153 0.9666
-7.7630 20.3079 1.8404 0.9164
-9.8809 19.3178 1.8368 0.9166
-12.7656 22.8920 2.2188 0.9001
-13.5896 22.4369 2.2206 0.9001
-24.1330 27.2917 3.0840 0.8639
-19.9919 15.7504 2.1545 0.9029
-22.1084 -8.6670 2.0102 0.9091
-36.4193 -20.7162 3.5469 0.8452
-33.1805 -22.1666 3.3780 0.8520
-31.4326 -26.2956 3.4692 0.8483
-32.8297 -29.5303 3.7380 0.8376
-34.2604 -33.1172 4.0337 0.8259
4.0393 -42.4107 3.6064 0.8428
5.2420 -39.8324 3.4010 0.8511
13.0573 -40.7186 3.6198 0.8423
14.2711 -24.6004 2.4075 0.8921
49.1967 -3.7472 4.1767 0.8203
42.0489 -0.1781 3.5596 0.8447
46.1148 6.4673 3.9419 0.8295
27.3051 4.8342 2.3474 0.8947
25.9450 5.5604 2.2462 0.8990
26.0220 6.5618 2.2718 0.8979
21.9937 6.3936 1.9389 0.9122
21.7791 7.1884 1.9415 0.9120
28.0650 12.7517 2.6095 0.8836
16.9747 9.2351 1.6359 0.9254
15.5543 10.7775 1.6019 0.9268
20.2889 15.1639 2.1442 0.9033
11.5471 11.5473 1.3824 0.9365
10.6080 12.2520 1.3719 0.9370
13.5281 18.1007 1.9129 0.9133
7.9171 13.3850 1.3164 0.9395
6.2683 13.7962 1.2828 0.9410
5.7679 14.0093 1.2825 0.9410
5.3647 14.4858 1.3077 0.9399
4.8494 14.6933 1.3098 0.9398
6.3391 21.8074 1.9225 0.9129
5.5648 22.0697 1.9267 0.9127
2.2189 15.8232 1.3526 0.9379
1.0660 15.7602 1.3372 0.9386
-0.0714 16.7977 1.4220 0.9348
-0.9726 24.2162 2.0516 0.9073
-1.8574 24.3816 2.0699 0.9065
-2.1296 18.9467 1.6140 0.9263
-2.0748 7.9431 0.6950 0.9676
-9.8065 28.8855 2.5823 0.8847
-8.6248 20.4526 1.8790 0.9147
-9.5393 20.5304 1.9164 0.9131
-14.8992 22.8138 2.3066 0.8964
-19.0091 24.9886 2.6579 0.8816
-20.0789 24.5166 2.6826 0.8805
-24.0467 27.3009 3.0798 0.8641
-25.5108 16.0490 2.5514 0.8860
-24.2251 -6.5479 2.1242 0.9042
-39.8881 -18.9470 3.7382 0.8376
-33.1744 -22.0693 3.3730 0.8522
-36.8592 -28.5363 3.9460 0.8293
-34.3530 -33.0777 4.0370 0.8258
2.6160 -45.7515 3.8793 0.8320
5.1594 -39.8029 3.3976 0.8512
11.1839 -40.0249 3.5180 0.8463
12.9564 -40.6756 3.6138 0.8425
14.9474 -41.6900 3.7492 0.8371
12.6351 -21.8783 2.1387 0.9036
49.4734 -3.8651 4.2008 0.8194
16.1512 0.4800 1.3679 0.9372
31.9199 3.2510 2.7161 0.8792
25.9975 6.5018 2.2685 0.8980
21.8414 7.1618 1.9458 0.9119
28.1399 12.7198 2.6142 0.8834
18.1832 9.0185 1.7182 0.9218
15.7562 10.0571 1.5824 0.9277
11.3089 10.4841 1.3054 0.9400
11.5786 11.5339 1.3835 0.9365
11.6197 19.5578 1.9258 0.9127
7.4343 13.6021 1.3122 0.9397
5.7950 13.9978 1.2825 0.9410
5.3925 14.4746 1.3076 0.9399
4.8774 14.6820 1.3097 0.9398
5.6077 22.0589 1.9267 0.9127
4.7332 21.8790 1.8950 0.9141
2.9154 16.2838 1.4004 0.9357
2.2484 15.8100 1.3518 0.9379
1.6789 15.8736 1.3513 0.9379
-0.9251 24.2064 2.0506 0.9073
-1.8082 24.3606 2.0679 0.9066
-2.0992 19.0093 1.6190 0.9261
-2.6267 17.8785 1.5297 0.9300
-3.3455 18.2018 1.5666 0.9284
-1.7883 8.0858 0.7010 0.9673
-2.0564 7.9358 0.6940 0.9676
-2.4044 8.0736 0.7131 0.9667
-8.5671 20.4266 1.8751 0.9149
-9.8390 19.4217 1.8430 0.9163
-13.4351 22.3777 2.2095 0.9005
-14.8117 22.7765 2.3000 0.8967
-20.0507 24.5795 2.6852 0.8804
-23.9350 27.2810 3.0723 0.8644
-25.9477 27.5171 3.2017 0.8591
-19.9682 15.8580 2.1586 0.9027
-25.4632 16.0883 2.5497 0.8861
-24.2398 -6.5013 2.1245 0.9042
-43.1612 -22.3278 4.1137 0.8228
-36.3145 -20.4701 3.5289 0.8459
-19.8610 -17.7257 2.2535 0.8986
-34.4458 -33.0382 4.0404 0.8256
-4.4545 -16.2300 1.4247 0.9347
-3.9447 -16.6989 1.4525 0.9334
-1.3198 -25.1135 2.1289 0.9040
2.5798 -46.7127 3.9604 0.8288
3.9206 -42.9341 3.6496 0.8411
1.0522 16.0183 0.9954 0.9377
0.4830 16.2608 1.0088 0.9369
-1.9068 24.4026 1.5178 0.9066
-2.7028 17.9113 1.1233 0.9300
-1.8140 8.0534 0.5119 0.9675
-2.4425 8.0864 0.5238 0.9667
-8.6819 20.4766 1.3792 0.9147
-9.6000 20.5563 1.4068 0.9131
-9.8659 19.2883 1.3435 0.9168
-13.6921 22.6061 1.6389 0.8995
-14.9871 22.8513 1.6946 0.8963
-17.9762 25.3741 1.9283 0.8828
-6.9811 8.4903 0.6816 0.9569
-23.7808 26.8933 2.2261 0.8660
-19.9866 15.7462 1.5778 0.9031
-22.1117 -8.6683 1.4727 0.9092
-39.9390 -19.0665 2.7444 0.8375
-37.1552 -19.4043 2.5993 0.8454
-38.8592 -23.9895 2.8319 0.8328
-36.8924 -28.6769 2.8976 0.8292
-31.4326 -26.2956 2.5413 0.8485
-20.0189 -18.0070 1.6697 0.8977
-34.2604 -33.1172 2.9548 0.8262
-4.3701 -16.1687 1.0386 0.9351
1.1405 -49.2153 3.0527 0.8210
4.0393 -42.4107 2.6418 0.8430
6.3739 -37.8714 2.3814 0.8573
7.9894 -38.8868 2.4617 0.8529
5.3750 -19.0928 1.2300 0.9236
6.0156 -18.7595 1.2216 0.9241
14.9970 -41.5736 2.7406 0.8377
17.0959 -42.5434 2.8432 0.8321
42.6746 -1.7134 2.6484 0.8427
43.1658 -0.1828 2.6767 0.8411
16.1057 0.5100 0.9992 0.9375
31.4784 3.2679 1.9625 0.8809
31.3471 4.3962 1.9629 0.8809
27.3051 4.8342 1.7195 0.8948
26.1866 5.6122 1.6607 0.8982
21.9786 6.3893 1.4193 0.9124
20.8227 8.5735 1.3964 0.9137
16.1829 9.5724 1.1659 0.9274
15.5555 10.7783 1.1735 0.9270
20.3656 15.2212 1.5766 0.9031
12.9748 11.2342 1.0643 0.9335
12.1372 11.2959 1.0281 0.9357
11.5471 11.5473 1.0126 0.9366
10.9739 11.7915 0.9989 0.9375
10.6073 12.2512 1.0049 0.9371
10.0435 12.4782 0.9933 0.9378
12.7781 18.4421 1.3913 0.9140
11.5786 19.5753 1.4103 0.9129
7.4062 13.6136 0.9610 0.9398
6.7694 13.5827 0.9411 0.9410
5.3643 14.4848 0.9578 0.9400
6.3391 21.8074 1.4083 0.9130
4.6922 21.8957 1.3886 0.9142
2.8610 16.1611 1.0178 0.9363
2.2187 15.8221 0.9907 0.9380
-0.0714 16.7965 1.0416 0.9349
-1.8575 24.3816 1.5163 0.9067
-3.3851 18.2183 1.1491 0.9284
-2.0742 7.9406 0.5089 0.9676
-9.7271 28.6518 1.8763 0.8858
-7.7412 20.3696 1.3513 0.9164
-9.8449 19.3399 1.3457 0.9167
-13.6098 22.5691 1.6343 0.8998
-14.8992 22.8138 1.6897 0.8965
-20.0734 24.5099 1.9645 0.8808
-19.9692 15.7955 1.5789 0.9030
-30.2006 -14.3454 2.0733 0.8746
-36.3668 -20.5929 2.5916 0.8458
-38.9594 -23.9468 2.8358 0.8325
-33.1744 -22.0693 2.4708 0.8524
-35.4302 -25.4502 2.7051 0.8396
-31.4920 -26.2413 2.5419 0.8485
-32.9169 -29.4931 2.7407 0.8377
-34.3530 -33.0777 2.9572 0.8260
2.6160 -45.7516 2.8417 0.8322
16.9802 -42.4941 2.8377 0.8324
19.1917 -43.4363 2.9447 0.8267
12.6344 -21.8771 1.5667 0.9037
32.6054 2.1422 2.0262 0.8773
31.6012 3.2185 1.9697 0.8805
31.3237 4.3309 1.9609 0.8810
27.3962 4.7954 1.7247 0.8945
26.2732 5.5773 1.6655 0.8979
27.9123 12.6169 1.8995 0.8845
19.2147 15.4046 1.5271 0.9060
11.5786 11.5339 1.0134 0.9366
11.0045 11.7785 0.9996 0.9374
10.6382 12.2387 1.0056 0.9371
10.0737 12.4660 0.9939 0.9378
13.4559 17.9314 1.3902 0.9141
12.3816 19.2332 1.4184 0.9124
6.7966 13.5711 0.9412 0.9410
6.2954 13.7846 0.9397 0.9411
4.8770 14.6810 0.9593 0.9399
5.6215 22.1131 1.4149 0.9126
4.7328 21.8775 1.3880 0.9142
2.2482 15.8088 0.9902 0.9380
1.1129 15.9924 0.9941 0.9378
-0.9286 24.2994 1.5079 0.9071
-1.8082 24.3606 1.5148 0.9067
-2.0993 19.0107 1.1860 0.9262
-2.6265 17.8770 1.1205 0.9301
-2.0558 7.9333 0.5082 0.9677
-9.6547 28.6210 1.8731 0.8860
-7.7188 20.4303 1.3543 0.9162
-8.5663 20.4246 1.3734 0.9151
-12.7782 23.1256 1.6384 0.8995
-13.5279 22.5322 1.6297 0.9000
-20.0463 24.5741 1.9666 0.8806
-25.9477 27.5171 2.3454 0.8594
-25.4618 16.0874 1.8675 0.8863
-24.2381 -6.5009 1.5561 0.9043
-47.1477 -16.3512 3.0945 0.8187
-22.1673 -8.5908 1.4742 0.9091
-39.8375 -18.8281 2.7324 0.8381
-43.0227 -22.2561 3.0037 0.8236
-36.3144 -20.4701 2.5850 0.8461
-39.0598 -23.9040 2.8397 0.8323
-36.7467 -28.3351 2.8774 0.8303
-31.5514 -26.1870 2.5426 0.8485
-33.0042 -29.4559 2.7432 0.8375
-34.4458 -33.0382 2.9597 0.8259
-4.4555 -16.2339 1.0439 0.9348
-3.9292 -16.6335 1.0598 0.9338
0.9618 -49.8795 3.0936 0.8188
2.5490 -46.1539 2.8664 0.8309
3.9206 -42.9341 2.6734 0.8413
6.2111 -37.8021 2.3756 0.8577
1.0522 16.0183 0.6330 0.9378
-1.0156 24.1154 0.9517 0.9079
-3.4249 18.2348 0.7316 0.9284
-1.8118 8.0433 0.3251 0.9675
-2.0919 7.9454 0.3240 0.9676
-8.2795 27.4110 1.1291 0.8917
-9.9116 29.0098 1.2088 0.8845
-9.6000 20.5562 0.8946 0.9132
-13.6905 22.6034 1.0420 0.8996
-6.9749 8.4828 0.4327 0.9570
-23.8614 26.9845 1.4204 0.8657
-19.9813 15.7421 1.0030 0.9032
-30.1573 -14.3968 1.3177 0.8748
-28.5020 -14.8852 1.2679 0.8792
-36.4193 -20.7162 1.6521 0.8456
-38.8995 -24.0144 1.8026 0.8328
-33.1805 -22.1666 1.5734 0.8524
-35.3757 -25.5155 1.7199 0.8398
-31.4326 -26.2956 1.6159 0.8487
-32.8297 -29.5303 1.7412 0.8380
-23.5498 -26.2844 1.3916 0.8683
1.1405 -49.2153 1.9411 0.8211
2.7399 -46.3369 1.8303 0.8304
5.2427 -39.8385 1.5844 0.8514
4.0350 -19.6397 0.7906 0.9229
17.1956 -42.7915 1.8184 0.8314
21.7837 -44.6522 1.9590 0.8196
14.2449 -24.5553 1.1194 0.8926
49.1967 -3.7472 1.9455 0.8208
42.6746 -1.7134 1.6841 0.8428
16.0835 0.5093 0.6345 0.9376
23.3892 6.7993 0.9604 0.9071
21.0560 7.7982 0.8854 0.9140
28.1553 12.7927 1.2194 0.8836
16.1829 9.5724 0.7414 0.9275
15.7122 10.0721 0.7359 0.9280
15.5567 10.7791 0.7463 0.9270
19.1647 15.4259 0.9701 0.9062
11.5471 11.5473 0.6439 0.9367
10.6065 12.2503 0.6389 0.9372
13.5281 18.1008 0.8910 0.9135
12.7772 18.4409 0.8846 0.9141
12.4808 19.4703 0.9119 0.9116
7.4057 13.6127 0.6111 0.9398
6.7694 13.5827 0.5984 0.9411
5.7679 14.0093 0.5974 0.9412
5.3639 14.4838 0.6090 0.9400
5.5802 22.1307 0.8999 0.9127
4.6919 21.8942 0.8829 0.9143
2.8616 16.1646 0.6473 0.9364
2.2185 15.8210 0.6299 0.9380
1.6376 15.7768 0.6255 0.9385
1.0826 16.0054 0.6325 0.9378
-0.9726 24.2162 0.9556 0.9075
-2.6644 17.8927 0.7133 0.9301
-3.3849 18.2168 0.7306 0.9285
-2.4223 8.0761 0.3325 0.9668
-9.8380 28.9784 1.2067 0.8847
-7.7416 20.3707 0.8593 0.9165
-8.6231 20.4485 0.8751 0.9150
-9.5393 20.5304 0.8927 0.9134
-10.8930 21.3989 0.9468 0.9084
-14.8992 22.8138 1.0744 0.8967
-17.9754 25.4779 1.2295 0.8827
-20.7081 25.2849 1.2887 0.8774
-19.9639 15.7913 1.0037 0.9031
-25.5071 16.0467 1.1883 0.8864
-24.2219 -6.5471 0.9894 0.9044
-28.5745 -14.8524 1.2698 0.8790
-36.3667 -20.5929 1.6479 0.8459
-35.4670 -25.4766 1.7219 0.8396
-36.8820 -28.5540 1.8392 0.8297
-32.9169 -29.4931 1.7427 0.8378
-34.3530 -33.0777 1.8804 0.8262
-4.4137 -16.2050 0.6623 0.9350
-3.9019 -16.6629 0.6748 0.9338
2.6602 -46.5240 1.8375 0.8298
4.0380 -43.2897 1.7144 0.8403
4.0225 -19.7734 0.7957 0.9224
4.6154 -19.1432 0.7765 0.9242
14.9474 -41.6901 1.7463 0.8375
17.1097 -42.8182 1.8182 0.8315
12.6336 -21.8756 0.9961 0.9038
42.1983 -0.2608 1.6640 0.8446
27.3962 4.7954 1.0967 0.8946
26.2700 5.5766 1.0589 0.8981
26.1507 6.5402 1.0629 0.8977
23.4560 6.7693 0.9626 0.9069
21.8414 7.1618 0.9064 0.9121
18.1800 9.0169 0.8002 0.9220
17.0189 9.2163 0.7632 0.9254
16.2247 9.5546 0.7424 0.9274
19.2147 15.4046 0.9711 0.9061
11.5786 11.5339 0.6444 0.9367
10.6374 12.2378 0.6394 0.9372
12.8187 18.4241 0.8850 0.9141
11.7522 19.7807 0.9072 0.9120
5.3918 14.4726 0.6090 0.9400
4.7325 21.8759 0.8825 0.9143
2.9162 16.2882 0.6525 0.9359
2.2480 15.8077 0.6296 0.9381
1.6789 15.8736 0.6294 0.9381
0.5455 16.2342 0.6405 0.9370
-1.8082 24.3606 0.9632 0.9068
-3.3449 18.1988 0.7296 0.9286
-1.7838 8.0655 0.3257 0.9675
-2.0552 7.9309 0.3231 0.9677
-2.4029 8.0685 0.3320 0.9669
-9.7647 28.9472 1.2046 0.8849
-7.7192 20.4315 0.8612 0.9163
-8.5654 20.4225 0.8732 0.9152
-9.4789 20.5047 0.8907 0.9135
-10.8272 21.3725 0.9447 0.9085
-13.5263 22.5296 1.0362 0.9001
-14.8117 22.7765 1.0713 0.8969
-17.9451 25.5402 1.2308 0.8825
-20.5825 25.2314 1.2839 0.8778
-25.9477 27.5171 1.4913 0.8595
-22.1706 -8.5920 0.9376 0.9092
-43.0246 -22.2571 1.9101 0.8237
-36.3144 -20.4701 1.6438 0.8463
-39.0732 -23.9123 1.8065 0.8325
-35.5338 -25.4199 1.7227 0.8395
-36.8094 -28.3834 1.8328 0.8302
-4.4566 -16.2377 0.6639 0.9348
-3.9139 -16.5686 0.6713 0.9341
5.0967 -39.9286 1.5872 0.8512
6.2111 -37.8021 1.5106 0.8578
1.0522 16.0183 0.2712 0.9378
0.4830 16.2608 0.2748 0.9370
-1.0156 24.1154 0.4077 0.9080
-1.9068 24.4026 0.4134 0.9067
-2.1603 18.8888 0.3211 0.9268
-1.8095 8.0333 0.1391 0.9676
-2.0913 7.9430 0.1387 0.9677
-8.2788 27.4086 0.4836 0.8918
-7.7643 20.3115 0.3673 0.9167
-9.6000 20.5562 0.3832 0.9132
-12.8342 23.0150 0.4451 0.8999
-13.6889 22.6007 0.4463 0.8997
-14.9871 22.8513 0.4616 0.8964
-18.9871 24.8592 0.5284 0.8824
-23.8625 26.9857 0.6085 0.8658
-19.9761 15.7379 0.4296 0.9033
-22.1182 -8.6708 0.4013 0.9093
-33.1805 -22.1665 0.6741 0.8525
-30.7342 -23.8901 0.6576 0.8558
-31.4326 -26.2956 0.6923 0.8488
-32.8297 -29.5303 0.7459 0.8381
1.1405 -49.2153 0.8316 0.8212
2.7399 -46.3369 0.7841 0.8305
4.0393 -42.4107 0.7196 0.8433
6.3739 -37.8714 0.6487 0.8576
7.9894 -38.8868 0.6706 0.8532
17.1956 -42.7915 0.7790 0.8315
19.4637 -43.8211 0.8099 0.8255
21.7837 -44.6522 0.8392 0.8197
49.1967 -3.7472 0.8334 0.8209
42.6746 -1.7134 0.7214 0.8429
42.2301 -0.1789 0.7133 0.8446
16.0614 0.5086 0.2714 0.9377
31.6505 3.2857 0.5375 0.8805
23.3867 6.7986 0.4114 0.9072
21.7791 7.1884 0.3874 0.9123
18.1319 9.0370 0.3422 0.9221
16.9747 9.2351 0.3264 0.9256
16.1829 9.5724 0.3176 0.9275
15.7109 10.0713 0.3152 0.9281
15.5579 10.7799 0.3197 0.9271
19.1647 15.4259 0.4156 0.9063
12.1372 11.2959 0.2801 0.9358
10.9739 11.7915 0.2721 0.9376
10.6058 12.2494 0.2737 0.9372
10.0421 12.4764 0.2705 0.9379
12.7763 18.4396 0.3789 0.9142
7.4052 13.6118 0.2618 0.9399
6.2683 13.7962 0.2560 0.9412
5.3636 14.4828 0.2609 0.9401
6.4114 22.0559 0.3880 0.9122
5.5802 22.1307 0.3855 0.9127
4.6916 21.8927 0.3782 0.9143
2.8622 16.1680 0.2773 0.9364
1.6376 15.7768 0.2679 0.9385
1.0826 16.0054 0.2710 0.9378
-0.0714 16.7940 0.2837 0.9350
-2.1301 18.9510 0.3221 0.9265
-2.6642 17.8912 0.3056 0.9302
-1.7956 8.0444 0.1392 0.9676
-2.0729 7.9357 0.1385 0.9677
-9.8380 28.9784 0.5169 0.8848
-7.7420 20.3719 0.3681 0.9165
-8.6222 20.4464 0.3748 0.9151
-9.5393 20.5304 0.3824 0.9134
-17.9762 25.4790 0.5267 0.8827
-20.7081 25.2849 0.5521 0.8774
-23.8349 27.0605 0.6091 0.8657
-19.9587 15.7872 0.4299 0.9032
-25.5034 16.0444 0.5090 0.8864
-47.1992 -16.4720 0.8444 0.8187
-22.1460 -8.6321 0.4015 0.9093
-37.2524 -19.3630 0.7092 0.8454
-36.3667 -20.5929 0.7059 0.8460
-38.9594 -23.9468 0.7725 0.8328
-33.1744 -22.0693 0.6731 0.8527
-35.2842 -25.3453 0.7339 0.8405
-30.7812 -23.8307 0.6576 0.8558
-32.9169 -29.4931 0.7466 0.8379
-34.3530 -33.0777 0.8055 0.8263
-4.4148 -16.2088 0.2838 0.9350
-3.8868 -16.5980 0.2880 0.9341
4.0380 -43.2897 0.7344 0.8404
6.2924 -37.8367 0.6479 0.8577
4.6154 -19.1432 0.3326 0.9242
5.5122 -19.7270 0.3460 0.9213
12.9564 -40.6756 0.7211 0.8430
14.9474 -41.6901 0.7481 0.8376
19.3381 -43.7676 0.8083 0.8258
21.7065 -44.7144 0.8396 0.8197
49.4734 -3.8651 0.8382 0.8199
42.8912 -1.8057 0.7252 0.8422
27.3962 4.7954 0.4698 0.8947
26.2668 5.5759 0.4536 0.8981
21.1142 7.7731 0.3801 0.9139
20.7970 8.5157 0.3796 0.9140
16.2247 9.5546 0.3180 0.9274
15.5251 10.7126 0.3186 0.9273
19.2147 15.4046 0.4160 0.9062
11.0045 11.7785 0.2723 0.9375
13.4559 17.9314 0.3787 0.9142
12.5228 19.4524 0.3908 0.9116
7.4328 13.5994 0.2618 0.9399
6.2954 13.7846 0.2560 0.9412
5.3914 14.4716 0.2609 0.9401
4.8764 14.6790 0.2613 0.9400
6.4528 22.0383 0.3879 0.9122
5.6215 22.1131 0.3854 0.9128
4.7322 21.8744 0.3780 0.9144
2.9166 16.2905 0.2796 0.9359
0.5454 16.2342 0.2744 0.9371
-0.0387 16.7809 0.2835 0.9351
-1.8082 24.3606 0.4126 0.9069
-2.0997 19.0136 0.3231 0.9263
-3.3446 18.1973 0.3125 0.9287
-2.0545 7.9284 0.1384 0.9678
-8.5646 20.4205 0.3740 0.9152
-9.4789 20.5047 0.3816 0.9136
-10.8261 21.3702 0.4047 0.9086
-12.7794 23.1277 0.4463 0.8997
-14.8117 22.7765 0.4589 0.8970
-20.5825 25.2314 0.5500 0.8779
-25.9477 27.5171 0.6389 0.8596
-19.9412 15.8366 0.4301 0.9031
-47.1477 -16.3512 0.8429 0.8190
-22.1739 -8.5933 0.4017 0.9092
-39.8374 -18.8281 0.7443 0.8384
-33.1683 -21.9723 0.6721 0.8529
-35.2427 -25.2117 0.7320 0.8408
-30.9162 -23.8392 0.6595 0.8554
-31.5514 -26.1870 0.6926 0.8487
-34.4458 -33.0382 0.8062 0.8262
-4.4576 -16.2415 0.2845 0.9348
2.5798 -46.7127 0.7903 0.8293
6.2111 -37.8021 0.6471 0.8579
-1.0156 24.1154 -0.1359 0.9080
-2.7021 17.9069 -0.1020 0.9301
-3.4243 18.2318 -0.1044 0.9285
-1.8073 8.0233 -0.0463 0.9676
-2.0906 7.9405 -0.0462 0.9677
-9.9116 29.0098 -0.1726 0.8846
-8.6793 20.4704 -0.1252 0.9149
-10.9568 21.4211 -0.1355 0.9082
-12.8348 23.0160 -0.1484 0.9000
-14.9871 22.8512 -0.1539 0.8965
-18.0072 25.4179 -0.1754 0.8828
-6.9705 8.4775 -0.0618 0.9570
-22.1215 -8.6721 -0.1338 0.9093
-39.9390 -19.0664 -0.2492 0.8378
-37.1552 -19.4043 -0.2360 0.8456
-33.1805 -22.1665 -0.2247 0.8525
-34.7120 -25.0368 -0.2410 0.8427
-30.5045 -23.7115 -0.2175 0.8568
-32.8297 -29.5303 -0.2486 0.8381
-4.3732 -16.1801 -0.0944 0.9352
1.0816 -46.6774 -0.2629 0.8296
2.7399 -46.3369 -0.2613 0.8305
13.0573 -40.7186 -0.2408 0.8428
17.1956 -42.7915 -0.2596 0.8315
20.7910 -42.6173 -0.2670 0.8272
49.7038 -3.7859 -0.2807 0.8192
42.6746 -1.7134 -0.2405 0.8430
16.0394 0.5079 -0.0904 0.9378
31.6460 3.2853 -0.1791 0.8805
27.3051 4.8342 -0.1561 0.8950
23.3842 6.7979 -0.1371 0.9072
21.7791 7.1884 -0.1291 0.9123
21.0517 7.7966 -0.1264 0.9141
20.8259 8.5748 -0.1268 0.9138
18.1303 9.0362 -0.1140 0.9222
16.9747 9.2351 -0.1088 0.9256
15.5590 10.7808 -0.1066 0.9271
12.9719 11.2316 -0.0966 0.9337
12.1372 11.2959 -0.0933 0.9358
10.6050 12.2485 -0.0912 0.9372
10.0413 12.4755 -0.0902 0.9379
7.4047 13.6108 -0.0872 0.9399
6.7694 13.5827 -0.0854 0.9411
6.2683 13.7962 -0.0853 0.9412
5.3632 14.4819 -0.0869 0.9401
4.8481 14.6893 -0.0871 0.9400
6.4114 22.0559 -0.1293 0.9122
5.5802 22.1307 -0.1285 0.9127
4.6912 21.8912 -0.1260 0.9143
2.8628 16.1714 -0.0925 0.9364
1.6376 15.7768 -0.0893 0.9385
0.5143 16.2474 -0.0915 0.9370
-0.0714 16.7928 -0.0945 0.9350
-0.9726 24.2162 -0.1365 0.9076
-1.8575 24.3816 -0.1377 0.9068
-2.1302 18.9524 -0.1074 0.9265
-1.7933 8.0343 -0.0463 0.9676
-8.6214 20.4444 -0.1249 0.9151
-9.5393 20.5304 -0.1275 0.9134
-12.8074 23.0723 -0.1486 0.8998
-13.6050 22.5610 -0.1483 0.9000
-14.8992 22.8138 -0.1534 0.8967
-17.9770 25.4802 -0.1756 0.8827
-18.8683 24.8034 -0.1755 0.8828
-20.7081 25.2849 -0.1840 0.8775
-25.4996 16.0420 -0.1696 0.8865
-24.2160 -6.5455 -0.1412 0.9045
-47.1992 -16.4720 -0.2814 0.8188
-37.2524 -19.3630 -0.2364 0.8454
-38.9998 -23.9716 -0.2577 0.8327
-33.1744 -22.0693 -0.2243 0.8527
-34.7861 -24.9875 -0.2411 0.8425
-31.4920 -26.2413 -0.2308 0.8488
-34.3530 -33.0777 -0.2685 0.8263
-4.4158 -16.2127 -0.0946 0.9350
-3.8717 -16.5337 -0.0956 0.9343
5.1593 -39.8029 -0.2260 0.8517
9.5465 -39.5963 -0.2293 0.8497
12.9564 -40.6756 -0.2403 0.8430
17.1097 -42.8182 -0.2596 0.8316
23.1452 -43.6203 -0.2780 0.8208
16.0624 0.4774 -0.0905 0.9377
34.0753 2.2387 -0.1923 0.8723
31.7692 3.2356 -0.1798 0.8801
31.4206 4.3443 -0.1786 0.8808
26.2636 5.5753 -0.1512 0.8982
26.1531 6.5408 -0.1518 0.8978
23.4510 6.7678 -0.1374 0.9070
21.8414 7.1618 -0.1294 0.9122
21.1121 7.7723 -0.1267 0.9139
20.7982 8.5162 -0.1265 0.9140
16.2247 9.5546 -0.1060 0.9274
15.5263 10.7134 -0.1062 0.9273
13.0055 11.2165 -0.0967 0.9336
11.5786 11.5339 -0.0920 0.9367
11.0045 11.7785 -0.0908 0.9376
10.6359 12.2361 -0.0913 0.9372
11.7522 19.7807 -0.1295 0.9121
7.4323 13.5984 -0.0873 0.9399
6.7966 13.5711 -0.0855 0.9411
6.2954 13.7846 -0.0853 0.9412
4.8760 14.6780 -0.0871 0.9400
5.6215 22.1131 -0.1285 0.9128
2.9170 16.2927 -0.0932 0.9359
1.6789 15.8736 -0.0899 0.9381
-1.8082 24.3606 -0.1375 0.9069
-2.0998 19.0151 -0.1077 0.9263
-2.6259 17.8727 -0.1017 0.9303
-3.3444 18.1958 -0.1042 0.9287
-1.7794 8.0454 -0.0464 0.9676
-2.0539 7.9260 -0.0461 0.9678
-2.4014 8.0633 -0.0474 0.9669
-9.7647 28.9472 -0.1720 0.8850
-7.7201 20.4338 -0.1230 0.9163
-8.5637 20.4185 -0.1247 0.9152
-9.4789 20.5047 -0.1272 0.9136
-10.8250 21.3680 -0.1348 0.9086
-12.7800 23.1287 -0.1488 0.8997
-17.9467 25.5425 -0.1758 0.8826
-18.7529 24.7516 -0.1748 0.8832
-23.8084 27.1366 -0.2032 0.8655
-25.9477 27.5171 -0.2130 0.8596
-25.4548 16.0829 -0.1695 0.8865
-39.8374 -18.8281 -0.2481 0.8384
-42.5782 -22.0262 -0.2699 0.8255
-39.0732 -23.9123 -0.2579 0.8326
-30.6095 -23.6027 -0.2176 0.8567
-33.0043 -29.4559 -0.2491 0.8378
-4.4587 -16.2454 -0.0948 0.9348
-3.8837 -16.4408 -0.0951 0.9347
2.5798 -46.7127 -0.2634 0.8293
3.9681 -43.4539 -0.2457 0.8398
-1.0156 24.1154 -0.6796 0.9079
-2.1606 18.8916 -0.5354 0.9267
-2.7019 17.9055 -0.5099 0.9301
-1.8050 8.0133 -0.2313 0.9677
-9.6000 20.5562 -0.6388 0.9132
-13.6856 22.5953 -0.7438 0.8997
-18.9817 24.8521 -0.8805 0.8824
-6.9689 8.4755 -0.3090 0.9570
-23.8647 26.9882 -1.0144 0.8657
-19.9655 15.7296 -0.7157 0.9033
-22.1248 -8.6734 -0.6691 0.9093
-36.4629 -19.0428 -1.1583 0.8482
-36.4193 -20.7162 -1.1798 0.8456
-38.8995 -24.0144 -1.2872 0.8328
-34.8292 -25.1213 -1.2092 0.8421
-31.4326 -26.2956 -1.1539 0.8488
-32.8297 -29.5303 -1.2434 0.8380
-34.2604 -33.1172 -1.3417 0.8264
-12.3959 -31.8036 -0.9611 0.8723
-4.3742 -16.1839 -0.4721 0.9351
5.2427 -39.8385 -1.1314 0.8515
6.3739 -37.8714 -1.0814 0.8575
7.9894 -38.8868 -1.1178 0.8531
14.9970 -41.5736 -1.2445 0.8379
20.7910 -42.6173 -1.3352 0.8272
28.6962 -27.1645 -1.1126 0.8537
30.2942 -26.6825 -1.1367 0.8508
39.0388 -8.7132 -1.1263 0.8521
49.1967 -3.7472 -1.3893 0.8208
42.2337 -0.1789 -1.1892 0.8445
31.6413 3.2848 -0.8957 0.8805
31.4462 4.4101 -0.8941 0.8807
26.1739 5.6094 -0.7537 0.8984
26.1763 6.6007 -0.7601 0.8976
23.3818 6.7972 -0.6856 0.9072
21.7791 7.1884 -0.6458 0.9123
20.8269 8.5753 -0.6342 0.9138
28.1553 12.7927 -0.8708 0.8836
16.1829 9.5724 -0.5294 0.9275
15.7083 10.0696 -0.5254 0.9281
20.3593 15.2165 -0.7157 0.9033
19.1647 15.4259 -0.6927 0.9062
12.1372 11.2959 -0.4669 0.9358
11.5471 11.5473 -0.4598 0.9367
10.6042 12.2476 -0.4562 0.9372
10.0472 12.4828 -0.4512 0.9379
11.7106 19.7984 -0.6477 0.9121
7.4042 13.6099 -0.4363 0.9399
6.7694 13.5827 -0.4273 0.9411
5.3628 14.4809 -0.4348 0.9401
4.8477 14.6883 -0.4355 0.9400
5.5802 22.1307 -0.6427 0.9127
2.2181 15.8176 -0.4497 0.9381
1.0826 16.0054 -0.4517 0.9378
0.5143 16.2474 -0.4577 0.9370
-0.0714 16.7915 -0.4728 0.9350
-0.9726 24.2161 -0.6824 0.9076
-1.8575 24.3816 -0.6885 0.9068
-2.6637 17.8883 -0.5092 0.9302
-3.3840 18.2123 -0.5216 0.9286
-2.0716 7.9308 -0.2308 0.9677
-7.7430 20.3744 -0.6137 0.9165
-8.6205 20.4424 -0.6247 0.9150
-12.8080 23.0734 -0.7431 0.8998
-13.6033 22.5583 -0.7417 0.9000
-18.8656 24.7999 -0.8774 0.8828
-19.9481 15.7789 -0.7162 0.9032
-22.1526 -8.6347 -0.6695 0.9092
-39.8881 -18.9470 -1.2434 0.8380
-36.5560 -19.0010 -1.1601 0.8480
-36.3667 -20.5929 -1.1768 0.8460
-38.9998 -23.9716 -1.2890 0.8326
-33.1744 -22.0693 -1.1219 0.8526
-31.4920 -26.2414 -1.1542 0.8487
-34.3530 -33.0777 -1.3428 0.8263
-3.8567 -16.4699 -0.4763 0.9346
2.6602 -46.5240 -1.3122 0.8299
4.0380 -43.2898 -1.2242 0.8403
5.1593 -39.8029 -1.1301 0.8516
6.2924 -37.8367 -1.0800 0.8577
7.9135 -38.9006 -1.1178 0.8531
9.5465 -39.5963 -1.1469 0.8496
12.9564 -40.6756 -1.2020 0.8430
14.9474 -41.6901 -1.2471 0.8376
17.1097 -42.8182 -1.2984 0.8315
20.6617 -42.5622 -1.3322 0.8275
23.1452 -43.6203 -1.3904 0.8207
12.6293 -21.8683 -0.7111 0.9039
38.8345 -8.7468 -1.1209 0.8527
42.8912 -1.8057 -1.2088 0.8422
34.0703 2.2384 -0.9614 0.8723
26.2604 5.5746 -0.7559 0.8981
23.4485 6.7671 -0.6872 0.9070
21.1099 7.7715 -0.6334 0.9139
20.7994 8.5167 -0.6329 0.9140
28.2304 12.7607 -0.8723 0.8834
18.1752 9.0145 -0.5713 0.9220
17.0189 9.2163 -0.5450 0.9255
15.7496 10.0529 -0.5261 0.9280
20.4109 15.1933 -0.7165 0.9032
19.2147 15.4046 -0.6935 0.9062
12.3942 11.4902 -0.4759 0.9346
11.5786 11.5339 -0.4602 0.9367
10.6351 12.2352 -0.4565 0.9372
13.4559 17.9314 -0.6313 0.9142
12.8160 18.4203 -0.6319 0.9141
11.7522 19.7807 -0.6479 0.9120
6.7966 13.5711 -0.4274 0.9411
4.7315 21.8714 -0.6301 0.9143
2.9174 16.2949 -0.4661 0.9359
1.6788 15.8736 -0.4495 0.9381
-0.0387 16.7784 -0.4724 0.9351
-2.1000 19.0165 -0.5387 0.9263
-2.6256 17.8712 -0.5086 0.9303
-3.3441 18.1943 -0.5209 0.9286
-1.7772 8.0354 -0.2317 0.9676
-2.0532 7.9235 -0.2305 0.9678
-7.7206 20.4351 -0.6151 0.9163
-8.5628 20.4164 -0.6234 0.9152
-10.8239 21.3658 -0.6744 0.9086
-12.7806 23.1299 -0.7441 0.8997
-13.5214 22.5215 -0.7397 0.9002
-14.8117 22.7765 -0.7650 0.8970
-20.5825 25.2314 -0.9169 0.8778
-23.8095 27.1378 -1.0165 0.8655
-25.4519 16.0811 -0.8477 0.8865
-24.2274 -6.4980 -0.7063 0.9045
-22.1804 -8.5958 -0.6698 0.9092
-39.8374 -18.8281 -1.2407 0.8383
-36.6493 -18.9591 -1.1619 0.8478
-36.3144 -20.4701 -1.1738 0.8464
-39.0732 -23.9123 -1.2898 0.8325
-34.9775 -25.0220 -1.2110 0.8419
-30.5872 -23.5855 -1.0876 0.8568
-33.0043 -29.4559 -1.2456 0.8378
-34.4458 -33.0382 -1.3439 0.8261
-3.8688 -16.3777 -0.4739 0.9349
2.5798 -46.7127 -1.3173 0.8293
3.9681 -43.4539 -1.2287 0.8398
5.0967 -39.9286 -1.1334 0.8512
0.4830 16.2608 -0.8250 0.9369
-0.1041 16.8035 -0.8522 0.9349
-1.9068 24.4026 -1.2414 0.9066
-2.1608 18.8931 -0.9644 0.9267
-1.6298 8.6775 -0.4477 0.9653
-1.8028 8.0034 -0.4161 0.9677
-7.7658 20.3152 -1.1030 0.9166
-8.6776 20.4664 -1.1274 0.9148
-9.6000 20.5562 -1.1506 0.9131
-10.9545 21.4166 -1.2200 0.9081
-13.6839 22.5926 -1.3395 0.8996
-14.9871 22.8512 -1.3859 0.8963
-18.0089 25.4203 -1.5799 0.8827
-6.9673 8.4735 -0.5563 0.9570
-35.2456 34.5174 -2.5019 0.8207
-19.9603 15.7255 -1.2887 0.9032
-42.7205 24.6711 -2.5019 0.8207
-43.5784 23.1221 -2.5019 0.8207
-45.8108 18.3048 -2.5019 0.8207
-48.6639 8.0923 -2.5018 0.8207
-48.9126 4.5618 -2.4913 0.8214
-46.2552 2.6442 -2.3496 0.8306
-43.7130 0.9273 -2.2174 0.8394
-44.4855 -0.6532 -2.2563 0.8368
-46.0232 -7.3448 -2.3636 0.8297
-23.8196 -6.4881 -1.2520 0.9059
-22.9936 -7.1588 -1.2213 0.9081
-44.4643 -15.6146 -2.3900 0.8280
-22.1281 -8.6747 -1.2054 0.9092
-36.3465 -18.9820 -2.0795 0.8485
-36.4193 -20.7162 -2.1249 0.8455
-38.8669 -23.9942 -2.3165 0.8328
-34.8031 -25.1025 -2.1762 0.8421
-30.4278 -23.6519 -1.9545 0.8570
-32.8297 -29.5303 -2.2394 0.8379
-33.3655 -34.6530 -2.4396 0.8248
-32.1311 -35.8621 -2.4419 0.8246
-30.8502 -37.0240 -2.4440 0.8245
-29.5251 -38.1376 -2.4460 0.8243
-26.7465 -40.2063 -2.4490 0.8241
-25.2990 -41.1607 -2.4502 0.8241
-13.2326 -27.8590 -1.5641 0.8838
-12.0544 -27.9223 -1.5424 0.8853
-3.8297 -16.4989 -0.8590 0.9344
-4.7219 -29.9650 -1.5384 0.8856
-5.5455 -45.8358 -2.3415 0.8312
-2.3384 -48.0622 -2.4403 0.8247
2.7333 -46.2256 -2.3484 0.8307
4.0294 -42.3071 -2.1553 0.8435
7.9718 -38.8013 -2.0089 0.8533
9.6228 -39.5747 -2.0655 0.8495
14.9722 -41.5050 -2.2377 0.8380
19.1467 -43.1073 -2.3921 0.8279
20.6389 -42.3054 -2.3872 0.8282
22.0969 -41.4497 -2.3821 0.8285
12.6919 -21.8783 -1.2827 0.9037
28.8120 -36.4240 -2.3553 0.8303
30.0281 -35.2815 -2.3496 0.8306
31.4314 -31.9691 -2.2736 0.8356
39.2584 -29.8634 -2.5015 0.8207
41.2992 -26.9707 -2.5015 0.8207
43.1273 -23.9391 -2.5015 0.8207
44.7332 -20.7842 -2.5015 0.8207
46.1089 -17.5223 -2.5015 0.8207
46.4564 -15.7710 -2.4881 0.8216
34.2591 -8.9482 -1.7957 0.8678
37.9407 -8.4681 -1.9715 0.8558
45.5458 -8.4622 -2.3494 0.8307
45.8203 -6.8223 -2.3494 0.8307
46.1913 -3.5190 -2.3494 0.8307
39.5684 -0.1676 -2.0067 0.8534
31.6245 3.2830 -1.6124 0.8804
27.3051 4.8342 -1.4063 0.8949
26.1776 6.6010 -1.3691 0.8975
23.3793 6.7964 -1.2348 0.9071
21.7791 7.1884 -1.1631 0.9122
21.0474 7.7950 -1.1383 0.9140
16.1829 9.5724 -0.9535 0.9275
15.7069 10.0687 -0.9462 0.9280
20.3577 15.2153 -1.2889 0.9032
12.1372 11.2959 -0.8409 0.9358
10.9739 11.7915 -0.8169 0.9375
10.0491 12.4851 -0.8128 0.9378
12.7736 18.4357 -1.1374 0.9141
11.7106 19.7984 -1.1666 0.9120
6.7694 13.5827 -0.7696 0.9410
5.7679 14.0093 -0.7683 0.9411
5.3625 14.4799 -0.7831 0.9400
4.8474 14.6873 -0.7844 0.9399
6.4114 22.0559 -1.1648 0.9121
4.6906 21.8881 -1.1352 0.9142
1.0826 16.0054 -0.8136 0.9378
0.5143 16.2474 -0.8244 0.9370
-0.0714 16.7903 -0.8515 0.9350
-1.8574 24.3816 -1.2401 0.9067
-2.1306 18.9553 -0.9674 0.9264
-2.0709 7.9283 -0.4156 0.9677
-9.8380 28.9784 -1.5520 0.8846
-7.7435 20.3756 -1.1054 0.9164
-9.5393 20.5304 -1.1481 0.9133
-10.8885 21.3900 -1.2172 0.9083
-13.6017 22.5556 -1.3358 0.8999
-18.8628 24.7963 -1.5800 0.8827
-20.7081 25.2849 -1.6575 0.8773
-35.1785 34.5859 -2.5019 0.8207
-36.3969 33.3012 -2.5019 0.8207
-37.5685 31.9736 -2.5019 0.8207
-19.9429 15.7747 -1.2895 0.9032
-39.7650 29.1967 -2.5019 0.8207
-25.4919 16.0371 -1.5273 0.8864
-43.5333 23.2069 -2.5019 0.8207
-45.0857 20.0247 -2.5019 0.8207
-46.9765 15.0633 -2.5018 0.8207
-48.3230 9.9274 -2.5018 0.8207
-46.2500 2.7341 -2.3496 0.8306
-46.2104 -3.9152 -2.3519 0.8305
-33.9930 -7.8909 -1.7698 0.8696
-23.8911 -6.4576 -1.2551 0.9056
-44.4896 -15.5264 -2.3897 0.8280
-39.8881 -18.9469 -2.2395 0.8379
-38.9672 -23.9515 -2.3196 0.8326
-28.2316 -39.1425 -2.4475 0.8242
-26.8239 -40.1531 -2.4489 0.8241
-13.2974 -27.8555 -1.5654 0.8837
-10.0469 -28.6108 -1.5378 0.8856
-9.1565 -29.4116 -1.5622 0.8839
-4.8029 -30.0984 -1.5457 0.8851
-4.1589 -47.9867 -2.4427 0.8246
0.9658 -45.4990 -2.3079 0.8334
2.7379 -47.8826 -2.4323 0.8252
6.2828 -37.7786 -1.9422 0.8578
9.5320 -39.5360 -2.0625 0.8497
5.5064 -19.7062 -1.0377 0.9213
14.9227 -41.6212 -2.2424 0.8377
19.0649 -43.1491 -2.3924 0.8278
22.0188 -41.4974 -2.3824 0.8285
12.6279 -21.8658 -1.2806 0.9038
25.6475 -37.8524 -2.3188 0.8327
31.2049 -34.2382 -2.3493 0.8307
31.3932 -32.0546 -2.2754 0.8355
39.2002 -29.9397 -2.5015 0.8207
40.2494 -28.5137 -2.5015 0.8207
41.2467 -27.0510 -2.5015 0.8207
43.0806 -24.0230 -2.5015 0.8207
45.4130 -19.2540 -2.5015 0.8207
46.5043 -15.8881 -2.4923 0.8213
34.2318 -9.0122 -1.7952 0.8678
45.8068 -6.9114 -2.3494 0.8307
42.8912 -1.8057 -2.1771 0.8420
42.1438 -0.2605 -2.1373 0.8447
16.0184 0.4761 -0.8127 0.9378
27.3962 4.7954 -1.4105 0.8946
26.2572 5.5739 -1.3613 0.8981
26.1556 6.5414 -1.3673 0.8976
23.4460 6.7664 -1.2376 0.9069
21.8414 7.1618 -1.1657 0.9120
21.1078 7.7707 -1.1407 0.9139
20.8005 8.5171 -1.1399 0.9139
18.1736 9.0137 -1.0288 0.9220
17.0189 9.2163 -0.9815 0.9254
16.2247 9.5546 -0.9549 0.9274
15.7483 10.0521 -0.9475 0.9279
15.5286 10.7151 -0.9568 0.9272
20.4093 15.1921 -1.2903 0.9031
12.3933 11.4894 -0.8571 0.9346
10.6344 12.2343 -0.8221 0.9371
13.4559 17.9314 -1.1369 0.9141
12.8151 18.4190 -1.1379 0.9141
11.7522 19.7807 -1.1669 0.9120
7.4312 13.5966 -0.7858 0.9398
5.7950 13.9978 -0.7683 0.9411
5.3903 14.4687 -0.7830 0.9400
4.8754 14.6760 -0.7843 0.9399
1.1129 15.9924 -0.8130 0.9378
0.5455 16.2342 -0.8238 0.9370
-0.0387 16.7771 -0.8508 0.9350
-2.1001 19.0180 -0.9703 0.9262
-2.0526 7.9211 -0.4150 0.9678
-2.3998 8.0582 -0.4264 0.9669
-8.5620 20.4144 -1.1227 0.9152
-9.4789 20.5047 -1.1456 0.9135
-12.7812 23.1310 -1.3402 0.8996
-18.7476 24.7445 -1.5744 0.8831
-23.7680 27.0906 -1.8277 0.8656
-37.5062 32.0467 -2.5019 0.8207
-40.7331 27.8302 -2.5019 0.8207
-42.6243 24.8370 -2.5019 0.8207
-43.4881 23.2915 -2.5019 0.8207
-45.7393 18.4828 -2.5019 0.8207
-46.9471 15.1546 -2.5018 0.8207
-48.3036 10.0213 -2.5018 0.8207
-48.6321 8.2814 -2.5018 0.8207
-48.8978 6.5310 -2.5018 0.8207
-49.0013 4.7624 -2.4968 0.8210
-46.2446 2.8241 -2.3496 0.8306
-42.5881 1.0692 -2.1605 0.8431
-44.4005 -0.4792 -2.2519 0.8371
-31.2521 -3.7199 -1.5961 0.8816
-46.0397 -7.1639 -2.3630 0.8298
-34.0329 -7.8304 -1.7710 0.8695
-22.9456 -7.0460 -1.2173 0.9083
-44.5146 -15.4380 -2.3894 0.8280
-22.1837 -8.5971 -1.2066 0.9091
-36.5368 -18.9009 -2.0862 0.8481
-33.1683 -21.9723 -2.0177 0.8527
-35.5217 -25.4113 -2.2149 0.8395
-30.5454 -23.5533 -1.9561 0.8569
-31.5514 -26.1870 -2.0794 0.8486
-33.0043 -29.4559 -2.2435 0.8376
-33.4963 -34.5192 -2.4393 0.8248
-30.9910 -36.9004 -2.4438 0.8245
-29.6709 -38.0193 -2.4458 0.8244
-28.3067 -39.0862 -2.4474 0.8242
-26.9012 -40.0997 -2.4489 0.8242
-25.4577 -41.0599 -2.4501 0.8241
-14.8509 -28.3032 -1.6210 0.8798
-10.1012 -28.5877 -1.5376 0.8856
-9.2050 -29.3662 -1.5607 0.8840
-3.8539 -16.3149 -0.8502 0.9351
-5.8560 -29.4819 -1.5244 0.8866
-2.5256 -48.0578 -2.4406 0.8247
0.8788 -45.5721 -2.3116 0.8331
3.9586 -43.3495 -2.2076 0.8400
1.0522 16.0183 -1.1770 0.9376
0.4831 16.2608 -1.1928 0.9368
-1.9068 24.4026 -1.7947 0.9065
-2.1609 18.8945 -1.3944 0.9266
-2.7014 17.9026 -1.3275 0.9300
-8.2552 27.3303 -2.0933 0.8918
-9.9116 29.0098 -2.2478 0.8843
-12.8017 22.9567 -1.9273 0.8999
-13.6299 22.5034 -1.9291 0.8999
-14.9871 22.8512 -2.0037 0.8962
-17.9716 25.3677 -2.2795 0.8828
-18.9030 24.7491 -2.2834 0.8826
-21.2274 24.0057 -2.3496 0.8794
-22.0752 23.2286 -2.3496 0.8794
-23.6844 21.5854 -2.3496 0.8794
-19.3370 15.2345 -1.8050 0.9060
-25.3840 15.9005 -2.1962 0.8868
-29.4924 17.0318 -2.4971 0.8723
-31.2102 13.7893 -2.5018 0.8721
-33.1703 7.9967 -2.5018 0.8721
-33.4359 6.8012 -2.5018 0.8721
-33.6584 5.5970 -2.5018 0.8721
-33.8375 4.3856 -2.5018 0.8721
-33.9731 3.1685 -2.5018 0.8721
-34.1127 0.7236 -2.5018 0.8721
-33.7629 -1.7090 -2.4787 0.8732
-30.5629 -3.7585 -2.2578 0.8838
-31.4424 -6.1823 -2.3496 0.8794
-31.2002 -7.3066 -2.3496 0.8794
-23.8196 -6.4881 -1.8101 0.9057
-17.9562 -6.3057 -1.3954 0.9265
-17.1203 -6.7115 -1.3483 0.9289
-16.1465 -7.7082 -1.3119 0.9308
-28.5873 -14.9297 -2.3647 0.8787
-27.5068 -16.9811 -2.3702 0.8784
-26.2737 -18.9505 -2.3753 0.8782
-15.9528 -15.4204 -1.6268 0.9149
-21.7232 -24.2457 -2.3869 0.8776
-19.9509 -25.7705 -2.3896 0.8775
-19.0222 -26.4823 -2.3907 0.8774
-18.0668 -27.1587 -2.3917 0.8774
-14.7294 -26.0128 -2.1919 0.8870
-14.6845 -28.2525 -2.3346 0.8801
-13.2326 -27.8590 -2.2614 0.8836
-9.9925 -28.6340 -2.2237 0.8855
-4.7219 -29.9651 -2.2242 0.8854
-3.9136 -32.3474 -2.3891 0.8775
-0.4138 -32.5189 -2.3845 0.8777
1.9166 -32.4137 -2.3808 0.8779
1.4752 -15.4886 -1.1408 0.9395
1.9360 -14.7114 -1.0880 0.9422
3.0829 -15.0055 -1.1232 0.9404
3.7091 -15.2542 -1.1511 0.9390
10.9237 -30.2820 -2.3604 0.8789
13.2499 -24.8544 -2.0652 0.8932
12.6170 -21.7491 -1.8436 0.9041
19.8785 -25.1302 -2.3494 0.8794
20.9748 -24.6444 -2.3728 0.8783
23.0095 -25.1478 -2.4993 0.8722
25.6027 -22.5502 -2.5016 0.8721
27.8779 -19.6681 -2.5016 0.8721
28.5657 -18.6550 -2.5016 0.8721
29.2167 -17.6179 -2.5016 0.8721
29.8301 -16.5581 -2.5016 0.8721
30.4051 -15.4770 -2.5016 0.8721
32.3068 -10.9675 -2.5016 0.8721
32.6795 -9.8011 -2.5016 0.8721
32.0164 -1.2855 -2.3494 0.8794
31.5103 3.2712 -2.3228 0.8807
31.3845 4.4015 -2.3237 0.8806
27.3051 4.8342 -2.0332 0.8947
26.0688 5.5869 -1.9548 0.8986
23.2929 6.7713 -1.7786 0.9073
20.9657 7.7648 -1.6393 0.9142
20.7489 8.5431 -1.6453 0.9139
28.1553 12.7927 -2.2675 0.8834
16.9747 9.2351 -1.4169 0.9254
16.1829 9.5724 -1.3786 0.9274
19.1647 15.4259 -1.8039 0.9060
12.9689 11.2291 -1.2578 0.9335
11.5471 11.5473 -1.1974 0.9366
10.6027 12.2459 -1.1877 0.9371
11.7106 19.7984 -1.6866 0.9119
7.4032 13.6080 -1.1359 0.9398
6.7694 13.5827 -1.1127 0.9409
5.7679 14.0093 -1.1108 0.9410
5.3621 14.4789 -1.1321 0.9400
4.8471 14.6862 -1.1340 0.9399
4.6780 21.8291 -1.6369 0.9144
2.2178 15.8154 -1.1710 0.9380
1.6376 15.7768 -1.1630 0.9384
0.5143 16.2474 -1.1919 0.9369
-1.8575 24.3816 -1.7929 0.9066
-2.6633 17.8854 -1.3259 0.9300
-2.4184 8.0633 -0.6172 0.9668
-9.8380 28.9784 -2.2439 0.8845
-8.5856 20.3595 -1.6201 0.9152
-12.7746 23.0133 -1.9299 0.8998
-13.5483 22.4671 -1.9237 0.9001
-14.8992 22.8138 -1.9979 0.8965
-20.3040 24.7915 -2.3496 0.8794
-21.1806 24.0470 -2.3496 0.8794
-22.0299 23.2714 -2.3496 0.8794
-22.8509 22.4659 -2.3496 0.8794
-23.6423 21.6315 -2.3496 0.8794
-19.0051 16.1748 -1.8298 0.9048
-19.3202 15.2822 -1.8062 0.9059
-19.6028 14.3930 -1.7831 0.9071
-26.4940 18.0263 -2.3496 0.8794
-25.3738 15.9629 -2.1980 0.8867
-29.4459 17.0814 -2.4960 0.8724
-31.6602 12.7220 -2.5018 0.8721
-32.0964 11.5777 -2.5018 0.8721
-32.4912 10.4185 -2.5018 0.8721
-33.1547 8.0612 -2.5018 0.8721
-33.4226 6.8663 -2.5018 0.8721
-33.6474 5.6625 -2.5018 0.8721
-33.9669 3.2346 -2.5018 0.8721
-34.1113 0.7900 -2.5018 0.8721
-34.1176 -0.4346 -2.5018 0.8721
-33.9009 -1.6499 -2.4886 0.8727
-23.8911 -6.4576 -1.8146 0.9055
-18.0057 -6.2838 -1.3983 0.9264
-17.1623 -6.6895 -1.3506 0.9288
-16.1395 -7.6663 -1.3101 0.9308
-28.6144 -14.8731 -2.3646 0.8787
-26.9423 -17.9234 -2.3727 0.8783
-25.6385 -19.8493 -2.3774 0.8781
-24.9325 -20.7756 -2.3796 0.8780
-22.6093 -23.3906 -2.3853 0.8777
-20.8996 -24.9831 -2.3883 0.8775
-19.0732 -26.4446 -2.3907 0.8774
-18.1193 -27.1230 -2.3917 0.8774
-17.1397 -27.7645 -2.3924 0.8773
-14.7571 -25.9440 -2.1885 0.8872
-14.7675 -28.2778 -2.3391 0.8799
-13.2974 -27.8555 -2.2632 0.8836
-10.2859 -26.2390 -2.0664 0.8931
-3.8271 -16.3433 -1.2307 0.9349
-6.2918 -32.0018 -2.3914 0.8774
-4.8082 -30.1319 -2.2373 0.8848
-2.8119 -32.4441 -2.3878 0.8776
2.4543 -14.7581 -1.0970 0.9418
3.0499 -14.9927 -1.1218 0.9405
5.4988 -19.6791 -1.4982 0.9213
9.7834 -30.7142 -2.3635 0.8787
10.8656 -30.3053 -2.3606 0.8789
8.8422 -18.2144 -1.4846 0.9220
13.2224 -24.9194 -2.0684 0.8930
12.5644 -21.7559 -1.8421 0.9041
18.9136 -25.8642 -2.3494 0.8794
20.8480 -24.5921 -2.3639 0.8787
25.5588 -22.6000 -2.5016 0.8721
27.1139 -20.7086 -2.5016 0.8721
28.5294 -18.7105 -2.5016 0.8721
30.3750 -15.5361 -2.5016 0.8721
30.9129 -14.4361 -2.5016 0.8721
31.4110 -13.3175 -2.5016 0.8721
31.8688 -12.1817 -2.5016 0.8721
32.2854 -11.0303 -2.5016 0.8721
31.0508 -8.1748 -2.3543 0.8792
31.4914 -5.9143 -2.3494 0.8794
15.9964 0.4754 -1.1734 0.9378
31.6319 3.2217 -2.3313 0.8803
27.3962 4.7954 -2.0393 0.8944
26.1544 5.5521 -1.9604 0.8983
26.0887 6.5246 -1.9718 0.8978
23.3598 6.7415 -1.7827 0.9071
21.0255 7.7404 -1.6428 0.9141
20.7208 8.4845 -1.6417 0.9141
28.2304 12.7607 -2.2716 0.8832
18.1719 9.0129 -1.4873 0.9219
16.2247 9.5546 -1.3806 0.9273
15.7470 10.0512 -1.3698 0.9278
15.5299 10.7159 -1.3835 0.9271
20.3547 15.1514 -1.8605 0.9032
11.5786 11.5339 -1.1983 0.9366
10.6336 12.2334 -1.1885 0.9371
12.7814 18.3705 -1.6409 0.9142
12.5228 19.4524 -1.6963 0.9114
11.7522 19.7807 -1.6870 0.9118
7.4307 13.5956 -1.1360 0.9397
6.7966 13.5711 -1.1129 0.9409
6.2954 13.7846 -1.1111 0.9410
5.7950 13.9978 -1.1108 0.9410
4.8750 14.6750 -1.1338 0.9399
5.6215 22.1131 -1.6730 0.9126
2.2473 15.8021 -1.1703 0.9380
1.1129 15.9924 -1.1754 0.9377
0.5455 16.2342 -1.1910 0.9369
-1.8082 24.3606 -1.7911 0.9067
-2.6252 17.8683 -1.3242 0.9301
-3.3435 18.1913 -1.3562 0.9285
-1.7727 8.0154 -0.6019 0.9676
-7.7216 20.4376 -1.6019 0.9161
-8.5283 20.3340 -1.6168 0.9154
-9.4789 20.5047 -1.6563 0.9134
-10.7831 21.2854 -1.7495 0.9087
-12.7475 23.0700 -1.9326 0.8997
-13.4671 22.4310 -1.9183 0.9004
-14.8117 22.7765 -1.9921 0.8968
-17.9118 25.4927 -2.2844 0.8825
-18.6737 24.6470 -2.2673 0.8834
-20.2558 24.8309 -2.3496 0.8794
-21.1338 24.0882 -2.3496 0.8794
-21.9846 23.3142 -2.3496 0.8794
-22.8071 22.5103 -2.3496 0.8794
-18.9878 16.2238 -1.8312 0.9047
-19.3033 15.3299 -1.8074 0.9059
-26.4589 18.0779 -2.3496 0.8794
-25.3556 16.0203 -2.1991 0.8867
-29.3993 17.1308 -2.4949 0.8724
-30.0784 16.1095 -2.5018 0.8721
-30.6371 15.0198 -2.5018 0.8721
-31.1564 13.9106 -2.5018 0.8721
-32.4709 10.4816 -2.5018 0.8721
-33.4091 6.9312 -2.5018 0.8721
-33.6364 5.7279 -2.5018 0.8721
-33.9605 3.3006 -2.5018 0.8721
-34.0571 2.0798 -2.5018 0.8721
-33.9849 -1.5878 -2.4946 0.8724
-31.2375 -3.7182 -2.3066 0.8815
-31.4662 -6.0600 -2.3496 0.8794
-31.2284 -7.1852 -2.3496 0.8794
-24.1003 -6.4639 -1.8295 0.9048
-22.9456 -7.0460 -1.7600 0.9082
-18.0554 -6.2618 -1.4012 0.9262
-17.2045 -6.6675 -1.3529 0.9287
-16.4649 -7.0705 -1.3138 0.9307
-28.6413 -14.8165 -2.3644 0.8787
-27.5693 -16.8720 -2.3699 0.8784
-26.9756 -17.8700 -2.3725 0.8783
-25.6758 -19.7984 -2.3773 0.8781
-22.6539 -23.3457 -2.3852 0.8777
-20.9474 -24.9417 -2.3882 0.8775
-19.1241 -26.4068 -2.3906 0.8774
-18.1716 -27.0872 -2.3916 0.8774
-14.7847 -25.8753 -2.1851 0.8873
-13.3623 -27.8520 -2.2650 0.8835
-10.3362 -26.2174 -2.0663 0.8931
-9.4045 -26.6160 -2.0698 0.8930
-9.2050 -29.3662 -2.2565 0.8839
-4.4619 -16.2570 -1.2361 0.9346
-3.8477 -16.2883 -1.2272 0.9351
-4.0396 -32.3338 -2.3892 0.8775
-2.8751 -32.4396 -2.3879 0.8776
-0.5403 -32.5196 -2.3847 0.8777
0.4253 -22.0551 -1.6174 0.9153
1.2383 -22.4225 -1.6466 0.9139
1.4300 -15.6594 -1.1530 0.9389
2.4228 -14.7457 -1.0957 0.9418
0.4831 16.2608 -1.5618 0.9367
-1.0156 24.1154 -2.3172 0.9076
-1.9065 24.3988 -2.3495 0.9063
-1.7983 7.9835 -0.7857 0.9677
-5.7844 19.1505 -1.9206 0.9228
-7.9126 23.1589 -2.3496 0.9063
-7.7360 20.2374 -2.0800 0.9166
-8.6422 20.3831 -2.1255 0.9149
-12.6788 20.9331 -2.3496 0.9063
-14.1476 19.9699 -2.3496 0.9063
-16.8593 17.7402 -2.3496 0.9063
-18.0883 16.4853 -2.3496 0.9063
-18.6682 15.8256 -2.3496 0.9063
-19.2241 15.1455 -2.3496 0.9063
-19.5448 14.2920 -2.3246 0.9073
-20.2609 13.7277 -2.3496 0.9063
-22.0296 13.7993 -2.4956 0.9008
-22.5662 13.0320 -2.5018 0.9006
-23.4428 11.3798 -2.5018 0.9006
-24.1986 9.6691 -2.5018 0.9006
-24.8298 7.9086 -2.5018 0.9006
-25.0976 7.0124 -2.5018 0.9006
-25.3330 6.1073 -2.5018 0.9006
-25.5359 5.1943 -2.5018 0.9006
-25.7058 4.2746 -2.5018 0.9006
-25.9462 2.4198 -2.5018 0.9006
-26.0162 1.4872 -2.5018 0.9006
-26.0528 0.5527 -2.5018 0.9006
-26.0254 -1.3174 -2.5018 0.9006
-25.7329 -4.1067 -2.5018 0.9006
-25.5081 -5.0155 -2.4958 0.9008
-24.2255 -5.6732 -2.3887 0.9049
-23.6129 -6.4318 -2.3495 0.9063
-16.8418 -6.6024 -1.7367 0.9299
-15.7860 -7.5361 -1.6794 0.9321
-20.3496 -13.5948 -2.3495 0.9063
-19.3409 -15.0340 -2.3518 0.9063
-17.6473 -17.0584 -2.3564 0.9061
-16.3956 -18.2994 -2.3588 0.9060
-15.7355 -18.8845 -2.3599 0.9059
-14.3513 -19.9796 -2.3617 0.9059
-13.6293 -20.4881 -2.3624 0.9058
-12.1304 -21.4229 -2.3635 0.9058
-10.5654 -22.2437 -2.3642 0.9058
-8.9431 -22.9450 -2.3642 0.9058
-3.8002 -16.3716 -1.6135 0.9347
-1.1938 -24.5372 -2.3585 0.9060
-0.3124 -24.5513 -2.3572 0.9060
0.3551 -15.3238 -1.4716 0.9403
0.8615 -14.5688 -1.4011 0.9430
3.0319 -14.7569 -1.4463 0.9413
3.6438 -14.9856 -1.4806 0.9399
8.0846 -18.2017 -1.9121 0.9231
8.8466 -18.1336 -1.9370 0.9221
9.5726 -17.9565 -1.9536 0.9215
13.4882 -21.4395 -2.4318 0.9032
16.1655 -20.4364 -2.5016 0.9006
17.5897 -19.2243 -2.5016 0.9006
18.2682 -18.5807 -2.5016 0.9006
18.9232 -17.9131 -2.5016 0.9006
19.5538 -17.2225 -2.5016 0.9006
20.7387 -15.7757 -2.5016 0.9006
21.8168 -14.2476 -2.5016 0.9006
22.7825 -12.6461 -2.5016 0.9006
23.6309 -10.9795 -2.5016 0.9006
24.3575 -9.2563 -2.5016 0.9006
24.6740 -8.3763 -2.5016 0.9006
25.2113 -6.5850 -2.5016 0.9006
19.4101 -2.8900 -1.8840 0.9242
24.4522 -0.9818 -2.3494 0.9063
24.4717 -0.1037 -2.3494 0.9063
24.3411 2.5269 -2.3494 0.9063
24.2348 3.3988 -2.3494 0.9063
23.9287 5.1283 -2.3494 0.9063
21.7791 7.1884 -2.2019 0.9120
20.9636 7.7640 -2.1462 0.9141
20.7500 8.5436 -2.1544 0.9138
22.2802 10.1233 -2.3495 0.9063
16.9747 9.2351 -1.8552 0.9253
16.1829 9.5724 -1.8051 0.9272
15.6457 10.0294 -1.7842 0.9280
15.4661 10.7163 -1.8064 0.9272
19.6022 14.6503 -2.3495 0.9063
19.0640 15.3448 -2.3495 0.9063
12.9212 11.1877 -1.6409 0.9336
12.1372 11.2959 -1.5918 0.9355
10.9739 11.7915 -1.5464 0.9373
10.6019 12.2450 -1.5550 0.9370
13.5075 18.0732 -2.1662 0.9133
12.7392 18.3860 -2.1474 0.9140
12.4808 19.4703 -2.2203 0.9113
11.7106 19.7984 -2.2084 0.9117
6.7694 13.5827 -1.4570 0.9408
6.0953 13.4155 -1.4147 0.9425
5.3617 14.4779 -1.4822 0.9398
4.8467 14.6852 -1.4847 0.9397
5.5802 22.1307 -2.1912 0.9124
4.6776 21.8276 -2.1431 0.9142
2.8652 16.1851 -1.5780 0.9361
2.2176 15.8142 -1.5331 0.9378
1.6376 15.7768 -1.5228 0.9383
-0.9726 24.2161 -2.3267 0.9072
-2.0697 7.9234 -0.7862 0.9676
-5.7382 19.1317 -1.9176 0.9229
-9.5393 20.5304 -2.1734 0.9130
-10.8477 21.3099 -2.2957 0.9084
-11.8779 21.3978 -2.3496 0.9063
-12.6381 20.9577 -2.3496 0.9063
-13.3820 20.4907 -2.3496 0.9063
-14.8173 19.4782 -2.3496 0.9063
-15.5067 18.9339 -2.3496 0.9063
-16.8248 17.7730 -2.3496 0.9063
-18.0562 16.5205 -2.3496 0.9063
-18.6374 15.8619 -2.3496 0.9063
-19.5285 14.3384 -2.3259 0.9072
-20.2342 13.7670 -2.3496 0.9063
-22.5408 13.0758 -2.5018 0.9006
-23.4206 11.4254 -2.5018 0.9006
-24.5128 8.8422 -2.5018 0.9006
-24.8143 7.9568 -2.5018 0.9006
-25.5257 5.2439 -2.5018 0.9006
-25.9414 2.4703 -2.5018 0.9006
-26.0133 1.5378 -2.5018 0.9006
-26.0566 -0.3319 -2.5018 0.9006
-26.0279 -1.2668 -2.5018 0.9006
-25.5244 -4.9672 -2.4964 0.9008
-24.3004 -5.6410 -2.3950 0.9046
-16.8911 -6.5838 -1.7405 0.9297
-16.1167 -8.3771 -1.7438 0.9296
-21.2958 -12.0588 -2.3495 0.9063
-19.3694 -14.9957 -2.3517 0.9063
-18.8319 -15.6921 -2.3534 0.9062
-12.9194 -11.5756 -1.6654 0.9327
-17.6798 -17.0235 -2.3563 0.9061
-17.0670 -17.6567 -2.3576 0.9060
-15.7718 -18.8535 -2.3599 0.9059
-15.0913 -19.4152 -2.3608 0.9059
-14.3899 -19.9513 -2.3617 0.9059
-12.1719 -21.3990 -2.3635 0.9058
-11.3980 -21.8256 -2.3639 0.9058
-10.6086 -22.2230 -2.3641 0.9058
-9.8047 -22.5903 -2.3642 0.9058
-8.9878 -22.9276 -2.3642 0.9058
-8.1587 -23.2340 -2.3641 0.9058
-7.3189 -23.5092 -2.3638 0.9058
-4.4200 -16.2281 -1.6147 0.9346
-3.5491 -18.0518 -1.7662 0.9287
-3.8762 -24.2909 -2.3615 0.9059
-2.1222 -24.4867 -2.3597 0.9060
-1.2416 -24.5354 -2.3585 0.9060
0.3260 -15.3562 -1.4746 0.9401
1.3298 -14.2557 -1.3746 0.9441
1.8590 -14.3418 -1.3884 0.9435
2.4170 -14.5336 -1.4145 0.9425
3.6099 -14.9729 -1.4787 0.9400
4.2550 -15.2276 -1.5179 0.9384
8.0477 -18.2141 -1.9117 0.9231
8.8037 -18.1351 -1.9354 0.9222
13.4100 -21.4075 -2.4252 0.9035
15.3809 -21.0332 -2.5016 0.9006
16.1258 -20.4677 -2.5016 0.9006
16.8498 -19.8759 -2.5016 0.9006
17.5522 -19.2584 -2.5016 0.9006
18.2320 -18.6162 -2.5016 0.9006
18.8883 -17.9499 -2.5016 0.9006
19.5203 -17.2605 -2.5016 0.9006
20.7080 -15.8160 -2.5016 0.9006
21.2622 -15.0627 -2.5016 0.9006
21.7891 -14.2900 -2.5016 0.9006
22.2878 -13.4989 -2.5016 0.9006
23.6095 -11.0255 -2.5016 0.9006
24.3090 -5.4752 -2.3923 0.9047
24.0513 -4.5170 -2.3494 0.9063
19.3954 -2.9264 -1.8831 0.9242
24.3134 -2.7803 -2.3494 0.9063
24.3975 -1.9061 -2.3494 0.9063
24.4714 -0.1513 -2.3494 0.9063
24.4193 1.6043 -2.3494 0.9063
24.3460 2.4796 -2.3494 0.9063
24.2414 3.3517 -2.3494 0.9063
24.1055 4.2194 -2.3494 0.9063
23.9386 5.0817 -2.3494 0.9063
23.7409 5.9375 -2.3494 0.9063
22.2998 10.0800 -2.3495 0.9063
18.1049 8.9797 -1.9402 0.9220
17.0189 9.2163 -1.8581 0.9252
16.2247 9.5546 -1.8077 0.9271
15.6867 10.0127 -1.7866 0.9279
15.4342 10.6499 -1.8003 0.9274
12.3448 11.4444 -1.6161 0.9346
11.0045 11.7785 -1.5475 0.9373
10.6328 12.2325 -1.5560 0.9369
10.0687 12.4597 -1.5379 0.9377
13.4559 17.9314 -2.1523 0.9139
12.5228 19.4524 -2.2210 0.9112
6.4528 22.0383 -2.2046 0.9119
5.6215 22.1131 -2.1905 0.9124
4.7182 21.8096 -2.1423 0.9142
2.9186 16.3019 -1.5900 0.9356
1.6788 15.8736 -1.5324 0.9379
1.1129 15.9924 -1.5391 0.9376
-0.0387 16.7746 -1.6105 0.9348
-0.9256 24.2208 -2.3270 0.9072
-1.8082 24.3606 -2.3452 0.9065
-2.0889 18.9161 -1.8271 0.9264
-2.6155 17.8020 -1.7274 0.9302
-7.8225 23.1895 -2.3496 0.9063
-8.5274 20.3320 -2.1167 0.9152
-13.3422 20.5167 -2.3496 0.9063
-14.0698 20.0247 -2.3496 0.9063
-15.4699 18.9640 -2.3496 0.9063
-16.7902 17.8057 -2.3496 0.9063
-9.3836 9.2614 -1.2658 0.9484
-18.0240 16.5555 -2.3496 0.9063
-18.6065 15.8981 -2.3496 0.9063
-19.1650 15.2201 -2.3496 0.9063
-20.2073 13.8063 -2.3496 0.9063
-21.9136 13.8456 -2.4886 0.9011
-22.5154 13.1196 -2.5018 0.9006
-22.9716 12.3032 -2.5018 0.9006
-23.3983 11.4709 -2.5018 0.9006
-23.7949 10.6239 -2.5018 0.9006
-24.4956 8.8898 -2.5018 0.9006
-25.0701 7.1100 -2.5018 0.9006
-25.6890 4.3745 -2.5018 0.9006
-25.9366 2.5208 -2.5018 0.9006
-26.0505 0.6540 -2.5018 0.9006
-26.0572 -0.2812 -2.5018 0.9006
-26.0303 -1.2161 -2.5018 0.9006
-25.8759 -3.0800 -2.5018 0.9006
-24.3758 -5.6085 -2.4013 0.9044
-23.6377 -6.3398 -2.3495 0.9063
-18.8026 -5.7738 -1.8883 0.9240
-17.8347 -6.1852 -1.8123 0.9270
-16.9393 -6.5647 -1.7441 0.9296
-16.1438 -6.9326 -1.6867 0.9318
-16.0844 -8.3206 -1.7386 0.9298
-20.8742 -12.7747 -2.3495 0.9063
-19.9073 -14.2412 -2.3499 0.9063
-19.3978 -14.9574 -2.3516 0.9063
-18.8617 -15.6548 -2.3533 0.9062
-17.1008 -17.6230 -2.3575 0.9060
-15.8081 -18.8224 -2.3598 0.9059
-15.1287 -19.3854 -2.3608 0.9059
-11.4403 -21.8032 -2.3639 0.9058
-10.6518 -22.2022 -2.3641 0.9058
-9.0323 -22.9101 -2.3642 0.9058
-8.2039 -23.2182 -2.3641 0.9058
-4.7939 -24.1351 -2.3624 0.9059
-3.0484 -24.3998 -2.3607 0.9059
-2.1699 -24.4831 -2.3597 0.9060
-0.4079 -24.5514 -2.3574 0.9060
0.4391 -22.7713 -2.1866 0.9125
0.8081 -14.6330 -1.4070 0.9428
1.3021 -14.2594 -1.3747 0.9441
1.8293 -14.3315 -1.3871 0.9436
1.0522 16.0183 -1.9069 0.9374
-0.1037 16.7384 -1.9883 0.9348
-0.8322 19.7620 -2.3495 0.9234
-2.1492 18.7918 -2.2468 0.9266
-1.7960 7.9735 -0.9709 0.9676
-2.0874 7.9282 -0.9739 0.9675
-7.0626 18.4758 -2.3495 0.9234
-8.3696 17.9217 -2.3496 0.9234
-9.0073 17.6098 -2.3496 0.9234
-10.2472 16.9184 -2.3496 0.9234
-10.8477 16.5398 -2.3496 0.9234
-12.0061 15.7192 -2.3496 0.9234
-13.6259 14.3378 -2.3496 0.9234
-9.4281 9.2333 -1.5675 0.9482
-14.6192 13.3236 -2.3496 0.9234
-15.0879 12.7904 -2.3496 0.9234
-15.5371 12.2408 -2.3496 0.9234
-17.8486 11.1803 -2.5018 0.9187
-18.2383 10.5326 -2.5018 0.9187
-18.9467 9.1973 -2.5018 0.9187
-19.5576 7.8147 -2.5018 0.9187
-19.8254 7.1078 -2.5018 0.9187
-20.0677 6.3918 -2.5018 0.9187
-20.2842 5.6675 -2.5018 0.9187
-20.4745 4.9360 -2.5018 0.9187
-20.6384 4.1981 -2.5018 0.9187
-20.7757 3.4548 -2.5018 0.9187
-20.8863 2.7070 -2.5018 0.9187
-20.9700 1.9558 -2.5018 0.9187
-21.0562 0.4467 -2.5017 0.9187
-20.9823 -1.8188 -2.5017 0.9187
-20.9035 -2.5706 -2.5017 0.9187
-20.5061 -4.8022 -2.5017 0.9187
-19.0026 -5.9162 -2.3641 0.9230
-16.0947 -6.9858 -2.0841 0.9318
-15.7397 -7.5140 -2.0718 0.9322
-16.1566 -8.4378 -2.1651 0.9292
-16.8306 -10.3902 -2.3495 0.9234
-16.4469 -10.9875 -2.3495 0.9234
-15.6164 -12.1388 -2.3495 0.9234
-15.1707 -12.6914 -2.3495 0.9234
-12.9029 -11.6062 -2.0615 0.9325
-13.7188 -14.2482 -2.3495 0.9234
-10.9551 -16.4681 -2.3495 0.9234
-9.1218 -17.5501 -2.3495 0.9234
-7.8395 -18.1591 -2.3495 0.9234
-7.1829 -18.4287 -2.3495 0.9234
-6.5169 -18.6746 -2.3495 0.9234
-4.6746 -15.1188 -1.8798 0.9382
-3.0721 -15.7876 -1.9105 0.9373
-3.0788 -19.5378 -2.3495 0.9234
-1.6695 -19.7083 -2.3495 0.9234
-0.9612 -19.7555 -2.3495 0.9234
0.8206 -13.8784 -1.6514 0.9455
1.3246 -13.9076 -1.6595 0.9453
1.8634 -14.1595 -1.6965 0.9441
2.4230 -14.3963 -1.7341 0.9429
3.0090 -14.6456 -1.7760 0.9416
3.6268 -14.9155 -1.8234 0.9400
6.7115 -18.6052 -2.3494 0.9234
8.0935 -18.2219 -2.3684 0.9228
9.2339 -18.9276 -2.5016 0.9187
10.5677 -18.2166 -2.5016 0.9187
11.2146 -17.8256 -2.5016 0.9187
12.4642 -16.9753 -2.5016 0.9187
13.6497 -16.0376 -2.5016 0.9187
14.2164 -15.5375 -2.5016 0.9187
15.2942 -14.4778 -2.5016 0.9187
16.7615 -12.7503 -2.5016 0.9187
18.7683 -9.5536 -2.5016 0.9187
19.9421 -6.7699 -2.5016 0.9187
20.1722 -6.0499 -2.5016 0.9187
19.7216 -1.5022 -2.3494 0.9234
16.3087 -0.6548 -1.9388 0.9364
14.9884 -0.0635 -1.7804 0.9414
15.1754 0.4806 -1.8035 0.9407
15.4397 1.0445 -1.8382 0.9396
19.5871 2.7470 -2.3494 0.9234
19.3397 4.1448 -2.3494 0.9234
19.1785 4.8361 -2.3495 0.9234
18.9926 5.5212 -2.3495 0.9234
18.7823 6.1992 -2.3495 0.9234
18.5477 6.8692 -2.3495 0.9234
18.0073 8.1819 -2.3495 0.9234
16.9747 9.2351 -2.2955 0.9251
16.1829 9.5724 -2.2334 0.9271
15.6443 10.0286 -2.2074 0.9279
12.1372 11.2959 -1.9695 0.9354
11.5471 11.5473 -1.9398 0.9363
10.9739 11.7915 -1.9134 0.9372
11.8409 15.8433 -2.3495 0.9234
10.6741 16.6518 -2.3495 0.9234
7.8839 13.3288 -1.8395 0.9395
7.3746 13.5556 -1.8331 0.9397
6.0961 13.4172 -1.7506 0.9424
5.3413 14.4229 -1.8269 0.9399
4.8290 14.6314 -1.8302 0.9398
5.5211 18.9932 -2.3495 0.9234
2.2092 15.7543 -1.8897 0.9379
0.5143 16.2474 -1.9309 0.9366
-0.7938 19.7636 -2.3495 0.9234
-1.5025 19.7225 -2.3495 0.9234
-2.1192 18.8545 -2.2537 0.9264
-2.6532 17.8174 -2.1398 0.9300
-2.0690 7.9209 -0.9725 0.9676
-5.6825 18.9455 -2.3495 0.9234
-7.0267 18.4895 -2.3495 0.9234
-8.9731 17.6273 -2.3496 0.9234
-10.8155 16.5609 -2.3496 0.9234
-11.4028 16.1621 -2.3496 0.9234
-11.9755 15.7425 -2.3496 0.9234
-12.5327 15.3026 -2.3496 0.9234
-13.0738 14.8430 -2.3496 0.9234
-13.5980 14.3643 -2.3496 0.9234
-14.5932 13.3520 -2.3496 0.9234
-15.0630 12.8197 -2.3496 0.9234
-15.5133 12.2710 -2.3496 0.9234
-15.9437 11.7063 -2.3496 0.9234
-17.3756 11.8221 -2.4964 0.9188
-18.5853 9.9075 -2.5018 0.9187
-19.2480 8.5489 -2.5018 0.9187
-20.0553 6.4308 -2.5018 0.9187
-20.4648 4.9758 -2.5018 0.9187
-20.6302 4.2382 -2.5018 0.9187
-20.7690 3.4952 -2.5018 0.9187
-21.0553 0.4876 -2.5017 0.9187
-21.0593 -0.2683 -2.5017 0.9187
-21.0361 -1.0238 -2.5017 0.9187
-20.9084 -2.5300 -2.5017 0.9187
-20.8042 -3.2786 -2.5017 0.9187
-20.5154 -4.7623 -2.5017 0.9187
-20.3313 -5.4954 -2.5017 0.9187
-18.9570 -5.8616 -2.3570 0.9232
-17.8106 -6.2157 -2.2408 0.9268
-15.7305 -7.4720 -2.0686 0.9323
-16.8507 -10.3575 -2.3495 0.9234
-16.0644 -11.5394 -2.3495 0.9234
-15.6400 -12.1084 -2.3495 0.9234
-14.2480 -13.7191 -2.3495 0.9234
-13.7465 -14.2215 -2.3495 0.9234
-12.6911 -15.1708 -2.3495 0.9234
-10.9871 -16.4468 -2.3495 0.9234
-10.3899 -16.8305 -2.3495 0.9234
-9.1559 -17.5323 -2.3495 0.9234
-7.2187 -18.4147 -2.3495 0.9234
-6.5532 -18.6618 -2.3495 0.9234
-3.1167 -19.5318 -2.3495 0.9234
-0.9996 -19.7536 -2.3495 0.9234
-0.2901 -19.7767 -2.3494 0.9234
3.5924 -14.9001 -1.8206 0.9401
6.0029 -18.8457 -2.3494 0.9234
6.6753 -18.6182 -2.3494 0.9234
9.1971 -18.9456 -2.5016 0.9187
11.1799 -17.8474 -2.5016 0.9187
11.8132 -17.4347 -2.5016 0.9187
12.4312 -16.9995 -2.5016 0.9187
13.6184 -16.0642 -2.5016 0.9187
14.1861 -15.5651 -2.5016 0.9187
15.2660 -14.5075 -2.5016 0.9187
16.7367 -12.7829 -2.5016 0.9187
17.6104 -11.5495 -2.5016 0.9187
18.0135 -10.9102 -2.5016 0.9187
18.7497 -9.5900 -2.5016 0.9187
19.3892 -8.2205 -2.5016 0.9187
19.9289 -6.8087 -2.5016 0.9187
20.1604 -6.0891 -2.5016 0.9187
20.5452 -4.6275 -2.5016 0.9187
19.6506 -2.2471 -2.3494 0.9234
19.7186 -1.5405 -2.3494 0.9234
16.3544 -0.6885 -1.9444 0.9362
15.1641 0.4507 -1.8021 0.9407
15.4265 1.0135 -1.8364 0.9396
15.6740 1.5964 -1.8715 0.9385
19.5924 2.7089 -2.3494 0.9234
19.4826 3.4102 -2.3494 0.9234
19.3477 4.1071 -2.3494 0.9234
19.1879 4.7988 -2.3495 0.9234
18.7943 6.1627 -2.3495 0.9234
18.5610 6.8332 -2.3495 0.9234
18.0232 8.1468 -2.3495 0.9234
16.2247 9.5546 -2.2366 0.9270
15.6854 10.0119 -2.2104 0.9278
15.8660 11.8102 -2.3495 0.9234
12.9537 11.1719 -2.0319 0.9334
12.3439 11.4436 -1.9994 0.9344
11.5786 11.5339 -1.9413 0.9363
11.0045 11.7785 -1.9147 0.9371
11.2964 16.2361 -2.3495 0.9234
10.7065 16.6310 -2.3495 0.9234
7.4022 13.5433 -1.8334 0.9397
6.1092 13.3771 -1.7469 0.9425
5.7950 13.9978 -1.7996 0.9408
4.8568 14.6201 -1.8300 0.9398
5.5580 18.9824 -2.3495 0.9234
4.1822 19.3322 -2.3495 0.9234
2.2386 15.7412 -1.8886 0.9380
1.6788 15.8736 -1.8961 0.9377
1.1129 15.9924 -1.9043 0.9375
-0.0385 16.7118 -1.9851 0.9349
-0.7553 19.7651 -2.3495 0.9234
-1.4641 19.7253 -2.3495 0.9234
-2.6153 17.8005 -2.1372 0.9301
-1.5875 8.6373 -1.0432 0.9652
-2.0507 7.9137 -0.9711 0.9676
-2.3975 8.0505 -0.9978 0.9667
-6.9907 18.5032 -2.3495 0.9234
-7.6502 18.2404 -2.3496 0.9234
-10.1813 16.9582 -2.3496 0.9234
-10.7833 16.5819 -2.3496 0.9234
-13.5700 14.3907 -2.3496 0.9234
-15.0380 12.8490 -2.3496 0.9234
-17.8049 11.2496 -2.5018 0.9187
-19.5270 7.8907 -2.5018 0.9187
-20.2620 5.7464 -2.5018 0.9187
-20.4551 5.0156 -2.5018 0.9187
-20.7622 3.5355 -2.5018 0.9187
-20.8757 2.7883 -2.5018 0.9187
-21.0218 1.2838 -2.5017 0.9187
-21.0543 0.5286 -2.5017 0.9187
-21.0597 -0.2273 -2.5017 0.9187
-21.0380 -0.9829 -2.5017 0.9187
-20.9892 -1.7372 -2.5017 0.9187
-20.9133 -2.4893 -2.5017 0.9187
-20.8105 -3.2382 -2.5017 0.9187
-20.6809 -3.9829 -2.5017 0.9187
-20.5246 -4.7224 -2.5017 0.9187
-20.3419 -5.4559 -2.5017 0.9187
-18.9341 -5.8142 -2.3528 0.9233
-16.8708 -10.3247 -2.3495 0.9234
-12.9427 -11.5512 -2.0607 0.9325
-14.2747 -13.6914 -2.3495 0.9234
-13.7742 -14.1948 -2.3495 0.9234
-12.1689 -15.5928 -2.3495 0.9234
-11.6015 -16.0194 -2.3495 0.9234
-10.4226 -16.8102 -2.3495 0.9234
-8.5556 -17.8329 -2.3495 0.9234
-6.5895 -18.6491 -2.3495 0.9234
-4.7316 -15.0950 -1.8791 0.9383
-4.2034 -15.3154 -1.8865 0.9380
-3.1310 -15.7630 -1.9090 0.9373
-2.4520 -19.6263 -2.3495 0.9234
-1.7461 -19.7017 -2.3495 0.9234
-1.0380 -19.7516 -2.3495 0.9234
0.2800 -14.5224 -1.7254 0.9432
1.2682 -13.8881 -1.6566 0.9454
2.3611 -14.3700 -1.7298 0.9430
1.0522 16.0183 -2.2745 0.9372
-4.7948 15.8740 -2.3495 0.9352
-5.3613 15.6917 -2.3495 0.9352
-8.0762 14.4827 -2.3495 0.9352
-10.0653 13.1782 -2.3495 0.9352
-6.9607 8.4655 -1.5529 0.9567
-10.9846 12.4223 -2.3495 0.9352
-11.4233 12.0202 -2.3495 0.9352
-12.2560 11.1699 -2.3495 0.9352
-12.6490 10.7229 -2.3495 0.9352
-13.0256 10.2621 -2.3495 0.9352
-14.2323 10.4073 -2.4982 0.9312
-14.6174 9.9039 -2.5018 0.9312
-14.9634 9.3730 -2.5018 0.9312
-15.8840 7.7106 -2.5017 0.9312
-16.1505 7.1356 -2.5017 0.9312
-16.3962 6.5515 -2.5017 0.9312
-16.6207 5.9589 -2.5017 0.9312
-16.8238 5.3586 -2.5017 0.9312
-17.1648 4.1381 -2.5017 0.9312
-17.3022 3.5195 -2.5017 0.9312
-17.6278 1.0077 -2.5017 0.9312
-17.6546 -0.2592 -2.5017 0.9312
-17.6339 -0.8926 -2.5017 0.9312
-17.4358 -2.7826 -2.5017 0.9312
-17.1914 -4.0259 -2.5017 0.9312
-16.8583 -5.2486 -2.5017 0.9312
-16.6590 -5.8502 -2.5017 0.9312
-16.4384 -6.4442 -2.5017 0.9312
-15.9338 -7.6066 -2.5017 0.9312
-15.6506 -8.1735 -2.5017 0.9312
-15.3472 -8.7299 -2.5017 0.9312
-14.9981 -9.2590 -2.4974 0.9313
-14.4945 -9.6832 -2.4699 0.9320
-13.8247 -9.9713 -2.4152 0.9335
-12.7184 -10.6399 -2.3495 0.9352
-12.3284 -11.0894 -2.3495 0.9352
-11.0652 -12.3501 -2.3495 0.9352
-10.6149 -12.7392 -2.3495 0.9352
-8.6829 -14.1268 -2.3495 0.9352
-8.1704 -14.4293 -2.3495 0.9352
-7.1144 -14.9781 -2.3495 0.9352
-6.5723 -15.2238 -2.3495 0.9352
-6.0218 -15.4498 -2.3495 0.9352
-4.6472 -15.0304 -2.2291 0.9384
-3.5912 -15.4712 -2.2504 0.9379
-1.9916 -16.4617 -2.3495 0.9352
-0.8058 -16.5622 -2.3495 0.9352
-0.2110 -16.5804 -2.3495 0.9352
0.3306 -14.2670 -2.0220 0.9440
0.8142 -13.7690 -1.9543 0.9458
2.4250 -14.4083 -2.0702 0.9427
3.0107 -14.6538 -2.1197 0.9414
3.6231 -14.9005 -2.1728 0.9399
4.2848 -15.2200 -2.2403 0.9381
7.1670 -16.1358 -2.5016 0.9312
8.3058 -15.5801 -2.5016 0.9312
9.4018 -14.9443 -2.5016 0.9312
10.4495 -14.2314 -2.5016 0.9312
10.9535 -13.8473 -2.5016 0.9312
11.4433 -13.4453 -2.5016 0.9312
11.9184 -13.0260 -2.5016 0.9312
13.2493 -11.6697 -2.5016 0.9312
13.6595 -11.1867 -2.5016 0.9312
15.7346 -8.0093 -2.5016 0.9312
16.2685 -6.8601 -2.5016 0.9312
16.7187 -5.6756 -2.5016 0.9312
16.9116 -5.0720 -2.5016 0.9312
17.4142 -2.5929 -2.4946 0.9313
16.4779 -1.8519 -2.3494 0.9352
16.0722 -0.6453 -2.2791 0.9371
14.9406 -0.0633 -2.1170 0.9414
15.2006 0.4814 -2.1548 0.9404
15.4397 1.0445 -2.1926 0.9394
16.4210 2.3029 -2.3495 0.9352
16.3278 2.8907 -2.3495 0.9352
16.2136 3.4748 -2.3495 0.9352
16.0784 4.0544 -2.3495 0.9352
15.9226 4.6288 -2.3495 0.9352
15.7463 5.1972 -2.3495 0.9352
15.5496 5.7589 -2.3495 0.9352
15.3330 6.3132 -2.3495 0.9352
15.0966 6.8593 -2.3495 0.9352
14.8407 7.3967 -2.3495 0.9352
14.2720 8.4421 -2.3495 0.9352
13.9598 8.9488 -2.3495 0.9352
13.2821 9.9270 -2.3495 0.9352
12.9173 10.3973 -2.3495 0.9352
12.5359 10.8541 -2.3495 0.9352
12.1372 11.2959 -2.3493 0.9352
10.9739 11.7915 -2.2823 0.9370
10.5606 12.1973 -2.2860 0.9369
9.4439 13.6300 -2.3495 0.9352
8.9487 13.9601 -2.3495 0.9352
7.8834 13.3279 -2.1940 0.9394
5.3410 14.4219 -2.1791 0.9398
4.8286 14.6304 -2.1830 0.9397
3.4747 16.2141 -2.3495 0.9352
2.2090 15.7532 -2.2539 0.9378
1.6376 15.7768 -2.2474 0.9379
1.0826 16.0054 -2.2730 0.9372
0.5143 16.2474 -2.3032 0.9364
-0.0705 16.5821 -2.3495 0.9352
-0.6655 16.5689 -2.3495 0.9352
-2.4423 16.4014 -2.3495 0.9352
-1.5198 8.1794 -1.1788 0.9669
-1.7799 7.9744 -1.1577 0.9675
-2.0684 7.9184 -1.1596 0.9675
-4.7639 15.8833 -2.3495 0.9352
-5.3308 15.7021 -2.3495 0.9352
-5.8908 15.5007 -2.3495 0.9352
-6.4433 15.2794 -2.3495 0.9352
-6.9874 15.0383 -2.3495 0.9352
-7.5226 14.7779 -2.3495 0.9352
-10.5068 12.8290 -2.3495 0.9352
-9.4056 9.2471 -1.8689 0.9481
-14.2089 10.4326 -2.4976 0.9313
-15.2729 8.8597 -2.5018 0.9312
-15.8690 7.7415 -2.5017 0.9312
-16.6091 5.9912 -2.5017 0.9312
-16.8134 5.3913 -2.5017 0.9312
-16.9960 4.7845 -2.5017 0.9312
-17.1567 4.1715 -2.5017 0.9312
-17.2954 3.5531 -2.5017 0.9312
-17.4117 2.9302 -2.5017 0.9312
-17.5770 1.6738 -2.5017 0.9312
-17.6258 1.0420 -2.5017 0.9312
-17.6551 -0.2249 -2.5017 0.9312
-17.6356 -0.8583 -2.5017 0.9312
-17.5935 -1.4906 -2.5017 0.9312
-17.4412 -2.7486 -2.5017 0.9312
-17.3313 -3.3727 -2.5017 0.9312
-17.0448 -4.6071 -2.5017 0.9312
-16.8685 -5.2158 -2.5017 0.9312
-16.4509 -6.4122 -2.5017 0.9312
-16.2102 -6.9985 -2.5017 0.9312
-15.6664 -8.1431 -2.5017 0.9312
-15.3641 -8.7000 -2.5017 0.9312
-15.0180 -9.2309 -2.4977 0.9313
-12.7391 -10.6151 -2.3495 0.9352
-11.5245 -11.9227 -2.3495 0.9352
-9.7000 -13.4489 -2.3495 0.9352
-8.7104 -14.1099 -2.3495 0.9352
-7.6759 -14.6983 -2.3495 0.9352
-7.1435 -14.9643 -2.3495 0.9352
-6.0518 -15.4381 -2.3495 0.9352
-4.6756 -15.0186 -2.2287 0.9384
-4.1503 -15.2379 -2.2377 0.9382
-3.0834 -15.6832 -2.2647 0.9375
-2.5389 -15.9105 -2.2829 0.9370
-0.8380 -16.5606 -2.3495 0.9352
0.7875 -13.7730 -1.9547 0.9458
2.3940 -14.3954 -2.0677 0.9427
2.9782 -14.6400 -2.1168 0.9414
4.2354 -15.1577 -2.2300 0.9384
5.3586 -16.8230 -2.5016 0.9312
5.9588 -16.6199 -2.5016 0.9312
6.5514 -16.3953 -2.5016 0.9312
7.7105 -15.8832 -2.5016 0.9312
8.2755 -15.5963 -2.5016 0.9312
9.9037 -14.6165 -2.5016 0.9312
11.4171 -13.4675 -2.5016 0.9312
11.8931 -13.0492 -2.5016 0.9312
12.3537 -12.6140 -2.5016 0.9312
12.7984 -12.1625 -2.5016 0.9312
13.6378 -11.2133 -2.5016 0.9312
14.0314 -10.7166 -2.5016 0.9312
14.4069 -10.2062 -2.5016 0.9312
14.7639 -9.6826 -2.5016 0.9312
15.7190 -8.0399 -2.5016 0.9312
15.9973 -7.4706 -2.5016 0.9312
16.2551 -6.8918 -2.5016 0.9312
16.4920 -6.3040 -2.5016 0.9312
16.7076 -5.7081 -2.5016 0.9312
16.9017 -5.1049 -2.5016 0.9312
17.0740 -4.4951 -2.5016 0.9312
17.3524 -3.2589 -2.5016 0.9312
17.4129 -2.6273 -2.4952 0.9313
16.4743 -1.8839 -2.3494 0.9352
16.5313 -1.2915 -2.3494 0.9352
14.9283 -0.0923 -2.1152 0.9415
16.4255 2.2710 -2.3495 0.9352
16.3334 2.8590 -2.3495 0.9352
16.2203 3.4433 -2.3495 0.9352
15.7563 5.1665 -2.3495 0.9352
15.3452 6.2834 -2.3495 0.9352
15.1099 6.8300 -2.3495 0.9352
14.8550 7.3678 -2.3495 0.9352
13.9772 8.9216 -2.3495 0.9352
13.6481 9.4175 -2.3495 0.9352
12.9375 10.3721 -2.3495 0.9352
12.1603 11.2734 -2.3495 0.9352
11.5786 11.5339 -2.3156 0.9361
10.5913 12.1848 -2.2875 0.9369
10.0309 12.4130 -2.2613 0.9376
9.9527 13.2630 -2.3495 0.9352
7.4017 13.5424 -2.1867 0.9396
6.1097 13.3782 -2.0839 0.9423
4.6596 15.9140 -2.3495 0.9352
2.8711 16.0367 -2.3084 0.9363
2.2384 15.7401 -2.2526 0.9378
1.6788 15.8736 -2.2617 0.9375
1.1129 15.9924 -2.2714 0.9373
0.5455 16.2342 -2.3015 0.9365
-0.6332 16.5702 -2.3495 0.9352
-2.4104 16.4062 -2.3495 0.9352
-2.0501 7.9112 -1.1580 0.9675
-5.3003 15.7125 -2.3495 0.9352
-6.4136 15.2919 -2.3495 0.9352
-6.9582 15.0519 -2.3495 0.9352
-7.4938 14.7925 -2.3495 0.9352
-8.5355 14.2169 -2.3495 0.9352
-9.0402 13.9014 -2.3495 0.9352
-9.5332 13.5681 -2.3495 0.9352
-10.0140 13.2172 -2.3495 0.9352
-10.4819 12.8494 -2.3495 0.9352
-11.3765 12.0645 -2.3495 0.9352
-12.6072 10.7720 -2.3495 0.9352
-14.1855 10.4579 -2.4971 0.9313
-14.5788 9.9607 -2.5018 0.9312
-14.9268 9.4311 -2.5018 0.9312
-15.2556 8.8894 -2.5018 0.9312
-15.5648 8.3362 -2.5018 0.9312
-15.8539 7.7723 -2.5017 0.9312
-16.1226 7.1984 -2.5017 0.9312
-16.8028 5.4240 -2.5017 0.9312
-17.2884 3.5867 -2.5017 0.9312
-17.4060 2.9640 -2.5017 0.9312
-17.6237 1.0763 -2.5017 0.9312
-17.4465 -2.7147 -2.5017 0.9312
-16.4633 -6.3802 -2.5017 0.9312
-16.2238 -6.9669 -2.5017 0.9312
-15.6822 -8.1126 -2.5017 0.9312
-15.0377 -9.2029 -2.4980 0.9313
-12.3715 -11.0414 -2.3495 0.9352
-11.9673 -11.4782 -2.3495 0.9352
-11.5476 -11.9003 -2.3495 0.9352
-11.1132 -12.3070 -2.3495 0.9352
-10.6643 -12.6978 -2.3495 0.9352
-8.2265 -14.3974 -2.3495 0.9352
-7.1726 -14.9504 -2.3495 0.9352
-5.5271 -14.0193 -2.1352 0.9409
-4.7040 -15.0068 -2.2283 0.9384
-3.6489 -15.4471 -2.2489 0.9379
-3.1127 -15.6709 -2.2638 0.9375
-2.5686 -15.8980 -2.2818 0.9370
-1.4639 -16.5170 -2.3495 0.9352
-0.2754 -16.5795 -2.3495 0.9352
0.2771 -14.3675 -2.0361 0.9436
1.2786 -14.0016 -1.9921 0.9448
0.9348 14.2314 -2.3495 0.9438
-0.0883 14.2618 -2.3495 0.9438
-0.6001 14.2495 -2.3495 0.9438
-1.6206 14.1697 -2.3495 0.9438
-2.0861 7.9232 -1.3497 0.9673
-4.1239 13.6529 -2.3495 0.9438
-4.6112 13.4961 -2.3495 0.9438
-5.5673 13.1307 -2.3495 0.9438
-6.0349 12.9224 -2.3495 0.9438
-7.3887 12.1990 -2.3495 0.9438
-7.8217 11.9260 -2.3495 0.9438
-8.2447 11.6377 -2.3495 0.9438
-8.6570 11.3343 -2.3495 0.9438
-6.9081 8.4016 -1.7919 0.9569
-9.8250 10.3383 -2.3495 0.9438
-9.4293 9.2344 -2.1742 0.9479
-11.0578 9.3740 -2.3881 0.9429
-13.4148 7.1177 -2.5017 0.9403
-13.6615 6.6317 -2.5017 0.9403
-14.4698 4.6088 -2.5017 0.9403
-14.6259 4.0866 -2.5017 0.9403
-14.7631 3.5591 -2.5017 0.9403
-14.8813 3.0270 -2.5017 0.9403
-15.1613 0.8667 -2.5017 0.9403
-15.1666 -0.7677 -2.5017 0.9403
-15.1293 -1.3115 -2.5017 0.9403
-14.7859 -3.4626 -2.5017 0.9403
-14.6521 -3.9910 -2.5017 0.9403
-14.4995 -4.5142 -2.5017 0.9403
-14.1383 -5.5425 -2.5017 0.9403
-13.7044 -6.5423 -2.5017 0.9403
-11.9897 -9.3197 -2.5017 0.9403
-11.6475 -9.7440 -2.5017 0.9403
-10.9186 -10.5543 -2.5017 0.9403
-9.6930 -11.6328 -2.4945 0.9405
-8.1756 -12.2898 -2.4317 0.9419
-7.1887 -12.6957 -2.4035 0.9426
-5.7378 -13.2907 -2.3848 0.9430
-5.2581 -13.4905 -2.3853 0.9430
-4.7775 -13.6902 -2.3887 0.9429
-3.8085 -14.0909 -2.4046 0.9425
-3.3177 -14.2930 -2.4172 0.9423
-2.8209 -14.4969 -2.4330 0.9419
-1.2782 -15.0891 -2.4947 0.9405
-0.7367 -15.1421 -2.4974 0.9404
0.8140 -13.7662 -2.2718 0.9456
1.3363 -14.0304 -2.3218 0.9445
1.9813 -15.0557 -2.5017 0.9403
3.0561 -14.8748 -2.5017 0.9403
3.5879 -14.7556 -2.5017 0.9403
4.1151 -14.6173 -2.5016 0.9403
7.6200 -13.1353 -2.5016 0.9403
8.5424 -12.5549 -2.5016 0.9403
8.9875 -12.2403 -2.5016 0.9403
9.4209 -11.9099 -2.5016 0.9403
9.8422 -11.5641 -2.5016 0.9403
10.2509 -11.2035 -2.5016 0.9403
10.6463 -10.8284 -2.5016 0.9403
11.0280 -10.4394 -2.5016 0.9403
13.2771 -7.3699 -2.5016 0.9403
13.5331 -6.8887 -2.5016 0.9403
13.9923 -5.9003 -2.5016 0.9403
14.6926 -3.8376 -2.5016 0.9403
14.8208 -3.3079 -2.5016 0.9403
14.9300 -2.7739 -2.5016 0.9403
15.0199 -2.2364 -2.5016 0.9403
15.0579 -1.6923 -2.4962 0.9404
14.2204 -1.0831 -2.3495 0.9438
14.2615 -0.0604 -2.3495 0.9438
14.1854 1.4726 -2.3495 0.9438
13.9450 2.9886 -2.3495 0.9438
13.8288 3.4871 -2.3495 0.9438
13.3740 4.9531 -2.3495 0.9438
12.7642 6.3618 -2.3495 0.9438
11.7227 8.1226 -2.3495 0.9438
11.4237 8.5381 -2.3495 0.9438
11.1099 8.9425 -2.3495 0.9438
10.4400 9.7163 -2.3495 0.9438
10.0846 10.0847 -2.3495 0.9438
6.8156 12.5280 -2.3495 0.9438
5.8995 12.9846 -2.3495 0.9438
5.4298 13.1879 -2.3495 0.9438
4.4699 13.5434 -2.3495 0.9438
3.9810 13.6951 -2.3495 0.9438
2.9885 13.9454 -2.3495 0.9438
0.9624 14.2294 -2.3495 0.9438
0.4512 14.2549 -2.3495 0.9438
-0.0606 14.2619 -2.3495 0.9438
-1.0834 14.2209 -2.3495 0.9438
-2.1006 14.1066 -2.3495 0.9438
-1.7777 7.9643 -1.3443 0.9675
-4.5849 13.5051 -2.3495 0.9438
-5.0666 13.3319 -2.3495 0.9438
-5.5417 13.1415 -2.3495 0.9438
-6.0097 12.9341 -2.3495 0.9438
-7.7985 11.9412 -2.3495 0.9438
-8.2220 11.6537 -2.3495 0.9438
-8.6349 11.3511 -2.3495 0.9438
-10.5224 9.6275 -2.3495 0.9438
-10.9791 9.3441 -2.3751 0.9432
-11.8958 9.4095 -2.4987 0.9404
-12.5555 8.5426 -2.5017 0.9403
-13.6486 6.6583 -2.5017 0.9403
-13.8788 6.1642 -2.5017 0.9403
-14.0910 5.6622 -2.5017 0.9403
-14.2851 5.1529 -2.5017 0.9403
-14.6179 4.1150 -2.5017 0.9403
-14.9755 2.5202 -2.5017 0.9403
-15.0563 1.9812 -2.5017 0.9403
-15.1820 0.3516 -2.5017 0.9403
-15.1848 -0.1934 -2.5017 0.9403
-15.1681 -0.7382 -2.5017 0.9403
-15.0760 -1.8242 -2.5017 0.9403
-15.0008 -2.3641 -2.5017 0.9403
-14.7926 -3.4339 -2.5017 0.9403
-14.3379 -5.0038 -2.5017 0.9403
-13.9421 -6.0192 -2.5017 0.9403
-12.6437 -8.4112 -2.5017 0.9403
-12.3337 -8.8595 -2.5017 0.9403
-12.0078 -9.2964 -2.5017 0.9403
-11.6664 -9.7213 -2.5017 0.9403
-10.1376 -11.2706 -2.4973 0.9404
-8.7046 -12.0687 -2.4514 0.9415
-8.2026 -12.2786 -2.4326 0.9419
-7.7057 -12.4825 -2.4166 0.9423
-7.2152 -12.6848 -2.4041 0.9426
-6.7288 -12.8847 -2.3946 0.9428
-6.2454 -13.0829 -2.3883 0.9429
-5.7638 -13.2798 -2.3849 0.9430
-4.3209 -13.8793 -2.3947 0.9428
-3.3444 -14.2820 -2.4165 0.9423
-2.8480 -14.4858 -2.4321 0.9419
-2.3444 -14.6919 -2.4510 0.9415
-0.7661 -15.1396 -2.4973 0.9404
-0.2226 -15.1759 -2.5003 0.9403
0.3223 -15.1822 -2.5017 0.9403
0.7873 -13.7694 -2.2721 0.9456
1.2971 -13.9053 -2.3007 0.9450
3.5592 -14.7625 -2.5017 0.9403
5.1251 -14.2945 -2.5016 0.9403
5.6348 -14.1014 -2.5016 0.9403
6.6317 -13.6609 -2.5016 0.9403
7.5944 -13.1501 -2.5016 0.9403
8.5180 -12.5715 -2.5016 0.9403
8.9636 -12.2577 -2.5016 0.9403
9.8197 -11.5832 -2.5016 0.9403
10.2290 -11.2234 -2.5016 0.9403
11.3760 -10.0591 -2.5016 0.9403
12.6982 -8.3279 -2.5016 0.9403
13.2628 -7.3957 -2.5016 0.9403
13.9808 -5.9275 -2.5016 0.9403
14.1845 -5.4220 -2.5016 0.9403
14.3699 -4.9095 -2.5016 0.9403
14.5369 -4.3906 -2.5016 0.9403
14.6851 -3.8662 -2.5016 0.9403
14.9246 -2.8029 -2.5016 0.9403
15.0574 -1.7219 -2.4967 0.9404
14.2490 -0.5999 -2.3495 0.9438
14.2614 -0.0882 -2.3495 0.9438
11.5089 0.7561 -1.9001 0.9543
14.1273 1.9533 -2.3495 0.9438
13.8356 3.4602 -2.3495 0.9438
13.7025 3.9545 -2.3495 0.9438
13.5518 4.4437 -2.3495 0.9438
13.1982 5.4042 -2.3495 0.9438
12.9958 5.8744 -2.3495 0.9438
12.7766 6.3369 -2.3495 0.9438
12.5410 6.7914 -2.3495 0.9438
12.2892 7.2370 -2.3495 0.9438
12.0216 7.6733 -2.3495 0.9438
11.7385 8.0998 -2.3495 0.9438
11.1273 8.9209 -2.3495 0.9438
10.8000 9.3144 -2.3495 0.9438
10.4588 9.6960 -2.3495 0.9438
10.1042 10.0651 -2.3495 0.9438
9.7365 10.4212 -2.3495 0.9438
9.3562 10.7639 -2.3495 0.9438
8.5602 11.4073 -2.3495 0.9438
8.1453 11.7071 -2.3495 0.9438
7.7199 11.9919 -2.3495 0.9438
7.2847 12.2612 -2.3495 0.9438
6.8399 12.5147 -2.3495 0.9438
5.4554 13.1774 -2.3495 0.9438
4.9790 13.3646 -2.3495 0.9438
4.0076 13.6874 -2.3495 0.9438
3.5139 13.8224 -2.3495 0.9438
3.0156 13.9396 -2.3495 0.9438
1.5000 14.1829 -2.3495 0.9438
0.9902 14.2278 -2.3495 0.9438
0.4789 14.2540 -2.3495 0.9438
-0.0329 14.2620 -2.3495 0.9438
-0.5446 14.2517 -2.3495 0.9438
-1.5654 14.1759 -2.3495 0.9438
-2.0731 14.1106 -2.3495 0.9438
-5.5162 13.1522 -2.3495 0.9438
-5.9846 12.9458 -2.3495 0.9438
-7.3412 12.2277 -2.3495 0.9438
-7.7753 11.9564 -2.3495 0.9438
-6.8891 8.4452 -1.7954 0.9568
-9.4060 10.7209 -2.3495 0.9438
-9.7847 10.3764 -2.3495 0.9438
-9.3837 9.2616 -2.1720 0.9480
-10.9013 9.3145 -2.3621 0.9435
-12.2234 9.0114 -2.5017 0.9403
-13.3870 7.1698 -2.5017 0.9403
-13.6356 6.6848 -2.5017 0.9403
-13.8667 6.1912 -2.5017 0.9403
-14.0800 5.6896 -2.5017 0.9403
-14.2751 5.1807 -2.5017 0.9403
-14.4518 4.6651 -2.5017 0.9403
-14.7492 3.6165 -2.5017 0.9403
-14.8694 3.0849 -2.5017 0.9403
-14.9705 2.5493 -2.5017 0.9403
-15.0524 2.0105 -2.5017 0.9403
-15.1148 1.4690 -2.5017 0.9403
-15.1578 0.9257 -2.5017 0.9403
-15.1851 -0.1639 -2.5017 0.9403
-14.6676 -3.9340 -2.5017 0.9403
-14.3476 -4.9759 -2.5017 0.9403
-14.1598 -5.4875 -2.5017 0.9403
-13.4880 -6.9775 -2.5017 0.9403
-12.9528 -7.9269 -2.5017 0.9403
-12.6600 -8.3866 -2.5017 0.9403
-12.3509 -8.8355 -2.5017 0.9403
-12.0259 -9.2730 -2.5017 0.9403
-11.3298 -10.1117 -2.5017 0.9403
-9.2436 -11.8445 -2.4751 0.9409
-8.7321 -12.0573 -2.4525 0.9414
-8.2297 -12.2674 -2.4336 0.9419
-7.7325 -12.4714 -2.4174 0.9422
-7.2416 -12.6739 -2.4047 0.9425
-6.2715 -13.0722 -2.3885 0.9429
-5.3101 -13.4689 -2.3851 0.9430
-3.8614 -14.0691 -2.4034 0.9426
-2.8751 -14.4747 -2.4311 0.9419
-2.3719 -14.6807 -2.4498 0.9415
-1.3367 -15.0823 -2.4944 0.9405
-0.7955 -15.1372 -2.4971 0.9404
-0.2521 -15.1744 -2.5002 0.9403
0.2928 -15.1827 -2.5017 0.9403
0.7609 -13.7780 -2.2732 0.9456
1.2699 -13.9061 -2.3004 0.9450
1.9228 -15.0633 -2.5017 0.9403
0.3712 12.4945 -2.3495 0.9504
-0.0774 12.4998 -2.3495 0.9504
-0.3812 9.0512 -1.7028 0.9638
-0.7180 9.1886 -1.7324 0.9632
-1.4204 12.4191 -2.3495 0.9504
-1.5302 8.1471 -1.5581 0.9668
-4.4633 11.6761 -2.3495 0.9504
-4.8795 11.5084 -2.3495 0.9504
-5.2893 11.3259 -2.3495 0.9504
-5.6923 11.1288 -2.3495 0.9504
-6.4759 10.6919 -2.3495 0.9504
-6.8554 10.4526 -2.3495 0.9504
-8.6111 9.0610 -2.3495 0.9504
-8.9307 8.7462 -2.3495 0.9504
-9.6199 8.7674 -2.4464 0.9484
-10.7439 7.8564 -2.5017 0.9473
-11.0189 7.4658 -2.5017 0.9473
-11.7574 6.2383 -2.5017 0.9473
-11.9737 5.8124 -2.5017 0.9473
-12.1745 5.3790 -2.5017 0.9473
-12.3597 4.9386 -2.5017 0.9473
-12.8189 3.5817 -2.5017 0.9473
-12.9392 3.1194 -2.5017 0.9473
-13.0428 2.6531 -2.5017 0.9473
-13.1995 1.7107 -2.5017 0.9473
-13.2882 0.7596 -2.5017 0.9473
-13.2928 -0.6729 -2.5017 0.9473
-13.2601 -1.1494 -2.5017 0.9473
-12.9592 -3.0348 -2.5017 0.9473
-12.8419 -3.4979 -2.5017 0.9473
-12.7081 -3.9565 -2.5017 0.9473
-12.3916 -4.8578 -2.5017 0.9473
-12.2093 -5.2993 -2.5017 0.9473
-11.7977 -6.1614 -2.5017 0.9473
-11.3254 -6.9917 -2.5017 0.9473
-10.7948 -7.7860 -2.5017 0.9473
-10.5084 -8.1683 -2.5017 0.9473
-10.2085 -8.5401 -2.5017 0.9473
-9.8955 -8.9010 -2.5017 0.9473
-9.2316 -9.5878 -2.5017 0.9473
-8.8815 -9.9129 -2.5017 0.9473
-8.5201 -10.2252 -2.5017 0.9473
-7.7648 -10.8100 -2.5017 0.9473
-6.5580 -11.5818 -2.5017 0.9473
-6.1382 -11.8097 -2.5017 0.9473
-5.2753 -12.2195 -2.5017 0.9473
-4.8334 -12.4009 -2.5017 0.9473
-4.3853 -12.5664 -2.5017 0.9473
-2.5422 -13.0645 -2.5017 0.9473
-1.5986 -13.2132 -2.5017 0.9473
-1.1234 -13.2620 -2.5017 0.9473
-0.6468 -13.2938 -2.5017 0.9473
0.3083 -13.3059 -2.5017 0.9473
1.2619 -13.2495 -2.5017 0.9473
1.7365 -13.1957 -2.5017 0.9473
2.6785 -13.0371 -2.5017 0.9473
3.1446 -12.9326 -2.5017 0.9473
3.6067 -12.8114 -2.5017 0.9473
4.0641 -12.6738 -2.5017 0.9473
4.9626 -12.3496 -2.5017 0.9473
5.4026 -12.1636 -2.5017 0.9473
5.8356 -11.9619 -2.5017 0.9473
6.2611 -11.7447 -2.5016 0.9473
6.6786 -11.5125 -2.5016 0.9473
7.0874 -11.2654 -2.5016 0.9473
7.4871 -11.0038 -2.5016 0.9473
8.2570 -10.4385 -2.5016 0.9473
9.3310 -9.4906 -2.5016 0.9473
9.6656 -9.1497 -2.5016 0.9473
10.2969 -8.4329 -2.5016 0.9473
11.6369 -6.4594 -2.5016 0.9473
11.8612 -6.0376 -2.5016 0.9473
12.0702 -5.6081 -2.5016 0.9473
12.4413 -4.7279 -2.5016 0.9473
12.6030 -4.2784 -2.5016 0.9473
12.9898 -2.8992 -2.5017 0.9473
13.2496 -1.0092 -2.4976 0.9474
12.4935 0.3956 -2.3495 0.9504
12.3786 1.7360 -2.3495 0.9504
12.3083 2.1791 -2.3495 0.9504
12.2222 2.6194 -2.3495 0.9504
12.0029 3.4893 -2.3495 0.9504
11.5584 4.7590 -2.3495 0.9504
11.3802 5.1707 -2.3495 0.9504
10.7586 6.3638 -2.3495 0.9504
10.5233 6.7458 -2.3495 0.9504
10.2744 7.1191 -2.3495 0.9504
9.1502 8.5159 -2.3495 0.9504
8.5158 9.1503 -2.3495 0.9504
8.1820 9.4500 -2.3495 0.9504
7.1190 10.2746 -2.3495 0.9504
6.3637 10.7588 -2.3495 0.9504
5.1706 11.3804 -2.3495 0.9504
3.9177 11.8702 -2.3495 0.9504
3.0562 12.1206 -2.3495 0.9504
2.6193 12.2225 -2.3495 0.9504
1.7359 12.3789 -2.3495 0.9504
1.2905 12.4332 -2.3495 0.9504
0.8435 12.4715 -2.3495 0.9504
-0.0531 12.4999 -2.3495 0.9504
-0.6995 9.1813 -1.7307 0.9632
-1.3962 12.4218 -2.3495 0.9504
-1.8411 12.3637 -2.3495 0.9504
-3.5911 11.9731 -2.3495 0.9504
-4.0184 11.8366 -2.3495 0.9504
-4.8571 11.5179 -2.3495 0.9504
-6.0668 10.9292 -2.3495 0.9504
-6.4551 10.7044 -2.3495 0.9504
-6.8350 10.4659 -2.3495 0.9504
-7.2062 10.2139 -2.3495 0.9504
-7.5681 9.9487 -2.3495 0.9504
-6.8802 8.4008 -2.0410 0.9568
-8.2622 9.3803 -2.3495 0.9504
-8.9137 8.7635 -2.3495 0.9504
-9.5562 8.7434 -2.4346 0.9486
-10.7286 7.8773 -2.5017 0.9473
-11.5130 6.6786 -2.5017 0.9473
-11.7452 6.2612 -2.5017 0.9473
-12.3501 4.9626 -2.5017 0.9473
-12.5202 4.5163 -2.5017 0.9473
-12.6742 4.0641 -2.5017 0.9473
-12.8119 3.6066 -2.5017 0.9473
-12.9331 3.1446 -2.5017 0.9473
-13.2499 1.2618 -2.5017 0.9473
-13.3063 0.3082 -2.5017 0.9473
-13.2941 -0.6470 -2.5017 0.9473
-12.9651 -3.0096 -2.5017 0.9473
-12.8487 -3.4729 -2.5017 0.9473
-12.5665 -4.3856 -2.5017 0.9473
-12.4010 -4.8337 -2.5017 0.9473
-12.0224 -5.7107 -2.5017 0.9473
-11.8097 -6.1384 -2.5017 0.9473
-11.3390 -6.9696 -2.5017 0.9473
-10.8099 -7.7650 -2.5017 0.9473
-10.2251 -8.5203 -2.5017 0.9473
-9.9128 -8.8817 -2.5017 0.9473
-9.2502 -9.5698 -2.5017 0.9473
-8.9008 -9.8956 -2.5017 0.9473
-8.5400 -10.2086 -2.5017 0.9473
-7.7858 -10.7948 -2.5017 0.9473
-7.3934 -11.0673 -2.5017 0.9473
-6.1611 -11.7977 -2.5017 0.9473
-5.7338 -12.0112 -2.5017 0.9473
-4.8575 -12.3915 -2.5017 0.9473
-4.4097 -12.5578 -2.5017 0.9473
-3.9563 -12.7079 -2.5017 0.9473
-3.0346 -12.9590 -2.5017 0.9473
-2.5676 -13.0595 -2.5017 0.9473
-2.0973 -13.1432 -2.5017 0.9473
-1.6243 -13.2100 -2.5017 0.9473
-1.1492 -13.2598 -2.5017 0.9473
-0.1952 -13.3081 -2.5017 0.9473
1.7109 -13.1990 -2.5017 0.9473
2.1834 -13.1291 -2.5017 0.9473
3.5818 -12.8184 -2.5017 0.9473
4.0395 -12.6816 -2.5017 0.9473
4.4919 -12.5285 -2.5017 0.9473
4.9386 -12.3592 -2.5017 0.9473
5.3789 -12.1740 -2.5017 0.9473
5.8124 -11.9732 -2.5017 0.9473
6.2383 -11.7569 -2.5016 0.9473
8.6066 -10.1522 -2.5016 0.9473
9.3126 -9.5088 -2.5016 0.9473
9.6478 -9.1685 -2.5016 0.9473
11.1294 -7.2990 -2.5016 0.9473
11.8494 -6.0607 -2.5016 0.9473
12.2536 -5.1952 -2.5016 0.9473
12.4321 -4.7521 -2.5016 0.9473
12.5946 -4.3029 -2.5016 0.9473
12.8708 -3.3885 -2.5016 0.9473
13.1605 -1.9857 -2.5017 0.9473
13.2233 -1.5121 -2.5017 0.9473
13.2498 -1.0351 -2.4980 0.9473
12.7266 -0.5358 -2.3942 0.9495
12.4995 -0.0773 -2.3495 0.9504
12.4942 0.3713 -2.3495 0.9504
12.3819 1.7120 -2.3495 0.9504
12.2273 2.5956 -2.3495 0.9504
12.1263 3.0327 -2.3495 0.9504
11.1981 5.5540 -2.3495 0.9504
10.9916 5.9523 -2.3495 0.9504
10.7709 6.3429 -2.3495 0.9504
10.5364 6.7253 -2.3495 0.9504
10.0269 7.4637 -2.3495 0.9504
9.7526 7.8187 -2.3495 0.9504
9.1667 8.4981 -2.3495 0.9504
8.5336 9.1337 -2.3495 0.9504
8.2003 9.4341 -2.3495 0.9504
7.5026 9.9979 -2.3495 0.9504
7.1390 10.2607 -2.3495 0.9504
6.3847 10.7464 -2.3495 0.9504
5.9949 10.9686 -2.3495 0.9504
5.1928 11.3703 -2.3495 0.9504
3.9407 11.8625 -2.3495 0.9504
3.5125 11.9963 -2.3495 0.9504
3.0798 12.1147 -2.3495 0.9504
2.2029 12.3044 -2.3495 0.9504
1.7599 12.3755 -2.3495 0.9504
1.3147 12.4307 -2.3495 0.9504
0.8678 12.4699 -2.3495 0.9504
0.4197 12.4930 -2.3495 0.9504
-0.0288 12.5000 -2.3495 0.9504
-1.3720 12.4245 -2.3495 0.9504
-1.8170 12.3673 -2.3495 0.9504
-1.7616 7.9651 -1.5333 0.9673
-2.0488 7.9062 -1.5351 0.9673
-4.8347 11.5273 -2.3495 0.9504
-5.2452 11.3464 -2.3495 0.9504
-6.4342 10.7170 -2.3495 0.9504
-6.8147 10.4792 -2.3495 0.9504
-8.2439 9.3963 -2.3495 0.9504
-8.8966 8.7808 -2.3495 0.9504
-9.4931 8.7196 -2.4228 0.9489
-10.1088 8.6373 -2.4992 0.9473
-10.9897 7.5086 -2.5017 0.9473
-11.2521 7.1094 -2.5017 0.9473
-11.7330 6.2840 -2.5017 0.9473
-12.1535 5.4263 -2.5017 0.9473
-12.6663 4.0887 -2.5017 0.9473
-12.8049 3.6315 -2.5017 0.9473
-12.9269 3.1697 -2.5017 0.9473
-13.0324 2.7038 -2.5017 0.9473
-13.1927 1.7621 -2.5017 0.9473
-13.2851 0.8113 -2.5017 0.9473
-13.2645 -1.0979 -2.5017 0.9473
-13.2165 -1.5732 -2.5017 0.9473
-12.9709 -2.9844 -2.5017 0.9473
-12.8554 -3.4479 -2.5017 0.9473
-12.4104 -4.8096 -2.5017 0.9473
-12.2298 -5.2518 -2.5017 0.9473
-12.0335 -5.6873 -2.5017 0.9473
-11.8216 -6.1155 -2.5017 0.9473
-11.3525 -6.9476 -2.5017 0.9473
-10.8250 -7.7439 -2.5017 0.9473
-10.5401 -8.1274 -2.5017 0.9473
-10.2417 -8.5004 -2.5017 0.9473
-9.9300 -8.8624 -2.5017 0.9473
-8.9200 -9.8782 -2.5017 0.9473
-8.5598 -10.1920 -2.5017 0.9473
-8.1886 -10.4926 -2.5017 0.9473
-7.4149 -11.0529 -2.5017 0.9473
-7.0135 -11.3118 -2.5017 0.9473
-6.6030 -11.5562 -2.5017 0.9473
-6.1841 -11.7857 -2.5017 0.9473
-5.7571 -12.0000 -2.5017 0.9473
-5.3228 -12.1989 -2.5017 0.9473
-4.8816 -12.3820 -2.5017 0.9473
-3.9810 -12.7002 -2.5017 0.9473
-3.5227 -12.8349 -2.5017 0.9473
-3.0598 -12.9531 -2.5017 0.9473
-2.5930 -13.0545 -2.5017 0.9473
-2.1229 -13.1391 -2.5017 0.9473
0.2566 -13.3070 -2.5017 0.9473
1.2104 -13.2543 -2.5017 0.9473
1.6852 -13.2023 -2.5017 0.9473
-0.0689 11.1149 -2.3495 0.9556
-1.2630 11.0432 -2.3495 0.9556
-3.5937 10.5182 -2.3495 0.9556
-3.9688 10.3825 -2.3495 0.9556
-3.1903 7.5244 -1.7276 0.9671
-5.0617 9.8958 -2.3495 0.9556
-5.7584 9.5073 -2.3495 0.9556
-6.0958 9.2945 -2.3495 0.9556
-6.4255 9.0698 -2.3495 0.9556
-6.7468 8.8334 -2.3495 0.9556
-6.8712 8.3566 -2.2869 0.9567
-7.3630 8.3267 -2.3495 0.9556
-8.7441 7.9692 -2.5008 0.9528
-9.2967 7.3243 -2.5017 0.9528
-10.0300 6.2827 -2.5017 0.9528
-10.6471 5.1684 -2.5017 0.9528
-11.5056 2.7738 -2.5017 0.9528
-11.5977 2.3591 -2.5017 0.9528
-11.8339 -0.1737 -2.5017 0.9528
-11.7910 -1.0221 -2.5017 0.9528
-11.7467 -1.4446 -2.5017 0.9528
-11.6128 -2.2833 -2.5017 0.9528
-11.5234 -2.6986 -2.5017 0.9528
-11.3002 -3.5181 -2.5017 0.9528
-11.1666 -3.9214 -2.5017 0.9528
-10.8566 -4.7122 -2.5017 0.9528
-10.6805 -5.0988 -2.5017 0.9528
-10.0707 -6.2171 -2.5017 0.9528
-9.5988 -6.9233 -2.5017 0.9528
-9.0775 -7.5940 -2.5017 0.9528
-8.5094 -8.2255 -2.5017 0.9528
-7.8975 -8.8146 -2.5017 0.9528
-7.5761 -9.0923 -2.5017 0.9528
-6.9045 -9.6123 -2.5017 0.9528
-6.5551 -9.8539 -2.5017 0.9528
-6.1973 -10.0827 -2.5017 0.9528
-4.6909 -10.8657 -2.5017 0.9528
-3.8995 -11.1741 -2.5017 0.9528
-3.4960 -11.3069 -2.5017 0.9528
-3.0880 -11.4250 -2.5017 0.9528
-2.6760 -11.5285 -2.5017 0.9528
-2.2605 -11.6171 -2.5017 0.9528
-1.8422 -11.6907 -2.5017 0.9528
-1.4215 -11.7493 -2.5017 0.9528
-0.5751 -11.8210 -2.5017 0.9528
-0.1506 -11.8340 -2.5017 0.9528
0.2742 -11.8317 -2.5017 0.9528
1.5442 -11.7337 -2.5017 0.9528
2.3818 -11.5928 -2.5017 0.9528
3.2071 -11.3921 -2.5017 0.9528
3.6138 -11.2696 -2.5017 0.9528
4.8041 -10.8160 -2.5017 0.9528
5.1891 -10.6366 -2.5017 0.9528
5.5675 -10.4435 -2.5017 0.9528
5.9386 -10.2370 -2.5017 0.9528
7.0044 -9.5395 -2.5017 0.9528
7.3422 -9.2820 -2.5017 0.9528
8.5947 -8.1360 -2.5017 0.9528
8.8812 -7.8223 -2.5017 0.9528
9.1561 -7.4986 -2.5017 0.9528
9.4193 -7.1652 -2.5017 0.9528
9.6704 -6.8226 -2.5017 0.9528
9.9090 -6.4711 -2.5017 0.9528
10.1348 -6.1114 -2.5017 0.9528
10.3476 -5.7438 -2.5017 0.9528
10.9050 -4.5984 -2.5017 0.9528
11.0630 -4.2041 -2.5017 0.9528
11.2067 -3.8044 -2.5017 0.9528
11.3360 -3.3998 -2.5017 0.9528
11.4507 -2.9908 -2.5017 0.9528
11.5507 -2.5780 -2.5017 0.9528
11.7058 -1.7429 -2.5017 0.9528
11.8007 -0.8988 -2.5017 0.9528
11.8121 -0.4743 -2.4988 0.9528
11.5617 -0.0490 -2.4439 0.9538
11.1093 0.3518 -2.3495 0.9556
11.0555 1.1477 -2.3495 0.9556
11.0072 1.5437 -2.3495 0.9556
10.8681 2.3292 -2.3495 0.9556
10.7775 2.7177 -2.3495 0.9556
10.6731 3.1027 -2.3495 0.9556
10.5549 3.4837 -2.3495 0.9556
10.4231 3.8602 -2.3495 0.9556
10.2778 4.2318 -2.3495 0.9556
10.1194 4.5979 -2.3495 0.9556
9.7635 5.3118 -2.3495 0.9556
9.5666 5.6588 -2.3495 0.9556
8.9031 6.6542 -2.3495 0.9556
8.6586 6.9694 -2.3495 0.9556
8.4029 7.2756 -2.3495 0.9556
8.1364 7.5724 -2.3495 0.9556
7.8594 7.8595 -2.3495 0.9556
7.2755 8.4030 -2.3495 0.9556
6.3303 9.1363 -2.3495 0.9556
5.9983 9.3576 -2.3495 0.9556
5.6587 9.5668 -2.3495 0.9556
5.3117 9.7637 -2.3495 0.9556
4.9580 9.9480 -2.3495 0.9556
4.2317 10.2780 -2.3495 0.9556
3.8601 10.4232 -2.3495 0.9556
2.7176 10.7778 -2.3495 0.9556
1.9376 10.9449 -2.3495 0.9556
1.5436 11.0074 -2.3495 0.9556
0.7501 11.0898 -2.3495 0.9556
-0.3625 9.0256 -1.9094 0.9637
-0.6351 8.3362 -1.7672 0.9664
-1.2415 11.0456 -2.3495 0.9556
-1.6371 10.9939 -2.3495 0.9556
-1.5139 8.1477 -1.7517 0.9667
-2.0664 7.9109 -1.7283 0.9671
-3.5732 10.5252 -2.3495 0.9556
-3.9486 10.3902 -2.3495 0.9556
-5.0424 9.9056 -2.3495 0.9556
-5.3946 9.7183 -2.3495 0.9556
-5.7399 9.5185 -2.3495 0.9556
-6.0778 9.3064 -2.3495 0.9556
-6.4078 9.0823 -2.3495 0.9556
-6.7296 8.8465 -2.3495 0.9556
-6.8617 8.3782 -2.2891 0.9567
-7.6414 8.0720 -2.3495 0.9556
-8.3927 8.2513 -2.4878 0.9530
-9.7851 6.6577 -2.5017 0.9528
-10.0177 6.3022 -2.5017 0.9528
-10.8164 4.8041 -2.5017 0.9528
-10.9818 4.4128 -2.5017 0.9528
-11.5002 2.7962 -2.5017 0.9528
-11.5931 2.3817 -2.5017 0.9528
-11.6711 1.9641 -2.5017 0.9528
-11.8146 0.6984 -2.5017 0.9528
-11.8342 -0.1507 -2.5017 0.9528
-11.8212 -0.5753 -2.5017 0.9528
-11.7929 -0.9991 -2.5017 0.9528
-11.7495 -1.4217 -2.5017 0.9528
-11.4252 -3.0882 -2.5017 0.9528
-11.3070 -3.4962 -2.5017 0.9528
-11.1742 -3.8997 -2.5017 0.9528
-11.0271 -4.2981 -2.5017 0.9528
-10.6904 -5.0780 -2.5017 0.9528
-10.2986 -5.8317 -2.5017 0.9528
-10.0827 -6.1975 -2.5017 0.9528
-9.8538 -6.5553 -2.5017 0.9528
-9.3583 -7.2451 -2.5017 0.9528
-9.0922 -7.5763 -2.5017 0.9528
-8.8145 -7.8977 -2.5017 0.9528
-8.2253 -8.5096 -2.5017 0.9528
-7.9147 -8.7992 -2.5017 0.9528
-6.5742 -9.8411 -2.5017 0.9528
-5.0985 -10.6805 -2.5017 0.9528
-3.9212 -11.1665 -2.5017 0.9528
-3.5179 -11.3000 -2.5017 0.9528
-3.1102 -11.4190 -2.5017 0.9528
-2.2831 -11.6126 -2.5017 0.9528
-1.4443 -11.7465 -2.5017 0.9528
-0.1736 -11.8337 -2.5017 0.9528
1.9415 -11.6746 -2.5017 0.9528
2.3592 -11.5974 -2.5017 0.9528
2.7739 -11.5052 -2.5017 0.9528
3.5919 -11.2766 -2.5017 0.9528
3.9943 -11.1405 -2.5017 0.9528
4.7830 -10.8253 -2.5017 0.9528
5.5471 -10.4544 -2.5017 0.9528
6.2827 -10.0296 -2.5017 0.9528
7.3242 -9.2962 -2.5017 0.9528
8.2808 -8.4553 -2.5017 0.9528
9.1415 -7.5164 -2.5017 0.9528
9.6571 -6.8413 -2.5017 0.9528
10.1229 -6.1311 -2.5017 0.9528
10.3364 -5.7639 -2.5017 0.9528
10.5366 -5.3892 -2.5017 0.9528
11.0548 -4.2256 -2.5017 0.9528
11.3294 -3.4219 -2.5017 0.9528
11.4449 -3.0131 -2.5017 0.9528
11.5456 -2.6005 -2.5017 0.9528
11.7024 -1.7657 -2.5017 0.9528
11.7582 -1.3446 -2.5017 0.9528
11.8128 -0.4973 -2.4992 0.9528
11.6103 -0.0718 -2.4542 0.9536
11.1172 0.3304 -2.3510 0.9555
11.0910 0.7287 -2.3495 0.9556
11.0102 1.5223 -2.3495 0.9556
10.9484 1.9164 -2.3495 0.9556
10.7828 2.6967 -2.3495 0.9556
10.6791 3.0819 -2.3495 0.9556
10.2860 4.2118 -2.3495 0.9556
9.9575 4.9387 -2.3495 0.9556
9.7738 5.2928 -2.3495 0.9556
9.5776 5.6402 -2.3495 0.9556
8.6721 6.9525 -2.3495 0.9556
8.4170 7.2592 -2.3495 0.9556
8.1511 7.5566 -2.3495 0.9556
7.8747 7.8442 -2.3495 0.9556
7.5881 8.1218 -2.3495 0.9556
6.0165 9.3459 -2.3495 0.9556
4.9773 9.9384 -2.3495 0.9556
4.2517 10.2698 -2.3495 0.9556
3.5041 10.5483 -2.3495 0.9556
2.7385 10.7725 -2.3495 0.9556
2.3502 10.8638 -2.3495 0.9556
1.9588 10.9411 -2.3495 0.9556
1.5650 11.0044 -2.3495 0.9556
1.1691 11.0535 -2.3495 0.9556
0.3732 11.1089 -2.3495 0.9556
-0.0256 11.1151 -2.3495 0.9556
-0.3454 9.0371 -1.9117 0.9637
-1.4996 8.1589 -1.7535 0.9667
-1.7594 7.9548 -1.7221 0.9672
-3.9284 10.3978 -2.3495 0.9556
-3.5404 7.6587 -1.7835 0.9661
-5.3757 9.7288 -2.3495 0.9556
-5.7214 9.5296 -2.3495 0.9556
-6.0597 9.3182 -2.3495 0.9556
-6.7124 8.8595 -2.3495 0.9556
-7.6257 8.0869 -2.3495 0.9556
-8.3403 8.2318 -2.4771 0.9532
-8.9980 7.6882 -2.5017 0.9528
-9.2681 7.3604 -2.5017 0.9528
-9.5263 7.0230 -2.5017 0.9528
-9.7722 6.6767 -2.5017 0.9528
-10.4331 5.5878 -2.5017 0.9528
-10.8070 4.8251 -2.5017 0.9528
-10.9732 4.4342 -2.5017 0.9528
-11.2630 3.6357 -2.5017 0.9528
-11.3862 3.2292 -2.5017 0.9528
-11.5885 2.4042 -2.5017 0.9528
-11.6673 1.9868 -2.5017 0.9528
-11.7310 1.5669 -2.5017 0.9528
-11.7797 1.1449 -2.5017 0.9528
-11.8345 -0.1277 -2.5017 0.9528
-11.8223 -0.5523 -2.5017 0.9528
-11.6944 -1.8197 -2.5017 0.9528
-11.6216 -2.2382 -2.5017 0.9528
-11.4311 -3.0659 -2.5017 0.9528
-11.3138 -3.4742 -2.5017 0.9528
-9.1070 -7.5586 -2.5017 0.9528
-8.8299 -7.8805 -2.5017 0.9528
-8.2419 -8.4935 -2.5017 0.9528
-7.6114 -9.0628 -2.5017 0.9528
-6.9418 -9.5854 -2.5017 0.9528
-6.2364 -10.0586 -2.5017 0.9528
-5.8715 -10.2759 -2.5017 0.9528
-5.4989 -10.4799 -2.5017 0.9528
-4.7331 -10.8473 -2.5017 0.9528
-3.1324 -11.4129 -2.5017 0.9528
-1.4672 -11.7436 -2.5017 0.9528
-1.0448 -11.7887 -2.5017 0.9528
-0.6211 -11.8186 -2.5017 0.9528
-0.1966 -11.8333 -2.5017 0.9528
0.2282 -11.8327 -2.5017 0.9528
0.6526 -11.8169 -2.5017 0.9528
1.9188 -11.6783 -2.5017 0.9528
-0.3784 8.9854 -2.1137 0.9637
-0.6487 8.3018 -1.9571 0.9664
-0.8820 7.7117 -1.8243 0.9686
-1.5262 8.1258 -1.9431 0.9666
-1.7846 7.9229 -1.9087 0.9672
-2.0841 7.9156 -1.9237 0.9669
-2.8328 7.4106 -1.8646 0.9679
-3.2043 7.5575 -1.9292 0.9668
-5.1791 8.5508 -2.3495 0.9598
-5.4826 8.3595 -2.3495 0.9598
-6.0681 7.9447 -2.3495 0.9598
-6.3493 7.7219 -2.3495 0.9598
-6.6952 7.5715 -2.3754 0.9593
-7.3154 7.6977 -2.4958 0.9573
-8.1196 6.8833 -2.5017 0.9572
-8.5924 6.2832 -2.5017 0.9572
-8.8124 5.9708 -2.5017 0.9572
-9.0209 5.6507 -2.5017 0.9572
-9.5760 4.6485 -2.5017 0.9572
-9.7366 4.3019 -2.5017 0.9572
-9.8847 3.9497 -2.5017 0.9572
-10.1425 3.2305 -2.5017 0.9572
-10.4310 2.1218 -2.5017 0.9572
-10.5004 1.7461 -2.5017 0.9572
-10.5986 0.9885 -2.5017 0.9572
-10.6422 0.2258 -2.5017 0.9572
-10.6434 -0.1563 -2.5017 0.9572
-10.6048 -0.9193 -2.5017 0.9572
-10.5650 -1.2992 -2.5017 0.9572
-10.3641 -2.4271 -2.5017 0.9572
-10.2704 -2.7975 -2.5017 0.9572
-10.0433 -3.5269 -2.5017 0.9572
-9.9102 -3.8850 -2.5017 0.9572
-9.7644 -4.2381 -2.5017 0.9572
-9.2524 -5.2630 -2.5017 0.9572
-8.4041 -6.5326 -2.5017 0.9572
-8.1643 -6.8300 -2.5017 0.9572
-6.8140 -8.1776 -2.5017 0.9572
-6.2099 -8.6453 -2.5017 0.9572
-5.8957 -8.8626 -2.5017 0.9572
-5.2448 -9.2626 -2.5017 0.9572
-4.5669 -9.6149 -2.5017 0.9572
-4.2190 -9.7726 -2.5017 0.9572
-3.8656 -9.9177 -2.5017 0.9572
-3.5072 -10.0500 -2.5017 0.9572
-2.7773 -10.2757 -2.5017 0.9572
-1.6569 -10.5146 -2.5017 0.9572
-1.2785 -10.5673 -2.5017 0.9572
-0.5173 -10.6318 -2.5017 0.9572
0.2466 -10.6415 -2.5017 0.9572
0.6283 -10.6258 -2.5017 0.9572
1.7666 -10.4967 -2.5017 0.9572
2.5150 -10.3430 -2.5017 0.9572
2.8845 -10.2460 -2.5017 0.9572
3.6119 -10.0128 -2.5017 0.9572
4.3208 -9.7279 -2.5017 0.9572
5.0074 -9.3929 -2.5017 0.9572
5.3412 -9.2072 -2.5017 0.9572
5.9878 -8.8004 -2.5017 0.9572
6.2998 -8.5798 -2.5017 0.9572
7.4626 -7.5902 -2.5017 0.9572
7.7301 -7.3175 -2.5017 0.9572
8.4718 -6.4444 -2.5017 0.9572
8.6976 -6.1362 -2.5017 0.9572
9.4861 -4.8286 -2.5017 0.9572
9.6532 -4.4851 -2.5017 0.9572
9.8080 -4.1358 -2.5017 0.9572
9.9501 -3.7812 -2.5017 0.9572
2.7375 -0.8210 -0.6717 0.9883
10.2988 -2.6900 -2.5017 0.9572
10.4652 -1.9444 -2.5017 0.9572
10.6357 -0.4270 -2.5017 0.9572
10.6370 -0.0451 -2.5000 0.9572
10.6074 0.3359 -2.4942 0.9573
9.9739 0.6748 -2.3495 0.9598
9.9433 1.0322 -2.3495 0.9598
9.8437 1.7428 -2.3495 0.9598
9.7748 2.0949 -2.3495 0.9598
9.6933 2.4443 -2.3495 0.9598
9.5994 2.7906 -2.3495 0.9598
9.2439 3.8061 -2.3495 0.9598
8.9471 4.4593 -2.3495 0.9598
8.7813 4.7775 -2.3495 0.9598
8.6042 5.0895 -2.3495 0.9598
8.0074 5.9848 -2.3495 0.9598
7.7875 6.2682 -2.3495 0.9598
7.5576 6.5437 -2.3495 0.9598
7.0688 7.0689 -2.3495 0.9598
6.5436 7.5577 -2.3495 0.9598
6.2682 7.7876 -2.3495 0.9598
5.6935 8.2172 -2.3495 0.9598
5.0894 8.6044 -2.3495 0.9598
4.4592 8.9473 -2.3495 0.9598
4.1352 9.1015 -2.3495 0.9598
3.4718 9.3747 -2.3495 0.9598
3.1332 9.4932 -2.3495 0.9598
2.7905 9.5996 -2.3495 0.9598
1.0321 9.9435 -2.3495 0.9598
0.6746 9.9741 -2.3495 0.9598
0.3163 9.9919 -2.3495 0.9598
-0.6351 8.3362 -1.9649 0.9662
-1.7709 7.9337 -1.9105 0.9671
-2.4667 7.2658 -1.8034 0.9690
-3.5626 7.6674 -1.9870 0.9659
-4.5351 8.9091 -2.3495 0.9598
-4.8519 8.7406 -2.3495 0.9598
-5.1625 8.5609 -2.3495 0.9598
-5.7632 8.1686 -2.3495 0.9598
-6.0526 7.9565 -2.3495 0.9598
-7.8534 7.1855 -2.5017 0.9572
-8.5802 6.2998 -2.5017 0.9572
-8.8007 5.9879 -2.5017 0.9572
-9.0099 5.6682 -2.5017 0.9572
-9.2075 5.3413 -2.5017 0.9572
-9.5669 4.6671 -2.5017 0.9572
-9.7282 4.3208 -2.5017 0.9572
-9.8770 3.9689 -2.5017 0.9572
-10.1362 3.2502 -2.5017 0.9572
-10.2463 2.8844 -2.5017 0.9572
-10.4268 2.1421 -2.5017 0.9572
-10.5966 1.0091 -2.5017 0.9572
-10.6260 0.6282 -2.5017 0.9572
-10.6417 0.2465 -2.5017 0.9572
-10.6066 -0.8986 -2.5017 0.9572
-10.5675 -1.2787 -2.5017 0.9572
-10.5148 -1.6571 -2.5017 0.9572
-10.4485 -2.0333 -2.5017 0.9572
-10.3688 -2.4070 -2.5017 0.9572
-10.1695 -3.1445 -2.5017 0.9572
-10.0501 -3.5074 -2.5017 0.9572
-9.9178 -3.8658 -2.5017 0.9572
-9.7726 -4.2192 -2.5017 0.9572
-8.6453 -6.2100 -2.5017 0.9572
-7.9278 -7.1032 -2.5017 0.9572
-7.6678 -7.3831 -2.5017 0.9572
-7.3979 -7.6535 -2.5017 0.9572
-7.1185 -7.9140 -2.5017 0.9572
-6.8299 -8.1644 -2.5017 0.9572
-6.5325 -8.4042 -2.5017 0.9572
-5.2628 -9.2524 -2.5017 0.9572
-3.5267 -10.0432 -2.5017 0.9572
-3.1640 -10.1633 -2.5017 0.9572
-1.6773 -10.5114 -2.5017 0.9572
-0.9191 -10.6046 -2.5017 0.9572
-0.1561 -10.6432 -2.5017 0.9572
0.6076 -10.6270 -2.5017 0.9572
0.9886 -10.5983 -2.5017 0.9572
1.3683 -10.5560 -2.5017 0.9572
2.4948 -10.3478 -2.5017 0.9572
2.8646 -10.2516 -2.5017 0.9572
3.2306 -10.1422 -2.5017 0.9572
3.5924 -10.0198 -2.5017 0.9572
4.6485 -9.5756 -2.5017 0.9572
5.6507 -9.0206 -2.5017 0.9572
5.9707 -8.8120 -2.5017 0.9572
6.2831 -8.5921 -2.5017 0.9572
6.5874 -8.3611 -2.5017 0.9572
7.1701 -7.8671 -2.5017 0.9572
7.4478 -7.6047 -2.5017 0.9572
7.7159 -7.3325 -2.5017 0.9572
7.9740 -7.0509 -2.5017 0.9572
8.2219 -6.7602 -2.5017 0.9572
8.4592 -6.4608 -2.5017 0.9572
8.6856 -6.1531 -2.5017 0.9572
8.9008 -5.8375 -2.5017 0.9572
9.1046 -5.5143 -2.5017 0.9572
9.6445 -4.5039 -2.5017 0.9572
9.7999 -4.1549 -2.5017 0.9572
9.9427 -3.8006 -2.5017 0.9572
10.2935 -2.7100 -2.5017 0.9572
10.5252 -1.5881 -2.5017 0.9572
10.6120 -0.8291 -2.5017 0.9572
10.6383 -0.0658 -2.5003 0.9572
9.9453 1.0129 -2.3495 0.9598
9.8470 1.7236 -2.3495 0.9598
9.6981 2.4254 -2.3495 0.9598
9.6048 2.7719 -2.3495 0.9598
8.9558 4.4419 -2.3495 0.9598
7.0825 7.0551 -2.3495 0.9598
6.5582 7.5449 -2.3495 0.9598
5.7094 8.2061 -2.3495 0.9598
5.4113 8.4057 -2.3495 0.9598
5.1062 8.5944 -2.3495 0.9598
4.7945 8.7722 -2.3495 0.9598
4.4766 8.9386 -2.3495 0.9598
4.1529 9.0935 -2.3495 0.9598
3.8239 9.2366 -2.3495 0.9598
3.4900 9.3679 -2.3495 0.9598
3.1516 9.4871 -2.3495 0.9598
2.8091 9.5941 -2.3495 0.9598
2.1138 9.7709 -2.3495 0.9598
1.7618 9.8405 -2.3495 0.9598
1.4075 9.8973 -2.3495 0.9598
1.0514 9.9415 -2.3495 0.9598
0.6940 9.9728 -2.3495 0.9598
-1.4976 8.1482 -1.9471 0.9665
-2.0474 7.9011 -1.9183 0.9670
-2.1142 7.0990 -1.7408 0.9700
-2.4486 7.2587 -1.8004 0.9690
-2.7940 7.3952 -1.8580 0.9680
-3.1628 7.5410 -1.9219 0.9670
-4.5178 8.9179 -2.3495 0.9598
-4.8349 8.7501 -2.3495 0.9598
-5.1458 8.5709 -2.3495 0.9598
-5.4500 8.3807 -2.3495 0.9598
-5.7473 8.1798 -2.3495 0.9598
-6.3192 7.7465 -2.3495 0.9598
-7.5736 7.4751 -2.5009 0.9572
-7.8395 7.2007 -2.5017 0.9572
-8.7891 6.0050 -2.5017 0.9572
-9.3835 5.0257 -2.5017 0.9572
-9.7198 4.3397 -2.5017 0.9572
-10.0060 3.6314 -2.5017 0.9572
-10.4935 1.7869 -2.5017 0.9572
-10.5947 1.0297 -2.5017 0.9572
-10.6330 -0.4968 -2.5017 0.9572
-10.6083 -0.8780 -2.5017 0.9572
-10.5180 -1.6366 -2.5017 0.9572
-10.3735 -2.3868 -2.5017 0.9572
-10.2812 -2.7575 -2.5017 0.9572
-10.1756 -3.1247 -2.5017 0.9572
-9.6238 -4.5484 -2.5017 0.9572
-9.0792 -5.5564 -2.5017 0.9572
-8.8740 -5.8786 -2.5017 0.9572
-8.6573 -6.1932 -2.5017 0.9572
-8.1908 -6.7982 -2.5017 0.9572
-7.9416 -7.0878 -2.5017 0.9572
-7.6821 -7.3682 -2.5017 0.9572
-7.4127 -7.6391 -2.5017 0.9572
-7.1338 -7.9002 -2.5017 0.9572
-6.5488 -8.3915 -2.5017 0.9572
-5.6091 -9.0467 -2.5017 0.9572
-5.2808 -9.2421 -2.5017 0.9572
-4.9457 -9.4257 -2.5017 0.9572
-4.6043 -9.5971 -2.5017 0.9572
-4.2569 -9.7561 -2.5017 0.9572
-3.5462 -10.0363 -2.5017 0.9572
-3.1838 -10.1571 -2.5017 0.9572
-2.8173 -10.2648 -2.5017 0.9572
-2.4471 -10.3593 -2.5017 0.9572
-0.9397 -10.6028 -2.5017 0.9572
-0.1768 -10.6429 -2.5017 0.9572
1.7258 -10.5035 -2.5017 0.9572
0.5948 9.0548 -2.3495 0.9632
0.2694 9.0703 -2.3495 0.9632
-0.0562 9.0742 -2.3495 0.9632
-0.6487 8.3018 -2.1560 0.9662
-0.8820 7.7117 -2.0097 0.9684
-1.2699 6.7609 -1.7811 0.9720
-1.8487 7.0215 -1.8799 0.9704
-2.4849 7.2730 -1.9900 0.9687
-4.1323 8.0789 -2.3495 0.9632
-4.7011 7.7617 -2.3495 0.9632
-5.5081 7.2115 -2.3495 0.9632
-5.9690 7.2594 -2.4334 0.9619
-6.3889 7.2251 -2.4972 0.9609
-6.6561 7.0039 -2.5017 0.9609
-7.1413 6.5085 -2.5017 0.9609
-7.7994 5.7033 -2.5017 0.9609
-8.1884 5.1292 -2.5017 0.9609
-8.3672 4.8321 -2.5017 0.9609
-8.5352 4.5287 -2.5017 0.9609
-8.8380 3.9048 -2.5017 0.9609
-9.5313 1.5850 -2.5017 0.9609
-9.5821 1.2419 -2.5017 0.9609
-9.6465 0.5514 -2.5017 0.9609
-9.6600 0.2049 -2.5017 0.9609
-9.6498 -0.4885 -2.5017 0.9609
-9.5899 -1.1793 -2.5017 0.9609
-8.9956 -3.5265 -2.5017 0.9609
-8.8633 -3.8470 -2.5017 0.9609
-8.5645 -4.4728 -2.5017 0.9609
-8.3985 -4.7773 -2.5017 0.9609
-7.8364 -5.6522 -2.5017 0.9609
-7.4108 -6.1997 -2.5017 0.9609
-7.1836 -6.4616 -2.5017 0.9609
-6.9471 -6.7153 -2.5017 0.9609
-6.4475 -7.1962 -2.5017 0.9609
-6.1851 -7.4230 -2.5017 0.9609
-5.6368 -7.8475 -2.5017 0.9609
-5.3516 -8.0447 -2.5017 0.9609
-4.4560 -8.5732 -2.5017 0.9609
-4.1455 -8.7276 -2.5017 0.9609
-3.8296 -8.8707 -2.5017 0.9609
-3.5088 -9.0024 -2.5017 0.9609
-3.1835 -9.1225 -2.5017 0.9609
-2.1847 -9.4118 -2.5017 0.9609
-1.5040 -9.5443 -2.5017 0.9609
-0.8156 -9.6275 -2.5017 0.9609
-0.4696 -9.6506 -2.5017 0.9609
0.2238 -9.6594 -2.5017 0.9609
1.2607 -9.5794 -2.5017 0.9609
2.2828 -9.3885 -2.5017 0.9609
2.6183 -9.3005 -2.5017 0.9609
3.6026 -8.9652 -2.5017 0.9609
3.9220 -8.8302 -2.5017 0.9609
4.5453 -8.5261 -2.5017 0.9609
5.4352 -7.9882 -2.5017 0.9609
5.7184 -7.7880 -2.5017 0.9609
6.2623 -7.3578 -2.5017 0.9609
6.5223 -7.1284 -2.5017 0.9609
6.7739 -6.8897 -2.5017 0.9609
7.0167 -6.6422 -2.5017 0.9609
7.2506 -6.3861 -2.5017 0.9609
7.6899 -5.8497 -2.5017 0.9609
7.8949 -5.5699 -2.5017 0.9609
8.2741 -4.9893 -2.5017 0.9609
8.6106 -4.3830 -2.5017 0.9609
8.7624 -4.0712 -2.5017 0.9609
8.9028 -3.7542 -2.5017 0.9609
9.0318 -3.4323 -2.5017 0.9609
2.6518 -0.9002 -0.7251 0.9885
2.6827 -0.8046 -0.7252 0.9885
9.4994 -1.7649 -2.5017 0.9609
9.5566 -1.4229 -2.5017 0.9609
9.6619 -0.0409 -2.5017 0.9609
8.9352 1.5819 -2.3495 0.9632
8.8727 1.9015 -2.3495 0.9632
8.6170 2.8441 -2.3495 0.9632
8.1214 4.0477 -2.3495 0.9632
7.8102 4.6198 -2.3495 0.9632
7.2685 5.4324 -2.3495 0.9632
6.8601 5.9398 -2.3495 0.9632
6.6425 6.1821 -2.3495 0.9632
5.9397 6.8602 -2.3495 0.9632
5.6897 7.0689 -2.3495 0.9632
5.1680 7.4588 -2.3495 0.9632
4.8970 7.6395 -2.3495 0.9632
4.6197 7.8103 -2.3495 0.9632
4.3365 7.9710 -2.3495 0.9632
4.0477 8.1215 -2.3495 0.9632
3.7536 8.2616 -2.3495 0.9632
3.1514 8.5095 -2.3495 0.9632
2.5330 8.7136 -2.3495 0.9632
2.2186 8.7989 -2.3495 0.9632
1.9014 8.8729 -2.3495 0.9632
1.5818 8.9354 -2.3495 0.9632
1.2602 8.9864 -2.3495 0.9632
0.6124 9.0537 -2.3495 0.9632
0.2871 9.0698 -2.3495 0.9632
-0.0386 9.0743 -2.3495 0.9632
-1.5400 6.8994 -1.8303 0.9712
-1.8324 7.0150 -1.8773 0.9705
-2.8134 7.4029 -2.0505 0.9678
-3.5520 7.6446 -2.1825 0.9658
-4.1166 8.0869 -2.3495 0.9632
-4.4041 7.9340 -2.3495 0.9632
-4.9619 7.5977 -2.3495 0.9632
-5.2313 7.4147 -2.3495 0.9632
-5.9353 7.2470 -2.4254 0.9620
-6.3741 7.2367 -2.4969 0.9609
-6.8900 6.7740 -2.5017 0.9609
-7.1287 6.5223 -2.5017 0.9609
-7.7883 5.7184 -2.5017 0.9609
-8.1784 5.1451 -2.5017 0.9609
-8.3578 4.8483 -2.5017 0.9609
-8.5264 4.5453 -2.5017 0.9609
-9.0890 3.2785 -2.5017 0.9609
-9.3007 2.6182 -2.5017 0.9609
-9.3887 2.2828 -2.5017 0.9609
-9.4646 1.9444 -2.5017 0.9609
-9.5282 1.6035 -2.5017 0.9609
-9.6454 0.5702 -2.5017 0.9609
-9.6508 -0.4697 -2.5017 0.9609
-9.6277 -0.8157 -2.5017 0.9609
-9.5922 -1.1607 -2.5017 0.9609
-9.5444 -1.5042 -2.5017 0.9609
-9.3275 -2.5212 -2.5017 0.9609
-9.1226 -3.1837 -2.5017 0.9609
-9.0025 -3.5090 -2.5017 0.9609
-8.8707 -3.8298 -2.5017 0.9609
-8.7276 -4.1456 -2.5017 0.9609
-8.5732 -4.4562 -2.5017 0.9609
-8.4078 -4.7609 -2.5017 0.9609
-8.2315 -5.0596 -2.5017 0.9609
-8.0446 -5.3517 -2.5017 0.9609
-7.8474 -5.6369 -2.5017 0.9609
-7.4229 -6.1853 -2.5017 0.9609
-6.7151 -6.9472 -2.5017 0.9609
-6.4615 -7.1837 -2.5017 0.9609
-5.6521 -7.8365 -2.5017 0.9609
-5.3672 -8.0342 -2.5017 0.9609
-3.8469 -8.8633 -2.5017 0.9609
-1.8639 -9.4805 -2.5017 0.9609
-1.5225 -9.5413 -2.5017 0.9609
-0.1417 -9.6610 -2.5017 0.9609
0.8974 -9.6202 -2.5017 0.9609
1.5851 -9.5311 -2.5017 0.9609
1.9261 -9.4681 -2.5017 0.9609
2.6002 -9.3056 -2.5017 0.9609
5.1292 -8.1881 -2.5017 0.9609
5.9795 -7.5895 -2.5017 0.9609
6.7605 -6.9029 -2.5017 0.9609
7.2382 -6.4002 -2.5017 0.9609
7.6786 -5.8646 -2.5017 0.9609
7.8841 -5.5853 -2.5017 0.9609
8.0794 -5.2987 -2.5017 0.9609
8.4387 -4.7056 -2.5017 0.9609
8.6021 -4.3998 -2.5017 0.9609
8.7544 -4.0883 -2.5017 0.9609
9.0251 -3.4498 -2.5017 0.9609
2.6524 -0.9062 -0.7257 0.9885
2.6791 -0.8092 -0.7246 0.9885
9.3436 -2.4599 -2.5017 0.9609
9.4960 -1.7834 -2.5017 0.9609
9.5994 -1.0977 -2.5017 0.9609
9.6326 -0.7525 -2.5017 0.9609
9.6534 -0.4064 -2.5017 0.9609
9.6564 0.2870 -2.5013 0.9609
9.6201 0.6320 -2.4962 0.9609
8.9383 1.5645 -2.3495 0.9632
8.7184 2.5161 -2.3495 0.9632
7.2790 5.4183 -2.3495 0.9632
6.6545 6.1692 -2.3495 0.9632
6.1949 6.6306 -2.3495 0.9632
5.1825 7.4488 -2.3495 0.9632
4.6349 7.8013 -2.3495 0.9632
3.7697 8.2542 -2.3495 0.9632
2.8608 8.6116 -2.3495 0.9632
2.5499 8.7087 -2.3495 0.9632
2.2357 8.7946 -2.3495 0.9632
1.5992 8.9323 -2.3495 0.9632
1.2776 8.9839 -2.3495 0.9632
0.3047 9.0692 -2.3495 0.9632
-0.0209 9.0743 -2.3495 0.9632
-0.3372 8.8225 -2.2860 0.9642
-0.8582 7.7718 -2.0245 0.9682
-1.0593 7.2099 -1.8868 0.9703
-1.2405 6.7493 -1.7768 0.9720
-2.1234 7.1301 -1.9262 0.9697
-2.7940 7.3952 -2.0469 0.9679
-4.3887 7.9425 -2.3495 0.9632
-4.6709 7.7799 -2.3495 0.9632
-4.9471 7.6073 -2.3495 0.9632
-5.2169 7.4249 -2.3495 0.9632
-5.9018 7.2348 -2.4174 0.9622
-6.8768 6.7873 -2.5017 0.9609
-7.1160 6.5362 -2.5017 0.9609
-7.7772 5.7336 -2.5017 0.9609
-7.9779 5.4508 -2.5017 0.9609
-8.1684 5.1610 -2.5017 0.9609
-8.6757 4.2533 -2.5017 0.9609
-8.8228 3.9392 -2.5017 0.9609
-8.9585 3.6200 -2.5017 0.9609
-9.2956 2.6363 -2.5017 0.9609
-9.4608 1.9628 -2.5017 0.9609
-9.5251 1.6220 -2.5017 0.9609
-9.5772 1.2792 -2.5017 0.9609
-9.6443 0.5890 -2.5017 0.9609
-9.6616 -0.1043 -2.5017 0.9609
-9.6517 -0.4509 -2.5017 0.9609
-9.5473 -1.4856 -2.5017 0.9609
-9.4878 -1.8272 -2.5017 0.9609
-9.4162 -2.1665 -2.5017 0.9609
-8.8782 -3.8125 -2.5017 0.9609
-8.7356 -4.1287 -2.5017 0.9609
-8.2413 -5.0436 -2.5017 0.9609
-8.0550 -5.3360 -2.5017 0.9609
-7.8584 -5.6217 -2.5017 0.9609
-7.6516 -5.9000 -2.5017 0.9609
-7.2087 -6.4337 -2.5017 0.9609
-6.7286 -6.9341 -2.5017 0.9609
-6.4755 -7.1711 -2.5017 0.9609
-5.9445 -7.6171 -2.5017 0.9609
-5.0914 -8.2118 -2.5017 0.9609
-4.7934 -8.3892 -2.5017 0.9609
-4.1794 -8.7114 -2.5017 0.9609
-3.8641 -8.8558 -2.5017 0.9609
-3.5438 -8.9887 -2.5017 0.9609
-3.2190 -9.1101 -2.5017 0.9609
-2.8900 -9.2197 -2.5017 0.9609
-2.5573 -9.3175 -2.5017 0.9609
-1.5411 -9.5383 -2.5017 0.9609
-1.1978 -9.5875 -2.5017 0.9609
-0.8530 -9.6243 -2.5017 0.9609
-0.5071 -9.6487 -2.5017 0.9609
-0.1605 -9.6607 -2.5017 0.9609
0.1863 -9.6602 -2.5017 0.9609
1.5665 -9.5342 -2.5017 0.9609
-0.8760 7.6597 -2.1825 0.9685
-1.0859 7.1961 -2.0602 0.9702
-1.5555 6.9055 -2.0039 0.9710
-1.8487 7.0215 -2.0555 0.9703
-2.1578 7.1437 -2.1126 0.9695
-2.4849 7.2730 -2.1758 0.9686
-2.7757 7.2612 -2.2007 0.9682
-3.1397 7.4051 -2.2770 0.9671
-3.7794 7.3890 -2.3495 0.9661
-4.2997 7.0989 -2.3495 0.9661
-4.5516 6.9400 -2.3495 0.9661
-4.8156 6.7973 -2.3582 0.9660
-5.3362 6.9865 -2.4887 0.9641
-5.6053 6.8171 -2.4985 0.9640
-5.8539 6.6201 -2.5017 0.9639
-6.0877 6.4058 -2.5017 0.9639
-6.5315 5.9527 -2.5017 0.9639
-6.7409 5.7144 -2.5017 0.9639
-6.9416 5.4689 -2.5017 0.9639
-7.1334 5.2162 -2.5017 0.9639
-7.9499 3.8591 -2.5017 0.9639
-8.0833 3.5714 -2.5017 0.9639
-8.2062 3.2790 -2.5017 0.9639
-8.5910 2.0711 -2.5017 0.9639
-8.7174 1.4496 -2.5017 0.9639
-8.7638 1.1359 -2.5017 0.9639
-8.8351 0.1874 -2.5017 0.9639
-8.8041 -0.7632 -2.5017 0.9639
-8.6710 -1.7049 -2.5017 0.9639
-8.3379 -2.9280 -2.5017 0.9639
-8.1064 -3.5185 -2.5017 0.9639
-7.5195 -4.6421 -2.5017 0.9639
-7.3481 -4.9090 -2.5017 0.9639
-7.1672 -5.1695 -2.5017 0.9639
-6.5701 -5.9098 -2.5017 0.9639
-6.3538 -6.1418 -2.5017 0.9639
-5.8969 -6.5817 -2.5017 0.9639
-5.6570 -6.7891 -2.5017 0.9639
-5.1554 -7.1773 -2.5017 0.9639
-4.6274 -7.5286 -2.5017 0.9639
-4.3542 -7.6898 -2.5017 0.9639
-4.0755 -7.8411 -2.5017 0.9639
-3.7915 -7.9823 -2.5017 0.9639
-3.2092 -8.2337 -2.5017 0.9639
-1.9981 -8.6081 -2.5017 0.9639
-1.6879 -8.6742 -2.5017 0.9639
-0.7459 -8.8054 -2.5017 0.9639
-0.1124 -8.8362 -2.5017 0.9639
0.2047 -8.8346 -2.5017 0.9639
0.8379 -8.7971 -2.5017 0.9639
1.1530 -8.7614 -2.5017 0.9639
1.7784 -8.6561 -2.5017 0.9639
3.2950 -8.1996 -2.5017 0.9639
3.8746 -7.9422 -2.5017 0.9639
4.1571 -7.7980 -2.5017 0.9639
5.4823 -6.9307 -2.5017 0.9639
5.7275 -6.7295 -2.5017 0.9639
5.9653 -6.5196 -2.5017 0.9639
6.4176 -6.0750 -2.5017 0.9639
6.6314 -5.8408 -2.5017 0.9639
6.8367 -5.5991 -2.5017 0.9639
7.0333 -5.3501 -2.5017 0.9639
7.3989 -4.8319 -2.5017 0.9639
7.7264 -4.2888 -2.5017 0.9639
7.8753 -4.0087 -2.5017 0.9639
8.1426 -3.4336 -2.5017 0.9639
8.2605 -3.1392 -2.5017 0.9639
2.6385 -0.8957 -0.7888 0.9885
2.6693 -0.8006 -0.7889 0.9885
8.8298 -0.3545 -2.5017 0.9639
8.7749 0.9110 -2.4975 0.9640
7.7827 2.8824 -2.3495 0.9661
7.5559 3.4331 -2.3495 0.9661
7.4279 3.7021 -2.3495 0.9661
7.2902 3.9662 -2.3495 0.9661
6.9870 4.4789 -2.3495 0.9661
6.4652 5.2039 -2.3495 0.9661
6.0753 5.6542 -2.3495 0.9661
5.8685 5.8686 -2.3495 0.9661
5.6541 6.0754 -2.3495 0.9661
4.9685 6.6479 -2.3495 0.9661
4.7267 6.8219 -2.3495 0.9661
4.4788 6.9871 -2.3495 0.9661
4.2252 7.1433 -2.3495 0.9661
3.9662 7.2903 -2.3495 0.9661
3.7020 7.4280 -2.3495 0.9661
3.1597 7.6744 -2.3495 0.9661
2.8823 7.7828 -2.3495 0.9661
2.6011 7.8812 -2.3495 0.9661
1.7391 8.1152 -2.3495 0.9661
0.2626 8.2953 -2.3495 0.9661
-0.0353 8.2994 -2.3495 0.9661
-1.2552 6.7551 -1.9451 0.9718
-3.4972 7.5267 -2.3495 0.9661
-3.7650 7.3963 -2.3495 0.9661
-4.0280 7.2564 -2.3495 0.9661
-4.5381 6.9488 -2.3495 0.9661
-5.3065 6.9757 -2.4812 0.9642
-5.5915 6.8273 -2.4982 0.9640
-6.3016 6.1955 -2.5017 0.9639
-6.5199 5.9654 -2.5017 0.9639
-7.3063 4.9711 -2.5017 0.9639
-7.6440 4.4343 -2.5017 0.9639
-7.7983 4.1571 -2.5017 0.9639
-8.4151 2.6983 -2.5017 0.9639
-8.5869 2.0878 -2.5017 0.9639
-8.6563 1.7783 -2.5017 0.9639
-8.7145 1.4666 -2.5017 0.9639
-8.7973 0.8377 -2.5017 0.9639
-8.8217 0.5215 -2.5017 0.9639
-8.8347 0.2046 -2.5017 0.9639
-8.8055 -0.7460 -2.5017 0.9639
-8.7731 -1.0616 -2.5017 0.9639
-8.7293 -1.3757 -2.5017 0.9639
-8.6082 -1.9982 -2.5017 0.9639
-8.4427 -2.6105 -2.5017 0.9639
-8.3436 -2.9118 -2.5017 0.9639
-7.8411 -4.0756 -2.5017 0.9639
-7.5286 -4.6275 -2.5017 0.9639
-7.3577 -4.8947 -2.5017 0.9639
-6.3658 -6.1294 -2.5017 0.9639
-5.6702 -6.7780 -2.5017 0.9639
-5.4233 -6.9772 -2.5017 0.9639
-5.1694 -7.1673 -2.5017 0.9639
-4.6420 -7.5196 -2.5017 0.9639
-4.3692 -7.6813 -2.5017 0.9639
-4.0907 -7.8331 -2.5017 0.9639
-3.5183 -8.1064 -2.5017 0.9639
-3.2252 -8.2274 -2.5017 0.9639
-2.9279 -8.3378 -2.5017 0.9639
-2.3223 -8.5263 -2.5017 0.9639
-2.0148 -8.6042 -2.5017 0.9639
-1.7048 -8.6709 -2.5017 0.9639
-0.7630 -8.8039 -2.5017 0.9639
0.1875 -8.8349 -2.5017 0.9639
2.0712 -8.5908 -2.5017 0.9639
2.3782 -8.5109 -2.5017 0.9639
2.6820 -8.4201 -2.5017 0.9639
2.9824 -8.3184 -2.5017 0.9639
3.2790 -8.2060 -2.5017 0.9639
3.5714 -8.0831 -2.5017 0.9639
3.8592 -7.9497 -2.5017 0.9639
4.1420 -7.8061 -2.5017 0.9639
4.4194 -7.6524 -2.5017 0.9639
4.6912 -7.4889 -2.5017 0.9639
4.9569 -7.3157 -2.5017 0.9639
5.7144 -6.7406 -2.5017 0.9639
5.9526 -6.5312 -2.5017 0.9639
6.1831 -6.3134 -2.5017 0.9639
7.0228 -5.3638 -2.5017 0.9639
7.2108 -5.1083 -2.5017 0.9639
7.5586 -4.5780 -2.5017 0.9639
7.7180 -4.3038 -2.5017 0.9639
7.8675 -4.0241 -2.5017 0.9639
8.1359 -3.4494 -2.5017 0.9639
2.6391 -0.9016 -0.7895 0.9885
8.5457 -2.2498 -2.5017 0.9639
8.6209 -1.9417 -2.5017 0.9639
8.6851 -1.6311 -2.5017 0.9639
8.7380 -1.3184 -2.5017 0.9639
8.7797 -1.0040 -2.5017 0.9639
8.8291 -0.3717 -2.5017 0.9639
8.8367 -0.0546 -2.5017 0.9639
8.6359 1.1940 -2.4680 0.9644
8.1184 1.7234 -2.3495 0.9661
7.7883 2.8672 -2.3495 0.9661
7.4351 3.6876 -2.3495 0.9661
7.1514 4.2114 -2.3495 0.9661
6.9957 4.4653 -2.3495 0.9661
6.6574 4.9556 -2.3495 0.9661
6.4753 5.1913 -2.3495 0.9661
5.8799 5.8572 -2.3495 0.9661
5.2164 6.4551 -2.3495 0.9661
4.9814 6.6382 -2.3495 0.9661
4.7400 6.8127 -2.3495 0.9661
4.4924 6.9784 -2.3495 0.9661
4.2391 7.1351 -2.3495 0.9661
3.9803 7.2826 -2.3495 0.9661
3.4478 7.5494 -2.3495 0.9661
3.1746 7.6682 -2.3495 0.9661
2.6165 7.8762 -2.3495 0.9661
1.7549 8.1118 -2.3495 0.9661
1.1685 8.2167 -2.3495 0.9661
0.5762 8.2794 -2.3495 0.9661
-0.0191 8.2994 -2.3495 0.9661
-1.0650 7.2488 -2.0741 0.9700
-1.2405 6.7493 -1.9427 0.9719
-1.5246 6.8933 -1.9986 0.9711
-2.1234 7.1301 -2.1061 0.9695
-2.7401 7.2526 -2.1948 0.9683
-3.0990 7.3890 -2.2683 0.9672
-3.4826 7.5334 -2.3495 0.9661
-3.7507 7.4036 -2.3495 0.9661
-4.5246 6.9577 -2.3495 0.9661
-5.2770 6.9650 -2.4737 0.9643
-6.2896 6.2077 -2.5017 0.9639
-6.5083 5.9780 -2.5017 0.9639
-7.1130 5.2439 -2.5017 0.9639
-7.2966 4.9853 -2.5017 0.9639
-7.4708 4.7203 -2.5017 0.9639
-7.6354 4.4491 -2.5017 0.9639
-7.9349 3.8900 -2.5017 0.9639
-8.0693 3.6028 -2.5017 0.9639
-8.6528 1.7952 -2.5017 0.9639
-8.7117 1.4835 -2.5017 0.9639
-8.8207 0.5387 -2.5017 0.9639
-8.8343 0.2218 -2.5017 0.9639
-8.8366 -0.0954 -2.5017 0.9639
-8.8070 -0.7289 -2.5017 0.9639
-8.7751 -1.0445 -2.5017 0.9639
-8.7320 -1.3587 -2.5017 0.9639
-8.6776 -1.6712 -2.5017 0.9639
-8.2399 -3.1933 -2.5017 0.9639
-7.3672 -4.8804 -2.5017 0.9639
-6.8000 -5.6438 -2.5017 0.9639
-6.5931 -5.8842 -2.5017 0.9639
-5.9225 -6.5587 -2.5017 0.9639
-5.6833 -6.7670 -2.5017 0.9639
-5.4368 -6.9666 -2.5017 0.9639
-5.1833 -7.1572 -2.5017 0.9639
-4.9232 -7.3386 -2.5017 0.9639
-4.3841 -7.6728 -2.5017 0.9639
-4.1059 -7.8252 -2.5017 0.9639
-3.2412 -8.2211 -2.5017 0.9639
-2.9441 -8.3321 -2.5017 0.9639
-2.6432 -8.4324 -2.5017 0.9639
-2.3389 -8.5218 -2.5017 0.9639
-2.0316 -8.6003 -2.5017 0.9639
-1.7216 -8.6676 -2.5017 0.9639
-1.0955 -8.7688 -2.5017 0.9639
-0.7802 -8.8024 -2.5017 0.9639
0.4873 -8.8235 -2.5017 0.9639
1.1189 -8.7658 -2.5017 0.9639
0.5007 7.6223 -2.3495 0.9685
-0.0473 7.6386 -2.3495 0.9685
-1.5555 6.9055 -2.1772 0.9708
-1.8142 6.8906 -2.1916 0.9706
-2.1143 6.9997 -2.2490 0.9699
-2.9818 7.0327 -2.3495 0.9685
-3.2323 6.9212 -2.3495 0.9685
-3.4786 6.8008 -2.3495 0.9685
-3.7204 6.6715 -2.3495 0.9685
-3.9574 6.5338 -2.3495 0.9685
-4.9331 6.4587 -2.4997 0.9666
-5.1658 6.2825 -2.5017 0.9665
-5.6031 5.8958 -2.5017 0.9665
-6.2043 5.2595 -2.5017 0.9665
-6.5655 4.8010 -2.5017 0.9665
-6.7336 4.5623 -2.5017 0.9665
-7.1849 3.8122 -2.5017 0.9665
-7.3170 3.5519 -2.5017 0.9665
-7.4398 3.2871 -2.5017 0.9665
-7.5530 3.0180 -2.5017 0.9665
-7.7500 2.4685 -2.5017 0.9665
-7.8336 2.1888 -2.5017 0.9665
-7.9071 1.9062 -2.5017 0.9665
-7.9704 1.6213 -2.5017 0.9665
-8.0234 1.3342 -2.5017 0.9665
-8.0984 0.7553 -2.5017 0.9665
-8.1203 0.4642 -2.5017 0.9665
-8.1318 0.1725 -2.5017 0.9665
-8.1327 -0.1194 -2.5017 0.9665
-8.1032 -0.7024 -2.5017 0.9665
-7.9808 -1.5692 -2.5017 0.9665
-7.9193 -1.8546 -2.5017 0.9665
-7.7659 -2.4178 -2.5017 0.9665
-7.5725 -2.9686 -2.5017 0.9665
-7.2096 -3.7652 -2.5017 0.9665
-6.7632 -4.5182 -2.5017 0.9665
-6.5967 -4.7580 -2.5017 0.9665
-6.0471 -5.4394 -2.5017 0.9665
-5.8480 -5.6529 -2.5017 0.9665
-5.6414 -5.8591 -2.5017 0.9665
-5.2066 -6.2486 -2.5017 0.9665
-4.9790 -6.4314 -2.5017 0.9665
-4.5049 -6.7720 -2.5017 0.9665
-4.2590 -6.9293 -2.5017 0.9665
-3.4896 -7.3468 -2.5017 0.9665
-2.4026 -7.7705 -2.5017 0.9665
-2.1222 -7.8517 -2.5017 0.9665
-1.8390 -7.9228 -2.5017 0.9665
-1.5535 -7.9837 -2.5017 0.9665
-0.9769 -8.0746 -2.5017 0.9665
-0.6865 -8.1044 -2.5017 0.9665
-0.1035 -8.1328 -2.5017 0.9665
0.1884 -8.1313 -2.5017 0.9665
0.4801 -8.1193 -2.5017 0.9665
0.7711 -8.0968 -2.5017 0.9665
1.9217 -7.9032 -2.5017 0.9665
2.2041 -7.8291 -2.5017 0.9665
2.4836 -7.7450 -2.5017 0.9665
2.7599 -7.6508 -2.5017 0.9665
3.0327 -7.5469 -2.5017 0.9665
3.3016 -7.4332 -2.5017 0.9665
3.5662 -7.3099 -2.5017 0.9665
3.8262 -7.1772 -2.5017 0.9665
4.0813 -7.0353 -2.5017 0.9665
5.0459 -6.3790 -2.5017 0.9665
5.2716 -6.1938 -2.5017 0.9665
5.4904 -6.0006 -2.5017 0.9665
6.2925 -5.1533 -2.5017 0.9665
6.6459 -4.6888 -2.5017 0.9665
6.8099 -4.4472 -2.5017 0.9665
6.9651 -4.2000 -2.5017 0.9665
7.3761 -3.4271 -2.5017 0.9665
2.6739 -1.0161 -0.8798 0.9881
2.5901 -0.7768 -0.8317 0.9887
7.9381 -1.7717 -2.5017 0.9665
8.1099 -0.6177 -2.5017 0.9665
8.1269 -0.3263 -2.5017 0.9665
8.0900 0.8398 -2.5017 0.9665
8.0457 1.1284 -2.4989 0.9666
7.4068 1.8677 -2.3495 0.9685
7.1631 2.6529 -2.3495 0.9685
7.0633 2.9083 -2.3495 0.9685
6.8366 3.4074 -2.3495 0.9685
6.7099 3.6505 -2.3495 0.9685
6.5746 3.8889 -2.3495 0.9685
6.4308 4.1224 -2.3495 0.9685
5.7748 5.0001 -2.3495 0.9685
5.5917 5.2041 -2.3495 0.9685
5.2040 5.5917 -2.3495 0.9685
5.0000 5.7749 -2.3495 0.9685
4.7895 5.9506 -2.3495 0.9685
3.4073 6.8367 -2.3495 0.9685
3.1598 6.9545 -2.3495 0.9685
2.9082 7.0634 -2.3495 0.9685
2.6528 7.1633 -2.3495 0.9685
2.3941 7.2538 -2.3495 0.9685
2.1322 7.3351 -2.3495 0.9685
1.8676 7.4069 -2.3495 0.9685
1.6006 7.4691 -2.3495 0.9685
0.7886 7.5979 -2.3495 0.9685
0.2417 7.6349 -2.3495 0.9685
-0.0325 7.6387 -2.3495 0.9685
-0.5803 7.6167 -2.3495 0.9685
-1.0493 7.0466 -2.1913 0.9706
-1.2552 6.7551 -2.1133 0.9717
-1.5400 6.8994 -2.1743 0.9708
-2.0974 6.9930 -2.2456 0.9699
-2.7136 7.1405 -2.3495 0.9685
-2.9681 7.0385 -2.3495 0.9685
-3.2188 6.9275 -2.3495 0.9685
-3.9447 6.5414 -2.3495 0.9685
-4.2907 6.5700 -2.4135 0.9677
-5.1535 6.2926 -2.5017 0.9665
-5.3760 6.1036 -2.5017 0.9665
-5.5916 5.9067 -2.5017 0.9665
-6.3792 5.0459 -2.5017 0.9665
-6.7247 4.5754 -2.5017 0.9665
-6.8845 4.3311 -2.5017 0.9665
-7.0355 4.0813 -2.5017 0.9665
-7.4334 3.3015 -2.5017 0.9665
-7.5471 3.0326 -2.5017 0.9665
-7.9033 1.9216 -2.5017 0.9665
-8.0208 1.3498 -2.5017 0.9665
-8.0641 1.0611 -2.5017 0.9665
-8.1314 0.1883 -2.5017 0.9665
-8.1329 -0.1036 -2.5017 0.9665
-8.1240 -0.3954 -2.5017 0.9665
-8.0747 -0.9771 -2.5017 0.9665
-8.0344 -1.2662 -2.5017 0.9665
-7.9229 -1.8392 -2.5017 0.9665
-7.2169 -3.7512 -2.5017 0.9665
-7.0776 -4.0077 -2.5017 0.9665
-6.4314 -4.9791 -2.5017 0.9665
-6.2485 -5.2067 -2.5017 0.9665
-5.8590 -5.6415 -2.5017 0.9665
-5.6528 -5.8481 -2.5017 0.9665
-5.4393 -6.0472 -2.5017 0.9665
-4.9915 -6.4217 -2.5017 0.9665
-4.7579 -6.5967 -2.5017 0.9665
-4.5181 -6.7632 -2.5017 0.9665
-4.2725 -6.9210 -2.5017 0.9665
-3.2383 -7.4610 -2.5017 0.9665
-2.4177 -7.7658 -2.5017 0.9665
-2.1374 -7.8476 -2.5017 0.9665
-1.5691 -7.9807 -2.5017 0.9665
-1.2817 -8.0318 -2.5017 0.9665
-0.7023 -8.1031 -2.5017 0.9665
0.4643 -8.1202 -2.5017 0.9665
1.0455 -8.0660 -2.5017 0.9665
1.3343 -8.0233 -2.5017 0.9665
1.6214 -7.9702 -2.5017 0.9665
1.9063 -7.9069 -2.5017 0.9665
2.7450 -7.6562 -2.5017 0.9665
3.2871 -7.4396 -2.5017 0.9665
4.3177 -6.8927 -2.5017 0.9665
4.5623 -6.7334 -2.5017 0.9665
5.0335 -6.3888 -2.5017 0.9665
5.4787 -6.0113 -2.5017 0.9665
5.8958 -5.6029 -2.5017 0.9665
6.4638 -4.9368 -2.5017 0.9665
6.6368 -4.7017 -2.5017 0.9665
6.8012 -4.4605 -2.5017 0.9665
7.1036 -3.9612 -2.5017 0.9665
7.2412 -3.7037 -2.5017 0.9665
7.3694 -3.4415 -2.5017 0.9665
2.6748 -1.0224 -0.8808 0.9881
2.5914 -0.8854 -0.8423 0.9886
2.5870 -0.7814 -0.8312 0.9888
2.7537 -0.7250 -0.8758 0.9882
8.0808 -0.9241 -2.5017 0.9665
8.1087 -0.6335 -2.5017 0.9665
8.1262 -0.3421 -2.5017 0.9665
8.1298 0.2416 -2.5017 0.9665
8.0486 1.1128 -2.4991 0.9666
7.9905 1.3986 -2.4951 0.9666
7.6545 1.6249 -2.4068 0.9678
7.1683 2.6390 -2.3495 0.9685
7.0690 2.8945 -2.3495 0.9685
6.9606 3.1463 -2.3495 0.9685
6.8432 3.3941 -2.3495 0.9685
6.7170 3.6375 -2.3495 0.9685
6.5821 3.8761 -2.3495 0.9685
6.2872 4.3383 -2.3495 0.9685
6.1274 4.5611 -2.3495 0.9685
5.2149 5.5816 -2.3495 0.9685
5.0112 5.7652 -2.3495 0.9685
4.5848 6.1097 -2.3495 0.9685
4.3626 6.2703 -2.3495 0.9685
4.1348 6.4228 -2.3495 0.9685
3.6635 6.7029 -2.3495 0.9685
3.4206 6.8300 -2.3495 0.9685
3.1733 6.9484 -2.3495 0.9685
2.9219 7.0578 -2.3495 0.9685
2.6667 7.1581 -2.3495 0.9685
1.0755 7.5626 -2.3495 0.9685
0.2565 7.6344 -2.3495 0.9685
-0.0176 7.6387 -2.3495 0.9685
-0.5654 7.6178 -2.3495 0.9685
-1.2405 6.7493 -2.1107 0.9717
-1.5246 6.8933 -2.1715 0.9709
-1.7839 6.8841 -2.1873 0.9707
-2.6997 7.1458 -2.3495 0.9685
-4.2669 6.5614 -2.4073 0.9678
-4.6638 6.6377 -2.4952 0.9666
-4.9071 6.4767 -2.4993 0.9666
-5.3642 6.1140 -2.5017 0.9665
-5.5801 5.9176 -2.5017 0.9665
-5.7889 5.7135 -2.5017 0.9665
-5.9902 5.5021 -2.5017 0.9665
-6.1838 5.2836 -2.5017 0.9665
-6.3694 5.0583 -2.5017 0.9665
-6.5468 4.8265 -2.5017 0.9665
-6.7158 4.5884 -2.5017 0.9665
-6.8761 4.3445 -2.5017 0.9665
-7.0276 4.0949 -2.5017 0.9665
-7.1700 3.8401 -2.5017 0.9665
-7.3032 3.5804 -2.5017 0.9665
-7.6457 2.7747 -2.5017 0.9665
-7.7403 2.4986 -2.5017 0.9665
-7.8250 2.2192 -2.5017 0.9665
-7.8996 1.9370 -2.5017 0.9665
-8.0182 1.3654 -2.5017 0.9665
-8.1185 0.4958 -2.5017 0.9665
-8.1247 -0.3796 -2.5017 0.9665
-8.0766 -0.9613 -2.5017 0.9665
-7.9868 -1.5382 -2.5017 0.9665
-7.6845 -2.6651 -2.5017 0.9665
-7.5840 -2.9391 -2.5017 0.9665
-7.4736 -3.2094 -2.5017 0.9665
-7.3536 -3.4755 -2.5017 0.9665
-6.4410 -4.9666 -2.5017 0.9665
-6.2587 -5.1946 -2.5017 0.9665
-5.8700 -5.6301 -2.5017 0.9665
-5.6641 -5.8371 -2.5017 0.9665
-5.4510 -6.0366 -2.5017 0.9665
-5.2309 -6.2283 -2.5017 0.9665
-4.2859 -6.9126 -2.5017 0.9665
-3.7791 -7.2022 -2.5017 0.9665
-3.2528 -7.4547 -2.5017 0.9665
-2.4328 -7.7611 -2.5017 0.9665
-2.1527 -7.8434 -2.5017 0.9665
-0.7180 -8.1017 -2.5017 0.9665
-0.1351 -8.1323 -2.5017 0.9665
0.7396 -8.0997 -2.5017 0.9665
1.3187 -8.0258 -2.5017 0.9665
0.4633 7.0530 -2.3495 0.9706
-0.0438 7.0681 -2.3495 0.9706
-0.2974 7.0619 -2.3495 0.9706
-1.0546 6.9891 -2.3495 0.9706
-1.2506 6.6582 -2.2519 0.9718
-1.5241 6.7663 -2.3055 0.9712
-2.0438 6.7663 -2.3495 0.9706
-2.2853 6.6886 -2.3495 0.9706
-2.5238 6.6023 -2.3495 0.9706
-2.7591 6.5075 -2.3495 0.9706
-3.4823 6.2447 -2.3767 0.9703
-3.8650 6.3812 -2.4799 0.9690
-4.5683 5.9811 -2.5017 0.9688
-4.9855 5.6380 -2.5017 0.9688
-5.7409 4.8667 -2.5017 0.9688
-6.0751 4.4424 -2.5017 0.9688
-6.3781 3.9952 -2.5017 0.9688
-6.5174 3.7638 -2.5017 0.9688
-6.6482 3.5275 -2.5017 0.9688
-6.8841 3.0416 -2.5017 0.9688
-6.9888 2.7926 -2.5017 0.9688
-7.0845 2.5400 -2.5017 0.9688
-7.2485 2.0253 -2.5017 0.9688
-7.4241 1.2346 -2.5017 0.9688
-7.4936 0.6989 -2.5017 0.9688
-7.5138 0.4295 -2.5017 0.9688
-7.5244 0.1596 -2.5017 0.9688
-7.5253 -0.1105 -2.5017 0.9688
-7.4980 -0.6500 -2.5017 0.9688
-7.4698 -0.9186 -2.5017 0.9688
-7.4320 -1.1861 -2.5017 0.9688
-7.3847 -1.4520 -2.5017 0.9688
-7.3278 -1.7161 -2.5017 0.9688
-7.1859 -2.2372 -2.5017 0.9688
-6.9038 -2.9965 -2.5017 0.9688
-6.7918 -3.2423 -2.5017 0.9688
-6.2580 -4.1807 -2.5017 0.9688
-6.1040 -4.4026 -2.5017 0.9688
-5.9420 -4.6188 -2.5017 0.9688
-5.4112 -5.2306 -2.5017 0.9688
-5.0221 -5.6053 -2.5017 0.9688
-4.6072 -5.9511 -2.5017 0.9688
-3.9409 -6.4117 -2.5017 0.9688
-3.7083 -6.5490 -2.5017 0.9688
-3.2290 -6.7981 -2.5017 0.9688
-2.9830 -6.9096 -2.5017 0.9688
-2.2231 -7.1902 -2.5017 0.9688
-1.9637 -7.2653 -2.5017 0.9688
-1.7017 -7.3311 -2.5017 0.9688
-0.9040 -7.4715 -2.5017 0.9688
-0.3657 -7.5171 -2.5017 0.9688
-0.0958 -7.5254 -2.5017 0.9688
0.1743 -7.5240 -2.5017 0.9688
1.2491 -7.4216 -2.5017 0.9688
3.0550 -6.8780 -2.5017 0.9688
3.2998 -6.7640 -2.5017 0.9688
3.5404 -6.6412 -2.5017 0.9688
3.7765 -6.5099 -2.5017 0.9688
4.0076 -6.3702 -2.5017 0.9688
4.4542 -6.0663 -2.5017 0.9688
5.4655 -5.1738 -2.5017 0.9688
5.8225 -4.7684 -2.5017 0.9688
5.9899 -4.5564 -2.5017 0.9688
6.4449 -3.8863 -2.5017 0.9688
6.5802 -3.6525 -2.5017 0.9688
2.6279 -1.1081 -0.9480 0.9881
2.5033 -0.7508 -0.8687 0.9890
2.5816 -0.6743 -0.8869 0.9888
2.6863 -0.5996 -0.9149 0.9885
7.3993 -1.3748 -2.5017 0.9688
7.4439 -1.1083 -2.5017 0.9688
7.4789 -0.8405 -2.5017 0.9688
7.5199 -0.3019 -2.5017 0.9688
7.4857 0.7771 -2.5017 0.9688
7.4067 1.3113 -2.5003 0.9688
6.8295 1.9854 -2.3641 0.9705
6.7120 2.2153 -2.3495 0.9706
6.6281 2.4548 -2.3495 0.9706
6.3259 3.1529 -2.3495 0.9706
5.8098 4.0255 -2.3495 0.9706
5.6616 4.2314 -2.3495 0.9706
5.5061 4.4319 -2.3495 0.9706
5.3435 4.6266 -2.3495 0.9706
5.1740 4.8154 -2.3495 0.9706
4.9979 4.9980 -2.3495 0.9706
4.8153 5.1741 -2.3495 0.9706
4.6266 5.3436 -2.3495 0.9706
4.4318 5.5061 -2.3495 0.9706
3.1528 6.3260 -2.3495 0.9706
2.6910 6.5359 -2.3495 0.9706
2.4547 6.6282 -2.3495 0.9706
1.9730 6.7872 -2.3495 0.9706
1.7281 6.8537 -2.3495 0.9706
0.9816 6.9997 -2.3495 0.9706
0.7297 7.0304 -2.3495 0.9706
0.4770 7.0521 -2.3495 0.9706
0.2236 7.0647 -2.3495 0.9706
-0.0300 7.0681 -2.3495 0.9706
-0.2837 7.0625 -2.3495 0.9706
-0.5369 7.0478 -2.3495 0.9706
-0.7895 7.0240 -2.3495 0.9706
-1.5090 6.7604 -2.3025 0.9712
-1.7863 6.8388 -2.3495 0.9706
-2.0306 6.7703 -2.3495 0.9706
-2.2722 6.6930 -2.3495 0.9706
-3.2106 6.3071 -2.3525 0.9706
-3.8434 6.3735 -2.4740 0.9691
-4.3371 6.1473 -2.5008 0.9688
-4.7686 5.8226 -2.5017 0.9688
-5.3668 5.2764 -2.5017 0.9688
-5.9027 4.6690 -2.5017 0.9688
-6.0665 4.4542 -2.5017 0.9688
-6.2224 4.2336 -2.5017 0.9688
-6.6414 3.5404 -2.5017 0.9688
-7.2445 2.0394 -2.5017 0.9688
-7.4217 1.2490 -2.5017 0.9688
-7.4618 0.9819 -2.5017 0.9688
-7.4922 0.7135 -2.5017 0.9688
-7.5241 0.1743 -2.5017 0.9688
-7.5255 -0.0959 -2.5017 0.9688
-7.4716 -0.9041 -2.5017 0.9688
-7.4343 -1.1716 -2.5017 0.9688
-7.3875 -1.4376 -2.5017 0.9688
-6.9096 -2.9831 -2.5017 0.9688
-6.1125 -4.3907 -2.5017 0.9688
-5.7818 -4.8178 -2.5017 0.9688
-5.6052 -5.0222 -2.5017 0.9688
-5.4214 -5.2201 -2.5017 0.9688
-5.2306 -5.4113 -2.5017 0.9688
-4.8290 -5.7725 -2.5017 0.9688
-4.4025 -6.1040 -2.5017 0.9688
-3.4838 -6.6711 -2.5017 0.9688
-3.2422 -6.7918 -2.5017 0.9688
-2.9964 -6.9038 -2.5017 0.9688
-1.9778 -7.2615 -2.5017 0.9688
-1.7159 -7.3278 -2.5017 0.9688
-1.4519 -7.3846 -2.5017 0.9688
-1.1859 -7.4320 -2.5017 0.9688
-0.6498 -7.4979 -2.5017 0.9688
0.4296 -7.5137 -2.5017 0.9688
0.6990 -7.4934 -2.5017 0.9688
1.2346 -7.4240 -2.5017 0.9688
1.5003 -7.3749 -2.5017 0.9688
1.7639 -7.3163 -2.5017 0.9688
2.2842 -7.1710 -2.5017 0.9688
2.7926 -6.9887 -2.5017 0.9688
3.0416 -6.8839 -2.5017 0.9688
3.5275 -6.6481 -2.5017 0.9688
4.2215 -6.2304 -2.5017 0.9688
4.4424 -6.0749 -2.5017 0.9688
4.6575 -5.9116 -2.5017 0.9688
5.0695 -5.5623 -2.5017 0.9688
5.4554 -5.1844 -2.5017 0.9688
5.8132 -4.7798 -2.5017 0.9688
6.4373 -3.8988 -2.5017 0.9688
6.8190 -3.1844 -2.5017 0.9688
2.4860 -0.8493 -0.8733 0.9890
2.6771 -0.6030 -0.9122 0.9885
7.4417 -1.1228 -2.5017 0.9688
7.4772 -0.8550 -2.5017 0.9688
7.5193 -0.3166 -2.5017 0.9688
7.5226 0.2236 -2.5017 0.9688
7.5098 0.4934 -2.5017 0.9688
7.4550 1.0307 -2.5017 0.9688
7.4098 1.2970 -2.5005 0.9688
7.3477 1.5598 -2.4968 0.9688
7.2080 1.8027 -2.4698 0.9692
6.8482 1.9763 -2.3693 0.9704
6.5410 2.6783 -2.3495 0.9706
6.3321 3.1406 -2.3495 0.9706
6.2153 3.3658 -2.3495 0.9706
6.0905 3.5866 -2.3495 0.9706
5.9579 3.8029 -2.3495 0.9706
5.8176 4.0142 -2.3495 0.9706
5.6698 4.2204 -2.3495 0.9706
5.5147 4.4212 -2.3495 0.9706
5.3525 4.6162 -2.3495 0.9706
5.0076 4.9882 -2.3495 0.9706
4.8254 5.1647 -2.3495 0.9706
4.4425 5.4975 -2.3495 0.9706
3.8260 5.9431 -2.3495 0.9706
3.6102 6.0766 -2.3495 0.9706
3.1651 6.3199 -2.3495 0.9706
2.9363 6.4294 -2.3495 0.9706
2.7037 6.5306 -2.3495 0.9706
2.4676 6.6235 -2.3495 0.9706
1.7415 6.8503 -2.3495 0.9706
1.4945 6.9084 -2.3495 0.9706
1.2456 6.9576 -2.3495 0.9706
0.4907 7.0511 -2.3495 0.9706
-0.2699 7.0630 -2.3495 0.9706
-0.5232 7.0488 -2.3495 0.9706
-0.7758 7.0255 -2.3495 0.9706
-1.2217 6.6468 -2.2464 0.9719
-1.4938 6.7544 -2.2994 0.9713
-2.2592 6.6974 -2.3495 0.9706
-2.4981 6.6120 -2.3495 0.9706
-2.7338 6.5181 -2.3495 0.9706
-2.9659 6.4158 -2.3495 0.9706
-3.8219 6.3658 -2.4681 0.9692
-4.3248 6.1552 -2.5006 0.9688
-4.5450 5.9988 -2.5017 0.9688
-4.9635 5.6574 -2.5017 0.9688
-5.1633 5.4756 -2.5017 0.9688
-5.3565 5.2868 -2.5017 0.9688
-5.8936 4.6805 -2.5017 0.9688
-6.3625 4.0200 -2.5017 0.9688
-6.5027 3.7891 -2.5017 0.9688
-6.6345 3.5533 -2.5017 0.9688
-6.9779 2.8197 -2.5017 0.9688
-7.1622 2.3120 -2.5017 0.9688
-7.3096 1.7923 -2.5017 0.9688
-7.3692 1.5288 -2.5017 0.9688
-7.4598 0.9964 -2.5017 0.9688
-7.5237 0.1889 -2.5017 0.9688
-7.5256 -0.0812 -2.5017 0.9688
-7.5179 -0.3512 -2.5017 0.9688
-7.4733 -0.8895 -2.5017 0.9688
-7.3903 -1.4233 -2.5017 0.9688
-7.1945 -2.2093 -2.5017 0.9688
-7.1106 -2.4660 -2.5017 0.9688
-7.0175 -2.7196 -2.5017 0.9688
-6.9154 -2.9697 -2.5017 0.9688
-6.8044 -3.2159 -2.5017 0.9688
-6.5562 -3.6956 -2.5017 0.9688
-6.4193 -3.9285 -2.5017 0.9688
-6.2742 -4.1563 -2.5017 0.9688
-6.1210 -4.3788 -2.5017 0.9688
-5.7912 -4.8066 -2.5017 0.9688
-5.6150 -5.0113 -2.5017 0.9688
-5.2411 -5.4011 -2.5017 0.9688
-5.0439 -5.5857 -2.5017 0.9688
-4.8402 -5.7631 -2.5017 0.9688
-4.4144 -6.0954 -2.5017 0.9688
-4.1928 -6.2499 -2.5017 0.9688
-3.9658 -6.3963 -2.5017 0.9688
-3.7337 -6.5345 -2.5017 0.9688
-3.4968 -6.6643 -2.5017 0.9688
-2.7603 -7.0015 -2.5017 0.9688
-2.5073 -7.0961 -2.5017 0.9688
-2.2511 -7.1814 -2.5017 0.9688
-1.9919 -7.2576 -2.5017 0.9688
-1.7302 -7.3244 -2.5017 0.9688
-1.4662 -7.3818 -2.5017 0.9688
-0.9330 -7.4679 -2.5017 0.9688
-0.6644 -7.4966 -2.5017 0.9688
-0.3950 -7.5156 -2.5017 0.9688
0.1451 -7.5246 -2.5017 0.9688
0.4150 -7.5145 -2.5017 0.9688
0.6844 -7.4948 -2.5017 0.9688
1.2202 -7.4264 -2.5017 0.9688
0.1951 6.5672 -2.3495 0.9725
-0.2764 6.5643 -2.3495 0.9725
-0.7465 6.5275 -2.3495 0.9725
-1.2128 6.4572 -2.3495 0.9725
-1.4437 6.4095 -2.3495 0.9725
-2.3459 6.1370 -2.3495 0.9725
-2.7864 5.9665 -2.3549 0.9724
-3.3988 6.0948 -2.4955 0.9708
-3.6200 5.9768 -2.4988 0.9708
-4.2463 5.5596 -2.5017 0.9707
-4.9981 4.8948 -2.5017 0.9707
-5.1705 4.7123 -2.5017 0.9707
-5.3363 4.5237 -2.5017 0.9707
-5.7915 3.9240 -2.5017 0.9707
-5.9286 3.7137 -2.5017 0.9707
-6.0581 3.4985 -2.5017 0.9707
-6.1797 3.2789 -2.5017 0.9707
-6.2934 3.0550 -2.5017 0.9707
-6.4963 2.5958 -2.5017 0.9707
-6.8009 1.6396 -2.5017 0.9707
-6.9655 0.6496 -2.5017 0.9707
-6.9843 0.3993 -2.5017 0.9707
-6.9941 0.1484 -2.5017 0.9707
-6.9083 -1.1025 -2.5017 0.9707
-6.6794 -2.0796 -2.5017 0.9707
-6.5131 -2.5533 -2.5017 0.9707
-6.4173 -2.7853 -2.5017 0.9707
-6.3132 -3.0138 -2.5017 0.9707
-6.0807 -3.4589 -2.5017 0.9707
-5.6738 -4.0923 -2.5017 0.9707
-5.2011 -4.6784 -2.5017 0.9707
-5.0299 -4.8620 -2.5017 0.9707
-4.8522 -5.0394 -2.5017 0.9707
-4.6682 -5.2103 -2.5017 0.9707
-4.0812 -5.6818 -2.5017 0.9707
-3.8747 -5.8246 -2.5017 0.9707
-3.6632 -5.9599 -2.5017 0.9707
-3.4469 -6.0875 -2.5017 0.9707
-3.2263 -6.2073 -2.5017 0.9707
-2.7727 -6.4227 -2.5017 0.9707
-1.5818 -6.8144 -2.5017 0.9707
-1.3362 -6.8668 -2.5017 0.9707
-0.8402 -6.9450 -2.5017 0.9707
-0.5905 -6.9706 -2.5017 0.9707
-0.3400 -6.9873 -2.5017 0.9707
0.4129 -6.9834 -2.5017 0.9707
1.1611 -6.8986 -2.5017 0.9707
1.4079 -6.8525 -2.5017 0.9707
1.6528 -6.7975 -2.5017 0.9707
1.8957 -6.7338 -2.5017 0.9707
2.3738 -6.5805 -2.5017 0.9707
3.0673 -6.2873 -2.5017 0.9707
3.2909 -6.1732 -2.5017 0.9707
3.5103 -6.0511 -2.5017 0.9707
3.7252 -5.9212 -2.5017 0.9707
4.5341 -5.3273 -2.5017 0.9707
4.7223 -5.1612 -2.5017 0.9707
4.9045 -4.9884 -2.5017 0.9707
5.2496 -4.6238 -2.5017 0.9707
5.4122 -4.4324 -2.5017 0.9707
5.5678 -4.2353 -2.5017 0.9707
5.8572 -3.8251 -2.5017 0.9707
5.9907 -3.6124 -2.5017 0.9707
6.2344 -3.1735 -2.5017 0.9707
6.3442 -2.9477 -2.5017 0.9707
6.9518 -0.7813 -2.5017 0.9707
6.9754 -0.5313 -2.5017 0.9707
6.9900 -0.2806 -2.5017 0.9707
6.9955 -0.0296 -2.5017 0.9707
6.9921 0.2214 -2.5017 0.9707
6.9796 0.4722 -2.5017 0.9707
6.9278 0.9716 -2.5017 0.9707
6.8885 1.2196 -2.5017 0.9707
6.6998 1.9477 -2.4951 0.9708
6.0752 2.5014 -2.3495 0.9725
5.9815 2.7178 -2.3495 0.9725
5.7712 3.1398 -2.3495 0.9725
5.6548 3.3449 -2.3495 0.9725
5.2626 3.9332 -2.3495 0.9725
4.9669 4.3006 -2.3495 0.9725
4.1195 5.1181 -2.3495 0.9725
3.7418 5.4004 -2.3495 0.9725
3.5456 5.5312 -2.3495 0.9725
3.3448 5.6549 -2.3495 0.9725
3.1397 5.7713 -2.3495 0.9725
2.7177 5.9816 -2.3495 0.9725
2.5013 6.0753 -2.3495 0.9725
2.2817 6.1611 -2.3495 0.9725
1.8339 6.3089 -2.3495 0.9725
1.6063 6.3707 -2.3495 0.9725
1.1453 6.4695 -2.3495 0.9725
0.2079 6.5668 -2.3495 0.9725
-0.0279 6.5700 -2.3495 0.9725
-0.2637 6.5648 -2.3495 0.9725
-0.4991 6.5511 -2.3495 0.9725
-1.2002 6.4595 -2.3495 0.9725
-1.4313 6.4123 -2.3495 0.9725
-1.6604 6.3568 -2.3495 0.9725
-1.8875 6.2931 -2.3495 0.9725
-2.1121 6.2213 -2.3495 0.9725
-2.7710 5.9637 -2.3516 0.9725
-3.3867 6.1010 -2.4954 0.9708
-3.8252 5.8573 -2.5017 0.9707
-4.0330 5.7162 -2.5017 0.9707
-4.2355 5.5678 -2.5017 0.9707
-4.4326 5.4122 -2.5017 0.9707
-5.1613 4.7223 -2.5017 0.9707
-5.3275 4.5341 -2.5017 0.9707
-5.6390 4.1403 -2.5017 0.9707
-6.2874 3.0672 -2.5017 0.9707
-6.3935 2.8396 -2.5017 0.9707
-6.4912 2.6084 -2.5017 0.9707
-6.7340 1.8957 -2.5017 0.9707
-6.7977 1.6528 -2.5017 0.9707
-6.8526 1.4078 -2.5017 0.9707
-6.8987 1.1610 -2.5017 0.9707
-6.9642 0.6632 -2.5017 0.9707
-6.9835 0.4128 -2.5017 0.9707
-6.9938 0.1620 -2.5017 0.9707
-6.9951 -0.0891 -2.5017 0.9707
-6.9707 -0.5906 -2.5017 0.9707
-6.9450 -0.8404 -2.5017 0.9707
-6.8145 -1.5819 -2.5017 0.9707
-6.7533 -1.8254 -2.5017 0.9707
-6.6050 -2.3051 -2.5017 0.9707
-6.3190 -3.0016 -2.5017 0.9707
-6.0875 -3.4470 -2.5017 0.9707
-5.9598 -3.6633 -2.5017 0.9707
-5.6817 -4.0813 -2.5017 0.9707
-5.3744 -4.4783 -2.5017 0.9707
-5.2102 -4.6683 -2.5017 0.9707
-4.8620 -5.0300 -2.5017 0.9707
-4.6783 -5.2012 -2.5017 0.9707
-3.8860 -5.8170 -2.5017 0.9707
-3.6748 -5.9527 -2.5017 0.9707
-2.5532 -6.5131 -2.5017 0.9707
-2.3178 -6.6005 -2.5017 0.9707
-1.1024 -6.9082 -2.5017 0.9707
-0.6040 -6.9695 -2.5017 0.9707
0.1485 -6.9940 -2.5017 0.9707
0.3994 -6.9842 -2.5017 0.9707
0.6497 -6.9653 -2.5017 0.9707
0.8993 -6.9375 -2.5017 0.9707
1.1476 -6.9008 -2.5017 0.9707
2.1232 -6.6656 -2.5017 0.9707
2.5958 -6.4962 -2.5017 0.9707
3.0550 -6.2932 -2.5017 0.9707
3.2789 -6.1796 -2.5017 0.9707
3.4986 -6.0579 -2.5017 0.9707
3.7137 -5.9285 -2.5017 0.9707
3.9240 -5.7914 -2.5017 0.9707
4.1293 -5.6468 -2.5017 0.9707
4.3293 -5.4950 -2.5017 0.9707
4.7123 -5.1703 -2.5017 0.9707
5.2406 -4.6340 -2.5017 0.9707
6.1098 -3.4070 -2.5017 0.9707
6.2282 -3.1856 -2.5017 0.9707
2.5648 -1.0874 -0.9962 0.9882
2.4537 -0.9379 -0.9394 0.9889
2.4398 -0.8335 -0.9220 0.9891
2.6249 -0.5912 -0.9622 0.9886
6.9743 -0.5449 -2.5017 0.9707
6.9894 -0.2942 -2.5017 0.9707
6.9955 -0.0432 -2.5017 0.9707
6.9925 0.2078 -2.5017 0.9707
6.9596 0.7088 -2.5017 0.9707
6.9297 0.9581 -2.5017 0.9707
6.8908 1.2062 -2.5017 0.9707
6.7780 1.6951 -2.4985 0.9708
6.7041 1.9348 -2.4953 0.9708
6.4735 2.1227 -2.4362 0.9715
6.1724 2.2724 -2.3521 0.9724
5.9868 2.7062 -2.3495 0.9725
5.5380 3.5349 -2.3495 0.9725
5.4076 3.7314 -2.3495 0.9725
5.2702 3.9230 -2.3495 0.9725
5.1260 4.1096 -2.3495 0.9725
4.8181 4.4667 -2.3495 0.9725
4.6547 4.6367 -2.3495 0.9725
4.4853 4.8008 -2.3495 0.9725
4.3102 4.9586 -2.3495 0.9725
3.9434 5.2550 -2.3495 0.9725
3.7523 5.3931 -2.3495 0.9725
3.3558 5.6484 -2.3495 0.9725
3.1510 5.7651 -2.3495 0.9725
2.5131 6.0704 -2.3495 0.9725
1.8462 6.3053 -2.3495 0.9725
1.6187 6.3675 -2.3495 0.9725
1.3892 6.4215 -2.3495 0.9725
1.1579 6.4672 -2.3495 0.9725
0.9250 6.5046 -2.3495 0.9725
0.2206 6.5664 -2.3495 0.9725
-0.2509 6.5653 -2.3495 0.9725
-0.4863 6.5521 -2.3495 0.9725
-0.7211 6.5304 -2.3495 0.9725
-1.6481 6.3600 -2.3495 0.9725
-1.8753 6.2968 -2.3495 0.9725
-2.5411 6.0588 -2.3495 0.9725
-3.0732 6.0664 -2.4319 0.9715
-3.3746 6.1072 -2.4952 0.9708
-4.2247 5.5760 -2.5017 0.9707
-4.7994 5.0897 -2.5017 0.9707
-5.1521 4.7324 -2.5017 0.9707
-5.3186 4.5444 -2.5017 0.9707
-5.6309 4.1513 -2.5017 0.9707
-5.7762 3.9465 -2.5017 0.9707
-6.3879 2.8521 -2.5017 0.9707
-6.5760 2.3866 -2.5017 0.9707
-6.7944 1.6660 -2.5017 0.9707
-6.8498 1.4211 -2.5017 0.9707
-6.8964 1.1744 -2.5017 0.9707
-6.9935 0.1756 -2.5017 0.9707
-6.9881 -0.3265 -2.5017 0.9707
-6.9466 -0.8269 -2.5017 0.9707
-6.9125 -1.0756 -2.5017 0.9707
-6.6095 -2.2922 -2.5017 0.9707
-6.5230 -2.5279 -2.5017 0.9707
-6.3248 -2.9893 -2.5017 0.9707
-6.0941 -3.4352 -2.5017 0.9707
-5.9669 -3.6517 -2.5017 0.9707
-5.5399 -4.2718 -2.5017 0.9707
-5.2193 -4.6581 -2.5017 0.9707
-5.0488 -4.8424 -2.5017 0.9707
-4.1033 -5.6659 -2.5017 0.9707
-3.6863 -5.9456 -2.5017 0.9707
-3.4706 -6.0740 -2.5017 0.9707
-3.0260 -6.3073 -2.5017 0.9707
-2.7977 -6.4118 -2.5017 0.9707
-2.3306 -6.5960 -2.5017 0.9707
-1.8515 -6.7461 -2.5017 0.9707
-1.1158 -6.9061 -2.5017 0.9707
-0.8673 -6.9416 -2.5017 0.9707
-0.6176 -6.9683 -2.5017 0.9707
-0.3671 -6.9860 -2.5017 0.9707
-0.1162 -6.9946 -2.5017 0.9707
0.1349 -6.9943 -2.5017 0.9707
0.6362 -6.9666 -2.5017 0.9707
1.1342 -6.9030 -2.5017 0.9707
0.4018 6.1178 -2.3495 0.9741
-0.2580 6.1256 -2.3495 0.9741
-1.1317 6.0256 -2.3495 0.9741
-1.5610 5.9289 -2.3495 0.9741
-1.7728 5.8691 -2.3495 0.9741
-1.9841 5.8071 -2.3517 0.9741
-2.4679 5.8207 -2.4228 0.9733
-2.7544 5.8979 -2.4945 0.9725
-2.9677 5.8019 -2.4974 0.9725
-3.5802 5.4589 -2.5017 0.9724
-3.7738 5.3269 -2.5017 0.9724
-4.1461 5.0425 -2.5017 0.9724
-4.3244 4.8904 -2.5017 0.9724
-4.9796 4.2214 -2.5017 0.9724
-5.1279 4.0400 -2.5017 0.9724
-5.6532 3.2647 -2.5017 0.9724
-5.7667 3.0598 -2.5017 0.9724
-5.9713 2.6383 -2.5017 0.9724
-6.1452 2.2032 -2.5017 0.9724
-6.2203 1.9812 -2.5017 0.9724
-6.4740 0.8391 -2.5017 0.9724
-6.5275 -0.0958 -2.5017 0.9724
-6.5198 -0.3300 -2.5017 0.9724
-6.5038 -0.5638 -2.5017 0.9724
-6.4793 -0.7968 -2.5017 0.9724
-6.4466 -1.0288 -2.5017 0.9724
-6.4055 -1.2595 -2.5017 0.9724
-6.3562 -1.4885 -2.5017 0.9724
-6.1594 -2.1630 -2.5017 0.9724
-5.8913 -2.8124 -2.5017 0.9724
-5.7865 -3.0220 -2.5017 0.9724
-5.4282 -3.6264 -2.5017 0.9724
-5.2946 -3.8189 -2.5017 0.9724
-4.8535 -4.3657 -2.5017 0.9724
-4.6937 -4.5371 -2.5017 0.9724
-4.3562 -4.8621 -2.5017 0.9724
-4.1789 -5.0152 -2.5017 0.9724
-3.9963 -5.1620 -2.5017 0.9724
-3.6157 -5.4353 -2.5017 0.9724
-3.4184 -5.5616 -2.5017 0.9724
-2.5874 -5.9934 -2.5017 0.9724
-0.5510 -6.5048 -2.5017 0.9724
-0.3172 -6.5204 -2.5017 0.9724
-0.0831 -6.5275 -2.5017 0.9724
0.6189 -6.4987 -2.5017 0.9724
0.8517 -6.4723 -2.5017 0.9724
1.3138 -6.3945 -2.5017 0.9724
1.7690 -6.2838 -2.5017 0.9724
1.9934 -6.2163 -2.5017 0.9724
2.2152 -6.1407 -2.5017 0.9724
2.4341 -6.0573 -2.5017 0.9724
2.6499 -5.9660 -2.5017 0.9724
3.0710 -5.7606 -2.5017 0.9724
3.4762 -5.5255 -2.5017 0.9724
3.6723 -5.3972 -2.5017 0.9724
4.0499 -5.1199 -2.5017 0.9724
4.2311 -4.9713 -2.5017 0.9724
4.5767 -4.6550 -2.5017 0.9724
4.7408 -4.4878 -2.5017 0.9724
5.0505 -4.1362 -2.5017 0.9724
5.1957 -3.9523 -2.5017 0.9724
5.3341 -3.7633 -2.5017 0.9724
5.4658 -3.5694 -2.5017 0.9724
5.5903 -3.3710 -2.5017 0.9724
5.7077 -3.1682 -2.5017 0.9724
5.8177 -2.9614 -2.5017 0.9724
5.9202 -2.7507 -2.5017 0.9724
2.4155 -0.8200 -0.9776 0.9891
2.4980 -0.6524 -0.9894 0.9890
6.4182 -1.1925 -2.5017 0.9724
6.4872 -0.7291 -2.5017 0.9724
6.5228 -0.2619 -2.5017 0.9724
6.5248 0.2066 -2.5017 0.9724
6.4648 0.9066 -2.5017 0.9724
6.4281 1.1381 -2.5017 0.9724
6.3831 1.3680 -2.5017 0.9724
6.2643 1.8210 -2.5000 0.9724
5.8299 2.4004 -2.4161 0.9734
5.5818 2.5362 -2.3495 0.9741
5.4872 2.7348 -2.3495 0.9741
5.3855 2.9300 -2.3495 0.9741
5.1615 3.3087 -2.3495 0.9741
5.0394 3.4918 -2.3495 0.9741
4.6350 4.0132 -2.3495 0.9741
4.4880 4.1769 -2.3495 0.9741
4.3352 4.3353 -2.3495 0.9741
3.8442 4.7761 -2.3495 0.9741
3.6703 4.9109 -2.3495 0.9741
3.4917 5.0395 -2.3495 0.9741
3.3086 5.1615 -2.3495 0.9741
2.7348 5.4872 -2.3495 0.9741
2.5361 5.5818 -2.3495 0.9741
1.2847 5.9949 -2.3495 0.9741
0.8514 6.0716 -2.3495 0.9741
0.6330 6.0982 -2.3495 0.9741
0.4137 6.1170 -2.3495 0.9741
0.1940 6.1279 -2.3495 0.9741
-0.4657 6.1133 -2.3495 0.9741
-0.6848 6.0926 -2.3495 0.9741
-0.9030 6.0641 -2.3495 0.9741
-1.3356 5.9837 -2.3495 0.9741
-1.7614 5.8725 -2.3495 0.9741
-2.1780 5.7311 -2.3495 0.9741
-3.1664 5.7042 -2.5002 0.9724
-3.3712 5.5904 -2.5017 0.9724
-3.9524 5.1957 -2.5017 0.9724
-4.1363 5.0505 -2.5017 0.9724
-4.3149 4.8988 -2.5017 0.9724
-4.4879 4.7408 -2.5017 0.9724
-4.6552 4.5767 -2.5017 0.9724
-4.9714 4.2311 -2.5017 0.9724
-5.1201 4.0499 -2.5017 0.9724
-5.2621 3.8636 -2.5017 0.9724
-5.3973 3.6723 -2.5017 0.9724
-5.6468 3.2757 -2.5017 0.9724
-5.7607 3.0710 -2.5017 0.9724
-5.8672 2.8623 -2.5017 0.9724
-5.9662 2.6499 -2.5017 0.9724
-6.2839 1.7690 -2.5017 0.9724
-6.3434 1.5423 -2.5017 0.9724
-6.3946 1.3137 -2.5017 0.9724
-6.4988 0.6189 -2.5017 0.9724
-6.5264 0.1511 -2.5017 0.9724
-6.5276 -0.0831 -2.5017 0.9724
-6.5204 -0.3173 -2.5017 0.9724
-6.5048 -0.5511 -2.5017 0.9724
-6.4486 -1.0163 -2.5017 0.9724
-6.3591 -1.4762 -2.5017 0.9724
-6.3020 -1.7034 -2.5017 0.9724
-6.2368 -1.9284 -2.5017 0.9724
-6.1636 -2.1510 -2.5017 0.9724
-6.0824 -2.3708 -2.5017 0.9724
-5.9934 -2.5876 -2.5017 0.9724
-5.8967 -2.8010 -2.5017 0.9724
-5.6806 -3.2167 -2.5017 0.9724
-5.5615 -3.4184 -2.5017 0.9724
-5.4353 -3.6158 -2.5017 0.9724
-5.0152 -4.1790 -2.5017 0.9724
-4.7025 -4.5280 -2.5017 0.9724
-4.5370 -4.6938 -2.5017 0.9724
-3.4292 -5.5549 -2.5017 0.9724
-3.2276 -5.6744 -2.5017 0.9724
-3.0219 -5.7866 -2.5017 0.9724
-2.5991 -5.9884 -2.5017 0.9724
-2.3825 -6.0778 -2.5017 0.9724
-1.7155 -6.2986 -2.5017 0.9724
-1.2594 -6.4055 -2.5017 0.9724
-1.0287 -6.4465 -2.5017 0.9724
-0.7967 -6.4793 -2.5017 0.9724
-0.5637 -6.5037 -2.5017 0.9724
0.1385 -6.5266 -2.5017 0.9724
1.3013 -6.3970 -2.5017 0.9724
1.9813 -6.2202 -2.5017 0.9724
2.2032 -6.1450 -2.5017 0.9724
2.4223 -6.0620 -2.5017 0.9724
2.6383 -5.9712 -2.5017 0.9724
3.2647 -5.6531 -2.5017 0.9724
3.8534 -5.2694 -2.5017 0.9724
4.3974 -4.8248 -2.5017 0.9724
4.7321 -4.4970 -2.5017 0.9724
5.4588 -3.5801 -2.5017 0.9724
5.7015 -3.1793 -2.5017 0.9724
2.4321 -0.9297 -0.9978 0.9889
2.4929 -0.6563 -0.9879 0.9890
2.6229 -0.5908 -1.0303 0.9885
6.4159 -1.2050 -2.5017 0.9724
6.5140 0.4280 -2.5017 0.9724
6.4666 0.8941 -2.5017 0.9724
6.4303 1.1255 -2.5017 0.9724
6.3858 1.3556 -2.5017 0.9724
6.2682 1.8090 -2.5001 0.9724
6.1920 2.0304 -2.4972 0.9725
6.1082 2.2487 -2.4943 0.9725
5.8449 2.3933 -2.4204 0.9733
5.4925 2.7242 -2.3495 0.9741
5.3912 2.9195 -2.3495 0.9741
5.1679 3.2986 -2.3495 0.9741
5.0462 3.4820 -2.3495 0.9741
4.9180 3.6608 -2.3495 0.9741
4.7835 3.8349 -2.3495 0.9741
4.6428 4.0041 -2.3495 0.9741
4.3436 4.3268 -2.3495 0.9741
4.1856 4.4799 -2.3495 0.9741
3.8535 4.7686 -2.3495 0.9741
3.3187 5.1551 -2.3495 0.9741
3.1315 5.2709 -2.3495 0.9741
2.5469 5.5769 -2.3495 0.9741
2.1404 5.7452 -2.3495 0.9741
1.5106 5.9420 -2.3495 0.9741
1.2964 5.9924 -2.3495 0.9741
0.8632 6.0699 -2.3495 0.9741
0.4256 6.1162 -2.3495 0.9741
0.2059 6.1275 -2.3495 0.9741
-0.0141 6.1310 -2.3495 0.9741
-0.2341 6.1265 -2.3495 0.9741
-0.4538 6.1142 -2.3495 0.9741
-0.6730 6.0939 -2.3495 0.9741
-0.8912 6.0659 -2.3495 0.9741
-1.1083 6.0300 -2.3495 0.9741
-1.3240 5.9863 -2.3495 0.9741
-1.7499 5.8760 -2.3495 0.9741
-2.1669 5.7353 -2.3495 0.9741
-2.7311 5.9078 -2.4942 0.9725
-2.9447 5.8127 -2.4971 0.9725
-3.3603 5.5969 -2.5017 0.9724
-3.5590 5.4727 -2.5017 0.9724
-3.7531 5.3415 -2.5017 0.9724
-3.9423 5.2034 -2.5017 0.9724
-4.3054 4.9072 -2.5017 0.9724
-4.4787 4.7496 -2.5017 0.9724
-4.6462 4.5858 -2.5017 0.9724
-4.9632 4.2407 -2.5017 0.9724
-5.1122 4.0599 -2.5017 0.9724
-5.7548 3.0822 -2.5017 0.9724
-5.8617 2.8737 -2.5017 0.9724
-5.9610 2.6615 -2.5017 0.9724
-6.2125 2.0054 -2.5017 0.9724
-6.2805 1.7812 -2.5017 0.9724
-6.3403 1.5547 -2.5017 0.9724
-6.4707 0.8643 -2.5017 0.9724
-6.4975 0.6315 -2.5017 0.9724
-6.5160 0.3979 -2.5017 0.9724
-6.5261 0.1638 -2.5017 0.9724
-6.5059 -0.5385 -2.5017 0.9724
-6.4824 -0.7716 -2.5017 0.9724
-6.4505 -1.0037 -2.5017 0.9724
-6.4104 -1.2346 -2.5017 0.9724
-6.3053 -1.6911 -2.5017 0.9724
-6.2406 -1.9163 -2.5017 0.9724
-6.0870 -2.3590 -2.5017 0.9724
-5.9984 -2.5759 -2.5017 0.9724
-5.5682 -3.4076 -2.5017 0.9724
-5.4423 -3.6052 -2.5017 0.9724
-5.3094 -3.7982 -2.5017 0.9724
-4.8705 -4.3468 -2.5017 0.9724
-4.3751 -4.8451 -2.5017 0.9724
-4.1984 -4.9990 -2.5017 0.9724
-4.0163 -5.1464 -2.5017 0.9724
-3.6369 -5.4212 -2.5017 0.9724
-3.4400 -5.5482 -2.5017 0.9724
-3.0332 -5.7807 -2.5017 0.9724
-2.6107 -5.9833 -2.5017 0.9724
-2.3943 -6.0731 -2.5017 0.9724
-1.9526 -6.2292 -2.5017 0.9724
-1.5008 -6.3532 -2.5017 0.9724
-1.2718 -6.4030 -2.5017 0.9724
-0.5763 -6.5026 -2.5017 0.9724
-0.3426 -6.5191 -2.5017 0.9724
0.3600 -6.5181 -2.5017 0.9724
0.3763 5.7283 -2.3495 0.9755
-0.2415 5.7356 -2.3495 0.9755
-0.4472 5.7232 -2.3495 0.9755
-0.8565 5.6764 -2.3495 0.9755
-1.2615 5.6003 -2.3495 0.9755
-1.4616 5.5515 -2.3495 0.9755
-2.9770 5.3386 -2.5017 0.9739
-3.1667 5.2283 -2.5017 0.9739
-3.7102 4.8577 -2.5017 0.9739
-4.0491 4.5791 -2.5017 0.9739
-4.5178 4.1174 -2.5017 0.9739
-4.6626 3.9526 -2.5017 0.9739
-4.8014 3.7828 -2.5017 0.9739
-4.9341 3.6080 -2.5017 0.9739
-5.2933 3.0569 -2.5017 0.9739
-5.4989 2.6693 -2.5017 0.9739
-5.5911 2.4703 -2.5017 0.9739
-5.6762 2.2681 -2.5017 0.9739
-5.7539 2.0629 -2.5017 0.9739
-5.8242 1.8551 -2.5017 0.9739
-5.8871 1.6449 -2.5017 0.9739
-5.9423 1.4326 -2.5017 0.9739
-5.9899 1.2184 -2.5017 0.9739
-6.0618 0.7857 -2.5017 0.9739
-6.0861 0.5676 -2.5017 0.9739
-6.1026 0.3489 -2.5017 0.9739
-6.1112 0.1296 -2.5017 0.9739
-6.1047 -0.3090 -2.5017 0.9739
-6.0668 -0.7461 -2.5017 0.9739
-5.9977 -1.1793 -2.5017 0.9739
-5.6071 -2.4337 -2.5017 0.9739
-5.5162 -2.6334 -2.5017 0.9739
-5.4181 -2.8296 -2.5017 0.9739
-5.3131 -3.0222 -2.5017 0.9739
-4.3949 -4.2482 -2.5017 0.9739
-4.2396 -4.4032 -2.5017 0.9739
-3.5660 -4.9645 -2.5017 0.9739
-3.3855 -5.0893 -2.5017 0.9739
-3.2007 -5.2075 -2.5017 0.9739
-2.8190 -5.4236 -2.5017 0.9739
-2.6225 -5.5213 -2.5017 0.9739
-2.4227 -5.6119 -2.5017 0.9739
-2.2198 -5.6952 -2.5017 0.9739
-1.3821 -5.9542 -2.5017 0.9739
-1.1675 -5.9999 -2.5017 0.9739
-0.9515 -6.0380 -2.5017 0.9739
-0.7342 -6.0682 -2.5017 0.9739
-0.2970 -6.1052 -2.5017 0.9739
-0.0778 -6.1120 -2.5017 0.9739
0.1416 -6.1108 -2.5017 0.9739
1.4442 -5.9394 -2.5017 0.9739
1.8665 -5.8205 -2.5017 0.9739
2.0741 -5.7498 -2.5017 0.9739
2.4812 -5.5862 -2.5017 0.9739
2.6801 -5.4936 -2.5017 0.9739
2.8755 -5.3939 -2.5017 0.9739
3.4385 -5.0536 -2.5017 0.9739
3.6176 -4.9269 -2.5017 0.9739
3.7921 -4.7939 -2.5017 0.9739
4.1262 -4.5096 -2.5017 0.9739
4.5869 -4.0401 -2.5017 0.9739
4.7289 -3.8729 -2.5017 0.9739
4.9945 -3.5237 -2.5017 0.9739
5.2344 -3.1564 -2.5017 0.9739
5.4473 -2.7728 -2.5017 0.9739
2.4653 -1.0396 -1.0950 0.9885
2.4416 -0.9279 -1.0690 0.9888
2.4106 -0.8184 -1.0419 0.9891
2.4292 -0.7285 -1.0380 0.9891
2.4973 -0.6523 -1.0564 0.9889
6.0742 -0.6826 -2.5017 0.9739
6.1124 -0.0259 -2.5017 0.9739
6.1094 0.1935 -2.5017 0.9739
6.0985 0.4126 -2.5017 0.9739
6.0532 0.8489 -2.5017 0.9739
6.0189 1.0656 -2.5017 0.9739
5.8695 1.7063 -2.5017 0.9739
5.8042 1.9157 -2.5016 0.9739
5.7256 2.1205 -2.4989 0.9740
5.6399 2.3222 -2.4963 0.9740
5.5302 2.5127 -2.4861 0.9741
5.0489 2.7468 -2.3524 0.9755
4.8329 3.0980 -2.3495 0.9755
4.7186 3.2695 -2.3495 0.9755
4.5982 3.4367 -2.3495 0.9755
4.3399 3.7577 -2.3495 0.9755
3.7576 4.3399 -2.3495 0.9755
3.2694 4.7186 -2.3495 0.9755
2.9226 4.9410 -2.3495 0.9755
2.7434 5.0427 -2.3495 0.9755
2.3746 5.2265 -2.3495 0.9755
1.9937 5.3833 -2.3495 0.9755
1.6024 5.5125 -2.3495 0.9755
1.4036 5.5664 -2.3495 0.9755
0.7972 5.6850 -2.3495 0.9755
0.5927 5.7100 -2.3495 0.9755
0.3874 5.7276 -2.3495 0.9755
0.1816 5.7378 -2.3495 0.9755
-0.0244 5.7406 -2.3495 0.9755
-0.2304 5.7360 -2.3495 0.9755
-0.6412 5.7047 -2.3495 0.9755
-0.8455 5.6780 -2.3495 0.9755
-1.6519 5.5076 -2.3533 0.9755
-1.8977 5.5897 -2.4160 0.9748
-2.1593 5.6819 -2.4877 0.9741
-2.5729 5.5373 -2.4990 0.9740
-2.7729 5.4473 -2.5017 0.9739
-3.1565 5.2345 -2.5017 0.9739
-3.3423 5.1178 -2.5017 0.9739
-3.5238 4.9946 -2.5017 0.9739
-3.8730 4.7290 -2.5017 0.9739
-4.0402 4.5869 -2.5017 0.9739
-4.3588 4.2854 -2.5017 0.9739
-5.0537 3.4385 -2.5017 0.9739
-5.1739 3.2549 -2.5017 0.9739
-5.2873 3.0672 -2.5017 0.9739
-5.4937 2.6800 -2.5017 0.9739
-5.8206 1.8664 -2.5017 0.9739
-5.8839 1.6563 -2.5017 0.9739
-6.0850 0.5795 -2.5017 0.9739
-6.1019 0.3607 -2.5017 0.9739
-6.0907 -0.5160 -2.5017 0.9739
-6.0683 -0.7343 -2.5017 0.9739
-5.7712 -2.0141 -2.5017 0.9739
-5.6952 -2.2199 -2.5017 0.9739
-5.5213 -2.6226 -2.5017 0.9739
-5.4236 -2.8191 -2.5017 0.9739
-5.3190 -3.0119 -2.5017 0.9739
-5.2075 -3.2008 -2.5017 0.9739
-4.9645 -3.5661 -2.5017 0.9739
-4.6959 -3.9130 -2.5017 0.9739
-4.2482 -4.3950 -2.5017 0.9739
-3.9220 -4.6883 -2.5017 0.9739
-3.7512 -4.8261 -2.5017 0.9739
-3.5756 -4.9576 -2.5017 0.9739
-3.3954 -5.0827 -2.5017 0.9739
-2.4336 -5.6071 -2.5017 0.9739
-2.2308 -5.6908 -2.5017 0.9739
-1.1792 -5.9977 -2.5017 0.9739
-0.9632 -6.0361 -2.5017 0.9739
-0.7460 -6.0668 -2.5017 0.9739
-0.5278 -6.0896 -2.5017 0.9739
0.5677 -6.0860 -2.5017 0.9739
1.0028 -6.0296 -2.5017 0.9739
1.6450 -5.8870 -2.5017 0.9739
1.8552 -5.8241 -2.5017 0.9739
2.0630 -5.7538 -2.5017 0.9739
2.2681 -5.6761 -2.5017 0.9739
2.8650 -5.3994 -2.5017 0.9739
3.0569 -5.2931 -2.5017 0.9739
3.4287 -5.0603 -2.5017 0.9739
3.6080 -4.9340 -2.5017 0.9739
4.1174 -4.5176 -2.5017 0.9739
4.2769 -4.3670 -2.5017 0.9739
4.4308 -4.2107 -2.5017 0.9739
4.5791 -4.0490 -2.5017 0.9739
4.7214 -3.8820 -2.5017 0.9739
5.2283 -3.1666 -2.5017 0.9739
5.5383 -2.5864 -2.5017 0.9739
2.4425 -0.9336 -1.0702 0.9888
2.4109 -0.8237 -1.0427 0.9890
2.4916 -0.6560 -1.0545 0.9889
2.7556 -0.5175 -1.1475 0.9880
6.0729 -0.6945 -2.5017 0.9739
6.0939 -0.4761 -2.5017 0.9739
6.1070 -0.2571 -2.5017 0.9739
6.1098 0.1816 -2.5017 0.9739
6.0810 0.6193 -2.5017 0.9739
5.9792 1.2693 -2.5017 0.9739
5.8082 1.9045 -2.5017 0.9739
5.7300 2.1095 -2.4990 0.9740
5.6447 2.3113 -2.4964 0.9740
5.5441 2.5061 -2.4901 0.9740
5.0593 2.7398 -2.3548 0.9754
4.9466 2.9130 -2.3495 0.9755
4.8389 3.0886 -2.3495 0.9755
4.7249 3.2603 -2.3495 0.9755
4.6049 3.4278 -2.3495 0.9755
4.4789 3.5908 -2.3495 0.9755
4.3472 3.7492 -2.3495 0.9755
4.2098 3.9028 -2.3495 0.9755
4.0671 4.0514 -2.3495 0.9755
3.7660 4.3326 -2.3495 0.9755
3.6081 4.4650 -2.3495 0.9755
3.2786 4.7123 -2.3495 0.9755
3.1074 4.8269 -2.3495 0.9755
2.9322 4.9353 -2.3495 0.9755
2.7532 5.0373 -2.3495 0.9755
2.5706 5.1329 -2.3495 0.9755
2.1959 5.3041 -2.3495 0.9755
1.8098 5.4479 -2.3495 0.9755
1.6131 5.5093 -2.3495 0.9755
1.4144 5.5637 -2.3495 0.9755
1.2138 5.6108 -2.3495 0.9755
1.0117 5.6508 -2.3495 0.9755
0.8083 5.6835 -2.3495 0.9755
0.6038 5.7088 -2.3495 0.9755
0.1928 5.7374 -2.3495 0.9755
-0.2192 5.7365 -2.3495 0.9755
-0.6301 5.7060 -2.3495 0.9755
-1.2397 5.6052 -2.3495 0.9755
-1.4400 5.5571 -2.3495 0.9755
-2.1447 5.6768 -2.4837 0.9741
-2.9562 5.3501 -2.5017 0.9739
-3.6913 4.8721 -2.5017 0.9739
-3.8638 4.7365 -2.5017 0.9739
-4.0313 4.5948 -2.5017 0.9739
-4.1935 4.4472 -2.5017 0.9739
-4.7867 3.8014 -2.5017 0.9739
-4.9200 3.6272 -2.5017 0.9739
-5.1675 3.2650 -2.5017 0.9739
-5.3884 2.8859 -2.5017 0.9739
-5.4885 2.6907 -2.5017 0.9739
-5.5815 2.4920 -2.5017 0.9739
-5.6673 2.2901 -2.5017 0.9739
-5.7459 2.0853 -2.5017 0.9739
-5.8170 1.8777 -2.5017 0.9739
-5.9851 1.2417 -2.5017 0.9739
-6.1106 0.1534 -2.5017 0.9739
-6.1122 -0.0660 -2.5017 0.9739
-6.0398 -0.9398 -2.5017 0.9739
-6.0022 -1.1560 -2.5017 0.9739
-5.9569 -1.3706 -2.5017 0.9739
-5.9039 -1.5835 -2.5017 0.9739
-5.7751 -2.0028 -2.5017 0.9739
-5.6995 -2.2088 -2.5017 0.9739
-5.2137 -3.1907 -2.5017 0.9739
-3.7606 -4.8187 -2.5017 0.9739
-3.5853 -4.9506 -2.5017 0.9739
-3.4053 -5.0761 -2.5017 0.9739
-3.2210 -5.1950 -2.5017 0.9739
-2.8401 -5.4126 -2.5017 0.9739
-2.6440 -5.5111 -2.5017 0.9739
-2.0364 -5.7633 -2.5017 0.9739
-1.6178 -5.8945 -2.5017 0.9739
-0.9749 -6.0342 -2.5017 0.9739
0.1178 -6.1113 -2.5017 0.9739
0.3371 -6.1032 -2.5017 0.9739
0.5559 -6.0871 -2.5017 0.9739
0.3533 5.3794 -2.3495 0.9768
-0.2268 5.3863 -2.3495 0.9768
-0.8044 5.3307 -2.3495 0.9768
-1.1974 5.3159 -2.3748 0.9765
-1.6537 5.4750 -2.4926 0.9754
-1.8518 5.4200 -2.4962 0.9753
-2.0470 5.3550 -2.4985 0.9753
-2.2400 5.2830 -2.5008 0.9753
-2.6140 5.1105 -2.5017 0.9753
-2.7957 5.0135 -2.5017 0.9753
-2.9738 4.9099 -2.5017 0.9753
-3.3183 4.6840 -2.5017 0.9753
-3.6457 4.4339 -2.5017 0.9753
-3.8025 4.3002 -2.5017 0.9753
-3.9544 4.1610 -2.5017 0.9753
-4.1011 4.0164 -2.5017 0.9753
-4.2426 3.8666 -2.5017 0.9753
-4.3786 3.7119 -2.5017 0.9753
-4.5090 3.5524 -2.5017 0.9753
-4.6336 3.3883 -2.5017 0.9753
-4.7522 3.2198 -2.5017 0.9753
-5.0707 2.6905 -2.5017 0.9753
-5.2506 2.3198 -2.5017 0.9753
-5.3305 2.1299 -2.5017 0.9753
-5.6251 1.1442 -2.5017 0.9753
-5.6625 0.9416 -2.5017 0.9753
-5.7155 0.5331 -2.5017 0.9753
-5.7396 -0.0843 -2.5017 0.9753
-5.7329 -0.2902 -2.5017 0.9753
-5.7188 -0.4957 -2.5017 0.9753
-5.6974 -0.7006 -2.5017 0.9753
-5.5385 -1.5086 -2.5017 0.9753
-5.4160 -1.9020 -2.5017 0.9753
-5.3443 -2.0951 -2.5017 0.9753
-5.2656 -2.2855 -2.5017 0.9753
-5.0882 -2.6573 -2.5017 0.9753
-4.7731 -3.1887 -2.5017 0.9753
-4.6556 -3.3579 -2.5017 0.9753
-4.5321 -3.5229 -2.5017 0.9753
-3.6746 -4.4100 -2.5017 0.9753
-3.5140 -4.5390 -2.5017 0.9753
-2.8284 -4.9950 -2.5017 0.9753
-2.6473 -5.0933 -2.5017 0.9753
-2.4628 -5.1850 -2.5017 0.9753
-1.8913 -5.4197 -2.5017 0.9753
-1.4977 -5.5414 -2.5017 0.9753
-1.2979 -5.5916 -2.5017 0.9753
-1.0964 -5.6345 -2.5017 0.9753
-0.8935 -5.6702 -2.5017 0.9753
-0.6895 -5.6987 -2.5017 0.9753
-0.0730 -5.7397 -2.5017 0.9753
0.7489 -5.6911 -2.5017 0.9753
1.1552 -5.6228 -2.5017 0.9753
1.3562 -5.5777 -2.5017 0.9753
1.7528 -5.4660 -2.5017 0.9753
2.1403 -5.3262 -2.5017 0.9753
2.5168 -5.1590 -2.5017 0.9753
2.8804 -4.9652 -2.5017 0.9753
3.0567 -4.8586 -2.5017 0.9753
3.2291 -4.7458 -2.5017 0.9753
3.3973 -4.6269 -2.5017 0.9753
3.7204 -4.3713 -2.5017 0.9753
3.8749 -4.2350 -2.5017 0.9753
4.3076 -3.7940 -2.5017 0.9753
4.4410 -3.6370 -2.5017 0.9753
4.5686 -3.4753 -2.5017 0.9753
4.6904 -3.3091 -2.5017 0.9753
5.1156 -2.6040 -2.5017 0.9753
2.4447 -0.9290 -1.1398 0.9887
2.4359 -0.8269 -1.1211 0.9888
2.6121 -0.5830 -1.1664 0.9884
5.6846 0.7972 -2.5017 0.9753
5.6523 1.0007 -2.5017 0.9753
5.6128 1.2029 -2.5017 0.9753
5.5660 1.4035 -2.5017 0.9753
5.5120 1.6024 -2.5017 0.9753
5.3829 1.9936 -2.5017 0.9753
5.1259 2.5548 -2.4960 0.9753
4.7933 2.8353 -2.4271 0.9760
4.5805 2.9363 -2.3712 0.9765
3.9463 3.6728 -2.3495 0.9768
3.8120 3.8120 -2.3495 0.9768
3.6727 3.9464 -2.3495 0.9768
2.9093 4.5386 -2.3495 0.9768
2.5763 4.7356 -2.3495 0.9768
2.4047 4.8250 -2.3495 0.9768
2.2300 4.9082 -2.3495 0.9768
2.0524 4.9850 -2.3495 0.9768
1.6896 5.1194 -2.3495 0.9768
1.3181 5.2274 -2.3495 0.9768
1.1296 5.2713 -2.3495 0.9768
0.1706 5.3883 -2.3495 0.9768
-0.2164 5.3867 -2.3495 0.9768
-0.7940 5.3322 -2.3495 0.9768
-0.9849 5.3003 -2.3495 0.9768
-1.1856 5.3119 -2.3720 0.9765
-1.4074 5.3882 -2.4271 0.9760
-1.8412 5.4234 -2.4961 0.9753
-2.0365 5.3587 -2.4984 0.9753
-2.2296 5.2871 -2.5007 0.9753
-2.4188 5.2058 -2.5017 0.9753
-2.6041 5.1156 -2.5017 0.9753
-2.7860 5.0189 -2.5017 0.9753
-2.9643 4.9157 -2.5017 0.9753
-3.9463 4.1687 -2.5017 0.9753
-4.0933 4.0244 -2.5017 0.9753
-4.3714 3.7204 -2.5017 0.9753
-4.8588 3.0567 -2.5017 0.9753
-4.9653 2.8804 -2.5017 0.9753
-5.0655 2.7003 -2.5017 0.9753
-5.2461 2.3300 -2.5017 0.9753
-5.5255 1.5555 -2.5017 0.9753
-5.7303 0.3388 -2.5017 0.9753
-5.7387 0.1329 -2.5017 0.9753
-5.7335 -0.2790 -2.5017 0.9753
-5.7198 -0.4846 -2.5017 0.9753
-5.6987 -0.6896 -2.5017 0.9753
-5.6703 -0.8936 -2.5017 0.9753
-5.6346 -1.0965 -2.5017 0.9753
-5.4841 -1.6957 -2.5017 0.9753
-5.3483 -2.0847 -2.5017 0.9753
-5.0933 -2.6474 -2.5017 0.9753
-4.8903 -3.0059 -2.5017 0.9753
-4.6621 -3.3489 -2.5017 0.9753
-4.5389 -3.5140 -2.5017 0.9753
-4.4099 -3.6747 -2.5017 0.9753
-4.2752 -3.8305 -2.5017 0.9753
-4.1350 -3.9815 -2.5017 0.9753
-3.9895 -4.1273 -2.5017 0.9753
-3.8388 -4.2678 -2.5017 0.9753
-3.6832 -4.4028 -2.5017 0.9753
-3.0153 -4.8845 -2.5017 0.9753
-2.6572 -5.0882 -2.5017 0.9753
-2.0950 -5.3443 -2.5017 0.9753
-1.7063 -5.4808 -2.5017 0.9753
-1.5085 -5.5385 -2.5017 0.9753
-0.7005 -5.6973 -2.5017 0.9753
-0.0842 -5.7396 -2.5017 0.9753
0.3277 -5.7308 -2.5017 0.9753
0.5331 -5.7154 -2.5017 0.9753
0.7378 -5.6925 -2.5017 0.9753
0.9417 -5.6624 -2.5017 0.9753
1.1443 -5.6250 -2.5017 0.9753
1.3454 -5.5803 -2.5017 0.9753
1.5448 -5.5284 -2.5017 0.9753
2.5068 -5.1639 -2.5017 0.9753
2.8707 -4.9708 -2.5017 0.9753
3.7119 -4.3785 -2.5017 0.9753
3.8666 -4.2425 -2.5017 0.9753
4.1610 -3.9542 -2.5017 0.9753
4.4339 -3.6456 -2.5017 0.9753
4.5618 -3.4842 -2.5017 0.9753
5.0134 -2.7956 -2.5017 0.9753
2.4478 -0.7393 -1.1144 0.9889
5.6760 -0.8564 -2.5017 0.9753
5.7228 -0.4471 -2.5017 0.9753
5.7351 -0.2414 -2.5017 0.9753
5.7401 -0.0355 -2.5017 0.9753
5.7377 0.1705 -2.5017 0.9753
5.7107 0.5816 -2.5017 0.9753
5.6861 0.7862 -2.5017 0.9753
5.6542 0.9897 -2.5017 0.9753
5.6151 1.1920 -2.5017 0.9753
5.5151 1.5916 -2.5017 0.9753
5.1311 2.5449 -2.4962 0.9753
4.5918 2.9309 -2.3741 0.9765
4.3245 3.2190 -2.3495 0.9768
4.0824 3.5209 -2.3495 0.9768
3.9535 3.6651 -2.3495 0.9768
3.8194 3.8046 -2.3495 0.9768
3.6804 3.9392 -2.3495 0.9768
3.5367 4.0688 -2.3495 0.9768
3.3884 4.1931 -2.3495 0.9768
2.9181 4.5329 -2.3495 0.9768
2.7536 4.6347 -2.3495 0.9768
2.0621 4.9810 -2.3495 0.9768
1.8821 5.0518 -2.3495 0.9768
1.5149 5.1738 -2.3495 0.9768
1.3282 5.2248 -2.3495 0.9768
0.7590 5.3373 -2.3495 0.9768
0.3743 5.3780 -2.3495 0.9768
0.1810 5.3880 -2.3495 0.9768
-0.3991 5.3762 -2.3495 0.9768
-0.5917 5.3585 -2.3495 0.9768
-0.9745 5.3022 -2.3495 0.9768
-1.1739 5.3078 -2.3691 0.9766
-1.6278 5.4659 -2.4855 0.9754
-1.8306 5.4267 -2.4960 0.9753
-2.4087 5.2105 -2.5017 0.9753
-2.5941 5.1207 -2.5017 0.9753
-2.7762 5.0243 -2.5017 0.9753
-3.3001 4.6968 -2.5017 0.9753
-3.6285 4.4480 -2.5017 0.9753
-3.7858 4.3150 -2.5017 0.9753
-4.3642 3.7289 -2.5017 0.9753
-4.4952 3.5699 -2.5017 0.9753
-4.7397 3.2383 -2.5017 0.9753
-4.8528 3.0661 -2.5017 0.9753
-5.0602 2.7102 -2.5017 0.9753
-5.1542 2.5268 -2.5017 0.9753
-5.2416 2.3403 -2.5017 0.9753
-5.3959 1.9583 -2.5017 0.9753
-5.4627 1.7634 -2.5017 0.9753
-5.6206 1.1661 -2.5017 0.9753
-5.6588 0.9636 -2.5017 0.9753
-5.6897 0.7599 -2.5017 0.9753
-5.7133 0.5553 -2.5017 0.9753
-5.7385 0.1441 -2.5017 0.9753
-5.7340 -0.2679 -2.5017 0.9753
-5.7207 -0.4735 -2.5017 0.9753
-5.7000 -0.6785 -2.5017 0.9753
-5.6720 -0.8826 -2.5017 0.9753
-5.4234 -1.8809 -2.5017 0.9753
-5.3524 -2.0743 -2.5017 0.9753
-5.2745 -2.2650 -2.5017 0.9753
-5.0984 -2.6375 -2.5017 0.9753
-5.0005 -2.8187 -2.5017 0.9753
-4.7855 -3.1701 -2.5017 0.9753
-4.6686 -3.3398 -2.5017 0.9753
-4.5458 -3.5052 -2.5017 0.9753
-4.2826 -3.8222 -2.5017 0.9753
-4.1427 -3.9734 -2.5017 0.9753
-3.8471 -4.2603 -2.5017 0.9753
-3.5316 -4.5253 -2.5017 0.9753
-2.6671 -5.0830 -2.5017 0.9753
-2.2957 -5.2612 -2.5017 0.9753
-1.9124 -5.4123 -2.5017 0.9753
-1.7169 -5.4774 -2.5017 0.9753
-1.5193 -5.5355 -2.5017 0.9753
-1.1183 -5.6302 -2.5017 0.9753
-0.9156 -5.6667 -2.5017 0.9753
-0.7116 -5.6959 -2.5017 0.9753
-0.5068 -5.7178 -2.5017 0.9753
-0.3013 -5.7323 -2.5017 0.9753
-0.0954 -5.7394 -2.5017 0.9753
0.1107 -5.7391 -2.5017 0.9753
-0.0314 5.0757 -2.3495 0.9779
-0.3954 5.0604 -2.3495 0.9779
-0.5792 5.0640 -2.3593 0.9778
-0.7749 5.1356 -2.4041 0.9774
-1.1842 5.2573 -2.4945 0.9765
-1.9298 5.0483 -2.5017 0.9765
-2.2869 4.8969 -2.5017 0.9765
-2.4612 4.8117 -2.5017 0.9765
-2.6322 4.7203 -2.5017 0.9765
-2.9640 4.5193 -2.5017 0.9765
-3.1243 4.4100 -2.5017 0.9765
-3.4325 4.1746 -2.5017 0.9765
-3.5801 4.0487 -2.5017 0.9765
-3.7231 3.9177 -2.5017 0.9765
-3.8613 3.7815 -2.5017 0.9765
-4.1226 3.4948 -2.5017 0.9765
-4.2454 3.3447 -2.5017 0.9765
-4.3626 3.1902 -2.5017 0.9765
-4.4743 3.0316 -2.5017 0.9765
-4.6802 2.7028 -2.5017 0.9765
-4.8620 2.3602 -2.5017 0.9765
-5.2052 1.4544 -2.5017 0.9765
-5.3314 0.8865 -2.5017 0.9765
-5.3598 0.6947 -2.5017 0.9765
-5.3812 0.5019 -2.5017 0.9765
-5.3958 0.3085 -2.5017 0.9765
-5.4034 0.1146 -2.5017 0.9765
-5.4040 -0.0793 -2.5017 0.9765
-5.3977 -0.2732 -2.5017 0.9765
-5.3642 -0.6597 -2.5017 0.9765
-5.2622 -1.2323 -2.5017 0.9765
-5.2146 -1.4204 -2.5017 0.9765
-5.1603 -1.6066 -2.5017 0.9765
-5.0318 -1.9726 -2.5017 0.9765
-4.9577 -2.1519 -2.5017 0.9765
-4.8773 -2.3284 -2.5017 0.9765
-4.6977 -2.6722 -2.5017 0.9765
-4.5988 -2.8391 -2.5017 0.9765
-4.4940 -3.0023 -2.5017 0.9765
-4.1453 -3.4678 -2.5017 0.9765
-3.6065 -4.0252 -2.5017 0.9765
-2.4925 -4.7955 -2.5017 0.9765
-2.1421 -4.9619 -2.5017 0.9765
-1.9627 -5.0356 -2.5017 0.9765
-1.7807 -5.1028 -2.5017 0.9765
-1.5965 -5.1634 -2.5017 0.9765
-1.4101 -5.2173 -2.5017 0.9765
-1.2220 -5.2646 -2.5017 0.9765
-0.6491 -5.3654 -2.5017 0.9765
-0.4562 -5.3853 -2.5017 0.9765
0.5124 -5.3802 -2.5017 0.9765
1.2769 -5.2515 -2.5017 0.9765
1.8339 -5.0839 -2.5017 0.9765
2.0152 -5.0148 -2.5017 0.9765
2.7119 -4.6749 -2.5017 0.9765
3.5029 -4.1157 -2.5017 0.9765
3.7890 -3.8538 -2.5017 0.9765
3.9249 -3.7154 -2.5017 0.9765
4.4161 -3.1156 -2.5017 0.9765
4.5251 -2.9551 -2.5017 0.9765
4.6282 -2.7908 -2.5017 0.9765
2.5123 -0.7535 -1.2141 0.9885
2.5428 -0.6642 -1.2165 0.9885
2.6958 -0.5009 -1.2692 0.9880
5.3456 -0.7959 -2.5017 0.9765
5.4002 -0.2168 -2.5017 0.9765
5.4045 -0.0229 -2.5017 0.9765
5.3522 0.7506 -2.5017 0.9765
5.3218 0.9422 -2.5017 0.9765
5.2405 1.3215 -2.5017 0.9765
5.1897 1.5087 -2.5017 0.9765
5.1322 1.6939 -2.5017 0.9765
4.9975 2.0577 -2.5017 0.9765
4.9205 2.2357 -2.5017 0.9765
4.8343 2.4094 -2.5002 0.9765
4.7408 2.5792 -2.4982 0.9765
4.3530 3.0161 -2.4513 0.9769
4.1583 3.1079 -2.4030 0.9774
3.9705 3.1959 -2.3593 0.9778
3.7156 3.4580 -2.3495 0.9779
3.1826 3.9541 -2.3495 0.9779
3.0386 4.0657 -2.3495 0.9779
2.8908 4.1721 -2.3495 0.9779
2.4256 4.4587 -2.3495 0.9779
2.0996 4.6212 -2.3495 0.9779
1.9324 4.6935 -2.3495 0.9779
1.7628 4.7598 -2.3495 0.9779
1.5908 4.8200 -2.3495 0.9779
1.2410 4.9217 -2.3495 0.9779
-0.2040 5.0802 -2.3534 0.9778
-0.5688 5.0602 -2.3571 0.9778
-0.9672 5.2051 -2.4506 0.9769
-1.3629 5.2178 -2.4963 0.9765
-1.9200 5.0521 -2.5017 0.9765
-2.1000 4.9799 -2.5017 0.9765
-2.4518 4.8165 -2.5017 0.9765
-2.9552 4.5251 -2.5017 0.9765
-3.2722 4.3015 -2.5017 0.9765
-4.1158 3.5029 -2.5017 0.9765
-4.2388 3.3529 -2.5017 0.9765
-4.4684 3.0402 -2.5017 0.9765
-4.5746 2.8779 -2.5017 0.9765
-4.8574 2.3696 -2.5017 0.9765
-4.9393 2.1938 -2.5017 0.9765
-5.2024 1.4645 -2.5017 0.9765
-5.3297 0.8969 -2.5017 0.9765
-5.3803 0.5123 -2.5017 0.9765
-5.3952 0.3189 -2.5017 0.9765
-5.4031 0.1251 -2.5017 0.9765
-5.3655 -0.6492 -2.5017 0.9765
-5.3387 -0.8414 -2.5017 0.9765
-5.2646 -1.2221 -2.5017 0.9765
-5.2174 -1.4102 -2.5017 0.9765
-5.0356 -1.9628 -2.5017 0.9765
-4.9619 -2.1422 -2.5017 0.9765
-4.7029 -2.6631 -2.5017 0.9765
-4.6043 -2.8301 -2.5017 0.9765
-4.0252 -3.6065 -2.5017 0.9765
-3.4678 -4.1453 -2.5017 0.9765
-3.0022 -4.4940 -2.5017 0.9765
-2.8390 -4.5989 -2.5017 0.9765
-2.6721 -4.6978 -2.5017 0.9765
-2.3283 -4.8773 -2.5017 0.9765
-2.1518 -4.9577 -2.5017 0.9765
-1.2322 -5.2622 -2.5017 0.9765
-0.8516 -5.3370 -2.5017 0.9765
-0.6596 -5.3641 -2.5017 0.9765
-0.4667 -5.3844 -2.5017 0.9765
-0.0793 -5.4040 -2.5017 0.9765
0.5019 -5.3812 -2.5017 0.9765
0.6947 -5.3597 -2.5017 0.9765
0.8866 -5.3313 -2.5017 0.9765
2.0054 -5.0187 -2.5017 0.9765
2.7029 -4.6801 -2.5017 0.9765
2.8691 -4.5801 -2.5017 0.9765
3.0316 -4.4742 -2.5017 0.9765
3.1902 -4.3625 -2.5017 0.9765
3.3447 -4.2452 -2.5017 0.9765
3.6405 -3.9944 -2.5017 0.9765
3.9177 -3.7230 -2.5017 0.9765
4.0487 -3.5800 -2.5017 0.9765
4.2951 -3.2804 -2.5017 0.9765
4.4100 -3.1242 -2.5017 0.9765
4.6227 -2.7998 -2.5017 0.9765
2.4378 -0.9318 -1.2080 0.9886
2.5107 -0.7583 -1.2140 0.9885
2.5983 -0.5852 -1.2328 0.9883
2.6895 -0.5051 -1.2667 0.9880
5.3881 -0.4209 -2.5017 0.9765
5.3998 -0.2273 -2.5017 0.9765
5.4044 -0.0334 -2.5017 0.9765
5.4021 0.1606 -2.5017 0.9765
5.3536 0.7402 -2.5017 0.9765
5.2867 1.1223 -2.5017 0.9765
5.2431 1.3113 -2.5017 0.9765
5.1926 1.4986 -2.5017 0.9765
5.1355 1.6839 -2.5017 0.9765
5.0015 2.0479 -2.5017 0.9765
4.8392 2.4001 -2.5003 0.9765
4.6471 2.7366 -2.4964 0.9765
4.5425 2.8995 -2.4945 0.9765
4.3637 3.0111 -2.4541 0.9769
3.9805 3.1912 -2.3615 0.9778
3.5960 3.5821 -2.3495 0.9779
3.4652 3.7089 -2.3495 0.9779
3.3299 3.8308 -2.3495 0.9779
3.0465 4.0598 -2.3495 0.9779
2.8989 4.1665 -2.3495 0.9779
2.4343 4.4539 -2.3495 0.9779
2.1086 4.6171 -2.3495 0.9779
1.9415 4.6898 -2.3495 0.9779
1.6002 4.8169 -2.3495 0.9779
1.4263 4.8713 -2.3495 0.9779
1.2506 4.9193 -2.3495 0.9779
1.0732 4.9610 -2.3495 0.9779
0.7146 5.0252 -2.3495 0.9779
0.5339 5.0476 -2.3495 0.9779
0.1704 5.0729 -2.3495 0.9779
-0.1940 5.0776 -2.3521 0.9779
-0.5585 5.0579 -2.3554 0.9778
-0.7533 5.1274 -2.3989 0.9774
-0.9560 5.2012 -2.4479 0.9770
-1.1637 5.2615 -2.4943 0.9765
-1.5404 5.1723 -2.4981 0.9765
-1.9101 5.0558 -2.5017 0.9765
-2.0903 4.9840 -2.5017 0.9765
-2.2678 4.9058 -2.5017 0.9765
-2.4424 4.8212 -2.5017 0.9765
-2.7819 4.6336 -2.5017 0.9765
-3.1071 4.4222 -2.5017 0.9765
-3.2638 4.3078 -2.5017 0.9765
-3.9803 3.6560 -2.5017 0.9765
-4.1090 3.5109 -2.5017 0.9765
-4.2323 3.3611 -2.5017 0.9765
-4.3502 3.2071 -2.5017 0.9765
-4.4625 3.0489 -2.5017 0.9765
-4.6697 2.7210 -2.5017 0.9765
-4.7643 2.5517 -2.5017 0.9765
-4.8528 2.3791 -2.5017 0.9765
-4.9351 2.2034 -2.5017 0.9765
-5.0109 2.0249 -2.5017 0.9765
-5.0804 1.8438 -2.5017 0.9765
-5.1433 1.6603 -2.5017 0.9765
-5.2491 1.2871 -2.5017 0.9765
-5.2919 1.0979 -2.5017 0.9765
-5.3279 0.9073 -2.5017 0.9765
-5.3570 0.7155 -2.5017 0.9765
-5.3945 0.3294 -2.5017 0.9765
-5.4029 0.1356 -2.5017 0.9765
-5.4043 -0.0583 -2.5017 0.9765
-5.3987 -0.2522 -2.5017 0.9765
-5.3862 -0.4458 -2.5017 0.9765
-5.3071 -1.0221 -2.5017 0.9765
-5.2670 -1.2119 -2.5017 0.9765
-5.2201 -1.4001 -2.5017 0.9765
-5.1062 -1.7709 -2.5017 0.9765
-4.8003 -2.4833 -2.5017 0.9765
-4.7081 -2.6539 -2.5017 0.9765
-4.3956 -3.1445 -2.5017 0.9765
-4.2799 -3.3002 -2.5017 0.9765
-4.0322 -3.5987 -2.5017 0.9765
-3.6221 -4.0112 -2.5017 0.9765
-3.4758 -4.1386 -2.5017 0.9765
-3.1700 -4.3772 -2.5017 0.9765
-2.8479 -4.5933 -2.5017 0.9765
-2.6812 -4.6926 -2.5017 0.9765
-2.5111 -4.7858 -2.5017 0.9765
-2.3378 -4.8728 -2.5017 0.9765
-2.1614 -4.9535 -2.5017 0.9765
-1.6165 -5.1571 -2.5017 0.9765
-1.4304 -5.2118 -2.5017 0.9765
-1.2425 -5.2598 -2.5017 0.9765
-0.4771 -5.3834 -2.5017 0.9765
-0.2836 -5.3971 -2.5017 0.9765
-0.0898 -5.4038 -2.5017 0.9765
0.1042 -5.4035 -2.5017 0.9765
0.2980 -5.3963 -2.5017 0.9765
0.4915 -5.3821 -2.5017 0.9765
0.8762 -5.3330 -2.5017 0.9765
0.3139 4.7795 -2.3495 0.9789
0.1422 4.7877 -2.3495 0.9789
-0.3883 4.9692 -2.4449 0.9780
-0.5761 5.0373 -2.4870 0.9777
-0.7590 5.0302 -2.4953 0.9776
-0.9396 5.0029 -2.4969 0.9776
-1.2978 4.9294 -2.5004 0.9775
-1.4747 4.8822 -2.5017 0.9775
-1.6489 4.8262 -2.5017 0.9775
-1.9908 4.6955 -2.5017 0.9775
-2.1580 4.6210 -2.5017 0.9775
-2.3225 4.5406 -2.5017 0.9775
-2.4839 4.4543 -2.5017 0.9775
-2.6422 4.3623 -2.5017 0.9775
-2.7970 4.2647 -2.5017 0.9775
-2.9482 4.1616 -2.5017 0.9775
-3.0957 4.0531 -2.5017 0.9775
-3.5133 3.6969 -2.5017 0.9775
-3.6437 3.5685 -2.5017 0.9775
-3.8903 3.2979 -2.5017 0.9775
-4.0061 3.1562 -2.5017 0.9775
-4.2222 2.8607 -2.5017 0.9775
-4.4165 2.5505 -2.5017 0.9775
-4.5881 2.2272 -2.5017 0.9775
-4.9119 1.3724 -2.5017 0.9775
-4.9580 1.1953 -2.5017 0.9775
-4.9977 1.0166 -2.5017 0.9775
-5.0310 0.8366 -2.5017 0.9775
-5.0578 0.6555 -2.5017 0.9775
-5.0780 0.4736 -2.5017 0.9775
-5.0989 0.1082 -2.5017 0.9775
-5.0936 -0.2578 -2.5017 0.9775
-5.0619 -0.6225 -2.5017 0.9775
-5.0363 -0.8037 -2.5017 0.9775
-5.0043 -0.9840 -2.5017 0.9775
-4.9657 -1.1629 -2.5017 0.9775
-4.9208 -1.3403 -2.5017 0.9775
-4.8120 -1.6898 -2.5017 0.9775
-4.6025 -2.1972 -2.5017 0.9775
-4.4331 -2.5216 -2.5017 0.9775
-4.2408 -2.8331 -2.5017 0.9775
-3.7918 -3.4107 -2.5017 0.9775
-3.6669 -3.5446 -2.5017 0.9775
-3.2648 -3.9181 -2.5017 0.9775
-2.9753 -4.1422 -2.5017 0.9775
-2.8248 -4.2463 -2.5017 0.9775
-2.6706 -4.3449 -2.5017 0.9775
-2.1882 -4.6068 -2.5017 0.9775
-2.0214 -4.6823 -2.5017 0.9775
-1.8521 -4.7518 -2.5017 0.9775
-1.6804 -4.8152 -2.5017 0.9775
-1.3307 -4.9234 -2.5017 0.9775
-1.1532 -4.9679 -2.5017 0.9775
-0.9741 -5.0061 -2.5017 0.9775
-0.7939 -5.0379 -2.5017 0.9775
-0.4305 -5.0818 -2.5017 0.9775
0.3010 -5.0911 -2.5017 0.9775
0.6654 -5.0564 -2.5017 0.9775
1.2050 -4.9556 -2.5017 0.9775
1.5573 -4.8564 -2.5017 0.9775
1.9016 -4.7322 -2.5017 0.9775
2.5591 -4.4114 -2.5017 0.9775
2.7158 -4.3168 -2.5017 0.9775
2.8690 -4.2165 -2.5017 0.9775
3.0184 -4.1109 -2.5017 0.9775
3.1640 -3.9999 -2.5017 0.9775
3.5755 -3.6367 -2.5017 0.9775
3.8272 -3.3709 -2.5017 0.9775
3.9457 -3.2314 -2.5017 0.9775
4.0591 -3.0877 -2.5017 0.9775
4.1673 -2.9401 -2.5017 0.9775
4.2701 -2.7886 -2.5017 0.9775
4.3674 -2.6336 -2.5017 0.9775
4.4591 -2.4752 -2.5017 0.9775
4.5451 -2.3135 -2.5017 0.9775
2.4194 -1.1241 -1.3086 0.9882
2.4096 -1.0161 -1.2828 0.9884
2.4394 -0.9270 -1.2801 0.9884
2.5459 -0.6650 -1.2907 0.9883
2.6165 -0.5840 -1.3151 0.9881
2.6825 -0.4984 -1.3384 0.9879
5.0444 -0.7511 -2.5017 0.9775
5.0853 -0.3873 -2.5017 0.9775
5.0975 0.1614 -2.5017 0.9775
5.0884 0.3442 -2.5017 0.9775
5.0728 0.5266 -2.5017 0.9775
5.0219 0.8891 -2.5017 0.9775
4.9452 1.2470 -2.5017 0.9775
4.6432 2.1097 -2.5017 0.9775
4.4799 2.4373 -2.5017 0.9775
4.2882 2.7489 -2.4985 0.9776
4.1840 2.8991 -2.4969 0.9776
3.5934 3.3443 -2.4079 0.9784
3.4218 3.4219 -2.3737 0.9787
3.2631 3.5063 -2.3495 0.9789
3.1352 3.6211 -2.3495 0.9789
3.0032 3.7313 -2.3495 0.9789
2.8674 3.8366 -2.3495 0.9789
2.5848 4.0324 -2.3495 0.9789
2.4385 4.1226 -2.3495 0.9789
2.2890 4.2074 -2.3495 0.9789
2.1365 4.2869 -2.3495 0.9789
1.8235 4.4291 -2.3495 0.9789
1.5012 4.5485 -2.3495 0.9789
1.3370 4.5994 -2.3495 0.9789
1.1711 4.6444 -2.3495 0.9789
1.0037 4.6834 -2.3495 0.9789
0.4945 4.7642 -2.3495 0.9789
0.3232 4.7789 -2.3495 0.9789
-0.5658 5.0335 -2.4846 0.9777
-1.1096 4.9712 -2.4985 0.9776
-1.4652 4.8851 -2.5017 0.9775
-1.6395 4.8294 -2.5017 0.9775
-2.9402 4.1673 -2.5017 0.9775
-3.2315 3.9457 -2.5017 0.9775
-3.3710 3.8272 -2.5017 0.9775
-3.5061 3.7037 -2.5017 0.9775
-3.6368 3.5755 -2.5017 0.9775
-3.7628 3.4427 -2.5017 0.9775
-3.8839 3.3055 -2.5017 0.9775
-4.2166 2.8689 -2.5017 0.9775
-4.4115 2.5591 -2.5017 0.9775
-4.5005 2.3992 -2.5017 0.9775
-4.5837 2.2361 -2.5017 0.9775
-4.6610 2.0702 -2.5017 0.9775
-4.7975 1.7305 -2.5017 0.9775
-4.8565 1.5573 -2.5017 0.9775
-4.9093 1.3820 -2.5017 0.9775
-5.0294 0.8464 -2.5017 0.9775
-5.0565 0.6654 -2.5017 0.9775
-5.0912 0.3010 -2.5017 0.9775
-5.0987 0.1181 -2.5017 0.9775
-5.0940 -0.2479 -2.5017 0.9775
-4.7518 -1.8522 -2.5017 0.9775
-4.6068 -2.1882 -2.5017 0.9775
-4.5253 -2.3521 -2.5017 0.9775
-4.3449 -2.6706 -2.5017 0.9775
-3.7984 -3.4033 -2.5017 0.9775
-3.6738 -3.5374 -2.5017 0.9775
-3.4106 -3.7918 -2.5017 0.9775
-3.2724 -3.9118 -2.5017 0.9775
-3.1299 -4.0267 -2.5017 0.9775
-2.8330 -4.2408 -2.5017 0.9775
-2.1971 -4.6025 -2.5017 0.9775
-1.8613 -4.7482 -2.5017 0.9775
-0.8037 -5.0363 -2.5017 0.9775
-0.6224 -5.0619 -2.5017 0.9775
-0.2577 -5.0935 -2.5017 0.9775
-0.0748 -5.0995 -2.5017 0.9775
0.1082 -5.0989 -2.5017 0.9775
0.2911 -5.0917 -2.5017 0.9775
0.6556 -5.0577 -2.5017 0.9775
1.0167 -4.9977 -2.5017 0.9775
1.1953 -4.9580 -2.5017 0.9775
2.0612 -4.6650 -2.5017 0.9775
2.2272 -4.5880 -2.5017 0.9775
2.3904 -4.5051 -2.5017 0.9775
2.7074 -4.3221 -2.5017 0.9775
3.0104 -4.1167 -2.5017 0.9775
3.1562 -4.0060 -2.5017 0.9775
3.2979 -3.8902 -2.5017 0.9775
3.4354 -3.7694 -2.5017 0.9775
3.5685 -3.6436 -2.5017 0.9775
4.1616 -2.9481 -2.5017 0.9775
4.2647 -2.7969 -2.5017 0.9775
4.3623 -2.6421 -2.5017 0.9775
4.4543 -2.4838 -2.5017 0.9775
2.4216 -1.1309 -1.3110 0.9882
2.4090 -1.0214 -1.2835 0.9884
2.4368 -0.9314 -1.2796 0.9884
2.5438 -0.6697 -1.2903 0.9883
2.6109 -0.5881 -1.3128 0.9881
2.6776 -0.5029 -1.3364 0.9879
2.8270 -0.4265 -1.4024 0.9873
5.0845 -0.3972 -2.5017 0.9775
5.0999 -0.0315 -2.5017 0.9775
5.0978 0.1515 -2.5017 0.9775
5.0520 0.6985 -2.5017 0.9775
4.9889 1.0590 -2.5017 0.9775
4.9476 1.2374 -2.5017 0.9775
4.9001 1.4141 -2.5017 0.9775
4.7860 1.7619 -2.5017 0.9775
4.7197 1.9326 -2.5017 0.9775
4.6473 2.1007 -2.5017 0.9775
4.2937 2.7406 -2.4986 0.9776
4.1898 2.8910 -2.4970 0.9776
4.0808 3.0376 -2.4954 0.9776
3.9595 3.1744 -2.4894 0.9776
3.7788 3.2590 -2.4477 0.9780
3.4310 3.4177 -2.3755 0.9787
3.2699 3.4999 -2.3495 0.9789
3.0105 3.7254 -2.3495 0.9789
2.5927 4.0274 -2.3495 0.9789
2.1448 4.2827 -2.3495 0.9789
1.9898 4.3569 -2.3495 0.9789
1.5100 4.5455 -2.3495 0.9789
1.3459 4.5968 -2.3495 0.9789
1.1801 4.6421 -2.3495 0.9789
0.6744 4.7421 -2.3495 0.9789
0.1608 4.7871 -2.3495 0.9789
-0.1871 4.8956 -2.4032 0.9784
-0.5554 5.0298 -2.4822 0.9777
-1.4557 4.8879 -2.5017 0.9775
-1.6302 4.8325 -2.5017 0.9775
-1.9726 4.7032 -2.5017 0.9775
-2.1401 4.6294 -2.5017 0.9775
-2.3048 4.5496 -2.5017 0.9775
-2.4666 4.4639 -2.5017 0.9775
-2.7804 4.2755 -2.5017 0.9775
-2.9320 4.1730 -2.5017 0.9775
-3.0799 4.0651 -2.5017 0.9775
-3.2238 3.9520 -2.5017 0.9775
-3.3635 3.8337 -2.5017 0.9775
-3.4989 3.7106 -2.5017 0.9775
-3.6298 3.5826 -2.5017 0.9775
-3.7561 3.4500 -2.5017 0.9775
-4.1051 3.0264 -2.5017 0.9775
-4.2111 2.8771 -2.5017 0.9775
-4.5794 2.2450 -2.5017 0.9775
-4.6570 2.0792 -2.5017 0.9775
-4.8535 1.5667 -2.5017 0.9775
-5.0277 0.8562 -2.5017 0.9775
-5.0552 0.6752 -2.5017 0.9775
-5.0906 0.3109 -2.5017 0.9775
-5.0985 0.1280 -2.5017 0.9775
-5.0394 -0.7842 -2.5017 0.9775
-4.9702 -1.1436 -2.5017 0.9775
-4.8185 -1.6711 -2.5017 0.9775
-4.7554 -1.8429 -2.5017 0.9775
-4.6862 -2.0124 -2.5017 0.9775
-4.6110 -2.1793 -2.5017 0.9775
-4.5298 -2.3433 -2.5017 0.9775
-4.4428 -2.5044 -2.5017 0.9775
-4.3501 -2.6622 -2.5017 0.9775
-4.2518 -2.8166 -2.5017 0.9775
-4.1480 -2.9673 -2.5017 0.9775
-3.9244 -3.2572 -2.5017 0.9775
-3.6807 -3.5303 -2.5017 0.9775
-3.5516 -3.6601 -2.5017 0.9775
-3.4180 -3.7852 -2.5017 0.9775
-3.1377 -4.0206 -2.5017 0.9775
-2.8413 -4.2353 -2.5017 0.9775
-2.3696 -4.5161 -2.5017 0.9775
-2.2061 -4.5982 -2.5017 0.9775
-2.0396 -4.6744 -2.5017 0.9775
-1.6991 -4.8087 -2.5017 0.9775
-1.5255 -4.8665 -2.5017 0.9775
-1.3498 -4.9181 -2.5017 0.9775
-0.9936 -5.0023 -2.5017 0.9775
-0.8135 -5.0347 -2.5017 0.9775
-0.4502 -5.0801 -2.5017 0.9775
-0.2677 -5.0930 -2.5017 0.9775
-0.0847 -5.0993 -2.5017 0.9775
0.0983 -5.0991 -2.5017 0.9775
0.4638 -5.0789 -2.5017 0.9775
0.3079 4.6873 -2.4369 0.9791
0.1411 4.7495 -2.4651 0.9788
-0.0298 4.8077 -2.4942 0.9786
-0.2024 4.8057 -2.4953 0.9786
-0.3749 4.7977 -2.4965 0.9785
-0.5471 4.7837 -2.4979 0.9785
-0.7188 4.7637 -2.4993 0.9785
-0.8898 4.7376 -2.5008 0.9785
-1.2278 4.6634 -2.5017 0.9785
-1.3944 4.6163 -2.5017 0.9785
-1.5591 4.5633 -2.5017 0.9785
-1.7219 4.5044 -2.5017 0.9785
-1.8824 4.4397 -2.5017 0.9785
-2.1960 4.2933 -2.5017 0.9785
-2.4983 4.1247 -2.5017 0.9785
-2.6447 4.0324 -2.5017 0.9785
-2.7877 3.9349 -2.5017 0.9785
-2.9271 3.8323 -2.5017 0.9785
-3.0627 3.7248 -2.5017 0.9785
-3.1944 3.6125 -2.5017 0.9785
-3.5641 3.2483 -2.5017 0.9785
-3.6784 3.1183 -2.5017 0.9785
-3.7879 2.9843 -2.5017 0.9785
-3.9922 2.7049 -2.5017 0.9785
-4.1760 2.4116 -2.5017 0.9785
-4.2598 2.2602 -2.5017 0.9785
-4.3382 2.1059 -2.5017 0.9785
-4.4110 1.9489 -2.5017 0.9785
-4.5394 1.6275 -2.5017 0.9785
-4.5948 1.4635 -2.5017 0.9785
-4.6880 1.1302 -2.5017 0.9785
-4.7570 0.7910 -2.5017 0.9785
-4.7823 0.6198 -2.5017 0.9785
-4.8015 0.4478 -2.5017 0.9785
-4.8218 -0.0708 -2.5017 0.9785
-4.8043 -0.4165 -2.5017 0.9785
-4.7620 -0.7600 -2.5017 0.9785
-4.6953 -1.0996 -2.5017 0.9785
-4.6528 -1.2673 -2.5017 0.9785
-4.4896 -1.7600 -2.5017 0.9785
-4.1033 -2.5332 -2.5017 0.9785
-3.9111 -2.8210 -2.5017 0.9785
-3.5853 -3.2249 -2.5017 0.9785
-3.3447 -3.4738 -2.5017 0.9785
-3.0869 -3.7047 -2.5017 0.9785
-2.9520 -3.8131 -2.5017 0.9785
-2.8133 -3.9166 -2.5017 0.9785
-2.6709 -4.0150 -2.5017 0.9785
-2.0690 -4.3559 -2.5017 0.9785
-1.7512 -4.4930 -2.5017 0.9785
-1.4245 -4.6071 -2.5017 0.9785
-0.9211 -4.7335 -2.5017 0.9785
-0.7506 -4.7635 -2.5017 0.9785
-0.5792 -4.7873 -2.5017 0.9785
-0.0614 -4.8219 -2.5017 0.9785
0.1117 -4.8209 -2.5017 0.9785
0.4572 -4.8005 -2.5017 0.9785
0.6292 -4.7810 -2.5017 0.9785
1.1394 -4.6857 -2.5017 0.9785
1.6363 -4.5361 -2.5017 0.9785
1.7981 -4.4745 -2.5017 0.9785
2.1144 -4.3340 -2.5017 0.9785
2.5679 -4.0817 -2.5017 0.9785
2.8540 -3.8870 -2.5017 0.9785
2.9917 -3.7820 -2.5017 0.9785
3.1255 -3.6722 -2.5017 0.9785
3.3808 -3.4386 -2.5017 0.9785
3.9403 -2.7799 -2.5017 0.9785
4.0375 -2.6367 -2.5017 0.9785
4.1295 -2.4901 -2.5017 0.9785
4.2162 -2.3404 -2.5017 0.9785
2.3951 -1.1128 -1.3701 0.9882
2.4576 -0.8343 -1.3464 0.9884
2.5085 -0.7523 -1.3586 0.9883
2.6157 -0.5838 -1.3904 0.9880
2.6768 -0.4973 -1.4124 0.9878
4.7697 -0.7102 -2.5017 0.9785
4.7921 -0.5386 -2.5017 0.9785
4.8184 -0.1935 -2.5017 0.9785
4.8222 -0.0204 -2.5017 0.9785
4.8198 0.1526 -2.5017 0.9785
4.8112 0.3255 -2.5017 0.9785
4.7965 0.4979 -2.5017 0.9785
4.7484 0.8407 -2.5017 0.9785
4.7152 1.0105 -2.5017 0.9785
4.6759 1.1791 -2.5017 0.9785
4.6305 1.3461 -2.5017 0.9785
4.3903 1.9948 -2.5017 0.9785
4.3159 2.1511 -2.5017 0.9785
4.2359 2.3046 -2.5017 0.9785
4.0597 2.6024 -2.5017 0.9785
3.9622 2.7454 -2.5007 0.9785
3.8589 2.8841 -2.4992 0.9785
3.5210 3.2770 -2.4953 0.9786
3.3996 3.3996 -2.4942 0.9786
3.0753 3.5519 -2.4373 0.9791
2.7590 3.6915 -2.3909 0.9794
2.6045 3.7589 -2.3724 0.9796
2.1643 3.9783 -2.3495 0.9798
1.8734 4.1233 -2.3495 0.9798
1.7242 4.1878 -2.3495 0.9798
1.5728 4.2470 -2.3495 0.9798
1.4194 4.3007 -2.3495 0.9798
0.6397 4.5616 -2.3896 0.9795
0.3168 4.6839 -2.4355 0.9791
0.1502 4.7461 -2.4634 0.9788
-0.0204 4.8076 -2.4941 0.9786
-0.1930 4.8060 -2.4952 0.9786
-0.3655 4.7983 -2.4965 0.9785
-0.5378 4.7846 -2.4978 0.9785
-0.7095 4.7649 -2.4992 0.9785
-0.8806 4.7392 -2.5007 0.9785
-1.0505 4.7065 -2.5017 0.9785
-1.2187 4.6657 -2.5017 0.9785
-1.5502 4.5663 -2.5017 0.9785
-1.8738 4.4434 -2.5017 0.9785
-2.6368 4.0375 -2.5017 0.9785
-2.9196 3.8380 -2.5017 0.9785
-3.0555 3.7308 -2.5017 0.9785
-3.3152 3.5020 -2.5017 0.9785
-3.4387 3.3808 -2.5017 0.9785
-3.6723 3.1255 -2.5017 0.9785
-4.0817 2.5679 -2.5017 0.9785
-4.1713 2.4197 -2.5017 0.9785
-4.2554 2.2685 -2.5017 0.9785
-4.4072 1.9574 -2.5017 0.9785
-4.5362 1.6363 -2.5017 0.9785
-4.5920 1.4724 -2.5017 0.9785
-4.6419 1.3067 -2.5017 0.9785
-4.7554 0.8003 -2.5017 0.9785
-4.8139 0.2846 -2.5017 0.9785
-4.8210 0.1117 -2.5017 0.9785
-4.8051 -0.4071 -2.5017 0.9785
-4.7874 -0.5793 -2.5017 0.9785
-4.7635 -0.7507 -2.5017 0.9785
-4.6974 -1.0904 -2.5017 0.9785
-4.6552 -1.2583 -2.5017 0.9785
-4.6071 -1.4245 -2.5017 0.9785
-4.4930 -1.7513 -2.5017 0.9785
-4.4273 -1.9114 -2.5017 0.9785
-4.2788 -2.2240 -2.5017 0.9785
-4.1962 -2.3761 -2.5017 0.9785
-4.1083 -2.5252 -2.5017 0.9785
-4.0150 -2.6710 -2.5017 0.9785
-3.9166 -2.8133 -2.5017 0.9785
-3.8131 -2.9521 -2.5017 0.9785
-3.7047 -3.0870 -2.5017 0.9785
-3.3515 -3.4673 -2.5017 0.9785
-3.0941 -3.6987 -2.5017 0.9785
-2.9594 -3.8074 -2.5017 0.9785
-2.6787 -4.0098 -2.5017 0.9785
-2.5331 -4.1034 -2.5017 0.9785
-1.7600 -4.4896 -2.5017 0.9785
-1.4334 -4.6043 -2.5017 0.9785
-1.0995 -4.6952 -2.5017 0.9785
-0.9303 -4.7317 -2.5017 0.9785
-0.7599 -4.7620 -2.5017 0.9785
-0.4164 -4.8042 -2.5017 0.9785
-0.2437 -4.8161 -2.5017 0.9785
-0.0707 -4.8217 -2.5017 0.9785
0.1023 -4.8212 -2.5017 0.9785
0.2753 -4.8144 -2.5017 0.9785
0.7911 -4.7569 -2.5017 0.9785
1.1302 -4.6879 -2.5017 0.9785
1.2977 -4.6443 -2.5017 0.9785
1.6275 -4.5393 -2.5017 0.9785
1.7893 -4.4780 -2.5017 0.9785
1.9489 -4.4109 -2.5017 0.9785
2.4116 -4.1759 -2.5017 0.9785
2.7049 -3.9921 -2.5017 0.9785
3.1183 -3.6783 -2.5017 0.9785
3.3741 -3.4452 -2.5017 0.9785
3.4956 -3.3219 -2.5017 0.9785
3.6125 -3.1943 -2.5017 0.9785
4.0324 -2.6446 -2.5017 0.9785
4.2117 -2.3485 -2.5017 0.9785
2.4549 -0.8387 -1.3458 0.9884
2.5057 -0.7568 -1.3579 0.9883
2.6121 -0.5883 -1.3891 0.9880
2.8264 -0.4265 -1.4829 0.9872
4.7910 -0.5479 -2.5017 0.9785
4.8076 -0.3756 -2.5017 0.9785
4.8221 -0.0298 -2.5017 0.9785
4.8201 0.1433 -2.5017 0.9785
4.7974 0.4886 -2.5017 0.9785
4.7171 1.0014 -2.5017 0.9785
4.6782 1.1700 -2.5017 0.9785
4.5822 1.5025 -2.5017 0.9785
4.3942 1.9863 -2.5017 0.9785
4.3201 2.1427 -2.5017 0.9785
4.1553 2.4470 -2.5017 0.9785
4.0648 2.5945 -2.5017 0.9785
3.7568 3.0118 -2.4979 0.9785
3.6443 3.1431 -2.4966 0.9785
3.2469 3.4752 -2.4673 0.9788
2.7674 3.6878 -2.3919 0.9794
2.6128 3.7553 -2.3733 0.9796
2.3132 3.8935 -2.3495 0.9798
2.1720 3.9741 -2.3495 0.9798
1.8814 4.1196 -2.3495 0.9798
1.4278 4.2979 -2.3495 0.9798
1.1158 4.3893 -2.3495 0.9798
0.9603 4.4387 -2.3560 0.9797
0.6482 4.5583 -2.3885 0.9795
0.4885 4.6191 -2.4097 0.9793
0.1594 4.7428 -2.4618 0.9788
-0.0111 4.8059 -2.4932 0.9786
-0.1837 4.8062 -2.4952 0.9786
-0.3562 4.7989 -2.4964 0.9785
-0.5285 4.7855 -2.4977 0.9785
-0.7002 4.7661 -2.4991 0.9785
-1.2097 4.6681 -2.5017 0.9785
-1.5414 4.5693 -2.5017 0.9785
-1.7043 4.5111 -2.5017 0.9785
-2.0235 4.3772 -2.5017 0.9785
-2.1793 4.3018 -2.5017 0.9785
-2.7723 3.9457 -2.5017 0.9785
-3.3084 3.5085 -2.5017 0.9785
-3.5515 3.2621 -2.5017 0.9785
-3.6663 3.1326 -2.5017 0.9785
-4.2510 2.2768 -2.5017 0.9785
-4.4710 1.8067 -2.5017 0.9785
-4.5330 1.6451 -2.5017 0.9785
-4.5891 1.4814 -2.5017 0.9785
-4.6393 1.3157 -2.5017 0.9785
-4.6836 1.1484 -2.5017 0.9785
-4.7217 0.9796 -2.5017 0.9785
-4.7539 0.8095 -2.5017 0.9785
-4.7798 0.6384 -2.5017 0.9785
-4.7997 0.4665 -2.5017 0.9785
-4.8133 0.2939 -2.5017 0.9785
-4.8208 0.1210 -2.5017 0.9785
-4.7885 -0.5700 -2.5017 0.9785
-4.7649 -0.7414 -2.5017 0.9785
-4.6577 -1.2492 -2.5017 0.9785
-4.4964 -1.7426 -2.5017 0.9785
-4.4310 -1.9028 -2.5017 0.9785
-4.3599 -2.0606 -2.5017 0.9785
-4.2831 -2.2157 -2.5017 0.9785
-4.2008 -2.3680 -2.5017 0.9785
-4.0202 -2.6632 -2.5017 0.9785
-3.9220 -2.8057 -2.5017 0.9785
-3.8188 -2.9446 -2.5017 0.9785
-3.5978 -3.2110 -2.5017 0.9785
-3.2318 -3.5790 -2.5017 0.9785
-2.9668 -3.8016 -2.5017 0.9785
-2.6865 -4.0046 -2.5017 0.9785
-2.5411 -4.0984 -2.5017 0.9785
-2.3924 -4.1870 -2.5017 0.9785
-2.2406 -4.2701 -2.5017 0.9785
-1.4424 -4.6015 -2.5017 0.9785
-1.2763 -4.6503 -2.5017 0.9785
-1.1086 -4.6931 -2.5017 0.9785
-0.7691 -4.7605 -2.5017 0.9785
-0.4257 -4.8034 -2.5017 0.9785
-0.2531 -4.8156 -2.5017 0.9785
0.0930 -4.8213 -2.5017 0.9785
0.2659 -4.8149 -2.5017 0.9785
0.4385 -4.8023 -2.5017 0.9785
0.7818 -4.7584 -2.5017 0.9785
0.2987 4.5477 -2.4961 0.9794
-0.1920 4.5589 -2.4991 0.9794
-0.3556 4.5512 -2.5003 0.9794
-0.6815 4.5165 -2.5017 0.9794
-1.3207 4.3725 -2.5017 0.9794
-1.4768 4.3223 -2.5017 0.9794
-1.7830 4.2053 -2.5017 0.9794
-1.9328 4.1386 -2.5017 0.9794
-2.3663 3.9069 -2.5017 0.9794
-2.5050 3.8195 -2.5017 0.9794
-2.6405 3.7271 -2.5017 0.9794
-2.7725 3.6299 -2.5017 0.9794
-2.9010 3.5281 -2.5017 0.9794
-3.0257 3.4217 -2.5017 0.9794
-3.1466 3.3110 -2.5017 0.9794
-3.4842 2.9536 -2.5017 0.9794
-3.5879 2.8267 -2.5017 0.9794
-3.6870 2.6961 -2.5017 0.9794
-3.7814 2.5621 -2.5017 0.9794
-3.9554 2.2843 -2.5017 0.9794
-4.0349 2.1408 -2.5017 0.9794
-4.2416 1.6948 -2.5017 0.9794
-4.2996 1.5415 -2.5017 0.9794
-4.3522 1.3862 -2.5017 0.9794
-4.4760 0.9105 -2.5017 0.9794
-4.5058 0.7493 -2.5017 0.9794
-4.5479 0.4242 -2.5017 0.9794
-4.5602 0.2607 -2.5017 0.9794
-4.5666 0.0969 -2.5017 0.9794
-4.5506 -0.3945 -2.5017 0.9794
-4.4818 -0.8812 -2.5017 0.9794
-4.4071 -1.2004 -2.5017 0.9794
-4.3611 -1.3578 -2.5017 0.9794
-4.3096 -1.5134 -2.5017 0.9794
-4.2525 -1.6671 -2.5017 0.9794
-4.1900 -1.8186 -2.5017 0.9794
-4.1220 -1.9678 -2.5017 0.9794
-3.9702 -2.2584 -2.5017 0.9794
-3.7980 -2.5373 -2.5017 0.9794
-3.7045 -2.6720 -2.5017 0.9794
-3.6063 -2.8032 -2.5017 0.9794
-3.3959 -3.0546 -2.5017 0.9794
-3.2841 -3.1745 -2.5017 0.9794
-3.1681 -3.2903 -2.5017 0.9794
-2.7961 -3.6117 -2.5017 0.9794
-2.6647 -3.7098 -2.5017 0.9794
-1.9597 -4.1258 -2.5017 0.9794
-1.8104 -4.1935 -2.5017 0.9794
-1.5050 -4.3125 -2.5017 0.9794
-1.3492 -4.3638 -2.5017 0.9794
-1.1918 -4.4094 -2.5017 0.9794
-1.0328 -4.4493 -2.5017 0.9794
-0.2220 -4.5622 -2.5017 0.9794
-0.0581 -4.5672 -2.5017 0.9794
0.2696 -4.5596 -2.5017 0.9794
0.4331 -4.5470 -2.5017 0.9794
0.5960 -4.5285 -2.5017 0.9794
0.7581 -4.5042 -2.5017 0.9794
1.2378 -4.3967 -2.5017 0.9794
1.5499 -4.2966 -2.5017 0.9794
1.7031 -4.2382 -2.5017 0.9794
1.8541 -4.1743 -2.5017 0.9794
2.0027 -4.1051 -2.5017 0.9794
2.1487 -4.0306 -2.5017 0.9794
2.2920 -3.9509 -2.5017 0.9794
2.4323 -3.8661 -2.5017 0.9794
2.8337 -3.5823 -2.5017 0.9794
2.9604 -3.4783 -2.5017 0.9794
3.0833 -3.3698 -2.5017 0.9794
3.2023 -3.2570 -2.5017 0.9794
3.5337 -2.8940 -2.5017 0.9794
3.6353 -2.7654 -2.5017 0.9794
3.7322 -2.6331 -2.5017 0.9794
3.9115 -2.3586 -2.5017 0.9794
2.3799 -1.1058 -1.4373 0.9881
2.4466 -0.8306 -1.4151 0.9883
4.5390 -0.5101 -2.5017 0.9794
4.5639 -0.1832 -2.5017 0.9794
4.5675 -0.0193 -2.5017 0.9794
4.5572 0.3083 -2.5017 0.9794
4.5432 0.4716 -2.5017 0.9794
4.4976 0.7963 -2.5017 0.9794
4.4289 1.1168 -2.5017 0.9794
4.2833 1.5863 -2.5017 0.9794
4.0122 2.1829 -2.5017 0.9794
3.8453 2.4650 -2.5017 0.9794
3.7544 2.6014 -2.5017 0.9794
3.5580 2.8638 -2.5015 0.9794
3.4512 2.9882 -2.5003 0.9794
3.2250 3.2251 -2.4980 0.9794
2.9832 3.4455 -2.4962 0.9794
2.8567 3.5492 -2.4953 0.9794
2.7267 3.6484 -2.4946 0.9794
2.5915 3.7402 -2.4922 0.9795
2.4397 3.8060 -2.4761 0.9796
1.9919 3.9966 -2.4458 0.9798
1.6961 4.1196 -2.4401 0.9799
1.3996 4.2407 -2.4459 0.9798
1.2501 4.3003 -2.4528 0.9798
1.0993 4.3598 -2.4626 0.9797
0.9470 4.4192 -2.4754 0.9796
0.3076 4.5470 -2.4961 0.9794
0.1442 4.5568 -2.4970 0.9794
-0.0194 4.5608 -2.4980 0.9794
-0.1831 4.5591 -2.4991 0.9794
-0.9950 4.4579 -2.5017 0.9794
-1.1544 4.4194 -2.5017 0.9794
-1.3122 4.3751 -2.5017 0.9794
-1.4684 4.3252 -2.5017 0.9794
-1.9247 4.1423 -2.5017 0.9794
-2.0721 4.0706 -2.5017 0.9794
-2.2168 3.9936 -2.5017 0.9794
-2.3587 3.9115 -2.5017 0.9794
-2.4976 3.8243 -2.5017 0.9794
-2.7654 3.6353 -2.5017 0.9794
-3.2571 3.2023 -2.5017 0.9794
-3.3699 3.0833 -2.5017 0.9794
-3.5824 2.8337 -2.5017 0.9794
-3.6818 2.7033 -2.5017 0.9794
-3.7764 2.5694 -2.5017 0.9794
-3.8662 2.4323 -2.5017 0.9794
-4.0307 2.1487 -2.5017 0.9794
-4.1744 1.8541 -2.5017 0.9794
-4.2383 1.7031 -2.5017 0.9794
-4.2966 1.5499 -2.5017 0.9794
-4.3495 1.3947 -2.5017 0.9794
-4.3967 1.2377 -2.5017 0.9794
-4.4742 0.9192 -2.5017 0.9794
-4.5286 0.5959 -2.5017 0.9794
-4.5597 0.2696 -2.5017 0.9794
-4.5664 0.1058 -2.5017 0.9794
-4.5513 -0.3856 -2.5017 0.9794
-4.5345 -0.5487 -2.5017 0.9794
-4.3125 -1.5050 -2.5017 0.9794
-4.1258 -1.9598 -2.5017 0.9794
-4.0528 -2.1066 -2.5017 0.9794
-3.9746 -2.2506 -2.5017 0.9794
-3.8913 -2.3918 -2.5017 0.9794
-3.7097 -2.6648 -2.5017 0.9794
-3.4019 -3.0480 -2.5017 0.9794
-3.2903 -3.1681 -2.5017 0.9794
-2.8031 -3.6063 -2.5017 0.9794
-2.6719 -3.7046 -2.5017 0.9794
-2.2583 -3.9703 -2.5017 0.9794
-1.8185 -4.1900 -2.5017 0.9794
-1.5133 -4.3096 -2.5017 0.9794
-0.8812 -4.4818 -2.5017 0.9794
-0.7198 -4.5105 -2.5017 0.9794
-0.5574 -4.5334 -2.5017 0.9794
0.0969 -4.5665 -2.5017 0.9794
0.4242 -4.5478 -2.5017 0.9794
0.7493 -4.5057 -2.5017 0.9794
1.2292 -4.3991 -2.5017 0.9794
1.3863 -4.3521 -2.5017 0.9794
1.6949 -4.2415 -2.5017 0.9794
1.9947 -4.1090 -2.5017 0.9794
2.1409 -4.0348 -2.5017 0.9794
2.2843 -3.9553 -2.5017 0.9794
2.4247 -3.8708 -2.5017 0.9794
2.5621 -3.7813 -2.5017 0.9794
2.6961 -3.6869 -2.5017 0.9794
3.3110 -3.1465 -2.5017 0.9794
3.4217 -3.0256 -2.5017 0.9794
3.7271 -2.6404 -2.5017 0.9794
3.9893 -2.2245 -2.5017 0.9794
4.0665 -2.0799 -2.5017 0.9794
2.3871 -1.0121 -1.4201 0.9882
2.4007 -0.9177 -1.4077 0.9883
2.5526 -0.6720 -1.4457 0.9880
2.5848 -0.5822 -1.4512 0.9880
2.6312 -0.4942 -1.4663 0.9879
2.7697 -0.4179 -1.5342 0.9873
4.5537 -0.3558 -2.5017 0.9794
4.5635 -0.1921 -2.5017 0.9794
4.5656 0.1357 -2.5017 0.9794
4.5441 0.4628 -2.5017 0.9794
4.4680 0.9485 -2.5017 0.9794
4.4311 1.1082 -2.5017 0.9794
4.3402 1.4232 -2.5017 0.9794
4.2270 1.7308 -2.5017 0.9794
4.1621 1.8814 -2.5017 0.9794
3.9358 2.3178 -2.5017 0.9794
3.5636 2.8570 -2.5016 0.9794
2.9899 3.4398 -2.4962 0.9794
2.7338 3.6431 -2.4947 0.9794
2.4479 3.8025 -2.4769 0.9796
1.7041 4.1163 -2.4401 0.9799
1.5562 4.1771 -2.4414 0.9799
1.2582 4.2971 -2.4524 0.9798
0.9553 4.4160 -2.4746 0.9796
0.6413 4.5092 -2.4946 0.9794
0.4792 4.5306 -2.4953 0.9794
0.3164 4.5463 -2.4961 0.9794
0.1531 4.5564 -2.4969 0.9794
-0.0105 4.5607 -2.4979 0.9794
-0.1742 4.5593 -2.4990 0.9794
-0.5013 4.5395 -2.5014 0.9794
-0.6640 4.5191 -2.5017 0.9794
-0.8257 4.4924 -2.5017 0.9794
-1.1458 4.4216 -2.5017 0.9794
-1.6143 4.2728 -2.5017 0.9794
-1.9166 4.1461 -2.5017 0.9794
-2.0642 4.0746 -2.5017 0.9794
-2.4901 3.8292 -2.5017 0.9794
-2.8872 3.5394 -2.5017 0.9794
-3.1337 3.3232 -2.5017 0.9794
-3.2509 3.2086 -2.5017 0.9794
-3.4726 2.9671 -2.5017 0.9794
-3.5769 2.8406 -2.5017 0.9794
-3.6765 2.7104 -2.5017 0.9794
-3.7714 2.5768 -2.5017 0.9794
-3.8615 2.4398 -2.5017 0.9794
-4.1708 1.8622 -2.5017 0.9794
-4.2349 1.7113 -2.5017 0.9794
-4.2936 1.5582 -2.5017 0.9794
-4.3943 1.2463 -2.5017 0.9794
-4.4362 1.0878 -2.5017 0.9794
-4.4724 0.9279 -2.5017 0.9794
-4.5462 0.4419 -2.5017 0.9794
-4.5591 0.2784 -2.5017 0.9794
-4.5674 -0.0493 -2.5017 0.9794
-4.5626 -0.2132 -2.5017 0.9794
-4.4852 -0.8638 -2.5017 0.9794
-4.3664 -1.3408 -2.5017 0.9794
-4.3155 -1.4966 -2.5017 0.9794
-4.2590 -1.6505 -2.5017 0.9794
-4.1970 -1.8023 -2.5017 0.9794
-4.0569 -2.0987 -2.5017 0.9794
-3.9790 -2.2429 -2.5017 0.9794
-3.8959 -2.3843 -2.5017 0.9794
-3.8079 -2.5225 -2.5017 0.9794
-3.6171 -2.7891 -2.5017 0.9794
-3.5147 -2.9172 -2.5017 0.9794
-3.4078 -3.0414 -2.5017 0.9794
-3.1809 -3.2780 -2.5017 0.9794
-2.9375 -3.4977 -2.5017 0.9794
-2.8101 -3.6008 -2.5017 0.9794
-2.6791 -3.6994 -2.5017 0.9794
-2.2660 -3.9659 -2.5017 0.9794
-1.9757 -4.1182 -2.5017 0.9794
-1.6753 -4.2493 -2.5017 0.9794
-1.0501 -4.4452 -2.5017 0.9794
-0.7285 -4.5091 -2.5017 0.9794
-0.5662 -4.5324 -2.5017 0.9794
-0.4032 -4.5498 -2.5017 0.9794
-0.0759 -4.5669 -2.5017 0.9794
0.2519 -4.5606 -2.5017 0.9794
0.5783 -4.5308 -2.5017 0.9794
0.2838 4.3205 -2.4998 0.9802
-0.0268 4.3328 -2.5016 0.9802
-0.4924 4.3050 -2.5017 0.9802
-0.6465 4.2846 -2.5017 0.9802
-0.7999 4.2586 -2.5017 0.9802
-0.9522 4.2272 -2.5017 0.9802
-1.1032 4.1903 -2.5017 0.9802
-1.2529 4.1480 -2.5017 0.9802
-1.5472 4.0474 -2.5017 0.9802
-1.6914 3.9893 -2.5017 0.9802
-1.9732 3.8577 -2.5017 0.9802
-2.6301 3.4435 -2.5017 0.9802
-2.8703 3.2460 -2.5017 0.9802
-3.4977 2.5577 -2.5017 0.9802
-3.5872 2.4305 -2.5017 0.9802
-3.6721 2.3002 -2.5017 0.9802
-3.8277 2.0309 -2.5017 0.9802
-4.0789 1.4624 -2.5017 0.9802
-4.2124 1.0155 -2.5017 0.9802
-4.2461 0.8637 -2.5017 0.9802
-4.3144 0.4024 -2.5017 0.9802
-4.3260 0.2473 -2.5017 0.9802
-4.3321 0.0919 -2.5017 0.9802
-4.3275 -0.2190 -2.5017 0.9802
-4.3169 -0.3742 -2.5017 0.9802
-4.3007 -0.5289 -2.5017 0.9802
-4.2789 -0.6829 -2.5017 0.9802
-4.2517 -0.8360 -2.5017 0.9802
-4.1372 -1.2881 -2.5017 0.9802
-4.0342 -1.5815 -2.5017 0.9802
-3.9748 -1.7252 -2.5017 0.9802
-3.9103 -1.8667 -2.5017 0.9802
-3.8408 -2.0059 -2.5017 0.9802
-3.6871 -2.2762 -2.5017 0.9802
-3.6030 -2.4070 -2.5017 0.9802
-3.5143 -2.5348 -2.5017 0.9802
-3.3235 -2.7803 -2.5017 0.9802
-3.2215 -2.8978 -2.5017 0.9802
-3.0054 -3.1214 -2.5017 0.9802
-2.8915 -3.2272 -2.5017 0.9802
-2.4000 -3.6077 -2.5017 0.9802
-2.2690 -3.6915 -2.5017 0.9802
-2.1350 -3.7705 -2.5017 0.9802
-1.7174 -3.9782 -2.5017 0.9802
-1.5736 -4.0372 -2.5017 0.9802
-1.1306 -4.1829 -2.5017 0.9802
-0.5204 -4.3017 -2.5017 0.9802
-0.2106 -4.3279 -2.5017 0.9802
-0.0551 -4.3327 -2.5017 0.9802
0.1004 -4.3319 -2.5017 0.9802
0.2558 -4.3255 -2.5017 0.9802
0.4108 -4.3135 -2.5017 0.9802
0.7192 -4.2729 -2.5017 0.9802
0.8720 -4.2444 -2.5017 0.9802
1.3231 -4.1261 -2.5017 0.9802
1.4703 -4.0759 -2.5017 0.9802
1.7589 -3.9600 -2.5017 0.9802
1.8999 -3.8943 -2.5017 0.9802
2.0384 -3.8236 -2.5017 0.9802
2.3074 -3.6676 -2.5017 0.9802
2.6882 -3.3984 -2.5017 0.9802
2.8084 -3.2997 -2.5017 0.9802
3.0378 -3.0898 -2.5017 0.9802
3.4487 -2.6233 -2.5017 0.9802
3.7885 -2.1029 -2.5017 0.9802
2.3922 -1.1115 -1.5229 0.9879
2.6090 -0.4847 -1.5321 0.9878
4.2858 -0.6381 -2.5017 0.9802
4.3059 -0.4839 -2.5017 0.9802
4.3295 -0.1738 -2.5017 0.9802
4.3309 0.1371 -2.5017 0.9802
4.3232 0.2925 -2.5017 0.9802
4.3099 0.4474 -2.5017 0.9802
4.2667 0.7554 -2.5017 0.9802
4.2368 0.9080 -2.5017 0.9802
4.1608 1.2096 -2.5017 0.9802
4.0067 1.6497 -2.5017 0.9802
3.9449 1.7924 -2.5017 0.9802
3.8781 1.9328 -2.5017 0.9802
3.8062 2.0708 -2.5017 0.9802
3.6479 2.3384 -2.5017 0.9802
3.5616 2.4678 -2.5017 0.9802
3.1719 2.9520 -2.5017 0.9802
3.0638 3.0639 -2.5016 0.9802
2.5906 3.4662 -2.4984 0.9802
2.4639 3.5561 -2.4978 0.9802
2.3343 3.6415 -2.4973 0.9802
2.2017 3.7223 -2.4969 0.9802
2.0665 3.7984 -2.4965 0.9802
1.9286 3.8698 -2.4963 0.9802
1.5015 4.0544 -2.4962 0.9802
1.3551 4.1059 -2.4963 0.9802
1.2070 4.1523 -2.4965 0.9802
0.9063 4.2294 -2.4973 0.9802
0.7541 4.2600 -2.4978 0.9802
0.4469 4.3053 -2.4990 0.9802
-0.0184 4.3328 -2.5016 0.9802
-0.4840 4.3060 -2.5017 0.9802
-0.6382 4.2858 -2.5017 0.9802
-0.9439 4.2290 -2.5017 0.9802
-1.0951 4.1924 -2.5017 0.9802
-1.3930 4.1031 -2.5017 0.9802
-1.5393 4.0504 -2.5017 0.9802
-1.6837 3.9926 -2.5017 0.9802
-2.1030 3.7885 -2.5017 0.9802
-2.3693 3.6279 -2.5017 0.9802
-2.6234 3.4487 -2.5017 0.9802
-2.7455 3.3523 -2.5017 0.9802
-2.8640 3.2516 -2.5017 0.9802
-2.9789 3.1467 -2.5017 0.9802
-3.0899 3.0378 -2.5017 0.9802
-3.1969 2.9250 -2.5017 0.9802
-3.2998 2.8084 -2.5017 0.9802
-3.5825 2.4375 -2.5017 0.9802
-3.6677 2.3074 -2.5017 0.9802
-3.8944 1.8998 -2.5017 0.9802
-4.0760 1.4703 -2.5017 0.9802
-4.1710 1.1742 -2.5017 0.9802
-4.2104 1.0237 -2.5017 0.9802
-4.2960 0.5653 -2.5017 0.9802
-4.3136 0.4108 -2.5017 0.9802
-4.3255 0.2557 -2.5017 0.9802
-4.3319 0.1003 -2.5017 0.9802
-4.3327 -0.0552 -2.5017 0.9802
-4.3280 -0.2106 -2.5017 0.9802
-4.3176 -0.3658 -2.5017 0.9802
-4.3017 -0.5205 -2.5017 0.9802
-4.2802 -0.6745 -2.5017 0.9802
-4.2533 -0.8277 -2.5017 0.9802
-4.2208 -0.9798 -2.5017 0.9802
-4.1830 -1.1306 -2.5017 0.9802
-4.1397 -1.2800 -2.5017 0.9802
-4.0911 -1.4277 -2.5017 0.9802
-4.0372 -1.5736 -2.5017 0.9802
-3.9782 -1.7175 -2.5017 0.9802
-3.9140 -1.8591 -2.5017 0.9802
-3.6915 -2.2690 -2.5017 0.9802
-3.6077 -2.4000 -2.5017 0.9802
-3.5192 -2.5279 -2.5017 0.9802
-3.3288 -2.7738 -2.5017 0.9802
-3.2272 -2.8915 -2.5017 0.9802
-3.1213 -3.0054 -2.5017 0.9802
-2.7803 -3.3235 -2.5017 0.9802
-2.5347 -3.5143 -2.5017 0.9802
-2.2761 -3.6871 -2.5017 0.9802
-2.1423 -3.7664 -2.5017 0.9802
-1.7252 -3.9748 -2.5017 0.9802
-1.5814 -4.0342 -2.5017 0.9802
-1.4356 -4.0883 -2.5017 0.9802
-1.2880 -4.1372 -2.5017 0.9802
-0.9879 -4.2189 -2.5017 0.9802
-0.8359 -4.2516 -2.5017 0.9802
-0.6828 -4.2789 -2.5017 0.9802
-0.0636 -4.3326 -2.5017 0.9802
0.4024 -4.3143 -2.5017 0.9802
0.5570 -4.2971 -2.5017 0.9802
0.8638 -4.2461 -2.5017 0.9802
1.0156 -4.2123 -2.5017 0.9802
1.1661 -4.1732 -2.5017 0.9802
1.3151 -4.1286 -2.5017 0.9802
1.7512 -3.9634 -2.5017 0.9802
1.8923 -3.8980 -2.5017 0.9802
2.0309 -3.8276 -2.5017 0.9802
2.1670 -3.7522 -2.5017 0.9802
2.6816 -3.4036 -2.5017 0.9802
2.8020 -3.3052 -2.5017 0.9802
2.9188 -3.2025 -2.5017 0.9802
3.0318 -3.0957 -2.5017 0.9802
3.3469 -2.7519 -2.5017 0.9802
3.4435 -2.6300 -2.5017 0.9802
3.6233 -2.3763 -2.5017 0.9802
3.7062 -2.2447 -2.5017 0.9802
2.4077 -0.9203 -1.4882 0.9882
2.6051 -0.4893 -1.5304 0.9878
4.3050 -0.4923 -2.5017 0.9802
4.3292 -0.1823 -2.5017 0.9802
4.3330 -0.0268 -2.5017 0.9802
4.3107 0.4390 -2.5017 0.9802
4.2681 0.7471 -2.5017 0.9802
4.2036 1.0513 -2.5017 0.9802
4.0662 1.4970 -2.5017 0.9802
3.9484 1.7848 -2.5017 0.9802
3.8818 1.9253 -2.5017 0.9802
3.6524 2.3313 -2.5017 0.9802
3.5664 2.4609 -2.5017 0.9802
3.4758 2.5873 -2.5017 0.9802
3.3807 2.7104 -2.5017 0.9802
3.2813 2.8299 -2.5017 0.9802
3.0698 3.0580 -2.5017 0.9802
2.8405 3.2679 -2.4999 0.9802
2.7206 3.3667 -2.4991 0.9802
2.2090 3.7180 -2.4969 0.9802
1.2151 4.1499 -2.4965 0.9802
0.9146 4.2275 -2.4972 0.9802
0.6092 4.2841 -2.4983 0.9802
0.4552 4.3043 -2.4990 0.9802
-0.1655 4.3299 -2.5017 0.9802
-0.3207 4.3212 -2.5017 0.9802
-0.6299 4.2871 -2.5017 0.9802
-1.0869 4.1945 -2.5017 0.9802
-1.2368 4.1528 -2.5017 0.9802
-1.5314 4.0534 -2.5017 0.9802
-1.6759 3.9959 -2.5017 0.9802
-1.8182 3.9332 -2.5017 0.9802
-2.0956 3.7926 -2.5017 0.9802
-2.3623 3.6325 -2.5017 0.9802
-2.6167 3.4537 -2.5017 0.9802
-2.8577 3.2572 -2.5017 0.9802
-3.0840 3.0438 -2.5017 0.9802
-3.3932 2.6948 -2.5017 0.9802
-3.4877 2.5713 -2.5017 0.9802
-3.6632 2.3145 -2.5017 0.9802
-3.8197 2.0458 -2.5017 0.9802
-3.8907 1.9074 -2.5017 0.9802
-4.0175 1.6234 -2.5017 0.9802
-4.2427 0.8802 -2.5017 0.9802
-4.2949 0.5737 -2.5017 0.9802
-4.3128 0.4192 -2.5017 0.9802
-4.3250 0.2641 -2.5017 0.9802
-4.3317 0.1088 -2.5017 0.9802
-4.3284 -0.2022 -2.5017 0.9802
-4.3183 -0.3574 -2.5017 0.9802
-4.2227 -0.9716 -2.5017 0.9802
-4.1852 -1.1225 -2.5017 0.9802
-4.1422 -1.2720 -2.5017 0.9802
-4.0403 -1.5658 -2.5017 0.9802
-3.9815 -1.7098 -2.5017 0.9802
-3.7747 -2.1277 -2.5017 0.9802
-3.6959 -2.2618 -2.5017 0.9802
-3.6123 -2.3930 -2.5017 0.9802
-3.1272 -2.9994 -2.5017 0.9802
-2.6658 -3.4159 -2.5017 0.9802
-2.5416 -3.5094 -2.5017 0.9802
-2.1497 -3.7622 -2.5017 0.9802
-1.8743 -3.9067 -2.5017 0.9802
-1.7329 -3.9715 -2.5017 0.9802
-1.5893 -4.0311 -2.5017 0.9802
-1.4436 -4.0855 -2.5017 0.9802
-0.9961 -4.2170 -2.5017 0.9802
-0.8442 -4.2500 -2.5017 0.9802
-0.6911 -4.2776 -2.5017 0.9802
-0.5372 -4.2996 -2.5017 0.9802
-0.2274 -4.3271 -2.5017 0.9802
-0.0720 -4.3324 -2.5017 0.9802
0.0835 -4.3322 -2.5017 0.9802
0.5486 -4.2982 -2.5017 0.9802
0.7025 -4.2757 -2.5017 0.9802
