ply
format ascii 1.0
element vertex 10564
property float32 x
property float32 y
property float32 z
property float32 I
end_header
-22.4962 -8.4429 4.2368 0.9070
-41.8097 -17.4282 7.9870 0.8320
-39.7817 -18.2855 7.7201 0.8371
-38.1370 -19.2167 7.5300 0.8408
-36.1079 -19.8505 7.2655 0.8459
-33.1356 -21.4481 6.9599 0.8519
-32.2884 -30.3208 7.8101 0.8353
-33.9760 -34.2823 8.5107 0.8220
-5.7122 -14.0574 2.6755 0.9402
3.5303 -43.6054 7.7140 0.8372
5.8636 -38.1282 6.8021 0.8550
8.9828 -39.3561 7.1180 0.8488
10.5621 -39.6556 7.2361 0.8465
12.4634 -40.8389 7.5289 0.8408
16.2198 -42.0659 7.9496 0.8327
20.7037 -43.9978 8.5740 0.8208
28.3744 -10.0718 5.3090 0.8849
38.8705 -9.2398 7.0449 0.8502
35.9178 0.6448 6.3343 0.8642
31.7597 2.8584 5.6227 0.8785
30.4883 3.8516 5.4186 0.8827
25.3699 6.0306 4.5981 0.8995
22.2209 7.0001 4.1080 0.9097
21.4754 7.6229 4.0182 0.9116
20.5951 8.1542 3.9058 0.9140
19.9479 8.7387 3.8401 0.9153
18.9216 9.1121 3.7031 0.9182
17.2856 9.1026 3.4447 0.9237
16.4767 9.4472 3.3490 0.9258
16.0031 9.9555 3.3232 0.9263
20.7907 15.1054 4.5314 0.9009
12.7113 11.5144 3.0242 0.9327
11.7665 11.4539 2.8954 0.9355
10.8701 12.2187 2.8837 0.9357
10.4479 12.6294 2.8902 0.9356
13.6580 17.7718 3.9522 0.9130
13.1030 18.3793 3.9800 0.9124
12.3889 18.7684 3.9653 0.9127
11.7181 19.2189 3.9690 0.9126
7.7441 13.7918 2.7890 0.9378
7.1184 13.8169 2.7406 0.9388
6.4546 13.7168 2.6730 0.9403
5.5884 14.4933 2.7390 0.9389
4.1619 21.8173 3.9163 0.9137
1.8808 16.0447 2.8485 0.9365
1.2887 15.9175 2.8159 0.9372
0.1513 16.8574 2.9725 0.9338
-0.6529 24.2404 4.2758 0.9062
-1.5250 24.2400 4.2826 0.9061
-2.4783 25.0183 4.4330 0.9029
-1.9742 7.9859 1.4505 0.9671
-2.2968 8.0401 1.4744 0.9666
-7.3842 20.2251 3.7965 0.9163
-8.2426 20.2845 3.8607 0.9149
-9.1376 20.3593 3.9349 0.9133
-11.7769 21.8852 4.3822 0.9040
-13.1313 22.4331 4.5834 0.8998
-14.1471 22.2923 4.6555 0.8983
-19.6969 24.6992 5.5704 0.8796
-22.6179 26.3622 6.1247 0.8684
-24.2210 26.2612 6.2994 0.8649
-26.2027 14.4051 5.2724 0.8856
-45.1404 -0.0000 7.9595 0.8325
-41.8097 -17.4282 7.9870 0.8320
-39.7817 -18.2855 7.7201 0.8371
-34.4244 -20.5677 7.0708 0.8497
-33.1356 -21.4481 6.9599 0.8519
-33.0719 -23.1326 7.1164 0.8488
-32.2884 -30.3208 7.8101 0.8353
-5.7122 -14.0574 2.6755 0.9402
-4.0691 -16.4600 2.9897 0.9334
2.1082 -46.9435 8.2857 0.8262
14.2131 -41.2110 7.6866 0.8377
20.7037 -43.9977 8.5740 0.8208
28.9384 -9.1163 5.3498 0.8841
46.2463 -2.4930 8.1663 0.8285
41.1504 -0.7388 7.2571 0.8461
16.1730 0.8719 2.8559 0.9363
31.7597 2.8584 5.6227 0.8785
27.8074 4.5323 4.9679 0.8919
26.4903 5.3002 4.7635 0.8961
25.3699 6.0306 4.5981 0.8995
20.5951 8.1542 3.9058 0.9140
19.9479 8.7387 3.8401 0.9153
18.9216 9.1121 3.7031 0.9182
16.4767 9.4472 3.3490 0.9258
15.5479 10.4646 3.3046 0.9267
20.7907 15.1054 4.5314 0.9009
12.7113 11.5144 3.0242 0.9327
11.7665 11.4539 2.8954 0.9355
10.8701 12.2187 2.8837 0.9357
13.6580 17.7718 3.9522 0.9130
13.1029 18.3793 3.9800 0.9124
7.7441 13.7918 2.7890 0.9378
7.1184 13.8169 2.7406 0.9388
5.5884 14.4933 2.7390 0.9389
5.1610 14.9643 2.7911 0.9377
5.7725 21.6728 3.9547 0.9129
4.9722 21.7847 3.9400 0.9132
4.1619 21.8173 3.9163 0.9137
1.8807 16.0447 2.8485 0.9365
-1.5251 24.2400 4.2826 0.9061
-3.1381 18.2218 3.2603 0.9276
-1.9742 7.9859 1.4505 0.9671
-6.5432 20.1379 3.7336 0.9176
-8.2426 20.2845 3.8607 0.9149
-9.1376 20.3593 3.9349 0.9133
-10.4994 21.3108 4.1890 0.9080
-13.1313 22.4331 4.5834 0.8998
-14.1471 22.2923 4.6555 0.8983
-16.3284 23.7961 5.0887 0.8894
-18.2112 24.5982 5.3966 0.8831
-22.6179 26.3622 6.1247 0.8684
-24.2210 26.2612 6.2994 0.8649
-20.3458 15.3476 4.4937 0.9017
-45.1404 -0.0000 7.9595 0.8325
-22.4961 -8.4429 4.2368 0.9070
-41.8097 -17.4282 7.9870 0.8320
-36.1079 -19.8505 7.2655 0.8459
-34.4244 -20.5677 7.0708 0.8497
-33.0719 -23.1327 7.1164 0.8488
-32.2884 -30.3209 7.8101 0.8353
-33.9760 -34.2825 8.5107 0.8220
2.1082 -46.9434 8.2857 0.8262
4.8074 -41.0117 7.2810 0.8456
10.5621 -39.6556 7.2361 0.8465
12.4635 -40.8389 7.5289 0.8408
14.2131 -41.2110 7.6866 0.8377
18.4223 -43.1011 8.2650 0.8266
28.3744 -10.0718 5.3090 0.8849
28.9384 -9.1163 5.3498 0.8841
38.8706 -9.2398 7.0449 0.8502
41.1504 -0.7388 7.2571 0.8461
16.1730 0.8719 2.8559 0.9363
31.7597 2.8584 5.6227 0.8785
30.4882 3.8516 5.4186 0.8827
26.4903 5.3002 4.7635 0.8961
25.3699 6.0306 4.5981 0.8995
19.9479 8.7387 3.8401 0.9153
16.4767 9.4472 3.3490 0.9258
15.5479 10.4646 3.3046 0.9267
20.7907 15.1054 4.5314 0.9009
19.5001 15.2665 4.3668 0.9043
18.7533 15.7998 4.3239 0.9052
12.7113 11.5144 3.0242 0.9327
11.1870 11.7007 2.8544 0.9364
10.8701 12.2187 2.8837 0.9357
13.1029 18.3793 3.9800 0.9124
11.7181 19.2189 3.9690 0.9126
5.5883 14.4933 2.7390 0.9389
5.1610 14.9643 2.7911 0.9377
4.9722 21.7847 3.9400 0.9132
4.1619 21.8173 3.9163 0.9137
2.4638 16.0210 2.8581 0.9363
0.6687 14.8897 2.6281 0.9413
0.1513 16.8574 2.9725 0.9338
-0.6529 24.2405 4.2758 0.9062
-1.5251 24.2400 4.2826 0.9061
-3.1381 18.2218 3.2603 0.9276
-1.7158 8.1926 1.4759 0.9666
-1.9742 7.9859 1.4505 0.9671
-6.5432 20.1379 3.7336 0.9176
-7.3842 20.2251 3.7965 0.9163
-8.2426 20.2845 3.8607 0.9149
-9.1376 20.3593 3.9349 0.9133
-10.4994 21.3108 4.1890 0.9080
-11.7769 21.8852 4.3822 0.9040
-13.1313 22.4331 4.5834 0.8998
-14.1472 22.2923 4.6555 0.8983
-18.2113 24.5982 5.3966 0.8831
-19.6970 24.6992 5.5704 0.8796
-24.2211 26.2613 6.2994 0.8649
-20.3458 15.3476 4.4937 0.9017
-45.1404 0.0000 7.9595 0.8325
-41.8096 -17.4282 7.9870 0.8320
-39.7816 -18.2855 7.7201 0.8371
-38.1370 -19.2167 7.5300 0.8408
-34.4244 -20.5677 7.0708 0.8497
-33.1356 -21.4481 6.9599 0.8519
-33.0719 -23.1326 7.1164 0.8488
-32.5936 -24.5867 7.1989 0.8472
-31.8751 -25.8911 7.2409 0.8464
-32.2884 -30.3209 7.8101 0.8353
2.1083 -46.9433 8.2857 0.8262
3.5303 -43.6052 7.7140 0.8372
5.8637 -38.1281 6.8020 0.8550
7.2996 -38.2658 6.8690 0.8537
10.5621 -39.6556 7.2361 0.8465
12.4634 -40.8389 7.5289 0.8408
14.2132 -41.2110 7.6866 0.8377
16.2199 -42.0659 7.9497 0.8327
38.8707 -9.2398 7.0449 0.8502
46.2463 -2.4930 8.1663 0.8285
41.1504 -0.7387 7.2571 0.8461
35.9176 0.6449 6.3343 0.8642
31.7597 2.8585 5.6227 0.8785
30.4882 3.8516 5.4186 0.8827
27.8074 4.5323 4.9679 0.8919
25.3699 6.0306 4.5981 0.8995
23.9852 6.6195 4.3873 0.9039
22.2208 7.0002 4.1079 0.9097
18.9215 9.1121 3.7031 0.9182
16.0031 9.9555 3.3233 0.9263
19.5001 15.2665 4.3668 0.9043
11.7665 11.4539 2.8954 0.9355
10.4479 12.6294 2.8902 0.9356
13.6579 17.7719 3.9521 0.9130
11.7181 19.2189 3.9690 0.9126
6.4546 13.7168 2.6730 0.9403
5.9540 13.9301 2.6712 0.9403
5.1610 14.9644 2.7911 0.9377
6.5387 21.4253 3.9499 0.9130
5.7725 21.6728 3.9547 0.9129
4.1619 21.8173 3.9163 0.9137
1.8807 16.0447 2.8485 0.9365
0.6687 14.8897 2.6281 0.9413
0.1513 16.8574 2.9725 0.9338
-0.6529 24.2405 4.2758 0.9062
-3.1381 18.2218 3.2603 0.9276
-1.9742 7.9859 1.4505 0.9671
-2.2968 8.0401 1.4744 0.9666
-6.5433 20.1380 3.7336 0.9176
-10.4994 21.3108 4.1890 0.9080
-18.2113 24.5982 5.3966 0.8831
-19.6970 24.6992 5.5704 0.8796
-24.2211 26.2613 6.2994 0.8649
-20.3459 15.3476 4.4937 0.9017
-26.2027 14.4050 5.2724 0.8856
-22.5302 -8.4557 3.6866 0.9072
-41.8097 -17.4282 6.9392 0.8325
-37.8891 -19.0917 6.4996 0.8422
-34.4244 -20.5677 6.1432 0.8502
-32.5133 -24.5259 6.2391 0.8481
-32.2884 -30.3208 6.7855 0.8359
-5.7118 -14.0565 2.3244 0.9404
-4.6836 -16.3953 2.6121 0.9333
-4.0530 -16.3948 2.5872 0.9339
2.1082 -46.9435 7.1987 0.8268
3.5303 -43.6054 6.7020 0.8378
4.8074 -41.0117 6.3258 0.8461
5.8636 -38.1282 5.9097 0.8555
7.2996 -38.2658 5.9678 0.8542
8.9828 -39.3561 6.1842 0.8493
12.4634 -40.8389 6.5411 0.8413
14.2131 -41.2110 6.6782 0.8383
16.2198 -42.0659 6.9068 0.8332
40.8602 -0.7336 6.2606 0.8476
37.0307 0.6648 5.6738 0.8608
24.3435 6.7184 3.8687 0.9029
27.7310 12.1483 4.6380 0.8847
17.2856 9.1026 2.9928 0.9240
16.4767 9.4472 2.9096 0.9260
16.0871 10.0078 2.9024 0.9262
15.6336 10.5224 2.8869 0.9266
20.8084 15.1182 3.9402 0.9012
12.7218 11.5239 2.6295 0.9329
11.7665 11.4539 2.5156 0.9357
11.1870 11.7007 2.4799 0.9366
10.8779 12.2275 2.5072 0.9359
10.4518 12.6340 2.5119 0.9358
13.1365 18.4264 3.4667 0.9125
12.5760 19.0519 3.4972 0.9118
11.9217 19.5527 3.5082 0.9115
7.7423 13.7885 2.4225 0.9380
7.1191 13.8183 2.3813 0.9390
5.9540 13.9301 2.3208 0.9405
5.5888 14.4946 2.3798 0.9391
6.6729 21.8651 3.5021 0.9116
5.8754 22.0592 3.4972 0.9118
5.0016 21.9135 3.4434 0.9131
4.1619 21.8173 3.4026 0.9140
2.4666 16.0390 2.4860 0.9364
1.8818 16.0538 2.4762 0.9367
0.6686 14.8883 2.2831 0.9415
-1.1176 17.7647 2.7268 0.9305
-1.7136 8.1819 1.2806 0.9667
-1.9717 7.9758 1.2586 0.9673
-2.2960 8.0375 1.2806 0.9667
-9.0120 27.7361 4.4677 0.8887
-8.3056 20.4396 3.3799 0.9146
-10.5240 21.3607 3.6479 0.9081
-14.3220 22.5679 4.0947 0.8975
-16.3267 23.7937 4.4207 0.8898
-18.2105 24.5973 4.6885 0.8835
-19.6455 24.6347 4.8270 0.8803
-45.1563 -0.0000 6.9177 0.8330
-41.8097 -17.4282 6.9392 0.8325
-39.7817 -18.2855 6.7073 0.8376
-33.1356 -21.4481 6.0468 0.8524
-33.0719 -23.1326 6.1828 0.8493
-31.8752 -25.8911 6.2910 0.8469
-30.8558 -26.9579 6.2769 0.8472
-32.2884 -30.3208 6.7855 0.8359
-33.9760 -34.2824 7.3941 0.8226
-5.7118 -14.0565 2.3244 0.9404
2.1082 -46.9435 7.1987 0.8268
5.8636 -38.1281 5.9097 0.8555
10.5621 -39.6556 6.2868 0.8470
12.4634 -40.8389 6.5412 0.8413
14.2131 -41.2110 6.6782 0.8383
38.7279 -9.2059 6.0982 0.8512
46.2463 -2.4930 7.0950 0.8291
37.0307 0.6649 5.6738 0.8608
16.1684 0.8716 2.4805 0.9366
31.6514 2.8487 4.8684 0.8793
28.5878 4.6595 4.4373 0.8894
26.7101 5.3442 4.1729 0.8956
24.3435 6.7184 3.8687 0.9029
21.4754 7.6229 3.4910 0.9119
27.7310 12.1483 4.6380 0.8847
26.4023 12.7147 4.4893 0.8882
15.6336 10.5224 2.8869 0.9266
20.8083 15.1182 3.9402 0.9012
14.3261 11.2158 2.7873 0.9290
12.7218 11.5239 2.6295 0.9329
11.7665 11.4539 2.5156 0.9357
11.1870 11.7007 2.4799 0.9366
10.8779 12.2275 2.5072 0.9359
10.4518 12.6340 2.5119 0.9358
13.6580 17.7719 3.4337 0.9133
13.1365 18.4264 3.4667 0.9125
7.1190 13.8183 2.3813 0.9390
6.4546 13.7168 2.3224 0.9405
5.9540 13.9301 2.3208 0.9405
5.1681 14.9851 2.4283 0.9379
6.6729 21.8651 3.5021 0.9116
5.8754 22.0592 3.4972 0.9118
5.0016 21.9135 3.4434 0.9131
4.1619 21.8173 3.4026 0.9140
0.1514 16.8681 2.5842 0.9340
-1.1177 17.7647 2.7268 0.9305
-2.4781 25.0172 3.8513 0.9033
-3.1435 18.2534 2.8375 0.9278
-1.7136 8.1819 1.2806 0.9667
-1.9717 7.9758 1.2586 0.9673
-2.2960 8.0375 1.2806 0.9667
-8.3056 20.4396 3.3799 0.9146
-9.1376 20.3593 3.4187 0.9137
-10.5240 21.3607 3.6479 0.9081
-12.0011 22.3018 3.8798 0.9026
-46.6090 -15.6081 7.5299 0.8196
-22.5301 -8.4557 3.6866 0.9072
-41.8097 -17.4282 6.9392 0.8325
-39.7817 -18.2855 6.7073 0.8376
-37.8890 -19.0918 6.4996 0.8422
-36.1079 -19.8505 6.3123 0.8464
-34.4244 -20.5677 6.1432 0.8502
-33.0719 -23.1327 6.1828 0.8493
-32.5133 -24.5260 6.2391 0.8481
-31.8752 -25.8911 6.2910 0.8469
-32.2884 -30.3209 6.7855 0.8359
-33.9760 -34.2825 7.3942 0.8226
-4.0530 -16.3948 2.5872 0.9339
2.1082 -46.9434 7.1987 0.8268
3.5303 -43.6053 6.7020 0.8378
5.8637 -38.1281 5.9097 0.8555
8.9828 -39.3561 6.1842 0.8493
10.5621 -39.6556 6.2868 0.8470
16.2198 -42.0659 6.9067 0.8332
18.4223 -43.1011 7.1807 0.8272
20.7038 -43.9977 7.4492 0.8214
38.7279 -9.2059 6.0982 0.8512
46.2463 -2.4930 7.0950 0.8291
40.8602 -0.7336 6.2606 0.8476
30.4863 3.8513 4.7075 0.8831
28.5878 4.6595 4.4373 0.8894
25.5054 6.0628 4.0162 0.8993
24.3435 6.7184 3.8687 0.9029
22.2209 7.0002 3.5690 0.9100
20.7608 8.2198 3.4207 0.9136
17.2856 9.1027 2.9928 0.9240
15.6336 10.5224 2.8869 0.9266
14.3261 11.2158 2.7873 0.9290
18.7533 15.7998 3.7566 0.9055
11.1870 11.7007 2.4799 0.9366
10.8779 12.2275 2.5072 0.9359
10.4518 12.6340 2.5119 0.9358
13.6579 17.7719 3.4337 0.9133
12.5760 19.0519 3.4972 0.9118
4.1618 21.8173 3.4026 0.9140
0.6686 14.8883 2.2831 0.9415
-0.6529 24.2394 3.7147 0.9065
-1.1177 17.7647 2.7268 0.9305
-2.4858 18.3506 2.8369 0.9278
-1.7136 8.1819 1.2806 0.9667
-2.2961 8.0375 1.2806 0.9667
-7.4871 20.5069 3.3444 0.9154
-10.5240 21.3607 3.6479 0.9081
-12.0011 22.3018 3.8798 0.9026
-13.1602 22.4824 3.9908 0.8999
-14.3221 22.5679 4.0947 0.8975
-16.3267 23.7937 4.4207 0.8898
-18.2106 24.5973 4.6885 0.8835
-22.7665 26.5352 5.3562 0.8681
-46.6089 -15.6082 7.5299 0.8196
-22.5300 -8.4557 3.6865 0.9072
-37.8890 -19.0918 6.4996 0.8422
-36.1079 -19.8505 6.3123 0.8464
-34.4244 -20.5677 6.1432 0.8502
-33.0719 -23.1326 6.1828 0.8493
-30.8558 -26.9580 6.2769 0.8472
-5.7118 -14.0565 2.3244 0.9404
-4.6835 -16.3953 2.6121 0.9333
2.1083 -46.9433 7.1987 0.8268
4.8075 -41.0117 6.3258 0.8461
5.8637 -38.1281 5.9097 0.8555
10.5621 -39.6556 6.2868 0.8470
12.4634 -40.8389 6.5411 0.8413
16.2199 -42.0659 6.9067 0.8332
18.4223 -43.1010 7.1807 0.8272
20.7038 -43.9977 7.4492 0.8214
38.7280 -9.2058 6.0982 0.8512
46.2463 -2.4930 7.0950 0.8291
40.8602 -0.7335 6.2606 0.8476
37.0307 0.6649 5.6738 0.8608
16.1684 0.8716 2.4805 0.9366
31.6514 2.8487 4.8684 0.8793
30.4863 3.8513 4.7075 0.8831
28.5878 4.6595 4.4373 0.8894
26.7101 5.3442 4.1729 0.8956
22.2208 7.0002 3.5690 0.9100
20.7608 8.2198 3.4206 0.9136
27.7310 12.1484 4.6380 0.8847
26.4022 12.7147 4.4893 0.8882
17.2856 9.1027 2.9928 0.9240
20.8083 15.1182 3.9402 0.9012
18.7533 15.7998 3.7566 0.9055
12.7216 11.5237 2.6295 0.9329
11.7665 11.4539 2.5156 0.9357
11.1870 11.7007 2.4799 0.9366
10.8779 12.2275 2.5072 0.9359
10.4518 12.6340 2.5119 0.9358
13.1365 18.4264 3.4667 0.9125
12.5760 19.0519 3.4972 0.9118
6.4546 13.7168 2.3224 0.9405
5.9540 13.9301 2.3208 0.9405
5.1681 14.9851 2.4283 0.9379
5.0016 21.9135 3.4433 0.9131
4.1618 21.8173 3.4026 0.9140
2.4666 16.0390 2.4860 0.9364
1.8818 16.0538 2.4762 0.9367
0.6686 14.8883 2.2831 0.9415
-0.6529 24.2395 3.7147 0.9065
-1.1177 17.7647 2.7268 0.9305
-2.4782 25.0172 3.8513 0.9033
-3.1435 18.2534 2.8375 0.9278
-1.9717 7.9758 1.2586 0.9673
-9.1376 20.3593 3.4187 0.9137
-10.5240 21.3607 3.6479 0.9081
-18.2106 24.5973 4.6885 0.8835
-19.6456 24.6348 4.8270 0.8803
-24.8780 26.9735 5.6214 0.8620
-46.3141 -15.5093 6.3602 0.8212
-41.8097 -17.4282 5.8986 0.8330
-36.1079 -19.8505 5.3657 0.8469
-30.8557 -26.9579 5.3356 0.8477
-32.2883 -30.3208 5.7679 0.8364
-5.7115 -14.0556 1.9757 0.9406
-4.0371 -16.3306 2.1906 0.9344
2.1082 -46.9435 6.1192 0.8273
3.5303 -43.6054 5.6969 0.8382
4.8074 -41.0117 5.3771 0.8466
5.8636 -38.1282 5.0235 0.8559
10.5621 -39.6556 5.3440 0.8474
12.4634 -40.8389 5.5602 0.8418
14.2131 -41.2110 5.6767 0.8387
18.4223 -43.1012 6.1039 0.8277
47.3325 -2.5516 6.1726 0.8260
41.2685 -0.7409 5.3749 0.8466
36.9258 0.6629 4.8093 0.8616
30.6637 3.8737 4.0248 0.8828
28.4771 4.6414 3.7572 0.8901
22.2209 7.0001 3.0338 0.9103
26.6102 12.8148 3.8461 0.8877
16.0989 10.0151 2.4690 0.9264
21.0019 15.2587 3.3805 0.9006
13.1012 11.0379 2.2308 0.9332
12.5202 11.3413 2.1999 0.9341
11.7665 11.4539 2.1383 0.9359
11.1870 11.7007 2.1080 0.9368
10.7641 12.0996 2.1089 0.9368
10.1978 12.3270 2.0833 0.9375
13.1513 18.4471 2.9502 0.9127
11.9586 19.6133 2.9914 0.9115
7.0500 13.6842 2.0045 0.9398
5.5259 14.3315 2.0002 0.9399
6.6729 21.8651 2.9769 0.9119
5.0303 22.0391 2.9438 0.9128
2.4063 15.6473 2.0616 0.9381
1.8629 15.8923 2.0837 0.9375
1.2887 15.9175 2.0796 0.9376
0.6697 14.9115 1.9437 0.9416
-0.4539 16.8535 2.1955 0.9343
-1.5250 24.2400 3.1628 0.9067
-2.4883 18.3697 2.4140 0.9280
-3.1450 18.2620 2.4131 0.9280
-1.7113 8.1714 1.0872 0.9669
-1.9692 7.9657 1.0685 0.9674
-6.4975 19.9972 2.7381 0.9187
-7.6004 20.8172 2.8859 0.9145
-9.1376 20.3593 2.9060 0.9139
-9.7205 19.7299 2.8641 0.9151
-16.5793 30.8095 4.5560 0.8684
-13.2518 22.6388 3.4160 0.8996
-14.3220 22.5679 3.4807 0.8978
-16.5668 24.1435 3.8130 0.8886
-20.3673 15.3638 3.3222 0.9022
-45.1615 -0.0000 5.8810 0.8335
-38.0456 -19.1706 5.5477 0.8421
-36.1079 -19.8505 5.3657 0.8469
-33.9760 -34.2824 6.2853 0.8231
-5.7115 -14.0556 1.9757 0.9406
-4.6847 -16.3993 2.2210 0.9335
-4.0371 -16.3306 2.1906 0.9344
4.8074 -41.0117 5.3771 0.8466
5.8636 -38.1281 5.0235 0.8559
7.2996 -38.2658 5.0729 0.8546
8.9828 -39.3561 5.2568 0.8497
14.2131 -41.2110 5.6767 0.8387
16.2198 -42.0659 5.8710 0.8337
20.7038 -43.9978 6.3321 0.8219
38.6971 -9.1985 5.1796 0.8518
36.9258 0.6630 4.8093 0.8616
31.9110 2.8720 4.1723 0.8788
30.6637 3.8737 4.0248 0.8828
25.8674 6.1489 3.4623 0.8983
22.2209 7.0001 3.0338 0.9103
26.6102 12.8148 3.8461 0.8877
16.0989 10.0151 2.4690 0.9264
15.6615 10.5411 2.4584 0.9267
13.1012 11.0379 2.2308 0.9332
11.7665 11.4539 2.1383 0.9359
10.7641 12.0996 2.1089 0.9368
10.3615 13.4825 2.2143 0.9337
13.1512 18.4471 2.9502 0.9127
12.6547 19.1711 2.9913 0.9115
11.9586 19.6133 2.9914 0.9115
7.0500 13.6842 2.0045 0.9398
6.4546 13.7168 1.9741 0.9407
5.9102 22.1900 2.9903 0.9115
2.4063 15.6473 2.0616 0.9381
-0.4539 16.8535 2.1955 0.9343
-2.4883 18.3697 2.4140 0.9280
-6.4975 19.9972 2.7381 0.9187
-7.6004 20.8172 2.8859 0.9145
-13.2518 22.6388 3.4160 0.8996
-14.3220 22.5679 3.4807 0.8978
-16.5668 24.1435 3.8130 0.8886
-18.2770 24.6870 3.9999 0.8835
-46.3140 -15.5093 6.3602 0.8212
-41.8097 -17.4282 5.8986 0.8330
-39.7817 -18.2855 5.7014 0.8381
-38.0456 -19.1706 5.5477 0.8421
-36.1079 -19.8505 5.3657 0.8469
-35.4711 -21.1930 5.3807 0.8465
-33.1356 -21.4481 5.1400 0.8528
-35.9163 -25.1222 5.7076 0.8379
-31.8752 -25.8911 5.3476 0.8473
-32.2884 -30.3209 5.7679 0.8364
-33.9760 -34.2824 6.2853 0.8231
-5.7115 -14.0556 1.9757 0.9406
-4.6847 -16.3993 2.2210 0.9335
2.1082 -46.9434 6.1192 0.8273
3.5303 -43.6054 5.6969 0.8382
8.9828 -39.3561 5.2568 0.8497
10.5621 -39.6556 5.3440 0.8474
12.4635 -40.8389 5.5602 0.8418
14.2131 -41.2110 5.6767 0.8387
20.7038 -43.9977 6.3320 0.8219
38.6971 -9.1985 5.1796 0.8518
47.3325 -2.5516 6.1726 0.8260
41.2684 -0.7409 5.3749 0.8466
16.1638 0.8714 2.1079 0.9368
31.9110 2.8720 4.1723 0.8788
30.6637 3.8738 4.0248 0.8828
25.8674 6.1489 3.4623 0.8983
21.8183 6.0215 2.9474 0.9127
22.2209 7.0001 3.0338 0.9103
21.4754 7.6229 2.9675 0.9122
27.9390 12.2394 3.9720 0.8842
17.2856 9.1027 2.5440 0.9242
16.0989 10.0151 2.4690 0.9264
15.6615 10.5411 2.4584 0.9267
21.0018 15.2587 3.3805 0.9006
14.3810 11.2588 2.3784 0.9290
13.1012 11.0379 2.2308 0.9332
12.5202 11.3413 2.1999 0.9341
11.1870 11.7007 2.1080 0.9368
10.3616 13.4826 2.2143 0.9337
7.5556 13.4562 2.0096 0.9396
6.6729 21.8651 2.9769 0.9119
5.0303 22.0391 2.9438 0.9128
2.4063 15.6473 2.0616 0.9381
-0.4539 16.8535 2.1955 0.9343
-2.4820 25.0556 3.2787 0.9034
-2.4884 18.3696 2.4140 0.9280
-2.2953 8.0349 1.0882 0.9669
-6.4975 19.9972 2.7381 0.9187
-8.3213 20.4782 2.8784 0.9147
-9.1376 20.3593 2.9060 0.9139
-9.7205 19.7299 2.8641 0.9151
-14.3221 22.5679 3.4807 0.8978
-18.2770 24.6871 3.9999 0.8835
-19.8885 24.9393 4.1538 0.8793
-22.5639 -8.4684 3.1384 0.9074
-38.0456 -19.1706 5.5477 0.8421
-36.1079 -19.8505 5.3657 0.8469
-35.4711 -21.1930 5.3807 0.8465
-35.9163 -25.1222 5.7076 0.8379
-33.9760 -34.2824 6.2853 0.8231
-4.6847 -16.3993 2.2210 0.9335
-4.0371 -16.3307 2.1906 0.9344
4.8074 -41.0117 5.3771 0.8466
5.8637 -38.1281 5.0234 0.8559
7.2996 -38.2658 5.0729 0.8546
8.9828 -39.3561 5.2568 0.8497
10.5621 -39.6556 5.3440 0.8474
20.7038 -43.9977 6.3320 0.8219
41.2682 -0.7409 5.3749 0.8466
36.9258 0.6630 4.8093 0.8616
31.9109 2.8721 4.1722 0.8788
26.7101 5.3442 3.5472 0.8959
21.8183 6.0215 2.9474 0.9127
22.2209 7.0002 3.0338 0.9103
20.8838 8.2685 2.9249 0.9134
26.6102 12.8148 3.8461 0.8877
16.0989 10.0151 2.4690 0.9264
14.3810 11.2588 2.3784 0.9290
12.5202 11.3413 2.1999 0.9341
11.7665 11.4539 2.1383 0.9359
11.1870 11.7007 2.1080 0.9368
10.7641 12.0996 2.1089 0.9368
10.1978 12.3270 2.0833 0.9375
13.1512 18.4471 2.9502 0.9127
5.9540 13.9301 1.9727 0.9407
5.5259 14.3315 2.0002 0.9399
5.0136 14.5372 2.0025 0.9399
6.6729 21.8651 2.9769 0.9119
3.1611 16.5714 2.1969 0.9342
2.4063 15.6473 2.0616 0.9381
1.2887 15.9175 2.0796 0.9376
0.6697 14.9115 1.9437 0.9416
0.1492 16.6190 2.1642 0.9352
-2.4884 18.3696 2.4140 0.9280
-3.1450 18.2620 2.4131 0.9280
-1.7113 8.1714 1.0872 0.9669
-2.2953 8.0349 1.0882 0.9669
-7.6004 20.8171 2.8859 0.9145
-9.1376 20.3593 2.9060 0.9139
-13.2518 22.6388 3.4160 0.8996
-14.3220 22.5679 3.4807 0.8978
-16.5669 24.1436 3.8130 0.8886
-18.2770 24.6871 3.9999 0.8835
-22.7633 26.5315 4.5523 0.8685
-45.1488 0.0000 4.8481 0.8339
-46.8682 -15.6949 5.3074 0.8197
-22.5979 -8.4811 2.5919 0.9075
-43.7653 -22.0527 5.2625 0.8211
-36.1079 -19.8505 4.4246 0.8472
-36.1671 -25.2976 4.7394 0.8373
-36.5938 -27.6040 4.9221 0.8316
-31.8752 -25.8911 4.4097 0.8477
-30.8557 -26.9579 4.3998 0.8480
-4.0337 -16.3169 1.8049 0.9346
3.5303 -43.6054 4.6978 0.8386
5.8636 -38.1282 4.1424 0.8562
7.2996 -38.2658 4.1831 0.8549
14.2131 -41.2110 4.6811 0.8391
16.2198 -42.0659 4.8413 0.8341
18.4223 -43.1012 5.0334 0.8281
38.6682 -9.1917 4.2680 0.8522
43.7120 -2.3564 4.7007 0.8385
41.2548 -0.7407 4.4307 0.8471
16.1593 0.8711 1.7377 0.9370
31.9110 2.8720 3.4405 0.8791
31.1677 3.9374 3.3734 0.8813
26.7101 5.3441 2.9250 0.8962
26.0572 6.1940 2.8760 0.8979
21.4754 7.6229 2.4470 0.9124
15.9170 9.9020 2.0129 0.9274
15.1872 10.2218 1.9658 0.9290
19.5138 15.2772 2.6612 0.9051
18.7533 15.7998 2.6332 0.9061
12.5939 11.4080 1.8247 0.9339
11.1870 11.7007 1.7383 0.9370
10.8236 12.1665 1.7486 0.9366
13.6580 17.7718 2.4068 0.9138
7.0884 13.7588 1.6620 0.9396
6.4546 13.7168 1.6279 0.9408
5.5562 14.4098 1.6584 0.9398
5.0413 14.6172 1.6603 0.9397
6.6729 21.8651 2.4548 0.9121
5.9102 22.1900 2.4659 0.9118
5.0370 22.0687 2.4307 0.9130
1.8732 15.9799 1.7277 0.9373
0.6685 14.8857 1.6001 0.9418
-0.4566 16.9542 1.8212 0.9340
-2.4405 18.0163 1.9523 0.9295
-1.9667 7.9556 0.8800 0.9676
-2.2946 8.0324 0.8970 0.9670
-9.3178 28.6774 3.2379 0.8858
-10.4876 28.7254 3.2837 0.8842
-9.1376 20.3593 2.3963 0.9141
-16.6915 31.0180 3.7824 0.8679
-13.3086 22.7358 2.8289 0.8994
-14.3220 22.5679 2.8702 0.8980
-18.4423 24.9103 3.3282 0.8828
-23.1746 27.0110 3.8217 0.8666
-25.0114 27.1182 3.9614 0.8621
-20.3780 15.3719 2.7410 0.9024
-46.8682 -15.6949 5.3075 0.8197
-22.5979 -8.4811 2.5919 0.9075
-36.1079 -19.8505 4.4246 0.8472
-39.7677 -23.7601 4.9745 0.8300
-33.1356 -21.4481 4.2385 0.8532
-36.1671 -25.2976 4.7394 0.8373
-5.7111 -14.0547 1.6291 0.9408
-4.6859 -16.4033 1.8319 0.9337
4.8074 -41.0117 4.4341 0.8469
5.8636 -38.1282 4.1424 0.8563
12.4634 -40.8389 4.5850 0.8422
14.2131 -41.2110 4.6811 0.8391
20.7038 -43.9978 5.2215 0.8223
41.2548 -0.7407 4.4307 0.8471
37.1284 0.6666 3.9876 0.8612
31.9110 2.8720 3.4405 0.8791
26.7101 5.3442 2.9250 0.8962
22.2209 7.0001 2.5017 0.9105
20.9211 8.2832 2.4162 0.9135
18.3639 8.8436 2.1887 0.9213
16.4767 9.4472 2.0395 0.9264
19.5138 15.2772 2.6612 0.9051
18.7533 15.7998 2.6332 0.9061
12.5939 11.4080 1.8247 0.9339
10.8236 12.1665 1.7486 0.9366
13.1794 18.4866 2.4379 0.9127
12.7298 19.2848 2.4813 0.9112
11.9586 19.6133 2.4667 0.9117
6.4546 13.7168 1.6279 0.9408
5.9540 13.9301 1.6267 0.9409
5.0413 14.6172 1.6603 0.9397
5.0370 22.0687 2.4307 0.9130
4.1619 21.8173 2.3850 0.9145
1.2887 15.9175 1.7148 0.9378
-2.4875 25.1118 2.7097 0.9035
-2.4405 18.0163 1.9523 0.9295
-3.0998 17.9993 1.9612 0.9292
-1.9667 7.9556 0.8800 0.9676
-2.2946 8.0324 0.8970 0.9670
-10.4877 28.7254 3.2837 0.8842
-8.1652 20.0940 2.3291 0.9164
-9.1376 20.3593 2.3963 0.9141
-9.7178 19.7243 2.3611 0.9153
-16.6915 31.0180 3.7824 0.8679
-13.3086 22.7358 2.8289 0.8994
-18.4423 24.9103 3.3282 0.8828
-19.8884 24.9393 3.4253 0.8796
-23.1746 27.0110 3.8217 0.8666
-25.0114 27.1182 3.9614 0.8621
-20.3780 15.3719 2.7410 0.9024
-45.1488 -0.0000 4.8482 0.8339
-22.5978 -8.4811 2.5919 0.9075
-39.7817 -18.2855 4.7015 0.8385
-43.7652 -22.0527 5.2625 0.8211
-39.7677 -23.7601 4.9745 0.8300
-36.1671 -25.2976 4.7394 0.8373
-31.8752 -25.8911 4.4097 0.8477
-32.2884 -30.3209 4.7563 0.8368
-4.6858 -16.4033 1.8319 0.9337
2.1082 -46.9435 5.0460 0.8278
4.8074 -41.0117 4.4341 0.8469
8.9828 -39.3561 4.3348 0.8501
10.5621 -39.6556 4.4067 0.8478
14.2131 -41.2110 4.6811 0.8391
16.2198 -42.0659 4.8413 0.8341
18.4223 -43.1011 5.0334 0.8281
43.7119 -2.3564 4.7007 0.8385
37.1284 0.6666 3.9876 0.8612
16.1593 0.8711 1.7377 0.9370
22.2209 7.0001 2.5017 0.9105
21.4754 7.6229 2.4470 0.9124
28.4255 12.4525 3.3324 0.8826
18.3639 8.8436 2.1887 0.9213
17.2856 9.1027 2.0978 0.9244
16.4767 9.4472 2.0395 0.9264
15.9170 9.9020 2.0129 0.9274
15.1872 10.2219 1.9658 0.9290
15.6962 11.4040 2.0834 0.9249
18.7533 15.7998 2.6332 0.9061
11.1870 11.7007 1.7383 0.9370
13.6579 17.7719 2.4068 0.9138
7.0884 13.7588 1.6620 0.9396
6.4546 13.7168 1.6279 0.9408
5.5561 14.4098 1.6584 0.9398
5.9102 22.1900 2.4659 0.9118
5.0370 22.0687 2.4307 0.9130
4.1618 21.8173 2.3850 0.9145
1.8732 15.9799 1.7277 0.9373
1.2887 15.9175 1.7148 0.9378
0.6685 14.8856 1.6001 0.9418
-0.4566 16.9542 1.8212 0.9340
-2.4876 25.1118 2.7097 0.9035
-2.4405 18.0163 1.9523 0.9295
-1.7092 8.1610 0.8954 0.9670
-9.3179 28.6774 3.2379 0.8858
-9.7178 19.7243 2.3611 0.9153
-13.3086 22.7358 2.8289 0.8994
-22.1134 32.2269 4.1969 0.8545
-19.8885 24.9393 3.4253 0.8796
-20.3780 15.3719 2.7410 0.9024
-46.8682 -15.6950 5.3075 0.8197
-22.5977 -8.4811 2.5918 0.9075
-39.7816 -18.2855 4.7015 0.8385
-36.1079 -19.8505 4.4246 0.8472
-33.1356 -21.4481 4.2385 0.8532
-31.8751 -25.8911 4.4097 0.8477
-30.8558 -26.9580 4.3998 0.8480
-32.2884 -30.3209 4.7563 0.8368
-33.9760 -34.2824 5.1829 0.8235
-5.7111 -14.0547 1.6291 0.9408
-4.0337 -16.3169 1.8049 0.9346
2.1083 -46.9434 5.0459 0.8278
5.8637 -38.1281 4.1424 0.8563
7.2996 -38.2658 4.1831 0.8549
8.9828 -39.3561 4.3348 0.8501
12.4634 -40.8389 4.5850 0.8422
20.7038 -43.9977 5.2215 0.8223
38.6682 -9.1916 4.2680 0.8522
43.7119 -2.3564 4.7007 0.8385
41.2548 -0.7406 4.4307 0.8471
37.1285 0.6667 3.9876 0.8612
16.1593 0.8711 1.7377 0.9370
31.9109 2.8721 3.4405 0.8791
40.0425 6.5265 4.3566 0.8494
26.0572 6.1940 2.8760 0.8979
21.8145 6.0204 2.4301 0.9130
21.4754 7.6230 2.4470 0.9124
28.4254 12.4526 3.3324 0.8826
18.3639 8.8436 2.1887 0.9213
15.6963 11.4040 2.0834 0.9249
18.7534 15.7998 2.6332 0.9061
11.1870 11.7007 1.7383 0.9370
13.6579 17.7719 2.4068 0.9138
13.1794 18.4867 2.4380 0.9127
12.7297 19.2848 2.4813 0.9112
11.9586 19.6133 2.4667 0.9117
7.5971 13.5301 1.6662 0.9395
7.0884 13.7588 1.6620 0.9396
5.9540 13.9301 1.6267 0.9409
5.5562 14.4098 1.6584 0.9398
5.0412 14.6172 1.6603 0.9397
6.6729 21.8651 2.4548 0.9121
5.9102 22.1900 2.4659 0.9118
5.0370 22.0687 2.4307 0.9130
4.1618 21.8173 2.3850 0.9145
2.4197 15.7341 1.7094 0.9380
-0.4567 16.9542 1.8212 0.9340
-1.5251 24.2400 2.6081 0.9069
-2.4876 25.1118 2.7097 0.9035
-2.4405 18.0163 1.9523 0.9295
-3.0998 17.9993 1.9612 0.9292
-1.7092 8.1610 0.8954 0.9670
-1.9667 7.9556 0.8800 0.9676
-2.2946 8.0324 0.8970 0.9670
-9.3179 28.6774 3.2379 0.8858
-8.1652 20.0940 2.3291 0.9164
-9.7178 19.7243 2.3611 0.9153
-16.6915 31.0180 3.7824 0.8679
-13.3086 22.7358 2.8289 0.8994
-14.3220 22.5679 2.8702 0.8980
-23.1746 27.0110 3.8217 0.8666
-25.0115 27.1182 3.9615 0.8621
-45.1361 0.0000 3.8209 0.8343
-46.8682 -15.6949 4.1841 0.8200
-22.6316 -8.4938 2.0463 0.9075
-39.7817 -18.2855 3.7063 0.8388
-39.7836 -23.7696 3.9231 0.8302
-36.1809 -25.3072 3.7377 0.8376
-31.8752 -25.8911 3.4763 0.8480
-30.8557 -26.9579 3.4685 0.8483
-5.7107 -14.0538 1.2842 0.9409
-4.6870 -16.4073 1.4445 0.9338
-4.0307 -16.3047 1.4218 0.9348
4.7928 -40.8868 3.4849 0.8477
7.2996 -38.2658 3.2977 0.8552
12.3691 -40.5298 3.5872 0.8436
16.2198 -42.0659 3.8165 0.8344
38.6395 -9.1848 3.3621 0.8526
46.2463 -2.4931 3.9206 0.8303
37.1284 0.6666 3.1435 0.8615
40.0513 6.5279 3.4352 0.8497
25.8424 6.1429 2.2486 0.8989
21.8237 6.0230 1.9165 0.9131
20.6239 8.1656 1.8777 0.9148
27.2236 13.1102 2.5579 0.8858
17.2856 9.1027 1.6538 0.9246
16.0053 9.9569 1.5957 0.9271
15.3312 10.3188 1.5644 0.9285
20.6483 15.0018 2.1606 0.9026
18.7533 15.7998 2.0758 0.9063
12.5929 11.4071 1.4384 0.9341
11.7665 11.4538 1.3901 0.9362
11.1870 11.7007 1.3704 0.9371
7.5966 13.5291 1.3135 0.9396
7.0879 13.7579 1.3101 0.9398
5.8580 21.9939 1.9268 0.9127
2.4195 15.7330 1.3475 0.9381
1.8730 15.9788 1.3619 0.9375
0.1500 16.7085 1.4145 0.9351
-0.4566 16.9529 1.4356 0.9342
-1.5250 24.2400 2.0561 0.9071
-2.4649 18.1963 1.5544 0.9289
-3.1169 18.0990 1.5547 0.9289
-2.2938 8.0298 0.7069 0.9670
-9.3178 28.6774 2.5525 0.8860
-7.5831 20.7698 1.8717 0.9151
-8.2406 20.2797 1.8530 0.9159
-9.1376 20.3593 1.8891 0.9143
-9.7030 19.6943 1.8585 0.9156
-13.0289 22.2580 2.1833 0.9016
-14.3220 22.5679 2.2627 0.8983
-16.8960 24.6233 2.5280 0.8870
-19.8884 24.9393 2.7003 0.8798
-25.0114 27.1182 3.1229 0.8624
-20.3886 15.3799 2.1619 0.9026
-39.7817 -18.2855 3.7063 0.8388
-43.7837 -22.0620 4.1504 0.8213
-33.1356 -21.4481 3.3414 0.8535
-31.8752 -25.8911 3.4763 0.8480
-32.2883 -30.3208 3.7495 0.8371
-33.9760 -34.2824 4.0859 0.8239
-5.7107 -14.0538 1.2842 0.9409
-4.6870 -16.4072 1.4445 0.9338
3.5303 -43.6054 3.7034 0.8389
5.8636 -38.1282 3.2656 0.8565
7.2996 -38.2658 3.2977 0.8552
12.3691 -40.5298 3.5872 0.8436
16.2198 -42.0659 3.8165 0.8344
18.4223 -43.1011 3.9679 0.8285
46.2463 -2.4930 3.9206 0.8303
41.8701 -0.7517 3.5450 0.8453
37.1284 0.6666 3.1435 0.8615
16.1547 0.8709 1.3695 0.9371
31.9110 2.8720 2.7123 0.8793
31.3528 3.9608 2.6752 0.8809
40.0513 6.5279 3.4352 0.8497
25.8424 6.1429 2.2486 0.8989
21.8237 6.0230 1.9165 0.9131
20.6239 8.1656 1.8777 0.9148
20.9531 9.1791 1.9365 0.9123
15.3312 10.3188 1.5644 0.9285
19.5138 15.2772 2.0979 0.9053
18.7533 15.7998 2.0758 0.9063
12.5929 11.4071 1.4384 0.9341
11.1870 11.7007 1.3704 0.9371
13.6580 17.7718 1.8974 0.9140
11.8491 19.4338 1.9268 0.9127
7.0879 13.7579 1.3101 0.9398
5.9540 13.9301 1.2824 0.9410
5.0409 14.6162 1.3088 0.9398
6.6189 21.6882 1.9196 0.9130
5.8580 21.9939 1.9268 0.9127
4.1619 21.8173 1.8802 0.9147
2.4195 15.7330 1.3475 0.9381
1.2887 15.9175 1.3519 0.9379
0.1500 16.7085 1.4145 0.9351
-0.4566 16.9529 1.4356 0.9342
-2.4623 24.8571 2.1145 0.9046
-2.4649 18.1963 1.5544 0.9289
-3.1170 18.0990 1.5547 0.9289
-1.7070 8.1506 0.7049 0.9671
-1.9643 7.9457 0.6929 0.9677
-9.3179 28.6774 2.5525 0.8860
-7.5831 20.7698 1.8717 0.9151
-9.1376 20.3593 1.8891 0.9143
-9.7030 19.6943 1.8585 0.9156
-12.5517 23.3249 2.2422 0.8991
-18.4843 24.9671 2.6297 0.8828
-25.0114 27.1182 3.1229 0.8624
-20.3887 15.3799 2.1619 0.9026
-22.6315 -8.4938 2.0463 0.9075
-43.7837 -22.0620 4.1504 0.8213
-36.1079 -19.8505 3.4881 0.8475
-36.5999 -27.6086 3.8809 0.8319
-30.8557 -26.9579 3.4685 0.8483
-33.9760 -34.2824 4.0859 0.8239
-10.7690 -21.8580 2.0627 0.9068
-5.7107 -14.0538 1.2842 0.9409
-4.6870 -16.4072 1.4445 0.9338
-4.0307 -16.3047 1.4218 0.9348
2.1083 -46.9434 3.9779 0.8281
8.9148 -39.0582 3.3914 0.8514
10.5621 -39.6556 3.4740 0.8481
12.3691 -40.5298 3.5872 0.8436
18.4223 -43.1011 3.9679 0.8285
37.1284 0.6666 3.1435 0.8615
31.3528 3.9608 2.6752 0.8809
26.5630 5.3147 2.2932 0.8970
22.2209 7.0001 1.9722 0.9107
20.6239 8.1656 1.8777 0.9148
27.2236 13.1102 2.5579 0.8858
17.2856 9.1027 1.6538 0.9246
16.4767 9.4472 1.6078 0.9266
18.7533 15.7998 2.0758 0.9063
11.1870 11.7007 1.3704 0.9371
10.8228 12.1656 1.3784 0.9367
10.2538 12.3947 1.3617 0.9375
13.0662 18.3278 1.9054 0.9136
12.5523 19.0159 1.9288 0.9126
11.8491 19.4338 1.9268 0.9127
6.4546 13.7168 1.2833 0.9410
5.5558 14.4088 1.3073 0.9399
6.6189 21.6882 1.9196 0.9130
2.4195 15.7330 1.3475 0.9381
1.8730 15.9788 1.3619 0.9375
1.2887 15.9175 1.3519 0.9379
0.7256 16.1574 1.3691 0.9371
-0.4566 16.9529 1.4356 0.9342
-2.4623 24.8571 2.1145 0.9046
-2.4649 18.1963 1.5544 0.9289
-3.1170 18.0990 1.5547 0.9289
-1.7070 8.1506 0.7049 0.9671
-8.2406 20.2797 1.8531 0.9159
-9.7030 19.6943 1.8585 0.9156
-12.5517 23.3249 2.2422 0.8991
-14.3221 22.5679 2.2627 0.8983
-16.8960 24.6233 2.5280 0.8870
-18.4843 24.9671 2.6297 0.8828
-25.0115 27.1182 3.1230 0.8624
-20.3886 15.3799 2.1619 0.9026
-46.8682 -15.6950 4.1841 0.8200
-22.6314 -8.4938 2.0463 0.9075
-43.7837 -22.0620 4.1504 0.8213
-39.7836 -23.7696 3.9231 0.8302
-33.1356 -21.4481 3.3414 0.8535
-36.1809 -25.3072 3.7377 0.8376
-32.2884 -30.3209 3.7495 0.8371
-33.9760 -34.2824 4.0859 0.8239
-10.7690 -21.8580 2.0627 0.9068
-5.7107 -14.0538 1.2842 0.9409
-4.0307 -16.3047 1.4218 0.9348
-1.6306 -25.9186 2.1984 0.9010
2.1083 -46.9433 3.9779 0.8281
3.5303 -43.6053 3.7034 0.8389
10.5621 -39.6556 3.4740 0.8481
12.3691 -40.5298 3.5872 0.8436
18.4224 -43.1011 3.9679 0.8285
38.6395 -9.1848 3.3621 0.8526
46.2463 -2.4930 3.9206 0.8303
41.8698 -0.7517 3.5450 0.8453
37.1285 0.6667 3.1435 0.8615
16.1548 0.8709 1.3695 0.9371
31.9109 2.8721 2.7122 0.8793
31.3528 3.9608 2.6752 0.8809
40.0513 6.5279 3.4352 0.8497
21.4754 7.6230 1.9291 0.9126
20.6239 8.1656 1.8777 0.9148
20.9531 9.1791 1.9365 0.9123
17.2856 9.1027 1.6538 0.9246
16.4767 9.4472 1.6078 0.9266
16.0053 9.9569 1.5957 0.9271
18.7534 15.7998 2.0758 0.9063
10.8228 12.1656 1.3784 0.9367
10.2538 12.3947 1.3617 0.9375
11.8491 19.4339 1.9268 0.9127
7.5966 13.5291 1.3135 0.9396
6.4546 13.7168 1.2833 0.9410
5.9540 13.9301 1.2824 0.9410
5.5558 14.4088 1.3073 0.9399
5.0409 14.6162 1.3088 0.9398
6.6189 21.6882 1.9196 0.9130
4.9694 21.7727 1.8905 0.9143
4.1619 21.8173 1.8802 0.9147
2.4195 15.7330 1.3475 0.9381
1.8730 15.9788 1.3619 0.9375
-1.5251 24.2400 2.0560 0.9071
-9.3179 28.6774 2.5526 0.8860
-9.1376 20.3593 1.8891 0.9143
-12.5517 23.3249 2.2422 0.8991
-16.8960 24.6232 2.5280 0.8870
-18.4843 24.9671 2.6297 0.8828
-25.0115 27.1182 3.1230 0.8624
-20.3887 15.3799 2.1619 0.9026
-45.1235 0.0000 2.7981 0.8346
-46.8681 -15.6949 3.0649 0.8203
-43.9771 -16.5049 2.9128 0.8284
-28.8607 -13.2657 1.9697 0.8805
-36.1079 -19.8505 2.5551 0.8478
-39.6137 -23.6681 2.8615 0.8312
-36.3603 -27.4279 2.8243 0.8332
-19.6308 -17.1509 1.6165 0.9008
-32.2883 -30.3207 2.7466 0.8374
-33.9759 -34.2823 2.9930 0.8241
-10.2647 -22.8704 1.5545 0.9044
-5.7102 -14.0524 0.9406 0.9410
-1.6261 -25.8466 1.6059 0.9014
3.5303 -43.6055 2.7128 0.8392
5.8636 -38.1282 2.3921 0.8568
7.2996 -38.2658 2.4157 0.8555
5.2265 -19.6231 1.2593 0.9218
5.7308 -18.7781 1.2175 0.9243
6.5038 -18.8578 1.2370 0.9232
16.2198 -42.0659 2.7957 0.8347
18.4223 -43.1012 2.9067 0.8287
37.1284 0.6666 2.3027 0.8617
16.1502 0.8706 1.0029 0.9372
31.9110 2.8720 1.9868 0.8795
31.1558 3.9359 1.9473 0.8817
28.4721 4.6406 1.7889 0.8908
25.9993 6.1802 1.6571 0.8984
21.4754 7.6229 1.4131 0.9127
27.0034 13.0041 1.8585 0.8868
17.2856 9.1027 1.2114 0.9247
16.0039 9.9560 1.1688 0.9272
15.3324 10.3196 1.1461 0.9286
20.7268 15.0589 1.5887 0.9024
19.5138 15.2772 1.5368 0.9055
12.5920 11.4063 1.0536 0.9342
11.7665 11.4538 1.0183 0.9363
10.8220 12.1647 1.0096 0.9368
10.2531 12.3938 0.9974 0.9376
12.6268 19.1287 1.4213 0.9122
11.8619 19.4546 1.4129 0.9127
7.0875 13.7569 0.9596 0.9399
5.9540 13.9301 0.9394 0.9411
5.5554 14.4078 0.9575 0.9400
6.6189 21.6882 1.4061 0.9131
5.8624 22.0105 1.4125 0.9128
4.1619 21.8173 1.3773 0.9148
2.4194 15.7319 0.9870 0.9382
1.8729 15.9776 0.9976 0.9376
1.2887 15.9175 0.9903 0.9380
0.7256 16.1574 1.0029 0.9372
-3.1167 18.0975 1.1387 0.9290
-1.7048 8.1403 0.5157 0.9672
-1.9618 7.9358 0.5069 0.9678
-2.2931 8.0273 0.5177 0.9671
-9.2424 28.4453 1.8547 0.8870
-7.5835 20.7709 1.3712 0.9152
-13.0858 22.3552 1.6063 0.9014
-22.1134 32.2269 2.4236 0.8550
-19.8884 24.9393 1.9780 0.8800
-20.3946 23.7708 1.9422 0.8820
-43.9771 -16.5049 2.9128 0.8284
-28.8607 -13.2657 1.9697 0.8805
-36.1079 -19.8505 2.5551 0.8478
-39.6136 -23.6681 2.8615 0.8312
-36.0238 -25.1974 2.7261 0.8385
-36.3603 -27.4279 2.8243 0.8332
-31.8752 -25.8911 2.5465 0.8483
-19.6308 -17.1510 1.6165 0.9008
-32.2883 -30.3208 2.7466 0.8374
-11.9205 -22.1519 1.5599 0.9041
-10.2647 -22.8704 1.5545 0.9044
-4.0277 -16.2926 1.0407 0.9350
-1.6261 -25.8466 1.6059 0.9014
2.1082 -46.9436 2.9139 0.8283
4.8508 -41.3818 2.5837 0.8462
5.8636 -38.1282 2.3921 0.8568
7.2996 -38.2658 2.4157 0.8555
8.9828 -39.3561 2.5032 0.8506
5.2265 -19.6231 1.2593 0.9218
5.7308 -18.7781 1.2175 0.9243
18.4223 -43.1011 2.9066 0.8287
20.7030 -43.9962 3.0152 0.8229
38.6109 -9.1780 2.4610 0.8530
42.2003 -0.7577 2.6173 0.8444
37.1284 0.6666 2.3027 0.8617
16.1502 0.8706 1.0029 0.9372
31.9110 2.8720 1.9868 0.8795
31.1558 3.9359 1.9473 0.8817
25.9993 6.1802 1.6572 0.8984
22.2209 7.0001 1.4447 0.9109
21.4754 7.6229 1.4131 0.9127
17.2856 9.1027 1.2114 0.9247
12.5920 11.4063 1.0536 0.9342
11.7665 11.4538 1.0183 0.9363
11.1870 11.7007 1.0038 0.9372
10.8220 12.1647 1.0096 0.9368
13.6580 17.7718 1.3899 0.9141
13.0653 18.3265 1.3957 0.9137
7.5961 13.5282 0.9621 0.9397
6.4546 13.7168 0.9400 0.9411
5.9540 13.9301 0.9394 0.9411
5.0406 14.6152 0.9587 0.9399
4.9691 21.7712 1.3848 0.9144
4.1619 21.8173 1.3773 0.9148
0.7256 16.1574 1.0029 0.9372
0.1500 16.7073 1.0361 0.9352
-1.5250 24.2400 1.5061 0.9072
-2.4716 24.9510 1.5548 0.9044
-1.9618 7.9358 0.5069 0.9678
-9.2425 28.4454 1.8547 0.8870
-9.7091 19.7067 1.3623 0.9157
-13.0858 22.3552 1.6063 0.9014
-22.1134 32.2269 2.4236 0.8550
-18.2942 24.7103 1.9065 0.8841
-19.8884 24.9393 1.9780 0.8800
-20.3946 23.7708 1.9422 0.8820
-25.0114 27.1182 2.2876 0.8626
-45.1235 -0.0000 2.7981 0.8346
-46.8682 -15.6949 3.0649 0.8203
-43.6434 -21.9913 3.0305 0.8221
-36.1079 -19.8505 2.5551 0.8478
-39.6136 -23.6681 2.8615 0.8312
-33.1356 -21.4481 2.4476 0.8537
-36.0238 -25.1974 2.7261 0.8385
-33.9760 -34.2824 2.9930 0.8241
-11.9204 -22.1519 1.5599 0.9041
-10.2646 -22.8704 1.5545 0.9044
2.1082 -46.9435 2.9139 0.8283
4.8508 -41.3818 2.5837 0.8462
7.2996 -38.2658 2.4157 0.8555
5.2265 -19.6231 1.2593 0.9218
6.5038 -18.8578 1.2370 0.9232
16.2198 -42.0659 2.7957 0.8347
18.4223 -43.1011 2.9066 0.8287
20.7031 -43.9961 3.0152 0.8229
38.6109 -9.1780 2.4610 0.8530
37.1284 0.6666 2.3027 0.8617
16.1502 0.8706 1.0029 0.9372
31.1558 3.9359 1.9473 0.8817
25.9993 6.1802 1.6572 0.8984
21.8278 6.0241 1.4042 0.9132
22.2209 7.0001 1.4447 0.9109
20.6251 8.1660 1.3756 0.9149
27.0033 13.0042 1.8585 0.8868
19.5138 15.2772 1.5368 0.9055
18.7533 15.7998 1.5206 0.9064
11.1870 11.7007 1.0038 0.9372
10.8220 12.1647 1.0096 0.9368
10.2530 12.3938 0.9974 0.9376
13.6579 17.7719 1.3899 0.9141
7.0874 13.7569 0.9596 0.9399
6.4546 13.7168 0.9400 0.9411
5.5554 14.4078 0.9576 0.9400
6.6189 21.6882 1.4061 0.9131
4.9691 21.7712 1.3848 0.9144
4.1618 21.8173 1.3773 0.9148
1.8729 15.9776 0.9976 0.9376
1.2887 15.9176 0.9903 0.9380
0.1500 16.7073 1.0361 0.9352
-1.5250 24.2400 1.5061 0.9072
-2.4651 18.1977 1.1388 0.9290
-1.7048 8.1403 0.5157 0.9672
-2.2931 8.0273 0.5177 0.9671
-9.2425 28.4454 1.8547 0.8870
-7.5835 20.7709 1.3712 0.9152
-9.1376 20.3593 1.3838 0.9144
-13.0858 22.3552 1.6063 0.9014
-14.3221 22.5679 1.6575 0.8984
-22.1134 32.2269 2.4236 0.8550
-18.2942 24.7103 1.9065 0.8841
-19.8885 24.9393 1.9781 0.8800
-45.1235 0.0000 2.7981 0.8346
-28.8606 -13.2657 1.9697 0.8805
-36.1079 -19.8505 2.5551 0.8478
-39.6136 -23.6681 2.8615 0.8312
-33.1356 -21.4481 2.4476 0.8537
-36.0238 -25.1974 2.7261 0.8385
-31.8751 -25.8911 2.5465 0.8483
-19.6308 -17.1510 1.6165 0.9008
-32.2883 -30.3209 2.7466 0.8373
-33.9760 -34.2824 2.9930 0.8241
-23.7462 -27.6772 2.2614 0.8640
-11.9204 -22.1519 1.5599 0.9041
-10.3936 -21.0960 1.4583 0.9101
-5.7102 -14.0524 0.9406 0.9410
2.1083 -46.9434 2.9139 0.8283
3.5303 -43.6053 2.7128 0.8392
4.8508 -41.3817 2.5837 0.8462
5.8637 -38.1282 2.3921 0.8568
8.9828 -39.3561 2.5032 0.8506
16.2199 -42.0659 2.7957 0.8347
18.4224 -43.1011 2.9066 0.8287
38.6109 -9.1780 2.4610 0.8530
42.2003 -0.7576 2.6173 0.8444
31.1558 3.9359 1.9473 0.8817
28.4721 4.6406 1.7889 0.8908
25.9993 6.1802 1.6572 0.8984
21.8278 6.0241 1.4041 0.9132
22.2208 7.0002 1.4447 0.9109
16.0039 9.9560 1.1688 0.9272
15.3324 10.3196 1.1461 0.9286
20.7267 15.0589 1.5887 0.9024
19.5137 15.2772 1.5368 0.9055
18.7534 15.7998 1.5206 0.9064
11.7665 11.4539 1.0183 0.9363
11.1870 11.7007 1.0038 0.9372
10.2530 12.3938 0.9974 0.9376
13.0652 18.3265 1.3957 0.9137
7.5961 13.5282 0.9621 0.9397
6.4546 13.7168 0.9400 0.9411
5.9540 13.9301 0.9394 0.9411
5.5554 14.4078 0.9575 0.9400
4.9691 21.7712 1.3848 0.9144
1.2887 15.9176 0.9903 0.9380
0.7256 16.1574 1.0029 0.9372
-2.4651 18.1977 1.1388 0.9290
-3.1167 18.0975 1.1387 0.9290
-1.7048 8.1403 0.5157 0.9672
-9.2425 28.4454 1.8547 0.8870
-8.2399 20.2777 1.3573 0.9160
-9.1376 20.3593 1.3838 0.9144
-9.7091 19.7067 1.3623 0.9157
-12.6197 23.4514 1.6514 0.8988
-13.0858 22.3552 1.6063 0.9014
-14.3220 22.5679 1.6575 0.8984
-18.2942 24.7103 1.9065 0.8841
-20.3993 15.3879 1.5845 0.9027
-37.8043 -11.1674 1.5543 0.8540
-43.9771 -16.5049 1.8522 0.8286
-43.6458 -21.9925 1.9271 0.8223
-36.1079 -19.8505 1.6247 0.8479
-33.1356 -21.4481 1.5564 0.8538
-36.0612 -25.2235 1.7352 0.8385
-31.8752 -25.8911 1.6193 0.8484
-19.6363 -17.1557 1.0282 0.9009
-10.8486 -22.0196 0.9679 0.9064
-5.7094 -14.0505 0.5980 0.9411
-1.6327 -25.9516 1.0252 0.9011
4.8508 -41.3818 1.6429 0.8464
5.8636 -38.1282 1.5211 0.8569
7.2996 -38.2658 1.5361 0.8556
4.3790 -19.1858 0.7760 0.9242
12.4634 -40.8389 1.6836 0.8429
7.2300 -20.9635 0.8744 0.9151
16.3920 -42.5125 1.7966 0.8333
20.8741 -44.3597 1.9331 0.8218
38.5825 -9.1713 1.5637 0.8532
46.2463 -2.4931 1.8262 0.8308
41.9869 -0.7538 1.6559 0.8453
16.2478 0.2917 0.6408 0.9370
16.1457 0.8704 0.6376 0.9373
31.9110 2.8720 1.2634 0.8796
31.2552 3.9485 1.2422 0.8815
28.4686 4.6401 1.1374 0.8910
26.7101 5.3441 1.0741 0.8967
20.6262 8.1665 0.8747 0.9150
27.3112 13.1524 1.1953 0.8857
16.4767 9.4472 0.7489 0.9268
20.7251 15.0577 1.0101 0.9025
12.5910 11.4054 0.6699 0.9343
10.8213 12.1638 0.6420 0.9369
13.6580 17.7718 0.8838 0.9142
13.0644 18.3252 0.8874 0.9138
12.6268 19.1287 0.9038 0.9123
11.9971 19.6764 0.9087 0.9119
6.4546 13.7168 0.5978 0.9411
6.6944 21.9354 0.9043 0.9123
5.9292 22.2613 0.9084 0.9119
2.4192 15.7308 0.6276 0.9383
1.8728 15.9765 0.6343 0.9376
0.7256 16.1574 0.6377 0.9373
0.1500 16.7061 0.6588 0.9353
-0.4565 16.9504 0.6686 0.9344
-1.5250 24.2400 0.9577 0.9073
-2.4652 18.1992 0.7242 0.9291
-3.1164 18.0960 0.7240 0.9291
-1.9594 7.9260 0.3219 0.9678
-2.2924 8.0247 0.3291 0.9671
-9.3478 28.7696 1.1928 0.8860
-7.5838 20.7720 0.8719 0.9153
-8.2390 20.2757 0.8630 0.9161
-12.6204 23.4525 1.0501 0.8989
-13.0864 22.3564 1.0215 0.9015
-14.3220 22.5679 1.0539 0.8985
-18.2950 24.7114 1.2124 0.8842
-23.6448 27.5591 1.4318 0.8647
-25.0114 27.1182 1.4547 0.8627
-43.9771 -16.5049 1.8522 0.8286
-28.6428 -13.1655 1.2430 0.8814
-43.6458 -21.9925 1.9271 0.8223
-36.1079 -19.8505 1.6247 0.8479
-39.6548 -23.6926 1.8215 0.8312
-36.0612 -25.2235 1.7352 0.8385
-31.8752 -25.8911 1.6193 0.8484
-32.2883 -30.3207 1.7465 0.8375
-10.8486 -22.0196 0.9679 0.9064
-4.0247 -16.2806 0.6613 0.9351
-1.6327 -25.9516 1.0252 0.9011
2.1082 -46.9436 1.8529 0.8285
3.5899 -44.3416 1.7542 0.8369
4.8508 -41.3818 1.6429 0.8464
5.8637 -38.1282 1.5211 0.8569
4.3790 -19.1858 0.7760 0.9242
12.4634 -40.8389 1.6836 0.8429
18.5667 -43.4389 1.8627 0.8277
38.5825 -9.1713 1.5637 0.8532
41.9869 -0.7538 1.6559 0.8453
16.1457 0.8704 0.6376 0.9373
31.2552 3.9485 1.2422 0.8815
28.4686 4.6401 1.1374 0.8910
22.2209 7.0001 0.9186 0.9110
21.4754 7.6230 0.8986 0.9128
16.0026 9.9552 0.7431 0.9273
20.7251 15.0577 1.0101 0.9025
18.7533 15.7998 0.9669 0.9065
10.2523 12.3929 0.6342 0.9376
13.6580 17.7718 0.8838 0.9142
13.0644 18.3252 0.8874 0.9138
7.5956 13.5273 0.6117 0.9398
7.0870 13.7560 0.6102 0.9399
5.0402 14.6142 0.6096 0.9400
6.6943 21.9354 0.9043 0.9123
5.9292 22.2614 0.9084 0.9119
4.9688 21.7697 0.8805 0.9145
2.4192 15.7308 0.6276 0.9383
1.8728 15.9765 0.6343 0.9376
0.7256 16.1574 0.6377 0.9373
-0.4565 16.9504 0.6686 0.9344
-2.4714 24.9491 0.9886 0.9045
-2.2924 8.0247 0.3291 0.9671
-9.3478 28.7696 1.1928 0.8860
-7.5838 20.7719 0.8719 0.9153
-8.2390 20.2757 0.8630 0.9161
-13.0865 22.3564 1.0215 0.9015
-14.3220 22.5679 1.0539 0.8985
-22.1134 32.2269 1.5411 0.8552
-18.2950 24.7114 1.2124 0.8842
-19.8884 24.9393 1.2578 0.8801
-23.6448 27.5591 1.4318 0.8647
-25.0114 27.1182 1.4547 0.8627
-20.4099 15.3959 1.0081 0.9027
-45.2963 -0.0000 1.7861 0.8342
-46.8682 -15.6949 1.9489 0.8205
-43.9771 -16.5049 1.8522 0.8286
-28.6428 -13.1655 1.2430 0.8814
-43.6457 -21.9925 1.9271 0.8223
-36.1079 -19.8505 1.6247 0.8479
-33.1356 -21.4481 1.5564 0.8538
-36.0611 -25.2235 1.7352 0.8385
-32.2883 -30.3209 1.7465 0.8375
-1.6327 -25.9516 1.0252 0.9011
2.1082 -46.9435 1.8529 0.8285
5.8637 -38.1282 1.5211 0.8569
7.2996 -38.2658 1.5361 0.8556
4.3790 -19.1858 0.7760 0.9242
5.8738 -22.0534 0.8999 0.9127
12.4635 -40.8389 1.6836 0.8429
7.2301 -20.9635 0.8744 0.9151
16.3920 -42.5125 1.7966 0.8333
18.5667 -43.4389 1.8627 0.8277
14.9430 -24.5080 1.1318 0.8914
38.5825 -9.1713 1.5637 0.8532
46.2463 -2.4930 1.8262 0.8308
41.9869 -0.7538 1.6559 0.8453
16.2478 0.2917 0.6408 0.9370
16.1457 0.8704 0.6376 0.9373
31.9110 2.8720 1.2633 0.8796
31.2552 3.9485 1.2422 0.8815
28.4686 4.6401 1.1374 0.8910
34.0337 9.3927 1.3922 0.8682
22.2209 7.0001 0.9187 0.9110
28.3627 12.4250 1.2210 0.8834
27.3111 13.1524 1.1953 0.8857
17.2856 9.1027 0.7703 0.9248
16.0026 9.9552 0.7431 0.9273
15.3337 10.3205 0.7288 0.9287
20.7251 15.0577 1.0101 0.9025
19.5138 15.2772 0.9772 0.9056
18.7533 15.7998 0.9669 0.9065
12.5910 11.4054 0.6699 0.9343
10.8212 12.1638 0.6420 0.9369
10.2523 12.3929 0.6342 0.9376
13.6579 17.7719 0.8838 0.9142
13.0644 18.3252 0.8874 0.9138
11.9970 19.6764 0.9087 0.9119
7.0870 13.7560 0.6102 0.9399
4.9688 21.7697 0.8805 0.9145
4.1619 21.8173 0.8758 0.9149
0.1499 16.7061 0.6588 0.9353
-0.4565 16.9504 0.6686 0.9344
-2.4653 18.1992 0.7242 0.9291
-2.2924 8.0247 0.3291 0.9671
-7.5838 20.7719 0.8719 0.9153
-10.4562 21.2230 0.9329 0.9096
-12.6204 23.4525 1.0501 0.8989
-14.3221 22.5679 1.0539 0.8985
-22.1134 32.2269 1.5411 0.8552
-19.8885 24.9393 1.2578 0.8801
-25.0115 27.1182 1.4547 0.8627
-37.8043 -11.1674 1.5543 0.8540
-46.8682 -15.6950 1.9489 0.8205
-43.9770 -16.5049 1.8522 0.8286
-28.6427 -13.1656 1.2430 0.8814
-43.6457 -21.9925 1.9271 0.8223
-36.1079 -19.8505 1.6247 0.8479
-39.6548 -23.6926 1.8215 0.8312
-36.0612 -25.2235 1.7352 0.8385
-31.8751 -25.8911 1.6192 0.8484
-19.6362 -17.1557 1.0282 0.9009
-33.9759 -34.2823 1.9032 0.8243
-10.8486 -22.0196 0.9679 0.9064
-1.6327 -25.9516 1.0252 0.9011
2.1083 -46.9434 1.8529 0.8285
4.8508 -41.3818 1.6429 0.8464
5.8637 -38.1282 1.5211 0.8569
5.8738 -22.0534 0.8999 0.9127
7.2301 -20.9636 0.8744 0.9151
46.2463 -2.4930 1.8262 0.8308
41.9869 -0.7537 1.6559 0.8453
28.4686 4.6401 1.1374 0.8910
26.7101 5.3442 1.0741 0.8967
34.0337 9.3927 1.3922 0.8682
21.4754 7.6230 0.8986 0.9128
20.6263 8.1665 0.8747 0.9150
28.3626 12.4251 1.2210 0.8834
16.4767 9.4472 0.7489 0.9268
16.0026 9.9552 0.7431 0.9273
20.7251 15.0577 1.0101 0.9025
12.5910 11.4054 0.6699 0.9343
11.1870 11.7007 0.6383 0.9373
10.2523 12.3929 0.6342 0.9376
7.0870 13.7560 0.6102 0.9399
6.4546 13.7168 0.5978 0.9411
5.9540 13.9301 0.5973 0.9412
5.0402 14.6142 0.6096 0.9400
6.6943 21.9354 0.9043 0.9123
5.9292 22.2614 0.9084 0.9119
2.4192 15.7308 0.6276 0.9383
1.8728 15.9765 0.6343 0.9376
0.1499 16.7061 0.6588 0.9353
-2.4653 18.1992 0.7242 0.9291
-1.7027 8.1300 0.3275 0.9673
-2.2924 8.0247 0.3291 0.9671
-7.5839 20.7719 0.8719 0.9153
-10.4562 21.2230 0.9329 0.9096
-13.0865 22.3564 1.0215 0.9015
-14.3220 22.5679 1.0539 0.8985
-19.8885 24.9393 1.2578 0.8801
-23.6449 27.5590 1.4318 0.8647
-20.4099 15.3959 1.0081 0.9027
-43.9771 -16.5049 0.7935 0.8287
-42.6373 -21.4843 0.8065 0.8261
-38.9939 -23.2978 0.7673 0.8338
-33.1356 -21.4481 0.6667 0.8539
-36.0238 -25.1974 0.7426 0.8387
-36.3603 -27.4278 0.7693 0.8334
-31.8752 -25.8911 0.6937 0.8485
-30.8557 -26.9578 0.6921 0.8488
-32.2883 -30.3207 0.7482 0.8376
-10.8486 -22.0196 0.4146 0.9065
-5.7087 -14.0487 0.2562 0.9411
-1.6327 -25.9516 0.4392 0.9012
3.5899 -44.3417 0.7515 0.8370
4.8508 -41.3819 0.7038 0.8465
5.5239 -35.9190 0.6139 0.8647
7.2996 -38.2658 0.6580 0.8557
4.3853 -19.2132 0.3329 0.9242
18.5667 -43.4389 0.7980 0.8278
20.8741 -44.3598 0.8281 0.8219
46.2463 -2.4931 0.7823 0.8309
41.9886 -0.7539 0.7094 0.8453
16.2253 0.2913 0.2741 0.9371
16.1413 0.8701 0.2731 0.9374
31.2566 3.9486 0.5322 0.8816
28.4651 4.6395 0.4872 0.8910
26.7101 5.3442 0.4601 0.8968
26.0018 6.1808 0.4515 0.8986
22.2209 7.0001 0.3936 0.9110
20.6275 8.1670 0.3748 0.9151
28.3627 12.4250 0.5230 0.8835
27.3112 13.1524 0.5120 0.8858
17.2856 9.1026 0.3300 0.9248
20.7235 15.0565 0.4327 0.9026
18.7534 15.7998 0.4142 0.9066
11.1870 11.7007 0.2735 0.9373
13.0635 18.3239 0.3801 0.9139
11.9971 19.6764 0.3893 0.9119
7.5951 13.5264 0.2620 0.9398
7.0865 13.7551 0.2614 0.9400
6.4546 13.7168 0.2561 0.9412
5.5546 14.4059 0.2608 0.9401
5.0399 14.6132 0.2611 0.9400
2.4190 15.7296 0.2688 0.9383
1.2887 15.9175 0.2698 0.9381
0.1500 16.7049 0.2822 0.9354
-2.4654 18.2007 0.3102 0.9292
-3.1162 18.0946 0.3101 0.9292
-1.9570 7.9162 0.1377 0.9679
-9.3478 28.7696 0.5110 0.8860
-7.5842 20.7730 0.3735 0.9153
-9.1376 20.3593 0.3770 0.9146
-22.1134 32.2269 0.6602 0.8553
-18.2959 24.7126 0.5194 0.8843
-19.8884 24.9393 0.5388 0.8802
-23.6458 27.5602 0.6134 0.8648
-20.4204 15.4039 0.4321 0.9027
-46.8681 -15.6949 0.8349 0.8206
-43.9771 -16.5049 0.7935 0.8287
-36.1079 -19.8505 0.6960 0.8480
-38.9939 -23.2978 0.7673 0.8338
-31.8752 -25.8911 0.6937 0.8485
-32.2883 -30.3207 0.7482 0.8376
-10.8486 -22.0196 0.4146 0.9065
-5.7087 -14.0487 0.2562 0.9411
-1.6327 -25.9516 0.4392 0.9012
2.1082 -46.9436 0.7938 0.8286
4.8508 -41.3819 0.7038 0.8465
7.2996 -38.2658 0.6580 0.8557
4.3853 -19.2132 0.3329 0.9242
14.3640 -41.6485 0.7442 0.8384
16.3920 -42.5125 0.7696 0.8334
20.8741 -44.3598 0.8281 0.8219
14.7740 -24.2309 0.4794 0.8927
38.5541 -9.1645 0.6694 0.8534
46.2463 -2.4930 0.7823 0.8309
41.9886 -0.7539 0.7094 0.8453
16.1413 0.8701 0.2731 0.9374
31.2566 3.9486 0.5322 0.8816
28.4651 4.6395 0.4872 0.8910
34.0299 9.3916 0.5963 0.8683
22.2209 7.0001 0.3936 0.9110
21.4754 7.6230 0.3849 0.9129
20.6275 8.1670 0.3748 0.9151
27.3112 13.1524 0.5120 0.8858
17.2856 9.1027 0.3300 0.9248
16.0012 9.9544 0.3183 0.9274
15.3349 10.3213 0.3122 0.9287
19.5138 15.2772 0.4186 0.9056
18.7534 15.7998 0.4142 0.9066
12.5901 11.4046 0.2870 0.9343
11.1870 11.7007 0.2734 0.9373
10.2516 12.3920 0.2717 0.9377
12.6268 19.1288 0.3872 0.9124
7.5951 13.5264 0.2620 0.9398
5.9540 13.9301 0.2559 0.9412
5.0399 14.6132 0.2611 0.9400
6.6944 21.9354 0.3874 0.9123
4.9684 21.7682 0.3772 0.9145
2.4190 15.7296 0.2688 0.9383
1.8726 15.9754 0.2717 0.9377
1.2887 15.9175 0.2698 0.9381
0.7256 16.1574 0.2732 0.9373
-1.5251 24.2400 0.4102 0.9074
-2.4712 24.9472 0.4235 0.9046
-1.7005 8.1198 0.1401 0.9674
-2.2917 8.0222 0.1409 0.9672
-9.3478 28.7696 0.5110 0.8860
-12.6210 23.4537 0.4499 0.8989
-14.3220 22.5679 0.4515 0.8986
-19.8884 24.9393 0.5388 0.8802
-20.4204 15.4039 0.4321 0.9027
-43.9771 -16.5049 0.7935 0.8287
-39.7816 -18.2855 0.7396 0.8393
-38.9939 -23.2978 0.7673 0.8338
-36.0237 -25.1974 0.7426 0.8387
-10.8486 -22.0196 0.4146 0.9065
-5.7087 -14.0487 0.2562 0.9411
-1.6327 -25.9516 0.4392 0.9012
2.1082 -46.9435 0.7938 0.8286
7.2996 -38.2658 0.6580 0.8557
5.9749 -19.5777 0.3458 0.9214
14.3640 -41.6485 0.7442 0.8384
16.3920 -42.5125 0.7696 0.8334
18.5667 -43.4389 0.7980 0.8278
20.8742 -44.3598 0.8281 0.8219
14.7740 -24.2309 0.4794 0.8927
38.5541 -9.1645 0.6694 0.8534
16.2253 0.2913 0.2741 0.9371
31.2566 3.9487 0.5322 0.8816
28.4651 4.6395 0.4872 0.8910
26.7101 5.3442 0.4601 0.8968
21.4754 7.6230 0.3849 0.9129
20.6275 8.1670 0.3748 0.9151
28.3627 12.4251 0.5230 0.8835
27.3111 13.1524 0.5120 0.8858
16.0012 9.9544 0.3183 0.9274
20.7235 15.0565 0.4327 0.9026
12.5901 11.4046 0.2870 0.9343
10.2516 12.3920 0.2717 0.9377
13.0634 18.3239 0.3801 0.9139
12.6268 19.1288 0.3872 0.9124
7.5951 13.5264 0.2620 0.9398
6.4546 13.7168 0.2561 0.9412
5.9540 13.9301 0.2559 0.9412
0.7256 16.1574 0.2732 0.9373
0.1499 16.7049 0.2822 0.9354
-2.4712 24.9472 0.4235 0.9046
-2.4655 18.2006 0.3102 0.9292
-1.7005 8.1198 0.1401 0.9674
-9.3478 28.7696 0.5110 0.8860
-7.5842 20.7730 0.3735 0.9153
-8.2382 20.2737 0.3697 0.9162
-10.4551 21.2208 0.3996 0.9097
-13.0871 22.3575 0.4376 0.9016
-18.2959 24.7126 0.5194 0.8843
-23.6458 27.5602 0.6134 0.8648
-43.9770 -16.5049 0.7934 0.8287
-42.6372 -21.4844 0.8065 0.8261
-33.1356 -21.4481 0.6667 0.8539
-36.0238 -25.1974 0.7426 0.8387
-36.3603 -27.4280 0.7693 0.8334
-30.8557 -26.9579 0.6921 0.8488
-32.2883 -30.3208 0.7482 0.8376
-10.8486 -22.0196 0.4146 0.9065
-1.6327 -25.9516 0.4392 0.9012
3.5899 -44.3416 0.7515 0.8370
4.8508 -41.3818 0.7038 0.8465
5.5239 -35.9191 0.6139 0.8647
7.2996 -38.2658 0.6580 0.8557
5.2735 -19.7996 0.3461 0.9213
18.5668 -43.4389 0.7980 0.8278
14.7740 -24.2309 0.4794 0.8927
38.5541 -9.1645 0.6694 0.8534
46.2463 -2.4930 0.7823 0.8309
41.9887 -0.7538 0.7094 0.8453
28.4651 4.6395 0.4872 0.8910
34.0299 9.3916 0.5963 0.8683
22.2209 7.0002 0.3935 0.9110
20.6275 8.1670 0.3748 0.9151
27.3111 13.1524 0.5120 0.8858
17.2856 9.1027 0.3300 0.9248
16.4767 9.4472 0.3208 0.9268
19.5137 15.2772 0.4186 0.9056
18.7534 15.7999 0.4142 0.9066
12.5901 11.4046 0.2870 0.9343
10.8205 12.1629 0.2750 0.9369
10.2516 12.3920 0.2717 0.9377
13.0634 18.3240 0.3801 0.9139
7.0865 13.7551 0.2614 0.9400
6.6943 21.9354 0.3874 0.9123
4.9684 21.7682 0.3772 0.9145
4.1618 21.8173 0.3752 0.9150
2.4190 15.7296 0.2688 0.9383
1.2887 15.9175 0.2698 0.9381
0.1499 16.7049 0.2822 0.9354
-1.5251 24.2400 0.4103 0.9074
-2.4712 24.9472 0.4235 0.9046
-2.4655 18.2006 0.3102 0.9292
-3.1162 18.0946 0.3101 0.9292
-9.3479 28.7696 0.5110 0.8860
-7.5843 20.7730 0.3735 0.9153
-9.1377 20.3593 0.3770 0.9146
-22.1135 32.2268 0.6602 0.8553
-23.6458 27.5602 0.6134 0.8648
-25.0115 27.1182 0.6232 0.8628
-20.4205 15.4039 0.4321 0.9027
-43.9771 -16.5049 -0.2645 0.8287
-39.7817 -18.2855 -0.2465 0.8393
-33.1356 -21.4481 -0.2222 0.8539
-36.0959 -25.2478 -0.2480 0.8384
-31.8752 -25.8911 -0.2312 0.8485
-32.2882 -30.3207 -0.2494 0.8376
-5.7079 -14.0468 -0.0854 0.9412
-4.0188 -16.2566 -0.0943 0.9352
-1.6327 -25.9516 -0.1464 0.9012
2.1082 -46.9436 -0.2646 0.8286
3.5899 -44.3417 -0.2505 0.8370
5.5190 -35.8871 -0.2044 0.8648
7.2996 -38.2658 -0.2193 0.8557
8.9828 -39.3561 -0.2273 0.8509
14.3640 -41.6485 -0.2480 0.8384
16.3920 -42.5125 -0.2565 0.8334
18.5667 -43.4389 -0.2660 0.8278
14.7219 -24.1454 -0.1592 0.8930
38.5258 -9.1578 -0.2229 0.8535
41.9904 -0.7539 -0.2364 0.8454
16.2028 0.2909 -0.0912 0.9372
16.1368 0.8699 -0.0910 0.9374
28.4616 4.6389 -0.1624 0.8911
34.0261 9.3906 -0.1987 0.8683
22.2209 7.0001 -0.1312 0.9110
17.2856 9.1027 -0.1100 0.9248
20.7219 15.0553 -0.1442 0.9026
19.5138 15.2772 -0.1395 0.9056
18.7534 15.7998 -0.1381 0.9066
10.2508 12.3911 -0.0905 0.9377
13.0625 18.3227 -0.1267 0.9139
11.9971 19.6764 -0.1298 0.9119
7.5946 13.5254 -0.0873 0.9398
6.4546 13.7168 -0.0853 0.9412
5.9540 13.9301 -0.0853 0.9412
5.5543 14.4049 -0.0869 0.9401
5.0395 14.6122 -0.0870 0.9400
5.9292 22.2613 -0.1297 0.9120
4.9681 21.7666 -0.1257 0.9146
4.1619 21.8173 -0.1250 0.9150
2.4188 15.7285 -0.0896 0.9383
1.8725 15.9742 -0.0906 0.9377
1.2887 15.9175 -0.0899 0.9381
0.7256 16.1574 -0.0911 0.9374
0.1499 16.7037 -0.0940 0.9354
-0.4565 16.9478 -0.0955 0.9344
-3.1159 18.0931 -0.1034 0.9292
-1.6984 8.1096 -0.0466 0.9674
-1.9546 7.9065 -0.0459 0.9679
-9.3478 28.7696 -0.1703 0.8860
-7.5846 20.7741 -0.1245 0.9153
-10.4540 21.2186 -0.1332 0.9097
-12.6216 23.4549 -0.1500 0.8989
-14.3220 22.5679 -0.1505 0.8986
-18.2968 24.7138 -0.1731 0.8843
-25.0115 27.1182 -0.2077 0.8628
-20.4310 15.4118 -0.1441 0.9027
-46.8681 -15.6949 -0.2783 0.8206
-42.6906 -21.5112 -0.2691 0.8260
-33.1356 -21.4481 -0.2222 0.8539
-36.0959 -25.2478 -0.2480 0.8384
-36.4799 -27.5181 -0.2573 0.8329
-30.8557 -26.9578 -0.2307 0.8488
-33.9759 -34.2823 -0.2717 0.8244
-10.8486 -22.0196 -0.1382 0.9065
-4.0188 -16.2566 -0.0943 0.9352
2.1082 -46.9436 -0.2646 0.8286
3.5899 -44.3417 -0.2505 0.8370
4.8508 -41.3819 -0.2346 0.8465
7.2996 -38.2658 -0.2193 0.8557
8.9828 -39.3561 -0.2273 0.8509
5.9634 -19.5403 -0.1150 0.9215
20.2318 -42.9948 -0.2675 0.8269
38.5258 -9.1578 -0.2229 0.8535
16.2028 0.2909 -0.0912 0.9372
16.1368 0.8699 -0.0910 0.9374
31.9110 2.8720 -0.1804 0.8797
26.7101 5.3442 -0.1534 0.8968
21.4754 7.6229 -0.1283 0.9129
20.6287 8.1675 -0.1249 0.9151
28.3627 12.4250 -0.1743 0.8835
17.2856 9.1027 -0.1100 0.9248
16.4767 9.4472 -0.1069 0.9268
15.9999 9.9535 -0.1061 0.9274
20.7219 15.0553 -0.1442 0.9026
19.5138 15.2772 -0.1395 0.9056
11.7665 11.4539 -0.0924 0.9364
11.1870 11.7007 -0.0911 0.9373
10.8197 12.1621 -0.0916 0.9370
10.2508 12.3911 -0.0905 0.9377
13.6580 17.7718 -0.1262 0.9142
13.0625 18.3227 -0.1267 0.9139
12.6268 19.1288 -0.1290 0.9124
11.9970 19.6764 -0.1298 0.9119
7.0860 13.7541 -0.0871 0.9400
6.4546 13.7168 -0.0853 0.9412
5.9540 13.9301 -0.0853 0.9412
5.5543 14.4049 -0.0869 0.9401
5.0395 14.6122 -0.0870 0.9400
4.9681 21.7666 -0.1257 0.9146
4.1619 21.8173 -0.1250 0.9150
2.4188 15.7285 -0.0896 0.9383
1.8725 15.9742 -0.0906 0.9377
1.2887 15.9175 -0.0899 0.9381
0.7256 16.1574 -0.0911 0.9374
-0.4565 16.9478 -0.0955 0.9344
-1.5251 24.2400 -0.1367 0.9074
-3.1160 18.0931 -0.1034 0.9292
-1.6984 8.1096 -0.0466 0.9674
-1.9546 7.9065 -0.0459 0.9679
-7.5846 20.7741 -0.1245 0.9153
-8.2374 20.2717 -0.1232 0.9162
-9.1376 20.3593 -0.1256 0.9146
-10.4540 21.2187 -0.1332 0.9097
-12.6216 23.4549 -0.1500 0.8989
-18.2968 24.7138 -0.1731 0.8843
-19.8884 24.9393 -0.1796 0.8802
-25.0115 27.1182 -0.2077 0.8628
-20.4310 15.4118 -0.1441 0.9027
-46.8681 -15.6949 -0.2783 0.8206
-43.9771 -16.5049 -0.2645 0.8287
-39.7816 -18.2855 -0.2465 0.8393
-42.6906 -21.5112 -0.2691 0.8260
-36.1079 -19.8505 -0.2320 0.8480
-33.1356 -21.4481 -0.2222 0.8539
-36.4799 -27.5181 -0.2573 0.8329
-31.8752 -25.8911 -0.2312 0.8485
-5.7079 -14.0468 -0.0854 0.9412
-1.6327 -25.9516 -0.1464 0.9012
0.4287 -47.7553 -0.2689 0.8261
3.5899 -44.3417 -0.2505 0.8370
7.2996 -38.2658 -0.2193 0.8557
8.9828 -39.3561 -0.2273 0.8509
5.9634 -19.5403 -0.1150 0.9215
16.3920 -42.5125 -0.2565 0.8334
18.5667 -43.4389 -0.2660 0.8278
20.2318 -42.9947 -0.2675 0.8269
14.7219 -24.1454 -0.1592 0.8930
16.1368 0.8699 -0.0910 0.9374
31.9110 2.8720 -0.1804 0.8797
31.2580 3.9488 -0.1774 0.8816
21.4754 7.6229 -0.1283 0.9129
20.6287 8.1675 -0.1249 0.9151
28.3627 12.4250 -0.1743 0.8835
27.3111 13.1524 -0.1707 0.8858
16.4767 9.4472 -0.1069 0.9268
20.7219 15.0553 -0.1442 0.9026
19.5138 15.2772 -0.1395 0.9056
18.7534 15.7998 -0.1381 0.9066
12.5892 11.4038 -0.0956 0.9343
11.1870 11.7007 -0.0911 0.9373
10.8197 12.1621 -0.0916 0.9370
12.6268 19.1288 -0.1290 0.9124
11.9970 19.6764 -0.1298 0.9119
7.5945 13.5254 -0.0873 0.9398
7.0860 13.7541 -0.0871 0.9400
5.9540 13.9301 -0.0853 0.9412
5.0395 14.6122 -0.0870 0.9400
6.6944 21.9354 -0.1291 0.9123
4.1619 21.8173 -0.1250 0.9150
2.4188 15.7285 -0.0896 0.9383
1.8725 15.9742 -0.0906 0.9377
-0.4565 16.9478 -0.0955 0.9344
-1.5251 24.2400 -0.1367 0.9074
-2.4657 18.2021 -0.1034 0.9292
-3.1160 18.0931 -0.1034 0.9292
-1.6984 8.1096 -0.0466 0.9674
-7.5846 20.7741 -0.1245 0.9153
-9.1377 20.3593 -0.1256 0.9146
-10.4540 21.2187 -0.1332 0.9097
-14.3221 22.5679 -0.1505 0.8986
-22.1134 32.2269 -0.2200 0.8553
-19.8885 24.9393 -0.1796 0.8802
-25.0115 27.1182 -0.2077 0.8628
-20.4310 15.4118 -0.1441 0.9027
-39.7816 -18.2855 -0.2465 0.8393
-42.6906 -21.5112 -0.2691 0.8260
-33.1356 -21.4481 -0.2222 0.8539
-36.0959 -25.2478 -0.2480 0.8384
-36.4800 -27.5183 -0.2573 0.8329
-32.2883 -30.3208 -0.2494 0.8376
-33.9759 -34.2823 -0.2717 0.8244
-10.8486 -22.0196 -0.1382 0.9065
-5.7079 -14.0468 -0.0854 0.9412
-4.0188 -16.2566 -0.0943 0.9352
-1.6327 -25.9516 -0.1464 0.9012
7.2996 -38.2658 -0.2193 0.8557
5.9634 -19.5403 -0.1150 0.9215
16.3921 -42.5125 -0.2565 0.8334
18.5668 -43.4389 -0.2660 0.8278
20.2318 -42.9947 -0.2675 0.8269
22.2375 -43.1634 -0.2734 0.8235
41.9904 -0.7538 -0.2364 0.8454
16.1368 0.8699 -0.0910 0.9374
28.4616 4.6389 -0.1624 0.8911
26.0031 6.1811 -0.1505 0.8986
34.0261 9.3906 -0.1987 0.8683
27.3111 13.1524 -0.1707 0.8858
16.4767 9.4472 -0.1069 0.9268
15.9999 9.9535 -0.1061 0.9274
15.3361 10.3221 -0.1041 0.9287
20.7218 15.0553 -0.1442 0.9026
18.7534 15.7999 -0.1381 0.9066
12.5892 11.4038 -0.0956 0.9343
11.1870 11.7007 -0.0911 0.9373
12.6268 19.1288 -0.1290 0.9124
5.9540 13.9301 -0.0853 0.9412
5.0395 14.6122 -0.0870 0.9400
6.6943 21.9354 -0.1291 0.9123
5.9292 22.2614 -0.1297 0.9120
4.1619 21.8173 -0.1250 0.9150
0.1499 16.7037 -0.0940 0.9354
-0.4565 16.9478 -0.0955 0.9344
-1.5251 24.2400 -0.1367 0.9074
-2.4711 24.9453 -0.1411 0.9046
-2.4657 18.2021 -0.1034 0.9292
-3.1160 18.0931 -0.1034 0.9292
-9.3479 28.7696 -0.1703 0.8860
-7.5846 20.7740 -0.1245 0.9153
-8.2374 20.2717 -0.1232 0.9162
-12.6216 23.4549 -0.1500 0.8989
-13.0878 22.3587 -0.1459 0.9016
-14.3220 22.5679 -0.1505 0.8986
-19.8885 24.9393 -0.1796 0.8802
-25.0115 27.1182 -0.2077 0.8628
-46.8681 -15.6949 -1.3917 0.8205
-43.9771 -16.5049 -1.3226 0.8286
-39.7816 -18.2855 -1.2328 0.8393
-36.1079 -19.8505 -1.1602 0.8480
-36.4799 -27.5180 -1.2867 0.8329
-30.8556 -26.9578 -1.1537 0.8488
-32.2882 -30.3207 -1.2472 0.8376
2.1082 -46.9436 -1.3232 0.8286
3.5899 -44.3417 -1.2526 0.8369
5.5520 -36.1017 -1.0285 0.8640
7.2996 -38.2658 -1.0969 0.8557
5.2633 -19.7613 -0.5758 0.9214
14.3640 -41.6485 -1.2405 0.8384
16.3920 -42.5125 -1.2830 0.8333
20.2318 -42.9948 -1.3380 0.8268
22.2375 -43.1634 -1.3672 0.8234
14.7000 -24.1095 -0.7951 0.8932
32.7843 -31.9131 -1.2883 0.8327
29.0936 -26.3541 -1.1053 0.8546
44.3123 -2.3888 -1.2496 0.8373
41.9923 -0.7539 -1.1826 0.8453
16.1804 0.2905 -0.4557 0.9373
31.9110 2.8720 -0.9022 0.8797
31.2594 3.9490 -0.8872 0.8815
28.4581 4.6383 -0.8119 0.8910
26.7101 5.3441 -0.7670 0.8967
21.4754 7.6229 -0.6417 0.9128
20.6300 8.1680 -0.6248 0.9150
28.3627 12.4250 -0.8719 0.8835
16.4767 9.4472 -0.5348 0.9268
20.7202 15.0541 -0.7212 0.9026
19.5138 15.2772 -0.6978 0.9056
18.7534 15.7998 -0.6905 0.9065
11.7665 11.4539 -0.4624 0.9364
10.8189 12.1612 -0.4583 0.9369
13.0616 18.3214 -0.6336 0.9139
12.6268 19.1288 -0.6454 0.9124
7.0855 13.7532 -0.4356 0.9400
5.5539 14.4039 -0.4347 0.9401
6.6944 21.9354 -0.6458 0.9123
4.9677 21.7651 -0.6286 0.9145
4.1619 21.8173 -0.6254 0.9150
2.4187 15.7274 -0.4481 0.9383
1.2887 15.9175 -0.4497 0.9381
0.1499 16.7024 -0.4703 0.9353
-1.5250 24.2400 -0.6839 0.9074
-2.4708 24.9434 -0.7058 0.9046
-2.4659 18.2037 -0.5173 0.9291
-3.1157 18.0916 -0.5169 0.9292
-1.9522 7.8967 -0.2290 0.9680
-7.5850 20.7752 -0.6228 0.9153
-8.2366 20.2697 -0.6161 0.9162
-14.3220 22.5679 -0.7526 0.8986
-22.1134 32.2269 -1.1005 0.8552
-23.6477 27.5624 -1.0226 0.8647
-25.0114 27.1182 -1.0388 0.8628
-22.1583 -9.2366 -0.6760 0.9084
-42.6906 -21.5112 -1.3461 0.8259
-36.1079 -19.8505 -1.1602 0.8480
-39.0513 -23.3321 -1.2809 0.8336
-33.1356 -21.4481 -1.1114 0.8539
-36.0959 -25.2478 -1.2403 0.8384
-36.4799 -27.5181 -1.2867 0.8329
-30.8556 -26.9578 -1.1537 0.8488
-4.0158 -16.2446 -0.4712 0.9352
-1.6327 -25.9516 -0.7322 0.9012
0.4286 -47.7554 -1.3447 0.8260
2.1082 -46.9436 -1.3232 0.8286
3.5899 -44.3417 -1.2526 0.8369
4.8508 -41.3819 -1.1732 0.8464
5.5520 -36.1016 -1.0285 0.8640
8.9828 -39.3561 -1.1367 0.8508
5.2634 -19.7613 -0.5758 0.9214
5.9634 -19.5403 -0.5753 0.9215
18.5667 -43.4389 -1.3302 0.8278
29.0936 -26.3541 -1.1053 0.8546
44.3123 -2.3888 -1.2496 0.8373
16.1323 0.8697 -0.4549 0.9374
31.9110 2.8720 -0.9022 0.8797
31.2594 3.9490 -0.8872 0.8815
28.4580 4.6384 -0.8119 0.8910
26.7102 5.3442 -0.7670 0.8967
26.0044 6.1814 -0.7526 0.8986
34.0223 9.3895 -0.9938 0.8683
20.6300 8.1680 -0.6248 0.9150
28.3627 12.4251 -0.8719 0.8835
17.2856 9.1027 -0.5501 0.9248
15.3374 10.3229 -0.5206 0.9287
18.7534 15.7998 -0.6905 0.9065
12.5882 11.4029 -0.4783 0.9343
11.1870 11.7007 -0.4558 0.9373
10.8189 12.1612 -0.4583 0.9369
10.2501 12.3902 -0.4528 0.9377
13.0616 18.3214 -0.6336 0.9139
12.6268 19.1288 -0.6454 0.9124
7.5940 13.5245 -0.4367 0.9398
5.9540 13.9301 -0.4266 0.9412
5.0392 14.6112 -0.4352 0.9400
4.1619 21.8173 -0.6254 0.9150
0.7256 16.1574 -0.4554 0.9373
-2.4708 24.9434 -0.7058 0.9046
-3.1157 18.0916 -0.5169 0.9292
-1.6963 8.0995 -0.2330 0.9674
-2.2902 8.0172 -0.2348 0.9672
-8.2366 20.2697 -0.6161 0.9162
-12.6223 23.4560 -0.7500 0.8989
-14.3220 22.5679 -0.7526 0.8986
-25.0114 27.1182 -1.0388 0.8628
-42.6906 -21.5112 -1.3461 0.8259
-36.1079 -19.8505 -1.1602 0.8480
-36.0959 -25.2478 -1.2403 0.8384
-32.2883 -30.3208 -1.2472 0.8376
-33.9759 -34.2823 -1.3591 0.8244
-4.0158 -16.2446 -0.4712 0.9352
-1.6327 -25.9516 -0.7322 0.9012
0.4287 -47.7553 -1.3447 0.8260
2.1083 -46.9436 -1.3232 0.8286
3.5899 -44.3417 -1.2526 0.8369
4.8508 -41.3819 -1.1732 0.8464
5.5520 -36.1016 -1.0285 0.8640
7.2996 -38.2658 -1.0969 0.8557
8.9828 -39.3561 -1.1367 0.8508
5.9634 -19.5403 -0.5753 0.9215
14.3640 -41.6485 -1.2405 0.8384
16.3920 -42.5125 -1.2830 0.8333
20.2318 -42.9947 -1.3380 0.8268
22.2375 -43.1634 -1.3672 0.8234
32.7844 -31.9131 -1.2883 0.8327
29.0936 -26.3541 -1.1053 0.8546
38.4976 -9.1511 -1.1142 0.8536
44.3123 -2.3888 -1.2496 0.8373
31.2594 3.9490 -0.8872 0.8815
28.4580 4.6384 -0.8119 0.8910
26.7102 5.3442 -0.7670 0.8967
26.0044 6.1814 -0.7526 0.8986
22.2209 7.0001 -0.6560 0.9110
20.6300 8.1680 -0.6248 0.9150
27.3111 13.1524 -0.8535 0.8858
17.2856 9.1027 -0.5501 0.9248
15.9985 9.9527 -0.5305 0.9274
15.3374 10.3230 -0.5206 0.9287
19.5138 15.2772 -0.6978 0.9056
12.5882 11.4029 -0.4783 0.9343
11.7665 11.4539 -0.4624 0.9364
10.8189 12.1612 -0.4583 0.9369
10.2501 12.3902 -0.4528 0.9377
11.9970 19.6764 -0.6489 0.9119
7.5940 13.5245 -0.4367 0.9398
7.0855 13.7532 -0.4356 0.9400
6.4546 13.7168 -0.4269 0.9411
5.9540 13.9301 -0.4266 0.9412
5.5539 14.4039 -0.4347 0.9401
5.0392 14.6112 -0.4352 0.9400
6.6944 21.9354 -0.6458 0.9123
5.9292 22.2614 -0.6487 0.9119
4.9677 21.7651 -0.6286 0.9145
1.8724 15.9731 -0.4528 0.9377
1.2887 15.9175 -0.4497 0.9381
0.7256 16.1574 -0.4554 0.9373
0.1499 16.7025 -0.4703 0.9353
-1.5250 24.2400 -0.6839 0.9074
-2.4709 24.9434 -0.7058 0.9046
-2.4659 18.2036 -0.5173 0.9291
-1.6963 8.0995 -0.2330 0.9674
-2.2902 8.0172 -0.2348 0.9672
-9.3478 28.7696 -0.8518 0.8860
-9.1377 20.3593 -0.6284 0.9146
-10.4530 21.2165 -0.6660 0.9097
-13.0885 22.3599 -0.7295 0.9015
-23.6477 27.5624 -1.0226 0.8647
-25.0115 27.1182 -1.0388 0.8628
-20.4416 15.4198 -0.7210 0.9026
-46.8682 -15.6950 -1.3917 0.8205
-43.9770 -16.5049 -1.3226 0.8286
-39.7816 -18.2855 -1.2328 0.8393
-42.6906 -21.5112 -1.3461 0.8259
-39.0513 -23.3321 -1.2809 0.8336
-33.1356 -21.4481 -1.1114 0.8539
-36.0959 -25.2478 -1.2403 0.8384
-31.8751 -25.8911 -1.1563 0.8485
-30.8557 -26.9579 -1.1537 0.8488
-32.2883 -30.3208 -1.2472 0.8376
-1.6327 -25.9516 -0.7322 0.9012
0.4287 -47.7552 -1.3447 0.8260
4.8508 -41.3818 -1.1732 0.8464
5.5520 -36.1016 -1.0285 0.8640
5.2634 -19.7613 -0.5758 0.9214
18.5668 -43.4390 -1.3302 0.8278
22.2375 -43.1634 -1.3672 0.8234
32.7844 -31.9131 -1.2883 0.8327
16.1804 0.2905 -0.4557 0.9373
16.1323 0.8697 -0.4549 0.9374
31.9109 2.8721 -0.9022 0.8797
31.2594 3.9490 -0.8872 0.8815
28.4580 4.6384 -0.8119 0.8910
21.4754 7.6230 -0.6417 0.9128
17.2856 9.1027 -0.5501 0.9248
16.4767 9.4472 -0.5348 0.9268
15.9985 9.9527 -0.5305 0.9274
15.3374 10.3229 -0.5206 0.9287
19.5137 15.2772 -0.6978 0.9056
12.5882 11.4029 -0.4783 0.9343
11.7665 11.4539 -0.4624 0.9364
11.1870 11.7007 -0.4558 0.9373
10.8189 12.1612 -0.4583 0.9369
10.2501 12.3902 -0.4528 0.9377
13.6579 17.7719 -0.6311 0.9142
12.6268 19.1288 -0.6454 0.9124
11.9970 19.6764 -0.6489 0.9119
7.5940 13.5245 -0.4367 0.9398
7.0855 13.7532 -0.4356 0.9400
5.9540 13.9301 -0.4266 0.9412
5.5539 14.4039 -0.4347 0.9401
4.9677 21.7651 -0.6286 0.9145
4.1619 21.8173 -0.6254 0.9150
2.4187 15.7274 -0.4481 0.9383
1.8724 15.9731 -0.4528 0.9377
1.2887 15.9175 -0.4497 0.9381
0.1499 16.7025 -0.4703 0.9353
-0.4565 16.9466 -0.4773 0.9344
-3.1157 18.0916 -0.5169 0.9292
-1.9522 7.8967 -0.2290 0.9680
-9.3479 28.7696 -0.8518 0.8860
-8.2366 20.2697 -0.6161 0.9162
-9.1377 20.3593 -0.6284 0.9146
-10.4530 21.2165 -0.6660 0.9097
-12.6223 23.4560 -0.7500 0.8989
-13.0885 22.3599 -0.7295 0.9015
-22.1134 32.2268 -1.1005 0.8552
-19.8885 24.9393 -0.8982 0.8802
-23.6477 27.5624 -1.0226 0.8647
-30.9654 29.0784 -1.1961 0.8437
-20.4417 15.4198 -0.7210 0.9026
-46.1295 -3.3182 -2.3455 0.8309
-30.1973 -4.3669 -1.5474 0.8850
-45.9242 -8.3340 -2.3671 0.8295
-34.4043 -7.5283 -1.7861 0.8684
-23.0597 -6.8118 -1.2194 0.9082
-44.6532 -14.9531 -2.3882 0.8281
-42.3859 -21.3577 -2.4070 0.8269
-30.8556 -26.9578 -2.0779 0.8487
-32.2882 -30.3206 -2.2463 0.8374
-32.6344 -35.3833 -2.4411 0.8247
-31.3714 -36.5647 -2.4433 0.8245
-30.0635 -37.6983 -2.4453 0.8244
-28.7113 -38.7809 -2.4471 0.8243
-25.8839 -40.7864 -2.4498 0.8241
-24.4133 -41.7067 -2.4508 0.8240
-15.4062 -28.6295 -1.6488 0.8779
-10.8486 -22.0196 -1.2449 0.9064
-12.5208 -27.8972 -1.5508 0.8847
-9.4632 -29.1248 -1.5530 0.8846
-6.4726 -47.7826 -2.4454 0.8244
-1.6327 -25.9516 -1.3187 0.9011
-1.2948 -48.0713 -2.4388 0.8248
2.1526 -47.9312 -2.4332 0.8252
3.5813 -44.2352 -2.2507 0.8372
4.8391 -41.2825 -2.1079 0.8466
8.9691 -39.2962 -2.0441 0.8509
5.2680 -19.7788 -1.0380 0.9213
21.5289 -41.7882 -2.3840 0.8284
14.6781 -24.0736 -1.4299 0.8932
25.7257 -38.9729 -2.3683 0.8294
29.5574 -35.7287 -2.3516 0.8305
30.7884 -34.6082 -2.3491 0.8307
31.1554 -32.5860 -2.2864 0.8348
26.9541 -26.2379 -1.9077 0.8601
28.1366 -25.4872 -1.9253 0.8589
37.6108 -31.6873 -2.4941 0.8212
38.8355 -30.4040 -2.5013 0.8207
40.9167 -27.5393 -2.5013 0.8207
41.8789 -26.0528 -2.5013 0.8207
42.7871 -24.5327 -2.5013 0.8207
43.6401 -22.9810 -2.5013 0.8207
44.4368 -21.3997 -2.5013 0.8207
45.1764 -19.7907 -2.5013 0.8207
45.8577 -18.1563 -2.5013 0.8207
44.1802 -13.9179 -2.3491 0.8307
35.4677 -9.7885 -1.8660 0.8630
37.7494 -8.9733 -1.9678 0.8561
38.2494 -7.6529 -1.9782 0.8554
45.7174 -7.4514 -2.3491 0.8307
46.1345 -4.1522 -2.3491 0.8307
41.9308 -0.7528 -2.1268 0.8454
16.1278 0.8694 -0.8191 0.9374
31.9110 2.8720 -1.6249 0.8796
28.4545 4.6378 -1.4621 0.8909
26.0057 6.1817 -1.3556 0.8985
33.9285 9.3637 -1.7850 0.8685
21.4750 7.6228 -1.1557 0.9128
20.6312 8.1685 -1.1253 0.9150
16.4767 9.4472 -0.9632 0.9268
15.9972 9.9518 -0.9555 0.9273
12.5873 11.4021 -0.8613 0.9342
11.7665 11.4539 -0.8328 0.9363
11.1870 11.7007 -0.8210 0.9372
10.2494 12.3893 -0.8154 0.9376
7.5935 13.5236 -0.7866 0.9398
6.4546 13.7168 -0.7688 0.9411
5.9292 22.2613 -1.1683 0.9119
4.1619 21.8173 -1.1264 0.9149
1.8722 15.9720 -0.8156 0.9376
1.2887 15.9175 -0.8099 0.9380
0.1499 16.7012 -0.8470 0.9353
-0.4564 16.9453 -0.8597 0.9344
-1.5250 24.2400 -1.2318 0.9073
-2.4706 24.9415 -1.2711 0.9045
-1.9498 7.8870 -0.4120 0.9680
-2.2895 8.0146 -0.4227 0.9672
-9.3478 28.7696 -1.5341 0.8859
-8.2357 20.2677 -1.1095 0.9161
-9.1376 20.3593 -1.1317 0.9145
-12.6229 23.4572 -1.3509 0.8988
-13.0892 22.3611 -1.3140 0.9014
-22.1134 32.2269 -1.9821 0.8551
-25.0114 27.1182 -1.8709 0.8626
-34.7292 35.0423 -2.5021 0.8207
-30.8625 28.9819 -2.1471 0.8440
-37.1539 32.4604 -2.5021 0.8207
-40.4283 28.2782 -2.5021 0.8207
-31.7497 20.5511 -1.9180 0.8594
-44.8281 20.6051 -2.5021 0.8207
-45.5389 18.9826 -2.5021 0.8207
-46.1909 17.3358 -2.5021 0.8207
-47.3156 13.9770 -2.5021 0.8207
-47.7868 12.2696 -2.5021 0.8207
-48.5437 8.8094 -2.5021 0.8207
-48.8285 7.0611 -2.5021 0.8207
-49.0505 5.3038 -2.5021 0.8207
-46.2154 3.3243 -2.3498 0.8306
-44.1663 -0.0000 -2.2399 0.8379
-46.3046 -1.6632 -2.3498 0.8306
-46.1295 -3.3182 -2.3455 0.8309
-45.9242 -8.3340 -2.3671 0.8295
-34.4043 -7.5283 -1.7861 0.8684
-45.4145 -11.6605 -2.3779 0.8288
-23.0597 -6.8118 -1.2194 0.9082
-44.6532 -14.9531 -2.3882 0.8281
-22.1347 -9.2268 -1.2162 0.9084
-36.1079 -19.8505 -2.0897 0.8479
-39.0513 -23.3321 -2.3070 0.8334
-33.1356 -21.4481 -2.0018 0.8538
-36.0238 -25.1974 -2.2295 0.8386
-33.8497 -34.1549 -2.4387 0.8248
-32.6344 -35.3833 -2.4411 0.8247
-31.3714 -36.5647 -2.4433 0.8245
-27.3171 -39.8104 -2.4486 0.8242
-25.8839 -40.7865 -2.4498 0.8241
-12.5208 -27.8972 -1.5508 0.8847
-5.7066 -14.0436 -0.7688 0.9411
-10.3921 -28.4637 -1.5367 0.8857
-9.4632 -29.1248 -1.5530 0.8846
-5.1648 -29.9901 -1.5433 0.8853
-6.4726 -47.7825 -2.4454 0.8244
-1.2948 -48.0713 -2.4388 0.8248
0.4311 -48.0343 -2.4361 0.8250
2.1526 -47.9312 -2.4332 0.8252
4.8392 -41.2824 -2.1079 0.8466
5.4927 -35.7164 -1.8326 0.8653
7.2884 -38.2070 -1.9726 0.8557
14.3281 -41.5444 -2.2287 0.8386
25.7258 -38.9729 -2.3683 0.8294
29.5574 -35.7287 -2.3516 0.8305
30.7884 -34.6082 -2.3491 0.8307
26.9541 -26.2379 -1.9077 0.8601
28.1366 -25.4872 -1.9253 0.8589
37.6108 -31.6873 -2.4941 0.8212
38.8355 -30.4040 -2.5013 0.8207
40.9167 -27.5393 -2.5013 0.8207
41.8789 -26.0528 -2.5013 0.8207
43.6401 -22.9810 -2.5013 0.8207
44.4369 -21.3996 -2.5013 0.8207
45.1764 -19.7907 -2.5013 0.8207
45.8578 -18.1564 -2.5013 0.8207
46.4800 -16.4986 -2.5013 0.8207
35.4675 -9.7884 -1.8659 0.8630
37.7494 -8.9733 -1.9678 0.8561
38.2494 -7.6529 -1.9782 0.8554
45.9556 -5.8055 -2.3491 0.8307
46.1345 -4.1522 -2.3491 0.8307
16.1580 0.2901 -0.8196 0.9373
16.1278 0.8694 -0.8191 0.9374
31.9110 2.8720 -1.6249 0.8796
31.2609 3.9492 -1.5980 0.8814
22.2209 7.0001 -1.1815 0.9109
28.3627 12.4250 -1.5704 0.8834
27.3112 13.1524 -1.5373 0.8857
17.2856 9.1027 -0.9907 0.9247
16.4767 9.4472 -0.9632 0.9268
15.3386 10.3238 -0.9377 0.9286
11.7665 11.4539 -0.8328 0.9363
11.1870 11.7007 -0.8210 0.9372
10.2494 12.3893 -0.8154 0.9376
13.0607 18.3201 -1.1410 0.9138
12.6268 19.1288 -1.1624 0.9123
11.9970 19.6764 -1.1687 0.9118
6.4546 13.7168 -0.7688 0.9411
5.9540 13.9301 -0.7683 0.9411
5.5535 14.4030 -0.7829 0.9400
5.0388 14.6102 -0.7838 0.9400
6.6944 21.9354 -1.1631 0.9122
5.9292 22.2614 -1.1683 0.9119
4.9674 21.7636 -1.1321 0.9145
4.1619 21.8173 -1.1264 0.9149
2.4185 15.7263 -0.8069 0.9383
1.2887 15.9175 -0.8099 0.9380
0.1499 16.7012 -0.8470 0.9353
-0.4564 16.9453 -0.8597 0.9344
-2.4706 24.9415 -1.2711 0.9045
-2.4661 18.2053 -0.9317 0.9291
-3.1154 18.0901 -0.9309 0.9291
-2.2895 8.0146 -0.4227 0.9672
-8.2357 20.2677 -1.1095 0.9161
-10.4519 21.2143 -1.1994 0.9096
-12.6229 23.4572 -1.3509 0.8988
-14.3220 22.5679 -1.3555 0.8985
-34.7292 35.0423 -2.5021 0.8207
-37.1539 32.4604 -2.5021 0.8207
-38.2951 31.1058 -2.5021 0.8207
-20.4522 15.4278 -1.2992 0.9025
-40.4284 28.2782 -2.5021 0.8207
-31.7498 20.5511 -1.9180 0.8594
-43.2342 23.7682 -2.5021 0.8207
-44.0596 22.2010 -2.5021 0.8207
-48.5437 8.8093 -2.5021 0.8207
-49.0506 5.3038 -2.5021 0.8207
-44.7827 1.6085 -2.2726 0.8357
-46.3046 -1.6633 -2.3498 0.8306
-31.4454 -3.4002 -1.6040 0.8810
-45.9242 -8.3341 -2.3671 0.8295
-34.4043 -7.5283 -1.7861 0.8684
-23.0597 -6.8118 -1.2194 0.9082
-44.6532 -14.9532 -2.3882 0.8281
-43.9771 -16.5049 -2.3822 0.8285
-33.1356 -21.4481 -2.0018 0.8538
-36.0238 -25.1974 -2.2295 0.8386
-36.3603 -27.4279 -2.3098 0.8333
-31.8752 -25.8911 -2.0826 0.8483
-30.8556 -26.9578 -2.0779 0.8487
-32.2883 -30.3208 -2.2463 0.8374
-32.6344 -35.3833 -2.4411 0.8247
-31.3714 -36.5647 -2.4433 0.8245
-30.0635 -37.6984 -2.4453 0.8244
-28.7113 -38.7809 -2.4471 0.8243
-15.4061 -28.6294 -1.6488 0.8779
-10.8486 -22.0196 -1.2449 0.9064
-12.5208 -27.8972 -1.5507 0.8847
-10.3921 -28.4637 -1.5367 0.8857
-4.0129 -16.2327 -0.8480 0.9352
-5.1647 -29.9901 -1.5433 0.8853
-6.4725 -47.7825 -2.4454 0.8244
-4.7493 -47.9454 -2.4434 0.8245
-1.6327 -25.9516 -1.3187 0.9011
0.4312 -48.0342 -2.4361 0.8250
2.1526 -47.9312 -2.4332 0.8252
3.5813 -44.2351 -2.2507 0.8372
7.2884 -38.2070 -1.9726 0.8557
8.9691 -39.2962 -2.0441 0.8509
14.3281 -41.5444 -2.2287 0.8386
18.5517 -43.4040 -2.3938 0.8277
22.9657 -40.9004 -2.3788 0.8287
14.6781 -24.0736 -1.4299 0.8932
27.0458 -37.9368 -2.3628 0.8298
28.3235 -36.8547 -2.3572 0.8301
29.5574 -35.7287 -2.3516 0.8305
30.7884 -34.6082 -2.3491 0.8307
28.1366 -25.4872 -1.9253 0.8589
39.9018 -28.9903 -2.5013 0.8207
40.9167 -27.5393 -2.5013 0.8207
41.8789 -26.0528 -2.5013 0.8207
42.7871 -24.5327 -2.5013 0.8207
45.1764 -19.7907 -2.5013 0.8207
45.8578 -18.1564 -2.5013 0.8207
46.4800 -16.4985 -2.5013 0.8207
44.1802 -13.9178 -2.3491 0.8307
35.4675 -9.7884 -1.8659 0.8630
38.2494 -7.6528 -1.9782 0.8554
45.9556 -5.8055 -2.3491 0.8307
46.1345 -4.1522 -2.3491 0.8307
44.1885 -2.3821 -2.2442 0.8376
21.4750 7.6228 -1.1557 0.9128
27.3111 13.1524 -1.5373 0.8857
16.4767 9.4472 -0.9632 0.9268
19.5138 15.2772 -1.2568 0.9055
12.5873 11.4021 -0.8613 0.9342
11.7665 11.4539 -0.8328 0.9363
11.1870 11.7007 -0.8210 0.9372
10.8181 12.1603 -0.8254 0.9369
10.2494 12.3893 -0.8154 0.9376
11.9970 19.6764 -1.1687 0.9118
6.4546 13.7168 -0.7688 0.9411
5.0388 14.6102 -0.7838 0.9400
6.6944 21.9354 -1.1631 0.9122
4.9674 21.7636 -1.1321 0.9145
4.1619 21.8173 -1.1264 0.9149
2.4185 15.7263 -0.8069 0.9383
1.8722 15.9720 -0.8156 0.9376
0.7256 16.1574 -0.8202 0.9373
-1.9498 7.8870 -0.4120 0.9680
-2.2895 8.0146 -0.4227 0.9672
-9.3478 28.7696 -1.5341 0.8859
-8.2357 20.2677 -1.1095 0.9161
-10.4519 21.2143 -1.1994 0.9096
-12.6229 23.4572 -1.3509 0.8988
-13.0892 22.3611 -1.3140 0.9014
-22.1134 32.2269 -1.9821 0.8551
-18.2986 24.7162 -1.5596 0.8841
-23.6069 27.5148 -1.8386 0.8648
-37.1539 32.4604 -2.5021 0.8207
-20.4522 15.4279 -1.2992 0.9025
-42.3532 25.3048 -2.5021 0.8207
-43.2343 23.7682 -2.5021 0.8207
-44.0596 22.2010 -2.5021 0.8207
-45.5389 18.9826 -2.5021 0.8207
-46.7833 15.6665 -2.5021 0.8207
-48.5437 8.8093 -2.5021 0.8207
-44.7827 1.6085 -2.2726 0.8357
-31.4453 -3.4002 -1.6040 0.8810
-30.1973 -4.3669 -1.5474 0.8850
-45.4145 -11.6605 -2.3779 0.8288
-42.3859 -21.3578 -2.4070 0.8269
-36.1079 -19.8505 -2.0897 0.8479
-39.0513 -23.3321 -2.3070 0.8334
-33.1356 -21.4481 -2.0018 0.8538
-36.3603 -27.4280 -2.3098 0.8333
-31.8751 -25.8911 -2.0826 0.8483
-33.8496 -34.1549 -2.4387 0.8248
-32.6344 -35.3833 -2.4411 0.8247
-30.0635 -37.6984 -2.4453 0.8244
-25.8838 -40.7865 -2.4498 0.8241
-15.4061 -28.6294 -1.6488 0.8779
-5.7066 -14.0436 -0.7688 0.9411
-4.0129 -16.2327 -0.8480 0.9352
-5.1647 -29.9901 -1.5433 0.8853
-1.6327 -25.9516 -1.3187 0.9011
4.8392 -41.2824 -2.1079 0.8466
5.4928 -35.7164 -1.8326 0.8653
7.2884 -38.2070 -1.9726 0.8557
8.9691 -39.2962 -2.0441 0.8509
5.2680 -19.7788 -1.0380 0.9213
5.9634 -19.5403 -1.0361 0.9214
14.3281 -41.5444 -2.2287 0.8386
16.3671 -42.4478 -2.3072 0.8334
18.5518 -43.4039 -2.3938 0.8277
20.0570 -42.6232 -2.3890 0.8281
25.7258 -38.9729 -2.3683 0.8294
29.5574 -35.7287 -2.3516 0.8305
30.7884 -34.6082 -2.3491 0.8307
37.6108 -31.6873 -2.4941 0.8212
39.9018 -28.9903 -2.5013 0.8207
41.8789 -26.0528 -2.5013 0.8207
42.7871 -24.5327 -2.5013 0.8207
43.6402 -22.9810 -2.5013 0.8207
44.4369 -21.3996 -2.5013 0.8207
45.1764 -19.7907 -2.5013 0.8207
46.4800 -16.4986 -2.5013 0.8207
38.2494 -7.6528 -1.9782 0.8554
45.7174 -7.4513 -2.3491 0.8307
46.1345 -4.1522 -2.3491 0.8307
44.1885 -2.3821 -2.2442 0.8376
41.9309 -0.7527 -2.1268 0.8454
16.1580 0.2901 -0.8196 0.9373
16.1278 0.8694 -0.8191 0.9374
31.9109 2.8721 -1.6249 0.8796
28.4545 4.6378 -1.4621 0.8909
33.9285 9.3637 -1.7850 0.8685
21.4750 7.6228 -1.1557 0.9128
27.3111 13.1524 -1.5373 0.8857
17.2856 9.1027 -0.9907 0.9247
16.4767 9.4472 -0.9632 0.9268
15.9972 9.9518 -0.9555 0.9273
15.3386 10.3238 -0.9377 0.9286
20.7186 15.0530 -1.2988 0.9025
19.5137 15.2772 -1.2568 0.9055
12.5873 11.4021 -0.8613 0.9342
11.7665 11.4539 -0.8328 0.9363
11.1870 11.7007 -0.8210 0.9372
10.2494 12.3893 -0.8154 0.9376
6.4546 13.7168 -0.7688 0.9411
5.9540 13.9301 -0.7683 0.9411
5.5535 14.4030 -0.7829 0.9400
5.0388 14.6102 -0.7838 0.9400
6.6943 21.9354 -1.1631 0.9122
5.9292 22.2614 -1.1683 0.9119
4.9674 21.7636 -1.1321 0.9145
4.1619 21.8173 -1.1264 0.9149
2.4185 15.7263 -0.8069 0.9383
1.8722 15.9720 -0.8156 0.9376
1.2887 15.9175 -0.8099 0.9380
0.1499 16.7012 -0.8470 0.9353
-0.4564 16.9453 -0.8597 0.9344
-1.5251 24.2400 -1.2317 0.9073
-2.4707 24.9415 -1.2711 0.9045
-2.4661 18.2052 -0.9317 0.9291
-3.1154 18.0901 -0.9309 0.9291
-1.6942 8.0893 -0.4191 0.9674
-1.9498 7.8870 -0.4120 0.9680
-2.2895 8.0147 -0.4227 0.9672
-9.3479 28.7696 -1.5341 0.8859
-7.5854 20.7762 -1.1217 0.9152
-10.4519 21.2143 -1.1994 0.9096
-12.6229 23.4572 -1.3509 0.8988
-13.0892 22.3611 -1.3140 0.9014
-14.3220 22.5679 -1.3555 0.8985
-25.0115 27.1182 -1.8709 0.8626
-34.7292 35.0423 -2.5021 0.8207
-30.8626 28.9819 -2.1471 0.8440
-37.1539 32.4604 -2.5021 0.8207
-38.2951 31.1058 -2.5021 0.8207
-20.4523 15.4278 -1.2992 0.9025
-40.4284 28.2782 -2.5021 0.8207
-31.7500 20.5512 -1.9180 0.8594
-42.3532 25.3048 -2.5021 0.8207
-44.8281 20.6051 -2.5021 0.8207
-45.5389 18.9826 -2.5021 0.8207
-46.7835 15.6664 -2.5021 0.8207
-47.3156 13.9770 -2.5021 0.8207
-47.7868 12.2695 -2.5021 0.8207
-48.1963 10.5462 -2.5021 0.8207
-48.8286 7.0611 -2.5021 0.8207
-46.2154 3.3243 -2.3498 0.8306
-34.1225 0.0000 -2.5019 0.8721
-32.3237 -2.3251 -2.3762 0.8781
-30.1973 -4.3669 -2.2372 0.8848
-31.5312 -5.7221 -2.3497 0.8794
-31.3054 -6.8502 -2.3497 0.8794
-31.0393 -7.9695 -2.3497 0.8794
-17.4389 -6.5449 -1.3657 0.9280
-16.6695 -6.9486 -1.3242 0.9301
-16.1531 -7.4247 -1.3035 0.9312
-28.2835 -15.5490 -2.3665 0.8786
-27.1563 -17.5778 -2.3719 0.8783
-26.5358 -18.5608 -2.3744 0.8782
-25.1839 -20.4560 -2.3789 0.8780
-13.2305 -11.5591 -1.2882 0.9320
-22.0659 -23.9245 -2.3864 0.8776
-20.3163 -25.4758 -2.3892 0.8775
-18.4532 -26.8926 -2.3914 0.8774
-9.6752 -26.5000 -2.0685 0.8930
-9.4632 -29.1248 -2.2454 0.8844
-8.5866 -30.0581 -2.2921 0.8822
-4.0099 -16.2207 -1.2251 0.9352
-6.6863 -31.9259 -2.3917 0.8774
-3.2108 -32.4132 -2.3882 0.8775
-1.6327 -25.9516 -1.9066 0.9010
-0.8759 -32.5184 -2.3852 0.8777
0.9930 -22.1100 -1.6228 0.9151
1.7504 -14.9323 -1.1024 0.9415
2.2579 -14.6817 -1.0891 0.9422
3.4586 -15.1529 -1.1396 0.9396
4.1260 -15.4911 -1.1754 0.9377
10.5007 -30.4469 -2.3615 0.8788
11.5719 -30.0117 -2.3584 0.8790
12.6249 -29.5373 -2.3553 0.8791
15.6337 -23.6840 -2.0808 0.8924
18.5993 -26.0891 -2.3493 0.8794
20.4232 -24.6873 -2.3492 0.8794
22.4741 -25.2623 -2.4792 0.8732
23.5760 -24.6585 -2.5014 0.8721
26.8624 -21.0304 -2.5014 0.8721
27.5999 -20.0525 -2.5014 0.8721
28.9674 -18.0206 -2.5014 0.8721
29.5956 -16.9692 -2.5014 0.8721
31.7196 -12.5587 -2.5014 0.8721
32.1499 -11.4120 -2.5014 0.8721
19.4773 -3.1746 -1.4470 0.9239
16.1233 0.8692 -1.1839 0.9373
31.9110 2.8720 -2.3492 0.8794
28.3481 4.6204 -2.1060 0.8912
30.8859 8.5239 -2.3493 0.8794
20.5549 8.1383 -1.6210 0.9152
26.2342 12.6337 -2.1350 0.8898
16.4767 9.4472 -1.3926 0.9267
15.3399 10.3246 -1.3558 0.9285
20.6643 15.0135 -1.8728 0.9026
19.5138 15.2772 -1.8171 0.9054
18.7534 15.7998 -1.7980 0.9063
12.5864 11.4012 -1.2452 0.9342
13.0257 18.2710 -1.6453 0.9139
12.6268 19.1287 -1.6806 0.9122
7.0846 13.7513 -1.1342 0.9398
6.4546 13.7168 -1.1115 0.9410
5.5531 14.4020 -1.1318 0.9400
6.6944 21.9354 -1.6816 0.9121
5.9292 22.2613 -1.6892 0.9117
4.9543 21.7061 -1.6325 0.9146
4.1619 21.8173 -1.6285 0.9148
0.7256 16.1574 -1.1859 0.9372
0.1499 16.7000 -1.2245 0.9352
-2.4663 18.2068 -1.3472 0.9290
-1.9474 7.8773 -0.5950 0.9680
-9.3478 28.7696 -2.2180 0.8857
-8.2349 20.2657 -1.6039 0.9160
-9.1376 20.3593 -1.6362 0.9144
-10.4126 21.1346 -1.7275 0.9098
-12.5907 23.3974 -1.9482 0.8989
-18.2594 24.6633 -2.2500 0.8842
-22.5584 22.7618 -2.3497 0.8794
-23.3609 21.9374 -2.3497 0.8794
-18.8892 16.5030 -1.8391 0.9043
-19.2074 15.6015 -1.8144 0.9055
-19.5176 14.7229 -1.7926 0.9066
-21.5392 15.0660 -1.9273 0.8999
-26.9027 17.4137 -2.3497 0.8794
-27.5105 16.4368 -2.3497 0.8794
-31.0044 14.2510 -2.5020 0.8721
-31.4959 13.1289 -2.5020 0.8721
-31.9469 11.9899 -2.5020 0.8721
-33.3340 7.2941 -2.5020 0.8721
-34.1225 -0.0000 -2.5019 0.8721
-23.0597 -6.8118 -1.7630 0.9081
-18.3326 -6.1391 -1.4176 0.9254
-17.4389 -6.5449 -1.3657 0.9280
-16.6695 -6.9486 -1.3242 0.9301
-16.1531 -7.4247 -1.3035 0.9312
-22.2206 -13.2762 -1.8979 0.9014
-26.5358 -18.5608 -2.3744 0.8782
-25.8779 -19.5206 -2.3767 0.8781
-25.1839 -20.4560 -2.3789 0.8780
-22.8948 -23.1013 -2.3848 0.8777
-22.0659 -23.9246 -2.3864 0.8776
-21.2058 -24.7163 -2.3878 0.8776
-20.3163 -25.4758 -2.3892 0.8775
-17.4819 -27.5471 -2.3922 0.8773
-16.4865 -28.1649 -2.3929 0.8773
-10.8486 -22.0196 -1.7998 0.9062
-12.5208 -27.8972 -2.2421 0.8846
-9.4632 -29.1248 -2.2454 0.8844
-6.6863 -31.9259 -2.3917 0.8774
-3.2108 -32.4132 -2.3882 0.8775
0.1990 -22.1672 -1.6254 0.9149
2.6188 -32.3466 -2.3795 0.8780
1.7504 -14.9323 -1.1024 0.9415
3.4586 -15.1529 -1.1396 0.9396
4.1260 -15.4911 -1.1754 0.9377
5.9634 -19.5403 -1.4980 0.9213
10.5007 -30.4470 -2.3615 0.8788
11.5719 -30.0116 -2.3584 0.8790
8.5389 -18.1462 -1.4705 0.9227
14.0125 -22.9819 -1.9736 0.8977
15.6337 -23.6840 -2.0808 0.8924
19.5238 -25.4046 -2.3493 0.8794
20.4232 -24.6873 -2.3492 0.8794
22.4741 -25.2623 -2.4792 0.8732
23.5760 -24.6585 -2.5014 0.8721
27.5999 -20.0525 -2.5014 0.8721
28.9674 -18.0206 -2.5014 0.8721
32.1499 -11.4120 -2.5014 0.8721
32.4078 -8.9440 -2.4650 0.8739
31.4171 -6.2859 -2.3492 0.8794
31.9110 -2.8720 -2.3492 0.8794
31.9935 -1.7247 -2.3492 0.8794
32.0348 -0.5752 -2.3492 0.8794
31.1937 3.9407 -2.3054 0.8815
25.9343 6.1648 -1.9545 0.8986
30.8859 8.5239 -2.3493 0.8794
22.2209 7.0001 -1.7082 0.9108
21.3892 7.5923 -1.6642 0.9130
26.2342 12.6337 -2.1350 0.8898
16.4767 9.4472 -1.3926 0.9267
20.6643 15.0135 -1.8728 0.9026
19.5138 15.2772 -1.8171 0.9054
12.5864 11.4012 -1.2452 0.9342
11.7665 11.4538 -1.2040 0.9363
10.2486 12.3885 -1.1789 0.9375
13.6580 17.7718 -1.6434 0.9140
12.6268 19.1288 -1.6806 0.9122
7.0846 13.7513 -1.1342 0.9398
5.9540 13.9301 -1.1108 0.9410
5.5531 14.4020 -1.1318 0.9400
5.9292 22.2614 -1.6892 0.9117
4.1619 21.8173 -1.6285 0.9148
2.4183 15.7252 -1.1666 0.9382
1.8721 15.9708 -1.1790 0.9375
1.2887 15.9176 -1.1709 0.9380
-0.4564 16.9440 -1.2428 0.9343
-1.5251 24.2400 -1.7809 0.9072
-2.4640 24.8743 -1.8328 0.9046
-2.4663 18.2068 -1.3472 0.9290
-3.1152 18.0886 -1.3458 0.9290
-9.3478 28.7696 -2.2180 0.8857
-7.5630 20.7149 -1.6169 0.9154
-8.2349 20.2657 -1.6039 0.9160
-14.3220 22.5679 -1.9598 0.8983
-16.1808 23.5810 -2.0969 0.8916
-18.2594 24.6632 -2.2500 0.8842
-21.7267 23.5568 -2.3497 0.8794
-23.3609 21.9374 -2.3497 0.8794
-21.5393 15.0660 -1.9273 0.8999
-27.5105 16.4368 -2.3497 0.8794
-29.9020 16.4388 -2.5020 0.8721
-30.4728 15.3548 -2.5020 0.8721
-31.0044 14.2510 -2.5020 0.8721
-31.9469 11.9899 -2.5020 0.8721
-32.7248 9.6669 -2.5020 0.8721
-33.5743 6.0928 -2.5020 0.8721
-33.9248 3.6683 -2.5019 0.8721
-34.0346 2.4481 -2.5019 0.8721
-34.1225 -0.0000 -2.5019 0.8721
-31.3657 -3.3916 -2.3132 0.8811
-31.3054 -6.8502 -2.3497 0.8794
-31.0393 -7.9696 -2.3497 0.8794
-16.1531 -7.4247 -1.3035 0.9312
-16.3127 -8.2197 -1.3393 0.9294
-28.2835 -15.5490 -2.3665 0.8786
-22.2206 -13.2762 -1.8979 0.9014
-26.5357 -18.5608 -2.3744 0.8782
-25.1839 -20.4560 -2.3789 0.8780
-13.2305 -11.5591 -1.2882 0.9320
-21.2058 -24.7163 -2.3878 0.8776
-19.3983 -26.2017 -2.3904 0.8774
-17.4819 -27.5471 -2.3922 0.8773
-15.4061 -28.6294 -2.3838 0.8777
-12.5208 -27.8972 -2.2421 0.8846
-9.6752 -26.5001 -2.0685 0.8930
-4.3746 -32.2947 -2.3895 0.8775
-1.6327 -25.9516 -1.9066 0.9010
-0.8758 -32.5183 -2.3852 0.8777
2.6188 -32.3466 -2.3795 0.8780
1.7504 -14.9323 -1.1024 0.9415
2.2579 -14.6817 -1.0892 0.9422
2.8448 -14.9127 -1.1132 0.9409
4.1260 -15.4911 -1.1754 0.9377
11.5719 -30.0116 -2.3584 0.8790
8.5389 -18.1462 -1.4705 0.9227
14.6741 -28.4827 -2.3493 0.8794
13.5528 -24.1367 -2.0297 0.8949
14.0125 -22.9819 -1.9736 0.8977
15.6337 -23.6840 -2.0808 0.8924
18.5994 -26.0891 -2.3493 0.8794
20.4232 -24.6873 -2.3492 0.8794
22.4741 -25.2623 -2.4792 0.8732
24.4460 -23.7963 -2.5014 0.8721
26.0901 -21.9811 -2.5014 0.8721
28.3019 -19.0488 -2.5014 0.8721
28.9674 -18.0206 -2.5014 0.8721
29.5956 -16.9692 -2.5014 0.8721
30.1857 -15.8959 -2.5014 0.8721
31.7196 -12.5587 -2.5014 0.8721
32.5389 -10.2505 -2.5014 0.8721
32.4078 -8.9440 -2.4650 0.8739
29.8980 -7.1069 -2.2533 0.8840
31.4171 -6.2859 -2.3492 0.8794
31.7872 -4.0156 -2.3492 0.8794
31.9110 -2.8720 -2.3492 0.8794
32.0348 -0.5751 -2.3492 0.8794
16.1233 0.8692 -1.1839 0.9373
31.1937 3.9407 -2.3054 0.8815
28.3481 4.6204 -2.1060 0.8912
26.6798 5.3381 -1.9950 0.8966
25.9343 6.1648 -1.9545 0.8986
22.2209 7.0001 -1.7082 0.9108
26.2341 12.6337 -2.1350 0.8898
16.4767 9.4472 -1.3926 0.9267
15.9958 9.9510 -1.3813 0.9272
20.6643 15.0135 -1.8728 0.9026
18.7534 15.7998 -1.7980 0.9063
11.7665 11.4539 -1.2040 0.9363
11.1870 11.7007 -1.1869 0.9371
10.2486 12.3885 -1.1789 0.9375
13.6579 17.7719 -1.6434 0.9140
7.5930 13.5226 -1.1371 0.9397
6.4546 13.7168 -1.1115 0.9410
5.9540 13.9301 -1.1108 0.9410
5.0385 14.6092 -1.1331 0.9399
6.6944 21.9354 -1.6816 0.9121
5.9292 22.2614 -1.6892 0.9117
4.9543 21.7061 -1.6325 0.9146
4.1618 21.8173 -1.6285 0.9148
2.4183 15.7252 -1.1666 0.9382
1.8721 15.9708 -1.1790 0.9375
0.7256 16.1574 -1.1859 0.9372
-0.4564 16.9440 -1.2428 0.9343
-1.5251 24.2400 -1.7809 0.9072
-2.4640 24.8743 -1.8328 0.9046
-2.4663 18.2068 -1.3472 0.9290
-3.1152 18.0886 -1.3458 0.9290
-1.9474 7.8773 -0.5950 0.9680
-2.2888 8.0121 -0.6110 0.9671
-9.3478 28.7696 -2.2180 0.8857
-8.2349 20.2657 -1.6039 0.9160
-9.1377 20.3593 -1.6363 0.9144
-10.4127 21.1347 -1.7275 0.9098
-14.3221 22.5679 -1.9598 0.8983
-16.1808 23.5810 -2.0969 0.8916
-18.2594 24.6632 -2.2500 0.8842
-19.8885 24.9393 -2.3389 0.8799
-23.3609 21.9374 -2.3497 0.8794
-18.8892 16.5030 -1.8391 0.9043
-21.5394 15.0660 -1.9273 0.8999
-27.5105 16.4368 -2.3497 0.8794
-31.0044 14.2510 -2.5020 0.8721
-31.4959 13.1289 -2.5020 0.8721
-31.9469 11.9899 -2.5020 0.8721
-32.7248 9.6669 -2.5020 0.8721
-33.0507 8.4859 -2.5020 0.8721
-33.3340 7.2941 -2.5020 0.8721
-33.7714 4.8837 -2.5019 0.8721
-33.9248 3.6683 -2.5019 0.8721
-34.0346 2.4481 -2.5019 0.8721
-34.1005 1.2249 -2.5019 0.8721
-34.1225 0.0000 -2.5019 0.8721
-34.0721 -1.2239 -2.4999 0.8722
-32.3236 -2.3251 -2.3762 0.8781
-31.3656 -3.3916 -2.3132 0.8811
-31.3054 -6.8502 -2.3497 0.8794
-18.3326 -6.1391 -1.4176 0.9254
-17.4389 -6.5450 -1.3657 0.9280
-16.6694 -6.9486 -1.3242 0.9301
-16.1531 -7.4247 -1.3035 0.9312
-16.3127 -8.2197 -1.3393 0.9294
-22.2206 -13.2762 -1.8979 0.9014
-25.1838 -20.4560 -2.3789 0.8780
-22.8948 -23.1013 -2.3848 0.8777
-18.4531 -26.8926 -2.3914 0.8774
-17.4819 -27.5471 -2.3922 0.8773
-15.4061 -28.6294 -2.3838 0.8777
-10.8486 -22.0196 -1.7998 0.9062
-12.5208 -27.8972 -2.2421 0.8846
-8.5865 -30.0581 -2.2921 0.8822
-4.0099 -16.2207 -1.2251 0.9352
-3.2108 -32.4132 -2.3882 0.8775
-0.8759 -32.5184 -2.3852 0.8777
2.6188 -32.3466 -2.3795 0.8780
1.7504 -14.9323 -1.1024 0.9415
2.2579 -14.6817 -1.0892 0.9422
2.8448 -14.9127 -1.1132 0.9409
3.4586 -15.1529 -1.1396 0.9396
4.1260 -15.4911 -1.1754 0.9377
5.9634 -19.5403 -1.4980 0.9213
12.6249 -29.5373 -2.3553 0.8791
8.5389 -18.1462 -1.4705 0.9227
14.6741 -28.4827 -2.3493 0.8794
13.5528 -24.1367 -2.0297 0.8949
14.0125 -22.9819 -1.9736 0.8977
18.5994 -26.0891 -2.3493 0.8794
19.5239 -25.4046 -2.3493 0.8794
22.4741 -25.2624 -2.4792 0.8732
26.0901 -21.9811 -2.5014 0.8721
27.5999 -20.0524 -2.5014 0.8721
28.3019 -19.0488 -2.5014 0.8721
28.9675 -18.0206 -2.5014 0.8721
31.2483 -13.6892 -2.5014 0.8721
32.1499 -11.4120 -2.5014 0.8721
32.5389 -10.2505 -2.5014 0.8721
31.4171 -6.2859 -2.3492 0.8794
19.4772 -3.1745 -1.4470 0.9239
31.9110 -2.8720 -2.3492 0.8794
31.9935 -1.7247 -2.3492 0.8794
32.0348 -0.5751 -2.3492 0.8794
16.1357 0.2897 -1.1833 0.9373
16.1233 0.8692 -1.1839 0.9373
31.9109 2.8721 -2.3492 0.8794
26.6798 5.3381 -1.9950 0.8966
25.9343 6.1648 -1.9545 0.8986
26.2341 12.6337 -2.1350 0.8898
16.4767 9.4472 -1.3926 0.9267
15.3399 10.3246 -1.3558 0.9285
11.7665 11.4539 -1.2040 0.9363
11.1870 11.7007 -1.1869 0.9371
10.2486 12.3885 -1.1789 0.9375
7.5930 13.5226 -1.1371 0.9397
6.4546 13.7168 -1.1115 0.9410
5.9540 13.9301 -1.1108 0.9410
5.5531 14.4020 -1.1318 0.9400
5.0385 14.6092 -1.1331 0.9399
6.6943 21.9354 -1.6816 0.9121
4.9542 21.7061 -1.6325 0.9146
2.4183 15.7252 -1.1666 0.9382
1.8721 15.9708 -1.1790 0.9375
0.7256 16.1574 -1.1859 0.9372
0.1499 16.7000 -1.2245 0.9352
-0.4564 16.9440 -1.2428 0.9343
-1.5251 24.2400 -1.7809 0.9072
-2.4640 24.8743 -1.8328 0.9046
-3.1152 18.0886 -1.3458 0.9290
-1.9474 7.8773 -0.5950 0.9680
-2.2888 8.0121 -0.6110 0.9671
-9.3479 28.7696 -2.2180 0.8857
-7.5630 20.7149 -1.6169 0.9154
-8.2350 20.2657 -1.6039 0.9160
-9.1377 20.3593 -1.6363 0.9144
-10.4127 21.1347 -1.7275 0.9098
-13.0535 22.3001 -1.8946 0.9016
-14.3220 22.5679 -1.9598 0.8983
-16.1809 23.5810 -2.0969 0.8916
-22.5584 22.7618 -2.3497 0.8794
-23.3609 21.9374 -2.3497 0.8794
-19.5176 14.7228 -1.7926 0.9066
-26.9027 17.4137 -2.3497 0.8794
-27.5105 16.4368 -2.3497 0.8794
-31.0044 14.2510 -2.5020 0.8721
-31.4959 13.1289 -2.5020 0.8721
-31.9469 11.9898 -2.5020 0.8721
-32.3567 10.8353 -2.5020 0.8721
-32.7248 9.6669 -2.5020 0.8721
-33.7714 4.8837 -2.5019 0.8721
-34.0346 2.4481 -2.5019 0.8721
-26.0599 0.0000 -2.5019 0.9006
-25.9926 -1.8697 -2.5019 0.9006
-25.7914 -3.7297 -2.5019 0.9006
-19.1016 -5.6426 -1.9122 0.9231
-15.7792 -7.2529 -1.6673 0.9326
-15.9290 -8.0264 -1.7124 0.9308
-21.4465 -11.7903 -2.3496 0.9063
-20.5453 -13.2986 -2.3496 0.9063
-19.5515 -14.7484 -2.3512 0.9063
-13.1031 -11.4478 -1.6704 0.9325
-16.3265 -15.3316 -2.1502 0.9139
-17.2834 -17.4392 -2.3572 0.9060
-14.6358 -19.7688 -2.3614 0.9059
-11.0504 -17.4127 -1.9799 0.9205
-8.4455 -23.1320 -2.3642 0.9058
1.1595 -14.3224 -1.3795 0.9439
2.2050 -14.3383 -1.3927 0.9434
2.7984 -14.6699 -1.4338 0.9418
9.6177 -22.5018 -2.3493 0.9063
10.4192 -22.1420 -2.3493 0.9063
12.9335 -21.2123 -2.3852 0.9050
15.8773 -20.6597 -2.5015 0.9006
20.5162 -16.0620 -2.5015 0.9006
22.6038 -12.9603 -2.5015 0.9006
23.0544 -12.1405 -2.5015 0.9006
23.4754 -11.3051 -2.5015 0.9006
23.8660 -10.4552 -2.5015 0.9006
23.9949 -4.8009 -2.3493 0.9063
24.2776 -3.0670 -2.3493 0.9063
24.3721 -2.1935 -2.3493 0.9063
24.4667 -0.4393 -2.3493 0.9063
16.1133 0.2893 -1.5472 0.9373
24.2778 3.0670 -2.3493 0.9063
23.9953 4.8010 -2.3493 0.9063
21.3870 7.5915 -2.1788 0.9128
21.0012 9.2001 -2.2012 0.9120
18.3863 8.8543 -1.9592 0.9213
17.2856 9.1027 -1.8755 0.9245
15.9335 9.9122 -1.8015 0.9274
15.7503 11.4433 -1.8691 0.9247
11.7665 11.4539 -1.5765 0.9361
11.1870 11.7007 -1.5541 0.9370
10.8166 12.1585 -1.5623 0.9367
13.0248 18.2697 -2.1541 0.9138
11.9971 19.6764 -2.2125 0.9116
6.4546 13.7168 -1.4554 0.9409
5.9540 13.9301 -1.4544 0.9409
5.0381 14.6082 -1.4835 0.9398
6.6944 21.9354 -2.2018 0.9120
4.9539 21.7046 -2.1373 0.9144
2.4182 15.7240 -1.5273 0.9381
1.8720 15.9697 -1.5437 0.9374
0.1499 16.6988 -1.6032 0.9351
-0.4547 16.8824 -1.6214 0.9344
-1.5250 24.2400 -2.3318 0.9070
-2.4124 24.3546 -2.3496 0.9063
-3.1032 18.0190 -1.7554 0.9292
-1.6899 8.0691 -0.7915 0.9674
-1.9468 7.8749 -0.7788 0.9679
-7.5628 23.2760 -2.3496 0.9063
-11.5975 21.5518 -2.3496 0.9063
-12.3637 21.1217 -2.3496 0.9063
-14.5628 19.6702 -2.3497 0.9063
-15.2595 19.1348 -2.3497 0.9063
-15.9366 18.5747 -2.3497 0.9063
-16.5931 17.9907 -2.3497 0.9063
-18.4310 16.1027 -2.3497 0.9063
-19.4190 14.6485 -2.3353 0.9069
-20.0553 14.0280 -2.3497 0.9063
-20.5885 13.3266 -2.3545 0.9061
-23.2725 11.7267 -2.5019 0.9006
-23.6785 10.8837 -2.5019 0.9006
-24.0539 10.0267 -2.5019 0.9006
-24.3983 9.1568 -2.5019 0.9006
-24.7113 8.2751 -2.5019 0.9006
-24.9924 7.3828 -2.5019 0.9006
-25.2413 6.4809 -2.5019 0.9006
-25.9927 1.8697 -2.5019 0.9006
-26.0431 0.9354 -2.5019 0.9006
-26.0430 -0.9354 -2.5019 0.9006
-25.7914 -3.7298 -2.5019 0.9006
-24.7986 -5.4264 -2.4371 0.9030
-23.7052 -6.0865 -2.3496 0.9063
-18.1243 -6.0694 -1.8350 0.9261
-17.1964 -6.4539 -1.7634 0.9288
-16.3291 -6.8067 -1.6984 0.9314
-15.7792 -7.2529 -1.6673 0.9326
-15.9290 -8.0264 -1.7124 0.9308
-21.0094 -12.5526 -2.3496 0.9063
-20.5452 -13.2986 -2.3496 0.9063
-19.5515 -14.7484 -2.3512 0.9063
-19.0229 -15.4516 -2.3529 0.9062
-13.1031 -11.4478 -1.6704 0.9325
-16.3265 -15.3316 -2.1502 0.9139
-16.6550 -18.0579 -2.3584 0.9060
-16.0035 -18.6528 -2.3595 0.9060
-14.6357 -19.7688 -2.3614 0.9059
-11.0504 -17.4127 -1.9799 0.9205
-12.4359 -21.2451 -2.3634 0.9058
-11.6674 -21.6816 -2.3638 0.9058
-10.7745 -21.8691 -2.3405 0.9067
-10.0836 -22.4671 -2.3642 0.9058
-7.6090 -23.4181 -2.3640 0.9058
-6.7625 -23.6727 -2.3636 0.9058
-4.0069 -16.2087 -1.6030 0.9351
-5.0443 -24.0860 -2.3625 0.9058
-0.6612 -24.5493 -2.3577 0.9060
0.2203 -24.5436 -2.3564 0.9061
1.6753 -14.2919 -1.3815 0.9438
3.3996 -14.8944 -1.4667 0.9405
5.9634 -19.5403 -1.9614 0.9212
7.9786 -23.1339 -2.3493 0.9063
9.6177 -22.5018 -2.3493 0.9063
12.9336 -21.2123 -2.3852 0.9050
16.6087 -20.0764 -2.5015 0.9006
18.0062 -18.8330 -2.5015 0.9006
19.3110 -17.4926 -2.5015 0.9006
21.0795 -15.3152 -2.5015 0.9006
21.6157 -14.5486 -2.5015 0.9006
22.6038 -12.9603 -2.5015 0.9006
23.8660 -10.4552 -2.5015 0.9006
24.2260 -9.5917 -2.5015 0.9006
24.8517 -7.8289 -2.5015 0.9006
25.1167 -6.9318 -2.5015 0.9006
25.2876 -6.0110 -2.4954 0.9008
23.9949 -4.8009 -2.3493 0.9063
24.2776 -3.0670 -2.3493 0.9063
24.4667 -0.4393 -2.3493 0.9063
16.1188 0.8689 -1.5497 0.9372
24.3722 2.1935 -2.3493 0.9063
23.9953 4.8010 -2.3493 0.9063
23.5891 6.5102 -2.3493 0.9063
22.2209 7.0001 -2.2367 0.9106
21.3870 7.5916 -2.1788 0.9128
18.3863 8.8543 -1.9592 0.9213
16.4767 9.4472 -1.8234 0.9265
15.9335 9.9122 -1.8015 0.9274
15.7503 11.4433 -1.8691 0.9247
19.2688 15.0854 -2.3494 0.9063
13.1553 11.0834 -1.6515 0.9332
11.1870 11.7007 -1.5541 0.9370
13.0248 18.2697 -2.1541 0.9138
12.6268 19.1288 -2.2005 0.9120
6.4546 13.7168 -1.4554 0.9409
5.9540 13.9301 -1.4544 0.9409
5.0381 14.6082 -1.4835 0.9398
4.9539 21.7046 -2.1373 0.9144
1.8720 15.9697 -1.5437 0.9374
0.7256 16.1574 -1.5528 0.9371
0.1499 16.6988 -1.6032 0.9351
-0.4547 16.8824 -1.6214 0.9344
-1.5250 24.2400 -2.3318 0.9070
-2.4124 24.3546 -2.3496 0.9063
-2.4501 18.0877 -1.7524 0.9293
-1.9468 7.8749 -0.7788 0.9679
-2.2881 8.0096 -0.7997 0.9671
-7.5629 23.2760 -2.3496 0.9063
-7.5582 20.7016 -2.1158 0.9152
-8.2032 20.1877 -2.0920 0.9162
-10.4116 21.1325 -2.2617 0.9097
-13.1139 20.6643 -2.3496 0.9063
-15.9366 18.5747 -2.3497 0.9063
-17.8411 16.7539 -2.3497 0.9063
-19.4190 14.6484 -2.3353 0.9069
-20.0553 14.0280 -2.3497 0.9063
-20.5885 13.3266 -2.3545 0.9061
-22.3712 13.3662 -2.5019 0.9006
-23.6785 10.8837 -2.5019 0.9006
-24.0539 10.0267 -2.5019 0.9006
-25.4576 5.5706 -2.5019 0.9006
-25.6412 4.6531 -2.5019 0.9006
-25.7917 3.7297 -2.5019 0.9006
-25.9089 2.8014 -2.5019 0.9006
-26.0599 -0.0000 -2.5019 0.9006
-25.9926 -1.8697 -2.5019 0.9006
-25.6301 -4.6512 -2.5008 0.9006
-23.7052 -6.0865 -2.3496 0.9063
-19.1016 -5.6426 -1.9122 0.9231
-17.1964 -6.4539 -1.7634 0.9288
-16.3291 -6.8067 -1.6984 0.9314
-15.9290 -8.0264 -1.7124 0.9308
-21.4465 -11.7903 -2.3496 0.9063
-21.0094 -12.5526 -2.3496 0.9063
-19.5515 -14.7484 -2.3512 0.9063
-13.1031 -11.4478 -1.6704 0.9325
-16.3265 -15.3316 -2.1502 0.9139
-14.6357 -19.7688 -2.3614 0.9059
-13.9211 -20.2878 -2.3622 0.9059
-11.6674 -21.6816 -2.3638 0.9058
-10.7744 -21.8691 -2.3405 0.9067
-5.7053 -14.0406 -1.4550 0.9409
-6.7625 -23.6727 -2.3636 0.9058
-4.0069 -16.2087 -1.6030 0.9351
0.2203 -24.5436 -2.3564 0.9061
0.6644 -14.7930 -1.4216 0.9422
1.1595 -14.3224 -1.3795 0.9439
1.6753 -14.2919 -1.3815 0.9438
2.2051 -14.3383 -1.3927 0.9434
2.7985 -14.6700 -1.4338 0.9418
3.3996 -14.8944 -1.4667 0.9405
4.0299 -15.1303 -1.5032 0.9390
8.8038 -22.8326 -2.3493 0.9063
9.6177 -22.5018 -2.3493 0.9063
10.4192 -22.1420 -2.3493 0.9063
9.2876 -18.0274 -1.9469 0.9217
10.0703 -17.9346 -1.9747 0.9207
12.9336 -21.2123 -2.3852 0.9050
15.8773 -20.6597 -2.5015 0.9006
17.3186 -19.4672 -2.5015 0.9006
18.0062 -18.8330 -2.5015 0.9006
19.9264 -16.7881 -2.5015 0.9006
20.5162 -16.0619 -2.5015 0.9006
22.1240 -13.7633 -2.5015 0.9006
23.0544 -12.1405 -2.5015 0.9006
23.8660 -10.4552 -2.5015 0.9006
24.5547 -8.7159 -2.5015 0.9006
24.8517 -7.8289 -2.5015 0.9006
25.1167 -6.9318 -2.5015 0.9006
25.2876 -6.0110 -2.4954 0.9008
19.4791 -3.1748 -1.8948 0.9238
24.2776 -3.0670 -2.3493 0.9063
24.3721 -2.1935 -2.3493 0.9063
24.2778 3.0670 -2.3493 0.9063
23.8075 5.6592 -2.3493 0.9063
22.2209 7.0001 -2.2367 0.9106
21.3870 7.5916 -2.1788 0.9128
21.0012 9.2001 -2.2012 0.9120
18.3862 8.8544 -1.9592 0.9213
17.2856 9.1027 -1.8755 0.9245
16.4767 9.4472 -1.8234 0.9265
15.9335 9.9122 -1.8015 0.9274
15.2491 10.2636 -1.7647 0.9288
19.2688 15.0854 -2.3494 0.9063
13.1553 11.0834 -1.6515 0.9332
12.5387 11.3580 -1.6242 0.9343
11.7665 11.4539 -1.5765 0.9361
10.8166 12.1585 -1.5623 0.9367
13.0248 18.2697 -2.1541 0.9138
11.9970 19.6764 -2.2125 0.9116
6.4546 13.7168 -1.4554 0.9409
5.0381 14.6082 -1.4835 0.9398
6.6943 21.9354 -2.2018 0.9120
5.9292 22.2614 -2.2117 0.9116
4.9539 21.7046 -2.1373 0.9144
2.4181 15.7240 -1.5273 0.9381
1.2887 15.9175 -1.5332 0.9378
0.1499 16.6988 -1.6032 0.9351
-1.5250 24.2400 -2.3318 0.9070
-2.4127 24.3539 -2.3496 0.9063
-2.4502 18.0877 -1.7524 0.9293
-3.1032 18.0191 -1.7554 0.9292
-1.6899 8.0691 -0.7915 0.9674
-1.9468 7.8749 -0.7788 0.9679
-2.2881 8.0096 -0.7997 0.9671
-7.5582 20.7016 -2.1158 0.9152
-9.1376 20.3593 -2.1424 0.9142
-10.4116 21.1325 -2.2617 0.9097
-12.3637 21.1216 -2.3496 0.9063
-13.1139 20.6642 -2.3496 0.9063
-13.8473 20.1802 -2.3496 0.9063
-14.5628 19.6702 -2.3497 0.9063
-15.2595 19.1348 -2.3497 0.9063
-16.5931 17.9907 -2.3497 0.9063
-9.3381 9.4223 -1.2736 0.9481
-17.8411 16.7539 -2.3497 0.9063
-18.9972 15.4307 -2.3497 0.9063
-19.4190 14.6485 -2.3353 0.9069
-20.0554 14.0280 -2.3497 0.9063
-23.2725 11.7267 -2.5019 0.9006
-24.0539 10.0267 -2.5019 0.9006
-25.4576 5.5706 -2.5019 0.9006
-25.6412 4.6531 -2.5019 0.9006
-25.9089 2.8014 -2.5019 0.9006
-25.9927 1.8697 -2.5019 0.9006
-26.0431 0.9354 -2.5019 0.9006
-26.0430 -0.9355 -2.5019 0.9006
-25.9926 -1.8697 -2.5019 0.9006
-25.7914 -3.7298 -2.5019 0.9006
-19.1016 -5.6426 -1.9122 0.9231
-18.1243 -6.0694 -1.8350 0.9261
-16.3290 -6.8067 -1.6984 0.9314
-15.7792 -7.2529 -1.6673 0.9326
-15.9290 -8.0264 -1.7124 0.9308
-13.1031 -11.4478 -1.6704 0.9325
-16.0035 -18.6528 -2.3595 0.9060
-15.3302 -19.2235 -2.3605 0.9059
-11.0504 -17.4126 -1.9799 0.9205
-12.4359 -21.2451 -2.3634 0.9058
-11.6674 -21.6816 -2.3638 0.9058
-10.0836 -22.4671 -2.3642 0.9058
-7.6089 -23.4181 -2.3640 0.9058
-6.7624 -23.6727 -2.3636 0.9058
-5.0443 -24.0860 -2.3625 0.9058
-4.1752 -24.2440 -2.3618 0.9059
-0.6612 -24.5493 -2.3577 0.9060
1.1596 -14.3224 -1.3795 0.9439
1.6753 -14.2918 -1.3815 0.9438
2.7985 -14.6700 -1.4338 0.9418
3.3996 -14.8944 -1.4667 0.9405
4.0299 -15.1303 -1.5032 0.9390
5.9634 -19.5403 -1.9614 0.9212
7.9786 -23.1339 -2.3493 0.9063
8.8039 -22.8326 -2.3493 0.9063
9.6178 -22.5018 -2.3493 0.9063
10.4192 -22.1420 -2.3493 0.9063
9.2876 -18.0274 -1.9469 0.9217
10.0703 -17.9346 -1.9747 0.9207
12.9336 -21.2123 -2.3852 0.9050
15.1255 -21.2163 -2.5015 0.9006
15.8774 -20.6597 -2.5015 0.9006
17.3186 -19.4672 -2.5015 0.9006
18.0062 -18.8330 -2.5015 0.9006
19.9264 -16.7881 -2.5015 0.9006
21.0795 -15.3151 -2.5015 0.9006
21.6157 -14.5486 -2.5015 0.9006
24.2260 -9.5917 -2.5015 0.9006
24.5547 -8.7159 -2.5015 0.9006
24.8517 -7.8288 -2.5015 0.9006
25.1167 -6.9317 -2.5015 0.9006
19.4791 -3.1748 -1.8948 0.9238
24.2776 -3.0670 -2.3493 0.9063
24.4666 -0.4392 -2.3493 0.9063
16.1133 0.2893 -1.5472 0.9373
16.1188 0.8690 -1.5497 0.9372
24.2778 3.0670 -2.3493 0.9063
23.9953 4.8010 -2.3493 0.9063
23.5891 6.5102 -2.3493 0.9063
22.2208 7.0002 -2.2366 0.9106
21.0012 9.2002 -2.2012 0.9120
18.3862 8.8544 -1.9592 0.9213
17.2856 9.1027 -1.8755 0.9245
15.2491 10.2635 -1.7647 0.9288
15.7503 11.4433 -1.8691 0.9247
19.2688 15.0854 -2.3494 0.9063
13.1553 11.0834 -1.6515 0.9332
12.5387 11.3580 -1.6242 0.9343
11.7665 11.4539 -1.5765 0.9361
11.1870 11.7007 -1.5541 0.9370
13.0248 18.2697 -2.1541 0.9138
11.9970 19.6764 -2.2125 0.9116
7.5924 13.5217 -1.4888 0.9396
5.9540 13.9301 -1.4544 0.9409
5.0381 14.6082 -1.4835 0.9398
1.2887 15.9175 -1.5332 0.9378
0.1499 16.6988 -1.6032 0.9351
-0.4547 16.8824 -1.6214 0.9344
-3.1032 18.0191 -1.7554 0.9292
-1.6899 8.0691 -0.7915 0.9674
-7.5629 23.2760 -2.3496 0.9063
-9.1376 20.3593 -2.1424 0.9142
-10.4116 21.1325 -2.2617 0.9097
-12.3637 21.1216 -2.3496 0.9063
-13.8473 20.1802 -2.3496 0.9063
-14.5628 19.6702 -2.3497 0.9063
-15.9366 18.5747 -2.3497 0.9063
-16.5931 17.9907 -2.3497 0.9063
-17.8411 16.7539 -2.3497 0.9063
-18.9972 15.4307 -2.3497 0.9063
-19.4190 14.6484 -2.3353 0.9069
-22.8366 12.5545 -2.5019 0.9006
-23.2725 11.7267 -2.5019 0.9006
-23.6785 10.8837 -2.5019 0.9006
-24.3983 9.1568 -2.5019 0.9006
-24.7113 8.2751 -2.5019 0.9006
-24.9924 7.3827 -2.5019 0.9006
-25.2413 6.4808 -2.5019 0.9006
-25.4576 5.5706 -2.5019 0.9006
-25.6412 4.6531 -2.5019 0.9006
-25.9089 2.8014 -2.5019 0.9006
-25.9927 1.8697 -2.5019 0.9006
-21.0617 0.0000 -2.5018 0.9187
-21.0481 -0.7560 -2.5018 0.9187
-19.1023 -5.6428 -2.3660 0.9229
-18.1552 -6.0797 -2.2743 0.9258
-15.7748 -7.2508 -2.0623 0.9325
-17.3333 -9.5291 -2.3496 0.9234
-16.9800 -10.1451 -2.3496 0.9234
-15.7909 -11.9116 -2.3496 0.9234
-15.3531 -12.4708 -2.3496 0.9234
-13.9234 -14.0489 -2.3495 0.9234
-13.4101 -14.5396 -2.3495 0.9234
-12.8795 -15.0116 -2.3495 0.9234
-11.1910 -16.3091 -2.3495 0.9234
-9.3727 -17.4175 -2.3495 0.9234
-8.7415 -17.7427 -2.3495 0.9234
-6.7834 -18.5795 -2.3495 0.9234
-3.2876 -15.6977 -1.9051 0.9374
-1.2419 -19.7396 -2.3494 0.9234
-0.5325 -19.7714 -2.3494 0.9234
0.6298 -14.0229 -1.6674 0.9450
1.6495 -14.0716 -1.6830 0.9445
2.1993 -14.3010 -1.7187 0.9434
2.7748 -14.5460 -1.7590 0.9421
8.1949 -19.1729 -2.4768 0.9194
9.6448 -18.7209 -2.5015 0.9187
10.3106 -18.3626 -2.5015 0.9187
10.9631 -17.9806 -2.5015 0.9187
13.4236 -16.2263 -2.5015 0.9187
14.5532 -15.2214 -2.5015 0.9187
17.0371 -12.3782 -2.5015 0.9187
18.2691 -10.4749 -2.5015 0.9187
19.5801 -7.7523 -2.5015 0.9187
19.8458 -7.0445 -2.5015 0.9187
20.3001 -5.6025 -2.5015 0.9187
20.6132 -4.1243 -2.4971 0.9188
15.4304 -0.2770 -1.8332 0.9397
15.3475 0.8273 -1.8257 0.9400
19.6220 2.4788 -2.3493 0.9234
19.2419 4.5739 -2.3494 0.9234
19.0653 5.2617 -2.3494 0.9234
18.8642 5.9427 -2.3494 0.9234
18.6387 6.6160 -2.3494 0.9234
18.3893 7.2808 -2.3494 0.9234
18.1161 7.9362 -2.3494 0.9234
17.8196 8.5815 -2.3494 0.9234
15.2504 10.2644 -2.1836 0.9286
15.7515 11.4441 -2.3128 0.9246
12.5378 11.3572 -2.0095 0.9341
11.7665 11.4538 -1.9506 0.9360
11.1870 11.7007 -1.9229 0.9369
10.7746 12.1113 -1.9256 0.9368
10.2097 12.3414 -1.9026 0.9375
10.4835 13.6412 -2.0436 0.9330
11.4816 16.1051 -2.3494 0.9234
10.8961 16.5069 -2.3495 0.9234
7.0567 13.6972 -1.8303 0.9398
5.5314 14.3455 -1.8263 0.9399
5.0194 14.5539 -1.8287 0.9399
5.7735 18.9179 -2.3495 0.9234
5.0907 19.1130 -2.3495 0.9234
4.4013 19.2835 -2.3495 0.9234
2.4091 15.6653 -1.8827 0.9382
1.8647 15.9076 -1.9025 0.9375
1.2887 15.9175 -1.8970 0.9377
-0.4547 16.8812 -2.0060 0.9342
-1.2420 19.7407 -2.3496 0.9234
-2.4503 18.0892 -2.1684 0.9291
-3.1029 18.0176 -2.1717 0.9290
-1.6878 8.0589 -0.9781 0.9674
-6.1123 18.8119 -2.3496 0.9234
-6.7837 18.5804 -2.3496 0.9234
-8.0993 18.0459 -2.3496 0.9234
-8.7419 17.7435 -2.3496 0.9234
-9.3732 17.4183 -2.3496 0.9234
-9.9924 17.0706 -2.3496 0.9234
-11.7697 15.8976 -2.3496 0.9234
-13.4106 14.5402 -2.3496 0.9234
-9.3397 9.4239 -1.5761 0.9480
-16.7664 11.7275 -2.4305 0.9209
-17.6811 11.4447 -2.5018 0.9187
-18.0805 10.8026 -2.5019 0.9187
-18.4566 10.1466 -2.5019 0.9187
-18.8090 9.4775 -2.5019 0.9187
-19.1370 8.7963 -2.5019 0.9187
-19.9718 6.6880 -2.5019 0.9187
-20.1990 5.9668 -2.5019 0.9187
-20.4001 5.2379 -2.5018 0.9187
-20.5750 4.5022 -2.5018 0.9187
-20.7233 3.7607 -2.5018 0.9187
-21.0482 0.7560 -2.5018 0.9187
-21.0617 -0.0000 -2.5018 0.9187
-20.9396 -2.2642 -2.5018 0.9187
-20.3998 -5.2378 -2.5018 0.9187
-19.1023 -5.6428 -2.3660 0.9229
-16.4237 -6.8461 -2.1136 0.9308
-17.3333 -9.5291 -2.3496 0.9234
-16.9800 -10.1451 -2.3496 0.9234
-16.6049 -10.7481 -2.3496 0.9234
-16.2083 -11.3371 -2.3496 0.9234
-15.7909 -11.9116 -2.3496 0.9234
-13.1039 -11.4485 -2.0669 0.9323
-14.4187 -13.5401 -2.3495 0.9234
-13.4101 -14.5396 -2.3495 0.9234
-12.3323 -15.4642 -2.3495 0.9234
-11.7692 -15.8969 -2.3495 0.9234
-9.9920 -17.0699 -2.3495 0.9234
-9.3727 -17.4175 -2.3495 0.9234
-8.7415 -17.7427 -2.3495 0.9234
-8.0989 -18.0450 -2.3495 0.9234
-5.6800 -13.9780 -1.7922 0.9410
-6.7834 -18.5795 -2.3495 0.9234
-5.3433 -16.4449 -2.0539 0.9327
-3.8252 -15.4733 -1.8933 0.9378
-2.7394 -15.9066 -1.9173 0.9371
-1.9497 -19.6824 -2.3494 0.9234
-1.2419 -19.7396 -2.3494 0.9234
-0.5325 -19.7714 -2.3494 0.9234
0.6298 -14.0229 -1.6674 0.9450
1.1210 -13.8465 -1.6502 0.9456
1.6495 -14.0716 -1.6830 0.9445
2.1993 -14.3010 -1.7187 0.9434
3.3789 -14.8039 -1.8037 0.9407
4.0119 -15.0626 -1.8516 0.9391
6.4485 -18.6974 -2.3494 0.9234
8.1949 -19.1729 -2.4768 0.9194
9.6448 -18.7209 -2.5015 0.9187
10.9631 -17.9806 -2.5015 0.9187
11.6015 -17.5755 -2.5015 0.9187
12.2249 -17.1476 -2.5015 0.9187
13.4236 -16.2263 -2.5015 0.9187
13.9974 -15.7340 -2.5015 0.9187
15.0902 -14.6892 -2.5015 0.9187
17.0371 -12.3782 -2.5015 0.9187
17.4704 -11.7586 -2.5015 0.9187
18.2691 -10.4749 -2.5015 0.9187
18.6333 -9.8123 -2.5015 0.9187
19.2893 -8.4502 -2.5015 0.9187
20.0859 -6.3275 -2.5015 0.9187
20.3001 -5.6025 -2.5015 0.9187
19.4809 -3.1752 -2.3446 0.9236
19.3936 3.8803 -2.3493 0.9234
19.0653 5.2617 -2.3494 0.9234
18.3893 7.2808 -2.3494 0.9234
18.1161 7.9362 -2.3494 0.9234
15.9321 9.9114 -2.2288 0.9272
15.2504 10.2644 -2.1836 0.9286
15.5735 12.1924 -2.3494 0.9234
13.1543 11.0826 -2.0432 0.9331
11.7665 11.4538 -1.9506 0.9360
11.1870 11.7007 -1.9229 0.9369
10.2097 12.3414 -1.9026 0.9375
11.4816 16.1051 -2.3494 0.9234
10.2966 16.8875 -2.3495 0.9234
7.5641 13.4712 -1.8352 0.9397
7.0567 13.6972 -1.8303 0.9398
5.0194 14.5539 -1.8287 0.9399
5.7734 18.9179 -2.3495 0.9234
2.4091 15.6653 -1.8827 0.9382
1.8647 15.9077 -1.9025 0.9375
0.1493 16.6354 -1.9761 0.9352
-2.4503 18.0892 -2.1684 0.9291
-6.1124 18.8119 -2.3496 0.9234
-6.7837 18.5804 -2.3496 0.9234
-8.0993 18.0459 -2.3496 0.9234
-9.9924 17.0706 -2.3496 0.9234
-11.7697 15.8976 -2.3496 0.9234
-12.3328 15.4649 -2.3496 0.9234
-9.3397 9.4239 -1.5761 0.9480
-14.4193 13.5406 -2.3496 0.9234
-14.8960 13.0143 -2.3496 0.9234
-15.7914 11.9120 -2.3496 0.9234
-17.6811 11.4447 -2.5018 0.9187
-18.0805 10.8026 -2.5019 0.9187
-18.4566 10.1466 -2.5019 0.9187
-19.4405 8.1037 -2.5019 0.9187
-20.1990 5.9668 -2.5019 0.9187
-20.5750 4.5022 -2.5018 0.9187
-20.7233 3.7607 -2.5018 0.9187
-20.9397 2.2642 -2.5018 0.9187
-21.0075 1.5111 -2.5018 0.9187
-21.0074 -1.5111 -2.5018 0.9187
-20.9396 -2.2642 -2.5018 0.9187
-20.8448 -3.0144 -2.5018 0.9187
-20.5747 -4.5022 -2.5018 0.9187
-20.3998 -5.2378 -2.5018 0.9187
-17.2208 -6.4631 -2.1849 0.9286
-16.4237 -6.8461 -2.1136 0.9308
-15.7748 -7.2508 -2.0623 0.9325
-15.9327 -8.0282 -2.1193 0.9307
-16.9800 -10.1451 -2.3496 0.9234
-16.2083 -11.3372 -2.3496 0.9234
-15.3531 -12.4708 -2.3496 0.9234
-13.1039 -11.4485 -2.0669 0.9323
-14.4187 -13.5401 -2.3495 0.9234
-12.3323 -15.4642 -2.3495 0.9234
-11.7692 -15.8969 -2.3495 0.9234
-10.5983 -16.7002 -2.3495 0.9234
-9.3727 -17.4175 -2.3495 0.9234
-8.7415 -17.7427 -2.3495 0.9234
-5.3432 -16.4448 -2.0539 0.9327
-4.3568 -15.2514 -1.8841 0.9381
-3.2876 -15.6977 -1.9051 0.9374
-2.7393 -15.9066 -1.9173 0.9371
-1.2419 -19.7396 -2.3494 0.9234
-0.5325 -19.7714 -2.3494 0.9234
1.1210 -13.8465 -1.6502 0.9456
2.1993 -14.3010 -1.7187 0.9434
2.7748 -14.5460 -1.7590 0.9421
3.3789 -14.8039 -1.8037 0.9407
4.0119 -15.0626 -1.8516 0.9391
5.7732 -18.9169 -2.3494 0.9234
8.9643 -19.0501 -2.5009 0.9187
10.3106 -18.3626 -2.5015 0.9187
10.9631 -17.9806 -2.5015 0.9187
11.6015 -17.5755 -2.5015 0.9187
12.8325 -16.6978 -2.5015 0.9187
13.4236 -16.2263 -2.5015 0.9187
14.5532 -15.2214 -2.5015 0.9187
16.1051 -13.5686 -2.5015 0.9187
16.5818 -12.9818 -2.5015 0.9187
17.4704 -11.7586 -2.5015 0.9187
18.9735 -9.1371 -2.5015 0.9187
20.0859 -6.3275 -2.5015 0.9187
20.3001 -5.6025 -2.5015 0.9187
20.4881 -4.8702 -2.5015 0.9187
19.4809 -3.1751 -2.3446 0.9236
19.6982 -1.7729 -2.3493 0.9234
16.9271 -0.9125 -2.0136 0.9340
15.4303 -0.2770 -1.8332 0.9397
16.0909 0.2889 -1.9117 0.9372
15.3475 0.8273 -1.8257 0.9400
15.5920 1.4033 -1.8596 0.9389
19.3936 3.8803 -2.3493 0.9234
19.0653 5.2617 -2.3494 0.9234
18.8642 5.9427 -2.3494 0.9234
18.6387 6.6160 -2.3494 0.9234
18.3893 7.2808 -2.3494 0.9234
18.1161 7.9362 -2.3494 0.9234
17.8196 8.5815 -2.3494 0.9234
15.9321 9.9114 -2.2288 0.9272
15.2504 10.2644 -2.1836 0.9286
15.7515 11.4442 -2.3128 0.9246
15.5735 12.1924 -2.3494 0.9234
11.1870 11.7007 -1.9229 0.9369
10.2097 12.3414 -1.9026 0.9375
10.4835 13.6413 -2.0436 0.9330
7.5641 13.4712 -1.8352 0.9397
7.0567 13.6972 -1.8303 0.9398
6.2370 13.2542 -1.7400 0.9427
5.5314 14.3455 -1.8263 0.9399
5.0194 14.5539 -1.8287 0.9399
5.7734 18.9179 -2.3495 0.9234
0.7256 16.1574 -1.9212 0.9369
0.1493 16.6354 -1.9761 0.9352
-0.4547 16.8812 -2.0060 0.9342
-1.2420 19.7407 -2.3496 0.9234
-3.1029 18.0176 -2.1717 0.9290
-1.6878 8.0589 -0.9781 0.9674
-6.7837 18.5804 -2.3496 0.9234
-7.4463 18.3249 -2.3496 0.9234
-8.0993 18.0459 -2.3496 0.9234
-8.7419 17.7435 -2.3496 0.9234
-9.3732 17.4183 -2.3496 0.9234
-9.9924 17.0706 -2.3496 0.9234
-11.7697 15.8976 -2.3496 0.9234
-12.8800 15.0122 -2.3496 0.9234
-13.4106 14.5402 -2.3496 0.9234
-14.4193 13.5406 -2.3496 0.9234
-14.8960 13.0143 -2.3496 0.9234
-16.7665 11.7276 -2.4305 0.9209
-19.4405 8.1037 -2.5019 0.9187
-20.1990 5.9667 -2.5019 0.9187
-20.5750 4.5022 -2.5018 0.9187
-20.7233 3.7607 -2.5018 0.9187
-20.8449 3.0144 -2.5018 0.9187
-21.0617 0.0000 -2.5018 0.9187
-21.0481 -0.7561 -2.5018 0.9187
-20.9396 -2.2642 -2.5018 0.9187
-20.7231 -3.7607 -2.5018 0.9187
-20.5747 -4.5022 -2.5018 0.9187
-20.3998 -5.2378 -2.5018 0.9187
-19.1023 -5.6428 -2.3660 0.9229
-18.1551 -6.0797 -2.2743 0.9258
-17.2207 -6.4631 -2.1849 0.9286
-15.9327 -8.0282 -2.1193 0.9307
-15.7909 -11.9117 -2.3496 0.9234
-15.3531 -12.4708 -2.3496 0.9234
-13.4101 -14.5396 -2.3495 0.9234
-12.3323 -15.4642 -2.3495 0.9234
-11.7692 -15.8969 -2.3495 0.9234
-11.1909 -16.3091 -2.3495 0.9234
-10.5983 -16.7002 -2.3495 0.9234
-9.9919 -17.0699 -2.3495 0.9234
-6.7834 -18.5795 -2.3495 0.9234
-5.3431 -16.4446 -2.0539 0.9327
-3.8251 -15.4733 -1.8933 0.9378
-2.7393 -15.9066 -1.9173 0.9371
-2.6549 -19.5998 -2.3494 0.9234
-1.2419 -19.7396 -2.3494 0.9234
-0.5325 -19.7714 -2.3494 0.9234
3.3789 -14.8039 -1.8037 0.9407
4.0119 -15.0626 -1.8516 0.9391
8.9643 -19.0501 -2.5009 0.9187
9.6449 -18.7209 -2.5015 0.9187
10.3106 -18.3626 -2.5015 0.9187
12.2249 -17.1476 -2.5015 0.9187
12.8325 -16.6977 -2.5015 0.9187
13.4236 -16.2263 -2.5015 0.9187
14.5532 -15.2214 -2.5015 0.9187
15.0902 -14.6892 -2.5015 0.9187
16.5818 -12.9818 -2.5015 0.9187
17.8813 -11.1239 -2.5015 0.9187
18.6333 -9.8123 -2.5015 0.9187
19.2893 -8.4502 -2.5015 0.9187
19.5802 -7.7523 -2.5015 0.9187
19.8458 -7.0445 -2.5015 0.9187
20.3001 -5.6024 -2.5015 0.9187
20.6132 -4.1242 -2.4971 0.9188
16.9271 -0.9125 -2.0136 0.9340
15.4303 -0.2770 -1.8332 0.9397
16.0909 0.2889 -1.9117 0.9372
15.5920 1.4033 -1.8596 0.9389
19.6220 2.4789 -2.3493 0.9234
19.2419 4.5739 -2.3494 0.9234
19.0653 5.2617 -2.3494 0.9234
18.3893 7.2808 -2.3494 0.9234
17.2856 9.1027 -2.3206 0.9243
16.4767 9.4472 -2.2561 0.9263
15.9321 9.9114 -2.2288 0.9272
15.2504 10.2644 -2.1836 0.9286
13.1543 11.0826 -2.0432 0.9331
12.5378 11.3572 -2.0095 0.9341
11.1870 11.7007 -1.9229 0.9369
10.2097 12.3414 -1.9026 0.9375
10.4836 13.6413 -2.0436 0.9330
11.4816 16.1051 -2.3494 0.9234
10.2966 16.8875 -2.3495 0.9234
7.5641 13.4712 -1.8352 0.9397
7.0567 13.6972 -1.8303 0.9398
5.9540 13.9301 -1.7995 0.9408
5.5314 14.3455 -1.8263 0.9399
5.7734 18.9179 -2.3495 0.9234
4.4013 19.2835 -2.3495 0.9234
3.1939 16.7430 -2.0247 0.9336
2.4091 15.6653 -1.8827 0.9382
1.2887 15.9175 -1.8970 0.9377
0.7256 16.1574 -1.9212 0.9369
-0.4547 16.8812 -2.0060 0.9342
-1.2420 19.7407 -2.3496 0.9234
-3.1029 18.0176 -2.1717 0.9290
-2.2874 8.0071 -0.9892 0.9670
-6.1124 18.8119 -2.3496 0.9234
-7.4463 18.3249 -2.3496 0.9234
-8.7419 17.7435 -2.3496 0.9234
-9.9924 17.0706 -2.3496 0.9234
-12.3328 15.4648 -2.3496 0.9234
-12.8800 15.0122 -2.3496 0.9234
-13.4106 14.5402 -2.3496 0.9234
-9.3397 9.4239 -1.5761 0.9480
-14.8960 13.0143 -2.3496 0.9234
-15.3536 12.4712 -2.3496 0.9234
-15.7914 11.9120 -2.3496 0.9234
-16.7665 11.7276 -2.4305 0.9209
-18.0805 10.8026 -2.5019 0.9187
-18.8090 9.4775 -2.5019 0.9187
-19.9718 6.6880 -2.5019 0.9187
-20.1990 5.9667 -2.5019 0.9187
-20.4001 5.2378 -2.5018 0.9187
-20.8449 3.0144 -2.5018 0.9187
-21.0075 1.5111 -2.5018 0.9187
-21.0482 0.7560 -2.5018 0.9187
-17.6456 -0.6338 -2.5018 0.9312
-17.6115 -1.2668 -2.5018 0.9312
-17.4752 -2.5271 -2.5018 0.9312
-17.3732 -3.1528 -2.5018 0.9312
-17.2488 -3.7744 -2.5018 0.9312
-16.9335 -5.0021 -2.5018 0.9312
-16.0432 -7.3742 -2.5018 0.9312
-15.7681 -7.9453 -2.5018 0.9312
-15.4727 -8.5062 -2.5018 0.9312
-13.4385 -10.1371 -2.3851 0.9343
-12.8713 -10.4549 -2.3495 0.9352
-12.4877 -10.9102 -2.3495 0.9352
-12.0880 -11.3514 -2.3495 0.9352
-10.7975 -12.5850 -2.3495 0.9352
-9.8668 -13.3272 -2.3495 0.9352
-8.3768 -14.3106 -2.3495 0.9352
-6.7898 -15.1281 -2.3495 0.9352
-5.6869 -15.5762 -2.3495 0.9352
-3.8028 -15.3829 -2.2452 0.9380
-3.2684 -15.6060 -2.2592 0.9376
-2.7266 -15.8321 -2.2763 0.9372
-1.0412 -16.5489 -2.3494 0.9352
-0.4465 -16.5756 -2.3494 0.9352
0.1319 -14.6950 -2.0822 0.9424
1.1197 -13.8305 -1.9660 0.9455
1.6484 -14.0624 -2.0061 0.9444
2.7765 -14.5552 -2.0995 0.9419
3.3774 -14.7975 -2.1506 0.9405
4.0119 -15.0628 -2.2086 0.9390
5.1535 -16.8866 -2.5016 0.9312
5.7564 -16.6907 -2.5016 0.9312
8.0859 -15.6949 -2.5016 0.9312
12.2008 -12.7611 -2.5015 0.9312
12.6510 -12.3149 -2.5015 0.9312
13.0849 -11.8528 -2.5015 0.9312
13.5020 -11.3755 -2.5015 0.9312
13.9016 -10.8835 -2.5015 0.9312
14.2833 -10.3774 -2.5015 0.9312
15.6215 -8.2263 -2.5015 0.9312
16.1714 -7.0843 -2.5015 0.9312
16.4153 -6.4993 -2.5015 0.9312
16.8393 -5.3048 -2.5015 0.9312
17.3120 -3.4638 -2.5015 0.9312
16.4503 -2.0782 -2.3494 0.9352
15.8150 4.9821 -2.3494 0.9352
15.6260 5.5466 -2.3494 0.9352
14.6714 7.7260 -2.3494 0.9352
14.3846 8.2477 -2.3494 0.9352
14.0793 8.7587 -2.3494 0.9352
13.0562 10.2216 -2.3494 0.9352
12.2892 11.1320 -2.3494 0.9352
11.7665 11.4539 -2.3266 0.9358
11.1870 11.7007 -2.2937 0.9367
10.2089 12.3405 -2.2693 0.9373
10.1041 13.1476 -2.3494 0.9352
9.6257 13.5018 -2.3495 0.9352
9.1348 13.8387 -2.3495 0.9352
7.5636 13.4703 -2.1889 0.9395
7.0562 13.6962 -2.1830 0.9397
5.9540 13.9301 -2.1465 0.9406
5.5310 14.3445 -2.1783 0.9398
5.0191 14.5529 -2.1812 0.9397
1.8646 15.9065 -2.2692 0.9373
1.2887 15.9175 -2.2627 0.9375
-1.6346 16.5016 -2.3495 0.9352
-2.8143 16.3419 -2.3496 0.9352
-1.6857 8.0487 -1.1652 0.9673
-1.9455 7.8700 -1.1487 0.9678
-2.2866 8.0045 -1.1795 0.9669
-5.1243 15.7709 -2.3496 0.9352
-5.6871 15.5769 -2.3496 0.9352
-6.2426 15.3627 -2.3496 0.9352
-6.7901 15.1287 -2.3496 0.9352
-7.8580 14.6026 -2.3496 0.9352
-8.3771 14.3112 -2.3496 0.9352
-10.3392 12.9649 -2.3496 0.9352
-11.2427 12.1897 -2.3496 0.9352
-12.4881 10.9105 -2.3496 0.9352
-14.0300 10.5834 -2.4901 0.9315
-14.8228 9.5946 -2.5018 0.9312
-16.0435 7.3743 -2.5018 0.9312
-16.5312 6.2043 -2.5018 0.9312
-16.7433 5.6069 -2.5018 0.9312
-16.9337 5.0022 -2.5018 0.9312
-17.3733 3.1528 -2.5018 0.9312
-17.4753 2.5271 -2.5018 0.9312
-17.6115 1.2668 -2.5018 0.9312
-17.6457 0.6338 -2.5018 0.9312
-17.6570 -0.0000 -2.5018 0.9312
-17.5546 -1.8982 -2.5018 0.9312
-17.3732 -3.1528 -2.5018 0.9312
-17.1022 -4.3911 -2.5018 0.9312
-16.9335 -5.0021 -2.5018 0.9312
-16.5309 -6.2042 -2.5018 0.9312
-16.2975 -6.7936 -2.5018 0.9312
-16.0432 -7.3742 -2.5018 0.9312
-15.4727 -8.5062 -2.5018 0.9312
-15.1454 -9.0489 -2.4998 0.9312
-13.4385 -10.1372 -2.3851 0.9343
-12.8713 -10.4549 -2.3495 0.9352
-12.4877 -10.9102 -2.3495 0.9352
-11.6727 -11.7780 -2.3495 0.9352
-11.2424 -12.1893 -2.3495 0.9352
-10.7975 -12.5850 -2.3495 0.9352
-10.3388 -12.9645 -2.3495 0.9352
-9.8667 -13.3272 -2.3495 0.9352
-8.8851 -14.0007 -2.3495 0.9352
-8.3768 -14.3106 -2.3495 0.9352
-7.3285 -14.8747 -2.3495 0.9352
-6.7898 -15.1281 -2.3495 0.9352
-5.6869 -15.5762 -2.3495 0.9352
-1.6345 -16.5009 -2.3494 0.9352
1.6484 -14.0624 -2.0061 0.9444
2.2014 -14.3143 -2.0520 0.9432
6.3518 -16.4733 -2.5016 0.9312
7.5173 -15.9750 -2.5016 0.9312
9.7262 -14.7346 -2.5016 0.9312
10.2489 -14.3760 -2.5016 0.9312
10.7583 -13.9988 -2.5016 0.9312
11.7349 -13.1908 -2.5016 0.9312
12.6510 -12.3149 -2.5015 0.9312
13.9016 -10.8835 -2.5015 0.9312
14.2833 -10.3774 -2.5015 0.9312
14.9910 -9.3259 -2.5015 0.9312
16.8393 -5.3048 -2.5015 0.9312
17.0189 -4.6969 -2.5015 0.9312
17.1765 -4.0830 -2.5015 0.9312
16.5143 -1.4863 -2.3494 0.9352
16.5570 -0.8925 -2.3494 0.9352
15.3475 0.8274 -2.1777 0.9398
15.7247 1.9865 -2.2457 0.9380
16.2589 3.2531 -2.3494 0.9352
16.1317 3.8346 -2.3494 0.9352
15.8150 4.9821 -2.3494 0.9352
15.6260 5.5466 -2.3494 0.9352
15.4169 6.1040 -2.3494 0.9352
15.1878 6.6535 -2.3494 0.9352
14.9393 7.1944 -2.3494 0.9352
14.6714 7.7260 -2.3494 0.9352
14.3846 8.2477 -2.3494 0.9352
14.0793 8.7587 -2.3494 0.9352
13.7559 9.2585 -2.3494 0.9352
13.4147 9.7463 -2.3494 0.9352
12.2892 11.1320 -2.3494 0.9352
11.7665 11.4539 -2.3266 0.9358
10.7738 12.1105 -2.2967 0.9366
10.2089 12.3405 -2.2693 0.9373
10.1041 13.1476 -2.3494 0.9352
8.6322 14.1577 -2.3495 0.9352
7.5636 13.4703 -2.1889 0.9395
6.2372 13.2547 -2.0756 0.9425
5.5310 14.3445 -2.1783 0.9398
5.0191 14.5529 -2.1812 0.9397
4.8402 15.8599 -2.3495 0.9352
3.6899 16.1664 -2.3495 0.9352
3.1072 16.2884 -2.3495 0.9352
2.4089 15.6642 -2.2455 0.9380
1.8646 15.9065 -2.2692 0.9373
1.2887 15.9175 -2.2627 0.9375
0.7256 16.1574 -2.2916 0.9367
0.1488 16.5816 -2.3495 0.9352
-1.6346 16.5016 -2.3495 0.9352
-2.2260 16.4320 -2.3496 0.9352
-2.8144 16.3419 -2.3496 0.9352
-1.9455 7.8700 -1.1487 0.9678
-2.2866 8.0045 -1.1795 0.9669
-5.1243 15.7709 -2.3496 0.9352
-6.7901 15.1287 -2.3496 0.9352
-7.3288 14.8753 -2.3496 0.9352
-8.8855 14.0012 -2.3496 0.9352
-9.3823 13.6733 -2.3496 0.9352
-11.2427 12.1897 -2.3496 0.9352
-12.4881 10.9105 -2.3496 0.9352
-12.8717 10.4552 -2.3496 0.9352
-14.4689 10.1205 -2.5018 0.9312
-15.1577 9.0563 -2.5018 0.9312
-16.0435 7.3743 -2.5018 0.9312
-16.5312 6.2043 -2.5018 0.9312
-16.7433 5.6068 -2.5018 0.9312
-17.4753 2.5271 -2.5018 0.9312
-17.6457 0.6338 -2.5018 0.9312
-17.6570 -0.0000 -2.5018 0.9312
-17.4752 -2.5271 -2.5018 0.9312
-17.2488 -3.7744 -2.5018 0.9312
-17.1022 -4.3911 -2.5018 0.9312
-16.9335 -5.0022 -2.5018 0.9312
-16.7430 -5.6068 -2.5018 0.9312
-16.5309 -6.2042 -2.5018 0.9312
-16.2975 -6.7936 -2.5018 0.9312
-15.7681 -7.9453 -2.5018 0.9312
-14.0916 -9.8566 -2.4366 0.9329
-12.8713 -10.4549 -2.3495 0.9352
-12.0879 -11.3514 -2.3495 0.9352
-11.6727 -11.7779 -2.3495 0.9352
-11.2424 -12.1894 -2.3495 0.9352
-9.3820 -13.6728 -2.3495 0.9352
-8.8851 -14.0007 -2.3495 0.9352
-8.3768 -14.3106 -2.3495 0.9352
-7.8577 -14.6020 -2.3495 0.9352
-5.6869 -15.5762 -2.3495 0.9352
-4.9227 -15.1507 -2.2572 0.9377
-4.3313 -15.1623 -2.2343 0.9383
-3.8028 -15.3829 -2.2452 0.9380
-3.2684 -15.6060 -2.2592 0.9376
-1.6345 -16.5009 -2.3494 0.9352
-0.4464 -16.5756 -2.3494 0.9352
0.1319 -14.6950 -2.0822 0.9424
0.6238 -13.8899 -1.9700 0.9454
1.1197 -13.8305 -1.9660 0.9455
1.6484 -14.0624 -2.0061 0.9444
2.2014 -14.3143 -2.0520 0.9432
2.7766 -14.5552 -2.0995 0.9419
3.3775 -14.7975 -2.1506 0.9405
5.1536 -16.8866 -2.5016 0.9312
5.7564 -16.6907 -2.5016 0.9312
6.3518 -16.4733 -2.5016 0.9312
6.9390 -16.2346 -2.5016 0.9312
10.7583 -13.9988 -2.5016 0.9312
11.2539 -13.6036 -2.5016 0.9312
11.7349 -13.1908 -2.5016 0.9312
12.2008 -12.7611 -2.5015 0.9312
12.6510 -12.3149 -2.5015 0.9312
13.9016 -10.8834 -2.5015 0.9312
14.2833 -10.3774 -2.5015 0.9312
14.9910 -9.3259 -2.5015 0.9312
15.9067 -7.6602 -2.5015 0.9312
16.4153 -6.4993 -2.5015 0.9312
16.6380 -5.9058 -2.5015 0.9312
16.8393 -5.3048 -2.5015 0.9312
17.1765 -4.0830 -2.5015 0.9312
17.3120 -3.4637 -2.5015 0.9312
17.4032 -2.8365 -2.4984 0.9312
16.5570 -0.8925 -2.3494 0.9352
15.4303 -0.2770 -2.1867 0.9396
11.4486 1.0304 -1.6287 0.9546
15.7247 1.9865 -2.2457 0.9380
16.3652 2.6674 -2.3494 0.9352
15.6260 5.5466 -2.3494 0.9352
15.1878 6.6535 -2.3494 0.9352
14.6714 7.7260 -2.3494 0.9352
14.3846 8.2477 -2.3494 0.9352
14.0793 8.7587 -2.3494 0.9352
12.6809 10.6837 -2.3494 0.9352
10.7738 12.1105 -2.2967 0.9366
10.1041 13.1476 -2.3494 0.9352
7.0562 13.6962 -2.1830 0.9397
5.9540 13.9301 -2.1465 0.9406
5.0191 14.5529 -2.1812 0.9397
3.6899 16.1664 -2.3495 0.9352
2.4089 15.6642 -2.2455 0.9380
1.8646 15.9065 -2.2692 0.9373
1.2887 15.9175 -2.2627 0.9375
0.7256 16.1574 -2.2916 0.9367
-0.4465 16.5763 -2.3495 0.9352
-1.0412 16.5496 -2.3495 0.9352
-1.6346 16.5016 -2.3495 0.9352
-1.9455 7.8700 -1.1487 0.9678
-5.1243 15.7709 -2.3496 0.9352
-5.6871 15.5769 -2.3496 0.9352
-6.7901 15.1287 -2.3496 0.9352
-7.3288 14.8753 -2.3496 0.9352
-7.8580 14.6026 -2.3496 0.9352
-9.3823 13.6733 -2.3496 0.9352
-10.3392 12.9649 -2.3496 0.9352
-11.2428 12.1897 -2.3496 0.9352
-9.3413 9.4255 -1.8803 0.9478
-12.4881 10.9105 -2.3496 0.9352
-12.8717 10.4552 -2.3496 0.9352
-14.4689 10.1205 -2.5018 0.9312
-14.8229 9.5946 -2.5018 0.9312
-16.0435 7.3743 -2.5018 0.9312
-17.1024 4.3911 -2.5018 0.9312
-17.2490 3.7744 -2.5018 0.9312
-17.5548 1.8982 -2.5018 0.9312
-17.6457 0.6338 -2.5018 0.9312
-17.6570 0.0000 -2.5018 0.9312
-17.6456 -0.6338 -2.5018 0.9312
-17.6115 -1.2668 -2.5018 0.9312
-17.4752 -2.5271 -2.5018 0.9312
-17.3732 -3.1528 -2.5018 0.9312
-16.5309 -6.2042 -2.5018 0.9312
-15.7681 -7.9453 -2.5018 0.9312
-15.4727 -8.5062 -2.5018 0.9312
-15.1454 -9.0489 -2.4998 0.9312
-14.7739 -9.5629 -2.4936 0.9314
-14.0916 -9.8566 -2.4366 0.9329
-12.8713 -10.4549 -2.3495 0.9352
-12.0879 -11.3514 -2.3495 0.9352
-11.2424 -12.1894 -2.3495 0.9352
-10.3388 -12.9645 -2.3495 0.9352
-9.3820 -13.6728 -2.3495 0.9352
-8.8851 -14.0007 -2.3495 0.9352
-8.3768 -14.3106 -2.3495 0.9352
-7.8577 -14.6020 -2.3495 0.9352
-5.6670 -13.9462 -2.1329 0.9410
-3.8028 -15.3829 -2.2452 0.9380
-2.7265 -15.8321 -2.2763 0.9372
-2.2258 -16.4316 -2.3494 0.9352
-1.6345 -16.5009 -2.3494 0.9352
-0.4465 -16.5756 -2.3494 0.9352
0.1319 -14.6950 -2.0822 0.9424
0.6238 -13.8899 -1.9700 0.9454
1.6484 -14.0624 -2.0061 0.9444
3.3775 -14.7975 -2.1506 0.9405
5.1535 -16.8866 -2.5016 0.9312
6.3518 -16.4732 -2.5016 0.9312
8.0859 -15.6949 -2.5016 0.9312
10.7583 -13.9988 -2.5016 0.9312
11.2539 -13.6036 -2.5016 0.9312
11.7349 -13.1908 -2.5016 0.9312
12.2008 -12.7611 -2.5015 0.9312
12.6510 -12.3149 -2.5015 0.9312
13.5020 -11.3755 -2.5015 0.9312
14.2833 -10.3774 -2.5015 0.9312
15.6215 -8.2263 -2.5015 0.9312
16.4153 -6.4993 -2.5015 0.9312
16.6380 -5.9058 -2.5015 0.9312
16.8393 -5.3048 -2.5015 0.9312
17.1765 -4.0829 -2.5015 0.9312
16.5570 -0.8925 -2.3494 0.9352
15.4303 -0.2770 -2.1867 0.9396
15.1114 0.2713 -2.1415 0.9408
15.3475 0.8274 -2.1777 0.9398
11.4486 1.0304 -1.6287 0.9546
15.7247 1.9865 -2.2457 0.9380
16.3652 2.6674 -2.3494 0.9352
15.9837 4.4112 -2.3494 0.9352
15.8150 4.9822 -2.3494 0.9352
14.9392 7.1944 -2.3494 0.9352
14.6714 7.7260 -2.3494 0.9352
14.3846 8.2477 -2.3494 0.9352
13.7559 9.2585 -2.3494 0.9352
13.4147 9.7464 -2.3494 0.9352
13.0562 10.2216 -2.3494 0.9352
12.2892 11.1321 -2.3494 0.9352
11.7665 11.4539 -2.3266 0.9358
10.7738 12.1105 -2.2967 0.9366
10.1041 13.1476 -2.3494 0.9352
9.6257 13.5019 -2.3495 0.9352
9.1348 13.8387 -2.3495 0.9352
8.6322 14.1577 -2.3495 0.9352
7.5636 13.4703 -2.1889 0.9395
7.0562 13.6962 -2.1830 0.9397
6.2372 13.2547 -2.0756 0.9425
5.0191 14.5529 -2.1812 0.9397
4.8402 15.8599 -2.3495 0.9352
4.2678 16.0234 -2.3495 0.9352
3.6898 16.1664 -2.3495 0.9352
3.1072 16.2884 -2.3495 0.9352
1.8646 15.9065 -2.2692 0.9373
0.7256 16.1574 -2.2916 0.9367
-1.0412 16.5496 -2.3495 0.9352
-5.6871 15.5769 -2.3496 0.9352
-6.7901 15.1287 -2.3496 0.9352
-8.3771 14.3112 -2.3496 0.9352
-8.8855 14.0012 -2.3496 0.9352
-9.3824 13.6733 -2.3496 0.9352
-9.8671 13.3277 -2.3496 0.9352
-9.3413 9.4255 -1.8803 0.9478
-12.0883 11.3517 -2.3496 0.9352
-12.4881 10.9105 -2.3496 0.9352
-14.4689 10.1205 -2.5018 0.9312
-15.1577 9.0563 -2.5018 0.9312
-15.4730 8.5064 -2.5018 0.9312
-16.5312 6.2042 -2.5018 0.9312
-16.7433 5.6068 -2.5018 0.9312
-16.9337 5.0022 -2.5018 0.9312
-17.5548 1.8982 -2.5018 0.9312
-17.6457 0.6338 -2.5018 0.9312
-15.1472 -1.0896 -2.5018 0.9403
-15.0300 -2.1735 -2.5018 0.9403
-14.7092 -3.7767 -2.5018 0.9403
-14.5641 -4.3022 -2.5018 0.9403
-14.4003 -4.8223 -2.5018 0.9403
-14.0172 -5.8430 -2.5018 0.9403
-13.7984 -6.3424 -2.5018 0.9403
-13.5618 -6.8336 -2.5018 0.9403
-13.0365 -7.7890 -2.5018 0.9403
-12.7485 -8.2519 -2.5017 0.9403
-11.7875 -9.5745 -2.5017 0.9403
-11.0701 -10.3955 -2.5017 0.9403
-9.8639 -11.4967 -2.4955 0.9404
-9.3952 -11.7813 -2.4824 0.9407
-6.8965 -12.8159 -2.3976 0.9427
-5.9298 -13.2120 -2.3857 0.9430
-4.4873 -13.8105 -2.3922 0.9428
-4.0024 -14.0109 -2.4005 0.9426
-3.5135 -14.2125 -2.4118 0.9424
-2.5180 -14.6210 -2.4441 0.9416
-1.4899 -15.0404 -2.4899 0.9406
-0.9515 -15.1231 -2.4963 0.9404
0.1363 -15.1848 -2.5016 0.9403
0.6217 -13.8433 -2.2828 0.9454
1.1197 -13.8307 -2.2859 0.9453
2.8454 -14.9163 -2.5016 0.9403
4.9510 -14.3554 -2.5016 0.9403
5.9682 -13.9632 -2.5016 0.9403
6.4655 -13.7399 -2.5016 0.9403
6.9546 -13.4990 -2.5016 0.9403
7.4346 -13.2406 -2.5016 0.9403
8.3654 -12.6731 -2.5016 0.9403
8.8149 -12.3646 -2.5016 0.9403
9.2531 -12.0402 -2.5016 0.9403
9.6793 -11.7003 -2.5016 0.9403
10.0931 -11.3453 -2.5016 0.9403
10.4938 -10.9756 -2.5016 0.9403
10.8810 -10.5919 -2.5016 0.9403
11.2542 -10.1945 -2.5016 0.9403
11.9566 -9.3607 -2.5016 0.9403
12.5974 -8.4788 -2.5016 0.9403
13.1732 -7.5531 -2.5016 0.9403
14.1186 -5.5900 -2.5016 0.9403
14.7733 -3.5117 -2.5016 0.9403
14.8899 -2.9791 -2.5016 0.9403
15.0526 -1.9016 -2.4995 0.9403
14.2405 -0.7677 -2.3494 0.9438
14.2589 -0.2560 -2.3494 0.9438
14.2405 0.7677 -2.3494 0.9438
11.3905 1.0252 -1.8840 0.9547
14.1488 1.7874 -2.3494 0.9438
14.0755 2.2941 -2.3494 0.9438
13.4397 4.7706 -2.3494 0.9438
12.6187 6.6450 -2.3494 0.9438
12.1094 7.5333 -2.3494 0.9438
11.8312 7.9631 -2.3494 0.9438
11.5378 8.3827 -2.3494 0.9438
10.5698 9.5745 -2.3494 0.9438
10.2193 9.9478 -2.3494 0.9438
9.4793 10.6554 -2.3494 0.9438
8.6904 11.3080 -2.3495 0.9438
7.4244 12.1768 -2.3495 0.9438
6.9826 12.4355 -2.3495 0.9438
6.5317 12.6781 -2.3495 0.9438
6.0724 12.9045 -2.3495 0.9438
4.1630 13.6408 -2.3495 0.9438
3.6706 13.7815 -2.3495 0.9438
2.6724 14.0094 -2.3495 0.9438
1.6604 14.1650 -2.3495 0.9438
0.6399 14.2477 -2.3495 0.9438
-1.4059 14.1927 -2.3495 0.9438
-1.9145 14.1331 -2.3495 0.9438
-2.4206 14.0553 -2.3495 0.9438
-1.9449 7.8675 -1.3351 0.9677
-2.2859 8.0019 -1.3710 0.9668
-4.4073 13.5642 -2.3496 0.9438
-4.8914 13.3973 -2.3496 0.9438
-6.3033 12.7939 -2.3496 0.9438
-6.7585 12.5594 -2.3496 0.9438
-7.2050 12.3087 -2.3496 0.9438
-8.0695 11.7601 -2.3496 0.9438
-8.8925 11.1508 -2.3496 0.9438
-9.6696 10.4841 -2.3496 0.9438
-9.3422 9.4264 -2.1863 0.9476
-10.3969 9.7633 -2.3496 0.9438
-12.1239 9.1455 -2.5018 0.9403
-13.5620 6.8337 -2.5018 0.9403
-14.2181 5.3361 -2.5018 0.9403
-14.4005 4.8223 -2.5018 0.9403
-14.5643 4.3023 -2.5018 0.9403
-15.0984 1.6326 -2.5018 0.9403
-15.1766 -0.5451 -2.5018 0.9403
-15.1472 -1.0896 -2.5018 0.9403
-14.8353 -3.2462 -2.5018 0.9403
-14.7092 -3.7767 -2.5018 0.9403
-14.4003 -4.8223 -2.5018 0.9403
-14.2179 -5.3361 -2.5018 0.9403
-14.0172 -5.8430 -2.5018 0.9403
-12.4441 -8.7042 -2.5017 0.9403
-12.1236 -9.1453 -2.5017 0.9403
-11.7875 -9.5745 -2.5017 0.9403
-11.4362 -9.9915 -2.5017 0.9403
-8.3758 -12.2064 -2.4387 0.9418
-7.3843 -12.6151 -2.4081 0.9425
-5.4495 -13.4109 -2.3847 0.9430
-4.9692 -13.6106 -2.3870 0.9430
-4.4873 -13.8105 -2.3922 0.9428
-2.5180 -14.6210 -2.4441 0.9416
-0.9515 -15.1231 -2.4963 0.9404
-0.4085 -15.1654 -2.4992 0.9404
0.1363 -15.1848 -2.5016 0.9403
1.1197 -13.8307 -2.2859 0.9453
2.3082 -15.0089 -2.5016 0.9403
2.8455 -14.9163 -2.5016 0.9403
5.4631 -14.1684 -2.5016 0.9403
7.4346 -13.2406 -2.5016 0.9403
8.8149 -12.3646 -2.5016 0.9403
10.0931 -11.3453 -2.5016 0.9403
11.6129 -9.7839 -2.5016 0.9403
11.9566 -9.3607 -2.5016 0.9403
13.4359 -7.0754 -2.5016 0.9403
13.6812 -6.5885 -2.5016 0.9403
13.9089 -6.0932 -2.5016 0.9403
14.1186 -5.5900 -2.5016 0.9403
14.4833 -4.5626 -2.5016 0.9403
14.6377 -4.0397 -2.5016 0.9403
14.7733 -3.5117 -2.5016 0.9403
14.8899 -2.9791 -2.5016 0.9403
14.9872 -2.4427 -2.5016 0.9403
14.5326 -1.3079 -2.4038 0.9426
14.2405 -0.7677 -2.3494 0.9438
14.2589 -0.2560 -2.3494 0.9438
14.2589 0.2560 -2.3494 0.9438
11.3905 1.0252 -1.8840 0.9547
14.1488 1.7874 -2.3494 0.9438
13.9841 2.7979 -2.3494 0.9438
13.7473 3.7940 -2.3494 0.9438
13.6023 4.2851 -2.3494 0.9438
13.4397 4.7706 -2.3494 0.9438
13.0629 5.7226 -2.3494 0.9438
12.8490 6.1878 -2.3494 0.9438
12.6187 6.6450 -2.3494 0.9438
12.1094 7.5333 -2.3494 0.9438
11.8312 7.9631 -2.3494 0.9438
11.5378 8.3827 -2.3494 0.9438
11.2295 8.7915 -2.3494 0.9438
10.9066 9.1889 -2.3494 0.9438
10.2193 9.9478 -2.3494 0.9438
9.4792 10.6551 -2.3494 0.9438
9.0907 10.9888 -2.3494 0.9438
8.2789 11.6127 -2.3495 0.9438
6.9826 12.4355 -2.3495 0.9438
6.5317 12.6781 -2.3495 0.9438
6.0724 12.9045 -2.3495 0.9438
3.6706 13.7815 -2.3495 0.9438
3.1736 13.9044 -2.3495 0.9438
2.6724 14.0094 -2.3495 0.9438
2.1678 14.0963 -2.3495 0.9438
-0.3840 14.2569 -2.3495 0.9438
-0.8955 14.2340 -2.3495 0.9438
-1.4059 14.1927 -2.3495 0.9438
-2.4206 14.0553 -2.3495 0.9438
-2.2859 8.0019 -1.3710 0.9668
-4.4073 13.5642 -2.3496 0.9438
-4.8914 13.3973 -2.3496 0.9438
-5.3691 13.2131 -2.3496 0.9438
-6.3033 12.7939 -2.3496 0.9438
-7.6422 12.0421 -2.3496 0.9438
-8.0695 11.7601 -2.3496 0.9438
-8.8925 11.1508 -2.3496 0.9438
-7.1794 8.3679 -1.8164 0.9563
-12.7488 8.2521 -2.5018 0.9403
-13.0368 7.7891 -2.5018 0.9403
-13.3080 7.3161 -2.5018 0.9403
-13.5620 6.8337 -2.5018 0.9403
-13.7986 6.3425 -2.5018 0.9403
-14.0174 5.8431 -2.5018 0.9403
-14.2181 5.3361 -2.5018 0.9403
-14.4005 4.8223 -2.5018 0.9403
-14.7093 3.7767 -2.5018 0.9403
-15.1766 0.5451 -2.5018 0.9403
-15.1472 -1.0896 -2.5018 0.9403
-15.0300 -2.1735 -2.5018 0.9403
-14.5641 -4.3023 -2.5018 0.9403
-14.4003 -4.8223 -2.5018 0.9403
-13.7984 -6.3424 -2.5018 0.9403
-13.5618 -6.8336 -2.5018 0.9403
-13.3077 -7.3160 -2.5018 0.9403
-12.7485 -8.2519 -2.5017 0.9403
-12.1236 -9.1453 -2.5017 0.9403
-11.4362 -9.9915 -2.5017 0.9403
-10.6884 -10.7848 -2.5014 0.9403
-10.2817 -11.1478 -2.4983 0.9404
-9.8639 -11.4967 -2.4955 0.9404
-9.3952 -11.7813 -2.4824 0.9407
-8.8808 -11.9955 -2.4588 0.9413
-7.3843 -12.6151 -2.4081 0.9425
-6.8965 -12.8159 -2.3976 0.9427
-5.9298 -13.2120 -2.3857 0.9430
-4.4873 -13.8105 -2.3922 0.9428
-3.5135 -14.2125 -2.4118 0.9424
-2.5180 -14.6210 -2.4441 0.9416
-2.0087 -14.8290 -2.4652 0.9411
-0.4085 -15.1654 -2.4992 0.9404
0.1363 -15.1848 -2.5016 0.9403
1.1197 -13.8307 -2.2859 0.9453
1.7679 -15.0821 -2.5016 0.9403
2.3082 -15.0089 -2.5016 0.9403
2.8455 -14.9163 -2.5016 0.9403
3.3790 -14.8045 -2.5016 0.9403
5.4631 -14.1684 -2.5016 0.9403
6.4655 -13.7399 -2.5016 0.9403
7.4346 -13.2406 -2.5016 0.9403
8.3654 -12.6731 -2.5016 0.9403
9.2531 -12.0402 -2.5016 0.9403
10.0931 -11.3453 -2.5016 0.9403
10.4938 -10.9756 -2.5016 0.9403
10.8810 -10.5919 -2.5016 0.9403
11.2542 -10.1945 -2.5016 0.9403
11.9566 -9.3607 -2.5016 0.9403
13.1732 -7.5531 -2.5016 0.9403
13.9089 -6.0932 -2.5016 0.9403
14.4833 -4.5626 -2.5016 0.9403
14.6377 -4.0397 -2.5016 0.9403
14.8899 -2.9791 -2.5016 0.9403
15.0526 -1.9016 -2.4995 0.9403
11.3905 1.0252 -1.8840 0.9547
13.9841 2.7979 -2.3494 0.9438
13.8747 3.2981 -2.3494 0.9438
13.7473 3.7940 -2.3494 0.9438
13.6023 4.2851 -2.3494 0.9438
13.0629 5.7226 -2.3494 0.9438
12.6187 6.6450 -2.3494 0.9438
12.1094 7.5333 -2.3494 0.9438
11.8312 7.9631 -2.3494 0.9438
11.5378 8.3827 -2.3494 0.9438
10.2193 9.9478 -2.3494 0.9438
9.8556 10.3082 -2.3494 0.9438
9.4792 10.6551 -2.3494 0.9438
8.2789 11.6127 -2.3495 0.9438
7.8567 11.9024 -2.3495 0.9438
6.0724 12.9045 -2.3495 0.9438
5.6052 13.1141 -2.3495 0.9438
5.1309 13.3069 -2.3495 0.9438
4.1630 13.6408 -2.3495 0.9438
3.6706 13.7815 -2.3495 0.9438
2.6724 14.0094 -2.3495 0.9438
2.1678 14.0963 -2.3495 0.9438
1.6604 14.1650 -2.3495 0.9438
0.6399 14.2477 -2.3495 0.9438
-0.3840 14.2569 -2.3495 0.9438
-0.8955 14.2340 -2.3495 0.9438
-1.9145 14.1331 -2.3495 0.9438
-1.6835 8.0385 -1.3530 0.9673
-5.3691 13.2131 -2.3496 0.9438
-5.8400 13.0119 -2.3496 0.9438
-6.3033 12.7939 -2.3496 0.9438
-6.7585 12.5594 -2.3496 0.9438
-7.2050 12.3087 -2.3496 0.9438
-7.6422 12.0421 -2.3496 0.9438
-8.0695 11.7601 -2.3496 0.9438
-8.4865 11.4628 -2.3496 0.9438
-8.8925 11.1508 -2.3496 0.9438
-7.1794 8.3679 -1.8164 0.9563
-12.1239 9.1455 -2.5018 0.9403
-12.7488 8.2520 -2.5018 0.9403
-13.3080 7.3161 -2.5018 0.9403
-13.7986 6.3425 -2.5018 0.9403
-14.0174 5.8431 -2.5018 0.9403
-14.2181 5.3361 -2.5018 0.9403
-14.4005 4.8223 -2.5018 0.9403
-14.5643 4.3023 -2.5018 0.9403
-14.7093 3.7767 -2.5018 0.9403
-14.9424 2.7116 -2.5018 0.9403
-15.0984 1.6326 -2.5018 0.9403
-15.1766 0.5451 -2.5018 0.9403
-15.1864 0.0000 -2.5018 0.9403
-15.0983 -1.6326 -2.5018 0.9403
-15.0300 -2.1735 -2.5018 0.9403
-14.8353 -3.2463 -2.5018 0.9403
-14.4003 -4.8223 -2.5018 0.9403
-14.2179 -5.3361 -2.5018 0.9403
-14.0172 -5.8430 -2.5018 0.9403
-13.3077 -7.3160 -2.5018 0.9403
-13.0365 -7.7890 -2.5018 0.9403
-12.4441 -8.7042 -2.5017 0.9403
-12.1236 -9.1453 -2.5017 0.9403
-11.4361 -9.9915 -2.5017 0.9403
-10.2817 -11.1478 -2.4983 0.9404
-8.8808 -11.9955 -2.4588 0.9413
-7.8770 -12.4121 -2.4218 0.9421
-7.3843 -12.6151 -2.4081 0.9425
-6.4121 -13.0147 -2.3901 0.9429
-5.9298 -13.2120 -2.3857 0.9430
-4.9692 -13.6106 -2.3870 0.9430
-4.4873 -13.8105 -2.3922 0.9428
-4.0024 -14.0109 -2.4005 0.9426
-3.5134 -14.2125 -2.4118 0.9424
-3.0191 -14.4156 -2.4263 0.9420
-2.5180 -14.6210 -2.4441 0.9416
-1.4899 -15.0404 -2.4899 0.9406
-0.9515 -15.1231 -2.4963 0.9404
-0.4085 -15.1654 -2.4992 0.9404
0.1363 -15.1848 -2.5016 0.9403
0.6217 -13.8433 -2.2828 0.9454
1.7679 -15.0821 -2.5016 0.9403
3.3790 -14.8045 -2.5016 0.9403
4.4325 -14.5239 -2.5016 0.9403
5.4631 -14.1684 -2.5016 0.9403
5.9682 -13.9632 -2.5016 0.9403
6.4655 -13.7399 -2.5016 0.9403
7.4346 -13.2406 -2.5016 0.9403
7.9051 -12.9652 -2.5016 0.9403
8.8150 -12.3646 -2.5016 0.9403
9.2531 -12.0402 -2.5016 0.9403
10.0931 -11.3453 -2.5016 0.9403
10.4938 -10.9756 -2.5016 0.9403
11.2542 -10.1945 -2.5016 0.9403
11.6129 -9.7839 -2.5016 0.9403
12.2849 -8.9255 -2.5016 0.9403
12.5974 -8.4788 -2.5016 0.9403
13.4359 -7.0753 -2.5016 0.9403
14.1186 -5.5900 -2.5016 0.9403
14.3102 -5.0796 -2.5016 0.9403
14.4833 -4.5626 -2.5016 0.9403
14.7733 -3.5117 -2.5016 0.9403
14.5326 -1.3079 -2.4038 0.9426
14.2405 -0.7677 -2.3494 0.9438
14.2589 -0.2560 -2.3494 0.9438
14.2589 0.2560 -2.3494 0.9438
14.2405 0.7677 -2.3494 0.9438
11.3905 1.0252 -1.8840 0.9547
14.1488 1.7874 -2.3494 0.9438
14.0755 2.2942 -2.3494 0.9438
13.9841 2.7979 -2.3494 0.9438
13.8747 3.2981 -2.3494 0.9438
13.7473 3.7940 -2.3494 0.9438
13.4397 4.7706 -2.3494 0.9438
13.0629 5.7226 -2.3494 0.9438
12.8490 6.1878 -2.3494 0.9438
12.6187 6.6450 -2.3494 0.9438
12.1094 7.5333 -2.3494 0.9438
11.8312 7.9631 -2.3494 0.9438
10.5698 9.5745 -2.3494 0.9438
10.2193 9.9478 -2.3494 0.9438
8.6904 11.3080 -2.3495 0.9438
8.2789 11.6127 -2.3495 0.9438
7.8567 11.9024 -2.3495 0.9438
7.4244 12.1768 -2.3495 0.9438
6.9825 12.4355 -2.3495 0.9438
6.0724 12.9045 -2.3495 0.9438
4.6499 13.4826 -2.3495 0.9438
4.1630 13.6408 -2.3495 0.9438
3.1736 13.9044 -2.3495 0.9438
2.6724 14.0094 -2.3495 0.9438
2.1678 14.0963 -2.3495 0.9438
1.6604 14.1650 -2.3495 0.9438
-0.3840 14.2569 -2.3495 0.9438
-0.8955 14.2340 -2.3495 0.9438
-1.4059 14.1927 -2.3495 0.9438
-2.2859 8.0019 -1.3710 0.9668
-4.4073 13.5642 -2.3496 0.9438
-5.3691 13.2131 -2.3496 0.9438
-5.8400 13.0119 -2.3496 0.9438
-6.3033 12.7939 -2.3496 0.9438
-6.7585 12.5594 -2.3496 0.9438
-8.0695 11.7600 -2.3496 0.9438
-8.4865 11.4628 -2.3496 0.9438
-8.8925 11.1508 -2.3496 0.9438
-9.6696 10.4841 -2.3496 0.9438
-10.3969 9.7633 -2.3496 0.9438
-10.7407 9.3838 -2.3496 0.9438
-11.7586 9.5511 -2.4956 0.9404
-12.1239 9.1455 -2.5018 0.9403
-12.7488 8.2520 -2.5018 0.9403
-13.0368 7.7891 -2.5018 0.9403
-13.3080 7.3161 -2.5018 0.9403
-13.5620 6.8337 -2.5018 0.9403
-13.7986 6.3425 -2.5018 0.9403
-14.2181 5.3361 -2.5018 0.9403
-14.4005 4.8223 -2.5018 0.9403
-14.7093 3.7767 -2.5018 0.9403
-14.9424 2.7116 -2.5018 0.9403
-15.1473 1.0896 -2.5018 0.9403
-15.1766 0.5451 -2.5018 0.9403
-13.3015 -0.4778 -2.5018 0.9473
-13.2758 -0.9549 -2.5018 0.9473
-13.2329 -1.4309 -2.5018 0.9473
-13.0962 -2.3766 -2.5018 0.9473
-13.0024 -2.8452 -2.5018 0.9473
-12.7647 -3.7707 -2.5018 0.9473
-12.6211 -4.2265 -2.5018 0.9473
-12.0936 -5.5588 -2.5018 0.9473
-11.6636 -6.4121 -2.5017 0.9473
-11.4259 -6.8266 -2.5017 0.9473
-11.1735 -7.2324 -2.5017 0.9473
-9.7024 -9.1112 -2.5017 0.9473
-9.3691 -9.4536 -2.5017 0.9473
-9.0237 -9.7838 -2.5017 0.9473
-8.2985 -10.4060 -2.5017 0.9473
-7.9196 -10.6971 -2.5017 0.9473
-7.5305 -10.9745 -2.5017 0.9473
-6.7237 -11.4865 -2.5017 0.9473
-5.4499 -12.1427 -2.5017 0.9473
-4.5646 -12.5023 -2.5017 0.9473
-4.1129 -12.6581 -2.5017 0.9473
-3.6558 -12.7976 -2.5017 0.9473
-3.1941 -12.9205 -2.5017 0.9473
-2.2589 -13.1164 -2.5017 0.9473
-1.3120 -13.2446 -2.5016 0.9473
-0.8357 -13.2831 -2.5016 0.9473
-0.3584 -13.3045 -2.5016 0.9473
0.5971 -13.2959 -2.5016 0.9473
2.9616 -12.9756 -2.5016 0.9473
3.8849 -12.7296 -2.5016 0.9473
4.3393 -12.5819 -2.5016 0.9473
5.2308 -12.2381 -2.5016 0.9473
6.5162 -11.6049 -2.5016 0.9473
8.4835 -10.2548 -2.5016 0.9473
8.8462 -9.9437 -2.5016 0.9473
9.1974 -9.6197 -2.5016 0.9473
9.5368 -9.2834 -2.5016 0.9473
10.4795 -8.2043 -2.5016 0.9473
10.7672 -7.8228 -2.5016 0.9473
11.3007 -7.0302 -2.5016 0.9473
11.5458 -6.6200 -2.5016 0.9473
11.9910 -5.7746 -2.5016 0.9473
12.3744 -4.8994 -2.5016 0.9473
12.8294 -3.5407 -2.5016 0.9473
12.9482 -3.0779 -2.5016 0.9473
13.0504 -2.6111 -2.5016 0.9473
13.2493 -1.1925 -2.5004 0.9473
13.0920 -0.7058 -2.4644 0.9480
12.4973 0.2244 -2.3494 0.9504
12.4812 0.6728 -2.3494 0.9504
11.3634 1.0227 -2.1445 0.9546
12.4008 1.5666 -2.3494 0.9504
12.2565 2.4523 -2.3494 0.9504
12.1606 2.8906 -2.3494 0.9504
12.0490 3.3253 -2.3494 0.9504
11.6217 4.6014 -2.3494 0.9504
10.8436 6.2174 -2.3494 0.9504
10.3696 6.9793 -2.3494 0.9504
10.1124 7.3471 -2.3494 0.9504
9.5592 8.0537 -2.3494 0.9504
8.6380 9.0347 -2.3494 0.9504
7.9676 9.6312 -2.3495 0.9504
7.6168 9.9110 -2.3495 0.9504
6.8861 10.4320 -2.3495 0.9504
6.5072 10.6724 -2.3495 0.9504
6.1199 10.8992 -2.3495 0.9504
4.9128 11.4940 -2.3495 0.9504
4.0755 11.8168 -2.3495 0.9504
3.6487 11.9555 -2.3495 0.9504
3.2172 12.0788 -2.3495 0.9504
1.9000 12.3547 -2.3495 0.9504
1.4553 12.4150 -2.3495 0.9504
1.0087 12.4592 -2.3495 0.9504
0.1122 12.4996 -2.3495 0.9504
-0.3366 12.4955 -2.3495 0.9504
-1.2322 12.4392 -2.3495 0.9504
-1.6779 12.3870 -2.3495 0.9504
-2.1215 12.3188 -2.3495 0.9504
-1.6814 8.0282 -1.5417 0.9672
-2.2851 7.9993 -1.5637 0.9667
-5.1184 11.4043 -2.3496 0.9504
-5.5245 11.2132 -2.3496 0.9504
-5.9235 11.0077 -2.3496 0.9504
-6.3148 10.7880 -2.3496 0.9504
-6.6980 10.5543 -2.3496 0.9504
-7.0725 10.3071 -2.3496 0.9504
-7.4380 10.0466 -2.3496 0.9504
-9.1465 8.5892 -2.3584 0.9502
-10.0040 8.7403 -2.4969 0.9474
-10.6259 8.0156 -2.5018 0.9473
-11.6638 6.4122 -2.5018 0.9473
-12.0938 5.5589 -2.5018 0.9473
-12.2855 5.1212 -2.5018 0.9473
-12.7649 3.7707 -2.5018 0.9473
-12.8920 3.3101 -2.5018 0.9473
-13.0025 2.8452 -2.5018 0.9473
-13.2330 1.4309 -2.5018 0.9473
-13.2758 0.9549 -2.5018 0.9473
-13.2758 -0.9549 -2.5018 0.9473
-13.2329 -1.4309 -2.5018 0.9473
-13.1730 -1.9050 -2.5018 0.9473
-13.0024 -2.8452 -2.5018 0.9473
-12.8919 -3.3101 -2.5018 0.9473
-12.6211 -4.2265 -2.5018 0.9473
-11.8862 -5.9893 -2.5018 0.9473
-11.6636 -6.4121 -2.5017 0.9473
-11.4259 -6.8267 -2.5017 0.9473
-10.6257 -8.0154 -2.5017 0.9473
-10.0232 -8.7571 -2.5017 0.9473
-9.3691 -9.4536 -2.5017 0.9473
-9.0237 -9.7838 -2.5017 0.9473
-8.6667 -10.1014 -2.5017 0.9473
-6.7237 -11.4865 -2.5017 0.9473
-5.8822 -11.9392 -2.5017 0.9473
-5.4499 -12.1427 -2.5017 0.9473
-4.1129 -12.6581 -2.5017 0.9473
-3.6558 -12.7976 -2.5017 0.9473
-3.1941 -12.9205 -2.5017 0.9473
-2.7282 -13.0269 -2.5017 0.9473
-1.7866 -13.1890 -2.5017 0.9473
-0.3584 -13.3045 -2.5016 0.9473
1.0740 -13.2659 -2.5016 0.9473
2.0230 -13.1546 -2.5016 0.9473
2.4939 -13.0735 -2.5016 0.9473
2.9616 -12.9756 -2.5016 0.9473
3.4254 -12.8609 -2.5016 0.9473
3.8849 -12.7296 -2.5016 0.9473
4.3393 -12.5819 -2.5016 0.9473
5.2308 -12.2381 -2.5016 0.9473
5.6668 -12.0425 -2.5016 0.9473
6.0954 -11.8313 -2.5016 0.9473
6.5162 -11.6049 -2.5016 0.9473
6.9285 -11.3635 -2.5016 0.9473
7.7259 -10.8371 -2.5016 0.9473
8.1100 -10.5527 -2.5016 0.9473
9.5368 -9.2834 -2.5016 0.9473
9.8639 -8.9350 -2.5016 0.9473
10.1782 -8.5752 -2.5016 0.9473
10.4795 -8.2043 -2.5016 0.9473
11.7760 -6.2013 -2.5016 0.9473
12.1906 -5.3404 -2.5016 0.9473
12.3744 -4.8994 -2.5016 0.9473
12.8294 -3.5407 -2.5016 0.9473
12.9482 -3.0779 -2.5016 0.9473
13.0504 -2.6111 -2.5016 0.9473
13.1357 -2.1410 -2.5016 0.9473
13.2041 -1.6681 -2.5016 0.9473
12.4973 -0.2244 -2.3494 0.9504
12.4812 0.6728 -2.3494 0.9504
11.3634 1.0227 -2.1445 0.9546
12.3366 2.0107 -2.3494 0.9504
12.2565 2.4523 -2.3494 0.9504
12.0490 3.3253 -2.3494 0.9504
11.7794 4.1812 -2.3494 0.9504
11.6217 4.6014 -2.3494 0.9504
11.4491 5.0156 -2.3494 0.9504
11.2617 5.4233 -2.3494 0.9504
11.0597 5.8241 -2.3494 0.9504
10.6134 6.6026 -2.3494 0.9504
10.3696 6.9793 -2.3494 0.9504
10.1124 7.3471 -2.3494 0.9504
9.8421 7.7053 -2.3494 0.9504
9.5592 8.0537 -2.3494 0.9504
9.2640 8.3916 -2.3494 0.9504
8.6380 9.0347 -2.3494 0.9504
8.3082 9.3390 -2.3494 0.9504
7.9676 9.6312 -2.3495 0.9504
7.6168 9.9110 -2.3495 0.9504
6.5072 10.6724 -2.3495 0.9504
6.1199 10.8992 -2.3495 0.9504
5.7247 11.1118 -2.3495 0.9504
5.3222 11.3102 -2.3495 0.9504
4.9128 11.4940 -2.3495 0.9504
4.4970 11.6629 -2.3495 0.9504
3.2171 12.0788 -2.3495 0.9504
2.7815 12.1865 -2.3495 0.9504
1.9000 12.3547 -2.3495 0.9504
1.4553 12.4150 -2.3495 0.9504
1.0087 12.4592 -2.3495 0.9504
0.5608 12.4875 -2.3495 0.9504
0.1122 12.4996 -2.3495 0.9504
-0.3366 12.4955 -2.3495 0.9504
-0.5758 9.1514 -1.7235 0.9634
-1.2322 12.4392 -2.3495 0.9504
-2.1215 12.3188 -2.3495 0.9504
-3.8628 11.8884 -2.3495 0.9504
-4.7058 11.5806 -2.3496 0.9504
-5.1184 11.4043 -2.3496 0.9504
-5.5245 11.2132 -2.3496 0.9504
-6.3148 10.7880 -2.3496 0.9504
-6.6980 10.5543 -2.3496 0.9504
-7.0725 10.3071 -2.3496 0.9504
-7.4380 10.0466 -2.3496 0.9504
-7.1554 8.3399 -2.0655 0.9563
-8.4749 9.1888 -2.3496 0.9504
-8.7993 8.8786 -2.3496 0.9504
-9.1465 8.5892 -2.3584 0.9502
-10.3314 8.3918 -2.5018 0.9473
-10.6260 8.0155 -2.5018 0.9473
-11.4261 6.8268 -2.5018 0.9473
-12.2855 5.1212 -2.5018 0.9473
-12.4614 4.6768 -2.5018 0.9473
-12.6213 4.2265 -2.5018 0.9473
-12.7649 3.7707 -2.5018 0.9473
-13.0025 2.8452 -2.5018 0.9473
-13.0962 2.3766 -2.5018 0.9473
-13.2330 1.4309 -2.5018 0.9473
-13.2758 0.9549 -2.5018 0.9473
-13.2758 -0.9549 -2.5018 0.9473
-13.1730 -1.9050 -2.5018 0.9473
-13.0962 -2.3766 -2.5018 0.9473
-12.6211 -4.2265 -2.5018 0.9473
-12.4613 -4.6768 -2.5018 0.9473
-12.0936 -5.5588 -2.5018 0.9473
-10.9066 -7.6288 -2.5017 0.9473
-10.3312 -8.3916 -2.5017 0.9473
-9.7024 -9.1112 -2.5017 0.9473
-8.6667 -10.1014 -2.5017 0.9473
-6.7237 -11.4865 -2.5017 0.9473
-6.3070 -11.7204 -2.5017 0.9473
-5.4498 -12.1427 -2.5017 0.9473
-5.0105 -12.3305 -2.5017 0.9473
-4.5646 -12.5023 -2.5017 0.9473
-3.6558 -12.7976 -2.5017 0.9473
-3.1941 -12.9205 -2.5017 0.9473
-2.7282 -13.0269 -2.5017 0.9473
-1.7866 -13.1890 -2.5017 0.9473
-1.3120 -13.2446 -2.5016 0.9473
-0.3583 -13.3046 -2.5016 0.9473
0.5971 -13.2959 -2.5016 0.9473
1.0740 -13.2659 -2.5016 0.9473
1.5495 -13.2188 -2.5016 0.9473
2.0230 -13.1546 -2.5016 0.9473
2.4939 -13.0735 -2.5016 0.9473
2.9616 -12.9756 -2.5016 0.9473
3.8849 -12.7296 -2.5016 0.9473
4.3393 -12.5819 -2.5016 0.9473
5.6668 -12.0425 -2.5016 0.9473
6.0954 -11.8313 -2.5016 0.9473
7.3319 -11.1074 -2.5016 0.9473
7.7259 -10.8371 -2.5016 0.9473
8.1100 -10.5527 -2.5016 0.9473
8.4835 -10.2548 -2.5016 0.9473
8.8462 -9.9437 -2.5016 0.9473
9.5368 -9.2834 -2.5016 0.9473
9.8639 -8.9350 -2.5016 0.9473
10.4795 -8.2043 -2.5016 0.9473
10.7672 -7.8228 -2.5016 0.9473
11.0411 -7.4313 -2.5016 0.9473
11.3007 -7.0302 -2.5016 0.9473
11.7760 -6.2013 -2.5016 0.9473
11.9910 -5.7746 -2.5016 0.9473
12.1906 -5.3404 -2.5016 0.9473
12.3744 -4.8994 -2.5016 0.9473
12.5423 -4.4520 -2.5016 0.9473
12.8294 -3.5407 -2.5016 0.9473
13.1357 -2.1409 -2.5016 0.9473
13.2493 -1.1925 -2.5004 0.9473
13.0920 -0.7058 -2.4644 0.9480
12.4973 -0.2244 -2.3494 0.9504
12.4812 0.6728 -2.3494 0.9504
12.4008 1.5666 -2.3494 0.9504
12.1606 2.8906 -2.3494 0.9504
12.0490 3.3253 -2.3494 0.9504
11.7794 4.1812 -2.3494 0.9504
11.6217 4.6014 -2.3494 0.9504
11.4491 5.0156 -2.3494 0.9504
10.1124 7.3471 -2.3494 0.9504
9.2640 8.3917 -2.3494 0.9504
8.9568 8.7188 -2.3494 0.9504
8.6380 9.0347 -2.3494 0.9504
8.3082 9.3390 -2.3494 0.9504
7.9676 9.6312 -2.3495 0.9504
7.6168 9.9110 -2.3495 0.9504
6.1199 10.8992 -2.3495 0.9504
5.7247 11.1118 -2.3495 0.9504
5.3222 11.3102 -2.3495 0.9504
4.9128 11.4940 -2.3495 0.9504
4.4970 11.6629 -2.3495 0.9504
4.0754 11.8169 -2.3495 0.9504
2.7815 12.1865 -2.3495 0.9504
2.3422 12.2785 -2.3495 0.9504
1.9000 12.3547 -2.3495 0.9504
1.4553 12.4150 -2.3495 0.9504
1.0087 12.4592 -2.3495 0.9504
-0.3366 12.4955 -2.3495 0.9504
-1.6779 12.3870 -2.3495 0.9504
-2.1215 12.3188 -2.3495 0.9504
-1.6814 8.0282 -1.5417 0.9672
-2.2851 7.9993 -1.5637 0.9667
-3.8628 11.8884 -2.3495 0.9504
-3.1472 8.6201 -1.7248 0.9633
-4.7058 11.5806 -2.3496 0.9504
-5.9235 11.0077 -2.3496 0.9504
-6.3148 10.7880 -2.3496 0.9504
-6.6980 10.5543 -2.3496 0.9504
-7.4380 10.0466 -2.3496 0.9504
-7.1554 8.3399 -2.0655 0.9563
-8.4749 9.1888 -2.3496 0.9504
-9.1465 8.5892 -2.3584 0.9502
-10.9068 7.6289 -2.5018 0.9473
-11.1737 7.2325 -2.5018 0.9473
-11.4261 6.8268 -2.5018 0.9473
-11.6638 6.4122 -2.5018 0.9473
-12.2855 5.1212 -2.5018 0.9473
-13.0025 2.8452 -2.5018 0.9473
-13.0962 2.3766 -2.5018 0.9473
-13.1731 1.9050 -2.5018 0.9473
-13.3015 0.4778 -2.5018 0.9473
-13.3101 0.0000 -2.5018 0.9473
-13.3015 -0.4778 -2.5018 0.9473
-13.2758 -0.9550 -2.5018 0.9473
-13.2329 -1.4309 -2.5018 0.9473
-13.0962 -2.3766 -2.5018 0.9473
-13.0024 -2.8452 -2.5018 0.9473
-12.7647 -3.7707 -2.5018 0.9473
-12.6211 -4.2265 -2.5018 0.9473
-12.2854 -5.1211 -2.5018 0.9473
-12.0936 -5.5588 -2.5018 0.9473
-11.8862 -5.9893 -2.5018 0.9473
-11.6636 -6.4121 -2.5017 0.9473
-11.1735 -7.2324 -2.5017 0.9473
-10.6257 -8.0154 -2.5017 0.9473
-10.0232 -8.7571 -2.5017 0.9473
-9.7024 -9.1112 -2.5017 0.9473
-9.0237 -9.7838 -2.5017 0.9473
-7.9196 -10.6971 -2.5017 0.9473
-7.5305 -10.9745 -2.5017 0.9473
-6.3070 -11.7204 -2.5017 0.9473
-5.8822 -11.9392 -2.5017 0.9473
-4.1128 -12.6581 -2.5017 0.9473
-3.6558 -12.7976 -2.5017 0.9473
-2.7282 -13.0269 -2.5017 0.9473
1.5495 -13.2188 -2.5016 0.9473
2.4939 -13.0735 -2.5016 0.9473
2.9616 -12.9756 -2.5016 0.9473
3.8849 -12.7296 -2.5016 0.9473
4.3394 -12.5819 -2.5016 0.9473
5.6668 -12.0425 -2.5016 0.9473
6.9285 -11.3635 -2.5016 0.9473
8.8462 -9.9437 -2.5016 0.9473
9.1974 -9.6197 -2.5016 0.9473
9.5368 -9.2834 -2.5016 0.9473
10.7672 -7.8228 -2.5016 0.9473
11.0411 -7.4313 -2.5016 0.9473
11.7760 -6.2013 -2.5016 0.9473
11.9910 -5.7746 -2.5016 0.9473
12.5423 -4.4520 -2.5016 0.9473
12.6940 -3.9989 -2.5016 0.9473
12.9482 -3.0779 -2.5016 0.9473
13.0504 -2.6111 -2.5016 0.9473
13.2041 -1.6681 -2.5016 0.9473
12.4973 0.2244 -2.3494 0.9504
12.4812 0.6729 -2.3494 0.9504
11.3634 1.0227 -2.1445 0.9546
12.4008 1.5666 -2.3494 0.9504
12.3366 2.0107 -2.3494 0.9504
12.2565 2.4523 -2.3494 0.9504
12.0490 3.3253 -2.3494 0.9504
11.9219 3.7557 -2.3494 0.9504
11.7794 4.1812 -2.3494 0.9504
11.4491 5.0156 -2.3494 0.9504
11.0597 5.8241 -2.3494 0.9504
10.8436 6.2174 -2.3494 0.9504
9.8421 7.7054 -2.3494 0.9504
8.3082 9.3390 -2.3494 0.9504
7.9676 9.6312 -2.3495 0.9504
6.1199 10.8992 -2.3495 0.9504
5.7247 11.1118 -2.3495 0.9504
4.4970 11.6629 -2.3495 0.9504
2.7815 12.1866 -2.3495 0.9504
2.3422 12.2785 -2.3495 0.9504
1.0087 12.4592 -2.3495 0.9504
0.5608 12.4875 -2.3495 0.9504
0.1122 12.4996 -2.3495 0.9504
-0.3366 12.4955 -2.3495 0.9504
-1.6814 8.0282 -1.5417 0.9672
-1.9443 7.8651 -1.5228 0.9676
-2.2852 7.9993 -1.5637 0.9667
-3.1472 8.6201 -1.7248 0.9633
-4.7058 11.5806 -2.3496 0.9504
-6.3148 10.7880 -2.3496 0.9504
-6.6980 10.5543 -2.3496 0.9504
-7.0726 10.3071 -2.3496 0.9504
-7.4380 10.0466 -2.3496 0.9504
-7.7938 9.7731 -2.3496 0.9504
-7.1554 8.3399 -2.0655 0.9563
-9.1465 8.5892 -2.3584 0.9502
-10.0040 8.7403 -2.4969 0.9474
-10.6260 8.0155 -2.5018 0.9473
-11.1737 7.2325 -2.5018 0.9473
-11.6638 6.4122 -2.5018 0.9473
-12.0938 5.5589 -2.5018 0.9473
-12.6213 4.2265 -2.5018 0.9473
-13.0962 2.3766 -2.5018 0.9473
-13.2758 0.9549 -2.5018 0.9473
-11.8278 -0.4248 -2.5018 0.9528
-11.8049 -0.8491 -2.5018 0.9528
-11.5618 -2.5299 -2.5018 0.9528
-11.0807 -4.1586 -2.5018 0.9528
-9.9355 -6.4311 -2.5017 0.9528
-9.4485 -7.1273 -2.5017 0.9528
-9.1865 -7.4619 -2.5017 0.9528
-8.6275 -8.1017 -2.5017 0.9528
-8.3311 -8.4062 -2.5017 0.9528
-7.7065 -8.9822 -2.5017 0.9528
-7.3791 -9.2531 -2.5017 0.9528
-7.0422 -9.5120 -2.5017 0.9528
-6.6962 -9.7586 -2.5017 0.9528
-6.3416 -9.9927 -2.5017 0.9528
-5.9788 -10.2139 -2.5017 0.9528
-5.2305 -10.6165 -2.5017 0.9528
-4.4553 -10.9643 -2.5017 0.9528
-3.2508 -11.3797 -2.5017 0.9528
-2.8402 -11.4891 -2.5017 0.9528
-2.0086 -11.6632 -2.5017 0.9528
-0.7431 -11.8115 -2.5016 0.9528
-0.3186 -11.8305 -2.5016 0.9528
0.1062 -11.8343 -2.5016 0.9528
0.5310 -11.8229 -2.5016 0.9528
0.9550 -11.7962 -2.5016 0.9528
1.3778 -11.7543 -2.5016 0.9528
1.7989 -11.6972 -2.5016 0.9528
2.6335 -11.5380 -2.5016 0.9528
3.0459 -11.4360 -2.5016 0.9528
3.4545 -11.3193 -2.5016 0.9528
5.4201 -10.5205 -2.5016 0.9528
6.1609 -10.1045 -2.5016 0.9528
6.5197 -9.8769 -2.5016 0.9528
7.2115 -9.3836 -2.5016 0.9528
7.5437 -9.1187 -2.5016 0.9528
7.8661 -8.8420 -2.5016 0.9528
8.1784 -8.5540 -2.5016 0.9528
8.4802 -8.2549 -2.5016 0.9528
8.7711 -7.9452 -2.5016 0.9528
9.3185 -7.2954 -2.5016 0.9528
9.5744 -6.9562 -2.5016 0.9528
9.8179 -6.6080 -2.5016 0.9528
10.2667 -5.8866 -2.5016 0.9528
10.4714 -5.5142 -2.5016 0.9528
10.6626 -5.1348 -2.5016 0.9528
11.0035 -4.3566 -2.5016 0.9528
11.4081 -3.1484 -2.5016 0.9528
11.6804 -1.9038 -2.5016 0.9528
11.7412 -1.4833 -2.5016 0.9528
11.7869 -1.0608 -2.5016 0.9528
11.0699 0.9963 -2.3494 0.9556
10.9699 1.7880 -2.3494 0.9556
10.8986 2.1806 -2.3494 0.9556
10.6011 3.3396 -2.3494 0.9556
10.0140 4.8225 -2.3494 0.9556
8.7517 6.8517 -2.3494 0.9556
8.5001 7.1614 -2.3494 0.9556
8.2376 7.4619 -2.3494 0.9556
7.3877 8.3043 -2.3495 0.9556
5.4419 9.6916 -2.3495 0.9556
5.0905 9.8807 -2.3495 0.9556
3.9988 10.3708 -2.3495 0.9556
3.2444 10.6310 -2.3495 0.9556
2.4733 10.8364 -2.3495 0.9556
1.2941 11.0395 -2.3495 0.9556
0.4987 11.1039 -2.3495 0.9556
0.0998 11.1147 -2.3495 0.9556
-0.5397 8.5776 -1.8167 0.9655
-1.0957 11.0610 -2.3495 0.9556
-1.4920 11.0146 -2.3495 0.9556
-1.8865 10.9539 -2.3495 0.9556
-1.6792 8.0178 -1.7316 0.9671
-2.2844 7.9967 -1.7580 0.9666
-3.4348 10.5712 -2.3495 0.9556
-4.1844 10.2976 -2.3495 0.9556
-4.9124 9.9708 -2.3495 0.9556
-5.2672 9.7881 -2.3496 0.9556
-6.6139 8.9335 -2.3496 0.9556
-7.1271 8.3069 -2.3136 0.9562
-7.5359 8.1707 -2.3496 0.9556
-8.0516 8.1242 -2.4178 0.9543
-9.1867 7.4620 -2.5018 0.9528
-9.6984 6.7837 -2.5018 0.9528
-10.1601 6.0704 -2.5018 0.9528
-10.7538 4.9430 -2.5018 0.9528
-10.9243 4.5538 -2.5018 0.9528
-11.0808 4.1587 -2.5018 0.9528
-11.2229 3.7582 -2.5018 0.9528
-11.5619 2.5300 -2.5018 0.9528
-11.6452 2.1133 -2.5018 0.9528
-11.7136 1.6939 -2.5018 0.9528
-11.7668 1.2723 -2.5018 0.9528
-11.8278 0.4248 -2.5018 0.9528
-11.8354 -0.0000 -2.5018 0.9528
-11.8278 -0.4248 -2.5018 0.9528
-11.5618 -2.5299 -2.5018 0.9528
-11.4635 -2.9433 -2.5018 0.9528
-11.3505 -3.3529 -2.5018 0.9528
-11.0806 -4.1586 -2.5018 0.9528
-10.7537 -4.9429 -2.5017 0.9528
-10.1600 -6.0703 -2.5017 0.9528
-9.6982 -6.7836 -2.5017 0.9528
-9.4485 -7.1273 -2.5017 0.9528
-8.3311 -8.4062 -2.5017 0.9528
-7.3791 -9.2531 -2.5017 0.9528
-7.0422 -9.5120 -2.5017 0.9528
-6.6962 -9.7586 -2.5017 0.9528
-6.3415 -9.9927 -2.5017 0.9528
-5.6083 -10.4219 -2.5017 0.9528
-5.2305 -10.6165 -2.5017 0.9528
-4.4553 -10.9643 -2.5017 0.9528
-3.6572 -11.2557 -2.5017 0.9528
-3.2508 -11.3797 -2.5017 0.9528
-2.4260 -11.5836 -2.5017 0.9528
-1.1666 -11.7772 -2.5017 0.9528
-0.7431 -11.8115 -2.5016 0.9528
0.5310 -11.8229 -2.5016 0.9528
0.9550 -11.7962 -2.5016 0.9528
1.3778 -11.7543 -2.5016 0.9528
1.7989 -11.6972 -2.5016 0.9528
2.2176 -11.6251 -2.5016 0.9528
3.8586 -11.1880 -2.5016 0.9528
4.2577 -11.0423 -2.5016 0.9528
4.6513 -10.8823 -2.5016 0.9528
6.1609 -10.1045 -2.5016 0.9528
6.5197 -9.8769 -2.5016 0.9528
6.8700 -9.6364 -2.5016 0.9528
7.2115 -9.3836 -2.5016 0.9528
7.8661 -8.8420 -2.5016 0.9528
8.4802 -8.2549 -2.5016 0.9528
8.7711 -7.9451 -2.5016 0.9528
9.0506 -7.6252 -2.5016 0.9528
9.3185 -7.2954 -2.5016 0.9528
9.5744 -6.9562 -2.5016 0.9528
10.2667 -5.8866 -2.5016 0.9528
10.6626 -5.1348 -2.5016 0.9528
10.8400 -4.7488 -2.5016 0.9528
11.0035 -4.3566 -2.5016 0.9528
11.2877 -3.5559 -2.5016 0.9528
11.4081 -3.1484 -2.5016 0.9528
11.7413 -1.4833 -2.5016 0.9528
11.7869 -1.0608 -2.5016 0.9528
11.8160 -0.6370 -2.5013 0.9528
11.0699 0.9963 -2.3494 0.9556
11.0270 1.3930 -2.3494 0.9556
10.9699 1.7880 -2.3494 0.9556
10.8986 2.1806 -2.3494 0.9556
10.7141 2.9569 -2.3494 0.9556
10.4744 3.7180 -2.3494 0.9556
10.3342 4.0916 -2.3494 0.9556
10.1806 4.4599 -2.3494 0.9556
10.0140 4.8225 -2.3494 0.9556
9.8344 5.1789 -2.3494 0.9556
9.6422 5.5285 -2.3494 0.9556
9.4376 5.8711 -2.3494 0.9556
9.2207 6.2061 -2.3494 0.9556
8.5001 7.1614 -2.3494 0.9556
8.2376 7.4619 -2.3494 0.9556
7.6810 8.0337 -2.3494 0.9556
7.3877 8.3043 -2.3495 0.9556
7.0849 8.5641 -2.3495 0.9556
6.7729 8.8130 -2.3495 0.9556
6.1232 9.2762 -2.3495 0.9556
5.7862 9.4900 -2.3495 0.9556
5.4419 9.6916 -2.3495 0.9556
4.7325 10.0571 -2.3495 0.9556
4.3685 10.2205 -2.3495 0.9556
3.6239 10.5076 -2.3495 0.9556
3.2444 10.6310 -2.3495 0.9556
2.8607 10.7406 -2.3495 0.9556
2.4733 10.8364 -2.3495 0.9556
1.6895 10.9859 -2.3495 0.9556
1.2940 11.0395 -2.3495 0.9556
0.0998 11.1147 -2.3495 0.9556
-0.2993 11.1111 -2.3495 0.9556
-0.5397 8.5776 -1.8167 0.9655
-1.0957 11.0610 -2.3495 0.9556
-1.4920 11.0146 -2.3495 0.9556
-1.8865 10.9539 -2.3495 0.9556
-1.9437 7.8626 -1.7120 0.9674
-2.2844 7.9967 -1.7580 0.9666
-3.4348 10.5712 -2.3495 0.9556
-3.8121 10.4411 -2.3495 0.9556
-3.4324 7.6476 -1.7719 0.9663
-5.6152 9.5927 -2.3496 0.9556
-6.7814 8.5036 -2.2991 0.9565
-9.1867 7.4620 -2.5018 0.9528
-9.9357 6.4312 -2.5018 0.9528
-10.5695 5.3258 -2.5018 0.9528
-10.7538 4.9430 -2.5018 0.9528
-10.9243 4.5538 -2.5018 0.9528
-11.0808 4.1587 -2.5018 0.9528
-11.4636 2.9433 -2.5018 0.9528
-11.5619 2.5300 -2.5018 0.9528
-11.7668 1.2723 -2.5018 0.9528
-11.8049 0.8491 -2.5018 0.9528
-11.8354 -0.0000 -2.5018 0.9528
-11.8278 -0.4248 -2.5018 0.9528
-11.8049 -0.8491 -2.5018 0.9528
-11.5618 -2.5299 -2.5018 0.9528
-11.0806 -4.1586 -2.5018 0.9528
-10.5693 -5.3257 -2.5017 0.9528
-10.3713 -5.7017 -2.5017 0.9528
-10.1600 -6.0703 -2.5017 0.9528
-9.9355 -6.4311 -2.5017 0.9528
-9.6982 -6.7836 -2.5017 0.9528
-9.4485 -7.1273 -2.5017 0.9528
-9.1865 -7.4619 -2.5017 0.9528
-8.6275 -8.1018 -2.5017 0.9528
-7.7065 -8.9822 -2.5017 0.9528
-7.3791 -9.2531 -2.5017 0.9528
-5.6082 -10.4219 -2.5017 0.9528
-5.2305 -10.6165 -2.5017 0.9528
-4.8460 -10.7974 -2.5017 0.9528
-4.4553 -10.9643 -2.5017 0.9528
-4.0589 -11.1172 -2.5017 0.9528
-3.6572 -11.2557 -2.5017 0.9528
-3.2508 -11.3797 -2.5017 0.9528
0.9550 -11.7962 -2.5016 0.9528
1.7989 -11.6972 -2.5016 0.9528
2.2176 -11.6251 -2.5016 0.9528
2.6335 -11.5380 -2.5016 0.9528
4.2577 -11.0423 -2.5016 0.9528
5.0390 -10.7083 -2.5016 0.9528
5.7942 -10.3192 -2.5016 0.9528
6.1609 -10.1045 -2.5016 0.9528
6.5197 -9.8769 -2.5016 0.9528
6.8700 -9.6364 -2.5016 0.9528
7.5437 -9.1187 -2.5016 0.9528
7.8661 -8.8420 -2.5016 0.9528
9.5744 -6.9562 -2.5016 0.9528
10.0488 -6.2513 -2.5016 0.9528
10.4714 -5.5142 -2.5016 0.9528
10.6626 -5.1348 -2.5016 0.9528
11.0035 -4.3566 -2.5016 0.9528
11.4081 -3.1484 -2.5016 0.9528
11.6804 -1.9038 -2.5016 0.9528
11.7413 -1.4833 -2.5016 0.9528
11.7869 -1.0608 -2.5016 0.9528
11.8160 -0.6370 -2.5013 0.9528
11.8004 -0.2119 -2.4948 0.9529
11.0985 0.5983 -2.3494 0.9556
11.0699 0.9963 -2.3494 0.9556
10.8986 2.1806 -2.3494 0.9556
10.8133 2.5704 -2.3494 0.9556
10.4744 3.7180 -2.3494 0.9556
10.1806 4.4599 -2.3494 0.9556
9.8344 5.1789 -2.3494 0.9556
9.4376 5.8711 -2.3494 0.9556
8.9920 6.5331 -2.3494 0.9556
8.5001 7.1614 -2.3494 0.9556
8.2376 7.4619 -2.3494 0.9556
7.9644 7.7528 -2.3494 0.9556
7.6810 8.0337 -2.3494 0.9556
7.3877 8.3043 -2.3495 0.9556
5.4419 9.6916 -2.3495 0.9556
3.2444 10.6310 -2.3495 0.9556
2.8607 10.7406 -2.3495 0.9556
2.4733 10.8364 -2.3495 0.9556
2.0827 10.9182 -2.3495 0.9556
0.8969 11.0789 -2.3495 0.9556
0.4987 11.1039 -2.3495 0.9556
0.0998 11.1147 -2.3495 0.9556
-0.2993 11.1111 -2.3495 0.9556
-0.5397 8.5776 -1.8167 0.9655
-1.0957 11.0610 -2.3495 0.9556
-1.8865 10.9539 -2.3495 0.9556
-1.9437 7.8626 -1.7120 0.9674
-3.8121 10.4411 -2.3495 0.9556
-4.1844 10.2976 -2.3495 0.9556
-5.2672 9.7881 -2.3496 0.9556
-6.2889 9.1652 -2.3496 0.9556
-7.1271 8.3069 -2.3136 0.9562
-8.9129 7.7870 -2.5018 0.9528
-9.6984 6.7837 -2.5018 0.9528
-10.3715 5.7018 -2.5018 0.9528
-10.5695 5.3258 -2.5018 0.9528
-10.7538 4.9430 -2.5018 0.9528
-10.9243 4.5538 -2.5018 0.9528
-11.2229 3.7582 -2.5018 0.9528
-11.3506 3.3529 -2.5018 0.9528
-11.7136 1.6939 -2.5018 0.9528
-11.7668 1.2723 -2.5018 0.9528
-11.8049 0.8491 -2.5018 0.9528
-11.8278 0.4248 -2.5018 0.9528
-11.7135 -1.6939 -2.5018 0.9528
-11.4635 -2.9433 -2.5018 0.9528
-11.3505 -3.3529 -2.5018 0.9528
-11.2228 -3.7582 -2.5018 0.9528
-10.9242 -4.5537 -2.5017 0.9528
-10.7537 -4.9429 -2.5017 0.9528
-10.3713 -5.7017 -2.5017 0.9528
-10.1600 -6.0703 -2.5017 0.9528
-9.6982 -6.7836 -2.5017 0.9528
-9.4485 -7.1273 -2.5017 0.9528
-9.1865 -7.4619 -2.5017 0.9528
-8.9127 -7.7868 -2.5017 0.9528
-8.3311 -8.4062 -2.5017 0.9528
-7.0422 -9.5120 -2.5017 0.9528
-6.6961 -9.7586 -2.5017 0.9528
-4.8460 -10.7974 -2.5017 0.9528
-3.6572 -11.2557 -2.5017 0.9528
-2.8402 -11.4891 -2.5017 0.9528
-1.5886 -11.7278 -2.5017 0.9528
-1.1666 -11.7772 -2.5017 0.9528
0.1062 -11.8343 -2.5016 0.9528
1.3779 -11.7543 -2.5016 0.9528
2.6335 -11.5380 -2.5016 0.9528
3.8586 -11.1880 -2.5016 0.9528
4.2577 -11.0423 -2.5016 0.9528
5.4201 -10.5205 -2.5016 0.9528
5.7942 -10.3192 -2.5016 0.9528
6.5197 -9.8769 -2.5016 0.9528
7.2115 -9.3836 -2.5016 0.9528
8.1785 -8.5540 -2.5016 0.9528
8.7711 -7.9451 -2.5016 0.9528
9.3185 -7.2954 -2.5016 0.9528
9.5744 -6.9562 -2.5016 0.9528
10.0488 -6.2513 -2.5016 0.9528
10.2667 -5.8866 -2.5016 0.9528
10.4714 -5.5142 -2.5016 0.9528
10.8400 -4.7488 -2.5016 0.9528
11.1528 -3.9588 -2.5016 0.9528
11.5137 -2.7369 -2.5016 0.9528
11.6046 -2.3218 -2.5016 0.9528
11.8160 -0.6370 -2.5013 0.9528
11.1128 0.1995 -2.3494 0.9556
11.0985 0.5983 -2.3494 0.9556
11.0699 0.9963 -2.3494 0.9556
10.9699 1.7880 -2.3494 0.9556
10.8986 2.1806 -2.3494 0.9556
10.6011 3.3396 -2.3494 0.9556
10.3342 4.0916 -2.3494 0.9556
10.1806 4.4599 -2.3494 0.9556
10.0140 4.8225 -2.3494 0.9556
9.8344 5.1789 -2.3494 0.9556
9.4376 5.8711 -2.3494 0.9556
7.9644 7.7528 -2.3494 0.9556
7.3877 8.3043 -2.3495 0.9556
7.0849 8.5641 -2.3495 0.9556
6.7729 8.8130 -2.3495 0.9556
5.4419 9.6916 -2.3495 0.9556
5.0905 9.8807 -2.3495 0.9556
4.7325 10.0571 -2.3495 0.9556
4.3685 10.2205 -2.3495 0.9556
3.9988 10.3708 -2.3495 0.9556
3.6239 10.5076 -2.3495 0.9556
3.2444 10.6310 -2.3495 0.9556
2.4733 10.8364 -2.3495 0.9556
2.0827 10.9182 -2.3495 0.9556
1.6895 10.9859 -2.3495 0.9556
0.8969 11.0789 -2.3495 0.9556
-0.5397 8.5775 -1.8167 0.9655
-1.0957 11.0610 -2.3495 0.9556
-1.4920 11.0146 -2.3495 0.9556
-1.9437 7.8626 -1.7120 0.9674
-3.4348 10.5712 -2.3495 0.9556
-5.2672 9.7881 -2.3496 0.9556
-5.6152 9.5927 -2.3496 0.9556
-5.9559 9.3850 -2.3496 0.9556
-6.2889 9.1651 -2.3496 0.9556
-6.6139 8.9335 -2.3496 0.9556
-7.1271 8.3069 -2.3136 0.9562
-8.9129 7.7870 -2.5018 0.9528
-9.1867 7.4620 -2.5018 0.9528
-9.4487 7.1275 -2.5018 0.9528
-9.6984 6.7837 -2.5018 0.9528
-9.9357 6.4312 -2.5018 0.9528
-10.1601 6.0704 -2.5018 0.9528
-10.5695 5.3258 -2.5018 0.9528
-10.7538 4.9430 -2.5018 0.9528
-11.0808 4.1587 -2.5018 0.9528
-11.3506 3.3529 -2.5018 0.9528
-11.6452 2.1133 -2.5018 0.9528
-11.7668 1.2723 -2.5018 0.9528
-11.8278 0.4248 -2.5018 0.9528
-10.6447 0.0000 -2.5018 0.9572
-10.5351 -1.5235 -2.5018 0.9572
-10.4736 -1.9007 -2.5018 0.9572
-10.3103 -2.6472 -2.5017 0.9572
-10.2086 -3.0156 -2.5017 0.9572
-9.8252 -4.0956 -2.5017 0.9572
-9.6719 -4.4456 -2.5017 0.9572
-9.5060 -4.7899 -2.5017 0.9572
-9.1379 -5.4596 -2.5017 0.9572
-8.4979 -6.4103 -2.5017 0.9572
-8.2624 -6.7112 -2.5017 0.9572
-7.4930 -7.5605 -2.5017 0.9572
-6.9312 -8.0786 -2.5017 0.9572
-6.6367 -8.3222 -2.5017 0.9572
-6.3337 -8.5551 -2.5017 0.9572
-5.7036 -8.9874 -2.5017 0.9572
-5.3773 -9.1863 -2.5017 0.9572
-5.0441 -9.3734 -2.5017 0.9572
-4.7043 -9.5485 -2.5017 0.9572
-4.3585 -9.7112 -2.5017 0.9572
-2.5545 -10.3333 -2.5017 0.9572
-2.1819 -10.4183 -2.5017 0.9572
-1.8065 -10.4899 -2.5017 0.9572
-1.4288 -10.5480 -2.5017 0.9572
-1.0493 -10.5925 -2.5017 0.9572
0.4775 -10.6336 -2.5016 0.9572
1.2392 -10.5718 -2.5016 0.9572
1.6179 -10.5205 -2.5016 0.9572
1.9945 -10.4557 -2.5016 0.9572
3.4704 -10.0625 -2.5016 0.9572
3.8294 -9.9314 -2.5016 0.9572
4.5320 -9.6311 -2.5016 0.9572
5.5412 -9.0880 -2.5016 0.9572
5.8638 -8.8833 -2.5016 0.9572
6.1789 -8.6671 -2.5016 0.9572
6.4860 -8.4397 -2.5016 0.9572
6.7848 -8.2014 -2.5016 0.9572
7.3557 -7.6935 -2.5016 0.9572
7.6271 -7.4245 -2.5016 0.9572
8.1402 -6.8581 -2.5016 0.9572
8.3811 -6.5615 -2.5016 0.9572
8.6112 -6.2564 -2.5016 0.9572
8.8302 -5.9433 -2.5016 0.9572
9.5900 -4.6183 -2.5016 0.9572
2.7183 -0.8563 -0.6698 0.9884
10.6012 -0.9541 -2.5016 0.9572
10.6286 -0.5730 -2.5016 0.9572
10.6424 -0.1911 -2.5016 0.9572
10.6200 0.1907 -2.4963 0.9573
10.1822 0.5489 -2.3965 0.9590
9.9563 0.8961 -2.3494 0.9598
9.8023 1.9612 -2.3494 0.9598
9.7255 2.3118 -2.3494 0.9598
9.6363 2.6594 -2.3494 0.9598
9.5346 3.0036 -2.3494 0.9598
9.1565 4.0113 -2.3494 0.9598
8.8451 4.6579 -2.3494 0.9598
8.2931 5.5818 -2.3494 0.9598
7.8713 6.1624 -2.3494 0.9598
7.6450 6.4410 -2.3494 0.9598
7.4089 6.7113 -2.3494 0.9598
7.1632 6.9729 -2.3494 0.9598
6.6445 7.4689 -2.3495 0.9598
4.5784 8.8867 -2.3495 0.9598
3.9290 9.1923 -2.3495 0.9598
2.9180 9.5615 -2.3495 0.9598
1.8732 9.8198 -2.3495 0.9598
0.8067 9.9643 -2.3495 0.9598
0.4485 9.9869 -2.3495 0.9598
-0.2692 9.9933 -2.3495 0.9598
-0.7876 7.9505 -1.8777 0.9677
-1.5236 8.8472 -2.1099 0.9638
-1.9431 7.8601 -1.9029 0.9673
-2.0174 7.0621 -1.7261 0.9703
-2.3452 7.2178 -1.7836 0.9693
-2.6841 7.3518 -1.8394 0.9684
-3.0352 7.4695 -1.8949 0.9674
-4.7373 8.8034 -2.3495 0.9598
-5.6562 8.2431 -2.3495 0.9598
-5.9485 8.0348 -2.3496 0.9598
-6.2331 7.8161 -2.3496 0.9598
-6.5097 7.5873 -2.3496 0.9598
-7.7597 7.2868 -2.5018 0.9572
-8.2625 6.7113 -2.5018 0.9572
-9.3281 5.1282 -2.5018 0.9572
-9.5062 4.7900 -2.5018 0.9572
-9.8253 4.0956 -2.5018 0.9572
-9.9660 3.7403 -2.5018 0.9572
-10.0938 3.3802 -2.5018 0.9572
-10.2087 3.0156 -2.5018 0.9572
-10.3103 2.6473 -2.5018 0.9572
-10.6173 0.7637 -2.5018 0.9572
-10.6379 0.3821 -2.5018 0.9572
-10.6447 -0.0000 -2.5018 0.9572
-10.6379 -0.3821 -2.5018 0.9572
-10.6173 -0.7637 -2.5018 0.9572
-10.5351 -1.5235 -2.5018 0.9572
-10.3987 -2.2754 -2.5018 0.9572
-10.3103 -2.6472 -2.5017 0.9572
-10.2086 -3.0156 -2.5017 0.9572
-10.0938 -3.3801 -2.5017 0.9572
-9.8252 -4.0956 -2.5017 0.9572
-9.5060 -4.7900 -2.5017 0.9572
-8.2624 -6.7112 -2.5017 0.9572
-6.3337 -8.5551 -2.5017 0.9572
-5.7036 -8.9874 -2.5017 0.9572
-4.3585 -9.7112 -2.5017 0.9572
-4.0071 -9.8613 -2.5017 0.9572
-3.6506 -9.9988 -2.5017 0.9572
-2.9238 -10.2349 -2.5017 0.9572
-2.1819 -10.4183 -2.5017 0.9572
-1.4288 -10.5480 -2.5017 0.9572
-1.0493 -10.5925 -2.5017 0.9572
-0.2866 -10.6404 -2.5016 0.9572
0.8589 -10.6095 -2.5016 0.9572
2.3686 -10.3773 -2.5016 0.9572
2.7395 -10.2856 -2.5016 0.9572
3.8294 -9.9314 -2.5016 0.9572
4.1834 -9.7876 -2.5016 0.9572
4.5321 -9.6311 -2.5016 0.9572
4.8749 -9.4622 -2.5016 0.9572
5.2114 -9.2811 -2.5016 0.9572
5.5412 -9.0880 -2.5016 0.9572
6.4860 -8.4397 -2.5016 0.9572
7.0748 -7.9526 -2.5016 0.9572
7.3557 -7.6935 -2.5016 0.9572
7.8887 -7.1459 -2.5016 0.9572
8.1402 -6.8581 -2.5016 0.9572
8.3811 -6.5615 -2.5016 0.9572
8.8302 -5.9433 -2.5016 0.9572
9.0379 -5.6225 -2.5016 0.9572
9.2339 -5.2944 -2.5016 0.9572
9.7495 -4.2710 -2.5016 0.9572
10.0309 -3.5606 -2.5016 0.9572
10.2605 -2.8317 -2.5016 0.9572
10.3555 -2.4616 -2.5016 0.9572
10.5054 -1.7123 -2.5016 0.9572
10.5601 -1.3340 -2.5016 0.9572
10.6286 -0.5730 -2.5016 0.9572
10.6424 -0.1911 -2.5016 0.9572
10.6200 0.1907 -2.4963 0.9573
10.1822 0.5489 -2.3965 0.9590
9.9563 0.8961 -2.3494 0.9598
9.6363 2.6594 -2.3494 0.9598
9.5346 3.0036 -2.3494 0.9598
9.0066 4.3373 -2.3494 0.9598
8.8451 4.6579 -2.3494 0.9598
8.2931 5.5818 -2.3494 0.9598
8.0874 5.8759 -2.3494 0.9598
7.8713 6.1624 -2.3494 0.9598
7.6450 6.4410 -2.3494 0.9598
6.9083 7.2256 -2.3495 0.9598
6.6445 7.4689 -2.3495 0.9598
6.0916 7.9264 -2.3495 0.9598
5.2042 8.5353 -2.3495 0.9598
4.5784 8.8867 -2.3495 0.9598
4.2564 9.0454 -2.3495 0.9598
3.9290 9.1923 -2.3495 0.9598
3.5965 9.3275 -2.3495 0.9598
2.5729 9.6601 -2.3495 0.9598
1.8732 9.8198 -2.3495 0.9598
-0.2692 9.9933 -2.3495 0.9598
-0.5397 8.5776 -2.0199 0.9653
-1.0031 7.4053 -1.7563 0.9698
-2.6842 7.3518 -1.8394 0.9684
-3.0352 7.4695 -1.8949 0.9674
-3.4324 7.6476 -1.9701 0.9661
-4.4182 8.9678 -2.3495 0.9598
-4.7373 8.8034 -2.3495 0.9598
-5.3567 8.4408 -2.3495 0.9598
-5.9485 8.0348 -2.3496 0.9598
-6.2331 7.8161 -2.3496 0.9598
-6.5097 7.5873 -2.3496 0.9598
-7.4854 7.5529 -2.4992 0.9572
-8.2625 6.7113 -2.5018 0.9572
-8.4981 6.4104 -2.5018 0.9572
-8.7227 6.1012 -2.5018 0.9572
-9.5062 4.7900 -2.5018 0.9572
-9.6720 4.4457 -2.5018 0.9572
-9.9660 3.7403 -2.5018 0.9572
-10.0938 3.3802 -2.5018 0.9572
-10.2087 3.0156 -2.5018 0.9572
-10.3103 2.6472 -2.5018 0.9572
-10.3987 2.2754 -2.5018 0.9572
-10.5352 1.5235 -2.5018 0.9572
-10.5831 1.1443 -2.5018 0.9572
-10.6379 0.3821 -2.5018 0.9572
-10.6447 -0.0000 -2.5018 0.9572
-10.6379 -0.3821 -2.5018 0.9572
-10.6173 -0.7637 -2.5018 0.9572
-10.5830 -1.1444 -2.5018 0.9572
-10.5351 -1.5235 -2.5018 0.9572
-10.4736 -1.9007 -2.5018 0.9572
-10.3987 -2.2754 -2.5018 0.9572
-10.3103 -2.6472 -2.5017 0.9572
-9.6719 -4.4456 -2.5017 0.9572
-9.3280 -5.1281 -2.5017 0.9572
-9.1379 -5.4596 -2.5017 0.9572
-8.7226 -6.1011 -2.5017 0.9572
-8.2624 -6.7112 -2.5017 0.9572
-7.7595 -7.2867 -2.5017 0.9572
-7.2167 -7.8246 -2.5017 0.9572
-6.9312 -8.0786 -2.5017 0.9572
-6.6367 -8.3222 -2.5017 0.9572
-6.3337 -8.5551 -2.5017 0.9572
-6.0225 -8.7769 -2.5017 0.9572
-5.0441 -9.3735 -2.5017 0.9572
-4.7043 -9.5485 -2.5017 0.9572
-4.0071 -9.8613 -2.5017 0.9572
-3.6506 -9.9988 -2.5017 0.9572
-3.2893 -10.1234 -2.5017 0.9572
-2.5545 -10.3333 -2.5017 0.9572
-1.8065 -10.4899 -2.5017 0.9572
-0.6684 -10.6233 -2.5017 0.9572
1.2392 -10.5718 -2.5016 0.9572
1.9945 -10.4557 -2.5016 0.9572
2.3686 -10.3773 -2.5016 0.9572
3.1070 -10.1806 -2.5016 0.9572
3.4704 -10.0625 -2.5016 0.9572
3.8294 -9.9314 -2.5016 0.9572
4.1834 -9.7876 -2.5016 0.9572
4.5321 -9.6311 -2.5016 0.9572
4.8749 -9.4622 -2.5016 0.9572
5.8638 -8.8833 -2.5016 0.9572
6.1789 -8.6671 -2.5016 0.9572
7.0748 -7.9526 -2.5016 0.9572
8.1402 -6.8581 -2.5016 0.9572
8.3811 -6.5615 -2.5016 0.9572
9.0379 -5.6225 -2.5016 0.9572
9.2339 -5.2944 -2.5016 0.9572
9.7495 -4.2710 -2.5016 0.9572
9.8966 -3.9183 -2.5016 0.9572
10.0309 -3.5606 -2.5016 0.9572
10.4372 -2.0882 -2.5016 0.9572
10.5054 -1.7123 -2.5016 0.9572
10.6012 -0.9541 -2.5016 0.9572
10.6424 -0.1911 -2.5016 0.9572
9.9563 0.8961 -2.3494 0.9598
9.8663 1.6081 -2.3494 0.9598
9.5346 3.0037 -2.3494 0.9598
9.4207 3.3440 -2.3494 0.9598
9.1565 4.0113 -2.3494 0.9598
8.8451 4.6579 -2.3494 0.9598
8.6722 4.9724 -2.3494 0.9598
8.2931 5.5818 -2.3494 0.9598
8.0874 5.8759 -2.3494 0.9598
7.8713 6.1624 -2.3494 0.9598
7.6450 6.4410 -2.3494 0.9598
7.4089 6.7113 -2.3494 0.9598
7.1632 6.9729 -2.3494 0.9598
6.6445 7.4689 -2.3495 0.9598
6.3721 7.7026 -2.3495 0.9598
5.8031 8.1399 -2.3495 0.9598
5.2042 8.5353 -2.3495 0.9598
4.8944 8.7167 -2.3495 0.9598
4.5784 8.8867 -2.3495 0.9598
4.2564 9.0454 -2.3495 0.9598
2.9180 9.5615 -2.3495 0.9598
2.5729 9.6601 -2.3495 0.9598
2.2245 9.7462 -2.3495 0.9598
1.8732 9.8198 -2.3495 0.9598
1.5195 9.8807 -2.3495 0.9598
0.8067 9.9643 -2.3495 0.9598
0.0897 9.9965 -2.3495 0.9598
-0.5397 8.5776 -2.0199 0.9653
-0.7876 7.9505 -1.8777 0.9677
-2.0174 7.0621 -1.7262 0.9703
-2.3452 7.2178 -1.7836 0.9693
-3.0352 7.4695 -1.8949 0.9674
-4.4182 8.9678 -2.3495 0.9598
-5.0503 8.6277 -2.3495 0.9598
-5.6562 8.2431 -2.3495 0.9598
-7.1321 7.7328 -2.4724 0.9577
-7.4854 7.5529 -2.4992 0.9572
-8.0163 7.0036 -2.5018 0.9572
-8.2625 6.7113 -2.5018 0.9572
-8.7227 6.1012 -2.5018 0.9572
-9.3281 5.1281 -2.5018 0.9572
-9.6720 4.4457 -2.5018 0.9572
-10.3987 2.2754 -2.5018 0.9572
-10.4737 1.9007 -2.5018 0.9572
-10.5352 1.5235 -2.5018 0.9572
-10.6173 0.7637 -2.5018 0.9572
-10.6379 0.3821 -2.5018 0.9572
-10.6379 -0.3821 -2.5018 0.9572
-10.5830 -1.1444 -2.5018 0.9572
-10.5351 -1.5235 -2.5018 0.9572
-10.3987 -2.2754 -2.5018 0.9572
-10.3103 -2.6472 -2.5017 0.9572
-10.2086 -3.0156 -2.5017 0.9572
-10.0937 -3.3801 -2.5017 0.9572
-9.3280 -5.1281 -2.5017 0.9572
-9.1379 -5.4596 -2.5017 0.9572
-8.4979 -6.4103 -2.5017 0.9572
-8.2623 -6.7112 -2.5017 0.9572
-7.4930 -7.5605 -2.5017 0.9572
-7.2167 -7.8246 -2.5017 0.9572
-6.9312 -8.0786 -2.5017 0.9572
-6.6367 -8.3222 -2.5017 0.9572
-6.3337 -8.5551 -2.5017 0.9572
-6.0225 -8.7769 -2.5017 0.9572
-5.7036 -8.9874 -2.5017 0.9572
-5.3773 -9.1864 -2.5017 0.9572
-4.3585 -9.7112 -2.5017 0.9572
-4.0071 -9.8613 -2.5017 0.9572
-3.6506 -9.9988 -2.5017 0.9572
-2.9238 -10.2349 -2.5017 0.9572
-1.8065 -10.4899 -2.5017 0.9572
-1.4288 -10.5480 -2.5017 0.9572
-0.2866 -10.6404 -2.5016 0.9572
0.8590 -10.6095 -2.5016 0.9572
1.6179 -10.5205 -2.5016 0.9572
1.9945 -10.4557 -2.5016 0.9572
2.3686 -10.3773 -2.5016 0.9572
2.7395 -10.2856 -2.5016 0.9572
3.1070 -10.1806 -2.5016 0.9572
3.4704 -10.0625 -2.5016 0.9572
4.5321 -9.6311 -2.5016 0.9572
5.2114 -9.2811 -2.5016 0.9572
6.4860 -8.4397 -2.5016 0.9572
6.7848 -8.2014 -2.5016 0.9572
7.0748 -7.9526 -2.5016 0.9572
7.8887 -7.1459 -2.5016 0.9572
8.3811 -6.5615 -2.5016 0.9572
8.6112 -6.2564 -2.5016 0.9572
9.0379 -5.6225 -2.5016 0.9572
9.2339 -5.2944 -2.5016 0.9572
9.5900 -4.6183 -2.5016 0.9572
9.8966 -3.9183 -2.5016 0.9572
10.3555 -2.4615 -2.5016 0.9572
10.4372 -2.0882 -2.5016 0.9572
10.5054 -1.7123 -2.5016 0.9572
10.6012 -0.9541 -2.5016 0.9572
10.6200 0.1907 -2.4963 0.9573
9.9563 0.8961 -2.3494 0.9598
9.9177 1.2529 -2.3494 0.9598
9.7255 2.3118 -2.3494 0.9598
9.5346 3.0037 -2.3494 0.9598
9.4207 3.3440 -2.3494 0.9598
9.2946 3.6800 -2.3494 0.9598
9.1565 4.0113 -2.3494 0.9598
9.0066 4.3374 -2.3494 0.9598
8.0874 5.8759 -2.3494 0.9598
7.8713 6.1624 -2.3494 0.9598
7.6450 6.4410 -2.3494 0.9598
6.9083 7.2256 -2.3495 0.9598
6.6445 7.4689 -2.3495 0.9598
6.3721 7.7026 -2.3495 0.9598
6.0915 7.9264 -2.3495 0.9598
5.8031 8.1400 -2.3495 0.9598
5.2041 8.5353 -2.3495 0.9598
4.8944 8.7167 -2.3495 0.9598
4.5784 8.8867 -2.3495 0.9598
3.5965 9.3275 -2.3495 0.9598
3.2593 9.4506 -2.3495 0.9598
2.9180 9.5615 -2.3495 0.9598
2.5729 9.6601 -2.3495 0.9598
2.2245 9.7462 -2.3495 0.9598
1.5195 9.8807 -2.3495 0.9598
0.8067 9.9643 -2.3495 0.9598
0.0897 9.9965 -2.3495 0.9598
-0.5397 8.5775 -2.0199 0.9653
-1.0031 7.4053 -1.7563 0.9698
-1.5236 8.8472 -2.1099 0.9638
-1.9431 7.8601 -1.9029 0.9673
-2.0174 7.0621 -1.7262 0.9703
-2.3452 7.2178 -1.7836 0.9693
-2.6842 7.3518 -1.8394 0.9684
-3.0352 7.4695 -1.8949 0.9674
-4.7373 8.8034 -2.3495 0.9598
-5.9485 8.0348 -2.3496 0.9598
-6.5096 7.5873 -2.3496 0.9598
-7.1321 7.7328 -2.4724 0.9577
-8.2625 6.7113 -2.5018 0.9572
-8.4981 6.4104 -2.5018 0.9572
-9.1380 5.4597 -2.5018 0.9572
-9.9660 3.7403 -2.5018 0.9572
-10.4737 1.9007 -2.5018 0.9572
-10.6173 0.7637 -2.5018 0.9572
-10.6379 0.3821 -2.5018 0.9572
-9.6561 -0.3468 -2.5018 0.9609
-9.6374 -0.6932 -2.5018 0.9609
-9.5628 -1.3829 -2.5017 0.9609
-9.5070 -1.7253 -2.5017 0.9609
-9.4390 -2.0654 -2.5017 0.9609
-9.1622 -3.0682 -2.5017 0.9609
-9.0462 -3.3951 -2.5017 0.9609
-8.9185 -3.7176 -2.5017 0.9609
-8.4671 -4.6548 -2.5017 0.9609
-8.2945 -4.9557 -2.5017 0.9609
-8.1113 -5.2503 -2.5017 0.9609
-7.9176 -5.5381 -2.5017 0.9609
-7.7137 -5.8187 -2.5017 0.9609
-7.2763 -6.3571 -2.5017 0.9609
-7.0434 -6.6142 -2.5017 0.9609
-5.4667 -7.9669 -2.5017 0.9609
-5.1772 -8.1580 -2.5017 0.9609
-4.8810 -8.3386 -2.5017 0.9609
-4.2702 -8.6672 -2.5017 0.9609
-3.9563 -8.8149 -2.5017 0.9609
-3.6373 -8.9513 -2.5017 0.9609
-2.9857 -9.1891 -2.5017 0.9609
-2.6540 -9.2904 -2.5017 0.9609
-1.9805 -9.4568 -2.5017 0.9609
-1.6398 -9.5218 -2.5017 0.9609
0.4335 -9.6522 -2.5016 0.9609
1.1249 -9.5962 -2.5016 0.9609
1.4686 -9.5496 -2.5016 0.9609
1.8105 -9.4908 -2.5016 0.9609
2.1500 -9.4196 -2.5016 0.9609
2.8202 -9.2411 -2.5016 0.9609
3.1501 -9.1339 -2.5016 0.9609
3.4760 -9.0149 -2.5016 0.9609
3.7973 -8.8843 -2.5016 0.9609
4.4250 -8.5890 -2.5016 0.9609
5.0298 -8.2494 -2.5016 0.9609
5.6087 -7.8672 -2.5016 0.9609
5.8875 -7.6608 -2.5016 0.9609
6.1587 -7.4445 -2.5016 0.9609
6.4219 -7.2187 -2.5016 0.9609
6.6769 -6.9835 -2.5016 0.9609
6.9233 -6.7393 -2.5016 0.9609
7.3889 -6.2252 -2.5016 0.9609
8.2038 -5.1036 -2.5016 0.9609
8.3818 -4.8058 -2.5016 0.9609
2.6740 -0.9492 -0.7347 0.9883
2.6704 -0.8412 -0.7249 0.9885
9.5359 -1.5542 -2.5016 0.9609
9.5856 -1.2109 -2.5016 0.9609
9.6229 -0.8661 -2.5016 0.9609
9.6602 -0.1734 -2.5016 0.9609
9.6602 0.1734 -2.5016 0.9609
9.4475 0.8503 -2.4560 0.9616
8.9558 1.4597 -2.3494 0.9632
8.5513 3.0354 -2.3494 0.9632
8.1754 3.9371 -2.3494 0.9632
8.0288 4.2280 -2.3494 0.9632
7.8719 4.5135 -2.3494 0.9632
7.7048 4.7932 -2.3494 0.9632
7.1449 5.5937 -2.3494 0.9632
6.7252 6.0919 -2.3495 0.9632
6.5022 6.3294 -2.3495 0.9632
6.2708 6.5587 -2.3495 0.9632
6.0313 6.7796 -2.3495 0.9632
5.2676 7.3887 -2.3495 0.9632
3.5664 8.3440 -2.3495 0.9632
2.9586 8.5784 -2.3495 0.9632
2.0192 8.8468 -2.3495 0.9632
1.7004 8.9136 -2.3495 0.9632
1.0565 9.0126 -2.3495 0.9632
0.7323 9.0447 -2.3495 0.9632
0.0815 9.0740 -2.3495 0.9632
-0.2440 9.0581 -2.3462 0.9633
-0.5293 8.4128 -2.1825 0.9658
-0.7876 7.9505 -2.0686 0.9675
-1.1927 6.9258 -1.8196 0.9714
-1.7235 6.9720 -1.8595 0.9708
-2.0258 7.0915 -1.9096 0.9700
-2.6841 7.3518 -2.0264 0.9682
-3.0454 7.4946 -2.0946 0.9671
-3.4324 7.6476 -2.1704 0.9660
-4.0105 8.1401 -2.3495 0.9632
-4.3001 7.9909 -2.3495 0.9632
-4.8623 7.6618 -2.3495 0.9632
-5.1342 7.4824 -2.3495 0.9632
-5.3995 7.2932 -2.3495 0.9632
-5.7150 7.1663 -2.3733 0.9628
-6.5468 7.0982 -2.5002 0.9609
-7.0435 6.6143 -2.5018 0.9609
-7.2764 6.3572 -2.5018 0.9609
-7.4999 6.0919 -2.5018 0.9609
-8.9185 3.7176 -2.5018 0.9609
-9.5071 1.7253 -2.5018 0.9609
-9.6374 0.6932 -2.5018 0.9609
-9.6561 0.3468 -2.5018 0.9609
-9.6623 0.0000 -2.5018 0.9609
-9.6374 -0.6932 -2.5018 0.9609
-9.5070 -1.7253 -2.5017 0.9609
-9.2664 -2.7373 -2.5017 0.9609
-9.0462 -3.3951 -2.5017 0.9609
-8.9185 -3.7176 -2.5017 0.9609
-8.7793 -4.0353 -2.5017 0.9609
-8.6287 -4.3479 -2.5017 0.9609
-8.4671 -4.6548 -2.5017 0.9609
-8.1113 -5.2503 -2.5017 0.9609
-7.9176 -5.5381 -2.5017 0.9609
-7.7137 -5.8187 -2.5017 0.9609
-7.4998 -6.0919 -2.5017 0.9609
-6.5507 -7.1025 -2.5017 0.9609
-6.2915 -7.3331 -2.5017 0.9609
-5.4667 -7.9669 -2.5017 0.9609
-5.1772 -8.1580 -2.5017 0.9609
-3.6373 -8.9513 -2.5017 0.9609
-3.3137 -9.0760 -2.5017 0.9609
-1.9805 -9.4568 -2.5017 0.9609
0.4335 -9.6522 -2.5016 0.9609
0.7797 -9.6304 -2.5016 0.9609
1.1249 -9.5962 -2.5016 0.9609
1.8105 -9.4908 -2.5016 0.9609
2.1500 -9.4196 -2.5016 0.9609
2.4867 -9.3364 -2.5016 0.9609
2.8203 -9.2411 -2.5016 0.9609
3.1502 -9.1339 -2.5016 0.9609
4.4250 -8.5890 -2.5016 0.9609
4.7304 -8.4246 -2.5016 0.9609
5.0298 -8.2494 -2.5016 0.9609
6.4219 -7.2187 -2.5016 0.9609
6.9233 -6.7393 -2.5016 0.9609
8.0154 -5.3948 -2.5016 0.9609
8.2038 -5.1036 -2.5016 0.9609
8.5489 -4.5019 -2.5016 0.9609
8.8498 -3.8769 -2.5016 0.9609
8.9833 -3.5567 -2.5016 0.9609
2.7623 -0.7624 -0.7420 0.9882
9.3998 -2.2344 -2.5016 0.9609
9.4740 -1.8955 -2.5016 0.9609
9.5856 -1.2109 -2.5016 0.9609
9.6229 -0.8661 -2.5016 0.9609
9.6478 -0.5201 -2.5016 0.9609
9.6602 -0.1734 -2.5016 0.9609
9.6602 0.1734 -2.5016 0.9609
9.6331 0.5193 -2.4978 0.9609
9.0024 1.1373 -2.3494 0.9632
8.9558 1.4597 -2.3494 0.9632
8.8977 1.7802 -2.3494 0.9632
8.6547 2.7264 -2.3494 0.9632
8.5513 3.0354 -2.3494 0.9632
8.4368 3.3404 -2.3494 0.9632
8.0288 4.2280 -2.3494 0.9632
7.8719 4.5135 -2.3494 0.9632
7.7048 4.7932 -2.3494 0.9632
7.5278 5.0667 -2.3494 0.9632
7.1449 5.5937 -2.3494 0.9632
6.5022 6.3294 -2.3495 0.9632
6.0313 6.7796 -2.3495 0.9632
5.7841 6.9918 -2.3495 0.9632
4.9989 7.5731 -2.3495 0.9632
3.8636 8.2106 -2.3495 0.9632
3.5664 8.3440 -2.3495 0.9632
3.2646 8.4667 -2.3495 0.9632
2.9586 8.5784 -2.3495 0.9632
2.6487 8.6791 -2.3495 0.9632
2.3355 8.7686 -2.3495 0.9632
2.0192 8.8468 -2.3495 0.9632
1.7004 8.9136 -2.3495 0.9632
1.3793 8.9689 -2.3495 0.9632
1.0565 9.0126 -2.3495 0.9632
0.7323 9.0447 -2.3495 0.9632
0.0814 9.0740 -2.3495 0.9632
-0.5293 8.4128 -2.1825 0.9658
-0.7876 7.9505 -2.0686 0.9675
-1.0031 7.4054 -1.9349 0.9696
-1.1927 6.9258 -1.8196 0.9714
-2.0258 7.0915 -1.9096 0.9700
-2.3452 7.2178 -1.9650 0.9691
-2.6842 7.3518 -2.0264 0.9682
-3.0454 7.4946 -2.0946 0.9671
-3.4324 7.6476 -2.1704 0.9660
-5.3995 7.2932 -2.3495 0.9632
-5.7150 7.1663 -2.3733 0.9628
-6.2749 7.3136 -2.4951 0.9610
-6.8016 6.8629 -2.5018 0.9609
-7.2764 6.3572 -2.5018 0.9609
-7.4999 6.0919 -2.5018 0.9609
-7.7138 5.8188 -2.5018 0.9609
-7.9177 5.5382 -2.5018 0.9609
-8.4672 4.6549 -2.5018 0.9609
-8.6288 4.3479 -2.5018 0.9609
-9.3588 2.4029 -2.5018 0.9609
-9.5071 1.7253 -2.5018 0.9609
-9.6561 -0.3468 -2.5018 0.9609
-9.6374 -0.6932 -2.5018 0.9609
-9.5070 -1.7253 -2.5017 0.9609
-9.4390 -2.0654 -2.5017 0.9609
-9.3587 -2.4029 -2.5017 0.9609
-9.2665 -2.7373 -2.5017 0.9609
-9.0462 -3.3951 -2.5017 0.9609
-8.9185 -3.7176 -2.5017 0.9609
-8.6287 -4.3479 -2.5017 0.9609
-8.4671 -4.6548 -2.5017 0.9609
-8.2945 -4.9558 -2.5017 0.9609
-7.7137 -5.8187 -2.5017 0.9609
-7.2763 -6.3571 -2.5017 0.9609
-7.0434 -6.6142 -2.5017 0.9609
-6.0243 -7.5542 -2.5017 0.9609
-5.7492 -7.7655 -2.5017 0.9609
-5.1772 -8.1580 -2.5017 0.9609
-3.9563 -8.8150 -2.5017 0.9609
-3.6373 -8.9513 -2.5017 0.9609
-2.6539 -9.2904 -2.5017 0.9609
-2.3187 -9.3796 -2.5017 0.9609
0.0867 -9.6616 -2.5016 0.9609
1.4686 -9.5496 -2.5016 0.9609
2.1500 -9.4196 -2.5016 0.9609
2.4867 -9.3364 -2.5016 0.9609
2.8203 -9.2411 -2.5016 0.9609
3.4760 -9.0149 -2.5016 0.9609
4.1138 -8.7423 -2.5016 0.9609
4.4250 -8.5890 -2.5016 0.9609
4.7304 -8.4246 -2.5016 0.9609
5.0298 -8.2494 -2.5016 0.9609
5.3227 -8.0635 -2.5016 0.9609
5.8875 -7.6608 -2.5016 0.9609
6.1587 -7.4445 -2.5016 0.9609
6.4219 -7.2187 -2.5016 0.9609
6.6769 -6.9835 -2.5016 0.9609
6.9233 -6.7393 -2.5016 0.9609
7.1607 -6.4864 -2.5016 0.9609
7.8165 -5.6790 -2.5016 0.9609
8.0154 -5.3948 -2.5016 0.9609
8.5489 -4.5019 -2.5016 0.9609
8.8498 -3.8769 -2.5016 0.9609
8.9833 -3.5567 -2.5016 0.9609
2.6740 -0.9492 -0.7347 0.9883
9.3998 -2.2344 -2.5016 0.9609
9.6229 -0.8661 -2.5016 0.9609
9.6478 -0.5201 -2.5016 0.9609
9.6602 0.1734 -2.5016 0.9609
9.6331 0.5193 -2.4978 0.9609
9.4475 0.8503 -2.4560 0.9616
9.0024 1.1373 -2.3494 0.9632
8.9558 1.4597 -2.3494 0.9632
8.8977 1.7802 -2.3494 0.9632
8.8280 2.0985 -2.3494 0.9632
8.7470 2.4140 -2.3494 0.9632
8.6547 2.7265 -2.3494 0.9632
7.8719 4.5135 -2.3494 0.9632
7.7048 4.7932 -2.3494 0.9632
7.1449 5.5937 -2.3494 0.9632
6.7252 6.0919 -2.3495 0.9632
6.5022 6.3294 -2.3495 0.9632
5.7841 6.9918 -2.3495 0.9632
5.5294 7.1949 -2.3495 0.9632
4.9989 7.5731 -2.3495 0.9632
4.1558 8.0666 -2.3495 0.9632
3.8636 8.2106 -2.3495 0.9632
3.5664 8.3440 -2.3495 0.9632
3.2646 8.4667 -2.3495 0.9632
2.9586 8.5784 -2.3495 0.9632
2.6487 8.6791 -2.3495 0.9632
1.7003 8.9136 -2.3495 0.9632
1.0565 9.0126 -2.3495 0.9632
0.7323 9.0447 -2.3495 0.9632
-0.2440 9.0581 -2.3462 0.9633
-0.7876 7.9505 -2.0686 0.9675
-1.0031 7.4053 -1.9349 0.9696
-1.4364 6.8585 -1.8143 0.9715
-1.7235 6.9720 -1.8595 0.9708
-2.6842 7.3518 -2.0264 0.9682
-3.0454 7.4946 -2.0946 0.9671
-4.0105 8.1401 -2.3495 0.9632
-4.3001 7.9909 -2.3495 0.9632
-5.1342 7.4824 -2.3495 0.9632
-5.3995 7.2932 -2.3495 0.9632
-5.7150 7.1664 -2.3733 0.9628
-6.2749 7.3136 -2.4951 0.9610
-6.5468 7.0982 -2.5002 0.9609
-6.8016 6.8629 -2.5018 0.9609
-7.2764 6.3572 -2.5018 0.9609
-7.4999 6.0919 -2.5018 0.9609
-8.1114 5.2504 -2.5018 0.9609
-8.4672 4.6549 -2.5018 0.9609
-8.6288 4.3479 -2.5018 0.9609
-8.9185 3.7176 -2.5018 0.9609
-9.0462 3.3951 -2.5018 0.9609
-9.1623 3.0682 -2.5018 0.9609
-9.2665 2.7373 -2.5018 0.9609
-9.3588 2.4029 -2.5018 0.9609
-9.5629 1.3829 -2.5018 0.9609
-9.6064 1.0387 -2.5018 0.9609
-9.6623 0.0000 -2.5018 0.9609
-9.6374 -0.6932 -2.5018 0.9609
-9.6063 -1.0387 -2.5017 0.9609
-9.5629 -1.3829 -2.5017 0.9609
-9.3587 -2.4029 -2.5017 0.9609
-9.2664 -2.7373 -2.5017 0.9609
-8.9184 -3.7176 -2.5017 0.9609
-8.7793 -4.0354 -2.5017 0.9609
-8.2945 -4.9558 -2.5017 0.9609
-8.1113 -5.2503 -2.5017 0.9609
-7.7137 -5.8187 -2.5017 0.9609
-6.5507 -7.1025 -2.5017 0.9609
-5.7492 -7.7655 -2.5017 0.9609
-5.1772 -8.1580 -2.5017 0.9609
-3.6373 -8.9513 -2.5017 0.9609
-3.3137 -9.0760 -2.5017 0.9609
-2.9857 -9.1891 -2.5017 0.9609
-2.6539 -9.2904 -2.5017 0.9609
-0.9524 -9.6149 -2.5017 0.9609
-0.6067 -9.6429 -2.5017 0.9609
-0.2601 -9.6584 -2.5017 0.9609
0.0867 -9.6616 -2.5016 0.9609
0.7797 -9.6304 -2.5016 0.9609
1.4686 -9.5496 -2.5016 0.9609
1.8105 -9.4908 -2.5016 0.9609
2.4867 -9.3364 -2.5016 0.9609
2.8202 -9.2411 -2.5016 0.9609
3.4760 -9.0149 -2.5016 0.9609
4.7304 -8.4246 -2.5016 0.9609
5.3227 -8.0635 -2.5016 0.9609
5.6087 -7.8672 -2.5016 0.9609
5.8875 -7.6608 -2.5016 0.9609
6.9233 -6.7393 -2.5016 0.9609
7.1607 -6.4864 -2.5016 0.9609
7.6076 -5.9560 -2.5016 0.9609
7.8165 -5.6790 -2.5016 0.9609
8.0154 -5.3948 -2.5016 0.9609
8.2038 -5.1036 -2.5016 0.9609
8.3818 -4.8058 -2.5016 0.9609
8.5489 -4.5019 -2.5016 0.9609
8.8498 -3.8769 -2.5016 0.9609
2.6704 -0.8412 -0.7249 0.9885
2.7624 -0.7624 -0.7420 0.9882
9.5856 -1.2109 -2.5016 0.9609
9.6478 -0.5201 -2.5016 0.9609
9.0024 1.1373 -2.3494 0.9632
8.9558 1.4597 -2.3494 0.9632
8.8977 1.7802 -2.3494 0.9632
8.8280 2.0985 -2.3494 0.9632
8.6547 2.7265 -2.3494 0.9632
8.1754 3.9371 -2.3494 0.9632
7.8719 4.5135 -2.3494 0.9632
7.5278 5.0667 -2.3494 0.9632
6.5022 6.3294 -2.3495 0.9632
5.7841 6.9918 -2.3495 0.9632
5.5294 7.1949 -2.3495 0.9632
5.2675 7.3887 -2.3495 0.9632
4.9989 7.5731 -2.3495 0.9632
4.7239 7.7477 -2.3495 0.9632
4.4427 7.9122 -2.3495 0.9632
4.1558 8.0666 -2.3495 0.9632
3.5664 8.3440 -2.3495 0.9632
2.9585 8.5784 -2.3495 0.9632
2.6487 8.6791 -2.3495 0.9632
2.3355 8.7686 -2.3495 0.9632
2.0192 8.8468 -2.3495 0.9632
1.3793 8.9689 -2.3495 0.9632
-0.7876 7.9505 -2.0686 0.9675
-1.0031 7.4053 -1.9349 0.9696
-1.7235 6.9720 -1.8595 0.9708
-2.0258 7.0915 -1.9096 0.9700
-4.0105 8.1401 -2.3495 0.9632
-4.5842 7.8314 -2.3495 0.9632
-5.1343 7.4823 -2.3495 0.9632
-5.7150 7.1664 -2.3733 0.9628
-6.2749 7.3136 -2.4951 0.9610
-7.0435 6.6143 -2.5018 0.9609
-7.2764 6.3572 -2.5018 0.9609
-7.4999 6.0919 -2.5018 0.9609
-7.7138 5.8188 -2.5018 0.9609
-7.9177 5.5381 -2.5018 0.9609
-8.1114 5.2504 -2.5018 0.9609
-8.2946 4.9558 -2.5018 0.9609
-8.4672 4.6549 -2.5018 0.9609
-8.6288 4.3479 -2.5018 0.9609
-9.2665 2.7373 -2.5018 0.9609
-9.3588 2.4029 -2.5018 0.9609
-9.5071 1.7253 -2.5018 0.9609
-8.8372 0.0000 -2.5017 0.9639
-8.8144 -0.6340 -2.5017 0.9639
-8.7860 -0.9500 -2.5017 0.9639
-8.6329 -1.8890 -2.5017 0.9639
-8.5595 -2.1977 -2.5017 0.9639
-8.1568 -3.4001 -2.5017 0.9639
-7.5862 -4.5325 -2.5017 0.9639
-7.4186 -4.8019 -2.5017 0.9639
-7.2414 -5.0651 -2.5017 0.9639
-6.6549 -5.8142 -2.5017 0.9639
-6.4419 -6.0494 -2.5017 0.9639
-5.9913 -6.4960 -2.5017 0.9639
-5.7543 -6.7068 -2.5017 0.9639
-5.5098 -6.9091 -2.5017 0.9639
-4.9999 -7.2866 -2.5017 0.9639
-4.4642 -7.6265 -2.5017 0.9639
-4.1876 -7.7818 -2.5017 0.9639
-3.9055 -7.9271 -2.5017 0.9639
-3.3267 -8.1869 -2.5017 0.9639
-3.0307 -8.3010 -2.5017 0.9639
-2.7308 -8.4044 -2.5017 0.9639
-2.4273 -8.4970 -2.5017 0.9639
-2.1207 -8.5787 -2.5017 0.9639
-1.4998 -8.7087 -2.5017 0.9639
-0.8711 -8.7938 -2.5017 0.9639
-0.5549 -8.8194 -2.5017 0.9639
-0.2379 -8.8337 -2.5017 0.9639
0.7131 -8.8080 -2.5016 0.9639
1.6559 -8.6803 -2.5016 0.9639
1.9664 -8.6153 -2.5016 0.9639
2.2744 -8.5391 -2.5016 0.9639
3.1792 -8.2451 -2.5016 0.9639
3.7625 -7.9958 -2.5016 0.9639
4.0471 -7.8555 -2.5016 0.9639
4.6003 -7.5449 -2.5016 0.9639
4.8681 -7.3749 -2.5016 0.9639
5.3847 -7.0066 -2.5016 0.9639
5.8735 -6.6022 -2.5016 0.9639
6.1067 -6.3871 -2.5016 0.9639
6.7580 -5.6936 -2.5016 0.9639
6.9580 -5.4474 -2.5016 0.9639
7.3309 -4.9341 -2.5016 0.9639
7.6660 -4.3954 -2.5016 0.9639
8.2162 -3.2530 -2.5016 0.9639
2.6630 -0.9453 -0.8000 0.9883
2.6579 -0.8373 -0.7889 0.9885
8.5972 -2.0436 -2.5016 0.9639
8.7216 -1.4215 -2.5016 0.9639
8.7925 0.7913 -2.4992 0.9640
8.7425 1.1044 -2.4946 0.9640
8.1378 1.6282 -2.3494 0.9661
8.0742 1.9193 -2.3494 0.9661
7.9157 2.4936 -2.3494 0.9661
7.6017 3.3301 -2.3494 0.9661
7.1997 4.1281 -2.3494 0.9661
7.0469 4.3839 -2.3494 0.9661
6.3469 5.3473 -2.3495 0.9661
6.1509 5.5717 -2.3495 0.9661
5.9469 5.7889 -2.3495 0.9661
5.2902 6.3947 -2.3495 0.9661
5.0572 6.5805 -2.3495 0.9661
4.3205 7.0860 -2.3495 0.9661
4.0633 7.2366 -2.3495 0.9661
2.7059 7.8458 -2.3495 0.9661
2.4225 7.9379 -2.3495 0.9661
2.1360 8.0198 -2.3495 0.9661
0.9662 8.2430 -2.3495 0.9661
0.3724 8.2911 -2.3495 0.9661
0.0745 8.2991 -2.3495 0.9661
-0.5211 8.2831 -2.3495 0.9661
-1.7236 6.9720 -2.0331 0.9706
-2.3452 7.2178 -2.1485 0.9689
-2.6441 7.2421 -2.1826 0.9685
-2.9841 7.3436 -2.2440 0.9676
-3.3632 7.4935 -2.3252 0.9664
-3.9329 7.3085 -2.3495 0.9661
-4.1927 7.1626 -2.3495 0.9661
-4.4471 7.0075 -2.3495 0.9661
-4.6958 6.8434 -2.3495 0.9661
-5.7531 6.7055 -2.5012 0.9639
-5.9914 6.4961 -2.5017 0.9639
-6.2207 6.2768 -2.5017 0.9639
-6.6550 5.8143 -2.5017 0.9639
-6.8595 5.5717 -2.5017 0.9639
-7.0550 5.3219 -2.5018 0.9639
-7.2415 5.0652 -2.5018 0.9639
-7.4187 4.8020 -2.5018 0.9639
-7.5863 4.5326 -2.5018 0.9639
-7.7441 4.2574 -2.5018 0.9639
-7.8919 3.9766 -2.5018 0.9639
-8.0296 3.6908 -2.5018 0.9639
-8.2737 3.1052 -2.5018 0.9639
-8.4752 2.5036 -2.5018 0.9639
-8.7462 1.2648 -2.5018 0.9639
-8.8144 0.6340 -2.5017 0.9639
-8.8315 0.3172 -2.5017 0.9639
-8.8372 0.0000 -2.5017 0.9639
-8.8144 -0.6340 -2.5017 0.9639
-8.7462 -1.2648 -2.5017 0.9639
-8.6329 -1.8890 -2.5017 0.9639
-8.5595 -2.1977 -2.5017 0.9639
-8.4751 -2.5035 -2.5017 0.9639
-8.2736 -3.1051 -2.5017 0.9639
-8.1568 -3.4001 -2.5017 0.9639
-8.0295 -3.6907 -2.5017 0.9639
-7.8919 -3.9766 -2.5017 0.9639
-6.2206 -6.2767 -2.5017 0.9639
-5.9913 -6.4960 -2.5017 0.9639
-5.5098 -6.9091 -2.5017 0.9639
-5.2582 -7.1024 -2.5017 0.9639
-4.9999 -7.2866 -2.5017 0.9639
-4.4642 -7.6265 -2.5017 0.9639
-2.7308 -8.4044 -2.5017 0.9639
-1.8114 -8.6493 -2.5017 0.9639
-1.4998 -8.7087 -2.5017 0.9639
-1.1862 -8.7569 -2.5017 0.9639
-0.8711 -8.7938 -2.5017 0.9639
-0.5549 -8.8194 -2.5017 0.9639
0.0793 -8.8365 -2.5017 0.9639
0.3965 -8.8280 -2.5016 0.9639
0.7131 -8.8080 -2.5016 0.9639
1.0288 -8.7767 -2.5016 0.9639
1.9664 -8.6153 -2.5016 0.9639
2.5794 -8.4520 -2.5016 0.9639
2.8811 -8.3539 -2.5016 0.9639
3.1792 -8.2451 -2.5016 0.9639
4.3265 -7.7052 -2.5016 0.9639
4.6003 -7.5449 -2.5016 0.9639
5.1297 -7.1954 -2.5016 0.9639
5.3847 -7.0066 -2.5016 0.9639
7.1491 -5.1941 -2.5016 0.9639
7.6660 -4.3954 -2.5016 0.9639
7.8188 -4.1174 -2.5016 0.9639
7.9616 -3.8341 -2.5016 0.9639
8.2162 -3.2530 -2.5016 0.9639
2.6630 -0.9453 -0.8000 0.9883
2.6579 -0.8373 -0.7889 0.9885
2.7539 -0.7600 -0.8088 0.9882
8.5972 -2.0436 -2.5016 0.9639
8.8239 -0.4757 -2.5016 0.9639
8.8353 0.1586 -2.5016 0.9639
8.7925 0.7913 -2.4992 0.9640
8.7425 1.1044 -2.4946 0.9640
8.3031 1.3533 -2.3816 0.9656
8.0742 1.9193 -2.3494 0.9661
7.7164 3.0551 -2.3494 0.9661
7.6017 3.3301 -2.3494 0.9661
7.0469 4.3839 -2.3494 0.9661
6.8850 4.6340 -2.3494 0.9661
6.1509 5.5717 -2.3495 0.9661
5.9469 5.7889 -2.3495 0.9661
5.2901 6.3947 -2.3495 0.9661
5.0572 6.5805 -2.3495 0.9661
4.8177 6.7578 -2.3495 0.9661
4.3205 7.0860 -2.3495 0.9661
4.0633 7.2366 -2.3495 0.9661
3.2618 7.6315 -2.3495 0.9661
2.9858 7.7436 -2.3495 0.9661
2.7059 7.8458 -2.3495 0.9661
2.1360 8.0198 -2.3495 0.9661
0.6697 8.2723 -2.3495 0.9661
0.3724 8.2911 -2.3495 0.9661
0.0745 8.2991 -2.3495 0.9661
-0.7664 7.7368 -2.2010 0.9682
-2.3452 7.2178 -2.1485 0.9689
-2.9841 7.3436 -2.2440 0.9676
-3.3632 7.4935 -2.3252 0.9664
-3.6680 7.4450 -2.3495 0.9661
-3.9329 7.3085 -2.3495 0.9661
-5.4985 6.8950 -2.4966 0.9640
-6.2207 6.2768 -2.5017 0.9639
-6.4420 6.0495 -2.5017 0.9639
-6.6550 5.8143 -2.5017 0.9639
-6.8595 5.5717 -2.5017 0.9639
-7.4187 4.8020 -2.5018 0.9639
-7.5863 4.5326 -2.5018 0.9639
-7.7441 4.2574 -2.5018 0.9639
-8.0296 3.6908 -2.5018 0.9639
-8.1569 3.4002 -2.5018 0.9639
-8.4752 2.5036 -2.5018 0.9639
-8.5596 2.1977 -2.5018 0.9639
-8.6329 1.8890 -2.5018 0.9639
-8.6952 1.5779 -2.5018 0.9639
-8.7860 0.9500 -2.5017 0.9639
-8.8144 0.6340 -2.5017 0.9639
-8.8315 0.3172 -2.5017 0.9639
-8.7860 -0.9500 -2.5017 0.9639
-8.7462 -1.2648 -2.5017 0.9639
-8.6951 -1.5779 -2.5017 0.9639
-8.5595 -2.1977 -2.5017 0.9639
-8.4751 -2.5035 -2.5017 0.9639
-8.2736 -3.1052 -2.5017 0.9639
-7.5862 -4.5325 -2.5017 0.9639
-7.2414 -5.0651 -2.5017 0.9639
-7.0549 -5.3218 -2.5017 0.9639
-6.8594 -5.5716 -2.5017 0.9639
-5.5098 -6.9091 -2.5017 0.9639
-4.7351 -7.4613 -2.5017 0.9639
-4.4642 -7.6265 -2.5017 0.9639
-4.1876 -7.7818 -2.5017 0.9639
-3.9055 -7.9271 -2.5017 0.9639
-3.0307 -8.3010 -2.5017 0.9639
-2.7308 -8.4044 -2.5017 0.9639
-2.4273 -8.4970 -2.5017 0.9639
-1.8114 -8.6493 -2.5017 0.9639
-1.4998 -8.7087 -2.5017 0.9639
-1.1862 -8.7569 -2.5017 0.9639
-0.8711 -8.7938 -2.5017 0.9639
-0.5549 -8.8194 -2.5017 0.9639
0.0793 -8.8365 -2.5017 0.9639
1.0288 -8.7767 -2.5016 0.9639
1.3432 -8.7341 -2.5016 0.9639
1.9664 -8.6153 -2.5016 0.9639
2.2744 -8.5391 -2.5016 0.9639
2.5794 -8.4520 -2.5016 0.9639
4.0471 -7.8555 -2.5016 0.9639
6.1067 -6.3871 -2.5016 0.9639
6.5493 -5.9325 -2.5016 0.9639
6.7580 -5.6936 -2.5016 0.9639
7.5033 -4.6678 -2.5016 0.9639
7.6660 -4.3954 -2.5016 0.9639
7.8188 -4.1174 -2.5016 0.9639
8.0941 -3.5458 -2.5016 0.9639
2.6630 -0.9453 -0.8000 0.9883
8.5972 -2.0436 -2.5016 0.9639
8.6650 -1.7337 -2.5016 0.9639
8.7670 -1.1075 -2.5016 0.9639
8.8011 -0.7921 -2.5016 0.9639
8.8239 -0.4757 -2.5016 0.9639
8.8353 0.1586 -2.5016 0.9639
8.7425 1.1044 -2.4946 0.9640
7.9157 2.4936 -2.3494 0.9661
7.7164 3.0551 -2.3494 0.9661
7.4773 3.6009 -2.3494 0.9661
7.3432 3.8670 -2.3494 0.9661
7.0469 4.3839 -2.3494 0.9661
6.3469 5.3473 -2.3495 0.9661
5.9469 5.7889 -2.3495 0.9661
5.2901 6.3947 -2.3495 0.9661
4.8177 6.7578 -2.3495 0.9661
4.5721 6.9264 -2.3495 0.9661
4.3205 7.0860 -2.3495 0.9661
4.0633 7.2366 -2.3495 0.9661
3.2618 7.6315 -2.3495 0.9661
2.7059 7.8458 -2.3495 0.9661
0.9662 8.2430 -2.3495 0.9661
0.6697 8.2723 -2.3495 0.9661
0.3723 8.2911 -2.3495 0.9661
0.0745 8.2991 -2.3495 0.9661
-1.0031 7.4053 -2.1155 0.9694
-1.1927 6.9258 -1.9895 0.9712
-1.4364 6.8585 -1.9837 0.9713
-1.7236 6.9720 -2.0331 0.9706
-2.3452 7.2178 -2.1485 0.9689
-2.9841 7.3436 -2.2440 0.9676
-3.3632 7.4935 -2.3252 0.9664
-3.6680 7.4450 -2.3495 0.9661
-3.9329 7.3085 -2.3495 0.9661
-4.1927 7.1626 -2.3495 0.9661
-5.1122 6.9051 -2.4322 0.9649
-5.4986 6.8949 -2.4966 0.9640
-5.7531 6.7055 -2.5012 0.9639
-5.9914 6.4961 -2.5017 0.9639
-6.2207 6.2768 -2.5017 0.9639
-6.4420 6.0495 -2.5017 0.9639
-6.6550 5.8143 -2.5017 0.9639
-6.8595 5.5717 -2.5017 0.9639
-8.5596 2.1977 -2.5018 0.9639
-8.6329 1.8890 -2.5018 0.9639
-8.6952 1.5779 -2.5018 0.9639
-8.7462 1.2648 -2.5018 0.9639
-8.8372 0.0000 -2.5017 0.9639
-8.7860 -0.9500 -2.5017 0.9639
-8.7462 -1.2648 -2.5017 0.9639
-8.6329 -1.8890 -2.5017 0.9639
-8.5595 -2.1977 -2.5017 0.9639
-8.2736 -3.1052 -2.5017 0.9639
-8.0295 -3.6908 -2.5017 0.9639
-7.5862 -4.5325 -2.5017 0.9639
-6.6549 -5.8143 -2.5017 0.9639
-6.4419 -6.0494 -2.5017 0.9639
-5.9913 -6.4960 -2.5017 0.9639
-5.2582 -7.1024 -2.5017 0.9639
-3.9055 -7.9271 -2.5017 0.9639
-3.3267 -8.1869 -2.5017 0.9639
-2.7307 -8.4044 -2.5017 0.9639
-2.4273 -8.4970 -2.5017 0.9639
-2.1207 -8.5787 -2.5017 0.9639
-1.8114 -8.6493 -2.5017 0.9639
-0.8711 -8.7938 -2.5017 0.9639
-0.5549 -8.8194 -2.5017 0.9639
-0.2379 -8.8337 -2.5017 0.9639
0.3965 -8.8280 -2.5016 0.9639
1.3432 -8.7341 -2.5016 0.9639
1.6559 -8.6803 -2.5016 0.9639
1.9664 -8.6153 -2.5016 0.9639
2.5794 -8.4520 -2.5016 0.9639
3.4731 -8.1257 -2.5016 0.9639
3.7625 -7.9957 -2.5016 0.9639
4.6003 -7.5449 -2.5016 0.9639
5.1297 -7.1954 -2.5016 0.9639
5.8735 -6.6022 -2.5016 0.9639
7.1491 -5.1941 -2.5016 0.9639
7.5033 -4.6678 -2.5016 0.9639
7.6660 -4.3954 -2.5016 0.9639
8.0941 -3.5458 -2.5016 0.9639
2.6579 -0.8373 -0.7889 0.9885
8.7216 -1.4215 -2.5016 0.9639
8.8011 -0.7921 -2.5016 0.9639
8.8239 -0.4757 -2.5016 0.9639
8.8353 -0.1586 -2.5016 0.9639
8.7925 0.7914 -2.4992 0.9640
8.1378 1.6282 -2.3494 0.9661
8.0742 1.9193 -2.3494 0.9661
7.9157 2.4936 -2.3494 0.9661
7.7164 3.0551 -2.3494 0.9661
7.6017 3.3302 -2.3494 0.9661
7.3432 3.8670 -2.3494 0.9661
6.5348 5.1160 -2.3494 0.9661
6.3469 5.3473 -2.3495 0.9661
6.1509 5.5717 -2.3495 0.9661
5.9469 5.7889 -2.3495 0.9661
4.8177 6.7578 -2.3495 0.9661
4.5720 6.9264 -2.3495 0.9661
4.0633 7.2366 -2.3495 0.9661
3.8010 7.3778 -2.3495 0.9661
3.5337 7.5095 -2.3495 0.9661
3.2618 7.6315 -2.3495 0.9661
2.7059 7.8458 -2.3495 0.9661
1.5551 8.1524 -2.3495 0.9661
-0.2235 8.2964 -2.3495 0.9661
-0.5211 8.2831 -2.3495 0.9661
-0.7664 7.7368 -2.2010 0.9682
-1.0031 7.4053 -2.1155 0.9694
-1.1927 6.9258 -1.9895 0.9712
-1.7236 6.9720 -2.0331 0.9706
-2.3452 7.2178 -2.1485 0.9689
-2.9841 7.3436 -2.2440 0.9676
-3.9329 7.3085 -2.3495 0.9661
-4.1927 7.1626 -2.3495 0.9661
-4.4471 7.0075 -2.3495 0.9661
-5.4986 6.8949 -2.4966 0.9640
-6.4420 6.0495 -2.5017 0.9639
-6.6550 5.8143 -2.5017 0.9639
-6.8595 5.5717 -2.5017 0.9639
-7.0551 5.3219 -2.5018 0.9639
-7.2415 5.0652 -2.5018 0.9639
-8.0296 3.6908 -2.5018 0.9639
-8.1569 3.4002 -2.5018 0.9639
-8.2737 3.1052 -2.5018 0.9639
-8.3798 2.8062 -2.5018 0.9639
-8.4752 2.5035 -2.5018 0.9639
-8.5596 2.1977 -2.5018 0.9639
-8.6329 1.8890 -2.5018 0.9639
-8.6952 1.5779 -2.5018 0.9639
-8.7462 1.2648 -2.5018 0.9639
-8.7860 0.9500 -2.5017 0.9639
-8.1337 0.0000 -2.5017 0.9665
-8.1284 -0.2920 -2.5017 0.9665
-8.0865 -0.8744 -2.5017 0.9665
-7.7127 -2.5828 -2.5017 0.9665
-7.5075 -3.1295 -2.5017 0.9665
-7.3903 -3.3969 -2.5017 0.9665
-6.9823 -4.1717 -2.5017 0.9665
-6.8280 -4.4197 -2.5017 0.9665
-6.6650 -4.6619 -2.5017 0.9665
-6.3133 -5.1281 -2.5017 0.9665
-5.9291 -5.5678 -2.5017 0.9665
-5.7254 -5.7770 -2.5017 0.9665
-5.5143 -5.9788 -2.5017 0.9665
-5.0712 -6.3590 -2.5017 0.9665
-4.8396 -6.5370 -2.5017 0.9665
-4.6019 -6.7065 -2.5017 0.9665
-4.3582 -6.8673 -2.5017 0.9665
-3.8542 -7.1623 -2.5017 0.9665
-3.3304 -7.4204 -2.5017 0.9665
-2.7894 -7.6402 -2.5017 0.9665
-2.5134 -7.7354 -2.5017 0.9665
-2.2341 -7.8206 -2.5017 0.9665
-1.9519 -7.8957 -2.5017 0.9665
-1.6672 -7.9607 -2.5017 0.9665
-1.3804 -8.0154 -2.5017 0.9665
-1.0918 -8.0598 -2.5017 0.9665
-0.8018 -8.0938 -2.5017 0.9665
-0.5107 -8.1174 -2.5017 0.9665
-0.2190 -8.1304 -2.5017 0.9665
0.6563 -8.1069 -2.5017 0.9665
0.9469 -8.0781 -2.5016 0.9665
1.2363 -8.0389 -2.5016 0.9665
1.5240 -7.9893 -2.5016 0.9665
1.8098 -7.9294 -2.5016 0.9665
2.0933 -7.8594 -2.5016 0.9665
2.3741 -7.7791 -2.5016 0.9665
2.6518 -7.6889 -2.5016 0.9665
2.9261 -7.5887 -2.5016 0.9665
3.1966 -7.4788 -2.5016 0.9665
3.4630 -7.3592 -2.5016 0.9665
3.7249 -7.2302 -2.5016 0.9665
3.9821 -7.0918 -2.5016 0.9665
4.4806 -6.7878 -2.5016 0.9665
4.9561 -6.4489 -2.5016 0.9665
5.1844 -6.2668 -2.5016 0.9665
5.4060 -6.0767 -2.5016 0.9665
5.6206 -5.8787 -2.5016 0.9665
6.0279 -5.4603 -2.5016 0.9665
6.2200 -5.2404 -2.5016 0.9665
6.5799 -4.7806 -2.5016 0.9665
7.3278 -3.5289 -2.5016 0.9665
2.6825 -1.0621 -0.8874 0.9880
2.7009 -0.9587 -0.8815 0.9881
7.9128 -1.8809 -2.5016 0.9665
7.9752 -1.5957 -2.5016 0.9665
8.0273 -1.3084 -2.5016 0.9665
8.1005 -0.7291 -2.5016 0.9665
8.1320 -0.1460 -2.5016 0.9665
8.1320 0.1460 -2.5016 0.9665
8.0104 1.3056 -2.4963 0.9666
7.4314 1.7665 -2.3494 0.9685
7.3632 2.0321 -2.3494 0.9685
7.1985 2.5552 -2.3494 0.9685
6.9966 3.0650 -2.3494 0.9685
6.8821 3.3142 -2.3494 0.9685
6.6266 3.7994 -2.3494 0.9685
6.1797 4.4898 -2.3494 0.9685
6.0146 4.7088 -2.3495 0.9685
5.2787 5.5211 -2.3495 0.9685
5.0772 5.7071 -2.3495 0.9685
4.2081 6.3750 -2.3495 0.9685
3.9765 6.5219 -2.3495 0.9685
3.7399 6.6605 -2.3495 0.9685
3.4984 6.7904 -2.3495 0.9685
3.2524 6.9116 -2.3495 0.9685
3.0022 7.0239 -2.3495 0.9685
2.7481 7.1272 -2.3495 0.9685
2.4905 7.2213 -2.3495 0.9685
2.2297 7.3060 -2.3495 0.9685
1.4313 7.5034 -2.3495 0.9685
1.1611 7.5499 -2.3495 0.9685
0.8893 7.5867 -2.3495 0.9685
0.0686 7.6384 -2.3495 0.9685
-0.2057 7.6360 -2.3495 0.9685
-0.9762 7.2063 -2.2367 0.9700
-1.1927 6.9258 -2.1616 0.9710
-1.4364 6.8585 -2.1553 0.9711
-1.9850 6.9486 -2.2227 0.9702
-2.2979 7.0723 -2.2872 0.9694
-3.1278 6.9691 -2.3495 0.9685
-3.3760 6.8523 -2.3495 0.9685
-4.1335 6.5133 -2.3727 0.9682
-4.8325 6.5274 -2.4980 0.9666
-5.2963 6.1730 -2.5017 0.9665
-6.3134 5.1281 -2.5017 0.9665
-6.4934 4.8982 -2.5017 0.9665
-6.6650 4.6620 -2.5017 0.9665
-6.8281 4.4197 -2.5017 0.9665
-6.9823 4.1718 -2.5017 0.9665
-7.1276 3.9184 -2.5017 0.9665
-7.3904 3.3970 -2.5017 0.9665
-7.5075 3.1295 -2.5017 0.9665
-7.7127 2.5828 -2.5017 0.9665
-7.9457 1.7387 -2.5017 0.9665
-8.0030 1.4523 -2.5017 0.9665
-8.0499 1.1641 -2.5017 0.9665
-8.1127 0.5835 -2.5017 0.9665
-8.1127 -0.5836 -2.5017 0.9665
-8.0865 -0.8744 -2.5017 0.9665
-8.0499 -1.1641 -2.5017 0.9665
-8.0029 -1.4523 -2.5017 0.9665
-7.9456 -1.7387 -2.5017 0.9665
-7.7127 -2.5828 -2.5017 0.9665
-7.6150 -2.8579 -2.5017 0.9665
-7.5075 -3.1295 -2.5017 0.9665
-7.3903 -3.3969 -2.5017 0.9665
-7.2636 -3.6600 -2.5017 0.9665
-7.1275 -3.9184 -2.5017 0.9665
-6.3133 -5.1281 -2.5017 0.9665
-6.1251 -5.3514 -2.5017 0.9665
-5.5143 -5.9788 -2.5017 0.9665
-4.6019 -6.7065 -2.5017 0.9665
-3.8542 -7.1623 -2.5017 0.9665
-3.3304 -7.4204 -2.5017 0.9665
-3.0619 -7.5351 -2.5017 0.9665
-1.9519 -7.8957 -2.5017 0.9665
-1.3804 -8.0154 -2.5017 0.9665
-1.0918 -8.0598 -2.5017 0.9665
0.3649 -8.1252 -2.5017 0.9665
0.6563 -8.1068 -2.5017 0.9665
0.9469 -8.0781 -2.5016 0.9665
1.2363 -8.0389 -2.5016 0.9665
1.5240 -7.9893 -2.5016 0.9665
2.6518 -7.6889 -2.5016 0.9665
3.1966 -7.4788 -2.5016 0.9665
3.4630 -7.3592 -2.5016 0.9665
3.9821 -7.0918 -2.5016 0.9665
4.4806 -6.7878 -2.5016 0.9665
5.1844 -6.2668 -2.5016 0.9665
5.4060 -6.0767 -2.5016 0.9665
6.0279 -5.4603 -2.5016 0.9665
6.4041 -5.0137 -2.5016 0.9665
7.0557 -4.0455 -2.5016 0.9665
7.3278 -3.5289 -2.5016 0.9665
2.6825 -1.0621 -0.8874 0.9880
2.5764 -0.8116 -0.8308 0.9888
2.6861 -0.7413 -0.8571 0.9884
8.0273 -1.3084 -2.5016 0.9665
8.0691 -1.0194 -2.5016 0.9665
8.1005 -0.7291 -2.5016 0.9665
8.1215 -0.4378 -2.5016 0.9665
8.1320 -0.1460 -2.5016 0.9665
8.1320 0.1460 -2.5016 0.9665
8.1215 0.4378 -2.5016 0.9665
8.0104 1.3056 -2.4963 0.9666
7.7916 1.5589 -2.4440 0.9673
7.3632 2.0321 -2.3494 0.9685
7.1021 2.8119 -2.3494 0.9685
6.9966 3.0650 -2.3494 0.9685
6.7587 3.5591 -2.3494 0.9685
6.6266 3.7995 -2.3494 0.9685
6.3369 4.2651 -2.3494 0.9685
6.1797 4.4898 -2.3494 0.9685
5.6612 5.1282 -2.3495 0.9685
5.4735 5.3281 -2.3495 0.9685
5.2787 5.5211 -2.3495 0.9685
5.0771 5.7071 -2.3495 0.9685
4.6546 6.0566 -2.3495 0.9685
4.2081 6.3750 -2.3495 0.9685
3.4984 6.7904 -2.3495 0.9685
3.0022 7.0239 -2.3495 0.9685
2.7481 7.1272 -2.3495 0.9685
2.2297 7.3060 -2.3495 0.9685
1.9660 7.3813 -2.3495 0.9685
1.6998 7.4472 -2.3495 0.9685
1.4313 7.5034 -2.3495 0.9685
0.3427 7.6310 -2.3495 0.9685
-0.2057 7.6360 -2.3495 0.9685
-0.4796 7.6237 -2.3495 0.9685
-0.9762 7.2063 -2.2367 0.9700
-1.4364 6.8585 -2.1553 0.9711
-1.7029 6.8885 -2.1825 0.9707
-1.9850 6.9486 -2.2227 0.9702
-3.1278 6.9691 -2.3495 0.9685
-3.6198 6.7267 -2.3495 0.9685
-4.1335 6.5133 -2.3727 0.9682
-4.5794 6.6737 -2.4895 0.9667
-4.8325 6.5274 -2.4980 0.9666
-5.2963 6.1730 -2.5017 0.9665
-5.9292 5.5679 -2.5017 0.9665
-6.1252 5.3515 -2.5017 0.9665
-6.4934 4.8982 -2.5017 0.9665
-6.8281 4.4197 -2.5017 0.9665
-7.2637 3.6600 -2.5017 0.9665
-7.3904 3.3970 -2.5017 0.9665
-7.5075 3.1295 -2.5017 0.9665
-7.8005 2.3043 -2.5017 0.9665
-7.8781 2.0228 -2.5017 0.9665
-7.9457 1.7387 -2.5017 0.9665
-8.0030 1.4523 -2.5017 0.9665
-8.0499 1.1641 -2.5017 0.9665
-8.1127 0.5835 -2.5017 0.9665
-8.1284 0.2920 -2.5017 0.9665
-8.1337 -0.0000 -2.5017 0.9665
-8.1127 -0.5836 -2.5017 0.9665
-8.0029 -1.4523 -2.5017 0.9665
-7.9456 -1.7387 -2.5017 0.9665
-7.8781 -2.0227 -2.5017 0.9665
-7.8004 -2.3043 -2.5017 0.9665
-7.7127 -2.5828 -2.5017 0.9665
-7.5075 -3.1295 -2.5017 0.9665
-7.3903 -3.3969 -2.5017 0.9665
-7.2636 -3.6600 -2.5017 0.9665
-7.1275 -3.9184 -2.5017 0.9665
-6.9823 -4.1717 -2.5017 0.9665
-6.6650 -4.6619 -2.5017 0.9665
-6.4933 -4.8982 -2.5017 0.9665
-5.7254 -5.7770 -2.5017 0.9665
-5.5143 -5.9788 -2.5017 0.9665
-5.2962 -6.1729 -2.5017 0.9665
-5.0712 -6.3590 -2.5017 0.9665
-4.8396 -6.5370 -2.5017 0.9665
-3.3304 -7.4204 -2.5017 0.9665
-2.7894 -7.6402 -2.5017 0.9665
-2.5134 -7.7354 -2.5017 0.9665
-1.9519 -7.8957 -2.5017 0.9665
-1.6672 -7.9607 -2.5017 0.9665
-1.3804 -8.0154 -2.5017 0.9665
-0.5107 -8.1173 -2.5017 0.9665
-0.2190 -8.1304 -2.5017 0.9665
0.0730 -8.1331 -2.5017 0.9665
0.3649 -8.1252 -2.5017 0.9665
0.6563 -8.1068 -2.5017 0.9665
1.5240 -7.9893 -2.5016 0.9665
1.8098 -7.9294 -2.5016 0.9665
2.3741 -7.7791 -2.5016 0.9665
2.6518 -7.6889 -2.5016 0.9665
2.9261 -7.5887 -2.5016 0.9665
4.4806 -6.7878 -2.5016 0.9665
4.7214 -6.6226 -2.5016 0.9665
4.9561 -6.4489 -2.5016 0.9665
5.4060 -6.0767 -2.5016 0.9665
6.2200 -5.2404 -2.5016 0.9665
6.4041 -5.0137 -2.5016 0.9665
6.7473 -4.5413 -2.5016 0.9665
6.9060 -4.2962 -2.5016 0.9665
7.1964 -3.7896 -2.5016 0.9665
7.4498 -3.2636 -2.5016 0.9665
2.5764 -0.8116 -0.8308 0.9888
2.6861 -0.7413 -0.8571 0.9884
7.9128 -1.8809 -2.5016 0.9665
7.9752 -1.5957 -2.5016 0.9665
8.0691 -1.0194 -2.5016 0.9665
8.1320 0.1460 -2.5016 0.9665
8.1005 0.7291 -2.5016 0.9665
8.0654 1.0189 -2.5004 0.9666
7.7916 1.5589 -2.4440 0.9673
7.3632 2.0321 -2.3494 0.9685
7.1021 2.8119 -2.3494 0.9685
6.4859 4.0349 -2.3494 0.9685
6.1797 4.4898 -2.3494 0.9685
5.8417 4.9216 -2.3495 0.9685
5.6612 5.1282 -2.3495 0.9685
5.4735 5.3281 -2.3495 0.9685
5.0771 5.7071 -2.3495 0.9685
4.8690 5.8856 -2.3495 0.9685
4.4342 6.2198 -2.3495 0.9685
3.9765 6.5219 -2.3495 0.9685
3.7399 6.6605 -2.3495 0.9685
3.2524 6.9116 -2.3495 0.9685
3.0022 7.0239 -2.3495 0.9685
2.7481 7.1272 -2.3495 0.9685
2.4905 7.2213 -2.3495 0.9685
2.2297 7.3060 -2.3495 0.9685
1.4313 7.5034 -2.3495 0.9685
0.3427 7.6310 -2.3495 0.9685
-0.2057 7.6360 -2.3495 0.9685
-0.7530 7.6015 -2.3495 0.9685
-0.9762 7.2063 -2.2367 0.9700
-1.1927 6.9258 -2.1616 0.9710
-1.4364 6.8585 -2.1553 0.9711
-1.7029 6.8885 -2.1825 0.9707
-1.9850 6.9486 -2.2227 0.9702
-3.1278 6.9691 -2.3495 0.9685
-3.3760 6.8523 -2.3495 0.9685
-3.6198 6.7267 -2.3495 0.9685
-4.1335 6.5133 -2.3727 0.9682
-4.5794 6.6737 -2.4895 0.9667
-4.8326 6.5274 -2.4980 0.9666
-5.0713 6.3591 -2.5017 0.9665
-5.2963 6.1730 -2.5017 0.9665
-5.9292 5.5679 -2.5017 0.9665
-6.9824 4.1718 -2.5017 0.9665
-7.2637 3.6600 -2.5017 0.9665
-7.6150 2.8580 -2.5017 0.9665
-7.8005 2.3042 -2.5017 0.9665
-7.8781 2.0228 -2.5017 0.9665
-8.0030 1.4523 -2.5017 0.9665
-8.0499 1.1641 -2.5017 0.9665
-8.1284 0.2920 -2.5017 0.9665
-8.1337 0.0000 -2.5017 0.9665
-8.1284 -0.2920 -2.5017 0.9665
-8.1127 -0.5836 -2.5017 0.9665
-8.0029 -1.4523 -2.5017 0.9665
-7.9456 -1.7387 -2.5017 0.9665
-7.8781 -2.0227 -2.5017 0.9665
-7.7127 -2.5828 -2.5017 0.9665
-7.5075 -3.1295 -2.5017 0.9665
-7.3903 -3.3969 -2.5017 0.9665
-7.2636 -3.6600 -2.5017 0.9665
-6.3133 -5.1281 -2.5017 0.9665
-5.9291 -5.5678 -2.5017 0.9665
-5.7254 -5.7770 -2.5017 0.9665
-4.6018 -6.7065 -2.5017 0.9665
-4.3581 -6.8674 -2.5017 0.9665
-3.5946 -7.2960 -2.5017 0.9665
-3.3304 -7.4204 -2.5017 0.9665
-3.0619 -7.5351 -2.5017 0.9665
-2.7894 -7.6402 -2.5017 0.9665
-2.5134 -7.7354 -2.5017 0.9665
-1.9519 -7.8958 -2.5017 0.9665
-1.3804 -8.0154 -2.5017 0.9665
-1.0918 -8.0598 -2.5017 0.9665
-0.8017 -8.0938 -2.5017 0.9665
-0.5107 -8.1173 -2.5017 0.9665
-0.2190 -8.1304 -2.5017 0.9665
0.0730 -8.1331 -2.5017 0.9665
0.3649 -8.1252 -2.5017 0.9665
0.9469 -8.0781 -2.5016 0.9665
2.0933 -7.8593 -2.5016 0.9665
2.3741 -7.7791 -2.5016 0.9665
2.6518 -7.6889 -2.5016 0.9665
2.9261 -7.5887 -2.5016 0.9665
3.1966 -7.4788 -2.5016 0.9665
3.7249 -7.2302 -2.5016 0.9665
3.9821 -7.0918 -2.5016 0.9665
4.4806 -6.7878 -2.5016 0.9665
5.6206 -5.8787 -2.5016 0.9665
6.2200 -5.2404 -2.5016 0.9665
6.4041 -5.0137 -2.5016 0.9665
6.7473 -4.5413 -2.5016 0.9665
6.9060 -4.2962 -2.5016 0.9665
7.1964 -3.7896 -2.5016 0.9665
7.4498 -3.2636 -2.5016 0.9665
2.6825 -1.0621 -0.8874 0.9880
7.9128 -1.8809 -2.5016 0.9665
7.9752 -1.5957 -2.5016 0.9665
8.0273 -1.3084 -2.5016 0.9665
8.1320 -0.1460 -2.5016 0.9665
8.1320 0.1460 -2.5016 0.9665
7.7916 1.5589 -2.4440 0.9673
7.4314 1.7665 -2.3494 0.9685
7.3632 2.0321 -2.3494 0.9685
7.1984 2.5552 -2.3494 0.9685
7.1021 2.8119 -2.3494 0.9685
6.9966 3.0651 -2.3494 0.9685
6.8821 3.3142 -2.3494 0.9685
6.7587 3.5591 -2.3494 0.9685
6.6266 3.7995 -2.3494 0.9685
6.4859 4.0349 -2.3494 0.9685
6.1797 4.4898 -2.3494 0.9685
6.0146 4.7088 -2.3495 0.9685
5.8417 4.9216 -2.3495 0.9685
5.6612 5.1282 -2.3495 0.9685
5.4735 5.3281 -2.3495 0.9685
4.4342 6.2198 -2.3495 0.9685
4.2081 6.3750 -2.3495 0.9685
3.4984 6.7904 -2.3495 0.9685
3.2524 6.9116 -2.3495 0.9685
2.4905 7.2213 -2.3495 0.9685
2.2297 7.3060 -2.3495 0.9685
1.1611 7.5499 -2.3495 0.9685
0.8893 7.5867 -2.3495 0.9685
0.6164 7.6138 -2.3495 0.9685
0.3427 7.6310 -2.3495 0.9685
-0.2057 7.6360 -2.3495 0.9685
-0.4796 7.6237 -2.3495 0.9685
-0.7530 7.6015 -2.3495 0.9685
-0.9762 7.2063 -2.2367 0.9700
-1.1927 6.9258 -2.1616 0.9710
-1.4364 6.8585 -2.1553 0.9711
-2.2979 7.0723 -2.2872 0.9694
-3.3760 6.8523 -2.3495 0.9685
-3.8589 6.5924 -2.3495 0.9685
-4.8326 6.5274 -2.4980 0.9666
-6.3134 5.1281 -2.5017 0.9665
-6.6650 4.6620 -2.5017 0.9665
-7.2637 3.6600 -2.5017 0.9665
-7.5075 3.1295 -2.5017 0.9665
-7.7127 2.5828 -2.5017 0.9665
-7.8005 2.3042 -2.5017 0.9665
-8.0030 1.4523 -2.5017 0.9665
-8.1127 0.5835 -2.5017 0.9665
-8.1284 0.2920 -2.5017 0.9665
-7.5262 0.0000 -2.5017 0.9688
-7.5068 -0.5400 -2.5017 0.9688
-7.4825 -0.8091 -2.5017 0.9688
-7.1366 -2.3898 -2.5017 0.9688
-7.0462 -2.6445 -2.5017 0.9688
-6.9467 -2.8957 -2.5017 0.9688
-6.5952 -3.6257 -2.5017 0.9688
-6.4608 -3.8601 -2.5017 0.9688
-5.8418 -4.7451 -2.5017 0.9688
-5.6677 -4.9517 -2.5017 0.9688
-5.4863 -5.1519 -2.5017 0.9688
-5.1025 -5.5323 -2.5017 0.9688
-4.9006 -5.7119 -2.5017 0.9688
-4.6924 -5.8841 -2.5017 0.9688
-4.4782 -6.0487 -2.5017 0.9688
-4.0326 -6.3544 -2.5017 0.9688
-3.8019 -6.4951 -2.5017 0.9688
-3.3261 -6.7511 -2.5017 0.9688
-2.5811 -7.0695 -2.5017 0.9688
-2.3257 -7.1576 -2.5017 0.9688
-1.8061 -7.3060 -2.5017 0.9688
-1.5427 -7.3661 -2.5017 0.9688
-0.7419 -7.4893 -2.5017 0.9688
-0.2026 -7.5232 -2.5017 0.9688
0.3376 -7.5183 -2.5017 0.9688
0.8762 -7.4747 -2.5017 0.9688
2.7075 -7.0220 -2.5016 0.9688
3.9178 -6.4256 -2.5016 0.9688
4.1460 -6.2809 -2.5016 0.9688
4.3687 -6.1280 -2.5016 0.9688
4.7971 -5.7987 -2.5016 0.9688
6.2434 -4.2022 -2.5016 0.9688
6.5288 -3.7434 -2.5016 0.9688
6.6589 -3.5066 -2.5016 0.9688
6.7805 -3.2653 -2.5016 0.9688
2.5339 -1.0032 -0.9059 0.9886
2.4953 -0.7861 -0.8696 0.9890
7.3796 -1.4765 -2.5016 0.9688
7.4278 -1.2106 -2.5016 0.9688
7.4665 -0.9432 -2.5016 0.9688
7.4955 -0.6746 -2.5016 0.9688
7.5149 -0.4051 -2.5016 0.9688
7.5246 -0.1351 -2.5016 0.9688
7.5246 0.1351 -2.5016 0.9688
7.5149 0.4051 -2.5016 0.9688
7.4955 0.6746 -2.5016 0.9688
6.7414 2.1237 -2.3494 0.9706
6.6608 2.3643 -2.3494 0.9706
6.5717 2.6019 -2.3494 0.9706
6.3681 3.0667 -2.3494 0.9706
6.2539 3.2933 -2.3494 0.9706
6.1316 3.5157 -2.3494 0.9706
6.0015 3.7335 -2.3494 0.9706
5.7182 4.1545 -2.3495 0.9706
4.8845 5.1088 -2.3495 0.9706
4.6979 5.2808 -2.3495 0.9706
4.1030 5.7553 -2.3495 0.9706
3.0095 6.3954 -2.3495 0.9706
2.7779 6.4993 -2.3495 0.9706
2.5429 6.5949 -2.3495 0.9706
2.3045 6.6819 -2.3495 0.9706
2.0632 6.7603 -2.3495 0.9706
1.3244 6.9430 -2.3495 0.9706
1.0744 6.9860 -2.3495 0.9706
0.8229 7.0201 -2.3495 0.9706
0.5704 7.0451 -2.3495 0.9706
0.3171 7.0611 -2.3495 0.9706
0.0634 7.0679 -2.3495 0.9706
-0.4438 7.0542 -2.3495 0.9706
-0.6967 7.0338 -2.3495 0.9706
-0.9488 7.0042 -2.3495 0.9706
-1.1607 6.7396 -2.2733 0.9716
-1.4074 6.7202 -2.2823 0.9715
-2.1842 6.7223 -2.3495 0.9706
-2.6609 6.5483 -2.3495 0.9706
-2.8942 6.4485 -2.3495 0.9706
-4.2543 6.2000 -2.4994 0.9688
-4.4782 6.0488 -2.5017 0.9688
-4.6925 5.8842 -2.5017 0.9688
-5.2979 5.3456 -2.5017 0.9688
-5.8418 4.7451 -2.5017 0.9688
-6.0084 4.5324 -2.5017 0.9688
-6.4608 3.8602 -2.5017 0.9688
-6.5952 3.6258 -2.5017 0.9688
-6.9468 2.8957 -2.5017 0.9688
-7.0463 2.6445 -2.5017 0.9688
-7.2897 1.8717 -2.5017 0.9688
-7.3522 1.6088 -2.5017 0.9688
-7.5068 0.5400 -2.5017 0.9688
-7.5213 0.2702 -2.5017 0.9688
-7.4825 -0.8091 -2.5017 0.9688
-7.4052 -1.3438 -2.5017 0.9688
-7.3522 -1.6088 -2.5017 0.9688
-6.9467 -2.8957 -2.5017 0.9688
-6.5952 -3.6257 -2.5017 0.9688
-6.4608 -3.8601 -2.5017 0.9688
-6.0083 -4.5323 -2.5017 0.9688
-5.6677 -4.9517 -2.5017 0.9688
-5.4863 -5.1519 -2.5017 0.9688
-5.2978 -5.3456 -2.5017 0.9688
-5.1025 -5.5323 -2.5017 0.9688
-4.9006 -5.7119 -2.5017 0.9688
-4.2581 -6.2056 -2.5017 0.9688
-4.0326 -6.3544 -2.5017 0.9688
-3.8019 -6.4951 -2.5017 0.9688
-3.5663 -6.6274 -2.5017 0.9688
-3.3261 -6.7511 -2.5017 0.9688
-3.0817 -6.8661 -2.5017 0.9688
-2.5811 -7.0695 -2.5017 0.9688
-2.3256 -7.1576 -2.5017 0.9688
-2.0672 -7.2365 -2.5017 0.9688
-1.2773 -7.4168 -2.5017 0.9688
-0.7419 -7.4893 -2.5017 0.9688
-0.4725 -7.5111 -2.5017 0.9688
0.6073 -7.5014 -2.5017 0.9688
0.8762 -7.4747 -2.5017 0.9688
1.4102 -7.3926 -2.5016 0.9688
1.6747 -7.3372 -2.5016 0.9688
2.9579 -6.9202 -2.5016 0.9688
3.4467 -6.6902 -2.5016 0.9688
3.6847 -6.5621 -2.5016 0.9688
4.3687 -6.1280 -2.5016 0.9688
4.5859 -5.9672 -2.5016 0.9688
4.7971 -5.7988 -2.5016 0.9688
5.0022 -5.6228 -2.5016 0.9688
5.2008 -5.4396 -2.5016 0.9688
5.3927 -5.2494 -2.5016 0.9688
5.5777 -5.0525 -2.5016 0.9688
5.7554 -4.8490 -2.5016 0.9688
5.9258 -4.6393 -2.5016 0.9688
6.0885 -4.4236 -2.5016 0.9688
6.6589 -3.5066 -2.5016 0.9688
6.8934 -3.0198 -2.5016 0.9688
2.5339 -1.0032 -0.9059 0.9886
2.4983 -0.8868 -0.8812 0.9889
2.4953 -0.7861 -0.8696 0.9890
7.3796 -1.4765 -2.5016 0.9688
7.4278 -1.2106 -2.5016 0.9688
7.4665 -0.9432 -2.5016 0.9688
7.4955 -0.6746 -2.5016 0.9688
7.5149 -0.4051 -2.5016 0.9688
7.5246 -0.1351 -2.5016 0.9688
7.4955 0.6746 -2.5016 0.9688
7.4278 1.2107 -2.5016 0.9688
7.3688 1.4744 -2.4980 0.9688
7.3006 1.7354 -2.4944 0.9689
6.9621 1.9214 -2.4008 0.9700
6.7414 2.1237 -2.3494 0.9706
6.5717 2.6019 -2.3494 0.9706
6.4740 2.8361 -2.3494 0.9706
6.3681 3.0667 -2.3494 0.9706
6.2539 3.2933 -2.3494 0.9706
6.1316 3.5157 -2.3494 0.9706
6.0015 3.7335 -2.3494 0.9706
5.8636 3.9465 -2.3494 0.9706
5.5653 4.3571 -2.3495 0.9706
5.2384 4.7451 -2.3495 0.9706
5.0647 4.9301 -2.3495 0.9706
4.8845 5.1088 -2.3495 0.9706
4.3070 5.6043 -2.3495 0.9706
3.6795 6.0348 -2.3495 0.9706
2.7779 6.4993 -2.3495 0.9706
2.5429 6.5949 -2.3495 0.9706
2.3045 6.6819 -2.3495 0.9706
1.8192 6.8300 -2.3495 0.9706
1.5728 6.8909 -2.3495 0.9706
1.0744 6.9860 -2.3495 0.9706
0.8229 7.0201 -2.3495 0.9706
0.0634 7.0679 -2.3495 0.9706
-0.1903 7.0656 -2.3495 0.9706
-0.4438 7.0542 -2.3495 0.9706
-0.6967 7.0338 -2.3495 0.9706
-0.9488 7.0042 -2.3495 0.9706
-1.1607 6.7396 -2.2733 0.9716
-1.4074 6.7202 -2.2823 0.9715
-1.9415 6.7964 -2.3495 0.9706
-2.1842 6.7223 -2.3495 0.9706
-2.4241 6.6396 -2.3495 0.9706
-2.6609 6.5483 -2.3495 0.9706
-2.8942 6.4485 -2.3495 0.9706
-4.0231 6.3393 -2.4957 0.9688
-4.2543 6.2000 -2.4994 0.9688
-4.6925 5.8842 -2.5017 0.9688
-4.9007 5.7119 -2.5017 0.9688
-5.6677 4.9518 -2.5017 0.9688
-6.0084 4.5324 -2.5017 0.9688
-6.3181 4.0896 -2.5017 0.9688
-6.4608 3.8602 -2.5017 0.9688
-6.9468 2.8957 -2.5017 0.9688
-7.0463 2.6445 -2.5017 0.9688
-7.2897 1.8717 -2.5017 0.9688
-7.3522 1.6088 -2.5017 0.9688
-7.4487 1.0772 -2.5017 0.9688
-7.4825 0.8091 -2.5017 0.9688
-7.5213 0.2702 -2.5017 0.9688
-7.5068 -0.5400 -2.5017 0.9688
-6.8383 -3.1432 -2.5017 0.9688
-6.5952 -3.6257 -2.5017 0.9688
-6.4608 -3.8601 -2.5017 0.9688
-6.0083 -4.5323 -2.5017 0.9688
-5.8418 -4.7451 -2.5017 0.9688
-5.2978 -5.3456 -2.5017 0.9688
-5.1025 -5.5323 -2.5017 0.9688
-4.2581 -6.2056 -2.5017 0.9688
-4.0326 -6.3544 -2.5017 0.9688
-3.5663 -6.6274 -2.5017 0.9688
-3.3261 -6.7511 -2.5017 0.9688
-3.0817 -6.8661 -2.5017 0.9688
-2.3256 -7.1576 -2.5017 0.9688
-1.5427 -7.3661 -2.5017 0.9688
-1.0102 -7.4578 -2.5017 0.9688
-0.2026 -7.5232 -2.5017 0.9688
0.3377 -7.5183 -2.5017 0.9688
0.8762 -7.4747 -2.5017 0.9688
1.1439 -7.4385 -2.5016 0.9688
2.4537 -7.1146 -2.5016 0.9688
3.4467 -6.6902 -2.5016 0.9688
3.9178 -6.4256 -2.5016 0.9688
4.1460 -6.2809 -2.5016 0.9688
4.5859 -5.9672 -2.5016 0.9688
4.7971 -5.7988 -2.5016 0.9688
5.2008 -5.4396 -2.5016 0.9688
5.3927 -5.2494 -2.5016 0.9688
5.7554 -4.8490 -2.5016 0.9688
5.9258 -4.6393 -2.5016 0.9688
6.0885 -4.4236 -2.5016 0.9688
6.5288 -3.7434 -2.5016 0.9688
2.4983 -0.8868 -0.8812 0.9889
2.5460 -0.7027 -0.8780 0.9889
7.4278 -1.2106 -2.5016 0.9688
7.4665 -0.9432 -2.5016 0.9688
7.5149 -0.4051 -2.5016 0.9688
7.5246 0.1351 -2.5016 0.9688
7.5149 0.4051 -2.5016 0.9688
6.9621 1.9214 -2.4008 0.9700
6.7414 2.1237 -2.3494 0.9706
6.6608 2.3643 -2.3494 0.9706
6.5717 2.6019 -2.3494 0.9706
6.3681 3.0667 -2.3494 0.9706
6.2539 3.2933 -2.3494 0.9706
6.1316 3.5157 -2.3494 0.9706
6.0015 3.7335 -2.3494 0.9706
5.4054 4.5540 -2.3495 0.9706
4.6979 5.2808 -2.3495 0.9706
4.5054 5.4460 -2.3495 0.9706
4.1030 5.7553 -2.3495 0.9706
3.4605 6.1630 -2.3495 0.9706
3.2371 6.2833 -2.3495 0.9706
2.3045 6.6819 -2.3495 0.9706
2.0632 6.7603 -2.3495 0.9706
1.5728 6.8909 -2.3495 0.9706
1.3244 6.9430 -2.3495 0.9706
0.3171 7.0611 -2.3495 0.9706
0.0634 7.0679 -2.3495 0.9706
-0.6968 7.0338 -2.3495 0.9706
-0.9488 7.0042 -2.3495 0.9706
-1.1607 6.7396 -2.2733 0.9716
-1.9415 6.7964 -2.3495 0.9706
-2.1842 6.7223 -2.3495 0.9706
-2.4241 6.6396 -2.3495 0.9706
-2.6609 6.5483 -2.3495 0.9706
-2.8942 6.4485 -2.3495 0.9706
-3.7009 6.3225 -2.4352 0.9696
-4.6925 5.8842 -2.5017 0.9688
-5.2979 5.3456 -2.5017 0.9688
-5.6677 4.9518 -2.5017 0.9688
-6.1672 4.3138 -2.5017 0.9688
-6.4608 3.8602 -2.5017 0.9688
-6.5952 3.6258 -2.5017 0.9688
-6.8384 3.1432 -2.5017 0.9688
-6.9468 2.8957 -2.5017 0.9688
-7.1366 2.3899 -2.5017 0.9688
-7.2178 2.1321 -2.5017 0.9688
-7.2897 1.8717 -2.5017 0.9688
-7.5068 0.5400 -2.5017 0.9688
-7.5213 0.2702 -2.5017 0.9688
-7.5262 0.0000 -2.5017 0.9688
-7.5068 -0.5400 -2.5017 0.9688
-7.4052 -1.3439 -2.5017 0.9688
-7.3522 -1.6088 -2.5017 0.9688
-7.2897 -1.8717 -2.5017 0.9688
-7.2178 -2.1321 -2.5017 0.9688
-7.1366 -2.3899 -2.5017 0.9688
-7.0462 -2.6445 -2.5017 0.9688
-6.9467 -2.8957 -2.5017 0.9688
-6.8383 -3.1432 -2.5017 0.9688
-6.7211 -3.3867 -2.5017 0.9688
-6.5952 -3.6257 -2.5017 0.9688
-6.4608 -3.8601 -2.5017 0.9688
-6.3180 -4.0896 -2.5017 0.9688
-6.1672 -4.3137 -2.5017 0.9688
-5.8418 -4.7451 -2.5017 0.9688
-5.1025 -5.5323 -2.5017 0.9688
-4.9006 -5.7119 -2.5017 0.9688
-4.2581 -6.2056 -2.5017 0.9688
-3.5663 -6.6274 -2.5017 0.9688
-3.3261 -6.7511 -2.5017 0.9688
-3.0817 -6.8661 -2.5017 0.9688
-2.8332 -6.9723 -2.5017 0.9688
-2.5811 -7.0695 -2.5017 0.9688
-2.3256 -7.1576 -2.5017 0.9688
-2.0672 -7.2365 -2.5017 0.9688
-1.8061 -7.3060 -2.5017 0.9688
-1.2773 -7.4168 -2.5017 0.9688
-1.0102 -7.4578 -2.5017 0.9688
-0.4725 -7.5111 -2.5017 0.9688
-0.2026 -7.5232 -2.5017 0.9688
0.0676 -7.5256 -2.5017 0.9688
0.6073 -7.5014 -2.5017 0.9688
1.4102 -7.3926 -2.5016 0.9688
1.6747 -7.3372 -2.5016 0.9688
2.9579 -6.9202 -2.5016 0.9688
3.6847 -6.5621 -2.5016 0.9688
4.1460 -6.2809 -2.5016 0.9688
4.7972 -5.7987 -2.5016 0.9688
5.0022 -5.6228 -2.5016 0.9688
5.2008 -5.4396 -2.5016 0.9688
5.5777 -5.0525 -2.5016 0.9688
6.3902 -3.9753 -2.5016 0.9688
6.5288 -3.7434 -2.5016 0.9688
6.7805 -3.2653 -2.5016 0.9688
2.5339 -1.0032 -0.9059 0.9886
2.5460 -0.7027 -0.8780 0.9889
2.6489 -0.6297 -0.9050 0.9886
7.3796 -1.4765 -2.5016 0.9688
7.5149 -0.4051 -2.5016 0.9688
7.5246 -0.1351 -2.5016 0.9688
7.5149 0.4051 -2.5016 0.9688
7.4955 0.6746 -2.5016 0.9688
7.4278 1.2107 -2.5016 0.9688
7.3688 1.4744 -2.4980 0.9688
6.3681 3.0667 -2.3494 0.9706
6.1316 3.5157 -2.3494 0.9706
5.8636 3.9465 -2.3494 0.9706
5.4054 4.5540 -2.3495 0.9706
5.2384 4.7451 -2.3495 0.9706
4.8845 5.1088 -2.3495 0.9706
4.6979 5.2808 -2.3495 0.9706
4.5054 5.4460 -2.3495 0.9706
4.1030 5.7553 -2.3495 0.9706
3.4605 6.1630 -2.3495 0.9706
3.0095 6.3954 -2.3495 0.9706
2.5429 6.5949 -2.3495 0.9706
2.3045 6.6819 -2.3495 0.9706
2.0631 6.7603 -2.3495 0.9706
1.8191 6.8300 -2.3495 0.9706
1.5728 6.8909 -2.3495 0.9706
0.8229 7.0201 -2.3495 0.9706
0.5704 7.0451 -2.3495 0.9706
0.3171 7.0611 -2.3495 0.9706
-0.9488 7.0042 -2.3495 0.9706
-1.1607 6.7396 -2.2733 0.9716
-1.6888 6.8315 -2.3392 0.9708
-3.1238 6.3405 -2.3495 0.9706
-3.3494 6.2243 -2.3495 0.9706
-3.7009 6.3225 -2.4352 0.9696
-4.0231 6.3393 -2.4957 0.9688
-4.2543 6.1999 -2.4994 0.9688
-4.4782 6.0488 -2.5017 0.9688
-4.9007 5.7119 -2.5017 0.9688
-5.2979 5.3456 -2.5017 0.9688
-5.4863 5.1520 -2.5017 0.9688
-5.6677 4.9518 -2.5017 0.9688
-5.8418 4.7451 -2.5017 0.9688
-6.1672 4.3138 -2.5017 0.9688
-6.4608 3.8602 -2.5017 0.9688
-6.5952 3.6258 -2.5017 0.9688
-6.7211 3.3867 -2.5017 0.9688
-6.8384 3.1432 -2.5017 0.9688
-7.0463 2.6445 -2.5017 0.9688
-7.2178 2.1321 -2.5017 0.9688
-7.3522 1.6088 -2.5017 0.9688
-7.4487 1.0772 -2.5017 0.9688
-7.4825 0.8091 -2.5017 0.9688
-7.5068 0.5400 -2.5017 0.9688
-6.9958 0.0000 -2.5017 0.9707
-6.9912 -0.2511 -2.5017 0.9707
-6.9237 -1.0013 -2.5017 0.9707
-6.8833 -1.2491 -2.5017 0.9707
-6.8340 -1.4954 -2.5017 0.9707
-6.7760 -1.7398 -2.5017 0.9707
-6.7091 -1.9819 -2.5017 0.9707
-6.6337 -2.2214 -2.5017 0.9707
-6.1304 -3.3702 -2.5017 0.9707
-6.0055 -3.5881 -2.5017 0.9707
-5.4301 -4.4107 -2.5017 0.9707
-5.2682 -4.6027 -2.5017 0.9707
-4.9244 -4.9688 -2.5017 0.9707
-4.5552 -5.3093 -2.5017 0.9707
-4.3617 -5.4694 -2.5017 0.9707
-3.5340 -6.0374 -2.5017 0.9707
-3.3150 -6.1603 -2.5017 0.9707
-2.8645 -6.3823 -2.5017 0.9707
-2.3992 -6.5713 -2.5017 0.9707
-2.1618 -6.6532 -2.5017 0.9707
-1.9215 -6.7265 -2.5017 0.9707
-1.6788 -6.7912 -2.5017 0.9707
-1.4340 -6.8470 -2.5017 0.9707
-1.1873 -6.8941 -2.5017 0.9707
-0.6896 -6.9615 -2.5017 0.9707
-0.4393 -6.9818 -2.5017 0.9707
-0.1884 -6.9930 -2.5017 0.9707
0.3139 -6.9885 -2.5017 0.9707
0.5645 -6.9727 -2.5017 0.9707
1.0633 -6.9142 -2.5017 0.9707
1.3108 -6.8716 -2.5016 0.9707
1.5566 -6.8201 -2.5016 0.9707
1.8005 -6.7599 -2.5016 0.9707
2.0420 -6.6908 -2.5016 0.9707
2.2808 -6.6132 -2.5016 0.9707
2.5167 -6.5271 -2.5016 0.9707
2.7494 -6.4326 -2.5016 0.9707
2.9785 -6.3297 -2.5016 0.9707
3.2038 -6.2187 -2.5016 0.9707
3.6417 -5.9728 -2.5016 0.9707
3.8538 -5.8382 -2.5016 0.9707
4.0609 -5.6961 -2.5016 0.9707
4.2627 -5.5467 -2.5016 0.9707
4.8343 -5.0563 -2.5016 0.9707
5.0127 -4.8795 -2.5016 0.9707
5.1846 -4.6964 -2.5016 0.9707
5.3499 -4.5073 -2.5016 0.9707
5.6594 -4.1118 -2.5016 0.9707
5.8034 -3.9060 -2.5016 0.9707
6.1897 -3.2595 -2.5016 0.9707
6.3027 -3.0352 -2.5016 0.9707
2.4657 -0.9762 -0.9483 0.9888
2.4526 -0.7726 -0.9195 0.9891
2.4983 -0.6895 -0.9268 0.9891
2.6060 -0.6195 -0.9579 0.9887
6.9403 -0.8768 -2.5016 0.9707
6.9853 -0.3766 -2.5016 0.9707
6.9403 0.8768 -2.5016 0.9707
6.9044 1.1253 -2.5016 0.9707
6.8595 1.3725 -2.5016 0.9707
6.8002 1.6165 -2.4996 0.9707
6.5778 2.0722 -2.4662 0.9711
6.2645 2.2237 -2.3772 0.9722
6.0178 2.6363 -2.3494 0.9725
5.9193 2.8506 -2.3494 0.9725
5.8132 3.0612 -2.3494 0.9725
5.3152 3.8617 -2.3495 0.9725
5.1731 4.0500 -2.3495 0.9725
5.0244 4.2331 -2.3495 0.9725
4.0034 5.2093 -2.3495 0.9725
3.6194 5.4831 -2.3495 0.9725
3.4202 5.6095 -2.3495 0.9725
2.7974 5.9447 -2.3495 0.9725
2.5822 6.0413 -2.3495 0.9725
2.3637 6.1301 -2.3495 0.9725
2.1421 6.2110 -2.3495 0.9725
1.9178 6.2839 -2.3495 0.9725
1.2311 6.4537 -2.3495 0.9725
0.0590 6.5698 -2.3495 0.9725
-0.1769 6.5677 -2.3495 0.9725
-0.6476 6.5381 -2.3495 0.9725
-1.3468 6.4306 -2.3495 0.9725
-2.0303 6.2485 -2.3495 0.9725
-2.2533 6.1716 -2.3495 0.9725
-2.9709 6.0302 -2.4039 0.9718
-3.5280 6.0271 -2.4974 0.9708
-3.7471 5.9045 -2.5008 0.9707
-4.1626 5.6225 -2.5017 0.9707
-4.3618 5.4695 -2.5017 0.9707
-4.5553 5.3094 -2.5017 0.9707
-4.9245 4.9689 -2.5017 0.9707
-5.0997 4.7889 -2.5017 0.9707
-6.4572 2.6917 -2.5017 0.9707
-6.7092 1.9819 -2.5017 0.9707
-6.8341 1.4954 -2.5017 0.9707
-6.9237 1.0013 -2.5017 0.9707
-6.9552 0.7521 -2.5017 0.9707
-6.9958 0.0000 -2.5017 0.9707
-6.9912 -0.2511 -2.5017 0.9707
-6.9777 -0.5019 -2.5017 0.9707
-6.9552 -0.7521 -2.5017 0.9707
-6.9237 -1.0013 -2.5017 0.9707
-6.8340 -1.4954 -2.5017 0.9707
-6.7760 -1.7398 -2.5017 0.9707
-6.6337 -2.2214 -2.5017 0.9707
-6.5496 -2.4581 -2.5017 0.9707
-6.4572 -2.6916 -2.5017 0.9707
-6.3564 -2.9217 -2.5017 0.9707
-6.2474 -3.1480 -2.5017 0.9707
-6.0054 -3.5881 -2.5017 0.9707
-5.8728 -3.8014 -2.5017 0.9707
-5.0996 -4.7889 -2.5017 0.9707
-4.5552 -5.3093 -2.5017 0.9707
-4.1626 -5.6225 -2.5017 0.9707
-3.9581 -5.7683 -2.5017 0.9707
-3.7484 -5.9066 -2.5017 0.9707
-3.5340 -6.0374 -2.5017 0.9707
-3.3150 -6.1603 -2.5017 0.9707
-3.0917 -6.2753 -2.5017 0.9707
-2.8645 -6.3823 -2.5017 0.9707
-2.6335 -6.4810 -2.5017 0.9707
-2.3992 -6.5713 -2.5017 0.9707
-1.9215 -6.7265 -2.5017 0.9707
-1.6788 -6.7911 -2.5017 0.9707
-1.1873 -6.8941 -2.5017 0.9707
-0.9390 -6.9323 -2.5017 0.9707
-0.4392 -6.9818 -2.5017 0.9707
-0.1883 -6.9930 -2.5017 0.9707
0.5645 -6.9727 -2.5017 0.9707
1.0633 -6.9142 -2.5017 0.9707
1.5567 -6.8201 -2.5016 0.9707
2.0420 -6.6909 -2.5016 0.9707
2.2808 -6.6132 -2.5016 0.9707
2.9785 -6.3297 -2.5016 0.9707
3.2038 -6.2187 -2.5016 0.9707
3.4250 -6.0997 -2.5016 0.9707
3.6417 -5.9728 -2.5016 0.9707
3.8538 -5.8382 -2.5016 0.9707
4.2627 -5.5467 -2.5016 0.9707
4.6497 -5.2266 -2.5016 0.9707
4.8343 -5.0563 -2.5016 0.9707
5.0127 -4.8795 -2.5016 0.9707
5.1846 -4.6964 -2.5016 0.9707
5.5082 -4.3123 -2.5016 0.9707
5.9399 -3.6952 -2.5016 0.9707
6.1897 -3.2595 -2.5016 0.9707
6.4076 -2.8070 -2.5016 0.9707
2.4526 -0.7726 -0.9195 0.9891
2.6060 -0.6195 -0.9579 0.9887
6.8595 -1.3724 -2.5016 0.9707
6.9403 -0.8768 -2.5016 0.9707
6.9673 -0.6271 -2.5016 0.9707
6.9853 -0.3766 -2.5016 0.9707
6.8002 1.6165 -2.4996 0.9707
6.5778 2.0722 -2.4662 0.9711
6.1085 2.4185 -2.3494 0.9725
5.5785 3.4704 -2.3495 0.9725
5.4504 3.6684 -2.3495 0.9725
5.1731 4.0500 -2.3495 0.9725
5.0244 4.2331 -2.3495 0.9725
4.8692 4.4107 -2.3495 0.9725
4.7078 4.5827 -2.3495 0.9725
4.5402 4.7487 -2.3495 0.9725
3.8139 5.3497 -2.3495 0.9725
3.6194 5.4831 -2.3495 0.9725
3.4202 5.6095 -2.3495 0.9725
3.0090 5.8405 -2.3495 0.9725
2.5822 6.0413 -2.3495 0.9725
2.3637 6.1301 -2.3495 0.9725
2.1421 6.2110 -2.3495 0.9725
1.9178 6.2839 -2.3495 0.9725
1.6909 6.3487 -2.3495 0.9725
1.4620 6.4053 -2.3495 0.9725
1.2311 6.4537 -2.3495 0.9725
0.9986 6.4937 -2.3495 0.9725
0.7649 6.5254 -2.3495 0.9725
0.5302 6.5486 -2.3495 0.9725
-0.4125 6.5571 -2.3495 0.9725
-0.6476 6.5381 -2.3495 0.9725
-0.8819 6.5106 -2.3495 0.9725
-1.3468 6.4306 -2.3495 0.9725
-2.0303 6.2485 -2.3495 0.9725
-2.6902 5.9941 -2.3495 0.9725
-4.3618 5.4695 -2.5017 0.9707
-4.5553 5.3094 -2.5017 0.9707
-4.7430 5.1425 -2.5017 0.9707
-4.9245 4.9689 -2.5017 0.9707
-5.0997 4.7889 -2.5017 0.9707
-5.4301 4.4107 -2.5017 0.9707
-5.5850 4.2129 -2.5017 0.9707
-5.7326 4.0097 -2.5017 0.9707
-6.0055 3.5881 -2.5017 0.9707
-6.2475 3.1480 -2.5017 0.9707
-6.4572 2.6917 -2.5017 0.9707
-6.6337 2.2214 -2.5017 0.9707
-6.7760 1.7398 -2.5017 0.9707
-6.9552 0.7521 -2.5017 0.9707
-6.9913 0.2511 -2.5017 0.9707
-6.9912 -0.2511 -2.5017 0.9707
-6.9777 -0.5019 -2.5017 0.9707
-6.9552 -0.7521 -2.5017 0.9707
-6.8340 -1.4954 -2.5017 0.9707
-6.7760 -1.7398 -2.5017 0.9707
-6.6337 -2.2214 -2.5017 0.9707
-6.3564 -2.9217 -2.5017 0.9707
-6.2474 -3.1480 -2.5017 0.9707
-6.1304 -3.3702 -2.5017 0.9707
-6.0054 -3.5881 -2.5017 0.9707
-5.8728 -3.8014 -2.5017 0.9707
-5.7325 -4.0097 -2.5017 0.9707
-5.5849 -4.2129 -2.5017 0.9707
-4.7429 -5.1424 -2.5017 0.9707
-4.5552 -5.3093 -2.5017 0.9707
-4.1626 -5.6225 -2.5017 0.9707
-3.7484 -5.9066 -2.5017 0.9707
-3.5340 -6.0374 -2.5017 0.9707
-2.3992 -6.5713 -2.5017 0.9707
-2.1618 -6.6532 -2.5017 0.9707
-1.6788 -6.7911 -2.5017 0.9707
-1.1873 -6.8941 -2.5017 0.9707
-0.9390 -6.9323 -2.5017 0.9707
-0.6896 -6.9615 -2.5017 0.9707
0.0628 -6.9953 -2.5017 0.9707
0.3139 -6.9885 -2.5017 0.9707
1.5567 -6.8201 -2.5016 0.9707
1.8005 -6.7598 -2.5016 0.9707
2.0420 -6.6909 -2.5016 0.9707
2.7494 -6.4325 -2.5016 0.9707
2.9785 -6.3297 -2.5016 0.9707
3.2038 -6.2187 -2.5016 0.9707
3.4250 -6.0997 -2.5016 0.9707
3.6417 -5.9728 -2.5016 0.9707
3.8538 -5.8382 -2.5016 0.9707
4.0609 -5.6961 -2.5016 0.9707
4.8343 -5.0563 -2.5016 0.9707
5.1846 -4.6964 -2.5016 0.9707
5.3499 -4.5073 -2.5016 0.9707
5.5082 -4.3123 -2.5016 0.9707
5.9399 -3.6952 -2.5016 0.9707
6.0687 -3.4796 -2.5016 0.9707
6.4076 -2.8070 -2.5016 0.9707
2.4657 -0.9762 -0.9483 0.9888
2.4496 -0.8695 -0.9295 0.9890
2.4526 -0.7726 -0.9195 0.9891
2.6060 -0.6195 -0.9579 0.9887
6.9044 -1.1253 -2.5016 0.9707
6.9403 -0.8768 -2.5016 0.9707
6.9853 -0.3766 -2.5016 0.9707
6.9943 -0.1256 -2.5016 0.9707
6.9853 0.3766 -2.5016 0.9707
6.9403 0.8768 -2.5016 0.9707
6.8595 1.3725 -2.5016 0.9707
6.5778 2.0722 -2.4662 0.9711
6.2645 2.2237 -2.3772 0.9722
6.0178 2.6363 -2.3494 0.9725
5.9193 2.8506 -2.3494 0.9725
5.6995 3.2679 -2.3494 0.9725
5.5785 3.4704 -2.3495 0.9725
5.4504 3.6684 -2.3495 0.9725
5.3152 3.8617 -2.3495 0.9725
5.0244 4.2331 -2.3495 0.9725
4.7078 4.5827 -2.3495 0.9725
4.5402 4.7487 -2.3495 0.9725
4.1879 5.0622 -2.3495 0.9725
4.0034 5.2093 -2.3495 0.9725
3.8139 5.3497 -2.3495 0.9725
3.6194 5.4831 -2.3495 0.9725
3.4202 5.6095 -2.3495 0.9725
3.0090 5.8405 -2.3495 0.9725
2.3636 6.1301 -2.3495 0.9725
2.1421 6.2110 -2.3495 0.9725
1.9178 6.2839 -2.3495 0.9725
1.6909 6.3487 -2.3495 0.9725
1.2311 6.4537 -2.3495 0.9725
0.7649 6.5254 -2.3495 0.9725
0.0590 6.5698 -2.3495 0.9725
-0.1769 6.5677 -2.3495 0.9725
-0.4125 6.5571 -2.3495 0.9725
-2.2533 6.1716 -2.3495 0.9725
-2.4734 6.0868 -2.3495 0.9725
-2.6903 5.9941 -2.3495 0.9725
-2.9709 6.0302 -2.4039 0.9718
-3.3051 6.1419 -2.4942 0.9708
-4.1626 5.6225 -2.5017 0.9707
-4.7430 5.1425 -2.5017 0.9707
-4.9245 4.9689 -2.5017 0.9707
-5.0997 4.7889 -2.5017 0.9707
-5.2683 4.6028 -2.5017 0.9707
-5.4301 4.4107 -2.5017 0.9707
-5.5850 4.2129 -2.5017 0.9707
-5.8728 3.8014 -2.5017 0.9707
-6.0055 3.5881 -2.5017 0.9707
-6.1304 3.3702 -2.5017 0.9707
-6.2475 3.1480 -2.5017 0.9707
-6.3564 2.9217 -2.5017 0.9707
-6.4572 2.6917 -2.5017 0.9707
-6.7092 1.9819 -2.5017 0.9707
-6.8341 1.4954 -2.5017 0.9707
-6.9552 0.7521 -2.5017 0.9707
-6.9913 0.2511 -2.5017 0.9707
-6.9958 0.0000 -2.5017 0.9707
-6.9552 -0.7521 -2.5017 0.9707
-6.9237 -1.0013 -2.5017 0.9707
-6.7760 -1.7398 -2.5017 0.9707
-6.7091 -1.9819 -2.5017 0.9707
-6.4572 -2.6917 -2.5017 0.9707
-6.3564 -2.9217 -2.5017 0.9707
-6.1304 -3.3702 -2.5017 0.9707
-5.8728 -3.8014 -2.5017 0.9707
-4.9244 -4.9688 -2.5017 0.9707
-4.5552 -5.3093 -2.5017 0.9707
-4.1626 -5.6225 -2.5017 0.9707
-3.7484 -5.9066 -2.5017 0.9707
-3.5340 -6.0374 -2.5017 0.9707
-3.0917 -6.2753 -2.5017 0.9707
-2.6335 -6.4810 -2.5017 0.9707
-2.3992 -6.5713 -2.5017 0.9707
-2.1617 -6.6532 -2.5017 0.9707
-1.6788 -6.7912 -2.5017 0.9707
-1.4340 -6.8470 -2.5017 0.9707
-0.9390 -6.9323 -2.5017 0.9707
-0.4392 -6.9818 -2.5017 0.9707
-0.1883 -6.9930 -2.5017 0.9707
0.8145 -6.9480 -2.5017 0.9707
2.0420 -6.6908 -2.5016 0.9707
2.5167 -6.5271 -2.5016 0.9707
2.7494 -6.4325 -2.5016 0.9707
3.2038 -6.2187 -2.5016 0.9707
4.2627 -5.5467 -2.5016 0.9707
4.4591 -5.3901 -2.5016 0.9707
4.8343 -5.0563 -2.5016 0.9707
5.0127 -4.8795 -2.5016 0.9707
5.5082 -4.3123 -2.5016 0.9707
5.6595 -4.1118 -2.5016 0.9707
5.8034 -3.9060 -2.5016 0.9707
5.9399 -3.6952 -2.5016 0.9707
6.1897 -3.2595 -2.5016 0.9707
6.3027 -3.0352 -2.5016 0.9707
6.4076 -2.8070 -2.5016 0.9707
2.4657 -0.9762 -0.9483 0.9888
2.4496 -0.8695 -0.9295 0.9890
2.4526 -0.7726 -0.9195 0.9891
2.6060 -0.6195 -0.9579 0.9887
6.9673 -0.6271 -2.5016 0.9707
6.9943 -0.1256 -2.5016 0.9707
6.9673 0.6271 -2.5016 0.9707
6.9403 0.8768 -2.5016 0.9707
6.9044 1.1253 -2.5016 0.9707
6.8595 1.3725 -2.5016 0.9707
6.8002 1.6165 -2.4996 0.9707
6.5777 2.0722 -2.4662 0.9711
6.1085 2.4185 -2.3494 0.9725
6.0178 2.6363 -2.3494 0.9725
5.9193 2.8506 -2.3494 0.9725
5.8131 3.0612 -2.3494 0.9725
5.6995 3.2679 -2.3494 0.9725
5.5785 3.4704 -2.3495 0.9725
5.1731 4.0500 -2.3495 0.9725
5.0244 4.2331 -2.3495 0.9725
4.8692 4.4107 -2.3495 0.9725
4.3669 4.9086 -2.3495 0.9725
4.0034 5.2093 -2.3495 0.9725
3.6194 5.4831 -2.3495 0.9725
3.2167 5.7287 -2.3495 0.9725
2.3637 6.1301 -2.3495 0.9725
2.1421 6.2110 -2.3495 0.9725
1.6909 6.3487 -2.3495 0.9725
0.5302 6.5486 -2.3495 0.9725
-0.8819 6.5106 -2.3495 0.9725
-1.3468 6.4306 -2.3495 0.9725
-1.5767 6.3781 -2.3495 0.9725
-2.0303 6.2485 -2.3495 0.9725
-2.2533 6.1716 -2.3495 0.9725
-2.9709 6.0302 -2.4039 0.9718
-3.3051 6.1419 -2.4942 0.9708
-3.5280 6.0271 -2.4974 0.9708
-3.9581 5.7683 -2.5017 0.9707
-4.1626 5.6225 -2.5017 0.9707
-4.3618 5.4695 -2.5017 0.9707
-4.5553 5.3094 -2.5017 0.9707
-4.9245 4.9689 -2.5017 0.9707
-5.0997 4.7889 -2.5017 0.9707
-5.2683 4.6028 -2.5017 0.9707
-5.4301 4.4107 -2.5017 0.9707
-5.8728 3.8014 -2.5017 0.9707
-6.0055 3.5881 -2.5017 0.9707
-6.1304 3.3702 -2.5017 0.9707
-6.3564 2.9217 -2.5017 0.9707
-6.4572 2.6917 -2.5017 0.9707
-6.5497 2.4581 -2.5017 0.9707
-6.6337 2.2214 -2.5017 0.9707
-6.7760 1.7398 -2.5017 0.9707
-6.8341 1.4954 -2.5017 0.9707
-6.9552 0.7521 -2.5017 0.9707
-6.5240 -0.2343 -2.5017 0.9724
-6.4610 -0.9343 -2.5017 0.9724
-6.4233 -1.1657 -2.5017 0.9724
-6.3773 -1.3955 -2.5017 0.9724
-6.0256 -2.5118 -2.5017 0.9724
-5.8299 -2.9376 -2.5017 0.9724
-5.2117 -3.9313 -2.5017 0.9724
-5.0672 -4.1159 -2.5017 0.9724
-4.7588 -4.4688 -2.5017 0.9724
-4.5953 -4.6368 -2.5017 0.9724
-4.0702 -5.1039 -2.5017 0.9724
-3.8844 -5.2467 -2.5017 0.9724
-3.6935 -5.3827 -2.5017 0.9724
-3.4979 -5.5119 -2.5017 0.9724
-3.0935 -5.7486 -2.5017 0.9724
-2.8851 -5.8559 -2.5017 0.9724
-2.6730 -5.9557 -2.5017 0.9724
-2.2389 -6.1322 -2.5017 0.9724
-2.0173 -6.2086 -2.5017 0.9724
-1.7931 -6.2770 -2.5017 0.9724
-1.5666 -6.3373 -2.5017 0.9724
-0.8763 -6.4690 -2.5017 0.9724
-0.6435 -6.4962 -2.5017 0.9724
0.0586 -6.5278 -2.5017 0.9724
0.2929 -6.5215 -2.5017 0.9724
0.7600 -6.4836 -2.5017 0.9724
1.2232 -6.4124 -2.5017 0.9724
1.4526 -6.3643 -2.5016 0.9724
1.6801 -6.3081 -2.5016 0.9724
1.9055 -6.2437 -2.5016 0.9724
2.9897 -5.8031 -2.5016 0.9724
3.3984 -5.5737 -2.5016 0.9724
3.5962 -5.4481 -2.5016 0.9724
3.7895 -5.3155 -2.5016 0.9724
4.1611 -5.0299 -2.5016 0.9724
4.6777 -4.5534 -2.5016 0.9724
4.8381 -4.3826 -2.5016 0.9724
5.1401 -4.0241 -2.5016 0.9724
5.2812 -3.8370 -2.5016 0.9724
5.4156 -3.6450 -2.5016 0.9724
5.7760 -3.0417 -2.5016 0.9724
2.4447 -0.9679 -1.0076 0.9888
2.4259 -0.8611 -0.9865 0.9890
2.4296 -0.7654 -0.9762 0.9891
2.4744 -0.6829 -0.9837 0.9891
2.7512 -0.5504 -1.0752 0.9881
6.4429 -1.0501 -2.5016 0.9724
6.5269 -0.1172 -2.5016 0.9724
6.5269 0.1172 -2.5016 0.9724
6.5185 0.3514 -2.5016 0.9724
6.5017 0.5852 -2.5016 0.9724
6.4011 1.2807 -2.5016 0.9724
6.3510 1.5097 -2.5016 0.9724
6.2913 1.7363 -2.5011 0.9724
6.2175 1.9587 -2.4981 0.9725
6.1361 2.1781 -2.4952 0.9725
5.9353 2.3499 -2.4463 0.9730
5.5237 2.6601 -2.3494 0.9741
5.4247 2.8566 -2.3494 0.9741
5.3186 3.0495 -2.3495 0.9741
5.2057 3.2385 -2.3495 0.9741
5.0861 3.4233 -2.3495 0.9741
4.9600 3.6036 -2.3495 0.9741
4.8274 3.7794 -2.3495 0.9741
4.6886 3.9502 -2.3495 0.9741
4.5438 4.1160 -2.3495 0.9741
4.3932 4.2764 -2.3495 0.9741
4.0750 4.5806 -2.3495 0.9741
3.9080 4.7239 -2.3495 0.9741
3.5590 4.9921 -2.3495 0.9741
3.1917 5.2346 -2.3495 0.9741
3.0017 5.3458 -2.3495 0.9741
2.4096 5.6376 -2.3495 0.9741
1.7896 5.8639 -2.3495 0.9741
1.5780 5.9244 -2.3495 0.9741
1.3643 5.9772 -2.3495 0.9741
0.9319 6.0597 -2.3495 0.9741
0.4947 6.1110 -2.3495 0.9741
0.2751 6.1248 -2.3495 0.9741
-0.6044 6.1011 -2.3495 0.9741
-1.0405 6.0420 -2.3495 0.9741
-1.2568 6.0008 -2.3495 0.9741
-1.4714 5.9518 -2.3495 0.9741
-1.6840 5.8952 -2.3495 0.9741
-2.3480 5.7782 -2.3902 0.9736
-2.6397 5.8814 -2.4705 0.9728
-2.8787 5.8430 -2.4962 0.9725
-3.0903 5.7427 -2.4991 0.9725
-3.2979 5.6340 -2.5017 0.9724
-4.2509 4.9546 -2.5017 0.9724
-4.5954 4.6368 -2.5017 0.9724
-4.7589 4.4689 -2.5017 0.9724
-5.3495 3.7418 -2.5017 0.9724
-5.6041 3.3483 -2.5017 0.9724
-5.8299 2.9376 -2.5017 0.9724
-6.1903 2.0730 -2.5017 0.9724
-6.2608 1.8494 -2.5017 0.9724
-6.3231 1.6235 -2.5017 0.9724
-6.4233 1.1657 -2.5017 0.9724
-6.5282 0.0000 -2.5017 0.9724
-6.4610 -0.9343 -2.5017 0.9724
-6.3231 -1.6235 -2.5017 0.9724
-6.2607 -1.8494 -2.5017 0.9724
-6.1903 -2.0730 -2.5017 0.9724
-5.7207 -3.1450 -2.5017 0.9724
-5.6041 -3.3483 -2.5017 0.9724
-5.0672 -4.1159 -2.5017 0.9724
-4.9162 -4.2951 -2.5017 0.9724
-4.5953 -4.6368 -2.5017 0.9724
-4.4259 -4.7987 -2.5017 0.9724
-4.2508 -4.9545 -2.5017 0.9724
-3.2978 -5.6339 -2.5017 0.9724
-2.2389 -6.1322 -2.5017 0.9724
-1.5666 -6.3373 -2.5017 0.9724
-1.3381 -6.3894 -2.5017 0.9724
-0.8763 -6.4690 -2.5017 0.9724
-0.6435 -6.4963 -2.5017 0.9724
-0.4099 -6.5152 -2.5017 0.9724
-0.1758 -6.5257 -2.5017 0.9724
0.0586 -6.5278 -2.5017 0.9724
0.2929 -6.5215 -2.5017 0.9724
0.5268 -6.5067 -2.5017 0.9724
1.2232 -6.4124 -2.5017 0.9724
1.9055 -6.2437 -2.5016 0.9724
2.1284 -6.1713 -2.5016 0.9724
2.5657 -6.0027 -2.5016 0.9724
2.7795 -5.9067 -2.5016 0.9724
2.9897 -5.8031 -2.5016 0.9724
3.1961 -5.6921 -2.5016 0.9724
3.3984 -5.5737 -2.5016 0.9724
3.7895 -5.3155 -2.5016 0.9724
3.9778 -5.1760 -2.5016 0.9724
4.1611 -5.0299 -2.5016 0.9724
4.3390 -4.8773 -2.5016 0.9724
4.8381 -4.3825 -2.5016 0.9724
5.4156 -3.6450 -2.5016 0.9724
5.8815 -2.8324 -2.5016 0.9724
2.4447 -0.9679 -1.0076 0.9888
2.4296 -0.7654 -0.9762 0.9891
2.4744 -0.6829 -0.9837 0.9891
6.5269 0.1172 -2.5016 0.9724
6.5185 0.3514 -2.5016 0.9724
6.5017 0.5852 -2.5016 0.9724
6.1361 2.1781 -2.4952 0.9725
5.9353 2.3499 -2.4463 0.9730
5.5237 2.6601 -2.3494 0.9741
5.4247 2.8566 -2.3494 0.9741
4.9600 3.6036 -2.3495 0.9741
4.2368 4.4314 -2.3495 0.9741
3.9080 4.7239 -2.3495 0.9741
3.7359 4.8612 -2.3495 0.9741
3.5590 4.9921 -2.3495 0.9741
3.3775 5.1167 -2.3495 0.9741
2.8079 5.4501 -2.3495 0.9741
2.4096 5.6376 -2.3495 0.9741
2.2057 5.7204 -2.3495 0.9741
1.9989 5.7959 -2.3495 0.9741
1.7896 5.8639 -2.3495 0.9741
1.5779 5.9244 -2.3495 0.9741
0.9319 6.0597 -2.3495 0.9741
0.2751 6.1248 -2.3495 0.9741
-0.1651 6.1288 -2.3495 0.9741
-0.8230 6.0755 -2.3495 0.9741
-1.0405 6.0421 -2.3495 0.9741
-1.6840 5.8952 -2.3495 0.9741
-2.3480 5.7782 -2.3902 0.9736
-2.8787 5.8430 -2.4962 0.9725
-3.0903 5.7427 -2.4991 0.9725
-3.2979 5.6340 -2.5017 0.9724
-3.6936 5.3828 -2.5017 0.9724
-4.0703 5.1040 -2.5017 0.9724
-4.2509 4.9546 -2.5017 0.9724
-4.4260 4.7988 -2.5017 0.9724
-5.0672 4.1159 -2.5017 0.9724
-5.2117 3.9314 -2.5017 0.9724
-5.9316 2.7265 -2.5017 0.9724
-6.3773 1.3955 -2.5017 0.9724
-6.4233 1.1656 -2.5017 0.9724
-6.4610 0.9343 -2.5017 0.9724
-6.4904 0.7018 -2.5017 0.9724
-6.5282 0.0000 -2.5017 0.9724
-6.4610 -0.9343 -2.5017 0.9724
-6.4233 -1.1657 -2.5017 0.9724
-6.2607 -1.8494 -2.5017 0.9724
-5.9316 -2.7264 -2.5017 0.9724
-5.8299 -2.9376 -2.5017 0.9724
-5.6041 -3.3483 -2.5017 0.9724
-5.4803 -3.5473 -2.5017 0.9724
-5.3494 -3.7417 -2.5017 0.9724
-4.9162 -4.2951 -2.5017 0.9724
-4.5953 -4.6368 -2.5017 0.9724
-4.4259 -4.7987 -2.5017 0.9724
-4.0702 -5.1039 -2.5017 0.9724
-3.6935 -5.3828 -2.5017 0.9724
-3.0935 -5.7486 -2.5017 0.9724
-2.8851 -5.8559 -2.5017 0.9724
-2.6730 -5.9557 -2.5017 0.9724
-1.7931 -6.2770 -2.5017 0.9724
-1.1079 -6.4334 -2.5017 0.9724
-0.8763 -6.4690 -2.5017 0.9724
-0.6435 -6.4963 -2.5017 0.9724
0.2929 -6.5215 -2.5017 0.9724
0.5268 -6.5067 -2.5017 0.9724
0.7600 -6.4836 -2.5017 0.9724
0.9923 -6.4522 -2.5017 0.9724
1.9055 -6.2437 -2.5016 0.9724
2.1284 -6.1713 -2.5016 0.9724
2.7795 -5.9067 -2.5016 0.9724
3.1961 -5.6921 -2.5016 0.9724
3.3984 -5.5737 -2.5016 0.9724
3.7895 -5.3155 -2.5016 0.9724
3.9779 -5.1760 -2.5016 0.9724
4.3390 -4.8773 -2.5016 0.9724
4.5112 -4.7184 -2.5016 0.9724
4.6777 -4.5534 -2.5016 0.9724
5.1401 -4.0241 -2.5016 0.9724
5.2812 -3.8370 -2.5016 0.9724
5.6631 -3.2471 -2.5016 0.9724
5.8815 -2.8324 -2.5016 0.9724
2.4447 -0.9679 -1.0076 0.9888
2.4259 -0.8611 -0.9865 0.9890
2.4296 -0.7654 -0.9762 0.9891
2.6006 -0.6182 -1.0244 0.9886
2.7512 -0.5504 -1.0752 0.9881
6.4429 -1.0501 -2.5016 0.9724
6.5269 -0.1172 -2.5016 0.9724
6.5269 0.1172 -2.5016 0.9724
6.5017 0.5852 -2.5016 0.9724
6.4429 1.0501 -2.5016 0.9724
6.2913 1.7363 -2.5011 0.9724
6.2175 1.9587 -2.4981 0.9725
6.1361 2.1781 -2.4952 0.9725
5.9353 2.3499 -2.4463 0.9730
5.5237 2.6601 -2.3494 0.9741
5.3186 3.0495 -2.3495 0.9741
5.0861 3.4233 -2.3495 0.9741
4.8274 3.7794 -2.3495 0.9741
4.5438 4.1160 -2.3495 0.9741
4.3932 4.2764 -2.3495 0.9741
4.2368 4.4314 -2.3495 0.9741
4.0750 4.5806 -2.3495 0.9741
3.9080 4.7239 -2.3495 0.9741
3.7359 4.8612 -2.3495 0.9741
3.5590 4.9921 -2.3495 0.9741
3.1917 5.2346 -2.3495 0.9741
3.0017 5.3458 -2.3495 0.9741
1.5779 5.9244 -2.3495 0.9741
1.1488 6.0224 -2.3495 0.9741
0.7138 6.0893 -2.3495 0.9741
-0.1651 6.1288 -2.3495 0.9741
-1.6841 5.8952 -2.3495 0.9741
-1.8946 5.8309 -2.3495 0.9741
-2.1027 5.7592 -2.3495 0.9741
-2.3480 5.7782 -2.3902 0.9736
-2.6397 5.8814 -2.4705 0.9728
-2.8787 5.8430 -2.4962 0.9725
-3.2979 5.6340 -2.5017 0.9724
-4.2509 4.9546 -2.5017 0.9724
-4.7589 4.4689 -2.5017 0.9724
-5.0672 4.1159 -2.5017 0.9724
-5.2117 3.9314 -2.5017 0.9724
-5.4803 3.5473 -2.5017 0.9724
-5.8299 2.9376 -2.5017 0.9724
-6.0257 2.5118 -2.5017 0.9724
-6.1903 2.0730 -2.5017 0.9724
-6.2608 1.8494 -2.5017 0.9724
-6.3231 1.6235 -2.5017 0.9724
-6.4610 0.9343 -2.5017 0.9724
-6.4904 0.7018 -2.5017 0.9724
-6.5282 0.0000 -2.5017 0.9724
-6.5240 -0.2343 -2.5017 0.9724
-6.5114 -0.4684 -2.5017 0.9724
-6.4610 -0.9343 -2.5017 0.9724
-6.3773 -1.3955 -2.5017 0.9724
-6.2607 -1.8494 -2.5017 0.9724
-6.1903 -2.0730 -2.5017 0.9724
-5.7207 -3.1450 -2.5017 0.9724
-5.6041 -3.3483 -2.5017 0.9724
-5.3494 -3.7417 -2.5017 0.9724
-4.9161 -4.2951 -2.5017 0.9724
-4.7588 -4.4688 -2.5017 0.9724
-4.5953 -4.6368 -2.5017 0.9724
-4.2508 -4.9545 -2.5017 0.9724
-4.0702 -5.1039 -2.5017 0.9724
-3.4979 -5.5119 -2.5017 0.9724
-2.8851 -5.8559 -2.5017 0.9724
-2.6730 -5.9557 -2.5017 0.9724
-2.0173 -6.2086 -2.5017 0.9724
-1.5666 -6.3373 -2.5017 0.9724
-1.3381 -6.3894 -2.5017 0.9724
-0.4099 -6.5152 -2.5017 0.9724
0.0586 -6.5278 -2.5017 0.9724
0.2929 -6.5215 -2.5017 0.9724
0.7600 -6.4836 -2.5017 0.9724
1.4526 -6.3643 -2.5016 0.9724
1.6801 -6.3081 -2.5016 0.9724
1.9055 -6.2437 -2.5016 0.9724
2.3485 -6.0909 -2.5016 0.9724
2.7795 -5.9067 -2.5016 0.9724
3.1961 -5.6921 -2.5016 0.9724
3.3984 -5.5737 -2.5016 0.9724
3.5962 -5.4481 -2.5016 0.9724
3.7895 -5.3155 -2.5016 0.9724
3.9779 -5.1760 -2.5016 0.9724
4.1611 -5.0299 -2.5016 0.9724
4.5112 -4.7184 -2.5016 0.9724
4.8381 -4.3825 -2.5016 0.9724
4.9923 -4.2061 -2.5016 0.9724
5.2812 -3.8370 -2.5016 0.9724
5.6631 -3.2470 -2.5016 0.9724
5.7760 -3.0417 -2.5016 0.9724
5.8815 -2.8324 -2.5016 0.9724
2.4296 -0.7654 -0.9762 0.9891
2.4744 -0.6829 -0.9837 0.9891
2.7512 -0.5504 -1.0752 0.9881
6.4429 -1.0501 -2.5016 0.9724
6.4765 -0.8182 -2.5016 0.9724
6.5185 0.3514 -2.5016 0.9724
6.5017 0.5852 -2.5016 0.9724
6.4429 1.0501 -2.5016 0.9724
6.4011 1.2807 -2.5016 0.9724
6.3510 1.5097 -2.5016 0.9724
6.2175 1.9587 -2.4981 0.9725
6.1361 2.1781 -2.4952 0.9725
5.6624 2.4806 -2.3690 0.9739
5.4247 2.8566 -2.3494 0.9741
4.9600 3.6036 -2.3495 0.9741
4.8274 3.7794 -2.3495 0.9741
4.6886 3.9502 -2.3495 0.9741
4.2368 4.4314 -2.3495 0.9741
4.0750 4.5806 -2.3495 0.9741
3.7359 4.8612 -2.3495 0.9741
3.5590 4.9922 -2.3495 0.9741
3.1916 5.2346 -2.3495 0.9741
3.0017 5.3458 -2.3495 0.9741
2.8079 5.4501 -2.3495 0.9741
2.6104 5.5474 -2.3495 0.9741
2.2057 5.7204 -2.3495 0.9741
1.9989 5.7959 -2.3495 0.9741
1.7896 5.8639 -2.3495 0.9741
1.5779 5.9244 -2.3495 0.9741
0.9319 6.0597 -2.3495 0.9741
0.4947 6.1110 -2.3495 0.9741
0.0550 6.1307 -2.3495 0.9741
-0.8230 6.0755 -2.3495 0.9741
-1.0405 6.0421 -2.3495 0.9741
-1.4714 5.9518 -2.3495 0.9741
-2.3480 5.7782 -2.3902 0.9736
-2.6397 5.8814 -2.4705 0.9728
-3.0903 5.7427 -2.4991 0.9725
-3.4980 5.5119 -2.5017 0.9724
-3.6936 5.3828 -2.5017 0.9724
-4.0703 5.1040 -2.5017 0.9724
-4.2509 4.9546 -2.5017 0.9724
-4.4260 4.7988 -2.5017 0.9724
-4.5954 4.6368 -2.5017 0.9724
-4.7589 4.4689 -2.5017 0.9724
-5.0672 4.1159 -2.5017 0.9724
-5.2117 3.9314 -2.5017 0.9724
-5.3495 3.7418 -2.5017 0.9724
-5.6041 3.3483 -2.5017 0.9724
-5.7207 3.1450 -2.5017 0.9724
-6.0257 2.5118 -2.5017 0.9724
-6.1120 2.2938 -2.5017 0.9724
-6.2608 1.8494 -2.5017 0.9724
-6.3231 1.6235 -2.5017 0.9724
-6.3773 1.3955 -2.5017 0.9724
-6.4233 1.1656 -2.5017 0.9724
-6.4610 0.9343 -2.5017 0.9724
-6.4904 0.7018 -2.5017 0.9724
-6.5114 0.4684 -2.5017 0.9724
-6.5240 0.2343 -2.5017 0.9724
-6.1126 0.0000 -2.5017 0.9739
-6.0968 -0.4385 -2.5017 0.9739
-6.0771 -0.6571 -2.5017 0.9739
-6.0143 -1.0914 -2.5017 0.9739
-5.9205 -1.5201 -2.5017 0.9739
-5.8621 -1.7317 -2.5017 0.9739
-5.7962 -1.9410 -2.5017 0.9739
-5.7228 -2.1478 -2.5017 0.9739
-5.6420 -2.3518 -2.5017 0.9739
-5.5539 -2.5528 -2.5017 0.9739
-5.2473 -3.1351 -2.5017 0.9739
-5.1314 -3.3215 -2.5017 0.9739
-5.0088 -3.5035 -2.5017 0.9739
-4.8798 -3.6810 -2.5017 0.9739
-4.4558 -4.1843 -2.5017 0.9739
-4.3028 -4.3416 -2.5017 0.9739
-3.8111 -4.7789 -2.5017 0.9739
-3.6371 -4.9127 -2.5017 0.9739
-2.8965 -5.3826 -2.5017 0.9739
-2.7014 -5.4831 -2.5017 0.9739
-2.5029 -5.5766 -2.5017 0.9739
-2.3011 -5.6628 -2.5017 0.9739
-1.6790 -5.8773 -2.5017 0.9739
-1.4669 -5.9338 -2.5017 0.9739
-1.2530 -5.9826 -2.5017 0.9739
-1.0374 -6.0238 -2.5017 0.9739
-0.8205 -6.0571 -2.5017 0.9739
-0.6025 -6.0827 -2.5017 0.9739
0.0549 -6.1122 -2.5017 0.9739
0.2742 -6.1063 -2.5017 0.9739
1.5732 -5.9065 -2.5017 0.9739
1.7842 -5.8462 -2.5016 0.9739
2.4023 -5.6205 -2.5016 0.9739
2.6025 -5.5307 -2.5016 0.9739
2.7994 -5.4337 -2.5016 0.9739
4.3799 -4.2635 -2.5016 0.9739
4.5301 -4.1035 -2.5016 0.9739
4.6745 -3.9383 -2.5016 0.9739
4.9450 -3.5927 -2.5016 0.9739
5.0708 -3.4129 -2.5016 0.9739
5.1900 -3.2287 -2.5016 0.9739
5.3026 -3.0403 -2.5016 0.9739
2.4944 -1.0927 -1.1146 0.9883
2.4650 -0.9760 -1.0851 0.9886
2.4247 -0.7638 -1.0404 0.9891
2.4717 -0.6821 -1.0494 0.9890
6.0642 -0.7661 -2.5016 0.9739
6.0877 -0.5479 -2.5016 0.9739
6.1035 -0.3290 -2.5016 0.9739
6.0878 0.5479 -2.5016 0.9739
6.0328 0.9833 -2.5016 0.9739
5.9936 1.1992 -2.5016 0.9739
5.9467 1.4136 -2.5016 0.9739
5.8921 1.6261 -2.5016 0.9739
5.7561 2.0432 -2.4998 0.9739
5.6731 2.2461 -2.4972 0.9740
5.1327 2.7029 -2.3741 0.9752
4.9800 2.8554 -2.3495 0.9755
4.8743 3.0323 -2.3495 0.9755
4.5201 3.5387 -2.3495 0.9755
4.3901 3.6987 -2.3495 0.9755
4.1135 4.0042 -2.3495 0.9755
3.3324 4.6743 -2.3495 0.9755
2.9885 4.9014 -2.3495 0.9755
2.4442 5.1942 -2.3495 0.9755
2.2562 5.2786 -2.3495 0.9755
2.0653 5.3562 -2.3495 0.9755
1.4775 5.5472 -2.3495 0.9755
0.8726 5.6739 -2.3495 0.9755
0.4633 5.7219 -2.3495 0.9755
0.2576 5.7349 -2.3495 0.9755
0.0515 5.7404 -2.3495 0.9755
-0.3604 5.7293 -2.3495 0.9755
-1.1767 5.6188 -2.3495 0.9755
-1.5768 5.5199 -2.3495 0.9755
-1.8057 5.5573 -2.3915 0.9751
-2.0620 5.6477 -2.4607 0.9743
-2.4992 5.5684 -2.4980 0.9740
-2.7004 5.4810 -2.5007 0.9739
-2.8966 5.3827 -2.5017 0.9739
-3.0879 5.2753 -2.5017 0.9739
-3.6371 4.9127 -2.5017 0.9739
-3.8111 4.7790 -2.5017 0.9739
-4.3028 4.3416 -2.5017 0.9739
-4.4559 4.1843 -2.5017 0.9739
-4.6032 4.0217 -2.5017 0.9739
-4.7446 3.8539 -2.5017 0.9739
-4.8799 3.6811 -2.5017 0.9739
-5.1314 3.3215 -2.5017 0.9739
-5.2473 3.1351 -2.5017 0.9739
-5.3565 2.9448 -2.5017 0.9739
-5.5540 2.5529 -2.5017 0.9739
-5.6420 2.3519 -2.5017 0.9739
-5.7962 1.9410 -2.5017 0.9739
-5.9206 1.5201 -2.5017 0.9739
-5.9713 1.3066 -2.5017 0.9739
-6.0144 1.0914 -2.5017 0.9739
-6.0497 0.8748 -2.5017 0.9739
-6.0968 0.4386 -2.5017 0.9739
-6.1086 0.2194 -2.5017 0.9739
-6.1086 -0.2194 -2.5017 0.9739
-6.0968 -0.4385 -2.5017 0.9739
-6.0496 -0.8748 -2.5017 0.9739
-6.0143 -1.0914 -2.5017 0.9739
-5.9205 -1.5201 -2.5017 0.9739
-5.8621 -1.7317 -2.5017 0.9739
-5.5539 -2.5528 -2.5017 0.9739
-5.1314 -3.3215 -2.5017 0.9739
-4.8798 -3.6810 -2.5017 0.9739
-4.7446 -3.8538 -2.5017 0.9739
-4.1441 -4.4932 -2.5017 0.9739
-3.9802 -4.6391 -2.5017 0.9739
-3.6371 -4.9127 -2.5017 0.9739
-3.4584 -5.0401 -2.5017 0.9739
-3.2752 -5.1609 -2.5017 0.9739
-2.5029 -5.5766 -2.5017 0.9739
-1.8888 -5.8133 -2.5017 0.9739
-1.6790 -5.8773 -2.5017 0.9739
-1.4669 -5.9338 -2.5017 0.9739
-0.3838 -6.1004 -2.5017 0.9739
-0.1646 -6.1102 -2.5017 0.9739
0.0549 -6.1122 -2.5017 0.9739
0.2742 -6.1063 -2.5017 0.9739
0.4933 -6.0925 -2.5017 0.9739
0.9291 -6.0414 -2.5017 0.9739
1.5732 -5.9065 -2.5017 0.9739
1.9929 -5.7784 -2.5016 0.9739
2.1990 -5.7031 -2.5016 0.9739
2.4023 -5.6205 -2.5016 0.9739
3.1820 -5.2188 -2.5016 0.9739
3.7246 -4.8465 -2.5016 0.9739
3.8962 -4.7097 -2.5016 0.9739
4.6745 -3.9383 -2.5016 0.9739
4.8128 -3.7679 -2.5016 0.9739
5.1900 -3.2287 -2.5016 0.9739
5.3026 -3.0403 -2.5016 0.9739
5.4083 -2.8480 -2.5016 0.9739
5.5070 -2.6520 -2.5016 0.9739
2.4944 -1.0927 -1.1146 0.9883
2.4650 -0.9760 -1.0851 0.9886
2.4717 -0.6821 -1.0494 0.9890
2.6089 -0.6201 -1.0975 0.9885
6.0877 -0.5479 -2.5016 0.9739
6.1035 -0.3290 -2.5016 0.9739
6.1114 -0.1097 -2.5016 0.9739
6.1114 0.1097 -2.5016 0.9739
6.0878 0.5479 -2.5016 0.9739
5.9936 1.1992 -2.5016 0.9739
5.8921 1.6261 -2.5016 0.9739
5.8299 1.8366 -2.5016 0.9739
5.7561 2.0432 -2.4998 0.9739
5.3737 2.5878 -2.4410 0.9746
5.1327 2.7029 -2.3741 0.9752
4.9800 2.8554 -2.3495 0.9755
4.6442 3.3742 -2.3495 0.9755
4.3901 3.6987 -2.3495 0.9755
4.2545 3.8539 -2.3495 0.9755
4.1135 4.0042 -2.3495 0.9755
3.8156 4.2890 -2.3495 0.9755
3.1625 4.7909 -2.3495 0.9755
2.8106 5.0055 -2.3495 0.9755
2.6291 5.1032 -2.3495 0.9755
2.4442 5.1942 -2.3495 0.9755
2.0653 5.3562 -2.3495 0.9755
1.8717 5.4269 -2.3495 0.9755
1.4775 5.5472 -2.3495 0.9755
1.2774 5.5967 -2.3495 0.9755
1.0757 5.6389 -2.3495 0.9755
0.4632 5.7219 -2.3495 0.9755
-0.5659 5.7127 -2.3495 0.9755
-1.8057 5.5573 -2.3915 0.9751
-2.0620 5.6477 -2.4607 0.9743
-3.2753 5.1610 -2.5017 0.9739
-3.4584 5.0401 -2.5017 0.9739
-3.6371 4.9127 -2.5017 0.9739
-3.8111 4.7790 -2.5017 0.9739
-3.9802 4.6391 -2.5017 0.9739
-4.1442 4.4933 -2.5017 0.9739
-4.3028 4.3416 -2.5017 0.9739
-4.4559 4.1844 -2.5017 0.9739
-4.6032 4.0217 -2.5017 0.9739
-4.8799 3.6811 -2.5017 0.9739
-5.2473 3.1351 -2.5017 0.9739
-5.3565 2.9448 -2.5017 0.9739
-5.5540 2.5529 -2.5017 0.9739
-5.6420 2.3519 -2.5017 0.9739
-5.9206 1.5201 -2.5017 0.9739
-5.9713 1.3066 -2.5017 0.9739
-6.0497 0.8748 -2.5017 0.9739
-6.0772 0.6571 -2.5017 0.9739
-6.0968 0.4386 -2.5017 0.9739
-6.0968 -0.4385 -2.5017 0.9739
-6.0496 -0.8748 -2.5017 0.9739
-6.0143 -1.0914 -2.5017 0.9739
-5.9713 -1.3066 -2.5017 0.9739
-5.8621 -1.7317 -2.5017 0.9739
-5.7962 -1.9410 -2.5017 0.9739
-5.1314 -3.3215 -2.5017 0.9739
-5.0088 -3.5035 -2.5017 0.9739
-4.6032 -4.0217 -2.5017 0.9739
-4.3028 -4.3416 -2.5017 0.9739
-3.9802 -4.6391 -2.5017 0.9739
-3.8111 -4.7789 -2.5017 0.9739
-3.6371 -4.9127 -2.5017 0.9739
-3.4584 -5.0401 -2.5017 0.9739
-3.0879 -5.2752 -2.5017 0.9739
-2.5029 -5.5766 -2.5017 0.9739
-1.8888 -5.8133 -2.5017 0.9739
-1.6790 -5.8773 -2.5017 0.9739
-1.4669 -5.9338 -2.5017 0.9739
-1.0374 -6.0238 -2.5017 0.9739
-0.8205 -6.0571 -2.5017 0.9739
-0.6025 -6.0827 -2.5017 0.9739
0.0549 -6.1122 -2.5017 0.9739
0.4933 -6.0925 -2.5017 0.9739
0.7116 -6.0708 -2.5017 0.9739
0.9291 -6.0414 -2.5017 0.9739
1.5732 -5.9065 -2.5017 0.9739
2.4023 -5.6205 -2.5016 0.9739
2.9926 -5.3297 -2.5016 0.9739
4.3799 -4.2635 -2.5016 0.9739
4.5301 -4.1035 -2.5016 0.9739
5.0708 -3.4129 -2.5016 0.9739
5.3026 -3.0403 -2.5016 0.9739
5.4083 -2.8480 -2.5016 0.9739
5.5070 -2.6520 -2.5016 0.9739
2.4944 -1.0927 -1.1146 0.9883
2.4243 -0.8605 -1.0529 0.9889
2.4717 -0.6821 -1.0494 0.9890
2.6089 -0.6201 -1.0975 0.9885
6.1035 -0.3290 -2.5016 0.9739
6.1114 -0.1097 -2.5016 0.9739
6.0642 0.7661 -2.5016 0.9739
5.9936 1.1992 -2.5016 0.9739
5.8921 1.6261 -2.5016 0.9739
5.7561 2.0432 -2.4998 0.9739
5.6731 2.2461 -2.4972 0.9740
5.5832 2.4459 -2.4947 0.9740
4.9800 2.8554 -2.3495 0.9755
4.8743 3.0323 -2.3495 0.9755
4.6442 3.3742 -2.3495 0.9755
4.3901 3.6987 -2.3495 0.9755
3.8156 4.2890 -2.3495 0.9755
3.6592 4.4232 -2.3495 0.9755
3.1625 4.7909 -2.3495 0.9755
2.8106 5.0055 -2.3495 0.9755
2.4442 5.1942 -2.3495 0.9755
2.0653 5.3562 -2.3495 0.9755
1.8717 5.4269 -2.3495 0.9755
1.6757 5.4906 -2.3495 0.9755
1.4775 5.5472 -2.3495 0.9755
1.2774 5.5967 -2.3495 0.9755
0.8726 5.6739 -2.3495 0.9755
0.6683 5.7016 -2.3495 0.9755
0.4632 5.7219 -2.3495 0.9755
0.2576 5.7349 -2.3495 0.9755
-0.1546 5.7386 -2.3495 0.9755
-0.5659 5.7127 -2.3495 0.9755
-0.9743 5.6574 -2.3495 0.9755
-1.1767 5.6188 -2.3495 0.9755
-1.3777 5.5729 -2.3495 0.9755
-1.5768 5.5199 -2.3495 0.9755
-2.0620 5.6477 -2.4607 0.9743
-2.2954 5.6487 -2.4955 0.9740
-2.4992 5.5684 -2.4980 0.9740
-2.8966 5.3827 -2.5017 0.9739
-3.0879 5.2753 -2.5017 0.9739
-3.2753 5.1610 -2.5017 0.9739
-3.8111 4.7790 -2.5017 0.9739
-3.9802 4.6391 -2.5017 0.9739
-4.1442 4.4933 -2.5017 0.9739
-4.8799 3.6811 -2.5017 0.9739
-5.0089 3.5035 -2.5017 0.9739
-5.4588 2.7506 -2.5017 0.9739
-5.5540 2.5529 -2.5017 0.9739
-5.6420 2.3519 -2.5017 0.9739
-5.7962 1.9410 -2.5017 0.9739
-6.0144 1.0914 -2.5017 0.9739
-6.0772 0.6571 -2.5017 0.9739
-6.1086 0.2194 -2.5017 0.9739
-6.1126 0.0000 -2.5017 0.9739
-6.0968 -0.4386 -2.5017 0.9739
-6.0143 -1.0914 -2.5017 0.9739
-5.9713 -1.3066 -2.5017 0.9739
-5.9205 -1.5201 -2.5017 0.9739
-5.7962 -1.9410 -2.5017 0.9739
-5.6420 -2.3518 -2.5017 0.9739
-5.5539 -2.5529 -2.5017 0.9739
-5.3565 -2.9447 -2.5017 0.9739
-5.1314 -3.3215 -2.5017 0.9739
-4.8798 -3.6811 -2.5017 0.9739
-4.7446 -3.8538 -2.5017 0.9739
-4.6032 -4.0217 -2.5017 0.9739
-4.3028 -4.3416 -2.5017 0.9739
-4.1441 -4.4932 -2.5017 0.9739
-3.9802 -4.6391 -2.5017 0.9739
-3.6371 -4.9127 -2.5017 0.9739
-3.0879 -5.2752 -2.5017 0.9739
-2.8965 -5.3826 -2.5017 0.9739
-2.7014 -5.4831 -2.5017 0.9739
-2.3011 -5.6628 -2.5017 0.9739
-2.0963 -5.7417 -2.5017 0.9739
-1.8888 -5.8133 -2.5017 0.9739
-1.4669 -5.9338 -2.5017 0.9739
-0.6025 -6.0827 -2.5017 0.9739
0.0549 -6.1122 -2.5017 0.9739
0.7116 -6.0708 -2.5017 0.9739
1.1454 -6.0041 -2.5017 0.9739
1.5732 -5.9065 -2.5017 0.9739
1.9929 -5.7784 -2.5016 0.9739
2.1990 -5.7031 -2.5016 0.9739
2.6025 -5.5306 -2.5016 0.9739
2.9926 -5.3297 -2.5016 0.9739
3.3673 -5.1012 -2.5016 0.9739
3.5482 -4.9771 -2.5016 0.9739
3.8962 -4.7096 -2.5016 0.9739
4.0627 -4.5668 -2.5016 0.9739
4.3799 -4.2635 -2.5016 0.9739
4.5301 -4.1035 -2.5016 0.9739
4.6745 -3.9383 -2.5016 0.9739
4.8128 -3.7679 -2.5016 0.9739
5.0708 -3.4129 -2.5016 0.9739
5.1900 -3.2287 -2.5016 0.9739
5.3026 -3.0403 -2.5016 0.9739
5.5070 -2.6520 -2.5016 0.9739
2.4944 -1.0927 -1.1146 0.9883
2.4650 -0.9760 -1.0851 0.9886
2.4243 -0.8605 -1.0529 0.9889
2.6089 -0.6201 -1.0975 0.9885
2.6979 -0.5398 -1.1261 0.9882
6.0328 -0.9833 -2.5016 0.9739
6.0642 -0.7661 -2.5016 0.9739
6.1114 -0.1097 -2.5016 0.9739
6.1114 0.1097 -2.5016 0.9739
6.1035 0.3290 -2.5016 0.9739
6.0642 0.7661 -2.5016 0.9739
6.0328 0.9833 -2.5016 0.9739
5.9467 1.4136 -2.5016 0.9739
5.7561 2.0432 -2.4998 0.9739
5.6731 2.2461 -2.4972 0.9740
5.1327 2.7029 -2.3741 0.9752
4.9800 2.8554 -2.3495 0.9755
4.6442 3.3742 -2.3495 0.9755
4.5201 3.5387 -2.3495 0.9755
4.2545 3.8539 -2.3495 0.9755
3.9671 4.1492 -2.3495 0.9755
3.4980 4.5517 -2.3495 0.9755
3.1625 4.7909 -2.3495 0.9755
2.8106 5.0055 -2.3495 0.9755
2.6291 5.1032 -2.3495 0.9755
2.4442 5.1942 -2.3495 0.9755
1.8717 5.4269 -2.3495 0.9755
1.6756 5.4906 -2.3495 0.9755
1.2774 5.5967 -2.3495 0.9755
1.0757 5.6389 -2.3495 0.9755
-0.9743 5.6574 -2.3495 0.9755
-1.5768 5.5199 -2.3495 0.9755
-1.8057 5.5573 -2.3915 0.9751
-2.0620 5.6477 -2.4607 0.9743
-2.2954 5.6487 -2.4955 0.9740
-2.4992 5.5684 -2.4980 0.9740
-2.8966 5.3827 -2.5017 0.9739
-3.0879 5.2753 -2.5017 0.9739
-3.9802 4.6391 -2.5017 0.9739
-4.1442 4.4933 -2.5017 0.9739
-4.6032 4.0217 -2.5017 0.9739
-5.5540 2.5529 -2.5017 0.9739
-5.6420 2.3519 -2.5017 0.9739
-5.8622 1.7317 -2.5017 0.9739
-6.0144 1.0914 -2.5017 0.9739
-6.0497 0.8748 -2.5017 0.9739
-6.0968 0.4386 -2.5017 0.9739
-5.7403 0.0000 -2.5017 0.9753
-5.7366 -0.2060 -2.5017 0.9753
-5.7255 -0.4118 -2.5017 0.9753
-5.6480 -1.0250 -2.5017 0.9753
-5.6076 -1.2271 -2.5017 0.9753
-5.5600 -1.4275 -2.5017 0.9753
-5.5051 -1.6262 -2.5017 0.9753
-5.3743 -2.0170 -2.5017 0.9753
-5.2984 -2.2086 -2.5017 0.9753
-5.1263 -2.5831 -2.5017 0.9753
-4.9277 -2.9442 -2.5017 0.9753
-4.8189 -3.1192 -2.5017 0.9753
-4.3228 -3.7767 -2.5017 0.9753
-4.1845 -3.9295 -2.5017 0.9753
-4.0407 -4.0771 -2.5017 0.9753
-3.8918 -4.2196 -2.5017 0.9753
-3.7378 -4.3565 -2.5017 0.9753
-3.5790 -4.4879 -2.5017 0.9753
-3.4156 -4.6135 -2.5017 0.9753
-2.7201 -5.0548 -2.5017 0.9753
-2.5369 -5.1492 -2.5017 0.9753
-1.7738 -5.4593 -2.5017 0.9753
-1.5767 -5.5194 -2.5017 0.9753
-1.3776 -5.5724 -2.5017 0.9753
-0.7705 -5.6882 -2.5017 0.9753
-0.3604 -5.7288 -2.5017 0.9753
-0.1546 -5.7381 -2.5017 0.9753
0.2575 -5.7344 -2.5017 0.9753
0.4632 -5.7214 -2.5017 0.9753
1.2773 -5.5962 -2.5017 0.9753
1.8715 -5.4265 -2.5016 0.9753
2.4440 -5.1938 -2.5016 0.9753
2.9882 -4.9010 -2.5016 0.9753
3.3321 -4.6740 -2.5016 0.9753
3.8153 -4.2887 -2.5016 0.9753
4.1132 -4.0039 -2.5016 0.9753
4.3898 -3.6984 -2.5016 0.9753
4.5197 -3.5385 -2.5016 0.9753
4.6438 -3.3740 -2.5016 0.9753
4.7620 -3.2051 -2.5016 0.9753
4.8739 -3.0321 -2.5016 0.9753
5.0789 -2.6746 -2.5016 0.9753
5.1717 -2.4905 -2.5016 0.9753
2.4589 -1.0772 -1.1700 0.9884
2.4458 -0.9684 -1.1464 0.9886
2.5076 -0.6920 -1.1337 0.9887
2.5944 -0.6167 -1.1622 0.9884
5.7318 -0.3090 -2.5016 0.9753
5.7392 -0.1030 -2.5016 0.9753
5.7318 0.3090 -2.5016 0.9753
5.6949 0.7194 -2.5016 0.9753
5.6654 0.9234 -2.5016 0.9753
5.5333 1.5271 -2.5016 0.9753
5.3368 2.1130 -2.5015 0.9753
5.1618 2.4858 -2.4969 0.9753
5.0648 2.6671 -2.4947 0.9753
4.8762 2.7958 -2.4497 0.9758
4.6597 2.8988 -2.3917 0.9763
4.2448 3.3232 -2.3495 0.9768
4.1228 3.4735 -2.3495 0.9768
3.9954 3.6192 -2.3495 0.9768
3.8630 3.7603 -2.3495 0.9768
3.7255 3.8965 -2.3495 0.9768
3.4363 4.1538 -2.3495 0.9768
3.1295 4.3896 -2.3495 0.9768
2.9699 4.4992 -2.3495 0.9768
2.4690 4.7924 -2.3495 0.9768
2.1188 4.9572 -2.3495 0.9768
1.3875 5.2094 -2.3495 0.9768
1.1996 5.2558 -2.3495 0.9768
1.0102 5.2955 -2.3495 0.9768
0.8194 5.3284 -2.3495 0.9768
0.2419 5.3856 -2.3495 0.9768
-0.5314 5.3648 -2.3495 0.9768
-0.7237 5.3422 -2.3495 0.9768
-0.9150 5.3128 -2.3495 0.9768
-1.3250 5.3599 -2.4063 0.9762
-1.9654 5.3831 -2.4975 0.9753
-2.1593 5.3140 -2.4998 0.9753
-2.5369 5.1493 -2.5017 0.9753
-2.8998 4.9540 -2.5017 0.9753
-3.0758 4.8467 -2.5017 0.9753
-3.7378 4.3566 -2.5017 0.9753
-3.8918 4.2196 -2.5017 0.9753
-4.0408 4.0772 -2.5017 0.9753
-4.1845 3.9295 -2.5017 0.9753
-4.3229 3.7768 -2.5017 0.9753
-4.4556 3.6192 -2.5017 0.9753
-4.5827 3.4569 -2.5017 0.9753
-4.7038 3.2902 -2.5017 0.9753
-5.0303 2.7654 -2.5017 0.9753
-5.2157 2.3974 -2.5017 0.9753
-5.2984 2.2086 -2.5017 0.9753
-5.3743 2.0170 -2.5017 0.9753
-5.4432 1.8228 -2.5017 0.9753
-5.5051 1.6262 -2.5017 0.9753
-5.6076 1.2271 -2.5017 0.9753
-5.7255 0.4118 -2.5017 0.9753
-5.7403 0.0000 -2.5017 0.9753
-5.7255 -0.4118 -2.5017 0.9753
-5.4432 -1.8228 -2.5017 0.9753
-5.3743 -2.0170 -2.5017 0.9753
-5.1263 -2.5831 -2.5017 0.9753
-4.9277 -2.9442 -2.5017 0.9753
-4.7038 -3.2901 -2.5017 0.9753
-4.5827 -3.4569 -2.5017 0.9753
-3.8917 -4.2196 -2.5017 0.9753
-3.7378 -4.3565 -2.5017 0.9753
-3.4156 -4.6135 -2.5017 0.9753
-3.2478 -4.7331 -2.5017 0.9753
-2.8998 -4.9539 -2.5017 0.9753
-2.7201 -5.0548 -2.5017 0.9753
-2.5369 -5.1492 -2.5017 0.9753
-2.1609 -5.3179 -2.5017 0.9753
-1.9686 -5.3921 -2.5017 0.9753
-1.5767 -5.5194 -2.5017 0.9753
-0.9742 -5.6569 -2.5017 0.9753
-0.7705 -5.6882 -2.5017 0.9753
-0.5658 -5.7122 -2.5017 0.9753
0.0515 -5.7399 -2.5017 0.9753
0.6683 -5.7011 -2.5017 0.9753
0.8725 -5.6735 -2.5017 0.9753
1.2773 -5.5962 -2.5017 0.9753
1.6755 -5.4902 -2.5017 0.9753
2.0651 -5.3558 -2.5016 0.9753
2.2560 -5.2782 -2.5016 0.9753
2.4440 -5.1938 -2.5016 0.9753
2.9882 -4.9010 -2.5016 0.9753
3.1622 -4.7906 -2.5016 0.9753
3.3321 -4.6740 -2.5016 0.9753
3.4978 -4.5513 -2.5016 0.9753
3.8153 -4.2886 -2.5016 0.9753
4.1132 -4.0039 -2.5016 0.9753
4.2542 -3.8536 -2.5016 0.9753
4.5197 -3.5385 -2.5016 0.9753
4.6438 -3.3740 -2.5016 0.9753
4.7620 -3.2051 -2.5016 0.9753
4.8739 -3.0321 -2.5016 0.9753
5.0789 -2.6746 -2.5016 0.9753
5.1717 -2.4905 -2.5016 0.9753
2.4589 -1.0772 -1.1700 0.9884
2.4679 -0.8760 -1.1413 0.9886
2.4470 -0.7709 -1.1181 0.9889
2.5076 -0.6920 -1.1337 0.9887
2.6748 -0.5352 -1.1888 0.9882
5.6948 -0.7194 -2.5016 0.9753
5.7392 0.1030 -2.5016 0.9753
5.7318 0.3090 -2.5016 0.9753
5.7170 0.5145 -2.5016 0.9753
5.6286 1.1262 -2.5016 0.9753
5.5845 1.3275 -2.5016 0.9753
5.3368 2.1130 -2.5015 0.9753
5.2525 2.3010 -2.4991 0.9753
5.0648 2.6671 -2.4947 0.9753
4.8762 2.7958 -2.4497 0.9758
4.6597 2.8988 -2.3917 0.9763
4.3614 3.1687 -2.3495 0.9768
4.2448 3.3232 -2.3495 0.9768
4.1228 3.4735 -2.3495 0.9768
3.7255 3.8966 -2.3495 0.9768
3.5832 4.0278 -2.3495 0.9768
2.8065 4.6029 -2.3495 0.9768
2.6394 4.7006 -2.3495 0.9768
2.2954 4.8779 -2.3495 0.9768
2.1188 4.9572 -2.3495 0.9768
1.7577 5.0964 -2.3495 0.9768
1.5736 5.1562 -2.3495 0.9768
1.3875 5.2094 -2.3495 0.9768
1.1996 5.2558 -2.3495 0.9768
1.0102 5.2955 -2.3495 0.9768
0.8194 5.3284 -2.3495 0.9768
0.6276 5.3544 -2.3495 0.9768
0.4350 5.3734 -2.3495 0.9768
-0.5314 5.3648 -2.3495 0.9768
-0.7237 5.3422 -2.3495 0.9768
-1.9654 5.3831 -2.4975 0.9753
-2.5369 5.1493 -2.5017 0.9753
-3.0758 4.8467 -2.5017 0.9753
-3.5790 4.4880 -2.5017 0.9753
-4.1845 3.9295 -2.5017 0.9753
-4.4556 3.6192 -2.5017 0.9753
-4.5827 3.4569 -2.5017 0.9753
-4.7038 3.2902 -2.5017 0.9753
-4.8189 3.1192 -2.5017 0.9753
-4.9278 2.9442 -2.5017 0.9753
-5.1263 2.5831 -2.5017 0.9753
-5.2157 2.3974 -2.5017 0.9753
-5.3743 2.0170 -2.5017 0.9753
-5.4432 1.8228 -2.5017 0.9753
-5.6812 0.8216 -2.5017 0.9753
-5.7070 0.6171 -2.5017 0.9753
-5.7366 0.2061 -2.5017 0.9753
-5.7366 -0.2060 -2.5017 0.9753
-5.7255 -0.4118 -2.5017 0.9753
-5.7070 -0.6171 -2.5017 0.9753
-5.6812 -0.8216 -2.5017 0.9753
-5.6076 -1.2271 -2.5017 0.9753
-5.5600 -1.4275 -2.5017 0.9753
-5.4432 -1.8228 -2.5017 0.9753
-5.3743 -2.0170 -2.5017 0.9753
-5.2984 -2.2086 -2.5017 0.9753
-5.1263 -2.5831 -2.5017 0.9753
-4.9277 -2.9442 -2.5017 0.9753
-4.5827 -3.4569 -2.5017 0.9753
-4.4556 -3.6191 -2.5017 0.9753
-4.3228 -3.7767 -2.5017 0.9753
-4.1845 -3.9295 -2.5017 0.9753
-4.0407 -4.0771 -2.5017 0.9753
-2.7201 -5.0548 -2.5017 0.9753
-2.5369 -5.1492 -2.5017 0.9753
-2.1609 -5.3179 -2.5017 0.9753
-1.7738 -5.4593 -2.5017 0.9753
-1.3776 -5.5724 -2.5017 0.9753
-1.1766 -5.6183 -2.5017 0.9753
-0.7705 -5.6882 -2.5017 0.9753
-0.3604 -5.7288 -2.5017 0.9753
-0.1545 -5.7381 -2.5017 0.9753
0.2575 -5.7344 -2.5017 0.9753
0.4632 -5.7214 -2.5017 0.9753
1.0756 -5.6385 -2.5017 0.9753
1.2773 -5.5962 -2.5017 0.9753
1.6755 -5.4902 -2.5017 0.9753
2.0651 -5.3558 -2.5016 0.9753
2.2560 -5.2782 -2.5016 0.9753
2.4440 -5.1938 -2.5016 0.9753
2.6289 -5.1027 -2.5016 0.9753
2.8104 -5.0051 -2.5016 0.9753
3.6589 -4.4228 -2.5016 0.9753
3.8153 -4.2886 -2.5016 0.9753
3.9668 -4.1489 -2.5016 0.9753
4.1132 -4.0038 -2.5016 0.9753
4.3898 -3.6984 -2.5016 0.9753
4.5197 -3.5385 -2.5016 0.9753
4.7620 -3.2051 -2.5016 0.9753
4.9796 -2.8552 -2.5016 0.9753
5.1717 -2.4905 -2.5016 0.9753
2.4458 -0.9684 -1.1464 0.9886
2.4470 -0.7709 -1.1181 0.9889
2.6748 -0.5352 -1.1888 0.9882
5.7392 -0.1030 -2.5016 0.9753
5.7318 0.3090 -2.5016 0.9753
5.7170 0.5145 -2.5016 0.9753
5.6949 0.7194 -2.5016 0.9753
5.5845 1.3275 -2.5016 0.9753
5.4749 1.7247 -2.5016 0.9753
5.2525 2.3010 -2.4991 0.9753
4.8762 2.7958 -2.4497 0.9758
4.6597 2.8988 -2.3917 0.9763
4.4723 3.0101 -2.3495 0.9768
4.3614 3.1687 -2.3495 0.9768
4.2448 3.3232 -2.3495 0.9768
4.1228 3.4735 -2.3495 0.9768
3.8630 3.7603 -2.3495 0.9768
3.1295 4.3896 -2.3495 0.9768
2.8065 4.6029 -2.3495 0.9768
2.4690 4.7924 -2.3495 0.9768
2.1188 4.9572 -2.3495 0.9768
1.5736 5.1562 -2.3495 0.9768
1.3875 5.2094 -2.3495 0.9768
1.1996 5.2558 -2.3495 0.9768
0.6276 5.3544 -2.3495 0.9768
0.4350 5.3734 -2.3495 0.9768
0.0484 5.3908 -2.3495 0.9768
-0.1451 5.3891 -2.3495 0.9768
-0.7237 5.3422 -2.3495 0.9768
-1.3250 5.3599 -2.4063 0.9762
-1.7693 5.4453 -2.4953 0.9753
-2.3505 5.2370 -2.5017 0.9753
-2.5369 5.1493 -2.5017 0.9753
-2.8998 4.9540 -2.5017 0.9753
-3.0758 4.8467 -2.5017 0.9753
-3.2478 4.7332 -2.5017 0.9753
-3.4156 4.6135 -2.5017 0.9753
-3.8918 4.2196 -2.5017 0.9753
-4.0408 4.0772 -2.5017 0.9753
-4.1845 3.9295 -2.5017 0.9753
-4.3229 3.7768 -2.5017 0.9753
-4.8189 3.1192 -2.5017 0.9753
-4.9278 2.9442 -2.5017 0.9753
-5.0303 2.7654 -2.5017 0.9753
-5.4432 1.8228 -2.5017 0.9753
-5.5051 1.6262 -2.5017 0.9753
-5.5600 1.4275 -2.5017 0.9753
-5.6076 1.2271 -2.5017 0.9753
-5.7255 0.4118 -2.5017 0.9753
-5.7366 -0.2061 -2.5017 0.9753
-5.7255 -0.4119 -2.5017 0.9753
-5.6812 -0.8216 -2.5017 0.9753
-5.6480 -1.0250 -2.5017 0.9753
-5.6076 -1.2271 -2.5017 0.9753
-5.5051 -1.6262 -2.5017 0.9753
-5.4432 -1.8228 -2.5017 0.9753
-5.2984 -2.2086 -2.5017 0.9753
-5.0302 -2.7654 -2.5017 0.9753
-4.9277 -2.9442 -2.5017 0.9753
-4.8189 -3.1192 -2.5017 0.9753
-4.7038 -3.2901 -2.5017 0.9753
-4.5826 -3.4569 -2.5017 0.9753
-4.3228 -3.7767 -2.5017 0.9753
-4.1845 -3.9295 -2.5017 0.9753
-3.7378 -4.3565 -2.5017 0.9753
-3.5790 -4.4879 -2.5017 0.9753
-3.2478 -4.7331 -2.5017 0.9753
-2.8998 -4.9539 -2.5017 0.9753
-2.5369 -5.1492 -2.5017 0.9753
-2.1609 -5.3179 -2.5017 0.9753
-1.7738 -5.4593 -2.5017 0.9753
-1.5767 -5.5194 -2.5017 0.9753
-0.9742 -5.6569 -2.5017 0.9753
-0.1546 -5.7381 -2.5017 0.9753
0.4632 -5.7214 -2.5017 0.9753
0.6683 -5.7011 -2.5017 0.9753
1.0756 -5.6385 -2.5017 0.9753
1.8715 -5.4265 -2.5016 0.9753
2.6289 -5.1027 -2.5016 0.9753
3.1622 -4.7906 -2.5016 0.9753
3.3321 -4.6739 -2.5016 0.9753
3.4978 -4.5513 -2.5016 0.9753
4.1132 -4.0038 -2.5016 0.9753
4.3898 -3.6984 -2.5016 0.9753
4.6439 -3.3739 -2.5016 0.9753
4.8740 -3.0321 -2.5016 0.9753
5.0789 -2.6746 -2.5016 0.9753
2.4458 -0.9684 -1.1464 0.9886
2.5076 -0.6920 -1.1337 0.9887
2.6748 -0.5352 -1.1888 0.9882
5.6948 -0.7194 -2.5016 0.9753
5.7318 -0.3090 -2.5016 0.9753
5.7392 0.1031 -2.5016 0.9753
5.7170 0.5145 -2.5016 0.9753
5.6949 0.7194 -2.5016 0.9753
5.6654 0.9234 -2.5016 0.9753
5.5333 1.5271 -2.5016 0.9753
5.4749 1.7247 -2.5016 0.9753
5.4095 1.9202 -2.5016 0.9753
5.3368 2.1130 -2.5015 0.9753
5.2525 2.3010 -2.4991 0.9753
5.0648 2.6671 -2.4947 0.9753
4.6597 2.8988 -2.3917 0.9763
4.4723 3.0101 -2.3495 0.9768
4.1228 3.4735 -2.3495 0.9768
3.9954 3.6192 -2.3495 0.9768
3.4363 4.1538 -2.3495 0.9768
3.2850 4.2745 -2.3495 0.9768
2.9699 4.4992 -2.3495 0.9768
2.8064 4.6029 -2.3495 0.9768
2.6394 4.7006 -2.3495 0.9768
1.9395 5.0300 -2.3495 0.9768
1.3875 5.2094 -2.3495 0.9768
1.1996 5.2558 -2.3495 0.9768
0.4350 5.3734 -2.3495 0.9768
0.2419 5.3856 -2.3495 0.9768
-0.1452 5.3891 -2.3495 0.9768
-0.3385 5.3804 -2.3495 0.9768
-0.5314 5.3648 -2.3495 0.9768
-0.7237 5.3422 -2.3495 0.9768
-0.9150 5.3128 -2.3495 0.9768
-1.1073 5.2869 -2.3541 0.9767
-1.5540 5.4398 -2.4656 0.9756
-1.9654 5.3831 -2.4975 0.9753
-2.1594 5.3140 -2.4998 0.9753
-2.3505 5.2370 -2.5017 0.9753
-2.5369 5.1493 -2.5017 0.9753
-2.7201 5.0549 -2.5017 0.9753
-2.8998 4.9540 -2.5017 0.9753
-3.2478 4.7332 -2.5017 0.9753
-3.7378 4.3566 -2.5017 0.9753
-3.8918 4.2196 -2.5017 0.9753
-4.0408 4.0772 -2.5017 0.9753
-4.1845 3.9295 -2.5017 0.9753
-4.3229 3.7768 -2.5017 0.9753
-4.4556 3.6192 -2.5017 0.9753
-4.8189 3.1192 -2.5017 0.9753
-5.0303 2.7654 -2.5017 0.9753
-5.1263 2.5831 -2.5017 0.9753
-5.3743 2.0170 -2.5017 0.9753
-5.5051 1.6262 -2.5017 0.9753
-5.6481 1.0250 -2.5017 0.9753
-5.6812 0.8216 -2.5017 0.9753
-5.7070 0.6171 -2.5017 0.9753
-5.3733 -0.5810 -2.5017 0.9765
-5.3178 -0.9650 -2.5017 0.9765
-5.2797 -1.1553 -2.5017 0.9765
-5.2348 -1.3441 -2.5017 0.9765
-5.1832 -1.5311 -2.5017 0.9765
-5.1249 -1.7162 -2.5017 0.9765
-5.0600 -1.8990 -2.5017 0.9765
-4.9886 -2.0795 -2.5017 0.9765
-4.9107 -2.2572 -2.5017 0.9765
-4.8265 -2.4320 -2.5017 0.9765
-4.6396 -2.7720 -2.5017 0.9765
-4.3147 -3.2547 -2.5017 0.9765
-4.0700 -3.5559 -2.5017 0.9765
-3.9398 -3.6997 -2.5017 0.9765
-3.8044 -3.8387 -2.5017 0.9765
-3.6642 -3.9728 -2.5017 0.9765
-3.2158 -4.3437 -2.5017 0.9765
-3.0578 -4.4563 -2.5017 0.9765
-2.8959 -4.5632 -2.5017 0.9765
-2.7302 -4.6642 -2.5017 0.9765
-2.0346 -5.0070 -2.5017 0.9765
-1.1078 -5.2898 -2.5017 0.9765
-0.5327 -5.3782 -2.5017 0.9765
-0.3394 -5.3938 -2.5017 0.9765
0.0485 -5.4043 -2.5017 0.9765
0.2425 -5.3991 -2.5017 0.9765
0.4361 -5.3869 -2.5017 0.9765
0.8215 -5.3417 -2.5017 0.9765
1.2026 -5.2690 -2.5017 0.9765
1.5775 -5.1691 -2.5017 0.9765
1.7621 -5.1092 -2.5017 0.9765
1.9443 -5.0426 -2.5017 0.9765
2.3011 -4.8901 -2.5016 0.9765
2.4752 -4.8044 -2.5016 0.9765
2.6460 -4.7124 -2.5016 0.9765
2.8135 -4.6144 -2.5016 0.9765
3.1373 -4.4006 -2.5016 0.9765
3.2932 -4.2852 -2.5016 0.9765
3.5922 -4.0379 -2.5016 0.9765
3.8726 -3.7697 -2.5016 0.9765
4.3723 -3.1767 -2.5016 0.9765
4.4835 -3.0177 -2.5016 0.9765
4.5889 -2.8548 -2.5016 0.9765
4.8692 -2.3449 -2.5016 0.9765
2.4342 -1.0664 -1.2302 0.9884
2.4767 -0.8791 -1.2165 0.9885
2.5367 -0.7001 -1.2181 0.9885
2.5805 -0.6134 -1.2278 0.9884
2.6615 -0.5325 -1.2564 0.9881
5.3618 0.6774 -2.5016 0.9765
5.2580 1.2498 -2.5016 0.9765
4.9503 2.1686 -2.5017 0.9765
4.8680 2.3443 -2.5010 0.9765
4.6797 2.6832 -2.4969 0.9765
4.5769 2.8473 -2.4951 0.9765
4.2308 3.0738 -2.4207 0.9772
4.0404 3.1632 -2.3752 0.9776
3.5076 3.6687 -2.3495 0.9779
3.3737 3.7922 -2.3495 0.9779
3.2354 3.9109 -2.3495 0.9779
3.0929 4.0245 -2.3495 0.9779
2.9465 4.1329 -2.3495 0.9779
2.6423 4.3337 -2.3495 0.9779
2.4851 4.4258 -2.3495 0.9779
2.3246 4.5121 -2.3495 0.9779
2.1611 4.5927 -2.3495 0.9779
1.4816 4.8547 -2.3495 0.9779
1.3064 4.9048 -2.3495 0.9779
1.1295 4.9485 -2.3495 0.9779
0.9511 4.9858 -2.3495 0.9779
0.7715 5.0168 -2.3495 0.9779
0.2277 5.0707 -2.3495 0.9779
-0.3187 5.0658 -2.3495 0.9779
-0.6915 5.1047 -2.3845 0.9775
-1.0998 5.2512 -2.4835 0.9766
-1.2938 5.2338 -2.4956 0.9765
-1.6686 5.1356 -2.4995 0.9765
-2.2130 4.9308 -2.5017 0.9765
-2.5611 4.7593 -2.5017 0.9765
-2.8959 4.5633 -2.5017 0.9765
-3.2159 4.3438 -2.5017 0.9765
-3.3697 4.2255 -2.5017 0.9765
-3.6642 3.9729 -2.5017 0.9765
-3.8045 3.8388 -2.5017 0.9765
-4.0701 3.5559 -2.5017 0.9765
-4.3147 3.2547 -2.5017 0.9765
-4.5371 2.9368 -2.5017 0.9765
-4.7361 2.6037 -2.5017 0.9765
-4.9107 2.2572 -2.5017 0.9765
-5.0600 1.8991 -2.5017 0.9765
-5.1832 1.5311 -2.5017 0.9765
-5.2348 1.3441 -2.5017 0.9765
-5.2797 1.1553 -2.5017 0.9765
-5.3178 0.9650 -2.5017 0.9765
-5.3733 0.5810 -2.5017 0.9765
-5.3907 0.3878 -2.5017 0.9765
-5.4011 -0.1940 -2.5017 0.9765
-5.3907 -0.3878 -2.5017 0.9765
-5.3733 -0.5810 -2.5017 0.9765
-5.3178 -0.9650 -2.5017 0.9765
-5.2797 -1.1553 -2.5017 0.9765
-5.2348 -1.3441 -2.5017 0.9765
-5.1249 -1.7162 -2.5017 0.9765
-4.9885 -2.0795 -2.5017 0.9765
-4.9107 -2.2572 -2.5017 0.9765
-4.8265 -2.4320 -2.5017 0.9765
-4.7361 -2.6037 -2.5017 0.9765
-4.6396 -2.7720 -2.5017 0.9765
-4.5371 -2.9368 -2.5017 0.9765
-4.4287 -3.0977 -2.5017 0.9765
-4.3147 -3.2547 -2.5017 0.9765
-4.1951 -3.4075 -2.5017 0.9765
-4.0700 -3.5559 -2.5017 0.9765
-3.9398 -3.6997 -2.5017 0.9765
-3.3697 -4.2255 -2.5017 0.9765
-3.2158 -4.3437 -2.5017 0.9765
-3.0578 -4.4563 -2.5017 0.9765
-2.7302 -4.6642 -2.5017 0.9765
-2.5610 -4.7592 -2.5017 0.9765
-2.3886 -4.8481 -2.5017 0.9765
-2.0346 -5.0069 -2.5017 0.9765
-1.6701 -5.1400 -2.5017 0.9765
-1.4845 -5.1967 -2.5017 0.9765
-1.2970 -5.2466 -2.5017 0.9765
-1.1078 -5.2898 -2.5017 0.9765
-0.5327 -5.3782 -2.5017 0.9765
-0.3393 -5.3938 -2.5017 0.9765
-0.1455 -5.4025 -2.5017 0.9765
0.4361 -5.3869 -2.5017 0.9765
1.0127 -5.3088 -2.5017 0.9765
1.3910 -5.2224 -2.5017 0.9765
1.5775 -5.1691 -2.5017 0.9765
2.1241 -4.9696 -2.5016 0.9765
2.4752 -4.8044 -2.5016 0.9765
2.6460 -4.7124 -2.5016 0.9765
3.2932 -4.2852 -2.5016 0.9765
4.0055 -3.6283 -2.5016 0.9765
4.1331 -3.4822 -2.5016 0.9765
4.3723 -3.1767 -2.5016 0.9765
4.6885 -2.6882 -2.5016 0.9765
4.7819 -2.5182 -2.5016 0.9765
2.4342 -1.0664 -1.2302 0.9884
2.4371 -0.9649 -1.2133 0.9885
2.4767 -0.8791 -1.2165 0.9885
2.5068 -0.7897 -1.2166 0.9885
2.5367 -0.7001 -1.2181 0.9885
2.6615 -0.5325 -1.2564 0.9881
5.3827 -0.4844 -2.5016 0.9765
5.4036 -0.0970 -2.5016 0.9765
5.4036 0.0970 -2.5016 0.9765
5.3966 0.2909 -2.5016 0.9765
5.3341 0.8694 -2.5016 0.9765
5.2994 1.0603 -2.5016 0.9765
5.2097 1.4378 -2.5016 0.9765
5.0931 1.8079 -2.5016 0.9765
5.0250 1.9895 -2.5016 0.9765
4.9503 2.1686 -2.5017 0.9765
4.8680 2.3443 -2.5010 0.9765
4.7767 2.5155 -2.4989 0.9765
4.6797 2.6832 -2.4969 0.9765
4.5769 2.8473 -2.4951 0.9765
4.4283 2.9805 -2.4708 0.9767
3.7618 3.4076 -2.3495 0.9779
3.0929 4.0245 -2.3495 0.9779
2.7962 4.2361 -2.3495 0.9779
2.4851 4.4258 -2.3495 0.9779
2.3246 4.5121 -2.3495 0.9779
1.9949 4.6673 -2.3495 0.9779
1.6549 4.7984 -2.3495 0.9779
1.4816 4.8547 -2.3495 0.9779
1.1295 4.9485 -2.3495 0.9779
0.9511 4.9858 -2.3495 0.9779
0.5909 5.0412 -2.3495 0.9779
0.4096 5.0592 -2.3495 0.9779
0.0456 5.0756 -2.3495 0.9779
-0.3187 5.0658 -2.3495 0.9779
-0.6915 5.1047 -2.3845 0.9775
-1.2938 5.2338 -2.4956 0.9765
-1.4820 5.1880 -2.4975 0.9765
-1.6686 5.1356 -2.4995 0.9765
-1.8535 5.0766 -2.5016 0.9765
-2.0346 5.0070 -2.5017 0.9765
-2.3886 4.8481 -2.5017 0.9765
-2.8959 4.5633 -2.5017 0.9765
-3.2159 4.3438 -2.5017 0.9765
-3.6642 3.9729 -2.5017 0.9765
-3.8045 3.8388 -2.5017 0.9765
-4.0701 3.5559 -2.5017 0.9765
-4.1951 3.4075 -2.5017 0.9765
-4.3147 3.2547 -2.5017 0.9765
-4.4288 3.0978 -2.5017 0.9765
-4.5371 2.9368 -2.5017 0.9765
-4.6396 2.7720 -2.5017 0.9765
-4.9886 2.0795 -2.5017 0.9765
-5.0600 1.8991 -2.5017 0.9765
-5.2348 1.3441 -2.5017 0.9765
-5.3178 0.9650 -2.5017 0.9765
-5.3490 0.7735 -2.5017 0.9765
-5.3907 0.3878 -2.5017 0.9765
-5.4046 0.0000 -2.5017 0.9765
-5.3733 -0.5810 -2.5017 0.9765
-5.1832 -1.5311 -2.5017 0.9765
-5.0600 -1.8990 -2.5017 0.9765
-4.9107 -2.2572 -2.5017 0.9765
-4.6396 -2.7720 -2.5017 0.9765
-4.5371 -2.9368 -2.5017 0.9765
-4.4287 -3.0977 -2.5017 0.9765
-4.1951 -3.4075 -2.5017 0.9765
-4.0700 -3.5559 -2.5017 0.9765
-3.6642 -3.9728 -2.5017 0.9765
-2.8959 -4.5632 -2.5017 0.9765
-2.5610 -4.7592 -2.5017 0.9765
-2.3885 -4.8481 -2.5017 0.9765
-2.2130 -4.9307 -2.5017 0.9765
-1.6701 -5.1400 -2.5017 0.9765
-1.4845 -5.1966 -2.5017 0.9765
-1.1078 -5.2898 -2.5017 0.9765
-0.7255 -5.3556 -2.5017 0.9765
-0.5327 -5.3782 -2.5017 0.9765
-0.3393 -5.3938 -2.5017 0.9765
-0.1455 -5.4025 -2.5017 0.9765
0.4361 -5.3869 -2.5017 0.9765
0.8215 -5.3417 -2.5017 0.9765
1.0127 -5.3088 -2.5017 0.9765
1.2026 -5.2690 -2.5017 0.9765
1.5775 -5.1691 -2.5017 0.9765
2.1241 -4.9696 -2.5016 0.9765
2.6460 -4.7124 -2.5016 0.9765
3.1373 -4.4006 -2.5016 0.9765
3.4449 -4.1642 -2.5016 0.9765
3.8726 -3.7697 -2.5016 0.9765
4.0055 -3.6283 -2.5016 0.9765
4.1331 -3.4822 -2.5016 0.9765
4.2554 -3.3316 -2.5016 0.9765
4.3723 -3.1767 -2.5016 0.9765
4.6885 -2.6882 -2.5016 0.9765
4.7819 -2.5182 -2.5016 0.9765
2.4342 -1.0664 -1.2302 0.9884
2.5068 -0.7897 -1.2166 0.9885
2.5805 -0.6134 -1.2278 0.9884
2.6615 -0.5325 -1.2564 0.9881
2.8145 -0.4587 -1.3200 0.9875
5.3966 -0.2909 -2.5016 0.9765
5.4036 -0.0970 -2.5016 0.9765
5.4036 0.0970 -2.5016 0.9765
5.3966 0.2909 -2.5016 0.9765
5.3618 0.6774 -2.5016 0.9765
5.3341 0.8694 -2.5016 0.9765
5.2580 1.2498 -2.5016 0.9765
5.2097 1.4378 -2.5016 0.9765
5.1547 1.6239 -2.5016 0.9765
4.9503 2.1686 -2.5017 0.9765
4.6797 2.6832 -2.4969 0.9765
4.5769 2.8473 -2.4951 0.9765
4.4282 2.9805 -2.4708 0.9767
4.2308 3.0738 -2.4207 0.9772
4.0404 3.1632 -2.3752 0.9776
3.8817 3.2703 -2.3495 0.9779
3.6371 3.5404 -2.3495 0.9779
3.5076 3.6687 -2.3495 0.9779
3.2354 3.9109 -2.3495 0.9779
3.0929 4.0245 -2.3495 0.9779
2.9465 4.1330 -2.3495 0.9779
2.7962 4.2361 -2.3495 0.9779
2.6423 4.3337 -2.3495 0.9779
2.4851 4.4258 -2.3495 0.9779
2.1611 4.5927 -2.3495 0.9779
1.8261 4.7359 -2.3495 0.9779
1.6549 4.7984 -2.3495 0.9779
1.4816 4.8547 -2.3495 0.9779
1.3064 4.9048 -2.3495 0.9779
1.1295 4.9485 -2.3495 0.9779
0.9511 4.9858 -2.3495 0.9779
0.7715 5.0168 -2.3495 0.9779
0.5909 5.0412 -2.3495 0.9779
0.4096 5.0592 -2.3495 0.9779
0.0456 5.0756 -2.3495 0.9779
-0.1367 5.0739 -2.3495 0.9779
-0.3187 5.0658 -2.3495 0.9779
-0.5003 5.0511 -2.3495 0.9779
-0.8919 5.1790 -2.4326 0.9771
-2.3886 4.8481 -2.5017 0.9765
-2.8959 4.5633 -2.5017 0.9765
-3.6642 3.9729 -2.5017 0.9765
-4.0701 3.5559 -2.5017 0.9765
-4.5371 2.9368 -2.5017 0.9765
-4.6396 2.7720 -2.5017 0.9765
-4.8265 2.4320 -2.5017 0.9765
-4.9107 2.2572 -2.5017 0.9765
-5.1249 1.7162 -2.5017 0.9765
-5.1832 1.5311 -2.5017 0.9765
-5.3490 0.7735 -2.5017 0.9765
-5.3733 0.5810 -2.5017 0.9765
-5.3490 -0.7735 -2.5017 0.9765
-5.3178 -0.9650 -2.5017 0.9765
-5.1832 -1.5311 -2.5017 0.9765
-5.0600 -1.8991 -2.5017 0.9765
-4.9885 -2.0795 -2.5017 0.9765
-4.7361 -2.6037 -2.5017 0.9765
-4.4287 -3.0977 -2.5017 0.9765
-4.1950 -3.4075 -2.5017 0.9765
-4.0700 -3.5559 -2.5017 0.9765
-3.9398 -3.6997 -2.5017 0.9765
-3.8044 -3.8387 -2.5017 0.9765
-3.3697 -4.2255 -2.5017 0.9765
-3.2158 -4.3437 -2.5017 0.9765
-3.0578 -4.4563 -2.5017 0.9765
-2.8959 -4.5632 -2.5017 0.9765
-2.7302 -4.6642 -2.5017 0.9765
-2.5610 -4.7592 -2.5017 0.9765
-2.2130 -4.9307 -2.5017 0.9765
-1.8535 -5.0768 -2.5017 0.9765
-1.6701 -5.1400 -2.5017 0.9765
-1.2970 -5.2466 -2.5017 0.9765
-1.1078 -5.2898 -2.5017 0.9765
-0.7255 -5.3556 -2.5017 0.9765
-0.1455 -5.4025 -2.5017 0.9765
0.8215 -5.3417 -2.5017 0.9765
1.2026 -5.2690 -2.5017 0.9765
1.3910 -5.2224 -2.5017 0.9765
1.5775 -5.1691 -2.5017 0.9765
1.7621 -5.1092 -2.5017 0.9765
1.9443 -5.0426 -2.5017 0.9765
2.1241 -4.9696 -2.5016 0.9765
2.3011 -4.8901 -2.5016 0.9765
2.6460 -4.7124 -2.5016 0.9765
2.8135 -4.6144 -2.5016 0.9765
3.1373 -4.4006 -2.5016 0.9765
3.4449 -4.1642 -2.5016 0.9765
3.8726 -3.7697 -2.5016 0.9765
4.1331 -3.4822 -2.5016 0.9765
4.2554 -3.3316 -2.5016 0.9765
4.3723 -3.1767 -2.5016 0.9765
4.4835 -3.0177 -2.5016 0.9765
4.6885 -2.6882 -2.5016 0.9765
4.7819 -2.5182 -2.5016 0.9765
4.8692 -2.3449 -2.5016 0.9765
2.4767 -0.8791 -1.2165 0.9885
2.5068 -0.7897 -1.2166 0.9885
2.6615 -0.5325 -1.2564 0.9881
5.3618 -0.6773 -2.5016 0.9765
5.3827 -0.4844 -2.5016 0.9765
5.3966 -0.2909 -2.5016 0.9765
5.4036 0.0970 -2.5016 0.9765
5.3827 0.4845 -2.5016 0.9765
5.3341 0.8694 -2.5016 0.9765
5.0250 1.9895 -2.5016 0.9765
4.9503 2.1686 -2.5017 0.9765
4.8680 2.3443 -2.5010 0.9765
4.7767 2.5155 -2.4989 0.9765
4.6797 2.6832 -2.4969 0.9765
4.5769 2.8473 -2.4951 0.9765
4.2308 3.0738 -2.4207 0.9772
4.0404 3.1632 -2.3752 0.9776
3.0929 4.0245 -2.3495 0.9779
2.7962 4.2361 -2.3495 0.9779
2.4851 4.4258 -2.3495 0.9779
1.8261 4.7359 -2.3495 0.9779
1.6549 4.7984 -2.3495 0.9779
1.3064 4.9048 -2.3495 0.9779
0.7715 5.0168 -2.3495 0.9779
0.2277 5.0707 -2.3495 0.9779
0.0456 5.0756 -2.3495 0.9779
-0.1367 5.0739 -2.3495 0.9779
-0.5003 5.0511 -2.3495 0.9779
-0.8919 5.1790 -2.4326 0.9771
-2.7303 4.6643 -2.5017 0.9765
-3.0579 4.4564 -2.5017 0.9765
-3.5192 4.1018 -2.5017 0.9765
-3.8045 3.8388 -2.5017 0.9765
-4.1951 3.4075 -2.5017 0.9765
-4.5371 2.9368 -2.5017 0.9765
-4.6396 2.7720 -2.5017 0.9765
-4.8265 2.4320 -2.5017 0.9765
-4.9107 2.2572 -2.5017 0.9765
-4.9886 2.0795 -2.5017 0.9765
-5.1832 1.5311 -2.5017 0.9765
-5.2348 1.3441 -2.5017 0.9765
-5.2797 1.1553 -2.5017 0.9765
-5.3907 0.3878 -2.5017 0.9765
-5.1001 0.0000 -2.5017 0.9775
-5.0968 -0.1831 -2.5017 0.9775
-5.0870 -0.3659 -2.5017 0.9775
-5.0705 -0.5483 -2.5017 0.9775
-5.0181 -0.9107 -2.5017 0.9775
-4.9822 -1.0902 -2.5017 0.9775
-4.9399 -1.2683 -2.5017 0.9775
-4.8911 -1.4448 -2.5017 0.9775
-4.8361 -1.6195 -2.5017 0.9775
-4.7749 -1.7920 -2.5017 0.9775
-4.7075 -1.9623 -2.5017 0.9775
-4.5545 -2.2950 -2.5017 0.9775
-4.3781 -2.6158 -2.5017 0.9775
-4.2814 -2.7713 -2.5017 0.9775
-4.1792 -2.9232 -2.5017 0.9775
-4.0716 -3.0713 -2.5017 0.9775
-3.9587 -3.2155 -2.5017 0.9775
-3.8407 -3.3555 -2.5017 0.9775
-3.7178 -3.4912 -2.5017 0.9775
-3.4577 -3.7490 -2.5017 0.9775
-3.3209 -3.8707 -2.5017 0.9775
-3.1798 -3.9874 -2.5017 0.9775
-3.0346 -4.0989 -2.5017 0.9775
-2.8855 -4.2052 -2.5017 0.9775
-2.5764 -4.4014 -2.5017 0.9775
-2.4167 -4.4911 -2.5017 0.9775
-2.0883 -4.6529 -2.5017 0.9775
-1.9199 -4.7248 -2.5017 0.9775
-0.6846 -5.0538 -2.5017 0.9775
-0.3202 -5.0899 -2.5017 0.9775
-0.1373 -5.0981 -2.5017 0.9775
0.5938 -5.0653 -2.5017 0.9775
0.7752 -5.0407 -2.5017 0.9775
0.9556 -5.0096 -2.5017 0.9775
1.1349 -4.9721 -2.5017 0.9775
1.3126 -4.9282 -2.5017 0.9775
1.4887 -4.8779 -2.5017 0.9775
1.8348 -4.7585 -2.5017 0.9775
2.3357 -4.5337 -2.5016 0.9775
2.6550 -4.3544 -2.5016 0.9775
2.9605 -4.1527 -2.5016 0.9775
3.1077 -4.0437 -2.5016 0.9775
3.2508 -3.9296 -2.5016 0.9775
3.3898 -3.8103 -2.5016 0.9775
3.5244 -3.6862 -2.5016 0.9775
3.7798 -3.4239 -2.5016 0.9775
3.9002 -3.2860 -2.5016 0.9775
4.1259 -2.9977 -2.5016 0.9775
4.2309 -2.8476 -2.5016 0.9775
4.4243 -2.5367 -2.5016 0.9775
4.5125 -2.3763 -2.5016 0.9775
2.4160 -1.0584 -1.2939 0.9883
2.5404 -0.7011 -1.2927 0.9883
2.6550 -0.5312 -1.3282 0.9880
2.7618 -0.4501 -1.3726 0.9876
5.0794 -0.4572 -2.5016 0.9775
5.0926 -0.2745 -2.5016 0.9775
5.0991 0.0915 -2.5016 0.9775
5.0597 0.6392 -2.5016 0.9775
5.0008 1.0006 -2.5016 0.9775
4.7418 1.8774 -2.5017 0.9775
4.5949 2.2128 -2.5017 0.9775
4.3261 2.6912 -2.4992 0.9776
4.2238 2.8429 -2.4975 0.9776
4.1164 2.9907 -2.4959 0.9776
3.8363 3.2321 -2.4606 0.9779
3.6590 3.3145 -2.4217 0.9782
3.3179 3.4702 -2.3551 0.9788
3.0531 3.6905 -2.3495 0.9789
2.9186 3.7978 -2.3495 0.9789
2.7804 3.9001 -2.3495 0.9789
2.4935 4.0895 -2.3495 0.9789
1.7232 4.4690 -2.3495 0.9789
1.3981 4.5812 -2.3495 0.9789
1.2328 4.6284 -2.3495 0.9789
0.7280 4.7341 -2.3495 0.9789
0.3865 4.7742 -2.3495 0.9789
0.2149 4.7849 -2.3495 0.9789
0.0432 4.8105 -2.3597 0.9788
-0.1313 4.8751 -2.3922 0.9785
-0.3109 4.9409 -2.4284 0.9782
-0.4961 5.0083 -2.4687 0.9778
-1.5760 4.8505 -2.5017 0.9775
-1.7491 4.7908 -2.5017 0.9775
-1.9199 4.7249 -2.5017 0.9775
-2.4168 4.4911 -2.5017 0.9775
-2.5764 4.4015 -2.5017 0.9775
-2.7328 4.3062 -2.5017 0.9775
-2.8856 4.2053 -2.5017 0.9775
-3.1799 3.9874 -2.5017 0.9775
-3.5901 3.6225 -2.5017 0.9775
-3.8407 3.3556 -2.5017 0.9775
-4.1792 2.9232 -2.5017 0.9775
-4.3782 2.6158 -2.5017 0.9775
-4.6340 2.1300 -2.5017 0.9775
-4.7075 1.9623 -2.5017 0.9775
-4.7749 1.7921 -2.5017 0.9775
-4.9822 1.0902 -2.5017 0.9775
-5.0476 0.7299 -2.5017 0.9775
-5.0870 -0.3659 -2.5017 0.9775
-5.0705 -0.5483 -2.5017 0.9775
-5.0181 -0.9107 -2.5017 0.9775
-4.8911 -1.4448 -2.5017 0.9775
-4.8361 -1.6195 -2.5017 0.9775
-4.7749 -1.7920 -2.5017 0.9775
-4.6340 -2.1300 -2.5017 0.9775
-4.5545 -2.2950 -2.5017 0.9775
-4.4692 -2.4570 -2.5017 0.9775
-4.3782 -2.6158 -2.5017 0.9775
-4.2814 -2.7713 -2.5017 0.9775
-3.8407 -3.3555 -2.5017 0.9775
-3.4577 -3.7490 -2.5017 0.9775
-3.3209 -3.8707 -2.5017 0.9775
-3.1798 -3.9874 -2.5017 0.9775
-3.0346 -4.0989 -2.5017 0.9775
-2.8855 -4.2052 -2.5017 0.9775
-2.4167 -4.4911 -2.5017 0.9775
-1.9199 -4.7248 -2.5017 0.9775
-1.5760 -4.8504 -2.5017 0.9775
-1.2239 -4.9510 -2.5017 0.9775
-0.6846 -5.0538 -2.5017 0.9775
0.0458 -5.0998 -2.5017 0.9775
0.4115 -5.0833 -2.5017 0.9775
0.7752 -5.0407 -2.5017 0.9775
1.4887 -4.8779 -2.5017 0.9775
1.8348 -4.7585 -2.5017 0.9775
2.1715 -4.6146 -2.5016 0.9775
2.3357 -4.5337 -2.5016 0.9775
2.6550 -4.3544 -2.5016 0.9775
2.8095 -4.2563 -2.5016 0.9775
3.1077 -4.0437 -2.5016 0.9775
3.5244 -3.6862 -2.5016 0.9775
3.6544 -3.5573 -2.5016 0.9775
3.7798 -3.4239 -2.5016 0.9775
4.0157 -3.1438 -2.5016 0.9775
4.1259 -2.9977 -2.5016 0.9775
4.3304 -2.6939 -2.5016 0.9775
4.4243 -2.5367 -2.5016 0.9775
2.4160 -1.0584 -1.2939 0.9883
2.4322 -0.9630 -1.2832 0.9884
2.4682 -0.8761 -1.2847 0.9884
2.5891 -0.6154 -1.3054 0.9882
2.6550 -0.5312 -1.3282 0.9880
5.0926 -0.2745 -2.5016 0.9775
5.0991 -0.0916 -2.5016 0.9775
5.0597 0.6392 -2.5016 0.9775
5.0008 1.0006 -2.5016 0.9775
4.9162 1.3568 -2.5016 0.9775
4.8643 1.5324 -2.5016 0.9775
4.5949 2.2128 -2.5017 0.9775
4.5125 2.3763 -2.5017 0.9775
4.1164 2.9907 -2.4959 0.9776
3.8363 3.2321 -2.4606 0.9779
3.6590 3.3145 -2.4217 0.9782
3.4857 3.3931 -2.3861 0.9786
3.3179 3.4702 -2.3551 0.9788
2.1936 4.2579 -2.3495 0.9789
2.0394 4.3339 -2.3495 0.9789
1.8825 4.4043 -2.3495 0.9789
1.7232 4.4690 -2.3495 0.9789
1.5617 4.5280 -2.3495 0.9789
1.0658 4.6697 -2.3495 0.9789
0.8975 4.7049 -2.3495 0.9789
0.7280 4.7341 -2.3495 0.9789
0.2149 4.7849 -2.3495 0.9789
0.0432 4.8105 -2.3597 0.9788
-0.3109 4.9409 -2.4284 0.9782
-0.6827 5.0398 -2.4947 0.9776
-1.0438 4.9842 -2.4979 0.9776
-1.5760 4.8505 -2.5017 0.9775
-2.4168 4.4911 -2.5017 0.9775
-2.7328 4.3062 -2.5017 0.9775
-2.8856 4.2053 -2.5017 0.9775
-3.3209 3.8707 -2.5017 0.9775
-3.9587 3.2155 -2.5017 0.9775
-4.0716 3.0713 -2.5017 0.9775
-4.2815 2.7713 -2.5017 0.9775
-4.3782 2.6158 -2.5017 0.9775
-4.5546 2.2950 -2.5017 0.9775
-4.6340 2.1300 -2.5017 0.9775
-4.9399 1.2683 -2.5017 0.9775
-4.9822 1.0902 -2.5017 0.9775
-5.0181 0.9106 -2.5017 0.9775
-5.0870 0.3659 -2.5017 0.9775
-5.1001 0.0000 -2.5017 0.9775
-5.0870 -0.3659 -2.5017 0.9775
-5.0705 -0.5483 -2.5017 0.9775
-5.0476 -0.7300 -2.5017 0.9775
-4.9822 -1.0902 -2.5017 0.9775
-4.9399 -1.2683 -2.5017 0.9775
-4.8911 -1.4448 -2.5017 0.9775
-4.7075 -1.9623 -2.5017 0.9775
-4.6340 -2.1300 -2.5017 0.9775
-4.5545 -2.2950 -2.5017 0.9775
-4.3782 -2.6158 -2.5017 0.9775
-3.9587 -3.2155 -2.5017 0.9775
-3.8407 -3.3555 -2.5017 0.9775
-3.5901 -3.6224 -2.5017 0.9775
-3.3209 -3.8707 -2.5017 0.9775
-3.1798 -3.9874 -2.5017 0.9775
-3.0346 -4.0989 -2.5017 0.9775
-2.0883 -4.6529 -2.5017 0.9775
-1.9199 -4.7248 -2.5017 0.9775
-1.7491 -4.7907 -2.5017 0.9775
-0.5027 -5.0752 -2.5017 0.9775
-0.3202 -5.0899 -2.5017 0.9775
0.4115 -5.0833 -2.5017 0.9775
0.5938 -5.0653 -2.5017 0.9775
0.9556 -5.0096 -2.5017 0.9775
1.1349 -4.9721 -2.5017 0.9775
1.6628 -4.8213 -2.5017 0.9775
2.6550 -4.3544 -2.5016 0.9775
3.7798 -3.4239 -2.5016 0.9775
3.9002 -3.2860 -2.5016 0.9775
4.0157 -3.1438 -2.5016 0.9775
4.1259 -2.9977 -2.5016 0.9775
4.3304 -2.6939 -2.5016 0.9775
4.5125 -2.3763 -2.5016 0.9775
2.4322 -0.9630 -1.2832 0.9884
2.4682 -0.8761 -1.2847 0.9884
2.5104 -0.7908 -1.2910 0.9883
2.5891 -0.6154 -1.3054 0.9882
2.6550 -0.5312 -1.3282 0.9880
5.0794 -0.4572 -2.5016 0.9775
5.0991 -0.0915 -2.5016 0.9775
5.0794 0.4572 -2.5016 0.9775
4.9162 1.3568 -2.5016 0.9775
4.8643 1.5324 -2.5016 0.9775
4.8062 1.7060 -2.5017 0.9775
4.5125 2.3763 -2.5017 0.9775
4.4230 2.5360 -2.5009 0.9775
4.2238 2.8429 -2.4975 0.9776
4.1164 2.9907 -2.4959 0.9776
3.8363 3.2321 -2.4606 0.9779
3.3179 3.4702 -2.3551 0.9788
3.0531 3.6905 -2.3495 0.9789
2.6386 3.9974 -2.3495 0.9789
2.4935 4.0895 -2.3495 0.9789
2.0394 4.3339 -2.3495 0.9789
1.8825 4.4043 -2.3495 0.9789
1.5616 4.5280 -2.3495 0.9789
1.3981 4.5812 -2.3495 0.9789
1.2328 4.6284 -2.3495 0.9789
0.7280 4.7341 -2.3495 0.9789
0.2149 4.7850 -2.3495 0.9789
-0.4961 5.0083 -2.4687 0.9778
-0.6827 5.0398 -2.4947 0.9776
-0.8637 5.0151 -2.4962 0.9776
-1.4007 4.9034 -2.5014 0.9775
-1.9199 4.7249 -2.5017 0.9775
-2.0883 4.6529 -2.5017 0.9775
-2.2540 4.5750 -2.5017 0.9775
-3.0347 4.0990 -2.5017 0.9775
-3.1799 3.9874 -2.5017 0.9775
-3.3209 3.8707 -2.5017 0.9775
-3.5901 3.6225 -2.5017 0.9775
-3.8407 3.3556 -2.5017 0.9775
-3.9587 3.2155 -2.5017 0.9775
-4.4693 2.4570 -2.5017 0.9775
-4.5546 2.2950 -2.5017 0.9775
-4.7075 1.9623 -2.5017 0.9775
-4.8361 1.6195 -2.5017 0.9775
-5.0181 0.9106 -2.5017 0.9775
-5.0476 0.7299 -2.5017 0.9775
-5.0705 0.5483 -2.5017 0.9775
-5.1001 0.0000 -2.5017 0.9775
-5.0968 -0.1831 -2.5017 0.9775
-5.0705 -0.5483 -2.5017 0.9775
-5.0476 -0.7300 -2.5017 0.9775
-5.0181 -0.9107 -2.5017 0.9775
-4.9822 -1.0902 -2.5017 0.9775
-4.8911 -1.4448 -2.5017 0.9775
-4.7749 -1.7920 -2.5017 0.9775
-4.5545 -2.2950 -2.5017 0.9775
-4.4692 -2.4570 -2.5017 0.9775
-4.3782 -2.6158 -2.5017 0.9775
-4.1792 -2.9232 -2.5017 0.9775
-3.4577 -3.7490 -2.5017 0.9775
-3.3209 -3.8707 -2.5017 0.9775
-3.1798 -3.9874 -2.5017 0.9775
-3.0346 -4.0989 -2.5017 0.9775
-2.4167 -4.4911 -2.5017 0.9775
-2.2540 -4.5749 -2.5017 0.9775
-2.0883 -4.6529 -2.5017 0.9775
-1.9199 -4.7248 -2.5017 0.9775
-1.4009 -4.9038 -2.5017 0.9775
-1.2239 -4.9510 -2.5017 0.9775
-1.0454 -4.9917 -2.5017 0.9775
-0.6846 -5.0538 -2.5017 0.9775
-0.5027 -5.0752 -2.5017 0.9775
-0.1373 -5.0981 -2.5017 0.9775
0.0458 -5.0998 -2.5017 0.9775
0.5938 -5.0653 -2.5017 0.9775
0.7752 -5.0407 -2.5017 0.9775
1.1349 -4.9721 -2.5017 0.9775
1.6628 -4.8213 -2.5017 0.9775
2.0044 -4.6896 -2.5017 0.9775
2.3357 -4.5337 -2.5016 0.9775
2.4969 -4.4469 -2.5016 0.9775
2.6550 -4.3544 -2.5016 0.9775
3.1077 -4.0437 -2.5016 0.9775
3.2508 -3.9296 -2.5016 0.9775
3.3898 -3.8103 -2.5016 0.9775
3.5244 -3.6862 -2.5016 0.9775
3.6544 -3.5573 -2.5016 0.9775
3.7798 -3.4239 -2.5016 0.9775
4.2309 -2.8476 -2.5016 0.9775
2.4512 -1.1804 -1.3345 0.9880
2.4160 -1.0584 -1.2939 0.9883
2.4322 -0.9630 -1.2832 0.9884
2.5404 -0.7011 -1.2927 0.9883
2.5891 -0.6154 -1.3054 0.9882
2.6550 -0.5312 -1.3282 0.9880
2.7618 -0.4501 -1.3726 0.9876
5.0794 -0.4572 -2.5016 0.9775
5.0991 -0.0915 -2.5016 0.9775
5.0926 0.2745 -2.5016 0.9775
5.0335 0.8204 -2.5016 0.9775
4.9617 1.1794 -2.5016 0.9775
4.8643 1.5324 -2.5016 0.9775
4.8062 1.7060 -2.5017 0.9775
4.7418 1.8774 -2.5017 0.9775
4.5125 2.3763 -2.5017 0.9775
4.4230 2.5360 -2.5009 0.9775
4.3261 2.6912 -2.4992 0.9776
4.2238 2.8429 -2.4975 0.9776
4.1164 2.9907 -2.4959 0.9776
4.0040 3.1347 -2.4944 0.9776
3.8363 3.2321 -2.4606 0.9779
3.6590 3.3145 -2.4217 0.9782
3.4857 3.3931 -2.3861 0.9786
3.3179 3.4702 -2.3551 0.9788
2.9186 3.7978 -2.3495 0.9789
2.6386 3.9974 -2.3495 0.9789
2.3451 4.1764 -2.3495 0.9789
1.7232 4.4690 -2.3495 0.9789
1.5616 4.5280 -2.3495 0.9789
1.2328 4.6284 -2.3495 0.9789
1.0658 4.6697 -2.3495 0.9789
0.7280 4.7341 -2.3495 0.9789
0.3865 4.7742 -2.3495 0.9789
0.2149 4.7849 -2.3495 0.9789
0.0432 4.8105 -2.3597 0.9788
-0.1313 4.8751 -2.3922 0.9785
-0.3109 4.9409 -2.4284 0.9782
-0.4961 5.0083 -2.4687 0.9778
-0.6827 5.0398 -2.4947 0.9776
-0.8637 5.0151 -2.4962 0.9776
-1.0438 4.9842 -2.4979 0.9776
-1.4007 4.9034 -2.5014 0.9775
-1.5760 4.8505 -2.5017 0.9775
-1.7491 4.7908 -2.5017 0.9775
-1.9200 4.7249 -2.5017 0.9775
-2.0883 4.6529 -2.5017 0.9775
-2.2540 4.5750 -2.5017 0.9775
-2.4168 4.4911 -2.5017 0.9775
-2.5764 4.4015 -2.5017 0.9775
-3.3209 3.8707 -2.5017 0.9775
-3.4578 3.7490 -2.5017 0.9775
-3.7178 3.4913 -2.5017 0.9775
-3.8407 3.3556 -2.5017 0.9775
-3.9587 3.2155 -2.5017 0.9775
-4.0716 3.0713 -2.5017 0.9775
-4.1792 2.9232 -2.5017 0.9775
-4.2815 2.7713 -2.5017 0.9775
-4.3782 2.6158 -2.5017 0.9775
-4.6340 2.1300 -2.5017 0.9775
-4.7749 1.7920 -2.5017 0.9775
-4.8361 1.6195 -2.5017 0.9775
-4.8912 1.4448 -2.5017 0.9775
-4.9822 1.0902 -2.5017 0.9775
-5.0181 0.9106 -2.5017 0.9775
-5.0476 0.7299 -2.5017 0.9775
-4.8099 -0.3460 -2.5017 0.9785
-4.7944 -0.5184 -2.5017 0.9785
-4.6247 -1.3661 -2.5017 0.9785
-4.5727 -1.5313 -2.5017 0.9785
-4.5148 -1.6944 -2.5017 0.9785
-4.2258 -2.3232 -2.5017 0.9785
-4.1397 -2.4733 -2.5017 0.9785
-4.0482 -2.6203 -2.5017 0.9785
-3.7431 -3.0404 -2.5017 0.9785
-3.6315 -3.1728 -2.5017 0.9785
-3.5153 -3.3011 -2.5017 0.9785
-3.0066 -3.7702 -2.5017 0.9785
-2.8694 -3.8757 -2.5017 0.9785
-2.5839 -4.0716 -2.5017 0.9785
-2.4361 -4.1617 -2.5017 0.9785
-2.2851 -4.2465 -2.5017 0.9785
-1.9746 -4.3994 -2.5017 0.9785
-1.8154 -4.4675 -2.5017 0.9785
-1.6538 -4.5298 -2.5017 0.9785
-1.4902 -4.5862 -2.5017 0.9785
-1.3246 -4.6368 -2.5017 0.9785
-0.6473 -4.7786 -2.5017 0.9785
-0.4754 -4.7987 -2.5017 0.9785
-0.3028 -4.8127 -2.5017 0.9785
0.2163 -4.8173 -2.5017 0.9785
0.3891 -4.8065 -2.5017 0.9785
0.7330 -4.7662 -2.5017 0.9785
1.0730 -4.7013 -2.5017 0.9785
1.2411 -4.6597 -2.5017 0.9785
1.5722 -4.5587 -2.5017 0.9785
2.0532 -4.3633 -2.5017 0.9785
2.2085 -4.2867 -2.5017 0.9785
2.3609 -4.2047 -2.5016 0.9785
2.6565 -4.0245 -2.5016 0.9785
3.2052 -3.6028 -2.5016 0.9785
3.4554 -3.3636 -2.5016 0.9785
3.5739 -3.2374 -2.5016 0.9785
3.7970 -2.9726 -2.5016 0.9785
3.9012 -2.8344 -2.5016 0.9785
4.0004 -2.6925 -2.5016 0.9785
4.0945 -2.5472 -2.5016 0.9785
4.1833 -2.3986 -2.5016 0.9785
4.2667 -2.2469 -2.5016 0.9785
2.4142 -1.1626 -1.3901 0.9880
2.6542 -0.5311 -1.4042 0.9879
4.7842 -0.6044 -2.5016 0.9785
4.8028 -0.4323 -2.5016 0.9785
4.8152 -0.2596 -2.5016 0.9785
4.8214 0.0866 -2.5016 0.9785
4.7842 0.6044 -2.5016 0.9785
4.7285 0.9461 -2.5016 0.9785
4.6915 1.1152 -2.5016 0.9785
4.6484 1.2829 -2.5017 0.9785
4.5444 1.6131 -2.5017 0.9785
4.4836 1.7752 -2.5017 0.9785
4.4170 1.9350 -2.5017 0.9785
4.2667 2.2469 -2.5017 0.9785
3.7920 2.9687 -2.4983 0.9785
3.6810 3.1012 -2.4970 0.9785
3.5655 3.2298 -2.4957 0.9786
3.4456 3.3541 -2.4946 0.9786
2.9752 3.5964 -2.4214 0.9792
2.8173 3.6659 -2.3986 0.9794
2.6620 3.7339 -2.3789 0.9795
2.5086 3.8004 -2.3624 0.9797
2.3593 3.8695 -2.3511 0.9798
2.2173 3.9489 -2.3495 0.9798
1.9283 4.0978 -2.3495 0.9798
1.6293 4.2256 -2.3495 0.9798
1.4766 4.2814 -2.3495 0.9798
1.3220 4.3316 -2.3495 0.9798
0.8544 4.4789 -2.3655 0.9797
0.3774 4.6611 -2.4260 0.9791
0.0430 4.7859 -2.4829 0.9787
-0.3021 4.8018 -2.4960 0.9786
-0.4745 4.7903 -2.4973 0.9785
-0.9885 4.7198 -2.5017 0.9785
-1.1573 4.6814 -2.5017 0.9785
-1.3246 4.6368 -2.5017 0.9785
-1.6538 4.5298 -2.5017 0.9785
-1.8154 4.4675 -2.5017 0.9785
-1.9746 4.3995 -2.5017 0.9785
-2.1312 4.3258 -2.5017 0.9785
-2.5839 4.0716 -2.5017 0.9785
-2.8694 3.8757 -2.5017 0.9785
-3.0067 3.7702 -2.5017 0.9785
-3.1401 3.6599 -2.5017 0.9785
-3.2694 3.5448 -2.5017 0.9785
-3.3946 3.4252 -2.5017 0.9785
-3.5153 3.3011 -2.5017 0.9785
-3.6315 3.1728 -2.5017 0.9785
-3.7431 3.0404 -2.5017 0.9785
-4.0483 2.6204 -2.5017 0.9785
-4.2258 2.3232 -2.5017 0.9785
-4.3816 2.0140 -2.5017 0.9785
-4.5148 1.6944 -2.5017 0.9785
-4.5727 1.5313 -2.5017 0.9785
-4.7448 0.8611 -2.5017 0.9785
-4.8099 0.3460 -2.5017 0.9785
-4.8192 0.1731 -2.5017 0.9785
-4.8192 -0.1731 -2.5017 0.9785
-4.8099 -0.3460 -2.5017 0.9785
-4.7727 -0.6902 -2.5017 0.9785
-4.6708 -1.1993 -2.5017 0.9785
-4.5148 -1.6944 -2.5017 0.9785
-4.3816 -2.0140 -2.5017 0.9785
-4.2258 -2.3232 -2.5017 0.9785
-3.9516 -2.7640 -2.5017 0.9785
-3.8498 -2.9040 -2.5017 0.9785
-3.7431 -3.0404 -2.5017 0.9785
-3.6315 -3.1728 -2.5017 0.9785
-3.5153 -3.3011 -2.5017 0.9785
-3.0066 -3.7702 -2.5017 0.9785
-2.8694 -3.8757 -2.5017 0.9785
-2.7284 -3.9762 -2.5017 0.9785
-2.5839 -4.0716 -2.5017 0.9785
-2.4361 -4.1617 -2.5017 0.9785
-2.2851 -4.2465 -2.5017 0.9785
-1.6538 -4.5298 -2.5017 0.9785
-1.4902 -4.5862 -2.5017 0.9785
-1.1573 -4.6813 -2.5017 0.9785
-0.9885 -4.7198 -2.5017 0.9785
-0.6473 -4.7786 -2.5017 0.9785
-0.1298 -4.8205 -2.5017 0.9785
0.0433 -4.8220 -2.5017 0.9785
0.3891 -4.8065 -2.5017 0.9785
0.5614 -4.7894 -2.5017 0.9785
0.7330 -4.7662 -2.5017 0.9785
1.2411 -4.6598 -2.5017 0.9785
1.4076 -4.6122 -2.5017 0.9785
1.7349 -4.4993 -2.5017 0.9785
2.2085 -4.2867 -2.5017 0.9785
2.3609 -4.2047 -2.5016 0.9785
2.6565 -4.0245 -2.5016 0.9785
2.7993 -3.9265 -2.5016 0.9785
3.0738 -3.7156 -2.5016 0.9785
3.2052 -3.6028 -2.5016 0.9785
3.4554 -3.3636 -2.5016 0.9785
3.7970 -2.9726 -2.5016 0.9785
3.9012 -2.8344 -2.5016 0.9785
4.0945 -2.5472 -2.5016 0.9785
2.4082 -0.9535 -1.3437 0.9884
2.4929 -0.7853 -1.3559 0.9883
2.5982 -0.6176 -1.3854 0.9880
4.7842 -0.6044 -2.5016 0.9785
4.8027 -0.4323 -2.5016 0.9785
4.8152 -0.2596 -2.5016 0.9785
4.8214 0.0866 -2.5016 0.9785
4.7594 0.7757 -2.5016 0.9785
4.7285 0.9461 -2.5016 0.9785
4.6484 1.2829 -2.5017 0.9785
4.5994 1.4489 -2.5017 0.9785
4.5444 1.6131 -2.5017 0.9785
4.4836 1.7752 -2.5017 0.9785
4.3446 2.0923 -2.5017 0.9785
4.2667 2.2469 -2.5017 0.9785
4.1833 2.3986 -2.5017 0.9785
4.0946 2.5472 -2.5017 0.9785
3.9999 2.6922 -2.5013 0.9785
3.8983 2.8323 -2.4998 0.9785
3.7920 2.9687 -2.4983 0.9785
3.6810 3.1012 -2.4970 0.9785
3.4456 3.3541 -2.4946 0.9786
2.6620 3.7339 -2.3789 0.9795
2.2173 3.9489 -2.3495 0.9798
2.0741 4.0260 -2.3495 0.9798
1.6293 4.2256 -2.3495 0.9798
1.3220 4.3316 -2.3495 0.9798
0.8544 4.4789 -2.3655 0.9797
0.6981 4.5392 -2.3825 0.9795
0.5392 4.5999 -2.4027 0.9793
0.3774 4.6611 -2.4260 0.9791
0.2121 4.7231 -2.4527 0.9789
0.0430 4.7859 -2.4829 0.9787
-0.1295 4.8073 -2.4948 0.9786
-0.3021 4.8018 -2.4960 0.9786
-0.4745 4.7903 -2.4973 0.9785
-0.8179 4.7493 -2.5001 0.9785
-0.9885 4.7198 -2.5017 0.9785
-1.3246 4.6368 -2.5017 0.9785
-1.4902 4.5863 -2.5017 0.9785
-1.6538 4.5298 -2.5017 0.9785
-1.8154 4.4675 -2.5017 0.9785
-2.2851 4.2465 -2.5017 0.9785
-2.4361 4.1617 -2.5017 0.9785
-2.8694 3.8757 -2.5017 0.9785
-3.1401 3.6599 -2.5017 0.9785
-3.3946 3.4252 -2.5017 0.9785
-3.5153 3.3011 -2.5017 0.9785
-3.6315 3.1728 -2.5017 0.9785
-3.8498 2.9041 -2.5017 0.9785
-4.0483 2.6204 -2.5017 0.9785
-4.2258 2.3232 -2.5017 0.9785
-4.3816 2.0140 -2.5017 0.9785
-4.4511 1.8554 -2.5017 0.9785
-4.6248 1.3661 -2.5017 0.9785
-4.6708 1.1993 -2.5017 0.9785
-4.7727 0.6902 -2.5017 0.9785
-4.8099 0.3460 -2.5017 0.9785
-4.8192 -0.1730 -2.5017 0.9785
-4.8099 -0.3460 -2.5017 0.9785
-4.7944 -0.5184 -2.5017 0.9785
-4.6247 -1.3661 -2.5017 0.9785
-4.3816 -2.0140 -2.5017 0.9785
-4.2258 -2.3232 -2.5017 0.9785
-3.9516 -2.7640 -2.5017 0.9785
-3.8498 -2.9040 -2.5017 0.9785
-3.7431 -3.0404 -2.5017 0.9785
-3.5153 -3.3011 -2.5017 0.9785
-3.1400 -3.6598 -2.5017 0.9785
-2.8694 -3.8757 -2.5017 0.9785
-2.4361 -4.1617 -2.5017 0.9785
-2.2851 -4.2465 -2.5017 0.9785
-1.8154 -4.4675 -2.5017 0.9785
-1.4902 -4.5862 -2.5017 0.9785
-1.3246 -4.6368 -2.5017 0.9785
-0.9885 -4.7198 -2.5017 0.9785
-0.8184 -4.7523 -2.5017 0.9785
-0.6473 -4.7786 -2.5017 0.9785
-0.4753 -4.7987 -2.5017 0.9785
-0.1298 -4.8205 -2.5017 0.9785
0.2164 -4.8173 -2.5017 0.9785
0.3891 -4.8065 -2.5017 0.9785
0.5614 -4.7894 -2.5017 0.9785
0.7330 -4.7662 -2.5017 0.9785
0.9036 -4.7368 -2.5017 0.9785
1.0730 -4.7013 -2.5017 0.9785
1.2411 -4.6598 -2.5017 0.9785
1.4076 -4.6122 -2.5017 0.9785
2.0532 -4.3632 -2.5017 0.9785
2.3609 -4.2047 -2.5016 0.9785
2.5104 -4.1172 -2.5016 0.9785
2.6565 -4.0245 -2.5016 0.9785
2.7993 -3.9265 -2.5016 0.9785
3.0738 -3.7156 -2.5016 0.9785
3.5739 -3.2374 -2.5016 0.9785
3.6878 -3.1070 -2.5016 0.9785
3.9012 -2.8344 -2.5016 0.9785
4.1833 -2.3986 -2.5016 0.9785
4.2667 -2.2469 -2.5016 0.9785
2.4142 -1.1626 -1.3901 0.9880
2.4027 -1.0526 -1.3609 0.9882
2.4082 -0.9535 -1.3437 0.9884
2.4421 -0.8669 -1.3444 0.9884
2.5982 -0.6176 -1.3854 0.9880
2.6542 -0.5310 -1.4042 0.9879
2.7399 -0.4466 -1.4401 0.9876
4.8152 -0.2596 -2.5016 0.9785
4.8152 0.2596 -2.5016 0.9785
4.7594 0.7757 -2.5016 0.9785
4.6915 1.1152 -2.5016 0.9785
4.5994 1.4489 -2.5017 0.9785
4.5444 1.6131 -2.5017 0.9785
4.4836 1.7752 -2.5017 0.9785
4.4170 1.9350 -2.5017 0.9785
3.9999 2.6922 -2.5013 0.9785
3.2999 3.4514 -2.4772 0.9787
3.1358 3.5249 -2.4475 0.9790
2.6620 3.7339 -2.3789 0.9795
2.5086 3.8004 -2.3624 0.9797
2.3593 3.8695 -2.3511 0.9798
1.9283 4.0978 -2.3495 0.9798
0.8544 4.4790 -2.3655 0.9797
0.5392 4.5999 -2.4027 0.9793
0.0430 4.7859 -2.4829 0.9787
-0.1295 4.8073 -2.4948 0.9786
-0.4745 4.7903 -2.4973 0.9785
-0.6465 4.7728 -2.4987 0.9785
-0.8179 4.7493 -2.5001 0.9785
-1.1573 4.6814 -2.5017 0.9785
-1.3246 4.6368 -2.5017 0.9785
-1.6538 4.5298 -2.5017 0.9785
-1.8154 4.4675 -2.5017 0.9785
-2.1312 4.3258 -2.5017 0.9785
-2.2851 4.2465 -2.5017 0.9785
-2.8694 3.8757 -2.5017 0.9785
-3.0067 3.7702 -2.5017 0.9785
-3.1401 3.6599 -2.5017 0.9785
-3.2694 3.5448 -2.5017 0.9785
-3.9516 2.7640 -2.5017 0.9785
-4.2258 2.3232 -2.5017 0.9785
-4.3065 2.1700 -2.5017 0.9785
-4.3816 2.0140 -2.5017 0.9785
-4.4511 1.8554 -2.5017 0.9785
-4.6248 1.3661 -2.5017 0.9785
-4.6708 1.1993 -2.5017 0.9785
-4.7109 1.0308 -2.5017 0.9785
-4.7448 0.8611 -2.5017 0.9785
-4.7727 0.6902 -2.5017 0.9785
-4.7944 0.5184 -2.5017 0.9785
-4.8099 -0.3460 -2.5017 0.9785
-4.7944 -0.5184 -2.5017 0.9785
-4.7727 -0.6902 -2.5017 0.9785
-4.7448 -0.8611 -2.5017 0.9785
-4.6247 -1.3661 -2.5017 0.9785
-4.5727 -1.5313 -2.5017 0.9785
-4.5148 -1.6944 -2.5017 0.9785
-4.4511 -1.8554 -2.5017 0.9785
-4.3816 -2.0140 -2.5017 0.9785
-3.9516 -2.7640 -2.5017 0.9785
-3.6315 -3.1728 -2.5017 0.9785
-3.5153 -3.3011 -2.5017 0.9785
-3.3945 -3.4251 -2.5017 0.9785
-3.2694 -3.5448 -2.5017 0.9785
-3.1400 -3.6598 -2.5017 0.9785
-3.0066 -3.7702 -2.5017 0.9785
-2.4361 -4.1617 -2.5017 0.9785
-2.1312 -4.3257 -2.5017 0.9785
-1.9746 -4.3995 -2.5017 0.9785
-1.4901 -4.5862 -2.5017 0.9785
-0.8184 -4.7523 -2.5017 0.9785
-0.6473 -4.7786 -2.5017 0.9785
-0.1298 -4.8205 -2.5017 0.9785
0.0433 -4.8220 -2.5017 0.9785
0.2164 -4.8174 -2.5017 0.9785
0.5614 -4.7894 -2.5017 0.9785
1.0730 -4.7013 -2.5017 0.9785
1.2411 -4.6598 -2.5017 0.9785
1.4076 -4.6122 -2.5017 0.9785
1.8952 -4.4341 -2.5017 0.9785
2.3609 -4.2047 -2.5016 0.9785
2.7993 -3.9265 -2.5016 0.9785
2.9384 -3.8235 -2.5016 0.9785
3.2052 -3.6028 -2.5016 0.9785
3.5739 -3.2374 -2.5016 0.9785
3.6878 -3.1070 -2.5016 0.9785
4.0005 -2.6925 -2.5016 0.9785
4.0945 -2.5472 -2.5016 0.9785
4.2667 -2.2469 -2.5016 0.9785
2.4421 -0.8669 -1.3444 0.9884
2.4929 -0.7853 -1.3559 0.9883
2.5448 -0.7023 -1.3695 0.9882
2.6542 -0.5310 -1.4042 0.9879
4.7842 -0.6044 -2.5016 0.9785
4.8027 -0.4323 -2.5016 0.9785
4.8152 -0.2596 -2.5016 0.9785
4.8214 -0.0866 -2.5016 0.9785
4.8152 0.2596 -2.5016 0.9785
4.7842 0.6044 -2.5016 0.9785
4.7594 0.7757 -2.5016 0.9785
4.7285 0.9461 -2.5016 0.9785
4.6484 1.2829 -2.5017 0.9785
4.5444 1.6131 -2.5017 0.9785
4.4836 1.7752 -2.5017 0.9785
4.2667 2.2469 -2.5017 0.9785
4.0946 2.5472 -2.5017 0.9785
3.8983 2.8323 -2.4998 0.9785
3.6810 3.1012 -2.4970 0.9785
3.5655 3.2298 -2.4957 0.9786
3.4456 3.3541 -2.4946 0.9786
3.2999 3.4514 -2.4772 0.9787
3.1358 3.5249 -2.4475 0.9790
2.9752 3.5964 -2.4214 0.9792
2.3593 3.8695 -2.3511 0.9798
2.2173 3.9489 -2.3495 0.9798
1.7800 4.1644 -2.3495 0.9798
1.3219 4.3316 -2.3495 0.9798
0.5392 4.5999 -2.4027 0.9793
0.3774 4.6611 -2.4260 0.9791
0.2121 4.7231 -2.4527 0.9789
0.0430 4.7859 -2.4829 0.9787
-0.4745 4.7903 -2.4973 0.9785
-0.6465 4.7728 -2.4987 0.9785
-0.8179 4.7493 -2.5001 0.9785
-1.1573 4.6814 -2.5017 0.9785
-1.4902 4.5863 -2.5017 0.9785
-1.9746 4.3995 -2.5017 0.9785
-2.1312 4.3258 -2.5017 0.9785
-2.2851 4.2465 -2.5017 0.9785
-2.4361 4.1617 -2.5017 0.9785
-2.7284 3.9762 -2.5017 0.9785
-3.0067 3.7702 -2.5017 0.9785
-3.2694 3.5448 -2.5017 0.9785
-3.9516 2.7640 -2.5017 0.9785
-4.0483 2.6204 -2.5017 0.9785
-4.2258 2.3232 -2.5017 0.9785
-4.3816 2.0140 -2.5017 0.9785
-4.5727 1.5313 -2.5017 0.9785
-4.6248 1.3661 -2.5017 0.9785
-4.7109 1.0308 -2.5017 0.9785
-4.7448 0.8611 -2.5017 0.9785
-4.7727 0.6902 -2.5017 0.9785
-4.7944 0.5184 -2.5017 0.9785
-4.8099 0.3460 -2.5017 0.9785
-4.5676 0.0000 -2.5017 0.9794
-4.5647 -0.1640 -2.5017 0.9794
-4.5559 -0.3277 -2.5017 0.9794
-4.4942 -0.8156 -2.5017 0.9794
-4.4621 -0.9764 -2.5017 0.9794
-4.4241 -1.1359 -2.5017 0.9794
-4.3805 -1.2940 -2.5017 0.9794
-4.3312 -1.4504 -2.5017 0.9794
-4.2764 -1.6049 -2.5017 0.9794
-4.0790 -2.0554 -2.5017 0.9794
-4.0026 -2.2005 -2.5017 0.9794
-3.9211 -2.3427 -2.5017 0.9794
-3.7429 -2.6180 -2.5017 0.9794
-3.6465 -2.7507 -2.5017 0.9794
-3.2153 -3.2442 -2.5017 0.9794
-2.4474 -3.8565 -2.5017 0.9794
-2.1644 -4.0222 -2.5017 0.9794
-2.0187 -4.0973 -2.5017 0.9794
-1.7195 -4.2316 -2.5017 0.9794
-1.5665 -4.2906 -2.5017 0.9794
-1.4115 -4.3440 -2.5017 0.9794
-1.2546 -4.3919 -2.5017 0.9794
-1.0962 -4.4341 -2.5017 0.9794
-0.9363 -4.4706 -2.5017 0.9794
-0.4502 -4.5453 -2.5017 0.9794
0.6943 -4.5145 -2.5017 0.9794
0.8559 -4.4866 -2.5017 0.9794
1.0164 -4.4530 -2.5017 0.9794
1.3332 -4.3686 -2.5017 0.9794
1.4892 -4.3179 -2.5017 0.9794
2.5162 -3.8119 -2.5016 0.9794
2.6514 -3.7192 -2.5016 0.9794
2.7832 -3.6216 -2.5016 0.9794
3.3852 -3.0664 -2.5016 0.9794
3.6952 -2.6847 -2.5016 0.9794
3.9624 -2.2719 -2.5016 0.9794
2.5391 -0.7008 -1.4427 0.9881
2.6148 -0.5232 -1.4605 0.9879
4.5315 -0.5725 -2.5016 0.9794
4.5609 -0.2459 -2.5016 0.9794
4.5668 0.0820 -2.5016 0.9794
4.5080 0.7348 -2.5016 0.9794
4.4437 1.0563 -2.5017 0.9794
4.4029 1.2151 -2.5017 0.9794
4.3565 1.3724 -2.5017 0.9794
4.3044 1.5279 -2.5017 0.9794
4.2468 1.6814 -2.5017 0.9794
4.1837 1.8328 -2.5017 0.9794
4.0414 2.1282 -2.5017 0.9794
3.9624 2.2719 -2.5017 0.9794
3.7892 2.5504 -2.5017 0.9794
3.5965 2.8157 -2.5017 0.9794
3.4918 2.9419 -2.5007 0.9794
3.3823 3.0638 -2.4995 0.9794
3.2687 3.1818 -2.4984 0.9794
3.1511 3.2958 -2.4974 0.9794
2.7757 3.6118 -2.4949 0.9794
2.6436 3.7081 -2.4942 0.9794
2.4962 3.7816 -2.4817 0.9795
2.1958 3.9105 -2.4563 0.9798
1.8990 4.0355 -2.4427 0.9799
1.4548 4.2183 -2.4439 0.9799
1.3057 4.2783 -2.4499 0.9798
1.0036 4.3972 -2.4703 0.9796
0.8502 4.4568 -2.4850 0.9795
0.6922 4.5013 -2.4944 0.9794
0.2045 4.5538 -2.4966 0.9794
0.0409 4.5599 -2.4976 0.9794
-0.1228 4.5604 -2.4986 0.9794
-0.4501 4.5441 -2.5010 0.9794
-0.6131 4.5263 -2.5017 0.9794
-0.7752 4.5014 -2.5017 0.9794
-0.9363 4.4706 -2.5017 0.9794
-1.0962 4.4341 -2.5017 0.9794
-1.4115 4.3441 -2.5017 0.9794
-1.8703 4.1672 -2.5017 0.9794
-2.0187 4.0973 -2.5017 0.9794
-2.1645 4.0222 -2.5017 0.9794
-2.4475 3.8566 -2.5017 0.9794
-2.5843 3.7662 -2.5017 0.9794
-2.7178 3.6711 -2.5017 0.9794
-2.8479 3.5711 -2.5017 0.9794
-2.9742 3.4666 -2.5017 0.9794
-3.0968 3.3576 -2.5017 0.9794
-3.3297 3.1268 -2.5017 0.9794
-3.6465 2.7507 -2.5017 0.9794
-3.7429 2.6180 -2.5017 0.9794
-3.8345 2.4820 -2.5017 0.9794
-3.9211 2.3427 -2.5017 0.9794
-4.0027 2.2005 -2.5017 0.9794
-4.0791 2.0554 -2.5017 0.9794
-4.1502 1.9076 -2.5017 0.9794
-4.2160 1.7574 -2.5017 0.9794
-4.2764 1.6050 -2.5017 0.9794
-4.3312 1.4504 -2.5017 0.9794
-4.4241 1.1359 -2.5017 0.9794
-4.4942 0.8156 -2.5017 0.9794
-4.5559 0.3277 -2.5017 0.9794
-4.5647 0.1640 -2.5017 0.9794
-4.5676 0.0000 -2.5017 0.9794
-4.5647 -0.1640 -2.5017 0.9794
-4.5559 -0.3277 -2.5017 0.9794
-4.5412 -0.4910 -2.5017 0.9794
-4.5206 -0.6537 -2.5017 0.9794
-4.4942 -0.8156 -2.5017 0.9794
-4.4621 -0.9764 -2.5017 0.9794
-4.3312 -1.4504 -2.5017 0.9794
-4.2764 -1.6050 -2.5017 0.9794
-4.2160 -1.7574 -2.5017 0.9794
-4.1502 -1.9076 -2.5017 0.9794
-3.9211 -2.3427 -2.5017 0.9794
-3.8344 -2.4820 -2.5017 0.9794
-3.6465 -2.7507 -2.5017 0.9794
-3.3296 -3.1267 -2.5017 0.9794
-3.2153 -3.2442 -2.5017 0.9794
-3.0967 -3.3576 -2.5017 0.9794
-2.8479 -3.5711 -2.5017 0.9794
-2.5843 -3.7662 -2.5017 0.9794
-2.4474 -3.8565 -2.5017 0.9794
-2.1644 -4.0222 -2.5017 0.9794
-1.7195 -4.2316 -2.5017 0.9794
-1.5665 -4.2906 -2.5017 0.9794
-1.4115 -4.3440 -2.5017 0.9794
-1.2546 -4.3919 -2.5017 0.9794
-0.9363 -4.4706 -2.5017 0.9794
-0.7752 -4.5013 -2.5017 0.9794
-0.6131 -4.5262 -2.5017 0.9794
-0.4502 -4.5453 -2.5017 0.9794
-0.1230 -4.5659 -2.5017 0.9794
0.2049 -4.5630 -2.5017 0.9794
0.3686 -4.5527 -2.5017 0.9794
0.6943 -4.5145 -2.5017 0.9794
1.0164 -4.4530 -2.5017 0.9794
1.3332 -4.3686 -2.5017 0.9794
1.4892 -4.3179 -2.5017 0.9794
2.0919 -4.0604 -2.5017 0.9794
2.3778 -3.8998 -2.5017 0.9794
2.5162 -3.8119 -2.5016 0.9794
2.6515 -3.7192 -2.5016 0.9794
2.9115 -3.5193 -2.5016 0.9794
3.0359 -3.4126 -2.5016 0.9794
3.2729 -3.1859 -2.5016 0.9794
3.4931 -2.9429 -2.5016 0.9794
3.5964 -2.8156 -2.5016 0.9794
3.6952 -2.6847 -2.5016 0.9794
3.8783 -2.4127 -2.5016 0.9794
2.4307 -0.8628 -1.4127 0.9883
2.4838 -0.7825 -1.4263 0.9882
2.6148 -0.5232 -1.4605 0.9879
2.7009 -0.4402 -1.4988 0.9876
4.5315 -0.5725 -2.5016 0.9794
4.5609 -0.2459 -2.5016 0.9794
4.5668 -0.0820 -2.5016 0.9794
4.5609 0.2459 -2.5016 0.9794
4.5491 0.4094 -2.5016 0.9794
4.5315 0.5725 -2.5016 0.9794
4.5080 0.7348 -2.5016 0.9794
4.4788 0.8961 -2.5017 0.9794
4.4437 1.0563 -2.5017 0.9794
4.4029 1.2151 -2.5017 0.9794
4.3565 1.3724 -2.5017 0.9794
4.3044 1.5279 -2.5017 0.9794
4.1152 1.9818 -2.5017 0.9794
4.0414 2.1282 -2.5017 0.9794
3.9624 2.2719 -2.5017 0.9794
3.8783 2.4127 -2.5017 0.9794
3.7892 2.5504 -2.5017 0.9794
3.4918 2.9419 -2.5007 0.9794
2.9044 3.5109 -2.4956 0.9794
2.6436 3.7081 -2.4942 0.9794
2.3454 3.8466 -2.4675 0.9797
1.7511 4.0969 -2.4403 0.9799
1.1553 4.3378 -2.4586 0.9797
0.8502 4.4568 -2.4850 0.9795
0.6922 4.5013 -2.4944 0.9794
0.3677 4.5420 -2.4958 0.9794
-0.4501 4.5441 -2.5010 0.9794
-0.6131 4.5263 -2.5017 0.9794
-0.7752 4.5013 -2.5017 0.9794
-0.9363 4.4706 -2.5017 0.9794
-1.2546 4.3919 -2.5017 0.9794
-1.4115 4.3441 -2.5017 0.9794
-1.5665 4.2906 -2.5017 0.9794
-1.7195 4.2316 -2.5017 0.9794
-1.8703 4.1672 -2.5017 0.9794
-2.0187 4.0973 -2.5017 0.9794
-2.1645 4.0222 -2.5017 0.9794
-2.5843 3.7662 -2.5017 0.9794
-2.9742 3.4666 -2.5017 0.9794
-3.0968 3.3576 -2.5017 0.9794
-3.4398 3.0052 -2.5017 0.9794
-3.5454 2.8798 -2.5017 0.9794
-3.6465 2.7507 -2.5017 0.9794
-3.7429 2.6180 -2.5017 0.9794
-4.2764 1.6050 -2.5017 0.9794
-4.4241 1.1359 -2.5017 0.9794
-4.4621 0.9764 -2.5017 0.9794
-4.4942 0.8156 -2.5017 0.9794
-4.5559 0.3277 -2.5017 0.9794
-4.5647 0.1640 -2.5017 0.9794
-4.5676 0.0000 -2.5017 0.9794
-4.5647 -0.1640 -2.5017 0.9794
-4.5559 -0.3277 -2.5017 0.9794
-4.5412 -0.4910 -2.5017 0.9794
-4.5206 -0.6537 -2.5017 0.9794
-4.4621 -0.9764 -2.5017 0.9794
-4.4241 -1.1359 -2.5017 0.9794
-4.3312 -1.4504 -2.5017 0.9794
-4.2160 -1.7574 -2.5017 0.9794
-4.1502 -1.9076 -2.5017 0.9794
-4.0790 -2.0554 -2.5017 0.9794
-4.0026 -2.2005 -2.5017 0.9794
-3.9211 -2.3427 -2.5017 0.9794
-3.7429 -2.6180 -2.5017 0.9794
-3.5454 -2.8798 -2.5017 0.9794
-3.4397 -3.0052 -2.5017 0.9794
-3.2152 -3.2442 -2.5017 0.9794
-2.9742 -3.4666 -2.5017 0.9794
-2.8479 -3.5711 -2.5017 0.9794
-2.7178 -3.6710 -2.5017 0.9794
-2.4474 -3.8565 -2.5017 0.9794
-2.3074 -3.9419 -2.5017 0.9794
-2.1644 -4.0222 -2.5017 0.9794
-2.0187 -4.0973 -2.5017 0.9794
-1.8703 -4.1671 -2.5017 0.9794
-1.5665 -4.2906 -2.5017 0.9794
-1.4115 -4.3440 -2.5017 0.9794
-1.2546 -4.3919 -2.5017 0.9794
-1.0961 -4.4341 -2.5017 0.9794
-0.7752 -4.5013 -2.5017 0.9794
-0.2868 -4.5585 -2.5017 0.9794
-0.1230 -4.5659 -2.5017 0.9794
0.0410 -4.5674 -2.5017 0.9794
0.3686 -4.5527 -2.5017 0.9794
1.1756 -4.4137 -2.5017 0.9794
1.3332 -4.3686 -2.5017 0.9794
1.4892 -4.3180 -2.5017 0.9794
1.6432 -4.2617 -2.5017 0.9794
1.7952 -4.2000 -2.5017 0.9794
2.0919 -4.0603 -2.5017 0.9794
2.5162 -3.8119 -2.5016 0.9794
2.9115 -3.5193 -2.5016 0.9794
3.1564 -3.3014 -2.5016 0.9794
3.5965 -2.8156 -2.5016 0.9794
3.7892 -2.5503 -2.5016 0.9794
3.8783 -2.4127 -2.5016 0.9794
4.0414 -2.1282 -2.5016 0.9794
2.4307 -0.8628 -1.4127 0.9883
2.4838 -0.7825 -1.4263 0.9882
2.5391 -0.7008 -1.4427 0.9881
2.5809 -0.6135 -1.4530 0.9880
2.6148 -0.5232 -1.4605 0.9879
4.5491 -0.4094 -2.5016 0.9794
4.5609 -0.2459 -2.5016 0.9794
4.5491 0.4094 -2.5016 0.9794
4.4437 1.0563 -2.5017 0.9794
4.3565 1.3724 -2.5017 0.9794
4.1152 1.9818 -2.5017 0.9794
4.0414 2.1282 -2.5017 0.9794
3.9624 2.2719 -2.5017 0.9794
3.8783 2.4127 -2.5017 0.9794
3.6952 2.6847 -2.5017 0.9794
3.4918 2.9419 -2.5007 0.9794
3.3823 3.0638 -2.4995 0.9794
3.2687 3.1818 -2.4984 0.9794
3.1511 3.2958 -2.4974 0.9794
2.9044 3.5109 -2.4956 0.9794
2.6436 3.7081 -2.4942 0.9794
2.1958 3.9105 -2.4563 0.9798
2.0471 3.9734 -2.4481 0.9798
1.7511 4.0969 -2.4403 0.9799
1.4548 4.2183 -2.4439 0.9799
1.3057 4.2783 -2.4499 0.9798
1.1553 4.3378 -2.4586 0.9797
1.0036 4.3972 -2.4703 0.9796
0.5304 4.5244 -2.4950 0.9794
0.3677 4.5420 -2.4958 0.9794
0.2045 4.5538 -2.4966 0.9794
-0.2866 4.5551 -2.4998 0.9794
-0.4501 4.5441 -2.5010 0.9794
-1.0962 4.4341 -2.5017 0.9794
-2.4475 3.8566 -2.5017 0.9794
-2.8479 3.5711 -2.5017 0.9794
-2.9742 3.4666 -2.5017 0.9794
-3.0968 3.3576 -2.5017 0.9794
-3.4398 3.0052 -2.5017 0.9794
-3.7429 2.6180 -2.5017 0.9794
-3.9211 2.3427 -2.5017 0.9794
-4.0027 2.2005 -2.5017 0.9794
-4.0791 2.0554 -2.5017 0.9794
-4.1502 1.9076 -2.5017 0.9794
-4.2764 1.6050 -2.5017 0.9794
-4.3805 1.2940 -2.5017 0.9794
-4.5206 0.6537 -2.5017 0.9794
-4.5647 -0.1640 -2.5017 0.9794
-4.5559 -0.3277 -2.5017 0.9794
-4.4942 -0.8156 -2.5017 0.9794
-4.4621 -0.9764 -2.5017 0.9794
-4.4241 -1.1359 -2.5017 0.9794
-4.3805 -1.2940 -2.5017 0.9794
-4.3312 -1.4504 -2.5017 0.9794
-4.2160 -1.7574 -2.5017 0.9794
-4.0026 -2.2005 -2.5017 0.9794
-3.8344 -2.4820 -2.5017 0.9794
-3.5454 -2.8798 -2.5017 0.9794
-3.4397 -3.0052 -2.5017 0.9794
-3.3296 -3.1267 -2.5017 0.9794
-3.2152 -3.2442 -2.5017 0.9794
-3.0967 -3.3576 -2.5017 0.9794
-2.8479 -3.5711 -2.5017 0.9794
-2.3074 -3.9419 -2.5017 0.9794
-2.0187 -4.0973 -2.5017 0.9794
-1.7195 -4.2316 -2.5017 0.9794
-1.5665 -4.2906 -2.5017 0.9794
-1.4114 -4.3440 -2.5017 0.9794
-1.0961 -4.4341 -2.5017 0.9794
-0.2868 -4.5585 -2.5017 0.9794
0.0410 -4.5674 -2.5017 0.9794
0.2049 -4.5630 -2.5017 0.9794
0.6943 -4.5145 -2.5017 0.9794
1.1756 -4.4137 -2.5017 0.9794
1.3332 -4.3686 -2.5017 0.9794
1.6432 -4.2617 -2.5017 0.9794
1.9448 -4.1328 -2.5017 0.9794
2.0919 -4.0603 -2.5017 0.9794
3.3852 -3.0664 -2.5016 0.9794
3.4931 -2.9429 -2.5016 0.9794
3.5964 -2.8156 -2.5016 0.9794
3.6952 -2.6847 -2.5016 0.9794
3.8783 -2.4127 -2.5016 0.9794
3.9624 -2.2719 -2.5016 0.9794
2.4037 -1.1575 -1.4612 0.9879
2.3939 -1.0487 -1.4314 0.9882
2.3968 -0.9489 -1.4119 0.9883
2.4838 -0.7825 -1.4263 0.9882
2.6148 -0.5232 -1.4605 0.9879
4.5609 -0.2459 -2.5016 0.9794
4.5668 -0.0820 -2.5016 0.9794
4.5668 0.0820 -2.5016 0.9794
4.5609 0.2459 -2.5016 0.9794
4.5315 0.5725 -2.5016 0.9794
4.4437 1.0563 -2.5017 0.9794
4.4029 1.2151 -2.5017 0.9794
4.3044 1.5279 -2.5017 0.9794
4.2468 1.6814 -2.5017 0.9794
3.7892 2.5504 -2.5017 0.9794
3.5965 2.8157 -2.5017 0.9794
3.3823 3.0638 -2.4995 0.9794
3.2687 3.1818 -2.4984 0.9794
3.1511 3.2958 -2.4974 0.9794
3.0296 3.4055 -2.4965 0.9794
2.7757 3.6118 -2.4949 0.9794
2.6436 3.7081 -2.4942 0.9794
1.8990 4.0355 -2.4427 0.9799
1.6032 4.1578 -2.4407 0.9799
1.1553 4.3378 -2.4586 0.9797
1.0036 4.3972 -2.4703 0.9796
0.6922 4.5013 -2.4944 0.9794
0.3677 4.5420 -2.4958 0.9794
0.2045 4.5538 -2.4966 0.9794
-0.1228 4.5604 -2.4986 0.9794
-0.2866 4.5551 -2.4998 0.9794
-0.9363 4.4706 -2.5017 0.9794
-1.0962 4.4341 -2.5017 0.9794
-1.2546 4.3919 -2.5017 0.9794
-1.4115 4.3441 -2.5017 0.9794
-1.5665 4.2906 -2.5017 0.9794
-1.7195 4.2316 -2.5017 0.9794
-2.0187 4.0973 -2.5017 0.9794
-2.1645 4.0222 -2.5017 0.9794
-2.3074 3.9420 -2.5017 0.9794
-2.4475 3.8566 -2.5017 0.9794
-2.5843 3.7662 -2.5017 0.9794
-2.7179 3.6710 -2.5017 0.9794
-2.8479 3.5711 -2.5017 0.9794
-2.9742 3.4666 -2.5017 0.9794
-3.0968 3.3576 -2.5017 0.9794
-3.2153 3.2443 -2.5017 0.9794
-3.3297 3.1268 -2.5017 0.9794
-3.4398 3.0052 -2.5017 0.9794
-3.5454 2.8798 -2.5017 0.9794
-3.9211 2.3427 -2.5017 0.9794
-4.0791 2.0554 -2.5017 0.9794
-4.2160 1.7574 -2.5017 0.9794
-4.2764 1.6049 -2.5017 0.9794
-4.3312 1.4504 -2.5017 0.9794
-4.4621 0.9764 -2.5017 0.9794
-4.5559 0.3277 -2.5017 0.9794
-4.5647 0.1640 -2.5017 0.9794
-4.2885 -0.6202 -2.5017 0.9802
-4.2329 -0.9262 -2.5017 0.9802
-4.1970 -1.0776 -2.5017 0.9802
-4.1088 -1.3759 -2.5017 0.9802
-4.0568 -1.5225 -2.5017 0.9802
-3.9995 -1.6672 -2.5017 0.9802
-3.9371 -1.8097 -2.5017 0.9802
-3.8696 -1.9498 -2.5017 0.9802
-3.7971 -2.0875 -2.5017 0.9802
-3.7197 -2.2224 -2.5017 0.9802
-3.6375 -2.3545 -2.5017 0.9802
-3.5507 -2.4836 -2.5017 0.9802
-3.2631 -2.8509 -2.5017 0.9802
-3.1587 -2.9662 -2.5017 0.9802
-3.0502 -3.0777 -2.5017 0.9802
-2.9377 -3.1852 -2.5017 0.9802
-2.8215 -3.2885 -2.5017 0.9802
-2.7016 -3.3877 -2.5017 0.9802
-2.5783 -3.4825 -2.5017 0.9802
-2.4516 -3.5728 -2.5017 0.9802
-2.1889 -3.7395 -2.5017 0.9802
-1.6312 -4.0143 -2.5017 0.9802
-1.4860 -4.0702 -2.5017 0.9802
-1.1902 -4.1664 -2.5017 0.9802
-1.0399 -4.2064 -2.5017 0.9802
-0.8882 -4.2410 -2.5017 0.9802
-0.7354 -4.2702 -2.5017 0.9802
-0.2721 -4.3245 -2.5017 0.9802
0.0389 -4.3328 -2.5017 0.9802
0.3497 -4.3189 -2.5017 0.9802
0.8119 -4.2563 -2.5017 0.9802
0.9642 -4.2244 -2.5017 0.9802
1.2648 -4.1443 -2.5017 0.9802
1.5589 -4.0429 -2.5017 0.9802
2.1214 -3.7781 -2.5017 0.9802
2.6403 -3.4356 -2.5017 0.9802
2.8800 -3.2373 -2.5016 0.9802
3.2113 -2.9090 -2.5016 0.9802
3.3137 -2.7918 -2.5016 0.9802
3.4118 -2.6711 -2.5016 0.9802
3.5055 -2.5469 -2.5016 0.9802
3.5946 -2.4194 -2.5016 0.9802
3.8339 -2.0189 -2.5016 0.9802
2.3895 -1.0468 -1.5061 0.9880
2.4395 -0.8659 -1.4945 0.9881
2.5553 -0.6074 -1.5164 0.9879
2.5892 -0.5180 -1.5245 0.9879
2.6788 -0.4366 -1.5670 0.9875
4.3267 -0.2332 -2.5016 0.9802
4.3323 0.0778 -2.5016 0.9802
4.3156 0.3884 -2.5016 0.9802
4.2988 0.5431 -2.5017 0.9802
4.2488 0.8501 -2.5017 0.9802
4.2155 1.0021 -2.5017 0.9802
4.1768 1.1527 -2.5017 0.9802
4.1328 1.3019 -2.5017 0.9802
4.0834 1.4494 -2.5017 0.9802
4.0287 1.5951 -2.5017 0.9802
3.8339 2.0189 -2.5017 0.9802
3.6792 2.2888 -2.5017 0.9802
3.5946 2.4194 -2.5017 0.9802
3.5055 2.5469 -2.5017 0.9802
3.4118 2.6711 -2.5017 0.9802
3.3137 2.7918 -2.5017 0.9802
3.2114 2.9090 -2.5017 0.9802
3.1049 3.0224 -2.5017 0.9802
2.8782 3.2353 -2.5001 0.9802
2.6371 3.4314 -2.4986 0.9802
2.1172 3.7706 -2.4966 0.9802
1.9803 3.8437 -2.4964 0.9802
1.8409 3.9121 -2.4962 0.9802
1.6992 3.9755 -2.4961 0.9802
1.5554 4.0340 -2.4961 0.9802
1.4097 4.0874 -2.4962 0.9802
1.2621 4.1357 -2.4964 0.9802
0.9624 4.2166 -2.4971 0.9802
0.8106 4.2493 -2.4975 0.9802
0.6577 4.2766 -2.4981 0.9802
0.3494 4.3151 -2.4995 0.9802
0.1943 4.3263 -2.5003 0.9802
-0.1167 4.3315 -2.5017 0.9802
-0.5816 4.2939 -2.5017 0.9802
-0.7354 4.2702 -2.5017 0.9802
-0.8882 4.2411 -2.5017 0.9802
-1.0399 4.2064 -2.5017 0.9802
-1.1902 4.1664 -2.5017 0.9802
-1.3390 4.1210 -2.5017 0.9802
-1.4861 4.0703 -2.5017 0.9802
-2.0533 3.8157 -2.5017 0.9802
-2.1890 3.7395 -2.5017 0.9802
-2.3218 3.6585 -2.5017 0.9802
-2.4516 3.5728 -2.5017 0.9802
-2.7016 3.3877 -2.5017 0.9802
-2.8215 3.2886 -2.5017 0.9802
-2.9377 3.1852 -2.5017 0.9802
-3.1587 2.9662 -2.5017 0.9802
-3.3634 2.7319 -2.5017 0.9802
-3.5507 2.4836 -2.5017 0.9802
-3.8696 1.9498 -2.5017 0.9802
-3.9371 1.8097 -2.5017 0.9802
-3.9995 1.6672 -2.5017 0.9802
-4.0568 1.5225 -2.5017 0.9802
-4.1088 1.3759 -2.5017 0.9802
-4.1970 1.0776 -2.5017 0.9802
-4.3080 0.4658 -2.5017 0.9802
-4.3219 0.3109 -2.5017 0.9802
-4.3303 -0.1555 -2.5017 0.9802
-4.3219 -0.3109 -2.5017 0.9802
-4.3080 -0.4658 -2.5017 0.9802
-4.2885 -0.6202 -2.5017 0.9802
-4.2329 -0.9262 -2.5017 0.9802
-4.0568 -1.5225 -2.5017 0.9802
-3.8696 -1.9498 -2.5017 0.9802
-3.5507 -2.4836 -2.5017 0.9802
-3.3633 -2.7319 -2.5017 0.9802
-3.2631 -2.8509 -2.5017 0.9802
-3.1587 -2.9662 -2.5017 0.9802
-2.9377 -3.1852 -2.5017 0.9802
-2.7016 -3.3877 -2.5017 0.9802
-2.5783 -3.4825 -2.5017 0.9802
-2.4516 -3.5728 -2.5017 0.9802
-2.3218 -3.6585 -2.5017 0.9802
-2.0533 -3.8157 -2.5017 0.9802
-1.9150 -3.8869 -2.5017 0.9802
-1.7742 -3.9531 -2.5017 0.9802
-1.6312 -4.0143 -2.5017 0.9802
-1.1902 -4.1664 -2.5017 0.9802
-1.0399 -4.2064 -2.5017 0.9802
-0.8882 -4.2410 -2.5017 0.9802
-0.7354 -4.2702 -2.5017 0.9802
-0.5816 -4.2938 -2.5017 0.9802
-0.2721 -4.3245 -2.5017 0.9802
-0.1167 -4.3314 -2.5017 0.9802
0.0389 -4.3328 -2.5017 0.9802
0.1944 -4.3287 -2.5017 0.9802
0.5045 -4.3035 -2.5017 0.9802
1.1152 -4.1870 -2.5017 0.9802
1.2648 -4.1443 -2.5017 0.9802
1.5589 -4.0429 -2.5017 0.9802
1.7030 -3.9843 -2.5017 0.9802
1.8449 -3.9206 -2.5017 0.9802
1.9844 -3.8519 -2.5017 0.9802
2.1214 -3.7781 -2.5017 0.9802
2.3870 -3.6162 -2.5017 0.9802
2.8800 -3.2373 -2.5016 0.9802
3.1049 -3.0223 -2.5016 0.9802
3.3137 -2.7918 -2.5016 0.9802
3.4118 -2.6711 -2.5016 0.9802
3.5946 -2.4194 -2.5016 0.9802
3.6791 -2.2888 -2.5016 0.9802
3.7589 -2.1553 -2.5016 0.9802
3.8339 -2.0189 -2.5016 0.9802
2.4149 -1.1629 -1.5475 0.9877
2.4051 -0.9523 -1.4935 0.9881
2.4983 -0.7870 -1.5123 0.9880
2.5580 -0.7060 -1.5321 0.9878
2.5553 -0.6074 -1.5164 0.9879
2.6788 -0.4366 -1.5670 0.9875
4.3267 0.2333 -2.5016 0.9802
4.3155 0.3884 -2.5016 0.9802
4.2988 0.5431 -2.5017 0.9802
4.2488 0.8501 -2.5017 0.9802
4.2155 1.0021 -2.5017 0.9802
4.0834 1.4494 -2.5017 0.9802
3.9689 1.7387 -2.5017 0.9802
3.7590 2.1553 -2.5017 0.9802
3.6792 2.2888 -2.5017 0.9802
3.5055 2.5469 -2.5017 0.9802
3.4118 2.6711 -2.5017 0.9802
3.3137 2.7918 -2.5017 0.9802
2.9936 3.1310 -2.5010 0.9802
2.8782 3.2353 -2.5001 0.9802
2.7594 3.3355 -2.4993 0.9802
2.6371 3.4314 -2.4986 0.9802
2.5116 3.5230 -2.4980 0.9802
2.3830 3.6101 -2.4974 0.9802
2.2515 3.6927 -2.4970 0.9802
2.1172 3.7706 -2.4966 0.9802
1.9803 3.8437 -2.4964 0.9802
1.4097 4.0874 -2.4962 0.9802
1.2621 4.1357 -2.4964 0.9802
1.1130 4.1788 -2.4967 0.9802
0.9624 4.2166 -2.4971 0.9802
0.3494 4.3151 -2.4995 0.9802
0.0389 4.3320 -2.5012 0.9802
-0.1167 4.3315 -2.5017 0.9802
-0.2721 4.3245 -2.5017 0.9802
-0.4271 4.3120 -2.5017 0.9802
-0.5816 4.2939 -2.5017 0.9802
-0.7354 4.2702 -2.5017 0.9802
-1.0399 4.2064 -2.5017 0.9802
-1.1902 4.1664 -2.5017 0.9802
-1.3390 4.1210 -2.5017 0.9802
-1.4861 4.0703 -2.5017 0.9802
-1.6312 4.0143 -2.5017 0.9802
-2.0533 3.8157 -2.5017 0.9802
-2.1890 3.7395 -2.5017 0.9802
-2.3218 3.6585 -2.5017 0.9802
-2.5783 3.4825 -2.5017 0.9802
-2.7016 3.3877 -2.5017 0.9802
-2.9377 3.1852 -2.5017 0.9802
-3.0502 3.0777 -2.5017 0.9802
-3.1587 2.9662 -2.5017 0.9802
-3.2631 2.8509 -2.5017 0.9802
-3.5507 2.4836 -2.5017 0.9802
-3.7971 2.0875 -2.5017 0.9802
-3.8696 1.9498 -2.5017 0.9802
-3.9371 1.8097 -2.5017 0.9802
-3.9995 1.6672 -2.5017 0.9802
-4.1088 1.3759 -2.5017 0.9802
-4.1556 1.2276 -2.5017 0.9802
-4.2329 0.9262 -2.5017 0.9802
-4.2635 0.7737 -2.5017 0.9802
-4.2885 0.6202 -2.5017 0.9802
-4.3080 0.4658 -2.5017 0.9802
-4.3219 0.3109 -2.5017 0.9802
-4.3303 -0.1555 -2.5017 0.9802
-4.2885 -0.6202 -2.5017 0.9802
-4.2635 -0.7737 -2.5017 0.9802
-4.2329 -0.9262 -2.5017 0.9802
-4.1088 -1.3759 -2.5017 0.9802
-3.9995 -1.6672 -2.5017 0.9802
-3.9371 -1.8097 -2.5017 0.9802
-3.8696 -1.9498 -2.5017 0.9802
-3.7971 -2.0875 -2.5017 0.9802
-3.6375 -2.3545 -2.5017 0.9802
-3.4592 -2.6094 -2.5017 0.9802
-3.2631 -2.8509 -2.5017 0.9802
-3.1587 -2.9662 -2.5017 0.9802
-2.9377 -3.1852 -2.5017 0.9802
-2.5783 -3.4825 -2.5017 0.9802
-2.4516 -3.5728 -2.5017 0.9802
-2.0533 -3.8157 -2.5017 0.9802
-1.9150 -3.8869 -2.5017 0.9802
-1.7742 -3.9531 -2.5017 0.9802
-1.4860 -4.0702 -2.5017 0.9802
-1.3390 -4.1210 -2.5017 0.9802
-1.1902 -4.1664 -2.5017 0.9802
-0.4271 -4.3119 -2.5017 0.9802
-0.1167 -4.3314 -2.5017 0.9802
0.8119 -4.2563 -2.5017 0.9802
1.4127 -4.0962 -2.5017 0.9802
1.5589 -4.0429 -2.5017 0.9802
1.9845 -3.8519 -2.5017 0.9802
2.2557 -3.6996 -2.5017 0.9802
2.3870 -3.6162 -2.5017 0.9802
2.8800 -3.2373 -2.5016 0.9802
2.9944 -3.1319 -2.5016 0.9802
3.3137 -2.7918 -2.5016 0.9802
3.5055 -2.5469 -2.5016 0.9802
3.5946 -2.4194 -2.5016 0.9802
3.7589 -2.1553 -2.5016 0.9802
2.4149 -1.1629 -1.5475 0.9877
2.5553 -0.6074 -1.5164 0.9879
4.2988 -0.5431 -2.5016 0.9802
4.3267 -0.2332 -2.5016 0.9802
4.3323 -0.0778 -2.5016 0.9802
4.3267 0.2333 -2.5016 0.9802
4.3155 0.3884 -2.5016 0.9802
4.2988 0.5431 -2.5017 0.9802
4.2766 0.6970 -2.5017 0.9802
4.2488 0.8501 -2.5017 0.9802
4.2155 1.0021 -2.5017 0.9802
4.1328 1.3019 -2.5017 0.9802
4.0834 1.4494 -2.5017 0.9802
3.9039 1.8800 -2.5017 0.9802
3.8339 2.0189 -2.5017 0.9802
3.7590 2.1553 -2.5017 0.9802
3.5946 2.4194 -2.5017 0.9802
3.5055 2.5469 -2.5017 0.9802
3.4118 2.6711 -2.5017 0.9802
3.3137 2.7918 -2.5017 0.9802
2.9936 3.1310 -2.5010 0.9802
2.5116 3.5230 -2.4980 0.9802
2.3830 3.6101 -2.4974 0.9802
1.9803 3.8437 -2.4964 0.9802
1.8409 3.9121 -2.4962 0.9802
1.5554 4.0340 -2.4961 0.9802
1.4097 4.0874 -2.4962 0.9802
0.9624 4.2166 -2.4971 0.9802
0.6577 4.2766 -2.4981 0.9802
0.0389 4.3320 -2.5012 0.9802
-0.4271 4.3120 -2.5017 0.9802
-0.5816 4.2939 -2.5017 0.9802
-0.8882 4.2411 -2.5017 0.9802
-1.0399 4.2064 -2.5017 0.9802
-1.1902 4.1664 -2.5017 0.9802
-1.3390 4.1210 -2.5017 0.9802
-1.4861 4.0703 -2.5017 0.9802
-1.6312 4.0143 -2.5017 0.9802
-1.9150 3.8869 -2.5017 0.9802
-2.0533 3.8157 -2.5017 0.9802
-2.1890 3.7395 -2.5017 0.9802
-2.3218 3.6585 -2.5017 0.9802
-2.4516 3.5728 -2.5017 0.9802
-2.8215 3.2886 -2.5017 0.9802
-2.9377 3.1852 -2.5017 0.9802
-3.3634 2.7319 -2.5017 0.9802
-3.5507 2.4836 -2.5017 0.9802
-3.7197 2.2224 -2.5017 0.9802
-3.9995 1.6672 -2.5017 0.9802
-4.1088 1.3759 -2.5017 0.9802
-4.1970 1.0776 -2.5017 0.9802
-4.2635 0.7737 -2.5017 0.9802
-4.2885 0.6202 -2.5017 0.9802
-4.3080 0.4658 -2.5017 0.9802
-4.3219 0.3109 -2.5017 0.9802
-4.3219 -0.3109 -2.5017 0.9802
-4.2885 -0.6202 -2.5017 0.9802
-4.2635 -0.7737 -2.5017 0.9802
-4.1556 -1.2276 -2.5017 0.9802
-4.0568 -1.5225 -2.5017 0.9802
-3.9371 -1.8097 -2.5017 0.9802
-3.7197 -2.2224 -2.5017 0.9802
-3.6375 -2.3545 -2.5017 0.9802
-3.4592 -2.6094 -2.5017 0.9802
-3.3633 -2.7319 -2.5017 0.9802
-3.1587 -2.9662 -2.5017 0.9802
-3.0501 -3.0777 -2.5017 0.9802
-2.8215 -3.2886 -2.5017 0.9802
-2.3218 -3.6585 -2.5017 0.9802
-2.1889 -3.7395 -2.5017 0.9802
-1.6312 -4.0143 -2.5017 0.9802
-1.4860 -4.0702 -2.5017 0.9802
-1.1902 -4.1664 -2.5017 0.9802
-1.0399 -4.2064 -2.5017 0.9802
-0.5816 -4.2938 -2.5017 0.9802
-0.4271 -4.3119 -2.5017 0.9802
-0.2721 -4.3245 -2.5017 0.9802
-0.1167 -4.3314 -2.5017 0.9802
0.1944 -4.3287 -2.5017 0.9802
0.6586 -4.2827 -2.5017 0.9802
0.8119 -4.2563 -2.5017 0.9802
1.5589 -4.0429 -2.5017 0.9802
1.7030 -3.9843 -2.5017 0.9802
1.8449 -3.9206 -2.5017 0.9802
1.9845 -3.8519 -2.5017 0.9802
2.1214 -3.7781 -2.5017 0.9802
2.2557 -3.6996 -2.5017 0.9802
2.5153 -3.5282 -2.5017 0.9802
2.7620 -3.3386 -2.5016 0.9802
2.8800 -3.2373 -2.5016 0.9802
3.3137 -2.7918 -2.5016 0.9802
3.4118 -2.6711 -2.5016 0.9802
3.6792 -2.2888 -2.5016 0.9802
3.7589 -2.1552 -2.5016 0.9802
2.4149 -1.1629 -1.5475 0.9877
2.3895 -1.0468 -1.5061 0.9880
2.4983 -0.7870 -1.5123 0.9880
2.5580 -0.7059 -1.5321 0.9878
2.5553 -0.6074 -1.5164 0.9879
2.6788 -0.4366 -1.5670 0.9875
4.2988 -0.5431 -2.5016 0.9802
4.3155 -0.3884 -2.5016 0.9802
4.3267 0.2333 -2.5016 0.9802
4.2488 0.8501 -2.5017 0.9802
4.2155 1.0021 -2.5017 0.9802
4.1768 1.1527 -2.5017 0.9802
4.1328 1.3019 -2.5017 0.9802
4.0834 1.4494 -2.5017 0.9802
4.0287 1.5951 -2.5017 0.9802
3.9689 1.7387 -2.5017 0.9802
3.8339 2.0189 -2.5017 0.9802
3.6792 2.2888 -2.5017 0.9802
3.5055 2.5469 -2.5017 0.9802
3.4118 2.6711 -2.5017 0.9802
3.3137 2.7918 -2.5017 0.9802
3.2114 2.9090 -2.5017 0.9802
3.1049 3.0224 -2.5017 0.9802
2.8782 3.2353 -2.5001 0.9802
2.7594 3.3355 -2.4993 0.9802
2.6371 3.4314 -2.4986 0.9802
2.3830 3.6101 -2.4974 0.9802
2.2515 3.6927 -2.4970 0.9802
2.1172 3.7706 -2.4966 0.9802
1.8409 3.9121 -2.4962 0.9802
1.6992 3.9755 -2.4961 0.9802
1.5554 4.0340 -2.4961 0.9802
1.4097 4.0874 -2.4962 0.9802
1.2621 4.1357 -2.4964 0.9802
0.9624 4.2167 -2.4971 0.9802
0.8106 4.2493 -2.4975 0.9802
0.6577 4.2766 -2.4981 0.9802
0.1943 4.3263 -2.5003 0.9802
0.0389 4.3320 -2.5012 0.9802
-0.2721 4.3245 -2.5017 0.9802
-1.0399 4.2064 -2.5017 0.9802
-1.3390 4.1210 -2.5017 0.9802
-1.4861 4.0703 -2.5017 0.9802
-1.6312 4.0143 -2.5017 0.9802
-1.7743 3.9532 -2.5017 0.9802
-2.3218 3.6585 -2.5017 0.9802
-2.4516 3.5728 -2.5017 0.9802
-2.5783 3.4825 -2.5017 0.9802
-2.7016 3.3877 -2.5017 0.9802
-2.8215 3.2886 -2.5017 0.9802
-3.2631 2.8509 -2.5017 0.9802
-3.4593 2.6094 -2.5017 0.9802
-3.5507 2.4836 -2.5017 0.9802
-3.7971 2.0875 -2.5017 0.9802
-3.9371 1.8097 -2.5017 0.9802
-4.1088 1.3759 -2.5017 0.9802
-4.1556 1.2276 -2.5017 0.9802
-4.2329 0.9262 -2.5017 0.9802
-4.3080 0.4658 -2.5017 0.9802
-4.3219 0.3109 -2.5017 0.9802
-4.3303 0.1555 -2.5017 0.9802
