ply
format ascii 1.0
element vertex 10481
property float32 x
property float32 y
property float32 z
property float32 I
end_header
-15.1216 -15.2456 3.7863 0.9165
-28.1936 -32.8316 7.6307 0.8388
-21.9047 -31.8888 6.8216 0.8546
-18.4149 -31.4209 6.4217 0.8625
-16.5830 -33.6105 6.6085 0.8588
-15.4867 -34.4512 6.6602 0.8578
-13.2493 -36.2193 6.8003 0.8550
-12.8259 -39.3880 7.3041 0.8451
-12.3341 -43.0689 7.8995 0.8336
7.4273 -48.5806 8.6656 0.8190
9.1757 -48.3369 8.6753 0.8189
4.3028 -12.5155 2.3336 0.9477
25.7412 -39.0899 8.2528 0.8269
24.3531 -29.5073 6.7461 0.8561
26.0851 -25.4536 6.4264 0.8624
28.0823 -25.5009 6.6886 0.8572
29.8354 -25.2001 6.8862 0.8533
33.5321 -24.4284 7.3152 0.8449
36.0241 -24.3146 7.6635 0.8382
38.5085 -24.0267 8.0033 0.8316
21.4174 -8.5148 4.0640 0.9106
40.5245 25.1042 8.4056 0.8240
37.7659 27.3275 8.2197 0.8275
29.9237 23.3333 6.6908 0.8572
25.1800 22.7183 5.9799 0.8713
12.8982 12.5054 3.1678 0.9296
20.8433 21.7125 5.3070 0.8849
18.0882 21.7736 4.9912 0.8914
14.9109 20.8231 4.5160 0.9012
13.9163 20.9858 4.4400 0.9028
10.7847 20.8225 4.1348 0.9091
6.3452 20.6243 3.8048 0.9161
3.7703 19.5194 3.5054 0.9224
2.3547 19.6881 3.4963 0.9226
1.6508 19.8070 3.5046 0.9224
0.2960 26.0125 4.5870 0.8997
-0.4828 19.6974 3.4742 0.9231
-1.8132 18.7753 3.3260 0.9262
-2.4840 18.6859 3.3238 0.9263
-3.2020 18.8746 3.3757 0.9252
-7.0811 25.0297 4.5866 0.8997
-7.2785 18.0467 3.4312 0.9240
-10.7462 18.4717 3.7681 0.9169
-6.4414 9.4421 2.0154 0.9546
-12.9208 17.5525 3.8431 0.9153
-13.6383 17.1988 3.8704 0.9147
-15.8932 17.3286 4.1460 0.9089
-17.9654 16.9664 4.3571 0.9045
-21.7025 16.4693 4.8038 0.8952
-23.1310 16.2794 4.9875 0.8915
-28.1878 15.6050 5.6811 0.8773
-29.7810 15.1174 5.8890 0.8731
-32.2791 14.9541 6.2728 0.8655
-25.7870 6.7058 4.6982 0.8974
-30.1153 1.1780 5.3142 0.8848
-15.1311 -15.1575 3.7765 0.9167
-28.3361 -32.7840 7.6407 0.8386
-26.0742 -32.4511 7.3402 0.8444
-22.0711 -31.9110 6.8415 0.8542
-18.5628 -31.4414 6.4381 0.8622
-17.6926 -32.5842 6.5378 0.8602
-15.5855 -34.3755 6.6552 0.8579
-13.2843 -35.9569 6.7590 0.8558
-11.8103 -46.9891 8.5432 0.8214
5.5231 -48.8369 8.6661 0.8190
4.2380 -12.4570 2.3201 0.9480
25.6517 -39.2275 8.2645 0.8267
25.1715 -35.6332 7.6926 0.8376
25.0402 -32.8775 7.2871 0.8455
24.7980 -30.2435 6.8962 0.8531
27.5939 -25.2195 6.5915 0.8591
29.7363 -25.2805 6.8821 0.8534
31.2939 -24.7266 7.0326 0.8504
33.5392 -24.5988 7.3340 0.8446
38.3943 -24.1271 7.9957 0.8318
40.9406 -23.7222 8.3432 0.8252
43.3800 -23.0978 8.6658 0.8190
37.7883 27.1593 8.2055 0.8278
30.0154 23.2503 6.6946 0.8571
26.8871 22.4156 6.1724 0.8675
25.2326 22.6192 5.9751 0.8714
12.9293 12.4552 3.1655 0.9297
20.9976 21.7330 5.3285 0.8845
18.2215 21.7913 5.0087 0.8910
16.7819 21.5996 4.8230 0.8949
13.9432 20.8804 4.4272 0.9030
13.0179 21.0964 4.3711 0.9042
10.8809 20.8441 4.1460 0.9089
9.6905 20.3083 3.9677 0.9127
8.0044 20.4281 3.8687 0.9147
7.1836 20.4665 3.8246 0.9157
5.5734 20.4730 3.7413 0.9174
3.0984 19.4299 3.4693 0.9232
0.3797 26.0239 4.5892 0.8997
-1.1045 19.2955 3.4079 0.9245
-2.4240 18.6939 3.3238 0.9263
-3.1508 18.9412 3.3857 0.9250
-6.0675 25.1636 4.5642 0.9002
-6.0459 18.9800 3.5124 0.9223
-6.6571 18.5671 3.4780 0.9230
-7.2362 18.1093 3.4386 0.9238
-7.9349 17.9592 3.4620 0.9233
-8.8273 18.1846 3.5643 0.9212
-13.6417 23.6230 4.8100 0.8951
-6.8557 9.3762 2.0481 0.9539
-14.7452 17.3956 4.0210 0.9115
-15.8048 17.3437 4.1375 0.9091
-21.5797 16.4856 4.7884 0.8956
-22.9988 16.2971 4.9702 0.8918
-24.1168 15.8210 5.0858 0.8895
-29.7982 15.2467 5.9021 0.8729
-31.5259 14.7283 6.1356 0.8682
-30.4362 2.3848 5.3832 0.8834
-39.4354 -19.5426 7.7605 0.8363
-15.1508 -15.0801 3.7693 0.9168
-30.9520 -33.1017 7.9908 0.8319
-28.5140 -32.7765 7.6603 0.8382
-26.2670 -32.4768 7.3651 0.8440
-24.1789 -32.1921 7.0991 0.8491
-20.4214 -31.6909 6.6477 0.8580
-17.7583 -32.4560 6.5235 0.8605
-16.7775 -33.4613 6.6002 0.8590
-13.3190 -35.6977 6.7183 0.8566
-12.9062 -38.7869 7.2079 0.8470
-12.4279 -42.3667 7.7852 0.8358
-11.8656 -46.5758 8.4749 0.8227
3.6151 -49.0842 8.6783 0.8188
5.3666 -48.8575 8.6667 0.8190
1.6602 -11.3467 2.0220 0.9545
26.1344 -40.2472 8.4616 0.8229
25.6397 -36.5444 7.8716 0.8342
24.8891 -32.8976 7.2738 0.8457
24.4532 -27.9110 6.5431 0.8601
24.1762 -25.6748 6.2183 0.8665
26.0711 -25.7688 6.4636 0.8617
27.4390 -25.2401 6.5739 0.8595
29.5696 -25.3028 6.8622 0.8538
33.5497 -24.7725 7.3536 0.8442
35.7673 -24.4771 7.6422 0.8386
40.7065 -23.7615 8.3110 0.8258
24.4726 -9.9119 4.6557 0.8983
41.2758 25.2042 8.5276 0.8217
36.5427 24.1555 7.7240 0.8370
19.5995 21.6594 5.1506 0.8881
13.9855 20.7990 4.4194 0.9032
13.1201 21.1101 4.3826 0.9040
12.0458 21.0288 4.2732 0.9063
10.9777 20.8659 4.1573 0.9087
8.8384 20.1947 3.8870 0.9144
6.4872 20.6141 3.8106 0.9160
4.7664 20.0749 3.6381 0.9196
3.9041 19.5372 3.5130 0.9223
2.4836 19.6922 3.4998 0.9225
1.7758 19.7723 3.5004 0.9225
0.4635 26.0354 4.5915 0.8996
-0.3592 19.8587 3.5022 0.9225
-1.6930 18.7913 3.3268 0.9262
-2.3641 18.7019 3.3239 0.9263
-3.0897 18.9497 3.3855 0.9250
-6.0128 19.0877 3.5287 0.9219
-6.5908 18.5698 3.4745 0.9231
-7.8698 17.9679 3.4588 0.9234
-8.6038 17.8701 3.4972 0.9226
-9.6009 18.2366 3.6340 0.9197
-6.3979 9.5090 2.0209 0.9545
-6.8144 9.3827 2.0447 0.9540
-14.6592 17.4072 4.0128 0.9117
-15.7069 17.3478 4.1264 0.9093
-16.7526 17.2187 4.2360 0.9070
-21.4580 16.5021 4.7731 0.8959
-24.1329 15.9427 5.1000 0.8892
-25.4653 15.5400 5.2603 0.8859
-29.8155 15.3765 5.9152 0.8726
-30.4505 2.4843 5.3871 0.8833
-30.1743 1.3745 5.3261 0.8845
-39.4141 -19.3747 7.7441 0.8366
-28.7239 -32.8045 7.6883 0.8377
-26.4610 -32.5027 7.3902 0.8435
-24.3591 -32.2161 7.1216 0.8487
-22.4068 -31.9557 6.8818 0.8534
-20.5793 -31.7120 6.6659 0.8577
-18.8608 -31.4826 6.4712 0.8615
-14.6055 -34.9139 6.6732 0.8575
-13.3532 -35.4415 6.6781 0.8574
-12.4738 -42.0232 7.7294 0.8369
-11.9199 -46.1689 8.4078 0.8239
25.9961 -40.3171 8.4587 0.8230
24.3116 -27.9299 6.5292 0.8604
24.0382 -25.6932 6.2040 0.8668
25.9240 -25.7885 6.4476 0.8620
27.3258 -25.2985 6.5662 0.8596
29.4037 -25.3248 6.8426 0.8542
31.0514 -24.8606 7.0138 0.8508
35.1404 -24.2141 7.5248 0.8409
37.4967 -23.9003 7.8405 0.8348
39.9827 -23.5114 8.1787 0.8283
43.3039 -23.4154 8.6804 0.8188
21.4286 -8.7592 4.0823 0.9103
44.0139 -7.6788 7.8781 0.8340
41.6598 25.2554 8.5902 0.8205
30.4743 23.2942 6.7635 0.8557
27.2493 22.4225 6.2223 0.8665
25.2672 22.3593 5.9492 0.8719
19.6272 21.5505 5.1397 0.8883
15.2446 20.8616 4.5559 0.9004
13.2228 21.1238 4.3943 0.9037
12.1411 21.0381 4.2830 0.9061
8.9206 20.2057 3.8946 0.9142
8.1649 20.4499 3.8827 0.9144
7.3158 20.4225 3.8251 0.9157
5.7343 20.5428 3.7607 0.9170
4.8402 20.0981 3.6452 0.9195
3.2294 19.4473 3.4760 0.9231
2.5490 19.7013 3.5028 0.9225
1.4908 26.1725 4.6224 0.8990
-0.3855 25.9211 4.5711 0.9001
-3.0286 18.9581 3.3852 0.9250
-5.9020 25.1857 4.5612 0.9003
-6.8305 25.0631 4.5805 0.8999
-7.7678 24.9382 4.6057 0.8993
-6.5430 18.6245 3.4808 0.9230
-10.5262 18.5012 3.7533 0.9172
-11.2823 18.2723 3.7866 0.9165
-13.3956 17.2311 3.8484 0.9152
-15.6095 17.3519 4.1154 0.9096
-19.5793 16.3138 4.4937 0.9017
-22.7371 16.3320 4.9362 0.8925
-24.1492 16.0650 5.1143 0.8889
-15.1078 -15.2317 3.2866 0.9168
-28.0981 -32.7204 6.6072 0.8399
-25.8768 -32.4180 6.3544 0.8455
-23.8213 -32.1438 6.1291 0.8505
-21.9043 -31.8882 5.9266 0.8551
-20.2014 -31.7962 5.7710 0.8586
-18.4146 -31.4204 5.5792 0.8630
-17.6276 -32.7143 5.6929 0.8604
-16.6437 -33.7334 5.7625 0.8588
-14.2426 -34.9895 5.7873 0.8582
-13.2505 -36.2227 5.9087 0.8555
-11.8503 -47.7969 7.5439 0.8193
5.7111 -49.0870 7.5706 0.8187
7.4689 -48.8527 7.5709 0.8187
25.7408 -39.0893 7.1700 0.8275
25.1651 -35.3825 6.6515 0.8389
24.3512 -29.5049 5.8606 0.8566
24.4534 -25.6374 5.4276 0.8664
26.0833 -25.4518 5.5830 0.8629
31.8480 -24.9987 6.2024 0.8489
33.5315 -24.4279 6.3554 0.8455
43.5899 -23.0302 7.5525 0.8191
40.5259 25.1050 7.3031 0.8246
29.9505 23.3542 5.8183 0.8575
26.8242 22.5096 5.3645 0.8679
25.1806 22.7188 5.1955 0.8718
20.7281 21.5925 4.5853 0.8859
19.5061 21.8364 4.4855 0.8883
16.6883 21.6220 4.1842 0.8954
15.0542 21.0232 3.9612 0.9007
12.0743 21.3958 3.7636 0.9054
10.9538 21.1490 3.6487 0.9081
8.6751 20.1733 3.3641 0.9150
7.1948 20.7109 3.3588 0.9151
7.2407 26.9387 4.2733 0.8933
3.0331 19.4214 3.0113 0.9235
2.3588 19.7219 3.0428 0.9228
1.2363 26.1374 4.0086 0.8995
0.2976 26.1504 4.0063 0.8996
-1.1666 19.2940 2.9611 0.9248
-1.8133 18.7755 2.8897 0.9265
-6.2046 25.3740 4.0017 0.8997
-7.1009 25.0994 3.9960 0.8998
-8.0213 24.9046 4.0083 0.8995
-7.2786 18.0470 2.9811 0.9243
-7.6929 17.2615 2.8951 0.9264
-8.9087 18.2032 3.1047 0.9213
-14.9133 23.6404 4.2820 0.8931
-12.9220 17.5541 3.3392 0.9156
-13.6385 17.1991 3.3627 0.9150
-20.7920 22.6699 4.7124 0.8830
-17.9895 16.9892 3.7906 0.9047
-18.7913 16.5120 3.8322 0.9037
-21.8076 16.5491 4.1938 0.8951
-32.4507 15.0336 5.4788 0.8653
-36.9696 14.0028 6.0562 0.8522
-30.7246 -33.0707 6.9153 0.8330
-28.3050 -32.7480 6.6310 0.8393
-26.0737 -32.4504 6.3771 0.8450
-17.6934 -32.5856 5.6803 0.8607
-16.7413 -33.6585 5.7589 0.8589
-15.6425 -34.5012 5.8033 0.8579
-14.3634 -34.9644 5.7907 0.8582
-13.2856 -35.9602 5.8728 0.8563
-12.8676 -39.0893 6.3044 0.8466
-12.3827 -42.7199 6.8138 0.8353
-11.8117 -46.9946 7.4232 0.8219
5.5538 -49.1079 7.5710 0.8187
7.3116 -48.8736 7.5705 0.8188
4.2347 -12.4472 2.0142 0.9482
25.6491 -39.2236 7.1795 0.8272
25.1691 -35.6299 6.6828 0.8382
25.0398 -32.8770 6.3310 0.8460
24.7959 -30.2410 5.9910 0.8536
24.3143 -25.6560 5.4150 0.8667
29.7358 -25.2801 5.9791 0.8539
31.2933 -24.7261 6.1098 0.8510
35.9736 -24.4490 6.6633 0.8386
40.9383 -23.7209 7.2483 0.8257
43.3777 -23.0966 7.5285 0.8197
40.8989 25.1547 7.3557 0.8234
36.4163 24.2403 6.7017 0.8378
32.2069 23.1478 6.0761 0.8517
30.1910 23.3863 5.8504 0.8568
27.6444 23.0470 5.5137 0.8645
20.8815 21.6129 4.6039 0.8855
18.1708 21.7307 4.3395 0.8917
11.0690 21.2045 3.6644 0.9077
9.6907 20.3086 3.4472 0.9130
8.7566 20.1841 3.3705 0.9148
7.3371 26.9519 4.2791 0.8931
3.7161 18.9124 2.9527 0.9250
3.0984 19.4301 3.0142 0.9235
1.7285 19.9647 3.0699 0.9221
0.3813 26.1286 4.0032 0.8997
-1.1072 19.3416 2.9679 0.9246
-1.7532 18.7835 2.8900 0.9265
-3.1531 18.9548 2.9437 0.9252
-7.9366 24.9154 4.0059 0.8996
-7.2375 18.1125 2.9880 0.9241
-7.7080 17.4458 2.9218 0.9257
-8.8001 18.1286 3.0871 0.9217
-13.7556 23.8202 4.2139 0.8947
-6.4050 9.4540 1.7494 0.9548
-20.6729 22.6858 4.7019 0.8832
-17.1094 17.4727 3.7463 0.9058
-18.6859 16.5260 3.8215 0.9040
-19.8984 16.3643 3.9468 0.9010
-23.0049 16.3014 4.3193 0.8922
-24.1924 15.8706 4.4325 0.8895
-28.0170 15.6282 4.9146 0.8783
-29.7998 15.2475 5.1280 0.8733
-34.7270 14.7300 5.7788 0.8584
-15.1533 -15.0826 3.2753 0.9171
-24.1785 -32.1915 6.1676 0.8497
-16.8389 -33.5837 5.7553 0.8590
-14.4844 -34.9392 5.7942 0.8581
-13.3202 -35.7009 5.8375 0.8571
-12.9075 -38.7907 6.2629 0.8475
1.6602 -11.3461 1.7567 0.9547
3.7842 -12.7354 2.0353 0.9477
4.1922 -12.4532 2.0130 0.9482
24.8887 -32.8971 6.3195 0.8463
24.7572 -30.3923 6.0052 0.8533
24.1757 -25.6744 5.4024 0.8670
26.0707 -25.7684 5.6156 0.8621
31.1171 -24.7496 6.0909 0.8514
33.5490 -24.7720 6.3888 0.8447
35.7666 -24.4766 6.6394 0.8391
38.1686 -24.1566 6.9199 0.8329
32.3454 23.0902 6.0882 0.8514
30.4342 23.4187 5.8829 0.8561
12.9712 12.4155 2.7507 0.9299
21.0361 21.6335 4.6226 0.8851
19.5564 21.6118 4.4651 0.8887
18.2973 21.7397 4.3530 0.8914
16.9582 21.6824 4.2169 0.8946
15.2814 21.0535 3.9853 0.9001
14.0460 20.8889 3.8562 0.9032
12.2402 21.3680 3.7725 0.9052
11.1852 21.2603 3.6802 0.9074
9.9362 20.6522 3.5109 0.9114
8.0745 20.4139 3.3630 0.9150
7.3170 20.6341 3.3539 0.9152
3.1639 19.4389 3.0171 0.9234
2.4851 19.7040 3.0425 0.9228
1.7888 19.9165 3.0634 0.9223
-0.4726 26.1295 4.0036 0.8996
-1.0472 19.3849 2.9740 0.9244
-2.3641 18.7021 2.8879 0.9266
-3.0802 18.8912 2.9322 0.9255
-6.9379 25.1387 3.9951 0.8998
-7.8520 24.9265 4.0036 0.8996
-6.6295 18.6787 3.0364 0.9229
-7.2716 18.3687 3.0265 0.9232
-7.7238 17.6345 2.9493 0.9251
-14.7181 23.6664 4.2695 0.8933
-6.3892 9.4960 1.7534 0.9547
-13.4764 17.2207 3.3499 0.9153
-14.6850 17.4379 3.4925 0.9119
-20.5543 22.7016 4.6915 0.8834
-17.8255 17.0522 3.7791 0.9050
-27.8470 15.6508 4.8936 0.8787
-31.3224 14.7559 5.3042 0.8693
-34.4923 14.7613 5.7476 0.8591
-25.8181 6.8912 4.0937 0.8975
-30.6132 3.6072 4.7222 0.8827
-15.2209 -15.0530 3.2795 0.9170
-28.7233 -32.8038 6.6796 0.8382
-26.4605 -32.5020 6.4205 0.8440
-24.3586 -32.2155 6.1872 0.8492
-20.6749 -31.8594 5.8183 0.8575
-16.9363 -33.5090 5.7518 0.8590
-14.6055 -34.9140 5.7978 0.8580
-13.3544 -35.4447 5.8025 0.8579
-11.9213 -46.1742 7.3056 0.8245
1.6233 -11.3481 1.7562 0.9547
12.1936 -47.8071 7.5582 0.8190
4.1497 -12.4591 2.0117 0.9482
24.8217 -33.0285 6.3294 0.8460
24.6110 -30.4118 5.9934 0.8536
24.3112 -27.9295 5.6725 0.8608
24.0378 -25.6928 5.3900 0.8673
25.9235 -25.7881 5.6017 0.8625
27.3239 -25.2968 5.7043 0.8601
29.4032 -25.3244 5.9448 0.8547
33.3587 -24.7974 6.3676 0.8452
37.4959 -23.8997 6.8118 0.8353
21.4262 -8.7582 3.5463 0.9106
36.8246 24.1723 6.7481 0.8367
32.7093 23.1917 6.1426 0.8502
30.6800 23.4514 5.9158 0.8553
25.2659 22.3581 5.1685 0.8724
18.4897 21.8257 4.3821 0.8907
17.0941 21.7121 4.2333 0.8942
14.1533 20.9032 3.8673 0.9029
13.2470 21.1624 3.8247 0.9039
11.2864 21.2865 3.6910 0.9071
10.0099 20.6356 3.5136 0.9114
8.9207 20.2060 3.3837 0.9145
7.3687 20.5701 3.3473 0.9154
8.5170 26.7634 4.3026 0.8926
1.8455 19.8332 3.0515 0.9226
0.5493 26.1365 4.0048 0.8996
-0.9870 19.4283 2.9801 0.9243
-1.6330 18.7996 2.8908 0.9265
-2.3041 18.7101 2.8879 0.9266
-3.0286 18.9577 2.9410 0.9253
-6.8508 25.1376 3.9914 0.8999
-7.7676 24.9376 4.0013 0.8997
-7.2156 18.3996 3.0277 0.9231
-13.7362 24.1433 4.2553 0.8937
-14.6209 23.6794 4.2633 0.8935
-6.3732 9.5383 1.7574 0.9546
-6.7713 9.3868 1.7731 0.9542
-19.6756 16.3940 3.9234 0.9016
-21.4280 16.5887 4.1514 0.8961
-22.7849 16.3663 4.2977 0.8927
-24.2023 16.1003 4.4531 0.8890
-25.2515 15.5210 4.5407 0.8870
-30.5283 -33.0717 5.8610 0.8340
-28.2282 -32.8719 5.6423 0.8396
-25.8763 -32.4173 5.4013 0.8459
-21.9039 -31.8876 5.0377 0.8555
-23.5277 -37.0316 5.7133 0.8378
-18.4142 -31.4198 4.7424 0.8634
-17.6283 -32.7158 4.8394 0.8608
-14.2426 -34.9896 4.9194 0.8587
-12.8285 -39.3958 5.3953 0.8461
-11.7569 -47.4203 6.3621 0.8211
-1.3706 -49.4354 6.4400 0.8192
0.4019 -49.1991 6.4070 0.8200
2.1585 -48.9649 6.3824 0.8206
5.6428 -48.5004 6.3584 0.8212
7.3796 -48.2689 6.3587 0.8212
9.1188 -48.0371 6.3671 0.8210
12.6225 -47.5702 6.4090 0.8199
3.8357 -12.6116 1.7166 0.9482
4.2740 -12.4317 1.7119 0.9484
25.7405 -39.0887 6.0947 0.8280
25.1333 -32.7808 5.3790 0.8465
26.0815 -25.4501 4.7454 0.8633
28.0813 -25.5000 4.9395 0.8581
33.5308 -24.4274 5.4022 0.8459
36.0200 -24.3118 5.6590 0.8392
38.5042 -24.0241 5.9099 0.8327
43.5889 -23.0297 6.4198 0.8197
29.9513 23.3548 4.9459 0.8580
26.6760 22.3853 4.5348 0.8689
25.1802 22.7185 4.4163 0.8721
12.8887 12.4961 2.3377 0.9301
15.1135 19.5816 3.2211 0.9050
15.8723 28.1260 4.2055 0.8779
8.6752 20.1736 2.8596 0.9152
7.9557 20.4974 2.8632 0.9151
8.2219 26.7245 3.6411 0.8933
2.3615 19.7444 2.5895 0.9229
1.2404 26.2235 3.4187 0.8995
0.3024 26.5710 3.4603 0.8984
-1.1690 19.3339 2.5223 0.9248
-1.8133 18.7758 2.4564 0.9267
-2.4841 18.6864 2.4548 0.9268
-3.2198 18.9791 2.5068 0.9253
-5.3396 25.8190 3.4333 0.8991
-7.1636 25.3211 3.4268 0.8993
-8.0211 24.9040 3.4071 0.8998
-6.7498 18.6372 2.5812 0.9232
-7.2787 18.0473 2.5341 0.9245
-7.6850 17.2437 2.4584 0.9267
-13.0126 24.3364 3.5937 0.8947
-10.6632 18.3290 2.7613 0.9180
-14.9136 23.6408 3.6399 0.8934
-6.4379 9.4371 1.4876 0.9550
-13.6387 17.1993 2.8584 0.9153
-21.2265 23.1437 4.0894 0.8810
-18.7917 16.5123 3.2576 0.9040
-29.1130 22.0929 4.7591 0.8629
-28.3146 15.6752 4.2145 0.8776
-29.8806 15.1680 4.3637 0.8736
-34.9652 14.6988 4.9392 0.8581
-25.7748 6.7026 3.4680 0.8981
-15.1037 -15.1301 2.7840 0.9174
-30.7239 -33.0700 5.8781 0.8335
-28.4360 -32.8996 5.6627 0.8391
-18.5621 -31.4403 4.7545 0.8631
-17.6942 -32.5870 4.8287 0.8611
-18.0605 -36.3108 5.2810 0.8491
-17.7774 -39.2100 5.6062 0.8406
-14.2441 -38.5547 5.3523 0.8472
-12.3840 -42.7244 5.7926 0.8357
0.2440 -49.2201 6.4096 0.8199
3.7481 -48.7530 6.3674 0.8210
5.4874 -48.5212 6.3587 0.8212
8.9630 -48.0579 6.3661 0.8210
10.7083 -47.8253 6.3821 0.8206
12.4646 -47.5912 6.4064 0.8200
4.2314 -12.4376 1.7108 0.9484
25.1668 -35.6266 5.6801 0.8387
24.3139 -25.6555 4.6028 0.8671
27.5929 -25.2186 4.8678 0.8600
29.7352 -25.2796 5.0824 0.8543
33.5353 -24.5959 5.4156 0.8456
38.3927 -24.1261 5.9047 0.8328
43.3755 -23.0954 6.3992 0.8202
36.3709 24.2101 5.6896 0.8384
30.1918 23.3869 4.9732 0.8572
26.8839 22.4130 4.5579 0.8683
25.2257 22.6130 4.4116 0.8723
21.4710 22.2230 4.0239 0.8828
19.6594 21.8663 3.8291 0.8882
15.1677 21.0387 3.3774 0.9007
13.1693 21.3417 3.2657 0.9038
14.3788 27.5449 4.0462 0.8822
9.6908 20.3089 2.9303 0.9132
8.7568 20.1844 2.8651 0.9151
8.0275 20.4870 2.8653 0.9151
7.3175 20.8479 2.8772 0.9147
4.7562 20.3219 2.7178 0.9193
3.7191 18.9275 2.5119 0.9251
3.0985 19.4304 2.5622 0.9237
2.4247 19.7354 2.5893 0.9229
1.7329 20.0157 2.6162 0.9222
1.3244 26.2150 3.4181 0.8995
0.3879 26.5824 3.4620 0.8983
-1.1092 19.3780 2.5275 0.9247
-2.4241 18.6944 2.4548 0.9268
-3.1556 18.9700 2.5042 0.9254
-6.2296 25.8355 3.4607 0.8983
-6.6964 18.6766 2.5837 0.9231
-7.2388 18.1157 2.5404 0.9243
-10.6094 18.3721 2.7627 0.9180
-14.8158 23.6538 3.6346 0.8935
-6.3979 9.4435 1.4854 0.9550
-6.9002 9.4371 1.5224 0.9539
-13.5575 17.2102 2.8530 0.9154
-14.8059 17.4672 2.9818 0.9118
-21.1050 23.1601 4.0803 0.8813
-17.9965 17.1054 3.2332 0.9047
-18.6863 16.5263 3.2485 0.9043
-18.9937 15.6204 3.2024 0.9056
-24.2181 15.8874 3.7718 0.8897
-28.1646 15.7106 4.1996 0.8780
-29.8979 15.2977 4.3734 0.8733
-31.4916 14.7123 4.5263 0.8692
-34.7278 14.7304 4.9123 0.8588
-36.7071 14.0383 5.1177 0.8534
-38.2795 -14.0788 5.3112 0.8483
-26.2659 -32.4755 5.4390 0.8449
-25.0183 -33.3097 5.4248 0.8453
-21.3050 -33.0621 5.1218 0.8533
-18.7108 -31.4608 4.7667 0.8627
-17.8119 -38.9529 5.5776 0.8413
-14.4844 -34.9392 4.9253 0.8585
-13.3214 -35.7041 4.9625 0.8575
-12.9088 -38.7945 5.3242 0.8480
-12.4306 -42.3757 5.7507 0.8368
-11.8683 -46.5865 6.2603 0.8237
1.8451 -49.0067 6.3862 0.8205
5.3319 -48.5419 6.3592 0.8212
8.8072 -48.0787 6.3650 0.8211
10.5518 -47.8461 6.3803 0.8207
25.6349 -36.5376 5.8122 0.8352
27.4380 -25.2392 4.8547 0.8604
29.5685 -25.3018 5.0677 0.8547
33.5484 -24.7715 5.4306 0.8452
35.7659 -24.4761 5.6437 0.8396
40.7047 -23.7604 6.1376 0.8269
24.3911 -9.8789 3.4269 0.8993
32.6132 23.2813 5.2180 0.8508
25.2505 22.4894 4.4032 0.8725
12.9547 12.3997 2.3352 0.9302
15.2817 21.0539 3.3877 0.9004
14.5001 27.5611 4.0554 0.8819
9.9751 20.7331 2.9961 0.9114
8.8387 20.1954 2.8707 0.9149
8.0994 20.4767 2.8675 0.9150
7.3631 20.7643 2.8689 0.9150
7.4337 26.9648 3.6424 0.8933
4.8504 20.4285 2.7342 0.9188
2.4879 19.7265 2.5892 0.9229
1.7958 19.9948 2.6142 0.9222
1.4081 26.2032 3.4171 0.8996
0.3537 19.8689 2.5878 0.9230
-1.0492 19.4222 2.5329 0.9245
-2.3641 18.7024 2.4548 0.9268
-3.0915 18.9609 2.5017 0.9254
-3.8479 19.2278 2.5535 0.9239
-6.6411 18.7113 2.5855 0.9230
-7.2729 18.3720 2.5731 0.9234
-6.3805 9.4832 1.4884 0.9549
-6.8107 9.3777 1.5092 0.9543
-14.7212 17.4809 2.9760 0.9119
-20.7054 22.8685 4.0172 0.8830
-22.4482 23.0728 4.1920 0.8782
-23.1402 16.5091 3.7016 0.8917
-24.2344 16.0097 3.7823 0.8894
-25.5760 15.6076 3.9017 0.8862
-28.0314 15.7545 4.1873 0.8784
-29.8336 15.3858 4.3712 0.8734
-31.3175 14.7536 4.5081 0.8697
-34.4930 14.7616 4.8857 0.8596
-25.8120 6.8896 3.4789 0.8978
-38.2190 -13.9174 5.2966 0.8487
-15.2235 -15.0555 2.7881 0.9173
-28.8563 -32.9557 5.7041 0.8380
-26.4599 -32.5014 5.4576 0.8445
-22.4060 -31.9545 5.0822 0.8543
-21.3306 -32.8697 5.1027 0.8538
-18.8601 -31.4815 4.7789 0.8624
-17.8461 -38.6987 5.5494 0.8421
-14.6055 -34.9140 4.9283 0.8584
-13.3556 -35.4479 4.9328 0.8583
-12.9481 -38.4997 5.2894 0.8489
-0.0721 -49.2622 6.4150 0.8198
1.6882 -49.0276 6.3882 0.8205
3.4363 -48.7945 6.3698 0.8209
5.1764 -48.5626 6.3597 0.8212
8.6514 -48.0994 6.3641 0.8211
12.1493 -47.6332 6.4014 0.8201
3.7591 -12.8012 1.7374 0.9476
25.9953 -40.3159 6.2467 0.8241
24.6106 -30.4113 5.0945 0.8540
25.9231 -25.7876 4.7615 0.8629
33.3581 -24.7969 5.4126 0.8456
35.1390 -24.2132 5.5570 0.8419
39.9809 -23.5104 6.0398 0.8294
21.4240 -8.7573 3.0141 0.9109
33.6307 23.8450 5.3685 0.8468
25.2751 22.3662 4.3950 0.8727
21.7743 22.2492 4.0539 0.8820
19.7125 21.6442 3.8123 0.8886
18.6090 21.9666 3.7490 0.8904
15.3963 21.0691 3.3981 0.9001
14.1535 20.9035 3.2874 0.9032
14.8186 27.9484 4.1194 0.8802
10.0783 20.7766 3.0071 0.9111
8.1714 20.4663 2.8697 0.9149
7.4276 20.7344 2.8681 0.9150
7.4819 26.8033 3.6238 0.8938
6.5010 26.9946 3.6158 0.8940
3.7635 18.5241 2.4615 0.9266
3.2295 19.4479 2.5672 0.9236
2.5511 19.7175 2.5890 0.9229
1.8559 19.9451 2.6085 0.9224
0.4173 19.8574 2.5864 0.9230
-0.3958 26.6131 3.4660 0.8982
-0.9889 19.4662 2.5382 0.9244
-1.6330 18.7998 2.4573 0.9267
-2.3041 18.7104 2.4549 0.9268
-6.5936 18.7686 2.5905 0.9229
-8.5377 17.8794 2.5801 0.9232
-12.7923 24.4889 3.5979 0.8945
-14.6212 23.6797 3.6240 0.8938
-13.3961 17.2317 2.8422 0.9157
-14.6134 17.4663 2.9656 0.9122
-22.3091 23.0775 4.1798 0.8786
-18.5581 16.6265 3.2447 0.9044
-19.0230 15.8503 3.2244 0.9049
-28.6220 22.1580 4.7136 0.8641
-25.4251 15.6277 3.8863 0.8866
-15.0806 -15.2043 2.2996 0.9175
-29.0108 -33.7832 4.7817 0.8360
-27.9943 -37.7748 5.0488 0.8277
-23.6332 -37.1976 4.7323 0.8375
-18.4139 -31.4193 3.9106 0.8637
-17.6291 -32.7172 3.9908 0.8611
-17.9119 -36.3038 4.3470 0.8497
-17.7547 -39.4966 4.6500 0.8401
-14.2427 -34.9896 4.0566 0.8590
-12.3381 -43.0828 4.8123 0.8350
-1.3705 -49.4347 5.3104 0.8196
0.4055 -49.6377 5.3304 0.8190
3.9388 -49.1667 5.2965 0.8200
5.6932 -48.9329 5.2899 0.8202
10.9618 -48.2306 5.3112 0.8196
12.7350 -47.9943 5.3320 0.8189
4.2707 -12.4221 1.4105 0.9485
25.7401 -39.0881 5.0257 0.8284
25.1644 -35.3815 4.6623 0.8397
25.1312 -32.7781 4.4352 0.8469
24.3472 -29.5001 4.1073 0.8574
28.0808 -25.4995 4.0731 0.8585
29.8297 -25.1953 4.1928 0.8546
31.8467 -24.9977 4.3474 0.8497
38.5021 -24.0227 4.8732 0.8331
40.9086 -23.5285 5.0676 0.8271
43.5879 -23.0292 5.2937 0.8201
32.2142 23.3103 4.2699 0.8522
29.9748 23.3732 4.0816 0.8582
25.1796 22.7179 3.6417 0.8725
12.8839 12.4915 1.9270 0.9304
20.9344 21.8074 3.2461 0.8855
18.5653 22.3479 3.1198 0.8897
22.5342 29.1961 3.9603 0.8621
13.9986 21.1099 2.7199 0.9031
14.2584 27.5293 3.3291 0.8827
7.8426 20.2060 2.3275 0.9165
9.5404 27.4629 3.1219 0.8896
8.2220 26.7249 3.0025 0.8936
7.2469 26.9619 2.9980 0.8938
2.3357 19.5287 2.1120 0.9239
1.2437 26.2933 2.8266 0.8995
0.3039 26.7068 2.8680 0.8981
-1.1526 19.0617 2.0506 0.9261
-3.8654 18.6906 2.0495 0.9261
-7.2331 25.5670 2.8532 0.8986
-6.6375 18.3269 2.0931 0.9246
-7.6601 17.1879 2.0207 0.9271
-8.8305 18.0435 2.1571 0.9224
-9.5854 17.9268 2.1829 0.9215
-13.8371 23.7846 2.9548 0.8952
-6.2228 9.8643 1.2524 0.9542
-6.4362 9.4346 1.2264 0.9551
-13.6389 17.1996 2.3571 0.9155
-15.0115 17.5950 2.4836 0.9112
-18.1066 17.0998 2.6743 0.9047
-18.7920 16.5126 2.6863 0.9043
-23.4817 16.5263 3.0834 0.8909
-24.2342 15.7869 3.1058 0.8902
-36.6524 22.0451 4.5929 0.8419
-28.7721 15.9285 3.5315 0.8761
-29.8822 15.1688 3.5985 0.8739
-32.5834 15.0951 3.8561 0.8655
-15.0909 -15.1173 2.2937 0.9177
-26.0727 -32.4492 4.4699 0.8458
-25.1405 -33.6972 4.5145 0.8444
-22.0699 -31.9092 4.1662 0.8555
-17.6950 -32.5884 3.9820 0.8614
-17.7897 -39.2370 4.6262 0.8409
-14.3635 -34.9645 4.0590 0.8589
-12.8701 -39.0970 4.4199 0.8474
-12.3853 -42.7289 4.7772 0.8361
-11.8144 -47.0054 5.2045 0.8228
0.2462 -49.6589 5.3325 0.8189
5.5363 -48.9538 5.2902 0.8202
7.2886 -48.7202 5.2899 0.8202
4.2282 -12.4281 1.4097 0.9486
25.6440 -39.2158 5.0315 0.8282
25.0390 -32.8759 4.4376 0.8468
24.4584 -27.7368 3.9710 0.8618
24.3134 -25.6551 3.7955 0.8675
27.5924 -25.2182 4.0140 0.8604
31.2921 -24.7252 4.2825 0.8518
33.5333 -24.5944 4.4655 0.8459
38.3919 -24.1256 4.8690 0.8333
43.3732 -23.0942 5.2766 0.8206
36.3712 24.2103 4.6917 0.8388
32.4828 23.3461 4.2955 0.8514
27.7725 23.1538 3.8827 0.8646
12.8934 12.4206 1.9224 0.9305
21.5716 22.3272 3.3337 0.8826
18.6160 22.2631 3.1163 0.8898
14.0149 20.9878 2.7100 0.9035
16.3215 28.7062 3.5459 0.8756
9.6910 20.3092 2.4164 0.9134
8.7569 20.1848 2.3627 0.9153
7.3201 26.8892 2.9925 0.8939
3.7263 18.9644 2.0754 0.9252
1.6820 19.4276 2.0940 0.9245
0.3899 26.7182 2.8694 0.8981
-0.5663 26.5908 2.8560 0.8985
-1.7532 18.7841 2.0258 0.9269
-2.4241 18.6946 2.0243 0.9270
-3.1281 18.8046 2.0470 0.9262
-7.1477 25.5783 2.8519 0.8987
-7.9476 24.9499 2.8118 0.9000
-6.5735 18.3340 2.0915 0.9246
-13.7586 23.8255 2.9544 0.8952
-14.8160 23.6541 2.9972 0.8938
-6.9472 9.5014 1.2639 0.9538
-13.5577 17.2104 2.3526 0.9156
-23.0967 23.5873 3.5449 0.8756
-18.0413 17.1480 2.6728 0.9047
-19.0151 15.6380 2.6437 0.9057
-22.1736 16.9393 2.9963 0.8938
-28.7120 16.0159 3.5304 0.8761
-32.3212 15.0999 3.8308 0.8663
-25.7873 6.7943 2.8636 0.8983
-37.9185 -17.1249 4.4677 0.8459
-15.1584 -15.0877 2.2966 0.9176
-22.2372 -31.9315 4.1784 0.8551
-21.3064 -33.0643 4.2238 0.8536
-18.7104 -31.4603 3.9306 0.8631
-17.7606 -32.4602 3.9733 0.8617
-14.4844 -34.9393 4.0615 0.8589
-13.3226 -35.7074 4.0925 0.8579
-12.9100 -38.7983 4.3908 0.8483
-12.4319 -42.3802 4.7426 0.8372
-11.8697 -46.5919 5.1629 0.8241
0.0868 -49.6802 5.3348 0.8188
3.6243 -49.2086 5.2984 0.8200
1.6600 -11.3450 1.2312 0.9549
3.7854 -12.7395 1.4271 0.9479
4.1857 -12.4340 1.4088 0.9486
26.1265 -40.2352 5.1515 0.8245
25.6326 -36.5343 4.7924 0.8357
24.7564 -30.3913 4.2092 0.8541
26.0698 -25.7675 3.9361 0.8629
27.4375 -25.2388 4.0032 0.8607
29.5679 -25.3014 4.1788 0.8551
33.5477 -24.7711 4.4780 0.8456
38.1670 -24.1555 4.8503 0.8338
40.7039 -23.7599 5.0610 0.8273
43.3989 -23.2870 5.2887 0.8203
24.3509 -9.8626 2.8212 0.8997
41.2800 25.2068 5.1938 0.8232
30.4327 23.4175 4.1234 0.8569
25.3265 22.5571 3.6419 0.8725
12.9384 12.3841 1.9232 0.9305
19.6746 21.7424 3.1487 0.8887
14.0465 20.8896 2.7031 0.9037
16.4537 28.7238 3.5546 0.8753
14.5003 27.5615 3.3442 0.8822
8.8388 20.1957 2.3673 0.9151
7.2149 20.3462 2.3181 0.9168
8.4185 26.7511 3.0115 0.8933
4.7103 19.8387 2.1895 0.9212
3.7556 18.7942 2.0581 0.9258
3.1639 19.4394 2.1149 0.9238
2.4655 19.5487 2.1158 0.9238
1.7457 19.4375 2.0956 0.9245
1.4105 26.2464 2.8225 0.8997
-1.0305 19.0753 2.0513 0.9260
-1.6931 18.7921 2.0261 0.9269
-3.7441 18.7094 2.0489 0.9261
-6.1446 25.8472 2.8529 0.8986
-8.6042 17.8708 2.1298 0.9233
-9.4490 17.9479 2.1780 0.9216
-14.7186 23.6671 2.9928 0.8939
-6.3719 9.4704 1.2257 0.9551
-13.4768 17.2212 2.3482 0.9158
-20.7057 22.8689 3.3127 0.8833
-17.9760 17.1962 2.6713 0.9048
-18.5818 16.5406 2.6714 0.9048
-23.3629 16.6680 3.0818 0.8910
-24.2357 16.0106 3.1191 0.8897
-29.8326 15.3853 3.6044 0.8737
-34.6470 14.8275 4.0468 0.8593
-25.8059 6.8879 2.8681 0.8981
-15.2261 -15.0580 2.2995 0.9175
-32.7558 -34.8060 5.1324 0.8251
-29.0862 -33.2182 4.7412 0.8373
-26.4595 -32.5007 4.5003 0.8448
-22.4056 -31.9540 4.1908 0.8547
-21.3320 -32.8719 4.2080 0.8541
-18.8598 -31.4809 3.9407 0.8627
-17.8258 -32.3326 3.9646 0.8620
-18.3752 -36.3559 4.3743 0.8488
-17.8671 -38.7443 4.5815 0.8423
-14.6055 -34.9141 4.0640 0.8588
-13.3568 -35.4511 4.0680 0.8586
-12.9494 -38.5034 4.3621 0.8492
-11.9240 -46.1847 5.1220 0.8254
-0.0728 -49.7014 5.3370 0.8188
1.7033 -49.4647 5.3148 0.8195
8.7286 -48.5283 5.2947 0.8201
10.3952 -47.8663 5.2598 0.8211
3.7597 -12.8032 1.4329 0.9477
4.1433 -12.4399 1.4080 0.9486
25.9949 -40.3153 5.1510 0.8245
24.6102 -30.4108 4.2009 0.8544
29.4021 -25.3235 4.1669 0.8555
31.0456 -24.8559 4.2706 0.8521
35.1383 -24.2127 4.5823 0.8423
39.9800 -23.5099 4.9804 0.8298
36.7588 24.1291 4.7217 0.8379
33.6293 23.8441 4.4268 0.8472
30.6794 23.4509 4.1466 0.8561
28.3630 23.3390 3.9442 0.8626
25.3438 22.4271 3.6340 0.8727
29.2323 29.8699 4.4879 0.8452
13.3608 21.3442 2.7040 0.9037
16.5867 28.7415 3.5634 0.8750
10.0877 20.7960 2.4820 0.9112
8.9210 20.2066 2.3719 0.9150
8.1756 20.4767 2.3676 0.9151
7.4811 26.8004 2.9879 0.8941
3.2295 19.4482 2.1170 0.9238
2.5306 19.5588 2.1178 0.9237
1.8096 19.4473 2.0973 0.9244
-1.6330 18.8001 2.0264 0.9269
-2.3041 18.7106 2.0244 0.9270
-3.0071 18.8233 2.0469 0.9262
-3.6835 18.7187 2.0486 0.9261
-6.0597 25.8586 2.8520 0.8987
-7.0127 25.7315 2.8639 0.8983
-7.7922 25.0165 2.8136 0.9000
-6.4460 18.3483 2.0883 0.9247
-7.1639 18.2678 2.1071 0.9241
-8.5378 17.8797 2.1276 0.9234
-13.7041 24.0869 2.9758 0.8945
-14.6214 23.6801 2.9885 0.8941
-6.7677 9.3817 1.2422 0.9545
-17.9121 17.2455 2.6700 0.9048
-28.9940 22.4460 3.9374 0.8629
-23.3377 16.7634 3.0855 0.8908
-24.2466 16.1298 3.1271 0.8894
-28.0064 -37.7911 3.9819 0.8279
-21.9031 -31.8864 3.2747 0.8562
-18.4136 -31.4187 3.0828 0.8640
-17.9186 -36.3174 3.4282 0.8500
-17.7670 -39.5240 3.6683 0.8403
-14.0959 -38.5338 3.4734 0.8481
0.4055 -49.6370 4.2021 0.8193
2.1745 -49.3287 4.1799 0.8202
10.9616 -48.2300 4.1869 0.8199
25.7397 -39.0875 3.9619 0.8287
25.1640 -35.3809 3.6753 0.8401
24.3453 -29.4977 3.2377 0.8577
24.0206 -27.0647 3.0633 0.8648
26.0779 -25.4466 3.0844 0.8639
27.8406 -25.2814 3.1835 0.8599
29.6467 -25.0407 3.2851 0.8557
14.1005 -10.2723 1.4768 0.9324
14.3214 -9.6663 1.4627 0.9330
40.9064 -23.5273 3.9947 0.8274
43.5869 -23.0286 4.1731 0.8205
36.1656 24.2414 3.6857 0.8396
32.2151 23.3109 3.3662 0.8525
30.2286 23.5710 3.2449 0.8574
26.3564 22.1171 2.9126 0.8710
25.1709 22.7101 2.8699 0.8728
19.5726 21.9108 2.4871 0.8888
16.4721 21.3419 2.2822 0.8974
15.0551 21.0244 2.1890 0.9014
13.9843 21.0883 2.1420 0.9034
10.6842 20.6285 1.9666 0.9110
9.6058 20.2982 1.9010 0.9138
8.6755 20.1742 1.8590 0.9156
7.9002 20.3543 1.8483 0.9161
7.2750 20.9419 1.8767 0.9148
8.2221 26.7253 2.3670 0.8938
4.5926 19.9108 1.7298 0.9212
3.0333 19.4223 1.6641 0.9241
1.6517 19.8183 1.6835 0.9233
-2.4842 18.6869 1.5958 0.9271
-3.2026 18.8781 1.6209 0.9260
-6.2391 25.5153 2.2236 0.8999
-6.6671 18.4086 1.6574 0.9244
-7.2789 18.0478 1.6474 0.9249
-7.6551 17.1767 1.5919 0.9273
-8.8693 18.1228 1.7080 0.9222
-13.8373 23.7850 2.3294 0.8954
-12.9254 17.5588 1.8457 0.9162
-18.7923 16.5128 2.1177 0.9045
-18.9836 15.5101 2.0752 0.9063
-23.5317 16.5614 2.4359 0.8909
-24.2347 15.7872 2.4484 0.8904
-36.7410 22.0984 3.6295 0.8419
-29.1002 16.1101 2.8157 0.8750
-29.8837 15.1695 2.8370 0.8741
-30.3155 14.0444 2.8283 0.8745
-35.2546 14.8204 3.2374 0.8577
-29.0377 -33.5957 3.7590 0.8367
-26.0722 -32.4485 3.5237 0.8461
-25.1420 -33.6992 3.5592 0.8447
-22.0695 -31.9086 3.2843 0.8558
-18.5614 -31.4392 3.0907 0.8637
-17.8019 -39.2641 3.6495 0.8411
-9.3500 -22.7605 2.0830 0.9059
-14.2437 -38.5535 3.4793 0.8479
-12.8714 -39.1009 3.4847 0.8477
-12.3866 -42.7334 3.7664 0.8364
-1.5300 -49.4553 4.1885 0.8199
3.7815 -49.1870 4.1761 0.8203
5.5363 -48.9531 4.1704 0.8206
7.2885 -48.7196 4.1701 0.8206
10.8036 -48.2510 4.1857 0.8200
25.6415 -39.2120 3.9661 0.8286
25.1622 -35.6201 3.6918 0.8394
24.4918 -29.8701 3.2699 0.8564
24.1624 -27.4011 3.0926 0.8636
24.3130 -25.6547 2.9921 0.8677
25.9934 -25.5276 3.0841 0.8639
27.5919 -25.2177 3.1643 0.8607
29.4803 -25.0629 3.2756 0.8561
31.2915 -24.7247 3.3760 0.8521
14.1633 -10.3878 1.4869 0.9319
38.3911 -24.1251 3.8383 0.8336
43.3709 -23.0930 4.1595 0.8210
43.9893 -7.3837 3.7759 0.8361
40.9029 25.1572 4.0650 0.8247
32.4837 23.3467 3.3864 0.8516
26.3667 21.9818 2.9059 0.8713
12.8887 12.4160 1.5150 0.9307
18.6868 22.3478 2.4660 0.8896
17.3240 22.2972 2.3903 0.8928
14.0140 20.9865 2.1362 0.9037
16.4049 28.8529 2.8097 0.8753
8.3203 26.7384 2.3705 0.8937
7.3417 26.9686 2.3660 0.8939
4.6618 19.9187 1.7317 0.9212
-0.5595 26.2723 2.2245 0.8999
-2.4242 18.6949 1.5958 0.9271
-3.1419 18.8875 1.6208 0.9260
-3.8216 18.7831 1.6226 0.9259
-7.2413 18.1220 1.6520 0.9247
-7.7055 17.4400 1.6140 0.9263
-8.8023 18.1331 1.7063 0.9223
-13.7602 23.8282 2.3293 0.8954
-14.8162 23.6545 2.3628 0.8940
-6.3946 9.4385 0.9651 0.9553
-13.5579 17.2107 1.8547 0.9158
-21.1663 23.2273 2.6602 0.8815
-17.6562 18.0312 2.1363 0.9037
-18.9944 15.6209 2.0818 0.9060
-22.1513 16.9222 2.3597 0.8941
-36.8465 22.3232 3.6469 0.8412
-29.2982 16.3429 2.8399 0.8740
-30.3387 14.1737 2.8347 0.8742
-36.8673 14.0996 3.3413 0.8535
-15.1610 -15.0902 1.8108 0.9177
-29.0628 -33.4073 3.7484 0.8371
-22.2369 -31.9309 3.2939 0.8554
-18.7101 -31.4597 3.0986 0.8633
-17.7613 -32.4616 3.1324 0.8620
-12.4332 -42.3846 3.7392 0.8375
3.6242 -49.2080 4.1769 0.8203
8.8856 -48.5067 4.1745 0.8204
12.4165 -48.0361 4.2000 0.8194
4.1825 -12.4245 1.1098 0.9487
26.1240 -40.2312 4.0607 0.8248
24.8875 -32.8956 3.4919 0.8474
24.5231 -30.1049 3.2870 0.8557
24.1904 -27.6111 3.1075 0.8630
29.3150 -25.0849 3.2661 0.8565
31.1154 -24.7482 3.3656 0.8525
24.3111 -9.8465 2.2204 0.9001
41.2813 25.2076 4.0946 0.8235
36.6878 24.2514 3.7229 0.8382
30.5286 23.4913 3.2609 0.8567
26.3795 21.8493 2.8996 0.8715
29.1818 30.0105 3.5435 0.8453
19.6735 21.7412 2.4821 0.8890
15.0128 20.6835 2.1635 0.9025
12.7449 22.2492 2.1706 0.9022
9.8873 20.5507 1.9305 0.9125
8.0607 20.3790 1.8552 0.9158
8.4186 26.7515 2.3741 0.8935
3.1640 19.4397 1.6673 0.9240
1.7536 19.5246 1.6595 0.9243
1.3980 26.0139 2.2053 0.9007
0.4702 26.4096 2.2360 0.8994
-0.4753 26.2836 2.2253 0.8998
-1.6931 18.7923 1.5973 0.9271
-3.0811 18.8968 1.6208 0.9260
-3.7607 18.7924 1.6224 0.9260
-6.0711 25.5377 2.2221 0.9000
-6.5388 18.4231 1.6549 0.9245
-7.2608 18.3415 1.6699 0.9239
-9.4908 18.0274 1.7246 0.9215
-13.7303 23.9537 2.3372 0.8951
-6.8070 9.3727 0.9806 0.9546
-13.4771 17.2215 1.8512 0.9160
-14.6157 17.3556 1.9208 0.9129
-20.7060 22.8693 2.6116 0.8835
-17.6656 18.1571 2.1445 0.9033
-17.6202 16.8559 2.0642 0.9068
-18.5821 16.5409 2.1060 0.9050
-18.9988 15.7271 2.0878 0.9057
-29.5525 22.7270 3.1559 0.8610
-23.4338 16.7186 2.4368 0.8909
-24.2371 16.0115 2.4590 0.8899
-36.0731 20.2742 3.5029 0.8470
-29.8136 15.3755 2.8397 0.8740
-35.0545 15.0019 3.2278 0.8581
-25.7999 6.8863 2.2605 0.8984
-42.8863 5.0534 3.6556 0.8408
-39.4120 -19.3737 3.7176 0.8384
-15.2286 -15.0605 1.8131 0.9176
-26.4589 -32.5001 3.5477 0.8452
-25.1928 -33.3187 3.5360 0.8456
-21.3334 -32.8740 3.3175 0.8544
-18.8595 -31.4804 3.1065 0.8630
-17.8266 -32.3340 3.1256 0.8622
-17.8701 -38.7507 3.6124 0.8426
-0.0728 -49.7008 4.2073 0.8191
2.2653 -21.2516 1.8092 0.9178
8.7285 -48.5276 4.1739 0.8204
10.3950 -47.8657 4.1464 0.8215
12.2574 -48.0573 4.1984 0.8195
3.7603 -12.8053 1.1298 0.9478
4.1401 -12.4304 1.1091 0.9488
25.9946 -40.3147 4.0607 0.8248
25.5016 -36.5970 3.7760 0.8361
24.5548 -30.3423 3.3043 0.8550
24.2187 -27.8231 3.1226 0.8624
25.7009 -25.5666 3.0688 0.8646
27.3185 -25.2917 3.1515 0.8612
33.0720 -24.5843 3.4884 0.8475
39.9792 -23.5094 3.9261 0.8301
43.3000 -23.4133 4.1670 0.8207
21.4196 -8.7555 1.9590 0.9113
36.9288 24.2407 3.7394 0.8375
36.5315 25.9018 3.7909 0.8355
26.3971 21.7213 2.8939 0.8718
25.3425 22.4259 2.8647 0.8730
29.3348 29.9747 3.5504 0.8450
19.7134 21.6451 2.4784 0.8891
18.8214 22.2173 2.4649 0.8897
17.4214 22.1278 2.3841 0.8931
14.8718 28.0487 2.6875 0.8803
8.1415 20.3914 1.8587 0.9156
8.5173 26.7646 2.3777 0.8934
7.4803 26.7975 2.3552 0.8943
3.7828 18.6191 1.6084 0.9266
3.2296 19.4484 1.6689 0.9239
2.5419 19.6457 1.6769 0.9236
0.5553 26.4209 2.2371 0.8993
-0.3911 26.2948 2.2262 0.8998
-0.9737 19.1667 1.6246 0.9259
-1.6330 18.8003 1.5975 0.9270
-3.0203 18.9061 1.6208 0.9260
-3.6999 18.8018 1.6221 0.9260
-7.7243 24.7984 2.1987 0.9010
-6.4748 18.4303 1.6537 0.9246
-7.8053 17.9776 1.6591 0.9243
-8.5380 17.8799 1.6773 0.9235
-13.3965 17.2322 1.8477 0.9161
-14.5315 17.3685 1.9170 0.9131
-20.5871 22.8851 2.6058 0.8838
-17.5191 16.8672 2.0587 0.9070
-23.4167 16.8201 2.4407 0.8907
-10.9813 7.3052 1.1165 0.9484
-25.4261 15.6284 2.5265 0.8871
-15.0538 -15.1773 1.3256 0.9179
-27.8732 -37.6114 2.9029 0.8289
-23.5279 -37.0320 2.7206 0.8388
-17.6306 -32.7200 2.3048 0.8616
-14.2427 -34.9897 2.3426 0.8595
-1.3587 -49.0095 3.0403 0.8216
10.8645 -47.8025 3.0398 0.8216
12.6220 -47.5682 3.0518 0.8210
3.8376 -12.6177 0.8178 0.9485
25.7147 -39.0496 2.8993 0.8291
25.1636 -35.3804 2.6923 0.8403
25.1269 -32.7725 2.5608 0.8475
24.7566 -29.9961 2.4118 0.8557
24.0188 -27.0627 2.2438 0.8650
24.4518 -25.6357 2.1968 0.8676
26.0761 -25.4448 2.2593 0.8641
28.0798 -25.4986 2.3520 0.8590
24.4263 -9.7110 1.6300 0.9000
36.3595 24.3714 2.7143 0.8391
32.2160 23.3116 2.4659 0.8527
26.3600 22.1201 2.1339 0.8712
24.9924 22.5491 2.0874 0.8738
19.5793 21.9183 1.8225 0.8889
18.6029 22.3932 1.8053 0.8899
15.0553 21.0247 1.6036 0.9016
13.9968 21.1072 1.5705 0.9035
12.9811 21.1887 1.5409 0.9052
8.6756 20.1745 1.3618 0.9157
7.8997 20.3530 1.3538 0.9162
8.2223 26.7257 1.7339 0.8940
7.2248 26.8797 1.7260 0.8944
4.5923 19.9097 1.2670 0.9214
3.7706 19.5208 1.2329 0.9234
3.0333 19.4225 1.2190 0.9242
2.3460 19.6146 1.2250 0.9239
1.2333 26.0740 1.6187 0.9007
0.3018 26.5217 1.6447 0.8992
-1.1576 19.1449 1.1893 0.9260
-2.4842 18.6871 1.1690 0.9272
-3.2025 18.8771 1.1873 0.9261
-3.8823 18.7727 1.1887 0.9260
-6.2710 25.6456 1.6371 0.8996
-7.2196 25.5191 1.6446 0.8992
-6.6667 18.4076 1.2140 0.9245
-7.2790 18.0480 1.2068 0.9250
-8.8688 18.1218 1.2511 0.9223
-6.2059 9.8375 0.7213 0.9545
-12.9265 17.5603 1.3521 0.9163
-13.6394 17.2001 1.3612 0.9158
-14.7842 17.3285 1.4125 0.9128
-21.1790 23.0918 1.9430 0.8820
-17.7405 18.0013 1.5672 0.9037
-17.9043 16.9088 1.5271 0.9060
-18.9733 15.5017 1.5193 0.9065
-23.2852 16.3879 1.7657 0.8922
-26.2632 15.7963 1.9005 0.8844
-28.9312 16.0165 2.0506 0.8759
-30.3037 14.0390 2.0710 0.8747
-34.7526 14.6094 2.3377 0.8598
-29.0393 -33.5976 2.7538 0.8370
-26.0717 -32.4479 2.5811 0.8464
-21.2833 -33.2626 2.4487 0.8536
-18.5611 -31.4386 2.2639 0.8639
-17.7806 -39.2170 2.6701 0.8415
-3.3252 -49.6939 3.0884 0.8191
-1.5300 -49.4546 3.0682 0.8201
0.2440 -49.2181 3.0521 0.8210
2.3941 -21.1697 1.3211 0.9182
8.9626 -48.0560 3.0314 0.8221
10.7078 -47.8234 3.0390 0.8217
12.4641 -47.5893 3.0506 0.8211
3.8122 -12.6804 0.8211 0.9483
4.2217 -12.4091 0.8128 0.9488
26.1013 -25.6335 2.2686 0.8636
27.9223 -25.5196 2.3457 0.8593
13.2366 -10.4588 1.0461 0.9346
13.7546 -10.0881 1.0577 0.9339
35.6636 -24.2383 2.6739 0.8413
14.7540 -9.2715 1.0805 0.9325
36.5334 24.3183 2.7215 0.8387
30.4298 23.5712 2.3868 0.8570
25.1881 22.5793 2.0976 0.8732
12.8840 12.4115 1.1094 0.9308
19.6561 21.8627 1.8231 0.8889
23.1123 29.7472 2.3360 0.8599
15.1686 21.0398 1.6084 0.9013
8.7572 20.1854 1.3644 0.9156
7.9798 20.3653 1.3563 0.9161
7.2935 20.7796 1.3656 0.9155
4.6615 19.9175 1.2685 0.9213
1.3179 26.0870 1.6197 0.9006
-0.5624 26.4065 1.6378 0.8996
-3.1417 18.8865 1.1872 0.9261
-3.8214 18.7821 1.1885 0.9261
-7.1344 25.5305 1.6438 0.8992
-7.2425 18.1251 1.2104 0.9248
-7.9354 17.9605 1.2176 0.9243
-8.8018 18.1321 1.2499 0.9224
-9.5588 18.0159 1.2647 0.9215
-6.1893 9.8813 0.7230 0.9543
-7.0427 9.6320 0.7399 0.9533
-14.6993 17.3415 1.4097 0.9129
-21.0595 23.1102 1.9388 0.8822
-17.7510 18.1280 1.5733 0.9033
-17.8017 16.9204 1.5230 0.9063
-18.6873 16.5272 1.5470 0.9049
-26.1116 15.8196 1.8932 0.8848
-28.9463 16.1466 2.0553 0.8756
-29.8049 15.2501 2.0761 0.8744
-15.1635 -15.0927 1.3267 0.9178
-22.2364 -31.9304 2.4128 0.8556
-21.3091 -33.0686 2.4395 0.8541
-18.7098 -31.4592 2.2697 0.8636
-17.7621 -32.4630 2.2946 0.8622
-18.2125 -36.3234 2.5197 0.8497
-8.7279 -21.0534 1.4133 0.9127
-12.4345 -42.3890 2.7393 0.8377
-11.8723 -46.6025 2.9821 0.8247
-1.6897 -49.4759 3.0698 0.8200
0.0860 -49.2392 3.0533 0.8209
3.5921 -48.7718 3.0325 0.8220
2.3195 -21.1170 1.3173 0.9184
1.6597 -11.3427 0.7109 0.9551
10.5513 -47.8442 3.0381 0.8217
4.1793 -12.4151 0.8123 0.9489
11.0231 -18.3881 1.3294 0.9177
25.8072 -39.7434 2.9385 0.8270
24.7557 -30.3904 2.4306 0.8546
24.4512 -27.9088 2.3009 0.8618
24.1742 -25.6727 2.1867 0.8682
26.0689 -25.7666 2.2729 0.8634
27.7656 -25.5405 2.3394 0.8597
13.7441 -10.1484 1.0594 0.9338
16.1416 -11.0463 1.2129 0.9246
14.6095 -9.2462 1.0721 0.9331
40.3539 -23.5556 2.8975 0.8292
43.1940 -23.1771 3.0397 0.8216
43.7437 -7.4870 2.7520 0.8371
42.0685 25.6882 3.0566 0.8207
26.3995 21.8659 2.1257 0.8716
25.3239 22.5548 2.1029 0.8729
12.9060 12.3531 1.1078 0.9309
21.4675 22.0771 1.9095 0.8839
23.2267 29.6972 2.3379 0.8598
15.0083 20.6772 1.5844 0.9027
13.0723 21.0331 1.5356 0.9055
16.3399 28.5250 2.0385 0.8766
9.9242 20.6274 1.4194 0.9123
8.8391 20.1963 1.3671 0.9154
8.0602 20.3777 1.3589 0.9159
7.3077 20.6080 1.3559 0.9161
8.4188 26.7519 1.7391 0.8937
7.4184 26.9094 1.7309 0.8942
4.7309 19.9253 1.2699 0.9212
3.9044 19.5386 1.2355 0.9233
1.7535 19.5235 1.2155 0.9244
1.4026 26.1000 1.6208 0.9005
0.4726 26.5444 1.6463 0.8991
-0.4778 26.4178 1.6384 0.8995
-1.0350 19.1587 1.1898 0.9260
-1.6932 18.7926 1.1700 0.9272
-3.7605 18.7914 1.1884 0.9261
-7.8345 24.8708 1.6170 0.9008
-6.5384 18.4221 1.2122 0.9246
-7.2604 18.3404 1.2232 0.9240
-14.7190 23.6678 1.7283 0.8943
-6.3549 9.4452 0.7059 0.9554
-6.8052 9.3702 0.7181 0.9546
-18.5825 16.5412 1.5427 0.9051
-25.5777 15.6086 1.8581 0.8868
-28.9558 16.2740 2.0597 0.8754
-30.3216 14.2844 2.0784 0.8743
-36.6069 14.1348 2.4333 0.8545
-25.7938 6.8847 1.6555 0.8985
-39.4423 -19.3885 2.7254 0.8385
-28.4655 -24.3720 2.3238 0.8606
-15.2311 -15.0630 1.3284 0.9177
-32.7594 -34.8098 2.9641 0.8257
-26.4584 -32.4995 2.5987 0.8454
-22.4048 -31.9528 2.4200 0.8552
-21.3348 -32.8762 2.4303 0.8546
-18.8591 -31.4798 2.2756 0.8632
-17.8274 -32.3354 2.2897 0.8624
-17.8489 -38.7049 2.6430 0.8430
-13.3592 -35.4574 2.3496 0.8591
-12.5322 -42.2198 2.7309 0.8382
-7.0856 -32.1726 2.0428 0.8763
1.6882 -49.0256 3.0419 0.8215
10.3949 -47.8651 3.0373 0.8218
3.7609 -12.8074 0.8277 0.9479
16.1114 -29.4263 2.0803 0.8742
10.9713 -18.4356 1.3303 0.9176
25.3605 -36.3946 2.7507 0.8371
24.6095 -30.4099 2.4259 0.8549
24.0362 -25.6911 2.1816 0.8685
25.9217 -25.7862 2.2673 0.8637
21.0972 -18.1706 1.7266 0.8944
13.7335 -10.2089 1.0611 0.9337
39.9783 -23.5088 2.8759 0.8304
21.4174 -8.7547 1.4348 0.9114
30.7475 23.5030 2.3999 0.8563
26.4075 21.7298 2.1207 0.8719
25.3413 22.4248 2.0983 0.8732
21.6229 22.0946 1.9170 0.8835
18.6356 21.9979 1.7878 0.8909
14.1543 20.9047 1.5655 0.9038
13.1760 21.0490 1.5399 0.9053
10.0107 20.6371 1.4223 0.9122
8.9213 20.2073 1.3697 0.9153
7.3217 20.4389 1.3463 0.9167
8.5175 26.7650 1.7417 0.8935
3.9715 19.5476 1.2369 0.9232
1.8176 19.5334 1.2165 0.9244
0.5581 26.5558 1.6471 0.8990
-1.6330 18.8006 1.1702 0.9272
-2.3042 18.7111 1.1690 0.9272
-3.6997 18.8008 1.1882 0.9261
-6.9641 25.5532 1.6424 0.8993
-7.7498 24.8803 1.6159 0.9008
-6.4744 18.4293 1.2113 0.9247
-7.8055 17.9778 1.2154 0.9245
-8.5381 17.8802 1.2287 0.9237
-13.7073 24.0925 1.7189 0.8949
-20.5874 22.8855 1.9089 0.8839
-17.5982 16.9433 1.5148 0.9067
-29.0339 22.4769 2.2769 0.8632
-23.3570 16.7772 1.7833 0.8911
-10.9692 7.2972 0.8170 0.9486
-28.3987 -24.7929 1.4865 0.8599
-29.0157 -33.7889 1.7562 0.8367
-19.2820 -24.1561 1.2187 0.8836
-27.9049 -37.6541 1.8480 0.8289
-21.9023 -31.8853 1.5253 0.8565
-23.5546 -37.0741 1.7320 0.8388
-17.9214 -36.3231 1.5971 0.8503
-17.7774 -39.5472 1.7097 0.8407
-14.2427 -34.9898 1.4896 0.8597
-14.0955 -38.5327 1.6179 0.8485
-12.8335 -39.4113 1.6343 0.8471
-12.3420 -43.0964 1.7677 0.8357
-8.0772 -32.5786 1.3235 0.8743
18.1433 -38.6595 1.6839 0.8429
17.7621 -29.2028 1.3478 0.8721
26.0252 -39.5210 1.8659 0.8274
25.1632 -35.3799 1.7119 0.8405
24.7546 -29.9937 1.5335 0.8558
26.0744 -25.4431 1.4365 0.8643
28.0793 -25.4982 1.4956 0.8591
13.2138 -10.3720 0.6624 0.9350
13.7644 -10.0275 0.6715 0.9341
36.0118 -24.3063 1.7132 0.8404
24.3866 -9.6952 1.0348 0.9003
40.7973 -14.5472 1.7079 0.8408
43.9781 -7.2367 1.7574 0.8366
40.5325 25.1091 1.8801 0.8262
29.9651 23.3656 1.4983 0.8589
12.8698 12.4778 0.7068 0.9308
19.5776 21.9165 1.1588 0.8890
18.6028 22.3931 1.1479 0.8900
22.7828 29.5183 1.4703 0.8613
15.0556 21.0251 1.0197 0.9017
13.9959 21.1059 0.9986 0.9036
12.9810 21.1885 0.9798 0.9053
16.3181 28.9160 1.3092 0.8755
8.2224 26.7261 1.1026 0.8941
7.2244 26.8781 1.0974 0.8946
4.5921 19.9085 0.8056 0.9215
3.7706 19.5211 0.7840 0.9235
3.0333 19.4228 0.7751 0.9243
2.3458 19.6135 0.7789 0.9240
0.3048 26.7817 1.0561 0.8983
-0.6533 26.6540 1.0513 0.8988
-1.1575 19.1438 0.7562 0.9261
-3.2023 18.8761 0.7549 0.9262
-3.8821 18.7717 0.7558 0.9261
-6.3325 25.8970 1.0512 0.8988
-8.0038 24.8502 1.0294 0.9008
-6.6663 18.4065 0.7719 0.9246
-8.0007 17.9521 0.7750 0.9243
-13.8377 23.7857 1.0851 0.8957
-6.1975 9.8242 0.4580 0.9546
-12.9277 17.5618 0.8599 0.9164
-13.6396 17.2004 0.8656 0.9159
-17.7427 18.0035 0.9967 0.9038
-17.9030 16.9075 0.9710 0.9061
-18.7930 16.5134 0.9865 0.9047
-29.6826 22.5251 1.4693 0.8614
-29.8868 15.1711 1.3216 0.8744
-32.3354 14.9802 1.4052 0.8671
-34.8766 14.6615 1.4918 0.8595
-19.3527 -24.0857 1.2183 0.8837
-22.0687 -31.9075 1.5298 0.8562
-17.6972 -32.5926 1.4624 0.8620
-18.0769 -36.3438 1.6006 0.8500
-14.2432 -38.5524 1.6206 0.8483
-12.8739 -39.1084 1.6235 0.8480
-12.3892 -42.7424 1.7548 0.8368
-8.1927 -32.5957 1.3253 0.8741
-1.5300 -49.4539 1.9510 0.8203
4.2185 -12.3997 0.5165 0.9489
18.0797 -38.8479 1.6896 0.8424
25.1576 -35.6136 1.7193 0.8398
25.0379 -32.8744 1.6294 0.8475
24.7860 -30.2289 1.5414 0.8551
24.4528 -27.7304 1.4578 0.8624
24.3122 -25.6538 1.3937 0.8681
26.0995 -25.6318 1.4424 0.8638
13.1774 -10.4120 0.6622 0.9350
13.7539 -10.0876 0.6726 0.9340
35.9700 -24.4465 1.7149 0.8402
38.3895 -24.1241 1.7878 0.8340
30.1695 -17.4811 1.3749 0.8697
43.3664 -23.0906 1.9373 0.8215
24.3093 -9.7550 1.0328 0.9005
43.8180 -7.3549 1.7520 0.8371
36.2467 24.1274 1.7169 0.8400
30.0807 23.3008 1.5003 0.8587
21.4041 22.1538 1.2147 0.8840
19.6550 21.8615 1.1592 0.8890
18.6137 22.2604 1.1442 0.8903
15.1689 21.0402 1.0228 0.9014
12.9921 21.0547 0.9755 0.9057
16.4508 28.9337 1.3124 0.8753
14.3798 27.5467 1.2253 0.8830
9.6914 20.3102 0.8874 0.9139
7.2934 20.7794 0.8684 0.9156
1.6894 19.5126 0.7723 0.9246
1.3178 26.0856 1.0299 0.9007
-0.5679 26.6654 1.0517 0.8987
-1.7533 18.7848 0.7439 0.9273
-2.4242 18.6954 0.7433 0.9273
-3.8212 18.7810 0.7557 0.9261
-7.1344 25.5308 1.0453 0.8993
-7.9189 24.8598 1.0288 0.9008
-6.6021 18.4138 0.7713 0.9247
-8.8013 18.1311 0.7947 0.9225
-9.5582 18.0149 0.8041 0.9216
-6.1809 9.8679 0.4591 0.9545
-13.5584 17.2112 0.8639 0.9160
-14.6984 17.3404 0.8963 0.9130
-17.8004 16.9191 0.9684 0.9064
-18.6876 16.5275 0.9837 0.9050
-19.9002 16.3658 1.0160 0.9020
-23.3116 16.5187 1.1266 0.8919
-34.9029 14.8046 1.4949 0.8592
-36.8694 14.1004 1.5565 0.8538
-25.7693 6.7896 1.0508 0.8988
-37.9129 -17.1224 1.6403 0.8466
-29.0661 -33.4111 1.7462 0.8375
-25.1705 -33.5123 1.6526 0.8455
-22.2360 -31.9298 1.5343 0.8558
-17.7628 -32.4644 1.4592 0.8623
-17.8155 -38.9607 1.6893 0.8424
-13.3262 -35.7170 1.5032 0.8585
-12.9137 -38.8095 1.6128 0.8490
-5.9763 -41.8647 1.6675 0.8443
1.6595 -11.3414 0.4520 0.9552
4.1762 -12.4057 0.5161 0.9489
16.6105 -27.7085 1.2739 0.8787
26.1188 -40.2233 1.8911 0.8253
25.6255 -36.5242 1.7593 0.8364
24.7553 -30.3899 1.5456 0.8548
26.0685 -25.7662 1.4453 0.8635
12.8140 -10.9650 0.6650 0.9347
13.1409 -10.4519 0.6621 0.9350
13.7434 -10.1479 0.6736 0.9339
35.7630 -24.4741 1.7088 0.8407
30.1643 -17.6077 1.3772 0.8695
43.3921 -23.2834 1.9418 0.8211
21.4803 -8.6999 0.9138 0.9114
43.6704 -7.4744 1.7470 0.8375
41.2840 25.2093 1.9074 0.8240
36.5770 24.1782 1.7289 0.8390
33.2389 23.7280 1.6103 0.8492
30.3310 23.3393 1.5091 0.8580
26.3922 21.8598 1.3513 0.8718
23.1222 29.5635 1.4799 0.8605
15.2828 21.0554 1.0259 0.9011
14.0472 20.8907 0.9927 0.9041
16.5842 28.9514 1.3156 0.8750
9.9236 20.6260 0.9025 0.9124
8.8392 20.1966 0.8693 0.9155
8.0597 20.3764 0.8640 0.9160
7.3076 20.6078 0.8622 0.9162
8.4189 26.7523 1.1059 0.8938
3.9044 19.5389 0.7857 0.9233
3.1641 19.4402 0.7766 0.9242
0.4736 26.6026 1.0491 0.8990
-0.4825 26.6768 1.0521 0.8987
-1.0349 19.1577 0.7565 0.9261
-1.6932 18.7928 0.7440 0.9272
-2.3642 18.7034 0.7434 0.9273
-7.0493 25.5422 1.0448 0.8994
-6.5380 18.4210 0.7708 0.9247
-7.8705 17.9694 0.7735 0.9245
-9.4898 18.0254 0.8032 0.9217
-13.7940 24.0649 1.0937 0.8949
-14.7192 23.6682 1.0990 0.8944
-6.3514 9.4400 0.4486 0.9555
-14.6139 17.3534 0.8946 0.9132
-20.7067 22.8700 1.2165 0.8838
-19.7885 16.3807 1.0129 0.9023
-23.3356 16.6485 1.1303 0.8916
-24.2398 16.0133 1.1455 0.8902
-25.5782 15.6089 1.1816 0.8870
-29.0455 16.3245 1.3138 0.8751
-29.7455 15.3404 1.3197 0.8746
-31.4612 14.8213 1.3713 0.8700
-34.9295 14.9484 1.4981 0.8589
-25.7878 6.8831 1.0524 0.8987
-39.5532 -19.4431 1.7379 0.8383
-26.4579 -32.4988 1.6524 0.8456
-25.1958 -33.3227 1.6473 0.8460
-22.4044 -31.9522 1.5388 0.8554
-21.3362 -32.8783 1.5455 0.8548
-17.8281 -32.3368 1.4560 0.8626
-18.3562 -36.3185 1.6048 0.8497
-14.6056 -34.9142 1.4923 0.8594
-13.3604 -35.4606 1.4942 0.8593
-12.5320 -42.2191 1.7366 0.8384
-11.9280 -46.2002 1.8815 0.8261
10.3947 -47.8644 1.9313 0.8220
4.1338 -12.4116 0.5158 0.9490
16.1228 -29.4471 1.3238 0.8742
25.6668 -36.8342 1.7703 0.8355
24.8110 -33.0142 1.6284 0.8476
24.6091 -30.4094 1.5425 0.8550
24.3093 -27.9272 1.4599 0.8622
25.9213 -25.7858 1.4417 0.8638
20.3326 -18.8241 1.0926 0.8950
12.8180 -11.0398 0.6670 0.9345
13.1045 -10.4918 0.6619 0.9350
13.7328 -10.2084 0.6747 0.9338
37.9415 -24.1838 1.7741 0.8352
40.4577 -23.7908 1.8507 0.8287
36.9119 24.2296 1.7410 0.8380
33.5087 23.7586 1.6197 0.8484
30.5843 23.3782 1.5179 0.8572
25.3400 22.4236 1.3342 0.8733
12.9481 12.3140 0.7046 0.9310
21.7154 22.1891 1.2242 0.8831
19.7142 21.6460 1.1544 0.8894
18.6354 21.9978 1.1368 0.8910
12.8338 22.2385 1.0124 0.9023
14.7852 27.8853 1.2445 0.8813
7.3216 20.4386 0.8561 0.9168
8.5176 26.7654 1.1075 0.8937
7.4787 26.7917 1.0968 0.8946
4.8002 19.9320 0.8084 0.9212
3.9715 19.5478 0.7865 0.9233
2.5416 19.6435 0.7810 0.9238
1.8175 19.5323 0.7735 0.9245
0.5581 26.5562 1.0474 0.8991
-0.3970 26.6882 1.0525 0.8987
-0.9736 19.1646 0.7567 0.9261
-1.6331 18.8008 0.7441 0.9272
-2.3042 18.7114 0.7434 0.9273
-3.0200 18.9041 0.7549 0.9262
-3.6995 18.7998 0.7555 0.9262
-6.0767 25.9311 1.0502 0.8989
-6.9642 25.5535 1.0444 0.8994
-7.1948 18.3467 0.7771 0.9241
-7.8056 17.9781 0.7728 0.9245
-8.5382 17.8804 0.7813 0.9237
-9.4214 18.0359 0.8024 0.9218
-13.7064 24.0911 1.0929 0.8950
-14.6220 23.6811 1.0974 0.8946
-13.3969 17.2328 0.8607 0.9163
-14.5297 17.3663 0.8928 0.9133
-20.5877 22.8859 1.2138 0.8841
-17.5969 16.9421 0.9632 0.9068
-19.6774 16.3955 1.0100 0.9026
-29.4680 22.8130 1.4695 0.8614
-18.4126 -31.4171 0.6151 0.8644
-17.6321 -32.7228 0.6279 0.8618
-14.7366 -32.7826 0.6071 0.8661
-14.0953 -38.5321 0.6931 0.8486
-12.8347 -39.4151 0.7002 0.8472
-12.3433 -43.1010 0.7573 0.8358
3.8388 -12.6217 0.2228 0.9486
26.0227 -39.5172 0.7993 0.8275
25.1628 -35.3793 0.7334 0.8406
24.0152 -27.0586 0.6111 0.8653
24.4510 -25.6349 0.5984 0.8679
26.0726 -25.4414 0.6154 0.8644
28.0788 -25.4978 0.6407 0.8592
29.9003 -25.2550 0.6611 0.8551
13.2133 -10.3716 0.2837 0.9350
36.0098 -24.3049 0.7339 0.8405
38.4936 -24.0175 0.7664 0.8340
43.5838 -23.0270 0.8326 0.8210
40.5338 25.1099 0.8054 0.8263
35.9323 24.0850 0.7307 0.8411
32.2178 23.3129 0.6717 0.8529
25.1031 22.6489 0.5711 0.8735
20.9362 21.8093 0.5107 0.8861
19.5760 21.9146 0.4964 0.8891
23.0063 29.8079 0.6360 0.8602
15.0559 21.0255 0.4368 0.9017
13.9950 21.1045 0.4278 0.9037
14.2593 27.5311 0.5237 0.8833
8.6759 20.1751 0.3710 0.9159
7.2749 20.9414 0.3745 0.9151
8.2225 26.7265 0.4723 0.8942
7.2240 26.8765 0.4701 0.8946
4.5918 19.9073 0.3451 0.9215
3.7707 19.5213 0.3358 0.9235
2.3457 19.6124 0.3337 0.9240
1.6516 19.8164 0.3359 0.9235
-1.1575 19.1427 0.3239 0.9261
-1.8134 18.7770 0.3187 0.9273
-7.2198 25.5198 0.4480 0.8993
-8.0008 17.9523 0.3320 0.9244
-8.8678 18.1198 0.3408 0.9225
-9.6263 18.0033 0.3449 0.9216
-13.8379 23.7860 0.4648 0.8958
-6.1891 9.8109 0.1959 0.9547
-6.4295 9.4248 0.1927 0.9554
-12.9288 17.5634 0.3684 0.9164
-13.6398 17.2007 0.3708 0.9159
-14.7823 17.3263 0.3847 0.9129
-17.7450 18.0059 0.4270 0.9038
-17.9017 16.9063 0.4159 0.9062
-18.7933 16.5137 0.4226 0.9048
-20.3085 16.5925 0.4430 0.9004
-23.2905 16.3917 0.4811 0.8923
-26.2588 15.7937 0.5176 0.8846
-29.0272 16.0697 0.5604 0.8757
-34.8800 14.6629 0.6391 0.8595
-30.7289 4.5422 0.5247 0.8831
-15.1009 -15.1273 0.3611 0.9180
-29.0426 -33.6014 0.7502 0.8372
-26.0707 -32.4466 0.7031 0.8466
-25.1466 -33.7053 0.7104 0.8452
-17.6980 -32.5940 0.6265 0.8621
-17.8124 -35.8121 0.6756 0.8521
-14.2430 -38.5518 0.6942 0.8484
-12.8751 -39.1122 0.6956 0.8481
5.6173 -30.1188 0.5175 0.8846
3.8134 -12.6845 0.2237 0.9484
4.2153 -12.3903 0.2211 0.9490
26.0691 -39.8659 0.8046 0.8265
25.1554 -35.6104 0.7365 0.8399
27.9213 -25.5187 0.6390 0.8596
13.1769 -10.4116 0.2837 0.9350
35.9693 -24.4461 0.7346 0.8403
43.7331 -7.3407 0.7491 0.8374
36.2421 24.1243 0.7354 0.8402
32.4864 23.3487 0.6758 0.8521
30.0774 23.2982 0.6427 0.8588
27.5408 22.9607 0.6057 0.8664
25.2994 22.6791 0.5739 0.8729
12.8747 12.4026 0.3020 0.9310
14.3800 27.5472 0.5249 0.8831
7.9788 20.3628 0.3694 0.9162
7.2933 20.7791 0.3720 0.9157
4.6610 19.9151 0.3455 0.9214
3.8375 19.5303 0.3362 0.9235
1.6893 19.5115 0.3308 0.9246
-0.5679 26.6657 0.4505 0.8988
-1.7533 18.7851 0.3187 0.9273
-7.9184 24.8584 0.4407 0.9009
-6.6017 18.4127 0.3304 0.9247
-7.9356 17.9610 0.3317 0.9245
-8.8008 18.1301 0.3404 0.9225
-13.5586 17.2115 0.3701 0.9161
-21.0568 23.1072 0.5281 0.8824
-17.7556 18.1327 0.4287 0.9035
-17.7991 16.9179 0.4148 0.9064
-18.6879 16.5278 0.4214 0.9050
-29.6104 22.6206 0.6294 0.8615
-23.3142 16.5206 0.4827 0.8920
-24.2249 15.8919 0.4894 0.8906
-29.9056 15.3016 0.5674 0.8742
-32.1288 15.0100 0.5990 0.8677
-34.9063 14.8061 0.6405 0.8593
-36.8704 14.1008 0.6668 0.8539
-25.7633 6.7880 0.4500 0.8989
-37.9096 -17.1209 0.7027 0.8467
-15.1685 -15.0977 0.3615 0.9179
-29.0677 -33.4129 0.7481 0.8376
-26.2634 -32.4723 0.7055 0.8461
-25.1720 -33.5143 0.7080 0.8456
-18.7091 -31.4581 0.6183 0.8638
-17.7636 -32.4657 0.6251 0.8624
-14.8821 -32.5458 0.6045 0.8666
-14.4845 -34.9395 0.6389 0.8596
-11.8750 -46.6129 0.8125 0.8249
26.1163 -40.2193 0.8100 0.8254
24.1734 -25.6719 0.5956 0.8684
27.7646 -25.5396 0.6372 0.8599
29.5658 -25.2996 0.6573 0.8558
13.1404 -10.4515 0.2836 0.9350
35.7623 -24.4736 0.7320 0.8408
40.7003 -23.7578 0.7961 0.8282
43.3899 -23.2822 0.8318 0.8212
41.2854 25.2101 0.8171 0.8241
36.5723 24.1751 0.7405 0.8391
33.2351 23.7253 0.6898 0.8493
30.3277 23.3367 0.6464 0.8581
25.3214 22.5525 0.5728 0.8731
21.5572 22.1694 0.5223 0.8836
19.6703 21.7376 0.4952 0.8893
15.2831 21.0558 0.4395 0.9011
14.0475 20.8911 0.4253 0.9042
14.5013 27.5633 0.5261 0.8829
8.8393 20.1969 0.3724 0.9156
7.3075 20.6075 0.3693 0.9162
8.4190 26.7527 0.4737 0.8939
7.4176 26.9062 0.4714 0.8944
4.7303 19.9230 0.3459 0.9213
3.9045 19.5392 0.3366 0.9234
3.1641 19.4405 0.3327 0.9242
1.7533 19.5214 0.3311 0.9246
1.4024 26.0971 0.4415 0.9007
-0.4825 26.6771 0.4507 0.8988
-1.0349 19.1566 0.3241 0.9261
-2.3643 18.7036 0.3185 0.9274
-3.0806 18.8938 0.3234 0.9263
-3.7601 18.7894 0.3237 0.9262
-6.1620 25.9201 0.4500 0.8989
-6.5377 18.4199 0.3302 0.9248
-7.2596 18.3383 0.3332 0.9241
-8.6047 17.8718 0.3351 0.9237
-9.4892 18.0243 0.3441 0.9217
-13.7956 24.0676 0.4686 0.8950
-14.6129 17.3523 0.3832 0.9132
-20.7070 22.8704 0.5212 0.8839
-17.6971 16.9294 0.4137 0.9067
-18.5831 16.5417 0.4202 0.9053
-29.6328 22.7888 0.6315 0.8611
-23.3382 16.6504 0.4843 0.8916
-24.2412 16.0142 0.4908 0.8903
-29.7425 15.3389 0.5653 0.8747
-31.4620 14.8217 0.5875 0.8701
-34.9328 14.9498 0.6418 0.8590
-36.6089 14.1356 0.6629 0.8547
-25.7819 6.8815 0.4507 0.8987
-15.2362 -15.0680 0.3620 0.9178
-29.0927 -33.2257 0.7460 0.8381
-22.4040 -31.9516 0.6592 0.8555
-21.3376 -32.8804 0.6621 0.8549
-18.8585 -31.4788 0.6199 0.8635
-17.8289 -32.3381 0.6238 0.8627
-15.0168 -32.5636 0.6057 0.8664
-14.6056 -34.9143 0.6393 0.8595
-11.9294 -46.2054 0.8061 0.8262
3.7621 -12.8116 0.2256 0.9480
24.8088 -33.0113 0.6975 0.8477
24.6087 -30.4089 0.6608 0.8551
25.9209 -25.7854 0.6176 0.8639
21.1090 -18.1808 0.4705 0.8945
14.1734 -10.5359 0.2983 0.9318
35.5568 -24.5010 0.7294 0.8413
37.9407 -24.1833 0.7600 0.8353
40.4568 -23.7903 0.7928 0.8288
21.4114 -8.7522 0.3907 0.9116
37.3343 15.8483 0.6851 0.8502
41.6696 25.2613 0.8231 0.8229
36.9072 24.2265 0.7457 0.8381
33.5049 23.7558 0.6938 0.8485
30.5809 23.3756 0.6502 0.8573
29.8062 24.5265 0.6520 0.8569
25.3387 22.4225 0.5715 0.8734
21.7135 22.1871 0.5244 0.8832
15.3977 21.0711 0.4408 0.9009
13.1742 21.0460 0.4194 0.9054
14.7842 27.8834 0.5331 0.8814
10.0094 20.6344 0.3874 0.9123
7.4779 26.7889 0.4698 0.8947
4.7999 19.9309 0.3463 0.9213
1.8174 19.5312 0.3313 0.9245
0.5581 26.5565 0.4487 0.8992
-0.3970 26.6885 0.4509 0.8987
-1.6331 18.8011 0.3188 0.9273
-3.0198 18.9031 0.3234 0.9263
-3.6993 18.7987 0.3236 0.9262
-7.7489 24.8775 0.4401 0.9010
-8.5383 17.8807 0.3347 0.9238
-9.4209 18.0348 0.3437 0.9218
-13.7056 24.0896 0.4682 0.8950
-14.6222 23.6815 0.4701 0.8946
-6.7606 9.3718 0.1952 0.9548
-22.9002 23.6890 0.5566 0.8765
-19.6777 16.3958 0.4327 0.9026
-29.4686 22.8134 0.6295 0.8615
-23.3623 16.7810 0.4859 0.8913
-25.4277 15.6294 0.5042 0.8874
-15.0361 -15.1594 -0.1202 0.9181
-23.2657 -36.6193 -0.2443 0.8407
-17.6329 -32.7242 -0.2093 0.8618
-17.5947 -35.6610 -0.2239 0.8529
-14.6112 -32.5036 -0.2006 0.8671
-14.2428 -34.9899 -0.2127 0.8598
-14.0951 -38.5315 -0.2310 0.8486
-12.3446 -43.1055 -0.2524 0.8358
-1.3704 -49.4313 -0.2784 0.8205
3.8394 -12.6237 -0.0743 0.9486
18.1846 -38.7475 -0.2410 0.8426
24.5356 -40.3391 -0.2658 0.8279
25.1625 -35.3788 -0.2444 0.8406
24.7507 -29.9889 -0.2189 0.8560
22.2235 -25.0399 -0.1885 0.8747
24.4506 -25.6344 -0.1995 0.8679
26.0708 -25.4396 -0.2051 0.8644
13.8281 -10.8542 -0.0990 0.9321
41.7119 -22.0380 -0.2656 0.8280
24.3077 -9.6638 -0.1473 0.9007
35.9322 24.0850 -0.2435 0.8411
29.9650 23.3655 -0.2139 0.8590
12.8605 12.4688 -0.1009 0.9309
20.9367 21.8097 -0.1702 0.8861
19.5743 21.9128 -0.1654 0.8891
18.6025 22.3927 -0.1639 0.8901
23.0067 29.8084 -0.2120 0.8602
13.9941 21.1032 -0.1426 0.9037
12.9809 21.1884 -0.1399 0.9054
16.3187 28.9169 -0.1869 0.8756
7.8982 20.3493 -0.1229 0.9164
7.2748 20.9412 -0.1248 0.9151
7.2236 26.8749 -0.1567 0.8947
4.5915 19.9061 -0.1150 0.9215
3.0334 19.4233 -0.1107 0.9244
2.3456 19.6113 -0.1112 0.9240
1.6515 19.8161 -0.1120 0.9235
-0.6533 26.6547 -0.1501 0.8988
-2.4843 18.6879 -0.1061 0.9274
-3.2020 18.8741 -0.1078 0.9263
-3.8817 18.7696 -0.1079 0.9262
-6.3326 25.8977 -0.1501 0.8988
-7.2199 25.5202 -0.1493 0.8993
-8.0029 24.8474 -0.1470 0.9008
-6.6655 18.4044 -0.1102 0.9247
-8.0009 17.9526 -0.1107 0.9244
-8.8673 18.1188 -0.1136 0.9225
-9.6257 18.0022 -0.1149 0.9216
-6.1808 9.7977 -0.0652 0.9547
-6.4279 9.4223 -0.0642 0.9554
-14.7814 17.3252 -0.1282 0.9129
-21.1749 23.0874 -0.1764 0.8822
-17.7473 18.0082 -0.1424 0.9038
-18.7936 16.5140 -0.1408 0.9048
-20.3070 16.5913 -0.1476 0.9004
-23.2932 16.3936 -0.1604 0.8923
-24.2367 15.7885 -0.1629 0.8907
-26.2565 15.7923 -0.1725 0.8847
-29.8898 15.1726 -0.1887 0.8745
-30.7198 4.5409 -0.1748 0.8832
-26.0413 -32.4101 -0.2341 0.8468
-25.1481 -33.7074 -0.2368 0.8452
-22.0482 -31.8778 -0.2182 0.8564
-21.2874 -33.2691 -0.2224 0.8539
-18.5602 -31.4370 -0.2055 0.8641
-17.6987 -32.5954 -0.2088 0.8621
-17.6880 -35.5619 -0.2236 0.8531
-14.6910 -32.4027 -0.2003 0.8674
-14.3636 -34.9647 -0.2128 0.8597
-12.8764 -39.1159 -0.2318 0.8481
-12.3918 -42.7513 -0.2506 0.8369
-1.5300 -49.4526 -0.2786 0.8204
5.6172 -30.1184 -0.1725 0.8847
24.0767 -36.8190 -0.2477 0.8386
25.1531 -35.6071 -0.2454 0.8400
25.0371 -32.8734 -0.2326 0.8476
27.9208 -25.5183 -0.2130 0.8596
13.7839 -10.8912 -0.0989 0.9321
38.3879 -24.1231 -0.2553 0.8341
41.4541 -22.0724 -0.2644 0.8287
24.2308 -9.7235 -0.1470 0.9008
42.2237 25.9695 -0.2791 0.8201
32.4874 23.3494 -0.2252 0.8521
30.0740 23.2956 -0.2142 0.8588
25.2969 22.6768 -0.1913 0.8729
12.8700 12.3981 -0.1006 0.9310
21.4004 22.1500 -0.1734 0.8841
18.6135 22.2601 -0.1634 0.8904
15.1694 21.0410 -0.1460 0.9014
8.7576 20.1863 -0.1239 0.9157
7.2933 20.7788 -0.1240 0.9157
4.6607 19.9140 -0.1151 0.9214
3.8376 19.5305 -0.1121 0.9235
3.0987 19.4320 -0.1108 0.9243
2.4107 19.6213 -0.1113 0.9240
1.6892 19.5104 -0.1103 0.9247
1.3177 26.0827 -0.1470 0.9008
0.3910 26.7939 -0.1509 0.8984
-0.5679 26.6661 -0.1502 0.8988
-1.0961 19.1486 -0.1080 0.9261
-1.7533 18.7853 -0.1062 0.9273
-3.1412 18.8834 -0.1078 0.9263
-3.8208 18.7790 -0.1079 0.9262
-7.1346 25.5315 -0.1493 0.8994
-8.8003 18.1291 -0.1135 0.9226
-9.5571 18.0128 -0.1148 0.9217
-6.1642 9.8412 -0.0654 0.9546
-6.3879 9.4287 -0.0641 0.9555
-12.8610 17.5894 -0.1227 0.9165
-14.6965 17.3383 -0.1280 0.9131
-21.0555 23.1057 -0.1760 0.8825
-17.7579 18.1351 -0.1429 0.9035
-23.3169 16.5225 -0.1609 0.8920
-26.1050 15.8156 -0.1718 0.8851
-34.9097 14.8075 -0.2135 0.8593
-29.0693 -33.4148 -0.2494 0.8376
-26.2338 -32.4358 -0.2349 0.8463
-22.0345 -31.6403 -0.2171 0.8571
-21.3133 -33.0750 -0.2215 0.8544
-18.7088 -31.4575 -0.2061 0.8638
-17.7644 -32.4671 -0.2084 0.8624
-17.8628 -35.6259 -0.2244 0.8526
-14.7882 -32.3403 -0.2002 0.8674
-13.3286 -35.7234 -0.2147 0.8585
-12.4383 -42.4022 -0.2488 0.8380
-5.9915 -41.9709 -0.2385 0.8440
5.5196 -30.1315 -0.1725 0.8847
3.7885 -12.7498 -0.0749 0.9482
24.1202 -37.1454 -0.2494 0.8376
25.1246 -35.8102 -0.2463 0.8395
24.1730 -25.6714 -0.1985 0.8684
13.7531 -10.9388 -0.0989 0.9321
38.1631 -24.1530 -0.2543 0.8347
43.6003 -7.4624 -0.2490 0.8378
42.6144 26.0216 -0.2811 0.8190
36.5676 24.1720 -0.2468 0.8392
30.3243 23.3341 -0.2154 0.8581
35.6563 29.5329 -0.2607 0.8309
12.8795 12.3277 -0.1004 0.9312
21.5554 22.1675 -0.1741 0.8837
18.6244 22.1284 -0.1628 0.8907
23.1231 29.5647 -0.2113 0.8606
15.2833 21.0562 -0.1465 0.9012
16.5847 28.9524 -0.1879 0.8751
14.5015 27.5638 -0.1754 0.8829
8.8395 20.1973 -0.1241 0.9156
7.3074 20.6073 -0.1231 0.9163
4.7301 19.9218 -0.1153 0.9214
3.9045 19.5395 -0.1122 0.9234
3.1642 19.4408 -0.1109 0.9242
1.4024 26.0957 -0.1471 0.9007
-0.4825 26.6775 -0.1502 0.8988
-1.0348 19.1555 -0.1080 0.9261
-1.6932 18.7933 -0.1062 0.9273
-2.3643 18.7039 -0.1061 0.9274
-3.0804 18.8928 -0.1078 0.9263
-3.7599 18.7884 -0.1079 0.9262
-6.1620 25.9204 -0.1500 0.8989
-7.0495 25.5429 -0.1492 0.8994
-7.8332 24.8666 -0.1468 0.9010
-6.5373 18.4189 -0.1100 0.9248
-7.2591 18.3373 -0.1110 0.9241
-7.8707 17.9699 -0.1105 0.9245
-9.4887 18.0233 -0.1147 0.9218
-6.1475 9.8850 -0.0655 0.9545
-6.3481 9.4351 -0.0640 0.9555
-13.4779 17.2225 -0.1231 0.9162
-23.0312 23.6720 -0.1859 0.8762
-17.6958 16.9282 -0.1379 0.9067
-18.5834 16.5420 -0.1401 0.9053
-19.7892 16.3813 -0.1446 0.9023
-29.6346 22.7902 -0.2105 0.8611
-23.3408 16.6523 -0.1614 0.8916
-24.2425 16.0151 -0.1636 0.8903
-29.7396 15.3374 -0.1884 0.8747
-31.4628 14.8221 -0.1958 0.8701
-36.6099 14.1360 -0.2210 0.8547
-25.7759 6.8799 -0.1502 0.8988
-29.0943 -33.2275 -0.2486 0.8381
-26.4569 -32.4976 -0.2359 0.8457
-25.1988 -33.3267 -0.2352 0.8461
-22.2014 -31.6627 -0.2177 0.8567
-21.3389 -32.8825 -0.2207 0.8549
-18.8582 -31.4782 -0.2066 0.8635
-18.0804 -35.7727 -0.2257 0.8519
-14.8848 -32.2773 -0.2001 0.8675
-13.3628 -35.4669 -0.2134 0.8593
-12.5316 -42.2179 -0.2478 0.8385
-11.9307 -46.2106 -0.2687 0.8262
3.7627 -12.8136 -0.0752 0.9480
4.1276 -12.3929 -0.0735 0.9491
24.3085 -27.9263 -0.2085 0.8623
24.0351 -25.6898 -0.1981 0.8687
14.8611 -11.8981 -0.1072 0.9267
37.9399 -24.1828 -0.2533 0.8353
38.7000 -22.7571 -0.2528 0.8356
41.0828 -22.2144 -0.2629 0.8296
43.6172 -7.6096 -0.2493 0.8377
29.8061 24.5265 -0.2173 0.8569
12.9161 12.2835 -0.1004 0.9312
19.7150 21.6469 -0.1648 0.8895
18.6353 21.9976 -0.1623 0.8911
23.2945 29.5875 -0.2121 0.8602
14.1551 20.9058 -0.1421 0.9039
12.8338 22.2385 -0.1446 0.9024
14.7832 27.8816 -0.1777 0.8814
10.0087 20.6331 -0.1291 0.9124
8.9217 20.2082 -0.1244 0.9154
7.4771 26.7860 -0.1566 0.8947
4.7996 19.9297 -0.1154 0.9213
3.9716 19.5484 -0.1123 0.9233
2.5413 19.6413 -0.1115 0.9238
1.8173 19.5301 -0.1104 0.9245
0.5581 26.5569 -0.1495 0.8992
-0.3970 26.6889 -0.1503 0.8987
-0.9735 19.1625 -0.1080 0.9261
-3.0197 18.9021 -0.1078 0.9263
-3.6991 18.7977 -0.1079 0.9262
-6.0769 25.9318 -0.1500 0.8989
-6.9644 25.5542 -0.1491 0.8995
-7.7485 24.8761 -0.1467 0.9010
-6.4733 18.4261 -0.1100 0.9249
-7.1940 18.3446 -0.1109 0.9242
-9.4203 18.0338 -0.1146 0.9218
-13.7048 24.0882 -0.1560 0.8951
-6.3139 9.4495 -0.0640 0.9556
-14.5279 17.3642 -0.1275 0.9134
-20.5884 22.8866 -0.1733 0.8841
-22.9005 23.6894 -0.1855 0.8765
-25.4283 15.6297 -0.1680 0.8875
-28.4005 -24.7944 -1.0616 0.8600
-15.0385 -15.1619 -0.6013 0.9181
-26.9758 -36.4004 -1.2755 0.8342
-21.9011 -31.8836 -1.0892 0.8566
-23.2682 -36.6232 -1.2218 0.8406
-18.4120 -31.4160 -1.0253 0.8644
-17.6336 -32.7256 -1.0467 0.8618
-14.2428 -34.9899 -1.0637 0.8597
-14.0949 -38.5309 -1.1552 0.8486
-1.3704 -49.4307 -1.3924 0.8205
2.1583 -48.9603 -1.3800 0.8219
4.6340 -30.3104 -0.8634 0.8845
3.8400 -12.6257 -0.3716 0.9486
24.0315 -36.4935 -1.2304 0.8396
25.1184 -32.7614 -1.1624 0.8477
26.0690 -25.4379 -1.0256 0.8644
14.2555 -10.3852 -0.4966 0.9319
36.0057 -24.3022 -1.2232 0.8404
38.4894 -24.0148 -1.2774 0.8340
41.7110 -22.0375 -1.3283 0.8280
24.2685 -9.6482 -0.7354 0.9008
38.3227 -4.9013 -1.0879 0.8568
39.6247 24.5467 -1.3125 0.8298
35.9322 24.0849 -1.2180 0.8411
32.2196 23.3142 -1.1198 0.8529
29.9649 23.3654 -1.0699 0.8589
27.3283 22.9326 -1.0045 0.8670
25.0982 22.6445 -0.9518 0.8735
20.9371 21.8102 -0.8513 0.8861
19.5727 21.9110 -0.8273 0.8891
18.6024 22.3925 -0.8197 0.8900
15.0564 21.0263 -0.7282 0.9017
13.9932 21.1018 -0.7130 0.9036
14.2598 27.5320 -0.8731 0.8833
7.2747 20.9410 -0.6242 0.9151
8.2227 26.7272 -0.7874 0.8941
3.7708 19.5219 -0.5599 0.9235
3.0335 19.4236 -0.5536 0.9243
1.6515 19.8158 -0.5599 0.9235
1.2331 26.0683 -0.7349 0.9008
0.3048 26.7828 -0.7542 0.8984
-0.6533 26.6551 -0.7508 0.8988
-1.8134 18.7775 -0.5312 0.9273
-3.8815 18.7686 -0.5397 0.9262
-6.6651 18.4033 -0.5511 0.9247
-7.2794 18.0490 -0.5480 0.9251
-8.8668 18.1178 -0.5680 0.9225
-13.8383 23.7867 -0.7749 0.8957
-6.4262 9.4199 -0.3211 0.9554
-13.6402 17.2012 -0.6182 0.9159
-14.7804 17.3241 -0.6412 0.9129
-17.7496 18.0105 -0.7120 0.9038
-20.3055 16.5901 -0.7383 0.9004
-23.2959 16.3955 -0.8021 0.8923
-24.2371 15.7888 -0.8145 0.8907
-25.8026 6.7098 -0.7507 0.8988
-15.1059 -15.1323 -0.6021 0.9180
-29.0459 -33.6051 -1.2507 0.8372
-26.0697 -32.4454 -1.1720 0.8466
-25.1496 -33.7094 -1.1842 0.8451
-21.9747 -31.7716 -1.0878 0.8568
-18.5599 -31.4365 -1.0279 0.8641
-17.6995 -32.5968 -1.0444 0.8621
-14.3636 -34.9648 -1.0644 0.8596
-12.8776 -39.1197 -1.1597 0.8481
-11.8225 -47.0376 -1.3657 0.8236
-1.5299 -49.4519 -1.3931 0.8204
25.0367 -32.8729 -1.1635 0.8476
24.4472 -27.7242 -1.0408 0.8625
24.3110 -25.6526 -0.9952 0.8681
29.7315 -25.2764 -1.0988 0.8554
14.2171 -10.4273 -0.4965 0.9319
38.3871 -24.1226 -1.2766 0.8341
38.6192 -22.3771 -1.2568 0.8364
41.4532 -22.0719 -1.3224 0.8287
43.5645 -7.3124 -1.2439 0.8380
39.6464 24.3843 -1.3106 0.8301
36.2327 24.1181 -1.2256 0.8402
12.8654 12.3936 -0.5030 0.9310
21.3985 22.1480 -0.8672 0.8841
18.6133 22.2599 -0.8170 0.8904
23.0921 29.7213 -1.0598 0.8602
14.0095 20.9798 -0.7103 0.9040
12.9920 21.0545 -0.6966 0.9057
14.3805 27.5481 -0.8750 0.8831
9.6919 20.3112 -0.6337 0.9139
8.7577 20.1866 -0.6196 0.9157
7.2932 20.7785 -0.6201 0.9157
7.3198 26.8882 -0.7847 0.8945
4.6604 19.9128 -0.5758 0.9214
3.8376 19.5308 -0.5605 0.9234
2.4106 19.6202 -0.5566 0.9239
0.3910 26.7943 -0.7545 0.8983
-2.4243 18.6961 -0.5308 0.9273
-3.1410 18.8824 -0.5390 0.9263
-7.9175 24.8556 -0.7345 0.9009
-7.2475 18.1375 -0.5500 0.9248
-7.9359 17.9615 -0.5529 0.9244
-8.7998 18.1280 -0.5674 0.9225
-6.1559 9.8280 -0.3265 0.9547
-12.8602 17.5882 -0.6135 0.9165
-29.6139 22.6233 -1.0493 0.8615
-23.3196 16.5244 -0.8048 0.8919
-24.2276 15.8936 -0.8159 0.8905
-29.0434 16.2007 -0.9364 0.8754
-29.9086 15.3032 -0.9460 0.8742
-32.1225 15.0071 -0.9983 0.8677
-34.9131 14.8090 -1.0679 0.8592
-36.8725 14.1015 -1.1116 0.8539
-25.7514 6.7849 -0.7498 0.8989
-15.1735 -15.1027 -0.6028 0.9179
-21.9990 -31.5894 -1.0839 0.8572
-21.3147 -33.0772 -1.1080 0.8543
-17.8627 -35.6256 -1.1222 0.8526
-14.4846 -34.9396 -1.0650 0.8595
-12.9174 -38.8207 -1.1520 0.8490
-5.9913 -41.9698 -1.1938 0.8440
1.6589 -11.3375 -0.3226 0.9552
3.7891 -12.7519 -0.3746 0.9482
24.1179 -37.1417 -1.2470 0.8376
25.1242 -35.8097 -1.2317 0.8394
24.8856 -32.8930 -1.1614 0.8479
24.7541 -30.3885 -1.1036 0.8548
26.0671 -25.7649 -1.0320 0.8636
13.7525 -10.9383 -0.4948 0.9321
14.1787 -10.4693 -0.4963 0.9319
35.7609 -24.4727 -1.2202 0.8408
38.1623 -24.1525 -1.2717 0.8347
41.1004 -22.0537 -1.3134 0.8297
43.5653 -7.4564 -1.2445 0.8379
39.9473 24.3930 -1.3180 0.8292
33.2274 23.7198 -1.1495 0.8493
30.3208 23.3314 -1.0773 0.8580
25.3188 22.5503 -0.9547 0.8731
12.8748 12.3233 -0.5018 0.9312
21.5535 22.1655 -0.8705 0.8836
15.2836 21.0566 -0.7326 0.9011
14.0480 20.8918 -0.7089 0.9042
9.9216 20.6220 -0.6444 0.9125
7.3074 20.6072 -0.6157 0.9162
8.4193 26.7534 -0.7897 0.8938
7.4167 26.9031 -0.7858 0.8943
4.7298 19.9206 -0.5765 0.9213
3.9046 19.5397 -0.5611 0.9234
3.1642 19.4410 -0.5546 0.9242
0.4732 26.5802 -0.7486 0.8991
-0.4825 26.6778 -0.7513 0.8987
-1.0347 19.1545 -0.5401 0.9261
-1.6932 18.7936 -0.5313 0.9273
-3.7597 18.7873 -0.5395 0.9262
-6.1621 25.9208 -0.7502 0.8989
-7.8327 24.8652 -0.7341 0.9009
-6.5369 18.4178 -0.5503 0.9248
-8.6049 17.8723 -0.5585 0.9237
-13.7986 24.0730 -0.7813 0.8949
-6.3465 9.4327 -0.3201 0.9555
-13.4781 17.2228 -0.6158 0.9162
-14.6111 17.3502 -0.6387 0.9132
-17.6945 16.9269 -0.6895 0.9067
-18.5838 16.5423 -0.7006 0.9052
-29.6364 22.7915 -1.0527 0.8610
-23.3435 16.6542 -0.8074 0.8916
-24.2439 16.0160 -0.8182 0.8902
-29.0541 16.3293 -0.9385 0.8751
-29.7366 15.3358 -0.9421 0.8747
-31.4636 14.8224 -0.9793 0.8701
-15.2412 -15.0730 -0.6036 0.9178
-32.7665 -34.8174 -1.3463 0.8259
-26.4563 -32.4970 -1.1799 0.8456
-17.8304 -32.3409 -1.0399 0.8626
-18.0286 -35.6704 -1.1254 0.8522
-14.8981 -32.3061 -1.0017 0.8673
-13.3639 -35.4700 -1.0673 0.8593
4.1245 -12.3835 -0.3675 0.9491
24.1619 -37.4725 -1.2555 0.8366
24.8046 -33.0057 -1.1626 0.8477
24.6079 -30.4080 -1.1015 0.8551
24.3081 -27.9259 -1.0425 0.8623
24.0347 -25.6894 -0.9906 0.8687
27.6077 -25.5595 -1.0594 0.8602
31.0343 -24.8468 -1.1194 0.8529
14.1404 -10.5113 -0.4961 0.9319
35.5554 -24.5001 -1.2158 0.8413
37.9392 -24.1823 -1.2668 0.8352
38.6979 -22.7559 -1.2641 0.8356
41.0818 -22.2139 -1.3151 0.8295
43.5822 -7.6035 -1.2457 0.8378
33.4971 23.7503 -1.1562 0.8485
29.8061 24.5265 -1.0869 0.8569
21.7096 22.1832 -0.8740 0.8832
15.3983 21.0718 -0.7349 0.9008
14.1553 20.9061 -0.7109 0.9039
12.8338 22.2384 -0.7230 0.9024
10.0080 20.6317 -0.6457 0.9123
8.9218 20.2085 -0.6220 0.9154
8.1390 20.3850 -0.6181 0.9159
8.5180 26.7666 -0.7909 0.8937
7.4763 26.7832 -0.7830 0.8947
4.7993 19.9285 -0.5772 0.9212
3.9717 19.5487 -0.5617 0.9233
3.2298 19.4498 -0.5552 0.9241
1.8172 19.5290 -0.5523 0.9245
-0.3970 26.6892 -0.7516 0.8987
-0.9734 19.1614 -0.5402 0.9261
-1.6331 18.8016 -0.5314 0.9273
-2.3043 18.7121 -0.5309 0.9273
-6.0769 25.9321 -0.7500 0.8989
-9.4198 18.0328 -0.5729 0.9218
-13.7040 24.0867 -0.7803 0.8950
-14.6227 23.6822 -0.7837 0.8946
-6.7570 9.3669 -0.3252 0.9548
-14.5270 17.3631 -0.6375 0.9134
-18.5665 16.6341 -0.7019 0.9051
-29.4697 22.8143 -1.0494 0.8615
-23.3676 16.7848 -0.8101 0.8913
-10.9601 7.2911 -0.3707 0.9487
-25.4288 15.6300 -0.8405 0.8874
-47.3921 0.0000 -2.4035 0.8271
-47.2963 -3.4003 -2.4048 0.8270
-47.1603 -5.0968 -2.4056 0.8270
-46.7122 -8.4726 -2.4076 0.8268
-46.0310 -11.8124 -2.4101 0.8267
-45.6037 -13.4641 -2.4114 0.8266
-44.5775 -16.7209 -2.4145 0.8264
-38.6806 -17.7691 -2.1587 0.8433
-38.5480 -19.4122 -2.1888 0.8413
-36.2220 -27.3048 -2.3004 0.8339
-28.4011 -24.7949 -1.9120 0.8598
-33.4141 -31.3538 -2.3238 0.8323
-25.8723 -32.4123 -2.1032 0.8470
-18.4117 -31.4155 -1.8466 0.8643
-17.6344 -32.7270 -1.8853 0.8617
-17.5553 -35.5812 -2.0122 0.8531
-14.0947 -38.5303 -2.0807 0.8485
-12.8385 -39.4266 -2.1028 0.8470
-12.3472 -43.1146 -2.2744 0.8356
-11.5739 -46.6820 -2.4391 0.8248
-9.9161 -47.1838 -2.4452 0.8244
-8.2364 -47.6223 -2.4510 0.8240
-6.5376 -47.9977 -2.4566 0.8236
-4.8220 -48.3075 -2.4621 0.8233
-3.0921 -48.5508 -2.4672 0.8230
-1.3510 -48.7281 -2.4722 0.8226
1.4836 -33.6551 -1.7084 0.8738
4.3956 -28.7509 -1.4750 0.8900
5.4337 -28.6242 -1.4776 0.8899
3.8406 -12.6277 -0.6694 0.9485
4.2481 -12.3563 -0.6626 0.9490
22.6323 -44.0429 -2.5112 0.8201
24.2021 -43.2101 -2.5117 0.8201
24.4510 -40.2000 -2.3862 0.8282
25.1291 -35.3320 -2.1988 0.8406
24.6869 -29.9117 -1.9669 0.8561
26.0673 -25.4362 -1.8470 0.8643
29.8474 -25.2103 -1.9814 0.8551
13.8271 -10.8534 -0.8915 0.9320
14.2550 -10.3849 -0.8944 0.9318
38.4327 -23.9794 -2.2973 0.8341
41.6006 -21.9792 -2.3861 0.8282
43.8659 -21.1991 -2.4708 0.8227
46.4293 -12.8870 -2.4436 0.8245
46.7456 -11.1852 -2.4376 0.8249
42.9298 -8.6566 -2.2210 0.8391
35.9209 -4.5942 -1.8365 0.8650
39.0529 -3.5763 -1.9888 0.8546
45.9563 14.3884 -2.4422 0.8246
33.4658 13.1805 -1.8241 0.8658
43.0014 20.6113 -2.4184 0.8261
35.8793 24.0495 -2.1905 0.8411
29.9121 23.3243 -1.9236 0.8591
25.0174 22.5716 -1.7088 0.8738
12.8512 12.4597 -0.9078 0.9308
20.9376 21.8107 -1.5333 0.8860
13.9923 21.1005 -1.2840 0.9036
12.9808 21.1882 -1.2602 0.9053
16.3192 28.9179 -1.6840 0.8755
9.6067 20.3001 -1.1389 0.9140
8.6763 20.1761 -1.1138 0.9158
7.8972 20.3467 -1.1069 0.9163
4.5910 19.9038 -1.0359 0.9214
3.0335 19.4239 -0.9970 0.9243
1.2330 26.0668 -1.3234 0.9008
0.3048 26.7831 -1.3584 0.8983
-3.2016 18.8721 -0.9708 0.9262
-6.3328 25.8984 -1.3521 0.8987
-8.0020 24.8446 -1.3237 0.9007
-8.8663 18.1167 -1.0229 0.9224
-6.4245 9.4174 -0.5781 0.9554
-14.7795 17.3230 -1.1548 0.9128
-20.3040 16.5889 -1.3297 0.9003
-23.2987 16.3974 -1.4449 0.8922
-24.2376 15.7892 -1.4670 0.8906
-29.8929 15.1742 -1.7001 0.8744
-41.6197 15.7641 -2.2570 0.8367
-45.3953 13.5611 -2.4027 0.8272
-25.8156 6.7132 -1.3528 0.8987
-46.2410 10.2688 -2.4022 0.8272
-30.7050 4.5387 -1.5741 0.8831
-47.0783 5.2410 -2.4023 0.8272
-46.0664 -11.6640 -2.4099 0.8267
-45.6443 -13.3168 -2.4113 0.8266
-45.1647 -14.9550 -2.4128 0.8265
-44.6283 -16.5767 -2.4144 0.8264
-38.5600 -19.2633 -2.1860 0.8414
-39.3671 -21.4648 -2.2740 0.8356
-25.7935 -15.2891 -1.5206 0.8868
-37.8978 -24.3426 -2.2843 0.8349
-37.1249 -25.7733 -2.2920 0.8344
-33.5046 -31.2370 -2.3231 0.8324
-25.1511 -33.7114 -2.1330 0.8450
-21.9761 -31.7736 -1.9592 0.8566
-18.5596 -31.4359 -1.8513 0.8640
-17.7003 -32.5982 -1.8812 0.8619
-14.5935 -32.1877 -1.7923 0.8680
-14.3636 -34.9648 -1.9170 0.8595
-12.8788 -39.1235 -2.0889 0.8479
-12.3944 -42.7602 -2.2578 0.8367
-8.3875 -47.5856 -2.4505 0.8240
-5.8530 -41.9631 -2.1487 0.8439
-2.0177 -30.1537 -1.5326 0.8860
1.3693 -33.5066 -1.7007 0.8743
2.6795 -34.8524 -1.7727 0.8694
5.3344 -28.6023 -1.4756 0.8900
6.4885 -28.9788 -1.5060 0.8879
8.8605 -33.8301 -1.7735 0.8693
3.8153 -12.6906 -0.6721 0.9483
4.2058 -12.3623 -0.6622 0.9490
9.5782 -25.1552 -1.3651 0.8978
10.5648 -25.0091 -1.3768 0.8970
24.0630 -43.2871 -2.5117 0.8201
25.0867 -35.5132 -2.2051 0.8402
21.9058 -24.8421 -1.6797 0.8758
23.0046 -24.2740 -1.6960 0.8746
27.8719 -25.4736 -1.9149 0.8596
29.6800 -25.2326 -1.9756 0.8555
13.7829 -10.8904 -0.8909 0.9321
14.2166 -10.4269 -0.8941 0.9318
35.9054 -24.4027 -2.2017 0.8404
38.6185 -22.3767 -2.2635 0.8363
41.3435 -22.0135 -2.3754 0.8289
43.8052 -21.3436 -2.4712 0.8227
44.4535 -19.7186 -2.4663 0.8230
24.1528 -9.6922 -1.3198 0.9010
37.0815 -11.8718 -1.9746 0.8556
46.3978 -13.0389 -2.4442 0.8245
46.7200 -11.3378 -2.4381 0.8249
35.9371 -4.7135 -1.8381 0.8649
45.1243 15.7642 -2.4241 0.8258
33.7717 13.1759 -1.8384 0.8649
36.3546 15.7088 -2.0084 0.8533
42.2723 21.9880 -2.4165 0.8263
41.4195 23.4697 -2.4143 0.8264
39.6807 24.4055 -2.3625 0.8298
32.4892 23.3507 -2.0291 0.8519
29.9773 23.2207 -1.9230 0.8591
27.4541 22.8883 -1.8127 0.8666
12.8607 12.3891 -0.9056 0.9310
18.6133 22.2599 -1.4715 0.8903
23.0908 29.7195 -1.9086 0.8601
12.9920 21.0544 -1.2547 0.9057
16.4519 28.9356 -1.6881 0.8752
14.3807 27.5485 -1.5760 0.8830
7.9773 20.3590 -1.1089 0.9161
7.2931 20.7783 -1.1168 0.9156
7.3193 26.8866 -1.4132 0.8944
4.6602 19.9116 -1.0371 0.9214
3.8377 19.5311 -1.0094 0.9234
3.0988 19.4326 -0.9980 0.9242
2.4104 19.6191 -1.0024 0.9239
-1.0960 19.1464 -0.9726 0.9261
-2.4244 18.6964 -0.9561 0.9273
-3.1408 18.8814 -0.9707 0.9262
-3.8204 18.7770 -0.9718 0.9261
-6.2475 25.9098 -1.3517 0.8988
-7.9171 24.8542 -1.3229 0.9008
-7.2488 18.1406 -0.9907 0.9247
-8.7993 18.1270 -1.0219 0.9225
-13.7693 23.8439 -1.3964 0.8956
-6.1476 9.8147 -0.5873 0.9547
-6.3846 9.4238 -0.5773 0.9554
-13.5592 17.2123 -1.1112 0.9160
-14.6947 17.3361 -1.1525 0.9130
-21.0055 23.0509 -1.5816 0.8826
-17.7626 18.1398 -1.2875 0.9033
-17.7952 16.9142 -1.2451 0.9063
-19.9016 16.3670 -1.3067 0.9019
-24.2289 15.8945 -1.4696 0.8904
-26.1006 15.8129 -1.5477 0.8849
-29.8320 15.2640 -1.6995 0.8744
-32.0259 14.9619 -1.7927 0.8680
-34.8543 14.7840 -1.9200 0.8593
-42.1037 14.3930 -2.2566 0.8368
-45.3522 13.7071 -2.4028 0.8272
-25.7454 6.7833 -1.3502 0.8989
-46.8346 7.0767 -2.4021 0.8272
-47.3384 2.0040 -2.4029 0.8272
-47.3893 0.3044 -2.4034 0.8271
-47.0047 -6.4860 -2.4064 0.8269
-46.7619 -8.1717 -2.4074 0.8269
-45.6844 -13.1695 -2.4112 0.8266
-45.2100 -14.8091 -2.4127 0.8265
-44.6787 -16.4323 -2.4142 0.8264
-41.4009 -16.9368 -2.2685 0.8360
-39.4329 -21.3367 -2.2738 0.8356
-24.3443 -15.5267 -1.4643 0.8908
-32.1047 -22.1356 -1.9777 0.8554
-17.5256 -14.0395 -1.1388 0.9140
-33.5947 -31.1198 -2.3224 0.8324
-15.1760 -15.1052 -1.0859 0.9178
-29.0726 -33.4186 -2.2464 0.8374
-25.1766 -33.5204 -2.1261 0.8454
-21.3161 -33.0793 -1.9957 0.8542
-17.7659 -32.4699 -1.8770 0.8622
-17.8184 -35.5373 -2.0161 0.8528
-13.3310 -35.7298 -1.9340 0.8584
-12.9187 -38.8243 -2.0751 0.8488
-10.2145 -47.0987 -2.4441 0.8245
-5.9798 -41.8889 -2.1459 0.8441
-2.1131 -30.1281 -1.5317 0.8861
-1.6632 -48.7011 -2.4713 0.8227
0.0853 -48.8229 -2.4760 0.8224
1.2560 -33.3594 -1.6930 0.8748
2.5614 -34.7774 -1.7685 0.8696
5.2416 -28.6139 -1.4753 0.8900
8.7701 -33.9291 -1.7772 0.8690
9.3967 -24.9189 -1.3506 0.8988
10.4759 -25.0223 -1.3757 0.8970
20.7415 -44.9440 -2.5103 0.8202
22.3480 -44.1854 -2.5111 0.8201
25.4657 -42.4803 -2.5118 0.8201
25.1238 -35.8091 -2.2184 0.8393
24.8508 -32.8470 -2.0888 0.8479
24.7169 -30.3428 -1.9847 0.8549
27.7155 -25.4945 -1.9098 0.8600
35.6988 -24.4302 -2.1938 0.8409
38.6717 -22.5737 -2.2709 0.8358
44.3981 -19.8649 -2.4667 0.8230
21.4528 -8.6888 -1.1738 0.9115
45.5126 -16.5587 -2.4562 0.8237
47.0316 -9.7984 -2.4364 0.8250
42.7763 -7.3214 -2.2009 0.8405
45.1776 15.6203 -2.4242 0.8258
41.4980 23.3385 -2.4145 0.8264
36.4441 24.0903 -2.2155 0.8395
33.1278 23.6487 -2.0642 0.8496
27.6635 22.9128 -1.8217 0.8660
25.3175 22.5491 -1.7194 0.8730
12.8702 12.3188 -0.9035 0.9311
21.5516 22.1636 -1.5678 0.8835
18.6243 22.1282 -1.4668 0.8906
23.1239 29.5658 -1.9035 0.8604
15.2839 21.0569 -1.3195 0.9010
13.0676 21.0256 -1.2555 0.9056
14.5020 27.5647 -1.5796 0.8827
8.8398 20.1979 -1.1181 0.9155
7.3074 20.6071 -1.1088 0.9162
8.4194 26.7538 -1.4224 0.8937
4.7295 19.9194 -1.0383 0.9213
3.1642 19.4413 -0.9989 0.9241
2.4756 19.6291 -1.0034 0.9238
0.4731 26.5728 -1.3478 0.8990
-0.4825 26.6782 -1.3532 0.8986
-1.0347 19.1534 -0.9728 0.9261
-1.6933 18.7938 -0.9570 0.9272
-3.0801 18.8907 -0.9707 0.9262
-3.7595 18.7863 -0.9716 0.9261
-6.1622 25.9211 -1.3512 0.8988
-7.0497 25.5436 -1.3439 0.8993
-7.8323 24.8637 -1.3220 0.9009
-8.6050 17.8726 -1.0060 0.9236
-13.7995 24.0744 -1.4073 0.8948
-6.3449 9.4302 -0.5764 0.9555
-6.8229 9.3945 -0.5888 0.9546
-14.6102 17.3490 -1.1503 0.9132
-20.7080 22.8715 -1.5647 0.8838
-17.6932 16.9257 -1.2418 0.9066
-19.7899 16.3819 -1.3029 0.9022
-29.6375 22.7924 -1.8961 0.8609
-23.3463 16.6561 -1.4544 0.8915
-25.5804 15.6102 -1.5197 0.8869
-28.9962 16.2967 -1.6869 0.8753
-34.8798 14.9271 -1.9241 0.8590
-41.9496 12.8258 -2.2242 0.8389
-25.7639 6.8767 -1.3523 0.8987
-46.1747 10.5656 -2.4022 0.8272
-46.8114 7.2270 -2.4021 0.8272
-47.2163 3.8521 -2.4025 0.8272
-47.3872 0.4565 -2.4033 0.8271
-47.3229 -2.9444 -2.4046 0.8270
-47.0236 -6.3348 -2.4063 0.8269
-46.7860 -8.0212 -2.4073 0.8269
-46.1359 -11.3668 -2.4097 0.8267
-45.7239 -13.0221 -2.4111 0.8266
-41.7469 -16.9221 -2.2845 0.8349
-37.9576 -16.9962 -2.1091 0.8466
-38.5839 -18.9666 -2.1804 0.8418
-39.4982 -21.2084 -2.2736 0.8356
-26.8903 -15.7067 -1.5793 0.8827
-24.4032 -15.4543 -1.4649 0.8908
-31.9783 -21.8973 -1.9655 0.8562
-17.6646 -14.0580 -1.1449 0.9135
-33.6843 -31.0025 -2.3217 0.8325
-31.5842 -33.5611 -2.3372 0.8315
-29.0976 -33.2312 -2.2400 0.8379
-26.4558 -32.4963 -2.1251 0.8455
-21.3417 -32.8868 -1.9882 0.8547
-17.8312 -32.3423 -1.8730 0.8625
-14.8037 -32.1015 -1.7928 0.8680
-14.6057 -34.9144 -1.9193 0.8593
-12.5313 -42.2167 -2.2334 0.8383
-10.3633 -47.0553 -2.4436 0.8245
-8.6893 -47.5108 -2.4494 0.8241
-5.2840 -48.2310 -2.4606 0.8234
-2.2129 -30.1630 -1.5338 0.8859
1.1414 -33.1478 -1.6821 0.8756
2.4439 -34.7028 -1.7643 0.8699
3.1645 -29.6874 -1.5141 0.8873
5.1489 -28.6262 -1.4751 0.8900
9.3102 -24.9315 -1.3497 0.8989
20.5964 -45.0088 -2.5102 0.8202
22.2054 -44.2558 -2.5111 0.8201
23.7840 -43.4397 -2.5116 0.8201
24.0683 -37.3273 -2.2524 0.8370
27.5599 -25.5152 -1.9047 0.8603
37.8733 -24.1403 -2.2777 0.8354
38.6958 -22.7547 -2.2766 0.8354
43.6825 -21.6320 -2.4721 0.8226
44.3423 -20.0110 -2.4672 0.8230
37.0801 -12.1345 -1.9786 0.8553
46.3332 -13.3424 -2.4452 0.8244
37.4916 -3.7978 -1.9111 0.8599
47.4131 14.3446 -2.5122 0.8200
45.2304 15.4761 -2.4244 0.8257
34.7763 13.3112 -1.8884 0.8614
41.5762 23.2070 -2.4147 0.8264
40.3986 24.4908 -2.3959 0.8276
36.7752 24.1399 -2.2309 0.8385
30.4758 23.2953 -1.9454 0.8576
29.7567 24.4858 -1.9543 0.8570
12.8841 12.2531 -0.9017 0.9313
21.7077 22.1812 -1.5740 0.8831
18.6352 21.9975 -1.4621 0.8909
23.2954 29.5886 -1.9098 0.8600
15.6230 21.3793 -1.3429 0.8994
14.1556 20.9065 -1.2804 0.9038
12.8338 22.2384 -1.3021 0.9023
10.0074 20.6304 -1.1628 0.9123
8.1384 20.3838 -1.1131 0.9158
7.3215 20.4382 -1.1010 0.9167
8.5181 26.7670 -1.4245 0.8936
7.4755 26.7803 -1.4101 0.8946
1.4870 26.1058 -1.3261 0.9006
0.5582 26.5576 -1.3471 0.8991
-0.3970 26.6896 -1.3537 0.8986
-0.9734 19.1603 -0.9730 0.9260
-2.3043 18.7124 -0.9561 0.9273
-6.9695 25.5731 -1.3443 0.8993
-6.4726 18.4240 -0.9903 0.9248
-7.8060 17.9791 -0.9940 0.9245
-8.5387 17.8814 -1.0049 0.9237
-9.4193 18.0317 -1.0317 0.9218
-6.3052 9.4366 -0.5756 0.9556
-6.7552 9.3644 -0.5856 0.9548
-14.5261 17.3620 -1.1480 0.9133
-20.5891 22.8874 -1.5612 0.8840
-10.9579 7.2897 -0.6675 0.9487
-25.4294 15.6303 -1.5138 0.8873
-33.1533 0.0000 -2.4309 0.8755
-33.0808 -2.3783 -2.4318 0.8754
-32.9822 -3.5645 -2.4324 0.8754
-32.4381 -7.0943 -2.4346 0.8753
-32.1746 -8.2566 -2.4355 0.8753
-31.5258 -10.5513 -2.4376 0.8752
-31.1413 -11.6810 -2.4387 0.8751
-30.2539 -13.8981 -2.4411 0.8750
-25.6119 -15.2928 -2.1872 0.8872
-25.6999 -17.9642 -2.2991 0.8818
-11.5964 -10.8814 -1.1660 0.9382
-20.6625 -24.0616 -2.3255 0.8806
-19.8302 -24.8429 -2.3307 0.8803
-17.1581 -27.0062 -2.3460 0.8796
-14.2454 -28.8727 -2.3607 0.8789
-13.2268 -29.4240 -2.3654 0.8786
-12.1862 -29.9376 -2.3700 0.8784
-6.7077 -31.9172 -2.3914 0.8774
-5.5672 -32.1891 -2.3952 0.8772
-3.2546 -32.6052 -2.4026 0.8768
-0.7373 -26.5937 -1.9507 0.8988
2.1697 -27.0844 -1.9923 0.8968
4.0140 -26.2551 -1.9475 0.8990
4.9600 -26.1290 -1.9500 0.8988
7.0101 -26.4187 -2.0041 0.8962
3.8413 -12.6298 -0.9679 0.9484
11.9067 -30.9713 -2.4329 0.8754
10.6754 -25.0463 -1.9963 0.8966
14.1065 -30.0579 -2.4346 0.8753
16.2309 -28.9784 -2.4353 0.8753
18.2667 -27.7392 -2.4353 0.8753
19.2473 -27.0621 -2.4349 0.8753
22.8874 -23.9955 -2.4314 0.8755
8.8371 -8.6232 -0.9053 0.9517
10.5371 -7.6763 -0.9559 0.9491
27.3566 -18.4644 -2.4200 0.8760
27.9717 -17.4524 -2.4174 0.8761
28.5472 -16.4189 -2.4147 0.8763
29.5770 -14.2937 -2.4086 0.8766
23.3549 -10.2701 -1.8707 0.9027
31.2848 -9.9053 -2.4061 0.8767
31.9206 -7.6379 -2.4066 0.8767
34.4921 -5.6758 -2.5630 0.8692
34.6725 -4.4345 -2.5630 0.8692
34.8956 -1.9364 -2.5626 0.8692
34.9380 -0.6831 -2.5622 0.8692
34.8841 1.8234 -2.5613 0.8693
34.7880 3.0729 -2.5607 0.8693
34.4581 5.5566 -2.5592 0.8694
34.2250 6.7870 -2.5583 0.8694
33.9469 8.0076 -2.5574 0.8695
31.6768 12.4759 -2.4963 0.8724
17.6141 10.9116 -1.5192 0.9203
25.6527 20.0030 -2.3851 0.8777
24.9003 20.8951 -2.3834 0.8778
24.1163 21.7586 -2.3816 0.8779
20.9380 21.8111 -2.2169 0.8858
19.5080 21.8386 -2.1471 0.8892
19.7653 25.6087 -2.3719 0.8783
15.8425 28.0732 -2.3635 0.8787
8.2230 26.7280 -2.0504 0.8939
4.5907 19.9026 -1.4976 0.9213
3.7709 19.5224 -1.4579 0.9234
2.3452 19.6080 -1.4479 0.9239
1.2302 26.0074 -1.9091 0.9008
-1.1572 19.1384 -1.4058 0.9260
-1.8135 18.7780 -1.3833 0.9271
-3.8811 18.7666 -1.4051 0.9260
-6.6644 18.4012 -1.4350 0.9245
-13.8387 23.7874 -2.0178 0.8955
-6.1559 9.7582 -0.8460 0.9548
-12.8984 17.5221 -1.5953 0.9164
-17.8430 16.8508 -1.7995 0.9063
-18.7946 16.5149 -1.8345 0.9045
-24.8605 18.8658 -2.2883 0.8823
-23.2353 16.3529 -2.0833 0.8923
-24.2381 15.7895 -2.1210 0.8905
-26.1736 15.7424 -2.2395 0.8847
-27.2636 15.0933 -2.2849 0.8825
-28.2603 13.0923 -2.2837 0.8826
-29.4866 9.9742 -2.2824 0.8826
-25.1254 7.5058 -1.9227 0.9002
-30.5709 4.5189 -2.2659 0.8834
-33.0514 2.4830 -2.4302 0.8755
-33.1409 -1.0832 -2.4313 0.8755
-33.0876 -2.2720 -2.4318 0.8754
-32.6785 -5.8188 -2.4338 0.8754
-32.4597 -6.9899 -2.4346 0.8753
-32.1998 -8.1530 -2.4355 0.8753
-31.8992 -9.3067 -2.4364 0.8752
-31.5583 -10.4497 -2.4375 0.8752
-31.1773 -11.5804 -2.4386 0.8751
-30.7567 -12.6977 -2.4398 0.8751
-29.7682 -14.8712 -2.4399 0.8751
-27.4767 -14.9816 -2.2947 0.8820
-26.3638 -16.9340 -2.2975 0.8819
-25.7560 -17.8806 -2.2990 0.8818
-25.1148 -18.8058 -2.3005 0.8818
-17.3709 -14.0075 -1.6362 0.9144
-11.6753 -10.8851 -1.1704 0.9380
-11.0692 -11.0885 -1.1488 0.9391
-20.7355 -23.9904 -2.3250 0.8806
-19.0464 -25.5289 -2.3354 0.8801
-12.9758 -18.7608 -1.6725 0.9126
-13.3189 -29.3762 -2.3650 0.8787
-12.2802 -29.8932 -2.3696 0.8784
-7.9356 -31.5729 -2.3870 0.8776
-6.8092 -31.8909 -2.3910 0.8774
-4.5191 -32.4000 -2.3986 0.8770
-3.3588 -32.5904 -2.4023 0.8769
-0.8264 -26.7101 -1.9594 0.8984
0.1291 -26.0375 -1.9091 0.9008
2.0864 -27.1391 -1.9958 0.8966
4.8753 -26.1403 -1.9497 0.8988
5.8585 -26.1654 -1.9660 0.8980
6.9138 -26.3976 -2.0008 0.8963
4.2026 -12.3530 -0.9567 0.9490
9.4009 -24.6897 -1.9371 0.8995
12.9167 -30.5765 -2.4338 0.8754
16.1377 -29.0302 -2.4353 0.8753
18.1777 -27.7980 -2.4353 0.8753
20.1170 -26.4133 -2.4344 0.8753
21.0452 -25.6666 -2.4337 0.8754
8.8391 -8.6807 -0.9084 0.9515
8.9070 -8.1406 -0.8848 0.9528
9.2663 -7.8778 -0.8918 0.9524
27.2997 -18.5539 -2.4202 0.8760
27.9182 -17.5439 -2.4177 0.8761
29.5344 -14.3903 -2.4089 0.8765
23.3680 -10.3656 -1.8744 0.9026
24.4485 -8.8062 -1.9054 0.9010
31.5949 -8.8789 -2.4063 0.8767
31.8957 -7.7403 -2.4065 0.8767
34.6583 -4.5458 -2.5630 0.8692
34.7970 -3.2992 -2.5628 0.8692
34.8896 -2.0485 -2.5626 0.8692
34.7985 2.9614 -2.5607 0.8693
34.6604 4.2069 -2.5600 0.8693
34.2478 6.6773 -2.5584 0.8694
33.9737 7.8988 -2.5575 0.8695
33.6549 9.1090 -2.5564 0.8695
33.2921 10.3061 -2.5553 0.8696
29.9958 12.9611 -2.3959 0.8772
29.4951 14.0212 -2.3946 0.8772
28.9563 15.0617 -2.3932 0.8773
28.3801 16.0811 -2.3917 0.8774
27.1187 18.0514 -2.3886 0.8775
26.4354 18.9997 -2.3870 0.8776
25.7185 19.9218 -2.3853 0.8777
24.9689 20.8165 -2.3836 0.8778
15.1702 21.0421 -1.9020 0.9012
15.9339 28.0245 -2.3637 0.8787
9.6922 20.3118 -1.6502 0.9137
7.9768 20.3577 -1.6032 0.9160
7.2930 20.7782 -1.6146 0.9155
8.3211 26.7411 -2.0534 0.8938
3.8377 19.5314 -1.4595 0.9233
1.6889 19.5071 -1.4357 0.9245
0.3910 26.7950 -1.9649 0.8981
-1.0959 19.1454 -1.4061 0.9260
-1.7112 18.3336 -1.3501 0.9288
-7.1349 25.5326 -1.9438 0.8991
-6.6002 18.4085 -1.4339 0.9246
-7.9361 17.9620 -1.4398 0.9243
-8.7988 18.1260 -1.4773 0.9224
-9.5555 18.0097 -1.4949 0.9215
-6.3830 9.4214 -0.8344 0.9554
-12.8187 17.5315 -1.5924 0.9166
-13.5594 17.2126 -1.6066 0.9159
-14.6499 17.2833 -1.6613 0.9131
-21.0042 23.0494 -2.2865 0.8824
-17.7031 18.0791 -1.8553 0.9035
-17.7411 16.8627 -1.7947 0.9065
-18.6892 16.5289 -1.8294 0.9048
-24.8007 18.9463 -2.2884 0.8823
-23.2582 16.4808 -2.0901 0.8920
-28.6670 12.1596 -2.2832 0.8826
-25.1440 7.5994 -1.9260 0.9000
-30.5827 5.7502 -2.2817 0.8827
-31.7938 3.6429 -2.3464 0.8795
-33.1181 1.4020 -2.4305 0.8755
-33.1517 0.2129 -2.4308 0.8755
-33.0941 -2.1657 -2.4317 0.8755
-33.0028 -3.3525 -2.4323 0.8754
-32.6962 -5.7137 -2.4337 0.8754
-32.4809 -6.8854 -2.4345 0.8753
-32.2247 -8.0492 -2.4354 0.8753
-31.2130 -11.4798 -2.4385 0.8751
-27.5233 -14.8925 -2.2945 0.8820
-24.3455 -15.5274 -2.1172 0.8906
-12.7177 -10.9598 -1.2310 0.9349
-11.7548 -10.8889 -1.1749 0.9378
-11.0933 -11.0415 -1.1476 0.9392
-10.8859 -11.6419 -1.1686 0.9381
-13.0237 -18.7013 -1.6710 0.9127
-17.3245 -26.8851 -2.3451 0.8796
-15.4166 -28.1762 -2.3550 0.8791
-14.4253 -28.7701 -2.3598 0.8789
-12.3740 -29.8485 -2.3692 0.8785
-11.3166 -30.3308 -2.3737 0.8782
-10.2402 -30.7748 -2.3781 0.8780
-8.0357 -31.5423 -2.3866 0.8776
-5.7722 -32.1435 -2.3945 0.8772
-4.6225 -32.3809 -2.3983 0.8771
0.0454 -25.9757 -1.9046 0.9011
1.0639 -28.2583 -2.0734 0.8928
5.7659 -26.1450 -1.9631 0.8982
4.1604 -12.3589 -0.9562 0.9490
14.9885 -29.6345 -2.4350 0.8753
17.0781 -28.4886 -2.4354 0.8753
21.8645 -24.9563 -2.4328 0.8754
22.7350 -24.1443 -2.4316 0.8755
9.2281 -7.8965 -0.8905 0.9525
9.7834 -7.7814 -0.9166 0.9511
10.4069 -7.6843 -0.9485 0.9494
27.2425 -18.6431 -2.4204 0.8760
27.8645 -17.6352 -2.4179 0.8761
28.4472 -16.6054 -2.4152 0.8762
24.9252 -13.3744 -2.0740 0.8927
29.4915 -14.4868 -2.4092 0.8765
16.0988 -7.2030 -1.2932 0.9317
21.3560 -8.6496 -1.6894 0.9117
24.2711 -8.8305 -1.8937 0.9016
31.8705 -7.8426 -2.4065 0.8767
34.4286 -5.8926 -2.5611 0.8693
34.6436 -4.6571 -2.5630 0.8692
34.8832 -2.1605 -2.5626 0.8692
34.9338 -0.9074 -2.5623 0.8692
34.8964 1.5995 -2.5614 0.8693
34.8085 2.8497 -2.5608 0.8693
34.6747 4.0957 -2.5601 0.8693
34.4951 5.3355 -2.5593 0.8694
33.6853 9.0012 -2.5565 0.8695
33.3264 10.1996 -2.5554 0.8695
32.9238 11.3835 -2.5543 0.8696
30.0386 12.8653 -2.3960 0.8772
29.5415 13.9271 -2.3947 0.8772
29.0060 14.9694 -2.3933 0.8773
28.4331 15.9907 -2.3919 0.8774
25.7840 19.8404 -2.3855 0.8777
24.2588 21.6072 -2.3819 0.8778
12.8656 12.3144 -1.3058 0.9311
21.4867 22.0969 -2.2599 0.8837
18.5719 22.0660 -2.1147 0.8908
19.9324 25.4852 -2.3723 0.8783
14.0485 20.8926 -1.8460 0.9040
13.0282 20.9622 -1.8097 0.9058
14.5022 27.5651 -2.2838 0.8826
8.0572 20.3701 -1.6062 0.9159
7.3073 20.6070 -1.6031 0.9160
8.4195 26.7542 -2.0565 0.8936
4.7292 19.9182 -1.5010 0.9212
3.9047 19.5403 -1.4611 0.9232
2.4755 19.6280 -1.4506 0.9237
0.4730 26.5653 -1.9481 0.8989
-1.0346 19.1523 -1.4063 0.9260
-1.6933 18.7941 -1.3836 0.9271
-3.0799 18.8897 -1.4033 0.9261
-6.1623 25.9215 -1.9536 0.8986
-7.0498 25.5439 -1.9430 0.8992
-7.8141 24.8061 -1.9069 0.9009
-6.5362 18.4157 -1.4328 0.9246
-13.7667 24.0172 -2.0298 0.8949
-6.1226 9.8450 -0.8501 0.9546
-13.4785 17.2233 -1.6036 0.9160
-14.5655 17.2959 -1.6580 0.9133
-20.7084 22.8719 -2.2623 0.8836
-17.7145 18.2073 -1.8626 0.9031
-18.5844 16.5429 -1.8243 0.9050
-19.7903 16.3822 -1.8837 0.9021
-24.7407 19.0266 -2.2884 0.8823
-24.2349 16.0100 -2.1297 0.8900
-25.5809 15.6106 -2.1973 0.8867
-28.1769 13.2741 -2.2838 0.8826
-29.0438 11.2146 -2.2828 0.8826
-25.1626 7.6933 -1.9293 0.8998
-24.9578 6.6616 -1.8940 0.9016
-33.0343 2.6951 -2.4302 0.8755
-33.1130 1.5083 -2.4304 0.8755
-33.1503 0.3193 -2.4308 0.8755
-33.1002 -2.0595 -2.4317 0.8755
-32.7134 -5.6086 -2.4336 0.8754
-32.5018 -6.7809 -2.4344 0.8753
-31.6222 -10.2460 -2.4373 0.8752
-31.2484 -11.3791 -2.4384 0.8751
-30.8349 -12.4989 -2.4396 0.8751
-25.2319 -18.6418 -2.3002 0.8818
-12.8111 -10.9688 -1.2366 0.9346
-10.8969 -11.5790 -1.1658 0.9382
-20.8807 -23.8471 -2.3241 0.8806
-20.0566 -24.6360 -2.3293 0.8804
-16.4689 -27.4900 -2.3497 0.8794
-15.5041 -28.1214 -2.3545 0.8792
-13.5024 -29.2796 -2.3641 0.8787
-12.4676 -29.8035 -2.3688 0.8785
-10.3373 -30.7366 -2.3777 0.8780
-9.2446 -31.1443 -2.3820 0.8778
-8.1357 -31.5115 -2.3863 0.8776
-7.0117 -31.8371 -2.3903 0.8774
-3.5671 -32.5596 -2.4016 0.8769
-2.2128 -30.1616 -2.2175 0.8858
-1.0069 -26.9462 -1.9771 0.8975
0.9764 -28.3542 -2.0802 0.8924
1.9238 -27.3171 -2.0079 0.8960
2.8492 -26.7294 -1.9710 0.8978
1.6214 -11.3351 -0.8396 0.9551
4.7058 -26.1629 -1.9491 0.8989
5.6735 -26.1247 -1.9602 0.8983
3.7646 -12.8199 -0.9797 0.9478
4.1183 -12.3649 -0.9556 0.9491
15.9506 -29.1327 -2.4353 0.8753
16.9865 -28.5433 -2.4354 0.8753
20.8811 -25.8028 -2.4338 0.8754
8.8472 -8.8009 -0.9150 0.9512
8.8716 -8.2134 -0.8865 0.9527
9.7305 -7.7905 -0.9140 0.9512
27.1849 -18.7323 -2.4206 0.8760
27.8105 -17.7263 -2.4181 0.8761
28.3966 -16.6984 -2.4154 0.8762
29.4482 -14.5831 -2.4095 0.8765
21.3558 -8.7295 -1.6916 0.9116
31.1868 -10.2059 -2.4060 0.8767
31.5367 -9.0815 -2.4063 0.8767
31.8450 -7.9449 -2.4065 0.8767
32.1112 -6.7976 -2.4066 0.8767
34.6287 -4.7683 -2.5630 0.8692
34.7755 -3.5227 -2.5629 0.8692
34.9397 0.2343 -2.5619 0.8692
34.9021 1.4873 -2.5614 0.8693
34.6885 3.9844 -2.5602 0.8693
34.5131 5.2249 -2.5594 0.8694
34.2921 6.4576 -2.5586 0.8694
33.3602 10.0929 -2.5555 0.8695
30.0813 12.7694 -2.3961 0.8772
29.5876 13.8329 -2.3948 0.8772
17.9724 10.8954 -1.5410 0.9192
26.5602 18.8319 -2.3873 0.8776
25.8492 19.7588 -2.3856 0.8777
24.3298 21.5297 -2.3821 0.8778
19.7162 21.6482 -2.1470 0.8892
18.5834 21.9363 -2.1080 0.8911
14.7472 27.8137 -2.3083 0.8814
9.9768 20.5672 -1.6761 0.9124
7.3214 20.4381 -1.5918 0.9166
2.5409 19.6380 -1.4519 0.9237
1.8170 19.5268 -1.4379 0.9244
1.4835 26.0454 -1.9128 0.9007
-0.3970 26.6899 -1.9572 0.8985
-3.0192 18.8990 -1.4033 0.9261
-3.6984 18.7946 -1.4045 0.9261
-6.9717 25.5811 -1.9441 0.8991
-6.4722 18.4229 -1.4317 0.9247
-7.1928 18.3415 -1.4445 0.9240
-8.5388 17.8817 -1.4529 0.9236
-13.6708 24.0284 -2.0270 0.8950
-13.3979 17.2341 -1.6006 0.9162
-14.4814 17.3085 -1.6547 0.9135
-21.7364 22.4851 -2.2931 0.8821
-24.6804 19.1066 -2.2885 0.8823
-23.3043 16.7393 -2.1038 0.8913
-25.4299 15.6307 -2.1887 0.8872
-25.4163 -1.8273 -2.4464 0.9027
-25.3391 -2.7385 -2.4468 0.9027
-24.9158 -5.4492 -2.4486 0.9026
-24.7112 -6.3414 -2.4493 0.9026
-24.4753 -7.2261 -2.4500 0.9025
-24.2083 -8.1023 -2.4508 0.9025
-23.9105 -8.9688 -2.4517 0.9025
-23.2238 -10.6685 -2.4536 0.9024
-19.7142 -13.7802 -2.3092 0.9079
-19.2171 -14.4862 -2.3104 0.9078
-13.3807 -10.8609 -1.6545 0.9331
-10.6091 -10.6961 -1.4463 0.9413
-10.2541 -11.1084 -1.4514 0.9411
-15.0747 -18.8853 -2.3199 0.9075
-14.4017 -19.4332 -2.3222 0.9074
-13.0769 -19.0373 -2.2173 0.9114
-11.5481 -21.4317 -2.3372 0.9068
-10.7884 -21.8660 -2.3408 0.9067
-5.7960 -12.8936 -1.3572 0.9448
-7.1600 -17.5898 -1.8232 0.9265
-6.7613 -23.6095 -2.3577 0.9060
-5.0640 -24.0960 -2.3639 0.9058
-4.2014 -24.2920 -2.3668 0.9057
-0.4667 -16.8330 -1.6167 0.9346
0.2025 -24.7852 -2.3796 0.9052
1.0926 -24.7849 -2.3818 0.9051
1.9828 -24.7512 -2.3838 0.9050
2.8718 -24.6836 -2.3857 0.9050
3.7101 -24.2670 -2.3568 0.9061
4.6411 -24.4488 -2.3891 0.9048
5.5187 -24.2815 -2.3906 0.9048
3.8419 -12.6318 -1.2676 0.9483
4.2417 -12.3376 -1.2525 0.9489
10.6036 -22.5941 -2.3961 0.9046
11.4092 -22.2025 -2.3965 0.9046
12.1995 -21.7809 -2.3967 0.9045
12.9734 -21.3296 -2.3968 0.9045
10.9884 -15.4499 -1.8202 0.9266
11.4773 -14.9695 -1.8109 0.9270
16.5573 -18.6556 -2.3947 0.9046
8.6414 -7.8470 -1.1206 0.9542
9.1710 -7.7462 -1.1525 0.9529
10.3521 -7.5416 -1.2296 0.9498
20.6074 -13.9091 -2.3869 0.9049
21.5638 -12.4024 -2.3882 0.9049
22.0002 -11.6236 -2.3888 0.9049
22.4079 -10.8291 -2.3893 0.9048
16.4470 -7.2324 -1.7249 0.9303
17.0362 -6.7730 -1.7601 0.9290
24.0895 -7.6272 -2.4259 0.9034
25.7962 -6.1724 -2.5465 0.8989
26.0018 -5.2431 -2.5466 0.8989
26.1734 -4.3069 -2.5466 0.8989
26.3105 -3.3650 -2.5465 0.8989
26.4130 -2.4188 -2.5464 0.8989
26.4808 -1.4695 -2.5462 0.8989
26.5138 -0.5184 -2.5459 0.8989
26.5119 0.4332 -2.5456 0.8989
26.4752 1.3839 -2.5452 0.8989
26.4038 2.3324 -2.5448 0.8990
26.2977 3.2776 -2.5442 0.8990
26.1571 4.2180 -2.5437 0.8990
25.9823 5.1524 -2.5430 0.8990
25.7735 6.0796 -2.5423 0.8991
25.5309 6.9982 -2.5415 0.8991
25.2551 7.9071 -2.5407 0.8991
24.2319 10.5630 -2.5378 0.8992
21.9647 11.5147 -2.3809 0.9051
21.5275 12.2897 -2.3798 0.9052
20.5704 13.7881 -2.3775 0.9053
20.0520 14.5097 -2.3762 0.9053
19.5080 15.2115 -2.3749 0.9054
18.9390 15.8928 -2.3736 0.9054
13.6168 12.2855 -1.7607 0.9290
16.4315 18.3945 -2.3679 0.9056
15.7509 18.9601 -2.3664 0.9057
14.3320 20.0147 -2.3633 0.9058
13.5956 20.5023 -2.3618 0.9059
12.8425 20.9626 -2.3602 0.9059
12.0739 21.3951 -2.3585 0.9060
10.6953 20.6498 -2.2326 0.9108
9.6070 20.3008 -2.1562 0.9137
8.6765 20.1767 -2.1086 0.9155
7.8723 20.2825 -2.0888 0.9163
7.2310 20.8151 -2.1155 0.9153
3.0336 19.4244 -1.8874 0.9240
2.3379 19.5473 -1.8900 0.9239
1.6236 19.4809 -1.8767 0.9245
-1.1537 19.0801 -1.8351 0.9261
-1.7668 18.2950 -1.7646 0.9288
-2.4844 18.6889 -1.8100 0.9270
-3.1915 18.8126 -1.8319 0.9262
-5.7486 23.5092 -2.3235 0.9073
-7.2797 18.0497 -1.8685 0.9248
-8.8385 18.0598 -1.9303 0.9224
-9.5958 17.9463 -1.9538 0.9215
-12.1107 20.8172 -2.3122 0.9078
-6.1476 9.7451 -1.1062 0.9548
-12.8976 17.5210 -2.0887 0.9163
-13.6408 17.2020 -2.1077 0.9156
-14.7338 17.2695 -2.1794 0.9128
-16.8476 17.0952 -2.3043 0.9081
-18.0159 15.8306 -2.3025 0.9081
-18.5655 15.1685 -2.3016 0.9082
-20.0687 13.0734 -2.2994 0.9082
-13.4092 6.8068 -1.4437 0.9414
-21.7122 10.0587 -2.2973 0.9083
-22.0553 9.2717 -2.2969 0.9083
-22.6573 7.6642 -2.2963 0.9084
-22.9155 6.8457 -2.2961 0.9084
-23.1447 6.0187 -2.2959 0.9084
-25.4518 0.9956 -2.4454 0.9027
-25.4739 0.0818 -2.4456 0.9027
-25.4638 -0.8323 -2.4460 0.9027
-24.7308 -6.2618 -2.4492 0.9026
-24.4977 -7.1473 -2.4500 0.9025
-23.9384 -8.8916 -2.4516 0.9025
-23.2570 -10.5935 -2.4535 0.9024
-22.4567 -12.2445 -2.4556 0.9023
-22.0130 -13.0482 -2.4567 0.9023
-21.5004 -13.8102 -2.4533 0.9024
-19.8350 -13.7701 -2.3182 0.9075
-13.4866 -10.8753 -1.6633 0.9327
-11.3991 -10.6276 -1.4962 0.9393
-10.6571 -10.6757 -1.4482 0.9412
-15.1344 -18.8357 -2.3197 0.9075
-14.4618 -19.3840 -2.3218 0.9074
-11.6152 -21.3915 -2.3369 0.9068
-10.8571 -21.8282 -2.3405 0.9067
-10.0822 -22.2374 -2.3441 0.9065
-7.2454 -17.6373 -1.8306 0.9262
-6.8362 -23.5848 -2.3575 0.9060
-5.9936 -23.8464 -2.3606 0.9059
-5.1408 -24.0769 -2.3636 0.9058
-4.2789 -24.2758 -2.3665 0.9057
-3.4092 -24.4427 -2.3693 0.9056
-2.5330 -24.5771 -2.3720 0.9055
-0.5186 -16.7643 -1.6102 0.9348
1.0129 -24.7863 -2.3816 0.9051
1.9032 -24.7555 -2.3837 0.9050
5.4404 -24.2978 -2.3905 0.9048
6.3122 -24.1005 -2.3918 0.9047
3.8165 -12.6947 -1.2726 0.9481
4.1994 -12.3436 -1.2517 0.9490
9.7100 -22.9856 -2.3956 0.9046
11.3377 -22.2388 -2.3965 0.9046
12.1295 -21.8198 -2.3967 0.9046
12.9048 -21.3712 -2.3968 0.9045
10.9843 -15.5496 -1.8277 0.9264
11.4038 -14.9730 -1.8069 0.9272
16.4979 -18.7093 -2.3948 0.9046
8.5530 -9.0249 -1.1937 0.9513
8.4879 -8.3358 -1.1421 0.9533
8.6141 -7.8729 -1.1204 0.9542
9.6891 -7.6558 -1.1855 0.9516
10.2951 -7.5508 -1.2257 0.9500
20.5621 -13.9748 -2.3868 0.9049
21.0564 -13.2319 -2.3875 0.9049
21.5234 -12.4713 -2.3882 0.9049
21.9623 -11.6939 -2.3888 0.9049
16.3578 -7.2559 -1.7180 0.9306
23.9078 -7.6542 -2.4100 0.9040
25.4991 -7.1659 -2.5429 0.8990
25.9848 -5.3266 -2.5465 0.8989
26.4052 -2.5036 -2.5464 0.8989
26.5123 -0.6035 -2.5460 0.8989
26.5135 0.3480 -2.5456 0.8989
26.4800 1.2989 -2.5453 0.8989
26.4116 2.2477 -2.5448 0.8990
26.1711 4.1341 -2.5437 0.8990
25.9994 5.0691 -2.5431 0.8990
25.5540 6.9164 -2.5416 0.8991
24.6369 9.6120 -2.5389 0.8992
22.0024 11.4446 -2.3810 0.9051
21.5677 12.2210 -2.3799 0.9052
17.6822 10.8753 -1.9930 0.9200
20.0995 14.4459 -2.3763 0.9053
19.5577 15.1496 -2.3751 0.9054
18.9910 15.8327 -2.3737 0.9054
12.8514 12.3801 -1.7132 0.9308
17.1495 17.7502 -2.3695 0.9056
16.4914 18.3427 -2.3681 0.9056
15.1142 19.4531 -2.3650 0.9058
14.3971 19.9697 -2.3635 0.9058
13.6622 20.4597 -2.3619 0.9059
11.3612 21.7643 -2.3570 0.9061
8.7581 20.1876 -2.1126 0.9154
7.9521 20.2945 -2.0926 0.9161
7.2462 20.6446 -2.1005 0.9158
7.2686 23.3587 -2.3486 0.9064
4.6459 19.8505 -1.9572 0.9213
3.8378 19.5316 -1.9110 0.9231
3.0989 19.4331 -1.8892 0.9240
1.6839 19.4494 -1.8742 0.9246
0.3549 24.3188 -2.3350 0.9069
-1.0926 19.0872 -1.8355 0.9261
-1.7115 18.3374 -1.7681 0.9287
-2.4244 18.6969 -1.8100 0.9270
-3.8088 18.7201 -1.8340 0.9261
-5.6734 23.5290 -2.3236 0.9073
-6.5096 23.2949 -2.3221 0.9074
-7.3365 23.0315 -2.3206 0.9074
-7.2512 18.1469 -1.8761 0.9245
-8.7716 18.0698 -1.9284 0.9225
-9.5273 17.9566 -1.9515 0.9216
-12.0444 20.8570 -2.3123 0.9078
-12.8179 17.5304 -2.0849 0.9164
-13.5596 17.2128 -2.1037 0.9157
-16.7932 17.1499 -2.3044 0.9081
-17.3906 16.5296 -2.3034 0.9081
-17.9655 15.8889 -2.3025 0.9081
-19.0452 14.5494 -2.3009 0.9082
-20.4801 12.4077 -2.2989 0.9083
-13.3978 6.8552 -1.4449 0.9413
-21.6802 10.1286 -2.2973 0.9083
-22.0258 9.3426 -2.2969 0.9083
-22.3435 8.5450 -2.2966 0.9083
-22.8936 6.9193 -2.2961 0.9084
-23.3280 5.2591 -2.2958 0.9084
-25.3020 2.8990 -2.4450 0.9027
-25.3911 1.9895 -2.4451 0.9027
-25.4660 -0.7505 -2.4459 0.9027
-25.4267 -1.6640 -2.4463 0.9027
-25.3553 -2.5756 -2.4468 0.9027
-25.2518 -3.4844 -2.4473 0.9026
-24.9490 -5.2888 -2.4485 0.9026
-24.7502 -6.1822 -2.4491 0.9026
-24.2584 -7.9461 -2.4507 0.9025
-23.6431 -9.6722 -2.4525 0.9024
-23.2901 -10.5184 -2.4534 0.9024
-22.9072 -11.3519 -2.4544 0.9024
-22.4950 -12.1718 -2.4555 0.9023
-22.0539 -12.9769 -2.4566 0.9023
-21.5541 -13.7470 -2.4543 0.9024
-20.0026 -13.7914 -2.3326 0.9070
-19.3079 -14.3611 -2.3102 0.9078
-12.4612 -10.7387 -1.5793 0.9360
-11.4823 -10.6364 -1.5026 0.9390
-10.2914 -11.0062 -1.4466 0.9412
-15.1939 -18.7860 -2.3196 0.9075
-14.5218 -19.3345 -2.3215 0.9074
-12.4211 -20.8851 -2.3329 0.9070
-7.3318 -17.6857 -1.8380 0.9260
-6.6187 -17.7394 -1.8178 0.9267
-6.0694 -23.8243 -2.3603 0.9059
-5.2175 -24.0576 -2.3633 0.9058
-3.4873 -24.4291 -2.3691 0.9056
-2.6116 -24.5664 -2.3718 0.9055
-1.1700 -16.6811 -1.6054 0.9350
-0.5716 -16.7366 -1.6077 0.9349
1.8236 -24.7597 -2.3835 0.9051
1.6583 -11.3335 -1.0997 0.9550
3.7909 -12.7581 -1.2778 0.9479
10.4579 -22.6609 -2.3961 0.9046
11.2661 -22.2748 -2.3965 0.9046
12.8362 -21.4125 -2.3968 0.9045
15.7590 -19.3460 -2.3955 0.9046
16.4382 -18.7627 -2.3948 0.9046
8.5811 -9.1130 -1.2017 0.9509
8.4862 -8.3878 -1.1455 0.9532
9.0719 -7.7628 -1.1463 0.9532
9.6371 -7.6650 -1.1822 0.9517
20.5166 -14.0403 -2.3868 0.9049
21.0133 -13.2991 -2.3875 0.9049
21.4827 -12.5400 -2.3881 0.9049
21.9242 -11.7641 -2.3887 0.9049
22.3371 -10.9724 -2.3892 0.9048
16.2914 -7.2892 -1.7135 0.9308
16.9256 -6.8552 -1.7532 0.9292
23.7344 -7.6828 -2.3950 0.9046
25.7558 -6.3379 -2.5464 0.8989
26.3972 -2.5883 -2.5464 0.8989
26.5104 -0.6886 -2.5460 0.8989
26.5148 0.2629 -2.5457 0.8989
26.3192 3.1087 -2.5443 0.8990
26.1848 4.0501 -2.5438 0.8990
25.8133 5.9142 -2.5424 0.8991
25.5768 6.8345 -2.5417 0.8991
25.0040 8.6452 -2.5399 0.8991
23.8580 11.2477 -2.5323 0.8994
22.0399 11.3743 -2.3811 0.9051
17.7868 10.8612 -2.0008 0.9197
12.8609 12.3099 -1.7091 0.9310
13.1750 13.5492 -1.8144 0.9269
16.5511 18.2906 -2.3682 0.9056
15.8742 18.8608 -2.3667 0.9057
15.1775 19.4056 -2.3652 0.9057
11.4318 21.7290 -2.3572 0.9060
9.8898 20.5558 -2.1900 0.9124
8.0320 20.3064 -2.0965 0.9160
7.3440 23.3368 -2.3488 0.9064
3.9047 19.5406 -1.9131 0.9230
1.7477 19.4590 -1.8757 0.9245
0.4330 24.3192 -2.3351 0.9069
-0.4395 24.3016 -2.3335 0.9069
-1.6933 18.7943 -1.8117 0.9270
-2.3644 18.7049 -1.8100 0.9270
-3.7481 18.7292 -1.8337 0.9261
-6.5165 18.3603 -1.8704 0.9247
-7.2350 18.2763 -1.8871 0.9241
-6.9152 9.5216 -1.1298 0.9538
-14.5645 17.2948 -2.1707 0.9131
-16.1176 17.8015 -2.3055 0.9080
-17.3381 16.5859 -2.3035 0.9081
-18.4689 15.2884 -2.3018 0.9082
-18.9989 14.6109 -2.3010 0.9082
-19.9854 13.2027 -2.2996 0.9082
-20.4406 12.4737 -2.2989 0.9083
-20.8697 11.7294 -2.2984 0.9083
-21.6479 10.1983 -2.2974 0.9083
-22.6081 7.8097 -2.2963 0.9084
-22.8714 6.9928 -2.2961 0.9084
-23.1059 6.1673 -2.2959 0.9084
-25.1686 3.8856 -2.4449 0.9027
-25.2925 2.9803 -2.4450 0.9027
-25.2742 1.1513 -2.4290 0.9033
-25.4723 0.2454 -2.4456 0.9027
-25.4680 -0.6687 -2.4459 0.9027
-25.4315 -1.5823 -2.4463 0.9027
-25.1297 -4.3084 -2.4478 0.9026
-24.7692 -6.1026 -2.4491 0.9026
-24.5417 -6.9894 -2.4498 0.9025
-23.9935 -8.7372 -2.4515 0.9025
-23.3229 -10.4432 -2.4533 0.9024
-22.5330 -12.0990 -2.4554 0.9023
-22.0945 -12.9055 -2.4565 0.9023
-13.7059 -10.9076 -1.6817 0.9320
-10.7577 -10.6390 -1.4526 0.9410
-10.1903 -11.6380 -1.4851 0.9397
-13.2711 -18.9268 -2.2192 0.9113
-13.2047 -20.3479 -2.3288 0.9071
-11.7490 -21.3104 -2.3362 0.9068
-6.6705 -17.7045 -1.8164 0.9268
-6.9859 -23.5347 -2.3569 0.9061
-6.1452 -23.8019 -2.3600 0.9059
-4.4338 -24.2425 -2.3660 0.9057
-2.6902 -24.5555 -2.3716 0.9055
-1.2234 -16.6757 -1.6052 0.9350
-0.0363 -24.7796 -2.3790 0.9052
2.6334 -24.7050 -2.3852 0.9050
1.6212 -11.3336 -1.0992 0.9550
6.1567 -24.1382 -2.3916 0.9047
10.3849 -22.6939 -2.3960 0.9046
11.1944 -22.3106 -2.3964 0.9046
14.2712 -20.4805 -2.3965 0.9046
11.2927 -15.0264 -1.8046 0.9272
15.6972 -19.3970 -2.3956 0.9046
16.3783 -18.8159 -2.3949 0.9046
8.8597 -9.4697 -1.2450 0.9492
9.5853 -7.6742 -1.1788 0.9519
10.1822 -7.5690 -1.2180 0.9503
20.4708 -14.1058 -2.3867 0.9049
20.9700 -13.3662 -2.3874 0.9049
21.4418 -12.6087 -2.3881 0.9049
21.8859 -11.8342 -2.3887 0.9049
16.2250 -7.3221 -1.7089 0.9310
16.8744 -6.8976 -1.7501 0.9294
25.7352 -6.4206 -2.5464 0.8989
25.9500 -5.4933 -2.5465 0.8989
26.3889 -2.6731 -2.5464 0.8989
26.5084 -0.7738 -2.5460 0.8989
26.4885 1.1288 -2.5453 0.8989
26.0326 4.9022 -2.5432 0.8990
25.5993 6.7525 -2.5417 0.8991
25.3324 7.6642 -2.5409 0.8991
25.0324 8.5651 -2.5400 0.8991
24.6998 9.4542 -2.5391 0.8992
24.3352 10.3302 -2.5381 0.8992
23.9073 11.1772 -2.5337 0.8994
22.0773 11.3040 -2.3812 0.9051
20.7051 13.5912 -2.3778 0.9053
19.0942 15.7120 -2.3740 0.9054
12.8703 12.2400 -1.7052 0.9311
13.2602 13.5495 -1.8201 0.9266
15.9356 18.8103 -2.3668 0.9057
15.2406 19.3579 -2.3653 0.9057
14.5268 19.8792 -2.3638 0.9058
11.5022 21.6936 -2.3573 0.9060
8.9223 20.2095 -2.1209 0.9151
8.1124 20.3184 -2.1004 0.9158
6.5734 23.5486 -2.3472 0.9064
2.5329 19.5765 -1.8951 0.9237
1.8116 19.4685 -1.8771 0.9244
-0.3615 24.3045 -2.3336 0.9069
-0.9704 19.1015 -1.8362 0.9260
-1.6332 18.8023 -1.8119 0.9270
-2.3044 18.7129 -1.8101 0.9270
-3.0097 18.8398 -1.8316 0.9262
-3.6874 18.7383 -1.8335 0.9261
-5.5229 23.5677 -2.3239 0.9073
-6.3606 23.3390 -2.3224 0.9074
-7.1892 23.0808 -2.3209 0.9074
-6.4528 18.3677 -1.8690 0.9248
-7.1702 18.2839 -1.8855 0.9241
-8.5389 17.8819 -1.9024 0.9235
-9.3907 17.9770 -1.9472 0.9217
-6.7517 9.3595 -1.1080 0.9547
-13.3981 17.2343 -2.0958 0.9160
-16.6840 17.2587 -2.3046 0.9080
-17.8643 16.0050 -2.3027 0.9081
-18.4203 15.3481 -2.3019 0.9081
-20.6667 0.0000 -2.4549 0.9201
-20.6185 -1.4823 -2.4555 0.9201
-20.3503 -3.6911 -2.4568 0.9201
-20.2090 -4.4198 -2.4573 0.9200
-20.0421 -5.1432 -2.4579 0.9200
-19.6318 -6.5706 -2.4591 0.9200
-19.1214 -7.9661 -2.4606 0.9199
-18.5132 -9.3230 -2.4622 0.9199
-18.1733 -9.9847 -2.4631 0.9199
-17.4237 -11.2708 -2.4650 0.9198
-13.3732 -10.8548 -2.0460 0.9330
-10.2509 -11.1050 -1.7952 0.9409
-10.1538 -11.8242 -1.8514 0.9391
-12.2063 -15.2918 -2.3242 0.9242
-11.0899 -16.1446 -2.3266 0.9241
-10.5092 -16.5410 -2.3279 0.9241
-9.9143 -16.9166 -2.3291 0.9241
-9.3062 -17.2710 -2.3304 0.9240
-8.6854 -17.6036 -2.3317 0.9240
-6.7591 -18.4773 -2.3371 0.9238
-5.4288 -18.9565 -2.3423 0.9236
-4.7502 -19.1593 -2.3448 0.9236
-3.3708 -19.4898 -2.3495 0.9234
-0.5501 -19.8421 -2.3579 0.9232
1.5886 -19.8303 -2.3631 0.9230
2.3005 -19.7732 -2.3646 0.9229
5.1160 -19.2808 -2.3695 0.9228
4.2384 -12.3282 -1.5486 0.9488
10.3832 -17.0710 -2.3734 0.9227
7.9314 -8.3155 -1.3650 0.9548
8.5129 -7.7304 -1.3659 0.9547
9.5573 -7.5019 -1.4432 0.9522
10.1364 -7.3844 -1.4897 0.9507
16.9902 -10.6007 -2.3788 0.9225
17.3633 -9.9865 -2.3793 0.9225
17.7138 -9.3589 -2.3798 0.9225
20.1080 -7.1700 -2.5359 0.9176
20.3542 -6.4445 -2.5361 0.9176
20.5737 -5.7105 -2.5363 0.9176
20.7663 -4.9689 -2.5364 0.9176
20.9317 -4.2208 -2.5364 0.9176
21.0698 -3.4671 -2.5365 0.9176
21.1803 -2.7089 -2.5364 0.9176
21.2630 -1.9472 -2.5363 0.9176
21.3449 -0.4173 -2.5360 0.9176
21.3439 0.3487 -2.5357 0.9176
21.3150 1.1141 -2.5354 0.9176
21.2582 1.8779 -2.5350 0.9176
21.0614 3.3963 -2.5341 0.9177
20.9217 4.1489 -2.5336 0.9177
20.5606 5.6358 -2.5324 0.9177
20.3397 6.3682 -2.5317 0.9177
19.8191 7.8057 -2.5302 0.9178
19.5200 8.5090 -2.5294 0.9178
19.1956 9.2008 -2.5286 0.9178
18.8464 9.8800 -2.5277 0.9179
18.4391 10.5265 -2.5221 0.9180
16.5780 11.1120 -2.3707 0.9228
16.1618 11.6947 -2.3697 0.9228
15.7249 12.2617 -2.3686 0.9228
13.5749 11.3914 -2.1050 0.9311
12.1194 12.6248 -2.0788 0.9319
11.9859 13.4179 -2.1372 0.9301
10.9709 16.5442 -2.3580 0.9232
9.1145 17.5978 -2.3541 0.9233
7.8202 18.1853 -2.3514 0.9234
7.1586 18.4435 -2.3501 0.9234
6.4884 18.6776 -2.3487 0.9234
4.4362 19.2327 -2.3446 0.9236
2.3378 19.5462 -2.3384 0.9238
1.6236 19.4807 -2.3221 0.9243
-0.4816 19.6508 -2.3349 0.9239
-1.7670 18.2967 -2.1835 0.9286
-2.4845 18.6891 -2.2395 0.9269
-3.1913 18.8115 -2.2665 0.9260
-5.9997 18.6278 -2.3247 0.9242
-7.9545 17.8484 -2.3212 0.9243
-9.2052 17.2157 -2.3190 0.9244
-6.4195 9.4101 -1.3531 0.9552
-12.6392 14.8143 -2.3132 0.9246
-15.4827 11.7493 -2.3087 0.9247
-15.8902 11.1834 -2.3081 0.9247
-16.2773 10.6035 -2.3076 0.9247
-16.6436 10.0105 -2.3071 0.9247
-16.9887 9.4051 -2.3066 0.9248
-17.6134 8.1598 -2.3058 0.9248
-17.8923 7.5216 -2.3055 0.9248
-18.3816 6.2178 -2.3050 0.9248
-20.3181 3.7527 -2.4543 0.9201
-20.4397 3.0213 -2.4543 0.9201
-20.6052 1.5479 -2.4545 0.9201
-20.6229 -1.4161 -2.4555 0.9201
-20.5619 -2.1554 -2.4558 0.9201
-20.4748 -2.8922 -2.4563 0.9201
-20.3617 -3.6257 -2.4567 0.9201
-20.2227 -4.3548 -2.4572 0.9201
-19.8678 -5.7965 -2.4584 0.9200
-19.6523 -6.5073 -2.4591 0.9200
-18.5424 -9.2632 -2.4621 0.9199
-18.2047 -9.9260 -2.4630 0.9199
-17.8434 -10.5767 -2.4639 0.9198
-17.4592 -11.2144 -2.4649 0.9198
-16.6237 -12.4478 -2.4669 0.9197
-13.4778 -10.8681 -2.0566 0.9326
-11.3117 -10.5461 -1.8371 0.9396
-10.2652 -11.0490 -1.7915 0.9411
-12.2547 -15.2518 -2.3241 0.9242
-11.7057 -15.6898 -2.3253 0.9242
-10.5617 -16.5064 -2.3278 0.9241
-6.8177 -18.4536 -2.3368 0.9238
-6.1582 -18.7075 -2.3395 0.9237
-5.4891 -18.9371 -2.3421 0.9237
-4.1256 -19.3223 -2.3470 0.9235
-2.7347 -19.6064 -2.3515 0.9234
-2.0313 -19.7100 -2.3537 0.9233
-1.1319 -16.9162 -2.0139 0.9340
-0.6138 -19.8388 -2.3577 0.9232
0.8117 -19.8622 -2.3613 0.9230
2.2369 -19.7793 -2.3645 0.9229
2.9469 -19.6982 -2.3659 0.9229
4.3564 -19.4565 -2.3684 0.9228
5.0539 -19.2963 -2.3694 0.9228
3.8171 -12.6967 -1.5749 0.9480
4.1962 -12.3342 -1.5476 0.9489
7.7721 -18.3983 -2.3725 0.9227
8.4288 -18.1109 -2.3729 0.9227
10.3283 -17.1043 -2.3734 0.9227
10.9350 -16.7222 -2.3734 0.9227
11.5270 -16.3178 -2.3732 0.9227
7.6475 -9.3269 -1.4327 0.9526
7.7282 -8.7641 -1.3880 0.9540
7.8690 -8.3033 -1.3589 0.9550
8.4655 -7.7371 -1.3623 0.9549
8.9737 -7.6291 -1.3991 0.9537
10.7064 -7.2765 -1.5377 0.9492
17.6834 -9.4156 -2.3797 0.9225
20.0847 -7.2344 -2.5358 0.9176
20.5551 -5.7765 -2.5362 0.9176
20.7502 -5.0356 -2.5364 0.9176
21.1715 -2.7769 -2.5364 0.9176
21.3141 -1.2514 -2.5362 0.9176
21.3436 -0.4859 -2.5360 0.9176
21.0726 3.3287 -2.5342 0.9177
20.7707 4.8291 -2.5331 0.9177
20.5790 5.5699 -2.5325 0.9177
20.3606 6.3030 -2.5318 0.9177
20.1157 7.0274 -2.5311 0.9177
19.5478 8.4466 -2.5295 0.9178
19.2256 9.1394 -2.5286 0.9178
18.8787 9.8198 -2.5277 0.9179
18.4809 10.4719 -2.5232 0.9180
17.1735 10.5625 -2.3949 0.9220
16.6141 11.0591 -2.3708 0.9228
13.6809 11.4057 -2.1158 0.9308
12.1290 12.5538 -2.0735 0.9321
12.1931 15.6934 -2.3607 0.9231
11.6160 16.1122 -2.3594 0.9231
9.1715 17.5694 -2.3542 0.9233
7.2181 18.4214 -2.3502 0.9234
5.8717 18.8695 -2.3474 0.9235
5.1878 19.0568 -2.3461 0.9235
3.8035 19.3569 -2.3433 0.9236
3.0990 19.4334 -2.3376 0.9238
2.4027 19.5559 -2.3404 0.9237
1.6838 19.4483 -2.3188 0.9244
0.9930 19.6556 -2.3378 0.9238
0.2870 19.6671 -2.3364 0.9238
-1.7117 18.3396 -2.1880 0.9285
-3.1307 18.8206 -2.2663 0.9260
-6.5799 18.3518 -2.3158 0.9245
-7.2525 18.1500 -2.3217 0.9243
-8.5296 17.5714 -2.3201 0.9243
-9.1502 17.2459 -2.3191 0.9244
-9.7587 16.8989 -2.3180 0.9244
-6.1227 9.7750 -1.3701 0.9546
-6.3796 9.4165 -1.3511 0.9552
-11.5032 15.7323 -2.3150 0.9245
-12.0555 15.3034 -2.3141 0.9245
-14.5677 12.8838 -2.3101 0.9247
-15.0161 12.3492 -2.3094 0.9247
-16.6117 10.0641 -2.3071 0.9247
-18.3617 6.2769 -2.3050 0.9248
-20.1562 4.5441 -2.4544 0.9201
-20.4299 3.0869 -2.4543 0.9201
-20.5280 2.3520 -2.4544 0.9201
-20.6461 0.8740 -2.4547 0.9201
-20.6659 0.1327 -2.4549 0.9201
-20.6271 -1.3499 -2.4554 0.9201
-20.4836 -2.8264 -2.4562 0.9201
-20.3729 -3.5602 -2.4567 0.9201
-20.2362 -4.2897 -2.4572 0.9201
-20.0738 -5.0141 -2.4578 0.9200
-19.8859 -5.7325 -2.4584 0.9200
-19.6726 -6.4440 -2.4590 0.9200
-19.4343 -7.1477 -2.4597 0.9200
-19.1711 -7.8427 -2.4604 0.9200
-18.8834 -8.5282 -2.4612 0.9199
-17.8767 -10.5190 -2.4638 0.9198
-17.0898 -11.7831 -2.4658 0.9198
-12.4369 -10.7178 -1.9502 0.9360
-11.3971 -10.5575 -1.8454 0.9393
-10.1620 -11.6811 -1.8391 0.9395
-11.1923 -16.0715 -2.3264 0.9241
-5.8854 -12.8707 -1.6811 0.9446
-7.5251 -18.1521 -2.3342 0.9239
-6.6968 -17.9488 -2.2756 0.9257
-6.2176 -18.6857 -2.3393 0.9237
-5.5493 -18.9176 -2.3418 0.9237
-4.8722 -19.1249 -2.3443 0.9236
-4.1872 -19.3072 -2.3467 0.9235
-3.4953 -19.4644 -2.3491 0.9234
-2.7974 -19.5959 -2.3513 0.9234
-2.0944 -19.7018 -2.3535 0.9233
-1.1899 -16.9651 -2.0202 0.9338
-0.5848 -17.1230 -2.0352 0.9333
2.1733 -19.7853 -2.3644 0.9230
1.6581 -11.3322 -1.3604 0.9549
4.2937 -19.4696 -2.3683 0.9228
4.1541 -12.3402 -1.5467 0.9489
7.7129 -18.4228 -2.3724 0.9227
8.3705 -18.1376 -2.3729 0.9227
9.0170 -17.8280 -2.3732 0.9227
9.6516 -17.4944 -2.3734 0.9227
10.8813 -16.7573 -2.3734 0.9227
8.1803 -8.0854 -1.3663 0.9547
8.4216 -7.7467 -1.3592 0.9550
8.9292 -7.6407 -1.3960 0.9538
10.0294 -7.4055 -1.4809 0.9510
17.6528 -9.4722 -2.3797 0.9225
15.8530 -7.7873 -2.0980 0.9313
16.3994 -7.3375 -2.1341 0.9302
16.9278 -6.8561 -2.1694 0.9291
20.0612 -7.2988 -2.5358 0.9176
20.5364 -5.8424 -2.5362 0.9176
21.1625 -2.8448 -2.5364 0.9176
21.2502 -2.0837 -2.5363 0.9176
21.3101 -1.3198 -2.5362 0.9176
21.3222 0.9773 -2.5354 0.9176
21.1908 2.5030 -2.5347 0.9176
20.9487 4.0146 -2.5337 0.9177
20.5973 5.5039 -2.5325 0.9177
19.8699 7.6787 -2.5304 0.9178
18.5226 10.4171 -2.5243 0.9180
16.2378 11.5916 -2.3699 0.9228
13.7880 11.4201 -2.1267 0.9304
12.6502 11.2670 -2.0123 0.9340
12.2417 11.7172 -2.0129 0.9340
12.8044 15.2135 -2.3620 0.9230
12.2440 15.6549 -2.3608 0.9231
11.6682 16.0756 -2.3595 0.9231
11.0780 16.4750 -2.3583 0.9231
10.4741 16.8526 -2.3570 0.9232
9.8572 17.2080 -2.3557 0.9232
9.2283 17.5407 -2.3544 0.9233
8.5881 17.8504 -2.3530 0.9233
5.9325 18.8516 -2.3476 0.9235
5.2493 19.0411 -2.3462 0.9235
4.5601 19.2058 -2.3448 0.9236
3.1644 19.4421 -2.3398 0.9237
1.7476 19.4579 -2.3206 0.9243
1.0561 19.6533 -2.3379 0.9238
-1.6933 18.7946 -2.2416 0.9268
-2.3645 18.7051 -2.2396 0.9269
-3.0701 18.8297 -2.2662 0.9260
-4.5315 19.0615 -2.3273 0.9241
-6.5161 18.3592 -2.3141 0.9245
-7.1967 18.1794 -2.3225 0.9243
-7.8404 17.9007 -2.3214 0.9243
-9.0952 17.2760 -2.3192 0.9244
-9.7047 16.9308 -2.3181 0.9244
-6.1060 9.8183 -1.3734 0.9545
-6.3399 9.4228 -1.3491 0.9553
-12.0067 15.3426 -2.3142 0.9245
-12.5446 14.8962 -2.3133 0.9246
-15.4076 11.8491 -2.3088 0.9247
-15.8187 11.2857 -2.3082 0.9247
-16.2095 10.7083 -2.3077 0.9247
-16.9285 9.5143 -2.3067 0.9248
-13.4084 6.9150 -1.7921 0.9410
-17.5611 8.2730 -2.3059 0.9248
-18.1043 6.9905 -2.3053 0.9248
-18.3416 6.3359 -2.3051 0.9248
-19.9065 5.3133 -2.4474 0.9204
-20.1416 4.6088 -2.4544 0.9201
-20.4198 3.1525 -2.4543 0.9201
-20.5947 1.6802 -2.4545 0.9201
-20.6430 0.9403 -2.4546 0.9201
-20.6652 0.1991 -2.4549 0.9201
-20.6311 -1.2836 -2.4554 0.9201
-20.3838 -3.4947 -2.4566 0.9201
-20.0894 -4.9496 -2.4577 0.9200
-19.6927 -6.3807 -2.4589 0.9200
-19.4566 -7.0851 -2.4596 0.9200
-18.2668 -9.8083 -2.4629 0.9199
-13.6921 -10.8966 -2.0786 0.9319
-10.6672 -10.5495 -1.7821 0.9414
-10.2960 -10.9404 -1.7846 0.9413
-10.1669 -11.6112 -1.8333 0.9397
-11.8051 -15.6128 -2.3251 0.9242
-11.2433 -16.0348 -2.3263 0.9241
-10.6665 -16.4366 -2.3275 0.9241
-9.4707 -17.1780 -2.3301 0.9240
-5.9335 -12.8667 -1.6831 0.9445
-7.5830 -18.1269 -2.3340 0.9239
-6.7257 -17.8510 -2.2660 0.9260
-4.9332 -19.1073 -2.3441 0.9236
-4.2488 -19.2920 -2.3465 0.9235
-2.8600 -19.5852 -2.3511 0.9234
-2.1575 -19.6933 -2.3533 0.9233
-0.6366 -17.0367 -2.0251 0.9336
1.3973 -19.8411 -2.3627 0.9230
2.1096 -19.7911 -2.3642 0.9230
1.6210 -11.3321 -1.3598 0.9549
4.2310 -19.4824 -2.3682 0.9228
4.9295 -19.3269 -2.3693 0.9228
4.1120 -12.3461 -1.5457 0.9489
6.9851 -18.7053 -2.3718 0.9227
7.6535 -18.4471 -2.3724 0.9227
8.9596 -17.8567 -2.3732 0.9227
9.5953 -17.5252 -2.3734 0.9227
10.8275 -16.7923 -2.3734 0.9227
11.4222 -16.3918 -2.3732 0.9227
12.0014 -15.9694 -2.3729 0.9227
7.6493 -9.4522 -1.4444 0.9522
7.8799 -8.4224 -1.3701 0.9546
8.2152 -8.1723 -1.3765 0.9544
8.3866 -7.7644 -1.3576 0.9550
8.6564 -7.4556 -1.3571 0.9550
16.3476 -7.3774 -2.1304 0.9303
16.9813 -6.9413 -2.1792 0.9288
20.0375 -7.3631 -2.5358 0.9176
20.2907 -6.6401 -2.5360 0.9176
20.5174 -5.9083 -2.5362 0.9176
20.7172 -5.1687 -2.5364 0.9176
21.0354 -3.6699 -2.5365 0.9176
21.3059 -1.3882 -2.5362 0.9176
21.3469 0.1431 -2.5358 0.9176
21.3255 0.9088 -2.5355 0.9176
21.1991 2.4350 -2.5347 0.9176
20.9619 3.9474 -2.5337 0.9177
20.1614 6.8984 -2.5312 0.9177
19.8950 7.6151 -2.5304 0.9178
19.6028 8.3213 -2.5296 0.9178
19.2851 9.0163 -2.5288 0.9178
17.4805 10.5972 -2.4282 0.9210
16.6860 10.9530 -2.3709 0.9227
16.2756 11.5398 -2.3700 0.9228
15.8442 12.1111 -2.3689 0.9228
12.2506 11.6506 -2.0082 0.9342
12.1480 12.4130 -2.0631 0.9324
12.0394 13.2191 -2.1239 0.9305
8.7691 10.3512 -1.6110 0.9468
12.2948 15.6162 -2.3609 0.9231
11.1314 16.4401 -2.3584 0.9231
9.2850 17.5119 -2.3545 0.9233
8.6459 17.8236 -2.3531 0.9233
7.9962 18.1119 -2.3518 0.9233
5.3107 19.0251 -2.3463 0.9235
4.6220 19.1921 -2.3449 0.9236
3.9281 19.3341 -2.3435 0.9236
1.1193 19.6508 -2.3380 0.9238
0.4133 19.6669 -2.3367 0.9238
-0.9703 19.1004 -2.2718 0.9259
-3.6872 18.7373 -2.2684 0.9260
-5.1493 18.8941 -2.3262 0.9241
-7.1386 18.2033 -2.3226 0.9243
-9.0400 17.3058 -2.3193 0.9244
-6.3003 9.4292 -1.3471 0.9553
-13.0202 14.4736 -2.3125 0.9246
-14.0150 13.4934 -2.3110 0.9246
-14.4855 12.9778 -2.3102 0.9246
-14.9373 12.4460 -2.3095 0.9247
-15.3699 11.8988 -2.3089 0.9247
-10.9513 7.2852 -1.5624 0.9484
-16.5473 10.1710 -2.3072 0.9247
-17.3708 0.0000 -2.4613 0.9322
-17.3613 -0.6233 -2.4615 0.9322
-17.3296 -1.2459 -2.4618 0.9322
-17.2760 -1.8671 -2.4621 0.9322
-16.9835 -3.7144 -2.4633 0.9322
-16.8426 -4.3221 -2.4637 0.9322
-16.4965 -5.5212 -2.4648 0.9321
-16.2917 -6.1110 -2.4654 0.9321
-15.2669 -8.3880 -2.4681 0.9320
-14.9608 -8.9331 -2.4689 0.9320
-13.9286 -10.4996 -2.4714 0.9320
-10.5154 -10.6016 -2.1157 0.9415
-10.2677 -11.1232 -2.1449 0.9407
-10.2461 -12.8362 -2.3271 0.9358
-9.3075 -13.5498 -2.3292 0.9357
-7.8084 -14.4913 -2.3324 0.9357
-7.2869 -14.7691 -2.3335 0.9356
-5.1091 -15.6898 -2.3380 0.9355
-4.5451 -15.8708 -2.3391 0.9355
-3.3987 -16.1718 -2.3414 0.9354
-1.6438 -16.4678 -2.3449 0.9353
0.7303 -16.5661 -2.3495 0.9352
1.3248 -16.5372 -2.3506 0.9352
1.9182 -16.4869 -2.3518 0.9351
1.7536 -11.4697 -1.6440 0.9542
3.0984 -16.3223 -2.3540 0.9351
4.2648 -16.0728 -2.3562 0.9350
3.8431 -12.6359 -1.8713 0.9480
7.0801 -15.0861 -2.3612 0.9349
7.6198 -14.8284 -2.3622 0.9349
8.1502 -14.5512 -2.3631 0.9348
8.6703 -14.2548 -2.3640 0.9348
7.3378 -9.5705 -1.7087 0.9524
8.3412 -7.5745 -1.5964 0.9555
10.7099 -7.2287 -1.8308 0.9491
15.2705 -8.7828 -2.4960 0.9313
16.3363 -7.1837 -2.5286 0.9304
16.5854 -6.5938 -2.5289 0.9304
17.3627 -4.1545 -2.5295 0.9304
17.5009 -3.5290 -2.5296 0.9304
17.6163 -2.8988 -2.5296 0.9304
17.8469 -0.3489 -2.5292 0.9304
17.8464 0.2916 -2.5290 0.9304
17.8226 0.9316 -2.5287 0.9304
17.4957 3.4695 -2.5272 0.9305
17.3567 4.0942 -2.5267 0.9305
17.1951 4.7133 -2.5262 0.9305
17.0111 5.3260 -2.5257 0.9305
16.5773 6.5290 -2.5244 0.9306
16.3279 7.1176 -2.5237 0.9306
15.4548 8.8229 -2.5215 0.9306
14.7598 9.8933 -2.5176 0.9307
13.1594 10.2612 -2.3644 0.9348
12.7779 10.7226 -2.3635 0.9348
11.5380 12.0191 -2.3607 0.9349
10.1667 13.1724 -2.3576 0.9350
9.6832 13.5226 -2.3566 0.9350
7.0979 14.9987 -2.3511 0.9352
5.4373 15.6518 -2.3477 0.9353
3.7186 16.1215 -2.3442 0.9353
3.1362 16.2365 -2.3431 0.9354
1.9619 16.4034 -2.3407 0.9354
1.3714 16.4551 -2.3396 0.9355
0.1877 16.4949 -2.3373 0.9355
-0.9946 16.4500 -2.3350 0.9356
-2.7525 16.2248 -2.3317 0.9357
-3.3313 16.1082 -2.3307 0.9357
-5.0361 15.6360 -2.3275 0.9358
-5.5914 15.4386 -2.3265 0.9358
-6.6785 14.9854 -2.3246 0.9359
-5.5076 11.2538 -1.7753 0.9506
-7.7298 14.4564 -2.3227 0.9359
-10.6176 12.4449 -2.3179 0.9360
-11.8829 11.2222 -2.3158 0.9361
-13.3533 9.3979 -2.3136 0.9362
-13.9875 8.4129 -2.3127 0.9362
-13.4121 6.8082 -2.1312 0.9410
-15.7216 5.9548 -2.3820 0.9343
-16.6422 4.9716 -2.4610 0.9322
-16.8090 4.3711 -2.4609 0.9322
-16.9545 3.7651 -2.4608 0.9322
-17.0784 3.1543 -2.4608 0.9322
-17.1807 2.5396 -2.4608 0.9322
-17.3706 0.0558 -2.4612 0.9322
-17.3334 -1.1902 -2.4617 0.9322
-17.2817 -1.8116 -2.4620 0.9322
-17.2080 -2.4308 -2.4624 0.9322
-17.1125 -3.0471 -2.4628 0.9322
-16.8561 -4.2680 -2.4637 0.9322
-16.6956 -4.8710 -2.4642 0.9322
-16.5138 -5.4681 -2.4648 0.9321
-16.3109 -6.0585 -2.4654 0.9321
-15.8427 -7.2163 -2.4666 0.9321
-15.2934 -8.3387 -2.4681 0.9320
-14.9890 -8.8848 -2.4689 0.9320
-14.3228 -9.9433 -2.4705 0.9320
-13.9618 -10.4545 -2.4714 0.9320
-13.5826 -10.9527 -2.4723 0.9319
-13.1858 -11.4372 -2.4732 0.9319
-10.2551 -11.8648 -2.2220 0.9386
-10.2869 -12.8027 -2.3270 0.9358
-9.8252 -13.1693 -2.3280 0.9358
-8.8635 -13.8523 -2.3301 0.9357
-8.3646 -14.1679 -2.3312 0.9357
-5.8401 -12.8809 -2.0039 0.9445
-6.2637 -15.2475 -2.3356 0.9356
-5.7154 -15.4699 -2.3367 0.9355
-4.5958 -15.8554 -2.3390 0.9355
-4.0260 -16.0180 -2.3402 0.9355
-2.8698 -16.2816 -2.3425 0.9354
-1.1054 -16.5202 -2.3460 0.9353
0.0822 -16.5732 -2.3483 0.9352
0.6770 -16.5676 -2.3494 0.9352
1.2716 -16.5407 -2.3505 0.9352
1.8652 -16.4923 -2.3517 0.9351
3.0459 -16.3314 -2.3539 0.9351
3.6315 -16.2192 -2.3550 0.9351
3.8178 -12.6988 -1.8788 0.9478
6.4821 -15.3444 -2.3602 0.9349
8.1031 -14.5768 -2.3630 0.9348
9.6332 -13.6369 -2.3657 0.9348
10.1197 -13.2871 -2.3665 0.9348
7.1361 -8.7031 -1.5947 0.9555
7.7965 -7.6568 -1.5483 0.9568
8.3031 -7.5886 -1.5938 0.9556
8.8168 -7.4956 -1.6397 0.9543
9.3871 -7.4171 -1.6951 0.9528
10.0018 -7.3356 -1.7574 0.9511
14.2300 -8.9422 -2.3813 0.9344
15.1813 -8.7965 -2.4860 0.9316
15.8431 -7.7194 -2.4971 0.9313
16.7934 -6.0489 -2.5291 0.9304
17.0009 -5.4429 -2.5293 0.9304
17.3492 -4.2102 -2.5295 0.9304
17.6069 -2.9554 -2.5296 0.9304
17.7014 -2.3217 -2.5296 0.9304
17.7728 -1.6851 -2.5295 0.9304
17.8209 -1.0463 -2.5294 0.9304
17.8257 0.8744 -2.5287 0.9304
17.7125 2.1498 -2.5281 0.9305
17.6213 2.7835 -2.5277 0.9305
17.5071 3.4133 -2.5273 0.9305
16.5985 6.4758 -2.5245 0.9305
16.3511 7.0653 -2.5238 0.9306
16.0826 7.6452 -2.5231 0.9306
13.1927 10.2192 -2.3645 0.9348
12.4164 11.1304 -2.3627 0.9349
11.5770 11.9825 -2.3608 0.9349
10.2093 13.1402 -2.3577 0.9350
7.1463 14.9765 -2.3512 0.9352
6.0481 15.4355 -2.3489 0.9352
5.4878 15.6349 -2.3478 0.9352
4.9209 15.8140 -2.3466 0.9353
3.1885 16.2271 -2.3432 0.9354
2.6029 16.3230 -2.3420 0.9354
2.0146 16.3977 -2.3409 0.9354
1.4243 16.4513 -2.3397 0.9355
-2.1173 16.3283 -2.3329 0.9356
-2.7005 16.2342 -2.3318 0.9357
-4.4232 15.8285 -2.3286 0.9358
-4.9860 15.6527 -2.3276 0.9358
-6.6306 15.0073 -2.3247 0.9359
-7.1619 14.7538 -2.3237 0.9359
-7.6836 14.4817 -2.3228 0.9359
-6.1143 9.7617 -1.6320 0.9545
-6.3779 9.4140 -1.6112 0.9551
-7.9436 10.8640 -1.9069 0.9471
-10.5779 12.4793 -2.3179 0.9360
-11.0154 12.0880 -2.3172 0.9361
-11.4387 11.6816 -2.3165 0.9361
-12.2403 10.8254 -2.3153 0.9361
-12.6177 10.3767 -2.3147 0.9361
-12.9788 9.9150 -2.3142 0.9361
-10.9866 7.2073 -1.8617 0.9483
-13.9606 8.4580 -2.3128 0.9362
-14.2527 7.9503 -2.3124 0.9362
-16.6262 5.0250 -2.4610 0.9322
-16.9424 3.8195 -2.4608 0.9322
-17.2548 1.9770 -2.4608 0.9322
-17.3153 1.3567 -2.4609 0.9322
-17.3702 0.1116 -2.4612 0.9322
-17.3646 -0.5118 -2.4614 0.9322
-17.3369 -1.1346 -2.4617 0.9322
-17.2872 -1.7561 -2.4620 0.9322
-17.1219 -2.9921 -2.4628 0.9322
-17.0065 -3.6051 -2.4632 0.9322
-16.8694 -4.2137 -2.4637 0.9322
-16.3299 -6.0059 -2.4653 0.9321
-15.8654 -7.1652 -2.4666 0.9321
-15.6025 -7.7320 -2.4673 0.9321
-15.0171 -8.8363 -2.4688 0.9320
-14.6951 -9.3724 -2.4696 0.9320
-13.9947 -10.4092 -2.4713 0.9320
-13.6173 -10.9086 -2.4722 0.9319
-10.6152 -10.5657 -2.1221 0.9413
-10.2870 -11.0014 -2.1341 0.9410
-10.2488 -11.7809 -2.2125 0.9389
-9.8671 -13.1371 -2.3279 0.9358
-8.9076 -13.8232 -2.3300 0.9357
-8.4097 -14.1404 -2.3311 0.9357
-7.9007 -14.4397 -2.3322 0.9357
-7.3810 -14.7207 -2.3333 0.9356
-6.3124 -15.2267 -2.3355 0.9356
-4.0772 -16.0043 -2.3401 0.9355
-3.5021 -16.1482 -2.3412 0.9354
-2.9220 -16.2715 -2.3424 0.9354
-2.3374 -16.3740 -2.3435 0.9354
-1.7493 -16.4555 -2.3447 0.9353
-0.5654 -16.5549 -2.3470 0.9353
1.2185 -16.5439 -2.3504 0.9352
1.6579 -11.3309 -1.6226 0.9548
2.9933 -16.3405 -2.3538 0.9351
4.1612 -16.0985 -2.3560 0.9350
3.7922 -12.7622 -1.8864 0.9476
7.5239 -14.8760 -2.3620 0.9349
8.0560 -14.6022 -2.3630 0.9348
8.5780 -14.3093 -2.3639 0.9348
9.0892 -13.9975 -2.3647 0.9348
9.5890 -13.6673 -2.3656 0.9348
7.1352 -8.7593 -1.6007 0.9554
7.3779 -7.8352 -1.5249 0.9575
7.7501 -7.6602 -1.5440 0.9569
8.2531 -7.5917 -1.5889 0.9557
8.7678 -7.5026 -1.6350 0.9545
9.3338 -7.4238 -1.6898 0.9530
9.9423 -7.3412 -1.7511 0.9513
10.5916 -7.2482 -1.8185 0.9495
15.0928 -8.8101 -2.4762 0.9318
15.7037 -8.4263 -2.5251 0.9305
16.2895 -7.2883 -2.5285 0.9304
16.5424 -6.7000 -2.5288 0.9304
16.7737 -6.1027 -2.5291 0.9304
16.9832 -5.4974 -2.5293 0.9304
17.3355 -4.2659 -2.5295 0.9304
17.5974 -3.0119 -2.5296 0.9304
17.8445 -0.4635 -2.5292 0.9304
17.3832 3.9828 -2.5268 0.9305
17.0457 5.2169 -2.5258 0.9305
16.6196 6.4227 -2.5245 0.9305
15.8200 8.1643 -2.5224 0.9306
14.8337 9.8054 -2.5195 0.9307
14.2247 10.1545 -2.4763 0.9318
13.2259 10.1771 -2.3645 0.9348
12.0418 11.5259 -2.3618 0.9349
11.6158 11.9457 -2.3608 0.9349
11.1751 12.3496 -2.3599 0.9349
8.6789 10.3118 -1.9097 0.9470
10.2519 13.1078 -2.3578 0.9350
9.7707 13.4612 -2.3568 0.9350
8.7722 14.1144 -2.3546 0.9351
8.2563 14.4133 -2.3535 0.9351
7.7303 14.6933 -2.3524 0.9351
7.1947 14.9541 -2.3513 0.9352
6.6504 15.1953 -2.3502 0.9352
6.0979 15.4167 -2.3490 0.9352
4.9718 15.7988 -2.3467 0.9353
3.8224 16.0987 -2.3444 0.9353
2.0674 16.3919 -2.3410 0.9354
0.8857 16.4817 -2.3386 0.9355
-0.8891 16.4574 -2.3352 0.9356
-2.6485 16.2435 -2.3319 0.9357
-4.3725 15.8432 -2.3287 0.9358
-4.9359 15.6692 -2.3277 0.9358
-5.4926 15.4754 -2.3267 0.9358
-6.0417 15.2619 -2.3257 0.9358
-6.5826 15.0291 -2.3248 0.9359
-7.1147 14.7772 -2.3238 0.9359
-8.1497 14.2180 -2.3220 0.9359
-6.3382 9.4204 -1.6088 0.9552
-10.0856 12.8877 -2.3187 0.9360
-10.5381 12.5135 -2.3180 0.9360
-11.8112 11.2988 -2.3160 0.9361
-12.2057 10.8649 -2.3153 0.9361
-12.5846 10.4174 -2.3148 0.9361
-13.2932 9.4839 -2.3137 0.9362
-10.9237 7.2164 -1.8550 0.9485
-13.9336 8.5029 -2.3128 0.9362
-14.2273 7.9962 -2.3124 0.9362
-14.7597 6.9533 -2.3117 0.9362
-15.5126 5.9898 -2.3561 0.9350
-16.6101 5.0784 -2.4610 0.9322
-16.9300 3.8739 -2.4608 0.9322
-17.0578 3.2640 -2.4608 0.9322
-17.2483 2.0324 -2.4608 0.9322
-17.3108 1.4123 -2.4609 0.9322
-17.2926 -1.7005 -2.4620 0.9322
-17.2228 -2.3202 -2.4623 0.9322
-17.1312 -2.9371 -2.4627 0.9322
-17.0177 -3.5504 -2.4631 0.9322
-16.8825 -4.1595 -2.4636 0.9322
-16.5479 -5.3617 -2.4647 0.9321
-16.3487 -5.9534 -2.4652 0.9321
-16.1287 -6.5377 -2.4659 0.9321
-15.3458 -8.2398 -2.4679 0.9321
-15.0449 -8.7878 -2.4687 0.9320
-14.3855 -9.8505 -2.4703 0.9320
-14.0277 -10.3640 -2.4712 0.9320
-13.6518 -10.8645 -2.4721 0.9319
-13.2581 -11.3515 -2.4730 0.9319
-11.4928 -10.5778 -2.2131 0.9388
-10.6693 -10.5516 -2.1261 0.9412
-10.3681 -12.7354 -2.3268 0.9358
-9.9088 -13.1049 -2.3279 0.9358
-8.9515 -13.7940 -2.3299 0.9357
-7.4279 -14.6964 -2.3332 0.9356
-5.9337 -12.8670 -2.0076 0.9444
-6.3610 -15.2057 -2.3354 0.9356
-4.1284 -15.9904 -2.3400 0.9355
-3.5538 -16.1362 -2.3411 0.9354
-2.9741 -16.2613 -2.3423 0.9354
-1.8021 -16.4490 -2.3446 0.9353
0.5706 -16.5702 -2.3492 0.9352
1.1653 -16.5471 -2.3503 0.9352
4.1093 -16.1112 -2.3559 0.9350
6.3829 -15.3846 -2.3600 0.9349
5.2239 -11.4156 -1.7788 0.9505
7.7072 -7.6669 -1.5403 0.9570
9.2813 -7.4309 -1.6846 0.9531
10.5438 -7.2654 -1.8143 0.9496
14.1215 -9.0010 -2.3727 0.9346
15.7370 -7.7931 -2.4882 0.9315
16.9654 -5.5519 -2.5293 0.9304
17.4660 -3.6974 -2.5296 0.9304
17.6862 -2.4354 -2.5296 0.9304
17.7617 -1.7992 -2.5295 0.9304
17.8140 -1.1607 -2.5294 0.9304
17.7904 1.3990 -2.5285 0.9304
17.5292 3.3009 -2.5273 0.9305
17.3962 3.9270 -2.5269 0.9305
17.0627 5.1622 -2.5258 0.9305
16.6405 6.3694 -2.5246 0.9305
15.8465 8.1137 -2.5225 0.9306
15.5404 8.6744 -2.5217 0.9306
14.8686 9.7600 -2.5200 0.9307
13.2589 10.1349 -2.3646 0.9348
12.8819 10.6001 -2.3637 0.9348
12.4885 11.0512 -2.3628 0.9348
11.6545 11.9088 -2.3609 0.9349
11.2151 12.3141 -2.3599 0.9349
8.6871 10.2545 -1.9042 0.9472
10.2943 13.0754 -2.3579 0.9350
8.8179 14.0867 -2.3547 0.9351
7.2430 14.9316 -2.3514 0.9352
6.6994 15.1745 -2.3503 0.9352
6.1477 15.3977 -2.3491 0.9352
5.0228 15.7834 -2.3469 0.9353
4.4511 15.9456 -2.3457 0.9353
2.7080 16.3073 -2.3422 0.9354
0.3467 16.4945 -2.3376 0.9355
-0.8362 16.4609 -2.3353 0.9356
-2.0126 16.3430 -2.3331 0.9356
-3.1764 16.1415 -2.3309 0.9357
-3.7517 16.0099 -2.3299 0.9357
-5.4430 15.4935 -2.3268 0.9358
-7.5910 14.5317 -2.3230 0.9359
-6.0809 9.8483 -1.6400 0.9543
-6.2986 9.4267 -1.6064 0.9552
-10.0444 12.9204 -2.3188 0.9360
-7.7039 9.2078 -1.7011 0.9527
-10.9382 12.1592 -2.3173 0.9361
-11.3640 11.7554 -2.3167 0.9361
-12.9154 9.9986 -2.3143 0.9361
-10.8400 7.2112 -1.8447 0.9488
-13.9064 8.5477 -2.3128 0.9362
-14.9684 0.0000 -2.4659 0.9411
-14.9325 -1.0736 -2.4663 0.9411
-14.6330 -3.2003 -2.4676 0.9411
-14.0353 -5.2646 -2.4695 0.9410
-13.8404 -5.7660 -2.4700 0.9410
-13.3977 -6.7469 -2.4712 0.9410
-13.1504 -7.2251 -2.4718 0.9410
-12.6054 -8.1540 -2.4732 0.9410
-12.3083 -8.6035 -2.4739 0.9409
-11.6669 -9.4698 -2.4754 0.9409
-10.9650 -10.2889 -2.4771 0.9409
-10.5924 -10.6793 -2.4779 0.9408
-10.2060 -11.0563 -2.4788 0.9408
-9.8063 -11.4195 -2.4797 0.9408
-9.3937 -11.7683 -2.4806 0.9408
-8.9477 -12.0738 -2.4757 0.9409
-8.3094 -12.0968 -2.4177 0.9422
-7.6325 -12.0133 -2.3447 0.9439
-7.1602 -12.2173 -2.3329 0.9442
-6.2707 -12.7095 -2.3347 0.9442
-5.3476 -13.1373 -2.3367 0.9441
-3.9099 -13.6530 -2.3396 0.9441
-3.4190 -13.7903 -2.3406 0.9440
-0.3948 -14.2386 -2.3466 0.9439
0.1164 -14.2496 -2.3475 0.9439
0.6278 -14.2422 -2.3485 0.9438
1.1389 -14.2164 -2.3495 0.9438
1.6489 -14.1723 -2.3505 0.9438
1.7166 -11.2283 -1.8712 0.9550
2.6631 -14.0289 -2.3524 0.9438
3.1659 -13.9298 -2.3533 0.9437
3.1121 -11.7285 -1.9990 0.9520
6.0827 -12.9608 -2.3586 0.9436
7.4476 -12.2446 -2.3610 0.9436
7.8846 -11.9733 -2.3617 0.9435
8.3117 -11.6863 -2.3625 0.9435
7.0683 -9.2190 -1.9138 0.9540
6.9948 -8.4752 -1.8103 0.9564
7.0623 -7.9573 -1.7527 0.9578
8.0347 -7.8402 -1.8494 0.9555
8.3208 -7.5560 -1.8516 0.9555
8.8695 -7.4915 -1.9126 0.9540
10.7121 -7.2302 -2.1291 0.9490
13.2751 -7.6352 -2.5229 0.9398
13.5424 -7.1550 -2.5232 0.9398
14.0239 -6.1669 -2.5238 0.9398
14.2375 -5.6603 -2.5240 0.9398
14.4326 -5.1463 -2.5242 0.9398
14.6089 -4.6254 -2.5244 0.9398
14.7662 -4.0985 -2.5245 0.9398
14.9042 -3.5662 -2.5246 0.9398
15.2596 1.3480 -2.5236 0.9398
15.1996 1.8944 -2.5233 0.9398
15.0204 2.9786 -2.5226 0.9398
14.9014 3.5150 -2.5222 0.9398
14.7631 4.0467 -2.5218 0.9398
14.6056 4.5729 -2.5213 0.9398
13.7889 6.6092 -2.5190 0.9399
13.5394 7.0979 -2.5184 0.9399
13.2725 7.5770 -2.5177 0.9399
10.7617 9.7096 -2.3878 0.9429
10.2806 9.9674 -2.3589 0.9436
9.5326 10.6714 -2.3573 0.9436
8.6213 10.3779 -2.2226 0.9468
8.3214 11.6208 -2.3546 0.9437
7.0162 12.4329 -2.3518 0.9438
6.1017 12.8935 -2.3499 0.9438
5.1571 13.2868 -2.3480 0.9439
4.6751 13.4576 -2.3470 0.9439
4.1875 13.6110 -2.3460 0.9439
2.6973 13.9643 -2.3430 0.9440
0.1615 14.1914 -2.3380 0.9441
-1.3626 14.1090 -2.3351 0.9442
-1.8671 14.0453 -2.3342 0.9442
-3.3615 13.7470 -2.3314 0.9442
-3.8511 13.6123 -2.3305 0.9443
-4.8137 13.2912 -2.3288 0.9443
-5.2855 13.1051 -2.3279 0.9443
-5.3073 9.9259 -1.8543 0.9554
-5.1344 8.8256 -1.6821 0.9595
-5.5301 8.7662 -1.7075 0.9589
-5.9519 8.7246 -1.7399 0.9581
-6.8096 8.5874 -1.8055 0.9565
-7.2644 8.5146 -1.8438 0.9556
-9.5217 10.3817 -2.3207 0.9445
-9.8855 10.0309 -2.3201 0.9445
-10.5745 9.2918 -2.3190 0.9445
-11.5048 8.0970 -2.3176 0.9446
-11.0087 7.1714 -2.1644 0.9481
-12.0518 7.2487 -2.3169 0.9446
-12.3023 6.8107 -2.3165 0.9446
-12.6280 6.4102 -2.3330 0.9442
-13.5128 6.2601 -2.4534 0.9414
-13.9984 5.3021 -2.4660 0.9411
-14.1786 4.7961 -2.4658 0.9411
-14.4846 3.7667 -2.4655 0.9411
-14.9246 1.1212 -2.4656 0.9411
-14.9560 0.5850 -2.4657 0.9411
-14.9683 0.0481 -2.4659 0.9411
-14.8272 -2.0945 -2.4669 0.9411
-14.7445 -2.6255 -2.4672 0.9411
-14.6430 -3.1533 -2.4676 0.9411
-13.8586 -5.7214 -2.4700 0.9410
-13.4190 -6.7037 -2.4711 0.9410
-13.1732 -7.1827 -2.4718 0.9410
-12.9105 -7.6527 -2.4724 0.9410
-10.6263 -10.6449 -2.4778 0.9408
-9.8426 -11.3876 -2.4796 0.9408
-9.4312 -11.7377 -2.4805 0.9408
-8.9881 -12.0472 -2.4761 0.9409
-8.3720 -12.1045 -2.4246 0.9421
-5.8405 -12.8819 -2.3301 0.9443
-5.3895 -13.1195 -2.3366 0.9441
-4.9174 -13.3100 -2.3375 0.9441
-4.4386 -13.4835 -2.3385 0.9441
-3.9536 -13.6398 -2.3395 0.9441
-2.9678 -13.9000 -2.3415 0.9440
-1.9651 -14.0891 -2.3435 0.9440
-1.4590 -14.1565 -2.3445 0.9439
0.0706 -14.2494 -2.3475 0.9439
0.5821 -14.2436 -2.3484 0.9438
1.6820 -11.2435 -1.8729 0.9550
2.6179 -14.0369 -2.3523 0.9438
3.1211 -13.9394 -2.3532 0.9437
3.0732 -11.7340 -1.9982 0.9520
3.5092 -11.6726 -2.0080 0.9518
4.3969 -11.5476 -2.0356 0.9511
6.5049 -12.7592 -2.3593 0.9436
7.4080 -12.2681 -2.3609 0.9436
6.9904 -8.5255 -1.8162 0.9563
7.7935 -7.6538 -1.7995 0.9567
8.8190 -7.4976 -1.9069 0.9542
10.0089 -7.3409 -2.0448 0.9509
10.6479 -7.2367 -2.1209 0.9491
12.9644 -8.1469 -2.5224 0.9398
13.2504 -7.6777 -2.5228 0.9398
14.0039 -6.2118 -2.5238 0.9398
14.2192 -5.7059 -2.5240 0.9398
14.4159 -5.1925 -2.5242 0.9398
14.5939 -4.6723 -2.5244 0.9398
14.7529 -4.1459 -2.5245 0.9398
14.8926 -3.6141 -2.5246 0.9398
15.0130 -3.0775 -2.5247 0.9398
15.1138 -2.5369 -2.5247 0.9398
15.1949 -1.9930 -2.5246 0.9398
15.2563 -1.4465 -2.5246 0.9398
15.2977 -0.8982 -2.5245 0.9398
15.3207 0.2011 -2.5241 0.9398
15.2058 1.8456 -2.5234 0.9398
14.7762 3.9993 -2.5218 0.9398
14.4457 5.0466 -2.5208 0.9399
14.2523 5.5605 -2.5203 0.9399
13.2971 7.5346 -2.5178 0.9399
13.0146 8.0045 -2.5171 0.9399
10.8410 9.7182 -2.3985 0.9427
9.9463 10.2947 -2.3582 0.9436
9.5671 10.6411 -2.3573 0.9436
8.6425 10.3357 -2.2195 0.9468
8.3590 11.5944 -2.3547 0.9437
7.9345 11.8822 -2.3538 0.9437
7.5001 12.1545 -2.3528 0.9437
7.0564 12.4108 -2.3519 0.9438
4.7184 13.4431 -2.3471 0.9439
3.7391 13.7352 -2.3451 0.9439
3.2426 13.8546 -2.3441 0.9439
2.7422 13.9561 -2.3431 0.9440
-0.8104 14.1578 -2.3362 0.9441
-2.3241 13.9717 -2.3333 0.9442
-2.8228 13.8738 -2.3324 0.9442
-3.8074 13.6251 -2.3306 0.9443
-4.2922 13.4746 -2.3297 0.9443
-4.7711 13.3070 -2.3288 0.9443
-5.2436 13.1225 -2.3280 0.9443
-6.1667 12.7037 -2.3263 0.9444
-5.1048 8.8399 -1.6817 0.9595
-5.4955 8.7737 -1.7055 0.9589
-5.9149 8.7305 -1.7373 0.9582
-6.3345 8.6634 -1.7680 0.9574
-6.7698 8.5937 -1.8022 0.9566
-7.2229 8.5212 -1.8402 0.9557
-9.8535 10.0628 -2.3201 0.9445
-10.5448 9.3259 -2.3191 0.9445
-10.8703 8.9397 -2.3186 0.9445
-11.4789 8.1340 -2.3177 0.9446
-10.9486 7.1825 -2.1571 0.9483
-12.0286 7.2875 -2.3169 0.9446
-12.2806 6.8502 -2.3165 0.9446
-12.5538 6.4233 -2.3231 0.9444
-13.4299 6.2742 -2.4420 0.9417
-13.9814 5.3471 -2.4660 0.9411
-14.1632 4.8416 -2.4658 0.9411
-14.3270 4.3301 -2.4657 0.9411
-14.7081 2.7654 -2.4655 0.9411
-14.7979 2.2360 -2.4655 0.9411
-14.8688 1.7036 -2.4655 0.9411
-14.9209 1.1691 -2.4656 0.9411
-14.9539 0.6331 -2.4657 0.9411
-14.9679 0.0961 -2.4659 0.9411
-14.9629 -0.4410 -2.4660 0.9411
-14.9388 -0.9776 -2.4663 0.9411
-14.7527 -2.5781 -2.4672 0.9411
-14.5344 -3.6305 -2.4680 0.9411
-14.0682 -5.1741 -2.4694 0.9410
-13.6671 -6.1724 -2.4705 0.9410
-13.4402 -6.6604 -2.4711 0.9410
-13.1959 -7.1402 -2.4717 0.9410
-12.9347 -7.6110 -2.4724 0.9410
-12.6569 -8.0725 -2.4731 0.9410
-12.0525 -8.9646 -2.4745 0.9409
-11.7268 -9.3942 -2.4753 0.9409
-11.0302 -10.2176 -2.4769 0.9409
-9.0284 -12.0205 -2.4766 0.9409
-8.4350 -12.1122 -2.4315 0.9419
-7.2380 -12.1702 -2.3327 0.9442
-6.3518 -12.6680 -2.3346 0.9442
-5.8859 -12.8719 -2.3317 0.9442
-4.9599 -13.2937 -2.3375 0.9441
-4.4817 -13.4687 -2.3384 0.9441
-3.0123 -13.8899 -2.3414 0.9440
-2.5131 -13.9950 -2.3424 0.9440
-2.0103 -14.0821 -2.3434 0.9440
-1.5044 -14.1512 -2.3444 0.9439
-0.9961 -14.2021 -2.3454 0.9439
-0.4861 -14.2347 -2.3464 0.9439
0.0249 -14.2490 -2.3474 0.9439
0.5363 -14.2449 -2.3484 0.9438
1.0475 -14.2224 -2.3493 0.9438
1.5577 -14.1815 -2.3503 0.9438
2.5728 -14.0447 -2.3522 0.9438
3.0344 -11.7394 -1.9975 0.9520
3.4700 -11.6781 -2.0070 0.9518
4.8102 -11.4895 -2.0519 0.9508
5.2603 -11.3982 -2.0680 0.9504
6.4637 -12.7797 -2.3593 0.9436
8.2360 -11.7388 -2.3623 0.9435
6.9961 -8.5885 -1.8249 0.9561
7.7330 -7.6433 -1.7912 0.9569
8.7689 -7.5036 -1.9013 0.9543
9.9544 -7.3501 -2.0385 0.9511
10.5875 -7.2454 -2.1135 0.9493
12.9380 -8.1883 -2.5224 0.9398
13.7488 -6.7536 -2.5235 0.9398
13.9838 -6.2567 -2.5238 0.9398
14.5787 -4.7191 -2.5244 0.9398
14.7394 -4.1932 -2.5245 0.9398
15.0030 -3.1257 -2.5247 0.9398
15.1056 -2.5854 -2.5247 0.9398
15.1885 -2.0418 -2.5246 0.9398
15.3048 0.7015 -2.5239 0.9398
15.2118 1.7968 -2.5234 0.9398
15.1355 2.3411 -2.5231 0.9398
15.0396 2.8822 -2.5227 0.9398
14.7893 3.9519 -2.5219 0.9398
14.6352 4.4791 -2.5214 0.9398
13.8317 6.5208 -2.5191 0.9399
13.5853 7.0111 -2.5185 0.9399
13.0405 7.9629 -2.5171 0.9399
9.9796 10.2630 -2.3583 0.9436
8.6509 10.2785 -2.2132 0.9470
7.9729 11.8571 -2.3539 0.9437
6.6447 12.6300 -2.3510 0.9438
6.1848 12.8550 -2.3501 0.9438
5.2427 13.2544 -2.3481 0.9439
4.7618 13.4283 -2.3471 0.9439
4.2751 13.5848 -2.3462 0.9439
2.7871 13.9477 -2.3432 0.9440
2.2840 14.0328 -2.3422 0.9440
1.7783 14.0997 -2.3412 0.9440
-0.2565 14.1851 -2.3372 0.9441
-0.7650 14.1609 -2.3363 0.9441
-1.2720 14.1185 -2.3353 0.9442
-2.7783 13.8833 -2.3325 0.9442
-3.7638 13.6377 -2.3307 0.9443
-4.2491 13.4888 -2.3298 0.9443
-5.6676 12.9400 -2.3272 0.9443
-5.3431 10.1490 -1.8895 0.9546
-5.1439 8.9740 -1.7040 0.9589
-5.4639 8.7858 -1.7044 0.9589
-5.8781 8.7364 -1.7347 0.9582
-7.1816 8.5279 -1.8367 0.9558
-9.8213 10.0946 -2.3202 0.9445
-10.8417 8.9747 -2.3186 0.9445
-11.4529 8.1710 -2.3177 0.9446
-10.8862 7.1916 -2.1494 0.9485
-12.2586 6.8897 -2.3166 0.9446
-12.4963 6.4446 -2.3163 0.9446
-13.7524 5.8855 -2.4643 0.9412
-13.9643 5.3920 -2.4660 0.9411
-14.3131 4.3761 -2.4657 0.9411
-14.9170 1.2170 -2.4656 0.9411
-14.9517 0.6811 -2.4657 0.9411
-14.9675 0.1442 -2.4658 0.9411
-14.9418 -0.9297 -2.4663 0.9411
-14.8400 -1.9992 -2.4668 0.9411
-14.7607 -2.5307 -2.4671 0.9411
-14.2566 -4.6193 -2.4688 0.9411
-14.0845 -5.1289 -2.4693 0.9410
-13.8945 -5.6321 -2.4699 0.9410
-13.6866 -6.1284 -2.4704 0.9410
-12.6824 -8.0316 -2.4730 0.9410
-12.3896 -8.4839 -2.4737 0.9409
-11.7566 -9.3562 -2.4752 0.9409
-11.0626 -10.1818 -2.4768 0.9409
-10.3111 -10.9564 -2.4786 0.9408
-9.9149 -11.3234 -2.4794 0.9408
-9.5057 -11.6761 -2.4804 0.9408
-7.2768 -12.1465 -2.3326 0.9442
-6.8390 -12.4047 -2.3335 0.9442
-5.9339 -12.8674 -2.3343 0.9442
-5.4733 -13.0837 -2.3364 0.9441
-4.5247 -13.4537 -2.3383 0.9441
-3.0568 -13.8796 -2.3413 0.9440
-1.5498 -14.1458 -2.3443 0.9439
-0.5318 -14.2326 -2.3463 0.9439
1.6106 -11.2594 -1.8737 0.9549
2.5275 -14.0524 -2.3521 0.9438
3.4309 -11.6836 -2.0060 0.9518
5.2306 -11.4303 -2.0708 0.9503
6.4224 -12.8000 -2.3592 0.9436
6.8799 -12.5656 -2.3600 0.9436
7.7683 -12.0477 -2.3615 0.9435
8.1980 -11.7649 -2.3623 0.9435
7.0269 -8.0727 -1.7631 0.9575
7.2322 -7.7301 -1.7439 0.9580
8.1862 -7.5789 -1.8378 0.9558
8.7190 -7.5095 -1.8957 0.9544
10.5811 -7.2911 -2.1169 0.9492
13.2005 -7.7624 -2.5228 0.9398
13.4724 -7.2848 -2.5231 0.9398
13.9635 -6.3015 -2.5237 0.9398
14.1820 -5.7971 -2.5240 0.9398
14.5634 -4.7659 -2.5244 0.9398
14.9929 -3.1738 -2.5247 0.9398
15.2918 -0.9964 -2.5245 0.9398
15.3168 -0.4471 -2.5244 0.9398
15.2723 1.2010 -2.5237 0.9398
15.0490 2.8339 -2.5227 0.9398
14.6498 4.4322 -2.5214 0.9398
14.4784 4.9539 -2.5209 0.9399
14.2883 5.4690 -2.5204 0.9399
14.0797 5.9768 -2.5198 0.9399
13.6081 6.9676 -2.5186 0.9399
12.7701 8.3825 -2.5165 0.9400
12.4574 8.8326 -2.5157 0.9400
12.1287 9.2710 -2.5149 0.9400
11.0017 9.7355 -2.4201 0.9422
10.3771 9.8689 -2.3592 0.9436
10.0128 10.2313 -2.3583 0.9436
9.6359 10.5801 -2.3575 0.9436
8.6500 10.2107 -2.2046 0.9472
8.4338 11.5413 -2.3549 0.9437
7.5786 12.1069 -2.3530 0.9437
6.2263 12.8355 -2.3502 0.9438
4.3189 13.5715 -2.3462 0.9439
3.3317 13.8346 -2.3443 0.9439
2.3291 14.0259 -2.3423 0.9440
1.3162 14.1448 -2.3403 0.9440
-1.7319 14.0642 -2.3344 0.9442
-2.7338 13.8926 -2.3326 0.9442
-3.7201 13.6502 -2.3307 0.9443
-4.2059 13.5028 -2.3299 0.9443
-5.1595 13.1567 -2.3281 0.9443
-5.6262 12.9585 -2.3273 0.9443
-5.1379 9.0306 -1.7116 0.9588
-5.4323 8.7978 -1.7034 0.9589
-5.8413 8.7423 -1.7321 0.9583
-6.2583 8.6756 -1.7623 0.9576
-6.6907 8.6064 -1.7959 0.9568
-7.1404 8.5344 -1.8331 0.9559
-9.4219 10.4736 -2.3208 0.9445
-9.7891 10.1263 -2.3202 0.9445
-10.4851 9.3938 -2.3191 0.9445
-11.4268 8.2078 -2.3177 0.9446
-13.1379 0.0000 -2.4694 0.9479
-13.1304 -0.4714 -2.4696 0.9479
-13.1061 -0.9423 -2.4698 0.9479
-13.0651 -1.4120 -2.4700 0.9479
-12.9332 -2.3458 -2.4706 0.9479
-12.8424 -2.8087 -2.4709 0.9479
-12.7353 -3.2681 -2.4713 0.9479
-12.6118 -3.7235 -2.4717 0.9479
-12.4722 -4.1743 -2.4721 0.9479
-12.1453 -5.0598 -2.4730 0.9479
-11.9584 -5.4935 -2.4735 0.9478
-11.7562 -5.9202 -2.4741 0.9478
-11.0598 -7.1542 -2.4758 0.9478
-10.7988 -7.5484 -2.4765 0.9478
-9.6187 -9.0256 -2.4792 0.9477
-9.2915 -9.3677 -2.4800 0.9477
-8.9522 -9.6980 -2.4807 0.9477
-8.6012 -10.0161 -2.4815 0.9477
-7.8659 -10.6140 -2.4832 0.9477
-7.4825 -10.8931 -2.4840 0.9476
-7.0893 -11.1583 -2.4848 0.9476
-6.6863 -11.4086 -2.4855 0.9476
-6.2632 -11.6236 -2.4818 0.9477
-5.2408 -11.6586 -2.4026 0.9493
-4.2737 -11.6828 -2.3382 0.9506
-2.9969 -12.0878 -2.3408 0.9506
-2.5623 -12.1921 -2.3417 0.9506
-1.6827 -12.3537 -2.3434 0.9505
-1.2388 -12.4107 -2.3443 0.9505
0.1020 -12.4858 -2.3469 0.9505
1.4446 -12.4161 -2.3495 0.9504
1.7128 -11.2033 -2.1302 0.9549
2.7732 -12.2019 -2.3520 0.9503
3.0883 -11.6388 -2.2633 0.9522
3.5213 -11.5778 -2.2746 0.9519
3.9592 -11.5161 -2.2889 0.9516
4.4033 -11.4536 -2.3064 0.9513
5.7322 -11.1549 -2.3573 0.9502
6.5211 -10.7214 -2.3587 0.9502
7.0218 -9.1584 -2.1691 0.9541
7.0518 -7.9455 -1.9968 0.9577
7.3459 -7.7016 -2.0005 0.9576
7.8047 -7.6158 -2.0497 0.9566
8.8588 -7.4825 -2.1796 0.9539
10.7112 -7.2296 -2.4290 0.9488
11.6189 -6.6826 -2.5193 0.9469
11.8526 -6.2622 -2.5197 0.9469
12.4604 -4.9538 -2.5204 0.9469
12.6310 -4.5039 -2.5206 0.9469
13.2340 -2.1777 -2.5209 0.9469
13.4078 -0.2621 -2.5206 0.9469
13.4077 0.2191 -2.5205 0.9469
13.2333 2.1339 -2.5195 0.9469
13.1465 2.6070 -2.5191 0.9469
12.4598 4.9073 -2.5170 0.9470
12.2732 5.3501 -2.5165 0.9470
12.0708 5.7857 -2.5160 0.9470
11.8528 6.2137 -2.5154 0.9470
11.1083 7.4458 -2.5136 0.9470
10.8312 7.8375 -2.5129 0.9470
10.2356 8.5892 -2.5115 0.9471
9.9179 8.9483 -2.5108 0.9471
9.5743 9.2827 -2.5065 0.9472
8.0051 9.6361 -2.3547 0.9503
7.2887 10.1786 -2.3531 0.9503
6.1464 10.8915 -2.3507 0.9504
5.7496 11.1011 -2.3498 0.9504
5.3457 11.2962 -2.3490 0.9504
0.1416 12.4410 -2.3386 0.9506
-0.3047 12.4336 -2.3377 0.9506
-0.7504 12.4101 -2.3369 0.9507
-1.1947 12.3707 -2.3360 0.9507
-1.6372 12.3155 -2.3352 0.9507
-2.5144 12.1579 -2.3336 0.9507
-3.8023 11.8054 -2.3312 0.9508
-4.6361 11.4949 -2.3297 0.9508
-5.0439 11.3177 -2.3290 0.9508
-5.9520 8.7248 -1.9852 0.9579
-6.3729 8.6574 -2.0206 0.9572
-6.8097 8.5875 -2.0600 0.9564
-7.2645 8.5147 -2.1038 0.9555
-8.9828 8.4833 -2.3223 0.9510
-9.2796 8.1540 -2.3219 0.9510
-9.5643 7.8143 -2.3215 0.9510
-10.3537 6.7447 -2.3226 0.9510
-11.4789 6.3548 -2.4661 0.9480
-11.7184 5.9485 -2.4701 0.9479
-11.9231 5.5237 -2.4699 0.9479
-12.2865 4.6537 -2.4695 0.9479
-12.4447 4.2096 -2.4693 0.9479
-12.5872 3.7602 -2.4692 0.9479
-12.9947 1.9208 -2.4690 0.9479
-13.0555 1.4534 -2.4691 0.9479
-13.1090 -0.9001 -2.4698 0.9479
-13.0695 -1.3700 -2.4700 0.9479
-13.0133 -1.8383 -2.4703 0.9479
-12.9405 -2.3042 -2.4706 0.9479
-12.7455 -3.2272 -2.4713 0.9479
-12.4854 -4.1342 -2.4721 0.9479
-12.3312 -4.5803 -2.4725 0.9479
-11.0825 -7.1185 -2.4758 0.9478
-10.5490 -7.8990 -2.4771 0.9478
-10.2616 -8.2747 -2.4777 0.9478
-9.9610 -8.6400 -2.4784 0.9477
-9.6474 -8.9944 -2.4792 0.9477
-9.3213 -9.3376 -2.4799 0.9477
-8.9830 -9.6690 -2.4807 0.9477
-8.6331 -9.9882 -2.4815 0.9477
-7.8997 -10.5884 -2.4831 0.9477
-7.5173 -10.8687 -2.4839 0.9476
-7.1249 -11.1352 -2.4848 0.9476
-4.7645 -11.5982 -2.3568 0.9502
-4.3110 -11.6687 -2.3382 0.9506
-3.0356 -12.0777 -2.3407 0.9506
-2.6013 -12.1834 -2.3416 0.9506
-2.1634 -12.2735 -2.3425 0.9505
-1.7223 -12.3478 -2.3434 0.9505
-1.2786 -12.4062 -2.3442 0.9505
-0.8330 -12.4488 -2.3451 0.9505
0.9578 -12.4582 -2.3486 0.9504
2.7340 -12.2104 -2.3519 0.9503
3.9198 -11.5217 -2.2875 0.9517
4.3633 -11.4593 -2.3047 0.9513
4.8140 -11.3958 -2.3252 0.9509
5.2735 -11.3311 -2.3492 0.9504
5.6962 -11.1730 -2.3573 0.9502
6.0952 -10.9647 -2.3580 0.9502
6.4865 -10.7420 -2.3586 0.9502
6.8696 -10.5053 -2.3593 0.9502
7.1104 -9.3359 -2.2058 0.9534
7.0391 -7.9826 -2.0004 0.9576
7.3451 -7.7504 -2.0070 0.9575
7.7766 -7.6372 -2.0487 0.9566
8.2816 -7.5690 -2.1088 0.9554
8.8236 -7.5014 -2.1768 0.9540
9.3916 -7.4207 -2.2498 0.9525
10.8032 -7.9234 -2.5182 0.9469
11.3471 -7.1306 -2.5190 0.9469
11.5972 -6.7198 -2.5193 0.9469
11.8323 -6.3001 -2.5196 0.9469
12.0521 -5.8722 -2.5199 0.9469
12.2562 -5.4366 -2.5201 0.9469
12.4444 -4.9938 -2.5204 0.9469
12.7721 -4.0891 -2.5207 0.9469
12.9112 -3.6283 -2.5208 0.9469
13.0334 -3.1629 -2.5209 0.9469
13.1387 -2.6933 -2.5209 0.9469
13.2270 -2.2202 -2.5209 0.9469
13.3517 -1.2659 -2.5208 0.9469
13.4069 -0.3052 -2.5206 0.9469
13.4084 0.1760 -2.5205 0.9469
13.3924 0.6569 -2.5203 0.9469
13.3083 1.6153 -2.5198 0.9469
13.2402 2.0915 -2.5195 0.9469
13.1550 2.5648 -2.5192 0.9469
13.0526 3.0347 -2.5188 0.9469
12.7973 3.9616 -2.5180 0.9469
12.6447 4.4174 -2.5176 0.9469
12.4757 4.8673 -2.5171 0.9470
12.0895 5.7471 -2.5160 0.9470
11.8729 6.1757 -2.5155 0.9470
11.6410 6.5962 -2.5149 0.9470
11.1325 7.4103 -2.5136 0.9470
9.6064 9.2542 -2.5072 0.9472
9.1585 9.4793 -2.4775 0.9478
8.0363 9.6107 -2.3547 0.9503
7.3215 10.1555 -2.3532 0.9503
6.5699 10.6470 -2.3516 0.9504
5.7854 11.0829 -2.3499 0.9504
4.5562 11.6278 -2.3474 0.9504
4.1345 11.7794 -2.3465 0.9505
2.4034 12.2315 -2.3430 0.9505
0.6280 12.4310 -2.3395 0.9506
-2.0380 12.2515 -2.3344 0.9507
-3.3392 11.9493 -2.3320 0.9508
-5.3258 10.0377 -2.1358 0.9548
-5.5092 8.7956 -1.9508 0.9586
-5.9150 8.7307 -1.9822 0.9580
-6.7700 8.5939 -2.0563 0.9564
-8.3258 9.1365 -2.3234 0.9509
-9.2535 8.1839 -2.3219 0.9510
-9.5394 7.8451 -2.3215 0.9510
-10.0739 7.1385 -2.3207 0.9510
-10.3220 6.7714 -2.3203 0.9510
-10.9558 6.6375 -2.4077 0.9492
-11.4561 6.3903 -2.4656 0.9480
-11.6994 5.9862 -2.4702 0.9479
-12.0962 5.1308 -2.4697 0.9479
-12.4312 4.2496 -2.4693 0.9479
-12.5751 3.8006 -2.4692 0.9479
-12.8144 2.8889 -2.4691 0.9479
-12.9885 1.9626 -2.4690 0.9479
-13.0964 1.0262 -2.4691 0.9479
-13.1253 0.5556 -2.4692 0.9479
-12.9477 -2.2626 -2.4705 0.9479
-12.6351 -3.6423 -2.4716 0.9479
-12.4984 -4.0940 -2.4720 0.9479
-11.9930 -5.4163 -2.4734 0.9478
-11.7935 -5.8444 -2.4740 0.9478
-11.3492 -6.6781 -2.4751 0.9478
-11.1051 -7.0827 -2.4757 0.9478
-9.9884 -8.6077 -2.4784 0.9477
-9.6760 -8.9632 -2.4791 0.9477
-9.3510 -9.3073 -2.4798 0.9477
-7.9334 -10.5627 -2.4830 0.9477
-6.7595 -11.3655 -2.4855 0.9476
-5.8861 -11.7394 -2.4684 0.9480
-4.8106 -11.6040 -2.3611 0.9502
-4.3483 -11.6544 -2.3381 0.9506
-3.5040 -11.9450 -2.3398 0.9506
-1.3184 -12.4017 -2.3442 0.9505
-0.8729 -12.4456 -2.3450 0.9505
-0.4260 -12.4735 -2.3459 0.9505
0.0218 -12.4854 -2.3468 0.9505
0.9178 -12.4608 -2.3485 0.9504
1.6430 -11.2285 -2.1330 0.9549
2.2538 -12.3033 -2.3510 0.9504
3.0112 -11.6496 -2.2616 0.9522
3.4435 -11.5887 -2.2724 0.9520
4.3233 -11.4649 -2.3031 0.9514
5.2320 -11.3370 -2.3469 0.9505
6.4518 -10.7625 -2.3586 0.9502
6.8357 -10.5271 -2.3592 0.9502
7.2109 -10.2778 -2.3599 0.9502
7.0071 -7.9980 -1.9986 0.9576
7.7819 -7.6917 -2.0566 0.9564
8.2339 -7.5741 -2.1028 0.9555
9.3370 -7.4264 -2.2424 0.9526
10.6015 -7.2550 -2.4146 0.9491
11.5755 -6.7569 -2.5193 0.9469
12.4282 -5.0337 -2.5203 0.9469
13.0232 -3.2047 -2.5209 0.9469
13.1300 -2.7355 -2.5209 0.9469
13.3476 -1.3088 -2.5209 0.9469
13.3855 -0.8290 -2.5208 0.9469
13.4059 -0.3482 -2.5206 0.9469
13.4090 0.1330 -2.5205 0.9469
13.2470 2.0490 -2.5195 0.9469
12.9447 3.4590 -2.5185 0.9469
12.8102 3.9206 -2.5181 0.9469
11.1564 7.3746 -2.5137 0.9470
10.8818 7.7681 -2.5130 0.9470
10.5932 8.1513 -2.5124 0.9471
10.2910 8.5237 -2.5116 0.9471
9.9757 8.8849 -2.5109 0.9471
9.6385 9.2256 -2.5078 0.9471
9.2243 9.4863 -2.4870 0.9476
7.7157 9.8651 -2.3540 0.9503
5.4185 11.2623 -2.3491 0.9504
3.7462 11.9042 -2.3457 0.9505
3.3155 12.0265 -2.3448 0.9505
2.4427 12.2241 -2.3431 0.9505
2.0018 12.2993 -2.3422 0.9505
1.5587 12.3586 -2.3413 0.9506
1.1139 12.4020 -2.3405 0.9506
0.6679 12.4293 -2.3396 0.9506
0.2215 12.4407 -2.3387 0.9506
-0.2249 12.4361 -2.3379 0.9506
-0.6707 12.4155 -2.3370 0.9507
-1.9987 12.2584 -2.3345 0.9507
-2.4364 12.1745 -2.3337 0.9507
-4.1473 11.6851 -2.3306 0.9508
-4.5624 11.5251 -2.3298 0.9508
-5.3738 11.1614 -2.3284 0.9508
-5.1595 9.0012 -1.9501 0.9587
-6.2965 8.6697 -2.0140 0.9573
-6.7303 8.6002 -2.0527 0.9565
-8.6181 8.8579 -2.3229 0.9509
-8.9285 8.5412 -2.3224 0.9510
-9.2273 8.2137 -2.3220 0.9510
-10.3003 6.8046 -2.3204 0.9510
-10.8942 6.6481 -2.3988 0.9494
-12.2565 4.7325 -2.4695 0.9479
-12.6921 3.3877 -2.4691 0.9479
-13.0930 1.0682 -2.4691 0.9479
-13.1340 -0.3449 -2.4695 0.9479
-13.1143 -0.8160 -2.4697 0.9479
-13.0778 -1.2860 -2.4700 0.9479
-13.0246 -1.7546 -2.4702 0.9479
-12.7656 -3.1452 -2.4712 0.9479
-12.5113 -4.0538 -2.4720 0.9479
-11.8120 -5.8064 -2.4739 0.9478
-11.5986 -6.2278 -2.4745 0.9478
-11.3704 -6.6415 -2.4751 0.9478
-10.8703 -7.4435 -2.4763 0.9478
-10.5990 -7.8308 -2.4769 0.9478
-10.0157 -8.5754 -2.4783 0.9477
-9.3805 -9.2770 -2.4798 0.9477
-9.0444 -9.6105 -2.4805 0.9477
-8.6965 -9.9320 -2.4813 0.9477
-7.5865 -10.8195 -2.4838 0.9476
-7.1958 -11.0885 -2.4846 0.9476
-4.8567 -11.6099 -2.3655 0.9501
-4.3856 -11.6400 -2.3380 0.9506
-2.2420 -12.2585 -2.3423 0.9505
-1.8014 -12.3356 -2.3432 0.9505
-0.0183 -12.4850 -2.3467 0.9505
0.4298 -12.4822 -2.3476 0.9504
0.8777 -12.4633 -2.3484 0.9504
1.3248 -12.4283 -2.3493 0.9504
1.6068 -11.2333 -2.1329 0.9549
2.6553 -12.2269 -2.3518 0.9504
3.8411 -11.5328 -2.2848 0.9517
4.2834 -11.4705 -2.3014 0.9514
4.7328 -11.4073 -2.3213 0.9510
5.6240 -11.2087 -2.3571 0.9502
6.0243 -11.0030 -2.3578 0.9502
6.4170 -10.7829 -2.3585 0.9502
6.8017 -10.5487 -2.3592 0.9502
7.5447 -10.0391 -2.3604 0.9502
8.1753 -7.5687 -2.0941 0.9557
9.2828 -7.4320 -2.2351 0.9528
11.3008 -7.2031 -2.5189 0.9469
11.5536 -6.7940 -2.5193 0.9469
12.2208 -5.5151 -2.5201 0.9469
12.7455 -4.1710 -2.5207 0.9469
13.0128 -3.2465 -2.5209 0.9469
13.1212 -2.7776 -2.5209 0.9469
13.2124 -2.3051 -2.5209 0.9469
13.2865 -1.8295 -2.5209 0.9469
13.3828 -0.8720 -2.5208 0.9469
13.4048 -0.3913 -2.5207 0.9469
13.3966 0.5709 -2.5203 0.9469
13.0722 2.9509 -2.5189 0.9469
12.9559 3.4175 -2.5185 0.9469
12.8229 3.8795 -2.5181 0.9469
12.5071 4.7873 -2.5172 0.9470
12.3249 5.2319 -2.5167 0.9470
12.1267 5.6695 -2.5161 0.9470
11.9128 6.0996 -2.5156 0.9470
11.1803 7.3390 -2.5138 0.9470
10.9070 7.7333 -2.5131 0.9470
10.6196 8.1175 -2.5124 0.9471
10.3186 8.4909 -2.5117 0.9471
9.2907 9.4933 -2.4967 0.9474
8.5768 9.4173 -2.3942 0.9495
8.0983 9.5594 -2.3549 0.9503
6.6386 10.6053 -2.3517 0.9504
5.8569 11.0463 -2.3501 0.9504
5.0460 11.4296 -2.3484 0.9504
4.6310 11.5990 -2.3475 0.9504
3.7846 11.8925 -2.3458 0.9505
3.3542 12.0162 -2.3449 0.9505
2.4820 12.2167 -2.3432 0.9505
2.0414 12.2932 -2.3423 0.9505
1.5984 12.3540 -2.3414 0.9506
1.1537 12.3987 -2.3405 0.9506
-0.1850 12.4371 -2.3380 0.9506
-4.1099 11.6987 -2.3306 0.9508
-5.3381 11.1789 -2.3285 0.9508
-5.3253 10.1945 -2.1618 0.9543
-5.1745 9.0950 -1.9668 0.9583
-5.8414 8.7425 -1.9763 0.9581
-6.6908 8.6065 -2.0490 0.9566
-7.1405 8.5346 -2.0916 0.9557
-10.0282 7.2032 -2.3208 0.9510
-10.2786 6.8377 -2.3204 0.9510
-10.8329 6.6586 -2.3901 0.9496
-11.6670 -0.8388 -2.4725 0.9533
-11.6304 -1.2569 -2.4727 0.9533
-11.3361 -2.9091 -2.4739 0.9533
-11.1015 -3.7156 -2.4746 0.9533
-10.9629 -4.1121 -2.4750 0.9533
-10.8101 -4.5036 -2.4754 0.9533
-9.8428 -6.3669 -2.4779 0.9532
-9.6102 -6.7175 -2.4785 0.9532
-9.3652 -7.0597 -2.4791 0.9532
-9.1081 -7.3929 -2.4797 0.9532
-8.8392 -7.7169 -2.4803 0.9532
-8.5589 -8.0312 -2.4809 0.9531
-7.6527 -8.9116 -2.4830 0.9531
-6.6567 -9.6908 -2.4852 0.9531
-5.9483 -10.1494 -2.4867 0.9530
-5.5821 -10.3595 -2.4875 0.9530
-4.8279 -10.7400 -2.4890 0.9530
-4.4409 -10.9098 -2.4898 0.9530
-4.0466 -11.0622 -2.4899 0.9530
-3.6437 -11.1898 -2.4875 0.9530
-3.2372 -11.3038 -2.4854 0.9531
-2.7992 -11.2901 -2.4587 0.9536
-2.3602 -11.2308 -2.4258 0.9542
-1.5143 -11.1176 -2.3717 0.9552
-0.7051 -11.0708 -2.3449 0.9557
0.4890 -11.0934 -2.3472 0.9556
0.8870 -11.0723 -2.3480 0.9556
1.2841 -11.0369 -2.3487 0.9556
1.6798 -10.9872 -2.3495 0.9556
2.4649 -10.8452 -2.3509 0.9555
2.8533 -10.7531 -2.3516 0.9555
4.3761 -10.2669 -2.3591 0.9554
4.7880 -10.2022 -2.3822 0.9550
5.2095 -10.1377 -2.4093 0.9545
5.6409 -10.0712 -2.4400 0.9539
6.5145 -9.8927 -2.5038 0.9527
7.2285 -9.4280 -2.5112 0.9526
6.9029 -8.3638 -2.2923 0.9566
7.0106 -7.8991 -2.2325 0.9577
7.8176 -7.6284 -2.3089 0.9563
9.3600 -7.3470 -2.5152 0.9525
9.6190 -7.0075 -2.5156 0.9525
9.8656 -6.6588 -2.5160 0.9525
10.0995 -6.3014 -2.5163 0.9525
10.3203 -5.9357 -2.5166 0.9525
10.5278 -5.5622 -2.5169 0.9525
10.7216 -5.1814 -2.5171 0.9525
10.9015 -4.7938 -2.5173 0.9525
11.0673 -4.4000 -2.5175 0.9525
11.2187 -4.0003 -2.5177 0.9525
11.3556 -3.5954 -2.5178 0.9525
11.4777 -3.1858 -2.5179 0.9525
11.8158 -1.5112 -2.5180 0.9525
11.8622 -1.0863 -2.5179 0.9525
11.9086 0.1946 -2.5176 0.9525
11.8622 1.0479 -2.5172 0.9525
11.8159 1.4727 -2.5170 0.9525
11.5853 2.7328 -2.5161 0.9525
11.3562 3.5555 -2.5154 0.9525
10.9029 4.7527 -2.5141 0.9525
10.3229 5.8932 -2.5126 0.9526
10.1026 6.2584 -2.5121 0.9526
9.8694 6.6153 -2.5115 0.9526
9.3651 7.3025 -2.5103 0.9526
9.0948 7.6319 -2.5096 0.9526
8.8128 7.9512 -2.5090 0.9526
7.9009 8.8449 -2.5069 0.9527
7.1081 9.2095 -2.4591 0.9536
6.5524 9.1504 -2.3790 0.9550
6.1473 9.2702 -2.3512 0.9555
5.8090 9.4818 -2.3505 0.9556
5.4633 9.6811 -2.3498 0.9556
5.1109 9.8678 -2.3490 0.9556
4.3873 10.2023 -2.3475 0.9556
2.8789 10.7109 -2.3444 0.9557
2.1021 10.8826 -2.3429 0.9557
1.7097 10.9474 -2.3421 0.9557
1.3154 10.9980 -2.3413 0.9557
0.9197 11.0345 -2.3406 0.9557
0.5230 11.0567 -2.3398 0.9558
0.1259 11.0647 -2.3390 0.9558
-1.4563 10.9548 -2.3360 0.9558
-1.8478 10.8921 -2.3353 0.9558
-3.0047 10.6208 -2.3331 0.9559
-3.3828 10.5031 -2.3324 0.9559
-4.4880 10.0702 -2.3305 0.9559
-4.8451 9.9000 -2.3298 0.9559
-5.1665 9.6626 -2.3161 0.9562
-5.4815 8.6892 -2.1716 0.9589
-5.8786 8.6172 -2.2050 0.9582
-6.2944 8.5507 -2.2444 0.9575
-6.7258 8.4817 -2.2881 0.9567
-7.9952 7.5507 -2.3246 0.9560
-8.2595 7.2577 -2.3242 0.9560
-8.5626 6.9959 -2.3373 0.9558
-9.0982 6.9043 -2.4142 0.9544
-9.5490 6.7205 -2.4683 0.9534
-10.0271 6.0309 -2.4734 0.9533
-10.9375 4.1427 -2.4723 0.9533
-11.4159 2.5351 -2.4719 0.9533
-11.4994 2.1239 -2.4719 0.9533
-11.5682 1.7100 -2.4719 0.9533
-11.6615 0.8761 -2.4720 0.9533
-11.6859 0.4571 -2.4721 0.9533
-11.6954 0.0376 -2.4722 0.9533
-11.6899 -0.3821 -2.4723 0.9533
-11.6342 -1.2196 -2.4727 0.9533
-11.5841 -1.6364 -2.4730 0.9533
-11.5192 -2.0511 -2.4732 0.9533
-11.3452 -2.8726 -2.4738 0.9533
-11.1133 -3.6798 -2.4746 0.9533
-10.4800 -5.2354 -2.4763 0.9532
-10.0817 -5.9759 -2.4773 0.9532
-9.8630 -6.3352 -2.4779 0.9532
-9.6315 -6.6865 -2.4784 0.9532
-9.3876 -7.0294 -2.4790 0.9532
-9.1316 -7.3635 -2.4796 0.9532
-8.8638 -7.6883 -2.4802 0.9532
-8.2940 -8.3085 -2.4815 0.9531
-7.9928 -8.6031 -2.4822 0.9531
-7.6811 -8.8868 -2.4829 0.9531
-7.0281 -9.4202 -2.4844 0.9531
-6.3383 -9.9059 -2.4859 0.9531
-5.6151 -10.3413 -2.4874 0.9530
-4.8622 -10.7241 -2.4890 0.9530
-4.0825 -11.0501 -2.4901 0.9530
-3.6799 -11.1790 -2.4877 0.9530
-2.8390 -11.2954 -2.4619 0.9535
-2.3990 -11.2360 -2.4286 0.9541
-1.5514 -11.1225 -2.3738 0.9551
-0.7406 -11.0682 -2.3448 0.9557
-0.3435 -11.1028 -2.3480 0.9556
2.0384 -10.9296 -2.3501 0.9556
2.4300 -10.8528 -2.3509 0.9555
3.2039 -10.6570 -2.3523 0.9555
3.5853 -10.5383 -2.3530 0.9555
3.9622 -10.4059 -2.3537 0.9555
4.3400 -10.2736 -2.3575 0.9554
4.7507 -10.2079 -2.3800 0.9550
5.6019 -10.0772 -2.4371 0.9540
6.0445 -10.0100 -2.4718 0.9533
7.1972 -9.4498 -2.5109 0.9526
6.9942 -7.9317 -2.2353 0.9577
7.8094 -7.6695 -2.3137 0.9562
9.0640 -7.7058 -2.5148 0.9525
9.3362 -7.3769 -2.5152 0.9525
10.3011 -5.9688 -2.5166 0.9525
10.7048 -5.2158 -2.5171 0.9525
11.3440 -3.6318 -2.5178 0.9525
11.4674 -3.2226 -2.5179 0.9525
11.5760 -2.8092 -2.5180 0.9525
11.6695 -2.3921 -2.5180 0.9525
11.7479 -1.9719 -2.5180 0.9525
11.9078 -0.2711 -2.5177 0.9525
11.8951 0.5835 -2.5174 0.9525
11.5941 2.6956 -2.5161 0.9525
11.0825 4.3238 -2.5146 0.9525
10.7400 5.1055 -2.5137 0.9525
10.5478 5.4864 -2.5132 0.9526
10.3420 5.8601 -2.5126 0.9526
9.8908 6.5837 -2.5115 0.9526
7.9295 8.8197 -2.5070 0.9527
7.1596 9.2150 -2.4667 0.9534
6.1858 9.2634 -2.3545 0.9555
5.1427 9.8516 -2.3491 0.9556
4.7844 10.0266 -2.3483 0.9556
4.0504 10.3371 -2.3468 0.9556
3.6758 10.4724 -2.3461 0.9556
3.2966 10.5940 -2.3453 0.9557
2.9134 10.7020 -2.3445 0.9557
2.1371 10.8761 -2.3430 0.9557
1.3507 10.9941 -2.3414 0.9557
0.5585 11.0553 -2.3399 0.9558
-0.2355 11.0597 -2.3383 0.9558
-0.6320 11.0405 -2.3376 0.9558
-1.4212 10.9598 -2.3361 0.9558
-2.9707 10.6307 -2.3332 0.9559
-3.3492 10.5141 -2.3325 0.9559
-3.7232 10.3842 -2.3318 0.9559
-4.4557 10.0848 -2.3305 0.9559
-5.1647 9.7341 -2.3293 0.9559
-5.1040 8.8385 -2.1574 0.9591
-5.8421 8.6231 -2.2017 0.9583
-7.1150 8.3940 -2.3260 0.9560
-7.4101 8.1316 -2.3255 0.9560
-7.6956 7.8590 -2.3250 0.9560
-7.9711 7.5764 -2.3246 0.9560
-8.2363 7.2843 -2.3242 0.9560
-8.5167 7.0041 -2.3309 0.9559
-9.0488 6.9128 -2.4070 0.9545
-9.7801 6.4159 -2.4725 0.9533
-10.0078 6.0632 -2.4734 0.9533
-10.4145 5.3287 -2.4729 0.9533
-10.7680 4.5674 -2.4724 0.9533
-11.0664 3.7830 -2.4721 0.9533
-11.4077 2.5718 -2.4719 0.9533
-11.4925 2.1608 -2.4719 0.9533
-11.6181 1.3312 -2.4719 0.9533
-11.6586 0.9135 -2.4720 0.9533
-11.6951 0.0751 -2.4722 0.9533
-11.6720 -0.7638 -2.4725 0.9533
-11.6380 -1.1822 -2.4727 0.9533
-11.5256 -2.0141 -2.4732 0.9533
-11.4473 -2.4266 -2.4735 0.9533
-11.3543 -2.8361 -2.4738 0.9533
-11.2468 -3.2421 -2.4741 0.9533
-11.1249 -3.6441 -2.4745 0.9533
-10.4965 -5.2017 -2.4763 0.9532
-10.1006 -5.9434 -2.4773 0.9532
-9.8831 -6.3033 -2.4778 0.9532
-9.6527 -6.6554 -2.4784 0.9532
-9.1550 -7.3340 -2.4796 0.9532
-8.8882 -7.6596 -2.4802 0.9532
-8.6099 -7.9756 -2.4808 0.9532
-8.0202 -8.5771 -2.4822 0.9531
-7.7094 -8.8619 -2.4829 0.9531
-7.3886 -9.1354 -2.4836 0.9531
-6.0130 -10.1105 -2.4865 0.9530
-5.6482 -10.3229 -2.4873 0.9530
-4.1183 -11.0379 -2.4903 0.9530
-3.3102 -11.2844 -2.4858 0.9531
-2.8789 -11.3007 -2.4650 0.9534
-2.4379 -11.2413 -2.4314 0.9541
-2.0082 -11.1833 -2.4017 0.9546
-0.7761 -11.0654 -2.3448 0.9557
0.0194 -11.0999 -2.3463 0.9556
0.4178 -11.0957 -2.3471 0.9556
0.8158 -11.0771 -2.3478 0.9556
2.0033 -10.9357 -2.3501 0.9556
3.5513 -10.5495 -2.3529 0.9555
3.9287 -10.4183 -2.3536 0.9555
4.7135 -10.2135 -2.3777 0.9551
5.5629 -10.0833 -2.4343 0.9540
6.4492 -9.9319 -2.5032 0.9527
7.1658 -9.4716 -2.5105 0.9526
6.9787 -7.9655 -2.2386 0.9576
7.3499 -7.8056 -2.2663 0.9571
7.7168 -7.6273 -2.2935 0.9566
9.0391 -7.7348 -2.5147 0.9525
9.8224 -6.7219 -2.5159 0.9525
10.8704 -4.8637 -2.5173 0.9525
11.1927 -4.0722 -2.5176 0.9525
11.3322 -3.6682 -2.5178 0.9525
11.4570 -3.2594 -2.5179 0.9525
11.5669 -2.8463 -2.5179 0.9525
11.6618 -2.4296 -2.5180 0.9525
11.7415 -2.0096 -2.5180 0.9525
11.8059 -1.5870 -2.5180 0.9525
11.8550 -1.1624 -2.5179 0.9525
11.8970 0.5453 -2.5174 0.9525
11.8689 0.9717 -2.5172 0.9525
11.6922 2.2407 -2.5165 0.9525
11.4984 3.0726 -2.5158 0.9525
10.9335 4.6828 -2.5142 0.9525
9.9121 6.5521 -2.5116 0.9526
9.6683 6.9019 -2.5110 0.9526
9.4122 7.2425 -2.5104 0.9526
8.5729 8.2056 -2.5084 0.9526
8.2707 8.5056 -2.5078 0.9527
6.6492 9.1607 -2.3927 0.9548
5.8701 9.4448 -2.3506 0.9556
5.5257 9.6464 -2.3499 0.9556
4.4530 10.1745 -2.3476 0.9556
3.3307 10.5837 -2.3453 0.9557
2.5615 10.7882 -2.3438 0.9557
2.1720 10.8695 -2.3430 0.9557
1.3861 10.9900 -2.3415 0.9557
0.9906 11.0290 -2.3407 0.9557
0.1970 11.0644 -2.3392 0.9558
-0.2000 11.0607 -2.3384 0.9558
-0.5965 11.0428 -2.3376 0.9558
-0.9920 11.0108 -2.3369 0.9558
-1.7779 10.9044 -2.3354 0.9558
-2.5537 10.7422 -2.3340 0.9559
-3.3155 10.5251 -2.3326 0.9559
-3.6899 10.3964 -2.3319 0.9559
-4.0594 10.2544 -2.3312 0.9559
-4.4234 10.0993 -2.3306 0.9559
-4.7816 9.9314 -2.3299 0.9559
-5.0881 8.8767 -2.1627 0.9590
-5.4140 8.7056 -2.1670 0.9590
-5.8057 8.6289 -2.1984 0.9584
-6.2189 8.5628 -2.2370 0.9577
-7.3841 8.1555 -2.3255 0.9560
-7.6704 7.8838 -2.3251 0.9560
-7.9468 7.6021 -2.3246 0.9560
-8.2130 7.3108 -2.3242 0.9560
-8.4750 7.0155 -2.3256 0.9560
-8.9998 6.9212 -2.3999 0.9546
-9.5026 6.7795 -2.4675 0.9534
-9.9884 6.0953 -2.4734 0.9533
-10.1994 5.7324 -2.4731 0.9533
-11.1836 3.4193 -2.4720 0.9533
-11.2987 3.0158 -2.4719 0.9533
-11.3994 2.6084 -2.4719 0.9533
-11.4855 2.1977 -2.4719 0.9533
-11.5570 1.7842 -2.4719 0.9533
-11.6137 1.3685 -2.4719 0.9533
-11.6743 -0.7263 -2.4725 0.9533
-11.5942 -1.5619 -2.4729 0.9533
-11.5319 -1.9771 -2.4732 0.9533
-11.3632 -2.7996 -2.4738 0.9533
-11.1364 -3.6083 -2.4745 0.9533
-11.0015 -4.0062 -2.4749 0.9533
-10.8525 -4.3990 -2.4753 0.9533
-10.6896 -4.7864 -2.4757 0.9532
-10.5130 -5.1678 -2.4762 0.9532
-10.3229 -5.5428 -2.4767 0.9532
-9.4322 -6.9687 -2.4789 0.9532
-9.1783 -7.3044 -2.4795 0.9532
-7.7376 -8.8368 -2.4828 0.9531
-7.4177 -9.1114 -2.4835 0.9531
-6.4015 -9.8644 -2.4857 0.9531
-6.0453 -10.0908 -2.4865 0.9530
-5.6811 -10.3044 -2.4873 0.9530
-3.3466 -11.2746 -2.4860 0.9531
-2.9190 -11.3060 -2.4682 0.9534
-2.4769 -11.2466 -2.4343 0.9540
-2.0462 -11.1883 -2.4042 0.9546
-1.2133 -11.0745 -2.3549 0.9555
-0.8116 -11.0625 -2.3447 0.9557
0.3821 -11.0966 -2.3470 0.9556
0.7803 -11.0794 -2.3478 0.9556
1.1776 -11.0478 -2.3485 0.9556
1.5737 -11.0019 -2.3493 0.9556
1.9681 -10.9418 -2.3500 0.9556
3.8951 -10.4306 -2.3535 0.9555
5.0954 -10.1552 -2.4017 0.9546
5.5240 -10.0893 -2.4314 0.9541
6.4165 -9.9513 -2.5029 0.9527
6.7790 -9.7285 -2.5064 0.9527
7.1344 -9.4932 -2.5102 0.9526
7.2120 -7.7085 -2.2314 0.9578
7.6943 -7.6540 -2.2941 0.9566
8.7282 -8.0806 -2.5142 0.9525
9.2884 -7.4365 -2.5151 0.9525
9.5507 -7.0995 -2.5155 0.9525
10.4734 -5.6632 -2.5168 0.9525
11.1795 -4.1081 -2.5176 0.9525
11.3203 -3.7046 -2.5178 0.9525
11.5577 -2.8835 -2.5179 0.9525
11.8513 -1.2005 -2.5179 0.9525
11.8863 -0.7745 -2.5179 0.9525
11.9101 0.0799 -2.5176 0.9525
11.8988 0.5071 -2.5175 0.9525
11.8720 0.9336 -2.5173 0.9525
11.6114 2.6212 -2.5162 0.9525
11.3904 3.4461 -2.5155 0.9525
11.2577 3.8519 -2.5151 0.9525
10.9487 4.6477 -2.5142 0.9525
10.3798 5.7938 -2.5127 0.9526
9.9332 6.5204 -2.5116 0.9526
8.8896 7.8665 -2.5092 0.9526
8.5994 8.1782 -2.5085 0.9526
7.9864 8.7690 -2.5071 0.9527
7.2637 9.2260 -2.4821 0.9531
6.2368 9.2113 -2.3514 0.9555
5.5568 9.6288 -2.3500 0.9556
5.2061 9.8189 -2.3492 0.9556
4.1170 10.3115 -2.3470 0.9556
3.3647 10.5733 -2.3454 0.9556
2.5962 10.7802 -2.3439 0.9557
2.2070 10.8628 -2.3431 0.9557
1.8152 10.9314 -2.3423 0.9557
0.2325 11.0640 -2.3392 0.9558
-0.5611 11.0450 -2.3377 0.9558
-0.9567 11.0142 -2.3369 0.9558
-1.7430 10.9103 -2.3355 0.9558
-3.2818 10.5360 -2.3326 0.9559
-4.3911 10.1137 -2.3306 0.9559
-5.1023 9.7675 -2.3294 0.9559
-7.0525 8.4294 -2.3232 0.9561
-7.3580 8.1794 -2.3256 0.9560
-7.6452 7.9085 -2.3251 0.9560
-8.1896 7.3372 -2.3243 0.9560
-9.4792 6.8089 -2.4671 0.9534
-9.9688 6.1274 -2.4734 0.9533
-10.4232 -1.5065 -2.4751 0.9576
-10.3635 -1.8797 -2.4754 0.9576
-10.2904 -2.2506 -2.4757 0.9576
-10.2043 -2.6186 -2.4759 0.9576
-10.1050 -2.9834 -2.4763 0.9576
-9.9929 -3.3445 -2.4766 0.9576
-9.7302 -4.0537 -2.4773 0.9576
-9.5801 -4.4009 -2.4778 0.9576
-8.8586 -5.7303 -2.4796 0.9576
-8.4284 -6.3535 -2.4806 0.9576
-8.1968 -6.6532 -2.4812 0.9575
-7.9546 -6.9446 -2.4817 0.9575
-7.1676 -7.7647 -2.4835 0.9575
-6.8861 -8.0189 -2.4842 0.9575
-6.5957 -8.2629 -2.4848 0.9575
-5.9894 -8.7193 -2.4861 0.9575
-5.3516 -9.1314 -2.4875 0.9574
-5.0220 -9.3201 -2.4882 0.9574
-4.6857 -9.4970 -2.4889 0.9574
-3.6413 -9.9541 -2.4911 0.9574
-2.5529 -10.2969 -2.4933 0.9573
-2.1825 -10.3849 -2.4940 0.9573
-1.4330 -10.5210 -2.4955 0.9573
-1.0550 -10.5688 -2.4963 0.9573
-0.6749 -10.5970 -2.4956 0.9573
0.0867 -10.6149 -2.4948 0.9573
0.4675 -10.6048 -2.4948 0.9573
0.8477 -10.5818 -2.4949 0.9573
1.9813 -10.4371 -2.4968 0.9573
3.0959 -10.1791 -2.5005 0.9572
3.4614 -10.0681 -2.5022 0.9572
3.8233 -9.9449 -2.5040 0.9572
4.1810 -9.8092 -2.5061 0.9571
4.8760 -9.4888 -2.5073 0.9571
5.2145 -9.3100 -2.5079 0.9571
6.7996 -8.2387 -2.5106 0.9571
7.3757 -7.7328 -2.5115 0.9570
7.6497 -7.4645 -2.5120 0.9570
7.9139 -7.1864 -2.5124 0.9570
8.1679 -6.8989 -2.5128 0.9570
8.4114 -6.6024 -2.5131 0.9570
8.8656 -5.9838 -2.5138 0.9570
9.4602 -4.9982 -2.5146 0.9570
9.6343 -4.6560 -2.5148 0.9570
9.9448 -3.9537 -2.5152 0.9570
10.0808 -3.5946 -2.5153 0.9570
10.4098 -2.4908 -2.5156 0.9570
10.7007 -0.2092 -2.5154 0.9570
10.6869 0.5586 -2.5151 0.9570
10.6592 0.9416 -2.5149 0.9570
10.6177 1.3233 -2.5147 0.9570
10.5624 1.7032 -2.5145 0.9570
10.4108 2.4558 -2.5139 0.9570
10.3147 2.8273 -2.5136 0.9570
10.2053 3.1952 -2.5133 0.9570
9.9469 3.9176 -2.5125 0.9570
9.7984 4.2713 -2.5121 0.9570
9.6372 4.6193 -2.5117 0.9570
9.4636 4.9612 -2.5113 0.9570
9.2777 5.2965 -2.5108 0.9571
8.6496 6.2589 -2.5093 0.9571
8.4177 6.5638 -2.5087 0.9571
8.1749 6.8600 -2.5081 0.9571
7.1026 7.9511 -2.5057 0.9571
6.8110 8.1987 -2.5051 0.9571
6.5108 8.4356 -2.5044 0.9572
6.2010 8.6596 -2.5032 0.9572
5.0470 8.9434 -2.4135 0.9587
4.6080 8.8969 -2.3548 0.9597
4.2729 9.0292 -2.3477 0.9598
3.9451 9.1740 -2.3470 0.9598
3.6123 9.3069 -2.3463 0.9598
3.2751 9.4278 -2.3456 0.9598
2.9339 9.5364 -2.3449 0.9598
2.5891 9.6326 -2.3442 0.9598
1.8906 9.7877 -2.3428 0.9599
1.5377 9.8462 -2.3421 0.9599
1.1831 9.8921 -2.3414 0.9599
0.4704 9.9456 -2.3401 0.9599
0.1133 9.9531 -2.3394 0.9599
-0.2438 9.9479 -2.3387 0.9599
-2.3596 9.6497 -2.3347 0.9600
-3.3801 9.3328 -2.3328 0.9600
-3.7118 9.2032 -2.3323 0.9600
-4.3600 8.9089 -2.3311 0.9601
-5.5845 8.1862 -2.3290 0.9601
-5.8734 7.9789 -2.3285 0.9601
-6.6929 7.2974 -2.3272 0.9601
-8.6156 6.0636 -2.4761 0.9576
-9.2142 5.1010 -2.4752 0.9576
-9.5546 4.4264 -2.4748 0.9577
-9.7066 4.0805 -2.4746 0.9577
-9.8461 3.7294 -2.4745 0.9577
-9.9731 3.3735 -2.4744 0.9577
-10.1886 2.6495 -2.4742 0.9577
-10.4141 1.5394 -2.4741 0.9577
-10.4980 0.7887 -2.4742 0.9577
-10.5284 0.0338 -2.4744 0.9577
-10.4731 -1.0979 -2.4749 0.9577
-10.2975 -2.2175 -2.4756 0.9576
-10.2125 -2.5858 -2.4759 0.9576
-10.1144 -2.9509 -2.4762 0.9576
-10.0034 -3.3123 -2.4766 0.9576
-9.5940 -4.3700 -2.4777 0.9576
-8.8768 -5.7017 -2.4795 0.9576
-8.6683 -6.0178 -2.4801 0.9576
-8.4486 -6.3263 -2.4806 0.9576
-7.9767 -6.9189 -2.4817 0.9575
-7.7252 -7.2023 -2.4823 0.9575
-7.4636 -7.4767 -2.4829 0.9575
-7.1923 -7.7415 -2.4835 0.9575
-6.9117 -7.9966 -2.4841 0.9575
-6.3237 -8.4760 -2.4854 0.9575
-6.0172 -8.6998 -2.4861 0.9575
-5.7027 -8.9125 -2.4867 0.9575
-5.3808 -9.1139 -2.4874 0.9574
-5.0517 -9.3037 -2.4881 0.9574
-4.7160 -9.4816 -2.4888 0.9574
-4.3741 -9.6475 -2.4895 0.9574
-4.0263 -9.8011 -2.4903 0.9574
-3.3150 -10.0705 -2.4917 0.9574
-2.9525 -10.1859 -2.4925 0.9574
-2.2158 -10.3776 -2.4940 0.9573
-1.0889 -10.5650 -2.4962 0.9573
-0.7089 -10.5950 -2.4956 0.9573
-0.3283 -10.6115 -2.4951 0.9573
0.4334 -10.6062 -2.4948 0.9573
0.8137 -10.5844 -2.4949 0.9573
1.1931 -10.5499 -2.4953 0.9573
1.5712 -10.5028 -2.4959 0.9573
2.3220 -10.3707 -2.4977 0.9573
2.6940 -10.2858 -2.4989 0.9573
3.0630 -10.1884 -2.5004 0.9572
3.4288 -10.0786 -2.5020 0.9572
3.7910 -9.9564 -2.5039 0.9572
4.8454 -9.5042 -2.5073 0.9571
5.1845 -9.3265 -2.5078 0.9571
5.5171 -9.1366 -2.5084 0.9571
5.8426 -8.9347 -2.5090 0.9571
6.4710 -8.4964 -2.5100 0.9571
6.7730 -8.2604 -2.5105 0.9571
7.3507 -7.7563 -2.5115 0.9570
7.6256 -7.4889 -2.5119 0.9570
7.8907 -7.2117 -2.5123 0.9570
8.6237 -6.3249 -2.5135 0.9570
9.2567 -5.3636 -2.5143 0.9570
9.4441 -5.0285 -2.5146 0.9570
9.6192 -4.6869 -2.5148 0.9570
9.7820 -4.3391 -2.5150 0.9570
9.9320 -3.9856 -2.5152 0.9570
10.0692 -3.6269 -2.5153 0.9570
10.1933 -3.2634 -2.5154 0.9570
10.3042 -2.8957 -2.5155 0.9570
10.4017 -2.5242 -2.5156 0.9570
10.5561 -1.7719 -2.5156 0.9570
10.6128 -1.3920 -2.5156 0.9570
10.6557 -1.0103 -2.5156 0.9570
10.7000 -0.2436 -2.5154 0.9570
10.6623 0.9074 -2.5149 0.9570
10.5001 2.0472 -2.5142 0.9570
10.4187 2.4223 -2.5140 0.9570
10.2156 3.1624 -2.5133 0.9570
9.8122 4.2398 -2.5122 0.9570
9.4796 4.9308 -2.5113 0.9570
8.4389 6.5368 -2.5088 0.9571
8.1970 6.8339 -2.5082 0.9571
7.9448 7.1219 -2.5076 0.9571
6.8375 8.1770 -2.5051 0.9571
5.9044 8.8421 -2.4988 0.9573
5.5520 8.9974 -2.4848 0.9575
5.0874 8.9478 -2.4191 0.9586
4.6459 8.9000 -2.3596 0.9596
4.3020 9.0156 -2.3477 0.9598
2.9646 9.5272 -2.3450 0.9598
2.6201 9.6245 -2.3443 0.9598
0.1452 9.9530 -2.3394 0.9599
-0.2119 9.9489 -2.3387 0.9599
-1.6310 9.8050 -2.3361 0.9600
-2.6729 9.5651 -2.3341 0.9600
-3.3502 9.3438 -2.3329 0.9600
-3.6823 9.2153 -2.3323 0.9600
-4.0096 9.0750 -2.3317 0.9601
-4.3315 8.9231 -2.3312 0.9601
-4.9579 8.5855 -2.3301 0.9601
-5.2616 8.4002 -2.3295 0.9601
-5.8479 7.9979 -2.3285 0.9601
-6.1298 7.7813 -2.3281 0.9601
-6.6695 7.3189 -2.3272 0.9601
-7.0584 7.2084 -2.3711 0.9594
-7.5035 7.1320 -2.4330 0.9584
-8.1335 6.6889 -2.4749 0.9577
-8.5962 6.0913 -2.4761 0.9576
-9.1978 5.1306 -2.4753 0.9576
-9.5404 4.4571 -2.4748 0.9577
-9.8341 3.7610 -2.4745 0.9577
-10.0776 3.0458 -2.4743 0.9577
-10.2695 2.3152 -2.4742 0.9577
-10.4090 1.5728 -2.4741 0.9577
-10.5185 0.4453 -2.4743 0.9577
-10.5244 -0.3102 -2.4746 0.9577
-10.4765 -1.0642 -2.4749 0.9577
-10.3045 -2.1844 -2.4756 0.9576
-10.1238 -2.9184 -2.4762 0.9576
-9.7558 -3.9910 -2.4773 0.9576
-9.6079 -4.3392 -2.4777 0.9576
-9.2752 -5.0187 -2.4785 0.9576
-9.0909 -5.3493 -2.4790 0.9576
-8.8949 -5.6731 -2.4795 0.9576
-8.4687 -6.2990 -2.4805 0.9576
-7.7481 -7.1773 -2.4822 0.9575
-6.9372 -7.9742 -2.4840 0.9575
-6.0449 -8.6802 -2.4860 0.9575
-5.0815 -9.2872 -2.4881 0.9574
-4.4049 -9.6332 -2.4895 0.9574
-3.7049 -9.9300 -2.4909 0.9574
-2.6188 -10.2797 -2.4931 0.9573
-1.8761 -10.4473 -2.4946 0.9573
-0.7430 -10.5929 -2.4957 0.9573
0.3994 -10.6075 -2.4948 0.9573
1.1592 -10.5535 -2.4952 0.9573
3.0301 -10.1976 -2.5002 0.9572
4.1173 -9.8345 -2.5057 0.9571
4.8148 -9.5195 -2.5072 0.9571
5.4876 -9.1540 -2.5084 0.9571
5.8138 -8.9533 -2.5089 0.9571
6.1326 -8.7408 -2.5095 0.9571
6.7464 -8.2819 -2.5105 0.9571
7.3256 -7.7798 -2.5114 0.9570
7.8674 -7.2369 -2.5123 0.9570
8.3686 -6.6561 -2.5131 0.9570
8.6032 -6.3525 -2.5134 0.9570
8.8267 -6.0405 -2.5137 0.9570
9.0389 -5.7206 -2.5140 0.9570
9.2393 -5.3932 -2.5143 0.9570
9.4278 -5.0588 -2.5146 0.9570
9.9191 -4.0174 -2.5152 0.9570
10.4788 -2.1831 -2.5156 0.9570
10.5504 -1.8058 -2.5156 0.9570
10.6524 -1.0445 -2.5156 0.9570
10.7017 0.1061 -2.5153 0.9570
10.6652 0.8732 -2.5150 0.9570
10.5733 1.6354 -2.5145 0.9570
10.5067 2.0135 -2.5143 0.9570
10.3329 2.7611 -2.5137 0.9570
10.2258 3.1296 -2.5133 0.9570
9.3119 5.2370 -2.5109 0.9571
8.6900 6.2035 -2.5093 0.9571
8.4600 6.5098 -2.5088 0.9571
8.2191 6.8077 -2.5082 0.9571
7.7062 7.3760 -2.5071 0.9571
7.1539 7.9057 -2.5058 0.9571
6.8638 8.1552 -2.5052 0.9571
6.5651 8.3940 -2.5045 0.9572
6.2581 8.6219 -2.5038 0.9572
5.9338 8.8246 -2.4993 0.9572
5.5948 9.0020 -2.4910 0.9574
5.1280 8.9521 -2.4247 0.9585
4.6846 8.9042 -2.3646 0.9595
4.3310 9.0020 -2.3478 0.9598
4.0041 9.1490 -2.3471 0.9598
2.6511 9.6163 -2.3444 0.9598
1.6010 9.8367 -2.3423 0.9599
1.2467 9.8848 -2.3416 0.9599
0.8910 9.9203 -2.3409 0.9599
0.5343 9.9429 -2.3402 0.9599
0.1772 9.9527 -2.3395 0.9599
-0.1799 9.9498 -2.3388 0.9599
-0.8925 9.9055 -2.3374 0.9600
-1.2469 9.8643 -2.3368 0.9600
-1.5996 9.8104 -2.3361 0.9600
-2.2977 9.6651 -2.3348 0.9600
-2.9832 9.4703 -2.3336 0.9600
-3.3202 9.3548 -2.3330 0.9600
-3.6528 9.2273 -2.3324 0.9600
-3.9805 9.0880 -2.3318 0.9601
-4.9304 8.6015 -2.3301 0.9601
-5.2347 8.4172 -2.3296 0.9601
-5.5321 8.2222 -2.3291 0.9601
-5.8223 8.0167 -2.3286 0.9601
-6.1049 7.8011 -2.3281 0.9601
-6.6461 7.3404 -2.3272 0.9601
-7.0197 7.2150 -2.3658 0.9595
-7.8533 6.9906 -2.4710 0.9577
-8.1109 6.7141 -2.4746 0.9577
-8.3527 6.4236 -2.4765 0.9576
-8.5767 6.1189 -2.4761 0.9576
-8.7896 5.8066 -2.4758 0.9576
-8.9913 5.4869 -2.4755 0.9576
-9.1814 5.1602 -2.4753 0.9576
-9.6803 4.1428 -2.4747 0.9577
-9.9513 3.4375 -2.4744 0.9577
-10.2621 2.3482 -2.4742 0.9577
-10.4798 -1.0306 -2.4749 0.9577
-10.4370 -1.4060 -2.4751 0.9577
-10.3808 -1.7797 -2.4753 0.9576
-10.3113 -2.1513 -2.4756 0.9576
-10.2287 -2.5201 -2.4759 0.9576
-10.1329 -2.8858 -2.4762 0.9576
-10.0242 -3.2480 -2.4765 0.9576
-9.9027 -3.6060 -2.4769 0.9576
-8.7064 -5.9618 -2.4800 0.9576
-8.4887 -6.2716 -2.4805 0.9576
-8.2600 -6.5736 -2.4810 0.9576
-8.0207 -6.8673 -2.4816 0.9575
-7.5111 -7.4282 -2.4828 0.9575
-7.2416 -7.6948 -2.4834 0.9575
-6.6745 -8.1985 -2.4846 0.9575
-6.0726 -8.6606 -2.4859 0.9575
-5.7596 -8.8753 -2.4866 0.9575
-5.4389 -9.0787 -2.4873 0.9574
-4.7766 -9.4507 -2.4887 0.9574
-3.7367 -9.9178 -2.4909 0.9574
-3.0177 -10.1662 -2.4923 0.9574
-2.6518 -10.2710 -2.4931 0.9573
-2.2822 -10.3626 -2.4938 0.9573
-1.9096 -10.4409 -2.4946 0.9573
-1.1566 -10.5573 -2.4961 0.9573
-0.3965 -10.6095 -2.4952 0.9573
0.3653 -10.6088 -2.4948 0.9573
0.7457 -10.5892 -2.4949 0.9573
1.8804 -10.4547 -2.4965 0.9573
2.2552 -10.3846 -2.4975 0.9573
2.6276 -10.3019 -2.4987 0.9573
2.9972 -10.2067 -2.5001 0.9572
3.3636 -10.0991 -2.5017 0.9572
3.7265 -9.9792 -2.5035 0.9572
4.0854 -9.8470 -2.5055 0.9571
4.4378 -9.6979 -2.5065 0.9571
4.7841 -9.5348 -2.5071 0.9571
6.1044 -8.7603 -2.5094 0.9571
6.4161 -8.5374 -2.5100 0.9571
7.0145 -8.0585 -2.5109 0.9571
7.5771 -7.5375 -2.5118 0.9570
7.8440 -7.2620 -2.5123 0.9570
8.1007 -6.9770 -2.5127 0.9570
8.5827 -6.3800 -2.5134 0.9570
9.0204 -5.7495 -2.5140 0.9570
9.4114 -5.0890 -2.5146 0.9570
9.5888 -4.7485 -2.5148 0.9570
9.7538 -4.4017 -2.5150 0.9570
10.0456 -3.6914 -2.5153 0.9570
10.1720 -3.3288 -2.5154 0.9570
10.3852 -2.5910 -2.5156 0.9570
10.5445 -1.8396 -2.5156 0.9570
10.6983 -0.3123 -2.5154 0.9570
10.6920 0.4556 -2.5151 0.9570
10.6680 0.8389 -2.5150 0.9570
10.6302 1.2210 -2.5148 0.9570
10.5133 1.9798 -2.5143 0.9570
10.3418 2.7279 -2.5137 0.9570
10.1168 3.4616 -2.5130 0.9570
9.9846 3.8218 -2.5126 0.9570
9.5114 4.8700 -2.5114 0.9570
9.3288 5.2072 -2.5109 0.9571
9.1342 5.5374 -2.5104 0.9571
8.2411 6.7814 -2.5083 0.9571
7.9907 7.0710 -2.5077 0.9571
7.4594 7.6222 -2.5065 0.9571
6.8902 8.1333 -2.5052 0.9571
6.2859 8.6019 -2.5039 0.9572
5.9631 8.8070 -2.4997 0.9572
5.6328 8.9985 -2.4950 0.9573
4.7234 8.9084 -2.3698 0.9594
4.3600 8.9883 -2.3479 0.9598
4.0336 9.1363 -2.3472 0.9598
3.0259 9.5084 -2.3451 0.9598
2.6820 9.6080 -2.3444 0.9598
2.3349 9.6952 -2.3437 0.9599
1.6326 9.8318 -2.3423 0.9599
1.2785 9.8811 -2.3416 0.9599
0.9229 9.9176 -2.3409 0.9599
-0.5048 9.9359 -2.3382 0.9599
-1.2153 9.8685 -2.3368 0.9600
-1.5681 9.8157 -2.3362 0.9600
-1.9187 9.7504 -2.3355 0.9600
-2.2667 9.6726 -2.3349 0.9600
-3.6232 9.2392 -2.3324 0.9600
-3.9514 9.1009 -2.3318 0.9601
-4.2743 8.9511 -2.3313 0.9601
-4.5916 8.7899 -2.3307 0.9601
-4.9029 8.6175 -2.3302 0.9601
-6.3554 7.5962 -2.3277 0.9601
-6.9811 7.2216 -2.3606 0.9596
-7.4222 7.1460 -2.4215 0.9585
-7.8298 7.0149 -2.4707 0.9577
-8.0882 6.7392 -2.4743 0.9577
-8.7710 5.8348 -2.4759 0.9576
-8.9737 5.5157 -2.4756 0.9576
-9.5640 0.0000 -2.4763 0.9613
-9.4681 -1.3685 -2.4769 0.9612
-9.1787 -2.7099 -2.4780 0.9612
-8.2256 -4.9115 -2.4805 0.9612
-8.0456 -5.2044 -2.4810 0.9612
-7.6545 -5.7701 -2.4819 0.9612
-6.9946 -6.5633 -2.4835 0.9611
-6.7561 -6.8115 -2.4840 0.9611
-6.2531 -7.2817 -2.4851 0.9611
-5.7175 -7.7150 -2.4863 0.9611
-4.8590 -8.2909 -2.4882 0.9611
-4.5596 -8.4620 -2.4888 0.9611
-4.2542 -8.6224 -2.4894 0.9611
-3.9431 -8.7717 -2.4901 0.9610
-3.6268 -8.9099 -2.4907 0.9610
-3.3057 -9.0367 -2.4914 0.9610
-2.9801 -9.1519 -2.4921 0.9610
-2.3174 -9.3471 -2.4934 0.9610
-1.9811 -9.4268 -2.4941 0.9610
-1.6421 -9.4944 -2.4948 0.9610
-0.6129 -9.6236 -2.4968 0.9609
-0.2673 -9.6420 -2.4975 0.9609
0.0788 -9.6480 -2.4981 0.9609
0.4250 -9.6415 -2.4988 0.9609
1.1159 -9.5913 -2.5001 0.9609
1.8017 -9.4914 -2.5014 0.9609
2.1417 -9.4231 -2.5020 0.9609
2.4790 -9.3425 -2.5026 0.9608
2.8133 -9.2498 -2.5033 0.9608
3.4710 -9.0285 -2.5044 0.9608
3.7935 -8.9002 -2.5050 0.9608
4.4240 -8.6091 -2.5061 0.9608
5.0321 -8.2732 -2.5072 0.9608
5.3267 -8.0890 -2.5077 0.9608
5.6146 -7.8942 -2.5082 0.9608
5.8953 -7.6891 -2.5087 0.9608
6.4338 -7.2491 -2.5095 0.9607
6.6908 -7.0148 -2.5100 0.9607
6.9393 -6.7713 -2.5104 0.9607
7.4092 -6.2581 -2.5111 0.9607
7.8409 -5.7121 -2.5117 0.9607
8.4119 -4.8381 -2.5125 0.9607
8.5809 -4.5336 -2.5128 0.9607
9.0202 -3.5861 -2.5133 0.9607
9.2550 -2.9303 -2.5135 0.9607
9.3545 -2.5964 -2.5136 0.9607
9.4418 -2.2592 -2.5137 0.9607
9.5169 -1.9190 -2.5137 0.9607
9.6299 -1.2316 -2.5137 0.9607
9.6678 -0.8853 -2.5136 0.9607
9.6930 -0.5379 -2.5136 0.9607
9.6933 0.5067 -2.5132 0.9607
9.6307 1.2003 -2.5129 0.9607
9.4433 2.2275 -2.5121 0.9607
9.1460 3.2281 -2.5112 0.9607
8.8884 3.8746 -2.5105 0.9607
8.7423 4.1903 -2.5101 0.9607
8.5850 4.5006 -2.5097 0.9607
8.4165 4.8049 -2.5093 0.9607
8.2373 5.1028 -2.5088 0.9608
8.0474 5.3941 -2.5084 0.9608
7.8472 5.6782 -2.5079 0.9608
7.6369 5.9549 -2.5074 0.9608
7.4168 6.2238 -2.5069 0.9608
6.9484 6.7368 -2.5058 0.9608
6.7007 6.9802 -2.5053 0.9608
6.4445 7.2144 -2.5047 0.9608
6.1801 7.4393 -2.5041 0.9608
5.9078 7.6544 -2.5035 0.9608
5.3411 8.0544 -2.5023 0.9609
5.0474 8.2387 -2.5016 0.9609
4.7473 8.4124 -2.5010 0.9609
4.4362 8.5652 -2.4975 0.9609
2.6629 8.6555 -2.3447 0.9633
1.7161 8.8843 -2.3428 0.9633
1.3958 8.9377 -2.3422 0.9633
0.7509 9.0099 -2.3409 0.9633
0.4271 9.0286 -2.3403 0.9633
0.1028 9.0357 -2.3397 0.9634
-0.5451 9.0150 -2.3384 0.9634
-1.8272 8.8352 -2.3360 0.9634
-2.1425 8.7618 -2.3354 0.9634
-2.7639 8.5814 -2.3343 0.9634
-3.0693 8.4748 -2.3337 0.9634
-4.2462 7.9414 -2.3317 0.9635
-5.1173 7.5012 -2.3511 0.9632
-5.4763 7.4394 -2.3918 0.9626
-5.8486 7.3754 -2.4372 0.9619
-6.2005 7.2676 -2.4735 0.9613
-6.7203 6.8191 -2.4789 0.9612
-6.9612 6.5741 -2.4791 0.9612
-7.1915 6.3192 -2.4787 0.9612
-7.6241 5.7857 -2.4781 0.9612
-7.8259 5.5078 -2.4778 0.9612
-8.0176 5.2229 -2.4775 0.9612
-8.1990 4.9314 -2.4773 0.9612
-8.3698 4.6336 -2.4770 0.9612
-8.6792 4.0209 -2.4766 0.9612
-9.1633 2.7374 -2.4761 0.9613
-9.2554 2.4068 -2.4761 0.9613
-9.3356 2.0732 -2.4760 0.9613
-9.4602 1.3984 -2.4760 0.9613
-9.5044 1.0581 -2.4761 0.9613
-9.5639 0.0307 -2.4763 0.9613
-9.5594 -0.3124 -2.4764 0.9613
-9.5426 -0.6553 -2.4766 0.9612
-9.4724 -1.3381 -2.4769 0.9612
-9.4191 -1.6772 -2.4771 0.9612
-9.2765 -2.3488 -2.4776 0.9612
-9.1873 -2.6804 -2.4779 0.9612
-9.0863 -3.0087 -2.4782 0.9612
-8.9737 -3.3332 -2.4786 0.9612
-8.8496 -3.6535 -2.4789 0.9612
-8.7141 -3.9692 -2.4793 0.9612
-8.5674 -4.2800 -2.4797 0.9612
-8.2412 -4.8850 -2.4805 0.9612
-8.0621 -5.1784 -2.4809 0.9612
-7.6729 -5.7454 -2.4819 0.9612
-7.4633 -6.0182 -2.4824 0.9612
-7.2441 -6.2834 -2.4829 0.9612
-7.0155 -6.5406 -2.4834 0.9611
-6.7778 -6.7896 -2.4840 0.9611
-6.2763 -7.2615 -2.4851 0.9611
-4.8855 -8.2750 -2.4881 0.9611
-4.5867 -8.4471 -2.4887 0.9611
-4.2817 -8.6085 -2.4894 0.9611
-3.9712 -8.7588 -2.4900 0.9610
-3.3346 -9.0258 -2.4913 0.9610
-3.0094 -9.1421 -2.4920 0.9610
-2.3474 -9.3394 -2.4933 0.9610
-2.0113 -9.4201 -2.4940 0.9610
-1.3314 -9.5453 -2.4954 0.9610
-0.2983 -9.6409 -2.4974 0.9609
0.3941 -9.6426 -2.4987 0.9609
1.7712 -9.4969 -2.5013 0.9609
2.1113 -9.4297 -2.5020 0.9609
3.1146 -9.1549 -2.5038 0.9608
3.4419 -9.0394 -2.5044 0.9608
5.0054 -8.2892 -2.5072 0.9608
6.9174 -6.7935 -2.5103 0.9607
7.1578 -6.5419 -2.5107 0.9607
7.8224 -5.7372 -2.5117 0.9607
8.2155 -5.1627 -2.5123 0.9607
8.3963 -4.8650 -2.5125 0.9607
8.5662 -4.5611 -2.5127 0.9607
8.7250 -4.2512 -2.5129 0.9607
8.8725 -3.9357 -2.5131 0.9607
9.1330 -3.2897 -2.5134 0.9607
9.2455 -2.9600 -2.5135 0.9607
9.4345 -2.2895 -2.5137 0.9607
9.5107 -1.9496 -2.5137 0.9607
9.6259 -1.2625 -2.5137 0.9607
9.6950 0.4756 -2.5132 0.9607
9.6710 0.8230 -2.5131 0.9607
9.6346 1.1694 -2.5129 0.9607
9.4505 2.1972 -2.5122 0.9607
9.2665 2.8686 -2.5116 0.9607
8.5995 4.4730 -2.5098 0.9607
8.4320 4.7779 -2.5093 0.9607
8.0648 5.3683 -2.5084 0.9608
6.4678 7.1938 -2.5047 0.9608
5.9325 7.6355 -2.5036 0.9608
5.0739 8.2227 -2.5017 0.9609
4.7744 8.3973 -2.5011 0.9609
4.4643 8.5521 -2.4978 0.9609
3.4184 8.7241 -2.4260 0.9620
2.3781 8.7357 -2.3441 0.9633
1.7446 8.8789 -2.3429 0.9633
1.1028 8.9763 -2.3416 0.9633
-0.8391 8.9903 -2.3379 0.9634
-1.1608 8.9521 -2.3373 0.9634
-1.4809 8.9024 -2.3367 0.9634
-2.4270 8.6852 -2.3349 0.9634
-2.7364 8.5905 -2.3343 0.9634
-3.3438 8.3682 -2.3332 0.9634
-3.6411 8.2410 -2.3327 0.9635
-4.5026 7.7970 -2.3312 0.9635
-5.0859 7.5068 -2.3477 0.9632
-6.4408 7.0679 -2.4759 0.9613
-6.6977 6.8399 -2.4786 0.9612
-7.1713 6.3423 -2.4788 0.9612
-7.3932 6.0801 -2.4784 0.9612
-7.6056 5.8102 -2.4781 0.9612
-7.8082 5.5330 -2.4778 0.9612
-8.3550 4.6605 -2.4770 0.9612
-9.0496 3.0936 -2.4762 0.9613
-9.1545 2.7668 -2.4761 0.9613
-9.3983 1.7671 -2.4760 0.9613
-9.4556 1.4288 -2.4760 0.9613
-9.5340 0.7470 -2.4761 0.9613
-9.5550 0.4045 -2.4762 0.9613
-9.4766 -1.3076 -2.4769 0.9612
-9.4244 -1.6469 -2.4771 0.9612
-9.3601 -1.9842 -2.4774 0.9612
-9.2839 -2.3190 -2.4776 0.9612
-9.1958 -2.6509 -2.4779 0.9612
-9.0958 -2.9794 -2.4782 0.9612
-8.7267 -3.9412 -2.4792 0.9612
-8.2567 -4.8584 -2.4805 0.9612
-8.0786 -5.1524 -2.4809 0.9612
-7.8900 -5.4400 -2.4814 0.9612
-7.4825 -5.9941 -2.4823 0.9612
-7.0363 -6.5179 -2.4834 0.9611
-6.7994 -6.7677 -2.4839 0.9611
-6.5537 -7.0088 -2.4845 0.9611
-6.2994 -7.2411 -2.4850 0.9611
-6.0370 -7.4642 -2.4856 0.9611
-5.7667 -7.6778 -2.4862 0.9611
-5.2038 -8.0755 -2.4874 0.9611
-4.9120 -8.2591 -2.4880 0.9611
-3.9992 -8.7458 -2.4900 0.9610
-3.6838 -8.8860 -2.4906 0.9610
-3.3635 -9.0149 -2.4913 0.9610
-2.3773 -9.3316 -2.4933 0.9610
-2.0415 -9.4134 -2.4940 0.9610
0.3631 -9.6436 -2.4987 0.9609
0.7090 -9.6269 -2.4993 0.9609
1.0542 -9.5978 -2.5000 0.9609
1.3983 -9.5562 -2.5006 0.9609
1.7407 -9.5024 -2.5013 0.9609
3.7361 -8.9240 -2.5049 0.9608
4.0548 -8.7862 -2.5055 0.9608
4.3684 -8.6370 -2.5060 0.9608
5.2745 -8.1227 -2.5076 0.9608
5.5636 -7.9298 -2.5081 0.9608
5.8456 -7.7266 -2.5086 0.9608
6.1202 -7.5132 -2.5090 0.9608
6.6455 -7.0574 -2.5099 0.9607
7.3686 -6.3054 -2.5110 0.9607
8.0065 -5.4792 -2.5120 0.9607
8.3806 -4.8920 -2.5125 0.9607
8.7113 -4.2791 -2.5129 0.9607
9.2359 -2.9896 -2.5135 0.9607
9.6218 -1.2934 -2.5137 0.9607
9.6894 -0.6001 -2.5136 0.9607
9.7044 -0.2521 -2.5135 0.9607
9.7067 0.0963 -2.5134 0.9607
9.6383 1.1385 -2.5129 0.9607
9.5905 1.4834 -2.5127 0.9607
9.3727 2.5045 -2.5119 0.9607
9.1667 3.1694 -2.5113 0.9607
8.7693 4.1342 -2.5102 0.9607
8.6139 4.4455 -2.5098 0.9607
8.2701 5.0500 -2.5089 0.9608
7.8837 5.6279 -2.5080 0.9608
7.6752 5.9060 -2.5075 0.9608
7.2290 6.4385 -2.5065 0.9608
6.9918 6.6923 -2.5059 0.9608
5.3929 8.0202 -2.5024 0.9609
5.1004 8.2065 -2.5018 0.9609
4.4924 8.5388 -2.4982 0.9609
3.8384 8.7702 -2.4787 0.9612
3.0799 8.6853 -2.3860 0.9626
2.7214 8.6475 -2.3473 0.9632
2.4062 8.7282 -2.3442 0.9633
1.7732 8.8735 -2.3429 0.9633
1.4533 8.9290 -2.3423 0.9633
1.1317 8.9729 -2.3417 0.9633
0.4851 9.0261 -2.3404 0.9633
-0.1634 9.0328 -2.3391 0.9634
-1.1321 8.9559 -2.3373 0.9634
-2.0863 8.7758 -2.3355 0.9634
-2.3992 8.6931 -2.3350 0.9634
-3.0149 8.4946 -2.3338 0.9634
-3.3170 8.3791 -2.3333 0.9634
-3.9076 8.1160 -2.3322 0.9635
-4.1953 7.9688 -2.3317 0.9635
-4.4776 7.8115 -2.3312 0.9635
-5.0545 7.5124 -2.3444 0.9633
-5.7809 7.3871 -2.4287 0.9620
-6.6750 6.8607 -2.4784 0.9612
-6.9190 6.6188 -2.4792 0.9612
-7.3737 6.1039 -2.4785 0.9612
-7.5870 5.8347 -2.4781 0.9612
-7.9840 5.2744 -2.4776 0.9612
-8.1673 4.9840 -2.4773 0.9612
-8.6533 4.0766 -2.4767 0.9612
-9.0397 3.1226 -2.4762 0.9613
-9.2397 2.4662 -2.4761 0.9613
-9.3221 2.1331 -2.4760 0.9613
-9.4510 1.4591 -2.4760 0.9613
-9.5316 0.7776 -2.4761 0.9613
-9.5536 0.4352 -2.4762 0.9613
-9.5635 0.0921 -2.4763 0.9613
-9.5465 -0.5940 -2.4765 0.9612
-9.5197 -0.9361 -2.4767 0.9612
-9.4807 -1.2772 -2.4769 0.9612
-9.3664 -1.9541 -2.4773 0.9612
-9.2041 -2.6213 -2.4779 0.9612
-8.7392 -3.9131 -2.4792 0.9612
-8.5945 -4.2248 -2.4796 0.9612
-8.4388 -4.5311 -2.4800 0.9612
-7.7094 -5.6958 -2.4818 0.9612
-7.5015 -5.9699 -2.4823 0.9612
-7.2840 -6.2365 -2.4828 0.9612
-6.8210 -6.7457 -2.4839 0.9611
-6.5760 -6.9876 -2.4844 0.9611
-6.3225 -7.2207 -2.4850 0.9611
-5.5140 -7.8639 -2.4868 0.9611
-4.6406 -8.4171 -2.4886 0.9611
-4.3367 -8.5804 -2.4893 0.9611
-4.0271 -8.7327 -2.4899 0.9610
-3.7122 -8.8739 -2.4906 0.9610
-0.7055 -9.6166 -2.4966 0.9609
-0.3602 -9.6383 -2.4973 0.9609
-0.0141 -9.6476 -2.4979 0.9609
1.7101 -9.5077 -2.5012 0.9609
2.0507 -9.4426 -2.5019 0.9609
3.0556 -9.1744 -2.5037 0.9608
3.3836 -9.0610 -2.5043 0.9608
4.0265 -8.7990 -2.5054 0.9608
5.5380 -7.9475 -2.5081 0.9608
5.8207 -7.7452 -2.5085 0.9608
6.0959 -7.5327 -2.5090 0.9608
6.3634 -7.3104 -2.5094 0.9607
6.6227 -7.0786 -2.5099 0.9607
6.8735 -6.8375 -2.5103 0.9607
7.1154 -6.5875 -2.5106 0.9607
7.3483 -6.3289 -2.5110 0.9607
7.5716 -6.0620 -2.5113 0.9607
7.7852 -5.7872 -2.5117 0.9607
7.9888 -5.5048 -2.5120 0.9607
8.8470 -3.9925 -2.5131 0.9607
8.9851 -3.6728 -2.5133 0.9607
9.1116 -3.3482 -2.5134 0.9607
9.2262 -3.0193 -2.5135 0.9607
9.3289 -2.6864 -2.5136 0.9607
9.6176 -1.3243 -2.5137 0.9607
9.7035 -0.2832 -2.5135 0.9607
9.7070 0.0651 -2.5134 0.9607
9.6420 1.1075 -2.5129 0.9607
9.5953 1.4526 -2.5127 0.9607
9.4646 2.1365 -2.5122 0.9607
9.1770 3.1400 -2.5113 0.9607
8.7827 4.1061 -2.5102 0.9607
8.4628 4.7238 -2.5094 0.9607
8.2864 5.0235 -2.5090 0.9608
7.6943 5.8814 -2.5075 0.9608
7.2497 6.4154 -2.5065 0.9608
6.7681 6.9157 -2.5054 0.9608
6.5141 7.1525 -2.5048 0.9608
5.9816 7.5976 -2.5037 0.9608
5.7038 7.8054 -2.5031 0.9608
5.4188 8.0031 -2.5024 0.9609
5.1269 8.1903 -2.5018 0.9609
4.5204 8.5256 -2.4985 0.9609
4.2052 8.6691 -2.4947 0.9610
3.8737 8.7741 -2.4833 0.9611
2.4343 8.7207 -2.3443 0.9633
1.1605 8.9695 -2.3417 0.9633
0.8377 9.0029 -2.3411 0.9633
-0.4583 9.0205 -2.3386 0.9634
-0.7814 8.9959 -2.3380 0.9634
-1.1034 8.9597 -2.3374 0.9634
-2.0581 8.7826 -2.3356 0.9634
-2.6813 8.6082 -2.3344 0.9634
-2.9877 8.5045 -2.3339 0.9634
-3.2901 8.3898 -2.3333 0.9634
-3.5882 8.2645 -2.3328 0.9635
-3.8816 8.1286 -2.3323 0.9635
-4.1698 7.9824 -2.3318 0.9635
-5.0232 7.5179 -2.3411 0.9633
-5.3786 7.4561 -2.3804 0.9627
-6.3940 7.1078 -2.4754 0.9613
-6.6523 6.8814 -2.4781 0.9612
-6.8978 6.6411 -2.4792 0.9612
-7.3542 6.1276 -2.4785 0.9612
-7.9671 5.3000 -2.4776 0.9612
-8.1513 5.0103 -2.4773 0.9612
-8.7528 0.0000 -2.4779 0.9643
-8.7476 -0.3140 -2.4780 0.9643
-8.7312 -0.6277 -2.4781 0.9643
-8.7036 -0.9406 -2.4783 0.9643
-8.5542 -1.8708 -2.4789 0.9643
-8.4824 -2.1767 -2.4791 0.9642
-8.3997 -2.4799 -2.4794 0.9642
-8.3063 -2.7800 -2.4797 0.9642
-8.0876 -3.3693 -2.4803 0.9642
-7.5268 -4.4943 -2.4817 0.9642
-7.1876 -5.0241 -2.4826 0.9642
-6.8113 -5.5286 -2.4835 0.9642
-6.1814 -6.2321 -2.4849 0.9642
-5.9550 -6.4512 -2.4854 0.9642
-5.4794 -6.8645 -2.4865 0.9641
-4.7133 -7.4185 -2.4881 0.9641
-4.4451 -7.5846 -2.4887 0.9641
-3.8916 -7.8875 -2.4899 0.9641
-2.7259 -8.3711 -2.4923 0.9641
-2.4244 -8.4656 -2.4929 0.9641
-2.1196 -8.5493 -2.4935 0.9640
-1.1896 -8.7340 -2.4954 0.9640
-0.8757 -8.7732 -2.4960 0.9640
-0.2445 -8.8178 -2.4972 0.9640
0.0721 -8.8231 -2.4978 0.9640
0.3887 -8.8169 -2.4984 0.9640
0.7049 -8.7994 -2.4990 0.9640
1.0204 -8.7706 -2.4996 0.9640
1.3348 -8.7304 -2.5002 0.9640
1.6475 -8.6789 -2.5008 0.9639
2.2667 -8.5423 -2.5020 0.9639
2.8747 -8.3615 -2.5031 0.9639
3.1735 -8.2548 -2.5036 0.9639
4.0446 -7.8709 -2.5052 0.9639
4.3252 -7.7222 -2.5056 0.9639
4.6004 -7.5635 -2.5061 0.9639
5.1328 -7.2167 -2.5070 0.9639
5.8814 -6.6267 -2.5083 0.9638
6.3433 -6.1897 -2.5090 0.9638
6.7727 -5.7204 -2.5097 0.9638
7.1671 -5.2213 -2.5103 0.9638
7.5246 -4.6949 -2.5108 0.9638
7.8432 -4.1439 -2.5112 0.9638
7.9874 -3.8601 -2.5114 0.9638
8.1213 -3.5713 -2.5116 0.9638
8.2447 -3.2778 -2.5117 0.9638
8.4592 -2.6783 -2.5119 0.9638
8.5501 -2.3732 -2.5120 0.9638
8.6299 -2.0649 -2.5120 0.9638
8.6985 -1.7540 -2.5121 0.9638
8.8364 -0.8092 -2.5120 0.9638
8.8596 -0.4916 -2.5119 0.9638
8.8713 0.1450 -2.5117 0.9638
8.8371 0.7806 -2.5115 0.9638
8.8028 1.0971 -2.5113 0.9638
8.7000 1.7253 -2.5109 0.9638
8.5522 2.3442 -2.5104 0.9638
8.4617 2.6493 -2.5101 0.9638
8.3602 2.9508 -2.5098 0.9638
8.2479 3.2484 -2.5095 0.9638
8.1250 3.5418 -2.5092 0.9638
7.9915 3.8305 -2.5088 0.9638
7.5302 4.6648 -2.5076 0.9638
7.3567 4.9311 -2.5072 0.9639
7.1738 5.1910 -2.5068 0.9639
6.9817 5.4441 -2.5063 0.9639
5.4017 6.9986 -2.5027 0.9639
5.1460 7.1863 -2.5022 0.9639
3.4869 8.1084 -2.4987 0.9640
3.1929 8.2263 -2.4981 0.9640
2.8923 8.3257 -2.4951 0.9640
2.5888 8.4147 -2.4923 0.9641
2.2828 8.4931 -2.4897 0.9641
1.9642 8.5156 -2.4740 0.9643
0.0942 8.2793 -2.3440 0.9662
-0.2025 8.2610 -2.3393 0.9662
-0.4986 8.2464 -2.3388 0.9662
-0.7940 8.2212 -2.3382 0.9662
-1.0882 8.1855 -2.3377 0.9663
-1.3808 8.1393 -2.3371 0.9663
-1.6716 8.0827 -2.3366 0.9663
-2.2463 7.9400 -2.3360 0.9663
-3.7636 7.6902 -2.4238 0.9650
-4.9362 7.2358 -2.4797 0.9642
-5.4473 6.8694 -2.4819 0.9642
-5.6893 6.6685 -2.4815 0.9642
-5.9240 6.4591 -2.4811 0.9642
-6.7834 5.5422 -2.4798 0.9642
-7.1617 5.0404 -2.4792 0.9642
-7.3372 4.7797 -2.4790 0.9643
-7.8063 3.9627 -2.4783 0.9643
-7.9429 3.6798 -2.4782 0.9643
-8.0694 3.3922 -2.4780 0.9643
-8.1855 3.1004 -2.4779 0.9643
-8.3861 2.5052 -2.4777 0.9643
-8.4704 2.2027 -2.4777 0.9643
-8.6063 1.5896 -2.4776 0.9643
-8.6983 0.9683 -2.4776 0.9643
-8.7276 0.6556 -2.4777 0.9643
-8.7527 0.0281 -2.4778 0.9643
-8.7331 -0.5997 -2.4781 0.9643
-8.7065 -0.9127 -2.4783 0.9643
-8.6688 -1.2245 -2.4784 0.9643
-8.6200 -1.5349 -2.4786 0.9643
-8.4893 -2.1495 -2.4791 0.9642
-8.4076 -2.4529 -2.4794 0.9642
-7.5411 -4.4700 -2.4817 0.9642
-7.0207 -5.2571 -2.4830 0.9642
-5.9756 -6.4319 -2.4854 0.9642
-5.7422 -6.6435 -2.4859 0.9642
-5.2533 -7.0413 -2.4870 0.9641
-4.9984 -7.2268 -2.4875 0.9641
-4.7370 -7.4032 -2.4881 0.9641
-4.4693 -7.5701 -2.4887 0.9641
-4.1958 -7.7274 -2.4892 0.9641
-3.0502 -8.2560 -2.4916 0.9641
-2.7527 -8.3622 -2.4922 0.9641
-2.1470 -8.5422 -2.4935 0.9640
-1.8396 -8.6159 -2.4941 0.9640
-0.9039 -8.7702 -2.4959 0.9640
-0.5888 -8.7992 -2.4966 0.9640
0.0437 -8.8231 -2.4978 0.9640
0.3604 -8.8179 -2.4984 0.9640
1.6196 -8.6840 -2.5008 0.9639
2.2392 -8.5494 -2.5019 0.9639
3.1469 -8.2648 -2.5036 0.9639
4.5760 -7.5781 -2.5061 0.9639
5.1095 -7.2331 -2.5070 0.9639
6.0956 -6.4319 -2.5086 0.9638
6.3233 -6.2100 -2.5090 0.9638
6.5430 -5.9800 -2.5093 0.9638
6.7542 -5.7421 -2.5097 0.9638
7.1502 -5.2442 -2.5103 0.9638
7.5094 -4.7189 -2.5108 0.9638
7.6746 -4.4469 -2.5110 0.9638
7.9750 -3.8857 -2.5114 0.9638
8.1098 -3.5973 -2.5115 0.9638
8.4505 -2.7055 -2.5119 0.9638
8.6232 -2.0926 -2.5120 0.9638
8.8580 -0.5201 -2.5119 0.9638
8.8706 -0.2019 -2.5119 0.9638
8.8063 1.0689 -2.5113 0.9638
8.6383 2.0084 -2.5107 0.9638
8.5598 2.3168 -2.5104 0.9638
8.3697 2.9240 -2.5098 0.9638
8.2584 3.2220 -2.5095 0.9638
8.1364 3.5157 -2.5092 0.9638
7.7081 4.3677 -2.5081 0.9638
7.1906 5.1680 -2.5068 0.9639
6.9992 5.4217 -2.5064 0.9639
6.5899 5.9074 -2.5054 0.9639
5.6724 6.7837 -2.5033 0.9639
5.4242 6.9814 -2.5028 0.9639
4.6395 7.5187 -2.5011 0.9639
4.0865 7.8284 -2.4999 0.9640
3.2194 8.2162 -2.4981 0.9640
2.6161 8.4071 -2.4926 0.9641
1.6662 8.4798 -2.4465 0.9647
1.3460 8.4408 -2.4197 0.9651
1.0323 8.4020 -2.3964 0.9654
0.7240 8.3622 -2.3761 0.9657
0.1209 8.2823 -2.3449 0.9662
-0.1760 8.2618 -2.3394 0.9662
-0.4721 8.2482 -2.3388 0.9662
-1.3547 8.1439 -2.3372 0.9663
-1.6456 8.0881 -2.3366 0.9663
-1.9343 8.0221 -2.3361 0.9663
-2.5140 7.8923 -2.3449 0.9662
-2.8127 7.8448 -2.3592 0.9659
-3.1152 7.7962 -2.3767 0.9657
-3.4225 7.7462 -2.3974 0.9654
-3.7353 7.6949 -2.4215 0.9651
-4.3744 7.5751 -2.4763 0.9643
-4.9126 7.2511 -2.4795 0.9642
-5.1735 7.0755 -2.4813 0.9642
-5.4253 6.8870 -2.4819 0.9642
-5.9033 6.4781 -2.4812 0.9642
-6.1310 6.2613 -2.4808 0.9642
-6.3508 6.0364 -2.4804 0.9642
-6.7656 5.5640 -2.4798 0.9642
-7.3219 4.8033 -2.4790 0.9643
-7.4888 4.5371 -2.4788 0.9643
-7.6461 4.2651 -2.4785 0.9643
-7.9311 3.7053 -2.4782 0.9643
-8.1755 3.1267 -2.4779 0.9643
-8.2821 2.8312 -2.4778 0.9643
-8.3780 2.5322 -2.4777 0.9643
-8.4633 2.2299 -2.4777 0.9643
-8.5377 1.9248 -2.4776 0.9643
-8.6012 1.6172 -2.4776 0.9643
-8.6537 1.3076 -2.4776 0.9643
-8.6951 0.9963 -2.4776 0.9643
-8.7254 0.6837 -2.4777 0.9643
-8.7526 0.0562 -2.4778 0.9643
-8.7493 -0.2579 -2.4780 0.9643
-8.7349 -0.5716 -2.4781 0.9643
-8.6726 -1.1967 -2.4784 0.9643
-8.6248 -1.5072 -2.4786 0.9643
-8.2216 -3.0238 -2.4799 0.9642
-7.8523 -3.8913 -2.4809 0.9642
-7.7088 -4.1711 -2.4813 0.9642
-7.2195 -4.9777 -2.4825 0.9642
-7.0375 -5.2344 -2.4829 0.9642
-6.6465 -5.7277 -2.4838 0.9642
-5.9961 -6.4125 -2.4853 0.9642
-5.2758 -7.0242 -2.4869 0.9641
-5.0215 -7.2106 -2.4875 0.9641
-4.4935 -7.5555 -2.4886 0.9641
-3.9420 -7.8620 -2.4898 0.9641
-3.3697 -8.1283 -2.4910 0.9641
-2.4786 -8.4495 -2.4928 0.9641
-2.1744 -8.5351 -2.4934 0.9640
-0.9320 -8.7671 -2.4959 0.9640
-0.6170 -8.7970 -2.4965 0.9640
0.3320 -8.8189 -2.4983 0.9640
0.6484 -8.8034 -2.4989 0.9640
0.9640 -8.7766 -2.4995 0.9640
3.1203 -8.2747 -2.5035 0.9639
5.0861 -7.2493 -2.5070 0.9639
5.5948 -6.8682 -2.5078 0.9638
6.3033 -6.2302 -2.5090 0.9638
6.5236 -6.0009 -2.5093 0.9638
7.1333 -5.2671 -2.5102 0.9638
8.2234 -3.3306 -2.5117 0.9638
8.3380 -3.0336 -2.5118 0.9638
8.4418 -2.7326 -2.5119 0.9638
8.5346 -2.4280 -2.5120 0.9638
8.6164 -2.1203 -2.5120 0.9638
8.6871 -1.8098 -2.5121 0.9638
8.7464 -1.4970 -2.5121 0.9638
8.7945 -1.1822 -2.5120 0.9638
8.8311 -0.8659 -2.5120 0.9638
8.8721 0.0880 -2.5118 0.9638
8.8420 0.7239 -2.5115 0.9638
8.8098 1.0406 -2.5113 0.9638
8.7111 1.6694 -2.5109 0.9638
8.6448 1.9807 -2.5107 0.9638
8.3792 2.8971 -2.5099 0.9638
8.2688 3.1955 -2.5096 0.9638
8.1477 3.4896 -2.5092 0.9638
8.0162 3.7792 -2.5089 0.9638
7.0167 5.3993 -2.5064 0.9639
5.6943 6.7656 -2.5034 0.9639
5.4467 6.9640 -2.5028 0.9639
5.1922 7.1534 -2.5023 0.9639
4.9311 7.3334 -2.5017 0.9639
4.6637 7.5039 -2.5012 0.9639
4.3905 7.6646 -2.5006 0.9639
3.8278 7.9560 -2.4994 0.9640
3.2458 8.2060 -2.4982 0.9640
2.9463 8.3087 -2.4956 0.9640
2.3378 8.4799 -2.4901 0.9641
1.3744 8.4443 -2.4220 0.9651
0.7514 8.3659 -2.3778 0.9657
0.4474 8.3249 -2.3601 0.9659
-0.1494 8.2625 -2.3394 0.9662
-0.4457 8.2498 -2.3389 0.9662
-1.0356 8.1927 -2.3377 0.9663
-1.3286 8.1484 -2.3372 0.9663
-1.9086 8.0284 -2.3361 0.9663
-2.1949 7.9530 -2.3356 0.9663
-3.3948 7.7508 -2.3954 0.9654
-3.7071 7.6995 -2.4192 0.9651
-4.6221 7.4322 -2.4777 0.9643
-4.8890 7.2664 -2.4793 0.9642
-5.6466 6.7051 -2.4816 0.9642
-6.7478 5.5858 -2.4798 0.9642
-7.1293 5.0864 -2.4793 0.9642
-7.9193 3.7307 -2.4782 0.9643
-8.0475 3.4440 -2.4781 0.9643
-8.2730 2.8578 -2.4778 0.9643
-8.3699 2.5590 -2.4777 0.9643
-8.5315 1.9522 -2.4776 0.9643
-8.5960 1.6448 -2.4776 0.9643
-8.7232 0.7117 -2.4777 0.9643
-8.7433 0.3983 -2.4777 0.9643
-8.5716 -1.7883 -2.4788 0.9643
-8.5027 -2.0949 -2.4790 0.9643
-7.7220 -4.1463 -2.4812 0.9642
-6.8639 -5.4625 -2.4833 0.9642
-6.0166 -6.3931 -2.4853 0.9642
-5.5450 -6.8110 -2.4863 0.9641
-5.2982 -7.0071 -2.4869 0.9641
-5.0445 -7.1943 -2.4874 0.9641
-4.7842 -7.3723 -2.4880 0.9641
-4.5177 -7.5409 -2.4886 0.9641
-4.2452 -7.6999 -2.4891 0.9641
-3.6838 -7.9883 -2.4903 0.9641
-2.5057 -8.4413 -2.4927 0.9641
-2.2017 -8.5279 -2.4934 0.9640
-1.8948 -8.6035 -2.4940 0.9640
-0.3294 -8.8145 -2.4971 0.9640
0.6201 -8.8053 -2.4989 0.9640
0.9358 -8.7794 -2.4995 0.9640
1.2505 -8.7423 -2.5001 0.9640
1.8751 -8.6341 -2.5012 0.9639
2.1841 -8.5633 -2.5018 0.9639
2.4905 -8.4813 -2.5024 0.9639
3.0937 -8.2845 -2.5035 0.9639
3.6813 -8.0447 -2.5045 0.9639
4.7980 -7.4411 -2.5065 0.9639
5.3211 -7.0804 -2.5073 0.9638
5.5726 -6.8861 -2.5078 0.9638
6.0540 -6.4708 -2.5086 0.9638
6.2832 -6.2503 -2.5089 0.9638
6.7170 -5.7852 -2.5096 0.9638
6.9211 -5.5412 -2.5099 0.9638
7.3023 -5.0317 -2.5105 0.9638
7.6458 -4.4960 -2.5110 0.9638
7.8028 -4.2192 -2.5112 0.9638
8.0864 -3.6493 -2.5115 0.9638
8.2126 -3.3570 -2.5117 0.9638
8.3282 -3.0603 -2.5118 0.9638
8.4329 -2.7597 -2.5119 0.9638
8.6096 -2.1480 -2.5120 0.9638
8.6812 -1.8377 -2.5120 0.9638
8.7906 -1.2105 -2.5120 0.9638
8.8545 -0.5769 -2.5120 0.9638
8.8724 0.0595 -2.5118 0.9638
8.8641 0.3778 -2.5117 0.9638
8.8131 1.0123 -2.5113 0.9638
8.7165 1.6414 -2.5109 0.9638
8.6512 1.9529 -2.5107 0.9638
8.5747 2.2618 -2.5105 0.9638
8.1590 3.4635 -2.5093 0.9638
8.0284 3.7535 -2.5089 0.9638
7.7362 4.3182 -2.5081 0.9638
7.5751 4.5922 -2.5077 0.9638
7.4042 4.8603 -2.5073 0.9638
7.0341 5.3768 -2.5064 0.9639
6.8354 5.6247 -2.5060 0.9639
6.1878 6.3228 -2.5045 0.9639
5.9558 6.5394 -2.5040 0.9639
4.6879 7.4890 -2.5012 0.9639
4.4152 7.6506 -2.5006 0.9639
3.8534 7.9438 -2.4994 0.9640
2.9733 8.3001 -2.4959 0.9640
2.3652 8.4731 -2.4904 0.9641
2.0534 8.5262 -2.4827 0.9642
1.0880 8.4089 -2.4004 0.9654
0.7788 8.3695 -2.3796 0.9657
-0.1229 8.2631 -2.3395 0.9662
-0.4192 8.2514 -2.3389 0.9662
-1.0093 8.1961 -2.3378 0.9663
-1.3024 8.1527 -2.3372 0.9663
-1.5937 8.0989 -2.3367 0.9663
-2.1694 7.9601 -2.3356 0.9663
-2.4609 7.9006 -2.3426 0.9662
-2.7590 7.8534 -2.3564 0.9660
-3.0608 7.8050 -2.3734 0.9657
-3.9974 7.6525 -2.4441 0.9647
-5.6251 6.7233 -2.4816 0.9642
-6.3121 6.0772 -2.4805 0.9642
-6.7299 5.6075 -2.4799 0.9642
-6.9259 5.3618 -2.4796 0.9642
-7.1130 5.1093 -2.4793 0.9642
-7.2910 4.8503 -2.4790 0.9643
-7.4597 4.5851 -2.4788 0.9643
-8.0604 0.0000 -2.4792 0.9668
-8.0555 -0.2892 -2.4793 0.9668
-8.0404 -0.5780 -2.4794 0.9668
-7.9792 -1.1533 -2.4797 0.9668
-7.9333 -1.4389 -2.4799 0.9668
-7.8772 -1.7228 -2.4801 0.9668
-7.8110 -2.0045 -2.4803 0.9668
-7.6487 -2.5599 -2.4808 0.9668
-7.5528 -2.8330 -2.4811 0.9668
-7.4472 -3.1026 -2.4814 0.9668
-7.3320 -3.3682 -2.4817 0.9668
-7.2074 -3.6295 -2.4821 0.9668
-6.9305 -4.1382 -2.4828 0.9668
-6.4488 -4.8612 -2.4839 0.9668
-6.0857 -5.3130 -2.4848 0.9668
-5.4826 -5.9394 -2.4862 0.9667
-5.2670 -6.1334 -2.4866 0.9667
-4.3390 -6.8294 -2.4887 0.9667
-3.5823 -7.2607 -2.4903 0.9667
-3.3203 -7.3862 -2.4908 0.9667
-3.0538 -7.5022 -2.4914 0.9667
-2.5091 -7.7053 -2.4925 0.9667
-2.2315 -7.7922 -2.4930 0.9666
-1.9510 -7.8690 -2.4936 0.9666
-1.3823 -7.9923 -2.4947 0.9666
-0.2250 -8.1152 -2.4970 0.9666
0.0663 -8.1199 -2.4976 0.9666
0.3577 -8.1141 -2.4981 0.9666
0.9390 -8.0711 -2.4992 0.9666
1.5161 -7.9865 -2.5003 0.9666
2.3669 -7.7822 -2.5019 0.9665
2.9200 -7.5955 -2.5029 0.9665
3.1913 -7.4873 -2.5034 0.9665
3.4585 -7.3694 -2.5039 0.9665
3.7214 -7.2419 -2.5043 0.9665
4.7223 -6.6396 -2.5060 0.9665
5.1879 -6.2858 -2.5068 0.9665
5.6269 -5.8993 -2.5075 0.9665
5.8357 -5.6944 -2.5079 0.9665
6.0370 -5.4820 -2.5082 0.9664
6.4160 -5.0362 -2.5088 0.9664
6.5933 -4.8032 -2.5090 0.9664
7.2151 -3.8120 -2.5099 0.9664
7.3477 -3.5509 -2.5101 0.9664
7.4708 -3.2852 -2.5102 0.9664
7.5842 -3.0152 -2.5103 0.9664
7.7815 -2.4638 -2.5105 0.9664
7.8651 -2.1831 -2.5106 0.9664
7.9385 -1.8995 -2.5106 0.9664
8.0544 -1.3254 -2.5107 0.9664
8.0967 -1.0355 -2.5107 0.9664
8.1498 -0.4522 -2.5106 0.9664
8.1502 0.4260 -2.5103 0.9664
8.1293 0.7181 -2.5101 0.9664
8.0977 1.0093 -2.5100 0.9664
8.0558 1.2990 -2.5098 0.9664
7.8675 2.1565 -2.5091 0.9664
7.6910 2.7146 -2.5086 0.9664
7.4747 3.2583 -2.5080 0.9665
7.3520 3.5240 -2.5077 0.9665
7.2199 3.7850 -2.5073 0.9665
6.9279 4.2917 -2.5066 0.9665
6.7684 4.5368 -2.5062 0.9665
6.6002 4.7759 -2.5058 0.9665
5.6369 5.8719 -2.5036 0.9665
5.1993 6.2586 -2.5026 0.9665
4.9704 6.4398 -2.5021 0.9665
4.7352 6.6126 -2.5016 0.9665
4.2470 6.9323 -2.5005 0.9665
3.9947 7.0787 -2.5000 0.9666
2.9384 7.5706 -2.4978 0.9666
2.6643 7.6695 -2.4973 0.9666
1.8236 7.9060 -2.4956 0.9666
1.5384 7.9645 -2.4950 0.9666
1.2510 8.0101 -2.4936 0.9666
0.9621 8.0440 -2.4918 0.9667
0.6724 8.0679 -2.4901 0.9667
0.3823 8.0820 -2.4886 0.9667
0.0920 8.0861 -2.4873 0.9667
-0.1981 8.0804 -2.4861 0.9667
-0.7764 8.0395 -2.4843 0.9668
-1.0641 8.0044 -2.4836 0.9668
-1.3503 7.9595 -2.4832 0.9668
-1.6348 7.9050 -2.4828 0.9668
-1.9173 7.8407 -2.4827 0.9668
-3.0205 7.4892 -2.4838 0.9668
-3.2882 7.3781 -2.4845 0.9668
-3.5521 7.2580 -2.4854 0.9667
-3.8095 7.1246 -2.4850 0.9668
-4.0619 6.9821 -2.4845 0.9668
-4.7863 6.5020 -2.4833 0.9668
-5.0157 6.3251 -2.4829 0.9668
-5.2386 6.1402 -2.4825 0.9668
-5.6639 5.7472 -2.4819 0.9668
-6.5949 4.6414 -2.4804 0.9668
-6.7565 4.4014 -2.4802 0.9668
-7.0536 3.9049 -2.4798 0.9668
-7.5379 2.8551 -2.4792 0.9668
-7.6352 2.5827 -2.4791 0.9668
-7.8680 1.7473 -2.4790 0.9668
-7.9730 1.1785 -2.4790 0.9668
-8.0102 0.8917 -2.4790 0.9668
-8.0372 0.6038 -2.4790 0.9668
-8.0539 0.3150 -2.4791 0.9668
-8.0603 0.0259 -2.4792 0.9668
-8.0176 -0.8404 -2.4796 0.9668
-7.9828 -1.1276 -2.4797 0.9668
-7.8826 -1.6974 -2.4801 0.9668
-7.8174 -1.9794 -2.4803 0.9668
-7.6568 -2.5353 -2.4808 0.9668
-7.3427 -3.3446 -2.4817 0.9668
-7.0858 -3.8635 -2.4824 0.9668
-6.7926 -4.3630 -2.4831 0.9668
-6.6327 -4.6046 -2.4835 0.9668
-6.4643 -4.8404 -2.4839 0.9668
-5.5015 -5.9216 -2.4861 0.9667
-5.2866 -6.1164 -2.4866 0.9667
-4.8363 -6.4823 -2.4876 0.9667
-4.6015 -6.6530 -2.4881 0.9667
-4.1143 -6.9688 -2.4891 0.9667
-3.3439 -7.3753 -2.4908 0.9667
-3.0778 -7.4922 -2.4913 0.9667
-2.8077 -7.5995 -2.4919 0.9667
-2.5338 -7.6971 -2.4924 0.9667
-2.2565 -7.7848 -2.4930 0.9666
-1.9762 -7.8625 -2.4936 0.9666
-1.1207 -8.0348 -2.4953 0.9666
0.9131 -8.0739 -2.4992 0.9666
1.2025 -8.0377 -2.4997 0.9666
1.4904 -7.9911 -2.5003 0.9666
1.7765 -7.9342 -2.5008 0.9665
2.0604 -7.8670 -2.5013 0.9665
2.3419 -7.7896 -2.5019 0.9665
2.6204 -7.7021 -2.5024 0.9665
2.8956 -7.6047 -2.5029 0.9665
3.1672 -7.4974 -2.5033 0.9665
3.4348 -7.3803 -2.5038 0.9665
3.9566 -7.1176 -2.5047 0.9665
4.2102 -6.9723 -2.5052 0.9665
4.4584 -6.8179 -2.5056 0.9665
4.9374 -6.4827 -2.5064 0.9665
5.6078 -5.9173 -2.5075 0.9665
5.8173 -5.7130 -2.5078 0.9665
6.0193 -5.5013 -2.5082 0.9664
6.2135 -5.2825 -2.5085 0.9664
6.5778 -4.8244 -2.5090 0.9664
6.9081 -4.3411 -2.5095 0.9664
7.3362 -3.5745 -2.5100 0.9664
7.4602 -3.3092 -2.5102 0.9664
7.8580 -2.2083 -2.5106 0.9664
7.9324 -1.9250 -2.5106 0.9664
8.1261 -0.7705 -2.5106 0.9664
8.1600 -0.1857 -2.5105 0.9664
8.1316 0.6920 -2.5101 0.9664
8.1010 0.9833 -2.5100 0.9664
8.0599 1.2732 -2.5098 0.9664
7.8744 2.1313 -2.5092 0.9664
7.7921 2.4122 -2.5089 0.9664
7.4852 3.2344 -2.5080 0.9665
7.0915 4.0183 -2.5070 0.9665
6.7830 4.5151 -2.5062 0.9665
6.6156 4.7548 -2.5058 0.9665
6.4397 4.9882 -2.5054 0.9665
6.0633 5.4353 -2.5046 0.9665
5.4411 6.0519 -2.5031 0.9665
5.2194 6.2420 -2.5027 0.9665
4.9911 6.4239 -2.5022 0.9665
4.7565 6.5975 -2.5016 0.9665
4.0175 7.0659 -2.5001 0.9666
3.7606 7.2040 -2.4995 0.9666
3.4989 7.3326 -2.4990 0.9666
2.6890 7.6610 -2.4973 0.9666
2.4118 7.7508 -2.4967 0.9666
1.8490 7.9002 -2.4956 0.9666
1.2768 8.0066 -2.4938 0.9666
0.9880 8.0414 -2.4919 0.9667
0.6984 8.0662 -2.4903 0.9667
0.4083 8.0811 -2.4887 0.9667
0.1180 8.0862 -2.4874 0.9667
-1.0384 8.0079 -2.4837 0.9668
-1.3248 7.9639 -2.4832 0.9668
-2.1724 7.7739 -2.4827 0.9668
-2.7248 7.5998 -2.4832 0.9668
-2.9964 7.4987 -2.4838 0.9668
-4.2872 6.8446 -2.4841 0.9668
-4.7654 6.5174 -2.4833 0.9668
-4.9954 6.3413 -2.4829 0.9668
-5.2190 6.1571 -2.4826 0.9668
-5.6455 5.7654 -2.4819 0.9668
-5.8479 5.5584 -2.4816 0.9668
-6.0429 5.3444 -2.4813 0.9668
-6.2300 5.1235 -2.4810 0.9668
-6.5800 4.6626 -2.4805 0.9668
-6.7424 4.4231 -2.4802 0.9668
-7.4209 3.1477 -2.4794 0.9668
-7.7938 2.0535 -2.4790 0.9668
-7.9208 1.4893 -2.4790 0.9668
-7.9691 1.2041 -2.4790 0.9668
-8.0073 0.9175 -2.4790 0.9668
-8.0352 0.6296 -2.4790 0.9668
-8.0571 -0.2374 -2.4793 0.9668
-8.0438 -0.5264 -2.4794 0.9668
-8.0202 -0.8147 -2.4795 0.9668
-7.9423 -1.3879 -2.4799 0.9668
-7.7492 -2.2339 -2.4805 0.9668
-7.5707 -2.7844 -2.4811 0.9668
-7.4668 -3.0546 -2.4814 0.9668
-7.3533 -3.3209 -2.4817 0.9668
-7.2304 -3.5831 -2.4820 0.9668
-6.6473 -4.5832 -2.4835 0.9668
-6.4797 -4.8195 -2.4839 0.9668
-6.3036 -5.0498 -2.4843 0.9668
-6.1195 -5.2736 -2.4847 0.9668
-5.9274 -5.4907 -2.4852 0.9668
-5.5204 -5.9038 -2.4861 0.9667
-5.3061 -6.0993 -2.4866 0.9667
-4.6228 -6.6381 -2.4881 0.9667
-4.3826 -6.8011 -2.4886 0.9667
-3.8852 -7.1009 -2.4896 0.9667
-3.6288 -7.2373 -2.4902 0.9667
-3.3675 -7.3644 -2.4907 0.9667
-2.5584 -7.6888 -2.4924 0.9667
-2.0014 -7.8560 -2.4935 0.9666
-1.4335 -7.9829 -2.4946 0.9666
-1.1465 -8.0310 -2.4952 0.9666
-0.8578 -8.0688 -2.4958 0.9666
-0.5679 -8.0963 -2.4964 0.9666
0.0142 -8.1198 -2.4975 0.9666
0.3056 -8.1159 -2.4980 0.9666
0.5967 -8.1015 -2.4986 0.9666
1.4647 -7.9957 -2.5002 0.9666
3.4110 -7.3912 -2.5038 0.9665
3.6747 -7.2654 -2.5042 0.9665
3.9337 -7.1301 -2.5047 0.9665
4.4364 -6.8321 -2.5056 0.9665
4.9165 -6.4985 -2.5064 0.9665
5.1473 -6.3189 -2.5068 0.9665
5.3714 -6.1310 -2.5071 0.9665
6.1965 -5.3023 -2.5084 0.9664
6.3834 -5.0772 -2.5087 0.9664
7.3246 -3.5980 -2.5100 0.9664
7.4494 -3.3331 -2.5102 0.9664
7.8509 -2.2335 -2.5106 0.9664
7.9261 -1.9504 -2.5106 0.9664
7.9911 -1.6648 -2.5107 0.9664
8.0899 -1.0875 -2.5107 0.9664
8.1594 -0.2119 -2.5105 0.9664
8.1614 0.0809 -2.5104 0.9664
8.1529 0.3737 -2.5103 0.9664
8.0640 1.2473 -2.5098 0.9664
8.0135 1.5357 -2.5096 0.9664
7.4957 3.2103 -2.5081 0.9665
7.3747 3.4768 -2.5077 0.9665
7.1044 3.9955 -2.5070 0.9665
6.9555 4.2472 -2.5067 0.9665
6.7976 4.4933 -2.5063 0.9665
6.4557 4.9676 -2.5055 0.9665
6.2723 5.1951 -2.5050 0.9665
5.8815 5.6295 -2.5041 0.9665
5.6747 5.8358 -2.5037 0.9665
5.2395 6.2253 -2.5027 0.9665
3.5225 7.3215 -2.4990 0.9666
3.2569 7.4415 -2.4985 0.9666
2.9871 7.5519 -2.4979 0.9666
2.4368 7.7432 -2.4968 0.9666
2.1569 7.8239 -2.4962 0.9666
1.8744 7.8944 -2.4957 0.9666
1.5896 7.9548 -2.4951 0.9666
1.0138 8.0387 -2.4921 0.9667
0.7243 8.0644 -2.4904 0.9667
-0.1462 8.0822 -2.4863 0.9667
-1.2992 7.9683 -2.4832 0.9668
-2.4253 7.6993 -2.4829 0.9668
-3.7638 7.1492 -2.4850 0.9668
-4.0172 7.0083 -2.4846 0.9668
-4.2653 6.8585 -2.4842 0.9668
-4.5078 6.6999 -2.4838 0.9668
-4.9751 6.3574 -2.4830 0.9668
-5.4166 5.9825 -2.4823 0.9668
-6.0257 5.3638 -2.4813 0.9668
-6.7282 4.4448 -2.4803 0.9668
-7.0285 3.9502 -2.4798 0.9668
-7.1652 3.6952 -2.4797 0.9668
-7.5195 2.9034 -2.4793 0.9668
-7.7078 2.3566 -2.4791 0.9668
-7.9160 1.5147 -2.4790 0.9668
-8.0331 0.6554 -2.4790 0.9668
-8.0517 0.3668 -2.4791 0.9668
-8.0228 -0.7889 -2.4795 0.9668
-7.9898 -1.0764 -2.4797 0.9668
-7.8932 -1.6468 -2.4801 0.9668
-7.8298 -1.9291 -2.4803 0.9668
-7.5795 -2.7601 -2.4810 0.9668
-7.4765 -3.0306 -2.4813 0.9668
-7.2417 -3.5598 -2.4820 0.9668
-7.1103 -3.8179 -2.4823 0.9668
-6.8202 -4.3192 -2.4830 0.9668
-6.6619 -4.5618 -2.4834 0.9668
-6.4950 -4.7987 -2.4838 0.9668
-6.1363 -5.2538 -2.4847 0.9668
-5.7458 -5.6824 -2.4856 0.9667
-4.8776 -6.4509 -2.4875 0.9667
-3.9079 -7.0882 -2.4896 0.9667
-3.6519 -7.2254 -2.4901 0.9667
-3.1257 -7.4720 -2.4912 0.9667
-2.8563 -7.5810 -2.4918 0.9667
-2.3063 -7.7698 -2.4929 0.9667
-1.7440 -7.9188 -2.4940 0.9666
-1.4591 -7.9781 -2.4946 0.9666
-1.1722 -8.0271 -2.4952 0.9666
-0.5938 -8.0942 -2.4963 0.9666
0.5707 -8.1032 -2.4985 0.9666
0.8612 -8.0793 -2.4991 0.9666
1.4390 -8.0002 -2.5002 0.9666
1.7255 -7.9451 -2.5007 0.9665
2.0098 -7.8798 -2.5012 0.9665
2.2917 -7.8042 -2.5018 0.9665
2.5707 -7.7185 -2.5023 0.9665
3.1188 -7.5173 -2.5033 0.9665
3.3872 -7.4020 -2.5037 0.9665
4.1652 -6.9990 -2.5051 0.9665
4.4144 -6.8462 -2.5055 0.9665
5.1269 -6.3353 -2.5067 0.9665
5.3517 -6.1481 -2.5071 0.9665
5.5696 -5.9530 -2.5074 0.9665
6.5465 -4.8664 -2.5090 0.9664
7.0335 -4.1360 -2.5097 0.9664
7.1779 -3.8812 -2.5098 0.9664
7.5547 -3.0881 -2.5103 0.9664
7.8437 -2.2587 -2.5106 0.9664
7.9198 -1.9759 -2.5106 0.9664
8.0412 -1.4029 -2.5107 0.9664
8.1210 -0.8226 -2.5106 0.9664
8.1617 0.0547 -2.5104 0.9664
8.1541 0.3475 -2.5103 0.9664
8.1359 0.6398 -2.5102 0.9664
8.0184 1.5100 -2.5096 0.9664
7.9584 1.7965 -2.5094 0.9664
7.8076 2.3621 -2.5089 0.9664
7.7170 2.6405 -2.5087 0.9664
7.6164 2.9153 -2.5084 0.9664
7.5060 3.1863 -2.5081 0.9665
7.3859 3.4531 -2.5078 0.9665
7.2563 3.7154 -2.5074 0.9665
7.1173 3.9728 -2.5071 0.9665
6.9692 4.2249 -2.5067 0.9665
6.6462 4.7123 -2.5059 0.9665
6.2890 5.1750 -2.5051 0.9665
6.0982 5.3964 -2.5046 0.9665
5.4800 6.0170 -2.5032 0.9665
4.7989 6.5671 -2.5017 0.9665
3.5461 7.3103 -2.4991 0.9666
2.7382 7.6439 -2.4974 0.9666
1.8998 7.8885 -2.4957 0.9666
1.6151 7.9498 -2.4951 0.9666
1.3283 7.9993 -2.4941 0.9666
1.0397 8.0359 -2.4923 0.9667
0.7502 8.0625 -2.4906 0.9667
0.4602 8.0792 -2.4890 0.9667
0.1699 8.0860 -2.4876 0.9667
-0.4100 8.0700 -2.4854 0.9667
-0.6990 8.0473 -2.4845 0.9668
-2.6759 7.6169 -2.4832 0.9668
-2.9480 7.5175 -2.4836 0.9668
-3.2167 7.4088 -2.4843 0.9668
-3.7409 7.1613 -2.4851 0.9668
-4.4864 6.7144 -2.4838 0.9668
-4.7236 6.5481 -2.4834 0.9668
-5.1794 6.1906 -2.4826 0.9668
-6.0085 5.3832 -2.4813 0.9668
-6.1971 5.1635 -2.4810 0.9668
-6.3777 4.9373 -2.4808 0.9668
-6.5500 4.7048 -2.4805 0.9668
-7.4432 -0.5351 -2.4806 0.9690
-7.0804 -2.3697 -2.4819 0.9690
-6.8937 -2.8720 -2.4824 0.9690
-6.7870 -3.1178 -2.4827 0.9690
-6.5476 -3.5974 -2.4833 0.9690
-6.4152 -3.8305 -2.4837 0.9690
-6.2745 -4.0588 -2.4840 0.9690
-6.1257 -4.2819 -2.4844 0.9690
-4.8748 -5.6767 -2.4872 0.9690
-4.6688 -5.8490 -2.4877 0.9689
-4.2390 -6.1711 -2.4886 0.9689
-4.0156 -6.3204 -2.4891 0.9689
-3.7870 -6.4617 -2.4896 0.9689
-3.3152 -6.7193 -2.4906 0.9689
-2.8260 -6.9426 -2.4916 0.9689
-2.5756 -7.0409 -2.4921 0.9689
-2.3218 -7.1303 -2.4926 0.9689
-1.8053 -7.2815 -2.4937 0.9689
-1.5432 -7.3431 -2.4942 0.9689
-1.0131 -7.4380 -2.4953 0.9689
-0.7458 -7.4712 -2.4958 0.9688
0.0614 -7.5128 -2.4974 0.9688
1.1364 -7.4328 -2.4994 0.9688
1.4026 -7.3887 -2.4999 0.9688
1.9296 -7.2719 -2.5009 0.9688
2.1897 -7.1994 -2.5014 0.9688
2.4470 -7.1175 -2.5018 0.9688
2.7013 -7.0265 -2.5023 0.9688
2.9522 -6.9263 -2.5027 0.9688
3.6812 -6.5723 -2.5040 0.9687
3.9152 -6.4371 -2.5044 0.9687
4.5863 -5.9818 -2.5056 0.9687
4.7986 -5.8142 -2.5059 0.9687
5.0048 -5.6391 -2.5063 0.9687
5.2046 -5.4566 -2.5066 0.9687
5.5838 -5.0706 -2.5072 0.9687
5.7628 -4.8675 -2.5075 0.9687
5.9343 -4.6581 -2.5077 0.9687
6.5419 -3.7626 -2.5086 0.9687
6.6731 -3.5257 -2.5088 0.9687
7.0145 -2.7887 -2.5092 0.9687
7.1103 -2.5353 -2.5093 0.9687
7.1969 -2.2787 -2.5093 0.9687
7.2742 -2.0190 -2.5094 0.9687
7.3421 -1.7568 -2.5094 0.9687
7.4005 -1.4923 -2.5095 0.9687
7.4884 -0.9577 -2.5095 0.9687
7.5474 -0.1476 -2.5093 0.9687
7.5476 0.1233 -2.5092 0.9687
7.5380 0.3940 -2.5091 0.9687
7.4895 0.9335 -2.5088 0.9687
7.4507 1.2015 -2.5087 0.9687
7.4023 1.4679 -2.5085 0.9687
7.3443 1.7324 -2.5083 0.9687
7.1998 2.2542 -2.5078 0.9687
7.0182 2.7641 -2.5073 0.9687
6.6781 3.5009 -2.5064 0.9687
6.5474 3.7378 -2.5061 0.9687
6.1052 4.4177 -2.5050 0.9687
5.9418 4.6332 -2.5046 0.9687
5.7709 4.8426 -2.5042 0.9687
4.8098 5.7898 -2.5020 0.9688
3.6957 6.5489 -2.4996 0.9688
3.4577 6.6760 -2.4991 0.9688
3.2153 6.7943 -2.4986 0.9688
2.9689 6.9039 -2.4981 0.9688
2.7187 7.0046 -2.4976 0.9688
2.4651 7.0961 -2.4971 0.9688
1.9491 7.2516 -2.4960 0.9688
1.1579 7.4143 -2.4944 0.9689
0.6230 7.4751 -2.4934 0.9689
0.0853 7.4974 -2.4923 0.9689
-0.4523 7.4811 -2.4913 0.9689
-0.9872 7.4264 -2.4903 0.9689
-1.2528 7.3847 -2.4898 0.9689
-2.0378 7.2032 -2.4884 0.9689
-2.2945 7.1241 -2.4879 0.9689
-2.5482 7.0359 -2.4874 0.9689
-2.7985 6.9387 -2.4870 0.9690
-3.7597 6.4626 -2.4853 0.9690
-4.2122 6.1744 -2.4845 0.9690
-4.6427 5.8548 -2.4838 0.9690
-5.0493 5.5053 -2.4831 0.9690
-6.2546 4.0744 -2.4813 0.9690
-6.5297 3.6149 -2.4809 0.9690
-6.6547 3.3781 -2.4808 0.9690
-6.8791 2.8919 -2.4805 0.9690
-6.9781 2.6431 -2.4804 0.9690
-7.1492 2.1357 -2.4802 0.9690
-7.4404 0.5590 -2.4802 0.9690
-7.4558 0.2917 -2.4803 0.9690
-7.4449 -0.5112 -2.4805 0.9690
-7.4222 -0.7780 -2.4807 0.9690
-7.3899 -1.0439 -2.4808 0.9690
-7.2971 -1.5714 -2.4812 0.9690
-7.2366 -1.8323 -2.4814 0.9690
-6.9998 -2.6000 -2.4821 0.9690
-6.6823 -3.3382 -2.4830 0.9690
-6.4274 -3.8098 -2.4836 0.9690
-6.2874 -4.0385 -2.4840 0.9690
-6.1394 -4.2621 -2.4843 0.9690
-5.9834 -4.4803 -2.4847 0.9690
-5.8197 -4.6928 -2.4851 0.9690
-5.4700 -5.0998 -2.4859 0.9690
-5.0920 -5.4808 -2.4868 0.9690
-4.8929 -5.6609 -2.4872 0.9690
-4.6875 -5.8339 -2.4877 0.9689
-4.4760 -5.9994 -2.4881 0.9689
-4.2587 -6.1573 -2.4886 0.9689
-2.8482 -6.9333 -2.4916 0.9689
-2.3447 -7.1227 -2.4926 0.9689
-2.0881 -7.2037 -2.4931 0.9689
-1.5668 -7.3380 -2.4942 0.9689
-1.3028 -7.3910 -2.4947 0.9689
0.5761 -7.4939 -2.4984 0.9688
1.6435 -7.3403 -2.5004 0.9688
1.9062 -7.2780 -2.5008 0.9688
2.1665 -7.2063 -2.5013 0.9688
2.6787 -7.0350 -2.5022 0.9688
2.9299 -6.9356 -2.5027 0.9688
3.1774 -6.8272 -2.5031 0.9688
3.4209 -6.7100 -2.5036 0.9688
3.6600 -6.5840 -2.5040 0.9687
4.1240 -6.3066 -2.5048 0.9687
4.3483 -6.1555 -2.5052 0.9687
4.7799 -5.8295 -2.5059 0.9687
4.9866 -5.6551 -2.5062 0.9687
5.3807 -5.2843 -2.5069 0.9687
5.7471 -4.8859 -2.5074 0.9687
6.2406 -4.2414 -2.5082 0.9687
6.3893 -4.0150 -2.5084 0.9687
6.5297 -3.7835 -2.5086 0.9687
6.7851 -3.3060 -2.5089 0.9687
6.8998 -3.0606 -2.5090 0.9687
7.0055 -2.8112 -2.5092 0.9687
7.1021 -2.5581 -2.5093 0.9687
7.1895 -2.3018 -2.5093 0.9687
7.3956 -1.5160 -2.5095 0.9687
7.4853 -0.9818 -2.5095 0.9687
7.5361 -0.4425 -2.5094 0.9687
7.5470 -0.1718 -2.5093 0.9687
7.5480 0.0991 -2.5092 0.9687
7.5208 0.6400 -2.5090 0.9687
7.3498 1.7088 -2.5083 0.9687
7.2832 1.9713 -2.5081 0.9687
7.2071 2.2311 -2.5078 0.9687
7.1217 2.4880 -2.5076 0.9687
6.9234 2.9916 -2.5070 0.9687
6.8108 3.2377 -2.5067 0.9687
6.1194 4.3982 -2.5050 0.9687
5.9568 4.6142 -2.5046 0.9687
5.7865 4.8242 -2.5042 0.9687
5.6087 5.0278 -2.5038 0.9687
5.4238 5.2249 -2.5034 0.9688
5.2320 5.4152 -2.5030 0.9688
5.0334 5.5985 -2.5025 0.9688
4.8284 5.7744 -2.5021 0.9688
3.9498 6.4009 -2.5002 0.9688
3.4792 6.6650 -2.4992 0.9688
3.2372 6.7841 -2.4987 0.9688
2.7412 6.9959 -2.4976 0.9688
2.2316 7.1715 -2.4966 0.9688
1.7108 7.3100 -2.4955 0.9688
0.1094 7.4972 -2.4924 0.9689
-0.1596 7.4948 -2.4919 0.9689
-0.4283 7.4827 -2.4914 0.9689
-1.2291 7.3889 -2.4898 0.9689
-2.0147 7.2098 -2.4884 0.9689
-2.7762 6.9477 -2.4870 0.9690
-3.0232 6.8425 -2.4866 0.9690
-3.2662 6.7284 -2.4861 0.9690
-3.5049 6.6058 -2.4857 0.9690
-3.9683 6.3354 -2.4849 0.9690
-4.1924 6.1880 -2.4845 0.9690
-4.4110 6.0327 -2.4842 0.9690
-4.8309 5.6993 -2.4835 0.9690
-5.0316 5.5216 -2.4832 0.9690
-5.4133 5.1453 -2.4825 0.9690
-5.5938 4.9472 -2.4823 0.9690
-6.2415 4.0945 -2.4813 0.9690
-6.5181 3.6359 -2.4809 0.9690
-6.8698 2.9140 -2.4805 0.9690
-7.0605 2.4136 -2.4803 0.9690
-7.1424 2.1587 -2.4802 0.9690
-7.2151 1.9010 -2.4802 0.9690
-7.4127 0.8493 -2.4802 0.9690
-7.3932 -1.0201 -2.4808 0.9690
-7.3523 -1.2848 -2.4810 0.9690
-7.0953 -2.3242 -2.4818 0.9690
-7.0081 -2.5775 -2.4821 0.9690
-6.4395 -3.7891 -2.4836 0.9690
-6.1529 -4.2423 -2.4843 0.9690
-5.9977 -4.4610 -2.4847 0.9690
-5.6641 -4.8812 -2.4855 0.9690
-5.4862 -5.0821 -2.4859 0.9690
-4.9110 -5.6451 -2.4872 0.9690
-4.4952 -5.9849 -2.4881 0.9689
-3.5956 -6.5715 -2.4900 0.9689
-3.3582 -6.6976 -2.4905 0.9689
-3.1164 -6.8152 -2.4910 0.9689
-2.8704 -6.9240 -2.4915 0.9689
-2.6207 -7.0240 -2.4920 0.9689
-2.3675 -7.1150 -2.4926 0.9689
-1.5903 -7.3328 -2.4941 0.9689
-1.3265 -7.3867 -2.4947 0.9689
-1.0608 -7.4311 -2.4952 0.9689
0.8208 -7.4724 -2.4988 0.9688
1.0886 -7.4397 -2.4993 0.9688
1.3551 -7.3973 -2.4998 0.9688
2.1433 -7.2131 -2.5013 0.9688
2.4012 -7.1329 -2.5017 0.9688
3.1554 -6.8373 -2.5031 0.9688
3.3992 -6.7208 -2.5035 0.9688
3.6388 -6.5956 -2.5039 0.9687
4.1037 -6.3197 -2.5047 0.9687
4.3285 -6.1694 -2.5051 0.9687
4.5477 -6.0110 -2.5055 0.9687
4.7611 -5.8448 -2.5059 0.9687
5.3636 -5.3015 -2.5068 0.9687
6.2269 -4.2613 -2.5081 0.9687
6.3763 -4.0355 -2.5084 0.9687
6.7745 -3.3277 -2.5089 0.9687
6.9964 -2.8337 -2.5091 0.9687
7.0938 -2.5809 -2.5092 0.9687
7.3306 -1.8039 -2.5094 0.9687
7.3907 -1.5397 -2.5095 0.9687
7.4412 -1.2736 -2.5095 0.9687
7.5133 -0.7367 -2.5094 0.9687
7.5347 -0.4667 -2.5094 0.9687
7.5464 -0.1960 -2.5093 0.9687
7.5228 0.6159 -2.5090 0.9687
7.4954 0.8853 -2.5088 0.9687
7.3553 1.6852 -2.5083 0.9687
7.2143 2.2079 -2.5079 0.9687
6.9330 2.9694 -2.5071 0.9687
6.7006 3.4581 -2.5064 0.9687
6.4337 3.9286 -2.5058 0.9687
6.1336 4.3786 -2.5050 0.9687
5.9716 4.5951 -2.5047 0.9687
4.6364 5.9281 -2.5016 0.9688
4.4199 6.0894 -2.5012 0.9688
4.1978 6.2429 -2.5007 0.9688
3.9704 6.3882 -2.5002 0.9688
3.5006 6.6539 -2.4992 0.9688
3.0133 6.8850 -2.4982 0.9688
2.7637 6.9872 -2.4977 0.9688
2.5107 7.0804 -2.4972 0.9688
2.2546 7.1644 -2.4966 0.9688
1.4708 7.3605 -2.4951 0.9689
1.2056 7.4070 -2.4945 0.9689
0.9388 7.4439 -2.4940 0.9689
0.1335 7.4970 -2.4924 0.9689
-0.1356 7.4954 -2.4919 0.9689
-0.4043 7.4842 -2.4914 0.9689
-0.6724 7.4633 -2.4909 0.9689
-1.2054 7.3929 -2.4899 0.9689
-1.4696 7.3434 -2.4894 0.9689
-1.7318 7.2846 -2.4889 0.9689
-1.9916 7.2164 -2.4884 0.9689
-2.2488 7.1389 -2.4880 0.9689
-2.7539 6.9567 -2.4871 0.9690
-3.0012 6.8522 -2.4866 0.9690
-3.2446 6.7390 -2.4862 0.9690
-4.1725 6.2015 -2.4846 0.9690
-4.3917 6.0469 -2.4842 0.9690
-5.0139 5.5378 -2.4832 0.9690
-5.9184 4.5515 -2.4818 0.9690
-6.2284 4.1146 -2.4813 0.9690
-6.3715 3.8882 -2.4811 0.9690
-6.5064 3.6568 -2.4809 0.9690
-6.8605 2.9360 -2.4805 0.9690
-6.9611 2.6879 -2.4804 0.9690
-7.0528 2.4363 -2.4803 0.9690
-7.1354 2.1816 -2.4802 0.9690
-7.2089 1.9242 -2.4802 0.9690
-7.2732 1.6642 -2.4801 0.9690
-7.4099 0.8731 -2.4801 0.9690
-7.4366 0.6067 -2.4802 0.9690
-7.4614 0.0719 -2.4803 0.9690
-7.4594 -0.1959 -2.4804 0.9690
-7.4479 -0.4634 -2.4805 0.9690
-7.4269 -0.7304 -2.4807 0.9690
-7.3564 -1.2612 -2.4810 0.9690
-7.3069 -1.5244 -2.4812 0.9690
-7.1800 -2.0448 -2.4816 0.9690
-7.1027 -2.3013 -2.4818 0.9690
-6.9208 -2.8053 -2.4823 0.9690
-6.8165 -3.0522 -2.4826 0.9690
-6.7034 -3.2952 -2.4829 0.9690
-6.4515 -3.7684 -2.4836 0.9690
-6.3131 -3.9980 -2.4839 0.9690
-6.1664 -4.2225 -2.4843 0.9690
-6.0119 -4.4417 -2.4846 0.9690
-5.3181 -5.2594 -2.4862 0.9690
-5.1269 -5.4478 -2.4867 0.9690
-4.7247 -5.8035 -2.4876 0.9689
-4.2980 -6.1296 -2.4885 0.9689
-3.3796 -6.6867 -2.4905 0.9689
-2.8926 -6.9146 -2.4915 0.9689
-2.6432 -7.0154 -2.4920 0.9689
-2.3903 -7.1072 -2.4925 0.9689
-2.1342 -7.1899 -2.4930 0.9689
-1.8753 -7.2634 -2.4936 0.9689
-1.0846 -7.4275 -2.4951 0.9689
-0.8176 -7.4632 -2.4957 0.9688
-0.2805 -7.5058 -2.4967 0.9688
0.2586 -7.5097 -2.4977 0.9688
1.0647 -7.4430 -2.4993 0.9688
1.8593 -7.2898 -2.5008 0.9688
2.1201 -7.2198 -2.5012 0.9688
2.3782 -7.1404 -2.5017 0.9688
2.6333 -7.0518 -2.5022 0.9688
3.1334 -6.8473 -2.5031 0.9688
3.3776 -6.7316 -2.5035 0.9688
3.6175 -6.6072 -2.5039 0.9687
3.8529 -6.4742 -2.5043 0.9687
4.0833 -6.3328 -2.5047 0.9687
4.3086 -6.1832 -2.5051 0.9687
4.7422 -5.8600 -2.5058 0.9687
5.3465 -5.3186 -2.5068 0.9687
6.3633 -4.0559 -2.5083 0.9687
6.6388 -3.5897 -2.5087 0.9687
6.9872 -2.8561 -2.5091 0.9687
7.0855 -2.6037 -2.5092 0.9687
7.2544 -2.0890 -2.5094 0.9687
7.3857 -1.5635 -2.5095 0.9687
7.4371 -1.2975 -2.5095 0.9687
7.4788 -1.0298 -2.5095 0.9687
7.5332 -0.4908 -2.5094 0.9687
7.5415 0.3214 -2.5091 0.9687
7.5248 0.5917 -2.5090 0.9687
7.4983 0.8613 -2.5089 0.9687
7.4162 1.3966 -2.5085 0.9687
7.3608 1.6616 -2.5083 0.9687
7.2958 1.9245 -2.5081 0.9687
7.1376 2.4422 -2.5076 0.9687
6.4463 3.9079 -2.5058 0.9687
6.3011 4.1361 -2.5054 0.9687
6.1477 4.3589 -2.5051 0.9687
5.9865 4.5760 -2.5047 0.9687
5.4574 5.1902 -2.5035 0.9688
4.8656 5.7435 -2.5021 0.9688
4.6555 5.9132 -2.5017 0.9688
3.9909 6.3756 -2.5002 0.9688
3.0354 6.8754 -2.4982 0.9688
2.5335 7.0724 -2.4972 0.9688
1.7578 7.2991 -2.4956 0.9688
1.4945 7.3559 -2.4951 0.9689
0.9628 7.4410 -2.4941 0.9689
0.4265 7.4877 -2.4930 0.9689
0.1576 7.4967 -2.4925 0.9689
-0.6485 7.4656 -2.4909 0.9689
-1.1817 7.3969 -2.4899 0.9689
-1.7084 7.2902 -2.4890 0.9689
-1.9685 7.2229 -2.4885 0.9689
-2.4804 7.0605 -2.4875 0.9689
-2.7316 6.9656 -2.4871 0.9690
-4.3723 6.0611 -2.4842 0.9690
-4.5863 5.8995 -2.4839 0.9690
-4.9962 5.5539 -2.4832 0.9690
-5.1916 5.3704 -2.4829 0.9690
-5.3802 5.1800 -2.4826 0.9690
-5.5620 4.9831 -2.4823 0.9690
-6.0634 4.3553 -2.4816 0.9690
-6.2152 4.1346 -2.4813 0.9690
-6.3590 3.9086 -2.4811 0.9690
-6.9388 0.0000 -2.4813 0.9710
-6.8291 -1.2387 -2.4820 0.9709
-6.7807 -1.4830 -2.4822 0.9709
-6.4101 -2.6705 -2.4833 0.9709
-6.3108 -2.8991 -2.4835 0.9709
-6.2035 -3.1240 -2.4838 0.9709
-5.9649 -3.5617 -2.4844 0.9709
-5.8341 -3.7739 -2.4848 0.9709
-5.6957 -3.9813 -2.4851 0.9709
-5.5500 -4.1837 -2.4854 0.9709
-5.3971 -4.3807 -2.4858 0.9709
-5.2372 -4.5722 -2.4862 0.9709
-4.3407 -5.4379 -2.4882 0.9709
-3.7332 -5.8759 -2.4895 0.9709
-2.6271 -6.4539 -2.4918 0.9708
-2.3943 -6.5452 -2.4923 0.9708
-2.1583 -6.6282 -2.4928 0.9708
-1.9195 -6.7027 -2.4933 0.9708
-1.6781 -6.7685 -2.4938 0.9708
-1.1889 -6.8742 -2.4947 0.9708
-0.9417 -6.9137 -2.4952 0.9708
-0.6932 -6.9444 -2.4957 0.9708
-0.4437 -6.9662 -2.4962 0.9708
-0.1935 -6.9790 -2.4967 0.9708
0.5578 -6.9634 -2.4981 0.9708
0.8075 -6.9402 -2.4986 0.9708
1.0561 -6.9081 -2.4991 0.9707
1.3036 -6.8670 -2.4995 0.9707
1.7933 -6.7583 -2.5004 0.9707
2.5104 -6.5299 -2.5018 0.9707
2.7435 -6.4367 -2.5022 0.9707
2.9731 -6.3351 -2.5026 0.9707
3.1990 -6.2254 -2.5030 0.9707
3.4209 -6.1075 -2.5034 0.9707
3.6383 -5.9818 -2.5037 0.9707
4.8362 -5.0704 -2.5057 0.9707
5.1885 -4.7116 -2.5063 0.9707
5.3547 -4.5228 -2.5066 0.9707
5.5141 -4.3282 -2.5068 0.9707
6.2004 -3.2759 -2.5078 0.9706
6.3143 -3.0515 -2.5079 0.9706
6.4200 -2.8231 -2.5080 0.9706
6.5175 -2.5911 -2.5081 0.9706
6.6870 -2.1172 -2.5083 0.9706
6.8761 -1.3865 -2.5084 0.9706
6.9214 -1.1389 -2.5084 0.9706
6.9851 -0.6397 -2.5084 0.9706
7.0034 -0.3886 -2.5083 0.9706
7.0128 0.1146 -2.5082 0.9706
7.0039 0.3661 -2.5081 0.9706
6.9589 0.8673 -2.5078 0.9706
6.9229 1.1164 -2.5077 0.9707
6.8241 1.6097 -2.5073 0.9707
6.6099 2.3330 -2.5067 0.9707
6.2055 3.2531 -2.5056 0.9707
6.0840 3.4733 -2.5053 0.9707
5.9547 3.6888 -2.5049 0.9707
5.6733 4.1052 -2.5042 0.9707
5.5216 4.3055 -2.5039 0.9707
5.3627 4.5002 -2.5035 0.9707
5.1970 4.6890 -2.5031 0.9707
5.0247 4.8716 -2.5027 0.9707
4.8459 5.0479 -2.5023 0.9707
4.6609 5.2177 -2.5019 0.9707
4.4699 5.3806 -2.5015 0.9707
4.0712 5.6854 -2.5006 0.9707
3.6517 5.9605 -2.4997 0.9707
2.9884 6.3148 -2.4983 0.9708
2.7594 6.4168 -2.4979 0.9708
2.2913 6.5956 -2.4969 0.9708
1.5684 6.7996 -2.4954 0.9708
1.3232 6.8502 -2.4949 0.9708
1.0763 6.8919 -2.4945 0.9708
0.8282 6.9247 -2.4940 0.9708
0.3294 6.9635 -2.4930 0.9708
-0.6696 6.9337 -2.4911 0.9708
-0.9178 6.9039 -2.4906 0.9708
-1.6534 6.7616 -2.4892 0.9709
-2.8311 6.3526 -2.4871 0.9709
-3.2784 6.1312 -2.4863 0.9709
-3.7085 5.8786 -2.4856 0.9709
-3.9164 5.7410 -2.4852 0.9709
-4.1193 5.5960 -2.4849 0.9709
-5.0488 4.7681 -2.4834 0.9709
-5.2161 4.5834 -2.4831 0.9709
-5.3766 4.3929 -2.4829 0.9709
-5.5303 4.1967 -2.4826 0.9709
-5.8160 3.7887 -2.4822 0.9709
-6.0719 3.3615 -2.4819 0.9709
-6.1882 3.1412 -2.4817 0.9709
-6.2966 2.9171 -2.4816 0.9710
-6.3969 2.6891 -2.4815 0.9710
-6.4890 2.4578 -2.4814 0.9710
-6.5728 2.2233 -2.4813 0.9710
-6.8228 1.2602 -2.4811 0.9710
-6.8636 1.0146 -2.4812 0.9710
-6.9189 0.5198 -2.4812 0.9710
-6.9332 0.2712 -2.4813 0.9710
-6.9387 0.0223 -2.4813 0.9710
-6.9018 -0.7235 -2.4817 0.9710
-6.8718 -0.9707 -2.4818 0.9709
-6.7854 -1.4612 -2.4821 0.9709
-6.7291 -1.7038 -2.4823 0.9709
-6.6642 -1.9443 -2.4825 0.9709
-6.5908 -2.1823 -2.4828 0.9709
-6.5089 -2.4176 -2.4830 0.9709
-6.3201 -2.8788 -2.4835 0.9709
-5.9763 -3.5424 -2.4844 0.9709
-5.4110 -4.3633 -2.4858 0.9709
-5.2518 -4.5553 -2.4861 0.9709
-5.0858 -4.7415 -2.4865 0.9709
-4.7342 -5.0957 -2.4873 0.9709
-4.5491 -5.2631 -2.4877 0.9709
-4.3580 -5.4239 -2.4882 0.9709
-4.1614 -5.5777 -2.4886 0.9709
-3.7520 -5.8638 -2.4895 0.9709
-3.5398 -5.9958 -2.4899 0.9709
-3.1019 -6.2365 -2.4908 0.9708
-2.6477 -6.4453 -2.4918 0.9708
-2.4153 -6.5374 -2.4923 0.9708
-2.1796 -6.6211 -2.4928 0.9708
-1.9410 -6.6964 -2.4932 0.9708
-1.2110 -6.8702 -2.4947 0.9708
-0.9639 -6.9106 -2.4952 0.9708
-0.4660 -6.9646 -2.4962 0.9708
0.0346 -6.9828 -2.4971 0.9708
2.2528 -6.6218 -2.5013 0.9707
2.4894 -6.5378 -2.5017 0.9707
2.7228 -6.4454 -2.5021 0.9707
3.4012 -6.1184 -2.5033 0.9707
4.2439 -5.5721 -2.5048 0.9707
4.6337 -5.2548 -2.5054 0.9707
4.8198 -5.0858 -2.5057 0.9707
4.9998 -4.9102 -2.5060 0.9707
5.1733 -4.7281 -2.5063 0.9707
5.3401 -4.5400 -2.5065 0.9707
5.6530 -4.1461 -2.5070 0.9707
5.7986 -3.9410 -2.5072 0.9707
6.0672 -3.5155 -2.5076 0.9707
6.1898 -3.2958 -2.5077 0.9706
6.4109 -2.8437 -2.5080 0.9706
6.5989 -2.3769 -2.5082 0.9706
6.8716 -1.4086 -2.5084 0.9706
6.9549 -0.9122 -2.5084 0.9706
7.0132 0.0921 -2.5082 0.9706
7.0051 0.3436 -2.5081 0.9706
6.9617 0.8450 -2.5078 0.9706
6.8823 1.3418 -2.5075 0.9707
6.6967 2.0731 -2.5069 0.9707
6.6174 2.3118 -2.5067 0.9707
6.4333 2.7798 -2.5062 0.9707
6.3287 3.0085 -2.5059 0.9707
6.2159 3.2332 -2.5056 0.9707
5.8303 3.8809 -2.5046 0.9707
5.3772 4.4830 -2.5036 0.9707
5.2121 4.6723 -2.5032 0.9707
4.4872 5.3664 -2.5015 0.9707
3.6708 5.9489 -2.4998 0.9707
3.4544 6.0756 -2.4993 0.9707
1.5902 6.7947 -2.4955 0.9708
0.3518 6.9626 -2.4930 0.9708
-0.1484 6.9672 -2.4921 0.9708
-0.3982 6.9560 -2.4916 0.9708
-0.8956 6.9070 -2.4907 0.9708
-1.3881 6.8224 -2.4897 0.9709
-1.6317 6.7670 -2.4893 0.9709
-1.8731 6.7029 -2.4888 0.9709
-2.1120 6.6302 -2.4884 0.9709
-2.3481 6.5491 -2.4880 0.9709
-2.5811 6.4595 -2.4876 0.9709
-2.8108 6.3617 -2.4871 0.9709
-3.0367 6.2558 -2.4868 0.9709
-3.4764 6.0200 -2.4860 0.9709
-3.6896 5.8906 -2.4856 0.9709
-4.2994 5.4578 -2.4846 0.9709
-4.4919 5.2993 -2.4843 0.9709
-4.6785 5.1341 -2.4840 0.9709
-5.2014 4.6002 -2.4831 0.9709
-5.5168 4.2145 -2.4827 0.9709
-5.6640 4.0135 -2.4824 0.9709
-5.9363 3.5965 -2.4821 0.9709
-6.2872 2.9373 -2.4816 0.9710
-6.3882 2.7097 -2.4815 0.9710
-6.5656 2.2444 -2.4813 0.9710
-6.8603 1.0366 -2.4812 0.9710
-6.8932 0.7898 -2.4812 0.9710
-6.9172 0.5420 -2.4812 0.9710
-6.9323 0.2935 -2.4813 0.9710
-6.9386 0.0446 -2.4813 0.9710
-6.9360 -0.2044 -2.4814 0.9710
-6.9245 -0.4531 -2.4815 0.9710
-6.6704 -1.9229 -2.4825 0.9709
-6.5977 -2.1612 -2.4827 0.9709
-6.5165 -2.3967 -2.4830 0.9709
-6.4270 -2.6292 -2.4832 0.9709
-6.2233 -3.0840 -2.4838 0.9709
-6.1093 -3.3057 -2.4841 0.9709
-5.8581 -3.7362 -2.4847 0.9709
-5.7210 -3.9445 -2.4850 0.9709
-5.4250 -4.3459 -2.4857 0.9709
-5.2663 -4.5384 -2.4861 0.9709
-5.1009 -4.7251 -2.4865 0.9709
-4.9289 -4.9059 -2.4869 0.9709
-4.7504 -5.0804 -2.4873 0.9709
-4.5659 -5.2484 -2.4877 0.9709
-4.1792 -5.5642 -2.4885 0.9709
-3.5590 -5.9843 -2.4899 0.9709
-3.3427 -6.1092 -2.4903 0.9709
-2.8970 -6.3356 -2.4913 0.9708
-1.9625 -6.6900 -2.4932 0.9708
-1.7215 -6.7574 -2.4937 0.9708
-1.4782 -6.8161 -2.4942 0.9708
-1.2330 -6.8661 -2.4947 0.9708
-0.4884 -6.9630 -2.4961 0.9708
0.7629 -6.9450 -2.4985 0.9708
1.0117 -6.9145 -2.4990 0.9708
1.9919 -6.7035 -2.5008 0.9707
2.7020 -6.4540 -2.5021 0.9707
2.9323 -6.3539 -2.5025 0.9707
3.1589 -6.2456 -2.5029 0.9707
3.5997 -6.0049 -2.5037 0.9707
3.8134 -5.8727 -2.5040 0.9707
4.0222 -5.7329 -2.5044 0.9707
4.2259 -5.5857 -2.5047 0.9707
4.4242 -5.4312 -2.5051 0.9707
4.6168 -5.2696 -2.5054 0.9707
5.3255 -4.5570 -2.5065 0.9707
5.4861 -4.3635 -2.5067 0.9707
5.6396 -4.1642 -2.5070 0.9707
5.7859 -3.9595 -2.5072 0.9707
6.2945 -3.0920 -2.5079 0.9706
6.5007 -2.6329 -2.5081 0.9706
6.5912 -2.3981 -2.5082 0.9706
6.6732 -2.1601 -2.5083 0.9706
6.8112 -1.6761 -2.5084 0.9706
6.8670 -1.4306 -2.5084 0.9706
6.9809 -0.6845 -2.5084 0.9706
7.0117 -0.1821 -2.5083 0.9706
6.9644 0.8226 -2.5078 0.9706
6.9300 1.0719 -2.5077 0.9707
6.8344 1.5659 -2.5073 0.9707
6.7732 1.8099 -2.5071 0.9707
6.7034 2.0516 -2.5069 0.9707
6.4422 2.7592 -2.5062 0.9707
6.2263 3.2133 -2.5056 0.9707
5.8428 3.8622 -2.5047 0.9707
5.6997 4.0688 -2.5043 0.9707
5.2272 4.6556 -2.5032 0.9707
5.0560 4.8394 -2.5028 0.9707
4.6944 5.1878 -2.5020 0.9707
3.9013 5.8020 -2.5003 0.9707
3.6900 5.9371 -2.4998 0.9707
3.4740 6.0646 -2.4994 0.9707
3.0290 6.2957 -2.4984 0.9708
2.8006 6.3991 -2.4979 0.9708
2.5687 6.4942 -2.4975 0.9708
2.3336 6.5810 -2.4970 0.9708
2.0956 6.6592 -2.4965 0.9708
1.6121 6.7896 -2.4955 0.9708
1.1206 6.8851 -2.4945 0.9708
0.8727 6.9195 -2.4941 0.9708
0.1241 6.9691 -2.4926 0.9708
-0.1260 6.9677 -2.4921 0.9708
-0.6251 6.9381 -2.4912 0.9708
-0.8735 6.9099 -2.4907 0.9708
-1.1206 6.8728 -2.4902 0.9709
-1.3662 6.8270 -2.4898 0.9709
-1.6100 6.7723 -2.4893 0.9709
-2.0907 6.6371 -2.4884 0.9709
-2.5604 6.4679 -2.4876 0.9709
-2.7904 6.3708 -2.4872 0.9709
-3.0167 6.2656 -2.4868 0.9709
-3.4571 6.0313 -2.4860 0.9709
-3.8796 5.7661 -2.4853 0.9709
-4.0834 5.6225 -2.4849 0.9709
-4.6621 5.1492 -2.4840 0.9709
-5.0182 4.8005 -2.4834 0.9709
-5.3484 4.4274 -2.4829 0.9709
-6.3795 2.7302 -2.4815 0.9710
-6.4731 2.4994 -2.4814 0.9710
-6.5584 2.2655 -2.4813 0.9710
-6.6353 2.0287 -2.4812 0.9710
-6.7036 1.7893 -2.4812 0.9710
-6.8570 1.0586 -2.4811 0.9710
-6.9154 0.5642 -2.4812 0.9710
-6.9313 0.3157 -2.4813 0.9710
-6.9384 0.0668 -2.4813 0.9710
-6.7946 -1.4176 -2.4821 0.9709
-6.7399 -1.6605 -2.4823 0.9709
-6.6765 -1.9014 -2.4825 0.9709
-6.6045 -2.1399 -2.4827 0.9709
-6.5241 -2.3758 -2.4830 0.9709
-6.4353 -2.6085 -2.4832 0.9709
-6.3383 -2.8381 -2.4835 0.9709
-5.8699 -3.7174 -2.4847 0.9709
-5.4388 -4.3284 -2.4857 0.9709
-5.2808 -4.5214 -2.4861 0.9709
-5.1160 -4.7086 -2.4865 0.9709
-4.7667 -5.0650 -2.4872 0.9709
-4.5826 -5.2336 -2.4877 0.9709
-4.3926 -5.3956 -2.4881 0.9709
-4.1970 -5.5507 -2.4885 0.9709
-3.9958 -5.6987 -2.4889 0.9709
-3.7895 -5.8394 -2.4894 0.9709
-3.5782 -5.9727 -2.4898 0.9709
-3.3622 -6.0983 -2.4903 0.9709
-3.1418 -6.2162 -2.4908 0.9708
-2.6890 -6.4279 -2.4917 0.9708
-1.9839 -6.6835 -2.4931 0.9708
-1.5001 -6.8112 -2.4941 0.9708
-0.5107 -6.9612 -2.4961 0.9708
-0.2607 -6.9764 -2.4966 0.9708
0.2403 -6.9799 -2.4975 0.9708
0.4907 -6.9681 -2.4980 0.9708
1.2373 -6.8789 -2.4994 0.9707
1.4836 -6.8313 -2.4999 0.9707
2.2102 -6.6359 -2.5012 0.9707
2.4473 -6.5535 -2.5016 0.9707
2.9119 -6.3632 -2.5025 0.9707
3.1388 -6.2556 -2.5029 0.9707
3.7945 -5.8848 -2.5040 0.9707
4.0038 -5.7457 -2.5044 0.9707
4.2079 -5.5991 -2.5047 0.9707
4.7870 -5.1166 -2.5057 0.9707
4.9680 -4.9421 -2.5059 0.9707
5.1427 -4.7612 -2.5062 0.9707
5.3108 -4.5741 -2.5065 0.9707
5.9126 -3.7687 -2.5074 0.9707
6.1685 -3.3354 -2.5077 0.9706
6.2845 -3.1122 -2.5079 0.9706
6.3925 -2.8848 -2.5080 0.9706
6.5834 -2.4192 -2.5082 0.9706
6.6662 -2.1815 -2.5083 0.9706
6.9101 -1.2056 -2.5084 0.9706
6.9489 -0.9568 -2.5084 0.9706
7.0137 0.0470 -2.5082 0.9706
7.0072 0.2986 -2.5081 0.9706
6.9917 0.5498 -2.5080 0.9706
6.8394 1.5439 -2.5074 0.9707
6.7791 1.7882 -2.5072 0.9707
6.5459 2.5055 -2.5065 0.9707
6.4511 2.7385 -2.5062 0.9707
6.3480 2.9678 -2.5059 0.9707
6.2367 3.1933 -2.5056 0.9707
6.1174 3.4146 -2.5053 0.9707
5.7128 4.0505 -2.5043 0.9707
5.5630 4.2523 -2.5040 0.9707
5.0716 4.8232 -2.5028 0.9707
4.8945 5.0013 -2.5024 0.9707
4.3266 5.4954 -2.5012 0.9707
4.1259 5.6461 -2.5007 0.9707
3.7091 5.9253 -2.4999 0.9707
3.4935 6.0535 -2.4994 0.9707
3.2734 6.1738 -2.4989 0.9708
2.8212 6.3902 -2.4980 0.9708
2.5896 6.4861 -2.4975 0.9708
1.8766 6.7229 -2.4961 0.9708
1.3892 6.8375 -2.4951 0.9708
1.1427 6.8815 -2.4946 0.9708
0.8949 6.9168 -2.4941 0.9708
0.6461 6.9431 -2.4936 0.9708
0.3965 6.9604 -2.4931 0.9708
0.1465 6.9688 -2.4926 0.9708
-0.6028 6.9402 -2.4912 0.9708
-0.8513 6.9128 -2.4907 0.9708
-1.3443 6.8314 -2.4898 0.9709
-1.5883 6.7776 -2.4894 0.9709
-2.0694 6.6439 -2.4885 0.9709
-2.5397 6.4762 -2.4876 0.9709
-2.7699 6.3798 -2.4872 0.9709
-2.9966 6.2753 -2.4868 0.9709
-3.2193 6.1628 -2.4864 0.9709
-3.6518 5.9143 -2.4857 0.9709
-3.8611 5.7786 -2.4853 0.9709
-4.0654 5.6356 -2.4850 0.9709
-4.2644 5.4854 -2.4846 0.9709
-4.4579 5.3282 -2.4843 0.9709
-5.0028 4.8166 -2.4835 0.9709
-5.4897 4.2499 -2.4827 0.9709
-5.9131 3.6346 -2.4821 0.9709
-6.3749 -1.1563 -2.4828 0.9726
-6.3297 -1.3843 -2.4830 0.9726
-6.2151 -1.8349 -2.4834 0.9726
-6.1458 -2.0569 -2.4836 0.9726
-5.9835 -2.4928 -2.4840 0.9726
-5.7906 -2.9161 -2.4845 0.9726
-5.6829 -3.1223 -2.4848 0.9726
-5.5678 -3.3245 -2.4851 0.9726
-5.4456 -3.5226 -2.4854 0.9726
-5.1803 -3.9050 -2.4861 0.9726
-4.8883 -4.2676 -2.4867 0.9726
-4.5710 -4.6085 -2.4875 0.9726
-4.4034 -4.7703 -2.4878 0.9726
-4.2301 -4.9260 -2.4882 0.9726
-3.6781 -5.3546 -2.4894 0.9726
-3.0830 -5.7217 -2.4907 0.9725
-2.8763 -5.8296 -2.4911 0.9725
-2.4517 -6.0230 -2.4920 0.9725
-1.7913 -6.2550 -2.4934 0.9725
-1.1095 -6.4147 -2.4947 0.9725
-0.4140 -6.5004 -2.4961 0.9725
-0.1805 -6.5122 -2.4966 0.9725
0.0532 -6.5157 -2.4970 0.9725
0.2870 -6.5108 -2.4975 0.9725
0.5205 -6.4974 -2.4979 0.9725
0.7534 -6.4757 -2.4983 0.9725
0.9854 -6.4456 -2.4988 0.9725
1.2163 -6.4072 -2.4992 0.9725
1.4456 -6.3606 -2.4996 0.9724
1.6732 -6.3057 -2.5001 0.9724
2.1217 -6.1715 -2.5009 0.9724
2.3422 -6.0923 -2.5013 0.9724
2.5596 -6.0053 -2.5017 0.9724
2.7739 -5.9105 -2.5020 0.9724
2.9846 -5.8081 -2.5024 0.9724
3.5929 -5.4560 -2.5035 0.9724
3.7868 -5.3243 -2.5038 0.9724
3.9759 -5.1857 -2.5041 0.9724
4.1599 -5.0403 -2.5044 0.9724
4.3386 -4.8884 -2.5047 0.9724
4.6790 -4.5657 -2.5053 0.9724
4.8402 -4.3953 -2.5055 0.9724
5.4211 -3.6590 -2.5064 0.9724
5.7840 -3.0559 -2.5069 0.9724
5.8902 -2.8466 -2.5070 0.9724
5.9889 -2.6335 -2.5071 0.9724
6.0797 -2.4171 -2.5072 0.9724
6.2378 -1.9750 -2.5074 0.9724
6.4142 -1.2934 -2.5075 0.9724
6.4564 -1.0624 -2.5075 0.9724
6.5330 -0.3625 -2.5074 0.9724
6.5335 0.3415 -2.5072 0.9724
6.3659 1.5016 -2.5065 0.9724
6.3074 1.7289 -2.5063 0.9724
6.2408 1.9539 -2.5061 0.9724
5.9931 2.6125 -2.5054 0.9724
5.6758 3.2402 -2.5045 0.9724
5.5552 3.4413 -2.5042 0.9724
5.4275 3.6380 -2.5039 0.9724
5.0032 4.1984 -2.5029 0.9724
4.8486 4.3746 -2.5026 0.9724
4.6879 4.5451 -2.5022 0.9724
4.5211 4.7096 -2.5018 0.9724
4.3485 4.8681 -2.5014 0.9724
4.1704 5.0201 -2.5010 0.9724
3.7985 5.3046 -2.5002 0.9724
3.4072 5.5614 -2.4994 0.9724
2.9985 5.7894 -2.4985 0.9725
2.7884 5.8922 -2.4981 0.9725
2.5748 5.9874 -2.4976 0.9725
2.1380 6.1544 -2.4967 0.9725
1.9155 6.2260 -2.4963 0.9725
1.6906 6.2896 -2.4958 0.9725
1.4635 6.3451 -2.4954 0.9725
0.7729 6.4620 -2.4940 0.9725
0.5404 6.4844 -2.4936 0.9725
-0.8565 6.4432 -2.4909 0.9725
-1.3159 6.3630 -2.4900 0.9725
-1.5431 6.3107 -2.4896 0.9726
-1.7682 6.2502 -2.4892 0.9726
-2.4284 6.0211 -2.4880 0.9726
-2.6425 5.9292 -2.4876 0.9726
-2.8531 5.8297 -2.4872 0.9726
-3.4615 5.4871 -2.4862 0.9726
-4.8690 4.2784 -2.4839 0.9726
-5.0189 4.1006 -2.4837 0.9726
-5.5522 3.3394 -2.4829 0.9726
-5.7766 2.9323 -2.4826 0.9726
-5.9715 2.5103 -2.4824 0.9726
-6.2061 1.8540 -2.4821 0.9726
-6.2685 1.6301 -2.4821 0.9726
-6.3691 1.1764 -2.4820 0.9726
-6.4072 0.9471 -2.4821 0.9726
-6.4372 0.7166 -2.4821 0.9726
-6.4588 0.4852 -2.4821 0.9726
-6.4773 0.0208 -2.4822 0.9726
-6.4626 -0.4438 -2.4824 0.9726
-6.4428 -0.6754 -2.4825 0.9726
-6.4148 -0.9061 -2.4827 0.9726
-6.3341 -1.3640 -2.4830 0.9726
-6.2815 -1.5905 -2.4832 0.9726
-6.1523 -2.0372 -2.4836 0.9726
-5.9915 -2.4735 -2.4840 0.9726
-5.4569 -3.5050 -2.4854 0.9726
-5.1928 -3.8883 -2.4860 0.9726
-5.0506 -4.0727 -2.4864 0.9726
-4.7469 -4.4256 -2.4871 0.9726
-4.4187 -4.7561 -2.4878 0.9726
-4.0675 -5.0623 -2.4886 0.9726
-3.6952 -5.3426 -2.4894 0.9726
-3.3037 -5.5958 -2.4902 0.9725
-2.6847 -5.9214 -2.4915 0.9725
-2.2540 -6.1009 -2.4924 0.9725
-2.0340 -6.1789 -2.4929 0.9725
-1.5863 -6.3112 -2.4938 0.9725
-1.3591 -6.3652 -2.4942 0.9725
-1.1300 -6.4110 -2.4947 0.9725
-0.6676 -6.4779 -2.4956 0.9725
0.2661 -6.5115 -2.4974 0.9725
0.4996 -6.4990 -2.4979 0.9725
1.4252 -6.3651 -2.4996 0.9724
1.6529 -6.3109 -2.5000 0.9724
2.5403 -6.0134 -2.5016 0.9724
2.9659 -5.8175 -2.5024 0.9724
3.1731 -5.7082 -2.5027 0.9724
3.7697 -5.3364 -2.5038 0.9724
3.9592 -5.1984 -2.5041 0.9724
4.1437 -5.0536 -2.5044 0.9724
4.3228 -4.9022 -2.5047 0.9724
4.6642 -4.5806 -2.5052 0.9724
4.8261 -4.4108 -2.5055 0.9724
5.4093 -3.6763 -2.5064 0.9724
5.5381 -3.4802 -2.5066 0.9724
5.7741 -3.0744 -2.5069 0.9724
5.9803 -2.6527 -2.5071 0.9724
6.0719 -2.4366 -2.5072 0.9724
6.1556 -2.2172 -2.5073 0.9724
6.2314 -1.9950 -2.5074 0.9724
6.3587 -1.5431 -2.5075 0.9724
6.4530 -1.0831 -2.5075 0.9724
6.4877 -0.8509 -2.5075 0.9724
6.5318 -0.3835 -2.5074 0.9724
6.5421 0.0859 -2.5073 0.9724
6.5346 0.3205 -2.5072 0.9724
6.4202 1.2517 -2.5067 0.9724
6.3707 1.4812 -2.5065 0.9724
6.3130 1.7087 -2.5063 0.9724
6.2471 1.9339 -2.5061 0.9724
6.1732 2.1566 -2.5059 0.9724
5.6862 3.2220 -2.5046 0.9724
5.4392 3.6206 -2.5040 0.9724
5.1642 4.0003 -2.5033 0.9724
5.0167 4.1824 -2.5030 0.9724
4.5363 4.6951 -2.5019 0.9724
4.1866 5.0068 -2.5011 0.9724
3.6226 5.4250 -2.4999 0.9724
2.8074 5.8833 -2.4981 0.9725
2.3774 6.0673 -2.4972 0.9725
1.0251 6.4282 -2.4945 0.9725
0.3283 6.4975 -2.4931 0.9725
0.0949 6.5040 -2.4927 0.9725
-0.3716 6.4917 -2.4918 0.9725
-1.0664 6.4108 -2.4905 0.9725
-1.2955 6.3673 -2.4901 0.9725
-1.5229 6.3157 -2.4896 0.9726
-2.4091 6.0290 -2.4880 0.9726
-2.8344 5.8389 -2.4873 0.9726
-3.0416 5.7326 -2.4869 0.9726
-3.6384 5.3704 -2.4859 0.9726
-4.0132 5.0944 -2.4853 0.9726
-4.3671 4.7924 -2.4847 0.9726
-4.8553 4.2941 -2.4839 0.9726
-5.0058 4.1167 -2.4837 0.9726
-5.2872 3.7465 -2.4833 0.9726
-5.4178 3.5542 -2.4831 0.9726
-5.8691 2.7419 -2.4825 0.9726
-5.9634 2.5295 -2.4824 0.9726
-6.0501 2.3138 -2.4823 0.9726
-6.1290 2.0952 -2.4822 0.9726
-6.2632 1.6502 -2.4821 0.9726
-6.4713 0.2740 -2.4822 0.9726
-6.4747 -0.1908 -2.4823 0.9726
-6.4640 -0.4230 -2.4824 0.9726
-6.3821 -1.1153 -2.4828 0.9726
-6.3384 -1.3436 -2.4830 0.9726
-6.2865 -1.5703 -2.4831 0.9726
-6.2266 -1.7950 -2.4833 0.9726
-6.1587 -2.0174 -2.4835 0.9726
-5.9993 -2.4543 -2.4840 0.9726
-5.9080 -2.6682 -2.4842 0.9726
-5.8091 -2.8787 -2.4845 0.9726
-5.7027 -3.0856 -2.4848 0.9726
-5.5889 -3.2886 -2.4851 0.9726
-5.2052 -3.8716 -2.4860 0.9726
-4.6004 -4.5790 -2.4874 0.9726
-4.4338 -4.7418 -2.4878 0.9726
-4.2615 -4.8986 -2.4882 0.9726
-3.9005 -5.1932 -2.4890 0.9726
-3.3216 -5.5850 -2.4902 0.9725
-3.1196 -5.7016 -2.4906 0.9725
-2.9136 -5.8109 -2.4911 0.9725
-2.4902 -6.0070 -2.4919 0.9725
-1.8314 -6.2431 -2.4933 0.9725
-1.6065 -6.3060 -2.4937 0.9725
-1.3795 -6.3607 -2.4942 0.9725
-1.1506 -6.4073 -2.4947 0.9725
-0.9201 -6.4456 -2.4951 0.9725
-0.6884 -6.4757 -2.4956 0.9725
-0.4557 -6.4974 -2.4960 0.9725
-0.2224 -6.5107 -2.4965 0.9725
0.0114 -6.5157 -2.4969 0.9725
0.7118 -6.4802 -2.4983 0.9725
0.9440 -6.4516 -2.4987 0.9725
1.4047 -6.3695 -2.4996 0.9724
1.6326 -6.3161 -2.5000 0.9724
1.8585 -6.2545 -2.5004 0.9724
2.3029 -6.1071 -2.5012 0.9724
2.5209 -6.0215 -2.5016 0.9724
3.1548 -5.7183 -2.5027 0.9724
3.3584 -5.6022 -2.5031 0.9724
3.5577 -5.4789 -2.5034 0.9724
4.3070 -4.9160 -2.5047 0.9724
4.8118 -4.4262 -2.5055 0.9724
5.5269 -3.4979 -2.5065 0.9724
5.7642 -3.0930 -2.5069 0.9724
5.8718 -2.8843 -2.5070 0.9724
6.1485 -2.2370 -2.5073 0.9724
6.4057 -1.3345 -2.5075 0.9724
6.4849 -0.8718 -2.5075 0.9724
6.5120 -0.6385 -2.5075 0.9724
6.5424 0.0649 -2.5073 0.9724
6.5204 0.5338 -2.5071 0.9724
6.4646 0.9999 -2.5068 0.9724
6.3754 1.4607 -2.5065 0.9724
6.3185 1.6884 -2.5063 0.9724
6.2533 1.9138 -2.5061 0.9724
6.0098 2.5740 -2.5054 0.9724
5.5773 3.4057 -2.5043 0.9724
5.4509 3.6031 -2.5040 0.9724
4.8767 4.3435 -2.5026 0.9724
4.3798 4.8402 -2.5015 0.9724
4.2027 4.9934 -2.5011 0.9724
3.6401 5.4134 -2.4999 0.9724
3.0358 5.7702 -2.4986 0.9725
2.8263 5.8744 -2.4982 0.9725
2.3969 6.0598 -2.4973 0.9725
2.1776 6.1408 -2.4968 0.9725
1.9555 6.2138 -2.4964 0.9725
1.7310 6.2788 -2.4959 0.9725
1.5043 6.3357 -2.4955 0.9725
0.8144 6.4572 -2.4941 0.9725
0.5821 6.4810 -2.4936 0.9725
0.3491 6.4966 -2.4932 0.9725
0.1158 6.5037 -2.4927 0.9725
-0.1176 6.5025 -2.4923 0.9725
-0.3508 6.4929 -2.4918 0.9725
-0.8152 6.4488 -2.4910 0.9725
-1.2751 6.3715 -2.4901 0.9725
-1.9513 6.1946 -2.4889 0.9726
-2.1720 6.1196 -2.4885 0.9726
-2.3898 6.0368 -2.4881 0.9726
-2.8156 5.8481 -2.4873 0.9726
-3.0232 5.7425 -2.4869 0.9726
-3.2268 5.6295 -2.4866 0.9726
-3.6212 5.3821 -2.4859 0.9726
-3.9968 5.1073 -2.4853 0.9726
-4.1770 4.9600 -2.4850 0.9726
-4.5209 4.6467 -2.4844 0.9726
-4.6842 4.4810 -2.4842 0.9726
-4.8415 4.3097 -2.4839 0.9726
-4.9926 4.1328 -2.4837 0.9726
-5.1372 3.9507 -2.4835 0.9726
-5.2752 3.7635 -2.4833 0.9726
-5.5307 3.3750 -2.4829 0.9726
-5.7578 2.9694 -2.4826 0.9726
-5.8603 2.7608 -2.4825 0.9726
-5.9553 2.5486 -2.4824 0.9726
-6.1941 1.8938 -2.4821 0.9726
-6.2579 1.6703 -2.4821 0.9726
-6.3137 1.4447 -2.4821 0.9726
-6.3614 1.2173 -2.4821 0.9726
-6.4324 0.7579 -2.4821 0.9726
-6.4704 0.2947 -2.4822 0.9726
-6.4204 -0.8649 -2.4826 0.9726
-6.3856 -1.0948 -2.4828 0.9726
-6.1651 -1.9976 -2.4835 0.9726
-6.0900 -2.2177 -2.4837 0.9726
-5.9165 -2.6492 -2.4842 0.9726
-5.4791 -3.4699 -2.4853 0.9726
-5.3518 -3.6647 -2.4856 0.9726
-5.2175 -3.8548 -2.4860 0.9726
-5.0765 -4.0401 -2.4863 0.9726
-4.9290 -4.2202 -2.4866 0.9726
-4.7751 -4.3949 -2.4870 0.9726
-4.6150 -4.5641 -2.4874 0.9726
-4.4490 -4.7274 -2.4877 0.9726
-4.2772 -4.8848 -2.4881 0.9726
-4.0998 -5.0359 -2.4885 0.9726
-3.9171 -5.1806 -2.4889 0.9726
-3.7293 -5.3186 -2.4893 0.9726
-3.5367 -5.4499 -2.4897 0.9726
-3.3395 -5.5743 -2.4902 0.9725
-2.7226 -5.9039 -2.4915 0.9725
-2.5095 -5.9988 -2.4919 0.9725
-1.8514 -6.2371 -2.4933 0.9725
-1.6267 -6.3007 -2.4937 0.9725
-1.3999 -6.3561 -2.4942 0.9725
-0.9408 -6.4425 -2.4951 0.9725
-0.7092 -6.4733 -2.4955 0.9725
-0.2433 -6.5099 -2.4964 0.9725
-0.0095 -6.5156 -2.4969 0.9725
0.6910 -6.4824 -2.4982 0.9725
0.9233 -6.4545 -2.4987 0.9725
1.1544 -6.4184 -2.4991 0.9725
1.3842 -6.3739 -2.4995 0.9724
1.8383 -6.2603 -2.5004 0.9724
2.2833 -6.1143 -2.5012 0.9724
3.1363 -5.7283 -2.5027 0.9724
3.3403 -5.6129 -2.5030 0.9724
3.5400 -5.4902 -2.5034 0.9724
3.9256 -5.2236 -2.5040 0.9724
4.1110 -5.0800 -2.5043 0.9724
4.6346 -4.6104 -2.5052 0.9724
4.9543 -4.2670 -2.5057 0.9724
5.3855 -3.7110 -2.5063 0.9724
5.8625 -2.9032 -2.5070 0.9724
5.9631 -2.6911 -2.5071 0.9724
6.0561 -2.4755 -2.5072 0.9724
6.1412 -2.2567 -2.5073 0.9724
6.2184 -2.0350 -2.5074 0.9724
6.3486 -1.5839 -2.5075 0.9724
6.4459 -1.1246 -2.5075 0.9724
6.5292 -0.4254 -2.5074 0.9724
6.5401 -0.1909 -2.5074 0.9724
6.4282 1.2105 -2.5067 0.9724
6.3801 1.4402 -2.5065 0.9724
6.3239 1.6681 -2.5063 0.9724
6.2595 1.8938 -2.5061 0.9724
6.1065 2.3373 -2.5057 0.9724
6.0181 2.5547 -2.5054 0.9724
5.8182 2.9790 -2.5049 0.9724
5.4625 3.5857 -2.5040 0.9724
5.3296 3.7788 -2.5037 0.9724
5.1899 3.9671 -2.5034 0.9724
4.7316 4.4999 -2.5023 0.9724
4.5664 4.6660 -2.5019 0.9724
4.3954 4.8261 -2.5015 0.9724
4.2188 4.9799 -2.5012 0.9724
4.0367 5.1273 -2.5008 0.9724
3.6575 5.4018 -2.4999 0.9724
3.0543 5.7605 -2.4986 0.9725
2.6324 5.9626 -2.4978 0.9725
2.4164 6.0522 -2.4973 0.9725
2.1973 6.1339 -2.4969 0.9725
1.5247 6.3310 -2.4955 0.9725
1.2963 6.3804 -2.4951 0.9725
1.0664 6.4217 -2.4946 0.9725
0.3700 6.4955 -2.4932 0.9725
0.1367 6.5034 -2.4928 0.9725
-0.0967 6.5030 -2.4923 0.9725
-0.3299 6.4941 -2.4919 0.9725
-1.0253 6.4177 -2.4906 0.9725
-2.1523 6.1266 -2.4885 0.9726
-3.0048 5.7522 -2.4870 0.9726
-3.4086 5.5204 -2.4863 0.9726
-3.7947 5.2603 -2.4856 0.9726
-3.9805 5.1202 -2.4853 0.9726
-4.1611 4.9735 -2.4850 0.9726
-4.3364 4.8204 -2.4847 0.9726
-5.2631 3.7805 -2.4833 0.9726
-5.3949 3.5889 -2.4831 0.9726
-6.0669 0.0000 -2.4830 0.9741
-6.0632 -0.2177 -2.4831 0.9741
-6.0055 -0.8680 -2.4834 0.9741
-5.9708 -1.0830 -2.4836 0.9741
-5.9285 -1.2966 -2.4837 0.9741
-5.8785 -1.5085 -2.4839 0.9741
-5.6838 -2.1320 -2.4845 0.9741
-4.9791 -3.4804 -2.4863 0.9741
-4.7179 -3.8294 -2.4869 0.9741
-4.2808 -4.3159 -2.4879 0.9741
-4.1238 -4.4674 -2.4883 0.9741
-3.7939 -4.7530 -2.4890 0.9741
-3.6215 -4.8868 -2.4894 0.9741
-3.2628 -5.1355 -2.4902 0.9740
-2.0923 -5.7196 -2.4926 0.9740
-1.6773 -5.8569 -2.4935 0.9740
-1.4664 -5.9143 -2.4939 0.9740
-1.2534 -5.9642 -2.4943 0.9740
-0.6056 -6.0674 -2.4956 0.9740
-0.1690 -6.0973 -2.4964 0.9740
0.0498 -6.1005 -2.4969 0.9740
0.2687 -6.0958 -2.4973 0.9740
0.4873 -6.0833 -2.4977 0.9740
0.7054 -6.0629 -2.4981 0.9740
1.1387 -5.9986 -2.4989 0.9740
1.5664 -5.9034 -2.4997 0.9739
1.7775 -5.8443 -2.5001 0.9739
1.9863 -5.7776 -2.5005 0.9739
2.3962 -5.6220 -2.5012 0.9739
2.5968 -5.5332 -2.5016 0.9739
2.9877 -5.3342 -2.5023 0.9739
3.3634 -5.1075 -2.5029 0.9739
3.5449 -4.9842 -2.5032 0.9739
3.7219 -4.8544 -2.5035 0.9739
3.8941 -4.7182 -2.5038 0.9739
5.1944 -3.2410 -2.5058 0.9739
5.4141 -2.8605 -2.5061 0.9739
5.8388 -1.8487 -2.5066 0.9739
5.9014 -1.6380 -2.5066 0.9739
6.0038 -1.2106 -2.5067 0.9739
6.0434 -0.9945 -2.5067 0.9739
6.0991 -0.5585 -2.5066 0.9739
6.1151 -0.3393 -2.5066 0.9739
6.1232 -0.1197 -2.5065 0.9739
6.1156 0.3197 -2.5064 0.9739
6.0764 0.7573 -2.5062 0.9739
6.0058 1.1910 -2.5059 0.9739
3.0683 0.7238 -1.2902 0.9865
3.0028 0.8231 -1.2743 0.9866
2.9866 0.9351 -1.2808 0.9866
2.9714 1.0488 -1.2897 0.9865
5.6946 2.2428 -2.5049 0.9739
5.6100 2.4455 -2.5047 0.9739
5.5181 2.6449 -2.5044 0.9739
5.4191 2.8409 -2.5042 0.9739
5.3131 3.0332 -2.5039 0.9739
5.0808 3.4056 -2.5033 0.9739
4.9547 3.5852 -2.5030 0.9739
4.6836 3.9303 -2.5024 0.9739
4.5390 4.0953 -2.5021 0.9739
4.3886 4.2549 -2.5017 0.9739
4.2325 4.4090 -2.5014 0.9739
4.0710 4.5573 -2.5010 0.9739
3.9043 4.6998 -2.5006 0.9739
3.5561 4.9661 -2.4999 0.9739
3.3751 5.0897 -2.4995 0.9740
3.0005 5.3170 -2.4987 0.9740
1.3703 5.9410 -2.4953 0.9740
1.1561 5.9853 -2.4949 0.9740
0.7237 6.0507 -2.4941 0.9740
0.5060 6.0718 -2.4936 0.9740
0.2878 6.0850 -2.4932 0.9740
0.0693 6.0904 -2.4928 0.9740
-0.5852 6.0595 -2.4915 0.9740
-0.8021 6.0336 -2.4911 0.9740
-1.0179 6.0000 -2.4907 0.9740
-1.4451 5.9097 -2.4899 0.9740
-1.8645 5.7890 -2.4892 0.9741
-2.0707 5.7175 -2.4888 0.9741
-2.8657 5.3595 -2.4874 0.9741
-3.4237 5.0186 -2.4864 0.9741
-3.7738 4.7591 -2.4858 0.9741
-3.9417 4.6201 -2.4856 0.9741
-4.1045 4.4752 -2.4853 0.9741
-4.2620 4.3246 -2.4850 0.9741
-4.4140 4.1685 -2.4848 0.9741
-4.5603 4.0071 -2.4846 0.9741
-4.8351 3.6692 -2.4842 0.9741
-4.9632 3.4931 -2.4840 0.9741
-5.0850 3.3125 -2.4838 0.9741
-5.5053 2.5505 -2.4832 0.9741
-5.5931 2.3512 -2.4831 0.9741
-5.8128 1.7365 -2.4829 0.9741
-5.9222 1.3152 -2.4829 0.9741
-5.9656 1.1018 -2.4829 0.9741
-6.0013 0.8871 -2.4829 0.9741
-6.0496 0.4545 -2.4829 0.9741
-6.0530 -0.4156 -2.4832 0.9741
-5.9742 -1.0638 -2.4836 0.9741
-5.5253 -2.5168 -2.4849 0.9741
-5.1107 -3.2827 -2.4860 0.9741
-4.9902 -3.4643 -2.4863 0.9741
-4.7301 -3.8142 -2.4869 0.9741
-4.2946 -4.3021 -2.4879 0.9741
-3.6371 -4.8751 -2.4894 0.9741
-3.0937 -5.2401 -2.4905 0.9740
-2.3138 -5.6325 -2.4922 0.9740
-1.4853 -5.9095 -2.4938 0.9740
-1.0581 -6.0029 -2.4947 0.9740
-0.6251 -6.0654 -2.4956 0.9740
0.0302 -6.1005 -2.4968 0.9740
0.4678 -6.0847 -2.4977 0.9740
0.9032 -6.0375 -2.4985 0.9740
1.1194 -6.0022 -2.4989 0.9740
1.3343 -5.9591 -2.4993 0.9740
1.5474 -5.9083 -2.4997 0.9739
1.7587 -5.8499 -2.5001 0.9739
1.9678 -5.7839 -2.5005 0.9739
2.9705 -5.3437 -2.5022 0.9739
3.8789 -4.7307 -2.5038 0.9739
4.2090 -4.4413 -2.5043 0.9739
4.5176 -4.1288 -2.5048 0.9739
4.8028 -3.7949 -2.5052 0.9739
5.1839 -3.2576 -2.5058 0.9739
5.5049 -2.6822 -2.5062 0.9739
5.5978 -2.4831 -2.5063 0.9739
5.7619 -2.0754 -2.5065 0.9739
5.9999 -1.2299 -2.5067 0.9739
6.0727 -0.7965 -2.5067 0.9739
6.1140 -0.3590 -2.5066 0.9739
6.1228 -0.1394 -2.5065 0.9739
6.1237 0.0804 -2.5065 0.9739
6.1166 0.3000 -2.5064 0.9739
6.0096 1.1717 -2.5059 0.9739
5.9633 1.3865 -2.5057 0.9739
3.0041 0.8131 -1.2738 0.9866
2.9728 1.0386 -1.2888 0.9865
5.5266 2.6272 -2.5045 0.9739
5.3229 3.0161 -2.5039 0.9739
5.2106 3.2048 -2.5037 0.9739
5.0917 3.3893 -2.5034 0.9739
4.8344 3.7448 -2.5028 0.9739
4.5522 4.0807 -2.5021 0.9739
4.2467 4.3954 -2.5014 0.9739
4.0857 4.5443 -2.5010 0.9739
3.5721 4.9548 -2.4999 0.9739
3.3915 5.0789 -2.4995 0.9739
3.2066 5.1965 -2.4991 0.9740
3.0176 5.3074 -2.4987 0.9740
2.8248 5.4113 -2.4983 0.9740
2.0203 5.7559 -2.4967 0.9740
1.3894 5.9367 -2.4954 0.9740
1.1754 5.9817 -2.4950 0.9740
0.7431 6.0485 -2.4941 0.9740
0.3074 6.0841 -2.4932 0.9740
-0.1297 6.0884 -2.4924 0.9740
-0.5657 6.0614 -2.4916 0.9740
-0.7827 6.0362 -2.4912 0.9740
-0.9986 6.0033 -2.4908 0.9740
-1.4261 5.9143 -2.4900 0.9740
-1.6371 5.8585 -2.4896 0.9741
-2.0524 5.7243 -2.4888 0.9741
-2.6544 5.4682 -2.4878 0.9741
-2.8485 5.3687 -2.4874 0.9741
-3.2253 5.1493 -2.4868 0.9741
-3.4076 5.0296 -2.4865 0.9741
-3.7586 4.7712 -2.4859 0.9741
-3.9269 4.6328 -2.4856 0.9741
-4.0901 4.4884 -2.4853 0.9741
-4.2481 4.3383 -2.4851 0.9741
-4.5474 4.0218 -2.4846 0.9741
-4.6884 3.8557 -2.4844 0.9741
-5.0744 3.3289 -2.4838 0.9741
-5.1902 3.1445 -2.4837 0.9741
-5.2994 2.9560 -2.4835 0.9741
-5.4017 2.7639 -2.4834 0.9741
-5.6667 2.1672 -2.4831 0.9741
-5.8072 1.7552 -2.4829 0.9741
-5.8664 1.5456 -2.4829 0.9741
-5.9984 0.9064 -2.4829 0.9741
-6.0271 0.6906 -2.4829 0.9741
-6.0481 0.4739 -2.4829 0.9741
-6.0613 0.2566 -2.4830 0.9741
-6.0667 0.0390 -2.4830 0.9741
-6.0365 -0.6132 -2.4833 0.9741
-5.9776 -1.0446 -2.4836 0.9741
-5.9366 -1.2585 -2.4837 0.9741
-5.8880 -1.4707 -2.4839 0.9741
-5.8319 -1.6812 -2.4840 0.9741
-5.7683 -1.8895 -2.4842 0.9741
-5.6973 -2.0954 -2.4844 0.9741
-5.5333 -2.4990 -2.4849 0.9741
-5.4406 -2.6962 -2.4851 0.9741
-5.0012 -3.4482 -2.4862 0.9741
-4.8749 -3.6259 -2.4865 0.9741
-4.7422 -3.7990 -2.4869 0.9741
-3.9909 -4.5875 -2.4886 0.9741
-3.8243 -4.7284 -2.4889 0.9741
-2.9213 -5.3392 -2.4909 0.9740
-2.1289 -5.7059 -2.4925 0.9740
-1.9231 -5.7796 -2.4930 0.9740
-1.0773 -5.9994 -2.4947 0.9740
-0.8615 -6.0352 -2.4951 0.9740
-0.4267 -6.0835 -2.4959 0.9740
0.0107 -6.1005 -2.4968 0.9740
0.2296 -6.0972 -2.4972 0.9740
0.4482 -6.0861 -2.4976 0.9740
0.8838 -6.0403 -2.4985 0.9740
1.1001 -6.0056 -2.4989 0.9740
1.3151 -5.9633 -2.4993 0.9740
1.9491 -5.7901 -2.5004 0.9739
2.5611 -5.5496 -2.5015 0.9739
2.7590 -5.4549 -2.5019 0.9739
2.9533 -5.3531 -2.5022 0.9739
3.3304 -5.1289 -2.5029 0.9739
3.6906 -4.8781 -2.5035 0.9739
4.0318 -4.6019 -2.5040 0.9739
4.5042 -4.1433 -2.5048 0.9739
4.6504 -3.9794 -2.5050 0.9739
5.1734 -3.2742 -2.5058 0.9739
5.3955 -2.8951 -2.5061 0.9739
5.5898 -2.5010 -2.5063 0.9739
5.7552 -2.0939 -2.5065 0.9739
5.9472 -1.4635 -2.5067 0.9739
6.0369 -1.0332 -2.5067 0.9739
6.0701 -0.8160 -2.5067 0.9739
6.0954 -0.5977 -2.5067 0.9739
6.1128 -0.3786 -2.5066 0.9739
6.1239 0.0607 -2.5065 0.9739
6.1176 0.2804 -2.5064 0.9739
3.0055 0.8031 -1.2732 0.9866
5.7090 2.2062 -2.5050 0.9739
5.6257 2.4094 -2.5047 0.9739
5.4373 2.8061 -2.5042 0.9739
5.2210 3.1881 -2.5037 0.9739
4.7089 3.9002 -2.5025 0.9739
4.1003 4.5312 -2.5011 0.9739
2.8422 5.4023 -2.4984 0.9740
2.6461 5.4999 -2.4979 0.9740
2.4467 5.5904 -2.4975 0.9740
2.2442 5.6736 -2.4971 0.9740
1.8309 5.8180 -2.4963 0.9740
1.6207 5.8789 -2.4958 0.9740
1.4085 5.9323 -2.4954 0.9740
0.9791 6.0159 -2.4946 0.9740
0.7625 6.0461 -2.4941 0.9740
-0.1101 6.0889 -2.4924 0.9740
-0.3285 6.0800 -2.4920 0.9740
-0.5463 6.0633 -2.4916 0.9740
-0.7633 6.0388 -2.4912 0.9740
-1.4071 5.9190 -2.4900 0.9740
-1.6183 5.8638 -2.4896 0.9741
-1.8274 5.8010 -2.4892 0.9741
-2.0340 5.7309 -2.4889 0.9741
-2.2380 5.6534 -2.4885 0.9741
-2.8313 5.3779 -2.4874 0.9741
-3.0220 5.2722 -2.4871 0.9741
-3.3914 5.0406 -2.4865 0.9741
-3.7433 4.7833 -2.4859 0.9741
-4.2342 4.3520 -2.4851 0.9741
-4.3872 4.1969 -2.4848 0.9741
-4.6760 3.8708 -2.4844 0.9741
-4.8115 3.7002 -2.4842 0.9741
-4.9408 3.5249 -2.4840 0.9741
-5.0637 3.3452 -2.4838 0.9741
-5.1801 3.1611 -2.4837 0.9741
-5.2899 2.9731 -2.4835 0.9741
-5.7343 1.9808 -2.4830 0.9741
-5.9584 1.1401 -2.4829 0.9741
-5.9954 0.9256 -2.4829 0.9741
-6.0248 0.7099 -2.4829 0.9741
-6.0666 0.0584 -2.4830 0.9741
-6.0384 -0.5938 -2.4833 0.9741
-6.0135 -0.8101 -2.4834 0.9741
-5.9809 -1.0254 -2.4835 0.9741
-5.8372 -1.6624 -2.4840 0.9741
-5.7039 -2.0771 -2.4844 0.9741
-5.4492 -2.6787 -2.4851 0.9741
-5.3502 -2.8727 -2.4854 0.9741
-4.8864 -3.6102 -2.4865 0.9741
-4.4720 -4.1159 -2.4875 0.9741
-4.3220 -4.2743 -2.4878 0.9741
-4.1665 -4.4273 -2.4882 0.9741
-4.0055 -4.5746 -2.4885 0.9741
-3.6683 -4.8515 -2.4893 0.9741
-3.3120 -5.1036 -2.4901 0.9740
-3.1272 -5.2200 -2.4905 0.9740
-2.9384 -5.3297 -2.4909 0.9740
-2.7457 -5.4325 -2.4913 0.9740
-2.5495 -5.5285 -2.4917 0.9740
-2.1472 -5.6990 -2.4925 0.9740
-1.9417 -5.7733 -2.4929 0.9740
-1.7336 -5.8402 -2.4933 0.9740
-1.5232 -5.8997 -2.4938 0.9740
-1.3108 -5.9515 -2.4942 0.9740
-1.0966 -5.9958 -2.4946 0.9740
-0.8809 -6.0323 -2.4951 0.9740
-0.6640 -6.0611 -2.4955 0.9740
0.2100 -6.0978 -2.4972 0.9740
1.7211 -5.8609 -2.5000 0.9739
2.1376 -5.7241 -2.5008 0.9739
2.5433 -5.5577 -2.5015 0.9739
2.7414 -5.4637 -2.5018 0.9739
2.9361 -5.3625 -2.5022 0.9739
3.1270 -5.2544 -2.5025 0.9739
3.4966 -5.0179 -2.5031 0.9739
3.6748 -4.8898 -2.5034 0.9739
4.0169 -4.6148 -2.5040 0.9739
4.1803 -4.4682 -2.5043 0.9739
4.3384 -4.3157 -2.5045 0.9739
4.4909 -4.1577 -2.5048 0.9739
4.7783 -3.8256 -2.5052 0.9739
4.9129 -3.6520 -2.5054 0.9739
5.2779 -3.1036 -2.5059 0.9739
5.3862 -2.9124 -2.5061 0.9739
5.4875 -2.7175 -2.5062 0.9739
5.5817 -2.5189 -2.5063 0.9739
5.6687 -2.3172 -2.5064 0.9739
6.0934 -0.6172 -2.5067 0.9739
6.1218 -0.1787 -2.5066 0.9739
6.1241 0.0411 -2.5065 0.9739
6.1049 0.4801 -2.5063 0.9739
6.0542 0.9165 -2.5061 0.9739
6.0171 1.1331 -2.5059 0.9739
2.9757 1.0182 -1.2872 0.9865
5.7161 2.1879 -2.5050 0.9739
5.6334 2.3914 -2.5048 0.9739
5.3422 2.9819 -2.5040 0.9739
4.7215 3.8851 -2.5025 0.9739
4.2749 4.3682 -2.5015 0.9739
3.9495 4.6621 -2.5007 0.9739
3.7792 4.8001 -2.5004 0.9739
3.2400 5.1760 -2.4992 0.9740
3.0517 5.2880 -2.4988 0.9740
2.2624 5.6665 -2.4972 0.9740
2.0573 5.7430 -2.4967 0.9740
1.8496 5.8121 -2.4963 0.9740
1.4276 5.9278 -2.4955 0.9740
1.2138 5.9742 -2.4950 0.9740
0.5645 6.0669 -2.4937 0.9740
0.3464 6.0822 -2.4933 0.9740
0.1280 6.0897 -2.4929 0.9740
-0.0906 6.0893 -2.4925 0.9740
-0.3089 6.0811 -2.4921 0.9740
-0.5268 6.0651 -2.4916 0.9740
-0.7440 6.0413 -2.4912 0.9740
-1.1749 5.9705 -2.4904 0.9740
-1.3881 5.9236 -2.4900 0.9740
-2.0156 5.7375 -2.4889 0.9741
-2.6193 5.4853 -2.4878 0.9741
-3.1923 5.1700 -2.4868 0.9741
-3.3753 5.0515 -2.4865 0.9741
-3.5539 4.9266 -2.4862 0.9741
-4.0613 4.5147 -2.4854 0.9741
-4.3737 4.2110 -2.4849 0.9741
-4.5216 4.0510 -2.4846 0.9741
-4.6636 3.8858 -2.4844 0.9741
-4.9294 3.5408 -2.4840 0.9741
-5.0529 3.3614 -2.4838 0.9741
-5.6847 -0.4087 -2.4839 0.9754
-5.6413 -0.8154 -2.4841 0.9754
-5.4069 -1.8096 -2.4849 0.9754
-5.3390 -2.0026 -2.4851 0.9754
-5.1825 -2.3807 -2.4855 0.9754
-5.0942 -2.5654 -2.4858 0.9754
-4.9994 -2.7468 -2.4860 0.9754
-4.5570 -3.4352 -2.4871 0.9754
-4.4314 -3.5969 -2.4874 0.9754
-3.8733 -4.1959 -2.4887 0.9754
-3.7207 -4.3328 -2.4890 0.9754
-3.4014 -4.5898 -2.4897 0.9754
-3.2350 -4.7095 -2.4901 0.9754
-2.5296 -5.1269 -2.4916 0.9754
-2.3444 -5.2152 -2.4920 0.9754
-1.7713 -5.4395 -2.4931 0.9753
-1.5752 -5.5004 -2.4935 0.9753
-1.3771 -5.5543 -2.4939 0.9753
-0.7727 -5.6728 -2.4951 0.9753
-0.1587 -5.7258 -2.4963 0.9753
0.0468 -5.7287 -2.4967 0.9753
0.6624 -5.6932 -2.4979 0.9753
0.8663 -5.6666 -2.4983 0.9753
1.2708 -5.5916 -2.4990 0.9753
1.6690 -5.4876 -2.4998 0.9753
2.0588 -5.3554 -2.5005 0.9753
2.2500 -5.2787 -2.5008 0.9753
2.4382 -5.1953 -2.5012 0.9753
2.9835 -4.9051 -2.5021 0.9753
3.3283 -4.6797 -2.5027 0.9753
3.4945 -4.5577 -2.5030 0.9753
3.6561 -4.4299 -2.5032 0.9752
3.8131 -4.2963 -2.5035 0.9752
4.1122 -4.0126 -2.5040 0.9752
4.2538 -3.8628 -2.5042 0.9752
4.5206 -3.5484 -2.5046 0.9752
4.9831 -2.8660 -2.5053 0.9752
5.3427 -2.1241 -2.5057 0.9752
5.4157 -1.9311 -2.5058 0.9752
5.5404 -1.5378 -2.5059 0.9752
5.5921 -1.3381 -2.5059 0.9752
5.6366 -1.1366 -2.5059 0.9752
5.7260 -0.5244 -2.5059 0.9752
5.7268 0.5059 -2.5056 0.9752
5.7047 0.7110 -2.5055 0.9752
5.6385 1.1181 -2.5052 0.9752
3.0169 0.7116 -1.3509 0.9866
2.9961 0.8212 -1.3539 0.9865
2.9798 0.9329 -1.3608 0.9865
2.9678 1.0475 -1.3716 0.9864
5.3465 2.1057 -2.5043 0.9752
5.1808 2.4832 -2.5038 0.9752
5.0879 2.6673 -2.5036 0.9752
4.9884 2.8478 -2.5034 0.9752
4.8825 3.0246 -2.5031 0.9753
4.7703 3.1975 -2.5028 0.9753
4.6520 3.3662 -2.5025 0.9753
4.2618 3.8452 -2.5016 0.9753
4.1206 3.9951 -2.5013 0.9753
3.5048 4.5410 -2.4999 0.9753
3.1692 4.7792 -2.4992 0.9753
2.9953 4.8891 -2.4988 0.9753
2.8175 4.9927 -2.4984 0.9753
2.4515 5.1803 -2.4977 0.9753
2.2637 5.2641 -2.4973 0.9753
1.6842 5.4742 -2.4961 0.9753
1.4864 5.5302 -2.4957 0.9753
1.2869 5.5791 -2.4953 0.9753
0.8832 5.6552 -2.4945 0.9753
0.6796 5.6823 -2.4941 0.9753
0.4752 5.7021 -2.4937 0.9753
-0.3451 5.7078 -2.4921 0.9754
-0.5496 5.6909 -2.4917 0.9754
-0.7533 5.6667 -2.4913 0.9754
-0.9560 5.6351 -2.4910 0.9754
-1.1574 5.5963 -2.4906 0.9754
-1.3572 5.5504 -2.4902 0.9754
-1.5552 5.4973 -2.4899 0.9754
-1.7512 5.4372 -2.4895 0.9754
-2.1360 5.2962 -2.4888 0.9754
-2.3243 5.2154 -2.4885 0.9754
-3.2158 4.7139 -2.4869 0.9754
-3.5448 4.4702 -2.4864 0.9754
-3.7025 4.3397 -2.4861 0.9754
-3.8554 4.2036 -2.4859 0.9754
-4.1462 3.9156 -2.4854 0.9754
-4.2836 3.7640 -2.4852 0.9754
-4.4155 3.6076 -2.4850 0.9754
-4.7766 3.1116 -2.4845 0.9754
-4.9869 2.7608 -2.4842 0.9754
-5.1715 2.3958 -2.4839 0.9754
-5.2539 2.2087 -2.4838 0.9754
-5.4604 1.6312 -2.4836 0.9754
-5.5153 1.4342 -2.4836 0.9754
-5.5632 1.2354 -2.4836 0.9754
-5.6637 0.6305 -2.4836 0.9754
-5.6828 0.4269 -2.4836 0.9754
-5.6945 0.2228 -2.4837 0.9754
-5.6990 0.0183 -2.4837 0.9754
-5.6962 -0.1862 -2.4838 0.9754
-5.6119 -0.9993 -2.4842 0.9754
-5.5265 -1.3993 -2.4845 0.9754
-5.4731 -1.5968 -2.4847 0.9754
-5.3453 -1.9855 -2.4851 0.9754
-5.2711 -2.1761 -2.4853 0.9754
-4.9074 -2.9089 -2.4862 0.9754
-4.8004 -3.0834 -2.4865 0.9754
-4.3120 -3.7401 -2.4877 0.9754
-4.1756 -3.8929 -2.4880 0.9754
-4.0337 -4.0408 -2.4883 0.9754
-3.5777 -4.4526 -2.4893 0.9754
-3.4161 -4.5788 -2.4897 0.9754
-3.0798 -4.8133 -2.4904 0.9754
-2.9056 -4.9215 -2.4908 0.9754
-2.3611 -5.2076 -2.4919 0.9754
-1.1951 -5.5971 -2.4943 0.9753
-0.5870 -5.6959 -2.4955 0.9753
0.0284 -5.7287 -2.4967 0.9753
0.4393 -5.7137 -2.4975 0.9753
0.6441 -5.6952 -2.4979 0.9753
0.8481 -5.6693 -2.4983 0.9753
1.0511 -5.6360 -2.4986 0.9753
1.6514 -5.4929 -2.4997 0.9753
1.8477 -5.4309 -2.5001 0.9753
2.0416 -5.3619 -2.5005 0.9753
2.2330 -5.2859 -2.5008 0.9753
2.4215 -5.2031 -2.5011 0.9753
2.6070 -5.1135 -2.5015 0.9753
2.7891 -5.0173 -2.5018 0.9753
3.1425 -4.8056 -2.5024 0.9753
3.3132 -4.6903 -2.5027 0.9753
3.4798 -4.5689 -2.5030 0.9753
3.6418 -4.4416 -2.5032 0.9752
4.3781 -3.7221 -2.5044 0.9752
4.6345 -3.3991 -2.5048 0.9752
4.7538 -3.2308 -2.5050 0.9752
4.8669 -3.0584 -2.5051 0.9752
4.9738 -2.8820 -2.5053 0.9752
5.1682 -2.5181 -2.5055 0.9752
5.3359 -2.1412 -2.5057 0.9752
5.4094 -1.9485 -2.5058 0.9752
5.6329 -1.1547 -2.5059 0.9752
5.6707 -0.9518 -2.5060 0.9752
5.7400 -0.3370 -2.5059 0.9752
5.7425 0.2817 -2.5057 0.9752
5.6782 0.8969 -2.5053 0.9752
5.6421 1.1000 -2.5052 0.9752
5.1888 2.4666 -2.5039 0.9752
4.9976 2.8318 -2.5034 0.9752
4.8922 3.0090 -2.5031 0.9753
4.7806 3.1822 -2.5028 0.9753
4.5391 3.5160 -2.5023 0.9753
3.9874 4.1271 -2.5010 0.9753
3.8362 4.2669 -2.5007 0.9753
3.6802 4.4012 -2.5003 0.9753
3.5194 4.5297 -2.5000 0.9753
3.3541 4.6524 -2.4996 0.9753
3.1846 4.7691 -2.4992 0.9753
3.0110 4.8795 -2.4989 0.9753
2.8336 4.9837 -2.4985 0.9753
2.6525 5.0813 -2.4981 0.9753
2.2806 5.2568 -2.4973 0.9753
2.0902 5.3344 -2.4969 0.9753
1.5042 5.5255 -2.4957 0.9753
1.3048 5.5750 -2.4953 0.9753
1.1038 5.6173 -2.4949 0.9753
0.9014 5.6524 -2.4945 0.9753
0.2887 5.7138 -2.4933 0.9753
0.0835 5.7196 -2.4929 0.9753
-0.3268 5.7090 -2.4922 0.9754
-0.5313 5.6927 -2.4918 0.9754
-0.7351 5.6691 -2.4914 0.9754
-1.7338 5.4429 -2.4895 0.9754
-1.9277 5.3764 -2.4892 0.9754
-2.3076 5.2229 -2.4885 0.9754
-2.6755 5.0427 -2.4879 0.9754
-3.0295 4.8366 -2.4872 0.9754
-3.2007 4.7243 -2.4870 0.9754
-3.5304 4.4816 -2.4864 0.9754
-3.6886 4.3516 -2.4861 0.9754
-3.8419 4.2160 -2.4859 0.9754
-4.1336 3.9289 -2.4854 0.9754
-4.2715 3.7778 -2.4852 0.9754
-4.6517 3.2962 -2.4846 0.9754
-4.7666 3.1270 -2.4845 0.9754
-4.9780 2.7768 -2.4842 0.9754
-5.2468 2.2255 -2.4839 0.9754
-5.3926 1.8434 -2.4837 0.9754
-5.4551 1.6487 -2.4836 0.9754
-5.5107 1.4519 -2.4836 0.9754
-5.6347 0.8514 -2.4836 0.9754
-5.6617 0.6487 -2.4836 0.9754
-5.6814 0.4452 -2.4836 0.9754
-5.6938 0.2410 -2.4837 0.9754
-5.6989 0.0366 -2.4837 0.9754
-5.6872 -0.3722 -2.4839 0.9754
-5.6704 -0.5760 -2.4840 0.9754
-5.6464 -0.7791 -2.4841 0.9754
-5.6151 -0.9812 -2.4842 0.9754
-5.5766 -1.1821 -2.4844 0.9754
-5.5309 -1.3815 -2.4845 0.9754
-5.4782 -1.5792 -2.4847 0.9754
-5.3516 -1.9683 -2.4851 0.9754
-5.1105 -2.5326 -2.4857 0.9754
-5.0168 -2.7145 -2.4860 0.9754
-4.9167 -2.8931 -2.4862 0.9754
-4.8103 -3.0679 -2.4865 0.9754
-4.5789 -3.4058 -2.4870 0.9754
-4.4543 -3.5683 -2.4873 0.9754
-4.1880 -3.8795 -2.4880 0.9754
-4.0466 -4.0277 -2.4883 0.9754
-3.5919 -4.4410 -2.4893 0.9754
-2.5624 -5.1104 -2.4915 0.9754
-2.3777 -5.1999 -2.4919 0.9754
-1.9994 -5.3587 -2.4927 0.9754
-1.8061 -5.4278 -2.4931 0.9753
-1.2130 -5.5932 -2.4943 0.9753
-1.0117 -5.6340 -2.4947 0.9753
-0.8091 -5.6676 -2.4951 0.9753
-0.6053 -5.6939 -2.4955 0.9753
-0.1955 -5.7244 -2.4963 0.9753
0.2156 -5.7256 -2.4971 0.9753
0.6258 -5.6971 -2.4978 0.9753
0.8299 -5.6719 -2.4982 0.9753
1.0330 -5.6393 -2.4986 0.9753
1.2349 -5.5995 -2.4990 0.9753
1.4352 -5.5524 -2.4994 0.9753
1.6337 -5.4981 -2.4997 0.9753
2.0244 -5.3683 -2.5004 0.9753
2.2160 -5.2930 -2.5008 0.9753
2.5905 -5.1218 -2.5014 0.9753
2.7729 -5.0262 -2.5017 0.9753
2.9518 -4.9241 -2.5021 0.9753
3.1270 -4.8156 -2.5024 0.9753
3.2981 -4.7008 -2.5027 0.9753
3.6275 -4.4532 -2.5032 0.9752
3.9383 -4.1825 -2.5037 0.9752
4.3661 -3.7361 -2.5044 0.9752
4.6235 -3.4139 -2.5048 0.9752
4.7433 -3.2460 -2.5049 0.9752
4.8570 -3.0740 -2.5051 0.9752
4.9645 -2.8979 -2.5052 0.9752
5.4703 -1.7707 -2.5058 0.9752
5.5834 -1.3739 -2.5059 0.9752
5.7478 -0.1493 -2.5058 0.9752
5.7493 0.0570 -2.5058 0.9752
5.7434 0.2632 -2.5057 0.9752
5.7300 0.4691 -2.5056 0.9752
5.6811 0.8787 -2.5054 0.9752
5.6456 1.0819 -2.5052 0.9752
3.0202 0.6920 -1.3504 0.9866
2.9825 0.9128 -1.3593 0.9865
2.9694 1.0267 -1.3693 0.9864
5.3600 2.0714 -2.5043 0.9752
5.1967 2.4500 -2.5039 0.9752
5.1050 2.6346 -2.5037 0.9752
5.0067 2.8158 -2.5034 0.9752
4.9019 2.9933 -2.5031 0.9753
4.7909 3.1669 -2.5029 0.9753
4.5504 3.5015 -2.5023 0.9753
4.4213 3.6620 -2.5020 0.9753
4.2865 3.8178 -2.5017 0.9753
3.6943 4.3894 -2.5003 0.9753
3.5340 4.5185 -2.5000 0.9753
3.3691 4.6417 -2.4996 0.9753
3.1999 4.7589 -2.4993 0.9753
2.8496 4.9746 -2.4985 0.9753
2.2975 5.2496 -2.4974 0.9753
1.9145 5.3991 -2.4966 0.9753
1.7193 5.4634 -2.4962 0.9753
1.5220 5.5207 -2.4958 0.9753
0.9195 5.6496 -2.4946 0.9753
0.5119 5.6991 -2.4938 0.9753
0.3070 5.7129 -2.4934 0.9753
0.1018 5.7193 -2.4930 0.9753
-0.3085 5.7101 -2.4922 0.9754
-0.5131 5.6945 -2.4918 0.9754
-0.7169 5.6715 -2.4914 0.9754
-0.9198 5.6413 -2.4910 0.9754
-1.1214 5.6038 -2.4907 0.9754
-1.7163 5.4485 -2.4896 0.9754
-2.1020 5.3099 -2.4889 0.9754
-2.2909 5.2304 -2.4885 0.9754
-2.6593 5.0513 -2.4879 0.9754
-3.6746 4.3635 -2.4862 0.9754
-3.8284 4.2284 -2.4859 0.9754
-3.9773 4.0879 -2.4857 0.9754
-4.1210 3.9422 -2.4854 0.9754
-4.2594 3.7915 -2.4852 0.9754
-4.3923 3.6360 -2.4850 0.9754
-5.3166 2.0529 -2.4838 0.9754
-5.3866 1.8607 -2.4837 0.9754
-5.4498 1.6662 -2.4837 0.9754
-5.5060 1.4696 -2.4836 0.9754
-5.5551 1.2711 -2.4836 0.9754
-5.5971 1.0710 -2.4836 0.9754
-5.6319 0.8695 -2.4836 0.9754
-5.6799 0.4634 -2.4836 0.9754
-5.6930 0.2593 -2.4837 0.9754
-5.6987 0.0549 -2.4837 0.9754
-5.6884 -0.3539 -2.4839 0.9754
-5.6722 -0.5578 -2.4840 0.9754
-5.6488 -0.7610 -2.4841 0.9754
-5.6182 -0.9632 -2.4842 0.9754
-5.5803 -1.1642 -2.4844 0.9754
-5.4240 -1.7574 -2.4849 0.9754
-5.3579 -1.9511 -2.4851 0.9754
-5.2051 -2.3306 -2.4855 0.9754
-5.1186 -2.5161 -2.4857 0.9754
-4.9259 -2.8773 -2.4862 0.9754
-4.5898 -3.3910 -2.4870 0.9754
-4.4657 -3.5539 -2.4873 0.9754
-4.0595 -4.0147 -2.4883 0.9754
-3.6061 -4.4294 -2.4893 0.9754
-3.1106 -4.7933 -2.4903 0.9754
-2.5787 -5.1021 -2.4915 0.9754
-2.3944 -5.1922 -2.4919 0.9754
-1.8235 -5.4219 -2.4930 0.9753
-1.0298 -5.6306 -2.4946 0.9753
-0.6236 -5.6918 -2.4954 0.9753
-0.0084 -5.7286 -2.4966 0.9753
0.8117 -5.6744 -2.4982 0.9753
1.2169 -5.6033 -2.4989 0.9753
2.0071 -5.3747 -2.5004 0.9753
2.5740 -5.1300 -2.5014 0.9753
3.1115 -4.8255 -2.5023 0.9753
3.2830 -4.7114 -2.5026 0.9753
3.4503 -4.5910 -2.5029 0.9753
3.6132 -4.4648 -2.5032 0.9752
3.9248 -4.1951 -2.5037 0.9752
4.2163 -3.9035 -2.5041 0.9752
4.3541 -3.7501 -2.5044 0.9752
4.6125 -3.4287 -2.5048 0.9752
4.7328 -3.2613 -2.5049 0.9752
4.8471 -3.0895 -2.5051 0.9752
4.9551 -2.9138 -2.5052 0.9752
5.0568 -2.7343 -2.5054 0.9752
5.3968 -1.9831 -2.5058 0.9752
5.5253 -1.5911 -2.5059 0.9752
5.5789 -1.3919 -2.5059 0.9752
5.6253 -1.1908 -2.5059 0.9752
5.6645 -0.9882 -2.5060 0.9752
5.7495 0.0386 -2.5058 0.9752
3.0007 0.7915 -1.3525 0.9866
2.9702 1.0163 -1.3681 0.9864
5.3666 2.0542 -2.5044 0.9752
5.2890 2.2452 -2.5041 0.9752
5.2046 2.4333 -2.5039 0.9752
4.9116 2.9775 -2.5032 0.9752
4.4331 3.6478 -2.5020 0.9753
4.2988 3.8041 -2.5017 0.9753
3.8637 4.2423 -2.5007 0.9753
3.5485 4.5071 -2.5000 0.9753
3.0423 4.8602 -2.4989 0.9753
2.6852 5.0643 -2.4982 0.9753
2.5014 5.1566 -2.4978 0.9753
2.1245 5.3210 -2.4970 0.9753
1.7369 5.4580 -2.4962 0.9753
1.5397 5.5159 -2.4958 0.9753
1.3406 5.5667 -2.4954 0.9753
0.9377 5.6467 -2.4946 0.9753
0.5302 5.6975 -2.4938 0.9753
0.3254 5.7120 -2.4934 0.9753
-0.0851 5.7188 -2.4926 0.9754
-0.2901 5.7111 -2.4922 0.9754
-0.6987 5.6739 -2.4914 0.9754
-0.9017 5.6443 -2.4911 0.9754
-1.1034 5.6075 -2.4907 0.9754
-1.3037 5.5634 -2.4903 0.9754
-1.5023 5.5123 -2.4900 0.9754
-1.6988 5.4540 -2.4896 0.9754
-1.8931 5.3888 -2.4892 0.9754
-2.2741 5.2377 -2.4886 0.9754
-3.3382 4.6275 -2.4867 0.9754
-3.5017 4.5043 -2.4864 0.9754
-4.1083 3.9555 -2.4855 0.9754
-4.2472 3.8052 -2.4852 0.9754
-4.3807 3.6501 -2.4850 0.9754
-4.5085 3.4903 -2.4849 0.9754
-4.8564 2.9850 -2.4844 0.9754
-5.3639 -0.1926 -2.4844 0.9766
-5.3537 -0.3849 -2.4845 0.9766
-5.3366 -0.5767 -2.4846 0.9766
-5.3127 -0.7679 -2.4847 0.9766
-5.2820 -0.9580 -2.4849 0.9766
-5.2445 -1.1470 -2.4850 0.9766
-5.2003 -1.3345 -2.4851 0.9766
-5.0919 -1.7042 -2.4855 0.9766
-4.6126 -2.7542 -2.4868 0.9766
-4.2913 -3.2349 -2.4875 0.9766
-4.1730 -3.3871 -2.4878 0.9766
-4.0492 -3.5351 -2.4881 0.9766
-3.9203 -3.6785 -2.4884 0.9766
-3.7862 -3.8173 -2.4887 0.9766
-3.5036 -4.0800 -2.4893 0.9766
-3.0462 -4.4346 -2.4903 0.9766
-2.8855 -4.5417 -2.4907 0.9766
-2.3818 -4.8275 -2.4918 0.9766
-2.2074 -4.9106 -2.4921 0.9765
-2.0301 -4.9873 -2.4925 0.9765
-1.6677 -5.1216 -2.4932 0.9765
-1.4831 -5.1789 -2.4936 0.9765
-1.1083 -5.2735 -2.4944 0.9765
-0.5355 -5.3645 -2.4955 0.9765
0.4308 -5.3780 -2.4974 0.9765
0.6236 -5.3598 -2.4977 0.9765
0.8156 -5.3348 -2.4981 0.9765
1.0066 -5.3028 -2.4984 0.9765
1.1964 -5.2641 -2.4988 0.9765
1.5712 -5.1661 -2.4995 0.9765
1.9382 -5.0415 -2.5001 0.9765
2.1181 -4.9694 -2.5005 0.9765
2.2953 -4.8908 -2.5008 0.9765
2.4696 -4.8059 -2.5011 0.9765
2.8085 -4.6175 -2.5017 0.9765
2.9727 -4.5143 -2.5020 0.9765
3.1331 -4.4052 -2.5022 0.9765
3.2895 -4.2904 -2.5025 0.9765
3.4416 -4.1700 -2.5027 0.9764
3.5894 -4.0443 -2.5030 0.9764
3.7325 -3.9132 -2.5032 0.9764
3.8708 -3.7771 -2.5034 0.9764
4.0042 -3.6361 -2.5037 0.9764
4.3727 -3.1855 -2.5042 0.9764
4.4845 -3.0268 -2.5044 0.9764
4.5904 -2.8641 -2.5045 0.9764
4.7845 -2.5278 -2.5048 0.9764
4.8723 -2.3547 -2.5049 0.9764
4.9539 -2.1784 -2.5050 0.9764
5.0290 -1.9993 -2.5051 0.9764
5.0976 -1.8177 -2.5051 0.9764
5.1597 -1.6337 -2.5052 0.9764
5.2151 -1.4475 -2.5052 0.9764
5.3055 -1.0698 -2.5053 0.9764
5.3686 -0.6866 -2.5053 0.9764
5.3897 -0.4936 -2.5053 0.9764
5.4110 -0.1058 -2.5052 0.9764
5.4112 0.0884 -2.5051 0.9764
5.3698 0.6693 -2.5048 0.9764
5.3421 0.8614 -2.5047 0.9764
5.3074 1.0525 -2.5046 0.9764
3.0090 0.7098 -1.4311 0.9865
2.9892 0.8194 -1.4347 0.9864
2.9729 0.9308 -1.4420 0.9864
2.9604 1.0449 -1.4532 0.9863
2.9627 1.1669 -1.4739 0.9861
4.9579 2.1612 -2.5035 0.9764
4.8768 2.3375 -2.5033 0.9764
4.7894 2.5108 -2.5031 0.9764
4.5961 2.8472 -2.5026 0.9765
4.4905 3.0099 -2.5023 0.9765
4.1397 3.4739 -2.5015 0.9765
4.0120 3.6197 -2.5012 0.9765
3.7411 3.8971 -2.5006 0.9765
3.4512 4.1543 -2.5000 0.9765
3.2994 4.2749 -2.4996 0.9765
2.9836 4.4993 -2.4989 0.9765
2.6525 4.7003 -2.4982 0.9765
2.4818 4.7917 -2.4979 0.9765
2.1312 4.9559 -2.4971 0.9765
1.7698 5.0945 -2.4964 0.9765
1.5856 5.1539 -2.4960 0.9765
1.3995 5.2067 -2.4956 0.9765
1.2116 5.2528 -2.4953 0.9765
1.0222 5.2921 -2.4949 0.9765
0.8316 5.3245 -2.4945 0.9765
0.0613 5.3855 -2.4930 0.9765
-0.3250 5.3744 -2.4923 0.9765
-0.5175 5.3585 -2.4919 0.9766
-0.7093 5.3357 -2.4915 0.9766
-0.9002 5.3061 -2.4912 0.9766
-1.2780 5.2264 -2.4905 0.9766
-1.4645 5.1765 -2.4901 0.9766
-1.6490 5.1199 -2.4898 0.9766
-1.8314 5.0568 -2.4895 0.9766
-2.1887 4.9111 -2.4888 0.9766
-2.3632 4.8289 -2.4885 0.9766
-2.8674 4.5454 -2.4877 0.9766
-4.0340 3.5447 -2.4857 0.9766
-4.2772 3.2458 -2.4854 0.9766
-4.6964 2.6000 -2.4848 0.9766
-4.9480 2.0800 -2.4845 0.9766
-5.0841 1.7198 -2.4843 0.9766
-5.1941 1.3507 -2.4843 0.9766
-5.3091 0.7848 -2.4842 0.9766
-5.3339 0.5938 -2.4842 0.9766
-5.3518 0.4021 -2.4843 0.9766
-5.3629 0.2098 -2.4843 0.9766
-5.3671 0.0172 -2.4844 0.9766
-5.3644 -0.1753 -2.4844 0.9766
-5.3384 -0.5596 -2.4846 0.9766
-5.1543 -1.5038 -2.4853 0.9766
-5.0339 -1.8698 -2.4856 0.9766
-4.8050 -2.4004 -2.4863 0.9766
-4.7162 -2.5715 -2.4865 0.9766
-4.6214 -2.7393 -2.4867 0.9766
-4.5206 -2.9037 -2.4870 0.9766
-4.4140 -3.0643 -2.4872 0.9766
-4.3016 -3.2210 -2.4875 0.9766
-3.9320 -3.6659 -2.4884 0.9766
-3.7984 -3.8050 -2.4887 0.9766
-3.6599 -3.9394 -2.4890 0.9766
-3.5167 -4.0687 -2.4893 0.9766
-3.2167 -4.3115 -2.4900 0.9766
-3.0604 -4.4247 -2.4903 0.9766
-2.9000 -4.5323 -2.4907 0.9766
-2.3973 -4.8198 -2.4917 0.9766
-2.2231 -4.9034 -2.4921 0.9765
-1.6842 -5.1161 -2.4932 0.9765
-1.3133 -5.2253 -2.4939 0.9765
-1.1252 -5.2699 -2.4943 0.9765
-0.9355 -5.3076 -2.4947 0.9765
-0.7446 -5.3386 -2.4951 0.9765
-0.5527 -5.3627 -2.4955 0.9765
0.0267 -5.3935 -2.4966 0.9765
0.2203 -5.3898 -2.4970 0.9765
0.4136 -5.3793 -2.4973 0.9765
0.6064 -5.3617 -2.4977 0.9765
0.9896 -5.3060 -2.4984 0.9765
1.1795 -5.2678 -2.4988 0.9765
1.5546 -5.1711 -2.4995 0.9765
1.7394 -5.1127 -2.4998 0.9765
1.9220 -5.0476 -2.5001 0.9765
2.1021 -4.9761 -2.5004 0.9765
2.2796 -4.8981 -2.5008 0.9765
2.4541 -4.8137 -2.5011 0.9765
2.7936 -4.6264 -2.5017 0.9765
2.9582 -4.5237 -2.5019 0.9765
3.4282 -4.1810 -2.5027 0.9764
4.1212 -3.5036 -2.5038 0.9764
4.2445 -3.3538 -2.5040 0.9764
4.5812 -2.8788 -2.5045 0.9764
4.9468 -2.1943 -2.5050 0.9764
5.0918 -1.8340 -2.5051 0.9764
5.2596 -1.2764 -2.5053 0.9764
5.3377 -0.8959 -2.5053 0.9764
5.3881 -0.5109 -2.5053 0.9764
5.4115 0.0710 -2.5051 0.9764
5.3921 0.4589 -2.5049 0.9764
5.3719 0.6520 -2.5048 0.9764
3.0116 0.7002 -1.4312 0.9865
4.9649 2.1453 -2.5035 0.9764
4.5002 2.9955 -2.5024 0.9765
4.2729 3.3098 -2.5018 0.9765
3.8911 3.7484 -2.5009 0.9765
3.7537 3.8852 -2.5006 0.9765
3.6114 4.0168 -2.5003 0.9765
3.4645 4.1433 -2.5000 0.9765
3.3132 4.2643 -2.4997 0.9765
3.1576 4.3799 -2.4993 0.9765
2.8346 4.5937 -2.4986 0.9765
2.6676 4.6918 -2.4983 0.9765
2.1471 4.9491 -2.4972 0.9765
1.7862 5.0888 -2.4964 0.9765
1.6022 5.1489 -2.4961 0.9765
1.4162 5.2023 -2.4957 0.9765
1.2285 5.2489 -2.4953 0.9765
0.6571 5.3481 -2.4942 0.9765
0.4647 5.3674 -2.4938 0.9765
0.2718 5.3798 -2.4934 0.9765
0.0786 5.3853 -2.4930 0.9765
-0.1147 5.3839 -2.4927 0.9765
-0.3077 5.3755 -2.4923 0.9765
-0.5003 5.3602 -2.4919 0.9766
-0.6922 5.3380 -2.4916 0.9766
-1.0729 5.2731 -2.4909 0.9766
-1.2612 5.2305 -2.4905 0.9766
-1.4479 5.1812 -2.4902 0.9766
-1.6326 5.1252 -2.4898 0.9766
-1.8152 5.0627 -2.4895 0.9766
-1.9954 4.9936 -2.4892 0.9766
-2.1730 4.9182 -2.4889 0.9766
-2.5195 4.7486 -2.4883 0.9766
-2.8528 4.5546 -2.4877 0.9766
-3.3246 4.2204 -2.4869 0.9766
-3.4736 4.0979 -2.4866 0.9766
-3.8927 3.7000 -2.4860 0.9766
-4.0226 3.5577 -2.4858 0.9766
-4.3807 3.1042 -2.4852 0.9766
-4.4889 2.9448 -2.4851 0.9766
-4.7786 2.4451 -2.4847 0.9766
-4.9413 2.0959 -2.4845 0.9766
-5.0785 1.7361 -2.4843 0.9766
-5.2354 1.1803 -2.4842 0.9766
-5.2744 0.9917 -2.4842 0.9766
-5.3066 0.8018 -2.4842 0.9766
-5.3670 0.0345 -2.4844 0.9766
-5.3650 -0.1581 -2.4844 0.9766
-5.3560 -0.3505 -2.4845 0.9766
-5.3402 -0.5425 -2.4846 0.9766
-5.2880 -0.9241 -2.4848 0.9766
-5.2517 -1.1133 -2.4850 0.9766
-5.2087 -1.3011 -2.4851 0.9766
-4.9705 -2.0334 -2.4858 0.9766
-4.6301 -2.7245 -2.4867 0.9766
-4.5298 -2.8891 -2.4870 0.9766
-4.0718 -3.5089 -2.4881 0.9766
-3.8106 -3.7928 -2.4887 0.9766
-3.5297 -4.0573 -2.4893 0.9766
-3.3823 -4.1819 -2.4896 0.9766
-3.0745 -4.4148 -2.4903 0.9766
-2.9145 -4.5229 -2.4906 0.9766
-2.7508 -4.6252 -2.4910 0.9766
-2.4127 -4.8120 -2.4917 0.9766
-2.0620 -4.9741 -2.4924 0.9765
-1.5163 -5.1691 -2.4935 0.9765
-1.3301 -5.2210 -2.4939 0.9765
-0.9526 -5.3045 -2.4947 0.9765
-0.7617 -5.3361 -2.4950 0.9765
-0.1841 -5.3895 -2.4962 0.9765
0.2030 -5.3904 -2.4969 0.9765
0.7813 -5.3398 -2.4980 0.9765
1.1626 -5.2715 -2.4987 0.9765
1.5380 -5.1760 -2.4994 0.9765
2.0861 -4.9827 -2.5004 0.9765
2.2638 -4.9053 -2.5007 0.9765
2.7788 -4.6353 -2.5016 0.9765
3.4147 -4.1920 -2.5027 0.9765
3.5633 -4.0672 -2.5029 0.9764
3.7072 -3.9371 -2.5032 0.9764
3.8465 -3.8019 -2.5034 0.9764
4.3521 -3.2135 -2.5042 0.9764
4.4649 -3.0555 -2.5043 0.9764
4.7681 -2.5585 -2.5048 0.9764
4.8571 -2.3859 -2.5049 0.9764
4.9397 -2.2102 -2.5050 0.9764
5.1491 -1.6667 -2.5052 0.9764
5.2057 -1.4810 -2.5052 0.9764
5.2555 -1.2933 -2.5053 0.9764
5.4117 0.0537 -2.5051 0.9764
5.3142 1.0184 -2.5046 0.9764
3.0141 0.6906 -1.4313 0.9865
2.9923 0.7996 -1.4337 0.9864
2.9516 1.1407 -1.4647 0.9861
4.8918 2.3062 -2.5034 0.9764
4.8055 2.4800 -2.5031 0.9764
4.7129 2.6506 -2.5029 0.9764
4.6144 2.8177 -2.5026 0.9765
4.2835 3.2961 -2.5018 0.9765
4.1620 3.4473 -2.5016 0.9765
4.0352 3.5940 -2.5013 0.9765
3.7662 3.8731 -2.5007 0.9765
3.4778 4.1322 -2.5000 0.9765
3.3269 4.2537 -2.4997 0.9765
2.8494 4.5847 -2.4986 0.9765
2.3393 4.8622 -2.4976 0.9765
1.9840 5.0160 -2.4968 0.9765
1.6187 5.1438 -2.4961 0.9765
1.2453 5.2450 -2.4953 0.9765
0.6742 5.3460 -2.4942 0.9765
0.2891 5.3790 -2.4935 0.9765
0.0959 5.3851 -2.4931 0.9765
-0.0974 5.3843 -2.4927 0.9765
-0.2904 5.3765 -2.4923 0.9765
-1.6161 5.1305 -2.4899 0.9766
-1.9794 5.0001 -2.4892 0.9766
-2.6730 4.6632 -2.4880 0.9766
-2.8382 4.5638 -2.4877 0.9766
-3.4604 4.1091 -2.4867 0.9766
-3.7455 3.8497 -2.4862 0.9766
-4.0112 3.5706 -2.4858 0.9766
-4.3707 3.1182 -2.4852 0.9766
-4.4795 2.9592 -2.4851 0.9766
-5.0070 1.9333 -2.4844 0.9766
-5.0730 1.7524 -2.4844 0.9766
-5.1854 1.3840 -2.4843 0.9766
-5.2316 1.1971 -2.4842 0.9766
-5.2712 1.0086 -2.4842 0.9766
-5.3300 0.6280 -2.4842 0.9766
-5.3491 0.4364 -2.4843 0.9766
-5.3614 0.2442 -2.4843 0.9766
-5.3669 0.0517 -2.4844 0.9766
-5.3571 -0.3333 -2.4845 0.9766
-5.3198 -0.7167 -2.4847 0.9766
-5.2909 -0.9071 -2.4848 0.9766
-5.2553 -1.0964 -2.4850 0.9766
-5.2129 -1.2843 -2.4851 0.9766
-5.0457 -1.8374 -2.4856 0.9766
-4.9769 -2.0174 -2.4858 0.9766
-4.9017 -2.1948 -2.4860 0.9766
-4.8203 -2.3695 -2.4862 0.9766
-4.7326 -2.5411 -2.4865 0.9766
-4.6388 -2.7095 -2.4867 0.9766
-4.5391 -2.8745 -2.4869 0.9766
-3.6850 -3.9157 -2.4889 0.9766
-3.5426 -4.0459 -2.4893 0.9766
-3.3956 -4.1710 -2.4896 0.9766
-3.0886 -4.4049 -2.4903 0.9766
-2.9290 -4.5135 -2.4906 0.9766
-2.7656 -4.6163 -2.4909 0.9766
-2.5985 -4.7133 -2.4913 0.9766
-2.4281 -4.8041 -2.4917 0.9766
-2.2545 -4.8889 -2.4920 0.9765
-2.0780 -4.9673 -2.4924 0.9765
-1.7169 -5.1051 -2.4931 0.9765
-1.5329 -5.1642 -2.4935 0.9765
-1.3468 -5.2166 -2.4939 0.9765
-0.9696 -5.3014 -2.4946 0.9765
-0.7789 -5.3336 -2.4950 0.9765
-0.5871 -5.3589 -2.4954 0.9765
-0.2014 -5.3888 -2.4961 0.9765
0.3790 -5.3817 -2.4973 0.9765
0.5719 -5.3654 -2.4976 0.9765
0.7642 -5.3422 -2.4980 0.9765
0.9555 -5.3121 -2.4983 0.9765
1.8895 -5.0598 -2.5001 0.9765
2.2480 -4.9125 -2.5007 0.9765
2.7638 -4.6442 -2.5016 0.9765
3.0904 -4.4350 -2.5022 0.9765
3.2479 -4.3218 -2.5024 0.9765
3.4012 -4.2029 -2.5027 0.9765
3.5502 -4.0785 -2.5029 0.9764
3.9689 -3.6745 -2.5036 0.9764
4.0985 -3.5300 -2.5038 0.9764
4.3417 -3.2275 -2.5042 0.9764
4.5626 -2.9082 -2.5045 0.9764
4.8494 -2.4015 -2.5049 0.9764
5.1437 -1.6833 -2.5052 0.9764
5.2513 -1.3101 -2.5053 0.9764
5.3318 -0.9302 -2.5053 0.9764
5.3617 -0.7383 -2.5053 0.9764
5.3847 -0.5455 -2.5053 0.9764
5.4008 -0.3519 -2.5052 0.9764
5.4119 0.0363 -2.5051 0.9764
5.3761 0.6175 -2.5049 0.9764
5.3502 0.8100 -2.5047 0.9764
3.0166 0.6810 -1.4315 0.9865
2.9937 0.7897 -1.4331 0.9864
2.9770 0.9007 -1.4397 0.9864
2.9532 1.1304 -1.4637 0.9862
4.9786 2.1134 -2.5036 0.9764
4.4096 3.1265 -2.5021 0.9765
4.2941 3.2824 -2.5019 0.9765
4.1731 3.4339 -2.5016 0.9765
3.9152 3.7235 -2.5010 0.9765
3.6372 3.9936 -2.5004 0.9765
3.3406 4.2431 -2.4997 0.9765
2.1789 4.9354 -2.4972 0.9765
1.8188 5.0774 -2.4965 0.9765
1.6353 5.1386 -2.4961 0.9765
1.2622 5.2411 -2.4954 0.9765
1.0732 5.2822 -2.4950 0.9765
0.8828 5.3165 -2.4946 0.9765
0.6914 5.3439 -2.4942 0.9765
0.4992 5.3645 -2.4939 0.9765
0.1132 5.3848 -2.4931 0.9765
-1.2276 5.2386 -2.4906 0.9766
-1.4146 5.1905 -2.4902 0.9766
-1.5997 5.1357 -2.4899 0.9766
-2.1414 4.9322 -2.4889 0.9766
-2.6580 4.6718 -2.4880 0.9766
-2.8236 4.5729 -2.4877 0.9766
-3.5925 3.9935 -2.4864 0.9766
-3.7331 3.8617 -2.4862 0.9766
-4.3607 3.1323 -2.4853 0.9766
-4.4700 2.9736 -2.4851 0.9766
-5.0659 0.0000 -2.4850 0.9777
-5.0145 -0.7248 -2.4853 0.9777
-4.9855 -0.9043 -2.4854 0.9777
-4.9501 -1.0826 -2.4855 0.9777
-4.4435 -2.4414 -2.4870 0.9777
-4.3535 -2.5995 -2.4872 0.9777
-4.2578 -2.7542 -2.4874 0.9777
-4.0502 -3.0531 -2.4879 0.9777
-3.9384 -3.1968 -2.4882 0.9777
-3.8216 -3.3364 -2.4885 0.9777
-3.5734 -3.6027 -2.4890 0.9776
-3.1667 -3.9672 -2.4900 0.9776
-3.0227 -4.0788 -2.4903 0.9776
-2.7232 -4.2862 -2.4909 0.9776
-2.0832 -4.6341 -2.4923 0.9776
-1.9158 -4.7066 -2.4926 0.9776
-1.5738 -4.8332 -2.4933 0.9776
-0.8667 -5.0115 -2.4947 0.9776
-0.5053 -5.0622 -2.4954 0.9776
-0.1410 -5.0868 -2.4962 0.9776
0.4065 -5.0746 -2.4972 0.9776
0.5884 -5.0575 -2.4976 0.9776
1.1289 -4.9670 -2.4986 0.9776
1.3065 -4.9239 -2.4989 0.9776
1.4826 -4.8745 -2.4992 0.9776
1.6567 -4.8188 -2.4995 0.9776
2.1657 -4.6146 -2.5004 0.9775
2.3301 -4.5344 -2.5007 0.9775
2.9561 -4.1563 -2.5018 0.9775
3.2471 -3.9344 -2.5023 0.9775
3.3865 -3.8157 -2.5025 0.9775
3.6520 -3.5636 -2.5029 0.9775
3.7778 -3.4306 -2.5031 0.9775
3.8988 -3.2930 -2.5033 0.9775
4.0147 -3.1513 -2.5035 0.9775
4.1254 -3.0054 -2.5037 0.9775
4.5139 -2.3849 -2.5042 0.9775
4.6737 -2.0552 -2.5044 0.9775
4.7445 -1.8863 -2.5045 0.9775
4.8093 -1.7148 -2.5046 0.9775
4.8678 -1.5412 -2.5046 0.9775
5.0054 -1.0093 -2.5047 0.9775
5.0384 -0.8291 -2.5047 0.9775
5.0649 -0.6478 -2.5047 0.9775
5.0848 -0.4656 -2.5047 0.9775
5.0982 -0.2829 -2.5046 0.9775
5.1051 0.0834 -2.5045 0.9775
5.0987 0.2665 -2.5044 0.9775
5.0661 0.6314 -2.5043 0.9775
5.0399 0.8127 -2.5041 0.9775
3.0199 0.5989 -1.5102 0.9864
2.9660 0.9286 -1.5245 0.9862
2.9335 1.1554 -1.5465 0.9861
4.4304 2.5292 -2.5024 0.9775
4.2368 2.8399 -2.5019 0.9775
4.1317 2.9897 -2.5017 0.9775
3.9059 3.2776 -2.5011 0.9775
3.7853 3.4153 -2.5008 0.9775
3.3953 3.8009 -2.5000 0.9775
2.5029 4.4351 -2.4980 0.9776
2.3418 4.5214 -2.4977 0.9776
1.6700 4.8073 -2.4963 0.9776
0.4223 5.0664 -2.4938 0.9776
-0.1245 5.0803 -2.4928 0.9776
-0.3067 5.0719 -2.4924 0.9776
-0.6694 5.0354 -2.4917 0.9776
-1.0285 4.9731 -2.4911 0.9776
-1.2061 4.9324 -2.4907 0.9776
-1.3821 4.8853 -2.4904 0.9776
-1.5563 4.8319 -2.4901 0.9776
-1.8983 4.7067 -2.4895 0.9776
-2.0657 4.6350 -2.4892 0.9776
-2.3922 4.4739 -2.4886 0.9777
-3.1506 3.9731 -2.4873 0.9777
-3.4268 3.7363 -2.4869 0.9777
-3.5583 3.6106 -2.4866 0.9777
-3.6853 3.4804 -2.4864 0.9777
-3.8075 3.3457 -2.4862 0.9777
-3.9248 3.2067 -2.4861 0.9777
-4.1441 2.9166 -2.4857 0.9777
-4.2458 2.7659 -2.4856 0.9777
-4.3421 2.6116 -2.4855 0.9777
-4.4328 2.4540 -2.4853 0.9777
-4.5970 2.1297 -2.4851 0.9777
-4.6702 1.9633 -2.4851 0.9777
-4.7988 1.6233 -2.4849 0.9777
-4.8538 1.4500 -2.4849 0.9777
-4.9814 0.9201 -2.4848 0.9777
-5.0515 0.3795 -2.4849 0.9777
-5.0659 0.0163 -2.4850 0.9777
-5.0634 -0.1655 -2.4850 0.9777
-5.0543 -0.3471 -2.4851 0.9777
-5.0168 -0.7087 -2.4853 0.9777
-4.7512 -1.7648 -2.4862 0.9777
-4.2666 -2.7405 -2.4874 0.9777
-4.0599 -3.0401 -2.4879 0.9777
-3.9487 -3.1841 -2.4882 0.9777
-3.4541 -3.7179 -2.4893 0.9776
-3.0358 -4.0690 -2.4902 0.9776
-2.7369 -4.2773 -2.4909 0.9776
-2.4238 -4.4638 -2.4916 0.9776
-2.0980 -4.6274 -2.4922 0.9776
-1.7613 -4.7672 -2.4929 0.9776
-1.0618 -4.9730 -2.4943 0.9776
-0.8828 -5.0086 -2.4947 0.9776
-0.7027 -5.0378 -2.4951 0.9776
-0.3397 -5.0766 -2.4958 0.9776
0.2078 -5.0859 -2.4968 0.9776
0.5722 -5.0593 -2.4975 0.9776
0.7534 -5.0362 -2.4979 0.9776
0.9338 -5.0066 -2.4982 0.9776
1.4669 -4.8792 -2.4992 0.9776
1.6412 -4.8240 -2.4995 0.9776
1.9834 -4.6951 -2.5001 0.9775
2.3155 -4.5418 -2.5007 0.9775
2.4773 -4.4563 -2.5010 0.9775
2.6358 -4.3651 -2.5013 0.9775
2.7910 -4.2682 -2.5015 0.9775
2.9427 -4.1657 -2.5018 0.9775
3.2345 -3.9447 -2.5023 0.9775
4.1157 -3.0186 -2.5037 0.9775
4.2216 -2.8692 -2.5038 0.9775
4.3221 -2.7160 -2.5040 0.9775
4.4170 -2.5593 -2.5041 0.9775
4.5896 -2.2362 -2.5043 0.9775
4.8037 -1.7303 -2.5045 0.9775
4.8628 -1.5569 -2.5046 0.9775
4.9156 -1.3814 -2.5046 0.9775
5.0357 -0.8453 -2.5047 0.9775
5.0973 -0.2993 -2.5046 0.9775
5.0995 0.2501 -2.5044 0.9775
5.0871 0.4329 -2.5044 0.9775
5.0681 0.6151 -2.5043 0.9775
5.0425 0.7965 -2.5042 0.9775
2.9838 0.8076 -1.5163 0.9863
2.9541 1.0320 -1.5349 0.9862
4.6842 2.0241 -2.5030 0.9775
4.6082 2.1906 -2.5028 0.9775
4.4385 2.5150 -2.5024 0.9775
4.1414 2.9765 -2.5017 0.9775
3.9164 3.2651 -2.5011 0.9775
3.6714 3.5367 -2.5006 0.9775
3.4075 3.7900 -2.5000 0.9775
3.1262 4.0236 -2.4994 0.9776
2.9794 4.1326 -2.4991 0.9776
2.5171 4.4271 -2.4981 0.9776
2.0260 4.6700 -2.4970 0.9776
1.8569 4.7390 -2.4967 0.9776
1.6854 4.8019 -2.4963 0.9776
1.5119 4.8586 -2.4960 0.9776
1.3364 4.9090 -2.4956 0.9776
1.1592 4.9531 -2.4953 0.9776
0.9806 4.9908 -2.4949 0.9776
0.2565 5.0769 -2.4935 0.9776
0.0742 5.0821 -2.4931 0.9776
-0.1082 5.0807 -2.4928 0.9776
-0.8334 5.0103 -2.4914 0.9776
-1.0125 4.9765 -2.4911 0.9776
-1.3664 4.8898 -2.4904 0.9776
-1.7131 4.7780 -2.4898 0.9776
-1.8832 4.7129 -2.4895 0.9776
-2.0508 4.6417 -2.4892 0.9776
-2.2158 4.5646 -2.4889 0.9776
-2.3778 4.4817 -2.4886 0.9776
-2.5368 4.3930 -2.4883 0.9777
-2.6925 4.2987 -2.4881 0.9777
-2.9932 4.0937 -2.4876 0.9777
-3.1379 3.9833 -2.4873 0.9777
-3.2784 3.8678 -2.4871 0.9777
-3.4148 3.7473 -2.4869 0.9777
-3.6741 3.4922 -2.4865 0.9777
-4.2369 2.7795 -2.4856 0.9777
-4.7318 1.8096 -2.4850 0.9777
-4.7935 1.6387 -2.4849 0.9777
-4.8985 1.2907 -2.4848 0.9777
-4.9784 0.9360 -2.4848 0.9777
-5.0327 0.5766 -2.4848 0.9777
-5.0502 0.3957 -2.4849 0.9777
-5.0658 0.0325 -2.4849 0.9777
-5.0638 -0.1492 -2.4850 0.9777
-4.9912 -0.8722 -2.4854 0.9777
-4.9569 -1.0508 -2.4855 0.9777
-4.9163 -1.2280 -2.4857 0.9777
-4.8694 -1.4037 -2.4858 0.9777
-4.8162 -1.5776 -2.4860 0.9777
-4.7568 -1.7495 -2.4861 0.9777
-4.6913 -1.9192 -2.4863 0.9777
-4.5424 -2.2510 -2.4867 0.9777
-4.3700 -2.5714 -2.4872 0.9777
-4.1752 -2.8787 -2.4876 0.9777
-4.0696 -3.0270 -2.4879 0.9777
-3.8429 -3.3117 -2.4884 0.9777
-3.7220 -3.4479 -2.4887 0.9776
-3.4660 -3.7067 -2.4893 0.9776
-3.1921 -3.9467 -2.4899 0.9776
-1.9460 -4.6940 -2.4925 0.9776
-1.7765 -4.7615 -2.4929 0.9776
-1.4309 -4.8780 -2.4936 0.9776
-1.2552 -4.9269 -2.4940 0.9776
-1.0778 -4.9695 -2.4943 0.9776
-0.8989 -5.0057 -2.4947 0.9776
-0.5378 -5.0587 -2.4954 0.9776
-0.1737 -5.0857 -2.4961 0.9776
0.3739 -5.0770 -2.4971 0.9776
0.7372 -5.0385 -2.4978 0.9776
0.9177 -5.0095 -2.4982 0.9776
1.2749 -4.9321 -2.4988 0.9776
1.4512 -4.8838 -2.4992 0.9776
1.6257 -4.8292 -2.4995 0.9776
1.7981 -4.7684 -2.4998 0.9776
1.9683 -4.7014 -2.5001 0.9775
2.1359 -4.6283 -2.5004 0.9775
2.6218 -4.3735 -2.5012 0.9775
2.9293 -4.1751 -2.5018 0.9775
3.0775 -4.0677 -2.5020 0.9775
3.2217 -3.9551 -2.5023 0.9775
3.3619 -3.8373 -2.5025 0.9775
3.9943 -3.1769 -2.5035 0.9775
4.3134 -2.7299 -2.5039 0.9775
4.4087 -2.5735 -2.5041 0.9775
4.7323 -1.9167 -2.5045 0.9775
4.9988 -1.0414 -2.5047 0.9775
5.0606 -0.6803 -2.5047 0.9775
5.1042 -0.1326 -2.5046 0.9775
5.1056 0.0506 -2.5045 0.9775
5.1003 0.2338 -2.5045 0.9775
5.0885 0.4166 -2.5044 0.9775
5.0701 0.5989 -2.5043 0.9775
3.0061 0.6887 -1.5128 0.9864
2.9686 0.9086 -1.5229 0.9863
4.6907 2.0090 -2.5031 0.9775
4.5338 2.3398 -2.5027 0.9775
4.4466 2.5008 -2.5024 0.9775
4.1509 2.9632 -2.5017 0.9775
4.0415 3.1099 -2.5014 0.9775
3.9269 3.2525 -2.5012 0.9775
3.8073 3.3910 -2.5009 0.9775
3.4197 3.7791 -2.5000 0.9775
3.2815 3.8989 -2.4997 0.9776
3.1391 4.0136 -2.4994 0.9776
2.9927 4.1231 -2.4991 0.9776
2.8425 4.2273 -2.4988 0.9776
2.6886 4.3260 -2.4984 0.9776
1.8721 4.7331 -2.4967 0.9776
1.7009 4.7965 -2.4964 0.9776
1.3522 4.9048 -2.4957 0.9776
1.1752 4.9494 -2.4953 0.9776
0.8170 5.0195 -2.4946 0.9776
0.4548 5.0637 -2.4939 0.9776
-0.2741 5.0739 -2.4925 0.9776
-0.4559 5.0601 -2.4921 0.9776
-0.6371 5.0397 -2.4918 0.9776
-0.8174 5.0130 -2.4914 0.9776
-1.1744 4.9401 -2.4908 0.9776
-1.3507 4.8942 -2.4905 0.9776
-1.6978 4.7835 -2.4898 0.9776
-1.8681 4.7189 -2.4895 0.9776
-2.3635 4.4893 -2.4886 0.9776
-2.5227 4.4011 -2.4884 0.9777
-3.1251 3.9933 -2.4873 0.9777
-3.4028 3.7583 -2.4869 0.9777
-3.5351 3.6335 -2.4867 0.9777
-3.6629 3.5040 -2.4865 0.9777
-3.7860 3.3701 -2.4863 0.9777
-3.9042 3.2318 -2.4861 0.9777
-4.3253 2.6395 -2.4855 0.9777
-4.6576 1.9933 -2.4851 0.9777
-4.7259 1.8248 -2.4850 0.9777
-4.7882 1.6540 -2.4849 0.9777
-4.8944 1.3064 -2.4848 0.9777
-4.9380 1.1299 -2.4848 0.9777
-4.9754 0.9520 -2.4848 0.9777
-5.0489 0.4119 -2.4848 0.9777
-5.0605 0.2305 -2.4849 0.9777
-5.0643 -0.1330 -2.4850 0.9777
-4.9202 -1.2122 -2.4856 0.9777
-4.8738 -1.3881 -2.4858 0.9777
-4.8212 -1.5621 -2.4860 0.9777
-4.7624 -1.7342 -2.4861 0.9777
-4.6974 -1.9041 -2.4863 0.9777
-4.6265 -2.0716 -2.4865 0.9777
-4.3782 -2.5573 -2.4871 0.9777
-3.9689 -3.1586 -2.4881 0.9777
-3.4779 -3.6955 -2.4893 0.9776
-3.3434 -3.8184 -2.4896 0.9776
-3.2047 -3.9364 -2.4899 0.9776
-3.0618 -4.0493 -2.4902 0.9776
-2.4523 -4.4480 -2.4915 0.9776
-1.9610 -4.6877 -2.4925 0.9776
-1.7918 -4.7557 -2.4929 0.9776
-1.6202 -4.8176 -2.4932 0.9776
-0.9149 -5.0027 -2.4946 0.9776
-0.5540 -5.0569 -2.4954 0.9776
-0.3723 -5.0742 -2.4957 0.9776
-0.1900 -5.0850 -2.4961 0.9776
-0.0074 -5.0893 -2.4964 0.9776
0.1752 -5.0870 -2.4968 0.9776
0.3576 -5.0781 -2.4971 0.9776
0.5397 -5.0627 -2.4975 0.9776
0.7210 -5.0408 -2.4978 0.9776
0.9016 -5.0124 -2.4981 0.9776
1.0810 -4.9775 -2.4985 0.9776
1.7828 -4.7741 -2.4998 0.9776
2.1211 -4.6351 -2.5004 0.9775
2.4485 -4.4721 -2.5009 0.9775
2.6077 -4.3818 -2.5012 0.9775
2.7635 -4.2859 -2.5015 0.9775
2.9158 -4.1844 -2.5017 0.9775
3.6174 -3.5985 -2.5029 0.9775
3.8668 -3.3304 -2.5033 0.9775
3.9841 -3.1897 -2.5035 0.9775
4.2031 -2.8962 -2.5038 0.9775
4.4004 -2.5876 -2.5041 0.9775
4.5751 -2.2656 -2.5043 0.9775
4.7261 -1.9319 -2.5045 0.9775
4.7925 -1.7611 -2.5045 0.9775
4.8527 -1.5881 -2.5046 0.9775
4.9067 -1.4129 -2.5046 0.9775
4.9955 -1.0575 -2.5047 0.9775
5.1038 -0.1490 -2.5046 0.9775
5.0898 0.4003 -2.5044 0.9775
5.0720 0.5826 -2.5043 0.9775
5.0476 0.7642 -2.5042 0.9775
3.0086 0.6792 -1.5129 0.9864
4.9355 1.3019 -2.5038 0.9775
4.7661 1.8243 -2.5033 0.9775
4.5414 2.3253 -2.5027 0.9775
4.3621 2.6445 -2.5022 0.9775
4.0515 3.0969 -2.5015 0.9775
3.8182 3.3788 -2.5009 0.9775
3.2940 3.8884 -2.4997 0.9776
2.7025 4.3174 -2.4985 0.9776
2.3853 4.4988 -2.4978 0.9776
2.2221 4.5809 -2.4974 0.9776
2.0560 4.6570 -2.4971 0.9776
1.5431 4.8489 -2.4960 0.9776
1.1911 4.9457 -2.4953 0.9776
1.0127 4.9845 -2.4950 0.9776
0.8331 5.0169 -2.4946 0.9776
0.6525 5.0429 -2.4943 0.9776
0.1068 5.0816 -2.4932 0.9776
-0.2578 5.0748 -2.4925 0.9776
-0.4397 5.0615 -2.4922 0.9776
-0.9806 4.9830 -2.4911 0.9776
-1.1586 4.9439 -2.4908 0.9776
-1.3350 4.8985 -2.4905 0.9776
-1.5097 4.8469 -2.4902 0.9776
-1.6824 4.7890 -2.4899 0.9776
-1.8529 4.7250 -2.4895 0.9776
-2.0210 4.6549 -2.4892 0.9776
-2.1865 4.5788 -2.4890 0.9776
-2.6649 4.3159 -2.4881 0.9777
-2.8177 4.2171 -2.4879 0.9777
-2.9669 4.1129 -2.4876 0.9777
-3.2536 3.8888 -2.4871 0.9777
-3.3907 3.7692 -2.4869 0.9777
-4.1159 2.9564 -2.4858 0.9777
-4.3168 2.6533 -2.4855 0.9777
-4.7910 0.0000 -2.4855 0.9786
-4.7790 -0.3436 -2.4856 0.9786
-4.7637 -0.5148 -2.4857 0.9786
-4.7149 -0.8552 -2.4859 0.9786
-4.6814 -1.0238 -2.4860 0.9786
-4.6419 -1.1912 -2.4862 0.9786
-4.4249 -1.8435 -2.4868 0.9786
-4.2820 -2.1564 -2.4872 0.9786
-4.2022 -2.3088 -2.4874 0.9786
-3.9309 -2.7477 -2.4881 0.9786
-3.8301 -2.8872 -2.4883 0.9786
-3.6140 -3.1551 -2.4888 0.9786
-3.3792 -3.4069 -2.4894 0.9786
-3.2551 -3.5263 -2.4896 0.9786
-3.1269 -3.6412 -2.4899 0.9786
-2.9946 -3.7515 -2.4902 0.9786
-2.4283 -4.1433 -2.4914 0.9786
-2.1255 -4.3079 -2.4921 0.9786
-1.8116 -4.4504 -2.4927 0.9786
-0.3058 -4.8011 -2.4957 0.9786
0.0393 -4.8119 -2.4964 0.9785
0.2120 -4.8081 -2.4967 0.9785
0.3844 -4.7980 -2.4971 0.9785
0.5563 -4.7817 -2.4974 0.9785
0.7276 -4.7593 -2.4977 0.9785
1.2353 -4.6553 -2.4987 0.9785
1.5663 -4.5559 -2.4993 0.9785
2.2029 -4.2869 -2.5004 0.9785
2.3555 -4.2055 -2.5007 0.9785
2.6516 -4.0266 -2.5012 0.9785
2.7946 -3.9293 -2.5014 0.9785
3.2015 -3.6072 -2.5021 0.9785
3.9000 -2.8412 -2.5032 0.9785
4.2672 -2.2545 -2.5037 0.9785
4.4852 -1.7831 -2.5040 0.9785
4.6017 -1.4570 -2.5041 0.9785
4.6511 -1.2910 -2.5041 0.9785
4.7318 -0.9541 -2.5041 0.9785
4.7629 -0.7837 -2.5041 0.9785
4.7880 -0.6124 -2.5041 0.9785
4.8260 0.0789 -2.5040 0.9785
4.8200 0.2519 -2.5039 0.9785
4.7891 0.5969 -2.5037 0.9785
4.7644 0.7683 -2.5036 0.9785
2.9990 0.5947 -1.5861 0.9863
2.9752 0.8155 -1.6004 0.9862
2.9589 0.9264 -1.6085 0.9861
4.5496 1.6058 -2.5029 0.9785
4.4221 1.9277 -2.5026 0.9785
4.2718 2.2394 -2.5022 0.9785
4.0995 2.5396 -2.5017 0.9785
4.0054 2.6848 -2.5015 0.9785
3.8018 2.9645 -2.5010 0.9785
3.5787 3.2288 -2.5005 0.9785
3.4602 3.3548 -2.5002 0.9785
3.2100 3.5935 -2.4997 0.9785
3.0786 3.7059 -2.4994 0.9785
2.9433 3.8135 -2.4991 0.9785
2.6616 4.0138 -2.4985 0.9785
2.3664 4.1932 -2.4979 0.9785
2.0590 4.3510 -2.4972 0.9785
1.7413 4.4863 -2.4965 0.9785
1.5790 4.5453 -2.4962 0.9786
1.0810 4.6867 -2.4952 0.9786
0.7420 4.7509 -2.4945 0.9786
0.3993 4.7906 -2.4939 0.9786
0.0547 4.8056 -2.4932 0.9786
-0.1177 4.8038 -2.4929 0.9786
-0.4618 4.7817 -2.4922 0.9786
-0.8033 4.7351 -2.4916 0.9786
-0.9725 4.7026 -2.4912 0.9786
-1.4717 4.5692 -2.4903 0.9786
-1.6345 4.5129 -2.4900 0.9786
-1.7951 4.4509 -2.4898 0.9786
-1.9534 4.3831 -2.4895 0.9786
-2.1092 4.3097 -2.4892 0.9786
-2.2622 4.2308 -2.4889 0.9786
-2.4123 4.1465 -2.4887 0.9786
-2.5592 4.0569 -2.4884 0.9786
-2.8430 3.8622 -2.4879 0.9786
-2.9795 3.7573 -2.4877 0.9786
-3.1121 3.6477 -2.4875 0.9786
-3.2407 3.5334 -2.4873 0.9786
-3.6008 3.1640 -2.4867 0.9786
-3.7117 3.0326 -2.4865 0.9786
-3.8179 2.8973 -2.4864 0.9786
-4.0154 2.6157 -2.4861 0.9786
-4.1064 2.4699 -2.4860 0.9786
-4.1922 2.3208 -2.4859 0.9786
-4.2726 2.1688 -2.4858 0.9786
-4.4168 1.8568 -2.4856 0.9786
-4.4805 1.6970 -2.4855 0.9786
-4.5384 1.5352 -2.4855 0.9786
-4.5904 1.3713 -2.4854 0.9786
-4.6768 1.0386 -2.4854 0.9786
-4.7111 0.8701 -2.4853 0.9786
-4.7393 0.7005 -2.4853 0.9786
-4.7614 0.5301 -2.4854 0.9786
-4.7774 0.3589 -2.4854 0.9786
-4.7873 0.1873 -2.4854 0.9786
-4.7910 0.0154 -2.4855 0.9786
-4.7653 -0.4995 -2.4857 0.9786
-4.7445 -0.6702 -2.4858 0.9786
-4.6457 -1.1763 -2.4862 0.9786
-4.5500 -1.5066 -2.4865 0.9786
-4.4933 -1.6690 -2.4866 0.9786
-4.4308 -1.8292 -2.4868 0.9786
-4.2889 -2.1426 -2.4872 0.9786
-3.8394 -2.8749 -2.4883 0.9786
-3.6241 -3.1435 -2.4888 0.9786
-3.2664 -3.5158 -2.4896 0.9786
-3.1385 -3.6311 -2.4899 0.9786
-3.0066 -3.7418 -2.4902 0.9786
-2.8707 -3.8478 -2.4905 0.9786
-2.5880 -4.0447 -2.4911 0.9786
-2.2919 -4.2210 -2.4917 0.9786
-1.6654 -4.5077 -2.4930 0.9786
-1.5028 -4.5652 -2.4934 0.9786
-1.3382 -4.6168 -2.4937 0.9786
-0.8347 -4.7358 -2.4947 0.9786
-0.6644 -4.7633 -2.4950 0.9786
0.1965 -4.8087 -2.4967 0.9785
0.5410 -4.7834 -2.4974 0.9785
0.7123 -4.7616 -2.4977 0.9785
0.8828 -4.7335 -2.4980 0.9785
1.0522 -4.6994 -2.4983 0.9785
1.3868 -4.6130 -2.4989 0.9785
1.5516 -4.5608 -2.4992 0.9785
2.0334 -4.3692 -2.5001 0.9785
2.3420 -4.2130 -2.5006 0.9785
2.4919 -4.1267 -2.5009 0.9785
2.6386 -4.0351 -2.5012 0.9785
3.0578 -3.7292 -2.5019 0.9785
3.1899 -3.6175 -2.5021 0.9785
3.5609 -3.2545 -2.5027 0.9785
3.7857 -2.9912 -2.5030 0.9785
3.8908 -2.8537 -2.5032 0.9785
4.1756 -2.4194 -2.5036 0.9785
4.2599 -2.2682 -2.5037 0.9785
4.5411 -1.6357 -2.5040 0.9785
4.7860 -0.6277 -2.5041 0.9785
4.8186 -0.2829 -2.5041 0.9785
4.8255 -0.1098 -2.5040 0.9785
4.8263 0.0634 -2.5040 0.9785
4.8208 0.2365 -2.5039 0.9785
2.9955 0.6964 -1.5954 0.9862
2.9766 0.8056 -1.5997 0.9862
2.9461 1.0292 -1.6190 0.9860
4.4944 1.7535 -2.5028 0.9785
4.3564 2.0709 -2.5024 0.9785
4.2790 2.2257 -2.5022 0.9785
4.1960 2.3776 -2.5020 0.9785
3.9152 2.8139 -2.5013 0.9785
3.5891 3.2173 -2.5005 0.9785
3.4710 3.3437 -2.5003 0.9785
3.3484 3.4657 -2.5000 0.9785
3.2215 3.5832 -2.4997 0.9785
2.9556 3.8041 -2.4991 0.9785
2.6745 4.0052 -2.4985 0.9785
2.5288 4.0981 -2.4982 0.9785
2.3798 4.1857 -2.4979 0.9785
2.2279 4.2678 -2.4976 0.9785
2.0730 4.3444 -2.4972 0.9785
1.9156 4.4154 -2.4969 0.9785
1.7557 4.4807 -2.4966 0.9785
1.5936 4.5402 -2.4962 0.9786
1.4295 4.5939 -2.4959 0.9786
0.4146 4.7893 -2.4939 0.9786
-0.1023 4.8042 -2.4929 0.9786
-0.2746 4.7968 -2.4926 0.9786
-0.6177 4.7635 -2.4919 0.9786
-0.7881 4.7377 -2.4916 0.9786
-1.1255 4.6678 -2.4910 0.9786
-1.2921 4.6239 -2.4907 0.9786
-1.4570 4.5740 -2.4904 0.9786
-1.6200 4.5182 -2.4901 0.9786
-1.7808 4.4567 -2.4898 0.9786
-1.9394 4.3894 -2.4895 0.9786
-2.6902 3.9708 -2.4882 0.9786
-2.8306 3.8713 -2.4880 0.9786
-2.9674 3.7669 -2.4877 0.9786
-3.1004 3.6577 -2.4875 0.9786
-3.5906 3.1756 -2.4867 0.9786
-3.8086 2.9095 -2.4864 0.9786
-4.0985 2.4831 -2.4860 0.9786
-4.4108 1.8709 -2.4856 0.9786
-4.4750 1.7114 -2.4855 0.9786
-4.5334 1.5497 -2.4855 0.9786
-4.5860 1.3861 -2.4854 0.9786
-4.6327 1.2206 -2.4854 0.9786
-4.6735 1.0537 -2.4854 0.9786
-4.7370 0.7158 -2.4853 0.9786
-4.7596 0.5453 -2.4854 0.9786
-4.7909 0.0308 -2.4855 0.9786
-4.7810 -0.3129 -2.4856 0.9786
-4.7669 -0.4842 -2.4857 0.9786
-4.7466 -0.6550 -2.4858 0.9786
-4.7203 -0.8249 -2.4859 0.9786
-4.6879 -0.9937 -2.4860 0.9786
-4.6495 -1.1614 -2.4862 0.9786
-4.6051 -1.3275 -2.4863 0.9786
-4.5547 -1.4920 -2.4864 0.9786
-4.2957 -2.1288 -2.4872 0.9786
-4.2169 -2.2817 -2.4874 0.9786
-4.1327 -2.4318 -2.4876 0.9786
-3.9484 -2.7223 -2.4880 0.9786
-3.5198 -3.2605 -2.4890 0.9786
-3.4009 -3.3850 -2.4893 0.9786
-3.0185 -3.7321 -2.4902 0.9786
-2.8830 -3.8385 -2.4905 0.9786
-2.7438 -3.9399 -2.4908 0.9786
-2.6010 -4.0363 -2.4911 0.9786
-1.9979 -4.3691 -2.4923 0.9786
-1.6798 -4.5023 -2.4930 0.9786
-1.3530 -4.6124 -2.4937 0.9786
-1.0191 -4.6989 -2.4943 0.9786
-0.8499 -4.7330 -2.4947 0.9786
-0.6797 -4.7611 -2.4950 0.9786
-0.5085 -4.7831 -2.4953 0.9786
-0.3366 -4.7989 -2.4957 0.9786
-0.1642 -4.8085 -2.4960 0.9786
0.3535 -4.8002 -2.4970 0.9785
0.5256 -4.7851 -2.4973 0.9785
0.8676 -4.7363 -2.4980 0.9785
1.0371 -4.7027 -2.4983 0.9785
1.2053 -4.6631 -2.4986 0.9785
1.8609 -4.4448 -2.4998 0.9785
2.0194 -4.3757 -2.5001 0.9785
2.1753 -4.3009 -2.5004 0.9785
2.3284 -4.2205 -2.5006 0.9785
2.6256 -4.0435 -2.5011 0.9785
2.9094 -3.8455 -2.5016 0.9785
3.0458 -3.7390 -2.5018 0.9785
3.3066 -3.5116 -2.5023 0.9785
3.6656 -3.1367 -2.5028 0.9785
4.0776 -2.5807 -2.5034 0.9785
4.3319 -2.1279 -2.5038 0.9785
4.5922 -1.4865 -2.5041 0.9785
4.6427 -1.3208 -2.5041 0.9785
4.7578 -0.8143 -2.5041 0.9785
4.7840 -0.6431 -2.5041 0.9785
4.8252 -0.1253 -2.5040 0.9785
4.8265 0.0479 -2.5040 0.9785
2.9477 1.0192 -1.6180 0.9860
4.5000 1.7390 -2.5028 0.9785
4.4344 1.8992 -2.5026 0.9785
4.3631 2.0570 -2.5024 0.9785
4.2862 2.2120 -2.5022 0.9785
4.1158 2.5132 -2.5018 0.9785
4.0226 2.6590 -2.5016 0.9785
3.9243 2.8014 -2.5013 0.9785
3.4817 3.3326 -2.5003 0.9785
3.3595 3.4549 -2.5000 0.9785
3.2331 3.5728 -2.4997 0.9785
3.1024 3.6861 -2.4994 0.9785
2.9678 3.7946 -2.4991 0.9785
2.5420 4.0900 -2.4982 0.9785
2.3933 4.1781 -2.4979 0.9785
1.9298 4.4093 -2.4969 0.9785
1.7701 4.4751 -2.4966 0.9785
1.2785 4.6375 -2.4956 0.9786
0.9424 4.7160 -2.4949 0.9786
0.2579 4.7997 -2.4936 0.9786
-0.0869 4.8046 -2.4929 0.9786
-0.2592 4.7977 -2.4926 0.9786
-0.4311 4.7847 -2.4923 0.9786
-0.6024 4.7656 -2.4919 0.9786
-0.7729 4.7403 -2.4916 0.9786
-0.9423 4.7089 -2.4913 0.9786
-1.2773 4.6280 -2.4907 0.9786
-1.7665 4.4624 -2.4898 0.9786
-1.9253 4.3957 -2.4895 0.9786
-2.3857 4.1620 -2.4887 0.9786
-2.6774 3.9794 -2.4882 0.9786
-2.9553 3.7765 -2.4877 0.9786
-3.0887 3.6677 -2.4875 0.9786
-3.2180 3.5542 -2.4873 0.9786
-3.3432 3.4362 -2.4871 0.9786
-3.4640 3.3138 -2.4869 0.9786
-3.5804 3.1871 -2.4867 0.9786
-3.6922 3.0564 -2.4866 0.9786
-3.7992 2.9218 -2.4864 0.9786
-3.9014 2.7834 -2.4863 0.9786
-3.9985 2.6415 -2.4861 0.9786
-4.1772 2.3477 -2.4859 0.9786
-4.3345 2.0420 -2.4857 0.9786
-4.4048 1.8851 -2.4856 0.9786
-4.5815 1.4008 -2.4854 0.9786
-4.6288 1.2355 -2.4854 0.9786
-4.6701 1.0686 -2.4854 0.9786
-4.7054 0.9004 -2.4853 0.9786
-4.7347 0.7310 -2.4853 0.9786
-4.7750 0.3896 -2.4854 0.9786
-4.7859 0.2180 -2.4854 0.9786
-4.7908 0.0461 -2.4855 0.9786
-4.7895 -0.1258 -2.4855 0.9786
-4.7684 -0.4689 -2.4857 0.9786
-4.7487 -0.6397 -2.4858 0.9786
-4.7229 -0.8097 -2.4859 0.9786
-4.6531 -1.1464 -2.4861 0.9786
-4.6093 -1.3127 -2.4863 0.9786
-4.5595 -1.4773 -2.4864 0.9786
-4.0514 -2.5657 -2.4878 0.9786
-3.9571 -2.7096 -2.4880 0.9786
-3.7533 -2.9870 -2.4885 0.9786
-3.6441 -3.1201 -2.4887 0.9786
-3.4117 -3.3741 -2.4893 0.9786
-3.2888 -3.4947 -2.4896 0.9786
-3.1617 -3.6108 -2.4898 0.9786
-3.0305 -3.7224 -2.4901 0.9786
-2.7564 -3.9311 -2.4907 0.9786
-2.6139 -4.0279 -2.4910 0.9786
-2.4680 -4.1196 -2.4914 0.9786
-2.3189 -4.2061 -2.4917 0.9786
-2.1668 -4.2871 -2.4920 0.9786
-2.0118 -4.3626 -2.4923 0.9786
-1.8543 -4.4326 -2.4926 0.9786
-1.6943 -4.4969 -2.4930 0.9786
-1.2018 -4.6547 -2.4940 0.9786
-1.0341 -4.6955 -2.4943 0.9786
-0.8651 -4.7302 -2.4946 0.9786
-0.6949 -4.7589 -2.4950 0.9786
-0.5238 -4.7814 -2.4953 0.9786
-0.3520 -4.7977 -2.4957 0.9786
-0.0070 -4.8119 -2.4963 0.9785
0.3381 -4.8013 -2.4970 0.9785
0.6817 -4.7659 -2.4976 0.9785
0.8524 -4.7390 -2.4980 0.9785
1.1903 -4.6669 -2.4986 0.9785
1.3572 -4.6217 -2.4989 0.9785
2.1614 -4.3078 -2.5003 0.9785
2.3149 -4.2279 -2.5006 0.9785
2.6126 -4.0519 -2.5011 0.9785
2.7566 -3.9559 -2.5014 0.9785
3.1665 -3.6378 -2.5020 0.9785
3.7664 -3.0154 -2.5030 0.9785
3.8724 -2.8785 -2.5031 0.9785
4.0693 -2.5937 -2.5034 0.9785
4.2452 -2.2955 -2.5037 0.9785
4.3250 -2.1418 -2.5038 0.9785
4.3992 -1.9853 -2.5039 0.9785
4.6834 -1.1684 -2.5041 0.9785
4.7223 -0.9997 -2.5041 0.9785
4.7552 -0.8296 -2.5041 0.9785
4.8024 -0.4865 -2.5041 0.9785
4.8248 -0.1408 -2.5040 0.9785
4.8266 0.0324 -2.5040 0.9785
4.7947 0.5507 -2.5038 0.9785
3.0113 0.5671 -1.5896 0.9863
3.0005 0.6773 -1.5958 0.9862
2.9629 0.8964 -1.6059 0.9861
2.9485 1.0089 -1.6167 0.9861
4.4405 1.8850 -2.5026 0.9785
4.3697 2.0429 -2.5024 0.9785
4.2933 2.1982 -2.5022 0.9785
4.0312 2.6461 -2.5016 0.9785
3.8303 2.9278 -2.5011 0.9785
3.7224 3.0630 -2.5008 0.9785
3.6097 3.1943 -2.5006 0.9785
2.7003 3.9881 -2.4986 0.9785
2.5551 4.0819 -2.4983 0.9785
2.4067 4.1704 -2.4979 0.9785
2.2553 4.2535 -2.4976 0.9785
1.6228 4.5300 -2.4963 0.9785
1.4590 4.5847 -2.4960 0.9786
1.1262 4.6762 -2.4953 0.9786
0.6169 4.7683 -2.4943 0.9786
0.4454 4.7867 -2.4940 0.9786
0.1010 4.8050 -2.4933 0.9786
-0.0715 4.8049 -2.4930 0.9786
-0.2438 4.7986 -2.4926 0.9786
-0.4157 4.7861 -2.4923 0.9786
-0.9272 4.7119 -2.4913 0.9786
-1.2624 4.6322 -2.4907 0.9786
-1.4276 4.5833 -2.4904 0.9786
-1.5910 4.5286 -2.4901 0.9786
-1.7522 4.4681 -2.4898 0.9786
-1.9112 4.4019 -2.4895 0.9786
-2.3723 4.1697 -2.4887 0.9786
-2.5201 4.0815 -2.4885 0.9786
-2.6647 3.9880 -2.4882 0.9786
-2.9432 3.7860 -2.4878 0.9786
-3.0769 3.6776 -2.4875 0.9786
-3.3321 3.4469 -2.4871 0.9786
-3.5702 3.1986 -2.4868 0.9786
-3.6824 3.0682 -2.4866 0.9786
-3.7899 2.9340 -2.4864 0.9786
-3.8925 2.7959 -2.4863 0.9786
-4.0825 2.5093 -2.4860 0.9786
-4.4928 -0.6494 -2.4863 0.9795
-4.4668 -0.8102 -2.4864 0.9795
-4.4350 -0.9700 -2.4865 0.9795
-4.3058 -1.4411 -2.4869 0.9795
-4.1920 -1.7464 -2.4872 0.9795
-3.9002 -2.3288 -2.4880 0.9795
-3.8145 -2.4675 -2.4882 0.9795
-3.7238 -2.6029 -2.4884 0.9795
-3.5282 -2.8638 -2.4889 0.9795
-3.2011 -3.2273 -2.4896 0.9795
-3.0835 -3.3404 -2.4899 0.9795
-2.9620 -3.4493 -2.4902 0.9795
-2.8367 -3.5537 -2.4904 0.9795
-2.7077 -3.6536 -2.4907 0.9795
-2.0133 -4.0806 -2.4922 0.9795
-1.7160 -4.2156 -2.4928 0.9795
-1.4096 -4.3288 -2.4935 0.9795
-1.0958 -4.4199 -2.4941 0.9794
-0.9367 -4.4569 -2.4944 0.9794
-0.4525 -4.5335 -2.4954 0.9794
-0.1263 -4.5555 -2.4960 0.9794
0.5269 -4.5290 -2.4973 0.9794
0.8505 -4.4806 -2.4979 0.9794
1.3275 -4.3648 -2.4987 0.9794
1.4834 -4.3148 -2.4990 0.9794
1.7894 -4.1983 -2.4996 0.9794
1.9391 -4.1318 -2.4998 0.9794
2.6467 -3.7212 -2.5011 0.9794
2.7787 -3.6242 -2.5013 0.9794
3.1528 -3.3055 -2.5019 0.9794
3.3822 -3.0713 -2.5023 0.9794
3.4905 -2.9482 -2.5024 0.9794
3.5942 -2.8212 -2.5026 0.9794
4.1152 -1.9888 -2.5033 0.9794
4.2475 -1.6886 -2.5035 0.9794
4.3054 -1.5352 -2.5035 0.9794
4.3578 -1.3798 -2.5036 0.9794
4.4046 -1.2225 -2.5036 0.9794
4.4457 -1.0638 -2.5036 0.9794
4.5342 -0.5799 -2.5036 0.9794
4.5521 -0.4169 -2.5036 0.9794
4.5640 -0.2533 -2.5036 0.9794
4.5701 -0.0894 -2.5035 0.9794
4.5703 0.0747 -2.5035 0.9794
4.5645 0.2386 -2.5034 0.9794
4.5529 0.4022 -2.5033 0.9794
4.5354 0.5653 -2.5033 0.9794
4.5120 0.7276 -2.5032 0.9794
4.4828 0.8890 -2.5030 0.9794
2.9516 0.9241 -1.6940 0.9860
4.3086 1.5207 -2.5025 0.9794
4.2510 1.6742 -2.5023 0.9794
3.8824 2.4051 -2.5014 0.9794
3.6005 2.8076 -2.5007 0.9794
3.3893 3.0579 -2.5002 0.9794
3.2771 3.1772 -2.4999 0.9794
3.0401 3.4033 -2.4994 0.9794
2.3826 3.8890 -2.4980 0.9794
2.2412 3.9715 -2.4977 0.9794
1.9502 4.1210 -2.4971 0.9794
1.8009 4.1878 -2.4968 0.9794
1.6493 4.2492 -2.4965 0.9794
1.4956 4.3051 -2.4961 0.9794
1.3400 4.3554 -2.4958 0.9794
0.8639 4.4725 -2.4949 0.9794
0.7028 4.5000 -2.4945 0.9794
0.3782 4.5377 -2.4939 0.9794
0.2151 4.5477 -2.4936 0.9795
-0.2747 4.5428 -2.4926 0.9795
-0.4374 4.5295 -2.4923 0.9795
-0.5996 4.5103 -2.4920 0.9795
-0.7609 4.4853 -2.4917 0.9795
-0.9212 4.4546 -2.4914 0.9795
-1.5483 4.2750 -2.4903 0.9795
-1.7005 4.2163 -2.4900 0.9795
-2.5605 3.7533 -2.4885 0.9795
-2.6933 3.6587 -2.4883 0.9795
-2.8226 3.5594 -2.4881 0.9795
-2.9482 3.4556 -2.4879 0.9795
-3.0700 3.3473 -2.4877 0.9795
-3.1879 3.2348 -2.4875 0.9795
-3.3017 3.1181 -2.4873 0.9795
-3.4112 2.9974 -2.4871 0.9795
-3.5163 2.8729 -2.4870 0.9795
-3.8903 2.3399 -2.4864 0.9795
-4.0477 2.0547 -2.4862 0.9795
-4.1844 1.7590 -2.4861 0.9795
-4.2447 1.6077 -2.4860 0.9795
-4.3489 1.2992 -2.4859 0.9795
-4.3926 1.1423 -2.4859 0.9795
-4.4307 0.9839 -2.4858 0.9795
-4.4899 0.6637 -2.4858 0.9795
-4.5260 0.3400 -2.4859 0.9795
-4.5389 0.0146 -2.4860 0.9795
-4.5366 -0.1483 -2.4860 0.9795
-4.5285 -0.3110 -2.4861 0.9795
-4.4693 -0.7958 -2.4864 0.9795
-4.3104 -1.4273 -2.4869 0.9795
-4.1975 -1.7329 -2.4872 0.9795
-4.1329 -1.8825 -2.4874 0.9795
-3.9879 -2.1744 -2.4878 0.9795
-3.9076 -2.3163 -2.4880 0.9795
-3.8224 -2.4552 -2.4882 0.9795
-3.7321 -2.5910 -2.4884 0.9795
-3.6371 -2.7234 -2.4886 0.9795
-3.5374 -2.8524 -2.4889 0.9795
-3.4331 -2.9778 -2.4891 0.9795
-3.2114 -3.2170 -2.4896 0.9795
-2.9731 -3.4397 -2.4901 0.9795
-2.8481 -3.5446 -2.4904 0.9795
-2.5871 -3.7405 -2.4910 0.9795
-2.3128 -3.9174 -2.4916 0.9795
-1.7295 -4.2100 -2.4928 0.9795
-1.2676 -4.3731 -2.4937 0.9794
-1.1100 -4.4163 -2.4941 0.9794
-0.9510 -4.4539 -2.4944 0.9794
-0.4671 -4.5320 -2.4953 0.9794
0.1861 -4.5545 -2.4966 0.9794
0.3495 -4.5455 -2.4969 0.9794
0.8361 -4.4833 -2.4978 0.9794
0.9966 -4.4509 -2.4981 0.9794
1.1558 -4.4128 -2.4984 0.9794
1.3135 -4.3690 -2.4987 0.9794
1.7759 -4.2040 -2.4996 0.9794
1.9258 -4.1380 -2.4998 0.9794
2.0732 -4.0667 -2.5001 0.9794
2.2180 -3.9901 -2.5003 0.9794
2.3600 -3.9083 -2.5006 0.9794
2.4989 -3.8215 -2.5008 0.9794
2.6347 -3.7297 -2.5010 0.9794
2.7670 -3.6331 -2.5013 0.9794
2.8959 -3.5318 -2.5015 0.9794
3.3723 -3.0821 -2.5022 0.9794
3.5851 -2.8328 -2.5026 0.9794
3.7795 -2.5687 -2.5029 0.9794
3.8694 -2.4315 -2.5030 0.9794
3.9543 -2.2912 -2.5031 0.9794
4.0341 -2.1480 -2.5032 0.9794
4.1088 -2.0019 -2.5033 0.9794
4.1781 -1.8533 -2.5034 0.9794
4.2420 -1.7023 -2.5035 0.9794
4.3534 -1.3937 -2.5036 0.9794
4.4422 -1.0780 -2.5036 0.9794
4.5081 -0.7567 -2.5036 0.9794
4.5507 -0.4315 -2.5036 0.9794
4.5698 -0.1040 -2.5035 0.9794
4.5542 0.3876 -2.5033 0.9794
4.5372 0.5507 -2.5033 0.9794
2.9872 0.6945 -1.6797 0.9861
2.9530 0.9141 -1.6931 0.9860
4.2563 1.6606 -2.5023 0.9794
3.8902 2.3926 -2.5014 0.9794
3.8015 2.5304 -2.5012 0.9794
3.7079 2.6650 -2.5010 0.9794
3.3991 3.0471 -2.5002 0.9794
3.0511 3.3936 -2.4994 0.9794
2.9270 3.5005 -2.4992 0.9794
2.7992 3.6028 -2.4989 0.9794
2.5331 3.7934 -2.4983 0.9794
2.3951 3.8814 -2.4980 0.9794
2.1101 4.0422 -2.4974 0.9794
1.9635 4.1148 -2.4971 0.9794
1.8143 4.1821 -2.4968 0.9794
1.6629 4.2439 -2.4965 0.9794
1.3540 4.3511 -2.4958 0.9794
1.0382 4.4359 -2.4952 0.9794
0.7172 4.4978 -2.4946 0.9794
0.2297 4.5471 -2.4936 0.9795
-0.0969 4.5507 -2.4930 0.9795
-0.2601 4.5437 -2.4927 0.9795
-0.4229 4.5309 -2.4924 0.9795
-1.2240 4.3801 -2.4909 0.9795
-1.3802 4.3328 -2.4906 0.9795
-2.1301 4.0148 -2.4893 0.9795
-2.2726 3.9354 -2.4890 0.9795
-2.4121 3.8510 -2.4888 0.9795
-2.8111 3.5685 -2.4881 0.9795
-2.9371 3.4651 -2.4879 0.9795
-3.2917 3.1287 -2.4873 0.9795
-3.7045 2.6250 -2.4867 0.9795
-3.8828 2.3524 -2.4864 0.9795
-3.9645 2.2114 -2.4863 0.9795
-4.3447 1.3131 -2.4859 0.9795
-4.5388 0.0292 -2.4860 0.9795
-4.4968 -0.6205 -2.4863 0.9795
-4.3626 -1.2576 -2.4867 0.9795
-4.2617 -1.5674 -2.4870 0.9795
-4.0695 -2.0167 -2.4876 0.9795
-3.9948 -2.1615 -2.4877 0.9795
-3.8302 -2.4429 -2.4882 0.9795
-3.7404 -2.5789 -2.4884 0.9795
-3.6458 -2.7117 -2.4886 0.9795
-3.5465 -2.8411 -2.4888 0.9795
-3.3343 -3.0887 -2.4893 0.9795
-3.2217 -3.2066 -2.4896 0.9795
-3.1049 -3.3205 -2.4899 0.9795
-2.8594 -3.5354 -2.4904 0.9795
-2.7310 -3.6361 -2.4907 0.9795
-2.5991 -3.7322 -2.4910 0.9795
-2.3253 -3.9099 -2.4916 0.9795
-2.1838 -3.9913 -2.4919 0.9795
-2.0395 -4.0675 -2.4922 0.9795
-1.7430 -4.2044 -2.4928 0.9795
-1.4373 -4.3196 -2.4934 0.9795
-1.2816 -4.3689 -2.4937 0.9794
-1.1242 -4.4127 -2.4940 0.9794
-0.6438 -4.5097 -2.4950 0.9794
-0.4816 -4.5304 -2.4953 0.9794
0.3349 -4.5465 -2.4969 0.9794
0.4978 -4.5321 -2.4972 0.9794
0.6602 -4.5119 -2.4975 0.9794
1.1416 -4.4164 -2.4984 0.9794
1.4557 -4.3242 -2.4990 0.9794
1.6101 -4.2697 -2.4993 0.9794
1.7624 -4.2096 -2.4995 0.9794
1.9125 -4.1441 -2.4998 0.9794
2.2052 -3.9971 -2.5003 0.9794
2.3474 -3.9158 -2.5006 0.9794
2.4866 -3.8294 -2.5008 0.9794
2.6227 -3.7381 -2.5010 0.9794
2.7553 -3.6419 -2.5012 0.9794
3.1315 -3.3256 -2.5019 0.9794
3.2490 -3.2114 -2.5021 0.9794
3.4714 -2.9705 -2.5024 0.9794
3.6760 -2.7143 -2.5027 0.9794
3.7712 -2.5808 -2.5028 0.9794
3.8615 -2.4439 -2.5030 0.9794
3.9469 -2.3039 -2.5031 0.9794
4.0272 -2.1609 -2.5032 0.9794
4.3489 -1.4077 -2.5036 0.9794
4.4387 -1.0923 -2.5036 0.9794
4.5493 -0.4461 -2.5036 0.9794
4.5623 -0.2826 -2.5036 0.9794
4.5660 0.2093 -2.5034 0.9794
4.5554 0.3729 -2.5034 0.9794
4.5389 0.5361 -2.5033 0.9794
4.5166 0.6986 -2.5032 0.9794
2.9725 0.5697 -1.6577 0.9863
2.9897 0.6850 -1.6799 0.9861
4.4148 1.1797 -2.5028 0.9794
2.9543 0.9042 -1.6922 0.9860
2.9396 1.0164 -1.7035 0.9859
4.2617 1.6469 -2.5024 0.9794
4.1320 1.9480 -2.5020 0.9794
4.0592 2.0948 -2.5018 0.9794
3.8096 2.5182 -2.5012 0.9794
3.7165 2.6531 -2.5010 0.9794
3.1818 3.2721 -2.4997 0.9794
3.0620 3.3838 -2.4995 0.9794
2.9383 3.4911 -2.4992 0.9794
2.8108 3.5939 -2.4989 0.9794
2.5453 3.7853 -2.4983 0.9794
2.2668 3.9571 -2.4977 0.9794
1.5232 4.2955 -2.4962 0.9794
0.5699 4.5183 -2.4943 0.9794
-0.0823 4.5510 -2.4930 0.9795
-0.2455 4.5446 -2.4927 0.9795
-0.7321 4.4902 -2.4918 0.9795
-1.0520 4.4251 -2.4912 0.9795
-1.5208 4.2850 -2.4903 0.9795
-1.8238 4.1640 -2.4898 0.9795
-1.9718 4.0954 -2.4895 0.9795
-2.1173 4.0216 -2.4893 0.9795
-2.2600 3.9427 -2.4890 0.9795
-2.6698 3.6760 -2.4883 0.9795
-3.1671 3.2552 -2.4875 0.9795
-3.8752 2.3648 -2.4865 0.9795
-3.9574 2.2242 -2.4863 0.9795
-4.0345 2.0807 -2.4862 0.9795
-4.2343 1.6350 -2.4860 0.9795
-4.3404 1.3271 -2.4859 0.9795
-4.3852 1.1705 -2.4859 0.9795
-4.4855 0.6925 -2.4858 0.9795
-4.5075 0.5311 -2.4859 0.9795
-4.5237 0.3691 -2.4859 0.9795
-4.5387 0.0437 -2.4860 0.9795
-4.5374 -0.1191 -2.4860 0.9795
-4.5303 -0.2819 -2.4861 0.9795
-4.5175 -0.4442 -2.4862 0.9795
-4.4441 -0.9272 -2.4865 0.9795
-4.4082 -1.0861 -2.4866 0.9795
-4.3666 -1.2436 -2.4867 0.9795
-4.3195 -1.3995 -2.4869 0.9795
-4.2667 -1.5537 -2.4870 0.9795
-4.2085 -1.7059 -2.4872 0.9795
-3.7486 -2.5669 -2.4884 0.9795
-3.5556 -2.8296 -2.4888 0.9795
-3.4521 -2.9557 -2.4891 0.9795
-3.3442 -3.0779 -2.4893 0.9795
-3.2319 -3.1962 -2.4896 0.9795
-3.1155 -3.3105 -2.4898 0.9795
-2.4761 -3.8155 -2.4912 0.9795
-2.3378 -3.9023 -2.4915 0.9795
-1.9057 -4.1325 -2.4924 0.9795
-1.6049 -4.2595 -2.4931 0.9795
-1.2956 -4.3648 -2.4937 0.9794
-1.1383 -4.4090 -2.4940 0.9794
-0.9795 -4.4476 -2.4943 0.9794
-0.4962 -4.5288 -2.4953 0.9794
-0.1702 -4.5539 -2.4959 0.9794
0.1569 -4.5555 -2.4966 0.9794
0.4833 -4.5337 -2.4972 0.9794
0.6457 -4.5140 -2.4975 0.9794
0.9680 -4.4571 -2.4981 0.9794
1.2854 -4.3773 -2.4987 0.9794
1.7489 -4.2152 -2.4995 0.9794
2.1923 -4.0042 -2.5003 0.9794
2.3348 -3.9233 -2.5005 0.9794
2.4743 -3.8374 -2.5008 0.9794
2.6106 -3.7465 -2.5010 0.9794
2.7436 -3.6507 -2.5012 0.9794
2.9989 -3.4452 -2.5016 0.9794
3.1208 -3.3356 -2.5018 0.9794
3.2387 -3.2218 -2.5020 0.9794
3.4619 -2.9816 -2.5024 0.9794
3.7629 -2.5929 -2.5028 0.9794
3.8537 -2.4563 -2.5030 0.9794
4.0202 -2.1738 -2.5032 0.9794
4.2310 -1.7295 -2.5034 0.9794
4.2904 -1.5766 -2.5035 0.9794
4.3443 -1.4217 -2.5036 0.9794
4.4721 -0.9467 -2.5036 0.9794
4.5032 -0.7856 -2.5036 0.9794
4.5614 -0.2972 -2.5036 0.9794
4.5691 -0.1334 -2.5036 0.9794
4.5708 0.0306 -2.5035 0.9794
4.5188 0.6841 -2.5032 0.9794
2.9740 0.5600 -1.6575 0.9863
4.4185 1.1655 -2.5028 0.9794
2.9410 1.0063 -1.7025 0.9859
4.2670 1.6332 -2.5024 0.9794
4.1383 1.9347 -2.5020 0.9794
4.0659 2.0818 -2.5018 0.9794
3.9055 2.3676 -2.5014 0.9794
3.6275 2.7728 -2.5008 0.9794
3.4187 3.0252 -2.5003 0.9794
3.0729 3.3740 -2.4995 0.9794
2.9495 3.4817 -2.4992 0.9794
2.8224 3.5849 -2.4989 0.9794
2.5575 3.7771 -2.4984 0.9794
2.4200 3.8660 -2.4981 0.9794
2.2795 3.9499 -2.4978 0.9794
1.9899 4.1022 -2.4972 0.9794
1.8412 4.1704 -2.4968 0.9794
1.3819 4.3425 -2.4959 0.9794
1.2251 4.3887 -2.4956 0.9794
0.7461 4.4932 -2.4946 0.9794
0.5844 4.5165 -2.4943 0.9794
0.4219 4.5340 -2.4940 0.9794
0.2589 4.5456 -2.4937 0.9794
0.0957 4.5514 -2.4934 0.9795
-0.2309 4.5454 -2.4927 0.9795
-0.5561 4.5160 -2.4921 0.9795
-0.7177 4.4926 -2.4918 0.9795
-1.1958 4.3879 -2.4909 0.9795
-1.3524 4.3417 -2.4906 0.9795
-1.5071 4.2899 -2.4904 0.9795
-1.6598 4.2326 -2.4901 0.9795
-1.8104 4.1699 -2.4898 0.9795
-1.9587 4.1018 -2.4896 0.9795
-2.1044 4.0285 -2.4893 0.9795
-2.2473 3.9500 -2.4890 0.9795
-2.6580 3.6846 -2.4883 0.9795
-3.0377 3.3768 -2.4877 0.9795
-3.1567 3.2654 -2.4875 0.9795
-3.3822 3.0302 -2.4872 0.9795
-3.5904 2.7795 -2.4869 0.9795
-4.3066 0.0000 -2.4864 0.9803
-4.3039 -0.1545 -2.4865 0.9803
-4.2957 -0.3088 -2.4865 0.9803
-4.2820 -0.4628 -2.4866 0.9803
-4.2628 -0.6161 -2.4867 0.9803
-4.2381 -0.7687 -2.4868 0.9803
-4.2080 -0.9203 -2.4869 0.9803
-4.1725 -1.0707 -2.4870 0.9803
-4.1316 -1.2198 -2.4872 0.9803
-4.0339 -1.5131 -2.4875 0.9803
-3.9773 -1.6570 -2.4876 0.9803
-3.9156 -1.7987 -2.4878 0.9803
-3.8488 -1.9382 -2.4880 0.9803
-3.7771 -2.0752 -2.4881 0.9803
-3.7005 -2.2095 -2.4883 0.9803
-3.6191 -2.3411 -2.4885 0.9803
-3.2481 -2.8357 -2.4894 0.9803
-3.1446 -2.9507 -2.4897 0.9803
-2.9255 -3.1692 -2.4901 0.9803
-2.8102 -3.2725 -2.4904 0.9803
-2.5688 -3.4663 -2.4909 0.9803
-2.4431 -3.5566 -2.4912 0.9803
-2.3142 -3.6424 -2.4915 0.9803
-2.1822 -3.7235 -2.4918 0.9803
-2.0475 -3.7998 -2.4921 0.9803
-1.9101 -3.8713 -2.4923 0.9803
-1.7701 -3.9378 -2.4926 0.9803
-1.3373 -4.1067 -2.4935 0.9802
-1.1892 -4.1525 -2.4938 0.9802
-0.8886 -4.2281 -2.4944 0.9802
-0.5832 -4.2820 -2.4950 0.9802
-0.4293 -4.3007 -2.4953 0.9802
-0.2747 -4.3138 -2.4956 0.9802
-0.1198 -4.3214 -2.4959 0.9802
0.0353 -4.3235 -2.4962 0.9802
0.1904 -4.3199 -2.4965 0.9802
0.3453 -4.3108 -2.4968 0.9802
0.4998 -4.2962 -2.4971 0.9802
0.8068 -4.2502 -2.4977 0.9802
0.9589 -4.2190 -2.4980 0.9802
1.1098 -4.1824 -2.4983 0.9802
1.2593 -4.1403 -2.4985 0.9802
1.4071 -4.0929 -2.4988 0.9802
1.5532 -4.0402 -2.4991 0.9802
1.6974 -3.9823 -2.4993 0.9802
1.8393 -3.9192 -2.4996 0.9802
2.1161 -3.7780 -2.5001 0.9802
2.2505 -3.7000 -2.5003 0.9802
2.5104 -3.5297 -2.5007 0.9802
2.6357 -3.4376 -2.5009 0.9802
2.9905 -3.1353 -2.5015 0.9802
3.1013 -3.0262 -2.5017 0.9802
3.4091 -2.6759 -2.5022 0.9802
3.5031 -2.5520 -2.5023 0.9802
4.0836 -1.4561 -2.5031 0.9802
4.1333 -1.3087 -2.5031 0.9802
4.2781 -0.7040 -2.5032 0.9802
4.3006 -0.5500 -2.5032 0.9802
4.3348 0.0708 -2.5030 0.9802
4.2796 0.6901 -2.5027 0.9802
4.2519 0.8432 -2.5026 0.9802
2.9763 0.7021 -1.7655 0.9860
2.9602 0.8114 -1.7721 0.9859
4.0867 1.4424 -2.5021 0.9802
3.9073 1.8728 -2.5016 0.9802
3.8373 2.0116 -2.5014 0.9802
3.5980 2.4117 -2.5008 0.9802
3.5089 2.5391 -2.5006 0.9802
3.4152 2.6631 -2.5004 0.9802
3.3172 2.7836 -2.5002 0.9802
3.1084 3.0138 -2.4997 0.9802
2.9980 3.1230 -2.4994 0.9802
2.8837 3.2283 -2.4992 0.9802
2.7658 3.3293 -2.4989 0.9802
2.6443 3.4260 -2.4986 0.9802
2.3913 3.6060 -2.4981 0.9802
2.2601 3.6891 -2.4978 0.9802
1.8500 3.9092 -2.4970 0.9802
1.7083 3.9726 -2.4967 0.9802
1.4187 4.0839 -2.4961 0.9802
1.2711 4.1317 -2.4958 0.9802
0.9713 4.2112 -2.4952 0.9802
0.3588 4.3047 -2.4939 0.9802
-0.1058 4.3168 -2.4930 0.9803
-0.2606 4.3097 -2.4928 0.9803
-0.4150 4.2971 -2.4925 0.9803
-0.7219 4.2553 -2.4919 0.9803
-0.8740 4.2262 -2.4916 0.9803
-1.0249 4.1916 -2.4913 0.9803
-1.1745 4.1517 -2.4910 0.9803
-1.4689 4.0559 -2.4905 0.9803
-1.6133 4.0002 -2.4903 0.9803
-2.0332 3.8025 -2.4895 0.9803
-2.1681 3.7268 -2.4893 0.9803
-2.5553 3.4713 -2.4886 0.9803
-2.6780 3.3771 -2.4884 0.9803
-2.9128 3.1759 -2.4880 0.9803
-3.1326 2.9584 -2.4877 0.9803
-3.6093 2.3512 -2.4870 0.9803
-3.6911 2.2201 -2.4869 0.9803
-3.7683 2.0861 -2.4868 0.9803
-3.8405 1.9495 -2.4867 0.9803
-3.9079 1.8104 -2.4866 0.9803
-3.9702 1.6690 -2.4865 0.9803
-4.0274 1.5255 -2.4864 0.9803
-4.1678 1.0838 -2.4863 0.9803
-4.3066 0.0138 -2.4864 0.9803
-4.2835 -0.4490 -2.4866 0.9803
-4.2648 -0.6024 -2.4867 0.9803
-4.1759 -1.0573 -2.4870 0.9803
-4.0388 -1.5002 -2.4874 0.9803
-3.9826 -1.6442 -2.4876 0.9803
-3.9213 -1.7861 -2.4878 0.9803
-3.7837 -2.0630 -2.4881 0.9803
-3.6266 -2.3294 -2.4885 0.9803
-3.4508 -2.5839 -2.4889 0.9803
-3.3561 -2.7063 -2.4892 0.9803
-3.2572 -2.8252 -2.4894 0.9803
-3.0468 -3.0521 -2.4899 0.9803
-2.9356 -3.1598 -2.4901 0.9803
-2.8207 -3.2634 -2.4904 0.9803
-2.7020 -3.3629 -2.4906 0.9803
-2.5799 -3.4580 -2.4909 0.9803
-2.1942 -3.7165 -2.4917 0.9803
-1.9225 -3.8651 -2.4923 0.9803
-1.6407 -3.9940 -2.4929 0.9803
-1.3504 -4.1023 -2.4935 0.9802
-1.0530 -4.1896 -2.4941 0.9802
-0.9021 -4.2252 -2.4944 0.9802
-0.7501 -4.2554 -2.4947 0.9802
-0.4431 -4.2992 -2.4953 0.9802
-0.2886 -4.3129 -2.4956 0.9802
0.1766 -4.3205 -2.4965 0.9802
0.3315 -4.3119 -2.4968 0.9802
0.6400 -4.2780 -2.4974 0.9802
0.7932 -4.2528 -2.4977 0.9802
1.0963 -4.1859 -2.4982 0.9802
1.2459 -4.1443 -2.4985 0.9802
1.3940 -4.0974 -2.4988 0.9802
1.6846 -3.9877 -2.4993 0.9802
1.8267 -3.9251 -2.4996 0.9802
2.2385 -3.7072 -2.5003 0.9802
2.3703 -3.6248 -2.5005 0.9802
2.4991 -3.5377 -2.5007 0.9802
2.7468 -3.3500 -2.5011 0.9802
3.0915 -3.0361 -2.5017 0.9802
3.1987 -2.9234 -2.5019 0.9802
3.3017 -2.8070 -2.5020 0.9802
3.4005 -2.6869 -2.5022 0.9802
3.4949 -2.5633 -2.5023 0.9802
3.7506 -2.1732 -2.5027 0.9802
3.8263 -2.0373 -2.5028 0.9802
3.8971 -1.8988 -2.5029 0.9802
3.9628 -1.7578 -2.5029 0.9802
4.0789 -1.4692 -2.5031 0.9802
4.2133 -1.0225 -2.5032 0.9802
4.2758 -0.7177 -2.5032 0.9802
4.2988 -0.5638 -2.5032 0.9802
4.3281 -0.2541 -2.5031 0.9802
4.3344 -0.0987 -2.5031 0.9802
4.3350 0.0569 -2.5030 0.9802
4.3301 0.2124 -2.5030 0.9802
4.2818 0.6764 -2.5027 0.9802
2.9103 0.5674 -1.7119 0.9864
2.9788 0.6926 -1.7657 0.9860
4.1837 1.1324 -2.5024 0.9802
2.9456 0.9119 -1.7803 0.9859
2.9297 1.0235 -1.7917 0.9858
3.9133 1.8603 -2.5016 0.9802
3.6899 2.2695 -2.5010 0.9802
3.6058 2.4002 -2.5008 0.9802
3.5171 2.5278 -2.5006 0.9802
3.4238 2.6521 -2.5004 0.9802
3.3261 2.7730 -2.5002 0.9802
3.1181 3.0038 -2.4997 0.9802
3.0081 3.1134 -2.4995 0.9802
2.8941 3.2190 -2.4992 0.9802
2.7765 3.3204 -2.4989 0.9802
2.6553 3.4175 -2.4987 0.9802
2.1381 3.7606 -2.4976 0.9802
2.0016 3.8344 -2.4973 0.9802
1.8625 3.9033 -2.4970 0.9802
1.7211 3.9671 -2.4967 0.9802
1.5775 4.0259 -2.4964 0.9802
1.4318 4.0794 -2.4961 0.9802
1.2844 4.1276 -2.4958 0.9802
0.6804 4.2668 -2.4946 0.9802
0.3726 4.3036 -2.4940 0.9802
0.0630 4.3182 -2.4934 0.9803
-0.0919 4.3172 -2.4931 0.9803
-0.2467 4.3106 -2.4928 0.9803
-0.4012 4.2984 -2.4925 0.9803
-0.5551 4.2808 -2.4922 0.9803
-1.1612 4.1555 -2.4911 0.9803
-1.3094 4.1107 -2.4908 0.9803
-1.6005 4.0054 -2.4903 0.9803
-2.1561 3.7337 -2.4893 0.9803
-2.2885 3.6537 -2.4891 0.9803
-3.1231 2.9685 -2.4877 0.9803
-3.4234 2.6153 -2.4872 0.9803
-3.5148 2.4906 -2.4871 0.9803
-3.6017 2.3628 -2.4870 0.9803
-3.6840 2.2319 -2.4869 0.9803
-3.7616 2.0982 -2.4868 0.9803
-3.9648 1.6818 -2.4865 0.9803
-4.0225 1.5384 -2.4864 0.9803
-4.1223 1.2459 -2.4864 0.9803
-4.1643 1.0972 -2.4863 0.9803
-4.2010 0.9471 -2.4863 0.9803
-4.2322 0.7958 -2.4863 0.9803
-4.2581 0.6434 -2.4863 0.9803
-4.2784 0.4902 -2.4863 0.9803
-4.3027 0.1822 -2.4864 0.9803
-4.3065 0.0277 -2.4864 0.9803
-4.3048 -0.1269 -2.4865 0.9803
-4.2976 -0.2812 -2.4865 0.9803
-4.2138 -0.8933 -2.4869 0.9803
-4.1792 -1.0439 -2.4870 0.9803
-4.1393 -1.1932 -2.4871 0.9803
-4.0941 -1.3411 -2.4873 0.9803
-4.0435 -1.4872 -2.4874 0.9803
-3.6340 -2.3177 -2.4885 0.9803
-2.7128 -3.3541 -2.4906 0.9803
-2.5910 -3.4497 -2.4909 0.9803
-2.4658 -3.5408 -2.4912 0.9803
-2.2061 -3.7093 -2.4917 0.9803
-2.0718 -3.7865 -2.4920 0.9803
-1.6535 -3.9886 -2.4929 0.9803
-1.3636 -4.0979 -2.4935 0.9802
-0.9157 -4.2222 -2.4944 0.9802
-0.6107 -4.2781 -2.4950 0.9802
-0.4569 -4.2977 -2.4953 0.9802
-0.3024 -4.3119 -2.4956 0.9802
0.3176 -4.3129 -2.4968 0.9802
0.4722 -4.2992 -2.4971 0.9802
0.6262 -4.2800 -2.4974 0.9802
0.7795 -4.2552 -2.4976 0.9802
0.9318 -4.2250 -2.4979 0.9802
1.3808 -4.1018 -2.4988 0.9802
1.5272 -4.0500 -2.4990 0.9802
1.9542 -3.8637 -2.4998 0.9802
2.7360 -3.3587 -2.5011 0.9802
2.8550 -3.2587 -2.5013 0.9802
3.0817 -3.0460 -2.5017 0.9802
3.1892 -2.9337 -2.5018 0.9802
3.2927 -2.8175 -2.5020 0.9802
3.4866 -2.5745 -2.5023 0.9802
3.8198 -2.0496 -2.5028 0.9802
3.8910 -1.9113 -2.5028 0.9802
3.9572 -1.7705 -2.5029 0.9802
4.0742 -1.4823 -2.5031 0.9802
4.1248 -1.3352 -2.5031 0.9802
4.2100 -1.0360 -2.5032 0.9802
4.2735 -0.7314 -2.5032 0.9802
4.2970 -0.5776 -2.5032 0.9802
4.3149 -0.4231 -2.5032 0.9802
4.3340 -0.1126 -2.5031 0.9802
4.2839 0.6626 -2.5027 0.9802
2.9804 0.6829 -1.7653 0.9860
2.9469 0.9019 -1.7793 0.9859
2.9313 1.0135 -1.7907 0.9858
4.0422 1.5621 -2.5020 0.9802
3.9192 1.8477 -2.5016 0.9802
3.6972 2.2576 -2.5011 0.9802
3.5252 2.5165 -2.5006 0.9802
3.4323 2.6411 -2.5004 0.9802
3.3351 2.7623 -2.5002 0.9802
3.1278 2.9938 -2.4997 0.9802
2.9045 3.2097 -2.4992 0.9802
2.7872 3.3115 -2.4990 0.9802
2.6663 3.4090 -2.4987 0.9802
2.1502 3.7537 -2.4976 0.9802
2.0139 3.8280 -2.4973 0.9802
1.8751 3.8973 -2.4970 0.9802
1.7338 3.9616 -2.4967 0.9802
1.5904 4.0208 -2.4964 0.9802
1.4449 4.0748 -2.4961 0.9802
1.2977 4.1235 -2.4958 0.9802
1.1487 4.1669 -2.4955 0.9802
0.9984 4.2049 -2.4952 0.9802
0.6941 4.2647 -2.4946 0.9802
0.5406 4.2863 -2.4943 0.9802
0.3864 4.3024 -2.4940 0.9802
0.2318 4.3130 -2.4937 0.9802
0.0769 4.3180 -2.4934 0.9803
-0.0781 4.3175 -2.4931 0.9803
-0.5413 4.2826 -2.4922 0.9803
-0.6946 4.2599 -2.4919 0.9803
-0.9980 4.1982 -2.4914 0.9803
-1.2962 4.1149 -2.4908 0.9803
-1.5876 4.0105 -2.4903 0.9803
-2.0088 3.8156 -2.4896 0.9803
-2.1442 3.7407 -2.4893 0.9803
-2.5330 3.4877 -2.4887 0.9803
-2.6563 3.3943 -2.4884 0.9803
-2.7761 3.2966 -2.4883 0.9803
-2.8924 3.1946 -2.4881 0.9803
-3.3187 2.7472 -2.4874 0.9803
-3.4150 2.6263 -2.4872 0.9803
-3.5068 2.5019 -2.4871 0.9803
-3.8280 1.9742 -2.4867 0.9803
-3.8962 1.8355 -2.4866 0.9803
-3.9594 1.6945 -2.4865 0.9803
-4.1183 1.2591 -2.4864 0.9803
-4.1608 1.1106 -2.4863 0.9803
-4.2296 0.8093 -2.4863 0.9803
-4.2560 0.6571 -2.4863 0.9803
-4.2922 0.3502 -2.4863 0.9803
-4.3020 0.1960 -2.4864 0.9803
-4.3064 0.0415 -2.4864 0.9803
-4.2985 -0.2674 -2.4865 0.9803
-4.2453 -0.7278 -2.4868 0.9803
-4.2166 -0.8797 -2.4869 0.9803
-4.1825 -1.0305 -2.4870 0.9803
-4.0983 -1.3279 -2.4873 0.9803
-4.0483 -1.4742 -2.4874 0.9803
-3.8672 -1.9010 -2.4879 0.9803
-3.7968 -2.0387 -2.4881 0.9803
-3.7215 -2.1737 -2.4883 0.9803
-3.6414 -2.3060 -2.4885 0.9803
-3.5566 -2.4354 -2.4887 0.9803
-3.2752 -2.8042 -2.4894 0.9803
-3.0663 -3.0324 -2.4898 0.9803
-2.9558 -3.1408 -2.4901 0.9803
-2.6020 -3.4413 -2.4909 0.9803
-2.3491 -3.6198 -2.4914 0.9803
-2.2179 -3.7022 -2.4917 0.9803
-2.0839 -3.7798 -2.4920 0.9803
-1.8079 -3.9204 -2.4926 0.9803
-1.6663 -3.9833 -2.4928 0.9803
-1.5225 -4.0410 -2.4931 0.9803
-1.0799 -4.1827 -2.4940 0.9802
-0.7774 -4.2504 -2.4947 0.9802
-0.0063 -4.3235 -2.4962 0.9802
0.4584 -4.3006 -2.4970 0.9802
0.6125 -4.2819 -2.4973 0.9802
0.7658 -4.2577 -2.4976 0.9802
0.9182 -4.2279 -2.4979 0.9802
1.0694 -4.1927 -2.4982 0.9802
1.2193 -4.1521 -2.4985 0.9802
1.3676 -4.1062 -2.4987 0.9802
1.6589 -3.9984 -2.4993 0.9802
1.8015 -3.9367 -2.4995 0.9802
2.0795 -3.7981 -2.5000 0.9802
2.3470 -3.6399 -2.5005 0.9802
2.7252 -3.3675 -2.5011 0.9802
2.8445 -3.2678 -2.5013 0.9802
2.9601 -3.1639 -2.5015 0.9802
3.1798 -2.9439 -2.5018 0.9802
3.2836 -2.8281 -2.5020 0.9802
3.5690 -2.4593 -2.5024 0.9802
3.8131 -2.0619 -2.5028 0.9802
3.9515 -1.7832 -2.5029 0.9802
4.2067 -1.0495 -2.5032 0.9802
4.2416 -0.8979 -2.5032 0.9802
4.2711 -0.7452 -2.5032 0.9802
4.2951 -0.5914 -2.5032 0.9802
4.3135 -0.4370 -2.5032 0.9802
4.3336 -0.1265 -2.5031 0.9802
4.3353 0.0291 -2.5030 0.9802
4.3218 0.3399 -2.5029 0.9802
4.3067 0.4947 -2.5028 0.9802
4.2860 0.6489 -2.5027 0.9802
2.9135 0.5486 -1.7117 0.9864
2.7736 1.1774 -1.7396 0.9862
3.6212 2.3770 -2.5009 0.9802
3.5333 2.5052 -2.5007 0.9802
3.2428 2.8696 -2.5000 0.9802
3.0280 3.0941 -2.4995 0.9802
2.7978 3.3026 -2.4990 0.9802
2.6772 3.4005 -2.4987 0.9802
2.5532 3.4940 -2.4984 0.9802
2.4260 3.5829 -2.4982 0.9802
2.2956 3.6673 -2.4979 0.9802
2.1623 3.7468 -2.4976 0.9802
1.8876 3.8913 -2.4970 0.9802
1.1621 4.1633 -2.4955 0.9802
1.0119 4.2018 -2.4952 0.9802
0.5544 4.2846 -2.4943 0.9802
0.4002 4.3012 -2.4940 0.9802
-0.0642 4.3178 -2.4931 0.9803
-0.2191 4.3122 -2.4928 0.9803
-0.3736 4.3010 -2.4925 0.9803
-0.5276 4.2843 -2.4922 0.9803
-0.9846 4.2014 -2.4914 0.9803
-1.2830 4.1191 -2.4908 0.9803
-1.4298 4.0700 -2.4906 0.9803
-1.5748 4.0156 -2.4903 0.9803
-1.7176 3.9561 -2.4901 0.9803
-1.8583 3.8916 -2.4898 0.9803
-2.1322 3.7476 -2.4893 0.9803
-2.2650 3.6683 -2.4891 0.9803
-2.6454 3.4028 -2.4885 0.9803
-2.9950 3.0982 -2.4879 0.9803
-3.1040 2.9885 -2.4877 0.9803
-3.3099 2.7579 -2.4874 0.9803
-3.4065 2.6372 -2.4873 0.9803
-3.4988 2.5132 -2.4871 0.9803
-3.5865 2.3859 -2.4870 0.9803
-3.6696 2.2556 -2.4869 0.9803
