ply
format ascii 1.0
element vertex 7610
property float32 x
property float32 y
property float32 z
property float32 I
end_header
-4.1005 19.1669 3.4561 0.9235
-6.3286 25.1362 4.5705 0.9001
-7.2617 25.0147 4.5929 0.8996
-7.5582 16.6522 3.2245 0.9284
-9.0601 18.1965 3.5842 0.9208
-10.9169 18.4732 3.7836 0.9165
-13.8288 17.1957 3.8909 0.9143
-17.1336 17.1486 4.2744 0.9062
-19.0186 16.4818 4.4376 0.9028
-20.6572 16.6424 4.6774 0.8979
-23.4637 16.2737 5.0350 0.8905
-24.4844 15.7113 5.1297 0.8886
-30.2079 0.9729 5.3292 0.8845
-15.1317 -15.3704 3.8032 0.9161
-30.1770 -32.9377 7.8768 0.8341
-27.8988 -32.7356 7.5840 0.8397
-23.5752 -32.0623 7.0172 0.8507
-21.6770 -31.8124 6.7878 0.8553
-19.8968 -31.5780 6.5812 0.8593
-18.2930 -31.4834 6.4204 0.8625
-17.5555 -32.8760 6.5716 0.8595
-16.4740 -33.7084 6.6155 0.8587
-15.3765 -34.5531 6.6687 0.8576
-14.0962 -35.0066 6.6543 0.8579
-13.2510 -36.6513 6.8720 0.8536
-12.3263 -43.6631 7.9999 0.8317
2.3474 -49.0258 8.6545 0.8193
5.8630 -48.7800 8.6631 0.8191
4.4222 -12.7053 2.3721 0.9468
24.6048 -31.8384 7.0950 0.8492
23.9354 -26.7615 6.3308 0.8643
24.6503 -25.6463 6.2723 0.8655
28.3114 -25.5114 6.7198 0.8566
32.1171 -25.0111 7.1778 0.8476
38.5130 -23.8241 7.9852 0.8320
41.0972 -23.4269 8.3412 0.8252
37.7361 15.0328 7.1624 0.8479
39.9289 24.9520 8.3022 0.8259
35.5753 24.0483 7.5716 0.8399
24.8890 22.6337 5.9319 0.8723
20.6146 21.6439 5.2704 0.8857
17.8951 21.7145 4.9615 0.8920
13.9079 21.1536 4.4639 0.9023
12.7363 20.9743 4.3268 0.9051
11.7297 20.9781 4.2380 0.9070
9.4916 20.2634 3.9455 0.9131
8.5674 20.1419 3.8595 0.9149
7.0255 20.4846 3.8185 0.9158
5.3868 20.3627 3.7140 0.9180
4.5241 19.9748 3.6113 0.9202
3.6865 19.5001 3.4993 0.9226
2.9515 19.4035 3.4607 0.9234
2.2767 19.6978 3.4964 0.9226
1.1315 26.1189 4.6098 0.8993
0.1925 25.9943 4.5836 0.8998
-0.5584 19.5989 3.4572 0.9235
-1.2395 19.2296 3.3977 0.9247
-1.8879 18.7670 3.3258 0.9263
-2.5589 18.6787 3.3243 0.9263
-4.0360 19.1307 3.4475 0.9237
-7.1877 25.0244 4.5909 0.8996
-6.1651 18.8827 3.5025 0.9225
-6.7918 18.5214 3.4785 0.9230
-7.3626 18.0467 3.4368 0.9239
-9.9163 18.3683 3.6807 0.9187
-10.8170 18.4232 3.7671 0.9169
-6.2622 9.8391 2.0565 0.9537
-6.4987 9.4446 2.0215 0.9545
-13.7563 17.2052 3.8842 0.9144
-18.1206 16.9756 4.3782 0.9041
-18.9332 16.5020 4.4285 0.9030
-20.5544 16.6558 4.6648 0.8981
-21.8985 16.4793 4.8325 0.8947
-29.8560 15.0040 5.8918 0.8731
-33.8582 14.0725 6.4653 0.8616
-30.1414 1.0563 5.3180 0.8847
-15.1400 -15.2919 3.7944 0.9163
-30.3731 -32.9636 7.9035 0.8336
-28.0799 -32.7595 7.6080 0.8392
-23.7307 -32.0828 7.0364 0.8504
-21.8225 -31.8315 6.8051 0.8549
-15.4638 -34.4858 6.6641 0.8577
5.7249 -48.7981 8.6634 0.8191
3.8333 -12.5599 2.3155 0.9481
24.2775 -29.3562 6.7171 0.8566
23.9591 -26.9414 6.3573 0.8638
24.5264 -25.6626 6.2593 0.8657
35.9622 -24.2199 7.6451 0.8385
40.2500 24.9942 8.3542 0.8249
35.6867 23.9764 7.5808 0.8398
28.5093 22.2802 6.3800 0.8633
26.5406 22.3208 6.1148 0.8686
25.0555 22.6555 5.9562 0.8718
12.9115 12.5456 3.1744 0.9295
19.5480 21.9317 5.1803 0.8875
18.0114 21.7298 4.9767 0.8917
16.5893 21.5427 4.7943 0.8954
10.7382 20.7893 4.1258 0.9093
9.5664 20.2732 3.9527 0.9130
3.7453 19.5079 3.5026 0.9225
2.3327 19.6927 3.4966 0.9226
1.6277 19.8022 3.5034 0.9225
1.2061 26.1287 4.6121 0.8992
0.2663 26.0042 4.5855 0.8998
-0.5041 19.6516 3.4662 0.9233
-3.2368 18.9472 3.3893 0.9249
-3.9658 19.0652 3.4337 0.9240
-7.3059 18.0541 3.4342 0.9239
-11.4808 18.1518 3.7871 0.9165
-6.4631 9.4502 2.0188 0.9546
-13.6840 17.2147 3.8776 0.9146
-15.9400 17.3384 4.1529 0.9088
-18.0304 16.9873 4.3680 0.9043
-18.8481 16.5221 4.4195 0.9032
-19.9496 16.2597 4.5380 0.9007
-21.7887 16.4937 4.8186 0.8949
-23.2263 16.3050 5.0038 0.8911
-26.4706 15.8778 5.4428 0.8822
-28.3209 15.6342 5.7041 0.8769
-32.4494 14.9854 6.3024 0.8649
-25.7583 6.6648 4.6915 0.8976
-15.1483 -15.2137 3.7856 0.9165
-30.5704 -32.9895 7.9305 0.8330
-28.2622 -32.7835 7.6321 0.8388
-25.9439 -32.3742 7.3153 0.8449
-23.8870 -32.1034 7.0558 0.8500
-21.9687 -31.8508 6.8225 0.8546
-18.4768 -31.3887 6.4224 0.8625
-17.6864 -32.6736 6.5511 0.8599
-16.6459 -33.5761 6.6080 0.8588
-15.5511 -34.4187 6.6597 0.8578
-14.3091 -34.9619 6.6611 0.8578
-13.3131 -36.1801 6.7977 0.8551
-12.8955 -39.3473 7.3011 0.8452
-12.4103 -43.0260 7.8959 0.8337
5.5868 -48.8162 8.6638 0.8191
7.3346 -48.5836 8.6637 0.8191
9.0832 -48.3430 8.6733 0.8189
3.8110 -12.6148 2.3236 0.9479
4.2762 -12.5139 2.3318 0.9477
25.6666 -39.1337 8.2521 0.8269
25.0834 -32.8408 7.2866 0.8455
23.9830 -27.1226 6.3840 0.8632
26.0428 -25.5058 6.4275 0.8624
28.0310 -25.5483 6.6875 0.8572
29.7935 -25.2583 6.8872 0.8533
31.7975 -25.0532 7.1380 0.8484
33.4817 -24.4854 7.3140 0.8449
35.9837 -24.3830 7.6644 0.8382
38.4686 -24.0993 8.0042 0.8316
40.5748 25.0369 8.4069 0.8239
35.9974 24.0373 7.6323 0.8388
37.8133 27.2611 8.2196 0.8275
29.9676 23.2833 6.6915 0.8572
26.7223 22.3447 6.1421 0.8681
25.2233 22.6776 5.9808 0.8713
12.9198 12.4827 3.1677 0.9296
19.6047 21.8701 5.1789 0.8875
18.1285 21.7451 4.9919 0.8914
16.6979 21.5570 4.8080 0.8952
14.9515 20.8035 4.5173 0.9012
-6.3812 25.3454 4.0039 0.8996
-7.2704 25.0447 3.9951 0.8998
-8.0959 24.5601 3.9616 0.9006
-7.4194 18.0396 2.9882 0.9241
-7.5596 16.6552 2.8020 0.9287
-9.0869 18.2502 3.1232 0.9208
-13.1731 24.2364 4.2259 0.8944
-6.2681 9.7870 1.7805 0.9541
-6.5326 9.4365 1.7582 0.9546
-16.4809 17.7240 3.7077 0.9067
-17.2935 17.3087 3.7483 0.9057
-19.0499 16.5089 3.8617 0.9030
-20.6028 16.5985 4.0532 0.8985
-23.4620 16.2726 4.3741 0.8909
-24.5292 15.7401 4.4649 0.8887
-28.6308 15.5940 4.9945 0.8764
-30.6803 4.3191 4.7464 0.8822
-15.1179 -15.3564 3.3012 0.9165
-30.1761 -32.9367 6.8432 0.8346
-25.6082 -32.3291 6.3181 0.8463
-23.5745 -32.0614 6.0965 0.8513
-21.6764 -31.8115 5.8972 0.8558
-17.6197 -32.9961 5.7304 0.8595
-16.5342 -33.8316 5.7687 0.8587
-15.4326 -34.6794 5.8150 0.8576
-14.0962 -35.0065 5.7812 0.8584
-12.3277 -43.6681 6.9512 0.8323
0.5890 -49.2561 7.5463 0.8193
4.1125 -49.0006 7.5330 0.8196
5.8966 -49.0598 7.5698 0.8188
25.3737 -35.3885 6.6709 0.8384
23.9335 -26.7594 5.4998 0.8648
24.6497 -25.6456 5.4493 0.8659
26.2650 -25.4333 5.6009 0.8625
28.3107 -25.5107 5.8381 0.8571
29.7935 -24.9694 5.9551 0.8544
38.5118 -23.8234 6.9374 0.8326
39.9309 24.9532 7.2134 0.8265
31.5671 23.0310 5.9862 0.8537
26.5038 22.4186 5.3179 0.8689
20.5009 21.5245 4.5537 0.8867
19.4217 21.9148 4.4859 0.8883
17.9344 21.7621 4.3201 0.8922
16.4945 21.5457 4.1569 0.8960
13.9339 21.1931 3.8855 0.9025
11.9851 21.4350 3.7622 0.9054
8.5676 20.1424 3.3532 0.9152
3.6865 19.5005 3.0403 0.9228
2.9516 19.4039 3.0068 0.9236
2.2812 19.7368 3.0437 0.9227
2.0547 25.8954 3.9795 0.9002
1.1288 26.0580 3.9957 0.8998
-5.3666 25.4375 3.9827 0.9001
-6.3111 25.3704 4.0050 0.8996
-13.9666 23.7876 4.2258 0.8944
-6.2535 9.8255 1.7842 0.9540
-13.7566 17.2056 3.3747 0.9147
-15.0566 17.5049 3.5372 0.9108
-21.4083 23.1543 4.8309 0.8802
-17.2678 17.3813 3.7534 0.9056
-18.0645 16.9230 3.7920 0.9047
-18.9554 16.5213 3.8520 0.9033
-23.3429 16.2882 4.3605 0.8912
-24.4181 15.7667 4.4528 0.8890
-28.4758 15.6145 4.9751 0.8769
-35.3748 14.7028 5.8687 0.8564
-25.8287 6.6050 4.0841 0.8977
-15.1263 -15.2779 3.2936 0.9167
-30.3722 -32.9625 6.8665 0.8341
-21.8219 -31.8307 5.9122 0.8554
-20.1264 -31.7426 5.7579 0.8589
-15.5204 -34.6119 5.8110 0.8577
2.2170 -49.2235 7.5484 0.8192
5.7578 -49.0780 7.5700 0.8188
7.5160 -48.8467 7.5711 0.8187
3.8339 -12.5619 2.0120 0.9482
25.8122 -39.1136 7.1791 0.8273
25.2351 -35.4067 6.6608 0.8387
24.6324 -32.0617 6.1939 0.8491
24.2755 -29.3537 5.8353 0.8572
23.9572 -26.9393 5.5228 0.8643
28.1701 -25.5292 5.8240 0.8574
31.9560 -25.0315 6.2186 0.8485
35.9601 -24.2185 6.6418 0.8391
38.4446 -23.9327 6.9375 0.8326
40.2519 24.9954 7.2586 0.8255
34.2950 23.0414 6.3295 0.8460
31.7976 23.0613 6.0175 0.8530
25.0563 22.6563 5.1750 0.8722
19.5246 21.9054 4.4953 0.8880
18.0394 21.7635 4.3305 0.8919
12.9484 21.1880 3.8040 0.9044
12.0637 21.4326 3.7677 0.9053
9.5666 20.2737 3.4342 0.9133
7.9153 20.4611 3.3609 0.9150
7.1731 20.7232 3.3595 0.9151
4.5999 20.0457 3.1507 0.9201
3.0091 19.4114 3.0092 0.9236
1.2061 26.1277 4.0069 0.8996
0.2679 26.1635 4.0083 0.8995
-1.1883 19.2866 2.9602 0.9248
-1.8349 18.7743 2.8898 0.9265
-2.5059 18.6861 2.8882 0.9265
-4.0326 19.3865 3.0335 0.9230
-7.1311 25.0954 3.9967 0.8998
-7.6262 17.0583 2.8625 0.9272
-8.9488 18.2313 3.1112 0.9211
-13.0072 24.2579 4.2167 0.8946
-6.2389 9.8641 1.7880 0.9539
-6.4615 9.4477 1.7535 0.9547
-12.8748 17.4469 3.3217 0.9160
-14.9521 17.4834 3.5243 0.9111
-17.2098 17.4214 3.7515 0.9057
-21.8828 16.5649 4.2045 0.8949
-23.2245 16.3037 4.3470 0.8915
-24.3076 15.7932 4.4407 0.8893
-26.4705 15.8778 4.7287 0.8826
-28.3219 15.6347 4.9560 0.8773
-32.6222 15.0652 5.5047 0.8647
-30.7245 4.5031 4.7571 0.8819
-30.5695 -32.9885 6.8899 0.8336
-25.9432 -32.3732 6.3554 0.8455
-20.2645 -31.7607 5.7716 0.8586
-18.4763 -31.3879 5.5797 0.8630
-17.6872 -32.6750 5.6919 0.8604
-16.7067 -33.6988 5.7621 0.8588
-15.6079 -34.5445 5.8071 0.8578
-14.3091 -34.9618 5.7872 0.8582
-12.8968 -39.3514 6.3439 0.8457
-12.4117 -43.0308 6.8608 0.8342
-11.9225 -47.7003 7.5322 0.8196
5.6188 -49.0963 7.5704 0.8188
3.8116 -12.6168 2.0191 0.9481
4.2578 -12.4599 2.0172 0.9481
24.3022 -29.5562 5.8619 0.8565
23.9811 -27.1205 5.5460 0.8637
26.0409 -25.5039 5.5839 0.8629
28.0303 -25.5476 5.8100 0.8577
29.7915 -25.2567 5.9833 0.8538
31.7966 -25.0525 6.2013 0.8489
33.4808 -24.4847 6.3543 0.8455
38.4663 -24.0979 6.9536 0.8322
40.8739 -23.6077 7.2309 0.8261
43.5393 -23.1049 7.5509 0.8192
40.5768 25.0381 7.3043 0.8245
32.0303 23.0919 6.0491 0.8523
29.9962 23.3056 5.8192 0.8575
27.4752 22.9742 5.4866 0.8651
25.2241 22.6784 5.1964 0.8717
19.5468 21.8056 4.4862 0.8882
16.7297 21.5980 4.1852 0.8953
14.0368 21.0881 3.8808 0.9026
-6.4773 25.7268 3.4547 0.8985
-8.0961 24.5606 3.3676 0.9009
-9.1079 18.2925 2.6610 0.9209
-6.2595 9.7736 1.5114 0.9543
-12.9297 17.3149 2.8140 0.9165
-13.8294 17.1965 2.8736 0.9148
-19.9028 23.0069 3.9614 0.8845
-16.4812 17.7242 3.1517 0.9070
-19.0304 16.4920 3.2792 0.9034
-18.9086 15.2336 3.1620 0.9067
-23.5382 16.3254 3.7302 0.8909
-24.5913 15.7800 3.8049 0.8888
-28.6723 15.6167 4.2516 0.8766
-30.1554 15.0475 4.3886 0.8729
-35.5922 14.6750 5.0133 0.8562
-25.9113 6.5479 3.4803 0.8978
-15.1042 -15.3425 2.8036 0.9168
-24.6439 -33.5158 5.4173 0.8455
-23.2822 -36.9510 5.6873 0.8385
-19.4652 -36.4521 5.3812 0.8465
-18.1230 -37.0825 5.3747 0.8466
-17.7498 -39.8864 5.6851 0.8385
-14.0961 -35.0063 4.9142 0.8588
-13.9105 -38.4756 5.3277 0.8479
-12.3291 -43.6729 5.9094 0.8327
-1.1823 -49.3952 6.4341 0.8193
5.8262 -48.4732 6.3577 0.8212
9.3038 -48.0157 6.3689 0.8210
11.0518 -47.7858 6.3870 0.8205
12.8120 -47.5543 6.4134 0.8198
3.8567 -12.5093 1.7046 0.9486
25.8901 -38.9906 6.0948 0.8280
23.9316 -26.7573 4.6747 0.8652
24.6491 -25.6450 4.6320 0.8663
26.2644 -25.4326 4.7609 0.8629
33.8195 -24.4393 5.4336 0.8451
35.5596 24.0377 5.5893 0.8410
31.6570 23.0966 5.1030 0.8538
29.5788 23.2515 4.8994 0.8592
12.8935 12.5994 2.3476 0.9299
19.4212 21.9142 3.8131 0.8886
14.8949 20.9747 3.3500 0.9014
13.9336 21.1927 3.3028 0.9028
13.0127 21.4296 3.2648 0.9038
15.6827 28.0479 4.1846 0.8784
9.4920 20.2643 2.9140 0.9137
8.5678 20.1428 2.8505 0.9155
7.1091 26.8732 3.6198 0.8939
3.6866 19.5009 2.5844 0.9231
2.9517 19.4043 2.5559 0.9239
1.1372 26.2514 3.4217 0.8994
-1.2429 19.2811 2.5160 0.9250
-2.5590 18.6795 2.4552 0.9268
-5.4454 25.8110 3.4351 0.8991
-6.4223 25.8176 3.4645 0.8982
-6.8106 18.5728 2.5760 0.9233
-7.3629 18.0474 2.5382 0.9244
-7.5858 16.8396 2.4051 0.9282
-10.7279 18.2715 2.7591 0.9181
-6.2450 9.8120 1.5146 0.9542
-12.8601 17.3240 2.8096 0.9166
-13.7569 17.2060 2.8687 0.9150
-15.2859 17.7715 3.0525 0.9098
-22.8886 23.0390 4.2290 0.8772
-24.4645 15.7967 3.7922 0.8892
-26.7147 15.9214 4.0498 0.8821
-28.5465 15.6532 4.2395 0.8769
-29.9867 15.0697 4.3703 0.8734
-32.8121 15.0401 4.7003 0.8645
-25.8422 6.6084 3.4735 0.8980
-30.3712 -32.9615 5.8365 0.8346
-28.1139 -32.7991 5.6254 0.8401
-25.7744 -32.3502 5.3863 0.8463
-21.8213 -31.8298 5.0254 0.8558
-23.4421 -36.9719 5.7007 0.8381
-17.8390 -36.2406 5.2600 0.8496
-17.7809 -39.6532 5.6590 0.8392
-14.0403 -38.4927 5.3356 0.8477
-12.9582 -39.9210 5.4656 0.8443
-12.3714 -43.3522 5.8707 0.8337
-11.7915 -47.7515 6.4050 0.8200
0.4486 -49.1807 6.4046 0.8200
7.4261 -48.2627 6.3588 0.8212
10.9134 -47.8040 6.3852 0.8205
12.6724 -47.5727 6.4110 0.8199
3.8345 -12.5638 1.7106 0.9484
4.3110 -12.4999 1.7218 0.9481
25.8116 -39.1127 6.1024 0.8278
24.6302 -32.0588 5.2645 0.8495
24.2734 -29.3512 4.9598 0.8576
23.9553 -26.9371 4.6942 0.8647
24.5251 -25.6613 4.6224 0.8666
26.1334 -25.4498 4.7502 0.8632
28.1694 -25.5285 4.9505 0.8578
29.7681 -25.0922 5.0699 0.8547
31.9551 -25.0308 5.2859 0.8490
33.6492 -24.4617 5.4173 0.8455
35.9579 -24.2171 5.6454 0.8396
41.0200 25.4723 6.2878 0.8230
29.7871 23.2789 4.9229 0.8586
25.0558 22.6558 4.3988 0.8726
12.9019 12.5362 2.3426 0.9300
14.9938 20.9877 3.3588 0.9012
14.0216 21.1953 3.3094 0.9026
15.8030 28.0757 4.1954 0.8781
7.9287 20.4958 2.8617 0.9152
6.3319 20.6638 2.8144 0.9165
7.1859 26.8551 3.6201 0.8939
2.1294 25.9057 3.3848 0.9005
0.2720 26.5631 3.4592 0.8984
-0.6817 26.5728 3.4615 0.8983
-1.8349 18.7747 2.4565 0.9267
-5.3710 25.8208 3.4344 0.8991
-8.9625 18.2592 2.6487 0.9212
-10.6797 18.3081 2.7601 0.9181
-12.8760 17.4485 2.8239 0.9162
-13.6847 17.2155 2.8638 0.9151
-18.9387 15.4358 3.1816 0.9061
-29.2282 22.1253 4.7736 0.8625
-23.3453 16.3885 3.7143 0.8913
-26.5459 15.9230 4.0310 0.8826
-28.4212 15.6895 4.2275 0.8773
-32.6219 15.0651 4.6792 0.8651
-35.1623 14.7316 4.9645 0.8575
-36.0658 -33.7112 6.4287 0.8194
-28.2963 -32.8231 5.6433 0.8396
-24.8357 -33.3784 5.4178 0.8455
-23.5893 -36.9717 5.7110 0.8379
-18.4759 -31.3871 4.7428 0.8634
-17.6879 -32.6764 4.8386 0.8608
-17.8118 -39.4221 5.6333 0.8399
-14.1704 -38.5098 5.3435 0.8475
-12.4131 -43.0355 5.8326 0.8347
-11.8412 -47.3749 6.3590 0.8212
2.0664 -48.9678 6.3823 0.8206
3.8123 -48.7381 6.3661 0.8210
7.2889 -48.2808 6.3584 0.8212
9.0285 -48.0520 6.3669 0.8210
10.7750 -47.8222 6.3836 0.8206
12.5329 -47.5910 6.4086 0.8199
3.8122 -12.6187 1.7166 0.9482
4.2497 -12.4364 1.7114 0.9484
25.6654 -39.1319 6.0940 0.8280
25.0789 -32.8350 5.3803 0.8465
24.3001 -29.5538 4.9824 0.8570
26.0391 -25.5021 4.7462 0.8633
29.7895 -25.2550 5.0857 0.8542
31.7957 -25.0518 5.2712 0.8494
38.4641 -24.0965 5.9106 0.8327
43.5379 -23.1041 6.4184 0.8197
36.1054 24.1094 5.6535 0.8394
29.9974 23.3065 4.9467 0.8579
26.7198 22.3426 4.5356 0.8689
12.9102 12.4734 2.3377 0.9301
20.9754 21.7741 3.9371 0.8852
19.6753 21.9488 3.8385 0.8879
18.3457 22.0057 3.7308 0.8909
13.1162 21.3265 3.2603 0.9039
-3.9953 18.6755 2.0508 0.9260
-7.3561 25.3397 2.8334 0.8993
-6.2407 18.9320 2.1406 0.9229
-6.7777 18.3223 2.0978 0.9244
-7.5640 16.6650 1.9652 0.9290
-8.9793 18.0341 2.1633 0.9222
-13.2424 24.3640 2.9777 0.8944
-6.5293 9.4316 1.2318 0.9549
-12.9300 17.3153 2.3205 0.9167
-13.8297 17.1969 2.3697 0.9150
-19.9033 23.0074 3.2667 0.8848
-23.4251 23.4457 3.5589 0.8752
-18.2764 17.0245 2.6821 0.9044
-18.9103 15.2350 2.6076 0.9069
-29.6090 22.1505 3.9707 0.8618
-23.6506 16.4034 3.0907 0.8907
-24.5921 15.7804 3.1377 0.8891
-36.1117 21.3833 4.5066 0.8446
-28.9588 15.7727 3.5410 0.8758
-33.5679 15.2716 3.9601 0.8621
-35.5905 14.6743 4.1339 0.8565
-25.9248 6.5513 2.8714 0.8980
-38.4057 -31.4119 5.3278 0.8191
-25.6067 -32.3273 4.4284 0.8471
-21.6753 -31.8098 4.1334 0.8565
-23.3849 -37.1140 4.7105 0.8382
-19.5511 -36.6129 4.4570 0.8462
-18.2427 -37.3275 4.4614 0.8461
-13.6074 -42.3292 4.7745 0.8362
-1.1823 -49.3943 5.3056 0.8197
12.9262 -47.9780 5.3357 0.8188
25.8875 -38.9867 5.0253 0.8284
25.3726 -35.3869 4.6757 0.8393
24.3070 -29.2227 4.0816 0.8582
23.9298 -26.7552 3.8545 0.8655
28.3092 -25.5094 4.0920 0.8579
33.8185 -24.4386 4.4805 0.8455
38.5094 -23.8218 4.8624 0.8335
41.0931 -23.4245 5.0792 0.8267
39.9347 24.9556 5.0567 0.8274
29.6808 23.3317 4.0540 0.8591
26.6199 22.5168 3.7440 0.8691
12.8888 12.5947 1.9351 0.9301
19.4397 21.9351 3.1473 0.8888
24.0040 29.1272 4.0530 0.8591
13.9336 21.1928 2.7235 0.9030
13.0740 21.5305 2.7048 0.9036
9.4923 20.2648 2.4030 0.9139
8.5680 20.1433 2.3506 0.9157
9.3605 27.2930 3.0983 0.8904
8.0961 26.6909 2.9951 0.8939
7.1361 26.9753 2.9963 0.8938
3.6867 19.5013 2.1312 0.9233
0.1976 26.6890 2.8660 0.8982
-1.8880 18.7681 2.0255 0.9269
-3.2643 18.7872 2.0476 0.9262
-6.4225 25.8181 2.8569 0.8985
-6.2822 19.2413 2.1735 0.9218
-6.7210 18.3285 2.0963 0.9245
-7.3630 18.0478 2.0931 0.9246
-8.9201 18.0432 2.1613 0.9222
-9.6782 17.9273 2.1877 0.9213
-13.9672 23.7886 2.9622 0.8950
-6.2364 9.7986 1.2472 0.9543
-12.8604 17.3244 2.3169 0.9169
-13.7572 17.2064 2.3656 0.9152
-19.8011 23.0209 3.2607 0.8850
-16.3458 17.6789 2.5855 0.9077
-18.9564 16.5222 2.7002 0.9038
-23.5815 16.4547 3.0877 0.8908
-36.1218 21.5278 4.5154 0.8444
-28.8641 15.8274 3.5349 0.8760
-29.9877 15.0702 3.6039 0.8737
-33.1965 15.2164 3.9213 0.8634
-35.3737 14.7024 4.1135 0.8572
-29.0479 -33.8888 4.7929 0.8356
-18.3509 -31.3780 3.9033 0.8640
-17.7934 -39.6810 4.6698 0.8395
-14.2024 -34.9838 4.0544 0.8591
-12.3727 -43.3569 4.8416 0.8341
-1.3229 -49.4128 5.3079 0.8197
2.2046 -48.9487 5.2615 0.8211
9.2478 -48.4618 5.2978 0.8200
11.0106 -48.2300 5.3123 0.8195
12.7854 -47.9965 5.3337 0.8189
4.2927 -12.4467 1.4138 0.9484
25.2340 -35.4051 4.6687 0.8395
24.2714 -29.3488 4.0896 0.8579
23.9535 -26.9350 3.8706 0.8650
24.5245 -25.6607 3.8116 0.8669
28.1687 -25.5279 4.0821 0.8582
31.9542 -25.0301 4.3587 0.8493
38.4402 -23.9300 4.8623 0.8335
40.2558 24.9978 5.0884 0.8264
35.8315 24.0737 4.6354 0.8406
32.0268 23.2276 4.2483 0.8529
29.8505 23.3284 4.0681 0.8586
24.9778 22.5853 3.6160 0.8733
12.8971 12.5316 1.9310 0.9302
18.6030 22.4434 3.1303 0.8893
14.9942 20.9883 2.7698 0.9014
9.5671 20.2747 2.4073 0.9138
8.6396 20.1527 2.3545 0.9156
8.1822 26.7023 2.9989 0.8937
7.2150 26.9639 2.9973 0.8938
4.5462 19.8118 2.1827 0.9215
2.3121 19.5189 2.1106 0.9240
1.6147 19.6436 2.1165 0.9238
1.2151 26.3231 2.8296 0.8994
0.2734 26.6990 2.8671 0.8982
-1.8349 18.7751 2.0257 0.9269
-2.5060 18.6868 2.0246 0.9270
-3.2108 18.7954 2.0475 0.9262
-6.3472 25.8280 2.8560 0.8985
-7.2491 25.5107 2.8478 0.8988
-6.2997 19.4821 2.1987 0.9209
-6.6644 18.3348 2.0948 0.9245
-7.3064 18.0553 2.0915 0.9246
-7.6109 17.0241 2.0024 0.9277
-8.8609 18.0522 2.1594 0.9223
-9.6176 17.9366 2.1855 0.9214
-6.2218 9.8371 1.2499 0.9543
-6.4581 9.4429 1.2285 0.9550
-13.6850 17.2159 2.3616 0.9153
-15.2071 17.7816 2.5124 0.9102
-16.3361 17.7693 2.5919 0.9075
-23.2928 23.5791 3.5591 0.8752
-18.8623 16.5346 2.6935 0.9040
-18.9433 15.4396 2.6242 0.9064
-29.4165 22.2678 3.9618 0.8621
-36.5937 21.9499 4.5822 0.8423
-28.8143 15.9065 3.5343 0.8760
-32.9906 15.2353 3.9021 0.8640
-35.0813 14.6977 4.0843 0.8581
-25.7867 6.6722 2.8602 0.8984
-25.9417 -32.3714 4.4546 0.8463
-18.4754 -31.3862 3.9109 0.8637
-17.8242 -39.4496 4.6485 0.8402
-14.3089 -34.9615 4.0565 0.8590
-12.4144 -43.0402 4.8101 0.8351
-1.4637 -49.4313 5.3103 0.8196
0.3120 -49.6374 5.3302 0.8190
3.8462 -49.1724 5.2963 0.8200
5.6011 -48.9415 5.2897 0.8202
9.1089 -48.4801 5.2970 0.8200
10.8710 -48.2483 5.3109 0.8196
12.6446 -48.0150 5.3317 0.8189
3.8128 -12.6207 1.4157 0.9483
25.6648 -39.1311 5.0251 0.8284
25.0767 -32.8321 4.4363 0.8469
24.2981 -29.5513 4.1082 0.8573
24.4011 -25.6769 3.8037 0.8672
28.0288 -25.5462 4.0723 0.8585
29.7876 -25.2533 4.1935 0.8546
33.4788 -24.4833 4.4538 0.8463
35.9773 -24.3787 4.6667 0.8396
38.4619 -24.0951 4.8736 0.8331
40.8693 -23.6051 5.0680 0.8271
36.1061 24.1098 4.6621 0.8397
27.5379 23.0267 3.8546 0.8655
20.9761 21.7748 3.2466 0.8855
19.6748 21.9483 3.1652 0.8882
15.0937 21.0014 2.7772 0.9012
-5.4816 25.6228 2.2181 0.9002
-6.4200 25.4994 2.2260 0.8998
-6.3736 19.3353 1.7234 0.9215
-6.8079 18.4039 1.6611 0.9243
-7.4198 18.0407 1.6513 0.9247
-9.0189 18.1137 1.7129 0.9220
-14.0518 23.7780 2.3381 0.8951
-6.5276 9.4292 0.9708 0.9550
-12.9303 17.3157 1.8294 0.9169
-13.8301 17.1973 1.8682 0.9152
-18.0738 16.8358 2.0909 0.9056
-18.9158 15.2394 2.0563 0.9071
-29.9148 22.3793 3.1626 0.8607
-23.2053 16.0946 2.3906 0.8928
-30.1575 15.0486 2.8531 0.8735
-25.9382 6.5547 2.2648 0.8982
-23.3941 -37.1286 3.7149 0.8385
-18.2960 -31.4886 3.0829 0.8640
-18.2548 -37.3522 3.5194 0.8463
-14.0960 -35.0060 3.1946 0.8594
-13.0241 -46.1347 4.0581 0.8249
-1.1823 -49.3933 4.1825 0.8201
0.5922 -49.5270 4.1929 0.8197
4.1238 -49.1349 4.1740 0.8204
5.8694 -48.8327 4.1636 0.8208
7.6307 -48.6736 4.1707 0.8206
11.1501 -48.2106 4.1889 0.8198
12.9259 -47.9770 4.2062 0.8192
4.3463 -12.4871 1.1193 0.9483
25.8849 -38.9828 3.9613 0.8287
25.3720 -35.3861 3.6860 0.8396
24.5961 -31.8272 3.4050 0.8509
24.3064 -29.2220 3.2176 0.8585
23.9279 -26.7531 3.0384 0.8658
24.6478 -25.6437 3.0110 0.8669
26.2630 -25.4313 3.0948 0.8635
28.0667 -25.2909 3.1982 0.8593
29.7911 -24.9674 3.2905 0.8555
14.0590 -10.1596 1.4684 0.9327
14.3922 -9.6337 1.4661 0.9328
38.5082 -23.8211 3.8331 0.8338
39.9366 24.9568 3.9866 0.8277
31.7959 23.1980 3.3318 0.8539
30.0509 23.6226 3.2358 0.8577
15.1547 19.7956 2.1104 0.9048
16.0920 28.7799 2.7913 0.8760
9.4925 20.2653 1.8944 0.9141
8.5682 20.1437 1.8531 0.9159
7.7956 20.3226 1.8426 0.9163
7.2648 21.1824 1.8957 0.9140
8.0963 26.6915 2.3612 0.8941
3.6868 19.5018 1.6801 0.9234
2.9518 19.4051 1.6616 0.9242
2.2650 19.5973 1.6700 0.9239
1.6165 20.3724 1.7300 0.9212
1.1248 25.9659 2.2001 0.9009
-0.7478 26.2456 2.2227 0.9000
-1.2337 19.1389 1.6235 0.9259
-1.8880 18.7685 1.5968 0.9271
-2.5591 18.6802 1.5961 0.9271
-3.2787 18.8703 1.6214 0.9260
-6.3456 25.5092 2.2252 0.8999
-7.1444 24.8739 2.1908 0.9013
-6.7510 18.4102 1.6600 0.9243
-7.3632 18.0482 1.6501 0.9247
-7.5858 16.8397 1.5635 0.9285
-8.9594 18.1227 1.7114 0.9221
-12.9864 24.0553 2.3141 0.8961
-13.9675 23.7891 2.3353 0.8952
-6.4920 9.4348 0.9695 0.9551
-14.9100 17.3345 1.9356 0.9123
-18.9569 16.5226 2.1287 0.9040
-18.9351 15.3437 2.0631 0.9068
-29.8481 22.4617 3.1622 0.8607
-23.0889 16.1110 2.3833 0.8931
-36.5097 21.7590 3.5979 0.8431
-29.9888 15.0708 2.8412 0.8740
-25.8690 6.6153 2.2603 0.8984
-29.0496 -33.8908 3.7786 0.8359
-25.7730 -32.3483 3.5013 0.8470
-27.8989 -37.7179 3.9715 0.8283
-18.3517 -31.3793 3.0773 0.8642
-17.6312 -32.7935 3.1518 0.8612
-14.0396 -38.4909 3.4684 0.8483
-13.7455 -42.3465 3.7689 0.8363
-1.3229 -49.4118 4.1843 0.8200
3.9850 -49.1531 4.1746 0.8204
12.7851 -47.9956 4.2046 0.8192
10.3894 -20.1693 1.9206 0.9129
25.8105 -39.1110 3.9668 0.8285
25.2334 -35.4043 3.6804 0.8399
24.2694 -29.3464 3.2237 0.8582
26.1321 -25.4485 3.0878 0.8638
31.6805 -24.8157 3.4067 0.8508
14.0529 -10.2159 1.4707 0.9326
14.3507 -9.6650 1.4647 0.9329
40.2578 24.9990 4.0115 0.8268
35.9995 24.1865 3.6714 0.8402
30.1435 23.5574 3.2386 0.8576
26.3825 22.1879 2.9182 0.8708
25.1036 22.6991 2.8650 0.8730
20.8409 21.7576 2.5505 0.8861
19.5643 21.9500 2.4891 0.8887
15.1714 19.7014 2.1050 0.9050
13.9275 21.0532 2.1369 0.9036
16.2079 28.7952 2.7972 0.8758
10.6429 20.6047 1.9632 0.9111
7.2881 21.0554 1.8862 0.9144
8.1824 26.7029 2.3642 0.8939
7.1478 26.7130 2.3409 0.8949
3.7456 19.5095 1.6817 0.9233
3.0092 19.4126 1.6630 0.9242
2.3224 19.6060 1.6713 0.9238
1.6566 20.1531 1.7118 0.9220
1.1991 25.9773 2.2014 0.9009
0.2701 26.3795 2.2332 0.8995
-0.6735 26.2553 2.2233 0.8999
-3.2250 18.8784 1.6213 0.9260
-3.9054 18.7751 1.6234 0.9259
-6.2712 25.5190 2.2245 0.8999
-8.0123 24.7781 2.2045 0.9007
-6.6942 18.4166 1.6588 0.9244
-7.3065 18.0556 1.6489 0.9248
-7.5963 16.9914 1.5756 0.9280
-8.8999 18.1318 1.7098 0.9221
-12.8783 17.4517 1.8361 0.9166
-14.8345 17.3460 1.9321 0.9124
-21.4925 23.3780 2.6883 0.8803
-17.8910 16.8560 2.0808 0.9060
-18.8628 16.5350 2.1234 0.9042
-18.9443 15.4404 2.0689 0.9066
-29.8081 22.5643 3.1648 0.8606
-36.6398 21.9776 3.6169 0.8424
-29.0533 16.0385 2.8093 0.8753
-29.8422 15.1032 2.8314 0.8744
-30.2695 13.9787 2.8224 0.8747
-15.0939 -15.1591 1.8109 0.9177
-29.0718 -33.7226 3.7691 0.8363
-21.9663 -31.8473 3.2751 0.8562
-23.7163 -37.1708 3.7325 0.8378
-18.4749 -31.3854 3.0830 0.8640
-17.6894 -32.6792 3.1457 0.8614
-17.9888 -36.2849 3.4284 0.8500
-17.8366 -39.4770 3.6671 0.8404
-14.3089 -34.9613 3.1979 0.8593
-12.9007 -39.3634 3.5066 0.8468
-12.4158 -43.0449 3.7924 0.8354
-1.4636 -49.4303 4.1862 0.8199
10.8708 -48.2473 4.1867 0.8199
3.8134 -12.6226 1.1162 0.9484
12.0860 -19.9537 1.9748 0.9106
25.6643 -39.1302 3.9614 0.8287
25.0952 -35.4225 3.6749 0.8401
24.7729 -32.4344 3.4549 0.8489
24.2961 -29.5488 3.2384 0.8576
23.9754 -27.1141 3.0639 0.8648
26.0354 -25.4985 3.0849 0.8639
29.5949 -25.0900 3.2844 0.8558
31.5225 -24.8365 3.3972 0.8512
38.4598 -24.0938 3.8418 0.8334
40.8671 -23.6038 3.9951 0.8274
43.5349 -23.1025 4.1721 0.8205
40.5827 25.0418 4.0368 0.8258
36.2140 24.1819 3.6862 0.8396
32.2626 23.2594 3.3669 0.8524
12.9006 12.4642 1.5185 0.9305
20.9767 21.7754 2.5595 0.8857
18.7083 22.4407 2.4732 0.8893
16.5120 21.3170 2.2826 0.8974
15.0941 21.0019 2.1894 0.9014
12.9418 21.0428 2.0913 0.9056
-7.2425 24.9485 1.6109 0.9011
-7.4200 18.0411 1.2097 0.9248
-9.0185 18.1128 1.2547 0.9221
-13.1411 24.1775 1.7064 0.8956
-6.5259 9.4268 0.7110 0.9551
-12.9305 17.3161 1.3401 0.9170
-13.8304 17.1977 1.3685 0.9154
-14.9850 17.3220 1.4203 0.9123
-17.6829 17.6984 1.5514 0.9046
-35.2178 14.5206 2.3622 0.8584
-25.9516 6.5581 1.6599 0.8983
-38.3185 5.3944 2.3996 0.8563
-47.5842 -14.2410 3.0800 0.8195
-18.5451 -23.4123 1.8521 0.8872
-21.6741 -31.8081 2.3868 0.8571
-18.2967 -31.4899 2.2584 0.8642
-18.1243 -37.0852 2.5596 0.8475
-13.9096 -38.4730 2.5369 0.8488
-1.1823 -49.3923 3.0637 0.8204
5.8258 -48.4703 3.0273 0.8223
7.5630 -48.2418 3.0280 0.8223
12.8113 -47.5514 3.0538 0.8209
3.8584 -12.5150 0.8121 0.9489
4.3279 -12.4344 0.8164 0.9486
11.0842 -19.6136 1.3970 0.9137
23.9261 -26.7510 2.2255 0.8660
24.6472 -25.6431 2.2056 0.8671
30.1475 -25.2661 2.4392 0.8542
36.0659 -24.1414 2.6912 0.8404
30.4562 -17.3611 2.1739 0.8689
30.8926 -16.1698 2.1622 0.8696
41.2226 25.7604 3.0143 0.8230
31.7973 23.1990 2.4407 0.8541
26.6219 22.5184 2.1622 0.8696
24.6959 22.4581 2.0699 0.8748
12.8793 12.5855 1.1166 0.9304
20.7067 21.7405 1.8618 0.8866
19.3638 21.8494 1.8104 0.8896
18.6032 22.5737 1.8139 0.8894
15.1592 19.8015 1.5464 0.9049
14.8961 20.9764 1.5954 0.9020
13.8945 21.1333 1.5683 0.9036
9.4927 20.2658 1.3877 0.9142
8.5684 20.1442 1.3574 0.9160
7.2648 21.1822 1.3886 0.9142
8.0965 26.6921 1.7297 0.8942
7.1016 26.8446 1.7219 0.8947
4.5052 19.8915 1.2647 0.9215
3.6869 19.5022 1.2308 0.9235
2.9518 19.4055 1.2172 0.9243
2.2649 19.5964 1.2233 0.9240
1.6164 20.3720 1.2672 0.9214
1.1286 26.0523 1.6170 0.9008
0.1963 26.5044 1.6436 0.8992
-1.8881 18.7688 1.1697 0.9272
-3.2786 18.8694 1.1876 0.9261
-5.4354 25.7636 1.6328 0.8999
-6.3780 25.6396 1.6384 0.8995
-7.1682 24.9567 1.6101 0.9012
-8.0875 17.9533 1.2210 0.9241
-13.0574 24.1868 1.7044 0.8957
-13.9678 23.7896 1.7107 0.8953
-6.2196 9.7722 0.7183 0.9546
-6.4903 9.4324 0.7100 0.9552
-12.8630 17.3279 1.3382 0.9171
-13.7579 17.2072 1.3662 0.9155
-21.3564 23.0982 1.9507 0.8815
-17.6918 17.8080 1.5566 0.9043
-29.6804 22.3355 2.3034 0.8617
-23.2585 16.2293 1.7587 0.8926
-26.5145 15.8021 1.9140 0.8836
-30.2581 13.8695 2.0640 0.8751
-34.9939 14.5445 2.3499 0.8591
-25.8823 6.6187 1.6566 0.8985
-15.0722 -15.2233 1.3284 0.9177
-29.0513 -33.8928 2.7681 0.8362
-25.7722 -32.3474 2.5647 0.8473
-27.7659 -37.5383 2.8953 0.8293
-21.8196 -31.8273 2.3929 0.8567
-23.4403 -36.9690 2.7144 0.8391
-18.3524 -31.3806 2.2543 0.8644
-17.6319 -32.7948 2.3089 0.8614
-17.8344 -36.2313 2.5042 0.8506
-17.7850 -39.6623 2.6954 0.8401
-14.2023 -34.9835 2.3413 0.8596
-13.7452 -42.3455 2.7607 0.8366
-12.3754 -43.3664 2.7965 0.8347
-3.1147 -49.6465 3.0846 0.8193
2.2046 -48.9467 3.0383 0.8217
5.6886 -48.4884 3.0274 0.8223
9.1656 -48.0310 3.0322 0.8220
3.8363 -12.5696 0.8149 0.9487
12.1359 -19.9086 1.4458 0.9108
25.1460 -35.2817 2.6866 0.8406
25.0417 -32.5945 2.5488 0.8481
24.6794 -29.8421 2.4013 0.8562
24.5233 -25.6594 2.2010 0.8674
28.1672 -25.5265 2.3572 0.8587
13.7560 -10.0001 1.0546 0.9341
35.9516 -24.2128 2.6878 0.8405
30.3666 -17.4243 2.1710 0.8691
12.8876 12.5224 1.1143 0.9305
19.4921 21.8689 1.8166 0.8892
18.6227 22.4672 1.8096 0.8896
13.0076 21.2849 1.5468 0.9049
16.0140 28.4507 2.0245 0.8774
10.6894 20.6949 1.4444 0.9109
8.1826 26.7034 1.7319 0.8941
7.1865 26.8575 1.7240 0.8946
4.5661 19.8983 1.2660 0.9214
3.7456 19.5099 1.2319 0.9235
1.6565 20.1527 1.2539 0.9222
1.2031 26.0636 1.6179 0.9007
-1.8350 18.7758 1.1698 0.9272
-6.3033 25.6494 1.6379 0.8996
-6.6938 18.4156 1.2151 0.9245
-8.0297 17.9609 1.2200 0.9242
-12.9740 24.1961 1.7025 0.8958
-13.8837 23.8007 1.7086 0.8955
-6.2050 9.8105 0.7198 0.9545
-6.4548 9.4380 0.7090 0.9552
-12.8795 17.4532 1.3451 0.9167
-13.6856 17.2167 1.3638 0.9156
-21.2501 23.1143 1.9470 0.8818
-17.9715 16.9318 1.5311 0.9058
-18.9353 15.4330 1.5148 0.9067
-24.3407 15.8147 1.8000 0.8902
-28.8799 15.9428 2.0456 0.8762
-30.2658 13.9770 2.0673 0.8749
-25.8133 6.6790 1.6534 0.8987
-30.7167 4.5020 1.9251 0.8830
-15.0805 -15.1456 1.3254 0.9179
-25.9402 -32.3695 2.5722 0.8468
-27.9489 -37.5623 2.9033 0.8289
-23.6010 -36.9901 2.7209 0.8387
-14.1694 -38.5072 2.5444 0.8484
-3.2573 -49.6653 3.0864 0.8192
0.3092 -49.1961 3.0507 0.8211
2.0663 -48.9649 3.0390 0.8217
12.5322 -47.5881 3.0516 0.8210
3.8140 -12.6246 0.8178 0.9485
25.6498 -39.1081 2.9002 0.8291
25.0946 -35.4217 2.6919 0.8403
23.9736 -27.1120 2.2442 0.8650
26.0335 -25.4967 2.2596 0.8641
28.0273 -25.5449 2.3516 0.8590
13.2403 -10.4320 1.0453 0.9347
13.7466 -10.0530 1.0561 0.9340
35.8180 -24.2708 2.6830 0.8408
40.7900 -23.5593 2.9210 0.8280
43.5334 -23.1017 3.0561 0.8208
24.4046 -9.7536 1.6297 0.9000
41.3570 25.5195 3.0135 0.8230
32.2640 23.2603 2.4664 0.8527
30.3399 23.5726 2.3825 0.8573
25.0371 22.5102 2.0878 0.8738
20.9774 21.7761 1.8750 0.8859
19.6212 21.8885 1.8228 0.8889
18.6412 22.3602 1.8052 0.8899
22.9966 29.6886 2.3287 0.8603
15.0945 21.0025 1.6039 0.9015
14.0330 21.0825 1.5705 0.9035
-5.5636 26.0064 1.0487 0.8990
-7.2421 24.9472 1.0243 0.9012
-14.0524 23.7790 1.0891 0.8953
-6.5243 9.4244 0.4520 0.9552
-12.9308 17.3165 0.8522 0.9171
-21.4619 23.0807 1.2428 0.8815
-18.1538 16.9103 0.9783 0.9055
-23.3784 16.2145 1.1218 0.8924
-28.9327 15.7585 1.2991 0.8764
-30.1596 15.0496 1.3291 0.8738
-38.3174 5.3942 1.5258 0.8565
-30.1714 -32.9316 1.7611 0.8363
-29.0308 -34.0638 1.7648 0.8360
-18.2975 -31.4912 1.4361 0.8643
-19.4836 -36.4865 1.6310 0.8474
-18.1565 -37.1510 1.6305 0.8474
-17.7858 -39.9672 1.7250 0.8394
-13.0235 -46.1328 1.8902 0.8254
2.3427 -48.9276 1.9315 0.8219
25.3709 -35.3845 1.7168 0.8400
25.0093 -32.3619 1.6127 0.8490
24.6505 -29.6357 1.5200 0.8570
24.6466 -25.6425 1.4024 0.8673
28.3070 -25.5074 1.5025 0.8585
15.6363 -12.1767 0.7815 0.9237
13.7646 -9.9468 0.6696 0.9343
16.0620 -10.7514 0.7621 0.9255
38.5057 -23.8196 1.7854 0.8342
41.0891 -23.4222 1.8649 0.8275
39.9404 24.9592 1.8571 0.8282
35.9509 24.3021 1.7111 0.8405
24.8083 22.5603 1.3222 0.8744
12.8745 12.5808 0.7098 0.9305
20.7073 21.7412 1.1839 0.8868
19.3624 21.8478 1.1511 0.8897
14.8965 20.9770 1.0145 0.9021
13.8936 21.1319 0.9972 0.9037
9.4929 20.2662 0.8824 0.9143
8.5686 20.1447 0.8632 0.9161
7.7948 20.3204 0.8582 0.9166
7.2647 21.1820 0.8830 0.9143
8.0966 26.6927 1.0999 0.8943
3.6869 19.5026 0.7826 0.9236
2.9519 19.4059 0.7740 0.9244
1.6164 20.3716 0.8058 0.9215
0.1982 26.7644 1.0554 0.8984
-0.7589 26.6385 1.0508 0.8988
-1.8881 18.7692 0.7438 0.9273
-3.2784 18.8685 0.7552 0.9262
-6.4406 25.8911 1.0520 0.8987
-7.1679 24.9555 1.0238 0.9013
-6.7503 18.4084 0.7731 0.9245
-7.3635 18.0489 0.7686 0.9249
-8.9585 18.1209 0.7971 0.9223
-13.0567 24.1855 1.0838 0.8958
-6.2113 9.7591 0.4561 0.9547
-6.4887 9.4300 0.4514 0.9552
-12.8641 17.3294 0.8511 0.9172
-21.3552 23.0969 1.2404 0.8817
-17.6940 17.8102 0.9899 0.9044
-18.0619 16.9206 0.9759 0.9057
-18.9579 16.5235 0.9916 0.9042
-29.8206 22.4410 1.4716 0.8612
-24.4675 15.7986 1.1484 0.8900
-28.9543 15.8769 1.3021 0.8762
-29.9909 15.0718 1.3235 0.8743
-35.7992 16.4094 1.5528 0.8542
-35.2582 14.6544 1.5056 0.8583
-25.8956 6.6221 1.0539 0.8985
-15.0588 -15.2098 0.8440 0.9179
-30.3674 -32.9574 1.7671 0.8358
-25.7715 -32.3465 1.6308 0.8474
-27.7972 -37.5805 1.8432 0.8293
-21.8190 -31.8264 1.5215 0.8569
-17.6326 -32.7962 1.4683 0.8615
-17.8167 -39.7329 1.7170 0.8400
-14.2022 -34.9834 1.4888 0.8597
-7.6194 -30.8558 1.2532 0.8805
2.2045 -48.9458 1.9319 0.8219
3.8369 -12.5716 0.5183 0.9487
4.2741 -12.3929 0.5169 0.9489
17.8135 -29.2224 1.3495 0.8720
25.9194 -39.2760 1.8555 0.8283
25.2323 -35.4027 1.7142 0.8403
25.0396 -32.5916 1.6206 0.8483
24.6774 -29.8397 1.5268 0.8564
23.9479 -26.9288 1.4210 0.8657
24.5227 -25.6588 1.3995 0.8676
26.1308 -25.4473 1.4382 0.8641
12.7951 -10.7853 0.6599 0.9352
35.9496 -24.2114 1.7090 0.8407
38.4337 -23.9259 1.7851 0.8342
40.8699 -23.4511 1.8580 0.8281
32.0308 23.2305 1.5602 0.8535
29.9947 23.4411 1.5011 0.8587
26.3785 22.1845 1.3591 0.8711
24.9787 22.5862 1.3279 0.8739
12.8829 12.5178 0.7083 0.9306
14.9954 20.9900 1.0172 0.9019
13.9892 21.1464 0.9998 0.9035
9.5677 20.2761 0.8840 0.9142
8.6402 20.1541 0.8647 0.9160
8.1828 26.7040 1.1013 0.8942
7.1861 26.8561 1.0962 0.8947
4.5658 19.8972 0.8050 0.9215
3.7457 19.5103 0.7834 0.9236
2.3222 19.6041 0.7784 0.9240
1.2031 26.0624 1.0288 0.9008
0.2742 26.7744 1.0558 0.8984
-1.1795 19.1430 0.7563 0.9261
-3.9051 18.7733 0.7561 0.9261
-6.6935 18.4147 0.7726 0.9246
-8.0299 17.9612 0.7758 0.9243
-12.9733 24.1948 1.0825 0.8959
-13.8840 23.8012 1.0865 0.8956
-6.4532 9.4356 0.4508 0.9553
-14.8329 17.3440 0.8999 0.9127
-17.7029 17.9205 0.9933 0.9041
-17.9703 16.9308 0.9735 0.9059
-20.3866 16.6159 1.0370 0.9001
-23.2384 16.3135 1.1195 0.8926
-28.9761 15.9958 1.3051 0.8759
-35.0368 14.6790 1.4979 0.8589
-25.8265 6.6825 1.0519 0.8987
-28.4462 -24.7375 1.4865 0.8599
-15.0672 -15.1323 0.8420 0.9181
-29.0752 -33.7265 1.7558 0.8367
-27.9803 -37.6046 1.8482 0.8289
-18.4740 -31.3839 1.4360 0.8643
-17.6909 -32.6819 1.4654 0.8618
-17.9914 -36.2902 1.5972 0.8503
-17.8472 -39.5006 1.7092 0.8407
-14.1691 -38.5063 1.6179 0.8485
-12.4185 -43.0543 1.7669 0.8358
-8.1406 -32.5694 1.3238 0.8742
-1.4521 -49.0420 1.9346 0.8217
4.2366 -12.3981 0.5166 0.9489
25.9594 -39.5802 1.8664 0.8274
25.0941 -35.4209 1.7117 0.8405
24.7044 -30.0455 1.5338 0.8558
23.9717 -27.1099 1.4269 0.8651
28.0266 -25.5443 1.4953 0.8592
12.7871 -10.8406 0.6610 0.9351
35.9710 -24.3744 1.7133 0.8403
38.4554 -24.0910 1.7893 0.8339
24.3648 -9.7377 1.0346 0.9003
40.7752 -14.6225 1.7081 0.8408
43.9581 -7.3147 1.7572 0.8366
35.9722 24.0204 1.7056 0.8410
30.0051 23.3125 1.4983 0.8589
26.3884 22.0655 1.3564 0.8714
19.6198 21.8869 1.1590 0.8890
18.6410 22.3600 1.1479 0.8900
22.8373 29.4829 1.4705 0.8613
14.0321 21.0811 0.9986 0.9036
13.0171 21.1653 0.9798 0.9053
-5.5637 26.0069 0.4492 0.8991
-7.2418 24.9459 0.4388 0.9013
-6.3803 19.3555 0.3443 0.9217
-7.4203 18.0418 0.3295 0.9249
-8.1457 17.9464 0.3329 0.9242
-9.0176 18.1110 0.3418 0.9223
-6.2175 9.7080 0.1947 0.9549
-12.9311 17.3169 0.3651 0.9172
-13.8310 17.1985 0.3728 0.9155
-21.4607 23.0793 0.5324 0.8815
-24.5951 15.7824 0.4936 0.8897
-28.9356 15.7601 0.5566 0.8765
-30.1607 15.0502 0.5693 0.8738
-35.0129 15.9290 0.6498 0.8574
-35.4783 14.6280 0.6482 0.8577
-25.9784 6.5648 0.4526 0.8984
-38.3178 5.3943 0.6536 0.8566
-15.0371 -15.2742 0.3621 0.9178
-29.0325 -34.0658 0.7561 0.8361
-18.5558 -23.4258 0.5050 0.8873
-26.7174 -36.3357 0.7618 0.8349
-21.6729 -31.8064 0.6501 0.8573
-22.6516 -35.9502 0.7178 0.8437
-17.5840 -35.9797 0.6765 0.8520
-14.0958 -35.0056 0.6375 0.8599
-13.6062 -42.3255 0.7510 0.8371
-1.1822 -49.3903 0.8345 0.8207
3.8596 -12.5189 0.2213 0.9489
25.8772 -38.9713 0.7902 0.8293
25.3703 -35.3837 0.7355 0.8401
25.0072 -32.3591 0.6908 0.8491
24.6485 -29.6333 0.6511 0.8571
22.2785 -24.9090 0.5645 0.8749
26.2611 -25.4294 0.6175 0.8639
12.8489 -10.7685 0.2832 0.9351
14.3356 -10.3594 0.2988 0.9317
41.0877 -23.4215 0.7989 0.8276
39.9423 24.9604 0.7956 0.8283
35.9506 24.3020 0.7330 0.8406
29.9840 23.5700 0.6442 0.8585
12.8698 12.5763 0.3040 0.9305
19.3609 21.8462 0.4931 0.8898
18.6030 22.5734 0.4941 0.8896
14.8969 20.9775 0.4346 0.9022
12.9976 21.4047 0.4230 0.9047
16.1377 28.8616 0.5586 0.8761
9.4932 20.2667 0.3780 0.9144
8.5688 20.1451 0.3698 0.9161
7.2646 21.1818 0.3783 0.9143
4.5047 19.8894 0.3445 0.9217
3.6870 19.5030 0.3353 0.9237
1.1285 26.0498 0.4404 0.9009
0.1982 26.7649 0.4521 0.8985
-1.8881 18.7696 0.3187 0.9273
-2.5592 18.6813 0.3185 0.9273
-3.2783 18.8676 0.3235 0.9262
-5.4888 26.0168 0.4491 0.8991
-6.4407 25.8916 0.4507 0.8988
-6.4005 19.6035 0.3483 0.9208
-7.3636 18.0493 0.3293 0.9250
-8.9581 18.1200 0.3414 0.9223
-13.0560 24.1842 0.4642 0.8959
-13.9684 23.7906 0.4660 0.8955
-6.2030 9.7460 0.1951 0.9548
-6.4870 9.4276 0.1933 0.9553
-12.8653 17.3310 0.3646 0.9173
-13.7585 17.2080 0.3722 0.9156
-21.3540 23.0955 0.5313 0.8818
-17.6962 17.8125 0.4241 0.9044
-18.0607 16.9195 0.4180 0.9057
-20.4850 16.5997 0.4454 0.8999
-29.8241 22.4436 0.6305 0.8613
-23.2550 16.2268 0.4790 0.8928
-28.9573 15.8785 0.5578 0.8762
-29.9920 15.0724 0.5670 0.8743
-25.9089 6.6255 0.4517 0.8985
-15.0455 -15.1964 0.3613 0.9180
-30.3665 -32.9564 0.7570 0.8359
-25.7708 -32.3456 0.6986 0.8475
-22.7539 -35.8866 0.7178 0.8437
-18.3539 -31.3831 0.6141 0.8646
-14.6567 -32.6858 0.6051 0.8665
2.2045 -48.9448 0.8276 0.8220
3.8375 -12.5735 0.2221 0.9488
4.2709 -12.3835 0.2213 0.9489
25.9168 -39.2721 0.7948 0.8284
25.2317 -35.4020 0.7344 0.8404
22.2733 -25.0457 0.5662 0.8745
24.5221 -25.6581 0.5995 0.8676
26.1301 -25.4466 0.6161 0.8642
12.8168 -10.8035 0.2832 0.9351
38.4315 -23.9246 0.7647 0.8343
40.8685 -23.4503 0.7959 0.8282
24.3936 -9.6691 0.4432 0.9003
35.9621 24.1614 0.7318 0.8409
32.0321 23.2314 0.6684 0.8536
29.9945 23.4409 0.6430 0.8587
27.1988 22.8744 0.6003 0.8675
24.9766 22.5842 0.5688 0.8740
12.8782 12.5132 0.3033 0.9307
20.8429 21.7596 0.5090 0.8864
14.9958 20.9905 0.4358 0.9019
13.0073 21.2844 0.4214 0.9050
16.2539 28.8769 0.5598 0.8758
9.5680 20.2766 0.3787 0.9142
7.8646 20.3300 0.3682 0.9165
8.1830 26.7046 0.4718 0.8943
4.5656 19.8962 0.3448 0.9216
2.3221 19.6031 0.3334 0.9241
1.6565 20.1519 0.3415 0.9223
0.2742 26.7749 0.4523 0.8984
-0.6836 26.6489 0.4503 0.8988
-1.1794 19.1421 0.3240 0.9261
-2.5062 18.6883 0.3185 0.9273
-3.2246 18.8757 0.3235 0.9263
-6.3653 25.9015 0.4505 0.8988
-7.1113 25.0256 0.4395 0.9012
-7.3070 18.0567 0.3290 0.9250
-8.0301 17.9616 0.3323 0.9243
-8.8986 18.1291 0.3411 0.9224
-6.1883 9.7842 0.1956 0.9547
-6.4516 9.4333 0.1930 0.9553
-13.6863 17.2175 0.3715 0.9158
-21.2476 23.1117 0.5303 0.8820
-17.7052 17.9228 0.4256 0.9041
-20.3853 16.6148 0.4442 0.9001
-29.8014 22.5592 0.6314 0.8611
-29.8469 15.1056 0.5650 0.8747
-32.4990 15.0083 0.6047 0.8666
-35.0333 14.6775 0.6416 0.8590
-15.0618 -15.1269 0.3606 0.9181
-29.0769 -33.7285 0.7522 0.8368
-21.9645 -31.8448 0.6535 0.8566
-22.8704 -35.8450 0.7182 0.8436
-18.4735 -31.3831 0.6151 0.8644
-17.8141 -35.9325 0.6775 0.8518
-14.7242 -32.5886 0.6041 0.8667
-14.3087 -34.9609 0.6381 0.8597
-12.9046 -39.3752 0.6999 0.8472
-1.4635 -49.4273 0.8353 0.8205
4.2334 -12.3887 0.2211 0.9490
25.9568 -39.5763 0.7995 0.8275
25.0935 -35.4201 0.7332 0.8406
25.0679 -32.8206 0.6976 0.8477
24.7024 -30.0430 0.6570 0.8559
23.9699 -27.1078 0.6112 0.8652
24.3987 -25.6744 0.5983 0.8679
26.0299 -25.4931 0.6155 0.8644
28.0259 -25.5436 0.6405 0.8592
29.8474 -25.3040 0.6610 0.8551
13.1921 -10.3940 0.2837 0.9350
14.2674 -10.4338 0.2986 0.9317
35.9689 -24.3730 0.7339 0.8404
40.8603 -23.5999 0.7971 0.8280
27.3799 22.8946 0.6029 0.8669
25.1484 22.6103 0.5713 0.8735
20.9787 21.7775 0.5108 0.8861
19.6183 21.8853 0.4965 0.8891
23.0615 29.7724 0.6361 0.8601
14.0312 21.0797 0.4277 0.9037
13.0171 21.1652 0.4197 0.9054
-6.5164 25.8822 -0.1503 0.8987
-6.3825 19.3622 -0.1148 0.9217
-7.4205 18.0422 -0.1098 0.9249
-8.1458 17.9468 -0.1110 0.9242
-14.0530 23.7800 -0.1555 0.8954
-6.2092 9.6951 -0.0648 0.9550
-6.5210 9.4196 -0.0645 0.9552
-13.8313 17.1989 -0.1243 0.9155
-18.1515 16.9081 -0.1397 0.9055
-19.0534 16.5119 -0.1419 0.9041
-20.5840 16.5834 -0.1488 0.8997
-29.7997 22.2932 -0.2095 0.8617
-23.3748 16.2121 -0.1602 0.8924
-24.5958 15.7829 -0.1645 0.8897
-28.9387 15.7618 -0.1855 0.8765
-30.1617 15.0507 -0.1898 0.8739
-35.0163 15.9305 -0.2166 0.8574
-25.9918 6.5682 -0.1509 0.8983
-38.3194 5.3945 -0.2179 0.8566
-15.0238 -15.2607 -0.1206 0.9179
-30.1696 -32.9296 -0.2514 0.8364
-22.6839 -36.0014 -0.2396 0.8435
-19.4948 -36.5076 -0.2330 0.8474
-14.0957 -35.0054 -0.2125 0.8599
-13.0229 -46.1308 -0.2699 0.8255
-1.1822 -49.3893 -0.2781 0.8207
2.3426 -48.9257 -0.2758 0.8221
24.3958 -39.7663 -0.2627 0.8298
23.8868 -35.9737 -0.2431 0.8414
25.3697 -35.3829 -0.2451 0.8402
25.0050 -32.3563 -0.2302 0.8491
24.6465 -29.6309 -0.2170 0.8571
24.6454 -25.6412 -0.2002 0.8674
28.3055 -25.5061 -0.2145 0.8586
30.1451 -25.2641 -0.2214 0.8544
13.8734 -10.8039 -0.0990 0.9321
14.3026 -10.3356 -0.0994 0.9318
42.0779 -22.0245 -0.2674 0.8270
35.9504 24.3018 -0.2443 0.8407
31.8012 23.2018 -0.2217 0.8543
29.9838 23.5698 -0.2147 0.8585
26.6248 22.5209 -0.1964 0.8698
13.5472 12.3196 -0.1031 0.9294
20.7086 21.7426 -0.1691 0.8868
22.7630 29.7339 -0.2108 0.8609
13.8919 21.1292 -0.1424 0.9038
16.1381 28.8623 -0.1862 0.8761
10.6088 20.6824 -0.1309 0.9112
7.7939 20.3182 -0.1225 0.9166
8.0970 26.6938 -0.1571 0.8944
7.1004 26.8405 -0.1563 0.8949
3.6871 19.5034 -0.1117 0.9237
2.2646 19.5935 -0.1111 0.9241
0.1982 26.7654 -0.1507 0.8985
-0.7590 26.6395 -0.1500 0.8989
-1.2334 19.1351 -0.1080 0.9262
-1.8882 18.7699 -0.1062 0.9273
-2.5593 18.6817 -0.1062 0.9273
-3.2781 18.8667 -0.1078 0.9263
-5.4889 26.0173 -0.1497 0.8991
-6.4409 25.8921 -0.1502 0.8988
-7.1671 24.9529 -0.1462 0.9014
-6.7496 18.4065 -0.1104 0.9246
-7.3638 18.0497 -0.1097 0.9250
-13.0553 24.1829 -0.1547 0.8959
-6.1947 9.7330 -0.0650 0.9549
-13.7588 17.2084 -0.1240 0.9156
-21.3527 23.0942 -0.1771 0.8818
-18.9589 16.5244 -0.1416 0.9043
-29.8276 22.4462 -0.2102 0.8613
-23.2532 16.2256 -0.1597 0.8928
-26.5085 15.7985 -0.1738 0.8839
-28.9603 15.8801 -0.1860 0.8762
-35.2510 14.6514 -0.2149 0.8584
-25.9222 6.6289 -0.1506 0.8985
-38.5460 5.5379 -0.2192 0.8558
-30.3656 -32.9554 -0.2523 0.8359
-29.0564 -33.8987 -0.2514 0.8364
-27.0822 -36.6138 -0.2564 0.8335
-21.8178 -31.8247 -0.2172 0.8570
-23.3660 -36.8518 -0.2457 0.8398
-17.6341 -32.7989 -0.2097 0.8616
-17.5176 -35.5877 -0.2233 0.8533
-14.6066 -32.5741 -0.2010 0.8669
-14.2021 -34.9831 -0.2126 0.8598
24.4384 -40.0904 -0.2643 0.8288
25.0352 -32.5860 -0.2314 0.8484
24.6733 -29.8348 -0.2180 0.8565
22.1285 -24.8829 -0.1875 0.8753
24.5215 -25.6575 -0.1998 0.8677
26.1295 -25.4460 -0.2053 0.8643
28.1650 -25.5246 -0.2140 0.8590
13.8397 -10.8408 -0.0990 0.9321
14.2686 -10.3727 -0.0993 0.9319
35.9454 -24.2086 -0.2440 0.8408
39.1125 -22.4427 -0.2539 0.8350
24.3539 -9.6534 -0.1475 0.9005
35.9619 24.1613 -0.2439 0.8409
32.0334 23.2324 -0.2228 0.8536
29.9943 23.4408 -0.2143 0.8588
20.8435 21.7603 -0.1697 0.8864
19.4877 21.8641 -0.1649 0.8894
14.9962 20.9911 -0.1452 0.9020
16.2543 28.8776 -0.1866 0.8759
9.5682 20.2770 -0.1262 0.9142
8.6406 20.1550 -0.1235 0.9160
7.2877 21.0545 -0.1254 0.9147
7.1854 26.8534 -0.1565 0.8948
4.5653 19.8952 -0.1149 0.9216
3.0095 19.4142 -0.1106 0.9244
0.2742 26.7754 -0.1508 0.8984
-0.6836 26.6494 -0.1501 0.8989
-1.1794 19.1411 -0.1080 0.9262
-1.8351 18.7769 -0.1062 0.9273
-3.2244 18.8749 -0.1078 0.9263
-7.1174 25.0471 -0.1466 0.9011
-7.3071 18.0571 -0.1097 0.9250
-8.8982 18.1282 -0.1137 0.9224
-13.8846 23.8022 -0.1551 0.8956
-6.1801 9.7711 -0.0651 0.9548
-13.6866 17.2179 -0.1238 0.9158
-21.2464 23.1104 -0.1767 0.8820
-17.7075 17.9252 -0.1419 0.9041
-18.8648 16.5367 -0.1413 0.9045
-20.3840 16.6137 -0.1481 0.9002
-23.2439 16.3173 -0.1599 0.8926
-24.3429 15.8161 -0.1634 0.8904
-28.9820 15.9991 -0.1864 0.8760
-35.0297 14.6760 -0.2138 0.8591
-25.8530 6.6893 -0.1503 0.8987
-30.7103 4.5010 -0.1748 0.8832
-15.0642 -15.1293 -0.1202 0.9181
-21.9443 -31.8155 -0.2176 0.8568
-18.4731 -31.3823 -0.2051 0.8644
-17.6923 -32.6847 -0.2092 0.8619
-17.6604 -35.6225 -0.2239 0.8530
-14.3086 -34.9607 -0.2127 0.8598
-12.4212 -43.0636 -0.2523 0.8359
-1.4636 -49.4264 -0.2784 0.8205
3.8157 -12.6304 -0.0743 0.9486
24.4574 -40.3786 -0.2658 0.8279
23.9729 -36.5514 -0.2461 0.8396
25.0929 -35.4194 -0.2444 0.8406
24.7004 -30.0406 -0.2190 0.8559
22.0965 -24.9892 -0.1878 0.8751
26.0280 -25.4913 -0.2051 0.8644
28.0252 -25.5430 -0.2135 0.8593
29.8466 -25.3033 -0.2203 0.8551
38.4511 -24.0884 -0.2554 0.8340
24.2856 -9.7061 -0.1472 0.9007
35.9734 24.0212 -0.2435 0.8411
32.2680 23.2632 -0.2240 0.8529
30.0048 23.3123 -0.2139 0.8590
25.1463 22.6084 -0.1904 0.8735
19.6168 21.8836 -0.1655 0.8891
18.6407 22.3595 -0.1639 0.8901
13.0170 21.1651 -0.1399 0.9054
-6.5165 25.8827 -0.7515 0.8987
-6.3848 19.3692 -0.5743 0.9216
-6.8062 18.3992 -0.5524 0.9245
-7.4206 18.0426 -0.5493 0.9249
-8.1460 17.9471 -0.5550 0.9242
-6.5193 9.4172 -0.3225 0.9552
-12.9317 17.3176 -0.6086 0.9171
-14.9816 17.3181 -0.6448 0.9124
-21.4582 23.0767 -0.8873 0.8815
-18.1503 16.9070 -0.6985 0.9055
-19.0539 16.5124 -0.7099 0.9040
-20.5826 16.5823 -0.7443 0.8996
-29.8033 22.2959 -1.0480 0.8616
-23.3730 16.2109 -0.8009 0.8924
-28.9418 15.7635 -0.9280 0.8764
-30.1628 15.0512 -0.9492 0.8738
-35.0197 15.9321 -1.0833 0.8573
-26.0051 6.5716 -0.7553 0.8982
-15.0105 -15.2473 -0.6025 0.9179
-30.1687 -32.9286 -1.2575 0.8364
-27.1206 -36.8841 -1.2891 0.8326
-21.6718 -31.8048 -1.0837 0.8573
-17.4704 -35.7471 -1.1203 0.8528
-13.9084 -38.4696 -1.1518 0.8490
-13.0227 -46.1298 -1.3497 0.8255
-1.1822 -49.3883 -1.3911 0.8206
2.3426 -48.9247 -1.3792 0.8220
4.3018 -12.3594 -0.3685 0.9490
24.3932 -39.7621 -1.3135 0.8297
25.0029 -32.3535 -1.1513 0.8491
22.1456 -24.7603 -0.9354 0.8755
26.2597 -25.4281 -1.0293 0.8639
14.3020 -10.3352 -0.4969 0.9318
36.0616 -24.1385 -1.2219 0.8406
38.5022 -23.8174 -1.2748 0.8343
39.3210 -22.4144 -1.2744 0.8343
38.5925 24.1168 -1.2814 0.8335
35.9503 24.3017 -1.2219 0.8406
31.8025 23.2028 -1.1085 0.8543
29.9836 23.5697 -1.0739 0.8585
26.6257 22.5217 -0.9820 0.8698
18.6028 22.5732 -0.8236 0.8895
22.7636 29.7347 -1.0544 0.8608
12.9973 21.4042 -0.7051 0.9047
8.5692 20.1460 -0.6165 0.9161
4.5043 19.8873 -0.5742 0.9216
3.6872 19.5038 -0.5589 0.9236
2.9521 19.4071 -0.5527 0.9245
2.2645 19.5925 -0.5554 0.9241
0.1982 26.7660 -0.7537 0.8984
-1.2334 19.1342 -0.5399 0.9261
-1.8882 18.7703 -0.5312 0.9273
-2.5593 18.6820 -0.5310 0.9273
-7.1668 24.9517 -0.7310 0.9013
-6.4051 19.6179 -0.5811 0.9207
-8.9572 18.1182 -0.5691 0.9223
-13.0546 24.1816 -0.7738 0.8959
-13.9690 23.7916 -0.7769 0.8955
-6.1864 9.7200 -0.3244 0.9549
-6.4838 9.4229 -0.3221 0.9553
-12.8676 17.3341 -0.6079 0.9172
-13.7592 17.2088 -0.6204 0.9156
-14.9058 17.3296 -0.6436 0.9126
-17.7008 17.8170 -0.7072 0.9044
-18.9594 16.5248 -0.7082 0.9043
-20.4824 16.5975 -0.7423 0.8999
-29.8312 22.4489 -1.0513 0.8612
-26.5065 15.7973 -0.8689 0.8838
-35.7961 16.4080 -1.1088 0.8542
-35.2474 14.6499 -1.0748 0.8584
-30.3646 -32.9544 -1.2618 0.8358
-29.0581 -33.9007 -1.2572 0.8364
-25.7693 -32.3438 -1.1645 0.8475
-21.8173 -31.8239 -1.0865 0.8569
-23.3686 -36.8560 -1.2288 0.8398
-18.3554 -31.3857 -1.0238 0.8646
-17.6349 -32.8003 -1.0486 0.8616
-17.5225 -35.5977 -1.1172 0.8532
-14.6078 -32.5768 -1.0053 0.8669
-14.2020 -34.9829 -1.0631 0.8598
-14.0381 -38.4867 -1.1535 0.8488
-13.7440 -42.3418 -1.2535 0.8368
2.2044 -48.9429 -1.3795 0.8220
24.4358 -40.0861 -1.3219 0.8287
23.8433 -36.1300 -1.2189 0.8410
25.0331 -32.5832 -1.1570 0.8484
24.6713 -29.8323 -1.0901 0.8565
22.1090 -24.8610 -0.9368 0.8753
24.5209 -25.6569 -0.9993 0.8676
26.1288 -25.4453 -1.0270 0.8642
29.9946 -25.2831 -1.1046 0.8547
13.8391 -10.8403 -0.4950 0.9321
14.2680 -10.3723 -0.4967 0.9318
35.9433 -24.2072 -1.2202 0.8408
43.8427 -7.1677 -1.2509 0.8371
38.9029 24.1577 -1.2894 0.8326
35.9618 24.1612 -1.2199 0.8408
24.9723 22.5803 -0.9480 0.8740
19.4863 21.8624 -0.8246 0.8894
22.9128 29.7543 -1.0574 0.8605
14.9966 20.9917 -0.7264 0.9019
16.2547 28.8783 -0.9331 0.8758
10.6869 20.6899 -0.6557 0.9110
8.6408 20.1555 -0.6175 0.9160
7.8637 20.3277 -0.6137 0.9165
7.2877 21.0543 -0.6274 0.9147
7.1850 26.8520 -0.7827 0.8947
4.5651 19.8941 -0.5747 0.9216
3.0095 19.4146 -0.5532 0.9244
2.3218 19.6012 -0.5558 0.9241
1.2029 26.0585 -0.7345 0.9009
-0.6836 26.6500 -0.7507 0.8988
-1.1793 19.1402 -0.5400 0.9261
-3.2243 18.8740 -0.5392 0.9262
-6.3655 25.9025 -0.7511 0.8988
-7.1235 25.0686 -0.7338 0.9010
-8.0371 24.8548 -0.7355 0.9007
-6.6925 18.4119 -0.5516 0.9246
-8.8977 18.1273 -0.5686 0.9224
-12.9712 24.1909 -0.7729 0.8960
-13.8849 23.8027 -0.7759 0.8956
-13.6869 17.2183 -0.6193 0.9157
-14.8304 17.3411 -0.6425 0.9127
-20.3826 16.6127 -0.7404 0.9001
-23.2466 16.3192 -0.7998 0.8926
-26.3708 15.8179 -0.8659 0.8842
-28.9850 16.0008 -0.9322 0.8759
-29.8500 15.1072 -0.9420 0.8747
-35.0261 14.6745 -1.0693 0.8590
-30.7077 4.5007 -0.8739 0.8832
-28.4476 -24.7388 -1.0615 0.8600
-15.0666 -15.1317 -0.6013 0.9181
-17.6373 -35.5760 -1.1181 0.8531
-14.6740 -32.4775 -1.0035 0.8671
-14.3086 -34.9606 -1.0637 0.8597
-14.1682 -38.5038 -1.1553 0.8486
-12.9072 -39.3831 -1.1670 0.8472
-1.4635 -49.4254 -1.3923 0.8205
4.5767 -30.3152 -0.8633 0.8845
3.8163 -12.6323 -0.3716 0.9486
24.4568 -40.3777 -1.3292 0.8279
25.0924 -35.4186 -1.2222 0.8406
24.6984 -30.0381 -1.0950 0.8559
22.1734 -25.0762 -0.9425 0.8746
26.0262 -25.4895 -1.0258 0.8644
28.0245 -25.5423 -1.0677 0.8592
13.8053 -10.8772 -0.4949 0.9321
14.2340 -10.4094 -0.4965 0.9319
35.9648 -24.3702 -1.2233 0.8404
38.4489 -24.0870 -1.2775 0.8340
38.9030 -22.4694 -1.2650 0.8355
43.7019 -7.2720 -1.2475 0.8375
38.3929 -4.9804 -1.0901 0.8565
35.9732 24.0211 -1.2180 0.8411
32.2693 23.2642 -1.1202 0.8528
12.8771 12.4415 -0.5042 0.9309
19.6154 21.8820 -0.8275 0.8891
23.0628 29.7740 -1.0605 0.8601
15.0961 21.0048 -0.7284 0.9017
14.0293 21.0769 -0.7129 0.9036
13.0169 21.1649 -0.6997 0.9054
-5.5641 26.0085 -1.3488 0.8990
-7.2407 24.9422 -1.3171 0.9012
-6.3871 19.3762 -1.0347 0.9215
-6.8059 18.3983 -0.9948 0.9244
-7.4208 18.0429 -0.9894 0.9248
-8.1462 17.9475 -0.9996 0.9241
-14.0536 23.7811 -1.4009 0.8953
-6.5176 9.4149 -0.5807 0.9552
-13.8320 17.1997 -1.1193 0.9154
-21.4102 23.0251 -1.5945 0.8817
-17.6941 17.7096 -1.2696 0.9046
-19.0544 16.5128 -1.2787 0.9039
-20.5813 16.5812 -1.3404 0.8996
-29.7398 22.2484 -1.8836 0.8618
-23.3713 16.2096 -1.4424 0.8923
-24.5973 15.7838 -1.4821 0.8895
-35.3575 14.5782 -1.9396 0.8580
-41.5770 15.4215 -2.2489 0.8373
-42.1009 13.9189 -2.2488 0.8373
-26.0186 6.5750 -1.3610 0.8981
-46.5085 8.2589 -2.3955 0.8276
-47.2629 1.5222 -2.3981 0.8275
-47.3059 -0.1747 -2.3991 0.8274
-47.2904 -1.8728 -2.4002 0.8273
-47.2161 -3.5701 -2.4014 0.8273
-46.6418 -8.6384 -2.4056 0.8270
-45.5432 -13.6302 -2.4109 0.8266
-44.4867 -16.8757 -2.4130 0.8265
-41.2482 -17.3646 -2.2697 0.8359
-38.6920 -17.9489 -2.1631 0.8430
-38.5616 -19.5993 -2.1937 0.8409
-39.2593 -21.7606 -2.2764 0.8355
-25.6581 -15.4504 -1.5189 0.8870
-36.2002 -27.5009 -2.3055 0.8335
-17.0422 -13.9388 -1.1166 0.9156
-34.3795 -30.2413 -2.3221 0.8324
-33.3908 -31.5675 -2.3303 0.8319
-30.1678 -32.9276 -2.2648 0.8362
-27.1075 -36.8663 -2.3207 0.8325
-21.6712 -31.8039 -1.9518 0.8572
-22.6846 -36.0026 -2.1581 0.8433
-18.3005 -31.4963 -1.8474 0.8642
-17.4374 -35.6796 -2.0140 0.8529
-14.4293 -32.4248 -1.7999 0.8675
-14.0956 -35.0051 -1.9138 0.8597
-8.1024 -47.9243 -2.4649 0.8231
-6.3930 -48.3006 -2.4709 0.8227
-4.6666 -48.6101 -2.4766 0.8224
-2.9258 -48.8525 -2.4819 0.8220
-1.1735 -49.0281 -2.4871 0.8217
0.3575 -29.9016 -1.5165 0.8871
1.6238 -33.9123 -1.7218 0.8729
2.9424 -35.0589 -1.7842 0.8686
6.7498 -29.1845 -1.5191 0.8869
9.0412 -33.5579 -1.7625 0.8701
3.8614 -12.5246 -0.6647 0.9489
4.2985 -12.3500 -0.6632 0.9490
9.7763 -25.1433 -1.3681 0.8976
22.9423 -44.2303 -2.5269 0.8191
24.2986 -39.6078 -2.3565 0.8302
23.3347 -35.1422 -2.1393 0.8445
21.9308 -24.5202 -1.6683 0.8766
35.9979 -24.0959 -2.1969 0.8407
38.4342 -23.7753 -2.2920 0.8344
39.2166 -22.3549 -2.2893 0.8346
42.0076 -21.9876 -2.4046 0.8270
30.8861 -13.4400 -1.7082 0.8738
24.3430 -9.5692 -1.3265 0.9005
46.6211 -12.7464 -2.4511 0.8240
42.8858 -8.4751 -2.2170 0.8394
42.7026 -6.8571 -2.1934 0.8410
49.4254 -4.3330 -2.5162 0.8198
45.5892 14.4689 -2.4257 0.8257
45.0003 16.0809 -2.4235 0.8258
42.0676 22.2636 -2.4138 0.8264
38.5303 24.0780 -2.3042 0.8336
26.6267 22.5225 -1.7686 0.8696
12.8557 12.5625 -0.9116 0.9305
19.3566 21.8413 -1.4801 0.8897
18.6028 22.5731 -1.4834 0.8894
22.7643 29.7355 -1.8992 0.8607
14.8981 20.9792 -1.3049 0.9021
13.8901 21.1266 -1.2823 0.9037
9.4938 20.2681 -1.1351 0.9143
7.2645 21.1814 -1.1356 0.9142
8.0973 26.6950 -1.4147 0.8943
7.0997 26.8377 -1.4079 0.8948
4.5040 19.8863 -1.0341 0.9216
2.9521 19.4075 -0.9956 0.9244
2.2644 19.5915 -1.0002 0.9240
1.6163 20.3704 -1.0363 0.9214
-2.5594 18.6824 -0.9563 0.9273
-5.4891 26.0183 -1.3485 0.8990
-6.4411 25.8931 -1.3532 0.8986
-7.1664 24.9504 -1.3165 0.9013
-7.3641 18.0504 -0.9887 0.9249
-8.0883 17.9551 -0.9987 0.9242
-8.9567 18.1173 -1.0250 0.9222
-6.1782 9.7071 -0.5835 0.9550
-12.8687 17.3356 -1.0949 0.9172
-14.9050 17.3286 -1.1592 0.9125
-21.3035 23.0409 -1.5914 0.8819
-17.7031 17.8194 -1.2739 0.9043
-18.0572 16.9162 -1.2548 0.9057
-18.9599 16.5252 -1.2755 0.9042
-26.4290 15.7511 -1.5603 0.8841
-28.9014 15.8479 -1.6716 0.8763
-32.5820 14.9347 -1.8177 0.8663
-35.1362 14.6037 -1.9297 0.8586
-45.3014 13.3334 -2.3949 0.8277
-25.9489 6.6357 -1.3583 0.8983
-46.4843 8.3906 -2.3955 0.8276
-46.9867 5.0376 -2.3965 0.8276
-47.2570 1.6561 -2.3981 0.8275
-47.2937 -1.7386 -2.4001 0.8273
-47.2240 -3.4361 -2.4013 0.8273
-46.9090 -6.8216 -2.4040 0.8271
-46.3600 -10.1814 -2.4071 0.8269
-45.5789 -13.5002 -2.4108 0.8266
-44.5679 -16.7621 -2.4148 0.8264
-38.7021 -17.8205 -2.1608 0.8431
-39.3177 -21.6474 -2.2762 0.8355
-37.8671 -24.5429 -2.2885 0.8347
-37.0943 -25.9784 -2.2967 0.8341
-36.2678 -27.3903 -2.3049 0.8336
-17.1602 -13.9543 -1.1217 0.9152
-33.4708 -31.4638 -2.3297 0.8319
-30.3637 -32.9534 -2.2725 0.8357
-29.0598 -33.9026 -2.2645 0.8362
-27.0718 -36.5998 -2.3087 0.8333
-18.3562 -31.3870 -1.8440 0.8645
-17.5281 -35.6091 -2.0128 0.8530
-14.2020 -34.9828 -1.9148 0.8597
-12.3822 -43.3901 -2.2883 0.8347
-8.2366 -47.8919 -2.4645 0.8231
-3.0638 -48.8356 -2.4815 0.8220
0.2727 -29.8991 -1.5164 0.8871
1.5214 -33.7789 -1.7148 0.8733
4.4192 -28.7205 -1.4737 0.8901
8.9667 -33.6613 -1.7666 0.8698
3.8392 -12.5792 -0.6670 0.9487
9.6986 -25.1546 -1.3672 0.8976
22.8165 -44.2944 -2.5269 0.8191
24.3942 -43.4530 -2.5272 0.8191
24.3410 -39.9305 -2.3716 0.8292
25.1974 -35.3538 -2.2017 0.8404
24.6097 -29.7578 -1.9584 0.8567
13.8385 -10.8398 -0.8915 0.9320
14.2674 -10.3719 -0.8945 0.9318
39.0074 -22.3824 -2.2808 0.8352
41.7769 -22.0180 -2.3949 0.8277
44.0717 -21.2432 -2.4812 0.8221
44.7075 -19.6052 -2.4757 0.8224
46.9008 -11.1712 -2.4451 0.8244
42.9004 -8.6044 -2.2190 0.8393
35.9197 -4.5561 -1.8362 0.8650
45.6331 14.3406 -2.4258 0.8257
33.4731 13.2247 -1.8252 0.8658
42.9471 20.6420 -2.4165 0.8263
41.2669 23.6176 -2.4113 0.8266
38.8174 24.1046 -2.3173 0.8328
35.9081 24.1251 -2.1939 0.8409
29.9407 23.3989 -1.9271 0.8588
12.8641 12.4995 -0.9096 0.9307
20.8448 21.7617 -1.5283 0.8863
19.4848 21.8608 -1.4851 0.8893
18.6221 22.4665 -1.4799 0.8897
22.9134 29.7551 -1.9046 0.8604
13.0071 21.2840 -1.2650 0.9049
16.2551 28.8790 -1.6806 0.8757
9.5686 20.2780 -1.1371 0.9141
7.2876 21.0542 -1.1299 0.9146
3.7460 19.5119 -1.0076 0.9235
2.3217 19.6002 -1.0010 0.9240
1.6564 20.1507 -1.0254 0.9222
1.2028 26.0573 -1.3229 0.9008
0.2742 26.7765 -1.3580 0.8983
-0.6837 26.6505 -1.3520 0.8987
-1.1792 19.1392 -0.9725 0.9261
-1.8352 18.7777 -0.9568 0.9272
-2.5064 18.6894 -0.9563 0.9273
-6.3656 25.9030 -1.3527 0.8987
-8.0367 24.8536 -1.3247 0.9007
-13.8852 23.8032 -1.3975 0.8955
-12.8852 17.4611 -1.1005 0.9168
-13.6872 17.2187 -1.1155 0.9157
-21.1970 23.0567 -1.5884 0.8821
-17.7122 17.9299 -1.2782 0.9040
-17.9657 16.9263 -1.2518 0.9059
-18.8658 16.5376 -1.2723 0.9044
-29.7937 22.5533 -1.8951 0.8610
-23.2494 16.3212 -1.4406 0.8925
-24.3443 15.8171 -1.4723 0.8902
-26.2930 15.7713 -1.5549 0.8844
-29.8516 15.1080 -1.6967 0.8746
-34.9172 14.6289 -1.9199 0.8593
-41.4895 15.6572 -2.2489 0.8373
-42.0216 14.1576 -2.2488 0.8373
-25.8795 6.6962 -1.3557 0.8985
-46.1177 10.1823 -2.3952 0.8277
-30.6420 4.4910 -1.5706 0.8833
-46.9712 5.1707 -2.3965 0.8276
-47.2966 -1.6045 -2.4000 0.8273
-47.2317 -3.3021 -2.4012 0.8273
-47.1080 -4.9973 -2.4025 0.8272
-46.3862 -10.0494 -2.4070 0.8269
-46.0290 -11.7158 -2.4088 0.8268
-45.6141 -13.3700 -2.4106 0.8266
-45.1417 -15.0103 -2.4126 0.8265
-44.6122 -16.6345 -2.4146 0.8264
-41.3400 -17.1279 -2.2693 0.8359
-38.5824 -19.3354 -2.1886 0.8413
-37.1573 -25.8658 -2.2960 0.8342
-36.3351 -27.2797 -2.3042 0.8336
-28.4481 -24.7392 -1.9119 0.8599
-15.0691 -15.1341 -1.0831 0.9180
-31.4358 -33.9235 -2.3455 0.8309
-29.0819 -33.7344 -2.2588 0.8366
-17.6938 -32.6874 -1.8850 0.8617
-17.6189 -35.5387 -2.0117 0.8531
-14.5603 -32.2257 -1.7934 0.8679
-14.3085 -34.9604 -1.9157 0.8596
-12.9085 -39.3870 -2.1020 0.8470
-12.4239 -43.0730 -2.2735 0.8356
-11.7213 -46.8955 -2.4514 0.8240
-8.3707 -47.8591 -2.4640 0.8232
-1.4511 -49.0047 -2.4863 0.8217
0.1894 -30.1356 -1.5283 0.8863
2.7318 -34.9247 -1.7766 0.8691
3.3661 -29.4126 -1.5014 0.8882
4.3414 -28.7567 -1.4749 0.8900
6.5465 -29.0550 -1.5104 0.8876
9.6212 -25.1658 -1.3664 0.8977
10.5961 -24.9889 -1.3765 0.8970
22.6904 -44.3582 -2.5268 0.8191
24.2709 -43.5218 -2.5272 0.8191
24.3839 -40.2574 -2.3869 0.8282
26.0244 -25.4877 -1.8473 0.8642
27.9757 -25.4978 -1.9196 0.8593
29.7938 -25.2586 -1.9809 0.8552
13.8047 -10.8767 -0.8913 0.9320
14.2334 -10.4089 -0.8943 0.9318
38.3921 -24.0514 -2.2975 0.8341
38.7997 -22.4097 -2.2723 0.8357
44.0187 -21.3717 -2.4816 0.8220
24.2070 -9.6746 -1.3220 0.9009
46.5674 -13.0159 -2.4521 0.8239
42.9151 -8.7340 -2.2210 0.8391
42.7313 -7.1105 -2.1969 0.8407
35.9138 -4.6588 -1.8366 0.8650
33.4911 13.1222 -1.8242 0.8658
36.3594 15.7734 -2.0100 0.8532
43.0090 20.5218 -2.4167 0.8262
39.1308 24.1458 -2.3319 0.8318
32.2707 23.2652 -2.0176 0.8527
29.9518 23.2711 -1.9236 0.8591
27.2936 22.8224 -1.8043 0.8672
25.0634 22.5339 -1.7093 0.8737
12.8725 12.4369 -0.9077 0.9308
20.9807 21.7796 -1.5337 0.8859
18.6403 22.3591 -1.4763 0.8900
-6.3894 19.3833 -1.4964 0.9214
-6.8055 18.3974 -1.4383 0.9243
-7.4209 18.0433 -1.4305 0.9247
-9.0158 18.1074 -1.4831 0.9221
-13.1077 24.1161 -2.0126 0.8958
-6.5160 9.4125 -0.8394 0.9551
-12.9323 17.3184 -1.5848 0.9170
-14.9362 17.2656 -1.6739 0.9125
-21.2260 22.8270 -2.2855 0.8825
-18.0927 16.8533 -1.8130 0.9056
-19.0549 16.5132 -1.8488 0.9038
-23.3424 17.4625 -2.1374 0.8897
-24.5981 15.7843 -2.1430 0.8894
-26.5639 15.7296 -2.2636 0.8835
-27.2856 14.8614 -2.2781 0.8828
-13.5483 6.7606 -1.1102 0.9411
-28.2716 12.8620 -2.2774 0.8829
-29.1155 10.7994 -2.2769 0.8829
-25.2710 8.3548 -1.9516 0.8987
-24.8634 6.2831 -1.8803 0.9023
-30.7593 4.3302 -2.2776 0.8829
-32.8333 3.4260 -2.4205 0.8760
-33.0844 1.0655 -2.4271 0.8757
-33.1106 -0.1223 -2.4278 0.8756
-33.0383 -2.4981 -2.4294 0.8756
-32.9400 -3.6833 -2.4303 0.8755
-32.1337 -8.3733 -2.4348 0.8753
-31.1013 -11.7980 -2.4390 0.8751
-27.3922 -15.1829 -2.2963 0.8820
-25.6150 -15.4244 -2.1924 0.8870
-26.2723 -17.1339 -2.2998 0.8818
-25.6609 -18.0798 -2.3016 0.8817
-25.0160 -19.0043 -2.3035 0.8816
-17.0416 -13.9383 -1.6142 0.9155
-11.0310 -11.2050 -1.1529 0.9389
-18.4939 -23.3477 -2.1839 0.8874
-12.9056 -18.9398 -1.6805 0.9122
-15.1803 -28.4279 -2.3630 0.8788
-14.1810 -29.0166 -2.3680 0.8785
-13.1584 -29.5688 -2.3730 0.8783
-12.1136 -30.0831 -2.3779 0.8780
-9.9643 -30.9963 -2.3873 0.8776
-8.8624 -31.3931 -2.3918 0.8774
-7.7445 -31.7488 -2.3962 0.8772
-5.4664 -32.3332 -2.4044 0.8768
-3.1437 -32.7465 -2.4121 0.8764
-0.6317 -26.3905 -1.9356 0.8995
6.0659 -26.2274 -1.9738 0.8977
7.1348 -26.4821 -2.0110 0.8958
3.8620 -12.5265 -0.9611 0.9488
4.2952 -12.3405 -0.9581 0.9489
11.9160 -30.6462 -2.4109 0.8764
15.3551 -29.6031 -2.4452 0.8748
16.4088 -29.0355 -2.4454 0.8748
17.4398 -28.4277 -2.4454 0.8748
18.4467 -27.7808 -2.4451 0.8748
19.4276 -27.0955 -2.4446 0.8748
20.3814 -26.3733 -2.4439 0.8749
21.3064 -25.6153 -2.4430 0.8749
22.1912 -24.8113 -2.4407 0.8750
8.8315 -8.5518 -0.9014 0.9519
8.9685 -8.0816 -0.8852 0.9527
9.3817 -7.8626 -0.8975 0.9521
9.9692 -7.7635 -0.9265 0.9506
10.6632 -7.7056 -0.9646 0.9486
27.5140 -18.4170 -2.4276 0.8756
28.1240 -17.3975 -2.4248 0.8758
28.6942 -16.3567 -2.4217 0.8759
29.2236 -15.2962 -2.4185 0.8761
29.7118 -14.2179 -2.4151 0.8762
23.3291 -10.1515 -1.8655 0.9030
32.0185 -7.5305 -2.4117 0.8764
34.5791 -5.5526 -2.5679 0.8690
34.8756 -3.0574 -2.5670 0.8690
34.9734 0.7072 -2.5649 0.8691
34.6551 4.4561 -2.5619 0.8692
33.9261 8.1423 -2.5582 0.8694
33.2171 10.5424 -2.5553 0.8696
32.7973 11.7202 -2.5537 0.8696
30.9784 12.3407 -2.4450 0.8748
29.8882 13.1679 -2.3947 0.8772
28.2384 16.2677 -2.3895 0.8775
25.5371 20.0744 -2.3817 0.8778
24.7788 20.9586 -2.3796 0.8780
20.7106 21.7446 -2.2018 0.8865
19.2956 21.7724 -2.1331 0.8899
16.3661 21.3780 -1.9741 0.8976
14.8985 20.9798 -1.8867 0.9019
13.8461 21.0596 -1.8480 0.9039
12.9464 21.3203 -1.8289 0.9048
10.5763 20.6191 -1.6991 0.9112
9.4940 20.2686 -1.6411 0.9141
7.7926 20.3148 -1.5954 0.9164
7.2260 21.0691 -1.6332 0.9145
8.0975 26.6956 -2.0454 0.8941
7.0833 26.7758 -2.0308 0.8949
4.5038 19.8852 -1.4950 0.9215
2.2643 19.5906 -1.4460 0.9240
1.6163 20.3703 -1.4983 0.9213
1.1258 25.9874 -1.9072 0.9009
-0.7590 26.6411 -1.9542 0.8986
-1.8883 18.7711 -1.3833 0.9271
-2.5594 18.6828 -1.3827 0.9272
-7.1505 24.8951 -1.8992 0.9013
-6.7486 18.4037 -1.4373 0.9244
-7.3642 18.0508 -1.4294 0.9248
-6.4805 9.4181 -0.8382 0.9552
-12.8699 17.3372 -1.5831 0.9170
-13.7598 17.2096 -1.6156 0.9154
-14.8604 17.2768 -1.6709 0.9127
-24.8539 18.7034 -2.2807 0.8827
-13.5488 6.8089 -1.1118 0.9410
-28.6781 11.9195 -2.2771 0.8829
-24.8790 6.3621 -1.8829 0.9021
-26.4212 5.7550 -1.9827 0.8972
-30.5642 5.5170 -2.2772 0.8829
-30.5418 4.3879 -2.2624 0.8836
-32.8034 3.5170 -2.4190 0.8761
-33.0098 2.3449 -2.4264 0.8757
-33.1100 -0.0284 -2.4277 0.8756
-33.0444 -2.4044 -2.4293 0.8756
-32.8128 -4.7717 -2.4312 0.8755
-32.1560 -8.2818 -2.4347 0.8753
-31.5142 -10.5782 -2.4374 0.8752
-31.1331 -11.7092 -2.4389 0.8751
-27.4336 -15.1043 -2.2962 0.8820
-25.6270 -15.3328 -2.1897 0.8871
-17.1596 -13.9538 -1.6217 0.9151
-12.4725 -10.9087 -1.2149 0.9357
-11.5500 -10.8574 -1.1623 0.9384
-11.0477 -11.1585 -1.1513 0.9390
-10.8934 -11.8225 -1.1787 0.9376
-18.5892 -23.3318 -2.1873 0.8872
-12.9190 -18.8444 -1.6752 0.9124
-17.1782 -27.0928 -2.3522 0.8793
-16.2312 -27.7535 -2.3574 0.8790
-15.2582 -28.3799 -2.3626 0.8788
-14.2608 -28.9714 -2.3676 0.8785
-12.1969 -30.0439 -2.3775 0.8781
-10.0505 -30.9632 -2.3869 0.8776
-6.7019 -32.0391 -2.4000 0.8770
-4.4016 -32.5452 -2.4080 0.8766
-3.2361 -32.7334 -2.4118 0.8764
0.2723 -29.8523 -2.1889 0.8872
1.2606 -27.9879 -2.0542 0.8937
4.0388 -26.2486 -1.9473 0.8990
7.0443 -26.4444 -2.0066 0.8960
4.2579 -12.3457 -0.9575 0.9490
14.1949 -30.1695 -2.4447 0.8748
16.3263 -29.0818 -2.4454 0.8748
17.3592 -28.4772 -2.4454 0.8748
19.3511 -27.1511 -2.4447 0.8748
22.1315 -24.8863 -2.4419 0.8750
8.8318 -8.6008 -0.9039 0.9518
9.3372 -7.8706 -0.8954 0.9522
10.5649 -7.6803 -0.9577 0.9490
28.0773 -17.4788 -2.4250 0.8758
25.2556 -13.3106 -2.0932 0.8918
29.6747 -14.3036 -2.4154 0.8762
31.3699 -9.8968 -2.4119 0.8764
31.7046 -8.7648 -2.4118 0.8764
34.9500 -1.9028 -2.5664 0.8690
34.9761 0.6081 -2.5649 0.8691
34.8173 3.1126 -2.5631 0.8692
33.6214 9.2543 -2.5569 0.8695
33.2484 10.4486 -2.5554 0.8695
32.8320 11.6277 -2.5538 0.8696
29.4178 14.1393 -2.3932 0.8773
28.8705 15.1746 -2.3914 0.8774
26.3193 19.0882 -2.3839 0.8777
25.5957 20.0033 -2.3819 0.8778
24.8399 20.8908 -2.3798 0.8779
13.3962 12.1131 -1.3242 0.9301
20.8455 21.7624 -2.2096 0.8862
19.4229 21.7913 -2.1403 0.8895
19.6923 25.5722 -2.3665 0.8786
13.9411 21.0737 -1.8527 0.9036
15.7683 28.0142 -2.3571 0.8790
7.2485 20.9413 -1.6248 0.9150
8.1837 26.7069 -2.0481 0.8940
7.1680 26.7883 -2.0333 0.8947
4.5646 19.8920 -1.4964 0.9214
1.6564 20.1504 -1.4825 0.9221
1.2001 25.9984 -1.9083 0.9009
0.2742 26.7770 -1.9635 0.8982
-0.6837 26.6510 -1.9548 0.8986
-1.1792 19.1383 -1.4059 0.9260
-1.8352 18.7780 -1.3834 0.9271
-2.5064 18.6897 -1.3826 0.9272
-3.2239 18.8721 -1.4038 0.9261
-3.9041 18.7688 -1.4056 0.9260
-8.0178 24.7952 -1.9107 0.9008
-7.3076 18.0582 -1.4284 0.9248
-8.8968 18.1254 -1.4805 0.9222
-6.1553 9.7319 -0.8443 0.9549
-6.4450 9.4237 -0.8371 0.9552
-12.8864 17.4626 -1.5913 0.9166
-13.6875 17.2191 -1.6128 0.9156
-14.7850 17.2880 -1.6679 0.9128
-17.9105 16.8743 -1.8043 0.9060
-18.8663 16.5380 -1.8396 0.9043
-24.8015 18.7743 -2.2808 0.8827
-23.1870 16.2774 -2.0772 0.8926
-13.5494 6.8574 -1.1135 0.9409
-28.6444 12.0009 -2.2772 0.8829
-25.0957 7.4637 -1.9197 0.9003
-24.8946 6.4413 -1.8854 0.9020
-30.5481 5.6036 -2.2772 0.8829
-30.5310 4.4748 -2.2625 0.8836
-32.5457 3.5827 -2.4007 0.8769
-33.0766 1.2530 -2.4270 0.8757
-33.1092 0.0655 -2.4276 0.8756
-32.8251 -4.6785 -2.4311 0.8755
-32.1780 -8.1903 -2.4346 0.8753
-31.8805 -9.3445 -2.4359 0.8753
-31.5426 -10.4884 -2.4373 0.8752
-30.7469 -12.7390 -2.4403 0.8750
-30.2898 -13.8430 -2.4419 0.8750
-29.7442 -14.9062 -2.4395 0.8751
-25.6397 -15.2419 -2.1871 0.8872
-25.7598 -17.9318 -2.3013 0.8817
-11.6168 -10.8584 -1.1659 0.9382
-10.8956 -11.7579 -1.1754 0.9377
-20.7490 -24.0684 -2.3300 0.8803
-19.9192 -24.8561 -2.3355 0.8801
-13.9386 -18.7330 -1.7120 0.9106
-12.9611 -18.7914 -1.6738 0.9125
-17.2519 -27.0391 -2.3517 0.8793
-14.3405 -28.9259 -2.3673 0.8785
-13.3215 -29.4841 -2.3723 0.8783
-12.2801 -30.0044 -2.3771 0.8781
-11.2181 -30.4865 -2.3819 0.8778
-10.1368 -30.9298 -2.3865 0.8776
-9.0377 -31.3331 -2.3911 0.8774
-7.9221 -31.6954 -2.3955 0.8772
-6.7918 -32.0156 -2.3997 0.8770
-2.0658 -31.4976 -2.3144 0.8811
-0.7874 -26.5934 -1.9507 0.8988
0.1640 -26.0967 -1.9135 0.9006
2.1187 -27.0861 -1.9921 0.8968
3.9642 -26.2584 -1.9471 0.8990
4.9103 -26.1339 -1.9497 0.8988
5.9012 -26.1909 -1.9685 0.8979
6.9591 -26.4255 -2.0036 0.8962
3.8175 -12.6362 -0.9679 0.9484
11.8985 -31.1227 -2.4431 0.8749
10.6342 -25.0787 -1.9973 0.8965
14.1091 -30.2091 -2.4447 0.8748
20.2326 -26.4898 -2.4440 0.8749
22.0618 -24.9500 -2.4420 0.8750
8.8326 -8.6505 -0.9065 0.9516
9.2973 -7.8821 -0.8937 0.9523
9.8733 -7.7792 -0.9216 0.9508
10.5194 -7.6929 -0.9555 0.9491
27.4139 -18.5761 -2.4281 0.8756
28.0303 -17.5600 -2.4252 0.8758
28.6068 -16.5226 -2.4222 0.8759
25.0778 -13.3079 -2.0816 0.8924
29.6375 -14.3894 -2.4157 0.8762
24.5992 -8.8216 -1.9161 0.9005
31.3417 -9.9858 -2.4119 0.8764
32.3503 -6.5839 -2.4206 0.8760
34.5478 -5.7488 -2.5679 0.8690
34.7263 -4.5048 -2.5675 0.8690
34.9451 -2.0020 -2.5665 0.8690
34.9850 -0.7467 -2.5658 0.8691
34.9787 0.5090 -2.5650 0.8691
34.9260 1.7629 -2.5641 0.8691
34.8271 3.0138 -2.5631 0.8692
34.6822 4.2598 -2.5621 0.8692
33.9746 7.9505 -2.5584 0.8694
33.6491 9.1593 -2.5570 0.8695
33.2795 10.3548 -2.5555 0.8695
32.8665 11.5351 -2.5540 0.8696
29.9657 12.9996 -2.3950 0.8772
28.9151 15.0936 -2.3916 0.8774
24.1162 21.6823 -2.3778 0.8780
12.8678 12.4324 -1.3119 0.9308
15.0970 21.0059 -1.8967 0.9014
14.0275 21.0742 -1.8562 0.9034
-5.8902 23.3953 -2.3162 0.9076
-7.4211 18.0437 -1.8731 0.9246
-8.9883 18.0523 -1.9361 0.9222
-6.1762 9.6435 -1.0994 0.9550
-6.5143 9.4101 -1.0988 0.9551
-13.8326 17.2004 -2.1191 0.9151
-14.9353 17.2647 -2.1916 0.9123
-16.9168 16.9317 -2.2978 0.9083
-18.0752 15.6642 -2.2963 0.9084
-19.6374 13.6200 -2.2944 0.9084
-13.5119 6.7424 -1.4497 0.9411
-21.7345 9.8880 -2.2924 0.9085
-22.0733 9.1010 -2.2922 0.9085
-22.9212 6.6758 -2.2920 0.9085
-23.1465 5.8492 -2.2920 0.9085
-25.1830 3.5452 -2.4415 0.9029
-25.2973 2.6397 -2.4419 0.9028
-25.4488 -0.0940 -2.4432 0.9028
-25.3894 -1.9197 -2.4445 0.9027
-24.8865 -5.5395 -2.4477 0.9026
-24.6814 -6.4314 -2.4487 0.9026
-24.4449 -7.3159 -2.4497 0.9025
-24.1773 -8.1919 -2.4508 0.9025
-23.5499 -9.9140 -2.4531 0.9024
-23.1908 -10.7580 -2.4543 0.9024
-22.8019 -11.5893 -2.4556 0.9023
-22.3836 -12.4067 -2.4570 0.9023
-21.9365 -13.2094 -2.4584 0.9022
-21.3418 -13.9184 -2.4461 0.9027
-19.6790 -13.8652 -2.3111 0.9078
-14.3627 -10.9111 -1.7317 0.9301
-12.1407 -10.6793 -1.5523 0.9371
-10.5320 -10.6982 -1.4413 0.9415
-10.2446 -11.1818 -1.4559 0.9409
-15.0283 -18.9726 -2.3237 0.9073
-14.3564 -19.5248 -2.3267 0.9072
-13.6705 -20.0623 -2.3307 0.9071
-10.7314 -21.9581 -2.3464 0.9065
-5.7581 -12.9392 -1.3597 0.9447
-7.0710 -17.5602 -1.8174 0.9268
-6.5230 -18.0421 -1.8419 0.9258
-7.5255 -23.4101 -2.3608 0.9059
-0.4057 -16.9483 -1.6276 0.9341
1.1902 -24.8576 -2.3892 0.9048
2.0832 -24.8211 -2.3913 0.9048
2.9748 -24.7502 -2.3932 0.9047
3.8639 -24.6463 -2.3951 0.9046
5.6288 -24.3377 -2.3982 0.9045
6.5020 -24.1335 -2.3995 0.9044
9.0688 -23.3239 -2.4025 0.9043
10.7232 -22.6242 -2.4037 0.9043
13.8510 -20.8597 -2.4039 0.9043
16.0018 -19.2379 -2.4023 0.9043
9.8174 -7.6453 -1.1946 0.9512
20.7116 -13.8637 -2.3928 0.9047
21.2003 -13.1145 -2.3933 0.9047
21.6614 -12.3478 -2.3937 0.9047
22.8722 -9.9527 -2.3947 0.9046
23.1067 -9.0833 -2.3836 0.9050
25.8617 -6.0825 -2.5506 0.8987
26.2271 -4.2115 -2.5502 0.8988
26.4544 -2.3192 -2.5495 0.8988
26.5422 -0.4159 -2.5485 0.8988
26.5338 0.5366 -2.5479 0.8988
26.4905 1.4879 -2.5472 0.8989
26.4124 2.4367 -2.5465 0.8989
25.5064 7.0985 -2.5418 0.8991
25.2241 8.0055 -2.5407 0.8991
24.5615 9.7845 -2.5382 0.8992
23.4163 11.3365 -2.4977 0.9007
21.9071 11.5940 -2.3796 0.9052
21.4647 12.3654 -2.3782 0.9053
19.9749 14.5735 -2.3738 0.9054
19.4266 15.2710 -2.3723 0.9055
13.2489 12.0483 -1.7193 0.9306
16.3326 18.4291 -2.3641 0.9058
14.9469 19.5242 -2.3606 0.9059
13.4879 20.5149 -2.3571 0.9061
7.7688 20.2528 -2.0825 0.9165
7.2259 21.0689 -2.1384 0.9144
7.0822 23.3483 -2.3424 0.9066
4.4901 19.8249 -1.9515 0.9216
3.6874 19.5050 -1.9057 0.9233
2.9523 19.4083 -1.8847 0.9241
1.0502 24.2434 -2.3297 0.9071
0.1796 24.2470 -2.3279 0.9072
-1.8371 18.2622 -1.7621 0.9289
-5.8242 23.4131 -2.3163 0.9076
-6.3353 19.4038 -1.9596 0.9213
-7.3644 18.0511 -1.8717 0.9246
-8.9289 18.0611 -1.9343 0.9222
-6.1617 9.6812 -1.1017 0.9549
-12.8710 17.3387 -2.0731 0.9169
-13.7601 17.2100 -2.1154 0.9153
-16.8692 16.9801 -2.2979 0.9083
-17.4614 16.3581 -2.2971 0.9083
-18.5778 15.0542 -2.2956 0.9084
-19.5991 13.6759 -2.2944 0.9084
-20.0727 12.9609 -2.2939 0.9085
-20.5207 12.2299 -2.2934 0.9085
-13.4655 6.7670 -1.4468 0.9412
-22.9022 6.7407 -2.2920 0.9085
-23.3282 5.0813 -2.2921 0.9085
-24.9726 4.5077 -2.4362 0.9031
-25.4275 0.8911 -2.4427 0.9028
-25.4485 -0.0218 -2.4432 0.9028
-25.2115 -3.6663 -2.4459 0.9027
-24.9013 -5.4688 -2.4476 0.9026
-24.4647 -7.2463 -2.4496 0.9026
-23.9036 -8.9902 -2.4518 0.9025
-22.8337 -11.5241 -2.4555 0.9023
-22.4177 -12.3427 -2.4569 0.9023
-21.4391 -13.8954 -2.4528 0.9024
-14.4872 -10.9411 -1.7429 0.9296
-13.3068 -10.8208 -1.6466 0.9334
-12.2182 -10.6862 -1.5584 0.9369
-11.2676 -10.5920 -1.4847 0.9397
-10.5760 -10.6821 -1.4431 0.9414
-10.2592 -11.1342 -1.4535 0.9410
-10.2475 -11.9553 -1.5117 0.9387
-11.5531 -21.4884 -2.3423 0.9066
-10.7922 -21.9248 -2.3461 0.9065
-5.7860 -12.9032 -1.3576 0.9448
-6.5418 -17.9349 -1.8328 0.9262
-7.5910 -23.3860 -2.3605 0.9059
-6.7567 -23.6771 -2.3639 0.9058
-5.9110 -23.9374 -2.3671 0.9057
-5.0551 -24.1663 -2.3703 0.9056
-4.1901 -24.3634 -2.3733 0.9054
-1.0503 -16.7409 -1.6104 0.9348
0.2267 -24.8594 -2.3867 0.9049
1.1197 -24.8591 -2.3890 0.9048
2.0127 -24.8252 -2.3912 0.9048
4.6076 -24.1455 -2.3599 0.9059
5.5595 -24.3524 -2.3981 0.9045
6.4333 -24.1508 -2.3994 0.9044
3.8404 -12.5831 -1.2630 0.9485
4.2546 -12.3363 -1.2528 0.9489
12.2585 -21.8360 -2.4041 0.9043
13.0341 -21.3820 -2.4041 0.9043
13.7919 -20.8990 -2.4039 0.9043
10.9627 -15.3814 -1.8134 0.9269
20.6718 -13.9221 -2.3927 0.9047
21.1627 -13.1743 -2.3932 0.9047
21.6260 -12.4090 -2.3937 0.9047
16.1113 -7.7659 -1.7171 0.9307
16.5915 -7.2757 -1.7393 0.9298
24.2258 -7.6430 -2.4388 0.9030
25.5933 -7.0753 -2.5492 0.8988
26.2153 -4.2859 -2.5502 0.8988
26.4480 -2.3942 -2.5495 0.8988
26.5357 0.4614 -2.5479 0.8988
26.4952 1.4128 -2.5473 0.8989
26.4198 2.3619 -2.5465 0.8989
26.3098 3.3072 -2.5457 0.8989
26.1653 4.2477 -2.5449 0.8990
25.7737 6.1085 -2.5429 0.8990
25.5273 7.0264 -2.5419 0.8991
25.2476 7.9343 -2.5408 0.8991
24.9350 8.8309 -2.5396 0.8992
24.2134 10.5858 -2.5370 0.8993
21.9409 11.5323 -2.3797 0.9052
21.5006 12.3051 -2.3783 0.9052
17.6056 10.9326 -1.9896 0.9201
20.5381 13.7987 -2.3754 0.9054
13.3008 12.0268 -1.7216 0.9305
17.0470 17.7968 -2.3659 0.9057
15.0031 19.4829 -2.3608 0.9059
12.0250 21.3637 -2.3536 0.9062
9.5691 20.2789 -2.1528 0.9138
8.6414 20.1569 -2.1055 0.9156
7.8387 20.2631 -2.0858 0.9164
7.2485 20.9410 -2.1275 0.9148
6.3021 23.5525 -2.3407 0.9067
4.5508 19.8318 -1.9534 0.9215
1.1190 24.2417 -2.3298 0.9071
-0.6214 24.2230 -2.3263 0.9072
-1.7864 18.2786 -1.7632 0.9289
-5.7581 23.4308 -2.3164 0.9076
-6.5907 23.1937 -2.3149 0.9077
-6.6714 18.3541 -1.8749 0.9245
-8.0309 17.9635 -1.8891 0.9240
-8.8696 18.0699 -1.9325 0.9223
-12.0988 20.7407 -2.3052 0.9080
-14.7842 17.2871 -2.1838 0.9126
-16.2059 17.6277 -2.2988 0.9083
-16.8215 17.0283 -2.2980 0.9083
-17.4154 16.4079 -2.2971 0.9083
-18.5354 15.1071 -2.2957 0.9084
-19.0602 14.4283 -2.2950 0.9084
-19.5606 13.7316 -2.2944 0.9084
-20.0362 13.0180 -2.2939 0.9085
-20.4862 12.2882 -2.2935 0.9085
-20.9103 11.5432 -2.2931 0.9085
-22.0216 9.2262 -2.2922 0.9085
-22.3371 8.4295 -2.2921 0.9085
-22.8830 6.8056 -2.2920 0.9085
-23.1128 5.9803 -2.2920 0.9085
-23.3136 5.1474 -2.2921 0.9085
-25.1620 3.6879 -2.4415 0.9029
-25.2814 2.7830 -2.4418 0.9028
-25.3689 1.8744 -2.4422 0.9028
-25.3987 -1.7756 -2.4444 0.9027
-25.3260 -2.6866 -2.4451 0.9027
-25.2212 -3.5947 -2.4458 0.9027
-24.4844 -7.1766 -2.4495 0.9026
-23.9281 -8.9220 -2.4517 0.9025
-23.6039 -9.7795 -2.4529 0.9024
-23.2495 -10.6255 -2.4541 0.9024
-22.8653 -11.4589 -2.4554 0.9023
-19.7554 -13.7521 -2.3109 0.9078
-19.2613 -14.4610 -2.3123 0.9078
-10.6298 -10.6757 -1.4463 0.9413
-10.2349 -11.8722 -1.5049 0.9390
-13.1091 -19.0059 -2.2166 0.9114
-13.0770 -20.4958 -2.3341 0.9069
-12.3541 -20.9874 -2.3381 0.9068
-11.6125 -21.4528 -2.3419 0.9066
-10.8529 -21.8913 -2.3458 0.9065
-7.1918 -17.5721 -1.8228 0.9265
-6.5735 -17.8643 -1.8275 0.9264
-7.6564 -23.3618 -2.3602 0.9059
-6.8231 -23.6552 -2.3636 0.9058
-4.2587 -24.3490 -2.3731 0.9054
-2.5077 -24.6513 -2.3789 0.9052
-1.0977 -16.7364 -1.6102 0.9348
1.0491 -24.8604 -2.3888 0.9048
1.9421 -24.8291 -2.3910 0.9048
3.6640 -24.2696 -2.3564 0.9061
5.4902 -24.3669 -2.3980 0.9045
3.8181 -12.6381 -1.2675 0.9483
4.2173 -12.3415 -1.2521 0.9489
10.5945 -22.6840 -2.4036 0.9043
11.4032 -22.2925 -2.4039 0.9043
12.9735 -21.4189 -2.4041 0.9043
13.7327 -20.9382 -2.4039 0.9043
10.9589 -15.4688 -1.8200 0.9267
11.4433 -14.9823 -1.8099 0.9270
15.8932 -19.3293 -2.4025 0.9043
8.5266 -8.9724 -1.1883 0.9515
9.7240 -7.6615 -1.1885 0.9515
20.6318 -13.9804 -2.3927 0.9047
22.4361 -10.8930 -2.3944 0.9046
17.0190 -6.8019 -1.7596 0.9290
23.4826 -8.4212 -2.3950 0.9046
25.5619 -7.1448 -2.5481 0.8988
26.3397 -3.4168 -2.5499 0.8988
26.4997 1.3377 -2.5473 0.8989
26.4270 2.2870 -2.5466 0.8989
26.1779 4.1736 -2.5449 0.8990
25.7917 6.0356 -2.5430 0.8990
25.5480 6.9542 -2.5420 0.8991
24.6186 9.6458 -2.5384 0.8992
24.2443 10.5176 -2.5372 0.8992
23.7714 11.3426 -2.5287 0.8996
21.9744 11.4706 -2.3798 0.9052
17.6366 10.8828 -1.9896 0.9201
20.5781 13.7411 -2.3756 0.9054
19.5149 15.1621 -2.3725 0.9055
18.9458 15.8421 -2.3710 0.9055
12.8631 12.4278 -1.7171 0.9306
17.0983 17.7494 -2.3661 0.9057
16.4387 18.3383 -2.3644 0.9058
15.0592 19.4414 -2.3609 0.9059
13.6057 20.4405 -2.3574 0.9060
-4.7708 18.9492 -2.3211 0.9243
-6.1110 18.5386 -2.3187 0.9244
-8.0557 17.7482 -2.3152 0.9245
-9.2992 17.1091 -2.3131 0.9246
-9.9028 16.7571 -2.3121 0.9246
-6.5127 9.4076 -1.3591 0.9550
-12.1791 15.1444 -2.3085 0.9247
-12.7103 14.6926 -2.3077 0.9247
-13.2250 14.2224 -2.3070 0.9248
-13.7226 13.7346 -2.3062 0.9248
-15.1069 12.1708 -2.3044 0.9248
-15.5304 11.6183 -2.3039 0.9248
-16.6798 9.8768 -2.3026 0.9249
-13.5133 6.7431 -1.7939 0.9410
-17.6384 8.0245 -2.3018 0.9249
-19.9866 5.0507 -2.4488 0.9203
-20.3186 3.6081 -2.4513 0.9202
-20.5953 1.4044 -2.4521 0.9202
-20.5996 -1.5576 -2.4539 0.9202
-20.5353 -2.2962 -2.4545 0.9201
-20.3286 -3.7650 -2.4558 0.9201
-20.0186 -5.2164 -2.4573 0.9200
-19.6066 -6.6432 -2.4590 0.9200
-19.3629 -7.3451 -2.4600 0.9200
-19.0944 -8.0383 -2.4609 0.9199
-18.8014 -8.7218 -2.4619 0.9199
-17.7790 -10.7059 -2.4652 0.9198
-14.4778 -10.9986 -2.1597 0.9294
-10.4646 -10.6297 -1.7719 0.9417
-10.2487 -11.1863 -1.8021 0.9407
-10.4630 -16.6058 -2.3314 0.9240
-9.8665 -16.9809 -2.3329 0.9239
-9.2566 -17.3348 -2.3343 0.9239
-7.2326 -17.9615 -2.3000 0.9250
-6.0408 -18.7915 -2.3447 0.9236
-3.9999 -19.3961 -2.3525 0.9233
-2.6039 -19.6726 -2.3572 0.9232
1.6680 -19.8738 -2.3690 0.9228
2.3815 -19.8140 -2.3706 0.9228
3.0928 -19.7278 -2.3720 0.9227
3.8007 -19.6150 -2.3733 0.9227
5.2025 -19.3101 -2.3756 0.9226
4.2887 -12.3216 -1.5498 0.9488
7.2547 -18.6580 -2.3780 0.9225
7.9212 -18.3897 -2.3785 0.9225
8.5773 -18.0966 -2.3789 0.9225
9.2220 -17.7791 -2.3791 0.9225
10.4737 -17.0727 -2.3792 0.9225
11.3024 -15.7633 -2.3040 0.9248
12.2433 -15.8427 -2.3784 0.9225
7.6342 -9.1781 -1.4181 0.9530
7.9626 -8.2843 -1.3649 0.9548
8.2394 -7.9785 -1.3624 0.9549
9.0865 -7.6152 -1.4083 0.9534
17.0634 -10.5554 -2.3834 0.9224
15.9566 -7.6356 -2.1013 0.9312
16.5128 -7.1855 -2.1391 0.9300
17.1155 -6.7281 -2.1845 0.9286
20.1662 -7.1031 -2.5397 0.9175
20.4084 -6.3750 -2.5398 0.9175
20.8123 -4.8949 -2.5397 0.9175
20.9734 -4.1448 -2.5395 0.9175
21.1070 -3.3893 -2.5393 0.9175
21.2910 -1.8665 -2.5388 0.9175
21.3412 -1.1012 -2.5384 0.9175
21.3634 -0.3348 -2.5380 0.9175
21.3576 0.4319 -2.5375 0.9175
21.3238 1.1977 -2.5370 0.9176
21.0555 3.4794 -2.5350 0.9176
20.9109 4.2314 -2.5343 0.9177
20.7391 4.9774 -2.5335 0.9177
19.7846 7.8815 -2.5298 0.9178
19.4811 8.5828 -2.5287 0.9178
19.1524 9.2723 -2.5276 0.9179
18.7989 9.9490 -2.5265 0.9179
18.3755 10.5858 -2.5190 0.9181
16.9207 10.5739 -2.3701 0.9228
16.5222 11.1687 -2.3689 0.9228
16.1026 11.7483 -2.3677 0.9228
15.6626 12.3121 -2.3665 0.9229
13.4168 11.3488 -2.0874 0.9317
12.3025 11.1876 -1.9753 0.9352
13.1769 14.8683 -2.3599 0.9231
11.4823 16.1692 -2.3557 0.9232
10.8881 16.5606 -2.3543 0.9233
10.2805 16.9301 -2.3528 0.9233
7.7333 18.1809 -2.3469 0.9235
7.0715 18.4349 -2.3454 0.9235
6.4014 18.6649 -2.3439 0.9236
5.7239 18.8705 -2.3424 0.9236
3.6561 19.3393 -2.3379 0.9238
2.2569 19.5271 -2.3350 0.9239
0.1453 19.6202 -2.3307 0.9240
-2.5595 18.6835 -2.2401 0.9269
-3.9461 18.7047 -2.2708 0.9259
-4.7173 18.9634 -2.3212 0.9243
-6.0587 18.5566 -2.3188 0.9244
-7.3645 18.0515 -2.3158 0.9245
-8.0056 17.7716 -2.3153 0.9245
-13.6839 13.7738 -2.3063 0.9248
-14.1652 13.2701 -2.3056 0.9248
-15.4976 11.6625 -2.3039 0.9248
-15.9028 11.0967 -2.3035 0.9249
-16.6519 9.9242 -2.3027 0.9249
-17.6157 8.0745 -2.3018 0.9249
-17.8927 7.4368 -2.3017 0.9249
-18.1471 6.7896 -2.3016 0.9249
-18.8478 5.5474 -2.3338 0.9239
-20.1623 4.3917 -2.4512 0.9202
-20.5226 2.2003 -2.4518 0.9202
-20.6333 0.7231 -2.4525 0.9202
-20.5413 -2.2379 -2.4545 0.9201
-20.4530 -2.9743 -2.4551 0.9201
-20.1986 -4.4360 -2.4565 0.9201
-20.0328 -5.1595 -2.4573 0.9200
-19.3831 -7.2900 -2.4599 0.9200
-19.1165 -7.9839 -2.4609 0.9199
-18.8254 -8.6682 -2.4619 0.9199
-18.5102 -9.3421 -2.4629 0.9199
-14.5009 -10.9514 -2.1585 0.9294
-12.1760 -10.6494 -1.9215 0.9369
-11.1717 -10.5018 -1.8213 0.9401
-10.4983 -10.6036 -1.7725 0.9417
-12.2078 -15.3223 -2.3271 0.9241
-11.6571 -15.7598 -2.3285 0.9241
-11.0908 -16.1776 -2.3299 0.9240
-10.5096 -16.5752 -2.3313 0.9240
-9.9141 -16.9521 -2.3328 0.9239
-8.6837 -17.6414 -2.3357 0.9239
-7.2757 -17.9217 -2.2976 0.9250
-6.7552 -18.5199 -2.3417 0.9237
-5.4223 -19.0009 -2.3471 0.9235
-3.3599 -19.5363 -2.3547 0.9233
-2.6594 -19.6636 -2.3570 0.9232
-1.9540 -19.7651 -2.3593 0.9231
-0.5325 -19.8895 -2.3634 0.9230
0.1816 -19.9121 -2.3654 0.9229
2.3252 -19.8197 -2.3705 0.9228
3.7450 -19.6248 -2.3732 0.9227
4.4489 -19.4877 -2.3744 0.9226
5.1476 -19.3242 -2.3755 0.9226
4.2513 -12.3268 -1.5489 0.9488
7.2016 -18.6782 -2.3779 0.9225
7.8689 -18.4118 -2.3784 0.9225
9.1715 -17.8050 -2.3791 0.9225
10.4253 -17.1023 -2.3792 0.9225
11.6230 -16.3079 -2.3788 0.9225
11.8104 -15.3724 -2.3027 0.9249
7.7528 -8.7178 -1.3858 0.9541
7.9445 -8.3126 -1.3659 0.9547
8.2303 -8.0150 -1.3646 0.9548
9.5853 -7.5083 -1.4463 0.9521
10.1673 -7.3913 -1.4931 0.9506
10.8094 -7.2799 -1.5480 0.9489
17.0332 -10.6036 -2.3833 0.9224
17.7549 -9.3575 -2.3840 0.9223
20.1459 -7.1602 -2.5397 0.9175
20.6078 -5.6971 -2.5397 0.9175
20.7984 -4.9539 -2.5397 0.9175
20.9617 -4.2042 -2.5395 0.9175
21.2859 -1.9269 -2.5388 0.9175
21.3275 1.1372 -2.5370 0.9176
21.2680 1.9013 -2.5364 0.9176
21.1807 2.6625 -2.5358 0.9176
20.9233 4.1722 -2.5343 0.9176
20.3334 6.3900 -2.5318 0.9177
19.1792 9.2182 -2.5277 0.9179
18.4127 10.5378 -2.5200 0.9181
16.9512 10.5263 -2.3702 0.9228
16.5544 11.1222 -2.3690 0.9228
16.1365 11.7031 -2.3678 0.9228
15.6981 12.2682 -2.3666 0.9229
13.5088 11.3610 -2.0967 0.9314
12.4018 11.2139 -1.9861 0.9349
12.2359 11.8891 -2.0266 0.9336
12.1326 12.6662 -2.0834 0.9318
10.9356 16.5305 -2.3544 0.9233
9.0790 17.5770 -2.3500 0.9234
8.4371 17.8801 -2.3485 0.9234
7.1241 18.4157 -2.3455 0.9235
5.7777 18.8552 -2.3425 0.9236
5.0942 19.0382 -2.3410 0.9237
4.4050 19.1964 -2.3395 0.9237
1.6095 19.5798 -2.3336 0.9239
0.9054 19.6128 -2.3322 0.9240
0.2009 19.6206 -2.3308 0.9240
-1.7865 18.2799 -2.1817 0.9287
-2.5065 18.6905 -2.2400 0.9269
-3.8924 18.7126 -2.2704 0.9259
-6.6655 18.3376 -2.3177 0.9244
-9.8083 16.8142 -2.3123 0.9246
-6.4417 9.4189 -1.3555 0.9551
-11.5443 15.6440 -2.3095 0.9247
-12.0937 15.2141 -2.3086 0.9247
-13.1448 14.2980 -2.3071 0.9247
-14.1278 13.3105 -2.3057 0.9248
-15.0382 12.2567 -2.3045 0.9248
-15.4648 11.7066 -2.3040 0.9248
-15.8716 11.1419 -2.3035 0.9249
-16.2581 10.5633 -2.3031 0.9249
-17.5928 8.1245 -2.3019 0.9249
-17.8717 7.4875 -2.3017 0.9249
-18.3611 6.1861 -2.3015 0.9249
-20.4198 2.9928 -2.4515 0.9202
-20.6309 0.7816 -2.4524 0.9202
-20.6492 0.0408 -2.4528 0.9202
-20.6073 -1.4407 -2.4538 0.9202
-20.4610 -2.9162 -2.4550 0.9201
-20.3488 -3.6495 -2.4557 0.9201
-20.2107 -4.3786 -2.4564 0.9201
-20.0469 -5.1025 -2.4572 0.9201
-19.8575 -5.8205 -2.4580 0.9200
-19.6428 -6.5315 -2.4589 0.9200
-19.4031 -7.2348 -2.4598 0.9200
-19.1385 -7.9294 -2.4608 0.9199
-18.8493 -8.6145 -2.4618 0.9199
-18.5360 -9.2892 -2.4628 0.9199
-18.1988 -9.9527 -2.4639 0.9198
-12.2616 -10.6630 -1.9302 0.9366
-11.2457 -10.5115 -1.8285 0.9399
-10.2710 -11.0837 -1.7950 0.9409
-10.1761 -11.8040 -1.8513 0.9392
-12.2506 -15.2869 -2.3270 0.9241
-11.7011 -15.7259 -2.3284 0.9241
-11.1360 -16.1453 -2.3298 0.9240
-10.5560 -16.5445 -2.3312 0.9240
-8.7333 -17.6158 -2.3355 0.9239
-7.3319 -17.9142 -2.2993 0.9250
-6.1462 -18.7535 -2.3442 0.9236
-3.4150 -19.5251 -2.3545 0.9233
-2.7150 -19.6545 -2.3568 0.9232
-1.1075 -16.8863 -2.0102 0.9341
0.1251 -19.9113 -2.3652 0.9229
2.9806 -19.7432 -2.3718 0.9227
3.6891 -19.6346 -2.3731 0.9227
4.3935 -19.4994 -2.3743 0.9226
5.0926 -19.3381 -2.3754 0.9226
7.8165 -18.4338 -2.3784 0.9225
8.4743 -18.1445 -2.3788 0.9225
10.9842 -16.7476 -2.3791 0.9225
11.5768 -16.3409 -2.3788 0.9225
11.7443 -15.3764 -2.2983 0.9250
7.6398 -9.2915 -1.4289 0.9527
7.7374 -8.7503 -1.3875 0.9540
7.9301 -8.3447 -1.3674 0.9547
9.0043 -7.6336 -1.4022 0.9536
9.5412 -7.5175 -1.4429 0.9522
10.7510 -7.2850 -1.5426 0.9490
17.0028 -10.6517 -2.3833 0.9224
17.3768 -10.0364 -2.3837 0.9223
16.5141 -7.2977 -2.1446 0.9299
17.0114 -6.7988 -2.1761 0.9289
20.1255 -7.2173 -2.5397 0.9175
20.7843 -5.0129 -2.5397 0.9175
20.9498 -4.2637 -2.5396 0.9175
21.3351 -1.2223 -2.5385 0.9175
21.3618 -0.4559 -2.5381 0.9175
21.3310 1.0768 -2.5371 0.9176
21.0759 3.3601 -2.5351 0.9176
20.9356 4.1129 -2.5344 0.9176
20.3520 6.3324 -2.5319 0.9177
19.8303 7.7697 -2.5299 0.9178
19.2059 9.1641 -2.5278 0.9179
18.8564 9.8430 -2.5267 0.9179
18.4498 10.4897 -2.5210 0.9181
17.0510 10.5214 -2.3800 0.9225
16.5866 11.0757 -2.3691 0.9228
16.1703 11.6578 -2.3679 0.9228
15.7334 12.2241 -2.3667 0.9229
12.2438 11.8295 -2.0223 0.9337
12.1409 12.6032 -2.0787 0.9319
12.0088 13.3965 -2.1371 0.9301
12.7153 15.2521 -2.3587 0.9231
10.9829 16.5002 -2.3545 0.9233
-4.0055 15.9095 -2.3246 0.9359
-4.5717 15.7484 -2.3235 0.9359
-5.4503 10.9465 -1.7326 0.9518
-6.5110 9.4052 -1.6208 0.9548
-7.8490 10.5110 -1.8587 0.9484
-10.2344 12.7262 -2.3139 0.9362
-12.3256 10.6815 -2.3109 0.9362
-13.0547 9.7662 -2.3100 0.9363
-13.7170 8.8020 -2.3093 0.9363
-14.0221 8.3031 -2.3090 0.9363
-13.5146 6.7438 -2.1400 0.9408
-14.8288 6.7463 -2.3083 0.9363
-15.0603 6.2095 -2.3082 0.9363
-16.0055 5.9367 -2.4188 0.9334
-16.6555 4.8509 -2.4580 0.9323
-16.8191 4.2502 -2.4580 0.9323
-16.9614 3.6441 -2.4581 0.9323
-17.0821 3.0334 -2.4582 0.9323
-17.1812 2.4188 -2.4584 0.9323
-17.2585 1.8009 -2.4586 0.9323
-17.3139 1.1806 -2.4589 0.9323
-17.3473 0.5587 -2.4592 0.9323
-17.3587 -0.0641 -2.4596 0.9323
-17.1841 -2.5487 -2.4614 0.9322
-17.0855 -3.1644 -2.4620 0.9322
-16.9653 -3.7763 -2.4626 0.9322
-16.6600 -4.9860 -2.4640 0.9322
-16.4753 -5.5822 -2.4647 0.9321
-15.7957 -7.3275 -2.4672 0.9321
-15.5282 -7.8924 -2.4681 0.9320
-14.9336 -8.9925 -2.4699 0.9320
-14.2618 -10.0484 -2.4719 0.9319
-13.1166 -11.5378 -2.4752 0.9319
-10.4667 -10.6318 -2.1139 0.9415
-10.2705 -11.2101 -2.1542 0.9404
-10.2091 -12.8886 -2.3297 0.9357
-8.2771 -14.2454 -2.3344 0.9356
-7.2418 -14.8178 -2.3368 0.9355
-6.1670 -15.3152 -2.3393 0.9355
-5.0582 -15.7348 -2.3418 0.9354
-4.4928 -15.9147 -2.3431 0.9354
-3.9210 -16.0742 -2.3443 0.9353
-3.3435 -16.2132 -2.3456 0.9353
-2.7611 -16.3315 -2.3468 0.9353
-0.3972 -16.5933 -2.3518 0.9351
0.1986 -16.6054 -2.3530 0.9351
0.7946 -16.5961 -2.3542 0.9351
1.9847 -16.5128 -2.3565 0.9350
3.1669 -16.3439 -2.3588 0.9350
3.7530 -16.2273 -2.3599 0.9349
4.3349 -16.0897 -2.3610 0.9349
3.8637 -12.5322 -1.8582 0.9484
7.1523 -15.0901 -2.3661 0.9348
8.7423 -14.2504 -2.3688 0.9347
9.2512 -13.9324 -2.3696 0.9347
9.7485 -13.5961 -2.3704 0.9346
7.1319 -8.5742 -1.5802 0.9559
7.4674 -7.7691 -1.5268 0.9574
8.4045 -7.5733 -1.6030 0.9553
8.9353 -7.4885 -1.6519 0.9540
10.1468 -7.3325 -1.7738 0.9507
14.4353 -8.9297 -2.4050 0.9337
15.8289 -8.2852 -2.5314 0.9304
16.1190 -7.7133 -2.5319 0.9304
17.0596 -5.3290 -2.5323 0.9303
17.2397 -4.7134 -2.5323 0.9303
17.5321 -3.4647 -2.5322 0.9303
17.6440 -2.8333 -2.5320 0.9304
17.8556 0.3611 -2.5305 0.9304
17.8280 1.0013 -2.5300 0.9304
17.7771 1.6400 -2.5295 0.9304
17.6059 2.9094 -2.5284 0.9304
17.4858 3.5383 -2.5278 0.9305
17.1777 4.7806 -2.5264 0.9305
16.2961 7.1796 -2.5231 0.9306
14.7042 9.9398 -2.5148 0.9308
13.1090 10.3048 -2.3626 0.9349
12.7251 10.7637 -2.3615 0.9349
12.2304 11.1221 -2.3423 0.9354
11.4787 12.0518 -2.3582 0.9350
11.0336 12.4499 -2.3571 0.9350
10.5745 12.8314 -2.3559 0.9350
10.1023 13.1960 -2.3547 0.9351
9.1206 13.8723 -2.3523 0.9351
8.6125 14.1833 -2.3511 0.9352
8.0939 14.4756 -2.3499 0.9352
6.4812 15.2373 -2.3462 0.9353
5.3661 15.6462 -2.3437 0.9354
4.2257 15.9736 -2.3411 0.9354
1.3035 16.4278 -2.3350 0.9356
0.1219 16.4620 -2.3326 0.9357
-0.4686 16.4474 -2.3314 0.9357
-1.0579 16.4118 -2.3302 0.9357
-2.8112 16.1794 -2.3268 0.9358
-5.0876 15.5825 -2.3226 0.9359
-5.6410 15.3833 -2.3216 0.9359
-6.1867 15.1646 -2.3206 0.9360
-5.4686 11.0617 -1.7484 0.9514
-7.7713 14.3951 -2.3179 0.9360
-8.2797 14.1018 -2.3170 0.9361
-6.4755 9.4109 -1.6186 0.9549
-7.8616 10.5904 -1.8688 0.9481
-11.0807 11.9844 -2.3127 0.9362
-11.5006 11.5762 -2.3121 0.9362
-11.9057 11.1534 -2.3115 0.9362
-12.2954 10.7166 -2.3110 0.9362
-12.6694 10.2664 -2.3105 0.9362
-13.0271 9.8033 -2.3101 0.9363
-13.3682 9.3280 -2.3097 0.9363
-13.6921 8.8410 -2.3093 0.9363
-14.2873 7.8343 -2.3087 0.9363
-13.4684 6.7685 -2.1358 0.9409
-14.8097 6.7883 -2.3083 0.9363
-15.0428 6.2522 -2.3082 0.9363
-15.9098 5.9525 -2.4069 0.9337
-16.8070 4.2979 -2.4580 0.9323
-16.9509 3.6922 -2.4581 0.9323
-17.0734 3.0818 -2.4582 0.9323
-17.1742 2.4674 -2.4584 0.9323
-17.2532 1.8498 -2.4586 0.9323
-17.3103 1.2297 -2.4589 0.9323
-17.3586 -0.0149 -2.4595 0.9323
-17.3497 -0.6378 -2.4599 0.9323
-17.1909 -2.4999 -2.4614 0.9322
-17.0941 -3.1159 -2.4620 0.9322
-16.9756 -3.7281 -2.4626 0.9322
-16.4906 -5.5353 -2.4647 0.9321
-16.2865 -6.1254 -2.4654 0.9321
-16.0615 -6.7080 -2.4663 0.9321
-15.8160 -7.2825 -2.4671 0.9321
-15.5501 -7.8481 -2.4680 0.9320
-14.2898 -10.0076 -2.4719 0.9319
-13.9274 -10.5183 -2.4729 0.9319
-13.1488 -11.5001 -2.4751 0.9319
-11.2408 -10.5668 -2.1859 0.9396
-10.4968 -10.6021 -2.1139 0.9415
-10.2780 -11.1545 -2.1491 0.9406
-10.2453 -12.8591 -2.3296 0.9357
-8.8175 -13.9066 -2.3331 0.9356
-7.2835 -14.7966 -2.3367 0.9355
-5.1026 -15.7198 -2.3417 0.9354
-4.5377 -15.9012 -2.3430 0.9354
-3.3893 -16.2030 -2.3455 0.9353
-2.8073 -16.3229 -2.3467 0.9353
-1.6312 -16.4996 -2.3492 0.9352
0.1515 -16.6052 -2.3529 0.9351
1.9378 -16.5178 -2.3564 0.9350
2.5305 -16.4457 -2.3576 0.9350
3.1204 -16.3521 -2.3587 0.9350
3.7069 -16.2373 -2.3598 0.9349
4.2891 -16.1013 -2.3609 0.9349
3.8416 -12.5870 -1.8646 0.9482
4.2481 -12.3173 -1.8461 0.9487
6.0024 -15.5679 -2.3641 0.9348
5.3856 -12.6014 -1.9417 0.9461
7.1092 -15.1098 -2.3660 0.9348
7.6498 -14.8509 -2.3670 0.9347
8.7016 -14.2747 -2.3687 0.9347
9.7096 -13.6233 -2.3704 0.9346
7.2621 -9.4524 -1.6889 0.9530
7.8672 -7.6614 -1.5559 0.9566
9.4679 -7.4163 -1.7041 0.9526
10.0943 -7.3382 -1.7682 0.9508
10.7492 -7.2394 -1.8362 0.9490
14.3620 -8.9407 -2.3970 0.9339
15.3268 -8.7945 -2.5038 0.9311
16.0969 -7.7590 -2.5319 0.9304
16.3662 -7.1769 -2.5321 0.9303
17.0444 -5.3773 -2.5323 0.9303
17.7267 -2.2484 -2.5318 0.9304
17.7942 -1.6108 -2.5316 0.9304
17.8384 -0.9712 -2.5312 0.9304
17.8593 -0.3305 -2.5309 0.9304
17.8310 0.9508 -2.5301 0.9304
17.6144 2.8595 -2.5284 0.9304
17.4962 3.4888 -2.5278 0.9305
17.1915 4.7320 -2.5264 0.9305
16.7977 5.9490 -2.5249 0.9305
16.5680 6.5458 -2.5241 0.9306
16.3168 7.1335 -2.5232 0.9306
15.7517 8.2792 -2.5214 0.9306
15.4385 8.8357 -2.5204 0.9307
15.1055 9.3802 -2.5194 0.9307
13.9258 10.0998 -2.4374 0.9329
13.1386 10.2679 -2.3627 0.9349
11.5133 12.0197 -2.3583 0.9350
10.1401 13.1678 -2.3548 0.9351
7.0704 14.9836 -2.3475 0.9353
5.4107 15.6316 -2.3438 0.9354
4.8437 15.8072 -2.3425 0.9354
2.5272 16.3028 -2.3375 0.9355
1.9396 16.3743 -2.3363 0.9356
1.3501 16.4248 -2.3351 0.9356
-0.4220 16.4494 -2.3315 0.9357
-1.0114 16.4154 -2.3303 0.9357
-1.5989 16.3604 -2.3291 0.9357
-5.0436 15.5973 -2.3226 0.9359
-5.5976 15.3997 -2.3216 0.9359
-6.1439 15.1826 -2.3207 0.9360
-6.6820 14.9463 -2.3197 0.9360
-7.7307 14.4175 -2.3179 0.9360
-6.4401 9.4165 -1.6164 0.9550
-9.7003 13.1451 -2.3147 0.9361
-10.1625 12.7846 -2.3140 0.9362
-10.6116 12.4081 -2.3133 0.9362
-11.4680 11.6089 -2.3121 0.9362
-11.8742 11.1873 -2.3115 0.9362
-13.3418 9.3660 -2.3097 0.9363
-13.6672 8.8799 -2.3093 0.9363
-13.9751 8.3826 -2.3090 0.9363
-14.2651 7.8749 -2.3087 0.9363
-14.7904 6.8303 -2.3083 0.9363
-15.8150 5.9682 -2.3951 0.9340
-16.4267 5.5343 -2.4560 0.9324
-16.9403 3.7403 -2.4581 0.9323
-17.0645 3.1302 -2.4582 0.9323
-17.1670 2.5161 -2.4584 0.9323
-17.3584 0.0343 -2.4595 0.9323
-17.3512 -0.5886 -2.4599 0.9323
-17.2708 -1.8321 -2.4608 0.9322
-17.1976 -2.4511 -2.4613 0.9322
-17.1026 -3.0673 -2.4619 0.9322
-16.5059 -5.4884 -2.4646 0.9321
-16.0801 -6.6623 -2.4662 0.9321
-15.8361 -7.2374 -2.4670 0.9321
-14.9834 -8.9071 -2.4698 0.9320
-14.6600 -9.4427 -2.4708 0.9320
-13.9567 -10.4784 -2.4728 0.9319
-13.1808 -11.4624 -2.4750 0.9319
-11.3058 -10.5677 -2.1927 0.9394
-10.5341 -10.5796 -2.1154 0.9415
-10.2858 -11.0998 -2.1442 0.9407
-10.2887 -11.9347 -2.2326 0.9383
-10.2813 -12.8295 -2.3295 0.9357
-9.8192 -13.1967 -2.3306 0.9357
-8.3571 -14.1971 -2.3342 0.9356
-7.8464 -14.4954 -2.3354 0.9356
-7.3251 -14.7753 -2.3367 0.9355
-5.8207 -12.8828 -2.0030 0.9445
-6.2532 -15.2787 -2.3391 0.9355
-4.5826 -15.8876 -2.3429 0.9354
-2.2674 -16.4148 -2.3479 0.9352
-1.6779 -16.4942 -2.3491 0.9352
-0.4912 -16.5894 -2.3516 0.9351
2.4838 -16.4521 -2.3575 0.9350
3.0739 -16.3603 -2.3586 0.9350
6.5161 -15.3669 -2.3650 0.9348
7.0662 -15.1294 -2.3660 0.9348
8.6609 -14.2989 -2.3687 0.9347
9.1716 -13.9839 -2.3695 0.9347
9.6707 -13.6505 -2.3703 0.9346
7.2242 -8.1699 -1.5452 0.9569
7.4136 -7.8012 -1.5248 0.9575
7.8261 -7.6647 -1.5521 0.9567
8.3238 -7.5866 -1.5958 0.9555
8.8475 -7.5007 -1.6435 0.9542
10.0416 -7.3435 -1.7627 0.9510
10.6910 -7.2444 -1.8298 0.9492
15.7732 -8.3703 -2.5301 0.9304
16.3457 -7.2233 -2.5321 0.9303
16.5952 -6.6325 -2.5322 0.9303
17.0291 -5.4256 -2.5323 0.9303
17.2127 -4.8111 -2.5323 0.9303
17.3739 -4.1903 -2.5323 0.9303
17.5124 -3.5641 -2.5322 0.9303
17.6279 -2.9333 -2.5320 0.9303
17.7897 -1.6613 -2.5316 0.9304
17.8357 -1.0218 -2.5313 0.9304
17.6228 2.8096 -2.5285 0.9304
17.2053 4.6833 -2.5265 0.9305
16.8149 5.9015 -2.5250 0.9305
16.5869 6.4989 -2.5241 0.9306
16.3374 7.0875 -2.5233 0.9306
16.0669 7.6663 -2.5224 0.9306
15.7756 8.2348 -2.5214 0.9306
14.7699 9.8626 -2.5164 0.9308
14.0239 10.1104 -2.4496 0.9325
13.1681 10.2310 -2.3627 0.9349
12.3694 11.1210 -2.3568 0.9350
11.9761 11.5709 -2.3595 0.9349
11.5478 11.9875 -2.3584 0.9350
10.1778 13.1395 -2.3549 0.9351
8.6936 14.1354 -2.3513 0.9352
-2.9562 13.8185 -2.3280 0.9443
-3.4488 13.6981 -2.3270 0.9443
-4.4188 13.4052 -2.3253 0.9444
-5.3649 13.0443 -2.3236 0.9444
-7.1663 12.1266 -2.3205 0.9445
-5.6131 8.7643 -1.7146 0.9587
-6.9047 8.5858 -1.8151 0.9563
-9.5764 10.2986 -2.3167 0.9446
-10.6210 9.2043 -2.3153 0.9446
-11.2498 8.4160 -2.3145 0.9446
-10.7776 7.4750 -2.1607 0.9482
-13.5778 6.1772 -2.4574 0.9413
-14.0182 5.1995 -2.4631 0.9412
-14.1954 4.6931 -2.4630 0.9412
-14.3546 4.1808 -2.4630 0.9412
-14.4956 3.6631 -2.4631 0.9412
-14.7221 2.6143 -2.4632 0.9412
-14.8073 2.0845 -2.4634 0.9412
-14.9212 1.0174 -2.4638 0.9412
-14.8737 -1.6632 -2.4656 0.9411
-14.3536 -4.2957 -2.4682 0.9411
-14.0160 -5.3168 -2.4695 0.9410
-13.8201 -5.8180 -2.4702 0.9410
-13.6065 -6.3120 -2.4710 0.9410
-13.1271 -7.2761 -2.4725 0.9410
-11.6383 -9.5190 -2.4769 0.9409
-11.2936 -9.9343 -2.4779 0.9408
-10.9342 -10.3371 -2.4788 0.9408
-10.5605 -10.7271 -2.4798 0.9408
-10.1730 -11.1036 -2.4808 0.9408
-9.7721 -11.4663 -2.4819 0.9408
-7.5550 -11.9905 -2.3347 0.9442
-7.1224 -12.2581 -2.3355 0.9441
-6.6810 -12.5114 -2.3366 0.9441
-5.3051 -13.1748 -2.3398 0.9440
-4.8312 -13.3628 -2.3408 0.9440
-4.3506 -13.5337 -2.3419 0.9440
-2.8751 -13.9421 -2.3451 0.9439
-1.8696 -14.1253 -2.3473 0.9439
-0.3414 -14.2636 -2.3505 0.9438
0.1707 -14.2730 -2.3515 0.9438
1.1948 -14.2364 -2.3535 0.9437
2.2146 -14.1260 -2.3555 0.9437
3.0517 -13.1949 -2.2311 0.9466
6.1428 -12.9604 -2.3628 0.9435
6.6061 -12.7359 -2.3636 0.9435
7.0612 -12.4948 -2.3643 0.9435
8.3705 -11.6742 -2.3665 0.9434
6.9787 -8.3900 -1.7978 0.9567
10.1390 -7.3269 -2.0608 0.9506
10.8136 -7.2383 -2.1437 0.9486
13.0395 -8.0662 -2.5259 0.9397
13.3220 -7.5940 -2.5262 0.9397
13.8347 -6.6202 -2.5266 0.9397
14.2754 -5.6117 -2.5269 0.9397
14.9316 -3.5118 -2.5269 0.9397
15.1436 -2.4317 -2.5267 0.9397
15.2200 -1.8867 -2.5265 0.9397
15.3265 0.3099 -2.5254 0.9397
15.3031 0.8595 -2.5250 0.9398
15.2599 1.4078 -2.5246 0.9398
14.4080 5.1487 -2.5206 0.9399
14.2100 5.6608 -2.5198 0.9399
13.9936 6.1652 -2.5191 0.9399
12.6475 8.5495 -2.5149 0.9400
11.9893 9.4246 -2.5123 0.9400
10.6455 9.6809 -2.3704 0.9433
10.2327 9.9993 -2.3570 0.9436
8.9774 10.1298 -2.2298 0.9466
9.0876 11.0272 -2.3540 0.9437
8.2663 11.6404 -2.3520 0.9438
7.4036 12.1925 -2.3499 0.9438
6.9583 12.4447 -2.3488 0.9438
6.0425 12.8999 -2.3467 0.9439
5.5732 13.1024 -2.3456 0.9439
4.6149 13.4560 -2.3435 0.9440
3.6347 13.7397 -2.3413 0.9440
3.1380 13.8549 -2.3402 0.9440
2.6376 13.9521 -2.3392 0.9441
2.1344 14.0314 -2.3381 0.9441
1.6288 14.0926 -2.3371 0.9441
1.1216 14.1356 -2.3360 0.9441
0.6134 14.1604 -2.3350 0.9442
0.1049 14.1670 -2.3339 0.9442
-0.4033 14.1555 -2.3329 0.9442
-0.9105 14.1258 -2.3319 0.9442
-1.9196 14.0123 -2.3299 0.9443
-2.9171 13.8272 -2.3280 0.9443
-3.4100 13.7082 -2.3271 0.9443
-5.2600 9.7434 -1.8241 0.9561
-7.1321 12.1471 -2.3205 0.9445
-6.0057 8.7281 -1.7454 0.9580
-6.4293 8.6610 -1.7770 0.9572
-6.8692 8.5914 -1.8121 0.9564
-7.3274 8.5189 -1.8511 0.9555
-9.9094 9.9745 -2.3163 0.9446
-10.2588 9.6106 -2.3158 0.9446
-10.5950 9.2345 -2.3153 0.9446
-10.9175 8.8468 -2.3149 0.9446
-12.0640 7.1899 -2.3136 0.9447
-12.3130 6.7517 -2.3134 0.9447
-12.7586 6.4118 -2.3523 0.9438
-14.0034 5.2393 -2.4631 0.9412
-14.4851 3.7042 -2.4631 0.9412
-14.6091 3.1821 -2.4631 0.9412
-14.7145 2.6560 -2.4632 0.9412
-14.8692 1.5942 -2.4636 0.9412
-14.9482 0.5239 -2.4641 0.9412
-14.9242 -1.0859 -2.4651 0.9411
-14.8782 -1.6210 -2.4655 0.9411
-14.6267 -3.2123 -2.4670 0.9411
-14.2072 -4.7689 -2.4688 0.9411
-13.8363 -5.7786 -2.4702 0.9410
-13.3943 -6.7601 -2.4717 0.9410
-13.1474 -7.2386 -2.4725 0.9410
-12.8834 -7.7083 -2.4733 0.9410
-12.3061 -8.6184 -2.4750 0.9409
-11.6649 -9.4857 -2.4768 0.9409
-10.9631 -10.3058 -2.4788 0.9408
-10.5906 -10.6968 -2.4798 0.9408
-10.2041 -11.0744 -2.4808 0.9408
-9.8043 -11.4381 -2.4818 0.9408
-8.9429 -12.0903 -2.4774 0.9409
-7.1569 -12.2374 -2.3354 0.9441
-6.7162 -12.4919 -2.3365 0.9441
-4.3888 -13.5209 -2.3418 0.9440
-3.9027 -13.6759 -2.3429 0.9440
-2.4139 -14.0354 -2.3461 0.9439
-1.9096 -14.1194 -2.3472 0.9439
-0.3818 -14.2621 -2.3504 0.9438
0.1302 -14.2730 -2.3514 0.9438
2.6812 -14.0505 -2.3564 0.9437
3.1234 -11.7253 -1.9990 0.9520
4.0018 -11.6032 -2.0220 0.9515
6.1059 -12.9774 -2.3627 0.9435
7.4724 -12.2581 -2.3650 0.9435
7.9098 -11.9858 -2.3657 0.9434
7.0421 -9.1661 -1.9042 0.9542
7.0672 -7.9469 -1.7520 0.9578
8.3442 -7.5619 -1.8551 0.9554
8.8948 -7.4976 -1.9164 0.9539
9.4824 -7.4277 -1.9843 0.9523
13.5669 -7.1502 -2.5264 0.9397
14.0467 -6.1598 -2.5268 0.9397
14.2594 -5.6521 -2.5269 0.9397
14.4534 -5.1370 -2.5270 0.9397
14.6286 -4.6152 -2.5270 0.9397
14.7848 -4.0873 -2.5270 0.9397
14.9216 -3.5541 -2.5269 0.9397
15.1367 -2.4747 -2.5267 0.9397
15.3110 -0.8336 -2.5261 0.9397
15.3292 -0.2837 -2.5258 0.9397
15.3274 0.2665 -2.5254 0.9397
15.3057 0.8161 -2.5250 0.9398
15.2025 1.9110 -2.5242 0.9398
15.1211 2.4548 -2.5237 0.9398
15.0201 2.9951 -2.5231 0.9398
14.7598 4.0626 -2.5219 0.9398
14.2263 5.6206 -2.5199 0.9399
14.0113 6.1256 -2.5192 0.9399
13.7783 6.6223 -2.5184 0.9399
13.5275 7.1102 -2.5176 0.9399
12.9740 8.0565 -2.5159 0.9400
12.6721 8.5138 -2.5150 0.9400
12.3539 8.9597 -2.5141 0.9400
12.0192 9.3931 -2.5130 0.9400
11.6351 9.7853 -2.5045 0.9402
10.7145 9.6882 -2.3797 0.9431
10.2614 9.9706 -2.3570 0.9436
9.8930 10.3281 -2.3561 0.9437
9.5121 10.6720 -2.3551 0.9437
8.7148 11.3170 -2.3531 0.9437
8.2995 11.6173 -2.3521 0.9438
7.8739 11.9024 -2.3510 0.9438
6.5405 12.6625 -2.3479 0.9439
5.1349 13.2738 -2.3446 0.9439
1.6688 14.0884 -2.3371 0.9441
0.6536 14.1591 -2.3350 0.9442
0.1451 14.1672 -2.3340 0.9442
-0.8705 14.1288 -2.3320 0.9442
-1.3763 14.0825 -2.3310 0.9443
-1.8799 14.0181 -2.3300 0.9443
-2.3807 13.9359 -2.3290 0.9443
-2.8780 13.8359 -2.3281 0.9443
-3.3712 13.7183 -2.3272 0.9443
-4.3430 13.4308 -2.3254 0.9444
-4.8204 13.2615 -2.3245 0.9444
-5.2911 13.0753 -2.3237 0.9444
-5.7549 12.8725 -2.3229 0.9444
-5.9728 8.7333 -1.7430 0.9580
-6.3953 8.6664 -1.7743 0.9573
-9.5181 10.3532 -2.3168 0.9446
-9.8813 10.0027 -2.3163 0.9446
-10.2317 9.6398 -2.3158 0.9446
-10.5689 9.2646 -2.3154 0.9446
-10.8925 8.8778 -2.3149 0.9446
-11.2022 8.4799 -2.3146 0.9446
-11.4975 8.0713 -2.3142 0.9446
-12.2939 6.7867 -2.3134 0.9447
-12.6912 6.4231 -2.3433 0.9440
-13.7906 5.7777 -2.4632 0.9412
-14.3307 4.2621 -2.4630 0.9412
-14.7069 2.6977 -2.4632 0.9412
-14.7951 2.1684 -2.4634 0.9412
-14.9150 1.1020 -2.4638 0.9412
-14.9465 0.5662 -2.4640 0.9412
-14.9591 0.0296 -2.4643 0.9412
-14.9271 -1.0436 -2.4651 0.9411
-14.8825 -1.5788 -2.4655 0.9411
-14.7366 -2.6430 -2.4664 0.9411
-14.3771 -4.2141 -2.4681 0.9411
-14.0453 -5.2370 -2.4694 0.9410
-13.1675 -7.2011 -2.4724 0.9410
-12.0186 -9.0233 -2.4758 0.9409
-10.6205 -10.6664 -2.4797 0.9408
-9.8363 -11.4099 -2.4817 0.9408
-9.4246 -11.7605 -2.4828 0.9407
-8.3313 -12.0789 -2.4173 0.9422
-6.7514 -12.4724 -2.3364 0.9441
-5.3793 -13.1435 -2.3396 0.9441
-4.4270 -13.5079 -2.3417 0.9440
-1.9496 -14.1134 -2.3471 0.9439
-1.4425 -14.1807 -2.3482 0.9439
-0.4223 -14.2605 -2.3503 0.9438
0.0897 -14.2728 -2.3513 0.9438
1.6250 -14.1989 -2.3544 0.9437
2.6413 -14.0576 -2.3564 0.9437
6.0689 -12.9943 -2.3626 0.9435
6.9898 -12.5339 -2.3642 0.9435
7.8756 -12.0079 -2.3657 0.9434
7.0548 -9.2366 -1.9147 0.9540
7.3165 -7.6990 -1.7497 0.9579
8.0167 -7.8514 -1.8485 0.9555
8.3019 -7.5666 -1.8505 0.9555
8.8501 -7.5029 -1.9114 0.9541
9.4344 -7.4334 -1.9787 0.9525
10.0431 -7.3446 -2.0497 0.9508
10.6901 -7.2437 -2.1273 0.9490
14.0291 -6.1996 -2.5268 0.9397
14.2432 -5.6925 -2.5269 0.9397
14.7731 -4.1292 -2.5270 0.9397
15.2092 -1.9730 -2.5265 0.9397
15.2689 -1.4259 -2.5263 0.9397
15.3087 -0.8770 -2.5261 0.9397
15.3285 -0.3272 -2.5258 0.9397
15.3082 0.7727 -2.5251 0.9398
15.2681 1.3213 -2.5246 0.9398
15.2081 1.8679 -2.5242 0.9398
15.0288 2.9525 -2.5232 0.9398
14.4376 5.0672 -2.5207 0.9399
14.2425 5.5804 -2.5200 0.9399
13.7973 6.5834 -2.5184 0.9399
13.5479 7.0720 -2.5176 0.9399
12.9971 8.0199 -2.5160 0.9400
12.6965 8.4781 -2.5151 0.9400
12.3796 8.9250 -2.5141 0.9400
11.6659 9.7548 -2.5052 0.9402
10.7840 9.6956 -2.3890 0.9429
10.2899 9.9418 -2.3571 0.9436
9.9225 10.3004 -2.3561 0.9437
9.5426 10.6453 -2.3552 0.9437
8.6404 10.3642 -2.2229 0.9468
8.7472 11.2926 -2.3532 0.9437
7.9079 11.8804 -2.3511 0.9438
7.4732 12.1511 -2.3501 0.9438
-2.5930 12.1205 -2.3297 0.9508
-3.4531 11.8952 -2.3281 0.9508
-3.8764 11.7597 -2.3274 0.9509
-5.2460 9.6518 -2.0648 0.9563
-5.2305 8.8509 -1.9324 0.9590
-6.4636 8.6558 -2.0305 0.9570
-6.9049 8.5860 -2.0710 0.9561
-7.3647 8.5133 -2.1158 0.9552
-8.4046 9.0385 -2.3199 0.9510
-8.7218 8.7295 -2.3194 0.9510
-9.0278 8.4094 -2.3190 0.9510
-9.6045 7.7378 -2.3182 0.9510
-9.8745 7.3871 -2.3179 0.9510
-11.1798 6.6201 -2.4421 0.9485
-11.7454 5.8610 -2.4673 0.9480
-12.1342 5.0030 -2.4670 0.9480
-12.3055 4.5643 -2.4669 0.9480
-12.4611 4.1198 -2.4669 0.9480
-12.8321 2.7570 -2.4670 0.9480
-13.1226 0.4226 -2.4678 0.9480
-13.1308 -0.0485 -2.4681 0.9480
-13.1222 -0.5196 -2.4684 0.9480
-13.0969 -0.9903 -2.4687 0.9479
-12.9963 -1.9276 -2.4695 0.9479
-12.8293 -2.8557 -2.4704 0.9479
-12.5967 -3.7699 -2.4715 0.9479
-12.4562 -4.2204 -2.4720 0.9479
-12.1274 -5.1054 -2.4732 0.9479
-11.9395 -5.5386 -2.4739 0.9478
-11.5179 -6.3841 -2.4752 0.9478
-11.0370 -7.1979 -2.4767 0.9478
-10.7750 -7.5917 -2.4775 0.9478
-10.2094 -8.3503 -2.4791 0.9477
-9.9066 -8.7142 -2.4799 0.9477
-8.5702 -10.0560 -2.4834 0.9476
-8.2069 -10.3609 -2.4844 0.9476
-7.8328 -10.6527 -2.4853 0.9476
-7.4484 -10.9310 -2.4862 0.9476
-7.0541 -11.1955 -2.4872 0.9476
-6.6475 -11.4408 -2.4871 0.9476
-6.2237 -11.6549 -2.4834 0.9476
-5.7194 -11.7027 -2.4483 0.9484
-5.1779 -11.6356 -2.3938 0.9495
-4.6601 -11.5728 -2.3450 0.9505
-3.3865 -11.9960 -2.3429 0.9505
-2.9551 -12.1147 -2.3439 0.9505
-2.5196 -12.2178 -2.3448 0.9505
-2.0804 -12.3053 -2.3457 0.9505
-1.1935 -12.4327 -2.3476 0.9504
-0.7470 -12.4725 -2.3485 0.9504
-0.2991 -12.4961 -2.3495 0.9504
0.5983 -12.4950 -2.3513 0.9504
1.4939 -12.4293 -2.3530 0.9503
1.7568 -11.2058 -2.1320 0.9549
3.1335 -11.6307 -2.2641 0.9522
3.5672 -11.5704 -2.2758 0.9519
4.4511 -11.4475 -2.3086 0.9512
6.5719 -10.7126 -2.3622 0.9501
6.9539 -10.4726 -2.3629 0.9501
7.3270 -10.2190 -2.3635 0.9501
6.9380 -8.3411 -2.0393 0.9568
7.3811 -7.6794 -2.0021 0.9576
7.8807 -7.6311 -2.0619 0.9563
8.3931 -7.5630 -2.1236 0.9551
8.9249 -7.4798 -2.1888 0.9537
10.8727 -7.8570 -2.5214 0.9469
11.4108 -7.0587 -2.5220 0.9469
11.6579 -6.6454 -2.5222 0.9468
11.8898 -6.2234 -2.5224 0.9468
12.1063 -5.7932 -2.5226 0.9468
12.4917 -4.9105 -2.5229 0.9468
12.6602 -4.4593 -2.5229 0.9468
12.8122 -4.0022 -2.5229 0.9468
13.0659 -3.0730 -2.5229 0.9468
13.1673 -2.6021 -2.5228 0.9468
13.2516 -2.1279 -2.5227 0.9468
13.3186 -1.6510 -2.5225 0.9468
13.4004 -0.6915 -2.5221 0.9469
13.4152 -0.2102 -2.5218 0.9469
13.3924 0.7522 -2.5212 0.9469
13.2998 1.7102 -2.5204 0.9469
13.2276 2.1859 -2.5200 0.9469
13.1382 2.6586 -2.5195 0.9469
12.9084 3.5925 -2.5185 0.9469
12.7684 4.0524 -2.5179 0.9469
12.4388 4.9552 -2.5167 0.9470
12.2499 5.3969 -2.5160 0.9470
12.0451 5.8314 -2.5154 0.9470
11.5892 6.6764 -2.5139 0.9470
11.3388 7.0857 -2.5132 0.9470
11.0738 7.4857 -2.5124 0.9471
10.1953 8.6238 -2.5099 0.9471
9.8759 8.9810 -2.5091 0.9471
8.3138 9.3810 -2.3561 0.9503
7.6055 9.9346 -2.3517 0.9504
6.0966 10.9035 -2.3480 0.9504
5.2947 11.3036 -2.3462 0.9505
3.6174 11.9256 -2.3424 0.9505
3.1859 12.0429 -2.3415 0.9506
2.7506 12.1445 -2.3405 0.9506
2.3122 12.2305 -2.3396 0.9506
1.8711 12.3007 -2.3386 0.9506
0.5379 12.4158 -2.3359 0.9507
0.0920 12.4223 -2.3350 0.9507
-1.2420 12.3462 -2.3323 0.9508
-2.9911 12.0243 -2.3290 0.9508
-3.8432 11.7710 -2.3274 0.9509
-5.0810 11.2792 -2.3252 0.9509
-5.3237 10.7685 -2.2579 0.9523
-5.5964 8.7930 -1.9591 0.9585
-6.4295 8.6612 -2.0275 0.9570
-7.3276 8.5191 -2.1121 0.9553
-8.3791 9.0625 -2.3199 0.9510
-9.2993 8.1052 -2.3186 0.9510
-9.5826 7.7651 -2.3183 0.9510
-9.8536 7.4152 -2.3179 0.9510
-10.4451 6.7444 -2.3370 0.9507
-11.7288 5.8943 -2.4673 0.9480
-12.2925 4.5992 -2.4669 0.9480
-12.5904 3.7057 -2.4669 0.9480
-12.7154 3.2516 -2.4669 0.9480
-12.9927 1.8667 -2.4672 0.9480
-13.0522 1.3994 -2.4674 0.9480
-13.0951 0.9302 -2.4676 0.9480
-13.1213 0.4598 -2.4678 0.9480
-13.1308 -0.0113 -2.4681 0.9480
-12.9276 -2.3564 -2.4699 0.9479
-12.4679 -4.1850 -2.4720 0.9479
-12.3126 -4.6308 -2.4726 0.9479
-12.1415 -5.0708 -2.4732 0.9479
-11.9549 -5.5046 -2.4738 0.9478
-11.5357 -6.3513 -2.4752 0.9478
-11.0571 -7.1665 -2.4766 0.9478
-10.7962 -7.5609 -2.4774 0.9478
-10.5213 -7.9460 -2.4782 0.9478
-10.2328 -8.3211 -2.4790 0.9477
-9.9310 -8.6858 -2.4799 0.9477
-9.6162 -9.0396 -2.4807 0.9477
-8.9496 -9.7129 -2.4825 0.9477
-8.5984 -10.0314 -2.4834 0.9476
-8.2360 -10.3373 -2.4843 0.9476
-7.8628 -10.6301 -2.4852 0.9476
-7.0856 -11.1752 -2.4871 0.9476
-6.6807 -11.4232 -2.4874 0.9476
-4.6994 -11.5756 -2.3482 0.9504
-4.2677 -11.7004 -2.3409 0.9506
-3.8467 -11.8508 -2.3419 0.9506
-3.4204 -11.9860 -2.3428 0.9505
-2.9894 -12.1059 -2.3438 0.9505
-2.1152 -12.2990 -2.3457 0.9505
-1.6732 -12.3719 -2.3466 0.9505
0.1140 -12.5037 -2.3503 0.9504
1.0112 -12.4728 -2.3521 0.9503
1.7227 -11.1957 -2.1291 0.9549
2.7892 -12.2177 -2.3555 0.9503
3.0995 -11.6354 -2.2633 0.9522
3.5328 -11.5752 -2.2748 0.9519
3.9711 -11.5143 -2.2893 0.9516
4.4156 -11.4525 -2.3071 0.9513
5.3458 -11.3619 -2.3602 0.9502
6.1504 -10.9557 -2.3615 0.9501
6.5414 -10.7309 -2.3622 0.9501
7.0380 -9.1608 -2.1714 0.9541
7.0511 -7.9287 -1.9944 0.9577
7.3496 -7.6901 -1.9994 0.9576
8.8824 -7.4871 -2.1835 0.9538
10.8502 -7.8877 -2.5214 0.9469
10.7453 -7.2368 -2.4350 0.9486
11.3907 -7.0910 -2.5220 0.9469
11.6389 -6.6784 -2.5222 0.9468
11.8721 -6.2570 -2.5224 0.9468
12.0897 -5.8274 -2.5226 0.9468
12.4777 -4.9459 -2.5229 0.9468
12.6475 -4.4951 -2.5229 0.9468
12.8008 -4.0385 -2.5229 0.9468
12.9374 -3.5766 -2.5229 0.9468
13.0572 -3.1100 -2.5229 0.9468
13.3649 -1.2099 -2.5224 0.9468
13.4147 -0.2483 -2.5219 0.9469
13.4134 0.2332 -2.5216 0.9469
13.3946 0.7142 -2.5212 0.9469
13.3048 1.6725 -2.5205 0.9469
13.2340 2.1484 -2.5200 0.9469
12.7800 4.0162 -2.5180 0.9469
11.3591 7.0537 -2.5132 0.9470
11.0953 7.4544 -2.5125 0.9470
10.5253 8.2256 -2.5108 0.9471
10.2200 8.5951 -2.5100 0.9471
9.9016 8.9532 -2.5091 0.9471
9.5561 9.2853 -2.5044 0.9472
8.3624 9.3821 -2.3623 0.9501
7.9876 9.6366 -2.3526 0.9503
7.6339 9.9133 -2.3518 0.9504
7.2705 10.1769 -2.3509 0.9504
6.8980 10.4272 -2.3499 0.9504
5.7308 11.0949 -2.3472 0.9504
3.6513 11.9157 -2.3425 0.9505
2.7851 12.1371 -2.3406 0.9506
2.3469 12.2243 -2.3396 0.9506
1.4630 12.3513 -2.3378 0.9506
1.0185 12.3909 -2.3369 0.9507
0.5731 12.4146 -2.3359 0.9507
-0.7634 12.3901 -2.3333 0.9507
-1.2070 12.3501 -2.3324 0.9507
-3.8099 11.7821 -2.3275 0.9509
-4.6420 11.4712 -2.3260 0.9509
-5.0491 11.2938 -2.3253 0.9509
-5.1688 8.8607 -1.9281 0.9591
-5.5646 8.7981 -1.9567 0.9585
-5.9730 8.7335 -1.9887 0.9579
-6.3955 8.6666 -2.0245 0.9571
-6.8340 8.5972 -2.0643 0.9563
-7.2907 8.5250 -2.1084 0.9554
-8.3535 9.0864 -2.3199 0.9510
-8.9802 8.4607 -2.3191 0.9510
-9.2764 8.1316 -2.3187 0.9510
-9.5607 7.7923 -2.3183 0.9510
-9.8327 7.4432 -2.3180 0.9510
-10.0921 7.0847 -2.3177 0.9511
-10.3937 6.7530 -2.3297 0.9508
-11.0682 6.6390 -2.4259 0.9488
-11.7121 5.9275 -2.4673 0.9480
-11.9165 5.5031 -2.4671 0.9480
-12.1057 5.0718 -2.4670 0.9480
-12.2795 4.6340 -2.4669 0.9480
-12.4376 4.1904 -2.4669 0.9480
-12.7061 3.2877 -2.4669 0.9480
-12.9100 2.3681 -2.4671 0.9480
-13.0481 1.4364 -2.4673 0.9480
-13.0923 0.9674 -2.4675 0.9480
-13.1306 0.0260 -2.4680 0.9480
-13.1020 -0.9160 -2.4687 0.9479
-13.0627 -1.3857 -2.4690 0.9479
-12.9340 -2.3197 -2.4699 0.9479
-12.8449 -2.7828 -2.4703 0.9479
-12.3254 -4.5958 -2.4725 0.9479
-12.1556 -5.0363 -2.4731 0.9479
-11.0771 -7.1349 -2.4766 0.9478
-10.8173 -7.5301 -2.4774 0.9478
-10.5435 -7.9159 -2.4781 0.9478
-9.9553 -8.6574 -2.4798 0.9477
-8.2651 -10.3135 -2.4842 0.9476
-7.5098 -10.8879 -2.4861 0.9476
-5.2619 -11.6460 -2.4021 0.9493
-4.3008 -11.6879 -2.3409 0.9506
-3.4543 -11.9759 -2.3428 0.9505
-3.0236 -12.0970 -2.3437 0.9505
-2.1500 -12.2925 -2.3456 0.9505
-1.7083 -12.3667 -2.3465 0.9505
-1.2639 -12.4250 -2.3475 0.9504
-0.8177 -12.4673 -2.3484 0.9504
0.9758 -12.4752 -2.3520 0.9503
1.4233 -12.4369 -2.3529 0.9503
1.6913 -11.2030 -2.1296 0.9549
2.7545 -12.2252 -2.3555 0.9503
3.0654 -11.6402 -2.2625 0.9522
3.9363 -11.5191 -2.2881 0.9517
4.3803 -11.4574 -2.3056 0.9513
5.2919 -11.3306 -2.3505 0.9504
6.8941 -10.5114 -2.3628 0.9501
7.2687 -10.2599 -2.3634 0.9501
7.0038 -9.1698 -2.1688 0.9541
6.9391 -8.4393 -2.0536 0.9565
7.7862 -7.6257 -2.0485 0.9566
8.3105 -7.5744 -2.1135 0.9553
10.6918 -7.2449 -2.4276 0.9488
11.3704 -7.1232 -2.5219 0.9469
11.6198 -6.7113 -2.5222 0.9468
12.0731 -5.8617 -2.5226 0.9468
12.2764 -5.4250 -2.5227 0.9468
12.6347 -4.5310 -2.5229 0.9468
12.7893 -4.0748 -2.5229 0.9468
12.9272 -3.6133 -2.5229 0.9468
13.0483 -3.1471 -2.5229 0.9468
13.2394 -2.2031 -2.5227 0.9468
13.3091 -1.7265 -2.5226 0.9468
13.3615 -1.2478 -2.5224 0.9468
13.4141 0.1952 -2.5216 0.9469
13.3967 0.6763 -2.5213 0.9469
13.3619 1.1563 -2.5209 0.9469
13.3097 1.6347 -2.5205 0.9469
13.2402 2.1109 -2.5201 0.9469
13.0497 3.0538 -2.5191 0.9469
12.6376 4.4354 -2.5174 0.9469
12.4672 4.8848 -2.5168 0.9470
12.2808 5.3276 -2.5162 0.9470
12.0785 5.7633 -2.5155 0.9470
10.8397 7.8148 -2.5117 0.9471
10.5489 8.1960 -2.5109 0.9471
10.2446 8.5663 -2.5101 0.9471
9.1141 9.4611 -2.4692 0.9479
8.4153 9.3877 -2.3697 0.9500
6.9277 10.4079 -2.3500 0.9504
6.5473 10.6456 -2.3491 0.9504
-2.3071 10.7841 -2.3311 0.9559
-2.6917 10.6911 -2.3304 0.9559
-4.1886 10.1842 -2.3277 0.9560
-4.5500 10.0246 -2.3271 0.9560
-5.1977 8.7953 -2.1595 0.9591
-5.5590 8.6798 -2.1788 0.9587
-5.9644 8.6156 -2.2150 0.9581
-6.8199 8.4803 -2.3003 0.9565
-7.1893 8.3105 -2.3228 0.9561
-7.4814 8.0457 -2.3223 0.9561
-8.6794 6.9925 -2.3560 0.9555
-10.6367 4.8391 -2.4701 0.9533
-11.0942 3.6678 -2.4699 0.9534
-11.2186 3.2674 -2.4699 0.9534
-11.4244 2.4545 -2.4700 0.9533
-11.5056 2.0431 -2.4701 0.9533
-11.5720 1.6291 -2.4702 0.9533
-11.6237 1.2129 -2.4704 0.9533
-11.6827 0.3763 -2.4708 0.9533
-11.6898 -0.0432 -2.4710 0.9533
-11.6593 -0.8816 -2.4716 0.9533
-11.6217 -1.2995 -2.4719 0.9533
-11.5693 -1.7159 -2.4723 0.9533
-11.5021 -2.1303 -2.4727 0.9533
-11.4202 -2.5420 -2.4731 0.9533
-11.2126 -3.3557 -2.4740 0.9533
-11.0873 -3.7566 -2.4745 0.9533
-10.9477 -4.1529 -2.4750 0.9533
-10.6265 -4.9295 -2.4761 0.9532
-10.4453 -5.3089 -2.4767 0.9532
-9.8220 -6.4056 -2.4787 0.9532
-9.5885 -6.7557 -2.4794 0.9532
-9.3426 -7.0974 -2.4801 0.9532
-9.0846 -7.4303 -2.4808 0.9532
-7.6245 -8.9463 -2.4847 0.9531
-6.6257 -9.7236 -2.4872 0.9530
-6.2747 -9.9584 -2.4880 0.9530
-5.9154 -10.1807 -2.4889 0.9530
-5.5482 -10.3900 -2.4898 0.9530
-4.7922 -10.7688 -2.4915 0.9530
-2.7497 -11.2724 -2.4526 0.9537
-2.3126 -11.2141 -2.4203 0.9543
-1.4696 -11.1029 -2.3674 0.9552
-0.6640 -11.0874 -2.3479 0.9556
-0.2659 -11.1080 -2.3487 0.9556
0.1329 -11.1142 -2.3495 0.9556
1.3277 -11.0467 -2.3519 0.9555
1.7238 -10.9955 -2.3526 0.9555
2.1179 -10.9301 -2.3534 0.9555
2.5095 -10.8505 -2.3541 0.9555
2.8981 -10.7568 -2.3549 0.9555
3.2832 -10.6491 -2.3556 0.9555
3.6642 -10.5276 -2.3563 0.9554
4.0408 -10.3923 -2.3569 0.9554
4.4203 -10.2620 -2.3619 0.9553
5.2562 -10.1333 -2.4130 0.9544
6.1354 -10.0010 -2.4801 0.9532
6.5614 -9.8815 -2.5073 0.9527
7.2747 -9.4134 -2.5147 0.9525
6.9133 -8.3115 -2.2852 0.9568
7.0278 -7.8576 -2.2283 0.9578
8.8472 -7.9722 -2.5174 0.9525
9.6566 -6.9782 -2.5184 0.9525
10.1343 -6.2691 -2.5189 0.9524
10.3536 -5.9019 -2.5191 0.9524
10.7516 -5.1449 -2.5195 0.9524
11.6037 -2.7291 -2.5197 0.9524
11.7687 -1.8898 -2.5195 0.9524
11.8283 -1.4662 -2.5194 0.9524
11.8725 -1.0408 -2.5192 0.9524
11.9012 -0.6141 -2.5190 0.9524
11.9145 -0.1867 -2.5188 0.9525
11.8945 0.6681 -2.5182 0.9525
11.8614 1.0943 -2.5179 0.9525
11.0499 4.4019 -2.5142 0.9525
10.7007 5.1805 -2.5131 0.9526
10.2964 5.9316 -2.5118 0.9526
9.8392 6.6511 -2.5104 0.9526
9.3315 7.3354 -2.5090 0.9526
8.7761 7.9808 -2.5074 0.9527
8.4814 8.2880 -2.5067 0.9527
7.8586 8.8674 -2.5045 0.9527
7.5177 9.1222 -2.4987 0.9528
7.0371 9.1921 -2.4470 0.9538
4.7073 10.0495 -2.3458 0.9556
4.3421 10.2083 -2.3449 0.9557
3.9716 10.3538 -2.3441 0.9557
3.5963 10.4859 -2.3432 0.9557
3.2166 10.6044 -2.3424 0.9557
2.8330 10.7091 -2.3416 0.9557
2.0563 10.8769 -2.3399 0.9558
1.6641 10.9398 -2.3391 0.9558
1.2701 10.9886 -2.3382 0.9558
0.8747 11.0232 -2.3374 0.9558
-0.7103 11.0198 -2.3342 0.9559
-1.1049 10.9836 -2.3334 0.9559
-1.4978 10.9333 -2.3327 0.9559
-2.2766 10.7909 -2.3312 0.9559
-3.4198 10.4743 -2.3291 0.9560
-4.1598 10.1962 -2.3277 0.9560
-4.5217 10.0377 -2.3271 0.9560
-4.8777 9.8664 -2.3265 0.9560
-5.1205 9.4849 -2.2784 0.9569
-5.5275 8.6848 -2.1761 0.9588
-5.9319 8.6208 -2.2120 0.9581
-6.3503 8.5546 -2.2520 0.9574
-7.4587 8.0670 -2.3224 0.9561
-7.7420 7.7929 -2.3220 0.9561
-8.6378 6.9995 -2.3501 0.9556
-9.5688 6.6769 -2.4664 0.9534
-10.2477 5.6192 -2.4704 0.9533
-10.4420 5.2476 -2.4703 0.9533
-10.7904 4.4848 -2.4700 0.9533
-10.9441 4.0946 -2.4700 0.9534
-11.0838 3.6993 -2.4699 0.9534
-11.2093 3.2992 -2.4699 0.9534
-11.4997 2.0757 -2.4701 0.9533
-11.6583 0.8282 -2.4705 0.9533
-11.6815 0.4094 -2.4707 0.9533
-11.6898 -0.0100 -2.4710 0.9533
-11.6832 -0.4295 -2.4713 0.9533
-11.5740 -1.6831 -2.4722 0.9533
-11.5079 -2.0976 -2.4726 0.9533
-11.4272 -2.5096 -2.4730 0.9533
-11.3318 -2.9185 -2.4735 0.9533
-11.2219 -3.3239 -2.4740 0.9533
-10.9592 -4.1218 -2.4750 0.9533
-10.6402 -4.8993 -2.4761 0.9532
-10.4601 -5.2792 -2.4767 0.9532
-10.2665 -5.6525 -2.4773 0.9532
-7.3269 -9.1962 -2.4854 0.9531
-6.3027 -9.9403 -2.4880 0.9530
-5.5775 -10.3740 -2.4897 0.9530
-4.0397 -11.0753 -2.4920 0.9529
-3.2296 -11.3171 -2.4877 0.9530
-2.7847 -11.2771 -2.4554 0.9536
-2.3467 -11.2186 -2.4227 0.9542
-1.9197 -11.1622 -2.3941 0.9548
-1.5022 -11.1073 -2.3692 0.9552
0.1014 -11.1142 -2.3494 0.9556
1.2964 -11.0501 -2.3518 0.9555
2.4787 -10.8573 -2.3541 0.9555
2.8675 -10.7647 -2.3548 0.9555
3.6343 -10.5377 -2.3562 0.9555
4.0112 -10.4035 -2.3569 0.9554
4.3883 -10.2679 -2.3603 0.9554
4.8002 -10.2023 -2.3833 0.9549
5.6546 -10.0725 -2.4417 0.9539
7.8355 -7.6306 -2.3119 0.9563
8.8245 -7.9972 -2.5173 0.9525
9.1071 -7.6765 -2.5177 0.9525
9.6367 -7.0055 -2.5184 0.9525
10.1164 -6.2977 -2.5189 0.9524
10.3367 -5.9312 -2.5191 0.9524
10.5437 -5.5569 -2.5193 0.9524
10.9163 -4.7870 -2.5196 0.9524
11.0814 -4.3924 -2.5197 0.9524
11.3683 -3.5865 -2.5198 0.9524
11.7634 -1.9232 -2.5196 0.9524
11.8696 -1.0745 -2.5192 0.9524
11.9130 0.2071 -2.5186 0.9525
11.8965 0.6344 -2.5183 0.9525
11.8645 1.0607 -2.5179 0.9525
11.7545 1.9082 -2.5172 0.9525
11.5834 2.7453 -2.5163 0.9525
11.0625 4.3706 -2.5143 0.9525
10.3134 5.9025 -2.5118 0.9526
9.3525 7.3090 -2.5090 0.9526
9.0815 7.6376 -2.5083 0.9526
8.2005 8.5612 -2.5059 0.9527
5.7930 9.4794 -2.3483 0.9556
5.4473 9.6777 -2.3475 0.9556
5.0948 9.8635 -2.3467 0.9556
4.7359 10.0364 -2.3458 0.9556
4.0011 10.3428 -2.3441 0.9557
3.6261 10.4759 -2.3433 0.9557
2.4767 10.7933 -2.3408 0.9557
2.0872 10.8714 -2.3400 0.9558
1.3012 10.9853 -2.3383 0.9558
0.1132 11.0499 -2.3359 0.9558
-0.6791 11.0221 -2.3343 0.9559
-1.8577 10.8746 -2.3320 0.9559
-3.3902 10.4841 -2.3291 0.9560
-4.1309 10.2082 -2.3278 0.9560
-5.1351 9.5767 -2.2970 0.9565
-6.7498 8.4914 -2.2929 0.9566
-7.1422 8.3514 -2.3228 0.9561
-7.4359 8.0883 -2.3224 0.9561
-7.7200 7.8149 -2.3220 0.9561
-7.9941 7.5316 -2.3216 0.9561
-8.2579 7.2388 -2.3213 0.9561
-8.5965 7.0065 -2.3442 0.9557
-9.1353 6.9152 -2.4219 0.9542
-9.5484 6.7030 -2.4660 0.9534
-9.8014 6.3682 -2.4707 0.9533
-10.6092 4.8994 -2.4702 0.9533
-11.0732 3.7307 -2.4699 0.9534
-11.1999 3.3310 -2.4699 0.9534
-11.5625 1.6947 -2.4702 0.9533
-11.6558 0.8612 -2.4705 0.9533
-11.6896 0.0231 -2.4710 0.9533
-11.6842 -0.3964 -2.4712 0.9533
-11.6639 -0.8154 -2.4715 0.9533
-11.6286 -1.2336 -2.4719 0.9533
-11.5786 -1.6503 -2.4722 0.9533
-11.4341 -2.4772 -2.4730 0.9533
-10.9706 -4.0906 -2.4749 0.9533
-10.8192 -4.4826 -2.4755 0.9532
-10.4748 -5.2494 -2.4766 0.9532
-10.2823 -5.6233 -2.4773 0.9532
-10.0765 -5.9901 -2.4779 0.9532
-9.8577 -6.3495 -2.4786 0.9532
-9.6262 -6.7010 -2.4793 0.9532
-9.3823 -7.0440 -2.4800 0.9532
-8.8582 -7.7033 -2.4814 0.9531
-7.9866 -8.6186 -2.4837 0.9531
-7.3527 -9.1751 -2.4854 0.9531
-6.3307 -9.9222 -2.4879 0.9530
-5.9727 -10.1464 -2.4887 0.9530
-5.6067 -10.3578 -2.4896 0.9530
-5.2333 -10.5560 -2.4905 0.9530
-4.8529 -10.7408 -2.4914 0.9530
-4.4660 -10.9119 -2.4923 0.9529
-4.0714 -11.0646 -2.4922 0.9529
-3.2618 -11.3086 -2.4879 0.9530
-2.8198 -11.2818 -2.4581 0.9536
-2.3809 -11.2232 -2.4252 0.9542
-1.5349 -11.1116 -2.3711 0.9552
1.2650 -11.0535 -2.3517 0.9555
1.6614 -11.0046 -2.3525 0.9555
2.0558 -10.9414 -2.3533 0.9555
2.4478 -10.8640 -2.3540 0.9555
2.8369 -10.7726 -2.3547 0.9555
3.2226 -10.6671 -2.3555 0.9555
3.6043 -10.5477 -2.3562 0.9555
3.9816 -10.4146 -2.3568 0.9554
4.3565 -10.2738 -2.3589 0.9554
4.7673 -10.2073 -2.3813 0.9550
5.1887 -10.1436 -2.4084 0.9545
6.0639 -10.0114 -2.4741 0.9533
6.5038 -9.9163 -2.5067 0.9527
6.8652 -9.6905 -2.5103 0.9526
7.2194 -9.4522 -2.5141 0.9525
6.8885 -8.3777 -2.2926 0.9566
6.9944 -7.9100 -2.2319 0.9577
7.3228 -7.7056 -2.2470 0.9575
7.8007 -7.6398 -2.3080 0.9563
8.8016 -8.0221 -2.5173 0.9525
9.0852 -7.7022 -2.5177 0.9525
9.3570 -7.3723 -2.5180 0.9525
10.0984 -6.3263 -2.5189 0.9524
10.3198 -5.9605 -2.5191 0.9524
10.5278 -5.5868 -2.5193 0.9524
10.7222 -5.2058 -2.5195 0.9524
11.4805 -3.2089 -2.5198 0.9524
11.5881 -2.7949 -2.5197 0.9524
11.6806 -2.3772 -2.5197 0.9524
11.7579 -1.9565 -2.5196 0.9524
11.8199 -1.5333 -2.5194 0.9524
11.8665 -1.1082 -2.5193 0.9524
11.8977 -0.6816 -2.5191 0.9524
11.9134 -0.2543 -2.5188 0.9524
11.9136 0.1733 -2.5186 0.9525
11.8215 1.4520 -2.5176 0.9525
11.7600 1.8749 -2.5172 0.9525
11.5913 2.7125 -2.5164 0.9525
11.4844 3.1261 -2.5159 0.9525
11.3626 3.5354 -2.5154 0.9525
11.2261 3.9400 -2.5149 0.9525
10.9097 4.7328 -2.5137 0.9525
10.5371 5.5003 -2.5125 0.9526
10.1102 6.2386 -2.5112 0.9526
9.6314 6.9437 -2.5098 0.9526
9.1033 7.6120 -2.5083 0.9526
8.8216 7.9313 -2.5076 0.9527
8.5287 8.2402 -2.5068 0.9527
8.2250 8.5381 -2.5060 0.9527
7.1274 9.2015 -2.4603 0.9535
6.5713 9.1433 -2.3801 0.9550
6.1598 9.2542 -2.3499 0.9556
-2.0760 9.7039 -2.3323 0.9600
-2.7650 9.5248 -2.3310 0.9601
-3.1042 9.4170 -2.3304 0.9601
-3.7696 9.1654 -2.3292 0.9601
-4.0950 9.0221 -2.3286 0.9601
-5.0373 8.5240 -2.3270 0.9601
-5.6333 8.1374 -2.3260 0.9601
-6.2000 7.7095 -2.3251 0.9602
-8.4280 6.3050 -2.4737 0.9577
-8.6479 5.9979 -2.4734 0.9577
-8.8567 5.6832 -2.4732 0.9577
-9.0541 5.3613 -2.4730 0.9577
-9.2400 5.0327 -2.4728 0.9577
-9.7259 4.0101 -2.4725 0.9577
-9.8633 3.6584 -2.4724 0.9577
-9.9881 3.3021 -2.4724 0.9577
-10.1992 2.5774 -2.4724 0.9577
-10.3584 1.8394 -2.4725 0.9577
-10.4181 1.4666 -2.4726 0.9577
-10.4977 0.7158 -2.4729 0.9577
-10.5175 0.3387 -2.4731 0.9577
-10.5167 -0.4165 -2.4736 0.9577
-10.4961 -0.7936 -2.4739 0.9577
-10.4622 -1.1699 -2.4742 0.9577
-10.0930 -3.0206 -2.4761 0.9576
-9.9800 -3.3815 -2.4765 0.9576
-9.7156 -4.0900 -2.4775 0.9576
-9.5646 -4.4369 -2.4780 0.9576
-9.4013 -4.7783 -2.4785 0.9576
-8.6292 -6.0799 -2.4809 0.9576
-8.4076 -6.3872 -2.4815 0.9575
-7.9322 -6.9774 -2.4828 0.9575
-7.6788 -7.2595 -2.4835 0.9575
-6.5689 -8.2930 -2.4864 0.9575
-6.2690 -8.5259 -2.4872 0.9574
-4.6539 -9.5227 -2.4910 0.9574
-2.5166 -10.3170 -2.4958 0.9573
-2.1455 -10.4040 -2.4966 0.9573
-1.3948 -10.5379 -2.4982 0.9573
-0.2543 -10.6238 -2.4976 0.9573
0.8888 -10.5897 -2.4976 0.9573
1.6467 -10.5034 -2.4987 0.9573
2.3975 -10.3665 -2.5007 0.9572
3.1383 -10.1792 -2.5035 0.9572
3.5039 -10.0669 -2.5052 0.9571
3.8658 -9.9422 -2.5071 0.9571
4.2235 -9.8052 -2.5091 0.9571
4.5737 -9.6497 -2.5098 0.9571
6.5383 -8.4606 -2.5130 0.9570
6.8390 -8.2220 -2.5135 0.9570
7.6866 -7.4432 -2.5147 0.9570
7.9499 -7.1636 -2.5151 0.9570
8.4453 -6.5768 -2.5157 0.9570
8.8971 -5.9554 -2.5162 0.9570
9.1058 -5.6329 -2.5165 0.9570
9.3028 -5.3029 -2.5167 0.9570
9.4877 -4.9661 -2.5168 0.9570
10.1021 -3.5582 -2.5172 0.9569
10.2233 -3.1935 -2.5172 0.9569
10.5742 -1.6980 -2.5170 0.9569
10.6934 -0.5518 -2.5166 0.9570
10.7036 0.2165 -2.5161 0.9570
10.6581 0.9833 -2.5155 0.9570
10.6146 1.3649 -2.5152 0.9570
10.5573 1.7446 -2.5149 0.9570
10.4864 2.1220 -2.5145 0.9570
10.0679 3.5978 -2.5127 0.9570
9.4417 4.9969 -2.5106 0.9571
9.2542 5.3312 -2.5100 0.9571
9.0548 5.6584 -2.5094 0.9571
8.8437 5.9782 -2.5088 0.9571
8.6213 6.2900 -2.5082 0.9571
8.3879 6.5936 -2.5075 0.9571
8.1437 6.8885 -2.5068 0.9571
7.8891 7.1742 -2.5061 0.9571
7.0665 7.9736 -2.5040 0.9572
6.7738 8.2196 -2.5033 0.9572
6.4726 8.4548 -2.5025 0.9572
4.9938 8.9313 -2.4049 0.9588
2.8930 9.5376 -2.3424 0.9599
0.0736 9.9411 -2.3365 0.9600
-0.2830 9.9343 -2.3357 0.9600
-0.6391 9.9147 -2.3350 0.9600
-0.9941 9.8825 -2.3343 0.9600
-1.3477 9.8376 -2.3336 0.9600
-2.3949 9.6276 -2.3317 0.9601
-3.0775 9.4260 -2.3304 0.9601
-3.4129 9.3070 -2.3298 0.9601
-3.7437 9.1763 -2.3292 0.9601
-4.7047 8.7147 -2.3275 0.9601
-5.0132 8.5383 -2.3270 0.9601
-5.3152 8.3512 -2.3265 0.9601
-5.6103 8.1535 -2.3261 0.9601
-6.4503 7.4992 -2.3248 0.9602
-6.7305 7.2795 -2.3301 0.9601
-7.6092 7.1284 -2.4505 0.9581
-7.9217 6.9044 -2.4697 0.9577
-8.6309 6.0225 -2.4735 0.9577
-9.2258 5.0589 -2.4729 0.9577
-9.7145 4.0377 -2.4725 0.9577
-10.0917 2.9702 -2.4724 0.9577
-10.2790 2.2390 -2.4725 0.9577
-10.3531 1.8688 -2.4725 0.9577
-10.4956 0.7456 -2.4729 0.9577
-10.5164 0.3685 -2.4731 0.9577
-10.5238 -0.0090 -2.4733 0.9577
-10.5177 -0.3866 -2.4736 0.9577
-10.4982 -0.7639 -2.4739 0.9577
-10.4190 -1.5152 -2.4745 0.9577
-10.2005 -2.6272 -2.4756 0.9576
-10.1014 -2.9920 -2.4760 0.9576
-9.8645 -3.7101 -2.4769 0.9576
-9.7270 -4.0624 -2.4774 0.9576
-9.5770 -4.4097 -2.4779 0.9576
-9.4146 -4.7515 -2.4785 0.9576
-8.4256 -6.3632 -2.4815 0.9575
-7.9518 -6.9547 -2.4828 0.9575
-6.2930 -8.5079 -2.4871 0.9574
-5.6702 -8.9427 -2.4886 0.9574
-5.0174 -9.3322 -2.4902 0.9574
-3.9894 -9.8267 -2.4926 0.9574
-3.6354 -9.9667 -2.4934 0.9573
-3.2765 -10.0940 -2.4942 0.9573
-1.8011 -10.4723 -2.4974 0.9573
-0.6655 -10.6079 -2.4980 0.9573
-0.2844 -10.6231 -2.4976 0.9573
0.0969 -10.6256 -2.4974 0.9573
0.4781 -10.6152 -2.4974 0.9573
1.6168 -10.5078 -2.4986 0.9573
2.3680 -10.3729 -2.5006 0.9572
3.4751 -10.0762 -2.5050 0.9571
3.8373 -9.9525 -2.5069 0.9571
4.5462 -9.6625 -2.5097 0.9571
4.8912 -9.4954 -2.5103 0.9571
5.8871 -8.9207 -2.5120 0.9570
6.2046 -8.7055 -2.5125 0.9570
6.8155 -8.2413 -2.5134 0.9570
7.6654 -7.4649 -2.5147 0.9570
8.1833 -6.8979 -2.5154 0.9570
8.4265 -6.6006 -2.5157 0.9570
9.0898 -5.6586 -2.5164 0.9570
9.4736 -4.9929 -2.5168 0.9570
9.6471 -4.6501 -2.5169 0.9569
9.8082 -4.3011 -2.5171 0.9569
9.9566 -3.9466 -2.5171 0.9569
10.3233 -2.8539 -2.5172 0.9569
10.4189 -2.4816 -2.5172 0.9569
10.5009 -2.1061 -2.5171 0.9569
10.5694 -1.7280 -2.5170 0.9569
10.6240 -1.3475 -2.5169 0.9570
10.7042 0.1861 -2.5161 0.9570
10.6895 0.5700 -2.5159 0.9570
10.6610 0.9531 -2.5156 0.9570
10.3120 2.8384 -2.5137 0.9570
10.2017 3.2060 -2.5133 0.9570
10.0783 3.5693 -2.5128 0.9570
9.6304 4.6287 -2.5112 0.9570
9.2694 5.3050 -2.5101 0.9571
8.4067 6.5699 -2.5076 0.9571
7.9096 7.1520 -2.5062 0.9571
7.6458 7.4291 -2.5055 0.9571
7.3722 7.6965 -2.5048 0.9572
7.0892 7.9537 -2.5041 0.9572
6.4967 8.4366 -2.5026 0.9572
5.8602 8.8584 -2.4963 0.9573
4.5920 8.8901 -2.3516 0.9597
3.9310 9.1695 -2.3447 0.9598
3.5983 9.3016 -2.3440 0.9598
2.9201 9.5296 -2.3425 0.9599
1.8774 9.7787 -2.3402 0.9599
0.8150 9.9144 -2.3380 0.9599
0.4586 9.9341 -2.3372 0.9600
-1.3198 9.8416 -2.3337 0.9600
-1.6716 9.7850 -2.3330 0.9600
-2.0210 9.7160 -2.3324 0.9600
-2.3677 9.6345 -2.3317 0.9601
-3.0509 9.4348 -2.3304 0.9601
-3.7177 9.1870 -2.3293 0.9601
-4.0440 9.0455 -2.3287 0.9601
-5.2916 8.3664 -2.3266 0.9601
-5.8756 7.9622 -2.3256 0.9602
-6.4291 7.5176 -2.3248 0.9602
-7.1234 7.2110 -2.3822 0.9592
-7.9011 6.9261 -2.4694 0.9577
-8.3922 6.3528 -2.4737 0.9577
-9.5513 4.4109 -2.4726 0.9577
-9.8424 3.7143 -2.4724 0.9577
-9.9692 3.3587 -2.4724 0.9577
-10.2726 2.2681 -2.4724 0.9577
-10.3477 1.8981 -2.4725 0.9577
-10.4096 1.5257 -2.4726 0.9577
-10.4582 1.1512 -2.4728 0.9577
-10.5153 0.3984 -2.4731 0.9577
-10.5003 -0.7341 -2.4738 0.9577
-10.4232 -1.4856 -2.4744 0.9577
-10.3646 -1.8589 -2.4748 0.9577
-10.2928 -2.2299 -2.4752 0.9576
-10.2078 -2.5982 -2.4756 0.9576
-10.1097 -2.9633 -2.4760 0.9576
-9.9987 -3.3247 -2.4764 0.9576
-9.7383 -4.0348 -2.4774 0.9576
-9.5893 -4.3825 -2.4779 0.9576
-9.2544 -5.0611 -2.4790 0.9576
-8.8718 -5.7144 -2.4802 0.9576
-8.2127 -6.6398 -2.4821 0.9575
-7.9713 -6.9320 -2.4827 0.9575
-7.7195 -7.2156 -2.4834 0.9575
-7.4578 -7.4900 -2.4841 0.9575
-6.6155 -8.2552 -2.4863 0.9575
-6.0101 -8.7136 -2.4878 0.9574
-5.6954 -8.9264 -2.4886 0.9574
-5.3731 -9.1279 -2.4893 0.9574
-5.0437 -9.3177 -2.4901 0.9574
-4.3653 -9.6615 -2.4917 0.9574
-4.0171 -9.8151 -2.4925 0.9574
-3.3050 -10.0844 -2.4941 0.9573
-2.5750 -10.3021 -2.4957 0.9573
-1.8307 -10.4669 -2.4973 0.9573
-1.4545 -10.5293 -2.4981 0.9573
-1.0760 -10.5771 -2.4987 0.9573
-0.6956 -10.6061 -2.4980 0.9573
0.0668 -10.6259 -2.4974 0.9573
1.5870 -10.5121 -2.4986 0.9573
2.3386 -10.3791 -2.5005 0.9572
2.7108 -10.2937 -2.5017 0.9572
3.4464 -10.0854 -2.5049 0.9572
4.1673 -9.8277 -2.5088 0.9571
4.8641 -9.5090 -2.5103 0.9571
5.2034 -9.3305 -2.5108 0.9571
5.8617 -8.9372 -2.5119 0.9570
6.1798 -8.7229 -2.5124 0.9570
7.3694 -7.7547 -2.5142 0.9570
7.9090 -7.2085 -2.5150 0.9570
8.1636 -6.9210 -2.5153 0.9570
8.6410 -6.3192 -2.5159 0.9570
8.8630 -6.0057 -2.5162 0.9570
9.0736 -5.6843 -2.5164 0.9570
9.2725 -5.3555 -2.5166 0.9570
9.4593 -5.0197 -2.5168 0.9570
9.6339 -4.6774 -2.5169 0.9569
9.7960 -4.3289 -2.5171 0.9569
10.0817 -3.6154 -2.5172 0.9569
10.3152 -2.8832 -2.5172 0.9569
10.4118 -2.5112 -2.5172 0.9569
10.4950 -2.1359 -2.5171 0.9569
10.5644 -1.7579 -2.5170 0.9569
10.6202 -1.3777 -2.5169 0.9570
10.6903 -0.6124 -2.5166 0.9570
10.7045 -0.2285 -2.5164 0.9570
10.7048 0.1558 -2.5161 0.9570
10.6637 0.9228 -2.5156 0.9570
10.6224 1.3047 -2.5153 0.9570
10.5673 1.6848 -2.5149 0.9570
10.3202 2.8092 -2.5137 0.9570
10.2109 3.1771 -2.5133 0.9570
10.0885 3.5407 -2.5128 0.9570
9.9530 3.8997 -2.5123 0.9570
9.2846 5.2788 -2.5101 0.9571
9.0871 5.6072 -2.5095 0.9571
8.4255 6.5462 -2.5076 0.9571
7.9300 7.1297 -2.5063 0.9571
7.1119 7.9337 -2.5041 0.9572
6.8207 8.1814 -2.5034 0.9572
6.5208 8.4183 -2.5026 0.9572
5.8862 8.8431 -2.4966 0.9573
5.5275 8.9875 -2.4798 0.9576
-1.8852 8.8119 -2.3332 0.9635
-2.5110 8.6497 -2.3320 0.9635
-2.8190 8.5520 -2.3315 0.9635
-3.1233 8.4433 -2.3309 0.9635
-3.4235 8.3239 -2.3304 0.9635
-3.7191 8.1939 -2.3299 0.9635
-4.0099 8.0535 -2.3294 0.9635
-4.2953 7.9028 -2.3289 0.9635
-4.5812 7.7522 -2.3315 0.9635
-5.5535 7.4371 -2.4032 0.9624
-6.5076 6.9984 -2.4743 0.9613
-6.7612 6.7671 -2.4768 0.9612
-6.9987 6.5193 -2.4765 0.9613
-7.2272 6.2632 -2.4762 0.9613
-7.4464 5.9992 -2.4759 0.9613
-7.8559 5.4486 -2.4754 0.9613
-8.5522 4.2676 -2.4747 0.9613
-8.9604 3.3235 -2.4745 0.9613
-9.4101 1.6710 -2.4746 0.9613
-9.4644 1.3324 -2.4747 0.9613
-9.5366 0.6503 -2.4749 0.9613
-9.5545 0.3077 -2.4751 0.9613
-9.5601 -0.0353 -2.4753 0.9613
-9.4607 -1.4032 -2.4763 0.9613
-9.4055 -1.7420 -2.4767 0.9612
-9.0650 -3.0714 -2.4782 0.9612
-8.8246 -3.7149 -2.4790 0.9612
-8.3792 -4.6444 -2.4805 0.9612
-8.2089 -4.9431 -2.4810 0.9612
-8.0281 -5.2356 -2.4816 0.9612
-7.8368 -5.5216 -2.4821 0.9612
-7.6354 -5.8005 -2.4827 0.9612
-7.4242 -6.0722 -2.4833 0.9611
-7.2033 -6.3362 -2.4839 0.9611
-6.4857 -7.0790 -2.4858 0.9611
-6.2292 -7.3091 -2.4865 0.9611
-5.9645 -7.5299 -2.4872 0.9611
-5.6920 -7.7412 -2.4878 0.9611
-5.4121 -7.9426 -2.4885 0.9611
-4.8313 -8.3150 -2.4899 0.9610
-4.5312 -8.4854 -2.4906 0.9610
-3.9132 -8.7936 -2.4921 0.9610
-2.6180 -9.2738 -2.4950 0.9610
-1.9474 -9.4432 -2.4965 0.9609
-1.6078 -9.5097 -2.4972 0.9609
-1.2659 -9.5641 -2.4979 0.9609
0.1155 -9.6578 -2.5008 0.9609
0.8082 -9.6300 -2.5021 0.9609
1.1535 -9.5974 -2.5028 0.9608
2.1799 -9.4253 -2.5048 0.9608
2.5173 -9.3433 -2.5054 0.9608
3.1824 -9.1432 -2.5066 0.9608
3.5092 -9.0252 -2.5072 0.9608
3.8317 -8.8956 -2.5078 0.9608
4.1493 -8.7543 -2.5084 0.9608
4.4617 -8.6016 -2.5089 0.9608
4.7684 -8.4377 -2.5094 0.9607
5.6507 -7.8810 -2.5109 0.9607
5.9309 -7.6745 -2.5113 0.9607
7.4401 -6.2354 -2.5135 0.9607
7.8698 -5.6870 -2.5140 0.9607
8.2588 -5.1089 -2.5144 0.9607
9.0403 -3.5537 -2.5150 0.9607
9.1621 -3.2271 -2.5151 0.9607
9.3700 -2.5618 -2.5151 0.9607
9.6751 -0.8482 -2.5147 0.9607
9.7097 -0.1521 -2.5143 0.9607
9.7080 0.1963 -2.5141 0.9607
9.6938 0.5445 -2.5139 0.9607
9.6670 0.8918 -2.5136 0.9607
9.6277 1.2380 -2.5133 0.9607
9.5116 1.9247 -2.5126 0.9607
9.3463 2.6011 -2.5119 0.9607
9.2455 2.9343 -2.5115 0.9607
9.0081 3.5885 -2.5106 0.9607
8.8718 3.9087 -2.5101 0.9607
8.7242 4.2237 -2.5096 0.9607
8.5653 4.5330 -2.5091 0.9607
8.3953 4.8364 -2.5086 0.9608
8.0233 5.4236 -2.5075 0.9608
7.6101 5.9822 -2.5063 0.9608
7.3888 6.2499 -2.5057 0.9608
7.1580 6.5094 -2.5051 0.9608
6.9181 6.7603 -2.5044 0.9608
6.6693 7.0023 -2.5038 0.9608
6.4121 7.2352 -2.5031 0.9608
6.1467 7.4586 -2.5025 0.9609
5.5929 7.8759 -2.5011 0.9609
5.3053 8.0692 -2.5004 0.9609
5.0109 8.2520 -2.4997 0.9609
3.3418 8.7119 -2.4159 0.9622
2.9734 8.6698 -2.3731 0.9628
1.9972 8.8182 -2.3410 0.9633
1.3589 8.9336 -2.3397 0.9634
1.0372 8.9740 -2.3390 0.9634
0.0668 9.0258 -2.3370 0.9634
-0.2570 9.0199 -2.3364 0.9634
-0.5803 9.0024 -2.3357 0.9634
-0.9027 8.9733 -2.3351 0.9634
-1.2237 8.9328 -2.3345 0.9634
-2.4865 8.6570 -2.3321 0.9635
-3.0995 8.4523 -2.3310 0.9635
-3.6959 8.2046 -2.3299 0.9635
-4.2730 7.9150 -2.3289 0.9635
-4.8277 7.5852 -2.3280 0.9635
-6.2245 7.2367 -2.4715 0.9613
-7.2095 6.2837 -2.4762 0.9613
-7.4294 6.0203 -2.4759 0.9613
-7.6399 5.7493 -2.4756 0.9613
-8.0311 5.1856 -2.4752 0.9613
-8.3811 4.5957 -2.4748 0.9613
-8.6882 3.9824 -2.4746 0.9613
-8.8252 3.6680 -2.4745 0.9613
-8.9509 3.3489 -2.4745 0.9613
-9.3381 2.0340 -2.4745 0.9613
-9.4605 1.3592 -2.4746 0.9613
-9.5367 -0.6939 -2.4758 0.9613
-8.3922 -4.6206 -2.4805 0.9612
-8.0427 -5.2128 -2.4815 0.9612
-7.8523 -5.4992 -2.4821 0.9612
-6.5056 -7.0604 -2.4858 0.9611
-6.2497 -7.2912 -2.4864 0.9611
-5.4345 -7.9271 -2.4885 0.9611
-4.5551 -8.4723 -2.4906 0.9610
-2.3108 -9.3577 -2.4957 0.9610
-0.9494 -9.6032 -2.4986 0.9609
-0.6044 -9.6339 -2.4993 0.9609
-0.2584 -9.6521 -2.5000 0.9609
0.0881 -9.6579 -2.5007 0.9609
2.1531 -9.4312 -2.5047 0.9608
2.8253 -9.2571 -2.5060 0.9608
3.1564 -9.1520 -2.5066 0.9608
3.8064 -8.9062 -2.5078 0.9608
4.1244 -8.7659 -2.5083 0.9608
5.0456 -8.2771 -2.5099 0.9607
5.6283 -7.8969 -2.5108 0.9607
6.7045 -7.0151 -2.5125 0.9607
7.1922 -6.5180 -2.5131 0.9607
7.4224 -6.2565 -2.5134 0.9607
7.6429 -5.9868 -2.5137 0.9607
8.0541 -5.4243 -2.5142 0.9607
8.4237 -4.8335 -2.5146 0.9607
9.0302 -3.5794 -2.5150 0.9607
9.1529 -3.2531 -2.5151 0.9607
9.2639 -2.9226 -2.5151 0.9607
9.5239 -1.9102 -2.5150 0.9607
9.6356 -1.2222 -2.5148 0.9607
9.7093 -0.1797 -2.5143 0.9607
9.7086 0.1688 -2.5141 0.9607
9.6696 0.8644 -2.5136 0.9607
9.6312 1.2107 -2.5133 0.9607
9.5171 1.8978 -2.5127 0.9607
9.3538 2.5746 -2.5119 0.9607
9.2539 2.9081 -2.5115 0.9607
8.8830 3.8836 -2.5102 0.9607
8.7363 4.1990 -2.5097 0.9607
8.5782 4.5088 -2.5092 0.9607
8.4092 4.8127 -2.5086 0.9608
8.0388 5.4009 -2.5075 0.9608
7.8381 5.6846 -2.5070 0.9608
7.6272 5.9607 -2.5064 0.9608
7.1766 6.4892 -2.5051 0.9608
5.8954 7.6557 -2.5018 0.9609
5.6154 7.8602 -2.5011 0.9609
4.7342 8.4109 -2.4990 0.9609
4.4229 8.5627 -2.4953 0.9610
4.1066 8.7027 -2.4916 0.9610
3.7541 8.7567 -2.4668 0.9614
2.6506 8.6501 -2.3425 0.9633
2.0223 8.8128 -2.3411 0.9633
1.7043 8.8771 -2.3404 0.9633
1.3843 8.9299 -2.3397 0.9634
0.4163 9.0192 -2.3377 0.9634
0.0924 9.0258 -2.3371 0.9634
-0.2314 9.0208 -2.3364 0.9634
-0.5548 9.0042 -2.3358 0.9634
-0.8772 8.9760 -2.3351 0.9634
-1.1984 8.9364 -2.3345 0.9634
-1.5179 8.8853 -2.3339 0.9634
-3.0755 8.4612 -2.3310 0.9635
-3.3764 8.3435 -2.3305 0.9635
-3.9643 8.0763 -2.3294 0.9635
-4.8062 7.5990 -2.3280 0.9635
-5.4954 7.4470 -2.3963 0.9625
-5.8691 7.3834 -2.4421 0.9618
-6.4666 7.0339 -2.4739 0.9613
-6.7225 6.8052 -2.4767 0.9612
-6.9617 6.5590 -2.4765 0.9612
-7.1917 6.3042 -2.4762 0.9613
-7.4124 6.0414 -2.4759 0.9613
-7.8250 5.4932 -2.4754 0.9613
-8.0164 5.2084 -2.4752 0.9613
-8.3681 4.6195 -2.4749 0.9613
-8.5280 4.3160 -2.4747 0.9613
-8.6769 4.0071 -2.4746 0.9613
-8.8148 3.6930 -2.4745 0.9613
-9.0566 3.0513 -2.4744 0.9613
-9.1602 2.7243 -2.4744 0.9613
-9.3322 2.0605 -2.4745 0.9613
-9.4566 1.3860 -2.4746 0.9613
-9.5007 1.0458 -2.4748 0.9613
-9.5327 0.7043 -2.4749 0.9613
-9.5524 0.3619 -2.4751 0.9613
-9.5600 0.0189 -2.4753 0.9613
-9.5095 -1.0088 -2.4760 0.9613
-9.4683 -1.3495 -2.4763 0.9613
-9.4150 -1.6886 -2.4766 0.9612
-9.3496 -2.0256 -2.4769 0.9612
-8.8452 -3.6647 -2.4790 0.9612
-8.7097 -3.9805 -2.4794 0.9612
-8.2366 -4.8963 -2.4810 0.9612
-7.6679 -5.7569 -2.4826 0.9612
-7.2388 -6.2950 -2.4838 0.9611
-7.0100 -6.5524 -2.4844 0.9611
-6.5254 -7.0418 -2.4857 0.9611
-5.4568 -7.9115 -2.4884 0.9611
-4.2738 -8.6205 -2.4912 0.9610
-3.6467 -8.9100 -2.4927 0.9610
-3.0000 -9.1539 -2.4941 0.9610
-2.0008 -9.4315 -2.4963 0.9609
-1.6616 -9.5000 -2.4971 0.9609
-0.9766 -9.6003 -2.4985 0.9609
0.0607 -9.6579 -2.5006 0.9609
0.4073 -9.6522 -2.5013 0.9609
1.0991 -9.6034 -2.5027 0.9608
1.4433 -9.5603 -2.5034 0.9608
1.7859 -9.5049 -2.5040 0.9608
2.1263 -9.4371 -2.5047 0.9608
2.7990 -9.2649 -2.5059 0.9608
3.7810 -8.9168 -2.5077 0.9608
4.4127 -8.6265 -2.5088 0.9608
4.7203 -8.4644 -2.5093 0.9607
5.6058 -7.9127 -2.5108 0.9607
6.1609 -7.4929 -2.5116 0.9607
6.4268 -7.2682 -2.5120 0.9607
6.6845 -7.0340 -2.5124 0.9607
7.4045 -6.2774 -2.5134 0.9607
7.8373 -5.7315 -2.5140 0.9607
8.0387 -5.4471 -2.5142 0.9607
8.4099 -4.8573 -2.5146 0.9607
8.5793 -4.5527 -2.5147 0.9607
8.7376 -4.2422 -2.5149 0.9607
9.1437 -3.2790 -2.5151 0.9607
9.5185 -1.9372 -2.5150 0.9607
9.5815 -1.5944 -2.5149 0.9607
9.7088 -0.2072 -2.5143 0.9607
9.7091 0.1413 -2.5141 0.9607
9.6721 0.8370 -2.5136 0.9607
9.5226 1.8708 -2.5127 0.9607
9.2622 2.8819 -2.5116 0.9607
9.0285 3.5375 -2.5107 0.9607
8.8941 3.8584 -2.5102 0.9607
8.7483 4.1743 -2.5097 0.9607
8.5911 4.4846 -2.5092 0.9607
8.4229 4.7889 -2.5087 0.9608
8.2439 5.0869 -2.5081 0.9608
7.6442 5.9392 -2.5064 0.9608
7.4244 6.2082 -2.5058 0.9608
7.1951 6.4689 -2.5052 0.9608
6.9566 6.7212 -2.5045 0.9608
6.7092 6.9647 -2.5039 0.9608
6.1892 7.4240 -2.5026 0.9609
5.3512 8.0394 -2.5005 0.9609
-2.3028 7.9326 -2.3384 0.9662
-3.2034 7.7889 -2.3842 0.9656
-4.1496 7.6346 -2.4599 0.9645
-4.4469 7.5249 -2.4744 0.9643
-4.7170 7.3652 -2.4760 0.9643
-4.9818 7.1963 -2.4777 0.9643
-5.7290 6.6225 -2.4790 0.9643
-5.9621 6.4118 -2.4786 0.9643
-7.0068 5.2418 -2.4772 0.9643
-7.1898 4.9866 -2.4770 0.9643
-7.3635 4.7251 -2.4768 0.9643
-7.5278 4.4575 -2.4767 0.9643
-7.9620 3.6223 -2.4763 0.9643
-8.2009 3.0418 -2.4762 0.9643
-8.4802 2.1430 -2.4761 0.9643
-8.6124 1.5294 -2.4763 0.9643
-8.6621 1.2194 -2.4763 0.9643
-8.7281 0.5952 -2.4766 0.9643
-8.7444 0.2816 -2.4768 0.9643
-8.7434 -0.3462 -2.4771 0.9643
-8.7262 -0.6598 -2.4774 0.9643
-8.6978 -0.9726 -2.4776 0.9643
-8.5459 -1.9022 -2.4785 0.9643
-8.3898 -2.5109 -2.4792 0.9642
-8.2956 -2.8107 -2.4796 0.9642
-7.6674 -4.2498 -2.4817 0.9642
-7.5114 -4.5231 -2.4822 0.9642
-6.9862 -5.3074 -2.4837 0.9642
-6.7928 -5.5558 -2.4843 0.9642
-6.3798 -6.0314 -2.4854 0.9642
-5.6988 -6.6868 -2.4872 0.9641
-5.4565 -6.8886 -2.4878 0.9641
-3.5794 -8.0433 -2.4923 0.9641
-3.2893 -8.1687 -2.4930 0.9641
-2.9949 -8.2837 -2.4936 0.9640
-2.6965 -8.3881 -2.4943 0.9640
-2.3944 -8.4817 -2.4950 0.9640
-2.0891 -8.5645 -2.4956 0.9640
-1.7810 -8.6362 -2.4963 0.9640
-1.4703 -8.6969 -2.4970 0.9640
-0.5277 -8.8115 -2.4989 0.9640
-0.2113 -8.8270 -2.4996 0.9640
0.1056 -8.8312 -2.5002 0.9640
0.4225 -8.8240 -2.5009 0.9639
0.7390 -8.8053 -2.5015 0.9639
1.0547 -8.7753 -2.5021 0.9639
1.9930 -8.6174 -2.5039 0.9639
2.6071 -8.4561 -2.5051 0.9639
2.9094 -8.3590 -2.5056 0.9639
3.7932 -8.0029 -2.5072 0.9639
4.0787 -7.8632 -2.5077 0.9638
4.9027 -7.3835 -2.5090 0.9638
5.4213 -7.0152 -2.5099 0.9638
5.9122 -6.6103 -2.5106 0.9638
6.3727 -6.1709 -2.5113 0.9638
6.5908 -5.9390 -2.5116 0.9638
6.8004 -5.6993 -2.5118 0.9638
7.0012 -5.4522 -2.5121 0.9638
7.3755 -4.9369 -2.5125 0.9638
7.5484 -4.6695 -2.5127 0.9638
7.7116 -4.3959 -2.5129 0.9638
8.4743 -2.6471 -2.5134 0.9638
8.7094 -1.7212 -2.5133 0.9638
8.8098 -1.0921 -2.5131 0.9638
8.8428 -0.7752 -2.5129 0.9638
8.8745 -0.1391 -2.5126 0.9638
8.8731 0.1794 -2.5124 0.9638
8.8602 0.4976 -2.5122 0.9638
8.8357 0.8151 -2.5120 0.9638
8.7999 1.1315 -2.5117 0.9638
8.7526 1.4464 -2.5114 0.9638
8.6241 2.0698 -2.5108 0.9638
8.5431 2.3776 -2.5104 0.9638
8.4510 2.6822 -2.5100 0.9638
8.3481 2.9832 -2.5096 0.9638
8.1099 3.5730 -2.5088 0.9638
7.6747 4.4213 -2.5074 0.9638
7.3349 4.9583 -2.5064 0.9639
6.7553 5.7140 -2.5048 0.9639
6.0979 6.4023 -2.5030 0.9639
5.8628 6.6154 -2.5024 0.9639
5.6203 6.8198 -2.5018 0.9639
5.3707 7.0153 -2.5012 0.9639
4.8513 7.3787 -2.4999 0.9640
4.3074 7.7036 -2.4986 0.9640
3.7419 7.9884 -2.4973 0.9640
3.1574 8.2312 -2.4957 0.9640
2.8566 8.3292 -2.4927 0.9641
2.5530 8.4167 -2.4899 0.9641
2.2470 8.4938 -2.4873 0.9641
1.9274 8.5099 -2.4701 0.9644
1.6015 8.4712 -2.4406 0.9648
1.2827 8.4327 -2.4147 0.9652
0.6629 8.3546 -2.3726 0.9658
0.0613 8.2754 -2.3428 0.9662
-0.2351 8.2514 -2.3369 0.9663
-0.8258 8.2092 -2.3357 0.9663
-1.1195 8.1723 -2.3351 0.9663
-1.4117 8.1249 -2.3346 0.9663
-1.7019 8.0671 -2.3340 0.9663
-1.9898 7.9990 -2.3335 0.9663
-2.5755 7.8884 -2.3492 0.9661
-2.8754 7.8412 -2.3643 0.9659
-3.1792 7.7928 -2.3826 0.9656
-3.8026 7.6917 -2.4290 0.9650
-4.1239 7.6389 -2.4575 0.9646
-4.4254 7.5372 -2.4743 0.9643
-5.4692 6.8405 -2.4794 0.9642
-5.9440 6.4288 -2.4786 0.9643
-6.9920 5.2617 -2.4772 0.9643
-7.1757 5.0070 -2.4770 0.9643
-7.5152 4.4789 -2.4767 0.9643
-7.6706 4.2061 -2.4765 0.9643
-7.8161 3.9280 -2.4764 0.9643
-8.0771 3.3571 -2.4762 0.9643
-8.1922 3.0651 -2.4762 0.9643
-8.3908 2.4696 -2.4761 0.9643
-8.6585 1.2440 -2.4763 0.9643
-8.6980 0.9325 -2.4764 0.9643
-8.7435 0.3064 -2.4767 0.9643
-8.7495 -0.0075 -2.4769 0.9643
-8.7443 -0.3215 -2.4771 0.9643
-8.3968 -2.4871 -2.4792 0.9642
-7.9598 -3.6651 -2.4808 0.9642
-7.8246 -3.9490 -2.4812 0.9642
-7.3592 -4.7697 -2.4827 0.9642
-7.1848 -5.0318 -2.4832 0.9642
-7.0011 -5.2874 -2.4837 0.9642
-6.6068 -5.7785 -2.4848 0.9642
-5.9518 -6.4594 -2.4865 0.9641
-5.7176 -6.6705 -2.4871 0.9641
-5.2271 -7.0668 -2.4884 0.9641
-4.9715 -7.2517 -2.4890 0.9641
-3.8869 -7.8965 -2.4916 0.9641
-3.0183 -8.2750 -2.4936 0.9640
-2.7202 -8.3802 -2.4942 0.9640
-2.1134 -8.5583 -2.4956 0.9640
-1.8054 -8.6309 -2.4962 0.9640
-1.4950 -8.6925 -2.4969 0.9640
-1.1824 -8.7428 -2.4976 0.9640
-0.8682 -8.7820 -2.4982 0.9640
-0.5527 -8.8098 -2.4989 0.9640
-0.2363 -8.8262 -2.4995 0.9640
0.0806 -8.8313 -2.5002 0.9640
0.3975 -8.8249 -2.5008 0.9639
0.7140 -8.8072 -2.5014 0.9639
1.0298 -8.7781 -2.5021 0.9639
1.6575 -8.6859 -2.5033 0.9639
1.9685 -8.6228 -2.5039 0.9639
2.5830 -8.4633 -2.5050 0.9639
2.8857 -8.3670 -2.5056 0.9639
3.7704 -8.0135 -2.5071 0.9639
4.3370 -7.7255 -2.5081 0.9638
4.6123 -7.5663 -2.5086 0.9638
6.1282 -6.4121 -2.5109 0.9638
6.3551 -6.1889 -2.5112 0.9638
6.5739 -5.9576 -2.5115 0.9638
6.7841 -5.7185 -2.5118 0.9638
7.3614 -4.9578 -2.5125 0.9638
7.5351 -4.6908 -2.5127 0.9638
7.9969 -3.8546 -2.5131 0.9638
8.1303 -3.5653 -2.5132 0.9638
8.2532 -3.2714 -2.5133 0.9638
8.4668 -2.6712 -2.5133 0.9638
8.6365 -2.0571 -2.5133 0.9638
8.7613 -1.4324 -2.5132 0.9638
8.8067 -1.1170 -2.5131 0.9638
8.8741 -0.1642 -2.5126 0.9638
8.8736 0.1543 -2.5124 0.9638
8.8616 0.4725 -2.5122 0.9638
8.7567 1.4216 -2.5114 0.9638
8.6990 1.7346 -2.5111 0.9638
8.6301 2.0454 -2.5108 0.9638
8.5499 2.3534 -2.5104 0.9638
8.4587 2.6582 -2.5101 0.9638
8.3566 2.9595 -2.5097 0.9638
8.2437 3.2570 -2.5093 0.9638
7.6874 4.3996 -2.5074 0.9638
7.3491 4.9375 -2.5064 0.9639
7.1657 5.1969 -2.5059 0.9639
6.5614 5.9329 -2.5042 0.9639
6.1161 6.3851 -2.5030 0.9639
4.3293 7.6915 -2.4986 0.9640
3.7646 7.9779 -2.4973 0.9640
3.4750 8.1057 -2.4967 0.9640
2.2712 8.4881 -2.4875 0.9641
1.9535 8.5130 -2.4726 0.9643
0.9947 8.3975 -2.3939 0.9655
0.0848 8.2780 -2.3436 0.9662
-0.2117 8.2522 -2.3369 0.9663
-0.8025 8.2117 -2.3357 0.9663
-1.3887 8.1290 -2.3346 0.9663
-1.6791 8.0721 -2.3341 0.9663
-2.2565 7.9409 -2.3370 0.9663
-2.5520 7.8921 -2.3481 0.9661
-3.1551 7.7966 -2.3810 0.9656
-3.7775 7.6958 -2.4269 0.9650
-4.0983 7.6433 -2.4552 0.9646
-5.2003 7.0471 -2.4794 0.9642
-5.4499 6.8560 -2.4794 0.9642
-5.6915 6.6551 -2.4790 0.9643
-6.1525 6.2281 -2.4783 0.9643
-6.3712 6.0026 -2.4780 0.9643
-6.5817 5.7695 -2.4778 0.9643
-6.7838 5.5290 -2.4775 0.9643
-6.9771 5.2815 -2.4773 0.9643
-7.1615 5.0274 -2.4770 0.9643
-7.5025 4.5002 -2.4767 0.9643
-7.6586 4.2279 -2.4765 0.9643
-7.9414 3.6674 -2.4763 0.9643
-8.0676 3.3800 -2.4762 0.9643
-8.6550 1.2685 -2.4763 0.9643
-8.6953 0.9572 -2.4764 0.9643
-8.7494 0.0173 -2.4769 0.9643
-8.7296 -0.6103 -2.4773 0.9643
-8.7030 -0.9232 -2.4776 0.9643
-8.5564 -1.8537 -2.4784 0.9643
-8.4855 -2.1598 -2.4788 0.9643
-8.2080 -3.0605 -2.4799 0.9642
-8.0942 -3.3536 -2.4803 0.9642
-7.9700 -3.6425 -2.4807 0.9642
-7.5367 -4.4803 -2.4821 0.9642
-7.0160 -5.2675 -2.4836 0.9642
-6.8239 -5.5170 -2.4842 0.9642
-6.1959 -6.2226 -2.4859 0.9642
-5.2470 -7.0518 -2.4883 0.9641
-4.1886 -7.7379 -2.4909 0.9641
-3.9092 -7.8853 -2.4915 0.9641
-3.3355 -8.1496 -2.4929 0.9641
-2.7439 -8.3723 -2.4942 0.9640
-2.4424 -8.4676 -2.4949 0.9640
-2.1376 -8.5521 -2.4955 0.9640
-0.2613 -8.8253 -2.4995 0.9640
0.3724 -8.8259 -2.5008 0.9639
0.6890 -8.8090 -2.5014 0.9639
1.0049 -8.7808 -2.5020 0.9639
2.2529 -8.5549 -2.5044 0.9639
2.8619 -8.3750 -2.5055 0.9639
4.3151 -7.7376 -2.5081 0.9638
5.1242 -7.2330 -2.5094 0.9638
6.1099 -6.4294 -2.5109 0.9638
6.3375 -6.2068 -2.5112 0.9638
6.7679 -5.7377 -2.5118 0.9638
7.1633 -5.2386 -2.5123 0.9638
7.9859 -3.8773 -2.5131 0.9638
8.2439 -3.2948 -2.5133 0.9638
8.4592 -2.6952 -2.5133 0.9638
8.6995 -1.7705 -2.5133 0.9638
8.7572 -1.4572 -2.5132 0.9638
8.8035 -1.1420 -2.5131 0.9638
8.8384 -0.8254 -2.5130 0.9638
8.8618 -0.5077 -2.5128 0.9638
8.8737 -0.1894 -2.5127 0.9638
8.8741 0.1291 -2.5125 0.9638
8.7608 1.3967 -2.5115 0.9638
8.7040 1.7100 -2.5111 0.9638
8.4663 2.6343 -2.5101 0.9638
8.3651 2.9359 -2.5097 0.9638
8.2530 3.2336 -2.5093 0.9638
8.1303 3.5271 -2.5089 0.9638
7.9971 3.8158 -2.5084 0.9638
7.8535 4.0995 -2.5080 0.9638
7.6999 4.3778 -2.5075 0.9638
7.5364 4.6504 -2.5070 0.9639
6.9886 5.4298 -2.5054 0.9639
6.3604 6.1452 -2.5037 0.9639
6.1343 6.3679 -2.5031 0.9639
5.9005 6.5823 -2.5025 0.9639
5.6591 6.7881 -2.5019 0.9639
5.4106 6.9850 -2.5013 0.9639
4.8932 7.3513 -2.5000 0.9640
4.6251 7.5202 -2.4993 0.9640
-1.6872 7.8864 -2.4806 0.9668
-2.5250 7.6599 -2.4807 0.9668
-2.7987 7.5657 -2.4811 0.9668
-3.3358 7.3494 -2.4825 0.9668
-3.5980 7.2262 -2.4829 0.9668
-3.8543 7.0912 -2.4825 0.9668
-4.5917 6.6328 -2.4813 0.9668
-4.8260 6.4628 -2.4809 0.9668
-5.2756 6.0984 -2.4802 0.9668
-5.4903 5.9044 -2.4799 0.9668
-5.6979 5.7029 -2.4796 0.9668
-5.8982 5.4942 -2.4793 0.9668
-6.4526 4.8272 -2.4786 0.9668
-6.9325 4.1050 -2.4781 0.9668
-7.0749 3.8534 -2.4779 0.9668
-7.6480 2.5285 -2.4776 0.9669
-7.7338 2.2525 -2.4776 0.9669
-7.8097 1.9735 -2.4776 0.9669
-7.8756 1.6921 -2.4776 0.9669
-7.9314 1.4084 -2.4777 0.9669
-7.9771 1.1230 -2.4778 0.9668
-8.0528 0.2594 -2.4782 0.9668
-8.0575 -0.0298 -2.4783 0.9668
-8.0519 -0.3189 -2.4785 0.9668
-8.0359 -0.6076 -2.4787 0.9668
-8.0097 -0.8956 -2.4790 0.9668
-7.8027 -2.0332 -2.4801 0.9668
-7.7257 -2.3122 -2.4804 0.9668
-7.4358 -3.1303 -2.4815 0.9668
-6.9162 -4.1647 -2.4832 0.9668
-6.7636 -4.4110 -2.4836 0.9668
-6.2541 -5.1152 -2.4851 0.9668
-5.6718 -5.7613 -2.4867 0.9667
-5.4626 -5.9624 -2.4872 0.9667
-5.2464 -6.1559 -2.4878 0.9667
-5.0233 -6.3416 -2.4883 0.9667
-4.7936 -6.5193 -2.4889 0.9667
-4.3157 -6.8495 -2.4901 0.9667
-4.0682 -7.0016 -2.4907 0.9667
-3.5573 -7.2788 -2.4919 0.9667
-3.0276 -7.5189 -2.4931 0.9666
-2.7566 -7.6245 -2.4937 0.9666
-1.9228 -7.8824 -2.4955 0.9666
-1.6391 -7.9483 -2.4962 0.9666
-1.3532 -8.0039 -2.4968 0.9666
-1.0654 -8.0493 -2.4974 0.9666
-0.7761 -8.0843 -2.4980 0.9666
-0.4856 -8.1089 -2.4986 0.9666
-0.1944 -8.1230 -2.4992 0.9666
0.3888 -8.1199 -2.5004 0.9666
0.9705 -8.0748 -2.5015 0.9665
1.5478 -7.9880 -2.5026 0.9665
1.8338 -7.9290 -2.5032 0.9665
2.1176 -7.8598 -2.5037 0.9665
2.6769 -7.6908 -2.5047 0.9665
2.9517 -7.5913 -2.5052 0.9665
3.2228 -7.4820 -2.5057 0.9665
3.4898 -7.3629 -2.5062 0.9665
4.0103 -7.0962 -2.5071 0.9665
4.2630 -6.9489 -2.5075 0.9665
4.7519 -6.6274 -2.5083 0.9664
5.2164 -6.2713 -2.5090 0.9664
5.6542 -5.8826 -2.5096 0.9664
6.0628 -5.4632 -2.5102 0.9664
6.2556 -5.2427 -2.5105 0.9664
6.4403 -5.0154 -2.5107 0.9664
6.7845 -4.5413 -2.5111 0.9664
6.9435 -4.2952 -2.5113 0.9664
7.2344 -3.7867 -2.5115 0.9664
7.7026 -2.7131 -2.5118 0.9664
7.7951 -2.4350 -2.5118 0.9664
7.9495 -1.8697 -2.5118 0.9664
8.0113 -1.5832 -2.5118 0.9664
8.1037 -1.0045 -2.5116 0.9664
8.1633 -0.1279 -2.5112 0.9664
8.1621 0.1651 -2.5110 0.9664
8.0949 1.0409 -2.5103 0.9664
7.2036 3.8124 -2.5068 0.9665
6.9091 4.3176 -2.5059 0.9665
6.4014 5.0321 -2.5045 0.9665
6.2155 5.2574 -2.5039 0.9665
5.3948 6.0873 -2.5018 0.9665
5.1717 6.2755 -2.5012 0.9665
4.7062 6.6271 -2.5000 0.9666
4.4643 6.7901 -2.4995 0.9666
3.9640 7.0894 -2.4983 0.9666
3.7061 7.2253 -2.4977 0.9666
3.1769 7.4689 -2.4964 0.9666
2.6318 7.6737 -2.4952 0.9666
2.0737 7.8388 -2.4940 0.9666
1.7907 7.9062 -2.4934 0.9666
1.5055 7.9634 -2.4928 0.9667
0.3498 8.0759 -2.4863 0.9667
0.0598 8.0789 -2.4850 0.9668
-1.0950 7.9927 -2.4814 0.9668
-1.3808 7.9468 -2.4809 0.9668
-2.2263 7.7512 -2.4805 0.9668
-3.3149 7.3587 -2.4824 0.9668
-4.5729 6.6459 -2.4813 0.9668
-4.8077 6.4765 -2.4809 0.9668
-5.2583 6.1134 -2.4802 0.9668
-5.8827 5.5110 -2.4793 0.9668
-6.4390 4.8455 -2.4786 0.9668
-6.6081 4.6110 -2.4784 0.9668
-7.0640 3.8735 -2.4779 0.9668
-7.1981 3.6174 -2.4778 0.9668
-7.3230 3.3567 -2.4777 0.9668
-7.5445 2.8227 -2.4776 0.9669
-7.7274 2.2744 -2.4776 0.9669
-7.8041 1.9957 -2.4776 0.9669
-7.8708 1.7144 -2.4776 0.9669
-8.0102 0.8588 -2.4779 0.9668
-8.0575 -0.0069 -2.4783 0.9668
-8.0376 -0.5848 -2.4787 0.9668
-8.0121 -0.8729 -2.4789 0.9668
-7.9306 -1.4456 -2.4795 0.9668
-7.8745 -1.7294 -2.4797 0.9668
-7.5502 -2.8396 -2.4811 0.9668
-7.4446 -3.1092 -2.4815 0.9668
-7.3294 -3.3748 -2.4819 0.9668
-7.0709 -3.8931 -2.4827 0.9668
-6.9279 -4.1450 -2.4831 0.9668
-6.4460 -4.8682 -2.4846 0.9668
-6.2685 -5.0974 -2.4851 0.9668
-6.0828 -5.3201 -2.4856 0.9667
-5.8892 -5.5361 -2.4861 0.9667
-5.4794 -5.9468 -2.4872 0.9667
-5.0411 -6.3272 -2.4883 0.9667
-4.5765 -6.6756 -2.4894 0.9667
-4.3351 -6.8371 -2.4900 0.9667
-4.0879 -6.9899 -2.4906 0.9667
-3.0489 -7.5101 -2.4930 0.9666
-2.7781 -7.6165 -2.4937 0.9666
-2.2259 -7.8000 -2.4949 0.9666
-1.6616 -7.9434 -2.4961 0.9666
-1.3758 -7.9999 -2.4967 0.9666
-0.2175 -8.1223 -2.4991 0.9666
0.0741 -8.1268 -2.4997 0.9666
0.6570 -8.1043 -2.5009 0.9665
0.9476 -8.0774 -2.5015 0.9665
1.8113 -7.9340 -2.5031 0.9665
2.0952 -7.8656 -2.5037 0.9665
2.9301 -7.5996 -2.5052 0.9665
3.4689 -7.3727 -2.5061 0.9665
3.7318 -7.2447 -2.5066 0.9665
3.9901 -7.1074 -2.5070 0.9665
4.2432 -6.9609 -2.5074 0.9665
4.4910 -6.8052 -2.5078 0.9665
5.4214 -6.0963 -2.5093 0.9664
5.8461 -5.6932 -2.5099 0.9664
6.0473 -5.4803 -2.5102 0.9664
6.2406 -5.2604 -2.5104 0.9664
6.6030 -4.8001 -2.5109 0.9664
6.7715 -4.5605 -2.5111 0.9664
7.0820 -4.0637 -2.5114 0.9664
7.4787 -3.2796 -2.5117 0.9664
7.5917 -3.0092 -2.5118 0.9664
7.7881 -2.4571 -2.5118 0.9664
8.0590 -1.3176 -2.5117 0.9664
8.1630 -0.1511 -2.5112 0.9664
8.1626 0.1419 -2.5110 0.9664
8.1516 0.4347 -2.5108 0.9664
8.0979 1.0179 -2.5103 0.9664
8.0023 1.5957 -2.5098 0.9664
7.9389 1.8816 -2.5095 0.9664
7.8653 2.1649 -2.5092 0.9664
7.7815 2.4454 -2.5088 0.9664
7.6877 2.7226 -2.5085 0.9664
7.5839 2.9963 -2.5081 0.9665
7.2145 3.7920 -2.5069 0.9665
6.9214 4.2980 -2.5060 0.9665
6.7615 4.5428 -2.5055 0.9665
6.5929 4.7815 -2.5050 0.9665
6.4158 5.0140 -2.5045 0.9665
6.2305 5.2399 -2.5040 0.9665
6.0372 5.4589 -2.5035 0.9665
5.4121 6.0720 -2.5018 0.9665
5.1896 6.2609 -2.5013 0.9665
4.9605 6.4416 -2.5007 0.9665
4.7250 6.6139 -2.5001 0.9666
3.7267 7.2149 -2.4977 0.9666
3.1981 7.4600 -2.4965 0.9666
2.9277 7.5681 -2.4959 0.9666
1.8131 7.9013 -2.4934 0.9666
1.5281 7.9593 -2.4928 0.9667
1.2408 8.0046 -2.4915 0.9667
0.6627 8.0616 -2.4879 0.9667
0.3728 8.0753 -2.4864 0.9667
0.0827 8.0791 -2.4851 0.9668
-1.9246 7.8315 -2.4805 0.9668
-2.2044 7.7575 -2.4805 0.9668
-2.4815 7.6740 -2.4807 0.9668
-2.7556 7.5812 -2.4811 0.9668
-3.5570 7.2467 -2.4830 0.9668
-3.8141 7.1132 -2.4825 0.9668
-4.7894 6.4902 -2.4809 0.9668
-5.0185 6.3133 -2.4806 0.9668
-5.2410 6.1283 -2.4803 0.9668
-5.4568 5.9356 -2.4799 0.9668
-5.6656 5.7353 -2.4796 0.9668
-5.8671 5.5277 -2.4794 0.9668
-6.4252 4.8638 -2.4786 0.9668
-6.7565 4.3898 -2.4783 0.9668
-6.9092 4.1443 -2.4781 0.9668
-7.1878 3.6378 -2.4778 0.9668
-7.3135 3.3774 -2.4777 0.9668
-7.6336 2.5718 -2.4776 0.9669
-8.0077 0.8815 -2.4779 0.9668
-8.0575 0.0159 -2.4783 0.9668
-8.0391 -0.5620 -2.4787 0.9668
-8.0145 -0.8502 -2.4789 0.9668
-7.9796 -1.1373 -2.4792 0.9668
-7.7385 -2.2683 -2.4804 0.9668
-7.6532 -2.5448 -2.4807 0.9668
-7.4532 -3.0880 -2.4814 0.9668
-7.2149 -3.6157 -2.4822 0.9668
-7.0818 -3.8729 -2.4827 0.9668
-6.9395 -4.1253 -2.4831 0.9668
-6.7883 -4.3724 -2.4836 0.9668
-6.6283 -4.6140 -2.4840 0.9668
-6.4597 -4.8498 -2.4845 0.9668
-5.9048 -5.5193 -2.4860 0.9667
-4.8303 -6.4918 -2.4888 0.9667
-4.5953 -6.6624 -2.4894 0.9667
-3.5984 -7.2582 -2.4918 0.9667
-3.0701 -7.5013 -2.4930 0.9666
-2.7997 -7.6085 -2.4936 0.9666
-2.5255 -7.7059 -2.4942 0.9666
-2.2479 -7.7935 -2.4948 0.9666
-1.9673 -7.8711 -2.4954 0.9666
-0.5316 -8.1057 -2.4985 0.9666
-0.2405 -8.1215 -2.4991 0.9666
0.3427 -8.1217 -2.5003 0.9666
0.9247 -8.0799 -2.5014 0.9665
1.2143 -8.0433 -2.5020 0.9665
1.7888 -7.9390 -2.5031 0.9665
2.0729 -7.8714 -2.5036 0.9665
3.9699 -7.1186 -2.5070 0.9665
4.2234 -6.9728 -2.5074 0.9665
5.4041 -6.1116 -2.5093 0.9664
5.6206 -5.9145 -2.5096 0.9664
5.8299 -5.7097 -2.5099 0.9664
6.4116 -5.0517 -2.5107 0.9664
6.5893 -4.8188 -2.5109 0.9664
6.7585 -4.5797 -2.5111 0.9664
7.0705 -4.0837 -2.5114 0.9664
7.2128 -3.8276 -2.5115 0.9664
7.5831 -3.0307 -2.5118 0.9664
7.8651 -2.1983 -2.5118 0.9664
8.0022 -1.6286 -2.5118 0.9664
8.0979 -1.0505 -2.5116 0.9664
8.1300 -0.7592 -2.5115 0.9664
8.1516 -0.4670 -2.5114 0.9664
8.1630 0.1188 -2.5110 0.9664
8.1321 0.7037 -2.5106 0.9664
7.9443 1.8591 -2.5095 0.9664
7.8715 2.1426 -2.5092 0.9664
7.7885 2.4234 -2.5089 0.9664
7.5924 2.9748 -2.5081 0.9665
7.4796 3.2448 -2.5077 0.9665
7.0840 4.0277 -2.5064 0.9665
6.9337 4.2785 -2.5060 0.9665
6.4301 4.9958 -2.5045 0.9665
5.8523 5.6543 -2.5030 0.9665
5.6445 5.8594 -2.5024 0.9665
5.4294 6.0568 -2.5019 0.9665
5.2074 6.2463 -2.5013 0.9665
4.5029 6.7650 -2.4996 0.9666
4.2563 6.9205 -2.4990 0.9666
-1.8263 7.2538 -2.4865 0.9690
-2.3409 7.1015 -2.4855 0.9690
-2.5937 7.0116 -2.4851 0.9690
-2.8431 6.9128 -2.4846 0.9690
-3.3304 6.6889 -2.4838 0.9690
-3.5677 6.5640 -2.4834 0.9690
-3.8003 6.4307 -2.4830 0.9690
-4.2504 6.1398 -2.4822 0.9690
-4.4674 5.9826 -2.4819 0.9690
-4.8837 5.6453 -2.4813 0.9690
-5.2747 5.2794 -2.4807 0.9690
-5.4602 5.0862 -2.4804 0.9690
-5.6386 4.8865 -2.4802 0.9690
-5.9735 4.4688 -2.4798 0.9690
-6.1296 4.2513 -2.4796 0.9690
-6.4179 3.8003 -2.4793 0.9690
-6.5498 3.5674 -2.4792 0.9691
-6.8945 2.8427 -2.4789 0.9691
-7.1598 2.0853 -2.4789 0.9691
-7.2301 1.8271 -2.4789 0.9691
-7.3428 1.3039 -2.4790 0.9691
-7.4179 0.7740 -2.4791 0.9691
-7.4551 0.2401 -2.4794 0.9690
-7.4149 -0.8291 -2.4801 0.9690
-7.3811 -1.0948 -2.4804 0.9690
-7.3378 -1.3590 -2.4806 0.9690
-7.2851 -1.6216 -2.4809 0.9690
-7.1517 -2.1404 -2.4815 0.9690
-7.0712 -2.3959 -2.4818 0.9690
-6.9817 -2.6484 -2.4821 0.9690
-6.8831 -2.8976 -2.4825 0.9690
-6.6596 -3.3848 -2.4832 0.9690
-6.4018 -3.8549 -2.4840 0.9690
-5.7886 -4.7345 -2.4858 0.9690
-5.6161 -4.9401 -2.4863 0.9690
-5.4363 -5.1394 -2.4868 0.9690
-4.8555 -5.6973 -2.4883 0.9689
-4.4363 -6.0334 -2.4893 0.9689
-4.2179 -6.1900 -2.4899 0.9689
-3.7648 -6.4794 -2.4910 0.9689
-3.5306 -6.6119 -2.4915 0.9689
-3.0488 -6.8510 -2.4926 0.9689
-2.8016 -6.9576 -2.4932 0.9689
-2.5508 -7.0552 -2.4938 0.9689
-2.0392 -7.2233 -2.4949 0.9689
-0.9857 -7.4475 -2.4972 0.9688
-0.7181 -7.4797 -2.4977 0.9688
-0.4493 -7.5023 -2.4983 0.9688
0.6291 -7.4960 -2.5005 0.9688
0.8979 -7.4702 -2.5010 0.9688
1.1656 -7.4347 -2.5015 0.9688
1.4319 -7.3896 -2.5020 0.9688
2.2189 -7.1972 -2.5035 0.9688
2.7304 -7.0221 -2.5044 0.9687
3.4709 -6.6915 -2.5057 0.9687
4.1718 -6.2827 -2.5069 0.9687
4.6129 -5.9690 -2.5076 0.9687
5.2295 -5.4408 -2.5085 0.9687
5.4219 -5.2502 -2.5088 0.9687
5.6074 -5.0528 -2.5090 0.9687
6.1195 -4.4222 -2.5097 0.9687
6.2746 -4.2000 -2.5099 0.9687
6.4217 -3.9725 -2.5100 0.9687
6.6907 -3.5021 -2.5103 0.9687
6.8123 -3.2599 -2.5104 0.9687
7.0289 -2.7631 -2.5105 0.9687
7.1236 -2.5091 -2.5105 0.9687
7.2091 -2.2519 -2.5106 0.9687
7.2853 -1.9918 -2.5105 0.9687
7.3520 -1.7291 -2.5105 0.9687
7.5228 -0.6595 -2.5102 0.9687
7.3970 1.4968 -2.5086 0.9687
7.3377 1.7611 -2.5084 0.9687
7.2689 2.0230 -2.5081 0.9687
7.1907 2.2822 -2.5077 0.9687
7.1033 2.5384 -2.5074 0.9687
7.0066 2.7912 -2.5070 0.9687
6.5312 3.7625 -2.5055 0.9687
6.2424 4.2198 -2.5046 0.9687
6.0859 4.4402 -2.5042 0.9687
5.7496 4.8634 -2.5032 0.9688
5.1907 5.4498 -2.5017 0.9688
4.7845 5.8056 -2.5007 0.9688
1.9189 7.2535 -2.4940 0.9689
1.6570 7.3160 -2.4935 0.9689
0.5928 7.4710 -2.4912 0.9689
0.3243 7.4858 -2.4907 0.9689
0.0555 7.4910 -2.4901 0.9689
-0.7493 7.4488 -2.4885 0.9689
-1.2810 7.3728 -2.4875 0.9689
-1.5444 7.3207 -2.4870 0.9690
-1.8058 7.2591 -2.4865 0.9690
-2.3208 7.1082 -2.4856 0.9690
-2.5739 7.0191 -2.4851 0.9690
-2.8236 6.9209 -2.4847 0.9690
-3.0695 6.8140 -2.4842 0.9690
-3.5491 6.5742 -2.4834 0.9690
-3.7821 6.4416 -2.4830 0.9690
-4.2331 6.1519 -2.4823 0.9690
-4.4505 5.9953 -2.4819 0.9690
-4.6621 5.8309 -2.4816 0.9690
-5.7966 4.6971 -2.4800 0.9690
-5.9609 4.4858 -2.4798 0.9690
-6.6638 3.3489 -2.4791 0.9691
-6.8864 2.8622 -2.4789 0.9691
-6.9846 2.6132 -2.4789 0.9691
-7.0737 2.3609 -2.4789 0.9691
-7.1539 2.1056 -2.4789 0.9691
-7.2249 1.8476 -2.4789 0.9691
-7.2866 1.5872 -2.4789 0.9691
-7.3390 1.3247 -2.4790 0.9691
-7.3821 1.0606 -2.4790 0.9691
-7.4397 0.5285 -2.4792 0.9691
-7.4543 0.2612 -2.4794 0.9690
-7.4172 -0.8081 -2.4801 0.9690
-7.3416 -1.3382 -2.4806 0.9690
-7.1577 -2.1201 -2.4814 0.9690
-6.9891 -2.6286 -2.4821 0.9690
-6.7845 -3.1239 -2.4828 0.9690
-6.2719 -4.0650 -2.4844 0.9690
-5.9664 -4.5060 -2.4853 0.9690
-5.8019 -4.7180 -2.4858 0.9690
-5.6300 -4.9241 -2.4862 0.9690
-5.0713 -5.5038 -2.4877 0.9689
-4.8716 -5.6834 -2.4882 0.9689
-4.4533 -6.0207 -2.4893 0.9689
-4.2354 -6.1779 -2.4898 0.9689
-4.0118 -6.3273 -2.4904 0.9689
-3.3109 -6.7262 -2.4920 0.9689
-2.8213 -6.9495 -2.4932 0.9689
-2.3167 -7.1372 -2.4943 0.9689
-2.0596 -7.2174 -2.4949 0.9689
-1.5374 -7.3498 -2.4960 0.9688
-1.2730 -7.4019 -2.4966 0.9688
-1.0068 -7.4445 -2.4971 0.9688
-0.4706 -7.5009 -2.4982 0.9688
-0.2012 -7.5146 -2.4988 0.9688
0.6079 -7.4976 -2.5004 0.9688
0.8767 -7.4725 -2.5010 0.9688
1.1444 -7.4378 -2.5015 0.9688
1.6756 -7.3396 -2.5025 0.9688
1.9382 -7.2762 -2.5030 0.9688
2.1985 -7.2033 -2.5035 0.9688
2.4560 -7.1211 -2.5039 0.9687
2.7104 -7.0297 -2.5044 0.9687
3.2087 -6.8196 -2.5053 0.9687
3.4519 -6.7012 -2.5057 0.9687
3.9248 -6.4385 -2.5065 0.9687
4.1539 -6.2945 -2.5069 0.9687
4.5959 -5.9820 -2.5076 0.9687
5.9432 -4.6554 -2.5095 0.9687
6.8030 -3.2792 -2.5104 0.9687
6.9165 -3.0331 -2.5104 0.9687
7.4050 -1.4852 -2.5105 0.9687
7.4920 -0.9503 -2.5103 0.9687
7.5492 0.1313 -2.5098 0.9687
7.5391 0.4020 -2.5096 0.9687
7.5192 0.6722 -2.5094 0.9687
7.4502 1.2095 -2.5089 0.9687
7.3427 1.7403 -2.5084 0.9687
7.1105 2.5182 -2.5074 0.9687
7.0146 2.7714 -2.5071 0.9687
6.7958 3.2663 -2.5063 0.9687
5.7635 4.8471 -2.5033 0.9688
5.5848 5.0498 -2.5028 0.9688
5.3989 5.2459 -2.5023 0.9688
4.5891 5.9594 -2.5002 0.9688
4.3714 6.1189 -2.4997 0.9688
3.6862 6.5489 -2.4980 0.9688
3.2056 6.7933 -2.4969 0.9688
2.7089 7.0025 -2.4958 0.9688
2.4554 7.0936 -2.4952 0.9689
1.9394 7.2481 -2.4941 0.9689
1.6777 7.3114 -2.4935 0.9689
1.4140 7.3652 -2.4929 0.9689
1.1486 7.4095 -2.4924 0.9689
0.8818 7.4443 -2.4918 0.9689
0.6140 7.4694 -2.4913 0.9689
0.3455 7.4850 -2.4907 0.9689
0.0767 7.4909 -2.4902 0.9689
-0.1921 7.4873 -2.4896 0.9689
-0.4605 7.4739 -2.4891 0.9689
-1.2601 7.3766 -2.4875 0.9689
-1.5237 7.3251 -2.4870 0.9690
-2.0443 7.1942 -2.4861 0.9690
-2.3007 7.1149 -2.4856 0.9690
-2.5540 7.0264 -2.4851 0.9690
-3.2925 6.7078 -2.4838 0.9690
-3.5305 6.5843 -2.4834 0.9690
-3.9924 6.3122 -2.4827 0.9690
-4.4335 6.0079 -2.4820 0.9690
-4.6456 5.8442 -2.4816 0.9690
-4.8517 5.6730 -2.4813 0.9690
-5.2448 5.3093 -2.4807 0.9690
-5.4314 5.1172 -2.4805 0.9690
-5.6109 4.9185 -2.4802 0.9690
-5.7833 4.7136 -2.4800 0.9690
-5.9482 4.5027 -2.4798 0.9690
-6.1054 4.2860 -2.4796 0.9690
-6.2549 4.0639 -2.4795 0.9690
-6.6543 3.3678 -2.4791 0.9691
-6.7706 3.1267 -2.4790 0.9691
-6.8783 2.8817 -2.4789 0.9691
-7.0670 2.3810 -2.4789 0.9691
-7.1479 2.1258 -2.4789 0.9691
-7.2196 1.8680 -2.4789 0.9691
-7.3790 1.0815 -2.4790 0.9691
-7.4133 0.8161 -2.4791 0.9691
-7.4593 0.0148 -2.4795 0.9690
-7.4555 -0.2529 -2.4797 0.9690
-7.3453 -1.3174 -2.4806 0.9690
-7.1636 -2.0997 -2.4814 0.9690
-7.0846 -2.3557 -2.4817 0.9690
-6.8993 -2.8585 -2.4824 0.9690
-6.6785 -3.3469 -2.4832 0.9690
-6.2833 -4.0472 -2.4844 0.9690
-5.9791 -4.4890 -2.4853 0.9690
-5.8152 -4.7015 -2.4857 0.9690
-4.8876 -5.6695 -2.4882 0.9689
-4.2528 -6.1658 -2.4898 0.9689
-4.0297 -6.3158 -2.4903 0.9689
-3.0875 -6.8334 -2.4925 0.9689
-2.5906 -7.0404 -2.4937 0.9689
-2.3369 -7.1305 -2.4942 0.9689
-2.0800 -7.2114 -2.4948 0.9689
-1.8204 -7.2830 -2.4954 0.9689
-1.5582 -7.3453 -2.4960 0.9688
-1.2940 -7.3982 -2.4965 0.9688
-0.7604 -7.4753 -2.4976 0.9688
0.3171 -7.5138 -2.4998 0.9688
0.8555 -7.4749 -2.5009 0.9688
1.3899 -7.3973 -2.5019 0.9688
1.6547 -7.3442 -2.5024 0.9688
1.9176 -7.2815 -2.5029 0.9688
2.9417 -6.9374 -2.5048 0.9687
3.1893 -6.8286 -2.5052 0.9687
3.4328 -6.7109 -2.5057 0.9687
3.6720 -6.5845 -2.5061 0.9687
4.5789 -5.9950 -2.5075 0.9687
4.7916 -5.8276 -2.5079 0.9687
4.9983 -5.6526 -2.5082 0.9687
5.1985 -5.4703 -2.5085 0.9687
5.3920 -5.2808 -2.5087 0.9687
5.9299 -4.6722 -2.5094 0.9687
6.2506 -4.2355 -2.5098 0.9687
6.3990 -4.0088 -2.5100 0.9687
6.5391 -3.7768 -2.5101 0.9687
6.6707 -3.5399 -2.5103 0.9687
6.7937 -3.2984 -2.5104 0.9687
6.9079 -3.0526 -2.5104 0.9687
7.0131 -2.8029 -2.5105 0.9687
7.1093 -2.5495 -2.5105 0.9687
7.2739 -2.0331 -2.5105 0.9687
7.3421 -1.7708 -2.5105 0.9687
7.4007 -1.5062 -2.5105 0.9687
7.4498 -1.2397 -2.5104 0.9687
7.5211 0.6509 -2.5094 0.9687
7.4922 0.9202 -2.5092 0.9687
7.4537 1.1884 -2.5089 0.9687
7.4055 1.4549 -2.5087 0.9687
7.3477 1.7194 -2.5084 0.9687
7.1177 2.4981 -2.5075 0.9687
7.0225 2.7515 -2.5071 0.9687
6.8051 3.2471 -2.5064 0.9687
6.4136 3.9576 -2.5051 0.9687
6.1111 4.4058 -2.5043 0.9687
5.9480 4.6213 -2.5038 0.9687
5.7773 4.8309 -2.5033 0.9688
5.4139 5.2307 -2.5023 0.9688
5.2217 5.4205 -2.5018 0.9688
5.0228 5.6032 -2.5013 0.9688
4.3888 6.1066 -2.4997 0.9688
4.1660 6.2588 -2.4992 0.9688
-1.6980 6.7442 -2.4870 0.9709
-1.9385 6.6777 -2.4866 0.9709
-2.1765 6.6027 -2.4862 0.9709
-3.3173 6.1033 -2.4842 0.9709
-3.7454 5.8481 -2.4834 0.9709
-4.1541 5.5629 -2.4828 0.9709
-4.3504 5.4096 -2.4825 0.9709
-4.5412 5.2495 -2.4822 0.9709
-5.2434 4.5440 -2.4812 0.9710
-5.8379 3.7461 -2.4805 0.9710
-6.0909 3.3175 -2.4803 0.9710
-6.5844 2.1768 -2.4800 0.9710
-6.7235 1.6991 -2.4800 0.9710
-6.8283 1.2126 -2.4801 0.9710
-6.9198 0.4719 -2.4803 0.9710
-6.9366 -0.0256 -2.4806 0.9710
-6.9317 -0.2745 -2.4808 0.9710
-6.9179 -0.5231 -2.4809 0.9710
-6.8952 -0.7710 -2.4811 0.9710
-6.8234 -1.2637 -2.4816 0.9710
-6.7743 -1.5079 -2.4818 0.9709
-6.7166 -1.7502 -2.4821 0.9709
-6.4002 -2.6944 -2.4833 0.9709
-6.1923 -3.1473 -2.4840 0.9709
-6.0763 -3.3679 -2.4844 0.9709
-5.8209 -3.7962 -2.4852 0.9709
-5.6819 -4.0033 -2.4856 0.9709
-5.5355 -4.2053 -2.4860 0.9709
-5.0543 -4.7783 -2.4873 0.9709
-4.7004 -5.1304 -2.4882 0.9709
-4.3220 -5.4564 -2.4892 0.9709
-4.1243 -5.6090 -2.4897 0.9709
-3.7129 -5.8927 -2.4907 0.9708
-3.4998 -6.0234 -2.4912 0.9708
-3.0601 -6.2615 -2.4923 0.9708
-2.8341 -6.3686 -2.4928 0.9708
-1.8954 -6.7142 -2.4949 0.9708
-0.6674 -6.9520 -2.4975 0.9708
-0.4176 -6.9729 -2.4980 0.9708
0.3343 -6.9817 -2.4996 0.9707
0.8344 -6.9425 -2.5005 0.9707
1.0832 -6.9094 -2.5010 0.9707
1.3307 -6.8674 -2.5015 0.9707
1.5765 -6.8165 -2.5020 0.9707
2.0620 -6.6883 -2.5029 0.9707
2.3011 -6.6111 -2.5033 0.9707
3.4468 -6.0992 -2.5053 0.9707
4.0839 -5.6958 -2.5063 0.9707
4.2862 -5.5463 -2.5067 0.9707
4.4830 -5.3896 -2.5070 0.9707
4.6740 -5.2259 -2.5073 0.9707
4.8590 -5.0554 -2.5075 0.9707
5.2101 -4.6948 -2.5080 0.9706
5.5343 -4.3098 -2.5084 0.9706
5.8299 -3.9024 -2.5088 0.9706
6.0954 -3.4746 -2.5090 0.9706
6.3294 -3.0288 -2.5092 0.9706
6.4342 -2.7998 -2.5093 0.9706
6.5307 -2.5672 -2.5094 0.9706
6.6186 -2.3313 -2.5094 0.9706
6.8308 -1.6065 -2.5094 0.9706
6.9896 -0.6128 -2.5091 0.9706
7.0148 -0.1099 -2.5088 0.9706
7.0138 0.1418 -2.5087 0.9706
7.0037 0.3934 -2.5085 0.9706
6.9563 0.8945 -2.5081 0.9706
6.9191 1.1434 -2.5079 0.9706
6.8730 1.3908 -2.5076 0.9707
6.7541 1.8797 -2.5071 0.9707
6.5106 2.5936 -2.5062 0.9707
6.3061 3.0530 -2.5055 0.9707
6.0691 3.4963 -2.5047 0.9707
5.6555 4.1262 -2.5035 0.9707
4.8239 5.0647 -2.5012 0.9707
4.6382 5.2336 -2.5008 0.9707
4.4465 5.3956 -2.5003 0.9707
4.2493 5.5505 -2.4998 0.9707
4.0465 5.6983 -2.4993 0.9707
3.6260 5.9714 -2.4983 0.9708
3.1872 6.2135 -2.4972 0.9708
2.2635 6.5999 -2.4951 0.9708
1.5403 6.8006 -2.4935 0.9708
1.2950 6.8501 -2.4930 0.9708
1.0482 6.8907 -2.4925 0.9708
0.5511 6.9452 -2.4915 0.9708
-0.6966 6.9250 -2.4889 0.9709
-0.9445 6.8943 -2.4885 0.9709
-1.1910 6.8546 -2.4880 0.9709
-1.4359 6.8062 -2.4875 0.9709
-1.6789 6.7491 -2.4871 0.9709
-1.9196 6.6833 -2.4866 0.9709
-2.1578 6.6090 -2.4862 0.9709
-2.8540 6.3357 -2.4849 0.9709
-3.0790 6.2282 -2.4846 0.9709
-3.9361 5.7204 -2.4831 0.9709
-4.1383 5.5748 -2.4828 0.9709
-4.3351 5.4220 -2.4825 0.9709
-4.7117 5.0960 -2.4820 0.9709
-4.8910 4.9232 -2.4817 0.9709
-5.0640 4.7441 -2.4815 0.9710
-5.3903 4.3679 -2.4810 0.9710
-5.5431 4.1714 -2.4808 0.9710
-5.8272 3.7626 -2.4805 0.9710
-6.0814 3.3347 -2.4803 0.9710
-6.1969 3.1142 -2.4802 0.9710
-6.3045 2.8898 -2.4801 0.9710
-6.4039 2.6617 -2.4800 0.9710
-6.4952 2.4301 -2.4800 0.9710
-6.5782 2.1955 -2.4800 0.9710
-6.6527 1.9581 -2.4800 0.9710
-6.8248 1.2319 -2.4801 0.9710
-6.8648 0.9863 -2.4801 0.9710
-6.8960 0.7394 -2.4802 0.9710
-6.9184 0.4915 -2.4803 0.9710
-6.9320 0.2429 -2.4804 0.9710
-6.9324 -0.2548 -2.4807 0.9710
-6.8973 -0.7515 -2.4811 0.9710
-6.7785 -1.4887 -2.4818 0.9709
-6.0857 -3.3507 -2.4844 0.9709
-5.8316 -3.7796 -2.4851 0.9709
-5.3944 -4.3866 -2.4864 0.9709
-5.2345 -4.5781 -2.4868 0.9709
-5.0678 -4.7639 -2.4873 0.9709
-4.8945 -4.9436 -2.4877 0.9709
-4.1401 -5.5972 -2.4897 0.9709
-3.9374 -5.7433 -2.4902 0.9709
-3.7296 -5.8821 -2.4907 0.9708
-3.0778 -6.2527 -2.4922 0.9708
-2.6226 -6.4600 -2.4933 0.9708
-2.3896 -6.5513 -2.4938 0.9708
-1.4290 -6.8316 -2.4959 0.9708
-1.1832 -6.8799 -2.4964 0.9708
-0.9358 -6.9194 -2.4970 0.9708
0.3145 -6.9825 -2.4995 0.9707
0.8147 -6.9447 -2.5005 0.9707
1.5571 -6.8208 -2.5019 0.9707
2.0430 -6.6940 -2.5028 0.9707
2.7519 -6.4390 -2.5041 0.9707
2.9816 -6.3371 -2.5045 0.9707
3.2076 -6.2270 -2.5049 0.9707
3.6470 -5.9827 -2.5056 0.9707
3.8598 -5.8488 -2.5060 0.9707
4.0677 -5.7073 -2.5063 0.9707
4.4677 -5.4023 -2.5069 0.9707
4.6592 -5.2391 -2.5072 0.9707
5.1967 -4.7095 -2.5080 0.9706
5.5220 -4.3255 -2.5084 0.9706
5.9560 -3.7078 -2.5089 0.9706
6.0855 -3.4919 -2.5090 0.9706
6.6120 -2.3500 -2.5094 0.9706
6.7635 -1.8698 -2.5094 0.9706
6.9250 -1.1321 -2.5093 0.9706
6.9609 -0.8829 -2.5092 0.9706
6.9878 -0.6326 -2.5091 0.9706
7.0145 -0.1298 -2.5089 0.9706
7.0048 0.3735 -2.5085 0.9706
6.9864 0.6246 -2.5083 0.9706
6.9224 1.1238 -2.5079 0.9706
6.8769 1.3713 -2.5077 0.9707
6.8226 1.6170 -2.5074 0.9707
6.6070 2.3399 -2.5065 0.9707
6.2009 3.2592 -2.5051 0.9707
5.9494 3.6944 -2.5044 0.9707
5.8120 3.9049 -2.5040 0.9707
5.6672 4.1102 -2.5035 0.9707
5.5152 4.3101 -2.5031 0.9707
5.1900 4.6929 -2.5022 0.9707
5.0174 4.8752 -2.5018 0.9707
4.8383 5.0511 -2.5013 0.9707
4.6531 5.2205 -2.5008 0.9707
4.4619 5.3830 -2.5003 0.9707
4.2650 5.5385 -2.4998 0.9707
4.0628 5.6869 -2.4993 0.9707
3.8553 5.8278 -2.4988 0.9708
3.4260 6.0868 -2.4978 0.9708
2.9795 6.3142 -2.4968 0.9708
2.5179 6.5088 -2.4957 0.9708
1.5596 6.7963 -2.4936 0.9708
0.5708 6.9437 -2.4915 0.9708
0.3212 6.9583 -2.4910 0.9708
-0.1786 6.9606 -2.4900 0.9709
-0.6770 6.9271 -2.4890 0.9709
-0.9249 6.8970 -2.4885 0.9709
-1.4166 6.8104 -2.4876 0.9709
-1.6598 6.7539 -2.4871 0.9709
-1.9007 6.6888 -2.4867 0.9709
-2.1391 6.6151 -2.4862 0.9709
-3.2827 6.1222 -2.4842 0.9709
-4.1225 5.5865 -2.4828 0.9709
-4.5115 5.2752 -2.4822 0.9709
-4.6973 5.1094 -2.4820 0.9709
-4.8771 4.9371 -2.4817 0.9709
-5.3779 4.3832 -2.4810 0.9710
-5.5313 4.1871 -2.4809 0.9710
-5.8166 3.7792 -2.4805 0.9710
-6.0720 3.3520 -2.4803 0.9710
-6.3964 2.6798 -2.4800 0.9710
-6.4883 2.4485 -2.4800 0.9710
-6.5719 2.2142 -2.4800 0.9710
-6.6471 1.9769 -2.4800 0.9710
-6.8620 1.0057 -2.4801 0.9710
-6.8939 0.7589 -2.4802 0.9710
-6.9312 0.2626 -2.4804 0.9710
-6.9330 -0.2352 -2.4807 0.9710
-6.8994 -0.7319 -2.4811 0.9710
-6.7263 -1.7120 -2.4821 0.9709
-6.6613 -1.9525 -2.4823 0.9709
-6.5877 -2.1905 -2.4826 0.9709
-6.4153 -2.6580 -2.4833 0.9709
-6.3167 -2.8868 -2.4836 0.9709
-6.2099 -3.1121 -2.4840 0.9709
-6.0951 -3.3334 -2.4843 0.9709
-5.7044 -3.9709 -2.4855 0.9709
-5.5592 -4.1737 -2.4859 0.9709
-5.4067 -4.3712 -2.4864 0.9709
-5.0812 -4.7494 -2.4872 0.9709
-4.7293 -5.1035 -2.4882 0.9709
-4.3528 -5.4316 -2.4891 0.9709
-4.1559 -5.5854 -2.4896 0.9709
-3.9536 -5.7320 -2.4901 0.9709
-3.3168 -6.1275 -2.4917 0.9708
-2.1722 -6.6280 -2.4943 0.9708
-1.4484 -6.8274 -2.4959 0.9708
-1.2027 -6.8764 -2.4964 0.9708
-0.9554 -6.9166 -2.4969 0.9708
0.2947 -6.9832 -2.4995 0.9707
1.2917 -6.8746 -2.5014 0.9707
1.5378 -6.8251 -2.5019 0.9707
2.5001 -6.5395 -2.5037 0.9707
2.7336 -6.4467 -2.5041 0.9707
3.1899 -6.2360 -2.5049 0.9707
3.4121 -6.1185 -2.5052 0.9707
3.6300 -5.9930 -2.5056 0.9707
4.8302 -5.0828 -2.5075 0.9707
5.0100 -4.9067 -2.5077 0.9706
5.1833 -4.7242 -2.5080 0.9706
5.3500 -4.5356 -2.5082 0.9706
6.3121 -3.0646 -2.5092 0.9706
6.5160 -2.6042 -2.5094 0.9706
6.8216 -1.6453 -2.5094 0.9706
6.8761 -1.3994 -2.5094 0.9706
6.9217 -1.1518 -2.5093 0.9706
7.0141 -0.1497 -2.5089 0.9706
6.9881 0.6048 -2.5084 0.9706
6.9614 0.8550 -2.5081 0.9706
6.9256 1.1042 -2.5079 0.9706
6.8272 1.5977 -2.5074 0.9707
6.6935 2.0827 -2.5069 0.9707
6.6137 2.3212 -2.5065 0.9707
6.0889 3.4619 -2.5048 0.9707
5.5274 4.2945 -2.5031 0.9707
5.0312 4.8610 -2.5018 0.9707
4.4772 5.3704 -2.5004 0.9707
3.6599 5.9509 -2.4983 0.9708
-1.3582 6.3486 -2.4880 0.9726
-2.4675 5.9994 -2.4859 0.9726
-2.6807 5.9061 -2.4856 0.9726
-2.8905 5.8053 -2.4852 0.9726
-3.0965 5.6970 -2.4848 0.9726
-3.4961 5.4589 -2.4842 0.9726
-3.6893 5.3292 -2.4839 0.9726
-3.8777 5.1928 -2.4836 0.9726
-4.0610 5.0498 -2.4833 0.9726
-4.2391 4.9003 -2.4830 0.9726
-4.5787 4.5827 -2.4825 0.9726
-4.7398 4.4151 -2.4823 0.9726
-4.8947 4.2418 -2.4821 0.9726
-5.0434 4.0632 -2.4819 0.9726
-5.3211 3.6905 -2.4816 0.9726
-5.4498 3.4970 -2.4814 0.9726
-5.6860 3.0969 -2.4812 0.9726
-5.8930 2.6810 -2.4810 0.9726
-5.9853 2.4678 -2.4810 0.9726
-6.0699 2.2514 -2.4810 0.9726
-6.2157 1.8103 -2.4809 0.9726
-6.2767 1.5861 -2.4809 0.9726
-6.3296 1.3599 -2.4810 0.9726
-6.4111 0.9025 -2.4811 0.9726
-6.4396 0.6720 -2.4812 0.9726
-6.4598 0.4405 -2.4813 0.9726
-6.4718 0.2084 -2.4814 0.9726
-6.4755 -0.0239 -2.4815 0.9726
-6.4579 -0.4883 -2.4818 0.9726
-6.4072 -0.9503 -2.4822 0.9726
-6.3696 -1.1797 -2.4824 0.9726
-6.2698 -1.6338 -2.4829 0.9726
-6.0600 -2.2988 -2.4838 0.9726
-5.9743 -2.5151 -2.4841 0.9726
-5.8810 -2.7281 -2.4844 0.9726
-5.3035 -3.7366 -2.4862 0.9726
-5.1668 -3.9251 -2.4866 0.9726
-5.0234 -4.1087 -2.4870 0.9726
-4.8736 -4.2870 -2.4874 0.9726
-4.0338 -5.0924 -2.4896 0.9726
-3.8492 -5.2349 -2.4900 0.9725
-3.6595 -5.3706 -2.4905 0.9725
-3.2662 -5.6214 -2.4914 0.9725
-2.6448 -5.9433 -2.4929 0.9725
-2.4303 -6.0355 -2.4934 0.9725
-2.2127 -6.1200 -2.4939 0.9725
-1.9920 -6.1967 -2.4944 0.9725
-1.5431 -6.3261 -2.4954 0.9725
-0.8549 -6.4591 -2.4968 0.9725
-0.6227 -6.4869 -2.4973 0.9725
-0.1560 -6.5173 -2.4983 0.9725
0.0780 -6.5200 -2.4988 0.9725
1.9238 -6.2399 -2.5023 0.9724
2.1468 -6.1679 -2.5027 0.9724
2.3671 -6.0878 -2.5031 0.9724
2.5844 -5.9999 -2.5035 0.9724
2.7984 -5.9042 -2.5039 0.9724
3.0089 -5.8008 -2.5042 0.9724
3.2155 -5.6899 -2.5046 0.9724
3.4181 -5.5716 -2.5049 0.9724
3.8098 -5.3135 -2.5056 0.9724
4.8602 -4.3795 -2.5071 0.9724
5.3038 -3.8327 -2.5077 0.9724
5.5657 -3.4429 -2.5080 0.9724
6.0018 -2.6117 -2.5083 0.9724
6.0918 -2.3947 -2.5084 0.9724
6.3139 -1.7262 -2.5084 0.9724
6.3717 -1.4986 -2.5084 0.9724
6.4213 -1.2690 -2.5084 0.9724
6.4954 -0.8052 -2.5082 0.9724
6.5359 -0.3373 -2.5080 0.9724
6.5426 0.1323 -2.5077 0.9724
6.5153 0.6011 -2.5074 0.9724
6.4891 0.8344 -2.5072 0.9724
6.4544 1.0666 -2.5070 0.9724
6.4114 1.2974 -2.5068 0.9724
6.3601 1.5264 -2.5065 0.9724
6.1572 2.2003 -2.5057 0.9724
6.0736 2.4195 -2.5054 0.9724
5.8829 2.8481 -2.5047 0.9724
5.5404 3.4623 -2.5037 0.9724
5.2763 3.8495 -2.5029 0.9724
4.9850 4.2166 -2.5021 0.9724
4.8297 4.3920 -2.5017 0.9724
4.3275 4.8830 -2.5004 0.9724
4.1487 5.0342 -2.4999 0.9724
3.7756 5.3168 -2.4990 0.9725
3.5818 5.4478 -2.4985 0.9725
3.3833 5.5717 -2.4980 0.9725
3.1806 5.6885 -2.4975 0.9725
2.9739 5.7978 -2.4971 0.9725
2.1122 6.1587 -2.4951 0.9725
1.6645 6.2919 -2.4941 0.9725
1.2085 6.3925 -2.4931 0.9725
0.7467 6.4602 -2.4921 0.9725
0.2813 6.4946 -2.4912 0.9725
-0.1851 6.4956 -2.4902 0.9725
-0.4179 6.4836 -2.4898 0.9726
-0.6502 6.4632 -2.4893 0.9726
-0.8815 6.4346 -2.4889 0.9726
-1.3402 6.3525 -2.4880 0.9726
-2.2337 6.0915 -2.4864 0.9726
-2.8740 5.8135 -2.4852 0.9726
-3.4807 5.4688 -2.4842 0.9726
-3.6742 5.3397 -2.4839 0.9726
-4.0467 5.0613 -2.4833 0.9726
-4.3983 4.7571 -2.4828 0.9726
-5.3106 3.7056 -2.4816 0.9726
-5.6772 3.1130 -2.4812 0.9726
-5.7850 2.9072 -2.4811 0.9726
-5.8854 2.6977 -2.4811 0.9726
-5.9783 2.4848 -2.4810 0.9726
-6.2105 1.8279 -2.4809 0.9726
-6.3257 1.3779 -2.4810 0.9726
-6.4085 0.9207 -2.4811 0.9726
-6.4377 0.6902 -2.4812 0.9726
-6.4585 0.4588 -2.4813 0.9726
-6.4592 -0.4700 -2.4818 0.9726
-6.4387 -0.7015 -2.4820 0.9726
-6.4099 -0.9321 -2.4822 0.9726
-6.2743 -1.6160 -2.4829 0.9726
-6.2130 -1.8402 -2.4832 0.9726
-5.8886 -2.7114 -2.4844 0.9726
-5.7883 -2.9214 -2.4847 0.9726
-5.6806 -3.1276 -2.4850 0.9726
-5.4432 -3.5279 -2.4858 0.9726
-5.3140 -3.7215 -2.4861 0.9726
-5.0350 -4.0944 -2.4869 0.9726
-4.8857 -4.2731 -2.4873 0.9726
-4.7300 -4.4464 -2.4878 0.9726
-4.4005 -4.7758 -2.4886 0.9726
-4.0481 -5.0809 -2.4895 0.9726
-3.8639 -5.2239 -2.4900 0.9726
-3.4807 -5.4896 -2.4909 0.9725
-3.0792 -5.7272 -2.4919 0.9725
-2.0096 -6.1909 -2.4943 0.9725
-1.7865 -6.2603 -2.4948 0.9725
-1.5610 -6.3216 -2.4953 0.9725
-1.3335 -6.3748 -2.4958 0.9725
-1.1041 -6.4198 -2.4963 0.9725
-0.8732 -6.4565 -2.4968 0.9725
-0.6411 -6.4850 -2.4973 0.9725
-0.4081 -6.5051 -2.4978 0.9725
-0.1745 -6.5168 -2.4982 0.9725
0.0595 -6.5201 -2.4987 0.9725
1.4528 -6.3637 -2.5014 0.9724
1.9061 -6.2453 -2.5023 0.9724
2.3498 -6.0944 -2.5031 0.9724
2.7816 -5.9120 -2.5038 0.9724
2.9924 -5.8093 -2.5042 0.9724
3.1994 -5.6990 -2.5046 0.9724
3.4022 -5.5812 -2.5049 0.9724
3.6008 -5.4563 -2.5052 0.9724
3.7947 -5.3242 -2.5055 0.9724
4.1677 -5.0396 -2.5061 0.9724
4.5193 -4.7287 -2.5066 0.9724
4.8477 -4.3932 -2.5071 0.9724
5.0026 -4.2168 -2.5073 0.9724
5.4279 -3.6556 -2.5078 0.9724
5.5558 -3.4587 -2.5079 0.9724
5.7901 -3.0516 -2.5082 0.9724
6.0850 -2.4120 -2.5084 0.9724
6.1677 -2.1921 -2.5084 0.9724
6.2424 -1.9694 -2.5084 0.9724
6.4177 -1.2872 -2.5084 0.9724
6.4596 -1.0561 -2.5083 0.9724
6.5183 -0.5901 -2.5081 0.9724
6.5350 -0.3558 -2.5080 0.9724
6.5429 0.1138 -2.5078 0.9724
6.4915 0.8160 -2.5072 0.9724
6.3645 1.5084 -2.5065 0.9724
6.2386 1.9605 -2.5060 0.9724
6.1635 2.1829 -2.5057 0.9724
5.9896 2.6186 -2.5051 0.9724
5.8910 2.8314 -2.5048 0.9724
5.6712 3.2457 -2.5041 0.9724
5.5503 3.4466 -2.5037 0.9724
5.4222 3.6430 -2.5033 0.9724
5.2872 3.8346 -2.5029 0.9724
5.1454 4.0212 -2.5025 0.9724
4.9970 4.2025 -2.5021 0.9724
4.6812 4.5485 -2.5013 0.9724
4.5141 4.7127 -2.5008 0.9724
4.3414 4.8708 -2.5004 0.9724
4.1631 5.0225 -2.4999 0.9724
3.9794 5.1677 -2.4995 0.9724
3.5973 5.4377 -2.4985 0.9725
2.9904 5.7894 -2.4971 0.9725
2.5665 5.9866 -2.4961 0.9725
2.1297 6.1528 -2.4951 0.9725
1.9072 6.2241 -2.4946 0.9725
1.6823 6.2872 -2.4941 0.9725
1.2266 6.3892 -2.4932 0.9725
0.9964 6.4278 -2.4927 0.9725
0.5327 6.4802 -2.4917 0.9725
0.2998 6.4939 -2.4912 0.9725
-0.1666 6.4962 -2.4903 0.9725
-0.3996 6.4848 -2.4898 0.9726
-0.8633 6.4371 -2.4889 0.9726
-1.0935 6.4009 -2.4885 0.9726
-1.5491 6.3038 -2.4876 0.9726
-1.7740 6.2431 -2.4872 0.9726
-2.4335 6.0134 -2.4860 0.9726
-3.0642 5.7146 -2.4849 0.9726
-3.2668 5.6002 -2.4846 0.9726
-3.4652 5.4787 -2.4842 0.9726
-3.8482 5.2148 -2.4836 0.9726
-4.5527 4.6087 -2.4826 0.9726
-4.7147 4.4420 -2.4823 0.9726
-4.8707 4.2696 -2.4821 0.9726
-5.0203 4.0918 -2.4819 0.9726
-5.1635 3.9087 -2.4818 0.9726
-5.3001 3.7207 -2.4816 0.9726
-5.4299 3.5279 -2.4815 0.9726
-5.5527 3.3307 -2.4813 0.9726
-5.6684 3.1291 -2.4812 0.9726
-5.7768 2.9236 -2.4811 0.9726
-5.8778 2.7144 -2.4811 0.9726
-6.0571 2.2858 -2.4810 0.9726
-6.2053 1.8455 -2.4809 0.9726
-6.2676 1.6217 -2.4809 0.9726
-6.3218 1.3958 -2.4810 0.9726
-6.4059 0.9389 -2.4811 0.9726
-6.4357 0.7084 -2.4812 0.9726
-6.4721 -0.2196 -2.4817 0.9726
-6.4605 -0.4517 -2.4818 0.9726
-6.3315 -1.3717 -2.4826 0.9726
-6.2789 -1.5982 -2.4829 0.9726
-6.2181 -1.8226 -2.4832 0.9726
-6.1494 -2.0448 -2.4834 0.9726
-6.0728 -2.2644 -2.4837 0.9726
-5.8962 -2.6947 -2.4843 0.9726
-5.5748 -3.3140 -2.4854 0.9726
-5.4532 -3.5125 -2.4857 0.9726
-5.1888 -3.8957 -2.4865 0.9726
-5.0465 -4.0800 -2.4869 0.9726
-4.8977 -4.2592 -2.4873 0.9726
-4.7425 -4.4329 -2.4877 0.9726
-4.0625 -5.0693 -2.4895 0.9726
-3.8787 -5.2128 -2.4900 0.9726
-3.6898 -5.3496 -2.4904 0.9725
-2.6784 -5.9280 -2.4928 0.9725
-2.4644 -6.0214 -2.4933 0.9725
-2.0271 -6.1851 -2.4943 0.9725
-1.8042 -6.2551 -2.4948 0.9725
-1.5789 -6.3171 -2.4953 0.9725
-1.3515 -6.3709 -2.4958 0.9725
-0.6595 -6.4830 -2.4972 0.9725
-0.4265 -6.5038 -2.4977 0.9725
-0.1929 -6.5162 -2.4982 0.9725
0.2750 -6.5157 -2.4991 0.9725
0.7418 -6.4816 -2.5001 0.9724
0.9740 -6.4520 -2.5005 0.9724
1.2051 -6.4140 -2.5010 0.9724
1.4347 -6.3677 -2.5014 0.9724
1.8883 -6.2506 -2.5022 0.9724
2.1117 -6.1798 -2.5027 0.9724
2.3325 -6.1010 -2.5031 0.9724
2.5503 -6.0143 -2.5034 0.9724
2.7648 -5.9198 -2.5038 0.9724
3.1832 -5.7079 -2.5045 0.9724
3.3864 -5.5908 -2.5049 0.9724
3.7795 -5.3349 -2.5055 0.9724
4.1534 -5.0513 -2.5061 0.9724
4.6735 -4.5772 -2.5069 0.9724
4.8352 -4.4069 -2.5071 0.9724
5.1396 -4.0495 -2.5075 0.9724
5.2819 -3.8627 -2.5076 0.9724
5.4175 -3.6709 -2.5078 0.9724
5.6674 -3.2733 -2.5081 0.9724
5.7814 -3.0680 -2.5082 0.9724
5.9869 -2.6456 -2.5083 0.9724
6.0781 -2.4292 -2.5084 0.9724
6.3041 -1.7620 -2.5084 0.9724
6.4140 -1.3054 -2.5084 0.9724
6.4566 -1.0744 -2.5083 0.9724
6.4908 -0.8420 -2.5082 0.9724
6.5352 0.3299 -2.5076 0.9724
6.5187 0.5641 -2.5074 0.9724
6.4938 0.7976 -2.5072 0.9724
6.4188 1.2610 -2.5068 0.9724
6.3688 1.4904 -2.5066 0.9724
6.3105 1.7177 -2.5063 0.9724
6.1697 2.1654 -2.5057 0.9724
5.8991 2.8148 -2.5048 0.9724
5.6805 3.2297 -2.5041 0.9724
5.5601 3.4309 -2.5037 0.9724
5.4326 3.6276 -2.5034 0.9724
5.2981 3.8196 -2.5030 0.9724
5.0089 4.1884 -2.5022 0.9724
4.6941 4.5353 -2.5013 0.9724
4.5276 4.6999 -2.5009 0.9724
4.3552 4.8585 -2.5004 0.9724
3.9941 5.1564 -2.4995 0.9724
-1.4842 5.8950 -2.4880 0.9741
-1.9025 5.7716 -2.4872 0.9741
-2.1081 5.6988 -2.4868 0.9741
-2.5106 5.5314 -2.4861 0.9741
-3.0892 5.2275 -2.4852 0.9741
-3.9704 4.5896 -2.4838 0.9741
-4.1321 4.4438 -2.4835 0.9741
-4.2885 4.2923 -2.4833 0.9741
-4.4394 4.1353 -2.4831 0.9741
-4.8570 3.6335 -2.4826 0.9741
-4.9840 3.4567 -2.4824 0.9741
-5.2185 3.0901 -2.4822 0.9741
-5.3258 2.9008 -2.4821 0.9741
-5.5198 2.5112 -2.4819 0.9741
-5.6854 2.1088 -2.4818 0.9741
-5.8791 1.4857 -2.4818 0.9741
-5.9287 1.2738 -2.4818 0.9741
-5.9707 1.0603 -2.4819 0.9741
-6.0506 0.4126 -2.4821 0.9741
-6.0618 0.1952 -2.4822 0.9741
-6.0608 -0.2400 -2.4825 0.9741
-6.0487 -0.4574 -2.4827 0.9741
-6.0288 -0.6741 -2.4828 0.9741
-6.0012 -0.8901 -2.4830 0.9741
-5.9229 -1.3184 -2.4834 0.9741
-5.8724 -1.5302 -2.4837 0.9741
-5.8143 -1.7401 -2.4839 0.9741
-5.5955 -2.3555 -2.4847 0.9741
-5.2036 -3.1334 -2.4860 0.9741
-4.9669 -3.4995 -2.4867 0.9741
-4.8388 -3.6760 -2.4871 0.9741
-4.5642 -4.0148 -2.4878 0.9741
-4.1083 -4.4842 -2.4890 0.9741
-3.7774 -4.7688 -2.4899 0.9740
-3.6045 -4.9022 -2.4903 0.9740
-3.2448 -5.1498 -2.4912 0.9740
-3.0585 -5.2639 -2.4916 0.9740
-2.8682 -5.3712 -2.4921 0.9740
-2.2757 -5.6514 -2.4935 0.9740
-1.8652 -5.8022 -2.4944 0.9740
-1.6561 -5.8665 -2.4948 0.9740
-1.4449 -5.9232 -2.4953 0.9740
-0.8004 -6.0475 -2.4967 0.9740
-0.5831 -6.0735 -2.4971 0.9740
-0.3648 -6.0916 -2.4976 0.9740
0.0730 -6.1042 -2.4985 0.9740
0.2920 -6.0988 -2.4989 0.9740
0.7289 -6.0642 -2.4998 0.9739
0.9462 -6.0352 -2.5002 0.9739
1.1623 -5.9983 -2.5006 0.9739
1.3770 -5.9537 -2.5010 0.9739
1.8010 -5.8415 -2.5018 0.9739
2.6196 -5.5270 -2.5033 0.9739
2.8166 -5.4302 -2.5036 0.9739
3.0101 -5.3263 -2.5039 0.9739
3.1996 -5.2155 -2.5043 0.9739
3.3851 -5.0980 -2.5046 0.9739
3.5663 -4.9738 -2.5049 0.9739
3.7428 -4.8432 -2.5051 0.9739
4.5493 -4.0994 -2.5063 0.9739
4.6938 -3.9338 -2.5065 0.9739
4.9645 -3.5875 -2.5068 0.9739
5.4277 -2.8410 -2.5073 0.9739
5.6178 -2.4445 -2.5075 0.9739
5.7019 -2.2414 -2.5075 0.9739
5.9099 -1.6158 -2.5075 0.9739
5.9640 -1.4027 -2.5075 0.9739
6.0104 -1.1878 -2.5075 0.9739
6.1027 -0.5350 -2.5073 0.9739
6.1177 -0.3157 -2.5072 0.9739
6.0985 0.5626 -2.5066 0.9739
6.0740 0.7810 -2.5064 0.9739
6.0416 0.9984 -2.5062 0.9739
3.0488 0.7317 -1.2832 0.9865
3.0015 0.8353 -1.2751 0.9866
2.9990 1.0717 -1.3034 0.9863
5.4070 2.8616 -2.5038 0.9739
5.3002 3.0533 -2.5034 0.9739
5.1865 3.2411 -2.5031 0.9739
4.8061 3.7780 -2.5020 0.9739
4.5214 4.1117 -2.5012 0.9739
4.2135 4.4239 -2.5004 0.9739
4.0514 4.5714 -2.5000 0.9739
3.8841 4.7131 -2.4996 0.9739
2.9779 5.3259 -2.4974 0.9740
2.5874 5.5237 -2.4964 0.9740
2.3871 5.6120 -2.4960 0.9740
1.7692 5.8327 -2.4946 0.9740
1.5585 5.8914 -2.4941 0.9740
1.3459 5.9424 -2.4937 0.9740
1.1316 5.9858 -2.4932 0.9740
0.6992 6.0493 -2.4923 0.9740
0.0451 6.0861 -2.4910 0.9740
-0.6089 6.0526 -2.4897 0.9741
-1.0410 5.9913 -2.4888 0.9741
-1.2551 5.9491 -2.4884 0.9741
-1.4675 5.8993 -2.4880 0.9741
-1.6780 5.8419 -2.4876 0.9741
-1.8862 5.7771 -2.4872 0.9741
-2.0920 5.7048 -2.4869 0.9741
-2.4950 5.5385 -2.4862 0.9741
-2.6917 5.4447 -2.4858 0.9741
-2.8849 5.3439 -2.4855 0.9741
-3.0744 5.2363 -2.4852 0.9741
-3.2599 5.1220 -2.4849 0.9741
-3.6180 4.8739 -2.4843 0.9741
-3.7902 4.7404 -2.4840 0.9741
-4.4277 4.1479 -2.4831 0.9741
-4.5733 3.9860 -2.4829 0.9741
-4.7130 3.8191 -2.4827 0.9741
-4.8467 3.6473 -2.4826 0.9741
-5.4186 2.7231 -2.4820 0.9741
-5.5996 2.3274 -2.4819 0.9741
-5.6794 2.1249 -2.4818 0.9741
-5.8749 1.5023 -2.4818 0.9741
-5.9251 1.2906 -2.4818 0.9741
-5.9676 1.0772 -2.4819 0.9741
-6.0026 0.8624 -2.4819 0.9741
-6.0299 0.6465 -2.4820 0.9741
-6.0652 -0.0052 -2.4823 0.9741
-6.0500 -0.4402 -2.4826 0.9741
-6.0307 -0.6570 -2.4828 0.9741
-5.9690 -1.0880 -2.4832 0.9741
-5.9266 -1.3016 -2.4834 0.9741
-5.8191 -1.7236 -2.4839 0.9741
-5.6817 -2.1369 -2.4844 0.9741
-5.6021 -2.3397 -2.4847 0.9741
-5.5152 -2.5395 -2.4850 0.9741
-5.4212 -2.7361 -2.4853 0.9741
-5.3202 -2.9292 -2.4856 0.9741
-5.0978 -3.3041 -2.4863 0.9741
-4.9767 -3.4854 -2.4867 0.9741
-4.8492 -3.6622 -2.4870 0.9741
-4.7154 -3.8344 -2.4874 0.9741
-4.5755 -4.0018 -2.4878 0.9741
-4.4296 -4.1640 -2.4882 0.9741
-4.1210 -4.4724 -2.4890 0.9741
-3.9585 -4.6182 -2.4894 0.9741
-3.7909 -4.7581 -2.4899 0.9740
-3.6184 -4.8918 -2.4903 0.9740
-3.0734 -5.2551 -2.4916 0.9740
-2.8834 -5.3630 -2.4921 0.9740
-2.6896 -5.4640 -2.4925 0.9740
-2.4923 -5.5580 -2.4930 0.9740
-2.2917 -5.6449 -2.4934 0.9740
-2.0880 -5.7245 -2.4939 0.9740
-1.4616 -5.9190 -2.4953 0.9740
-1.2485 -5.9688 -2.4957 0.9740
-0.8176 -6.0452 -2.4967 0.9740
-0.6003 -6.0717 -2.4971 0.9740
-0.3821 -6.0904 -2.4976 0.9740
-0.1633 -6.1013 -2.4980 0.9740
0.0557 -6.1043 -2.4985 0.9740
0.2747 -6.0995 -2.4989 0.9740
0.4935 -6.0868 -2.4993 0.9740
0.7117 -6.0662 -2.4998 0.9739
1.1453 -6.0015 -2.5006 0.9739
1.9933 -5.7796 -2.5022 0.9739
2.4033 -5.6234 -2.5029 0.9739
2.6039 -5.5343 -2.5033 0.9739
2.8012 -5.4381 -2.5036 0.9739
3.1848 -5.2245 -2.5042 0.9739
3.3706 -5.1075 -2.5045 0.9739
3.5521 -4.9839 -2.5048 0.9739
3.7291 -4.8538 -2.5051 0.9739
4.0684 -4.5748 -2.5056 0.9739
4.2303 -4.4263 -2.5059 0.9739
4.3868 -4.2720 -2.5061 0.9739
4.5376 -4.1122 -2.5063 0.9739
4.8215 -3.7768 -2.5067 0.9739
4.9543 -3.6016 -2.5068 0.9739
5.3134 -3.0488 -2.5072 0.9739
5.6956 -2.2576 -2.5075 0.9739
5.7730 -2.0518 -2.5075 0.9739
5.8429 -1.8434 -2.5075 0.9739
5.9053 -1.6325 -2.5075 0.9739
6.0070 -1.2048 -2.5075 0.9739
6.0462 -0.9885 -2.5074 0.9739
6.1012 -0.5523 -2.5073 0.9739
6.1168 -0.3330 -2.5072 0.9739
6.1001 0.5453 -2.5066 0.9739
6.0444 0.9812 -2.5062 0.9739
6.0048 1.1974 -2.5060 0.9739
2.9807 1.0556 -1.2942 0.9864
5.6918 2.2487 -2.5047 0.9739
5.5145 2.6505 -2.5041 0.9739
4.9495 3.5897 -2.5024 0.9739
4.6780 3.9342 -2.5016 0.9739
4.3824 4.2582 -2.5008 0.9739
3.8975 4.7021 -2.4996 0.9739
2.9931 5.3175 -2.4974 0.9740
2.7998 5.4205 -2.4969 0.9740
2.4030 5.6053 -2.4960 0.9740
2.1999 5.6868 -2.4956 0.9740
1.9941 5.7610 -2.4951 0.9740
1.5752 5.8870 -2.4942 0.9740
1.3627 5.9387 -2.4937 0.9740
1.1486 5.9826 -2.4933 0.9740
0.7163 6.0474 -2.4923 0.9740
0.4988 6.0681 -2.4919 0.9740
0.0623 6.0860 -2.4910 0.9740
-0.3742 6.0727 -2.4901 0.9740
-0.5917 6.0543 -2.4897 0.9741
-0.8084 6.0282 -2.4893 0.9741
-1.0240 5.9943 -2.4889 0.9741
-1.2382 5.9527 -2.4884 0.9741
-1.4508 5.9035 -2.4880 0.9741
-1.8698 5.7825 -2.4873 0.9741
-2.0758 5.7108 -2.4869 0.9741
-2.6763 5.4524 -2.4858 0.9741
-2.8698 5.3521 -2.4855 0.9741
-3.4270 5.0109 -2.4846 0.9741
-3.6042 4.8842 -2.4843 0.9741
-3.7767 4.7512 -2.4841 0.9741
-3.9444 4.6121 -2.4838 0.9741
-4.1069 4.4672 -2.4836 0.9741
-4.4159 4.1605 -2.4831 0.9741
-4.5620 3.9990 -2.4829 0.9741
-4.8364 3.6611 -2.4826 0.9741
-4.9643 3.4850 -2.4824 0.9741
-5.0859 3.3044 -2.4823 0.9741
-5.2009 3.1197 -2.4822 0.9741
-5.4108 2.7385 -2.4820 0.9741
-5.5055 2.5425 -2.4819 0.9741
-5.5930 2.3432 -2.4819 0.9741
-5.6734 2.1410 -2.4818 0.9741
-5.7465 1.9361 -2.4818 0.9741
-5.8706 1.5190 -2.4818 0.9741
-6.0001 0.8794 -2.4819 0.9741
-6.0481 0.4469 -2.4821 0.9741
-6.0606 0.2296 -2.4822 0.9741
-6.0652 0.0120 -2.4823 0.9741
-6.0512 -0.4230 -2.4826 0.9741
-6.0061 -0.8560 -2.4830 0.9741
-5.8809 -1.4969 -2.4836 0.9741
-5.8239 -1.7071 -2.4839 0.9741
-5.6877 -2.1208 -2.4844 0.9741
-5.6086 -2.3237 -2.4847 0.9741
-5.5223 -2.5238 -2.4850 0.9741
-4.8595 -3.6484 -2.4870 0.9741
-4.4414 -4.1514 -2.4882 0.9741
-4.2902 -4.3088 -2.4886 0.9741
-4.1336 -4.4607 -2.4890 0.9741
-3.9715 -4.6069 -2.4894 0.9741
-3.8043 -4.7472 -2.4898 0.9740
-3.6322 -4.8815 -2.4903 0.9740
-2.8985 -5.3547 -2.4920 0.9740
-2.7050 -5.4562 -2.4925 0.9740
-2.5080 -5.5508 -2.4929 0.9740
-2.3076 -5.6383 -2.4934 0.9740
-2.1042 -5.7185 -2.4939 0.9740
-1.8980 -5.7914 -2.4943 0.9740
-1.2654 -5.9651 -2.4957 0.9740
-1.0508 -6.0078 -2.4962 0.9740
-0.8347 -6.0427 -2.4966 0.9740
-0.6175 -6.0699 -2.4971 0.9740
-0.3994 -6.0892 -2.4975 0.9740
0.2574 -6.1001 -2.4989 0.9740
0.9119 -6.0403 -2.5001 0.9739
1.1282 -6.0047 -2.5006 0.9739
1.3432 -5.9613 -2.5010 0.9739
1.7678 -5.8515 -2.5018 0.9739
1.9769 -5.7852 -2.5021 0.9739
2.1835 -5.7113 -2.5025 0.9739
2.3874 -5.6302 -2.5029 0.9739
2.9797 -5.3432 -2.5039 0.9739
3.1699 -5.2335 -2.5042 0.9739
3.3561 -5.1170 -2.5045 0.9739
3.7153 -4.8643 -2.5051 0.9739
4.0554 -4.5863 -2.5056 0.9739
4.2177 -4.4382 -2.5058 0.9739
4.5259 -4.1250 -2.5063 0.9739
5.0708 -3.4361 -2.5070 0.9739
5.1911 -3.2521 -2.5071 0.9739
5.3047 -3.0639 -2.5072 0.9739
5.4114 -2.8717 -2.5073 0.9739
5.6891 -2.2737 -2.5075 0.9739
6.0036 -1.2218 -2.5075 0.9739
6.0434 -1.0056 -2.5074 0.9739
6.0754 -0.7881 -2.5074 0.9739
6.1242 -0.1307 -2.5071 0.9739
6.1246 0.0891 -2.5069 0.9739
6.1171 0.3088 -2.5068 0.9739
6.1017 0.5280 -2.5066 0.9739
6.0784 0.7466 -2.5064 0.9739
6.0082 1.1804 -2.5060 0.9739
5.9615 1.3950 -2.5058 0.9739
2.9880 0.9297 -1.2807 0.9866
2.9731 1.0435 -1.2896 0.9865
5.6138 2.4353 -2.5045 0.9739
5.5221 2.6349 -2.5041 0.9739
5.4233 2.8309 -2.5038 0.9739
5.3175 3.0233 -2.5035 0.9739
5.0856 3.3959 -2.5028 0.9739
4.8276 3.7508 -2.5021 0.9739
4.5447 4.0860 -2.5013 0.9739
4.3945 4.2458 -2.5009 0.9739
4.0773 4.5485 -2.5001 0.9739
3.5631 4.9577 -2.4988 0.9740
3.3824 5.0815 -2.4983 0.9740
-1.3940 5.5369 -2.4884 0.9754
-1.5916 5.4825 -2.4880 0.9754
-2.3582 5.1956 -2.4866 0.9754
-2.5428 5.1070 -2.4863 0.9754
-2.9018 4.9103 -2.4857 0.9754
-4.3066 3.7322 -2.4836 0.9754
-4.5626 3.4133 -2.4833 0.9754
-4.6818 3.2472 -2.4831 0.9754
-4.9022 2.9028 -2.4829 0.9754
-5.0030 2.7249 -2.4828 0.9754
-5.2664 2.1714 -2.4826 0.9755
-5.4691 1.5929 -2.4826 0.9755
-5.6661 0.5912 -2.4828 0.9754
-5.6839 0.3876 -2.4829 0.9754
-5.6943 0.1834 -2.4830 0.9754
-5.6633 -0.6333 -2.4835 0.9754
-5.6373 -0.8361 -2.4837 0.9754
-5.5162 -1.4374 -2.4843 0.9754
-5.4616 -1.6345 -2.4846 0.9754
-5.2560 -2.2126 -2.4853 0.9754
-5.1738 -2.4001 -2.4856 0.9754
-4.9895 -2.7656 -2.4862 0.9754
-4.8877 -2.9432 -2.4865 0.9754
-4.6653 -3.2870 -2.4872 0.9754
-4.1495 -3.9229 -2.4886 0.9754
-4.0066 -4.0698 -2.4890 0.9754
-3.8586 -4.2116 -2.4894 0.9754
-3.7056 -4.3481 -2.4898 0.9754
-3.5478 -4.4789 -2.4902 0.9754
-3.3854 -4.6041 -2.4906 0.9754
-3.0475 -4.8366 -2.4914 0.9754
-2.8725 -4.9437 -2.4918 0.9754
-2.6937 -5.0444 -2.4922 0.9754
-2.3258 -5.2264 -2.4931 0.9753
-1.9457 -5.3816 -2.4940 0.9753
-1.7516 -5.4489 -2.4944 0.9753
-0.9548 -5.6473 -2.4961 0.9753
0.0685 -5.7319 -2.4983 0.9753
0.2742 -5.7267 -2.4987 0.9753
1.2929 -5.5903 -2.5006 0.9753
1.4929 -5.5411 -2.5010 0.9753
2.0805 -5.3509 -2.5021 0.9753
2.8261 -5.0008 -2.5034 0.9752
3.0041 -4.8967 -2.5037 0.9752
3.5140 -4.5471 -2.5045 0.9752
3.6752 -4.4185 -2.5047 0.9752
3.8318 -4.2842 -2.5050 0.9752
3.9834 -4.1443 -2.5052 0.9752
4.6607 -3.3680 -2.5061 0.9752
4.7788 -3.1988 -2.5062 0.9752
4.8908 -3.0254 -2.5063 0.9752
5.0955 -2.6671 -2.5065 0.9752
5.1881 -2.4826 -2.5066 0.9752
5.4902 -1.7150 -2.5067 0.9752
5.5482 -1.5169 -2.5067 0.9752
5.5990 -1.3169 -2.5067 0.9752
5.6426 -1.1151 -2.5067 0.9752
5.6788 -0.9119 -2.5066 0.9752
5.7077 -0.7075 -2.5066 0.9752
5.7501 -0.0901 -2.5063 0.9752
5.7493 0.1163 -2.5061 0.9752
5.7255 0.5282 -2.5058 0.9752
5.6720 0.9373 -2.5055 0.9752
3.0147 0.7235 -1.3512 0.9866
2.9789 0.9454 -1.3621 0.9865
5.2575 2.3163 -2.5038 0.9752
4.8696 3.0431 -2.5026 0.9753
4.5126 3.5473 -2.5015 0.9753
4.1035 4.0098 -2.5004 0.9753
3.9563 4.1539 -2.5000 0.9753
3.3193 4.6741 -2.4984 0.9753
2.6147 5.0974 -2.4968 0.9753
1.4636 5.5326 -2.4942 0.9753
1.0627 5.6214 -2.4933 0.9753
0.8602 5.6549 -2.4929 0.9754
0.4523 5.7001 -2.4920 0.9754
0.2474 5.7117 -2.4916 0.9754
-0.1628 5.7129 -2.4908 0.9754
-0.3676 5.7024 -2.4904 0.9754
-0.5718 5.6846 -2.4900 0.9754
-0.7753 5.6596 -2.4896 0.9754
-0.9777 5.6272 -2.4892 0.9754
-1.1788 5.5876 -2.4888 0.9754
-1.5760 5.4871 -2.4881 0.9754
-1.9649 5.3584 -2.4873 0.9754
-2.5283 5.1142 -2.4864 0.9754
-2.7099 5.0196 -2.4860 0.9754
-3.0621 4.8112 -2.4855 0.9754
-3.5603 4.4529 -2.4847 0.9754
-3.7174 4.3219 -2.4844 0.9754
-3.8697 4.1853 -2.4842 0.9754
-4.0170 4.0434 -2.4840 0.9754
-4.1592 3.8964 -2.4838 0.9754
-4.2960 3.7444 -2.4836 0.9754
-4.4273 3.5876 -2.4835 0.9754
-4.6726 3.2604 -2.4832 0.9754
-4.7864 3.0905 -2.4830 0.9754
-4.8939 2.9167 -2.4829 0.9754
-5.3352 1.9961 -2.4826 0.9755
-5.4646 1.6084 -2.4826 0.9755
-5.5188 1.4113 -2.4826 0.9755
-5.6060 1.0119 -2.4826 0.9755
-5.6388 0.8101 -2.4827 0.9754
-5.6644 0.6073 -2.4828 0.9754
-5.6827 0.4037 -2.4829 0.9754
-5.6938 0.1995 -2.4830 0.9754
-5.6976 -0.0049 -2.4831 0.9754
-5.6832 -0.4135 -2.4834 0.9754
-5.6650 -0.6172 -2.4835 0.9754
-5.6396 -0.8201 -2.4837 0.9754
-5.5672 -1.2226 -2.4841 0.9754
-5.5202 -1.4217 -2.4843 0.9754
-5.4662 -1.6190 -2.4845 0.9754
-5.3370 -2.0073 -2.4850 0.9754
-5.0922 -2.5700 -2.4859 0.9754
-4.7883 -3.1035 -2.4868 0.9754
-4.6745 -3.2737 -2.4872 0.9754
-4.5547 -3.4398 -2.4875 0.9754
-3.8705 -4.2006 -2.4894 0.9754
-3.5604 -4.4688 -2.4901 0.9754
-3.3984 -4.5944 -2.4905 0.9754
-2.8864 -4.9354 -2.4918 0.9754
-2.1521 -5.3012 -2.4935 0.9753
-0.9708 -5.6445 -2.4961 0.9753
-0.7678 -5.6767 -2.4965 0.9753
-0.5637 -5.7016 -2.4970 0.9753
0.0523 -5.7320 -2.4982 0.9753
1.2770 -5.5938 -2.5006 0.9753
1.4771 -5.5452 -2.5010 0.9753
2.0653 -5.3567 -2.5021 0.9753
2.4448 -5.1962 -2.5027 0.9753
2.8119 -5.0087 -2.5034 0.9752
3.3349 -4.6792 -2.5042 0.9752
3.6627 -4.4289 -2.5047 0.9752
3.8196 -4.2950 -2.5050 0.9752
4.1185 -4.0107 -2.5054 0.9752
4.2600 -3.8607 -2.5056 0.9752
4.3961 -3.7056 -2.5058 0.9752
4.5266 -3.5457 -2.5059 0.9752
4.6512 -3.3812 -2.5061 0.9752
4.8822 -3.0393 -2.5063 0.9752
4.9883 -2.8623 -2.5064 0.9752
5.1810 -2.4973 -2.5066 0.9752
5.3470 -2.1194 -2.5067 0.9752
5.4197 -1.9262 -2.5067 0.9752
5.6394 -1.1311 -2.5067 0.9752
5.7057 -0.7237 -2.5066 0.9752
5.7278 -0.5185 -2.5065 0.9752
5.7425 -0.3126 -2.5064 0.9752
5.7420 0.3062 -2.5060 0.9752
5.7045 0.7171 -2.5057 0.9752
5.6375 1.1242 -2.5053 0.9752
2.9801 0.9365 -1.3614 0.9865
2.9685 1.0513 -1.3725 0.9864
5.3438 2.1113 -2.5041 0.9752
5.2641 2.3014 -2.5038 0.9752
4.9845 2.8527 -2.5029 0.9753
4.8783 3.0293 -2.5026 0.9753
4.7658 3.2019 -2.5023 0.9753
4.6472 3.3704 -2.5019 0.9753
4.3923 3.6940 -2.5012 0.9753
4.2563 3.8486 -2.5008 0.9753
4.1149 3.9982 -2.5005 0.9753
3.3325 4.6647 -2.4985 0.9753
3.1625 4.7805 -2.4981 0.9753
2.9884 4.8901 -2.4976 0.9753
2.6292 5.0901 -2.4968 0.9753
2.2566 5.2637 -2.4959 0.9753
1.6770 5.4729 -2.4946 0.9753
1.2798 5.5771 -2.4938 0.9753
1.0787 5.6185 -2.4933 0.9753
0.2636 5.7111 -2.4916 0.9754
-0.3514 5.7035 -2.4904 0.9754
-0.5557 5.6863 -2.4900 0.9754
-0.7593 5.6618 -2.4896 0.9754
-0.9618 5.6300 -2.4892 0.9754
-1.3626 5.5449 -2.4884 0.9754
-1.5605 5.4916 -2.4881 0.9754
-1.9497 5.3640 -2.4874 0.9754
-2.3288 5.2090 -2.4867 0.9754
-2.5138 5.1214 -2.4864 0.9754
-2.8739 4.9267 -2.4858 0.9754
-3.3856 4.5879 -2.4849 0.9754
-3.5476 4.4630 -2.4847 0.9754
-4.0056 4.0548 -2.4840 0.9754
-4.1482 3.9082 -2.4838 0.9754
-4.2854 3.7566 -2.4836 0.9754
-4.4171 3.6001 -2.4835 0.9754
-4.5432 3.4391 -2.4833 0.9754
-4.9875 2.7533 -2.4828 0.9754
-5.0829 2.5725 -2.4827 0.9754
-5.1718 2.3884 -2.4827 0.9754
-5.4600 1.6239 -2.4826 0.9755
-5.5148 1.4269 -2.4826 0.9755
-5.5625 1.2281 -2.4826 0.9755
-5.6031 1.0278 -2.4826 0.9755
-5.6626 0.6234 -2.4828 0.9754
-5.6932 0.2157 -2.4830 0.9754
-5.6975 0.0113 -2.4831 0.9754
-5.6946 -0.1932 -2.4832 0.9754
-5.6843 -0.3974 -2.4834 0.9754
-5.6667 -0.6011 -2.4835 0.9754
-5.5706 -1.2068 -2.4841 0.9754
-5.4707 -1.6035 -2.4845 0.9754
-5.4102 -1.7990 -2.4848 0.9754
-5.3427 -1.9921 -2.4850 0.9754
-5.1872 -2.3706 -2.4856 0.9754
-5.0994 -2.5555 -2.4859 0.9754
-4.6837 -3.2604 -2.4871 0.9754
-4.5644 -3.4269 -2.4875 0.9754
-4.4391 -3.5889 -2.4878 0.9754
-3.8824 -4.1896 -2.4893 0.9754
-3.7301 -4.3269 -2.4897 0.9754
-3.5730 -4.4586 -2.4901 0.9754
-3.4113 -4.5847 -2.4905 0.9754
-3.0748 -4.8191 -2.4913 0.9754
-2.7222 -5.0289 -2.4922 0.9754
-2.5404 -5.1242 -2.4926 0.9754
-2.3553 -5.2130 -2.4930 0.9753
-2.1671 -5.2950 -2.4935 0.9753
-1.9761 -5.3703 -2.4939 0.9753
-1.7825 -5.4387 -2.4943 0.9753
-1.5864 -5.5001 -2.4948 0.9753
-1.3883 -5.5545 -2.4952 0.9753
-0.7838 -5.6744 -2.4965 0.9753
-0.5798 -5.6999 -2.4969 0.9753
-0.1696 -5.7287 -2.4978 0.9753
0.0360 -5.7321 -2.4982 0.9753
0.2417 -5.7280 -2.4986 0.9753
0.4471 -5.7166 -2.4990 0.9753
0.8562 -5.6716 -2.4998 0.9753
1.0593 -5.6381 -2.5002 0.9753
1.2612 -5.5974 -2.5006 0.9753
1.6598 -5.4941 -2.5013 0.9753
1.8561 -5.4318 -2.5017 0.9753
2.2415 -5.2862 -2.5024 0.9753
2.4301 -5.2030 -2.5027 0.9753
2.6155 -5.1132 -2.5030 0.9753
2.7976 -5.0166 -2.5033 0.9752
3.1509 -4.8042 -2.5039 0.9752
3.3216 -4.6886 -2.5042 0.9752
3.8074 -4.3058 -2.5049 0.9752
3.9597 -4.1668 -2.5052 0.9752
4.1070 -4.0224 -2.5054 0.9752
4.2491 -3.8727 -2.5056 0.9752
4.3856 -3.7180 -2.5057 0.9752
4.5165 -3.5585 -2.5059 0.9752
4.7606 -3.2258 -2.5062 0.9752
4.8735 -3.0531 -2.5063 0.9752
4.9801 -2.8764 -2.5064 0.9752
5.0803 -2.6960 -2.5065 0.9752
5.2609 -2.3248 -2.5067 0.9752
5.4804 -1.7461 -2.5067 0.9752
5.6736 -0.9441 -2.5066 0.9752
5.7429 0.2899 -2.5060 0.9752
5.6773 0.9051 -2.5055 0.9752
2.9974 0.8159 -1.3539 0.9865
2.9812 0.9276 -1.3607 0.9865
2.9692 1.0421 -1.3714 0.9864
5.3498 2.0961 -2.5041 0.9752
5.0919 2.6579 -2.5033 0.9752
4.9926 2.8386 -2.5030 0.9753
4.6568 3.3573 -2.5020 0.9753
4.5327 3.5217 -2.5016 0.9753
4.2673 3.8366 -2.5009 0.9753
4.1262 3.9866 -2.5005 0.9753
3.9799 4.1314 -2.5001 0.9753
3.3458 4.6553 -2.4985 0.9753
-1.3127 5.2139 -2.4888 0.9766
-1.8646 5.0406 -2.4877 0.9766
-2.0440 4.9698 -2.4874 0.9766
-2.2207 4.8927 -2.4871 0.9766
-2.3946 4.8093 -2.4868 0.9766
-2.5653 4.7197 -2.4865 0.9766
-2.7327 4.6241 -2.4862 0.9766
-2.8965 4.5226 -2.4860 0.9766
-3.2127 4.3024 -2.4855 0.9766
-3.6554 3.9312 -2.4848 0.9766
-3.7938 3.7972 -2.4846 0.9766
-4.4092 3.0581 -2.4838 0.9766
-4.5159 2.8978 -2.4837 0.9766
-4.6168 2.7338 -2.4836 0.9766
-4.7117 2.5663 -2.4835 0.9766
-4.8006 2.3955 -2.4834 0.9766
-4.8834 2.2217 -2.4834 0.9766
-4.9598 2.0450 -2.4833 0.9766
-5.3628 0.1727 -2.4837 0.9766
-5.3619 -0.2123 -2.4839 0.9766
-5.3511 -0.4046 -2.4840 0.9766
-5.3335 -0.5964 -2.4842 0.9766
-5.1949 -1.3537 -2.4849 0.9766
-5.0854 -1.7230 -2.4854 0.9766
-4.9497 -2.0837 -2.4859 0.9766
-4.8722 -2.2602 -2.4861 0.9766
-4.7885 -2.4338 -2.4864 0.9766
-4.6987 -2.6044 -2.4867 0.9766
-4.5009 -2.9353 -2.4873 0.9766
-4.3932 -3.0953 -2.4876 0.9766
-3.6334 -3.9658 -2.4897 0.9766
-3.3407 -4.2175 -2.4904 0.9766
-3.0306 -4.4475 -2.4912 0.9766
-2.8695 -4.5541 -2.4916 0.9766
-2.5363 -4.7497 -2.4924 0.9765
-2.0122 -4.9972 -2.4936 0.9765
-1.4643 -5.1870 -2.4948 0.9765
-1.2775 -5.2371 -2.4952 0.9765
-1.0889 -5.2804 -2.4956 0.9765
-0.8989 -5.3169 -2.4960 0.9765
-0.7077 -5.3466 -2.4964 0.9765
-0.3225 -5.3853 -2.4972 0.9765
-0.1291 -5.3943 -2.4976 0.9765
0.4515 -5.3794 -2.4988 0.9765
0.6443 -5.3606 -2.4992 0.9765
1.2171 -5.2626 -2.5003 0.9765
1.5918 -5.1632 -2.5010 0.9765
1.9585 -5.0371 -2.5016 0.9765
2.3153 -4.8849 -2.5023 0.9765
2.6603 -4.7074 -2.5029 0.9764
2.9917 -4.5055 -2.5034 0.9764
3.1517 -4.3957 -2.5037 0.9764
3.3077 -4.2802 -2.5039 0.9764
3.4595 -4.1591 -2.5041 0.9764
3.6068 -4.0327 -2.5044 0.9764
4.3870 -3.1702 -2.5054 0.9764
4.9642 -2.1601 -2.5060 0.9764
5.0385 -1.9807 -2.5060 0.9764
5.1064 -1.7986 -2.5060 0.9764
5.1677 -1.6143 -2.5060 0.9764
5.3111 -1.0496 -2.5060 0.9764
5.3452 -0.8583 -2.5059 0.9764
5.3725 -0.6660 -2.5059 0.9764
5.3927 -0.4728 -2.5058 0.9764
5.4060 -0.2790 -2.5057 0.9764
5.4123 -0.0848 -2.5056 0.9764
5.4039 0.3035 -2.5053 0.9764
5.3676 0.6902 -2.5050 0.9764
3.0077 0.7219 -1.4318 0.9865
2.9879 0.8315 -1.4356 0.9864
5.0245 2.0016 -2.5035 0.9764
4.7788 2.5291 -2.5027 0.9765
4.4777 3.0268 -2.5018 0.9765
3.9965 3.6343 -2.5004 0.9765
3.5813 4.0410 -2.4994 0.9765
3.1249 4.4004 -2.4982 0.9765
2.9645 4.5090 -2.4978 0.9765
2.8004 4.6117 -2.4974 0.9765
2.6327 4.7085 -2.4970 0.9765
2.2875 4.8836 -2.4962 0.9765
2.1105 4.9617 -2.4958 0.9765
1.3780 5.2092 -2.4942 0.9765
1.1901 5.2544 -2.4938 0.9765
1.0006 5.2929 -2.4934 0.9765
0.8099 5.3245 -2.4930 0.9765
-0.1533 5.3793 -2.4910 0.9766
-0.7301 5.3292 -2.4899 0.9766
-0.9207 5.2988 -2.4895 0.9766
-1.1100 5.2616 -2.4891 0.9766
-1.4841 5.1670 -2.4884 0.9766
-1.6683 5.1097 -2.4881 0.9766
-2.0299 4.9756 -2.4874 0.9766
-2.2069 4.8990 -2.4871 0.9766
-2.5519 4.7270 -2.4865 0.9766
-2.7196 4.6319 -2.4863 0.9766
-2.8837 4.5308 -2.4860 0.9766
-3.0441 4.4240 -2.4857 0.9766
-3.3529 4.1935 -2.4853 0.9766
-3.9170 3.6695 -2.4844 0.9766
-4.0458 3.5263 -2.4843 0.9766
-4.6090 2.7469 -2.4836 0.9766
-4.8771 2.2355 -2.4834 0.9766
-5.0247 1.8799 -2.4833 0.9766
-5.1975 1.3291 -2.4833 0.9766
-5.2419 1.1418 -2.4833 0.9766
-5.3346 0.5719 -2.4835 0.9766
-5.3658 -0.0046 -2.4838 0.9766
-5.3352 -0.5813 -2.4842 0.9766
-5.2429 -1.1514 -2.4847 0.9766
-5.1987 -1.3389 -2.4849 0.9766
-5.0261 -1.8903 -2.4856 0.9766
-4.9555 -2.0696 -2.4859 0.9766
-4.7954 -2.4202 -2.4864 0.9766
-4.6105 -2.7585 -2.4870 0.9766
-4.2891 -3.2392 -2.4879 0.9766
-4.0468 -3.5394 -2.4886 0.9766
-3.7837 -3.8216 -2.4893 0.9766
-3.6446 -3.9555 -2.4897 0.9766
-3.3526 -4.2079 -2.4904 0.9766
-3.1999 -4.3262 -2.4908 0.9766
-3.0431 -4.4389 -2.4912 0.9766
-2.7178 -4.6471 -2.4920 0.9766
-2.3783 -4.8316 -2.4928 0.9765
-1.8463 -5.0617 -2.4940 0.9765
-1.6637 -5.1255 -2.4944 0.9765
-0.9140 -5.3143 -2.4960 0.9765
-0.5307 -5.3679 -2.4968 0.9765
-0.3378 -5.3843 -2.4972 0.9765
-0.1444 -5.3938 -2.4976 0.9765
0.2429 -5.3920 -2.4984 0.9765
0.4362 -5.3806 -2.4988 0.9765
1.0123 -5.3050 -2.4999 0.9765
1.3906 -5.2202 -2.5006 0.9765
1.5772 -5.1677 -2.5010 0.9765
1.7618 -5.1084 -2.5013 0.9765
1.9442 -5.0426 -2.5016 0.9765
2.3014 -4.8914 -2.5022 0.9765
3.2956 -4.2895 -2.5039 0.9764
3.5953 -4.0429 -2.5043 0.9764
3.7384 -3.9116 -2.5046 0.9764
3.8766 -3.7752 -2.5047 0.9764
4.3780 -3.1826 -2.5054 0.9764
4.4896 -3.0237 -2.5055 0.9764
4.5954 -2.8608 -2.5056 0.9764
4.6953 -2.6941 -2.5057 0.9764
4.7891 -2.5240 -2.5058 0.9764
4.8767 -2.3506 -2.5059 0.9764
4.9580 -2.1742 -2.5060 0.9764
5.1013 -1.8131 -2.5060 0.9764
5.1631 -1.6289 -2.5060 0.9764
5.2182 -1.4426 -2.5060 0.9764
5.3081 -1.0646 -2.5060 0.9764
5.4052 -0.2943 -2.5057 0.9764
5.4121 -0.1002 -2.5056 0.9764
5.4119 0.0941 -2.5055 0.9764
5.3695 0.6750 -2.5050 0.9764
5.3065 1.0581 -2.5047 0.9764
5.0302 1.9874 -2.5035 0.9764
4.9552 2.1663 -2.5033 0.9764
4.8737 2.3425 -2.5030 0.9764
4.7860 2.5156 -2.5027 0.9764
4.6921 2.6853 -2.5024 0.9765
4.4863 3.0142 -2.5018 0.9765
4.0068 3.6230 -2.5005 0.9765
3.8737 3.7639 -2.5001 0.9765
3.7356 3.8999 -2.4998 0.9765
3.5928 4.0308 -2.4994 0.9765
3.4453 4.1565 -2.4990 0.9765
3.2934 4.2768 -2.4986 0.9765
2.9773 4.5006 -2.4979 0.9765
2.8135 4.6038 -2.4975 0.9765
2.4753 4.7922 -2.4967 0.9765
2.1246 4.9558 -2.4959 0.9765
1.5790 5.1528 -2.4946 0.9765
1.2050 5.2511 -2.4938 0.9765
0.8250 5.3222 -2.4930 0.9765
0.6334 5.3475 -2.4926 0.9765
-0.1380 5.3797 -2.4910 0.9766
-0.3309 5.3705 -2.4906 0.9766
-0.7150 5.3313 -2.4899 0.9766
-0.9057 5.3015 -2.4895 0.9766
-1.4695 5.1712 -2.4885 0.9766
-1.6538 5.1145 -2.4881 0.9766
-1.8360 5.0512 -2.4878 0.9766
-2.1930 4.9053 -2.4872 0.9766
-2.7064 4.6396 -2.4863 0.9766
-2.8709 4.5390 -2.4860 0.9766
-3.3410 4.2030 -2.4853 0.9766
-3.6331 3.9519 -2.4848 0.9766
-3.7723 3.8187 -2.4846 0.9766
-3.9066 3.6806 -2.4844 0.9766
-4.1599 3.3905 -2.4841 0.9766
-4.2786 3.2389 -2.4840 0.9766
-4.3918 3.0831 -2.4838 0.9766
-4.4994 2.9234 -2.4837 0.9766
-4.6012 2.7599 -2.4836 0.9766
-5.0193 1.8942 -2.4833 0.9766
-5.0840 1.7129 -2.4833 0.9766
-5.1422 1.5293 -2.4833 0.9766
-5.1937 1.3439 -2.4833 0.9766
-5.2387 1.1566 -2.4833 0.9766
-5.3508 0.3954 -2.4835 0.9766
-5.3658 0.0106 -2.4837 0.9766
-5.3630 -0.1819 -2.4839 0.9766
-5.3533 -0.3743 -2.4840 0.9766
-5.2461 -1.1366 -2.4847 0.9766
-5.2024 -1.3242 -2.4849 0.9766
-5.0950 -1.6942 -2.4853 0.9766
-4.8849 -2.2325 -2.4861 0.9766
-4.8022 -2.4066 -2.4864 0.9766
-4.7133 -2.5776 -2.4867 0.9766
-4.6183 -2.7454 -2.4869 0.9766
-4.5174 -2.9097 -2.4873 0.9766
-4.2982 -3.2270 -2.4879 0.9766
-4.1802 -3.3796 -2.4882 0.9766
-3.9282 -3.6717 -2.4889 0.9766
-3.7944 -3.8108 -2.4893 0.9766
-3.6558 -3.9451 -2.4896 0.9766
-3.5124 -4.0743 -2.4900 0.9766
-2.8952 -4.5377 -2.4915 0.9766
-2.2177 -4.9083 -2.4931 0.9765
-1.1188 -5.2740 -2.4956 0.9765
-0.9290 -5.3116 -2.4960 0.9765
-0.7380 -5.3424 -2.4964 0.9765
-0.5459 -5.3663 -2.4968 0.9765
-0.3531 -5.3833 -2.4972 0.9765
-0.1597 -5.3933 -2.4976 0.9765
0.4210 -5.3818 -2.4987 0.9765
0.6139 -5.3640 -2.4991 0.9765
0.8061 -5.3393 -2.4995 0.9765
0.9973 -5.3077 -2.4999 0.9765
1.5625 -5.1720 -2.5009 0.9765
1.9299 -5.0480 -2.5016 0.9765
2.4621 -4.8132 -2.5025 0.9765
2.8016 -4.6253 -2.5031 0.9764
2.9660 -4.5223 -2.5034 0.9764
3.1267 -4.4134 -2.5036 0.9764
3.2834 -4.2988 -2.5039 0.9764
3.5839 -4.0530 -2.5043 0.9764
4.4810 -3.0364 -2.5055 0.9764
4.6876 -2.7074 -2.5057 0.9764
4.9518 -2.1882 -2.5059 0.9764
5.1584 -1.6435 -2.5060 0.9764
5.3051 -1.0797 -2.5060 0.9764
5.3403 -0.8886 -2.5059 0.9764
5.3900 -0.5033 -2.5058 0.9764
5.4118 -0.1155 -2.5056 0.9764
5.4056 0.2729 -2.5054 0.9764
5.3715 0.6597 -2.5051 0.9764
5.3440 0.8520 -2.5049 0.9764
5.3096 1.0431 -2.5047 0.9764
3.0106 0.7045 -1.4312 0.9865
2.9906 0.8140 -1.4347 0.9864
2.9503 1.1560 -1.4667 0.9861
4.7931 2.5020 -2.5028 0.9764
4.6997 2.6720 -2.5025 0.9765
4.6003 2.8386 -2.5022 0.9765
4.4949 3.0015 -2.5018 0.9765
4.1447 3.4657 -2.5009 0.9765
3.8844 3.7530 -2.5001 0.9765
3.1499 4.3827 -2.4983 0.9765
2.9901 4.4922 -2.4979 0.9765
-1.0617 4.9627 -2.4894 0.9776
-1.2389 4.9208 -2.4891 0.9776
-1.4145 4.8725 -2.4888 0.9776
-1.5882 4.8180 -2.4884 0.9777
-1.7598 4.7573 -2.4881 0.9777
-2.5792 4.3644 -2.4867 0.9777
-2.7338 4.2686 -2.4865 0.9777
-2.8849 4.1673 -2.4862 0.9777
-3.0323 4.0608 -2.4860 0.9777
-3.1758 3.9490 -2.4858 0.9777
-3.4502 3.7105 -2.4854 0.9777
-3.7069 3.4530 -2.4850 0.9777
-3.8282 3.3175 -2.4848 0.9777
-3.9445 3.1779 -2.4847 0.9777
-4.0558 3.0341 -2.4845 0.9777
-4.2625 2.7352 -2.4843 0.9777
-4.4474 2.4223 -2.4841 0.9777
-4.8618 1.4160 -2.4839 0.9777
-5.0619 0.1630 -2.4843 0.9777
-5.0610 -0.2004 -2.4845 0.9777
-4.9815 -0.9226 -2.4851 0.9777
-4.9456 -1.1008 -2.4853 0.9777
-4.9033 -1.2777 -2.4855 0.9777
-4.7998 -1.6263 -2.4859 0.9777
-4.6717 -1.9667 -2.4864 0.9777
-4.5196 -2.2971 -2.4869 0.9777
-4.4347 -2.4581 -2.4871 0.9777
-4.2480 -2.7704 -2.4877 0.9777
-3.9272 -3.2120 -2.4886 0.9776
-3.4291 -3.7428 -2.4900 0.9776
-3.2931 -3.8640 -2.4903 0.9776
-2.8600 -4.1973 -2.4914 0.9776
-2.7080 -4.2978 -2.4918 0.9776
-2.5524 -4.3929 -2.4921 0.9776
-2.3935 -4.4823 -2.4925 0.9776
-2.2315 -4.5660 -2.4929 0.9776
-2.0665 -4.6438 -2.4933 0.9776
-1.5563 -4.8412 -2.4944 0.9776
-1.2055 -4.9419 -2.4952 0.9776
-1.0275 -4.9827 -2.4956 0.9776
-0.6678 -5.0451 -2.4963 0.9776
-0.4864 -5.0666 -2.4967 0.9776
-0.3043 -5.0816 -2.4971 0.9776
0.0609 -5.0918 -2.4978 0.9776
0.2436 -5.0871 -2.4982 0.9776
0.4260 -5.0758 -2.4986 0.9776
0.9694 -5.0028 -2.4996 0.9776
1.3260 -4.9217 -2.5003 0.9775
1.6760 -4.8152 -2.5009 0.9775
1.8479 -4.7525 -2.5012 0.9775
2.1845 -4.6089 -2.5018 0.9775
2.3487 -4.5280 -2.5021 0.9775
2.6679 -4.3489 -2.5027 0.9775
2.8225 -4.2508 -2.5029 0.9775
2.9735 -4.1472 -2.5032 0.9775
3.1207 -4.0382 -2.5034 0.9775
3.2639 -3.9239 -2.5036 0.9775
3.9132 -3.2796 -2.5045 0.9775
4.0286 -3.1373 -2.5047 0.9775
4.4368 -2.5291 -2.5051 0.9775
4.5248 -2.3684 -2.5052 0.9775
4.7534 -1.8686 -2.5054 0.9775
4.8175 -1.6968 -2.5054 0.9775
4.8753 -1.5229 -2.5054 0.9775
4.9268 -1.3470 -2.5054 0.9775
5.0428 -0.8098 -2.5053 0.9775
5.0685 -0.6283 -2.5052 0.9775
5.1001 -0.2632 -2.5051 0.9775
5.0982 0.2863 -2.5047 0.9775
5.0639 0.6511 -2.5044 0.9775
5.0370 0.8324 -2.5043 0.9775
3.0183 0.6108 -1.5106 0.9864
2.9999 0.7200 -1.5133 0.9863
2.9513 1.0546 -1.5373 0.9861
4.6692 2.0571 -2.5028 0.9775
4.1190 3.0052 -2.5011 0.9775
4.0081 3.1507 -2.5008 0.9775
3.7708 3.4291 -2.5001 0.9775
2.9486 4.1521 -2.4980 0.9776
2.7973 4.2546 -2.4976 0.9776
2.6424 4.3516 -2.4973 0.9776
2.4842 4.4429 -2.4969 0.9776
2.3228 4.5285 -2.4965 0.9776
1.9915 4.6820 -2.4958 0.9776
1.6501 4.8113 -2.4950 0.9776
1.4762 4.8666 -2.4946 0.9776
1.3004 4.9157 -2.4942 0.9776
0.9443 4.9948 -2.4934 0.9776
0.4019 5.0650 -2.4923 0.9776
0.2199 5.0754 -2.4919 0.9776
0.0376 5.0793 -2.4916 0.9776
-0.6890 5.0295 -2.4901 0.9776
-0.8689 5.0008 -2.4898 0.9776
-1.2250 4.9243 -2.4891 0.9776
-1.4007 4.8766 -2.4888 0.9776
-1.5745 4.8225 -2.4885 0.9777
-1.7463 4.7623 -2.4882 0.9777
-1.9159 4.6961 -2.4878 0.9777
-2.2472 4.5455 -2.4873 0.9777
-2.4086 4.4615 -2.4870 0.9777
-2.7217 4.2764 -2.4865 0.9777
-2.8731 4.1755 -2.4862 0.9777
-3.0208 4.0694 -2.4860 0.9777
-3.1646 3.9580 -2.4858 0.9777
-3.3043 3.8416 -2.4856 0.9777
-3.4397 3.7203 -2.4854 0.9777
-3.5707 3.5942 -2.4852 0.9777
-3.6971 3.4635 -2.4850 0.9777
-3.8188 3.3284 -2.4848 0.9777
-4.3504 2.5928 -2.4842 0.9777
-4.5249 2.2739 -2.4841 0.9777
-4.6034 2.1101 -2.4840 0.9777
-4.7427 1.7745 -2.4839 0.9777
-4.8578 1.4298 -2.4839 0.9777
-4.9478 1.0777 -2.4839 0.9777
-5.0126 0.7201 -2.4840 0.9777
-5.0353 0.5399 -2.4841 0.9777
-5.0516 0.3588 -2.4842 0.9777
-5.0614 0.1774 -2.4843 0.9777
-5.0647 -0.0043 -2.4844 0.9777
-5.0357 -0.5486 -2.4848 0.9777
-5.0131 -0.7290 -2.4849 0.9777
-4.9486 -1.0868 -2.4853 0.9777
-4.9068 -1.2638 -2.4855 0.9777
-4.8587 -1.4391 -2.4857 0.9777
-4.7439 -1.7842 -2.4861 0.9777
-4.6046 -2.1202 -2.4866 0.9777
-4.3515 -2.6035 -2.4874 0.9777
-3.8193 -3.3405 -2.4889 0.9776
-3.5709 -3.6067 -2.4896 0.9776
-3.4397 -3.7330 -2.4899 0.9776
-3.1640 -3.9712 -2.4906 0.9776
-3.0199 -4.0828 -2.4910 0.9776
-2.8719 -4.1891 -2.4914 0.9776
-2.7201 -4.2901 -2.4917 0.9776
-2.5648 -4.3856 -2.4921 0.9776
-2.4062 -4.4754 -2.4925 0.9776
-1.9122 -4.7102 -2.4936 0.9776
-1.7423 -4.7766 -2.4940 0.9776
-1.2195 -4.9384 -2.4952 0.9776
-0.5007 -5.0652 -2.4967 0.9776
-0.3187 -5.0806 -2.4971 0.9776
0.2292 -5.0877 -2.4982 0.9776
0.4116 -5.0770 -2.4985 0.9776
0.9552 -5.0055 -2.4996 0.9776
1.1343 -4.9686 -2.4999 0.9775
1.3120 -4.9254 -2.5003 0.9775
2.0042 -4.6894 -2.5015 0.9775
2.1714 -4.6150 -2.5018 0.9775
2.4973 -4.4484 -2.5024 0.9775
2.8105 -4.2587 -2.5029 0.9775
3.2527 -3.9332 -2.5036 0.9775
3.5270 -3.6904 -2.5040 0.9775
4.0197 -3.1487 -2.5047 0.9775
4.1303 -3.0026 -2.5048 0.9775
4.3354 -2.6989 -2.5050 0.9775
4.5181 -2.3812 -2.5052 0.9775
4.6007 -2.2176 -2.5053 0.9775
4.7481 -1.8820 -2.5053 0.9775
4.8126 -1.7105 -2.5054 0.9775
4.8709 -1.5367 -2.5054 0.9775
4.9229 -1.3610 -2.5054 0.9775
4.9685 -1.1834 -2.5054 0.9775
5.0077 -1.0044 -2.5053 0.9775
5.0667 -0.6427 -2.5052 0.9775
5.0863 -0.4604 -2.5052 0.9775
5.1059 -0.0945 -2.5050 0.9775
5.0990 0.2719 -2.5047 0.9775
5.0857 0.4546 -2.5046 0.9775
5.0658 0.6368 -2.5044 0.9775
5.0394 0.8181 -2.5043 0.9775
2.9662 0.9322 -1.5252 0.9862
4.8105 1.7037 -2.5033 0.9775
2.9338 1.1591 -1.5474 0.9860
4.6750 2.0439 -2.5028 0.9775
4.5982 2.2101 -2.5025 0.9775
4.4269 2.5336 -2.5020 0.9775
4.2329 2.8439 -2.5014 0.9775
4.0170 3.1393 -2.5008 0.9775
3.9013 3.2810 -2.5005 0.9775
3.2508 3.9219 -2.4988 0.9776
3.1076 4.0355 -2.4984 0.9776
2.8094 4.2467 -2.4977 0.9776
2.4968 4.4359 -2.4969 0.9776
2.1716 4.6021 -2.4962 0.9776
1.8354 4.7446 -2.4954 0.9776
1.1371 4.9553 -2.4939 0.9776
0.9584 4.9921 -2.4935 0.9776
0.5978 5.0465 -2.4927 0.9776
0.4162 5.0639 -2.4923 0.9776
0.0520 5.0792 -2.4916 0.9776
-0.4939 5.0532 -2.4905 0.9776
-0.8547 5.0033 -2.4898 0.9776
-1.9026 4.7015 -2.4879 0.9777
-2.0698 4.6297 -2.4876 0.9777
-2.2343 4.5519 -2.4873 0.9777
-2.5544 4.3790 -2.4868 0.9777
-2.7096 4.2841 -2.4865 0.9777
-3.0093 4.0780 -2.4860 0.9777
-3.2934 3.8510 -2.4856 0.9777
-3.4292 3.7300 -2.4854 0.9777
-3.6873 3.4740 -2.4850 0.9777
-3.8093 3.3392 -2.4849 0.9777
-3.9265 3.2002 -2.4847 0.9777
-4.0385 3.0571 -2.4846 0.9777
-4.5184 2.2868 -2.4841 0.9777
-4.5974 2.1231 -2.4840 0.9777
-4.7988 1.6168 -2.4839 0.9777
-4.8537 1.4435 -2.4839 0.9777
-4.9808 0.9136 -2.4840 0.9777
-5.0105 0.7344 -2.4840 0.9777
-5.0338 0.5541 -2.4841 0.9777
-5.0505 0.3732 -2.4842 0.9777
-5.0609 0.1917 -2.4843 0.9777
-5.0647 0.0100 -2.4844 0.9777
-5.0620 -0.1717 -2.4845 0.9777
-5.0529 -0.3533 -2.4846 0.9777
-4.9866 -0.8943 -2.4851 0.9777
-4.9517 -1.0728 -2.4852 0.9777
-4.9104 -1.2498 -2.4854 0.9777
-4.8089 -1.5990 -2.4859 0.9777
-4.6105 -2.1071 -2.4866 0.9777
-4.5324 -2.2714 -2.4868 0.9777
-4.2636 -2.7462 -2.4877 0.9777
-3.9452 -3.1896 -2.4886 0.9777
-3.7073 -3.4653 -2.4892 0.9776
-3.5811 -3.5965 -2.4896 0.9776
-3.4502 -3.7232 -2.4899 0.9776
-3.3148 -3.8451 -2.4903 0.9776
-3.1752 -3.9622 -2.4906 0.9776
-3.0314 -4.0741 -2.4910 0.9776
-2.5772 -4.3782 -2.4921 0.9776
-2.2573 -4.5531 -2.4928 0.9776
-1.5837 -4.8322 -2.4944 0.9776
-1.4095 -4.8867 -2.4947 0.9776
-1.2334 -4.9349 -2.4951 0.9776
-0.6964 -5.0412 -2.4963 0.9776
-0.3331 -5.0797 -2.4970 0.9776
-0.1507 -5.0891 -2.4974 0.9776
0.2147 -5.0883 -2.4982 0.9776
0.3972 -5.0781 -2.4985 0.9776
0.7606 -5.0379 -2.4992 0.9776
1.1202 -4.9718 -2.4999 0.9775
1.8209 -4.7628 -2.5012 0.9775
1.9908 -4.6950 -2.5015 0.9775
2.1583 -4.6211 -2.5018 0.9775
2.4847 -4.4554 -2.5024 0.9775
2.9499 -4.1639 -2.5031 0.9775
3.2415 -3.9423 -2.5036 0.9775
3.3812 -3.8238 -2.5038 0.9775
3.7733 -3.4391 -2.5043 0.9775
4.0107 -3.1600 -2.5046 0.9775
4.1218 -3.0143 -2.5048 0.9775
4.2275 -2.8646 -2.5049 0.9775
4.3277 -2.7112 -2.5050 0.9775
4.4224 -2.5542 -2.5051 0.9775
4.8078 -1.7241 -2.5054 0.9775
4.8665 -1.5505 -2.5054 0.9775
4.9190 -1.3749 -2.5054 0.9775
5.0381 -0.8383 -2.5053 0.9775
5.0648 -0.6570 -2.5052 0.9775
5.0850 -0.4749 -2.5052 0.9775
5.0986 -0.2921 -2.5051 0.9775
5.1056 -0.1090 -2.5050 0.9775
5.0998 0.2574 -2.5047 0.9775
5.0870 0.4402 -2.5046 0.9775
5.0676 0.6224 -2.5045 0.9775
3.0026 0.7027 -1.5127 0.9864
2.9836 0.8121 -1.5168 0.9863
2.9674 0.9233 -1.5244 0.9862
2.9543 1.0369 -1.5358 0.9861
2.9354 1.1501 -1.5464 0.9861
4.6045 2.1970 -2.5026 0.9775
4.4341 2.5210 -2.5020 0.9775
4.2409 2.8319 -2.5014 0.9775
4.0259 3.1280 -2.5008 0.9775
3.7903 3.4077 -2.5002 0.9775
3.6651 3.5411 -2.4998 0.9776
3.4008 3.7937 -2.4991 0.9776
3.2620 3.9128 -2.4988 0.9776
3.1191 4.0267 -2.4984 0.9776
2.9721 4.1354 -2.4981 0.9776
2.8214 4.2388 -2.4977 0.9776
-1.1716 4.6533 -2.4894 0.9786
-1.8243 4.4357 -2.4882 0.9786
-2.1373 4.2925 -2.4876 0.9786
-2.2897 4.2127 -2.4874 0.9786
-2.8677 3.8403 -2.4864 0.9786
-3.0034 3.7346 -2.4862 0.9786
-3.3865 3.3895 -2.4857 0.9786
-3.9360 2.7299 -2.4850 0.9786
-4.3593 1.9833 -2.4846 0.9786
-4.5470 1.5033 -2.4845 0.9787
-4.5981 1.3392 -2.4845 0.9787
-4.6823 1.0060 -2.4845 0.9787
-4.7155 0.8374 -2.4846 0.9786
-4.7636 0.4971 -2.4847 0.9786
-4.7785 0.3258 -2.4847 0.9786
-4.7873 0.1542 -2.4848 0.9786
-4.7768 -0.3612 -2.4852 0.9786
-4.7610 -0.5324 -2.4853 0.9786
-4.7391 -0.7029 -2.4855 0.9786
-4.6371 -1.2083 -2.4860 0.9786
-4.5911 -1.3740 -2.4862 0.9786
-4.5393 -1.5380 -2.4864 0.9786
-4.4815 -1.7000 -2.4866 0.9786
-4.4181 -1.8599 -2.4868 0.9786
-4.2741 -2.1724 -2.4873 0.9786
-4.1939 -2.3245 -2.4875 0.9786
-3.6028 -3.1692 -2.4893 0.9786
-3.4872 -3.2968 -2.4896 0.9786
-3.3671 -3.4202 -2.4899 0.9786
-3.1140 -3.6538 -2.4905 0.9786
-2.9813 -3.7637 -2.4909 0.9786
-2.8447 -3.8688 -2.4912 0.9786
-2.5606 -4.0640 -2.4919 0.9786
-2.4135 -4.1538 -2.4923 0.9786
-2.1100 -4.3175 -2.4930 0.9786
-1.9540 -4.3910 -2.4933 0.9786
-0.9716 -4.7112 -2.4955 0.9786
-0.6314 -4.7702 -2.4962 0.9786
-0.4599 -4.7904 -2.4966 0.9785
-0.2877 -4.8045 -2.4970 0.9785
-0.1152 -4.8125 -2.4973 0.9785
0.2303 -4.8097 -2.4980 0.9785
0.4028 -4.7990 -2.4984 0.9785
0.5748 -4.7821 -2.4987 0.9785
0.7461 -4.7590 -2.4990 0.9785
1.0857 -4.6945 -2.4997 0.9785
1.4199 -4.6056 -2.5003 0.9785
1.7470 -4.4930 -2.5009 0.9785
1.9073 -4.4280 -2.5012 0.9785
2.0652 -4.3571 -2.5014 0.9785
2.2204 -4.2807 -2.5017 0.9785
2.3728 -4.1987 -2.5020 0.9785
2.5222 -4.1113 -2.5022 0.9785
2.8111 -3.9206 -2.5027 0.9785
3.3441 -3.4792 -2.5035 0.9785
3.4670 -3.3572 -2.5037 0.9785
4.0116 -2.6853 -2.5044 0.9785
4.1056 -2.5397 -2.5045 0.9785
4.4271 -1.9265 -2.5047 0.9785
4.4935 -1.7664 -2.5048 0.9785
4.5540 -1.6040 -2.5048 0.9785
4.6573 -1.2733 -2.5048 0.9785
4.7000 -1.1054 -2.5048 0.9785
4.7670 -0.7655 -2.5047 0.9785
4.8094 -0.4216 -2.5046 0.9785
4.8064 0.4434 -2.5040 0.9785
4.7300 0.9571 -2.5036 0.9785
3.0262 0.7263 -1.6145 0.9861
2.9738 0.8276 -1.6014 0.9862
2.9579 0.9388 -1.6099 0.9861
4.4141 1.9447 -2.5023 0.9785
4.2624 2.2558 -2.5018 0.9785
4.1783 2.4070 -2.5016 0.9785
4.0888 2.5551 -2.5013 0.9785
3.9940 2.6999 -2.5010 0.9785
3.6795 3.1123 -2.5001 0.9785
2.9272 3.8236 -2.4982 0.9785
2.6447 4.0226 -2.4975 0.9785
2.1962 4.2817 -2.4964 0.9785
2.0409 4.3571 -2.4961 0.9786
1.7227 4.4909 -2.4953 0.9786
1.5602 4.5492 -2.4950 0.9786
1.2296 4.6480 -2.4942 0.9786
1.0619 4.6884 -2.4939 0.9786
0.8928 4.7228 -2.4935 0.9786
0.7227 4.7511 -2.4931 0.9786
0.3800 4.7894 -2.4924 0.9786
0.0356 4.8029 -2.4917 0.9786
-0.1368 4.8004 -2.4914 0.9786
-0.4805 4.7770 -2.4907 0.9786
-0.6515 4.7560 -2.4904 0.9786
-0.8217 4.7290 -2.4900 0.9786
-0.9907 4.6958 -2.4897 0.9786
-1.1584 4.6567 -2.4894 0.9786
-1.4890 4.5605 -2.4888 0.9786
-1.6515 4.5036 -2.4885 0.9786
-1.8118 4.4409 -2.4882 0.9786
-1.9697 4.3726 -2.4879 0.9786
-2.2777 4.2192 -2.4874 0.9786
-2.5739 4.0442 -2.4869 0.9786
-2.7171 3.9488 -2.4867 0.9786
-2.8568 3.8485 -2.4865 0.9786
-3.8276 2.8804 -2.4851 0.9786
-4.3537 1.9956 -2.4846 0.9786
-4.5428 1.5162 -2.4845 0.9787
-4.5942 1.3522 -2.4845 0.9787
-4.6398 1.1865 -2.4845 0.9787
-4.7131 0.8507 -2.4846 0.9786
-4.7775 0.3394 -2.4847 0.9786
-4.7869 -0.1760 -2.4850 0.9786
-4.7625 -0.5189 -2.4853 0.9786
-4.7411 -0.6895 -2.4854 0.9786
-4.7136 -0.8592 -2.4856 0.9786
-4.6800 -1.0278 -2.4858 0.9786
-4.6405 -1.1952 -2.4860 0.9786
-4.5436 -1.5251 -2.4864 0.9786
-4.4863 -1.6873 -2.4866 0.9786
-4.4233 -1.8474 -2.4868 0.9786
-4.3546 -2.0051 -2.4870 0.9786
-4.0246 -2.6085 -2.4881 0.9786
-3.9289 -2.7515 -2.4883 0.9786
-3.6117 -3.1589 -2.4892 0.9786
-3.4965 -3.2869 -2.4895 0.9786
-2.8556 -3.8607 -2.4912 0.9786
-2.7157 -3.9612 -2.4915 0.9786
-2.1222 -4.3114 -2.4930 0.9786
-0.9849 -4.7084 -2.4955 0.9786
-0.8154 -4.7414 -2.4959 0.9786
-0.6449 -4.7683 -2.4962 0.9786
-0.3014 -4.8037 -2.4969 0.9785
-0.1288 -4.8121 -2.4973 0.9785
0.0439 -4.8143 -2.4976 0.9785
0.2167 -4.8103 -2.4980 0.9785
0.3892 -4.8000 -2.4983 0.9785
1.0724 -4.6975 -2.4996 0.9785
1.2404 -4.6566 -2.5000 0.9785
1.4069 -4.6096 -2.5003 0.9785
2.2082 -4.2869 -2.5017 0.9785
2.5105 -4.1184 -2.5022 0.9785
3.2066 -3.6058 -2.5033 0.9785
3.3342 -3.4886 -2.5035 0.9785
3.5763 -3.2410 -2.5038 0.9785
3.7999 -2.9765 -2.5041 0.9785
3.9045 -2.8384 -2.5042 0.9785
4.1874 -2.4027 -2.5045 0.9785
4.2710 -2.2510 -2.5046 0.9785
4.3491 -2.0964 -2.5047 0.9785
4.4884 -1.7791 -2.5048 0.9785
4.5494 -1.6169 -2.5048 0.9785
4.6045 -1.4527 -2.5048 0.9785
4.6537 -1.2865 -2.5048 0.9785
4.6968 -1.1187 -2.5048 0.9785
4.7339 -0.9495 -2.5047 0.9785
4.7896 -0.6075 -2.5047 0.9785
4.8082 -0.4353 -2.5046 0.9785
4.8205 -0.2624 -2.5045 0.9785
4.8202 0.2570 -2.5042 0.9785
4.8076 0.4298 -2.5041 0.9785
4.7889 0.6020 -2.5039 0.9785
2.9923 0.7092 -1.5954 0.9862
2.9752 0.8189 -1.6009 0.9862
2.9591 0.9299 -1.6091 0.9861
4.5476 1.6106 -2.5028 0.9785
4.4196 1.9322 -2.5023 0.9785
4.1851 2.3952 -2.5016 0.9785
4.0017 2.6886 -2.5010 0.9785
3.9022 2.8301 -2.5008 0.9785
3.5742 3.2319 -2.4998 0.9785
3.0735 3.7080 -2.4985 0.9785
2.9381 3.8154 -2.4982 0.9785
2.7989 3.9178 -2.4979 0.9785
2.6562 4.0151 -2.4975 0.9785
2.5100 4.1073 -2.4972 0.9785
2.3607 4.1941 -2.4968 0.9785
2.2084 4.2755 -2.4964 0.9785
2.0533 4.3513 -2.4961 0.9786
1.8956 4.4216 -2.4957 0.9786
1.7354 4.4861 -2.4954 0.9786
1.5731 4.5448 -2.4950 0.9786
1.2428 4.6445 -2.4943 0.9786
0.9062 4.7203 -2.4935 0.9786
0.7362 4.7491 -2.4932 0.9786
0.5652 4.7718 -2.4928 0.9786
0.3936 4.7883 -2.4925 0.9786
-0.1232 4.8009 -2.4914 0.9786
-0.2953 4.7927 -2.4911 0.9786
-0.4670 4.7784 -2.4907 0.9786
-0.6381 4.7579 -2.4904 0.9786
-0.8083 4.7313 -2.4901 0.9786
-1.7992 4.4461 -2.4882 0.9786
-1.9573 4.3782 -2.4880 0.9786
-2.1129 4.3047 -2.4877 0.9786
-2.4157 4.1412 -2.4872 0.9786
-2.7060 3.9566 -2.4867 0.9786
-2.8459 3.8566 -2.4865 0.9786
-2.9822 3.7517 -2.4863 0.9786
-3.1146 3.6419 -2.4861 0.9786
-3.4872 3.2855 -2.4855 0.9786
-3.6026 3.1580 -2.4854 0.9786
-4.1931 2.3147 -2.4847 0.9786
-4.3480 2.0080 -2.4846 0.9786
-4.6765 1.0325 -2.4845 0.9787
-4.7106 0.8641 -2.4845 0.9786
-4.7766 0.3529 -2.4847 0.9786
-4.7863 0.1813 -2.4848 0.9786
-4.7899 0.0095 -2.4849 0.9786
-4.7874 -0.1624 -2.4850 0.9786
-4.7639 -0.5054 -2.4853 0.9786
-4.7430 -0.6760 -2.4854 0.9786
-4.6829 -1.0145 -2.4858 0.9786
-4.6438 -1.1820 -2.4859 0.9786
-4.5988 -1.3480 -2.4861 0.9786
-4.4285 -1.8348 -2.4868 0.9786
-4.2863 -2.1481 -2.4873 0.9786
-4.2069 -2.3007 -2.4875 0.9786
-3.8362 -2.8802 -2.4886 0.9786
-3.7308 -3.0163 -2.4889 0.9786
-3.5058 -3.2769 -2.4895 0.9786
-3.0025 -3.7467 -2.4908 0.9786
-2.8665 -3.8525 -2.4912 0.9786
-2.4370 -4.1400 -2.4922 0.9786
-2.2872 -4.2254 -2.4926 0.9786
-1.1663 -4.6660 -2.4951 0.9786
-0.4870 -4.7876 -2.4966 0.9785
-0.1425 -4.8116 -2.4973 0.9785
0.0303 -4.8143 -2.4976 0.9785
0.2030 -4.8108 -2.4980 0.9785
0.5476 -4.7852 -2.4986 0.9785
0.8896 -4.7348 -2.4993 0.9785
1.0591 -4.7004 -2.4996 0.9785
1.2272 -4.6600 -2.4999 0.9785
1.3938 -4.6135 -2.5002 0.9785
1.5586 -4.5611 -2.5005 0.9785
1.8821 -4.4386 -2.5011 0.9785
2.0404 -4.3687 -2.5014 0.9785
2.1961 -4.2932 -2.5017 0.9785
2.3489 -4.2120 -2.5019 0.9785
2.4988 -4.1254 -2.5022 0.9785
2.6455 -4.0335 -2.5024 0.9785
3.0644 -3.7269 -2.5031 0.9785
3.1964 -3.6148 -2.5033 0.9785
3.5670 -3.2511 -2.5038 0.9785
3.7914 -2.9873 -2.5041 0.9785
3.8964 -2.8495 -2.5042 0.9785
3.9963 -2.7080 -2.5043 0.9785
4.2646 -2.2631 -2.5046 0.9785
4.5448 -1.6298 -2.5048 0.9785
4.6004 -1.4657 -2.5048 0.9785
4.6936 -1.1320 -2.5048 0.9785
4.7312 -0.9629 -2.5048 0.9785
4.7626 -0.7925 -2.5047 0.9785
4.7879 -0.6211 -2.5047 0.9785
4.8069 -0.4489 -2.5046 0.9785
4.8198 -0.2761 -2.5045 0.9785
4.8264 -0.1030 -2.5044 0.9785
4.8268 0.0702 -2.5043 0.9785
4.8210 0.2434 -2.5042 0.9785
2.9764 0.8102 -1.6003 0.9862
2.9603 0.9211 -1.6084 0.9861
4.4251 1.9197 -2.5024 0.9785
4.2752 2.2316 -2.5019 0.9785
4.1919 2.3833 -2.5016 0.9785
3.9103 2.8191 -2.5008 0.9785
3.8061 2.9572 -2.5005 0.9785
3.5834 3.2217 -2.4999 0.9785
3.2152 3.5867 -2.4989 0.9785
3.0840 3.6993 -2.4986 0.9785
2.9489 3.8071 -2.4982 0.9785
2.8100 3.9099 -2.4979 0.9785
2.6676 4.0076 -2.4975 0.9785
2.5217 4.1002 -2.4972 0.9785
-1.2671 4.3649 -2.4894 0.9795
-1.5765 4.2618 -2.4888 0.9795
-1.7282 4.2021 -2.4885 0.9795
-2.1691 3.9908 -2.4878 0.9795
-2.4492 3.8243 -2.4873 0.9795
-2.5847 3.7336 -2.4871 0.9795
-2.8453 3.5380 -2.4867 0.9795
-2.9702 3.4334 -2.4865 0.9795
-3.3212 3.0937 -2.4860 0.9795
-3.4299 2.9724 -2.4858 0.9795
-3.6339 2.7185 -2.4856 0.9795
-3.7289 2.5863 -2.4855 0.9795
-3.9848 2.1704 -2.4852 0.9795
-4.0600 2.0259 -2.4852 0.9795
-4.1300 1.8789 -2.4851 0.9795
-4.1947 1.7295 -2.4851 0.9795
-4.2540 1.5779 -2.4850 0.9795
-4.3078 1.4242 -2.4850 0.9795
-4.3989 1.1116 -2.4850 0.9795
-4.4360 0.9531 -2.4851 0.9795
-4.5130 0.4709 -2.4852 0.9795
-4.5354 0.1461 -2.4853 0.9795
-4.5379 -0.0168 -2.4854 0.9795
-4.5254 -0.3422 -2.4857 0.9795
-4.5105 -0.5044 -2.4858 0.9795
-4.4897 -0.6659 -2.4859 0.9795
-4.4632 -0.8266 -2.4861 0.9795
-4.4310 -0.9863 -2.4862 0.9795
-4.3003 -1.4570 -2.4868 0.9795
-4.2456 -1.6105 -2.4870 0.9795
-4.0490 -2.0580 -2.4877 0.9795
-3.8918 -2.3435 -2.4882 0.9795
-3.8056 -2.4819 -2.4884 0.9795
-3.7145 -2.6171 -2.4887 0.9795
-3.4129 -3.0021 -2.4895 0.9795
-3.3034 -3.1230 -2.4898 0.9795
-2.9498 -3.4612 -2.4908 0.9795
-2.8241 -3.5653 -2.4911 0.9795
-2.4256 -3.8496 -2.4921 0.9795
-2.2862 -3.9347 -2.4924 0.9795
-1.9987 -4.0896 -2.4931 0.9795
-1.2375 -4.3837 -2.4948 0.9794
-0.7596 -4.4931 -2.4958 0.9794
-0.4356 -4.5373 -2.4965 0.9794
0.3815 -4.5452 -2.4982 0.9794
0.5444 -4.5291 -2.4985 0.9794
0.7066 -4.5073 -2.4988 0.9794
0.8680 -4.4796 -2.4991 0.9794
1.6545 -4.2552 -2.5006 0.9794
1.8063 -4.1935 -2.5008 0.9794
1.9558 -4.1265 -2.5011 0.9794
2.1028 -4.0540 -2.5013 0.9794
2.3886 -3.8935 -2.5018 0.9794
2.6621 -3.7129 -2.5023 0.9794
2.7939 -3.6153 -2.5025 0.9794
3.0464 -3.4061 -2.5028 0.9794
3.1669 -3.2948 -2.5030 0.9794
3.3954 -3.0596 -2.5033 0.9794
3.7990 -2.5429 -2.5038 0.9794
3.9719 -2.2641 -2.5040 0.9794
4.0506 -2.1202 -2.5041 0.9794
4.1242 -1.9735 -2.5041 0.9794
4.3643 -1.3633 -2.5043 0.9794
4.4104 -1.2058 -2.5043 0.9794
4.4855 -0.8864 -2.5042 0.9794
4.5143 -0.7249 -2.5042 0.9794
4.5373 -0.5624 -2.5041 0.9794
4.5544 -0.3993 -2.5040 0.9794
4.5657 -0.2356 -2.5040 0.9794
4.5710 -0.0716 -2.5039 0.9794
4.5640 0.2563 -2.5037 0.9794
4.5093 0.7452 -2.5033 0.9794
4.4794 0.9064 -2.5031 0.9794
2.9343 1.0486 -1.7067 0.9859
4.1803 1.8417 -2.5019 0.9794
3.7826 2.5570 -2.5007 0.9794
3.6880 2.6907 -2.5004 0.9794
3.5887 2.8210 -2.5001 0.9794
3.4848 2.9476 -2.4998 0.9794
3.2636 3.1892 -2.4992 0.9794
2.7724 3.6214 -2.4980 0.9794
2.5049 3.8099 -2.4973 0.9794
2.2246 3.9787 -2.4967 0.9794
1.4778 4.3089 -2.4949 0.9794
1.0058 4.4409 -2.4939 0.9794
0.8457 4.4735 -2.4936 0.9795
0.6846 4.5004 -2.4932 0.9795
0.5226 4.5214 -2.4929 0.9795
0.3600 4.5366 -2.4925 0.9795
0.1969 4.5460 -2.4922 0.9795
0.0337 4.5496 -2.4919 0.9795
-0.2926 4.5391 -2.4912 0.9795
-0.6172 4.5053 -2.4906 0.9795
-0.7783 4.4797 -2.4903 0.9795
-0.9385 4.4483 -2.4900 0.9795
-1.0973 4.4112 -2.4897 0.9795
-1.4105 4.3202 -2.4891 0.9795
-2.4384 3.8312 -2.4873 0.9795
-2.5741 3.7409 -2.4871 0.9795
-2.9604 3.4418 -2.4865 0.9795
-3.0818 3.3332 -2.4863 0.9795
-3.6262 2.7288 -2.4856 0.9795
-3.8122 2.4615 -2.4854 0.9795
-3.9786 2.1817 -2.4852 0.9795
-4.1247 1.8906 -2.4851 0.9795
-4.1898 1.7414 -2.4851 0.9795
-4.3526 1.2811 -2.4850 0.9795
-4.3957 1.1241 -2.4850 0.9795
-4.4333 0.9656 -2.4850 0.9795
-4.4651 0.8060 -2.4851 0.9795
-4.4912 0.6453 -2.4851 0.9795
-4.5116 0.4837 -2.4852 0.9795
-4.5262 0.3215 -2.4853 0.9795
-4.5350 0.1589 -2.4853 0.9795
-4.5379 -0.0039 -2.4854 0.9795
-4.4655 -0.8140 -2.4861 0.9795
-4.4337 -0.9737 -2.4862 0.9795
-4.3531 -1.2894 -2.4866 0.9795
-4.0548 -2.0465 -2.4877 0.9795
-3.8984 -2.3325 -2.4882 0.9795
-3.8126 -2.4711 -2.4884 0.9795
-3.5262 -2.8674 -2.4892 0.9795
-3.4214 -2.9924 -2.4895 0.9795
-2.9596 -3.4528 -2.4907 0.9795
-2.4364 -3.8426 -2.4920 0.9795
-2.2973 -3.9281 -2.4924 0.9795
-2.1552 -4.0086 -2.4927 0.9795
-1.7127 -4.2187 -2.4937 0.9794
-1.5604 -4.2780 -2.4941 0.9794
-1.2499 -4.3801 -2.4948 0.9794
-1.0921 -4.4227 -2.4951 0.9794
-0.9329 -4.4597 -2.4954 0.9794
-0.6108 -4.5163 -2.4961 0.9794
-0.2854 -4.5497 -2.4968 0.9794
-0.1220 -4.5577 -2.4971 0.9794
0.0416 -4.5597 -2.4975 0.9794
0.3686 -4.5462 -2.4981 0.9794
0.5315 -4.5306 -2.4985 0.9794
0.6938 -4.5092 -2.4988 0.9794
0.8553 -4.4820 -2.4991 0.9794
1.0157 -4.4489 -2.4994 0.9794
1.3324 -4.3657 -2.5000 0.9794
1.6424 -4.2598 -2.5005 0.9794
1.7944 -4.1986 -2.5008 0.9794
1.9441 -4.1319 -2.5011 0.9794
2.3775 -3.9003 -2.5018 0.9794
2.7836 -3.6231 -2.5024 0.9794
2.9120 -3.5212 -2.5026 0.9794
3.0367 -3.4147 -2.5028 0.9794
3.3867 -3.0692 -2.5033 0.9794
3.5985 -2.8188 -2.5036 0.9794
3.6975 -2.6880 -2.5037 0.9794
3.8811 -2.4161 -2.5039 0.9794
3.9654 -2.2753 -2.5040 0.9794
4.1186 -1.9852 -2.5041 0.9794
4.2505 -1.6848 -2.5042 0.9794
4.3082 -1.5312 -2.5042 0.9794
4.4478 -1.0594 -2.5042 0.9794
4.4829 -0.8991 -2.5042 0.9794
4.5357 -0.5753 -2.5041 0.9794
4.5650 -0.2485 -2.5040 0.9794
4.5528 0.4070 -2.5036 0.9794
4.5351 0.5701 -2.5034 0.9794
4.5114 0.7324 -2.5033 0.9794
2.9841 0.7072 -1.6797 0.9861
2.9519 0.9277 -1.6947 0.9860
3.8792 2.4089 -2.5010 0.9794
3.7899 2.5462 -2.5007 0.9794
3.5967 2.8109 -2.5001 0.9794
3.4931 2.9378 -2.4999 0.9794
3.2727 3.1799 -2.4993 0.9794
2.9109 3.5119 -2.4983 0.9794
2.5157 3.8029 -2.4974 0.9794
2.3774 3.8902 -2.4970 0.9794
1.7954 4.1880 -2.4957 0.9794
1.6438 4.2491 -2.4953 0.9794
1.4900 4.3048 -2.4950 0.9794
1.0184 4.4381 -2.4939 0.9794
0.8584 4.4712 -2.4936 0.9795
0.3728 4.5357 -2.4926 0.9795
0.2098 4.5455 -2.4922 0.9795
-0.6044 4.5070 -2.4906 0.9795
-0.7656 4.4819 -2.4903 0.9795
-0.9259 4.4510 -2.4900 0.9795
-1.5524 4.2708 -2.4888 0.9795
-1.8542 4.1475 -2.4883 0.9795
-2.0016 4.0779 -2.4881 0.9795
-2.2885 3.9231 -2.4876 0.9795
-2.9507 3.4502 -2.4865 0.9795
-3.1901 3.2293 -2.4862 0.9795
-3.3037 3.1126 -2.4860 0.9795
-3.4130 2.9918 -2.4859 0.9795
-3.5180 2.8673 -2.4857 0.9795
-3.7142 2.6074 -2.4855 0.9795
-3.8052 2.4723 -2.4854 0.9795
-3.8913 2.3341 -2.4853 0.9795
-3.9724 2.1929 -2.4852 0.9795
-4.1848 1.7533 -2.4851 0.9795
-4.2450 1.6020 -2.4850 0.9795
-4.2997 1.4486 -2.4850 0.9795
-4.3925 1.1365 -2.4850 0.9795
-4.4305 0.9782 -2.4850 0.9795
-4.4628 0.8186 -2.4851 0.9795
-4.4894 0.6580 -2.4851 0.9795
-4.5102 0.4965 -2.4852 0.9795
-4.5252 0.3344 -2.4852 0.9795
-4.5345 0.1718 -2.4853 0.9795
-4.5379 0.0090 -2.4854 0.9795
-4.5355 -0.1539 -2.4855 0.9795
-4.5132 -0.4788 -2.4858 0.9795
-4.4678 -0.8013 -2.4861 0.9795
-4.3084 -1.4326 -2.4868 0.9795
-4.1953 -1.7382 -2.4872 0.9795
-4.1306 -1.8878 -2.4874 0.9795
-4.0606 -2.0350 -2.4876 0.9795
-3.9050 -2.3214 -2.4881 0.9795
-3.7292 -2.5960 -2.4887 0.9795
-3.5342 -2.8574 -2.4892 0.9795
-3.4298 -2.9827 -2.4895 0.9795
-3.3210 -3.1042 -2.4898 0.9795
-3.0906 -3.3352 -2.4904 0.9795
-2.9693 -3.4443 -2.4907 0.9795
-2.8442 -3.5491 -2.4910 0.9795
-2.7154 -3.6493 -2.4913 0.9795
-1.4184 -4.3278 -2.4944 0.9794
-1.2623 -4.3765 -2.4947 0.9794
-0.9455 -4.4570 -2.4954 0.9794
-0.7851 -4.4886 -2.4958 0.9794
-0.6236 -4.5145 -2.4961 0.9794
-0.2983 -4.5489 -2.4968 0.9794
0.6810 -4.5111 -2.4987 0.9794
1.1623 -4.4134 -2.4997 0.9794
1.3200 -4.3694 -2.4999 0.9794
1.4761 -4.3197 -2.5002 0.9794
1.6303 -4.2644 -2.5005 0.9794
1.7825 -4.2036 -2.5008 0.9794
2.0798 -4.0658 -2.5013 0.9794
2.2245 -3.9890 -2.5015 0.9794
2.3665 -3.9070 -2.5018 0.9794
2.5053 -3.8199 -2.5020 0.9794
2.9020 -3.5294 -2.5026 0.9794
3.1481 -3.3127 -2.5030 0.9794
3.2652 -3.1978 -2.5032 0.9794
3.3780 -3.0788 -2.5033 0.9794
3.7845 -2.5644 -2.5038 0.9794
3.8742 -2.4271 -2.5039 0.9794
4.0385 -2.1431 -2.5041 0.9794
4.1129 -1.9969 -2.5041 0.9794
4.5101 -0.7505 -2.5042 0.9794
4.5643 -0.2615 -2.5040 0.9794
4.5706 -0.0975 -2.5039 0.9794
4.5710 0.0665 -2.5038 0.9794
4.5540 0.3941 -2.5036 0.9794
4.5367 0.5572 -2.5034 0.9794
4.5135 0.7196 -2.5033 0.9794
2.9704 0.5836 -1.6580 0.9863
2.9863 0.6988 -1.6798 0.9861
4.1907 1.8180 -2.5020 0.9794
4.0488 2.1135 -2.5015 0.9794
3.8860 2.3979 -2.5010 0.9794
3.7971 2.5355 -2.5007 0.9794
3.7033 2.6698 -2.5004 0.9794
3.5015 2.9279 -2.4999 0.9794
3.0451 3.3970 -2.4987 0.9794
2.9209 3.5036 -2.4984 0.9794
2.3884 3.8834 -2.4970 0.9794
-0.9023 4.2177 -2.4902 0.9803
-1.4957 4.0435 -2.4891 0.9803
-1.6397 3.9868 -2.4888 0.9803
-2.0580 3.7864 -2.4881 0.9803
-2.1923 3.7098 -2.4879 0.9803
-2.3238 3.6284 -2.4877 0.9803
-2.5776 3.4519 -2.4873 0.9803
-2.6996 3.3569 -2.4871 0.9803
-3.0441 3.0468 -2.4866 0.9803
-3.1513 2.9354 -2.4864 0.9803
-3.2544 2.8203 -2.4863 0.9803
-3.4479 2.5794 -2.4861 0.9803
-3.8523 1.9223 -2.4856 0.9803
-3.9187 1.7828 -2.4856 0.9803
-3.9801 1.6410 -2.4855 0.9803
-4.1333 1.2038 -2.4855 0.9803
-4.2955 0.2929 -2.4857 0.9803
-4.3057 -0.0159 -2.4859 0.9803
-4.3025 -0.1704 -2.4860 0.9803
-4.2938 -0.3247 -2.4861 0.9803
-4.2796 -0.4785 -2.4862 0.9803
-4.1268 -1.2351 -2.4870 0.9803
-3.9711 -1.6717 -2.4876 0.9803
-3.9089 -1.8133 -2.4878 0.9803
-3.8417 -1.9526 -2.4880 0.9803
-3.7695 -2.0893 -2.4883 0.9803
-3.5242 -2.4830 -2.4890 0.9803
-3.4332 -2.6081 -2.4893 0.9803
-3.3378 -2.7300 -2.4895 0.9803
-3.1341 -2.9629 -2.4901 0.9803
-3.0261 -3.0738 -2.4904 0.9803
-2.6792 -3.3824 -2.4913 0.9803
-2.5565 -3.4768 -2.4916 0.9803
-2.4304 -3.5667 -2.4919 0.9803
-2.3011 -3.6521 -2.4922 0.9803
-2.0338 -3.8087 -2.4928 0.9803
-1.8961 -3.8797 -2.4931 0.9803
-1.7559 -3.9458 -2.4935 0.9802
-1.1740 -4.1585 -2.4948 0.9802
-1.0241 -4.1985 -2.4951 0.9802
-0.8730 -4.2331 -2.4954 0.9802
-0.5673 -4.2860 -2.4961 0.9802
-0.4132 -4.3041 -2.4964 0.9802
-0.1035 -4.3238 -2.4970 0.9802
0.6703 -4.2754 -2.4986 0.9802
0.9754 -4.2173 -2.4992 0.9802
1.1262 -4.1801 -2.4994 0.9802
1.2756 -4.1375 -2.4997 0.9802
2.1315 -3.7716 -2.5012 0.9802
2.5250 -3.5217 -2.5019 0.9802
2.6500 -3.4291 -2.5021 0.9802
2.7715 -3.3320 -2.5022 0.9802
2.8895 -3.2307 -2.5024 0.9802
3.2205 -2.9020 -2.5029 0.9802
3.3227 -2.7847 -2.5030 0.9802
3.4207 -2.6639 -2.5031 0.9802
3.6032 -2.4119 -2.5034 0.9802
3.6876 -2.2811 -2.5035 0.9802
3.7672 -2.1474 -2.5035 0.9802
3.8419 -2.0109 -2.5036 0.9802
3.9117 -1.8718 -2.5037 0.9802
4.0359 -1.5865 -2.5037 0.9802
4.1831 -1.1437 -2.5038 0.9802
4.2214 -0.9928 -2.5037 0.9802
4.2816 -0.6875 -2.5037 0.9802
4.3035 -0.5335 -2.5036 0.9802
4.3197 -0.3787 -2.5036 0.9802
4.3171 0.3983 -2.5031 0.9802
4.0255 1.6036 -2.5018 0.9802
3.8995 1.8879 -2.5013 0.9802
3.8289 2.0264 -2.5011 0.9802
3.4982 2.5523 -2.5001 0.9802
3.4040 2.6759 -2.4998 0.9802
3.3055 2.7960 -2.4996 0.9802
3.0957 3.0251 -2.4990 0.9802
2.8702 3.2386 -2.4984 0.9802
2.5046 3.5270 -2.4975 0.9802
2.3762 3.6141 -2.4972 0.9802
2.1103 3.7742 -2.4966 0.9802
1.9733 3.8470 -2.4962 0.9802
1.8338 3.9148 -2.4959 0.9802
1.5479 4.0352 -2.4953 0.9802
1.1049 4.1765 -2.4943 0.9802
0.3415 4.3039 -2.4927 0.9803
0.0320 4.3162 -2.4920 0.9803
-0.2776 4.3063 -2.4914 0.9803
-0.4319 4.2930 -2.4911 0.9803
-0.7384 4.2500 -2.4905 0.9803
-1.3382 4.0988 -2.4894 0.9803
-1.6284 3.9914 -2.4889 0.9803
-2.0473 3.7923 -2.4881 0.9803
-2.3135 3.6350 -2.4877 0.9803
-2.4423 3.5494 -2.4875 0.9803
-2.5679 3.4592 -2.4873 0.9803
-2.6901 3.3646 -2.4871 0.9803
-3.0355 3.0554 -2.4866 0.9803
-3.2464 2.8295 -2.4863 0.9803
-3.7751 2.0700 -2.4857 0.9803
-3.8468 1.9332 -2.4856 0.9803
-3.9136 1.7939 -2.4856 0.9803
-3.9754 1.6523 -2.4856 0.9803
-4.1708 1.0666 -2.4855 0.9803
-4.2064 0.9162 -2.4855 0.9803
-4.2367 0.7647 -2.4856 0.9803
-4.2615 0.6122 -2.4856 0.9803
-4.2946 0.3051 -2.4857 0.9803
-4.3057 -0.0037 -2.4859 0.9803
-4.3030 -0.1582 -2.4860 0.9803
-4.2947 -0.3125 -2.4861 0.9803
-4.2810 -0.4664 -2.4862 0.9803
-4.2617 -0.6197 -2.4864 0.9803
-4.1712 -1.0743 -2.4868 0.9803
-4.1302 -1.2233 -2.4870 0.9803
-4.0840 -1.3709 -2.4872 0.9803
-4.0325 -1.5166 -2.4874 0.9803
-3.9758 -1.6605 -2.4876 0.9803
-3.9140 -1.8022 -2.4878 0.9803
-3.8472 -1.9417 -2.4880 0.9803
-3.7754 -2.0786 -2.4882 0.9803
-2.5663 -3.4695 -2.4915 0.9803
-2.4405 -3.5598 -2.4918 0.9803
-2.3115 -3.6455 -2.4922 0.9803
-2.1794 -3.7266 -2.4925 0.9803
-1.6247 -4.0021 -2.4938 0.9802
-1.1858 -4.1552 -2.4948 0.9802
-1.0360 -4.1956 -2.4951 0.9802
-0.7327 -4.2602 -2.4957 0.9802
-0.5794 -4.2843 -2.4961 0.9802
-0.1157 -4.3234 -2.4970 0.9802
0.1946 -4.3217 -2.4976 0.9802
0.6581 -4.2773 -2.4986 0.9802
1.4118 -4.0934 -2.5000 0.9802
1.5579 -4.0406 -2.5002 0.9802
1.8440 -3.9193 -2.5007 0.9802
2.2551 -3.6994 -2.5014 0.9802
2.8803 -3.2388 -2.5024 0.9802
3.1056 -3.0243 -2.5027 0.9802
3.3148 -2.7941 -2.5030 0.9802
3.4131 -2.6735 -2.5031 0.9802
3.5070 -2.5495 -2.5033 0.9802
3.5964 -2.4221 -2.5034 0.9802
3.8362 -2.0218 -2.5036 0.9802
3.9063 -1.8829 -2.5036 0.9802
3.9714 -1.7416 -2.5037 0.9802
4.0862 -1.4523 -2.5037 0.9802
4.2186 -1.0048 -2.5037 0.9802
4.2519 -0.8528 -2.5037 0.9802
4.2797 -0.6997 -2.5037 0.9802
4.3186 -0.3909 -2.5036 0.9802
4.3352 0.0754 -2.5033 0.9802
4.3295 0.2309 -2.5032 0.9802
4.2790 0.6946 -2.5028 0.9802
2.9757 0.7052 -1.7656 0.9860
4.0849 1.4467 -2.5020 0.9802
3.6795 2.2849 -2.5006 0.9802
3.5055 2.5424 -2.5001 0.9802
3.4116 2.6662 -2.4999 0.9802
3.1043 3.0164 -2.4990 0.9802
2.7613 3.3313 -2.4981 0.9802
2.2552 3.6902 -2.4969 0.9802
1.9842 3.8415 -2.4963 0.9802
1.8449 3.9097 -2.4959 0.9802
1.7032 3.9728 -2.4956 0.9802
1.2659 4.1312 -2.4946 0.9802
0.8143 4.2417 -2.4936 0.9802
0.6615 4.2676 -2.4933 0.9803
0.3537 4.3029 -2.4927 0.9803
0.0442 4.3161 -2.4920 0.9803
-0.1107 4.3144 -2.4917 0.9803
-0.4197 4.2943 -2.4911 0.9803
-1.1787 4.1480 -2.4897 0.9803
-1.3266 4.1026 -2.4894 0.9803
-1.4728 4.0519 -2.4891 0.9803
-1.6171 3.9961 -2.4889 0.9803
-2.3033 3.6416 -2.4877 0.9803
-2.4322 3.5563 -2.4875 0.9803
-2.6806 3.3722 -2.4871 0.9803
-2.7996 3.2736 -2.4869 0.9803
-2.9151 3.1708 -2.4868 0.9803
-3.0268 3.0640 -2.4866 0.9803
-3.2384 2.8387 -2.4863 0.9803
-3.6105 2.3458 -2.4859 0.9803
-4.0278 1.5200 -2.4855 0.9803
-4.0797 1.3745 -2.4855 0.9803
-4.1264 1.2272 -2.4855 0.9803
-4.1678 1.0784 -2.4855 0.9803
-4.2038 0.9282 -2.4855 0.9803
-4.2597 0.6243 -2.4856 0.9803
-4.2937 0.3172 -2.4857 0.9803
-4.3057 0.0085 -2.4859 0.9803
-4.2822 -0.4543 -2.4862 0.9803
-4.2634 -0.6077 -2.4864 0.9803
-4.2391 -0.7603 -2.4865 0.9803
-4.1337 -1.2116 -2.4870 0.9803
-3.9191 -1.7911 -2.4878 0.9803
-3.8526 -1.9307 -2.4880 0.9803
-3.7812 -2.0679 -2.4882 0.9803
-3.7049 -2.2025 -2.4885 0.9803
-3.6239 -2.3342 -2.4887 0.9803
-3.1508 -2.9451 -2.4900 0.9803
-3.0434 -3.0566 -2.4903 0.9803
-2.9321 -3.1642 -2.4906 0.9803
-2.8171 -3.2677 -2.4909 0.9803
-2.6983 -3.3671 -2.4912 0.9803
-2.5761 -3.4622 -2.4915 0.9803
-2.4505 -3.5528 -2.4918 0.9803
-2.3218 -3.6389 -2.4921 0.9803
-2.1900 -3.7204 -2.4925 0.9803
-2.0553 -3.7970 -2.4928 0.9803
-1.6361 -3.9974 -2.4937 0.9802
-1.4918 -4.0541 -2.4941 0.9802
-1.1975 -4.1517 -2.4947 0.9802
-0.2830 -4.3151 -2.4967 0.9802
0.0272 -4.3254 -2.4973 0.9802
0.1824 -4.3222 -2.4976 0.9802
0.6460 -4.2791 -2.4985 0.9802
0.7992 -4.2537 -2.4988 0.9802
0.9514 -4.2227 -2.4991 0.9802
1.2521 -4.1446 -2.4997 0.9802
1.5464 -4.0450 -2.5002 0.9802
1.6907 -3.9873 -2.5005 0.9802
1.8329 -3.9244 -2.5007 0.9802
2.1100 -3.7836 -2.5012 0.9802
2.2446 -3.7058 -2.5014 0.9802
2.3763 -3.6232 -2.5016 0.9802
2.5050 -3.5359 -2.5018 0.9802
2.7525 -3.3476 -2.5022 0.9802
2.9859 -3.1421 -2.5026 0.9802
3.2040 -2.9202 -2.5029 0.9802
3.3069 -2.8035 -2.5030 0.9802
3.4055 -2.6832 -2.5031 0.9802
3.4997 -2.5594 -2.5032 0.9802
3.5895 -2.4323 -2.5033 0.9802
3.6746 -2.3020 -2.5034 0.9802
3.7549 -2.1687 -2.5035 0.9802
3.8304 -2.0327 -2.5036 0.9802
3.9010 -1.8940 -2.5036 0.9802
3.9665 -1.7528 -2.5037 0.9802
4.1320 -1.3165 -2.5038 0.9802
4.1766 -1.1674 -2.5038 0.9802
4.2157 -1.0168 -2.5037 0.9802
4.2495 -0.8649 -2.5037 0.9802
4.2777 -0.7118 -2.5037 0.9802
4.3004 -0.5579 -2.5036 0.9802
4.3175 -0.4032 -2.5036 0.9802
4.3291 -0.2480 -2.5035 0.9802
4.3351 -0.0925 -2.5034 0.9802
4.3354 0.0631 -2.5033 0.9802
4.3302 0.2186 -2.5032 0.9802
4.3194 0.3738 -2.5031 0.9802
4.3029 0.5285 -2.5030 0.9802
4.2535 0.8356 -2.5027 0.9802
2.9869 0.8130 -1.7872 0.9858
2.9456 0.9165 -1.7811 0.9859
4.0890 1.4351 -2.5020 0.9802
4.0346 1.5808 -2.5018 0.9802
3.9102 1.8657 -2.5014 0.9802
3.8404 2.0047 -2.5011 0.9802
3.6860 2.2745 -2.5007 0.9802
3.2192 2.8943 -2.4993 0.9802
3.0026 3.1170 -2.4988 0.9802
2.8885 3.2223 -2.4985 0.9802
2.5246 3.5128 -2.4975 0.9802
2.3967 3.6006 -2.4972 0.9802
2.2656 3.6838 -2.4969 0.9802
