ply
format ascii 1.0
element vertex 8722
property float32 x
property float32 y
property float32 z
property float32 I
end_header
10.6656 -40.7179 7.4219 0.8429
11.1236 -36.9962 6.8119 0.8548
13.4702 -35.3740 6.6743 0.8575
14.8748 -35.2092 6.7396 0.8562
16.6556 -35.7854 6.9599 0.8519
18.3573 -36.0052 7.1262 0.8486
25.9252 -36.6980 7.9226 0.8332
28.3311 -37.1964 8.2445 0.8270
16.1707 -19.7206 4.4968 0.9016
47.1670 9.1974 8.4735 0.8227
42.2654 9.8278 7.6514 0.8384
30.7642 10.7483 5.7461 0.8760
28.7761 11.2277 5.4466 0.8821
10.5916 5.0353 2.0679 0.9535
19.6142 12.0643 4.0604 0.9107
18.8121 12.5229 3.9848 0.9123
17.8889 12.8579 3.8846 0.9144
14.5891 11.3014 3.2540 0.9278
13.6483 13.1485 3.3417 0.9259
13.0261 13.4830 3.3057 0.9267
17.3599 19.3096 4.5785 0.8999
15.9786 19.1100 4.3923 0.9038
8.9733 13.4386 2.8493 0.9365
7.9458 13.9759 2.8348 0.9368
7.4745 14.3194 2.8482 0.9365
7.3111 20.8314 3.8928 0.9142
4.5215 14.5317 2.6835 0.9401
3.8386 14.1019 2.5770 0.9424
1.8479 15.0439 2.6726 0.9403
0.3156 21.6642 3.8204 0.9158
-0.8823 15.4078 2.7213 0.9392
-1.4181 15.1899 2.6900 0.9399
-3.7766 15.6607 2.8406 0.9367
-6.2487 22.3592 4.0936 0.9100
-5.1405 16.1363 2.9861 0.9335
-6.4466 16.1320 3.0632 0.9319
-7.5610 15.5751 3.0528 0.9321
-8.0248 15.1239 3.0189 0.9328
-14.6902 23.4519 4.8795 0.8937
-13.0435 16.5569 3.7165 0.9180
-13.8969 16.3941 3.7895 0.9164
-15.4779 16.9842 4.0518 0.9109
-18.1968 17.2950 4.4266 0.9031
-8.7595 7.7466 2.0619 0.9536
-28.3729 18.6121 5.9833 0.8713
-30.1440 18.2617 6.2145 0.8666
-34.7202 19.3663 7.0101 0.8509
-26.1441 -11.8080 5.0583 0.8900
-38.2089 -28.4208 8.3967 0.8241
-33.6603 -29.0088 7.8352 0.8349
-30.6382 -30.4966 7.6224 0.8390
-28.8518 -33.1661 7.7512 0.8365
-27.5392 -34.0513 7.7220 0.8370
10.0756 -45.6828 8.2487 0.8270
13.3333 -35.3564 6.6629 0.8577
19.7748 -35.8421 7.2180 0.8468
25.8977 -36.9106 7.9505 0.8327
35.4914 -22.4612 7.4060 0.8432
35.1727 1.6127 6.2084 0.8667
47.6581 9.1340 8.5563 0.8211
42.6654 9.7761 7.7180 0.8371
37.3806 9.9893 6.8225 0.8546
34.1032 10.4380 6.2887 0.8651
30.7492 10.6322 5.7369 0.8762
26.0396 11.1531 4.9949 0.8913
10.5859 4.9909 2.0636 0.9536
21.6061 12.1517 4.3709 0.9042
18.8332 12.4496 3.9807 0.9124
14.6172 11.2482 3.2522 0.9278
15.5433 12.8744 3.5588 0.9213
14.3136 12.7489 3.3798 0.9251
13.6991 13.1126 3.3437 0.9259
13.1060 13.4787 3.3150 0.9265
16.0675 19.0911 4.3998 0.9036
8.3981 13.5129 2.8054 0.9374
7.9938 13.9555 2.8358 0.9368
7.5087 14.2728 2.8437 0.9366
9.6055 19.9658 3.9067 0.9139
7.3848 20.8265 3.8963 0.9142
3.3626 14.1634 2.5668 0.9426
2.8434 14.2305 2.5588 0.9428
1.8897 14.9852 2.6632 0.9405
0.3855 21.6712 3.8218 0.9157
-0.3910 21.6014 3.8095 0.9160
-0.8347 15.4460 2.7275 0.9391
-1.3694 15.1970 2.6905 0.9399
-1.8762 14.8403 2.6376 0.9411
-6.1683 22.3487 4.0880 0.9101
-6.9642 22.1069 4.0869 0.9102
-7.8890 22.2264 4.1587 0.9087
-6.4011 16.1691 3.0663 0.9318
-6.9695 15.9117 3.0630 0.9319
-8.0104 15.2149 3.0319 0.9325
-9.3038 16.2308 3.2988 0.9268
-12.0856 16.6402 3.6263 0.9199
-13.0106 16.6249 3.7224 0.9178
-13.7954 16.3810 3.7762 0.9167
-16.7097 17.1740 4.2251 0.9073
-18.0615 17.2775 4.4072 0.9035
-8.7189 7.2172 1.9958 0.9551
-9.1865 7.0645 2.0434 0.9540
-28.1266 18.5803 5.9439 0.8720
-29.9710 18.2890 6.1909 0.8671
-36.6730 20.6106 7.4177 0.8429
-38.4284 -28.3924 8.4248 0.8236
-30.6729 -30.3352 7.6067 0.8393
-29.9129 -31.7860 7.6963 0.8375
-28.9397 -33.0517 7.7462 0.8366
-27.6682 -33.9863 7.7275 0.8369
-28.1873 -40.2007 8.6573 0.8192
-4.3595 -16.8863 3.0751 0.9316
10.9672 -37.3463 6.8633 0.8538
11.5858 -34.7844 6.4647 0.8616
14.7358 -35.5162 6.7801 0.8554
16.1902 -35.3791 6.8605 0.8538
23.4479 -36.3642 7.6294 0.8388
13.3578 -17.7739 3.9204 0.9137
35.0455 1.4938 6.1851 0.8672
43.0796 9.7252 7.7873 0.8358
37.7732 9.9641 6.8883 0.8533
34.1783 10.3407 6.2963 0.8650
30.7990 10.5385 5.7398 0.8762
29.1921 11.1740 5.5116 0.8808
26.2185 11.1300 5.0223 0.8908
10.5802 4.9466 2.0594 0.9537
23.3041 11.9324 4.6165 0.8991
21.7391 12.1346 4.3899 0.9038
18.0708 12.8130 3.9061 0.9140
14.3948 12.7384 3.3893 0.9249
13.8327 13.1555 3.3660 0.9254
13.1586 13.4459 3.3173 0.9264
11.8262 13.9602 3.2261 0.9284
15.1546 19.2490 4.3198 0.9053
8.0417 13.9350 2.8369 0.9367
7.5260 14.1946 2.8329 0.9368
8.2029 20.5458 3.9009 0.9141
7.4576 20.8187 3.8993 0.9141
2.4331 14.6528 2.6191 0.9415
2.0024 21.5210 3.8111 0.9160
1.2389 21.7529 3.8418 0.9153
0.3216 15.3099 2.7001 0.9397
-0.3204 21.5326 3.7972 0.9162
-0.7858 15.4645 2.7303 0.9390
-1.3208 15.2040 2.6910 0.9399
-2.9477 14.9788 2.6918 0.9399
-3.6547 15.5952 2.8243 0.9370
-6.0880 22.3381 4.0825 0.9102
-7.8047 22.2155 4.1519 0.9088
-6.9123 15.9202 3.0603 0.9319
-7.4294 15.5581 3.0400 0.9324
-7.9958 15.3064 3.0450 0.9323
-14.4626 23.4225 4.8539 0.8942
-12.0193 16.6614 3.6225 0.9199
-13.6946 16.3680 3.7631 0.9170
-18.8530 16.8906 4.4633 0.9023
-9.1161 7.0572 2.0328 0.9543
-29.8858 18.3692 6.1855 0.8672
-33.9588 19.2292 6.8812 0.8534
-34.0436 -28.9593 7.8809 0.8340
-31.9618 -29.2284 7.6369 0.8387
-29.9996 -31.6733 7.6923 0.8376
-27.3239 -35.8973 7.9547 0.8326
-28.1438 -39.8651 8.6045 0.8202
-4.4158 -16.8795 3.0765 0.9316
10.5602 -41.9646 7.6302 0.8388
11.0999 -38.2534 7.0233 0.8506
13.0610 -35.3213 6.6403 0.8582
16.0441 -35.3602 6.8468 0.8541
17.8913 -35.9450 7.0798 0.8495
19.6546 -36.1727 7.2590 0.8460
21.2903 -36.0378 7.3805 0.8437
23.4201 -36.5791 7.6586 0.8383
25.5619 -36.9357 7.9203 0.8332
27.4540 -36.7762 8.0922 0.8299
35.2868 -22.6512 7.3936 0.8434
35.0355 1.3805 6.1825 0.8673
10.0143 -44.7198 7.0205 0.8307
10.6658 -40.7184 6.4483 0.8434
11.1237 -36.9967 5.9183 0.8553
18.3575 -36.0057 6.1914 0.8491
25.9263 -36.6996 6.8836 0.8337
47.1652 9.1970 7.3615 0.8233
34.0604 10.5449 5.4622 0.8656
10.8437 4.6859 1.8097 0.9533
10.5887 5.0339 1.7961 0.9537
19.6139 12.0641 3.5276 0.9110
23.8443 18.4710 4.6206 0.8851
13.1272 13.5876 2.8943 0.9264
11.6829 13.9724 2.7902 0.9289
8.9732 13.4384 2.4754 0.9367
8.3422 13.5199 2.4337 0.9377
7.4874 14.3441 2.4788 0.9366
8.1216 20.7286 3.4105 0.9138
4.9448 14.0891 2.2874 0.9414
3.8386 14.1017 2.2389 0.9426
3.3158 14.1693 2.2293 0.9428
2.7969 14.2363 2.2226 0.9430
1.7816 14.5041 2.2386 0.9426
-0.4619 21.6625 3.3193 0.9161
-0.8499 14.8412 2.2773 0.9416
-1.3934 14.9249 2.2964 0.9411
-2.4820 14.9185 2.3168 0.9406
-3.0507 14.9920 2.3438 0.9400
-3.7748 15.6532 2.4667 0.9369
-5.1031 16.0191 2.5755 0.9342
-8.1030 22.5982 3.6777 0.9074
-6.4722 16.1961 2.6719 0.9319
-8.0255 15.1252 2.6231 0.9331
-9.4674 16.3936 2.9001 0.9263
-13.0430 16.5562 3.2288 0.9182
-13.8967 16.3938 3.2923 0.9167
-18.1226 17.2245 3.8302 0.9038
-8.7287 7.7194 1.7850 0.9539
-8.7298 7.1790 1.7315 0.9553
-9.2529 7.0683 1.7838 0.9540
-24.8765 17.6267 4.6706 0.8839
-30.3698 18.3984 5.4396 0.8662
-34.6289 19.3154 6.0744 0.8518
-36.9064 18.8826 6.3509 0.8456
-28.2592 9.6596 4.5751 0.8862
-35.8565 -28.7255 7.0383 0.8303
-33.6609 -29.0093 6.8074 0.8354
-29.8258 -31.8985 6.6900 0.8380
-28.8514 -33.1657 6.7342 0.8370
-28.0771 -40.3190 7.5267 0.8197
10.0757 -45.6834 7.1666 0.8275
11.0076 -37.0426 5.9200 0.8552
11.7161 -34.8017 5.6254 0.8619
13.3335 -35.3568 5.7888 0.8582
14.7684 -35.2735 5.8582 0.8566
18.2016 -35.9856 6.1779 0.8494
21.8562 -36.4576 6.5118 0.8420
15.9637 -19.5965 3.8721 0.9028
35.4315 -22.4233 6.4236 0.8439
35.0428 1.6067 5.3740 0.8677
47.6562 9.1336 7.4335 0.8217
30.7502 10.6325 4.9844 0.8766
23.4573 12.1063 4.0439 0.8987
21.6685 12.1868 3.8085 0.9043
18.3536 13.1024 3.4546 0.9128
23.9808 18.4535 4.6355 0.8848
14.7235 12.1954 2.9288 0.9256
13.7620 13.1728 2.9184 0.9258
17.5350 19.3785 4.0036 0.8996
15.0635 19.2605 3.7458 0.9058
9.9697 13.7359 2.6001 0.9336
9.0309 13.4310 2.4794 0.9366
8.3980 13.5127 2.4373 0.9376
7.5212 14.2966 2.4747 0.9367
9.6054 19.9655 3.3942 0.9142
8.1938 20.7164 3.4129 0.9138
3.8857 14.0957 2.2399 0.9425
3.3626 14.1632 2.2300 0.9428
2.3508 14.4447 2.2420 0.9425
1.1867 22.0900 3.3889 0.9144
-0.3923 21.6725 3.3207 0.9160
-1.3442 14.9173 2.2945 0.9412
-1.8761 14.8402 2.2915 0.9413
-3.7226 15.6578 2.4655 0.9369
-6.1679 22.3471 3.5514 0.9105
-5.0529 16.0398 2.5763 0.9342
-6.4276 16.2361 2.6751 0.9318
-8.0112 15.2164 2.6344 0.9328
-14.5743 23.4343 4.2277 0.8943
-15.8990 23.6294 4.3630 0.8911
-15.7446 17.3890 3.5936 0.9094
-17.0247 17.4978 3.7400 0.9059
-18.0633 17.2791 3.8294 0.9038
-19.1857 17.0776 3.9348 0.9013
-28.1258 18.5798 5.1640 0.8725
-30.1818 18.4176 5.4166 0.8667
-34.5259 19.4039 6.0672 0.8519
-36.5178 18.8324 6.2944 0.8468
-38.4291 -28.3929 7.3197 0.8242
-33.8520 -28.9846 6.8271 0.8350
-30.6721 -30.3344 6.6086 0.8398
-29.9126 -31.7857 6.6865 0.8381
-27.6682 -33.9864 6.7137 0.8375
-27.3598 -36.1856 6.9496 0.8323
9.9171 -45.6629 7.1584 0.8277
10.7090 -41.9843 6.6377 0.8392
10.9680 -37.3490 5.9633 0.8543
35.2824 -22.4884 6.4096 0.8442
35.0200 1.4927 5.3697 0.8678
36.9421 9.7449 5.8529 0.8568
30.7982 10.5382 4.9867 0.8766
29.1902 11.1733 4.7882 0.8812
26.3510 11.1862 4.3855 0.8906
10.5773 4.9453 1.7887 0.9538
23.5565 12.0617 4.0543 0.8984
19.0869 12.5292 3.4977 0.9117
18.3782 13.0309 3.4513 0.9129
13.1771 13.4647 2.8861 0.9266
17.6747 19.4071 4.0213 0.8992
11.7236 13.8391 2.7785 0.9292
10.0340 13.7314 2.6054 0.9335
8.0458 13.9421 2.4660 0.9369
7.5550 14.2492 2.4707 0.9368
7.5692 21.1302 3.4384 0.9132
4.5050 14.1569 2.2759 0.9417
3.9745 14.2386 2.2647 0.9419
3.4093 14.1572 2.2308 0.9428
2.8898 14.2243 2.2236 0.9430
2.3977 14.4398 2.2424 0.9425
2.0326 21.8455 3.3611 0.9150
1.2575 22.0808 3.3881 0.9144
0.4632 22.0483 3.3784 0.9146
-1.8269 14.8338 2.2896 0.9413
-4.9980 16.0455 2.5746 0.9343
-7.8046 22.2152 3.6072 0.9091
-6.3926 16.3008 2.6824 0.9316
-6.9175 15.9323 2.6609 0.9321
-15.7812 23.6182 4.3515 0.8914
-12.1301 16.8150 3.1763 0.9195
-17.9639 17.2952 3.8201 0.9040
-19.0408 17.0588 3.9164 0.9017
-8.6871 7.2382 1.7322 0.9553
-24.4662 17.5737 4.6148 0.8852
-27.8826 18.5483 5.1302 0.8733
-33.8409 5.3356 5.2483 0.8705
-31.9622 -29.2288 6.6351 0.8392
-30.7066 -30.1737 6.5951 0.8401
-29.9993 -31.6729 6.6831 0.8382
-27.7974 -33.9214 6.7185 0.8374
-27.3223 -35.8952 6.9107 0.8331
-6.3982 -15.1579 2.5205 0.9356
-4.4125 -16.8669 2.6709 0.9319
10.5604 -41.9651 6.6292 0.8394
11.4561 -34.7681 5.6080 0.8623
14.6039 -35.5209 5.8836 0.8561
16.0444 -35.3607 5.9486 0.8546
21.2906 -36.0383 6.4123 0.8442
25.5623 -36.9363 6.8814 0.8338
27.4544 -36.7768 7.0307 0.8305
35.2611 -22.6347 6.4191 0.8440
35.0100 1.3795 5.3675 0.8678
37.2463 9.6970 5.8962 0.8558
11.8469 -34.8190 4.7894 0.8621
13.4706 -35.3750 4.9292 0.8584
14.8753 -35.2102 4.9775 0.8571
16.6561 -35.7864 5.1402 0.8528
18.3578 -36.0063 5.2630 0.8496
22.0299 -36.4805 5.5495 0.8421
23.7780 -36.3601 5.6574 0.8393
25.9274 -36.7012 5.8516 0.8342
28.3335 -37.1995 6.0892 0.8281
16.0191 -19.5358 3.2899 0.9031
35.5273 -22.3241 5.4639 0.8443
35.1908 1.7271 4.5881 0.8675
42.2625 9.8271 5.6503 0.8394
36.7246 9.9408 4.9544 0.8577
34.0565 10.5437 4.6425 0.8661
24.0045 12.4867 3.5235 0.8966
21.8005 12.3536 3.2630 0.9039
19.6135 12.0639 2.9986 0.9113
18.9978 12.6465 2.9719 0.9121
25.4149 18.2672 4.0757 0.8814
24.0998 18.6689 3.9698 0.8843
14.7459 12.2942 2.5001 0.9255
17.8074 19.8074 3.4685 0.8981
16.0028 19.1389 3.2487 0.9043
10.4272 13.4213 2.2132 0.9337
9.7610 13.5399 2.1736 0.9349
8.9731 13.4383 2.1042 0.9369
7.2292 13.8495 2.0344 0.9389
8.8655 20.4364 2.9009 0.9141
8.1946 20.9150 2.9252 0.9134
4.9632 14.1413 1.9516 0.9413
3.8385 14.1016 1.9031 0.9428
3.3158 14.1691 1.8950 0.9430
1.7985 14.6419 1.9210 0.9422
1.9039 21.9970 2.8752 0.9148
1.1159 22.0988 2.8814 0.9146
-0.4626 21.6980 2.8262 0.9162
-0.8530 14.8961 1.9430 0.9416
-1.3984 14.9782 1.9590 0.9411
-1.9255 14.8464 1.9495 0.9414
-2.4820 14.9183 1.9694 0.9408
-3.0506 14.9918 1.9922 0.9402
-6.2778 15.7096 2.2030 0.9340
-6.9088 15.6360 2.2260 0.9334
-7.5608 15.5747 2.2545 0.9325
-8.0178 15.1106 2.2276 0.9333
-10.6178 16.9506 2.6046 0.9225
-12.2796 16.7933 2.7091 0.9195
-17.5033 17.8742 3.2577 0.9040
-8.6984 7.6926 1.5121 0.9542
-9.2482 7.0647 1.5155 0.9541
-25.1979 17.8545 4.0215 0.8829
-28.2536 18.5338 4.4002 0.8726
-34.8655 19.4473 5.1987 0.8513
-28.2509 9.6568 3.8878 0.8865
-40.7524 -28.0994 6.4460 0.8190
-35.8571 -28.7260 5.9830 0.8308
-30.6365 -30.4949 5.6290 0.8400
-29.9180 -31.9972 5.7044 0.8380
-27.5393 -34.0514 5.7029 0.8381
-27.3962 -36.4772 5.9406 0.8319
10.0758 -45.6840 6.0920 0.8280
11.0084 -37.0452 5.0326 0.8557
19.7754 -35.8431 5.3308 0.8478
21.8565 -36.4581 5.5354 0.8424
25.8999 -36.9138 5.8721 0.8337
35.3712 -22.3852 5.4509 0.8446
33.3148 -19.4459 5.0233 0.8559
42.6625 9.7754 5.6995 0.8382
36.7076 9.8095 4.9478 0.8579
10.8643 4.6533 1.5391 0.9534
10.5802 4.9882 1.5232 0.9539
23.9710 12.3715 3.5127 0.8969
19.0583 12.5984 2.9750 0.9120
25.5621 18.2485 4.0899 0.8810
24.2399 18.6529 3.9829 0.8839
14.3131 12.7485 2.4960 0.9256
13.7726 13.1830 2.4827 0.9260
13.1861 13.5610 2.4631 0.9265
17.9109 19.7940 3.4762 0.8979
10.4864 13.4082 2.2166 0.9336
9.0307 13.4308 2.1076 0.9368
7.2830 13.8437 2.0370 0.9389
7.3002 15.1740 2.1928 0.9343
8.9315 20.4083 2.9009 0.9141
8.2562 20.8741 2.9231 0.9134
5.0118 14.1340 1.9528 0.9413
3.3625 14.1631 1.8956 0.9430
2.8433 14.2301 1.8897 0.9431
2.3727 14.5792 1.9235 0.9422
1.1867 22.0897 2.8807 0.9146
0.3929 22.0907 2.8771 0.9147
-2.4316 14.9118 1.9675 0.9409
-3.6285 15.2623 2.0429 0.9387
-6.1841 22.4059 3.0268 0.9105
-6.9640 22.1063 3.0182 0.9107
-7.8888 22.2258 3.0712 0.9093
-6.8462 15.6301 2.2220 0.9335
-7.4949 15.5661 2.2498 0.9327
-8.0057 15.2059 2.2378 0.9330
-14.7307 23.6858 3.6322 0.8936
-12.2350 16.8459 2.7112 0.9194
-22.1068 24.4156 4.2891 0.8756
-23.5104 24.1637 4.3902 0.8728
-18.1657 17.3772 3.2736 0.9036
-8.7369 7.7769 1.5231 0.9539
-9.1771 7.0573 1.5076 0.9544
-24.9888 17.8274 3.9973 0.8835
-28.1401 18.5892 4.3918 0.8728
-34.5248 19.4033 5.1572 0.8524
-28.4525 9.8281 3.9199 0.8857
-26.2736 -12.9157 3.8124 0.8886
-33.8525 -28.9850 5.8034 0.8355
-31.9109 -29.3710 5.6477 0.8395
-30.0050 -31.8839 5.7014 0.8381
-27.3582 -36.1835 5.9071 0.8328
10.7091 -41.9848 5.6424 0.8396
10.9687 -37.3517 5.0694 0.8547
11.5861 -34.7853 4.7744 0.8625
13.1973 -35.3397 4.9124 0.8588
14.7376 -35.5204 5.0078 0.8563
16.1907 -35.3801 5.0667 0.8547
19.7156 -36.0083 5.3458 0.8474
25.7565 -36.9619 5.8666 0.8338
15.8628 -19.6011 3.2836 0.9033
34.9947 1.4917 4.5612 0.8682
44.1330 9.9630 5.8916 0.8332
26.3645 11.1920 3.7297 0.8909
31.3542 17.5017 4.6760 0.8652
19.8492 12.0334 3.0227 0.9106
19.1340 12.5601 2.9805 0.9118
14.7153 12.1089 2.4816 0.9260
18.0149 19.7806 3.4840 0.8977
11.7776 13.9028 2.3727 0.9291
9.0886 13.4233 2.1110 0.9367
7.9476 13.7719 2.0706 0.9379
7.2955 15.0402 2.1768 0.9348
8.9757 20.3310 2.8941 0.9143
3.4093 14.1570 1.8962 0.9430
2.4200 14.5741 1.9238 0.9421
1.8930 14.6316 1.9212 0.9422
0.4660 22.1828 2.8893 0.9144
-1.8268 14.8336 1.9462 0.9415
-2.3813 14.9053 1.9656 0.9409
-2.9476 14.9785 1.9879 0.9403
-4.1757 15.3214 2.0679 0.9380
-6.8826 22.0957 3.0137 0.9109
-6.2446 15.9234 2.2273 0.9333
-7.4292 15.5576 2.2451 0.9328
-7.9932 15.3016 2.2481 0.9327
-8.1252 14.2810 2.1396 0.9359
-13.6941 16.3674 2.7790 0.9175
-21.9669 24.4187 4.2771 0.8759
-18.0715 17.3988 3.2667 0.9038
-19.0404 17.0585 3.3290 0.9020
-8.6768 7.2296 1.4707 0.9555
-27.9135 18.5689 4.3657 0.8735
-29.8929 18.3736 4.5692 0.8680
-34.1897 19.3600 5.1164 0.8534
-33.7046 7.8260 4.5058 0.8697
-34.0447 -28.9602 5.8203 0.8350
-27.7974 -33.9215 5.7110 0.8379
9.8445 -46.0426 6.1312 0.8270
13.0613 -35.3222 4.9041 0.8591
14.6041 -35.5214 5.0013 0.8565
16.0446 -35.3612 5.0566 0.8550
27.4549 -36.7774 5.9765 0.8310
15.7848 -19.6338 3.2805 0.9034
35.2334 -22.6169 5.4522 0.8446
37.2671 9.7024 5.0147 0.8561
10.0160 -44.7275 4.9219 0.8316
11.1240 -36.9977 4.1486 0.8561
13.4708 -35.3755 4.0648 0.8587
14.8755 -35.2107 4.1045 0.8575
19.9381 -35.8646 4.4063 0.8478
23.7784 -36.3607 4.6653 0.8396
25.9285 -36.7027 4.8255 0.8346
35.4672 -22.2863 4.4980 0.8449
35.0624 1.7208 3.7696 0.8683
36.8189 9.9663 4.0960 0.8577
34.8078 10.7763 3.9128 0.8636
31.0221 17.5792 3.8289 0.8664
19.6131 12.0637 2.4726 0.9115
16.3331 12.6524 2.2186 0.9202
14.2321 12.7587 2.0525 0.9260
12.8179 13.2676 1.9810 0.9285
12.9656 14.4218 2.0825 0.9249
16.0025 19.1386 2.6789 0.9045
10.4998 13.5147 1.8377 0.9335
9.8164 13.6167 1.8025 0.9347
7.8819 13.8635 1.7125 0.9379
7.2713 13.9301 1.6874 0.9387
8.8706 20.4483 2.3935 0.9142
8.2344 21.0165 2.4238 0.9132
7.4679 21.2779 2.4215 0.9133
4.4505 14.3034 1.6086 0.9415
3.3158 14.1689 1.5626 0.9431
2.7969 14.2360 1.5579 0.9433
1.7984 14.6407 1.5840 0.9424
1.9039 21.9968 2.3709 0.9150
1.1159 22.0986 2.3760 0.9148
0.3215 22.0661 2.3697 0.9150
-0.4565 21.4098 2.2995 0.9175
-0.8580 14.9822 1.6114 0.9414
-2.4819 14.9181 1.6240 0.9410
-3.7029 15.3551 1.6961 0.9384
-6.2650 22.4175 2.4995 0.9106
-8.1198 22.6449 2.5832 0.9078
-6.3646 15.9269 1.8417 0.9333
-7.5607 15.5744 1.8591 0.9327
-8.0179 15.1110 1.8369 0.9335
-9.2329 15.9876 1.9825 0.9284
-11.8068 17.4261 2.2603 0.9188
-23.7749 24.2787 3.6489 0.8722
-8.7092 7.1621 1.2108 0.9557
-9.2435 7.0611 1.2491 0.9543
-28.7831 18.8812 3.6964 0.8707
-34.7195 19.3659 4.2690 0.8522
-34.1073 -29.3940 4.8349 0.8343
-36.2740 -33.6033 5.3097 0.8196
-30.6357 -30.4941 4.6416 0.8404
-32.4238 -37.2723 5.3048 0.8198
11.7164 -34.8026 3.9433 0.8627
14.7701 -35.2776 4.1068 0.8574
19.7757 -35.8436 4.3959 0.8482
21.8569 -36.4587 4.5646 0.8428
25.9011 -36.9154 4.8424 0.8341
15.9182 -19.5407 2.7064 0.9036
47.6526 9.1329 5.2101 0.8227
42.6610 9.7751 4.6997 0.8386
25.9851 10.0425 2.9915 0.8940
31.1358 17.5115 3.8359 0.8661
19.7305 12.0485 2.4825 0.9112
19.0880 12.6181 2.4571 0.9121
25.6323 18.2986 3.3819 0.8810
24.6470 18.9661 3.3395 0.8824
14.7358 12.2056 2.0547 0.9259
14.3129 12.7483 2.0582 0.9258
12.7980 13.1619 1.9713 0.9288
16.4070 19.4944 2.7361 0.9026
10.5624 13.5054 1.8411 0.9333
9.8766 13.6077 1.8055 0.9346
9.0306 13.4306 1.7379 0.9370
7.3253 13.9242 1.6895 0.9387
8.2674 20.9025 2.4137 0.9135
4.4987 14.2962 1.6094 0.9415
3.8856 14.0953 1.5700 0.9429
3.3625 14.1629 1.5631 0.9431
2.8433 14.2300 1.5582 0.9433
2.3725 14.5781 1.5860 0.9423
1.8456 14.6355 1.5840 0.9424
1.9744 21.9876 2.3706 0.9150
1.1867 22.0894 2.3754 0.9149
-0.3874 21.3991 2.2982 0.9175
-0.8092 14.9749 1.6104 0.9415
-2.4315 14.9116 1.6224 0.9410
-2.9990 14.9849 1.6410 0.9404
-3.6492 15.3493 1.6942 0.9385
-6.1903 22.4284 2.4984 0.9106
-6.9639 22.1060 2.4888 0.9110
-7.8887 22.2255 2.5325 0.9095
-6.3548 16.0520 1.8539 0.9329
-6.9086 15.7727 1.8490 0.9331
-7.4947 15.5659 1.8551 0.9329
-9.1599 15.9797 1.9778 0.9286
-15.0422 24.1867 3.0585 0.8917
-11.7923 17.5261 2.2683 0.9185
-11.9447 16.4461 2.1826 0.9215
-12.8400 16.4069 2.2372 0.9196
-13.7947 16.3801 2.2996 0.9175
-18.2125 17.4219 2.7064 0.9036
-9.1725 7.0537 1.2425 0.9545
-24.9882 17.8270 3.2961 0.8838
-30.3496 18.5200 3.8179 0.8667
-34.5570 19.4214 4.2567 0.8526
-37.2814 19.2262 4.5043 0.8447
-28.3218 9.7830 3.2176 0.8864
-26.2718 -12.9148 3.1431 0.8889
-36.4800 -33.5765 5.3240 0.8192
-30.6704 -30.3327 4.6321 0.8407
-28.2708 -37.3905 5.0335 0.8281
-4.3498 -16.8489 1.8686 0.9324
9.9174 -45.6640 5.0178 0.8286
10.7093 -41.9854 4.6528 0.8400
13.1974 -35.3402 4.0509 0.8592
18.0468 -35.9666 4.3211 0.8505
23.4511 -36.3692 4.6469 0.8402
13.3489 -17.7620 2.3859 0.9145
15.8402 -19.5733 2.7039 0.9037
35.2272 -22.4532 4.4858 0.8453
34.9695 1.4906 3.7585 0.8687
35.1406 10.6319 3.9424 0.8627
25.9733 9.9419 2.9864 0.8941
26.3639 11.1917 3.0755 0.8912
10.5717 4.9426 1.2532 0.9541
24.3657 12.4760 2.9395 0.8957
19.8488 12.0332 2.4925 0.9108
24.7403 18.9115 3.3439 0.8823
14.3942 12.7378 2.0640 0.9256
9.9371 13.5987 1.8086 0.9345
9.0885 13.4231 1.7407 0.9369
8.4537 13.5052 1.7109 0.9379
7.3795 13.9183 1.6916 0.9386
9.6798 19.9554 2.3816 0.9146
8.3239 20.8487 2.4106 0.9136
7.6153 21.2588 2.4249 0.9132
4.5471 14.2890 1.6102 0.9415
4.0109 14.3691 1.6020 0.9417
3.4092 14.1569 1.5636 0.9431
2.0450 21.9785 2.3703 0.9150
1.2575 22.0803 2.3749 0.9149
0.4660 22.1826 2.3825 0.9146
-0.3183 21.3885 2.2970 0.9175
-0.7605 14.9676 1.6093 0.9415
-1.3073 15.0494 1.6221 0.9410
-7.9928 15.3008 1.8537 0.9329
-8.1258 14.2820 1.7645 0.9360
-14.9251 24.1716 3.0505 0.8920
-11.7778 17.6268 2.2764 0.9183
-11.9310 16.5390 2.1899 0.9212
-12.7435 16.3920 2.2295 0.9199
-13.6939 16.3671 2.2916 0.9177
-22.2529 24.7366 3.5729 0.8747
-23.5483 24.3590 3.6381 0.8726
-18.1299 17.4550 2.7025 0.9037
-19.0400 17.0581 2.7451 0.9023
-34.3086 19.4273 4.2338 0.8533
-36.9261 19.1936 4.4688 0.8458
-38.6586 -28.3706 5.1491 0.8246
-30.7049 -30.1720 4.6226 0.8410
-32.3511 -36.7089 5.2542 0.8213
-28.4435 -37.3682 5.0428 0.8278
9.8453 -46.0466 5.0563 0.8274
16.0448 -35.3617 4.1698 0.8554
19.6555 -36.1744 4.4208 0.8474
21.2912 -36.0394 4.4949 0.8450
23.4233 -36.5841 4.6647 0.8397
25.5632 -36.9374 4.8236 0.8347
32.3537 -37.4107 5.3111 0.8196
35.2059 -22.5993 4.4924 0.8451
43.4894 9.6706 4.7840 0.8359
10.0168 -44.7312 3.8804 0.8319
11.1167 -36.9734 3.2683 0.8564
11.8472 -34.8199 3.1135 0.8627
6.3791 -16.7521 1.5175 0.9306
16.5331 -35.5220 3.3168 0.8545
18.2222 -35.7402 3.3961 0.8513
19.9384 -35.8652 3.4737 0.8481
25.9297 -36.7043 3.8043 0.8349
35.4075 -22.2488 3.5400 0.8455
34.9646 1.7160 2.9634 0.8689
47.1599 9.1960 4.0674 0.8246
42.2596 9.8264 3.6728 0.8402
30.8624 10.7827 2.7674 0.8770
25.9921 10.1414 2.3619 0.8940
10.5803 5.0299 0.9917 0.9541
18.7103 12.4551 1.9027 0.9137
18.6464 13.4023 1.9439 0.9119
24.6088 19.0632 2.6351 0.8825
14.7401 12.2894 1.6246 0.9259
13.6219 13.1230 1.6012 0.9269
12.9263 13.3797 1.5749 0.9280
17.6583 19.6415 2.2359 0.8994
16.0023 19.1383 2.1118 0.9047
10.4989 13.5135 1.4486 0.9336
9.8155 13.6155 1.4209 0.9348
8.9728 13.4379 1.3678 0.9372
9.5306 19.9744 1.8735 0.9150
8.8290 20.3523 1.8780 0.9148
3.8384 14.1012 1.2371 0.9430
3.3157 14.1688 1.2318 0.9433
2.7968 14.2358 1.2281 0.9434
1.8880 21.8131 1.8534 0.9159
1.1066 21.9141 1.8574 0.9157
-0.4595 21.5487 1.8246 0.9171
-0.8579 14.9810 1.2703 0.9415
-1.4063 15.0629 1.2807 0.9411
-1.9255 14.8460 1.2673 0.9417
-2.4819 14.9179 1.2802 0.9411
-3.7026 15.3538 1.3370 0.9386
-6.2063 22.2075 1.9520 0.9116
-6.3647 15.9272 1.4520 0.9335
-9.2849 16.0776 1.5717 0.9282
-15.1597 24.2016 2.4175 0.8917
-13.0414 16.5542 1.7840 0.9189
-17.5491 17.9210 2.1233 0.9042
-8.6388 7.6399 0.9763 0.9548
-8.6991 7.1537 0.9534 0.9558
-9.2388 7.0575 0.9842 0.9544
-29.0915 19.0835 2.9452 0.8696
-35.1932 19.6301 3.4113 0.8506
-36.4195 -33.7381 4.2026 0.8193
-30.6348 -30.4933 3.6590 0.8407
-32.4410 -37.2921 4.1842 0.8200
10.0761 -45.6851 3.9603 0.8288
10.5324 -40.7439 3.5625 0.8446
11.0100 -37.0505 3.2720 0.8563
14.7709 -35.2796 3.2378 0.8577
16.3379 -35.4000 3.3005 0.8551
18.0674 -35.7202 3.3886 0.8516
19.7760 -35.8442 3.4655 0.8485
23.5968 -36.3377 3.6677 0.8404
13.3908 -17.6988 1.8786 0.9148
15.8957 -19.5131 2.1306 0.9039
35.2522 -22.3098 3.5315 0.8458
34.9546 1.6027 2.9621 0.8690
36.0251 11.0262 3.1893 0.8596
25.9872 10.0433 2.3585 0.8942
19.7302 12.0483 1.9570 0.9114
18.8229 12.4428 1.9101 0.9134
24.7495 19.0450 2.6436 0.8822
14.7250 12.1967 1.6186 0.9261
12.9073 13.2743 1.5673 0.9284
13.0530 14.4253 1.6469 0.9249
16.2516 19.3098 2.1365 0.9036
10.5615 13.5041 1.4513 0.9335
9.8758 13.6065 1.4232 0.9347
7.9369 13.8563 1.3518 0.9379
7.3247 13.9230 1.3318 0.9388
8.0820 20.4337 1.8602 0.9156
7.4785 21.0908 1.8943 0.9141
4.4984 14.2950 1.2686 0.9416
2.8433 14.2298 1.2284 0.9434
1.9579 21.8041 1.8532 0.9159
1.1768 21.9050 1.8570 0.9157
-0.3899 21.5383 1.8236 0.9172
-0.8091 14.9737 1.2694 0.9416
-1.8761 14.8396 1.2662 0.9417
-2.4315 14.9114 1.2790 0.9412
-2.9990 14.9847 1.2937 0.9405
-6.1260 22.1954 1.9491 0.9117
-7.8886 22.2252 1.9964 0.9097
-7.4946 15.5657 1.4625 0.9330
-9.2114 16.0695 1.5680 0.9283
-15.0420 24.1863 2.4111 0.8920
-11.8850 17.6637 1.8022 0.9181
-12.0337 16.5687 1.7335 0.9211
-12.9618 16.5625 1.7804 0.9190
-15.1645 16.7483 1.9126 0.9133
-17.8717 17.0959 2.0936 0.9055
-8.6767 7.7233 0.9833 0.9544
-24.9876 17.8265 2.5984 0.8841
-30.7831 17.3004 2.9892 0.8678
-28.2280 9.7505 2.5281 0.8870
-48.2640 -11.8919 4.2079 0.8191
-26.2700 -12.9139 2.4779 0.8891
-34.0781 -29.1782 3.7978 0.8352
-32.4047 -37.0091 4.1641 0.8208
-27.6684 -33.9866 3.7099 0.8387
-4.3467 -16.8366 1.4720 0.9326
14.6366 -35.2770 3.2331 0.8579
16.1912 -35.3811 3.2938 0.8554
19.6714 -35.9274 3.4674 0.8484
21.5239 -36.1667 3.5628 0.8446
23.4521 -36.3708 3.6634 0.8405
13.3482 -17.7612 1.8808 0.9147
37.1460 9.7986 3.2521 0.8571
35.8863 10.8575 3.1739 0.8603
30.9686 10.5966 2.7708 0.8769
25.9742 9.9423 2.3544 0.8944
10.5689 4.9413 0.9876 0.9542
19.8485 12.0330 1.9649 0.9110
18.9365 12.4305 1.9175 0.9131
18.6787 13.2440 1.9383 0.9122
24.8911 19.0268 2.6522 0.8818
13.7804 13.1058 1.6099 0.9265
13.0450 14.3235 1.6400 0.9252
16.3460 19.2956 2.1408 0.9035
8.4535 13.5050 1.3487 0.9380
7.9928 13.8502 1.3537 0.9378
9.6796 19.9552 1.8775 0.9148
8.1550 20.4257 1.8618 0.9155
4.5467 14.2878 1.2693 0.9416
4.0106 14.3679 1.2628 0.9419
2.8897 14.2238 1.2287 0.9434
1.8927 14.6292 1.2487 0.9425
0.4621 21.9974 1.8625 0.9155
-0.7604 14.9664 1.2686 0.9416
-1.3072 15.0481 1.2787 0.9412
-2.3812 14.9049 1.2777 0.9412
-2.9476 14.9781 1.2922 0.9406
-6.0459 22.1833 1.9464 0.9118
-8.1291 14.2879 1.3916 0.9361
-14.9249 24.1712 2.4048 0.8922
-12.0257 16.6702 1.7401 0.9208
-13.6936 16.3668 1.8065 0.9179
-17.7356 17.0754 2.0841 0.9059
-8.7151 7.8079 0.9905 0.9541
-8.6565 7.2126 0.9538 0.9558
-24.7810 17.7998 2.5829 0.8847
-28.9635 19.2674 2.9448 0.8697
-30.7678 17.4223 2.9932 0.8677
-38.6592 -28.3711 4.0593 0.8249
-34.0505 -28.9652 3.7843 0.8357
-30.7041 -30.1712 3.6440 0.8413
-32.3292 -34.1327 3.9798 0.8280
-28.4438 -37.3687 3.9755 0.8282
-6.3966 -15.1542 1.3924 0.9361
-4.4027 -16.8297 1.4726 0.9325
10.5015 -41.7311 3.6428 0.8414
11.4565 -34.7694 3.0990 0.8633
6.2256 -16.8362 1.5196 0.9305
16.0450 -35.3622 3.2872 0.8557
17.7597 -35.6805 3.3739 0.8521
19.5100 -35.9066 3.4593 0.8487
27.4558 -36.7786 3.8853 0.8317
34.9346 1.3765 2.9596 0.8691
43.4879 9.6703 3.7713 0.8362
37.4740 9.7563 3.2781 0.8560
4.1017 -36.2595 2.2628 0.8639
10.0176 -44.7350 2.8427 0.8322
10.8113 -41.2740 2.6458 0.8428
5.1787 -17.2239 1.1153 0.9305
16.6568 -35.7880 2.4478 0.8537
20.1461 -36.2387 2.5711 0.8469
22.0309 -36.4822 2.6428 0.8430
23.7792 -36.3618 2.6942 0.8402
25.9308 -36.7059 2.7868 0.8352
20.6545 -27.1175 2.1138 0.8723
15.9512 -19.4530 1.5600 0.9041
34.9397 1.7147 2.1692 0.8692
30.8634 10.7830 2.0273 0.8772
26.0065 10.1471 1.7311 0.8942
10.5775 5.0286 0.7263 0.9541
21.3820 12.1164 1.5240 0.9062
19.6124 12.0632 1.4278 0.9119
24.4032 18.9040 1.9142 0.8836
15.1589 12.6385 1.2239 0.9240
13.6205 13.1217 1.1728 0.9270
17.7661 19.7614 1.6478 0.8990
16.0021 19.1381 1.5469 0.9049
10.4979 13.5122 1.0611 0.9337
9.8147 13.6143 1.0407 0.9350
7.8806 13.8611 0.9887 0.9381
9.5305 19.9742 1.3724 0.9151
8.8282 20.3506 1.3756 0.9149
8.1296 20.7490 1.3819 0.9146
7.4909 21.3436 1.4027 0.9133
3.3157 14.1686 0.9023 0.9434
2.7968 14.2356 0.8996 0.9435
1.7981 14.6383 0.9145 0.9426
0.3207 22.0154 1.3653 0.9155
-1.4062 15.0617 0.9380 0.9412
-3.0505 14.9912 0.9487 0.9405
-3.7022 15.3525 0.9793 0.9387
-6.2309 22.2953 1.4355 0.9114
-8.0812 22.5374 1.4847 0.9085
-6.9722 15.7795 1.0697 0.9332
-8.3154 15.6715 1.1001 0.9314
-9.2840 16.0760 1.1512 0.9283
-13.0409 16.5535 1.3068 0.9190
-13.8957 16.3927 1.3326 0.9175
-17.6196 17.9930 1.5616 0.9040
-9.2341 7.0540 0.7206 0.9545
-25.1960 17.8531 1.9149 0.8836
-28.9180 18.9697 2.1446 0.8706
-30.6285 18.5552 2.2207 0.8663
-28.2263 9.6484 1.8498 0.8873
-48.1105 -12.0184 3.0750 0.8198
-38.2122 -28.4233 2.9532 0.8262
-34.1044 -29.3914 2.7918 0.8349
-30.6340 -30.4924 2.6803 0.8409
-32.4582 -37.3118 3.0667 0.8202
-27.5395 -34.0515 2.7157 0.8390
3.8557 -35.0958 2.1894 0.8681
10.0228 -45.4435 2.8857 0.8299
5.1313 -17.2676 1.1170 0.9304
16.3381 -35.4005 2.4177 0.8553
23.5971 -36.3383 2.6868 0.8406
25.7601 -36.7145 2.7812 0.8355
13.3902 -17.6980 1.3759 0.9149
15.8734 -19.4857 1.5585 0.9042
35.1941 -22.2731 2.5827 0.8463
34.9297 1.6016 2.1683 0.8692
35.8324 10.9673 2.3237 0.8606
30.8483 10.6664 2.0240 0.8774
25.9871 10.0432 1.7276 0.8944
10.8219 4.6352 0.7300 0.9539
10.5718 4.9842 0.7248 0.9542
24.3455 12.5648 1.6989 0.8960
21.5095 12.0974 1.5303 0.9058
19.7298 12.0480 1.4335 0.9115
18.8205 12.4413 1.3990 0.9135
18.6879 13.3411 1.4238 0.9121
15.5423 12.8736 1.2515 0.9223
14.3125 12.7479 1.1885 0.9261
13.6995 13.1131 1.1760 0.9268
12.9089 13.2759 1.1483 0.9285
9.8749 13.6053 1.0425 0.9348
9.0304 13.4303 1.0036 0.9372
7.9362 13.8550 0.9901 0.9380
9.6049 19.9646 1.3738 0.9150
8.9026 20.3424 1.3770 0.9149
8.0813 20.4320 1.3625 0.9157
7.5601 21.3208 1.4028 0.9133
3.3624 14.1626 0.9026 0.9433
2.8432 14.2296 0.8998 0.9435
1.1906 22.1621 1.3763 0.9149
-0.8091 14.9724 0.9298 0.9417
-1.8760 14.8394 0.9275 0.9418
-2.9990 14.9845 0.9476 0.9406
-6.9637 22.1054 1.4372 0.9113
-6.9073 15.7698 1.0676 0.9333
-7.4945 15.5655 1.0713 0.9331
-8.2461 15.6626 1.0976 0.9315
-12.0338 16.5689 1.2698 0.9212
-12.9603 16.5606 1.3040 0.9192
-13.7942 16.3796 1.3279 0.9178
-15.2489 16.8415 1.4088 0.9130
-17.9770 17.1966 1.5427 0.9051
-8.6471 7.6969 0.7179 0.9547
-28.9054 19.0948 2.1482 0.8704
-30.3478 18.5189 2.2046 0.8672
-30.7815 17.2995 2.1896 0.8680
-28.2199 9.7477 1.8514 0.8872
-26.2682 -12.9130 1.8150 0.8893
-34.0766 -29.1769 2.7819 0.8354
-36.5117 -33.6057 3.0771 0.8197
-30.6687 -30.3310 2.6747 0.8412
-27.6684 -33.9866 2.7176 0.8389
-28.2716 -37.3915 2.9068 0.8287
3.7989 -35.6355 2.2223 0.8662
9.9176 -45.6652 2.8978 0.8292
10.7095 -41.9865 2.6870 0.8406
5.0889 -17.3290 1.1200 0.9302
13.1978 -35.3411 2.3393 0.8597
6.8719 -16.5626 1.1119 0.9307
16.1914 -35.3816 2.4129 0.8556
21.6850 -36.4375 2.6294 0.8437
25.5667 -36.6895 2.7730 0.8359
37.1449 9.7983 2.3821 0.8573
30.9678 10.5963 2.0296 0.8771
25.9753 9.9427 1.7247 0.8945
10.8567 4.6088 0.7314 0.9538
21.6381 12.0782 1.5367 0.9055
19.8481 12.0327 1.4393 0.9112
18.9341 12.4289 1.4045 0.9132
15.6289 12.8607 1.2551 0.9221
12.9163 13.1983 1.1451 0.9287
16.4095 19.3705 1.5742 0.9033
15.1536 19.2477 1.5191 0.9065
9.9353 13.5963 1.0442 0.9347
9.0882 13.4228 1.0052 0.9371
7.3782 13.9158 0.9767 0.9388
8.9772 20.3343 1.3784 0.9148
7.6292 21.2979 1.4029 0.9133
4.5463 14.2867 0.9297 0.9417
3.4091 14.1565 0.9029 0.9433
2.4194 14.5705 0.9159 0.9425
1.8925 14.6280 0.9146 0.9426
2.0517 22.0508 1.3733 0.9151
0.4654 22.1522 1.3739 0.9150
-0.3204 21.5262 1.3350 0.9173
-0.7604 14.9651 0.9292 0.9417
-2.3812 14.9047 0.9360 0.9413
-2.9475 14.9779 0.9466 0.9407
-3.5951 15.3408 0.9771 0.9388
-6.0698 22.2712 1.4314 0.9116
-6.3451 16.1795 1.0777 0.9327
-6.8427 15.7601 1.0654 0.9335
-7.4288 15.5570 1.0690 0.9332
-8.1772 15.6537 1.0952 0.9317
-9.1373 16.0600 1.1458 0.9286
-12.8633 16.5461 1.2996 0.9194
-15.1398 16.8296 1.4038 0.9133
-17.5841 18.1895 1.5688 0.9036
-17.8403 17.1762 1.5357 0.9055
-24.7804 17.7994 1.8920 0.8849
-28.8928 19.2204 2.1519 0.8702
-30.7710 17.4241 2.1928 0.8679
-28.3880 9.9083 1.8645 0.8865
-23.6075 -14.8445 1.7293 0.8943
-28.9569 -21.2508 2.2273 0.8659
-34.0491 -28.9639 2.7720 0.8360
-30.7033 -30.1704 2.6693 0.8415
-32.3847 -36.7469 3.0373 0.8218
-27.7975 -33.9217 2.7195 0.8388
-28.4442 -37.3692 2.9122 0.8284
0.7991 -25.5918 1.5877 0.9025
5.6113 -17.0296 1.1119 0.9307
16.0453 -35.3627 2.4081 0.8559
19.6560 -36.1754 2.5530 0.8479
21.2919 -36.0405 2.5958 0.8456
32.3549 -37.4120 3.0672 0.8202
35.1514 -22.5643 2.5902 0.8459
34.9225 1.3760 2.1672 0.8693
44.5528 9.9071 2.8302 0.8328
37.4728 9.7560 2.4012 0.8563
3.9429 -34.8553 1.3831 0.8690
4.5742 -17.4628 0.7118 0.9303
13.4713 -35.3769 1.4927 0.8594
7.7192 -18.2717 0.7821 0.9237
16.6570 -35.7885 1.5565 0.8538
18.3589 -36.0083 1.5937 0.8506
20.1464 -36.2392 1.6349 0.8471
22.0312 -36.4828 1.6805 0.8432
20.5222 -26.9439 1.3355 0.8732
15.9289 -19.4258 0.9906 0.9043
35.2894 -22.1746 1.6434 0.8463
30.8643 10.7834 1.2892 0.8773
29.9987 11.7047 1.2697 0.8791
10.7734 4.6555 0.4628 0.9541
10.5747 5.0273 0.4617 0.9542
24.3555 12.6694 1.0825 0.8959
18.7056 12.4519 0.8860 0.9140
18.6970 13.4387 0.9079 0.9119
24.6895 19.1258 1.2315 0.8825
15.1586 12.6383 0.7782 0.9240
13.6190 13.1203 0.7457 0.9271
12.9294 13.3829 0.7337 0.9282
17.9745 19.9933 1.0601 0.8980
8.3417 13.5191 0.6264 0.9384
7.2693 13.9264 0.6194 0.9390
8.8275 20.3488 0.8746 0.9150
3.8383 14.1009 0.5762 0.9432
3.3156 14.1684 0.5738 0.9434
2.3246 14.5797 0.5822 0.9426
1.1195 22.1710 0.8753 0.9150
0.3207 22.0151 0.8682 0.9156
-0.4594 21.5453 0.8497 0.9173
-1.9254 14.8456 0.5903 0.9418
-2.4818 14.9175 0.5963 0.9413
-3.0505 14.9910 0.6032 0.9406
-3.7019 15.3512 0.6227 0.9387
-7.0453 22.1157 0.9152 0.9113
-6.9716 15.7780 0.6802 0.9333
-15.2095 24.2810 1.1297 0.8916
-11.9027 17.5677 0.8367 0.9186
-12.0421 16.4685 0.8045 0.9216
-13.0404 16.5528 0.8309 0.9191
-15.3569 16.8515 0.8990 0.9128
-18.1125 17.2149 0.9853 0.9048
-8.5805 7.5884 0.4517 0.9552
-28.9993 19.0230 1.3675 0.8704
-30.6277 18.5547 1.4120 0.8665
-48.0958 -12.0147 1.9547 0.8200
-28.9965 -21.5684 1.4250 0.8653
-34.1029 -29.3902 1.7752 0.8351
-36.3088 -33.6355 1.9516 0.8203
-20.1320 -23.1425 1.2095 0.8844
-28.1000 -37.4143 1.8450 0.8292
-10.2118 -24.6342 1.0515 0.8988
-4.2844 -16.8189 0.6844 0.9329
3.8287 -34.8498 1.3824 0.8691
4.5153 -17.4671 0.7114 0.9303
5.6821 -16.8781 0.7022 0.9312
7.5254 -19.9552 0.8409 0.9182
7.6471 -18.2648 0.7808 0.9238
16.3383 -35.4010 1.5374 0.8555
18.2029 -35.9881 1.5902 0.8509
25.9044 -36.9201 1.7785 0.8348
13.3891 -17.6966 0.8750 0.9150
35.1671 -22.2560 1.6410 0.8465
34.9049 1.6004 1.3778 0.8695
35.9681 11.0088 1.4832 0.8602
30.8493 10.6668 1.2871 0.8775
10.8080 4.6292 0.4636 0.9540
10.5690 4.9829 0.4607 0.9543
24.3474 12.5657 1.0804 0.8961
21.5067 12.0958 0.9730 0.9059
15.5407 12.8723 0.7957 0.9224
14.3122 12.7477 0.7558 0.9261
13.6981 13.1117 0.7477 0.9269
12.9105 13.2776 0.7302 0.9285
16.3131 19.3829 0.9989 0.9036
9.0303 13.4301 0.6381 0.9373
7.9355 13.8538 0.6295 0.9381
8.9019 20.3407 0.8755 0.9150
7.5662 21.3381 0.8927 0.9134
4.4977 14.2927 0.5908 0.9418
3.8855 14.0948 0.5765 0.9432
2.3719 14.5745 0.5823 0.9426
1.8452 14.6320 0.5815 0.9427
1.9809 22.0597 0.8733 0.9152
1.1906 22.1618 0.8751 0.9150
-0.3898 21.5349 0.8493 0.9174
-1.3565 15.0531 0.5960 0.9413
-1.8760 14.8393 0.5898 0.9419
-3.6483 15.3454 0.6219 0.9388
-6.1497 22.2813 0.9114 0.9116
-6.9636 22.1051 0.9138 0.9114
-6.3552 16.0531 0.6808 0.9332
-6.9067 15.7683 0.6788 0.9334
-7.4944 15.5652 0.6812 0.9332
-8.2460 15.6624 0.6979 0.9316
-9.2096 16.0664 0.7302 0.9285
-14.5235 23.3527 1.0844 0.8958
-11.8853 17.6643 0.8395 0.9183
-13.7940 16.3793 0.8443 0.9178
-8.6177 7.6708 0.4549 0.9549
-8.6576 7.1665 0.4432 0.9560
-30.3469 18.5184 1.4018 0.8673
-28.2117 9.7449 1.1769 0.8874
-48.1291 -11.8586 1.9545 0.8200
-34.0752 -29.1757 1.7689 0.8356
-32.0956 -34.1055 1.8467 0.8290
-32.4220 -37.0288 1.9407 0.8212
-27.6685 -33.9867 1.7281 0.8391
-28.2720 -37.3920 1.8484 0.8289
-8.3603 -24.8593 1.0342 0.9003
-4.3404 -16.8121 0.6847 0.9329
3.2787 -46.5501 1.8401 0.8296
3.8448 -36.0658 1.4302 0.8649
10.1228 -46.6100 1.8807 0.8262
4.4834 -17.5771 0.7153 0.9300
5.6469 -16.9540 0.7046 0.9310
7.3734 -19.7444 0.8311 0.9191
14.7464 -35.5416 1.5173 0.8572
16.1916 -35.3821 1.5343 0.8558
21.6853 -36.4381 1.6720 0.8439
13.3463 -17.7586 0.8760 0.9149
35.1457 -22.4012 1.6434 0.8463
34.8950 1.4874 1.3772 0.8695
48.1477 9.0673 1.9319 0.8219
43.0636 9.7215 1.7408 0.8380
30.9670 10.5960 1.2906 0.8772
29.9646 11.4697 1.2651 0.8795
10.5634 4.9387 0.4598 0.9544
24.3393 12.4625 1.0782 0.8963
21.6353 12.0766 0.9770 0.9056
18.6819 13.2463 0.9030 0.9124
24.9044 19.0369 1.2360 0.8821
14.3935 12.7372 0.7579 0.9259
13.7775 13.1030 0.7497 0.9267
13.0478 14.3267 0.7641 0.9254
16.4080 19.3687 1.0009 0.9034
15.1534 19.2474 0.9660 0.9066
9.9344 13.5951 0.6639 0.9348
8.4533 13.5046 0.6282 0.9382
7.9914 13.8477 0.6304 0.9380
9.6794 19.9547 0.8745 0.9150
2.8897 14.2235 0.5723 0.9436
2.4192 14.5694 0.5824 0.9426
2.0517 22.0506 0.8732 0.9152
1.2616 22.1527 0.8749 0.9150
-0.3203 21.5245 0.8488 0.9174
-1.8267 14.8329 0.5893 0.9419
-2.9475 14.9777 0.6019 0.9407
-3.5948 15.3395 0.6212 0.9389
-7.8041 22.2137 0.9284 0.9101
-6.3452 16.1799 0.6853 0.9328
-6.8421 15.7586 0.6774 0.9335
-7.4287 15.5568 0.6798 0.9333
-8.1771 15.6535 0.6964 0.9317
-9.1364 16.0584 0.7285 0.9287
-14.4119 23.3405 1.0816 0.8960
-16.3199 24.4245 1.1583 0.8891
-12.0260 16.6707 0.8105 0.9210
-13.6932 16.3663 0.8414 0.9181
-15.1380 16.8276 0.8925 0.9134
-17.5843 18.1897 0.9976 0.9037
-17.8378 17.1738 0.9764 0.9056
-9.0886 7.0359 0.4532 0.9550
-24.7798 17.7989 1.2030 0.8850
-28.2592 9.8633 1.1802 0.8871
-48.2798 -11.7310 1.9591 0.8196
-23.5838 -14.8296 1.0985 0.8945
-30.0373 -22.0436 1.4691 0.8614
-32.3857 -36.7480 1.9314 0.8219
-27.7976 -33.9217 1.7293 0.8390
-28.4446 -37.3697 1.8518 0.8286
-21.8208 -42.8315 1.8954 0.8250
-9.2078 -24.2034 1.0211 0.9015
3.7155 -35.9505 1.4251 0.8653
10.0367 -46.9415 1.8928 0.8252
4.9899 -17.1966 0.7061 0.9308
6.3722 -17.2325 0.7245 0.9291
14.6049 -35.5233 1.5145 0.8575
8.4422 -18.6062 0.8056 0.9215
17.8929 -35.9481 1.5834 0.8515
19.6563 -36.1759 1.6234 0.8481
21.2922 -36.0410 1.6506 0.8457
35.1243 -22.5469 1.6458 0.8461
48.6581 9.0013 1.9512 0.8203
43.4848 9.6696 1.7565 0.8367
5.3751 -17.8771 0.3153 0.9280
6.9366 -18.2161 0.3293 0.9250
15.0310 -35.5788 0.6524 0.8568
22.0316 -36.4833 0.7199 0.8432
23.7799 -36.3629 0.7339 0.8405
25.9329 -36.7090 0.7592 0.8354
28.3392 -37.2070 0.7900 0.8294
34.8902 1.7123 0.5901 0.8696
47.1545 9.1950 0.8115 0.8251
42.2554 9.8254 0.7328 0.8407
30.0009 11.7056 0.5440 0.8791
24.3574 12.6703 0.4638 0.8960
19.6116 12.0627 0.3889 0.9120
18.7032 12.4504 0.3795 0.9140
24.6891 19.1254 0.5275 0.8826
15.1584 12.6381 0.3334 0.9241
12.9310 13.3846 0.3144 0.9283
16.0016 19.1375 0.4214 0.9050
9.8129 13.6119 0.2835 0.9351
8.9725 13.4374 0.2729 0.9374
9.5303 19.9737 0.3738 0.9153
8.8268 20.3471 0.3746 0.9151
8.1352 20.7632 0.3767 0.9147
3.3156 14.1683 0.2458 0.9434
2.3244 14.5785 0.2494 0.9427
1.7978 14.6359 0.2491 0.9427
0.3207 22.0148 0.3719 0.9157
-0.4593 21.5435 0.3640 0.9174
-0.8577 14.9773 0.2534 0.9417
-8.0798 22.5334 0.4044 0.9087
-7.5603 15.5735 0.2924 0.9331
-11.9029 17.5680 0.3585 0.9186
-13.8952 16.3921 0.3630 0.9176
-15.3550 16.8494 0.3851 0.9128
-18.1100 17.2125 0.4220 0.9049
-8.5518 7.5629 0.1928 0.9554
-25.1947 17.8522 0.5216 0.8838
-34.9887 19.5160 0.6767 0.8519
-28.2101 9.6428 0.5036 0.8876
-48.0811 -12.0111 0.8371 0.8202
-38.2135 -28.4242 0.8045 0.8265
-34.1014 -29.3889 0.7605 0.8352
-35.8791 -33.2374 0.8262 0.8223
-31.6968 -33.8996 0.7839 0.8306
-27.5395 -34.0517 0.7398 0.8393
-28.1004 -37.4147 0.7904 0.8293
-4.2813 -16.8067 0.2930 0.9330
4.5228 -17.4963 0.3053 0.9303
9.9905 -33.6199 0.5924 0.8691
6.7679 -17.9466 0.3240 0.9261
14.8885 -35.5604 0.6512 0.8571
19.6458 -35.6083 0.6870 0.8498
21.8582 -36.4609 0.7181 0.8436
23.5979 -36.3394 0.7319 0.8409
34.8802 1.5993 0.5898 0.8696
42.6552 9.7738 0.7392 0.8394
36.8197 9.8394 0.6438 0.8586
30.8503 10.6671 0.5514 0.8776
29.9884 11.5896 0.5431 0.8793
24.3493 12.5667 0.4629 0.8962
21.5039 12.0943 0.4168 0.9060
19.7291 12.0476 0.3905 0.9117
24.8303 19.1072 0.5292 0.8822
15.5390 12.8709 0.3408 0.9225
14.3120 12.7475 0.3237 0.9262
12.9121 13.2792 0.3129 0.9286
10.5586 13.5004 0.2895 0.9337
9.0301 13.4299 0.2734 0.9373
7.9349 13.8526 0.2697 0.9381
7.3228 13.9193 0.2657 0.9390
9.6047 19.9641 0.3742 0.9152
8.9011 20.3390 0.3750 0.9150
7.5661 21.3378 0.3824 0.9134
3.8854 14.0946 0.2470 0.9432
2.8432 14.2293 0.2451 0.9436
1.1906 22.1616 0.3749 0.9150
0.3914 22.0057 0.3718 0.9157
-0.8090 14.9700 0.2532 0.9418
-1.3564 15.0519 0.2553 0.9413
-1.8760 14.8391 0.2527 0.9419
-2.9989 14.9842 0.2581 0.9407
-3.6480 15.3440 0.2664 0.9389
-6.1491 22.2794 0.3904 0.9117
-6.9636 22.1048 0.3915 0.9115
-6.3553 16.0534 0.2916 0.9333
-7.4943 15.5650 0.2918 0.9332
-9.2087 16.0648 0.3128 0.9286
-11.8855 17.6646 0.3596 0.9184
-13.7937 16.3790 0.3617 0.9179
-17.6023 18.0914 0.4264 0.9040
-9.1541 7.0396 0.1951 0.9549
-24.9857 17.8252 0.5184 0.8845
-30.3460 18.5178 0.6005 0.8674
-28.2036 9.7421 0.5040 0.8875
-26.2633 -12.9106 0.4943 0.8895
-27.6849 -31.6187 0.7099 0.8452
-4.3372 -16.7999 0.2931 0.9329
10.1237 -46.6139 0.8058 0.8263
10.7098 -41.9875 0.7320 0.8408
14.7466 -35.5421 0.6500 0.8573
16.1918 -35.3826 0.6573 0.8558
18.0478 -35.9686 0.6798 0.8513
19.4852 -35.5875 0.6854 0.8502
21.6857 -36.4386 0.7163 0.8440
23.4553 -36.3756 0.7312 0.8410
13.3443 -17.7560 0.3752 0.9150
35.1187 -22.3841 0.7035 0.8465
37.1426 9.7977 0.6489 0.8576
30.9662 10.5957 0.5528 0.8773
10.8287 4.5969 0.1987 0.9540
19.8473 12.0323 0.3921 0.9113
18.9293 12.4258 0.3825 0.9134
18.6835 13.2474 0.3869 0.9124
24.9054 19.0377 0.5295 0.8821
14.3933 12.7370 0.3247 0.9260
13.7761 13.1017 0.3211 0.9268
12.9137 13.1956 0.3119 0.9288
15.1532 19.2472 0.4138 0.9066
8.4532 13.5044 0.2691 0.9383
7.3769 13.9134 0.2660 0.9389
4.0096 14.3645 0.2519 0.9421
3.4091 14.1562 0.2460 0.9434
2.8896 14.2233 0.2452 0.9436
1.2616 22.1524 0.3748 0.9151
0.4651 22.1404 0.3741 0.9152
-0.7603 14.9627 0.2531 0.9418
-1.3069 15.0445 0.2551 0.9414
-1.8267 14.8327 0.2524 0.9420
-2.3811 14.9043 0.2550 0.9414
-3.5945 15.3382 0.2661 0.9389
-6.0688 22.2674 0.3899 0.9118
-7.8040 22.2134 0.3977 0.9101
-6.3453 16.1802 0.2936 0.9328
-6.8414 15.7571 0.2902 0.9336
-14.4105 23.3381 0.4633 0.8961
-16.3197 24.4241 0.4962 0.8891
-15.1362 16.8256 0.3823 0.9134
-17.8354 17.1714 0.4182 0.9057
-8.6260 7.7281 0.1956 0.9547
-8.6264 7.1876 0.1897 0.9561
-36.0144 -32.9344 0.8244 0.8226
-30.7016 -30.1687 0.7271 0.8418
-32.3110 -34.1136 0.7937 0.8286
-27.8060 -31.5515 0.7104 0.8451
-28.4450 -37.3702 0.7933 0.8287
-6.3945 -15.1493 0.2778 0.9363
-9.2080 -24.2039 0.4375 0.9016
3.7175 -35.9693 0.6107 0.8653
10.0368 -46.9421 0.8109 0.8253
10.5612 -41.9683 0.7310 0.8410
4.9900 -17.1971 0.3025 0.9309
6.3736 -17.2362 0.3104 0.9291
16.0457 -35.3637 0.6560 0.8561
19.3325 -35.5800 0.6840 0.8504
21.2925 -36.0416 0.7071 0.8458
32.6931 -37.8031 0.8442 0.8188
35.0973 -22.5296 0.7045 0.8463
34.9393 1.3767 0.5906 0.8695
48.6562 9.0010 0.8358 0.8204
43.4833 9.6693 0.7525 0.8368
37.4705 9.7554 0.6540 0.8565
8.6044 -46.1280 -0.2642 0.8289
10.0201 -44.7462 -0.2582 0.8324
10.8138 -41.2835 -0.2403 0.8431
5.9560 -17.5052 -0.1041 0.9287
6.8999 -18.1198 -0.1092 0.9254
16.6575 -35.7894 -0.2223 0.8539
18.3594 -36.0093 -0.2276 0.8507
22.0319 -36.4838 -0.2400 0.8433
27.0303 -35.4885 -0.2512 0.8366
34.8655 1.7111 -0.1965 0.8697
43.2989 10.0681 -0.2503 0.8371
36.8246 9.9679 -0.2148 0.8585
35.9834 11.1403 -0.2121 0.8601
30.8663 10.7840 -0.1841 0.8774
30.0030 11.7064 -0.1813 0.8791
10.7458 4.6436 -0.0659 0.9543
18.7003 13.4410 -0.1297 0.9120
15.1581 12.6379 -0.1111 0.9241
14.2310 12.7577 -0.1076 0.9264
13.6162 13.1176 -0.1064 0.9272
16.0014 19.1373 -0.1404 0.9050
9.8120 13.6107 -0.0945 0.9351
7.8785 13.8575 -0.0897 0.9382
7.2681 13.9240 -0.0884 0.9391
9.5301 19.9734 -0.1246 0.9153
8.1380 20.7704 -0.1256 0.9146
7.4922 21.3471 -0.1274 0.9135
4.4487 14.2977 -0.0843 0.9419
3.3156 14.1681 -0.0819 0.9435
2.3242 14.5774 -0.0831 0.9427
1.7977 14.6348 -0.0830 0.9427
1.9101 22.0684 -0.1247 0.9152
1.1195 22.1705 -0.1250 0.9150
0.3207 22.0146 -0.1240 0.9157
-0.4593 21.5418 -0.1213 0.9174
-1.9254 14.8453 -0.0843 0.9419
-2.4818 14.9172 -0.0851 0.9413
-3.0504 14.9906 -0.0861 0.9406
-8.0791 22.5314 -0.1348 0.9087
-7.5602 15.5733 -0.0975 0.9331
-8.3150 15.6709 -0.0999 0.9315
-13.0393 16.5515 -0.1186 0.9192
-8.5232 7.5377 -0.0641 0.9555
-8.6588 7.1206 -0.0631 0.9561
-9.2202 7.0434 -0.0653 0.9546
-25.1941 17.8518 -0.1739 0.8838
-48.0664 -12.0074 -0.2789 0.8202
-38.1845 -28.4026 -0.2679 0.8267
-30.6315 -30.4899 -0.2433 0.8412
-27.5287 -31.6452 -0.2361 0.8455
9.8872 -44.8287 -0.2585 0.8322
9.9095 -33.3472 -0.1959 0.8701
6.6670 -17.6792 -0.1064 0.9272
14.8887 -35.5609 -0.2171 0.8571
16.3387 -35.4020 -0.2195 0.8556
18.2034 -35.9892 -0.2271 0.8510
25.9065 -36.9232 -0.2538 0.8349
15.8071 -19.4043 -0.1409 0.9047
35.1133 -22.2219 -0.2340 0.8469
43.2793 9.9168 -0.2500 0.8373
36.8185 9.8391 -0.2146 0.8586
10.5635 4.9803 -0.0658 0.9544
21.5011 12.0927 -0.1389 0.9060
18.6926 13.3445 -0.1293 0.9122
24.8299 19.1069 -0.1764 0.8822
13.6952 13.1089 -0.1067 0.9270
12.9137 13.2809 -0.1043 0.9286
9.8722 13.6017 -0.0946 0.9350
8.3972 13.5115 -0.0896 0.9383
9.6046 19.9638 -0.1247 0.9152
8.9004 20.3373 -0.1250 0.9150
8.0793 20.4268 -0.1237 0.9159
7.5660 21.3376 -0.1275 0.9134
2.3715 14.5722 -0.0831 0.9427
1.8449 14.6296 -0.0830 0.9427
-0.3898 21.5314 -0.1212 0.9175
-0.8089 14.9688 -0.0844 0.9418
-1.8760 14.8389 -0.0842 0.9419
-3.6477 15.3427 -0.0888 0.9389
-6.1486 22.2775 -0.1301 0.9117
-6.9054 15.7653 -0.0969 0.9335
-8.2458 15.6619 -0.0996 0.9316
-12.0345 16.5698 -0.1153 0.9213
-12.9558 16.5549 -0.1184 0.9193
-13.7935 16.3787 -0.1206 0.9179
-8.6376 7.1500 -0.0631 0.9561
-28.9899 19.1506 -0.1956 0.8702
-34.9779 19.6579 -0.2259 0.8517
-28.1955 9.7393 -0.1680 0.8875
-26.2600 -12.9090 -0.1647 0.8895
-30.6662 -30.3285 -0.2428 0.8415
-31.6511 -33.6331 -0.2600 0.8313
-28.2728 -37.3930 -0.2639 0.8290
-21.6340 -42.8052 -0.2700 0.8254
8.4793 -47.1393 -0.2696 0.8256
9.7316 -44.8085 -0.2582 0.8324
10.7099 -41.9880 -0.2440 0.8409
14.7468 -35.5426 -0.2166 0.8573
16.1921 -35.3831 -0.2191 0.8559
18.0481 -35.9691 -0.2266 0.8513
19.8195 -36.1980 -0.2323 0.8478
21.6860 -36.4392 -0.2387 0.8440
23.4563 -36.3772 -0.2436 0.8410
25.7590 -36.9654 -0.2537 0.8351
13.3424 -17.7534 -0.1250 0.9150
42.6595 -21.1249 -0.2678 0.8266
43.3957 9.7965 -0.2505 0.8370
37.1414 9.7974 -0.2162 0.8576
35.9630 10.8807 -0.2115 0.8605
30.9654 10.5954 -0.1843 0.8773
29.9692 11.4714 -0.1807 0.8795
10.5578 4.9362 -0.0656 0.9545
24.3430 12.4644 -0.1540 0.8964
18.9269 12.4242 -0.1275 0.9134
18.6851 13.2485 -0.1290 0.9124
24.9064 19.0384 -0.1765 0.8821
13.7746 13.1003 -0.1070 0.9268
13.0508 14.3299 -0.1091 0.9254
16.4049 19.3651 -0.1429 0.9035
7.3763 13.9122 -0.0887 0.9390
9.6792 19.9542 -0.1249 0.9151
8.9749 20.3292 -0.1251 0.9149
8.1523 20.4189 -0.1238 0.9158
7.6400 21.3280 -0.1276 0.9134
4.5452 14.2832 -0.0844 0.9418
1.8921 14.6245 -0.0830 0.9427
2.0516 22.0501 -0.1247 0.9152
-1.3068 15.0432 -0.0850 0.9414
-1.8267 14.8325 -0.0841 0.9420
-2.9474 14.9773 -0.0859 0.9408
-3.5942 15.3369 -0.0887 0.9389
-6.8820 22.0940 -0.1303 0.9116
-6.8408 15.7557 -0.0967 0.9336
-7.4285 15.5563 -0.0971 0.9334
-14.4090 23.3357 -0.1544 0.8961
-16.3194 24.4238 -0.1654 0.8891
-13.6927 16.3657 -0.1201 0.9182
-17.5848 18.1902 -0.1424 0.9037
-8.5968 7.7020 -0.0650 0.9549
-9.0796 7.0289 -0.0646 0.9551
-30.0686 18.4816 -0.1987 0.8683
-34.9667 19.7999 -0.2262 0.8515
-28.1890 9.8388 -0.1681 0.8874
-48.1453 -11.6983 -0.2790 0.8202
-23.5366 -14.7999 -0.1565 0.8947
-38.6248 -28.3458 -0.2697 0.8256
-34.0480 -28.9630 -0.2517 0.8363
-30.7008 -30.1679 -0.2423 0.8418
-27.6308 -31.3527 -0.2353 0.8461
-28.4454 -37.3707 -0.2644 0.8287
-6.3938 -15.1475 -0.0925 0.9363
-4.3900 -16.7810 -0.0977 0.9330
3.7176 -35.9704 -0.2036 0.8653
8.4099 -47.6328 -0.2723 0.8241
9.5764 -44.7885 -0.2579 0.8326
10.5613 -41.9688 -0.2437 0.8410
6.3738 -17.2369 -0.1035 0.9291
19.6569 -36.1770 -0.2318 0.8482
23.4285 -36.5923 -0.2446 0.8405
25.5652 -36.9404 -0.2529 0.8355
26.4476 -35.4280 -0.2489 0.8379
32.6937 -37.8038 -0.2814 0.8188
35.0704 -22.5123 -0.2347 0.8465
42.6817 -21.3072 -0.2686 0.8263
34.9478 1.3770 -0.1969 0.8694
37.4693 9.7551 -0.2179 0.8565
8.6052 -46.1322 -1.3214 0.8288
10.0210 -44.7499 -1.2913 0.8323
5.3769 -17.8833 -0.5258 0.9280
5.9562 -17.5057 -0.5207 0.9287
13.4718 -35.3783 -1.0660 0.8594
15.0314 -35.5798 -1.0876 0.8568
18.3597 -36.0098 -1.1381 0.8507
23.7806 -36.3641 -1.2234 0.8404
35.1143 -22.0646 -1.1678 0.8471
30.5779 -17.7167 -0.9951 0.8681
34.8409 1.7099 -0.9822 0.8697
36.8258 9.9682 -1.0742 0.8584
30.0052 11.7073 -0.9069 0.8791
10.5664 5.0233 -0.3294 0.9543
21.3710 12.1102 -0.6917 0.9064
19.6109 12.0623 -0.6483 0.9120
24.6883 19.1248 -0.8793 0.8825
14.2308 12.7575 -0.5382 0.9264
13.6148 13.1162 -0.5323 0.9271
16.0012 19.1370 -0.7024 0.9050
9.8112 13.6095 -0.4724 0.9351
8.9722 13.4370 -0.4549 0.9374
7.2675 13.9228 -0.4422 0.9391
8.8253 20.3437 -0.6244 0.9151
7.4921 21.3468 -0.6370 0.9134
4.4483 14.2965 -0.4216 0.9418
3.8382 14.1004 -0.4115 0.9432
3.3155 14.1679 -0.4097 0.9434
2.7967 14.2350 -0.4085 0.9436
2.3240 14.5762 -0.4156 0.9426
1.7975 14.6336 -0.4151 0.9427
-0.8576 14.9749 -0.4223 0.9417
-3.0504 14.9905 -0.4307 0.9406
-3.7010 15.3473 -0.4445 0.9388
-8.3149 15.6706 -0.4995 0.9315
-9.2803 16.0696 -0.5225 0.9284
-11.9033 17.5686 -0.5975 0.9186
-12.0428 16.4694 -0.5745 0.9216
-13.8947 16.3915 -0.6051 0.9176
-15.3513 16.8453 -0.6417 0.9128
-17.6204 17.9937 -0.7091 0.9041
-18.1050 17.2078 -0.7033 0.9049
-8.6489 7.1124 -0.3153 0.9562
-9.2156 7.0398 -0.3265 0.9547
-25.1935 17.8513 -0.8694 0.8838
-29.0003 19.0237 -0.9766 0.8704
-34.9896 19.5166 -1.1281 0.8519
-42.1508 19.6909 -1.3100 0.8301
-48.0517 -12.0037 -1.3946 0.8202
-34.0985 -29.3864 -1.2675 0.8352
-35.9250 -33.2800 -1.3789 0.8220
-30.6307 -30.4891 -1.2169 0.8412
-27.5560 -31.6766 -1.1822 0.8453
-7.4387 -34.3028 -0.9883 0.8690
10.7673 -41.6526 -1.2114 0.8418
9.9325 -33.4247 -0.9818 0.8698
5.9045 -17.5388 -0.5211 0.9286
13.3349 -35.3606 -1.0641 0.8597
14.8889 -35.5614 -1.0856 0.8570
25.9076 -36.9248 -1.2701 0.8349
35.0864 -22.2049 -1.1692 0.8469
30.5091 -17.8082 -0.9947 0.8682
42.6833 -20.9658 -1.3391 0.8267
34.8310 1.5970 -0.9818 0.8698
43.2806 9.9171 -1.2503 0.8372
36.8174 9.8388 -1.0731 0.8586
35.9757 11.0111 -1.0594 0.8602
30.8522 10.6678 -0.9192 0.8775
10.5607 4.9790 -0.3288 0.9544
21.4984 12.0912 -0.6945 0.9060
19.7283 12.0471 -0.6509 0.9116
18.8110 12.4350 -0.6349 0.9137
15.5358 12.8682 -0.5680 0.9224
14.3116 12.7471 -0.5396 0.9262
16.3085 19.3775 -0.7132 0.9036
9.8714 13.6005 -0.4732 0.9350
8.8997 20.3356 -0.6250 0.9150
8.0786 20.4251 -0.6185 0.9159
7.5659 21.3373 -0.6375 0.9134
3.3622 14.1619 -0.4099 0.9434
2.8431 14.2290 -0.4086 0.9436
2.3713 14.5710 -0.4157 0.9426
1.8447 14.6284 -0.4152 0.9427
1.1906 22.1611 -0.6249 0.9150
0.3914 22.0052 -0.6197 0.9157
-0.3897 21.5297 -0.6063 0.9174
-0.8088 14.9676 -0.4221 0.9418
-1.3561 15.0494 -0.4255 0.9413
-2.4314 14.9105 -0.4254 0.9413
-3.6473 15.3414 -0.4440 0.9388
-6.1481 22.2755 -0.6507 0.9117
-6.9634 22.1043 -0.6526 0.9114
-7.8881 22.2237 -0.6640 0.9099
-6.3556 16.0542 -0.4862 0.9332
-6.9048 15.7638 -0.4846 0.9335
-7.4941 15.5646 -0.4864 0.9332
-9.2068 16.0616 -0.5213 0.9286
-14.5190 23.3455 -0.7741 0.8958
-12.0348 16.5702 -0.5767 0.9213
-12.9544 16.5530 -0.5919 0.9193
-13.7932 16.3784 -0.6029 0.9179
-15.2415 16.8333 -0.6394 0.9131
-8.5311 7.5937 -0.3216 0.9553
-8.6277 7.1417 -0.3154 0.9562
-9.1450 7.0326 -0.3248 0.9549
-24.9845 17.8243 -0.8642 0.8844
-28.9903 19.1508 -0.9783 0.8702
-30.3443 18.5168 -1.0009 0.8674
-42.1507 19.8564 -1.3120 0.8299
-48.0204 -11.8318 -1.3926 0.8204
-38.4344 -28.3968 -1.3456 0.8259
-34.0708 -29.1720 -1.2630 0.8357
-35.9823 -33.1185 -1.3770 0.8223
-30.6654 -30.3277 -1.2144 0.8415
-27.6686 -33.9869 -1.2340 0.8391
-7.5512 -34.2882 -0.9886 0.8689
9.7317 -44.8091 -1.2911 0.8324
10.9742 -37.3703 -1.0966 0.8557
16.1923 -35.3835 -1.0957 0.8558
19.8198 -36.1985 -1.1621 0.8478
23.4573 -36.3788 -1.2189 0.8410
25.7594 -36.9660 -1.2687 0.8350
15.7079 -19.4098 -0.7031 0.9049
35.0650 -22.3498 -1.1709 0.8467
30.4512 -17.9061 -0.9947 0.8682
34.8211 1.4843 -0.9814 0.8698
43.3942 9.7962 -1.2526 0.8369
35.9655 10.8815 -1.0580 0.8604
30.9645 10.5952 -0.9215 0.8773
29.9715 11.4723 -0.9036 0.8795
24.3449 12.4653 -0.7701 0.8963
21.6268 12.0719 -0.6974 0.9056
18.9245 12.4226 -0.6374 0.9134
24.9074 19.0392 -0.8828 0.8821
13.0522 14.3315 -0.5458 0.9254
15.1528 19.2466 -0.6898 0.9066
9.9318 13.5914 -0.4740 0.9349
9.0877 13.4221 -0.4564 0.9372
8.4530 13.5041 -0.4486 0.9382
7.9893 13.8441 -0.4501 0.9380
7.3757 13.9110 -0.4434 0.9389
9.6790 19.9539 -0.6245 0.9151
7.6399 21.3277 -0.6379 0.9133
4.5449 14.2821 -0.4220 0.9418
3.4090 14.1559 -0.4100 0.9434
2.8895 14.2230 -0.4087 0.9436
1.8919 14.6233 -0.4152 0.9427
2.0516 22.0498 -0.6236 0.9152
1.2616 22.1519 -0.6248 0.9150
0.4649 22.1286 -0.6232 0.9152
-0.3202 21.5193 -0.6060 0.9175
-1.3067 15.0420 -0.4251 0.9414
-1.8267 14.8323 -0.4208 0.9420
-2.9474 14.9771 -0.4298 0.9407
-3.5938 15.3356 -0.4435 0.9389
-6.0677 22.2635 -0.6498 0.9118
-6.3456 16.1809 -0.4894 0.9328
-6.8402 15.7542 -0.4836 0.9336
-8.1767 15.6528 -0.4973 0.9318
-15.1325 16.8215 -0.6371 0.9134
-17.8305 17.1667 -0.6969 0.9057
-8.6065 7.1710 -0.3154 0.9562
-28.9769 19.2763 -0.9800 0.8700
-30.0677 18.4810 -0.9937 0.8683
-34.9671 19.8002 -1.1315 0.8515
-28.1809 9.8360 -0.8405 0.8874
-48.0784 -11.6820 -1.3932 0.8204
-38.6626 -28.3735 -1.3504 0.8254
-36.0576 -32.9739 -1.3758 0.8224
-30.6999 -30.1671 -1.2120 0.8418
-31.8971 -33.6766 -1.3061 0.8306
-27.6159 -31.3358 -1.1761 0.8461
-27.7977 -33.9219 -1.2349 0.8390
-28.4458 -37.3712 -1.3225 0.8287
-9.2084 -24.2049 -0.7292 0.9016
-4.3868 -16.7689 -0.4881 0.9330
-3.8529 -17.2311 -0.4972 0.9318
3.7177 -35.9716 -1.0183 0.8653
8.4108 -47.6374 -1.3621 0.8240
9.5765 -44.7891 -1.2897 0.8325
10.5615 -41.9694 -1.2186 0.8410
11.1736 -38.5073 -1.1290 0.8518
6.4190 -17.3591 -0.5211 0.9286
14.6055 -35.5248 -1.0815 0.8575
16.0462 -35.3647 -1.0935 0.8561
17.8936 -35.9496 -1.1307 0.8516
19.6572 -36.1775 -1.1593 0.8481
23.4296 -36.5939 -1.2235 0.8404
42.6830 -21.3079 -1.3433 0.8262
43.8115 9.7423 -1.2638 0.8356
37.4681 9.7548 -1.0902 0.8565
-3.4355 -33.3439 -1.7000 0.8744
3.6346 -47.2585 -2.4037 0.8271
5.3200 -47.0289 -2.4002 0.8273
10.2928 -45.9638 -2.3887 0.8281
10.7818 -41.1616 -2.1579 0.8433
13.4519 -35.3260 -1.9170 0.8595
15.0092 -35.5272 -1.9559 0.8569
21.9997 -36.4306 -2.1583 0.8433
26.9701 -35.4095 -2.2573 0.8367
15.8404 -19.3178 -1.2669 0.9048
21.2620 -24.1107 -1.6303 0.8792
31.4025 -33.1335 -2.3151 0.8329
32.4939 -31.9098 -2.3096 0.8333
34.1652 -23.2186 -2.0949 0.8475
29.6025 -17.1515 -1.7350 0.8719
39.7767 -21.1779 -2.2853 0.8349
43.8696 -19.4582 -2.4338 0.8251
45.7264 -14.6382 -2.4349 0.8251
46.6799 -11.3267 -2.4360 0.8250
47.0693 -9.6474 -2.4367 0.8249
47.3998 -7.9548 -2.4375 0.8249
47.6709 -6.2513 -2.4383 0.8248
30.7155 0.4040 -1.5578 0.8842
44.5136 8.6800 -2.3000 0.8339
40.4829 9.4133 -2.1078 0.8467
36.8269 9.9685 -1.9349 0.8583
35.9294 11.1236 -1.9075 0.8602
30.8683 10.7847 -1.6583 0.8773
24.3633 12.6734 -1.3927 0.8958
21.3682 12.1087 -1.2456 0.9063
19.6105 12.0621 -1.1676 0.9119
15.1577 12.6375 -1.0008 0.9240
12.9359 13.3897 -0.9442 0.9281
16.0010 19.1367 -1.2651 0.9049
8.9721 13.4368 -0.8194 0.9373
7.8771 13.8550 -0.8083 0.9382
7.4920 21.3466 -1.1473 0.9134
2.7966 14.2348 -0.7357 0.9436
2.3238 14.5750 -0.7485 0.9426
1.7974 14.6324 -0.7476 0.9427
1.9100 22.0678 -1.1233 0.9151
0.3207 22.0141 -1.1165 0.9156
-1.4056 15.0556 -0.7669 0.9412
-3.0503 14.9903 -0.7758 0.9406
-3.7007 15.3459 -0.8006 0.9387
-6.2281 22.2856 -1.1735 0.9115
-7.0449 22.1145 -1.1771 0.9112
-8.0776 22.5274 -1.2137 0.9086
-6.3657 15.9297 -0.8700 0.9336
-6.9690 15.7721 -0.8745 0.9333
-7.5600 15.5729 -0.8779 0.9330
-8.3148 15.6704 -0.8997 0.9314
-15.2086 24.2795 -1.4529 0.8916
-11.9035 17.5689 -1.0762 0.9185
-12.0430 16.4698 -1.0347 0.9215
-13.8945 16.3913 -1.0898 0.9175
-17.6206 17.9940 -1.2772 0.9041
-18.1025 17.2054 -1.2666 0.9048
-25.1928 17.8509 -1.5659 0.8837
-34.9361 19.4867 -2.0287 0.8520
-46.2040 -9.7955 -2.3953 0.8276
-45.7921 -11.4393 -2.3937 0.8278
-44.7905 -14.6728 -2.3903 0.8280
-43.6681 -17.8654 -2.3928 0.8278
-41.6879 -22.5580 -2.4038 0.8271
-19.1860 -11.2899 -1.1290 0.9147
-18.8208 -12.0044 -1.1321 0.9145
-38.2154 -28.4257 -2.4154 0.8263
-37.2201 -29.8179 -2.4186 0.8261
-25.9740 -40.3096 -2.4319 0.8253
-23.0210 -42.0765 -2.4324 0.8252
-21.4956 -42.8734 -2.4323 0.8252
-14.8018 -32.3718 -1.8052 0.8671
-18.3587 -44.2874 -2.4313 0.8253
-11.9363 -31.9937 -1.7318 0.8722
-4.2720 -16.7704 -0.8777 0.9330
-6.5794 -30.3403 -1.5744 0.8831
-3.5220 -33.1366 -1.6900 0.8751
-2.1207 -30.2448 -1.5376 0.8857
0.0840 -47.5308 -2.4105 0.8267
6.8436 -46.7650 -2.3969 0.8275
8.5034 -46.4152 -2.3931 0.8278
10.1463 -46.0036 -2.3891 0.8281
10.7347 -41.5266 -2.1752 0.8422
5.9047 -17.5393 -0.9385 0.9286
13.3152 -35.3084 -1.9137 0.8597
14.8669 -35.5089 -1.9523 0.8571
19.9834 -36.2201 -2.0979 0.8473
21.8266 -36.4082 -2.1528 0.8437
23.5634 -36.2864 -2.1942 0.8409
13.3834 -17.6891 -1.1249 0.9150
21.2533 -24.2578 -1.6356 0.8788
32.3979 -32.0210 -2.3101 0.8332
33.4459 -30.7645 -2.3046 0.8336
34.4453 -29.4739 -2.2991 0.8340
36.2943 -26.7981 -2.2880 0.8347
28.3793 -17.9602 -1.7032 0.8741
29.1047 -16.9884 -1.7091 0.8737
43.8064 -19.5992 -2.4338 0.8251
44.4862 -18.0168 -2.4341 0.8251
45.1105 -16.4116 -2.4344 0.8251
46.1891 -13.1396 -2.4354 0.8250
47.0368 -9.7986 -2.4366 0.8249
47.8659 -4.6925 -2.4391 0.8248
47.6239 -2.9487 -2.4198 0.8260
30.7154 0.3051 -1.5578 0.8842
44.5388 8.5362 -2.2999 0.8339
42.6509 9.7728 -2.2191 0.8392
36.8163 9.8385 -1.9326 0.8584
29.9313 11.5675 -1.6274 0.8794
10.7526 4.6055 -0.5932 0.9542
24.3550 12.5697 -1.3900 0.8960
21.4956 12.0896 -1.2507 0.9059
19.7279 12.0469 -1.1723 0.9116
24.8290 19.1063 -1.5888 0.8821
15.5341 12.8668 -1.0229 0.9224
16.3070 19.3757 -1.2843 0.9035
9.8705 13.5992 -0.8522 0.9349
9.0298 13.4294 -0.8207 0.9372
8.3970 13.5112 -0.8068 0.9383
8.8989 20.3339 -1.1256 0.9149
8.0779 20.4234 -1.1138 0.9158
7.5659 21.3370 -1.1481 0.9133
4.4962 14.2881 -0.7596 0.9418
3.8853 14.0941 -0.7414 0.9431
2.3711 14.5699 -0.7486 0.9426
1.1905 22.1608 -1.1255 0.9150
0.3914 22.0049 -1.1161 0.9156
-1.3560 15.0482 -0.7662 0.9413
-1.8759 14.8385 -0.7585 0.9419
-2.4313 14.9103 -0.7662 0.9413
-6.1475 22.2736 -1.1718 0.9116
-6.9633 22.1040 -1.1753 0.9114
-7.8880 22.2234 -1.1959 0.9099
-6.3558 16.0547 -0.8757 0.9332
-7.4940 15.5644 -0.8761 0.9332
-8.2455 15.6615 -0.8976 0.9316
-12.9529 16.5511 -1.0659 0.9193
-13.7930 16.3782 -1.0859 0.9178
-15.2397 16.8313 -1.1515 0.9131
-17.6030 18.0921 -1.2802 0.9038
-8.5025 7.5683 -0.5773 0.9554
-9.1404 7.0291 -0.5848 0.9549
-24.9838 17.8239 -1.5564 0.8843
-28.9350 19.1143 -1.7587 0.8703
-42.1525 19.8573 -2.3631 0.8298
-46.5664 -9.7159 -2.4124 0.8265
-45.8314 -11.2925 -2.3938 0.8277
-45.3654 -12.9206 -2.3922 0.8279
-44.8405 -14.5295 -2.3904 0.8280
-43.7191 -17.7221 -2.3924 0.8278
-18.8206 -11.9191 -1.1298 0.9146
-39.2590 -26.8836 -2.4131 0.8265
-35.1535 -32.3555 -2.4230 0.8258
-30.6645 -30.3269 -2.1872 0.8414
-31.5644 -33.5410 -2.3358 0.8315
-27.5836 -31.5029 -2.1235 0.8456
-27.6686 -33.9869 -2.2226 0.8390
-27.5229 -39.2532 -2.4313 0.8253
-24.6465 -41.1413 -2.4322 0.8252
-21.6336 -42.8043 -2.4323 0.8252
-14.9014 -32.3143 -1.8046 0.8672
-18.5017 -44.2292 -2.4314 0.8253
-10.3180 -30.6806 -1.6416 0.8784
-6.6789 -30.3274 -1.5749 0.8830
-4.6110 -31.5779 -1.6184 0.8800
-2.2177 -30.2328 -1.5374 0.8857
-0.0691 -47.5362 -2.4108 0.8266
1.6344 -47.4467 -2.4076 0.8268
3.3310 -47.2928 -2.4044 0.8271
5.0184 -47.0748 -2.4009 0.8273
8.3552 -46.4492 -2.3934 0.8278
9.9997 -46.0430 -2.3895 0.8280
9.7819 -33.3102 -1.7606 0.8702
14.7252 -35.4905 -1.9486 0.8574
10.3384 -22.5914 -1.2600 0.9053
19.8201 -36.1990 -2.0930 0.8476
21.4311 -36.0109 -2.1252 0.8455
25.7214 -36.9115 -2.2816 0.8351
13.3385 -17.7482 -1.1259 0.9149
15.6861 -19.3829 -1.2646 0.9050
21.3096 -24.4806 -1.6460 0.8781
35.3120 -28.2711 -2.2940 0.8343
37.1101 -25.5707 -2.2855 0.8349
28.3670 -18.0807 -1.7060 0.8740
32.0525 -17.3311 -1.8479 0.8642
43.7428 -19.7400 -2.4338 0.8251
44.4275 -18.1598 -2.4341 0.8251
46.1456 -13.2880 -2.4353 0.8250
47.6267 -6.5576 -2.4381 0.8249
47.8489 -4.8464 -2.4390 0.8248
34.8130 1.4839 -1.7671 0.8697
34.1351 2.6846 -1.7365 0.8718
44.8090 6.7839 -2.2983 0.8340
37.1391 9.7968 -1.9479 0.8574
10.7871 4.5792 -0.5943 0.9541
21.6240 12.0704 -1.2559 0.9056
18.9221 12.4210 -1.1479 0.9133
18.6884 13.2508 -1.1618 0.9123
24.9084 19.0400 -1.5900 0.8820
13.7718 13.0975 -0.9638 0.9267
12.9097 13.1916 -0.9361 0.9287
13.0537 14.3331 -0.9832 0.9253
16.4018 19.3615 -1.2869 0.9034
15.1526 19.2464 -1.2423 0.9066
9.9309 13.5902 -0.8536 0.9348
8.4529 13.5039 -0.8079 0.9382
7.9886 13.8429 -0.8105 0.9380
9.6789 19.9537 -1.1247 0.9150
8.9734 20.3258 -1.1268 0.9149
8.1509 20.4154 -1.1148 0.9157
4.5445 14.2809 -0.7600 0.9417
4.0086 14.3611 -0.7561 0.9420
2.0516 22.0496 -1.1231 0.9151
1.2616 22.1516 -1.1252 0.9150
-0.3202 21.5175 -1.0914 0.9174
-0.7601 14.9591 -0.7596 0.9418
-1.3066 15.0408 -0.7657 0.9413
-1.8267 14.8322 -0.7579 0.9419
-2.3811 14.9038 -0.7654 0.9413
-2.9473 14.9770 -0.7741 0.9407
-6.0672 22.2616 -1.1702 0.9117
-6.8819 22.0935 -1.1736 0.9115
-6.3457 16.1812 -0.8815 0.9328
-7.4283 15.5559 -0.8742 0.9333
-9.1328 16.0520 -0.9366 0.9287
-14.4060 23.3309 -1.3906 0.8960
-16.3189 24.4230 -1.4896 0.8890
-12.0269 16.6720 -1.0426 0.9210
-13.6922 16.3651 -1.0821 0.9181
-15.1307 16.8194 -1.1473 0.9134
-8.5389 7.6501 -0.5814 0.9551
-8.5966 7.1627 -0.5675 0.9562
-9.0706 7.0220 -0.5817 0.9551
-24.7774 17.7972 -1.5471 0.8850
-28.9237 19.2409 -1.7618 0.8701
-30.0668 18.4805 -1.7898 0.8682
-42.2016 21.9357 -2.4121 0.8266
-28.1728 9.8331 -1.5133 0.8874
-47.0363 -9.6560 -2.4352 0.8250
-45.8704 -11.1455 -2.3940 0.8277
-35.3122 -17.2181 -1.9924 0.8544
-24.9205 -13.2782 -1.4320 0.8931
-38.3998 -28.1807 -2.4156 0.8263
-37.4044 -29.5721 -2.4182 0.8262
-32.3124 -34.1151 -2.3830 0.8285
-27.7978 -33.9219 -2.2242 0.8389
-27.6484 -39.1634 -2.4312 0.8253
-21.7715 -42.7349 -2.4323 0.8252
-9.2086 -24.2054 -1.3134 0.9015
-9.0970 -30.2904 -1.6039 0.8810
-3.8439 -17.1905 -0.8933 0.9319
-4.7004 -31.4808 -1.6142 0.8803
-2.3147 -30.2208 -1.5371 0.8857
-1.2317 -30.3536 -1.5406 0.8854
-0.2221 -47.5409 -2.4110 0.8266
1.4819 -47.4573 -2.4079 0.8268
3.1792 -47.3092 -2.4047 0.8270
3.7178 -35.9728 -1.8340 0.8652
10.5486 -41.9181 -2.1921 0.8410
9.7269 -33.5216 -1.7701 0.8695
6.4579 -17.4642 -0.9443 0.9281
14.5839 -35.4723 -1.9451 0.8576
17.8672 -35.8966 -2.0335 0.8516
21.2614 -35.9889 -2.1199 0.8458
15.6229 -19.4324 -1.2645 0.9050
29.9505 -34.6318 -2.3220 0.8325
21.9990 -23.6654 -1.6386 0.8786
32.2048 -32.2427 -2.3111 0.8332
34.2698 -29.7079 -2.3001 0.8339
37.0278 -25.6902 -2.2855 0.8349
28.8143 -17.0686 -1.6984 0.8745
41.2274 -20.5812 -2.3369 0.8315
43.6786 -19.8804 -2.4338 0.8251
44.3684 -18.3025 -2.4340 0.8251
46.5650 -11.7762 -2.4359 0.8250
46.9703 -10.1007 -2.4365 0.8250
47.8648 -3.2731 -2.4331 0.8252
45.2210 0.1580 -2.2934 0.8343
44.8282 6.6393 -2.2982 0.8340
37.4669 9.7544 -1.9634 0.8564
-3.3129 -32.1534 -2.3700 0.8784
-0.9971 -32.2599 -2.3665 0.8786
0.1608 -32.2481 -2.3645 0.8787
2.0494 -13.6966 -1.0154 0.9460
2.5652 -13.7523 -1.0257 0.9454
3.0947 -13.8198 -1.0384 0.9448
9.2071 -30.6222 -2.3446 0.8796
10.4912 -22.5407 -1.8230 0.9051
14.4273 -28.2970 -2.3289 0.8804
15.4109 -27.7211 -2.3255 0.8806
16.3714 -27.1103 -2.3221 0.8807
18.2179 -25.7881 -2.3151 0.8811
15.8183 -19.2909 -1.8292 0.9048
22.4334 -22.0302 -2.3054 0.8815
23.2057 -21.2078 -2.3050 0.8815
24.6608 -19.4844 -2.3045 0.8816
28.3320 -17.8028 -2.4534 0.8744
28.9520 -16.7746 -2.4534 0.8744
30.0815 -14.6559 -2.4535 0.8744
30.5897 -13.5679 -2.4536 0.8744
31.4895 -11.3415 -2.4541 0.8744
32.2306 -9.0567 -2.4547 0.8743
32.5404 -7.8958 -2.4552 0.8743
32.8090 -6.7246 -2.4556 0.8743
33.3655 -3.1626 -2.4574 0.8742
30.6656 0.4033 -2.2487 0.8843
31.1633 4.9235 -2.3133 0.8811
30.4942 8.2543 -2.3164 0.8810
30.1927 9.3475 -2.3175 0.8809
29.8526 10.4299 -2.3186 0.8809
29.4741 11.5000 -2.3198 0.8808
10.5608 5.0207 -0.8574 0.9542
21.2840 12.0610 -1.7937 0.9065
18.6217 12.3961 -1.6402 0.9142
18.6443 13.4008 -1.6835 0.9120
15.1574 12.6373 -1.4470 0.9239
14.2304 12.7571 -1.4013 0.9262
12.9375 13.3913 -1.3653 0.9280
9.8094 13.6070 -1.2299 0.9349
7.8764 13.8538 -1.1685 0.9381
8.0562 20.5617 -1.6192 0.9152
7.4919 21.3463 -1.6588 0.9133
4.4476 14.2942 -1.0976 0.9417
3.8381 14.1001 -1.0715 0.9431
3.3155 14.1676 -1.0669 0.9433
2.7966 14.2346 -1.0637 0.9435
1.7972 14.6312 -1.0809 0.9426
-0.4592 21.5366 -1.5795 0.9172
-0.8574 14.9724 -1.0996 0.9416
-1.4055 15.0544 -1.1086 0.9412
-1.9253 14.8447 -1.0976 0.9417
-2.4817 14.9166 -1.1087 0.9412
-3.0503 14.9901 -1.1216 0.9405
-3.7003 15.3446 -1.1573 0.9387
-7.0449 22.1142 -1.7018 0.9111
-8.0549 22.4641 -1.7498 0.9087
-7.5598 15.5727 -1.2692 0.9329
-8.3147 15.6702 -1.3007 0.9313
-9.2784 16.0663 -1.3603 0.9283
-14.5908 23.2933 -2.0153 0.8956
-11.9037 17.5692 -1.5560 0.9184
-13.8942 16.3910 -1.5755 0.9174
-15.2908 16.7790 -1.6645 0.9130
-17.5710 17.9433 -1.8414 0.9042
-8.4386 7.4628 -0.8260 0.9558
-27.8982 16.9011 -2.3917 0.8774
-28.4868 15.8894 -2.3917 0.8774
-29.5510 13.8049 -2.3915 0.8774
-16.3232 6.2423 -1.2814 0.9323
-27.4507 9.3833 -2.1271 0.8902
-33.7991 7.6190 -2.5404 0.8703
-34.3001 5.1819 -2.5435 0.8701
-34.5506 -2.2618 -2.5387 0.8703
-34.4339 -3.4986 -2.5378 0.8704
-34.2723 -4.7299 -2.5367 0.8704
-34.0661 -5.9539 -2.5357 0.8705
-29.4955 -13.3217 -2.3730 0.8783
-20.0881 -10.8700 -1.6747 0.9125
-17.9054 -11.4205 -1.5572 0.9183
-23.7397 -21.9918 -2.3728 0.8783
-22.9478 -22.8417 -2.3740 0.8782
-22.1242 -23.6617 -2.3752 0.8782
-16.4519 -18.9120 -1.8379 0.9044
-18.5357 -26.6174 -2.3782 0.8780
-17.5717 -27.2700 -2.3786 0.8780
-13.4904 -29.5039 -2.3787 0.8780
-11.3361 -30.3849 -2.3779 0.8780
-2.2595 -32.2234 -2.3685 0.8785
0.0570 -32.2510 -2.3647 0.8787
1.2130 -32.1999 -2.3626 0.8788
1.0422 -14.1467 -1.0401 0.9447
2.0037 -13.6917 -1.0146 0.9460
3.0465 -13.8129 -1.0371 0.9448
9.1095 -30.6551 -2.3448 0.8796
12.3025 -29.3839 -2.3357 0.8801
10.4100 -22.5558 -1.8215 0.9052
14.3380 -28.3470 -2.3292 0.8804
15.3236 -27.7742 -2.3258 0.8805
17.2245 -26.5248 -2.3189 0.8809
18.1373 -25.8502 -2.3154 0.8810
16.2752 -18.5760 -1.8109 0.9057
23.1376 -21.2827 -2.3050 0.8815
23.8831 -20.4361 -2.3047 0.8816
27.4417 -18.7788 -2.4381 0.8751
28.2746 -17.8940 -2.4534 0.8744
31.0187 -12.5625 -2.4538 0.8744
31.4526 -11.4427 -2.4540 0.8744
31.8467 -10.3081 -2.4543 0.8744
32.5142 -8.0004 -2.4551 0.8743
32.7866 -6.8300 -2.4556 0.8743
33.0177 -5.6505 -2.4561 0.8743
33.2069 -4.4633 -2.4567 0.8743
33.3544 -3.2699 -2.4573 0.8742
33.4595 -2.0717 -2.4580 0.8742
30.6815 0.3048 -2.2497 0.8842
31.4188 2.5728 -2.3114 0.8812
31.3183 3.6998 -2.3123 0.8812
31.1779 4.8230 -2.3132 0.8811
30.9978 5.9409 -2.3142 0.8811
30.7782 7.0524 -2.3152 0.8810
29.8847 10.3333 -2.3185 0.8809
21.4116 12.0423 -1.8012 0.9062
19.7276 12.0467 -1.6948 0.9115
18.6361 13.3041 -1.6789 0.9123
24.8286 19.1059 -2.2971 0.8819
15.5324 12.8654 -1.4788 0.9223
14.3111 12.7467 -1.4052 0.9260
13.6909 13.1048 -1.3896 0.9268
12.9185 13.2859 -1.3587 0.9284
16.2613 19.3214 -1.8516 0.9037
10.5547 13.4955 -1.2562 0.9336
9.0297 13.4292 -1.1865 0.9372
7.3202 13.9145 -1.1528 0.9389
9.6042 19.9631 -1.6243 0.9150
8.0823 20.4343 -1.6112 0.9156
4.4958 14.2870 -1.0982 0.9417
2.3709 14.5687 -1.0823 0.9425
1.8444 14.6261 -1.0809 0.9426
1.9808 22.0584 -1.6239 0.9150
1.1905 22.1605 -1.6272 0.9148
-0.3897 21.5262 -1.5786 0.9173
-0.8087 14.9651 -1.0989 0.9417
-1.3559 15.0469 -1.1077 0.9412
-1.8759 14.8383 -1.0966 0.9418
-2.9987 14.9834 -1.1204 0.9406
-3.6467 15.3388 -1.1560 0.9387
-6.1303 22.2110 -1.6895 0.9117
-6.9632 22.1037 -1.6992 0.9112
-7.8879 22.2231 -1.7290 0.9098
-6.3560 16.0551 -1.2661 0.9331
-6.9035 15.7609 -1.2616 0.9333
-7.4939 15.5642 -1.2666 0.9331
-11.8863 17.6658 -1.5612 0.9181
-12.9514 16.5492 -1.5408 0.9192
-13.7928 16.3779 -1.5700 0.9177
-15.1811 16.7666 -1.6584 0.9133
-17.8921 17.1154 -1.8155 0.9055
-8.6078 7.1253 -0.8193 0.9562
-9.1359 7.0256 -0.8450 0.9548
-28.9901 14.9503 -2.3916 0.8774
-29.5066 13.9000 -2.3915 0.8774
-29.9842 12.8315 -2.3914 0.8774
-27.7476 8.4832 -2.1275 0.8901
-31.4955 8.4061 -2.3902 0.8774
-34.0801 6.5206 -2.5442 0.8701
-34.2840 5.2925 -2.5436 0.8701
-34.4431 4.0580 -2.5429 0.8701
-34.6485 0.3333 -2.5406 0.8703
-34.6263 -0.9097 -2.5398 0.8703
-34.5588 -2.1507 -2.5388 0.8703
-33.5493 -8.2663 -2.5335 0.8706
-31.5402 -11.4858 -2.4612 0.8740
-29.5397 -13.2273 -2.3731 0.8783
-20.2170 -10.8557 -1.6825 0.9121
-17.8888 -12.2498 -1.5897 0.9167
-24.5654 -21.0332 -2.3712 0.8784
-23.8092 -21.9142 -2.3726 0.8783
-13.9655 -14.8400 -1.4942 0.9215
-19.5574 -25.8663 -2.3777 0.8780
-17.6592 -27.2129 -2.3786 0.8780
-9.9830 -19.7524 -1.6228 0.9151
-10.3185 -30.6819 -2.3735 0.8782
-8.9835 -30.2656 -2.3148 0.8811
-4.3247 -16.7514 -1.2685 0.9330
-6.6790 -30.3278 -2.2770 0.8829
-3.9401 -21.5448 -1.6059 0.9159
-4.6109 -31.5775 -2.3399 0.8799
-2.3634 -32.2182 -2.3687 0.8785
-1.1280 -30.1968 -2.2156 0.8859
-0.0469 -32.2535 -2.3649 0.8787
1.9579 -13.6867 -1.0138 0.9461
2.4719 -13.7421 -1.0238 0.9455
2.9985 -13.8063 -1.0359 0.9449
7.9146 -31.0289 -2.3479 0.8795
5.8498 -17.5630 -1.3573 0.9284
6.5675 -17.5864 -1.3765 0.9275
12.2094 -29.4269 -2.3360 0.8800
10.3397 -22.5943 -1.8219 0.9051
14.2485 -28.3967 -2.3295 0.8804
15.2361 -27.8270 -2.3262 0.8805
13.3042 -17.7027 -1.6237 0.9150
16.1569 -18.5611 -1.8043 0.9060
23.0693 -21.3573 -2.3051 0.8815
24.5353 -19.6431 -2.3045 0.8816
25.2220 -18.7485 -2.3043 0.8816
27.2144 -18.7521 -2.4233 0.8759
30.5013 -13.7644 -2.4536 0.8744
30.9779 -12.6622 -2.4538 0.8744
31.4153 -11.5438 -2.4540 0.8744
31.8131 -10.4105 -2.4543 0.8744
32.7639 -6.9354 -2.4555 0.8743
33.1917 -4.5701 -2.4566 0.8743
33.4519 -2.1793 -2.4580 0.8742
31.2113 0.2095 -2.2885 0.8823
31.0156 5.8409 -2.3141 0.8811
30.7996 6.9530 -2.3151 0.8811
30.5441 8.0572 -2.3162 0.8810
30.2497 9.1521 -2.3173 0.8809
29.9165 10.2366 -2.3184 0.8809
29.5448 11.3090 -2.3196 0.8808
10.7732 4.5733 -0.8581 0.9541
10.5495 4.9323 -0.8539 0.9544
24.2874 12.4359 -2.0007 0.8963
21.5402 12.0236 -1.8088 0.9058
19.8459 12.0314 -1.7017 0.9111
18.8456 12.3708 -1.6529 0.9136
18.6279 13.2080 -1.6743 0.9125
14.3924 12.7362 -1.4091 0.9258
13.7703 13.0962 -1.3934 0.9266
13.0551 14.3347 -1.4216 0.9252
16.3562 19.3076 -1.8554 0.9035
15.1523 19.2461 -1.7960 0.9064
9.0875 13.4217 -1.1885 0.9371
7.9879 13.8417 -1.1718 0.9379
7.3744 13.9086 -1.1543 0.9388
9.6788 19.9534 -1.6261 0.9149
7.6398 21.3272 -1.6611 0.9131
4.5441 14.2798 -1.0988 0.9417
4.0083 14.3599 -1.0931 0.9420
2.4183 14.5635 -1.0825 0.9425
1.8916 14.6209 -1.0810 0.9426
1.2616 22.1514 -1.6268 0.9149
0.4646 22.1169 -1.6220 0.9151
-0.7600 14.9578 -1.0982 0.9417
-3.5932 15.3330 -1.1547 0.9388
-6.8818 22.0932 -1.6967 0.9114
-7.8036 22.2123 -1.7262 0.9099
-6.8389 15.7512 -1.2591 0.9334
-14.3672 23.2681 -2.0051 0.8961
-16.3187 24.4226 -2.1537 0.8889
-12.8544 16.5347 -1.5356 0.9194
-17.5367 18.1404 -1.8500 0.9038
-8.5102 7.6244 -0.8378 0.9552
-9.0661 7.0185 -0.8407 0.9551
-27.1571 18.0657 -2.3916 0.8774
-27.7888 17.0803 -2.3916 0.8774
-28.9419 15.0435 -2.3916 0.8774
-29.9430 12.9281 -2.3914 0.8774
-16.2502 6.3346 -1.2788 0.9324
-27.4381 9.5767 -2.1308 0.8900
-31.4688 8.5076 -2.3902 0.8774
-34.0595 6.6305 -2.5442 0.8701
-34.2676 5.4029 -2.5436 0.8701
-34.4306 4.1689 -2.5430 0.8701
-34.5485 2.9301 -2.5423 0.8702
-34.6211 1.6882 -2.5415 0.8702
-34.6483 0.4448 -2.5407 0.8702
-34.5667 -2.0395 -2.5389 0.8703
-34.1063 -5.7350 -2.5359 0.8705
-33.8638 -6.9518 -2.5347 0.8705
-29.5835 -13.1328 -2.3733 0.8783
-20.3468 -10.8412 -1.6904 0.9117
-19.0279 -11.0326 -1.6127 0.9156
-17.8728 -12.1545 -1.5848 0.9170
-13.9755 -14.7552 -1.4901 0.9217
-19.6401 -25.8026 -2.3776 0.8780
-16.7627 -27.7781 -2.3789 0.8780
-15.7562 -28.3631 -2.3790 0.8780
-10.0403 -19.7079 -1.6217 0.9151
-13.6804 -29.4171 -2.3788 0.8780
-6.3915 -15.1420 -1.2051 0.9362
-9.0972 -30.2911 -2.3190 0.8809
-4.3805 -16.7446 -1.2691 0.9329
-4.0136 -21.5548 -1.6076 0.9158
-2.4672 -32.2125 -2.3688 0.8785
-0.1507 -32.2556 -2.3651 0.8786
1.4076 -13.6191 -1.0039 0.9466
1.9123 -13.6817 -1.0129 0.9461
2.4254 -13.7369 -1.0228 0.9456
2.9505 -13.7995 -1.0347 0.9450
7.8155 -31.0575 -2.3482 0.8795
8.9139 -30.7199 -2.3454 0.8796
16.1152 -27.2780 -2.3230 0.8807
13.2836 -17.7941 -1.6282 0.9148
15.6077 -19.4135 -1.8264 0.9049
21.4121 -23.0340 -2.3059 0.8815
23.7516 -20.5899 -2.3048 0.8816
24.4722 -19.7222 -2.3045 0.8816
25.1616 -18.8297 -2.3043 0.8816
28.1590 -18.0758 -2.4535 0.8744
29.3821 -16.0096 -2.4534 0.8744
29.9383 -14.9456 -2.4535 0.8744
30.4567 -13.8625 -2.4536 0.8744
30.9366 -12.7617 -2.4538 0.8744
32.7408 -7.0407 -2.4555 0.8743
33.3310 -3.4844 -2.4572 0.8742
33.5143 -1.0859 -2.4586 0.8742
31.4997 0.1101 -2.3096 0.8813
31.4326 2.3703 -2.3112 0.8812
31.3392 3.4979 -2.3121 0.8812
30.5687 7.9585 -2.3161 0.8810
-1.6293 -24.3595 -2.3439 0.9066
1.0345 -13.4514 -1.2952 0.9472
1.5263 -13.4930 -1.3037 0.9469
2.0267 -13.5445 -1.3148 0.9465
6.9762 -23.2024 -2.3260 0.9072
9.4072 -22.2671 -2.3207 0.9074
8.4843 -15.2616 -1.6764 0.9322
15.9540 -18.0915 -2.3158 0.9076
16.5903 -17.5048 -2.3154 0.9076
17.8675 -17.5463 -2.4042 0.9043
18.9411 -17.3104 -2.4634 0.9020
19.5596 -16.6279 -2.4647 0.9020
20.1420 -15.9141 -2.4645 0.9020
20.6986 -15.1802 -2.4643 0.9020
23.8232 -9.5592 -2.4644 0.9020
24.4516 -7.8276 -2.4648 0.9020
24.7195 -6.9461 -2.4651 0.9020
25.3340 -4.2517 -2.4662 0.9019
25.4749 -3.3406 -2.4667 0.9019
25.6596 -1.5059 -2.4677 0.9019
24.1273 1.1841 -2.3191 0.9075
24.0760 2.0496 -2.3198 0.9075
14.7474 2.3299 -1.4334 0.9418
23.7384 4.6289 -2.3219 0.9074
23.5651 5.4795 -2.3227 0.9074
23.3615 6.3236 -2.3235 0.9073
22.8648 7.9885 -2.3253 0.9073
22.5723 8.8071 -2.3262 0.9072
21.5218 11.1953 -2.3290 0.9071
21.1154 11.9654 -2.3300 0.9071
18.6194 12.3946 -2.1474 0.9140
18.6459 13.4020 -2.2045 0.9119
15.1572 12.6371 -1.8946 0.9238
14.2301 12.7569 -1.8348 0.9261
12.8688 13.3202 -1.7781 0.9283
13.0118 14.4732 -1.8685 0.9248
8.9719 13.4365 -1.5511 0.9371
8.3410 13.5180 -1.5250 0.9382
7.8757 13.8526 -1.5298 0.9380
8.7989 20.2828 -2.1226 0.9150
8.0440 20.5307 -2.1169 0.9152
4.4472 14.2931 -1.4371 0.9416
2.7966 14.2345 -1.3927 0.9434
1.7971 14.6300 -1.4151 0.9425
1.9100 22.0673 -2.1265 0.9148
1.1195 22.1695 -2.1311 0.9147
0.3207 22.0135 -2.1136 0.9153
-0.4579 21.4766 -2.0623 0.9173
-1.4054 15.0531 -1.4515 0.9411
-1.9253 14.8445 -1.4371 0.9416
-3.0502 14.9899 -1.4686 0.9404
-7.0448 22.1139 -2.2282 0.9110
-8.0542 22.4620 -2.2909 0.9086
-7.5597 15.5725 -1.6619 0.9328
-8.3146 15.6700 -1.7031 0.9312
-11.8585 17.5024 -2.0297 0.9186
-13.8940 16.3907 -2.0629 0.9173
-17.3422 17.7097 -2.3797 0.9052
-8.4106 7.4381 -1.0779 0.9559
-9.2017 7.0292 -1.1117 0.9545
-21.6589 12.0810 -2.3810 0.9051
-22.0781 11.2960 -2.3809 0.9051
-22.8293 9.6828 -2.3807 0.9052
-16.3248 6.2429 -1.6780 0.9322
-23.7313 7.1719 -2.3801 0.9052
-25.4688 6.7098 -2.5286 0.8996
-25.7459 5.8036 -2.5338 0.8994
-26.0870 3.9411 -2.5329 0.8994
-26.2064 3.0020 -2.5324 0.8994
-26.2916 2.0594 -2.5319 0.8994
-26.3426 1.1146 -2.5313 0.8995
-26.3591 0.1687 -2.5307 0.8995
-26.2891 -1.7210 -2.5293 0.8995
-26.2028 -2.6623 -2.5286 0.8996
-25.2644 -7.2836 -2.5243 0.8997
-24.9774 -8.1823 -2.5233 0.8998
-24.3072 -9.9445 -2.5214 0.8998
-23.9249 -10.8057 -2.5203 0.8999
-21.5800 -10.6948 -2.3123 0.9078
-20.1375 -10.8967 -2.1982 0.9121
-18.9011 -11.1223 -2.1055 0.9156
-19.7281 -14.6743 -2.3605 0.9059
-18.6072 -16.0358 -2.3582 0.9060
-18.0111 -16.6850 -2.3571 0.9061
-17.3923 -17.3119 -2.3559 0.9061
-16.7517 -17.9158 -2.3548 0.9061
-15.4083 -19.0518 -2.3524 0.9062
-14.7074 -19.5824 -2.3512 0.9063
-13.9951 -20.0971 -2.3512 0.9063
-12.5205 -21.0534 -2.3516 0.9063
-11.7576 -21.4898 -2.3517 0.9063
-8.5598 -22.9434 -2.3510 0.9063
-6.8893 -23.4873 -2.3499 0.9063
-5.1839 -23.9052 -2.3484 0.9064
-3.7194 -20.7145 -2.0205 0.9189
-2.5819 -24.2915 -2.3452 0.9065
0.0254 -14.4041 -1.3829 0.9438
0.5232 -13.8893 -1.3344 0.9457
0.9926 -13.4736 -1.2970 0.9472
1.4818 -13.4880 -1.3027 0.9469
1.9814 -13.5399 -1.3137 0.9465
2.4884 -13.5829 -1.3257 0.9460
3.5388 -13.6896 -1.3575 0.9448
6.9021 -23.2267 -2.3262 0.9072
5.9017 -17.5304 -1.7758 0.9284
9.3357 -22.2979 -2.3208 0.9074
10.1267 -21.9420 -2.3201 0.9075
10.9043 -21.5584 -2.3194 0.9075
8.4447 -15.3060 -1.6783 0.9322
9.0018 -15.0156 -1.6808 0.9321
13.8623 -19.7573 -2.3171 0.9076
13.2817 -17.5547 -2.1133 0.9153
14.9465 -18.3479 -2.2720 0.9093
22.1663 -12.9385 -2.4641 0.9020
23.0377 -11.3160 -2.4641 0.9020
23.4297 -10.4826 -2.4642 0.9020
24.4261 -7.9062 -2.4648 0.9020
24.6967 -7.0256 -2.4651 0.9020
25.1439 -5.2379 -2.4658 0.9019
25.5751 -2.5073 -2.4671 0.9019
25.6797 0.2551 -2.4655 0.9020
14.7437 2.2807 -1.4323 0.9418
23.5819 5.4034 -2.3226 0.9074
23.1501 7.0856 -2.3243 0.9073
22.8896 7.9146 -2.3252 0.9073
22.5997 8.7341 -2.3261 0.9072
10.7250 4.5937 -1.1201 0.9542
10.5524 4.9751 -1.1200 0.9542
21.1537 11.9020 -2.3299 0.9071
18.7309 12.3820 -2.1556 0.9137
18.6377 13.3052 -2.1985 0.9121
15.4705 12.8141 -1.9286 0.9224
14.3109 12.7465 -1.8399 0.9259
12.8506 13.2161 -1.7697 0.9286
15.7015 18.6563 -2.3410 0.9067
10.5144 13.4439 -1.6385 0.9337
9.0295 13.4290 -1.5536 0.9370
7.9314 13.8465 -1.5320 0.9379
3.8852 14.0938 -1.4035 0.9429
3.3621 14.1614 -1.3974 0.9432
2.3707 14.5675 -1.4169 0.9424
1.1905 22.1603 -2.1306 0.9147
-0.8086 14.9639 -1.4387 0.9416
-1.3558 15.0457 -1.4503 0.9411
-1.8759 14.8382 -1.4359 0.9417
-2.3744 14.5612 -1.4164 0.9424
-2.9987 14.9832 -1.4670 0.9404
-6.9631 22.1034 -2.2249 0.9111
-7.8878 22.2229 -2.2639 0.9096
-6.8757 15.6976 -1.6453 0.9335
-7.4938 15.5639 -1.6584 0.9329
-8.2453 15.6610 -1.6992 0.9313
-9.1687 15.9951 -1.7700 0.9286
-11.9847 16.5012 -1.9579 0.9213
-12.8975 16.4803 -2.0091 0.9193
-17.2849 17.7652 -2.3796 0.9052
-8.5979 7.1170 -1.0715 0.9561
-9.1313 7.0221 -1.1059 0.9548
-20.1878 14.4023 -2.3808 0.9052
-20.6924 13.6693 -2.3809 0.9051
-21.1700 12.9184 -2.3809 0.9051
-21.6199 12.1506 -2.3810 0.9051
-22.0417 11.3670 -2.3809 0.9051
-22.4346 10.5685 -2.3809 0.9052
-22.7982 9.7563 -2.3807 0.9052
-16.2715 6.2826 -1.6745 0.9323
-23.4355 8.0951 -2.3804 0.9052
-25.9179 4.9589 -2.5334 0.8994
-26.0745 4.0252 -2.5329 0.8994
-26.2854 2.1441 -2.5319 0.8994
-26.3443 -0.6921 -2.5301 0.8995
-26.2952 -1.6364 -2.5294 0.8995
-26.0946 -3.5157 -2.5278 0.8996
-25.7583 -5.3744 -2.5262 0.8997
-25.5400 -6.2928 -2.5253 0.8997
-25.0045 -8.1021 -2.5234 0.8998
-24.3400 -9.8665 -2.5214 0.8998
-23.9604 -10.7290 -2.5204 0.8999
-21.7051 -10.6699 -2.3220 0.9074
-20.2572 -10.8773 -2.2074 0.9117
-17.9170 -11.3469 -2.0361 0.9183
-17.8780 -12.2424 -2.0802 0.9166
-19.2300 -15.3042 -2.3595 0.9060
-18.6595 -15.9766 -2.3583 0.9060
-18.0655 -16.6276 -2.3572 0.9060
-15.4702 -19.0029 -2.3525 0.9062
-13.3328 -20.5459 -2.3514 0.9063
-12.5882 -21.0129 -2.3516 0.9063
-6.9651 -23.4655 -2.3500 0.9063
-3.7875 -17.1982 -1.6907 0.9317
-3.7760 -20.6474 -2.0151 0.9191
-3.5315 -24.1850 -2.3465 0.9065
-1.7863 -24.3509 -2.3441 0.9065
-0.0210 -14.4615 -1.3884 0.9435
0.4801 -13.9379 -1.3389 0.9455
0.9512 -13.5052 -1.2998 0.9470
2.4441 -13.5873 -1.3254 0.9460
2.9611 -13.6342 -1.3395 0.9455
6.8278 -23.2507 -2.3264 0.9072
5.8500 -17.5635 -1.7773 0.9283
9.2642 -22.3285 -2.3208 0.9074
10.0563 -21.9751 -2.3201 0.9075
9.5099 -14.7484 -1.6848 0.9319
13.7989 -19.8022 -2.3172 0.9076
13.2307 -17.6048 -2.1142 0.9153
14.9333 -18.4527 -2.2790 0.9090
16.4776 -17.6117 -2.3155 0.9076
17.6090 -17.5166 -2.3845 0.9050
18.8140 -17.4178 -2.4614 0.9021
20.0393 -16.0436 -2.4645 0.9020
21.6438 -13.7954 -2.4641 0.9020
23.0010 -11.3900 -2.4641 0.9020
24.4002 -7.9847 -2.4648 0.9020
24.6737 -7.1049 -2.4650 0.9020
25.3054 -4.4146 -2.4661 0.9019
24.1333 1.0287 -2.3190 0.9075
24.0110 2.7582 -2.3203 0.9074
14.7594 2.2345 -1.4331 0.9418
23.7664 4.4757 -2.3218 0.9074
23.5984 5.3273 -2.3226 0.9074
22.6269 8.6610 -2.3260 0.9072
21.5918 11.0556 -2.3288 0.9071
21.1903 11.8283 -2.3298 0.9071
19.8455 12.0312 -2.2281 0.9110
18.8432 12.3693 -2.1640 0.9134
15.5569 12.8015 -1.9342 0.9222
14.3921 12.7360 -1.8450 0.9257
13.7135 13.0421 -1.8169 0.9268
12.9943 14.2679 -1.8527 0.9254
15.7608 18.6048 -2.3409 0.9067
9.8905 13.5349 -1.6094 0.9349
8.4527 13.5036 -1.5294 0.9380
7.9872 13.8404 -1.5341 0.9378
7.3737 13.9074 -1.5112 0.9387
7.3434 15.1390 -1.6154 0.9346
8.1282 20.3586 -2.1045 0.9157
7.6397 21.3270 -2.1749 0.9130
3.4089 14.1554 -1.3978 0.9432
2.8894 14.2225 -1.3933 0.9433
0.4645 22.1110 -2.1232 0.9150
-0.7599 14.9566 -1.4378 0.9416
-1.3064 15.0383 -1.4492 0.9411
-2.3440 14.6719 -1.4264 0.9420
-6.0497 22.1974 -2.2088 0.9117
-6.8817 22.0929 -2.2215 0.9112
-6.8115 15.6883 -1.6420 0.9336
-7.4281 15.5555 -1.6549 0.9331
-13.0067 21.0647 -2.3768 0.9053
-11.9762 16.6016 -1.9653 0.9210
-12.8013 16.4663 -2.0024 0.9196
-13.6917 16.3646 -2.0484 0.9178
-15.0703 16.7523 -2.1633 0.9134
-8.5767 7.1462 -1.0718 0.9561
-9.0616 7.0150 -1.1002 0.9550
-20.6482 13.7358 -2.3809 0.9052
-22.4006 10.6407 -2.3809 0.9052
-16.2498 6.3344 -1.6744 0.9323
-23.6851 7.3247 -2.3801 0.9052
-25.7087 5.9694 -2.5338 0.8994
-26.0619 4.1091 -2.5330 0.8994
-26.1875 3.1708 -2.5325 0.8994
-26.3360 1.2842 -2.5314 0.8995
-26.3587 0.3384 -2.5308 0.8995
-26.3470 -0.6074 -2.5301 0.8995
-26.3010 -1.5518 -2.5294 0.8995
-26.1064 -3.4318 -2.5279 0.8996
-25.7763 -5.2916 -2.5263 0.8997
-25.0313 -8.0219 -2.5235 0.8998
-24.3725 -9.7885 -2.5215 0.8998
-21.8313 -10.6449 -2.3318 0.9070
-20.3829 -10.8605 -2.2173 0.9114
-18.9672 -10.9974 -2.1049 0.9157
-17.9604 -11.2936 -2.0368 0.9183
-18.1197 -16.5701 -2.3573 0.9060
-17.5049 -17.2011 -2.3561 0.9061
-16.2102 -18.3937 -2.3538 0.9062
-14.1238 -20.0060 -2.3511 0.9063
-12.6557 -20.9721 -2.3516 0.9063
-10.1857 -19.9932 -2.1542 0.9138
-6.3907 -15.1402 -1.5777 0.9361
-7.8792 -23.1815 -2.3506 0.9063
-4.3773 -16.7325 -1.6605 0.9329
-3.8397 -20.6206 -2.0137 0.9192
-3.6095 -24.1745 -2.3466 0.9065
-2.7385 -24.2766 -2.3455 0.9065
-1.8647 -24.3463 -2.3442 0.9065
-0.0679 -14.5356 -1.3955 0.9433
1.8912 -13.5308 -1.3116 0.9466
2.3980 -13.5819 -1.3241 0.9461
2.9144 -13.6305 -1.3382 0.9455
6.7535 -23.2746 -2.3266 0.9072
5.7981 -17.5967 -1.7787 0.9283
10.7658 -21.6293 -2.3195 0.9075
8.8553 -14.9892 -1.6714 0.9324
9.4582 -14.7725 -1.6840 0.9319
13.2352 -17.7293 -2.1241 0.9149
14.9201 -18.5581 -2.2861 0.9087
16.4211 -17.6649 -2.3155 0.9076
19.3986 -16.8164 -2.4647 0.9020
19.9877 -16.1082 -2.4645 0.9020
21.5994 -13.8650 -2.4641 0.9020
22.0825 -13.0809 -2.4641 0.9020
22.5377 -12.2803 -2.4641 0.9020
22.9642 -11.4640 -2.4641 0.9020
23.3616 -10.6331 -2.4642 0.9020
24.0670 -8.9316 -2.4645 0.9020
24.6505 -7.1843 -2.4650 0.9020
25.1090 -5.3996 -2.4657 0.9019
25.5574 -2.6718 -2.4670 0.9019
25.7075 0.0898 -2.4681 0.9019
14.8002 2.1920 -1.4364 0.9417
-2.7173 -19.4855 -2.3370 0.9238
0.0655 -13.1422 -1.5611 0.9484
0.5379 -13.1532 -1.5637 0.9484
1.5025 -13.2818 -1.5878 0.9476
3.0168 -13.4718 -1.6399 0.9459
6.3098 -18.5451 -2.3269 0.9241
13.7656 -15.6100 -2.4722 0.9196
14.3150 -15.1041 -2.4719 0.9196
16.3226 -12.8964 -2.4710 0.9196
17.6117 -11.0666 -2.4708 0.9196
17.9972 -10.4275 -2.4707 0.9196
19.3059 -7.7466 -2.4710 0.9196
19.8145 -6.3431 -2.4713 0.9196
20.3878 -4.1787 -2.4721 0.9196
20.5274 -3.4450 -2.4725 0.9196
20.7888 -1.2200 -2.4737 0.9195
20.8309 0.2740 -2.4746 0.9195
20.7663 1.0191 -2.4697 0.9197
19.4346 2.3594 -2.3255 0.9242
19.2252 3.7489 -2.3267 0.9241
18.9175 5.1207 -2.3280 0.9241
18.7271 5.7978 -2.3287 0.9241
18.2744 7.1302 -2.3301 0.9240
17.0895 9.6841 -2.3333 0.9239
16.7371 10.2947 -2.3341 0.9239
15.1149 12.6018 -2.3376 0.9238
14.2299 12.7567 -2.2701 0.9259
13.5549 13.0585 -2.2358 0.9270
13.0133 14.4748 -2.3121 0.9246
9.7692 13.5513 -1.9844 0.9349
8.3409 13.5178 -1.8868 0.9380
7.2375 13.8654 -1.8579 0.9389
7.2200 18.4274 -2.3509 0.9234
3.8380 14.0997 -1.7358 0.9428
3.3154 14.1673 -1.7283 0.9431
2.7965 14.2343 -1.7232 0.9432
1.0016 19.8364 -2.3593 0.9231
0.2894 19.8669 -2.3602 0.9231
-0.4237 19.8716 -2.3610 0.9231
-0.8540 14.9131 -1.7744 0.9416
-1.3997 14.9926 -1.7887 0.9411
-1.9252 14.8444 -1.7781 0.9415
-2.3988 14.4181 -1.7362 0.9428
-3.6856 15.2833 -1.8675 0.9386
-5.3620 19.1865 -2.3664 0.9229
-6.0487 18.9872 -2.3671 0.9229
-6.7279 18.7631 -2.3677 0.9228
-6.3191 15.8129 -2.0228 0.9337
-6.9395 15.7055 -2.0396 0.9332
-9.2411 16.0017 -2.1950 0.9283
-11.7864 16.1189 -2.3720 0.9227
-12.9160 15.2369 -2.3727 0.9227
-13.4562 14.7657 -2.3730 0.9227
-14.4837 13.7659 -2.3736 0.9227
-8.3827 7.4133 -1.3293 0.9559
-16.3085 11.5557 -2.3742 0.9226
-16.7132 10.9636 -2.3743 0.9226
-17.0961 10.3570 -2.3744 0.9226
-20.3184 6.1405 -2.5214 0.9181
-20.5745 5.4204 -2.5273 0.9179
-20.7533 4.6782 -2.5271 0.9179
-21.1267 2.4200 -2.5260 0.9179
-21.2393 -0.6264 -2.5240 0.9180
-21.1984 -1.3877 -2.5235 0.9180
-20.9110 -3.6547 -2.5216 0.9180
-20.7607 -4.4014 -2.5209 0.9181
-20.3799 -5.8754 -2.5194 0.9181
-19.3052 -8.7192 -2.5162 0.9182
-18.6174 -10.0742 -2.5145 0.9183
-16.9599 -12.6152 -2.5108 0.9184
-14.5862 -13.5123 -2.3618 0.9230
-13.5304 -14.4707 -2.3533 0.9233
-12.9973 -14.9408 -2.3523 0.9233
-11.3027 -16.2309 -2.3494 0.9234
-10.1014 -16.9856 -2.3475 0.9235
-8.2077 -17.9504 -2.3446 0.9236
-6.2558 -15.0911 -1.9405 0.9363
-6.8937 -18.4775 -2.3427 0.9236
-6.2238 -18.7054 -2.3417 0.9237
-4.6768 -15.9441 -1.9737 0.9353
-4.0801 -16.0168 -1.9633 0.9356
-3.4889 -16.0888 -1.9555 0.9358
-2.0787 -19.5571 -2.3362 0.9238
-1.3752 -19.6118 -2.3353 0.9239
0.0233 -13.1657 -1.5639 0.9483
0.9741 -13.2223 -1.5749 0.9480
1.4586 -13.2769 -1.5866 0.9476
1.9511 -13.3323 -1.6006 0.9472
3.4990 -13.5356 -1.6607 0.9452
6.7071 -17.7855 -2.2579 0.9263
7.5615 -18.0603 -2.3258 0.9242
8.2026 -17.7730 -2.3252 0.9242
7.8473 -15.5146 -2.0652 0.9324
8.4037 -15.2318 -2.0664 0.9323
9.5609 -14.7233 -2.0853 0.9317
12.5454 -16.5815 -2.4699 0.9197
13.1469 -16.1387 -2.4726 0.9196
13.7155 -15.6544 -2.4723 0.9196
14.2665 -15.1503 -2.4720 0.9196
14.7992 -14.6270 -2.4717 0.9196
15.8071 -13.5257 -2.4712 0.9196
17.5760 -11.1233 -2.4708 0.9196
17.9636 -10.4854 -2.4707 0.9196
18.6697 -9.1704 -2.4708 0.9196
18.9873 -8.4950 -2.4709 0.9196
20.0127 -5.6931 -2.4715 0.9196
20.3740 -4.2443 -2.4721 0.9196
20.6317 -2.7731 -2.4728 0.9196
20.8211 -0.5405 -2.4741 0.9195
20.8313 0.2069 -2.4746 0.9195
19.4417 2.2967 -2.3255 0.9242
14.7442 2.2808 -1.7722 0.9417
19.2367 3.6869 -2.3266 0.9241
18.5329 6.4081 -2.3293 0.9240
18.2968 7.0711 -2.3301 0.9240
16.7696 10.2404 -2.3340 0.9239
16.3973 10.8394 -2.3349 0.9239
16.0038 11.4250 -2.3357 0.9238
15.5895 11.9963 -2.3366 0.9238
15.1549 12.5527 -2.3375 0.9238
13.6332 13.0496 -2.2417 0.9268
12.8522 13.2177 -2.1899 0.9284
12.6965 15.0857 -2.3422 0.9236
9.8293 13.5425 -1.9877 0.9348
7.8993 13.7906 -1.8878 0.9380
7.2912 13.8593 -1.8602 0.9389
7.2790 18.4034 -2.3509 0.9234
2.8430 14.2283 -1.7235 0.9432
2.3612 14.5087 -1.7461 0.9425
1.8371 14.5679 -1.7442 0.9426
1.7756 19.7740 -2.3583 0.9231
1.0655 19.8324 -2.3592 0.9231
-0.3597 19.8722 -2.3609 0.9231
-1.3504 14.9854 -1.7873 0.9412
-2.3471 14.3935 -1.7323 0.9429
-3.6321 15.2773 -1.8653 0.9387
-5.3001 19.2031 -2.3663 0.9229
-5.9874 19.0061 -2.3670 0.9229
-6.3087 15.9356 -2.0359 0.9333
-6.8751 15.6961 -2.0355 0.9333
-8.2452 15.6608 -2.1023 0.9312
-9.1678 15.9935 -2.1898 0.9284
-11.1451 16.5642 -2.3715 0.9227
-12.3084 15.7277 -2.3723 0.9227
-14.4392 13.8124 -2.3736 0.9227
-8.5879 7.1088 -1.3243 0.9561
-16.2712 11.6081 -2.3742 0.9226
-16.6778 11.0172 -2.3743 0.9226
-17.0626 10.4120 -2.3744 0.9226
-17.7652 9.1616 -2.3743 0.9226
-18.0820 8.5181 -2.3743 0.9226
-18.3753 7.8636 -2.3742 0.9226
-20.2896 6.2031 -2.5202 0.9181
-21.1191 2.4883 -2.5260 0.9179
-21.1912 1.7286 -2.5256 0.9179
-21.2416 -0.5581 -2.5241 0.9180
-21.1372 -2.0789 -2.5229 0.9180
-21.0438 -2.8352 -2.5223 0.9180
-20.9231 -3.5875 -2.5216 0.9180
-20.6006 -5.0758 -2.5203 0.9181
-20.3993 -5.8099 -2.5195 0.9181
-19.6385 -7.9607 -2.5171 0.9182
-18.2725 -10.6734 -2.5137 0.9183
-17.8713 -11.3180 -2.5128 0.9183
-15.6200 -13.3741 -2.4426 0.9205
-14.6681 -13.5007 -2.3681 0.9228
-14.0920 -13.9368 -2.3543 0.9233
-12.4977 -15.3516 -2.3514 0.9234
-10.7626 -16.5851 -2.3485 0.9234
-10.1564 -16.9536 -2.3476 0.9235
-9.5376 -17.2999 -2.3466 0.9235
-8.9071 -17.6237 -2.3456 0.9235
-8.2657 -17.9245 -2.3447 0.9236
-4.7306 -15.9376 -1.9748 0.9352
-4.1334 -16.0103 -1.9642 0.9356
-0.0192 -13.1838 -1.5660 0.9483
1.9064 -13.3267 -1.5991 0.9472
2.4096 -13.3956 -1.6167 0.9467
2.9235 -13.4612 -1.6363 0.9460
3.4498 -13.5247 -1.6580 0.9453
6.1906 -18.5862 -2.3270 0.9241
7.5035 -18.0850 -2.3258 0.9242
8.1456 -17.7998 -2.3252 0.9242
8.7769 -17.4920 -2.3247 0.9242
10.0043 -16.8103 -2.3237 0.9242
9.4830 -14.7068 -2.0786 0.9319
13.6652 -15.6987 -2.4723 0.9196
14.2178 -15.1963 -2.4720 0.9196
15.2677 -14.1346 -2.4715 0.9196
16.2394 -13.0014 -2.4711 0.9196
18.2965 -9.8931 -2.4707 0.9196
18.6400 -9.2305 -2.4708 0.9196
18.9598 -8.5560 -2.4709 0.9196
19.5266 -7.1752 -2.4711 0.9196
19.7729 -6.4705 -2.4713 0.9196
19.9941 -5.7574 -2.4715 0.9196
20.5043 -3.5770 -2.4724 0.9196
20.7143 -2.0981 -2.4732 0.9196
20.7798 -1.3538 -2.4736 0.9195
20.8314 0.1399 -2.4745 0.9195
19.4485 2.2341 -2.3254 0.9242
19.2481 3.6248 -2.3266 0.9241
18.5529 6.3483 -2.3293 0.9241
18.3189 7.0120 -2.3300 0.9240
10.5440 4.9297 -1.3826 0.9542
16.8019 10.1860 -2.3340 0.9239
16.4316 10.7862 -2.3348 0.9239
16.0399 11.3730 -2.3357 0.9239
14.3919 12.7358 -2.2828 0.9255
13.7120 13.0407 -2.2478 0.9266
12.8567 13.1374 -2.1835 0.9286
12.9958 14.2695 -2.2926 0.9252
12.7445 15.0438 -2.3421 0.9237
10.5762 13.4335 -2.0309 0.9334
9.8896 13.5337 -1.9911 0.9347
9.0873 13.4214 -1.9253 0.9368
8.4526 13.5034 -1.8923 0.9378
7.9548 13.7843 -1.8905 0.9379
7.3450 13.8532 -1.8626 0.9388
6.6765 18.6383 -2.3517 0.9233
4.5260 14.2226 -1.7729 0.9417
3.9917 14.3005 -1.7636 0.9419
2.8894 14.2223 -1.7239 0.9432
2.4083 14.5034 -1.7464 0.9425
1.8841 14.5626 -1.7442 0.9426
1.1292 19.8282 -2.3591 0.9231
-0.2957 19.8727 -2.3609 0.9231
-0.7570 14.8990 -1.7721 0.9417
-1.3012 14.9782 -1.7859 0.9412
-5.9260 19.0248 -2.3670 0.9229
-6.2981 16.0598 -2.0491 0.9329
-6.8109 15.6868 -2.0314 0.9334
-8.1763 15.6519 -2.0976 0.9313
-9.0948 15.9853 -2.1846 0.9286
-11.6821 16.1939 -2.3719 0.9227
-12.8173 15.3194 -2.3726 0.9227
-13.3605 14.8517 -2.3730 0.9227
-8.4530 7.5731 -1.3481 0.9553
-9.0570 7.0115 -1.3606 0.9549
-16.6422 11.0709 -2.3743 0.9226
-17.0290 10.4669 -2.3744 0.9226
-17.3937 9.8492 -2.3744 0.9226
-17.7357 9.2187 -2.3744 0.9226
-18.0545 8.5763 -2.3743 0.9226
-18.3499 7.9227 -2.3742 0.9226
-18.8685 6.5857 -2.3739 0.9227
-20.8798 4.0647 -2.5268 0.9179
-21.0093 3.3125 -2.5264 0.9179
-21.1113 2.5561 -2.5260 0.9179
-21.2328 1.0354 -2.5252 0.9179
-20.7897 -4.2679 -2.5210 0.9181
-20.6174 -5.0096 -2.5203 0.9181
-20.1931 -6.4714 -2.5188 0.9181
-19.9417 -7.1894 -2.5180 0.9182
-19.6646 -7.8977 -2.5172 0.9182
-18.6831 -9.9547 -2.5147 0.9183
-18.3074 -10.6148 -2.5138 0.9183
-17.9082 -11.2608 -2.5129 0.9183
-16.5447 -13.0803 -2.5053 0.9186
-14.7512 -13.4897 -2.3744 0.9226
-12.5475 -15.3119 -2.3515 0.9234
-11.4078 -16.1590 -2.3496 0.9234
-10.2113 -16.9214 -2.3477 0.9235
-8.3237 -17.8984 -2.3447 0.9236
-6.3530 -15.0508 -1.9406 0.9363
-7.0130 -18.4342 -2.3428 0.9236
-6.3445 -18.6663 -2.3419 0.9237
-4.7845 -15.9310 -1.9759 0.9352
-3.5946 -16.0759 -1.9567 0.9358
-2.9056 -19.4604 -2.3372 0.9238
0.8876 -13.2081 -1.5725 0.9481
1.8620 -13.3217 -1.5978 0.9473
2.8769 -13.4552 -1.6344 0.9461
3.4011 -13.5154 -1.6555 0.9454
5.4609 -18.8198 -2.3277 0.9241
6.1309 -18.6065 -2.3271 0.9241
7.4454 -18.1094 -2.3259 0.9242
8.0884 -17.8262 -2.3253 0.9242
8.7207 -17.5205 -2.3247 0.9242
8.3451 -15.3585 -2.0763 0.9320
9.5195 -14.8682 -2.0971 0.9314
11.5785 -16.7303 -2.4168 0.9213
12.4315 -16.6527 -2.4685 0.9197
13.0430 -16.2234 -2.4727 0.9196
15.2222 -14.1838 -2.4715 0.9196
16.1976 -13.0537 -2.4711 0.9196
17.5041 -11.2362 -2.4708 0.9196
17.8958 -10.6008 -2.4707 0.9196
18.2646 -9.9520 -2.4707 0.9196
18.6102 -9.2904 -2.4708 0.9196
18.9321 -8.6170 -2.4708 0.9196
19.2299 -7.9326 -2.4710 0.9196
19.5033 -7.2379 -2.4711 0.9196
19.9753 -5.8217 -2.4715 0.9196
20.3458 -4.3753 -2.4720 0.9196
20.7071 -2.1647 -2.4731 0.9196
20.8165 -0.6745 -2.4740 0.9195
20.8314 0.0728 -2.4745 0.9195
19.4552 2.1714 -2.3254 0.9242
19.2591 3.5628 -2.3265 0.9241
19.1241 4.2526 -2.3272 0.9241
18.9646 4.9374 -2.3278 0.9241
-0.4116 -13.3163 -1.8877 0.9476
0.0662 -13.2884 -1.8828 0.9477
0.5372 -13.1361 -1.8628 0.9483
1.0159 -13.2089 -1.8771 0.9479
1.5021 -13.2785 -1.8934 0.9474
1.9967 -13.3444 -1.9118 0.9469
2.5017 -13.4115 -1.9330 0.9464
3.0222 -13.4962 -1.9596 0.9457
3.5475 -13.5432 -1.9837 0.9450
4.7693 -15.8623 -2.3469 0.9353
5.4234 -15.9397 -2.3856 0.9342
6.1000 -16.0193 -2.4288 0.9331
6.7923 -16.0776 -2.4730 0.9319
7.9476 -15.5881 -2.4792 0.9318
8.5002 -15.2901 -2.4787 0.9318
9.5716 -14.6363 -2.4779 0.9318
10.0890 -14.2813 -2.4775 0.9318
10.5934 -13.9082 -2.4772 0.9318
11.0842 -13.5175 -2.4769 0.9318
11.5606 -13.1096 -2.4766 0.9318
12.0223 -12.6850 -2.4763 0.9318
13.3124 -11.3170 -2.4757 0.9318
14.4494 -9.8198 -2.4754 0.9319
14.7921 -9.2949 -2.4753 0.9319
15.4205 -8.2102 -2.4753 0.9319
15.7054 -7.6518 -2.4753 0.9319
16.4387 -5.9207 -2.4756 0.9318
16.8233 -4.7273 -2.4760 0.9318
17.1222 -3.5094 -2.4765 0.9318
17.2391 -2.8931 -2.4767 0.9318
17.3339 -2.2731 -2.4771 0.9318
17.4067 -1.6499 -2.4774 0.9318
17.4573 -1.0245 -2.4778 0.9318
17.4855 -0.3976 -2.4782 0.9318
17.4915 0.2301 -2.4786 0.9318
17.3952 1.4808 -2.4736 0.9319
14.7484 2.3301 -2.1156 0.9415
16.1401 3.1473 -2.3300 0.9357
15.8804 4.2986 -2.3310 0.9357
10.6633 4.6079 -1.6459 0.9542
14.6187 7.6044 -2.3348 0.9356
14.0441 8.6382 -2.3362 0.9356
13.7293 9.1394 -2.3369 0.9355
13.0468 10.1067 -2.3384 0.9355
12.2964 11.0234 -2.3399 0.9355
11.4819 11.8847 -2.3414 0.9354
11.0518 12.2931 -2.3422 0.9354
10.6073 12.6860 -2.3430 0.9354
10.1488 13.0629 -2.3438 0.9354
9.6769 13.4232 -2.3446 0.9353
7.8433 13.7956 -2.2485 0.9379
7.2368 13.8641 -2.2159 0.9388
6.5992 15.2123 -2.3495 0.9352
6.0513 15.4446 -2.3503 0.9352
4.9686 14.1569 -2.1258 0.9412
4.4293 14.2355 -2.1124 0.9415
3.3153 14.1671 -2.0616 0.9429
2.3139 14.5129 -2.0823 0.9424
1.4342 16.5699 -2.3566 0.9350
0.8390 16.6159 -2.3573 0.9350
-1.3996 14.9913 -2.1334 0.9410
-2.3989 14.4192 -2.0711 0.9427
-3.0502 14.9895 -2.1674 0.9401
-3.6852 15.2820 -2.2274 0.9385
-4.4893 16.0636 -2.3633 0.9348
-6.7471 15.2701 -2.3654 0.9348
-7.8279 14.7527 -2.3663 0.9348
-9.8643 13.4902 -2.3679 0.9347
-10.8090 12.7514 -2.3685 0.9347
-11.2609 12.3568 -2.3688 0.9347
-11.6981 11.9460 -2.3690 0.9347
-12.1203 11.5197 -2.3692 0.9347
-8.3636 7.3965 -1.5820 0.9559
-8.5989 7.0714 -1.5774 0.9560
-9.1924 7.0221 -1.6390 0.9543
-13.9853 9.1741 -2.3699 0.9347
-14.6074 8.1477 -2.3699 0.9347
-15.1536 7.0791 -2.3698 0.9347
-15.3973 6.5306 -2.3697 0.9347
-15.6209 5.9737 -2.3696 0.9347
-16.8063 5.7448 -2.5166 0.9308
-17.0450 5.1512 -2.5230 0.9306
-17.3673 3.9149 -2.5225 0.9306
-17.4947 3.2890 -2.5222 0.9306
-17.5993 2.6588 -2.5219 0.9306
-17.7398 1.3896 -2.5212 0.9306
-17.7776 -0.5243 -2.5200 0.9307
-17.7440 -1.1616 -2.5195 0.9307
-17.6874 -1.7971 -2.5190 0.9307
-17.6078 -2.4300 -2.5185 0.9307
-17.2330 -4.3050 -2.5168 0.9308
-16.8715 -5.5269 -2.5155 0.9308
-15.8899 -7.8748 -2.5128 0.9309
-15.2753 -8.9887 -2.5113 0.9309
-14.2077 -10.5681 -2.5089 0.9310
-13.4047 -11.5523 -2.5073 0.9310
-12.9773 -12.0218 -2.5065 0.9310
-12.0737 -12.9128 -2.5048 0.9311
-11.5987 -13.3331 -2.5039 0.9311
-10.4895 -13.9664 -2.4749 0.9319
-9.1116 -14.1404 -2.3835 0.9343
-7.9492 -14.5291 -2.3466 0.9353
-5.7811 -15.4954 -2.3434 0.9354
-2.8854 -16.0698 -2.3133 0.9362
-2.3323 -16.3401 -2.3387 0.9355
-1.7440 -16.4080 -2.3379 0.9355
-1.1538 -16.4549 -2.3372 0.9355
0.9728 -13.2046 -1.8760 0.9479
1.4582 -13.2726 -1.8919 0.9475
4.7116 -15.8555 -2.3436 0.9354
5.3638 -15.9327 -2.3820 0.9343
6.0383 -16.0120 -2.4247 0.9332
7.3259 -15.8735 -2.4771 0.9318
8.9936 -15.0020 -2.4783 0.9318
10.0431 -14.3139 -2.4775 0.9318
10.5487 -13.9424 -2.4772 0.9318
11.0407 -13.5532 -2.4769 0.9318
11.5185 -13.1469 -2.4766 0.9318
12.4291 -12.2845 -2.4761 0.9318
13.2760 -11.3599 -2.4757 0.9318
14.0550 -10.3775 -2.4755 0.9319
14.7621 -9.3424 -2.4753 0.9319
15.3940 -8.2597 -2.4753 0.9319
15.6807 -7.7023 -2.4753 0.9319
16.1937 -6.5584 -2.4755 0.9318
16.8079 -4.7814 -2.4760 0.9318
17.2295 -2.9486 -2.4767 0.9318
17.3263 -2.3288 -2.4770 0.9318
17.4839 -0.4538 -2.4781 0.9318
17.4919 0.1738 -2.4785 0.9318
17.4059 1.4253 -2.4745 0.9319
16.1499 3.0952 -2.3299 0.9357
16.0321 3.6735 -2.3304 0.9357
15.8938 4.2473 -2.3310 0.9357
11.9201 3.6484 -1.7663 0.9509
15.3571 5.9351 -2.3328 0.9356
10.6973 4.5818 -1.6489 0.9541
10.5468 4.9724 -1.6521 0.9540
14.6427 7.5571 -2.3347 0.9356
14.3664 8.0800 -2.3354 0.9356
14.0714 8.5928 -2.3361 0.9356
13.7583 9.0949 -2.3368 0.9355
13.4273 9.5856 -2.3376 0.9355
12.7135 10.5305 -2.3390 0.9355
12.3315 10.9834 -2.3398 0.9355
11.5197 11.8473 -2.3414 0.9354
11.0910 12.2571 -2.3421 0.9354
10.6477 12.6514 -2.3429 0.9354
10.1904 13.0297 -2.3437 0.9354
9.0293 13.4287 -2.2928 0.9367
8.3966 13.5104 -2.2539 0.9378
7.2905 13.8581 -2.2187 0.9387
7.1862 14.9371 -2.3486 0.9352
6.1008 15.4245 -2.3502 0.9352
5.5453 15.6388 -2.3510 0.9352
4.4774 14.2285 -2.1135 0.9415
3.8851 14.0935 -2.0714 0.9426
3.3620 14.1611 -2.0622 0.9429
1.4875 16.5647 -2.3565 0.9350
-1.8758 14.8378 -2.1191 0.9414
-2.3472 14.3941 -2.0664 0.9428
-5.0126 15.9119 -2.3638 0.9348
-5.5816 15.7255 -2.3643 0.9348
-6.1436 15.5186 -2.3649 0.9348
-6.6978 15.2914 -2.3654 0.9348
-7.2436 15.0443 -2.3658 0.9348
-8.3069 14.4916 -2.3667 0.9347
-8.8230 14.1867 -2.3671 0.9347
-9.8206 13.5217 -2.3679 0.9347
-10.7678 12.7860 -2.3685 0.9347
-11.2209 12.3929 -2.3688 0.9347
-12.0831 11.5585 -2.3692 0.9347
-8.3894 7.4676 -1.5914 0.9556
-9.1221 7.0150 -1.6305 0.9546
-13.9556 9.2190 -2.3699 0.9347
-14.8656 7.6662 -2.3699 0.9347
-15.1307 7.1278 -2.3698 0.9347
-16.7816 5.7967 -2.5156 0.9308
-17.3548 3.9709 -2.5225 0.9306
-17.4842 3.3453 -2.5223 0.9306
-17.6747 2.0824 -2.5216 0.9306
-17.7355 1.4467 -2.5213 0.9306
-17.7479 -1.1045 -2.5196 0.9307
-17.6934 -1.7402 -2.5191 0.9307
-17.2472 -4.2496 -2.5168 0.9308
-16.6780 -6.0735 -2.5149 0.9308
-16.4449 -6.6662 -2.5142 0.9308
-15.3045 -8.9397 -2.5113 0.9309
-14.9694 -9.4802 -2.5106 0.9309
-14.6151 -10.0080 -2.5098 0.9309
-14.2421 -10.5226 -2.5090 0.9310
-13.8510 -11.0233 -2.5082 0.9310
-13.0163 -11.9803 -2.5065 0.9310
-12.5739 -12.4355 -2.5057 0.9310
-12.1156 -12.8742 -2.5049 0.9311
-10.5539 -13.9583 -2.4794 0.9317
-9.8492 -14.0469 -2.4308 0.9330
-9.1716 -14.1334 -2.3872 0.9342
-8.5175 -14.2179 -2.3483 0.9352
-7.9962 -14.5039 -2.3467 0.9353
-7.4680 -14.7763 -2.3459 0.9353
-6.9307 -15.0295 -2.3450 0.9353
-6.2769 -15.0052 -2.3046 0.9364
-5.2703 -15.6711 -2.3426 0.9354
-4.7031 -15.8447 -2.3418 0.9354
-3.5219 -15.9923 -2.3202 0.9360
-2.9377 -16.0634 -2.3138 0.9362
-1.7968 -16.4028 -2.3380 0.9355
-0.5060 -13.5449 -1.9205 0.9467
-0.0190 -13.0599 -1.8505 0.9486
0.4526 -13.1398 -1.8629 0.9483
1.4143 -13.2667 -1.8904 0.9475
1.9073 -13.3325 -1.9083 0.9470
4.6541 -15.8486 -2.3404 0.9354
5.3044 -15.9257 -2.3784 0.9344
7.2736 -15.8943 -2.4767 0.9318
8.4019 -15.3450 -2.4788 0.9318
8.9454 -15.0311 -2.4784 0.9318
9.4774 -14.6981 -2.4780 0.9318
9.9971 -14.3464 -2.4776 0.9318
10.5039 -13.9765 -2.4772 0.9318
10.9972 -13.5889 -2.4769 0.9318
11.4762 -13.1840 -2.4766 0.9318
12.3896 -12.3246 -2.4761 0.9318
12.8227 -11.8711 -2.4759 0.9318
13.2394 -11.4026 -2.4757 0.9318
13.6392 -10.9196 -2.4756 0.9318
14.7320 -9.3899 -2.4753 0.9319
16.4000 -6.0263 -2.4756 0.9318
16.6067 -5.4344 -2.4758 0.9318
16.7923 -4.8354 -2.4760 0.9318
16.9564 -4.2302 -2.4762 0.9318
17.0990 -3.6195 -2.4764 0.9318
17.3185 -2.3846 -2.4770 0.9318
17.4498 -1.1368 -2.4777 0.9318
17.4821 -0.5101 -2.4781 0.9318
17.4921 0.1174 -2.4785 0.9318
17.4797 0.7451 -2.4789 0.9318
17.4164 1.3697 -2.4753 0.9319
16.3291 1.8757 -2.3289 0.9358
15.7501 4.7652 -2.3315 0.9357
11.9380 4.0849 -1.7878 0.9503
15.3758 5.8855 -2.3327 0.9357
10.7315 4.5556 -1.6519 0.9540
10.5412 4.9284 -1.6488 0.9541
14.6666 7.5097 -2.3347 0.9356
13.4577 9.5421 -2.3375 0.9355
12.7469 10.4892 -2.3390 0.9355
12.3664 10.9434 -2.3397 0.9355
11.9697 11.3837 -2.3405 0.9354
11.5575 11.8098 -2.3413 0.9354
10.6881 12.6167 -2.3429 0.9354
6.6966 15.1686 -2.3493 0.9352
6.1502 15.4044 -2.3502 0.9352
5.5955 15.6204 -2.3510 0.9352
4.5256 14.2215 -2.1146 0.9415
3.4088 14.1550 -2.0629 0.9429
2.8894 14.2221 -2.0563 0.9431
1.8839 14.5614 -2.0804 0.9424
1.5407 16.5594 -2.3564 0.9350
0.9459 16.6092 -2.3572 0.9350
0.3495 16.6376 -2.3579 0.9350
-0.2477 16.6445 -2.3586 0.9350
-2.9472 14.9762 -2.1627 0.9402
-4.3856 16.0915 -2.3631 0.9348
-7.1950 15.0673 -2.3658 0.9348
-7.7325 14.8023 -2.3663 0.9348
-8.7771 14.2148 -2.3671 0.9347
-9.7770 13.5530 -2.3678 0.9347
-10.2583 13.1954 -2.3682 0.9347
-10.7265 12.8205 -2.3685 0.9347
-11.1809 12.4288 -2.3687 0.9347
-11.6208 12.0209 -2.3690 0.9347
-8.4245 7.5476 -1.6026 0.9553
-8.5568 7.1296 -1.5781 0.9560
-9.0525 7.0079 -1.6221 0.9548
-13.5841 9.7573 -2.3698 0.9347
-13.9259 9.2639 -2.3699 0.9347
-14.2495 8.7584 -2.3699 0.9347
-14.8409 7.7141 -2.3699 0.9347
-13.9082 6.0049 -2.1465 0.9406
-17.0117 5.2609 -2.5230 0.9306
-17.3421 4.0268 -2.5226 0.9306
-17.5823 2.7722 -2.5220 0.9306
-17.6681 2.1393 -2.5217 0.9306
-17.7310 1.5038 -2.5213 0.9306
-17.7875 0.2284 -2.5205 0.9307
-17.6992 -1.6832 -2.5191 0.9307
-17.6238 -2.3167 -2.5186 0.9307
-17.5255 -2.9469 -2.5180 0.9307
-17.4046 -3.5730 -2.5175 0.9307
-17.2611 -4.1941 -2.5169 0.9308
-17.0954 -4.8095 -2.5163 0.9308
-16.6979 -6.0199 -2.5150 0.9308
-16.2143 -7.1979 -2.5136 0.9308
-15.6474 -8.3373 -2.5121 0.9309
-15.3336 -8.8906 -2.5114 0.9309
-15.0002 -9.4322 -2.5106 0.9309
-13.8868 -10.9790 -2.5083 0.9310
-13.0552 -11.9387 -2.5066 0.9310
-12.6142 -12.3953 -2.5058 0.9310
-9.9112 -14.0391 -2.4349 0.9329
-9.2317 -14.1263 -2.3911 0.9341
-8.0431 -14.4785 -2.3467 0.9353
-7.5158 -14.7527 -2.3459 0.9353
-5.3208 -15.6545 -2.3427 0.9354
-4.1632 -15.9142 -2.3307 0.9357
-3.5745 -15.9858 -2.3210 0.9360
-2.4376 -16.3257 -2.3388 0.9355
-1.8497 -16.3974 -2.3381 0.9355
-1.2598 -16.4480 -2.3373 0.9355
-0.5578 -13.7465 -1.9493 0.9459
-0.0611 -13.0688 -1.8517 0.9486
0.8868 -13.1958 -1.8739 0.9480
1.8627 -13.3265 -1.9066 0.9471
2.3648 -13.3937 -1.9271 0.9465
3.3986 -13.5053 -1.9732 0.9453
5.9156 -15.9976 -2.4167 0.9334
6.6106 -16.0789 -2.4632 0.9322
8.3526 -15.3723 -2.4788 0.9318
9.4302 -14.7287 -2.4780 0.9318
9.9510 -14.3787 -2.4776 0.9318
10.9535 -13.6243 -2.4769 0.9318
11.4339 -13.2210 -2.4766 0.9318
12.3500 -12.3645 -2.4761 0.9318
13.6041 -10.9636 -2.4756 0.9318
13.9880 -10.4679 -2.4755 0.9319
14.3540 -9.9590 -2.4754 0.9319
14.7017 -9.4373 -2.4753 0.9319
15.0307 -8.9037 -2.4753 0.9319
15.9010 -7.2374 -2.4754 0.9319
16.1510 -6.6625 -2.4755 0.9319
16.5890 -5.4878 -2.4758 0.9318
16.9426 -4.2847 -2.4762 0.9318
17.0870 -3.6745 -2.4764 0.9318
17.2098 -3.0594 -2.4767 0.9318
17.3106 -2.4403 -2.4770 0.9318
17.3893 -1.8179 -2.4773 0.9318
17.4458 -1.1930 -2.4777 0.9318
17.4801 -0.5664 -2.4780 0.9318
17.4921 0.0611 -2.4785 0.9318
17.4817 0.6888 -2.4789 0.9318
16.3347 1.8232 -2.3288 0.9358
16.0547 3.5701 -2.3303 0.9357
15.9201 4.1448 -2.3309 0.9357
-1.0060 -15.0411 -2.4834 0.9407
0.0652 -13.0753 -2.1540 0.9484
1.5013 -13.2718 -2.2003 0.9473
1.9962 -13.3407 -2.2222 0.9468
2.5007 -13.4063 -2.2466 0.9462
3.5457 -13.5363 -2.3052 0.9449
4.3420 -14.4412 -2.4842 0.9407
5.3643 -14.0871 -2.4833 0.9407
5.8652 -13.8831 -2.4828 0.9407
6.3584 -13.6613 -2.4824 0.9407
7.3193 -13.1659 -2.4816 0.9408
9.5452 -11.6407 -2.4800 0.9408
10.7378 -10.5448 -2.4793 0.9408
11.4649 -9.7464 -2.4790 0.9408
11.8066 -9.3283 -2.4788 0.9408
12.1332 -8.8984 -2.4787 0.9408
12.4443 -8.4571 -2.4787 0.9408
13.2807 -7.0709 -2.4786 0.9408
13.5260 -6.5899 -2.4787 0.9408
13.9646 -5.6034 -2.4788 0.9408
14.1573 -5.0990 -2.4789 0.9408
14.6261 -3.5490 -2.4794 0.9408
14.7453 -3.0222 -2.4796 0.9408
14.8457 -2.4915 -2.4799 0.9408
14.9271 -1.9575 -2.4801 0.9408
14.9895 -1.4208 -2.4804 0.9408
15.0327 -0.8822 -2.4807 0.9408
15.0470 0.7385 -2.4818 0.9408
14.9239 1.8118 -2.4766 0.9409
13.9878 2.2099 -2.3329 0.9442
13.7925 3.2071 -2.3328 0.9442
13.6714 3.7007 -2.3333 0.9442
10.7861 3.7684 -1.8822 0.9547
10.6495 4.6019 -1.9112 0.9541
9.8045 4.6611 -1.7884 0.9569
9.9329 5.6286 -1.8808 0.9548
11.5288 8.2864 -2.3389 0.9441
9.8787 10.2252 -2.3422 0.9440
8.3241 11.5467 -2.3450 0.9439
7.9068 11.8414 -2.3456 0.9439
5.2036 13.2810 -2.3498 0.9438
4.7251 13.4631 -2.3505 0.9438
4.2403 13.6279 -2.3512 0.9438
3.7497 13.7753 -2.3519 0.9438
3.2540 13.9050 -2.3526 0.9438
2.2498 14.1105 -2.3539 0.9437
1.2328 14.2434 -2.3552 0.9437
0.7212 14.2823 -2.3558 0.9437
0.2084 14.3028 -2.3565 0.9437
-0.3050 14.3047 -2.3571 0.9436
-0.8182 14.2882 -2.3577 0.9436
-1.8416 14.1997 -2.3588 0.9436
-2.8565 14.0376 -2.3599 0.9436
-3.3590 13.9292 -2.3605 0.9436
-3.8574 13.8027 -2.3610 0.9436
-6.2648 12.9049 -2.3632 0.9435
-6.7249 12.6740 -2.3636 0.9435
-7.1764 12.4265 -2.3640 0.9435
-8.4735 11.5882 -2.3650 0.9435
-9.2848 10.9532 -2.3655 0.9435
-7.5319 8.2650 -1.8421 0.9557
-7.5853 7.7460 -1.7860 0.9570
-8.3538 7.3878 -1.8372 0.9558
-9.1877 7.0185 -1.9047 0.9542
-8.7905 6.2287 -1.7748 0.9573
-9.6186 6.3096 -1.8951 0.9544
-13.0156 6.0803 -2.3666 0.9434
-14.4733 4.9473 -2.5198 0.9399
-14.7889 3.8962 -2.5194 0.9399
-14.9179 3.3628 -2.5192 0.9399
-15.0275 2.8251 -2.5190 0.9399
-15.1176 2.2839 -2.5187 0.9399
-15.2699 0.6461 -2.5178 0.9399
-15.2811 0.0978 -2.5174 0.9399
-15.2440 -0.9979 -2.5167 0.9399
-15.0404 -2.6287 -2.5153 0.9400
-14.6619 -4.2270 -2.5138 0.9400
-14.4977 -4.7492 -2.5132 0.9400
-14.3147 -5.2651 -2.5127 0.9400
-14.1133 -5.7740 -2.5121 0.9401
-13.8937 -6.2751 -2.5115 0.9401
-13.6563 -6.7679 -2.5108 0.9401
-13.1291 -7.7258 -2.5096 0.9401
-12.8401 -8.1897 -2.5089 0.9401
-12.5347 -8.6428 -2.5082 0.9401
-12.2132 -9.0845 -2.5076 0.9402
-11.8761 -9.5142 -2.5069 0.9402
-10.7759 -10.7261 -2.5047 0.9402
-9.9732 -11.4645 -2.5033 0.9403
-8.6759 -12.4587 -2.5011 0.9403
-7.7555 -13.0410 -2.4996 0.9403
-7.2805 -13.3069 -2.4988 0.9404
-6.7964 -13.5555 -2.4981 0.9404
-4.7758 -14.3537 -2.4921 0.9405
-4.2541 -14.5031 -2.4899 0.9406
-3.7282 -14.6354 -2.4880 0.9406
-2.6661 -14.8483 -2.4852 0.9407
-2.1308 -14.9286 -2.4843 0.9407
-1.0544 -15.0378 -2.4834 0.9407
-0.4558 -13.3533 -2.2011 0.9473
0.0231 -13.0804 -2.1549 0.9484
0.4974 -13.2033 -2.1767 0.9478
1.9514 -13.3345 -2.2201 0.9468
3.4986 -13.5340 -2.3029 0.9449
4.8105 -14.2891 -2.4838 0.9407
5.3190 -14.1046 -2.4833 0.9407
6.8001 -13.4443 -2.4820 0.9408
7.2770 -13.1895 -2.4816 0.9408
8.2017 -12.6301 -2.4809 0.9408
9.5078 -11.6715 -2.4800 0.9408
9.9194 -11.3217 -2.4797 0.9408
10.7039 -10.5794 -2.4793 0.9408
11.7765 -9.3663 -2.4788 0.9408
12.1045 -8.9374 -2.4787 0.9408
13.5047 -6.6334 -2.4786 0.9408
14.1407 -5.1445 -2.4789 0.9408
14.3170 -4.6341 -2.4790 0.9408
15.0296 -0.9306 -2.4807 0.9408
15.0619 0.1496 -2.4814 0.9408
15.0491 0.6900 -2.4818 0.9408
13.9884 2.1639 -2.3318 0.9442
13.6830 3.6566 -2.3332 0.9442
11.8622 3.6307 -2.0437 0.9510
10.8683 3.7579 -1.8944 0.9545
10.6834 4.5759 -1.9146 0.9540
10.5440 4.9711 -1.9204 0.9538
9.9271 5.5832 -1.8763 0.9549
11.5551 8.2491 -2.3389 0.9441
10.9398 9.0614 -2.3402 0.9440
10.6106 9.4507 -2.3408 0.9440
9.9113 10.1931 -2.3421 0.9440
9.1601 10.8839 -2.3435 0.9440
8.3610 11.5195 -2.3449 0.9439
7.9447 11.8156 -2.3456 0.9439
7.0812 12.3622 -2.3470 0.9439
5.7170 13.0632 -2.3491 0.9438
5.2462 13.2638 -2.3498 0.9438
4.7683 13.4475 -2.3505 0.9438
3.7939 13.7628 -2.3518 0.9438
3.2987 13.8941 -2.3525 0.9438
2.7988 14.0075 -2.3532 0.9437
2.2951 14.1028 -2.3539 0.9437
1.7882 14.1801 -2.3545 0.9437
1.2786 14.2390 -2.3552 0.9437
0.7671 14.2796 -2.3558 0.9437
-0.2590 14.3053 -2.3570 0.9436
-0.7722 14.2904 -2.3576 0.9436
-1.7959 14.2053 -2.3588 0.9436
-3.3141 13.9396 -2.3604 0.9436
-3.8129 13.8148 -2.3609 0.9436
-4.7957 13.5113 -2.3619 0.9435
-5.7544 13.1375 -2.3628 0.9435
-6.2231 12.9249 -2.3632 0.9435
-6.6839 12.6954 -2.3636 0.9435
-7.1362 12.4493 -2.3639 0.9435
-8.8484 11.3065 -2.3652 0.9435
-9.2494 10.9829 -2.3655 0.9435
-7.5806 7.7913 -1.7908 0.9569
-8.3612 7.4425 -1.8440 0.9556
-8.5678 7.0922 -1.8323 0.9559
-8.7207 6.2215 -1.7648 0.9575
-9.5462 6.3062 -1.8848 0.9547
-12.5239 7.0385 -2.3667 0.9434
-12.9960 6.1222 -2.3666 0.9434
-13.2069 5.6518 -2.3665 0.9434
-14.2271 5.4932 -2.5124 0.9400
-14.6264 4.4717 -2.5196 0.9399
-14.7763 3.9438 -2.5195 0.9399
-14.9071 3.4108 -2.5192 0.9399
-15.1104 2.3326 -2.5188 0.9399
-15.1826 1.7888 -2.5185 0.9399
-15.2679 0.6952 -2.5178 0.9399
-15.2809 0.1470 -2.5175 0.9399
-15.2473 -0.9489 -2.5167 0.9399
-15.2009 -1.4951 -2.5163 0.9400
-14.8194 -3.6514 -2.5143 0.9400
-14.6757 -4.1798 -2.5138 0.9400
-13.6783 -6.7240 -2.5109 0.9401
-12.8667 -8.1485 -2.5090 0.9401
-11.5561 -9.8945 -2.5062 0.9402
-9.5909 -11.7810 -2.5026 0.9403
-8.2621 -12.7320 -2.5004 0.9403
-7.7977 -13.0163 -2.4996 0.9403
-6.8401 -13.5339 -2.4981 0.9404
-6.3483 -13.7665 -2.4974 0.9404
-5.3391 -14.1714 -2.4948 0.9405
-4.8224 -14.3394 -2.4923 0.9405
-4.3011 -14.4904 -2.4901 0.9406
-3.7755 -14.6243 -2.4882 0.9406
-3.2463 -14.7409 -2.4866 0.9406
-2.7140 -14.8402 -2.4853 0.9407
-2.1789 -14.9221 -2.4843 0.9407
-1.6417 -14.9869 -2.4837 0.9407
-1.1028 -15.0344 -2.4834 0.9407
-0.5010 -13.4109 -2.2108 0.9470
-0.0195 -13.4289 -2.2123 0.9470
3.4552 -13.5459 -2.3030 0.9449
6.2705 -13.7023 -2.4824 0.9407
6.7569 -13.4663 -2.4820 0.9407
7.2346 -13.2131 -2.4816 0.9408
8.6088 -12.3540 -2.4806 0.9408
9.0453 -12.0357 -2.4803 0.9408
9.8830 -11.3537 -2.4797 0.9408
11.0430 -10.2235 -2.4791 0.9408
12.0757 -8.9764 -2.4788 0.9408
12.3896 -8.5371 -2.4787 0.9408
12.6877 -8.0869 -2.4786 0.9408
13.2348 -7.1562 -2.4786 0.9408
13.7144 -6.1890 -2.4787 0.9408
13.9281 -5.6931 -2.4788 0.9408
14.1240 -5.1900 -2.4789 0.9408
14.4615 -4.1643 -2.4792 0.9408
14.7253 -3.1170 -2.4796 0.9408
14.9139 -2.0535 -2.4801 0.9408
14.9797 -1.5172 -2.4804 0.9408
13.6944 3.6124 -2.3332 0.9442
11.8972 3.5995 -2.0477 0.9509
9.8585 5.0479 -1.8246 0.9561
11.5813 8.2116 -2.3388 0.9441
11.2823 8.6242 -2.3395 0.9441
10.9686 9.0259 -2.3401 0.9440
10.6407 9.4163 -2.3408 0.9440
9.9438 10.1609 -2.3421 0.9440
9.5756 10.5140 -2.3428 0.9440
9.1949 10.8541 -2.3434 0.9440
8.8021 11.1802 -2.3441 0.9439
8.3978 11.4922 -2.3448 0.9439
7.9825 11.7896 -2.3455 0.9439
6.6754 12.5903 -2.3476 0.9439
6.2213 12.8256 -2.3483 0.9439
5.7588 13.0444 -2.3490 0.9438
5.2887 13.2465 -2.3497 0.9438
4.8114 13.4317 -2.3504 0.9438
3.8381 13.7502 -2.3518 0.9438
3.3433 13.8830 -2.3525 0.9438
1.3244 14.2345 -2.3551 0.9437
0.3004 14.3004 -2.3564 0.9437
-0.2129 14.3057 -2.3570 0.9436
-1.7501 14.2107 -2.3587 0.9436
-2.7659 14.0551 -2.3598 0.9436
-3.7683 13.8267 -2.3609 0.9436
-4.2629 13.6854 -2.3614 0.9435
-4.7521 13.5264 -2.3618 0.9435
-5.7120 13.1557 -2.3627 0.9435
-6.1814 12.9446 -2.3631 0.9435
-6.6429 12.7166 -2.3635 0.9435
-7.0960 12.4721 -2.3639 0.9435
-7.5400 12.2113 -2.3643 0.9435
-7.9744 11.9345 -2.3646 0.9435
-8.8119 11.3348 -2.3652 0.9435
-9.2139 11.0126 -2.3654 0.9435
-7.6034 7.3203 -1.7387 0.9581
-8.3960 7.5220 -1.8571 0.9553
-9.4676 6.2981 -1.8733 0.9549
-12.2391 7.5227 -2.3667 0.9434
-12.7470 6.6257 -2.3667 0.9434
-12.9763 6.1640 -2.3666 0.9434
-13.1887 5.6943 -2.3666 0.9434
-14.4413 5.0405 -2.5198 0.9399
-14.7637 3.9913 -2.5195 0.9399
-15.1029 2.3813 -2.5188 0.9399
-15.2312 1.2918 -2.5182 0.9399
-15.2658 0.7444 -2.5179 0.9399
-15.2805 0.1962 -2.5175 0.9399
-15.2754 -0.3521 -2.5171 0.9399
-15.1415 -1.9904 -2.5159 0.9400
-15.0575 -2.5319 -2.5154 0.9400
-14.9541 -3.0699 -2.5149 0.9400
-14.8313 -3.6037 -2.5144 0.9400
-14.1508 -5.6832 -2.5122 0.9401
-13.7002 -6.6801 -2.5110 0.9401
-13.1792 -7.6415 -2.5097 0.9401
-12.5907 -8.5623 -2.5084 0.9401
-12.2720 -9.0061 -2.5077 0.9402
-11.9377 -9.4380 -2.5070 0.9402
-11.5882 -9.8575 -2.5063 0.9402
-10.4529 -11.0361 -2.5041 0.9402
-10.0473 -11.4007 -2.5034 0.9403
-7.3664 -13.2605 -2.4990 0.9404
-6.3928 -13.7464 -2.4975 0.9404
-5.3852 -14.1555 -2.4950 0.9404
-4.8690 -14.3251 -2.4925 0.9405
-2.7618 -14.8320 -2.4854 0.9407
-2.2270 -14.9155 -2.4844 0.9407
-1.1512 -15.0309 -2.4834 0.9407
-0.5528 -13.6226 -2.2460 0.9462
-0.0611 -13.0731 -2.1537 0.9484
0.4097 -13.1202 -2.1625 0.9482
1.3698 -13.2536 -2.1950 0.9474
1.8620 -13.3220 -2.2160 0.9469
2.3637 -13.3875 -2.2396 0.9464
2.8780 -13.4604 -2.2676 0.9457
3.3986 -13.5054 -2.2942 0.9451
4.2026 -14.4833 -2.4844 0.9407
4.7185 -14.3203 -2.4839 0.9407
5.2283 -14.1390 -2.4834 0.9407
5.7311 -13.9397 -2.4829 0.9407
6.2265 -13.7227 -2.4825 0.9407
7.1921 -13.2365 -2.4817 0.9408
7.6612 -12.9680 -2.4813 0.9408
8.5690 -12.3818 -2.4806 0.9408
9.0067 -12.0649 -2.4803 0.9408
9.4327 -11.7327 -2.4800 0.9408
9.8465 -11.3855 -2.4798 0.9408
10.6357 -10.6482 -2.4793 0.9408
11.0101 -10.2591 -2.4792 0.9408
12.0468 -9.0152 -2.4788 0.9408
12.3621 -8.5769 -2.4787 0.9408
12.6616 -8.1277 -2.4786 0.9408
13.9097 -5.7379 -2.4788 0.9408
14.1072 -5.2354 -2.4789 0.9408
14.5908 -3.6900 -2.4794 0.9408
14.8205 -2.6346 -2.4798 0.9408
14.9071 -2.1015 -2.4801 0.9408
14.9746 -1.5654 -2.4803 0.9408
15.0230 -1.0273 -2.4807 0.9408
15.0522 -0.4877 -2.4810 0.9408
15.0621 0.0526 -2.4813 0.9408
14.9540 1.6691 -2.4788 0.9408
14.0016 2.0737 -2.3318 0.9442
13.9208 2.5752 -2.3322 0.9442
13.8221 3.0736 -2.3327 0.9442
13.7057 3.5683 -2.3331 0.9442
-1.8315 -13.1335 -2.4925 0.9475
-1.3588 -13.1876 -2.4919 0.9475
-0.8845 -13.2247 -2.4913 0.9475
-0.4094 -13.2448 -2.4907 0.9475
0.0660 -13.2480 -2.4901 0.9475
2.8914 -12.9117 -2.4870 0.9476
4.2596 -12.5194 -2.4856 0.9476
6.0030 -11.7739 -2.4841 0.9476
7.2305 -11.0564 -2.4831 0.9477
8.0029 -10.5072 -2.4826 0.9477
9.0832 -9.5839 -2.4819 0.9477
9.4205 -9.2512 -2.4817 0.9477
9.7458 -8.9067 -2.4816 0.9477
10.0585 -8.5508 -2.4814 0.9477
10.3584 -8.1841 -2.4813 0.9477
10.6450 -7.8069 -2.4813 0.9477
11.1769 -7.0232 -2.4812 0.9477
11.4217 -6.6176 -2.4811 0.9477
11.8670 -5.7817 -2.4812 0.9477
12.0670 -5.3523 -2.4812 0.9477
12.2517 -4.9161 -2.4813 0.9477
12.5738 -4.0252 -2.4815 0.9477
12.7108 -3.5717 -2.4817 0.9477
12.9361 -2.6514 -2.4820 0.9477
13.0240 -2.1858 -2.4822 0.9477
13.1498 -1.2464 -2.4827 0.9477
13.1875 -0.7739 -2.4830 0.9477
13.2124 0.1738 -2.4836 0.9476
13.1994 0.6478 -2.4840 0.9476
13.1696 1.1211 -2.4843 0.9476
12.0976 2.8130 -2.3345 0.9507
10.7858 3.7683 -2.1475 0.9546
9.8699 5.1342 -2.0911 0.9557
9.9367 6.1119 -2.1927 0.9536
10.1087 7.2658 -2.3399 0.9506
9.8439 7.6256 -2.3405 0.9506
9.2763 8.3159 -2.3416 0.9506
8.6604 8.9642 -2.3428 0.9505
8.3353 9.2715 -2.3434 0.9505
7.6529 9.8504 -2.3446 0.9505
7.2965 10.1213 -2.3452 0.9505
6.1716 10.8551 -2.3470 0.9504
4.9734 11.4644 -2.3489 0.9504
3.7156 11.9416 -2.3507 0.9504
3.2856 12.0703 -2.3513 0.9504
2.4128 12.2810 -2.3525 0.9503
1.9711 12.3627 -2.3531 0.9503
1.5267 12.4286 -2.3536 0.9503
1.0800 12.4783 -2.3542 0.9503
0.1825 12.5295 -2.3553 0.9503
-0.2672 12.5308 -2.3558 0.9503
-1.6131 12.4377 -2.3574 0.9502
-2.9419 12.1997 -2.3588 0.9502
-3.3784 12.0885 -2.3592 0.9502
-3.8106 11.9617 -2.3597 0.9502
-4.2380 11.8194 -2.3601 0.9502
-5.0764 11.4888 -2.3608 0.9502
-5.4861 11.3010 -2.3612 0.9502
-5.8889 11.0985 -2.3615 0.9501
-6.2841 10.8815 -2.3619 0.9501
-7.4196 10.1470 -2.3627 0.9501
-7.7797 9.8752 -2.3630 0.9501
-8.1298 9.5907 -2.3632 0.9501
-7.5317 8.2646 -2.1017 0.9555
-7.5850 7.7457 -2.0377 0.9568
-7.6352 7.2569 -1.9799 0.9580
-7.6828 6.7944 -1.9278 0.9591
-8.0249 6.1302 -1.8981 0.9597
-8.7902 6.2285 -2.0249 0.9571
-9.6255 6.3142 -2.1637 0.9542
-10.7581 6.5174 -2.3642 0.9501
-11.1977 5.7291 -2.3642 0.9501
-12.6723 4.3317 -2.5172 0.9470
-12.8189 3.8740 -2.5171 0.9470
-12.9488 3.4114 -2.5169 0.9470
-13.2372 1.9998 -2.5163 0.9470
-13.3437 1.0452 -2.5158 0.9470
-13.3711 0.5657 -2.5155 0.9470
-13.3811 0.0856 -2.5152 0.9470
-13.3072 -1.3521 -2.5141 0.9470
-13.2480 -1.8283 -2.5137 0.9470
-13.0784 -2.7727 -2.5129 0.9470
-12.8413 -3.7021 -2.5120 0.9471
-12.6977 -4.1596 -2.5115 0.9471
-12.3618 -5.0574 -2.5105 0.9471
-12.1698 -5.4965 -2.5099 0.9471
-11.9622 -5.9283 -2.5094 0.9471
-10.9812 -7.5717 -2.5071 0.9472
-10.4049 -8.3356 -2.5059 0.9472
-9.0964 -9.7286 -2.5034 0.9472
-7.9923 -10.6415 -2.5015 0.9473
-7.6034 -10.9185 -2.5008 0.9473
-7.2048 -11.1814 -2.5002 0.9473
-6.7973 -11.4297 -2.4995 0.9473
-6.3811 -11.6631 -2.4989 0.9473
-5.5255 -12.0844 -2.4976 0.9474
-4.1918 -12.5984 -2.4956 0.9474
-2.8117 -12.9660 -2.4937 0.9474
-1.8738 -13.1278 -2.4925 0.9475
-0.9271 -13.2221 -2.4913 0.9475
-0.4520 -13.2437 -2.4908 0.9475
0.0234 -13.2484 -2.4902 0.9475
0.9730 -13.2068 -2.4891 0.9475
1.4458 -13.1605 -2.4886 0.9475
1.9167 -13.0975 -2.4880 0.9476
2.3849 -13.0176 -2.4875 0.9476
2.8498 -12.9212 -2.4870 0.9476
3.7677 -12.6788 -2.4861 0.9476
5.1056 -12.1944 -2.4849 0.9476
5.9651 -11.7933 -2.4841 0.9476
6.3835 -11.5701 -2.4838 0.9476
6.7936 -11.3322 -2.4834 0.9476
7.1949 -11.0798 -2.4831 0.9477
7.5869 -10.8132 -2.4828 0.9477
7.9691 -10.5330 -2.4826 0.9477
8.3411 -10.2393 -2.4823 0.9477
9.3907 -9.2815 -2.4817 0.9477
10.3320 -8.2174 -2.4813 0.9477
10.6198 -7.8412 -2.4813 0.9477
11.4003 -6.6544 -2.4811 0.9477
12.5607 -4.0656 -2.4815 0.9477
13.1456 -1.2887 -2.4827 0.9477
13.1848 -0.8164 -2.4830 0.9477
13.2127 0.1312 -2.4836 0.9476
13.1729 1.0787 -2.4843 0.9476
12.0012 3.2071 -2.3349 0.9507
11.6571 3.5679 -2.2914 0.9516
10.8680 3.7578 -2.1614 0.9543
10.0083 3.8679 -2.0168 0.9573
9.7470 4.1748 -1.9930 0.9578
10.3824 6.8633 -2.3393 0.9506
9.8682 7.5937 -2.3404 0.9506
9.3028 8.2858 -2.3416 0.9506
8.6890 8.9361 -2.3427 0.9505
8.0299 9.5410 -2.3439 0.9505
7.6844 9.8255 -2.3445 0.9505
7.3288 10.0975 -2.3452 0.9505
6.5893 10.6025 -2.3464 0.9505
5.8151 11.0535 -2.3476 0.9504
5.4162 11.2580 -2.3482 0.9504
4.5974 11.6235 -2.3494 0.9504
3.3244 12.0594 -2.3512 0.9504
2.4523 12.2729 -2.3524 0.9503
2.0109 12.3561 -2.3530 0.9503
1.1202 12.4745 -2.3541 0.9503
-0.6764 12.5179 -2.3563 0.9503
-1.1254 12.4884 -2.3568 0.9502
-1.5730 12.4426 -2.3573 0.9502
-2.4622 12.3027 -2.3583 0.9502
-2.9026 12.2089 -2.3587 0.9502
-4.1999 11.8327 -2.3600 0.9502
-4.6225 11.6764 -2.3604 0.9502
-5.0393 11.5049 -2.3608 0.9502
-5.4496 11.3184 -2.3612 0.9502
-5.8531 11.1172 -2.3615 0.9501
-6.6370 10.6717 -2.3621 0.9501
-7.0164 10.4280 -2.3624 0.9501
-7.7478 9.9001 -2.3629 0.9501
-7.7240 6.3936 -1.8847 0.9600
-7.9836 6.1395 -1.8930 0.9598
-10.9652 6.1626 -2.3642 0.9501
-11.1792 5.7652 -2.3642 0.9501
-11.3787 5.3603 -2.3642 0.9501
-12.2772 5.2539 -2.5101 0.9471
-12.9378 3.4531 -2.5169 0.9470
-13.2308 2.0424 -2.5163 0.9470
-13.2942 1.5663 -2.5161 0.9470
-13.3751 -0.3514 -2.5149 0.9470
-13.3520 -0.8309 -2.5145 0.9470
-13.3117 -1.3092 -2.5141 0.9470
-13.1793 -2.2597 -2.5133 0.9470
-12.9788 -3.1979 -2.5125 0.9470
-11.9815 -5.8899 -2.5095 0.9471
-11.7599 -6.3146 -2.5089 0.9471
-11.2717 -7.1384 -2.5078 0.9471
-10.4319 -8.3023 -2.5060 0.9472
-9.4724 -9.3681 -2.5041 0.9472
-8.7718 -10.0182 -2.5028 0.9472
-7.6386 -10.8942 -2.5009 0.9473
-7.2410 -11.1584 -2.5002 0.9473
-6.8342 -11.4080 -2.4996 0.9473
-5.9954 -11.8625 -2.4983 0.9473
-5.5645 -12.0668 -2.4976 0.9474
-5.1266 -12.2555 -2.4970 0.9474
-3.7772 -12.7256 -2.4951 0.9474
-3.3174 -12.8497 -2.4944 0.9474
-1.9161 -13.1220 -2.4926 0.9475
-1.4437 -13.1791 -2.4920 0.9475
-0.9697 -13.2193 -2.4914 0.9475
-0.0192 -13.2487 -2.4902 0.9475
0.4560 -13.2379 -2.4897 0.9475
0.9304 -13.2101 -2.4891 0.9475
4.1791 -12.5470 -2.4857 0.9476
5.0664 -12.2109 -2.4849 0.9476
5.5004 -12.0195 -2.4845 0.9476
5.9272 -11.8126 -2.4841 0.9476
6.3463 -11.5907 -2.4838 0.9476
6.7572 -11.3541 -2.4835 0.9476
7.1593 -11.1030 -2.4832 0.9477
7.5522 -10.8377 -2.4829 0.9477
10.0033 -8.6155 -2.4815 0.9477
10.3055 -8.2507 -2.4814 0.9477
10.8700 -7.4900 -2.4812 0.9477
11.8295 -5.8579 -2.4812 0.9477
12.0323 -5.4298 -2.4812 0.9477
12.2197 -4.9948 -2.4813 0.9477
12.3915 -4.5533 -2.4814 0.9477
12.5475 -4.1060 -2.4815 0.9477
12.6875 -3.6534 -2.4816 0.9477
12.9186 -2.7346 -2.4820 0.9477
13.1413 -1.3310 -2.4827 0.9477
13.2129 0.0887 -2.4836 0.9476
13.2030 0.5628 -2.4839 0.9476
13.0471 1.9753 -2.4803 0.9477
12.0113 3.1684 -2.3349 0.9507
9.7420 4.1356 -1.9893 0.9578
9.7991 4.5814 -2.0332 0.9569
9.8589 5.0480 -2.0819 0.9559
9.9755 6.0475 -2.1926 0.9536
10.4042 6.8296 -2.3393 0.9506
8.0604 9.5149 -2.3439 0.9505
7.3612 10.0736 -2.3451 0.9505
6.9968 10.3339 -2.3457 0.9505
6.2410 10.8147 -2.3469 0.9504
5.8505 11.0345 -2.3475 0.9504
5.0468 11.4316 -2.3488 0.9504
3.3631 12.0484 -2.3512 0.9504
2.9294 12.1644 -2.3518 0.9504
2.4917 12.2647 -2.3524 0.9503
1.6066 12.4179 -2.3535 0.9503
0.7123 12.5071 -2.3547 0.9503
-0.1865 12.5318 -2.3557 0.9503
-1.5329 12.4473 -2.3573 0.9502
-1.9790 12.3869 -2.3578 0.9502
-2.4226 12.3104 -2.3582 0.9502
-2.8632 12.2179 -2.3587 0.9502
-4.5848 11.6911 -2.3604 0.9502
-5.0021 11.5209 -2.3608 0.9502
-5.4131 11.3357 -2.3611 0.9502
-7.3540 10.1943 -2.3627 0.9501
-7.7158 9.9249 -2.3629 0.9501
-8.0677 9.6427 -2.3631 0.9501
-7.5757 7.8365 -2.0487 0.9566
-7.9319 6.1405 -1.8854 0.9600
-8.6516 6.2143 -2.0022 0.9576
-9.4673 6.2979 -2.1373 0.9548
-10.1709 6.2516 -2.2440 0.9526
-11.1606 5.8011 -2.3642 0.9501
-12.4766 4.8636 -2.5170 0.9470
-12.6443 4.4132 -2.5172 0.9470
-13.0429 3.0285 -2.5168 0.9470
-13.1421 2.5584 -2.5166 0.9470
-13.2242 2.0850 -2.5163 0.9470
-13.3370 1.1311 -2.5158 0.9470
-13.3674 0.6518 -2.5155 0.9470
-13.3764 -0.3084 -2.5149 0.9470
-13.2599 -1.7431 -2.5138 0.9470
-13.0964 -2.6885 -2.5130 0.9470
-12.3946 -4.9779 -2.5106 0.9471
-12.2054 -5.4183 -2.5100 0.9471
-12.0006 -5.8514 -2.5095 0.9471
-11.7804 -6.2768 -2.5089 0.9471
-10.7514 -7.8902 -2.5066 0.9472
-9.8341 -8.9931 -2.5048 0.9472
-9.5027 -9.3378 -2.5042 0.9472
-9.1593 -9.6703 -2.5035 0.9472
-8.8042 -9.9901 -2.5029 0.9472
-8.4379 -10.2969 -2.5022 0.9473
-8.0610 -10.5903 -2.5016 0.9473
-7.6738 -10.8698 -2.5009 0.9473
-6.4564 -11.6223 -2.4990 0.9473
-5.6034 -12.0491 -2.4977 0.9474
-5.1662 -12.2392 -2.4970 0.9474
-4.7225 -12.4135 -2.4964 0.9474
-3.3588 -12.8392 -2.4945 0.9474
-2.8953 -12.9482 -2.4939 0.9474
-2.4282 -13.0405 -2.4932 0.9474
-1.9583 -13.1160 -2.4926 0.9475
-1.4861 -13.1747 -2.4920 0.9475
0.4103 -13.1389 -2.4708 0.9479
1.8324 -13.1100 -2.4881 0.9475
2.3011 -13.0332 -2.4876 0.9476
3.2285 -12.8297 -2.4867 0.9476
4.1387 -12.5606 -2.4858 0.9476
5.0271 -12.2274 -2.4849 0.9476
5.4617 -12.0373 -2.4845 0.9476
6.3090 -11.6113 -2.4838 0.9476
6.7206 -11.3759 -2.4835 0.9476
7.9013 -10.5843 -2.4826 0.9477
9.3309 -9.3419 -2.4818 0.9477
9.9756 -8.6477 -2.4815 0.9477
10.8458 -7.5249 -2.4812 0.9477
11.1086 -7.1308 -2.4812 0.9477
11.3572 -6.7276 -2.4811 0.9477
11.5913 -6.3158 -2.4811 0.9477
11.8105 -5.8960 -2.4812 0.9477
12.2035 -5.0341 -2.4813 0.9477
12.5342 -4.1464 -2.4815 0.9477
12.8008 -3.2373 -2.4818 0.9477
12.9096 -2.7761 -2.4820 0.9477
13.0777 -1.8436 -2.4824 0.9477
13.1790 -0.9012 -2.4829 0.9477
13.2046 0.5203 -2.4839 0.9476
13.1792 0.9938 -2.4842 0.9476
13.1371 1.4663 -2.4846 0.9476
12.2749 2.2708 -2.3464 0.9505
12.1236 2.6959 -2.3344 0.9507
12.0212 3.1297 -2.3348 0.9507
-1.6290 -11.6819 -2.4932 0.9529
-1.2086 -11.7303 -2.4927 0.9529
-0.7868 -11.7636 -2.4922 0.9529
-0.3642 -11.7819 -2.4916 0.9530
0.4814 -11.7729 -2.4906 0.9530
0.9033 -11.7458 -2.4902 0.9530
1.3239 -11.7036 -2.4897 0.9530
1.7427 -11.6464 -2.4892 0.9530
2.1590 -11.5743 -2.4888 0.9530
2.5724 -11.4874 -2.4883 0.9530
3.3884 -11.2697 -2.4875 0.9530
3.7900 -11.1391 -2.4871 0.9530
4.1866 -10.9943 -2.4868 0.9530
4.5777 -10.8355 -2.4864 0.9530
4.9628 -10.6628 -2.4861 0.9531
6.0775 -10.0641 -2.4851 0.9531
6.4340 -9.8385 -2.4849 0.9531
7.1215 -9.3500 -2.4844 0.9531
7.4518 -9.0876 -2.4842 0.9531
7.7724 -8.8138 -2.4840 0.9531
8.6728 -7.9261 -2.4835 0.9531
8.9512 -7.6095 -2.4834 0.9531
9.2181 -7.2831 -2.4833 0.9531
9.4731 -6.9475 -2.4832 0.9531
9.7161 -6.6030 -2.4832 0.9531
10.1644 -5.8892 -2.4831 0.9531
10.3692 -5.5207 -2.4831 0.9531
11.4188 -2.7707 -2.4838 0.9531
11.5117 -2.3594 -2.4839 0.9531
11.7015 -1.1091 -2.4845 0.9531
11.7349 -0.6887 -2.4848 0.9531
11.7450 0.5764 -2.4856 0.9531
11.7182 0.9975 -2.4860 0.9531
11.6765 1.4175 -2.4863 0.9530
11.6197 1.8358 -2.4866 0.9530
10.7636 2.5028 -2.3359 0.9558
10.5599 3.2693 -2.3367 0.9558
9.6964 4.6097 -2.2694 0.9571
9.7560 5.0749 -2.3245 0.9560
9.6282 5.4560 -2.3393 0.9558
9.4282 5.7991 -2.3397 0.9558
9.2159 6.1349 -2.3402 0.9557
8.9918 6.4629 -2.3407 0.9557
8.5088 7.0941 -2.3417 0.9557
8.2506 7.3965 -2.3422 0.9557
7.9817 7.6894 -2.3427 0.9557
7.7024 7.9726 -2.3433 0.9557
7.4131 8.2457 -2.3438 0.9557
7.1141 8.5083 -2.3443 0.9557
6.4886 9.0007 -2.3454 0.9557
4.0543 10.3478 -2.3492 0.9556
3.3034 10.6168 -2.3503 0.9556
2.9210 10.7309 -2.3508 0.9555
1.7522 10.9899 -2.3524 0.9555
0.9601 11.0920 -2.3534 0.9555
0.5616 11.1217 -2.3539 0.9555
0.1622 11.1370 -2.3544 0.9555
-0.2375 11.1379 -2.3549 0.9555
-1.0360 11.0965 -2.3558 0.9555
-3.0023 10.7430 -2.3579 0.9554
-3.3864 10.6301 -2.3583 0.9554
-3.7662 10.5034 -2.3586 0.9554
-4.1412 10.3630 -2.3590 0.9554
-4.5110 10.2092 -2.3593 0.9554
-5.2329 9.8621 -2.3599 0.9554
-5.9280 9.4637 -2.3605 0.9554
-6.9126 8.7745 -2.3612 0.9554
-7.4426 8.1669 -2.3356 0.9558
-7.4953 7.6542 -2.2645 0.9571
-7.6825 6.7942 -2.1679 0.9589
-7.7277 6.3549 -2.1149 0.9599
-8.0546 6.1529 -2.1425 0.9594
-8.5944 6.0897 -2.2265 0.9579
-9.3444 6.1298 -2.3623 0.9553
-9.5584 5.7906 -2.3623 0.9553
-9.7600 5.4440 -2.3623 0.9553
-10.9552 4.6465 -2.5154 0.9525
-11.1145 4.2504 -2.5153 0.9525
-11.2594 3.8487 -2.5152 0.9525
-11.3897 3.4421 -2.5151 0.9525
-11.5052 3.0311 -2.5149 0.9525
-11.6913 2.1979 -2.5146 0.9525
-11.8902 0.0761 -2.5134 0.9526
-11.8838 -0.3505 -2.5131 0.9526
-11.8621 -0.7765 -2.5128 0.9526
-11.8251 -1.2015 -2.5124 0.9526
-11.7051 -2.0458 -2.5117 0.9526
-11.6224 -2.4640 -2.5114 0.9526
-10.9867 -4.4949 -2.5092 0.9526
-10.8164 -4.8852 -2.5087 0.9526
-10.6321 -5.2691 -2.5083 0.9526
-9.9984 -6.3772 -2.5068 0.9527
-9.7611 -6.7304 -2.5062 0.9527
-8.9756 -7.7353 -2.5046 0.9527
-8.6904 -8.0506 -2.5041 0.9527
-8.3941 -8.3553 -2.5035 0.9527
-8.0871 -8.6491 -2.5029 0.9527
-7.1061 -9.4615 -2.5012 0.9528
-6.7605 -9.7081 -2.5007 0.9528
-6.4063 -9.9421 -2.5001 0.9528
-5.6743 -10.3711 -2.4989 0.9528
-4.9137 -10.7463 -2.4978 0.9528
-3.7280 -11.2043 -2.4960 0.9529
-3.3228 -11.3283 -2.4955 0.9529
-1.6667 -11.6768 -2.4933 0.9529
-1.2464 -11.7266 -2.4927 0.9529
-0.8247 -11.7613 -2.4922 0.9529
0.0208 -11.7853 -2.4912 0.9530
0.4436 -11.7746 -2.4907 0.9530
1.2863 -11.7080 -2.4897 0.9530
2.1218 -11.5814 -2.4888 0.9530
2.9458 -11.3955 -2.4880 0.9530
3.3522 -11.2807 -2.4876 0.9530
3.7542 -11.1514 -2.4872 0.9530
4.1512 -11.0079 -2.4868 0.9530
4.9285 -10.6788 -2.4861 0.9531
5.3078 -10.4938 -2.4858 0.9531
5.6801 -10.2953 -2.4855 0.9531
6.4023 -9.8592 -2.4849 0.9531
7.4225 -9.1116 -2.4842 0.9531
7.7440 -8.8388 -2.4840 0.9531
8.3568 -8.2596 -2.4837 0.9531
8.6473 -7.9540 -2.4835 0.9531
8.9267 -7.6383 -2.4834 0.9531
9.9264 -6.2821 -2.4831 0.9531
10.3513 -5.5541 -2.4831 0.9531
10.5440 -5.1792 -2.4832 0.9531
10.7233 -4.7976 -2.4832 0.9531
11.0404 -4.0166 -2.4834 0.9531
11.3010 -3.2148 -2.4836 0.9531
11.4098 -2.8075 -2.4837 0.9531
11.5834 -1.9823 -2.4841 0.9531
11.6480 -1.5656 -2.4843 0.9531
11.6978 -1.1468 -2.4845 0.9531
11.7325 -0.7264 -2.4848 0.9531
11.7570 0.1168 -2.4853 0.9531
11.7466 0.5386 -2.4856 0.9531
11.7212 0.9598 -2.4859 0.9531
11.6808 1.3799 -2.4863 0.9531
11.6254 1.7984 -2.4866 0.9530
11.5302 2.2098 -2.4816 0.9531
10.7820 2.4705 -2.3382 0.9558
10.5702 3.2352 -2.3366 0.9558
9.6345 4.1266 -2.2155 0.9581
9.6912 4.5690 -2.2648 0.9571
9.6456 5.4249 -2.3392 0.9558
8.5315 7.0666 -2.3417 0.9557
8.2742 7.3697 -2.3422 0.9557
8.0063 7.6635 -2.3427 0.9557
7.4395 8.2216 -2.3437 0.9557
7.1413 8.4852 -2.3443 0.9557
6.1925 9.2097 -2.3459 0.9556
4.8159 10.0101 -2.3481 0.9556
3.7150 10.4769 -2.3497 0.9556
2.5695 10.8228 -2.3513 0.9555
2.1800 10.9104 -2.3518 0.9555
1.7876 10.9840 -2.3523 0.9555
0.9957 11.0887 -2.3534 0.9555
-0.2016 11.1384 -2.3548 0.9555
-0.6012 11.1262 -2.3553 0.9555
-1.7943 11.0034 -2.3566 0.9554
-2.1883 10.9339 -2.3570 0.9554
-2.5796 10.8502 -2.3574 0.9554
-4.1078 10.3762 -2.3589 0.9554
-4.8426 10.0577 -2.3596 0.9554
-5.2010 9.8788 -2.3599 0.9554
-6.2345 9.2659 -2.3607 0.9554
-6.8843 8.7967 -2.3612 0.9554
-7.4907 7.6989 -2.2706 0.9570
-7.7237 6.3934 -2.1194 0.9598
-8.5262 6.0827 -2.2139 0.9581
-9.3246 6.1598 -2.3623 0.9553
-9.7425 5.4754 -2.3623 0.9553
-9.9326 5.1223 -2.3623 0.9553
-10.7350 5.0570 -2.5083 0.9526
-11.1008 4.2861 -2.5153 0.9525
-11.3786 3.4788 -2.5151 0.9525
-11.4954 3.0681 -2.5150 0.9525
-11.5973 2.6537 -2.5148 0.9525
-11.8537 0.9669 -2.5140 0.9525
-11.8795 0.5409 -2.5137 0.9525
-11.8850 -0.3123 -2.5131 0.9526
-11.7780 -1.5869 -2.5121 0.9526
-11.7118 -2.0081 -2.5118 0.9526
-11.6305 -2.4266 -2.5114 0.9526
-11.5341 -2.8419 -2.5110 0.9526
-11.4228 -3.2534 -2.5106 0.9526
-11.2968 -3.6605 -2.5102 0.9526
-11.1563 -4.0627 -2.5097 0.9526
-10.8322 -4.8505 -2.5088 0.9526
-10.6492 -5.2350 -2.5083 0.9526
-10.0191 -6.3451 -2.5068 0.9527
-9.2734 -7.3802 -2.5052 0.9527
-9.0007 -7.7065 -2.5047 0.9527
-8.1151 -8.6232 -2.5030 0.9527
-7.7987 -8.9068 -2.5024 0.9528
-7.4724 -9.1788 -2.5019 0.9528
-7.1366 -9.4388 -2.5013 0.9528
-6.7918 -9.6865 -2.5007 0.9528
-5.3314 -10.5487 -2.4984 0.9528
-4.5591 -10.8988 -2.4972 0.9528
-3.7641 -11.1925 -2.4961 0.9529
-1.7043 -11.6716 -2.4933 0.9529
-1.2842 -11.7227 -2.4928 0.9529
-0.4400 -11.7797 -2.4917 0.9529
-0.0171 -11.7855 -2.4912 0.9530
0.8277 -11.7518 -2.4902 0.9530
1.2486 -11.7123 -2.4898 0.9530
2.0845 -11.5884 -2.4889 0.9530
2.9091 -11.4051 -2.4880 0.9530
3.7183 -11.1636 -2.4872 0.9530
4.1158 -11.0213 -2.4868 0.9530
4.8942 -10.6948 -2.4861 0.9531
5.2740 -10.5109 -2.4858 0.9531
5.6470 -10.3136 -2.4855 0.9531
6.3706 -9.8799 -2.4849 0.9531
6.7203 -9.6440 -2.4847 0.9531
7.7156 -8.8637 -2.4840 0.9531
8.0281 -8.5806 -2.4838 0.9531
8.6217 -7.9818 -2.4835 0.9531
8.9021 -7.6670 -2.4834 0.9531
9.1710 -7.3424 -2.4833 0.9531
9.6734 -6.6655 -2.4832 0.9531
9.9062 -6.3140 -2.4831 0.9531
10.1263 -5.9545 -2.4831 0.9531
10.3334 -5.5874 -2.4831 0.9531
10.5273 -5.2131 -2.4832 0.9531
10.8745 -4.4450 -2.4833 0.9531
11.4006 -2.8442 -2.4837 0.9531
11.4961 -2.4335 -2.4839 0.9531
11.6939 -1.1844 -2.4845 0.9531
11.7300 -0.7642 -2.4847 0.9531
11.7511 -0.3429 -2.4850 0.9531
11.7572 0.0789 -2.4853 0.9531
11.7482 0.5008 -2.4856 0.9531
11.7241 0.9221 -2.4859 0.9531
11.6851 1.3423 -2.4862 0.9531
10.4605 3.5793 -2.3370 0.9558
9.6295 4.0878 -2.2113 0.9581
9.6860 4.5285 -2.2601 0.9572
9.0329 6.4047 -2.3406 0.9557
8.2977 7.3429 -2.3421 0.9557
7.7533 7.9226 -2.3432 0.9557
7.4657 8.1975 -2.3437 0.9557
7.1684 8.4620 -2.3442 0.9557
6.5462 8.9583 -2.3453 0.9557
5.5496 9.6165 -2.3469 0.9556
5.2022 9.8117 -2.3475 0.9556
4.8480 9.9944 -2.3480 0.9556
4.4873 10.1642 -2.3486 0.9556
4.1207 10.3211 -2.3491 0.9556
3.7486 10.4647 -2.3497 0.9556
2.6043 10.8142 -2.3513 0.9555
1.8229 10.9780 -2.3523 0.9555
1.4281 11.0387 -2.3528 0.9555
-0.9645 11.1026 -2.3557 0.9555
-1.3624 11.0629 -2.3561 0.9555
-1.7588 11.0089 -2.3566 0.9554
-2.1530 10.9407 -2.3570 0.9554
-2.9330 10.7618 -2.3578 0.9554
-3.3178 10.6514 -2.3582 0.9554
-4.0743 10.3892 -2.3589 0.9554
-4.8102 10.0731 -2.3596 0.9554
-5.1691 9.8954 -2.3599 0.9554
-5.8668 9.5014 -2.3604 0.9554
-6.2046 9.2858 -2.3607 0.9554
-6.8558 8.8187 -2.3611 0.9554
-7.1684 8.5678 -2.3613 0.9554
-7.4861 7.7438 -2.2767 0.9569
-7.7197 6.4321 -2.1240 0.9598
-7.9317 6.1403 -2.1203 0.9598
-8.4709 6.0845 -2.2046 0.9583
-9.5209 5.8520 -2.3623 0.9553
-9.7248 5.5067 -2.3623 0.9553
-9.9161 5.1542 -2.3623 0.9553
-10.7091 5.0870 -2.5061 0.9527
-10.9210 4.7152 -2.5144 0.9525
-11.0870 4.3219 -2.5153 0.9525
-11.4855 3.1051 -2.5150 0.9525
-11.5888 2.6909 -2.5148 0.9525
-11.7502 1.8526 -2.5144 0.9525
-11.8081 1.4297 -2.5142 0.9525
-11.8861 -0.2740 -2.5132 0.9526
-11.8672 -0.7002 -2.5128 0.9526
-11.7184 -1.9704 -2.5118 0.9526
-11.6384 -2.3892 -2.5114 0.9526
-11.1695 -4.0268 -2.5098 0.9526
-10.8480 -4.8157 -2.5088 0.9526
-10.6662 -5.2008 -2.5084 0.9526
-10.4707 -5.5790 -2.5079 0.9527
-9.8046 -6.6677 -2.5063 0.9527
-9.5571 -7.0137 -2.5058 0.9527
-9.0256 -7.6777 -2.5047 0.9527
-8.4481 -8.3014 -2.5036 0.9527
-7.5021 -9.1549 -2.5019 0.9528
-7.1671 -9.4160 -2.5013 0.9528
-6.8231 -9.6648 -2.5008 0.9528
-6.4705 -9.9011 -2.5002 0.9528
-5.7412 -10.3348 -2.4990 0.9528
-4.9830 -10.7149 -2.4979 0.9528
-3.3958 -11.3071 -2.4956 0.9529
-2.9873 -11.4191 -2.4950 0.9529
-1.7419 -11.6663 -2.4934 0.9529
-1.3219 -11.7188 -2.4928 0.9529
-0.0551 -11.7856 -2.4913 0.9530
0.3678 -11.7776 -2.4908 0.9530
0.7899 -11.7546 -2.4903 0.9530
1.2109 -11.7164 -2.4898 0.9530
2.0472 -11.5952 -2.4889 0.9530
2.8724 -11.4146 -2.4880 0.9530
3.2796 -11.3023 -2.4876 0.9530
3.6824 -11.1756 -2.4872 0.9530
4.0804 -11.0346 -2.4869 0.9530
5.2402 -10.5279 -2.4858 0.9531
5.6139 -10.3319 -2.4855 0.9531
5.9802 -10.1226 -2.4852 0.9531
6.6893 -9.6656 -2.4847 0.9531
7.0311 -9.4185 -2.4845 0.9531
7.3638 -9.1594 -2.4842 0.9531
7.6871 -8.8886 -2.4840 0.9531
8.0004 -8.6064 -2.4839 0.9531
8.3035 -8.3133 -2.4837 0.9531
8.5960 -8.0096 -2.4835 0.9531
9.1474 -7.3719 -2.4833 0.9531
9.4057 -7.0387 -2.4832 0.9531
9.6519 -6.6966 -2.4832 0.9531
9.8858 -6.3459 -2.4831 0.9531
10.1070 -5.9871 -2.4831 0.9531
11.0142 -4.0875 -2.4833 0.9531
11.2800 -3.2875 -2.4836 0.9531
11.3913 -2.8808 -2.4837 0.9531
11.6899 -1.2221 -2.4845 0.9531
11.7572 0.0411 -2.4853 0.9531
10.9583 2.4368 -2.3729 0.9551
10.6955 2.7846 -2.3362 0.9558
-1.4655 -10.5092 -2.4938 0.9573
-0.7079 -10.5832 -2.4929 0.9574
0.0529 -10.6028 -2.4919 0.9574
0.4332 -10.5922 -2.4915 0.9574
0.8128 -10.5680 -2.4911 0.9574
1.1912 -10.5303 -2.4906 0.9574
1.5680 -10.4790 -2.4902 0.9574
1.9426 -10.4143 -2.4898 0.9574
3.0490 -10.1407 -2.4887 0.9574
3.7673 -9.8932 -2.4880 0.9574
4.8067 -9.4277 -2.4871 0.9574
5.7901 -8.8538 -2.4863 0.9575
7.5447 -7.4091 -2.4852 0.9575
7.8052 -7.1332 -2.4851 0.9575
9.1478 -5.3002 -2.4847 0.9575
9.5044 -4.6306 -2.4848 0.9575
9.6646 -4.2867 -2.4848 0.9575
9.9477 -3.5828 -2.4849 0.9575
10.0702 -3.2237 -2.4850 0.9575
10.2765 -2.4936 -2.4853 0.9575
10.3600 -2.1234 -2.4854 0.9575
10.4871 -1.3752 -2.4858 0.9575
10.5305 -0.9981 -2.4860 0.9575
10.5799 0.1392 -2.4867 0.9575
10.5450 0.8977 -2.4873 0.9574
10.4561 1.6520 -2.4879 0.9574
10.2897 2.3926 -2.4828 0.9575
9.5018 2.9417 -2.3377 0.9600
9.3916 3.2812 -2.3381 0.9599
9.1351 3.9475 -2.3388 0.9599
8.9891 4.2735 -2.3392 0.9599
8.8315 4.5940 -2.3396 0.9599
8.0894 5.8143 -2.3413 0.9599
7.6546 6.3819 -2.3422 0.9599
7.4221 6.6537 -2.3427 0.9599
7.1801 6.9171 -2.3432 0.9599
6.9287 7.1717 -2.3436 0.9599
6.6683 7.4172 -2.3441 0.9598
6.3992 7.6532 -2.3446 0.9598
6.1217 7.8795 -2.3451 0.9598
5.5432 8.3017 -2.3461 0.9598
5.2429 8.4970 -2.3465 0.9598
4.9357 8.6814 -2.3470 0.9598
3.9768 9.1672 -2.3485 0.9598
3.3106 9.4327 -2.3495 0.9598
2.6267 9.6498 -2.3504 0.9597
2.2793 9.7398 -2.3509 0.9597
1.2203 9.9342 -2.3523 0.9597
0.8632 9.9735 -2.3528 0.9597
0.5049 9.9999 -2.3532 0.9597
0.1459 10.0134 -2.3536 0.9597
-0.9314 9.9764 -2.3549 0.9597
-1.2889 9.9383 -2.3553 0.9597
-2.6991 9.6578 -2.3568 0.9596
-3.0443 9.5561 -2.3571 0.9596
-3.3856 9.4421 -2.3574 0.9596
-3.7227 9.3158 -2.3578 0.9596
-4.0551 9.1774 -2.3581 0.9596
-4.3822 9.0271 -2.3583 0.9596
-4.7038 8.8651 -2.3586 0.9596
-5.0194 8.6915 -2.3589 0.9596
-5.9260 8.1042 -2.3596 0.9596
-6.2134 7.8870 -2.3598 0.9596
-6.4929 7.6596 -2.3599 0.9596
-6.7640 7.4222 -2.3601 0.9596
-7.0263 7.1752 -2.3602 0.9596
-7.2796 6.9189 -2.3604 0.9596
-7.6363 6.2798 -2.3236 0.9602
-8.1957 5.8072 -2.3607 0.9596
-8.3989 5.5095 -2.3607 0.9596
-8.5912 5.2047 -2.3608 0.9596
-8.7769 4.8956 -2.3620 0.9595
-9.6900 4.5267 -2.5136 0.9570
-9.8467 4.1764 -2.5138 0.9570
-10.1202 3.4593 -2.5136 0.9570
-10.2373 3.0938 -2.5135 0.9570
-10.3412 2.7244 -2.5134 0.9570
-10.4317 2.3515 -2.5132 0.9570
-10.5087 1.9756 -2.5130 0.9570
-10.5720 1.5972 -2.5129 0.9570
-10.6217 1.2168 -2.5127 0.9570
-10.6797 0.4519 -2.5122 0.9570
-10.6879 0.0684 -2.5120 0.9570
-10.6298 -1.0800 -2.5111 0.9570
-10.5829 -1.4605 -2.5108 0.9571
-10.5223 -1.8390 -2.5105 0.9571
-10.4481 -2.2151 -2.5101 0.9571
-10.3604 -2.5881 -2.5098 0.9571
-10.1451 -3.3234 -2.5090 0.9571
-9.7245 -4.3921 -2.5078 0.9571
-9.5590 -4.7373 -2.5074 0.9571
-9.3813 -5.0764 -2.5069 0.9571
-9.1915 -5.4087 -2.5065 0.9571
-8.9898 -5.7339 -2.5060 0.9571
-8.5523 -6.3614 -2.5051 0.9571
-8.3169 -6.6629 -2.5046 0.9572
-7.5484 -7.5135 -2.5031 0.9572
-6.9873 -8.0321 -2.5021 0.9572
-6.6932 -8.2759 -2.5015 0.9572
-6.0800 -8.7310 -2.5005 0.9572
-5.1035 -9.3279 -2.4989 0.9573
-4.7645 -9.5030 -2.4984 0.9573
-4.4196 -9.6658 -2.4979 0.9573
-4.0691 -9.8161 -2.4974 0.9573
-3.7136 -9.9537 -2.4969 0.9573
-2.9890 -10.1902 -2.4958 0.9573
-2.2497 -10.3742 -2.4948 0.9573
-1.8756 -10.4461 -2.4943 0.9573
-0.7419 -10.5811 -2.4929 0.9574
-0.3618 -10.5989 -2.4924 0.9574
0.0187 -10.6031 -2.4920 0.9574
0.3991 -10.5937 -2.4915 0.9574
0.7788 -10.5708 -2.4911 0.9574
1.1573 -10.5342 -2.4907 0.9574
1.5343 -10.4842 -2.4903 0.9574
2.2814 -10.3439 -2.4895 0.9574
2.6506 -10.2538 -2.4891 0.9574
4.4350 -9.6096 -2.4874 0.9574
4.7764 -9.4432 -2.4871 0.9574
6.0756 -8.6593 -2.4861 0.9575
6.3819 -8.4350 -2.4859 0.9575
7.5208 -7.4333 -2.4852 0.9575
7.7823 -7.1584 -2.4851 0.9575
8.0338 -6.8743 -2.4850 0.9575
8.7251 -5.9707 -2.4848 0.9575
9.1307 -5.3296 -2.4847 0.9575
9.3160 -4.9986 -2.4847 0.9575
9.4894 -4.6612 -2.4848 0.9575
9.6507 -4.3178 -2.4848 0.9575
10.1706 -2.8932 -2.4852 0.9575
10.2684 -2.5266 -2.4853 0.9575
10.3530 -2.1567 -2.4854 0.9575
10.4245 -1.7840 -2.4856 0.9575
10.5272 -1.0320 -2.4860 0.9575
10.5760 -0.2745 -2.4864 0.9575
10.5802 0.1051 -2.4867 0.9575
10.5707 0.4847 -2.4870 0.9575
10.5112 1.2417 -2.4876 0.9574
10.4612 1.6183 -2.4879 0.9574
10.3978 1.9928 -2.4882 0.9574
9.7236 2.5985 -2.3655 0.9595
9.5111 2.9111 -2.3377 0.9600
9.0026 4.2444 -2.3392 0.9599
5.9923 3.9612 -1.6882 0.9709
7.6750 6.3571 -2.3422 0.9599
7.4434 6.6297 -2.3427 0.9599
7.2022 6.8939 -2.3431 0.9599
6.6920 7.3956 -2.3441 0.9598
6.1469 7.8596 -2.3450 0.9598
5.2701 8.4799 -2.3465 0.9598
3.6760 9.2940 -2.3489 0.9598
3.3409 9.4218 -2.3494 0.9598
3.0013 9.5376 -2.3499 0.9597
2.3106 9.7322 -2.3509 0.9597
1.9603 9.8108 -2.3513 0.9597
1.2522 9.9300 -2.3523 0.9597
0.5371 9.9980 -2.3532 0.9597
-0.1813 10.0145 -2.3540 0.9597
-1.2569 9.9422 -2.3553 0.9597
-2.3190 9.7543 -2.3564 0.9596
-3.3552 9.4528 -2.3574 0.9596
-4.0254 9.1903 -2.3580 0.9596
-4.6752 8.8801 -2.3586 0.9596
-4.9914 8.7076 -2.3589 0.9596
-5.3011 8.5238 -2.3591 0.9596
-6.1880 7.9069 -2.3597 0.9596
-6.7400 7.4439 -2.3601 0.9596
-7.0032 7.1978 -2.3602 0.9596
-7.2573 6.9423 -2.3603 0.9596
-7.6324 6.3179 -2.3286 0.9601
-7.8148 6.0097 -2.3169 0.9603
-8.3811 5.5365 -2.3607 0.9596
-8.5744 5.2323 -2.3608 0.9596
-8.7566 4.9213 -2.3608 0.9596
-9.4810 4.8894 -2.5071 0.9571
-9.8332 4.2081 -2.5138 0.9570
-9.9776 3.8525 -2.5137 0.9570
-10.2274 3.1268 -2.5135 0.9570
-10.3324 2.7577 -2.5134 0.9570
-10.5669 1.6312 -2.5129 0.9570
-10.6549 0.8691 -2.5125 0.9570
-10.6782 0.4862 -2.5122 0.9570
-10.6877 0.1028 -2.5120 0.9570
-10.5877 -1.4265 -2.5108 0.9571
-10.5283 -1.8052 -2.5105 0.9571
-10.4553 -2.1815 -2.5102 0.9571
-10.3688 -2.5548 -2.5098 0.9571
-10.2690 -2.9247 -2.5094 0.9571
-9.5744 -4.7066 -2.5074 0.9571
-9.0084 -5.7051 -2.5060 0.9571
-8.5729 -6.3340 -2.5051 0.9571
-8.0934 -6.9297 -2.5041 0.9572
-7.5726 -7.4893 -2.5031 0.9572
-7.2976 -7.7546 -2.5026 0.9572
-7.0132 -8.0098 -2.5021 0.9572
-6.7200 -8.2545 -2.5016 0.9572
-6.4182 -8.4885 -2.5011 0.9572
-5.7905 -8.9232 -2.5000 0.9572
-5.4655 -9.1233 -2.4995 0.9572
-5.1336 -9.3116 -2.4990 0.9573
-3.7457 -9.9419 -2.4969 0.9573
-3.3859 -10.0678 -2.4964 0.9573
-1.9093 -10.4402 -2.4944 0.9573
-1.1553 -10.5462 -2.4934 0.9573
-0.3959 -10.5979 -2.4925 0.9574
-0.0154 -10.6033 -2.4920 0.9574
0.3650 -10.5951 -2.4916 0.9574
1.1234 -10.5380 -2.4907 0.9574
2.2481 -10.3513 -2.4895 0.9574
2.6176 -10.2624 -2.4891 0.9574
3.3458 -10.0454 -2.4884 0.9574
3.7036 -9.9175 -2.4881 0.9574
4.0565 -9.7770 -2.4877 0.9574
4.4041 -9.6240 -2.4874 0.9574
5.4109 -9.0920 -2.4866 0.9575
6.0478 -8.6789 -2.4861 0.9575
6.3547 -8.4556 -2.4859 0.9575
6.9437 -7.9769 -2.4855 0.9575
7.2249 -7.7222 -2.4854 0.9575
7.7592 -7.1834 -2.4851 0.9575
8.0116 -6.9001 -2.4850 0.9575
8.2537 -6.6080 -2.4849 0.9575
8.4852 -6.3074 -2.4848 0.9575
9.1135 -5.3590 -2.4847 0.9575
9.2999 -5.0285 -2.4847 0.9575
9.7868 -4.0004 -2.4849 0.9575
9.9243 -3.6468 -2.4849 0.9575
10.1611 -2.9259 -2.4851 0.9575
10.2601 -2.5596 -2.4853 0.9575
10.4663 1.5846 -2.4878 0.9574
10.4040 1.9593 -2.4882 0.9574
9.8008 2.5853 -2.3822 0.9592
9.4122 3.2206 -2.3380 0.9599
9.1600 3.8885 -2.3388 0.9599
8.8606 4.5369 -2.3396 0.9599
8.6937 4.8527 -2.3400 0.9599
8.5155 5.1625 -2.3404 0.9599
8.1264 5.7620 -2.3413 0.9599
7.2242 6.8705 -2.3431 0.9599
6.1721 7.8397 -2.3450 0.9598
5.8881 8.0577 -2.3455 0.9598
5.5964 8.2655 -2.3460 0.9598
5.2973 8.4627 -2.3465 0.9598
4.9913 8.6491 -2.3469 0.9598
4.6788 8.8245 -2.3474 0.9598
3.7058 9.2819 -2.3489 0.9598
2.3418 9.7245 -2.3508 0.9597
1.9918 9.8043 -2.3513 0.9597
1.6391 9.8714 -2.3518 0.9597
0.9274 9.9673 -2.3527 0.9597
0.5693 9.9961 -2.3531 0.9597
0.2103 10.0119 -2.3536 0.9597
-0.8671 9.9819 -2.3548 0.9597
-1.2249 9.9461 -2.3552 0.9597
-2.6367 9.6747 -2.3567 0.9596
-2.9826 9.5753 -2.3571 0.9596
-3.6626 9.3393 -2.3577 0.9596
-3.9958 9.2031 -2.3580 0.9596
-4.3239 9.0549 -2.3583 0.9596
-4.6466 8.8950 -2.3586 0.9596
-5.5772 8.3468 -2.3593 0.9596
-6.1624 7.9268 -2.3597 0.9596
-6.4433 7.7012 -2.3599 0.9596
-6.7160 7.4655 -2.3601 0.9596
-7.4805 6.7018 -2.3605 0.9596
-7.6285 6.3561 -2.3336 0.9600
-7.7551 6.0035 -2.3049 0.9605
-8.3632 5.5635 -2.3607 0.9596
-9.4632 4.9188 -2.5066 0.9571
-9.6565 4.5870 -2.5125 0.9570
-9.9651 3.8846 -2.5137 0.9570
-10.2173 3.1597 -2.5135 0.9570
-10.3235 2.7910 -2.5134 0.9570
-10.4958 2.0433 -2.5131 0.9570
-10.5616 1.6652 -2.5129 0.9570
-10.6767 0.5206 -2.5123 0.9570
-10.6875 0.1372 -2.5120 0.9570
-10.6675 -0.6294 -2.5115 0.9570
-10.6368 -1.0116 -2.5112 0.9570
-10.5923 -1.3924 -2.5109 0.9571
-10.3772 -2.5214 -2.5098 0.9571
-9.9036 -3.9775 -2.5083 0.9571
-9.7529 -4.3295 -2.5079 0.9571
-8.8158 -5.9952 -2.5056 0.9571
-8.3599 -6.6094 -2.5047 0.9572
-8.1158 -6.9038 -2.5042 0.9572
-7.5969 -7.4650 -2.5032 0.9572
-7.0391 -7.9873 -2.5022 0.9572
-6.7466 -8.2330 -2.5016 0.9572
-6.4456 -8.4680 -2.5011 0.9572
-6.1363 -8.6920 -2.5006 0.9572
-5.4949 -9.1058 -2.4996 0.9572
-4.4819 -9.6375 -2.4980 0.9573
-4.1324 -9.7901 -2.4975 0.9573
-3.4183 -10.0571 -2.4964 0.9573
-2.6872 -10.2721 -2.4954 0.9573
-2.3165 -10.3598 -2.4949 0.9573
-1.1892 -10.5426 -2.4935 0.9573
-0.4300 -10.5967 -2.4925 0.9574
-0.0495 -10.6034 -2.4921 0.9574
0.7107 -10.5759 -2.4912 0.9574
1.4668 -10.4941 -2.4903 0.9574
2.2148 -10.3586 -2.4895 0.9574
2.5846 -10.2709 -2.4892 0.9574
3.3135 -10.0562 -2.4884 0.9574
3.6717 -9.9295 -2.4881 0.9574
5.0519 -9.2976 -2.4869 0.9575
5.3816 -9.1094 -2.4866 0.9575
6.3275 -8.4761 -2.4859 0.9575
6.6270 -8.2429 -2.4857 0.9575
7.7361 -7.2084 -2.4851 0.9575
7.9894 -6.9259 -2.4850 0.9575
8.2324 -6.6345 -2.4849 0.9575
8.4649 -6.3347 -2.4848 0.9575
8.8971 -5.7112 -2.4848 0.9575
9.0962 -5.3883 -2.4847 0.9575
9.4592 -4.7222 -2.4848 0.9575
10.0385 -3.3208 -2.4850 0.9575
10.1516 -2.9586 -2.4851 0.9575
10.2518 -2.5926 -2.4853 0.9575
10.3388 -2.2233 -2.4854 0.9575
10.4126 -1.8511 -2.4856 0.9575
10.5202 -1.0998 -2.4860 0.9575
10.5538 -0.7217 -2.4862 0.9575
10.5739 -0.3426 -2.4864 0.9575
10.5804 0.0370 -2.4867 0.9575
10.5188 1.1740 -2.4875 0.9574
10.4102 1.9258 -2.4881 0.9574
10.3185 2.2945 -2.4843 0.9575
9.8790 2.5720 -2.3992 0.9589
-0.6427 -9.6088 -2.4934 0.9610
-0.2975 -9.6240 -2.4930 0.9610
0.0480 -9.6269 -2.4926 0.9610
0.7380 -9.5956 -2.4918 0.9610
1.4237 -9.5151 -2.4911 0.9610
1.7639 -9.4565 -2.4907 0.9610
2.4368 -9.3031 -2.4900 0.9610
3.0969 -9.1020 -2.4893 0.9611
3.7407 -8.8544 -2.4887 0.9611
4.0555 -8.7135 -2.4885 0.9611
4.6690 -8.3985 -2.4880 0.9611
4.9668 -8.2248 -2.4877 0.9611
5.2582 -8.0406 -2.4875 0.9611
6.6064 -6.9706 -2.4866 0.9611
6.8519 -6.7288 -2.4865 0.9611
7.0886 -6.4783 -2.4864 0.9611
7.7429 -5.6786 -2.4861 0.9611
8.4754 -4.5124 -2.4861 0.9611
8.9116 -3.5758 -2.4862 0.9611
9.2452 -2.5979 -2.4865 0.9611
9.3329 -2.2646 -2.4866 0.9611
9.4087 -1.9284 -2.4867 0.9611
9.4724 -1.5897 -2.4869 0.9611
9.5634 -0.9065 -2.4872 0.9611
9.5905 -0.5628 -2.4874 0.9611
9.5417 1.1584 -2.4887 0.9611
9.3649 2.1776 -2.4894 0.9611
9.2622 2.5071 -2.4845 0.9611
8.7802 2.7183 -2.3798 0.9627
8.5278 2.9795 -2.3389 0.9634
8.2947 3.5844 -2.3396 0.9634
8.1620 3.8803 -2.3399 0.9633
8.0188 4.1712 -2.3403 0.9633
6.1506 3.7831 -1.8696 0.9706
5.9769 3.9787 -1.8590 0.9708
7.1516 5.5400 -2.3423 0.9633
6.5184 6.2797 -2.3435 0.9633
6.2901 6.5107 -2.3440 0.9633
6.0536 6.7334 -2.3444 0.9633
5.2980 7.3490 -2.3457 0.9633
5.0319 7.5358 -2.3461 0.9633
4.7591 7.7130 -2.3466 0.9632
4.4802 7.8802 -2.3470 0.9632
4.1954 8.0374 -2.3475 0.9632
3.6096 8.3207 -2.3484 0.9632
3.3094 8.4465 -2.3488 0.9632
3.0048 8.5614 -2.3492 0.9632
2.6962 8.6653 -2.3497 0.9632
0.7834 9.0510 -2.3522 0.9632
-0.1938 9.0873 -2.3534 0.9631
-0.5197 9.0760 -2.3538 0.9631
-0.8452 9.0529 -2.3542 0.9631
-1.1696 9.0182 -2.3545 0.9631
-1.4926 8.9717 -2.3549 0.9631
-1.8138 8.9137 -2.3552 0.9631
-3.0719 8.5672 -2.3565 0.9631
-4.5541 7.8857 -2.3578 0.9631
-4.8345 7.7180 -2.3580 0.9631
-5.8907 6.9492 -2.3587 0.9631
-6.3746 6.5097 -2.3590 0.9631
-6.8256 6.0363 -2.3592 0.9631
-7.2413 5.5317 -2.3594 0.9630
-7.4353 5.2684 -2.3594 0.9630
-7.6196 4.9984 -2.3595 0.9630
-8.6373 4.4192 -2.5121 0.9607
-8.7916 4.1071 -2.5124 0.9607
-8.9332 3.7889 -2.5124 0.9607
-9.0631 3.4659 -2.5123 0.9607
-9.3819 2.4717 -2.5120 0.9607
-9.5915 1.4491 -2.5116 0.9607
-9.6366 1.1039 -2.5114 0.9607
-9.6693 0.7574 -2.5112 0.9607
-9.6894 0.4100 -2.5110 0.9607
-9.6921 -0.2858 -2.5105 0.9607
-9.6746 -0.6333 -2.5103 0.9607
-9.6446 -0.9799 -2.5100 0.9607
-9.6021 -1.3252 -2.5097 0.9607
-9.5473 -1.6686 -2.5094 0.9607
-9.4801 -2.0098 -2.5091 0.9607
-9.4006 -2.3482 -2.5088 0.9608
-9.3091 -2.6838 -2.5085 0.9608
-9.2055 -3.0156 -2.5081 0.9608
-8.8243 -3.9855 -2.5070 0.9608
-8.6743 -4.2989 -2.5066 0.9608
-8.5131 -4.6066 -2.5062 0.9608
-7.9648 -5.4919 -2.5049 0.9608
-7.3248 -6.3126 -2.5036 0.9608
-6.8508 -6.8191 -2.5027 0.9608
-6.3418 -7.2901 -2.5018 0.9609
-5.5187 -7.9249 -2.5004 0.9609
-4.9343 -8.2971 -2.4994 0.9609
-4.3250 -8.6263 -2.4985 0.9609
-4.0119 -8.7742 -2.4980 0.9609
-2.3794 -9.3406 -2.4957 0.9610
0.7071 -9.5981 -2.4918 0.9610
1.3931 -9.5197 -2.4911 0.9610
2.4069 -9.3110 -2.4900 0.9610
2.7391 -9.2174 -2.4897 0.9610
3.0676 -9.1120 -2.4894 0.9611
3.3921 -8.9950 -2.4891 0.9611
3.7122 -8.8664 -2.4888 0.9611
4.0275 -8.7266 -2.4885 0.9611
4.3375 -8.5755 -2.4882 0.9611
4.6419 -8.4135 -2.4880 0.9611
4.9403 -8.2408 -2.4877 0.9611
5.2324 -8.0575 -2.4875 0.9611
5.7957 -7.6603 -2.4871 0.9611
6.0664 -7.4469 -2.4869 0.9611
6.3293 -7.2240 -2.4868 0.9611
6.5840 -6.9919 -2.4866 0.9611
6.8303 -6.7508 -2.4865 0.9611
8.2925 -4.8403 -2.4861 0.9611
8.6183 -4.2333 -2.4861 0.9611
8.7648 -3.9214 -2.4861 0.9611
8.9000 -3.6045 -2.4862 0.9611
9.0238 -3.2830 -2.4863 0.9611
9.1361 -2.9572 -2.4863 0.9611
9.3255 -2.2946 -2.4866 0.9611
9.4024 -1.9587 -2.4867 0.9611
9.4672 -1.6202 -2.4869 0.9611
9.5198 -1.2796 -2.4870 0.9611
9.5603 -0.9372 -2.4872 0.9611
9.6045 -0.2493 -2.4876 0.9611
9.5785 0.7844 -2.4884 0.9611
9.5453 1.1276 -2.4886 0.9611
9.2719 2.4778 -2.4849 0.9611
8.4271 3.2568 -2.3392 0.9634
8.1743 3.8539 -2.3399 0.9633
7.8794 4.4316 -2.3406 0.9633
6.9680 5.7715 -2.3426 0.9633
6.5385 6.2586 -2.3435 0.9633
5.5801 7.1348 -2.3452 0.9633
5.3215 7.3318 -2.3457 0.9633
4.7839 7.6975 -2.3465 0.9632
4.2212 8.0237 -2.3474 0.9632
3.9313 8.1716 -2.3479 0.9632
3.6363 8.3089 -2.3483 0.9632
2.4121 8.7502 -2.3501 0.9632
1.4588 8.9636 -2.3514 0.9632
1.1364 9.0117 -2.3518 0.9632
0.8125 9.0483 -2.3522 0.9632
0.1616 9.0863 -2.3530 0.9631
-0.1645 9.0878 -2.3534 0.9631
-0.4905 9.0775 -2.3538 0.9631
-0.8160 9.0555 -2.3541 0.9631
-1.1406 9.0218 -2.3545 0.9631
-1.7851 8.9194 -2.3552 0.9631
-2.7343 8.6795 -2.3562 0.9631
-3.0443 8.5769 -2.3565 0.9631
-3.3505 8.4632 -2.3567 0.9631
-3.6524 8.3385 -2.3570 0.9631
-3.9496 8.2030 -2.3573 0.9631
-4.5286 7.9003 -2.3578 0.9631
-4.8096 7.7335 -2.3580 0.9631
-5.0844 7.5566 -2.3582 0.9631
-5.3527 7.3699 -2.3584 0.9631
-6.3536 6.5301 -2.3590 0.9631
-6.8061 6.0583 -2.3592 0.9631
-7.8368 4.7822 -2.3770 0.9628
-8.4383 4.7424 -2.5062 0.9608
-8.6214 4.4461 -2.5116 0.9607
-8.7784 4.1353 -2.5125 0.9607
-9.0519 3.4950 -2.5123 0.9607
-9.1712 3.1679 -2.5123 0.9607
-9.3740 2.5019 -2.5121 0.9607
-9.5282 1.8231 -2.5118 0.9607
-9.6331 1.1349 -2.5114 0.9607
-9.6930 -0.2547 -2.5106 0.9607
-9.6478 -0.9489 -2.5100 0.9607
-9.4866 -1.9793 -2.5091 0.9607
-9.4082 -2.3181 -2.5088 0.9608
-9.3178 -2.6538 -2.5085 0.9608
-9.2153 -2.9860 -2.5081 0.9608
-8.9748 -3.6381 -2.5074 0.9608
-8.5280 -4.5792 -2.5062 0.9608
-8.1750 -5.1772 -2.5054 0.9608
-7.9826 -5.4663 -2.5050 0.9608
-7.7800 -5.7482 -2.5046 0.9608
-7.3452 -6.2891 -2.5037 0.9608
-5.5442 -7.9072 -2.5004 0.9609
-5.2560 -8.0995 -2.5000 0.9609
-4.6599 -8.4523 -2.4990 0.9609
-4.3528 -8.6124 -2.4985 0.9609
-3.7226 -8.8990 -2.4976 0.9609
-3.0737 -9.1396 -2.4967 0.9609
-0.7046 -9.6047 -2.4935 0.9610
-0.3594 -9.6222 -2.4931 0.9610
0.3314 -9.6200 -2.4923 0.9610
0.6762 -9.6004 -2.4919 0.9610
1.7031 -9.4679 -2.4908 0.9610
2.3770 -9.3188 -2.4901 0.9610
2.7094 -9.2263 -2.4897 0.9610
3.0383 -9.1219 -2.4894 0.9611
3.6837 -8.8784 -2.4888 0.9611
3.9994 -8.7396 -2.4885 0.9611
4.6149 -8.4285 -2.4880 0.9611
4.9138 -8.2567 -2.4878 0.9611
5.7711 -7.6790 -2.4871 0.9611
6.0425 -7.4665 -2.4870 0.9611
6.3060 -7.2444 -2.4868 0.9611
6.5615 -7.0131 -2.4866 0.9611
6.8085 -6.7728 -2.4865 0.9611
7.4960 -6.0013 -2.4862 0.9611
7.9067 -5.4481 -2.4861 0.9611
8.2768 -4.8670 -2.4861 0.9611
8.4461 -4.5669 -2.4861 0.9611
8.7521 -3.9496 -2.4861 0.9611
9.1265 -2.9866 -2.4863 0.9611
9.3960 -1.9889 -2.4867 0.9611
9.4618 -1.6506 -2.4868 0.9611
9.5865 -0.6245 -2.4874 0.9611
9.6036 -0.2802 -2.4876 0.9611
9.6008 0.4092 -2.4881 0.9611
9.5043 1.4389 -2.4889 0.9611
9.4477 1.7792 -2.4892 0.9611
9.2815 2.4483 -2.4853 0.9611
8.9100 2.6958 -2.4102 0.9623
8.5466 2.9244 -2.3388 0.9634
8.4374 3.2296 -2.3392 0.9634
8.3174 3.5308 -2.3395 0.9634
8.0452 4.1194 -2.3402 0.9633
7.8935 4.4061 -2.3406 0.9633
5.9702 3.9190 -1.8491 0.9709
7.1869 5.4937 -2.3422 0.9633
6.9864 5.7490 -2.3426 0.9633
6.7768 5.9970 -2.3430 0.9633
6.5585 6.2374 -2.3434 0.9633
6.3317 6.4699 -2.3439 0.9633
6.0966 6.6941 -2.3443 0.9633
5.3450 7.3145 -2.3456 0.9633
5.0801 7.5030 -2.3461 0.9633
3.9575 8.1587 -2.3478 0.9632
2.4402 8.7422 -2.3500 0.9632
2.1254 8.8258 -2.3505 0.9632
1.1654 9.0079 -2.3517 0.9632
-0.1352 9.0881 -2.3533 0.9631
-0.7869 9.0579 -2.3541 0.9631
-1.7564 8.9250 -2.3552 0.9631
-2.3925 8.7785 -2.3558 0.9631
-2.7063 8.6882 -2.3561 0.9631
-3.6255 8.3501 -2.3570 0.9631
-3.9232 8.2156 -2.3573 0.9631
-4.5031 7.9148 -2.3577 0.9631
-4.7846 7.7488 -2.3580 0.9631
-5.0600 7.5728 -2.3582 0.9631
-5.3289 7.3870 -2.3584 0.9631
-5.5909 7.1916 -2.3585 0.9631
-5.8457 6.9869 -2.3587 0.9631
-6.3325 6.5505 -2.3590 0.9631
-6.7865 6.0801 -2.3592 0.9631
-7.0006 5.8329 -2.3593 0.9630
-7.2056 5.5782 -2.3594 0.9630
-7.4012 5.3162 -2.3594 0.9630
-7.5873 5.0473 -2.3595 0.9630
-8.4214 4.7686 -2.5058 0.9608
-8.6054 4.4729 -2.5111 0.9607
-8.7650 4.1636 -2.5125 0.9607
-9.4502 2.1943 -2.5119 0.9607
-9.5223 1.8537 -2.5118 0.9607
-9.6643 0.8196 -2.5113 0.9607
-9.6966 0.1245 -2.5108 0.9607
-9.6939 -0.2235 -2.5106 0.9607
-9.6786 -0.5710 -2.5103 0.9607
-9.6106 -1.2634 -2.5098 0.9607
-9.5580 -1.6072 -2.5095 0.9607
-9.4158 -2.2878 -2.5088 0.9608
-9.3264 -2.6238 -2.5085 0.9608
-9.1117 -3.2849 -2.5078 0.9608
-8.9866 -3.6092 -2.5074 0.9608
-8.5428 -4.5518 -2.5063 0.9608
-8.1917 -5.1510 -2.5054 0.9608
-8.0003 -5.4406 -2.5050 0.9608
-7.7986 -5.7232 -2.5046 0.9608
-6.8947 -6.7751 -2.5028 0.9608
-6.3888 -7.2494 -2.5019 0.9609
-6.1235 -7.4725 -2.5014 0.9609
-5.8503 -7.6860 -2.5009 0.9609
-5.5697 -7.8894 -2.5005 0.9609
-4.6871 -8.4374 -2.4991 0.9609
-3.7513 -8.8871 -2.4976 0.9609
-3.4294 -9.0143 -2.4972 0.9609
-3.1032 -9.1299 -2.4967 0.9609
-2.7731 -9.2336 -2.4962 0.9609
-1.7639 -9.4729 -2.4949 0.9610
-1.0797 -9.5717 -2.4940 0.9610
-0.7355 -9.6026 -2.4936 0.9610
-0.3904 -9.6211 -2.4931 0.9610
-0.0450 -9.6274 -2.4927 0.9610
0.3004 -9.6212 -2.4923 0.9610
0.6453 -9.6027 -2.4919 0.9610
0.9893 -9.5719 -2.4915 0.9610
1.3318 -9.5288 -2.4912 0.9610
1.6726 -9.4735 -2.4908 0.9610
2.3470 -9.3265 -2.4901 0.9610
3.3342 -9.0168 -2.4891 0.9611
3.6551 -8.8904 -2.4888 0.9611
4.5878 -8.4434 -2.4880 0.9611
4.8872 -8.2726 -2.4878 0.9611
6.2827 -7.2647 -2.4868 0.9611
7.6878 -5.7531 -2.4862 0.9611
7.8891 -5.4735 -2.4861 0.9611
8.5908 -4.2886 -2.4861 0.9611
9.0025 -3.3409 -2.4862 0.9611
9.2196 -2.6870 -2.4864 0.9611
9.3105 -2.3546 -2.4865 0.9611
9.4564 -1.6811 -2.4868 0.9611
9.5521 1.0661 -2.4886 0.9611
9.3856 2.0871 -2.4895 0.9611
-0.9030 -8.7646 -2.4943 0.9640
-0.2721 -8.8040 -2.4936 0.9640
0.3598 -8.7983 -2.4928 0.9641
0.6751 -8.7784 -2.4924 0.9641
0.9895 -8.7473 -2.4921 0.9641
1.6138 -8.6515 -2.4914 0.9641
1.9229 -8.5869 -2.4911 0.9641
2.2294 -8.5113 -2.4908 0.9641
2.8334 -8.3275 -2.4902 0.9641
3.1300 -8.2196 -2.4899 0.9641
3.4225 -8.1011 -2.4896 0.9641
3.7106 -7.9723 -2.4894 0.9641
4.2719 -7.6842 -2.4889 0.9641
4.8111 -7.3569 -2.4885 0.9641
5.0716 -7.1790 -2.4883 0.9641
5.3255 -6.9919 -2.4881 0.9641
5.8125 -6.5912 -2.4878 0.9641
6.0449 -6.3781 -2.4877 0.9641
6.6944 -5.6910 -2.4874 0.9641
7.2666 -4.9384 -2.4872 0.9641
8.5396 -2.0721 -2.4876 0.9641
8.7143 -1.1427 -2.4881 0.9641
8.7750 -0.5150 -2.4884 0.9641
8.7615 0.7459 -2.4893 0.9641
8.6873 1.3725 -2.4898 0.9641
8.4916 2.2985 -2.4904 0.9641
7.7001 3.0044 -2.3399 0.9662
7.5884 3.2792 -2.3402 0.9662
7.4669 3.5498 -2.3405 0.9662
7.1952 4.0773 -2.3412 0.9662
6.1325 3.7720 -2.0382 0.9705
6.5420 5.0678 -2.3427 0.9662
6.3570 5.3001 -2.3430 0.9662
6.1638 5.5256 -2.3434 0.9662
5.7536 5.9554 -2.3442 0.9662
5.5371 6.1590 -2.3446 0.9662
5.3135 6.3548 -2.3450 0.9661
4.6023 6.8925 -2.3462 0.9661
4.0976 7.2073 -2.3470 0.9661
3.0266 7.7247 -2.3487 0.9661
2.7479 7.8296 -2.3491 0.9661
2.4657 7.9245 -2.3495 0.9661
2.1802 8.0092 -2.3499 0.9661
1.6007 8.1477 -2.3506 0.9661
0.7164 8.2765 -2.3518 0.9661
0.4190 8.2982 -2.3521 0.9660
-0.4752 8.2989 -2.3532 0.9660
-0.7728 8.2777 -2.3535 0.9660
-1.0694 8.2458 -2.3539 0.9660
-1.9500 8.0864 -2.3548 0.9660
-2.2392 8.0122 -2.3551 0.9660
-2.5255 7.9277 -2.3554 0.9660
-3.3638 7.6129 -2.3562 0.9660
-3.9018 7.3536 -2.3566 0.9660
-4.1635 7.2095 -2.3569 0.9660
-4.4199 7.0561 -2.3571 0.9660
-4.9152 6.7220 -2.3574 0.9660
-5.3853 6.3531 -2.3577 0.9660
-5.6101 6.1561 -2.3579 0.9660
-6.2399 5.5184 -2.3582 0.9660
-6.4341 5.2911 -2.3582 0.9660
-6.6200 5.0570 -2.3583 0.9660
-7.8974 4.0406 -2.5113 0.9638
-8.0372 3.7546 -2.5113 0.9638
-8.3935 2.8691 -2.5111 0.9638
-8.4908 2.5660 -2.5110 0.9638
-8.5770 2.2596 -2.5109 0.9638
-8.6521 1.9504 -2.5108 0.9638
-8.7687 1.3247 -2.5105 0.9638
-8.8399 0.6924 -2.5102 0.9638
-8.8584 0.3748 -2.5100 0.9638
-8.8609 -0.2613 -2.5096 0.9638
-8.7790 -1.2116 -2.5088 0.9638
-8.7289 -1.5256 -2.5085 0.9638
-8.5950 -2.1471 -2.5080 0.9638
-8.5114 -2.4538 -2.5077 0.9638
-8.4168 -2.7572 -2.5073 0.9638
-8.3114 -3.0570 -2.5070 0.9639
-8.1953 -3.3528 -2.5067 0.9639
-8.0686 -3.6442 -2.5063 0.9639
-7.6270 -4.4881 -2.5052 0.9639
-7.4599 -4.7581 -2.5048 0.9639
-7.2832 -5.0219 -2.5045 0.9639
-7.0973 -5.2791 -2.5041 0.9639
-6.9022 -5.5295 -2.5037 0.9639
-6.6983 -5.7726 -2.5033 0.9639
-5.7997 -6.6670 -2.5016 0.9639
-4.2370 -7.7441 -2.4990 0.9640
-3.9557 -7.8898 -2.4986 0.9640
-3.3786 -8.1503 -2.4977 0.9640
-3.0835 -8.2649 -2.4973 0.9640
-2.7845 -8.3688 -2.4968 0.9640
-2.4820 -8.4618 -2.4964 0.9640
-2.1765 -8.5440 -2.4960 0.9640
-1.8682 -8.6152 -2.4956 0.9640
-1.2452 -8.7241 -2.4948 0.9640
-0.6162 -8.7881 -2.4940 0.9640
-0.3005 -8.8032 -2.4936 0.9640
0.0156 -8.8070 -2.4932 0.9640
0.3315 -8.7995 -2.4928 0.9641
0.6469 -8.7806 -2.4925 0.9641
0.9614 -8.7505 -2.4921 0.9641
1.2745 -8.7092 -2.4918 0.9641
1.8953 -8.5931 -2.4911 0.9641
2.2021 -8.5185 -2.4908 0.9641
2.5060 -8.4330 -2.4905 0.9641
2.8066 -8.3367 -2.4902 0.9641
4.2472 -7.6980 -2.4889 0.9641
4.5202 -7.5400 -2.4887 0.9641
4.7874 -7.3724 -2.4885 0.9641
5.7912 -6.6099 -2.4878 0.9641
6.2497 -6.1770 -2.4876 0.9641
6.4670 -5.9486 -2.4875 0.9641
7.0681 -5.2188 -2.4873 0.9641
7.5877 -4.4290 -2.4872 0.9641
8.0199 -3.5881 -2.4872 0.9641
8.4516 -2.4043 -2.4875 0.9641
8.6031 -1.7922 -2.4878 0.9641
8.7733 -0.5432 -2.4884 0.9641
8.7878 -0.2281 -2.4886 0.9641
8.7911 0.0873 -2.4888 0.9641
8.7333 1.0317 -2.4895 0.9641
8.6916 1.3445 -2.4898 0.9641
8.5747 1.9648 -2.4903 0.9641
8.4997 2.2714 -2.4906 0.9641
8.0947 2.7989 -2.4247 0.9650
7.5988 3.2547 -2.3402 0.9662
7.4782 3.5257 -2.3405 0.9662
7.3479 3.7923 -2.3408 0.9662
7.2082 4.0541 -2.3412 0.9662
5.9546 3.9363 -2.0207 0.9708
6.1814 5.5057 -2.3434 0.9662
5.9809 5.7249 -2.3438 0.9662
5.3338 6.3376 -2.3450 0.9662
4.8673 6.7060 -2.3458 0.9661
4.6244 6.8775 -2.3462 0.9661
4.1207 7.1939 -2.3470 0.9661
3.8606 7.3384 -2.3474 0.9661
3.3256 7.5990 -2.3482 0.9661
1.9177 8.0774 -2.3502 0.9661
1.3340 8.1968 -2.3510 0.9661
1.0392 8.2407 -2.3514 0.9661
-0.4485 8.3003 -2.3532 0.9660
-0.7461 8.2800 -2.3535 0.9660
-1.0429 8.2491 -2.3538 0.9660
-1.6322 8.1553 -2.3545 0.9660
-1.9240 8.0925 -2.3548 0.9660
-2.2133 8.0193 -2.3551 0.9660
-2.4999 7.9357 -2.3554 0.9660
-3.0633 7.7377 -2.3559 0.9660
-3.6110 7.4997 -2.3564 0.9660
-3.8781 7.3660 -2.3566 0.9660
-4.3971 7.0702 -2.3570 0.9660
-4.6483 6.9085 -2.3572 0.9660
-4.8936 6.7377 -2.3574 0.9660
-5.1325 6.5583 -2.3576 0.9660
-6.6036 5.0783 -2.3583 0.9660
-7.7308 4.3448 -2.5105 0.9638
-8.5697 2.2872 -2.5109 0.9638
-8.7108 1.6667 -2.5107 0.9638
-8.7645 1.3530 -2.5105 0.9638
-8.8068 1.0376 -2.5104 0.9638
-8.8572 0.4033 -2.5100 0.9638
-8.8469 -0.5506 -2.5094 0.9638
-8.7829 -1.1833 -2.5088 0.9638
-8.7339 -1.4975 -2.5086 0.9638
-8.6735 -1.8097 -2.5083 0.9638
-8.4258 -2.7302 -2.5074 0.9638
-8.3213 -3.0303 -2.5070 0.9639
-8.2061 -3.3265 -2.5067 0.9639
-8.0804 -3.6182 -2.5064 0.9639
-7.9442 -3.9052 -2.5060 0.9639
-7.7979 -4.1871 -2.5056 0.9639
-7.4753 -4.7341 -2.5049 0.9639
-7.2995 -4.9985 -2.5045 0.9639
-7.1143 -5.2563 -2.5041 0.9639
-6.5052 -5.9874 -2.5029 0.9639
-5.3277 -7.0463 -2.5008 0.9639
-5.0706 -7.2316 -2.5003 0.9639
-3.6953 -8.0135 -2.4982 0.9640
-1.5856 -8.6703 -2.4952 0.9640
-1.2733 -8.7202 -2.4948 0.9640
-0.9595 -8.7588 -2.4944 0.9640
-0.3288 -8.8023 -2.4936 0.9640
0.3032 -8.8006 -2.4929 0.9641
0.6186 -8.7828 -2.4925 0.9641
1.5581 -8.6619 -2.4915 0.9641
1.8676 -8.5993 -2.4911 0.9641
3.0770 -8.2397 -2.4900 0.9641
3.6592 -7.9962 -2.4894 0.9641
3.9434 -7.8590 -2.4892 0.9641
5.2804 -7.0262 -2.4882 0.9641
5.7700 -6.6286 -2.4878 0.9641
6.0037 -6.4169 -2.4877 0.9641
6.2298 -6.1971 -2.4876 0.9641
6.6576 -5.7340 -2.4874 0.9641
6.8589 -5.4913 -2.4873 0.9641
7.0513 -5.2415 -2.4873 0.9641
7.5734 -4.4534 -2.4872 0.9641
7.7283 -4.1788 -2.4872 0.9641
7.8733 -3.8988 -2.4872 0.9641
8.1329 -3.3243 -2.4873 0.9641
8.3508 -2.7327 -2.4874 0.9641
8.4438 -2.4314 -2.4875 0.9641
8.7066 -1.1988 -2.4880 0.9641
8.7714 -0.5714 -2.4884 0.9641
8.7870 -0.2564 -2.4886 0.9641
8.6958 1.3165 -2.4898 0.9641
8.5069 2.2440 -2.4906 0.9641
8.4078 2.5438 -2.4867 0.9641
8.1509 2.7890 -2.4388 0.9648
7.6092 3.2302 -2.3402 0.9662
7.4894 3.5016 -2.3405 0.9662
7.3600 3.7686 -2.3408 0.9662
6.1837 3.7488 -2.0471 0.9704
5.9513 3.9066 -2.0153 0.9708
6.7493 4.7855 -2.3422 0.9662
6.3908 5.2589 -2.3430 0.9662
6.1990 5.4857 -2.3434 0.9662
5.9992 5.7055 -2.3438 0.9662
5.3541 6.3203 -2.3449 0.9662
4.6464 6.8625 -2.3461 0.9661
3.0761 7.7048 -2.3486 0.9661
2.7982 7.8115 -2.3490 0.9661
2.5166 7.9082 -2.3494 0.9661
2.2316 7.9948 -2.3498 0.9661
1.9437 8.0711 -2.3502 0.9661
1.6531 8.1369 -2.3506 0.9661
1.3603 8.1924 -2.3510 0.9661
1.0657 8.2372 -2.3513 0.9661
0.7696 8.2715 -2.3517 0.9661
0.4724 8.2951 -2.3521 0.9660
0.1745 8.3080 -2.3524 0.9660
-0.7195 8.2823 -2.3535 0.9660
-1.0163 8.2523 -2.3538 0.9660
-1.3119 8.2117 -2.3541 0.9660
-2.4743 7.9436 -2.3553 0.9660
-2.7581 7.8506 -2.3556 0.9660
-3.3147 7.6343 -2.3561 0.9660
-3.5868 7.5112 -2.3564 0.9660
-3.8543 7.3784 -2.3566 0.9660
-4.3743 7.0843 -2.3570 0.9660
-4.8718 6.7534 -2.3574 0.9660
-5.3442 6.3875 -2.3577 0.9660
-5.5703 6.1920 -2.3578 0.9660
-5.7892 5.9885 -2.3580 0.9660
-6.0006 5.7772 -2.3581 0.9660
-6.2042 5.5584 -2.3582 0.9660
-6.5873 5.0995 -2.3583 0.9660
-6.7661 4.8600 -2.3584 0.9660
-7.8713 4.0914 -2.5113 0.9638
-8.1442 3.5163 -2.5113 0.9638
-8.5623 2.3148 -2.5110 0.9638
-8.7601 1.3812 -2.5106 0.9638
-8.8354 0.7493 -2.5102 0.9638
-8.8559 0.4319 -2.5100 0.9638
-8.8626 -0.2043 -2.5096 0.9638
-8.8487 -0.5221 -2.5094 0.9638
-8.7387 -1.4694 -2.5086 0.9638
-8.5272 -2.3990 -2.5077 0.9638
-8.4346 -2.7031 -2.5074 0.9638
-8.3311 -3.0035 -2.5071 0.9639
-8.2169 -3.3001 -2.5067 0.9639
-8.0921 -3.5923 -2.5064 0.9639
-7.9568 -3.8797 -2.5060 0.9639
-7.6559 -4.4390 -2.5053 0.9639
-7.4906 -4.7101 -2.5049 0.9639
-7.1313 -5.2335 -2.5041 0.9639
-6.5245 -5.9665 -2.5029 0.9639
-6.0778 -6.4169 -2.5021 0.9639
-5.6001 -6.8339 -2.5012 0.9639
-5.0939 -7.2154 -2.5004 0.9639
-4.0066 -7.8644 -2.4986 0.9640
-3.7212 -8.0017 -2.4982 0.9640
-3.4311 -8.1287 -2.4978 0.9640
-2.8384 -8.3509 -2.4969 0.9640
-2.2315 -8.5301 -2.4961 0.9640
-1.9237 -8.6032 -2.4957 0.9640
-1.6135 -8.6653 -2.4952 0.9640
-1.3014 -8.7162 -2.4948 0.9640
-0.3571 -8.8014 -2.4937 0.9640
0.2748 -8.8017 -2.4929 0.9641
1.5302 -8.6670 -2.4915 0.9641
1.8399 -8.6053 -2.4912 0.9641
2.7529 -8.3548 -2.4903 0.9641
3.0505 -8.2497 -2.4900 0.9641
3.3442 -8.1340 -2.4897 0.9641
3.6335 -8.0080 -2.4894 0.9641
4.1976 -7.7253 -2.4890 0.9641
4.4716 -7.5691 -2.4888 0.9641
5.9831 -6.4363 -2.4877 0.9641
6.2099 -6.2172 -2.4876 0.9641
6.8412 -5.5133 -2.4873 0.9641
7.0344 -5.2642 -2.4873 0.9641
7.2186 -5.0083 -2.4872 0.9641
7.5590 -4.4777 -2.4872 0.9641
7.7148 -4.2036 -2.4872 0.9641
7.8607 -3.9242 -2.4872 0.9641
7.9966 -3.6397 -2.4872 0.9641
8.5191 -2.1544 -2.4876 0.9641
8.7860 -0.2847 -2.4886 0.9641
8.7681 0.6612 -2.4892 0.9641
8.7396 0.9754 -2.4895 0.9641
8.5870 1.9095 -2.4903 0.9641
8.5140 2.2166 -2.4906 0.9641
-1.1204 -8.0343 -2.4951 0.9666
-0.8313 -8.0681 -2.4947 0.9666
-0.5412 -8.0916 -2.4944 0.9666
0.0404 -8.1073 -2.4937 0.9666
0.3312 -8.0995 -2.4933 0.9666
1.1991 -8.0139 -2.4923 0.9667
1.4857 -7.9647 -2.4920 0.9667
1.7703 -7.9053 -2.4917 0.9667
2.0525 -7.8358 -2.4914 0.9667
2.3321 -7.7563 -2.4912 0.9667
2.6086 -7.6668 -2.4909 0.9667
3.1510 -7.4585 -2.4904 0.9667
3.4162 -7.3399 -2.4902 0.9667
4.4296 -6.7735 -2.4893 0.9667
4.9033 -6.4376 -2.4890 0.9667
5.3517 -6.0687 -2.4887 0.9667
5.7726 -5.6688 -2.4885 0.9667
6.8495 -4.3040 -2.4881 0.9667
6.9994 -4.0554 -2.4881 0.9667
7.1405 -3.8017 -2.4881 0.9667
7.5079 -3.0126 -2.4882 0.9667
7.6113 -2.7414 -2.4883 0.9667
7.7050 -2.4666 -2.4884 0.9667
7.7888 -2.1886 -2.4885 0.9667
7.8627 -1.9079 -2.4886 0.9667
8.0234 -1.0521 -2.4890 0.9667
8.0565 -0.7636 -2.4891 0.9667
8.0917 -0.1840 -2.4895 0.9667
8.0666 0.6867 -2.4901 0.9667
7.9981 1.2636 -2.4906 0.9667
7.9484 1.5499 -2.4908 0.9667
7.7377 2.3955 -2.4914 0.9667
7.6344 2.6673 -2.4874 0.9667
7.3972 2.8862 -2.4423 0.9673
6.9859 3.0188 -2.3408 0.9687
6.7532 3.5129 -2.3414 0.9686
6.6237 3.7535 -2.3417 0.9686
6.1094 3.7578 -2.2061 0.9704
5.9388 3.9533 -2.1943 0.9706
6.1847 4.4453 -2.3427 0.9686
5.8517 4.8788 -2.3434 0.9686
5.6738 5.0864 -2.3437 0.9686
5.4885 5.2875 -2.3441 0.9686
5.2960 5.4818 -2.3444 0.9686
4.8908 5.8493 -2.3452 0.9686
4.2360 6.3440 -2.3463 0.9686
4.0063 6.4929 -2.3467 0.9686
3.5315 6.7656 -2.3474 0.9686
3.0383 7.0037 -2.3482 0.9686
2.2692 7.2931 -2.3493 0.9685
1.4731 7.4981 -2.3503 0.9685
1.2033 7.5473 -2.3507 0.9685
0.3856 7.6362 -2.3517 0.9685
0.1114 7.6462 -2.3521 0.9685
-0.1630 7.6464 -2.3524 0.9685
-0.7111 7.6170 -2.3530 0.9685
-0.9841 7.5876 -2.3533 0.9685
-1.5260 7.4994 -2.3539 0.9685
-1.7943 7.4407 -2.3542 0.9685
-2.5843 7.2072 -2.3550 0.9685
-3.5900 6.7660 -2.3559 0.9685
-3.8308 6.6334 -2.3561 0.9685
-4.0666 6.4921 -2.3563 0.9684
-4.2973 6.3425 -2.3564 0.9684
-4.7416 6.0188 -2.3567 0.9684
-4.9548 5.8452 -2.3569 0.9684
-5.3617 5.4754 -2.3571 0.9684
-5.5550 5.2797 -2.3572 0.9684
-5.7410 5.0772 -2.3573 0.9684
-5.9197 4.8681 -2.3574 0.9684
-6.9797 4.2284 -2.5100 0.9664
-7.1279 3.9758 -2.5104 0.9664
-7.2659 3.7175 -2.5104 0.9664
-7.3946 3.4544 -2.5103 0.9664
-7.5136 3.1868 -2.5103 0.9664
-7.6229 2.9151 -2.5102 0.9664
-7.7224 2.6397 -2.5102 0.9664
-7.8119 2.3608 -2.5101 0.9664
-7.8913 2.0790 -2.5100 0.9664
-8.1058 0.9285 -2.5095 0.9664
-8.1334 0.6371 -2.5093 0.9664
-8.1504 0.3448 -2.5091 0.9664
-8.1132 -0.8243 -2.5083 0.9664
-8.0316 -1.4037 -2.5078 0.9665
-7.9753 -1.6908 -2.5075 0.9665
-7.9086 -1.9756 -2.5073 0.9665
-7.6479 -2.8130 -2.5064 0.9665
-7.4246 -3.3533 -2.5058 0.9665
-7.1631 -3.8761 -2.5051 0.9665
-6.8648 -4.3785 -2.5044 0.9665
-6.1642 -5.3124 -2.5029 0.9665
-5.9688 -5.5293 -2.5025 0.9665
-5.1132 -6.3223 -2.5010 0.9665
-4.8823 -6.5007 -2.5006 0.9665
-4.1536 -6.9843 -2.4994 0.9666
-3.3775 -7.3866 -2.4982 0.9666
-3.1098 -7.5019 -2.4978 0.9666
-2.5630 -7.7031 -2.4970 0.9666
-2.2846 -7.7889 -2.4966 0.9666
-2.0034 -7.8646 -2.4962 0.9666
-1.7197 -7.9302 -2.4959 0.9666
-0.5673 -8.0899 -2.4944 0.9666
-0.2766 -8.1039 -2.4940 0.9666
0.3051 -8.1006 -2.4933 0.9666
0.5955 -8.0834 -2.4930 0.9666
0.8850 -8.0557 -2.4927 0.9667
2.5839 -7.6752 -2.4909 0.9667
2.8573 -7.5768 -2.4907 0.9667
3.1270 -7.4687 -2.4904 0.9667
3.3926 -7.3510 -2.4902 0.9667
3.6538 -7.2239 -2.4900 0.9667
3.9103 -7.0875 -2.4897 0.9667
4.1618 -6.9421 -2.4895 0.9667
4.4078 -6.7878 -2.4894 0.9667
5.1107 -6.2737 -2.4889 0.9667
5.5468 -5.8904 -2.4886 0.9667
5.7543 -5.6874 -2.4885 0.9667
6.1469 -5.2597 -2.4883 0.9667
6.5079 -4.8052 -2.4882 0.9667
6.6760 -4.5685 -2.4882 0.9667
6.8356 -4.3260 -2.4881 0.9667
7.1282 -3.8247 -2.4881 0.9667
7.3842 -3.3037 -2.4882 0.9667
7.4981 -3.0367 -2.4882 0.9667
7.6025 -2.7658 -2.4883 0.9667
7.8565 -1.9331 -2.4886 0.9667
7.9211 -1.6501 -2.4887 0.9667
8.0539 -0.7896 -2.4891 0.9667
8.0776 -0.5001 -2.4893 0.9667
8.0910 -0.2100 -2.4894 0.9667
8.0405 0.9499 -2.4903 0.9667
7.9533 1.5243 -2.4908 0.9667
7.8943 1.8089 -2.4911 0.9667
7.8252 2.0912 -2.4913 0.9667
7.4456 2.8775 -2.4552 0.9671
6.9955 2.9963 -2.3407 0.9687
6.1448 3.7523 -2.2145 0.9703
6.1989 4.4253 -2.3426 0.9686
6.0370 4.6456 -2.3430 0.9686
5.5054 5.2697 -2.3440 0.9686
5.3136 5.4647 -2.3444 0.9686
5.1149 5.6527 -2.3448 0.9686
4.6979 6.0068 -2.3455 0.9686
4.4800 6.1725 -2.3459 0.9686
4.0272 6.4799 -2.3466 0.9686
2.2926 7.2856 -2.3492 0.9685
2.0301 7.3643 -2.3496 0.9685
0.9563 7.5836 -2.3510 0.9685
0.6837 7.6141 -2.3514 0.9685
0.1360 7.6457 -2.3520 0.9685
-0.1384 7.6468 -2.3524 0.9685
-0.4127 7.6379 -2.3527 0.9685
-0.9596 7.5907 -2.3533 0.9685
-1.2315 7.5523 -2.3536 0.9685
-1.5019 7.5042 -2.3539 0.9685
-1.7703 7.4463 -2.3542 0.9685
-2.8185 7.1196 -2.3552 0.9685
-3.5682 6.7774 -2.3559 0.9685
-3.8094 6.6456 -2.3560 0.9685
-4.2768 6.3563 -2.3564 0.9684
-4.5024 6.1992 -2.3566 0.9684
-4.9359 5.8611 -2.3569 0.9684
-5.7246 5.0956 -2.3573 0.9684
-6.0756 4.6722 -2.3574 0.9684
-6.4663 4.6132 -2.4432 0.9673
-6.7961 4.4894 -2.5052 0.9665
-6.9649 4.2502 -2.5096 0.9664
-7.3834 3.4782 -2.5103 0.9664
-7.6135 2.9397 -2.5103 0.9664
-7.9546 1.8201 -2.5099 0.9664
-8.0144 1.5334 -2.5098 0.9664
-8.1028 0.9546 -2.5095 0.9664
-8.1493 0.3711 -2.5091 0.9664
-8.1537 -0.2142 -2.5088 0.9664
-8.0812 -1.0888 -2.5081 0.9665
-8.0362 -1.3779 -2.5078 0.9665
-7.9807 -1.6651 -2.5076 0.9665
-7.8391 -2.2326 -2.5070 0.9665
-7.7530 -2.5122 -2.5067 0.9665
-7.6570 -2.7884 -2.5064 0.9665
-7.4354 -3.3294 -2.5058 0.9665
-7.3102 -3.5936 -2.5055 0.9665
-7.1756 -3.8530 -2.5051 0.9665
-7.0318 -4.1074 -2.5048 0.9665
-6.3682 -5.0682 -2.5033 0.9665
-6.1814 -5.2926 -2.5030 0.9665
-5.9866 -5.5101 -2.5026 0.9665
-5.5744 -5.9234 -2.5018 0.9665
-4.9033 -6.4850 -2.5006 0.9665
-4.6667 -6.6557 -2.5002 0.9666
-4.4242 -6.8178 -2.4998 0.9666
-3.4013 -7.3758 -2.4982 0.9666
-3.1340 -7.4919 -2.4978 0.9666
-2.8627 -7.5983 -2.4975 0.9666
-2.5878 -7.6949 -2.4971 0.9666
-2.3097 -7.7816 -2.4967 0.9666
-2.0288 -7.8583 -2.4963 0.9666
-1.4596 -7.9811 -2.4955 0.9666
-1.1721 -8.0271 -2.4951 0.9666
0.2791 -8.1017 -2.4934 0.9666
0.5695 -8.0854 -2.4930 0.9666
1.1475 -8.0216 -2.4924 0.9667
1.4344 -7.9743 -2.4921 0.9667
1.7194 -7.9167 -2.4918 0.9667
2.2821 -7.7713 -2.4912 0.9667
2.5592 -7.6836 -2.4909 0.9667
2.8329 -7.5860 -2.4907 0.9667
3.1030 -7.4788 -2.4904 0.9667
3.3690 -7.3619 -2.4902 0.9667
4.8618 -6.4691 -2.4890 0.9667
5.5278 -5.9083 -2.4886 0.9667
5.7360 -5.7059 -2.4885 0.9667
6.1300 -5.2795 -2.4883 0.9667
6.6613 -4.5900 -2.4882 0.9667
6.8216 -4.3480 -2.4881 0.9667
6.9732 -4.1004 -2.4881 0.9667
7.3735 -3.3275 -2.4882 0.9667
7.9157 -1.6756 -2.4887 0.9667
7.9712 -1.3906 -2.4888 0.9667
8.0164 -1.1038 -2.4889 0.9667
8.0759 -0.5261 -2.4892 0.9667
8.0902 -0.2361 -2.4894 0.9667
8.0941 0.0543 -2.4896 0.9667
8.0876 0.3447 -2.4898 0.9667
8.0707 0.6347 -2.4900 0.9667
8.0435 0.9240 -2.4903 0.9667
8.0059 1.2121 -2.4905 0.9667
7.9581 1.4987 -2.4908 0.9667
7.9000 1.7834 -2.4910 0.9667
7.8318 2.0659 -2.4913 0.9667
7.7535 2.3459 -2.4916 0.9667
7.6536 2.6188 -2.4881 0.9667
6.8947 3.2235 -2.3410 0.9687
6.7755 3.4693 -2.3413 0.9686
6.6476 3.7106 -2.3416 0.9686
6.1708 3.7410 -2.2195 0.9703
6.2130 4.4053 -2.3426 0.9686
5.7062 5.0496 -2.3437 0.9686
5.1330 5.6361 -2.3447 0.9686
4.7171 5.9916 -2.3455 0.9686
4.2767 6.3164 -2.3462 0.9686
3.3313 6.8676 -2.3477 0.9686
3.0832 6.9838 -2.3481 0.9686
2.8311 7.0910 -2.3485 0.9686
2.5753 7.1892 -2.3488 0.9685
0.9807 7.5804 -2.3510 0.9685
0.7082 7.6118 -2.3513 0.9685
0.1606 7.6452 -2.3520 0.9685
-0.1138 7.6471 -2.3523 0.9685
-0.3881 7.6391 -2.3527 0.9685
-0.6621 7.6213 -2.3530 0.9685
-1.7463 7.4519 -2.3541 0.9685
-2.2767 7.3092 -2.3547 0.9685
-2.7956 7.1286 -2.3552 0.9685
-3.5464 6.7888 -2.3558 0.9685
-3.7880 6.6578 -2.3560 0.9685
-4.9170 5.8769 -2.3568 0.9684
-5.3263 5.5097 -2.3571 0.9684
-5.8882 4.9061 -2.3573 0.9684
-6.4182 4.6101 -2.4306 0.9675
-6.7805 4.5106 -2.5049 0.9665
-7.1022 4.0216 -2.5104 0.9664
-7.2419 3.7642 -2.5104 0.9664
-7.6041 2.9642 -2.5103 0.9664
-7.7053 2.6894 -2.5102 0.9664
-7.7966 2.4111 -2.5101 0.9664
-7.9488 1.8457 -2.5099 0.9664
-8.0095 1.5592 -2.5098 0.9664
-8.0598 1.2708 -2.5097 0.9664
-8.0997 0.9807 -2.5095 0.9664
-8.1565 0.1047 -2.5090 0.9664
-8.1544 -0.1880 -2.5088 0.9664
-8.0848 -1.0628 -2.5081 0.9665
-7.9861 -1.6395 -2.5076 0.9665
-7.6660 -2.7637 -2.5064 0.9665
-7.4462 -3.3055 -2.5058 0.9665
-7.1881 -3.8300 -2.5052 0.9665
-7.0451 -4.0848 -2.5048 0.9665
-6.8930 -4.3344 -2.5045 0.9665
-6.5626 -4.8161 -2.5037 0.9665
-6.3846 -5.0477 -2.5034 0.9665
-6.1985 -5.2727 -2.5030 0.9665
-5.8026 -5.7019 -2.5022 0.9665
-5.1540 -6.2895 -2.5011 0.9665
-4.6882 -6.6408 -2.5003 0.9666
-4.4462 -6.8036 -2.4999 0.9666
-4.1986 -6.9576 -2.4995 0.9666
-3.9456 -7.1026 -2.4991 0.9666
-3.4251 -7.3649 -2.4983 0.9666
-3.1581 -7.4819 -2.4979 0.9666
-2.8872 -7.5892 -2.4975 0.9666
-2.6126 -7.6867 -2.4971 0.9666
-2.3348 -7.7743 -2.4967 0.9666
-1.7708 -7.9192 -2.4959 0.9666
-0.9092 -8.0600 -2.4948 0.9666
-0.6193 -8.0863 -2.4945 0.9666
0.5435 -8.0872 -2.4931 0.9666
0.8332 -8.0615 -2.4927 0.9667
1.1217 -8.0254 -2.4924 0.9667
1.9768 -7.8555 -2.4915 0.9667
2.5345 -7.6919 -2.4910 0.9667
3.0789 -7.4888 -2.4905 0.9667
3.8647 -7.1126 -2.4898 0.9667
4.1170 -6.9689 -2.4896 0.9667
4.6055 -6.6547 -2.4892 0.9667
4.8410 -6.4848 -2.4890 0.9667
5.5088 -5.9261 -2.4886 0.9667
5.7176 -5.7243 -2.4885 0.9667
5.9191 -5.5153 -2.4884 0.9667
6.4769 -4.8470 -2.4882 0.9667
6.8076 -4.3699 -2.4881 0.9667
6.9600 -4.1228 -2.4881 0.9667
7.1034 -3.8705 -2.4881 0.9667
7.5845 -2.8147 -2.4883 0.9667
8.0486 -0.8414 -2.4891 0.9667
8.0742 -0.5521 -2.4892 0.9667
8.0893 -0.2621 -2.4894 0.9667
8.0942 0.0283 -2.4896 0.9667
8.0886 0.3187 -2.4898 0.9667
8.0464 0.8981 -2.4903 0.9667
-1.0368 -7.4351 -2.4954 0.9689
-0.5009 -7.4883 -2.4947 0.9689
-0.2318 -7.5005 -2.4944 0.9689
0.5752 -7.4791 -2.4934 0.9689
0.8431 -7.4528 -2.4931 0.9689
1.6384 -7.3165 -2.4923 0.9689
2.4143 -7.0959 -2.4915 0.9689
2.6671 -7.0041 -2.4913 0.9689
2.9164 -6.9032 -2.4911 0.9689
3.1619 -6.7936 -2.4908 0.9689
3.4034 -6.6752 -2.4906 0.9689
3.6404 -6.5483 -2.4904 0.9689
4.1000 -6.2695 -2.4901 0.9689
4.9535 -5.6172 -2.4895 0.9689
5.3431 -5.2471 -2.4893 0.9689
5.8755 -4.6422 -2.4891 0.9689
6.0381 -4.4283 -2.4890 0.9689
6.1930 -4.2088 -2.4890 0.9689
6.6093 -3.5189 -2.4890 0.9689
7.0452 -2.5374 -2.4891 0.9689
7.1319 -2.2831 -2.4892 0.9689
7.2094 -2.0258 -2.4893 0.9689
7.2777 -1.7659 -2.4894 0.9689
7.3367 -1.5037 -2.4895 0.9689
7.3863 -1.2396 -2.4896 0.9689
7.4264 -0.9739 -2.4897 0.9689
7.4570 -0.7068 -2.4899 0.9689
7.4780 -0.4389 -2.4900 0.9689
7.4026 1.1695 -2.4912 0.9689
7.3011 1.6977 -2.4917 0.9689
7.2363 1.9588 -2.4919 0.9689
7.0784 2.4730 -2.4924 0.9689
6.9748 2.7214 -2.4887 0.9689
6.2499 3.2511 -2.3418 0.9707
6.1300 3.4737 -2.3421 0.9707
6.0022 3.6919 -2.3424 0.9707
5.8667 3.9054 -2.3427 0.9707
5.7236 4.1139 -2.3430 0.9707
5.5730 4.3172 -2.3433 0.9707
5.4153 4.5149 -2.3436 0.9707
5.2506 4.7070 -2.3440 0.9707
4.7164 5.2461 -2.3450 0.9707
4.5258 5.4128 -2.3453 0.9707
4.3293 5.5725 -2.3456 0.9707
4.1272 5.7250 -2.3460 0.9707
3.2677 6.2602 -2.3474 0.9707
2.8112 6.4804 -2.3481 0.9707
2.3400 6.6672 -2.3488 0.9707
1.8564 6.8198 -2.3494 0.9706
1.1133 6.9828 -2.3504 0.9706
0.3567 7.0648 -2.3514 0.9706
0.1031 7.0740 -2.3517 0.9706
-0.1508 7.0741 -2.3520 0.9706
-0.9104 7.0195 -2.3529 0.9706
-2.3906 6.6672 -2.3544 0.9706
-3.0940 6.3734 -2.3550 0.9706
-3.3210 6.2589 -2.3552 0.9706
-3.5437 6.1361 -2.3554 0.9706
-3.9751 5.8671 -2.3557 0.9706
-4.1833 5.7210 -2.3559 0.9706
-4.7746 5.2392 -2.3562 0.9706
-4.9597 5.0648 -2.3563 0.9706
-5.1384 4.8838 -2.3564 0.9706
-6.4571 3.9118 -2.5095 0.9687
-7.1433 2.4417 -2.5094 0.9687
-7.2995 1.9231 -2.5092 0.9687
-7.3635 1.6599 -2.5091 0.9687
-7.4180 1.3946 -2.5090 0.9687
-7.4629 1.1275 -2.5088 0.9687
-7.5236 0.5893 -2.5086 0.9687
-7.5455 0.0483 -2.5082 0.9687
-7.4723 -1.0313 -2.5074 0.9687
-7.4298 -1.2985 -2.5072 0.9687
-7.3778 -1.5641 -2.5069 0.9687
-7.0751 -2.6023 -2.5059 0.9687
-6.9764 -2.8542 -2.5056 0.9687
-6.8687 -3.1023 -2.5053 0.9687
-6.7522 -3.3463 -2.5050 0.9687
-6.4932 -3.8209 -2.5043 0.9687
-5.8767 -4.7079 -2.5030 0.9688
-5.7032 -4.9151 -2.5027 0.9688
-5.3346 -5.3099 -2.5019 0.9688
-5.1399 -5.4971 -2.5016 0.9688
-4.9386 -5.6771 -2.5012 0.9688
-4.5175 -6.0149 -2.5005 0.9688
-4.0733 -6.3215 -2.4998 0.9688
-3.8433 -6.4626 -2.4994 0.9688
-3.3690 -6.7196 -2.4986 0.9688
-2.6264 -7.0396 -2.4975 0.9688
-2.3717 -7.1282 -2.4972 0.9688
-2.1142 -7.2077 -2.4968 0.9688
-1.5914 -7.3387 -2.4961 0.9688
-1.0608 -7.4318 -2.4954 0.9689
-0.5250 -7.4868 -2.4947 0.9689
0.5511 -7.4810 -2.4935 0.9689
1.3513 -7.3759 -2.4926 0.9689
2.1353 -7.1857 -2.4918 0.9689
2.8942 -6.9126 -2.4911 0.9689
3.3819 -6.6862 -2.4906 0.9689
3.6193 -6.5600 -2.4905 0.9689
4.0798 -6.2827 -2.4901 0.9689
4.5193 -5.9732 -2.4898 0.9689
4.7304 -5.8069 -2.4896 0.9689
5.1341 -5.4522 -2.4894 0.9689
5.3262 -5.2643 -2.4893 0.9689
5.5115 -5.0696 -2.4892 0.9689
5.6896 -4.8685 -2.4891 0.9689
5.8605 -4.6611 -2.4891 0.9689
6.3271 -4.0042 -2.4890 0.9689
6.5980 -3.5402 -2.4890 0.9689
6.7208 -3.3012 -2.4890 0.9689
6.8350 -3.0580 -2.4890 0.9689
6.9404 -2.8108 -2.4890 0.9689
7.0369 -2.5601 -2.4891 0.9689
7.1244 -2.3060 -2.4892 0.9689
7.2028 -2.0490 -2.4893 0.9689
7.2720 -1.7893 -2.4893 0.9689
7.3822 -1.2634 -2.4896 0.9689
7.4232 -0.9977 -2.4897 0.9689
7.4766 -0.4629 -2.4900 0.9689
7.4846 0.3432 -2.4905 0.9689
7.4681 0.6115 -2.4907 0.9689
7.4063 1.1457 -2.4912 0.9689
7.3611 1.4108 -2.4914 0.9689
7.3065 1.6742 -2.4917 0.9689
7.2425 1.9354 -2.4919 0.9689
6.9845 2.6993 -2.4890 0.9689
6.8732 2.9439 -2.4855 0.9690
6.4227 3.0281 -2.3603 0.9705
6.0140 3.6725 -2.3424 0.9707
5.5868 4.2991 -2.3433 0.9707
5.4297 4.4974 -2.3436 0.9707
5.2656 4.6900 -2.3439 0.9707
4.9171 5.0569 -2.3446 0.9707
4.7332 5.2309 -2.3449 0.9707
4.1456 5.7116 -2.3460 0.9707
3.9386 5.8576 -2.3463 0.9707
3.7264 5.9960 -2.3466 0.9707
3.5094 6.1267 -2.3470 0.9707
2.8320 6.4712 -2.3480 0.9707
2.3614 6.6596 -2.3487 0.9707
2.1213 6.7410 -2.3491 0.9707
1.6329 6.8777 -2.3497 0.9706
1.3853 6.9328 -2.3501 0.9706
1.1358 6.9791 -2.3504 0.9706
0.3795 7.0636 -2.3514 0.9706
-0.3818 7.0662 -2.3523 0.9706
-0.6352 7.0488 -2.3525 0.9706
-0.8878 7.0223 -2.3528 0.9706
-1.6377 6.8886 -2.3536 0.9706
-2.1279 6.7548 -2.3541 0.9706
-2.6073 6.5861 -2.3546 0.9706
-2.8422 6.4889 -2.3548 0.9706
-3.3008 6.2695 -2.3552 0.9706
-3.9562 5.8798 -2.3557 0.9706
-4.1649 5.7344 -2.3559 0.9706
-4.3682 5.5816 -2.3560 0.9706
-4.7577 5.2546 -2.3562 0.9706
-5.1226 4.9003 -2.3564 0.9706
-5.9083 4.5436 -2.4775 0.9691
-6.1348 4.3767 -2.5050 0.9687
-6.2980 4.1604 -2.5090 0.9687
-6.4445 3.9326 -2.5095 0.9687
-6.5815 3.6989 -2.5095 0.9687
-6.8297 3.2173 -2.5095 0.9687
-6.9406 2.9702 -2.5095 0.9687
-7.0426 2.7192 -2.5094 0.9687
-7.1354 2.4647 -2.5094 0.9687
-7.2933 1.9466 -2.5092 0.9687
-7.3582 1.6836 -2.5091 0.9687
-7.4592 1.1515 -2.5089 0.9687
-7.4953 0.8831 -2.5087 0.9687
-7.5217 0.6135 -2.5086 0.9687
-7.5453 0.0726 -2.5082 0.9687
-7.5425 -0.1982 -2.5080 0.9687
-7.5300 -0.4686 -2.5078 0.9687
-7.5077 -0.7384 -2.5076 0.9687
-7.4757 -1.0072 -2.5074 0.9687
-7.3221 -1.8041 -2.5067 0.9687
-7.2519 -2.0654 -2.5064 0.9687
-7.1723 -2.3240 -2.5062 0.9687
-7.0835 -2.5796 -2.5059 0.9687
-6.9856 -2.8317 -2.5056 0.9687
-6.8787 -3.0802 -2.5053 0.9687
-6.6385 -3.5646 -2.5047 0.9687
-6.5055 -3.8000 -2.5044 0.9687
-6.3642 -4.0305 -2.5040 0.9687
-6.0571 -4.4753 -2.5034 0.9688
-5.8919 -4.6891 -2.5030 0.9688
-5.7191 -4.8967 -2.5027 0.9688
-5.3517 -5.2928 -2.5020 0.9688
-4.9569 -5.6613 -2.5013 0.9688
-4.5369 -6.0004 -2.5005 0.9688
-4.0937 -6.3084 -2.4998 0.9688
-3.6297 -6.5838 -2.4991 0.9688
-3.3907 -6.7088 -2.4987 0.9688
-2.3947 -7.1207 -2.4972 0.9688
-1.8774 -7.2720 -2.4965 0.9688
-1.3507 -7.3858 -2.4958 0.9688
-1.0847 -7.4285 -2.4955 0.9689
-0.2801 -7.4990 -2.4944 0.9689
0.7951 -7.4582 -2.4932 0.9689
1.0620 -7.4240 -2.4929 0.9689
1.3276 -7.3803 -2.4926 0.9689
2.1122 -7.1926 -2.4918 0.9689
2.3686 -7.1115 -2.4916 0.9689
2.6220 -7.0212 -2.4913 0.9689
2.8720 -6.9220 -2.4911 0.9689
3.1182 -6.8139 -2.4909 0.9689
3.5982 -6.5717 -2.4905 0.9689
4.5000 -5.9877 -2.4898 0.9689
5.3093 -5.2814 -2.4893 0.9689
5.4951 -5.0873 -2.4892 0.9689
5.6740 -4.8868 -2.4891 0.9689
6.4545 -3.7954 -2.4890 0.9689
6.9313 -2.8332 -2.4890 0.9689
7.1170 -2.3290 -2.4892 0.9689
7.1962 -2.0722 -2.4892 0.9689
7.2662 -1.8127 -2.4893 0.9689
7.3781 -1.2871 -2.4896 0.9689
7.4750 -0.4870 -2.4900 0.9689
7.4856 0.3191 -2.4905 0.9689
7.4700 0.5875 -2.4907 0.9689
7.4447 0.8552 -2.4909 0.9689
7.4099 1.1218 -2.4912 0.9689
7.2486 1.9121 -2.4919 0.9689
7.1761 2.1711 -2.4922 0.9689
7.0943 2.4275 -2.4924 0.9689
6.9940 2.6771 -2.4893 0.9689
6.8836 2.9221 -2.4858 0.9690
6.2706 3.2107 -2.3417 0.9707
5.6006 4.2811 -2.3433 0.9707
5.4441 4.4799 -2.3436 0.9707
5.1103 4.8601 -2.3442 0.9707
4.9333 5.0410 -2.3446 0.9707
4.7500 5.2155 -2.3449 0.9707
4.1639 5.6982 -2.3459 0.9707
3.5291 6.1153 -2.3470 0.9707
3.3079 6.2389 -2.3473 0.9707
3.0824 6.3545 -2.3477 0.9707
2.8528 6.4620 -2.3480 0.9707
2.3828 6.6519 -2.3487 0.9707
1.6550 6.8723 -2.3497 0.9706
1.4076 6.9283 -2.3500 0.9706
1.1582 6.9753 -2.3504 0.9706
0.9074 7.0133 -2.3507 0.9706
-0.1053 7.0747 -2.3519 0.9706
-0.3591 7.0673 -2.3522 0.9706
-0.6125 7.0507 -2.3525 0.9706
-1.1168 6.9903 -2.3531 0.9706
-1.3670 6.9465 -2.3534 0.9706
-1.6155 6.8938 -2.3536 0.9706
-2.1062 6.7616 -2.3541 0.9706
-2.3476 6.6823 -2.3543 0.9706
-2.8213 6.4980 -2.3548 0.9706
-3.0529 6.3931 -2.3550 0.9706
-4.9269 5.0966 -2.3563 0.9706
-5.1068 4.9167 -2.3564 0.9706
-5.2801 4.7305 -2.3565 0.9706
-5.4466 4.5381 -2.3566 0.9706
-5.8657 4.5409 -2.4658 0.9692
-6.1199 4.3958 -2.5047 0.9687
-6.4318 3.9533 -2.5095 0.9687
-6.5695 3.7200 -2.5095 0.9687
-6.9310 2.9925 -2.5095 0.9687
-7.2119 2.2303 -2.5093 0.9687
-7.2870 1.9700 -2.5092 0.9687
-7.4089 1.4423 -2.5090 0.9687
-7.4555 1.1755 -2.5089 0.9687
-7.5373 0.3676 -2.5084 0.9687
-7.5432 -0.1739 -2.5081 0.9687
-7.3878 -1.5166 -2.5070 0.9687
-7.2586 -2.0421 -2.5065 0.9687
-7.1798 -2.3009 -2.5062 0.9687
-7.0919 -2.5568 -2.5059 0.9687
-6.9948 -2.8092 -2.5056 0.9687
-6.7737 -3.3028 -2.5050 0.9687
-6.6500 -3.5433 -2.5047 0.9687
-6.5178 -3.7791 -2.5044 0.9687
-6.2284 -4.2357 -2.5037 0.9687
-6.0716 -4.4558 -2.5034 0.9688
-5.7349 -4.8784 -2.5027 0.9688
-4.9752 -5.6454 -2.5013 0.9688
-4.7688 -5.8194 -2.5009 0.9688
-4.5562 -5.9859 -2.5006 0.9688
-4.3379 -6.1446 -2.5002 0.9688
-3.6510 -6.5722 -2.4991 0.9688
-3.4123 -6.6979 -2.4987 0.9688
-3.1693 -6.8150 -2.4983 0.9688
-2.9224 -6.9234 -2.4980 0.9688
-2.6717 -7.0227 -2.4976 0.9688
-1.9008 -7.2660 -2.4965 0.9688
-1.3745 -7.3815 -2.4958 0.9688
-0.8414 -7.4590 -2.4951 0.9689
-0.5732 -7.4834 -2.4948 0.9689
-0.3043 -7.4981 -2.4945 0.9689
-0.0351 -7.5033 -2.4942 0.9689
1.0381 -7.4275 -2.4929 0.9689
1.3038 -7.3846 -2.4926 0.9689
1.8296 -7.2705 -2.4921 0.9689
3.0963 -6.8239 -2.4909 0.9689
3.3388 -6.7079 -2.4907 0.9689
3.5770 -6.5833 -2.4905 0.9689
4.2628 -6.1595 -2.4900 0.9689
4.4808 -6.0022 -2.4898 0.9689
4.6930 -5.8373 -2.4897 0.9689
4.8991 -5.6649 -2.4895 0.9689
5.2923 -5.2985 -2.4893 0.9689
5.4788 -5.1050 -2.4892 0.9689
5.6582 -4.9050 -2.4892 0.9689
5.8304 -4.6987 -2.4891 0.9689
6.1521 -4.2684 -2.4890 0.9689
6.3012 -4.0449 -2.4890 0.9689
6.6994 -3.3444 -2.4890 0.9689
6.8151 -3.1019 -2.4890 0.9689
7.0203 -2.6053 -2.4891 0.9689
7.2603 -1.8361 -2.4893 0.9689
7.3739 -1.3108 -2.4896 0.9689
7.4166 -1.0455 -2.4897 0.9689
7.4733 -0.5110 -2.4900 0.9689
7.4918 0.0262 -2.4903 0.9689
7.4866 0.2950 -2.4905 0.9689
7.4474 0.8312 -2.4909 0.9689
7.4134 1.0980 -2.4911 0.9689
-0.9639 -6.9119 -2.4957 0.9708
-0.7152 -6.9411 -2.4953 0.9708
0.5348 -6.9532 -2.4938 0.9708
0.7838 -6.9287 -2.4936 0.9708
2.0067 -6.6742 -2.4923 0.9708
2.4797 -6.5119 -2.4918 0.9708
3.1643 -6.2063 -2.4912 0.9708
3.3847 -6.0883 -2.4910 0.9708
3.6007 -5.9625 -2.4909 0.9708
3.8120 -5.8291 -2.4907 0.9708
4.0185 -5.6883 -2.4906 0.9708
4.7899 -5.0540 -2.4901 0.9709
5.1396 -4.6971 -2.4899 0.9709
5.4630 -4.3163 -2.4898 0.9709
5.6142 -4.1174 -2.4897 0.9709
5.7582 -3.9133 -2.4897 0.9709
5.8949 -3.7041 -2.4897 0.9709
6.0240 -3.4902 -2.4897 0.9709
6.1453 -3.2719 -2.4897 0.9709
6.2588 -3.0493 -2.4897 0.9709
6.4615 -2.5927 -2.4898 0.9709
6.7032 -1.8836 -2.4900 0.9709
6.9528 -0.4080 -2.4907 0.9708
6.9634 -0.1583 -2.4908 0.9708
6.9578 0.3415 -2.4912 0.9708
6.9416 0.5909 -2.4914 0.9708
6.9165 0.8397 -2.4916 0.9708
6.7880 1.5784 -2.4922 0.9708
6.4950 2.5342 -2.4932 0.9708
6.3917 2.7621 -2.4900 0.9709
6.2803 2.9857 -2.4868 0.9709
5.9324 3.0860 -2.3913 0.9720
5.5800 3.4322 -2.3427 0.9726
5.4540 3.6306 -2.3430 0.9726
5.3208 3.8244 -2.3433 0.9725
5.0342 4.1972 -2.3439 0.9725
4.8810 4.3757 -2.3442 0.9725
4.7215 4.5486 -2.3445 0.9725
4.5558 4.7157 -2.3448 0.9725
4.2071 5.0316 -2.3454 0.9725
3.4459 5.5847 -2.3467 0.9725
3.2438 5.7055 -2.3470 0.9725
3.0374 5.8190 -2.3473 0.9725
2.8271 5.9250 -2.3477 0.9725
2.3956 6.1142 -2.3483 0.9725
2.1750 6.1970 -2.3486 0.9725
1.9515 6.2719 -2.3489 0.9725
1.7254 6.3387 -2.3493 0.9725
1.2668 6.4479 -2.3499 0.9725
1.0348 6.4900 -2.3502 0.9725
0.5669 6.5492 -2.3508 0.9725
0.3316 6.5661 -2.3511 0.9725
-0.3760 6.5660 -2.3519 0.9724
-1.0797 6.4898 -2.3527 0.9724
-1.3120 6.4476 -2.3529 0.9724
-1.5426 6.3970 -2.3532 0.9724
-1.7713 6.3382 -2.3534 0.9724
-1.9978 6.2711 -2.3536 0.9724
-2.6607 6.0217 -2.3543 0.9724
-3.0862 5.8163 -2.3546 0.9724
-3.2931 5.7023 -2.3548 0.9724
-3.4958 5.5808 -2.3550 0.9724
-4.2591 5.0245 -2.3555 0.9724
-4.4369 4.8687 -2.3556 0.9724
-5.0416 4.4587 -2.4068 0.9718
-5.5671 4.2528 -2.5053 0.9707
-5.7241 4.0559 -2.5088 0.9706
-6.2455 3.1954 -2.5088 0.9706
-6.5525 2.5058 -2.5087 0.9706
-6.7149 2.0293 -2.5086 0.9706
-6.7832 1.7870 -2.5085 0.9706
-6.8933 1.2959 -2.5083 0.9706
-6.9350 1.0477 -2.5082 0.9706
-7.0086 -0.2067 -2.5074 0.9707
-6.9746 -0.7087 -2.5070 0.9707
-6.8563 -1.4536 -2.5064 0.9707
-6.7991 -1.6985 -2.5061 0.9707
-6.7332 -1.9411 -2.5059 0.9707
-6.3835 -2.8831 -2.5048 0.9707
-6.1590 -3.3327 -2.5043 0.9707
-5.9027 -3.7649 -2.5037 0.9707
-5.7631 -3.9738 -2.5034 0.9707
-4.9582 -4.9353 -2.5018 0.9707
-4.7773 -5.1093 -2.5014 0.9707
-4.3975 -5.4373 -2.5007 0.9707
-3.9951 -5.7371 -2.5001 0.9707
-3.7862 -5.8759 -2.4997 0.9707
-3.1316 -6.2461 -2.4987 0.9708
-2.6749 -6.4529 -2.4980 0.9708
-2.4414 -6.5438 -2.4977 0.9708
-1.2335 -6.8699 -2.4960 0.9708
-0.7375 -6.9389 -2.4954 0.9708
-0.4880 -6.9600 -2.4951 0.9708
0.0123 -6.9754 -2.4945 0.9708
0.2625 -6.9696 -2.4942 0.9708
0.7615 -6.9313 -2.4936 0.9708
1.2563 -6.8574 -2.4931 0.9708
1.9852 -6.6807 -2.4923 0.9708
2.2234 -6.6045 -2.4921 0.9708
2.4587 -6.5199 -2.4919 0.9708
2.6909 -6.4270 -2.4916 0.9708
2.9195 -6.3258 -2.4914 0.9708
3.1443 -6.2165 -2.4912 0.9708
3.5815 -5.9741 -2.4909 0.9708
4.0002 -5.7012 -2.4906 0.9708
4.2019 -5.5537 -2.4904 0.9708
4.7736 -5.0694 -2.4901 0.9709
5.4491 -4.3338 -2.4898 0.9709
5.7456 -3.9318 -2.4897 0.9709
5.8829 -3.7231 -2.4897 0.9709
6.0127 -3.5096 -2.4897 0.9709
6.2489 -3.0694 -2.4897 0.9709
6.3551 -2.8433 -2.4897 0.9709
6.4531 -2.6135 -2.4898 0.9709
6.6971 -1.9051 -2.4900 0.9709
6.7614 -1.6637 -2.4900 0.9709
6.8639 -1.1747 -2.4903 0.9709
6.9019 -0.9277 -2.4904 0.9708
6.9653 0.0692 -2.4910 0.9708
6.9589 0.3191 -2.4912 0.9708
6.8439 1.3117 -2.4920 0.9708
6.7930 1.5565 -2.4922 0.9708
6.6652 2.0400 -2.4927 0.9708
6.5031 2.5133 -2.4932 0.9708
6.4013 2.7418 -2.4903 0.9709
5.4655 3.6130 -2.3430 0.9726
4.8950 4.3599 -2.3441 0.9725
4.7360 4.5333 -2.3445 0.9725
4.5709 4.7009 -2.3448 0.9725
4.3999 4.8625 -2.3451 0.9725
4.2232 5.0179 -2.3454 0.9725
4.0410 5.1669 -2.3457 0.9725
3.8535 5.3093 -2.3460 0.9725
3.2621 5.6950 -2.3470 0.9725
2.6324 6.0150 -2.3480 0.9725
2.4152 6.1064 -2.3483 0.9725
1.7458 6.3331 -2.3492 0.9725
1.5177 6.3925 -2.3495 0.9725
0.8223 6.5211 -2.3505 0.9725
0.5879 6.5472 -2.3508 0.9725
0.1169 6.5741 -2.3513 0.9725
-0.1190 6.5749 -2.3516 0.9725
-0.3549 6.5672 -2.3519 0.9724
-0.8251 6.5263 -2.3524 0.9724
-1.0588 6.4932 -2.3527 0.9724
-1.9776 6.2775 -2.3536 0.9724
-3.8703 5.3289 -2.3552 0.9724
-4.0592 5.1869 -2.3554 0.9724
-4.2429 5.0382 -2.3555 0.9724
-4.7603 4.5536 -2.3558 0.9724
-5.0067 4.4565 -2.3970 0.9719
-5.5527 4.2701 -2.5049 0.9707
-5.8536 3.8669 -2.5088 0.9706
-5.9886 3.6544 -2.5088 0.9706
-6.1159 3.4372 -2.5088 0.9706
-6.2352 3.2155 -2.5088 0.9706
-6.3465 2.9897 -2.5088 0.9706
-6.5444 2.5269 -2.5087 0.9706
-6.7084 2.0509 -2.5086 0.9706
-6.7774 1.8089 -2.5085 0.9706
-6.8891 1.3181 -2.5083 0.9706
-6.9317 1.0700 -2.5082 0.9706
-6.9898 0.5702 -2.5079 0.9706
-7.0053 0.3190 -2.5078 0.9706
-7.0092 -0.1842 -2.5074 0.9707
-6.9976 -0.4355 -2.5072 0.9707
-6.9769 -0.6862 -2.5070 0.9707
-6.9472 -0.9360 -2.5068 0.9707
-6.9086 -1.1846 -2.5066 0.9707
-6.8610 -1.4315 -2.5064 0.9707
-6.8046 -1.6766 -2.5062 0.9707
-6.7394 -1.9195 -2.5059 0.9707
-6.4922 -2.6317 -2.5051 0.9707
-6.2853 -3.0898 -2.5046 0.9707
-6.0462 -3.5317 -2.5040 0.9707
-5.7759 -3.9552 -2.5034 0.9707
-5.4761 -4.3581 -2.5028 0.9707
-5.1481 -4.7384 -2.5021 0.9707
-4.6073 -5.2620 -2.5011 0.9707
-4.4150 -5.4232 -2.5008 0.9707
-4.2170 -5.5773 -2.5004 0.9707
-3.8052 -5.8638 -2.4997 0.9707
-3.1518 -6.2361 -2.4987 0.9708
-2.9256 -6.3443 -2.4984 0.9708
-2.6957 -6.4443 -2.4980 0.9708
-2.4625 -6.5360 -2.4977 0.9708
-1.9869 -6.6939 -2.4970 0.9708
-1.7452 -6.7600 -2.4967 0.9708
-1.0084 -6.9057 -2.4957 0.9708
-0.7599 -6.9366 -2.4954 0.9708
-0.5104 -6.9585 -2.4951 0.9708
0.2401 -6.9705 -2.4942 0.9708
0.4900 -6.9566 -2.4939 0.9708
0.7392 -6.9338 -2.4936 0.9708
0.9874 -6.9020 -2.4933 0.9708
1.7227 -6.7539 -2.4926 0.9708
1.9637 -6.6871 -2.4923 0.9708
3.3454 -6.1101 -2.4911 0.9708
3.7745 -5.8536 -2.4907 0.9708
3.9818 -5.7141 -2.4906 0.9708
4.1840 -5.5672 -2.4905 0.9708
4.3808 -5.4133 -2.4903 0.9709
4.9365 -4.9106 -2.4900 0.9709
5.1093 -4.7302 -2.4899 0.9709
5.2756 -4.5437 -2.4899 0.9709
5.5876 -4.1535 -2.4897 0.9709
5.8709 -3.7420 -2.4897 0.9709
6.1241 -3.3114 -2.4897 0.9709
6.5352 -2.4014 -2.4898 0.9709
6.6173 -2.1654 -2.4899 0.9709
6.8124 -1.4420 -2.4901 0.9709
6.8600 -1.1967 -2.4902 0.9709
6.8989 -0.9499 -2.4904 0.9708
6.9289 -0.7018 -2.4905 0.9708
6.9500 -0.4528 -2.4906 0.9708
6.9655 0.0468 -2.4910 0.9708
6.9598 0.2967 -2.4911 0.9708
6.9452 0.5462 -2.4913 0.9708
6.9217 0.7951 -2.4915 0.9708
6.8480 1.2896 -2.4919 0.9708
6.7979 1.5346 -2.4922 0.9708
6.7391 1.7777 -2.4924 0.9708
6.6717 2.0185 -2.4926 0.9708
6.3009 2.9459 -2.4873 0.9709
6.0020 3.0732 -2.4113 0.9718
5.7194 3.1925 -2.3424 0.9726
5.3452 3.7900 -2.3432 0.9725
5.0610 4.1646 -2.3438 0.9725
4.9089 4.3440 -2.3441 0.9725
4.7505 4.5180 -2.3444 0.9725
4.5860 4.6861 -2.3447 0.9725
4.2393 5.0042 -2.3454 0.9725
3.8706 5.2968 -2.3460 0.9725
3.6785 5.4330 -2.3463 0.9725
3.4817 5.5622 -2.3466 0.9725
3.2804 5.6844 -2.3470 0.9725
3.0747 5.7992 -2.3473 0.9725
2.8651 5.9066 -2.3476 0.9725
2.6517 6.0064 -2.3479 0.9725
2.2148 6.1828 -2.3486 0.9725
1.9918 6.2591 -2.3489 0.9725
1.7662 6.3274 -2.3492 0.9725
1.0765 6.4831 -2.3501 0.9725
0.6090 6.5452 -2.3507 0.9725
0.3738 6.5637 -2.3510 0.9725
-1.0379 6.4965 -2.3527 0.9724
-1.2704 6.4558 -2.3529 0.9724
-1.5014 6.4067 -2.3531 0.9724
-1.9573 6.2837 -2.3536 0.9724
-2.1817 6.2100 -2.3538 0.9724
-2.8371 5.9412 -2.3544 0.9724
-3.2563 5.7233 -2.3548 0.9724
-3.4598 5.6032 -2.3549 0.9724
-3.6588 5.4758 -2.3551 0.9724
-3.8531 5.3413 -2.3552 0.9724
-4.4054 4.8971 -2.3556 0.9724
-5.5382 4.2874 -2.5046 0.9707
-5.9768 3.6736 -2.5088 0.9706
-6.1048 3.4568 -2.5088 0.9706
-6.2248 3.2356 -2.5088 0.9706
-6.3369 3.0102 -2.5088 0.9706
-6.6233 2.3117 -2.5087 0.9706
-6.8326 1.5865 -2.5084 0.9706
-6.9626 0.8430 -2.5081 0.9706
-7.0043 0.3416 -2.5078 0.9706
-6.9503 -0.9136 -2.5069 0.9707
-6.8657 -1.4094 -2.5064 0.9707
-6.5908 -2.3761 -2.5054 0.9707
-6.2953 -3.0696 -2.5046 0.9707
-6.1804 -3.2931 -2.5043 0.9707
-6.0576 -3.5123 -2.5040 0.9707
-4.9900 -4.9034 -2.5018 0.9707
-4.6243 -5.2472 -2.5011 0.9707
-4.4325 -5.4090 -2.5008 0.9707
-4.2350 -5.5638 -2.5005 0.9707
-3.8241 -5.8516 -2.4998 0.9707
-3.6112 -5.9842 -2.4994 0.9707
-3.3937 -6.1090 -2.4991 0.9707
-3.1719 -6.2260 -2.4988 0.9708
-2.7165 -6.4357 -2.4981 0.9708
-2.4835 -6.5281 -2.4977 0.9708
-2.0085 -6.6876 -2.4971 0.9708
-1.7670 -6.7544 -2.4967 0.9708
-1.5233 -6.8126 -2.4964 0.9708
-1.2777 -6.8620 -2.4961 0.9708
-1.0306 -6.9025 -2.4957 0.9708
-0.5328 -6.9569 -2.4951 0.9708
-0.2829 -6.9707 -2.4948 0.9708
0.2177 -6.9713 -2.4942 0.9708
0.9651 -6.9052 -2.4934 0.9708
1.2121 -6.8654 -2.4931 0.9708
1.9422 -6.6934 -2.4924 0.9708
2.4168 -6.5357 -2.4919 0.9708
3.1043 -6.2367 -2.4913 0.9708
3.3258 -6.1208 -2.4911 0.9708
3.7556 -5.8658 -2.4908 0.9708
4.1661 -5.5807 -2.4905 0.9708
4.3634 -5.4274 -2.4903 0.9709
4.5551 -5.2671 -2.4902 0.9709
4.7409 -5.1000 -2.4901 0.9709
4.9207 -4.9265 -2.4900 0.9709
5.0941 -4.7466 -2.4899 0.9709
5.2610 -4.5606 -2.4899 0.9709
5.4211 -4.3688 -2.4898 0.9709
5.5742 -4.1715 -2.4897 0.9709
5.8589 -3.7609 -2.4897 0.9709
6.1134 -3.3311 -2.4897 0.9709
6.3367 -2.8841 -2.4897 0.9709
6.4362 -2.6550 -2.4898 0.9709
6.6103 -2.1867 -2.4899 0.9709
6.6847 -1.9482 -2.4899 0.9709
6.7505 -1.7072 -2.4900 0.9709
6.8077 -1.4639 -2.4901 0.9709
6.8957 -0.9721 -2.4903 0.9709
6.9265 -0.7241 -2.4905 0.9708
6.9485 -0.4752 -2.4906 0.9708
6.9655 0.0243 -2.4909 0.9708
6.9607 0.2743 -2.4911 0.9708
6.8028 1.5127 -2.4921 0.9708
6.7448 1.7560 -2.4924 0.9708
-0.8995 -6.4506 -2.4959 0.9725
-0.2011 -6.5076 -2.4950 0.9725
0.0325 -6.5099 -2.4947 0.9725
0.2660 -6.5038 -2.4945 0.9725
0.9630 -6.4356 -2.4937 0.9725
1.1931 -6.3963 -2.4934 0.9725
1.4217 -6.3487 -2.4932 0.9725
1.6484 -6.2931 -2.4930 0.9725
2.3144 -6.0779 -2.4923 0.9725
2.5308 -5.9905 -2.4921 0.9725
2.7439 -5.8954 -2.4919 0.9725
2.9534 -5.7927 -2.4918 0.9725
3.3608 -5.5653 -2.4914 0.9725
3.5581 -5.4408 -2.4913 0.9725
3.9386 -5.1711 -2.4910 0.9725
4.1214 -5.0262 -2.4909 0.9725
4.7974 -4.3843 -2.4905 0.9725
4.9514 -4.2093 -2.4905 0.9725
5.0992 -4.0288 -2.4904 0.9725
5.5023 -3.4575 -2.4903 0.9725
5.8420 -2.8463 -2.4903 0.9725
5.9404 -2.6349 -2.4904 0.9725
6.0312 -2.4201 -2.4904 0.9725
6.1895 -1.9814 -2.4905 0.9725
6.2568 -1.7581 -2.4906 0.9725
6.3672 -1.3050 -2.4908 0.9725
6.4450 -0.8452 -2.4910 0.9725
6.4715 -0.6134 -2.4911 0.9725
6.4995 -0.1478 -2.4914 0.9725
6.4942 0.3187 -2.4917 0.9725
6.4791 0.5516 -2.4919 0.9725
6.3838 1.2448 -2.4925 0.9725
6.3356 1.4732 -2.4927 0.9725
6.1423 2.1460 -2.4934 0.9725
5.7605 2.9965 -2.4884 0.9726
5.0900 3.3883 -2.3433 0.9741
4.9658 3.5692 -2.3435 0.9741
4.6982 3.9170 -2.3441 0.9741
4.4062 4.2449 -2.3447 0.9741
4.2516 4.4008 -2.3449 0.9741
3.0270 5.3242 -2.3470 0.9741
2.8344 5.4301 -2.3473 0.9741
2.2354 5.7054 -2.3482 0.9741
1.8210 5.8524 -2.3488 0.9741
1.1820 6.0164 -2.3497 0.9741
0.9655 6.0557 -2.3500 0.9741
0.7477 6.0872 -2.3503 0.9741
0.5289 6.1108 -2.3505 0.9741
-0.1308 6.1344 -2.3513 0.9741
-0.5705 6.1105 -2.3518 0.9741
-0.7894 6.0867 -2.3521 0.9741
-1.0074 6.0551 -2.3523 0.9740
-1.2241 6.0156 -2.3525 0.9740
-1.4393 5.9684 -2.3528 0.9740
-1.6526 5.9135 -2.3530 0.9740
-1.8639 5.8509 -2.3532 0.9740
-2.0728 5.7808 -2.3534 0.9740
-2.4824 5.6181 -2.3538 0.9740
-2.6826 5.5259 -2.3539 0.9740
-2.8793 5.4265 -2.3541 0.9740
-3.0723 5.3200 -2.3543 0.9740
-3.4463 5.0866 -2.3546 0.9740
-3.8026 4.8269 -2.3548 0.9740
-4.1393 4.5422 -2.3550 0.9740
-5.3402 3.7839 -2.5081 0.9724
-5.4726 3.5899 -2.5082 0.9724
-5.5979 3.3913 -2.5082 0.9724
-5.7160 3.1883 -2.5082 0.9724
-6.3283 1.6672 -2.5079 0.9724
-6.3838 1.4390 -2.5078 0.9724
-6.5228 0.5109 -2.5073 0.9724
-6.5366 0.2766 -2.5072 0.9724
-6.5419 0.0419 -2.5070 0.9724
-6.5272 -0.4273 -2.5067 0.9724
-6.5071 -0.6611 -2.5065 0.9724
-6.4787 -0.8941 -2.5063 0.9724
-6.4420 -1.1259 -2.5061 0.9724
-6.2125 -2.0351 -2.5052 0.9724
-6.1348 -2.2565 -2.5050 0.9724
-6.0493 -2.4749 -2.5047 0.9724
-5.9560 -2.6901 -2.5045 0.9724
-5.7466 -3.1096 -2.5039 0.9724
-5.6307 -3.3134 -2.5037 0.9724
-5.5076 -3.5129 -2.5034 0.9724
-4.6265 -4.6052 -2.5016 0.9724
-4.2833 -4.9238 -2.5010 0.9724
-4.1034 -5.0737 -2.5006 0.9724
-3.7281 -5.3535 -2.5000 0.9724
-3.5331 -5.4831 -2.4997 0.9724
-3.3337 -5.6057 -2.4994 0.9724
-2.7110 -5.9291 -2.4984 0.9725
-2.4963 -6.0218 -2.4981 0.9725
-2.2783 -6.1067 -2.4978 0.9725
-1.8341 -6.2528 -2.4971 0.9725
-1.1512 -6.4113 -2.4962 0.9725
-0.9203 -6.4477 -2.4959 0.9725
-0.4555 -6.4956 -2.4953 0.9725
0.0115 -6.5100 -2.4948 0.9725
0.4782 -6.4911 -2.4942 0.9725
0.9422 -6.4387 -2.4937 0.9725
1.1725 -6.4001 -2.4935 0.9725
1.4013 -6.3533 -2.4932 0.9725
1.6281 -6.2984 -2.4930 0.9725
1.8529 -6.2354 -2.4928 0.9725
2.7249 -5.9042 -2.4920 0.9725
3.3429 -5.5761 -2.4914 0.9725
3.5406 -5.4523 -2.4913 0.9725
3.7337 -5.3214 -2.4912 0.9725
4.1053 -5.0395 -2.4909 0.9725
4.2832 -4.8887 -2.4908 0.9725
4.7832 -4.3997 -2.4905 0.9725
4.9379 -4.2252 -2.4905 0.9725
5.0862 -4.0452 -2.4904 0.9725
5.2279 -3.8601 -2.4904 0.9725
5.3630 -3.6700 -2.4903 0.9725
5.6123 -3.2759 -2.4903 0.9725
5.8328 -2.8650 -2.4903 0.9725
5.9319 -2.6539 -2.4904 0.9725
6.0234 -2.4395 -2.4904 0.9725
6.1831 -2.0013 -2.4905 0.9725
6.4067 -1.0964 -2.4908 0.9725
6.4884 -0.4017 -2.4912 0.9725
6.5013 0.0646 -2.4915 0.9725
6.4952 0.2978 -2.4917 0.9725
6.4580 0.7629 -2.4920 0.9725
6.3877 1.2243 -2.4924 0.9725
6.2846 1.6795 -2.4929 0.9725
6.2208 1.9040 -2.4931 0.9725
5.9820 2.5622 -2.4938 0.9725
5.8808 2.7726 -2.4916 0.9725
5.7708 2.9783 -2.4886 0.9726
5.5565 3.1251 -2.4430 0.9731
5.2244 3.1903 -2.3459 0.9741
5.1009 3.3719 -2.3432 0.9741
4.8471 3.7299 -2.3438 0.9741
4.7107 3.9018 -2.3441 0.9741
4.1061 4.5378 -2.3452 0.9741
3.9411 4.6828 -2.3455 0.9741
3.7711 4.8218 -2.3458 0.9741
3.4165 5.0811 -2.3464 0.9741
3.2324 5.2010 -2.3467 0.9741
2.8518 5.4208 -2.3473 0.9741
2.6558 5.5204 -2.3476 0.9741
2.4564 5.6128 -2.3479 0.9741
2.0481 5.7760 -2.3485 0.9741
1.8398 5.8465 -2.3488 0.9741
1.4161 5.9648 -2.3494 0.9741
0.3291 6.1255 -2.3508 0.9741
0.1091 6.1340 -2.3510 0.9741
-0.1111 6.1347 -2.3513 0.9741
-0.5508 6.1122 -2.3518 0.9741
-1.4200 5.9730 -2.3528 0.9740
-1.6336 5.9187 -2.3530 0.9740
-2.6647 5.5344 -2.3539 0.9740
-2.8618 5.4356 -2.3541 0.9740
-3.6108 4.9716 -2.3547 0.9740
-3.7871 4.8391 -2.3548 0.9740
-5.0354 4.1681 -2.5050 0.9724
-5.1881 3.9897 -2.5081 0.9724
-5.4610 3.6075 -2.5081 0.9724
-5.5869 3.4093 -2.5082 0.9724
-5.7057 3.2066 -2.5082 0.9724
-5.8170 2.9999 -2.5082 0.9724
-6.0170 2.5750 -2.5081 0.9724
-6.1860 2.1368 -2.5080 0.9724
-6.3792 1.4596 -2.5078 0.9724
-6.4669 0.9983 -2.5076 0.9724
-6.4982 0.7656 -2.5075 0.9724
-6.5211 0.5319 -2.5073 0.9724
-6.5357 0.2976 -2.5072 0.9724
-6.4816 -0.8733 -2.5063 0.9724
-6.4456 -1.1052 -2.5061 0.9724
-6.1421 -2.2367 -2.5050 0.9724
-6.0573 -2.4554 -2.5047 0.9724
-5.9647 -2.6709 -2.5045 0.9724
-5.8644 -2.8829 -2.5042 0.9724
-5.2528 -3.8810 -2.5028 0.9724
-4.9598 -4.2467 -2.5022 0.9724
-4.4732 -4.7533 -2.5013 0.9724
-4.2992 -4.9101 -2.5010 0.9724
-4.1198 -5.0605 -2.5007 0.9724
-3.9351 -5.2044 -2.5004 0.9724
-3.3518 -5.5950 -2.4994 0.9724
-3.1485 -5.7109 -2.4991 0.9725
-2.7301 -5.9204 -2.4984 0.9725
-2.5157 -6.0138 -2.4981 0.9725
-1.8542 -6.2469 -2.4972 0.9725
-1.6287 -6.3087 -2.4969 0.9725
-1.4011 -6.3622 -2.4966 0.9725
-1.1718 -6.4076 -2.4962 0.9725
-0.9411 -6.4448 -2.4959 0.9725
-0.0095 -6.5101 -2.4948 0.9725
0.6899 -6.4713 -2.4940 0.9725
1.1519 -6.4039 -2.4935 0.9725
1.3808 -6.3579 -2.4932 0.9725
1.8328 -6.2413 -2.4928 0.9725
2.2753 -6.0928 -2.4924 0.9725
2.7059 -5.9130 -2.4920 0.9725
2.9161 -5.8117 -2.4918 0.9725
3.1225 -5.7029 -2.4916 0.9725
3.5230 -5.4637 -2.4913 0.9725
3.9053 -5.1964 -2.4910 0.9725
4.4405 -4.7461 -2.4907 0.9725
4.9242 -4.2411 -2.4905 0.9725
5.0731 -4.0616 -2.4904 0.9725
5.2155 -3.8769 -2.4904 0.9725
5.3512 -3.6872 -2.4903 0.9725
5.6017 -3.2940 -2.4903 0.9725
5.7163 -3.0909 -2.4903 0.9725
5.8235 -2.8838 -2.4903 0.9725
5.9233 -2.6730 -2.4904 0.9725
6.0155 -2.4588 -2.4904 0.9725
6.1000 -2.2415 -2.4904 0.9725
6.1766 -2.0212 -2.4905 0.9725
6.2453 -1.7984 -2.4906 0.9725
6.3060 -1.5732 -2.4906 0.9725
6.4031 -1.1170 -2.4908 0.9725
6.4393 -0.8866 -2.4910 0.9725
6.4870 -0.4226 -2.4912 0.9725
6.4984 -0.1896 -2.4914 0.9725
6.5014 0.0437 -2.4915 0.9725
6.4961 0.2769 -2.4917 0.9725
6.4824 0.5098 -2.4918 0.9725
6.4301 0.9735 -2.4922 0.9725
6.3448 1.4323 -2.4926 0.9725
6.2899 1.6592 -2.4929 0.9725
6.2269 1.8840 -2.4931 0.9725
6.1559 2.1064 -2.4933 0.9725
6.0769 2.3261 -2.4936 0.9725
5.9902 2.5429 -2.4938 0.9725
5.8904 2.7540 -2.4918 0.9725
5.5881 3.1192 -2.4525 0.9730
5.1166 3.3586 -2.3454 0.9741
4.8590 3.7142 -2.3438 0.9741
4.4334 4.2163 -2.3446 0.9741
4.2798 4.3732 -2.3449 0.9741
3.7865 4.8096 -2.3458 0.9741
3.0611 5.3045 -2.3470 0.9741
2.2720 5.6907 -2.3482 0.9741
2.0667 5.7693 -2.3485 0.9741
1.8586 5.8405 -2.3488 0.9741
1.6480 5.9041 -2.3491 0.9741
0.7869 6.0821 -2.3502 0.9741
0.5682 6.1071 -2.3505 0.9741
0.1289 6.1336 -2.3510 0.9741
-0.3114 6.1284 -2.3515 0.9741
-0.5311 6.1139 -2.3518 0.9741
-0.7502 6.0916 -2.3520 0.9741
-0.9684 6.0614 -2.3523 0.9740
-1.1853 6.0233 -2.3525 0.9740
-1.4008 5.9775 -2.3527 0.9740
-2.0355 5.7939 -2.3534 0.9740
-3.0380 5.3396 -2.3542 0.9740
-3.2278 5.2275 -2.3544 0.9740
-3.9432 4.7130 -2.3549 0.9740
-4.1100 4.5687 -2.3550 0.9740
-4.2714 4.4185 -2.3551 0.9740
-4.5709 4.4007 -2.4315 0.9732
-5.0214 4.1838 -2.5047 0.9724
-5.1751 4.0063 -2.5080 0.9724
-5.8073 3.0186 -2.5082 0.9724
-6.4957 0.7865 -2.5075 0.9724
-6.5194 0.5529 -2.5073 0.9724
-6.5347 0.3187 -2.5072 0.9724
-6.5415 0.0840 -2.5070 0.9724
-6.5299 -0.3853 -2.5067 0.9724
-6.5114 -0.6192 -2.5065 0.9724
-6.4056 -1.3150 -2.5059 0.9724
-6.2937 -1.7706 -2.5055 0.9724
-6.0652 -2.4359 -2.5048 0.9724
-5.5302 -3.4774 -2.5034 0.9724
-5.4012 -3.6731 -2.5031 0.9724
-5.2654 -3.8641 -2.5028 0.9724
-4.8180 -4.4059 -2.5019 0.9724
-4.3150 -4.8963 -2.5010 0.9724
-3.7625 -5.3295 -2.5001 0.9724
-3.3698 -5.5842 -2.4994 0.9724
-2.9599 -5.8100 -2.4988 0.9725
-2.7492 -5.9117 -2.4985 0.9725
-2.5350 -6.0058 -2.4981 0.9725
-2.3176 -6.0921 -2.4978 0.9725
-1.8743 -6.2410 -2.4972 0.9725
-1.6490 -6.3035 -2.4969 0.9725
-1.4216 -6.3578 -2.4966 0.9725
-0.9618 -6.4418 -2.4960 0.9725
-0.4973 -6.4927 -2.4954 0.9725
-0.2640 -6.5056 -2.4951 0.9725
-0.0304 -6.5101 -2.4948 0.9725
0.2032 -6.5063 -2.4945 0.9725
0.4364 -6.4941 -2.4943 0.9725
0.6691 -6.4736 -2.4940 0.9725
0.9008 -6.4448 -2.4938 0.9725
1.1313 -6.4077 -2.4935 0.9725
1.3604 -6.3623 -2.4933 0.9725
2.0355 -6.1776 -2.4926 0.9725
2.4729 -6.0148 -2.4922 0.9725
2.6869 -5.9217 -2.4920 0.9725
3.6994 -5.3454 -2.4912 0.9725
3.8886 -5.2090 -2.4910 0.9725
4.2517 -4.9162 -2.4908 0.9725
4.7548 -4.4305 -2.4905 0.9725
4.9106 -4.2569 -2.4905 0.9725
5.0600 -4.0779 -2.4904 0.9725
5.2030 -3.8937 -2.4904 0.9725
5.7063 -3.1092 -2.4903 0.9725
5.9147 -2.6921 -2.4903 0.9725
6.0075 -2.4782 -2.4904 0.9725
6.0927 -2.2611 -2.4904 0.9725
6.2395 -1.8185 -2.4906 0.9725
6.3994 -1.1376 -2.4908 0.9725
6.4364 -0.9073 -2.4909 0.9725
6.4651 -0.6759 -2.4911 0.9725
6.4627 0.7213 -2.4920 0.9725
6.4332 0.9528 -2.4922 0.9725
-0.8423 -6.0404 -2.4961 0.9740
-0.6250 -6.0661 -2.4958 0.9740
-0.4069 -6.0839 -2.4956 0.9740
0.2491 -6.0905 -2.4948 0.9740
0.6850 -6.0558 -2.4943 0.9740
0.9018 -6.0267 -2.4940 0.9740
1.1173 -5.9899 -2.4938 0.9740
1.3314 -5.9454 -2.4936 0.9740
1.5437 -5.8933 -2.4934 0.9740
2.1675 -5.6920 -2.4928 0.9740
2.9586 -5.3219 -2.4921 0.9740
3.3322 -5.0954 -2.4918 0.9740
3.5127 -4.9724 -2.4917 0.9740
3.8599 -4.7072 -2.4914 0.9740
4.1872 -4.4180 -2.4912 0.9740
4.4929 -4.1061 -2.4911 0.9740
4.7756 -3.7732 -2.4910 0.9740
4.9078 -3.5993 -2.4909 0.9740
5.0337 -3.4209 -2.4909 0.9740
5.1532 -3.2381 -2.4909 0.9740
5.3721 -2.8602 -2.4909 0.9740
5.4713 -2.6656 -2.4909 0.9740
5.7263 -2.0624 -2.4910 0.9740
5.7967 -1.8557 -2.4911 0.9740
5.8597 -1.6466 -2.4911 0.9740
5.9152 -1.4353 -2.4912 0.9740
6.0607 -0.5745 -2.4916 0.9740
6.0884 0.0801 -2.4920 0.9740
6.0819 0.2985 -2.4922 0.9740
6.0159 0.9505 -2.4927 0.9740
5.2929 2.9993 -2.4899 0.9740
5.1552 3.1708 -2.4770 0.9742
4.8491 3.2280 -2.3841 0.9751
4.6501 3.3423 -2.3437 0.9756
4.5276 3.5073 -2.3440 0.9756
4.2654 3.8239 -2.3445 0.9755
3.8312 4.2615 -2.3453 0.9755
3.5166 4.5263 -2.3459 0.9755
3.3523 4.6501 -2.3462 0.9755
2.4701 5.1769 -2.3476 0.9755
2.2830 5.2628 -2.3479 0.9755
2.0930 5.3419 -2.3481 0.9755
1.1067 5.6330 -2.3495 0.9755
0.7001 5.6991 -2.3500 0.9755
0.4952 5.7212 -2.3503 0.9755
0.2896 5.7359 -2.3506 0.9755
0.0837 5.7432 -2.3508 0.9755
-0.3285 5.7356 -2.3513 0.9755
-0.7391 5.6984 -2.3518 0.9755
-0.9431 5.6688 -2.3520 0.9755
-1.9405 5.4118 -2.3530 0.9755
-2.3239 5.2595 -2.3533 0.9755
-2.8762 4.9803 -2.3538 0.9754
-3.0532 4.8742 -2.3539 0.9754
-3.2263 4.7618 -2.3541 0.9754
-3.3952 4.6432 -2.3542 0.9754
-3.7198 4.3882 -2.3544 0.9754
-3.9494 4.3338 -2.3998 0.9750
-4.2627 4.3530 -2.4935 0.9740
-4.4318 4.2122 -2.5024 0.9739
-4.5856 4.0554 -2.5054 0.9739
-4.7320 3.8914 -2.5075 0.9739
-4.8687 3.7192 -2.5075 0.9739
-5.5510 2.5932 -2.5076 0.9739
-5.6404 2.3923 -2.5075 0.9739
-5.7972 1.9816 -2.5074 0.9739
-6.0203 1.1318 -2.5071 0.9739
-6.0568 0.9150 -2.5070 0.9739
-6.0855 0.6971 -2.5069 0.9739
-6.1192 0.2589 -2.5067 0.9739
-6.0917 -0.6189 -2.5060 0.9739
-5.8160 -1.9053 -2.5048 0.9739
-5.7434 -2.1125 -2.5046 0.9739
-5.5761 -2.5184 -2.5041 0.9739
-5.4816 -2.7166 -2.5039 0.9739
-5.3801 -2.9112 -2.5036 0.9739
-5.2716 -3.1021 -2.5034 0.9739
-5.1564 -3.2889 -2.5031 0.9739
-4.7716 -3.8226 -2.5023 0.9739
-4.4842 -4.1540 -2.5017 0.9739
-4.0105 -4.6101 -2.5008 0.9739
-3.6687 -4.8847 -2.5003 0.9739
-3.3082 -5.1340 -2.4997 0.9739
-3.1214 -5.2487 -2.4994 0.9740
-2.9308 -5.3567 -2.4991 0.9740
-2.7364 -5.4578 -2.4988 0.9740
-2.5385 -5.5518 -2.4985 0.9740
-2.3374 -5.6386 -2.4982 0.9740
-2.1333 -5.7181 -2.4979 0.9740
-1.9266 -5.7903 -2.4976 0.9740
-1.0780 -6.0036 -2.4964 0.9740
-0.6445 -6.0641 -2.4959 0.9740
0.0108 -6.0963 -2.4951 0.9740
0.4478 -6.0786 -2.4945 0.9740
0.6655 -6.0580 -2.4943 0.9740
1.5247 -5.8983 -2.4934 0.9740
2.1491 -5.6990 -2.4928 0.9740
2.5519 -5.5294 -2.4924 0.9740
2.7485 -5.4339 -2.4923 0.9740
2.9415 -5.3314 -2.4921 0.9740
3.1307 -5.2221 -2.4919 0.9740
3.3158 -5.1062 -2.4918 0.9740
3.4967 -4.9837 -2.4917 0.9740
3.6731 -4.8548 -2.4915 0.9740
4.4797 -4.1205 -2.4911 0.9740
4.7634 -3.7885 -2.4910 0.9740
5.3629 -2.8775 -2.4909 0.9740
5.4627 -2.6832 -2.4909 0.9740
5.6412 -2.2847 -2.4909 0.9740
5.7907 -1.8743 -2.4911 0.9740
5.8544 -1.6654 -2.4911 0.9740
6.0333 -0.8109 -2.4915 0.9740
6.0693 0.4970 -2.4923 0.9740
5.9376 1.3605 -2.4931 0.9740
5.8257 1.7831 -2.4935 0.9740
5.7585 1.9911 -2.4937 0.9740
5.6839 2.1966 -2.4939 0.9740
5.6019 2.3994 -2.4942 0.9740
5.4125 2.7934 -2.4928 0.9740
5.3030 2.9825 -2.4901 0.9740
5.1838 3.1655 -2.4859 0.9741
4.8757 3.2231 -2.3921 0.9751
4.5389 3.4927 -2.3440 0.9756
3.8449 4.2491 -2.3453 0.9755
3.3672 4.6393 -2.3462 0.9755
3.0266 4.8700 -2.3467 0.9755
2.6702 5.0757 -2.3473 0.9755
2.4867 5.1688 -2.3476 0.9755
2.2999 5.2553 -2.3478 0.9755
2.1102 5.3351 -2.3481 0.9755
1.9176 5.4080 -2.3484 0.9755
1.7226 5.4740 -2.3487 0.9755
1.1248 5.6293 -2.3495 0.9755
0.9222 5.6667 -2.3498 0.9755
0.1022 5.7429 -2.3508 0.9755
-0.1040 5.7434 -2.3510 0.9755
-0.5157 5.7224 -2.3515 0.9755
-0.7207 5.7007 -2.3517 0.9755
-1.3294 5.5918 -2.3524 0.9755
-1.7273 5.4830 -2.3528 0.9755
-1.9230 5.4180 -2.3530 0.9755
-2.4946 5.1811 -2.3535 0.9755
-2.6791 5.0886 -2.3536 0.9755
-3.0375 4.8840 -2.3539 0.9754
-3.2109 4.7721 -2.3541 0.9754
-3.5452 4.5300 -2.3543 0.9754
-3.7056 4.4001 -2.3544 0.9754
-4.4178 4.2260 -2.5021 0.9739
-4.5720 4.0697 -2.5051 0.9739
-4.7195 3.9066 -2.5075 0.9739
-5.1122 3.3771 -2.5076 0.9739
-5.3412 3.0018 -2.5076 0.9739
-5.4454 2.8082 -2.5076 0.9739
-5.7908 2.0003 -2.5075 0.9739
-5.8587 1.7912 -2.5074 0.9739
-5.9717 1.3664 -2.5072 0.9739
-6.0167 1.1512 -2.5071 0.9739
-6.0832 0.7167 -2.5069 0.9739
-6.1047 0.4980 -2.5068 0.9739
-6.1183 0.2786 -2.5067 0.9739
-6.1218 -0.1608 -2.5064 0.9739
-6.1117 -0.3803 -2.5062 0.9739
-6.0342 -1.0346 -2.5057 0.9739
-5.9927 -1.2504 -2.5055 0.9739
-5.9435 -1.4644 -2.5053 0.9739
-5.8866 -1.6766 -2.5051 0.9739
-5.7502 -2.0940 -2.5046 0.9739
-5.5842 -2.5005 -2.5041 0.9739
-5.4904 -2.6990 -2.5039 0.9739
-5.3895 -2.8939 -2.5036 0.9739
-5.2816 -3.0851 -2.5034 0.9739
-4.6437 -3.9760 -2.5020 0.9739
-4.4976 -4.1396 -2.5017 0.9739
-4.3456 -4.2978 -2.5015 0.9739
-4.0253 -4.5973 -2.5009 0.9739
-3.8573 -4.7382 -2.5006 0.9739
-3.5068 -5.0014 -2.5000 0.9739
-3.3247 -5.1234 -2.4997 0.9739
-3.1384 -5.2387 -2.4994 0.9740
-2.7540 -5.4490 -2.4988 0.9740
-2.5564 -5.5436 -2.4985 0.9740
-2.1518 -5.7113 -2.4979 0.9740
-1.7363 -5.8495 -2.4973 0.9740
-0.6641 -6.0620 -2.4959 0.9740
-0.2276 -6.0927 -2.4953 0.9740
0.2099 -6.0921 -2.4948 0.9740
0.4282 -6.0800 -2.4946 0.9740
0.6460 -6.0602 -2.4943 0.9740
1.0788 -5.9971 -2.4939 0.9740
1.2931 -5.9540 -2.4936 0.9740
1.5057 -5.9032 -2.4934 0.9740
1.7164 -5.8449 -2.4932 0.9740
1.9249 -5.7791 -2.4930 0.9740
2.1308 -5.7059 -2.4928 0.9740
2.3340 -5.6253 -2.4926 0.9740
3.6574 -4.8666 -2.4916 0.9740
3.9967 -4.5914 -2.4913 0.9740
4.1587 -4.4449 -2.4912 0.9740
4.3153 -4.2927 -2.4912 0.9740
4.6118 -3.9719 -2.4910 0.9740
5.1322 -3.2712 -2.4909 0.9740
5.3536 -2.8947 -2.4909 0.9740
5.4540 -2.7008 -2.4909 0.9740
5.5475 -2.5034 -2.4909 0.9740
5.7129 -2.0992 -2.4910 0.9740
5.7846 -1.8930 -2.4910 0.9740
5.9058 -1.4734 -2.4912 0.9740
5.9551 -1.2606 -2.4913 0.9740
5.9967 -1.0461 -2.4914 0.9740
6.0306 -0.8303 -2.4915 0.9740
6.0752 -0.3958 -2.4917 0.9740
6.0859 -0.1776 -2.4919 0.9740
6.0887 0.0409 -2.4920 0.9740
6.0837 0.2593 -2.4922 0.9740
6.0502 0.6950 -2.4925 0.9740
5.9857 1.1272 -2.4929 0.9740
5.6909 2.1783 -2.4939 0.9740
5.4219 2.7762 -2.4930 0.9740
5.3131 2.9657 -2.4904 0.9740
5.1978 3.1512 -2.4878 0.9741
4.9024 3.2181 -2.4001 0.9750
4.6714 3.3122 -2.3437 0.9756
4.5500 3.4781 -2.3440 0.9756
4.4228 3.6395 -2.3442 0.9755
4.1514 3.9481 -2.3448 0.9755
3.7044 4.3729 -2.3456 0.9755
3.5456 4.5035 -2.3459 0.9755
3.3821 4.6284 -2.3461 0.9755
3.0422 4.8601 -2.3467 0.9755
2.8663 4.9668 -2.3470 0.9755
2.6865 5.0670 -2.3473 0.9755
2.3168 5.2479 -2.3478 0.9755
2.1273 5.3282 -2.3481 0.9755
1.9350 5.4018 -2.3484 0.9755
1.3439 5.5804 -2.3492 0.9755
0.5320 5.7178 -2.3503 0.9755
-0.9066 5.6746 -2.3519 0.9755
-1.3114 5.5960 -2.3524 0.9755
-1.5115 5.5459 -2.3526 0.9755
-1.7096 5.4885 -2.3528 0.9755
-1.9056 5.4241 -2.3530 0.9755
-2.0991 5.3526 -2.3531 0.9755
-2.2900 5.2743 -2.3533 0.9755
-2.8440 4.9987 -2.3538 0.9754
-3.0217 4.8937 -2.3539 0.9754
-3.8956 4.3304 -2.3840 0.9751
-4.7069 3.9218 -2.5075 0.9739
-5.1012 3.3935 -2.5076 0.9739
-5.2197 3.2083 -2.5076 0.9739
-5.6249 2.4286 -2.5075 0.9739
-5.9673 1.3856 -2.5072 0.9739
-6.0508 0.9540 -2.5070 0.9739
-6.0809 0.7363 -2.5069 0.9739
-6.1223 -0.1411 -2.5064 0.9739
-6.1130 -0.3607 -2.5062 0.9739
-6.0957 -0.5797 -2.5061 0.9739
-5.7570 -2.0755 -2.5046 0.9739
-5.6783 -2.2805 -2.5044 0.9739
-5.4991 -2.6813 -2.5039 0.9739
-5.3988 -2.8766 -2.5037 0.9739
-5.0569 -3.4389 -2.5029 0.9739
-4.9297 -3.6178 -2.5026 0.9739
-4.3595 -4.2838 -2.5015 0.9739
-4.2025 -4.4369 -2.5012 0.9739
-3.8726 -4.7258 -2.5006 0.9739
-3.7001 -4.8611 -2.5003 0.9739
-3.5229 -4.9901 -2.5000 0.9739
-3.1552 -5.2287 -2.4994 0.9740
-2.9653 -5.3378 -2.4991 0.9740
-2.7715 -5.4401 -2.4988 0.9740
-2.5742 -5.5354 -2.4985 0.9740
-1.9639 -5.7779 -2.4976 0.9740
-1.7551 -5.8440 -2.4973 0.9740
-1.5441 -5.9025 -2.4970 0.9740
-1.1166 -5.9966 -2.4965 0.9740
-0.2472 -6.0920 -2.4954 0.9740
-0.0285 -6.0963 -2.4951 0.9740
0.1902 -6.0928 -2.4948 0.9740
0.8436 -6.0353 -2.4941 0.9740
1.2739 -5.9582 -2.4936 0.9740
1.4867 -5.9081 -2.4934 0.9740
1.6976 -5.8505 -2.4932 0.9740
1.9063 -5.7853 -2.4930 0.9740
2.3159 -5.6329 -2.4926 0.9740
3.8143 -4.7443 -2.4915 0.9740
4.1443 -4.4582 -2.4913 0.9740
4.4531 -4.1493 -2.4911 0.9740
4.7389 -3.8191 -2.4910 0.9740
5.1217 -3.2877 -2.4909 0.9740
5.2363 -3.1018 -2.4909 0.9740
5.4453 -2.7183 -2.4909 0.9740
5.7061 -2.1176 -2.4910 0.9740
5.8435 -1.7031 -2.4911 0.9740
6.0739 -0.4153 -2.4917 0.9740
6.0852 -0.1972 -2.4918 0.9740
6.0844 0.2397 -2.4921 0.9740
6.0723 0.4579 -2.4923 0.9740
5.9892 1.1080 -2.4928 0.9740
5.9461 1.3222 -2.4930 0.9740
-0.3822 -5.7139 -2.4958 0.9753
0.2339 -5.7202 -2.4950 0.9753
0.6434 -5.6876 -2.4946 0.9753
0.8470 -5.6604 -2.4944 0.9753
1.0494 -5.6259 -2.4941 0.9753
1.8428 -5.4162 -2.4933 0.9753
2.0358 -5.3462 -2.4932 0.9753
2.4136 -5.1857 -2.4928 0.9754
2.5979 -5.0954 -2.4927 0.9754
3.1299 -4.7860 -2.4922 0.9754
3.2994 -4.6704 -2.4921 0.9754
3.7816 -4.2883 -2.4918 0.9754
3.9329 -4.1497 -2.4917 0.9754
4.6098 -3.3808 -2.4914 0.9754
5.0460 -2.6866 -2.4914 0.9754
5.3056 -2.1289 -2.4915 0.9754
5.3786 -1.9372 -2.4915 0.9754
5.4448 -1.7430 -2.4916 0.9754
5.5561 -1.3482 -2.4917 0.9754
5.6010 -1.1480 -2.4918 0.9754
5.7173 -0.1300 -2.4923 0.9754
5.7125 0.2804 -2.4926 0.9754
5.6991 0.4852 -2.4928 0.9754
5.6784 0.6894 -2.4929 0.9753
5.6152 1.0949 -2.4933 0.9753
5.4663 1.6923 -2.4939 0.9753
5.4025 1.8875 -2.4941 0.9753
5.3318 2.0803 -2.4943 0.9753
4.7541 3.1648 -2.4890 0.9754
4.0059 3.5912 -2.3447 0.9768
3.8749 3.7330 -2.3449 0.9768
3.7389 3.8701 -2.3452 0.9768
3.5980 4.0021 -2.3454 0.9768
3.4525 4.1291 -2.3457 0.9768
3.1482 4.3670 -2.3462 0.9768
2.8276 4.5826 -2.3468 0.9768
2.6617 4.6816 -2.3470 0.9768
2.3196 4.8615 -2.3476 0.9768
2.1440 4.9422 -2.3478 0.9768
1.7844 5.0843 -2.3483 0.9768
0.8489 5.3240 -2.3496 0.9768
0.4650 5.3723 -2.3501 0.9767
0.0786 5.3929 -2.3506 0.9767
-0.1150 5.3928 -2.3508 0.9767
-0.6940 5.3507 -2.3515 0.9767
-0.8856 5.3229 -2.3517 0.9767
-1.0761 5.2881 -2.3519 0.9767
-1.2652 5.2465 -2.3521 0.9767
-1.8220 5.0814 -2.3526 0.9767
-2.1820 4.9384 -2.3530 0.9767
-2.3580 4.8572 -2.3531 0.9767
-2.5309 4.7698 -2.3533 0.9767
-2.7005 4.6762 -2.3534 0.9767
-3.0292 4.4710 -2.3536 0.9767
-3.3645 4.2708 -2.3695 0.9766
-3.8641 4.2401 -2.5002 0.9753
-4.0180 4.1032 -2.5029 0.9753
-4.1673 3.9608 -2.5056 0.9752
-4.4430 3.6537 -2.5070 0.9752
-4.8100 3.1553 -2.5071 0.9752
-4.9201 2.9807 -2.5071 0.9752
-5.0239 2.8023 -2.5071 0.9752
-5.2119 2.4348 -2.5071 0.9752
-5.2958 2.2462 -2.5070 0.9752
-5.5062 1.6640 -2.5069 0.9752
-5.6110 1.2648 -2.5067 0.9752
-5.6526 1.0627 -2.5066 0.9752
-5.7138 0.6545 -2.5064 0.9752
-5.7333 0.4491 -2.5063 0.9752
-5.7454 0.2431 -2.5062 0.9752
-5.7502 0.0368 -2.5061 0.9752
-5.7373 -0.3756 -2.5058 0.9752
-5.7198 -0.5812 -2.5056 0.9752
-5.6626 -0.9897 -2.5053 0.9752
-5.5762 -1.3930 -2.5049 0.9752
-5.4611 -1.7890 -2.5045 0.9752
-5.3929 -1.9836 -2.5043 0.9752
-5.3178 -2.1756 -2.5041 0.9752
-5.2359 -2.3648 -2.5038 0.9752
-5.0519 -2.7336 -2.5034 0.9752
-4.8419 -3.0883 -2.5029 0.9753
-4.7275 -3.2597 -2.5026 0.9753
-4.6070 -3.4268 -2.5024 0.9753
-4.4806 -3.5895 -2.5021 0.9753
-4.2108 -3.9008 -2.5016 0.9753
-3.9194 -4.1918 -2.5010 0.9753
-3.7661 -4.3292 -2.5007 0.9753
-2.9313 -4.9291 -2.4993 0.9753
-2.7523 -5.0305 -2.4991 0.9753
-2.5698 -5.1254 -2.4988 0.9753
-2.3839 -5.2137 -2.4985 0.9753
-2.1951 -5.2953 -2.4982 0.9753
-1.8093 -5.4379 -2.4977 0.9753
-1.6129 -5.4987 -2.4974 0.9753
-1.4144 -5.5524 -2.4971 0.9753
-1.2142 -5.5990 -2.4968 0.9753
-1.0124 -5.6383 -2.4966 0.9753
-0.8094 -5.6704 -2.4963 0.9753
-0.6053 -5.6952 -2.4961 0.9753
-0.1954 -5.7228 -2.4956 0.9753
0.0101 -5.7256 -2.4953 0.9753
0.2155 -5.7210 -2.4951 0.9753
0.4206 -5.7090 -2.4948 0.9753
0.8287 -5.6631 -2.4944 0.9753
1.0313 -5.6293 -2.4942 0.9753
1.2325 -5.5882 -2.4939 0.9753
1.4321 -5.5399 -2.4937 0.9753
1.6298 -5.4845 -2.4935 0.9753
2.2092 -5.2765 -2.4930 0.9753
2.3969 -5.1935 -2.4928 0.9754
2.5815 -5.1038 -2.4927 0.9754
2.9405 -4.9050 -2.4924 0.9754
3.6112 -4.4330 -2.4919 0.9754
3.7678 -4.3005 -2.4918 0.9754
4.2077 -3.8704 -2.4916 0.9754
4.3437 -3.7168 -2.4915 0.9754
4.5989 -3.3956 -2.4914 0.9754
4.9371 -2.8818 -2.4914 0.9754
5.0373 -2.7028 -2.4914 0.9754
5.2182 -2.3346 -2.4914 0.9754
5.3723 -1.9545 -2.4915 0.9754
5.4391 -1.7605 -2.4915 0.9754
5.4989 -1.5643 -2.4916 0.9754
5.5517 -1.3660 -2.4917 0.9754
5.5973 -1.1660 -2.4918 0.9754
5.6909 -0.5579 -2.4921 0.9754
5.7075 -0.3534 -2.4922 0.9754
5.7168 -0.1484 -2.4923 0.9754
5.6806 0.6711 -2.4929 0.9754
5.6532 0.8745 -2.4931 0.9753
5.6186 1.0769 -2.4933 0.9753
5.5768 1.2778 -2.4934 0.9753
5.5278 1.4772 -2.4936 0.9753
5.4717 1.6747 -2.4938 0.9753
5.3384 2.0631 -2.4943 0.9753
5.2614 2.2535 -2.4945 0.9753
5.1776 2.4411 -2.4947 0.9753
4.8793 2.9795 -2.4916 0.9754
4.7647 3.1497 -2.4892 0.9754
4.5594 3.2549 -2.4414 0.9759
4.2941 3.3043 -2.3614 0.9766
4.0174 3.5783 -2.3447 0.9768
3.8869 3.7205 -2.3449 0.9768
3.7513 3.8580 -2.3452 0.9768
3.4658 4.1179 -2.3457 0.9768
3.3161 4.2401 -2.3459 0.9768
3.1622 4.3568 -2.3462 0.9768
3.0042 4.4680 -2.3465 0.9768
2.8423 4.5734 -2.3467 0.9768
2.6767 4.6730 -2.3470 0.9768
2.5076 4.7665 -2.3473 0.9768
2.3352 4.8540 -2.3475 0.9768
1.8008 5.0785 -2.3483 0.9768
1.6176 5.1404 -2.3486 0.9768
1.2451 5.2443 -2.3491 0.9768
1.0562 5.2862 -2.3493 0.9768
0.6746 5.3494 -2.3498 0.9767
0.2893 5.3851 -2.3503 0.9767
-0.0976 5.3931 -2.3508 0.9767
-1.0590 5.2915 -2.3519 0.9767
-1.2483 5.2505 -2.3521 0.9767
-1.4360 5.2028 -2.3522 0.9767
-1.6218 5.1483 -2.3524 0.9767
-1.8057 5.0872 -2.3526 0.9767
-1.9872 5.0195 -2.3528 0.9767
-2.3423 4.8648 -2.3531 0.9767
-2.6854 4.6848 -2.3534 0.9767
-3.0148 4.4807 -2.3536 0.9767
-3.1738 4.3698 -2.3537 0.9767
-3.3412 4.2693 -2.3627 0.9766
-3.6095 4.2860 -2.4420 0.9758
-3.8500 4.2521 -2.4999 0.9753
-4.1541 3.9738 -2.5054 0.9752
-4.5600 3.5067 -2.5070 0.9752
-4.7998 3.1708 -2.5071 0.9752
-5.0149 2.8184 -2.5071 0.9752
-5.3663 2.0720 -2.5070 0.9752
-5.4371 1.8781 -2.5069 0.9752
-5.6069 1.2829 -2.5067 0.9752
-5.6841 0.8775 -2.5066 0.9752
-5.7117 0.6729 -2.5065 0.9752
-5.7319 0.4676 -2.5063 0.9752
-5.7480 -0.1510 -2.5059 0.9752
-5.7385 -0.3571 -2.5058 0.9752
-5.7217 -0.5627 -2.5056 0.9752
-5.6974 -0.7676 -2.5055 0.9752
-5.6269 -1.1740 -2.5051 0.9752
-5.5807 -1.3750 -2.5049 0.9752
-5.5273 -1.5743 -2.5047 0.9752
-5.4669 -1.7714 -2.5045 0.9752
-5.3248 -2.1585 -2.5041 0.9752
-4.9595 -2.8969 -2.5031 0.9753
-4.7380 -3.2445 -2.5026 0.9753
-4.3606 -3.7336 -2.5019 0.9753
-4.0808 -4.0358 -2.5013 0.9753
-3.7800 -4.3171 -2.5008 0.9753
-3.1222 -4.8113 -2.4997 0.9753
-2.9472 -4.9197 -2.4994 0.9753
-2.7685 -5.0217 -2.4991 0.9753
-2.5863 -5.1172 -2.4988 0.9753
-2.4007 -5.2061 -2.4985 0.9753
-1.8268 -5.4321 -2.4977 0.9753
-1.4323 -5.5479 -2.4971 0.9753
-1.2322 -5.5951 -2.4969 0.9753
-1.0305 -5.6351 -2.4966 0.9753
-0.8276 -5.6679 -2.4963 0.9753
-0.6237 -5.6933 -2.4961 0.9753
-0.4190 -5.7114 -2.4958 0.9753
-0.2138 -5.7222 -2.4956 0.9753
-0.0083 -5.7256 -2.4953 0.9753
0.1971 -5.7217 -2.4951 0.9753
0.4022 -5.7104 -2.4949 0.9753
0.6068 -5.6918 -2.4946 0.9753
1.2145 -5.5921 -2.4940 0.9753
1.4142 -5.5445 -2.4938 0.9753
1.6121 -5.4898 -2.4936 0.9753
1.8079 -5.4280 -2.4934 0.9753
2.1922 -5.2836 -2.4930 0.9753
2.7467 -5.0165 -2.4925 0.9754
2.9247 -4.9144 -2.4924 0.9754
3.0990 -4.8061 -2.4923 0.9754
3.4353 -4.5710 -2.4920 0.9754
3.7540 -4.3126 -2.4918 0.9754
4.4627 -3.5729 -2.4915 0.9754
4.7073 -3.2436 -2.4914 0.9754
4.9278 -2.8977 -2.4914 0.9754
5.0286 -2.7190 -2.4914 0.9754
5.3660 -1.9718 -2.4915 0.9754
5.4334 -1.7780 -2.4915 0.9754
5.4939 -1.5820 -2.4916 0.9754
5.5472 -1.3839 -2.4917 0.9754
5.5935 -1.1840 -2.4918 0.9754
5.6326 -0.9826 -2.4918 0.9754
5.6890 -0.5762 -2.4921 0.9754
5.7063 -0.3718 -2.4922 0.9754
5.7163 -0.1668 -2.4923 0.9754
5.7189 0.0384 -2.4924 0.9754
5.7021 0.4485 -2.4927 0.9754
5.6560 0.8563 -2.4931 0.9753
5.6220 1.0588 -2.4932 0.9753
5.5808 1.2599 -2.4934 0.9753
5.5325 1.4594 -2.4936 0.9753
5.3450 2.0459 -2.4942 0.9753
5.2686 2.2366 -2.4945 0.9753
4.7752 3.1346 -2.4894 0.9754
4.1538 3.4181 -2.3444 0.9768
3.8988 3.7079 -2.3449 0.9768
3.7637 3.8458 -2.3451 0.9768
2.5229 4.7584 -2.3472 0.9768
2.1757 4.9282 -2.3478 0.9768
1.9977 5.0036 -2.3480 0.9768
1.8171 5.0726 -2.3483 0.9768
1.6341 5.1351 -2.3486 0.9768
1.4490 5.1910 -2.3488 0.9768
1.2619 5.2402 -2.3491 0.9768
0.6918 5.3472 -2.3498 0.9767
0.3066 5.3841 -2.3503 0.9767
0.1133 5.3922 -2.3505 0.9767
-0.0803 5.3933 -2.3508 0.9767
-0.2737 5.3875 -2.3510 0.9767
-0.6595 5.3550 -2.3514 0.9767
-0.8513 5.3284 -2.3516 0.9767
-1.0420 5.2948 -2.3518 0.9767
-1.6053 5.1535 -2.3524 0.9767
-1.7893 5.0930 -2.3526 0.9767
-2.1502 4.9523 -2.3529 0.9767
-2.3266 4.8722 -2.3531 0.9767
-2.6703 4.6934 -2.3534 0.9767
-4.2843 3.8383 -2.5069 0.9752
-4.5487 3.5214 -2.5070 0.9752
-4.6722 3.3559 -2.5070 0.9752
-4.9009 3.0123 -2.5071 0.9752
-5.3596 2.0893 -2.5070 0.9752
-5.4310 1.8956 -2.5070 0.9752
-5.5527 1.5012 -2.5068 0.9752
-5.6028 1.3009 -2.5068 0.9752
-5.6457 1.0991 -2.5067 0.9752
-5.7095 0.6913 -2.5065 0.9752
-5.7485 -0.1325 -2.5060 0.9752
-5.7235 -0.5443 -2.5056 0.9752
-5.4726 -1.7538 -2.5045 0.9752
-5.4057 -1.9489 -2.5043 0.9752
-5.2511 -2.3311 -2.5039 0.9752
-5.1636 -2.5177 -2.5036 0.9752
-5.0694 -2.7011 -2.5034 0.9752
-4.9688 -2.8810 -2.5032 0.9753
-4.7485 -3.2292 -2.5027 0.9753
-4.5037 -3.5607 -2.5021 0.9753
-4.3726 -3.7196 -2.5019 0.9753
-3.6366 -4.4378 -2.5005 0.9753
-3.4747 -4.5649 -2.5002 0.9753
-3.3083 -4.6861 -2.5000 0.9753
-2.9631 -4.9102 -2.4994 0.9753
-2.6028 -5.1089 -2.4988 0.9753
-2.4175 -5.1984 -2.4986 0.9753
-2.2292 -5.2812 -2.4983 0.9753
-2.0381 -5.3572 -2.4980 0.9753
-1.8443 -5.4262 -2.4977 0.9753
-0.8459 -5.6652 -2.4964 0.9753
-0.6420 -5.6913 -2.4961 0.9753
-0.4373 -5.7101 -2.4958 0.9753
-0.2322 -5.7215 -2.4956 0.9753
0.1787 -5.7223 -2.4951 0.9753
0.3838 -5.7117 -2.4949 0.9753
0.5885 -5.6937 -2.4946 0.9753
1.1965 -5.5961 -2.4940 0.9753
1.3964 -5.5491 -2.4938 0.9753
1.5945 -5.4950 -2.4936 0.9753
1.7904 -5.4338 -2.4934 0.9753
2.1752 -5.2907 -2.4930 0.9753
2.5486 -5.1204 -2.4927 0.9754
2.7305 -5.0253 -2.4925 0.9754
3.2542 -4.7021 -2.4921 0.9754
3.5827 -4.4562 -2.4919 0.9754
3.7401 -4.3247 -2.4918 0.9754
3.8927 -4.1875 -2.4917 0.9754
4.1827 -3.8974 -2.4916 0.9754
4.3197 -3.7447 -2.4915 0.9754
4.4512 -3.5873 -2.4915 0.9754
4.9184 -2.9135 -2.4914 0.9754
5.0198 -2.7352 -2.4914 0.9754
5.1147 -2.5533 -2.4914 0.9754
5.2031 -2.3682 -2.4914 0.9754
5.2847 -2.1800 -2.4914 0.9754
5.4277 -1.7955 -2.4915 0.9754
5.4887 -1.5997 -2.4916 0.9754
5.5896 -1.2020 -2.4917 0.9754
5.6871 -0.5945 -2.4920 0.9754
5.7189 0.0200 -2.4924 0.9754
5.7149 0.2252 -2.4926 0.9754
5.6587 0.8381 -2.4930 0.9753
5.6254 1.0407 -2.4932 0.9753
5.5848 1.2419 -2.4934 0.9753
-0.5527 -5.3643 -2.4962 0.9765
0.0269 -5.3912 -2.4955 0.9765
0.4133 -5.3744 -2.4951 0.9765
0.7975 -5.3300 -2.4946 0.9765
1.7353 -5.1001 -2.4937 0.9765
1.9170 -5.0342 -2.4935 0.9765
2.2728 -4.8832 -2.4932 0.9765
2.4464 -4.7982 -2.4930 0.9765
2.6168 -4.7071 -2.4929 0.9765
2.7838 -4.6099 -2.4928 0.9765
3.1070 -4.3980 -2.4925 0.9765
3.2626 -4.2835 -2.4924 0.9765
3.4141 -4.1635 -2.4923 0.9765
3.5611 -4.0382 -2.4922 0.9765
3.7036 -3.9077 -2.4922 0.9765
3.8413 -3.7722 -2.4921 0.9765
3.9741 -3.6319 -2.4920 0.9765
4.1017 -3.4869 -2.4920 0.9766
4.4524 -3.0259 -2.4919 0.9766
4.5581 -2.8642 -2.4918 0.9766
4.9210 -2.1827 -2.4919 0.9766
4.9962 -2.0048 -2.4919 0.9766
5.1830 -1.4564 -2.4921 0.9765
5.3388 -0.7001 -2.4924 0.9765
5.3607 -0.5081 -2.4925 0.9765
5.3838 -0.1224 -2.4927 0.9765
5.3850 0.0708 -2.4929 0.9765
5.2875 1.0311 -2.4936 0.9765
5.2007 1.4078 -2.4940 0.9765
5.0206 1.9589 -2.4946 0.9765
4.9475 2.1379 -2.4948 0.9765
4.8680 2.3143 -2.4950 0.9765
4.7822 2.4877 -2.4952 0.9765
4.6903 2.6579 -2.4954 0.9765
4.5913 2.8240 -2.4951 0.9765
4.4830 2.9843 -2.4929 0.9765
4.3693 3.1405 -2.4907 0.9766
4.2441 3.2877 -2.4850 0.9766
3.7719 3.3814 -2.3448 0.9779
3.5204 3.6439 -2.3453 0.9779
3.3878 3.7683 -2.3455 0.9779
3.2507 3.8878 -2.3458 0.9779
2.9642 4.1117 -2.3463 0.9779
2.6623 4.3146 -2.3468 0.9779
2.1840 4.5772 -2.3475 0.9779
2.0185 4.6531 -2.3478 0.9779
1.8505 4.7230 -2.3480 0.9779
1.5074 4.8445 -2.3485 0.9779
1.3327 4.8960 -2.3487 0.9779
1.1563 4.9412 -2.3490 0.9779
0.7992 5.0124 -2.3495 0.9779
0.6189 5.0383 -2.3497 0.9779
0.2560 5.0707 -2.3501 0.9779
0.0740 5.0771 -2.3504 0.9779
-0.1083 5.0770 -2.3506 0.9779
-0.2904 5.0703 -2.3508 0.9779
-0.6533 5.0373 -2.3512 0.9779
-1.1911 4.9391 -2.3518 0.9779
-1.3676 4.8936 -2.3520 0.9779
-1.5424 4.8417 -2.3521 0.9779
-1.7152 4.7836 -2.3523 0.9778
-1.8859 4.7193 -2.3525 0.9778
-2.0541 4.6489 -2.3526 0.9778
-2.2197 4.5725 -2.3528 0.9778
-2.3825 4.4902 -2.3529 0.9778
-2.6986 4.3082 -2.3531 0.9778
-2.8567 4.2163 -2.3574 0.9778
-3.0919 4.2285 -2.4247 0.9772
-3.3403 4.2400 -2.4985 0.9765
-3.4936 4.1214 -2.5009 0.9765
-3.7877 3.8680 -2.5059 0.9764
-4.0562 3.5872 -2.5065 0.9764
-4.1824 3.4394 -2.5065 0.9764
-4.3032 3.2872 -2.5066 0.9764
-4.4184 3.1307 -2.5066 0.9764
-4.5279 2.9702 -2.5066 0.9764
-4.6316 2.8059 -2.5066 0.9764
-4.9062 2.2920 -2.5066 0.9764
-4.9852 2.1144 -2.5066 0.9764
-5.0578 1.9342 -2.5065 0.9764
-5.1833 1.5665 -2.5064 0.9764
-5.2820 1.1907 -2.5063 0.9764
-5.3211 1.0004 -2.5062 0.9764
-5.3534 0.8088 -2.5061 0.9764
-5.3787 0.6162 -2.5060 0.9764
-5.4086 0.2288 -2.5058 0.9764
-5.4130 0.0346 -2.5057 0.9764
-5.4010 -0.3536 -2.5054 0.9764
-5.3611 -0.7399 -2.5051 0.9764
-5.3307 -0.9317 -2.5049 0.9764
-5.2935 -1.1223 -2.5047 0.9764
-5.1411 -1.6842 -2.5042 0.9764
-5.0063 -2.0482 -2.5038 0.9764
-4.8457 -2.4015 -2.5033 0.9764
-4.6602 -2.7423 -2.5029 0.9764
-4.5584 -2.9074 -2.5027 0.9765
-4.2183 -3.3794 -2.5019 0.9765
-3.5457 -4.0759 -2.5007 0.9765
-3.2436 -4.3188 -2.5001 0.9765
-2.7599 -4.6408 -2.4993 0.9765
-2.4195 -4.8258 -2.4988 0.9765
-2.0668 -4.9858 -2.4983 0.9765
-1.8864 -5.0562 -2.4980 0.9765
-1.7036 -5.1201 -2.4978 0.9765
-1.5186 -5.1774 -2.4975 0.9765
-0.7621 -5.3392 -2.4965 0.9765
-0.3772 -5.3791 -2.4960 0.9765
0.0095 -5.3913 -2.4955 0.9765
0.5886 -5.3576 -2.4949 0.9765
0.7804 -5.3326 -2.4947 0.9765
0.9711 -5.3007 -2.4945 0.9765
1.5347 -5.1645 -2.4939 0.9765
1.7189 -5.1057 -2.4937 0.9765
2.0803 -4.9687 -2.4934 0.9765
2.2571 -4.8905 -2.4932 0.9765
2.7690 -4.6189 -2.4928 0.9765
3.2488 -4.2940 -2.4924 0.9765
3.4007 -4.1745 -2.4923 0.9765
3.6910 -3.9196 -2.4922 0.9765
4.0905 -3.5001 -2.4920 0.9765
4.3308 -3.1977 -2.4919 0.9766
4.4427 -3.0402 -2.4919 0.9766
4.5489 -2.8788 -2.4918 0.9766
4.7436 -2.5452 -2.4918 0.9766
5.1220 -1.6579 -2.4920 0.9765
5.1783 -1.4731 -2.4921 0.9765
5.2280 -1.2864 -2.4921 0.9765
5.2709 -1.0980 -2.4922 0.9765
5.3365 -0.7173 -2.4924 0.9765
5.3834 -0.1397 -2.4927 0.9765
5.3852 0.0535 -2.4928 0.9765
5.3681 0.4396 -2.4931 0.9765
5.3492 0.6319 -2.4933 0.9765
5.3234 0.8235 -2.4934 0.9765
5.2908 1.0140 -2.4936 0.9765
5.2052 1.3910 -2.4940 0.9765
5.1524 1.5770 -2.4942 0.9765
5.0929 1.7610 -2.4943 0.9765
5.0268 1.9427 -2.4946 0.9765
4.9543 2.1220 -2.4948 0.9765
4.7902 2.4722 -2.4952 0.9765
4.6988 2.6427 -2.4954 0.9765
4.6007 2.8094 -2.4953 0.9765
4.4930 2.9701 -2.4930 0.9765
3.7893 3.3751 -2.3489 0.9779
3.6598 3.5031 -2.3450 0.9779
3.5321 3.6325 -2.3453 0.9779
3.2632 3.8773 -2.3458 0.9779
3.1223 3.9923 -2.3460 0.9779
2.9774 4.1021 -2.3463 0.9779
2.5202 4.3997 -2.3470 0.9779
2.3609 4.4878 -2.3472 0.9779
2.0335 4.6465 -2.3477 0.9779
1.6954 4.7814 -2.3482 0.9779
1.5229 4.8396 -2.3485 0.9779
0.9944 4.9768 -2.3492 0.9779
0.6351 5.0363 -2.3497 0.9779
0.4540 5.0563 -2.3499 0.9779
0.2724 5.0698 -2.3501 0.9779
0.0903 5.0768 -2.3503 0.9779
-0.8175 5.0136 -2.3514 0.9779
-1.1751 4.9429 -2.3518 0.9779
-1.3518 4.8979 -2.3519 0.9779
-1.5268 4.8466 -2.3521 0.9779
-1.6998 4.7891 -2.3523 0.9778
-1.8707 4.7253 -2.3524 0.9778
-2.0391 4.6555 -2.3526 0.9778
-2.2050 4.5796 -2.3527 0.9778
-2.3680 4.4978 -2.3529 0.9778
-2.5280 4.4102 -2.3530 0.9778
-2.6847 4.3169 -2.3531 0.9778
-3.0701 4.2271 -2.4183 0.9772
-3.4800 4.1322 -2.5007 0.9765
-4.1713 3.4529 -2.5065 0.9764
-4.4083 3.1449 -2.5066 0.9764
-4.5183 2.9848 -2.5066 0.9764
-4.7208 2.6531 -2.5066 0.9764
-4.8129 2.4820 -2.5066 0.9764
-4.9784 2.1305 -2.5066 0.9764
-5.2316 1.3963 -2.5064 0.9764
-5.2781 1.2077 -2.5063 0.9764
-5.3179 1.0175 -2.5062 0.9764
-5.3767 0.6335 -2.5060 0.9764
-5.4078 0.2463 -2.5058 0.9764
-5.4129 0.0521 -2.5057 0.9764
-5.4110 -0.1422 -2.5055 0.9764
-5.3635 -0.7226 -2.5051 0.9764
-5.2537 -1.2945 -2.5046 0.9764
-5.2035 -1.4820 -2.5044 0.9764
-5.0129 -2.0320 -2.5038 0.9764
-4.9363 -2.2104 -2.5036 0.9764
-4.8534 -2.3859 -2.5034 0.9764
-4.6690 -2.7273 -2.5029 0.9764
-4.5677 -2.8928 -2.5027 0.9765
-4.4606 -3.0545 -2.5024 0.9765
-4.2292 -3.3658 -2.5019 0.9765
-4.1053 -3.5151 -2.5017 0.9765
-3.8419 -3.7996 -2.5012 0.9765
-3.7028 -3.9346 -2.5009 0.9765
-3.5588 -4.0645 -2.5007 0.9765
-3.4104 -4.1891 -2.5004 0.9765
-3.2575 -4.3083 -2.5002 0.9765
-3.1005 -4.4220 -2.4999 0.9765
-2.9396 -4.5299 -2.4996 0.9765
-2.4350 -4.8180 -2.4988 0.9765
-2.0828 -4.9792 -2.4983 0.9765
-1.9027 -5.0501 -2.4980 0.9765
-1.5353 -5.1725 -2.4975 0.9765
-1.3486 -5.2237 -2.4973 0.9765
-0.3945 -5.3779 -2.4960 0.9765
-0.0078 -5.3913 -2.4956 0.9765
0.3787 -5.3770 -2.4951 0.9765
0.5714 -5.3595 -2.4949 0.9765
0.7632 -5.3351 -2.4947 0.9765
1.1436 -5.2658 -2.4943 0.9765
1.3317 -5.2210 -2.4941 0.9765
1.5181 -5.1694 -2.4939 0.9765
1.7024 -5.1113 -2.4937 0.9765
1.8846 -5.0465 -2.4935 0.9765
2.4155 -4.8139 -2.4931 0.9765
2.7541 -4.6278 -2.4928 0.9765
2.9183 -4.5258 -2.4927 0.9765
3.2350 -4.3045 -2.4924 0.9765
3.3872 -4.1855 -2.4923 0.9765
3.5351 -4.0611 -2.4922 0.9765
3.9506 -3.6574 -2.4920 0.9765
4.2025 -3.3646 -2.4919 0.9766
4.5396 -2.8934 -2.4918 0.9766
4.7354 -2.5605 -2.4918 0.9766
4.8242 -2.3889 -2.4919 0.9766
4.9069 -2.2143 -2.4919 0.9766
5.1735 -1.4897 -2.4920 0.9765
5.2673 -1.1150 -2.4922 0.9765
5.3829 -0.1571 -2.4927 0.9765
5.3853 0.0362 -2.4928 0.9765
5.3695 0.4223 -2.4931 0.9765
5.3260 0.8063 -2.4934 0.9765
5.2940 0.9970 -2.4936 0.9765
5.2552 1.1864 -2.4938 0.9765
5.1574 1.5604 -2.4941 0.9765
5.0985 1.7445 -2.4943 0.9765
4.9610 2.1060 -2.4947 0.9765
4.7073 2.6276 -2.4954 0.9765
4.6101 2.7949 -2.4955 0.9765
4.3901 3.1128 -2.4911 0.9766
3.8072 3.3691 -2.3532 0.9778
3.6710 3.4913 -2.3450 0.9779
3.4119 3.7463 -2.3455 0.9779
3.2756 3.8667 -2.3457 0.9779
2.8421 4.1976 -2.3465 0.9779
2.6899 4.2973 -2.3467 0.9779
2.2133 4.5629 -2.3475 0.9779
1.7108 4.7758 -2.3482 0.9779
1.5385 4.8346 -2.3485 0.9779
1.1881 4.9335 -2.3489 0.9779
1.0104 4.9735 -2.3492 0.9779
0.6513 5.0341 -2.3497 0.9779
0.1066 5.0764 -2.3503 0.9779
-0.2577 5.0720 -2.3508 0.9779
-0.4395 5.0599 -2.3510 0.9779
-0.8014 5.0162 -2.3514 0.9779
-0.9809 4.9846 -2.3516 0.9779
-1.3361 4.9022 -2.3519 0.9779
-1.5112 4.8515 -2.3521 0.9779
-1.6844 4.7945 -2.3523 0.9778
-1.8554 4.7313 -2.3524 0.9778
-2.0241 4.6620 -2.3526 0.9778
-2.1902 4.5866 -2.3527 0.9778
-2.6708 4.3255 -2.3531 0.9778
-3.0484 4.2258 -2.4119 0.9773
-3.2970 4.2410 -2.4865 0.9766
-3.6163 4.0200 -2.5029 0.9764
-3.7621 3.8916 -2.5055 0.9764
-4.2819 3.3148 -2.5065 0.9764
-4.7122 2.6683 -2.5066 0.9764
-4.8914 2.3235 -2.5066 0.9764
-4.9715 2.1465 -2.5066 0.9764
-5.3146 1.0346 -2.5062 0.9764
-5.3944 0.4575 -2.5059 0.9764
-5.4070 0.2637 -2.5058 0.9764
-5.4128 0.0695 -2.5057 0.9764
-5.4115 -0.1247 -2.5056 0.9764
-5.4032 -0.3188 -2.5054 0.9764
-5.3880 -0.5124 -2.5053 0.9764
-5.3658 -0.7054 -2.5051 0.9764
-5.3367 -0.8973 -2.5049 0.9764
-5.3007 -1.0882 -2.5048 0.9764
-5.2578 -1.2775 -2.5046 0.9764
-5.2082 -1.4652 -2.5044 0.9764
-4.9435 -2.1945 -2.5036 0.9764
-4.8611 -2.3703 -2.5034 0.9764
-4.5771 -2.8781 -2.5027 0.9765
-4.2401 -3.3522 -2.5020 0.9765
-4.1167 -3.5019 -2.5017 0.9765
-3.9880 -3.6469 -2.5015 0.9765
-3.8542 -3.7873 -2.5012 0.9765
-3.7154 -3.9227 -2.5010 0.9765
-3.4239 -4.1782 -2.5004 0.9765
-3.2714 -4.2979 -2.5002 0.9765
-3.1148 -4.4120 -2.4999 0.9765
-2.7898 -4.6230 -2.4994 0.9765
-2.2762 -4.8945 -2.4986 0.9765
-1.9189 -5.0440 -2.4981 0.9765
-1.5520 -5.1676 -2.4975 0.9765
-1.3654 -5.2194 -2.4973 0.9765
-1.1772 -5.2645 -2.4970 0.9765
-0.9874 -5.3028 -2.4968 0.9765
-0.0252 -5.3913 -2.4956 0.9765
0.1682 -5.3882 -2.4953 0.9765
0.3614 -5.3783 -2.4951 0.9765
0.7460 -5.3376 -2.4947 0.9765
1.1267 -5.2695 -2.4943 0.9765
1.3149 -5.2252 -2.4941 0.9765
1.6860 -5.1168 -2.4937 0.9765
1.8683 -5.0526 -2.4936 0.9765
2.0483 -4.9820 -2.4934 0.9765
2.4000 -4.8217 -2.4931 0.9765
2.5713 -4.7322 -2.4929 0.9765
3.0644 -4.4279 -2.4926 0.9765
3.2211 -4.3149 -2.4924 0.9765
3.5220 -4.0725 -2.4923 0.9765
4.0679 -3.5264 -2.4920 0.9765
4.1917 -3.3781 -2.4919 0.9766
4.4230 -3.0687 -2.4919 0.9766
4.5303 -2.9080 -2.4918 0.9766
4.8165 -2.4045 -2.4918 0.9766
4.8997 -2.2301 -2.4919 0.9766
4.9766 -2.0529 -2.4919 0.9766
5.0471 -1.8731 -2.4919 0.9766
5.1112 -1.6908 -2.4920 0.9765
5.1687 -1.5064 -2.4920 0.9765
5.2195 -1.3200 -2.4921 0.9765
5.3317 -0.7516 -2.4924 0.9765
5.3554 -0.5598 -2.4925 0.9765
5.3723 -0.3674 -2.4926 0.9765
5.3823 -0.1744 -2.4927 0.9765
5.3815 0.2120 -2.4930 0.9765
5.3708 0.4050 -2.4931 0.9765
5.2972 0.9799 -2.4936 0.9765
5.2590 1.1694 -2.4937 0.9765
5.2140 1.3575 -2.4939 0.9765
-0.3396 -5.0774 -2.4962 0.9776
-0.1572 -5.0859 -2.4959 0.9776
0.2079 -5.0832 -2.4955 0.9776
0.3901 -5.0720 -2.4953 0.9776
0.5718 -5.0544 -2.4951 0.9776
1.1113 -4.9625 -2.4945 0.9776
1.6377 -4.8134 -2.4940 0.9776
1.9784 -4.6829 -2.4937 0.9776
2.1450 -4.6087 -2.4935 0.9776
2.3089 -4.5285 -2.4934 0.9776
2.4697 -4.4425 -2.4933 0.9776
2.6274 -4.3508 -2.4931 0.9776
2.7817 -4.2535 -2.4930 0.9776
3.0792 -4.0428 -2.4928 0.9776
3.3610 -3.8113 -2.4926 0.9776
3.4955 -3.6881 -2.4925 0.9776
3.6254 -3.5603 -2.4925 0.9776
3.8712 -3.2910 -2.4924 0.9776
3.9867 -3.1499 -2.4923 0.9776
4.0971 -3.0048 -2.4923 0.9776
2.3530 -1.3633 -1.3340 0.9880
2.3548 -1.2537 -1.3086 0.9882
4.8392 -1.5492 -2.4924 0.9776
4.8918 -1.3746 -2.4925 0.9776
4.9780 -1.0203 -2.4926 0.9776
5.0116 -0.8411 -2.4927 0.9776
5.0387 -0.6607 -2.4928 0.9776
5.0594 -0.4796 -2.4929 0.9776
5.0650 0.4312 -2.4935 0.9776
5.0465 0.6127 -2.4936 0.9776
4.9903 0.9731 -2.4939 0.9776
4.9525 1.1516 -2.4941 0.9776
4.9083 1.3286 -2.4943 0.9776
4.8578 1.5040 -2.4945 0.9776
4.6692 2.0177 -2.4950 0.9776
4.5132 2.3477 -2.4954 0.9776
4.4264 2.5083 -2.4956 0.9776
4.3340 2.6657 -2.4959 0.9776
4.2359 2.8198 -2.4961 0.9776
4.1291 2.9678 -2.4943 0.9776
4.0168 3.1116 -2.4924 0.9776
3.8997 3.2513 -2.4905 0.9776
3.3228 3.4393 -2.3458 0.9789
3.1970 3.5561 -2.3456 0.9789
3.0677 3.6688 -2.3459 0.9789
2.9343 3.7769 -2.3461 0.9789
2.5123 4.0715 -2.3468 0.9789
2.3648 4.1595 -2.3470 0.9789
2.2143 4.2421 -2.3473 0.9789
1.9048 4.3908 -2.3477 0.9789
1.4224 4.5714 -2.3484 0.9789
0.9232 4.6991 -2.3491 0.9789
-0.1021 4.7905 -2.3504 0.9789
-0.4455 4.7716 -2.3508 0.9789
-0.6164 4.7530 -2.3510 0.9789
-0.9558 4.6973 -2.3513 0.9789
-1.1238 4.6603 -2.3515 0.9789
-1.4553 4.5683 -2.3518 0.9789
-1.7794 4.4528 -2.3521 0.9789
-2.2479 4.2366 -2.3526 0.9789
-3.0077 4.1132 -2.4995 0.9776
-3.3008 3.8939 -2.5040 0.9775
-3.4410 3.7758 -2.5059 0.9775
-3.7031 3.5196 -2.5060 0.9775
-3.8270 3.3845 -2.5061 0.9775
-4.0600 3.1015 -2.5061 0.9775
-4.2721 2.8024 -2.5062 0.9775
-4.3699 2.6473 -2.5062 0.9775
-4.4621 2.4889 -2.5062 0.9775
-4.5485 2.3272 -2.5062 0.9775
-4.6290 2.1625 -2.5062 0.9775
-4.8344 1.6525 -2.5061 0.9775
-4.9402 1.3015 -2.5060 0.9775
-5.0205 0.9438 -2.5058 0.9775
-5.0510 0.7631 -2.5057 0.9775
-5.0749 0.5814 -2.5056 0.9775
-5.0923 0.3989 -2.5055 0.9775
-5.0960 -0.3336 -2.5050 0.9775
-5.0804 -0.5162 -2.5049 0.9775
-5.0583 -0.6981 -2.5047 0.9775
-5.0297 -0.8791 -2.5046 0.9775
-4.7904 -1.7620 -2.5037 0.9775
-4.7237 -1.9326 -2.5035 0.9775
-4.6510 -2.1006 -2.5033 0.9775
-4.5722 -2.2659 -2.5031 0.9775
-4.3012 -2.7434 -2.5025 0.9775
-4.1996 -2.8957 -2.5022 0.9775
-4.0926 -3.0442 -2.5020 0.9775
-3.9804 -3.1888 -2.5018 0.9775
-3.8631 -3.3292 -2.5015 0.9775
-3.6137 -3.5970 -2.5011 0.9775
-3.0608 -4.0753 -2.5001 0.9775
-2.9123 -4.1821 -2.4998 0.9776
-2.6044 -4.3793 -2.4993 0.9776
-2.4454 -4.4695 -2.4991 0.9776
-2.2832 -4.5539 -2.4988 0.9776
-2.1181 -4.6324 -2.4986 0.9776
-1.7801 -4.7714 -2.4981 0.9776
-1.4331 -4.8858 -2.4976 0.9776
-1.2568 -4.9336 -2.4974 0.9776
-1.0789 -4.9751 -2.4971 0.9776
-0.8996 -5.0101 -2.4969 0.9776
-0.7192 -5.0387 -2.4966 0.9776
-0.3560 -5.0764 -2.4962 0.9776
0.0090 -5.0879 -2.4957 0.9776
0.3738 -5.0733 -2.4953 0.9776
0.5555 -5.0562 -2.4951 0.9776
1.0953 -4.9661 -2.4945 0.9776
1.2727 -4.9232 -2.4944 0.9776
2.2943 -4.5359 -2.4934 0.9776
2.7680 -4.2625 -2.4930 0.9776
2.9190 -4.1603 -2.4929 0.9776
3.0662 -4.0527 -2.4928 0.9776
3.2095 -3.9399 -2.4927 0.9776
3.4836 -3.6994 -2.4926 0.9776
3.8606 -3.3034 -2.4924 0.9776
3.9766 -3.1627 -2.4923 0.9776
2.3578 -1.3763 -1.3392 0.9879
2.3513 -1.2616 -1.3089 0.9882
4.7094 -1.9073 -2.4923 0.9776
4.8873 -1.3903 -2.4925 0.9776
4.9747 -1.0363 -2.4926 0.9776
5.0725 -0.3141 -2.4930 0.9776
5.0808 -0.1319 -2.4931 0.9776
5.0825 0.0505 -2.4932 0.9776
5.0241 0.7772 -2.4938 0.9776
4.9561 1.1356 -2.4941 0.9776
4.8626 1.4883 -2.4944 0.9776
4.6756 2.0026 -2.4950 0.9776
4.6011 2.1693 -2.4952 0.9776
4.4345 2.4940 -2.4956 0.9776
4.2449 2.8061 -2.4961 0.9776
4.1389 2.9547 -2.4945 0.9776
4.0271 3.0989 -2.4925 0.9776
3.9104 3.2390 -2.4907 0.9776
3.7638 3.3524 -2.4724 0.9778
3.5448 3.3931 -2.4070 0.9784
2.8097 3.8711 -2.3463 0.9789
2.6692 3.9698 -2.3465 0.9789
2.2279 4.2349 -2.3472 0.9789
1.7605 4.4511 -2.3479 0.9789
1.5998 4.5118 -2.3482 0.9789
1.2724 4.6158 -2.3486 0.9789
1.1061 4.6590 -2.3489 0.9789
0.5993 4.7522 -2.3495 0.9789
0.4284 4.7711 -2.3497 0.9789
0.2570 4.7838 -2.3500 0.9789
0.0852 4.7904 -2.3502 0.9789
-0.2586 4.7850 -2.3506 0.9789
-0.4301 4.7730 -2.3508 0.9789
-0.7714 4.7306 -2.3511 0.9789
-1.1088 4.6639 -2.3515 0.9789
-1.6038 4.5187 -2.3520 0.9789
-1.7650 4.4585 -2.3521 0.9789
-2.0805 4.3210 -2.3524 0.9789
-2.3868 4.1639 -2.3542 0.9788
-2.5952 4.1728 -2.4104 0.9783
-3.1429 4.0160 -2.5015 0.9775
-3.6917 3.5315 -2.5060 0.9775
-4.2630 2.8161 -2.5062 0.9775
-4.4540 2.5032 -2.5062 0.9775
-4.6220 2.1774 -2.5062 0.9775
-4.9360 1.3174 -2.5060 0.9775
-4.9799 1.1394 -2.5059 0.9775
-5.0485 0.7793 -2.5057 0.9775
-5.0910 0.4153 -2.5055 0.9775
-5.1072 0.0491 -2.5053 0.9775
-5.1054 -0.1341 -2.5052 0.9775
-5.0970 -0.3172 -2.5051 0.9775
-5.0821 -0.4998 -2.5049 0.9775
-5.0606 -0.6818 -2.5048 0.9775
-5.0325 -0.8629 -2.5046 0.9775
-4.9571 -1.2214 -2.5043 0.9775
-4.9097 -1.3983 -2.5041 0.9775
-4.8560 -1.5735 -2.5039 0.9775
-4.7300 -1.9173 -2.5035 0.9775
-4.4954 -2.4139 -2.5029 0.9775
-4.3100 -2.7296 -2.5025 0.9775
-4.2089 -2.8822 -2.5023 0.9775
-3.8738 -3.3168 -2.5016 0.9775
-3.4940 -3.7128 -2.5008 0.9775
-3.2181 -3.9530 -2.5003 0.9775
-3.0739 -4.0655 -2.5001 0.9775
-2.7739 -4.2746 -2.4996 0.9776
-2.6185 -4.3710 -2.4994 0.9776
-2.4598 -4.4616 -2.4991 0.9776
-2.2979 -4.5466 -2.4989 0.9776
-2.1331 -4.6256 -2.4986 0.9776
-1.4489 -4.8812 -2.4976 0.9776
-1.2727 -4.9296 -2.4974 0.9776
-1.0949 -4.9716 -2.4971 0.9776
-0.7354 -5.0364 -2.4967 0.9776
-0.5542 -5.0591 -2.4964 0.9776
-0.3723 -5.0752 -2.4962 0.9776
0.1751 -5.0845 -2.4955 0.9776
0.3574 -5.0745 -2.4953 0.9776
0.7203 -5.0350 -2.4949 0.9776
0.9004 -5.0055 -2.4947 0.9776
1.6067 -4.8239 -2.4940 0.9776
2.1153 -4.6224 -2.4936 0.9776
2.2797 -4.5433 -2.4934 0.9776
2.4411 -4.4583 -2.4933 0.9776
2.5993 -4.3677 -2.4932 0.9776
2.9056 -4.1696 -2.4929 0.9776
3.0532 -4.0626 -2.4928 0.9776
3.1968 -3.9502 -2.4927 0.9776
3.3364 -3.8329 -2.4926 0.9776
3.6025 -3.5835 -2.4925 0.9776
3.7286 -3.4519 -2.4924 0.9776
3.8500 -3.3158 -2.4924 0.9776
4.0777 -3.0311 -2.4923 0.9776
4.2845 -2.7309 -2.4923 0.9776
2.3658 -1.3911 -1.3462 0.9878
2.3484 -1.2698 -1.3096 0.9882
4.7032 -1.9224 -2.4923 0.9776
4.8291 -1.5803 -2.4924 0.9776
4.9302 -1.2300 -2.4925 0.9776
5.0562 -0.5121 -2.4928 0.9776
5.0803 -0.1482 -2.4931 0.9776
5.0826 0.0341 -2.4932 0.9776
5.0784 0.2165 -2.4933 0.9776
5.0503 0.5801 -2.4936 0.9776
4.9964 0.9409 -2.4939 0.9776
4.9167 1.2970 -2.4942 0.9776
4.8117 1.6464 -2.4946 0.9776
4.6820 1.9875 -2.4950 0.9776
4.4424 2.4797 -2.4956 0.9776
4.3510 2.6377 -2.4958 0.9776
4.2539 2.7924 -2.4960 0.9776
4.1487 2.9416 -2.4947 0.9776
4.0373 3.0861 -2.4927 0.9776
3.9210 3.2266 -2.4908 0.9776
3.5640 3.3895 -2.4126 0.9783
3.3548 3.4281 -2.3528 0.9789
3.0912 3.6490 -2.3458 0.9789
2.3915 4.1441 -2.3470 0.9789
2.0886 4.3058 -2.3474 0.9789
1.1211 4.6553 -2.3488 0.9789
0.9534 4.6930 -2.3491 0.9789
0.7845 4.7247 -2.3493 0.9789
0.4438 4.7696 -2.3497 0.9789
-0.2432 4.7857 -2.3505 0.9789
-0.7562 4.7331 -2.3511 0.9789
-0.9256 4.7033 -2.3513 0.9789
-1.4259 4.5776 -2.3518 0.9789
-1.5893 4.5238 -2.3520 0.9789
-1.7507 4.4641 -2.3521 0.9789
-2.0665 4.3276 -2.3524 0.9789
-2.2206 4.2509 -2.3525 0.9789
-2.3718 4.1687 -2.3527 0.9789
-2.5758 4.1716 -2.4049 0.9784
-2.7967 4.1855 -2.4692 0.9778
-3.2751 3.9145 -2.5036 0.9775
-3.5507 3.6730 -2.5059 0.9775
-3.6803 3.5433 -2.5060 0.9775
-3.8052 3.4091 -2.5060 0.9775
-3.9251 3.2704 -2.5061 0.9775
-4.1496 2.9806 -2.5062 0.9775
-4.2539 2.8298 -2.5062 0.9775
-4.3528 2.6754 -2.5062 0.9775
-4.5334 2.3564 -2.5062 0.9775
-4.6150 2.1922 -2.5062 0.9775
-4.7602 1.8556 -2.5061 0.9775
-4.8236 1.6836 -2.5061 0.9775
-5.0144 0.9762 -2.5058 0.9775
-5.0460 0.7956 -2.5057 0.9775
-5.0711 0.6140 -2.5057 0.9775
-5.1070 0.0656 -2.5053 0.9775
-5.1058 -0.1177 -2.5052 0.9775
-5.0628 -0.6655 -2.5048 0.9775
-4.9142 -1.3825 -2.5041 0.9775
-4.8017 -1.7311 -2.5037 0.9775
-4.7361 -1.9021 -2.5035 0.9775
-4.6645 -2.0707 -2.5033 0.9775
-4.5868 -2.2365 -2.5031 0.9775
-4.5032 -2.3994 -2.5029 0.9775
-4.3188 -2.7157 -2.5025 0.9775
-4.2182 -2.8686 -2.5023 0.9775
-3.8845 -3.3044 -2.5016 0.9775
-3.7631 -3.4413 -2.5013 0.9775
-3.5060 -3.7015 -2.5009 0.9775
-3.3706 -3.8246 -2.5006 0.9775
-3.2309 -3.9427 -2.5004 0.9775
-2.9392 -4.1634 -2.4999 0.9776
-2.4741 -4.4537 -2.4991 0.9776
-2.3125 -4.5392 -2.4989 0.9776
-1.9807 -4.6924 -2.4984 0.9776
-1.2885 -4.9255 -2.4974 0.9776
-0.5705 -5.0573 -2.4965 0.9776
-0.2063 -5.0843 -2.4960 0.9776
1.0633 -4.9731 -2.4946 0.9776
1.2410 -4.9314 -2.4944 0.9776
1.4170 -4.8834 -2.4942 0.9776
1.7633 -4.7685 -2.4939 0.9776
2.1005 -4.6292 -2.4936 0.9776
2.2650 -4.5506 -2.4934 0.9776
2.4267 -4.4662 -2.4933 0.9776
2.7405 -4.2803 -2.4930 0.9776
2.8922 -4.1790 -2.4929 0.9776
3.1841 -3.9605 -2.4927 0.9776
3.5909 -3.5951 -2.4925 0.9776
3.7175 -3.4639 -2.4924 0.9776
3.8393 -3.3282 -2.4924 0.9776
3.9562 -3.1883 -2.4923 0.9776
4.1745 -2.8963 -2.4923 0.9776
4.2757 -2.7446 -2.4923 0.9776
4.6244 -2.1048 -2.4923 0.9776
4.6970 -1.9376 -2.4923 0.9776
4.9262 -1.2458 -2.4925 0.9776
4.9679 -1.0683 -2.4926 0.9776
5.0032 -0.8894 -2.4927 0.9776
5.0321 -0.7094 -2.4927 0.9776
5.0545 -0.5284 -2.4928 0.9776
5.0704 -0.3467 -2.4929 0.9776
5.0790 0.2001 -2.4933 0.9776
5.0688 0.3822 -2.4934 0.9776
5.0522 0.5639 -2.4936 0.9776
4.9993 0.9248 -2.4939 0.9776
4.9633 1.1037 -2.4941 0.9776
-0.6647 -4.7666 -2.4968 0.9785
-0.1487 -4.8092 -2.4961 0.9786
0.3689 -4.7962 -2.4955 0.9786
0.5407 -4.7795 -2.4953 0.9786
0.8819 -4.7277 -2.4949 0.9786
1.0509 -4.6927 -2.4948 0.9786
1.3845 -4.6046 -2.4944 0.9786
1.5487 -4.5517 -2.4943 0.9786
1.7109 -4.4930 -2.4941 0.9786
2.1834 -4.2824 -2.4937 0.9786
2.4846 -4.1144 -2.4935 0.9786
2.7730 -3.9253 -2.4932 0.9786
2.9119 -3.8231 -2.4931 0.9786
3.0471 -3.7161 -2.4931 0.9786
3.1784 -3.6042 -2.4930 0.9786
3.3056 -3.4878 -2.4929 0.9786
3.4285 -3.3668 -2.4928 0.9786
3.5470 -3.2416 -2.4928 0.9786
3.8746 -2.8416 -2.4927 0.9786
3.9740 -2.7007 -2.4926 0.9786
2.2117 -1.1775 -1.2999 0.9888
2.5454 -1.0214 -1.4229 0.9877
2.6235 -0.8399 -1.4291 0.9877
4.6260 -1.2999 -2.4928 0.9786
4.7393 -0.7954 -2.4930 0.9786
4.7649 -0.6248 -2.4931 0.9786
4.7845 -0.4535 -2.4932 0.9786
4.7979 -0.2816 -2.4933 0.9786
4.8051 -0.1093 -2.4934 0.9786
4.8061 0.0632 -2.4935 0.9786
4.8010 0.2356 -2.4937 0.9786
4.7897 0.4077 -2.4938 0.9786
4.7723 0.5794 -2.4939 0.9786
4.7487 0.7502 -2.4941 0.9786
4.7190 0.9202 -2.4942 0.9786
4.6832 1.0890 -2.4944 0.9786
4.6415 1.2564 -2.4945 0.9786
4.5937 1.4222 -2.4947 0.9786
4.5400 1.5862 -2.4949 0.9786
4.4805 1.7482 -2.4951 0.9786
4.4153 1.9080 -2.4953 0.9786
4.1857 2.3719 -2.4958 0.9786
4.0982 2.5207 -2.4960 0.9786
4.0055 2.6664 -2.4963 0.9786
3.8032 2.9462 -2.4958 0.9786
3.6924 3.0785 -2.4940 0.9786
3.5772 3.2069 -2.4923 0.9786
3.1021 3.4505 -2.4071 0.9793
2.7746 3.5713 -2.3461 0.9798
2.5118 3.7617 -2.3466 0.9798
2.3755 3.8498 -2.3468 0.9798
1.9486 4.0839 -2.3475 0.9798
1.8010 4.1516 -2.3477 0.9798
1.6510 4.2139 -2.3479 0.9798
1.4989 4.2709 -2.3481 0.9798
1.1890 4.3682 -2.3486 0.9798
1.0316 4.4084 -2.3488 0.9798
0.8729 4.4430 -2.3490 0.9798
0.2284 4.5237 -2.3498 0.9798
-0.2590 4.5232 -2.3504 0.9798
-0.4212 4.5113 -2.3506 0.9798
-0.7437 4.4702 -2.3509 0.9798
-0.9037 4.4410 -2.3511 0.9798
-1.0625 4.4060 -2.3513 0.9798
-1.2200 4.3653 -2.3514 0.9798
-1.6823 4.2098 -2.3519 0.9798
-1.8323 4.1470 -2.3520 0.9798
-1.9949 4.1094 -2.3698 0.9796
-2.1877 4.1229 -2.4213 0.9792
-2.8473 3.8939 -2.5025 0.9785
-2.9877 3.7924 -2.5046 0.9785
-3.1228 3.6840 -2.5054 0.9785
-3.2531 3.5697 -2.5055 0.9785
-3.6181 3.1997 -2.5057 0.9785
-3.7306 3.0679 -2.5057 0.9785
-3.9411 2.7925 -2.5058 0.9785
-4.0388 2.6494 -2.5058 0.9785
-4.4467 1.8860 -2.5058 0.9785
-4.7114 1.0621 -2.5055 0.9785
-4.7752 0.7214 -2.5054 0.9785
-4.8143 0.3771 -2.5052 0.9785
-4.8245 0.2041 -2.5051 0.9785
-4.8178 -0.3154 -2.5047 0.9785
-4.7822 -0.6600 -2.5044 0.9785
-4.7220 -1.0011 -2.5041 0.9785
-4.5862 -1.5024 -2.5036 0.9785
-4.4660 -1.8271 -2.5033 0.9785
-4.3973 -1.9860 -2.5031 0.9785
-4.1574 -2.4464 -2.5025 0.9785
-4.0666 -2.5938 -2.5023 0.9785
-3.9706 -2.7378 -2.5021 0.9785
-3.8695 -2.8782 -2.5019 0.9785
-3.7634 -3.0150 -2.5016 0.9785
-3.5369 -3.2765 -2.5012 0.9785
-3.2922 -3.5210 -2.5007 0.9785
-3.1635 -3.6365 -2.5005 0.9785
-2.6098 -4.0502 -2.4996 0.9785
-1.5201 -4.5687 -2.4979 0.9785
-1.1884 -4.6651 -2.4975 0.9785
-0.8506 -4.7375 -2.4970 0.9785
-0.6801 -4.7645 -2.4968 0.9785
0.0085 -4.8112 -2.4959 0.9786
0.1811 -4.8074 -2.4957 0.9786
0.5253 -4.7812 -2.4953 0.9786
1.0357 -4.6961 -2.4948 0.9786
1.2035 -4.6556 -2.4946 0.9786
1.5340 -4.5567 -2.4943 0.9786
1.6964 -4.4985 -2.4941 0.9786
1.8566 -4.4344 -2.4940 0.9786
2.1696 -4.2894 -2.4937 0.9786
2.4714 -4.1224 -2.4935 0.9786
2.7604 -3.9342 -2.4933 0.9786
3.0352 -3.7259 -2.4931 0.9786
3.2943 -3.4984 -2.4929 0.9786
3.6509 -3.1240 -2.4927 0.9786
3.7606 -2.9909 -2.4927 0.9786
3.9653 -2.7135 -2.4927 0.9786
2.2166 -1.2938 -1.3315 0.9885
2.2090 -1.1852 -1.3005 0.9888
2.4905 -1.1143 -1.4154 0.9878
4.6661 -1.1481 -2.4929 0.9786
4.7367 -0.8106 -2.4930 0.9786
4.7629 -0.6402 -2.4931 0.9786
4.7830 -0.4689 -2.4932 0.9786
4.7969 -0.2970 -2.4933 0.9786
4.8063 0.0477 -2.4935 0.9786
4.8017 0.2202 -2.4936 0.9786
4.7219 0.9050 -2.4942 0.9786
4.6867 1.0739 -2.4944 0.9786
4.6454 1.2414 -2.4945 0.9786
4.5451 1.5716 -2.4949 0.9786
4.4861 1.7337 -2.4951 0.9786
4.2748 2.2062 -2.4956 0.9786
4.1933 2.3584 -2.4958 0.9786
4.1063 2.5075 -2.4960 0.9786
3.5877 3.1955 -2.4925 0.9786
2.9302 3.4816 -2.3607 0.9797
2.7860 3.5623 -2.3461 0.9798
2.3878 3.8421 -2.3468 0.9798
2.1066 4.0042 -2.3472 0.9798
1.9617 4.0776 -2.3474 0.9798
1.8143 4.1457 -2.3477 0.9798
1.6646 4.2086 -2.3479 0.9798
1.2031 4.3643 -2.3485 0.9798
1.0458 4.4050 -2.3488 0.9798
0.8872 4.4401 -2.3490 0.9798
0.7274 4.4695 -2.3492 0.9798
0.4051 4.5109 -2.3496 0.9798
0.2430 4.5229 -2.3498 0.9798
0.0806 4.5291 -2.3500 0.9798
-0.4066 4.5126 -2.3506 0.9798
-0.5683 4.4955 -2.3507 0.9798
-0.7293 4.4726 -2.3509 0.9798
-0.8894 4.4438 -2.3511 0.9798
-1.2059 4.3692 -2.3514 0.9798
-1.3620 4.3234 -2.3516 0.9798
-2.1701 4.1218 -2.4165 0.9792
-2.3702 4.1348 -2.4725 0.9788
-2.5434 4.0896 -2.4984 0.9785
-2.8346 3.9028 -2.5024 0.9785
-3.2416 3.5801 -2.5055 0.9785
-3.3680 3.4616 -2.5056 0.9785
-3.7207 3.0799 -2.5057 0.9785
-3.8289 2.9444 -2.5058 0.9785
-4.2108 2.3665 -2.5058 0.9785
-4.3696 2.0584 -2.5058 0.9785
-4.5059 1.7398 -2.5057 0.9785
-4.5653 1.5770 -2.5057 0.9785
-4.7080 1.0772 -2.5055 0.9785
-4.7728 0.7368 -2.5054 0.9785
-4.7960 0.5651 -2.5053 0.9785
-4.8130 0.3926 -2.5052 0.9785
-4.8284 0.0465 -2.5050 0.9785
-4.7844 -0.6446 -2.5045 0.9785
-4.5911 -1.4876 -2.5037 0.9785
-4.5344 -1.6513 -2.5035 0.9785
-4.4719 -1.8127 -2.5033 0.9785
-4.4037 -1.9719 -2.5031 0.9785
-4.3297 -2.1284 -2.5029 0.9785
-4.0750 -2.5807 -2.5023 0.9785
-3.6626 -3.1360 -2.5014 0.9785
-3.5474 -3.2651 -2.5012 0.9785
-3.3036 -3.5104 -2.5008 0.9785
-3.1752 -3.6264 -2.5005 0.9785
-2.9064 -3.8440 -2.5001 0.9785
-2.7664 -3.9454 -2.4998 0.9785
-2.6228 -4.0418 -2.4996 0.9785
-2.4759 -4.1329 -2.4993 0.9785
-1.8585 -4.4429 -2.4984 0.9785
-1.3700 -4.6155 -2.4977 0.9785
-1.2034 -4.6613 -2.4975 0.9785
-1.0353 -4.7010 -2.4972 0.9785
-0.6954 -4.7623 -2.4968 0.9785
-0.5240 -4.7838 -2.4966 0.9785
-0.3520 -4.7991 -2.4964 0.9785
-0.0070 -4.8112 -2.4959 0.9786
0.6811 -4.7612 -2.4952 0.9786
0.8514 -4.7334 -2.4950 0.9786
1.6819 -4.5039 -2.4941 0.9786
1.8423 -4.4404 -2.4940 0.9786
2.0004 -4.3712 -2.4939 0.9786
2.3084 -4.2161 -2.4936 0.9786
2.4581 -4.1303 -2.4935 0.9786
2.6046 -4.0393 -2.4934 0.9786
3.2830 -3.5090 -2.4929 0.9786
3.5261 -3.2644 -2.4928 0.9786
3.8562 -2.8665 -2.4927 0.9786
3.9565 -2.7262 -2.4927 0.9786
2.2068 -1.1932 -1.3015 0.9888
2.4479 -1.1046 -1.3932 0.9880
2.5635 -1.0478 -1.4367 0.9876
2.5187 -0.9255 -1.3921 0.9880
2.5928 -0.8485 -1.4153 0.9878
4.7012 -0.9951 -2.4929 0.9786
4.7814 -0.4843 -2.4932 0.9786
4.7959 -0.3124 -2.4933 0.9786
4.8064 0.0323 -2.4935 0.9786
4.8024 0.2047 -2.4936 0.9786
4.7922 0.3769 -2.4938 0.9786
4.7248 0.8898 -2.4942 0.9786
4.6494 1.2265 -2.4945 0.9786
4.4916 1.7193 -2.4950 0.9786
4.4274 1.8795 -2.4952 0.9786
4.3574 2.0373 -2.4954 0.9786
3.9255 2.7833 -2.4964 0.9785
3.7126 3.0551 -2.4943 0.9786
3.5982 3.1841 -2.4926 0.9786
3.4794 3.3090 -2.4910 0.9786
2.9468 3.4786 -2.3651 0.9797
2.7975 3.5533 -2.3461 0.9798
2.5359 3.7454 -2.3465 0.9798
1.8277 4.1398 -2.3476 0.9798
1.6781 4.2031 -2.3479 0.9798
1.5264 4.2610 -2.3481 0.9798
1.3726 4.3135 -2.3483 0.9798
0.9015 4.4372 -2.3489 0.9798
0.5811 4.4912 -2.3494 0.9798
0.4196 4.5096 -2.3496 0.9798
0.2575 4.5221 -2.3498 0.9798
-0.0674 4.5297 -2.3502 0.9798
-0.2299 4.5247 -2.3504 0.9798
-0.3921 4.5139 -2.3505 0.9798
-0.7149 4.4748 -2.3509 0.9798
-0.8751 4.4466 -2.3511 0.9798
-1.0341 4.4127 -2.3512 0.9798
-1.3480 4.3278 -2.3515 0.9798
-1.5025 4.2769 -2.3517 0.9798
-1.8056 4.1586 -2.3520 0.9798
-2.1525 4.1206 -2.4118 0.9793
-2.3518 4.1336 -2.4672 0.9788
-2.6775 4.0071 -2.5002 0.9785
-2.8218 3.9116 -2.5022 0.9785
-2.9627 3.8110 -2.5042 0.9785
-3.4794 3.3498 -2.5056 0.9785
-3.5974 3.2229 -2.5057 0.9785
-3.7108 3.0918 -2.5057 0.9785
-3.8194 2.9568 -2.5058 0.9785
-4.0216 2.6753 -2.5058 0.9785
-4.1150 2.5293 -2.5058 0.9785
-4.2032 2.3800 -2.5058 0.9785
-4.3630 2.0725 -2.5058 0.9785
-4.5003 1.7543 -2.5057 0.9785
-4.5602 1.5917 -2.5057 0.9785
-4.6143 1.4270 -2.5057 0.9785
-4.6624 1.2605 -2.5056 0.9785
-4.7942 0.5805 -2.5053 0.9785
-4.8231 0.2352 -2.5051 0.9785
-4.8271 -0.1113 -2.5049 0.9785
-4.8198 -0.2844 -2.5047 0.9785
-4.8062 -0.4571 -2.5046 0.9785
-4.7864 -0.6292 -2.5045 0.9785
-4.7605 -0.8005 -2.5043 0.9785
-4.7284 -0.9707 -2.5042 0.9785
-4.6460 -1.3071 -2.5038 0.9785
-4.5958 -1.4728 -2.5037 0.9785
-4.4778 -1.7983 -2.5033 0.9785
-4.4100 -1.9577 -2.5031 0.9785
-4.3366 -2.1145 -2.5029 0.9785
-4.2576 -2.2685 -2.5027 0.9785
-4.0833 -2.5676 -2.5023 0.9785
-3.8880 -2.8533 -2.5019 0.9785
-3.6727 -3.1242 -2.5015 0.9785
-3.5580 -3.2537 -2.5012 0.9785
-3.3149 -3.4998 -2.5008 0.9785
-2.9188 -3.8347 -2.5001 0.9785
-2.7791 -3.9365 -2.4998 0.9785
-2.3394 -4.2112 -2.4991 0.9785
-2.1866 -4.2920 -2.4989 0.9785
-2.0310 -4.3673 -2.4987 0.9785
-1.7123 -4.5008 -2.4982 0.9785
-1.5495 -4.5589 -2.4980 0.9785
-1.3849 -4.6111 -2.4977 0.9785
-0.8811 -4.7320 -2.4970 0.9785
-0.5394 -4.7821 -2.4966 0.9785
-0.0225 -4.8112 -2.4960 0.9786
0.3225 -4.7996 -2.4956 0.9786
0.8362 -4.7361 -2.4950 0.9786
1.0055 -4.7027 -2.4948 0.9786
1.3400 -4.6179 -2.4945 0.9786
1.8280 -4.4463 -2.4940 0.9786
1.9863 -4.3776 -2.4939 0.9786
2.1419 -4.3033 -2.4937 0.9786
2.2949 -4.2235 -2.4936 0.9786
2.4448 -4.1382 -2.4935 0.9786
2.5916 -4.0477 -2.4934 0.9786
2.8749 -3.8511 -2.4932 0.9786
3.1435 -3.6348 -2.4930 0.9786
3.2717 -3.5195 -2.4929 0.9786
3.3958 -3.3998 -2.4929 0.9786
3.6307 -3.1474 -2.4928 0.9786
3.7412 -3.0151 -2.4927 0.9786
2.2544 -1.1254 -1.3072 0.9887
2.5747 -1.0621 -1.4449 0.9875
4.6132 -1.3445 -2.4928 0.9786
4.7314 -0.8411 -2.4930 0.9786
4.7798 -0.4997 -2.4932 0.9786
4.8037 -0.1556 -2.4934 0.9786
4.8065 0.0168 -2.4935 0.9786
4.6935 1.0437 -2.4943 0.9786
4.6533 1.2115 -2.4945 0.9786
-0.6296 -4.5151 -2.4969 0.9794
-0.4672 -4.5344 -2.4967 0.9794
-0.1408 -4.5556 -2.4963 0.9794
0.1862 -4.5532 -2.4959 0.9794
0.6742 -4.5059 -2.4953 0.9794
0.8354 -4.4785 -2.4952 0.9794
0.9954 -4.4453 -2.4950 0.9794
1.1542 -4.4064 -2.4948 0.9794
1.4671 -4.3118 -2.4945 0.9794
1.6207 -4.2561 -2.4944 0.9794
1.9215 -4.1285 -2.4941 0.9794
2.4919 -3.8105 -2.4937 0.9794
3.0109 -3.4143 -2.4933 0.9795
3.1314 -3.3040 -2.4932 0.9795
3.2479 -3.1895 -2.4932 0.9795
3.3601 -3.0708 -2.4931 0.9795
3.4681 -2.9482 -2.4931 0.9795
3.6705 -2.6919 -2.4930 0.9795
2.1898 -1.3760 -1.4165 0.9883
2.0828 -1.1089 -1.2923 0.9893
1.9697 -0.7904 -1.1624 0.9904
2.4055 -0.7701 -1.3833 0.9885
4.3823 -1.2314 -2.4932 0.9795
4.4596 -0.9140 -2.4933 0.9795
4.4896 -0.7535 -2.4934 0.9795
2.0989 -0.2752 -1.1594 0.9904
2.1258 -0.2015 -1.1695 0.9903
4.5451 -0.2667 -2.4936 0.9794
4.5519 -0.1035 -2.4937 0.9794
4.5373 0.3863 -2.4941 0.9794
4.4984 0.7107 -2.4943 0.9794
4.4364 1.0316 -2.4946 0.9794
4.3968 1.1901 -2.4948 0.9794
4.3515 1.3472 -2.4949 0.9794
4.2443 1.6560 -2.4953 0.9794
4.1824 1.8074 -2.4955 0.9794
3.8820 2.3878 -2.4962 0.9794
3.7942 2.5257 -2.4964 0.9794
3.7014 2.6604 -2.4966 0.9794
3.6039 2.7918 -2.4968 0.9794
3.5017 2.9195 -2.4970 0.9794
3.3927 3.0415 -2.4956 0.9794
3.2794 3.1594 -2.4941 0.9794
3.1622 3.2731 -2.4926 0.9795
3.0410 3.3826 -2.4913 0.9795
2.8970 3.4647 -2.4736 0.9796
2.7170 3.4971 -2.4255 0.9800
2.5432 3.5278 -2.3820 0.9804
2.2500 3.6465 -2.3468 0.9806
1.8457 3.8682 -2.3474 0.9806
1.5638 3.9913 -2.3479 0.9806
1.4197 4.0452 -2.3481 0.9806
1.2738 4.0939 -2.3483 0.9806
1.1262 4.1373 -2.3485 0.9806
0.5230 4.2573 -2.3493 0.9806
0.2164 4.2846 -2.3497 0.9806
-0.2453 4.2840 -2.3502 0.9806
-0.3989 4.2728 -2.3504 0.9806
-0.7044 4.2338 -2.3507 0.9806
-0.8559 4.2061 -2.3509 0.9806
-1.0063 4.1729 -2.3510 0.9806
-1.1554 4.1344 -2.3512 0.9806
-1.4513 4.0473 -2.3549 0.9806
-2.1378 4.0290 -2.4981 0.9794
-2.4246 3.8707 -2.5016 0.9794
-2.5638 3.7840 -2.5034 0.9794
-2.6995 3.6918 -2.5049 0.9794
-2.8303 3.5927 -2.5050 0.9794
-2.9575 3.4890 -2.5051 0.9794
-3.0809 3.3807 -2.5052 0.9794
-3.5331 2.9055 -2.5054 0.9794
-3.8250 2.5091 -2.5055 0.9794
-3.9125 2.3703 -2.5055 0.9794
-3.9951 2.2284 -2.5055 0.9794
-4.0724 2.0836 -2.5055 0.9794
-4.2726 1.6339 -2.5054 0.9794
-4.3284 1.4795 -2.5054 0.9794
-4.4232 1.1653 -2.5053 0.9794
-4.4620 1.0058 -2.5052 0.9794
-4.4951 0.8451 -2.5051 0.9794
-4.5594 0.3571 -2.5049 0.9794
-4.5691 0.1933 -2.5048 0.9794
-4.5729 0.0293 -2.5047 0.9794
-4.5708 -0.1348 -2.5046 0.9794
-4.5628 -0.2987 -2.5044 0.9794
-4.5036 -0.7871 -2.5040 0.9794
-4.4350 -1.1079 -2.5037 0.9794
-4.3921 -1.2662 -2.5036 0.9794
-4.3436 -1.4229 -2.5034 0.9794
-4.2298 -1.7305 -2.5031 0.9794
-4.1647 -1.8810 -2.5029 0.9794
-4.0942 -2.0290 -2.5027 0.9794
-4.0185 -2.1745 -2.5025 0.9794
-3.8516 -2.4567 -2.5021 0.9794
-3.7607 -2.5931 -2.5019 0.9794
-3.6649 -2.7261 -2.5017 0.9794
-3.1183 -3.3350 -2.5006 0.9794
-2.8706 -3.5494 -2.5002 0.9794
-2.7411 -3.6497 -2.5000 0.9794
-2.6082 -3.7454 -2.4998 0.9794
-2.4719 -3.8362 -2.4995 0.9794
-2.0449 -4.0785 -2.4989 0.9794
-1.5944 -4.2735 -2.4982 0.9794
-1.4399 -4.3276 -2.4980 0.9794
-1.1257 -4.4189 -2.4975 0.9794
-0.6442 -4.5131 -2.4969 0.9794
0.0081 -4.5574 -2.4961 0.9794
0.1715 -4.5538 -2.4959 0.9794
0.8210 -4.4811 -2.4952 0.9794
1.1400 -4.4102 -2.4949 0.9794
1.2974 -4.3661 -2.4947 0.9794
1.4532 -4.3165 -2.4945 0.9794
1.6070 -4.2614 -2.4944 0.9794
1.9082 -4.1347 -2.4941 0.9794
2.0553 -4.0634 -2.4940 0.9794
2.1996 -3.9868 -2.4939 0.9794
2.4796 -3.8185 -2.4937 0.9794
2.7469 -3.6306 -2.4935 0.9795
2.9999 -3.4240 -2.4933 0.9795
3.1208 -3.3141 -2.4932 0.9795
3.4586 -2.9594 -2.4931 0.9795
3.6618 -2.7037 -2.4930 0.9795
3.7564 -2.5705 -2.4930 0.9795
2.0806 -1.1164 -1.2933 0.9893
2.1301 -1.0463 -1.2998 0.9892
2.2740 -1.0174 -1.3645 0.9887
2.0041 -0.7291 -1.1680 0.9903
4.3783 -1.2455 -2.4932 0.9795
4.4203 -1.0876 -2.4932 0.9795
4.4566 -0.9284 -2.4933 0.9795
4.5442 -0.2814 -2.4936 0.9795
4.5515 -0.1181 -2.4937 0.9794
4.5385 0.3716 -2.4941 0.9794
4.5006 0.6962 -2.4943 0.9794
4.4006 1.1760 -2.4948 0.9794
4.3055 1.4887 -2.4951 0.9794
4.1882 1.7939 -2.4954 0.9794
4.0494 2.0899 -2.4958 0.9794
3.9721 2.2340 -2.4960 0.9794
3.8897 2.3752 -2.4962 0.9794
3.8023 2.5135 -2.4964 0.9794
3.7099 2.6485 -2.4966 0.9794
3.5110 2.9082 -2.4970 0.9794
3.4027 3.0307 -2.4957 0.9794
3.0521 3.3729 -2.4914 0.9795
2.7329 3.4943 -2.4296 0.9800
2.1299 3.7184 -2.3470 0.9806
1.9953 3.7927 -2.3472 0.9806
1.1395 4.1336 -2.3485 0.9806
0.8403 4.2054 -2.3489 0.9806
0.5366 4.2556 -2.3493 0.9806
0.2301 4.2838 -2.3496 0.9806
-0.0777 4.2900 -2.3500 0.9806
-0.2315 4.2847 -2.3502 0.9806
-0.3851 4.2740 -2.3504 0.9806
-0.5383 4.2577 -2.3505 0.9806
-1.2899 4.0947 -2.3513 0.9806
-1.6060 4.0568 -2.3897 0.9803
-1.7830 4.0707 -2.4340 0.9799
-1.9667 4.0846 -2.4830 0.9795
-2.1247 4.0356 -2.4980 0.9794
-2.9463 3.4985 -2.5051 0.9794
-3.4167 3.0413 -2.5053 0.9794
-3.5237 2.9168 -2.5054 0.9794
-3.6262 2.7886 -2.5054 0.9794
-3.7239 2.6567 -2.5054 0.9794
-3.8169 2.5214 -2.5055 0.9794
-3.9879 2.2412 -2.5055 0.9794
-4.1383 1.9495 -2.5055 0.9794
-4.2055 1.7997 -2.5054 0.9794
-4.3743 1.3374 -2.5053 0.9794
-4.4194 1.1795 -2.5053 0.9794
-4.5202 0.6978 -2.5051 0.9794
-4.5422 0.5351 -2.5050 0.9794
-4.5583 0.3718 -2.5049 0.9794
-4.5685 0.2080 -2.5048 0.9794
-4.5638 -0.2840 -2.5044 0.9794
-4.5504 -0.4476 -2.5043 0.9794
-4.3962 -1.2521 -2.5036 0.9794
-4.2354 -1.7169 -2.5031 0.9794
-4.1708 -1.8676 -2.5029 0.9794
-4.1008 -2.0159 -2.5027 0.9794
-4.0255 -2.1615 -2.5025 0.9794
-3.9451 -2.3044 -2.5023 0.9794
-3.8595 -2.4443 -2.5021 0.9794
-3.3600 -3.0925 -2.5011 0.9794
-3.2466 -3.2108 -2.5009 0.9794
-3.0074 -3.4348 -2.5005 0.9794
-2.7529 -3.6409 -2.5000 0.9794
-2.6203 -3.7370 -2.4998 0.9794
-2.4843 -3.8283 -2.4996 0.9794
-2.3451 -3.9146 -2.4993 0.9794
-1.7604 -4.2083 -2.4984 0.9794
-1.2977 -4.3719 -2.4978 0.9794
-1.1399 -4.4153 -2.4976 0.9794
-0.8202 -4.4849 -2.4971 0.9794
-0.4964 -4.5314 -2.4967 0.9794
-0.0066 -4.5574 -2.4961 0.9794
0.1569 -4.5544 -2.4959 0.9794
0.3202 -4.5455 -2.4957 0.9794
0.9668 -4.4517 -2.4950 0.9794
1.1258 -4.4138 -2.4949 0.9794
2.1868 -3.9939 -2.4939 0.9794
2.4673 -3.8265 -2.4937 0.9794
2.7352 -3.6394 -2.4935 0.9795
2.8639 -3.5388 -2.4934 0.9795
2.9889 -3.4337 -2.4933 0.9795
3.1101 -3.3241 -2.4933 0.9795
3.3403 -3.0924 -2.4931 0.9795
3.5533 -2.8448 -2.4931 0.9795
2.0931 -1.2308 -1.3299 0.9890
2.1231 -1.0513 -1.2976 0.9893
1.9985 -0.7344 -1.1661 0.9903
2.6431 -0.7611 -1.5064 0.9875
4.4536 -0.9427 -2.4933 0.9795
2.1058 -0.2899 -1.1642 0.9904
2.1110 -0.2138 -1.1621 0.9904
4.5511 -0.1328 -2.4937 0.9794
4.5493 0.1939 -2.4939 0.9794
4.5241 0.5197 -2.4942 0.9794
4.5028 0.6817 -2.4943 0.9794
4.4757 0.8429 -2.4945 0.9794
4.4043 1.1618 -2.4948 0.9794
4.3601 1.3192 -2.4949 0.9794
4.3102 1.4748 -2.4951 0.9794
4.2548 1.6286 -2.4953 0.9794
4.1939 1.7804 -2.4954 0.9794
4.1277 1.9298 -2.4956 0.9794
4.0561 2.0768 -2.4958 0.9794
3.9792 2.2212 -2.4960 0.9794
3.8973 2.3627 -2.4962 0.9794
3.8103 2.5012 -2.4964 0.9794
3.7184 2.6365 -2.4966 0.9794
3.5204 2.8969 -2.4970 0.9794
2.9300 3.4587 -2.4827 0.9795
2.7488 3.4914 -2.4338 0.9799
2.2734 3.6319 -2.3468 0.9806
2.1418 3.7115 -2.3470 0.9806
2.0075 3.7862 -2.3472 0.9806
1.8705 3.8562 -2.3474 0.9806
1.7311 3.9212 -2.3476 0.9806
1.5895 3.9811 -2.3478 0.9806
1.3001 4.0856 -2.3482 0.9806
1.1528 4.1299 -2.3484 0.9806
1.0040 4.1690 -2.3486 0.9806
0.8538 4.2027 -2.3488 0.9806
0.5503 4.2538 -2.3492 0.9806
0.2439 4.2830 -2.3496 0.9806
0.0901 4.2894 -2.3498 0.9806
-0.2177 4.2854 -2.3502 0.9806
-0.3714 4.2752 -2.3504 0.9806
-0.5246 4.2594 -2.3505 0.9806
-0.8288 4.2114 -2.3509 0.9806
-1.2767 4.0988 -2.3513 0.9806
-1.9499 4.0834 -2.4784 0.9796
-2.1116 4.0422 -2.4978 0.9794
-2.5390 3.7999 -2.5031 0.9794
-2.6757 3.7091 -2.5049 0.9794
-2.8071 3.6108 -2.5050 0.9794
-3.1792 3.2886 -2.5052 0.9794
-3.4069 3.0523 -2.5053 0.9794
-3.5143 2.9281 -2.5054 0.9794
-3.6172 2.8002 -2.5054 0.9794
-3.7153 2.6687 -2.5054 0.9794
-3.8087 2.5337 -2.5055 0.9794
-3.9806 2.2540 -2.5055 0.9794
-4.1320 1.9628 -2.5055 0.9794
-4.4156 1.1938 -2.5053 0.9794
-4.4555 1.0345 -2.5052 0.9794
-4.5404 0.5498 -2.5050 0.9794
-4.5571 0.3865 -2.5049 0.9794
-4.5716 -0.1054 -2.5046 0.9794
-4.5332 -0.5959 -2.5042 0.9794
-4.5086 -0.7581 -2.5041 0.9794
-4.4783 -0.9193 -2.5039 0.9794
-4.4421 -1.0793 -2.5038 0.9794
-4.4003 -1.2379 -2.5036 0.9794
-4.2996 -1.5501 -2.5033 0.9794
-4.1768 -1.8542 -2.5029 0.9794
-3.9525 -2.2917 -2.5024 0.9794
-3.8674 -2.4318 -2.5022 0.9794
-3.6825 -2.7025 -2.5018 0.9794
-3.5828 -2.8326 -2.5015 0.9794
-3.3699 -3.0817 -2.5011 0.9794
-3.0185 -3.4251 -2.5005 0.9794
-2.8934 -3.5309 -2.5002 0.9794
-2.7646 -3.6321 -2.5000 0.9794
-2.6323 -3.7286 -2.4998 0.9794
-2.2158 -3.9888 -2.4991 0.9794
-1.9238 -4.1367 -2.4987 0.9794
-1.7739 -4.2027 -2.4985 0.9794
-1.6219 -4.2632 -2.4982 0.9794
-1.3118 -4.3678 -2.4978 0.9794
-1.1541 -4.4116 -2.4976 0.9794
-0.9950 -4.4498 -2.4974 0.9794
-0.5110 -4.5298 -2.4967 0.9794
-0.1848 -4.5541 -2.4963 0.9794
-0.0213 -4.5574 -2.4961 0.9794
0.3055 -4.5465 -2.4958 0.9794
0.9525 -4.4548 -2.4951 0.9794
1.1116 -4.4174 -2.4949 0.9794
1.4254 -4.3258 -2.4946 0.9794
2.0291 -4.0765 -2.4940 0.9794
2.1739 -4.0009 -2.4939 0.9794
2.3160 -3.9202 -2.4938 0.9794
2.5909 -3.7437 -2.4936 0.9795
3.2169 -3.2207 -2.4932 0.9795
3.3303 -3.1031 -2.4931 0.9795
3.6443 -2.7272 -2.4930 0.9795
2.1167 -1.0567 -1.2957 0.9893
1.9681 -0.8119 -1.1660 0.9903
1.9935 -0.7398 -1.1646 0.9903
2.5853 -0.7535 -1.4749 0.9878
4.4132 -1.1161 -2.4932 0.9795
4.4505 -0.9570 -2.4933 0.9795
2.1120 -0.2977 -1.1682 0.9903
2.1063 -0.2202 -1.1599 0.9904
4.5506 -0.1474 -2.4937 0.9794
4.5532 0.0159 -2.4938 0.9794
4.4460 0.9887 -2.4946 0.9794
4.4080 1.1476 -2.4947 0.9794
-0.5973 -4.2835 -2.4970 0.9802
-0.1336 -4.3219 -2.4964 0.9802
0.0216 -4.3236 -2.4962 0.9802
0.4859 -4.2953 -2.4957 0.9802
0.7925 -4.2488 -2.4954 0.9802
1.0950 -4.1805 -2.4951 0.9802
1.6814 -3.9800 -2.4945 0.9802
1.9623 -3.8488 -2.4943 0.9802
2.0990 -3.7758 -2.4941 0.9802
2.2331 -3.6979 -2.4940 0.9802
2.3642 -3.6152 -2.4939 0.9802
2.7387 -3.3399 -2.4937 0.9802
2.8567 -3.2394 -2.4936 0.9802
2.9710 -3.1347 -2.4935 0.9802
3.0815 -3.0261 -2.4935 0.9802
3.2904 -2.7972 -2.4934 0.9803
3.3886 -2.6773 -2.4934 0.9803
3.4824 -2.5540 -2.4933 0.9803
3.5718 -2.4274 -2.4933 0.9803
2.0589 -1.2938 -1.4039 0.9888
1.9694 -1.1411 -1.3141 0.9895
1.9667 -1.0471 -1.2864 0.9898
2.0106 -0.9796 -1.2913 0.9897
4.1971 -1.0184 -2.4935 0.9802
4.2311 -0.8672 -2.4936 0.9802
2.0276 -0.2659 -1.1806 0.9906
2.0443 -0.1938 -1.1855 0.9906
4.3186 -0.0982 -2.4940 0.9802
4.3196 0.0568 -2.4941 0.9802
4.3048 0.3665 -2.4943 0.9802
4.2090 0.9787 -2.4949 0.9802
4.1284 1.2781 -2.4952 0.9802
4.0267 1.5711 -2.4955 0.9802
3.7616 2.1316 -2.4962 0.9802
3.6829 2.2653 -2.4964 0.9802
3.5996 2.3962 -2.4966 0.9802
3.3220 2.7697 -2.4971 0.9802
3.1149 3.0009 -2.4972 0.9802
2.8886 3.2131 -2.4945 0.9802
2.7702 3.3130 -2.4933 0.9803
1.8884 3.6177 -2.3561 0.9813
1.7509 3.6695 -2.3474 0.9814
1.2084 3.8836 -2.3482 0.9814
1.0683 3.9247 -2.3484 0.9814
0.7843 3.9919 -2.3488 0.9814
0.4961 4.0385 -2.3492 0.9814
0.2052 4.0643 -2.3495 0.9814
0.0593 4.0694 -2.3497 0.9814
-0.0868 4.0692 -2.3499 0.9814
-0.5236 4.0372 -2.3504 0.9814
-0.8119 3.9897 -2.3507 0.9814
-0.9599 3.9804 -2.3639 0.9813
-1.1163 3.9943 -2.3945 0.9810
-1.2768 4.0081 -2.4287 0.9808
-1.4421 4.0218 -2.4667 0.9805
-1.6046 4.0155 -2.4966 0.9802
-1.8906 3.8946 -2.4995 0.9802
-2.0304 3.8266 -2.5010 0.9802
-2.1678 3.7537 -2.5027 0.9802
-2.3026 3.6760 -2.5043 0.9802
-2.6847 3.4078 -2.5047 0.9802
-2.9223 3.2067 -2.5049 0.9802
-3.1449 2.9890 -2.5050 0.9802
-3.2502 2.8744 -2.5050 0.9802
-3.6281 2.3800 -2.5051 0.9802
-3.7111 2.2483 -2.5051 0.9802
-3.9312 1.8365 -2.5051 0.9802
-3.9945 1.6942 -2.5051 0.9802
-4.1056 1.4034 -2.5050 0.9802
-4.2324 0.9541 -2.5049 0.9802
-4.2638 0.8016 -2.5048 0.9802
-4.2897 0.6481 -2.5047 0.9802
-4.3340 0.1834 -2.5045 0.9802
-4.3281 -0.2833 -2.5042 0.9802
-4.3149 -0.4384 -2.5040 0.9802
-4.2421 -0.8994 -2.5036 0.9802
-4.2069 -1.0509 -2.5035 0.9802
-4.1662 -1.2011 -2.5033 0.9802
-4.1202 -1.3497 -2.5032 0.9802
-3.8837 -1.9247 -2.5025 0.9802
-3.6536 -2.3304 -2.5020 0.9802
-3.4766 -2.5860 -2.5016 0.9802
-3.3813 -2.7088 -2.5014 0.9802
-3.0699 -3.0557 -2.5008 0.9802
-2.9581 -3.1636 -2.5006 0.9802
-2.8424 -3.2674 -2.5004 0.9802
-2.7231 -3.3670 -2.5002 0.9802
-2.6003 -3.4623 -2.4999 0.9802
-2.4742 -3.5530 -2.4997 0.9802
-2.2127 -3.7207 -2.4993 0.9802
-2.0776 -3.7974 -2.4991 0.9802
-1.9399 -3.8691 -2.4989 0.9802
-1.5125 -4.0541 -2.4983 0.9802
-1.3660 -4.1055 -2.4980 0.9802
-1.2177 -4.1515 -2.4978 0.9802
-1.0679 -4.1921 -2.4976 0.9802
-0.7644 -4.2572 -2.4972 0.9802
-0.1475 -4.3215 -2.4964 0.9802
0.0076 -4.3236 -2.4963 0.9802
0.4721 -4.2969 -2.4957 0.9802
0.7789 -4.2514 -2.4954 0.9802
1.0816 -4.1841 -2.4951 0.9802
1.5246 -4.0429 -2.4946 0.9802
1.8104 -3.9228 -2.4944 0.9802
1.9499 -3.8551 -2.4943 0.9802
2.2212 -3.7050 -2.4941 0.9802
2.7279 -3.3487 -2.4937 0.9802
2.8462 -3.2486 -2.4936 0.9802
2.9609 -3.1443 -2.4936 0.9802
3.1786 -2.9238 -2.4934 0.9803
3.2814 -2.8078 -2.4934 0.9803
2.0798 -1.3162 -1.4210 0.9887
1.9648 -1.0542 -1.2874 0.9898
2.0048 -0.9847 -1.2896 0.9897
1.9133 -0.6961 -1.1755 0.9906
1.9756 -0.6394 -1.1988 0.9905
4.2282 -0.8808 -2.4936 0.9802
4.2572 -0.7286 -2.4937 0.9802
2.0409 -0.2001 -1.1840 0.9906
4.3113 -0.2669 -2.4939 0.9802
4.3183 -0.1121 -2.4940 0.9802
4.3156 0.1979 -2.4942 0.9802
4.3059 0.3526 -2.4943 0.9802
4.2907 0.5069 -2.4945 0.9802
4.2700 0.6605 -2.4946 0.9802
4.2121 0.9651 -2.4949 0.9802
4.1750 1.1157 -2.4950 0.9802
4.1325 1.2648 -2.4952 0.9802
4.0847 1.4124 -2.4953 0.9802
3.9101 1.8435 -2.4958 0.9802
3.8417 1.9827 -2.4960 0.9802
3.6072 2.3846 -2.4965 0.9802
3.5196 2.5126 -2.4967 0.9802
3.4275 2.6375 -2.4969 0.9802
3.3309 2.7590 -2.4971 0.9802
3.0137 3.0994 -2.4959 0.9802
2.8991 3.2039 -2.4946 0.9802
2.7809 3.3042 -2.4934 0.9803
2.6594 3.4003 -2.4923 0.9803
2.5346 3.4921 -2.4912 0.9803
2.2144 3.5630 -2.4220 0.9808
2.0563 3.5898 -2.3885 0.9811
1.7627 3.6639 -2.3474 0.9814
1.3623 3.8420 -2.3535 0.9813
1.2208 3.8796 -2.3482 0.9814
1.0810 3.9213 -2.3484 0.9814
0.9397 3.9578 -2.3486 0.9814
0.6535 4.0157 -2.3490 0.9814
0.5091 4.0369 -2.3491 0.9814
0.3639 4.0528 -2.3493 0.9814
0.0724 4.0691 -2.3497 0.9814
-0.0737 4.0694 -2.3499 0.9814
-0.3661 4.0630 -2.3553 0.9813
-0.5106 4.0388 -2.3504 0.9814
-0.9460 3.9791 -2.3614 0.9813
-1.1021 3.9931 -2.3916 0.9810
-1.7358 3.9629 -2.4979 0.9802
-2.0180 3.8329 -2.5009 0.9802
-2.1556 3.7605 -2.5025 0.9802
-2.2906 3.6832 -2.5042 0.9802
-2.6737 3.4164 -2.5047 0.9802
-2.9120 3.2161 -2.5049 0.9802
-3.0256 3.1096 -2.5049 0.9802
-3.1352 2.9992 -2.5050 0.9802
-3.3424 2.7667 -2.5051 0.9802
-3.5322 2.5200 -2.5051 0.9802
-3.6204 2.3916 -2.5051 0.9802
-3.9253 1.8491 -2.5051 0.9802
-4.0477 1.5629 -2.5051 0.9802
-4.1011 1.4166 -2.5050 0.9802
-4.1492 1.2685 -2.5050 0.9802
-4.2293 0.9677 -2.5049 0.9802
-4.3084 0.5076 -2.5047 0.9802
-4.3334 0.1973 -2.5045 0.9802
-4.2743 -0.7329 -2.5038 0.9802
-4.2450 -0.8857 -2.5037 0.9802
-4.2103 -1.0374 -2.5035 0.9802
-4.0737 -1.4835 -2.5030 0.9802
-4.0176 -1.6286 -2.5029 0.9802
-3.8185 -2.0504 -2.5024 0.9802
-3.4849 -2.5748 -2.5016 0.9802
-3.3900 -2.6979 -2.5014 0.9802
-2.6115 -3.4539 -2.5000 0.9802
-2.3567 -3.6317 -2.4995 0.9802
-2.2247 -3.7136 -2.4993 0.9802
-1.6700 -3.9923 -2.4985 0.9802
-1.3792 -4.1011 -2.4981 0.9802
-1.0814 -4.1887 -2.4976 0.9802
-0.9303 -4.2245 -2.4974 0.9802
-0.4709 -4.2990 -2.4968 0.9802
-0.0063 -4.3237 -2.4963 0.9802
0.1488 -4.3208 -2.4961 0.9802
0.4582 -4.2984 -2.4957 0.9802
0.7652 -4.2539 -2.4954 0.9802
0.9173 -4.2234 -2.4952 0.9802
1.0681 -4.1876 -2.4951 0.9802
1.2176 -4.1463 -2.4949 0.9802
1.3655 -4.0997 -2.4948 0.9802
1.6558 -3.9908 -2.4945 0.9802
1.7978 -3.9286 -2.4944 0.9802
2.0747 -3.7892 -2.4942 0.9802
2.2092 -3.7122 -2.4941 0.9802
2.3409 -3.6304 -2.4940 0.9802
2.4696 -3.5439 -2.4939 0.9802
2.5950 -3.4529 -2.4938 0.9802
2.8358 -3.2577 -2.4936 0.9802
2.9507 -3.1538 -2.4936 0.9802
3.0619 -3.0458 -2.4935 0.9802
3.1692 -2.9340 -2.4934 0.9803
3.2723 -2.8183 -2.4934 0.9803
3.3713 -2.6991 -2.4934 0.9803
3.4659 -2.5764 -2.4933 0.9803
2.1085 -1.3439 -1.4436 0.9885
1.9763 -1.1621 -1.3237 0.9895
1.9633 -1.0616 -1.2886 0.9897
1.9994 -0.9901 -1.2882 0.9897
1.8819 -0.8493 -1.1921 0.9905
1.9096 -0.7017 -1.1746 0.9906
1.9677 -0.6439 -1.1953 0.9905
2.3554 -0.6782 -1.4151 0.9887
4.1905 -1.0454 -2.4935 0.9802
4.2254 -0.8944 -2.4936 0.9802
4.2549 -0.7423 -2.4936 0.9802
2.0291 -0.2794 -1.1825 0.9906
4.3179 -0.1260 -2.4940 0.9802
4.3162 0.1840 -2.4942 0.9802
4.3070 0.3387 -2.4943 0.9802
4.2923 0.4931 -2.4944 0.9802
4.2463 0.7997 -2.4947 0.9802
4.2151 0.9516 -2.4948 0.9802
4.1785 1.1022 -2.4950 0.9802
4.0892 1.3992 -2.4953 0.9802
3.8480 1.9703 -2.4960 0.9802
3.6974 2.2415 -2.4963 0.9802
3.6149 2.3729 -2.4965 0.9802
3.3397 2.7482 -2.4971 0.9802
2.7917 3.2954 -2.4935 0.9802
2.5459 3.4840 -2.4913 0.9803
2.3917 3.5324 -2.4629 0.9805
2.0703 3.5875 -2.3914 0.9811
1.9157 3.6132 -2.3612 0.9813
1.6422 3.7198 -2.3476 0.9814
1.5078 3.7766 -2.3478 0.9814
1.3715 3.8286 -2.3480 0.9814
1.2333 3.8757 -2.3482 0.9814
1.0936 3.9177 -2.3484 0.9814
-0.2065 4.0651 -2.3500 0.9814
-0.3529 4.0624 -2.3543 0.9813
-0.4976 4.0404 -2.3503 0.9814
-0.6423 4.0202 -2.3505 0.9814
-0.7861 3.9948 -2.3507 0.9814
-1.0879 3.9918 -2.3887 0.9811
-1.5786 4.0253 -2.4963 0.9802
-2.0055 3.8392 -2.5007 0.9802
-2.2786 3.6903 -2.5040 0.9802
-2.4100 3.6069 -2.5045 0.9802
-2.5380 3.5182 -2.5046 0.9802
-2.6627 3.4250 -2.5047 0.9802
-2.7839 3.3274 -2.5048 0.9802
-3.1256 3.0092 -2.5050 0.9802
-3.2316 2.8952 -2.5050 0.9802
-3.3334 2.7774 -2.5051 0.9802
-3.5241 2.5313 -2.5051 0.9802
-3.6127 2.4033 -2.5051 0.9802
-3.6966 2.2721 -2.5051 0.9802
-3.7757 2.1380 -2.5051 0.9802
-3.9193 1.8618 -2.5051 0.9802
-4.0426 1.5759 -2.5051 0.9802
-4.1451 1.2819 -2.5050 0.9802
-4.2262 0.9813 -2.5049 0.9802
-4.2854 0.6757 -2.5048 0.9802
-4.3068 0.5215 -2.5047 0.9802
-4.3226 0.3666 -2.5046 0.9802
-4.3364 -0.1000 -2.5043 0.9802
-4.3177 -0.4106 -2.5041 0.9802
-4.2767 -0.7191 -2.5038 0.9802
-4.1739 -1.1743 -2.5034 0.9802
-3.8961 -1.8997 -2.5025 0.9802
-3.8251 -2.0381 -2.5024 0.9802
-3.7493 -2.1739 -2.5022 0.9802
-2.7448 -3.3495 -2.5002 0.9802
-1.8250 -3.9243 -2.4987 0.9802
-1.5386 -4.0444 -2.4983 0.9802
-1.3924 -4.0966 -2.4981 0.9802
-1.2444 -4.1436 -2.4979 0.9802
-0.9439 -4.2215 -2.4975 0.9802
-0.6387 -4.2776 -2.4971 0.9802
-0.4848 -4.2974 -2.4969 0.9802
-0.3302 -4.3117 -2.4967 0.9802
-0.1753 -4.3205 -2.4965 0.9802
-0.0202 -4.3237 -2.4963 0.9802
0.4444 -4.2999 -2.4958 0.9802
0.5983 -4.2809 -2.4956 0.9802
0.9037 -4.2264 -2.4953 0.9802
1.3523 -4.1041 -2.4948 0.9802
1.6429 -3.9961 -2.4945 0.9802
1.7852 -3.9344 -2.4944 0.9802
2.1973 -3.7193 -2.4941 0.9802
2.4581 -3.5519 -2.4939 0.9802
2.7063 -3.3662 -2.4937 0.9802
2.8253 -3.2669 -2.4936 0.9802
2.9406 -3.1633 -2.4936 0.9802
3.0521 -3.0557 -2.4935 0.9802
3.2633 -2.8288 -2.4934 0.9803
3.3626 -2.7099 -2.4934 0.9803
1.9807 -1.1733 -1.3291 0.9894
1.9621 -1.0691 -1.2901 0.9897
1.8841 -0.8575 -1.1951 0.9905
1.8281 -0.7541 -1.1417 0.9909
1.9060 -0.7074 -1.1738 0.9907
2.3314 -0.6795 -1.4020 0.9888
4.2225 -0.9080 -2.4936 0.9802
2.0305 -0.2862 -1.1839 0.9906
2.0356 -0.2128 -1.1817 0.9906
2.1118 -0.1444 -1.2221 0.9903
4.3174 -0.1399 -2.4940 0.9802
4.3199 0.0151 -2.4941 0.9802
4.3080 0.3249 -2.4943 0.9802
4.2938 0.4792 -2.4944 0.9802
4.2741 0.6330 -2.4946 0.9802
4.2181 0.9380 -2.4948 0.9802
4.1820 1.0888 -2.4950 0.9802
