ply
format ascii 1.0
element vertex 6195
property float32 x
property float32 y
property float32 z
property float32 I
end_header
-31.7808 -32.6879 8.0389 0.8310
-27.5328 -32.7225 7.5406 0.8406
-25.9129 -33.1442 7.4184 0.8429
-17.5930 -36.6051 7.1612 0.8479
-16.2303 -37.1292 7.1451 0.8482
4.1660 -17.4377 3.1613 0.9298
22.4742 -39.0799 7.9491 0.8327
22.1650 -35.5255 7.3833 0.8436
22.3633 -33.1312 7.0482 0.8501
24.4040 -33.4942 7.3073 0.8451
30.4791 -33.5526 7.9928 0.8318
41.5624 5.7112 7.3974 0.8433
16.8277 6.1826 3.1611 0.9298
33.7033 13.7759 6.4201 0.8625
31.3397 14.1439 6.0627 0.8697
19.3516 14.3925 4.2525 0.9067
18.4037 14.7429 4.1579 0.9087
17.3224 14.9291 4.0322 0.9113
12.9102 14.8457 3.4691 0.9232
12.2517 15.1551 3.4363 0.9239
16.0057 21.3218 4.7010 0.8974
14.5197 20.8628 4.4819 0.9019
8.7131 21.0488 4.0169 0.9116
6.3066 21.5496 3.9592 0.9128
3.8129 15.0089 2.7305 0.9390
3.1443 14.5482 2.6245 0.9413
2.0666 14.5585 2.5928 0.9420
-0.0411 15.3270 2.7026 0.9396
-0.8383 21.7059 3.8302 0.9156
-1.6069 21.5213 3.8053 0.9161
-1.6819 15.1663 2.6906 0.9399
-2.2069 14.9695 2.6681 0.9404
-2.6922 14.6043 2.6185 0.9415
-3.8908 14.9785 2.7288 0.9391
-4.5731 15.3212 2.8193 0.9371
-5.8677 15.4990 2.9222 0.9349
-2.7586 5.9559 1.1574 0.9737
-3.0209 5.9518 1.1769 0.9733
-8.1137 14.6564 2.9539 0.9342
-14.8464 21.0902 4.5478 0.9005
-16.4219 21.6337 4.7891 0.8955
-12.5859 15.3989 3.5068 0.9224
-13.2685 15.0936 3.5436 0.9216
-13.9010 14.7120 3.5690 0.9211
-16.5949 15.2102 3.9693 0.9126
-19.0624 15.1036 4.2884 0.9059
-20.0376 14.7365 4.3858 0.9039
-25.3713 14.7414 5.1740 0.8876
-15.2007 -16.9148 4.0099 0.9118
-27.4203 -32.8099 7.5396 0.8406
-23.6015 -32.7603 7.1195 0.8487
-17.4777 -36.6775 7.1640 0.8479
22.2402 -35.3831 7.3691 0.8439
22.5253 -33.1328 7.0645 0.8498
28.2294 -33.1875 7.6825 0.8378
32.9969 -33.5767 8.3009 0.8260
12.4313 4.6144 2.3380 0.9476
33.3927 13.7789 6.3696 0.8635
31.0691 14.1465 6.0195 0.8705
29.3138 14.6403 5.7776 0.8754
26.1327 14.2465 5.2482 0.8861
21.1973 14.7172 4.5502 0.9005
17.2289 14.9488 4.0220 0.9115
15.9949 14.9181 3.8566 0.9150
12.8391 14.8636 3.4632 0.9233
15.8957 21.3228 4.6896 0.8976
7.3962 14.8914 2.9318 0.9347
6.8618 15.1588 2.9340 0.9346
7.0103 21.3472 3.9618 0.9128
2.5523 14.5539 2.6054 0.9417
2.0173 14.5590 2.5917 0.9420
1.4157 21.4730 3.7945 0.9163
0.6485 21.6729 3.8232 0.9157
-0.9101 21.6904 3.8280 0.9156
-1.6778 21.5064 3.8037 0.9161
-1.7316 15.1534 2.6893 0.9399
-2.2559 14.9563 2.6670 0.9404
-4.6466 15.3805 2.8331 0.9368
-7.3631 21.5445 4.0146 0.9117
-8.1108 21.2105 4.0041 0.9119
-2.6215 6.1804 1.1837 0.9731
-2.7826 5.9555 1.1591 0.9737
-14.9524 21.0912 4.5587 0.9003
-16.5367 21.6349 4.8016 0.8953
-12.6365 15.3561 3.5066 0.9224
-13.3427 15.0763 3.5499 0.9215
-16.7310 15.2327 3.9897 0.9122
-17.9211 15.1756 4.1407 0.9090
-19.1954 15.1051 4.3070 0.9056
-28.6867 15.1944 5.7240 0.8765
-31.1297 15.0825 6.0993 0.8689
-32.6852 14.4106 6.2986 0.8649
-22.3563 6.2249 4.0920 0.9100
-36.1662 -32.6458 8.5908 0.8205
-31.3638 -32.6919 7.9883 0.8319
-15.1215 -16.9398 4.0039 0.9119
-27.2763 -32.8594 7.5301 0.8408
-23.4373 -32.7619 7.1028 0.8491
-18.4682 -35.7105 7.0889 0.8493
4.2525 -17.2890 3.1394 0.9302
22.3485 -41.6345 8.3320 0.8254
22.1420 -37.9156 7.7421 0.8367
22.4060 -35.3847 7.3849 0.8436
22.6881 -33.1343 7.0809 0.8495
24.4941 -33.1517 7.2680 0.8458
28.4220 -33.1894 7.7048 0.8374
30.6894 -33.3353 7.9895 0.8319
-31.7808 -32.6879 6.9842 0.8315
-15.4155 -17.0393 3.5201 0.9112
-27.5329 -32.7225 6.5513 0.8411
-22.0264 -32.7754 6.0495 0.8523
-20.3650 -32.7885 5.9130 0.8554
-18.6649 -35.5093 6.1455 0.8502
-16.2302 -37.1292 6.2077 0.8488
-16.0453 -40.6226 6.6910 0.8380
-16.0917 -45.4539 7.3868 0.8227
4.1669 -17.4414 2.7471 0.9300
22.1043 -41.8461 7.2499 0.8257
22.1650 -35.5255 6.4147 0.8441
28.1890 -33.3647 6.6913 0.8380
45.3177 14.8256 7.3045 0.8245
16.8024 6.1733 2.7423 0.9301
35.6687 14.5792 5.9031 0.8556
31.4537 14.1953 5.2865 0.8697
29.5550 14.6380 5.0526 0.8751
23.1602 14.7678 4.2079 0.8948
21.4177 14.7648 3.9852 0.9001
17.6797 15.2370 3.5755 0.9099
14.5035 14.4390 3.1352 0.9205
12.3836 15.3182 3.0176 0.9234
16.0450 21.3740 4.0943 0.8975
8.5946 13.3473 2.4320 0.9378
8.6137 14.4956 2.5831 0.9340
7.9271 14.5022 2.5319 0.9353
6.9213 15.1556 2.5524 0.9348
7.8431 21.0572 3.4423 0.9131
7.1347 21.4847 3.4681 0.9125
3.7312 14.6873 2.3215 0.9405
3.1443 14.5482 2.2802 0.9415
1.0184 14.7002 2.2574 0.9421
0.7323 22.0197 3.3752 0.9147
-0.0594 22.1613 3.3950 0.9142
-1.6162 21.6464 3.3253 0.9159
-3.2397 14.6095 2.2925 0.9412
-3.8360 14.7677 2.3374 0.9401
-7.3122 21.6309 3.4980 0.9117
-5.8331 15.4076 2.5239 0.9355
-8.1137 14.6564 2.5664 0.9345
-8.8200 14.6632 2.6214 0.9331
-9.8382 15.1003 2.7609 0.9297
-13.9010 14.7120 3.1007 0.9214
-14.3613 14.1450 3.0880 0.9217
-18.9932 15.0487 3.7123 0.9066
-31.1284 15.2101 5.3075 0.8692
-22.3547 6.3047 3.5582 0.9103
-34.3169 -33.0686 7.3008 0.8246
-31.5716 -32.6899 6.9622 0.8320
-15.2181 -16.9342 3.4878 0.9120
-20.2925 -32.9159 5.9238 0.8552
-19.6161 -34.5370 6.0847 0.8515
-18.5666 -35.6098 6.1522 0.8500
-17.4777 -36.6775 6.2241 0.8484
-16.2497 -46.3908 7.5302 0.8196
22.1692 -41.6327 7.2258 0.8262
22.2402 -35.3831 6.4023 0.8444
28.2293 -33.1875 6.6746 0.8384
30.6855 -33.5545 6.9657 0.8319
32.9969 -33.5767 7.2118 0.8265
44.8264 14.8303 7.2332 0.8261
12.4300 4.6139 2.0314 0.9478
35.3399 14.5824 5.8567 0.8567
29.3138 14.6403 5.0196 0.8758
24.7348 14.6605 4.4048 0.8902
17.6208 15.2889 3.5739 0.9099
22.7910 21.2567 4.7743 0.8815
14.4081 14.4400 3.1249 0.9208
13.4172 14.4495 3.0207 0.9233
12.8534 14.8802 3.0122 0.9235
12.4007 15.4444 3.0343 0.9230
14.5069 20.9932 3.9092 0.9019
8.5886 13.4362 2.4429 0.9375
7.4031 14.9053 2.5495 0.9349
6.8806 15.2004 2.5561 0.9347
7.0582 21.4932 3.4656 0.9125
3.6796 14.6891 2.3198 0.9406
1.5018 14.7073 2.2648 0.9419
0.6589 22.0204 3.3749 0.9147
-0.0926 15.4118 2.3610 0.9395
-2.2248 14.7506 2.2853 0.9414
-3.9487 14.9958 2.3756 0.9392
-5.8758 15.3657 2.5202 0.9356
-2.7818 5.9539 1.0067 0.9738
-9.9055 15.0933 2.7657 0.9295
-15.0845 21.2775 3.9956 0.8998
-23.8401 21.7052 4.9391 0.8777
-20.2277 14.7728 3.8372 0.9036
-25.4499 14.6739 4.5004 0.8879
-28.6867 15.1944 4.9730 0.8769
-33.7768 -32.7657 7.2090 0.8266
-23.4373 -32.7619 6.1710 0.8496
-19.5198 -34.6355 6.0906 0.8514
-18.4682 -35.7105 6.1589 0.8499
-16.0135 -37.3085 6.2197 0.8485
-16.0532 -41.4484 6.8093 0.8354
22.1420 -37.9156 6.7264 0.8372
22.4060 -35.3847 6.4161 0.8441
22.6881 -33.1343 6.1519 0.8500
26.6762 -33.5160 6.5623 0.8408
28.4219 -33.1894 6.6939 0.8379
33.1875 -33.5464 7.2290 0.8262
35.6874 -33.5713 7.5059 0.8201
-36.6489 -32.6411 6.3909 0.8204
-34.1252 -32.6654 6.1515 0.8265
-15.4332 -17.0590 2.9956 0.9114
-27.5329 -32.7225 5.5689 0.8416
-25.7017 -32.8741 5.4339 0.8451
-24.2981 -36.1557 5.6727 0.8389
-21.5598 -37.6665 5.6516 0.8394
-17.6781 -36.7822 5.3141 0.8482
-16.2302 -37.1292 5.2768 0.8492
-16.0917 -45.4540 6.2790 0.8232
4.1678 -17.4451 2.3356 0.9302
22.4743 -39.0800 5.8705 0.8337
30.4791 -33.5526 5.9028 0.8329
24.8303 -17.6451 3.9667 0.8844
32.3928 4.4512 4.2578 0.8764
16.7774 6.1641 2.3276 0.9304
35.6687 14.5792 5.0178 0.8560
31.3525 14.1496 4.4793 0.8704
29.5510 14.6360 4.2943 0.8754
24.7871 14.5802 3.7448 0.8905
20.0172 13.7993 3.1660 0.9066
19.3516 14.3925 3.1406 0.9073
23.0874 21.3898 4.0985 0.8808
14.5035 14.4390 2.6650 0.9208
12.4851 15.4437 2.5861 0.9230
10.1665 14.6078 2.3176 0.9307
8.6137 14.4956 2.1958 0.9342
7.3657 14.7067 2.1419 0.9358
6.7129 14.6993 2.1043 0.9369
7.1572 21.5524 2.9573 0.9125
4.3085 14.7220 1.9975 0.9400
2.6022 14.5534 1.9252 0.9421
2.0666 14.5585 1.9148 0.9424
1.5578 14.7692 1.9339 0.9419
0.7367 22.1536 2.8865 0.9145
-0.0594 22.1613 2.8859 0.9145
-0.8562 22.1689 2.8890 0.9144
-1.6396 14.7842 1.9370 0.9418
-2.1820 14.8007 1.9482 0.9414
-2.6922 14.6043 1.9338 0.9419
-3.2397 14.6095 1.9487 0.9414
-3.8493 14.8187 1.9937 0.9401
-8.0297 21.2097 2.9533 0.9126
-2.7571 5.9526 0.8543 0.9739
-3.0192 5.9484 0.8687 0.9735
-8.1137 14.6564 2.1815 0.9347
-9.6562 14.8208 2.3035 0.9311
-14.9775 21.2765 3.3883 0.9004
-13.3279 15.1611 2.6287 0.9218
-13.9010 14.7120 2.6357 0.9216
-14.3665 14.1502 2.6259 0.9219
-23.7298 21.7498 4.1917 0.8782
-18.4741 15.7499 3.1613 0.9067
-20.0850 14.7714 3.2466 0.9043
-22.9912 15.6683 3.6231 0.8938
-24.2218 15.2627 3.7281 0.8909
-31.0666 15.1799 4.5026 0.8698
-22.3487 6.3030 3.0238 0.9106
-33.9007 -32.6675 6.1307 0.8270
-31.5716 -32.6899 5.9181 0.8325
-27.4203 -32.8099 5.5682 0.8416
-24.1775 -36.2364 5.6727 0.8389
-21.3945 -37.6682 5.6412 0.8397
-20.5484 -39.4108 5.7878 0.8359
-17.4777 -36.6775 5.2907 0.8488
-16.1031 -37.1753 5.2757 0.8492
-16.0492 -41.0319 5.7374 0.8372
-16.0965 -45.9534 6.3406 0.8217
22.1393 -38.2025 5.7498 0.8369
22.2402 -35.3831 5.4422 0.8449
26.4929 -33.5143 5.5632 0.8417
30.6855 -33.5546 5.9211 0.8324
35.4810 -33.6006 6.3634 0.8211
24.9280 -17.5899 3.9729 0.8842
41.5738 5.8540 5.4671 0.8442
12.4288 4.6134 1.7264 0.9479
35.3399 14.5824 4.9784 0.8571
24.7725 14.6829 3.7500 0.8903
20.0190 13.8991 3.1736 0.9064
24.4789 21.2393 4.2203 0.8775
22.9502 21.4051 4.0867 0.8811
13.4172 14.4495 2.5677 0.9235
12.8944 14.9276 2.5687 0.9235
17.5272 21.8291 3.6455 0.8932
16.3037 21.8700 3.5522 0.8958
8.5489 14.4963 2.1915 0.9344
7.8649 14.5028 2.1484 0.9356
7.3042 14.7060 2.1382 0.9359
6.6535 14.6987 2.1010 0.9370
6.5567 15.9898 2.2505 0.9327
7.7637 21.0580 2.9226 0.9134
4.2557 14.7236 1.9958 0.9400
3.6926 14.7408 1.9789 0.9405
3.0937 14.5487 1.9369 0.9418
1.5083 14.7711 1.9335 0.9419
0.9746 14.7818 1.9291 0.9420
0.6629 22.1543 2.8862 0.9145
-2.2326 14.8023 1.9494 0.9414
-2.7426 14.6048 1.9351 0.9418
-3.9018 14.8181 1.9954 0.9401
-4.4748 14.8116 2.0149 0.9395
-7.4168 21.7017 2.9865 0.9116
-2.6138 6.1622 0.8717 0.9734
-3.0439 5.9480 0.8701 0.9734
-8.8870 14.6638 2.2329 0.9332
-9.7260 14.8198 2.3083 0.9310
-12.8702 15.6402 2.6376 0.9215
-13.9949 14.7129 2.6442 0.9214
-23.8678 21.7304 4.2033 0.8779
-18.4536 15.6265 3.1489 0.9071
-19.2250 15.1284 3.1857 0.9060
-20.2277 14.7728 3.2618 0.9039
-30.4263 20.5872 4.7839 0.8623
-24.3543 15.2331 3.7407 0.8906
-25.7128 14.8255 3.8651 0.8872
-36.1662 -32.6458 6.3445 0.8216
-33.6778 -32.6697 6.1100 0.8276
-15.1260 -16.9448 2.9578 0.9124
-23.5363 -32.9003 5.2677 0.8494
-20.2382 -33.0740 5.0493 0.8552
-21.2299 -37.6699 5.6308 0.8399
-16.0135 -37.3085 5.2870 0.8489
-16.0532 -41.4485 5.7881 0.8359
-16.1014 -46.4629 6.4034 0.8201
4.2543 -17.2964 2.3195 0.9307
22.1421 -37.9156 5.7177 0.8377
22.4060 -35.3847 5.4539 0.8446
22.6881 -33.1343 5.2294 0.8505
24.4941 -33.1517 5.3675 0.8468
28.4220 -33.1894 5.6901 0.8384
30.6894 -33.3353 5.9005 0.8330
33.1875 -33.5464 6.1450 0.8267
35.6874 -33.5713 6.3803 0.8207
25.0261 -17.5345 3.9792 0.8840
-35.1246 -33.6220 5.2212 0.8223
-31.7808 -32.6879 4.8956 0.8324
-25.3869 -37.7758 4.8873 0.8327
-21.0670 -40.0791 4.8621 0.8335
-16.2302 -37.1292 4.3513 0.8496
22.1043 -41.8461 5.0819 0.8266
22.3633 -33.1312 4.2923 0.8515
26.0390 -33.1665 4.5280 0.8440
28.1890 -33.3647 4.6902 0.8389
30.4791 -33.5526 4.8675 0.8333
16.7545 6.1557 1.9167 0.9307
35.6639 14.5773 4.1372 0.8564
29.7027 14.7112 3.5593 0.8752
42.0839 22.7609 5.1377 0.8249
24.7871 14.5802 3.0880 0.8908
23.8110 15.1828 3.0324 0.8926
18.5812 14.8851 2.5566 0.9087
24.5736 21.1784 3.4835 0.8776
14.5035 14.4390 2.1976 0.9210
13.5063 14.4486 2.1238 0.9235
12.7383 14.6481 2.0845 0.9249
7.9272 14.5022 1.7747 0.9357
6.7519 14.7847 1.7453 0.9367
4.3331 14.8061 1.6566 0.9398
3.7656 14.8228 1.6423 0.9403
2.6022 14.5534 1.5876 0.9423
2.0666 14.5585 1.5790 0.9426
1.0280 14.8390 1.5973 0.9419
-0.0594 22.1613 2.3797 0.9147
-0.8562 22.1689 2.3823 0.9146
-3.2397 14.6095 1.6069 0.9416
-3.8710 14.9023 1.6533 0.9399
-4.4463 14.8965 1.6693 0.9394
-2.5963 6.1782 0.7196 0.9734
-2.7563 5.9509 0.7042 0.9740
-8.8200 14.6632 1.8375 0.9335
-12.7221 15.5656 2.1587 0.9223
-24.0121 22.0085 3.4977 0.8772
-19.1599 15.1809 2.6250 0.9063
-24.4139 15.3837 3.0986 0.8904
-25.7802 13.7650 3.1382 0.8891
-31.1418 15.2166 3.7219 0.8698
-22.3427 6.3013 2.4928 0.9108
-17.7248 -15.8927 2.5564 0.9087
-35.1268 -33.8491 5.2383 0.8218
-31.5716 -32.6899 4.8801 0.8329
-15.2528 -16.9728 2.4504 0.9123
-27.4203 -32.8099 4.5916 0.8420
-29.3000 -37.7348 5.1301 0.8251
-20.2925 -32.9159 4.1523 0.8559
-21.4787 -37.8164 4.6701 0.8395
-20.9316 -40.1456 4.8617 0.8335
-17.4777 -36.6775 4.3628 0.8492
-16.1031 -37.1753 4.3504 0.8496
-16.0492 -41.0319 4.7311 0.8376
22.1692 -41.6327 5.0649 0.8272
22.1393 -38.2025 4.7413 0.8373
22.5253 -33.1328 4.3022 0.8511
30.6855 -33.5546 4.8826 0.8328
32.9969 -33.5767 5.0552 0.8275
24.8898 -17.5629 3.2711 0.8847
41.4292 5.8336 4.4926 0.8451
42.2779 13.9872 4.7819 0.8360
12.4276 4.6130 1.4235 0.9481
29.6091 14.7878 3.5540 0.8753
42.0857 22.9433 5.1472 0.8246
24.6720 14.6234 3.0797 0.8910
23.8017 15.2886 3.0377 0.8924
18.5068 14.9270 2.5531 0.9088
24.5029 21.2601 3.4835 0.8776
14.4081 14.4400 2.1905 0.9212
12.6521 14.6471 2.0784 0.9251
12.3204 15.3443 2.1131 0.9239
16.4029 22.0031 2.9470 0.8955
7.8649 14.5028 1.7716 0.9358
7.3463 14.7909 1.7734 0.9357
7.7637 21.0579 2.4100 0.9137
2.5523 14.5539 1.5867 0.9423
2.0173 14.5590 1.5783 0.9426
1.5157 14.8440 1.6023 0.9417
0.9783 14.8385 1.5968 0.9419
0.6629 22.1543 2.3800 0.9147
-1.6607 21.2871 2.2928 0.9177
-1.6993 14.8703 1.6072 0.9416
-2.2453 14.8864 1.6166 0.9412
-3.2909 14.6100 1.6082 0.9415
-8.1108 21.2105 2.4385 0.9127
-2.6100 6.1533 0.7177 0.9735
-2.7802 5.9506 0.7053 0.9739
-3.0431 5.9463 0.7173 0.9735
-8.1780 14.6570 1.8023 0.9347
-9.8150 14.9556 1.9209 0.9306
-10.5366 14.8625 1.9563 0.9293
-13.1846 14.8978 2.1363 0.9231
-13.9949 14.7129 2.1805 0.9216
-14.3481 14.0382 2.1555 0.9224
-17.1757 15.6377 2.4943 0.9108
-25.7776 13.6535 3.1324 0.8893
-31.2185 15.1255 3.7251 0.8697
-22.3383 6.2198 2.4900 0.9109
-36.1662 -32.6458 5.2317 0.8220
-15.1282 -16.9473 2.4395 0.9127
-27.4224 -33.0355 4.6103 0.8414
-23.5363 -32.9002 4.3438 0.8498
-24.9367 -37.6451 4.8488 0.8339
-20.9353 -40.4809 4.8938 0.8325
-16.0135 -37.3085 4.3597 0.8493
-16.0532 -41.4484 4.7730 0.8363
4.2551 -17.3000 1.9131 0.9308
22.3485 -41.6345 5.0741 0.8269
22.1421 -37.9156 4.7149 0.8381
22.6881 -33.1343 4.3122 0.8508
24.4941 -33.1517 4.4262 0.8472
26.6762 -33.5160 4.5998 0.8417
28.4220 -33.1894 4.6922 0.8388
33.1875 -33.5464 5.0672 0.8271
35.6874 -33.5713 5.2613 0.8211
24.9876 -17.5076 3.2763 0.8845
-31.7808 -32.6879 3.8594 0.8328
-27.5329 -32.7225 3.6201 0.8423
-29.5123 -37.7480 4.0562 0.8250
-23.7665 -32.7587 3.4261 0.8500
-25.3967 -37.7904 3.8544 0.8330
-20.3650 -32.7885 3.2675 0.8565
-21.0818 -40.1074 3.8357 0.8337
-17.6782 -36.7822 3.4547 0.8489
-16.0453 -40.6225 3.6973 0.8392
4.1696 -17.4524 1.5190 0.9305
22.1043 -41.8461 4.0062 0.8270
22.3633 -33.1312 3.3838 0.8518
24.2225 -33.2450 3.4821 0.8478
26.0390 -33.1665 3.5695 0.8443
28.1891 -33.3647 3.6975 0.8392
30.4791 -33.5526 3.8373 0.8336
35.2428 -33.5983 4.1219 0.8225
32.3890 4.4507 2.7675 0.8770
43.2906 14.1624 3.8558 0.8329
35.7988 14.6324 3.2738 0.8562
29.9063 14.8120 2.8252 0.8746
28.1471 15.2232 2.7089 0.8795
24.7871 14.5802 2.4344 0.8910
20.0263 13.8055 2.0591 0.9070
19.3516 14.3925 2.0416 0.9077
18.0187 15.5292 2.0136 0.9089
23.6740 21.9332 2.7320 0.8785
13.5063 14.4486 1.6743 0.9237
12.8124 14.7332 1.6528 0.9246
12.4019 15.3409 1.6699 0.9239
15.8504 21.1149 2.2350 0.8994
14.6097 20.9922 2.1651 0.9024
8.5704 13.3098 1.3401 0.9384
8.6137 14.4956 1.4274 0.9346
7.9271 14.5022 1.3991 0.9358
8.7131 21.0488 1.9285 0.9126
7.8431 21.0572 1.9022 0.9137
3.7654 14.8217 1.2946 0.9405
3.1443 14.5482 1.2600 0.9420
2.6022 14.5534 1.2515 0.9424
2.0666 14.5585 1.2448 0.9427
1.5657 14.8435 1.2635 0.9418
-1.5996 21.4234 1.8186 0.9174
-1.6488 14.8678 1.2663 0.9417
-2.1943 14.8839 1.2736 0.9414
-3.2397 14.6095 1.2668 0.9417
-8.0297 21.2097 1.9198 0.9130
-2.7556 5.9493 0.5550 0.9740
-3.0175 5.9451 0.5644 0.9736
-8.1137 14.6564 1.4181 0.9350
-8.8200 14.6632 1.4485 0.9336
-14.3539 14.1377 1.7055 0.9223
-18.4282 15.7107 2.0500 0.9074
-21.8909 14.9185 2.2425 0.8991
-24.4756 15.4226 2.4489 0.8904
-25.5127 14.8236 2.4978 0.8883
-25.7839 13.7670 2.4743 0.8893
-31.0787 15.1857 2.9282 0.8704
-22.3368 6.2997 1.9646 0.9110
-17.7238 -15.8918 2.0152 0.9089
-35.1268 -33.8490 4.1295 0.8222
-15.2701 -16.9920 1.9339 0.9124
-29.3119 -37.7501 4.0459 0.8254
-25.1256 -37.6573 3.8322 0.8338
-20.2925 -32.9159 3.2734 0.8562
-20.9465 -40.1742 3.8354 0.8337
-17.4777 -36.6775 3.4394 0.8495
-16.0492 -41.0319 3.7297 0.8379
0.5553 -24.8883 2.1074 0.9049
4.2129 -17.3778 1.5137 0.9307
22.1393 -38.2025 3.7378 0.8376
22.2402 -35.3831 3.5378 0.8456
28.2294 -33.1875 3.6883 0.8395
30.6855 -33.5546 3.8491 0.8332
32.9969 -33.5767 3.9852 0.8278
24.8518 -17.5361 2.5749 0.8851
41.3746 5.8259 3.5370 0.8456
42.8213 14.1669 3.8182 0.8344
12.4263 4.6125 1.1221 0.9482
31.4495 12.9771 2.8800 0.8723
29.7518 14.8590 2.8152 0.8750
42.1609 22.9844 4.0649 0.8247
24.7041 14.6424 2.4310 0.8911
23.8994 15.3513 2.4046 0.8922
18.0138 15.6298 2.0189 0.9087
13.4172 14.4495 1.6692 0.9239
12.7257 14.7323 1.6480 0.9248
14.5069 20.9932 2.1602 0.9026
8.5746 13.4143 1.3477 0.9381
7.3458 14.7898 1.3979 0.9359
8.6314 21.0496 1.9259 0.9127
7.7637 21.0579 1.8999 0.9138
7.0081 21.3407 1.9015 0.9138
2.5523 14.5539 1.2508 0.9424
2.0173 14.5590 1.2442 0.9427
1.5156 14.8430 1.2630 0.9419
0.9782 14.8374 1.2588 0.9421
0.6574 21.9705 1.8607 0.9155
-1.6715 21.4255 1.8192 0.9173
-4.4999 14.8948 1.3172 0.9394
-8.1108 21.2105 1.9223 0.9129
-2.7795 5.9489 0.5558 0.9740
-3.0422 5.9446 0.5653 0.9735
-8.1780 14.6570 1.4208 0.9348
-8.8870 14.6638 1.4515 0.9335
-9.8142 14.9543 1.5142 0.9307
-15.0845 21.2775 2.2079 0.9006
-12.8036 15.5593 1.7057 0.9223
-13.9949 14.7129 1.7189 0.9217
-14.3469 14.0370 1.6991 0.9226
-18.4303 15.6068 2.0444 0.9076
-19.0059 14.9561 2.0473 0.9075
-20.2277 14.7728 2.1204 0.9043
-30.6101 20.7116 3.1287 0.8621
-24.5726 15.3697 2.4535 0.8902
-25.7128 14.8255 2.5126 0.8877
-31.2185 15.1255 2.9366 0.8700
-36.1661 -32.6458 4.1244 0.8224
-35.1290 -34.0775 4.1431 0.8216
-31.3638 -32.6919 3.8351 0.8337
-27.4224 -33.0355 3.6345 0.8417
-29.0085 -37.6174 4.0213 0.8264
-23.5363 -32.9002 3.4244 0.8501
-24.9460 -37.6593 3.8239 0.8342
-20.2382 -33.0740 3.2824 0.8559
-16.0135 -37.3085 3.4369 0.8496
4.2560 -17.3036 1.5085 0.9310
22.3485 -41.6345 4.0001 0.8272
22.2645 -35.1613 3.5230 0.8461
22.6881 -33.1343 3.3995 0.8511
24.4941 -33.1517 3.4893 0.8475
28.4220 -33.1894 3.6990 0.8391
30.6895 -33.3353 3.8357 0.8337
24.9495 -17.4809 2.5789 0.8849
-35.1246 -33.6220 3.0151 0.8229
-31.7808 -32.6879 2.8271 0.8330
-27.5329 -32.7225 2.6518 0.8425
-25.2892 -37.6304 2.8115 0.8338
-20.3650 -32.7885 2.3935 0.8567
-20.9176 -39.7949 2.7878 0.8351
-17.6782 -36.7822 2.5306 0.8491
-16.2302 -37.1292 2.5128 0.8501
-9.5133 -34.5882 2.2245 0.8661
10.6182 -24.1571 1.6363 0.8996
22.1043 -41.8462 2.9347 0.8272
22.2309 -38.6568 2.7652 0.8363
22.3633 -33.1312 2.4787 0.8520
24.4040 -33.4942 2.5698 0.8470
28.1196 -33.2825 2.7018 0.8398
14.5375 -16.0035 1.3407 0.9170
24.7525 -17.5898 1.8830 0.8854
32.3871 4.4504 2.0270 0.8772
29.4050 14.5637 2.0348 0.8768
26.9816 14.5929 1.9022 0.8843
23.8166 15.1863 1.7516 0.8930
20.0117 13.7954 1.5072 0.9072
19.3516 14.3925 1.4955 0.9079
18.0996 15.5989 1.4817 0.9087
23.3354 21.6196 1.9726 0.8803
14.5035 14.4390 1.2691 0.9213
16.3793 21.8194 1.6918 0.8964
9.5076 14.7653 1.0890 0.9320
8.6137 14.4956 1.0456 0.9347
7.9271 14.5022 1.0249 0.9359
7.4070 14.7893 1.0257 0.9359
6.7509 14.7825 1.0077 0.9369
3.7651 14.8207 0.9482 0.9406
3.1443 14.5482 0.9230 0.9421
2.6022 14.5534 0.9168 0.9425
2.0666 14.5585 0.9118 0.9428
1.5656 14.8425 0.9255 0.9419
-1.5995 21.4219 1.3321 0.9175
-2.1941 14.8829 0.9329 0.9415
-3.2397 14.6095 0.9279 0.9418
-3.8704 14.9002 0.9546 0.9402
-4.4457 14.8943 0.9639 0.9396
-7.2597 21.4756 1.4057 0.9132
-8.0297 21.2097 1.4063 0.9131
-2.5888 6.1603 0.4144 0.9736
-2.7548 5.9477 0.4065 0.9741
-3.0166 5.9434 0.4133 0.9736
-12.8018 15.6631 1.2544 0.9221
-13.1691 14.9805 1.2369 0.9232
-14.9471 14.7220 1.3010 0.9194
-24.0686 22.0603 2.0246 0.8774
-18.5066 15.7776 1.5080 0.9071
-25.5127 14.8236 1.8297 0.8885
-25.7752 13.7623 1.8119 0.8895
-30.8392 15.0688 2.1284 0.8715
-31.5716 -32.6899 2.8182 0.8335
-15.2873 -17.0112 1.4182 0.9124
-27.4202 -32.8099 2.6515 0.8425
-23.6015 -32.7603 2.5038 0.8506
-25.1088 -37.6322 2.8053 0.8342
-20.9207 -40.1248 2.8060 0.8341
-17.4777 -36.6775 2.5194 0.8497
-16.1031 -37.1753 2.5122 0.8501
-0.3489 -25.6192 1.5888 0.9024
0.5367 -24.0549 1.4920 0.9081
1.4948 -25.6419 1.5928 0.9022
4.9077 -17.4765 1.1256 0.9298
22.1693 -41.6327 2.9249 0.8278
22.1393 -38.2025 2.7380 0.8378
24.4394 -33.3092 2.5619 0.8474
28.2294 -33.1875 2.7018 0.8398
14.5662 -15.9282 1.3384 0.9171
35.2170 -33.3506 3.0077 0.8233
24.8141 -17.5095 1.8832 0.8854
12.4238 4.6116 0.8218 0.9483
31.3560 14.2771 2.1365 0.8710
29.4136 14.6901 2.0388 0.8765
26.7791 14.5988 1.8913 0.8849
24.6807 14.6285 1.7791 0.8914
23.8178 15.2989 1.7554 0.8927
20.0100 13.8929 1.5106 0.9070
18.1936 14.6744 1.4494 0.9106
13.4172 14.4495 1.2227 0.9240
12.7245 14.7310 1.2071 0.9250
16.2667 21.8205 1.6877 0.8967
14.5069 20.9932 1.5824 0.9028
7.3452 14.7886 1.0239 0.9360
8.6314 21.0496 1.4108 0.9129
3.7130 14.8222 0.9475 0.9406
3.0937 14.5487 0.9223 0.9421
1.5155 14.8420 0.9251 0.9420
0.9782 14.8364 0.9220 0.9422
0.6651 22.2274 1.3789 0.9147
-0.1336 22.2351 1.3788 0.9147
-0.9333 22.2428 1.3805 0.9146
-1.6990 14.8683 0.9280 0.9418
-3.9233 14.8997 0.9554 0.9401
-4.4996 14.8938 0.9648 0.9396
-7.3404 21.4780 1.4075 0.9130
-8.1108 21.2105 1.4082 0.9130
-2.6025 6.1356 0.4133 0.9736
-8.1780 14.6570 1.0408 0.9349
-8.8870 14.6638 1.0633 0.9336
-16.9223 22.1394 1.7280 0.8943
-13.2602 14.9832 1.2407 0.9229
-13.9949 14.7129 1.2592 0.9218
-24.0611 21.9065 2.0178 0.8777
-18.5127 15.6765 1.5043 0.9074
-30.6101 20.7116 2.2918 0.8623
-25.7838 13.6568 1.8093 0.8896
-22.3264 6.2165 1.4371 0.9113
-27.5487 4.5530 1.7315 0.8941
-39.7787 -17.3352 2.6907 0.8404
-36.1661 -32.6458 3.0212 0.8226
-35.1290 -34.0775 3.0349 0.8219
-27.4224 -33.0355 2.6623 0.8419
-23.5362 -32.9002 2.5085 0.8503
-24.9292 -37.6339 2.7993 0.8345
-20.2382 -33.0739 2.4044 0.8561
-21.2296 -37.6694 2.6813 0.8409
-20.9239 -40.4591 2.8245 0.8331
-17.3499 -36.7238 2.5186 0.8498
-16.0532 -41.4484 2.7563 0.8368
22.2049 -41.3670 2.9114 0.8285
22.1421 -37.9157 2.7227 0.8386
22.4060 -35.3847 2.5971 0.8455
15.3873 -15.5537 1.3567 0.9161
35.4553 -33.3529 3.0185 0.8228
24.9116 -17.4543 1.8862 0.8852
-28.4754 -25.3615 1.5036 0.8584
-35.1246 -33.6220 1.9172 0.8231
-15.5038 -17.1370 0.9112 0.9116
-27.5329 -32.7225 1.6862 0.8427
-29.4197 -37.6295 1.8834 0.8260
-17.6782 -36.7822 1.6092 0.8493
4.7612 -17.1742 0.7027 0.9311
22.4416 -42.4846 1.8946 0.8250
22.4743 -39.0800 1.7776 0.8349
24.4040 -33.4942 1.6341 0.8471
13.5180 -17.2182 0.8632 0.9161
20.3912 -24.1351 1.2459 0.8812
31.4483 -25.9380 1.6074 0.8494
24.7304 -17.5741 1.1963 0.8856
42.1940 -16.1892 1.7827 0.8345
32.3853 4.4502 1.2888 0.8773
16.7410 6.1507 0.7033 0.9311
31.4031 12.8357 1.3377 0.8730
31.6291 14.2745 1.3683 0.8703
29.4950 14.6083 1.2978 0.8766
26.9780 14.5909 1.2094 0.8845
23.8177 15.1871 1.1138 0.8931
19.3516 14.3925 0.9510 0.9080
23.5976 21.8625 1.2684 0.8792
14.5035 14.4390 0.8070 0.9213
12.4035 15.3429 0.7780 0.9241
16.5708 22.0746 1.0884 0.8954
9.5069 14.7641 0.6924 0.9321
8.6137 14.4956 0.6649 0.9347
7.9271 14.5022 0.6517 0.9360
7.4065 14.7881 0.6522 0.9359
6.7503 14.7814 0.6407 0.9370
7.8431 21.0572 0.8860 0.9140
7.0862 21.3385 0.8866 0.9139
4.3321 14.8029 0.6082 0.9401
3.1443 14.5482 0.5869 0.9422
1.5654 14.8415 0.5885 0.9420
1.0278 14.8359 0.5864 0.9422
-2.6922 14.6043 0.5856 0.9423
-3.2396 14.6095 0.5901 0.9419
-8.0297 21.2097 0.8942 0.9132
-2.5851 6.1515 0.2631 0.9736
-3.0158 5.9417 0.2627 0.9737
-8.1137 14.6564 0.6606 0.9351
-8.8199 14.6632 0.6747 0.9338
-14.9775 21.2765 1.0260 0.9011
-17.0015 22.3972 1.1088 0.8935
-13.9010 14.7120 0.7981 0.9222
-14.9471 14.7220 0.8273 0.9194
-24.1556 22.1400 1.2920 0.8771
-18.9789 15.0374 0.9548 0.9076
-20.0850 14.7714 0.9831 0.9050
-24.2053 15.2523 1.1281 0.8918
-22.3249 6.2963 0.9146 0.9113
-15.3046 -17.0304 0.9028 0.9124
-18.2991 -25.4003 1.2344 0.8822
-17.4777 -36.6775 1.6020 0.8499
-16.1031 -37.1753 1.5975 0.8503
-9.3868 -23.9984 1.0161 0.9020
0.5598 -25.0905 0.9896 0.9044
4.2147 -17.3850 0.7054 0.9309
22.4448 -42.1502 1.8830 0.8260
22.2402 -35.3831 1.6479 0.8459
16.8897 -17.1866 0.9502 0.9080
35.4810 -33.6006 1.9268 0.8223
31.3560 14.2771 1.3585 0.8712
29.5025 14.7345 1.3003 0.8763
26.7755 14.5969 1.2025 0.8851
24.6773 14.6265 1.1311 0.8915
18.0963 15.7014 0.9447 0.9085
15.7544 14.6938 0.8495 0.9174
13.4172 14.4495 0.7775 0.9241
12.4005 15.4440 0.7810 0.9238
16.4570 22.0757 1.0857 0.8956
9.4387 14.7661 0.6910 0.9322
8.5489 14.4963 0.6636 0.9348
7.8649 14.5028 0.6505 0.9361
6.6907 14.7807 0.6398 0.9371
8.6314 21.0496 0.8971 0.9130
7.0071 21.3377 0.8856 0.9140
2.5523 14.5539 0.5826 0.9426
1.5154 14.8409 0.5882 0.9420
0.9781 14.8354 0.5862 0.9422
-2.2449 14.8834 0.5935 0.9415
-2.7426 14.6048 0.5859 0.9422
-3.2908 14.6100 0.5905 0.9418
-3.9230 14.8986 0.6075 0.9402
-4.4993 14.8927 0.6134 0.9396
-7.3398 21.4764 0.8949 0.9132
-2.5988 6.1268 0.2624 0.9737
-3.0405 5.9413 0.2632 0.9736
-8.1780 14.6570 0.6618 0.9350
-9.8127 14.9519 0.7052 0.9309
-17.1202 22.3983 1.1116 0.8933
-12.8052 15.5612 0.7946 0.9225
-13.2590 14.9818 0.7889 0.9230
-20.2277 14.7728 0.9877 0.9046
-31.2185 15.1255 1.3678 0.8703
-22.3205 6.2149 0.9136 0.9114
-27.5453 4.5525 1.1009 0.8943
-39.7253 -17.3120 1.7087 0.8407
-29.4227 -24.7000 1.5148 0.8575
-36.1662 -32.6458 1.9211 0.8228
-31.3639 -32.6919 1.7864 0.8341
-15.1348 -16.9548 0.8961 0.9130
-27.4224 -33.0355 1.6929 0.8421
-24.9078 -37.6015 1.7785 0.8348
-20.8866 -40.3868 1.7929 0.8336
-16.0135 -37.3084 1.6009 0.8500
-16.0532 -41.4483 1.7527 0.8370
-9.4009 -35.0923 1.4325 0.8646
22.1421 -37.9157 1.7313 0.8388
22.6881 -33.1343 1.5835 0.8515
13.4018 -16.8381 0.8486 0.9175
20.5879 -24.0412 1.2481 0.8810
17.0001 -17.1840 0.9531 0.9078
35.7210 -33.6029 1.9338 0.8217
24.8739 -17.4279 1.1976 0.8855
-35.1246 -33.6220 0.8213 0.8232
-28.8572 -36.9101 0.7914 0.8291
-23.7665 -32.7587 0.6836 0.8505
-16.2302 -37.1292 0.6845 0.8503
4.1722 -17.4634 0.3033 0.9307
22.4416 -42.4846 0.8116 0.8251
22.4743 -39.0800 0.7615 0.8350
22.3633 -33.1312 0.6752 0.8522
24.4040 -33.4942 0.7000 0.8472
15.3975 -19.6121 0.4212 0.9051
15.0177 -16.5321 0.3773 0.9145
32.7757 -33.5746 0.7926 0.8289
35.2427 -33.5983 0.8225 0.8230
24.7084 -17.5585 0.5120 0.8858
42.1910 -16.1880 0.7633 0.8346
32.3819 4.4497 0.5521 0.8774
16.7366 6.1491 0.3012 0.9312
35.4973 14.5092 0.6478 0.8578
24.7871 14.5802 0.4858 0.8913
23.8189 15.1878 0.4772 0.8931
21.2428 14.6442 0.4358 0.9019
19.3516 14.3925 0.4074 0.9080
18.3157 14.6724 0.3964 0.9104
18.1013 15.6004 0.4037 0.9088
23.5976 21.8625 0.5434 0.8792
13.5063 14.4486 0.3341 0.9239
12.4043 15.3438 0.3333 0.9241
16.5708 22.0746 0.4663 0.8955
14.6097 20.9922 0.4320 0.9027
8.6137 14.4956 0.2848 0.9348
7.4059 14.7870 0.2794 0.9360
6.7498 14.7802 0.2745 0.9371
8.7131 21.0488 0.3848 0.9129
7.8431 21.0572 0.3796 0.9140
7.0857 21.3369 0.3798 0.9140
2.0666 14.5585 0.2484 0.9429
1.5653 14.8404 0.2521 0.9420
1.0277 14.8349 0.2512 0.9422
-0.0596 22.2344 0.3756 0.9149
-0.8590 22.2421 0.3760 0.9148
-1.5992 21.4190 0.3628 0.9177
-2.6922 14.6043 0.2509 0.9423
-3.8699 14.8981 0.2600 0.9403
-2.5814 6.1427 0.1126 0.9737
-2.7533 5.9444 0.1107 0.9741
-8.1137 14.6564 0.2830 0.9352
-8.8199 14.6631 0.2891 0.9338
-9.7413 14.9514 0.3014 0.9311
-17.0014 22.3972 0.4750 0.8936
-12.8032 15.6648 0.3417 0.9223
-13.1667 14.9777 0.3369 0.9233
-13.9010 14.7120 0.3419 0.9222
-24.1568 22.1411 0.5535 0.8771
-18.5083 15.7791 0.4108 0.9073
-18.9768 15.0357 0.4090 0.9077
-20.0850 14.7714 0.4212 0.9051
-30.6087 20.8596 0.6257 0.8623
-24.2064 15.2530 0.4833 0.8918
-25.5127 14.8236 0.4984 0.8887
-30.2185 16.1348 0.5787 0.8719
-31.0155 15.1549 0.5831 0.8710
-22.3190 6.2946 0.3917 0.9114
-31.5717 -32.6899 0.7677 0.8338
-15.3218 -17.0496 0.3872 0.9124
-27.4202 -32.8099 0.7223 0.8428
-21.3943 -37.6678 0.7317 0.8409
-20.9207 -40.1248 0.7644 0.8344
4.8529 -17.2813 0.3032 0.9307
22.2402 -35.3831 0.7059 0.8460
15.3185 -19.3783 0.4173 0.9059
14.4556 -16.9946 0.3769 0.9146
32.9969 -33.5768 0.7952 0.8283
35.4810 -33.6006 0.8254 0.8224
24.7394 -17.4568 0.5114 0.8859
41.2834 5.8131 0.7042 0.8464
12.4187 4.6097 0.2238 0.9484
31.3560 14.2771 0.5820 0.8712
24.6740 14.6245 0.4845 0.8916
23.8199 15.3003 0.4782 0.8929
19.2193 14.3937 0.4056 0.9084
14.4081 14.4400 0.3446 0.9216
12.4012 15.4449 0.3346 0.9238
16.4570 22.0757 0.4651 0.8957
8.5489 14.4963 0.2843 0.9349
7.8649 14.5028 0.2787 0.9361
7.3441 14.7864 0.2789 0.9361
6.6902 14.7796 0.2740 0.9372
7.0066 21.3361 0.3793 0.9141
3.0937 14.5487 0.2512 0.9422
2.5523 14.5539 0.2496 0.9426
2.0173 14.5590 0.2483 0.9429
0.9780 14.8344 0.2511 0.9423
-0.1336 22.2351 0.3756 0.9149
-0.9333 22.2428 0.3761 0.9148
-2.2447 14.8823 0.2542 0.9416
-3.2909 14.6100 0.2530 0.9418
-3.9228 14.8976 0.2602 0.9402
-4.4990 14.8917 0.2628 0.9397
-7.3393 21.4749 0.3833 0.9132
-2.5951 6.1181 0.1123 0.9738
-8.1780 14.6570 0.2835 0.9351
-15.0845 21.2775 0.4406 0.9009
-17.1202 22.3983 0.4762 0.8933
-13.2577 14.9804 0.3379 0.9231
-13.9949 14.7129 0.3430 0.9220
-15.0480 14.7230 0.3556 0.9192
-24.1506 21.9879 0.5517 0.8775
-18.5144 15.6780 0.4098 0.9075
-19.1123 15.0397 0.4108 0.9073
-25.7128 14.8255 0.5014 0.8880
-31.2184 15.1255 0.5859 0.8704
-22.3146 6.2132 0.3913 0.9115
-27.5385 4.5513 0.4715 0.8943
-39.6722 -17.2888 0.7310 0.8410
-23.5362 -32.9002 0.6833 0.8506
-20.2382 -33.0739 0.6550 0.8563
-21.2296 -37.6694 0.7304 0.8412
-20.8866 -40.3868 0.7678 0.8337
-17.3499 -36.7238 0.6861 0.8500
-16.0135 -37.3084 0.6858 0.8501
4.2587 -17.3144 0.3012 0.9312
4.9763 -17.4966 0.3073 0.9298
22.4480 -41.8198 0.8017 0.8271
22.1421 -37.9157 0.7417 0.8389
22.4060 -35.3847 0.7075 0.8457
22.6881 -33.1343 0.6783 0.8516
26.6762 -33.5160 0.7236 0.8425
14.5130 -16.9474 0.3769 0.9146
35.7210 -33.6029 0.8284 0.8219
24.8364 -17.4016 0.5123 0.8857
-35.1246 -33.6220 -0.2738 0.8233
-31.7808 -32.6879 -0.2567 0.8333
-28.8942 -36.9574 -0.2641 0.8289
-23.7665 -32.7587 -0.2279 0.8505
-24.9570 -37.1361 -0.2519 0.8361
-20.3650 -32.7885 -0.2173 0.8569
-21.6021 -37.7405 -0.2448 0.8403
-16.6828 -34.7114 -0.2168 0.8572
3.2040 -35.1809 -0.1989 0.8682
4.1730 -17.4670 -0.1011 0.9307
20.9011 -43.2629 -0.2705 0.8251
22.4743 -39.0800 -0.2538 0.8350
22.1651 -35.5256 -0.2358 0.8458
22.3633 -33.1312 -0.2250 0.8522
26.3107 -33.5125 -0.2399 0.8433
14.3727 -17.0116 -0.1254 0.9148
43.2906 14.1624 -0.2564 0.8334
16.7321 6.1475 -0.1004 0.9312
35.4907 14.5065 -0.2159 0.8578
31.6291 14.2745 -0.1954 0.8704
29.4977 14.6096 -0.1853 0.8766
26.9706 14.5869 -0.1726 0.8846
24.7871 14.5802 -0.1619 0.8913
21.2404 14.6425 -0.1453 0.9020
19.3516 14.3925 -0.1358 0.9080
18.3137 14.6708 -0.1321 0.9104
18.1022 15.6011 -0.1345 0.9088
13.5063 14.4486 -0.1114 0.9239
16.5708 22.0746 -0.1554 0.8955
14.6097 20.9922 -0.1440 0.9028
7.9271 14.5022 -0.0930 0.9360
7.4053 14.7859 -0.0931 0.9360
7.8431 21.0572 -0.1265 0.9140
3.7643 14.8176 -0.0861 0.9407
2.6022 14.5534 -0.0832 0.9426
1.5652 14.8394 -0.0840 0.9421
1.0276 14.8339 -0.0837 0.9423
0.7391 22.2267 -0.1252 0.9149
-0.0596 22.2344 -0.1252 0.9149
-0.8590 22.2420 -0.1253 0.9148
-2.1937 14.8798 -0.0847 0.9416
-2.6922 14.6043 -0.0836 0.9423
-4.4447 14.8912 -0.0875 0.9397
-2.7525 5.9428 -0.0369 0.9741
-8.1137 14.6564 -0.0943 0.9352
-9.7405 14.9502 -0.1005 0.9311
-18.9746 15.0340 -0.1363 0.9077
-30.6087 20.8596 -0.2085 0.8623
-24.2076 15.2537 -0.1611 0.8919
-30.2198 16.1355 -0.1929 0.8719
-39.7624 -17.1708 -0.2439 0.8409
-35.1268 -33.8490 -0.2746 0.8227
-31.5717 -32.6899 -0.2559 0.8338
-15.3391 -17.0688 -0.1292 0.9123
-19.3762 -24.9542 -0.1779 0.8813
-20.2925 -32.9159 -0.2177 0.8567
-20.9968 -40.2707 -0.2557 0.8339
-16.1031 -37.1753 -0.2281 0.8504
-16.0492 -41.0318 -0.2481 0.8384
0.5598 -25.0905 -0.1413 0.9045
3.4020 -36.0259 -0.2037 0.8652
4.2165 -17.3922 -0.1008 0.9309
4.8260 -17.1855 -0.1005 0.9311
21.0948 -43.2951 -0.2712 0.8248
22.2402 -35.3831 -0.2353 0.8461
22.5253 -33.1328 -0.2256 0.8519
32.9969 -33.5768 -0.2651 0.8284
37.3171 -32.8793 -0.2800 0.8196
41.2532 5.8088 -0.2346 0.8465
42.8213 14.1669 -0.2539 0.8349
12.4162 4.6088 -0.0746 0.9484
31.3560 14.2771 -0.1939 0.8713
21.0959 14.6468 -0.1446 0.9024
18.0982 15.7030 -0.1349 0.9086
14.4081 14.4400 -0.1149 0.9216
13.4172 14.4495 -0.1110 0.9242
12.7211 14.7269 -0.1096 0.9251
16.4570 22.0757 -0.1550 0.8957
9.4372 14.7638 -0.0987 0.9323
6.6897 14.7785 -0.0913 0.9372
8.6314 21.0496 -0.1281 0.9130
7.7637 21.0579 -0.1264 0.9141
7.0061 21.3346 -0.1264 0.9141
4.2785 14.8024 -0.0868 0.9402
3.7122 14.8191 -0.0860 0.9407
3.0937 14.5487 -0.0837 0.9422
2.0173 14.5590 -0.0828 0.9429
1.5152 14.8389 -0.0840 0.9421
0.9780 14.8333 -0.0837 0.9423
-1.6710 21.4197 -0.1210 0.9176
-1.6987 14.8652 -0.0842 0.9419
-2.2446 14.8813 -0.0847 0.9416
-2.7426 14.6048 -0.0837 0.9423
-3.2909 14.6100 -0.0843 0.9419
-3.9225 14.8965 -0.0867 0.9402
-4.4986 14.8906 -0.0876 0.9397
-8.1108 21.2105 -0.1279 0.9132
-2.5914 6.1094 -0.0374 0.9738
-2.7764 5.9424 -0.0369 0.9741
-3.0388 5.9380 -0.0376 0.9737
-8.1780 14.6570 -0.0945 0.9351
-9.8111 14.9495 -0.1007 0.9310
-15.0845 21.2775 -0.1468 0.9009
-13.9949 14.7129 -0.1143 0.9220
-24.1519 21.9891 -0.1839 0.8775
-18.5152 15.6787 -0.1366 0.9075
-20.2277 14.7728 -0.1410 0.9047
-25.7128 14.8255 -0.1671 0.8881
-22.3088 6.2116 -0.1304 0.9115
-27.5317 4.5502 -0.1571 0.8944
-36.1662 -32.6458 -0.2743 0.8229
-31.3639 -32.6919 -0.2551 0.8343
-28.7284 -37.2541 -0.2649 0.8285
-24.8072 -37.4497 -0.2529 0.8355
-20.2382 -33.0739 -0.2183 0.8563
-20.8866 -40.3868 -0.2560 0.8337
-17.3499 -36.7238 -0.2287 0.8500
-16.0532 -41.4483 -0.2502 0.8371
3.4135 -34.9056 -0.1975 0.8691
21.2744 -43.2968 -0.2716 0.8245
22.4060 -35.3847 -0.2358 0.8458
22.6881 -33.1343 -0.2261 0.8516
26.6762 -33.5160 -0.2412 0.8425
24.7990 -17.3754 -0.1705 0.8859
-35.1246 -33.6220 -1.3691 0.8232
-14.7671 -17.5506 -0.6458 0.9123
-23.7665 -32.7587 -1.1396 0.8505
-24.9570 -37.1361 -1.2599 0.8361
-21.6021 -37.7405 -1.2245 0.8403
-20.9936 -39.9396 -1.2705 0.8348
3.2040 -35.1809 -0.9947 0.8682
4.7504 -17.1352 -0.5007 0.9313
22.4743 -39.0800 -1.2694 0.8349
24.4040 -33.4942 -1.1669 0.8472
14.3727 -17.0116 -0.6271 0.9147
35.2427 -33.5983 -1.3711 0.8230
24.6645 -17.5273 -0.8520 0.8860
39.6483 -13.6000 -1.1803 0.8456
32.3742 4.4487 -0.9202 0.8774
43.2906 14.1624 -1.2826 0.8334
16.7276 6.1458 -0.5018 0.9312
35.4841 14.5038 -1.0794 0.8578
31.6291 14.2745 -0.9771 0.8704
24.7871 14.5802 -0.8097 0.8913
18.3116 14.6692 -0.6607 0.9104
18.1032 15.6020 -0.6729 0.9088
14.5035 14.4390 -0.5762 0.9214
13.5063 14.4486 -0.5569 0.9239
12.8066 14.7265 -0.5495 0.9249
16.5708 22.0746 -0.7772 0.8954
14.6097 20.9922 -0.7202 0.9027
7.9271 14.5022 -0.4654 0.9360
7.8431 21.0572 -0.6327 0.9140
3.7641 14.8166 -0.4305 0.9407
2.6022 14.5534 -0.4163 0.9426
2.0666 14.5585 -0.4140 0.9429
1.0276 14.8328 -0.4187 0.9422
-0.0596 22.2344 -0.6261 0.9149
-1.6483 14.8627 -0.4211 0.9419
-2.1935 14.8788 -0.4235 0.9416
-2.6922 14.6043 -0.4182 0.9423
-4.4444 14.8901 -0.4376 0.9397
-2.5741 6.1252 -0.1871 0.9738
-2.7518 5.9412 -0.1844 0.9741
-3.0133 5.9368 -0.1875 0.9737
-8.1137 14.6564 -0.4717 0.9352
-9.7397 14.9490 -0.5024 0.9311
-14.9775 21.2765 -0.7327 0.9011
-12.8046 15.6665 -0.5697 0.9222
-13.1642 14.9749 -0.5614 0.9233
-14.9471 14.7220 -0.5907 0.9195
-24.1593 22.1435 -0.9228 0.8771
-18.9724 15.0323 -0.6816 0.9077
-24.2088 15.2545 -0.8057 0.8918
-30.2211 16.1362 -0.9647 0.8719
-22.3073 6.2913 -0.6526 0.9114
-39.7093 -17.1479 -1.2179 0.8411
-17.7158 -15.8846 -0.6701 0.9092
-35.1268 -33.8490 -1.3736 0.8227
-31.5717 -32.6899 -1.2797 0.8337
-15.3564 -17.0880 -0.6469 0.9122
-27.4202 -32.8098 -1.2040 0.8427
-23.6015 -32.7603 -1.1369 0.8508
-20.2925 -32.9159 -1.0888 0.8566
-21.4365 -37.7421 -1.2222 0.8406
-20.9968 -40.2707 -1.2788 0.8338
-17.4777 -36.6775 -1.1440 0.8499
-16.1031 -37.1753 -1.1408 0.8503
-16.0492 -41.0317 -1.2406 0.8384
-9.5005 -34.9971 -1.0211 0.8649
0.5598 -25.0905 -0.7067 0.9045
4.2173 -17.3958 -0.5040 0.9309
20.5697 -42.2174 -1.3223 0.8287
22.5253 -33.1328 -1.1281 0.8519
24.4395 -33.3092 -1.1633 0.8476
14.4300 -16.9644 -0.6271 0.9147
37.3171 -32.8793 -1.4004 0.8195
24.6653 -17.4046 -0.8500 0.8862
41.2230 5.8046 -1.1722 0.8466
42.8213 14.1669 -1.2700 0.8349
12.4137 4.6078 -0.3728 0.9484
26.7646 14.5909 -0.8583 0.8852
24.6673 14.6206 -0.8074 0.8916
19.2193 14.3937 -0.6761 0.9084
18.1856 14.6679 -0.6579 0.9107
18.0991 15.7038 -0.6747 0.9086
15.7498 14.6895 -0.6064 0.9174
14.4081 14.4400 -0.5744 0.9216
12.7199 14.7256 -0.5479 0.9251
14.5069 20.9931 -0.7185 0.9029
9.4365 14.7626 -0.4934 0.9323
8.5489 14.4963 -0.4739 0.9349
7.3430 14.7841 -0.4648 0.9361
6.6891 14.7774 -0.4567 0.9372
8.6314 21.0496 -0.6406 0.9130
7.7637 21.0579 -0.6320 0.9141
7.0056 21.3330 -0.6323 0.9141
4.2782 14.8013 -0.4338 0.9402
3.7119 14.8181 -0.4301 0.9407
3.0937 14.5487 -0.4188 0.9422
2.5523 14.5539 -0.4161 0.9426
1.5151 14.8379 -0.4200 0.9421
0.9779 14.8323 -0.4186 0.9423
-0.1336 22.2351 -0.6261 0.9149
-0.9333 22.2428 -0.6269 0.9148
-1.6986 14.8642 -0.4213 0.9419
-3.2909 14.6100 -0.4217 0.9418
-4.4983 14.8895 -0.4380 0.9397
-2.5877 6.1007 -0.1866 0.9738
-2.7757 5.9408 -0.1846 0.9741
-8.1780 14.6570 -0.4726 0.9350
-9.8103 14.9483 -0.5035 0.9310
-17.1202 22.3983 -0.7938 0.8933
-13.2552 14.9775 -0.5632 0.9231
-24.1533 21.9903 -0.9198 0.8775
-19.1079 15.0363 -0.6847 0.9073
-20.2277 14.7728 -0.7053 0.9046
-24.2042 15.1392 -0.8039 0.8920
-30.2285 16.0110 -0.9632 0.8721
-22.3029 6.2100 -0.6519 0.9115
-39.5664 -17.2427 -1.2153 0.8414
-36.1662 -32.6458 -1.3719 0.8229
-35.1290 -34.0774 -1.3781 0.8221
-28.7283 -37.2541 -1.3247 0.8284
-24.8072 -37.4497 -1.2649 0.8355
-21.2714 -37.7437 -1.2199 0.8408
-16.0134 -37.3084 -1.1432 0.8500
-16.0532 -41.4483 -1.2516 0.8371
4.2604 -17.3215 -0.5023 0.9311
4.9207 -17.3011 -0.5065 0.9306
21.2744 -43.2968 -1.3584 0.8244
22.4480 -41.8199 -1.3365 0.8270
22.1421 -37.9157 -1.2363 0.8389
22.4060 -35.3847 -1.1793 0.8457
26.6762 -33.5160 -1.2062 0.8425
14.4872 -16.9173 -0.6272 0.9147
15.1059 -16.4082 -0.6280 0.9146
33.2196 -33.5789 -1.3300 0.8278
37.3192 -32.6610 -1.3964 0.8200
-36.1789 -29.9633 -2.3823 0.8285
-16.4215 -15.7190 -1.1528 0.9130
-14.7498 -17.5300 -1.1618 0.9123
-23.7665 -32.7587 -2.0525 0.8504
-24.9570 -37.1361 -2.2691 0.8359
-20.3650 -32.7885 -1.9575 0.8568
-21.5596 -37.6662 -2.2010 0.8404
-20.9175 -39.7948 -2.2800 0.8352
-16.6669 -34.6782 -1.9513 0.8572
-16.0531 -45.3451 -2.4395 0.8248
-14.4268 -45.9325 -2.4416 0.8246
-12.7776 -46.4566 -2.4435 0.8245
-4.2448 -33.8596 -1.7306 0.8723
-4.2829 -48.1078 -2.4494 0.8241
2.8104 -30.8593 -1.5715 0.8833
5.1422 -31.3322 -1.6102 0.8806
6.4985 -32.2919 -1.6705 0.8764
4.1748 -17.4743 -0.9111 0.9306
14.5125 -45.8796 -2.4404 0.8247
16.1358 -45.2863 -2.4381 0.8249
17.7336 -44.6316 -2.4356 0.8250
19.3035 -43.9167 -2.4329 0.8252
20.4438 -42.3164 -2.3834 0.8284
22.4254 -38.9950 -2.2813 0.8351
22.1161 -35.4472 -2.1189 0.8459
15.0032 -16.5161 -1.1316 0.9145
37.1721 -28.4788 -2.3748 0.8290
24.6426 -17.5117 -1.5331 0.8860
39.7477 -24.1501 -2.3587 0.8300
41.9439 -19.6547 -2.3491 0.8307
42.6228 -18.1356 -2.3491 0.8307
37.0814 -14.2276 -2.0142 0.8529
47.1975 -14.3169 -2.5013 0.8207
48.4636 -9.1572 -2.5013 0.8207
48.7612 -7.4107 -2.5013 0.8207
48.9959 -5.6547 -2.5013 0.8207
49.3008 1.4197 -2.5013 0.8207
32.3295 4.4425 -1.6550 0.8775
44.5140 12.8122 -2.3491 0.8307
43.2906 14.1624 -2.3099 0.8332
16.7232 6.1442 -0.9035 0.9311
23.8222 15.1899 -1.4328 0.8930
18.3096 14.6675 -1.1898 0.9103
23.5976 21.8625 -1.6314 0.8791
14.5035 14.4390 -1.0379 0.9213
13.5063 14.4486 -1.0030 0.9238
12.8054 14.7251 -0.9897 0.9248
12.4067 15.3468 -1.0008 0.9240
16.5708 22.0746 -1.3998 0.8953
14.6097 20.9922 -1.2971 0.9026
8.6137 14.4956 -0.8551 0.9347
7.9271 14.5022 -0.8382 0.9359
8.7131 21.0488 -1.1553 0.9128
7.8431 21.0572 -1.1396 0.9139
7.0841 21.3323 -1.1399 0.9139
3.1443 14.5482 -0.7548 0.9421
2.0666 14.5585 -0.7457 0.9428
1.5650 14.8374 -0.7566 0.9420
1.0275 14.8318 -0.7540 0.9422
0.7391 22.2267 -1.1278 0.9148
-0.0596 22.2344 -1.1276 0.9148
-0.8590 22.2420 -1.1288 0.9147
-1.5989 21.4146 -1.0890 0.9176
-1.6482 14.8616 -0.7583 0.9419
-2.1934 14.8778 -0.7627 0.9415
-2.6922 14.6043 -0.7531 0.9423
-3.8691 14.8950 -0.7805 0.9402
-4.4441 14.8890 -0.7880 0.9397
-7.2571 21.4678 -1.1493 0.9132
-8.0297 21.2097 -1.1501 0.9132
-2.7510 5.9396 -0.3320 0.9741
-3.0125 5.9351 -0.3375 0.9737
-8.1137 14.6564 -0.8496 0.9351
-12.8053 15.6674 -1.0262 0.9222
-13.1630 14.9735 -1.0111 0.9233
-30.6086 20.8596 -1.8785 0.8621
-25.5127 14.8236 -1.4964 0.8885
-30.1670 16.1073 -1.7343 0.8720
-30.8744 15.0859 -1.7427 0.8714
-45.0774 20.0537 -2.5021 0.8207
-45.7685 18.4218 -2.5021 0.8207
-47.9349 11.6781 -2.5021 0.8207
-48.3234 9.9489 -2.5021 0.8207
-49.3234 1.1558 -2.5021 0.8207
-48.7358 -7.6743 -2.5021 0.8207
-48.4288 -9.4198 -2.5021 0.8207
-47.6273 -12.8717 -2.5020 0.8207
-43.7464 -15.2683 -2.3498 0.8306
-38.6944 -16.7096 -2.1375 0.8447
-38.8007 -18.4361 -2.1786 0.8419
-41.1139 -21.3778 -2.3501 0.8306
-40.4176 -22.8962 -2.3558 0.8302
-25.6565 -15.7774 -1.5275 0.8864
-37.9851 -27.3009 -2.3723 0.8292
-26.7197 -20.6991 -1.7141 0.8734
-17.7138 -15.8828 -1.2067 0.9091
-15.3737 -17.1073 -1.1664 0.9120
-19.3762 -24.9541 -1.6022 0.8811
-24.8807 -37.2902 -2.2735 0.8357
-20.2925 -32.9158 -1.9610 0.8565
-21.3943 -37.6678 -2.1969 0.8407
-20.9207 -40.1247 -2.2949 0.8342
-16.1031 -37.1753 -2.0546 0.8502
-16.0492 -41.0317 -2.2344 0.8382
-14.2748 -45.9838 -2.4418 0.8246
-7.5616 -47.6717 -2.4479 0.8242
-4.1254 -33.8194 -1.7278 0.8724
-4.1227 -48.1227 -2.4494 0.8241
-0.4384 -32.1984 -1.6331 0.8790
2.9142 -30.8603 -1.5720 0.8832
4.0449 -30.9208 -1.5815 0.8826
5.2566 -31.3751 -1.6133 0.8804
6.6343 -32.4080 -1.6776 0.8759
4.2182 -17.3994 -0.9080 0.9308
4.8083 -17.1224 -0.9019 0.9312
14.6641 -45.8272 -2.4402 0.8247
17.8804 -44.5679 -2.4353 0.8250
19.4476 -43.8475 -2.4326 0.8252
20.5682 -42.2144 -2.3815 0.8286
22.4880 -42.2314 -2.4265 0.8256
22.0905 -38.1182 -2.2343 0.8382
22.2088 -35.3331 -2.1165 0.8461
10.0169 -13.6524 -0.8587 0.9344
10.6182 -13.4323 -0.8683 0.9337
11.4114 -13.4157 -0.8932 0.9319
15.0607 -16.4688 -1.1318 0.9145
33.0907 -33.6722 -2.3942 0.8277
34.2105 -32.3974 -2.3895 0.8280
35.2793 -31.0838 -2.3846 0.8283
25.3588 -20.7739 -1.6625 0.8770
39.8192 -24.0123 -2.3582 0.8301
40.5597 -22.5133 -2.3526 0.8304
42.6829 -17.9935 -2.3491 0.8307
47.2449 -14.1596 -2.5013 0.8207
47.7230 -12.4536 -2.5013 0.8207
48.1395 -10.7316 -2.5013 0.8207
49.0145 -5.4914 -2.5013 0.8207
49.1801 -3.7275 -2.5013 0.8207
49.2822 -1.9588 -2.5013 0.8207
49.2958 1.5839 -2.5013 0.8207
48.2511 3.2882 -2.4527 0.8239
38.2185 3.9878 -1.9487 0.8574
32.3143 4.5502 -1.6550 0.8775
45.6069 8.1019 -2.3491 0.8307
44.9078 11.3549 -2.3491 0.8307
42.8212 14.1669 -2.2874 0.8347
35.1509 14.5044 -1.9285 0.8587
31.3560 14.2771 -1.7473 0.8711
29.4497 14.7082 -1.6694 0.8765
26.7610 14.5890 -1.5457 0.8851
24.6640 14.6186 -1.4540 0.8915
23.8230 15.3023 -1.4359 0.8928
21.0910 14.6434 -1.3021 0.9023
18.1835 14.6663 -1.1847 0.9107
18.1001 15.7047 -1.2153 0.9085
15.7483 14.6881 -1.0921 0.9174
13.4172 14.4495 -1.0000 0.9241
12.7187 14.7242 -0.9867 0.9250
16.4570 22.0757 -1.3964 0.8956
9.4357 14.7614 -0.8885 0.9322
8.5489 14.4963 -0.8535 0.9348
7.8649 14.5028 -0.8367 0.9361
7.3424 14.7830 -0.8371 0.9360
6.6886 14.7763 -0.8226 0.9371
8.6314 21.0496 -1.1538 0.9129
7.7637 21.0579 -1.1382 0.9140
7.0051 21.3315 -1.1386 0.9140
3.7117 14.8171 -0.7747 0.9407
2.5523 14.5539 -0.7493 0.9425
2.0173 14.5590 -0.7454 0.9428
0.9778 14.8313 -0.7538 0.9422
0.6651 22.2274 -1.1277 0.9148
-0.1336 22.2351 -1.1277 0.9148
-1.6708 21.4167 -1.0894 0.9176
-2.2443 14.8793 -0.7631 0.9415
-2.7426 14.6048 -0.7536 0.9422
-3.2909 14.6100 -0.7595 0.9418
-3.9220 14.8945 -0.7811 0.9402
-4.4980 14.8885 -0.7888 0.9396
-7.3377 21.4701 -1.1507 0.9131
-2.4331 6.3628 -0.3455 0.9731
-2.7749 5.9392 -0.3325 0.9741
-3.0371 5.9347 -0.3381 0.9737
-8.1780 14.6570 -0.8512 0.9350
-8.8870 14.6638 -0.8696 0.9336
-12.8084 15.5650 -1.0223 0.9224
-13.2540 14.9761 -1.0142 0.9230
-13.9948 14.7129 -1.0298 0.9219
-24.0951 21.9374 -1.6526 0.8776
-18.5170 15.6802 -1.2305 0.9074
-19.1057 15.0346 -1.2330 0.9072
-20.2277 14.7728 -1.2703 0.9045
-24.2054 15.1400 -1.4479 0.8919
-25.7128 14.8255 -1.5052 0.8879
-45.8296 18.2693 -2.5021 0.8207
-46.4563 16.6116 -2.5021 0.8207
-22.2970 6.2083 -1.1738 0.9115
-47.9735 11.5183 -2.5021 0.8207
-27.5213 4.5485 -1.4147 0.8943
-48.9342 6.2915 -2.5021 0.8207
-49.2595 2.7625 -2.5021 0.8207
-48.9601 -6.0821 -2.5021 0.8207
-48.0217 -11.3130 -2.5020 0.8207
-47.0669 -14.7251 -2.5011 0.8208
-43.6953 -15.4139 -2.3498 0.8306
-38.7040 -16.8669 -2.1411 0.8444
-38.8108 -18.5996 -2.1826 0.8417
-41.0518 -21.5195 -2.3506 0.8306
-40.3501 -23.0358 -2.3563 0.8302
-25.4715 -15.7808 -1.5196 0.8869
-24.1093 -16.1632 -1.4720 0.8902
-26.5504 -20.7097 -1.7077 0.8738
-35.9929 -30.2156 -2.3833 0.8284
-17.4036 -15.7096 -1.1890 0.9104
-16.3340 -15.8451 -1.1541 0.9129
-23.5362 -32.9001 -2.0515 0.8504
-20.2382 -33.0739 -1.9664 0.8562
-21.2296 -37.6694 -2.1929 0.8410
-20.8866 -40.3868 -2.3058 0.8335
-16.0134 -37.3084 -2.0590 0.8499
-15.7535 -45.4589 -2.4399 0.8247
-14.1227 -46.0345 -2.4420 0.8246
-10.7971 -46.9966 -2.4455 0.8244
-9.1073 -47.3805 -2.4469 0.8243
-7.4031 -47.6983 -2.4479 0.8242
-1.5590 -33.7134 -1.7116 0.8736
-0.3303 -32.1094 -1.6285 0.8793
0.8033 -31.3270 -1.5892 0.8820
1.9069 -30.9373 -1.5719 0.8833
5.3714 -31.4181 -1.6165 0.8802
4.8933 -17.2049 -0.9071 0.9309
14.8154 -45.7743 -2.4400 0.8247
19.5914 -43.7777 -2.4323 0.8252
21.1250 -42.9929 -2.4293 0.8254
22.0933 -37.8322 -2.2218 0.8391
22.3743 -35.3347 -2.1210 0.8458
9.8359 -14.3647 -0.8829 0.9326
10.0639 -13.6211 -0.8589 0.9344
11.4906 -13.4180 -0.8959 0.9317
24.6871 -21.6056 -1.6637 0.8769
24.7246 -17.3233 -1.5310 0.8861
39.0980 -25.3506 -2.3631 0.8298
40.6253 -22.3731 -2.3521 0.8305
-24.0564 -15.8965 -2.1142 0.8908
-26.0840 -18.6159 -2.3497 0.8794
-25.3985 -19.5406 -2.3497 0.8794
-24.6802 -20.4401 -2.3496 0.8794
-17.7479 -15.8071 -1.7426 0.9091
-11.2421 -13.3611 -1.2803 0.9324
-14.0050 -20.8396 -1.8410 0.9042
-16.0916 -28.1132 -2.3751 0.8782
-15.0855 -28.6995 -2.3773 0.8781
-14.0568 -29.2474 -2.3793 0.8780
-13.0076 -29.7569 -2.3812 0.8779
-5.7453 -16.2286 -1.2623 0.9333
-8.6343 -31.3924 -2.3872 0.8776
-7.5047 -31.6969 -2.3883 0.8775
2.8104 -30.8593 -2.2720 0.8831
4.7432 -17.1093 -1.3018 0.9313
10.9130 -30.6280 -2.3840 0.8777
13.0644 -29.7224 -2.3805 0.8779
11.0416 -20.9031 -1.7333 0.9095
17.1237 -27.4455 -2.3719 0.8783
10.3776 -13.2182 -1.2322 0.9348
11.1519 -13.1994 -1.2670 0.9330
14.9842 -16.4952 -1.6340 0.9145
22.4375 -22.9844 -2.3551 0.8791
23.9695 -21.2612 -2.3493 0.8794
23.9016 -18.3118 -2.2077 0.8862
27.3820 -16.6369 -2.3492 0.8794
32.2696 -11.0690 -2.5014 0.8721
32.6463 -9.9029 -2.5014 0.8721
32.9809 -8.7240 -2.5014 0.8721
33.2730 -7.5339 -2.5014 0.8721
33.5221 -6.3340 -2.5014 0.8721
34.0439 2.2062 -2.5014 0.8721
33.8742 3.4205 -2.4964 0.8724
29.6584 12.1226 -2.3493 0.8794
29.2040 13.1803 -2.3493 0.8794
24.7503 14.5586 -2.1054 0.8912
23.7624 15.1518 -2.0664 0.8931
21.1545 14.5833 -1.8839 0.9021
19.3516 14.3925 -1.7683 0.9078
18.2369 14.6093 -1.7133 0.9105
18.0492 15.5555 -1.7471 0.9089
13.5063 14.4486 -1.4502 0.9237
12.8042 14.7238 -1.4307 0.9247
16.5708 22.0746 -2.0238 0.8952
8.6137 14.4956 -1.2363 0.9346
7.4036 14.7825 -1.2122 0.9358
6.7478 14.7758 -1.1910 0.9369
8.7131 21.0488 -1.6703 0.9127
7.8431 21.0572 -1.6476 0.9138
4.3306 14.7977 -1.1305 0.9400
3.7635 14.8145 -1.1207 0.9405
3.1443 14.5482 -1.0913 0.9421
2.6022 14.5534 -1.0840 0.9424
2.0666 14.5585 -1.0782 0.9427
-0.0596 22.2344 -1.6303 0.9147
-2.1932 14.8767 -1.1026 0.9415
-3.8688 14.8940 -1.1283 0.9401
-4.4438 14.8880 -1.1392 0.9396
-7.2374 21.4095 -1.6571 0.9133
-2.4151 6.3793 -0.5001 0.9730
-2.5668 6.1078 -0.4858 0.9738
-2.7503 5.9379 -0.4798 0.9741
-8.8200 14.6631 -1.2546 0.9337
-9.7381 14.9466 -1.3080 0.9310
-17.0014 22.3972 -2.0618 0.8933
-12.8061 15.6683 -1.4837 0.9220
-23.6244 21.6531 -2.3497 0.8794
-18.4560 15.7345 -1.7783 0.9073
-24.1532 15.2195 -2.0932 0.8918
-29.7290 11.9659 -2.3497 0.8794
-30.1396 10.8905 -2.3497 0.8794
-30.5112 9.8010 -2.3497 0.8794
-27.3926 4.6210 -2.0369 0.8946
-33.9680 3.2462 -2.5020 0.8721
-34.0627 2.0241 -2.5020 0.8721
-34.1134 0.7994 -2.5020 0.8721
-34.1201 -0.4263 -2.5020 0.8721
-34.0827 -1.6515 -2.5020 0.8721
-34.0014 -2.8745 -2.5019 0.8721
-33.7012 -4.0727 -2.4890 0.8727
-33.7072 -5.3078 -2.5019 0.8721
-33.2392 -7.7137 -2.5019 0.8721
-32.9406 -8.9025 -2.5019 0.8721
-32.5996 -10.0799 -2.5019 0.8721
-32.2165 -11.2442 -2.5019 0.8721
-31.3261 -13.5277 -2.5019 0.8721
-30.8200 -14.6440 -2.5019 0.8721
-29.0772 -15.1191 -2.4030 0.8768
-27.8828 -15.7953 -2.3497 0.8794
-25.6154 -15.7521 -2.2049 0.8864
-24.0576 -16.0126 -2.1190 0.8906
-24.6120 -20.5222 -2.3496 0.8794
-16.3330 -15.7389 -1.6631 0.9130
-11.9739 -13.3241 -1.3135 0.9307
-11.1714 -13.3672 -1.2773 0.9325
-13.8689 -20.7862 -1.8322 0.9046
-15.9993 -28.1692 -2.3753 0.8782
-11.8393 -30.2687 -2.3831 0.8778
-7.3994 -31.7230 -2.3884 0.8775
-2.7837 -32.4936 -2.3912 0.8774
1.8056 -30.9731 -2.2749 0.8830
2.9142 -30.8603 -2.2728 0.8831
4.0449 -30.9208 -2.2865 0.8824
5.2566 -31.3751 -2.3326 0.8802
13.1624 -29.6765 -2.3804 0.8779
14.2080 -29.1606 -2.3784 0.8780
11.0974 -20.8403 -1.7312 0.9096
9.3512 -13.7548 -1.2195 0.9355
11.2258 -13.1975 -1.2704 0.9329
15.0416 -16.4480 -1.6343 0.9145
17.1344 -14.0364 -1.6241 0.9150
23.9236 -18.2025 -2.2041 0.8864
25.2093 -16.4649 -2.2077 0.8862
28.0137 -15.5495 -2.3492 0.8794
30.0488 -15.2941 -2.4722 0.8735
31.8918 -12.1147 -2.5014 0.8721
32.6792 -9.7941 -2.5014 0.8721
33.5430 -6.2223 -2.5014 0.8721
33.7449 -5.0136 -2.5014 0.8721
34.0177 -2.5783 -2.5014 0.8721
34.0883 -1.3549 -2.5014 0.8721
34.1151 -0.1297 -2.5014 0.8721
34.0364 2.3195 -2.5014 0.8721
31.7269 4.4674 -2.3492 0.8794
30.7604 8.9647 -2.3492 0.8794
30.4187 10.0637 -2.3493 0.8794
12.4086 4.6059 -0.9705 0.9483
29.1600 13.2772 -2.3493 0.8794
28.6643 14.3159 -2.3493 0.8794
26.6578 14.5327 -2.2262 0.8853
23.7666 15.2660 -2.0711 0.8929
19.2193 14.3937 -1.7606 0.9082
14.4081 14.4400 -1.4957 0.9214
13.4172 14.4495 -1.4458 0.9240
12.7176 14.7229 -1.4265 0.9249
12.4041 15.4485 -1.4527 0.9236
15.7924 21.1842 -1.9374 0.8994
9.4350 14.7602 -1.2845 0.9322
6.9860 21.2735 -1.6418 0.9141
4.2776 14.7992 -1.1295 0.9401
3.7114 14.8160 -1.1199 0.9406
2.5523 14.5539 -1.0834 0.9425
2.0173 14.5590 -1.0777 0.9428
0.6651 22.2274 -1.6305 0.9147
-0.1336 22.2351 -1.6304 0.9147
-0.9333 22.2428 -1.6323 0.9146
-1.6707 21.4152 -1.5750 0.9175
-2.2441 14.8782 -1.1032 0.9414
-3.2908 14.6100 -1.0981 0.9417
-2.4296 6.3535 -0.4988 0.9731
-2.5804 6.0834 -0.4845 0.9738
-2.7742 5.9375 -0.4805 0.9741
-3.0363 5.9331 -0.4887 0.9736
-9.8087 14.9459 -1.3108 0.9308
-12.8092 15.5660 -1.4781 0.9223
-13.9948 14.7129 -1.4889 0.9218
-18.4599 15.6319 -1.7736 0.9075
-19.0278 14.9733 -1.7753 0.9075
-20.2277 14.7728 -1.8366 0.9044
-24.1364 16.3313 -2.1368 0.8897
-24.1493 15.1049 -2.0885 0.8920
-25.7128 14.8255 -2.1762 0.8878
-28.8400 13.9731 -2.3497 0.8794
-29.3232 12.9283 -2.3497 0.8794
-29.7687 11.8668 -2.3497 0.8794
-30.1757 10.7900 -2.3497 0.8794
-30.5437 9.6993 -2.3497 0.8794
-22.2911 6.2067 -1.6966 0.9114
-31.1612 7.4818 -2.3497 0.8794
-31.4098 6.3577 -2.3497 0.8794
-34.1159 0.6858 -2.5020 0.8721
-33.9916 -2.9877 -2.5019 0.8721
-33.6894 -5.4201 -2.5019 0.8721
-33.4729 -6.6265 -2.5019 0.8721
-33.2133 -7.8244 -2.5019 0.8721
-32.9108 -9.0122 -2.5019 0.8721
-32.1789 -11.3514 -2.5019 0.8721
-31.7503 -12.4997 -2.5019 0.8721
-31.2808 -13.6319 -2.5019 0.8721
-25.4281 -15.7539 -2.1933 0.8869
-24.0587 -16.1292 -2.1238 0.8903
-25.2678 -19.7093 -2.3497 0.8794
-24.5435 -20.6040 -2.3496 0.8794
-17.4036 -15.7096 -1.7191 0.9103
-16.3340 -15.8451 -1.6686 0.9128
-20.1993 -21.0546 -2.1393 0.8896
-11.1010 -13.3733 -1.2744 0.9327
-10.3747 -13.4536 -1.2457 0.9341
-9.9697 -13.9362 -1.2564 0.9336
-13.8638 -29.3448 -2.3797 0.8779
-12.8109 -29.8471 -2.3815 0.8779
-11.7392 -30.3098 -2.3832 0.8778
-9.5451 -31.1133 -2.3862 0.8776
-8.4258 -31.4520 -2.3874 0.8776
-7.2940 -31.7487 -2.3885 0.8775
-3.8405 -32.3806 -2.3909 0.8774
-1.5067 -32.5825 -2.3916 0.8774
1.9069 -30.9373 -2.2727 0.8831
3.0180 -30.8613 -2.2736 0.8831
5.3714 -31.4181 -2.3371 0.8800
11.1154 -30.5509 -2.3837 0.8778
12.1968 -30.1106 -2.3820 0.8778
13.2602 -29.6303 -2.3802 0.8779
11.1605 -20.7917 -1.7302 0.9097
16.3267 -27.9575 -2.3739 0.8782
17.3028 -27.3256 -2.3715 0.8783
9.3657 -13.6780 -1.2155 0.9357
11.3008 -13.1964 -1.2739 0.9327
22.5845 -22.8287 -2.3546 0.8792
24.1106 -21.1011 -2.3493 0.8794
23.9327 -16.7684 -2.1427 0.8894
27.4921 -16.4541 -2.3492 0.8794
-21.7414 -14.3667 -2.5018 0.9006
-18.8489 -15.6106 -2.3496 0.9063
-13.6938 -13.1080 -1.8199 0.9267
-12.7787 -13.1435 -1.7599 0.9290
-11.8769 -13.1280 -1.6996 0.9313
-11.0635 -13.1489 -1.6498 0.9333
-9.4917 -14.1236 -1.6337 0.9339
-12.9125 -20.7896 -2.3496 0.9063
-11.3940 -21.6766 -2.3510 0.9063
-10.6150 -22.0862 -2.3526 0.9062
-9.0126 -22.8175 -2.3553 0.9061
-5.7460 -16.2308 -1.6530 0.9332
-6.5149 -23.6869 -2.3585 0.9060
-5.6620 -23.9141 -2.3593 0.9060
-4.8010 -24.1094 -2.3601 0.9059
-3.9330 -24.2726 -2.3607 0.9059
-3.0593 -24.4030 -2.3611 0.9059
-1.1042 -20.8668 -2.0061 0.9195
0.4668 -24.5976 -2.3619 0.9059
3.1088 -24.3969 -2.3612 0.9059
3.9822 -24.2643 -2.3607 0.9059
4.8498 -24.0992 -2.3600 0.9059
4.1765 -17.4816 -1.7256 0.9303
4.7396 -17.0963 -1.7032 0.9312
7.4056 -23.4117 -2.3574 0.9060
8.2377 -23.1197 -2.3563 0.9061
9.8653 -22.4441 -2.3537 0.9062
11.3410 -21.4698 -2.3311 0.9070
8.1065 -14.0962 -1.5611 0.9367
8.7749 -13.0001 -1.5058 0.9389
11.7872 -12.9758 -1.6830 0.9320
17.0939 -17.5106 -2.3493 0.9063
18.3067 -16.2383 -2.3493 0.9063
17.7324 -13.5854 -2.1446 0.9141
22.7393 -12.7211 -2.5015 0.9006
23.5938 -11.0559 -2.5015 0.9006
24.3265 -9.3337 -2.5015 0.9006
24.6461 -8.4540 -2.5015 0.9006
24.9337 -7.5634 -2.5015 0.9006
25.1893 -6.6630 -2.5015 0.9006
25.4123 -5.7540 -2.5015 0.9006
25.7598 -3.9150 -2.5015 0.9006
26.0315 -1.1215 -2.5015 0.9006
26.0550 -0.1859 -2.5015 0.9006
26.0449 0.7500 -2.5015 0.9006
26.0012 1.6850 -2.5015 0.9006
25.9239 2.6177 -2.5015 0.9006
23.7438 5.9195 -2.3493 0.9063
23.2578 7.6087 -2.3493 0.9063
16.7142 6.1409 -1.7095 0.9309
22.6516 9.2586 -2.3493 0.9063
22.3045 10.0662 -2.3493 0.9063
21.5245 11.6414 -2.3493 0.9063
20.6334 13.1566 -2.3493 0.9063
20.1476 13.8892 -2.3493 0.9063
19.3516 14.3924 -2.3153 0.9076
18.2349 14.6077 -2.2431 0.9104
18.0501 15.5563 -2.2877 0.9087
12.7533 14.6652 -1.8658 0.9249
12.3450 15.2705 -1.8852 0.9241
14.6914 19.5717 -2.3494 0.9063
7.9271 14.5022 -1.5867 0.9357
7.8431 21.0572 -2.1573 0.9137
7.0643 21.2725 -2.1519 0.9139
2.6022 14.5534 -1.4194 0.9423
2.0666 14.5585 -1.4117 0.9426
1.0274 14.8298 -1.4271 0.9420
-0.8590 22.2420 -2.1369 0.9144
-1.6479 14.8596 -1.4353 0.9417
-2.1931 14.8757 -1.4436 0.9414
-4.4435 14.8869 -1.4915 0.9395
-2.4116 6.3700 -0.6539 0.9730
-3.0108 5.9318 -0.6386 0.9736
-14.7976 19.4939 -2.3496 0.9063
-13.1095 14.9126 -1.9062 0.9233
-13.9010 14.7120 -1.9432 0.9219
-14.9471 14.7220 -2.0142 0.9192
-18.8915 14.9682 -2.3140 0.9077
-20.2245 13.7829 -2.3497 0.9063
-21.5897 11.5276 -2.3497 0.9063
-21.9898 10.7447 -2.3497 0.9063
-22.3615 9.9480 -2.3497 0.9063
-22.7044 9.1385 -2.3497 0.9063
-21.5825 6.9328 -2.1763 0.9129
-21.5363 6.0739 -2.1482 0.9140
-25.8259 3.4079 -2.5009 0.9006
-26.0142 1.5458 -2.5019 0.9006
-26.0529 0.6105 -2.5019 0.9006
-25.9673 -2.1953 -2.5019 0.9006
-25.5805 -4.9756 -2.5019 0.9006
-25.1573 -6.7990 -2.5019 0.9006
-24.6042 -8.5873 -2.5019 0.9006
-24.2799 -9.4654 -2.5019 0.9006
-23.1208 -12.0220 -2.5018 0.9006
-22.6741 -12.8446 -2.5018 0.9006
-22.1981 -13.6507 -2.5018 0.9006
-19.5146 -15.1175 -2.3699 0.9056
-18.7968 -15.6733 -2.3496 0.9063
-13.6183 -13.1229 -1.8157 0.9268
-12.6924 -13.1420 -1.7540 0.9292
-11.7964 -13.1266 -1.6943 0.9315
-10.2360 -13.1827 -1.6023 0.9351
-10.5420 -22.1227 -2.3527 0.9062
-9.7465 -22.5005 -2.3541 0.9062
-8.9370 -22.8485 -2.3554 0.9061
-5.6757 -16.2034 -1.6483 0.9333
-7.2807 -23.4534 -2.3576 0.9060
-4.7208 -24.1259 -2.3601 0.9059
-2.9781 -24.4134 -2.3612 0.9059
-1.0346 -20.8679 -2.0059 0.9195
1.4317 -24.5588 -2.3618 0.9059
3.1900 -24.3859 -2.3611 0.9059
4.0629 -24.2503 -2.3606 0.9059
4.9299 -24.0823 -2.3600 0.9059
4.2200 -17.4067 -1.7195 0.9306
4.8010 -17.0964 -1.7048 0.9311
7.4832 -23.3859 -2.3573 0.9060
8.1094 -13.9931 -1.5527 0.9371
8.3243 -13.2436 -1.5018 0.9391
9.5341 -12.9943 -1.5473 0.9373
10.2599 -12.9791 -1.5884 0.9357
11.0389 -12.9778 -1.6357 0.9338
11.8710 -12.9810 -1.6888 0.9318
17.1521 -17.4535 -2.3493 0.9063
21.2540 -14.9974 -2.4973 0.9007
21.8151 -14.2480 -2.5015 0.9006
22.3127 -13.4553 -2.5015 0.9006
23.2210 -11.8189 -2.5015 0.9006
23.6305 -10.9772 -2.5015 0.9006
24.6741 -8.3719 -2.5015 0.9006
24.9588 -7.4803 -2.5015 0.9006
25.4314 -5.6693 -2.5015 0.9006
25.6186 -4.7523 -2.5015 0.9006
25.7727 -3.8292 -2.5015 0.9006
25.8936 -2.9010 -2.5015 0.9006
26.0351 -1.0348 -2.5015 0.9006
26.0555 -0.0991 -2.5015 0.9006
26.0422 0.8368 -2.5015 0.9006
25.9954 1.7715 -2.5015 0.9006
25.7280 3.6227 -2.4944 0.9009
23.4933 6.8468 -2.3493 0.9063
12.4069 4.6053 -1.2705 0.9482
22.6207 9.3340 -2.3493 0.9063
22.2709 10.1405 -2.3493 0.9063
21.8924 10.9338 -2.3493 0.9063
21.4856 11.7130 -2.3493 0.9063
21.0511 12.4772 -2.3493 0.9063
20.5894 13.2252 -2.3493 0.9063
19.2193 14.3937 -2.3052 0.9080
18.1100 14.6069 -2.2337 0.9107
18.0467 15.6583 -2.2938 0.9085
14.4081 14.4400 -1.9584 0.9213
13.4172 14.4495 -1.8930 0.9238
12.6673 14.6647 -1.8604 0.9251
12.3486 15.3795 -1.8936 0.9238
14.6261 19.6198 -2.3494 0.9063
13.9121 20.1325 -2.3494 0.9063
9.3980 14.7024 -1.6752 0.9323
8.5489 14.4963 -1.6157 0.9346
7.8648 14.5028 -1.5839 0.9359
7.3413 14.7807 -1.5844 0.9358
6.9855 21.2720 -2.1495 0.9140
1.5148 14.8348 -1.4316 0.9418
0.6651 22.2274 -2.1349 0.9145
-0.9332 22.2428 -2.1373 0.9144
-1.6661 21.3570 -2.0566 0.9175
-1.6982 14.8611 -1.4360 0.9417
-2.7426 14.6048 -1.4266 0.9420
-3.9214 14.8924 -1.4785 0.9400
-2.4260 6.3442 -0.6521 0.9731
-2.7734 5.9359 -0.6290 0.9740
-3.0354 5.9314 -0.6397 0.9736
-8.1780 14.6570 -1.6114 0.9348
-8.8870 14.6638 -1.6461 0.9334
-9.7702 14.8872 -1.7095 0.9309
-14.1545 19.9657 -2.3496 0.9063
-14.8624 19.4445 -2.3496 0.9063
-12.7485 15.4922 -1.9262 0.9225
-15.0480 14.7230 -2.0211 0.9189
-18.4609 15.6327 -2.3224 0.9074
-19.0257 14.9716 -2.3243 0.9073
-21.6280 11.4556 -2.3497 0.9063
-22.0255 10.6714 -2.3497 0.9063
-22.7348 9.0629 -2.3497 0.9063
-21.4654 5.1538 -2.1193 0.9151
-24.1470 3.9908 -2.3497 0.9063
-25.8473 3.3232 -2.5019 0.9006
-26.0251 -1.3479 -2.5019 0.9006
-25.8612 -3.2126 -2.5019 0.9006
-25.7291 -4.1394 -2.5019 0.9006
-25.3655 -5.9756 -2.5019 0.9006
-24.5755 -8.6692 -2.5019 0.9006
-21.6452 -14.5112 -2.5018 0.9006
-19.3832 -15.1192 -2.3600 0.9059
-13.5159 -13.1113 -1.8078 0.9271
-12.6067 -13.1405 -1.7482 0.9294
-12.7737 -20.8751 -2.3495 0.9063
-12.0166 -21.3220 -2.3497 0.9063
-11.2508 -21.7547 -2.3513 0.9063
-9.6720 -22.5340 -2.3542 0.9062
-8.8613 -22.8793 -2.3555 0.9061
-7.2028 -23.4784 -2.3577 0.9060
-6.3575 -23.7314 -2.3587 0.9060
-5.5030 -23.9528 -2.3595 0.9060
-4.6405 -24.1421 -2.3602 0.9059
-3.7714 -24.2992 -2.3608 0.9059
-2.0180 -24.5155 -2.3616 0.9059
2.3941 -24.4807 -2.3615 0.9059
3.2712 -24.3747 -2.3611 0.9059
4.1436 -24.2361 -2.3605 0.9059
5.0100 -24.0651 -2.3599 0.9059
4.2631 -17.3323 -1.7136 0.9308
4.8625 -17.0965 -1.7064 0.9311
7.5607 -23.3599 -2.3572 0.9060
8.3907 -23.0621 -2.3561 0.9061
9.2087 -22.7338 -2.3548 0.9061
10.0134 -22.3754 -2.3534 0.9062
10.8038 -21.9875 -2.3520 0.9062
8.1322 -13.9255 -1.5482 0.9373
8.3572 -13.1981 -1.4997 0.9392
8.9049 -13.0050 -1.5132 0.9386
17.8238 -16.7669 -2.3493 0.9063
16.4646 -14.4095 -2.1005 0.9158
17.2109 -14.0036 -2.1302 0.9147
21.8624 -14.1753 -2.5015 0.9006
22.8235 -12.5693 -2.5015 0.9006
-17.9773 -10.9728 -2.5018 0.9187
-17.5716 -11.6113 -2.5018 0.9187
-17.1432 -12.2349 -2.5018 0.9187
-16.2206 -13.4339 -2.5018 0.9187
-13.6894 -13.1037 -2.2510 0.9265
-11.8771 -13.1283 -2.1029 0.9312
-11.0478 -13.1302 -2.0383 0.9332
-10.3859 -13.2843 -2.0030 0.9343
-9.4473 -14.0576 -2.0119 0.9341
-10.4360 -16.8024 -2.3495 0.9234
-7.9223 -18.1235 -2.3495 0.9234
-7.2663 -18.3963 -2.3495 0.9234
-5.9269 -18.8703 -2.3495 0.9234
-5.2454 -19.0710 -2.3495 0.9234
-4.5570 -19.2470 -2.3495 0.9234
-3.8628 -19.3982 -2.3495 0.9234
-3.1636 -19.5244 -2.3495 0.9234
-2.4604 -19.6254 -2.3495 0.9234
-1.0452 -19.7513 -2.3495 0.9234
-0.3352 -19.7760 -2.3495 0.9234
1.0853 -19.7490 -2.3494 0.9234
1.7939 -19.6972 -2.3494 0.9234
2.5001 -19.6200 -2.3494 0.9234
3.5263 -17.5223 -2.1231 0.9305
3.9059 -16.3490 -1.9967 0.9345
5.8170 -16.3258 -2.0587 0.9326
7.9586 -18.1064 -2.3494 0.9234
8.6038 -17.8089 -2.3494 0.9234
8.1520 -13.0658 -1.8293 0.9399
9.4429 -12.9603 -1.9048 0.9374
10.1894 -12.9785 -1.9600 0.9357
10.9712 -12.9855 -2.0193 0.9338
11.7853 -12.9737 -2.0820 0.9318
14.6761 -15.0339 -2.4957 0.9189
15.2425 -14.5312 -2.5015 0.9187
15.7545 -13.9744 -2.5015 0.9187
16.2462 -13.3995 -2.5015 0.9187
17.1661 -12.1987 -2.5015 0.9187
18.3786 -10.2815 -2.5015 0.9187
18.7360 -9.6148 -2.5015 0.9187
19.3778 -8.2451 -2.5015 0.9187
19.6615 -7.5438 -2.5015 0.9187
19.9197 -6.8328 -2.5015 0.9187
20.1522 -6.1130 -2.5015 0.9187
20.3587 -5.3852 -2.5015 0.9187
20.5390 -4.6506 -2.5015 0.9187
20.6928 -3.9099 -2.5015 0.9187
20.8199 -3.1642 -2.5015 0.9187
20.9201 -2.4144 -2.5015 0.9187
21.0395 -0.9064 -2.5015 0.9187
20.8630 2.8669 -2.5015 0.9187
19.3499 4.0920 -2.3493 0.9234
19.1905 4.7844 -2.3493 0.9234
16.0147 5.2392 -2.0015 0.9344
16.0201 5.8859 -2.0273 0.9336
16.0257 6.5503 -2.0565 0.9326
16.0314 7.2351 -2.0893 0.9316
16.6764 10.6335 -2.3494 0.9234
16.2838 11.2256 -2.3494 0.9234
15.4360 12.3656 -2.3494 0.9234
14.9820 12.9120 -2.3494 0.9234
14.5086 13.4418 -2.3494 0.9234
13.5063 14.4486 -2.3494 0.9234
12.7521 14.6639 -2.3084 0.9247
12.3458 15.2715 -2.3327 0.9239
9.4652 14.6994 -2.0768 0.9320
8.6137 14.4956 -2.0029 0.9343
7.9271 14.5022 -1.9632 0.9356
7.3733 14.7220 -1.9558 0.9358
6.6209 15.9946 -2.0563 0.9326
6.9037 18.5349 -2.3495 0.9234
4.3139 14.7407 -1.8244 0.9400
3.7485 14.7553 -1.8084 0.9405
3.0365 14.0492 -1.7074 0.9437
2.6022 14.5534 -1.7562 0.9422
2.0666 14.5585 -1.7467 0.9425
1.5586 14.7767 -1.7650 0.9419
0.6574 19.7684 -2.3495 0.9234
-0.0530 19.7793 -2.3495 0.9234
-0.7634 19.7647 -2.3495 0.9234
-2.1843 14.8160 -1.7790 0.9415
-2.6922 14.6043 -1.7640 0.9419
-6.3343 18.7382 -2.3496 0.9234
-2.4080 6.3606 -0.8079 0.9730
-2.7488 5.9347 -0.7769 0.9740
-3.0099 5.9302 -0.7900 0.9736
-8.8199 14.6631 -2.0326 0.9334
-9.6989 14.8864 -2.1105 0.9309
-10.4755 14.8812 -2.1617 0.9293
-13.0597 14.8560 -2.3496 0.9234
-13.5848 14.3774 -2.3496 0.9234
-15.0525 12.8328 -2.3496 0.9234
-15.5037 12.2840 -2.3496 0.9234
-15.9349 11.7192 -2.3496 0.9234
-17.4489 9.3166 -2.3496 0.9234
-19.0378 5.3692 -2.3496 0.9234
-19.3741 3.9888 -2.3496 0.9234
-20.7479 3.5001 -2.4994 0.9187
-20.9663 2.0037 -2.5019 0.9187
-21.0248 1.2493 -2.5019 0.9187
-20.9869 -1.7742 -2.5018 0.9187
-20.8054 -3.2762 -2.5018 0.9187
-20.6743 -4.0213 -2.5018 0.9187
-20.5165 -4.7612 -2.5018 0.9187
-20.3322 -5.4950 -2.5018 0.9187
-19.6232 -7.6500 -2.5018 0.9187
-16.6498 -12.8982 -2.5018 0.9187
-13.6289 -13.1331 -2.2482 0.9266
-12.7058 -13.1558 -2.1726 0.9290
-11.7946 -13.1246 -2.0961 0.9314
-10.9741 -13.1312 -2.0328 0.9334
-10.2167 -13.1578 -1.9788 0.9351
-9.6150 -13.3461 -1.9539 0.9359
-9.4518 -14.1660 -2.0229 0.9337
-10.3800 -16.8371 -2.3495 0.9234
-9.1445 -17.5387 -2.3495 0.9234
-8.5087 -17.8558 -2.3495 0.9234
-5.6761 -16.2044 -2.0395 0.9332
-4.4929 -19.2621 -2.3495 0.9234
-3.0986 -19.5348 -2.3495 0.9234
-2.3950 -19.6335 -2.3495 0.9234
-1.6883 -19.7068 -2.3495 0.9234
-0.9794 -19.7546 -2.3495 0.9234
0.4412 -19.7739 -2.3494 0.9234
2.5655 -19.6116 -2.3494 0.9234
3.2682 -19.5068 -2.3494 0.9234
3.5269 -17.2288 -2.0890 0.9316
4.5916 -16.3506 -2.0173 0.9339
5.2324 -16.3520 -2.0394 0.9332
7.3644 -18.3562 -2.3494 0.9234
8.0189 -18.0798 -2.3494 0.9234
9.2960 -17.4575 -2.3494 0.9234
7.9318 -13.6867 -1.8791 0.9383
8.1902 -13.0301 -1.8282 0.9399
11.0438 -12.9835 -2.0247 0.9336
11.9384 -13.0546 -2.1014 0.9312
14.7306 -14.9895 -2.4964 0.9188
15.8009 -13.9219 -2.5015 0.9187
16.7596 -12.7517 -2.5015 0.9187
17.2067 -12.1415 -2.5015 0.9187
18.4127 -10.2203 -2.5015 0.9187
18.7679 -9.5524 -2.5015 0.9187
19.4052 -8.1805 -2.5015 0.9187
19.9423 -6.7664 -2.5015 0.9187
20.1725 -6.0458 -2.5015 0.9187
20.7057 -3.8410 -2.5015 0.9187
20.8303 -3.0948 -2.5015 0.9187
21.0424 -0.8364 -2.5015 0.9187
21.0589 -0.0801 -2.5015 0.9187
21.0103 1.4318 -2.5015 0.9187
20.9453 2.1855 -2.5015 0.9187
20.8533 2.9363 -2.5015 0.9187
19.3362 4.1565 -2.3493 0.9234
16.0262 6.6129 -2.0594 0.9325
17.3652 9.4668 -2.3494 0.9234
16.6409 10.6890 -2.3494 0.9234
15.8308 11.8560 -2.3494 0.9234
14.9389 12.9619 -2.3494 0.9234
14.4638 13.4900 -2.3494 0.9234
13.9700 14.0008 -2.3494 0.9234
12.6661 14.6633 -2.3016 0.9249
12.3493 15.3804 -2.3430 0.9236
11.8212 15.8572 -2.3494 0.9234
11.2441 16.2715 -2.3494 0.9234
8.5489 14.4963 -1.9991 0.9345
7.8649 14.5028 -1.9597 0.9357
7.3119 14.7216 -1.9525 0.9359
6.6620 14.7174 -1.9190 0.9370
6.1710 18.7916 -2.3495 0.9234
2.9855 14.0395 -1.7050 0.9438
2.0173 14.5590 -1.7459 0.9425
1.5088 14.7764 -1.7644 0.9419
0.9740 14.7729 -1.7586 0.9421
0.5916 19.7705 -2.3495 0.9234
-0.1189 19.7790 -2.3495 0.9234
-1.6916 14.8033 -1.7699 0.9417
-2.7426 14.6048 -1.7652 0.9419
-3.2908 14.6100 -1.7789 0.9415
-6.3967 18.7172 -2.3496 0.9234
-3.0346 5.9298 -0.7913 0.9735
-8.1780 14.6570 -1.9937 0.9346
-8.8870 14.6638 -2.0368 0.9333
-9.7694 14.8859 -2.1150 0.9308
-11.4398 16.1364 -2.3496 0.9234
-12.5686 15.2737 -2.3496 0.9234
-13.1091 14.8124 -2.3496 0.9234
-14.6263 13.3165 -2.3496 0.9234
-15.0952 12.7826 -2.3496 0.9234
-15.9739 11.6661 -2.3496 0.9234
-17.4798 9.2585 -2.3496 0.9234
-17.8011 8.6247 -2.3496 0.9234
-10.0542 4.4328 -1.3052 0.9567
-18.8527 5.9868 -2.3496 0.9234
-20.8899 2.6858 -2.5019 0.9187
-21.0576 0.4233 -2.5018 0.9187
-21.0592 -0.3333 -2.5018 0.9187
-20.9011 -2.5965 -2.5018 0.9187
-20.7944 -3.3455 -2.5018 0.9187
-20.1009 -6.2887 -2.5018 0.9187
-19.8621 -7.0065 -2.5018 0.9187
-19.5976 -7.7153 -2.5018 0.9187
-18.9931 -9.1022 -2.5018 0.9187
-17.4939 -11.7281 -2.5018 0.9187
-17.0613 -12.3488 -2.5018 0.9187
-16.6068 -12.9536 -2.5018 0.9187
-15.6340 -14.1122 -2.5018 0.9187
-12.6192 -13.1536 -2.1652 0.9292
-11.7126 -13.1211 -2.0892 0.9316
-10.3239 -16.8716 -2.3495 0.9234
-9.0861 -17.5690 -2.3495 0.9234
-8.4492 -17.8840 -2.3495 0.9234
-7.8014 -18.1759 -2.3495 0.9234
-5.6108 -16.1908 -2.0354 0.9333
-5.1182 -19.1055 -2.3495 0.9234
-3.0335 -19.5451 -2.3495 0.9234
-0.2034 -19.7778 -2.3495 0.9234
0.5070 -19.7723 -2.3494 0.9234
1.2168 -19.7413 -2.3494 0.9234
1.9250 -19.6848 -2.3494 0.9234
3.3331 -19.4958 -2.3494 0.9234
5.2926 -16.3522 -2.0416 0.9331
7.4255 -18.3315 -2.3494 0.9234
8.0791 -18.0530 -2.3494 0.9234
8.7222 -17.7512 -2.3494 0.9234
7.9443 -13.6037 -1.8713 0.9385
8.2306 -12.9981 -1.8275 0.9399
11.9767 -13.0093 -2.1005 0.9312
15.8472 -13.8692 -2.5015 0.9187
16.8019 -12.6958 -2.5015 0.9187
17.2470 -12.0841 -2.5015 0.9187
17.6699 -11.4569 -2.5015 0.9187
18.0699 -10.8149 -2.5015 0.9187
18.4467 -10.1589 -2.5015 0.9187
-15.0713 -9.1990 -2.5018 0.9312
-14.7311 -9.7343 -2.5018 0.9312
-13.5986 -11.2623 -2.5018 0.9312
-12.7550 -12.2094 -2.5018 0.9312
-10.3685 -14.2915 -2.5017 0.9312
-9.8474 -14.6530 -2.5015 0.9312
-7.9367 -15.0994 -2.4170 0.9334
-7.2605 -15.1066 -2.3748 0.9345
-6.6417 -15.1939 -2.3495 0.9352
-4.9689 -15.8200 -2.3495 0.9352
-4.3975 -15.9883 -2.3495 0.9352
-3.8204 -16.1358 -2.3495 0.9352
-3.2384 -16.2626 -2.3495 0.9352
-1.4704 -16.5165 -2.3495 0.9352
-0.8763 -16.5586 -2.3495 0.9352
-0.2810 -16.5794 -2.3495 0.9352
0.9099 -16.5567 -2.3494 0.9352
1.5039 -16.5133 -2.3494 0.9352
2.0960 -16.4486 -2.3494 0.9352
2.6854 -16.3627 -2.3494 0.9352
3.2714 -16.2557 -2.3494 0.9352
3.8531 -16.1277 -2.3494 0.9352
4.4298 -15.9788 -2.3494 0.9352
5.0008 -15.8094 -2.3494 0.9352
6.1227 -15.4096 -2.3494 0.9352
6.6722 -15.1797 -2.3494 0.9352
7.9674 -15.0832 -2.4170 0.9334
7.9532 -13.8296 -2.2604 0.9376
8.1298 -13.0303 -2.1761 0.9398
8.7346 -12.9404 -2.2121 0.9389
10.9026 -13.8869 -2.5016 0.9312
11.3943 -13.4863 -2.5016 0.9312
11.8713 -13.0684 -2.5016 0.9312
13.2080 -11.7156 -2.5016 0.9312
13.6202 -11.2337 -2.5016 0.9312
14.3915 -10.2270 -2.5015 0.9312
14.7495 -9.7035 -2.5015 0.9312
15.0885 -9.1675 -2.5015 0.9312
15.7076 -8.0607 -2.5015 0.9312
15.9869 -7.4914 -2.5015 0.9312
16.2457 -6.9124 -2.5015 0.9312
16.4835 -6.3245 -2.5015 0.9312
17.0681 -4.5148 -2.5015 0.9312
17.4547 -2.6528 -2.5015 0.9312
17.6547 -0.1259 -2.5015 0.9312
17.6182 1.1417 -2.5015 0.9312
17.4908 2.4035 -2.5015 0.9312
17.3932 3.0301 -2.5015 0.9312
17.2316 3.6440 -2.4955 0.9313
15.9342 4.5863 -2.3494 0.9352
15.7592 5.1556 -2.3494 0.9352
12.3060 4.5213 -1.8576 0.9484
15.3485 6.2735 -2.3494 0.9352
15.1133 6.8208 -2.3494 0.9352
14.5847 7.8881 -2.3494 0.9352
13.9809 8.9147 -2.3494 0.9352
12.5603 10.8249 -2.3494 0.9352
10.8808 12.5121 -2.3494 0.9352
9.4720 13.6099 -2.3494 0.9352
8.9771 13.9413 -2.3494 0.9352
7.3728 14.7208 -2.3328 0.9357
3.0366 14.0499 -2.0367 0.9436
2.6022 14.5534 -2.0948 0.9420
1.5585 14.7757 -2.1052 0.9417
1.0234 14.7722 -2.0981 0.9419
-0.0444 16.5821 -2.3495 0.9352
-0.6400 16.5698 -2.3495 0.9352
-1.2347 16.5362 -2.3495 0.9352
-1.6414 14.8010 -2.1100 0.9416
-3.2396 14.6095 -2.1203 0.9413
-4.4260 14.8285 -2.1926 0.9394
-2.4045 6.3512 -0.9622 0.9729
-2.5557 6.0816 -0.9347 0.9737
-3.0091 5.9285 -0.9420 0.9735
-8.0315 14.5078 -2.3496 0.9352
-9.0522 13.8938 -2.3496 0.9352
-10.0266 13.2091 -2.3496 0.9352
-10.4942 12.8397 -2.3496 0.9352
-11.3888 12.0533 -2.3496 0.9352
-11.8144 11.6365 -2.3496 0.9352
-12.2247 11.2046 -2.3496 0.9352
-12.6192 10.7584 -2.3496 0.9352
-13.3590 9.8248 -2.3496 0.9352
-14.6282 7.8106 -2.3496 0.9352
-15.3835 6.1918 -2.3496 0.9352
-15.5960 5.6354 -2.3496 0.9352
-15.7883 5.0716 -2.3496 0.9352
-15.9603 4.5013 -2.3496 0.9352
-16.1116 3.9252 -2.3496 0.9352
-17.4111 2.9372 -2.5018 0.9312
-17.5054 2.3100 -2.5018 0.9312
-17.5770 1.6798 -2.5018 0.9312
-17.6523 0.4137 -2.5018 0.9312
-17.6557 -0.2206 -2.5018 0.9312
-17.6364 -0.8546 -2.5018 0.9312
-17.3322 -3.3713 -2.5018 0.9312
-16.8690 -5.2159 -2.5018 0.9312
-16.2101 -7.0001 -2.5018 0.9312
-15.3630 -8.7030 -2.5018 0.9312
-14.3377 -10.3049 -2.5018 0.9312
-13.9584 -10.8132 -2.5018 0.9312
-12.7143 -12.2518 -2.5018 0.9312
-11.3226 -13.5482 -2.5017 0.9312
-10.2007 -13.1373 -2.3567 0.9350
-9.7966 -14.6828 -2.5010 0.9312
-9.2434 -14.9935 -2.4957 0.9313
-8.5719 -15.0920 -2.4592 0.9323
-7.1990 -15.1072 -2.3711 0.9346
-6.0403 -15.4428 -2.3495 0.9352
-4.9162 -15.8365 -2.3495 0.9352
-4.3442 -16.0028 -2.3495 0.9352
-3.7667 -16.1485 -2.3495 0.9352
-1.4154 -16.5213 -2.3495 0.9352
-0.2258 -16.5802 -2.3495 0.9352
0.3699 -16.5776 -2.3495 0.9352
0.9650 -16.5536 -2.3494 0.9352
3.3255 -16.2447 -2.3494 0.9352
6.1740 -15.3891 -2.3494 0.9352
6.7227 -15.1574 -2.3494 0.9352
8.0317 -15.0831 -2.4212 0.9333
8.8474 -13.0137 -2.2297 0.9384
9.5142 -12.9672 -2.2788 0.9371
10.9488 -13.8505 -2.5016 0.9312
11.9147 -13.0288 -2.5016 0.9312
12.8192 -12.1398 -2.5016 0.9312
13.6576 -11.1883 -2.5016 0.9312
14.0506 -10.6905 -2.5016 0.9312
14.7817 -9.6543 -2.5015 0.9312
15.1189 -9.1172 -2.5015 0.9312
15.4366 -8.5683 -2.5015 0.9312
15.7344 -8.0084 -2.5015 0.9312
16.2686 -6.8582 -2.5015 0.9312
16.7189 -5.6727 -2.5015 0.9312
16.9119 -5.0686 -2.5015 0.9312
17.2321 -3.8415 -2.5015 0.9312
17.5598 1.8322 -2.5015 0.9312
17.4827 2.4617 -2.5015 0.9312
17.2128 3.7000 -2.4946 0.9313
15.9188 4.6393 -2.3494 0.9352
15.3275 6.3246 -2.3494 0.9352
14.5584 7.9366 -2.3494 0.9352
13.6203 9.4565 -2.3494 0.9352
13.2719 9.9396 -2.3494 0.9352
12.9064 10.4099 -2.3494 0.9352
12.1259 11.3095 -2.3494 0.9352
11.7119 11.7378 -2.3494 0.9352
11.2828 12.1508 -2.3494 0.9352
10.3814 12.9295 -2.3494 0.9352
9.9104 13.2940 -2.3494 0.9352
8.9306 13.9712 -2.3494 0.9352
8.4231 14.2829 -2.3494 0.9352
7.8648 14.5028 -2.3376 0.9355
7.3113 14.7204 -2.3288 0.9358
6.2910 15.3420 -2.3495 0.9352
5.1735 15.7541 -2.3495 0.9352
4.2608 14.7410 -2.1741 0.9399
3.6963 14.7556 -2.1553 0.9404
2.9856 14.0400 -2.0338 0.9437
2.5523 14.5539 -2.0936 0.9421
2.0173 14.5590 -2.0826 0.9423
1.5087 14.7753 -2.1044 0.9418
0.9739 14.7718 -2.0976 0.9419
0.4959 16.5746 -2.3495 0.9352
-0.6951 16.5676 -2.3495 0.9352
-1.2897 16.5320 -2.3495 0.9352
-1.6915 14.8023 -2.1110 0.9416
-3.2909 14.6100 -2.1219 0.9413
-3.9055 14.8319 -2.1732 0.9399
-4.4798 14.8281 -2.1948 0.9393
-2.7719 5.9326 -0.9278 0.9739
-9.5905 13.5280 -2.3496 0.9352
-10.0705 13.1755 -2.3496 0.9352
-10.5369 12.8046 -2.3496 0.9352
-10.9900 12.4180 -2.3496 0.9352
-11.8531 11.5971 -2.3496 0.9352
-12.6550 10.7163 -2.3496 0.9352
-13.0317 10.2549 -2.3496 0.9352
-13.7343 9.2930 -2.3496 0.9352
-14.3659 8.2831 -2.3496 0.9352
-15.6146 5.5834 -2.3496 0.9352
-15.9752 4.4481 -2.3496 0.9352
-16.1246 3.8715 -2.3496 0.9352
-17.6549 -0.2794 -2.5018 0.9312
-17.4329 -2.8047 -2.5018 0.9312
-17.1866 -4.0488 -2.5018 0.9312
-17.0300 -4.6635 -2.5018 0.9312
-16.8516 -5.2721 -2.5018 0.9312
-16.6513 -5.8739 -2.5018 0.9312
-16.4296 -6.4681 -2.5018 0.9312
-15.6385 -8.1978 -2.5018 0.9312
-15.3340 -8.7541 -2.5018 0.9312
-15.0096 -9.2992 -2.5018 0.9312
-14.6659 -9.8322 -2.5018 0.9312
-14.3033 -10.3526 -2.5018 0.9312
-13.5232 -11.3526 -2.5018 0.9312
-13.1068 -11.8310 -2.5018 0.9312
-12.6734 -12.2940 -2.5018 0.9312
-12.2236 -12.7413 -2.5018 0.9312
-11.7581 -13.1720 -2.5018 0.9312
-10.1330 -13.1402 -2.3511 0.9352
-10.2731 -14.3603 -2.5017 0.9312
-9.1917 -15.0213 -2.4952 0.9313
-8.5060 -15.0928 -2.4547 0.9324
-7.8096 -15.1008 -2.4088 0.9336
-7.1376 -15.1079 -2.3675 0.9347
-6.5403 -15.2378 -2.3495 0.9352
-5.9888 -15.4628 -2.3495 0.9352
-4.8634 -15.8528 -2.3495 0.9352
-3.1300 -16.2838 -2.3495 0.9352
-0.7660 -16.5641 -2.3495 0.9352
-0.1706 -16.5809 -2.3495 0.9352
0.4251 -16.5762 -2.3495 0.9352
1.0201 -16.5503 -2.3494 0.9352
2.0957 -15.6162 -2.2325 0.9383
3.3796 -16.2335 -2.3494 0.9352
5.1060 -15.7757 -2.3494 0.9352
5.6693 -15.5822 -2.3494 0.9352
6.2252 -15.3685 -2.3494 0.9352
6.7732 -15.1349 -2.3494 0.9352
11.4838 -13.4101 -2.5016 0.9312
11.9581 -12.9890 -2.5016 0.9312
12.8596 -12.0971 -2.5016 0.9312
13.2857 -11.6274 -2.5016 0.9312
13.6948 -11.1427 -2.5016 0.9312
14.4593 -10.1309 -2.5015 0.9312
14.8138 -9.6050 -2.5015 0.9312
15.1492 -9.0668 -2.5015 0.9312
15.7609 -7.9559 -2.5015 0.9312
-12.9624 -7.9119 -2.5018 0.9403
-11.3404 -10.1003 -2.5018 0.9403
-10.1882 -11.2614 -2.5017 0.9403
-8.9177 -12.2918 -2.5017 0.9403
-8.4704 -12.6042 -2.5017 0.9403
-8.0123 -12.9002 -2.5017 0.9403
-6.5783 -13.6871 -2.5017 0.9403
-6.0824 -13.9145 -2.5017 0.9403
-4.0269 -14.6410 -2.5015 0.9403
-3.4956 -14.7638 -2.4994 0.9403
-2.4235 -14.9564 -2.4960 0.9404
-1.8838 -15.0264 -2.4948 0.9405
-1.3414 -15.0678 -2.4921 0.9405
-0.7973 -15.0658 -2.4854 0.9407
-0.2553 -15.0628 -2.4818 0.9408
0.2858 -15.0594 -2.4813 0.9408
0.8274 -15.0555 -2.4840 0.9407
2.4535 -14.9493 -2.4957 0.9404
5.0968 -14.3044 -2.5016 0.9403
7.5702 -13.1637 -2.5016 0.9403
8.0381 -12.8833 -2.5016 0.9403
8.4956 -12.5863 -2.5016 0.9403
9.3772 -11.9439 -2.5016 0.9403
9.8001 -11.5994 -2.5016 0.9403
10.6074 -10.8660 -2.5016 0.9403
11.7146 -9.6620 -2.5016 0.9403
12.6859 -8.3459 -2.5016 0.9403
12.9774 -7.8849 -2.5016 0.9403
13.2522 -7.4137 -2.5016 0.9403
14.3634 -4.9269 -2.5016 0.9403
14.6801 -3.8831 -2.5016 0.9403
14.8101 -3.3534 -2.5016 0.9403
14.9209 -2.8193 -2.5016 0.9403
15.0126 -2.2816 -2.5016 0.9403
15.0848 -1.7409 -2.5016 0.9403
15.1376 -1.1981 -2.5016 0.9403
15.0436 2.0672 -2.5016 0.9403
14.6991 3.6646 -2.4956 0.9404
13.7359 3.9535 -2.3547 0.9437
12.9988 5.8665 -2.3494 0.9438
12.5441 6.7844 -2.3494 0.9438
12.0248 7.6674 -2.3494 0.9438
11.4434 8.5109 -2.3494 0.9438
11.1304 8.9164 -2.3494 0.9438
10.4616 9.6924 -2.3494 0.9438
10.1068 10.0619 -2.3494 0.9438
9.7389 10.4184 -2.3494 0.9438
8.9659 11.0906 -2.3494 0.9438
8.5618 11.4055 -2.3494 0.9438
7.7210 11.9907 -2.3494 0.9438
6.8404 12.5140 -2.3494 0.9438
5.9245 12.9729 -2.3495 0.9438
5.4547 13.1773 -2.3495 0.9438
3.5116 13.8227 -2.3495 0.9438
3.0129 13.9399 -2.3495 0.9438
2.5103 14.0392 -2.3495 0.9438
1.4960 14.1832 -2.3495 0.9438
0.9856 14.2278 -2.3495 0.9438
0.4740 14.2541 -2.3495 0.9438
-0.0382 14.2619 -2.3495 0.9438
-0.5504 14.2514 -2.3495 0.9438
-1.0619 14.2224 -2.3495 0.9438
-1.5720 14.1751 -2.3495 0.9438
-3.5857 13.8040 -2.3495 0.9438
-4.0792 13.6664 -2.3495 0.9438
-4.5674 13.5111 -2.3495 0.9438
-2.5521 6.0728 -1.0852 0.9736
-2.7473 5.9314 -1.0769 0.9738
-3.0082 5.9268 -1.0949 0.9734
-6.9077 12.4778 -2.3496 0.9438
-7.3514 12.2217 -2.3496 0.9438
-9.4166 10.7118 -2.3496 0.9438
-10.1613 10.0082 -2.3496 0.9438
-10.5142 9.6369 -2.3496 0.9438
-11.1788 8.8573 -2.3496 0.9438
-11.4898 8.4501 -2.3496 0.9438
-11.7858 8.0320 -2.3496 0.9438
-12.0667 7.6035 -2.3496 0.9438
-12.8146 6.2615 -2.3496 0.9438
-10.0552 4.4733 -1.8130 0.9564
-13.2310 5.3255 -2.3496 0.9438
-13.4137 4.8468 -2.3496 0.9438
-15.1823 0.3558 -2.5018 0.9403
-15.0767 -1.8220 -2.5018 0.9403
-14.7933 -3.4330 -2.5018 0.9403
-14.6604 -3.9621 -2.5018 0.9403
-14.5086 -4.4861 -2.5018 0.9403
-14.3382 -5.0043 -2.5018 0.9403
-14.1491 -5.5160 -2.5018 0.9403
-13.9419 -6.0206 -2.5018 0.9403
-13.7167 -6.5174 -2.5018 0.9403
-13.4737 -7.0059 -2.5018 0.9403
-12.3316 -8.8630 -2.5018 0.9403
-12.0053 -9.3002 -2.5018 0.9403
-11.6635 -9.7254 -2.5018 0.9403
-10.9353 -10.5375 -2.5018 0.9403
-10.1506 -11.2952 -2.5017 0.9403
-9.7384 -11.6525 -2.5017 0.9403
-8.8767 -12.3215 -2.5017 0.9403
-7.4999 -13.2047 -2.5017 0.9403
-7.0208 -13.4655 -2.5017 0.9403
-6.5326 -13.7090 -2.5017 0.9403
-6.0361 -13.9347 -2.5017 0.9403
-5.5317 -14.1425 -2.5017 0.9403
-5.0202 -14.3320 -2.5017 0.9403
-4.5022 -14.5031 -2.5017 0.9403
-3.4461 -14.7743 -2.4992 0.9404
-2.9112 -14.8777 -2.4974 0.9404
-2.3735 -14.9637 -2.4959 0.9404
-1.2908 -15.0676 -2.4913 0.9405
-0.7469 -15.0656 -2.4849 0.9407
-0.2051 -15.0625 -2.4816 0.9408
0.3360 -15.0591 -2.4814 0.9408
0.8776 -15.0551 -2.4844 0.9407
4.6279 -14.4629 -2.5016 0.9403
5.6542 -14.0934 -2.5016 0.9403
7.1372 -13.4034 -2.5016 0.9403
8.0810 -12.8565 -2.5016 0.9403
8.9830 -12.2432 -2.5016 0.9403
9.4169 -11.9126 -2.5016 0.9403
9.8387 -11.5667 -2.5016 0.9403
10.2477 -11.2059 -2.5016 0.9403
10.6436 -10.8306 -2.5016 0.9403
11.0257 -10.4413 -2.5016 0.9403
11.7467 -9.6229 -2.5016 0.9403
12.4072 -8.7548 -2.5016 0.9403
12.7136 -8.3036 -2.5016 0.9403
13.5329 -6.8879 -2.5016 0.9403
13.7716 -6.3974 -2.5016 0.9403
13.9924 -5.8987 -2.5016 0.9403
14.9302 -2.7696 -2.5016 0.9403
15.0905 -1.6907 -2.5016 0.9403
15.1415 -1.1476 -2.5016 0.9403
15.1771 0.4877 -2.5016 0.9403
14.9509 2.6560 -2.5016 0.9403
14.6820 3.7123 -2.4948 0.9405
13.5395 4.4794 -2.3494 0.9438
13.1830 5.4397 -2.3494 0.9438
12.9791 5.9097 -2.3494 0.9438
12.7586 6.3721 -2.3494 0.9438
12.5215 6.8262 -2.3494 0.9438
11.9992 7.7074 -2.3494 0.9438
11.4150 8.5489 -2.3494 0.9438
11.1006 8.9534 -2.3494 0.9438
10.7719 9.3463 -2.3494 0.9438
9.3226 10.7926 -2.3494 0.9438
8.9289 11.1204 -2.3494 0.9438
8.1077 11.7327 -2.3494 0.9438
7.6811 12.0164 -2.3494 0.9438
7.2445 12.2845 -2.3494 0.9438
6.3440 12.7729 -2.3495 0.9438
4.9334 13.3812 -2.3495 0.9438
3.4655 13.8343 -2.3495 0.9438
2.4635 14.0475 -2.3495 0.9438
1.9574 14.1269 -2.3495 0.9438
0.4265 14.2556 -2.3495 0.9438
-0.0857 14.2617 -2.3495 0.9438
-0.5979 14.2494 -2.3495 0.9438
-1.1093 14.2188 -2.3495 0.9438
-2.1271 14.1025 -2.3495 0.9438
-7.3921 12.1971 -2.3496 0.9438
-9.0625 11.0130 -2.3496 0.9438
-9.8297 10.3341 -2.3496 0.9438
-10.1945 9.9743 -2.3496 0.9438
-10.8843 9.2168 -2.3496 0.9438
-11.5178 8.4117 -2.3496 0.9438
-12.0920 7.5633 -2.3496 0.9438
-12.6037 6.6757 -2.3496 0.9438
-13.2486 5.2814 -2.3496 0.9438
-13.4298 4.8021 -2.3496 0.9438
-13.5936 4.3167 -2.3496 0.9438
-13.7771 3.8361 -2.3560 0.9437
-14.7486 3.5411 -2.4987 0.9404
-14.8846 3.0128 -2.5018 0.9403
-15.0625 1.9366 -2.5018 0.9403
-15.1626 0.8503 -2.5018 0.9403
-15.1834 0.3052 -2.5018 0.9403
-15.1845 -0.2403 -2.5018 0.9403
-15.0706 -1.8722 -2.5018 0.9403
-14.6471 -4.0109 -2.5018 0.9403
-14.3214 -5.0520 -2.5018 0.9403
-13.9218 -6.0670 -2.5018 0.9403
-13.4503 -7.0507 -2.5018 0.9403
-12.6139 -8.4565 -2.5018 0.9403
-10.9001 -10.5738 -2.5018 0.9403
-9.2736 -12.0257 -2.5017 0.9403
-7.4559 -13.2296 -2.5017 0.9403
-6.9759 -13.4888 -2.5017 0.9403
-5.4846 -14.1608 -2.5017 0.9403
-4.9724 -14.3487 -2.5017 0.9403
-4.4539 -14.5180 -2.5017 0.9403
-3.3966 -14.7846 -2.4991 0.9404
-1.7835 -15.0374 -2.4946 0.9405
1.4718 -15.0501 -2.4912 0.9405
2.0142 -15.0086 -2.4947 0.9405
3.6237 -14.7327 -2.4994 0.9403
5.1919 -14.2702 -2.5016 0.9403
6.2029 -13.8606 -2.5016 0.9403
6.6967 -13.6289 -2.5016 0.9403
7.6577 -13.1130 -2.5016 0.9403
8.1237 -12.8295 -2.5016 0.9403
8.5793 -12.5294 -2.5016 0.9403
9.0237 -12.2132 -2.5016 0.9403
9.4565 -11.8812 -2.5016 0.9403
9.8771 -11.5339 -2.5016 0.9403
10.2850 -11.1717 -2.5016 0.9403
10.6796 -10.7951 -2.5016 0.9403
11.4269 -10.0006 -2.5016 0.9403
11.7787 -9.5837 -2.5016 0.9403
12.7412 -8.2612 -2.5016 0.9403
13.0296 -7.7983 -2.5016 0.9403
13.5558 -6.8428 -2.5016 0.9403
-11.3609 -6.9344 -2.5018 0.9473
-11.1046 -7.3379 -2.5018 0.9473
-10.8338 -7.7320 -2.5018 0.9473
-10.5492 -8.1161 -2.5018 0.9473
-10.2508 -8.4897 -2.5017 0.9473
-9.9393 -8.8524 -2.5017 0.9473
-9.6149 -9.2036 -2.5017 0.9473
-9.2782 -9.5430 -2.5017 0.9473
-8.9294 -9.8701 -2.5017 0.9473
-8.1979 -10.4856 -2.5017 0.9473
-7.4240 -11.0470 -2.5017 0.9473
-6.6118 -11.5513 -2.5017 0.9473
-6.1927 -11.7814 -2.5017 0.9473
-5.7655 -11.9961 -2.5017 0.9473
-5.3310 -12.1955 -2.5017 0.9473
-4.8895 -12.3790 -2.5017 0.9473
-4.4418 -12.5466 -2.5017 0.9473
-3.9883 -12.6980 -2.5017 0.9473
-3.5297 -12.8331 -2.5017 0.9473
-3.0665 -12.9515 -2.5017 0.9473
-1.1802 -13.2571 -2.5017 0.9473
-0.7033 -13.2909 -2.5017 0.9473
0.2525 -13.3071 -2.5017 0.9473
0.7303 -13.2894 -2.5017 0.9473
1.2071 -13.2546 -2.5017 0.9473
1.6824 -13.2026 -2.5016 0.9473
2.1555 -13.1337 -2.5016 0.9473
2.6258 -13.0478 -2.5016 0.9473
3.0927 -12.9450 -2.5016 0.9473
3.5556 -12.8256 -2.5016 0.9473
4.0140 -12.6896 -2.5016 0.9473
4.4671 -12.5372 -2.5016 0.9473
5.7897 -11.9840 -2.5016 0.9473
6.6350 -11.5374 -2.5016 0.9473
7.0451 -11.2917 -2.5016 0.9473
7.4461 -11.0313 -2.5016 0.9473
7.8374 -10.7568 -2.5016 0.9473
9.2970 -9.5236 -2.5016 0.9473
9.9566 -8.8316 -2.5016 0.9473
10.2674 -8.4683 -2.5016 0.9473
10.5649 -8.0941 -2.5016 0.9473
10.8488 -7.7094 -2.5016 0.9473
11.1186 -7.3148 -2.5016 0.9473
11.3742 -6.9108 -2.5016 0.9473
11.8409 -6.0764 -2.5016 0.9473
12.0515 -5.6473 -2.5016 0.9473
12.7360 -3.8633 -2.5016 0.9473
12.8665 -3.4034 -2.5016 0.9473
13.0776 -2.4710 -2.5016 0.9473
13.2675 -1.0500 -2.5016 0.9473
13.2967 -0.5729 -2.5016 0.9473
13.3087 -0.0949 -2.5016 0.9473
13.3035 0.3831 -2.5016 0.9473
13.2417 1.3371 -2.5016 0.9473
13.1116 2.2842 -2.5016 0.9473
13.0211 2.7536 -2.5016 0.9473
12.9138 3.2195 -2.5016 0.9473
11.8798 3.8864 -2.3494 0.9504
11.5702 4.7292 -2.3494 0.9504
10.5392 6.7202 -2.3494 0.9504
10.2911 7.0944 -2.3494 0.9504
8.8582 8.8188 -2.3494 0.9504
8.5357 9.1313 -2.3494 0.9504
7.8583 9.7205 -2.3494 0.9504
7.5041 9.9964 -2.3494 0.9504
6.3854 10.7456 -2.3494 0.9504
5.5975 11.1763 -2.3495 0.9504
5.1925 11.3702 -2.3495 0.9504
4.3630 11.7136 -2.3495 0.9504
3.9394 11.8628 -2.3495 0.9504
3.5109 11.9966 -2.3495 0.9504
3.0777 12.1150 -2.3495 0.9504
2.6406 12.2177 -2.3495 0.9504
2.2001 12.3047 -2.3495 0.9504
1.7568 12.3758 -2.3495 0.9504
1.3112 12.4309 -2.3495 0.9504
0.8639 12.4700 -2.3495 0.9504
0.4155 12.4930 -2.3495 0.9504
-0.4824 12.4907 -2.3495 0.9504
-0.9307 12.4653 -2.3495 0.9504
-2.7061 12.2036 -2.3495 0.9504
-3.5752 11.9779 -2.3495 0.9504
-2.5483 6.0640 -1.2364 0.9736
-3.0074 5.9251 -1.2489 0.9733
-6.4432 10.7117 -2.3495 0.9504
-7.5579 9.9566 -2.3496 0.9504
-9.5126 8.1098 -2.3496 0.9504
-9.7977 7.7629 -2.3496 0.9504
-10.3297 7.0396 -2.3496 0.9504
-10.5759 6.6641 -2.3496 0.9504
-7.6252 4.4305 -1.6576 0.9647
-11.2313 5.4879 -2.3496 0.9504
-11.5963 4.6675 -2.3496 0.9504
-12.7891 3.6069 -2.4976 0.9474
-12.9319 3.1505 -2.5018 0.9473
-13.1247 2.2141 -2.5018 0.9473
-13.2498 1.2662 -2.5018 0.9473
-13.2867 0.7895 -2.5018 0.9473
-13.3065 0.3118 -2.5018 0.9473
-13.2946 -0.6442 -2.5018 0.9473
-13.2140 -1.5969 -2.5018 0.9473
-13.0653 -2.5413 -2.5018 0.9473
-12.9655 -3.0089 -2.5018 0.9473
-12.8491 -3.4726 -2.5018 0.9473
-12.7161 -3.9319 -2.5018 0.9473
-12.2194 -5.2768 -2.5018 0.9473
-12.0220 -5.7122 -2.5018 0.9473
-11.8091 -6.1403 -2.5018 0.9473
-11.3378 -6.9722 -2.5018 0.9473
-10.8080 -7.7680 -2.5018 0.9473
-8.5352 -10.2129 -2.5017 0.9473
-5.7256 -12.0153 -2.5017 0.9473
-4.8483 -12.3953 -2.5017 0.9473
-4.4000 -12.5614 -2.5017 0.9473
-2.5559 -13.0619 -2.5017 0.9473
-2.0851 -13.1452 -2.5017 0.9473
-1.6116 -13.2116 -2.5017 0.9473
0.7746 -13.2869 -2.5017 0.9473
1.2513 -13.2505 -2.5016 0.9473
1.7264 -13.1970 -2.5016 0.9473
2.1992 -13.1264 -2.5016 0.9473
3.5983 -12.8137 -2.5016 0.9473
4.0562 -12.6762 -2.5016 0.9473
5.8296 -11.9646 -2.5016 0.9473
7.4827 -11.0065 -2.5016 0.9473
8.6232 -10.1378 -2.5016 0.9473
9.3286 -9.4926 -2.5016 0.9473
9.9860 -8.7984 -2.5016 0.9473
10.2955 -8.4341 -2.5016 0.9473
10.5918 -8.0589 -2.5016 0.9473
10.8744 -7.6733 -2.5016 0.9473
11.1429 -7.2778 -2.5016 0.9473
11.3971 -6.8729 -2.5016 0.9473
11.8611 -6.0370 -2.5016 0.9473
12.2638 -5.1700 -2.5016 0.9473
12.6033 -4.2763 -2.5016 0.9473
12.9901 -2.8958 -2.5016 0.9473
13.1645 -1.9559 -2.5016 0.9473
13.2710 -1.0058 -2.5016 0.9473
13.3089 -0.0506 -2.5016 0.9473
13.3022 0.4274 -2.5016 0.9473
13.2782 0.9049 -2.5016 0.9473
13.2372 1.3812 -2.5016 0.9473
13.1039 2.3279 -2.5016 0.9473
13.0118 2.7970 -2.5016 0.9473
12.7446 3.7142 -2.4951 0.9474
11.8668 3.9260 -2.3494 0.9504
11.7181 4.3497 -2.3494 0.9504
11.5544 4.7677 -2.3494 0.9504
11.1824 5.5848 -2.3494 0.9504
10.9746 5.9829 -2.3494 0.9504
10.5168 6.7552 -2.3494 0.9504
10.2674 7.1286 -2.3494 0.9504
10.0048 7.4928 -2.3494 0.9504
9.7292 7.8473 -2.3494 0.9504
9.4411 8.1916 -2.3494 0.9504
9.1408 8.5255 -2.3494 0.9504
7.1060 10.2832 -2.3494 0.9504
5.9587 10.9880 -2.3495 0.9504
5.1546 11.3874 -2.3495 0.9504
3.8999 11.8758 -2.3495 0.9504
3.4709 12.0082 -2.3495 0.9504
2.5999 12.2264 -2.3495 0.9504
-0.0751 12.4997 -2.3495 0.9504
-1.4192 12.4192 -2.3495 0.9504
-1.8643 12.3602 -2.3495 0.9504
-2.3070 12.2853 -2.3495 0.9504
-3.1830 12.0880 -2.3495 0.9504
-3.6151 11.9659 -2.3495 0.9504
-2.4117 6.3067 -1.2691 0.9729
-2.5619 6.0399 -1.2332 0.9737
-7.2295 10.1976 -2.3496 0.9504
-7.5911 9.9314 -2.3496 0.9504
-10.0948 7.3725 -2.3496 0.9504
-10.3531 7.0052 -2.3496 0.9504
-11.0465 5.8510 -2.3496 0.9504
-10.0544 4.4329 -2.0654 0.9563
-11.6118 4.6288 -2.3496 0.9504
-12.0673 3.8320 -2.3798 0.9498
-12.8046 3.5653 -2.4983 0.9473
-12.9423 3.1074 -2.5018 0.9473
-13.1320 2.1703 -2.5018 0.9473
-13.2015 1.6973 -2.5018 0.9473
-13.2539 1.2221 -2.5018 0.9473
-13.2893 0.7453 -2.5018 0.9473
-13.3075 0.2675 -2.5018 0.9473
-13.3085 -0.2106 -2.5018 0.9473
-13.2923 -0.6885 -2.5018 0.9473
-12.8375 -3.5154 -2.5018 0.9473
-12.7029 -3.9742 -2.5018 0.9473
-12.5520 -4.4278 -2.5018 0.9473
-12.3849 -4.8758 -2.5018 0.9473
-11.7885 -6.1796 -2.5018 0.9473
-11.5590 -6.5990 -2.5018 0.9473
-11.0554 -7.4117 -2.5018 0.9473
-10.7821 -7.8040 -2.5018 0.9473
-10.1941 -8.5578 -2.5017 0.9473
-9.5534 -9.2675 -2.5017 0.9473
-9.2144 -9.6046 -2.5017 0.9473
-8.5011 -10.2412 -2.5017 0.9473
-8.1278 -10.5399 -2.5017 0.9473
-7.3503 -11.0962 -2.5017 0.9473
-6.9470 -11.3530 -2.5017 0.9473
-6.1141 -11.8223 -2.5017 0.9473
-5.2496 -12.2307 -2.5017 0.9473
-4.8070 -12.4113 -2.5017 0.9473
-4.3581 -12.5759 -2.5017 0.9473
-3.9036 -12.7243 -2.5017 0.9473
-3.4441 -12.8563 -2.5017 0.9473
-2.9801 -12.9717 -2.5017 0.9473
-2.0413 -13.1521 -2.5017 0.9473
-1.0919 -13.2647 -2.5017 0.9473
2.2429 -13.1190 -2.5016 0.9473
3.1789 -12.9242 -2.5016 0.9473
3.6410 -12.8016 -2.5016 0.9473
4.9968 -12.3357 -2.5016 0.9473
5.8694 -11.9451 -2.5016 0.9473
7.5194 -10.9815 -2.5016 0.9473
8.6569 -10.1090 -2.5016 0.9473
9.0144 -9.7915 -2.5016 0.9473
10.0152 -8.7651 -2.5016 0.9473
10.6186 -8.0236 -2.5016 0.9473
11.1671 -7.2406 -2.5016 0.9473
11.6581 -6.4203 -2.5016 0.9473
11.8811 -5.9974 -2.5016 0.9473
-10.1022 -6.1661 -2.5018 0.9528
-9.8742 -6.5249 -2.5017 0.9528
-9.3804 -7.2169 -2.5017 0.9528
-9.1151 -7.5491 -2.5017 0.9528
-7.6198 -9.0560 -2.5017 0.9528
-6.6015 -9.8230 -2.5017 0.9528
-4.7403 -10.8443 -2.5017 0.9528
-3.5464 -11.2912 -2.5017 0.9528
-1.4722 -11.7430 -2.5017 0.9528
-1.0495 -11.7883 -2.5017 0.9528
1.0734 -11.7861 -2.5017 0.9528
1.4960 -11.7399 -2.5017 0.9528
1.9167 -11.6786 -2.5016 0.9528
2.3349 -11.6022 -2.5016 0.9528
3.9722 -11.1482 -2.5016 0.9528
5.1482 -10.6563 -2.5016 0.9528
5.8999 -10.2592 -2.5016 0.9528
6.2646 -10.0407 -2.5016 0.9528
6.9691 -9.5651 -2.5016 0.9528
7.3082 -9.3086 -2.5016 0.9528
7.6378 -9.0401 -2.5016 0.9528
7.9575 -8.7599 -2.5016 0.9528
8.2670 -8.4685 -2.5016 0.9528
9.1299 -7.5301 -2.5016 0.9528
10.5291 -5.4033 -2.5016 0.9528
10.8898 -4.6335 -2.5016 0.9528
11.1943 -3.8398 -2.5016 0.9528
11.3250 -3.4353 -2.5016 0.9528
11.4411 -3.0264 -2.5016 0.9528
11.6288 -2.1973 -2.5016 0.9528
11.7565 -1.3568 -2.5016 0.9528
11.8236 -0.5094 -2.5016 0.9528
11.8342 -0.0844 -2.5016 0.9528
11.8297 0.3407 -2.5016 0.9528
11.8098 0.7653 -2.5016 0.9528
11.7747 1.1890 -2.5016 0.9528
11.7244 1.6111 -2.5016 0.9528
11.6590 2.0311 -2.5016 0.9528
11.4831 2.8628 -2.5016 0.9528
11.2234 3.6717 -2.4961 0.9529
10.4436 3.8370 -2.3518 0.9555
10.1307 4.5721 -2.3494 0.9556
9.9600 4.9330 -2.3494 0.9556
9.7764 5.2875 -2.3494 0.9556
9.5802 5.6352 -2.3494 0.9556
8.4194 7.2561 -2.3494 0.9556
8.1533 7.5538 -2.3494 0.9556
7.5901 8.1196 -2.3494 0.9556
7.2936 8.3870 -2.3494 0.9556
5.6779 9.5551 -2.3495 0.9556
4.2512 10.2698 -2.3495 0.9556
3.8796 10.4158 -2.3495 0.9556
2.3481 10.8641 -2.3495 0.9556
1.9564 10.9414 -2.3495 0.9556
1.5622 11.0047 -2.3495 0.9556
1.1659 11.0537 -2.3495 0.9556
-0.0298 11.1150 -2.3495 0.9556
-0.4290 11.1068 -2.3495 0.9556
-2.0150 10.9309 -2.3495 0.9556
-2.4063 10.8515 -2.3495 0.9556
-2.7945 10.7581 -2.3495 0.9556
-3.1791 10.6508 -2.3495 0.9556
-3.5596 10.5298 -2.3495 0.9556
-2.7457 5.9280 -1.3810 0.9736
-3.0065 5.9234 -1.4041 0.9732
-5.7293 9.5249 -2.3495 0.9556
-6.3982 9.0891 -2.3495 0.9556
-6.7206 8.8535 -2.3495 0.9556
-7.3388 8.3482 -2.3496 0.9556
-7.9191 7.7999 -2.3496 0.9556
-8.4586 7.2113 -2.3496 0.9556
-8.7122 6.9028 -2.3496 0.9556
-9.1852 6.2597 -2.3496 0.9556
-9.4041 5.9257 -2.3496 0.9556
-9.8052 5.2354 -2.3496 0.9556
-9.9869 4.8798 -2.3496 0.9556
-10.3115 4.1504 -2.3496 0.9556
-10.6063 3.8324 -2.3838 0.9549
-11.2491 3.6135 -2.4975 0.9528
-11.5923 2.3866 -2.5018 0.9528
-11.6706 1.9688 -2.5018 0.9528
-11.7337 1.5483 -2.5018 0.9528
-11.7818 1.1259 -2.5018 0.9528
-11.8322 0.2773 -2.5018 0.9528
-11.8216 -0.5728 -2.5018 0.9528
-11.7499 -1.4199 -2.5018 0.9528
-11.6914 -1.8410 -2.5018 0.9528
-11.6177 -2.2597 -2.5018 0.9528
-11.5290 -2.6755 -2.5018 0.9528
-11.4255 -3.0879 -2.5018 0.9528
-11.3072 -3.4962 -2.5018 0.9528
-11.0271 -4.2989 -2.5018 0.9528
-10.5007 -5.4600 -2.5018 0.9528
-9.6106 -6.9074 -2.5017 0.9528
-7.9108 -8.8029 -2.5017 0.9528
-7.2585 -9.3481 -2.5017 0.9528
-6.5687 -9.8450 -2.5017 0.9528
-4.7042 -10.8600 -2.5017 0.9528
-3.9125 -11.1697 -2.5017 0.9528
-3.5088 -11.3029 -2.5017 0.9528
-1.8541 -11.6888 -2.5017 0.9528
-1.4331 -11.7479 -2.5017 0.9528
-0.5860 -11.8204 -2.5017 0.9528
-0.1611 -11.8338 -2.5017 0.9528
0.2640 -11.8320 -2.5017 0.9528
1.5351 -11.7349 -2.5016 0.9528
2.3735 -11.5944 -2.5016 0.9528
2.7884 -11.5016 -2.5016 0.9528
4.4066 -10.9838 -2.5016 0.9528
4.7983 -10.8184 -2.5016 0.9528
5.1837 -10.6391 -2.5016 0.9528
6.2980 -10.0198 -2.5016 0.9528
7.0009 -9.5418 -2.5016 0.9528
7.3391 -9.2842 -2.5016 0.9528
7.9866 -8.7334 -2.5016 0.9528
8.5929 -8.1375 -2.5016 0.9528
9.4183 -7.1660 -2.5016 0.9528
9.6696 -6.8232 -2.5016 0.9528
10.1345 -6.1114 -2.5016 0.9528
10.3474 -5.7435 -2.5016 0.9528
10.9052 -4.5972 -2.5016 0.9528
11.0632 -4.2026 -2.5016 0.9528
11.2070 -3.8025 -2.5016 0.9528
11.3364 -3.3976 -2.5016 0.9528
11.4511 -2.9882 -2.5016 0.9528
11.5510 -2.5750 -2.5016 0.9528
11.6360 -2.1585 -2.5016 0.9528
11.7060 -1.7392 -2.5016 0.9528
11.8007 -0.8944 -2.5016 0.9528
11.8285 0.3801 -2.5016 0.9528
11.8072 0.8046 -2.5016 0.9528
11.7707 1.2282 -2.5016 0.9528
11.6521 2.0700 -2.5016 0.9528
10.4199 3.8678 -2.3494 0.9556
10.2743 4.2395 -2.3494 0.9556
9.9435 4.9661 -2.3494 0.9556
9.7587 5.3200 -2.3494 0.9556
9.5613 5.6671 -2.3494 0.9556
9.3517 6.0069 -2.3494 0.9556
8.8964 6.6627 -2.3494 0.9556
8.6513 6.9779 -2.3494 0.9556
7.8506 7.8680 -2.3494 0.9556
7.2656 8.4112 -2.3494 0.9556
6.9588 8.6668 -2.3494 0.9556
6.3187 9.1440 -2.3494 0.9556
5.9863 9.3650 -2.3494 0.9556
5.6461 9.5740 -2.3495 0.9556
3.4678 10.5601 -2.3495 0.9556
3.0863 10.6778 -2.3495 0.9556
2.7008 10.7818 -2.3495 0.9556
2.3119 10.8719 -2.3495 0.9556
1.9199 10.9479 -2.3495 0.9556
-0.0668 11.1148 -2.3495 0.9556
-0.4660 11.1053 -2.3495 0.9556
-2.0514 10.9242 -2.3495 0.9556
-2.4424 10.8435 -2.3495 0.9556
-3.5946 10.5179 -2.3495 0.9556
-2.4081 6.2973 -1.4251 0.9728
-2.5582 6.0311 -1.3848 0.9736
-2.7695 5.9276 -1.3830 0.9736
-5.4158 9.7066 -2.3495 0.9556
-6.0987 9.2928 -2.3495 0.9556
-6.4285 9.0677 -2.3495 0.9556
-7.0628 8.5829 -2.3496 0.9556
-8.2191 7.4831 -2.3496 0.9556
-9.2060 6.2290 -2.3496 0.9556
-7.6232 4.3954 -1.8601 0.9647
-10.0031 4.8466 -2.3496 0.9556
-10.0545 4.4329 -2.3227 0.9561
-10.7074 3.8287 -2.4037 0.9546
-11.5084 2.7631 -2.5018 0.9528
-11.6771 1.9299 -2.5018 0.9528
-11.7388 1.5093 -2.5018 0.9528
-11.8169 0.6627 -2.5018 0.9528
-11.8340 -0.1873 -2.5018 0.9528
-11.7452 -1.4591 -2.5018 0.9528
-11.5201 -2.7139 -2.5018 0.9528
-11.2955 -3.5339 -2.5018 0.9528
-11.1613 -3.9373 -2.5018 0.9528
-11.0127 -4.3356 -2.5018 0.9528
-10.8499 -4.7283 -2.5018 0.9528
-10.6730 -5.1149 -2.5018 0.9528
-10.2783 -5.8679 -2.5018 0.9528
-8.7855 -7.9303 -2.5017 0.9528
-8.4950 -8.2407 -2.5017 0.9528
-8.1935 -8.5405 -2.5017 0.9528
-7.8815 -8.8292 -2.5017 0.9528
-6.8861 -9.6257 -2.5017 0.9528
-6.5359 -9.8668 -2.5017 0.9528
-5.8107 -10.3105 -2.5017 0.9528
-5.4367 -10.5125 -2.5017 0.9528
-5.0556 -10.7010 -2.5017 0.9528
-3.4711 -11.3146 -2.5017 0.9528
-3.0625 -11.4319 -2.5017 0.9528
-2.6500 -11.5345 -2.5017 0.9528
-1.8151 -11.6950 -2.5017 0.9528
-0.9709 -11.7951 -2.5017 0.9528
-0.1217 -11.8343 -2.5017 0.9528
1.1519 -11.7787 -2.5017 0.9528
1.5742 -11.7297 -2.5016 0.9528
1.9944 -11.6656 -2.5016 0.9528
2.4121 -11.5864 -2.5016 0.9528
3.2376 -11.3833 -2.5016 0.9528
4.0464 -11.1215 -2.5016 0.9528
4.4432 -10.9690 -2.5016 0.9528
4.8343 -10.8024 -2.5016 0.9528
5.2191 -10.6217 -2.5016 0.9528
6.6863 -9.7648 -2.5016 0.9528
7.3700 -9.2597 -2.5016 0.9528
8.0157 -8.7067 -2.5016 0.9528
9.1798 -7.4692 -2.5016 0.9528
9.6923 -6.7909 -2.5016 0.9528
10.1548 -6.0777 -2.5016 0.9528
10.5648 -5.3330 -2.5016 0.9528
-9.0859 -5.5457 -2.5017 0.9572
-8.6644 -6.1836 -2.5017 0.9572
-8.4367 -6.4908 -2.5017 0.9572
-7.9490 -7.0797 -2.5017 0.9572
-7.6896 -7.3606 -2.5017 0.9572
-6.8532 -8.1450 -2.5017 0.9572
-6.5563 -8.3858 -2.5017 0.9572
-5.6162 -9.0424 -2.5017 0.9572
-5.2878 -9.2382 -2.5017 0.9572
-4.2635 -9.7534 -2.5017 0.9572
-3.9104 -9.9002 -2.5017 0.9572
-3.5523 -10.0342 -2.5017 0.9572
-3.1897 -10.1553 -2.5017 0.9572
-1.3241 -10.5617 -2.5017 0.9572
-0.9439 -10.6024 -2.5017 0.9572
-0.1804 -10.6428 -2.5017 0.9572
0.2020 -10.6424 -2.5017 0.9572
0.5841 -10.6283 -2.5017 0.9572
0.9654 -10.6004 -2.5017 0.9572
1.3455 -10.5589 -2.5017 0.9572
2.1000 -10.4351 -2.5016 0.9572
2.4734 -10.3529 -2.5016 0.9572
3.2102 -10.1486 -2.5016 0.9572
3.9304 -9.8920 -2.5016 0.9572
4.6303 -9.5843 -2.5016 0.9572
4.9716 -9.4118 -2.5016 0.9572
5.6344 -9.0306 -2.5016 0.9572
6.2681 -8.6029 -2.5016 0.9572
6.8694 -8.1307 -2.5016 0.9572
7.1570 -7.8787 -2.5016 0.9572
8.2114 -6.7726 -2.5016 0.9572
8.4494 -6.4733 -2.5016 0.9572
8.6764 -6.1657 -2.5016 0.9572
9.0966 -5.5270 -2.5016 0.9572
9.2893 -5.1967 -2.5016 0.9572
9.4699 -4.8597 -2.5016 0.9572
9.7943 -4.1674 -2.5016 0.9572
9.9377 -3.8129 -2.5016 0.9572
10.1857 -3.0897 -2.5016 0.9572
10.2901 -2.7219 -2.5016 0.9572
10.3813 -2.3506 -2.5016 0.9572
10.5739 -1.2203 -2.5016 0.9572
5.3430 -0.2302 -1.2569 0.9783
10.6438 -0.0759 -2.5016 0.9572
10.6218 0.6883 -2.5016 0.9572
10.1165 3.3096 -2.5016 0.9572
9.3884 3.8374 -2.3837 0.9592
9.1116 4.1121 -2.3494 0.9598
8.9580 4.4367 -2.3494 0.9598
8.7929 4.7556 -2.3494 0.9598
8.6164 5.0683 -2.3494 0.9598
8.2304 5.6738 -2.3494 0.9598
8.0213 5.9657 -2.3494 0.9598
7.8019 6.2500 -2.3494 0.9598
7.3331 6.7939 -2.3494 0.9598
7.0844 7.0529 -2.3494 0.9598
6.2847 7.7740 -2.3494 0.9598
4.4767 8.9383 -2.3495 0.9598
4.1528 9.0934 -2.3495 0.9598
3.4893 9.3680 -2.3495 0.9598
3.1506 9.4873 -2.3495 0.9598
2.8078 9.5944 -2.3495 0.9598
2.1119 9.7712 -2.3495 0.9598
1.7596 9.8407 -2.3495 0.9598
1.0486 9.9417 -2.3495 0.9598
-0.7443 9.9692 -2.3495 0.9598
-1.1019 9.9360 -2.3495 0.9598
-1.8123 9.8313 -2.3495 0.9598
-1.5985 7.2087 -1.7354 0.9701
-2.5134 9.6759 -2.3495 0.9598
-2.8593 9.5794 -2.3495 0.9598
-2.5750 7.6172 -1.8897 0.9675
-2.7449 5.9263 -1.5350 0.9735
-4.8419 8.7462 -2.3495 0.9598
-4.0387 6.1988 -1.7388 0.9701
-6.3266 7.7406 -2.3495 0.9598
-7.1224 7.0152 -2.3495 0.9598
-7.3698 6.7549 -2.3496 0.9598
-7.6077 6.4858 -2.3496 0.9598
-7.8357 6.2084 -2.3496 0.9598
-8.2612 5.6299 -2.3496 0.9598
-7.5333 4.3770 -2.0477 0.9648
-8.8188 4.7087 -2.3496 0.9598
-8.9822 4.3889 -2.3496 0.9598
-9.5119 3.8285 -2.4098 0.9587
-10.1347 3.2555 -2.5018 0.9572
-10.2451 2.8894 -2.5018 0.9572
-10.4965 1.7707 -2.5018 0.9572
-10.5533 1.3926 -2.5018 0.9572
-10.5965 1.0127 -2.5018 0.9572
-10.6260 0.6314 -2.5018 0.9572
-10.6419 0.2494 -2.5018 0.9572
-10.6439 -0.1330 -2.5018 0.9572
-10.6323 -0.5152 -2.5018 0.9572
-10.5679 -1.2771 -2.5018 0.9572
-10.4489 -2.0324 -2.5018 0.9572
-10.2761 -2.7772 -2.5018 0.9572
-9.9177 -3.8664 -2.5018 0.9572
-9.7724 -4.2201 -2.5018 0.9572
-9.4443 -4.9107 -2.5017 0.9572
-8.8613 -5.8980 -2.5017 0.9572
-8.4150 -6.5189 -2.5017 0.9572
-8.1754 -6.8169 -2.5017 0.9572
-7.9253 -7.1061 -2.5017 0.9572
-7.6650 -7.3862 -2.5017 0.9572
-7.3948 -7.6567 -2.5017 0.9572
-7.1150 -7.9173 -2.5017 0.9572
-6.8260 -8.1678 -2.5017 0.9572
-6.5283 -8.4076 -2.5017 0.9572
-5.2570 -9.2558 -2.5017 0.9572
-4.9212 -9.4386 -2.5017 0.9572
-4.5790 -9.6093 -2.5017 0.9572
-4.2310 -9.7675 -2.5017 0.9572
-1.2889 -10.5661 -2.5017 0.9572
-0.9086 -10.6055 -2.5017 0.9572
-0.1449 -10.6434 -2.5017 0.9572
1.0007 -10.5972 -2.5017 0.9572
1.7588 -10.4980 -2.5017 0.9572
2.1347 -10.4280 -2.5016 0.9572
2.8778 -10.2478 -2.5016 0.9572
3.6060 -10.0148 -2.5016 0.9572
3.9633 -9.8788 -2.5016 0.9572
4.6622 -9.5688 -2.5016 0.9572
5.0029 -9.3952 -2.5016 0.9572
5.6644 -9.0118 -2.5016 0.9572
6.6008 -8.3502 -2.5016 0.9572
6.8965 -8.1078 -2.5016 0.9572
7.9864 -7.0366 -2.5016 0.9572
8.2340 -6.7453 -2.5016 0.9572
8.9117 -5.8205 -2.5016 0.9572
9.1150 -5.4967 -2.5016 0.9572
9.3065 -5.1657 -2.5016 0.9572
9.4860 -4.8282 -2.5016 0.9572
9.6533 -4.4843 -2.5016 0.9572
9.9503 -3.7798 -2.5016 0.9572
10.1960 -3.0558 -2.5016 0.9572
10.3890 -2.3160 -2.5016 0.9572
10.4655 -1.9414 -2.5016 0.9572
10.5285 -1.5643 -2.5016 0.9572
10.5779 -1.1851 -2.5016 0.9572
5.3423 -0.4049 -1.2592 0.9782
5.3798 -0.2138 -1.2654 0.9781
10.6440 -0.0405 -2.5016 0.9572
10.6194 0.7237 -2.5016 0.9572
10.5866 1.1046 -2.5016 0.9572
10.5401 1.4841 -2.5016 0.9572
10.4064 2.2369 -2.5016 0.9572
10.3193 2.6092 -2.5016 0.9572
10.2190 2.9782 -2.5016 0.9572
9.3094 3.8413 -2.3669 0.9595
9.0978 4.1424 -2.3494 0.9598
8.5995 5.0970 -2.3494 0.9598
8.4109 5.4026 -2.3494 0.9598
8.0014 5.9924 -2.3494 0.9598
7.3105 6.8183 -2.3494 0.9598
6.5347 7.5651 -2.3494 0.9598
5.9748 8.0147 -2.3494 0.9598
5.3841 8.4229 -2.3495 0.9598
4.7656 8.7877 -2.3495 0.9598
3.4581 9.3796 -2.3495 0.9598
3.1190 9.4977 -2.3495 0.9598
2.7759 9.6037 -2.3495 0.9598
1.7268 9.8465 -2.3495 0.9598
0.6577 9.9752 -2.3495 0.9598
0.2990 9.9924 -2.3495 0.9598
-0.0601 9.9967 -2.3495 0.9598
-1.1350 9.9323 -2.3495 0.9598
-1.4910 9.8851 -2.3495 0.9598
-1.6119 7.1563 -1.7240 0.9703
-2.6031 7.6167 -1.8918 0.9675
-2.4044 6.2877 -1.5821 0.9727
-3.0303 5.9213 -1.5633 0.9730
-6.0709 7.9426 -2.3495 0.9598
-6.3523 7.7195 -2.3495 0.9598
-6.6255 7.4863 -2.3495 0.9598
-7.1458 6.9914 -2.3495 0.9598
-7.3923 6.7303 -2.3496 0.9598
-7.8563 6.1823 -2.3496 0.9598
-8.0733 5.8961 -2.3496 0.9598
-8.2799 5.6024 -2.3496 0.9598
-7.3920 4.6235 -2.0491 0.9648
-7.5903 4.3764 -2.0592 0.9646
-8.8344 4.6793 -2.3496 0.9598
-9.5956 3.8251 -2.4278 0.9584
-10.0086 3.5788 -2.4981 0.9573
-10.1455 3.2217 -2.5018 0.9572
-10.2547 2.8553 -2.5018 0.9572
-10.5023 1.7357 -2.5018 0.9572
-10.5998 0.9774 -2.5018 0.9572
-10.6281 0.5960 -2.5018 0.9572
-10.6305 -0.5506 -2.5018 0.9572
-10.6039 -0.9320 -2.5018 0.9572
-10.5636 -1.3123 -2.5018 0.9572
-10.4421 -2.0672 -2.5018 0.9572
-10.0384 -3.5412 -2.5018 0.9572
-9.9048 -3.8994 -2.5018 0.9572
-9.5993 -4.6003 -2.5018 0.9572
-9.4279 -4.9421 -2.5017 0.9572
-9.2443 -5.2775 -2.5017 0.9572
-9.0488 -5.6061 -2.5017 0.9572
-8.3933 -6.5469 -2.5017 0.9572
-7.6404 -7.4117 -2.5017 0.9572
-7.3692 -7.6813 -2.5017 0.9572
-7.0886 -7.9410 -2.5017 0.9572
-6.5002 -8.4293 -2.5017 0.9572
-6.1933 -8.6573 -2.5017 0.9572
-5.8784 -8.8742 -2.5017 0.9572
-5.5559 -9.0796 -2.5017 0.9572
-4.8898 -9.4549 -2.5017 0.9572
-4.1984 -9.7815 -2.5017 0.9572
-3.4854 -10.0577 -2.5017 0.9572
-2.7544 -10.2819 -2.5017 0.9572
-1.6325 -10.5185 -2.5017 0.9572
-0.8733 -10.6085 -2.5017 0.9572
-0.4917 -10.6330 -2.5017 0.9572
-0.1095 -10.6438 -2.5017 0.9572
0.2729 -10.6408 -2.5017 0.9572
0.6549 -10.6242 -2.5017 0.9572
1.0360 -10.5938 -2.5017 0.9572
1.4158 -10.5497 -2.5017 0.9572
2.9119 -10.2382 -2.5016 0.9572
3.6393 -10.0027 -2.5016 0.9572
3.9962 -9.8656 -2.5016 0.9572
4.6941 -9.5532 -2.5016 0.9572
5.3677 -9.1916 -2.5016 0.9572
6.0137 -8.7826 -2.5016 0.9572
6.6286 -8.3282 -2.5016 0.9572
7.4859 -7.5669 -2.5016 0.9572
7.7529 -7.2931 -2.5016 0.9572
8.2564 -6.7178 -2.5016 0.9572
8.4923 -6.4169 -2.5016 0.9572
8.7173 -6.1078 -2.5016 0.9572
9.1332 -5.4663 -2.5016 0.9572
9.3237 -5.1347 -2.5016 0.9572
-8.2474 -5.0339 -2.5017 0.9609
-8.0613 -5.3269 -2.5017 0.9609
-7.4415 -6.1630 -2.5017 0.9609
-7.2154 -6.4263 -2.5017 0.9609
-6.9799 -6.6813 -2.5017 0.9609
-6.2207 -7.3933 -2.5017 0.9609
-5.9512 -7.6119 -2.5017 0.9609
-5.3894 -8.0195 -2.5017 0.9609
-4.7998 -8.3856 -2.5017 0.9609
-4.4955 -8.5526 -2.5017 0.9609
-3.5495 -8.9865 -2.5017 0.9609
-3.2245 -9.1082 -2.5017 0.9609
-1.5454 -9.5377 -2.5017 0.9609
-1.2019 -9.5870 -2.5017 0.9609
-0.8568 -9.6240 -2.5017 0.9609
-0.1637 -9.6606 -2.5017 0.9609
0.1833 -9.6603 -2.5017 0.9609
2.5812 -9.3108 -2.5016 0.9609
2.9139 -9.2120 -2.5016 0.9609
3.5677 -8.9791 -2.5016 0.9609
3.8879 -8.8451 -2.5016 0.9609
4.2030 -8.6998 -2.5016 0.9609
4.5128 -8.5432 -2.5016 0.9609
4.8167 -8.3756 -2.5016 0.9609
5.1144 -8.1972 -2.5016 0.9609
5.4055 -8.0082 -2.5016 0.9609
5.9664 -7.5995 -2.5016 0.9609
6.7492 -6.9137 -2.5016 0.9609
7.4537 -6.1476 -2.5016 0.9609
8.4320 -4.7171 -2.5016 0.9609
8.5960 -4.4112 -2.5016 0.9609
8.8905 -3.7828 -2.5016 0.9609
9.2457 -2.8046 -2.5016 0.9609
9.3405 -2.4707 -2.5016 0.9609
9.4232 -2.1337 -2.5016 0.9609
9.5521 -1.4517 -2.5016 0.9609
9.5981 -1.1077 -2.5016 0.9609
5.3331 -0.4221 -1.3851 0.9781
9.6615 -0.0689 -2.5016 0.9609
9.6415 0.6248 -2.5016 0.9609
9.6129 0.9707 -2.5016 0.9609
9.5184 1.6582 -2.5016 0.9609
9.2848 2.6724 -2.5016 0.9609
8.5088 3.8401 -2.4170 0.9622
7.9814 4.3167 -2.3494 0.9632
7.6510 4.8785 -2.3494 0.9632
7.2811 5.4152 -2.3494 0.9632
5.7047 7.0566 -2.3494 0.9632
5.4476 7.2569 -2.3494 0.9632
5.1835 7.4479 -2.3495 0.9632
4.9126 7.6293 -2.3495 0.9632
4.6355 7.8008 -2.3495 0.9632
4.3523 7.9623 -2.3495 0.9632
4.0635 8.1134 -2.3495 0.9632
3.7695 8.2542 -2.3495 0.9632
3.4706 8.3842 -2.3495 0.9632
3.1673 8.5035 -2.3495 0.9632
2.8598 8.6118 -2.3495 0.9632
2.5487 8.7089 -2.3495 0.9632
1.9170 8.8694 -2.3495 0.9632
-0.6756 9.0491 -2.3495 0.9632
-1.0002 9.0190 -2.3495 0.9632
-1.6451 8.9240 -2.3495 0.9632
-2.5954 8.6953 -2.3495 0.9632
-2.9060 8.5965 -2.3495 0.9632
-2.3864 6.3035 -1.7451 0.9725
-2.5371 6.0372 -1.6956 0.9733
-3.0048 5.9200 -1.7189 0.9729
-4.6774 7.7761 -2.3495 0.9632
-4.0293 5.3081 -1.7255 0.9728
-5.7427 7.0262 -2.3495 0.9632
-5.9913 6.8154 -2.3495 0.9632
-6.2322 6.5958 -2.3495 0.9632
-6.4651 6.3678 -2.3495 0.9632
-6.6896 6.1315 -2.3495 0.9632
-7.3671 4.6422 -2.2546 0.9647
-7.4869 4.3501 -2.2419 0.9649
-8.1533 3.9839 -2.3496 0.9632
-8.5966 3.8244 -2.4361 0.9619
-9.0873 3.2836 -2.5018 0.9609
-9.2996 2.6228 -2.5018 0.9609
-9.3878 2.2871 -2.5018 0.9609
-9.5277 1.6073 -2.5018 0.9609
-9.6185 0.9192 -2.5018 0.9609
-9.6597 0.2264 -2.5018 0.9609
-9.6616 -0.1207 -2.5018 0.9609
-9.5926 -1.1592 -2.5018 0.9609
-9.5447 -1.5030 -2.5018 0.9609
-9.4846 -1.8448 -2.5018 0.9609
-9.3277 -2.5209 -2.5018 0.9609
-8.8705 -3.8306 -2.5017 0.9609
-8.7272 -4.1467 -2.5017 0.9609
-8.5727 -4.4575 -2.5017 0.9609
-8.4070 -4.7625 -2.5017 0.9609
-8.2306 -5.0614 -2.5017 0.9609
-8.0435 -5.3537 -2.5017 0.9609
-7.6384 -5.9173 -2.5017 0.9609
-7.4209 -6.1878 -2.5017 0.9609
-7.1939 -6.4503 -2.5017 0.9609
-6.7123 -6.9501 -2.5017 0.9609
-6.4584 -7.1866 -2.5017 0.9609
-5.9258 -7.6317 -2.5017 0.9609
-5.0705 -8.2248 -2.5017 0.9609
-4.1564 -8.7224 -2.5017 0.9609
-3.8405 -8.8661 -2.5017 0.9609
-3.5196 -8.9983 -2.5017 0.9609
-3.1942 -9.1189 -2.5017 0.9609
-2.8646 -9.2277 -2.5017 0.9609
-2.5313 -9.3246 -2.5017 0.9609
-2.1948 -9.4095 -2.5017 0.9609
-1.8554 -9.4822 -2.5017 0.9609
-1.5137 -9.5427 -2.5017 0.9609
-1.1699 -9.5910 -2.5017 0.9609
-0.8247 -9.6268 -2.5017 0.9609
-0.4784 -9.6502 -2.5017 0.9609
-0.1316 -9.6611 -2.5017 0.9609
0.2155 -9.6596 -2.5017 0.9609
0.5623 -9.6456 -2.5017 0.9609
1.2532 -9.5803 -2.5017 0.9609
1.9377 -9.4656 -2.5017 0.9609
2.2764 -9.3899 -2.5016 0.9609
2.9446 -9.2023 -2.5016 0.9609
3.5976 -8.9671 -2.5016 0.9609
3.9173 -8.8321 -2.5016 0.9609
5.4321 -7.9902 -2.5016 0.9609
5.9917 -7.5796 -2.5016 0.9609
6.7722 -6.8912 -2.5016 0.9609
7.4741 -6.1228 -2.5016 0.9609
7.6892 -5.8504 -2.5016 0.9609
7.8943 -5.5705 -2.5016 0.9609
8.0893 -5.2833 -2.5016 0.9609
8.2738 -4.9894 -2.5016 0.9609
8.4477 -4.6890 -2.5016 0.9609
8.7625 -4.0705 -2.5016 0.9609
8.9030 -3.7532 -2.5016 0.9609
9.0321 -3.4310 -2.5016 0.9609
9.1494 -3.1044 -2.5016 0.9609
9.2550 -2.7738 -2.5016 0.9609
9.3487 -2.4396 -2.5016 0.9609
9.4303 -2.1023 -2.5016 0.9609
9.4997 -1.7622 -2.5016 0.9609
9.6617 -0.0367 -2.5016 0.9609
9.6568 0.3103 -2.5016 0.9609
9.6394 0.6569 -2.5016 0.9609
9.6096 1.0027 -2.5016 0.9609
9.5674 1.3472 -2.5016 0.9609
9.5128 1.6899 -2.5016 0.9609
9.4460 2.0305 -2.5016 0.9609
9.3670 2.3684 -2.5016 0.9609
9.2759 2.7033 -2.5016 0.9609
9.0579 3.3622 -2.5016 0.9609
8.4415 3.8436 -2.4016 0.9624
8.1179 4.0543 -2.3494 0.9632
7.9670 4.3433 -2.3494 0.9632
7.8059 4.6266 -2.3494 0.9632
7.0630 5.6968 -2.3494 0.9632
6.8538 5.9467 -2.3494 0.9632
6.6358 6.1891 -2.3494 0.9632
6.4093 6.4234 -2.3494 0.9632
5.4234 7.2750 -2.3494 0.9632
4.8872 7.6456 -2.3495 0.9632
4.6094 7.8162 -2.3495 0.9632
4.0365 8.1269 -2.3495 0.9632
3.7420 8.2667 -2.3495 0.9632
3.4427 8.3957 -2.3495 0.9632
2.8311 8.6212 -2.3495 0.9632
2.5197 8.7174 -2.3495 0.9632
2.2050 8.8022 -2.3495 0.9632
1.5674 8.9378 -2.3495 0.9632
1.2454 8.9884 -2.3495 0.9632
0.9218 9.0273 -2.3495 0.9632
0.2714 9.0702 -2.3495 0.9632
-0.0545 9.0741 -2.3495 0.9632
-0.3804 9.0663 -2.3495 0.9632
-0.7058 9.0468 -2.3495 0.9632
-1.0302 9.0156 -2.3495 0.9632
-1.6748 8.9185 -2.3495 0.9632
-1.6029 7.1161 -1.8886 0.9703
-2.3107 8.7752 -2.3495 0.9632
-2.6243 8.6866 -2.3495 0.9632
-2.9346 8.5867 -2.3495 0.9632
-2.5506 6.0133 -1.6912 0.9734
-4.1072 7.3612 -2.1826 0.9658
-4.9789 7.5866 -2.3495 0.9632
-4.0421 5.2882 -1.7234 0.9729
-5.7660 7.0070 -2.3495 0.9632
-6.4863 6.3462 -2.3495 0.9632
-6.9251 5.8642 -2.3495 0.9632
-7.1313 5.6117 -2.3495 0.9632
-7.5157 5.0853 -2.3495 0.9632
-7.5549 4.3560 -2.2580 0.9646
-8.6672 3.8213 -2.4525 0.9616
-8.9628 3.5729 -2.4982 0.9609
-9.0982 3.2533 -2.5018 0.9609
-9.2092 2.9244 -2.5018 0.9609
-9.3083 2.5918 -2.5018 0.9609
-9.3953 2.2558 -2.5018 0.9609
-9.4703 1.9169 -2.5018 0.9609
-9.5330 1.5755 -2.5018 0.9609
-9.5835 1.2322 -2.5018 0.9609
-9.6472 0.5410 -2.5018 0.9609
-9.6604 0.1942 -2.5018 0.9609
-9.6252 -0.8460 -2.5018 0.9609
-9.5397 -1.5348 -2.5018 0.9609
-9.3192 -2.5520 -2.5018 0.9609
-9.1120 -3.2143 -2.5017 0.9609
-8.7134 -4.1758 -2.5017 0.9609
-8.3911 -4.7905 -2.5017 0.9609
-8.2137 -5.0888 -2.5017 0.9609
-7.8272 -5.6652 -2.5017 0.9609
-7.6187 -5.9427 -2.5017 0.9609
-6.9352 -6.7277 -2.5017 0.9609
-6.6891 -6.9724 -2.5017 0.9609
-5.9004 -7.6514 -2.5017 0.9609
-5.6217 -7.8584 -2.5017 0.9609
-5.0431 -8.2416 -2.5017 0.9609
-4.1274 -8.7362 -2.5017 0.9609
-3.8109 -8.8788 -2.5017 0.9609
-3.4896 -9.0100 -2.5017 0.9609
-3.1637 -9.1295 -2.5017 0.9609
-2.5002 -9.3330 -2.5017 0.9609
-1.4819 -9.5477 -2.5017 0.9609
-1.1380 -9.5948 -2.5017 0.9609
-0.7927 -9.6294 -2.5017 0.9609
-0.0994 -9.6615 -2.5017 0.9609
1.2851 -9.5761 -2.5017 0.9609
1.9692 -9.4591 -2.5017 0.9609
2.3077 -9.3823 -2.5016 0.9609
3.3035 -9.0796 -2.5016 0.9609
3.9467 -8.8191 -2.5016 0.9609
4.2609 -8.6716 -2.5016 0.9609
4.8724 -8.3433 -2.5016 0.9609
5.1689 -8.1630 -2.5016 0.9609
5.4587 -7.9721 -2.5016 0.9609
6.0169 -7.5596 -2.5016 0.9609
6.2845 -7.3387 -2.5016 0.9609
6.5440 -7.1082 -2.5016 0.9609
6.7951 -6.8686 -2.5016 0.9609
8.2904 -4.9618 -2.5016 0.9609
8.4632 -4.6609 -2.5016 0.9609
-6.8060 -5.6367 -2.5017 0.9639
-6.1602 -6.3361 -2.5017 0.9639
-5.9287 -6.5532 -2.5017 0.9639
-5.1894 -7.1529 -2.5017 0.9639
-4.9292 -7.3346 -2.5017 0.9639
-4.6626 -7.5069 -2.5017 0.9639
-4.1116 -7.8222 -2.5017 0.9639
-3.8280 -7.9649 -2.5017 0.9639
-2.9491 -8.3304 -2.5017 0.9639
-2.6480 -8.4309 -2.5017 0.9639
-2.3435 -8.5206 -2.5017 0.9639
-2.0360 -8.5992 -2.5017 0.9639
-1.7258 -8.6668 -2.5017 0.9639
-1.4135 -8.7232 -2.5017 0.9639
-0.7836 -8.8021 -2.5017 0.9639
-0.4670 -8.8246 -2.5017 0.9639
-0.1497 -8.8356 -2.5017 0.9639
0.4849 -8.8236 -2.5017 0.9639
1.1170 -8.7660 -2.5017 0.9639
1.4311 -8.7202 -2.5017 0.9639
1.7434 -8.6632 -2.5017 0.9639
2.3608 -8.5157 -2.5016 0.9639
2.6651 -8.4254 -2.5016 0.9639
3.2630 -8.2123 -2.5016 0.9639
3.8441 -7.9569 -2.5016 0.9639
4.1274 -7.8137 -2.5016 0.9639
4.4054 -7.6604 -2.5016 0.9639
5.2038 -7.1421 -2.5016 0.9639
5.9418 -6.5409 -2.5016 0.9639
6.1728 -6.3233 -2.5016 0.9639
6.3960 -6.0975 -2.5016 0.9639
6.6108 -5.8639 -2.5016 0.9639
6.8172 -5.6227 -2.5016 0.9639
7.3824 -4.8568 -2.5016 0.9639
7.5520 -4.5885 -2.5016 0.9639
7.7120 -4.3143 -2.5016 0.9639
7.8619 -4.0345 -2.5016 0.9639
8.1313 -3.4598 -2.5016 0.9639
8.2503 -3.1655 -2.5016 0.9639
8.3586 -2.8672 -2.5016 0.9639
8.6831 -1.6407 -2.5016 0.9639
8.7364 -1.3278 -2.5016 0.9639
5.3240 -0.2294 -1.5086 0.9781
8.8182 0.5714 -2.5016 0.9639
8.7545 1.2030 -2.5016 0.9639
8.7056 1.5166 -2.5016 0.9639
8.5743 2.1376 -2.5016 0.9639
8.3987 2.7476 -2.5016 0.9639
8.2946 3.0475 -2.5016 0.9639
8.0409 3.6289 -2.4974 0.9640
6.9976 4.4619 -2.3494 0.9661
6.8329 4.7104 -2.3494 0.9661
6.6593 4.9528 -2.3494 0.9661
6.4771 5.1887 -2.3494 0.9661
6.0880 5.6403 -2.3494 0.9661
5.4460 6.2624 -2.3494 0.9661
4.7408 6.8119 -2.3495 0.9661
4.2396 7.1346 -2.3495 0.9661
3.7165 7.4206 -2.3495 0.9661
3.4476 7.5493 -2.3495 0.9661
2.6156 7.8763 -2.3495 0.9661
2.0435 8.0438 -2.3495 0.9661
1.7533 8.1120 -2.3495 0.9661
1.1664 8.2170 -2.3495 0.9661
0.8706 8.2536 -2.3495 0.9661
0.2758 8.2948 -2.3495 0.9661
-0.0222 8.2993 -2.3495 0.9661
-0.6179 8.2763 -2.3495 0.9661
-1.5046 8.1619 -2.3495 0.9661
-1.6261 7.3332 -2.1264 0.9693
-2.5518 7.5488 -2.2558 0.9674
-2.3827 6.2937 -1.9051 0.9724
-2.7433 5.9229 -1.8479 0.9732
-3.0039 5.9182 -1.8789 0.9728
-3.3498 5.1414 -1.7372 0.9748
-3.6340 5.1623 -1.7872 0.9741
-5.2523 6.4262 -2.3495 0.9661
-5.7000 6.0326 -2.3495 0.9661
-5.9130 5.8240 -2.3495 0.9661
-6.1184 5.6078 -2.3495 0.9661
-6.3158 5.3845 -2.3495 0.9661
-6.5051 5.1542 -2.3495 0.9661
-6.6861 4.9172 -2.3495 0.9661
-6.8583 4.6739 -2.3495 0.9661
-7.0218 4.4246 -2.3495 0.9661
-7.1762 4.1695 -2.3495 0.9661
-7.3213 3.9091 -2.3495 0.9661
-7.8179 3.8200 -2.4633 0.9645
-8.1981 3.2997 -2.5018 0.9639
-8.3113 3.0032 -2.5018 0.9639
-8.5861 2.0918 -2.5018 0.9639
-8.6557 1.7820 -2.5018 0.9639
-8.8348 0.2070 -2.5018 0.9639
-8.8269 -0.4277 -2.5018 0.9639
-8.8058 -0.7444 -2.5018 0.9639
-8.7734 -1.0602 -2.5017 0.9639
-8.6746 -1.6873 -2.5017 0.9639
-8.4428 -2.6105 -2.5017 0.9639
-8.1130 -3.5035 -2.5017 0.9639
-7.8406 -4.0768 -2.5017 0.9639
-7.5277 -4.6291 -2.5017 0.9639
-7.1760 -5.1576 -2.5017 0.9639
-6.9861 -5.4119 -2.5017 0.9639
-6.7872 -5.6594 -2.5017 0.9639
-6.3634 -6.1320 -2.5017 0.9639
-6.1391 -6.3566 -2.5017 0.9639
-5.6670 -6.7808 -2.5017 0.9639
-5.1656 -7.1701 -2.5017 0.9639
-4.9047 -7.3510 -2.5017 0.9639
-4.3644 -7.6841 -2.5017 0.9639
-4.0856 -7.8359 -2.5017 0.9639
-3.8015 -7.9776 -2.5017 0.9639
-3.5125 -8.1089 -2.5017 0.9639
-3.2190 -8.2298 -2.5017 0.9639
-2.6199 -8.4397 -2.5017 0.9639
-2.3151 -8.5283 -2.5017 0.9639
-1.6970 -8.6725 -2.5017 0.9639
-1.3844 -8.7278 -2.5017 0.9639
-1.0700 -8.7719 -2.5017 0.9639
0.1971 -8.8347 -2.5017 0.9639
1.1462 -8.7622 -2.5017 0.9639
1.4602 -8.7154 -2.5017 0.9639
1.7723 -8.6573 -2.5017 0.9639
2.0820 -8.5881 -2.5017 0.9639
2.3891 -8.5077 -2.5016 0.9639
2.6931 -8.4164 -2.5016 0.9639
2.9937 -8.3143 -2.5016 0.9639
3.2904 -8.2014 -2.5016 0.9639
3.8706 -7.9440 -2.5016 0.9639
4.1534 -7.7999 -2.5016 0.9639
4.4309 -7.6457 -2.5016 0.9639
4.7026 -7.4816 -2.5016 0.9639
4.9683 -7.3079 -2.5016 0.9639
5.2275 -7.1247 -2.5016 0.9639
5.7255 -6.7311 -2.5016 0.9639
5.9635 -6.5211 -2.5016 0.9639
6.4162 -6.0762 -2.5016 0.9639
7.0326 -5.3508 -2.5016 0.9639
7.3985 -4.8322 -2.5016 0.9639
7.7263 -4.2886 -2.5016 0.9639
8.1427 -3.4327 -2.5016 0.9639
8.2608 -3.1380 -2.5016 0.9639
8.3681 -2.8393 -2.5016 0.9639
8.5504 -2.2313 -2.5016 0.9639
8.7408 -1.2987 -2.5016 0.9639
8.7818 -0.9839 -2.5016 0.9639
8.8322 0.2838 -2.5016 0.9639
8.7890 0.9171 -2.5016 0.9639
8.7005 1.5456 -2.5016 0.9639
8.6394 1.8571 -2.5016 0.9639
8.5671 2.1662 -2.5016 0.9639
8.4838 2.4725 -2.5016 0.9639
7.6981 3.8447 -2.4360 0.9649
7.2867 3.9724 -2.3494 0.9661
6.9827 4.4852 -2.3494 0.9661
6.8172 4.7331 -2.3494 0.9661
6.4598 5.2103 -2.3494 0.9661
6.2685 5.4389 -2.3494 0.9661
6.0691 5.6606 -2.3494 0.9661
5.8619 5.8749 -2.3494 0.9661
5.6472 6.0816 -2.3494 0.9661
4.9603 6.6538 -2.3495 0.9661
4.7181 6.8277 -2.3495 0.9661
4.4698 6.9927 -2.3495 0.9661
3.1487 7.6788 -2.3495 0.9661
2.8709 7.7869 -2.3495 0.9661
2.5894 7.8850 -2.3495 0.9661
1.7262 8.1178 -2.3495 0.9661
1.1391 8.2208 -2.3495 0.9661
0.8431 8.2564 -2.3495 0.9661
0.5460 8.2814 -2.3495 0.9661
-0.3479 8.2921 -2.3495 0.9661
-1.2378 8.2066 -2.3495 0.9661
-2.5026 7.3225 -2.1907 0.9683
-2.7671 5.9225 -1.8506 0.9732
-4.0118 6.6196 -2.1913 0.9683
-3.3740 5.1410 -1.7408 0.9748
-3.9419 5.1571 -1.8376 0.9734
-5.2736 6.4086 -2.3495 0.9661
-5.9324 5.8042 -2.3495 0.9661
-6.1370 5.5874 -2.3495 0.9661
-6.8739 4.6510 -2.3495 0.9661
-7.3343 3.8847 -2.3495 0.9661
-8.0754 3.5604 -2.4984 0.9640
-8.4227 2.6747 -2.5018 0.9639
-8.5930 2.0632 -2.5018 0.9639
-8.7189 1.4410 -2.5018 0.9639
-8.7651 1.1269 -2.5018 0.9639
-8.7999 0.8114 -2.5018 0.9639
-8.8033 -0.7738 -2.5018 0.9639
-8.6690 -1.7162 -2.5017 0.9639
-8.6017 -2.0264 -2.5017 0.9639
-8.5234 -2.3340 -2.5017 0.9639
-8.3338 -2.9398 -2.5017 0.9639
-8.2229 -3.2372 -2.5017 0.9639
-8.1013 -3.5305 -2.5017 0.9639
-7.6746 -4.3814 -2.5017 0.9639
-7.3402 -4.9210 -2.5017 0.9639
-6.9680 -5.4352 -2.5017 0.9639
-6.1179 -6.3770 -2.5017 0.9639
-5.8849 -6.5926 -2.5017 0.9639
-5.6443 -6.7997 -2.5017 0.9639
-5.3965 -6.9980 -2.5017 0.9639
-4.8802 -7.3673 -2.5017 0.9639
-4.3388 -7.6986 -2.5017 0.9639
-4.0595 -7.8495 -2.5017 0.9639
-3.7749 -7.9902 -2.5017 0.9639
-3.4855 -8.1206 -2.5017 0.9639
-1.9787 -8.6126 -2.5017 0.9639
-1.3553 -8.7324 -2.5017 0.9639
-1.0408 -8.7754 -2.5017 0.9639
-0.4082 -8.8275 -2.5017 0.9639
-0.0909 -8.8364 -2.5017 0.9639
0.2265 -8.8340 -2.5017 0.9639
1.1754 -8.7584 -2.5017 0.9639
1.4892 -8.7105 -2.5017 0.9639
1.8011 -8.6514 -2.5017 0.9639
2.7212 -8.4074 -2.5016 0.9639
3.6097 -8.0660 -2.5016 0.9639
3.8970 -7.9311 -2.5016 0.9639
4.1794 -7.7860 -2.5016 0.9639
4.4563 -7.6309 -2.5016 0.9639
4.7275 -7.4659 -2.5016 0.9639
5.9852 -6.5012 -2.5016 0.9639
6.2148 -6.2820 -2.5016 0.9639
6.8545 -5.5771 -2.5016 0.9639
7.5824 -4.5381 -2.5016 0.9639
-6.6205 -4.7249 -2.5017 0.9665
-6.4465 -4.9597 -2.5017 0.9665
-6.2642 -5.1880 -2.5017 0.9665
-6.0738 -5.4096 -2.5017 0.9665
-5.4567 -6.0315 -2.5017 0.9665
-5.0097 -6.4077 -2.5017 0.9665
-4.7763 -6.5835 -2.5017 0.9665
-4.5368 -6.7507 -2.5017 0.9665
-3.5233 -7.3308 -2.5017 0.9665
-3.2577 -7.4526 -2.5017 0.9665
-2.1570 -7.8423 -2.5017 0.9665
-1.8739 -7.9147 -2.5017 0.9665
-1.5885 -7.9769 -2.5017 0.9665
-1.3009 -8.0288 -2.5017 0.9665
-1.0117 -8.0703 -2.5017 0.9665
-0.7212 -8.1014 -2.5017 0.9665
-0.4298 -8.1221 -2.5017 0.9665
-0.1378 -8.1323 -2.5017 0.9665
0.4463 -8.1212 -2.5017 0.9665
1.0281 -8.0682 -2.5017 0.9665
1.3172 -8.0260 -2.5017 0.9665
1.6046 -7.9735 -2.5017 0.9665
2.4529 -7.7547 -2.5016 0.9665
3.2728 -7.4458 -2.5016 0.9665
3.5381 -7.3235 -2.5016 0.9665
4.7895 -6.5735 -2.5016 0.9665
5.0225 -6.3973 -2.5016 0.9665
5.6815 -5.8199 -2.5016 0.9665
6.0846 -5.3971 -2.5016 0.9665
6.6298 -4.7113 -2.5016 0.9665
6.7947 -4.4702 -2.5016 0.9665
7.2361 -3.7134 -2.5016 0.9665
7.3648 -3.4511 -2.5016 0.9665
7.5935 -2.9135 -2.5016 0.9665
7.8628 -2.0799 -2.5016 0.9665
7.9325 -1.7961 -2.5016 0.9665
7.9918 -1.5101 -2.5016 0.9665
8.0409 -1.2221 -2.5016 0.9665
5.3130 -0.2289 -1.6357 0.9780
5.2964 -0.0378 -1.6291 0.9781
8.0921 0.8171 -2.5016 0.9665
8.0576 1.1072 -2.5016 0.9665
8.0126 1.3959 -2.5016 0.9665
7.8917 1.9675 -2.5016 0.9665
7.8160 2.2496 -2.5016 0.9665
7.7301 2.5289 -2.5016 0.9665
7.6343 2.8049 -2.5016 0.9665
7.5287 3.0773 -2.5016 0.9665
7.4133 3.3457 -2.5016 0.9665
7.2777 3.6045 -2.4980 0.9666
7.1033 3.8418 -2.4839 0.9668
6.5886 3.8755 -2.3511 0.9685
5.7861 4.9867 -2.3494 0.9685
5.6033 5.1913 -2.3494 0.9685
5.4133 5.3892 -2.3494 0.9685
5.0125 5.7639 -2.3495 0.9685
4.8022 5.9402 -2.3495 0.9685
4.5858 6.1089 -2.3495 0.9685
3.6637 6.7026 -2.3495 0.9685
2.6662 7.1582 -2.3495 0.9685
2.4074 7.2493 -2.3495 0.9685
1.3445 7.5194 -2.3495 0.9685
1.0736 7.5628 -2.3495 0.9685
0.5279 7.6204 -2.3495 0.9685
0.2539 7.6344 -2.3495 0.9685
-0.0205 7.6386 -2.3495 0.9685
-0.2948 7.6330 -2.3495 0.9685
-0.5688 7.6175 -2.3495 0.9685
-1.1141 7.5570 -2.3495 0.9685
-1.3848 7.5121 -2.3495 0.9685
-1.5379 6.9355 -2.1850 0.9707
-1.6071 6.1869 -1.9661 0.9736
-2.4005 5.1827 -1.7568 0.9764
-4.8341 5.9146 -2.3495 0.9685
-5.4423 5.3603 -2.3495 0.9685
-5.8130 4.9558 -2.3495 0.9685
-6.3124 4.3018 -2.3495 0.9685
-6.4628 4.0723 -2.3495 0.9685
-7.2980 3.5660 -2.4983 0.9666
-7.6496 2.7641 -2.5017 0.9665
-7.7440 2.4876 -2.5017 0.9665
-7.8283 2.2078 -2.5017 0.9665
-7.9666 1.6402 -2.5017 0.9665
-8.0204 1.3530 -2.5017 0.9665
-8.0638 1.0641 -2.5017 0.9665
-8.1330 -0.1016 -2.5017 0.9665
-8.0749 -0.9758 -2.5017 0.9665
-7.9840 -1.5530 -2.5017 0.9665
-7.9231 -1.8387 -2.5017 0.9665
-7.6794 -2.6802 -2.5017 0.9665
-7.5781 -2.9543 -2.5017 0.9665
-7.3465 -3.4907 -2.5017 0.9665
-7.2164 -3.7523 -2.5017 0.9665
-7.0770 -4.0090 -2.5017 0.9665
-6.7709 -4.5067 -2.5017 0.9665
-6.6047 -4.7470 -2.5017 0.9665
-6.2469 -5.2088 -2.5017 0.9665
-6.0558 -5.4298 -2.5017 0.9665
-5.6504 -5.8505 -2.5017 0.9665
-5.2158 -6.2410 -2.5017 0.9665
-4.9883 -6.4243 -2.5017 0.9665
-4.2684 -6.9236 -2.5017 0.9665
-3.7603 -7.2121 -2.5017 0.9665
-3.4989 -7.3425 -2.5017 0.9665
-3.2329 -7.4634 -2.5017 0.9665
-2.9628 -7.5747 -2.5017 0.9665
-2.1308 -7.8494 -2.5017 0.9665
-1.8476 -7.9209 -2.5017 0.9665
-1.5619 -7.9821 -2.5017 0.9665
-0.4028 -8.1235 -2.5017 0.9665
-0.1107 -8.1327 -2.5017 0.9665
1.3439 -8.0216 -2.5017 0.9665
1.9163 -7.9044 -2.5017 0.9665
2.4788 -7.7465 -2.5016 0.9665
2.7554 -7.6524 -2.5016 0.9665
3.0284 -7.5485 -2.5016 0.9665
3.5625 -7.3116 -2.5016 0.9665
4.0781 -7.0370 -2.5016 0.9665
4.3282 -6.8860 -2.5016 0.9665
4.8114 -6.5576 -2.5016 0.9665
5.0438 -6.3805 -2.5016 0.9665
5.2697 -6.1952 -2.5016 0.9665
5.4888 -6.0020 -2.5016 0.9665
5.7008 -5.8010 -2.5016 0.9665
7.1112 -3.9472 -2.5016 0.9665
7.4945 -3.1594 -2.5016 0.9665
7.6032 -2.8882 -2.5016 0.9665
7.7020 -2.6133 -2.5016 0.9665
7.7909 -2.3350 -2.5016 0.9665
7.8697 -2.0537 -2.5016 0.9665
7.9384 -1.7697 -2.5016 0.9665
7.9968 -1.4834 -2.5016 0.9665
5.3113 -0.4026 -1.6383 0.9780
5.3143 -0.2112 -1.6359 0.9780
5.3000 -0.0202 -1.6302 0.9781
8.1291 0.2612 -2.5016 0.9665
8.1144 0.5530 -2.5016 0.9665
8.0894 0.8441 -2.5016 0.9665
7.5184 3.1023 -2.5016 0.9665
7.4021 3.3704 -2.5016 0.9665
7.2645 3.6281 -2.4976 0.9666
7.0525 3.8447 -2.4706 0.9669
6.5710 3.8947 -2.3494 0.9685
6.2745 4.3563 -2.3494 0.9685
5.7695 5.0060 -2.3494 0.9685
5.1976 5.5975 -2.3494 0.9685
4.9932 5.7806 -2.3495 0.9685
4.5654 6.1241 -2.3495 0.9685
4.3425 6.2841 -2.3495 0.9685
4.1140 6.4360 -2.3495 0.9685
3.8802 6.5796 -2.3495 0.9685
3.3979 6.8412 -2.3495 0.9685
3.1500 6.9588 -2.3495 0.9685
2.6423 7.1670 -2.3495 0.9685
2.3832 7.2573 -2.3495 0.9685
1.5888 7.4716 -2.3495 0.9685
1.3194 7.5238 -2.3495 0.9685
0.7760 7.5991 -2.3495 0.9685
0.2285 7.6352 -2.3495 0.9685
-0.0459 7.6385 -2.3495 0.9685
-0.5941 7.6156 -2.3495 0.9685
-0.8673 7.5893 -2.3495 0.9685
-1.4098 7.5075 -2.3495 0.9685
-1.5593 6.9224 -2.1825 0.9707
-1.6056 6.0977 -1.9394 0.9740
-2.0372 6.7431 -2.1666 0.9710
-2.2079 6.4604 -2.0999 0.9718
-3.1336 5.1706 -1.8596 0.9750
-3.3778 5.1469 -1.8935 0.9746
-3.6594 5.1618 -1.9462 0.9739
-3.9419 5.1571 -1.9965 0.9732
-4.8538 5.8985 -2.3495 0.9685
-5.0625 5.7203 -2.3495 0.9685
-6.0030 4.7239 -2.3495 0.9685
-6.3267 4.2808 -2.3495 0.9685
-6.6587 3.8393 -2.3641 0.9683
-7.1667 3.7960 -2.4944 0.9666
-7.4424 3.2813 -2.5017 0.9665
-7.5555 3.0119 -2.5017 0.9665
-7.6588 2.7386 -2.5017 0.9665
-7.7522 2.4617 -2.5017 0.9665
-7.9089 1.8989 -2.5017 0.9665
-7.9720 1.6136 -2.5017 0.9665
-8.0673 1.0372 -2.5017 0.9665
-8.0993 0.7468 -2.5017 0.9665
-8.1228 -0.4207 -2.5017 0.9665
-8.0716 -1.0027 -2.5017 0.9665
-7.9788 -1.5795 -2.5017 0.9665
-7.9169 -1.8651 -2.5017 0.9665
-7.8448 -2.1482 -2.5017 0.9665
-7.7626 -2.4286 -2.5017 0.9665
-7.6704 -2.7058 -2.5017 0.9665
-7.4564 -3.2494 -2.5017 0.9665
-7.3349 -3.5151 -2.5017 0.9665
-7.2039 -3.7763 -2.5017 0.9665
-7.0636 -4.0326 -2.5017 0.9665
-6.9142 -4.2837 -2.5017 0.9665
-6.4133 -5.0025 -2.5017 0.9665
-6.0377 -5.4500 -2.5017 0.9665
-5.6309 -5.8693 -2.5017 0.9665
-5.1950 -6.2584 -2.5017 0.9665
-4.9669 -6.4409 -2.5017 0.9665
-4.4917 -6.7808 -2.5017 0.9665
-4.2453 -6.9377 -2.5017 0.9665
-3.9934 -7.0857 -2.5017 0.9665
-3.7363 -7.2246 -2.5017 0.9665
-3.4744 -7.3541 -2.5017 0.9665
-2.1047 -7.8565 -2.5017 0.9665
-1.8212 -7.9270 -2.5017 0.9665
-1.5353 -7.9873 -2.5017 0.9665
-0.9580 -8.0768 -2.5017 0.9665
-0.3757 -8.1248 -2.5017 0.9665
0.7916 -8.0948 -2.5017 0.9665
1.0818 -8.0611 -2.5017 0.9665
1.3706 -8.0171 -2.5017 0.9665
1.6577 -7.9627 -2.5017 0.9665
2.5045 -7.7381 -2.5016 0.9665
3.3223 -7.4239 -2.5016 0.9665
3.8467 -7.1662 -2.5016 0.9665
4.1016 -7.0234 -2.5016 0.9665
4.3512 -6.8716 -2.5016 0.9665
4.5951 -6.7109 -2.5016 0.9665
4.8332 -6.5415 -2.5016 0.9665
5.0650 -6.3637 -2.5016 0.9665
5.7201 -5.7820 -2.5016 0.9665
5.9240 -5.5728 -2.5016 0.9665
6.1204 -5.3564 -2.5016 0.9665
6.3088 -5.1332 -2.5016 0.9665
6.6610 -4.6670 -2.5016 0.9665
7.1243 -3.9235 -2.5016 0.9665
7.2607 -3.6651 -2.5016 0.9665
-6.4240 -3.9210 -2.5017 0.9688
-6.2791 -4.1492 -2.5017 0.9688
-5.9650 -4.5892 -2.5017 0.9688
-5.7963 -4.8005 -2.5017 0.9688
-5.6202 -5.0056 -2.5017 0.9688
-4.4196 -6.0917 -2.5017 0.9688
-4.1979 -6.2465 -2.5017 0.9688
-3.9709 -6.3933 -2.5017 0.9688
-3.7387 -6.5317 -2.5017 0.9688
-3.5017 -6.6618 -2.5017 0.9688
-3.2602 -6.7833 -2.5017 0.9688
-3.0144 -6.8960 -2.5017 0.9688
-2.7648 -6.9998 -2.5017 0.9688
-1.7340 -7.3235 -2.5017 0.9688
-1.4698 -7.3811 -2.5017 0.9688
-1.2038 -7.4291 -2.5017 0.9688
-0.9362 -7.4675 -2.5017 0.9688
-0.6674 -7.4963 -2.5017 0.9688
0.1428 -7.5246 -2.5017 0.9688
0.6826 -7.4949 -2.5017 0.9688
0.9513 -7.4656 -2.5017 0.9688
2.0106 -7.2524 -2.5017 0.9688
3.7518 -6.5240 -2.5016 0.9688
3.9837 -6.3850 -2.5016 0.9688
4.2105 -6.2378 -2.5016 0.9688
4.4318 -6.0826 -2.5016 0.9688
4.8570 -5.7487 -2.5016 0.9688
5.0604 -5.5706 -2.5016 0.9688
5.6301 -4.9940 -2.5016 0.9688
5.9741 -4.5769 -2.5016 0.9688
6.1346 -4.3594 -2.5016 0.9688
6.4317 -3.9078 -2.5016 0.9688
6.8147 -3.1933 -2.5016 0.9688
6.9250 -2.9465 -2.5016 0.9688
7.2756 -1.9245 -2.5016 0.9688
7.3400 -1.6620 -2.5016 0.9688
7.4404 -1.1308 -2.5016 0.9688
7.4762 -0.8628 -2.5016 0.9688
7.5227 0.2166 -2.5016 0.9688
7.4877 0.7561 -2.5016 0.9688
7.3023 1.8205 -2.5016 0.9688
7.1528 2.3400 -2.5016 0.9688
6.9664 2.8474 -2.5016 0.9688
6.8596 3.0958 -2.5016 0.9688
6.7440 3.3402 -2.5016 0.9688
6.6116 3.5758 -2.4986 0.9688
6.4688 3.8051 -2.4947 0.9689
5.5163 4.4190 -2.3494 0.9706
5.0090 4.9867 -2.3494 0.9706
4.8266 5.1634 -2.3495 0.9706
4.6381 5.3334 -2.3495 0.9706
4.4435 5.4965 -2.3495 0.9706
4.0375 5.8014 -2.3495 0.9706
3.8266 5.9426 -2.3495 0.9706
3.6107 6.0762 -2.3495 0.9706
2.2276 6.7079 -2.3495 0.9706
1.7403 6.8505 -2.3495 0.9706
1.4932 6.9086 -2.3495 0.9706
1.2441 6.9578 -2.3495 0.9706
0.4885 7.0512 -2.3495 0.9706
0.2349 7.0642 -2.3495 0.9706
-0.0189 7.0681 -2.3495 0.9706
-0.7791 7.0251 -2.3495 0.9706
-1.2814 6.9511 -2.3495 0.9706
-1.6071 6.1869 -2.1248 0.9734
-1.5930 5.3369 -1.8514 0.9768
-1.7556 5.1935 -1.8223 0.9772
-1.9648 5.1900 -1.8447 0.9769
-2.1795 5.1864 -1.8700 0.9766
-3.3662 5.1667 -2.0498 0.9743
-3.6340 5.1623 -2.0985 0.9737
-4.4731 5.4728 -2.3495 0.9706
-4.6668 5.3086 -2.3495 0.9706
-5.2107 4.7759 -2.3495 0.9706
-5.3788 4.5857 -2.3495 0.9706
-5.6942 4.1877 -2.3495 0.9706
-6.0857 3.8348 -2.3910 0.9701
-6.6312 3.5406 -2.4988 0.9688
-6.8764 3.0591 -2.5017 0.9688
-6.9818 2.8102 -2.5017 0.9688
-7.1656 2.3017 -2.5017 0.9688
-7.3123 1.7814 -2.5017 0.9688
-7.4213 1.2519 -2.5017 0.9688
-7.4920 0.7160 -2.5017 0.9688
-7.5241 0.1763 -2.5017 0.9688
-7.5174 -0.3643 -2.5017 0.9688
-7.4718 -0.9029 -2.5017 0.9688
-7.4346 -1.1707 -2.5017 0.9688
-7.3877 -1.4370 -2.5017 0.9688
-7.3313 -1.7014 -2.5017 0.9688
-7.1903 -2.2233 -2.5017 0.9688
-7.0121 -2.7337 -2.5017 0.9688
-6.9094 -2.9837 -2.5017 0.9688
-6.6774 -3.4720 -2.5017 0.9688
-6.2652 -4.1701 -2.5017 0.9688
-5.9497 -4.6091 -2.5017 0.9688
-5.6035 -5.0243 -2.5017 0.9688
-5.0305 -5.5978 -2.5017 0.9688
-4.3992 -6.1064 -2.5017 0.9688
-3.7169 -6.5442 -2.5017 0.9688
-3.2375 -6.7941 -2.5017 0.9688
-2.9914 -6.9060 -2.5017 0.9688
-2.2313 -7.1876 -2.5017 0.9688
-1.4452 -7.3859 -2.5017 0.9688
-1.1790 -7.4331 -2.5017 0.9688
-0.6424 -7.4985 -2.5017 0.9688
0.1679 -7.5241 -2.5017 0.9688
0.4380 -7.5132 -2.5017 0.9688
0.7075 -7.4926 -2.5017 0.9688
1.2436 -7.4225 -2.5017 0.9688
1.7732 -7.3140 -2.5017 0.9688
3.2964 -6.7656 -2.5016 0.9688
3.5373 -6.6428 -2.5016 0.9688
4.2312 -6.2238 -2.5016 0.9688
4.4520 -6.0678 -2.5016 0.9688
4.6671 -5.9040 -2.5016 0.9688
4.8761 -5.7325 -2.5016 0.9688
5.8218 -4.7692 -2.5016 0.9688
5.9893 -4.5570 -2.5016 0.9688
6.3010 -4.1153 -2.5016 0.9688
6.5801 -3.6524 -2.5016 0.9688
6.8253 -3.1706 -2.5016 0.9688
6.9348 -2.9235 -2.5016 0.9688
7.1268 -2.4181 -2.5016 0.9688
7.2090 -2.1606 -2.5016 0.9688
7.3455 -1.6375 -2.5016 0.9688
7.4441 -1.1060 -2.5016 0.9688
5.3001 -0.4017 -1.7668 0.9778
5.1941 -0.0198 -1.7265 0.9783
7.5084 0.5117 -2.5016 0.9688
7.4852 0.7810 -2.5016 0.9688
7.4523 1.0494 -2.5016 0.9688
7.3578 1.5816 -2.5016 0.9688
7.1450 2.3638 -2.5016 0.9688
7.0555 2.6189 -2.5016 0.9688
6.9569 2.8706 -2.5016 0.9688
6.8493 3.1186 -2.5016 0.9688
6.7328 3.3626 -2.5016 0.9688
6.0230 3.8687 -2.3795 0.9703
5.8058 4.0310 -2.3494 0.9706
5.5015 4.4373 -2.3494 0.9706
4.9923 5.0034 -2.3494 0.9706
4.2244 5.6667 -2.3495 0.9706
3.8067 5.9553 -2.3495 0.9706
3.5904 6.0882 -2.3495 0.9706
3.3694 6.2132 -2.3495 0.9706
3.1441 6.3303 -2.3495 0.9706
2.9147 6.4391 -2.3495 0.9706
2.6816 6.5396 -2.3495 0.9706
2.4450 6.6317 -2.3495 0.9706
2.2052 6.7153 -2.3495 0.9706
1.4701 6.9135 -2.3495 0.9706
0.9701 7.0012 -2.3495 0.9706
-0.5497 7.0468 -2.3495 0.9706
-1.3045 6.9467 -2.3495 0.9706
-1.5180 6.7392 -2.2963 0.9713
-1.5611 5.1672 -1.7943 0.9775
-1.7748 5.1931 -1.8243 0.9771
-1.9845 5.1897 -1.8469 0.9769
-2.1997 5.1861 -1.8725 0.9765
-2.6502 5.1786 -1.9337 0.9758
-2.8872 5.1747 -1.9697 0.9753
-3.1336 5.1706 -2.0097 0.9748
-3.3905 5.1663 -2.0541 0.9743
-3.9419 5.1571 -2.1577 0.9730
-4.6844 5.2931 -2.3495 0.9706
-4.8715 5.1214 -2.3495 0.9706
-5.0523 4.9431 -2.3495 0.9706
-5.3941 4.5677 -2.3495 0.9706
-5.5547 4.3711 -2.3495 0.9706
-5.8541 3.9610 -2.3495 0.9706
-6.1275 3.8326 -2.4024 0.9700
-6.8866 3.0362 -2.5017 0.9688
-6.9912 2.7869 -2.5017 0.9688
-7.0867 2.5340 -2.5017 0.9688
-7.3182 1.7571 -2.5017 0.9688
-7.3766 1.4931 -2.5017 0.9688
-7.4254 1.2272 -2.5017 0.9688
-7.4647 0.9597 -2.5017 0.9688
-7.4944 0.6910 -2.5017 0.9688
-7.5144 0.4214 -2.5017 0.9688
-7.5252 -0.1191 -2.5017 0.9688
-7.4306 -1.1955 -2.5017 0.9688
-7.3829 -1.4616 -2.5017 0.9688
-7.2589 -1.9878 -2.5017 0.9688
-7.0975 -2.5037 -2.5017 0.9688
-7.0030 -2.7570 -2.5017 0.9688
-6.8995 -3.0067 -2.5017 0.9688
-6.0967 -4.4127 -2.5017 0.9688
-5.9343 -4.6289 -2.5017 0.9688
-5.7642 -4.8390 -2.5017 0.9688
-5.5867 -5.0429 -2.5017 0.9688
-5.2103 -5.4309 -2.5017 0.9688
-5.0119 -5.6145 -2.5017 0.9688
-4.8070 -5.7909 -2.5017 0.9688
-4.3789 -6.1210 -2.5017 0.9688
-3.4572 -6.6850 -2.5017 0.9688
-3.2149 -6.8048 -2.5017 0.9688
-2.7181 -7.0180 -2.5017 0.9688
-2.4643 -7.1111 -2.5017 0.9688
-2.2073 -7.1950 -2.5017 0.9688
-1.6851 -7.3349 -2.5017 0.9688
-0.6174 -7.5006 -2.5017 0.9688
-0.3476 -7.5179 -2.5017 0.9688
0.1929 -7.5235 -2.5017 0.9688
0.4630 -7.5117 -2.5017 0.9688
0.7325 -7.4902 -2.5017 0.9688
2.5731 -7.0723 -2.5016 0.9688
2.8255 -6.9754 -2.5016 0.9688
3.0742 -6.8694 -2.5016 0.9688
3.3189 -6.7545 -2.5016 0.9688
3.5594 -6.6310 -2.5016 0.9688
4.0262 -6.3583 -2.5016 0.9688
4.2519 -6.2096 -2.5016 0.9688
4.6867 -5.8884 -2.5016 0.9688
5.0973 -5.5368 -2.5016 0.9688
5.6633 -4.9564 -2.5016 0.9688
6.0044 -4.5371 -2.5016 0.9688
6.1635 -4.3185 -2.5016 0.9688
6.3146 -4.0943 -2.5016 0.9688
-5.9713 -3.6447 -2.5017 0.9707
-5.3878 -4.4622 -2.5017 0.9707
-5.2241 -4.6528 -2.5017 0.9707
-4.3088 -5.5112 -2.5017 0.9707
-4.1081 -5.6624 -2.5017 0.9707
-3.9021 -5.8063 -2.5017 0.9707
-3.2549 -6.1923 -2.5017 0.9707
-2.8020 -6.4100 -2.5017 0.9707
-2.5700 -6.5065 -2.5017 0.9707
-2.3346 -6.5946 -2.5017 0.9707
-2.0963 -6.6742 -2.5017 0.9707
-1.8552 -6.7451 -2.5017 0.9707
-1.6118 -6.8074 -2.5017 0.9707
-1.1189 -6.9055 -2.5017 0.9707
0.8843 -6.9394 -2.5017 0.9707
1.1329 -6.9032 -2.5017 0.9707
1.3801 -6.8581 -2.5017 0.9707
1.8689 -6.7413 -2.5017 0.9707
2.1098 -6.6698 -2.5017 0.9707
2.8149 -6.4042 -2.5016 0.9707
3.0431 -6.2989 -2.5016 0.9707
3.4874 -6.0642 -2.5016 0.9707
3.7030 -5.9351 -2.5016 0.9707
4.1195 -5.6539 -2.5016 0.9707
4.3198 -5.5023 -2.5016 0.9707
4.7037 -5.1780 -2.5016 0.9707
5.0633 -4.8270 -2.5016 0.9707
5.2334 -4.6421 -2.5016 0.9707
5.3967 -4.4511 -2.5016 0.9707
5.5531 -4.2544 -2.5016 0.9707
5.7023 -4.0522 -2.5016 0.9707
5.9785 -3.6324 -2.5016 0.9707
6.1051 -3.4154 -2.5016 0.9707
6.3345 -2.9683 -2.5016 0.9707
6.6170 -2.2698 -2.5016 0.9707
6.6942 -2.0306 -2.5016 0.9707
6.8227 -1.5449 -2.5016 0.9707
6.8738 -1.2988 -2.5016 0.9707
6.9493 -0.8020 -2.5016 0.9707
6.9736 -0.5519 -2.5016 0.9707
6.9808 0.4524 -2.5016 0.9707
6.8917 1.2006 -2.5016 0.9707
6.6487 2.1751 -2.5016 0.9707
6.5663 2.4125 -2.5016 0.9707
6.4754 2.6468 -2.5016 0.9707
6.3762 2.8776 -2.5016 0.9707
6.2687 3.1048 -2.5016 0.9707
6.1532 3.3279 -2.5016 0.9707
5.6013 3.8614 -2.4329 0.9715
4.9767 4.2891 -2.3494 0.9725
4.6560 4.6353 -2.3495 0.9725
4.1304 5.1092 -2.3495 0.9725
3.9442 5.2542 -2.3495 0.9725
3.7530 5.3925 -2.3495 0.9725
3.5569 5.5238 -2.3495 0.9725
3.1512 5.7649 -2.3495 0.9725
2.9421 5.8744 -2.3495 0.9725
2.7292 5.9763 -2.3495 0.9725
2.2932 6.1568 -2.3495 0.9725
1.8453 6.3055 -2.3495 0.9725
1.3879 6.4217 -2.3495 0.9725
-0.2536 6.5651 -2.3495 0.9725
-0.4892 6.5518 -2.3495 0.9725
-0.7242 6.5300 -2.3495 0.9725
-0.9582 6.4998 -2.3495 0.9725
-1.1911 6.4612 -2.3495 0.9725
-1.5930 5.3369 -1.9917 0.9766
-1.7556 5.1935 -1.9605 0.9770
-1.9648 5.1900 -1.9845 0.9767
-2.1795 5.1864 -2.0118 0.9764
-2.4005 5.1827 -2.0425 0.9760
-2.6286 5.1790 -2.0769 0.9756
-2.8649 5.1750 -2.1153 0.9752
-3.1104 5.1710 -2.1579 0.9747
-3.5519 5.0457 -2.2066 0.9741
-3.8267 5.0411 -2.2633 0.9735
-4.1163 5.0363 -2.3261 0.9727
-4.3379 4.9345 -2.3495 0.9725
-4.5123 4.7755 -2.3495 0.9725
-4.6809 4.6104 -2.3495 0.9725
-4.8435 4.4393 -2.3495 0.9725
-4.9998 4.2625 -2.3495 0.9725
-5.1496 4.0802 -2.3495 0.9725
-5.2929 3.8926 -2.3495 0.9725
-5.6168 3.8278 -2.4307 0.9715
-6.3918 2.8435 -2.5017 0.9707
-6.5794 2.3774 -2.5017 0.9707
-6.7331 1.8989 -2.5017 0.9707
-6.8983 1.1637 -2.5017 0.9707
-6.9834 0.4150 -2.5017 0.9707
-6.9876 -0.3386 -2.5017 0.9707
-6.9452 -0.8393 -2.5017 0.9707
-6.9106 -1.0882 -2.5017 0.9707
-6.8671 -1.3357 -2.5017 0.9707
-6.8147 -1.5815 -2.5017 0.9707
-6.6050 -2.3053 -2.5017 0.9707
-6.2068 -3.2273 -2.5017 0.9707
-6.0869 -3.4482 -2.5017 0.9707
-5.6807 -4.0829 -2.5017 0.9707
-5.5304 -4.2843 -2.5017 0.9707
-5.2086 -4.6702 -2.5017 0.9707
-5.0375 -4.8542 -2.5017 0.9707
-4.8599 -5.0320 -2.5017 0.9707
-4.6760 -5.2033 -2.5017 0.9707
-4.2904 -5.5256 -2.5017 0.9707
-4.0892 -5.6761 -2.5017 0.9707
-3.6712 -5.9550 -2.5017 0.9707
-3.4550 -6.0830 -2.5017 0.9707
-3.2343 -6.2031 -2.5017 0.9707
-3.0094 -6.3153 -2.5017 0.9707
-2.7806 -6.4193 -2.5017 0.9707
-2.0740 -6.6811 -2.5017 0.9707
-1.8327 -6.7513 -2.5017 0.9707
-1.5891 -6.8127 -2.5017 0.9707
-1.0959 -6.9092 -2.5017 0.9707
-0.5971 -6.9701 -2.5017 0.9707
-0.3464 -6.9870 -2.5017 0.9707
0.6577 -6.9646 -2.5017 0.9707
1.1559 -6.8994 -2.5017 0.9707
1.4030 -6.8534 -2.5017 0.9707
2.8363 -6.3948 -2.5016 0.9707
3.0641 -6.2888 -2.5016 0.9707
3.2880 -6.1747 -2.5016 0.9707
3.5076 -6.0526 -2.5016 0.9707
4.7209 -5.1623 -2.5016 0.9707
5.5672 -4.2359 -2.5016 0.9707
5.8569 -3.8253 -2.5016 0.9707
6.3443 -2.9472 -2.5016 0.9707
6.4461 -2.7174 -2.5016 0.9707
6.5395 -2.4842 -2.5016 0.9707
6.6245 -2.2477 -2.5016 0.9707
6.7010 -2.0083 -2.5016 0.9707
6.7688 -1.7664 -2.5016 0.9707
6.8781 -1.2759 -2.5016 0.9707
6.9520 -0.7789 -2.5016 0.9707
5.2897 -0.2102 -1.8931 0.9778
6.9793 0.4756 -2.5016 0.9707
6.9271 0.9754 -2.5016 0.9707
6.8876 1.2236 -2.5016 0.9707
6.6414 2.1972 -2.5016 0.9707
6.5582 2.4344 -2.5016 0.9707
6.1421 3.3484 -2.5016 0.9707
6.0111 3.5629 -2.4988 0.9708
5.8710 3.7711 -2.4953 0.9708
5.5646 3.8635 -2.4226 0.9716
5.2586 3.9383 -2.3494 0.9725
4.9624 4.3056 -2.3494 0.9725
4.6405 4.6508 -2.3495 0.9725
4.4705 4.8144 -2.3495 0.9725
4.2947 4.9719 -2.3495 0.9725
4.1133 5.1229 -2.3495 0.9725
3.9267 5.2673 -2.3495 0.9725
3.5385 5.5356 -2.3495 0.9725
3.1320 5.7754 -2.3495 0.9725
2.4926 6.0788 -2.3495 0.9725
2.0498 6.2420 -2.3495 0.9725
1.8243 6.3116 -2.3495 0.9725
1.1349 6.4713 -2.3495 0.9725
0.9017 6.5078 -2.3495 0.9725
0.1965 6.5671 -2.3495 0.9725
-0.5110 6.5501 -2.3495 0.9725
-0.9799 6.4966 -2.3495 0.9725
-1.5541 5.9020 -2.1825 0.9744
-1.7748 5.1931 -1.9626 0.9770
-1.9845 5.1897 -1.9869 0.9767
-2.4213 5.1824 -2.0456 0.9760
-3.1336 5.1706 -2.1621 0.9746
-3.5768 5.0453 -2.2116 0.9741
-4.1440 5.0358 -2.3322 0.9727
-4.5282 4.7605 -2.3495 0.9725
-4.8582 4.4232 -2.3495 0.9725
-5.1632 4.0630 -2.3495 0.9725
-5.3058 3.8749 -2.3495 0.9725
-6.1821 3.2745 -2.5017 0.9707
-6.2957 3.0503 -2.5017 0.9707
-6.8024 1.6333 -2.5017 0.9707
-6.9021 1.1407 -2.5017 0.9707
-6.9662 0.6423 -2.5017 0.9707
-6.9689 -0.6125 -2.5017 0.9707
-6.9424 -0.8624 -2.5017 0.9707
-6.9069 -1.1112 -2.5017 0.9707
-6.7473 -1.8477 -2.5017 0.9707
-6.6766 -2.0888 -2.5017 0.9707
-6.3087 -3.0234 -2.5017 0.9707
-6.1960 -3.2480 -2.5017 0.9707
-6.0754 -3.4684 -2.5017 0.9707
-5.9469 -3.6844 -2.5017 0.9707
-5.6671 -4.1018 -2.5017 0.9707
-5.5161 -4.3026 -2.5017 0.9707
-5.1930 -4.6875 -2.5017 0.9707
-4.8431 -5.0482 -2.5017 0.9707
-4.4682 -5.3828 -2.5017 0.9707
-3.4347 -6.0944 -2.5017 0.9707
-3.2136 -6.2139 -2.5017 0.9707
-2.9883 -6.3253 -2.5017 0.9707
-2.7592 -6.4285 -2.5017 0.9707
-1.8102 -6.7573 -2.5017 0.9707
-1.5664 -6.8180 -2.5017 0.9707
-1.3205 -6.8698 -2.5017 0.9707
-1.0729 -6.9128 -2.5017 0.9707
-0.8239 -6.9469 -2.5017 0.9707
-0.5739 -6.9720 -2.5017 0.9707
-0.3231 -6.9881 -2.5017 0.9707
-0.0720 -6.9952 -2.5017 0.9707
0.1793 -6.9933 -2.5017 0.9707
0.9305 -6.9334 -2.5017 0.9707
1.4258 -6.8487 -2.5017 0.9707
1.9137 -6.7287 -2.5017 0.9707
2.6264 -6.4838 -2.5016 0.9707
2.8575 -6.3853 -2.5016 0.9707
3.0850 -6.2785 -2.5016 0.9707
3.3085 -6.1637 -2.5016 0.9707
3.5278 -6.0409 -2.5016 0.9707
4.1570 -5.6264 -2.5016 0.9707
4.3564 -5.4734 -2.5016 0.9707
4.7381 -5.1466 -2.5016 0.9707
4.9199 -4.9731 -2.5016 0.9707
5.5813 -4.2173 -2.5016 0.9707
5.8696 -3.8058 -2.5016 0.9707
6.2449 -3.1524 -2.5016 0.9707
-5.5722 -3.4011 -2.5017 0.9724
-5.3137 -3.7923 -2.5017 0.9724
-5.1741 -3.9807 -2.5017 0.9724
-5.0278 -4.1640 -2.5017 0.9724
-4.7159 -4.5141 -2.5017 0.9724
-4.5507 -4.6806 -2.5017 0.9724
-3.8335 -5.2840 -2.5017 0.9724
-3.2429 -5.6657 -2.5017 0.9724
-3.0374 -5.7785 -2.5017 0.9724
-2.8279 -5.8838 -2.5017 0.9724
-2.3982 -6.0716 -2.5017 0.9724
-2.1786 -6.1538 -2.5017 0.9724
-1.9562 -6.2281 -2.5017 0.9724
-1.5040 -6.3525 -2.5017 0.9724
-1.0442 -6.4440 -2.5017 0.9724
-0.1106 -6.5271 -2.5017 0.9724
0.3582 -6.5182 -2.5017 0.9724
0.5921 -6.5011 -2.5017 0.9724
0.8252 -6.4757 -2.5017 0.9724
1.0572 -6.4419 -2.5017 0.9724
1.2879 -6.3997 -2.5017 0.9724
1.5169 -6.3493 -2.5017 0.9724
2.1911 -6.1493 -2.5017 0.9724
2.4105 -6.0667 -2.5017 0.9724
2.6268 -5.9762 -2.5017 0.9724
2.8398 -5.8780 -2.5016 0.9724
3.0490 -5.7722 -2.5016 0.9724
3.2544 -5.6590 -2.5016 0.9724
3.4555 -5.5384 -2.5016 0.9724
3.6522 -5.4107 -2.5016 0.9724
4.3894 -4.8320 -2.5016 0.9724
4.5601 -4.6712 -2.5016 0.9724
4.7249 -4.5044 -2.5016 0.9724
5.0360 -4.1536 -2.5016 0.9724
5.3212 -3.7814 -2.5016 0.9724
5.4536 -3.5879 -2.5016 0.9724
5.5789 -3.3897 -2.5016 0.9724
5.6971 -3.1871 -2.5016 0.9724
5.8079 -2.9804 -2.5016 0.9724
6.0068 -2.5558 -2.5016 0.9724
6.0947 -2.3385 -2.5016 0.9724
6.1748 -2.1181 -2.5016 0.9724
5.0412 -0.5818 -1.9447 0.9785
5.0871 -0.2192 -1.9513 0.9784
6.5252 0.1879 -2.5016 0.9724
6.4949 0.6558 -2.5016 0.9724
6.4672 0.8887 -2.5016 0.9724
6.4311 1.1204 -2.5016 0.9724
6.3867 1.3506 -2.5016 0.9724
6.3341 1.5791 -2.5016 0.9724
6.2733 1.8056 -2.5016 0.9724
6.2044 2.0297 -2.5016 0.9724
6.1275 2.2513 -2.5016 0.9724
5.8498 2.8973 -2.5016 0.9724
5.7420 3.1055 -2.5016 0.9724
5.3639 3.6977 -2.4966 0.9725
5.1844 3.8558 -2.4760 0.9727
4.8389 3.8764 -2.3760 0.9738
4.4974 4.1667 -2.3495 0.9741
4.3448 4.3255 -2.3495 0.9741
4.1867 4.4788 -2.3495 0.9741
4.0231 4.6262 -2.3495 0.9741
3.8544 4.7677 -2.3495 0.9741
3.6806 4.9031 -2.3495 0.9741
3.1319 5.2706 -2.3495 0.9741
2.9406 5.3796 -2.3495 0.9741
2.7455 5.4818 -2.3495 0.9741
2.5468 5.5769 -2.3495 0.9741
2.1399 5.7453 -2.3495 0.9741
1.7220 5.8841 -2.3495 0.9741
0.2038 6.1276 -2.3495 0.9741
-0.0164 6.1309 -2.3495 0.9741
-1.1115 6.0294 -2.3495 0.9741
-1.3273 5.9856 -2.3495 0.9741
-1.7556 5.1935 -2.1009 0.9768
-2.5787 5.0805 -2.1834 0.9759
-3.0401 5.0542 -2.2602 0.9751
-3.7070 4.8834 -2.3495 0.9741
-3.8800 4.7471 -2.3495 0.9741
-4.2107 4.4564 -2.3495 0.9741
-4.3681 4.3023 -2.3495 0.9741
-4.6656 3.9776 -2.3495 0.9741
-5.1950 3.8206 -2.4712 0.9728
-5.6446 3.2797 -2.5017 0.9724
-6.0561 2.4376 -2.5017 0.9724
-6.1397 2.2185 -2.5017 0.9724
-6.2154 1.9965 -2.5017 0.9724
-6.3941 1.3164 -2.5017 0.9724
-6.4373 1.0859 -2.5017 0.9724
-6.5167 0.3872 -2.5017 0.9724
-6.5264 0.1529 -2.5017 0.9724
-6.5050 -0.5499 -2.5017 0.9724
-6.4488 -1.0155 -2.5017 0.9724
-6.2369 -1.9285 -2.5017 0.9724
-6.1636 -2.1512 -2.5017 0.9724
-6.0823 -2.3712 -2.5017 0.9724
-5.9933 -2.5881 -2.5017 0.9724
-5.7920 -3.0116 -2.5017 0.9724
-5.6801 -3.2177 -2.5017 0.9724
-5.5609 -3.4197 -2.5017 0.9724
-5.4345 -3.6172 -2.5017 0.9724
-5.3010 -3.8100 -2.5017 0.9724
-5.1608 -3.9979 -2.5017 0.9724
-5.0139 -4.1807 -2.5017 0.9724
-4.8605 -4.3581 -2.5017 0.9724
-4.5351 -4.6957 -2.5017 0.9724
-4.1863 -5.0092 -2.5017 0.9724
-4.0037 -5.1563 -2.5017 0.9724
-3.6232 -5.4304 -2.5017 0.9724
-3.4258 -5.5570 -2.5017 0.9724
-3.2241 -5.6764 -2.5017 0.9724
-2.3780 -6.0796 -2.5017 0.9724
-2.1581 -6.1611 -2.5017 0.9724
-1.9354 -6.2346 -2.5017 0.9724
-1.7103 -6.3001 -2.5017 0.9724
-1.4829 -6.3574 -2.5017 0.9724
0.3799 -6.5170 -2.5017 0.9724
0.8468 -6.4729 -2.5017 0.9724
1.0787 -6.4383 -2.5017 0.9724
1.3092 -6.3954 -2.5017 0.9724
1.5381 -6.3443 -2.5017 0.9724
1.9895 -6.2175 -2.5017 0.9724
2.2115 -6.1420 -2.5017 0.9724
2.8593 -5.8685 -2.5016 0.9724
3.2732 -5.6481 -2.5016 0.9724
4.0483 -5.1212 -2.5016 0.9724
4.5756 -4.6560 -2.5016 0.9724
5.4655 -3.5697 -2.5016 0.9724
5.7077 -3.1681 -2.5016 0.9724
5.8177 -2.9611 -2.5016 0.9724
5.9203 -2.7502 -2.5016 0.9724
6.1818 -2.0975 -2.5016 0.9724
6.2531 -1.8741 -2.5016 0.9724
6.4571 -0.9594 -2.5016 0.9724
5.0899 -0.3858 -1.9561 0.9784
4.7838 -0.0182 -1.8333 0.9797
6.5128 0.4438 -2.5016 0.9724
6.4927 0.6775 -2.5016 0.9724
6.4642 0.9102 -2.5016 0.9724
6.4273 1.1418 -2.5016 0.9724
6.1200 2.2717 -2.5016 0.9724
6.0344 2.4900 -2.5016 0.9724
5.8401 2.9167 -2.5016 0.9724
5.6157 3.3285 -2.5016 0.9724
5.4879 3.5250 -2.4995 0.9724
5.3509 3.7151 -2.4963 0.9725
4.6307 4.0179 -2.3495 0.9741
4.4835 4.1816 -2.3495 0.9741
4.1717 4.4927 -2.3495 0.9741
3.6643 4.9153 -2.3495 0.9741
3.3020 5.1657 -2.3495 0.9741
2.9227 5.3894 -2.3495 0.9741
1.7024 5.8898 -2.3495 0.9741
1.4898 5.9472 -2.3495 0.9741
1.2752 5.9968 -2.3495 0.9741
0.8415 6.0729 -2.3495 0.9741
0.6228 6.0992 -2.3495 0.9741
0.4033 6.1177 -2.3495 0.9741
-0.2570 6.1256 -2.3495 0.9741
-0.4768 6.1124 -2.3495 0.9741
-1.1315 6.0256 -2.3495 0.9741
-1.7748 5.1931 -2.1031 0.9768
-2.1997 5.1861 -2.1588 0.9762
-2.5984 5.0774 -2.1857 0.9759
-3.0629 5.0538 -2.2646 0.9750
-3.7232 4.8711 -2.3495 0.9741
-4.0633 4.5912 -2.3495 0.9741
-4.2255 4.4423 -2.3495 0.9741
-4.6788 3.9621 -2.3495 0.9741
-4.8775 3.8382 -2.3785 0.9738
-5.3964 3.6513 -2.4969 0.9725
-5.6555 3.2608 -2.5017 0.9724
-5.7690 3.0556 -2.5017 0.9724
-5.8750 2.8465 -2.5017 0.9724
-6.0642 2.4174 -2.5017 0.9724
-6.3985 1.2951 -2.5017 0.9724
-6.4749 0.8325 -2.5017 0.9724
-6.5006 0.5994 -2.5017 0.9724
-6.5195 -0.3377 -2.5017 0.9724
-6.5031 -0.5716 -2.5017 0.9724
-6.3543 -1.4969 -2.5017 0.9724
-6.2304 -1.9492 -2.5017 0.9724
-6.0744 -2.3914 -2.5017 0.9724
-5.8871 -2.8213 -2.5017 0.9724
-5.5494 -3.4381 -2.5017 0.9724
-5.4224 -3.6352 -2.5017 0.9724
-5.1474 -4.0151 -2.5017 0.9724
-4.8459 -4.3742 -2.5017 0.9724
-4.6857 -4.5454 -2.5017 0.9724
-4.5194 -4.7108 -2.5017 0.9724
-4.3473 -4.8701 -2.5017 0.9724
-4.1696 -5.0231 -2.5017 0.9724
-3.9865 -5.1696 -2.5017 0.9724
-3.7983 -5.3094 -2.5017 0.9724
-2.5748 -5.9989 -2.5017 0.9724
-2.3577 -6.0875 -2.5017 0.9724
-2.1376 -6.1682 -2.5017 0.9724
-1.6893 -6.3057 -2.5017 0.9724
-1.4617 -6.3623 -2.5017 0.9724
-1.2323 -6.4107 -2.5017 0.9724
-1.0012 -6.4508 -2.5017 0.9724
-0.7689 -6.4826 -2.5017 0.9724
-0.5356 -6.5061 -2.5017 0.9724
0.1673 -6.5259 -2.5017 0.9724
0.6354 -6.4971 -2.5017 0.9724
0.8683 -6.4700 -2.5017 0.9724
1.1001 -6.4347 -2.5017 0.9724
1.7858 -6.2790 -2.5017 0.9724
2.0102 -6.2108 -2.5017 0.9724
2.2320 -6.1346 -2.5017 0.9724
2.4508 -6.0505 -2.5017 0.9724
2.6666 -5.9585 -2.5017 0.9724
3.6882 -5.3863 -2.5016 0.9724
3.8792 -5.2504 -2.5016 0.9724
4.0653 -5.1076 -2.5016 0.9724
4.2461 -4.9583 -2.5016 0.9724
5.7182 -3.1491 -2.5016 0.9724
5.8276 -2.9417 -2.5016 0.9724
-5.2175 -3.1846 -2.5017 0.9739
-4.9754 -3.5509 -2.5017 0.9739
-4.8447 -3.7273 -2.5017 0.9739
-4.4156 -4.2267 -2.5017 0.9739
-4.2610 -4.3826 -2.5017 0.9739
-3.7649 -4.8155 -2.5017 0.9739
-3.4095 -5.0733 -2.5017 0.9739
-2.8440 -5.4106 -2.5017 0.9739
-2.6478 -5.5092 -2.5017 0.9739
-2.4483 -5.6008 -2.5017 0.9739
-2.2455 -5.6851 -2.5017 0.9739
-2.0399 -5.7621 -2.5017 0.9739
-1.6210 -5.8936 -2.5017 0.9739
-1.4083 -5.9480 -2.5017 0.9739
-1.1938 -5.9948 -2.5017 0.9739
-0.9777 -6.0338 -2.5017 0.9739
-0.5420 -6.0884 -2.5017 0.9739
-0.1036 -6.1116 -2.5017 0.9739
0.1160 -6.1113 -2.5017 0.9739
0.3354 -6.1032 -2.5017 0.9739
0.5544 -6.0872 -2.5017 0.9739
1.4203 -5.9451 -2.5017 0.9739
1.8434 -5.8278 -2.5017 0.9739
2.4595 -5.5957 -2.5017 0.9739
3.2355 -5.1858 -2.5016 0.9739
3.5994 -4.9402 -2.5016 0.9739
3.7745 -4.8077 -2.5016 0.9739
3.9448 -4.6690 -2.5016 0.9739
4.1099 -4.5244 -2.5016 0.9739
4.4241 -4.2177 -2.5016 0.9739
4.5727 -4.0560 -2.5016 0.9739
5.2237 -3.1739 -2.5016 0.9739
5.4381 -2.7907 -2.5016 0.9739
5.6244 -2.3931 -2.5016 0.9739
5.9091 -1.5631 -2.5016 0.9739
5.9614 -1.3498 -2.5016 0.9739
6.0430 -0.9184 -2.5016 0.9739
4.7657 -0.3772 -1.9566 0.9796
4.7614 -0.2051 -1.9505 0.9796
6.1098 0.1759 -2.5016 0.9739
5.9801 1.2646 -2.5016 0.9739
5.9308 1.4786 -2.5016 0.9739
5.8739 1.6906 -2.5016 0.9739
5.8094 1.9005 -2.5016 0.9739
5.6580 2.3126 -2.5016 0.9739
5.5713 2.5144 -2.5016 0.9739
5.4774 2.7128 -2.5016 0.9739
5.3764 2.9078 -2.5016 0.9739
5.2685 3.0990 -2.5016 0.9739
5.1538 3.2862 -2.5016 0.9739
4.7573 3.8110 -2.4948 0.9740
4.4896 3.8693 -2.4257 0.9747
4.0682 4.0501 -2.3495 0.9755
3.9201 4.1936 -2.3495 0.9755
3.7670 4.3317 -2.3495 0.9755
3.4463 4.5909 -2.3495 0.9755
3.2792 4.7118 -2.3495 0.9755
3.1079 4.8265 -2.3495 0.9755
2.3847 5.2218 -2.3495 0.9755
2.1956 5.3041 -2.3495 0.9755
2.0037 5.3795 -2.3495 0.9755
1.2127 5.6110 -2.3495 0.9755
0.8068 5.6836 -2.3495 0.9755
0.6022 5.7089 -2.3495 0.9755
0.3967 5.7269 -2.3495 0.9755
0.1908 5.7374 -2.3495 0.9755
-0.6328 5.7056 -2.3495 0.9755
-0.8373 5.6792 -2.3495 0.9755
-1.5252 5.1099 -2.1825 0.9772
-1.9205 5.0728 -2.2200 0.9768
-2.5693 5.0620 -2.3233 0.9758
-2.7804 5.0224 -2.3495 0.9755
-2.9590 4.9193 -2.3495 0.9755
-3.1338 4.8099 -2.3495 0.9755
-3.3045 4.6942 -2.3495 0.9755
-3.6329 4.4449 -2.3495 0.9755
-3.7902 4.3116 -2.3495 0.9755
-3.9426 4.1727 -2.3495 0.9755
-4.0900 4.0284 -2.3495 0.9755
-4.7774 3.7853 -2.4946 0.9740
-5.0486 3.4406 -2.5005 0.9739
-5.1715 3.2587 -2.5017 0.9739
-5.4920 2.6835 -2.5017 0.9739
-5.5849 2.4846 -2.5017 0.9739
-5.7488 2.0772 -2.5017 0.9739
-5.8831 1.6592 -2.5017 0.9739
-5.9870 1.2326 -2.5017 0.9739
-6.0274 1.0168 -2.5017 0.9739
-6.1018 0.3626 -2.5017 0.9739
-6.1109 0.1432 -2.5017 0.9739
-6.1054 -0.2958 -2.5017 0.9739
-6.0909 -0.5149 -2.5017 0.9739
-6.0684 -0.7333 -2.5017 0.9739
-6.0382 -0.9508 -2.5017 0.9739
-6.0001 -1.1671 -2.5017 0.9739
-5.9009 -1.5948 -2.5017 0.9739
-5.6117 -2.4233 -2.5017 0.9739
-5.4232 -2.8199 -2.5017 0.9739
-4.9635 -3.5674 -2.5017 0.9739
-4.6946 -3.9145 -2.5017 0.9739
-4.5510 -4.0806 -2.5017 0.9739
-4.2464 -4.3968 -2.5017 0.9739
-3.5730 -4.9595 -2.5017 0.9739
-2.6295 -5.5180 -2.5017 0.9739
-2.4296 -5.6089 -2.5017 0.9739
-2.0207 -5.7688 -2.5017 0.9739
-1.6014 -5.8990 -2.5017 0.9739
-1.3885 -5.9527 -2.5017 0.9739
-0.7401 -6.0675 -2.5017 0.9739
-0.5217 -6.0902 -2.5017 0.9739
-0.3027 -6.1050 -2.5017 0.9739
-0.0832 -6.1119 -2.5017 0.9739
0.3557 -6.1021 -2.5017 0.9739
0.5747 -6.0854 -2.5017 0.9739
1.0100 -6.0284 -2.5017 0.9739
1.2259 -5.9882 -2.5017 0.9739
1.6526 -5.8848 -2.5017 0.9739
1.8628 -5.8216 -2.5017 0.9739
2.0707 -5.7510 -2.5017 0.9739
2.4782 -5.5875 -2.5017 0.9739
2.8729 -5.3952 -2.5016 0.9739
3.4365 -5.0548 -2.5016 0.9739
3.7905 -4.7951 -2.5016 0.9739
4.2843 -4.3596 -2.5016 0.9739
4.5862 -4.0408 -2.5016 0.9739
4.7283 -3.8735 -2.5016 0.9739
4.9942 -3.5241 -2.5016 0.9739
5.2343 -3.1565 -2.5016 0.9739
5.3443 -2.9664 -2.5016 0.9739
5.4474 -2.7726 -2.5016 0.9739
5.5434 -2.5751 -2.5016 0.9739
5.7882 -1.9639 -2.5016 0.9739
5.8550 -1.7548 -2.5016 0.9739
6.0098 -1.1148 -2.5016 0.9739
4.7292 -0.5299 -1.9477 0.9796
4.7691 -0.3615 -1.9575 0.9795
6.0794 0.6343 -2.5016 0.9739
6.0181 1.0691 -2.5016 0.9739
5.8682 1.7102 -2.5016 0.9739
5.5629 2.5329 -2.5016 0.9739
5.4683 2.7311 -2.5016 0.9739
5.2582 3.1166 -2.5016 0.9739
5.0182 3.4841 -2.5003 0.9739
4.7441 3.8265 -2.4945 0.9740
4.4614 3.8710 -2.4174 0.9748
4.1980 3.9154 -2.3495 0.9755
4.0547 4.0636 -2.3495 0.9755
3.5941 4.4762 -2.3495 0.9755
3.0918 4.8368 -2.3495 0.9755
2.3673 5.2297 -2.3495 0.9755
2.1779 5.3114 -2.3495 0.9755
1.1940 5.6150 -2.3495 0.9755
0.9916 5.6543 -2.3495 0.9755
0.7879 5.6863 -2.3495 0.9755
0.1717 5.7380 -2.3495 0.9755
-0.2407 5.7356 -2.3495 0.9755
-0.8562 5.6764 -2.3495 0.9755
-1.2615 5.6003 -2.3495 0.9755
-2.3667 5.0654 -2.2883 0.9761
-2.5903 5.0617 -2.3271 0.9757
-2.7971 5.0131 -2.3495 0.9755
-2.9754 4.9094 -2.3495 0.9755
-3.3201 4.6832 -2.3495 0.9755
-3.6477 4.4328 -2.3495 0.9755
-3.8046 4.2989 -2.3495 0.9755
-3.9565 4.1595 -2.3495 0.9755
-4.1034 4.0147 -2.3495 0.9755
-4.2449 3.8648 -2.3495 0.9755
-4.7905 3.7697 -2.4949 0.9740
-5.0606 3.4242 -2.5008 0.9739
-5.1823 3.2414 -2.5017 0.9739
-5.2954 3.0532 -2.5017 0.9739
-5.5009 2.6652 -2.5017 0.9739
-5.5931 2.4659 -2.5017 0.9739
-5.7557 2.0581 -2.5017 0.9739
-5.9911 1.2127 -2.5017 0.9739
-6.0868 0.5612 -2.5017 0.9739
-6.1030 0.3423 -2.5017 0.9739
-6.1114 0.1229 -2.5017 0.9739
-6.1118 -0.0967 -2.5017 0.9739
-6.1044 -0.3162 -2.5017 0.9739
-6.0660 -0.7536 -2.5017 0.9739
-6.0350 -0.9709 -2.5017 0.9739
-5.9962 -1.1870 -2.5017 0.9739
-5.8955 -1.6144 -2.5017 0.9739
-5.8337 -1.8251 -2.5017 0.9739
-5.7644 -2.0335 -2.5017 0.9739
-5.6877 -2.2392 -2.5017 0.9739
-5.6036 -2.4420 -2.5017 0.9739
-5.3084 -3.0306 -2.5017 0.9739
-5.1961 -3.2193 -2.5017 0.9739
-5.0772 -3.4038 -2.5017 0.9739
-4.5374 -4.0957 -2.5017 0.9739
-4.3874 -4.2561 -2.5017 0.9739
-4.2317 -4.4109 -2.5017 0.9739
-4.0705 -4.5600 -2.5017 0.9739
-3.9041 -4.7033 -2.5017 0.9739
-3.7327 -4.8404 -2.5017 0.9739
-3.5564 -4.9714 -2.5017 0.9739
-3.3756 -5.0959 -2.5017 0.9739
-3.1904 -5.2138 -2.5017 0.9739
-3.0011 -5.3251 -2.5017 0.9739
-2.8079 -5.4294 -2.5017 0.9739
-2.2076 -5.6999 -2.5017 0.9739
-1.5817 -5.9043 -2.5017 0.9739
-1.3686 -5.9573 -2.5017 0.9739
-1.1538 -6.0026 -2.5017 0.9739
-0.2823 -6.1059 -2.5017 0.9739
-0.0629 -6.1121 -2.5017 0.9739
0.1567 -6.1104 -2.5017 0.9739
0.3760 -6.1009 -2.5017 0.9739
1.0301 -6.0250 -2.5017 0.9739
1.4599 -5.9355 -2.5017 0.9739
2.0899 -5.7440 -2.5017 0.9739
2.8909 -5.3856 -2.5016 0.9739
3.2700 -5.1641 -2.5016 0.9739
3.4533 -5.0434 -2.5016 0.9739
3.8065 -4.7825 -2.5016 0.9739
4.1400 -4.4969 -2.5016 0.9739
4.2988 -4.3453 -2.5016 0.9739
-4.8997 -2.9906 -2.5017 0.9753
-4.7891 -3.1647 -2.5017 0.9753
-4.4210 -3.6614 -2.5017 0.9753
-4.2866 -3.8178 -2.5017 0.9753
-4.0015 -4.1157 -2.5017 0.9753
-3.5356 -4.5222 -2.5017 0.9753
-3.3709 -4.6463 -2.5017 0.9753
-3.2018 -4.7643 -2.5017 0.9753
-2.8516 -4.9819 -2.5017 0.9753
-2.4866 -5.1737 -2.5017 0.9753
-1.9157 -5.4111 -2.5017 0.9753
-1.5223 -5.5347 -2.5017 0.9753
-0.7141 -5.6956 -2.5017 0.9753
-0.5090 -5.7176 -2.5017 0.9753
-0.0973 -5.7394 -2.5017 0.9753
0.1089 -5.7392 -2.5017 0.9753
0.7256 -5.6941 -2.5017 0.9753
0.9296 -5.6644 -2.5017 0.9753
1.1325 -5.6274 -2.5017 0.9753
1.3338 -5.5830 -2.5017 0.9753
2.3098 -5.2549 -2.5017 0.9753
2.6811 -5.0756 -2.5017 0.9753
2.8616 -4.9760 -2.5017 0.9753
3.0385 -4.8700 -2.5016 0.9753
3.5447 -4.5149 -2.5016 0.9753
3.7045 -4.3847 -2.5016 0.9753
3.8596 -4.2488 -2.5016 0.9753
4.0097 -4.1075 -2.5016 0.9753
4.1546 -3.9608 -2.5016 0.9753
4.4283 -3.6523 -2.5016 0.9753
4.6790 -3.3250 -2.5016 0.9753
4.7954 -3.1548 -2.5016 0.9753
5.0095 -2.8025 -2.5016 0.9753
5.2819 -2.2474 -2.5016 0.9753
5.3592 -2.0562 -2.5016 0.9753
5.4296 -1.8624 -2.5016 0.9753
5.5492 -1.4679 -2.5016 0.9753
5.5984 -1.2676 -2.5016 0.9753
5.7023 -0.6581 -2.5016 0.9753
5.7348 -0.2471 -2.5016 0.9753
5.7400 -0.0409 -2.5016 0.9753
5.7377 0.1652 -2.5016 0.9753
5.7111 0.5767 -2.5016 0.9753
5.6867 0.7814 -2.5016 0.9753
5.6549 0.9852 -2.5016 0.9753
5.5696 1.3886 -2.5016 0.9753
5.4556 1.7848 -2.5016 0.9753
5.3134 2.1718 -2.5016 0.9753
5.2320 2.3612 -2.5016 0.9753
5.0490 2.7307 -2.5016 0.9753
4.9477 2.9103 -2.5016 0.9753
4.8399 3.0861 -2.5016 0.9753
4.4745 3.5845 -2.4986 0.9753
4.3384 3.7390 -2.4960 0.9753
4.1673 3.8609 -2.4758 0.9755
3.8927 3.8754 -2.3939 0.9763
3.5376 4.0679 -2.3495 0.9768
2.9186 4.5326 -2.3495 0.9768
2.5857 4.7304 -2.3495 0.9768
2.4141 4.8202 -2.3495 0.9768
2.2395 4.9038 -2.3495 0.9768
1.6990 5.1162 -2.3495 0.9768
0.9489 5.3068 -2.3495 0.9768
0.7577 5.3375 -2.3495 0.9768
0.5655 5.3612 -2.3495 0.9768
0.1792 5.3880 -2.3495 0.9768
-0.4014 5.3760 -2.3495 0.9768
-1.1671 5.2632 -2.3495 0.9768
-1.5161 5.0795 -2.3102 0.9771
-1.7160 5.0762 -2.3353 0.9769
-1.9088 5.0418 -2.3495 0.9768
-2.0886 4.9700 -2.3495 0.9768
-2.2658 4.8918 -2.3495 0.9768
-2.4400 4.8073 -2.3495 0.9768
-2.6111 4.7165 -2.3495 0.9768
-2.7788 4.6197 -2.3495 0.9768
-2.9429 4.5169 -2.3495 0.9768
-3.7025 3.9185 -2.3495 0.9768
-4.3580 3.7154 -2.4958 0.9753
-4.4934 3.5602 -2.4985 0.9753
-4.7435 3.2327 -2.5017 0.9753
-4.9633 2.8838 -2.5017 0.9753
-5.0637 2.7037 -2.5017 0.9753
-5.1576 2.5201 -2.5017 0.9753
-5.4653 1.7556 -2.5017 0.9753
-5.5248 1.5582 -2.5017 0.9753
-5.5772 1.3587 -2.5017 0.9753
-5.6910 0.7510 -2.5017 0.9753
-5.7143 0.5461 -2.5017 0.9753
-5.7387 0.1345 -2.5017 0.9753
-5.6988 -0.6887 -2.5017 0.9753
-5.4841 -1.6957 -2.5017 0.9753
-5.3483 -2.0850 -2.5017 0.9753
-5.2699 -2.2757 -2.5017 0.9753
-5.1848 -2.4635 -2.5017 0.9753
-4.9946 -2.8294 -2.5017 0.9753
-4.7786 -3.1806 -2.5017 0.9753
-4.5379 -3.5154 -2.5017 0.9753
-4.4087 -3.6761 -2.5017 0.9753
-4.2739 -3.8321 -2.5017 0.9753
-4.1335 -3.9831 -2.5017 0.9753
-3.5205 -4.5340 -2.5017 0.9753
-3.3554 -4.6575 -2.5017 0.9753
-3.0124 -4.8863 -2.5017 0.9753
-2.0910 -5.3458 -2.5017 0.9753
-1.5038 -5.5397 -2.5017 0.9753
-1.3039 -5.5902 -2.5017 0.9753
-0.8993 -5.6693 -2.5017 0.9753
-0.4900 -5.7193 -2.5017 0.9753
-0.2842 -5.7332 -2.5017 0.9753
-0.0782 -5.7397 -2.5017 0.9753
0.1280 -5.7388 -2.5017 0.9753
0.3341 -5.7305 -2.5017 0.9753
0.5397 -5.7148 -2.5017 0.9753
0.7446 -5.6917 -2.5017 0.9753
0.9485 -5.6613 -2.5017 0.9753
1.1512 -5.6235 -2.5017 0.9753
1.3524 -5.5786 -2.5017 0.9753
1.5519 -5.5264 -2.5017 0.9753
2.6979 -5.0666 -2.5017 0.9753
2.8782 -4.9664 -2.5017 0.9753
3.2272 -4.7470 -2.5016 0.9753
3.3957 -4.6280 -2.5016 0.9753
3.5597 -4.5031 -2.5016 0.9753
3.7191 -4.3723 -2.5016 0.9753
3.8737 -4.2359 -2.5016 0.9753
4.0234 -4.0941 -2.5016 0.9753
4.4404 -3.6376 -2.5016 0.9753
4.6901 -3.3094 -2.5016 0.9753
4.9155 -2.9642 -2.5016 0.9753
5.2893 -2.2298 -2.5016 0.9753
5.3660 -2.0384 -2.5016 0.9753
5.4985 -1.6479 -2.5016 0.9753
5.6026 -1.2490 -2.5016 0.9753
5.7237 -0.4338 -2.5016 0.9753
5.7356 -0.2280 -2.5016 0.9753
4.7430 -0.0180 -2.0671 0.9795
5.7371 0.1843 -2.5016 0.9753
5.6516 1.0040 -2.5016 0.9753
5.6119 1.2063 -2.5016 0.9753
5.3814 1.9975 -2.5016 0.9753
5.3061 2.1895 -2.5016 0.9753
5.2241 2.3786 -2.5016 0.9753
5.1353 2.5647 -2.5016 0.9753
5.0399 2.7475 -2.5016 0.9753
4.9379 2.9268 -2.5016 0.9753
4.5934 3.4401 -2.5011 0.9753
4.4621 3.5990 -2.4984 0.9753
4.1411 3.8623 -2.4679 0.9756
3.8681 3.8767 -2.3867 0.9764
3.6682 3.9505 -2.3495 0.9768
3.2220 4.3221 -2.3495 0.9768
3.0647 4.4350 -2.3495 0.9768
2.9035 4.5423 -2.3495 0.9768
2.3981 4.8282 -2.3495 0.9768
2.2231 4.9112 -2.3495 0.9768
1.4969 5.1790 -2.3495 0.9768
1.3100 5.2294 -2.3495 0.9768
0.9312 5.3099 -2.3495 0.9768
0.3547 5.3793 -2.3495 0.9768
0.1612 5.3886 -2.3495 0.9768
-0.4193 5.3747 -2.3495 0.9768
-0.8040 5.3307 -2.3495 0.9768
-1.1846 5.2593 -2.3495 0.9768
-1.3728 5.2133 -2.3495 0.9768
-1.5345 5.0792 -2.3124 0.9771
-1.7347 5.0759 -2.3378 0.9769
-1.9255 5.0354 -2.3495 0.9768
-2.1051 4.9630 -2.3495 0.9768
-2.2820 4.8842 -2.3495 0.9768
-2.7941 4.6104 -2.3495 0.9768
-2.9579 4.5071 -2.3495 0.9768
-3.1179 4.3980 -2.3495 0.9768
-3.2738 4.2832 -2.3495 0.9768
-3.7156 3.9062 -2.3495 0.9768
-4.3708 3.7012 -2.4961 0.9753
-4.5057 3.5456 -2.4987 0.9753
-5.0727 2.6868 -2.5017 0.9753
-5.4052 1.9327 -2.5017 0.9753
-5.4711 1.7374 -2.5017 0.9753
-5.5300 1.5397 -2.5017 0.9753
-5.7161 0.5270 -2.5017 0.9753
-5.7392 0.1154 -2.5017 0.9753
-5.7326 -0.2969 -2.5017 0.9753
-5.7183 -0.5026 -2.5017 0.9753
-5.6674 -0.9118 -2.5017 0.9753
-5.6310 -1.1148 -2.5017 0.9753
-5.5874 -1.3163 -2.5017 0.9753
-5.5365 -1.5161 -2.5017 0.9753
-5.4134 -1.9096 -2.5017 0.9753
-5.3413 -2.1028 -2.5017 0.9753
-5.2623 -2.2933 -2.5017 0.9753
-5.1765 -2.4808 -2.5017 0.9753
-5.0841 -2.6651 -2.5017 0.9753
-4.9851 -2.8460 -2.5017 0.9753
-4.8797 -3.0232 -2.5017 0.9753
-4.7679 -3.1965 -2.5017 0.9753
-4.6501 -3.3657 -2.5017 0.9753
-4.1202 -3.9969 -2.5017 0.9753
-3.9740 -4.1423 -2.5017 0.9753
-3.8226 -4.2823 -2.5017 0.9753
-3.5054 -4.5457 -2.5017 0.9753
-3.3398 -4.6686 -2.5017 0.9753
-2.8183 -5.0008 -2.5017 0.9753
-2.6369 -5.0987 -2.5017 0.9753
-2.2641 -5.2749 -2.5017 0.9753
-1.8796 -5.4238 -2.5017 0.9753
-1.2853 -5.5945 -2.5017 0.9753
-0.8804 -5.6723 -2.5017 0.9753
-0.6761 -5.7003 -2.5017 0.9753
-0.2652 -5.7341 -2.5017 0.9753
0.5587 -5.7129 -2.5017 0.9753
0.9673 -5.6581 -2.5017 0.9753
1.3710 -5.5740 -2.5017 0.9753
1.7676 -5.4612 -2.5017 0.9753
1.9626 -5.3942 -2.5017 0.9753
2.1551 -5.3203 -2.5017 0.9753
2.3447 -5.2394 -2.5017 0.9753
2.5314 -5.1518 -2.5017 0.9753
3.2430 -4.7362 -2.5016 0.9753
3.4110 -4.6167 -2.5016 0.9753
3.5746 -4.4912 -2.5016 0.9753
3.8878 -4.2230 -2.5016 0.9753
4.1809 -3.9330 -2.5016 0.9753
4.3195 -3.7803 -2.5016 0.9753
4.4525 -3.6228 -2.5016 0.9753
4.5797 -3.4605 -2.5016 0.9753
5.0281 -2.7690 -2.5016 0.9753
-4.5091 -2.9796 -2.5017 0.9765
-4.3992 -3.1396 -2.5017 0.9765
-4.2836 -3.2956 -2.5017 0.9765
-4.0359 -3.5946 -2.5017 0.9765
-3.7675 -3.8750 -2.5017 0.9765
-3.4796 -4.1355 -2.5017 0.9765
-3.3288 -4.2578 -2.5017 0.9765
-3.0146 -4.4857 -2.5017 0.9765
-2.6848 -4.6906 -2.5017 0.9765
-2.3412 -4.8712 -2.5017 0.9765
-2.1647 -4.9521 -2.5017 0.9765
-1.4333 -5.2110 -2.5017 0.9765
-1.2452 -5.2592 -2.5017 0.9765
-0.8644 -5.3350 -2.5017 0.9765
-0.6723 -5.3626 -2.5017 0.9765
0.2966 -5.3964 -2.5017 0.9765
0.4902 -5.3822 -2.5017 0.9765
0.6832 -5.3612 -2.5017 0.9765
1.0662 -5.2983 -2.5017 0.9765
1.2558 -5.2566 -2.5017 0.9765
1.6299 -5.1529 -2.5017 0.9765
2.3510 -4.8663 -2.5017 0.9765
3.1826 -4.3680 -2.5016 0.9765
3.4879 -4.1283 -2.5016 0.9765
3.6339 -4.0004 -2.5016 0.9765
3.7752 -3.8673 -2.5016 0.9765
4.0431 -3.5863 -2.5016 0.9765
4.1693 -3.4388 -2.5016 0.9765
4.2901 -3.2868 -2.5016 0.9765
4.4054 -3.1306 -2.5016 0.9765
4.6188 -2.8063 -2.5016 0.9765
4.7166 -2.6386 -2.5016 0.9765
4.8083 -2.4675 -2.5016 0.9765
5.0458 -1.9360 -2.5016 0.9765
5.1717 -1.5688 -2.5016 0.9765
5.2710 -1.1935 -2.5016 0.9765
5.3994 -0.2326 -2.5016 0.9765
5.4022 0.1556 -2.5016 0.9765
5.3931 0.3495 -2.5016 0.9765
5.3771 0.5430 -2.5016 0.9765
5.2875 1.1182 -2.5016 0.9765
5.0729 1.8638 -2.5016 0.9765
5.0027 2.0448 -2.5016 0.9765
4.9260 2.2232 -2.5016 0.9765
4.7537 2.5710 -2.5016 0.9765
4.6583 2.7401 -2.5016 0.9765
4.5569 2.9057 -2.5016 0.9765
4.3366 3.2253 -2.5017 0.9765
4.2180 3.3789 -2.5017 0.9765
3.8198 3.8028 -2.4949 0.9765
3.6126 3.8646 -2.4487 0.9770
3.3716 3.8771 -2.3783 0.9776
3.1910 3.9472 -2.3495 0.9779
3.0472 4.0592 -2.3495 0.9779
2.8994 4.1661 -2.3495 0.9779
2.7479 4.2675 -2.3495 0.9779
2.5929 4.3634 -2.3495 0.9779
2.2730 4.5383 -2.3495 0.9779
2.1085 4.6170 -2.3495 0.9779
1.9413 4.6898 -2.3495 0.9779
1.7716 4.7565 -2.3495 0.9779
1.5997 4.8171 -2.3495 0.9779
1.0723 4.9612 -2.3495 0.9779
0.8934 4.9965 -2.3495 0.9779
0.7134 5.0254 -2.3495 0.9779
0.5324 5.0477 -2.3495 0.9779
0.3508 5.0636 -2.3495 0.9779
0.1687 5.0729 -2.3495 0.9779
-0.1959 5.0720 -2.3495 0.9779
-0.3779 5.0617 -2.3495 0.9779
-0.9202 4.9917 -2.3495 0.9779
-1.0989 4.9554 -2.3495 0.9779
-1.2761 4.9127 -2.3495 0.9779
-1.7971 4.7470 -2.3495 0.9779
-1.9665 4.6794 -2.3495 0.9779
-2.1333 4.6057 -2.3495 0.9779
-2.2973 4.5262 -2.3495 0.9779
-2.4584 4.4407 -2.3495 0.9779
-3.0689 4.0429 -2.3495 0.9779
-3.2122 3.9301 -2.3495 0.9779
-3.6187 3.8298 -2.4389 0.9770
-3.8398 3.7819 -2.4947 0.9765
-3.9768 3.6450 -2.4970 0.9765
-4.1091 3.5032 -2.4994 0.9765
-4.3539 3.2021 -2.5017 0.9765
-4.6731 2.7152 -2.5017 0.9765
-4.9380 2.1968 -2.5017 0.9765
-5.2017 1.4670 -2.5017 0.9765
-5.2511 1.2793 -2.5017 0.9765
-5.3293 0.8990 -2.5017 0.9765
-5.3582 0.7070 -2.5017 0.9765
-5.3951 0.3206 -2.5017 0.9765
-5.3983 -0.2616 -2.5017 0.9765
-5.3388 -0.8407 -2.5017 0.9765
-5.3052 -1.0319 -2.5017 0.9765
-5.2647 -1.2218 -2.5017 0.9765
-5.2174 -1.4101 -2.5017 0.9765
-5.1634 -1.5965 -2.5017 0.9765
-5.1028 -1.7810 -2.5017 0.9765
-5.0355 -1.9631 -2.5017 0.9765
-4.9617 -2.1427 -2.5017 0.9765
-4.8816 -2.3195 -2.5017 0.9765
-4.7951 -2.4933 -2.5017 0.9765
-4.7025 -2.6639 -2.5017 0.9765
-4.4991 -2.9946 -2.5017 0.9765
-4.2726 -3.3098 -2.5017 0.9765
-4.1509 -3.4612 -2.5017 0.9765
-3.6125 -4.0199 -2.5017 0.9765
-3.1592 -4.3851 -2.5017 0.9765
-2.9996 -4.4957 -2.5017 0.9765
-2.8362 -4.6006 -2.5017 0.9765
-2.6692 -4.6995 -2.5017 0.9765
-2.4987 -4.7923 -2.5017 0.9765
-2.1482 -4.9593 -2.5017 0.9765
-1.9687 -5.0332 -2.5017 0.9765
-1.4159 -5.2158 -2.5017 0.9765
-0.4613 -5.3848 -2.5017 0.9765
-0.2676 -5.3979 -2.5017 0.9765
-0.0736 -5.4040 -2.5017 0.9765
0.1205 -5.4032 -2.5017 0.9765
0.5081 -5.3806 -2.5017 0.9765
1.0839 -5.2947 -2.5017 0.9765
1.2733 -5.2524 -2.5017 0.9765
1.6471 -5.1474 -2.5017 0.9765
2.0123 -5.0159 -2.5017 0.9765
2.1912 -4.9404 -2.5017 0.9765
2.3672 -4.8585 -2.5017 0.9765
2.7099 -4.6760 -2.5017 0.9765
2.8761 -4.5757 -2.5017 0.9765
3.0385 -4.4694 -2.5016 0.9765
3.3515 -4.2398 -2.5016 0.9765
3.5016 -4.1167 -2.5016 0.9765
4.0550 -3.5728 -2.5016 0.9765
4.4158 -3.1159 -2.5016 0.9765
4.9800 -2.0994 -2.5016 0.9765
5.1769 -1.5516 -2.5016 0.9765
5.2293 -1.3646 -2.5016 0.9765
5.3708 -0.6017 -2.5016 0.9765
5.3890 -0.4085 -2.5016 0.9765
5.4002 -0.2146 -2.5016 0.9765
5.3919 0.3675 -2.5016 0.9765
5.3753 0.5609 -2.5016 0.9765
5.3517 0.7536 -2.5016 0.9765
5.0667 1.8807 -2.5016 0.9765
4.9959 2.0615 -2.5016 0.9765
4.9186 2.2396 -2.5016 0.9765
4.8350 2.4148 -2.5016 0.9765
4.6492 2.7556 -2.5016 0.9765
4.3258 3.2397 -2.5017 0.9765
4.2067 3.3930 -2.5017 0.9765
4.0785 3.5387 -2.4994 0.9765
3.9450 3.6794 -2.4970 0.9765
3.5897 3.8658 -2.4419 0.9770
3.3500 3.8782 -2.3722 0.9777
2.7337 4.2766 -2.3495 0.9779
2.5783 4.3721 -2.3495 0.9779
2.4197 4.4618 -2.3495 0.9779
2.2578 4.5459 -2.3495 0.9779
1.9257 4.6962 -2.3495 0.9779
1.5836 4.8223 -2.3495 0.9779
1.4094 4.8761 -2.3495 0.9779
0.8768 4.9994 -2.3495 0.9779
0.6966 5.0277 -2.3495 0.9779
0.5156 5.0495 -2.3495 0.9779
-0.2128 5.0713 -2.3495 0.9779
-0.3948 5.0604 -2.3495 0.9779
-0.7570 5.0190 -2.3495 0.9779
-0.9368 4.9886 -2.3495 0.9779
-1.1154 4.9517 -2.3495 0.9779
-1.8129 4.7410 -2.3495 0.9779
-2.1486 4.5986 -2.3495 0.9779
-2.3124 4.5185 -2.3495 0.9779
-2.7850 4.2435 -2.3495 0.9779
-2.9356 4.1408 -2.3495 0.9779
-3.2252 3.9194 -2.3495 0.9779
-3.6416 3.8284 -2.4458 0.9770
-3.8527 3.7695 -2.4949 0.9765
-3.9893 3.6320 -2.4973 0.9765
-4.1211 3.4898 -2.4997 0.9765
-4.2473 3.3422 -2.5017 0.9765
-4.3646 3.1875 -2.5017 0.9765
-4.4762 3.0287 -2.5017 0.9765
-4.7760 2.5297 -2.5017 0.9765
-4.8638 2.3565 -2.5017 0.9765
-4.9453 2.1803 -2.5017 0.9765
-5.0204 2.0013 -2.5017 0.9765
-5.0891 1.8197 -2.5017 0.9765
-5.2553 1.2618 -2.5017 0.9765
-5.3818 0.4962 -2.5017 0.9765
-5.3962 0.3026 -2.5017 0.9765
-5.4040 -0.0855 -2.5017 0.9765
-5.3017 -1.0496 -2.5017 0.9765
-5.2606 -1.2393 -2.5017 0.9765
-4.8738 -2.3357 -2.5017 0.9765
-4.7868 -2.5093 -2.5017 0.9765
-4.4891 -3.0096 -2.5017 0.9765
-4.3781 -3.1689 -2.5017 0.9765
-4.2615 -3.3241 -2.5017 0.9765
-3.8792 -3.7631 -2.5017 0.9765
-3.7416 -3.9000 -2.5017 0.9765
-3.5991 -4.0319 -2.5017 0.9765
-3.4520 -4.1585 -2.5017 0.9765
-3.3004 -4.2798 -2.5017 0.9765
-2.9846 -4.5057 -2.5017 0.9765
-2.8209 -4.6100 -2.5017 0.9765
-2.3087 -4.8867 -2.5017 0.9765
-1.9519 -5.0398 -2.5017 0.9765
-1.7697 -5.1066 -2.5017 0.9765
-1.3985 -5.2205 -2.5017 0.9765
-1.2101 -5.2673 -2.5017 0.9765
-1.0202 -5.3074 -2.5017 0.9765
-0.8289 -5.3406 -2.5017 0.9765
-0.6365 -5.3669 -2.5017 0.9765
-0.2496 -5.3988 -2.5017 0.9765
-0.0556 -5.4042 -2.5017 0.9765
1.1015 -5.2911 -2.5017 0.9765
1.6642 -5.1419 -2.5017 0.9765
2.0290 -5.0091 -2.5017 0.9765
2.2076 -4.9330 -2.5017 0.9765
2.3834 -4.8506 -2.5017 0.9765
2.5560 -4.7618 -2.5017 0.9765
2.7254 -4.6670 -2.5017 0.9765
3.2116 -4.3467 -2.5016 0.9765
3.3656 -4.2286 -2.5016 0.9765
3.5153 -4.1050 -2.5016 0.9765
3.8009 -3.8420 -2.5016 0.9765
3.9365 -3.7030 -2.5016 0.9765
4.0669 -3.5593 -2.5016 0.9765
4.4261 -3.1012 -2.5016 0.9765
4.7340 -2.6071 -2.5016 0.9765
4.8246 -2.4354 -2.5016 0.9765
-4.3533 -2.6571 -2.5017 0.9775
-4.1513 -2.9627 -2.5017 0.9775
-3.9279 -3.2531 -2.5017 0.9775
-3.4216 -3.7820 -2.5017 0.9775
-3.2835 -3.9024 -2.5017 0.9775
-2.8447 -4.2330 -2.5017 0.9775
-2.5335 -4.4263 -2.5017 0.9775
-2.0427 -4.6731 -2.5017 0.9775
-1.7020 -4.8077 -2.5017 0.9775
-1.5282 -4.8657 -2.5017 0.9775
-0.6344 -5.0604 -2.5017 0.9775
-0.2695 -5.0929 -2.5017 0.9775
-0.0864 -5.0993 -2.5017 0.9775
0.0968 -5.0991 -2.5017 0.9775
0.2798 -5.0923 -2.5017 0.9775
0.6447 -5.0591 -2.5017 0.9775
0.8260 -5.0327 -2.5017 0.9775
1.1851 -4.9604 -2.5017 0.9775
2.0522 -4.6689 -2.5017 0.9775
2.8533 -4.2271 -2.5017 0.9775
3.1493 -4.0114 -2.5016 0.9775
3.2914 -3.8957 -2.5016 0.9775
3.4292 -3.7750 -2.5016 0.9775
3.6913 -3.5191 -2.5016 0.9775
4.2606 -2.8030 -2.5016 0.9775
4.3585 -2.6482 -2.5016 0.9775
4.4508 -2.4899 -2.5016 0.9775
4.5374 -2.3285 -2.5016 0.9775
4.6181 -2.1640 -2.5016 0.9775
4.6928 -1.9967 -2.5016 0.9775
4.9304 -1.3042 -2.5016 0.9775
4.9740 -1.1263 -2.5016 0.9775
5.0113 -0.9469 -2.5016 0.9775
5.0840 -0.4024 -2.5016 0.9775
5.0952 -0.2195 -2.5016 0.9775
5.0998 -0.0364 -2.5016 0.9775
5.0741 0.5124 -2.5016 0.9775
5.0243 0.8753 -2.5016 0.9775
4.9010 1.4106 -2.5016 0.9775
4.8472 1.5857 -2.5016 0.9775
4.7208 1.9296 -2.5016 0.9775
4.5701 2.2635 -2.5016 0.9775
4.3959 2.5857 -2.5017 0.9775
3.7397 3.4647 -2.5007 0.9775
3.6097 3.5936 -2.4985 0.9776
3.4753 3.7178 -2.4964 0.9776
2.9098 3.8762 -2.3775 0.9786
2.5981 4.0348 -2.3540 0.9788
1.5095 4.5456 -2.3495 0.9789
1.3453 4.5969 -2.3495 0.9789
1.1793 4.6423 -2.3495 0.9789
1.0119 4.6816 -2.3495 0.9789
0.6732 4.7422 -2.3495 0.9789
0.3310 4.7783 -2.3495 0.9789
-0.3566 4.7765 -2.3495 0.9789
-0.6986 4.7386 -2.3495 0.9789
-0.8683 4.7104 -2.3495 0.9789
-1.5339 4.5375 -2.3495 0.9789
-1.6959 4.4795 -2.3495 0.9789
-1.8557 4.4157 -2.3495 0.9789
-2.9197 3.8463 -2.3687 0.9787
-3.1337 3.8341 -2.4289 0.9782
-3.3571 3.8188 -2.4941 0.9776
-3.9974 3.1673 -2.5017 0.9775
-4.2145 2.8721 -2.5017 0.9775
-4.4098 2.5622 -2.5017 0.9775
-4.4990 2.4022 -2.5017 0.9775
-4.6598 2.0730 -2.5017 0.9775
-4.7312 1.9043 -2.5017 0.9775
-4.8557 1.5598 -2.5017 0.9775
-4.9552 1.2072 -2.5017 0.9775
-4.9953 1.0284 -2.5017 0.9775
-5.0563 0.6672 -2.5017 0.9775
-5.0770 0.4852 -2.5017 0.9775
-5.0987 0.1195 -2.5017 0.9775
-5.0941 -0.2468 -2.5017 0.9775
-5.0820 -0.4296 -2.5017 0.9775
-5.0633 -0.6119 -2.5017 0.9775
-5.0380 -0.7933 -2.5017 0.9775
-5.0063 -0.9738 -2.5017 0.9775
-4.9681 -1.1529 -2.5017 0.9775
-4.9235 -1.3306 -2.5017 0.9775
-4.8725 -1.5066 -2.5017 0.9775
-4.8152 -1.6806 -2.5017 0.9775
-4.7518 -1.8525 -2.5017 0.9775
-4.6065 -2.1888 -2.5017 0.9775
-4.4375 -2.5138 -2.5017 0.9775
-4.3444 -2.6716 -2.5017 0.9775
-3.5430 -3.6685 -2.5017 0.9775
-3.4090 -3.7934 -2.5017 0.9775
-3.1279 -4.0283 -2.5017 0.9775
-2.9812 -4.1380 -2.5017 0.9775
-2.8306 -4.2424 -2.5017 0.9775
-2.6764 -4.3413 -2.5017 0.9775
-2.3579 -4.5223 -2.5017 0.9775
-2.1939 -4.6040 -2.5017 0.9775
-2.0272 -4.6799 -2.5017 0.9775
-1.8578 -4.7496 -2.5017 0.9775
-1.1585 -4.9667 -2.5017 0.9775
-0.9794 -5.0051 -2.5017 0.9775
-0.7990 -5.0371 -2.5017 0.9775
-0.2525 -5.0938 -2.5017 0.9775
0.2968 -5.0914 -2.5017 0.9775
0.4795 -5.0774 -2.5017 0.9775
0.6615 -5.0569 -2.5017 0.9775
1.0228 -4.9964 -2.5017 0.9775
1.3788 -4.9101 -2.5017 0.9775
1.8990 -4.7333 -2.5017 0.9775
2.0677 -4.6620 -2.5017 0.9775
2.5572 -4.4125 -2.5017 0.9775
3.0169 -4.1119 -2.5017 0.9775
3.3043 -3.8847 -2.5016 0.9775
3.5747 -3.6375 -2.5016 0.9775
3.7030 -3.5068 -2.5016 0.9775
3.8266 -3.3715 -2.5016 0.9775
4.0587 -3.0881 -2.5016 0.9775
4.2699 -2.7888 -2.5016 0.9775
4.4591 -2.4751 -2.5016 0.9775
4.5451 -2.3133 -2.5016 0.9775
4.6252 -2.1486 -2.5016 0.9775
4.6994 -1.9811 -2.5016 0.9775
4.8295 -1.6386 -2.5016 0.9775
4.9778 -1.1097 -2.5016 0.9775
5.0144 -0.9302 -2.5016 0.9775
5.0999 -0.0194 -2.5016 0.9775
5.0973 0.1638 -2.5016 0.9775
5.0501 0.7111 -2.5016 0.9775
5.0213 0.8920 -2.5016 0.9775
4.8963 1.4269 -2.5016 0.9775
4.8419 1.6019 -2.5016 0.9775
4.4778 2.4411 -2.5016 0.9775
4.2910 2.7562 -2.5017 0.9775
4.0821 3.0572 -2.5017 0.9775
3.7278 3.4768 -2.5005 0.9775
3.3238 3.8479 -2.4942 0.9776
3.1045 3.8665 -2.4323 0.9781
2.7229 3.9404 -2.3495 0.9789
2.4331 4.1257 -2.3495 0.9789
1.9752 4.3635 -2.3495 0.9789
1.8172 4.4316 -2.3495 0.9789
1.6569 4.4940 -2.3495 0.9789
0.8273 4.7177 -2.3495 0.9789
0.4866 4.7650 -2.3495 0.9789
0.3151 4.7794 -2.3495 0.9789
0.1433 4.7876 -2.3495 0.9789
-0.0288 4.7897 -2.3495 0.9789
-0.2008 4.7855 -2.3495 0.9789
-0.3725 4.7753 -2.3495 0.9789
-0.7144 4.7362 -2.3495 0.9789
-1.2197 4.6319 -2.3495 0.9789
-1.3852 4.5851 -2.3495 0.9789
-1.5490 4.5324 -2.3495 0.9789
-1.7108 4.4738 -2.3495 0.9789
-2.0275 4.3395 -2.3495 0.9789
-2.1821 4.2639 -2.3495 0.9789
-2.3338 4.1828 -2.3495 0.9789
-2.6280 4.0044 -2.3495 0.9789
-3.1540 3.8329 -2.4348 0.9781
-3.3700 3.8079 -2.4943 0.9776
-3.5075 3.6874 -2.4963 0.9776
-3.6407 3.5621 -2.4985 0.9776
-3.8921 3.2958 -2.5017 0.9775
-4.0080 3.1539 -2.5017 0.9775
-4.1186 3.0079 -2.5017 0.9775
-4.2240 2.8581 -2.5017 0.9775
-4.3239 2.7045 -2.5017 0.9775
-4.4183 2.5475 -2.5017 0.9775
-4.5069 2.3872 -2.5017 0.9775
-4.5898 2.2238 -2.5017 0.9775
-4.6667 2.0575 -2.5017 0.9775
-4.8023 1.7172 -2.5017 0.9775
-4.8609 1.5436 -2.5017 0.9775
-4.9132 1.3680 -2.5017 0.9775
-5.0319 0.8316 -2.5017 0.9775
-5.0921 0.2856 -2.5017 0.9775
-5.0030 -0.9904 -2.5017 0.9775
-4.9190 -1.3470 -2.5017 0.9775
-4.8675 -1.5228 -2.5017 0.9775
-4.7456 -1.8683 -2.5017 0.9775
-4.6754 -2.0375 -2.5017 0.9775
-4.5992 -2.2041 -2.5017 0.9775
-4.5171 -2.3679 -2.5017 0.9775
-4.4291 -2.5286 -2.5017 0.9775
-4.3355 -2.6860 -2.5017 0.9775
-4.1315 -2.9903 -2.5017 0.9775
-4.0214 -3.1368 -2.5017 0.9775
-3.9061 -3.2792 -2.5017 0.9775
-3.7858 -3.4173 -2.5017 0.9775
-3.1144 -4.0387 -2.5017 0.9775
-2.9674 -4.1479 -2.5017 0.9775
-2.5040 -4.4430 -2.5017 0.9775
-2.3428 -4.5301 -2.5017 0.9775
-2.1786 -4.6113 -2.5017 0.9775
-2.0116 -4.6866 -2.5017 0.9775
-1.8419 -4.7558 -2.5017 0.9775
-1.6699 -4.8189 -2.5017 0.9775
-1.4958 -4.8757 -2.5017 0.9775
-0.9627 -5.0083 -2.5017 0.9775
-0.7822 -5.0397 -2.5017 0.9775
-0.4184 -5.0828 -2.5017 0.9775
0.1307 -5.0983 -2.5017 0.9775
0.6784 -5.0547 -2.5017 0.9775
0.8595 -5.0271 -2.5017 0.9775
1.2181 -4.9524 -2.5017 0.9775
1.3952 -4.9054 -2.5017 0.9775
1.5705 -4.8522 -2.5017 0.9775
1.9147 -4.7269 -2.5017 0.9775
2.0832 -4.6551 -2.5017 0.9775
2.4120 -4.4935 -2.5017 0.9775
2.8814 -4.2080 -2.5017 0.9775
3.1760 -3.9903 -2.5016 0.9775
3.7147 -3.4944 -2.5016 0.9775
4.1768 -2.9265 -2.5016 0.9775
4.5528 -2.2982 -2.5016 0.9775
-4.0233 -2.6586 -2.5017 0.9785
-3.9252 -2.8014 -2.5017 0.9785
-3.7140 -3.0759 -2.5017 0.9785
-3.3616 -3.4575 -2.5017 0.9785
-2.9702 -3.7990 -2.5017 0.9785
-2.6898 -4.0024 -2.5017 0.9785
-1.9315 -4.4186 -2.5017 0.9785
-1.7715 -4.4851 -2.5017 0.9785
-1.4450 -4.6007 -2.5017 0.9785
-1.2788 -4.6496 -2.5017 0.9785
-0.7713 -4.7602 -2.5017 0.9785
-0.4276 -4.8032 -2.5017 0.9785
0.7810 -4.7586 -2.5017 0.9785
1.1177 -4.6783 -2.4953 0.9786
1.4543 -4.5977 -2.5017 0.9785
1.7806 -4.4814 -2.5017 0.9785
2.2523 -4.2639 -2.5017 0.9785
2.4040 -4.1802 -2.5017 0.9785
2.5526 -4.0912 -2.5017 0.9785
2.6979 -3.9969 -2.5017 0.9785
2.8397 -3.8974 -2.5017 0.9785
2.9778 -3.7929 -2.5017 0.9785
3.1121 -3.6835 -2.5017 0.9785
3.7201 -3.0683 -2.5016 0.9785
3.8279 -2.9327 -2.5016 0.9785
4.1211 -2.5039 -2.5016 0.9785
4.4372 -1.8880 -2.5016 0.9785
4.5022 -1.7274 -2.5016 0.9785
4.5613 -1.5646 -2.5016 0.9785
4.6145 -1.3998 -2.5016 0.9785
4.7031 -1.0649 -2.5016 0.9785
4.7383 -0.8953 -2.5016 0.9785
4.6728 -0.7102 -2.4520 0.9789
4.8071 -0.3805 -2.5016 0.9785
4.8121 0.3118 -2.5016 0.9785
4.7978 0.4845 -2.5016 0.9785
4.7506 0.8276 -2.5016 0.9785
4.7178 0.9977 -2.5016 0.9785
4.6340 1.3338 -2.5016 0.9785
4.5832 1.4994 -2.5016 0.9785
4.5263 1.6630 -2.5016 0.9785
4.3953 1.9836 -2.5016 0.9785
4.3212 2.1402 -2.5016 0.9785
4.2416 2.2940 -2.5017 0.9785
4.1564 2.4449 -2.5017 0.9785
4.0660 2.5926 -2.5017 0.9785
3.9702 2.7369 -2.5017 0.9785
3.8694 2.8778 -2.5017 0.9785
3.6528 3.1481 -2.5017 0.9785
3.5374 3.2773 -2.5017 0.9785
3.4174 3.4022 -2.5017 0.9785
3.1595 3.6331 -2.4978 0.9785
3.0247 3.7415 -2.4960 0.9786
2.1722 3.9739 -2.3495 0.9798
2.0281 4.0494 -2.3495 0.9798
1.5808 4.2440 -2.3495 0.9798
1.4273 4.2981 -2.3495 0.9798
1.2720 4.3465 -2.3495 0.9798
1.1151 4.3894 -2.3495 0.9798
0.9567 4.4267 -2.3495 0.9798
0.7971 4.4581 -2.3495 0.9798
0.4751 4.5039 -2.3495 0.9798
0.3130 4.5180 -2.3495 0.9798
-0.1748 4.5255 -2.3495 0.9798
-0.4992 4.5013 -2.3495 0.9798
-0.8210 4.4538 -2.3495 0.9798
-0.9805 4.4215 -2.3495 0.9798
-1.1386 4.3834 -2.3495 0.9798
-1.6035 4.2355 -2.3495 0.9798
-2.3344 3.8809 -2.3495 0.9798
-2.5058 3.8460 -2.3813 0.9795
-2.6999 3.8354 -2.4333 0.9791
-2.9026 3.8238 -2.4905 0.9786
-3.1786 3.6158 -2.4976 0.9785
-3.4354 3.3836 -2.5015 0.9785
-3.6697 3.1286 -2.5017 0.9785
-3.7797 2.9947 -2.5017 0.9785
-3.9849 2.7157 -2.5017 0.9785
-4.0799 2.5708 -2.5017 0.9785
-4.2539 2.2713 -2.5017 0.9785
-4.4060 1.9601 -2.5017 0.9785
-4.4735 1.8006 -2.5017 0.9785
-4.5913 1.4748 -2.5017 0.9785
-4.6413 1.3090 -2.5017 0.9785
-4.7809 0.6309 -2.5017 0.9785
-4.8004 0.4588 -2.5017 0.9785
-4.8138 0.2860 -2.5017 0.9785
-4.8210 0.1130 -2.5017 0.9785
-4.8219 -0.0602 -2.5017 0.9785
-4.8167 -0.2334 -2.5017 0.9785
-4.8052 -0.4062 -2.5017 0.9785
-4.7875 -0.5785 -2.5017 0.9785
-4.7636 -0.7501 -2.5017 0.9785
-4.7336 -0.9207 -2.5017 0.9785
-4.6071 -1.4245 -2.5017 0.9785
-4.5530 -1.5891 -2.5017 0.9785
-4.4930 -1.7516 -2.5017 0.9785
-4.4272 -1.9118 -2.5017 0.9785
-4.2785 -2.2247 -2.5017 0.9785
-4.1958 -2.3769 -2.5017 0.9785
-4.1078 -2.5261 -2.5017 0.9785
-3.9158 -2.8144 -2.5017 0.9785
-3.7037 -3.0882 -2.5017 0.9785
-3.5904 -3.2193 -2.5017 0.9785
-3.2233 -3.5868 -2.5017 0.9785
-3.0924 -3.7002 -2.5017 0.9785
-2.8188 -3.9126 -2.5017 0.9785
-2.0744 -4.3533 -2.5017 0.9785
-1.9167 -4.4250 -2.5017 0.9785
-1.7566 -4.4909 -2.5017 0.9785
-1.4297 -4.6054 -2.5017 0.9785
-1.0954 -4.6962 -2.5017 0.9785
-0.9260 -4.7325 -2.5017 0.9785
-0.7555 -4.7627 -2.5017 0.9785
-0.5839 -4.7868 -2.5017 0.9785
-0.2388 -4.8163 -2.5017 0.9785
0.1076 -4.8210 -2.5017 0.9785
0.2806 -4.8141 -2.5017 0.9785
0.4534 -4.8009 -2.5017 0.9785
0.6255 -4.7815 -2.5017 0.9785
0.9671 -4.7242 -2.5017 0.9785
1.1332 -4.6743 -2.4952 0.9786
1.3037 -4.6426 -2.5017 0.9785
1.6336 -4.5371 -2.5017 0.9785
1.7955 -4.4755 -2.5017 0.9785
1.9551 -4.4081 -2.5017 0.9785
2.1122 -4.3350 -2.5017 0.9785
2.4179 -4.1722 -2.5017 0.9785
2.5662 -4.0827 -2.5017 0.9785
2.8526 -3.8879 -2.5017 0.9785
3.1244 -3.6731 -2.5017 0.9785
3.2543 -3.5585 -2.5016 0.9785
3.3800 -3.4394 -2.5016 0.9785
3.6181 -3.1879 -2.5016 0.9785
3.7303 -3.0559 -2.5016 0.9785
3.9400 -2.7802 -2.5016 0.9785
4.0373 -2.6369 -2.5016 0.9785
4.1294 -2.4902 -2.5016 0.9785
4.2975 -2.1873 -2.5016 0.9785
4.3733 -2.0316 -2.5016 0.9785
4.4435 -1.8732 -2.5016 0.9785
4.6192 -1.3844 -2.5016 0.9785
4.6659 -1.2176 -2.5016 0.9785
4.6731 -0.6943 -2.4509 0.9789
4.8084 -0.3645 -2.5016 0.9785
4.8110 0.3279 -2.5016 0.9785
4.7751 0.6724 -2.5016 0.9785
4.6296 1.3492 -2.5016 0.9785
4.5781 1.5146 -2.5016 0.9785
4.5208 1.6781 -2.5016 0.9785
4.4576 1.8394 -2.5016 0.9785
4.3887 1.9983 -2.5016 0.9785
4.1483 2.4587 -2.5017 0.9785
4.0573 2.6061 -2.5017 0.9785
3.7534 3.0274 -2.5017 0.9785
3.2785 3.5307 -2.4995 0.9785
3.0120 3.7513 -2.4958 0.9786
2.4762 3.8738 -2.3852 0.9795
2.3005 3.9010 -2.3495 0.9798
1.8676 4.1258 -2.3495 0.9798
1.5666 4.2493 -2.3495 0.9798
1.2576 4.3508 -2.3495 0.9798
1.1005 4.3931 -2.3495 0.9798
0.6216 4.4860 -2.3495 0.9798
0.4601 4.5054 -2.3495 0.9798
0.2979 4.5191 -2.3495 0.9798
-0.0272 4.5288 -2.3495 0.9798
-0.5142 4.4996 -2.3495 0.9798
-0.9952 4.4182 -2.3495 0.9798
-1.3098 4.3354 -2.3495 0.9798
-1.4646 4.2855 -2.3495 0.9798
-1.9171 4.1031 -2.3495 0.9798
-2.0632 4.0316 -2.3495 0.9798
-2.2067 3.9549 -2.3495 0.9798
-2.3473 3.8731 -2.3495 0.9798
-2.5234 3.8450 -2.3859 0.9795
-3.3209 3.4912 -2.4997 0.9785
-3.7897 2.9821 -2.5017 0.9785
-3.8943 2.8441 -2.5017 0.9785
-3.9940 2.7024 -2.5017 0.9785
-4.0884 2.5572 -2.5017 0.9785
-4.2615 2.2571 -2.5017 0.9785
-4.4125 1.9454 -2.5017 0.9785
-4.4795 1.7857 -2.5017 0.9785
-4.5408 1.6237 -2.5017 0.9785
-4.5961 1.4595 -2.5017 0.9785
-4.6456 1.2935 -2.5017 0.9785
-4.6891 1.1258 -2.5017 0.9785
-4.7578 0.7863 -2.5017 0.9785
-4.7830 0.6149 -2.5017 0.9785
-4.8019 0.4428 -2.5017 0.9785
-4.8148 0.2700 -2.5017 0.9785
-4.8217 -0.0763 -2.5017 0.9785
-4.8159 -0.2494 -2.5017 0.9785
-4.7305 -0.9365 -2.5017 0.9785
-4.6938 -1.1058 -2.5017 0.9785
-4.6511 -1.2736 -2.5017 0.9785
-4.6023 -1.4399 -2.5017 0.9785
-4.5477 -1.6042 -2.5017 0.9785
-4.4208 -1.9265 -2.5017 0.9785
-4.3487 -2.0841 -2.5017 0.9785
-4.0055 -2.6853 -2.5017 0.9785
-3.8024 -2.9659 -2.5017 0.9785
-3.5796 -3.2312 -2.5017 0.9785
-3.3385 -3.4798 -2.5017 0.9785
-3.2113 -3.5975 -2.5017 0.9785
-3.0800 -3.7105 -2.5017 0.9785
-2.9448 -3.8187 -2.5017 0.9785
-2.8057 -3.9220 -2.5017 0.9785
-2.5170 -4.1133 -2.5017 0.9785
-2.2152 -4.2834 -2.5017 0.9785
-2.0599 -4.3602 -2.5017 0.9785
-1.5790 -4.5564 -2.5017 0.9785
-1.2478 -4.6580 -2.5017 0.9785
-1.0797 -4.6998 -2.5017 0.9785
-0.5680 -4.7887 -2.5017 0.9785
-0.2227 -4.8171 -2.5017 0.9785
-0.0496 -4.8220 -2.5017 0.9785
0.1236 -4.8206 -2.5017 0.9785
0.2967 -4.8131 -2.5017 0.9785
0.4693 -4.7993 -2.5017 0.9785
0.6414 -4.7794 -2.5017 0.9785
0.9828 -4.7210 -2.5017 0.9785
1.1487 -4.6702 -2.4950 0.9786
1.3192 -4.6383 -2.5017 0.9785
1.4849 -4.5879 -2.5017 0.9785
1.6487 -4.5316 -2.5017 0.9785
2.2807 -4.2488 -2.5017 0.9785
2.5798 -4.0741 -2.5017 0.9785
2.7244 -3.9788 -2.5017 0.9785
2.8656 -3.8784 -2.5017 0.9785
3.1366 -3.6627 -2.5017 0.9785
3.2661 -3.5477 -2.5016 0.9785
3.7405 -3.0434 -2.5016 0.9785
-3.8988 -2.3797 -2.5017 0.9794
-3.8108 -2.5182 -2.5017 0.9794
-3.6202 -2.7852 -2.5017 0.9794
-3.5178 -2.9134 -2.5017 0.9794
-3.4109 -3.0379 -2.5017 0.9794
-3.2996 -3.1584 -2.5017 0.9794
-3.0644 -3.3872 -2.5017 0.9794
-2.9407 -3.4950 -2.5017 0.9794
-2.8133 -3.5984 -2.5017 0.9794
-2.6823 -3.6971 -2.5017 0.9794
-2.5477 -3.7910 -2.5017 0.9794
-2.1252 -4.0431 -2.5017 0.9794
-1.3687 -4.3577 -2.5017 0.9794
-1.0524 -4.4447 -2.5017 0.9794
-0.8920 -4.4796 -2.5017 0.9794
-0.5682 -4.5321 -2.5017 0.9794
-0.4050 -4.5496 -2.5017 0.9794
-0.2414 -4.5612 -2.5017 0.9794
0.2506 -4.5607 -2.5017 0.9794
0.4143 -4.5487 -2.5017 0.9794
1.3775 -4.3549 -2.5017 0.9794
1.6866 -4.2448 -2.5017 0.9794
1.8379 -4.1814 -2.5017 0.9794
2.2770 -3.9595 -2.5017 0.9794
2.4178 -3.8751 -2.5017 0.9794
2.5554 -3.7858 -2.5017 0.9794
2.6897 -3.6916 -2.5017 0.9794
2.8206 -3.5926 -2.5017 0.9794
2.9478 -3.4890 -2.5017 0.9794
3.0712 -3.3809 -2.5017 0.9794
3.3059 -3.1517 -2.5016 0.9794
3.4170 -3.0309 -2.5016 0.9794
3.5236 -2.9062 -2.5016 0.9794
3.6257 -2.7778 -2.5016 0.9794
3.7232 -2.6458 -2.5016 0.9794
3.8158 -2.5104 -2.5016 0.9794
3.9035 -2.3717 -2.5016 0.9794
4.0637 -2.0854 -2.5016 0.9794
4.1359 -1.9381 -2.5016 0.9794
4.2029 -1.7883 -2.5016 0.9794
4.2644 -1.6362 -2.5016 0.9794
4.3204 -1.4820 -2.5016 0.9794
4.4156 -1.1680 -2.5016 0.9794
4.4881 -0.8480 -2.5016 0.9794
4.5374 -0.5237 -2.5016 0.9794
4.5533 -0.3604 -2.5016 0.9794
4.5674 -0.0326 -2.5016 0.9794
4.5580 0.2954 -2.5016 0.9794
4.5444 0.4589 -2.5016 0.9794
4.4997 0.7839 -2.5016 0.9794
4.4687 0.9450 -2.5016 0.9794
4.2873 1.5752 -2.5016 0.9794
4.2280 1.7281 -2.5016 0.9794
3.8512 2.4557 -2.5017 0.9794
3.7606 2.5924 -2.5017 0.9794
3.6650 2.7258 -2.5017 0.9794
3.4599 2.9819 -2.5017 0.9794
2.8687 3.5486 -2.4992 0.9794
2.6032 3.7404 -2.4960 0.9794
1.7820 3.9020 -2.3495 0.9806
1.4973 4.0199 -2.3495 0.9806
1.2049 4.1170 -2.3495 0.9806
1.0562 4.1576 -2.3495 0.9806
0.7550 4.2227 -2.3495 0.9806
0.6029 4.2471 -2.3495 0.9806
0.4500 4.2660 -2.3495 0.9806
0.2965 4.2794 -2.3495 0.9806
-0.3194 4.2778 -2.3495 0.9806
-0.4728 4.2636 -2.3495 0.9806
-0.6257 4.2438 -2.3495 0.9806
-0.9287 4.1880 -2.3495 0.9806
-1.0785 4.1519 -2.3495 0.9806
-1.3738 4.0638 -2.3495 0.9806
-1.5199 4.0147 -2.3512 0.9806
-1.8029 3.8925 -2.3495 0.9806
-2.4860 3.8156 -2.4942 0.9794
-2.6230 3.7261 -2.4958 0.9794
-2.7569 3.6318 -2.4973 0.9794
-2.8875 3.5328 -2.4990 0.9794
-3.2542 3.2052 -2.5017 0.9794
-3.3672 3.0863 -2.5017 0.9794
-3.7745 2.5723 -2.5017 0.9794
-3.8644 2.4351 -2.5017 0.9794
-3.9494 2.2947 -2.5017 0.9794
-4.1039 2.0053 -2.5017 0.9794
-4.1733 1.8566 -2.5017 0.9794
-4.2958 1.5522 -2.5017 0.9794
-4.3488 1.3969 -2.5017 0.9794
-4.3962 1.2398 -2.5017 0.9794
-4.4379 1.0812 -2.5017 0.9794
-4.5040 0.7598 -2.5017 0.9794
-4.5284 0.5975 -2.5017 0.9794
-4.5469 0.4345 -2.5017 0.9794
-4.5673 -0.0571 -2.5017 0.9794
-4.5623 -0.2211 -2.5017 0.9794
-4.5514 -0.3848 -2.5017 0.9794
-4.5347 -0.5480 -2.5017 0.9794
-4.5120 -0.7105 -2.5017 0.9794
-4.4494 -1.0326 -2.5017 0.9794
-4.3125 -1.5052 -2.5017 0.9794
-4.2557 -1.6591 -2.5017 0.9794
-4.1933 -1.8108 -2.5017 0.9794
-4.1256 -1.9603 -2.5017 0.9794
-3.7090 -2.6658 -2.5017 0.9794
-3.6109 -2.7973 -2.5017 0.9794
-3.5081 -2.9251 -2.5017 0.9794
-3.1731 -3.2855 -2.5017 0.9794
-3.0531 -3.3973 -2.5017 0.9794
-2.5351 -3.7995 -2.5017 0.9794
-2.3970 -3.8881 -2.5017 0.9794
-2.2558 -3.9717 -2.5017 0.9794
-2.1117 -4.0501 -2.5017 0.9794
-1.5100 -4.3108 -2.5017 0.9794
-1.3542 -4.3622 -2.5017 0.9794
-0.8771 -4.4826 -2.5017 0.9794
-0.7156 -4.5112 -2.5017 0.9794
-0.5531 -4.5340 -2.5017 0.9794
-0.2262 -4.5620 -2.5017 0.9794
-0.0622 -4.5671 -2.5017 0.9794
0.1019 -4.5664 -2.5017 0.9794
0.7547 -4.5048 -2.5017 0.9794
1.8519 -4.1753 -2.5017 0.9794
2.2902 -3.9519 -2.5017 0.9794
2.4307 -3.8671 -2.5017 0.9794
2.7020 -3.6826 -2.5017 0.9794
2.8325 -3.5832 -2.5017 0.9794
2.9594 -3.4792 -2.5017 0.9794
3.0824 -3.3706 -2.5017 0.9794
3.3164 -3.1407 -2.5016 0.9794
3.4271 -3.0195 -2.5016 0.9794
3.6350 -2.7657 -2.5016 0.9794
3.7320 -2.6334 -2.5016 0.9794
3.8241 -2.4976 -2.5016 0.9794
3.9114 -2.3587 -2.5016 0.9794
3.9936 -2.2167 -2.5016 0.9794
4.1424 -1.9243 -2.5016 0.9794
4.2088 -1.7743 -2.5016 0.9794
4.2698 -1.6220 -2.5016 0.9794
4.3752 -1.3113 -2.5016 0.9794
4.4195 -1.1533 -2.5016 0.9794
4.5179 -0.6713 -2.5016 0.9794
4.5391 -0.5085 -2.5016 0.9794
4.5545 -0.3452 -2.5016 0.9794
4.5639 -0.1814 -2.5016 0.9794
4.5229 0.6369 -2.5016 0.9794
4.4282 1.1197 -2.5016 0.9794
4.3851 1.2780 -2.5016 0.9794
4.3364 1.4346 -2.5016 0.9794
4.2820 1.5894 -2.5016 0.9794
4.1569 1.8927 -2.5017 0.9794
3.7519 2.6049 -2.5017 0.9794
3.6559 2.7380 -2.5017 0.9794
3.4499 2.9934 -2.5017 0.9794
3.2262 3.2333 -2.5017 0.9794
3.1080 3.3471 -2.5017 0.9794
2.9847 3.4554 -2.5008 0.9794
2.5906 3.7489 -2.4958 0.9794
2.4528 3.8372 -2.4943 0.9794
2.2766 3.8605 -2.4547 0.9798
2.0978 3.8683 -2.4102 0.9801
1.9248 3.8754 -2.3700 0.9805
1.7690 3.9079 -2.3495 0.9806
1.6275 3.9690 -2.3495 0.9806
1.4864 4.0316 -2.3534 0.9806
1.3384 4.0756 -2.3495 0.9806
1.0424 4.1611 -2.3495 0.9806
0.7410 4.2252 -2.3495 0.9806
0.5887 4.2491 -2.3495 0.9806
0.2822 4.2804 -2.3495 0.9806
0.1283 4.2878 -2.3495 0.9806
-0.0258 4.2896 -2.3495 0.9806
-0.4870 4.2620 -2.3495 0.9806
-0.9426 4.1849 -2.3495 0.9806
-1.2406 4.1064 -2.3495 0.9806
-1.3873 4.0592 -2.3495 0.9806
-1.6751 3.9492 -2.3495 0.9806
-2.6355 3.7176 -2.4959 0.9794
-2.8994 3.5234 -2.4992 0.9794
-3.0262 3.4194 -2.5009 0.9794
-3.1480 3.3096 -2.5017 0.9794
-3.2649 3.1944 -2.5017 0.9794
-3.3775 3.0750 -2.5017 0.9794
-3.5895 2.8246 -2.5017 0.9794
-3.6887 2.6939 -2.5017 0.9794
-4.3010 1.5379 -2.5017 0.9794
-4.4003 1.2252 -2.5017 0.9794
-4.4769 0.9062 -2.5017 0.9794
-4.5304 0.5825 -2.5017 0.9794
-4.5605 0.2558 -2.5017 0.9794
-4.5671 -0.0723 -2.5017 0.9794
-4.5615 -0.2363 -2.5017 0.9794
-4.5328 -0.5631 -2.5017 0.9794
-4.5097 -0.7255 -2.5017 0.9794
-4.4807 -0.8870 -2.5017 0.9794
-4.1873 -1.8248 -2.5017 0.9794
-4.1191 -1.9740 -2.5017 0.9794
-4.0455 -2.1207 -2.5017 0.9794
-3.9667 -2.2646 -2.5017 0.9794
-3.8828 -2.4056 -2.5017 0.9794
-3.7939 -2.5435 -2.5017 0.9794
-3.6016 -2.8093 -2.5017 0.9794
-3.4983 -2.9368 -2.5017 0.9794
-3.3906 -3.0606 -2.5017 0.9794
-3.2785 -3.1804 -2.5017 0.9794
-2.7893 -3.6171 -2.5017 0.9794
-2.6576 -3.7149 -2.5017 0.9794
-2.5224 -3.8079 -2.5017 0.9794
-2.2426 -3.9792 -2.5017 0.9794
-1.8016 -4.1973 -2.5017 0.9794
-1.4956 -4.3158 -2.5017 0.9794
-1.3396 -4.3667 -2.5017 0.9794
-1.1819 -4.4120 -2.5017 0.9794
-1.0227 -4.4516 -2.5017 0.9794
-0.7005 -4.5135 -2.5017 0.9794
-0.5380 -4.5358 -2.5017 0.9794
-0.3747 -4.5522 -2.5017 0.9794
0.1171 -4.5661 -2.5017 0.9794
0.2810 -4.5589 -2.5017 0.9794
0.7697 -4.5022 -2.5017 0.9794
1.0875 -4.4215 -2.4939 0.9794
1.5617 -4.2923 -2.5017 0.9794
1.7148 -4.2334 -2.5017 0.9794
2.0143 -4.0994 -2.5017 0.9794
2.1602 -4.0244 -2.5017 0.9794
2.3034 -3.9442 -2.5017 0.9794
2.4435 -3.8590 -2.5017 0.9794
2.8444 -3.5737 -2.5017 0.9794
3.2123 -3.2471 -2.5017 0.9794
3.3269 -3.1296 -2.5016 0.9794
3.4371 -3.0081 -2.5016 0.9794
3.5429 -2.8827 -2.5016 0.9794
3.8324 -2.4849 -2.5016 0.9794
3.9192 -2.3457 -2.5016 0.9794
4.0009 -2.2034 -2.5016 0.9794
4.0775 -2.0583 -2.5016 0.9794
-3.6986 -2.2575 -2.5017 0.9802
-3.5270 -2.5172 -2.5017 0.9802
-3.3372 -2.7638 -2.5017 0.9802
-3.2358 -2.8819 -2.5017 0.9802
-3.1302 -2.9963 -2.5017 0.9802
-1.7355 -3.9703 -2.5017 0.9802
-1.2984 -4.1339 -2.5017 0.9802
-0.9983 -4.2165 -2.5017 0.9802
-0.3842 -4.3160 -2.5017 0.9802
-0.0734 -4.3324 -2.5017 0.9802
0.0822 -4.3323 -2.5017 0.9802
0.2378 -4.3265 -2.5017 0.9802
0.3930 -4.3152 -2.5017 0.9802
0.5477 -4.2983 -2.5017 0.9802
1.1576 -4.1755 -2.5017 0.9802
1.6000 -4.0268 -2.5017 0.9802
2.0238 -3.8313 -2.5017 0.9802
2.1601 -3.7562 -2.5017 0.9802
2.4242 -3.5914 -2.5017 0.9802
2.5516 -3.5020 -2.5017 0.9802
2.6757 -3.4081 -2.5017 0.9802
2.7964 -3.3098 -2.5017 0.9802
3.0268 -3.1006 -2.5017 0.9802
3.7815 -2.1155 -2.5016 0.9802
3.8550 -1.9783 -2.5016 0.9802
3.9236 -1.8386 -2.5016 0.9802
4.0454 -1.5522 -2.5016 0.9802
4.1464 -1.2578 -2.5016 0.9802
4.1889 -1.1080 -2.5016 0.9802
4.2260 -0.9569 -2.5016 0.9802
4.2838 -0.6511 -2.5016 0.9802
4.3044 -0.4968 -2.5016 0.9802
4.3290 -0.1865 -2.5016 0.9802
4.3111 0.4353 -2.5016 0.9802
4.2687 0.7437 -2.5016 0.9802
4.1639 1.1985 -2.5016 0.9802
4.1182 1.3473 -2.5017 0.9802
4.0672 1.4943 -2.5017 0.9802
3.9494 1.7824 -2.5017 0.9802
3.8113 2.0613 -2.5017 0.9802
3.4768 2.5858 -2.5017 0.9802
3.0707 3.0571 -2.5017 0.9802
2.6003 3.4639 -2.5007 0.9802
2.4727 3.5529 -2.4991 0.9802
2.0728 3.7921 -2.4951 0.9802
1.1430 3.9056 -2.3495 0.9814
1.0020 3.9441 -2.3495 0.9814
0.8597 3.9776 -2.3495 0.9814
0.7163 4.0059 -2.3495 0.9814
0.4269 4.0470 -2.3495 0.9814
0.2812 4.0597 -2.3495 0.9814
-0.1571 4.0664 -2.3495 0.9814
-0.3030 4.0581 -2.3495 0.9814
-0.5935 4.0259 -2.3495 0.9814
-1.0231 3.9387 -2.3495 0.9814
-1.3059 3.8631 -2.3543 0.9813
-1.7781 3.8389 -2.4426 0.9806
-2.3614 3.6244 -2.4975 0.9802
-2.6186 3.4496 -2.5004 0.9802
-2.9759 3.1495 -2.5017 0.9802
-3.4907 2.5672 -2.5017 0.9802
-3.5807 2.4402 -2.5017 0.9802
-3.6660 2.3100 -2.5017 0.9802
-3.7466 2.1769 -2.5017 0.9802
-3.8224 2.0409 -2.5017 0.9802
-3.8932 1.9023 -2.5017 0.9802
-3.9590 1.7613 -2.5017 0.9802
-4.0197 1.6179 -2.5017 0.9802
-4.0752 1.4725 -2.5017 0.9802
-4.1255 1.3252 -2.5017 0.9802
-4.2727 0.7208 -2.5017 0.9802
-4.3255 0.2570 -2.5017 0.9802
-4.3319 0.1015 -2.5017 0.9802
-4.3018 -0.5199 -2.5017 0.9802
-4.2534 -0.8273 -2.5017 0.9802
-4.1830 -1.1305 -2.5017 0.9802
-4.1397 -1.2800 -2.5017 0.9802
-4.0911 -1.4279 -2.5017 0.9802
-4.0372 -1.5739 -2.5017 0.9802
-3.9780 -1.7179 -2.5017 0.9802
-3.8444 -1.9990 -2.5017 0.9802
-3.5186 -2.5289 -2.5017 0.9802
-3.4255 -2.6536 -2.5017 0.9802
-3.2261 -2.8927 -2.5017 0.9802
-3.1202 -3.0067 -2.5017 0.9802
-3.0102 -3.1168 -2.5017 0.9802
-2.8963 -3.2229 -2.5017 0.9802
-2.7787 -3.3248 -2.5017 0.9802
-2.6575 -3.4225 -2.5017 0.9802
-2.4049 -3.6044 -2.5017 0.9802
-2.0033 -3.8422 -2.5017 0.9802
-1.7223 -3.9761 -2.5017 0.9802
-1.2846 -4.1382 -2.5017 0.9802
-1.1352 -4.1817 -2.5017 0.9802
-0.9843 -4.2198 -2.5017 0.9802
-0.8321 -4.2524 -2.5017 0.9802
-0.6788 -4.2795 -2.5017 0.9802
-0.5247 -4.3012 -2.5017 0.9802
-0.3699 -4.3172 -2.5017 0.9802
-0.0590 -4.3326 -2.5017 0.9802
0.0966 -4.3320 -2.5017 0.9802
0.2522 -4.3257 -2.5017 0.9802
0.5620 -4.2964 -2.5017 0.9802
1.6134 -4.0214 -2.5017 0.9802
1.7568 -3.9609 -2.5017 0.9802
1.8979 -3.8953 -2.5017 0.9802
2.0366 -3.8246 -2.5017 0.9802
2.1726 -3.7490 -2.5017 0.9802
2.3059 -3.6685 -2.5017 0.9802
2.4361 -3.5833 -2.5017 0.9802
2.5632 -3.4935 -2.5017 0.9802
2.6871 -3.3992 -2.5017 0.9802
2.8074 -3.3005 -2.5017 0.9802
2.9241 -3.1975 -2.5017 0.9802
3.1461 -2.9794 -2.5017 0.9802
3.2511 -2.8645 -2.5017 0.9802
3.3519 -2.7459 -2.5016 0.9802
3.4483 -2.6237 -2.5016 0.9802
3.5403 -2.4982 -2.5016 0.9802
3.6278 -2.3694 -2.5016 0.9802
3.7105 -2.2376 -2.5016 0.9802
3.7885 -2.1029 -2.5016 0.9802
3.8616 -1.9654 -2.5016 0.9802
3.9297 -1.8255 -2.5016 0.9802
3.9927 -1.6832 -2.5016 0.9802
4.1506 -1.2439 -2.5016 0.9802
4.1926 -1.0941 -2.5016 0.9802
4.2292 -0.9428 -2.5016 0.9802
4.2603 -0.7903 -2.5016 0.9802
4.3329 -0.0165 -2.5016 0.9802
4.3307 0.1391 -2.5016 0.9802
4.3230 0.2946 -2.5016 0.9802
4.3096 0.4497 -2.5016 0.9802
4.2907 0.6042 -2.5016 0.9802
4.2662 0.7579 -2.5016 0.9802
4.2362 0.9106 -2.5016 0.9802
4.2008 1.0622 -2.5016 0.9802
4.1599 1.2124 -2.5016 0.9802
4.0054 1.6528 -2.5017 0.9802
3.9435 1.7955 -2.5017 0.9802
3.8044 2.0740 -2.5017 0.9802
3.7274 2.2093 -2.5017 0.9802
3.6457 2.3417 -2.5017 0.9802
3.5592 2.4712 -2.5017 0.9802
3.3727 2.7203 -2.5017 0.9802
3.1687 2.9554 -2.5017 0.9802
2.9484 3.1752 -2.5017 0.9802
2.7128 3.3787 -2.5017 0.9802
2.4607 3.5609 -2.4990 0.9802
2.3299 3.6449 -2.4976 0.9802
2.1963 3.7242 -2.4962 0.9802
2.0601 3.7988 -2.4950 0.9802
1.5852 3.8659 -2.4124 0.9809
1.4270 3.8706 -2.3817 0.9811
1.2728 3.8759 -2.3553 0.9813
0.9888 3.9474 -2.3495 0.9814
0.7029 4.0082 -2.3495 0.9814
0.5585 4.0309 -2.3495 0.9814
0.2677 4.0606 -2.3495 0.9814
0.1217 4.0676 -2.3495 0.9814
-0.3165 4.0571 -2.3495 0.9814
-0.6069 4.0239 -2.3495 0.9814
-0.8942 3.9700 -2.3495 0.9814
-1.9601 3.8301 -2.4840 0.9803
-2.1056 3.7738 -2.4950 0.9802
-2.2409 3.6976 -2.4963 0.9802
-2.3736 3.6167 -2.4976 0.9802
-2.5034 3.5312 -2.4991 0.9802
-2.8717 3.2448 -2.5017 0.9802
-2.9864 3.1396 -2.5017 0.9802
-3.0972 3.0303 -2.5017 0.9802
-3.3068 2.8002 -2.5017 0.9802
-3.4992 2.5556 -2.5017 0.9802
-3.5888 2.4283 -2.5017 0.9802
-3.7538 2.1644 -2.5017 0.9802
-3.8291 2.0282 -2.5017 0.9802
-3.9648 1.7481 -2.5017 0.9802
-4.0251 1.6045 -2.5017 0.9802
-4.0801 1.4589 -2.5017 0.9802
-4.2751 0.7066 -2.5017 0.9802
-4.2977 0.5526 -2.5017 0.9802
-4.3263 0.2426 -2.5017 0.9802
-4.3322 0.0871 -2.5017 0.9802
-4.3326 -0.0686 -2.5017 0.9802
-4.2781 -0.6883 -2.5017 0.9802
-4.2506 -0.8415 -2.5017 0.9802
-4.1792 -1.1444 -2.5017 0.9802
-4.1354 -1.2938 -2.5017 0.9802
-3.9075 -1.8726 -2.5017 0.9802
-3.8378 -2.0118 -2.5017 0.9802
-3.4166 -2.6650 -2.5017 0.9802
-2.7676 -3.3341 -2.5017 0.9802
-2.6460 -3.4313 -2.5017 0.9802
-2.3929 -3.6124 -2.5017 0.9802
-1.9905 -3.8488 -2.5017 0.9802
-1.5649 -4.0406 -2.5017 0.9802
-1.2708 -4.1425 -2.5017 0.9802
-0.9702 -4.2230 -2.5017 0.9802
-0.6646 -4.2818 -2.5017 0.9802
-0.5103 -4.3029 -2.5017 0.9802
-0.3555 -4.3184 -2.5017 0.9802
-0.2002 -4.3284 -2.5017 0.9802
-0.0446 -4.3328 -2.5017 0.9802
0.8831 -4.2421 -2.5017 0.9802
1.0349 -4.2076 -2.5017 0.9802
1.4815 -4.0719 -2.5017 0.9802
1.6268 -4.0160 -2.5017 0.9802
1.9109 -3.8889 -2.5017 0.9802
2.1851 -3.7417 -2.5017 0.9802
2.3181 -3.6608 -2.5017 0.9802
2.4480 -3.5752 -2.5017 0.9802
2.5749 -3.4850 -2.5017 0.9802
3.0474 -3.0803 -2.5017 0.9802
3.1560 -2.9689 -2.5017 0.9802
3.5486 -2.4864 -2.5016 0.9802
3.7955 -2.0902 -2.5016 0.9802
