experiment,scenario,run_id,tick,carla_frame,simulation_time_s,ego_speed_mps,ego_acceleration_mps2,ground_truth_object_type,distance_to_object_m,camera_vehicle_pixels,camera_pedestrian_pixels,camera_traffic_light_pixels,bev_vehicle_pixels,bev_walker_pixels,bev_stop_sign_pixels,bev_light_green_pixels,bev_light_yellow_pixels,bev_light_red_pixels,prob_speed_0,prob_speed_2,prob_speed_3,prob_speed_6,pred_target_speed_mps,decided_action,previous_action,decision_changed,throttle,brake,steer,target_point_x,target_point_y,road_command,expected_perception,actual_perception,perception_correct,expected_safe_action,action_correct,timely_action,collision,time_to_collision_s
Object in Road,Chair,run_1,0,178227,0.0,1.470000147819519,9.80000114440918,chair,29.668082118034363,735,0,0,0,0,0,0,0,0,9.012641157823964e-07,6.648459384450689e-05,3.6577164337359136e-06,0.9999289512634277,5.999717712402344,go_fast,stop,True,0.75,0.0,0.0,49.75056457519531,-0.13987688720226288,LANEFOLLOW,none,obstacle_detected,False,go,False,,False,
Object in Road,Chair,run_1,5,178232,0.25,0.7380870580685825,26.53016853370036,chair,29.664252161979675,0,1,0,0,0,0,0,0,0,1.9433014131209347e-06,3.30752955051139e-05,2.320691464774427e-06,0.9999626874923706,5.99984884262085,go_fast,go_fast,False,0.75,0.0,0.0,49.75056457519531,-0.13987688720226288,LANEFOLLOW,none,obstacle_detected,False,go,False,,False,
Object in Road,Chair,run_1,10,178237,0.5,0.2014345079660582,0.6454357505135275,chair,29.664223551750183,0,2,0,16,0,0,0,0,0,1.2029390745738056e-06,2.6096764486283064e-05,3.0010833143023774e-06,0.9999697208404541,5.999879360198975,go_fast,go_fast,False,0.75,0.0,0.0,49.75056457519531,-0.13987688720226288,LANEFOLLOW,none,obstacle_detected,False,go,False,,False,
Object in Road,Chair,run_1,15,178242,0.75,2.5741028304870524,6.752467159318818,chair,29.28736388683319,0,21,0,61,0,0,0,0,0,4.455223461263813e-07,2.5192572138621472e-05,1.8340199403610313e-06,0.9999725818634033,5.99989128112793,go_fast,go_fast,False,0.75,0.0,-0.503000020980835,49.373722076416016,-0.1396486759185791,LANEFOLLOW,none,obstacle_detected,False,go,False,,False,11.520692711324838
Object in Road,Chair,run_1,20,178247,1.0,3.7555378074932064,6.245737966152935,chair,28.498705744743347,0,1,0,13,0,0,0,0,0,1.016386590890761e-06,2.701362427615095e-05,1.8662398133528768e-06,0.9999700784683228,5.999880313873291,go_fast,go_fast,False,0.75,0.0,-0.37700000405311584,48.42170715332031,3.973989725112915,LANEFOLLOW,none,obstacle_detected,False,go,False,,False,8.202397779804791
Object in Road,Chair,run_1,25,178252,1.25,4.930452623316195,5.142057903343701,chair,27.474066615104675,92,0,0,54,0,0,0,0,0,1.8160599211114459e-06,1.248547232535202e-05,2.6657387479644967e-06,0.9999830722808838,5.999931335449219,go_fast,go_fast,False,0.75,0.0,-0.2930000126361847,46.234031677246094,11.13663101196289,LANEFOLLOW,none,obstacle_detected,False,go,False,,False,6.25989350509398
Object in Road,Chair,run_1,30,178257,1.5,5.541081737851708,2.570097686693986,chair,26.27710998058319,0,0,0,0,0,0,0,0,0,8.987586852526874e-07,2.8564072636072524e-06,4.975644287696923e-07,0.9999957084655762,5.99998140335083,go_fast,go_fast,False,0.75,0.0,-0.16200000047683716,42.927730560302734,17.478792190551758,LANEFOLLOW,none,obstacle_detected,False,go,False,,False,5.615336610325387
Object in Road,Chair,run_1,35,178262,1.75,6.669053181778751,5.450025132417352,chair,24.972071528434753,25,0,0,55,0,0,0,0,0,4.359099693829194e-05,1.079061894415645e-05,1.8587448948892416e-06,0.999943733215332,5.99968957901001,go_fast,go_fast,False,0.0,1.0,0.024000000208616257,39.57352066040039,21.470260620117188,LANEFOLLOW,none,obstacle_detected,False,go,False,,False,4.627471224587661
Object in Road,Chair,run_1,40,178267,2.0,6.36800803374532,5.606121857750003,chair,23.55974280834198,26,152,0,32,0,0,0,0,0,4.020230790047208e-06,1.3115308320266195e-05,2.7043399768444942e-06,0.9999802112579346,5.999915599822998,go_fast,go_fast,False,0.04374999925494194,0.0,0.1860000044107437,37.77255630493164,21.718568801879883,LANEFOLLOW,none,obstacle_detected,False,go,False,,False,4.454748129032859
Object in Road,Chair,run_1,45,178272,2.25,5.64347446280969,2.6397857702948655,chair,22.27087676525116,92,134,0,0,0,0,0,0,0,1.5019701322671608e-06,1.814534334698692e-05,1.3293545634951442e-05,0.999967098236084,5.999878883361816,go_fast,go_fast,False,0.75,0.0,0.21400000154972076,37.78950881958008,18.87252426147461,LANEFOLLOW,none,obstacle_detected,False,go,False,,False,4.447856856155719
Object in Road,Chair,run_1,50,178277,2.5,5.533809432521786,2.589869953361217,chair,21.02820861339569,84,194,0,15,0,0,0,0,0,7.402587129945459e-07,5.175638762011658e-06,5.393795618147124e-06,0.9999886751174927,5.9999589920043945,go_fast,go_fast,False,0.75,0.0,0.20499999821186066,38.19373321533203,14.793436050415039,LANEFOLLOW,none,obstacle_detected,False,go,False,,False,4.117426496593741
Object in Road,Chair,run_1,55,178282,2.75,6.3755939529045955,3.8325726348871565,chair,19.614514231681824,72,129,0,0,0,0,0,0,0,4.122295194974868e-06,1.2231266737217084e-05,3.238073259126395e-05,0.9999512434005737,5.999828815460205,go_fast,go_fast,False,0.0,0.0,0.17800000309944153,38.080413818359375,10.516066551208496,LANEFOLLOW,none,obstacle_detected,False,go,False,,False,3.257171205944048
Object in Road,Chair,run_1,60,178287,3.0,6.501195908929055,2.9561392474545225,chair,18.036463618278503,735,127,0,0,0,0,0,0,0,4.378221092338208e-07,3.914864919352112e-06,7.438154170813505e-06,0.9999881982803345,5.999959468841553,go_fast,go_fast,False,0.05624999850988388,0.0,0.1379999965429306,37.33831787109375,6.4467010498046875,LANEFOLLOW,none,obstacle_detected,False,go,False,,False,2.8950213217980876
Object in Road,Chair,run_1,65,178292,3.25,6.016782227371812,2.8415321787128462,chair,16.505680918693542,91,145,0,30,0,0,0,0,0,5.112582357469364e-07,1.9074375813943334e-05,0.0002837514621205628,0.9996967315673828,5.999069690704346,go_fast,go_fast,False,0.05624999850988388,0.0,0.06300000101327896,36.17558670043945,3.3702714443206787,LANEFOLLOW,obstacle_detected,obstacle_detected,True,stop,False,,False,2.841049095918311
Object in Road,Chair,run_1,70,178297,3.5,5.4641440887657735,2.3612411251304493,chair,15.09690272808075,111,138,0,49,0,0,0,0,0,2.3401109672249731e-07,7.098441074049333e-06,0.00018411403289064765,0.9998086094856262,5.999418258666992,go_fast,go_fast,False,0.75,0.0,-0.0430000014603138,34.85372543334961,1.8256921768188477,LANEFOLLOW,obstacle_detected,obstacle_detected,True,stop,False,,False,2.8692062582425604
Object in Road,Chair,run_1,75,178302,3.75,5.302700858089003,1.3817045431562438,chair,13.805697321891785,177,122,0,26,0,0,0,0,0,3.520197822126647e-07,6.244795713428175e-06,0.00021969473164062947,0.9997736811637878,5.9993133544921875,go_fast,go_fast,False,0.75,0.0,0.014999999664723873,33.51072692871094,2.1952407360076904,LANEFOLLOW,obstacle_detected,obstacle_detected,True,stop,False,,False,2.7548499555358137
Object in Road,Chair,run_1,80,178307,4.0,6.108673699837027,4.1500569370207,chair,12.426673769950867,56,379,0,31,0,0,0,0,0,1.0440897568742002e-07,1.966865283975494e-06,2.685772187760449e-06,0.999995231628418,5.999983310699463,go_fast,go_fast,False,0.0,0.0,0.04600000008940697,32.100669860839844,2.0723142623901367,LANEFOLLOW,obstacle_detected,obstacle_detected,True,stop,False,,False,2.155309729705556
Object in Road,Chair,run_1,85,178312,4.25,6.3589477619721775,1.3764202781258894,chair,10.876278758049011,7,496,0,50,0,0,0,0,0,7.381176914122989e-08,4.128131877223495e-06,5.86676060265745e-06,0.9999899864196777,5.999965667724609,go_fast,go_fast,False,0.06875000149011612,0.0,-0.03400000184774399,30.54379653930664,1.3565106391906738,LANEFOLLOW,obstacle_detected,obstacle_detected,True,stop,False,,False,1.8174158020606483
Object in Road,Chair,run_1,90,178317,4.5,5.886396573321266,2.0969325024437055,chair,9.406713366508484,0,612,0,59,0,0,0,0,0,3.8295901561014034e-08,1.2094015801267233e-05,1.6566920749028213e-05,0.9999712705612183,5.999901294708252,go_fast,go_fast,False,0.75,0.0,-0.10100000351667404,29.000164031982422,1.6254894733428955,LANEFOLLOW,obstacle_detected,obstacle_detected,True,stop,False,,False,1.748626515132943
Object in Road,Chair,run_1,95,178322,4.75,5.760588101589875,1.9122696602473057,chair,8.080032229423523,0,878,0,54,0,0,0,0,0,1.234571300301468e-06,8.221787538786884e-06,1.893847979772545e-06,0.9999886751174927,5.9999542236328125,go_fast,go_fast,False,0.75,0.0,0.0989999994635582,27.466442108154297,2.943100690841675,LANEFOLLOW,obstacle_detected,obstacle_detected,True,stop,False,,False,1.6320132757641184
Object in Road,Chair,run_1,100,178327,5.0,6.529916717292697,4.12151491637787,chair,6.686211943626404,194,1586,0,15,0,0,0,0,0,3.9251781913662853e-07,1.4903106375641073e-06,1.6957011439444614e-07,0.9999979734420776,5.999990940093994,go_fast,go_fast,False,0.0,0.0,-0.009999999776482582,26.013450622558594,2.1354851722717285,LANEFOLLOW,obstacle_detected,obstacle_detected,True,stop,False,,False,1.180798222649821
Object in Road,Chair,run_1,105,178332,5.25,6.761586712377352,1.367227557421569,chair,5.208455920219421,249,3778,0,0,0,0,0,0,0,2.1900781632666622e-07,8.741985197957547e-07,3.43903906241394e-07,0.9999985694885254,5.999994277954102,go_fast,go_fast,False,0.0,1.0,-0.05299999937415123,24.33068084716797,1.9624828100204468,LANEFOLLOW,obstacle_detected,none,False,stop,False,,False,0.9925317388301442
Object in Road,Chair,run_1,110,178337,5.5,4.86503919889075,25.232265467292933,chair,4.019604563713074,93,3699,0,0,0,0,0,0,0,6.22809529886581e-05,0.0003062393516302109,3.564657527022064e-05,0.9995958209037781,5.998294353485107,go_fast,go_fast,False,0.75,0.0,0.0860000029206276,22.711776733398438,2.5465729236602783,LANEFOLLOW,obstacle_detected,none,False,stop,False,,False,1.344469916257398
Object in Road,Chair,run_1,115,178342,5.75,2.995082588063384,5.517408452855837,chair,3.5437062978744507,1254,1744,0,0,0,0,0,0,0,5.888833766221069e-05,0.6767956614494324,7.415068807858916e-07,0.3231447637081146,3.292462110519409,go,go_fast,True,0.75,0.0,0.3540000021457672,22.007848739624023,2.30098819732666,LANEFOLLOW,obstacle_detected,none,False,stop,False,,False,2.0732810896042664
Object in Road,Chair,run_1,120,178347,6.0,4.186721839176101,5.065574283814432,chair,2.9598673582077026,2284,6,0,0,0,0,0,0,0,0.0041975597850978374,0.002521797316148877,2.881133696064353e-06,0.9932777285575867,5.964718341827393,go_fast,go,True,0.75,0.0,0.23100000619888306,21.2293701171875,0.1847267597913742,LANEFOLLOW,obstacle_detected,none,False,stop,False,,False,1.1944400007681788
Object in Road,Chair,run_1,125,178352,6.25,5.327105822645313,4.76960303647612,chair,2.356836199760437,0,0,0,0,0,0,0,0,0,1.284912514165626e-06,1.137411231866281e-06,1.3916560703819414e-07,0.9999974966049194,5.999987602233887,go_fast,go_fast,False,0.75,0.0,0.3089999854564667,19.94402313232422,-2.059633255004883,LANEFOLLOW,obstacle_detected,none,False,stop,False,,False,1.2764976528551282
Object in Road,Chair,run_2,0,179201,0.0,1.9600002765655518,9.800003051757812,chair,29.666794657707214,0,0,0,28,0,0,0,0,0,6.76885235861846e-07,0.0001357451983494684,2.080311560348491e-06,0.999861478805542,5.999446392059326,go_fast,stop,True,0.75,0.0,0.0,49.75056457519531,-0.13987688720226288,LANEFOLLOW,none,obstacle_detected,False,go,False,,False,
Object in Road,Chair,run_2,5,179206,0.25,0.11209821701050988,12.519777298004447,chair,29.664284586906433,0,0,0,0,0,0,0,0,0,2.4348121314687887e-06,4.881322820438072e-05,3.023660383405513e-06,0.9999457597732544,5.999781608581543,go_fast,go_fast,False,0.75,0.0,0.0,49.75056457519531,-0.13987688720226288,LANEFOLLOW,none,obstacle_detected,False,go,False,,False,
Object in Road,Chair,run_2,10,179211,0.5,0.16076517105112245,0.8133867383161851,chair,29.664215922355652,0,0,0,11,0,0,0,0,0,1.2372589708320447e-06,2.5289631594205275e-05,2.7032340312871384e-06,0.9999707937240601,5.99988317489624,go_fast,go_fast,False,0.75,0.0,0.0,49.75056457519531,-0.13987688720226288,LANEFOLLOW,none,obstacle_detected,False,go,False,,False,
Object in Road,Chair,run_2,15,179216,0.75,2.568322561305926,6.656513628995675,chair,29.295004725456238,0,22,0,2,0,0,0,0,0,4.297511395634501e-07,2.1589428797597066e-05,1.4126005680736853e-06,0.9999765157699585,5.999906063079834,go_fast,go_fast,False,0.75,0.0,-0.5049999952316284,49.38136291503906,-0.13953135907649994,LANEFOLLOW,none,obstacle_detected,False,go,False,,False,11.5486518841096
Object in Road,Chair,run_2,20,179221,1.0,3.766167881670958,6.238314326864355,chair,28.505999445915222,0,1,0,21,0,0,0,0,0,1.164985178547795e-06,3.3289743441855535e-05,2.2085280306782806e-06,0.9999632835388184,5.999853134155273,go_fast,go_fast,False,0.75,0.0,-0.37599998712539673,48.4261589050293,4.00866174697876,LANEFOLLOW,none,obstacle_detected,False,go,False,,False,8.18694481751837
Object in Road,Chair,run_2,25,179226,1.25,4.9411374300329856,5.142105872877531,chair,27.479023814201355,150,0,0,35,0,0,0,0,0,1.4146119156066561e-06,1.0739126992120873e-05,1.9138967672915896e-06,0.999985933303833,5.999942779541016,go_fast,go_fast,False,0.75,0.0,-0.296999990940094,46.229087829589844,11.17813491821289,LANEFOLLOW,none,obstacle_detected,False,go,False,,False,6.248308332207397
Object in Road,Chair,run_2,30,179231,1.5,5.546472487458341,4.358111480930431,chair,26.287466883659363,0,0,0,22,0,0,0,0,0,8.052733733165951e-07,2.9800503398291767e-06,4.756666953653621e-07,0.9999957084655762,5.99998140335083,go_fast,go_fast,False,0.75,0.0,-0.16200000047683716,42.903076171875,17.566410064697266,LANEFOLLOW,none,obstacle_detected,False,go,False,,False,5.64661525798119
Object in Road,Chair,run_2,35,179236,1.75,6.678827283233936,4.383164502081892,chair,24.983063578605652,74,25,0,0,0,0,0,0,0,1.4537619790644385e-05,7.0145842983038165e-06,1.0886610652960371e-06,0.9999773502349854,5.999881267547607,go_fast,go_fast,False,0.0,1.0,0.03099999949336052,39.54249572753906,21.549802780151367,LANEFOLLOW,none,obstacle_detected,False,go,False,,False,4.634115961036427
Object in Road,Chair,run_2,40,179241,2.0,6.457032520737554,2.774890239178074,chair,23.565218806266785,22,147,0,41,0,0,0,0,0,6.8554209065041505e-06,1.1216741768294014e-05,2.2766448637412395e-06,0.9999796152114868,5.99990701675415,go_fast,go_fast,False,0.04374999925494194,0.0,0.1899999976158142,37.770172119140625,21.732688903808594,LANEFOLLOW,none,obstacle_detected,False,go,False,,False,4.385785839811372
Object in Road,Chair,run_2,45,179246,2.25,5.569624031944264,4.93345304943047,chair,22.27250373363495,111,128,0,0,0,0,0,0,0,1.8662518641576753e-06,1.90089012903627e-05,1.7840546206571162e-05,0.999961256980896,5.999858856201172,go_fast,go_fast,False,0.75,0.0,0.21299999952316284,37.850868225097656,18.75190544128418,LANEFOLLOW,none,obstacle_detected,False,go,False,,False,4.496580221573381
Object in Road,Chair,run_2,50,179251,2.5,5.606964004526078,4.291918515620106,chair,21.02501952648163,108,183,0,8,0,0,0,0,0,7.835097903807764e-07,5.0025046220980585e-06,5.457818588183727e-06,0.9999887943267822,5.9999589920043945,go_fast,go_fast,False,0.75,0.0,0.20399999618530273,38.2304573059082,14.688714027404785,LANEFOLLOW,none,obstacle_detected,False,go,False,,False,4.0614608933011205
Object in Road,Chair,run_2,55,179256,2.75,6.384851699708818,3.6809112482985746,chair,19.607996821403503,89,193,0,0,0,0,0,0,0,6.1625087255379185e-06,1.639919719309546e-05,6.53291426715441e-05,0.9999121427536011,5.999701499938965,go_fast,go_fast,False,0.0,0.0,0.17900000512599945,38.10880661010742,10.387935638427734,LANEFOLLOW,none,obstacle_detected,False,go,False,,False,3.2494480850071694
Object in Road,Chair,run_2,60,179261,3.0,6.515681223477612,2.927603635919899,chair,18.02613914012909,537,137,0,0,0,0,0,0,0,3.1650986898057454e-07,3.2523375921300612e-06,5.549930847337237e-06,0.9999909400939941,5.999969005584717,go_fast,go_fast,False,0.05624999850988388,0.0,0.13699999451637268,37.3465576171875,6.340586185455322,LANEFOLLOW,none,obstacle_detected,False,go,False,,False,2.8844754052880073
Object in Road,Chair,run_2,65,179266,3.25,6.0215572132486,2.9353806170982932,chair,16.492215037345886,120,144,0,22,0,0,0,0,0,4.786181762028718e-07,1.0284750715072732e-05,0.00012299454829189926,0.999866247177124,5.999587059020996,go_fast,go_fast,False,0.05624999850988388,0.0,0.06199999898672104,36.17628860473633,3.2263100147247314,LANEFOLLOW,obstacle_detected,obstacle_detected,True,stop,False,,False,2.8351932638741593
Object in Road,Chair,run_2,70,179271,3.5,5.473557832363087,2.2951015749899866,chair,15.080532908439636,90,181,0,53,0,0,0,0,0,2.759003621122247e-07,8.232846994360443e-06,0.00020253284310456365,0.9997889399528503,5.9993577003479,go_fast,go_fast,False,0.75,0.0,-0.03799999877810478,34.84324645996094,1.7438832521438599,LANEFOLLOW,obstacle_detected,obstacle_detected,True,stop,False,,False,2.859919311070524
Object in Road,Chair,run_2,75,179276,3.75,5.3127910977034665,1.3843184942768432,chair,13.7856205701828,186,128,0,55,0,0,0,0,0,2.9454707828335813e-07,5.492758191394387e-06,0.00017779377230908722,0.9998164772987366,5.999443531036377,go_fast,go_fast,False,0.75,0.0,0.003000000026077032,33.50498962402344,2.0098178386688232,LANEFOLLOW,obstacle_detected,obstacle_detected,True,stop,False,,False,2.740384068196217
Object in Road,Chair,run_2,80,179281,4.0,6.107379597848228,3.9222071926251765,chair,12.404218554496765,75,361,0,28,0,0,0,0,0,9.29990520148749e-08,2.0926074739691103e-06,2.4060466330411145e-06,0.9999953508377075,5.999983787536621,go_fast,go_fast,False,0.0,0.0,0.04899999871850014,32.08022689819336,2.083674669265747,LANEFOLLOW,obstacle_detected,obstacle_detected,True,stop,False,,False,2.1545722499650375
Object in Road,Chair,run_2,85,179286,4.25,6.34667938613951,1.414198235952199,chair,10.857836604118347,8,501,0,49,0,0,0,0,0,6.910826044759233e-08,9.09186746866908e-06,1.8277140043210238e-05,0.9999725818634033,5.999908447265625,go_fast,go_fast,False,0.06875000149011612,0.0,-0.03099999949336052,30.52968978881836,1.3217090368270874,LANEFOLLOW,obstacle_detected,obstacle_detected,True,stop,False,,False,1.8169746159977105
Object in Road,Chair,run_2,90,179291,4.5,5.881741945146919,2.1111788351364833,chair,9.388389468193054,0,591,0,53,0,0,0,0,0,3.012816662817386e-08,5.480009804159636e-06,4.95286349178059e-06,0.9999895095825195,5.99996280670166,go_fast,go_fast,False,0.75,0.0,-0.11299999803304672,28.98861312866211,1.5758771896362305,LANEFOLLOW,obstacle_detected,obstacle_detected,True,stop,False,,False,1.7442099580971515
Object in Road,Chair,run_2,95,179296,4.75,5.7555572385006695,2.0847202504594544,chair,8.064006686210632,0,896,0,43,0,0,0,0,0,5.193969059291703e-07,6.835686235717731e-06,1.4577185538655613e-06,0.9999911785125732,5.999965190887451,go_fast,go_fast,False,0.75,0.0,0.10599999874830246,27.450897216796875,2.9731009006500244,LANEFOLLOW,obstacle_detected,obstacle_detected,True,stop,False,,False,1.6355424349408598
Object in Road,Chair,run_2,100,179301,5.0,6.525933439817971,4.293510676154757,chair,6.67235791683197,218,1578,0,22,0,0,0,0,0,3.8159026871653623e-07,1.5372589814433013e-06,1.5451554702394787e-07,0.9999979734420776,5.999990940093994,go_fast,go_fast,False,0.0,0.0,-0.019999999552965164,26.002500534057617,2.1518917083740234,LANEFOLLOW,obstacle_detected,obstacle_detected,True,stop,False,,False,1.1771620166057815
Object in Road,Chair,run_2,105,179306,5.25,6.720649307277861,3.3502228431167986,chair,5.19757878780365,278,3737,0,0,0,0,0,0,0,1.7880343250453734e-07,1.3913655720898532e-06,4.663839092700073e-07,0.9999979734420776,5.9999918937683105,go_fast,go_fast,False,0.0,1.0,-0.04699999839067459,24.318302154541016,2.0088627338409424,LANEFOLLOW,obstacle_detected,none,False,stop,False,,False,1.0016874086055672
Object in Road,Chair,run_2,110,179311,5.5,5.870873163907638,2.9216548332739567,chair,3.9970048666000366,450,3206,0,0,0,0,0,0,0,5.130384579388192e-06,2.1375542928581126e-05,4.586394879879663e-06,0.9999688863754272,5.9998698234558105,go_fast,go_fast,False,0.75,0.0,-0.020999999716877937,22.688426971435547,2.4755985736846924,LANEFOLLOW,obstacle_detected,none,False,stop,False,,False,1.1159366750642363
Object in Road,Chair,run_2,115,179316,5.75,5.307888113076038,2.7484134277434102,chair,3.251660943031311,911,16,0,0,0,0,0,0,0,2.5931262825906742e-06,0.0007415433647111058,9.31174581637606e-05,0.9991627931594849,5.996739387512207,go_fast,go_fast,False,0.75,0.0,0.03500000014901161,21.357126235961914,2.677661657333374,LANEFOLLOW,obstacle_detected,none,False,stop,False,,False,1.534868185282076
Object in Road,Chair,run_2,120,179321,6.0,5.818434202412143,3.4672840440580868,chair,2.8478068113327026,0,0,0,0,0,0,0,0,0,2.8577867396961665e-06,3.01902900901041e-06,2.0212128220009618e-06,0.9999921321868896,5.999964714050293,go_fast,go_fast,False,0.75,0.0,-0.014000000432133675,20.01814079284668,2.3460607528686523,LANEFOLLOW,obstacle_detected,none,False,stop,False,,False,4.872027839821458
Object in Road,Chair,run_2,125,179326,6.25,6.856137674862846,4.097286675674724,chair,3.0837322473526,0,0,0,0,0,0,0,0,0,7.067015758366324e-06,3.3218698263226543e-06,1.7229039883659425e-07,0.99998939037323,5.999943256378174,go_fast,go_fast,False,0.0,1.0,-0.02800000086426735,18.41427230834961,2.457933187484741,LANEFOLLOW,obstacle_detected,none,False,stop,False,,False,
Object in Road,Chair,run_2,130,179331,6.5,6.671459366896282,3.4339921684628276,chair,4.057416796684265,0,0,0,0,0,0,0,0,0,2.7194660106033552e-06,1.0548019417910837e-06,2.1562667029684235e-07,0.9999960660934448,5.999979019165039,go_fast,go_fast,False,0.0,1.0,-0.0560000017285347,16.642959594726562,2.733120918273926,LANEFOLLOW,obstacle_detected,none,False,stop,False,,False,
Object in Road,Chair,run_2,135,179336,6.75,2.539805777874885,26.884012351813322,chair,5.06625497341156,0,0,0,0,0,0,0,0,0,1.5820501175767276e-06,0.00010929412383120507,5.244891454481149e-08,0.9998890161514282,5.999553203582764,go_fast,go_fast,False,0.75,0.0,0.4000000059604645,15.270182609558105,3.1150572299957275,LANEFOLLOW,obstacle_detected,none,False,stop,False,,False,
Object in Road,Chair,run_2,140,179341,7.0,1.0118646965803912,5.218258526028601,chair,5.216562628746033,0,0,0,0,0,0,0,0,0,4.0541351609135745e-07,9.613591828383505e-05,6.047788048135772e-08,0.9999034404754639,5.999613285064697,go_fast,go_fast,False,0.75,0.0,0.33000001311302185,15.11275577545166,2.9168624877929688,LANEFOLLOW,obstacle_detected,none,False,stop,False,,False,
Object in Road,Chair,run_2,145,179346,7.25,2.31130394204246,5.241250059124364,chair,5.521617293357849,3220,0,0,0,0,0,0,0,0,1.1244135293964064e-06,0.00013723444135393947,4.39764953341637e-08,0.9998615980148315,5.999444007873535,go_fast,go_fast,False,0.75,0.0,0.27300000190734863,14.823590278625488,2.0893445014953613,LANEFOLLOW,obstacle_detected,none,False,stop,False,,False,
Object in Road,Pedestrian,run_1,0,179960,0.0,1.9600002765655518,9.800003051757812,pedestrian,29.844944402575493,23,0,0,0,0,0,0,0,0,6.551071578542178e-07,0.00014023453695699573,1.9749948023672914e-06,0.9998570680618286,5.999429225921631,go_fast,stop,True,0.75,0.0,0.0,49.75056457519531,-0.13987688720226288,LANEFOLLOW,none,none,True,go,False,,False,
Object in Road,Pedestrian,run_1,5,179965,0.25,0.11209821701050988,12.519777298004447,pedestrian,29.857069417834282,25,0,0,70,0,0,0,0,0,2.8672129701590165e-06,4.6596953325206414e-05,2.301768745383015e-06,0.999948263168335,5.999789714813232,go_fast,go_fast,False,0.75,0.0,0.0,49.75056457519531,-0.13987688720226288,LANEFOLLOW,none,none,True,go,False,,False,
Object in Road,Pedestrian,run_1,10,179970,0.5,0.16076517105112245,0.8133867383161851,pedestrian,29.855566427111626,0,0,0,58,0,0,0,0,0,1.317014152846241e-06,2.4019151169341058e-05,2.684286073417752e-06,0.9999719858169556,5.9998884201049805,go_fast,go_fast,False,0.75,0.0,0.0,49.75056457519531,-0.13987688720226288,LANEFOLLOW,none,none,True,go,False,,False,
Object in Road,Pedestrian,run_1,15,179975,0.75,2.568322561305926,6.656513628995675,pedestrian,29.485918447375298,4,0,0,77,0,0,0,0,0,4.326963107814663e-07,2.3401238649967127e-05,1.8756256849883357e-06,0.999974250793457,5.9998979568481445,go_fast,go_fast,False,0.75,0.0,-0.5049999952316284,49.38136291503906,-0.13953135907649994,LANEFOLLOW,none,none,True,go,False,,False,11.5486518841096
Object in Road,Pedestrian,run_1,20,179980,1.0,3.766167881670958,6.238314326864355,pedestrian,28.697225973010063,22,0,0,0,0,0,0,0,0,1.259981218026951e-06,3.370429840288125e-05,2.520807356631849e-06,0.999962568283081,5.999850273132324,go_fast,go_fast,False,0.75,0.0,-0.37599998712539673,48.4261589050293,4.00866174697876,LANEFOLLOW,none,none,True,go,False,,False,8.18694481751837
Object in Road,Pedestrian,run_1,25,179985,1.25,4.9411374300329856,5.142105872877531,pedestrian,27.67080347239971,135,0,0,0,0,0,0,0,0,7.144648748180771e-07,7.618232757522492e-06,1.8262985577166546e-06,0.9999898672103882,5.999959468841553,go_fast,go_fast,False,0.75,0.0,-0.29899999499320984,46.229087829589844,11.17813491821289,LANEFOLLOW,none,none,True,go,False,,False,6.248308332207397
Object in Road,Pedestrian,run_1,30,179990,1.5,5.547409028193834,4.379160286250087,pedestrian,26.480476781725883,13,0,0,0,0,0,0,0,0,9.574647492627264e-07,2.975449433506583e-06,4.80747019082628e-07,0.9999955892562866,5.999980926513672,go_fast,go_fast,False,0.75,0.0,-0.16200000047683716,42.89002990722656,17.599567413330078,LANEFOLLOW,none,none,True,go,False,,False,5.651617586053826
Object in Road,Pedestrian,run_1,35,179995,1.75,6.62907126468525,3.8461976126494926,pedestrian,25.177736684679985,90,0,0,0,0,0,0,0,0,7.397997251246125e-05,1.1320025805616751e-05,1.7381505585944979e-06,0.9999129772186279,5.999505519866943,go_fast,go_fast,False,0.0,1.0,0.03200000151991844,39.514671325683594,21.603343963623047,LANEFOLLOW,none,none,True,go,False,,False,4.672012343134198
Object in Road,Pedestrian,run_1,40,180000,2.0,6.454133862808102,2.7618113082189932,pedestrian,23.762586995959282,0,0,0,0,0,0,0,0,0,9.769012649485376e-06,1.730465555738192e-05,1.7954045006263186e-06,0.9999711513519287,5.999866962432861,go_fast,go_fast,False,0.04374999925494194,0.0,0.1889999955892563,37.75845718383789,21.758678436279297,LANEFOLLOW,none,none,True,go,False,,False,4.3890867293076905
Object in Road,Pedestrian,run_1,45,180005,2.25,5.568358986046889,4.925012788186811,pedestrian,22.471741124987602,27,11,0,0,0,0,0,0,0,3.1311105885833967e-06,4.1810017137322575e-05,1.5111756511032581e-05,0.9999399185180664,5.999768257141113,go_fast,go_fast,False,0.75,0.0,0.21299999952316284,37.840736389160156,18.78032684326172,LANEFOLLOW,none,none,True,go,False,,False,4.500887279291694
Object in Road,Pedestrian,run_1,50,180010,2.5,5.6071887371544324,4.2693513677101915,pedestrian,21.226065084338188,13,0,0,16,0,0,0,0,0,1.988018311749329e-06,1.2232399058120791e-05,6.878605745441746e-06,0.9999788999557495,5.999918460845947,go_fast,go_fast,False,0.75,0.0,0.20600000023841858,38.22234344482422,14.72115707397461,LANEFOLLOW,none,none,True,go,False,,False,4.063482780686134
Object in Road,Pedestrian,run_1,55,180015,2.75,6.37663353573308,3.757275003305093,pedestrian,19.811193868517876,52,0,0,0,0,0,0,0,0,4.518701643974055e-06,1.964508555829525e-05,5.754140147473663e-05,0.9999183416366577,5.999721527099609,go_fast,go_fast,False,0.0,0.0,0.17800000309944153,38.11299514770508,10.390466690063477,LANEFOLLOW,none,none,True,go,False,,False,3.2539110494126375
Object in Road,Pedestrian,run_1,60,180020,3.0,6.515021568024267,2.912555396511715,pedestrian,18.231750890612602,464,36,0,0,0,0,0,0,0,4.652868597077031e-07,6.007542651786935e-06,1.593381239217706e-05,0.9999775886535645,5.999925136566162,go_fast,go_fast,False,0.05624999850988388,0.0,0.1420000046491623,37.34955978393555,6.353490352630615,LANEFOLLOW,none,none,True,go,False,,False,2.8861131934270907
Object in Road,Pedestrian,run_1,65,180025,3.25,6.0192989494703015,2.9799498244029228,pedestrian,16.700054571032524,147,94,0,0,0,0,0,0,0,6.530877953991876e-07,3.300534808658995e-05,0.00048498137039132416,0.9994813799858093,5.998409271240234,go_fast,go_fast,False,0.05624999850988388,0.0,0.05700000002980232,36.187400817871094,3.162595510482788,LANEFOLLOW,walker,none,False,stop,False,,False,2.835460243852864
Object in Road,Pedestrian,run_1,70,180030,3.5,5.4716152767408985,2.277701885191798,pedestrian,15.291130468249321,18,40,0,36,0,0,0,0,0,4.527522605712875e-07,1.4812769222771749e-05,0.00022990466095507145,0.9997548460960388,5.999248504638672,go_fast,go_fast,False,0.75,0.0,-0.0430000014603138,34.84990310668945,1.7288953065872192,LANEFOLLOW,walker,none,False,stop,False,,False,2.8628560960126257
Object in Road,Pedestrian,run_1,75,180035,3.75,5.310027001995648,1.4045789553660453,pedestrian,14.000264570116997,152,2,0,30,0,0,0,0,0,3.6323444874142297e-07,1.1836371413664892e-05,0.00023274502018466592,0.9997550845146179,5.9992523193359375,go_fast,go_fast,False,0.75,0.0,0.009999999776482582,33.507503509521484,2.0799057483673096,LANEFOLLOW,walker,none,False,stop,False,,False,2.746298036058004
Object in Road,Pedestrian,run_1,80,180040,4.0,6.1071758752486796,3.9886052070944142,pedestrian,12.62277166545391,11,269,0,36,0,0,0,0,0,3.0115142379827375e-08,0.00013710763596463948,6.269518053159118e-06,0.9998565912246704,5.9994330406188965,go_fast,go_fast,False,0.0,0.0,0.052000001072883606,32.08910369873047,2.0620291233062744,LANEFOLLOW,walker,none,False,stop,False,,False,2.1537912125903302
Object in Road,Pedestrian,run_1,85,180045,4.25,6.354343162670956,1.4651168937444385,pedestrian,11.077474996447563,2,347,0,39,0,0,0,0,0,2.2235128938064008e-07,0.037908077239990234,0.0008113897638395429,0.961280345916748,5.845932483673096,go_fast,go_fast,False,0.06875000149011612,0.0,-0.02199999988079071,30.53829002380371,1.229100227355957,LANEFOLLOW,walker,none,False,stop,False,,False,1.8134638787145339
Object in Road,Pedestrian,run_1,90,180050,4.5,5.887428601805734,2.0906478588878095,pedestrian,9.608986303210258,0,579,0,47,0,0,0,0,0,5.171486350263876e-07,0.3770863711833954,0.0002533143269829452,0.6226598620414734,4.490891933441162,go,go_fast,True,0.0,1.0,-0.125,29.002315521240234,1.3537417650222778,LANEFOLLOW,walker,none,False,stop,False,,False,1.7352994668417026
Object in Road,Pedestrian,run_1,95,180055,4.75,2.178735448768912,26.847819730133182,pedestrian,8.514591619372368,140,11,0,0,0,0,0,0,0,6.560840688507596e-07,0.977957010269165,1.2130509503549547e-06,0.022041164338588715,2.088164806365967,slow,go,True,0.06875000149011612,0.0,0.45100000500679016,27.754352569580078,2.456512451171875,LANEFOLLOW,walker,none,False,stop,False,,False,4.367780806263471
Object in Road,Pedestrian,run_1,100,180060,5.0,0.42180777461522356,1.7826187060964689,pedestrian,8.399933263659477,177,67,0,0,0,0,0,0,0,8.973419198810006e-07,0.9660801291465759,1.113102371164132e-06,0.03391782566905022,2.1356706619262695,slow,slow,False,0.75,0.0,0.37599998712539673,27.64244842529297,2.3374135494232178,LANEFOLLOW,walker,none,False,stop,False,,False,20.32281826407123
Object in Road,Pedestrian,run_1,105,180065,5.25,1.0264439776360654,3.6301065180697556,pedestrian,8.246548101305962,19,636,0,22,0,0,0,0,0,2.780261922907812e-07,0.9996167421340942,2.2156669388095906e-07,0.00038276397390291095,2.001530885696411,slow,slow,False,0.75,0.0,0.35499998927116394,27.532623291015625,1.7039623260498047,LANEFOLLOW,walker,none,False,stop,False,,False,8.229969249151718
Object in Road,Pedestrian,run_1,110,180070,5.5,2.2363503004098817,4.903919560403894,pedestrian,7.843835279345512,14,643,0,5,0,0,0,0,0,5.133271656632132e-07,0.9960280656814575,3.2136244954017457e-07,0.003971093334257603,2.015883684158325,slow,slow,False,0.0,0.0,0.30399999022483826,27.177751541137695,0.2018471211194992,LANEFOLLOW,walker,none,False,stop,False,,False,3.585250788424408
Object in Road,Pedestrian,run_1,115,180075,5.75,2.6955160018809976,0.8541846411841709,pedestrian,7.2082342356443405,243,0,0,2,0,0,0,0,0,6.1619239204446785e-06,0.13265524804592133,1.0021109346780577e-06,0.8673375844955444,5.469338893890381,go_fast,slow,True,0.75,0.0,0.3720000088214874,26.480222702026367,-1.8143696784973145,LANEFOLLOW,walker,none,False,stop,False,,False,2.728516024251072
Object in Road,Pedestrian,run_1,120,180080,6.0,3.0243347373459826,3.873457431536423,pedestrian,6.5376972407102585,327,0,0,1,0,0,0,0,0,1.9341377992532216e-05,0.07251236587762833,4.133010861551156e-06,0.9274641275405884,5.709822177886963,go_fast,go_fast,False,0.75,0.0,0.3269999921321869,25.543832778930664,-4.236363887786865,LANEFOLLOW,walker,none,False,stop,False,,False,2.2037345147847613
Object in Road,Pedestrian,run_1,125,180085,6.25,4.179729040281406,4.919515359401525,pedestrian,5.649739667773247,531,9,0,6,0,0,0,0,0,0.008549251593649387,0.6250419616699219,3.5104312701150775e-06,0.36640533804893494,3.448526382446289,go,go_fast,True,0.0,1.0,0.20399999618530273,24.06813621520996,-6.966545104980469,LANEFOLLOW,walker,none,False,stop,False,,False,1.387994304326672
Object in Road,Pedestrian,run_2,0,180743,0.0,1.9600002765655518,9.800003051757812,pedestrian,29.844944402575493,0,0,0,0,0,0,0,0,0,6.872733706586587e-07,0.0001567119761602953,1.9641338440123945e-06,0.9998406171798706,5.999362945556641,go_fast,stop,True,0.75,0.0,0.0,49.75056457519531,-0.13987688720226288,LANEFOLLOW,none,none,True,go,False,,False,
Object in Road,Pedestrian,run_2,5,180748,0.25,0.11209821701050988,12.519777298004447,pedestrian,29.857069417834282,25,0,0,70,0,0,0,0,0,2.927831246779533e-06,4.95802414661739e-05,2.2768160761188483e-06,0.9999451637268066,5.999776840209961,go_fast,go_fast,False,0.75,0.0,0.0,49.75056457519531,-0.13987688720226288,LANEFOLLOW,none,none,True,go,False,,False,
Object in Road,Pedestrian,run_2,10,180753,0.5,0.16076517105112245,0.8133867383161851,pedestrian,29.855566427111626,0,0,0,58,0,0,0,0,0,1.355183485429734e-06,2.4390432372456416e-05,2.769286993498099e-06,0.9999715089797974,5.999886512756348,go_fast,go_fast,False,0.75,0.0,0.0,49.75056457519531,-0.13987688720226288,LANEFOLLOW,none,none,True,go,False,,False,
Object in Road,Pedestrian,run_2,15,180758,0.75,2.568322561305926,6.656513628995675,pedestrian,29.485918447375298,6,0,0,77,0,0,0,0,0,5.042977591074305e-07,2.404052429483272e-05,1.9710212200152455e-06,0.9999735355377197,5.999895095825195,go_fast,go_fast,False,0.75,0.0,-0.5059999823570251,49.38136291503906,-0.13953135907649994,LANEFOLLOW,none,none,True,go,False,,False,11.5486518841096
Object in Road,Pedestrian,run_2,20,180763,1.0,3.765706164784178,6.254624983601234,pedestrian,28.697260305285454,4,0,0,0,0,0,0,0,0,1.0540298944761162e-06,3.079968519159593e-05,2.303969949934981e-06,0.9999657869338989,5.999863624572754,go_fast,go_fast,False,0.75,0.0,-0.37599998712539673,48.42605209350586,4.010404586791992,LANEFOLLOW,none,none,True,go,False,,False,8.189318339553658
Object in Road,Pedestrian,run_2,25,180768,1.25,4.94094538318407,5.141934051515709,pedestrian,27.670959874987602,137,0,0,50,0,0,0,0,0,1.3415877901934437e-06,1.0411200491944328e-05,2.3256329768628348e-06,0.999985933303833,5.999943256378174,go_fast,go_fast,False,0.75,0.0,-0.2980000078678131,46.22834777832031,11.181845664978027,LANEFOLLOW,none,none,True,go,False,,False,6.2488440492656245
Object in Road,Pedestrian,run_2,30,180773,1.5,5.54664488515545,4.36850250464577,pedestrian,26.480482503771782,4,0,0,33,0,0,0,0,0,9.340218412035028e-07,3.176896143486374e-06,5.108620371174766e-07,0.9999953508377075,5.999980449676514,go_fast,go_fast,False,0.75,0.0,-0.16300000250339508,42.89548110961914,17.58631134033203,LANEFOLLOW,none,none,True,go,False,,False,5.6497623679363045
Object in Road,Pedestrian,run_2,35,180778,1.75,6.6578834611480024,4.341068129398536,pedestrian,25.17912332713604,44,0,0,0,0,0,0,0,0,4.596148937707767e-05,8.60541513247881e-06,1.2196021543786628e-06,0.9999442100524902,5.999686241149902,go_fast,go_fast,False,0.0,1.0,0.03099999949336052,39.52671432495117,21.584291458129883,LANEFOLLOW,none,none,True,go,False,,False,4.653581207150066
Object in Road,Pedestrian,run_2,40,180783,2.0,6.450323237985813,2.749818420709548,pedestrian,23.76546899974346,0,0,0,0,0,0,0,0,0,7.342208391492022e-06,1.7976879462366924e-05,1.4879957461744198e-06,0.9999731779098511,5.999879360198975,go_fast,go_fast,False,0.04374999925494194,0.0,0.1899999976158142,37.759552001953125,21.76275062561035,LANEFOLLOW,none,none,True,go,False,,False,4.393508423830724
Object in Road,Pedestrian,run_2,45,180788,2.25,5.5653430004988635,4.927849771196707,pedestrian,22.475487157702446,29,6,0,0,0,0,0,0,0,4.953180450684158e-06,5.441766188596375e-05,1.874155168479774e-05,0.9999219179153442,5.999696731567383,go_fast,go_fast,False,0.75,0.0,0.21299999952316284,37.84326171875,18.784008026123047,LANEFOLLOW,none,none,True,go,False,,False,4.503079042502093
Object in Road,Pedestrian,run_2,50,180793,2.5,5.603034870660543,4.340893771283769,pedestrian,21.230545446276665,9,0,0,14,0,0,0,0,0,4.395047199068358e-06,2.6267625798936933e-05,1.0268142432323657e-05,0.9999591112136841,5.999838352203369,go_fast,go_fast,False,0.75,0.0,0.20499999821186066,38.22677993774414,14.722701072692871,LANEFOLLOW,none,none,True,go,False,,False,4.067105765078337
Object in Road,Pedestrian,run_2,55,180798,2.75,6.41284683393143,3.4221617268235067,pedestrian,19.815506383776665,33,0,0,1,0,0,0,0,0,5.270974725135602e-06,2.882148874050472e-05,0.00010303471935912967,0.9998629093170166,5.999544143676758,go_fast,go_fast,False,0.0,0.0,0.1770000010728836,38.11521530151367,10.399496078491211,LANEFOLLOW,none,none,True,go,False,,False,3.236319979581645
Object in Road,Pedestrian,run_2,60,180803,3.0,6.526056371233195,2.927842341601764,pedestrian,18.231888219714165,249,67,0,6,0,0,0,0,0,2.3651146818792768e-07,3.451174961810466e-06,6.059618044673698e-06,0.9999902248382568,5.999966621398926,go_fast,go_fast,False,0.05624999850988388,0.0,0.1379999965429306,37.347530364990234,6.366201400756836,LANEFOLLOW,none,none,True,go,False,,False,2.881804304145626
Object in Road,Pedestrian,run_2,65,180808,3.25,6.0270972667140725,2.954902514557325,pedestrian,16.69862787425518,129,125,0,0,0,0,0,0,0,4.521608332197502e-07,1.683045229583513e-05,0.00016935890016611665,0.9998133778572083,5.999422073364258,go_fast,go_fast,False,0.05624999850988388,0.0,0.06599999964237213,36.178619384765625,3.2399635314941406,LANEFOLLOW,walker,none,False,stop,False,,False,2.8333421358455535
Object in Road,Pedestrian,run_2,70,180813,3.5,5.4781104335315955,2.3121130478796874,pedestrian,15.287849828600883,11,87,0,50,0,0,0,0,0,4.4793193865189096e-07,1.3138492249709088e-05,0.0003265910199843347,0.9996597766876221,5.998964786529541,go_fast,go_fast,False,0.75,0.0,-0.0430000014603138,34.847930908203125,1.6946148872375488,LANEFOLLOW,walker,none,False,stop,False,,False,2.856557054617311
Object in Road,Pedestrian,run_2,75,180818,3.75,5.314945818990894,1.4063246832361893,pedestrian,13.99502794444561,125,43,0,37,0,0,0,0,0,4.5733060005659354e-07,1.834645081544295e-05,0.0006036424892954528,0.9993775486946106,5.99811315536499,go_fast,go_fast,False,0.75,0.0,0.004999999888241291,33.506629943847656,2.009615659713745,LANEFOLLOW,walker,none,False,stop,False,,False,2.7413074436639384
Object in Road,Pedestrian,run_2,80,180823,4.0,6.110481195085035,3.948884684861919,pedestrian,12.616484090685844,38,230,0,27,0,0,0,0,0,3.423288319481799e-08,0.000154549052240327,5.9918143051618244e-06,0.9998394250869751,5.999363899230957,go_fast,go_fast,False,0.0,0.0,0.04800000041723251,32.082427978515625,2.0665206909179688,LANEFOLLOW,walker,none,False,stop,False,,False,2.152960812355382
Object in Road,Pedestrian,run_2,85,180828,4.25,6.353729290967423,1.4192395454367424,pedestrian,11.072820112109184,0,350,0,35,0,0,0,0,0,1.7096867566124274e-07,0.04668540135025978,0.0005838564247824252,0.9527305960655212,5.8115057945251465,go_fast,go_fast,False,0.06875000149011612,0.0,-0.017000000923871994,30.529102325439453,1.3125661611557007,LANEFOLLOW,walker,none,False,stop,False,,False,1.8149311859000306
Object in Road,Pedestrian,run_2,90,180833,4.5,5.889888708126264,2.0736591867081295,pedestrian,9.604688093066216,0,640,0,41,0,0,0,0,0,2.0396875299866224e-07,0.07983625680208206,0.00013796078565064818,0.9200255274772644,5.680239677429199,go_fast,go_fast,False,0.06875000149011612,0.0,-0.1289999932050705,28.9946231842041,1.389242172241211,LANEFOLLOW,walker,none,False,stop,False,,False,1.7335779153878699
Object in Road,Pedestrian,run_2,95,180838,4.75,5.339344081654109,2.549494443762028,pedestrian,8.312473699450493,22,651,0,1,0,0,0,0,0,7.083586410772114e-07,0.06942235678434372,1.1675747373374179e-05,0.9305652379989624,5.722270965576172,go_fast,go_fast,False,0.75,0.0,0.23100000619888306,27.491674423217773,2.837496757507324,LANEFOLLOW,walker,none,False,stop,False,,False,1.766571175621657
Object in Road,Pedestrian,run_2,100,180843,5.0,5.097806553676336,3.071744251426937,pedestrian,7.138185426592827,431,248,0,0,0,0,0,0,0,1.9779854483203962e-06,0.7541709542274475,7.975646440172568e-06,0.245819091796875,2.9832804203033447,go,go_fast,True,0.0,1.0,0.023000000044703484,26.322072982788086,1.500111699104309,LANEFOLLOW,walker,none,False,stop,False,,False,1.4948337076531186
Object in Road,Pedestrian,run_2,105,180848,5.25,2.6674139097972187,21.571105972997,pedestrian,6.102761670947075,870,0,0,0,0,0,0,0,0,1.556985625938978e-05,0.01588463969528675,2.5824959948295145e-08,0.9840997457504272,5.936367511749268,go_fast,go,True,0.75,0.0,0.39399999380111694,25.21225929260254,1.0302884578704834,LANEFOLLOW,walker,none,False,stop,False,,False,2.5846620681453096
Object in Road,Pedestrian,run_2,110,180853,5.5,1.4349816711497252,6.433526847915594,pedestrian,5.8319267481565475,972,0,0,0,0,0,0,0,0,0.00010623977141221985,0.4231014847755432,7.613608232759361e-08,0.5767921805381775,4.3069562911987305,go,go_fast,True,0.75,0.0,0.3190000057220459,24.933490753173828,0.6513600945472717,LANEFOLLOW,walker,none,False,stop,False,,False,4.253490935089404
Object in Road,Pedestrian,run_2,115,180858,5.75,2.7089876081265416,5.0577017444082735,pedestrian,5.336921617388725,587,0,0,0,0,0,0,0,0,7.923119483166374e-06,0.0007278377888724208,1.7978775801452684e-08,0.9992641806602478,5.997040748596191,go_fast,go,True,0.75,0.0,0.32600000500679016,24.407608032226562,-0.9252947568893433,LANEFOLLOW,walker,none,False,stop,False,,False,2.0700800722753416
Object in Road,Pedestrian,run_2,120,180863,6.0,3.9618292872067653,5.100869045257888,pedestrian,4.541617795825005,1920,0,0,0,0,0,0,0,0,6.12796502537094e-05,0.00013419034075923264,9.060435957053414e-08,0.9998044371604919,5.9990949630737305,go_fast,go_fast,False,0.75,0.0,0.29100000858306885,23.37458038330078,-3.3484947681427,LANEFOLLOW,walker,none,False,stop,False,,False,1.1918766728400234
Object in Road,Pedestrian,run_2,125,180868,6.25,5.099538980010266,4.935547456759995,pedestrian,3.462775632739067,789,0,0,0,0,0,0,0,0,1.887804137368221e-05,2.908407395807444e-06,2.8165536036794947e-07,0.9999779462814331,5.999874114990234,go_fast,go_fast,False,0.75,0.0,0.16899999976158142,21.69211769104004,-6.1309895515441895,LANEFOLLOW,walker,none,False,stop,False,,False,0.7010608327068375
Object in Road,Pedestrian,run_2,130,180873,6.5,5.607999347893135,1.9514934747979522,pedestrian,2.4482647627592087,3715,0,0,0,0,0,0,0,0,2.4789587769191712e-06,2.9966470265208045e-06,3.03929908795908e-07,0.9999942779541016,5.999972343444824,go_fast,go_fast,False,0.75,0.0,0.007000000216066837,19.74030113220215,-7.989718914031982,LANEFOLLOW,walker,none,False,stop,False,,True,3.8077299244601543
Object in Road,Pedestrian,run_2,135,180878,6.75,6.521983468205621,3.045905030875832,pedestrian,2.189347192645073,5376,0,0,0,0,0,0,0,0,6.079199010855518e-05,1.8808868844644167e-06,1.4108223922448815e-07,0.9999371767044067,5.999627590179443,go_fast,go_fast,False,0.0,0.0,-0.15800000727176666,18.053569793701172,-8.405562400817871,LANEFOLLOW,walker,none,False,stop,False,,True,2.400967017092688
Object in Road,Pedestrian,run_2,140,180883,7.0,6.682109581994629,3.1046901633140935,pedestrian,1.9217657297849655,1848,0,0,0,0,0,0,0,0,5.574026545218658e-06,1.4946479041100247e-06,4.282254337795166e-07,0.9999924898147583,5.999959468841553,go_fast,go_fast,False,0.0,1.0,-0.20499999821186066,16.916532516479492,-7.126723766326904,LANEFOLLOW,walker,none,False,stop,False,,False,1.9460333526192162
Object in Road,Pedestrian,run_2,145,180888,7.25,3.7334173912116593,26.634244874408132,pedestrian,1.8834878653287888,0,0,0,0,0,0,0,0,0,1.773983058228623e-07,8.724687177164014e-06,2.376904376433231e-06,0.9999886751174927,5.999957084655762,go_fast,go_fast,False,0.75,0.0,-0.1889999955892563,16.103240966796875,-5.3488030433654785,LANEFOLLOW,walker,none,False,stop,False,,False,
Object in Road,Pedestrian,run_2,150,180893,7.5,1.9902464301535854,6.565160560440527,pedestrian,2.0174450129270554,0,0,0,0,0,0,0,0,0,3.1359056151814e-07,9.215612953994423e-05,8.54925247040228e-07,0.9999066591262817,5.999627113342285,go_fast,go_fast,False,0.75,0.0,-0.18400000035762787,15.809473037719727,-4.803738117218018,LANEFOLLOW,walker,none,False,stop,False,,False,
Object in Road,Pedestrian,run_2,155,180898,7.75,3.3288758148536233,5.296247303189315,pedestrian,2.267615482211113,3,0,0,0,0,0,0,0,0,6.454343974837684e-07,1.3364130609261338e-05,8.739983741179458e-07,0.9999850988388062,5.999939918518066,go_fast,go_fast,False,0.75,0.0,-0.1860000044107437,15.338102340698242,-4.03875732421875,LANEFOLLOW,walker,none,False,stop,False,,False,
Object in Road,Pedestrian,run_3,0,181235,0.0,1.9600002765655518,9.800003051757812,pedestrian,29.844944402575493,0,0,0,0,0,0,0,0,0,6.818131055297272e-07,0.00014153996016830206,1.9069453855991014e-06,0.9998558759689331,5.999423980712891,go_fast,stop,True,0.75,0.0,0.0,49.75056457519531,-0.13987688720226288,LANEFOLLOW,none,none,True,go,False,,False,
Object in Road,Pedestrian,run_3,5,181240,0.25,0.11209821701050988,12.519777298004447,pedestrian,29.857069417834282,24,0,0,70,0,0,0,0,0,2.867699095077114e-06,4.771792737301439e-05,2.289792064402718e-06,0.9999470710754395,5.99978494644165,go_fast,go_fast,False,0.75,0.0,0.0,49.75056457519531,-0.13987688720226288,LANEFOLLOW,none,none,True,go,False,,False,
Object in Road,Pedestrian,run_3,10,181245,0.5,0.16076517105112245,0.8133867383161851,pedestrian,29.855566427111626,5,0,0,58,0,0,0,0,0,1.3907282436775859e-06,2.50444863922894e-05,2.710963599383831e-06,0.9999707937240601,5.999882698059082,go_fast,go_fast,False,0.75,0.0,0.0,49.75056457519531,-0.13987688720226288,LANEFOLLOW,none,none,True,go,False,,False,
Object in Road,Pedestrian,run_3,15,181250,0.75,2.568322561305926,6.656513628995675,pedestrian,29.485918447375298,6,0,0,77,0,0,0,0,0,4.5018350647296757e-07,2.361702536290977e-05,1.946883230630192e-06,0.9999740123748779,5.999897003173828,go_fast,go_fast,False,0.75,0.0,-0.5059999823570251,49.38136291503906,-0.13953135907649994,LANEFOLLOW,none,none,True,go,False,,False,11.5486518841096
Object in Road,Pedestrian,run_3,20,181255,1.0,3.765706164784178,6.254624983601234,pedestrian,28.697260305285454,6,0,0,0,0,0,0,0,0,1.228867063218786e-06,3.349180769873783e-05,2.4939213290053885e-06,0.9999628067016602,5.999851226806641,go_fast,go_fast,False,0.75,0.0,-0.37599998712539673,48.42605209350586,4.010404586791992,LANEFOLLOW,none,none,True,go,False,,False,8.189318339553658
Object in Road,Pedestrian,run_3,25,181260,1.25,4.94094538318407,5.141934051515709,pedestrian,27.670959874987602,157,0,0,51,0,0,0,0,0,1.2956428463439806e-06,9.981450602936093e-06,2.36194000535761e-06,0.9999864101409912,5.999945640563965,go_fast,go_fast,False,0.75,0.0,-0.2980000078678131,46.22834777832031,11.181845664978027,LANEFOLLOW,none,none,True,go,False,,False,6.2488440492656245
Object in Road,Pedestrian,run_3,30,181265,1.5,5.54664488515545,4.36850250464577,pedestrian,26.480482503771782,1,0,0,32,0,0,0,0,0,9.40500342494488e-07,3.1680315260018688e-06,5.116894499224145e-07,0.9999953508377075,5.999980449676514,go_fast,go_fast,False,0.75,0.0,-0.16300000250339508,42.89548110961914,17.58631134033203,LANEFOLLOW,none,none,True,go,False,,False,5.6497623679363045
Object in Road,Pedestrian,run_3,35,181270,1.75,6.6578834611480024,4.341068129398536,pedestrian,25.17912332713604,51,0,0,0,0,0,0,0,0,5.1858991355402395e-05,8.658923434268218e-06,1.2262695463505224e-06,0.9999382495880127,5.999650478363037,go_fast,go_fast,False,0.0,1.0,0.03099999949336052,39.52671432495117,21.584291458129883,LANEFOLLOW,none,none,True,go,False,,False,4.653581207150066
Object in Road,Pedestrian,run_3,40,181275,2.0,6.450323237985813,2.749818420709548,pedestrian,23.76546899974346,0,0,0,0,0,0,0,0,0,7.307322903216118e-06,1.8008966435445473e-05,1.5316338703996735e-06,0.9999731779098511,5.999879360198975,go_fast,go_fast,False,0.04374999925494194,0.0,0.1899999976158142,37.759552001953125,21.76275062561035,LANEFOLLOW,none,none,True,go,False,,False,4.393508423830724
Object in Road,Pedestrian,run_3,45,181280,2.25,5.5653430004988635,4.927849771196707,pedestrian,22.475487157702446,26,4,0,0,0,0,0,0,0,4.968590928910999e-06,5.6139298976631835e-05,1.9423512640059926e-05,0.9999194145202637,5.999687194824219,go_fast,go_fast,False,0.75,0.0,0.21199999749660492,37.84326171875,18.784008026123047,LANEFOLLOW,none,none,True,go,False,,False,4.503079042502093
Object in Road,Pedestrian,run_3,50,181285,2.5,5.603374629849539,4.335379320769204,pedestrian,21.230701848864555,15,0,0,8,0,0,0,0,0,5.762372438766761e-06,5.050094841863029e-05,2.5785981051740237e-05,0.9999179840087891,5.999686241149902,go_fast,go_fast,False,0.75,0.0,0.20600000023841858,38.221168518066406,14.737557411193848,LANEFOLLOW,none,none,True,go,False,,False,4.0681683906278625
Object in Road,Pedestrian,run_3,55,181290,2.75,6.4112529324569945,3.433793936239795,pedestrian,19.81580774486065,38,0,0,0,0,0,0,0,0,3.999522050435189e-06,1.678155967965722e-05,4.3220632505835965e-05,0.9999359846115112,5.999778747558594,go_fast,go_fast,False,0.0,0.0,0.17800000309944153,38.114864349365234,10.401693344116211,LANEFOLLOW,none,none,True,go,False,,False,3.2368505250725694
Object in Road,Pedestrian,run_3,60,181295,3.0,6.525023455808529,2.9391328586568406,pedestrian,18.23230592906475,232,39,0,0,0,0,0,0,0,5.966555249869998e-07,5.318394869391341e-06,1.2734789379464928e-05,0.9999814033508301,5.999937057495117,go_fast,go_fast,False,0.05624999850988388,0.0,0.13899999856948853,37.35111999511719,6.34782600402832,LANEFOLLOW,none,none,True,go,False,,False,2.8817669217026127
Object in Road,Pedestrian,run_3,65,181300,3.25,6.026260123794086,2.962926606948875,pedestrian,16.698931142687798,153,105,0,0,0,0,0,0,0,6.646147880928766e-07,2.805637450364884e-05,0.0002746323880273849,0.9996967315673828,5.99906063079834,go_fast,go_fast,False,0.05624999850988388,0.0,0.06300000101327896,36.18263244628906,3.2012438774108887,LANEFOLLOW,walker,none,False,stop,False,,False,2.833080129764254
Object in Road,Pedestrian,run_3,70,181305,3.5,5.4773963899169384,2.3010503374300932,pedestrian,15.288289472460747,5,81,0,43,0,0,0,0,0,3.6766809330401884e-07,1.256643190572504e-05,0.0001429020776413381,0.9998441934585571,5.999519348144531,go_fast,go_fast,False,0.75,0.0,-0.04500000178813934,34.84867858886719,1.694048523902893,LANEFOLLOW,walker,none,False,stop,False,,False,2.857592439268788
Object in Road,Pedestrian,run_3,75,181310,3.75,5.314036502932912,1.4147555710151947,pedestrian,13.996051236987114,122,13,0,35,0,0,0,0,0,3.155381023134396e-07,1.1912356058019213e-05,0.0002279190084664151,0.9997598528862,5.999266624450684,go_fast,go_fast,False,0.75,0.0,0.008999999612569809,33.50541687011719,2.047081470489502,LANEFOLLOW,walker,none,False,stop,False,,False,2.7433770066926555
Object in Road,Pedestrian,run_3,80,181315,4.0,6.111234689006183,3.9903979739887188,pedestrian,12.61752264201641,44,204,0,37,0,0,0,0,0,3.4298228257512164e-08,8.956567762652412e-05,4.6967784328444395e-06,0.9999057054519653,5.999627590179443,go_fast,go_fast,False,0.0,0.0,0.04399999976158142,32.08479309082031,2.0492448806762695,LANEFOLLOW,walker,none,False,stop,False,,False,2.151532749273285
Object in Road,Pedestrian,run_3,85,181320,4.25,6.359706261091126,1.4035419621746446,pedestrian,11.072321340441704,0,328,0,42,0,0,0,0,0,2.1926575755060185e-07,0.05081116035580635,0.0020511960610747337,0.9471374750137329,5.790600776672363,go_fast,go_fast,False,0.06875000149011612,0.0,-0.009999999776482582,30.5275936126709,1.335762619972229,LANEFOLLOW,walker,none,False,stop,False,,False,1.8142121786974377
Object in Road,Pedestrian,run_3,90,181325,4.5,5.894889975758332,2.0641721494852456,pedestrian,9.602152273058891,0,625,0,42,0,0,0,0,0,1.1279605161007566e-07,0.023189691826701164,7.676080713281408e-05,0.9767334461212158,5.907010555267334,go_fast,go_fast,False,0.14207327365875244,0.0,-0.12800000607967377,28.995121002197266,1.3359624147415161,LANEFOLLOW,walker,none,False,stop,False,,False,1.7289498769844596
Object in Road,Pedestrian,run_3,95,181330,4.75,5.396728832128133,2.292986898769811,pedestrian,8.302162572741508,0,789,0,0,0,0,0,0,0,3.463458710939449e-07,0.03456087037920952,1.0192673471465241e-05,0.9654285907745361,5.861723899841309,go_fast,go_fast,False,0.75,0.0,0.2150000035762787,27.49227523803711,2.745452880859375,LANEFOLLOW,walker,none,False,stop,False,,False,1.7420142816348947
Object in Road,Pedestrian,run_3,100,181335,5.0,5.277154756325765,3.1848878846339304,pedestrian,7.10000841319561,431,209,0,0,0,0,0,0,0,1.7909535472426796e-06,0.22432027757167816,3.7723368677688995e-06,0.7756742238998413,5.102696895599365,go_fast,go_fast,False,0.0,0.0,-0.014999999664723873,26.286434173583984,1.4462255239486694,LANEFOLLOW,walker,none,False,stop,False,,False,1.4396456917726017
Object in Road,Pedestrian,run_3,105,181340,5.25,5.388969315446769,1.2924817832995066,pedestrian,5.8760480135679245,905,0,0,0,0,0,0,0,0,5.359752321965061e-07,9.147811397269834e-06,1.5890002202922915e-07,0.9999901056289673,5.999959468841553,go_fast,go_fast,False,0.75,0.0,-0.054999999701976776,24.952104568481445,0.9477317333221436,LANEFOLLOW,walker,none,False,stop,False,,False,1.2574387507785207
Object in Road,Pedestrian,run_3,110,181345,5.5,5.3287868001446625,1.6408564841845565,pedestrian,4.782799169421196,1898,0,0,0,0,0,0,0,0,3.514227273626602e-07,3.1657968065701425e-05,1.5615817119396525e-06,0.9999663829803467,5.999866485595703,go_fast,go_fast,False,0.75,0.0,-0.04399999976158142,23.604299545288086,1.5387089252471924,LANEFOLLOW,walker,none,False,stop,False,,False,1.1607031831515318
Object in Road,Pedestrian,run_3,115,181350,5.75,6.1200838476601245,3.0894906481577133,pedestrian,3.7832020968198776,2753,0,0,0,0,0,0,0,0,6.7115784077032e-06,9.076384230866097e-06,1.4168514326229342e-06,0.9999828338623047,5.999919414520264,go_fast,go_fast,False,0.0,0.0,-0.10100000351667404,22.133220672607422,2.0905115604400635,LANEFOLLOW,walker,none,False,stop,False,,False,1.027707553217325
Object in Road,Pedestrian,run_3,120,181355,6.0,6.474724789041597,2.0914231769516936,pedestrian,3.1370596140623093,0,0,0,0,0,0,0,0,0,1.0152571121579967e-06,8.779139761827537e-07,3.8984998695923423e-07,0.9999977350234985,5.9999895095825195,go_fast,go_fast,False,0.056554246693849564,0.0,0.0689999982714653,20.36298370361328,3.236572504043579,LANEFOLLOW,walker,none,False,stop,False,,False,3.110345858146752
Object in Road,Pedestrian,run_3,125,181360,6.25,5.943970557371721,2.4494586008174783,pedestrian,3.1848787516355515,0,0,0,0,0,0,0,0,0,4.629643512998882e-07,2.3860666260588914e-06,1.5948867257975508e-06,0.9999955892562866,5.999982833862305,go_fast,go_fast,False,0.40362751483917236,0.0,0.013000000268220901,18.858619689941406,2.9388115406036377,LANEFOLLOW,walker,none,False,stop,False,,False,
Object in Road,Pedestrian,run_3,130,181365,6.5,5.626908490471868,0.5170806982768753,pedestrian,3.7836367338895798,0,0,0,0,0,0,0,0,0,7.262258350237971e-07,3.3509322747704573e-06,1.904920395645604e-06,0.9999940395355225,5.999976634979248,go_fast,go_fast,False,0.75,0.0,0.00800000037997961,17.459569931030273,2.7003824710845947,LANEFOLLOW,walker,none,False,stop,False,,False,
Object in Road,Pedestrian,run_3,135,181370,6.75,6.013321645018393,3.0351036484706295,pedestrian,4.739180967211723,0,0,0,0,0,0,0,0,0,3.676398989682639e-07,9.615292810849496e-07,3.345318759784277e-07,0.9999983310699463,5.999992847442627,go_fast,go_fast,False,0.0,0.0,-0.03500000014901161,16.036083221435547,2.615579605102539,LANEFOLLOW,walker,none,False,stop,False,,False,
Object in Road,Pedestrian,run_3,140,181375,7.0,6.1804817172859705,1.3234521395550392,pedestrian,5.9994963854551315,0,0,0,0,0,0,0,0,0,6.843873165962577e-07,1.2427982483131927e-06,5.789025294689054e-07,0.9999974966049194,5.999989032745361,go_fast,go_fast,False,0.05177031829953194,0.0,0.012000000104308128,14.439294815063477,2.868905544281006,LANEFOLLOW,walker,none,False,stop,False,,False,
Object in Road,Pedestrian,run_3,145,181380,7.25,5.707109642811525,2.1175799026588438,pedestrian,7.30885212123394,9,0,0,0,0,0,0,0,0,4.7103787892410764e-07,1.2595100997714326e-06,5.690228022103838e-07,0.9999977350234985,5.999990940093994,go_fast,go_fast,False,0.75,0.0,0.03700000047683716,12.957237243652344,2.8466989994049072,LANEFOLLOW,walker,none,False,stop,False,,False,
Object in Road,Pedestrian,run_3,150,181385,7.5,5.577058126450581,1.485319900130949,pedestrian,8.570973798632622,0,0,0,0,0,0,0,0,0,5.741472932641045e-07,1.3492328889697092e-06,1.345505211247655e-06,0.9999967813491821,5.999987602233887,go_fast,go_fast,False,0.75,0.0,0.07900000363588333,11.61583137512207,2.6298367977142334,LANEFOLLOW,walker,none,False,stop,False,,False,
Object in Road,Pedestrian,run_3,155,181390,7.75,6.373570852658834,4.017551849027648,pedestrian,9.939816877245903,10,0,0,0,0,0,0,0,0,4.459999445316498e-07,1.3884916825190885e-06,2.7677586444951885e-07,0.9999978542327881,5.999990940093994,go_fast,go_fast,False,0.0,0.0,-0.02500000037252903,10.2214937210083,2.174583673477173,LANEFOLLOW,walker,none,False,stop,False,,False,
Object in Road,Pedestrian,run_4,0,185926,0.0,1.470000147819519,9.80000114440918,pedestrian,29.843435689806938,813,0,0,0,0,0,0,0,0,8.3293758734726e-07,7.901625940576196e-05,3.0500211778416997e-06,0.9999171495437622,5.999670505523682,go_fast,stop,True,0.75,0.0,0.0,49.75056457519531,-0.13987688720226288,LANEFOLLOW,none,none,True,go,False,,False,
Object in Road,Pedestrian,run_4,5,185931,0.25,0.7380870580685825,26.53016853370036,pedestrian,29.85652582347393,65,0,0,65,0,0,0,0,0,1.9046032093683607e-06,3.6855824873782694e-05,2.139998287020717e-06,0.9999591112136841,5.999835014343262,go_fast,go_fast,False,0.75,0.0,0.0,49.75056457519531,-0.13987688720226288,LANEFOLLOW,none,none,True,go,False,,False,
Object in Road,Pedestrian,run_4,10,185936,0.5,0.2014345079660582,0.6454357505135275,pedestrian,29.85585443675518,0,0,0,65,0,0,0,0,0,1.137713866228296e-06,2.8115340683143586e-05,3.8094706269475864e-06,0.9999669790267944,5.999869346618652,go_fast,go_fast,False,0.75,0.0,0.0,49.75056457519531,-0.13987688720226288,LANEFOLLOW,none,none,True,go,False,,False,
Object in Road,Pedestrian,run_4,15,185941,0.75,2.5741028304870524,6.752467159318818,pedestrian,29.478340551257133,26,0,0,69,0,0,0,0,0,3.8567071669604047e-07,2.697347736102529e-05,2.0267514173610834e-06,0.999970555305481,5.999883651733398,go_fast,go_fast,False,0.75,0.0,-0.5040000081062317,49.373722076416016,-0.1396486759185791,LANEFOLLOW,none,none,True,go,False,,False,11.520692711324838
Object in Road,Pedestrian,run_4,20,185946,1.0,3.755077530019992,6.261944132336967,pedestrian,28.68997423350811,24,0,0,0,0,0,0,0,0,1.0810421144924476e-06,2.5749710403033532e-05,1.7248795529667404e-06,0.9999713897705078,5.999885082244873,go_fast,go_fast,False,0.75,0.0,-0.37700000405311584,48.42159652709961,3.9757280349731445,LANEFOLLOW,none,none,True,go,False,,False,8.204769263978674
Object in Road,Pedestrian,run_4,25,185951,1.25,4.9302667474049215,5.141882982904659,pedestrian,27.66600076854229,78,0,0,0,0,0,0,0,0,1.8056290400636499e-06,1.2561024050228298e-05,2.615280664031161e-06,0.9999830722808838,5.999931335449219,go_fast,go_fast,False,0.75,0.0,-0.29100000858306885,46.233299255371094,11.140313148498535,LANEFOLLOW,none,none,True,go,False,,False,6.260418580608633
Object in Road,Pedestrian,run_4,30,185956,1.5,5.541030529847043,2.557965288676786,pedestrian,26.469166204333305,0,0,0,54,0,0,0,0,0,1.2830696505261585e-06,2.641253331603366e-06,4.59103603134281e-07,0.9999955892562866,5.9999799728393555,go_fast,go_fast,False,0.75,0.0,-0.16200000047683716,42.93936538696289,17.4491024017334,LANEFOLLOW,none,none,True,go,False,,False,5.60996682482274
Object in Road,Pedestrian,run_4,35,185961,1.75,6.680669011314456,5.242856475618923,pedestrian,25.163095876574516,29,0,0,0,0,0,0,0,0,2.76168757409323e-05,8.191569577320479e-06,1.3180275573176914e-06,0.9999629259109497,5.99979829788208,go_fast,go_fast,False,0.0,1.0,0.019999999552965164,39.58731460571289,21.44000816345215,LANEFOLLOW,none,none,True,go,False,,False,4.61606574045957
Object in Road,Pedestrian,run_4,40,185966,2.0,6.377197212666869,5.621738073624234,pedestrian,23.749708577990532,0,0,0,0,0,0,0,0,0,7.850208021409344e-06,1.9537124899215996e-05,2.2286587864073226e-06,0.9999704360961914,5.999868392944336,go_fast,go_fast,False,0.04374999925494194,0.0,0.18799999356269836,37.74613571166992,21.755403518676758,LANEFOLLOW,none,none,True,go,False,,False,4.455423724193942
Object in Road,Pedestrian,run_4,45,185971,2.25,5.645401292922268,2.694969599803117,pedestrian,22.462026998400688,43,0,0,0,0,0,0,0,0,1.988549229281489e-06,1.591626278241165e-05,6.862801910756389e-06,0.9999752044677734,5.999903678894043,go_fast,go_fast,False,0.75,0.0,0.2150000035762787,37.75843811035156,18.92425537109375,LANEFOLLOW,none,none,True,go,False,,False,4.447026509241866
Object in Road,Pedestrian,run_4,50,185976,2.5,5.53664497548554,2.596103321585469,pedestrian,21.22014658153057,23,21,0,0,0,0,0,0,0,1.2627233445527963e-06,8.409598194702994e-06,6.206581929291133e-06,0.9999841451644897,5.999939918518066,go_fast,go_fast,False,0.75,0.0,0.2070000022649765,38.17448425292969,14.828718185424805,LANEFOLLOW,none,none,True,go,False,,False,4.115460778817019
Object in Road,Pedestrian,run_4,55,185981,2.75,6.3806745285526985,3.854090069837177,pedestrian,19.807295247912407,0,0,0,0,0,0,0,0,0,3.2644313705532113e-06,9.166218660539016e-06,1.1074742360506207e-05,0.9999765157699585,5.999910354614258,go_fast,go_fast,False,0.0,0.0,0.17900000512599945,38.074684143066406,10.514548301696777,LANEFOLLOW,none,none,True,go,False,,False,3.2530957506735487
Object in Road,Pedestrian,run_4,60,185986,3.0,6.505306391833444,2.973061349369376,pedestrian,18.229820653796196,381,93,0,0,0,0,0,0,0,4.0648282606525754e-07,6.151980414870195e-06,2.2136708139441907e-05,0.9999712705612183,5.999906063079834,go_fast,go_fast,False,0.05624999850988388,0.0,0.14100000262260437,37.335914611816406,6.417915344238281,LANEFOLLOW,none,none,True,go,False,,False,2.8915553884235425
Object in Road,Pedestrian,run_4,65,185991,3.25,6.019797692773616,2.8718420971742114,pedestrian,16.69982187449932,125,90,0,0,0,0,0,0,0,5.767257107436308e-07,3.21850529871881e-05,0.0004621254629455507,0.9995051622390747,5.998481750488281,go_fast,go_fast,False,0.05624999850988388,0.0,0.06199999898672104,36.17489242553711,3.287001371383667,LANEFOLLOW,walker,none,False,stop,False,,False,2.836685776313964
Object in Road,Pedestrian,run_4,70,185996,3.5,5.467001065932201,2.3581067506277527,pedestrian,15.292139455676079,14,55,0,46,0,0,0,0,0,3.663911911644391e-07,1.4528351130138617e-05,0.00018485529290046543,0.9998002648353577,5.999385356903076,go_fast,go_fast,False,0.75,0.0,-0.035999998450279236,34.8487663269043,1.7423967123031616,LANEFOLLOW,walker,none,False,stop,False,,False,2.8650223003462405
Object in Road,Pedestrian,run_4,75,186001,3.75,5.307720204019202,1.3561527748542295,pedestrian,14.000942632555962,138,9,0,34,0,0,0,0,0,2.8254609674149833e-07,9.624990525480825e-06,0.0002019502135226503,0.9997881054878235,5.999353885650635,go_fast,go_fast,False,0.75,0.0,0.00800000037997961,33.51064682006836,2.0245680809020996,LANEFOLLOW,walker,none,False,stop,False,,False,2.744011138192251
Object in Road,Pedestrian,run_4,80,186006,4.0,6.1074412110125325,4.019415275021476,pedestrian,12.623235151171684,4,266,0,34,0,0,0,0,0,5.579709849712344e-08,0.00035242916783317924,1.955227526195813e-05,0.999627947807312,5.998530864715576,go_fast,go_fast,False,0.0,0.0,0.04699999839067459,32.0939826965332,1.9835944175720215,LANEFOLLOW,walker,none,False,stop,False,,False,2.153424442765805
Object in Road,Pedestrian,run_4,85,186011,4.25,6.3557951272304,1.3680074754002576,pedestrian,11.07823221385479,1,366,0,33,0,0,0,0,0,3.102930463683151e-07,0.061346448957920074,0.0012041154550388455,0.9374491572380066,5.750999927520752,go_fast,go_fast,False,0.0,1.0,-0.014000000432133675,30.53653907775879,1.2726235389709473,LANEFOLLOW,walker,none,False,stop,False,,False,1.8145075092667364
Object in Road,Pedestrian,run_4,90,186016,4.5,3.862108210710155,26.790325262806554,pedestrian,9.707475110888481,0,552,0,30,0,0,0,0,0,1.8884909991356835e-07,0.8960850834846497,0.00010100438521476462,0.10381367057561874,2.4153552055358887,slow,go_fast,True,0.0,1.0,0.06400000303983688,29.109447479248047,1.269075632095337,LANEFOLLOW,walker,none,False,stop,False,,False,2.6636095892999
Object in Road,Pedestrian,run_4,95,186021,4.75,0.0007627146937936735,0.0026806433916713845,pedestrian,9.460052892565727,35,501,0,16,0,0,0,0,0,1.982698876190625e-07,0.9990895986557007,3.1280601433536503e-06,0.0009071101085282862,2.003631353378296,slow,slow,False,0.75,0.0,-0.013000000268220901,28.852195739746094,1.230293869972229,LANEFOLLOW,walker,none,False,stop,False,,False,
Object in Road,Pedestrian,run_4,100,186026,5.0,0.5554904022668823,4.295358398067504,pedestrian,9.419910833239555,4,642,0,20,0,0,0,0,0,1.964762930128927e-07,0.9995768666267395,1.9958072243753122e-06,0.00042081865831278265,2.0016846656799316,slow,slow,False,0.75,0.0,0.4059999883174896,28.809389114379883,1.2417060136795044,LANEFOLLOW,walker,none,False,stop,False,,False,18.056559096012634
Object in Road,Pedestrian,run_4,105,186031,5.25,1.6630580928764642,4.959764227488034,pedestrian,9.14799539744854,64,317,0,5,0,0,0,0,0,3.008209716881538e-07,0.9997156262397766,3.805417634339392e-07,0.00028369619394652545,2.0011346340179443,slow,slow,False,0.75,0.0,0.29600000381469727,28.56072235107422,0.3014048933982849,LANEFOLLOW,walker,none,False,stop,False,,False,5.586291978353351
Object in Road,Pedestrian,run_4,110,186036,5.5,2.940593451702096,4.949997959978672,pedestrian,8.572428151965141,0,777,0,0,0,0,0,0,0,1.0054620815935778e-06,0.9776430130004883,5.456320764096745e-07,0.022355331107974052,2.0894196033477783,slow,slow,False,0.0,1.0,0.296999990940094,27.946327209472656,-1.5540506839752197,LANEFOLLOW,walker,none,False,stop,False,,False,2.9636003873341132
Object in Road,Pedestrian,run_4,115,186041,5.75,2.756319935522352,3.7604240082350753,pedestrian,7.822967931628227,189,276,0,19,0,0,0,0,0,2.1504257574633812e-07,0.0005730885313823819,1.213175124803456e-07,0.9994266033172607,5.997705936431885,go_fast,slow,True,0.75,0.0,0.3310000002384186,26.982418060302734,-3.851613998413086,LANEFOLLOW,walker,none,False,stop,False,,False,2.887973252074071
Object in Road,Pedestrian,run_4,120,186046,6.0,2.961164971460151,3.853760094588799,pedestrian,7.163266584277153,226,61,0,9,0,0,0,0,0,6.220045634108828e-07,0.0010982286185026169,9.394676681040437e-07,0.9989001750946045,5.99560022354126,go_fast,go_fast,False,0.75,0.0,0.2630000114440918,25.935562133789062,-6.032712459564209,LANEFOLLOW,walker,none,False,stop,False,,False,2.4865934677483845
Object in Road,Pedestrian,run_4,125,186051,6.25,4.133933027257665,4.855254608294471,pedestrian,6.29079382121563,49,227,0,17,0,0,0,0,0,0.0009118221350945532,0.00013013038551434875,1.5774363646414713e-06,0.9989564418792725,5.994003772735596,go_fast,go_fast,False,0.75,0.0,0.1469999998807907,24.449344635009766,-8.272987365722656,LANEFOLLOW,walker,none,False,stop,False,,False,1.5805088953186013
Object in Road,Pedestrian,run_4,130,186056,6.5,5.271334578651657,4.550591128268378,pedestrian,5.141497537493706,195,369,0,17,0,0,0,0,0,0.23662588000297546,0.27881956100463867,6.517523615912069e-06,0.48454803228378296,3.464946746826172,go,go_fast,True,0.0,1.0,0.028999999165534973,22.657527923583984,-9.942338943481445,LANEFOLLOW,walker,none,False,stop,False,,False,1.0216493543099268
Object in Road,Pedestrian,run_4,135,186061,6.75,2.4470605851573803,26.899018565550605,pedestrian,4.03888313472271,570,0,0,0,0,0,0,0,0,0.012904486618936062,0.00021032278891652822,6.613462915083801e-07,0.9868844747543335,5.92172908782959,go_fast,go,True,0.75,0.0,-0.0860000029206276,21.281288146972656,-10.457282066345215,LANEFOLLOW,walker,none,False,stop,False,,False,1.7336755314659076
Object in Road,Pedestrian,run_4,140,186066,7.0,1.0371759542758527,5.892144878616973,pedestrian,3.8581203669309616,429,0,0,0,0,0,0,0,0,0.005066281650215387,0.00014328581164591014,4.549951313492784e-07,0.9947899580001831,5.969027519226074,go_fast,go_fast,False,0.75,0.0,-0.09099999815225601,21.129480361938477,-10.376091957092285,LANEFOLLOW,walker,none,False,stop,False,,False,3.850436796145381
Object in Road,Pedestrian,run_4,145,186071,7.25,2.3788199588451637,5.659418561822803,pedestrian,3.4457706660032272,405,93,0,0,0,0,0,0,0,0.4998108744621277,0.002955178963020444,2.8163319711893564e-06,0.4972310960292816,2.989305257797241,go,go_fast,True,0.75,0.0,-0.14399999380111694,20.856689453125,-10.026372909545898,LANEFOLLOW,walker,none,False,stop,False,,False,1.4993123889468614
Object in Road,Pedestrian,run_4,150,186076,7.5,3.628737414214588,5.094937682048276,pedestrian,2.7338709086179733,794,1123,0,0,0,0,0,0,0,0.07549646496772766,0.00021854208898730576,2.57990950558451e-06,0.924282431602478,5.546139240264893,go_fast,go,True,0.75,0.0,-0.19699999690055847,20.477466583251953,-9.169113159179688,LANEFOLLOW,walker,none,False,stop,False,,True,0.770882227200034
Object in Road,Pedestrian,run_4,155,186081,7.75,4.7031154481435555,4.510320627534622,pedestrian,2.3444864004850388,2801,150,0,0,0,0,0,0,0,0.030135100707411766,0.00011184514005435631,6.609321189898765e-06,0.9697464108467102,5.818722248077393,go_fast,go_fast,False,0.75,0.0,-0.1979999989271164,20.041719436645508,-7.627084732055664,LANEFOLLOW,walker,none,False,stop,False,,True,2.2476831187045345
Object in Road,Pedestrian,run_5,0,186626,0.0,1.9600002765655518,9.800003051757812,pedestrian,29.844944402575493,0,0,0,0,0,0,0,0,0,6.926297828613315e-07,0.00013608204608317465,1.875347834356944e-06,0.9998613595962524,5.999446392059326,go_fast,stop,True,0.75,0.0,0.0,49.75056457519531,-0.13987688720226288,LANEFOLLOW,none,none,True,go,False,,False,
Object in Road,Pedestrian,run_5,5,186631,0.25,0.11209821701050988,12.519777298004447,pedestrian,29.857069417834282,20,0,0,70,0,0,0,0,0,2.99098633149697e-06,5.063237767899409e-05,2.2539973087987164e-06,0.9999440908432007,5.999772548675537,go_fast,go_fast,False,0.75,0.0,0.0,49.75056457519531,-0.13987688720226288,LANEFOLLOW,none,none,True,go,False,,False,
Object in Road,Pedestrian,run_5,10,186636,0.5,0.16076517105112245,0.8133867383161851,pedestrian,29.855566427111626,0,0,0,58,0,0,0,0,0,1.404681370331673e-06,2.6067715225508437e-05,2.705826091187191e-06,0.9999698400497437,5.999878883361816,go_fast,go_fast,False,0.75,0.0,0.0,49.75056457519531,-0.13987688720226288,LANEFOLLOW,none,none,True,go,False,,False,
Object in Road,Pedestrian,run_5,15,186641,0.75,2.568322561305926,6.656513628995675,pedestrian,29.485918447375298,6,0,0,77,0,0,0,0,0,4.627052021533018e-07,2.4041097276494838e-05,1.9799001620413037e-06,0.9999735355377197,5.999895095825195,go_fast,go_fast,False,0.75,0.0,-0.5049999952316284,49.38136291503906,-0.13953135907649994,LANEFOLLOW,none,none,True,go,False,,False,11.5486518841096
Object in Road,Pedestrian,run_5,20,186646,1.0,3.766167881670958,6.238314326864355,pedestrian,28.697225973010063,3,0,0,0,0,0,0,0,0,1.0898946811721544e-06,3.11178264382761e-05,2.3750476429995615e-06,0.9999654293060303,5.999861717224121,go_fast,go_fast,False,0.75,0.0,-0.37599998712539673,48.4261589050293,4.00866174697876,LANEFOLLOW,none,none,True,go,False,,False,8.18694481751837
Object in Road,Pedestrian,run_5,25,186651,1.25,4.9411374300329856,5.142105872877531,pedestrian,27.67080347239971,128,0,0,0,0,0,0,0,0,7.977925520208373e-07,7.966464181663468e-06,1.8113147461917833e-06,0.99998939037323,5.99995756149292,go_fast,go_fast,False,0.75,0.0,-0.2980000078678131,46.229087829589844,11.17813491821289,LANEFOLLOW,none,none,True,go,False,,False,6.248308332207397
Object in Road,Pedestrian,run_5,30,186656,1.5,5.546792641112452,4.368114755789163,pedestrian,26.480225011706352,2,0,0,42,0,0,0,0,0,1.0790676014948986e-06,3.227829438401386e-06,5.063540129413013e-07,0.999995231628418,5.999979496002197,go_fast,go_fast,False,0.75,0.0,-0.16500000655651093,42.89655303955078,17.58303451538086,LANEFOLLOW,none,none,True,go,False,,False,5.649276098060366
Object in Road,Pedestrian,run_5,35,186661,1.75,6.653311786337195,4.309548683606874,pedestrian,25.179661199450493,53,0,0,0,0,0,0,0,0,4.7484216338489205e-05,9.08652782527497e-06,1.3026548231209745e-06,0.9999420642852783,5.999674320220947,go_fast,go_fast,False,0.0,1.0,0.029999999329447746,39.51133728027344,21.613494873046875,LANEFOLLOW,none,none,True,go,False,,False,4.662150421778994
Object in Road,Pedestrian,run_5,40,186666,2.0,6.449314796853569,2.7411107713143203,pedestrian,23.767864629626274,3,48,0,28,0,0,0,0,0,9.92638524621725e-06,2.3357202735496685e-05,2.0405052509886445e-06,0.999964714050293,5.999841213226318,go_fast,go_fast,False,0.04374999925494194,0.0,0.1850000023841858,37.72911071777344,21.819992065429688,LANEFOLLOW,none,none,True,go,False,,False,4.400173295711264
Object in Road,Pedestrian,run_5,45,186671,2.25,5.567282483916201,4.891078071091605,pedestrian,22.48000757396221,29,0,0,0,0,0,0,0,0,1.4882609775668243e-06,1.529739711259026e-05,6.298992957454175e-06,0.9999768733978271,5.999910831451416,go_fast,go_fast,False,0.75,0.0,0.21799999475479126,37.787025451660156,18.90593719482422,LANEFOLLOW,none,none,True,go,False,,False,4.514255288309037
Object in Road,Pedestrian,run_5,50,186676,2.5,5.602187574151637,4.443750255062603,pedestrian,21.23665277659893,32,40,0,17,0,0,0,0,0,4.174828063696623e-06,5.9990521549480036e-05,2.452141052344814e-05,0.9999113082885742,5.999661445617676,go_fast,go_fast,False,0.75,0.0,0.20999999344348907,38.203739166259766,14.79734992980957,LANEFOLLOW,none,none,True,go,False,,False,4.068499238223803
Object in Road,Pedestrian,run_5,55,186681,2.75,6.463248276832367,4.396834073664266,pedestrian,19.82288210093975,0,0,0,0,0,0,0,0,0,4.392839400679804e-06,1.3381499229581095e-05,2.5803206881391816e-05,0.9999563694000244,5.999842166900635,go_fast,go_fast,False,0.0,0.0,0.1770000010728836,38.12825012207031,10.377456665039062,LANEFOLLOW,none,none,True,go,False,,False,3.2086530633812926
Object in Road,Pedestrian,run_5,60,186686,3.0,6.550187742457103,2.9752231598664216,pedestrian,18.229290410876274,90,48,0,0,0,0,0,0,0,4.6414626808655157e-07,6.54314317216631e-06,1.889457598736044e-05,0.9999741315841675,5.999914169311523,go_fast,go_fast,False,0.05624999850988388,0.0,0.13899999856948853,37.35602569580078,6.297147750854492,LANEFOLLOW,none,none,True,go,False,,False,2.869889426122472
Object in Road,Pedestrian,run_5,65,186691,3.25,6.042444557037633,2.9864027164107907,pedestrian,16.690817281603813,149,79,0,0,0,0,0,0,0,5.601805810329097e-07,2.3982713173609227e-05,0.0003182252694386989,0.9996572732925415,5.998946666717529,go_fast,go_fast,False,0.05624999850988388,0.0,0.05700000002980232,36.17894744873047,3.1443727016448975,LANEFOLLOW,walker,none,False,stop,False,,False,2.823566002060248
Object in Road,Pedestrian,run_5,70,186696,3.5,5.490562985627091,2.289870917572972,pedestrian,15.27690164744854,19,28,0,28,0,0,0,0,0,3.584998182759591e-07,9.435115316591691e-06,8.223119948524982e-05,0.9999079704284668,5.99971342086792,go_fast,go_fast,False,0.75,0.0,-0.039000000804662704,34.83521270751953,1.7191462516784668,LANEFOLLOW,walker,none,False,stop,False,,False,2.850408059804821
Object in Road,Pedestrian,run_5,75,186701,3.75,5.329121136802315,1.3869207369039511,pedestrian,13.98087827861309,123,25,0,35,0,0,0,0,0,5.862452212568314e-07,2.271887569804676e-05,0.0008024823036976159,0.999174177646637,5.997498035430908,go_fast,go_fast,False,0.75,0.0,0.007000000216066837,33.49110794067383,2.0184292793273926,LANEFOLLOW,walker,none,False,stop,False,,False,2.7304082966233576
Object in Road,Pedestrian,run_5,80,186706,4.0,6.123506888999011,3.9366133165336783,pedestrian,12.598696157336235,17,254,0,35,0,0,0,0,0,4.373709217020405e-08,0.0003214632160961628,1.7028367437887937e-05,0.9996614456176758,5.99866247177124,go_fast,go_fast,False,0.0,0.0,0.0430000014603138,32.06585693359375,2.035440683364868,LANEFOLLOW,walker,none,False,stop,False,,False,2.1445664597864815
Object in Road,Pedestrian,run_5,85,186711,4.25,6.365093918169637,1.3759695362791977,pedestrian,11.052979871630669,0,341,0,28,0,0,0,0,0,1.6498074728588108e-07,0.060140274465084076,0.0007238887483254075,0.9391356706619263,5.757266521453857,go_fast,go_fast,False,0.0,1.0,-0.017000000923871994,30.50653648376465,1.3442624807357788,LANEFOLLOW,walker,none,False,stop,False,,False,1.810130399979402
Object in Road,Pedestrian,run_5,90,186716,4.5,3.7415096470057696,26.768440328180393,pedestrian,9.69152395427227,0,652,0,41,0,0,0,0,0,1.2425888940015284e-07,0.9972802400588989,1.725306901789736e-05,0.0027023782022297382,2.010826587677002,slow,go_fast,True,0.0,1.0,0.2720000147819519,29.07976531982422,1.4965628385543823,LANEFOLLOW,walker,none,False,stop,False,,False,2.7496901360716173
Object in Road,Pedestrian,run_5,95,186721,4.75,0.0008395531429588444,0.002432697157199674,pedestrian,9.458782598376274,0,669,0,33,0,0,0,0,0,2.2348200445776456e-07,0.9998725652694702,1.1682325293804752e-06,0.0001260432618437335,2.000504732131958,slow,slow,False,0.75,0.0,-0.04800000041723251,28.839977264404297,1.428471565246582,LANEFOLLOW,walker,none,False,stop,False,,False,
Object in Road,Pedestrian,run_5,100,186726,5.0,0.5193049904612701,3.8726571816243176,pedestrian,9.422495290637016,18,685,0,53,0,0,0,0,0,2.484486003595521e-07,0.9998444318771362,7.117686209312524e-07,0.0001546317944303155,2.0006186962127686,slow,slow,False,0.75,0.0,0.4169999957084656,28.80048370361328,1.4475916624069214,LANEFOLLOW,walker,none,False,stop,False,,False,19.483112989475114
Object in Road,Pedestrian,run_5,105,186731,5.25,1.6839237181777187,5.271594706211956,pedestrian,9.154092237353325,72,333,0,19,0,0,0,0,0,3.090795530624746e-07,0.9971247315406799,8.718948834030016e-07,0.0028740696143358946,2.0114965438842773,slow,slow,False,0.75,0.0,0.3070000112056732,28.560405731201172,0.5428327322006226,LANEFOLLOW,walker,none,False,stop,False,,False,5.520583236177008
Object in Road,Pedestrian,run_5,110,186736,5.5,2.934605894128713,4.872953921934412,pedestrian,8.580995962023735,181,319,0,6,0,0,0,0,0,9.564593028699164e-07,0.1221337765455246,4.332870844336867e-07,0.8778648376464844,5.511457920074463,go_fast,slow,True,0.75,0.0,0.30300000309944153,27.959264755249023,-1.4115967750549316,LANEFOLLOW,walker,none,False,stop,False,,False,2.9725897885658554
Object in Road,Pedestrian,run_5,115,186741,5.75,4.153644056421139,4.983660730057216,pedestrian,7.698399469256401,246,280,0,7,0,0,0,0,0,3.0347885626724747e-07,5.31151526956819e-05,1.7177080735564232e-07,0.9999463558197021,5.99978494644165,go_fast,go_fast,False,0.75,0.0,0.3240000009536743,26.812772750854492,-4.147807598114014,LANEFOLLOW,walker,none,False,stop,False,,False,1.8864374272530617
Object in Road,Pedestrian,run_5,120,186746,6.0,5.254600704430537,5.0958283963361,pedestrian,6.53769151866436,71,17,0,13,0,0,0,0,0,0.0017397782066836953,5.098180554341525e-05,5.354293080017669e-07,0.99820876121521,5.98935604095459,go_fast,go_fast,False,0.75,0.0,0.17499999701976776,24.862560272216797,-7.721503734588623,LANEFOLLOW,walker,none,False,stop,False,,False,1.289542971938691
Object in Road,Pedestrian,run_5,125,186751,6.25,5.844414756789604,2.320270997709203,pedestrian,5.193655893206596,269,104,0,17,0,0,0,0,0,0.5697031617164612,0.06633296608924866,4.2123951971007045e-06,0.3639596700668335,0.0,stop,go_fast,True,0.0,1.0,0.008999999612569809,22.634521484375,-10.1025390625,LANEFOLLOW,walker,none,False,stop,True,True,False,0.9321844348996677
Object in Road,Pedestrian,run_5,130,186756,6.5,3.9074705726870107,21.507714512144407,pedestrian,3.877544805407524,918,0,0,1,0,0,0,0,0,0.4250619411468506,0.0009437024709768593,2.1469054445333313e-06,0.5739921927452087,3.4458467960357666,go,stop,True,0.0,1.0,-0.12800000607967377,20.959238052368164,-10.75312614440918,LANEFOLLOW,walker,none,False,stop,False,,False,1.0445434096613422
Object in Road,Pedestrian,run_5,135,186761,6.75,0.0007889978772996886,0.012477767804930514,pedestrian,3.5701071470975876,494,0,0,0,0,0,0,0,0,0.0005783912492915988,0.00512370839715004,1.8966961761179846e-06,0.9942960143089294,5.976028919219971,go_fast,go,True,0.75,0.0,0.11299999803304672,20.535593032836914,-10.9309663772583,LANEFOLLOW,walker,none,False,stop,False,,False,
Object in Road,Pedestrian,run_5,140,186766,7.0,0.5254826757299681,4.17355470179124,pedestrian,3.531749650835991,317,0,0,0,0,0,0,0,0,0.0012161178747192025,0.003347219666466117,1.1043607628380414e-06,0.9954355359077454,5.979310989379883,go_fast,go_fast,False,0.75,0.0,-0.2070000022649765,20.475479125976562,-10.967044830322266,LANEFOLLOW,walker,none,False,stop,False,,False,7.296591913926847
Object in Road,Pedestrian,run_5,145,186771,7.25,1.7433842107746313,5.425796663522076,pedestrian,3.263392850756645,1390,1,0,0,0,0,0,0,0,0.3894769549369812,0.0006488302024081349,2.5138053842965746e-06,0.6098716855049133,3.6605353355407715,go,go_fast,True,0.75,0.0,-0.18199999630451202,20.387073516845703,-10.574429512023926,LANEFOLLOW,walker,none,False,stop,False,,False,1.9252109187919149
Object in Road,Pedestrian,run_5,150,186776,7.5,2.9654401416632705,5.1266316533708345,pedestrian,2.711472198367119,664,1012,0,0,0,0,0,0,0,0.4073777198791504,0.001503140782006085,9.459457942284644e-06,0.5911096930503845,3.5496926307678223,go,go,False,0.75,0.0,-0.22100000083446503,20.20138168334961,-9.71920108795166,LANEFOLLOW,walker,none,False,stop,False,,True,0.9370195516903892
Object in Road,Pedestrian,run_5,155,186781,7.75,4.14574294637451,4.825100307899107,pedestrian,2.3032514303922653,4591,0,0,0,0,0,0,0,0,0.006248640362173319,4.561003152048215e-05,3.5900700368074467e-06,0.9937021732330322,5.962315082550049,go_fast,go,True,0.75,0.0,-0.1940000057220459,19.9399471282959,-8.231446266174316,LANEFOLLOW,walker,none,False,stop,False,,True,1.6454727970322602
Object in Road,Vehicle,run_1,0,187163,0.0,1.9600002765655518,9.800003051757812,vehicle,27.526110887527466,419,0,0,165,0,0,0,0,0,2.7723541506929905e-07,0.00013331256923265755,3.368955049154465e-06,0.9998630285263062,5.999454498291016,go_fast,stop,True,0.75,0.0,0.0,49.75056457519531,-0.13987688720226288,LANEFOLLOW,none,vehicle,False,go,False,,False,
Object in Road,Vehicle,run_1,5,187168,0.25,0.11209821701050988,12.519777298004447,vehicle,27.52361226081848,378,0,0,156,0,0,0,0,0,2.7534713353816187e-06,4.6320463297888637e-05,2.017879978666315e-06,0.9999488592147827,5.999791622161865,go_fast,go_fast,False,0.75,0.0,0.0,49.75056457519531,-0.13987688720226288,LANEFOLLOW,none,vehicle,False,go,False,,False,
Object in Road,Vehicle,run_1,10,187173,0.5,0.16076517105112245,0.8133867383161851,vehicle,27.523545503616333,375,0,0,165,0,0,0,0,0,1.0812397022164077e-06,2.818904431478586e-05,2.5104191081481986e-06,0.9999681711196899,5.999873161315918,go_fast,go_fast,False,0.75,0.0,0.0,49.75056457519531,-0.13987688720226288,LANEFOLLOW,none,vehicle,False,go,False,,False,
Object in Road,Vehicle,run_1,15,187178,0.75,2.568322561305926,6.656513628995675,vehicle,27.154332399368286,395,0,0,182,0,0,0,0,0,3.946110780361778e-07,3.140634362353012e-05,2.556149865995394e-06,0.9999656677246094,5.99986457824707,go_fast,go_fast,False,0.75,0.0,-0.5049999952316284,49.38136291503906,-0.13953135907649994,LANEFOLLOW,none,vehicle,False,go,False,,False,11.5486518841096
Object in Road,Vehicle,run_1,20,187183,1.0,3.766167881670958,6.238314326864355,vehicle,26.36532711982727,393,0,0,174,0,0,0,0,0,1.098743268812541e-06,3.067046418436803e-05,2.0540503555821488e-06,0.9999661445617676,5.99986457824707,go_fast,go_fast,False,0.75,0.0,-0.37599998712539673,48.4261589050293,4.00866174697876,LANEFOLLOW,none,vehicle,False,go,False,,False,8.18694481751837
Object in Road,Vehicle,run_1,25,187188,1.25,4.9411374300329856,5.142105872877531,vehicle,25.338351488113403,503,0,0,126,0,0,0,0,0,1.369646724924678e-06,1.073967450793134e-05,2.400151061010547e-06,0.9999854564666748,5.999941349029541,go_fast,go_fast,False,0.75,0.0,-0.2939999997615814,46.229087829589844,11.17813491821289,LANEFOLLOW,none,vehicle,False,go,False,,False,6.248308332207397
Object in Road,Vehicle,run_1,30,187193,1.5,5.545692370109228,4.3270159581046475,vehicle,24.145901918411255,560,0,0,156,0,0,0,0,0,2.297440687470953e-06,2.7017904358217493e-06,4.6642810502817156e-07,0.9999945163726807,5.999973773956299,go_fast,go_fast,False,0.75,0.0,-0.16300000250339508,42.922454833984375,17.51673698425293,LANEFOLLOW,none,vehicle,False,go,False,,False,5.638471672980345
Object in Road,Vehicle,run_1,35,187198,1.75,6.535985056259195,4.177956984842249,vehicle,22.849501848220825,698,0,0,214,0,0,0,0,0,1.781510036380496e-05,8.845925549394451e-06,1.208474941449822e-06,0.9999721050262451,5.99985408782959,go_fast,go_fast,False,0.0,0.0,0.026000000536441803,39.54631423950195,21.55841827392578,LANEFOLLOW,none,vehicle,False,go,False,,False,4.7318586405801035
Object in Road,Vehicle,run_1,40,187203,2.0,6.697694298232117,1.4977238735629073,vehicle,21.431117296218872,864,0,0,158,0,0,0,0,0,4.992022240912775e-06,1.7726531950756907e-05,1.3128485534252832e-06,0.9999759197235107,5.999895095825195,go_fast,go_fast,False,0.0,1.0,0.18799999356269836,37.66201400756836,21.933528900146484,LANEFOLLOW,none,vehicle,False,go,False,,False,4.246950222482233
Object in Road,Vehicle,run_1,45,187208,2.25,4.206795708648408,26.687556196414345,vehicle,20.137240648269653,1012,0,0,151,0,0,0,0,0,3.62505687689918e-07,0.00010956363985314965,1.9476503439364024e-05,0.9998705387115479,5.999500751495361,go_fast,go_fast,False,0.75,0.0,0.22699999809265137,37.70317077636719,19.05539894104004,LANEFOLLOW,none,vehicle,False,go,False,,False,6.072093636354491
Object in Road,Vehicle,run_1,50,187213,2.5,2.3783137067972286,5.344753814978292,vehicle,19.626153230667114,1011,0,0,154,0,0,0,0,0,2.689743269002065e-06,0.007367792539298534,5.1678987802006304e-05,0.992577850818634,5.970357894897461,go_fast,go_fast,False,0.75,0.0,0.23000000417232513,37.95886993408203,17.304750442504883,LANEFOLLOW,none,vehicle,False,go,False,,False,9.969730789940087
Object in Road,Vehicle,run_1,55,187218,2.75,3.6816562874468044,5.24125082018501,vehicle,18.914960145950317,1045,0,0,153,0,0,0,0,0,3.738980467460351e-07,0.00014278365415520966,1.5743444237159565e-05,0.9998410940170288,5.9993791580200195,go_fast,go_fast,False,0.75,0.0,0.20900000631809235,38.21125030517578,14.824822425842285,LANEFOLLOW,none,vehicle,False,go,False,,False,6.1325675650845115
Object in Road,Vehicle,run_1,60,187223,3.0,4.853114274000017,4.722368534634896,vehicle,17.898871660232544,1053,0,0,127,0,0,0,0,0,7.700805895183294e-07,3.023535100510344e-05,9.00312079465948e-05,0.999879002571106,5.99960470199585,go_fast,go_fast,False,0.75,0.0,0.20100000500679016,38.20956802368164,11.641241073608398,LANEFOLLOW,vehicle,vehicle,True,stop,False,,False,4.370752145980209
Object in Road,Vehicle,run_1,65,187228,3.25,5.43211488009982,2.0072157447662096,vehicle,16.63868260383606,1127,0,0,131,0,0,0,0,0,1.0023334198194789e-06,3.1356965337181464e-05,0.0006053255638107657,0.9993622899055481,5.998052597045898,go_fast,go_fast,False,0.75,0.0,0.15000000596046448,37.81588363647461,8.00918197631836,LANEFOLLOW,vehicle,vehicle,True,stop,False,,False,3.6115125590118455
Object in Road,Vehicle,run_1,70,187233,3.5,6.36580388978769,4.608810242285708,vehicle,15.200753450393677,1234,0,0,160,0,0,0,0,0,2.4655385004734853e-06,1.4831399312242866e-05,0.00017828572890721262,0.9998044371604919,5.999391078948975,go_fast,go_fast,False,0.0,0.0,0.11699999868869781,36.866336822509766,4.8892974853515625,LANEFOLLOW,vehicle,vehicle,True,stop,False,,False,2.8276020081300732
Object in Road,Vehicle,run_1,75,187238,3.75,6.6106290234481495,2.405869397617886,vehicle,13.558514833450317,1597,0,0,165,0,0,0,0,0,5.579067305916396e-07,3.781769464694662e-06,1.2212614819873124e-05,0.9999834299087524,5.999945163726807,go_fast,go_fast,False,0.0,1.0,-0.04100000113248825,35.452579498291016,2.214852809906006,LANEFOLLOW,vehicle,vehicle,True,stop,False,,False,2.457109061738002
Object in Road,Vehicle,run_1,80,187243,4.0,4.290614212180135,26.798618810440438,vehicle,12.088443994522095,2014,0,0,167,0,0,0,0,0,1.349030611663693e-07,1.9482833522488363e-05,7.099309004843235e-05,0.9999094009399414,5.99970817565918,go_fast,go_fast,False,0.75,0.0,-0.03999999910593033,33.94532012939453,2.310476779937744,LANEFOLLOW,vehicle,vehicle,True,stop,False,,False,3.492966203535694
Object in Road,Vehicle,run_1,85,187248,4.25,2.4693875471385986,5.414105389035448,vehicle,11.515648126602173,2154,0,0,155,0,0,0,0,0,1.4282838378676388e-07,0.0007060515927150846,8.273524372270913e-07,0.9992929697036743,5.997172832489014,go_fast,go_fast,False,0.75,0.0,0.48399999737739563,33.33009719848633,2.659562826156616,LANEFOLLOW,vehicle,vehicle,True,stop,False,,False,5.8832438849196995
Object in Road,Vehicle,run_1,90,187253,4.5,3.635999860882315,5.69488660696027,vehicle,10.752056360244751,3930,0,0,161,0,0,0,0,0,3.1005555456431466e-07,0.0006407286273315549,8.695474207343068e-07,0.9993581175804138,5.997432708740234,go_fast,go_fast,False,0.75,0.0,0.38199999928474426,32.67108154296875,0.03080366551876068,LANEFOLLOW,vehicle,vehicle,True,stop,False,,False,3.6623992022505205
Object in Road,Vehicle,run_1,95,187258,4.75,4.814100767040055,5.123217045448218,vehicle,9.69780945777893,2709,0,0,196,0,0,0,0,0,9.424139761904371e-07,9.403621334058698e-06,3.4249569580424577e-06,0.9999861717224121,5.999946117401123,go_fast,go_fast,False,0.75,0.0,0.3370000123977661,31.285385131835938,-4.763530254364014,LANEFOLLOW,vehicle,vehicle,True,stop,False,,False,2.578098066132358
Object in Road,Vehicle,run_1,100,187263,5.0,5.475467488783966,2.51115329027309,vehicle,8.418574571609497,3449,0,0,182,0,0,0,0,0,1.0407114814370289e-06,1.9751457784877857e-06,5.303049874783028e-07,0.9999964237213135,5.999984264373779,go_fast,go_fast,False,0.75,0.0,0.16099999845027924,28.891786575317383,-9.546862602233887,LANEFOLLOW,vehicle,vehicle,True,stop,False,,False,2.096661236271343
Object in Road,Vehicle,run_1,105,187268,5.25,6.373301049934038,4.5383795791427195,vehicle,7.001185655593872,4922,0,65,197,0,0,0,0,0,0.00018789693422149867,9.486241197009804e-07,3.66230125337097e-07,0.9998107552528381,5.998867511749268,go_fast,go_fast,False,0.0,0.0,0.0020000000949949026,26.32373046875,-12.390467643737793,LANEFOLLOW,vehicle,vehicle,True,stop,False,,False,1.6035935151340515
Object in Road,Vehicle,run_1,110,187273,5.5,6.547098335994463,1.7125843171223636,vehicle,5.460758924484253,7311,0,0,200,0,0,0,0,0,0.998907208442688,2.491437226126436e-05,2.9826974241586868e-06,0.0010648923926055431,0.0,stop,go_fast,True,0.0,1.0,-0.16099999845027924,24.41728973388672,-12.940788269042969,LANEFOLLOW,vehicle,vehicle,True,stop,True,True,False,1.3154190360647673
Object in Road,Vehicle,run_1,115,187278,5.75,3.830454487083719,26.707991415915675,vehicle,4.108629465103149,11608,0,0,184,0,0,0,0,0,0.9999788999557495,9.960712304746266e-06,6.562806333931803e-07,1.0381779247836675e-05,0.0,stop,stop,False,0.0,1.0,-0.23600000143051147,23.721223831176758,-11.417218208312988,LANEFOLLOW,vehicle,vehicle,True,stop,True,True,False,1.8369428682021725
Object in Road,Vehicle,run_1,120,187283,6.0,0.0008563869289060168,0.005459305943050285,vehicle,3.869370698928833,12359,0,0,178,0,0,0,0,0,0.9999842643737793,4.9564232540433295e-06,1.9705525744484476e-07,1.0457953067088965e-05,0.0,stop,stop,False,0.0,1.0,0.11100000143051147,23.659353256225586,-10.998387336730957,LANEFOLLOW,vehicle,vehicle,True,stop,True,True,False,
Object in Road,Vehicle,run_1,125,187288,6.25,0.0002785116710588574,0.0018630141289080872,vehicle,3.8685972690582275,12320,0,0,178,0,0,0,0,0,0.9999786615371704,5.198366579861613e-06,2.2267555266353156e-07,1.584092024131678e-05,0.0,stop,stop,False,0.0,1.0,0.05900000035762787,23.658506393432617,-10.998406410217285,LANEFOLLOW,vehicle,vehicle,True,stop,True,True,False,
Object in Road,Chair,run_3,0,191454,0.0,1.470000147819519,9.80000114440918,chair,29.668082118034363,720,0,0,0,0,0,0,0,0,9.09547907212982e-07,6.94528644089587e-05,3.797956424023141e-06,0.9999258518218994,5.9997053146362305,go_fast,stop,True,0.75,0.0,0.0,49.75056457519531,-0.13987688720226288,LANEFOLLOW,none,obstacle_detected,False,go,False,,False,
Object in Road,Chair,run_3,1,191455,0.05,1.9600002765655518,9.800003051757812,chair,29.666794657707214,16,0,0,30,0,0,0,0,0,6.573794166797597e-07,0.00012513487308751792,2.0521029000519775e-06,0.999872088432312,5.999488830566406,go_fast,go_fast,False,0.75,0.0,0.0,49.75056457519531,-0.13987688720226288,LANEFOLLOW,none,obstacle_detected,False,go,False,,False,
Object in Road,Chair,run_3,2,191456,0.1,2.450000286102295,9.800000190734863,chair,29.665526270866394,13,0,0,36,0,0,0,0,0,2.4572682377765886e-07,8.884470298653468e-05,1.2937692872583284e-06,0.9999096393585205,5.999639511108398,go_fast,go_fast,False,0.75,0.0,0.0,49.75056457519531,-0.13987688720226288,LANEFOLLOW,none,obstacle_detected,False,go,False,,False,
Object in Road,Chair,run_3,3,191457,0.15000000000000002,2.93999981880188,9.7999906539917,chair,29.66455352306366,0,0,0,49,0,0,0,0,0,9.984895541492733e-07,4.364133201306686e-05,9.822839501794078e-07,0.999954342842102,5.999816417694092,go_fast,go_fast,False,0.75,0.0,0.0,49.75056457519531,-0.13987688720226288,LANEFOLLOW,none,obstacle_detected,False,go,False,,False,
Object in Road,Chair,run_3,4,191458,0.2,2.0645954609088695,17.508087159011865,chair,29.66420829296112,0,2,0,48,0,0,0,0,0,1.0581665037534549e-06,3.217668199795298e-05,1.8119753804057837e-06,0.9999649524688721,5.99985933303833,go_fast,go_fast,False,0.75,0.0,0.0,49.75056457519531,-0.13987688720226288,LANEFOLLOW,none,obstacle_detected,False,go,False,,False,
Object in Road,Chair,run_3,5,191459,0.25,0.7380870580685825,26.53016853370036,chair,29.664252161979675,0,1,0,0,0,0,0,0,0,1.9382302980375243e-06,3.305470454506576e-05,2.307736394868698e-06,0.9999626874923706,5.99984884262085,go_fast,go_fast,False,0.75,0.0,0.0,49.75056457519531,-0.13987688720226288,LANEFOLLOW,none,obstacle_detected,False,go,False,,False,
Object in Road,Chair,run_3,6,191460,0.30000000000000004,0.11209821701050988,12.519777298004447,chair,29.664284586906433,0,0,0,0,0,0,0,0,0,2.5107369765464682e-06,4.9201677029486746e-05,3.0891108053765493e-06,0.9999451637268066,5.999778747558594,go_fast,go_fast,False,0.75,0.0,0.0,49.75056457519531,-0.13987688720226288,LANEFOLLOW,none,obstacle_detected,False,go,False,,False,
Object in Road,Chair,run_3,7,191461,0.35000000000000003,0.15056173503417905,5.25319957733331,chair,29.664276957511902,0,0,0,6,0,0,0,0,0,2.6902732770395232e-06,4.5779263018630445e-05,2.16686771636887e-06,0.9999493360519409,5.999794006347656,go_fast,go_fast,False,0.75,0.0,0.0,49.75056457519531,-0.13987688720226288,LANEFOLLOW,none,obstacle_detected,False,go,False,,False,
Object in Road,Chair,run_3,8,191462,0.4,0.23337177932264083,1.6562008857755581,chair,29.66425597667694,0,0,0,6,0,0,0,0,0,2.9519167128455592e-06,4.954690666636452e-05,2.5240103695978178e-06,0.9999449253082275,5.999776363372803,go_fast,go_fast,False,0.75,0.0,0.0,49.75056457519531,-0.13987688720226288,LANEFOLLOW,none,obstacle_detected,False,go,False,,False,
Object in Road,Chair,run_3,9,191463,0.45,0.23370629549037725,0.006690323969246881,chair,29.664236903190613,0,0,0,5,0,0,0,0,0,1.3907813354308018e-06,3.965432188124396e-05,3.2428849863208598e-06,0.9999556541442871,5.999823093414307,go_fast,go_fast,False,0.75,0.0,0.0,49.75056457519531,-0.13987688720226288,LANEFOLLOW,none,obstacle_detected,False,go,False,,False,
Object in Road,Chair,run_3,10,191464,0.5,0.2014345079660582,0.6454357505135275,chair,29.664223551750183,0,0,0,16,0,0,0,0,0,1.2163499150119605e-06,2.500833033991512e-05,2.8515735266410047e-06,0.9999709129333496,5.999884128570557,go_fast,go_fast,False,0.75,0.0,0.0,49.75056457519531,-0.13987688720226288,LANEFOLLOW,none,obstacle_detected,False,go,False,,False,
Object in Road,Chair,run_3,11,191465,0.55,0.6469161644451542,12.558804314765691,chair,29.651320338249207,0,0,0,14,0,0,0,0,0,1.3040479416304152e-06,2.8959300834685564e-05,2.0015045265608933e-06,0.9999676942825317,5.999870300292969,go_fast,go_fast,False,0.75,0.0,-0.5289999842643738,49.7376708984375,-0.1396361142396927,LANEFOLLOW,none,obstacle_detected,False,go,False,,False,47.899108980655136
Object in Road,Chair,run_3,12,191466,0.6000000000000001,1.3216160443974192,13.855380071275075,chair,29.59826362133026,0,0,0,7,0,0,0,0,0,1.2832101674575824e-06,4.5268294343259186e-05,1.8668443999558804e-06,0.9999516010284424,5.999805927276611,go_fast,go_fast,False,0.75,0.0,-0.4390000104904175,49.68476104736328,-0.06722522526979446,LANEFOLLOW,none,obstacle_detected,False,go,False,,False,22.817391210576588
Object in Road,Chair,run_3,13,191467,0.65,1.8447678579046969,10.806547106369727,chair,29.516823649406433,0,0,0,0,0,0,0,0,0,1.6736728412070079e-06,5.1100494601996616e-05,1.2532183291114052e-06,0.9999459981918335,5.999781608581543,go_fast,go_fast,False,0.75,0.0,-0.4410000145435333,49.60285186767578,0.21791096031665802,LANEFOLLOW,none,obstacle_detected,False,go,False,,False,16.378693582454837
Object in Road,Chair,run_3,14,191468,0.7000000000000001,2.2017819998975448,7.758297491356338,chair,29.41525161266327,0,32,0,0,0,0,0,0,0,1.0817625479830895e-06,2.964071973110549e-05,1.0892919135585544e-06,0.9999681711196899,5.999871730804443,go_fast,go_fast,False,0.75,0.0,-0.4399999976158142,49.495521545410156,0.7806090116500854,LANEFOLLOW,none,obstacle_detected,False,go,False,,False,13.84686585578162
Object in Road,Chair,run_3,15,191469,0.75,2.5099369904755577,6.9719696387733086,chair,29.299721598625183,11,0,0,41,0,0,0,0,0,1.3013157058594516e-06,4.736352639156394e-05,1.1072238521592226e-06,0.9999501705169678,5.9997992515563965,go_fast,go_fast,False,0.75,0.0,-0.43799999356269836,49.35858917236328,1.6455273628234863,LANEFOLLOW,none,obstacle_detected,False,go,False,,False,12.311384739331446
Object in Road,Chair,run_3,16,191470,0.8,2.7922052552008525,5.811785290483781,chair,29.17138946056366,19,0,0,28,0,0,0,0,0,2.62061780631484e-06,7.752525561954826e-05,1.9772633095271885e-06,0.9999178647994995,5.999668121337891,go_fast,go_fast,False,0.75,0.0,-0.4309999942779541,49.18449020385742,2.680511713027954,LANEFOLLOW,none,obstacle_detected,False,go,False,,False,11.10665519483651
Object in Road,Chair,run_3,17,191471,0.8500000000000001,3.074556479273177,5.792888127818359,chair,29.030407786369324,0,0,0,0,0,0,0,0,0,2.231207417935366e-06,7.762427412671968e-05,3.7615573091898113e-06,0.9999164342880249,5.999664783477783,go_fast,go_fast,False,0.75,0.0,-0.4309999942779541,48.96788787841797,3.8146305084228516,LANEFOLLOW,none,obstacle_detected,False,go,False,,False,10.115121467117026
Object in Road,Chair,run_3,18,191472,0.9,3.3387875411996224,5.446952576674701,chair,28.87754714488983,21,12,0,6,0,0,0,0,0,2.4201178803195944e-06,4.824153074878268e-05,2.9528248433052795e-06,0.9999463558197021,5.999783515930176,go_fast,go_fast,False,0.75,0.0,-0.4300000071525574,48.703765869140625,5.032272815704346,LANEFOLLOW,none,obstacle_detected,False,go,False,,False,9.339316458246314
Object in Road,Chair,run_3,19,191473,0.9500000000000001,3.5937345487113297,5.366424310422692,chair,28.713669657707214,2,5,0,43,0,0,0,0,0,3.863201527565252e-06,6.372718053171411e-05,3.1999679777072743e-06,0.9999291896820068,5.999711990356445,go_fast,go_fast,False,0.75,0.0,-0.4169999957084656,48.38621139526367,6.3318963050842285,LANEFOLLOW,none,obstacle_detected,False,go,False,,False,8.714805234447702
Object in Road,Chair,run_3,20,191474,1.0,3.838695793288291,5.087940414264924,chair,28.539435267448425,0,0,0,9,0,0,0,0,0,6.552087143063545e-06,7.150960300350562e-05,1.829221560001315e-06,0.999920129776001,5.999669075012207,go_fast,go_fast,False,0.75,0.0,-0.41600000858306885,48.01350784301758,7.6807780265808105,LANEFOLLOW,none,obstacle_detected,False,go,False,,False,8.178942290291836
Object in Road,Chair,run_3,21,191475,1.05,4.0762259824997935,5.1322086304947065,chair,28.35570228099823,0,14,0,0,0,0,0,0,0,4.251588961778907e-06,6.217896589078009e-05,2.5404883672308642e-06,0.9999309778213501,5.999718189239502,go_fast,go_fast,False,0.75,0.0,-0.4099999964237213,47.57940673828125,9.087986946105957,LANEFOLLOW,none,obstacle_detected,False,go,False,,False,7.744933557400455
Object in Road,Chair,run_3,22,191476,1.1,4.308272426722018,5.062846896880966,chair,28.163214564323425,0,8,0,0,0,0,0,0,0,1.6991417624012684e-06,3.6912126233801246e-05,1.7231150195584632e-06,0.9999597072601318,5.999837398529053,go_fast,go_fast,False,0.75,0.0,-0.41100001335144043,47.07979202270508,10.544687271118164,LANEFOLLOW,none,obstacle_detected,False,go,False,,False,7.37206494029872
Object in Road,Chair,run_3,23,191477,1.1500000000000001,4.532764694627783,5.1317641488719365,chair,27.962969660758972,0,0,0,47,0,0,0,0,0,1.0266294339089654e-06,1.2865322787547484e-05,1.5278800447049434e-06,0.999984622001648,5.999938011169434,go_fast,go_fast,False,0.75,0.0,-0.3919999897480011,46.50851058959961,12.052777290344238,LANEFOLLOW,none,obstacle_detected,False,go,False,,False,7.069621826624175
Object in Road,Chair,run_3,24,191478,1.2000000000000002,4.75971471301514,4.968762221841589,chair,27.755158305168152,14,0,0,52,0,0,0,0,0,2.3187013198366913e-07,5.76546017327928e-06,1.8443234921505791e-06,0.9999921321868896,5.999969959259033,go_fast,go_fast,False,0.75,0.0,-0.37599998712539673,45.87078094482422,13.569340705871582,LANEFOLLOW,none,obstacle_detected,False,go,False,,False,6.776229480967543
Object in Road,Chair,run_3,25,191479,1.25,4.9838226366190606,4.945940342075669,chair,27.540135264396667,0,0,0,0,0,0,0,0,0,2.2636133678588521e-07,3.692373184094322e-06,9.638995379646076e-07,0.9999951124191284,5.999980926513672,go_fast,go_fast,False,0.75,0.0,-0.3610000014305115,45.17097091674805,15.071609497070312,LANEFOLLOW,none,obstacle_detected,False,go,False,,False,6.517479681490559
Object in Road,Chair,run_3,26,191480,1.3,5.205279775920705,4.9588857256728405,chair,27.318533778190613,45,0,0,4,0,0,0,0,0,4.5835292894480517e-07,3.0957730814407114e-06,6.951245268282946e-07,0.9999957084655762,5.9999823570251465,go_fast,go_fast,False,0.75,0.0,-0.3449999988079071,44.41086196899414,16.552719116210938,LANEFOLLOW,none,obstacle_detected,False,go,False,,False,6.291528232850743
Object in Road,Chair,run_3,27,191481,1.35,5.391718876890334,4.235627106774511,chair,27.091174006462097,0,0,0,28,0,0,0,0,0,7.336244607358822e-07,3.938914233003743e-06,7.091827569638554e-07,0.9999946355819702,5.9999775886535645,go_fast,go_fast,False,0.75,0.0,-0.3190000057220459,43.59761428833008,17.995153427124023,LANEFOLLOW,none,obstacle_detected,False,go,False,,False,6.118121715784847
Object in Road,Chair,run_3,28,191482,1.4000000000000001,5.535715520930886,3.45643438121974,chair,26.861584544181824,0,0,0,0,0,0,0,0,0,5.564066327679029e-07,3.366016699146712e-06,4.365849122223153e-07,0.9999955892562866,5.99998140335083,go_fast,go_fast,False,0.75,0.0,-0.26899999380111694,42.74886703491211,19.37069320678711,LANEFOLLOW,none,obstacle_detected,False,go,False,,False,6.001712428264329
Object in Road,Chair,run_3,29,191483,1.4500000000000002,5.598418417621377,1.2649769995199425,chair,26.629826426506042,0,12,0,18,0,0,0,0,0,1.5583641470584553e-06,5.512459665624192e-06,6.591710643988336e-07,0.9999922513961792,5.999966144561768,go_fast,go_fast,False,0.75,0.0,-0.2290000021457672,41.92967987060547,20.556306838989258,LANEFOLLOW,none,obstacle_detected,False,go,False,,False,5.913416223790586
Object in Road,Chair,run_3,30,191484,1.5,5.712081719178967,2.5178477069425775,chair,26.39611327648163,0,0,0,5,0,0,0,0,0,4.5969300117576495e-06,4.890896889264695e-06,7.460255346813938e-07,0.9999897480010986,5.999950408935547,go_fast,go_fast,False,0.75,0.0,-0.19699999690055847,41.129798889160156,21.606670379638672,LANEFOLLOW,none,obstacle_detected,False,go,False,,False,5.81005543622594
Object in Road,Chair,run_3,31,191485,1.55,5.813161155684911,2.022763655099614,chair,26.16020095348358,0,0,0,52,0,0,0,0,0,7.848019777156878e-06,6.4971413848979864e-06,1.2055777460773243e-06,0.9999845027923584,5.9999237060546875,go_fast,go_fast,False,0.75,0.0,-0.15299999713897705,40.35886001586914,22.524980545043945,LANEFOLLOW,none,obstacle_detected,False,go,False,,False,5.687111134253089
Object in Road,Chair,run_3,32,191486,1.6,6.034098558213123,4.426782083666242,chair,25.919480204582214,0,0,0,26,0,0,0,0,0,7.928571903903503e-06,8.255064130935352e-06,1.516747374807892e-06,0.9999823570251465,5.99991512298584,go_fast,go_fast,False,0.0,0.0,-0.09600000083446503,39.62495803833008,23.310705184936523,LANEFOLLOW,none,obstacle_detected,False,go,False,,False,5.465057577731406
Object in Road,Chair,run_3,33,191487,1.6500000000000001,6.17348560338808,3.117065946628406,chair,25.671616435050964,20,0,0,55,0,0,0,0,0,1.0094027857121546e-05,1.0580044545349665e-05,2.056636958513991e-06,0.9999772310256958,5.9998908042907715,go_fast,go_fast,False,0.11164994537830353,0.0,-0.032999999821186066,38.98251724243164,23.887277603149414,LANEFOLLOW,none,obstacle_detected,False,go,False,,False,5.273154082968785
Object in Road,Chair,run_3,34,191488,1.7000000000000002,6.277003005111014,2.9181586294219666,chair,25.418694376945496,114,11,0,54,0,0,0,0,0,1.503772637079237e-05,1.6636597138131037e-05,3.06722949972027e-06,0.9999653100967407,5.9998345375061035,go_fast,go_fast,False,0.10539994388818741,0.0,0.017000000923871994,38.4534912109375,24.246431350708008,LANEFOLLOW,none,obstacle_detected,False,go,False,,False,5.099815709661611
Object in Road,Chair,run_3,35,191489,1.75,6.27464980636741,2.624319869650594,chair,25.16317069530487,160,110,0,60,0,0,0,0,0,1.1959620678680949e-05,1.4456383723882027e-05,3.72340036847163e-06,0.9999698400497437,5.999858856201172,go_fast,go_fast,False,0.09914994239807129,0.0,0.07800000160932541,38.05788040161133,24.378896713256836,LANEFOLLOW,none,obstacle_detected,False,go,False,,False,5.000858901586349
Object in Road,Chair,run_3,36,191490,1.8,6.269557899060423,3.4983788284215143,chair,24.905976176261902,67,113,0,30,0,0,0,0,0,1.2939318366989028e-05,1.5052288290462457e-05,2.943489789686282e-06,0.9999690055847168,5.999853134155273,go_fast,go_fast,False,0.09289994090795517,0.0,0.1379999965429306,37.8007698059082,24.288986206054688,LANEFOLLOW,none,obstacle_detected,False,go,False,,False,4.882911116093036
Object in Road,Chair,run_3,37,191491,1.85,6.192371258758535,4.181109852047607,chair,24.647896647453308,8,182,0,0,0,0,0,0,0,9.96416110865539e-06,1.3361755918595009e-05,1.4737673836862086e-06,0.9999752044677734,5.999882221221924,go_fast,go_fast,False,0.08664993941783905,0.0,0.1599999964237213,37.69126892089844,23.96619987487793,LANEFOLLOW,none,obstacle_detected,False,go,False,,False,4.814779599820573
Object in Road,Chair,run_3,38,191492,1.9000000000000001,6.13839000979185,4.2534745273529815,chair,24.38921058177948,0,198,0,0,0,0,0,0,0,3.2037869459600188e-06,1.0790767191792838e-05,1.8934115360025316e-06,0.9999841451644897,5.999931812286377,go_fast,go_fast,False,0.08039994537830353,0.0,0.19300000369548798,37.70425033569336,23.444190979003906,LANEFOLLOW,none,obstacle_detected,False,go,False,,False,4.726777488094985
Object in Road,Chair,run_3,39,191493,1.9500000000000002,6.030721326224253,4.019765751078442,chair,24.131117701530457,54,150,0,41,0,0,0,0,0,5.985135885566706e-06,1.9241830159444362e-05,3.1898448469291907e-06,0.9999716281890869,5.9998779296875,go_fast,go_fast,False,0.07414994388818741,0.0,0.2160000056028366,37.790260314941406,22.79370880126953,LANEFOLLOW,none,obstacle_detected,False,go,False,,False,4.70048913409792
Object in Road,Chair,run_3,40,191494,2.0,5.954497925170567,4.627029728166851,chair,23.873453974723816,104,183,0,49,0,0,0,0,0,5.534936462936457e-06,1.7421942175133154e-05,4.899203759123338e-06,0.9999721050262451,5.999882221221924,go_fast,go_fast,False,0.47957268357276917,0.0,0.24300000071525574,37.94025802612305,22.017993927001953,LANEFOLLOW,none,obstacle_detected,False,go,False,,False,4.631093085977778
Object in Road,Chair,run_3,41,191495,2.0500000000000003,5.83453957156724,4.178256250124969,chair,23.617031931877136,100,136,0,0,0,0,0,0,0,4.874212663708022e-06,1.991224598896224e-05,6.612272500206018e-06,0.9999686479568481,5.999871730804443,go_fast,go_fast,False,0.75,0.0,0.2630000114440918,38.12713623046875,21.15260887145996,LANEFOLLOW,none,obstacle_detected,False,go,False,,False,4.619611965108148
Object in Road,Chair,run_3,42,191496,2.1,5.777334959411077,4.840279603269711,chair,23.360758662223816,49,228,0,39,0,0,0,0,0,1.9217304725316353e-06,1.4975939848227426e-05,7.491937594750198e-06,0.9999755620956421,5.999905586242676,go_fast,go_fast,False,0.75,0.0,0.27300000190734863,38.351470947265625,20.181720733642578,LANEFOLLOW,none,obstacle_detected,False,go,False,,False,4.537010197048241
Object in Road,Chair,run_3,43,191497,2.15,5.731290873804271,3.3493449162817424,chair,23.103554606437683,69,166,0,0,0,0,0,0,0,1.15642592390941e-06,1.288143357669469e-05,7.74611544329673e-06,0.9999781847000122,5.999918460845947,go_fast,go_fast,False,0.75,0.0,0.2800000011920929,38.576759338378906,19.159130096435547,LANEFOLLOW,none,obstacle_detected,False,go,False,,False,4.477384176771328
Object in Road,Chair,run_3,44,191498,2.2,5.779501546882292,4.561457046641779,chair,22.842522501945496,32,217,0,0,0,0,0,0,0,1.0038181699201232e-06,8.336891369253863e-06,1.04544315036037e-05,0.9999802112579346,5.999929428100586,go_fast,go_fast,False,0.75,0.0,0.29499998688697815,38.79813766479492,18.07965850830078,LANEFOLLOW,none,obstacle_detected,False,go,False,,False,4.328670608271801
Object in Road,Chair,run_3,45,191499,2.25,5.834539400647805,3.5770345752977977,chair,22.575976252555847,43,188,0,0,0,0,0,0,0,1.5937854414005415e-06,8.667827387398575e-06,6.84726910549216e-06,0.9999828338623047,5.999934673309326,go_fast,go_fast,False,0.75,0.0,0.30000001192092896,39.00494384765625,16.953033447265625,LANEFOLLOW,none,obstacle_detected,False,go,False,,False,4.198538755716176
Object in Road,Chair,run_3,46,191500,2.3000000000000003,5.9679436843422655,5.33625542514241,chair,22.301541209220886,88,151,0,0,0,0,0,0,0,1.3046699223195901e-06,6.258887424337445e-06,5.696064818039304e-06,0.9999867677688599,5.999950408935547,go_fast,go_fast,False,0.3665412962436676,0.0,0.30300000309944153,39.19944381713867,15.75813102722168,LANEFOLLOW,none,obstacle_detected,False,go,False,,False,4.006208272832191
Object in Road,Chair,run_3,47,191501,2.35,6.077472168175688,3.916964538121831,chair,22.01858413219452,64,193,0,23,0,0,0,0,0,1.250809759767435e-06,3.81318136533082e-06,5.231017894402612e-06,0.9999897480010986,5.999961853027344,go_fast,go_fast,False,0.0,0.0,0.3059999942779541,39.36476135253906,14.522942543029785,LANEFOLLOW,none,obstacle_detected,False,go,False,,False,3.8567758922212483
Object in Road,Chair,run_3,48,191502,2.4000000000000004,6.174981931922831,4.96499982422105,chair,21.727869868278503,73,179,0,30,0,0,0,0,0,4.483966677071294e-06,3.6847191040578764e-06,3.2514303711650427e-06,0.9999885559082031,5.999948501586914,go_fast,go_fast,False,0.05055828019976616,0.0,0.30399999022483826,39.50180435180664,13.237903594970703,LANEFOLLOW,none,obstacle_detected,False,go,False,,False,3.7105127174344466
Object in Road,Chair,run_3,49,191503,2.45,6.173009361844512,3.0550280765141733,chair,21.433152079582214,67,131,0,19,0,0,0,0,0,2.8220897547726054e-06,2.3331153897743206e-06,3.065295686610625e-06,0.999991774559021,5.999964237213135,go_fast,go_fast,False,0.04430828243494034,0.0,0.2809999883174896,39.59700393676758,11.946769714355469,LANEFOLLOW,none,obstacle_detected,False,go,False,,False,3.642188183518021
Object in Road,Chair,run_3,50,191504,2.5,6.170798260371999,3.6457558691112166,chair,21.136502146720886,1403,207,0,17,0,0,0,0,0,5.109686753712595e-07,1.4825991456746124e-06,2.7175321974937106e-06,0.999995231628418,5.9999823570251465,go_fast,go_fast,False,0.03805828094482422,0.0,0.2680000066757202,39.643741607666016,10.681535720825195,LANEFOLLOW,none,obstacle_detected,False,go,False,,False,3.571782537227818
Object in Road,Chair,run_3,51,191505,2.5500000000000003,6.10231299555665,2.6260888276903875,chair,20.840195536613464,85,148,0,0,0,0,0,0,0,7.861987114665681e-07,3.1390329695568653e-06,1.2466060979932081e-05,0.999983549118042,5.999945163726807,go_fast,go_fast,False,0.03265833854675293,0.0,0.2669999897480011,39.63703536987305,9.48409366607666,LANEFOLLOW,none,obstacle_detected,False,go,False,,False,3.550632617856857
Object in Road,Chair,run_3,52,191506,2.6,6.049698604609055,3.924870103355407,chair,20.545113444328308,89,146,0,0,0,0,0,0,0,4.6121769514684274e-07,3.172000106133055e-06,1.1781826287915464e-05,0.999984622001648,5.999948978424072,go_fast,go_fast,False,0.03265833854675293,0.0,0.27300000190734863,39.592384338378906,8.31464958190918,LANEFOLLOW,none,obstacle_detected,False,go,False,,False,3.512402236099249
Object in Road,Chair,run_3,53,191507,2.6500000000000004,5.940001076777049,3.561704023712546,chair,20.252766489982605,68,235,0,6,0,0,0,0,0,3.143756828194455e-07,4.460692707652925e-06,4.940939834341407e-05,0.9999457597732544,5.9998321533203125,go_fast,go_fast,False,0.6229937076568604,0.0,0.25999999046325684,39.51436996459961,7.169551372528076,LANEFOLLOW,none,obstacle_detected,False,go,False,,False,3.514888991086593
Object in Road,Chair,run_3,54,191508,2.7,5.871499887535757,3.833078669283219,chair,19.963295817375183,67,166,0,9,0,0,0,0,0,4.880074016000435e-07,8.038447049329989e-06,0.00012987693480681628,0.9998615980148315,5.999575138092041,go_fast,go_fast,False,0.75,0.0,0.25200000405311584,39.406593322753906,6.038575649261475,LANEFOLLOW,none,obstacle_detected,False,go,False,,False,3.491768852285027
Object in Road,Chair,run_3,55,191509,2.75,5.779227581434769,2.881116577076405,chair,19.67689025402069,106,129,0,0,0,0,0,0,0,8.17125851426681e-07,8.821601113595534e-06,0.00011195970000699162,0.9998784065246582,5.999623775482178,go_fast,go_fast,False,0.75,0.0,0.2290000021457672,39.26545333862305,4.958517074584961,LANEFOLLOW,none,obstacle_detected,False,go,False,,False,3.4902995580864387
Object in Road,Chair,run_3,56,191510,2.8000000000000003,5.775266254814197,2.7912357967217782,chair,19.391510844230652,97,106,0,0,0,0,0,0,0,8.944081173467566e-07,9.18785372050479e-06,8.965012239059433e-05,0.999900221824646,5.999688625335693,go_fast,go_fast,False,0.75,0.0,0.22100000083446503,39.09114456176758,3.9442875385284424,LANEFOLLOW,none,obstacle_detected,False,go,False,,False,3.4350456123065296
Object in Road,Chair,run_3,57,191511,2.85,5.7827054007837795,1.7921179118128363,chair,19.105215907096863,164,161,0,25,0,0,0,0,0,2.0694906197604723e-06,1.0404311069578398e-05,0.00012186972890049219,0.9998656511306763,5.999580383300781,go_fast,go_fast,False,0.75,0.0,0.19699999690055847,38.88545608520508,3.0074799060821533,LANEFOLLOW,none,obstacle_detected,False,go,False,,False,3.376933038332959
Object in Road,Chair,run_3,58,191512,2.9000000000000004,5.882587821042371,2.9649352430423916,chair,18.81512153148651,361,103,0,56,0,0,0,0,0,4.2180467971775215e-06,2.799026515276637e-05,0.0006958510493859649,0.9992719292640686,5.997775077819824,go_fast,go_fast,False,0.6684014797210693,0.0,0.17399999499320984,38.65129852294922,2.1351847648620605,LANEFOLLOW,none,obstacle_detected,False,go,False,,False,3.2661881611368893
Object in Road,Chair,run_3,59,191513,2.95,5.9751954077483935,2.0453180087519813,chair,18.519722819328308,128,65,0,47,0,0,0,0,0,2.714854645091691e-06,1.3513038538803812e-05,5.687975499313325e-05,0.9999269247055054,5.999759197235107,go_fast,go_fast,False,0.19103598594665527,0.0,0.1420000046491623,38.39030456542969,1.3475062847137451,LANEFOLLOW,none,obstacle_detected,False,go,False,,False,3.1649308567457464
Object in Road,Chair,run_3,60,191514,3.0,6.114593405193964,2.9539784400604487,chair,18.217764735221863,96,122,0,60,0,0,0,0,0,3.547606866050046e-06,1.6167061403393745e-05,5.5580032494617626e-05,0.9999246597290039,5.999746799468994,go_fast,go_fast,False,0.015812017023563385,0.0,0.13300000131130219,38.10576629638672,0.6542928218841553,LANEFOLLOW,none,obstacle_detected,False,go,False,,False,3.042242952406476
Object in Road,Chair,run_3,61,191515,3.0500000000000003,6.1537223308387246,1.0457436819290835,chair,17.911471247673035,95,88,0,24,0,0,0,0,0,3.2694542824174277e-06,1.3243108696769923e-05,3.9217873563757166e-05,0.9999442100524902,5.999809265136719,go_fast,go_fast,False,0.05609837919473648,0.0,0.07900000363588333,37.80474090576172,0.03994476795196533,LANEFOLLOW,obstacle_detected,obstacle_detected,True,stop,False,,False,2.972447332268474
Object in Road,Chair,run_3,62,191516,3.1,6.179032143498424,0.6642974249130342,chair,17.603630900382996,109,169,0,0,0,0,0,0,0,1.355428480565024e-06,1.3789829608867876e-05,4.4304939365247265e-05,0.9999405145645142,5.9998040199279785,go_fast,go_fast,False,0.04984837770462036,0.0,0.07699999958276749,37.4940299987793,-0.44419732689857483,LANEFOLLOW,obstacle_detected,obstacle_detected,True,stop,False,,False,2.911001352778527
Object in Road,Chair,run_3,63,191517,3.1500000000000004,6.125209577909656,1.0876413769882072,chair,17.296847224235535,109,179,0,20,0,0,0,0,0,1.69199029187439e-06,6.2917365539760794e-06,1.0022231435868889e-05,0.9999819993972778,5.999934673309326,go_fast,go_fast,False,0.04359837621450424,0.0,0.125,37.18049621582031,-0.8276005983352661,LANEFOLLOW,obstacle_detected,obstacle_detected,True,stop,False,,False,2.8864046181881724
Object in Road,Chair,run_3,64,191518,3.2,6.082086996583965,2.8502213907675276,chair,16.992314219474792,79,98,0,17,0,0,0,0,0,2.2194356006366434e-06,9.917003808368463e-06,5.49555034012883e-06,0.9999823570251465,5.999930381774902,go_fast,go_fast,False,0.03734837844967842,0.0,0.15000000596046448,36.864444732666016,-1.2441201210021973,LANEFOLLOW,obstacle_detected,obstacle_detected,True,stop,False,,False,2.854504060668882
Object in Road,Chair,run_3,65,191519,3.25,5.976092376022968,3.296208401670582,chair,16.691723704338074,80,121,0,9,0,0,0,0,0,1.4855704648653045e-06,3.776760786422528e-05,1.953010905708652e-05,0.9999412298202515,5.999781131744385,go_fast,go_fast,False,0.2339070737361908,0.0,0.32899999618530273,36.54409408569336,-1.7452725172042847,LANEFOLLOW,obstacle_detected,obstacle_detected,True,stop,False,,False,2.85390685792729
Object in Road,Chair,run_3,66,191520,3.3000000000000003,5.878344777665958,6.105526093074599,chair,16.396082758903503,73,114,0,40,0,0,0,0,0,2.4210285118897445e-06,0.00014166059554554522,7.324178295675665e-05,0.9997827410697937,5.999199390411377,go_fast,go_fast,False,0.75,0.0,0.3779999911785126,36.212364196777344,-2.402515172958374,LANEFOLLOW,obstacle_detected,obstacle_detected,True,stop,False,,False,2.853722473858191
Object in Road,Chair,run_3,67,191521,3.35,5.73282213409767,7.289947130325042,chair,16.10787856578827,124,118,0,52,0,0,0,0,0,2.945118012576131e-06,6.873202073620632e-05,5.28746641066391e-05,0.9998754262924194,5.999548435211182,go_fast,go_fast,False,0.75,0.0,0.3919999897480011,35.852108001708984,-3.337819814682007,LANEFOLLOW,obstacle_detected,obstacle_detected,True,stop,False,,False,2.8881067476604003
Object in Road,Chair,run_3,68,191522,3.4000000000000004,5.661619695311225,7.735444377890181,chair,15.826830744743347,94,115,0,64,0,0,0,0,0,1.1491413715702947e-05,0.0003207468253094703,0.0008948835893534124,0.998772919178009,5.9959635734558105,go_fast,go_fast,False,0.75,0.0,0.40400001406669617,35.44195556640625,-4.537120342254639,LANEFOLLOW,obstacle_detected,obstacle_detected,True,stop,False,,False,2.901679864031567
Object in Road,Chair,run_3,69,191523,3.45,5.634648288876069,4.96179679285856,chair,15.550022006034851,86,139,0,86,0,0,0,0,0,2.449673502269434e-06,5.2293427870608866e-05,6.742285040672868e-05,0.9998778104782104,5.999573707580566,go_fast,go_fast,False,0.75,0.0,0.3779999911785126,34.97734451293945,-5.8364152908325195,LANEFOLLOW,obstacle_detected,obstacle_detected,True,stop,False,,False,2.891918083309206
Object in Road,Chair,run_3,70,191524,3.5,5.7132415865692865,5.398167441513193,chair,15.273791193962097,128,63,0,86,0,0,0,0,0,4.3728246055252384e-06,1.4610985999752302e-05,9.851586582954042e-06,0.9999711513519287,5.999885559082031,go_fast,go_fast,False,0.75,0.0,0.36500000953674316,34.457679748535156,-7.154765605926514,LANEFOLLOW,obstacle_detected,obstacle_detected,True,stop,False,,False,2.836732483871674
Object in Road,Chair,run_3,71,191525,3.5500000000000003,5.799192231997018,3.5091287680533703,chair,14.995820879936218,74,215,0,84,0,0,0,0,0,2.987643256346928e-06,8.81253981788177e-06,8.790702850092202e-07,0.9999873638153076,5.99994421005249,go_fast,go_fast,False,0.75,0.0,0.32899999618530273,33.890872955322266,-8.430852890014648,LANEFOLLOW,obstacle_detected,obstacle_detected,True,stop,False,,False,2.769726540317452
Object in Road,Chair,run_3,72,191526,3.6,5.964976206328086,4.882572230446464,chair,14.71381938457489,100,116,0,77,0,0,0,0,0,1.7626271073822863e-06,1.9283568235550774e-06,3.654542695130658e-07,0.9999959468841553,5.999980449676514,go_fast,go_fast,False,0.46664124727249146,0.0,0.2980000078678131,33.28216552734375,-9.646625518798828,LANEFOLLOW,obstacle_detected,obstacle_detected,True,stop,False,,False,2.6742656873648896
Object in Road,Chair,run_3,73,191527,3.6500000000000004,6.105246943223044,3.3026477478879976,chair,14.426771998405457,30,248,0,66,0,0,0,0,0,5.459353928927158e-07,1.237221681549272e-06,3.1150665336099337e-07,0.9999978542327881,5.999990463256836,go_fast,go_fast,False,0.0,0.0,0.24500000476837158,32.64748001098633,-10.763509750366211,LANEFOLLOW,obstacle_detected,obstacle_detected,True,stop,False,,False,2.581940581101494
Object in Road,Chair,run_3,74,191528,3.7,6.248167641320723,3.3695880380293026,chair,14.134915232658386,137,183,0,47,0,0,0,0,0,3.4956175909428566e-07,1.1543731943675084e-06,2.586413074823213e-07,0.9999982118606567,5.999992370605469,go_fast,go_fast,False,0.06168661266565323,0.0,0.16200000047683716,32.004940032958984,-11.756467819213867,LANEFOLLOW,obstacle_detected,obstacle_detected,True,stop,False,,False,2.4932489507757802
Object in Road,Chair,run_3,75,191529,3.75,6.2803147580559395,1.258865493229747,chair,13.84050738811493,84,302,0,51,0,0,0,0,0,6.607772320421645e-07,1.170060500044201e-06,3.198126705683535e-07,0.9999978542327881,5.999990463256836,go_fast,go_fast,False,0.05543661117553711,0.0,0.12700000405311584,31.397266387939453,-12.552091598510742,LANEFOLLOW,obstacle_detected,obstacle_detected,True,stop,False,,False,2.428914297135177
Object in Road,Chair,run_3,76,191530,3.8000000000000003,6.298677427039359,0.37058046636947783,chair,13.545827746391296,5,357,0,57,0,0,0,0,0,1.8297545523182634e-07,1.0873868632188533e-06,4.5159455908105883e-07,0.9999983310699463,5.999993324279785,go_fast,go_fast,False,0.04918660968542099,0.0,0.10000000149011612,30.842439651489258,-13.154118537902832,LANEFOLLOW,obstacle_detected,obstacle_detected,True,stop,False,,False,2.378527231424483
Object in Road,Chair,run_3,77,191531,3.85,6.240240947909621,1.225667603635323,chair,13.253540873527527,47,329,0,73,0,0,0,0,0,6.440092761295091e-07,1.4378842934092972e-06,2.623686441438622e-07,0.999997615814209,5.9999895095825195,go_fast,go_fast,False,0.043061695992946625,0.0,0.10400000214576721,30.334125518798828,-13.615128517150879,LANEFOLLOW,obstacle_detected,obstacle_detected,True,stop,False,,False,2.355277356526679
Object in Road,Chair,run_3,78,191532,3.9000000000000004,6.198200148633931,1.4530329300399285,chair,12.965303301811218,92,291,0,68,0,0,0,0,0,4.126521844227682e-07,1.0981246987284976e-06,3.747807681975246e-07,0.9999980926513672,5.9999918937683105,go_fast,go_fast,False,0.03951197862625122,0.0,0.06499999761581421,29.84852409362793,-14.008834838867188,LANEFOLLOW,obstacle_detected,obstacle_detected,True,stop,False,,False,2.3386502677397667
Object in Road,Chair,run_3,79,191533,3.95,6.097006868834686,2.0724329705526374,chair,12.682042956352234,31,413,0,78,0,0,0,0,0,5.547190653487633e-07,1.6023569742174004e-06,4.831927640225331e-07,0.9999973773956299,5.999989032745361,go_fast,go_fast,False,0.03838517516851425,0.0,0.041999999433755875,29.398088455200195,-14.318994522094727,LANEFOLLOW,obstacle_detected,obstacle_detected,True,stop,False,,False,2.3322634166709895
Object in Road,Chair,run_3,80,191534,4.0,6.029219096307037,1.4028646596126986,chair,12.403557658195496,22,417,0,80,0,0,0,0,0,2.663643954292638e-07,1.5910389947748627e-06,5.182444056117674e-07,0.999997615814209,5.999990463256836,go_fast,go_fast,False,0.03838517516851425,0.0,0.023000000044703484,28.99114418029785,-14.536600112915039,LANEFOLLOW,obstacle_detected,obstacle_detected,True,stop,False,,False,2.31443651557839
Object in Road,Chair,run_3,81,191535,4.05,5.904528527549792,2.5648059776646277,chair,12.13066279888153,18,562,0,81,0,0,0,0,0,4.108738380637078e-07,1.5416212590935174e-06,6.89879925630521e-07,0.9999973773956299,5.9999895095825195,go_fast,go_fast,False,0.6182774305343628,0.0,-0.017999999225139618,28.62420654296875,-14.677560806274414,LANEFOLLOW,obstacle_detected,obstacle_detected,True,stop,False,,False,2.317313915862783
Object in Road,Chair,run_3,82,191536,4.1000000000000005,5.824660312789531,2.299874797586097,chair,11.862555384635925,32,597,72,86,0,0,0,0,0,9.667662652645959e-07,1.6887626088646357e-06,1.3237096254670178e-06,0.9999960660934448,5.999983310699463,go_fast,go_fast,False,0.75,0.0,-0.050999999046325684,28.310585021972656,-14.719220161437988,LANEFOLLOW,obstacle_detected,obstacle_detected,True,stop,False,,False,2.2939973066101453
Object in Road,Chair,run_3,83,191537,4.15,5.717032179556901,2.8086161521519313,chair,11.598811984062195,24,601,68,77,0,0,0,0,0,1.0968107062581112e-06,2.1540104171435814e-06,1.0359536872783792e-06,0.9999957084655762,5.999981880187988,go_fast,go_fast,False,0.75,0.0,-0.09300000220537186,28.05074119567871,-14.66372299194336,LANEFOLLOW,obstacle_detected,obstacle_detected,True,stop,False,,False,2.2806664502600293
Object in Road,Chair,run_3,84,191538,4.2,5.697899222819442,2.8886210410398867,chair,11.336830973625183,69,638,38,81,0,0,0,0,0,1.6276654832836357e-06,1.717029022074712e-06,8.17605325664772e-07,0.9999958276748657,5.999980926513672,go_fast,go_fast,False,0.75,0.0,-0.1289999932050705,27.849546432495117,-14.497673034667969,LANEFOLLOW,obstacle_detected,obstacle_detected,True,stop,False,,False,2.223439280662939
Object in Road,Chair,run_3,85,191539,4.25,5.6899085590373,2.778768878774772,chair,11.074268221855164,56,654,0,65,0,0,0,0,0,1.7796974134398624e-06,1.53639132349781e-06,6.023736887073028e-07,0.9999960660934448,5.999980926513672,go_fast,go_fast,False,0.75,0.0,-0.16500000655651093,27.702070236206055,-14.22415542602539,LANEFOLLOW,obstacle_detected,obstacle_detected,True,stop,False,,False,2.163419794425094
Object in Road,Chair,run_3,86,191540,4.3,5.770673127669582,4.170303389154746,chair,10.807977557182312,28,664,0,58,0,0,0,0,0,1.4024617485119961e-06,1.6237561339949025e-06,6.816663358222286e-07,0.9999963045120239,5.999983310699463,go_fast,go_fast,False,0.75,0.0,-0.19200000166893005,27.60552978515625,-13.837201118469238,LANEFOLLOW,obstacle_detected,obstacle_detected,True,stop,False,,False,2.064205673679679
Object in Road,Chair,run_3,87,191541,4.3500000000000005,5.851483875147703,3.579653677842716,chair,10.536228060722351,12,632,0,81,0,0,0,0,0,1.0713748679336277e-06,2.1429898424685234e-06,6.843517326160509e-07,0.9999960660934448,5.9999823570251465,go_fast,go_fast,False,0.75,0.0,-0.21400000154972076,27.54498291015625,-13.355307579040527,LANEFOLLOW,obstacle_detected,obstacle_detected,True,stop,False,,False,1.9732196782796438
Object in Road,Chair,run_3,88,191542,4.4,6.004221389299478,5.145563406060545,chair,10.256815791130066,12,433,0,66,0,0,0,0,0,6.348663532662613e-07,2.1343389562389348e-06,7.116556730579759e-07,0.999996542930603,5.999985218048096,go_fast,go_fast,False,0.02044270932674408,0.0,-0.23199999332427979,27.511791229248047,-12.782079696655273,LANEFOLLOW,obstacle_detected,obstacle_detected,True,stop,False,,False,1.857651673582203
Object in Road,Chair,run_3,89,191543,4.45,6.125503076268281,4.068618025638258,chair,9.96917712688446,0,590,0,61,0,0,0,0,0,7.315049401768192e-07,1.8722042796071037e-06,7.866800615374814e-07,0.9999966621398926,5.999986171722412,go_fast,go_fast,False,0.030009876936674118,0.0,-0.24400000274181366,27.490352630615234,-12.139449119567871,LANEFOLLOW,obstacle_detected,obstacle_detected,True,stop,False,,False,1.7617973200045989
Object in Road,Chair,run_3,90,191544,4.5,6.222902140943613,4.633053003480373,chair,9.67449176311493,12,287,0,62,0,0,0,0,0,7.158502626225527e-07,4.646672550734365e-06,1.584454139447189e-06,0.999993085861206,5.999972343444824,go_fast,go_fast,False,0.04523996263742447,0.0,-0.25999999046325684,27.474872589111328,-11.433476448059082,LANEFOLLOW,obstacle_detected,obstacle_detected,True,stop,False,,False,1.6726794632848525
Object in Road,Chair,run_3,91,191545,4.55,6.214031069270655,3.2984822091688812,chair,9.376736521720886,0,515,0,64,0,0,0,0,0,5.202283546168474e-07,2.61270247392531e-06,7.332653808589384e-07,0.9999961853027344,5.9999847412109375,go_fast,go_fast,False,0.03898996114730835,0.0,-0.2680000066757202,27.45586395263672,-10.687736511230469,LANEFOLLOW,obstacle_detected,obstacle_detected,True,stop,False,,False,1.6177767399344711
Object in Road,Chair,run_3,92,191546,4.6000000000000005,6.199224931784905,4.472728126671096,chair,9.077936053276062,0,512,0,65,0,0,0,0,0,7.727970796622685e-07,2.0017514543724246e-06,6.2113997501001e-07,0.9999966621398926,5.999985694885254,go_fast,go_fast,False,0.03628861904144287,0.0,-0.2720000147819519,27.432769775390625,-9.901233673095703,LANEFOLLOW,obstacle_detected,obstacle_detected,True,stop,False,,False,1.5614801516703647
Object in Road,Chair,run_3,93,191547,4.65,6.120741133235303,3.459948914394904,chair,8.7801913022995,75,418,0,59,0,0,0,0,0,8.054524300860066e-07,1.8555031147116097e-06,5.045749844612146e-07,0.9999967813491821,5.999986171722412,go_fast,go_fast,False,0.03628861904144287,0.0,-0.25999999046325684,27.393966674804688,-9.10554027557373,LANEFOLLOW,obstacle_detected,obstacle_detected,True,stop,False,,False,1.5259370857746544
Object in Road,Chair,run_3,94,191548,4.7,6.066222697018127,3.926897592293305,chair,8.484176516532898,4,714,0,53,0,0,0,0,0,2.4136224965332076e-05,9.000862064567627e-07,5.640787890115462e-07,0.9999743700027466,5.999849796295166,go_fast,go_fast,False,0.03628861904144287,0.0,-0.2709999978542328,27.33616828918457,-8.311206817626953,LANEFOLLOW,obstacle_detected,obstacle_detected,True,stop,False,,False,1.4829421419936026
Object in Road,Chair,run_3,95,191549,4.75,5.9541798005706426,3.7066215900005774,chair,8.191248774528503,169,449,0,34,0,0,0,0,0,4.257604473423271e-07,1.3137389487383189e-06,4.531089814463485e-07,0.9999978542327881,5.999990940093994,go_fast,go_fast,False,0.5342703461647034,0.0,-0.2619999945163727,27.258399963378906,-7.527053356170654,LANEFOLLOW,obstacle_detected,obstacle_detected,True,stop,False,,False,1.4563159233942071
Object in Road,Chair,run_3,96,191550,4.800000000000001,5.88343649991794,4.030379817767229,chair,7.901456713676453,20,666,0,52,0,0,0,0,0,1.9546148450899636e-06,7.024270871625049e-07,4.965212383467588e-07,0.9999969005584717,5.999984264373779,go_fast,go_fast,False,0.75,0.0,-0.24400000274181366,27.163898468017578,-6.743120193481445,LANEFOLLOW,obstacle_detected,obstacle_detected,True,stop,False,,False,1.418345231748731
Object in Road,Chair,run_3,97,191551,4.8500000000000005,5.793114573979888,2.6836644830718455,chair,7.614848494529724,80,546,0,75,0,0,0,0,0,4.2740493881865405e-06,4.842834187002154e-07,4.6839446099511406e-07,0.9999947547912598,5.99997091293335,go_fast,go_fast,False,0.75,0.0,-0.22499999403953552,27.043649673461914,-5.999593734741211,LANEFOLLOW,obstacle_detected,obstacle_detected,True,stop,False,,False,1.3884201493932935
Object in Road,Chair,run_3,98,191552,4.9,5.789561682957713,2.76857133393273,chair,7.3293198347091675,184,614,0,63,0,0,0,0,0,7.370367529802024e-05,6.977744533287478e-07,6.96763606811146e-07,0.999924898147583,5.9995527267456055,go_fast,go_fast,False,0.75,0.0,-0.20600000023841858,26.89674186706543,-5.305251121520996,LANEFOLLOW,obstacle_detected,obstacle_detected,True,stop,False,,False,1.336603185059641
Object in Road,Chair,run_3,99,191553,4.95,5.799690069177421,1.4042208836338759,chair,7.042871832847595,18,829,0,50,0,0,0,0,0,0.012449293397367,3.3600574624870205e-06,4.8375136429967824e-06,0.9875425100326538,5.925276279449463,go_fast,go_fast,False,0.7236006259918213,0.0,-0.20200000703334808,26.72171974182129,-4.676234245300293,LANEFOLLOW,obstacle_detected,obstacle_detected,True,stop,False,,False,1.2836360623692862
Object in Road,Chair,run_3,100,191554,5.0,5.895270727829625,3.2758538474074372,chair,6.752708315849304,475,263,0,46,0,0,0,0,0,0.019788028672337532,3.6079172787140124e-06,3.4207646422146354e-06,0.9802049994468689,5.881247520446777,go_fast,go_fast,False,0.0,0.0,-0.18799999356269836,26.52510643005371,-4.078959941864014,LANEFOLLOW,obstacle_detected,obstacle_detected,True,stop,False,,False,1.211305037060267
Object in Road,Chair,run_3,101,191555,5.050000000000001,5.973301675922175,2.092878813359264,chair,6.45763623714447,130,799,0,47,0,0,0,0,0,0.9390850067138672,2.516986569389701e-05,5.067545771453297e-06,0.0608847476541996,0.0,stop,go_fast,True,0.0,1.0,-0.16599999368190765,26.307226181030273,-3.5155975818634033,LANEFOLLOW,obstacle_detected,obstacle_detected,True,stop,True,True,False,1.1452298731180628
Object in Road,Chair,run_3,102,191556,5.1000000000000005,6.030966453433358,2.0512397536915667,chair,6.158528685569763,207,798,0,40,0,0,0,0,0,0.9980127811431885,1.1708228157658596e-05,9.22371043543535e-07,0.0019746306352317333,0.0,stop,stop,False,0.0,1.0,-0.17399999499320984,26.070026397705078,-2.992933750152588,LANEFOLLOW,obstacle_detected,obstacle_detected,True,stop,True,True,False,1.083765385203642
Object in Road,Chair,run_3,103,191557,5.15,5.9532119427184265,2.1805181008435124,chair,5.86044442653656,276,986,0,30,0,0,0,0,0,0.9982362985610962,1.4320095033326652e-05,5.285966722112789e-07,0.001748982584103942,0.0,stop,stop,False,0.0,1.0,-0.16899999976158142,25.821805953979492,-2.499668598175049,LANEFOLLOW,obstacle_detected,obstacle_detected,True,stop,True,True,False,1.0471581885459722
Object in Road,Chair,run_3,104,191558,5.2,5.865147773065773,2.848746728430983,chair,5.566430449485779,878,604,0,38,0,0,0,0,0,0.9902555346488953,2.1269106582622044e-05,2.2242139152695017e-07,0.009723003953695297,0.0,stop,stop,False,0.0,1.0,-0.17000000178813934,25.568218231201172,-2.0207369327545166,LANEFOLLOW,obstacle_detected,obstacle_detected,True,stop,True,True,False,1.0118838579048823
Object in Road,Chair,run_3,105,191559,5.25,5.679562879601328,3.9743002517896144,chair,5.279447436332703,632,1008,0,34,0,0,0,0,0,0.9996557235717773,7.818774065526668e-06,1.456429856716568e-07,0.0003362754068803042,0.0,stop,stop,False,0.0,1.0,-0.17299999296665192,25.311664581298828,-1.5739227533340454,LANEFOLLOW,obstacle_detected,obstacle_detected,True,stop,True,True,False,0.9940235848511111
Object in Road,Chair,run_3,106,191560,5.300000000000001,4.473618101951538,24.138194203717124,chair,5.030087828636169,490,1500,0,23,0,0,0,0,0,0.9997511506080627,4.5493266043195035e-06,9.695099834061693e-08,0.0002441897813696414,0.0,stop,stop,False,0.0,1.0,-0.1599999964237213,25.085325241088867,-1.1327186822891235,LANEFOLLOW,obstacle_detected,obstacle_detected,True,stop,True,True,False,1.2059625274336565
Object in Road,Chair,run_3,107,191561,5.3500000000000005,3.1300416305611956,26.878211283377812,chair,4.847543120384216,225,1472,0,22,0,0,0,0,0,0.9997914433479309,6.772171673219418e-06,7.793443046466564e-08,0.00020162854343652725,0.0,stop,stop,False,0.0,1.0,-0.3100000023841858,24.91423988342285,-0.8331568241119385,LANEFOLLOW,obstacle_detected,obstacle_detected,True,stop,True,True,False,1.6650502664793299
Object in Road,Chair,run_3,108,191562,5.4,1.788131879708043,26.874610633878156,chair,4.731896281242371,15,1575,0,18,0,0,0,0,0,0.9951452612876892,4.789060039911419e-05,2.444156166347966e-07,0.004806536249816418,0.0,stop,stop,False,0.0,1.0,-0.49399998784065247,24.804279327392578,-0.638436496257782,LANEFOLLOW,obstacle_detected,obstacle_detected,True,stop,True,True,False,2.8495732935874734
Object in Road,Chair,run_3,109,191563,5.45,0.45959463613832774,26.584103861067437,chair,4.68294370174408,24,1579,0,38,0,0,0,0,0,0.9981616139411926,2.5906923838192597e-05,1.7954769759853662e-07,0.0018122318433597684,0.0,stop,stop,False,0.0,1.0,-0.4729999899864197,24.757722854614258,-0.539945125579834,LANEFOLLOW,obstacle_detected,obstacle_detected,True,stop,True,True,False,10.997477428202256
Object in Road,Chair,run_3,110,191564,5.5,0.0006688583067878781,9.196618676397584,chair,4.680853724479675,38,1621,0,38,0,0,0,0,0,0.9984461665153503,2.1219941118033603e-05,1.3754180372416158e-07,0.0015325655695050955,0.0,stop,stop,False,0.0,1.0,0.0010000000474974513,24.755691528320312,-0.5368832945823669,LANEFOLLOW,obstacle_detected,obstacle_detected,True,stop,True,True,False,
Object in Road,Chair,run_3,111,191565,5.550000000000001,0.0007817412384708407,0.0060859459303212685,chair,4.68064820766449,44,1617,0,39,0,0,0,0,0,0.9986898303031921,1.8895016182796098e-05,1.2104196400741785e-07,0.0012911130907014012,0.0,stop,stop,False,0.0,1.0,-0.0820000022649765,24.7554874420166,-0.5368377566337585,LANEFOLLOW,obstacle_detected,obstacle_detected,True,stop,True,True,False,
Object in Road,Chair,run_3,112,191566,5.6000000000000005,0.0006975382300956863,0.006122174783327996,chair,4.680393099784851,88,1620,0,38,0,0,0,0,0,0.9987398982048035,1.837292074924335e-05,1.1231343677309269e-07,0.0012417095713317394,0.0,stop,stop,False,0.0,1.0,-0.07599999755620956,24.755233764648438,-0.5367960333824158,LANEFOLLOW,obstacle_detected,obstacle_detected,True,stop,True,True,False,
Object in Road,Chair,run_3,113,191567,5.65,0.0005841361376247683,0.0023385704505963062,chair,4.680167078971863,93,1564,0,37,0,0,0,0,0,0.9987426400184631,1.7793501683627255e-05,1.0812712503138755e-07,0.0012395778903737664,0.0,stop,stop,False,0.0,1.0,-0.07000000029802322,24.755008697509766,-0.5367701649665833,LANEFOLLOW,obstacle_detected,obstacle_detected,True,stop,True,True,False,
Object in Road,Chair,run_3,114,191568,5.7,0.00045629056406675466,0.0025671417409033367,chair,4.679985404014587,63,1613,0,44,0,0,0,0,0,0.9990677237510681,1.566808350617066e-05,1.0239899239650185e-07,0.0009164917282760143,0.0,stop,stop,False,0.0,1.0,-0.06400000303983688,24.75482749938965,-0.5367453694343567,LANEFOLLOW,obstacle_detected,obstacle_detected,True,stop,True,True,False,
Object in Road,Chair,run_3,115,191569,5.75,0.00034475845544916126,0.0022419387762380918,chair,4.6798471212387085,109,1588,0,47,0,0,0,0,0,0.9992164373397827,1.2706614143098705e-05,8.480824220669092e-08,0.0007706209435127676,0.0,stop,stop,False,0.0,1.0,-0.05900000035762787,24.754690170288086,-0.5367286205291748,LANEFOLLOW,obstacle_detected,obstacle_detected,True,stop,True,True,False,
Object in Road,Chair,run_3,116,191570,5.800000000000001,0.0002555037315574495,0.0017992357621396317,chair,4.679742217063904,73,1574,0,44,0,0,0,0,0,0.9990002512931824,1.4707089576404542e-05,8.842285126320348e-08,0.000985021935775876,0.0,stop,stop,False,0.0,1.0,-0.05400000140070915,24.75458526611328,-0.5367146134376526,LANEFOLLOW,obstacle_detected,obstacle_detected,True,stop,True,True,False,
Object in Road,Chair,run_3,117,191571,5.8500000000000005,0.00018891907318088676,0.0013429728990838727,chair,4.679664492607117,43,1622,0,44,0,0,0,0,0,0.9987266659736633,1.6505009625689127e-05,1.0137601691440068e-07,0.0012566221412271261,0.0,stop,stop,False,0.0,1.0,-0.05000000074505806,24.754507064819336,-0.5367066860198975,LANEFOLLOW,obstacle_detected,obstacle_detected,True,stop,True,True,False,
Object in Road,Chair,run_3,118,191572,5.9,5.067455517377758e-05,0.002808113055563507,chair,4.679624438285828,72,1602,0,42,0,0,0,0,0,0.9989778995513916,1.4686745998915285e-05,8.992711997279912e-08,0.0010073238518089056,0.0,stop,stop,False,0.0,1.0,-0.04699999839067459,24.754467010498047,-0.5367045998573303,LANEFOLLOW,obstacle_detected,obstacle_detected,True,stop,True,True,False,
Object in Road,Chair,run_3,119,191573,5.95,8.712492590293665e-05,0.000738969346770542,chair,4.679593920707703,37,1611,0,46,0,0,0,0,0,0.9990466237068176,1.607844933460001e-05,9.757923180586658e-08,0.0009371574269607663,0.0,stop,stop,False,0.0,1.0,-0.04399999976158142,24.754436492919922,-0.5366993546485901,LANEFOLLOW,obstacle_detected,obstacle_detected,True,stop,True,True,False,
Object in Road,Chair,run_3,120,191574,6.0,8.318902503726572e-05,0.00012217391133953386,chair,4.679561018943787,51,1599,0,42,0,0,0,0,0,0.9987794756889343,1.9225986761739478e-05,1.1678566380624034e-07,0.001201268401928246,0.0,stop,stop,False,0.0,1.0,-0.04100000113248825,24.754404067993164,-0.5366979241371155,LANEFOLLOW,obstacle_detected,obstacle_detected,True,stop,True,True,False,
Object in Road,Chair,run_3,121,191575,6.050000000000001,6.927546069546897e-05,0.00028397188273705803,chair,4.679532408714294,43,1595,0,41,0,0,0,0,0,0.9985472559928894,1.9617120415205136e-05,1.2202531252114568e-07,0.0014329188270494342,0.0,stop,stop,False,0.0,1.0,-0.039000000804662704,24.754375457763672,-0.5366929769515991,LANEFOLLOW,obstacle_detected,obstacle_detected,True,stop,True,True,False,
Object in Road,Chair,run_3,122,191576,6.1000000000000005,5.438750399609113e-05,0.0002983563423098637,chair,4.679509520530701,54,1603,0,38,0,0,0,0,0,0.9988862872123718,1.646604505367577e-05,1.0752030732419371e-07,0.0010971653973683715,0.0,stop,stop,False,0.0,1.0,-0.03700000047683716,24.754352569580078,-0.5366920828819275,LANEFOLLOW,obstacle_detected,obstacle_detected,True,stop,True,True,False,
Object in Road,Chair,run_3,123,191577,6.15,4.166194926728109e-05,0.0002549682133689365,chair,4.679492354393005,54,1598,0,38,0,0,0,0,0,0.9987505674362183,1.8198312318418175e-05,1.1588419113195414e-07,0.0012310560559853911,0.0,stop,stop,False,0.0,1.0,-0.03500000014901161,24.754335403442383,-0.5366913676261902,LANEFOLLOW,obstacle_detected,obstacle_detected,True,stop,True,True,False,
Object in Road,Chair,run_3,124,191578,6.2,3.109739282309436e-05,0.00021358834895694154,chair,4.679479479789734,59,1592,0,38,0,0,0,0,0,0.9989113807678223,1.7145855963462964e-05,1.0530404637165702e-07,0.001071323873475194,0.0,stop,stop,False,0.0,1.0,-0.032999999821186066,24.754323959350586,-0.536690890789032,LANEFOLLOW,obstacle_detected,obstacle_detected,True,stop,True,True,False,
Object in Road,Chair,run_3,125,191579,6.25,2.3036582574762592e-05,0.00016132726683290376,chair,4.679469466209412,71,1607,0,39,0,0,0,0,0,0.9989656209945679,1.6094263628474437e-05,1.0114202098066016e-07,0.0010182351106777787,0.0,stop,stop,False,0.0,1.0,-0.029999999329447746,24.754314422607422,-0.5366829633712769,LANEFOLLOW,obstacle_detected,obstacle_detected,True,stop,True,True,False,
Object in Road,Chair,run_3,126,191580,6.300000000000001,1.7268639136511797e-05,0.00011725251856617769,chair,4.679462313652039,85,1631,0,40,0,0,0,0,0,0.9989359974861145,1.5974699635989964e-05,1.0602392563896501e-07,0.0010478795738890767,0.0,stop,stop,False,0.0,1.0,-0.02800000086426735,24.75430679321289,-0.5366827249526978,LANEFOLLOW,obstacle_detected,obstacle_detected,True,stop,True,True,False,
Object in Road,Chair,run_3,127,191581,6.3500000000000005,7.720773275680817e-06,0.00021390345882909534,chair,4.679460406303406,35,1634,0,41,0,0,0,0,0,0.9989712238311768,1.654542938922532e-05,1.0700038188815597e-07,0.0010121529921889305,0.0,stop,stop,False,0.0,1.0,-0.02199999988079071,24.754304885864258,-0.5366829037666321,LANEFOLLOW,obstacle_detected,obstacle_detected,True,stop,True,True,False,
Object in Road,Chair,run_3,128,191582,6.4,8.46066358350885e-06,1.806100465898993e-05,chair,4.67945659160614,43,1621,0,42,0,0,0,0,0,0.9990621209144592,1.486996825406095e-05,1.0510019876619481e-07,0.0009228286216966808,0.0,stop,stop,False,0.0,1.0,-0.010999999940395355,24.754301071166992,-0.5366831421852112,LANEFOLLOW,obstacle_detected,obstacle_detected,True,stop,True,True,False,
Object in Road,Chair,run_3,129,191583,6.45,6.946708510265904e-06,3.567922855759029e-05,chair,4.679453253746033,42,1603,0,38,0,0,0,0,0,0.998946487903595,1.5015014469099697e-05,1.0456857779672646e-07,0.001038460060954094,0.0,stop,stop,False,0.0,1.0,0.0,24.754297256469727,-0.5366833209991455,LANEFOLLOW,obstacle_detected,obstacle_detected,True,stop,True,True,False,
Object in Road,Chair,run_3,130,191584,6.5,5.811084387797941e-06,3.106553697198063e-05,chair,4.6794503927230835,78,1624,0,38,0,0,0,0,0,0.9987562894821167,1.6262163626379333e-05,1.0262786531711754e-07,0.0012272276217117906,0.0,stop,stop,False,0.0,1.0,0.0,24.754295349121094,-0.5366833209991455,LANEFOLLOW,obstacle_detected,obstacle_detected,True,stop,True,True,False,
Object in Road,Chair,run_3,131,191585,6.550000000000001,4.269793466701331e-06,3.1826728318420544e-05,chair,4.679448485374451,45,1644,0,38,0,0,0,0,0,0.998461127281189,1.9421764591243118e-05,1.1545806444246409e-07,0.0015193846775218844,0.0,stop,stop,False,0.0,1.0,0.0,24.75429344177246,-0.5366833209991455,LANEFOLLOW,obstacle_detected,obstacle_detected,True,stop,True,True,False,
Object in Road,Chair,run_3,132,191586,6.6000000000000005,3.474295539367183e-06,2.081790793658398e-05,chair,4.679447054862976,57,1631,0,38,0,0,0,0,0,0.998646080493927,1.976650491997134e-05,1.2694093243226234e-07,0.0013340903678908944,0.0,stop,stop,False,0.0,1.0,0.0,24.754291534423828,-0.5366832613945007,LANEFOLLOW,obstacle_detected,obstacle_detected,True,stop,True,True,False,
Object in Road,Chair,run_3,133,191587,6.65,2.6112793583420177e-06,1.7271573513812912e-05,chair,4.6794456243515015,39,1604,0,38,0,0,0,0,0,0.998837411403656,2.020663487201091e-05,1.336867825330046e-07,0.0011422429233789444,0.0,stop,stop,False,0.0,1.0,0.0,24.754289627075195,-0.5366832613945007,LANEFOLLOW,obstacle_detected,obstacle_detected,True,stop,True,True,False,
Object in Road,Chair,run_3,134,191588,6.7,2.047292477503167e-06,1.186122325800611e-05,chair,4.6794456243515015,75,1603,0,38,0,0,0,0,0,0.9989032745361328,1.5479276044061407e-05,9.940834644339702e-08,0.0010811018291860819,0.0,stop,stop,False,0.0,1.0,0.0,24.754289627075195,-0.5366832613945007,LANEFOLLOW,obstacle_detected,obstacle_detected,True,stop,True,True,False,
Object in Road,Chair,run_3,135,191589,6.75,0.0,4.094584905511806e-05,chair,4.6794456243515015,38,1611,0,38,0,0,0,0,0,0.9988923668861389,1.6169620721484534e-05,1.0544936657197468e-07,0.0010913261212408543,0.0,stop,stop,False,0.0,1.0,0.0,24.754289627075195,-0.5366832613945007,LANEFOLLOW,obstacle_detected,obstacle_detected,True,stop,True,True,False,
Object in Road,Chair,run_3,136,191590,6.800000000000001,0.0,0.0,chair,4.6794456243515015,65,1571,0,38,0,0,0,0,0,0.9988693594932556,1.7323776773991995e-05,1.1315114534227178e-07,0.0011132213985547423,0.0,stop,stop,False,0.0,1.0,0.0,24.754289627075195,-0.5366832613945007,LANEFOLLOW,obstacle_detected,obstacle_detected,True,stop,True,True,False,
Object in Road,Chair,run_3,137,191591,6.8500000000000005,0.0,0.0,chair,4.6794456243515015,67,1608,0,44,0,0,0,0,0,0.9989509582519531,1.4215288501873147e-05,9.310254256433836e-08,0.0010347100906074047,0.0,stop,stop,False,0.0,1.0,0.0,24.754289627075195,-0.5366832613945007,LANEFOLLOW,obstacle_detected,obstacle_detected,True,stop,True,True,False,
Object in Road,Chair,run_3,138,191592,6.9,0.0,0.0,chair,4.6794456243515015,54,1631,0,43,0,0,0,0,0,0.9989128112792969,1.3672221939486917e-05,9.430283398614847e-08,0.0010733830276876688,0.0,stop,stop,False,0.0,1.0,0.0,24.754289627075195,-0.5366832613945007,LANEFOLLOW,obstacle_detected,obstacle_detected,True,stop,True,True,False,
Object in Road,Chair,run_3,139,191593,6.95,0.0,0.0,chair,4.6794456243515015,57,1613,0,41,0,0,0,0,0,0.9989424347877502,1.5165397599048447e-05,1.0195741850793638e-07,0.0010422925697639585,0.0,stop,stop,False,0.0,1.0,0.0,24.754289627075195,-0.5366832613945007,LANEFOLLOW,obstacle_detected,obstacle_detected,True,stop,True,True,False,
Object in Road,Chair,run_3,140,191594,7.0,0.0,0.0,chair,4.6794456243515015,63,1620,0,41,0,0,0,0,0,0.9991186261177063,1.4335117157315835e-05,9.124694599904615e-08,0.000866983609739691,0.0,stop,stop,False,0.0,1.0,0.0,24.754289627075195,-0.5366832613945007,LANEFOLLOW,obstacle_detected,obstacle_detected,True,stop,True,True,False,
Object in Road,Chair,run_3,141,191595,7.050000000000001,0.0,0.0,chair,4.6794456243515015,78,1596,0,43,0,0,0,0,0,0.998749852180481,1.811546098906547e-05,1.1804942090520854e-07,0.0012319659581407905,0.0,stop,stop,False,0.0,1.0,0.0,24.754289627075195,-0.5366832613945007,LANEFOLLOW,obstacle_detected,obstacle_detected,True,stop,True,True,False,
Object in Road,Chair,run_3,142,191596,7.1000000000000005,0.0,0.0,chair,4.6794456243515015,61,1648,0,41,0,0,0,0,0,0.9988976716995239,1.9301456632092595e-05,1.4265960146531143e-07,0.0010828643571585417,0.0,stop,stop,False,0.0,1.0,0.0,24.754289627075195,-0.5366832613945007,LANEFOLLOW,obstacle_detected,obstacle_detected,True,stop,True,True,False,
Object in Road,Chair,run_3,143,191597,7.15,0.0,0.0,chair,4.6794456243515015,42,1611,0,41,0,0,0,0,0,0.9987305998802185,2.1133821064722724e-05,1.4891267596794933e-07,0.0012481363955885172,0.0,stop,stop,False,0.0,1.0,0.0,24.754289627075195,-0.5366832613945007,LANEFOLLOW,obstacle_detected,obstacle_detected,True,stop,True,True,False,
Object in Road,Chair,run_3,144,191598,7.2,0.0,0.0,chair,4.6794456243515015,55,1585,0,38,0,0,0,0,0,0.9986348748207092,2.0101335394429043e-05,1.321839135925984e-07,0.0013448509853333235,0.0,stop,stop,False,0.0,1.0,0.0,24.754289627075195,-0.5366832613945007,LANEFOLLOW,obstacle_detected,obstacle_detected,True,stop,True,True,False,
Object in Road,Chair,run_3,145,191599,7.25,0.0,0.0,chair,4.6794456243515015,39,1601,0,42,0,0,0,0,0,0.9988018274307251,1.6524363672942854e-05,1.1017629475418289e-07,0.0011814996832981706,0.0,stop,stop,False,0.0,1.0,0.0,24.754289627075195,-0.5366832613945007,LANEFOLLOW,obstacle_detected,obstacle_detected,True,stop,True,True,False,
Object in Road,Chair,run_3,146,191600,7.300000000000001,0.0,0.0,chair,4.6794456243515015,56,1596,0,39,0,0,0,0,0,0.998734176158905,1.591759610164445e-05,1.0669338479374346e-07,0.0012497130082920194,0.0,stop,stop,False,0.0,1.0,0.0,24.754289627075195,-0.5366832613945007,LANEFOLLOW,obstacle_detected,obstacle_detected,True,stop,True,True,False,
Object in Road,Chair,run_3,147,191601,7.3500000000000005,0.0,0.0,chair,4.6794456243515015,85,1634,0,38,0,0,0,0,0,0.9988534450531006,1.603742566658184e-05,1.0873685596379801e-07,0.001130330958403647,0.0,stop,stop,False,0.0,1.0,0.0,24.754289627075195,-0.5366832613945007,LANEFOLLOW,obstacle_detected,obstacle_detected,True,stop,True,True,False,
Object in Road,Chair,run_3,148,191602,7.4,0.0,0.0,chair,4.6794456243515015,86,1641,0,40,0,0,0,0,0,0.9989192485809326,1.3579138794739265e-05,9.414044654931786e-08,0.0010671387426555157,0.0,stop,stop,False,0.0,1.0,0.0,24.754289627075195,-0.5366832613945007,LANEFOLLOW,obstacle_detected,obstacle_detected,True,stop,True,True,False,
Object in Road,Chair,run_3,149,191603,7.45,0.0,0.0,chair,4.6794456243515015,52,1607,0,41,0,0,0,0,0,0.998566210269928,1.6606320059509017e-05,1.0444387754660056e-07,0.0014170657377690077,0.0,stop,stop,False,0.0,1.0,0.0,24.754289627075195,-0.5366832613945007,LANEFOLLOW,obstacle_detected,obstacle_detected,True,stop,True,True,False,
Object in Road,Pedestrian in Red,run_1,0,199816,0.0,1.9600002765655518,9.800003051757812,pedestrian in red,29.844944402575493,116,0,0,59,0,0,0,0,0,6.172571715978847e-07,0.00020199226855766028,2.3021866581984796e-06,0.999795138835907,5.999181747436523,go_fast,stop,True,0.75,0.0,0.0,49.75056457519531,-0.13987688720226288,LANEFOLLOW,none,none,True,go,False,,False,
Object in Road,Pedestrian in Red,run_1,5,199821,0.25,0.11209821701050988,12.519777298004447,pedestrian in red,29.857069417834282,108,0,0,72,0,0,0,0,0,2.661776989043574e-06,4.1805662476690486e-05,2.459509687469108e-06,0.999953031539917,5.999809265136719,go_fast,go_fast,False,0.75,0.0,0.0,49.75056457519531,-0.13987688720226288,LANEFOLLOW,none,none,True,go,False,,False,
Object in Road,Pedestrian in Red,run_1,10,199826,0.5,0.16076517105112245,0.8133867383161851,pedestrian in red,29.855566427111626,118,0,0,44,0,0,0,0,0,1.2023378985759337e-06,2.9070230084471405e-05,2.9334703413042007e-06,0.9999667406082153,5.9998674392700195,go_fast,go_fast,False,0.75,0.0,0.0,49.75056457519531,-0.13987688720226288,LANEFOLLOW,none,none,True,go,False,,False,
Object in Road,Pedestrian in Red,run_1,15,199831,0.75,2.568322561305926,6.656513628995675,pedestrian in red,29.485918447375298,94,0,0,82,0,0,0,0,0,2.998761772232683e-07,1.793438605091069e-05,1.395563003825373e-06,0.9999803304672241,5.999921798706055,go_fast,go_fast,False,0.75,0.0,-0.4970000088214874,49.38136291503906,-0.13953135907649994,LANEFOLLOW,none,none,True,go,False,,False,11.5486518841096
Object in Road,Pedestrian in Red,run_1,20,199836,1.0,3.769974723581809,6.119062263377684,pedestrian in red,28.696920797228813,90,0,0,54,0,0,0,0,0,1.2647667517740047e-06,3.7072153645567596e-05,2.8353501875244547e-06,0.999958872795105,5.99983549118042,go_fast,go_fast,False,0.75,0.0,-0.3779999911785126,48.4271240234375,3.9933154582977295,LANEFOLLOW,none,none,True,go,False,,False,8.167392828404891
Object in Road,Pedestrian in Red,run_1,25,199841,1.25,4.941996683467755,5.14984806184279,pedestrian in red,27.670074865221977,177,0,0,43,0,0,0,0,0,1.143084887189616e-06,1.002415046968963e-05,2.254761511721881e-06,0.9999865293502808,5.999945640563965,go_fast,go_fast,False,0.75,0.0,-0.2980000078678131,46.22895431518555,11.175602912902832,LANEFOLLOW,none,none,True,go,False,,False,6.249835957411862
Object in Road,Pedestrian in Red,run_1,30,199846,1.5,5.547508035969458,4.367729343010244,pedestrian in red,26.479425832629204,109,0,0,70,0,0,0,0,0,1.188521764561301e-06,2.9659013307536952e-06,5.487632392942032e-07,0.9999953508377075,5.9999799728393555,go_fast,go_fast,False,0.75,0.0,-0.16300000250339508,42.8940315246582,17.58708381652832,LANEFOLLOW,none,none,True,go,False,,False,5.6487591718492025
Object in Road,Pedestrian in Red,run_1,35,199851,1.75,6.688878460138348,4.4090356521801795,pedestrian in red,25.175857946276665,321,0,0,77,0,0,0,0,0,5.4266263759927824e-05,1.0336323612136766e-05,1.4237631376090576e-06,0.9999339580535889,5.99962854385376,go_fast,go_fast,False,0.0,1.0,0.03099999949336052,39.51515579223633,21.598541259765625,LANEFOLLOW,none,none,True,go,False,,False,4.631731036860416
Object in Road,Pedestrian in Red,run_1,40,199856,2.0,6.391551952548602,3.5655307567447396,pedestrian in red,23.77329485118389,293,0,0,57,0,0,0,0,0,7.452078534697648e-06,2.0452596800168976e-05,1.9348760815773858e-06,0.9999701976776123,5.999867916107178,go_fast,go_fast,False,0.04374999925494194,0.0,0.19200000166893005,37.669471740722656,21.934232711791992,LANEFOLLOW,none,none,True,go,False,,False,4.448211996209838
Object in Road,Pedestrian in Red,run_1,45,199861,2.25,5.60668980273853,3.531104292524433,pedestrian in red,22.488909170031548,348,0,0,22,0,0,0,0,0,2.102601456499542e-06,1.8419750631437637e-05,7.070853371260455e-06,0.9999724626541138,5.9998931884765625,go_fast,go_fast,False,0.75,0.0,0.2240000069141388,37.701168060302734,19.096141815185547,LANEFOLLOW,none,none,True,go,False,,False,4.500697841105742
Object in Road,Pedestrian in Red,run_1,50,199866,2.5,5.399392985458414,2.7351701792616643,pedestrian in red,21.263599798083305,207,4,0,34,0,0,0,0,0,1.4435397588385968e-06,2.0602255972335115e-05,6.889423275424633e-06,0.9999710321426392,5.9998884201049805,go_fast,go_fast,False,0.75,0.0,0.21899999678134918,38.13467025756836,15.047148704528809,LANEFOLLOW,none,none,True,go,False,,False,4.2337415690863125
Object in Road,Pedestrian in Red,run_1,55,199871,2.75,6.16812079736364,4.598162743654708,pedestrian in red,19.911222860217094,181,68,0,0,0,0,0,0,0,5.661489012709353e-06,2.7045718525187112e-05,7.352700049523264e-05,0.9998937845230103,5.999637603759766,go_fast,go_fast,False,0.0,0.0,0.18299999833106995,38.11408615112305,10.762822151184082,LANEFOLLOW,none,none,True,go,False,,False,3.380660785739067
Object in Road,Pedestrian in Red,run_1,60,199876,3.0,6.392390283899771,2.829465229361054,pedestrian in red,18.369352743029594,284,20,0,6,0,0,0,0,0,5.03530202422553e-07,9.629318810766563e-06,2.5021752662723884e-05,0.9999648332595825,5.999883651733398,go_fast,go_fast,False,0.05624999850988388,0.0,0.1459999978542328,37.43092346191406,6.693660736083984,LANEFOLLOW,none,none,True,go,False,,False,2.966151177761121
Object in Road,Pedestrian in Red,run_1,65,199881,3.25,5.918533126513671,2.8763618896735945,pedestrian in red,16.865950033068657,230,53,0,20,0,0,0,0,0,5.023204607823573e-07,1.6457461242680438e-05,0.00016351633530575782,0.9998195767402649,5.999441146850586,go_fast,go_fast,False,0.6155317425727844,0.0,0.07500000298023224,36.32284927368164,3.5091559886932373,LANEFOLLOW,walker,none,False,stop,False,,False,2.9145514322939525
Object in Road,Pedestrian in Red,run_1,70,199886,3.5,5.735056461077549,1.1247519306832658,pedestrian in red,15.45337526500225,153,44,0,44,0,0,0,0,0,3.537740269621281e-07,8.27881958684884e-05,0.0005774754099547863,0.9993394017219543,5.997934341430664,go_fast,go_fast,False,0.75,0.0,-0.023000000044703484,35.00969696044922,1.7997801303863525,LANEFOLLOW,walker,none,False,stop,False,,False,2.7565547803667845
Object in Road,Pedestrian in Red,run_1,75,199891,3.75,6.3951403654057195,3.6555056311939724,pedestrian in red,13.982827588915825,304,76,0,43,0,0,0,0,0,1.0880220457920586e-07,2.597218326627626e-06,5.7549755183572415e-06,0.9999915361404419,5.999971866607666,go_fast,go_fast,False,0.0,0.0,-0.00800000037997961,33.49970626831055,1.8984463214874268,LANEFOLLOW,walker,none,False,stop,False,,False,2.269065250622993
Object in Road,Pedestrian in Red,run_1,80,199896,4.0,6.600049715763798,1.265726490247048,pedestrian in red,12.376567289233208,256,138,0,38,0,0,0,0,0,6.421176124149497e-08,5.427510041045025e-05,3.3054736832127674e-06,0.9999423027038574,5.999772071838379,go_fast,go_fast,False,0.0,1.0,0.04699999839067459,31.82992935180664,2.1124460697174072,LANEFOLLOW,walker,none,False,stop,False,,False,1.9620490914279918
Object in Road,Pedestrian in Red,run_1,85,199901,4.25,4.500676028096954,26.814957188137132,pedestrian in red,10.91491262614727,519,0,0,46,0,0,0,0,0,3.3022865864040796e-07,0.0012581479968503118,0.0003439018037170172,0.9983976483345032,5.993934154510498,go_fast,go_fast,False,0.75,0.0,0.39500001072883606,30.354843139648438,1.4320522546768188,LANEFOLLOW,walker,none,False,stop,False,,False,2.535922310314628
Object in Road,Pedestrian in Red,run_1,90,199906,4.5,2.583734234880071,5.600719118096487,pedestrian in red,10.29989568889141,542,0,0,69,0,0,0,0,0,2.120062276844692e-07,0.005447611678391695,3.266449766670121e-06,0.9945488572120667,5.978198051452637,go_fast,go_fast,False,0.75,0.0,0.29100000858306885,29.76459503173828,-0.21961843967437744,LANEFOLLOW,walker,none,False,stop,False,,False,4.042857255323053
Object in Road,Pedestrian in Red,run_1,95,199911,4.75,3.8837358354796434,5.05372763841783,pedestrian in red,9.490051671862602,424,0,0,46,0,0,0,0,0,1.1983981949015288e-06,0.988831102848053,1.1084160178143065e-05,0.011156638152897358,2.04463529586792,slow,go_fast,True,0.0,1.0,0.2809999883174896,28.822668075561523,-2.8850884437561035,LANEFOLLOW,walker,none,False,stop,False,,False,2.480920567029373
Object in Road,Pedestrian in Red,run_1,100,199916,5.0,3.6345813540443164,4.315960401915987,pedestrian in red,8.51113073527813,615,43,0,36,0,0,0,0,0,1.5220830391626805e-06,0.1886446326971054,7.954089596751146e-06,0.8113458752632141,5.245388507843018,go_fast,slow,True,0.75,0.0,0.2720000147819519,27.41964340209961,-5.769064426422119,LANEFOLLOW,walker,none,False,stop,False,,False,2.398615202960714
Object in Road,Pedestrian in Red,run_1,105,199921,5.25,3.8287263385336114,3.879381107530629,pedestrian in red,7.641801282763481,563,274,0,37,0,0,0,0,0,2.1550378903612e-07,3.3237465686397627e-06,2.15548197957105e-07,0.9999963045120239,5.999985218048096,go_fast,go_fast,False,0.75,0.0,0.1550000011920929,25.94235610961914,-8.172560691833496,LANEFOLLOW,walker,none,False,stop,False,,False,2.081756983129472
Object in Road,Pedestrian in Red,run_1,110,199926,5.5,4.929190075340121,4.5456428434360845,pedestrian in red,6.573357507586479,629,505,0,49,0,0,0,0,0,0.47792476415634155,4.8590587539365515e-05,4.826694294024492e-06,0.5220218300819397,3.1322426795959473,go,go_fast,True,0.0,1.0,0.039000000804662704,24.253585815429688,-9.904529571533203,LANEFOLLOW,walker,none,False,stop,False,,False,1.4013853669637792
Object in Road,Pedestrian in Red,run_1,115,199931,5.75,1.9123481406759892,21.65898455156241,pedestrian in red,5.588404580950737,960,453,0,58,0,0,0,0,0,0.13014177978038788,9.927714563673362e-05,6.083430434955517e-07,0.8697583675384521,5.218750476837158,go_fast,go,True,0.75,0.0,-0.01600000075995922,22.936267852783203,-10.609442710876465,LANEFOLLOW,walker,none,False,stop,False,,False,3.0708147708518267
Object in Road,Pedestrian in Red,run_1,120,199936,6.0,0.9360375377062428,5.339596320921836,pedestrian in red,5.449035093188286,1153,360,0,34,0,0,0,0,0,0.13661928474903107,0.00012068327487213537,2.84803149952495e-07,0.8632597327232361,5.179800510406494,go_fast,go_fast,False,0.75,0.0,-0.004000000189989805,22.762290954589844,-10.669999122619629,LANEFOLLOW,walker,none,False,stop,False,,False,6.092379865202062
Object in Road,Pedestrian in Red,run_1,125,199941,6.25,2.183954520060614,5.334403808210519,pedestrian in red,5.07139627635479,1212,287,0,21,0,0,0,0,0,0.1636219173669815,0.03647967800498009,4.5570291149488185e-06,0.7998939156532288,4.8723368644714355,go_fast,go_fast,False,0.75,0.0,-0.057999998331069946,22.375457763671875,-10.650975227355957,LANEFOLLOW,walker,none,False,stop,False,,False,2.4462219816973927
Object in Road,Pedestrian in Red,run_1,130,199946,6.5,3.463787374945675,5.1842651051884765,pedestrian in red,4.394313260912895,2499,0,0,30,0,0,0,0,0,0.9761186838150024,0.0002644977648742497,1.644574808778998e-06,0.023615112528204918,0.0,stop,go_fast,True,0.0,1.0,-0.09300000220537186,21.818937301635742,-10.308659553527832,LANEFOLLOW,walker,none,False,stop,True,True,False,1.3325888202612601
Object in Road,Pedestrian in Red,run_1,135,199951,6.75,3.264719228843565,3.816599334214347,pedestrian in red,3.5526320189237595,3482,0,0,0,0,0,0,0,0,0.8727042078971863,0.00015242613153532147,1.7552556528244168e-06,0.12714162468910217,0.0,stop,stop,False,0.0,1.0,-0.17000000178813934,21.22442626953125,-9.632438659667969,LANEFOLLOW,walker,none,False,stop,True,True,False,1.1419238009598955
Object in Road,Pedestrian in Red,run_1,140,199956,7.0,2.0948182272150437,6.290116985268539,pedestrian in red,2.923105403780937,4328,0,0,0,0,0,0,0,0,0.9023941159248352,0.0001004705045488663,8.064851044764509e-07,0.0975046306848526,0.0,stop,stop,False,0.0,1.0,-0.19200000166893005,20.918285369873047,-8.74593734741211,LANEFOLLOW,walker,none,False,stop,True,True,False,1.4446395015828417
Object in Road,Pedestrian in Red,run_1,145,199961,7.25,0.0003344345116381017,0.0008882577765296943,pedestrian in red,2.8452035635709763,4446,0,0,0,0,0,0,0,0,0.9833804368972778,6.126747757662088e-05,3.3107886565630906e-07,0.016557924449443817,0.0,stop,stop,False,0.0,1.0,0.09099999815225601,20.891002655029297,-8.60333251953125,LANEFOLLOW,walker,none,False,stop,True,True,False,
Object in Road,Pedestrian in Red,run_1,150,199966,7.5,0.0,0.005297995165870255,pedestrian in red,2.844994232058525,4428,0,0,0,0,0,0,0,0,0.9872144460678101,5.942418283666484e-05,2.8289153419791546e-07,0.01272585429251194,0.0,stop,stop,False,0.0,1.0,0.028999999165534973,20.89065933227539,-8.60334587097168,LANEFOLLOW,walker,none,False,stop,True,True,False,
Object in Road,Pedestrian in Red,run_1,155,199971,7.75,2.3043944359902116e-05,0.00016488435874855762,pedestrian in red,2.844914123415947,4424,0,0,0,0,0,0,0,0,0.9887825846672058,4.983788312529214e-05,2.715368339067936e-07,0.011167283169925213,0.0,stop,stop,False,0.0,1.0,0.023000000044703484,20.89053726196289,-8.60333251953125,LANEFOLLOW,walker,none,False,stop,True,True,False,
Object in Road,Chair,run_4,0,208480,0.0,1.9600002765655518,9.800003051757812,chair,29.646424174308777,1,0,0,76,0,0,0,0,0,9.727936145509375e-08,0.00043721855035983026,8.660382491143537e-07,0.9995618462562561,5.998248100280762,go_fast,stop,True,0.75,0.0,0.0,49.712684631347656,-0.17751333117485046,LANEFOLLOW,none,obstacle_detected,False,go,False,,False,
Object in Road,Chair,run_4,5,208485,0.25,0.09680067002779486,1.0022859573377056,chair,29.646286845207214,0,0,0,65,0,0,0,0,0,9.767533271087814e-08,0.0008582774316892028,1.4563169088432915e-06,0.9991401433944702,5.996561527252197,go_fast,go_fast,False,0.75,0.0,0.0,49.712684631347656,-0.17751333117485046,LANEFOLLOW,none,obstacle_detected,False,go,False,,False,
Object in Road,Chair,run_4,10,208490,0.5,0.04229425266508897,0.2929651141252647,chair,29.64627730846405,19,0,0,23,0,0,0,0,0,9.727752114940813e-08,0.0007949038990773261,1.3005860637349542e-06,0.9992037415504456,5.996816158294678,go_fast,go_fast,False,0.75,0.0,0.0,49.712684631347656,-0.17751333117485046,LANEFOLLOW,none,obstacle_detected,False,go,False,,False,
Object in Road,Chair,run_4,15,208495,0.75,2.5712944978145726,6.780493257233713,chair,29.273865580558777,221,0,0,48,0,0,0,0,0,8.471678114574388e-08,0.0004068793496116996,5.340659754438093e-07,0.9995924830436707,5.998370170593262,go_fast,go_fast,False,0.75,0.0,0.5019999742507935,49.34029006958008,-0.17223230004310608,LANEFOLLOW,none,obstacle_detected,False,go,False,,False,11.526195504729403
Object in Road,Chair,run_4,20,208500,1.0,3.789580714032836,6.089179790912461,chair,28.48123061656952,9,0,0,62,0,0,0,0,0,5.828122695561433e-08,3.4210883313789964e-05,2.101212999150448e-07,0.9999655485153198,5.999862194061279,go_fast,go_fast,False,0.75,0.0,0.3199999928474426,48.354434967041016,-4.3358588218688965,LANEFOLLOW,none,obstacle_detected,False,go,False,,False,8.117229232706773
Object in Road,Chair,run_4,25,208505,1.25,4.976882289888025,4.980503767161544,chair,27.434388041496277,6413,0,0,0,0,0,0,0,0,1.6156596416294633e-07,5.119044999446487e-06,3.2434081731480546e-07,0.9999943971633911,5.999978065490723,go_fast,go_fast,False,0.75,0.0,0.3190000057220459,46.2768669128418,-10.7178316116333,LANEFOLLOW,none,obstacle_detected,False,go,False,,False,6.058624814592132
Object in Road,Chair,run_4,30,208510,1.5,5.6364597447405735,5.099497558968526,chair,26.22711455821991,0,12,0,7,0,0,0,0,0,1.1916598907646403e-07,9.702000625111395e-07,2.45106235752246e-07,0.9999986886978149,5.999995231628418,go_fast,go_fast,False,0.75,0.0,0.1899999976158142,42.909481048583984,-17.367597579956055,LANEFOLLOW,none,obstacle_detected,False,go,False,,False,5.522904099284226
Object in Road,Chair,run_4,35,208515,1.75,6.547469778417971,4.05283744295577,chair,24.92442786693573,27,7,0,0,0,0,0,0,0,1.7455212741879222e-07,1.1789434211095795e-06,1.9913254334369412e-07,0.9999984502792358,5.999993324279785,go_fast,go_fast,False,0.0,0.0,-0.014000000432133675,39.18675231933594,-22.070707321166992,LANEFOLLOW,none,obstacle_detected,False,go,False,,False,4.7544633212406335
Object in Road,Chair,run_4,40,208520,2.0,6.709742491540512,1.4269250660143469,chair,23.516709208488464,506,10,0,0,0,0,0,0,0,8.367419468413573e-07,1.3913531802245416e-06,1.869521639719096e-07,0.999997615814209,5.999989032745361,go_fast,go_fast,False,0.0,1.0,-0.164000004529953,37.078609466552734,-22.817028045654297,LANEFOLLOW,none,obstacle_detected,False,go,False,,False,4.281452364276561
Object in Road,Chair,run_4,45,208525,2.25,4.2385933919801975,26.74166979139193,chair,22.233847498893738,162,123,0,0,0,0,0,0,0,3.2508378922102565e-07,2.0759430299222004e-06,1.597853156454221e-07,0.9999974966049194,5.9999895095825195,go_fast,go_fast,False,0.75,0.0,-0.210999995470047,36.92448043823242,-20.462114334106445,LANEFOLLOW,none,obstacle_detected,False,go,False,,False,6.119130292640572
Object in Road,Chair,run_4,50,208530,2.5,2.454252080613382,6.0238340243697355,chair,21.722752451896667,49,124,0,38,0,0,0,0,0,1.0290295904269442e-07,9.005047104437836e-06,4.104566073692695e-07,0.9999904632568359,5.999961853027344,go_fast,go_fast,False,0.75,0.0,-0.20499999821186066,37.156280517578125,-18.90302276611328,LANEFOLLOW,none,obstacle_detected,False,go,False,,False,9.80964802092481
Object in Road,Chair,run_4,55,208535,2.75,3.749957673135216,5.088497681750736,chair,21.006665110588074,88,74,0,35,0,0,0,0,0,1.3992531933126884e-07,5.117916771268938e-06,1.404968884344271e-06,0.9999933242797852,5.999974250793457,go_fast,go_fast,False,0.75,0.0,-0.1940000057220459,37.40542984008789,-16.66970443725586,LANEFOLLOW,none,obstacle_detected,False,go,False,,False,6.125385135557665
Object in Road,Chair,run_4,60,208540,3.0,4.908139093396703,4.686234698541864,chair,19.99528396129608,58,71,0,15,0,0,0,0,0,2.0622624674615508e-07,2.9479463137249695e-06,4.538618213700829e-06,0.9999922513961792,5.999972820281982,go_fast,go_fast,False,0.75,0.0,-0.1940000057220459,37.47391128540039,-13.73468017578125,LANEFOLLOW,none,obstacle_detected,False,go,False,,False,4.38784976472627
Object in Road,Chair,run_4,65,208545,3.25,5.488684556821539,3.428210300047093,chair,18.74791991710663,102,15,0,16,0,0,0,0,0,2.262722546220175e-06,4.122895461478038e-06,2.0769761249539442e-05,0.9999728202819824,5.999907493591309,go_fast,go_fast,False,0.75,0.0,-0.14800000190734863,37.23924255371094,-10.275279998779297,LANEFOLLOW,none,obstacle_detected,False,go,False,,False,3.616129124522474
Object in Road,Chair,run_4,70,208550,3.5,6.3914608494726135,3.672955081844218,chair,17.32131850719452,86,77,0,39,0,0,0,0,0,2.2870847260492155e-06,2.7866713026014622e-06,4.493217602430377e-06,0.9999904632568359,5.999961853027344,go_fast,go_fast,False,0.0,0.0,-0.09099999815225601,36.45562744140625,-7.244527339935303,LANEFOLLOW,obstacle_detected,obstacle_detected,True,stop,False,,False,2.851247726343224
Object in Road,Chair,run_4,75,208555,3.75,6.641330337353675,1.826871588873766,chair,15.709971308708191,72,128,0,57,0,0,0,0,0,1.6592726979069994e-06,1.2975418712812825e-06,1.2876542996309581e-06,0.9999957084655762,5.999980926513672,go_fast,go_fast,False,0.0,1.0,-0.04699999839067459,35.15240478515625,-5.075018405914307,LANEFOLLOW,obstacle_detected,obstacle_detected,True,stop,False,,False,2.4901406361752696
Object in Road,Chair,run_4,80,208560,4.0,4.097511962495741,26.76865983401122,chair,14.2681645154953,202,144,0,72,0,0,0,0,0,2.4531395865778904e-06,1.920487375173252e-05,1.8509447272663238e-06,0.9999765157699585,5.999902725219727,go_fast,go_fast,False,0.75,0.0,-0.5099999904632568,33.815185546875,-3.869065046310425,LANEFOLLOW,obstacle_detected,obstacle_detected,True,stop,False,,False,3.690127509233563
Object in Road,Chair,run_4,85,208565,4.25,2.196354892580151,5.450296460457808,chair,13.746318697929382,136,232,0,74,0,0,0,0,0,5.0631692829483654e-06,7.008285319898278e-05,1.355229642285849e-06,0.9999234676361084,5.999684810638428,go_fast,go_fast,False,0.75,0.0,-0.4000000059604645,33.44462203979492,-2.0723843574523926,LANEFOLLOW,obstacle_detected,obstacle_detected,True,stop,False,,False,6.444601828781041
Object in Road,Chair,run_4,90,208570,4.5,3.495702631035089,5.170848106231167,chair,13.031991839408875,330,116,0,55,0,0,0,0,0,1.7744573597155977e-06,9.604403021512553e-05,5.18829483553418e-06,0.9998970031738281,5.999589443206787,go_fast,go_fast,False,0.75,0.0,-0.38600000739097595,32.773372650146484,1.4729877710342407,LANEFOLLOW,obstacle_detected,obstacle_detected,True,stop,False,,False,3.8550714189990507
Object in Road,Chair,run_4,95,208575,4.75,4.667232683331304,5.104287990523351,chair,12.020109057426453,351,295,0,52,0,0,0,0,0,4.6162750777511974e-07,2.8251575713511556e-05,2.8354685127851553e-05,0.9999428987503052,5.9997992515563965,go_fast,go_fast,False,0.75,0.0,-0.2980000078678131,31.245080947875977,6.0671610832214355,LANEFOLLOW,obstacle_detected,obstacle_detected,True,stop,False,,False,2.7293358380325996
Object in Road,Chair,run_4,100,208580,5.0,5.426876745276363,3.4915703279840593,chair,10.77013385295868,94,478,0,46,0,0,0,0,0,4.3036925490014255e-07,5.037256414652802e-06,2.6382176656625234e-06,0.9999918937683105,5.999969482421875,go_fast,go_fast,False,0.75,0.0,-0.15800000727176666,28.842063903808594,10.345161437988281,LANEFOLLOW,obstacle_detected,obstacle_detected,True,stop,False,,False,2.1753702141779008
Object in Road,Chair,run_4,105,208585,5.25,6.296233272263704,3.5021917003336465,chair,9.393617510795593,20,822,0,35,0,0,0,0,0,2.9444312531268224e-05,5.379007234296296e-06,4.912840722681722e-06,0.9999603033065796,5.999786853790283,go_fast,go_fast,False,0.0,0.0,0.05700000002980232,26.31842041015625,12.978515625,LANEFOLLOW,obstacle_detected,obstacle_detected,True,stop,False,,False,1.6854438729705443
Object in Road,Chair,run_4,110,208590,5.5,6.470890473711112,1.5457879658921574,chair,7.87285315990448,555,989,0,35,0,0,0,0,0,0.14401282370090485,0.00011404359975131229,5.331835836841492e-06,0.8558677434921265,5.13545036315918,go_fast,go_fast,False,0.0,1.0,0.18000000715255737,24.759723663330078,12.850436210632324,LANEFOLLOW,obstacle_detected,obstacle_detected,True,stop,False,,False,1.3638030454170886
Object in Road,Chair,run_4,115,208595,5.75,3.5075574857279848,26.67538653513961,chair,6.555192351341248,130,953,0,38,0,0,0,0,0,5.739536936744116e-05,1.0152888535230886e-05,3.1453141673409846e-06,0.9999293088912964,5.999605178833008,go_fast,go_fast,False,0.75,0.0,0.2240000069141388,24.247350692749023,10.970206260681152,LANEFOLLOW,obstacle_detected,obstacle_detected,True,stop,False,,False,2.080266127778458
Object in Road,Chair,run_4,120,208600,6.0,1.7884107276231862,6.691611892863073,chair,6.166816592216492,118,1090,0,35,0,0,0,0,0,5.73831266592606e-06,6.941282481420785e-05,4.307596100261435e-06,0.9999204874038696,5.9996747970581055,go_fast,go_fast,False,0.75,0.0,0.20100000500679016,24.169397354125977,10.190728187561035,LANEFOLLOW,obstacle_detected,obstacle_detected,True,stop,False,,False,3.7505751701472287
Object in Road,Chair,run_4,125,208605,6.25,3.101683331298449,5.055283140980571,chair,5.566157221794128,45,815,0,63,0,0,0,0,0,0.07394542545080185,0.00011272024130448699,1.3370160559134092e-05,0.9259284734725952,5.555836200714111,go_fast,go_fast,False,0.75,0.0,0.1940000057220459,23.994457244873047,9.01770305633545,LANEFOLLOW,obstacle_detected,obstacle_detected,True,stop,False,,False,1.962796598814142
Object in Road,Chair,run_4,130,208610,6.5,4.347339701228381,4.794418086570788,chair,4.654408812522888,132,1342,0,21,0,0,0,0,0,0.0010265340097248554,5.046525984653272e-05,1.4606333024858031e-05,0.9989084005355835,5.993595123291016,go_fast,go_fast,False,0.75,0.0,0.19200000166893005,23.599445343017578,7.36065673828125,LANEFOLLOW,obstacle_detected,obstacle_detected,True,stop,False,,False,1.1811133974559715
Object in Road,Chair,run_4,135,208615,6.75,5.3128509552440075,1.8833607450840648,chair,3.458712935447693,1975,927,0,0,0,0,0,0,0,0.2313237190246582,0.0005291813868097961,1.4898435438226443e-05,0.7681322693824768,4.609896659851074,go_fast,go_fast,False,0.0,1.0,0.18199999630451202,22.90543556213379,5.31426477432251,LANEFOLLOW,obstacle_detected,obstacle_detected,True,stop,False,,False,0.7350502906360846
Object in Road,Chair,run_4,140,208620,7.0,0.24616034798401562,88.68911459600109,chair,2.449370503425598,7,252,0,0,0,0,0,0,0,0.002492945408448577,0.7929889559745789,1.110594439523993e-06,0.20451697707176208,2.8130831718444824,go,go_fast,True,0.75,0.0,-0.09200000017881393,22.20384407043457,3.5297091007232666,LANEFOLLOW,obstacle_detected,obstacle_detected,True,stop,False,,True,
Object in Road,Chair,run_4,145,208625,7.25,0.022486127910400316,0.0564436968616689,chair,2.447417140007019,19,231,0,0,0,0,0,0,0,0.0009714103071019053,0.9744430780410767,7.505856842726644e-07,0.02458486333489418,2.096397638320923,slow,go,True,0.75,0.0,-0.03099999949336052,22.204092025756836,3.5118567943573,LANEFOLLOW,obstacle_detected,obstacle_detected,True,stop,False,,True,
