ply
format ascii 1.0
element vertex 6605
property float32 x
property float32 y
property float32 z
property float32 I
end_header
14.1204 10.3547 3.0875 0.9313
13.5462 10.7020 3.0440 0.9323
13.3010 11.3069 3.0782 0.9315
12.9763 11.8591 3.0997 0.9311
11.9937 12.6557 3.0745 0.9316
15.5573 17.6435 4.1477 0.9089
10.0813 13.2382 2.9340 0.9346
8.5403 14.1467 2.9138 0.9351
8.1350 14.6385 2.9530 0.9342
10.5656 20.7317 4.1029 0.9098
9.8183 21.1054 4.1044 0.9098
8.2736 21.7417 4.1018 0.9098
5.4745 16.1026 2.9989 0.9333
3.2696 17.5583 3.1492 0.9300
3.6912 24.7235 4.4077 0.9035
1.4678 19.1746 3.3909 0.9249
0.0403 8.7692 1.5463 0.9650
-1.3495 20.0477 3.5430 0.9216
-3.0154 21.5511 3.8371 0.9154
-3.8388 21.7219 3.8895 0.9143
-5.6146 22.2931 4.0536 0.9109
-7.9198 24.0171 4.4592 0.9024
-10.2328 24.8705 4.7420 0.8965
-12.0812 26.6063 5.1524 0.8881
-13.7583 27.6207 5.4410 0.8822
-15.1991 27.9518 5.6102 0.8788
-46.4055 -8.6283 8.3228 0.8255
-39.3474 -13.3652 7.3273 0.8447
-37.2457 -14.1619 7.0261 0.8506
-34.9301 -16.2380 6.7921 0.8552
-34.9985 -17.8245 6.9254 0.8525
-34.1765 -20.6195 7.0381 0.8503
-33.4779 -21.8745 7.0514 0.8501
-37.5224 -28.5583 8.3145 0.8257
-6.0087 -14.9703 2.8443 0.9366
-2.6359 -44.9547 7.9403 0.8328
-0.9481 -41.8246 7.3767 0.8437
0.5237 -39.5611 6.9763 0.8515
6.4726 -40.9282 7.3064 0.8451
14.0882 -45.4698 8.3936 0.8242
42.9762 -6.8192 7.6727 0.8380
17.0674 -0.8481 3.0132 0.9329
32.6411 -0.4488 5.7561 0.8758
27.6003 2.6009 4.8882 0.8935
21.1575 6.7627 3.9166 0.9137
19.9884 7.1895 3.7455 0.9173
18.7890 7.5302 3.5691 0.9211
18.4123 8.1580 3.5510 0.9215
22.2649 12.8899 4.5363 0.9008
21.5609 13.5384 4.4891 0.9018
13.3039 11.3039 3.0783 0.9315
12.9773 11.8543 3.0992 0.9311
16.8431 16.5330 4.1616 0.9086
11.9968 12.6529 3.0745 0.9316
10.8255 13.1974 3.0098 0.9330
9.3546 13.2378 2.8582 0.9363
8.8564 13.5392 2.8527 0.9364
10.5704 20.7288 4.1028 0.9098
9.8228 21.1017 4.1042 0.9098
9.0472 21.4128 4.0988 0.9099
8.2898 21.7684 4.1073 0.9097
5.4798 16.1055 2.9997 0.9332
4.8195 16.0301 2.9515 0.9343
3.7260 16.6428 3.0072 0.9331
1.4727 19.1783 3.3916 0.9248
-3.0098 21.5490 3.8366 0.9154
-5.6079 22.2890 4.0526 0.9109
-6.7903 23.4035 4.2969 0.9058
-12.0705 26.5998 5.1506 0.8881
-13.7464 27.6136 5.4390 0.8822
-46.4201 -8.6195 8.3250 0.8255
-42.3776 -11.0648 7.7228 0.8370
-40.7285 -12.2116 7.4974 0.8414
-35.7437 -15.0705 6.8399 0.8542
-35.0008 -17.8151 6.9250 0.8526
-34.6535 -19.2346 6.9885 0.8513
-34.1826 -20.6120 7.0383 0.8503
-33.4664 -21.8555 7.0479 0.8501
-37.5065 -28.5320 8.3095 0.8258
-6.6707 -12.5171 2.5010 0.9440
-6.0141 -14.9733 2.8452 0.9366
-4.5754 -48.1644 8.5309 0.8216
-0.9586 -41.8419 7.3798 0.8437
6.4615 -40.9214 7.3049 0.8451
8.0904 -41.5056 7.4563 0.8422
9.9248 -42.6932 7.7287 0.8369
14.0803 -45.4829 8.3954 0.8242
48.1490 -9.4350 8.6514 0.8193
39.9446 -4.8854 7.0958 0.8492
32.6544 -0.4569 5.7584 0.8758
28.3657 1.6418 5.0100 0.8910
26.2425 3.4207 4.6664 0.8981
22.7853 5.5114 4.1335 0.9092
21.1652 6.7596 3.9177 0.9137
19.9821 7.1818 3.7440 0.9174
18.7942 7.5271 3.5698 0.9211
17.6448 9.3808 3.5236 0.9220
21.5568 13.5285 4.4876 0.9018
13.4935 9.1593 2.8756 0.9359
14.1282 10.3499 3.0881 0.9313
11.9998 12.6500 3.0745 0.9316
15.5683 17.6388 4.1484 0.9089
10.8322 13.1991 3.0108 0.9330
10.0896 13.2359 2.9346 0.9346
9.3579 13.2358 2.8582 0.9363
8.8598 13.5372 2.8527 0.9364
8.1427 14.6358 2.9532 0.9342
9.8273 21.0981 4.1039 0.9098
2.8086 24.7966 4.4003 0.9036
0.0445 8.7668 1.5458 0.9650
-0.2760 8.9498 1.5788 0.9643
-1.3411 20.0677 3.5464 0.9216
-3.0042 21.5465 3.8360 0.9154
-5.6012 22.2850 4.0517 0.9109
-7.9038 24.0074 4.4567 0.9024
-19.1490 29.9169 6.2632 0.8657
-46.4348 -8.6106 8.3273 0.8255
-22.1604 -4.9382 4.0033 0.9119
-42.3902 -11.0572 7.7246 0.8370
-37.2666 -14.1493 7.0288 0.8505
-35.7536 -15.0645 6.8411 0.8542
-34.1888 -20.6045 7.0386 0.8503
-33.4549 -21.8365 7.0444 0.8502
13.3204 11.3234 2.6783 0.9317
16.8563 16.5538 3.6193 0.9088
10.0911 13.2510 2.5516 0.9348
8.5478 14.1590 2.5337 0.9353
8.1842 14.7270 2.5811 0.9341
10.7518 21.0971 3.6275 0.9086
8.2727 21.7393 3.5633 0.9102
3.7223 16.6451 2.6129 0.9333
3.2925 17.6810 2.7552 0.9298
3.6911 24.7227 3.8293 0.9038
2.8037 24.8603 3.8326 0.9037
1.9721 25.7625 3.9582 0.9007
0.3617 8.9269 1.3687 0.9645
-1.3579 20.1735 3.0975 0.9214
-4.1203 29.4479 4.5552 0.8866
-3.8717 21.9083 3.4082 0.9139
-8.0562 24.4309 3.9409 0.9011
-9.2001 24.8612 4.0610 0.8983
-10.3514 25.1586 4.1676 0.8958
-12.0800 26.6036 4.4760 0.8885
-13.7581 27.6204 4.7272 0.8826
-15.1367 27.8371 4.8542 0.8797
-17.7587 30.0370 5.3456 0.8683
-19.8021 30.9045 5.6229 0.8620
-48.7420 -7.2635 7.5495 0.8192
-22.1446 -4.9458 3.4760 0.9123
-42.3646 -11.0724 6.7080 0.8376
-35.7336 -15.0763 5.9415 0.8548
-34.6505 -19.2439 6.0720 0.8518
-37.5204 -28.5568 7.2234 0.8263
-6.0102 -14.9741 2.4718 0.9368
-0.9482 -41.8262 6.4092 0.8443
0.5237 -39.5609 6.0610 0.8521
3.3268 -39.0247 6.0001 0.8534
4.8027 -39.5163 6.0982 0.8512
6.4726 -40.9278 6.3478 0.8456
8.1021 -41.5123 6.4794 0.8427
9.9329 -42.6815 6.7133 0.8375
41.0872 -6.5194 6.3731 0.8451
30.7708 0.6818 4.7151 0.8829
27.5969 2.6006 4.2464 0.8939
26.4904 3.4595 4.0926 0.8975
24.9815 4.1793 3.8802 0.9026
22.8522 5.5334 3.6020 0.9092
22.4081 6.2854 3.5653 0.9101
29.1554 9.3191 4.6891 0.8835
20.1071 7.2322 3.2735 0.9172
18.7891 7.5303 3.1009 0.9214
18.4116 8.1577 3.0850 0.9217
17.9228 8.7237 3.0536 0.9225
22.4314 12.9864 3.9707 0.9004
14.1244 10.3524 2.6827 0.9316
16.8444 16.5343 3.6159 0.9089
15.8303 17.9444 3.6658 0.9077
10.9137 13.3049 2.6362 0.9327
8.1855 14.7209 2.5803 0.9341
10.7567 21.0941 3.6274 0.9086
7.2050 15.4781 2.6155 0.9332
8.2889 21.7660 3.5680 0.9101
4.8191 16.0288 2.5641 0.9345
4.2723 16.3124 2.5833 0.9340
3.6967 24.7192 3.8290 0.9038
0.3639 8.9282 1.3689 0.9645
0.0424 8.7655 1.3428 0.9652
-0.2781 8.9484 1.3715 0.9644
-1.3527 20.1680 3.0966 0.9215
-4.1124 29.4431 4.5543 0.8867
-4.7371 22.1620 3.4718 0.9124
-5.6080 22.2892 3.5210 0.9112
-6.8549 23.6264 3.7687 0.9052
-8.0491 24.4290 3.9403 0.9011
-9.1913 24.8558 4.0598 0.8983
-10.3420 25.1529 4.1663 0.8958
-12.0694 26.5972 4.4744 0.8885
-13.7462 27.6132 4.7254 0.8827
-15.1238 27.8292 4.8522 0.8797
-17.7435 30.0278 5.3432 0.8684
-22.1404 -4.9393 3.4752 0.9123
-38.8556 -13.1878 6.2860 0.8470
-35.7434 -15.0704 5.9425 0.8547
-34.6528 -19.2343 6.0716 0.8518
-33.4649 -21.8545 6.1230 0.8507
-35.3188 -24.9183 6.6217 0.8395
-6.6698 -12.5154 2.1726 0.9442
-4.5754 -48.1640 7.4117 0.8222
-2.6464 -44.9480 6.8977 0.8334
-0.9586 -41.8436 6.4119 0.8442
1.8464 -37.7277 5.7866 0.8583
3.3168 -39.0187 5.9990 0.8535
4.7923 -39.5099 6.0971 0.8512
6.4614 -40.9211 6.3466 0.8457
8.0904 -41.5052 6.4780 0.8427
14.0806 -45.4841 7.2942 0.8247
16.2766 -46.5876 7.5600 0.8190
48.1499 -9.4352 7.5166 0.8199
41.1098 -6.5331 6.3768 0.8450
17.0604 -0.8519 2.6168 0.9332
22.8569 5.5288 3.6025 0.9092
22.4014 6.2777 3.5640 0.9102
29.1637 9.3141 4.6900 0.8835
20.1155 7.2298 3.2746 0.9171
18.7943 7.5271 3.1015 0.9213
17.9252 8.7195 3.0537 0.9225
21.7848 13.6716 3.9401 0.9012
13.4939 9.1596 2.4985 0.9361
14.1283 10.3500 2.6830 0.9316
13.5539 10.6975 2.6452 0.9325
13.3261 11.3173 2.6783 0.9317
13.0318 11.8983 2.7033 0.9311
11.9077 12.5529 2.6506 0.9324
10.9239 13.3108 2.6379 0.9327
9.3580 13.2359 2.4833 0.9365
8.5534 14.1530 2.5334 0.9353
8.1867 14.7148 2.5796 0.9341
9.1055 21.5363 3.5820 0.9097
5.4993 16.1500 2.6136 0.9333
4.8275 16.0426 2.5665 0.9345
3.7297 16.6406 2.6125 0.9333
3.2807 17.5707 2.7383 0.9302
1.9840 25.7553 3.9573 0.9007
0.3661 8.9295 1.3691 0.9645
-1.3474 20.1625 3.0957 0.9215
-4.1045 29.4383 4.5534 0.8867
-3.8596 21.9013 3.4068 0.9139
-5.6012 22.2852 3.5202 0.9112
-6.8451 23.6139 3.7664 0.9053
-8.0420 24.4271 3.9397 0.9012
-10.3325 25.1472 4.1649 0.8958
-12.0588 26.5909 4.4729 0.8886
-22.1362 -4.9328 3.4744 0.9123
-40.5670 -12.1526 6.4875 0.8425
-38.8667 -13.1810 6.2873 0.8470
-37.2662 -14.1492 6.1066 0.8510
-34.1884 -20.6042 6.1151 0.8508
13.5464 10.7022 2.2481 0.9327
13.1138 11.1477 2.2413 0.9329
10.4771 12.7789 2.1519 0.9355
8.8532 13.5414 2.1068 0.9368
10.8129 21.2169 3.1010 0.9084
10.0772 21.6619 3.1111 0.9081
9.1553 21.6831 3.0650 0.9094
6.0807 15.9790 2.2264 0.9334
5.3923 15.8608 2.1815 0.9347
3.7224 16.6452 2.2211 0.9335
3.1901 17.1311 2.2692 0.9321
1.9761 25.8143 3.3714 0.9008
0.3612 8.9145 1.1618 0.9647
-0.2802 8.9470 1.1657 0.9645
-1.3609 20.2174 2.6387 0.9215
-4.7264 22.0857 2.9411 0.9129
-6.1233 21.0858 2.8592 0.9152
-10.3515 25.1589 3.5427 0.8961
-12.2434 26.9634 3.8562 0.8874
-13.7801 27.6645 4.0247 0.8828
-17.7567 30.0337 4.5434 0.8687
-27.4448 25.5487 4.8828 0.8596
-46.4046 -8.6282 6.1464 0.8266
-22.1205 -4.9405 2.9516 0.9126
-40.7161 -12.2186 5.5357 0.8424
-39.0100 -13.2506 5.3650 0.8469
-37.7730 -14.3624 5.2624 0.8496
-39.9162 -16.8410 5.6416 0.8397
-34.9283 -16.2372 5.0158 0.8561
-38.5364 -21.4020 5.7402 0.8371
-34.1756 -20.6190 5.1976 0.8513
-33.4748 -21.8725 5.2072 0.8510
-35.3304 -24.9392 5.6315 0.8399
-4.5643 -48.1704 6.3009 0.8227
-2.6359 -44.9540 5.8640 0.8339
0.5237 -39.5606 5.1521 0.8525
4.8027 -39.5159 5.1837 0.8517
6.4725 -40.9275 5.3959 0.8461
8.1020 -41.5120 5.5077 0.8432
16.2850 -46.5756 6.4252 0.8195
42.9989 -6.8227 5.6694 0.8389
37.1689 -3.1878 4.8579 0.8603
17.0582 -0.8477 2.2241 0.9334
31.1245 0.6896 4.0540 0.8820
28.4985 1.6563 3.7174 0.8912
36.1721 4.7239 4.7503 0.8632
23.6872 3.9628 3.1274 0.9077
22.9169 5.5491 3.0705 0.9093
30.5226 8.5615 4.1281 0.8800
29.3585 9.3840 4.0136 0.8831
18.7893 7.5303 2.6359 0.9216
17.9582 8.7410 2.6008 0.9226
23.8971 12.7122 3.5248 0.8966
21.7928 13.6840 3.3510 0.9014
13.4986 9.1675 2.1249 0.9363
14.1245 10.3524 2.2804 0.9318
13.5501 10.6999 2.2483 0.9327
13.1174 11.1455 2.2415 0.9329
12.5696 11.4818 2.2169 0.9336
16.8458 16.5356 3.0739 0.9092
15.9668 18.0990 3.1429 0.9072
10.4805 12.7768 2.1519 0.9355
8.8565 13.5393 2.1068 0.9368
7.9550 14.3064 2.1316 0.9361
4.2068 16.0624 2.1622 0.9352
3.7261 16.6430 2.2209 0.9335
3.6986 24.7326 3.2565 0.9040
0.0424 8.7629 1.1411 0.9653
-0.2780 8.9458 1.1655 0.9645
-1.3556 20.2117 2.6379 0.9215
-5.6080 22.2894 2.9930 0.9115
-6.1196 21.0921 2.8599 0.9152
-8.2568 25.0593 3.4358 0.8990
-9.2232 24.9420 3.4629 0.8983
-10.3421 25.1532 3.5415 0.8961
-48.6925 -7.2442 6.4106 0.8199
-46.4193 -8.6193 6.1481 0.8266
-22.1164 -4.9339 2.9509 0.9126
-42.5571 -11.1117 5.7276 0.8374
-40.7279 -12.2115 5.5369 0.8424
-37.7648 -14.3489 5.2608 0.8496
-39.9202 -16.8314 5.6416 0.8397
-34.9260 -16.2259 5.0149 0.8561
-38.5327 -21.3878 5.7389 0.8371
-33.4634 -21.8535 5.2046 0.8511
-35.3170 -24.9171 5.6284 0.8400
-6.6688 -12.5137 1.8465 0.9444
-5.3902 -14.9505 2.0695 0.9379
-4.5753 -48.1637 6.3001 0.8227
-2.6464 -44.9477 5.8633 0.8339
-0.9587 -41.8452 5.4505 0.8446
0.5141 -39.5548 5.1513 0.8525
1.8463 -37.7274 4.9188 0.8587
3.3168 -39.0184 5.0993 0.8539
8.0903 -41.5049 5.5065 0.8432
11.9547 -44.1706 5.9588 0.8314
14.0810 -45.4853 6.2004 0.8253
38.9552 -4.7644 5.1106 0.8536
37.1863 -3.1983 4.8603 0.8602
31.1348 0.6823 4.0554 0.8819
27.7052 2.6041 3.6237 0.8938
27.6343 3.6021 3.6290 0.8937
23.6832 3.9563 3.1268 0.9077
23.3540 4.7687 3.1039 0.9083
30.5297 8.5556 4.1288 0.8799
29.3696 9.3798 4.0148 0.8831
18.7945 7.5272 2.6364 0.9216
17.9541 8.7336 2.5999 0.9226
16.7658 9.7009 2.5224 0.9248
21.7857 13.6722 3.3493 0.9014
13.5539 10.6976 2.2485 0.9327
13.1212 11.1432 2.2417 0.9329
16.8339 16.5160 3.0710 0.9093
15.9718 18.0960 3.1431 0.9072
9.9810 13.0934 2.1439 0.9357
9.3580 13.2360 2.1109 0.9367
8.8599 13.5373 2.1068 0.9368
8.4675 14.0108 2.1318 0.9361
10.8227 21.2109 3.1009 0.9084
10.0871 21.6560 3.1110 0.9081
9.1641 21.6750 3.0644 0.9094
5.3993 15.8563 2.1813 0.9347
4.8271 16.0414 2.1814 0.9347
4.2760 16.3103 2.1957 0.9342
1.9876 25.8021 3.3699 0.9009
0.0445 8.7617 1.1410 0.9653
-0.2758 8.9445 1.1653 0.9645
-4.1445 29.7249 3.9082 0.8860
-3.8879 22.0615 2.9171 0.9136
-5.6013 22.2854 2.9923 0.9115
-9.2154 24.9395 3.4623 0.8983
-19.7340 30.8307 4.7668 0.8627
-27.4326 25.5620 4.8827 0.8596
-48.7084 -7.2345 6.4124 0.8198
-46.4339 -8.6104 6.1497 0.8265
-22.1122 -4.9274 2.9501 0.9127
-42.5698 -11.1040 5.7290 0.8374
-40.7397 -12.2043 5.5381 0.8424
-39.0322 -13.2372 5.3671 0.8468
-37.7566 -14.3354 5.2592 0.8497
-39.9242 -16.8217 5.6416 0.8397
-38.0779 -19.3697 5.5632 0.8417
-34.1880 -20.6039 5.1980 0.8513
-33.4519 -21.8346 5.2020 0.8512
14.1206 10.3549 1.8803 0.9320
13.2143 11.2332 1.8624 0.9326
12.6856 11.5934 1.8454 0.9332
16.8589 16.5564 2.5373 0.9093
16.4629 17.3716 2.5700 0.9082
15.9618 18.1022 2.5916 0.9075
10.5314 12.8452 1.7837 0.9354
10.0256 13.1651 1.7769 0.9356
9.3514 13.2401 1.7406 0.9369
9.1953 21.7780 2.5385 0.9093
5.4204 15.9435 1.8083 0.9345
4.1992 16.0492 1.7814 0.9354
3.7224 16.6453 1.8316 0.9337
3.2169 17.2751 1.8869 0.9317
3.6986 24.7730 2.6896 0.9041
1.4909 19.4763 2.0975 0.9244
-4.2430 30.3250 3.2881 0.8841
-4.7361 22.1313 2.4303 0.9130
-6.1232 21.0854 2.3577 0.9155
-9.2471 24.9881 2.8611 0.8984
-10.3516 25.1591 2.9214 0.8963
-16.2727 35.8372 4.2264 0.8536
-13.8827 27.8706 3.3435 0.8823
-16.7804 19.3868 2.7533 0.9020
-27.4425 25.5465 4.0260 0.8600
-48.0210 -8.9287 5.2450 0.8216
-45.0661 -15.3077 5.1108 0.8257
-41.3072 -17.4279 4.8143 0.8350
-39.0934 -21.7113 4.8019 0.8354
-34.1752 -20.6187 4.2860 0.8517
-33.4734 -21.8715 4.2937 0.8514
-35.3287 -24.9380 4.6436 0.8403
-6.6675 -12.5185 1.5230 0.9445
-5.3827 -14.9411 1.7053 0.9381
-4.5643 -48.1701 5.1958 0.8231
-0.9482 -41.8295 4.4929 0.8451
0.5237 -39.5603 4.2484 0.8529
1.8557 -37.7328 4.0567 0.8590
3.3267 -39.0241 4.2057 0.8542
4.8026 -39.5156 4.2745 0.8520
9.9335 -42.6839 4.7059 0.8384
11.9628 -44.1589 4.9127 0.8319
14.0893 -45.4733 5.1120 0.8257
16.2854 -46.5768 5.2984 0.8200
42.8977 -6.8067 4.6641 0.8397
17.0537 -0.8475 1.8335 0.9336
47.6188 1.0551 5.1146 0.8256
27.8131 2.6210 2.9998 0.8937
22.9743 5.5630 2.5383 0.9093
30.0221 9.5961 3.3845 0.8809
18.7894 7.5304 2.1736 0.9218
18.2569 8.0892 2.1443 0.9228
13.4969 9.1664 1.7520 0.9365
14.1245 10.3525 1.8805 0.9320
13.5502 10.6999 1.8540 0.9329
13.2181 11.2310 1.8625 0.9326
12.6757 11.5788 1.8435 0.9333
16.8471 16.5368 2.5350 0.9094
9.3547 13.2381 1.7406 0.9369
8.8566 13.5394 1.7373 0.9370
8.5077 14.0850 1.7670 0.9359
10.8179 21.2140 2.5571 0.9086
9.2024 21.7800 2.5390 0.9093
6.3138 16.5796 1.9051 0.9311
5.4239 15.9412 1.8082 0.9345
4.2066 16.0613 1.7829 0.9354
3.2208 17.2729 1.8868 0.9318
0.3629 8.9035 0.9569 0.9648
-0.2779 8.9432 0.9608 0.9646
-1.3375 19.9413 2.1461 0.9227
-2.1021 20.3619 2.1981 0.9209
-4.2349 30.3200 3.2874 0.8841
-3.9000 22.0996 2.4098 0.9137
-4.7320 22.1382 2.4309 0.9130
-11.0930 33.6672 3.8064 0.8671
-16.2668 35.8470 4.2271 0.8535
-15.2992 28.1520 3.4406 0.8791
-18.0776 30.5932 3.8158 0.8668
-19.8498 30.9953 3.9523 0.8624
-27.4364 25.5531 4.0260 0.8600
-45.0789 -15.3000 5.1119 0.8257
-37.7636 -14.3484 4.3380 0.8500
-39.0822 -21.6928 4.7998 0.8354
-34.1813 -20.6112 4.2861 0.8517
-33.4619 -21.8526 4.2916 0.8515
-35.3153 -24.9159 4.6410 0.8404
-37.5005 -28.5275 5.0596 0.8273
-5.3860 -14.9391 1.7053 0.9381
-2.6464 -44.9474 4.8349 0.8343
0.5141 -39.5545 4.2478 0.8529
3.3168 -39.0181 4.2049 0.8542
8.0902 -41.5045 4.5407 0.8436
16.2774 -46.5900 5.2995 0.8199
48.1516 -9.4355 5.2689 0.8209
42.8918 -6.8163 4.6636 0.8397
39.1515 -4.7884 4.2355 0.8533
37.2550 -3.2042 4.0153 0.8603
17.0513 -0.8515 1.8333 0.9336
32.7351 -0.4580 3.5155 0.8766
47.6118 1.0434 5.1139 0.8256
28.5092 1.6501 3.0665 0.8915
23.6833 3.9563 2.5784 0.9079
30.8598 8.6481 3.4414 0.8790
19.7791 7.1089 2.2569 0.9189
18.2621 8.0862 2.1447 0.9228
17.5123 8.5187 2.0912 0.9246
18.0567 9.5998 2.1959 0.9210
22.4378 12.9829 2.7837 0.9010
15.5071 9.7319 1.9659 0.9290
14.1285 10.3501 1.8807 0.9320
13.5540 10.6976 1.8542 0.9329
13.2219 11.2288 1.8627 0.9326
12.6659 11.5642 1.8417 0.9333
16.8352 16.5173 2.5326 0.9095
16.4658 17.3579 2.5691 0.9082
10.0324 13.1608 1.7770 0.9356
9.2094 21.7820 2.5395 0.9092
5.4274 15.9390 1.8081 0.9345
4.8267 16.0401 1.7987 0.9348
4.2760 16.3104 1.8106 0.9344
3.7298 16.6409 1.8313 0.9337
3.2247 17.2706 1.8866 0.9318
0.3651 8.9048 0.9570 0.9648
0.0445 8.7593 0.9406 0.9654
-0.2757 8.9419 0.9607 0.9646
-1.3325 19.9384 2.1458 0.9228
-4.2268 30.3151 3.2868 0.8841
-3.8948 22.1011 2.4098 0.9137
-11.0818 33.6603 3.8054 0.8671
-10.3328 25.1477 2.9195 0.8964
-16.2608 35.8568 4.2278 0.8535
-13.8651 27.8687 3.3425 0.8823
-15.2862 28.1441 3.4391 0.8791
-19.8447 31.0038 3.9528 0.8624
-27.4303 25.5598 4.0261 0.8600
-48.0046 -8.9017 5.2427 0.8217
-45.0918 -15.2922 5.1129 0.8257
-41.3299 -17.4140 4.8160 0.8349
-34.9228 -16.2141 4.1345 0.8565
-38.0915 -19.3766 4.5891 0.8420
-39.0710 -21.6743 4.7978 0.8355
-33.4504 -21.8336 4.2894 0.8515
13.5465 10.7023 1.4614 0.9330
13.2134 11.2324 1.4681 0.9328
16.8602 16.5577 2.0004 0.9095
10.5308 12.8444 1.4060 0.9355
10.0250 13.1642 1.4007 0.9357
9.3514 13.2402 1.3722 0.9370
8.5037 14.0860 1.3929 0.9361
7.9923 14.3817 1.3928 0.9361
10.6688 20.9341 1.9890 0.9100
9.9429 21.3732 1.9955 0.9097
5.4200 15.9424 1.4254 0.9346
3.2167 17.2740 1.4874 0.9319
3.6683 24.5702 2.1030 0.9051
1.5039 19.6458 1.6679 0.9240
0.3602 8.8901 0.7532 0.9649
0.0402 8.7592 0.7415 0.9654
-0.2800 8.9418 0.7573 0.9647
-3.0013 29.0038 2.4684 0.8895
-4.2430 30.3252 2.5921 0.8843
-3.8573 21.8266 1.8763 0.9149
-4.7280 22.0936 1.9126 0.9133
-6.1243 21.0892 1.8590 0.9156
-8.3245 25.2445 2.2502 0.8988
-9.0916 24.5680 2.2176 0.9002
-10.3517 25.1594 2.3030 0.8965
-15.3124 28.1603 2.7135 0.8793
-16.6452 19.2307 2.1530 0.9029
-22.1072 -4.9375 1.9175 0.9131
-37.7706 -14.3615 3.4207 0.8503
-41.3231 -17.4346 3.7967 0.8352
-34.9265 -16.2364 3.2605 0.8567
-39.1172 -21.7245 3.7878 0.8356
-34.1748 -20.6185 3.3787 0.8520
-35.3270 -24.9368 3.6605 0.8406
-37.5145 -28.5523 3.9909 0.8276
-6.6666 -12.5168 1.2005 0.9447
-5.3786 -14.9298 1.3434 0.9383
-4.5642 -48.1697 4.0960 0.8235
-0.9483 -41.8311 3.5420 0.8454
3.3007 -38.7189 3.2895 0.8556
8.1019 -41.5113 3.5804 0.8438
9.9337 -42.6851 3.7100 0.8387
11.9631 -44.1600 3.8730 0.8322
14.0897 -45.4745 4.0301 0.8260
39.1323 -4.7765 3.3372 0.8536
17.0492 -0.8472 1.4450 0.9338
36.4086 4.7548 3.1083 0.8630
23.3472 4.7732 2.0173 0.9088
22.8115 6.3986 2.0056 0.9093
19.9312 7.1689 1.7930 0.9185
18.7895 7.5304 1.7136 0.9220
23.5069 12.5047 2.2540 0.8986
22.4319 12.9866 2.1942 0.9012
13.5503 10.7000 1.4616 0.9330
13.2172 11.2302 1.4682 0.9327
12.6789 11.5817 1.4537 0.9334
15.7539 17.8578 2.0159 0.9088
9.0103 21.3254 1.9598 0.9113
6.3143 16.5809 1.5020 0.9313
3.7261 16.6432 1.4438 0.9338
3.6739 24.5667 2.1028 0.9051
2.8094 24.8574 2.1176 0.9045
1.5092 19.6537 1.6686 0.9239
-1.3443 20.0425 1.7005 0.9225
-2.9927 28.9890 2.4670 0.8896
-4.2349 30.3203 2.5916 0.8844
-3.8532 21.8342 1.8769 0.9148
-8.3201 25.2515 2.2507 0.8988
-9.0831 24.5632 2.2170 0.9002
-10.3423 25.1537 2.3023 0.8966
-16.6685 19.2669 2.1567 0.9028
-27.4329 25.5498 3.1735 0.8603
-37.7624 -14.3480 3.4197 0.8503
-41.3345 -17.4277 3.7974 0.8352
-34.9242 -16.2251 3.2599 0.8568
-38.0953 -19.3901 3.6186 0.8423
-39.1060 -21.7060 3.7862 0.8357
-34.1809 -20.6110 3.3789 0.8519
-35.3137 -24.9147 3.6585 0.8407
6.4108 -40.6004 3.4795 0.8479
8.0902 -41.5042 3.5796 0.8439
9.9259 -42.6979 3.7109 0.8386
43.0900 -6.8478 3.6935 0.8393
37.5199 -3.2270 3.1879 0.8597
17.0468 -0.8512 1.4449 0.9338
32.8212 -0.4592 2.7787 0.8765
31.4535 0.6893 2.6633 0.8814
22.5756 5.4607 1.9662 0.9110
22.8079 6.3916 2.0051 0.9093
30.0309 9.5910 2.6687 0.8811
18.7947 7.5273 1.7139 0.9219
17.6043 8.5635 1.6572 0.9244
23.5128 12.5005 2.2542 0.8986
13.4793 9.1497 1.3791 0.9367
14.1285 10.3502 1.4826 0.9321
13.5541 10.6977 1.4617 0.9330
13.2211 11.2280 1.4683 0.9327
12.6691 11.5672 1.4522 0.9335
10.0317 13.1600 1.4008 0.9357
9.3581 13.2361 1.3722 0.9370
8.8600 13.5375 1.3696 0.9371
8.5106 14.0821 1.3929 0.9361
10.6785 20.9282 1.9889 0.9100
9.0150 21.3224 1.9597 0.9113
6.3248 16.5965 1.5035 0.9312
5.4271 15.9380 1.4253 0.9346
4.8263 16.0389 1.4179 0.9350
4.2760 16.3105 1.4274 0.9346
3.7298 16.6410 1.4437 0.9338
1.5146 19.6616 1.6693 0.9239
0.3646 8.8926 0.7534 0.9649
0.0444 8.7568 0.7413 0.9655
-0.2757 8.9394 0.7571 0.9647
-2.9841 28.9741 2.4657 0.8897
-6.1172 21.1025 1.8599 0.9156
-8.3157 25.2586 2.2511 0.8988
-12.3852 27.3107 2.5385 0.8866
-13.9130 27.9650 2.6441 0.8822
-15.2863 28.1445 2.7112 0.8794
-15.9179 26.9531 2.6499 0.8819
-19.8443 31.0031 3.1160 0.8626
-16.6919 19.3034 2.1603 0.9026
-27.4267 25.5565 3.1735 0.8603
-41.0649 -12.3017 3.6289 0.8419
-45.1104 -15.2985 4.0323 0.8260
-37.7542 -14.3345 3.4186 0.8503
-41.3459 -17.4207 3.7980 0.8352
-38.1057 -19.3838 3.6191 0.8423
-39.0948 -21.6875 3.7846 0.8357
-22.1916 -14.4848 2.2433 0.8991
14.1208 10.3550 1.0858 0.9322
13.5466 10.7024 1.0706 0.9331
13.2125 11.2317 1.0753 0.9329
12.6919 11.5992 1.0662 0.9334
16.1880 17.0815 1.4593 0.9100
7.9918 14.3808 1.0202 0.9362
10.7294 21.0530 1.4653 0.9096
4.2688 16.3150 1.0458 0.9346
1.5039 19.6466 1.2219 0.9241
0.0402 8.7567 0.5430 0.9655
-0.2800 8.9393 0.5546 0.9648
-1.3492 20.0439 1.2457 0.9226
-4.7277 22.0917 1.4009 0.9134
-5.6149 22.2941 1.4257 0.9120
-6.1252 21.0924 1.3620 0.9157
-8.3742 25.3951 1.6582 0.8984
-9.1641 24.7640 1.6374 0.8996
-15.3126 28.1606 1.9877 0.8794
-15.9266 26.9383 1.9406 0.8821
-16.5535 19.1247 1.5685 0.9036
-34.2098 29.6269 2.8063 0.8341
-31.0040 -9.3041 2.0073 0.8783
-44.9353 -15.2633 2.9428 0.8268
-41.2939 -17.4223 2.7792 0.8356
-34.9257 -16.2360 2.3883 0.8570
-38.0554 -19.3813 2.6482 0.8427
-35.3253 -24.9356 2.6813 0.8409
-2.6264 -44.7917 2.7823 0.8354
-0.9483 -41.8327 2.5948 0.8456
0.5237 -39.5597 2.4533 0.8534
6.4723 -40.9265 2.5694 0.8470
9.9340 -42.6862 2.7177 0.8389
14.0024 -45.1928 2.9339 0.8273
12.1803 -25.6019 1.7581 0.8926
39.1328 -4.7765 2.4446 0.8539
36.9814 -3.1717 2.3016 0.8618
17.0447 -0.8470 1.0583 0.9339
32.3369 -0.4447 2.0054 0.8784
32.7058 0.7246 2.0286 0.8771
27.4838 2.5899 1.7118 0.8953
23.6835 3.9622 1.4890 0.9083
23.3474 4.7732 1.4777 0.9089
22.6869 5.4934 1.4475 0.9107
19.9297 7.1684 1.3134 0.9186
18.7897 7.5305 1.2552 0.9221
18.3506 8.1307 1.2446 0.9227
17.5981 8.5657 1.2137 0.9246
23.6404 12.5757 1.6605 0.8982
22.4320 12.9867 1.6073 0.9013
21.7957 13.6858 1.5959 0.9020
14.9726 10.1686 1.1223 0.9300
13.5504 10.7001 1.0707 0.9331
13.2163 11.2295 1.0754 0.9329
12.6821 11.5847 1.0651 0.9335
16.8497 16.5394 1.4641 0.9097
16.1930 17.0786 1.4594 0.9100
15.8434 17.9592 1.4851 0.9085
10.5335 12.8414 1.0299 0.9356
10.0277 13.1613 1.0260 0.9358
8.8567 13.5396 1.0033 0.9372
10.0043 21.4916 1.4700 0.9094
5.4232 15.9392 1.0440 0.9348
4.2724 16.3128 1.0457 0.9347
3.7261 16.6433 1.0576 0.9339
1.5093 19.6545 1.2224 0.9240
0.3619 8.8793 0.5511 0.9650
-0.2778 8.9380 0.5545 0.9648
-1.3442 20.0410 1.2455 0.9227
-5.6082 22.2900 1.4253 0.9120
-6.1214 21.0982 1.3623 0.9157
-8.3697 25.4019 1.6585 0.8984
-9.1553 24.7584 1.6369 0.8996
-15.9225 26.9461 1.9408 0.8821
-19.8490 30.9940 2.2823 0.8629
-27.4198 25.5377 2.3235 0.8606
-22.1128 -4.9331 1.4049 0.9132
-41.0717 -12.3145 2.6589 0.8421
-37.7612 -14.3475 2.5049 0.8505
-34.9233 -16.2246 2.3879 0.8570
-39.0596 -21.6803 2.7702 0.8361
-35.3120 -24.9135 2.6798 0.8410
-4.5584 -47.9851 2.9890 0.8243
-2.6384 -44.8115 2.7836 0.8354
0.5141 -39.5539 2.4530 0.8534
3.3167 -39.0175 2.4282 0.8548
4.8447 -39.9419 2.4950 0.8511
6.4612 -40.9198 2.5689 0.8470
13.9877 -45.1839 2.9331 0.8273
16.2386 -46.4788 3.0530 0.8209
12.1250 -25.5014 1.7510 0.8930
43.0909 -6.8479 2.7056 0.8396
36.9760 -3.1802 2.3014 0.8618
17.0423 -0.8510 1.0581 0.9339
32.3507 -0.4526 2.0063 0.8784
23.6799 3.9557 1.4887 0.9083
23.3546 4.7689 1.4781 0.9089
22.6939 5.4893 1.4478 0.9107
22.9202 6.4231 1.4760 0.9090
19.9351 7.1649 1.3136 0.9186
18.7949 7.5274 1.2555 0.9221
22.4381 12.9830 1.6075 0.9013
14.9766 10.1660 1.1224 0.9300
14.1286 10.3503 1.0861 0.9322
13.5542 10.6978 1.0708 0.9331
16.1981 17.0757 1.4595 0.9100
9.3582 13.2362 1.0052 0.9371
8.8600 13.5376 1.0033 0.9372
8.5100 14.0812 1.0203 0.9362
7.9987 14.3768 1.0202 0.9362
10.0092 21.4887 1.4700 0.9094
6.3253 16.5978 1.1014 0.9313
4.2760 16.3107 1.0456 0.9347
3.7298 16.6411 1.0575 0.9339
3.6929 24.6539 1.5459 0.9049
2.8151 24.8541 1.5511 0.9046
1.5146 19.6624 1.2229 0.9240
0.0444 8.7543 0.5429 0.9655
-0.2756 8.9368 0.5544 0.9648
-1.3391 20.0381 1.2453 0.9227
-2.9531 28.6727 1.7874 0.8909
-3.8492 21.8424 1.3753 0.9149
-4.7148 22.0835 1.4003 0.9135
-6.1176 21.1041 1.3625 0.9157
-10.3330 25.1482 1.6860 0.8968
-12.9761 28.6138 1.9483 0.8817
-13.7165 27.5700 1.9095 0.8839
-15.9183 26.9538 1.9411 0.8821
-19.8439 31.0024 2.2826 0.8628
-16.5585 19.1491 1.5698 0.9035
-27.4137 25.5444 2.3235 0.8606
-34.1052 29.5651 2.7989 0.8345
-22.1154 -4.9281 1.4050 0.9132
-44.9609 -15.2478 2.9440 0.8267
-37.7531 -14.3340 2.5041 0.8506
-41.3168 -17.4085 2.7802 0.8355
-38.0761 -19.3688 2.6490 0.8426
-34.1867 -20.6032 2.4752 0.8522
-20.8848 -13.6319 1.5465 0.9049
14.1209 10.3551 0.6905 0.9323
13.2116 11.2310 0.6837 0.9329
12.6952 11.6022 0.6781 0.9335
10.5295 12.8428 0.6548 0.9357
10.0237 13.1626 0.6524 0.9359
9.3516 13.2403 0.6392 0.9372
8.8534 13.5417 0.6380 0.9373
7.9913 14.3799 0.6487 0.9363
10.1085 21.7291 0.9450 0.9085
9.0381 21.4056 0.9162 0.9112
5.4194 15.9404 0.6639 0.9348
4.8089 16.0088 0.6591 0.9353
3.7225 16.6457 0.6726 0.9340
3.6816 24.6592 0.9831 0.9050
2.8038 24.8611 0.9865 0.9047
1.5040 19.6474 0.7770 0.9242
0.3592 8.8659 0.3499 0.9651
0.0402 8.7543 0.3452 0.9656
-0.2799 8.9367 0.3526 0.9648
-1.3491 20.0424 0.7921 0.9227
-2.9677 28.6791 1.1369 0.8910
-4.2562 30.4190 1.2111 0.8843
-3.8575 21.8278 0.8740 0.9151
-4.7272 22.0898 0.8907 0.9135
-5.6149 22.2943 0.9065 0.9121
-8.3744 25.3957 1.0544 0.8985
-10.3519 25.1599 1.0728 0.8968
-18.5113 31.3099 1.4342 0.8645
-19.8536 30.9849 1.4510 0.8630
-16.5487 19.1191 0.9971 0.9037
-27.4234 25.5287 1.4773 0.8607
-48.0172 -8.9280 1.9258 0.8224
-30.8964 -9.2718 1.2719 0.8789
-29.5414 -10.0344 1.2302 0.8826
-37.7682 -14.3606 1.5932 0.8507
-34.9248 -16.2356 1.5186 0.8571
-39.1374 -21.7358 1.7653 0.8359
-34.1739 -20.6180 1.5738 0.8523
-35.3236 -24.9344 1.7049 0.8411
-37.5106 -28.5493 1.8587 0.8280
-5.3706 -14.9073 0.6248 0.9385
-4.5642 -48.1691 1.9079 0.8239
-2.6575 -45.3228 1.7902 0.8338
-0.9484 -41.8343 1.6500 0.8458
0.5237 -39.5594 1.5600 0.8535
3.4512 -21.8232 0.8712 0.9154
3.6993 -18.9540 0.7615 0.9256
9.9343 -42.6874 1.7282 0.8391
11.9638 -44.1624 1.8041 0.8326
14.0904 -45.4768 1.8773 0.8265
16.2866 -46.5802 1.9457 0.8208
12.1044 -25.4423 1.1110 0.8933
48.1248 -9.4183 1.9336 0.8218
17.0403 -0.8468 0.6727 0.9340
32.5078 -0.4470 1.2819 0.8780
32.8054 0.7269 1.2939 0.8769
23.3476 4.7733 0.9397 0.9090
19.9281 7.1678 0.8351 0.9187
17.5967 8.5650 0.7717 0.9246
21.7966 13.6863 1.0148 0.9021
14.9716 10.1679 0.7136 0.9301
13.5505 10.7002 0.6808 0.9332
12.6854 11.5876 0.6775 0.9335
16.8510 16.5407 0.9311 0.9098
16.1920 17.0775 0.9279 0.9101
16.0163 18.1552 0.9546 0.9076
10.5329 12.8406 0.6549 0.9357
10.0271 13.1605 0.6524 0.9359
9.3549 13.2383 0.6392 0.9372
8.5061 14.0823 0.6487 0.9363
7.9947 14.3779 0.6487 0.9363
10.8514 21.2797 0.9419 0.9088
10.1134 21.7261 0.9450 0.9085
9.0429 21.4026 0.9162 0.9112
5.4229 15.9382 0.6638 0.9348
4.8172 16.0226 0.6597 0.9352
4.2725 16.3129 0.6649 0.9347
3.2201 17.2695 0.6927 0.9321
2.8094 24.8577 0.9864 0.9047
1.5094 19.6554 0.7773 0.9241
0.3614 8.8672 0.3499 0.9651
-0.2777 8.9355 0.3525 0.9648
-1.3441 20.0395 0.7920 0.9227
-4.2480 30.4141 1.2109 0.8843
-4.7208 22.0857 0.8905 0.9136
-8.3699 25.4025 1.0546 0.8985
-9.1544 24.7559 1.0407 0.8997
-10.3425 25.1542 1.0724 0.8968
-13.7211 27.5628 1.2140 0.8840
-15.2997 28.1530 1.2634 0.8796
-18.5058 31.3180 1.4344 0.8645
-19.8485 30.9934 1.4512 0.8630
-16.5457 19.1249 0.9972 0.9037
-48.0091 -8.9145 1.9254 0.8224
-41.3491 -17.4338 1.7694 0.8356
-38.1061 -19.3956 1.6860 0.8427
-34.1801 -20.6105 1.5738 0.8523
-5.3739 -14.9054 0.6248 0.9385
-4.5752 -48.1624 1.9076 0.8239
3.4456 -21.8216 0.8711 0.9154
3.6953 -18.9576 0.7616 0.9256
9.9265 -42.7003 1.7286 0.8390
11.9559 -44.1753 1.8045 0.8326
48.1541 -9.4360 1.9349 0.8217
43.0918 -6.8481 1.7205 0.8397
39.1532 -4.7886 1.5554 0.8539
37.1043 -3.1912 1.4685 0.8615
32.5217 -0.4550 1.2825 0.8779
32.8011 0.7189 1.2937 0.8769
28.5101 1.6501 1.1261 0.8920
27.4908 2.5839 1.0888 0.8954
24.8982 4.1593 0.9954 0.9039
23.3548 4.7689 0.9399 0.9090
22.6919 5.4888 0.9206 0.9108
30.1238 9.6207 1.2469 0.8811
19.9335 7.1644 0.8352 0.9187
18.7950 7.5274 0.7983 0.9221
23.6450 12.5708 1.0559 0.8983
22.4383 12.9831 1.0222 0.9014
21.7894 13.6745 1.0144 0.9021
13.5543 10.6979 0.6809 0.9332
12.6755 11.5730 0.6768 0.9336
16.1970 17.0746 0.9280 0.9101
16.0213 18.1521 0.9547 0.9076
9.3582 13.2363 0.6392 0.9372
8.8601 13.5377 0.6380 0.9373
8.5095 14.0803 0.6487 0.9363
10.1184 21.7231 0.9449 0.9085
5.4264 15.9360 0.6638 0.9348
4.2761 16.3108 0.6649 0.9347
3.7299 16.6412 0.6725 0.9340
2.8151 24.8543 0.9863 0.9047
0.3636 8.8685 0.3500 0.9651
0.0444 8.7519 0.3451 0.9656
-0.2755 8.9342 0.3525 0.9649
-2.9529 28.6705 1.1365 0.8910
-3.8494 21.8430 0.8746 0.9150
-4.7144 22.0816 0.8903 0.9136
-9.1455 24.7503 1.0404 0.8998
-13.7168 27.5707 1.2143 0.8840
-18.5004 31.3260 1.4345 0.8645
-19.8434 31.0018 1.4514 0.8630
-16.5426 19.1307 0.9973 0.9037
-30.9031 -9.2576 1.2720 0.8789
-44.9621 -15.2482 1.8721 0.8269
-39.1150 -21.6987 1.7638 0.8361
-34.1863 -20.6029 1.5739 0.8523
14.1210 10.3551 0.2958 0.9323
13.2108 11.2302 0.2929 0.9330
16.8641 16.5615 0.3993 0.9098
16.0113 18.1584 0.4089 0.9077
10.5288 12.8420 0.2805 0.9357
9.3516 13.2404 0.2738 0.9372
8.5021 14.0834 0.2779 0.9363
10.8465 21.2828 0.4035 0.9089
6.3054 16.5697 0.2995 0.9315
4.2689 16.3152 0.2849 0.9348
3.6814 24.6576 0.4211 0.9051
2.8038 24.8613 0.4226 0.9048
0.3588 8.8540 0.1497 0.9652
0.0402 8.7518 0.1478 0.9656
-0.2798 8.9342 0.1510 0.9649
-10.3520 25.1601 0.4596 0.8969
-13.7258 27.5555 0.5200 0.8841
-16.5439 19.1136 0.4270 0.9038
-27.4218 25.5272 0.6328 0.8608
-48.0160 -8.9278 0.8250 0.8225
-22.1161 -4.9395 0.3828 0.9133
-41.0774 -12.3270 0.7244 0.8423
-44.2233 -15.0214 0.7889 0.8296
-34.9239 -16.2351 0.6506 0.8572
-38.0549 -19.3811 0.7214 0.8429
-33.2415 -18.4614 0.6423 0.8589
-33.4674 -21.8676 0.6753 0.8522
-37.5086 -28.5478 0.7962 0.8281
-5.3665 -14.8962 0.2675 0.9386
-4.5641 -48.1688 0.8173 0.8240
-2.6576 -45.3246 0.7669 0.8339
-0.9484 -41.8359 0.7069 0.8459
3.3266 -39.0229 0.6616 0.8550
3.1273 -19.7750 0.3382 0.9230
9.9345 -42.6886 0.7404 0.8392
11.9641 -44.1635 0.7729 0.8327
14.0908 -45.4780 0.8042 0.8266
16.2870 -46.5814 0.8336 0.8209
48.1257 -9.4185 0.8284 0.8219
43.0936 -6.8378 0.7370 0.8398
39.1340 -4.7767 0.6660 0.8541
37.1125 -3.1830 0.6292 0.8616
32.5037 -0.4470 0.5491 0.8781
32.8077 0.7269 0.5543 0.8770
28.5000 1.6564 0.4822 0.8921
27.4779 2.5894 0.4662 0.8955
27.9027 3.6439 0.4753 0.8935
24.8882 4.1637 0.4263 0.9040
22.9276 6.4311 0.4022 0.9091
30.1155 9.6260 0.5341 0.8812
19.9266 7.1672 0.3577 0.9188
17.5954 8.5644 0.3306 0.9247
23.6371 12.5739 0.4523 0.8984
22.4323 12.9869 0.4378 0.9015
21.7975 13.6869 0.4348 0.9022
14.9705 10.1672 0.3057 0.9302
13.5506 10.7002 0.2917 0.9333
12.6886 11.5905 0.2903 0.9336
16.8523 16.5420 0.3989 0.9099
10.5322 12.8398 0.2805 0.9357
9.3550 13.2384 0.2738 0.9372
8.8568 13.5397 0.2733 0.9373
10.8514 21.2798 0.4035 0.9089
10.1135 21.7263 0.4048 0.9086
9.0423 21.4012 0.3924 0.9112
6.3159 16.5852 0.2998 0.9315
5.4225 15.9372 0.2844 0.9349
4.2725 16.3130 0.2848 0.9348
3.7262 16.6435 0.2881 0.9340
3.6869 24.6541 0.4211 0.9051
1.5094 19.6562 0.3330 0.9242
0.3609 8.8553 0.1497 0.9652
-4.2481 30.4143 0.5187 0.8844
-3.8535 21.8361 0.3745 0.9151
-4.7204 22.0838 0.3815 0.9136
-5.6082 22.2904 0.3883 0.9121
-6.7604 23.3007 0.4098 0.9075
-9.1534 24.7534 0.4458 0.8998
-13.7215 27.5635 0.5201 0.8841
-15.2999 28.1534 0.5412 0.8797
-18.5062 31.3186 0.6145 0.8646
-19.8481 30.9927 0.6217 0.8631
-16.5409 19.1194 0.4271 0.9038
-27.4157 25.5339 0.6328 0.8608
-22.1187 -4.9345 0.3828 0.9133
-41.0694 -12.3138 0.7243 0.8424
-44.2224 -15.0092 0.7889 0.8296
-37.7589 -14.3467 0.6823 0.8508
-40.9496 -17.2654 0.7507 0.8371
-34.9216 -16.2238 0.6504 0.8572
-34.1797 -20.6102 0.6742 0.8524
-37.4927 -28.5215 0.7957 0.8282
0.5141 -39.5534 0.6682 0.8536
3.3167 -39.0169 0.6614 0.8550
3.8332 -19.6654 0.3384 0.9230
9.9268 -42.7014 0.7405 0.8391
11.9562 -44.1765 0.7731 0.8327
16.2790 -46.5946 0.8337 0.8208
12.0785 -25.4036 0.4751 0.8936
48.1549 -9.4362 0.8289 0.8218
39.1538 -4.7886 0.6663 0.8540
17.0334 -0.8506 0.2881 0.9340
32.5176 -0.4550 0.5493 0.8780
32.8034 0.7189 0.5542 0.8770
28.5104 1.6502 0.4824 0.8920
24.8959 4.1589 0.4264 0.9040
22.9238 6.4241 0.4021 0.9092
30.1241 9.6208 0.5342 0.8812
18.3530 8.1264 0.3390 0.9228
17.6003 8.5615 0.3306 0.9247
23.6433 12.5699 0.4523 0.8984
22.4384 12.9832 0.4379 0.9015
21.7904 13.6751 0.4346 0.9022
13.5544 10.6979 0.2917 0.9333
12.6787 11.5760 0.2900 0.9336
16.8404 16.5224 0.3985 0.9099
16.1960 17.0735 0.3975 0.9101
16.0214 18.1522 0.4090 0.9077
10.5356 12.8377 0.2805 0.9357
9.3583 13.2364 0.2738 0.9372
8.8601 13.5377 0.2733 0.9373
8.5090 14.0795 0.2779 0.9363
7.9977 14.3750 0.2779 0.9363
9.0471 21.3982 0.3924 0.9112
6.3264 16.6008 0.3001 0.9314
5.4261 15.9350 0.2843 0.9349
3.7299 16.6413 0.2881 0.9340
3.2238 17.2661 0.2967 0.9321
3.6924 24.6506 0.4210 0.9051
2.8151 24.8544 0.4225 0.9048
-0.2754 8.9317 0.1509 0.9649
-1.3389 20.0351 0.3392 0.9228
-2.9526 28.6683 0.4868 0.8911
-3.8495 21.8437 0.3747 0.9151
-4.7140 22.0797 0.3814 0.9136
-5.6015 22.2863 0.3882 0.9122
-13.7172 27.5714 0.5202 0.8841
-15.2869 28.1455 0.5410 0.8797
-18.5008 31.3266 0.6146 0.8645
-27.4096 25.5405 0.6328 0.8608
-47.9997 -8.9008 0.8246 0.8226
-41.0614 -12.3007 0.7241 0.8424
-44.2215 -14.9970 0.7888 0.8296
-38.0756 -19.3685 0.7216 0.8429
-33.3198 -18.4839 0.6436 0.8586
-33.4445 -21.8297 0.6746 0.8523
13.5469 10.7026 -0.0972 0.9333
16.8654 16.5628 -0.1331 0.9098
16.1848 17.0782 -0.1325 0.9102
16.0114 18.1585 -0.1363 0.9077
10.5282 12.8412 -0.0935 0.9357
10.0225 13.1610 -0.0931 0.9360
9.3517 13.2405 -0.0913 0.9372
8.8535 13.5418 -0.0911 0.9373
8.5016 14.0825 -0.0926 0.9363
7.9903 14.3781 -0.0926 0.9363
10.1086 21.7294 -0.1349 0.9086
9.0370 21.4029 -0.1308 0.9113
6.3060 16.5712 -0.0998 0.9315
4.2689 16.3153 -0.0950 0.9348
2.8038 24.8615 -0.1408 0.9048
-1.3489 20.0394 -0.1131 0.9228
-4.7264 22.0860 -0.1272 0.9136
-9.1613 24.7565 -0.1486 0.8998
-16.2708 35.8330 -0.2216 0.8543
-13.7262 27.5562 -0.1733 0.8841
-15.3132 28.1616 -0.1805 0.8797
-19.8528 30.9836 -0.2072 0.8631
-16.5391 19.1081 -0.1423 0.9039
-43.5697 7.7121 -0.2491 0.8378
-22.1190 -4.9401 -0.1276 0.9133
-38.1329 -19.4208 -0.2409 0.8427
-33.0758 -18.3694 -0.2130 0.8596
-35.3203 -24.9321 -0.2434 0.8412
-37.5067 -28.5463 -0.2654 0.8282
-6.6618 -12.5077 -0.0798 0.9449
-6.3443 -48.3865 -0.2748 0.8227
-4.3465 -45.8722 -0.2594 0.8317
0.5237 -39.5589 -0.2227 0.8536
1.8556 -37.7314 -0.2127 0.8598
4.8551 -39.9473 -0.2266 0.8513
3.1212 -19.7360 -0.1125 0.9232
9.9348 -42.6897 -0.2468 0.8392
17.9481 -45.9657 -0.2778 0.8209
48.9325 -9.5764 -0.2807 0.8192
37.1150 -3.1832 -0.2097 0.8616
17.0313 -0.8463 -0.0960 0.9341
32.8100 0.7270 -0.1848 0.8770
27.4749 2.5891 -0.1554 0.8955
24.8859 4.1634 -0.1421 0.9040
22.6807 5.4919 -0.1314 0.9109
30.1157 9.6260 -0.1780 0.8812
19.9250 7.1667 -0.1192 0.9188
18.7901 7.5307 -0.1140 0.9222
18.3464 8.1288 -0.1130 0.9229
17.5941 8.5637 -0.1102 0.9247
21.7984 13.6875 -0.1449 0.9022
14.1250 10.3528 -0.0986 0.9323
13.5507 10.7003 -0.0972 0.9333
12.6918 11.5934 -0.0968 0.9336
16.8536 16.5432 -0.1330 0.9099
16.1899 17.0753 -0.1325 0.9102
10.5316 12.8390 -0.0935 0.9357
10.0259 13.1589 -0.0931 0.9360
10.1136 21.7264 -0.1349 0.9086
9.0417 21.3999 -0.1308 0.9113
4.2725 16.3131 -0.0949 0.9348
1.5095 19.6571 -0.1110 0.9242
-1.3439 20.0365 -0.1131 0.9228
-4.2481 30.4145 -0.1729 0.8844
-3.8537 21.8368 -0.1248 0.9151
-4.7200 22.0819 -0.1271 0.9136
-5.6083 22.2906 -0.1294 0.9122
-6.7598 23.2986 -0.1366 0.9075
-8.3703 25.4037 -0.1506 0.8985
-10.3427 25.1547 -0.1531 0.8969
-18.5066 31.3192 -0.2048 0.8646
-27.4151 25.5333 -0.2109 0.8608
-43.5755 7.7239 -0.2492 0.8378
-22.1216 -4.9351 -0.1276 0.9133
-41.0682 -12.3135 -0.2414 0.8424
-44.2827 -15.0297 -0.2633 0.8294
-41.0103 -17.2910 -0.2506 0.8369
-34.9207 -16.2234 -0.2168 0.8573
-33.0825 -18.3627 -0.2130 0.8595
-37.4908 -28.5200 -0.2652 0.8283
-5.3659 -14.8831 -0.0891 0.9387
-6.3594 -48.4115 -0.2749 0.8226
3.3166 -39.0166 -0.2205 0.8550
4.8446 -39.9409 -0.2265 0.8513
3.1164 -19.7368 -0.1125 0.9232
3.8257 -19.6266 -0.1126 0.9231
9.9270 -42.7026 -0.2468 0.8391
11.9566 -44.1777 -0.2577 0.8327
15.5531 -44.5167 -0.2655 0.8281
12.0602 -25.3651 -0.1581 0.8937
48.9259 -9.5873 -0.2807 0.8192
43.0935 -6.8484 -0.2457 0.8398
39.1544 -4.7887 -0.2221 0.8540
37.1093 -3.1917 -0.2097 0.8616
32.5134 -0.4549 -0.1831 0.8780
32.8056 0.7190 -0.1848 0.8770
28.5107 1.6502 -0.1608 0.8920
27.4848 2.5833 -0.1554 0.8955
24.8936 4.1585 -0.1421 0.9040
23.3552 4.7690 -0.1342 0.9091
22.6877 5.4878 -0.1314 0.9109
22.9257 6.4246 -0.1340 0.9092
30.1243 9.6208 -0.1780 0.8812
19.9304 7.1633 -0.1192 0.9188
18.7953 7.5275 -0.1140 0.9222
18.3516 8.1258 -0.1130 0.9229
17.5990 8.5609 -0.1102 0.9247
14.1289 10.3505 -0.0986 0.9323
13.5545 10.6980 -0.0972 0.9333
12.6819 11.5788 -0.0967 0.9336
16.1949 17.0724 -0.1325 0.9102
16.0215 18.1524 -0.1363 0.9077
10.5349 12.8369 -0.0935 0.9357
9.3584 13.2364 -0.0913 0.9372
7.9972 14.3741 -0.0926 0.9363
9.0465 21.3969 -0.1308 0.9113
5.4257 15.9339 -0.0948 0.9349
4.2761 16.3110 -0.0949 0.9348
3.7299 16.6414 -0.0960 0.9341
3.6922 24.6489 -0.1403 0.9051
2.8151 24.8546 -0.1408 0.9048
1.5149 19.6651 -0.1110 0.9241
0.0444 8.7470 -0.0492 0.9656
-0.2753 8.9291 -0.0503 0.9649
-1.3388 20.0336 -0.1130 0.9228
-3.8496 21.8444 -0.1249 0.9151
-4.7136 22.0778 -0.1271 0.9137
-5.6016 22.2865 -0.1294 0.9122
-6.7525 23.2943 -0.1366 0.9075
-9.1437 24.7453 -0.1485 0.8999
-10.3333 25.1490 -0.1531 0.8969
-13.7176 27.5721 -0.1734 0.8841
-15.2871 28.1458 -0.1804 0.8797
-18.5012 31.3272 -0.2048 0.8646
-19.8426 31.0005 -0.2072 0.8631
-16.5331 19.1197 -0.1423 0.9038
-47.9985 -8.9006 -0.2748 0.8226
-22.1242 -4.9301 -0.1276 0.9133
-41.0094 -17.2789 -0.2505 0.8369
-34.9184 -16.2121 -0.2168 0.8573
13.5470 10.7027 -0.4861 0.9332
13.2090 11.2287 -0.4882 0.9330
12.7048 11.6109 -0.4846 0.9334
16.8667 16.5641 -0.6657 0.9097
16.0115 18.1586 -0.6817 0.9077
9.3517 13.2406 -0.4564 0.9372
8.8536 13.5419 -0.4556 0.9373
8.5010 14.0817 -0.4632 0.9363
7.9898 14.3772 -0.4631 0.9363
6.3066 16.5728 -0.4993 0.9315
4.2689 16.3154 -0.4749 0.9347
3.7225 16.6460 -0.4803 0.9340
3.2156 17.2683 -0.4946 0.9321
3.6809 24.6543 -0.7019 0.9051
1.5042 19.6500 -0.5549 0.9242
0.0402 8.7469 -0.2463 0.9656
-0.2796 8.9291 -0.2515 0.9649
-2.9670 28.6725 -0.8117 0.8911
-5.6151 22.2948 -0.6474 0.9121
-9.1604 24.7539 -0.7432 0.8998
-16.2704 35.8322 -1.1081 0.8543
-13.7265 27.5569 -0.8669 0.8841
-15.3133 28.1619 -0.9027 0.8796
-18.5124 31.3119 -1.0242 0.8645
-19.8524 30.9829 -1.0361 0.8631
-25.2869 33.8462 -1.1896 0.8445
-43.5087 7.7013 -1.2442 0.8379
-48.0136 -8.9273 -1.3751 0.8225
-22.1219 -4.9408 -0.6383 0.9133
-41.0750 -12.3263 -1.2075 0.8423
-38.1327 -19.4207 -1.2050 0.8426
-33.1600 -18.4161 -1.0680 0.8592
-33.4645 -21.8657 -1.1256 0.8522
-37.5047 -28.5449 -1.3271 0.8281
-5.3585 -14.8739 -0.4452 0.9387
-4.3465 -45.8719 -1.2974 0.8316
-2.6578 -45.3283 -1.2785 0.8339
3.3266 -39.0224 -1.1028 0.8549
4.8551 -39.9470 -1.1331 0.8513
3.1212 -19.7362 -0.5626 0.9232
3.8305 -19.6260 -0.5631 0.9231
9.9351 -42.6909 -1.2342 0.8391
14.0915 -45.4803 -1.3407 0.8265
15.5682 -44.5256 -1.3282 0.8280
17.9480 -45.9652 -1.3894 0.8208
12.0495 -25.3269 -0.7897 0.8938
25.4491 -30.4988 -1.1185 0.8530
48.1273 -9.4188 -1.3809 0.8218
43.0786 -6.8354 -1.2282 0.8398
32.8122 0.7270 -0.9242 0.8769
27.4719 2.5888 -0.7770 0.8955
27.9068 3.6445 -0.7925 0.8935
24.8836 4.1630 -0.7104 0.9040
22.6786 5.4914 -0.6570 0.9109
19.9234 7.1661 -0.5962 0.9188
22.4326 12.9871 -0.7299 0.9015
14.1251 10.3529 -0.4931 0.9323
13.2128 11.2265 -0.4882 0.9330
12.6950 11.5964 -0.4841 0.9335
16.8549 16.5445 -0.6650 0.9098
16.0166 18.1555 -0.6817 0.9077
10.5309 12.8382 -0.4676 0.9357
8.8569 13.5399 -0.4556 0.9373
7.9932 14.3752 -0.4631 0.9363
10.1136 21.7265 -0.6748 0.9086
5.4218 15.9352 -0.4740 0.9349
3.7262 16.6437 -0.4803 0.9340
3.2195 17.2660 -0.4946 0.9321
3.6864 24.6508 -0.7018 0.9051
2.8095 24.8582 -0.7044 0.9047
1.5096 19.6580 -0.5552 0.9241
-0.2775 8.9278 -0.2515 0.9649
-1.3437 20.0350 -0.5654 0.9228
-4.2481 30.4148 -0.8647 0.8844
-3.8538 21.8376 -0.6244 0.9151
-5.6083 22.2908 -0.6472 0.9121
-6.7592 23.2964 -0.6830 0.9075
-8.3705 25.4044 -0.7532 0.8985
-13.7222 27.5649 -0.8670 0.8841
-25.2819 33.8564 -1.1898 0.8444
-16.5313 19.1084 -0.7115 0.9038
-43.5144 7.7131 -1.2444 0.8379
-22.1245 -4.9358 -0.6383 0.9133
-38.0238 -12.9054 -1.1307 0.8516
-37.7566 -14.3458 -1.1373 0.8508
-41.0094 -17.2906 -1.2532 0.8369
-33.4530 -21.8468 -1.1250 0.8522
-35.3052 -24.9088 -1.2166 0.8412
-6.6625 -12.5018 -0.3989 0.9449
-6.3597 -48.4139 -1.3749 0.8225
-2.6700 -45.3484 -1.2791 0.8338
-0.9589 -41.8564 -1.1789 0.8457
0.5141 -39.5528 -1.1138 0.8536
3.8257 -19.6268 -0.5630 0.9231
9.9273 -42.7038 -1.2345 0.8391
11.9569 -44.1788 -1.2887 0.8326
14.0835 -45.4934 -1.3410 0.8265
17.9313 -45.9552 -1.3890 0.8209
12.0420 -25.3268 -0.7897 0.8938
26.6613 -29.7292 -1.1244 0.8523
43.0944 -6.8485 -1.2287 0.8398
17.0245 -0.8501 -0.4800 0.9341
32.5092 -0.4549 -0.9155 0.8780
28.5110 1.6502 -0.8041 0.8920
24.8913 4.1581 -0.7106 0.9039
22.9276 6.4252 -0.6705 0.9091
30.1246 9.6209 -0.8904 0.8811
18.7954 7.5276 -0.5701 0.9222
23.6400 12.5681 -0.7539 0.8984
14.9726 10.1633 -0.5095 0.9301
13.5546 10.6981 -0.4862 0.9332
16.8430 16.5249 -0.6644 0.9099
8.8602 13.5379 -0.4556 0.9373
10.8565 21.2771 -0.6726 0.9088
9.0460 21.3955 -0.6541 0.9112
3.7299 16.6415 -0.4802 0.9340
2.8151 24.8548 -0.7043 0.9048
0.0444 8.7445 -0.2462 0.9656
-0.2753 8.9266 -0.2515 0.9649
-2.9522 28.6639 -0.8114 0.8911
-4.2400 30.4098 -0.8646 0.8844
-3.8497 21.8452 -0.6246 0.9151
-4.7132 22.0759 -0.6356 0.9136
-5.6016 22.2867 -0.6471 0.9121
-16.2586 35.8518 -1.1085 0.8543
-13.7179 27.5729 -0.8672 0.8841
-18.5016 31.3279 -1.0245 0.8645
-19.8422 30.9998 -1.0364 0.8630
-25.2770 33.8669 -1.1899 0.8444
-16.5283 19.1142 -0.7115 0.9038
-27.4083 25.5394 -1.0549 0.8608
-38.0257 -12.8958 -1.1306 0.8516
-37.7484 -14.3322 -1.1370 0.8508
-41.0085 -17.2786 -1.2530 0.8369
-34.9175 -16.2117 -1.0840 0.8572
13.2081 11.2280 -0.8792 0.9329
16.1828 17.0760 -1.1931 0.9101
10.0213 13.1594 -0.8388 0.9359
9.3518 13.2406 -0.8221 0.9371
8.5005 14.0808 -0.8341 0.9362
9.0358 21.4002 -1.1781 0.9112
4.8074 16.0039 -0.8474 0.9353
4.2689 16.3155 -0.8553 0.9347
3.7226 16.6461 -0.8650 0.9340
3.2154 17.2671 -0.8907 0.9321
3.6806 24.6526 -1.2641 0.9050
0.0402 8.7445 -0.4435 0.9656
-2.9668 28.6703 -1.4618 0.8910
-4.2563 30.4199 -1.5578 0.8842
-3.8580 21.8308 -1.1243 0.9150
-4.7256 22.0822 -1.1452 0.9135
-5.6151 22.2950 -1.1660 0.9120
-6.7659 23.2985 -1.2304 0.9074
-8.3753 25.3984 -1.3563 0.8984
-9.1595 24.7514 -1.3384 0.8997
-10.3523 25.1609 -1.3798 0.8968
-16.2701 35.8314 -1.9957 0.8542
-18.4800 31.2570 -1.8415 0.8646
-25.2878 33.8473 -2.1427 0.8443
-46.2704 11.6668 -2.4200 0.8260
-43.4006 6.0846 -2.2226 0.8390
-29.4650 0.9308 -1.4950 0.8886
-47.5547 -1.9139 -2.4136 0.8264
-23.2692 -2.6178 -1.1875 0.9105
-46.5859 -12.1756 -2.4419 0.8246
-37.7636 -14.3588 -2.0489 0.8506
-41.0094 -17.3022 -2.2573 0.8367
-34.9213 -16.2339 -1.9530 0.8571
-38.0541 -19.3807 -2.1658 0.8428
-34.1723 -20.6169 -2.0240 0.8523
-33.4630 -21.8647 -2.0272 0.8521
-37.7262 -30.9135 -2.4735 0.8225
-34.2101 -34.8161 -2.4754 0.8224
-31.6215 -37.1777 -2.4752 0.8224
-17.1532 -25.2292 -1.5472 0.8850
-14.9544 -25.8003 -1.5123 0.8874
-12.1366 -27.3537 -1.5176 0.8870
-11.5160 -28.6913 -1.5679 0.8835
-8.9877 -28.0690 -1.4947 0.8887
-8.0045 -28.4804 -1.5003 0.8883
-0.9462 -41.7410 -2.1174 0.8460
0.5229 -39.4998 -2.0034 0.8537
1.7603 -35.7931 -1.8174 0.8663
4.8474 -39.8840 -2.0376 0.8514
3.1240 -19.7542 -1.0143 0.9230
3.8340 -19.6439 -1.0150 0.9230
11.9471 -44.1007 -2.3171 0.8328
13.8360 -44.6557 -2.3709 0.8292
16.9143 -43.3180 -2.3584 0.8301
18.4084 -42.5675 -2.3520 0.8305
12.0313 -25.2886 -1.4202 0.8939
22.6882 -40.0077 -2.3325 0.8318
24.0417 -39.0572 -2.3259 0.8322
26.7015 -37.1200 -2.3190 0.8327
27.5414 -35.5246 -2.2796 0.8352
24.1038 -28.8866 -1.9080 0.8601
36.1463 -32.4655 -2.4640 0.8232
38.3615 -29.7723 -2.4626 0.8233
40.3799 -26.9309 -2.4615 0.8233
41.3123 -25.4590 -2.4610 0.8234
41.7970 -18.1006 -2.3099 0.8332
37.3517 -13.0814 -2.0071 0.8534
43.9465 -11.9296 -2.3094 0.8333
39.1357 -4.7769 -1.9995 0.8539
17.0224 -0.8459 -0.8643 0.9340
28.5009 1.6565 -1.4478 0.8920
27.9088 3.6448 -1.4274 0.8934
24.8813 4.1626 -1.2794 0.9039
22.6765 5.4909 -1.1833 0.9108
22.9333 6.4327 -1.2079 0.9090
19.9219 7.1656 -1.0737 0.9187
18.3436 8.1276 -1.0175 0.9228
17.5914 8.5624 -0.9922 0.9246
23.6320 12.5712 -1.3575 0.8983
14.9675 10.1652 -0.9176 0.9301
14.1252 10.3530 -0.8882 0.9323
16.8562 16.5458 -1.1979 0.9097
16.1878 17.0731 -1.1932 0.9101
16.0167 18.1556 -1.2278 0.9076
10.0247 13.1572 -0.8389 0.9359
7.9927 14.3743 -0.8341 0.9363
10.8516 21.2802 -1.2114 0.9088
9.0406 21.3972 -1.1780 0.9112
6.3177 16.5900 -0.9003 0.9314
3.2193 17.2649 -0.8907 0.9321
3.6862 24.6491 -1.2640 0.9050
0.3595 8.8195 -0.4476 0.9653
-0.2774 8.9253 -0.4529 0.9649
-2.9594 28.6660 -1.4615 0.8910
-3.8539 21.8383 -1.1246 0.9150
-4.7192 22.0781 -1.1450 0.9135
-5.6084 22.2910 -1.1657 0.9120
-6.7586 23.2943 -1.2301 0.9074
-8.3707 25.4051 -1.3565 0.8984
-10.3429 25.1552 -1.3794 0.8968
-13.7225 27.5656 -1.5616 0.8840
-19.8468 30.9907 -1.8664 0.8630
-25.2826 33.8574 -2.1430 0.8443
-27.3412 25.4645 -1.8948 0.8610
-46.1093 9.8922 -2.3916 0.8279
-42.4269 7.5203 -2.1852 0.8415
-46.8983 4.8774 -2.3912 0.8279
-47.4866 -0.1938 -2.4083 0.8268
-33.7794 -2.5683 -1.7180 0.8731
-23.2772 -2.6130 -1.1879 0.9105
-47.1743 -8.7595 -2.4333 0.8252
-41.0659 -12.3128 -2.1742 0.8422
-37.9797 -12.8905 -2.0340 0.8516
-37.7554 -14.3453 -2.0483 0.8506
-41.0085 -17.2902 -2.2570 0.8367
-34.9190 -16.2226 -1.9527 0.8571
-38.0644 -19.3744 -2.1661 0.8428
-32.8168 -18.2152 -1.9035 0.8604
-35.3035 -24.9076 -2.1911 0.8411
-37.7334 -30.9043 -2.4735 0.8225
-36.6127 -32.2501 -2.4744 0.8225
-35.4404 -33.5520 -2.4750 0.8225
-34.2185 -34.8079 -2.4754 0.8224
-32.9475 -36.0142 -2.4754 0.8224
-31.6306 -37.1702 -2.4752 0.8224
-19.0663 -25.9723 -1.6340 0.8789
-15.8866 -25.2584 -1.5133 0.8874
-13.0554 -26.7709 -1.5105 0.8875
-12.1416 -27.3475 -1.5175 0.8871
-5.3578 -14.8608 -0.8011 0.9387
-8.9940 -28.0654 -1.4946 0.8887
-9.6882 -47.2067 -2.4439 0.8245
-7.9742 -47.4448 -2.4399 0.8247
-6.2551 -47.6169 -2.4356 0.8250
-4.3570 -45.8652 -2.3365 0.8315
-0.9567 -41.7583 -2.1183 0.8460
0.5133 -39.4940 -2.0031 0.8537
1.7508 -35.7752 -1.8165 0.8664
3.3114 -38.9548 -1.9827 0.8551
4.8369 -39.8776 -2.0372 0.8514
13.8255 -44.6599 -2.3709 0.8292
10.3821 -29.7161 -1.5964 0.8816
16.9041 -43.3228 -2.3584 0.8301
18.3984 -42.5726 -2.3520 0.8305
12.0238 -25.2885 -1.4201 0.8939
24.0327 -39.0637 -2.3260 0.8322
24.0986 -28.8944 -1.9081 0.8601
34.9603 -33.7607 -2.4647 0.8231
36.1388 -32.4743 -2.4640 0.8232
38.3544 -29.7816 -2.4626 0.8233
40.3735 -26.9407 -2.4615 0.8233
41.3062 -25.4690 -2.4610 0.8234
43.5023 -20.7369 -2.4440 0.8245
33.5789 -13.1407 -1.8287 0.8655
37.3471 -13.0898 -2.0070 0.8534
43.9437 -11.9401 -2.3094 0.8333
17.0443 -1.4659 -0.8676 0.9338
17.0200 -0.8499 -0.8642 0.9340
32.7454 0.7176 -1.6611 0.8771
27.9049 3.6374 -1.4272 0.8934
24.8890 4.1577 -1.2797 0.9039
23.3556 4.7691 -1.2089 0.9089
22.6836 5.4868 -1.1836 0.9108
22.9295 6.4257 -1.2077 0.9090
30.1248 9.6210 -1.6038 0.8810
18.7956 7.5276 -1.0268 0.9221
18.3487 8.1246 -1.0177 0.9228
17.5963 8.5596 -0.9924 0.9246
22.4389 12.9835 -1.3147 0.9014
14.9715 10.1626 -0.9177 0.9301
13.2158 11.2236 -0.8793 0.9329
16.8443 16.5262 -1.1967 0.9098
16.1928 17.0702 -1.1932 0.9101
16.0217 18.1526 -1.2279 0.9076
9.3585 13.2366 -0.8221 0.9371
7.9962 14.3723 -0.8341 0.9363
10.1186 21.7237 -1.2153 0.9085
6.3282 16.6056 -0.9012 0.9313
5.4250 15.9319 -0.8535 0.9348
4.8241 16.0315 -0.8491 0.9351
3.7300 16.6416 -0.8649 0.9340
3.2232 17.2626 -0.8906 0.9321
2.8152 24.8549 -1.2686 0.9047
0.3617 8.8208 -0.4477 0.9653
0.0444 8.7421 -0.4434 0.9656
-2.9520 28.6617 -1.4612 0.8910
-4.2400 30.4101 -1.5571 0.8843
-4.7128 22.0741 -1.1447 0.9136
-6.7513 23.2901 -1.2298 0.9074
-9.1418 24.7402 -1.3376 0.8998
-10.3335 25.1495 -1.3789 0.8968
-16.2582 35.8510 -1.9964 0.8541
-15.2874 28.1465 -1.6244 0.8796
-19.8417 30.9991 -1.8665 0.8629
-16.5235 19.1086 -1.2811 0.9038
-27.3364 25.4724 -1.8949 0.8610
-46.1069 9.9033 -2.3916 0.8279
-42.4205 7.5297 -2.1849 0.8415
-46.8965 4.8886 -2.3912 0.8279
-31.6302 2.1531 -1.6078 0.8808
-29.4886 0.9458 -1.4963 0.8885
-47.4859 -0.1823 -2.4082 0.8268
-23.2850 -2.6082 -1.1883 0.9104
-47.3689 -7.0356 -2.4286 0.8255
-22.1301 -4.9314 -1.1498 0.9132
-37.9967 -12.8860 -2.0348 0.8516
-41.0076 -17.2782 -2.2567 0.8368
-38.0748 -19.3681 -2.1664 0.8427
14.1214 10.3554 -1.2840 0.9322
13.5471 10.7028 -1.2659 0.9331
13.2073 11.2272 -1.2710 0.9328
12.7112 11.6168 -1.2626 0.9333
16.1423 17.0333 -1.7207 0.9102
16.0117 18.1588 -1.7751 0.9075
8.5000 14.0799 -1.2059 0.9362
7.9888 14.3754 -1.2059 0.9362
10.1088 21.7298 -1.7572 0.9084
9.0132 21.3467 -1.6990 0.9113
6.3078 16.5760 -1.3004 0.9313
5.4176 15.9353 -1.2341 0.9347
4.8070 16.0027 -1.2251 0.9352
3.7226 16.6462 -1.2507 0.9339
1.5043 19.6518 -1.4451 0.9240
0.3568 8.8064 -0.6462 0.9653
0.0402 8.7420 -0.6410 0.9655
-0.2795 8.9239 -0.6546 0.9648
-3.8577 21.8289 -1.6253 0.9149
-6.7427 23.2188 -1.7728 0.9076
-8.3527 25.3300 -1.9556 0.8985
-9.1263 24.6619 -1.9281 0.8999
-10.3524 25.1612 -1.9949 0.8966
-13.6968 27.4974 -2.2524 0.8841
-19.3616 25.9151 -2.3719 0.8783
-16.0004 18.4857 -1.7926 0.9066
-22.8945 22.9007 -2.3743 0.8782
-23.7069 22.0690 -2.3748 0.8782
-24.4889 21.2082 -2.3753 0.8782
-26.8741 21.6356 -2.5297 0.8708
-28.3668 19.6586 -2.5306 0.8707
-29.0586 18.6305 -2.5309 0.8707
-30.3280 16.5020 -2.5316 0.8707
-31.4400 14.2864 -2.5321 0.8707
-32.3883 11.9956 -2.5324 0.8706
-33.4928 8.4450 -2.5326 0.8706
-33.7742 7.2373 -2.5326 0.8706
-34.0115 6.0202 -2.5326 0.8706
-34.1512 4.7879 -2.5285 0.8708
-32.2631 3.3475 -2.3783 0.8780
-31.6238 2.1374 -2.3240 0.8806
-32.4280 -0.1401 -2.3777 0.8780
-23.2690 -2.6178 -1.7169 0.9104
-32.0970 -4.7831 -2.3794 0.8780
-30.9070 -10.4983 -2.3933 0.8773
-22.9005 -8.7075 -1.7964 0.9064
-28.0830 -16.9432 -2.4048 0.8767
-13.6025 -8.8879 -1.1914 0.9369
-18.1002 -12.7766 -1.6245 0.9150
-22.1845 -24.2612 -2.4105 0.8765
-15.8136 -25.1558 -2.1786 0.8877
-14.7075 -25.3742 -2.1504 0.8890
-5.3505 -14.8517 -1.1575 0.9386
-8.0050 -28.4824 -2.1693 0.8881
-6.5453 -31.9315 -2.3900 0.8775
-5.3888 -32.1096 -2.3873 0.8776
-1.3151 -22.4294 -1.6474 0.9138
1.2204 -14.3156 -1.0535 0.9440
2.3662 -14.9624 -1.1107 0.9411
7.2628 -31.2080 -2.3494 0.8794
9.4500 -30.4999 -2.3412 0.8798
10.0420 -28.7202 -2.2308 0.8851
10.9309 -25.2767 -2.0192 0.8954
17.6112 -26.4353 -2.3290 0.8804
21.6512 -25.9473 -2.4779 0.8732
26.6625 -20.6927 -2.4746 0.8734
27.3834 -19.7190 -2.4742 0.8734
28.0693 -18.7205 -2.4738 0.8734
29.3322 -16.6540 -2.4732 0.8735
30.0929 -11.7681 -2.3692 0.8785
29.4563 -10.3162 -2.2884 0.8823
30.2413 -9.3869 -2.3217 0.8807
30.5582 -8.2952 -2.3217 0.8807
30.8361 -7.1929 -2.3217 0.8807
31.0748 -6.0815 -2.3217 0.8807
31.2740 -4.9623 -2.3218 0.8807
31.4332 -3.8367 -2.3219 0.8807
28.5013 1.6565 -2.0933 0.8918
23.3486 4.7735 -1.7474 0.9088
22.5955 5.4713 -1.7046 0.9110
19.9203 7.1650 -1.5522 0.9186
18.7905 7.5308 -1.4843 0.9220
23.5731 12.5399 -1.9578 0.8984
21.7492 13.6566 -1.8830 0.9021
14.9665 10.1645 -1.3265 0.9300
13.5509 10.7005 -1.2660 0.9331
12.7014 11.6022 -1.2613 0.9333
16.1473 17.0303 -1.7208 0.9102
16.0168 18.1557 -1.7752 0.9075
10.0240 13.1564 -1.2128 0.9358
8.8570 13.5401 -1.1863 0.9372
7.9922 14.3734 -1.2059 0.9362
10.1137 21.7268 -1.7572 0.9084
4.8154 16.0165 -1.2263 0.9351
4.2726 16.3135 -1.2365 0.9346
3.7263 16.6439 -1.2506 0.9339
1.5097 19.6597 -1.4457 0.9240
0.3590 8.8077 -0.6463 0.9653
-0.2773 8.9227 -0.6545 0.9648
-1.3435 20.0320 -1.4721 0.9226
-2.9518 28.5929 -2.1076 0.8911
-4.2482 30.4152 -2.2518 0.8841
-4.7017 21.9963 -1.6493 0.9137
-5.6084 22.2911 -1.6854 0.9119
-13.6925 27.5053 -2.2528 0.8841
-15.3007 28.1547 -2.3495 0.8794
-17.4357 27.2257 -2.3705 0.8784
-18.4072 26.5902 -2.3712 0.8784
-15.9975 18.4913 -1.7928 0.9066
-23.7016 22.0747 -2.3748 0.8782
-24.4838 21.2141 -2.3753 0.8782
-26.8689 21.6421 -2.5297 0.8708
-27.6334 20.6674 -2.5301 0.8708
-29.7083 17.5850 -2.5313 0.8707
-30.3241 16.5093 -2.5316 0.8707
-30.9004 15.4118 -2.5319 0.8707
-33.7724 7.2455 -2.5326 0.8706
-34.1517 4.7963 -2.5287 0.8708
-29.3972 0.9358 -2.1566 0.8887
-32.4280 -0.1323 -2.3777 0.8780
-32.3986 -1.2961 -2.3774 0.8781
-32.3271 -2.4579 -2.3771 0.8781
-23.2769 -2.6130 -1.7174 0.9103
-32.0979 -4.7753 -2.3794 0.8780
-16.8074 -3.7496 -1.2626 0.9333
-16.4551 -4.9337 -1.2596 0.9334
-30.9093 -10.4907 -2.3933 0.8773
-30.1338 -12.7052 -2.3978 0.8771
-28.6593 -15.9075 -2.4034 0.8768
-28.0870 -16.9364 -2.4048 0.8767
-13.6059 -8.8855 -1.1915 0.9369
-18.1033 -12.7723 -1.6245 0.9150
-26.1413 -19.8863 -2.4083 0.8766
-25.4192 -20.8188 -2.4091 0.8765
-24.6614 -21.7229 -2.4097 0.8765
-23.8700 -22.5981 -2.4101 0.8765
-23.0459 -23.4429 -2.4104 0.8765
-22.1903 -24.2558 -2.4105 0.8765
-18.2813 -23.1153 -2.1609 0.8885
-15.8211 -25.1543 -2.1788 0.8876
-12.8856 -26.4226 -2.1555 0.8888
-5.3538 -14.8497 -1.1574 0.9387
-8.0188 -28.5053 -2.1712 0.8880
-7.7031 -31.7081 -2.3925 0.8773
-6.5530 -31.9301 -2.3900 0.8775
-1.3207 -22.4311 -1.6475 0.9138
-0.7419 -32.3849 -2.3751 0.8782
0.4204 -32.3449 -2.3718 0.8783
0.7035 -14.3744 -1.0552 0.9439
1.7742 -14.6278 -1.0804 0.9426
2.3622 -14.9600 -1.1105 0.9411
7.2554 -31.2100 -2.3494 0.8794
8.3566 -30.8762 -2.3454 0.8796
9.4428 -30.5025 -2.3412 0.8798
10.0375 -28.7297 -2.2314 0.8851
11.5689 -29.6492 -2.3336 0.8802
10.9267 -25.2836 -2.0196 0.8954
15.6721 -27.6512 -2.3305 0.8803
17.6048 -26.4396 -2.3290 0.8804
21.6450 -25.9525 -2.4779 0.8732
22.5570 -25.1526 -2.4772 0.8733
24.2922 -23.4587 -2.4761 0.8733
27.3787 -19.7256 -2.4742 0.8734
29.3282 -16.6611 -2.4732 0.8735
29.4524 -10.3228 -2.2883 0.8823
17.0217 -1.4640 -1.2527 0.9338
31.6704 -0.4431 -2.3224 0.8807
31.6692 0.6940 -2.3226 0.8807
22.8541 6.4046 -1.7403 0.9092
30.1250 9.6211 -2.3187 0.8809
18.7957 7.5277 -1.4846 0.9220
18.3473 8.1240 -1.4712 0.9227
17.5950 8.5589 -1.4346 0.9245
23.5794 12.5359 -1.9580 0.8984
22.4391 12.9836 -1.9008 0.9012
21.7552 13.6531 -1.8832 0.9021
14.9705 10.1619 -1.3267 0.9300
13.5547 10.6982 -1.2661 0.9331
13.2149 11.2228 -1.2712 0.9328
16.8456 16.5274 -1.7304 0.9097
16.1523 17.0274 -1.7209 0.9102
10.5330 12.8345 -1.2174 0.9356
10.0274 13.1543 -1.2128 0.9358
9.0591 12.8132 -1.1506 0.9390
7.9957 14.3714 -1.2058 0.9362
3.7300 16.6417 -1.2505 0.9339
3.2229 17.2615 -1.2875 0.9320
3.6821 24.5814 -1.8225 0.9051
2.8152 24.8551 -1.8341 0.9045
-1.3385 20.0291 -1.4718 0.9226
-2.9444 28.5885 -2.1073 0.8911
-4.6953 21.9923 -1.6489 0.9138
-5.6017 22.2871 -1.6849 0.9120
-6.7281 23.2102 -1.7719 0.9076
-10.3336 25.1498 -1.9936 0.8967
-13.3353 29.4058 -2.3674 0.8785
-16.4354 27.8293 -2.3698 0.8784
-17.4291 27.2298 -2.3705 0.8784
-19.3490 25.9243 -2.3719 0.8783
-22.8833 22.9116 -2.3743 0.8782
-23.6962 22.0804 -2.3748 0.8782
-24.4787 21.2199 -2.3753 0.8782
-26.8636 21.6485 -2.5297 0.8708
-27.6284 20.6740 -2.5301 0.8708
-28.3573 19.6722 -2.5306 0.8707
-29.7041 17.5921 -2.5313 0.8707
-30.3201 16.5165 -2.5316 0.8707
-30.8966 15.4192 -2.5318 0.8707
-31.4330 14.3015 -2.5321 0.8707
-31.9285 13.1650 -2.5323 0.8706
-32.3824 12.0112 -2.5324 0.8706
-33.4887 8.4612 -2.5326 0.8706
-34.1522 4.8048 -2.5288 0.8708
-32.2614 3.3630 -2.3783 0.8780
-32.3277 -2.4501 -2.3771 0.8781
-23.2848 -2.6082 -1.7180 0.9103
-32.0987 -4.7675 -2.3794 0.8780
-16.2696 -4.2438 -1.2328 0.9348
-30.9117 -10.4832 -2.3933 0.8773
-22.9087 -8.6980 -1.7967 0.9064
-30.1368 -12.6979 -2.3978 0.8771
-29.6861 -13.7828 -2.3998 0.8770
-29.1948 -14.8509 -2.4017 0.8769
-28.6630 -15.9005 -2.4034 0.8768
-13.6094 -8.8831 -1.1916 0.9369
14.1215 10.3555 -1.6812 0.9321
13.5472 10.7029 -1.6575 0.9330
16.1412 17.0322 -2.2528 0.9100
16.0118 18.1589 -2.3243 0.9073
9.0535 12.8183 -1.5066 0.9389
8.8537 13.5422 -1.5533 0.9371
10.8468 21.2835 -2.2934 0.9085
10.1088 21.7299 -2.3009 0.9082
9.0126 21.3453 -2.2244 0.9111
5.4074 15.9053 -1.6128 0.9347
4.8067 16.0015 -1.6040 0.9351
4.2690 16.3157 -1.6191 0.9345
3.7226 16.6463 -1.6376 0.9338
3.2040 17.2056 -1.6802 0.9321
1.4956 19.5381 -1.8812 0.9243
-0.2794 8.9214 -0.8569 0.9648
-3.4031 24.3223 -2.3578 0.9060
-3.8424 21.7424 -2.1197 0.9151
-5.6152 22.2954 -2.2073 0.9117
-6.7421 23.2166 -2.3210 0.9074
-8.5385 23.0735 -2.3620 0.9059
-9.3638 22.7583 -2.3626 0.9058
-10.9782 22.0395 -2.3639 0.9058
-11.7652 21.6367 -2.3645 0.9058
-12.5373 21.2055 -2.3650 0.9058
-14.7542 19.7483 -2.3666 0.9057
-15.9172 18.3896 -2.3350 0.9069
-16.3455 17.5683 -2.3038 0.9081
-19.8633 17.2024 -2.5227 0.8998
-20.4711 16.4807 -2.5231 0.8998
-21.0523 15.7374 -2.5234 0.8998
-21.6064 14.9735 -2.5237 0.8998
-22.1325 14.1899 -2.5240 0.8997
-23.0980 12.5680 -2.5245 0.8997
-23.5361 11.7317 -2.5247 0.8997
-23.9437 10.8801 -2.5249 0.8997
-24.6651 9.1352 -2.5252 0.8997
-25.5058 6.4311 -2.5253 0.8997
-25.7200 5.5114 -2.5253 0.8997
-26.0481 3.6518 -2.5252 0.8997
-26.1613 2.7144 -2.5251 0.8997
-26.2224 -0.1133 -2.5175 0.9000
-24.8349 -0.9995 -2.3862 0.9049
-19.0099 -2.1386 -1.8366 0.9260
-18.0856 -2.6951 -1.7555 0.9292
-15.8705 -4.1479 -1.5748 0.9362
-16.3070 -5.5390 -1.6534 0.9331
-21.6003 -11.9962 -2.3721 0.9055
-21.1658 -12.7698 -2.3732 0.9054
-19.6917 -14.9874 -2.3758 0.9053
-19.1458 -15.6885 -2.3764 0.9053
-18.5740 -16.3688 -2.3768 0.9053
-17.9770 -17.0273 -2.3772 0.9053
-17.3556 -17.6630 -2.3774 0.9053
-12.0104 -15.1937 -1.8594 0.9251
-14.6456 -19.9604 -2.3768 0.9053
-13.9169 -20.4691 -2.3763 0.9053
-13.1699 -20.9503 -2.3757 0.9053
-9.1978 -22.9157 -2.3706 0.9055
-6.6680 -23.7253 -2.3660 0.9057
-5.8077 -23.9313 -2.3642 0.9058
-4.9410 -24.1050 -2.3623 0.9059
-4.0691 -24.2462 -2.3603 0.9059
-2.3149 -24.4307 -2.3560 0.9061
-1.2856 -21.9264 -2.1087 0.9155
-0.3242 -14.3029 -1.3735 0.9441
0.6858 -13.9439 -1.3403 0.9454
2.9331 -15.0280 -1.4700 0.9403
5.5247 -23.7396 -2.3400 0.9067
6.3714 -23.5191 -2.3393 0.9067
6.4844 -18.5455 -1.8862 0.9241
7.3114 -18.7248 -1.9299 0.9224
8.0264 -18.5602 -1.9414 0.9220
10.4862 -22.0410 -2.3433 0.9066
15.1121 -21.0085 -2.4845 0.9012
15.8531 -20.4483 -2.4840 0.9013
16.5735 -19.8621 -2.4835 0.9013
19.2319 -17.2735 -2.4818 0.9013
20.9686 -15.0996 -2.4807 0.9014
21.4945 -14.3355 -2.4804 0.9014
21.9929 -13.5533 -2.4802 0.9014
22.4631 -12.7539 -2.4799 0.9014
22.9045 -11.9384 -2.4797 0.9014
23.6987 -10.2630 -2.4794 0.9014
24.0506 -9.4052 -2.4793 0.9014
23.1616 -7.1894 -2.3283 0.9071
23.8001 -4.6578 -2.3283 0.9071
24.0742 -2.9385 -2.3284 0.9071
24.2547 -0.3335 -2.3288 0.9071
24.0617 3.1420 -2.3297 0.9071
23.3488 4.7735 -2.2880 0.9087
22.8598 6.4121 -2.2794 0.9090
19.8498 7.1396 -2.0252 0.9187
18.7907 7.5309 -1.9435 0.9219
18.2745 8.0969 -1.9189 0.9228
17.5287 8.5319 -1.8716 0.9247
18.1238 9.6411 -1.9709 0.9208
21.0413 12.1816 -2.3342 0.9069
14.9132 10.1282 -1.7307 0.9301
14.1254 10.3531 -1.6814 0.9320
13.5510 10.7006 -1.6577 0.9330
13.1636 11.1847 -1.6584 0.9329
16.1462 17.0292 -2.2529 0.9100
16.0169 18.1559 -2.3244 0.9073
10.0234 13.1556 -1.5878 0.9357
8.5029 14.0770 -1.5789 0.9361
10.8518 21.2805 -2.2933 0.9085
10.1138 21.7269 -2.3008 0.9082
6.2278 16.3539 -1.6801 0.9321
5.4114 15.9044 -1.6129 0.9347
3.6230 24.2266 -2.3517 0.9063
2.7520 24.3490 -2.3525 0.9062
1.5010 19.5461 -1.8820 0.9242
-1.3388 19.9605 -1.9206 0.9228
-4.7013 21.9944 -2.1593 0.9136
-5.6085 22.2913 -2.2068 0.9118
-7.6970 23.3603 -2.3613 0.9059
-8.5330 23.0755 -2.3620 0.9059
-9.3583 22.7605 -2.3626 0.9058
-10.1719 22.4159 -2.3632 0.9058
-12.5322 21.2085 -2.3650 0.9058
-14.0279 20.2641 -2.3661 0.9057
-14.7495 19.7519 -2.3666 0.9057
-15.4522 19.2137 -2.3671 0.9057
-15.9143 18.3952 -2.3352 0.9069
-17.4379 17.4511 -2.3685 0.9056
-18.5689 17.2943 -2.4361 0.9031
-21.6028 14.9787 -2.5237 0.8998
-22.6267 13.3932 -2.5243 0.8997
-23.0949 12.5735 -2.5245 0.8997
-23.5332 11.7374 -2.5247 0.8997
-24.3178 10.0200 -2.5250 0.8997
-24.6629 9.1411 -2.5252 0.8997
-24.9759 8.2502 -2.5252 0.8997
-25.8998 4.5908 -2.5253 0.8997
-26.1607 2.7207 -2.5251 0.8997
-26.2855 0.8367 -2.5248 0.8997
-26.2233 -0.1070 -2.5176 0.9000
-24.8441 -0.9939 -2.3871 0.9049
-24.6215 -1.8720 -2.3706 0.9055
-15.8738 -4.1447 -1.5751 0.9362
-23.3593 -7.9282 -2.3683 0.9056
-23.0554 -8.7600 -2.3678 0.9056
-22.7273 -9.5824 -2.3679 0.9056
-21.1688 -12.7647 -2.3732 0.9054
-19.6953 -14.9826 -2.3758 0.9053
-19.1496 -15.6838 -2.3764 0.9053
-18.5779 -16.3643 -2.3768 0.9053
-17.9810 -17.0229 -2.3772 0.9053
-16.0480 -18.8585 -2.3773 0.9053
-12.0127 -15.1891 -1.8592 0.9251
-14.6504 -19.9568 -2.3768 0.9053
-13.1749 -20.9471 -2.3757 0.9053
-10.8346 -22.2170 -2.3731 0.9054
-10.0252 -22.5806 -2.3719 0.9055
-9.2033 -22.9136 -2.3706 0.9055
-5.3498 -14.8386 -1.5143 0.9386
-7.5263 -23.4855 -2.3677 0.9057
-4.0750 -24.2453 -2.3603 0.9059
-2.3208 -24.4302 -2.3560 0.9061
-1.2896 -21.9035 -2.1065 0.9156
-0.3278 -14.3072 -1.3739 0.9441
0.1825 -14.0445 -1.3485 0.9451
0.6825 -13.9451 -1.3404 0.9454
1.7462 -14.3963 -1.3922 0.9434
5.5190 -23.7410 -2.3400 0.9067
6.4795 -18.5459 -1.8860 0.9241
11.8962 -22.8657 -2.4745 0.9016
12.7694 -22.5298 -2.4862 0.9012
13.5666 -22.0517 -2.4856 0.9012
15.1070 -21.0122 -2.4845 0.9012
15.8482 -20.4521 -2.4840 0.9013
17.2679 -19.2549 -2.4830 0.9013
17.9446 -18.6193 -2.4826 0.9013
19.8326 -16.5743 -2.4814 0.9014
20.4119 -15.8495 -2.4810 0.9014
21.4911 -14.3407 -2.4804 0.9014
22.9016 -11.9439 -2.4797 0.9014
23.6963 -10.2687 -2.4794 0.9014
24.0484 -9.4110 -2.4793 0.9014
24.3278 -8.5267 -2.4749 0.9016
23.1599 -7.1949 -2.3283 0.9071
23.6160 -5.5147 -2.3282 0.9071
23.7990 -4.6635 -2.3283 0.9071
23.9515 -3.8063 -2.3283 0.9071
16.9990 -1.4620 -1.6380 0.9337
17.0111 -0.8495 -1.6352 0.9338
24.2205 1.4019 -2.3292 0.9071
22.6004 5.4667 -2.2323 0.9108
22.8560 6.4051 -2.2788 0.9090
23.1329 7.3882 -2.3314 0.9070
19.8553 7.1362 -2.0256 0.9187
18.2796 8.0940 -1.9193 0.9228
17.5336 8.5291 -1.8719 0.9246
14.1293 10.3508 -1.6815 0.9320
13.1674 11.1825 -1.6585 0.9329
16.8469 16.5287 -2.2658 0.9095
16.1512 17.0263 -2.2531 0.9100
16.0219 18.1528 -2.3245 0.9073
10.0268 13.1535 -1.5879 0.9357
9.0599 12.8144 -1.5067 0.9389
7.9952 14.3705 -1.5788 0.9361
10.1188 21.7239 -2.3008 0.9082
6.2384 16.3697 -1.6818 0.9320
5.4153 15.9035 -1.6129 0.9347
4.2762 16.3114 -1.6189 0.9345
3.7300 16.6418 -1.6373 0.9338
3.6288 24.2256 -2.3517 0.9063
2.7578 24.3483 -2.3525 0.9062
1.5063 19.5541 -1.8829 0.9242
0.0443 8.7372 -0.8388 0.9655
-2.5153 24.4223 -2.3571 0.9061
-4.6949 21.9904 -2.1588 0.9136
-9.3528 22.7627 -2.3626 0.9058
-10.1666 22.4183 -2.3632 0.9058
-10.9675 22.0447 -2.3639 0.9058
-11.7547 21.6422 -2.3644 0.9058
-15.4475 19.2174 -2.3671 0.9057
-18.5459 17.2813 -2.4337 0.9032
-20.4631 16.4906 -2.5231 0.8998
-23.0919 12.5790 -2.5245 0.8997
-23.9384 10.8916 -2.5249 0.8997
-24.3153 10.0259 -2.5250 0.8997
-24.6606 9.1470 -2.5252 0.8997
-25.8987 4.5971 -2.5253 0.8997
-26.0463 3.6644 -2.5252 0.8997
-26.2853 0.8430 -2.5248 0.8997
-24.6220 -1.8661 -2.3706 0.9055
-18.0980 -2.6881 -1.7566 0.9291
-15.8772 -4.1415 -1.5753 0.9362
-15.7812 -4.7275 -1.5816 0.9359
-16.2941 -5.5259 -1.6518 0.9332
-22.7295 -9.5769 -2.3679 0.9056
-13.6105 -8.8838 -1.5604 0.9368
14.1216 10.3555 -2.0801 0.9319
13.5473 10.7029 -2.0508 0.9328
13.1589 11.1861 -2.0516 0.9328
12.5980 11.5133 -2.0273 0.9336
13.5568 14.3051 -2.3411 0.9237
13.0376 14.7859 -2.3416 0.9237
9.9840 13.1104 -1.9575 0.9358
8.8538 13.5423 -1.9219 0.9369
7.9605 14.3245 -1.9466 0.9361
8.9668 17.5944 -2.3457 0.9235
8.3316 17.9096 -2.3463 0.9235
7.6854 18.2019 -2.3470 0.9235
6.2179 16.3395 -2.0767 0.9320
5.3981 15.8779 -1.9921 0.9347
4.8063 16.0002 -1.9844 0.9349
3.7226 16.6464 -2.0262 0.9336
3.2037 17.2045 -2.0788 0.9319
0.0401 8.7371 -1.0379 0.9654
-0.2793 8.9188 -1.0599 0.9647
-1.3315 19.7814 -2.3551 0.9232
-2.0412 19.7260 -2.3557 0.9232
-2.7487 19.6448 -2.3563 0.9232
-4.8481 19.2496 -2.3580 0.9232
-5.5372 19.0677 -2.3585 0.9231
-6.8941 18.6298 -2.3596 0.9231
-8.8626 17.7922 -2.3611 0.9231
-10.1202 17.1174 -2.3621 0.9230
-7.0962 11.0748 -1.5624 0.9484
-11.3265 16.3533 -2.3630 0.9230
-13.5592 14.5735 -2.3645 0.9229
-16.9869 12.6984 -2.5193 0.9181
-18.2586 10.8017 -2.5200 0.9181
-18.9892 9.4653 -2.5203 0.9181
-19.3177 8.7780 -2.5205 0.9181
-19.6213 8.0793 -2.5206 0.9181
-20.1516 6.6512 -2.5207 0.9181
-20.3777 5.9237 -2.5208 0.9181
-20.7503 4.4465 -2.5208 0.9181
-21.2165 -0.0917 -2.5202 0.9181
-17.1983 -3.1977 -2.0779 0.9320
-16.4280 -3.6691 -1.9995 0.9344
-15.6834 -4.7065 -1.9450 0.9362
-18.3358 -7.7361 -2.3640 0.9230
-18.0434 -8.3878 -2.3636 0.9230
-17.7276 -9.0285 -2.3632 0.9230
-16.2406 -11.4640 -2.3614 0.9230
-14.4204 -13.6586 -2.3593 0.9231
-13.3971 -14.6512 -2.3582 0.9231
-11.1544 -16.4060 -2.3566 0.9232
-9.9441 -17.1562 -2.3555 0.9232
-8.6821 -17.8140 -2.3540 0.9233
-5.0787 -14.0974 -1.7799 0.9414
-4.1288 -14.6904 -1.8126 0.9404
-3.9711 -19.3733 -2.3491 0.9234
-1.8640 -19.6722 -2.3472 0.9235
-0.3031 -13.3719 -1.5888 0.9475
1.1846 -13.8964 -1.6567 0.9454
1.7286 -14.2226 -1.7019 0.9439
2.9134 -14.9272 -1.8066 0.9406
6.5184 -18.6428 -2.3460 0.9235
7.6284 -19.5365 -2.4913 0.9190
9.6782 -18.5914 -2.4897 0.9190
10.3373 -18.2285 -2.4892 0.9191
10.9828 -17.8423 -2.4888 0.9191
11.6141 -17.4333 -2.4883 0.9191
12.2302 -17.0022 -2.4879 0.9191
13.4140 -16.0756 -2.4870 0.9191
13.9802 -15.5814 -2.4866 0.9191
14.5283 -15.0673 -2.4863 0.9191
15.0577 -14.5341 -2.4859 0.9192
17.8048 -10.9724 -2.4843 0.9192
18.8773 -8.9929 -2.4838 0.9192
19.4721 -7.6147 -2.4836 0.9192
19.7323 -6.9107 -2.4835 0.9192
19.9672 -6.1978 -2.4835 0.9192
19.1215 -4.4604 -2.3323 0.9240
19.3927 -3.0771 -2.3324 0.9240
16.2084 -0.8055 -1.9277 0.9367
16.5774 -0.2280 -1.9694 0.9354
19.6350 0.4350 -2.3329 0.9239
19.5562 1.8429 -2.3333 0.9239
19.3773 3.2418 -2.3337 0.9239
19.0992 4.6247 -2.3343 0.9239
18.4988 6.6537 -2.3352 0.9239
18.2508 7.3145 -2.3356 0.9239
17.9793 7.9662 -2.3359 0.9238
17.5274 8.5313 -2.3155 0.9245
17.3674 9.2387 -2.3367 0.9238
17.0276 9.8579 -2.3372 0.9238
14.9121 10.1275 -2.1412 0.9300
14.1255 10.3532 -2.0803 0.9319
13.1627 11.1839 -2.0517 0.9328
13.5602 14.3018 -2.3411 0.9237
13.0412 14.7828 -2.3416 0.9237
10.4925 12.7914 -1.9652 0.9355
8.8571 13.5402 -1.9219 0.9369
7.9639 14.3225 -1.9466 0.9361
8.9710 17.5922 -2.3457 0.9235
6.2284 16.3553 -2.0789 0.9319
4.8146 16.0140 -1.9863 0.9349
3.2076 17.2022 -2.0786 0.9319
2.2237 19.6749 -2.3520 0.9233
1.5010 19.5469 -2.3287 0.9241
0.3580 8.7839 -1.0443 0.9652
0.0422 8.7359 -1.0377 0.9654
-0.2771 8.9176 -1.0598 0.9647
-1.3268 19.7817 -2.3551 0.9232
-2.0365 19.7262 -2.3557 0.9232
-2.7439 19.6455 -2.3563 0.9232
-3.4482 19.5392 -2.3568 0.9232
-4.1484 19.4076 -2.3574 0.9232
-4.8435 19.2508 -2.3580 0.9232
-5.5327 19.0690 -2.3585 0.9231
-6.2150 18.8625 -2.3591 0.9231
-7.5556 18.3762 -2.3601 0.9231
-8.2121 18.0970 -2.3607 0.9231
-9.4932 17.4684 -2.3616 0.9230
-10.1161 17.1198 -2.3621 0.9230
-7.0929 11.0755 -1.5623 0.9484
-11.3225 16.3560 -2.3630 0.9230
-12.4710 15.5069 -2.3638 0.9230
-13.0217 15.0516 -2.3642 0.9230
-15.5144 14.4495 -2.5184 0.9181
-17.4306 12.0859 -2.5195 0.9181
-18.6335 10.1446 -2.5202 0.9181
-18.9869 9.4698 -2.5203 0.9181
-19.8976 7.3749 -2.5207 0.9181
-20.1500 6.6561 -2.5207 0.9181
-20.3763 5.9286 -2.5208 0.9181
-20.7492 4.4515 -2.5208 0.9181
-20.8954 3.7038 -2.5208 0.9181
-21.0144 2.9513 -2.5207 0.9181
-21.1061 2.1950 -2.5206 0.9181
-21.1704 1.4359 -2.5205 0.9181
-21.2165 -0.0866 -2.5202 0.9181
-21.1525 -1.6083 -2.5199 0.9181
-18.1103 -2.6943 -2.1749 0.9289
-17.2036 -3.1944 -2.0785 0.9319
-15.6817 -4.7018 -1.9447 0.9362
-16.1889 -5.4946 -2.0308 0.9335
-18.3377 -7.7317 -2.3640 0.9230
-18.0454 -8.3835 -2.3636 0.9230
-17.0304 -10.2693 -2.3623 0.9230
-13.6077 -8.8866 -1.9306 0.9366
-15.3729 -12.5907 -2.3604 0.9231
-14.9079 -13.1315 -2.3599 0.9231
-12.8631 -15.1159 -2.3577 0.9232
-12.1423 -15.3530 -2.3251 0.9242
-11.7418 -15.9947 -2.3569 0.9232
-11.1583 -16.4033 -2.3566 0.9232
-10.5602 -16.7899 -2.3561 0.9232
-9.9483 -17.1539 -2.3555 0.9232
-5.5585 -13.8394 -1.7716 0.9417
-4.1320 -14.6885 -1.8125 0.9404
-4.6699 -19.2224 -2.3498 0.9234
-1.8687 -19.6718 -2.3473 0.9235
-0.3064 -13.3740 -1.5891 0.9475
0.1727 -13.2891 -1.5787 0.9479
0.6653 -13.5939 -1.6167 0.9467
1.7248 -14.2203 -1.7016 0.9439
5.1494 -19.0260 -2.3413 0.9237
5.9739 -19.2972 -2.3996 0.9219
6.5133 -18.6427 -2.3458 0.9235
8.0287 -18.5777 -2.4040 0.9217
10.3329 -18.2310 -2.4892 0.9191
10.9785 -17.8450 -2.4888 0.9191
12.2261 -17.0052 -2.4879 0.9191
12.8264 -16.5526 -2.4874 0.9191
14.5247 -15.0708 -2.4863 0.9191
15.0543 -14.5377 -2.4859 0.9192
15.5644 -13.9862 -2.4856 0.9192
16.0544 -13.4168 -2.4853 0.9192
16.5238 -12.8305 -2.4850 0.9192
17.8022 -10.9767 -2.4843 0.9192
18.1833 -10.3298 -2.4841 0.9192
19.1850 -8.3137 -2.4837 0.9192
19.4702 -7.6194 -2.4836 0.9192
19.1205 -4.4649 -2.3323 0.9240
19.2685 -3.7758 -2.3324 0.9240
19.3920 -3.0817 -2.3324 0.9240
16.4999 -2.0180 -1.9746 0.9352
16.2061 -0.8093 -1.9275 0.9367
16.5750 -0.2319 -1.9691 0.9354
19.5566 1.8382 -2.3333 0.9239
19.2515 3.9310 -2.3340 0.9239
19.1002 4.6201 -2.3343 0.9239
18.9245 5.3034 -2.3346 0.9239
18.7244 5.9800 -2.3349 0.9239
18.5004 6.6493 -2.3352 0.9239
18.2525 7.3102 -2.3356 0.9239
17.5323 8.5284 -2.3159 0.9245
15.5249 9.7431 -2.1772 0.9288
13.5549 10.6983 -2.0512 0.9328
13.1665 11.1817 -2.0519 0.9328
14.0649 13.7993 -2.3405 0.9237
13.5636 14.2985 -2.3411 0.9237
13.0447 14.7796 -2.3416 0.9237
10.4959 12.7893 -1.9653 0.9355
8.8604 13.5382 -1.9220 0.9369
7.9673 14.3205 -1.9466 0.9361
8.9752 17.5900 -2.3457 0.9235
8.3402 17.9055 -2.3463 0.9235
6.2389 16.3711 -2.0811 0.9319
4.8230 16.0278 -1.9882 0.9348
3.2115 17.2000 -2.0784 0.9319
1.5064 19.5549 -2.3297 0.9240
0.3602 8.7851 -1.0444 0.9652
0.0443 8.7347 -1.0376 0.9654
-0.2750 8.9163 -1.0596 0.9647
-2.0318 19.7266 -2.3557 0.9232
-2.7392 19.6461 -2.3563 0.9232
-3.4435 19.5400 -2.3568 0.9232
-4.1437 19.4085 -2.3574 0.9232
-4.8388 19.2519 -2.3580 0.9232
-5.5280 19.0703 -2.3585 0.9231
-7.5512 18.3780 -2.3601 0.9231
-8.2078 18.0990 -2.3606 0.9231
-9.4890 17.4707 -2.3616 0.9230
-11.9005 15.9447 -2.3634 0.9230
-13.0181 15.0548 -2.3642 0.9230
-13.5521 14.5800 -2.3645 0.9229
-16.5119 13.3064 -2.5190 0.9181
-16.9808 12.7066 -2.5193 0.9181
-17.4277 12.0901 -2.5195 0.9181
-17.8521 11.4578 -2.5198 0.9181
-18.6311 10.1491 -2.5202 0.9181
-18.9846 9.4744 -2.5203 0.9181
-19.6174 8.0888 -2.5206 0.9181
-19.8958 7.3797 -2.5207 0.9181
-20.1484 6.6609 -2.5207 0.9181
-20.3749 5.9335 -2.5208 0.9181
-20.5749 5.1984 -2.5208 0.9181
-20.7481 4.4565 -2.5208 0.9181
-21.1701 1.4411 -2.5205 0.9181
-21.2071 0.6802 -2.5204 0.9181
-21.2166 -0.0815 -2.5202 0.9181
-18.1167 -2.6908 -2.1756 0.9289
-15.6799 -4.6972 -1.9443 0.9362
-13.6114 -8.8843 -1.9308 0.9366
12.5892 10.7018 -2.3412 0.9354
12.1992 11.1489 -2.3416 0.9354
11.3722 11.9999 -2.3425 0.9354
10.9363 12.4028 -2.3429 0.9354
9.9834 13.1096 -2.3348 0.9356
9.0547 12.8200 -2.2238 0.9386
8.4682 14.0272 -2.3216 0.9359
6.9865 15.0181 -2.3469 0.9353
6.4443 15.2626 -2.3474 0.9353
4.7695 15.8776 -2.3490 0.9352
4.1974 16.0421 -2.3495 0.9352
3.6197 16.1861 -2.3500 0.9352
2.4502 16.4115 -2.3511 0.9352
1.8600 16.4925 -2.3516 0.9351
0.0401 8.7346 -1.2376 0.9653
-1.1159 16.5778 -2.3542 0.9351
-1.7106 16.5306 -2.3547 0.9351
-2.3033 16.4620 -2.3552 0.9351
-2.8934 16.3721 -2.3557 0.9350
-5.2109 15.8021 -2.3576 0.9350
-5.7758 15.6078 -2.3580 0.9350
-8.4772 14.3383 -2.3601 0.9349
-9.4870 13.6974 -2.3608 0.9349
-10.4482 12.9853 -2.3615 0.9349
-12.0868 12.9910 -2.5142 0.9308
-12.9957 12.0978 -2.5157 0.9308
-13.8330 11.1366 -2.5162 0.9308
-14.2252 10.6339 -2.5165 0.9308
-14.5990 10.1173 -2.5167 0.9308
-15.2894 9.0452 -2.5171 0.9307
-15.6052 8.4910 -2.5172 0.9307
-17.0630 4.9601 -2.5177 0.9307
-17.7274 1.1981 -2.5175 0.9307
-17.7582 0.5610 -2.5174 0.9307
-17.7125 -1.3510 -2.5170 0.9307
-17.6513 -1.9858 -2.5168 0.9308
-17.5672 -2.6179 -2.5166 0.9308
-17.1790 -4.4899 -2.5158 0.9308
-17.0024 -5.1023 -2.5152 0.9308
-16.7622 -5.6937 -2.5083 0.9310
-15.4748 -6.5289 -2.3798 0.9344
-13.6046 -9.6033 -2.3595 0.9349
-13.2488 -10.0837 -2.3591 0.9349
-12.8760 -10.5508 -2.3587 0.9350
-12.0814 -11.4432 -2.3578 0.9350
-11.2250 -12.2757 -2.3569 0.9350
-9.8343 -13.4031 -2.3554 0.9350
-6.6125 -12.4151 -1.9930 0.9448
-7.2753 -14.9276 -2.3529 0.9351
-5.0870 -14.1202 -2.1266 0.9412
-2.7436 -16.3478 -2.3487 0.9352
-1.5630 -16.4952 -2.3477 0.9353
-0.8002 -13.6476 -1.9370 0.9463
1.1860 -13.9126 -1.9784 0.9452
2.3057 -14.5798 -2.0915 0.9421
5.2093 -16.8130 -2.4940 0.9314
6.3997 -16.3898 -2.4930 0.9314
9.2154 -14.9709 -2.4909 0.9314
10.7666 -13.8874 -2.4898 0.9315
11.7320 -13.0757 -2.4891 0.9315
12.1923 -12.6446 -2.4888 0.9315
14.6047 -9.7404 -2.4873 0.9315
14.9438 -9.2092 -2.4872 0.9315
15.2638 -8.6663 -2.4870 0.9315
15.5641 -8.1124 -2.4868 0.9315
16.3439 -6.3914 -2.4865 0.9316
17.0461 -3.9762 -2.4801 0.9317
16.1740 -3.1654 -2.3352 0.9356
15.7754 -1.3530 -2.2434 0.9380
16.1088 -0.8005 -2.2853 0.9369
12.3268 -0.1695 -1.7467 0.9514
16.4575 0.9565 -2.3358 0.9356
16.3488 2.1351 -2.3361 0.9356
16.2630 2.7208 -2.3363 0.9356
16.1564 3.3031 -2.3365 0.9355
15.8810 4.4546 -2.3370 0.9355
15.7126 5.0223 -2.3373 0.9355
15.3156 6.1382 -2.3379 0.9355
15.0874 6.6849 -2.3382 0.9355
14.5731 7.7523 -2.3388 0.9355
13.6618 9.2783 -2.3399 0.9355
11.3751 11.9972 -2.3425 0.9354
10.9393 12.4002 -2.3429 0.9354
9.9867 13.1075 -2.3348 0.9356
9.0579 12.8180 -2.2239 0.9386
7.5230 14.7526 -2.3464 0.9353
6.4480 15.2611 -2.3474 0.9353
5.3389 15.6913 -2.3485 0.9352
3.6236 16.1852 -2.3500 0.9352
3.0410 16.3085 -2.3506 0.9352
1.2711 16.5520 -2.3521 0.9351
-0.2771 8.9150 -1.2638 0.9646
-1.1119 16.5781 -2.3542 0.9351
-1.7066 16.5310 -2.3547 0.9351
-2.2994 16.4626 -2.3552 0.9351
-4.6355 15.9770 -2.3571 0.9350
-5.2071 15.8033 -2.3576 0.9350
-6.3298 15.3948 -2.3585 0.9350
-7.4206 14.9063 -2.3593 0.9349
-7.0936 11.0767 -1.8637 0.9482
-12.0834 12.9936 -2.5141 0.9308
-12.9928 12.1009 -2.5157 0.9308
-15.2872 9.0488 -2.5171 0.9307
-15.6032 8.4948 -2.5172 0.9307
-16.8724 5.5734 -2.5177 0.9307
-17.0618 4.9642 -2.5177 0.9307
-17.2291 4.3486 -2.5177 0.9307
-17.4965 3.1013 -2.5177 0.9307
-17.5962 2.4713 -2.5177 0.9307
-16.4340 -3.6663 -2.3858 0.9342
-17.1801 -4.4857 -2.5158 0.9308
-17.0039 -5.0983 -2.5152 0.9308
-15.4790 -6.5264 -2.3802 0.9344
-14.8502 -7.5586 -2.3610 0.9349
-14.5671 -8.0856 -2.3606 0.9349
-14.2653 -8.6019 -2.3603 0.9349
-13.6086 -8.8872 -2.3029 0.9364
-13.6069 -9.6000 -2.3595 0.9349
-12.8786 -10.5478 -2.3587 0.9350
-12.4894 -11.0013 -2.3582 0.9350
-11.2279 -12.2730 -2.3569 0.9350
-9.3482 -13.7424 -2.3549 0.9351
-6.2943 -14.1770 -2.1978 0.9393
-5.5587 -13.8395 -2.1132 0.9415
-4.6150 -14.4010 -2.1427 0.9407
-4.1320 -14.6884 -2.1620 0.9402
-2.7475 -16.3472 -2.3487 0.9352
-2.1585 -16.4316 -2.3482 0.9352
-0.8038 -13.6525 -1.9378 0.9462
-0.3020 -13.1815 -1.8682 0.9481
0.1725 -13.2690 -1.8802 0.9478
1.7268 -14.2367 -2.0320 0.9437
3.9871 -17.1511 -2.4949 0.9313
4.5993 -16.9936 -2.4944 0.9313
5.2053 -16.8143 -2.4940 0.9314
5.8044 -16.6134 -2.4935 0.9314
6.3958 -16.3914 -2.4930 0.9314
6.9787 -16.1483 -2.4926 0.9314
8.1165 -15.6006 -2.4917 0.9314
9.2118 -14.9732 -2.4909 0.9314
9.7418 -14.6306 -2.4905 0.9315
10.2592 -14.2694 -2.4901 0.9315
10.7632 -13.8899 -2.4898 0.9315
11.7289 -13.0785 -2.4891 0.9315
12.1893 -12.6475 -2.4888 0.9315
12.6339 -12.2004 -2.4885 0.9315
14.2443 -10.2626 -2.4875 0.9315
14.6023 -9.7439 -2.4873 0.9315
16.5610 -5.8045 -2.4865 0.9316
16.1733 -3.1692 -2.3352 0.9356
16.2861 -1.9918 -2.3248 0.9359
16.1065 -0.8043 -2.2850 0.9369
12.3301 -0.1725 -1.7472 0.9514
16.3493 2.1311 -2.3361 0.9356
16.2637 2.7169 -2.3363 0.9356
16.1571 3.2992 -2.3365 0.9355
16.0299 3.8774 -2.3368 0.9355
15.5254 5.5800 -2.3376 0.9355
15.3171 6.1345 -2.3379 0.9355
15.0890 6.6812 -2.3382 0.9355
13.9858 8.7772 -2.3396 0.9355
13.3245 9.7612 -2.3403 0.9354
12.9678 10.2349 -2.3407 0.9354
12.5943 10.6957 -2.3412 0.9354
12.2045 11.1430 -2.3416 0.9354
11.3779 11.9944 -2.3425 0.9354
10.9422 12.3975 -2.3429 0.9354
10.4923 12.7849 -2.3434 0.9354
9.0612 12.8161 -2.2239 0.9386
8.8605 13.5383 -2.2925 0.9367
8.4750 14.0233 -2.3216 0.9359
7.5265 14.7508 -2.3464 0.9353
6.4517 15.2595 -2.3474 0.9353
5.9011 15.4847 -2.3479 0.9352
5.3426 15.6900 -2.3485 0.9352
4.7771 15.8752 -2.3490 0.9352
3.6275 16.1843 -2.3500 0.9352
3.0449 16.3078 -2.3506 0.9352
-0.2749 8.9137 -1.2636 0.9646
-1.1079 16.5783 -2.3542 0.9351
-1.7026 16.5314 -2.3547 0.9351
-4.0544 16.1308 -2.3567 0.9350
-5.2032 15.8046 -2.3576 0.9350
-6.3261 15.3963 -2.3585 0.9350
-7.9487 14.6347 -2.3597 0.9349
-9.4804 13.7020 -2.3608 0.9349
-9.9676 13.3548 -2.3612 0.9349
-11.1821 12.9315 -2.4223 0.9333
-12.0799 12.9961 -2.5140 0.9308
-12.9898 12.1041 -2.5157 0.9308
-13.4174 11.6312 -2.5160 0.9308
-13.8276 11.1433 -2.5162 0.9308
-14.2200 10.6407 -2.5165 0.9308
-14.9492 9.5947 -2.5169 0.9308
-15.2851 9.0525 -2.5171 0.9307
-15.8970 7.9335 -2.5173 0.9307
-16.6596 6.1793 -2.5176 0.9307
-17.0606 4.9684 -2.5177 0.9307
-17.2281 4.3528 -2.5177 0.9307
-17.5956 2.4755 -2.5177 0.9307
-17.7580 0.5696 -2.5174 0.9307
-17.6523 -1.9773 -2.5168 0.9308
-17.5685 -2.6094 -2.5166 0.9308
-17.4619 -3.2381 -2.5163 0.9308
-16.4439 -3.6643 -2.3871 0.9342
-17.1812 -4.4816 -2.5158 0.9308
-15.1158 -7.0181 -2.3613 0.9349
-14.2674 -8.5985 -2.3603 0.9349
11.1551 8.8130 -2.3420 0.9440
10.8333 9.2092 -2.3424 0.9440
10.1479 9.9658 -2.3431 0.9440
9.0224 11.0046 -2.3443 0.9439
8.6230 11.3233 -2.3447 0.9439
7.3598 12.1913 -2.3460 0.9439
5.5434 13.1290 -2.3477 0.9439
5.0696 13.3220 -2.3482 0.9439
4.5890 13.4980 -2.3486 0.9438
3.6102 13.7978 -2.3496 0.9438
2.1072 14.1141 -2.3509 0.9438
1.5996 14.1834 -2.3514 0.9438
1.0896 14.2344 -2.3518 0.9438
0.0401 8.7321 -1.4385 0.9652
-0.2792 8.9136 -1.4691 0.9645
-1.4708 14.2135 -2.3540 0.9437
-1.9804 14.1541 -2.3544 0.9437
-3.4924 13.8665 -2.3557 0.9437
-4.4797 13.5848 -2.3565 0.9437
-4.9652 13.4174 -2.3569 0.9437
-5.4445 13.2327 -2.3572 0.9436
-5.9169 13.0307 -2.3576 0.9436
-7.2866 12.3245 -2.3586 0.9436
-8.1542 11.7732 -2.3593 0.9436
-9.5375 11.8534 -2.5064 0.9402
-11.1688 10.3971 -2.5138 0.9400
-12.2249 9.1386 -2.5144 0.9400
-12.5460 8.6945 -2.5146 0.9400
-12.8508 8.2392 -2.5148 0.9400
-13.6643 6.8110 -2.5152 0.9400
-14.5001 4.7859 -2.5155 0.9400
-14.8063 3.7333 -2.5155 0.9400
-14.9307 3.1994 -2.5155 0.9400
-15.0358 2.6614 -2.5155 0.9400
-15.1214 2.1200 -2.5155 0.9400
-15.1874 1.5758 -2.5154 0.9400
-15.2603 0.4821 -2.5152 0.9400
-15.2542 -0.6139 -2.5150 0.9400
-15.1690 -1.7065 -2.5147 0.9400
-15.0969 -2.2497 -2.5145 0.9400
-15.0053 -2.7900 -2.5143 0.9400
-14.7639 -3.8587 -2.5139 0.9400
-14.6145 -4.3857 -2.5137 0.9400
-14.4462 -4.9070 -2.5134 0.9400
-14.0538 -5.9294 -2.5128 0.9400
-13.3189 -7.3969 -2.5098 0.9401
-12.5786 -8.2189 -2.4753 0.9409
-11.1116 -9.1051 -2.3666 0.9434
-10.7342 -9.4598 -2.3570 0.9436
-10.3861 -9.8374 -2.3567 0.9437
-9.6503 -10.5537 -2.3559 0.9437
-8.8652 -11.2149 -2.3551 0.9437
-8.0349 -11.8178 -2.3542 0.9437
-6.2562 -12.8366 -2.3525 0.9438
-5.7903 -13.0504 -2.3520 0.9438
-5.3171 -13.2473 -2.3516 0.9438
-4.8373 -13.4270 -2.3511 0.9438
-2.8636 -13.9703 -2.3493 0.9438
-1.4042 -14.8198 -2.4523 0.9414
-0.8014 -13.6676 -2.2555 0.9460
-0.2979 -13.1419 -2.1655 0.9481
0.1772 -13.3836 -2.2050 0.9472
0.6789 -13.8053 -2.2770 0.9455
1.2878 -15.1067 -2.4977 0.9404
2.9027 -14.8727 -2.4963 0.9404
3.4341 -14.7564 -2.4959 0.9404
3.9609 -14.6211 -2.4955 0.9404
6.0088 -13.8947 -2.4939 0.9405
6.5027 -13.6680 -2.4935 0.9405
6.9881 -13.4238 -2.4931 0.9405
7.9309 -12.8842 -2.4924 0.9405
8.8325 -12.2788 -2.4918 0.9405
9.2664 -11.9524 -2.4915 0.9405
10.4941 -10.8834 -2.4906 0.9406
10.8769 -10.4986 -2.4904 0.9406
11.2457 -10.1005 -2.4902 0.9406
11.9393 -9.2661 -2.4897 0.9406
12.2633 -8.8309 -2.4895 0.9406
12.5715 -8.3844 -2.4894 0.9406
13.1391 -7.4600 -2.4891 0.9406
13.8631 -6.0036 -2.4888 0.9406
14.0693 -5.5019 -2.4887 0.9406
14.2574 -4.9932 -2.4886 0.9406
14.4272 -4.4782 -2.4886 0.9406
14.4315 -2.2899 -2.4072 0.9425
14.1710 -0.7042 -2.3374 0.9441
13.9068 2.8432 -2.3384 0.9441
13.7969 3.3408 -2.3386 0.9441
13.6693 3.8342 -2.3388 0.9441
13.5242 4.3228 -2.3390 0.9441
13.3617 4.8060 -2.3393 0.9441
12.5422 6.6719 -2.3404 0.9440
11.7571 7.9848 -2.3413 0.9440
11.4646 8.4029 -2.3416 0.9440
11.1573 8.8103 -2.3420 0.9440
10.8355 9.2066 -2.3424 0.9440
10.1503 9.9634 -2.3431 0.9440
9.4125 10.6695 -2.3439 0.9440
6.9218 12.4482 -2.3464 0.9439
6.4717 12.6910 -2.3469 0.9439
5.5466 13.1276 -2.3477 0.9439
5.0728 13.3208 -2.3482 0.9439
4.1056 13.6557 -2.3491 0.9438
3.6135 13.7969 -2.3496 0.9438
3.1165 13.9204 -2.3500 0.9438
2.6154 14.0260 -2.3505 0.9438
2.1106 14.1136 -2.3509 0.9438
-0.9561 14.2547 -2.3536 0.9437
-1.4674 14.2138 -2.3540 0.9437
-1.9770 14.1546 -2.3544 0.9437
-2.9885 13.9812 -2.3553 0.9437
-3.9852 13.7355 -2.3561 0.9437
-5.9137 13.0321 -2.3576 0.9436
-7.0943 11.0777 -2.1671 0.9481
-8.1514 11.7751 -2.3593 0.9436
-8.5699 11.4764 -2.3596 0.9436
-9.9805 11.5363 -2.5130 0.9400
-11.1663 10.3998 -2.5138 0.9400
-11.8857 9.5736 -2.5142 0.9400
-12.5439 8.6975 -2.5146 0.9400
-13.4086 7.3000 -2.5151 0.9400
-14.1173 5.8170 -2.5154 0.9400
-14.3174 5.3066 -2.5154 0.9400
-14.4989 4.7894 -2.5155 0.9400
-14.6617 4.2659 -2.5155 0.9400
-14.9300 3.2030 -2.5155 0.9400
-15.1209 2.1236 -2.5155 0.9400
-15.1871 1.5794 -2.5154 0.9400
-15.2602 0.4858 -2.5152 0.9400
-15.2218 -1.1573 -2.5149 0.9400
-15.1694 -1.7029 -2.5147 0.9400
-15.0975 -2.2461 -2.5145 0.9400
-15.0060 -2.7864 -2.5143 0.9400
-14.2605 -5.4183 -2.5131 0.9400
-13.5906 -6.9175 -2.5122 0.9401
-13.0235 -7.8531 -2.5053 0.9402
-12.5820 -8.2168 -2.4756 0.9409
-12.0787 -8.5218 -2.4352 0.9418
-11.5904 -8.8171 -2.3991 0.9427
-11.1147 -9.1032 -2.3668 0.9434
-10.0271 -10.1998 -2.3563 0.9437
-9.6529 -10.5514 -2.3559 0.9437
-8.4582 -11.5219 -2.3546 0.9437
-7.6071 -12.0946 -2.3538 0.9437
-7.1667 -12.3576 -2.3534 0.9437
-6.6002 -12.3848 -2.3119 0.9447
-5.7935 -13.0490 -2.3520 0.9438
-4.8405 -13.4259 -2.3511 0.9438
-4.3546 -13.5884 -2.3507 0.9438
-2.3929 -14.2374 -2.3784 0.9432
-1.9078 -14.5235 -2.4131 0.9423
-0.3011 -13.1435 -2.1658 0.9481
0.6759 -13.8105 -2.2779 0.9455
2.3638 -14.9705 -2.4968 0.9404
2.8992 -14.8734 -2.4963 0.9404
3.4306 -14.7572 -2.4959 0.9404
4.4790 -14.4682 -2.4951 0.9404
4.9946 -14.2957 -2.4947 0.9405
6.4994 -13.6696 -2.4935 0.9405
7.4612 -13.1642 -2.4928 0.9405
8.8296 -12.2810 -2.4918 0.9405
9.2636 -11.9547 -2.4915 0.9405
9.6856 -11.6131 -2.4912 0.9405
10.0951 -11.2567 -2.4909 0.9405
10.4915 -10.8859 -2.4906 0.9406
10.8744 -10.5012 -2.4904 0.9406
11.2433 -10.1032 -2.4902 0.9406
11.5976 -9.6923 -2.4899 0.9406
12.2612 -8.8338 -2.4895 0.9406
12.5695 -8.3875 -2.4894 0.9406
13.3961 -6.9865 -2.4890 0.9406
13.6376 -6.5008 -2.4888 0.9406
13.8617 -6.0069 -2.4888 0.9406
14.0680 -5.5053 -2.4887 0.9406
14.2562 -4.9967 -2.4886 0.9406
14.7103 -3.4351 -2.4886 0.9406
14.0827 -1.7224 -2.3373 0.9441
14.1359 -1.2158 -2.3373 0.9441
14.1708 -0.7076 -2.3374 0.9441
12.2768 -0.1718 -2.0227 0.9514
14.1290 1.3280 -2.3379 0.9441
14.0732 1.8344 -2.3380 0.9441
13.9074 2.8398 -2.3384 0.9441
13.7977 3.3375 -2.3386 0.9441
13.3629 4.8028 -2.3393 0.9441
12.9868 5.7504 -2.3398 0.9440
12.5438 6.6689 -2.3404 0.9440
12.2980 7.1158 -2.3407 0.9440
11.7590 7.9820 -2.3413 0.9440
11.1594 8.8076 -2.3420 0.9440
10.8377 9.2039 -2.3424 0.9440
10.5020 9.5885 -2.3427 0.9440
10.1527 9.9609 -2.3431 0.9440
9.7902 10.3207 -2.3435 0.9440
9.0276 11.0002 -2.3443 0.9439
8.6285 11.3191 -2.3447 0.9439
8.2181 11.6236 -2.3451 0.9439
6.4747 12.6895 -2.3469 0.9439
6.0162 12.9161 -2.3473 0.9439
5.0760 13.3196 -2.3482 0.9439
4.5955 13.4958 -2.3486 0.9438
4.1089 13.6546 -2.3491 0.9438
3.6168 13.7960 -2.3495 0.9438
3.1199 13.9196 -2.3500 0.9438
2.1140 14.1131 -2.3509 0.9438
1.6064 14.1826 -2.3514 0.9438
1.0965 14.2338 -2.3518 0.9438
-0.2748 8.9111 -1.4687 0.9645
-1.4640 14.2142 -2.3540 0.9437
-2.9851 13.9819 -2.3553 0.9437
-4.4731 13.5869 -2.3565 0.9437
-5.4381 13.2352 -2.3572 0.9436
-6.8325 12.5796 -2.3583 0.9436
-8.1485 11.7771 -2.3593 0.9436
-9.5314 11.8575 -2.5062 0.9402
-10.7821 10.7955 -2.5135 0.9400
-11.8834 9.5765 -2.5142 0.9400
-12.2205 9.1445 -2.5144 0.9400
-13.1353 7.7793 -2.5149 0.9400
-13.4068 7.3032 -2.5151 0.9400
-13.8974 6.3231 -2.5153 0.9400
-14.3161 5.3101 -2.5154 0.9400
-14.4978 4.7929 -2.5155 0.9400
-14.8045 3.7405 -2.5155 0.9400
-15.0346 2.6687 -2.5155 0.9400
-15.1204 2.1273 -2.5155 0.9400
-15.2333 1.0369 -2.5153 0.9400
-15.2672 -0.0586 -2.5151 0.9400
-15.2545 -0.6066 -2.5150 0.9400
-15.2220 -1.1537 -2.5149 0.9400
-15.1698 -1.6992 -2.5147 0.9400
-15.0067 -2.7827 -2.5143 0.9400
-14.2619 -5.4149 -2.5131 0.9400
-14.0567 -5.9227 -2.5128 0.9400
-13.8334 -6.4227 -2.5126 0.9400
-13.3227 -7.3907 -2.5099 0.9401
-12.5854 -8.2147 -2.4759 0.9409
9.7810 7.7274 -2.3430 0.9505
9.2039 8.4115 -2.3436 0.9505
8.8973 8.7377 -2.3439 0.9505
7.9100 9.6478 -2.3450 0.9505
7.5597 9.9270 -2.3453 0.9505
6.8302 10.4471 -2.3461 0.9505
6.0651 10.9137 -2.3468 0.9505
4.8591 11.5082 -2.3480 0.9504
4.4436 11.6771 -2.3484 0.9504
0.9549 12.4744 -2.3516 0.9504
0.0401 8.7296 -1.6408 0.9651
-0.2791 8.9110 -1.6757 0.9644
-0.6760 10.0433 -1.8920 0.9599
-2.1797 12.3340 -2.3542 0.9503
-2.6215 12.2497 -2.3546 0.9503
-3.4946 12.0337 -2.3553 0.9503
-4.9120 9.8611 -2.0707 0.9562
-5.9910 11.0177 -2.3572 0.9502
-6.3834 10.7969 -2.3575 0.9502
-9.1030 9.7840 -2.5119 0.9471
-9.7832 9.1073 -2.5123 0.9471
-10.1047 8.7510 -2.5125 0.9470
-10.7080 8.0046 -2.5129 0.9470
-11.7460 6.3912 -2.5134 0.9470
-11.9683 5.9657 -2.5135 0.9470
-12.3662 5.0920 -2.5137 0.9470
-12.9684 3.2699 -2.5138 0.9470
-13.0774 2.8023 -2.5138 0.9470
-13.1694 2.3311 -2.5138 0.9470
-13.3023 1.3802 -2.5137 0.9470
-13.3429 0.9018 -2.5137 0.9470
-13.3663 0.4223 -2.5136 0.9470
-13.3610 -0.5377 -2.5134 0.9470
-13.2866 -1.4947 -2.5131 0.9470
-13.0463 -2.9138 -2.5126 0.9470
-12.9323 -3.3800 -2.5124 0.9471
-12.8016 -3.8417 -2.5122 0.9471
-12.4907 -4.7493 -2.5117 0.9471
-12.3109 -5.1941 -2.5115 0.9471
-11.9041 -6.0627 -2.5110 0.9471
-11.6774 -6.4853 -2.5107 0.9471
-11.4358 -6.8995 -2.5104 0.9471
-11.1794 -7.3046 -2.5101 0.9471
-10.9086 -7.7002 -2.5098 0.9471
-10.6238 -8.0858 -2.5094 0.9471
-10.3253 -8.4608 -2.5091 0.9471
-10.0136 -8.8247 -2.5088 0.9471
-9.6890 -9.1772 -2.5084 0.9471
-8.6349 -10.1522 -2.5051 0.9472
-8.2599 -10.4492 -2.5036 0.9472
-7.8755 -10.7335 -2.5023 0.9473
-6.6700 -11.5076 -2.5000 0.9473
-6.2522 -11.7387 -2.4999 0.9473
-5.3950 -12.1593 -2.5003 0.9473
-4.5115 -12.5226 -2.5019 0.9473
-3.6022 -12.8168 -2.5024 0.9473
-3.1393 -12.9356 -2.5020 0.9473
-2.6725 -13.0378 -2.5015 0.9473
-2.2024 -13.1231 -2.5011 0.9473
-1.7296 -13.1914 -2.5007 0.9473
-0.7785 -13.2771 -2.4999 0.9473
-0.3014 -13.2943 -2.4994 0.9473
0.1760 -13.2943 -2.4990 0.9473
1.1289 -13.2431 -2.4982 0.9473
1.6033 -13.1920 -2.4978 0.9473
2.0755 -13.1238 -2.4974 0.9474
3.0108 -12.9372 -2.4967 0.9474
4.3821 -12.5330 -2.4956 0.9474
4.8285 -12.3659 -2.4952 0.9474
6.5451 -11.5415 -2.4939 0.9474
6.9544 -11.2978 -2.4936 0.9474
7.7452 -10.7673 -2.4930 0.9474
8.1258 -10.4812 -2.4928 0.9475
8.4959 -10.1817 -2.4925 0.9475
8.8551 -9.8692 -2.4923 0.9475
9.5386 -9.2068 -2.4918 0.9475
9.8621 -8.8578 -2.4916 0.9475
10.1729 -8.4974 -2.4914 0.9475
10.4706 -8.1262 -2.4912 0.9475
10.7548 -7.7446 -2.4911 0.9475
11.0252 -7.3531 -2.4909 0.9475
11.2814 -6.9523 -2.4908 0.9475
11.5232 -6.5425 -2.4907 0.9475
11.9619 -5.6985 -2.4905 0.9475
12.3392 -4.8254 -2.4903 0.9475
12.7859 -3.4708 -2.4902 0.9475
3.4529 -0.6758 -0.6613 0.9858
13.1182 -1.6012 -2.4840 0.9476
12.4346 -1.0665 -2.3458 0.9505
12.2302 -0.1682 -2.2990 0.9514
12.3418 1.6118 -2.3395 0.9506
12.0995 2.9298 -2.3400 0.9506
10.3092 7.0014 -2.3424 0.9505
10.0525 7.3679 -2.3426 0.9505
9.7828 7.7250 -2.3430 0.9505
9.5005 8.0723 -2.3433 0.9505
7.9123 9.6459 -2.3450 0.9505
6.8327 10.4454 -2.3461 0.9505
6.0677 10.9122 -2.3468 0.9505
5.2709 11.3232 -2.3476 0.9504
4.8619 11.5070 -2.3480 0.9504
2.7315 12.2005 -2.3500 0.9504
1.7482 9.3756 -1.7926 0.9619
1.8498 12.3692 -2.3508 0.9504
0.0422 8.7284 -1.6406 0.9651
-0.6739 10.0471 -1.8927 0.9598
-1.2858 12.4550 -2.3535 0.9503
-1.7323 12.4028 -2.3539 0.9503
-2.1768 12.3346 -2.3542 0.9503
-2.6185 12.2504 -2.3546 0.9503
-3.4917 12.0345 -2.3553 0.9503
-3.9220 11.9032 -2.3557 0.9503
-4.3474 11.7564 -2.3560 0.9503
-4.7672 11.5944 -2.3563 0.9503
-5.1810 11.4174 -2.3566 0.9503
-7.9846 10.6927 -2.5083 0.9471
-8.3735 10.4118 -2.5114 0.9471
-9.4469 9.4541 -2.5121 0.9471
-9.7810 9.1097 -2.5123 0.9471
-10.9873 7.6183 -2.5130 0.9470
-11.5068 6.8111 -2.5133 0.9470
-11.7444 6.3940 -2.5134 0.9470
-11.9669 5.9685 -2.5135 0.9470
-12.1738 5.5353 -2.5136 0.9470
-12.5402 4.6479 -2.5138 0.9470
-13.1689 2.3342 -2.5138 0.9470
-13.3020 1.3834 -2.5137 0.9470
-13.3723 -0.0546 -2.5135 0.9470
-13.3327 -1.0137 -2.5133 0.9470
-13.2870 -1.4915 -2.5131 0.9470
-13.2241 -1.9674 -2.5130 0.9470
-13.1440 -2.4406 -2.5128 0.9470
-12.8025 -3.8386 -2.5122 0.9471
-12.6554 -4.2953 -2.5120 0.9471
-11.6790 -6.4825 -2.5107 0.9471
-11.4375 -6.8967 -2.5104 0.9471
-11.1812 -7.3019 -2.5101 0.9471
-10.9105 -7.6976 -2.5098 0.9471
-10.6258 -8.0832 -2.5094 0.9471
-10.0157 -8.8223 -2.5088 0.9471
-8.6374 -10.1501 -2.5051 0.9472
-8.2624 -10.4472 -2.5036 0.9472
-7.8781 -10.7316 -2.5023 0.9473
-7.4848 -11.0030 -2.5013 0.9473
-6.6728 -11.5060 -2.5000 0.9473
-6.2551 -11.7372 -2.4999 0.9473
-5.3979 -12.1580 -2.5003 0.9473
-4.5144 -12.5215 -2.5018 0.9473
-3.6053 -12.8159 -2.5024 0.9473
-3.1424 -12.9349 -2.5020 0.9473
-2.6756 -13.0371 -2.5015 0.9473
-1.2580 -13.2425 -2.5003 0.9473
-0.3046 -13.2942 -2.4994 0.9473
0.1728 -13.2944 -2.4990 0.9473
0.6498 -13.2774 -2.4986 0.9473
1.6002 -13.1924 -2.4978 0.9473
2.0723 -13.1244 -2.4974 0.9474
3.4696 -12.8197 -2.4963 0.9474
3.9269 -12.6850 -2.4959 0.9474
4.3791 -12.5341 -2.4956 0.9474
6.1246 -11.7720 -2.4942 0.9474
6.5424 -11.5431 -2.4939 0.9474
8.1233 -10.4832 -2.4928 0.9475
8.4935 -10.1838 -2.4925 0.9475
9.2005 -9.5463 -2.4920 0.9475
9.5364 -9.2091 -2.4918 0.9475
11.0235 -7.3558 -2.4909 0.9475
11.2798 -6.9550 -2.4908 0.9475
11.5216 -6.5453 -2.4907 0.9475
11.7486 -6.1273 -2.4906 0.9475
12.5031 -4.3823 -2.4903 0.9475
3.4534 -0.6767 -0.6614 0.9858
13.1181 -1.6044 -2.4841 0.9476
12.4282 -0.6206 -2.3389 0.9506
12.4416 0.2727 -2.3391 0.9506
12.4244 0.7191 -2.3392 0.9506
12.3421 1.6088 -2.3395 0.9506
12.1002 2.9269 -2.3400 0.9506
11.9883 3.3596 -2.3401 0.9506
11.8610 3.7881 -2.3403 0.9506
11.5608 4.6301 -2.3408 0.9506
11.2011 5.4487 -2.3413 0.9506
10.9996 5.8479 -2.3415 0.9506
10.7838 6.2397 -2.3418 0.9506
10.3108 6.9990 -2.3423 0.9505
10.0543 7.3655 -2.3426 0.9505
8.5835 9.0486 -2.3443 0.9505
8.2544 9.3522 -2.3446 0.9505
7.9146 9.6440 -2.3450 0.9505
7.5645 9.9234 -2.3453 0.9505
5.2736 11.3219 -2.3476 0.9504
4.4492 11.6750 -2.3484 0.9504
3.6014 11.9681 -2.3492 0.9504
1.8527 12.3687 -2.3508 0.9504
1.4078 12.4293 -2.3512 0.9504
0.9609 12.4740 -2.3516 0.9504
-0.2747 8.9085 -1.6752 0.9644
-0.6717 10.0509 -1.8934 0.9598
-2.1738 12.3351 -2.3542 0.9503
-3.0541 12.1510 -2.3550 0.9503
-3.9191 11.9041 -2.3556 0.9503
-4.3445 11.7575 -2.3560 0.9503
-4.7644 11.5955 -2.3563 0.9503
-7.9819 10.6943 -2.5083 0.9471
-8.3709 10.4138 -2.5114 0.9471
-10.1004 8.7558 -2.5125 0.9470
-10.7041 8.0098 -2.5129 0.9470
-10.9854 7.6209 -2.5130 0.9470
-11.2526 7.2221 -2.5132 0.9470
-11.5052 6.8139 -2.5133 0.9470
-11.9654 5.9714 -2.5135 0.9470
-12.1725 5.5383 -2.5136 0.9470
-12.5391 4.6510 -2.5138 0.9470
-12.6982 4.1979 -2.5138 0.9470
-12.8408 3.7395 -2.5138 0.9470
-12.9668 3.2761 -2.5138 0.9470
-13.0760 2.8086 -2.5138 0.9470
-13.3016 1.3866 -2.5137 0.9470
-13.3425 0.9082 -2.5137 0.9470
-13.3613 -0.5313 -2.5134 0.9470
-13.3329 -1.0105 -2.5133 0.9470
-13.1446 -2.4375 -2.5128 0.9470
-12.9339 -3.3737 -2.5124 0.9471
-12.8034 -3.8355 -2.5122 0.9471
-12.4930 -4.7433 -2.5117 0.9471
-12.3135 -5.1882 -2.5115 0.9471
-12.1180 -5.6262 -2.5112 0.9471
-11.6806 -6.4797 -2.5107 0.9471
-11.1829 -7.2993 -2.5101 0.9471
8.7001 6.8735 -2.3437 0.9557
8.1866 7.4817 -2.3443 0.9557
7.9138 7.7718 -2.3446 0.9557
7.3377 8.3217 -2.3452 0.9557
6.7236 8.8290 -2.3458 0.9556
6.4032 9.0659 -2.3462 0.9556
6.0745 9.2913 -2.3465 0.9556
5.3938 9.7059 -2.3472 0.9556
5.0427 9.8947 -2.3475 0.9556
4.6850 10.0708 -2.3478 0.9556
3.9516 10.3841 -2.3485 0.9556
3.5768 10.5208 -2.3489 0.9556
2.4262 10.8492 -2.3500 0.9556
1.2760 8.5466 -1.8266 0.9653
1.2464 11.0522 -2.3510 0.9555
0.7887 10.3033 -2.1843 0.9586
0.3539 8.7346 -1.8478 0.9649
0.0401 8.7270 -1.8447 0.9649
-0.3304 10.5501 -2.2312 0.9578
-1.1998 8.5751 -1.8303 0.9652
-1.9378 10.9652 -2.3537 0.9555
-2.3305 10.8901 -2.3541 0.9555
-2.7203 10.8009 -2.3544 0.9555
-4.2402 10.3057 -2.3556 0.9555
-4.8911 9.8193 -2.3189 0.9561
-5.3254 9.7936 -2.3564 0.9554
-5.7524 9.7296 -2.3892 0.9548
-6.7606 9.7610 -2.5098 0.9526
-7.4449 9.2526 -2.5103 0.9526
-8.3986 8.4009 -2.5110 0.9526
-8.9809 7.7778 -2.5113 0.9526
-9.2550 7.4509 -2.5115 0.9526
-9.5170 7.1144 -2.5117 0.9526
-9.7668 6.7685 -2.5118 0.9526
-10.0040 6.4139 -2.5119 0.9526
-10.4393 5.6802 -2.5122 0.9526
-10.9905 4.5255 -2.5124 0.9526
-11.5255 2.9061 -2.5125 0.9526
-11.7042 2.0717 -2.5125 0.9526
-11.7709 1.6502 -2.5125 0.9526
-11.8224 1.2267 -2.5124 0.9526
-11.8847 -0.0514 -2.5122 0.9526
-11.8747 -0.4779 -2.5121 0.9526
-11.8494 -0.9038 -2.5120 0.9526
-11.7528 -1.7514 -2.5117 0.9526
-11.4942 -3.0041 -2.5113 0.9526
-11.3781 -3.4145 -2.5111 0.9526
-11.1020 -4.2213 -2.5107 0.9526
-10.5810 -5.3888 -2.5100 0.9526
-10.3797 -5.7646 -2.5097 0.9526
-10.1650 -6.1328 -2.5094 0.9526
-9.9372 -6.4930 -2.5092 0.9526
-8.6131 -8.1581 -2.5077 0.9527
-7.6832 -9.0332 -2.5067 0.9527
-7.3530 -9.3019 -2.5064 0.9527
-5.5700 -10.4579 -2.5046 0.9527
-5.1903 -10.6495 -2.5042 0.9527
-4.0136 -11.1408 -2.5031 0.9527
-3.6106 -11.2760 -2.5027 0.9527
-3.2030 -11.3966 -2.5023 0.9528
-2.7915 -11.5025 -2.5020 0.9528
-1.9584 -11.6696 -2.5012 0.9528
-1.1159 -11.7765 -2.5005 0.9528
-0.6923 -11.8072 -2.5001 0.9528
0.1565 -11.8230 -2.4994 0.9528
0.5807 -11.8080 -2.4990 0.9528
3.0887 -11.4015 -2.4969 0.9529
3.4955 -11.2818 -2.4966 0.9529
4.6863 -10.8366 -2.4957 0.9529
5.0717 -10.6601 -2.4954 0.9529
5.4504 -10.4700 -2.4951 0.9529
5.8221 -10.2665 -2.4948 0.9529
6.1862 -10.0498 -2.4945 0.9529
6.5422 -9.8203 -2.4943 0.9529
6.8898 -9.5781 -2.4940 0.9529
7.2285 -9.3238 -2.4938 0.9529
7.8774 -8.7796 -2.4933 0.9529
8.1868 -8.4905 -2.4931 0.9529
8.4856 -8.1905 -2.4929 0.9529
9.3150 -7.2293 -2.4924 0.9529
10.0365 -6.1851 -2.4920 0.9529
10.2516 -5.8206 -2.4919 0.9529
10.6420 -5.0697 -2.4917 0.9529
10.8169 -4.6843 -2.4917 0.9530
10.9778 -4.2930 -2.4916 0.9530
11.1246 -3.8961 -2.4916 0.9530
11.3752 -3.0879 -2.4915 0.9530
11.4787 -2.6776 -2.4915 0.9530
3.4529 -0.5479 -0.7390 0.9858
11.0687 0.2452 -2.3403 0.9557
11.0532 0.6424 -2.3404 0.9557
11.0236 1.0388 -2.3405 0.9557
10.9797 1.4339 -2.3406 0.9557
10.9218 1.8272 -2.3407 0.9557
10.7640 2.6064 -2.3410 0.9557
10.5508 3.3724 -2.3414 0.9557
10.4238 3.7493 -2.3416 0.9557
10.1297 4.4882 -2.3420 0.9557
9.9630 4.8494 -2.3422 0.9557
9.5913 5.5528 -2.3427 0.9557
9.1702 6.2279 -2.3432 0.9557
8.9418 6.5538 -2.3434 0.9557
8.7018 6.8714 -2.3437 0.9557
7.9156 7.7698 -2.3446 0.9557
7.6326 8.0500 -2.3449 0.9557
6.7257 8.8274 -2.3458 0.9556
6.4054 9.0644 -2.3461 0.9556
6.0768 9.2898 -2.3465 0.9556
5.3962 9.7046 -2.3472 0.9556
5.0451 9.8935 -2.3475 0.9556
4.6874 10.0697 -2.3478 0.9556
4.3236 10.2330 -2.3482 0.9556
3.5793 10.5199 -2.3489 0.9556
2.8162 10.7529 -2.3496 0.9556
1.2789 8.5517 -1.8278 0.9653
1.2491 11.0519 -2.3510 0.9555
0.7912 10.3031 -2.1843 0.9586
0.3561 8.7358 -1.8481 0.9649
0.0422 8.7259 -1.8445 0.9650
-0.5483 8.1745 -1.7318 0.9671
-1.1975 8.5738 -1.8299 0.9652
-1.9352 10.9657 -2.3537 0.9555
-3.1040 10.6984 -2.3547 0.9555
-4.5435 10.0124 -2.3241 0.9560
-4.8870 9.8169 -2.3180 0.9562
-5.3230 9.7948 -2.3564 0.9554
-5.7477 9.7270 -2.3882 0.9549
-6.7582 9.7627 -2.5098 0.9526
-7.7707 8.9821 -2.5106 0.9526
-8.3965 8.4029 -2.5110 0.9526
-8.9791 7.7800 -2.5113 0.9526
-10.0025 6.4164 -2.5119 0.9526
-10.4379 5.6827 -2.5122 0.9526
-10.6356 5.3046 -2.5123 0.9526
-10.9894 4.5281 -2.5124 0.9526
-11.8221 1.2295 -2.5124 0.9526
-11.8847 -0.0485 -2.5122 0.9526
-11.8748 -0.4750 -2.5121 0.9526
-11.8496 -0.9009 -2.5120 0.9526
-11.5961 -2.5870 -2.5114 0.9526
-11.3789 -3.4117 -2.5111 0.9526
-11.2483 -3.8177 -2.5109 0.9526
-10.9435 -4.6141 -2.5104 0.9526
-10.1665 -6.1304 -2.5095 0.9526
-9.4454 -7.1853 -2.5086 0.9526
-9.1803 -7.5188 -2.5083 0.9526
-8.6151 -8.1560 -2.5077 0.9527
-8.3157 -8.4589 -2.5074 0.9527
-7.6854 -9.0314 -2.5067 0.9527
-7.3552 -9.3001 -2.5064 0.9527
-7.0157 -9.5568 -2.5060 0.9527
-6.6672 -9.8011 -2.5057 0.9527
-5.1929 -10.6483 -2.5042 0.9527
-3.6133 -11.2751 -2.5027 0.9527
-3.2058 -11.3958 -2.5023 0.9528
-1.1187 -11.7762 -2.5005 0.9528
-0.6952 -11.8070 -2.5001 0.9528
-0.2709 -11.8226 -2.4997 0.9528
0.5779 -11.8082 -2.4990 0.9528
1.0012 -11.7781 -2.4986 0.9528
1.4231 -11.7329 -2.4983 0.9528
1.8431 -11.6726 -2.4979 0.9528
2.6751 -11.5072 -2.4972 0.9528
3.4928 -11.2826 -2.4966 0.9529
3.8950 -11.1486 -2.4963 0.9529
5.4479 -10.4713 -2.4951 0.9529
5.8196 -10.2679 -2.4948 0.9529
6.1838 -10.0513 -2.4945 0.9529
6.5399 -9.8218 -2.4943 0.9529
7.5557 -9.0593 -2.4936 0.9529
8.4836 -8.1925 -2.4929 0.9529
9.0482 -7.5617 -2.4926 0.9529
9.5663 -6.8922 -2.4923 0.9529
9.8070 -6.5440 -2.4921 0.9529
10.0350 -6.1875 -2.4920 0.9529
10.2502 -5.8231 -2.4919 0.9529
10.4522 -5.4512 -2.4918 0.9529
10.6408 -5.0723 -2.4917 0.9529
10.8157 -4.6869 -2.4917 0.9530
11.1237 -3.8987 -2.4916 0.9530
11.2563 -3.4969 -2.4915 0.9530
11.3745 -3.0906 -2.4915 0.9530
11.4781 -2.6803 -2.4915 0.9530
3.4523 -0.5486 -0.7389 0.9858
11.5902 -0.5788 -2.4530 0.9537
11.0700 -0.1549 -2.3402 0.9557
11.0534 0.6398 -2.3404 0.9557
11.0238 1.0362 -2.3405 0.9557
10.9801 1.4313 -2.3406 0.9557
10.8504 2.2156 -2.3409 0.9557
10.7646 2.6038 -2.3410 0.9557
10.2843 4.1189 -2.3418 0.9557
10.1308 4.4858 -2.3420 0.9557
9.9642 4.8470 -2.3422 0.9557
9.7847 5.2020 -2.3424 0.9557
8.7034 6.8693 -2.3437 0.9557
8.4523 7.1781 -2.3440 0.9557
7.9175 7.7679 -2.3446 0.9557
7.3417 8.3181 -2.3452 0.9557
6.7278 8.8258 -2.3458 0.9556
6.4076 9.0629 -2.3461 0.9556
5.7425 9.5019 -2.3468 0.9556
5.0475 9.8923 -2.3475 0.9556
4.6898 10.0685 -2.3478 0.9556
4.3260 10.2319 -2.3482 0.9556
3.5819 10.5191 -2.3489 0.9556
1.7516 9.3811 -2.0172 0.9617
1.2517 11.0515 -2.3510 0.9555
0.3582 8.7371 -1.8484 0.9649
-0.5462 8.1733 -1.7315 0.9671
-1.9325 10.9661 -2.3537 0.9555
-2.7150 10.8022 -2.3544 0.9555
-3.1014 10.6992 -2.3547 0.9555
-3.8620 10.4518 -2.3553 0.9555
-4.8829 9.8145 -2.3172 0.9562
-5.3206 9.7961 -2.3564 0.9554
-6.3848 9.9751 -2.5035 0.9527
-6.7559 9.7643 -2.5098 0.9526
-8.0867 8.7001 -2.5108 0.9526
-8.6914 8.0988 -2.5112 0.9526
-9.5136 7.1189 -2.5117 0.9526
-10.6343 5.3071 -2.5123 0.9526
-10.8183 4.9222 -2.5123 0.9526
-10.9883 4.5308 -2.5124 0.9526
-11.2854 3.7309 -2.5125 0.9526
-11.6212 2.4961 -2.5125 0.9526
-11.8218 1.2323 -2.5124 0.9526
-11.8791 0.3810 -2.5123 0.9526
-11.8750 -0.4722 -2.5121 0.9526
-11.8094 -1.3228 -2.5119 0.9526
-11.4957 -2.9986 -2.5113 0.9526
-11.2492 -3.8150 -2.5109 0.9526
-11.1041 -4.2160 -2.5107 0.9526
-10.3825 -5.7596 -2.5097 0.9526
-9.9404 -6.4882 -2.5092 0.9526
7.6007 6.4612 -2.3446 0.9598
6.8645 7.2434 -2.3454 0.9598
6.6008 7.4860 -2.3456 0.9598
6.3286 7.7190 -2.3459 0.9598
5.7600 8.1552 -2.3465 0.9598
2.5306 9.6718 -2.3496 0.9598
1.7006 9.1325 -2.1833 0.9625
1.2759 8.5462 -2.0308 0.9651
-0.2509 8.0123 -1.8840 0.9676
-0.5524 8.2063 -1.9330 0.9668
-0.8678 8.3860 -1.9814 0.9660
-1.1998 8.5751 -2.0350 0.9650
-2.0957 9.7928 -2.3536 0.9597
-2.4461 9.7124 -2.3539 0.9597
-3.1373 9.5141 -2.3545 0.9597
-3.8127 9.2666 -2.3550 0.9597
-4.1433 9.1248 -2.3553 0.9597
-5.0550 9.2964 -2.4870 0.9575
-7.2744 7.8186 -2.5099 0.9571
-7.5509 7.5530 -2.5101 0.9571
-8.0744 6.9927 -2.5104 0.9571
-8.5563 6.3962 -2.5107 0.9571
-8.7808 6.0852 -2.5108 0.9571
-8.9940 5.7664 -2.5109 0.9571
-9.1956 5.4401 -2.5110 0.9570
-9.7280 4.4205 -2.5113 0.9570
-10.0205 3.7113 -2.5114 0.9570
-10.1474 3.3493 -2.5114 0.9570
-10.2612 2.9829 -2.5114 0.9570
-10.3617 2.6126 -2.5115 0.9570
-10.4488 2.2390 -2.5115 0.9570
-10.5823 1.4836 -2.5114 0.9570
-10.6531 -0.8126 -2.5110 0.9570
-10.6166 -1.1944 -2.5109 0.9571
-10.5663 -1.5746 -2.5108 0.9571
-10.5024 -1.9528 -2.5106 0.9571
-10.4250 -2.3283 -2.5105 0.9571
-10.2297 -3.0699 -2.5101 0.9571
-10.1122 -3.4348 -2.5100 0.9571
-9.8382 -4.1508 -2.5096 0.9571
-8.9350 -5.8381 -2.5085 0.9571
-8.7188 -6.1545 -2.5082 0.9571
-8.0041 -7.0538 -2.5074 0.9571
-7.4757 -7.6081 -2.5068 0.9571
-7.1969 -7.8706 -2.5065 0.9571
-5.9935 -8.8153 -2.5053 0.9571
-5.0092 -9.4048 -2.5043 0.9572
-4.6677 -9.5773 -2.5040 0.9572
-4.3204 -9.7374 -2.5037 0.9572
-3.2473 -10.1413 -2.5026 0.9572
-2.5106 -10.3453 -2.5020 0.9572
-1.7615 -10.4959 -2.5013 0.9572
-1.3834 -10.5510 -2.5009 0.9572
-1.0037 -10.5924 -2.5006 0.9572
-0.6227 -10.6202 -2.5003 0.9572
0.1408 -10.6347 -2.4996 0.9572
0.5224 -10.6214 -2.4993 0.9572
0.9031 -10.5944 -2.4990 0.9573
1.2827 -10.5538 -2.4987 0.9573
2.0360 -10.4320 -2.4980 0.9573
2.4089 -10.3510 -2.4977 0.9573
2.7786 -10.2566 -2.4974 0.9573
4.2159 -9.7489 -2.4963 0.9573
5.2379 -9.2363 -2.4955 0.9573
7.0874 -7.8991 -2.4942 0.9573
7.8938 -7.0899 -2.4937 0.9573
8.1427 -6.8016 -2.4935 0.9573
8.8253 -5.8859 -2.4931 0.9573
9.2240 -5.2372 -2.4929 0.9574
9.4058 -4.9025 -2.4928 0.9574
9.8775 -3.8627 -2.4926 0.9574
10.0097 -3.5056 -2.4926 0.9574
10.1289 -3.1440 -2.4926 0.9574
3.5117 -0.4286 -0.8315 0.9856
10.2726 0.2276 -2.4149 0.9587
9.9453 0.5780 -2.3413 0.9599
9.9185 0.9347 -2.3414 0.9599
9.8791 1.2902 -2.3415 0.9599
9.8269 1.6440 -2.3416 0.9599
9.7621 1.9958 -2.3418 0.9599
9.6847 2.3451 -2.3419 0.9599
9.5949 2.6913 -2.3421 0.9599
9.4928 3.0342 -2.3422 0.9599
9.3784 3.3733 -2.3424 0.9599
9.1137 4.0380 -2.3428 0.9599
8.9636 4.3630 -2.3430 0.9599
8.4450 5.3027 -2.3436 0.9599
8.2500 5.6030 -2.3438 0.9599
8.0444 5.8961 -2.3441 0.9598
7.6023 6.4594 -2.3446 0.9598
7.1209 6.9898 -2.3451 0.9598
6.6026 7.4844 -2.3456 0.9598
6.3305 7.7175 -2.3459 0.9598
5.4662 8.3564 -2.3468 0.9598
4.5380 8.8991 -2.3477 0.9598
4.2162 9.0574 -2.3480 0.9598
3.8889 9.2042 -2.3483 0.9598
3.5565 9.3391 -2.3487 0.9598
3.2194 9.4620 -2.3490 0.9598
2.8781 9.5727 -2.3493 0.9598
2.1845 9.7572 -2.3499 0.9597
1.2788 8.5512 -2.0321 0.9651
0.8892 7.8676 -1.8608 0.9680
-0.2490 8.0124 -1.8840 0.9676
-1.1975 8.5738 -2.0346 0.9651
-1.7402 9.8609 -2.3533 0.9597
-2.4438 9.7130 -2.3539 0.9597
-2.7912 9.6201 -2.3542 0.9597
-5.0509 9.2942 -2.4861 0.9575
-5.4240 9.1792 -2.5058 0.9571
-6.0764 8.7778 -2.5091 0.9571
-6.3882 8.5548 -2.5093 0.9571
-6.6917 8.3206 -2.5095 0.9571
-8.5548 6.3982 -2.5107 0.9571
-9.1943 5.4423 -2.5110 0.9570
-9.5617 4.7690 -2.5112 0.9570
-9.7270 4.4228 -2.5113 0.9570
-10.1466 3.3517 -2.5114 0.9570
-10.2605 2.9854 -2.5114 0.9570
-10.3611 2.6151 -2.5115 0.9570
-10.4482 2.2415 -2.5115 0.9570
-10.5820 1.4862 -2.5114 0.9570
-10.6609 0.7231 -2.5113 0.9570
-10.6797 0.3400 -2.5113 0.9570
-10.6759 -0.4271 -2.5111 0.9570
-10.6169 -1.1918 -2.5109 0.9571
-10.5029 -1.9502 -2.5106 0.9571
-10.4255 -2.3258 -2.5105 0.9571
-10.2305 -3.0674 -2.5101 0.9571
-10.1131 -3.4324 -2.5100 0.9571
-9.6832 -4.4986 -2.5094 0.9571
-9.1410 -5.5120 -2.5087 0.9571
-8.7203 -6.1524 -2.5082 0.9571
-8.4929 -6.4607 -2.5079 0.9571
-7.7466 -7.3339 -2.5071 0.9571
-7.4775 -7.6063 -2.5068 0.9571
-6.3089 -8.5940 -2.5056 0.9571
-5.9956 -8.8138 -2.5053 0.9571
-5.6746 -9.0222 -2.5050 0.9571
-5.3464 -9.2189 -2.5046 0.9572
-3.9699 -9.8839 -2.5033 0.9572
-3.6121 -10.0187 -2.5030 0.9572
-3.2497 -10.1405 -2.5026 0.9572
-2.8832 -10.2492 -2.5023 0.9572
-2.5131 -10.3447 -2.5020 0.9572
-2.1399 -10.4269 -2.5016 0.9572
-1.7640 -10.4955 -2.5013 0.9572
-0.2436 -10.6343 -2.4999 0.9572
0.1382 -10.6347 -2.4996 0.9572
0.5198 -10.6215 -2.4993 0.9572
0.9006 -10.5947 -2.4990 0.9573
1.6580 -10.5001 -2.4983 0.9573
2.0335 -10.4325 -2.4980 0.9573
3.8613 -9.8960 -2.4966 0.9573
4.2136 -9.7499 -2.4963 0.9573
5.2357 -9.2376 -2.4955 0.9573
5.5633 -9.0428 -2.4953 0.9573
6.5015 -8.3901 -2.4946 0.9573
7.0855 -7.9008 -2.4942 0.9573
7.6330 -7.3710 -2.4938 0.9573
8.1411 -6.8036 -2.4935 0.9573
8.6073 -6.2013 -2.4932 0.9573
8.8239 -5.8881 -2.4931 0.9573
9.4046 -4.9048 -2.4928 0.9574
9.7317 -4.2172 -2.4927 0.9574
10.1282 -3.1464 -2.4926 0.9574
3.3615 -0.6587 -0.8051 0.9860
3.4197 -0.5435 -0.8138 0.9859
10.5670 -0.9088 -2.4927 0.9574
10.5931 -0.5290 -2.4927 0.9574
10.5838 -0.1481 -2.4877 0.9574
10.2762 0.2252 -2.4157 0.9586
9.9454 0.5756 -2.3413 0.9599
9.8794 1.2878 -2.3415 0.9599
9.8273 1.6417 -2.3416 0.9599
9.5956 2.6890 -2.3421 0.9599
9.4935 3.0320 -2.3422 0.9599
9.2529 3.7058 -2.3426 0.9599
9.1147 4.0359 -2.3428 0.9599
8.9647 4.3608 -2.3430 0.9599
8.8031 4.6802 -2.3432 0.9599
8.6303 4.9936 -2.3434 0.9599
8.4463 5.3007 -2.3436 0.9599
8.2514 5.6010 -2.3438 0.9599
8.0458 5.8942 -2.3441 0.9598
7.8299 6.1798 -2.3443 0.9598
7.6038 6.4576 -2.3446 0.9598
7.1226 6.9880 -2.3451 0.9598
6.8679 7.2400 -2.3454 0.9598
5.7639 8.1524 -2.3465 0.9598
5.4682 8.3551 -2.3468 0.9598
4.8560 8.7281 -2.3474 0.9598
4.5401 8.8980 -2.3477 0.9598
4.2184 9.0564 -2.3480 0.9598
3.8911 9.2032 -2.3483 0.9598
3.5587 9.3382 -2.3487 0.9598
1.7063 9.1385 -2.1849 0.9625
0.8916 7.8718 -1.8619 0.9680
0.0399 7.8688 -1.8494 0.9682
-0.2471 8.0124 -1.8840 0.9676
-0.5483 8.2039 -1.9324 0.9668
-1.7378 9.8613 -2.3533 0.9597
-2.0909 9.7937 -2.3536 0.9597
-3.4727 9.3981 -2.3547 0.9597
-4.4690 8.9827 -2.3580 0.9596
-5.0468 9.2919 -2.4851 0.9575
-5.4217 9.1803 -2.5058 0.9571
-6.0743 8.7792 -2.5091 0.9571
-6.3861 8.5563 -2.5093 0.9571
-7.2707 7.8221 -2.5099 0.9571
-7.8142 7.2813 -2.5102 0.9571
-8.0711 6.9966 -2.5104 0.9571
-8.3175 6.7028 -2.5106 0.9571
-8.5532 6.4003 -2.5107 0.9571
-10.0187 3.7161 -2.5114 0.9570
-10.2598 2.9878 -2.5114 0.9570
-10.5215 1.8676 -2.5114 0.9570
-10.6280 1.1079 -2.5114 0.9570
-10.6847 -0.0410 -2.5112 0.9570
-10.6760 -0.4245 -2.5111 0.9570
-10.6535 -0.8074 -2.5110 0.9570
-10.4261 -2.3233 -2.5105 0.9571
-10.3353 -2.6959 -2.5103 0.9571
-9.6843 -4.4963 -2.5094 0.9571
-9.5158 -4.8406 -2.5092 0.9571
-9.1423 -5.5098 -2.5087 0.9571
-8.9378 -5.8338 -2.5085 0.9571
7.3024 5.3549 -2.3446 0.9633
6.9007 5.8662 -2.3451 0.9633
6.6864 6.1107 -2.3453 0.9633
6.2320 6.5760 -2.3458 0.9633
5.9926 6.7962 -2.3460 0.9633
5.7454 7.0077 -2.3463 0.9632
5.2291 7.4035 -2.3468 0.9632
4.9605 7.5873 -2.3471 0.9632
4.4044 7.9255 -2.3476 0.9632
4.1176 8.0795 -2.3479 0.9632
3.8254 8.2230 -2.3482 0.9632
3.5282 8.3561 -2.3485 0.9632
2.9203 8.5898 -2.3491 0.9632
2.6104 8.6901 -2.3493 0.9632
1.9807 8.8572 -2.3499 0.9632
1.6617 8.9237 -2.3502 0.9632
1.2452 8.3406 -2.1835 0.9658
0.8868 7.8630 -2.0488 0.9678
0.5788 7.5618 -1.9636 0.9691
-0.2516 8.0350 -2.0814 0.9673
-0.5524 8.2063 -2.1296 0.9666
-0.8678 8.3860 -2.1829 0.9658
-1.1792 8.4277 -2.2033 0.9654
-1.5241 8.6242 -2.2676 0.9645
-1.9020 8.8877 -2.3533 0.9631
-3.9197 8.6323 -2.4547 0.9616
-4.3099 8.6524 -2.5028 0.9608
-4.6268 8.5089 -2.5077 0.9608
-4.9297 8.3381 -2.5080 0.9608
-5.5161 7.9643 -2.5084 0.9608
-6.3418 7.3268 -2.5090 0.9608
-6.8520 6.8539 -2.5093 0.9607
-7.0941 6.6040 -2.5095 0.9607
-7.3270 6.3454 -2.5096 0.9607
-7.5504 6.0787 -2.5098 0.9607
-8.1613 5.2325 -2.5101 0.9607
-8.3442 4.9364 -2.5102 0.9607
-8.6774 4.3253 -2.5104 0.9607
-9.3110 2.7067 -2.5106 0.9607
-9.4022 2.3707 -2.5106 0.9607
-9.4812 2.0317 -2.5106 0.9607
-9.6443 1.0007 -2.5105 0.9607
-9.6739 0.6538 -2.5105 0.9607
-9.6909 0.3062 -2.5104 0.9607
-9.6336 -1.0838 -2.5101 0.9607
-9.5881 -1.4288 -2.5099 0.9607
-9.5302 -1.7720 -2.5098 0.9607
-9.4599 -2.1128 -2.5097 0.9607
-9.3774 -2.4509 -2.5095 0.9607
-9.2829 -2.7857 -2.5094 0.9607
-8.9278 -3.7667 -2.5089 0.9608
-8.7862 -4.0844 -2.5087 0.9608
-8.6332 -4.3968 -2.5085 0.9608
-8.1085 -5.2981 -2.5079 0.9608
-7.7060 -5.8650 -2.5074 0.9608
-7.4898 -6.1373 -2.5071 0.9608
-7.0288 -6.6575 -2.5066 0.9608
-5.4397 -8.0007 -2.5050 0.9608
-5.1484 -8.1899 -2.5047 0.9608
-4.8505 -8.3684 -2.5044 0.9608
-4.2366 -8.6928 -2.5038 0.9608
-3.2764 -9.0945 -2.5029 0.9608
-2.6149 -9.3039 -2.5023 0.9609
-2.2789 -9.3906 -2.5020 0.9609
-1.9402 -9.4652 -2.5017 0.9609
-1.2558 -9.5776 -2.5010 0.9609
-0.9111 -9.6154 -2.5007 0.9609
-0.5653 -9.6407 -2.5004 0.9609
-0.2188 -9.6536 -2.5001 0.9609
1.1645 -9.5810 -2.4990 0.9609
2.5226 -9.3116 -2.4978 0.9609
2.8549 -9.2141 -2.4976 0.9609
3.5078 -8.9837 -2.4971 0.9609
4.1425 -8.7071 -2.4966 0.9609
4.7556 -8.3859 -2.4961 0.9609
5.6281 -7.8241 -2.4955 0.9610
6.6880 -6.9361 -2.4947 0.9610
7.1675 -6.4376 -2.4944 0.9610
7.8168 -5.6289 -2.4940 0.9610
8.3756 -4.7554 -2.4938 0.9610
8.6947 -4.1420 -2.4936 0.9610
8.8375 -3.8272 -2.4935 0.9610
8.9691 -3.5074 -2.4935 0.9610
9.1974 -2.8549 -2.4934 0.9610
9.2939 -2.5229 -2.4934 0.9610
3.3765 -0.7876 -0.8977 0.9858
3.3236 -0.6505 -0.8769 0.9861
3.4716 -0.4237 -0.9055 0.9857
9.6215 0.2132 -2.4918 0.9610
9.2200 0.8688 -2.3978 0.9625
8.9228 1.4928 -2.3424 0.9633
8.8640 1.8122 -2.3425 0.9633
8.7121 2.4437 -2.3428 0.9633
8.5154 3.0629 -2.3431 0.9633
8.4006 3.3668 -2.3432 0.9633
7.9918 4.2513 -2.3438 0.9633
7.8347 4.5358 -2.3440 0.9633
7.6675 4.8145 -2.3442 0.9633
7.1075 5.6124 -2.3448 0.9633
6.9021 5.8645 -2.3450 0.9633
6.2336 6.5745 -2.3458 0.9633
5.9943 6.7948 -2.3460 0.9633
5.7471 7.0063 -2.3463 0.9632
5.4925 7.2089 -2.3465 0.9632
4.9623 7.5861 -2.3471 0.9632
4.1195 8.0784 -2.3479 0.9632
3.8274 8.2221 -2.3482 0.9632
3.5302 8.3552 -2.3485 0.9632
3.2284 8.4776 -2.3488 0.9632
2.6125 8.6895 -2.3493 0.9632
1.2473 8.3403 -2.1835 0.9658
0.8892 7.8672 -2.0499 0.9678
0.5806 7.5608 -1.9634 0.9692
-0.2497 8.0339 -2.0811 0.9673
-0.5503 8.2052 -2.1292 0.9666
-0.8656 8.3848 -2.1825 0.9658
-1.1769 8.4264 -2.2029 0.9655
-1.8998 8.8881 -2.3533 0.9631
-2.2179 8.8152 -2.3535 0.9631
-2.5331 8.7308 -2.3538 0.9631
-2.8452 8.6352 -2.3540 0.9631
-4.3078 8.6534 -2.5028 0.9608
-5.5142 7.9656 -2.5084 0.9608
-5.7971 7.7632 -2.5086 0.9608
-6.0724 7.5507 -2.5088 0.9608
-6.5995 7.0966 -2.5092 0.9607
-7.0925 6.6057 -2.5095 0.9607
-7.3255 6.3472 -2.5096 0.9607
-7.5490 6.0805 -2.5098 0.9607
-7.7628 5.8059 -2.5099 0.9607
-8.1600 5.2345 -2.5101 0.9607
-8.9648 3.6939 -2.5105 0.9607
-9.2070 3.0413 -2.5105 0.9607
-9.3103 2.7089 -2.5106 0.9607
-9.4016 2.3730 -2.5106 0.9607
-9.4807 2.0340 -2.5106 0.9607
-9.5475 1.6923 -2.5106 0.9607
-9.6020 1.3485 -2.5105 0.9607
-9.6737 0.6562 -2.5105 0.9607
-9.6908 0.3085 -2.5104 0.9607
-9.6954 -0.0396 -2.5103 0.9607
-9.6339 -1.0815 -2.5101 0.9607
-9.3780 -2.4486 -2.5095 0.9607
-9.2835 -2.7835 -2.5094 0.9607
-9.0587 -3.4419 -2.5091 0.9608
-8.9287 -3.7646 -2.5089 0.9608
-8.7872 -4.0823 -2.5087 0.9608
-8.4703 -4.7015 -2.5083 0.9608
-7.7074 -5.8632 -2.5074 0.9608
-7.4913 -6.1355 -2.5071 0.9608
-7.2655 -6.3998 -2.5069 0.9608
-6.7862 -6.9031 -2.5064 0.9608
-6.5334 -7.1415 -2.5061 0.9608
-6.2721 -7.3706 -2.5058 0.9608
-6.0029 -7.5902 -2.5056 0.9608
-5.7259 -7.7999 -2.5053 0.9608
-5.4416 -7.9994 -2.5050 0.9608
-3.9235 -8.8373 -2.5035 0.9608
-3.6034 -8.9713 -2.5032 0.9608
-2.6171 -9.3033 -2.5023 0.9609
-2.2812 -9.3900 -2.5020 0.9609
-1.6013 -9.5272 -2.5014 0.9609
-0.5676 -9.6406 -2.5004 0.9609
-0.2212 -9.6536 -2.5001 0.9609
0.4719 -9.6423 -2.4995 0.9609
1.5052 -9.5323 -2.4987 0.9609
1.8461 -9.4711 -2.4984 0.9609
2.5203 -9.3122 -2.4978 0.9609
2.8526 -9.2148 -2.4976 0.9609
4.1404 -8.7081 -2.4966 0.9609
4.4499 -8.5531 -2.4963 0.9609
5.0512 -8.2103 -2.4959 0.9610
5.3422 -8.0231 -2.4957 0.9610
6.1722 -7.4006 -2.4951 0.9610
6.4334 -7.1737 -2.4949 0.9610
6.6863 -6.9377 -2.4947 0.9610
7.1660 -6.4393 -2.4944 0.9610
7.3921 -6.1776 -2.4943 0.9610
7.6086 -5.9080 -2.4942 0.9610
7.8154 -5.6308 -2.4940 0.9610
8.0122 -5.3464 -2.4939 0.9610
8.6937 -4.1441 -2.4936 0.9610
8.9682 -3.5096 -2.4935 0.9610
9.0883 -3.1854 -2.4935 0.9610
9.1967 -2.8571 -2.4934 0.9610
9.2932 -2.5251 -2.4934 0.9610
3.3781 -0.7888 -0.8982 0.9858
3.3828 -0.5376 -0.8869 0.9859
9.5951 -0.8253 -2.4935 0.9610
9.5902 0.5551 -2.4872 0.9611
8.8644 1.8101 -2.3425 0.9633
8.7942 2.1272 -2.3426 0.9633
8.5161 3.0608 -2.3431 0.9633
8.4014 3.3648 -2.3432 0.9633
8.2758 3.6644 -2.3434 0.9633
7.9928 4.2494 -2.3438 0.9633
7.6686 4.8127 -2.3442 0.9633
7.3049 5.3514 -2.3446 0.9633
6.4664 6.3443 -2.3455 0.9633
5.9959 6.7933 -2.3460 0.9633
5.2326 7.4010 -2.3468 0.9632
4.4082 7.9234 -2.3476 0.9632
4.1215 8.0775 -2.3479 0.9632
3.8293 8.2212 -2.3482 0.9632
3.2304 8.4768 -2.3488 0.9632
2.9244 8.5883 -2.3491 0.9632
0.8915 7.8714 -2.0511 0.9678
0.0399 7.8689 -2.0374 0.9680
-0.2477 8.0327 -2.0808 0.9673
-1.1747 8.4252 -2.2025 0.9655
-1.8977 8.8886 -2.3533 0.9631
-2.2158 8.8157 -2.3535 0.9631
-3.4561 8.4113 -2.3545 0.9631
-3.9131 8.6288 -2.4531 0.9616
-4.3056 8.6543 -2.5027 0.9608
-4.6227 8.5111 -2.5077 0.9608
-6.0706 7.5521 -2.5088 0.9608
-6.5977 7.0982 -2.5092 0.9607
-7.5475 6.0823 -2.5098 0.9607
-7.7614 5.8078 -2.5099 0.9607
-7.9652 5.5257 -2.5100 0.9607
-8.3418 4.9404 -2.5102 0.9607
-8.5140 4.6379 -2.5103 0.9607
-8.6753 4.3295 -2.5104 0.9607
-8.8253 4.0154 -2.5104 0.9607
-9.4802 2.0363 -2.5106 0.9607
-9.5471 1.6946 -2.5106 0.9607
-9.6017 1.3508 -2.5105 0.9607
-9.6736 0.6585 -2.5105 0.9607
-9.6954 -0.0372 -2.5103 0.9607
-9.6875 -0.3852 -2.5102 0.9607
-9.6341 -1.0792 -2.5101 0.9607
-9.5310 -1.7674 -2.5098 0.9607
-9.4609 -2.1082 -2.5097 0.9607
-9.3786 -2.4463 -2.5095 0.9607
-9.2842 -2.7812 -2.5094 0.9607
-8.2965 -5.0001 -2.5081 0.9608
-8.1110 -5.2942 -2.5079 0.9608
6.5005 5.1356 -2.3452 0.9661
6.1164 5.5898 -2.3457 0.9661
5.9123 5.8063 -2.3459 0.9661
5.7007 6.0153 -2.3461 0.9661
5.4816 6.2167 -2.3463 0.9661
5.2555 6.4101 -2.3466 0.9661
4.7830 6.7720 -2.3471 0.9661
4.2858 7.0992 -2.3476 0.9661
4.0286 7.2493 -2.3478 0.9661
3.7662 7.3900 -2.3481 0.9661
3.4989 7.5212 -2.3483 0.9661
3.2270 7.6428 -2.3486 0.9661
2.6710 7.8564 -2.3491 0.9661
1.8116 8.1008 -2.3499 0.9661
1.2260 8.2117 -2.3504 0.9661
0.8644 7.6650 -2.1837 0.9684
0.5789 7.5619 -2.1470 0.9690
0.3124 7.7090 -2.1841 0.9684
0.0356 7.7465 -2.1930 0.9683
-0.5429 8.0652 -2.2884 0.9670
-0.8529 8.2419 -2.3457 0.9661
-1.7393 8.1276 -2.3530 0.9660
-2.6037 7.8959 -2.3537 0.9660
-2.9928 8.0874 -2.4412 0.9648
-3.3612 8.1693 -2.5008 0.9639
-3.6587 8.0576 -2.5052 0.9639
-4.2309 7.7807 -2.5073 0.9639
-4.7790 7.4584 -2.5077 0.9638
-5.5543 6.9029 -2.5082 0.9638
-5.7988 6.6996 -2.5084 0.9638
-6.0360 6.4875 -2.5085 0.9638
-6.2653 6.2670 -2.5087 0.9638
-6.9038 5.5581 -2.5091 0.9638
-7.4623 4.7843 -2.5094 0.9638
-8.0711 3.6675 -2.5097 0.9638
-8.3137 3.0791 -2.5098 0.9638
-8.4190 2.7788 -2.5098 0.9638
-8.5133 2.4748 -2.5098 0.9638
-8.6690 1.8576 -2.5098 0.9638
-8.7300 1.5453 -2.5098 0.9638
-8.7798 1.2309 -2.5098 0.9638
-8.8452 0.5978 -2.5097 0.9638
-8.8608 0.2799 -2.5097 0.9638
-8.8649 -0.0383 -2.5096 0.9638
-8.8387 -0.6742 -2.5095 0.9638
-8.7140 -1.6202 -2.5091 0.9638
-8.6498 -1.9319 -2.5090 0.9638
-8.5744 -2.2410 -2.5089 0.9638
-8.4880 -2.5472 -2.5088 0.9638
-8.2824 -3.1492 -2.5085 0.9638
-7.8942 -4.0205 -2.5079 0.9638
-7.4145 -4.8447 -2.5073 0.9638
-7.2353 -5.1073 -2.5071 0.9639
-7.0467 -5.3632 -2.5069 0.9639
-6.8490 -5.6122 -2.5067 0.9639
-6.2043 -6.3142 -2.5060 0.9639
-5.9730 -6.5322 -2.5058 0.9639
-5.4879 -6.9425 -2.5052 0.9639
-5.2346 -7.1342 -2.5050 0.9639
-4.9746 -7.3168 -2.5047 0.9639
-4.7083 -7.4898 -2.5045 0.9639
-4.4359 -7.6532 -2.5042 0.9639
-4.1579 -7.8066 -2.5039 0.9639
-3.8746 -7.9500 -2.5036 0.9639
-3.5864 -8.0830 -2.5034 0.9639
-2.9965 -8.3176 -2.5028 0.9639
-2.6957 -8.4189 -2.5025 0.9639
-2.3915 -8.5093 -2.5022 0.9639
-2.0843 -8.5887 -2.5020 0.9639
-1.7745 -8.6570 -2.5017 0.9639
-0.5170 -8.8179 -2.5006 0.9639
-0.2002 -8.8298 -2.5003 0.9639
1.0651 -8.7638 -2.4992 0.9640
1.3789 -8.7190 -2.4990 0.9640
2.3075 -8.5176 -2.4982 0.9640
2.6115 -8.4285 -2.4980 0.9640
3.2088 -8.2179 -2.4975 0.9640
3.5014 -8.0967 -2.4973 0.9640
3.7894 -7.9650 -2.4970 0.9640
4.0726 -7.8232 -2.4968 0.9640
5.4019 -6.9676 -2.4959 0.9640
5.8870 -6.5613 -2.4955 0.9640
6.3418 -6.1213 -2.4952 0.9640
6.5571 -5.8894 -2.4951 0.9640
6.7639 -5.6499 -2.4950 0.9640
6.9620 -5.4032 -2.4948 0.9640
7.6625 -4.3505 -2.4945 0.9640
7.8135 -4.0726 -2.4944 0.9640
7.9544 -3.7894 -2.4943 0.9640
8.0852 -3.5014 -2.4943 0.9640
8.4144 -2.6118 -2.4942 0.9640
3.2480 -0.8817 -0.9528 0.9861
3.3220 -0.6501 -0.9583 0.9860
8.7785 -0.7529 -2.4942 0.9640
8.8000 -0.4373 -2.4943 0.9640
8.8102 -0.1212 -2.4943 0.9640
8.7124 1.1378 -2.4874 0.9641
7.9701 2.2356 -2.3434 0.9662
7.8852 2.5204 -2.3435 0.9662
7.6850 3.0800 -2.3438 0.9662
7.0141 4.4043 -2.3446 0.9662
6.8521 4.6536 -2.3448 0.9662
6.6812 4.8970 -2.3450 0.9661
6.3138 5.3646 -2.3455 0.9661
5.9137 5.8048 -2.3459 0.9661
5.7021 6.0139 -2.3461 0.9661
4.7847 6.7708 -2.3471 0.9661
4.5390 6.9390 -2.3473 0.9661
3.7680 7.3891 -2.3481 0.9661
2.9528 7.7539 -2.3489 0.9661
2.6729 7.8558 -2.3491 0.9661
2.1029 8.0291 -2.3496 0.9661
1.8135 8.1003 -2.3499 0.9661
1.5218 8.1611 -2.3502 0.9661
1.2280 8.2114 -2.3504 0.9661
0.5806 7.5609 -2.1467 0.9690
-0.2454 7.8957 -2.2363 0.9677
-0.8507 8.2406 -2.3453 0.9661
-1.4443 8.1844 -2.3527 0.9660
-1.7374 8.1281 -2.3530 0.9660
-2.0282 8.0613 -2.3532 0.9660
-2.3165 7.9841 -2.3534 0.9660
-2.9901 8.0859 -2.4406 0.9648
-3.3592 8.1700 -2.5007 0.9639
-3.6568 8.0584 -2.5052 0.9639
-4.2290 7.7818 -2.5073 0.9639
-4.5060 7.6256 -2.5075 0.9638
-4.7772 7.4595 -2.5077 0.9638
-5.0422 7.2838 -2.5078 0.9638
-5.3008 7.0986 -2.5080 0.9638
-5.5526 6.9043 -2.5082 0.9638
-5.7972 6.7009 -2.5084 0.9638
-6.0344 6.4890 -2.5085 0.9638
-6.2638 6.2685 -2.5087 0.9638
-7.0979 5.3087 -2.5092 0.9638
-7.2842 5.0507 -2.5093 0.9638
-7.4611 4.7861 -2.5094 0.9638
-7.7858 4.2388 -2.5096 0.9638
-7.9331 3.9567 -2.5096 0.9638
-8.3130 3.0811 -2.5098 0.9638
-8.5962 2.1697 -2.5098 0.9638
-8.6685 1.8597 -2.5098 0.9638
-8.7297 1.5474 -2.5098 0.9638
-8.7795 1.2330 -2.5098 0.9638
-8.8451 0.5999 -2.5097 0.9638
-8.8649 -0.0362 -2.5096 0.9638
-8.8389 -0.6720 -2.5095 0.9638
-8.8088 -0.9888 -2.5094 0.9638
-8.7672 -1.3043 -2.5093 0.9638
-8.1643 -3.4423 -2.5083 0.9638
-7.7453 -4.2991 -2.5077 0.9638
-7.4157 -4.8429 -2.5073 0.9638
-7.2365 -5.1055 -2.5071 0.9639
-6.6439 -5.8523 -2.5065 0.9639
-6.4290 -6.0864 -2.5062 0.9639
-5.9746 -6.5307 -2.5058 0.9639
-5.4896 -6.9411 -2.5052 0.9639
-4.9764 -7.3156 -2.5047 0.9639
-4.7101 -7.4887 -2.5045 0.9639
-4.1598 -7.8056 -2.5039 0.9639
-3.8765 -7.9490 -2.5036 0.9639
-3.5883 -8.0822 -2.5034 0.9639
-2.6978 -8.4182 -2.5025 0.9639
-2.0864 -8.5882 -2.5020 0.9639
-1.4646 -8.7138 -2.5014 0.9639
-0.8354 -8.7944 -2.5008 0.9639
-0.5192 -8.8178 -2.5006 0.9639
-0.2023 -8.8297 -2.5003 0.9639
1.0630 -8.7640 -2.4992 0.9640
1.3768 -8.7193 -2.4990 0.9640
2.3054 -8.5182 -2.4982 0.9640
2.9100 -8.3292 -2.4977 0.9640
3.2068 -8.2186 -2.4975 0.9640
3.4995 -8.0975 -2.4973 0.9640
4.0707 -7.8242 -2.4968 0.9640
4.3485 -7.6724 -2.4966 0.9640
4.6208 -7.5108 -2.4964 0.9640
4.8870 -7.3395 -2.4962 0.9640
5.1469 -7.1588 -2.4960 0.9640
5.6465 -6.7702 -2.4957 0.9640
6.5557 -5.8909 -2.4951 0.9640
6.7626 -5.6515 -2.4950 0.9640
6.9607 -5.4049 -2.4948 0.9640
7.3300 -4.8912 -2.4946 0.9640
7.5005 -4.6247 -2.4945 0.9640
7.9535 -3.7913 -2.4943 0.9640
8.2047 -3.2108 -2.4942 0.9640
8.4138 -2.6138 -2.4942 0.9640
3.2480 -0.8825 -0.9528 0.9861
3.3218 -0.6509 -0.9583 0.9860
3.3889 -0.5386 -0.9714 0.9858
3.4795 -0.4256 -0.9924 0.9855
8.7783 -0.7550 -2.4942 0.9640
8.8102 -0.1233 -2.4943 0.9640
8.8092 0.1931 -2.4944 0.9640
8.7619 0.8235 -2.4914 0.9641
8.7127 1.1357 -2.4874 0.9641
8.1095 1.6559 -2.3431 0.9662
8.0453 1.9460 -2.3432 0.9662
7.9707 2.2337 -2.3434 0.9662
7.6857 3.0781 -2.3438 0.9662
7.3118 3.8873 -2.3443 0.9662
7.1681 4.1476 -2.3445 0.9662
6.8532 4.6519 -2.3448 0.9662
6.6824 4.8953 -2.3450 0.9661
6.3151 5.3631 -2.3455 0.9661
6.1191 5.5868 -2.3457 0.9661
5.9151 5.8034 -2.3459 0.9661
5.7036 6.0126 -2.3461 0.9661
5.2585 6.4075 -2.3466 0.9661
4.7863 6.7697 -2.3471 0.9661
4.5407 6.9379 -2.3473 0.9661
4.2892 7.0971 -2.3476 0.9661
4.0321 7.2473 -2.3478 0.9661
3.5025 7.5195 -2.3483 0.9661
2.9547 7.7532 -2.3489 0.9661
2.6748 7.8551 -2.3491 0.9661
2.3914 7.9470 -2.3494 0.9661
2.1048 8.0286 -2.3496 0.9661
1.5237 8.1607 -2.3502 0.9661
1.2299 8.2111 -2.3504 0.9661
0.3161 7.7088 -2.1841 0.9684
0.0393 7.7450 -2.1926 0.9683
-0.2434 7.8946 -2.2360 0.9677
-0.5388 8.0629 -2.2877 0.9670
-0.8486 8.2394 -2.3449 0.9662
-1.1475 8.2303 -2.3525 0.9660
-1.7354 8.1285 -2.3530 0.9660
-2.5999 7.8972 -2.3537 0.9660
-2.9873 8.0844 -2.4399 0.9648
-3.3572 8.1707 -2.5007 0.9639
-3.6548 8.0592 -2.5051 0.9639
-4.2271 7.7828 -2.5072 0.9639
-4.5041 7.6267 -2.5075 0.9638
-5.0405 7.2850 -2.5078 0.9638
-5.2991 7.0999 -2.5080 0.9638
-5.7956 6.7023 -2.5084 0.9638
-6.4837 6.0416 -2.5088 0.9638
-6.6967 5.8053 -2.5090 0.9638
-6.9011 5.5614 -2.5091 0.9638
-7.4600 4.7879 -2.5094 0.9638
-7.6273 4.5172 -2.5095 0.9638
-7.7848 4.2407 -2.5096 0.9638
-7.9322 3.9586 -2.5096 0.9638
-8.5122 2.4789 -2.5098 0.9638
-8.7293 1.5495 -2.5098 0.9638
-8.7792 1.2351 -2.5098 0.9638
-8.8177 0.9192 -2.5098 0.9638
-8.8449 0.6021 -2.5097 0.9638
-8.8606 0.2842 -2.5097 0.9638
-8.8649 -0.0340 -2.5096 0.9638
-8.8090 -0.9867 -2.5094 0.9638
-8.7675 -1.3022 -2.5093 0.9638
-8.6507 -1.9277 -2.5090 0.9638
-8.5755 -2.2369 -2.5089 0.9638
-8.2839 -3.1452 -2.5085 0.9638
-8.1651 -3.4403 -2.5083 0.9638
-8.0358 -3.7309 -2.5081 0.9638
-7.8962 -4.0167 -2.5079 0.9638
-7.7463 -4.2972 -2.5077 0.9638
5.8108 4.9397 -2.3458 0.9686
5.4424 5.3447 -2.3462 0.9686
5.2475 5.5371 -2.3464 0.9686
5.0458 5.7225 -2.3466 0.9686
4.6231 6.0708 -2.3471 0.9686
3.9449 6.5345 -2.3477 0.9686
3.7081 6.6726 -2.3480 0.9686
3.4666 6.8021 -2.3482 0.9686
3.2205 6.9228 -2.3484 0.9686
2.9703 7.0347 -2.3487 0.9685
2.7161 7.1375 -2.3489 0.9685
2.4584 7.2311 -2.3492 0.9685
1.6673 7.4558 -2.3499 0.9685
1.1284 7.5578 -2.3504 0.9685
0.5689 7.4319 -2.2926 0.9693
0.3072 7.5810 -2.3337 0.9687
-0.5135 7.6290 -2.3518 0.9685
-0.7871 7.6064 -2.3520 0.9685
-1.0597 7.5739 -2.3523 0.9685
-1.3310 7.5318 -2.3525 0.9685
-1.6007 7.4798 -2.3527 0.9685
-1.8753 7.4460 -2.3617 0.9684
-2.2154 7.6288 -2.4434 0.9673
-2.5450 7.7177 -2.4995 0.9666
-2.8247 7.6332 -2.5034 0.9665
-3.1004 7.5354 -2.5062 0.9665
-3.3691 7.4198 -2.5064 0.9665
-3.8934 7.1601 -2.5068 0.9665
-4.1482 7.0163 -2.5070 0.9665
-5.1111 6.3521 -2.5077 0.9665
-5.7653 5.7669 -2.5082 0.9664
-6.1648 5.3390 -2.5084 0.9664
-7.3007 3.6391 -2.5090 0.9664
-7.4268 3.3747 -2.5091 0.9664
-7.5432 3.1060 -2.5091 0.9664
-7.7468 2.5569 -2.5092 0.9664
-7.8337 2.2772 -2.5092 0.9664
-7.9104 1.9946 -2.5092 0.9664
-7.9769 1.7093 -2.5092 0.9664
-8.0788 1.1326 -2.5092 0.9664
-8.1572 -0.0352 -2.5090 0.9664
-8.1504 -0.3280 -2.5089 0.9664
-8.1332 -0.6203 -2.5089 0.9664
-8.1054 -0.9119 -2.5088 0.9664
-8.0671 -1.2022 -2.5087 0.9664
-8.0185 -1.4909 -2.5086 0.9664
-7.8901 -2.0621 -2.5083 0.9664
-7.1264 -3.9578 -2.5073 0.9665
-6.4847 -4.9355 -2.5065 0.9665
-6.3028 -5.1646 -2.5063 0.9665
-6.1129 -5.3871 -2.5061 0.9665
-5.7096 -5.8108 -2.5057 0.9665
-5.4969 -6.0114 -2.5054 0.9665
-5.2771 -6.2043 -2.5052 0.9665
-4.8174 -6.5657 -2.5047 0.9665
-4.5782 -6.7337 -2.5045 0.9665
-4.0825 -7.0434 -2.5040 0.9665
-3.8267 -7.1847 -2.5038 0.9665
-3.5660 -7.3167 -2.5035 0.9665
-3.3007 -7.4392 -2.5033 0.9665
-3.0312 -7.5521 -2.5030 0.9665
-2.7579 -7.6553 -2.5027 0.9665
-2.2011 -7.8318 -2.5022 0.9665
-1.0572 -8.0629 -2.5012 0.9665
-0.7670 -8.0948 -2.5009 0.9665
-0.1842 -8.1273 -2.5004 0.9666
0.6903 -8.0976 -2.4997 0.9666
0.9804 -8.0668 -2.4994 0.9666
1.5563 -7.9742 -2.4990 0.9666
1.8414 -7.9124 -2.4987 0.9666
2.1240 -7.8405 -2.4985 0.9666
2.6806 -7.6665 -2.4981 0.9666
2.9538 -7.5647 -2.4978 0.9666
3.4883 -7.3321 -2.4974 0.9666
3.7490 -7.2016 -2.4972 0.9666
4.2553 -6.9131 -2.4969 0.9666
4.5004 -6.7554 -2.4967 0.9666
5.4195 -6.0402 -2.4960 0.9666
5.6325 -5.8414 -2.4959 0.9666
6.4093 -4.9742 -2.4954 0.9666
6.7491 -4.5012 -2.4952 0.9666
7.0542 -4.0052 -2.4950 0.9666
7.1932 -3.7493 -2.4950 0.9666
7.3230 -3.4886 -2.4949 0.9666
7.6552 -2.6810 -2.4948 0.9666
7.7465 -2.4045 -2.4948 0.9666
3.2084 -0.8709 -1.0225 0.9862
3.3704 -0.5348 -1.0496 0.9858
3.4681 -0.4233 -1.0746 0.9855
8.1014 -0.4026 -2.4949 0.9666
7.9893 1.3366 -2.4915 0.9667
7.9252 1.6203 -2.4881 0.9667
7.6090 1.8425 -2.4080 0.9678
7.2590 2.3202 -2.3440 0.9686
7.1714 2.5794 -2.3441 0.9686
7.0747 2.8354 -2.3443 0.9686
6.8539 3.3360 -2.3446 0.9686
6.5978 3.8197 -2.3449 0.9686
6.3077 4.2838 -2.3452 0.9686
5.9850 4.7261 -2.3456 0.9686
5.6315 5.1442 -2.3460 0.9686
5.4437 5.3434 -2.3462 0.9686
4.8390 5.8993 -2.3468 0.9686
4.6246 6.0697 -2.3471 0.9686
4.4042 6.2324 -2.3473 0.9686
4.1780 6.3871 -2.3475 0.9686
3.9464 6.5336 -2.3477 0.9686
2.9719 7.0340 -2.3487 0.9685
1.9355 7.3900 -2.3497 0.9685
1.1302 7.5575 -2.3504 0.9685
0.8583 7.5940 -2.3506 0.9685
0.5706 7.4309 -2.2923 0.9693
0.3090 7.5800 -2.3334 0.9688
-0.2375 7.6418 -2.3516 0.9685
-0.5117 7.6291 -2.3518 0.9685
-0.7853 7.6065 -2.3520 0.9685
-1.3292 7.5321 -2.3525 0.9685
-1.5989 7.4802 -2.3527 0.9685
-1.8731 7.4448 -2.3612 0.9684
-2.2130 7.6276 -2.4428 0.9673
-2.5431 7.7182 -2.4995 0.9666
-3.0986 7.5361 -2.5062 0.9665
-3.3674 7.4206 -2.5064 0.9665
-3.6318 7.2956 -2.5066 0.9665
-3.8917 7.1611 -2.5068 0.9665
-4.1465 7.0173 -2.5070 0.9665
-4.6399 6.7027 -2.5074 0.9665
-5.1095 6.3534 -2.5077 0.9665
-5.3346 6.1662 -2.5079 0.9665
-5.5529 5.9711 -2.5080 0.9665
-5.9676 5.5580 -2.5083 0.9664
-6.5314 4.8849 -2.5086 0.9664
-6.7028 4.6475 -2.5087 0.9664
-6.8655 4.4041 -2.5088 0.9664
-7.2998 3.6408 -2.5090 0.9664
-7.4259 3.3765 -2.5091 0.9664
-7.5425 3.1079 -2.5091 0.9664
-7.8331 2.2791 -2.5092 0.9664
-8.0327 1.4238 -2.5092 0.9664
-8.0786 1.1346 -2.5092 0.9664
-8.1572 -0.0333 -2.5090 0.9664
-8.1333 -0.6184 -2.5089 0.9664
-8.1056 -0.9099 -2.5088 0.9664
-8.0674 -1.2002 -2.5087 0.9664
-7.8906 -2.0602 -2.5083 0.9664
-7.8112 -2.3420 -2.5082 0.9664
-7.7216 -2.6208 -2.5081 0.9665
-7.6222 -2.8961 -2.5079 0.9665
-6.3041 -5.1631 -2.5063 0.9665
-6.1142 -5.3856 -2.5061 0.9665
-5.9164 -5.6011 -2.5059 0.9665
-5.7110 -5.8094 -2.5057 0.9665
-5.4983 -6.0101 -2.5055 0.9665
-5.0520 -6.3879 -2.5050 0.9665
-4.8190 -6.5645 -2.5047 0.9665
-4.3348 -6.8920 -2.5043 0.9665
-4.0842 -7.0424 -2.5040 0.9665
-3.3025 -7.4384 -2.5033 0.9665
-3.0331 -7.5514 -2.5030 0.9665
-2.7598 -7.6546 -2.5027 0.9665
-2.4830 -7.7480 -2.5025 0.9665
-2.2030 -7.8313 -2.5022 0.9665
-1.3480 -8.0202 -2.5015 0.9665
-1.0591 -8.0626 -2.5012 0.9665
-0.4779 -8.1162 -2.5007 0.9665
0.1056 -8.1279 -2.5002 0.9666
0.3973 -8.1181 -2.4999 0.9666
0.6884 -8.0978 -2.4997 0.9666
1.5544 -7.9745 -2.4990 0.9666
1.8395 -7.9129 -2.4987 0.9666
2.1222 -7.8410 -2.4985 0.9666
2.6787 -7.6672 -2.4981 0.9666
3.2214 -7.4540 -2.4976 0.9666
3.4866 -7.3330 -2.4974 0.9666
4.4988 -6.7565 -2.4967 0.9666
4.7381 -6.5902 -2.4965 0.9666
5.1980 -6.2325 -2.4962 0.9666
5.4180 -6.0415 -2.4960 0.9666
5.6311 -5.8428 -2.4959 0.9666
6.0351 -5.4232 -2.4956 0.9666
6.4081 -4.9758 -2.4954 0.9666
6.9051 -4.2576 -2.4951 0.9666
7.3222 -3.4903 -2.4949 0.9666
7.4426 -3.2252 -2.4949 0.9666
7.5534 -2.9559 -2.4948 0.9666
3.2086 -0.8718 -1.0227 0.9862
3.1901 -0.7449 -1.0076 0.9864
3.3698 -0.5355 -1.0495 0.9858
3.5648 -0.3066 -1.1005 0.9851
8.1108 -0.1135 -2.4950 0.9666
8.1099 0.1777 -2.4950 0.9666
8.0985 0.4687 -2.4951 0.9666
8.0767 0.7591 -2.4952 0.9666
8.0439 1.0485 -2.4951 0.9666
7.6112 1.8410 -2.4086 0.9678
7.0753 2.8337 -2.3443 0.9686
6.8547 3.3344 -2.3446 0.9686
6.5987 3.8181 -2.3449 0.9686
6.4579 4.0528 -2.3451 0.9686
6.3087 4.2823 -2.3452 0.9686
6.1514 4.5064 -2.3454 0.9686
5.2502 5.5346 -2.3464 0.9686
4.8404 5.8981 -2.3468 0.9686
4.6260 6.0686 -2.3471 0.9686
3.7114 6.6708 -2.3480 0.9686
3.2239 6.9213 -2.3484 0.9686
2.9736 7.0333 -2.3487 0.9685
2.7195 7.1362 -2.3489 0.9685
1.9372 7.3895 -2.3497 0.9685
1.1320 7.5573 -2.3504 0.9685
0.8601 7.5938 -2.3506 0.9685
0.5723 7.4299 -2.2920 0.9693
0.3107 7.5789 -2.3331 0.9688
0.0388 7.6446 -2.3513 0.9685
-0.2356 7.6418 -2.3516 0.9685
-0.5098 7.6292 -2.3518 0.9685
-0.7834 7.6067 -2.3520 0.9685
-1.0561 7.5744 -2.3523 0.9685
-1.8709 7.4436 -2.3607 0.9684
-2.5412 7.7188 -2.4995 0.9666
-2.8210 7.6344 -2.5033 0.9665
-3.6301 7.2964 -2.5066 0.9665
-3.8900 7.1620 -2.5068 0.9665
-4.3944 6.8655 -2.5072 0.9665
-4.6383 6.7038 -2.5074 0.9665
-4.8763 6.5334 -2.5075 0.9665
-5.1080 6.3546 -2.5077 0.9665
-5.3331 6.1675 -2.5079 0.9665
-5.5514 5.9725 -2.5080 0.9665
-5.9662 5.5594 -2.5083 0.9664
-6.3503 5.1175 -2.5085 0.9664
-6.5302 4.8865 -2.5086 0.9664
-7.1633 3.9021 -2.5090 0.9664
-7.2989 3.6426 -2.5090 0.9664
-7.5417 3.1097 -2.5091 0.9664
-7.9094 1.9984 -2.5092 0.9664
-7.9760 1.7132 -2.5092 0.9664
-8.0783 1.1365 -2.5092 0.9664
-8.1138 0.8458 -2.5091 0.9664
-8.1388 0.5540 -2.5091 0.9664
-8.1533 0.2615 -2.5091 0.9664
-8.1572 -0.0313 -2.5090 0.9664
-8.1506 -0.3241 -2.5089 0.9664
-8.1058 -0.9080 -2.5088 0.9664
-8.0677 -1.1983 -2.5087 0.9664
-8.0192 -1.4870 -2.5086 0.9664
-7.8911 -2.0583 -2.5083 0.9664
-7.8117 -2.3401 -2.5082 0.9664
-7.6229 -2.8942 -2.5079 0.9665
-7.2662 -3.6962 -2.5075 0.9665
-7.1283 -3.9544 -2.5073 0.9665
-6.9813 -4.2074 -2.5071 0.9665
-6.8253 -4.4549 -2.5069 0.9665
5.5377 4.3750 -2.3459 0.9707
5.3775 4.5713 -2.3461 0.9707
4.8561 5.1241 -2.3467 0.9707
4.6694 5.2956 -2.3469 0.9707
3.8648 5.9114 -2.3477 0.9707
3.6505 6.0469 -2.3479 0.9707
2.7485 6.5095 -2.3488 0.9707
2.5133 6.6046 -2.3490 0.9707
2.2748 6.6912 -2.3492 0.9706
2.0334 6.7692 -2.3494 0.9706
1.0441 6.9932 -2.3503 0.9706
0.5398 7.0514 -2.3508 0.9706
0.0325 7.0733 -2.3512 0.9706
-0.2214 7.0706 -2.3514 0.9706
-0.9805 7.0077 -2.3521 0.9706
-1.5479 7.2331 -2.4588 0.9693
-4.0686 6.3498 -2.5068 0.9687
-4.9367 5.7035 -2.5074 0.9687
-5.1385 5.5229 -2.5076 0.9687
-5.3337 5.3352 -2.5077 0.9687
-5.7033 4.9393 -2.5079 0.9687
-5.8772 4.7316 -2.5080 0.9687
-6.0434 4.5177 -2.5081 0.9687
-6.2019 4.2980 -2.5082 0.9687
-6.3524 4.0728 -2.5083 0.9687
-6.4947 3.8422 -2.5084 0.9687
-6.7540 3.3666 -2.5085 0.9687
-6.8706 3.1220 -2.5086 0.9687
-6.9783 2.8734 -2.5086 0.9687
-7.1667 2.3654 -2.5086 0.9687
-7.3795 1.5813 -2.5087 0.9687
-7.4315 1.3154 -2.5087 0.9687
-7.5065 0.7789 -2.5086 0.9687
-7.5464 -0.0326 -2.5085 0.9687
-7.5401 -0.3035 -2.5084 0.9687
-7.4631 -1.1121 -2.5082 0.9687
-7.3635 -1.6446 -2.5080 0.9687
-7.0510 -2.6810 -2.5075 0.9687
-6.7207 -3.4228 -2.5070 0.9687
-6.3126 -4.1246 -2.5065 0.9687
-5.9995 -4.5662 -2.5062 0.9687
-5.8313 -4.7783 -2.5060 0.9687
-5.4726 -5.1835 -2.5056 0.9687
-5.2826 -5.3762 -2.5054 0.9687
-5.0858 -5.5619 -2.5052 0.9687
-4.8825 -5.7403 -2.5050 0.9687
-4.6729 -5.9114 -2.5048 0.9687
-4.4573 -6.0748 -2.5045 0.9687
-3.7774 -6.5169 -2.5039 0.9687
-2.8048 -6.9879 -2.5029 0.9688
-2.5519 -7.0834 -2.5027 0.9688
-2.2958 -7.1697 -2.5024 0.9688
-1.2455 -7.4216 -2.5015 0.9688
0.3694 -7.5121 -2.5001 0.9688
1.1745 -7.4268 -2.4994 0.9688
1.4402 -7.3792 -2.4992 0.9688
1.7040 -7.3221 -2.4990 0.9688
1.9656 -7.2557 -2.4988 0.9688
3.2282 -6.7854 -2.4978 0.9688
3.4695 -6.6647 -2.4976 0.9688
4.1649 -6.2518 -2.4971 0.9688
5.0156 -5.5900 -2.4965 0.9688
5.2128 -5.4061 -2.4963 0.9688
5.4032 -5.2153 -2.4962 0.9688
6.0929 -4.3876 -2.4958 0.9688
6.2463 -4.1659 -2.4957 0.9688
6.8889 -2.9833 -2.4954 0.9689
7.1694 -2.2254 -2.4953 0.9689
3.2132 -0.8722 -1.1067 0.9861
3.1675 -0.7389 -1.0811 0.9864
3.2023 -0.6267 -1.0846 0.9863
3.3811 -0.5365 -1.1379 0.9857
3.4075 -0.4159 -1.1411 0.9856
7.4950 0.4356 -2.4956 0.9688
7.4449 0.9723 -2.4958 0.9688
7.4055 1.2389 -2.4958 0.9688
6.9650 2.2263 -2.4306 0.9696
6.5474 2.6241 -2.3447 0.9707
6.3430 3.0874 -2.3449 0.9707
6.2285 3.3133 -2.3451 0.9707
5.9755 3.7521 -2.3454 0.9707
5.8374 3.9644 -2.3456 0.9707
5.6917 4.1717 -2.3457 0.9707
5.2115 4.7605 -2.3463 0.9707
5.0377 4.9449 -2.3465 0.9707
4.8573 5.1230 -2.3467 0.9707
4.6707 5.2944 -2.3469 0.9707
4.0755 5.7674 -2.3475 0.9707
3.8662 5.9105 -2.3477 0.9707
3.4329 6.1738 -2.3481 0.9707
3.2094 6.2936 -2.3483 0.9707
2.9817 6.4053 -2.3485 0.9707
2.5149 6.6040 -2.3490 0.9707
2.2765 6.6906 -2.3492 0.9706
2.0350 6.7687 -2.3494 0.9706
1.7909 6.8380 -2.3497 0.9706
1.5445 6.8986 -2.3499 0.9706
1.0458 6.9929 -2.3503 0.9706
0.7942 7.0266 -2.3506 0.9706
0.5415 7.0513 -2.3508 0.9706
0.0342 7.0733 -2.3512 0.9706
-0.2197 7.0706 -2.3514 0.9706
-0.4734 7.0588 -2.3517 0.9706
-0.7266 7.0379 -2.3519 0.9706
-0.9788 7.0079 -2.3521 0.9706
-1.2482 7.0729 -2.3874 0.9702
-1.8343 7.2906 -2.4990 0.9688
-2.8668 6.9724 -2.5059 0.9687
-3.1154 6.8655 -2.5061 0.9687
-3.6005 6.6253 -2.5065 0.9687
-4.2927 6.2011 -2.5070 0.9687
-4.7271 5.8778 -2.5073 0.9687
-5.1372 5.5242 -2.5076 0.9687
-5.3324 5.3365 -2.5077 0.9687
-5.5208 5.1419 -2.5078 0.9687
-5.7021 4.9406 -2.5079 0.9687
-5.8760 4.7330 -2.5080 0.9687
-6.0424 4.5192 -2.5081 0.9687
-6.2009 4.2995 -2.5082 0.9687
-6.3514 4.0743 -2.5083 0.9687
-6.4938 3.8438 -2.5084 0.9687
-7.1661 2.3672 -2.5086 0.9687
-7.3175 1.8469 -2.5087 0.9687
-7.3791 1.5831 -2.5087 0.9687
-7.4736 1.0496 -2.5086 0.9687
-7.5064 0.7807 -2.5086 0.9687
-7.5294 0.5107 -2.5086 0.9687
-7.5428 0.2401 -2.5085 0.9687
-7.4634 -1.1104 -2.5082 0.9687
-7.3639 -1.6428 -2.5080 0.9687
-7.2999 -1.9060 -2.5079 0.9687
-7.2264 -2.1667 -2.5077 0.9687
-7.1436 -2.4246 -2.5076 0.9687
-7.0516 -2.6793 -2.5075 0.9687
-6.9505 -2.9305 -2.5073 0.9687
-6.8404 -3.1779 -2.5072 0.9687
-6.7215 -3.4212 -2.5070 0.9687
-6.5940 -3.6600 -2.5069 0.9687
-6.3136 -4.1231 -2.5066 0.9687
-6.0006 -4.5648 -2.5062 0.9687
-5.6568 -4.9828 -2.5058 0.9687
-5.4739 -5.1822 -2.5056 0.9687
-5.0871 -5.5606 -2.5052 0.9687
-4.8838 -5.7392 -2.5050 0.9687
-4.4587 -6.0737 -2.5045 0.9687
-4.2375 -6.2293 -2.5043 0.9687
-4.0108 -6.3768 -2.5041 0.9687
-3.7789 -6.5160 -2.5039 0.9687
-3.5423 -6.6469 -2.5036 0.9688
-3.0557 -6.8826 -2.5032 0.9688
-2.8064 -6.9872 -2.5029 0.9688
-2.2975 -7.1692 -2.5024 0.9688
-2.0385 -7.2463 -2.5022 0.9688
-1.7769 -7.3141 -2.5020 0.9688
-0.9800 -7.4606 -2.5013 0.9688
-0.4422 -7.5103 -2.5008 0.9688
0.9055 -7.4651 -2.4996 0.9688
1.1727 -7.4271 -2.4994 0.9688
2.4790 -7.0954 -2.4983 0.9688
2.9811 -6.8982 -2.4980 0.9688
3.4678 -6.6655 -2.4976 0.9688
3.7046 -6.5363 -2.4974 0.9688
3.9366 -6.3987 -2.4972 0.9688
4.1634 -6.2528 -2.4971 0.9688
4.6007 -5.9373 -2.4968 0.9688
5.0143 -5.5913 -2.4965 0.9688
5.2115 -5.4074 -2.4963 0.9688
5.7617 -4.8151 -2.4960 0.9688
6.0919 -4.3890 -2.4958 0.9688
6.2453 -4.1674 -2.4957 0.9688
6.5278 -3.7084 -2.4956 0.9688
6.6565 -3.4716 -2.4955 0.9689
6.7767 -3.2303 -2.4954 0.9689
6.9908 -2.7357 -2.4954 0.9689
3.1676 -0.7397 -1.0812 0.9864
3.3810 -0.5373 -1.1380 0.9857
3.5403 -0.3045 -1.1812 0.9851
7.4951 0.4338 -2.4956 0.9688
7.4750 0.7026 -2.4957 0.9688
7.4452 0.9705 -2.4958 0.9688
7.4058 1.2371 -2.4958 0.9688
7.3549 1.5018 -2.4952 0.9689
7.2872 1.7627 -2.4922 0.9689
6.9669 2.2250 -2.4311 0.9696
6.5480 2.6225 -2.3447 0.9707
6.3438 3.0859 -2.3449 0.9707
5.9764 3.7507 -2.3454 0.9707
5.6927 4.1704 -2.3457 0.9707
5.5398 4.3723 -2.3459 0.9707
5.2126 4.7592 -2.3463 0.9707
4.6720 5.2933 -2.3469 0.9707
4.4793 5.4581 -2.3471 0.9707
4.0769 5.7664 -2.3475 0.9707
3.4344 6.1729 -2.3481 0.9707
2.7516 6.5082 -2.3488 0.9707
2.2781 6.6901 -2.3492 0.9706
2.0366 6.7682 -2.3494 0.9706
1.7926 6.8376 -2.3497 0.9706
1.5461 6.8982 -2.3499 0.9706
1.0474 6.9927 -2.3503 0.9706
0.7958 7.0264 -2.3506 0.9706
0.5432 7.0511 -2.3508 0.9706
0.0359 7.0733 -2.3512 0.9706
-0.2180 7.0707 -2.3514 0.9706
-0.7249 7.0381 -2.3519 0.9706
-1.8325 7.2910 -2.4989 0.9688
-2.3571 7.1595 -2.5055 0.9687
-2.8651 6.9730 -2.5059 0.9687
-3.5989 6.6261 -2.5065 0.9687
-3.8347 6.4931 -2.5066 0.9687
-4.0656 6.3517 -2.5068 0.9687
-4.5114 6.0444 -2.5071 0.9687
-4.7257 5.8790 -2.5073 0.9687
-4.9340 5.7059 -2.5074 0.9687
-5.1359 5.5254 -2.5076 0.9687
-5.3312 5.3378 -2.5077 0.9687
-5.5196 5.1432 -2.5078 0.9687
-5.7009 4.9420 -2.5079 0.9687
-6.0413 4.5206 -2.5081 0.9687
-6.1999 4.3010 -2.5082 0.9687
-6.3505 4.0758 -2.5083 0.9687
-6.7523 3.3698 -2.5085 0.9687
-6.8691 3.1253 -2.5086 0.9687
-6.9770 2.8768 -2.5086 0.9687
-7.1655 2.3689 -2.5086 0.9687
-7.3171 1.8487 -2.5087 0.9687
-7.3787 1.5849 -2.5087 0.9687
-7.4733 1.0514 -2.5086 0.9687
-7.5293 0.5125 -2.5086 0.9687
-7.5403 -0.2998 -2.5084 0.9687
-7.4989 -0.8400 -2.5083 0.9687
-7.4637 -1.1086 -2.5082 0.9687
-7.3643 -1.6410 -2.5080 0.9687
-7.3003 -1.9042 -2.5079 0.9687
-7.2269 -2.1650 -2.5077 0.9687
-7.1442 -2.4228 -2.5076 0.9687
-7.0523 -2.6776 -2.5075 0.9687
-6.9512 -2.9288 -2.5074 0.9687
-6.8412 -3.1763 -2.5072 0.9687
-6.7224 -3.4196 -2.5071 0.9687
-6.3146 -4.1216 -2.5066 0.9687
5.2903 3.8795 -2.3460 0.9725
5.1480 4.0672 -2.3462 0.9725
4.8437 4.4267 -2.3465 0.9725
4.1616 5.0759 -2.3472 0.9725
3.9770 5.2224 -2.3474 0.9725
3.7873 5.3622 -2.3476 0.9725
3.3934 5.6211 -2.3480 0.9725
2.7702 5.9548 -2.3486 0.9725
2.3363 6.1393 -2.3490 0.9725
1.2031 6.4606 -2.3501 0.9725
0.7366 6.5315 -2.3505 0.9725
0.5017 6.5543 -2.3507 0.9725
0.2662 6.5686 -2.3509 0.9725
0.0302 6.5745 -2.3511 0.9725
-0.4447 6.6069 -2.3680 0.9723
-0.9633 6.8850 -2.4861 0.9709
-1.4641 6.8414 -2.5019 0.9707
-1.7107 6.7924 -2.5049 0.9707
-1.9536 6.7272 -2.5051 0.9707
-2.1939 6.6532 -2.5053 0.9707
-2.6660 6.4796 -2.5056 0.9707
-2.8971 6.3802 -2.5058 0.9707
-3.3478 6.1568 -2.5062 0.9707
-3.7814 5.9015 -2.5065 0.9707
-4.3946 5.4617 -2.5069 0.9707
-4.5881 5.3008 -2.5070 0.9707
-4.7757 5.1329 -2.5072 0.9707
-5.3005 4.5904 -2.5075 0.9707
-5.4620 4.3974 -2.5076 0.9707
-5.6166 4.1986 -2.5077 0.9707
-6.0359 3.5708 -2.5079 0.9706
-6.2768 3.1287 -2.5080 0.9706
-6.5771 2.4360 -2.5082 0.9706
-6.6604 2.1983 -2.5082 0.9706
-6.7350 1.9578 -2.5082 0.9706
-6.8581 1.4696 -2.5082 0.9706
-6.9458 0.9738 -2.5082 0.9706
-6.9762 0.7238 -2.5081 0.9706
-7.0100 0.2215 -2.5081 0.9706
-7.0133 -0.0303 -2.5080 0.9706
-6.9927 -0.5333 -2.5079 0.9706
-6.9688 -0.7840 -2.5078 0.9706
-6.9360 -1.0336 -2.5077 0.9706
-6.8941 -1.2818 -2.5076 0.9707
-6.7156 -2.0153 -2.5073 0.9707
-5.8669 -3.8335 -2.5062 0.9707
-5.5761 -4.2439 -2.5059 0.9707
-5.4197 -4.4410 -2.5057 0.9707
-5.2565 -4.6324 -2.5055 0.9707
-5.0864 -4.8177 -2.5053 0.9707
-4.9098 -4.9968 -2.5052 0.9707
-4.5380 -5.3354 -2.5048 0.9707
-3.2910 -6.1790 -2.5035 0.9707
-3.0668 -6.2926 -2.5033 0.9707
-2.8387 -6.3980 -2.5031 0.9707
-2.6070 -6.4952 -2.5029 0.9707
-1.8932 -6.7360 -2.5022 0.9707
-1.6500 -6.7991 -2.5020 0.9707
-0.4094 -6.9813 -2.5009 0.9707
-0.1585 -6.9909 -2.5006 0.9707
0.0926 -6.9915 -2.5004 0.9707
0.8434 -6.9393 -2.4998 0.9707
2.3061 -6.5955 -2.4986 0.9708
2.5411 -6.5079 -2.4984 0.9708
2.7729 -6.4121 -2.4982 0.9708
3.0011 -6.3080 -2.4981 0.9708
3.4454 -6.0756 -2.4977 0.9708
3.6611 -5.9476 -2.4976 0.9708
4.0778 -5.6690 -2.4973 0.9708
4.2785 -5.5186 -2.4971 0.9708
4.4735 -5.3612 -2.4970 0.9708
4.6629 -5.1969 -2.4969 0.9708
4.8462 -5.0259 -2.4967 0.9708
5.0232 -4.8485 -2.4966 0.9708
5.3577 -4.4753 -2.4964 0.9708
5.9422 -3.6619 -2.4961 0.9708
6.0697 -3.4462 -2.4960 0.9708
6.3010 -3.0017 -2.4959 0.9708
6.4046 -2.7736 -2.4959 0.9708
6.6654 -2.0689 -2.4958 0.9708
6.7354 -1.8283 -2.4958 0.9708
3.3565 -0.5326 -1.2153 0.9857
3.3818 -0.4128 -1.2183 0.9856
6.9708 -0.3464 -2.4959 0.9708
6.9789 -0.0960 -2.4959 0.9708
6.9780 0.1546 -2.4960 0.9708
6.9493 0.6549 -2.4961 0.9708
6.9215 0.9039 -2.4962 0.9708
6.8393 1.3983 -2.4964 0.9708
6.7200 1.8849 -2.4959 0.9708
6.5538 2.3573 -2.4907 0.9708
6.3934 2.5623 -2.4631 0.9712
6.1464 2.7233 -2.4041 0.9718
5.7904 3.0802 -2.3454 0.9725
5.6764 3.2863 -2.3456 0.9725
5.2913 3.8782 -2.3460 0.9725
4.8447 4.4255 -2.3465 0.9725
4.6831 4.5969 -2.3467 0.9725
4.1628 5.0748 -2.3472 0.9725
3.7886 5.3613 -2.3476 0.9725
3.3948 5.6202 -2.3480 0.9725
2.9833 5.8503 -2.3484 0.9725
2.5563 6.0503 -2.3488 0.9725
2.3377 6.1387 -2.3490 0.9725
2.1161 6.2192 -2.3493 0.9725
1.8916 6.2917 -2.3495 0.9725
1.6647 6.3562 -2.3497 0.9725
1.4356 6.4124 -2.3499 0.9725
1.2046 6.4604 -2.3501 0.9725
0.5033 6.5542 -2.3507 0.9725
0.2677 6.5686 -2.3509 0.9725
0.0318 6.5745 -2.3511 0.9725
-0.2042 6.5720 -2.3513 0.9725
-0.4431 6.6060 -2.3677 0.9723
-1.2145 6.8818 -2.4990 0.9708
-1.9519 6.7276 -2.5051 0.9707
-2.6645 6.4803 -2.5056 0.9707
-3.3463 6.1576 -2.5061 0.9707
-3.5654 6.0339 -2.5063 0.9707
-4.1942 5.6167 -2.5068 0.9707
-4.3933 5.4628 -2.5069 0.9707
-4.5868 5.3019 -2.5070 0.9707
-5.1309 4.7787 -2.5074 0.9707
-5.2994 4.5917 -2.5075 0.9707
-5.6156 4.2000 -2.5077 0.9707
-5.7629 3.9958 -2.5078 0.9706
-6.0351 3.5723 -2.5079 0.9706
-6.3845 2.9030 -2.5081 0.9706
-6.9061 1.2242 -2.5082 0.9706
-6.9975 0.4746 -2.5081 0.9706
-6.9690 -0.7823 -2.5078 0.9706
-6.8438 -1.5268 -2.5076 0.9707
-6.7843 -1.7714 -2.5074 0.9707
-6.7161 -2.0137 -2.5073 0.9707
-6.6391 -2.2533 -2.5072 0.9707
-6.5536 -2.4901 -2.5071 0.9707
-6.4597 -2.7236 -2.5070 0.9707
-6.3574 -2.9535 -2.5068 0.9707
-6.2470 -3.1796 -2.5067 0.9707
-5.7262 -4.0400 -2.5061 0.9707
-5.4208 -4.4397 -2.5057 0.9707
-5.2576 -4.6311 -2.5055 0.9707
-5.0876 -4.8165 -2.5053 0.9707
-4.9110 -4.9956 -2.5052 0.9707
-4.3445 -5.4933 -2.5046 0.9707
-3.9386 -5.7899 -2.5042 0.9707
-3.7279 -5.9270 -2.5039 0.9707
-3.2925 -6.1782 -2.5035 0.9707
-2.6086 -6.4946 -2.5029 0.9707
-2.1355 -6.6638 -2.5024 0.9707
-1.8948 -6.7356 -2.5022 0.9707
-1.6517 -6.7987 -2.5020 0.9707
-0.9110 -6.9350 -2.5013 0.9707
-0.1602 -6.9909 -2.5006 0.9707
0.3417 -6.9831 -2.5002 0.9707
0.5921 -6.9658 -2.5000 0.9707
0.8417 -6.9395 -2.4998 0.9707
1.3372 -6.8601 -2.4994 0.9707
2.0664 -6.6750 -2.4988 0.9708
2.3045 -6.5960 -2.4986 0.9708
2.5396 -6.5086 -2.4984 0.9708
2.9996 -6.3087 -2.4981 0.9708
3.4440 -6.0764 -2.4977 0.9708
3.6596 -5.9485 -2.4976 0.9708
5.1927 -4.6661 -2.4965 0.9708
5.5136 -4.2812 -2.4963 0.9708
5.6635 -4.0804 -2.4962 0.9708
5.8062 -3.8744 -2.4962 0.9708
5.9413 -3.6634 -2.4961 0.9708
6.0688 -3.4476 -2.4960 0.9708
6.4039 -2.7751 -2.4959 0.9708
6.4993 -2.5434 -2.4958 0.9708
3.3565 -0.5334 -1.2154 0.9857
3.5578 -0.3060 -1.2770 0.9849
6.9707 -0.3481 -2.4959 0.9708
6.9780 0.1529 -2.4960 0.9708
6.9494 0.6532 -2.4961 0.9708
6.7853 1.6413 -2.4965 0.9708
6.7205 1.8833 -2.4959 0.9708
6.5544 2.3557 -2.4907 0.9708
6.3951 2.5612 -2.4635 0.9712
5.9128 2.8763 -2.3514 0.9725
5.5560 3.4868 -2.3457 0.9725
5.2922 3.8769 -2.3460 0.9725
4.5166 4.7613 -2.3469 0.9725
4.3431 4.9207 -2.3471 0.9725
4.1640 5.0739 -2.3472 0.9725
2.7731 5.9535 -2.3486 0.9725
2.5578 6.0497 -2.3488 0.9725
2.3392 6.1382 -2.3490 0.9725
2.1176 6.2187 -2.3493 0.9725
0.7397 6.5311 -2.3505 0.9725
0.2693 6.5685 -2.3509 0.9725
-0.6943 6.7409 -2.4234 0.9716
-0.9597 6.8831 -2.4852 0.9709
-1.2128 6.8820 -2.4990 0.9708
-1.4608 6.8420 -2.5019 0.9707
-1.9503 6.7281 -2.5051 0.9707
-2.6629 6.4809 -2.5056 0.9707
-3.3448 6.1584 -2.5061 0.9707
-3.5640 6.0347 -2.5063 0.9707
-3.9882 5.7642 -2.5066 0.9707
-4.3920 5.4638 -2.5069 0.9707
-4.5855 5.3030 -2.5070 0.9707
-5.1298 4.7800 -2.5074 0.9707
-5.2983 4.5929 -2.5075 0.9707
-5.4599 4.4000 -2.5076 0.9707
-5.7619 3.9972 -2.5078 0.9706
-5.9019 3.7879 -2.5079 0.9706
-6.0342 3.5737 -2.5079 0.9706
-6.2753 3.1318 -2.5080 0.9706
-6.3838 2.9045 -2.5081 0.9706
-6.8574 1.4729 -2.5082 0.9706
-6.9453 0.9771 -2.5082 0.9706
-6.9759 0.7272 -2.5081 0.9706
-6.9929 -0.5300 -2.5079 0.9706
-6.9692 -0.7806 -2.5078 0.9706
-6.9365 -1.0303 -2.5077 0.9706
-6.8948 -1.2785 -2.5076 0.9707
-6.7165 -2.0121 -2.5073 0.9707
-6.6397 -2.2517 -2.5072 0.9707
-6.5543 -2.4885 -2.5071 0.9707
-6.4604 -2.7220 -2.5070 0.9707
-6.3581 -2.9520 -2.5068 0.9707
-6.1293 -3.4002 -2.5065 0.9707
-5.8688 -3.8306 -2.5062 0.9707
4.9373 3.6206 -2.3463 0.9741
4.8045 3.7957 -2.3464 0.9741
4.6654 3.9660 -2.3466 0.9741
4.5204 4.1312 -2.3467 0.9741
4.3695 4.2911 -2.3469 0.9741
4.2129 4.4455 -2.3471 0.9741
3.8837 4.7370 -2.3474 0.9741
3.7115 4.8737 -2.3476 0.9741
3.5344 5.0042 -2.3478 0.9741
3.1668 5.2456 -2.3481 0.9741
1.7638 5.8717 -2.3495 0.9741
1.3382 5.9841 -2.3499 0.9741
1.1227 6.0288 -2.3501 0.9741
0.9056 6.0657 -2.3503 0.9741
0.6874 6.0948 -2.3505 0.9741
0.4682 6.1161 -2.3507 0.9741
0.0290 6.3190 -2.4216 0.9733
-0.2018 6.4433 -2.4704 0.9728
-0.4376 6.5016 -2.4972 0.9725
-0.6714 6.4879 -2.4996 0.9724
-2.0471 6.2080 -2.5050 0.9724
-2.4876 6.0460 -2.5054 0.9724
-2.9153 5.8527 -2.5057 0.9724
-3.1237 5.7447 -2.5059 0.9724
-3.3281 5.6292 -2.5060 0.9724
-3.5282 5.5064 -2.5062 0.9724
-4.4559 4.7892 -2.5068 0.9724
-4.7884 4.4576 -2.5070 0.9724
-5.0962 4.1029 -2.5072 0.9724
-5.2404 3.9174 -2.5073 0.9724
-5.3778 3.7269 -2.5074 0.9724
-5.5083 3.5316 -2.5075 0.9724
-5.6316 3.3317 -2.5075 0.9724
-5.9575 2.7071 -2.5077 0.9724
-6.0509 2.4916 -2.5077 0.9724
-6.2142 2.0511 -2.5078 0.9724
-6.3454 1.6000 -2.5078 0.9724
-6.4805 0.9085 -2.5078 0.9724
-6.5089 0.6753 -2.5077 0.9724
-6.5435 -0.0283 -2.5076 0.9724
-6.5243 -0.4976 -2.5075 0.9724
-6.4324 -1.1960 -2.5073 0.9724
-6.3851 -1.4261 -2.5072 0.9724
-6.3296 -1.6543 -2.5071 0.9724
-6.1941 -2.1039 -2.5069 0.9724
-6.1143 -2.3248 -2.5068 0.9724
-6.0266 -2.5427 -2.5066 0.9724
-5.9311 -2.7572 -2.5065 0.9724
-5.8280 -2.9682 -2.5064 0.9724
-5.7174 -3.1753 -2.5062 0.9724
-5.3420 -3.7708 -2.5058 0.9724
-5.2029 -3.9599 -2.5056 0.9724
-5.0570 -4.1438 -2.5055 0.9724
-4.9047 -4.3224 -2.5053 0.9724
-4.7461 -4.4953 -2.5051 0.9724
-4.5813 -4.6625 -2.5049 0.9724
-4.4107 -4.8236 -2.5048 0.9724
-4.2344 -4.9784 -2.5046 0.9724
-4.0527 -5.1268 -2.5044 0.9724
-3.8657 -5.2686 -2.5042 0.9724
-3.2762 -5.6523 -2.5036 0.9724
-3.0709 -5.7658 -2.5034 0.9724
-2.8618 -5.8718 -2.5032 0.9724
-2.2134 -6.1439 -2.5026 0.9724
-1.5397 -6.3447 -2.5020 0.9724
-1.3109 -6.3953 -2.5018 0.9724
-0.6157 -6.4976 -2.5011 0.9724
-0.3820 -6.5149 -2.5009 0.9724
-0.1479 -6.5239 -2.5007 0.9724
0.0864 -6.5245 -2.5005 0.9724
0.5541 -6.5005 -2.5001 0.9724
1.0189 -6.4430 -2.4997 0.9724
1.2494 -6.4017 -2.4996 0.9724
1.7052 -6.2947 -2.4992 0.9725
1.9300 -6.2290 -2.4990 0.9725
2.1522 -6.1552 -2.4988 0.9725
2.8008 -5.8870 -2.4983 0.9725
3.2155 -5.6702 -2.4980 0.9725
3.4168 -5.5508 -2.4979 0.9725
4.1751 -5.0036 -2.4973 0.9725
4.3518 -4.8503 -2.4972 0.9725
5.0003 -4.1768 -2.4968 0.9725
5.5460 -3.4177 -2.4965 0.9725
5.6649 -3.2164 -2.4964 0.9725
5.8808 -2.8016 -2.4963 0.9725
5.9775 -2.5886 -2.4963 0.9725
6.1477 -2.1531 -2.4962 0.9725
3.2080 -0.7483 -1.2624 0.9860
3.2783 -0.6416 -1.2801 0.9858
3.2979 -0.5233 -1.2796 0.9858
3.5797 -0.3070 -1.3769 0.9847
6.5034 0.3780 -2.4964 0.9725
6.4599 0.8436 -2.4966 0.9725
6.4257 1.0750 -2.4967 0.9725
6.2736 1.7597 -2.4969 0.9725
6.1311 2.2053 -2.4969 0.9725
6.0426 2.4217 -2.4947 0.9725
4.9382 3.6194 -2.3463 0.9741
4.8054 3.7946 -2.3464 0.9741
4.2140 4.4445 -2.3471 0.9741
3.8849 4.7360 -2.3474 0.9741
3.7126 4.8728 -2.3476 0.9741
3.5356 5.0033 -2.3478 0.9741
3.3540 5.1274 -2.3480 0.9741
3.1680 5.2449 -2.3481 0.9741
2.9780 5.3557 -2.3483 0.9741
2.3856 5.6461 -2.3489 0.9741
2.1815 5.7286 -2.3491 0.9741
1.9747 5.8037 -2.3493 0.9741
1.7652 5.8713 -2.3495 0.9741
1.5535 5.9314 -2.3497 0.9741
1.3397 5.9838 -2.3499 0.9741
1.1241 6.0285 -2.3501 0.9741
0.9071 6.0655 -2.3503 0.9741
0.4697 6.1160 -2.3506 0.9741
0.2527 6.2000 -2.3779 0.9738
0.0305 6.3182 -2.4213 0.9733
-0.2002 6.4424 -2.4700 0.9728
-0.4361 6.5017 -2.4972 0.9725
-1.1357 6.4355 -2.5043 0.9724
-1.8213 6.2775 -2.5049 0.9724
-2.4861 6.0466 -2.5054 0.9724
-2.9139 5.8534 -2.5057 0.9724
-3.1223 5.7454 -2.5059 0.9724
-3.3268 5.6300 -2.5060 0.9724
-3.5269 5.5073 -2.5062 0.9724
-3.7225 5.3774 -2.5063 0.9724
-3.9134 5.2406 -2.5064 0.9724
-4.2797 4.9469 -2.5067 0.9724
-4.4547 4.7903 -2.5068 0.9724
-4.6240 4.6275 -2.5069 0.9724
-4.7873 4.4587 -2.5070 0.9724
-5.0953 4.1041 -2.5072 0.9724
-5.2395 3.9187 -2.5073 0.9724
-5.3769 3.7282 -2.5074 0.9724
-5.5074 3.5329 -2.5075 0.9724
-5.6308 3.3330 -2.5075 0.9724
-5.8557 2.9206 -2.5076 0.9724
-6.4435 1.1421 -2.5078 0.9724
-6.5022 -0.7299 -2.5074 0.9724
-6.4717 -0.9628 -2.5073 0.9724
-6.4327 -1.1945 -2.5073 0.9724
-6.3855 -1.4245 -2.5072 0.9724
-6.2663 -1.8788 -2.5070 0.9724
-6.1946 -2.1025 -2.5069 0.9724
-6.1148 -2.3233 -2.5068 0.9724
-6.0272 -2.5412 -2.5066 0.9724
-5.9318 -2.7558 -2.5065 0.9724
-5.7182 -3.1739 -2.5062 0.9724
-4.9057 -4.3212 -2.5053 0.9724
-4.7471 -4.4942 -2.5051 0.9724
-4.4119 -4.8225 -2.5048 0.9724
-4.2356 -4.9774 -2.5046 0.9724
-3.8670 -5.2676 -2.5042 0.9724
-3.4786 -5.5306 -2.5038 0.9724
-3.2775 -5.6515 -2.5036 0.9724
-2.8632 -5.8711 -2.5032 0.9724
-2.4342 -6.0604 -2.5028 0.9724
-2.2149 -6.1434 -2.5026 0.9724
-1.3124 -6.3950 -2.5018 0.9724
-0.6172 -6.4974 -2.5011 0.9724
-0.3836 -6.5149 -2.5009 0.9724
0.5526 -6.5006 -2.5001 0.9724
1.0174 -6.4432 -2.4997 0.9724
1.2479 -6.4020 -2.4996 0.9724
1.4768 -6.3526 -2.4994 0.9724
1.9285 -6.2294 -2.4990 0.9725
2.3701 -6.0742 -2.4987 0.9725
2.5864 -5.9848 -2.4985 0.9725
2.7994 -5.8877 -2.4983 0.9725
3.2142 -5.6710 -2.4980 0.9725
3.4155 -5.5516 -2.4979 0.9725
3.9918 -5.1514 -2.4974 0.9725
4.3507 -4.8513 -2.4972 0.9725
4.5218 -4.6918 -2.4971 0.9725
4.8463 -4.3549 -2.4969 0.9725
4.9994 -4.1780 -2.4968 0.9725
5.2858 -3.8083 -2.4966 0.9725
5.5451 -3.4191 -2.4965 0.9725
5.6642 -3.2178 -2.4964 0.9725
5.7759 -3.0123 -2.4964 0.9725
5.8802 -2.8030 -2.4963 0.9725
5.9769 -2.5901 -2.4963 0.9725
6.0659 -2.3738 -2.4962 0.9725
6.2205 -1.9325 -2.4962 0.9725
6.2859 -1.7079 -2.4962 0.9725
3.2077 -0.7490 -1.2623 0.9860
3.2976 -0.5240 -1.2796 0.9858
3.3932 -0.4150 -1.3100 0.9855
6.5135 -0.0911 -2.4963 0.9725
6.5035 0.3764 -2.4964 0.9725
6.4601 0.8421 -2.4966 0.9725
6.4259 1.0735 -2.4967 0.9725
6.3328 1.5318 -2.4968 0.9725
6.2740 1.7582 -2.4969 0.9725
6.2071 1.9824 -2.4970 0.9725
6.1317 2.2038 -2.4969 0.9725
5.8442 2.8429 -2.4905 0.9725
5.4389 3.1470 -2.4080 0.9734
5.2294 3.2818 -2.3659 0.9739
4.9390 3.6182 -2.3463 0.9741
4.8063 3.7934 -2.3464 0.9741
4.6673 3.9638 -2.3466 0.9741
4.3716 4.2890 -2.3469 0.9741
4.2151 4.4434 -2.3471 0.9741
3.8860 4.7351 -2.3474 0.9741
3.7138 4.8719 -2.3476 0.9741
3.3552 5.1266 -2.3480 0.9741
3.1693 5.2441 -2.3481 0.9741
1.3411 5.9835 -2.3499 0.9741
0.9085 6.0653 -2.3503 0.9741
0.4711 6.1159 -2.3506 0.9741
0.2542 6.1992 -2.3776 0.9738
-0.1986 6.4416 -2.4697 0.9728
-0.4345 6.5017 -2.4971 0.9725
-0.6682 6.4882 -2.4995 0.9724
-1.1342 6.4357 -2.5043 0.9724
-1.8198 6.2779 -2.5049 0.9724
-2.0442 6.2090 -2.5050 0.9724
-2.2659 6.1321 -2.5052 0.9724
-2.4847 6.0472 -2.5054 0.9724
-2.7003 5.9545 -2.5055 0.9724
-2.9125 5.8541 -2.5057 0.9724
-3.5256 5.5081 -2.5062 0.9724
-3.7212 5.3783 -2.5063 0.9724
-4.0979 5.0980 -2.5066 0.9724
-4.4536 4.7913 -2.5068 0.9724
-4.6229 4.6286 -2.5069 0.9724
-4.7862 4.4599 -2.5070 0.9724
-4.9434 4.2854 -2.5071 0.9724
-5.2385 3.9199 -2.5073 0.9724
-5.5066 3.5342 -2.5075 0.9724
-5.6300 3.3344 -2.5075 0.9724
-5.7462 3.1302 -2.5076 0.9724
-5.8550 2.9220 -2.5076 0.9724
-6.0497 2.4945 -2.5077 0.9724
-6.4433 1.1437 -2.5078 0.9724
-6.4801 0.9117 -2.5078 0.9724
-6.5086 0.6785 -2.5077 0.9724
-6.5435 -0.0251 -2.5076 0.9724
-6.5245 -0.4945 -2.5075 0.9724
-6.5024 -0.7283 -2.5074 0.9724
-6.4330 -1.1929 -2.5073 0.9724
-6.3858 -1.4230 -2.5072 0.9724
-6.2668 -1.8773 -2.5070 0.9724
-6.1951 -2.1010 -2.5069 0.9724
-6.0278 -2.5398 -2.5066 0.9724
-5.7189 -3.1725 -2.5062 0.9724
-5.4760 -3.5742 -2.5059 0.9724
4.8010 3.5207 -2.4367 0.9746
4.4207 3.7580 -2.3747 0.9752
4.2391 3.8742 -2.3504 0.9755
4.0916 4.0182 -2.3471 0.9755
3.9450 4.1628 -2.3472 0.9755
3.1395 4.8019 -2.3481 0.9755
2.9653 4.9119 -2.3482 0.9755
2.2325 5.2873 -2.3490 0.9755
1.6515 5.4979 -2.3495 0.9755
1.4532 5.5541 -2.3497 0.9755
1.0656 5.7225 -2.3823 0.9752
0.8707 5.8318 -2.4133 0.9748
0.6700 5.9408 -2.4468 0.9745
0.0280 6.1047 -2.4985 0.9740
-0.4107 6.1012 -2.5027 0.9739
-0.6297 6.0851 -2.5038 0.9739
-1.2805 5.9835 -2.5043 0.9739
-2.1242 5.7402 -2.5050 0.9739
-2.3290 5.6606 -2.5052 0.9739
-2.5309 5.5737 -2.5053 0.9739
-2.7295 5.4796 -2.5055 0.9739
-3.1159 5.2702 -2.5058 0.9739
-3.3033 5.1553 -2.5059 0.9739
-3.4864 5.0337 -2.5060 0.9739
-3.6650 4.9055 -2.5062 0.9739
-4.0079 4.6304 -2.5064 0.9739
-4.3301 4.3313 -2.5066 0.9739
-4.4830 4.1732 -2.5067 0.9739
-4.6300 4.0098 -2.5068 0.9739
-4.9061 3.6675 -2.5070 0.9739
-5.0347 3.4891 -2.5070 0.9739
-5.3810 2.9279 -2.5072 0.9739
-5.4828 2.7329 -2.5073 0.9739
-5.6649 2.3326 -2.5073 0.9739
-5.7450 2.1278 -2.5074 0.9739
-5.8829 1.7101 -2.5074 0.9739
-5.9905 1.2837 -2.5074 0.9739
-6.0327 1.0678 -2.5074 0.9739
-6.0936 0.6323 -2.5074 0.9739
-6.1231 0.1934 -2.5073 0.9739
-6.1260 -0.0265 -2.5072 0.9739
-6.1210 -0.2463 -2.5072 0.9739
-6.1081 -0.4659 -2.5071 0.9739
-6.0873 -0.6848 -2.5071 0.9739
-6.0586 -0.9029 -2.5070 0.9739
-6.0221 -1.1197 -2.5069 0.9739
-5.9778 -1.3351 -2.5068 0.9739
-5.8662 -1.7604 -2.5067 0.9739
-5.7990 -1.9698 -2.5066 0.9739
-5.7243 -2.1765 -2.5065 0.9739
-5.0014 -3.5304 -2.5055 0.9739
-4.2893 -4.3653 -2.5048 0.9739
-4.1296 -4.5161 -2.5046 0.9739
-3.9645 -4.6611 -2.5044 0.9739
-3.4398 -5.0592 -2.5039 0.9739
-3.0675 -5.2922 -2.5035 0.9739
-2.8753 -5.3985 -2.5033 0.9739
-2.6795 -5.4978 -2.5031 0.9739
-2.2778 -5.6750 -2.5027 0.9739
-1.8645 -5.8229 -2.5024 0.9739
-1.0116 -6.0279 -2.5016 0.9739
-0.7946 -6.0599 -2.5014 0.9739
-0.5765 -6.0840 -2.5012 0.9739
-0.3577 -6.1003 -2.5010 0.9739
0.0809 -6.1093 -2.5006 0.9739
0.5189 -6.0869 -2.5002 0.9739
0.9541 -6.0331 -2.4999 0.9739
1.5968 -5.8943 -2.4994 0.9740
1.8072 -5.8328 -2.4992 0.9740
2.2207 -5.6874 -2.4989 0.9740
2.4233 -5.6037 -2.4987 0.9740
2.8187 -5.4147 -2.4984 0.9740
3.0111 -5.3097 -2.4983 0.9740
3.1996 -5.1979 -2.4981 0.9740
4.3903 -4.2376 -2.4973 0.9740
4.9509 -3.5651 -2.4970 0.9740
5.1936 -3.2006 -2.4968 0.9740
5.6811 -2.2217 -2.4966 0.9740
5.7572 -2.0163 -2.4966 0.9740
3.2295 -0.7533 -1.3573 0.9858
3.2585 -0.5170 -1.3503 0.9858
3.3558 -0.4096 -1.3836 0.9855
3.6274 -0.3111 -1.4901 0.9844
6.0997 -0.0839 -2.4967 0.9740
6.0174 1.0067 -2.4970 0.9740
5.9776 1.2221 -2.4971 0.9740
5.9301 1.4359 -2.4972 0.9740
5.8122 1.8578 -2.4973 0.9740
5.3814 2.8626 -2.4947 0.9740
5.2716 3.0519 -2.4930 0.9740
4.6099 3.6402 -2.4040 0.9749
4.0926 4.0172 -2.3471 0.9755
3.6378 4.4348 -2.3476 0.9755
3.4765 4.5628 -2.3477 0.9755
2.7885 5.0149 -2.3484 0.9755
2.6069 5.1121 -2.3486 0.9755
2.4219 5.2028 -2.3488 0.9755
2.0427 5.3640 -2.3491 0.9755
1.8490 5.4343 -2.3493 0.9755
1.6528 5.4975 -2.3495 0.9755
1.2577 5.6175 -2.3560 0.9754
1.0669 5.7218 -2.3822 0.9752
0.8720 5.8310 -2.4130 0.9748
0.0295 6.1046 -2.4985 0.9740
-0.6282 6.0853 -2.5038 0.9739
-0.8463 6.0593 -2.5040 0.9739
-1.4931 5.9344 -2.5045 0.9739
-1.7053 5.8774 -2.5047 0.9739
-1.9153 5.8128 -2.5048 0.9739
-2.1228 5.7407 -2.5050 0.9739
-2.5295 5.5743 -2.5053 0.9739
-2.7281 5.4802 -2.5055 0.9739
-2.9233 5.3791 -2.5056 0.9739
-3.1146 5.2710 -2.5058 0.9739
-3.6638 4.9064 -2.5062 0.9739
-3.8377 4.7720 -2.5063 0.9739
-4.0067 4.6314 -2.5064 0.9739
-4.1706 4.4847 -2.5065 0.9739
-4.3291 4.3323 -2.5066 0.9739
-4.4820 4.1743 -2.5067 0.9739
-4.6291 4.0109 -2.5068 0.9739
-4.9052 3.6687 -2.5070 0.9739
-5.0339 3.4904 -2.5070 0.9739
-5.3803 2.9292 -2.5072 0.9739
-5.4821 2.7342 -2.5073 0.9739
-5.5768 2.5357 -2.5073 0.9739
-5.7445 2.1292 -2.5074 0.9739
-5.8173 1.9216 -2.5074 0.9739
-5.8825 1.7116 -2.5074 0.9739
-5.9402 1.4993 -2.5074 0.9739
-5.9902 1.2851 -2.5074 0.9739
-6.0669 0.8520 -2.5074 0.9739
-6.1122 0.4146 -2.5073 0.9739
-6.1211 -0.2449 -2.5072 0.9739
-6.1082 -0.4644 -2.5071 0.9739
-5.9781 -1.3337 -2.5068 0.9739
-5.9262 -1.5473 -2.5068 0.9739
-5.8666 -1.7590 -2.5067 0.9739
-5.7248 -2.1752 -2.5065 0.9739
-5.6428 -2.3792 -2.5063 0.9739
-5.5535 -2.5800 -2.5062 0.9739
-5.3535 -2.9715 -2.5060 0.9739
-5.2431 -3.1616 -2.5058 0.9739
-4.8720 -3.7063 -2.5054 0.9739
-4.7356 -3.8785 -2.5052 0.9739
-4.2904 -4.3643 -2.5048 0.9739
-3.9657 -4.6602 -2.5044 0.9739
-3.7956 -4.7992 -2.5042 0.9739
-2.8766 -5.3978 -2.5033 0.9739
-2.6808 -5.4972 -2.5031 0.9739
-2.4816 -5.5894 -2.5029 0.9739
-1.6556 -5.8852 -2.5022 0.9739
-1.4431 -5.9404 -2.5020 0.9739
-1.2289 -5.9879 -2.5018 0.9739
-1.0131 -6.0277 -2.5016 0.9739
-0.7960 -6.0597 -2.5014 0.9739
-0.5779 -6.0839 -2.5012 0.9739
-0.3592 -6.1002 -2.5010 0.9739
0.0794 -6.1094 -2.5006 0.9739
0.2986 -6.1021 -2.5004 0.9739
0.7355 -6.0641 -2.5001 0.9739
1.3829 -5.9486 -2.4995 0.9739
1.5954 -5.8947 -2.4994 0.9740
2.8174 -5.4154 -2.4984 0.9740
3.0098 -5.3105 -2.4983 0.9740
3.1983 -5.1987 -2.4981 0.9740
3.3827 -5.0803 -2.4980 0.9740
3.5627 -4.9553 -2.4979 0.9740
3.9087 -4.6865 -2.4976 0.9740
4.0742 -4.5430 -2.4975 0.9740
4.3892 -4.2386 -2.4973 0.9740
4.5384 -4.0782 -2.4972 0.9740
4.6817 -3.9125 -2.4971 0.9740
4.8189 -3.7418 -2.4970 0.9740
4.9500 -3.5663 -2.4970 0.9740
5.1928 -3.2019 -2.4968 0.9740
5.3043 -3.0133 -2.4968 0.9740
5.4089 -2.8209 -2.4967 0.9740
5.7567 -2.0177 -2.4966 0.9740
5.8253 -1.8097 -2.4966 0.9740
3.2290 -0.7540 -1.3571 0.9858
3.2392 -0.6347 -1.3509 0.9858
3.2582 -0.5178 -1.3502 0.9858
3.6264 -0.3119 -1.4897 0.9844
6.0497 0.7886 -2.4969 0.9740
6.0176 1.0052 -2.4970 0.9740
5.9304 1.4345 -2.4972 0.9740
5.8753 1.6465 -2.4973 0.9740
5.8126 1.8564 -2.4973 0.9740
5.7425 2.0639 -2.4975 0.9740
5.5801 2.4708 -2.4977 0.9740
5.4852 2.6682 -2.4965 0.9740
5.2724 3.0507 -2.4930 0.9740
5.1563 3.2360 -2.4915 0.9740
5.0012 3.3948 -2.4739 0.9742
4.2414 3.8725 -2.3506 0.9755
4.0935 4.0162 -2.3471 0.9755
3.9470 4.1609 -2.3472 0.9755
3.8020 4.3077 -2.3515 0.9755
3.4776 4.5620 -2.3477 0.9755
3.3118 4.6842 -2.3479 0.9755
3.1418 4.8004 -2.3481 0.9755
2.9677 4.9105 -2.3482 0.9755
2.6081 5.1115 -2.3486 0.9755
2.4231 5.2022 -2.3488 0.9755
2.2350 5.2862 -2.3490 0.9755
1.8503 5.4338 -2.3493 0.9755
1.2589 5.6169 -2.3559 0.9754
1.0682 5.7211 -2.3820 0.9752
0.8733 5.8303 -2.4128 0.9748
0.6727 5.9394 -2.4464 0.9745
0.0310 6.1046 -2.4985 0.9740
-0.1883 6.1068 -2.5005 0.9739
-0.6268 6.0854 -2.5038 0.9739
-0.8448 6.0595 -2.5040 0.9739
-1.0619 6.0257 -2.5042 0.9739
-1.2776 5.9841 -2.5043 0.9739
-1.7038 5.8778 -2.5047 0.9739
-1.9139 5.8133 -2.5048 0.9739
-2.3263 5.6617 -2.5052 0.9739
-2.5282 5.5749 -2.5053 0.9739
-2.7268 5.4809 -2.5055 0.9739
-3.1134 5.2717 -2.5058 0.9739
-3.4839 5.0353 -2.5060 0.9739
-3.6626 4.9073 -2.5062 0.9739
-4.0056 4.6323 -2.5064 0.9739
-4.1695 4.4858 -2.5065 0.9739
-4.3280 4.3334 -2.5066 0.9739
-4.4809 4.1754 -2.5067 0.9739
-4.6281 4.0120 -2.5068 0.9739
-4.7693 3.8434 -2.5069 0.9739
-4.9043 3.6699 -2.5070 0.9739
-5.2708 3.1216 -2.5072 0.9739
-5.4814 2.7356 -2.5073 0.9739
-5.7440 2.1305 -2.5074 0.9739
-5.9398 1.5007 -2.5074 0.9739
-6.0321 1.0707 -2.5074 0.9739
-6.0876 -0.6819 -2.5071 0.9739
-6.0226 -1.1168 -2.5069 0.9739
-5.8670 -1.7576 -2.5067 0.9739
-5.4577 -2.7763 -2.5061 0.9739
-5.1268 -3.3463 -2.5057 0.9739
4.6157 3.3847 -2.4945 0.9753
4.4892 3.5466 -2.4934 0.9753
3.5126 4.2844 -2.4145 0.9761
3.1710 4.4897 -2.3955 0.9763
3.0014 4.5907 -2.3904 0.9764
2.6618 4.7898 -2.3882 0.9764
2.1475 5.0861 -2.4061 0.9762
1.7968 5.2850 -2.4328 0.9759
1.6178 5.3856 -2.4508 0.9758
0.8461 5.6670 -2.4971 0.9753
0.6425 5.6971 -2.4986 0.9753
0.2324 5.7361 -2.5019 0.9753
-0.1798 5.7412 -2.5033 0.9752
-0.7961 5.6898 -2.5039 0.9752
-1.4034 5.5723 -2.5044 0.9752
-1.7998 5.4580 -2.5047 0.9752
-1.9947 5.3902 -2.5048 0.9752
-2.1870 5.3154 -2.5050 0.9752
-2.3765 5.2338 -2.5051 0.9752
-2.7462 5.0504 -2.5054 0.9752
-3.4414 4.6063 -2.5059 0.9752
-3.6047 4.4800 -2.5060 0.9752
-3.9172 4.2102 -2.5062 0.9752
-4.2095 3.9186 -2.5064 0.9752
-4.4800 3.6068 -2.5066 0.9752
-4.7275 3.2762 -2.5067 0.9752
-4.8422 3.1045 -2.5068 0.9752
-4.9506 2.9288 -2.5069 0.9752
-5.0527 2.7492 -2.5069 0.9752
-5.1482 2.5661 -2.5069 0.9752
-5.3192 2.1902 -2.5070 0.9752
-5.5239 1.6058 -2.5071 0.9752
-5.5780 1.4065 -2.5071 0.9752
-5.6249 1.2053 -2.5071 0.9752
-5.6968 0.7987 -2.5071 0.9752
-5.7218 0.5937 -2.5070 0.9752
-5.7393 0.3879 -2.5070 0.9752
-5.7495 0.1816 -2.5070 0.9752
-5.7522 -0.0248 -2.5069 0.9752
-5.7354 -0.4375 -2.5068 0.9752
-5.7158 -0.6430 -2.5068 0.9752
-5.6546 -1.0514 -2.5066 0.9752
-5.5643 -1.4543 -2.5065 0.9752
-5.4452 -1.8496 -2.5063 0.9752
-5.3751 -2.0438 -2.5062 0.9752
-5.2142 -2.4239 -2.5060 0.9752
-5.1236 -2.6094 -2.5058 0.9752
-4.8126 -3.1446 -2.5055 0.9752
-4.6964 -3.3151 -2.5053 0.9752
-4.5741 -3.4814 -2.5052 0.9752
-4.3121 -3.8001 -2.5049 0.9752
-4.1726 -3.9522 -2.5047 0.9752
-3.8778 -4.2408 -2.5044 0.9752
-3.5631 -4.5075 -2.5041 0.9752
-3.2301 -4.7509 -2.5038 0.9752
-3.0573 -4.8635 -2.5036 0.9752
-2.5162 -5.1628 -2.5031 0.9753
-2.3291 -5.2494 -2.5029 0.9753
-1.3539 -5.5789 -2.5020 0.9753
-0.9500 -5.6609 -2.5016 0.9753
-0.7462 -5.6909 -2.5014 0.9753
-0.1300 -5.7369 -2.5009 0.9753
1.4996 -5.5357 -2.4995 0.9753
1.6973 -5.4780 -2.4994 0.9753
1.8927 -5.4132 -2.4992 0.9753
2.0857 -5.3414 -2.4991 0.9753
2.8280 -4.9868 -2.4985 0.9753
3.0050 -4.8818 -2.4984 0.9753
3.3472 -4.6532 -2.4981 0.9753
3.5119 -4.5299 -2.4980 0.9753
3.8275 -4.2659 -2.4978 0.9753
3.9780 -4.1256 -2.4977 0.9753
4.2634 -3.8292 -2.4975 0.9753
4.5269 -3.5133 -2.4973 0.9753
4.6499 -3.3484 -2.4973 0.9753
4.7670 -3.1793 -2.4972 0.9753
4.8779 -3.0060 -2.4971 0.9753
4.9826 -2.8290 -2.4971 0.9753
5.0808 -2.6482 -2.4970 0.9753
5.1725 -2.4641 -2.4970 0.9753
5.2575 -2.2768 -2.4970 0.9753
5.3358 -2.0866 -2.4969 0.9753
5.4072 -1.8937 -2.4969 0.9753
5.4717 -1.6984 -2.4969 0.9753
3.2696 -0.7627 -1.4632 0.9855
3.2480 -0.5154 -1.4332 0.9858
3.3657 -0.4108 -1.4777 0.9853
5.7224 -0.2844 -2.4970 0.9753
5.7201 0.3325 -2.4971 0.9753
5.7046 0.5376 -2.4972 0.9753
5.6817 0.7420 -2.4972 0.9753
5.6142 1.1478 -2.4974 0.9753
5.4588 1.7448 -2.4976 0.9753
5.3929 1.9397 -2.4977 0.9753
5.3200 2.1322 -2.4978 0.9753
5.2403 2.3218 -2.4979 0.9753
5.1538 2.5086 -2.4981 0.9753
5.0607 2.6921 -2.4982 0.9753
4.9610 2.8721 -2.4983 0.9753
4.6165 3.3836 -2.4945 0.9753
4.4900 3.5456 -2.4934 0.9753
4.3581 3.7029 -2.4923 0.9754
4.2178 3.8528 -2.4897 0.9754
4.0381 3.9638 -2.4660 0.9756
3.6866 4.1789 -2.4286 0.9760
3.1722 4.4890 -2.3956 0.9763
3.0025 4.5900 -2.3904 0.9764
2.6630 4.7891 -2.3881 0.9764
2.4925 4.8879 -2.3912 0.9763
2.3212 4.9866 -2.3972 0.9763
1.6190 5.3850 -2.4506 0.9758
1.4370 5.4867 -2.4718 0.9756
1.2505 5.5855 -2.4945 0.9753
0.8474 5.6668 -2.4971 0.9753
0.4392 5.7200 -2.5002 0.9753
0.0278 5.7435 -2.5032 0.9753
-0.1784 5.7412 -2.5033 0.9752
-0.3844 5.7315 -2.5035 0.9752
-0.5899 5.7144 -2.5037 0.9752
-0.7947 5.6900 -2.5039 0.9752
-0.9985 5.6581 -2.5040 0.9752
-1.2011 5.6190 -2.5042 0.9752
-1.4021 5.5727 -2.5043 0.9752
-1.6013 5.5191 -2.5045 0.9752
-1.7985 5.4584 -2.5047 0.9752
-1.9934 5.3907 -2.5048 0.9752
-2.1857 5.3160 -2.5050 0.9752
-2.3753 5.2344 -2.5051 0.9752
-2.5618 5.1460 -2.5053 0.9752
-3.7623 4.3488 -2.5061 0.9752
-3.9162 4.2111 -2.5062 0.9752
-4.0649 4.0680 -2.5063 0.9752
-4.2085 3.9196 -2.5064 0.9752
-4.6059 3.4448 -2.5067 0.9752
-5.0520 2.7505 -2.5069 0.9752
-5.1476 2.5674 -2.5069 0.9752
-5.3939 1.9992 -2.5070 0.9752
-5.4623 1.8043 -2.5071 0.9752
-5.6966 0.8000 -2.5071 0.9752
-5.7216 0.5951 -2.5070 0.9752
-5.7392 0.3893 -2.5070 0.9752
-5.7494 0.1830 -2.5070 0.9752
-5.7522 -0.0235 -2.5069 0.9752
-5.7160 -0.6416 -2.5068 0.9752
-5.6134 -1.2523 -2.5065 0.9752
-5.5646 -1.4529 -2.5065 0.9752
-5.5087 -1.6517 -2.5064 0.9752
-5.4457 -1.8483 -2.5063 0.9752
-5.2986 -2.2340 -2.5061 0.9752
-4.8134 -3.1434 -2.5055 0.9752
-4.5750 -3.4803 -2.5052 0.9752
-4.0288 -4.0982 -2.5046 0.9752
-3.5642 -4.5067 -2.5041 0.9752
-3.3999 -4.6314 -2.5039 0.9752
-3.0585 -4.8627 -2.5036 0.9752
-2.8818 -4.9690 -2.5034 0.9752
-2.5175 -5.1622 -2.5031 0.9753
-2.3304 -5.2489 -2.5029 0.9753
-1.5547 -5.5268 -2.5022 0.9753
-1.3553 -5.5786 -2.5020 0.9753
-1.1541 -5.6232 -2.5018 0.9753
-0.7475 -5.6907 -2.5014 0.9753
-0.1314 -5.7369 -2.5009 0.9753
0.0746 -5.7375 -2.5007 0.9753
0.4859 -5.7165 -2.5004 0.9753
0.6908 -5.6950 -2.5002 0.9753
0.8947 -5.6662 -2.5000 0.9753
1.2987 -5.5867 -2.4997 0.9753
1.4983 -5.5361 -2.4995 0.9753
1.6960 -5.4784 -2.4994 0.9753
1.8914 -5.4136 -2.4992 0.9753
2.0844 -5.3419 -2.4991 0.9753
2.2746 -5.2634 -2.4989 0.9753
2.4620 -5.1780 -2.4988 0.9753
2.6461 -5.0860 -2.4986 0.9753
3.1770 -4.7714 -2.4982 0.9753
3.5108 -4.5307 -2.4980 0.9753
3.6710 -4.4016 -2.4979 0.9753
3.8265 -4.2668 -2.4978 0.9753
3.9770 -4.1265 -2.4977 0.9753
4.2625 -3.8303 -2.4975 0.9753
4.3971 -3.6747 -2.4974 0.9753
4.5260 -3.5144 -2.4973 0.9753
4.9819 -2.8302 -2.4971 0.9753
5.0802 -2.6495 -2.4970 0.9753
5.2570 -2.2781 -2.4970 0.9753
3.2534 -0.8840 -1.4693 0.9854
3.2477 -0.5161 -1.4332 0.9858
5.7083 -0.4909 -2.4969 0.9753
5.7223 -0.2857 -2.4970 0.9753
5.7289 -0.0802 -2.4970 0.9753
5.7047 0.5362 -2.4972 0.9753
5.5699 1.3473 -2.4975 0.9753
5.3934 1.9384 -2.4977 0.9753
4.7381 3.2162 -2.4958 0.9753
4.6173 3.3825 -2.4945 0.9753
4.2191 3.8521 -2.4898 0.9754
4.0393 3.9630 -2.4662 0.9756
3.8624 4.0716 -2.4459 0.9758
3.3436 4.3863 -2.4037 0.9762
3.1733 4.4883 -2.3956 0.9763
3.0036 4.5894 -2.3904 0.9764
2.6641 4.7885 -2.3881 0.9764
2.4937 4.8873 -2.3912 0.9763
2.3224 4.9860 -2.3971 0.9763
2.1498 5.0848 -2.4060 0.9762
1.7992 5.2837 -2.4326 0.9759
0.4406 5.7199 -2.5002 0.9753
0.2352 5.7359 -2.5019 0.9753
0.0292 5.7435 -2.5032 0.9753
-0.9972 5.6584 -2.5040 0.9752
-1.6000 5.5195 -2.5045 0.9752
-1.9921 5.3911 -2.5048 0.9752
-2.9235 4.9502 -2.5055 0.9752
-3.0995 4.8423 -2.5057 0.9752
-3.4392 4.6080 -2.5059 0.9752
-3.7613 4.3497 -2.5061 0.9752
-3.9151 4.2121 -2.5062 0.9752
-4.0640 4.0690 -2.5063 0.9752
-4.4783 3.6089 -2.5066 0.9752
-4.8407 3.1068 -2.5068 0.9752
-5.1470 2.5686 -2.5069 0.9752
-5.2359 2.3823 -2.5070 0.9752
-5.3181 2.1928 -2.5070 0.9752
-5.5231 1.6084 -2.5071 0.9752
-5.6243 1.2081 -2.5071 0.9752
-5.6964 0.8014 -2.5071 0.9752
-5.7522 -0.0221 -2.5069 0.9752
-5.7476 -0.2285 -2.5069 0.9752
-5.7356 -0.4347 -2.5068 0.9752
-5.6893 -0.8450 -2.5067 0.9752
-5.6552 -1.0487 -2.5066 0.9752
-5.6137 -1.2509 -2.5065 0.9752
-5.3761 -2.0412 -2.5062 0.9752
-5.2991 -2.2327 -2.5061 0.9752
-5.1248 -2.6069 -2.5058 0.9752
-4.9241 -2.9676 -2.5056 0.9752
-4.8141 -3.1423 -2.5055 0.9752
4.2356 3.3463 -2.4986 0.9765
4.1112 3.4948 -2.4977 0.9765
3.8474 3.7784 -2.4961 0.9765
3.7084 3.9131 -2.4955 0.9765
3.5648 4.0428 -2.4950 0.9765
3.4169 4.1675 -2.4946 0.9765
3.2647 4.2870 -2.4943 0.9765
2.7847 4.6128 -2.4941 0.9765
2.6176 4.7101 -2.4943 0.9765
2.4471 4.8016 -2.4946 0.9765
2.0970 4.9666 -2.4955 0.9765
1.9179 5.0399 -2.4961 0.9765
1.7363 5.1070 -2.4969 0.9765
1.5524 5.1678 -2.4977 0.9765
1.3664 5.2222 -2.4987 0.9765
1.1786 5.2702 -2.4997 0.9765
0.7982 5.3465 -2.5022 0.9765
0.4127 5.3911 -2.5027 0.9764
0.2189 5.4028 -2.5029 0.9764
-0.1693 5.4053 -2.5033 0.9764
-0.3632 5.3961 -2.5034 0.9764
-0.5567 5.3799 -2.5036 0.9764
-0.7495 5.3568 -2.5037 0.9764
-1.1320 5.2899 -2.5041 0.9764
-1.5088 5.1957 -2.5044 0.9764
-1.8779 5.0746 -2.5047 0.9764
-2.2374 4.9274 -2.5049 0.9764
-2.4129 4.8442 -2.5051 0.9764
-2.7546 4.6590 -2.5053 0.9764
-2.9202 4.5574 -2.5054 0.9764
-3.2399 4.3365 -2.5057 0.9764
-3.5430 4.0933 -2.5059 0.9764
-3.8278 3.8288 -2.5061 0.9764
-3.9629 3.6891 -2.5062 0.9764
-4.0929 3.5446 -2.5062 0.9764
-4.2176 3.3955 -2.5063 0.9764
-4.3369 3.2420 -2.5064 0.9764
-4.4506 3.0843 -2.5065 0.9764
-4.6606 2.7572 -2.5066 0.9764
-4.7567 2.5882 -2.5066 0.9764
-4.9302 2.2403 -2.5067 0.9764
-5.0075 2.0619 -2.5067 0.9764
-5.2003 1.5117 -2.5068 0.9764
-5.2512 1.3241 -2.5068 0.9764
-5.4152 -0.0234 -2.5066 0.9764
-5.4108 -0.2178 -2.5066 0.9764
-5.3994 -0.4118 -2.5065 0.9764
-5.3810 -0.6054 -2.5065 0.9764
-5.2843 -1.1802 -2.5063 0.9764
-5.2384 -1.3691 -2.5062 0.9764
-5.1857 -1.5562 -2.5061 0.9764
-5.1263 -1.7412 -2.5060 0.9764
-4.9877 -2.1044 -2.5058 0.9764
-4.7320 -2.6280 -2.5055 0.9764
-4.4214 -3.1210 -2.5051 0.9764
-4.1857 -3.4298 -2.5049 0.9764
-4.0596 -3.5776 -2.5047 0.9764
-3.6509 -3.9926 -2.5043 0.9764
-3.5050 -4.1208 -2.5041 0.9764
-3.1999 -4.3611 -2.5038 0.9764
-2.5422 -4.7730 -2.5032 0.9764
-2.1929 -4.9424 -2.5028 0.9764
-2.0139 -5.0176 -2.5027 0.9765
-1.6485 -5.1484 -2.5023 0.9765
-1.4626 -5.2039 -2.5021 0.9765
-0.8945 -5.3299 -2.5016 0.9765
-0.7026 -5.3582 -2.5015 0.9765
-0.5097 -5.3796 -2.5013 0.9765
-0.1224 -5.4016 -2.5009 0.9765
0.0715 -5.4021 -2.5008 0.9765
0.6517 -5.3621 -2.5003 0.9765
0.8437 -5.3349 -2.5001 0.9765
1.2241 -5.2599 -2.4998 0.9765
1.4120 -5.2123 -2.4997 0.9765
1.5981 -5.1579 -2.4995 0.9765
1.7821 -5.0970 -2.4994 0.9765
2.3193 -4.8750 -2.4989 0.9765
2.4927 -4.7884 -2.4988 0.9765
2.6628 -4.6956 -2.4987 0.9765
2.8295 -4.5967 -2.4986 0.9765
3.1517 -4.3815 -2.4983 0.9765
3.3068 -4.2654 -2.4982 0.9765
3.4577 -4.1437 -2.4981 0.9765
3.6040 -4.0168 -2.4980 0.9765
3.7457 -3.8847 -2.4979 0.9765
3.8826 -3.7476 -2.4978 0.9765
4.0145 -3.6057 -2.4978 0.9765
4.1412 -3.4592 -2.4977 0.9765
4.4887 -2.9937 -2.4975 0.9765
4.5932 -2.8306 -2.4974 0.9765
4.9507 -2.1439 -2.4973 0.9765
5.0244 -1.9648 -2.4972 0.9765
3.2991 -0.8956 -1.5824 0.9850
3.3050 -0.7709 -1.5709 0.9852
3.2841 -0.5211 -1.5392 0.9855
3.4752 -0.4242 -1.6205 0.9847
5.3884 -0.2678 -2.4973 0.9765
5.3946 -0.0742 -2.4973 0.9765
5.3938 0.1195 -2.4973 0.9765
5.3716 0.5062 -2.4974 0.9765
5.3217 0.8903 -2.4976 0.9765
5.2444 1.2699 -2.4977 0.9765
5.1956 1.4574 -2.4978 0.9765
5.0094 2.0077 -2.4981 0.9765
4.9343 2.1863 -2.4982 0.9765
4.7652 2.5349 -2.4984 0.9765
4.6713 2.7044 -2.4985 0.9765
4.5715 2.8705 -2.4986 0.9765
4.3542 3.1914 -2.4989 0.9765
3.9826 3.6380 -2.4968 0.9765
3.8483 3.7775 -2.4961 0.9765
3.2657 4.2862 -2.4943 0.9765
2.9495 4.5091 -2.4941 0.9765
2.2747 4.8866 -2.4950 0.9765
2.0982 4.9661 -2.4955 0.9765
1.9191 5.0395 -2.4961 0.9765
1.1798 5.2699 -2.4997 0.9765
0.9904 5.3114 -2.5009 0.9765
0.7995 5.3462 -2.5022 0.9765
0.2202 5.4027 -2.5029 0.9764
-0.1680 5.4053 -2.5033 0.9764
-0.3619 5.3962 -2.5034 0.9764
-1.1308 5.2902 -2.5041 0.9764
-1.8767 5.0751 -2.5047 0.9764
-2.0578 5.0047 -2.5048 0.9764
-2.2362 4.9279 -2.5049 0.9764
-2.5843 4.7553 -2.5052 0.9764
-2.7534 4.6597 -2.5053 0.9764
-3.0809 4.4506 -2.5056 0.9764
-3.2388 4.3373 -2.5057 0.9764
-3.5420 4.0941 -2.5059 0.9764
-3.8269 3.8298 -2.5061 0.9764
-3.9620 3.6900 -2.5062 0.9764
-4.0920 3.5456 -2.5062 0.9764
-4.2168 3.3965 -2.5063 0.9764
-4.3361 3.2430 -2.5064 0.9764
-4.4498 3.0854 -2.5065 0.9764
-4.5578 2.9237 -2.5065 0.9764
-4.7560 2.5893 -2.5066 0.9764
-4.8460 2.4170 -2.5067 0.9764
-5.0070 2.0631 -2.5067 0.9764
-5.0779 1.8821 -2.5067 0.9764
-5.1422 1.6986 -2.5068 0.9764
-5.1999 1.5129 -2.5068 0.9764
-5.2509 1.3253 -2.5068 0.9764
-5.3629 0.7532 -2.5068 0.9764
-5.4030 0.3665 -2.5067 0.9764
-5.4152 -0.0221 -2.5066 0.9764
-5.3995 -0.4105 -2.5065 0.9764
-5.3236 -0.9885 -2.5064 0.9764
-5.2387 -1.3678 -2.5062 0.9764
-5.1860 -1.5549 -2.5061 0.9764
-5.1267 -1.7400 -2.5060 0.9764
-4.9883 -2.1032 -2.5058 0.9764
-4.7326 -2.6269 -2.5055 0.9764
-4.5315 -2.9594 -2.5053 0.9764
-4.1865 -3.4288 -2.5049 0.9764
-4.0605 -3.5767 -2.5047 0.9764
-3.7930 -3.8583 -2.5044 0.9764
-3.6518 -3.9917 -2.5043 0.9764
-3.5060 -4.1200 -2.5041 0.9764
-3.3556 -4.2429 -2.5040 0.9764
-2.7131 -4.6783 -2.5033 0.9764
-2.5433 -4.7723 -2.5032 0.9764
-2.3702 -4.8602 -2.5030 0.9764
-2.1941 -4.9419 -2.5028 0.9764
-2.0151 -5.0171 -2.5027 0.9765
-1.4638 -5.2036 -2.5021 0.9765
-1.2760 -5.2524 -2.5020 0.9765
-0.1237 -5.4015 -2.5009 0.9765
0.0702 -5.4021 -2.5008 0.9765
0.2641 -5.3958 -2.5006 0.9765
0.4575 -5.3825 -2.5004 0.9765
0.6504 -5.3622 -2.5003 0.9765
0.8424 -5.3351 -2.5001 0.9765
1.0333 -5.3011 -2.5000 0.9765
1.5969 -5.1583 -2.4995 0.9765
2.3182 -4.8756 -2.4989 0.9765
2.6617 -4.6962 -2.4987 0.9765
2.8284 -4.5974 -2.4986 0.9765
2.9915 -4.4927 -2.4984 0.9765
3.1507 -4.3823 -2.4983 0.9765
3.3058 -4.2662 -2.4982 0.9765
3.4567 -4.1446 -2.4981 0.9765
3.6031 -4.0177 -2.4980 0.9765
3.7448 -3.8856 -2.4979 0.9765
3.8817 -3.7485 -2.4978 0.9765
4.0136 -3.6067 -2.4978 0.9765
4.1404 -3.4602 -2.4977 0.9765
4.2618 -3.3092 -2.4976 0.9765
4.4880 -2.9948 -2.4975 0.9765
4.6911 -2.6650 -2.4974 0.9765
4.7836 -2.4948 -2.4973 0.9765
4.9502 -2.1451 -2.4973 0.9765
5.0239 -1.9660 -2.4972 0.9765
5.1520 -1.6005 -2.4972 0.9765
3.2994 -0.8965 -1.5826 0.9850
3.3050 -0.7718 -1.5710 0.9852
5.3751 -0.4623 -2.4972 0.9765
5.3946 -0.0755 -2.4973 0.9765
5.3939 0.1182 -2.4973 0.9765
5.3863 0.3118 -2.4974 0.9765
5.3717 0.5049 -2.4974 0.9765
5.3503 0.6974 -2.4975 0.9765
5.1960 1.4561 -2.4978 0.9765
4.9348 2.1851 -2.4982 0.9765
4.7658 2.5337 -2.4984 0.9765
4.6720 2.7033 -2.4985 0.9765
4.4664 3.0318 -2.4988 0.9765
4.3550 3.1903 -2.4989 0.9765
4.1129 3.4929 -2.4977 0.9765
3.9835 3.6370 -2.4968 0.9765
3.4189 4.1659 -2.4946 0.9765
3.2668 4.2854 -2.4943 0.9765
3.1106 4.3997 -2.4941 0.9765
2.7870 4.6115 -2.4941 0.9765
2.6198 4.7089 -2.4943 0.9765
2.4494 4.8004 -2.4946 0.9765
1.7387 5.1062 -2.4968 0.9765
1.3689 5.2216 -2.4987 0.9765
1.1811 5.2696 -2.4997 0.9765
0.8008 5.3460 -2.5022 0.9765
0.6085 5.3721 -2.5026 0.9765
0.4153 5.3909 -2.5027 0.9764
0.2215 5.4027 -2.5029 0.9764
-0.7469 5.3572 -2.5037 0.9764
-0.9388 5.3272 -2.5039 0.9764
-1.3188 5.2468 -2.5042 0.9764
-1.8755 5.0755 -2.5047 0.9764
-2.0566 5.0052 -2.5048 0.9764
-2.2350 4.9285 -2.5049 0.9764
-2.4106 4.8453 -2.5051 0.9764
-2.5831 4.7559 -2.5052 0.9764
-2.9180 4.5588 -2.5054 0.9764
-3.0798 4.4513 -2.5056 0.9764
-3.3916 4.2193 -2.5058 0.9764
-3.5410 4.0950 -2.5059 0.9764
-3.6858 3.9654 -2.5060 0.9764
-4.2160 3.3975 -2.5063 0.9764
-4.3353 3.2441 -2.5064 0.9764
-4.4491 3.0865 -2.5065 0.9764
-4.7554 2.5905 -2.5066 0.9764
-4.8454 2.4181 -2.5067 0.9764
-5.1995 1.5142 -2.5068 0.9764
-5.2948 1.1373 -2.5068 0.9764
-5.4029 0.3678 -2.5067 0.9764
-5.4125 0.1736 -2.5067 0.9764
-5.4152 -0.0208 -2.5066 0.9764
-5.4109 -0.2152 -2.5066 0.9764
-5.3996 -0.4092 -2.5065 0.9764
-5.3813 -0.6028 -2.5065 0.9764
-5.3239 -0.9872 -2.5064 0.9764
-5.2849 -1.1777 -2.5063 0.9764
-5.1271 -1.7388 -2.5060 0.9764
-5.0612 -1.9216 -2.5059 0.9764
-4.9099 -2.2796 -2.5057 0.9764
-4.8247 -2.4542 -2.5056 0.9764
-4.6357 -2.7938 -2.5054 0.9764
-4.5323 -2.9583 -2.5053 0.9764
4.1084 3.0128 -2.4991 0.9776
3.9978 3.1585 -2.4992 0.9776
3.6357 3.5705 -2.4996 0.9776
3.5054 3.6989 -2.4997 0.9776
3.3706 3.8226 -2.4999 0.9776
3.2308 3.9406 -2.4996 0.9776
2.7880 4.2643 -2.4991 0.9776
2.6332 4.3617 -2.4992 0.9776
2.4751 4.4537 -2.4993 0.9776
1.6415 4.8284 -2.5016 0.9775
1.4673 4.8845 -2.5017 0.9775
1.2911 4.9344 -2.5019 0.9775
0.9339 5.0149 -2.5022 0.9775
0.7533 5.0455 -2.5024 0.9775
0.3894 5.0872 -2.5027 0.9775
-0.3427 5.0919 -2.5033 0.9775
-0.5253 5.0766 -2.5035 0.9775
-0.8883 5.0264 -2.5038 0.9775
-1.0682 4.9916 -2.5039 0.9775
-1.2468 4.9503 -2.5041 0.9775
-1.5989 4.8487 -2.5044 0.9775
-2.1112 4.6495 -2.5048 0.9775
-2.5992 4.3962 -2.5051 0.9775
-2.9081 4.1988 -2.5054 0.9775
-3.0571 4.0919 -2.5055 0.9775
-3.2021 3.9796 -2.5056 0.9775
-3.3430 3.8623 -2.5057 0.9775
-3.4796 3.7399 -2.5058 0.9775
-3.7392 3.4809 -2.5059 0.9775
-3.8619 3.3445 -2.5060 0.9775
-3.9796 3.2039 -2.5061 0.9775
-4.1994 2.9102 -2.5062 0.9775
-4.3975 2.6016 -2.5063 0.9775
-4.4882 2.4421 -2.5064 0.9775
-4.5730 2.2795 -2.5064 0.9775
-4.6520 2.1139 -2.5064 0.9775
-4.7917 1.7747 -2.5065 0.9775
-4.8524 1.6016 -2.5065 0.9775
-4.9067 1.4264 -2.5065 0.9775
-4.9964 1.0707 -2.5065 0.9775
-5.0316 0.8906 -2.5065 0.9775
-5.0603 0.7094 -2.5065 0.9775
-5.1095 -0.0221 -2.5064 0.9775
-5.1054 -0.2055 -2.5063 0.9775
-5.0773 -0.5712 -2.5062 0.9775
-5.0534 -0.7531 -2.5062 0.9775
-4.8930 -1.4683 -2.5059 0.9775
-4.7747 -1.8155 -2.5057 0.9775
-4.5514 -2.3180 -2.5054 0.9775
-4.2752 -2.7934 -2.5051 0.9775
-3.9496 -3.2363 -2.5047 0.9775
-3.5782 -3.6416 -2.5043 0.9775
-3.4450 -3.7675 -2.5042 0.9775
-3.3073 -3.8885 -2.5040 0.9775
-3.1654 -4.0044 -2.5039 0.9775
-3.0195 -4.1152 -2.5037 0.9775
-2.8697 -4.2207 -2.5036 0.9775
-2.7161 -4.3207 -2.5034 0.9775
-2.3988 -4.5039 -2.5031 0.9775
-2.2355 -4.5868 -2.5029 0.9775
-2.0693 -4.6638 -2.5028 0.9775
-1.9004 -4.7348 -2.5026 0.9775
-1.7291 -4.7996 -2.5025 0.9775
-1.0242 -4.9964 -2.5018 0.9775
-0.8441 -5.0296 -2.5016 0.9775
-0.4810 -5.0765 -2.5013 0.9775
-0.2985 -5.0902 -2.5012 0.9775
-0.1155 -5.0973 -2.5010 0.9775
0.2504 -5.0918 -2.5007 0.9775
0.7962 -5.0345 -2.5002 0.9775
0.9763 -5.0024 -2.5001 0.9775
1.1552 -4.9638 -2.4999 0.9775
1.3325 -4.9189 -2.4998 0.9776
1.5082 -4.8676 -2.4996 0.9776
1.8533 -4.7463 -2.4994 0.9776
2.0224 -4.6765 -2.4992 0.9776
2.1888 -4.6007 -2.4991 0.9776
2.3524 -4.5189 -2.4990 0.9776
2.8242 -4.2392 -2.4986 0.9776
2.9744 -4.1350 -2.4985 0.9776
3.4013 -3.7908 -2.4982 0.9776
3.9083 -3.2646 -2.4979 0.9776
4.0228 -3.1221 -2.4978 0.9776
4.2362 -2.8253 -2.4977 0.9776
4.3348 -2.6714 -2.4977 0.9776
4.5151 -2.3534 -2.4976 0.9776
4.6722 -2.0234 -2.4975 0.9776
3.2781 -0.8898 -1.6662 0.9850
3.2921 -0.7679 -1.6582 0.9851
3.3237 -0.6505 -1.6613 0.9850
3.4457 -0.5467 -1.7113 0.9846
3.4804 -0.4248 -1.7199 0.9845
5.0912 -0.0700 -2.4976 0.9776
5.0905 0.1128 -2.4976 0.9776
5.0832 0.2954 -2.4976 0.9776
4.9494 1.1985 -2.4980 0.9776
4.9033 1.3754 -2.4980 0.9776
4.8510 1.5505 -2.4981 0.9776
4.7924 1.7237 -2.4982 0.9776
4.4970 2.3922 -2.4986 0.9776
4.4085 2.5522 -2.4987 0.9776
4.3142 2.7090 -2.4988 0.9776
3.9986 3.1575 -2.4992 0.9776
3.8829 3.2992 -2.4993 0.9776
3.5063 3.6980 -2.4997 0.9776
3.2318 3.9399 -2.4996 0.9776
3.0879 4.0529 -2.4993 0.9776
2.9403 4.1609 -2.4992 0.9776
2.6342 4.3611 -2.4992 0.9776
2.4761 4.4531 -2.4993 0.9776
2.3149 4.5396 -2.4996 0.9776
2.1508 4.6205 -2.5000 0.9775
1.8146 4.7649 -2.5011 0.9775
1.6427 4.8280 -2.5016 0.9775
1.4684 4.8842 -2.5017 0.9775
0.9351 5.0147 -2.5022 0.9775
0.3907 5.0871 -2.5027 0.9775
0.2078 5.0982 -2.5029 0.9775
0.0247 5.1027 -2.5030 0.9775
-0.1585 5.1006 -2.5032 0.9775
-0.5241 5.0767 -2.5035 0.9775
-0.7060 5.0550 -2.5036 0.9775
-0.8871 5.0267 -2.5038 0.9775
-1.2456 4.9506 -2.5041 0.9775
-1.5977 4.8491 -2.5044 0.9775
-1.7708 4.7889 -2.5045 0.9775
-1.9417 4.7225 -2.5046 0.9775
-2.2757 4.5715 -2.5049 0.9775
-2.5981 4.3968 -2.5051 0.9775
-2.7544 4.3009 -2.5052 0.9775
-3.8611 3.3455 -2.5060 0.9775
-4.0914 3.0600 -2.5061 0.9775
-4.1987 2.9112 -2.5062 0.9775
-4.3006 2.7587 -2.5063 0.9775
-4.4876 2.4432 -2.5064 0.9775
-4.7244 1.9467 -2.5065 0.9775
-4.8520 1.6027 -2.5065 0.9775
-4.9545 1.2505 -2.5065 0.9775
-4.9962 1.0719 -2.5065 0.9775
-5.0314 0.8918 -2.5065 0.9775
-5.0980 0.3458 -2.5064 0.9775
-5.1095 -0.0208 -2.5064 0.9775
-5.0947 -0.3874 -2.5063 0.9775
-5.0774 -0.5700 -2.5062 0.9775
-5.0232 -0.9327 -2.5061 0.9775
-4.9863 -1.1124 -2.5060 0.9775
-4.7068 -1.9845 -2.5056 0.9775
-4.6323 -2.1521 -2.5055 0.9775
-4.5519 -2.3169 -2.5054 0.9775
-4.4656 -2.4787 -2.5053 0.9775
-4.2759 -2.7924 -2.5051 0.9775
-4.1727 -2.9439 -2.5050 0.9775
-4.0641 -3.0917 -2.5048 0.9775
-3.5791 -3.6407 -2.5043 0.9775
-3.3083 -3.8877 -2.5040 0.9775
-3.1664 -4.0037 -2.5039 0.9775
-2.8707 -4.2200 -2.5036 0.9775
-2.7172 -4.3201 -2.5034 0.9775
-2.3999 -4.5033 -2.5031 0.9775
-2.0704 -4.6633 -2.5028 0.9775
-1.9016 -4.7343 -2.5026 0.9775
-1.5568 -4.8579 -2.5023 0.9775
-1.2041 -4.9564 -2.5020 0.9775
-1.0254 -4.9961 -2.5018 0.9775
-0.4822 -5.0764 -2.5013 0.9775
-0.2997 -5.0902 -2.5012 0.9775
-0.1168 -5.0973 -2.5010 0.9775
0.0663 -5.0979 -2.5008 0.9775
0.2492 -5.0919 -2.5007 0.9775
0.9751 -5.0026 -2.5001 0.9775
1.1540 -4.9641 -2.4999 0.9775
1.3314 -4.9192 -2.4998 0.9776
1.5070 -4.8680 -2.4997 0.9776
1.6807 -4.8105 -2.4995 0.9776
1.8522 -4.7468 -2.4994 0.9776
2.0212 -4.6770 -2.4992 0.9776
2.1877 -4.6012 -2.4991 0.9776
2.3513 -4.5195 -2.4990 0.9776
2.6693 -4.3387 -2.4988 0.9776
2.9734 -4.1357 -2.4985 0.9776
3.2622 -3.9114 -2.4983 0.9776
3.5341 -3.6670 -2.4982 0.9776
3.6634 -3.5377 -2.4981 0.9776
3.7879 -3.4038 -2.4980 0.9776
3.9075 -3.2655 -2.4979 0.9776
4.0221 -3.1231 -2.4978 0.9776
4.1315 -2.9766 -2.4978 0.9776
4.2356 -2.8263 -2.4977 0.9776
4.3342 -2.6724 -2.4977 0.9776
4.5146 -2.3545 -2.4976 0.9776
4.7414 -1.8555 -2.4975 0.9776
4.8049 -1.6841 -2.4975 0.9776
4.8622 -1.5105 -2.4975 0.9776
3.2780 -0.8907 -1.6663 0.9850
3.2921 -0.7688 -1.6583 0.9851
3.3232 -0.6512 -1.6611 0.9850
5.0905 0.1116 -2.4976 0.9776
5.0833 0.2942 -2.4976 0.9776
5.0493 0.6582 -2.4978 0.9776
5.0225 0.8390 -2.4978 0.9776
4.9893 1.0188 -2.4979 0.9776
4.9037 1.3742 -2.4980 0.9776
4.8513 1.5494 -2.4981 0.9776
4.6572 2.0621 -2.4984 0.9776
4.4976 2.3912 -2.4986 0.9776
4.4091 2.5512 -2.4987 0.9776
4.3149 2.7079 -2.4988 0.9776
4.1099 3.0108 -2.4991 0.9776
3.9993 3.1565 -2.4992 0.9776
3.8837 3.2982 -2.4993 0.9776
3.7630 3.4357 -2.4994 0.9776
3.6374 3.5687 -2.4996 0.9776
3.3724 3.8209 -2.4999 0.9776
2.6353 4.3605 -2.4992 0.9776
2.4772 4.4525 -2.4993 0.9776
2.3160 4.5391 -2.4996 0.9776
2.1519 4.6200 -2.5000 0.9775
1.9851 4.6951 -2.5005 0.9775
1.6439 4.8276 -2.5016 0.9775
1.4696 4.8838 -2.5017 0.9775
1.2934 4.9337 -2.5019 0.9775
0.7557 5.0452 -2.5024 0.9775
0.5742 5.0694 -2.5025 0.9775
0.2090 5.0981 -2.5029 0.9775
-0.1573 5.1007 -2.5032 0.9775
-1.0658 4.9921 -2.5039 0.9775
-1.2444 4.9509 -2.5041 0.9775
-1.4214 4.9034 -2.5042 0.9775
-1.5966 4.8494 -2.5044 0.9775
-2.2746 4.5720 -2.5049 0.9775
-2.7533 4.3016 -2.5052 0.9775
-2.9061 4.2002 -2.5054 0.9775
-3.0551 4.0933 -2.5055 0.9775
-3.4778 3.7416 -2.5058 0.9775
-3.6100 3.6145 -2.5058 0.9775
-3.8603 3.3464 -2.5060 0.9775
-4.0906 3.0610 -2.5061 0.9775
-4.4870 2.4442 -2.5064 0.9775
-4.5719 2.2816 -2.5064 0.9775
-4.8516 1.6039 -2.5065 0.9775
-4.9959 1.0731 -2.5065 0.9775
-5.0312 0.8930 -2.5065 0.9775
-5.0600 0.7119 -2.5065 0.9775
-5.0979 0.3470 -2.5064 0.9775
-5.1070 0.1638 -2.5064 0.9775
-5.1096 -0.0196 -2.5064 0.9775
-5.1055 -0.2030 -2.5063 0.9775
-5.0537 -0.7506 -2.5062 0.9775
-4.7756 -1.8132 -2.5057 0.9775
-4.7073 -1.9834 -2.5056 0.9775
-4.6329 -2.1510 -2.5055 0.9775
-4.5525 -2.3158 -2.5054 0.9775
-4.4662 -2.4776 -2.5053 0.9775
3.8849 2.8488 -2.4992 0.9785
3.7803 2.9866 -2.4993 0.9785
3.1871 3.6145 -2.5000 0.9785
2.9199 3.8343 -2.5003 0.9785
2.7806 3.9368 -2.5004 0.9785
2.6376 4.0343 -2.5005 0.9785
2.4912 4.1267 -2.5007 0.9785
2.3417 4.2137 -2.5008 0.9785
2.1890 4.2953 -2.5010 0.9785
2.0336 4.3713 -2.5011 0.9785
1.8755 4.4418 -2.5013 0.9785
0.7123 4.7707 -2.5024 0.9785
0.0222 4.8247 -2.5030 0.9785
-0.3241 4.8144 -2.5033 0.9785
-0.4967 4.7999 -2.5034 0.9785
-0.6687 4.7793 -2.5036 0.9785
-0.8399 4.7525 -2.5037 0.9785
-1.1788 4.6805 -2.5040 0.9785
-1.3461 4.6354 -2.5041 0.9785
-1.5117 4.5844 -2.5042 0.9785
-2.1527 4.3217 -2.5047 0.9785
-2.3065 4.2418 -2.5049 0.9785
-2.6051 4.0658 -2.5051 0.9785
-2.8903 3.8687 -2.5053 0.9785
-3.2898 3.5360 -2.5055 0.9785
-3.5353 3.2910 -2.5057 0.9785
-3.6512 3.1621 -2.5058 0.9785
-4.3235 2.1551 -2.5062 0.9785
-4.3981 1.9985 -2.5062 0.9785
-4.4671 1.8394 -2.5062 0.9785
-4.6390 1.3485 -2.5063 0.9785
-4.6845 1.1812 -2.5063 0.9785
-4.7571 0.8420 -2.5062 0.9785
-4.8200 0.3258 -2.5062 0.9785
-4.8285 0.1525 -2.5062 0.9785
-4.7777 -0.7120 -2.5059 0.9785
-4.7489 -0.8830 -2.5059 0.9785
-4.7141 -1.0529 -2.5058 0.9785
-4.6261 -1.3883 -2.5057 0.9785
-4.5732 -1.5534 -2.5056 0.9785
-4.5143 -1.7165 -2.5055 0.9785
-4.3031 -2.1916 -2.5052 0.9785
-4.2215 -2.3445 -2.5051 0.9785
-4.1345 -2.4944 -2.5050 0.9785
-4.0421 -2.6411 -2.5049 0.9785
-3.9445 -2.7844 -2.5048 0.9785
-3.8418 -2.9240 -2.5047 0.9785
-3.6218 -3.1918 -2.5044 0.9785
-3.5047 -3.3196 -2.5043 0.9785
-3.3831 -3.4431 -2.5042 0.9785
-3.2572 -3.5621 -2.5040 0.9785
-2.9929 -3.7862 -2.5038 0.9785
-2.8549 -3.8909 -2.5036 0.9785
-2.7133 -3.9907 -2.5035 0.9785
-2.5681 -4.0853 -2.5033 0.9785
-2.4197 -4.1746 -2.5032 0.9785
-2.2681 -4.2585 -2.5030 0.9785
-2.1137 -4.3369 -2.5029 0.9785
-1.6349 -4.5382 -2.5024 0.9785
-1.4709 -4.5936 -2.5023 0.9785
-1.3050 -4.6432 -2.5021 0.9785
-0.7981 -4.7557 -2.5017 0.9785
-0.6269 -4.7810 -2.5015 0.9785
-0.4548 -4.8001 -2.5014 0.9785
-0.2822 -4.8131 -2.5012 0.9785
-0.1093 -4.8198 -2.5011 0.9785
0.0638 -4.8203 -2.5009 0.9785
0.4094 -4.8028 -2.5006 0.9785
0.9232 -4.7301 -2.5002 0.9785
1.2600 -4.6512 -2.4999 0.9785
1.5903 -4.5483 -2.4996 0.9785
1.9123 -4.4221 -2.4994 0.9785
2.0697 -4.3504 -2.4993 0.9785
2.3763 -4.1903 -2.4990 0.9785
2.6705 -4.0086 -2.4988 0.9785
2.8126 -3.9100 -2.4987 0.9785
3.0856 -3.6979 -2.4985 0.9785
3.2163 -3.5846 -2.4984 0.9785
3.3428 -3.4668 -2.4984 0.9785
3.4649 -3.3444 -2.4983 0.9785
3.5826 -3.2178 -2.4982 0.9785
3.6957 -3.0870 -2.4981 0.9785
3.9075 -2.8138 -2.4980 0.9785
4.2696 -2.2254 -2.4978 0.9785
4.3467 -2.0707 -2.4978 0.9785
4.4840 -1.7535 -2.4977 0.9785
4.5440 -1.5914 -2.4977 0.9785
3.3001 -0.7698 -1.7580 0.9848
3.3268 -0.6511 -1.7586 0.9848
3.4441 -0.5465 -1.8091 0.9844
3.4922 -0.4262 -1.8251 0.9843
4.7971 -0.4114 -2.4977 0.9785
4.8143 -0.0662 -2.4978 0.9785
4.8068 0.2794 -2.4979 0.9785
4.7938 0.4517 -2.4979 0.9785
4.7746 0.6235 -2.4980 0.9785
4.7492 0.7945 -2.4980 0.9785
4.7178 0.9645 -2.4981 0.9785
4.6802 1.1333 -2.4982 0.9785
4.6367 1.3006 -2.4982 0.9785
4.5871 1.4662 -2.4983 0.9785
4.5317 1.6300 -2.4984 0.9785
4.4034 1.9510 -2.4986 0.9785
4.3307 2.1079 -2.4987 0.9785
4.0795 2.5616 -2.4990 0.9785
3.5574 3.2496 -2.4996 0.9785
3.4387 3.3754 -2.4997 0.9785
3.3155 3.4968 -2.4998 0.9785
2.6386 4.0337 -2.5005 0.9785
2.4922 4.1261 -2.5007 0.9785
2.3427 4.2131 -2.5008 0.9785
2.1901 4.2947 -2.5010 0.9785
1.8765 4.4413 -2.5013 0.9785
1.5532 4.5651 -2.5016 0.9785
1.3885 4.6182 -2.5017 0.9785
1.2219 4.6653 -2.5019 0.9785
1.0537 4.7064 -2.5021 0.9785
0.8841 4.7415 -2.5022 0.9785
0.7134 4.7705 -2.5024 0.9785
0.5418 4.7933 -2.5025 0.9785
0.3694 4.8100 -2.5027 0.9785
-0.1499 4.8227 -2.5031 0.9785
-0.4955 4.8001 -2.5034 0.9785
-0.6676 4.7795 -2.5035 0.9785
-0.8387 4.7527 -2.5037 0.9785
-1.8358 4.4650 -2.5045 0.9785
-2.1516 4.3222 -2.5047 0.9785
-2.4564 4.1571 -2.5050 0.9785
-2.6042 4.0664 -2.5051 0.9785
-2.8894 3.8694 -2.5053 0.9785
-3.2890 3.5367 -2.5055 0.9785
-3.4139 3.4165 -2.5056 0.9785
-3.5345 3.2919 -2.5057 0.9785
-3.7618 3.0300 -2.5059 0.9785
-3.9696 2.7524 -2.5060 0.9785
-4.2428 2.3099 -2.5061 0.9785
-4.4667 1.8405 -2.5062 0.9785
-4.5299 1.6790 -2.5062 0.9785
-4.6842 1.1823 -2.5063 0.9785
-4.7236 1.0134 -2.5063 0.9785
-4.7569 0.8432 -2.5062 0.9785
-4.8199 0.3269 -2.5062 0.9785
-4.8284 0.1537 -2.5062 0.9785
-4.8269 -0.1931 -2.5061 0.9785
-4.8004 -0.5389 -2.5060 0.9785
-4.7143 -1.0517 -2.5058 0.9785
-4.5147 -1.7154 -2.5055 0.9785
-4.3797 -2.0347 -2.5053 0.9785
-4.3037 -2.1905 -2.5052 0.9785
-4.2221 -2.3435 -2.5051 0.9785
-3.6226 -3.1909 -2.5044 0.9785
-3.5055 -3.3187 -2.5043 0.9785
-3.3840 -3.4422 -2.5042 0.9785
-2.7142 -3.9900 -2.5035 0.9785
-2.1147 -4.3364 -2.5029 0.9785
-1.6360 -4.5378 -2.5024 0.9785
-1.4720 -4.5933 -2.5023 0.9785
-1.3061 -4.6429 -2.5021 0.9785
-1.1385 -4.6865 -2.5020 0.9785
-0.9695 -4.7240 -2.5018 0.9785
-0.4560 -4.8000 -2.5014 0.9785
0.2356 -4.8147 -2.5008 0.9785
0.7517 -4.7606 -2.5003 0.9785
1.0912 -4.6939 -2.5000 0.9785
1.4250 -4.6030 -2.4998 0.9785
1.5892 -4.5487 -2.4996 0.9785
1.9113 -4.4225 -2.4994 0.9785
2.0687 -4.3509 -2.4993 0.9785
2.3753 -4.1908 -2.4990 0.9785
2.5241 -4.1027 -2.4989 0.9785
2.6696 -4.0093 -2.4988 0.9785
3.0848 -3.6986 -2.4985 0.9785
3.2154 -3.5854 -2.4984 0.9785
3.4641 -3.3452 -2.4983 0.9785
3.9068 -2.8147 -2.4980 0.9785
4.0052 -2.6726 -2.4980 0.9785
4.0985 -2.5271 -2.4979 0.9785
4.1865 -2.3783 -2.4979 0.9785
4.2691 -2.2265 -2.4978 0.9785
4.4835 -1.7546 -2.4977 0.9785
4.5978 -1.4284 -2.4977 0.9785
4.7970 -0.4126 -2.4977 0.9785
4.8087 -0.2401 -2.4978 0.9785
4.8143 -0.0674 -2.4978 0.9785
4.7939 0.4506 -2.4979 0.9785
4.6370 1.2995 -2.4982 0.9785
4.5875 1.4651 -2.4983 0.9785
4.4039 1.9500 -2.4986 0.9785
4.0801 2.5606 -2.4990 0.9785
3.9858 2.7055 -2.4991 0.9785
3.8863 2.8470 -2.4992 0.9785
3.7817 2.9848 -2.4993 0.9785
3.5582 3.2487 -2.4996 0.9785
3.3163 3.4960 -2.4998 0.9785
2.7825 3.9355 -2.5004 0.9785
2.6395 4.0331 -2.5005 0.9785
2.4932 4.1255 -2.5007 0.9785
2.3437 4.2125 -2.5008 0.9785
2.0357 4.3703 -2.5011 0.9785
1.8776 4.4409 -2.5013 0.9785
1.2230 4.6650 -2.5019 0.9785
1.0548 4.7062 -2.5020 0.9785
0.8853 4.7413 -2.5022 0.9785
0.7146 4.7703 -2.5024 0.9785
0.5429 4.7932 -2.5025 0.9785
0.1976 4.8204 -2.5028 0.9785
-0.1487 4.8227 -2.5031 0.9785
-0.4944 4.8002 -2.5034 0.9785
-0.8376 4.7529 -2.5037 0.9785
-1.0077 4.7200 -2.5038 0.9785
-1.1766 4.6811 -2.5040 0.9785
-1.5095 4.5851 -2.5042 0.9785
-1.6732 4.5282 -2.5044 0.9785
-1.8348 4.4654 -2.5045 0.9785
-1.9940 4.3969 -2.5046 0.9785
-2.1506 4.3227 -2.5047 0.9785
-2.6032 4.0670 -2.5051 0.9785
-2.7476 3.9711 -2.5052 0.9785
-3.2881 3.5375 -2.5055 0.9785
-3.4131 3.4173 -2.5056 0.9785
-3.6497 3.1639 -2.5058 0.9785
-3.9690 2.7534 -2.5060 0.9785
-4.0653 2.6092 -2.5060 0.9785
-4.1565 2.4616 -2.5061 0.9785
-4.2422 2.3109 -2.5061 0.9785
-4.3225 2.1572 -2.5062 0.9785
-4.3972 2.0007 -2.5062 0.9785
-4.4662 1.8415 -2.5062 0.9785
-4.5295 1.6801 -2.5062 0.9785
-4.6839 1.1834 -2.5063 0.9785
-4.7233 1.0145 -2.5063 0.9785
-4.7567 0.8443 -2.5063 0.9785
-4.8198 0.3281 -2.5062 0.9785
-4.8308 -0.0185 -2.5061 0.9785
-4.8169 -0.3651 -2.5060 0.9785
-4.7780 -0.7097 -2.5059 0.9785
-4.7494 -0.8807 -2.5059 0.9785
-4.6737 -1.2191 -2.5057 0.9785
-4.5739 -1.5512 -2.5056 0.9785
-4.0434 -2.6392 -2.5049 0.9785
3.6799 2.6986 -2.4994 0.9794
3.5809 2.8290 -2.4995 0.9794
3.4772 2.9559 -2.4996 0.9794
3.3690 3.0789 -2.4997 0.9794
2.4984 3.8214 -2.5006 0.9794
2.3598 3.9088 -2.5008 0.9794
2.2180 3.9912 -2.5009 0.9794
2.0735 4.0685 -2.5010 0.9794
1.6244 4.2686 -2.5015 0.9794
1.3141 4.3746 -2.5018 0.9794
0.8364 4.4913 -2.5022 0.9794
0.6746 4.5187 -2.5023 0.9794
0.5120 4.5403 -2.5025 0.9794
0.1850 4.5658 -2.5028 0.9794
0.0210 4.5698 -2.5029 0.9794
-0.4705 4.5463 -2.5033 0.9794
-0.6334 4.5268 -2.5035 0.9794
-0.7955 4.5013 -2.5036 0.9794
-1.1165 4.4331 -2.5039 0.9794
-1.2750 4.3904 -2.5040 0.9794
-1.4318 4.3421 -2.5041 0.9794
-1.5868 4.2881 -2.5042 0.9794
-1.7398 4.2285 -2.5044 0.9794
-1.8906 4.1636 -2.5045 0.9794
-2.0389 4.0932 -2.5046 0.9794
-2.1846 4.0176 -2.5047 0.9794
-2.3275 3.9367 -2.5048 0.9794
-2.4674 3.8508 -2.5049 0.9794
-2.6041 3.7599 -2.5050 0.9794
-2.8674 3.5636 -2.5052 0.9794
-3.2342 3.2351 -2.5054 0.9794
-3.3483 3.1170 -2.5055 0.9794
-3.4581 2.9949 -2.5056 0.9794
-3.5635 2.8689 -2.5056 0.9794
-3.6643 2.7392 -2.5057 0.9794
-3.8515 2.4693 -2.5058 0.9794
-3.9377 2.3295 -2.5059 0.9794
-4.2906 1.5891 -2.5060 0.9793
-4.3936 1.2772 -2.5060 0.9793
-4.4367 1.1187 -2.5060 0.9793
-4.5055 0.7975 -2.5060 0.9793
-4.5650 0.3085 -2.5060 0.9793
-4.5731 0.1445 -2.5059 0.9793
-4.5715 -0.1840 -2.5059 0.9794
-4.5619 -0.3480 -2.5058 0.9794
-4.5464 -0.5115 -2.5058 0.9794
-4.4978 -0.8363 -2.5057 0.9794
-4.4648 -0.9972 -2.5056 0.9794
-4.4260 -1.1568 -2.5055 0.9794
-4.3815 -1.3148 -2.5055 0.9794
-4.3313 -1.4712 -2.5054 0.9794
-4.2756 -1.6257 -2.5053 0.9794
-4.0756 -2.0757 -2.5050 0.9794
-3.9983 -2.2205 -2.5050 0.9794
-3.9159 -2.3625 -2.5049 0.9794
-3.6387 -2.7694 -2.5045 0.9794
-3.4304 -3.0231 -2.5043 0.9794
-3.3195 -3.1441 -2.5042 0.9794
-3.2043 -3.2611 -2.5040 0.9794
-2.8347 -3.5861 -2.5037 0.9794
-2.7041 -3.6853 -2.5035 0.9794
-2.4324 -3.8694 -2.5033 0.9794
-2.0020 -4.1078 -2.5028 0.9794
-1.7020 -4.2403 -2.5025 0.9794
-1.5486 -4.2985 -2.5024 0.9794
-1.2361 -4.3980 -2.5021 0.9794
-0.7560 -4.5046 -2.5017 0.9794
-0.5938 -4.5285 -2.5015 0.9794
-0.1035 -4.5654 -2.5011 0.9794
0.0604 -4.5659 -2.5010 0.9794
0.2243 -4.5605 -2.5008 0.9794
0.3878 -4.5493 -2.5007 0.9794
0.5508 -4.5322 -2.5005 0.9794
0.7131 -4.5092 -2.5004 0.9794
1.0347 -4.4460 -2.5001 0.9794
1.1935 -4.4057 -2.5000 0.9794
1.3508 -4.3598 -2.4999 0.9794
1.5064 -4.3083 -2.4998 0.9794
1.6600 -4.2513 -2.4996 0.9794
1.8114 -4.1887 -2.4995 0.9794
2.1071 -4.0476 -2.4993 0.9794
2.2509 -3.9692 -2.4992 0.9794
2.3919 -3.8857 -2.4991 0.9794
2.5297 -3.7972 -2.4990 0.9794
2.7954 -3.6056 -2.4988 0.9794
2.9229 -3.5029 -2.4987 0.9794
3.0466 -3.3956 -2.4986 0.9794
3.5008 -2.9243 -2.4983 0.9794
3.9663 -2.2520 -2.4981 0.9794
4.1175 -1.9615 -2.4980 0.9794
4.3557 -1.3520 -2.4979 0.9794
3.3089 -0.7718 -1.8609 0.9846
3.4376 -0.5455 -1.9064 0.9843
3.5060 -0.4279 -1.9345 0.9840
4.5441 -0.3897 -2.4980 0.9794
4.5605 -0.0627 -2.4980 0.9794
4.5599 0.1010 -2.4981 0.9794
4.5228 0.5907 -2.4982 0.9794
4.4988 0.7526 -2.4982 0.9794
4.4690 0.9137 -2.4983 0.9794
4.4334 1.0735 -2.4984 0.9794
4.3452 1.3889 -2.4985 0.9794
4.2927 1.5440 -2.4986 0.9794
4.2347 1.6972 -2.4987 0.9794
4.1712 1.8481 -2.4988 0.9794
4.1023 1.9967 -2.4989 0.9794
3.8643 2.4265 -2.4991 0.9794
3.7749 2.5637 -2.4993 0.9794
3.5816 2.8282 -2.4995 0.9794
3.1405 3.3123 -2.5000 0.9794
3.0198 3.4230 -2.5001 0.9794
2.8951 3.5294 -2.5002 0.9794
2.7667 3.6313 -2.5003 0.9794
2.4993 3.8208 -2.5006 0.9794
2.2190 3.9907 -2.5009 0.9794
1.6254 4.2682 -2.5015 0.9794
1.4712 4.3240 -2.5016 0.9794
1.1573 4.4189 -2.5019 0.9794
0.8374 4.4911 -2.5022 0.9794
0.5131 4.5401 -2.5025 0.9794
0.0221 4.5698 -2.5029 0.9794
-0.1420 4.5679 -2.5031 0.9794
-0.4694 4.5464 -2.5033 0.9794
-0.6323 4.5269 -2.5035 0.9794
-0.7944 4.5015 -2.5036 0.9794
-0.9555 4.4704 -2.5037 0.9794
-1.1154 4.4334 -2.5039 0.9794
-1.2739 4.3907 -2.5040 0.9794
-1.4308 4.3424 -2.5041 0.9794
-2.1836 4.0181 -2.5047 0.9794
-2.3265 3.9373 -2.5048 0.9794
-2.6032 3.7605 -2.5050 0.9794
-2.7366 3.6648 -2.5051 0.9794
-2.8665 3.5643 -2.5052 0.9794
-3.2334 3.2358 -2.5054 0.9794
-3.3476 3.1178 -2.5055 0.9794
-3.4574 2.9957 -2.5056 0.9794
-3.6636 2.7401 -2.5057 0.9794
-3.7597 2.6069 -2.5058 0.9794
-3.8509 2.4703 -2.5058 0.9794
-3.9372 2.3305 -2.5059 0.9794
-4.1651 1.8938 -2.5060 0.9793
-4.2304 1.7431 -2.5060 0.9793
-4.2903 1.5902 -2.5060 0.9793
-4.3933 1.2783 -2.5060 0.9793
-4.4364 1.1198 -2.5060 0.9793
-4.5053 0.7986 -2.5060 0.9793
-4.5310 0.6363 -2.5060 0.9793
-4.5509 0.4733 -2.5060 0.9793
-4.5731 0.1456 -2.5059 0.9793
-4.5252 -0.6732 -2.5057 0.9794
-4.4980 -0.8352 -2.5057 0.9794
-4.4262 -1.1557 -2.5055 0.9794
-4.3818 -1.3138 -2.5055 0.9794
-4.3317 -1.4702 -2.5054 0.9794
-4.2760 -1.6247 -2.5053 0.9794
-4.2148 -1.7771 -2.5052 0.9794
-4.1481 -1.9271 -2.5051 0.9794
-4.0761 -2.0747 -2.5051 0.9794
-3.9988 -2.2196 -2.5050 0.9794
-3.9164 -2.3616 -2.5049 0.9794
-3.8290 -2.5006 -2.5047 0.9794
-3.4311 -3.0223 -2.5043 0.9794
-3.0859 -3.3731 -2.5039 0.9794
-2.9626 -3.4815 -2.5038 0.9794
-2.7049 -3.6847 -2.5035 0.9794
-2.5708 -3.7792 -2.5034 0.9794
-2.1493 -4.0330 -2.5030 0.9794
-2.0030 -4.1073 -2.5028 0.9794
-1.8542 -4.1763 -2.5027 0.9794
-1.7030 -4.2399 -2.5025 0.9794
-1.3943 -4.3507 -2.5023 0.9794
-0.7571 -4.5044 -2.5017 0.9794
-0.5949 -4.5284 -2.5015 0.9794
-0.2684 -4.5589 -2.5012 0.9794
0.0594 -4.5659 -2.5010 0.9794
0.2232 -4.5605 -2.5008 0.9794
0.8734 -4.4807 -2.5003 0.9794
1.0336 -4.4462 -2.5001 0.9794
1.1925 -4.4060 -2.5000 0.9794
1.5054 -4.3087 -2.4998 0.9794
1.6590 -4.2517 -2.4996 0.9794
1.8104 -4.1892 -2.4995 0.9794
1.9595 -4.1213 -2.4994 0.9794
2.1061 -4.0481 -2.4993 0.9794
2.5288 -3.7978 -2.4990 0.9794
2.7945 -3.6063 -2.4988 0.9794
3.2814 -3.1688 -2.4985 0.9794
3.3930 -3.0489 -2.4984 0.9794
3.5001 -2.9251 -2.4983 0.9794
3.7008 -2.6663 -2.4982 0.9794
3.7940 -2.5317 -2.4982 0.9794
3.8824 -2.3938 -2.4981 0.9794
3.9658 -2.2529 -2.4981 0.9794
4.1848 -1.8135 -2.4980 0.9794
4.2472 -1.6621 -2.4980 0.9794
3.4107 -0.9267 -1.9358 0.9840
3.3090 -0.7727 -1.8611 0.9846
4.5534 0.2635 -2.4981 0.9794
4.5411 0.4268 -2.4981 0.9794
4.5230 0.5896 -2.4982 0.9794
4.4337 1.0724 -2.4984 0.9794
4.3456 1.3879 -2.4985 0.9794
4.2931 1.5430 -2.4986 0.9794
4.2351 1.6961 -2.4987 0.9794
4.1716 1.8471 -2.4988 0.9794
4.0286 2.1418 -2.4989 0.9794
3.7755 2.5628 -2.4993 0.9794
3.4786 2.9542 -2.4996 0.9794
3.1413 3.3115 -2.5000 0.9794
2.6356 3.7278 -2.5005 0.9794
2.5002 3.8202 -2.5006 0.9794
2.2200 3.9902 -2.5009 0.9794
2.0754 4.0675 -2.5010 0.9794
1.3162 4.3740 -2.5018 0.9794
0.0232 4.5698 -2.5029 0.9794
-0.1409 4.5679 -2.5031 0.9794
-0.4683 4.5465 -2.5033 0.9794
-0.6312 4.5271 -2.5035 0.9794
-1.1144 4.4337 -2.5039 0.9794
-1.4297 4.3427 -2.5041 0.9794
-1.5848 4.2888 -2.5042 0.9794
-1.8886 4.1645 -2.5045 0.9794
-2.1827 4.0186 -2.5047 0.9794
-2.4655 3.8520 -2.5049 0.9794
-2.7358 3.6654 -2.5051 0.9794
-2.8657 3.5650 -2.5052 0.9794
-2.9919 3.4600 -2.5053 0.9794
-3.2326 3.2366 -2.5054 0.9794
-3.7591 2.6078 -2.5058 0.9794
-3.8503 2.4712 -2.5058 0.9794
-3.9366 2.3314 -2.5059 0.9794
-4.0939 2.0431 -2.5059 0.9793
-4.3443 1.4362 -2.5060 0.9793
-4.4361 1.1208 -2.5060 0.9793
-4.5051 0.7997 -2.5060 0.9793
-4.5309 0.6374 -2.5060 0.9793
-4.5508 0.4744 -2.5060 0.9793
-4.5466 -0.5093 -2.5058 0.9794
-4.5253 -0.6721 -2.5057 0.9794
-4.4652 -0.9950 -2.5056 0.9794
-4.4265 -1.1546 -2.5055 0.9794
-4.2152 -1.7760 -2.5052 0.9794
-4.1486 -1.9261 -2.5051 0.9794
-4.0766 -2.0737 -2.5051 0.9794
-3.9170 -2.3607 -2.5049 0.9794
-3.8296 -2.4996 -2.5047 0.9794
3.4912 2.5601 -2.4995 0.9802
3.2988 2.8042 -2.4997 0.9802
2.8640 3.2481 -2.5002 0.9802
2.7457 3.3490 -2.5003 0.9802
2.6239 3.4455 -2.5004 0.9802
2.4986 3.5377 -2.5006 0.9802
2.3702 3.6253 -2.5007 0.9802
2.1042 3.7864 -2.5010 0.9802
1.8273 3.9280 -2.5012 0.9802
1.6852 3.9913 -2.5014 0.9802
1.5410 4.0494 -2.5015 0.9802
0.7934 4.2607 -2.5022 0.9802
-0.2912 4.3258 -2.5031 0.9802
-0.4463 4.3127 -2.5033 0.9802
-0.6008 4.2942 -2.5034 0.9802
-0.9075 4.2404 -2.5036 0.9802
-1.0591 4.2053 -2.5038 0.9802
-1.2095 4.1648 -2.5039 0.9802
-1.6504 4.0112 -2.5042 0.9802
-2.0723 3.8110 -2.5046 0.9802
-2.2079 3.7343 -2.5047 0.9802
-2.3406 3.6528 -2.5048 0.9802
-2.4703 3.5666 -2.5048 0.9802
-2.8396 3.2807 -2.5051 0.9802
-2.9557 3.1768 -2.5052 0.9802
-3.1761 2.9567 -2.5053 0.9802
-3.2803 2.8409 -2.5054 0.9802
-3.3803 2.7214 -2.5055 0.9802
-3.6534 2.3424 -2.5056 0.9802
-3.7352 2.2098 -2.5057 0.9802
-3.8122 2.0743 -2.5057 0.9802
-3.9513 1.7955 -2.5058 0.9802
-4.0700 1.5074 -2.5058 0.9802
-4.1215 1.3603 -2.5058 0.9802
-4.2085 1.0612 -2.5058 0.9802
-4.2439 0.9094 -2.5058 0.9802
-4.2738 0.7565 -2.5058 0.9802
-4.3302 0.2927 -2.5058 0.9802
-4.3364 -0.1745 -2.5057 0.9802
-4.3126 -0.4852 -2.5056 0.9802
-4.2923 -0.6396 -2.5055 0.9802
-4.2352 -0.9459 -2.5054 0.9802
-4.1562 -1.2472 -2.5053 0.9802
-4.1086 -1.3956 -2.5052 0.9802
-4.0557 -1.5421 -2.5051 0.9802
-3.9344 -1.8290 -2.5050 0.9802
-3.7928 -2.1064 -2.5048 0.9802
-3.7146 -2.2411 -2.5047 0.9802
-3.6316 -2.3729 -2.5046 0.9802
-3.5439 -2.5016 -2.5045 0.9802
-3.4517 -2.6271 -2.5044 0.9802
-3.3550 -2.7492 -2.5043 0.9802
-3.1489 -2.9825 -2.5041 0.9802
-3.0397 -3.0935 -2.5039 0.9802
-2.6891 -3.4018 -2.5036 0.9802
-2.0380 -3.8263 -2.5029 0.9802
-1.4690 -4.0777 -2.5024 0.9802
-1.1726 -4.1721 -2.5021 0.9802
-0.2536 -4.3249 -2.5013 0.9802
-0.0982 -4.3310 -2.5011 0.9802
0.5226 -4.2996 -2.5006 0.9802
0.6765 -4.2778 -2.5005 0.9802
0.8296 -4.2506 -2.5004 0.9802
0.9816 -4.2178 -2.5002 0.9802
1.1323 -4.1797 -2.5001 0.9802
1.2815 -4.1361 -2.5000 0.9802
1.4291 -4.0873 -2.4999 0.9802
1.5748 -4.0332 -2.4998 0.9802
1.8600 -3.9094 -2.4995 0.9802
1.9990 -3.8400 -2.4994 0.9802
2.2692 -3.6864 -2.4992 0.9802
2.5276 -3.5138 -2.4991 0.9802
2.7730 -3.3232 -2.4989 0.9802
3.0041 -3.1155 -2.4987 0.9802
3.4187 -2.6532 -2.4985 0.9802
3.7629 -2.1365 -2.4983 0.9802
3.8371 -2.0000 -2.4982 0.9802
3.9064 -1.8610 -2.4982 0.9802
4.0298 -1.5759 -2.4982 0.9802
4.1324 -1.2827 -2.4981 0.9802
3.4327 -0.5447 -2.0066 0.9841
4.3217 -0.2148 -2.4982 0.9802
4.3266 -0.0595 -2.4982 0.9802
4.3261 0.0958 -2.4983 0.9802
4.3199 0.2511 -2.4983 0.9802
4.3082 0.4060 -2.4983 0.9802
4.2681 0.7140 -2.4984 0.9802
4.2398 0.8668 -2.4985 0.9802
4.1224 1.3177 -2.4987 0.9802
4.0726 1.4648 -2.4988 0.9802
3.9572 1.7533 -2.4989 0.9802
3.7462 2.1688 -2.4992 0.9802
3.5812 2.4322 -2.4994 0.9802
3.3978 2.6831 -2.4996 0.9802
3.2995 2.8034 -2.4997 0.9802
3.0901 3.0332 -2.4999 0.9802
2.7465 3.3483 -2.5003 0.9802
2.6247 3.4449 -2.5004 0.9802
2.4995 3.5371 -2.5006 0.9802
2.3710 3.6247 -2.5007 0.9802
1.9680 3.8592 -2.5011 0.9802
1.8283 3.9276 -2.5012 0.9802
1.2476 4.1497 -2.5018 0.9802
0.9468 4.2290 -2.5020 0.9802
0.7944 4.2605 -2.5022 0.9802
0.6410 4.2865 -2.5023 0.9802
0.4868 4.3070 -2.5025 0.9802
0.3319 4.3219 -2.5026 0.9802
0.1765 4.3313 -2.5027 0.9802
-0.1347 4.3332 -2.5030 0.9802
-0.2901 4.3258 -2.5031 0.9802
-0.5998 4.2943 -2.5034 0.9802
-0.9064 4.2406 -2.5036 0.9802
-1.0581 4.2056 -2.5038 0.9802
-1.5043 4.0680 -2.5041 0.9802
-1.6494 4.0116 -2.5042 0.9802
-1.7924 3.9500 -2.5043 0.9802
-1.9331 3.8833 -2.5045 0.9802
-2.0714 3.8115 -2.5046 0.9802
-2.2069 3.7349 -2.5047 0.9802
-2.3397 3.6534 -2.5048 0.9802
-2.4694 3.5672 -2.5048 0.9802
-2.5959 3.4764 -2.5049 0.9802
-2.9549 3.1775 -2.5052 0.9802
-3.0671 3.0695 -2.5053 0.9802
-3.3796 2.7222 -2.5055 0.9802
-3.4752 2.5992 -2.5055 0.9802
-3.5663 2.4728 -2.5056 0.9802
-3.7347 2.2106 -2.5057 0.9802
-3.8838 1.9371 -2.5057 0.9802
-3.9509 1.7964 -2.5058 0.9802
-4.1212 1.3613 -2.5058 0.9802
-4.1674 1.2125 -2.5058 0.9802
-4.2082 1.0622 -2.5058 0.9802
-4.2437 0.9104 -2.5058 0.9802
-4.2736 0.7575 -2.5058 0.9802
-4.2980 0.6036 -2.5058 0.9802
-4.3169 0.4490 -2.5058 0.9802
-4.3379 0.1381 -2.5057 0.9802
-4.3365 -0.1735 -2.5057 0.9802
-4.3274 -0.3290 -2.5056 0.9802
-4.3127 -0.4841 -2.5056 0.9802
-4.2925 -0.6386 -2.5055 0.9802
-4.1565 -1.2462 -2.5053 0.9802
-3.9981 -1.6857 -2.5051 0.9802
-3.9349 -1.8280 -2.5050 0.9802
-3.6322 -2.3720 -2.5046 0.9802
-3.5445 -2.5008 -2.5045 0.9802
-3.4523 -2.6263 -2.5044 0.9802
-3.3557 -2.7484 -2.5043 0.9802
-3.2547 -2.8669 -2.5042 0.9802
-3.0404 -3.0928 -2.5039 0.9802
-2.8104 -3.3026 -2.5037 0.9802
-2.6899 -3.4012 -2.5036 0.9802
-2.5660 -3.4954 -2.5035 0.9802
-2.0389 -3.8258 -2.5029 0.9802
-1.6155 -4.0222 -2.5025 0.9802
-1.4700 -4.0773 -2.5024 0.9802
-1.3227 -4.1273 -2.5022 0.9802
-1.0230 -4.2110 -2.5020 0.9802
-0.7182 -4.2731 -2.5017 0.9802
-0.5644 -4.2959 -2.5016 0.9802
0.0563 -4.3315 -2.5010 0.9802
0.6755 -4.2780 -2.5005 0.9802
1.4281 -4.0876 -2.4999 0.9802
1.8590 -3.9099 -2.4995 0.9802
1.9981 -3.8405 -2.4994 0.9802
2.3991 -3.6030 -2.4991 0.9802
2.5268 -3.5144 -2.4991 0.9802
2.6512 -3.4214 -2.4990 0.9802
2.8896 -3.2221 -2.4988 0.9802
3.0033 -3.1162 -2.4987 0.9802
3.2190 -2.8926 -2.4986 0.9802
3.5110 -2.5296 -2.4984 0.9802
3.6833 -2.2711 -2.4983 0.9802
4.0294 -1.5769 -2.4982 0.9802
4.1321 -1.2837 -2.4981 0.9802
4.1755 -1.1345 -2.4981 0.9802
3.4315 -0.5453 -2.0061 0.9841
3.5215 -0.4307 -2.0483 0.9837
4.3111 -0.3708 -2.4982 0.9802
4.3266 -0.0605 -2.4982 0.9802
4.3083 0.4049 -2.4983 0.9802
4.2910 0.5593 -2.4984 0.9802
4.2400 0.8658 -2.4985 0.9802
4.2063 1.0174 -2.4986 0.9802
4.1672 1.1678 -2.4986 0.9802
3.9577 1.7524 -2.4989 0.9802
3.8923 1.8934 -2.4990 0.9802
3.8220 2.0320 -2.4991 0.9802
3.6667 2.3011 -2.4993 0.9802
3.0908 3.0325 -2.4999 0.9802
2.8656 3.2467 -2.5002 0.9802
2.6255 3.4443 -2.5004 0.9802
2.5003 3.5365 -2.5006 0.9802
2.3719 3.6241 -2.5007 0.9802
1.9689 3.8587 -2.5011 0.9802
1.6872 3.9905 -2.5014 0.9802
1.2486 4.1494 -2.5018 0.9802
0.9478 4.2287 -2.5020 0.9802
0.1776 4.3312 -2.5027 0.9802
-0.1336 4.3333 -2.5030 0.9802
-0.2891 4.3259 -2.5031 0.9802
-0.4442 4.3130 -2.5033 0.9802
-0.5988 4.2945 -2.5034 0.9802
-0.7526 4.2704 -2.5035 0.9802
-0.9054 4.2409 -2.5036 0.9802
-1.2074 4.1654 -2.5039 0.9802
-1.3562 4.1196 -2.5040 0.9802
-1.6485 4.0120 -2.5042 0.9802
-1.7915 3.9504 -2.5043 0.9802
-2.0705 3.8120 -2.5046 0.9802
-2.2060 3.7354 -2.5047 0.9802
-2.3388 3.6540 -2.5048 0.9802
-2.4685 3.5678 -2.5048 0.9802
-2.9541 3.1782 -2.5052 0.9802
-3.0664 3.0702 -2.5053 0.9802
-3.1747 2.9582 -2.5053 0.9802
-3.2790 2.8424 -2.5054 0.9802
-3.3789 2.7230 -2.5055 0.9802
-3.5658 2.4737 -2.5056 0.9802
-3.7342 2.2115 -2.5057 0.9802
-3.8112 2.0761 -2.5057 0.9802
-3.8833 1.9380 -2.5057 0.9802
-3.9504 1.7974 -2.5058 0.9802
-4.1208 1.3623 -2.5058 0.9802
-4.2434 0.9115 -2.5058 0.9802
-4.2734 0.7585 -2.5058 0.9802
-4.2979 0.6047 -2.5058 0.9802
-4.3301 0.2948 -2.5058 0.9802
-4.3378 0.1391 -2.5057 0.9802
-4.3128 -0.4831 -2.5056 0.9802
-4.1093 -1.3936 -2.5052 0.9802
-4.0565 -1.5402 -2.5051 0.9802
-3.9985 -1.6847 -2.5051 0.9802
-3.9353 -1.8271 -2.5050 0.9802
-3.7938 -2.1046 -2.5048 0.9802
-3.6327 -2.3711 -2.5046 0.9802
