ply
format ascii 1.0
element vertex 10530
property float32 x
property float32 y
property float32 z
property float32 I
end_header
-45.7408 -10.0090 8.2562 0.8268
-36.4856 -15.2088 6.9699 0.8517
-33.9464 -17.1051 6.7026 0.8569
-33.6517 -20.1059 6.9121 0.8528
-32.2676 -22.5700 6.9434 0.8522
-35.8764 -29.1412 8.1499 0.8288
-4.8580 -14.9513 2.7720 0.9381
0.3838 -42.7579 7.5397 0.8406
1.8258 -40.6534 7.1755 0.8476
4.5239 -38.5935 6.8517 0.8540
7.6191 -39.9405 7.1696 0.8478
9.4159 -41.2536 7.4612 0.8421
13.1366 -43.0446 7.9355 0.8329
15.2568 -44.2374 8.2511 0.8269
43.8194 -5.5357 7.7880 0.8358
45.8483 -4.1264 8.1170 0.8295
35.9540 -1.9382 6.3489 0.8639
33.1284 0.5948 5.8424 0.8741
28.7247 2.5853 5.0854 0.8895
26.5050 4.3200 4.7352 0.8967
23.5391 5.5954 4.2662 0.9064
22.1085 6.9647 4.0872 0.9101
21.1491 7.5071 3.9571 0.9129
20.0622 7.9432 3.8047 0.9161
18.8257 8.2471 3.6240 0.9199
23.5501 13.5029 4.7867 0.8956
22.0698 13.7296 4.5831 0.8998
15.7688 10.6133 3.3516 0.9257
13.8479 10.0611 3.0182 0.9328
14.0011 10.9614 3.1354 0.9303
13.1817 11.9404 3.1361 0.9303
17.1600 16.7040 4.2226 0.9073
16.6308 17.3945 4.2434 0.9069
15.1595 18.3247 4.1935 0.9079
10.3971 13.5288 3.0086 0.9330
9.0676 13.7369 2.9023 0.9353
8.5524 14.0268 2.8968 0.9355
8.2431 14.6805 2.9687 0.9339
10.7121 20.7924 4.1242 0.9094
9.2354 21.6073 4.1434 0.9090
4.9910 16.3539 3.0149 0.9329
4.3636 16.3833 2.9895 0.9335
3.3274 17.4428 3.1311 0.9304
3.7863 24.6203 4.3923 0.9038
2.8936 24.6848 4.3824 0.9040
2.0322 25.1018 4.4406 0.9028
0.4012 8.9328 1.5767 0.9643
0.0796 8.8709 1.5642 0.9646
-3.7106 21.5459 3.8551 0.9150
-4.5491 21.7212 3.9131 0.9138
-7.6188 23.4481 4.3473 0.9047
-8.8362 24.2023 4.5430 0.9006
-9.9962 24.6000 4.6821 0.8978
-11.1836 24.9179 4.8159 0.8950
-16.3048 27.8545 5.6911 0.8771
-16.9122 18.3367 4.3985 0.9036
-21.5359 -5.5295 3.9205 0.9136
-41.6582 -12.3058 7.6592 0.8383
-40.1052 -13.4301 7.4576 0.8422
-38.2205 -14.3444 7.1983 0.8472
-33.9464 -17.1051 6.7026 0.8569
-33.6517 -20.1059 6.9121 0.8528
-32.2676 -22.5700 6.9434 0.8522
-35.8764 -29.1412 8.1499 0.8288
-4.8580 -14.9513 2.7720 0.9381
1.8258 -40.6533 7.1755 0.8476
4.5239 -38.5935 6.8517 0.8540
6.0688 -39.4624 7.0401 0.8503
7.6191 -39.9406 7.1696 0.8478
11.2936 -42.4017 7.7372 0.8368
15.2569 -44.2374 8.2511 0.8269
45.8483 -4.1264 8.1170 0.8295
17.4774 -0.3138 3.0822 0.9315
33.1284 0.5948 5.8424 0.8741
31.1963 1.6818 5.5087 0.8808
27.9169 3.5267 4.9616 0.8920
23.5391 5.5954 4.2662 0.9064
22.1085 6.9647 4.0872 0.9101
21.1490 7.5071 3.9571 0.9129
17.8499 9.3998 3.5572 0.9213
23.5501 13.5029 4.7867 0.8956
22.0698 13.7296 4.5831 0.8998
15.7688 10.6133 3.3516 0.9257
13.8479 10.0611 3.0182 0.9328
14.0011 10.9614 3.1353 0.9303
13.5191 11.3899 3.1170 0.9307
16.6308 17.3945 4.2434 0.9069
15.8611 17.8289 4.2077 0.9076
9.0676 13.7369 2.9023 0.9353
8.5524 14.0268 2.8968 0.9355
8.2431 14.6805 2.9687 0.9339
9.9917 21.2334 4.1378 0.9091
9.2354 21.6073 4.1434 0.9090
8.4758 21.9819 4.1541 0.9087
4.9910 16.3540 3.0149 0.9329
0.0796 8.8709 1.5643 0.9646
-1.2287 19.5295 3.4504 0.9236
-2.0265 20.4578 3.6249 0.9199
-2.8892 21.3292 3.7953 0.9163
-3.7106 21.5460 3.8551 0.9150
-6.4120 22.4456 4.1161 0.9095
-7.6188 23.4482 4.3473 0.9047
-11.1836 24.9179 4.8159 0.8950
-14.8432 27.5832 5.5232 0.8805
-18.8648 29.7261 6.2079 0.8668
-20.4364 29.7828 6.3690 0.8635
-38.2205 -14.3444 7.1983 0.8472
-33.9464 -17.1051 6.7026 0.8569
-34.0394 -18.7133 6.8493 0.8540
-33.6517 -20.1059 6.9121 0.8528
-33.2102 -21.4964 6.9755 0.8516
-32.2675 -22.5701 6.9434 0.8522
-33.8443 -25.5301 7.4751 0.8418
-35.8765 -29.1412 8.1499 0.8288
-4.8579 -14.9513 2.7720 0.9381
0.3838 -42.7579 7.5396 0.8406
1.8258 -40.6533 7.1755 0.8476
4.5239 -38.5935 6.8517 0.8540
7.6191 -39.9406 7.1696 0.8478
11.2936 -42.4017 7.7372 0.8368
13.1366 -43.0446 7.9355 0.8329
13.0015 -25.2361 5.0056 0.8911
43.8193 -5.5356 7.7879 0.8358
45.8483 -4.1264 8.1170 0.8295
17.4774 -0.3138 3.0822 0.9315
31.1963 1.6818 5.5087 0.8808
26.5050 4.3200 4.7352 0.8967
23.5391 5.5954 4.2662 0.9064
22.9316 6.3287 4.1946 0.9079
22.1085 6.9647 4.0872 0.9101
21.1490 7.5071 3.9571 0.9129
18.8257 8.2471 3.6240 0.9199
23.5501 13.5029 4.7867 0.8956
22.0698 13.7296 4.5831 0.8998
15.7687 10.6133 3.3516 0.9257
13.8479 10.0611 3.0182 0.9328
14.0011 10.9614 3.1353 0.9303
13.5191 11.3899 3.1170 0.9307
13.1817 11.9405 3.1361 0.9303
17.1600 16.7041 4.2226 0.9073
10.3971 13.5288 3.0086 0.9330
8.5524 14.0268 2.8968 0.9355
9.2354 21.6073 4.1434 0.9090
4.3636 16.3833 2.9895 0.9335
3.3274 17.4428 3.1311 0.9304
2.8935 24.6848 4.3824 0.9040
0.4012 8.9328 1.5767 0.9643
0.0796 8.8709 1.5643 0.9646
-0.5152 19.1281 3.3740 0.9252
-2.0265 20.4578 3.6249 0.9199
-5.4093 21.8816 3.9745 0.9125
-6.4120 22.4456 4.1161 0.9095
-8.8363 24.2023 4.5430 0.9006
-13.1091 26.6076 5.2302 0.8865
-20.4364 29.7828 6.3690 0.8635
-16.9122 18.3367 4.3985 0.9036
-45.7408 -10.0090 8.2562 0.8268
-21.5359 -5.5295 3.9205 0.9136
-41.6582 -12.3058 7.6592 0.8383
-40.1052 -13.4302 7.4576 0.8422
-38.2204 -14.3445 7.1983 0.8472
-36.4855 -15.2089 6.9699 0.8517
-34.9578 -16.0683 6.7840 0.8553
-33.9464 -17.1051 6.7026 0.8569
-34.0394 -18.7133 6.8493 0.8540
-33.2102 -21.4964 6.9755 0.8516
-32.2676 -22.5700 6.9434 0.8522
-4.8579 -14.9513 2.7720 0.9381
0.3839 -42.7579 7.5397 0.8406
4.5240 -38.5935 6.8517 0.8540
7.6191 -39.9406 7.1696 0.8478
9.4159 -41.2535 7.4612 0.8421
11.2936 -42.4017 7.7372 0.8368
13.1366 -43.0446 7.9355 0.8329
13.0015 -25.2361 5.0056 0.8911
43.8193 -5.5356 7.7879 0.8358
17.4774 -0.3137 3.0822 0.9315
31.1963 1.6818 5.5087 0.8808
28.7247 2.5853 5.0854 0.8895
27.9168 3.5267 4.9616 0.8920
26.5050 4.3200 4.7352 0.8967
24.6107 4.9241 4.4255 0.9031
22.9316 6.3287 4.1946 0.9079
17.8499 9.3998 3.5572 0.9213
22.0698 13.7296 4.5831 0.8998
13.1817 11.9405 3.1361 0.9303
17.1600 16.7041 4.2226 0.9073
15.1595 18.3247 4.1935 0.9079
9.0676 13.7369 2.9023 0.9353
8.4758 21.9819 4.1541 0.9087
4.3636 16.3833 2.9895 0.9335
3.3274 17.4428 3.1311 0.9304
2.8935 24.6848 4.3824 0.9040
2.0322 25.1018 4.4406 0.9028
-0.5152 19.1281 3.3740 0.9252
-2.0265 20.4578 3.6249 0.9199
-4.5491 21.7212 3.9131 0.9138
-6.4120 22.4457 4.1161 0.9095
-7.6188 23.4482 4.3473 0.9047
-8.8363 24.2023 4.5430 0.9006
-9.9962 24.6000 4.6821 0.8978
-14.8432 27.5832 5.5232 0.8805
-18.8648 29.7261 6.2079 0.8668
-45.8833 -10.0402 7.1954 0.8269
-21.5390 -5.5303 3.4067 0.9139
-41.6582 -12.3059 6.6544 0.8388
-38.1015 -14.2998 6.2345 0.8482
-34.0390 -18.7131 5.9506 0.8545
-33.6512 -20.1057 6.0052 0.8533
-33.2101 -21.4963 6.0604 0.8521
-32.2674 -22.5699 6.0324 0.8527
-33.8427 -25.5288 6.4942 0.8424
-4.8592 -14.9550 2.4089 0.9384
-1.2419 -46.1063 7.0658 0.8297
9.4161 -41.2547 6.4825 0.8426
11.2935 -42.4018 6.7222 0.8373
13.1366 -43.0447 6.8944 0.8335
17.7176 -45.9503 7.5445 0.8193
39.6657 -3.5700 6.1011 0.8512
28.7694 2.5893 4.4251 0.8897
25.2138 5.0448 3.9392 0.9012
23.0142 6.3515 3.6575 0.9079
20.0973 7.9571 3.3113 0.9162
18.4266 8.8738 3.1331 0.9206
17.9976 9.4776 3.1161 0.9210
23.5483 13.5018 4.1584 0.8960
22.2489 13.8411 4.0141 0.8994
13.8334 10.0506 2.6195 0.9331
13.5198 11.3905 2.7082 0.9310
17.1600 16.7040 3.6687 0.9076
15.4591 18.6868 3.7153 0.9065
10.4252 13.5654 2.6209 0.9331
9.5855 13.4455 2.5296 0.9354
9.0676 13.7369 2.5215 0.9356
8.5524 14.0267 2.5167 0.9357
8.2769 14.7407 2.5898 0.9339
10.8572 21.0741 3.6317 0.9085
10.1886 21.6520 3.6658 0.9077
5.6471 16.3738 2.6534 0.9323
4.3636 16.3833 2.5973 0.9337
3.3281 17.4464 2.7209 0.9306
3.7926 24.6615 3.8224 0.9040
-2.7651 27.9138 4.2972 0.8927
-3.7707 21.8952 3.4036 0.9140
-4.5843 21.8891 3.4260 0.9135
-5.4094 21.8815 3.4530 0.9128
-6.4120 22.4456 3.5761 0.9099
-7.7937 23.9865 3.8637 0.9030
-8.8814 24.3259 3.9672 0.9005
-11.3110 25.2018 4.2318 0.8942
-13.1074 26.6043 4.5434 0.8869
-14.8429 27.5828 4.7985 0.8810
-16.3574 27.9444 4.9604 0.8772
-20.8977 30.4552 5.6583 0.8612
-48.1863 -8.7445 7.5024 0.8202
-45.8833 -10.0402 7.1954 0.8269
-36.4856 -15.2089 6.0556 0.8522
-34.9579 -16.0683 5.8940 0.8558
-33.9457 -17.1047 5.8232 0.8574
-33.6512 -20.1057 6.0052 0.8533
-33.2101 -21.4963 6.0604 0.8521
-32.2674 -22.5699 6.0324 0.8527
-35.8746 -29.1397 7.0804 0.8294
-1.2419 -46.1062 7.0658 0.8297
1.8258 -40.6548 6.2344 0.8482
3.0575 -37.7658 5.8044 0.8579
4.5239 -38.5935 5.9528 0.8545
6.0688 -39.4625 6.1165 0.8508
7.6191 -39.9406 6.2291 0.8483
17.7176 -45.9503 7.5445 0.8193
11.5520 -22.4227 3.8641 0.9030
43.8192 -5.5356 6.7662 0.8363
39.6657 -3.5700 6.1011 0.8512
37.8085 -2.0382 5.8005 0.8579
17.4727 -0.3137 2.6772 0.9317
33.1283 0.5948 5.0759 0.8745
31.1953 1.6817 4.7859 0.8812
28.7694 2.5893 4.4251 0.8897
26.6992 4.3517 4.1441 0.8963
25.2138 5.0448 3.9392 0.9012
23.5390 5.5954 3.7065 0.9067
18.8256 8.2471 3.1486 0.9202
18.4266 8.8738 3.1331 0.9206
17.9976 9.4776 3.1161 0.9210
21.6489 14.5710 3.9977 0.8998
13.8334 10.0506 2.6195 0.9331
14.0011 10.9614 2.7240 0.9306
13.2265 11.9811 2.7339 0.9303
17.1600 16.7040 3.6687 0.9076
15.9837 17.9667 3.6839 0.9073
9.5855 13.4455 2.5296 0.9354
10.8572 21.0741 3.6317 0.9085
10.1886 21.6520 3.6658 0.9077
8.4807 21.9946 3.6113 0.9090
5.6471 16.3738 2.6534 0.9323
5.0159 16.4356 2.6325 0.9328
4.3636 16.3833 2.5973 0.9337
3.8104 16.6945 2.6233 0.9331
3.3281 17.4464 2.7209 0.9306
0.4006 8.9200 1.3679 0.9645
0.0796 8.8684 1.3586 0.9647
-0.5152 19.1281 2.9314 0.9255
-1.2287 19.5295 2.9977 0.9239
-2.7651 27.9138 4.2972 0.8927
-3.7707 21.8952 3.4036 0.9140
-6.4120 22.4456 3.5761 0.9099
-8.8814 24.3259 3.9672 0.9005
-10.0850 24.8185 4.1040 0.8973
-14.8430 27.5828 4.7985 0.8810
-20.8977 30.4552 5.6583 0.8612
-22.2390 19.4297 4.5240 0.8874
-45.8833 -10.0402 7.1954 0.8269
-21.5390 -5.5303 3.4067 0.9139
-41.6582 -12.3059 6.6544 0.8388
-38.1015 -14.2998 6.2345 0.8482
-34.9579 -16.0683 5.8940 0.8558
-34.0390 -18.7131 5.9506 0.8545
-33.6512 -20.1057 6.0052 0.8533
-32.2674 -22.5699 6.0324 0.8527
-33.8427 -25.5288 6.4942 0.8424
-1.2418 -46.1061 7.0658 0.8297
1.8259 -40.6547 6.2344 0.8482
3.0575 -37.7658 5.8044 0.8579
9.4161 -41.2547 6.4825 0.8426
11.2936 -42.4018 6.7222 0.8373
13.1367 -43.0447 6.8945 0.8335
15.2569 -44.2375 7.1687 0.8275
43.8192 -5.5356 6.7662 0.8363
39.6657 -3.5700 6.1011 0.8512
37.8085 -2.0382 5.8005 0.8579
33.1283 0.5948 5.0759 0.8745
31.1953 1.6817 4.7859 0.8812
28.7694 2.5893 4.4251 0.8897
27.9134 3.5263 4.3102 0.8924
26.6992 4.3517 4.1441 0.8963
23.0142 6.3516 3.6575 0.9079
29.1557 10.3491 4.7395 0.8823
20.0973 7.9571 3.3113 0.9162
18.8256 8.2471 3.1486 0.9202
23.5483 13.5018 4.1584 0.8960
22.2489 13.8411 4.0141 0.8994
13.8334 10.0506 2.6195 0.9331
13.5198 11.3905 2.7082 0.9310
15.9837 17.9667 3.6839 0.9073
9.5855 13.4455 2.5296 0.9354
8.2769 14.7407 2.5898 0.9339
9.3368 21.8445 3.6393 0.9083
8.4807 21.9947 3.6113 0.9090
5.6471 16.3737 2.6534 0.9323
5.0159 16.4356 2.6325 0.9328
4.3636 16.3833 2.5973 0.9337
3.8104 16.6945 2.6233 0.9331
3.7926 24.6615 3.8224 0.9040
2.8985 24.7274 3.8140 0.9042
0.4006 8.9200 1.3679 0.9645
-1.2287 19.5295 2.9977 0.9239
-2.7651 27.9138 4.2972 0.8927
-2.9079 21.4672 3.3187 0.9161
-4.5843 21.8891 3.4260 0.9135
-5.4094 21.8815 3.4530 0.9128
-6.4120 22.4456 3.5761 0.9099
-10.0850 24.8185 4.1040 0.8973
-13.1074 26.6043 4.5434 0.8869
-14.8430 27.5828 4.7985 0.8810
-16.3574 27.9444 4.9604 0.8772
-20.8977 30.4552 5.6583 0.8612
-45.8833 -10.0402 7.1954 0.8269
-36.4855 -15.2089 6.0555 0.8522
-34.9579 -16.0683 5.8940 0.8558
-33.2101 -21.4963 6.0604 0.8521
-32.2674 -22.5699 6.0324 0.8527
-4.8591 -14.9550 2.4089 0.9384
-1.2419 -46.1062 7.0658 0.8297
0.3839 -42.7579 6.5506 0.8411
7.6191 -39.9406 6.2290 0.8483
9.4161 -41.2547 6.4825 0.8426
13.1366 -43.0447 6.8944 0.8335
11.5520 -22.4227 3.8641 0.9030
39.6657 -3.5700 6.1011 0.8512
37.8085 -2.0382 5.8005 0.8579
28.7693 2.5893 4.4251 0.8897
27.9134 3.5263 4.3102 0.8924
26.6992 4.3517 4.1441 0.8963
25.2138 5.0448 3.9392 0.9012
23.0142 6.3515 3.6575 0.9079
22.5182 7.0939 3.6168 0.9089
29.1556 10.3492 4.7395 0.8823
20.0973 7.9571 3.3113 0.9162
18.4266 8.8738 3.1331 0.9206
23.5483 13.5018 4.1584 0.8960
21.6489 14.5710 3.9977 0.8998
13.8335 10.0506 2.6195 0.9331
13.5198 11.3905 2.7082 0.9310
13.2265 11.9811 2.7339 0.9303
15.9837 17.9667 3.6839 0.9073
15.4591 18.6868 3.7153 0.9065
9.5855 13.4455 2.5296 0.9354
8.5523 14.0268 2.5167 0.9357
8.2769 14.7407 2.5898 0.9339
10.8572 21.0741 3.6317 0.9085
10.1886 21.6520 3.6658 0.9077
9.3368 21.8445 3.6393 0.9083
5.6470 16.3736 2.6533 0.9323
5.0159 16.4356 2.6325 0.9328
3.8104 16.6945 2.6233 0.9331
3.3281 17.4464 2.7209 0.9306
3.7926 24.6615 3.8224 0.9040
0.0796 8.8684 1.3586 0.9647
-2.9079 21.4672 3.3187 0.9161
-4.5843 21.8891 3.4260 0.9135
-7.7937 23.9866 3.8637 0.9030
-13.1074 26.6043 4.5434 0.8869
-14.8430 27.5828 4.7985 0.8810
-16.3574 27.9444 4.9604 0.8772
-18.9791 29.9063 5.4262 0.8665
-20.8978 30.4551 5.6583 0.8612
-16.9072 18.3312 3.8203 0.9040
-22.2390 19.4297 4.5240 0.8874
-48.0367 -8.7174 6.3576 0.8212
-36.7858 -15.3340 5.1898 0.8515
-39.4475 -18.1319 5.6535 0.8394
-37.1678 -20.4332 5.5232 0.8427
-33.2099 -21.4962 5.1515 0.8525
-32.2672 -22.5698 5.1277 0.8531
-33.8411 -25.5276 5.5200 0.8428
-3.1079 -49.3989 6.4455 0.8190
4.5239 -38.5934 5.0601 0.8549
6.0688 -39.4625 5.1993 0.8512
7.6191 -39.9406 5.2949 0.8487
9.4164 -41.2558 5.5106 0.8431
11.2936 -42.4018 5.7141 0.8378
39.6657 -3.5700 5.1862 0.8516
17.4680 -0.3136 2.2751 0.9320
31.4770 1.6969 4.1049 0.8806
28.0022 3.5375 3.6754 0.8924
23.5390 5.5954 3.1507 0.9070
20.1540 7.9796 2.8227 0.9163
18.8256 8.2471 2.6764 0.9204
18.4546 8.8873 2.6673 0.9207
23.6280 13.5476 3.5467 0.8960
22.2489 13.8410 3.4122 0.8997
21.5932 14.5335 3.3895 0.9003
13.8432 10.0577 2.2282 0.9333
14.0011 10.9613 2.3155 0.9308
13.5205 11.3911 2.3022 0.9312
17.1600 16.7040 3.1185 0.9079
16.6423 17.4064 3.1360 0.9074
16.1862 18.1943 3.1712 0.9064
8.5036 22.0539 3.0780 0.9091
4.9604 16.2537 2.2129 0.9337
2.1853 18.6424 2.4442 0.9271
0.4000 8.9073 1.1611 0.9647
-0.5152 19.1281 2.4918 0.9257
-2.8924 21.3529 2.8060 0.9168
-5.1503 29.9062 3.9517 0.8848
-4.5907 21.9196 2.9163 0.9136
-6.1161 21.4100 2.8996 0.9141
-10.0848 24.8180 3.4885 0.8976
-16.4383 28.0826 4.2374 0.8770
-18.9780 29.9045 4.6122 0.8669
-16.9022 18.3259 3.2464 0.9043
-48.0367 -8.7174 6.3576 0.8212
-45.7410 -10.0090 6.0974 0.8279
-21.5420 -5.5311 2.8962 0.9142
-39.9894 -13.3914 5.4917 0.8436
-38.5416 -14.4649 5.3607 0.8470
-33.2099 -21.4962 5.1515 0.8525
-32.2672 -22.5698 5.1277 0.8531
-33.8412 -25.5277 5.5200 0.8428
-1.2419 -46.1080 6.0064 0.8302
0.3838 -42.7580 5.5682 0.8416
1.8259 -40.6562 5.2996 0.8486
4.5239 -38.5935 5.0601 0.8549
6.0688 -39.4625 5.1993 0.8512
9.4164 -41.2558 5.5105 0.8431
11.2936 -42.4019 5.7141 0.8378
15.2569 -44.2375 6.0936 0.8280
17.7177 -45.9504 6.4131 0.8198
12.9750 -25.1848 3.6892 0.8920
43.5630 -5.5033 5.7179 0.8377
17.4680 -0.3136 2.2751 0.9320
33.1251 0.5948 4.3143 0.8749
28.0022 3.5375 3.6754 0.8924
24.0012 4.8022 3.1874 0.9060
23.5390 5.5954 3.1507 0.9070
23.1208 6.3809 3.1234 0.9078
30.5577 9.6264 4.1720 0.8788
18.8256 8.2471 2.6764 0.9204
18.0673 9.5143 2.6590 0.9209
21.5932 14.5335 3.3895 0.9003
13.8432 10.0577 2.2282 0.9333
13.5205 11.3911 2.3022 0.9312
12.9366 11.7185 2.2730 0.9320
10.2272 13.3077 2.1856 0.9345
3.8104 16.6945 2.2299 0.9333
3.2741 17.1636 2.2754 0.9319
2.6874 17.4752 2.3024 0.9312
2.1853 18.6423 2.4442 0.9271
2.0410 25.2099 3.2936 0.9030
0.4000 8.9073 1.1611 0.9647
-0.5152 19.1281 2.4918 0.9257
-2.7651 27.9137 3.6528 0.8930
-2.8924 21.3529 2.8060 0.9168
-5.1503 29.9062 3.9517 0.8848
-7.8851 24.2677 3.3228 0.9022
-11.3110 25.2018 3.5972 0.8946
-14.8418 27.5807 4.0786 0.8813
-16.4384 28.0826 4.2374 0.8770
-22.2403 19.4308 3.8458 0.8877
-39.7503 8.6981 5.2988 0.8486
-48.0367 -8.7174 6.3576 0.8212
-45.7409 -10.0090 6.0974 0.8279
-39.9894 -13.3914 5.4917 0.8436
-36.7858 -15.3340 5.1898 0.8515
-37.1677 -20.4332 5.5232 0.8427
-32.2672 -22.5698 5.1277 0.8531
-3.1079 -49.3989 6.4455 0.8190
9.4164 -41.2558 5.5105 0.8431
15.2569 -44.2375 6.0936 0.8280
17.7177 -45.9504 6.4131 0.8198
39.6656 -3.5700 5.1862 0.8516
17.4680 -0.3136 2.2751 0.9320
33.1251 0.5948 4.3143 0.8749
31.4770 1.6969 4.1049 0.8806
28.8668 2.5981 3.7743 0.8897
27.5517 4.4906 3.6352 0.8935
24.0012 4.8022 3.1874 0.9060
29.2605 10.3863 4.0433 0.8823
18.4546 8.8873 2.6673 0.9207
23.6280 13.5476 3.5467 0.8960
22.2489 13.8410 3.4122 0.8997
21.5932 14.5335 3.3895 0.9003
13.8432 10.0577 2.2282 0.9333
13.5205 11.3911 2.3022 0.9312
12.9366 11.7185 2.2730 0.9320
17.1600 16.7040 3.1185 0.9079
16.6423 17.4064 3.1360 0.9074
16.1862 18.1944 3.1712 0.9064
10.2272 13.3077 2.1856 0.9345
9.5855 13.4455 2.1503 0.9356
8.1337 14.4857 2.1634 0.9352
10.9992 21.3497 3.1274 0.9077
10.2458 21.7735 3.1336 0.9075
5.5003 15.9482 2.1968 0.9342
2.0410 25.2099 3.2936 0.9030
0.4000 8.9073 1.1611 0.9647
0.0796 8.8658 1.1546 0.9649
-0.5152 19.1281 2.4918 0.9257
-2.7651 27.9138 3.6528 0.8930
-5.1503 29.9062 3.9517 0.8848
-6.1161 21.4100 2.8996 0.9141
-7.8851 24.2677 3.3228 0.9022
-14.8418 27.5807 4.0786 0.8813
-18.9780 29.9045 4.6122 0.8669
-16.9022 18.3259 3.2464 0.9043
-22.2403 19.4308 3.8458 0.8877
-39.7503 8.6980 5.2988 0.8486
-48.0367 -8.7174 6.3576 0.8212
-45.7409 -10.0090 6.0974 0.8279
-21.5420 -5.5311 2.8962 0.9142
-41.8369 -12.3586 5.6808 0.8386
-39.9893 -13.3914 5.4917 0.8436
-36.7858 -15.3341 5.1898 0.8515
-33.9450 -17.1044 4.9498 0.8578
-37.1677 -20.4332 5.5232 0.8427
-33.2099 -21.4962 5.1515 0.8525
-32.2672 -22.5698 5.1277 0.8531
-33.8413 -25.5278 5.5200 0.8428
-35.8729 -29.1384 6.0183 0.8299
-3.1079 -49.3989 6.4455 0.8190
-1.2419 -46.1080 6.0064 0.8302
0.3839 -42.7580 5.5682 0.8416
1.8259 -40.6561 5.2996 0.8486
4.5240 -38.5935 5.0601 0.8549
7.6191 -39.9407 5.2949 0.8487
9.4164 -41.2558 5.5105 0.8431
11.2936 -42.4019 5.7141 0.8378
13.1366 -43.0447 5.8605 0.8340
15.2570 -44.2376 6.0936 0.8280
43.5630 -5.5033 5.7179 0.8377
39.6656 -3.5700 5.1862 0.8516
37.8084 -2.0382 4.9306 0.8584
17.4680 -0.3136 2.2751 0.9320
31.4769 1.6969 4.1049 0.8806
28.8667 2.5981 3.7742 0.8897
28.0021 3.5375 3.6754 0.8924
27.5517 4.4906 3.6352 0.8935
23.1208 6.3809 3.1234 0.9078
18.8256 8.2471 2.6764 0.9204
18.4546 8.8873 2.6673 0.9207
18.0673 9.5143 2.6590 0.9209
21.5932 14.5335 3.3895 0.9003
14.0010 10.9614 2.3155 0.9308
13.5205 11.3911 2.3022 0.9312
12.9366 11.7185 2.2730 0.9320
17.1600 16.7040 3.1185 0.9079
10.2272 13.3078 2.1856 0.9345
8.5523 14.0267 2.1393 0.9359
8.1337 14.4857 2.1634 0.9352
10.9992 21.3497 3.1274 0.9077
10.2458 21.7735 3.1336 0.9075
5.5003 15.9482 2.1968 0.9342
4.9604 16.2537 2.2129 0.9337
4.3636 16.3833 2.2078 0.9339
3.8104 16.6945 2.2299 0.9333
3.2741 17.1636 2.2754 0.9319
2.0410 25.2099 3.2936 0.9030
0.4000 8.9073 1.1611 0.9647
-1.2287 19.5295 2.5482 0.9241
-2.8925 21.3529 2.8060 0.9168
-5.1503 29.9062 3.9517 0.8848
-7.8851 24.2678 3.3228 0.9022
-11.3111 25.2018 3.5972 0.8946
-13.2850 26.9647 3.9144 0.8858
-18.9780 29.9045 4.6122 0.8669
-20.8130 30.3315 4.7903 0.8621
-16.9022 18.3259 3.2464 0.9043
-22.2403 19.4308 3.8458 0.8877
-39.7503 8.6980 5.2988 0.8486
-47.2655 -10.3426 5.1955 0.8231
-40.1867 -13.4574 4.5508 0.8432
-40.6077 -18.6652 4.7991 0.8354
-37.3215 -20.5177 4.5733 0.8425
-32.2671 -22.5697 4.2284 0.8535
-33.8396 -25.5265 4.5517 0.8432
-35.8711 -29.1368 4.9625 0.8303
-4.4060 -15.4235 1.7225 0.9375
-3.1079 -49.3990 5.3150 0.8194
-1.2420 -46.1099 4.9532 0.8306
3.0577 -37.7683 4.0689 0.8586
4.5239 -38.5934 4.1726 0.8553
6.0688 -39.4625 4.2874 0.8516
9.4166 -41.2569 4.5442 0.8435
13.1366 -43.0448 4.8327 0.8344
15.2569 -44.2376 5.0249 0.8284
17.7177 -45.9504 5.2883 0.8203
17.4633 -0.3135 1.8755 0.9321
33.1722 0.5956 3.5627 0.8751
28.8667 2.5981 3.1123 0.8899
28.1269 3.5533 3.0443 0.8922
36.6754 5.9777 3.9902 0.8611
23.5390 5.5954 2.5981 0.9073
30.9334 9.7448 3.4826 0.8777
30.0122 10.6531 3.4198 0.8797
19.8340 7.8529 2.2907 0.9178
18.2599 8.7935 2.1763 0.9217
17.6410 9.2898 2.1409 0.9229
23.7795 13.6344 2.9434 0.8956
22.2489 13.8410 2.8137 0.9000
13.8947 10.0951 1.8443 0.9332
14.0010 10.9613 1.9094 0.9310
13.5212 11.3917 1.8985 0.9313
13.0455 11.8171 1.8901 0.9316
16.2356 18.2499 2.6230 0.9064
10.2792 13.3754 1.8114 0.9344
9.5855 13.4455 1.7731 0.9357
8.5523 14.0267 1.7641 0.9360
8.1752 14.5595 1.7930 0.9350
10.9992 21.3497 2.5789 0.9079
10.2458 21.7735 2.5840 0.9077
4.9923 16.3582 1.8365 0.9335
4.3636 16.3833 1.8206 0.9341
2.7214 17.6962 1.9226 0.9305
2.8986 24.7274 2.6734 0.9047
0.0796 8.8633 0.9518 0.9650
-0.5152 19.1281 2.0547 0.9259
-2.9023 21.4256 2.3217 0.9167
-5.2303 30.3708 3.3093 0.8834
-4.6000 21.9640 2.4097 0.9137
-5.4093 21.8815 2.4204 0.9133
-6.1145 21.4043 2.3904 0.9143
-7.8227 24.0757 2.7183 0.9032
-11.3110 25.2018 2.9663 0.8948
-13.7634 27.9358 3.3441 0.8822
-14.8128 27.5269 3.3567 0.8818
-19.1401 30.1599 3.8357 0.8661
-21.0501 30.6772 3.9951 0.8610
-16.8973 18.3205 2.6763 0.9046
-22.2572 19.4455 3.1738 0.8879
-47.2655 -10.3426 5.1955 0.8231
-40.1867 -13.4575 4.5508 0.8432
-36.7847 -15.3336 4.2794 0.8519
-40.6077 -18.6652 4.7991 0.8354
-33.9442 -17.1040 4.0816 0.8582
-37.3215 -20.5177 4.5733 0.8425
-38.0314 -22.7227 4.7573 0.8368
-33.8396 -25.5265 4.5517 0.8432
-4.8616 -14.9624 1.6894 0.9387
-4.4060 -15.4236 1.7225 0.9375
-3.1079 -49.3990 5.3150 0.8194
-1.2419 -46.1098 4.9531 0.8306
0.3838 -42.7580 4.5916 0.8420
1.8260 -40.6576 4.3703 0.8490
3.0577 -37.7682 4.0689 0.8586
6.0688 -39.4625 4.2874 0.8516
9.4167 -41.2569 4.5442 0.8435
11.2936 -42.4019 4.7119 0.8382
13.1367 -43.0448 4.8327 0.8344
15.2569 -44.2376 5.0249 0.8284
40.6916 -3.6623 4.3872 0.8484
17.4633 -0.3135 1.8755 0.9321
28.8667 2.5981 3.1123 0.8899
23.9989 4.8017 2.6281 0.9062
23.5390 5.5954 2.5981 0.9073
23.1716 6.3950 2.5812 0.9078
18.2599 8.7935 2.1763 0.9217
22.2489 13.8410 2.8137 0.9000
15.4213 10.3795 1.9961 0.9279
13.8947 10.0952 1.8443 0.9332
14.0010 10.9613 1.9094 0.9310
13.0455 11.8171 1.8901 0.9316
16.6629 17.4280 2.5892 0.9076
10.2792 13.3754 1.8114 0.9344
9.5855 13.4455 1.7731 0.9357
8.1752 14.5595 1.7930 0.9350
10.9991 21.3497 2.5789 0.9079
4.9923 16.3582 1.8365 0.9335
4.3636 16.3833 1.8206 0.9341
3.8104 16.6945 1.8388 0.9334
0.3995 8.8948 0.9561 0.9648
-0.5152 19.1281 2.0548 0.9259
-1.2287 19.5295 2.1012 0.9243
-1.9991 20.1814 2.1777 0.9217
-2.9023 21.4256 2.3217 0.9167
-5.2304 30.3708 3.3093 0.8834
-7.8227 24.0757 2.7183 0.9032
-10.0845 24.8174 2.8766 0.8978
-14.8128 27.5269 3.3567 0.8818
-16.4383 28.0826 3.4942 0.8773
-19.1401 30.1599 3.8357 0.8661
-22.2572 19.4456 3.1738 0.8879
-21.5451 -5.5318 2.3886 0.9144
-40.1868 -13.4575 4.5509 0.8432
-40.6077 -18.6652 4.7991 0.8354
-37.3215 -20.5177 4.5733 0.8425
-33.2097 -21.4961 4.2480 0.8529
-33.8396 -25.5265 4.5517 0.8432
-3.1079 -49.3990 5.3150 0.8194
0.3839 -42.7580 4.5916 0.8420
1.8260 -40.6575 4.3703 0.8490
7.6191 -39.9407 4.3662 0.8491
11.2936 -42.4019 4.7119 0.8382
13.1367 -43.0448 4.8327 0.8344
17.7177 -45.9504 5.2883 0.8203
11.5694 -22.4564 2.7126 0.9034
43.4613 -5.4904 4.7040 0.8384
40.6916 -3.6623 4.3872 0.8484
47.9709 2.5861 5.1587 0.8243
28.8667 2.5981 3.1123 0.8899
28.1269 3.5533 3.0443 0.8922
23.1716 6.3950 2.5812 0.9078
30.9334 9.7448 3.4826 0.8777
19.8340 7.8529 2.2907 0.9178
18.8256 8.2471 2.2070 0.9206
18.2599 8.7935 2.1763 0.9217
17.6410 9.2898 2.1409 0.9229
23.7795 13.6344 2.9434 0.8956
22.2489 13.8410 2.8137 0.9000
13.0455 11.8171 1.8901 0.9316
16.6629 17.4280 2.5892 0.9076
16.2356 18.2499 2.6230 0.9064
10.9991 21.3497 2.5789 0.9079
8.5044 22.0562 2.5384 0.9093
5.5320 16.0402 1.8220 0.9340
4.9923 16.3582 1.8365 0.9335
3.8104 16.6945 1.8388 0.9334
2.7214 17.6962 1.9226 0.9305
0.0795 8.8633 0.9518 0.9650
-1.2287 19.5295 2.1012 0.9243
-1.9992 20.1814 2.1777 0.9217
-2.9023 21.4256 2.3217 0.9167
-4.6000 21.9640 2.4097 0.9137
-6.1145 21.4043 2.3904 0.9143
-7.8227 24.0757 2.7183 0.9032
-11.3111 25.2018 2.9663 0.8948
-13.7634 27.9357 3.3441 0.8822
-14.8128 27.5269 3.3567 0.8818
-16.4383 28.0826 3.4942 0.8773
-19.1401 30.1599 3.8357 0.8661
-21.0501 30.6772 3.9951 0.8610
-16.8973 18.3205 2.6763 0.9046
-22.2572 19.4456 3.1738 0.8879
-47.2655 -10.3427 5.1955 0.8231
-40.1868 -13.4575 4.5509 0.8432
-44.2544 -16.6090 5.0758 0.8268
-36.7848 -15.3336 4.2795 0.8519
-40.6076 -18.6652 4.7991 0.8354
-37.3215 -20.5177 4.5733 0.8425
-38.0314 -22.7227 4.7573 0.8368
-33.2097 -21.4961 4.2480 0.8529
-35.8712 -29.1370 4.9625 0.8303
-3.1079 -49.3990 5.3150 0.8194
4.5240 -38.5935 4.1726 0.8553
7.6191 -39.9407 4.3662 0.8491
9.4167 -41.2569 4.5442 0.8435
13.1366 -43.0448 4.8327 0.8344
15.2570 -44.2376 5.0249 0.8284
17.7178 -45.9505 5.2883 0.8203
43.4613 -5.4904 4.7040 0.8384
40.6916 -3.6623 4.3872 0.8484
17.4634 -0.3135 1.8756 0.9321
33.1721 0.5956 3.5627 0.8751
28.8667 2.5981 3.1123 0.8899
28.1269 3.5533 3.0443 0.8922
36.6755 5.9777 3.9902 0.8611
23.5390 5.5954 2.5981 0.9073
30.9333 9.7448 3.4826 0.8777
30.0121 10.6532 3.4198 0.8797
18.2599 8.7935 2.1763 0.9217
17.6410 9.2898 2.1409 0.9229
15.4213 10.3795 1.9961 0.9279
14.0010 10.9613 1.9094 0.9310
13.5212 11.3917 1.8985 0.9313
13.0282 12.6820 1.9524 0.9295
16.6629 17.4280 2.5892 0.9076
16.2356 18.2499 2.6230 0.9064
15.5459 18.7917 2.6189 0.9065
9.5855 13.4455 1.7731 0.9357
9.0676 13.7369 1.7675 0.9359
8.5523 14.0267 1.7641 0.9360
3.8104 16.6945 1.8388 0.9334
3.3010 17.3046 1.8917 0.9316
2.0410 25.2098 2.7159 0.9033
0.3995 8.8948 0.9561 0.9648
-0.5152 19.1281 2.0547 0.9259
-1.2287 19.5295 2.1012 0.9243
-2.9023 21.4256 2.3217 0.9167
-5.2304 30.3708 3.3093 0.8834
-5.4093 21.8815 2.4204 0.9133
-9.0555 24.8025 2.8353 0.8992
-10.0845 24.8173 2.8766 0.8978
-13.7634 27.9357 3.3441 0.8822
-14.8128 27.5269 3.3567 0.8818
-16.4383 28.0826 3.4942 0.8773
-21.0502 30.6773 3.9951 0.8610
-40.1856 -13.4571 3.5875 0.8436
-44.2732 -16.6160 4.0031 0.8271
-40.6239 -18.6727 3.7848 0.8357
-33.9435 -17.1036 3.2176 0.8585
-37.3357 -20.5255 3.6067 0.8428
-33.2096 -21.4960 3.3488 0.8532
-32.2669 -22.5696 3.3333 0.8538
-35.8693 -29.1353 3.9119 0.8307
-4.8628 -14.9661 1.3321 0.9388
-4.3847 -15.3490 1.3513 0.9379
-3.1079 -49.3990 4.1900 0.8198
-1.2420 -46.1117 3.9049 0.8310
0.3835 -42.7183 3.6164 0.8424
7.6191 -39.9407 3.4421 0.8494
11.2936 -42.4020 3.7146 0.8385
13.1367 -43.0448 3.8098 0.8347
15.2569 -44.2376 3.9613 0.8287
44.3033 -3.9874 3.7656 0.8365
38.0441 -2.0509 3.2252 0.8582
17.4587 -0.3134 1.4782 0.9323
33.2663 0.5973 2.8165 0.8750
31.9359 1.7216 2.7074 0.8795
28.8667 2.5981 2.4535 0.8902
28.1703 3.5587 2.4036 0.8923
24.0056 4.8030 2.0724 0.9064
23.5390 5.5954 2.0482 0.9074
22.7199 6.2703 1.9952 0.9097
30.0121 10.6531 2.6959 0.8800
17.7937 9.3702 1.7024 0.9224
22.2489 13.8410 2.2181 0.9002
13.8716 10.0783 1.4515 0.9335
14.0010 10.9613 1.5052 0.9311
13.0445 11.8162 1.4899 0.9318
13.2084 12.8574 1.5604 0.9287
16.5290 17.2880 2.0247 0.9085
15.9891 17.9728 2.0364 0.9079
10.2785 13.3745 1.4279 0.9345
9.5855 13.4455 1.3978 0.9359
8.5523 14.0267 1.3907 0.9362
9.3632 21.9064 2.0167 0.9088
4.9919 16.3570 1.4477 0.9337
4.3636 16.3833 1.4352 0.9342
3.8104 16.6945 1.4496 0.9336
2.8986 24.7273 2.1076 0.9049
2.0410 25.2098 2.1411 0.9035
-1.2287 19.5294 1.6565 0.9245
-4.0380 29.8094 2.5465 0.8862
-6.1058 21.3740 1.8817 0.9146
-8.9633 24.5501 2.2124 0.9004
-11.3110 25.2017 2.3384 0.8950
-17.2111 34.9336 3.2967 0.8553
-19.3511 30.4925 3.0572 0.8650
-21.0500 30.6771 3.1495 0.8613
-16.8924 18.3152 2.1092 0.9048
-47.2644 -10.3424 4.0957 0.8235
-44.2731 -16.6160 4.0031 0.8271
-36.7836 -15.3331 3.3735 0.8522
-40.6239 -18.6727 3.7848 0.8357
-37.3357 -20.5255 3.6067 0.8428
-33.2095 -21.4960 3.3488 0.8532
-32.2669 -22.5696 3.3333 0.8538
-35.8693 -29.1353 3.9119 0.8307
-4.8628 -14.9661 1.3321 0.9388
-4.3847 -15.3491 1.3513 0.9379
-3.3774 -24.9331 2.1299 0.9039
-3.1079 -49.3990 4.1900 0.8198
-1.2420 -46.1116 3.9049 0.8310
1.8050 -40.1918 3.4058 0.8509
4.4883 -38.2895 3.2635 0.8566
13.1367 -43.0448 3.8098 0.8347
15.2569 -44.2376 3.9613 0.8287
17.7177 -45.9505 4.1690 0.8206
11.5677 -22.4532 2.1381 0.9036
49.1024 -8.0031 4.2115 0.8190
43.6603 -5.5156 3.7253 0.8381
38.0441 -2.0509 3.2252 0.8582
31.9359 1.7216 2.7074 0.8795
28.8667 2.5981 2.4535 0.8902
24.0056 4.8030 2.0724 0.9064
22.7199 6.2703 1.9952 0.9097
23.0693 7.2674 2.0475 0.9075
30.0121 10.6531 2.6959 0.8800
19.9940 7.9162 1.8204 0.9173
18.3538 8.8387 1.7245 0.9215
17.7937 9.3702 1.7024 0.9224
23.3471 13.3865 2.2782 0.8976
15.4988 10.4316 1.5815 0.9277
13.8716 10.0783 1.4515 0.9335
14.0010 10.9613 1.5052 0.9311
15.9892 17.9729 2.0364 0.9079
9.0676 13.7368 1.3934 0.9361
8.1746 14.5585 1.4134 0.9352
10.8539 21.0678 2.0062 0.9092
10.1105 21.4860 2.0102 0.9091
8.4226 21.8440 1.9819 0.9103
5.5316 16.0390 1.4362 0.9342
3.3008 17.3034 1.4912 0.9317
0.3989 8.8823 0.7527 0.9649
0.0795 8.8607 0.7501 0.9651
-4.0380 29.8094 2.5465 0.8862
-6.1058 21.3740 1.8817 0.9146
-8.9633 24.5501 2.2124 0.9004
-10.0146 24.6453 2.2520 0.8987
-11.3110 25.2017 2.3384 0.8950
-14.8672 27.6280 2.6559 0.8817
-15.9366 27.2254 2.6705 0.8811
-19.3511 30.4925 3.0572 0.8650
-16.8924 18.3152 2.1092 0.9048
-22.2536 19.4424 2.5016 0.8881
-40.1857 -13.4571 3.5875 0.8436
-40.6239 -18.6727 3.7848 0.8357
-33.9435 -17.1037 3.2176 0.8585
-33.2095 -21.4960 3.3488 0.8532
-32.2669 -22.5696 3.3334 0.8538
-20.4084 -15.3948 2.1640 0.9025
-35.8693 -29.1354 3.9119 0.8307
-4.8627 -14.9661 1.3321 0.9388
-3.3774 -24.9331 2.1299 0.9039
-3.1079 -49.3990 4.1900 0.8198
-1.2419 -46.1116 3.9049 0.8310
0.3835 -42.7182 3.6164 0.8424
1.8051 -40.1917 3.4058 0.8509
3.0578 -37.7695 3.2078 0.8589
4.4883 -38.2895 3.2635 0.8566
9.3656 -41.0334 3.5629 0.8445
11.2936 -42.4020 3.7146 0.8385
13.1367 -43.0449 3.8098 0.8347
15.2570 -44.2377 3.9613 0.8287
17.7177 -45.9505 4.1690 0.8206
43.6603 -5.5156 3.7253 0.8381
44.3033 -3.9874 3.7656 0.8365
36.6763 5.9778 3.1457 0.8614
24.0056 4.8030 2.0724 0.9064
30.0121 10.6531 2.6959 0.8800
19.9940 7.9162 1.8204 0.9173
18.3537 8.8387 1.7245 0.9215
17.7937 9.3702 1.7024 0.9224
22.2489 13.8410 2.2181 0.9002
13.5219 11.3923 1.4968 0.9315
15.9892 17.9729 2.0364 0.9079
10.2785 13.3745 1.4279 0.9345
9.5855 13.4455 1.3978 0.9359
9.0676 13.7368 1.3934 0.9361
8.1746 14.5585 1.4134 0.9352
10.8539 21.0678 2.0062 0.9092
10.1105 21.4860 2.0102 0.9091
9.3632 21.9064 2.0167 0.9088
8.4226 21.8440 1.9819 0.9103
4.9919 16.3570 1.4477 0.9337
4.3636 16.3833 1.4352 0.9342
3.3008 17.3034 1.4912 0.9317
3.7613 24.4577 2.0948 0.9054
0.3989 8.8823 0.7527 0.9649
0.0795 8.8607 0.7501 0.9651
-0.5152 19.1281 1.6198 0.9261
-2.0092 20.2829 1.7254 0.9214
-4.0380 29.8094 2.5465 0.8862
-4.5477 21.7146 1.8781 0.9148
-6.1058 21.3740 1.8817 0.9146
-10.8200 33.3006 2.9641 0.8689
-8.9633 24.5501 2.2124 0.9004
-11.3110 25.2017 2.3384 0.8950
-14.8672 27.6280 2.6559 0.8817
-19.3512 30.4925 3.0572 0.8650
-21.0500 30.6771 3.1495 0.8613
-16.8924 18.3152 2.1092 0.9048
-22.2536 19.4424 2.5016 0.8881
-47.2644 -10.3424 4.0957 0.8235
-21.5481 -5.5326 1.8833 0.9146
-40.1857 -13.4572 3.5875 0.8436
-44.2730 -16.6161 4.0031 0.8271
-36.7837 -15.3332 3.3735 0.8522
-40.6238 -18.6727 3.7848 0.8357
-33.9435 -17.1037 3.2176 0.8585
-37.3357 -20.5255 3.6067 0.8428
-38.0548 -22.7367 3.7526 0.8370
-33.2095 -21.4960 3.3488 0.8532
-32.2669 -22.5696 3.3333 0.8538
-4.8627 -14.9660 1.3321 0.9388
-3.1079 -49.3990 4.1900 0.8198
-1.2420 -46.1116 3.9049 0.8310
0.3835 -42.7181 3.6164 0.8424
1.8051 -40.1916 3.4058 0.8509
4.4884 -38.2895 3.2635 0.8566
7.6191 -39.9407 3.4421 0.8494
15.2570 -44.2377 3.9613 0.8287
17.7178 -45.9506 4.1690 0.8206
38.0441 -2.0509 3.2252 0.8582
17.4587 -0.3134 1.4782 0.9323
36.6763 5.9778 3.1457 0.8614
22.7199 6.2703 1.9952 0.9097
23.0693 7.2675 2.0475 0.9075
19.9940 7.9162 1.8204 0.9173
23.3471 13.3865 2.2782 0.8976
22.2489 13.8410 2.2181 0.9002
15.4988 10.4316 1.5815 0.9277
14.0010 10.9613 1.5052 0.9311
13.0445 11.8162 1.4899 0.9318
13.2084 12.8574 1.5604 0.9287
16.5290 17.2880 2.0247 0.9085
9.5855 13.4455 1.3978 0.9359
8.5523 14.0267 1.3907 0.9362
8.1746 14.5585 1.4134 0.9352
10.8539 21.0678 2.0062 0.9092
10.1105 21.4860 2.0102 0.9091
8.4226 21.8440 1.9819 0.9103
5.5316 16.0391 1.4362 0.9342
4.3636 16.3833 1.4352 0.9342
3.8104 16.6945 1.4496 0.9336
3.7613 24.4577 2.0948 0.9054
2.8985 24.7274 2.1076 0.9049
2.0410 25.2098 2.1411 0.9035
0.3989 8.8823 0.7527 0.9649
-0.5152 19.1281 1.6198 0.9261
-2.0092 20.2829 1.7254 0.9214
-4.0380 29.8094 2.5465 0.8862
-4.5477 21.7146 1.8781 0.9148
-5.4093 21.8815 1.9081 0.9135
-10.8201 33.3006 2.9641 0.8689
-10.0147 24.6453 2.2520 0.8987
-17.2111 34.9336 3.2966 0.8553
-15.9366 27.2254 2.6705 0.8811
-16.8924 18.3152 2.1092 0.9048
-47.2632 -10.3421 3.0001 0.8237
-36.7825 -15.3326 2.4711 0.8524
-40.4425 -18.5893 2.7601 0.8366
-37.1663 -20.4323 2.6300 0.8437
-33.8365 -25.5241 2.6282 0.8438
-25.4046 -23.8565 2.1611 0.8696
-4.8639 -14.9697 0.9760 0.9389
0.3862 -43.0246 2.6681 0.8416
1.8261 -40.6604 2.5239 0.8495
6.0688 -39.4626 2.4759 0.8521
4.3903 -19.2351 1.2235 0.9240
4.9535 -18.5981 1.1935 0.9258
15.2569 -44.2377 2.9018 0.8290
14.6034 -34.1663 2.3041 0.8616
11.5661 -22.4500 1.5660 0.9037
43.6612 -5.5157 2.7290 0.8383
32.8252 0.5894 2.0358 0.8767
23.9905 4.8000 1.5171 0.9066
23.5389 5.5954 1.5003 0.9076
23.1818 7.3028 1.5072 0.9072
29.6158 10.5124 1.9488 0.8817
19.9923 7.9155 1.3334 0.9174
18.8256 8.2471 1.2745 0.9209
23.4839 13.4649 1.6786 0.8972
22.2488 13.8410 1.6248 0.9003
15.4977 10.4308 1.1584 0.9279
14.6130 10.6170 1.1201 0.9302
13.5226 11.3929 1.0965 0.9316
13.0436 11.8153 1.0913 0.9319
15.4267 18.6477 1.5008 0.9076
9.5855 13.4454 1.0239 0.9360
8.5523 14.0267 1.0187 0.9363
10.9149 21.1860 1.4779 0.9089
10.1673 21.6066 1.4808 0.9087
9.4158 22.0294 1.4856 0.9085
5.5312 16.0379 1.0520 0.9343
3.3006 17.3021 1.0923 0.9318
3.7751 24.5474 1.5401 0.9053
2.8985 24.7273 1.5438 0.9050
2.0410 25.2098 1.5684 0.9036
-0.5152 19.1280 1.1866 0.9262
-1.2287 19.5294 1.2134 0.9246
-2.0090 20.2812 1.2638 0.9216
-3.9106 28.8691 1.8065 0.8898
-10.7510 33.0882 2.1574 0.8699
-14.7124 27.3403 1.9253 0.8830
-15.9286 27.2119 1.9553 0.8813
-19.2012 30.2563 2.2221 0.8662
-22.2501 19.4393 1.8320 0.8883
-40.4425 -18.5893 2.7601 0.8366
-37.7730 -22.5683 2.7285 0.8383
-33.8366 -25.5242 2.6282 0.8438
-35.8675 -29.1339 2.8654 0.8309
-25.4046 -23.8565 2.1611 0.8696
-11.7894 -20.1406 1.4472 0.9107
1.8261 -40.6603 2.5239 0.8495
3.0579 -37.7707 2.3498 0.8591
4.5239 -38.5935 2.4096 0.8558
7.6191 -39.9408 2.5214 0.8496
4.9535 -18.5981 1.1935 0.9258
5.7110 -18.7132 1.2132 0.9246
15.2569 -44.2377 2.9018 0.8290
14.6034 -34.1663 2.3041 0.8616
11.5661 -22.4501 1.5660 0.9037
43.6612 -5.5157 2.7290 0.8383
44.5287 -4.0076 2.7724 0.8360
37.4461 -2.0186 2.3254 0.8605
17.4541 -0.3134 1.0825 0.9324
32.8251 0.5894 2.0358 0.8767
27.7990 3.5118 1.7375 0.8938
22.8373 6.3027 1.4691 0.9094
19.9923 7.9155 1.3334 0.9174
18.3522 8.8379 1.2631 0.9216
17.7956 9.3713 1.2472 0.9226
23.4838 13.4649 1.6786 0.8972
13.5226 11.3929 1.0965 0.9316
16.2016 18.2117 1.5115 0.9069
15.4267 18.6477 1.5008 0.9076
10.2778 13.3736 1.0459 0.9346
8.5523 14.0267 1.0187 0.9363
8.1740 14.5575 1.0353 0.9353
10.9148 21.1860 1.4779 0.9089
10.1673 21.6066 1.4808 0.9087
9.4158 22.0294 1.4856 0.9085
8.4531 21.9231 1.4570 0.9101
5.5312 16.0379 1.0520 0.9343
4.3636 16.3832 1.0514 0.9343
2.0410 25.2098 1.5684 0.9036
0.0795 8.8582 0.5493 0.9651
-0.5152 19.1280 1.1866 0.9262
-2.0090 20.2812 1.2638 0.9216
-3.9106 28.8691 1.8065 0.8898
-5.4093 21.8814 1.3977 0.9136
-6.1090 21.3852 1.3791 0.9147
-9.0192 24.7032 1.6307 0.9000
-11.3110 25.2017 1.7129 0.8952
-14.7124 27.3403 1.9253 0.8830
-19.2012 30.2563 2.2221 0.8662
-16.8875 18.3099 1.5446 0.9050
-22.2501 19.4393 1.8322 0.8883
-47.2632 -10.3421 3.0001 0.8237
-44.0793 -16.5433 2.9195 0.8280
-36.7826 -15.3327 2.4711 0.8524
-37.7730 -22.5683 2.7285 0.8383
-33.2094 -21.4959 2.4531 0.8534
-33.8366 -25.5242 2.6282 0.8438
-25.4046 -23.8566 2.1611 0.8696
-11.7894 -20.1406 1.4472 0.9107
-4.8639 -14.9697 0.9760 0.9389
6.0689 -39.4626 2.4759 0.8521
7.6191 -39.9408 2.5214 0.8496
5.7110 -18.7132 1.2132 0.9246
15.2570 -44.2377 2.9018 0.8290
14.6034 -34.1663 2.3041 0.8616
43.6612 -5.5157 2.7290 0.8383
44.5287 -4.0076 2.7724 0.8360
17.4541 -0.3133 1.0825 0.9324
32.8251 0.5894 2.0358 0.8767
28.8666 2.5981 1.7972 0.8903
27.7989 3.5118 1.7375 0.8938
28.2032 4.5968 1.7720 0.8918
23.9905 4.8000 1.5171 0.9066
23.1818 7.3029 1.5072 0.9072
29.6158 10.5125 1.9487 0.8817
19.9923 7.9155 1.3334 0.9174
18.8256 8.2471 1.2745 0.9209
18.3522 8.8380 1.2631 0.9216
23.4838 13.4649 1.6786 0.8972
22.2488 13.8410 1.6248 0.9003
14.6130 10.6170 1.1201 0.9302
14.0010 10.9613 1.1026 0.9312
13.5226 11.3929 1.0965 0.9316
15.4267 18.6477 1.5008 0.9076
8.5523 14.0267 1.0187 0.9363
10.9148 21.1860 1.4779 0.9089
10.1673 21.6066 1.4808 0.9087
8.4531 21.9231 1.4570 0.9101
4.9916 16.3559 1.0604 0.9338
4.3636 16.3832 1.0514 0.9343
3.8104 16.6945 1.0619 0.9337
3.7750 24.5474 1.5401 0.9053
2.8985 24.7273 1.5438 0.9050
2.0410 25.2098 1.5684 0.9036
0.3983 8.8699 0.5506 0.9650
-0.5152 19.1280 1.1866 0.9262
-1.2287 19.5294 1.2134 0.9246
-4.5473 21.7126 1.3756 0.9149
-5.4093 21.8814 1.3977 0.9136
-9.0192 24.7032 1.6307 0.9000
-10.0841 24.8162 1.6611 0.8982
-14.7124 27.3403 1.9253 0.8830
-21.0500 30.6770 2.3071 0.8615
-22.2501 19.4393 1.8322 0.8883
-21.5511 -5.5334 1.3797 0.9147
-40.1846 -13.4568 2.6279 0.8438
-40.4424 -18.5893 2.7601 0.8366
-37.1662 -20.4324 2.6300 0.8437
-33.2094 -21.4959 2.4531 0.8534
-21.6120 -15.1168 1.6355 0.8997
-33.8367 -25.5244 2.6282 0.8438
-35.8676 -29.1341 2.8654 0.8309
-11.7894 -20.1406 1.4472 0.9107
-11.2676 -20.9388 1.4745 0.9091
-4.3637 -15.2756 0.9851 0.9383
0.3863 -43.0246 2.6681 0.8416
1.8261 -40.6603 2.5239 0.8495
6.0689 -39.4626 2.4759 0.8521
4.3903 -19.2351 1.2235 0.9240
4.9535 -18.5981 1.1935 0.9258
15.2570 -44.2378 2.9018 0.8290
11.5661 -22.4501 1.5660 0.9037
43.6612 -5.5157 2.7290 0.8383
37.4461 -2.0186 2.3254 0.8605
17.4541 -0.3133 1.0825 0.9324
28.8666 2.5981 1.7972 0.8903
27.7989 3.5118 1.7375 0.8938
28.2032 4.5968 1.7720 0.8918
23.9905 4.8000 1.5171 0.9066
22.8373 6.3027 1.4691 0.9094
23.1818 7.3029 1.5072 0.9072
29.6157 10.5125 1.9487 0.8817
19.9923 7.9155 1.3334 0.9174
18.3522 8.8380 1.2631 0.9216
23.4838 13.4649 1.6786 0.8972
15.4977 10.4308 1.1584 0.9279
14.0010 10.9613 1.1026 0.9312
16.5888 17.3506 1.4885 0.9083
16.2016 18.2117 1.5115 0.9069
15.4267 18.6477 1.5008 0.9076
10.2778 13.3736 1.0459 0.9346
9.5855 13.4455 1.0239 0.9360
9.4158 22.0294 1.4856 0.9085
8.4531 21.9231 1.4570 0.9101
3.8104 16.6945 1.0619 0.9337
3.3005 17.3021 1.0923 0.9318
2.0410 25.2098 1.5684 0.9036
0.3983 8.8699 0.5506 0.9650
0.0795 8.8582 0.5493 0.9651
-1.2287 19.5294 1.2134 0.9246
-4.5473 21.7126 1.3756 0.9149
-6.1091 21.3851 1.3791 0.9147
-10.7510 33.0881 2.1574 0.8699
-9.0192 24.7032 1.6307 0.9000
-11.3110 25.2017 1.7130 0.8952
-13.7127 27.8327 1.9240 0.8831
-15.9287 27.2119 1.9553 0.8813
-47.2621 -10.3419 1.9077 0.8239
-21.5541 -5.5342 0.8775 0.9148
-30.1812 -10.1068 1.2550 0.8804
-44.1267 -16.5610 1.8585 0.8281
-40.4859 -18.6092 1.7570 0.8366
-33.9421 -17.1029 1.4987 0.8589
-37.2063 -20.4543 1.6742 0.8437
-33.2092 -21.4958 1.5599 0.8535
-21.6119 -15.1168 1.0400 0.8998
-35.8658 -29.1325 1.8220 0.8311
-4.3429 -15.2029 0.6234 0.9387
-1.2421 -46.1152 1.8190 0.8314
6.0688 -39.4627 1.5743 0.8523
3.6035 -18.8901 0.7583 0.9259
9.4174 -41.2603 1.6688 0.8442
6.4163 -21.0243 0.8668 0.9158
15.4255 -44.7266 1.8656 0.8275
17.7177 -45.9506 1.9419 0.8211
49.1022 -8.0031 1.9617 0.8194
43.6620 -5.5158 1.7353 0.8385
17.4495 -0.3133 0.6882 0.9325
32.9957 0.5924 1.3013 0.8762
28.2052 4.5971 1.1268 0.8919
25.1194 5.0259 1.0101 0.9025
22.8350 6.3021 0.9341 0.9095
19.9906 7.9148 0.8478 0.9175
18.3506 8.8372 0.8031 0.9217
22.2488 13.8410 1.0332 0.9004
15.4965 10.4300 0.7366 0.9280
14.6130 10.6170 0.7122 0.9302
13.5233 11.3934 0.6973 0.9317
13.2128 12.8617 0.7271 0.9288
16.5877 17.3493 0.9465 0.9084
16.2016 18.2117 0.9611 0.9070
10.2771 13.3727 0.6650 0.9347
9.5855 13.4454 0.6511 0.9360
9.0676 13.7368 0.6490 0.9362
10.2770 21.8397 0.9517 0.9079
9.4158 22.0294 0.9447 0.9086
3.3003 17.3009 0.6945 0.9319
3.7748 24.5455 0.9792 0.9054
2.0410 25.2098 0.9973 0.9037
0.3978 8.8575 0.3496 0.9651
-0.5152 19.1280 0.7545 0.9263
-2.0088 20.2795 0.8036 0.9217
-3.9102 28.8667 1.1486 0.8899
-4.5469 21.7106 0.8746 0.9150
-6.4119 22.4455 0.9205 0.9108
-16.4382 28.0824 1.2831 0.8779
-21.0499 30.6770 1.4670 0.8616
-16.8826 18.3047 0.9819 0.9051
-22.2465 19.4362 1.1647 0.8885
-30.1811 -10.1069 1.2550 0.8804
-36.7815 -15.3322 1.5713 0.8526
-33.9421 -17.1029 1.4987 0.8589
-37.2063 -20.4543 1.6742 0.8437
-21.6119 -15.1168 1.0400 0.8998
-35.8658 -29.1325 1.8220 0.8311
-4.8651 -14.9734 0.6208 0.9389
0.3880 -43.2179 1.7042 0.8411
4.5239 -38.5935 1.5322 0.8559
6.0689 -39.4627 1.5743 0.8523
3.6035 -18.8901 0.7583 0.9259
5.7829 -21.7118 0.8860 0.9140
11.5641 -22.4461 0.9956 0.9039
49.1022 -8.0031 1.9617 0.8194
17.4495 -0.3133 0.6882 0.9325
32.9956 0.5924 1.3013 0.8762
33.1756 1.7885 1.3100 0.8755
28.8666 2.5981 1.1428 0.8905
28.2052 4.5971 1.1268 0.8919
22.8350 6.3021 0.9341 0.9095
23.1836 7.3034 0.9584 0.9073
30.1034 10.6856 1.2596 0.8800
19.9906 7.9148 0.8478 0.9175
18.3506 8.8372 0.8031 0.9217
17.7976 9.3723 0.7931 0.9226
23.4820 13.4638 1.0673 0.8973
15.4965 10.4300 0.7366 0.9280
14.6130 10.6170 0.7122 0.9302
14.0010 10.9613 0.7011 0.9313
13.2128 12.8617 0.7271 0.9288
16.2016 18.2117 0.9611 0.9070
10.2771 13.3727 0.6650 0.9347
9.5855 13.4454 0.6511 0.9360
8.1735 14.5565 0.6583 0.9354
5.5309 16.0368 0.6689 0.9343
4.9912 16.3547 0.6742 0.9338
4.3636 16.3832 0.6685 0.9344
3.8104 16.6945 0.6752 0.9337
3.7748 24.5455 0.9792 0.9054
0.3978 8.8575 0.3496 0.9651
0.0795 8.8557 0.3492 0.9652
-0.5152 19.1280 0.7545 0.9263
-2.0088 20.2795 0.8036 0.9217
-3.9102 28.8667 1.1486 0.8899
-6.4119 22.4455 0.9205 0.9108
-13.7559 27.9205 1.2273 0.8829
-14.7883 27.4813 1.2306 0.8826
-16.4382 28.0824 1.2831 0.8779
-19.2771 30.3759 1.4186 0.8659
-22.2466 19.4362 1.1647 0.8885
-30.1812 -10.1069 1.2550 0.8804
-44.1266 -16.5611 1.8585 0.8281
-40.4859 -18.6092 1.7570 0.8366
-33.9421 -17.1030 1.4987 0.8589
-37.8385 -22.6075 1.7380 0.8382
-33.2092 -21.4958 1.5599 0.8535
-33.8350 -25.5230 1.6712 0.8440
-25.4125 -23.8640 1.3746 0.8697
-1.2421 -46.1151 1.8190 0.8314
1.8262 -40.6617 1.6050 0.8496
3.0580 -37.7719 1.4943 0.8592
3.6035 -18.8901 0.7583 0.9259
5.7829 -21.7118 0.8860 0.9140
6.4164 -21.0244 0.8668 0.9158
17.7177 -45.9506 1.9419 0.8211
40.5301 -3.6478 1.6046 0.8497
37.6414 -2.0292 1.4864 0.8599
32.9956 0.5924 1.3013 0.8762
33.1756 1.7885 1.3100 0.8755
28.2052 4.5971 1.1268 0.8919
25.1194 5.0259 1.0101 0.9025
23.5389 5.5954 0.9540 0.9077
23.1836 7.3034 0.9584 0.9073
19.9906 7.9148 0.8478 0.9175
18.8255 8.2471 0.8104 0.9210
18.3506 8.8372 0.8031 0.9217
17.7976 9.3723 0.7931 0.9226
23.4820 13.4638 1.0673 0.8973
15.4965 10.4301 0.7366 0.9280
14.0010 10.9613 0.7011 0.9313
13.2128 12.8618 0.7271 0.9288
16.5877 17.3493 0.9465 0.9084
16.2016 18.2117 0.9611 0.9070
15.5932 18.8489 0.9646 0.9067
9.4158 22.0294 0.9447 0.9086
5.5308 16.0368 0.6689 0.9343
3.3003 17.3009 0.6945 0.9319
0.3978 8.8575 0.3496 0.9651
0.0795 8.8557 0.3492 0.9652
-1.2287 19.5294 0.7716 0.9247
-3.9103 28.8667 1.1486 0.8899
-4.5469 21.7106 0.8746 0.9150
-5.4093 21.8814 0.8888 0.9137
-6.4119 22.4455 0.9205 0.9108
-9.0194 24.7039 1.0370 0.9001
-16.4382 28.0824 1.2831 0.8779
-19.2772 30.3758 1.4186 0.8659
-21.0499 30.6770 1.4670 0.8616
-30.1811 -10.1069 1.2550 0.8804
-44.1266 -16.5611 1.8585 0.8281
-40.4859 -18.6093 1.7570 0.8366
-37.2062 -20.4543 1.6742 0.8437
-33.8351 -25.5232 1.6712 0.8440
-35.8659 -29.1327 1.8220 0.8311
-25.4125 -23.8640 1.3746 0.8697
-4.3429 -15.2030 0.6234 0.9387
3.0581 -37.7719 1.4943 0.8592
4.5240 -38.5936 1.5322 0.8559
9.4174 -41.2602 1.6688 0.8442
6.4163 -21.0243 0.8668 0.9158
11.5641 -22.4462 0.9956 0.9039
40.5301 -3.6478 1.6046 0.8497
28.8666 2.5981 1.1428 0.8905
22.8350 6.3021 0.9341 0.9095
18.8255 8.2471 0.8104 0.9210
17.7976 9.3723 0.7931 0.9226
22.2488 13.8410 1.0332 0.9004
14.6130 10.6170 0.7122 0.9302
14.0010 10.9613 0.7011 0.9313
13.5233 11.3935 0.6973 0.9317
16.5877 17.3493 0.9465 0.9084
16.2016 18.2117 0.9611 0.9070
10.2771 13.3727 0.6650 0.9347
9.5855 13.4454 0.6511 0.9360
8.5523 14.0267 0.6478 0.9364
8.4525 21.9216 0.9264 0.9102
5.5308 16.0368 0.6689 0.9343
4.3636 16.3832 0.6685 0.9344
3.8104 16.6945 0.6752 0.9337
3.7748 24.5455 0.9792 0.9054
2.0410 25.2098 0.9973 0.9037
0.3978 8.8575 0.3496 0.9651
-2.0089 20.2795 0.8036 0.9217
-3.9103 28.8667 1.1486 0.8899
-3.8358 22.2730 0.8912 0.9135
-4.5469 21.7106 0.8746 0.9150
-9.0194 24.7039 1.0370 0.9001
-11.3110 25.2017 1.0892 0.8953
-13.7559 27.9205 1.2273 0.8829
-14.7883 27.4813 1.2306 0.8826
-16.4382 28.0824 1.2831 0.8779
-22.2466 19.4362 1.1647 0.8885
-43.4298 6.2804 1.7303 0.8389
-40.1824 -13.4560 0.7158 0.8441
-43.3014 -16.2513 0.7813 0.8311
-36.7804 -15.3317 0.6731 0.8526
-39.9567 -18.3660 0.7428 0.8387
-37.1664 -20.4324 0.7164 0.8439
-33.2090 -21.4956 0.6682 0.8536
-32.2664 -22.5692 0.6651 0.8543
-33.8335 -25.5218 0.7159 0.8440
-4.8663 -14.9770 0.2660 0.9389
-3.1104 -49.4376 0.8367 0.8202
-1.2421 -46.1170 0.7793 0.8315
0.3879 -43.2196 0.7301 0.8412
2.9076 -35.9136 0.6086 0.8658
4.5239 -38.5936 0.6564 0.8560
15.4256 -44.7267 0.7992 0.8276
17.7177 -45.9506 0.8319 0.8212
39.2151 -12.3537 0.6945 0.8483
32.9910 0.5923 0.5574 0.8763
33.1778 1.7886 0.5613 0.8755
28.8666 2.5980 0.4895 0.8905
27.7923 3.5110 0.4732 0.8940
25.1169 5.0254 0.4327 0.9026
23.5389 5.5954 0.4087 0.9077
23.1854 7.3040 0.4106 0.9073
30.1034 10.6855 0.5396 0.8800
19.9888 7.9141 0.3632 0.9176
18.8255 8.2471 0.3472 0.9211
17.7997 9.3733 0.3398 0.9227
15.4953 10.4292 0.3155 0.9280
13.5240 11.3940 0.2987 0.9317
13.0416 11.8136 0.2972 0.9320
13.2151 12.8639 0.3115 0.9289
16.5865 17.3481 0.4054 0.9084
15.5932 18.8489 0.4132 0.9068
10.2764 13.3717 0.2849 0.9348
9.5855 13.4454 0.2789 0.9361
8.5523 14.0267 0.2775 0.9364
8.1729 14.5555 0.2820 0.9354
11.0326 21.4146 0.4069 0.9081
9.4158 22.0294 0.4047 0.9086
8.4520 21.9200 0.3968 0.9103
5.5305 16.0357 0.2865 0.9344
4.9909 16.3536 0.2888 0.9339
3.3001 17.2996 0.2975 0.9320
3.7745 24.5437 0.4195 0.9054
0.3972 8.8453 0.1496 0.9652
0.0795 8.8532 0.1496 0.9652
-0.5152 19.1280 0.3232 0.9263
-1.2287 19.5294 0.3305 0.9247
-2.0087 20.2778 0.3442 0.9217
-3.9099 28.8642 0.4920 0.8900
-3.8359 22.2737 0.3818 0.9135
-4.5464 21.7085 0.3747 0.9151
-5.4093 21.8814 0.3807 0.9138
-13.7562 27.9212 0.5258 0.8829
-14.7863 27.4776 0.5271 0.8826
-19.2776 30.3766 0.6077 0.8659
-21.0499 30.6769 0.6285 0.8617
-22.2398 19.4304 0.4989 0.8886
-40.1824 -13.4560 0.7158 0.8441
-43.3014 -16.2513 0.7813 0.8311
-39.9567 -18.3660 0.7428 0.8387
-37.1664 -20.4324 0.7164 0.8439
-37.7703 -22.5667 0.7432 0.8386
-33.2090 -21.4957 0.6682 0.8536
-35.8640 -29.1311 0.7805 0.8312
-25.4321 -23.8824 0.5889 0.8697
-4.3224 -15.1311 0.2659 0.9390
-1.2421 -46.1170 0.7793 0.8315
1.8262 -40.6631 0.6876 0.8497
6.0689 -39.4627 0.6744 0.8524
13.2819 -43.5207 0.7686 0.8336
17.7178 -45.9506 0.8319 0.8212
11.5610 -22.4401 0.4264 0.9039
49.1021 -8.0031 0.8404 0.8195
43.6629 -5.5159 0.7434 0.8386
40.5236 -3.6472 0.6873 0.8498
37.6352 -2.0288 0.6366 0.8600
28.8666 2.5981 0.4896 0.8905
27.7923 3.5110 0.4732 0.8940
25.1168 5.0254 0.4327 0.9026
23.5389 5.5954 0.4087 0.9077
18.8255 8.2471 0.3472 0.9211
18.3491 8.8364 0.3440 0.9218
17.7997 9.3734 0.3398 0.9227
23.4802 13.4628 0.4572 0.8974
22.2488 13.8410 0.4426 0.9005
14.6130 10.6170 0.3051 0.9303
13.0416 11.8136 0.2972 0.9320
16.5865 17.3481 0.4054 0.9084
16.2016 18.2117 0.4117 0.9071
9.5855 13.4454 0.2789 0.9361
8.1729 14.5555 0.2820 0.9354
11.0326 21.4146 0.4069 0.9081
10.2770 21.8397 0.4077 0.9080
5.5305 16.0357 0.2865 0.9344
4.9909 16.3536 0.2888 0.9339
3.7745 24.5437 0.4195 0.9054
2.8985 24.7273 0.4205 0.9052
0.3972 8.8453 0.1496 0.9652
0.0795 8.8532 0.1496 0.9652
-1.2287 19.5294 0.3305 0.9247
-3.9099 28.8642 0.4920 0.8900
-3.8359 22.2737 0.3818 0.9135
-6.4119 22.4454 0.3943 0.9108
-10.7882 33.2026 0.5897 0.8696
-9.0196 24.7045 0.4442 0.9001
-10.0836 24.8151 0.4525 0.8984
-11.3109 25.2016 0.4666 0.8954
-13.7562 27.9212 0.5258 0.8829
-14.7864 27.4777 0.5271 0.8826
-16.4382 28.0824 0.5496 0.8779
-19.2776 30.3766 0.6077 0.8659
-21.0499 30.6769 0.6285 0.8617
-16.8777 18.2994 0.4205 0.9052
-43.3691 6.2716 0.7402 0.8392
-47.2610 -10.3417 0.8172 0.8240
-21.5571 -5.5350 0.3760 0.9148
-40.1824 -13.4560 0.7158 0.8441
-36.7804 -15.3318 0.6731 0.8526
-39.9567 -18.3660 0.7428 0.8387
-33.9414 -17.1026 0.6420 0.8589
-37.1663 -20.4324 0.7164 0.8439
-37.7703 -22.5667 0.7432 0.8386
-33.8335 -25.5219 0.7159 0.8440
-35.8640 -29.1311 0.7805 0.8312
-4.3224 -15.1311 0.2658 0.9390
-3.1104 -49.4376 0.8367 0.8202
-1.2421 -46.1169 0.7793 0.8315
0.3880 -43.2195 0.7301 0.8412
1.8262 -40.6631 0.6876 0.8497
6.0689 -39.4627 0.6744 0.8524
3.6035 -18.8903 0.3248 0.9260
4.4650 -19.5624 0.3389 0.9229
11.2936 -42.4021 0.7412 0.8390
17.7178 -45.9506 0.8319 0.8212
49.1019 -8.0030 0.8404 0.8195
43.6629 -5.5159 0.7434 0.8386
37.6352 -2.0288 0.6366 0.8600
17.4449 -0.3132 0.2947 0.9326
28.8666 2.5981 0.4896 0.8905
27.7923 3.5110 0.4732 0.8940
28.2072 4.5975 0.4828 0.8920
25.1168 5.0254 0.4327 0.9026
22.8326 6.3014 0.4001 0.9096
22.2488 13.8410 0.4426 0.9005
14.0010 10.9613 0.3003 0.9313
13.5240 11.3940 0.2987 0.9317
13.2151 12.8640 0.3115 0.9289
16.2016 18.2117 0.4117 0.9071
15.5932 18.8489 0.4132 0.9068
10.2764 13.3717 0.2849 0.9348
8.1729 14.5555 0.2820 0.9354
11.0326 21.4146 0.4069 0.9081
10.2770 21.8397 0.4077 0.9080
9.4158 22.0294 0.4047 0.9086
5.5304 16.0357 0.2865 0.9344
4.9909 16.3536 0.2888 0.9339
3.3001 17.2996 0.2975 0.9320
2.8985 24.7273 0.4205 0.9052
0.0795 8.8532 0.1496 0.9652
-0.5152 19.1280 0.3232 0.9263
-1.2287 19.5294 0.3305 0.9247
-2.0087 20.2778 0.3442 0.9217
-3.9099 28.8642 0.4920 0.8900
-3.8359 22.2737 0.3818 0.9135
-4.5465 21.7085 0.3746 0.9151
-5.4093 21.8814 0.3807 0.9138
-6.4120 22.4455 0.3943 0.9108
-10.7882 33.2026 0.5897 0.8696
-10.0836 24.8151 0.4525 0.8984
-11.3110 25.2016 0.4666 0.8954
-13.7562 27.9212 0.5258 0.8829
-16.4382 28.0824 0.5496 0.8779
-16.8778 18.2994 0.4205 0.9052
-47.2610 -10.3417 0.8172 0.8240
-40.1825 -13.4561 0.7158 0.8441
-33.9414 -17.1026 0.6420 0.8589
-37.1663 -20.4324 0.7164 0.8439
-37.7703 -22.5667 0.7432 0.8386
-32.2664 -22.5692 0.6651 0.8543
-35.8641 -29.1313 0.7805 0.8312
-25.4322 -23.8824 0.5889 0.8697
-3.1104 -49.4376 0.8367 0.8202
-1.2421 -46.1170 0.7793 0.8315
1.8263 -40.6630 0.6876 0.8497
4.5240 -38.5936 0.6564 0.8560
4.4650 -19.5624 0.3389 0.9229
11.2936 -42.4021 0.7412 0.8390
13.2819 -43.5207 0.7686 0.8336
15.4257 -44.7267 0.7992 0.8276
17.7178 -45.9507 0.8319 0.8212
11.5610 -22.4401 0.4264 0.9039
39.2153 -12.3537 0.6945 0.8483
49.1019 -8.0030 0.8404 0.8195
17.4449 -0.3132 0.2947 0.9326
28.8665 2.5981 0.4896 0.8905
27.7923 3.5110 0.4732 0.8940
23.5389 5.5954 0.4087 0.9077
22.8327 6.3014 0.4001 0.9096
23.1854 7.3040 0.4106 0.9073
19.9888 7.9142 0.3632 0.9176
18.3490 8.8365 0.3440 0.9218
22.2488 13.8410 0.4426 0.9005
14.6130 10.6170 0.3051 0.9303
14.0010 10.9613 0.3004 0.9313
13.5240 11.3941 0.2987 0.9317
13.0416 11.8136 0.2972 0.9320
13.2151 12.8640 0.3115 0.9289
16.2016 18.2117 0.4117 0.9071
9.5854 13.4454 0.2789 0.9361
8.5523 14.0267 0.2775 0.9364
8.1729 14.5555 0.2820 0.9354
8.4520 21.9200 0.3968 0.9103
5.5304 16.0357 0.2865 0.9344
4.9908 16.3536 0.2888 0.9339
3.8104 16.6945 0.2892 0.9338
3.3001 17.2996 0.2975 0.9320
3.7745 24.5437 0.4195 0.9054
2.8985 24.7273 0.4205 0.9052
2.0410 25.2097 0.4272 0.9038
0.3972 8.8453 0.1496 0.9652
0.0794 8.8532 0.1496 0.9652
-0.5152 19.1280 0.3232 0.9263
-1.2287 19.5294 0.3305 0.9247
-2.0087 20.2778 0.3442 0.9217
-3.9099 28.8642 0.4920 0.8900
-3.8359 22.2737 0.3818 0.9135
-4.5465 21.7085 0.3746 0.9151
-10.7882 33.2026 0.5897 0.8696
-9.0197 24.7045 0.4442 0.9001
-11.3110 25.2016 0.4666 0.8954
-13.7562 27.9212 0.5258 0.8829
-19.2776 30.3766 0.6077 0.8659
-21.0500 30.6770 0.6285 0.8617
-16.8778 18.2994 0.4205 0.9052
-22.2399 19.4304 0.4989 0.8886
-43.3691 6.2716 0.7402 0.8392
-40.1813 -13.4556 -0.2386 0.8441
-43.3606 -16.2735 -0.2608 0.8309
-36.7793 -15.3313 -0.2243 0.8527
-33.9407 -17.1022 -0.2140 0.8590
-33.2088 -21.4955 -0.2227 0.8536
-32.2662 -22.5691 -0.2217 0.8543
-33.8320 -25.5207 -0.2386 0.8441
-4.8942 -49.4074 -0.2795 0.8199
-2.8738 -45.6783 -0.2577 0.8327
-1.2422 -46.1187 -0.2597 0.8315
0.3879 -43.2211 -0.2434 0.8412
2.8881 -35.6732 -0.2015 0.8666
4.5240 -38.5936 -0.2188 0.8560
7.6191 -39.9409 -0.2289 0.8499
13.2819 -43.5207 -0.2562 0.8336
15.4256 -44.7267 -0.2664 0.8276
16.9435 -43.9426 -0.2652 0.8283
19.2139 -44.9532 -0.2752 0.8224
11.5592 -22.4366 -0.1421 0.9040
43.6637 -5.5160 -0.2478 0.8386
37.6291 -2.0285 -0.2122 0.8601
33.1801 1.7887 -0.1871 0.8755
28.8665 2.5980 -0.1632 0.8905
25.1143 5.0248 -0.1442 0.9026
22.8304 6.3008 -0.1333 0.9096
23.1873 7.3046 -0.1369 0.9073
30.1034 10.6855 -0.1798 0.8801
19.9871 7.9135 -0.1210 0.9176
17.8018 9.3745 -0.1133 0.9227
22.2488 13.8410 -0.1475 0.9005
15.4941 10.4284 -0.1052 0.9280
14.6130 10.6170 -0.1017 0.9303
14.0010 10.9613 -0.1001 0.9313
13.5247 11.3946 -0.0996 0.9317
16.5853 17.3469 -0.1351 0.9085
10.2757 13.3708 -0.0949 0.9348
9.5855 13.4454 -0.0930 0.9361
9.0676 13.7368 -0.0927 0.9363
8.1723 14.5544 -0.0940 0.9354
10.2770 21.8397 -0.1359 0.9080
8.4514 21.9185 -0.1323 0.9103
4.9905 16.3524 -0.0963 0.9339
4.3636 16.3832 -0.0955 0.9344
3.8104 16.6944 -0.0964 0.9338
3.2998 17.2984 -0.0992 0.9320
3.7742 24.5419 -0.1398 0.9055
0.3967 8.8330 -0.0498 0.9652
0.0794 8.8507 -0.0498 0.9652
-4.5460 21.7065 -0.1249 0.9151
-5.4093 21.8814 -0.1269 0.9138
-11.3109 25.2016 -0.1555 0.8954
-13.7565 27.9218 -0.1753 0.8829
-14.7844 27.4740 -0.1757 0.8827
-16.4382 28.0823 -0.1832 0.8780
-22.2359 19.4269 -0.1662 0.8886
-43.3087 6.2629 -0.2464 0.8394
-47.2598 -10.3414 -0.2724 0.8241
-21.5602 -5.5357 -0.1253 0.9148
-40.1814 -13.4557 -0.2386 0.8441
-36.7793 -15.3313 -0.2243 0.8527
-33.9407 -17.1022 -0.2140 0.8590
-37.2434 -20.4748 -0.2393 0.8437
-37.8980 -22.6430 -0.2486 0.8381
-33.8320 -25.5208 -0.2386 0.8441
-35.8623 -29.1296 -0.2601 0.8313
-4.3096 -15.0861 -0.0883 0.9392
-2.8738 -45.6783 -0.2577 0.8327
-1.2422 -46.1187 -0.2597 0.8315
1.8263 -40.6645 -0.2292 0.8497
4.5240 -38.5936 -0.2188 0.8560
7.6191 -39.9409 -0.2289 0.8499
13.2819 -43.5207 -0.2562 0.8336
19.2139 -44.9531 -0.2752 0.8224
11.5592 -22.4366 -0.1421 0.9040
39.0640 -12.3061 -0.2306 0.8489
40.5171 -3.6466 -0.2290 0.8498
37.6291 -2.0285 -0.2122 0.8601
32.9862 0.5923 -0.1857 0.8764
33.1801 1.7887 -0.1871 0.8755
27.7890 3.5106 -0.1577 0.8940
28.2092 4.5978 -0.1609 0.8920
25.1143 5.0249 -0.1442 0.9026
22.8304 6.3008 -0.1333 0.9096
23.1873 7.3046 -0.1369 0.9073
19.9871 7.9135 -0.1210 0.9176
18.8255 8.2470 -0.1157 0.9211
23.4783 13.4617 -0.1524 0.8974
22.2488 13.8410 -0.1475 0.9005
15.4941 10.4284 -0.1052 0.9280
13.0407 11.8127 -0.0991 0.9320
13.2174 12.8662 -0.1039 0.9289
15.5931 18.8489 -0.1377 0.9068
9.0676 13.7368 -0.0927 0.9363
8.5523 14.0267 -0.0925 0.9364
11.0326 21.4146 -0.1356 0.9081
10.2770 21.8397 -0.1359 0.9080
8.4514 21.9185 -0.1323 0.9103
5.5301 16.0345 -0.0955 0.9344
4.9905 16.3524 -0.0963 0.9339
3.8104 16.6944 -0.0964 0.9338
3.2998 17.2984 -0.0992 0.9320
3.7742 24.5419 -0.1398 0.9054
2.0410 25.2097 -0.1424 0.9038
0.3967 8.8330 -0.0498 0.9652
0.0794 8.8507 -0.0498 0.9652
-1.2287 19.5294 -0.1102 0.9247
-2.0085 20.2761 -0.1147 0.9217
-3.9096 28.8617 -0.1640 0.8900
-3.8360 22.2743 -0.1273 0.9136
-5.4093 21.8814 -0.1269 0.9138
-10.7885 33.2035 -0.1966 0.8697
-10.0834 24.8145 -0.1508 0.8984
-13.7565 27.9218 -0.1753 0.8829
-19.2780 30.3773 -0.2026 0.8660
-16.8729 18.2941 -0.1401 0.9052
-22.2359 19.4269 -0.1662 0.8886
-43.3087 6.2629 -0.2464 0.8394
-47.2598 -10.3414 -0.2724 0.8241
-43.3606 -16.2735 -0.2608 0.8309
-40.0168 -18.3936 -0.2480 0.8385
-33.9407 -17.1022 -0.2140 0.8590
-37.2434 -20.4748 -0.2393 0.8437
-33.2088 -21.4955 -0.2227 0.8536
-32.2662 -22.5691 -0.2217 0.8543
-35.8623 -29.1297 -0.2601 0.8313
-4.8675 -14.9807 -0.0887 0.9389
6.0689 -39.4628 -0.2248 0.8524
7.6192 -39.9409 -0.2289 0.8499
4.4562 -19.5240 -0.1128 0.9230
5.1627 -19.3835 -0.1129 0.9229
11.5592 -22.4366 -0.1421 0.9040
43.6637 -5.5160 -0.2478 0.8386
37.6291 -2.0285 -0.2122 0.8601
32.9862 0.5923 -0.1857 0.8764
33.1801 1.7887 -0.1871 0.8755
27.7889 3.5106 -0.1577 0.8940
28.2092 4.5978 -0.1609 0.8920
25.1143 5.0249 -0.1442 0.9026
23.5388 5.5954 -0.1362 0.9078
23.1873 7.3046 -0.1369 0.9073
30.1034 10.6855 -0.1798 0.8801
19.9871 7.9135 -0.1210 0.9176
18.8255 8.2470 -0.1157 0.9211
18.3475 8.8357 -0.1147 0.9218
17.8018 9.3745 -0.1133 0.9227
23.4783 13.4617 -0.1524 0.8974
15.4941 10.4285 -0.1052 0.9280
14.6130 10.6170 -0.1017 0.9303
14.0010 10.9613 -0.1001 0.9313
13.5247 11.3946 -0.0996 0.9317
13.2174 12.8662 -0.1038 0.9289
10.2757 13.3708 -0.0949 0.9348
9.5855 13.4454 -0.0930 0.9361
8.5523 14.0267 -0.0925 0.9364
8.1723 14.5545 -0.0940 0.9354
11.0326 21.4146 -0.1356 0.9081
10.2770 21.8397 -0.1359 0.9080
9.4158 22.0293 -0.1349 0.9086
4.9905 16.3524 -0.0963 0.9339
4.3636 16.3832 -0.0955 0.9344
3.8104 16.6944 -0.0964 0.9338
3.7742 24.5419 -0.1398 0.9054
2.8985 24.7273 -0.1402 0.9052
0.3967 8.8330 -0.0498 0.9652
0.0794 8.8507 -0.0498 0.9652
-2.0085 20.2761 -0.1147 0.9217
-4.5460 21.7065 -0.1249 0.9151
-6.4119 22.4454 -0.1314 0.9109
-9.0199 24.7052 -0.1481 0.9001
-10.0834 24.8145 -0.1508 0.8984
-11.3110 25.2016 -0.1555 0.8954
-13.7565 27.9218 -0.1753 0.8829
-16.4382 28.0824 -0.1832 0.8780
-19.2780 30.3772 -0.2026 0.8660
-16.8729 18.2941 -0.1401 0.9052
-43.3087 6.2629 -0.2464 0.8394
-21.5602 -5.5357 -0.1253 0.9148
-40.1814 -13.4557 -0.2386 0.8441
-40.0168 -18.3936 -0.2480 0.8385
-33.9407 -17.1022 -0.2140 0.8590
-33.2088 -21.4955 -0.2227 0.8536
1.8263 -40.6644 -0.2292 0.8497
6.0689 -39.4628 -0.2248 0.8524
7.6192 -39.9409 -0.2289 0.8499
5.1627 -19.3835 -0.1129 0.9229
43.6637 -5.5160 -0.2478 0.8386
40.5171 -3.6466 -0.2290 0.8498
37.6291 -2.0285 -0.2122 0.8601
17.4404 -0.3131 -0.0982 0.9326
32.9862 0.5923 -0.1857 0.8764
33.1801 1.7887 -0.1871 0.8755
22.8304 6.3008 -0.1333 0.9096
30.1033 10.6856 -0.1798 0.8801
19.9871 7.9135 -0.1210 0.9176
18.8255 8.2471 -0.1157 0.9211
17.8018 9.3745 -0.1133 0.9227
15.4941 10.4284 -0.1052 0.9280
14.0009 10.9613 -0.1001 0.9313
13.5247 11.3947 -0.0996 0.9317
13.0407 11.8127 -0.0991 0.9320
16.2016 18.2117 -0.1372 0.9071
15.5931 18.8489 -0.1377 0.9068
10.2756 13.3708 -0.0949 0.9348
9.0675 13.7368 -0.0927 0.9363
8.1723 14.5545 -0.0940 0.9354
11.0326 21.4146 -0.1356 0.9081
9.4158 22.0293 -0.1349 0.9086
4.9905 16.3524 -0.0963 0.9339
3.8104 16.6944 -0.0964 0.9338
3.2998 17.2984 -0.0992 0.9320
3.7742 24.5419 -0.1398 0.9054
2.8985 24.7273 -0.1402 0.9052
0.3967 8.8330 -0.0498 0.9652
-4.5460 21.7065 -0.1249 0.9151
-5.4093 21.8814 -0.1269 0.9138
-10.7885 33.2035 -0.1966 0.8697
-9.0199 24.7052 -0.1481 0.9001
-16.4382 28.0824 -0.1832 0.8780
-19.2780 30.3773 -0.2026 0.8660
-21.0500 30.6769 -0.2095 0.8617
-16.8729 18.2941 -0.1401 0.9052
-22.2359 19.4269 -0.1662 0.8886
-21.5632 -5.5365 -0.6269 0.9148
-40.1803 -13.4552 -1.1931 0.8440
-36.7782 -15.3308 -1.1219 0.8526
-33.9400 -17.1019 -1.0701 0.8589
-37.2435 -20.4748 -1.1967 0.8436
-37.8966 -22.6422 -1.2430 0.8381
-32.2661 -22.5690 -1.1088 0.8542
-33.8305 -25.5196 -1.1932 0.8440
-35.8605 -29.1282 -1.3009 0.8312
-25.4305 -23.8808 -0.9823 0.8697
-4.3064 -15.0748 -0.4415 0.9392
-1.2422 -46.1205 -1.2991 0.8314
0.3880 -43.2227 -1.2171 0.8412
1.8263 -40.6659 -1.1462 0.8497
2.8915 -35.7147 -1.0089 0.8664
6.0688 -39.4628 -1.1242 0.8523
7.6191 -39.9409 -1.1449 0.8498
5.1628 -19.3838 -0.5648 0.9229
13.2819 -43.5208 -1.2813 0.8335
15.4256 -44.7268 -1.3322 0.8275
16.9439 -43.9436 -1.3262 0.8282
38.9137 -12.2588 -1.1488 0.8494
40.5106 -3.6460 -1.1453 0.8498
17.4358 -0.3130 -0.4910 0.9326
32.9816 0.5922 -0.9288 0.8763
28.8665 2.5980 -0.8161 0.8905
27.7856 3.5101 -0.7886 0.8940
25.1117 5.0243 -0.7211 0.9026
19.9854 7.9128 -0.6052 0.9176
18.8255 8.2470 -0.5787 0.9210
18.3459 8.8349 -0.5734 0.9217
17.8038 9.3756 -0.5666 0.9226
22.2488 13.8409 -0.7378 0.9005
14.6130 10.6170 -0.5086 0.9303
13.2198 12.8685 -0.5195 0.9288
15.5931 18.8489 -0.6888 0.9067
10.2750 13.3699 -0.4748 0.9348
9.5855 13.4454 -0.4650 0.9361
8.1718 14.5534 -0.4700 0.9354
9.4158 22.0293 -0.6746 0.9086
5.5297 16.0334 -0.4776 0.9344
4.9902 16.3513 -0.4814 0.9339
4.3636 16.3832 -0.4774 0.9344
3.7739 24.5401 -0.6991 0.9054
2.8985 24.7272 -0.7010 0.9052
0.3961 8.8208 -0.2486 0.9653
-0.5152 19.1280 -0.5388 0.9263
-1.2287 19.5294 -0.5510 0.9247
-2.0083 20.2744 -0.5737 0.9217
-4.5456 21.7045 -0.6244 0.9151
-5.4093 21.8813 -0.6347 0.9138
-6.4119 22.4454 -0.6573 0.9108
-10.0831 24.8140 -0.7542 0.8984
-11.3109 25.2015 -0.7778 0.8954
-13.7569 27.9226 -0.8765 0.8829
-19.2785 30.3781 -1.0131 0.8659
-21.0498 30.6768 -1.0476 0.8617
-21.5632 -5.5365 -0.6269 0.9148
-40.1803 -13.4553 -1.1931 0.8440
-40.0161 -18.3933 -1.2401 0.8384
-33.2087 -21.4954 -1.1139 0.8536
-32.2661 -22.5690 -1.1088 0.8542
-33.8305 -25.5196 -1.1932 0.8440
-25.4305 -23.8808 -0.9823 0.8697
-4.8687 -14.9843 -0.4436 0.9389
-2.8172 -44.7788 -1.2634 0.8357
-1.2422 -46.1205 -1.2991 0.8314
0.3880 -43.2226 -1.2171 0.8412
2.8915 -35.7147 -1.0089 0.8664
6.0689 -39.4628 -1.1242 0.8523
7.6191 -39.9409 -1.1449 0.8498
4.4563 -19.5242 -0.5639 0.9230
5.1628 -19.3838 -0.5648 0.9229
15.4256 -44.7268 -1.3322 0.8275
16.9439 -43.9436 -1.3262 0.8282
19.2144 -44.9542 -1.3766 0.8223
38.9138 -12.2588 -1.1488 0.8494
49.1018 -8.0030 -1.4008 0.8195
43.6646 -5.5161 -1.2393 0.8385
40.5106 -3.6460 -1.1453 0.8498
37.6229 -2.0282 -1.0609 0.8600
17.4358 -0.3130 -0.4910 0.9326
23.5388 5.5954 -0.6813 0.9077
30.1033 10.6855 -0.8995 0.8800
18.8255 8.2470 -0.5787 0.9210
15.4929 10.4276 -0.5259 0.9280
13.0397 11.8119 -0.4954 0.9320
13.2198 12.8685 -0.5195 0.9288
16.5841 17.3456 -0.6757 0.9084
16.2016 18.2117 -0.6864 0.9071
10.2750 13.3699 -0.4748 0.9348
8.5523 14.0267 -0.4626 0.9364
10.2770 21.8397 -0.6796 0.9079
9.4158 22.0293 -0.6746 0.9086
3.8104 16.6944 -0.4822 0.9338
3.2996 17.2971 -0.4958 0.9320
3.7739 24.5401 -0.6991 0.9054
0.0794 8.8482 -0.2492 0.9652
-4.5456 21.7045 -0.6244 0.9151
-6.4119 22.4454 -0.6573 0.9108
-10.7888 33.2046 -0.9831 0.8696
-13.7569 27.9225 -0.8765 0.8829
-14.7824 27.4704 -0.8784 0.8826
-16.4382 28.0823 -0.9162 0.8779
-16.8680 18.2889 -0.7006 0.9052
-22.2323 19.4238 -0.8313 0.8886
-40.0161 -18.3933 -1.2401 0.8384
-33.2087 -21.4954 -1.1139 0.8536
-32.2660 -22.5690 -1.1088 0.8542
-33.8305 -25.5196 -1.1932 0.8440
-35.8605 -29.1283 -1.3009 0.8312
-25.4305 -23.8809 -0.9823 0.8697
-4.8687 -14.9843 -0.4436 0.9389
-1.2422 -46.1204 -1.2991 0.8314
1.8264 -40.6658 -1.1462 0.8497
4.5240 -38.5936 -1.0942 0.8560
6.0689 -39.4628 -1.1243 0.8523
4.4563 -19.5242 -0.5639 0.9230
19.2144 -44.9542 -1.3766 0.8223
38.9138 -12.2588 -1.1488 0.8494
49.1017 -8.0030 -1.4008 0.8195
43.6646 -5.5161 -1.2393 0.8385
40.5106 -3.6460 -1.1453 0.8498
37.6229 -2.0282 -1.0609 0.8600
17.4358 -0.3130 -0.4910 0.9326
27.7856 3.5102 -0.7886 0.8940
23.5388 5.5954 -0.6813 0.9077
22.8280 6.3002 -0.6668 0.9096
23.1892 7.3052 -0.6846 0.9073
30.1033 10.6855 -0.8995 0.8800
19.9854 7.9128 -0.6052 0.9176
18.8255 8.2470 -0.5787 0.9210
15.4929 10.4277 -0.5259 0.9280
14.6130 10.6170 -0.5086 0.9303
13.0397 11.8119 -0.4954 0.9320
16.5841 17.3456 -0.6757 0.9084
16.2016 18.2117 -0.6864 0.9071
10.2750 13.3699 -0.4748 0.9348
9.5854 13.4454 -0.4650 0.9361
8.5523 14.0267 -0.4626 0.9364
8.1718 14.5534 -0.4700 0.9354
10.2770 21.8397 -0.6796 0.9079
5.5297 16.0334 -0.4776 0.9344
0.3961 8.8208 -0.2486 0.9653
-0.5152 19.1280 -0.5388 0.9263
-3.9093 28.8592 -0.8200 0.8900
-4.5456 21.7045 -0.6244 0.9151
-5.4093 21.8813 -0.6347 0.9138
-13.7569 27.9225 -0.8765 0.8829
-14.7824 27.4704 -0.8784 0.8826
-16.4382 28.0823 -0.9162 0.8779
-22.2323 19.4238 -0.8313 0.8886
-47.2587 -10.3412 -1.3622 0.8240
-40.1803 -13.4554 -1.1932 0.8440
-36.7783 -15.3309 -1.1220 0.8526
-33.9400 -17.1019 -1.0701 0.8589
-37.2435 -20.4748 -1.1967 0.8436
-37.8966 -22.6422 -1.2430 0.8381
-33.2087 -21.4954 -1.1139 0.8536
-32.2661 -22.5690 -1.1088 0.8542
-25.4305 -23.8809 -0.9823 0.8697
-4.8686 -14.9843 -0.4436 0.9389
-1.2422 -46.1205 -1.2991 0.8314
2.8915 -35.7147 -1.0089 0.8664
6.0689 -39.4628 -1.1243 0.8523
4.4563 -19.5242 -0.5639 0.9230
5.1628 -19.3838 -0.5648 0.9229
19.2144 -44.9541 -1.3766 0.8223
11.5574 -22.4332 -0.7106 0.9040
38.9139 -12.2587 -1.1488 0.8494
49.1017 -8.0030 -1.4008 0.8195
37.6229 -2.0282 -1.0609 0.8600
17.4358 -0.3130 -0.4910 0.9326
33.1823 1.7889 -0.9357 0.8755
28.8664 2.5981 -0.8161 0.8905
27.7856 3.5102 -0.7886 0.8940
25.1117 5.0243 -0.7211 0.9026
23.5388 5.5954 -0.6813 0.9077
23.1892 7.3052 -0.6846 0.9073
19.9853 7.9128 -0.6052 0.9176
18.8255 8.2470 -0.5787 0.9210
18.3459 8.8349 -0.5734 0.9217
17.8039 9.3756 -0.5666 0.9226
22.2488 13.8409 -0.7378 0.9005
15.4929 10.4276 -0.5259 0.9280
13.2198 12.8685 -0.5195 0.9288
16.5841 17.3456 -0.6757 0.9084
16.2016 18.2117 -0.6864 0.9071
15.5931 18.8489 -0.6888 0.9067
9.0675 13.7368 -0.4635 0.9363
8.5523 14.0267 -0.4626 0.9364
8.1718 14.5534 -0.4700 0.9354
9.4158 22.0293 -0.6746 0.9086
5.5297 16.0334 -0.4776 0.9344
4.9901 16.3513 -0.4814 0.9339
3.8104 16.6944 -0.4822 0.9338
3.7739 24.5401 -0.6991 0.9054
2.8985 24.7272 -0.7010 0.9052
2.0410 25.2097 -0.7122 0.9037
0.3961 8.8208 -0.2486 0.9653
-0.5152 19.1280 -0.5388 0.9263
-2.0084 20.2744 -0.5737 0.9217
-3.9093 28.8592 -0.8200 0.8900
-4.5456 21.7045 -0.6244 0.9151
-5.4093 21.8813 -0.6347 0.9138
-6.4120 22.4454 -0.6573 0.9108
-9.0202 24.7059 -0.7406 0.9001
-19.2785 30.3781 -1.0131 0.8659
-21.0500 30.6769 -1.0476 0.8617
-16.8681 18.2888 -0.7006 0.9052
-28.9950 0.0000 -1.4705 0.8904
-22.7719 -3.2931 -1.1669 0.9120
-46.6551 -10.2091 -2.4221 0.8259
-21.5662 -5.5373 -1.1292 0.9147
-43.3591 -16.2729 -2.3487 0.8307
-36.7772 -15.3304 -2.0207 0.8525
-33.9393 -17.1015 -1.9274 0.8588
-37.1665 -20.4324 -2.1509 0.8438
-33.2085 -21.4953 -2.0062 0.8535
-33.8289 -25.5184 -2.1490 0.8439
-36.5070 -31.8952 -2.4585 0.8235
-25.4296 -23.8800 -1.7691 0.8696
-31.5871 -36.8161 -2.4601 0.8234
-14.9825 -25.5955 -1.5041 0.8880
-14.0461 -26.1021 -1.5032 0.8881
-13.9381 -28.2904 -1.5994 0.8813
-10.3873 -28.4505 -1.5360 0.8858
-4.3031 -15.0636 -0.7945 0.9392
-7.0736 -28.6137 -1.4948 0.8887
-9.2737 -44.2803 -2.2944 0.8343
-8.1352 -47.2384 -2.4309 0.8253
-6.4244 -47.4268 -2.4272 0.8256
-2.8176 -44.7844 -2.2757 0.8355
-1.2821 -47.5986 -2.4148 0.8264
0.3871 -43.1244 -2.1871 0.8414
1.8222 -40.5734 -2.0597 0.8499
5.1629 -19.3840 -1.0173 0.9228
15.1963 -44.0619 -2.3637 0.8297
18.2290 -42.6489 -2.3522 0.8305
19.6989 -41.8623 -2.3463 0.8309
11.5556 -22.4297 -1.2796 0.9039
25.2267 -38.2167 -2.3223 0.8324
26.5126 -37.1889 -2.3162 0.8328
27.8221 -36.2023 -2.3155 0.8329
28.8812 -34.9113 -2.2978 0.8340
25.2480 -28.3804 -1.9264 0.8589
26.4417 -27.6559 -1.9405 0.8579
36.0047 -32.6144 -2.4637 0.8232
38.2459 -29.9425 -2.4633 0.8232
39.2941 -28.5488 -2.4632 0.8232
40.2924 -27.1192 -2.4631 0.8232
41.2397 -25.6552 -2.4631 0.8232
44.3819 -19.4427 -2.4573 0.8236
34.3127 -12.1797 -1.8465 0.8643
43.9986 -12.1428 -2.3148 0.8329
44.4136 -10.5574 -2.3152 0.8329
45.0745 -7.3466 -2.3161 0.8328
40.3715 -3.6335 -2.0557 0.8501
17.4312 -0.3130 -0.8842 0.9326
32.8614 0.5900 -1.6668 0.8767
33.1197 1.7854 -1.6821 0.8756
27.7823 3.5097 -1.4202 0.8939
25.1091 5.0238 -1.2986 0.9025
23.5388 5.5953 -1.2270 0.9076
23.1911 7.3058 -1.2331 0.9072
19.9836 7.9121 -1.0900 0.9175
18.8255 8.2470 -1.0423 0.9210
18.3444 8.8342 -1.0326 0.9217
17.8059 9.3766 -1.0206 0.9226
23.4746 13.4596 -1.3723 0.8973
22.2487 13.8409 -1.3289 0.9004
13.0388 11.8110 -0.8922 0.9320
13.2221 12.8708 -0.9358 0.9288
10.2743 13.3689 -0.8551 0.9347
9.5854 13.4454 -0.8374 0.9360
9.0676 13.7368 -0.8347 0.9362
11.0326 21.4146 -1.2217 0.9080
9.4158 22.0293 -1.2150 0.9085
4.9898 16.3501 -0.8669 0.9338
4.3636 16.3832 -0.8598 0.9343
3.8104 16.6944 -0.8684 0.9337
3.7737 24.5382 -1.2591 0.9053
2.8985 24.7272 -1.2626 0.9051
2.0410 25.2097 -1.2827 0.9037
-2.0082 20.2727 -1.0332 0.9216
-3.8363 22.2758 -1.1463 0.9134
-4.5452 21.7025 -1.1245 0.9150
-6.4119 22.4454 -1.1838 0.9107
-9.0204 24.7067 -1.3339 0.9000
-11.3109 25.2015 -1.4009 0.8953
-13.7572 27.9233 -1.5786 0.8828
-14.7805 27.4667 -1.5818 0.8826
-16.4381 28.0823 -1.6502 0.8778
-26.2516 32.9185 -2.1353 0.8448
-22.2288 19.4207 -1.4970 0.8885
-45.9427 10.0531 -2.3851 0.8283
-46.2644 8.3957 -2.3846 0.8283
-46.8795 3.3721 -2.3836 0.8284
-33.2540 -3.5958 -1.6963 0.8746
-21.5662 -5.5373 -1.1292 0.9147
-45.9503 -13.5737 -2.4299 0.8254
-40.1792 -13.4549 -2.1489 0.8439
-43.3591 -16.2730 -2.3487 0.8307
-36.7772 -15.3304 -2.0207 0.8525
-40.0154 -18.3929 -2.2335 0.8383
-33.2085 -21.4953 -2.0062 0.8535
-32.2659 -22.5689 -1.9969 0.8541
-25.4296 -23.8800 -1.7691 0.8696
-34.1426 -34.4505 -2.4598 0.8234
-32.8883 -35.6585 -2.4601 0.8234
-20.2302 -25.3678 -1.6455 0.8781
-28.8562 -38.9767 -2.4594 0.8235
-19.0483 -27.7600 -1.7074 0.8739
-13.9381 -28.2904 -1.5994 0.8813
-12.1236 -27.0122 -1.5016 0.8882
-10.3873 -28.4505 -1.5360 0.8858
-4.8699 -14.9879 -0.7992 0.9388
-7.0736 -28.6137 -1.4948 0.8887
-9.2737 -44.2803 -2.2944 0.8343
-8.1352 -47.2384 -2.4309 0.8253
-6.4244 -47.4268 -2.4272 0.8256
-2.8176 -44.7843 -2.2757 0.8355
1.8222 -40.5734 -2.0597 0.8499
4.4674 -38.1108 -1.9460 0.8575
7.6070 -39.8771 -2.0588 0.8499
13.2609 -43.4520 -2.3040 0.8336
11.2896 -29.2792 -1.5914 0.8819
22.5365 -40.1362 -2.3344 0.8316
26.5127 -37.1889 -2.3162 0.8328
27.8221 -36.2023 -2.3155 0.8329
28.8812 -34.9113 -2.2978 0.8340
25.2480 -28.3804 -1.9264 0.8589
26.4418 -27.6559 -1.9405 0.8579
37.1490 -31.2982 -2.4635 0.8232
38.2459 -29.9425 -2.4633 0.8232
40.2925 -27.1192 -2.4631 0.8232
41.2397 -25.6551 -2.4631 0.8232
42.1345 -24.1585 -2.4631 0.8232
42.9759 -22.6313 -2.4632 0.8232
42.4216 -16.7959 -2.3139 0.8330
34.3127 -12.1797 -1.8465 0.8643
30.3492 -9.5607 -1.6137 0.8803
44.7723 -8.9581 -2.3156 0.8329
43.6654 -5.5162 -2.2321 0.8384
33.1197 1.7854 -1.6821 0.8756
28.8664 2.5980 -1.4699 0.8904
27.7823 3.5097 -1.4202 0.8939
23.5388 5.5953 -1.2270 0.9076
19.9836 7.9121 -1.0900 0.9175
18.8255 8.2470 -1.0423 0.9210
18.3444 8.8342 -1.0326 0.9217
23.4746 13.4596 -1.3723 0.8973
15.4917 10.4269 -0.9470 0.9279
14.6129 10.6170 -0.9160 0.9302
14.0009 10.9613 -0.9018 0.9313
13.5261 11.3958 -0.8970 0.9316
13.0388 11.8110 -0.8922 0.9320
13.2221 12.8708 -0.9358 0.9288
16.5829 17.3444 -1.2169 0.9084
16.2016 18.2117 -1.2362 0.9070
15.5931 18.8488 -1.2406 0.9067
10.2743 13.3689 -0.8551 0.9347
9.5854 13.4454 -0.8374 0.9360
9.0675 13.7368 -0.8347 0.9362
8.5523 14.0266 -0.8331 0.9363
11.0326 21.4146 -1.2217 0.9080
10.2770 21.8397 -1.2241 0.9079
5.5293 16.0323 -0.8601 0.9343
3.2994 17.2958 -0.8930 0.9319
3.7737 24.5382 -1.2591 0.9053
0.0794 8.8457 -0.4486 0.9652
-0.5152 19.1279 -0.9704 0.9262
-1.2287 19.5293 -0.9924 0.9246
-2.0082 20.2727 -1.0332 0.9216
-3.8363 22.2758 -1.1463 0.9134
-5.4093 21.8813 -1.1431 0.9137
-6.4119 22.4454 -1.1838 0.9107
-10.7638 33.1276 -1.7665 0.8698
-9.0204 24.7067 -1.3339 0.9000
-10.0829 24.8134 -1.3583 0.8983
-14.7805 27.4667 -1.5818 0.8826
-16.4382 28.0823 -1.6502 0.8778
-19.2432 30.3224 -1.8213 0.8660
-16.8723 18.2935 -1.2621 0.9051
-45.9427 10.0531 -2.3851 0.8283
-43.2056 4.6718 -2.2039 0.8403
-46.8795 3.3721 -2.3836 0.8284
-47.2774 -1.6982 -2.3992 0.8274
-47.2825 -3.4012 -2.4041 0.8271
-33.2540 -3.5958 -1.6963 0.8746
-22.7719 -3.2931 -1.1669 0.9120
-46.9091 -8.5128 -2.4178 0.8262
-21.5662 -5.5373 -1.1292 0.9147
-40.1792 -13.4549 -2.1489 0.8439
-43.3591 -16.2730 -2.3487 0.8307
-36.7772 -15.3304 -2.0207 0.8525
-33.9393 -17.1016 -1.9274 0.8588
-37.1664 -20.4325 -2.1509 0.8438
-32.2659 -22.5689 -1.9969 0.8541
-33.8290 -25.5185 -2.1490 0.8439
-36.5070 -31.8952 -2.4585 0.8235
-34.1426 -34.4505 -2.4598 0.8234
-32.8883 -35.6585 -2.4601 0.8234
-19.0482 -27.7598 -1.7074 0.8739
-16.3687 -25.7930 -1.5492 0.8848
-14.9825 -25.5955 -1.5041 0.8880
-13.9381 -28.2905 -1.5994 0.8813
-11.1399 -27.4147 -1.5007 0.8882
-10.3873 -28.4505 -1.5360 0.8858
-4.8699 -14.9879 -0.7992 0.9388
-4.3031 -15.0636 -0.7945 0.9392
-9.2737 -44.2803 -2.2944 0.8343
-8.1352 -47.2384 -2.4309 0.8253
0.3871 -43.1244 -2.1871 0.8414
4.4674 -38.1108 -1.9460 0.8575
6.0593 -39.4004 -2.0216 0.8524
7.6070 -39.8771 -2.0588 0.8499
4.4604 -19.5420 -1.0165 0.9229
5.1629 -19.3840 -1.0173 0.9228
13.2610 -43.4520 -2.3040 0.8336
18.2290 -42.6488 -2.3522 0.8305
23.9009 -39.1998 -2.3284 0.8320
25.2267 -38.2167 -2.3223 0.8324
27.8221 -36.2023 -2.3155 0.8329
28.8812 -34.9113 -2.2978 0.8340
26.4418 -27.6559 -1.9405 0.8579
36.0047 -32.6143 -2.4637 0.8232
37.1490 -31.2982 -2.4635 0.8232
39.2941 -28.5488 -2.4632 0.8232
40.2924 -27.1191 -2.4631 0.8232
41.2397 -25.6551 -2.4631 0.8232
43.7629 -21.0750 -2.4633 0.8232
44.3819 -19.4427 -2.4573 0.8236
42.4216 -16.7959 -2.3139 0.8330
44.4136 -10.5574 -2.3152 0.8329
44.7724 -8.9580 -2.3156 0.8329
45.0745 -7.3465 -2.3161 0.8328
43.6654 -5.5162 -2.2321 0.8384
40.3715 -3.6335 -2.0557 0.8501
37.5187 -2.0226 -1.9055 0.8603
33.1197 1.7854 -1.6821 0.8756
28.8664 2.5980 -1.4699 0.8904
27.7822 3.5097 -1.4201 0.8939
28.2133 4.5985 -1.4497 0.8918
22.8257 6.2995 -1.2009 0.9095
23.1911 7.3058 -1.2331 0.9072
18.8255 8.2470 -1.0423 0.9210
18.3443 8.8342 -1.0326 0.9217
17.8059 9.3767 -1.0206 0.9226
22.2487 13.8409 -1.3288 0.9004
15.4917 10.4269 -0.9470 0.9279
14.0009 10.9613 -0.9018 0.9313
13.5261 11.3958 -0.8970 0.9316
16.5829 17.3444 -1.2169 0.9084
16.2016 18.2117 -1.2362 0.9070
15.5931 18.8488 -1.2406 0.9067
10.2742 13.3690 -0.8551 0.9347
9.5854 13.4454 -0.8374 0.9360
9.0675 13.7368 -0.8347 0.9362
8.5523 14.0266 -0.8331 0.9363
8.1712 14.5524 -0.8464 0.9353
10.2770 21.8397 -1.2241 0.9079
9.4158 22.0293 -1.2150 0.9085
8.4502 21.9155 -1.1912 0.9102
5.5293 16.0323 -0.8601 0.9343
4.9898 16.3501 -0.8669 0.9338
3.7737 24.5382 -1.2591 0.9053
2.8985 24.7272 -1.2626 0.9051
2.0410 25.2097 -1.2827 0.9037
0.0794 8.8457 -0.4486 0.9652
-2.0082 20.2727 -1.0331 0.9216
-4.5452 21.7025 -1.1245 0.9150
-6.4119 22.4454 -1.1838 0.9107
-9.0204 24.7067 -1.3339 0.9000
-10.0829 24.8134 -1.3583 0.8983
-11.3110 25.2015 -1.4009 0.8953
-13.7573 27.9233 -1.5786 0.8828
-21.0498 30.6767 -1.8868 0.8616
-26.2518 32.9186 -2.1353 0.8448
-22.2288 19.4207 -1.4970 0.8885
-46.2644 8.3957 -2.3846 0.8283
-42.2915 6.1158 -2.1671 0.8427
-43.2056 4.6718 -2.2039 0.8403
-46.8795 3.3721 -2.3836 0.8284
-47.2825 -3.4012 -2.4041 0.8271
-33.2540 -3.5958 -1.6963 0.8746
-22.7719 -3.2931 -1.1669 0.9120
-46.9091 -8.5128 -2.4178 0.8262
-45.9503 -13.5737 -2.4299 0.8254
-40.1792 -13.4550 -2.1489 0.8439
-43.3591 -16.2730 -2.3487 0.8307
-36.7772 -15.3305 -2.0207 0.8525
-40.0154 -18.3930 -2.2335 0.8383
-33.9393 -17.1016 -1.9274 0.8588
-37.1664 -20.4325 -2.1509 0.8438
-32.1723 -19.2221 -1.9006 0.8606
-33.2085 -21.4953 -2.0062 0.8535
-32.2659 -22.5689 -1.9969 0.8541
-33.8290 -25.5186 -2.1490 0.8439
-36.5070 -31.8953 -2.4585 0.8235
-34.1426 -34.4505 -2.4598 0.8234
-32.8883 -35.6585 -2.4601 0.8234
-31.5870 -36.8161 -2.4601 0.8234
-28.8562 -38.9765 -2.4594 0.8235
-14.9825 -25.5955 -1.5041 0.8880
-10.3873 -28.4505 -1.5360 0.8858
-9.2736 -44.2801 -2.2944 0.8343
-8.1352 -47.2384 -2.4309 0.8253
-6.4244 -47.4268 -2.4272 0.8256
-2.8176 -44.7843 -2.2757 0.8355
-1.2820 -47.5986 -2.4148 0.8264
1.8222 -40.5733 -2.0597 0.8499
4.4674 -38.1108 -1.9460 0.8575
6.0593 -39.4004 -2.0216 0.8524
4.4604 -19.5420 -1.0165 0.9229
5.1629 -19.3840 -1.0173 0.9228
15.1964 -44.0619 -2.3637 0.8297
11.2896 -29.2792 -1.5914 0.8819
18.2291 -42.6488 -2.3522 0.8305
23.9009 -39.1998 -2.3284 0.8320
27.8222 -36.2022 -2.3155 0.8329
28.8812 -34.9113 -2.2978 0.8340
25.2480 -28.3804 -1.9264 0.8589
26.4418 -27.6559 -1.9405 0.8579
34.8145 -33.8893 -2.4640 0.8232
36.0047 -32.6143 -2.4637 0.8232
37.1490 -31.2982 -2.4635 0.8232
39.2941 -28.5487 -2.4632 0.8232
40.2926 -27.1192 -2.4631 0.8232
42.1345 -24.1585 -2.4631 0.8232
42.9759 -22.6312 -2.4632 0.8232
43.7629 -21.0750 -2.4633 0.8232
42.4216 -16.7959 -2.3139 0.8330
30.3493 -9.5607 -1.6137 0.8803
43.9986 -12.1427 -2.3148 0.8329
44.4136 -10.5573 -2.3152 0.8329
43.6654 -5.5162 -2.2321 0.8384
37.5187 -2.0226 -1.9055 0.8603
17.4312 -0.3129 -0.8842 0.9326
32.8613 0.5901 -1.6668 0.8767
33.1197 1.7855 -1.6821 0.8756
27.7822 3.5097 -1.4201 0.8939
28.2133 4.5985 -1.4497 0.8918
23.5388 5.5953 -1.2270 0.9076
22.8258 6.2995 -1.2009 0.9095
18.8254 8.2470 -1.0423 0.9210
23.4746 13.4596 -1.3723 0.8973
22.2487 13.8409 -1.3288 0.9004
14.6129 10.6170 -0.9160 0.9302
13.5261 11.3958 -0.8970 0.9316
13.0387 11.8110 -0.8922 0.9320
16.5829 17.3444 -1.2169 0.9084
15.5931 18.8488 -1.2406 0.9067
9.5854 13.4454 -0.8374 0.9360
10.2770 21.8397 -1.2241 0.9079
4.9898 16.3501 -0.8669 0.9338
3.2993 17.2958 -0.8930 0.9319
3.7737 24.5382 -1.2591 0.9053
2.8985 24.7272 -1.2626 0.9051
0.0794 8.8457 -0.4486 0.9652
-0.5152 19.1280 -0.9704 0.9262
-1.2287 19.5294 -0.9924 0.9246
-4.5452 21.7025 -1.1245 0.9150
-5.4093 21.8813 -1.1431 0.9137
-6.4119 22.4454 -1.1838 0.9107
-10.7638 33.1275 -1.7665 0.8698
-9.0205 24.7066 -1.3339 0.9000
-10.0829 24.8134 -1.3583 0.8983
-11.3110 25.2015 -1.4009 0.8953
-16.4382 28.0823 -1.6502 0.8778
-19.2432 30.3224 -1.8213 0.8660
-21.0499 30.6768 -1.8868 0.8616
-16.8723 18.2934 -1.2621 0.9051
-46.2644 8.3957 -2.3846 0.8283
-42.2915 6.1158 -2.1671 0.8427
-43.2056 4.6718 -2.2039 0.8403
-46.8795 3.3721 -2.3836 0.8284
-28.9523 0.0000 -2.1228 0.8904
-32.2473 -2.3196 -2.3706 0.8784
-32.1356 -3.4748 -2.3700 0.8784
-22.7719 -3.2931 -1.6871 0.9118
-22.3716 -4.0598 -1.6671 0.9128
-17.0551 -3.7320 -1.2801 0.9324
-16.3314 -4.1932 -1.2363 0.9346
-15.7735 -4.6595 -1.2060 0.9362
-15.9117 -5.3284 -1.2304 0.9349
-22.3150 -9.3019 -1.7726 0.9076
-23.0449 -23.2527 -2.4004 0.8770
-22.1974 -24.0671 -2.4006 0.8769
-21.3196 -24.8489 -2.4007 0.8769
-20.2302 -25.3679 -2.3791 0.8780
-19.4782 -26.3096 -2.4002 0.8770
-14.9475 -25.5357 -2.1695 0.8881
-11.9040 -24.1618 -1.9749 0.8976
-11.1171 -27.3586 -2.1653 0.8883
-4.8711 -14.9916 -1.1558 0.9387
-7.8101 -31.5931 -2.3862 0.8776
-5.5128 -32.0107 -2.3816 0.8779
-4.3556 -32.1542 -2.3792 0.8780
-3.1951 -32.2544 -2.3765 0.8781
-2.0329 -32.3110 -2.3738 0.8782
0.1959 -21.8284 -1.6006 0.9162
1.2011 -14.8353 -1.0913 0.9421
2.1948 -14.2715 -1.0587 0.9437
2.7808 -14.5775 -1.0881 0.9422
5.1629 -19.3842 -1.4708 0.9227
11.4460 -29.6851 -2.3328 0.8802
11.9051 -25.2995 -2.0501 0.8939
11.4906 -22.3035 -1.8396 0.9043
13.5573 -24.1448 -2.0303 0.8949
20.4474 -26.6063 -2.4604 0.8741
21.5277 -26.0225 -2.4763 0.8733
24.1930 -23.5501 -2.4755 0.8734
25.0209 -22.6648 -2.4754 0.8734
25.8168 -21.7507 -2.4752 0.8734
26.5796 -20.8090 -2.4751 0.8734
27.3086 -19.8408 -2.4750 0.8734
28.0026 -18.8474 -2.4750 0.8734
28.6610 -17.8300 -2.4749 0.8734
29.8672 -15.7282 -2.4750 0.8734
31.7059 -11.2543 -2.4669 0.8738
30.0767 -9.4749 -2.3121 0.8812
31.3145 -5.1039 -2.3263 0.8805
31.6103 -2.8450 -2.3271 0.8805
31.6978 -1.7088 -2.3275 0.8805
28.8664 2.5980 -2.1251 0.8903
27.6838 3.4973 -2.0460 0.8941
28.1466 4.5876 -2.0910 0.8919
25.0216 5.0063 -1.8710 0.9027
23.5387 5.5953 -1.7740 0.9075
22.7456 6.2774 -1.7301 0.9097
23.1173 7.2825 -1.7771 0.9074
29.9972 10.6478 -2.3339 0.8801
18.8254 8.2470 -1.5070 0.9209
18.3428 8.8334 -1.4928 0.9216
17.8080 9.3777 -1.4757 0.9225
15.4906 10.4261 -1.3691 0.9278
14.6129 10.6169 -1.3244 0.9301
14.0009 10.9612 -1.3038 0.9312
16.5401 17.2996 -1.7549 0.9085
16.1315 18.1328 -1.7795 0.9072
15.5931 18.8488 -1.7937 0.9065
10.2735 13.3680 -1.2362 0.9346
9.5854 13.4454 -1.2107 0.9359
9.0675 13.7367 -1.2069 0.9361
8.1706 14.5514 -1.2236 0.9353
11.0326 21.4145 -1.7663 0.9079
10.2770 21.8397 -1.7698 0.9077
9.4158 22.0293 -1.7566 0.9084
8.4287 21.8597 -1.7178 0.9103
4.3636 16.3832 -1.2431 0.9343
3.8104 16.6944 -1.2556 0.9336
3.2991 17.2946 -1.2909 0.9318
3.7642 24.4769 -1.8158 0.9054
2.0410 25.2096 -1.8545 0.9035
0.0794 8.8432 -0.6484 0.9652
-0.5152 19.1279 -1.4030 0.9261
-1.2287 19.5293 -1.4348 0.9245
-2.0080 20.2710 -1.4936 0.9215
-4.5448 21.7004 -1.6256 0.9149
-6.4119 22.4453 -1.7116 0.9106
-9.9863 30.7346 -2.3695 0.8784
-10.0552 24.7454 -1.9585 0.8984
-13.7276 27.8632 -2.2775 0.8829
-16.3468 27.9262 -2.3726 0.8783
-18.3145 26.6905 -2.3734 0.8782
-19.2637 26.0198 -2.3738 0.8782
-15.9055 18.5385 -1.7910 0.9067
-17.3736 17.5302 -1.8097 0.9058
-23.6132 22.1742 -2.3751 0.8782
-22.1142 19.3207 -2.1531 0.8889
-25.1464 20.4255 -2.3754 0.8782
-28.2685 19.7728 -2.5294 0.8708
-28.9604 18.7456 -2.5295 0.8708
-29.6146 17.6939 -2.5295 0.8708
-32.2910 12.1190 -2.5289 0.8708
-32.7025 10.9511 -2.5287 0.8708
-33.0712 9.7692 -2.5284 0.8708
-33.6788 7.3695 -2.5278 0.8709
-33.9169 6.1550 -2.5275 0.8709
-34.1107 4.9328 -2.5271 0.8709
-34.1613 3.6939 -2.5194 0.8713
-32.2744 2.3215 -2.3725 0.8783
-32.3172 -1.1608 -2.3711 0.8784
-32.1356 -3.4748 -2.3700 0.8784
-22.3717 -4.0599 -1.6671 0.9128
-17.0551 -3.7320 -1.2801 0.9324
-16.3314 -4.1932 -1.2363 0.9346
-15.9117 -5.3284 -1.2304 0.9349
-30.4560 -11.4303 -2.3852 0.8777
-29.1229 -14.6746 -2.3911 0.8774
-28.5974 -15.7216 -2.3928 0.8773
-28.0326 -16.7487 -2.3943 0.8772
-26.7870 -18.7366 -2.3969 0.8771
-25.3942 -20.6268 -2.3988 0.8770
-23.0449 -23.2527 -2.4004 0.8770
-21.3196 -24.8489 -2.4007 0.8769
-19.4782 -26.3096 -2.4002 0.8770
-15.9660 -23.2679 -2.0691 0.8930
-14.9475 -25.5357 -2.1695 0.8881
-13.8396 -25.7183 -2.1414 0.8895
-11.9040 -24.1618 -1.9749 0.8976
-11.0579 -24.6378 -1.9801 0.8973
-4.8711 -14.9916 -1.1558 0.9387
-5.5128 -32.0107 -2.3816 0.8779
0.1960 -21.8284 -1.6006 0.9162
1.2011 -14.8353 -1.0913 0.9421
2.1948 -14.2715 -1.0587 0.9437
3.4023 -14.9065 -1.1211 0.9405
9.3173 -30.5300 -2.3405 0.8798
7.8435 -18.3507 -1.4633 0.9231
11.9051 -25.2995 -2.0501 0.8939
16.5218 -27.0975 -2.3270 0.8805
18.4175 -25.8339 -2.3263 0.8805
20.4474 -26.6063 -2.4604 0.8741
21.5277 -26.0224 -2.4763 0.8733
24.1930 -23.5501 -2.4755 0.8734
27.3086 -19.8408 -2.4750 0.8734
28.6610 -17.8299 -2.4749 0.8734
29.8672 -15.7282 -2.4750 0.8734
30.9213 -13.5459 -2.4752 0.8734
31.7059 -11.2543 -2.4669 0.8738
30.0767 -9.4748 -2.3121 0.8812
31.3145 -5.1039 -2.3263 0.8805
31.4824 -3.9771 -2.3267 0.8805
31.6103 -2.8450 -2.3271 0.8805
17.4266 -0.3129 -1.2780 0.9325
28.8664 2.5980 -2.1251 0.8903
18.8254 8.2470 -1.5070 0.9209
17.8080 9.3778 -1.4757 0.9225
22.2487 13.8409 -1.9212 0.9002
15.4906 10.4261 -1.3691 0.9278
14.6129 10.6169 -1.3244 0.9301
13.2245 12.8731 -1.3532 0.9287
16.1315 18.1329 -1.7795 0.9072
10.2735 13.3680 -1.2362 0.9346
8.5523 14.0266 -1.2046 0.9362
8.1706 14.5514 -1.2236 0.9353
11.0326 21.4145 -1.7663 0.9079
9.4158 22.0293 -1.7566 0.9084
8.4287 21.8597 -1.7178 0.9103
5.5289 16.0311 -1.2434 0.9342
3.8104 16.6944 -1.2556 0.9336
3.7642 24.4769 -1.8158 0.9054
2.0410 25.2096 -1.8545 0.9035
-3.8993 28.7861 -2.1299 0.8900
-3.8216 22.1907 -1.6510 0.9136
-4.5448 21.7004 -1.6256 0.9149
-6.4119 22.4453 -1.7116 0.9106
-9.9863 30.7346 -2.3695 0.8784
-10.0553 24.7454 -1.9585 0.8984
-13.7276 27.8631 -2.2775 0.8829
-14.7260 27.3654 -2.2786 0.8828
-16.3468 27.9262 -2.3726 0.8783
-17.3418 27.3262 -2.3730 0.8783
-20.1881 25.3150 -2.3741 0.8782
-17.3736 17.5302 -1.8097 0.9058
-23.6132 22.1742 -2.3751 0.8782
-25.1464 20.4255 -2.3754 0.8782
-29.6146 17.6939 -2.5295 0.8708
-30.8064 15.5228 -2.5293 0.8708
-31.3424 14.4064 -2.5292 0.8708
-31.8375 13.2713 -2.5291 0.8708
-32.2910 12.1190 -2.5289 0.8708
-33.9169 6.1550 -2.5275 0.8709
-34.1613 3.6939 -2.5194 0.8713
-32.2744 2.3215 -2.3725 0.8783
-32.3172 -1.1608 -2.3711 0.8784
-32.1356 -3.4748 -2.3700 0.8784
-17.0551 -3.7320 -1.2801 0.9324
-16.3314 -4.1932 -1.2363 0.9346
-15.7735 -4.6595 -1.2060 0.9362
-22.3150 -9.3019 -1.7726 0.9076
-22.2052 -10.2065 -1.7919 0.9066
-29.1228 -14.6746 -2.3911 0.8774
-28.0326 -16.7487 -2.3943 0.8772
-26.1085 -19.6947 -2.3979 0.8771
-25.3942 -20.6268 -2.3988 0.8770
-23.0449 -23.2527 -2.4004 0.8770
-22.1974 -24.0672 -2.4006 0.8769
-21.3196 -24.8489 -2.4007 0.8769
-19.4782 -26.3096 -2.4002 0.8770
-16.3690 -25.7934 -2.2399 0.8847
-14.9475 -25.5357 -2.1695 0.8881
-13.8396 -25.7183 -2.1414 0.8895
-11.0579 -24.6378 -1.9801 0.8973
-11.1171 -27.3586 -2.1653 0.8883
-10.3871 -28.4501 -2.2207 0.8856
-4.8710 -14.9916 -1.1558 0.9387
-4.2999 -15.0523 -1.1478 0.9391
-6.6648 -31.8235 -2.3840 0.8777
-4.3556 -32.1542 -2.3792 0.8780
-3.1950 -32.2544 -2.3765 0.8781
-2.0328 -32.3110 -2.3738 0.8782
-0.6050 -22.4629 -1.6476 0.9138
1.4470 -32.2202 -2.3648 0.8787
1.2011 -14.8353 -1.0913 0.9421
1.6656 -14.2090 -1.0490 0.9442
2.7808 -14.5775 -1.0881 0.9422
3.4023 -14.9065 -1.1211 0.9405
7.8435 -18.3507 -1.4633 0.9231
11.9051 -25.2995 -2.0501 0.8939
13.5574 -24.1448 -2.0303 0.8949
16.5218 -27.0975 -2.3270 0.8805
17.4810 -26.4825 -2.3266 0.8805
20.4474 -26.6063 -2.4604 0.8741
21.5277 -26.0224 -2.4763 0.8733
23.3341 -24.4055 -2.4758 0.8733
25.8168 -21.7507 -2.4752 0.8734
26.5797 -20.8090 -2.4751 0.8734
27.3086 -19.8408 -2.4750 0.8734
28.0026 -18.8474 -2.4750 0.8734
28.6610 -17.8299 -2.4749 0.8734
29.2827 -16.7898 -2.4750 0.8734
30.4137 -14.6464 -2.4751 0.8734
30.9213 -13.5459 -2.4752 0.8734
31.3896 -12.4280 -2.4754 0.8734
31.7057 -11.2542 -2.4668 0.8738
30.5723 -8.4374 -2.3254 0.8806
31.3145 -5.1039 -2.3263 0.8805
31.6103 -2.8450 -2.3271 0.8805
31.6978 -1.7088 -2.3275 0.8805
31.7514 0.5701 -2.3285 0.8804
31.7173 1.7098 -2.3290 0.8804
27.6838 3.4973 -2.0460 0.8941
28.1466 4.5876 -2.0910 0.8919
23.5387 5.5953 -1.7740 0.9075
22.7456 6.2774 -1.7301 0.9097
29.9972 10.6479 -2.3339 0.8801
18.3427 8.8334 -1.4928 0.9216
17.8080 9.3778 -1.4757 0.9225
14.0009 10.9612 -1.3038 0.9312
13.5268 11.3964 -1.2969 0.9315
13.0378 11.8101 -1.2898 0.9319
16.5401 17.2996 -1.7549 0.9085
9.0675 13.7367 -1.2069 0.9361
8.5523 14.0266 -1.2046 0.9362
8.1706 14.5514 -1.2236 0.9353
10.2769 21.8397 -1.7698 0.9077
9.4158 22.0293 -1.7566 0.9084
5.5289 16.0312 -1.2434 0.9342
4.9894 16.3490 -1.2533 0.9337
4.3636 16.3832 -1.2431 0.9343
3.8104 16.6944 -1.2556 0.9336
3.7642 24.4769 -1.8158 0.9054
2.8985 24.7272 -1.8255 0.9050
2.0410 25.2096 -1.8545 0.9035
-0.5152 19.1279 -1.4030 0.9261
-1.2287 19.5293 -1.4348 0.9245
-3.8216 22.1907 -1.6510 0.9136
-4.5448 21.7004 -1.6256 0.9149
-9.9863 30.7346 -2.3695 0.8784
-8.9935 24.6329 -1.9227 0.9002
-10.0553 24.7454 -1.9585 0.8984
-13.7276 27.8631 -2.2775 0.8829
-17.3418 27.3262 -2.3730 0.8783
-19.2637 26.0197 -2.3738 0.8782
-17.3736 17.5302 -1.8097 0.9058
-23.6132 22.1742 -2.3751 0.8782
-28.9605 18.7456 -2.5295 0.8708
-29.6147 17.6939 -2.5295 0.8708
-30.2303 16.6192 -2.5294 0.8708
-31.8375 13.2713 -2.5291 0.8708
-32.2910 12.1190 -2.5289 0.8708
-33.0712 9.7692 -2.5284 0.8708
-33.3968 8.5748 -2.5282 0.8708
-33.6788 7.3695 -2.5278 0.8709
-34.1107 4.9328 -2.5271 0.8709
-32.2744 2.3215 -2.3725 0.8783
-31.2382 1.1220 -2.2919 0.8822
-32.1356 -3.4749 -2.3700 0.8784
-22.7719 -3.2931 -1.6871 0.9118
-22.3718 -4.0599 -1.6671 0.9128
-17.0551 -3.7320 -1.2801 0.9324
-16.3314 -4.1932 -1.2363 0.9346
-15.7735 -4.6595 -1.2060 0.9362
-15.9118 -5.3284 -1.2304 0.9349
-30.4559 -11.4304 -2.3852 0.8777
-22.3149 -9.3019 -1.7726 0.9076
-27.4286 -17.7541 -2.3957 0.8772
-26.7870 -18.7366 -2.3969 0.8771
-25.3941 -20.6268 -2.3988 0.8770
-24.6448 -21.5316 -2.3995 0.8770
-23.8612 -22.4071 -2.4000 0.8770
-23.0449 -23.2527 -2.4004 0.8770
-22.1974 -24.0672 -2.4006 0.8769
-19.4782 -26.3096 -2.4002 0.8770
-11.0579 -24.6378 -1.9801 0.8973
-10.3871 -28.4501 -2.2207 0.8856
-4.8710 -14.9916 -1.1558 0.9387
-4.2999 -15.0523 -1.1478 0.9391
-6.6648 -31.8236 -2.3840 0.8777
-5.5127 -32.0107 -2.3816 0.8779
-4.3556 -32.1542 -2.3792 0.8780
-2.0328 -32.3110 -2.3738 0.8782
-0.6050 -22.4629 -1.6476 0.9138
1.2011 -14.8353 -1.0913 0.9421
1.6656 -14.2090 -1.0490 0.9442
5.1629 -19.3842 -1.4708 0.9227
10.3903 -30.1267 -2.3366 0.8800
11.4461 -29.6850 -2.3328 0.8802
11.9051 -25.2995 -2.0501 0.8939
11.4906 -22.3035 -1.8396 0.9043
18.4175 -25.8339 -2.3263 0.8805
20.4475 -26.6064 -2.4604 0.8741
21.5277 -26.0224 -2.4763 0.8733
22.4453 -25.2299 -2.4760 0.8733
25.0209 -22.6648 -2.4754 0.8734
26.5796 -20.8090 -2.4751 0.8734
27.3086 -19.8408 -2.4750 0.8734
28.0027 -18.8473 -2.4750 0.8734
30.9213 -13.5459 -2.4752 0.8734
31.3896 -12.4280 -2.4754 0.8734
31.7059 -11.2543 -2.4669 0.8738
30.0767 -9.4748 -2.3121 0.8812
31.4824 -3.9771 -2.3267 0.8805
31.6103 -2.8450 -2.3271 0.8805
17.4266 -0.3128 -1.2780 0.9325
28.8663 2.5981 -2.1251 0.8903
28.1466 4.5876 -2.0910 0.8919
25.0216 5.0063 -1.8710 0.9027
23.5387 5.5953 -1.7740 0.9075
18.8254 8.2470 -1.5070 0.9209
23.4157 13.4258 -1.9791 0.8974
22.2487 13.8409 -1.9212 0.9002
15.4906 10.4261 -1.3691 0.9278
14.0009 10.9613 -1.3038 0.9312
13.5268 11.3964 -1.2969 0.9315
13.0378 11.8101 -1.2898 0.9319
13.2245 12.8731 -1.3532 0.9287
16.5401 17.2996 -1.7549 0.9085
9.0675 13.7368 -1.2069 0.9361
11.0326 21.4145 -1.7663 0.9079
10.2769 21.8397 -1.7698 0.9077
9.4158 22.0293 -1.7566 0.9084
8.4287 21.8597 -1.7178 0.9103
4.9894 16.3490 -1.2533 0.9337
4.3636 16.3832 -1.2431 0.9343
3.7642 24.4769 -1.8158 0.9054
2.8985 24.7272 -1.8255 0.9050
2.0410 25.2096 -1.8545 0.9035
0.3950 8.7965 -0.6456 0.9653
-1.2287 19.5293 -1.4348 0.9245
-3.8994 28.7861 -2.1299 0.8900
-3.8216 22.1907 -1.6510 0.9136
-4.5448 21.7004 -1.6256 0.9149
-9.9863 30.7346 -2.3695 0.8784
-10.0553 24.7454 -1.9585 0.8984
-11.3109 25.2015 -2.0254 0.8951
-16.3468 27.9262 -2.3726 0.8783
-18.3145 26.6904 -2.3734 0.8782
-20.1881 25.3150 -2.3741 0.8782
-15.9055 18.5385 -1.7910 0.9067
-16.2963 17.6689 -1.7624 0.9081
-23.6132 22.1742 -2.3751 0.8782
-27.5398 20.7742 -2.5294 0.8708
-28.2685 19.7728 -2.5294 0.8708
-28.9605 18.7456 -2.5295 0.8708
-31.8375 13.2713 -2.5291 0.8708
-32.7025 10.9511 -2.5287 0.8708
-33.0712 9.7692 -2.5284 0.8708
-33.3968 8.5748 -2.5282 0.8708
-33.6788 7.3695 -2.5278 0.8709
-33.9169 6.1550 -2.5275 0.8709
-34.1107 4.9328 -2.5271 0.8709
-34.1613 3.6939 -2.5194 0.8713
-32.2744 2.3215 -2.3725 0.8783
-31.2382 1.1220 -2.2920 0.8822
-24.5769 -1.7678 -2.3656 0.9057
-24.4931 -2.6485 -2.3652 0.9057
-18.4791 -2.6723 -1.7925 0.9277
-16.7633 -3.6681 -1.6474 0.9334
-15.1652 -5.0784 -1.5354 0.9378
-22.6707 -9.4502 -2.3580 0.9060
-22.3526 -10.2743 -2.3618 0.9059
-21.9821 -11.0765 -2.3632 0.9058
-21.5818 -11.8647 -2.3644 0.9058
-16.5829 -12.5091 -1.9942 0.9199
-18.5861 -16.2382 -2.3694 0.9056
-17.9944 -16.8979 -2.3699 0.9056
-16.7389 -18.1489 -2.3703 0.9056
-11.3483 -15.3284 -1.8310 0.9262
-13.9657 -20.3528 -2.3697 0.9056
-13.2236 -20.8371 -2.3693 0.9056
-8.4449 -23.1303 -2.3640 0.9058
-4.2967 -15.0410 -1.5018 0.9391
-5.8987 -23.8609 -2.3597 0.9060
-5.0348 -24.0404 -2.3581 0.9060
-4.1655 -24.1876 -2.3563 0.9061
-2.4155 -24.3846 -2.3525 0.9062
0.6378 -14.2023 -1.3649 0.9445
1.1300 -13.9575 -1.3444 0.9453
2.7345 -14.3350 -1.4010 0.9430
3.9868 -14.9687 -1.4872 0.9397
7.0995 -23.2628 -2.3350 0.9069
8.7469 -22.6851 -2.3342 0.9069
8.5912 -18.2573 -1.9372 0.9221
12.3989 -22.0817 -2.4313 0.9032
14.2486 -21.5857 -2.4831 0.9013
16.4812 -19.9224 -2.4823 0.9013
17.1842 -19.3162 -2.4821 0.9013
17.8651 -18.6855 -2.4819 0.9013
18.5231 -18.0309 -2.4817 0.9013
19.1573 -17.3534 -2.4816 0.9013
21.9452 -13.6521 -2.4813 0.9014
22.4212 -12.8556 -2.4813 0.9014
22.8687 -12.0427 -2.4813 0.9014
23.2868 -11.2143 -2.4814 0.9014
23.6753 -10.3716 -2.4815 0.9013
24.0335 -9.5155 -2.4816 0.9013
24.6527 -7.7662 -2.4814 0.9013
23.4063 -6.4597 -2.3311 0.9070
23.8139 -4.7646 -2.3316 0.9070
23.9722 -3.9072 -2.3318 0.9070
24.0999 -3.0445 -2.3321 0.9070
24.1968 -2.1778 -2.3324 0.9070
17.4949 -0.9431 -1.6820 0.9320
17.4220 -0.3128 -1.6729 0.9324
24.3015 0.4363 -2.3334 0.9069
24.2742 1.3086 -2.3338 0.9069
23.5387 5.5953 -2.3228 0.9074
22.9463 8.1450 -2.3376 0.9068
18.8254 8.2470 -1.9732 0.9207
18.2766 8.8016 -1.9475 0.9217
17.7104 9.3264 -1.9216 0.9227
21.1494 12.1264 -2.3405 0.9067
20.7060 12.8812 -2.3411 0.9067
14.6129 10.6169 -1.7341 0.9300
14.0009 10.9612 -1.7071 0.9310
12.9923 11.7689 -1.6830 0.9320
13.1009 12.7528 -1.7553 0.9292
16.5389 17.2983 -2.2976 0.9083
15.5838 18.8376 -2.3471 0.9064
9.0675 13.7367 -1.5802 0.9360
8.5523 14.0266 -1.5772 0.9361
10.2770 21.8396 -2.3173 0.9076
3.8104 16.6944 -1.6440 0.9335
2.8596 24.3954 -2.3581 0.9060
0.7280 8.9925 -0.8662 0.9644
0.0794 8.8407 -0.8488 0.9651
-0.5152 19.1279 -1.8370 0.9260
-3.3029 24.3831 -2.3623 0.9059
-3.8217 22.1914 -2.1618 0.9135
-4.5287 21.6237 -2.1210 0.9150
-5.4093 21.8813 -2.1639 0.9134
-8.4493 23.1424 -2.3652 0.9057
-9.2763 22.8284 -2.3657 0.9057
-10.0915 22.4845 -2.3661 0.9057
-11.6823 21.7094 -2.3668 0.9057
-12.4559 21.2791 -2.3672 0.9057
-6.9489 10.9497 -1.2450 0.9492
-15.3805 19.2866 -2.3683 0.9056
-15.8215 18.4406 -2.3327 0.9070
-16.2287 17.5957 -2.2981 0.9083
-17.9882 16.8921 -2.3690 0.9056
-22.0606 14.2795 -2.5229 0.8998
-22.5590 13.4784 -2.5229 0.8998
-23.0280 12.6598 -2.5229 0.8998
-23.4671 11.8247 -2.5228 0.8998
-24.5990 9.2322 -2.5225 0.8998
-25.1945 7.4424 -2.5221 0.8998
-25.4432 6.5327 -2.5219 0.8998
-26.1855 1.8836 -2.5204 0.8999
-25.8056 -0.9269 -2.4791 0.9014
-17.6199 -3.1975 -1.7192 0.9306
-16.7633 -3.6681 -1.6474 0.9334
-16.0162 -4.1123 -1.5875 0.9357
-15.3895 -4.5461 -1.5406 0.9376
-15.1652 -5.0784 -1.5354 0.9378
-15.5868 -5.8498 -1.5983 0.9353
-22.6707 -9.4502 -2.3580 0.9060
-22.3526 -10.2743 -2.3618 0.9059
-21.9821 -11.0765 -2.3632 0.9058
-21.5818 -11.8647 -2.3644 0.9058
-20.6938 -13.3948 -2.3666 0.9057
-19.1527 -15.5571 -2.3689 0.9056
-18.5861 -16.2382 -2.3694 0.9056
-17.9944 -16.8979 -2.3699 0.9056
-16.7389 -18.1489 -2.3703 0.9056
-16.0769 -18.7383 -2.3704 0.9055
-15.3932 -19.3025 -2.3703 0.9056
-13.2236 -20.8371 -2.3693 0.9056
-11.7162 -20.0154 -2.2266 0.9110
-11.6883 -21.7204 -2.3680 0.9056
-10.8973 -22.1184 -2.3672 0.9057
-9.2744 -22.8237 -2.3652 0.9057
-8.4449 -23.1303 -2.3640 0.9058
-4.8722 -14.9953 -1.5137 0.9386
-1.5373 -24.4342 -2.3504 0.9063
0.1321 -14.7108 -1.4124 0.9426
0.6378 -14.2023 -1.3649 0.9445
1.1300 -13.9575 -1.3444 0.9453
1.6224 -13.8403 -1.3378 0.9455
2.1639 -14.0709 -1.3668 0.9444
2.7345 -14.3350 -1.4010 0.9430
3.3387 -14.6279 -1.4405 0.9415
3.9869 -14.9687 -1.4872 0.9397
7.9284 -22.9886 -2.3346 0.9069
8.7470 -22.6850 -2.3342 0.9069
9.4001 -18.2458 -1.9705 0.9208
12.3989 -22.0818 -2.4313 0.9032
14.2486 -21.5857 -2.4831 0.9013
15.7570 -20.5031 -2.4825 0.9013
17.1842 -19.3162 -2.4821 0.9013
17.8651 -18.6855 -2.4819 0.9013
19.1573 -17.3534 -2.4816 0.9013
19.7670 -16.6537 -2.4815 0.9013
23.6753 -10.3716 -2.4815 0.9013
24.0335 -9.5155 -2.4816 0.9013
24.6527 -7.7662 -2.4814 0.9013
23.4063 -6.4597 -2.3311 0.9070
23.6252 -5.6158 -2.3313 0.9070
23.8139 -4.7646 -2.3316 0.9070
24.0999 -3.0445 -2.3321 0.9070
24.1968 -2.1778 -2.3324 0.9070
17.4949 -0.9431 -1.6820 0.9320
17.4220 -0.3128 -1.6729 0.9324
24.1264 3.0479 -2.3347 0.9069
22.7433 6.2768 -2.2651 0.9095
23.1191 7.2831 -2.3271 0.9072
22.9463 8.1451 -2.3376 0.9068
18.8254 8.2470 -1.9732 0.9207
18.2766 8.8016 -1.9475 0.9217
17.7104 9.3264 -1.9216 0.9227
21.1494 12.1264 -2.3405 0.9067
20.7060 12.8812 -2.3411 0.9067
14.6129 10.6169 -1.7341 0.9300
16.5389 17.2983 -2.2976 0.9083
10.2378 13.3215 -1.6130 0.9347
9.0675 13.7367 -1.5802 0.9360
8.5523 14.0266 -1.5772 0.9361
8.4281 21.8582 -2.2491 0.9102
4.9716 16.2903 -1.6352 0.9338
3.2876 17.2340 -1.6844 0.9319
2.6993 17.5524 -1.7049 0.9311
0.7280 8.9925 -0.8662 0.9644
0.3945 8.7843 -0.8442 0.9653
-0.5152 19.1279 -1.8370 0.9260
-1.2287 19.5293 -1.8786 0.9244
-2.0012 20.2018 -1.9490 0.9217
-3.3029 24.3831 -2.3623 0.9059
-3.8217 22.1914 -2.1618 0.9135
-4.5287 21.6238 -2.1210 0.9150
-9.2763 22.8283 -2.3657 0.9057
-10.0915 22.4845 -2.3661 0.9057
-11.6823 21.7094 -2.3668 0.9057
-14.6768 19.8242 -2.3680 0.9056
-19.7351 17.2421 -2.5159 0.9000
-20.3964 16.5673 -2.5227 0.8998
-20.9787 15.8250 -2.5228 0.8998
-22.0606 14.2795 -2.5229 0.8998
-23.0280 12.6598 -2.5229 0.8998
-23.4671 11.8247 -2.5228 0.8998
-23.8756 10.9743 -2.5227 0.8998
-24.2531 10.1098 -2.5226 0.8998
-24.9129 8.3426 -2.5223 0.8998
-25.4432 6.5327 -2.5219 0.8998
-25.6588 5.6146 -2.5217 0.8998
-26.1046 2.8227 -2.5208 0.8999
-25.8056 -0.9269 -2.4791 0.9014
-24.5769 -1.7679 -2.3656 0.9057
-16.0162 -4.1123 -1.5875 0.9357
-15.3895 -4.5461 -1.5406 0.9376
-15.1652 -5.0784 -1.5354 0.9378
-22.3526 -10.2743 -2.3618 0.9059
-21.5818 -11.8647 -2.3644 0.9058
-19.1527 -15.5571 -2.3689 0.9056
-18.5861 -16.2382 -2.3694 0.9056
-16.7389 -18.1489 -2.3703 0.9056
-15.3932 -19.3025 -2.3703 0.9056
-13.9657 -20.3528 -2.3697 0.9056
-13.2236 -20.8371 -2.3693 0.9056
-11.6883 -21.7205 -2.3680 0.9056
-10.8973 -22.1184 -2.3672 0.9057
-10.0922 -22.4863 -2.3663 0.9057
-9.2744 -22.8237 -2.3652 0.9057
-4.2967 -15.0411 -1.5018 0.9391
-5.0348 -24.0404 -2.3581 0.9060
-3.2920 -24.3024 -2.3545 0.9062
-1.5373 -24.4342 -2.3504 0.9063
-0.5823 -21.6210 -2.0765 0.9168
0.1321 -14.7108 -1.4124 0.9426
0.6378 -14.2023 -1.3649 0.9445
1.1300 -13.9575 -1.3444 0.9453
1.6224 -13.8403 -1.3378 0.9455
2.1639 -14.0709 -1.3668 0.9444
2.7346 -14.3350 -1.4010 0.9430
3.9869 -14.9687 -1.4872 0.9397
7.0995 -23.2628 -2.3350 0.9069
7.9284 -22.9886 -2.3346 0.9069
8.7470 -22.6850 -2.3342 0.9069
9.4001 -18.2458 -1.9705 0.9208
12.3990 -22.0818 -2.4313 0.9032
15.7570 -20.5031 -2.4825 0.9013
16.4812 -19.9224 -2.4823 0.9013
17.1842 -19.3162 -2.4821 0.9013
17.8652 -18.6855 -2.4819 0.9013
18.5231 -18.0309 -2.4817 0.9013
19.1573 -17.3534 -2.4816 0.9013
19.7670 -16.6537 -2.4815 0.9013
20.3513 -15.9329 -2.4814 0.9014
21.9452 -13.6521 -2.4813 0.9014
22.4213 -12.8556 -2.4813 0.9014
23.2868 -11.2143 -2.4814 0.9014
23.6753 -10.3716 -2.4815 0.9013
24.3611 -8.6472 -2.4817 0.9013
24.6527 -7.7662 -2.4814 0.9013
23.4063 -6.4597 -2.3311 0.9070
24.0999 -3.0445 -2.3321 0.9070
24.1968 -2.1778 -2.3324 0.9070
24.3015 0.4363 -2.3334 0.9069
24.2158 2.1795 -2.3342 0.9069
22.9463 8.1451 -2.3376 0.9068
17.7104 9.3264 -1.9216 0.9227
20.7060 12.8812 -2.3411 0.9067
15.4377 10.3905 -1.7865 0.9280
14.0009 10.9612 -1.7071 0.9310
16.5389 17.2983 -2.2976 0.9083
16.1368 18.1388 -2.3308 0.9070
8.5523 14.0266 -1.5772 0.9361
10.2769 21.8396 -2.3173 0.9076
9.4157 22.0293 -2.3000 0.9082
8.4281 21.8582 -2.2491 0.9102
5.5099 15.9760 -1.6224 0.9343
4.3636 16.3831 -1.6277 0.9341
2.6993 17.5524 -1.7049 0.9311
-0.5152 19.1279 -1.8370 0.9260
-2.0012 20.2018 -1.9490 0.9217
-3.8217 22.1914 -2.1618 0.9135
-5.4093 21.8813 -2.1639 0.9134
-6.4119 22.4453 -2.2410 0.9105
-7.6117 23.4264 -2.3648 0.9058
-8.4493 23.1424 -2.3652 0.9057
-10.0915 22.4845 -2.3661 0.9057
-10.8939 22.1114 -2.3665 0.9057
-12.4559 21.2791 -2.3672 0.9057
-6.9489 10.9497 -1.2450 0.9492
-13.9541 20.3359 -2.3678 0.9056
-15.3806 19.2866 -2.3683 0.9056
-17.1256 17.2799 -2.3357 0.9069
-17.9882 16.8921 -2.3690 0.9056
-20.3964 16.5673 -2.5227 0.8998
-20.9787 15.8250 -2.5228 0.8998
-21.5337 15.0620 -2.5229 0.8998
-22.0607 14.2795 -2.5229 0.8998
-22.5590 13.4783 -2.5229 0.8998
-24.2531 10.1098 -2.5226 0.8998
-24.9129 8.3427 -2.5223 0.8998
-25.4432 6.5326 -2.5219 0.8998
-25.6588 5.6146 -2.5217 0.8998
-25.9897 3.7584 -2.5211 0.8999
-24.5768 -1.7679 -2.3656 0.9057
-24.4931 -2.6485 -2.3652 0.9057
-16.7633 -3.6681 -1.6474 0.9334
-16.0162 -4.1123 -1.5875 0.9357
-15.3895 -4.5461 -1.5406 0.9376
-15.1652 -5.0784 -1.5354 0.9378
-15.5868 -5.8499 -1.5983 0.9353
-21.9821 -11.0765 -2.3632 0.9058
-20.6938 -13.3948 -2.3666 0.9057
-13.1879 -9.2245 -1.5451 0.9374
-16.5829 -12.5091 -1.9942 0.9199
-19.1527 -15.5571 -2.3689 0.9056
-18.5861 -16.2383 -2.3694 0.9056
-17.9944 -16.8979 -2.3699 0.9056
-13.2236 -20.8372 -2.3693 0.9056
-11.7161 -20.0155 -2.2266 0.9110
-11.6883 -21.7205 -2.3680 0.9056
-10.8973 -22.1184 -2.3672 0.9057
-10.0922 -22.4863 -2.3663 0.9057
-9.2744 -22.8237 -2.3652 0.9057
-4.8722 -14.9953 -1.5137 0.9386
-5.8986 -23.8609 -2.3597 0.9060
-5.0348 -24.0404 -2.3581 0.9060
-4.1655 -24.1876 -2.3563 0.9061
-1.5373 -24.4342 -2.3504 0.9063
-0.5823 -21.6210 -2.0765 0.9168
1.1300 -13.9575 -1.3444 0.9453
2.1639 -14.0709 -1.3668 0.9444
3.9869 -14.9687 -1.4872 0.9397
7.9285 -22.9886 -2.3346 0.9069
8.7470 -22.6850 -2.3342 0.9069
8.5913 -18.2573 -1.9372 0.9221
12.3990 -22.0818 -2.4313 0.9032
13.4663 -22.0861 -2.4834 0.9013
15.0126 -21.0578 -2.4828 0.9013
15.7571 -20.5031 -2.4825 0.9013
16.4813 -19.9224 -2.4823 0.9013
19.1573 -17.3534 -2.4816 0.9013
20.3513 -15.9329 -2.4814 0.9014
21.4411 -14.4311 -2.4813 0.9014
21.9452 -13.6521 -2.4813 0.9014
22.4213 -12.8556 -2.4813 0.9014
22.8687 -12.0427 -2.4813 0.9014
23.6753 -10.3716 -2.4815 0.9013
24.3610 -8.6472 -2.4817 0.9013
23.4063 -6.4597 -2.3311 0.9070
23.8139 -4.7646 -2.3316 0.9070
23.9722 -3.9072 -2.3318 0.9070
24.0999 -3.0445 -2.3321 0.9070
24.1968 -2.1778 -2.3324 0.9070
17.4949 -0.9431 -1.6820 0.9320
17.4220 -0.3127 -1.6729 0.9324
24.2742 1.3086 -2.3338 0.9069
24.2158 2.1795 -2.3342 0.9069
24.1265 3.0479 -2.3347 0.9069
24.0061 3.9127 -2.3351 0.9069
23.8549 4.7729 -2.3356 0.9069
23.5387 5.5953 -2.3228 0.9074
22.7433 6.2768 -2.2651 0.9095
18.2766 8.8016 -1.9475 0.9217
17.7104 9.3264 -1.9216 0.9227
21.1494 12.1264 -2.3405 0.9067
20.7060 12.8812 -2.3411 0.9067
15.4378 10.3905 -1.7865 0.9279
14.6129 10.6169 -1.7341 0.9300
13.5275 11.3970 -1.6982 0.9314
16.5389 17.2983 -2.2976 0.9083
16.1368 18.1388 -2.3308 0.9070
11.0326 21.4145 -2.3127 0.9077
9.4157 22.0293 -2.3000 0.9082
8.4281 21.8582 -2.2491 0.9102
5.5098 15.9760 -1.6224 0.9343
3.8104 16.6944 -1.6440 0.9335
3.2875 17.2340 -1.6844 0.9319
0.0793 8.8407 -0.8488 0.9651
-0.5152 19.1279 -1.8370 0.9260
-1.2287 19.5293 -1.8786 0.9244
-5.4093 21.8813 -2.1639 0.9134
-6.4119 22.4453 -2.2411 0.9105
-7.6117 23.4264 -2.3648 0.9058
-8.4493 23.1424 -2.3652 0.9057
-9.2763 22.8283 -2.3657 0.9057
-10.0915 22.4845 -2.3661 0.9057
-10.8939 22.1114 -2.3665 0.9057
-11.6823 21.7094 -2.3668 0.9057
-12.4559 21.2791 -2.3672 0.9057
-6.9489 10.9497 -1.2450 0.9492
-14.6768 19.8241 -2.3680 0.9056
-15.8215 18.4406 -2.3327 0.9070
-16.2287 17.5957 -2.2981 0.9083
-20.3964 16.5673 -2.5227 0.8998
-20.9787 15.8249 -2.5228 0.8998
-21.5337 15.0620 -2.5229 0.8998
-22.0607 14.2795 -2.5229 0.8998
-22.5590 13.4783 -2.5229 0.8998
-23.4671 11.8247 -2.5228 0.8998
-23.8756 10.9743 -2.5227 0.8998
-24.9130 8.3426 -2.5223 0.8998
-25.1945 7.4424 -2.5221 0.8998
-25.6588 5.6146 -2.5217 0.8998
-25.8411 4.6894 -2.5214 0.8998
-26.1046 2.8227 -2.5208 0.8999
-26.2324 0.9422 -2.5201 0.8999
-21.1666 -0.7603 -2.5159 0.9182
-21.1227 -1.5194 -2.5156 0.9182
-18.5241 -2.6788 -2.2233 0.9274
-17.6087 -3.1955 -2.1258 0.9304
-15.2915 -4.5171 -1.8940 0.9378
-15.0928 -5.0541 -1.8907 0.9379
-18.3295 -7.6406 -2.3589 0.9231
-18.0398 -8.2919 -2.3584 0.9231
-17.7269 -8.9323 -2.3579 0.9232
-17.3912 -9.5609 -2.3574 0.9232
-16.6532 -10.7793 -2.3564 0.9232
-15.8299 -11.9410 -2.3554 0.9232
-13.9450 -14.0707 -2.3532 0.9233
-13.4277 -14.5587 -2.3526 0.9233
-12.8934 -15.0278 -2.3521 0.9233
-10.6057 -16.7119 -2.3512 0.9234
-8.7416 -17.7429 -2.3495 0.9234
-7.4409 -18.3118 -2.3479 0.9235
-6.7761 -18.5596 -2.3470 0.9235
-4.0845 -14.2984 -1.7664 0.9419
-3.5951 -14.5426 -1.7795 0.9414
-3.1078 -14.8394 -1.8010 0.9408
-2.6479 -19.5478 -2.3432 0.9236
-1.9441 -19.6260 -2.3427 0.9236
-0.5308 -19.7065 -2.3417 0.9237
0.1231 -13.7082 -1.6284 0.9463
1.5894 -13.5591 -1.6217 0.9465
2.1301 -13.8513 -1.6647 0.9451
2.7035 -14.1720 -1.7138 0.9435
3.3146 -14.5224 -1.7694 0.9418
5.7448 -18.8240 -2.3378 0.9238
6.4700 -18.7599 -2.3572 0.9232
9.5908 -18.6159 -2.4875 0.9191
11.5326 -17.4711 -2.4867 0.9191
12.1512 -17.0443 -2.4865 0.9191
12.7540 -16.5956 -2.4862 0.9191
13.3405 -16.1258 -2.4860 0.9192
13.9097 -15.6355 -2.4859 0.9192
16.0011 -13.4810 -2.4854 0.9192
16.4742 -12.8975 -2.4853 0.9192
16.9262 -12.2976 -2.4852 0.9192
17.3565 -11.6820 -2.4852 0.9192
18.1500 -10.4066 -2.4852 0.9192
19.4546 -7.7026 -2.4855 0.9192
19.7195 -6.9996 -2.4856 0.9192
19.9592 -6.2876 -2.4857 0.9192
19.2754 -3.8566 -2.3350 0.9239
19.5060 -2.4642 -2.3355 0.9239
17.1467 -1.5432 -2.0450 0.9330
16.2910 -0.8782 -1.9380 0.9364
16.9750 0.3048 -2.0167 0.9339
19.6443 1.0590 -2.3369 0.9238
19.5964 1.7637 -2.3372 0.9238
19.5234 2.4664 -2.3375 0.9238
18.9819 5.2387 -2.3391 0.9237
18.7850 5.9177 -2.3395 0.9237
18.3189 7.2530 -2.3404 0.9237
18.0503 7.9074 -2.3408 0.9237
14.6129 10.6169 -2.1456 0.9298
13.1032 12.7550 -2.1721 0.9290
13.6514 14.2782 -2.3465 0.9235
13.1331 14.7625 -2.3471 0.9235
12.5978 15.2281 -2.3476 0.9235
10.2370 13.3205 -1.9956 0.9346
8.5523 14.0266 -1.9514 0.9360
7.7825 18.2082 -2.3522 0.9233
7.1256 18.4802 -2.3527 0.9233
4.9712 16.2892 -2.0230 0.9337
4.3636 16.3831 -2.0139 0.9340
3.2873 17.2327 -2.0839 0.9318
2.6991 17.5511 -2.1093 0.9310
0.7270 8.9797 -1.0702 0.9644
0.3940 8.7721 -1.0431 0.9652
-0.5152 19.1279 -2.2730 0.9258
-1.2287 19.5293 -2.3244 0.9242
-1.9580 19.7657 -2.3594 0.9231
-2.6667 19.6867 -2.3599 0.9231
-4.0738 19.4516 -2.3607 0.9231
-4.7702 19.2962 -2.3611 0.9231
-5.4607 19.1157 -2.3615 0.9230
-7.4875 18.4263 -2.3626 0.9230
-8.7926 17.8464 -2.3632 0.9230
-9.4287 17.5215 -2.3635 0.9230
-10.0528 17.1737 -2.3638 0.9230
-6.9411 10.9374 -1.5387 0.9492
-11.2613 16.4116 -2.3643 0.9230
-11.8443 15.9983 -2.3645 0.9229
-13.4986 14.6357 -2.3650 0.9229
-15.4496 14.5082 -2.5175 0.9182
-16.4585 13.3686 -2.5187 0.9181
-16.9282 12.7696 -2.5188 0.9181
-17.3759 12.1539 -2.5188 0.9181
-18.2033 10.8760 -2.5188 0.9181
-18.5818 10.2154 -2.5188 0.9181
-18.9362 9.5416 -2.5188 0.9181
-19.2659 8.8555 -2.5187 0.9181
-19.8501 7.4498 -2.5185 0.9181
-20.1037 6.7322 -2.5184 0.9181
-20.7065 4.5310 -2.5178 0.9182
-20.9745 3.0331 -2.5174 0.9182
-21.0677 2.2780 -2.5171 0.9182
-21.1336 1.5202 -2.5169 0.9182
-21.1666 -0.7603 -2.5159 0.9182
-21.1227 -1.5194 -2.5156 0.9182
-15.9854 -4.1044 -1.9604 0.9357
-15.0928 -5.0542 -1.8907 0.9379
-15.4487 -5.7980 -1.9601 0.9357
-18.3295 -7.6406 -2.3589 0.9231
-17.0331 -10.1768 -2.3569 0.9232
-13.1898 -9.2258 -1.9120 0.9372
-15.8299 -11.9410 -2.3554 0.9232
-15.3875 -12.4987 -2.3548 0.9233
-14.4444 -13.5642 -2.3537 0.9233
-13.4277 -14.5587 -2.3526 0.9233
-12.8934 -15.0278 -2.3521 0.9233
-11.7804 -15.9120 -2.3518 0.9233
-11.2004 -16.3229 -2.3515 0.9234
-10.6057 -16.7119 -2.3512 0.9234
-9.9971 -17.0786 -2.3507 0.9234
-8.7416 -17.7429 -2.3495 0.9234
-7.4409 -18.3117 -2.3479 0.9235
-3.3486 -19.4444 -2.3437 0.9236
-1.2381 -19.6789 -2.3422 0.9236
-0.5308 -19.7065 -2.3417 0.9237
1.0736 -13.2602 -1.5803 0.9478
1.5894 -13.5591 -1.6217 0.9465
3.3147 -14.5224 -1.7694 0.9418
7.8196 -18.2949 -2.3634 0.9230
9.5908 -18.6159 -2.4875 0.9191
10.2516 -18.2575 -2.4872 0.9191
10.8992 -17.8757 -2.4869 0.9191
11.5326 -17.4711 -2.4867 0.9191
12.1512 -17.0443 -2.4865 0.9191
12.7540 -16.5956 -2.4862 0.9191
13.3405 -16.1258 -2.4860 0.9192
13.9097 -15.6355 -2.4859 0.9192
14.9939 -14.5955 -2.4856 0.9192
15.5074 -14.0472 -2.4855 0.9192
16.0011 -13.4810 -2.4854 0.9192
17.3565 -11.6820 -2.4852 0.9192
17.7646 -11.0513 -2.4852 0.9192
18.1500 -10.4066 -2.4852 0.9192
18.8505 -9.0779 -2.4853 0.9192
19.1648 -8.3956 -2.4854 0.9192
19.4546 -7.7026 -2.4855 0.9192
19.9592 -6.2876 -2.4857 0.9192
20.1733 -5.5675 -2.4859 0.9192
20.2823 -4.8212 -2.4764 0.9195
16.2910 -0.8782 -1.9380 0.9364
16.6364 -0.2987 -1.9765 0.9352
19.5964 1.7637 -2.3372 0.9238
19.5234 2.4664 -2.3375 0.9238
19.1544 4.5531 -2.3387 0.9238
18.9819 5.2387 -2.3391 0.9237
18.7850 5.9177 -2.3395 0.9237
18.5639 6.5895 -2.3399 0.9237
17.7584 8.5520 -2.3413 0.9237
17.1062 9.8081 -2.3423 0.9236
16.7466 10.4181 -2.3428 0.9236
14.0009 10.9612 -2.1122 0.9309
13.5282 11.3975 -2.1013 0.9312
12.9913 11.7680 -2.0822 0.9318
13.1032 12.7550 -2.1721 0.9290
13.1331 14.7625 -2.3471 0.9235
12.5978 15.2281 -2.3476 0.9235
10.2370 13.3205 -1.9956 0.9346
9.3398 13.1009 -1.9112 0.9372
8.5523 14.0266 -1.9514 0.9360
8.1415 14.4996 -1.9753 0.9352
8.4291 17.9128 -2.3516 0.9234
4.9712 16.2892 -2.0230 0.9337
4.3636 16.3831 -2.0139 0.9340
3.8104 16.6944 -2.0341 0.9333
3.2873 17.2327 -2.0839 0.9318
2.6991 17.5511 -2.1093 0.9310
2.3096 19.7033 -2.3565 0.9232
0.3940 8.7721 -1.0431 0.9652
0.0793 8.8382 -1.0499 0.9650
-0.5152 19.1279 -2.2729 0.9258
-1.2287 19.5293 -2.3244 0.9242
-1.9580 19.7657 -2.3594 0.9231
-3.3723 19.5819 -2.3603 0.9231
-4.0738 19.4516 -2.3607 0.9231
-5.4607 19.1157 -2.3615 0.9230
-7.4875 18.4263 -2.3626 0.9230
-8.7926 17.8464 -2.3632 0.9230
-9.4287 17.5215 -2.3635 0.9230
-10.0528 17.1737 -2.3638 0.9230
-6.9411 10.9374 -1.5387 0.9492
-11.2613 16.4116 -2.3643 0.9230
-11.8443 15.9983 -2.3645 0.9229
-13.4986 14.6357 -2.3650 0.9229
-14.1285 14.2559 -2.3842 0.9223
-15.9674 13.9503 -2.5186 0.9181
-16.4585 13.3686 -2.5187 0.9181
-16.9282 12.7695 -2.5188 0.9181
-17.3759 12.1538 -2.5188 0.9181
-18.2033 10.8760 -2.5188 0.9181
-18.5818 10.2154 -2.5188 0.9181
-19.5707 8.1579 -2.5186 0.9181
-19.8501 7.4498 -2.5185 0.9181
-20.1037 6.7321 -2.5184 0.9181
-20.5322 5.2717 -2.5180 0.9182
-20.9745 3.0331 -2.5174 0.9182
-21.0677 2.2780 -2.5171 0.9182
-21.1336 1.5202 -2.5169 0.9182
-21.1227 -1.5194 -2.5156 0.9182
-15.9854 -4.1044 -1.9604 0.9357
-15.0928 -5.0542 -1.8907 0.9379
-15.4487 -5.7980 -1.9601 0.9357
-18.0398 -8.2919 -2.3584 0.9231
-17.7269 -8.9323 -2.3579 0.9232
-17.0331 -10.1768 -2.3569 0.9232
-13.1897 -9.2258 -1.9120 0.9372
-15.3875 -12.4987 -2.3548 0.9233
-14.9255 -13.0400 -2.3543 0.9233
-12.8934 -15.0278 -2.3521 0.9233
-11.2004 -16.3229 -2.3515 0.9234
-10.6057 -16.7119 -2.3512 0.9234
-9.9971 -17.0786 -2.3507 0.9234
-8.7415 -17.7429 -2.3495 0.9234
-8.0964 -18.0394 -2.3488 0.9234
-7.4409 -18.3117 -2.3479 0.9235
-6.7761 -18.5596 -2.3470 0.9235
-4.0845 -14.2984 -1.7664 0.9419
-3.5951 -14.5426 -1.7795 0.9414
-2.6479 -19.5478 -2.3432 0.9236
-1.9441 -19.6260 -2.3427 0.9236
-0.5308 -19.7065 -2.3417 0.9237
0.5968 -13.2891 -1.5801 0.9478
3.3147 -14.5224 -1.7694 0.9418
3.9622 -14.8763 -1.8287 0.9399
5.7448 -18.8240 -2.3378 0.9238
6.4700 -18.7599 -2.3572 0.9232
7.4349 -19.2824 -2.4548 0.9201
9.5908 -18.6159 -2.4875 0.9191
10.2516 -18.2574 -2.4872 0.9191
12.1512 -17.0443 -2.4865 0.9191
12.7540 -16.5956 -2.4862 0.9191
13.3405 -16.1258 -2.4860 0.9192
14.4611 -15.1251 -2.4857 0.9192
14.9939 -14.5955 -2.4856 0.9192
15.5074 -14.0472 -2.4855 0.9192
16.0011 -13.4810 -2.4854 0.9192
17.7646 -11.0513 -2.4852 0.9192
18.1500 -10.4066 -2.4852 0.9192
18.5121 -9.7485 -2.4852 0.9192
19.4546 -7.7026 -2.4855 0.9192
19.9592 -6.2876 -2.4857 0.9192
20.2823 -4.8212 -2.4764 0.9195
19.4031 -3.1625 -2.3352 0.9239
19.5060 -2.4642 -2.3355 0.9239
17.1467 -1.5432 -2.0450 0.9330
19.6443 1.0590 -2.3369 0.9238
19.5234 2.4664 -2.3375 0.9238
19.4253 3.1661 -2.3379 0.9238
18.7850 5.9178 -2.3395 0.9237
18.3189 7.2530 -2.3404 0.9237
18.0503 7.9074 -2.3408 0.9237
17.4435 9.1858 -2.3418 0.9237
16.7466 10.4181 -2.3428 0.9236
14.6129 10.6169 -2.1456 0.9298
14.0009 10.9612 -2.1122 0.9309
13.5282 11.3975 -2.1013 0.9312
12.9913 11.7680 -2.0822 0.9318
13.1032 12.7551 -2.1722 0.9290
12.5978 15.2281 -2.3476 0.9235
10.2370 13.3205 -1.9956 0.9346
9.3398 13.1009 -1.9112 0.9372
9.0645 17.5944 -2.3510 0.9234
7.1256 18.4802 -2.3527 0.9233
5.5095 15.9749 -2.0073 0.9342
4.9712 16.2892 -2.0230 0.9337
3.8104 16.6944 -2.0341 0.9333
3.2873 17.2327 -2.0839 0.9318
0.7270 8.9797 -1.0702 0.9644
-2.6668 19.6867 -2.3599 0.9231
-4.0738 19.4516 -2.3607 0.9231
-4.7702 19.2962 -2.3611 0.9231
-5.4607 19.1157 -2.3615 0.9230
-6.8202 18.6805 -2.3622 0.9230
-7.4875 18.4263 -2.3626 0.9230
-9.4287 17.5215 -2.3635 0.9230
-10.0528 17.1737 -2.3638 0.9230
-6.9411 10.9374 -1.5387 0.9492
-11.2613 16.4116 -2.3643 0.9230
-11.8443 15.9983 -2.3645 0.9229
-12.4120 15.5641 -2.3647 0.9229
-12.9637 15.1097 -2.3649 0.9229
-15.4496 14.5082 -2.5175 0.9182
-15.9674 13.9503 -2.5186 0.9181
-16.9282 12.7696 -2.5188 0.9181
-17.8012 11.5224 -2.5188 0.9181
-19.2659 8.8555 -2.5187 0.9181
-19.5707 8.1579 -2.5186 0.9181
-19.8501 7.4498 -2.5185 0.9181
-20.3311 6.0058 -2.5182 0.9181
-20.5322 5.2717 -2.5180 0.9182
-20.7065 4.5309 -2.5178 0.9182
-21.0677 2.2780 -2.5171 0.9182
-21.1720 0.7605 -2.5166 0.9182
-21.1666 -0.7603 -2.5159 0.9182
-18.5241 -2.6788 -2.2233 0.9274
-17.6087 -3.1955 -2.1258 0.9304
-15.2915 -4.5171 -1.8940 0.9378
-15.4487 -5.7980 -1.9601 0.9357
-18.3295 -7.6406 -2.3589 0.9231
-18.0398 -8.2919 -2.3584 0.9231
-17.3912 -9.5609 -2.3574 0.9232
-16.6532 -10.7793 -2.3564 0.9232
-15.8298 -11.9411 -2.3554 0.9232
-15.3875 -12.4988 -2.3548 0.9233
-14.4444 -13.5643 -2.3537 0.9233
-13.4277 -14.5588 -2.3526 0.9233
-11.7804 -15.9120 -2.3518 0.9233
-10.6057 -16.7120 -2.3512 0.9234
-9.3754 -17.4224 -2.3502 0.9234
-8.7415 -17.7429 -2.3495 0.9234
-7.4409 -18.3117 -2.3479 0.9235
-6.7761 -18.5596 -2.3470 0.9235
-4.8734 -14.9990 -1.8734 0.9384
-3.1078 -14.8394 -1.8010 0.9408
-2.6479 -19.5478 -2.3432 0.9236
-1.9441 -19.6260 -2.3427 0.9236
-0.5308 -19.7065 -2.3417 0.9237
0.1231 -13.7082 -1.6284 0.9463
1.0736 -13.2602 -1.5803 0.9478
1.5894 -13.5591 -1.6217 0.9465
2.1302 -13.8513 -1.6647 0.9451
3.3147 -14.5224 -1.7694 0.9418
3.9622 -14.8763 -1.8287 0.9399
6.4701 -18.7600 -2.3572 0.9232
7.4350 -19.2824 -2.4548 0.9201
7.8197 -18.2949 -2.3634 0.9230
8.9175 -18.9506 -2.4878 0.9191
9.5908 -18.6159 -2.4875 0.9191
10.2516 -18.2574 -2.4872 0.9191
10.8992 -17.8757 -2.4869 0.9191
12.7541 -16.5956 -2.4862 0.9191
13.3405 -16.1258 -2.4860 0.9192
13.9097 -15.6354 -2.4859 0.9192
14.4611 -15.1251 -2.4857 0.9192
16.0011 -13.4810 -2.4854 0.9192
16.9262 -12.2976 -2.4852 0.9192
18.1500 -10.4066 -2.4852 0.9192
18.5121 -9.7485 -2.4852 0.9192
19.1648 -8.3956 -2.4854 0.9192
19.7195 -6.9996 -2.4856 0.9192
19.9592 -6.2876 -2.4857 0.9192
20.1733 -5.5674 -2.4859 0.9192
20.2822 -4.8212 -2.4764 0.9195
19.4031 -3.1625 -2.3352 0.9239
19.5060 -2.4642 -2.3355 0.9239
16.9750 0.3048 -2.0167 0.9339
19.6443 1.0590 -2.3369 0.9238
19.5964 1.7637 -2.3372 0.9238
19.5234 2.4664 -2.3375 0.9238
19.4253 3.1661 -2.3379 0.9238
19.3022 3.8620 -2.3383 0.9238
19.1544 4.5531 -2.3387 0.9238
18.5639 6.5895 -2.3399 0.9237
18.3189 7.2530 -2.3404 0.9237
18.0503 7.9075 -2.3408 0.9237
17.7584 8.5520 -2.3413 0.9237
17.1062 9.8081 -2.3423 0.9236
14.6129 10.6169 -2.1456 0.9298
14.0009 10.9612 -2.1122 0.9309
13.5282 11.3976 -2.1013 0.9312
12.9913 11.7680 -2.0822 0.9318
13.6514 14.2782 -2.3465 0.9235
13.1331 14.7625 -2.3471 0.9235
12.5978 15.2281 -2.3476 0.9235
10.2370 13.3205 -1.9956 0.9346
8.5523 14.0266 -1.9514 0.9360
9.0645 17.5944 -2.3510 0.9234
8.4291 17.9128 -2.3516 0.9234
7.1256 18.4802 -2.3527 0.9233
5.5095 15.9749 -2.0073 0.9342
3.8104 16.6944 -2.0341 0.9333
3.2873 17.2327 -2.0839 0.9318
2.6991 17.5511 -2.1093 0.9310
0.0793 8.8382 -1.0499 0.9650
-1.2287 19.5293 -2.3244 0.9242
-1.9581 19.7656 -2.3594 0.9231
-3.3723 19.5819 -2.3603 0.9231
-4.0738 19.4516 -2.3607 0.9231
-4.7702 19.2962 -2.3611 0.9231
-5.4607 19.1157 -2.3615 0.9230
-6.1444 18.9103 -2.3619 0.9230
-8.7926 17.8464 -2.3632 0.9230
-9.4287 17.5215 -2.3635 0.9230
-11.8443 15.9983 -2.3645 0.9229
-12.4120 15.5641 -2.3647 0.9229
-12.9637 15.1097 -2.3649 0.9229
-14.1285 14.2559 -2.3842 0.9223
-16.4585 13.3686 -2.5187 0.9181
-17.3760 12.1538 -2.5188 0.9181
-17.8012 11.5224 -2.5188 0.9181
-20.1036 6.7321 -2.5184 0.9181
-20.7065 4.5309 -2.5178 0.9182
-20.8541 3.7844 -2.5176 0.9182
-21.0677 2.2780 -2.5171 0.9182
-21.1336 1.5202 -2.5169 0.9182
-21.1720 0.7604 -2.5166 0.9182
-17.4466 -3.1661 -2.5124 0.9309
-15.4719 -4.5704 -2.2858 0.9369
-16.3297 -6.1286 -2.4713 0.9320
-15.6425 -6.5205 -2.4012 0.9338
-15.1147 -6.9474 -2.3570 0.9350
-14.5723 -8.0112 -2.3562 0.9350
-12.5089 -10.9287 -2.3535 0.9351
-11.6880 -11.7934 -2.3526 0.9351
-10.3463 -12.9738 -2.3512 0.9352
-9.8719 -13.3341 -2.3507 0.9352
-8.3761 -14.3094 -2.3493 0.9352
-7.8555 -14.5979 -2.3488 0.9352
-6.7852 -15.1179 -2.3479 0.9352
-5.0202 -13.7503 -2.0741 0.9426
-4.5606 -14.0360 -2.0911 0.9421
-2.8085 -16.3081 -2.3447 0.9353
-1.0385 -16.5065 -2.3434 0.9354
2.1331 -13.8704 -1.9884 0.9449
2.7063 -14.1868 -2.0464 0.9433
3.3162 -14.5291 -2.1116 0.9416
3.9726 -14.9150 -2.1870 0.9395
6.3241 -16.4014 -2.4907 0.9314
6.9079 -16.1619 -2.4904 0.9315
8.6026 -15.3208 -2.4896 0.9315
9.1462 -15.0007 -2.4894 0.9315
9.6779 -14.6614 -2.4891 0.9315
11.1955 -13.5331 -2.4886 0.9315
11.6734 -13.1217 -2.4884 0.9315
12.5835 -12.2491 -2.4882 0.9315
13.4290 -11.3139 -2.4880 0.9315
13.8261 -10.8244 -2.4880 0.9315
14.2055 -10.3209 -2.4879 0.9315
14.5667 -9.8042 -2.4879 0.9315
14.9092 -9.2750 -2.4879 0.9315
15.8204 -7.6187 -2.4880 0.9315
16.3272 -6.4644 -2.4881 0.9315
16.7504 -5.2768 -2.4883 0.9315
16.9299 -4.6723 -2.4885 0.9315
17.0878 -4.0619 -2.4886 0.9315
17.2071 -3.4428 -2.4864 0.9316
16.5502 -2.6975 -2.3759 0.9345
16.3690 -2.0679 -2.3377 0.9355
16.4341 -1.4791 -2.3380 0.9355
16.1933 -0.8729 -2.2977 0.9366
16.5011 -0.2963 -2.3384 0.9355
12.8305 0.2304 -1.8182 0.9495
16.4835 0.8886 -2.3389 0.9355
16.3812 2.0694 -2.3395 0.9355
16.2985 2.6565 -2.3398 0.9355
16.0704 3.8200 -2.3404 0.9354
15.3676 6.0845 -2.3419 0.9354
15.1418 6.6333 -2.3423 0.9354
14.0463 8.7382 -2.3439 0.9354
13.7261 9.2385 -2.3443 0.9353
11.4472 11.9728 -2.3470 0.9353
10.5629 12.7684 -2.3480 0.9352
9.3399 13.1009 -2.2797 0.9371
7.5986 14.7490 -2.3508 0.9352
7.0657 15.0153 -2.3513 0.9352
6.5234 15.2623 -2.3518 0.9351
5.4138 15.6973 -2.3527 0.9351
4.8477 15.8846 -2.3532 0.9351
4.2753 16.0515 -2.3536 0.9351
3.6970 16.1978 -2.3541 0.9351
3.1138 16.3231 -2.3545 0.9351
2.5263 16.4275 -2.3550 0.9351
0.7260 8.9669 -1.2747 0.9643
0.0793 8.8357 -1.2520 0.9649
-0.4479 16.6294 -2.3571 0.9350
-1.0447 16.6054 -2.3575 0.9350
-2.2341 16.4929 -2.3582 0.9350
-4.5743 16.0127 -2.3596 0.9349
-5.7129 15.6474 -2.3602 0.9349
-6.8224 15.2008 -2.3608 0.9349
-7.8971 14.6753 -2.3613 0.9349
-6.9410 10.9372 -1.8354 0.9490
-9.9196 13.3986 -2.3621 0.9349
-10.3949 13.0348 -2.3623 0.9349
-10.8568 12.6541 -2.3624 0.9349
-12.9435 12.1548 -2.5158 0.9308
-13.3719 11.6827 -2.5159 0.9308
-13.7831 11.1955 -2.5160 0.9308
-14.5513 10.1781 -2.5161 0.9308
-14.9074 9.6493 -2.5161 0.9308
-15.5611 8.5548 -2.5161 0.9308
-15.8580 7.9906 -2.5160 0.9308
-16.1342 7.4160 -2.5160 0.9308
-16.6236 6.2389 -2.5158 0.9308
-17.0267 5.0297 -2.5156 0.9308
-17.1953 4.4150 -2.5154 0.9308
-17.4654 3.1695 -2.5151 0.9308
-17.7004 1.2732 -2.5144 0.9308
-17.7425 -0.0000 -2.5139 0.9308
-17.7291 -0.6368 -2.5136 0.9308
-17.5514 -2.5381 -2.5127 0.9309
-17.4466 -3.1661 -2.5124 0.9309
-17.3193 -3.7898 -2.5120 0.9309
-16.3297 -6.1286 -2.4713 0.9320
-15.6425 -6.5205 -2.4012 0.9338
-15.1147 -6.9474 -2.3570 0.9350
-14.8530 -7.4842 -2.3566 0.9350
-14.5723 -8.0112 -2.3562 0.9350
-14.2727 -8.5276 -2.3558 0.9350
-13.1940 -9.2287 -2.2814 0.9370
-13.2659 -10.0070 -2.3544 0.9351
-12.1062 -11.3685 -2.3531 0.9351
-11.6880 -11.7934 -2.3526 0.9351
-9.8719 -13.3341 -2.3507 0.9352
-9.3850 -13.6772 -2.3503 0.9352
-8.3761 -14.3095 -2.3493 0.9352
-7.8555 -14.5979 -2.3488 0.9352
-4.0848 -14.2992 -2.1071 0.9417
-3.6010 -14.5667 -2.1261 0.9412
-2.2209 -16.3953 -2.3443 0.9353
-0.4452 -16.5302 -2.3430 0.9354
0.1214 -13.5188 -1.9155 0.9468
1.0737 -13.2622 -1.8853 0.9477
2.7063 -14.1868 -2.0464 0.9433
3.9726 -14.9150 -2.1870 0.9395
5.1324 -16.8171 -2.4913 0.9314
6.3241 -16.4014 -2.4907 0.9314
7.4828 -15.9017 -2.4901 0.9315
8.0479 -15.6212 -2.4898 0.9315
9.1462 -15.0007 -2.4894 0.9315
10.1972 -14.3034 -2.4889 0.9315
11.6734 -13.1217 -2.4884 0.9315
12.1363 -12.6935 -2.4883 0.9315
12.5835 -12.2491 -2.4882 0.9315
13.4290 -11.3139 -2.4880 0.9315
13.8261 -10.8244 -2.4880 0.9315
14.2055 -10.3209 -2.4879 0.9315
14.5667 -9.8042 -2.4879 0.9315
14.9092 -9.2750 -2.4879 0.9315
15.5364 -8.1815 -2.4879 0.9315
15.8204 -7.6187 -2.4880 0.9315
16.3272 -6.4644 -2.4881 0.9315
16.7504 -5.2768 -2.4883 0.9315
16.9299 -4.6723 -2.4885 0.9315
17.2071 -3.4428 -2.4864 0.9316
16.5502 -2.6975 -2.3759 0.9345
16.4341 -1.4791 -2.3380 0.9355
16.1933 -0.8730 -2.2977 0.9366
16.5011 -0.2963 -2.3384 0.9355
16.4429 1.4799 -2.3392 0.9355
16.3812 2.0694 -2.3395 0.9355
16.2985 2.6565 -2.3398 0.9355
16.1949 3.2403 -2.3401 0.9355
16.0704 3.8200 -2.3404 0.9354
15.9252 4.3951 -2.3408 0.9354
15.7596 4.9647 -2.3411 0.9354
15.5736 5.5280 -2.3415 0.9354
15.3676 6.0845 -2.3419 0.9354
14.6318 7.7052 -2.3431 0.9354
14.0463 8.7382 -2.3439 0.9354
13.0328 10.2033 -2.3452 0.9353
12.6606 10.6666 -2.3457 0.9353
11.4472 11.9728 -2.3470 0.9353
11.0122 12.3785 -2.3475 0.9353
10.5629 12.7684 -2.3480 0.9352
10.0998 13.1419 -2.3484 0.9352
9.3399 13.1009 -2.2797 0.9371
9.0675 13.7367 -2.3321 0.9357
8.5523 14.0266 -2.3277 0.9358
7.5986 14.7490 -2.3508 0.9352
5.9726 15.4898 -2.3522 0.9351
4.8477 15.8846 -2.3532 0.9351
3.1138 16.3231 -2.3545 0.9351
2.5263 16.4275 -2.3550 0.9351
1.9354 16.5106 -2.3554 0.9350
0.3934 8.7599 -1.2424 0.9652
-0.4479 16.6294 -2.3571 0.9350
-2.8252 16.4046 -2.3586 0.9350
-5.7129 15.6474 -2.3602 0.9349
-6.8224 15.2008 -2.3608 0.9349
-9.4316 13.7450 -2.3619 0.9349
-10.8568 12.6541 -2.3624 0.9349
-12.4983 12.6110 -2.5157 0.9308
-13.3719 11.6827 -2.5159 0.9308
-13.7831 11.1955 -2.5160 0.9308
-14.1764 10.6937 -2.5160 0.9308
-15.5611 8.5548 -2.5161 0.9308
-16.1342 7.4160 -2.5160 0.9308
-16.8361 5.6379 -2.5157 0.9308
-17.0267 5.0297 -2.5156 0.9308
-17.3416 3.7947 -2.5153 0.9308
-17.4654 3.1695 -2.5151 0.9308
-17.6448 1.9079 -2.5147 0.9308
-17.7329 0.6369 -2.5142 0.9308
-17.7291 -0.6368 -2.5136 0.9308
-17.6927 -1.2727 -2.5133 0.9308
-17.3193 -3.7898 -2.5120 0.9309
-17.1696 -4.4084 -2.5117 0.9309
-15.4719 -4.5704 -2.2859 0.9369
-16.7784 -5.6187 -2.5071 0.9310
-14.8530 -7.4842 -2.3566 0.9350
-14.5722 -8.0112 -2.3562 0.9350
-14.2727 -8.5276 -2.3558 0.9350
-13.1938 -9.2286 -2.2813 0.9370
-12.5090 -10.9288 -2.3535 0.9351
-12.1062 -11.3685 -2.3531 0.9351
-11.2549 -12.2030 -2.3522 0.9351
-10.8075 -12.5966 -2.3517 0.9351
-8.3761 -14.3095 -2.3493 0.9352
-7.8555 -14.5980 -2.3488 0.9352
-6.2369 -15.3486 -2.3474 0.9353
-3.1078 -14.8394 -2.1482 0.9406
-2.8085 -16.3081 -2.3447 0.9353
-2.2209 -16.3953 -2.3443 0.9353
-1.0385 -16.5065 -2.3434 0.9354
0.1214 -13.5188 -1.9155 0.9468
1.0737 -13.2622 -1.8853 0.9477
2.1331 -13.8704 -1.9884 0.9449
5.7320 -16.6199 -2.4910 0.9314
6.9079 -16.1619 -2.4904 0.9315
9.6779 -14.6614 -2.4891 0.9315
10.1972 -14.3034 -2.4889 0.9315
11.6734 -13.1217 -2.4884 0.9315
12.5835 -12.2491 -2.4882 0.9315
13.0146 -11.7891 -2.4881 0.9315
14.2055 -10.3209 -2.4879 0.9315
14.9092 -9.2750 -2.4879 0.9315
15.2326 -8.7338 -2.4879 0.9315
15.5364 -8.1815 -2.4879 0.9315
16.3272 -6.4644 -2.4881 0.9315
16.9299 -4.6723 -2.4885 0.9315
16.3690 -2.0679 -2.3377 0.9355
16.1933 -0.8730 -2.2977 0.9366
16.4835 0.8886 -2.3389 0.9355
16.4429 1.4799 -2.3392 0.9355
16.3812 2.0695 -2.3395 0.9355
16.2985 2.6565 -2.3398 0.9355
16.1949 3.2403 -2.3401 0.9355
16.0704 3.8200 -2.3404 0.9354
15.9252 4.3951 -2.3408 0.9354
15.5736 5.5280 -2.3415 0.9354
15.3676 6.0845 -2.3419 0.9354
14.8964 7.1738 -2.3427 0.9354
14.6318 7.7052 -2.3431 0.9354
14.3484 8.2269 -2.3435 0.9354
13.3881 9.7271 -2.3448 0.9353
12.2719 11.1164 -2.3461 0.9353
11.8673 11.5520 -2.3466 0.9353
11.4472 11.9728 -2.3470 0.9353
11.0122 12.3785 -2.3475 0.9353
10.5629 12.7684 -2.3480 0.9352
9.3399 13.1009 -2.2797 0.9371
9.0675 13.7367 -2.3321 0.9357
7.5986 14.7490 -2.3508 0.9352
7.0657 15.0153 -2.3513 0.9352
5.9725 15.4898 -2.3522 0.9351
4.2752 16.0515 -2.3536 0.9351
3.6970 16.1978 -2.3541 0.9351
3.1138 16.3231 -2.3545 0.9351
2.5263 16.4275 -2.3550 0.9351
1.9354 16.5106 -2.3554 0.9350
-1.0447 16.6054 -2.3575 0.9350
-1.6404 16.5599 -2.3578 0.9350
-2.8252 16.4046 -2.3586 0.9350
-3.4127 16.2951 -2.3589 0.9350
-5.7129 15.6474 -2.3602 0.9349
-8.4196 14.3837 -2.3615 0.9349
-9.4316 13.7450 -2.3619 0.9349
-9.9197 13.3986 -2.3621 0.9349
-10.3950 13.0348 -2.3623 0.9349
-10.8569 12.6541 -2.3624 0.9349
-12.0038 13.0148 -2.5086 0.9310
-12.4983 12.6110 -2.5157 0.9308
-12.9435 12.1548 -2.5158 0.9308
-15.8580 7.9906 -2.5160 0.9308
-16.1342 7.4160 -2.5160 0.9308
-16.3895 6.8319 -2.5159 0.9308
-16.6236 6.2389 -2.5158 0.9308
-17.3416 3.7946 -2.5153 0.9308
-17.5665 2.5403 -2.5149 0.9308
-17.6448 1.9079 -2.5147 0.9308
-17.7004 1.2732 -2.5144 0.9308
-17.6927 -1.2727 -2.5133 0.9308
-17.4466 -3.1661 -2.5124 0.9309
-17.3193 -3.7898 -2.5120 0.9309
-16.7784 -5.6187 -2.5071 0.9310
-15.6425 -6.5205 -2.4012 0.9338
-15.1147 -6.9475 -2.3570 0.9350
-14.8530 -7.4842 -2.3566 0.9350
-14.2727 -8.5276 -2.3558 0.9350
-13.9549 -9.0328 -2.3553 0.9350
-13.2659 -10.0070 -2.3544 0.9351
-12.8957 -10.4747 -2.3540 0.9351
-12.5089 -10.9288 -2.3535 0.9351
-12.1062 -11.3685 -2.3531 0.9351
-11.6880 -11.7934 -2.3526 0.9351
-10.3463 -12.9738 -2.3512 0.9352
-9.8719 -13.3341 -2.3507 0.9352
-9.3850 -13.6772 -2.3503 0.9352
-8.3761 -14.3095 -2.3493 0.9352
-6.7852 -15.1179 -2.3479 0.9352
-5.0202 -13.7503 -2.0741 0.9426
-4.5606 -14.0360 -2.0911 0.9421
-4.0848 -14.2992 -2.1071 0.9417
-3.1078 -14.8394 -2.1482 0.9406
-2.8085 -16.3081 -2.3447 0.9353
-2.2209 -16.3953 -2.3443 0.9353
-1.6306 -16.4615 -2.3438 0.9354
-1.0385 -16.5065 -2.3434 0.9354
-0.4452 -16.5302 -2.3430 0.9354
0.1214 -13.5188 -1.9155 0.9468
0.5892 -13.1191 -1.8607 0.9483
1.5865 -13.5339 -1.9307 0.9464
2.1331 -13.8704 -1.9884 0.9449
2.7063 -14.1868 -2.0464 0.9433
5.7320 -16.6199 -2.4910 0.9314
6.3241 -16.4014 -2.4907 0.9314
7.4828 -15.9017 -2.4901 0.9315
8.0480 -15.6212 -2.4898 0.9315
10.1972 -14.3034 -2.4889 0.9315
10.7033 -13.9271 -2.4888 0.9315
11.1956 -13.5330 -2.4886 0.9315
11.6734 -13.1217 -2.4884 0.9315
12.5835 -12.2491 -2.4882 0.9315
13.4290 -11.3139 -2.4880 0.9315
13.8261 -10.8244 -2.4880 0.9315
14.9092 -9.2750 -2.4879 0.9315
15.2326 -8.7338 -2.4879 0.9315
16.3272 -6.4644 -2.4881 0.9315
16.5494 -5.8744 -2.4882 0.9315
16.7504 -5.2767 -2.4883 0.9315
16.9299 -4.6723 -2.4885 0.9315
17.0878 -4.0618 -2.4886 0.9315
17.2071 -3.4428 -2.4864 0.9316
16.3690 -2.0679 -2.3377 0.9355
16.4429 1.4799 -2.3392 0.9355
16.3812 2.0695 -2.3395 0.9355
16.1949 3.2403 -2.3401 0.9355
16.0704 3.8200 -2.3404 0.9354
15.7596 4.9647 -2.3411 0.9354
15.1418 6.6333 -2.3423 0.9354
14.8964 7.1738 -2.3427 0.9354
14.6318 7.7052 -2.3431 0.9354
14.3484 8.2269 -2.3435 0.9354
14.0463 8.7382 -2.3439 0.9354
13.0328 10.2033 -2.3452 0.9353
12.6605 10.6666 -2.3457 0.9353
12.2719 11.1164 -2.3461 0.9353
11.8673 11.5520 -2.3466 0.9353
11.0122 12.3785 -2.3475 0.9353
9.0675 13.7367 -2.3321 0.9357
8.1215 14.4639 -2.3503 0.9352
7.0657 15.0153 -2.3513 0.9352
6.5234 15.2623 -2.3518 0.9351
5.9726 15.4898 -2.3522 0.9351
4.8477 15.8846 -2.3532 0.9351
3.1138 16.3231 -2.3545 0.9351
2.5263 16.4275 -2.3550 0.9351
0.3934 8.7599 -1.2424 0.9652
-3.4127 16.2951 -2.3589 0.9350
-5.7129 15.6473 -2.3602 0.9349
-6.2717 15.4341 -2.3605 0.9349
-8.4196 14.3837 -2.3615 0.9349
-6.9410 10.9372 -1.8354 0.9490
-10.3950 13.0348 -2.3623 0.9349
-10.8569 12.6541 -2.3624 0.9349
-12.0038 13.0148 -2.5086 0.9310
-12.4983 12.6110 -2.5157 0.9308
-13.3719 11.6827 -2.5159 0.9308
-15.5612 8.5548 -2.5161 0.9308
-16.8361 5.6379 -2.5157 0.9308
-17.0268 5.0297 -2.5156 0.9308
-17.4654 3.1695 -2.5151 0.9308
-17.5665 2.5403 -2.5149 0.9308
-15.2497 0.0000 -2.5122 0.9401
-15.2385 -0.5474 -2.5120 0.9401
-15.2074 -1.0939 -2.5117 0.9401
-15.1568 -1.6389 -2.5115 0.9401
-14.8876 -3.2577 -2.5106 0.9401
-14.7592 -3.7895 -2.5103 0.9401
-14.6118 -4.3163 -2.5100 0.9401
-14.4455 -4.8374 -2.5096 0.9401
-14.2606 -5.3521 -2.5093 0.9401
-14.0574 -5.8597 -2.5089 0.9401
-12.0956 -8.4605 -2.4317 0.9419
-11.1063 -9.0213 -2.3572 0.9436
-10.0509 -10.1416 -2.3522 0.9438
-8.8978 -11.1575 -2.3510 0.9438
-8.0716 -11.7631 -2.3502 0.9438
-7.6428 -12.0432 -2.3498 0.9438
-6.7567 -12.5561 -2.3490 0.9438
-6.3006 -12.7883 -2.3485 0.9438
-5.3650 -13.2029 -2.3477 0.9439
-4.8867 -13.3846 -2.3473 0.9439
-3.9125 -13.6961 -2.3465 0.9439
-2.9188 -13.9369 -2.3458 0.9439
-2.4163 -14.0305 -2.3454 0.9439
-1.9108 -14.1059 -2.3450 0.9439
-1.4182 -14.3167 -2.3701 0.9433
-0.9179 -14.5902 -2.4083 0.9425
-0.4006 -14.8723 -2.4509 0.9415
0.1213 -13.5160 -2.2267 0.9467
1.5888 -13.5539 -2.2481 0.9462
2.8364 -14.8690 -2.4937 0.9405
4.4169 -14.4727 -2.4928 0.9405
6.4401 -13.6859 -2.4917 0.9405
8.3298 -12.6190 -2.4909 0.9405
10.0477 -11.2942 -2.4903 0.9406
10.4461 -10.9258 -2.4902 0.9406
10.8311 -10.5433 -2.4901 0.9406
11.2023 -10.1474 -2.4900 0.9406
11.5590 -9.7385 -2.4900 0.9406
12.2275 -8.8838 -2.4899 0.9406
12.5384 -8.4390 -2.4898 0.9406
12.8332 -7.9835 -2.4898 0.9406
14.0536 -5.5642 -2.4900 0.9406
14.7078 -3.4961 -2.4905 0.9406
14.8247 -2.9661 -2.4906 0.9406
14.9226 -2.4322 -2.4908 0.9405
14.1824 -0.7645 -2.3398 0.9440
14.2019 -0.2550 -2.3400 0.9440
12.7733 0.2293 -2.1046 0.9495
14.1862 0.7648 -2.3404 0.9440
14.0978 1.7810 -2.3409 0.9440
14.0263 2.2861 -2.3412 0.9440
13.8295 3.2874 -2.3417 0.9440
13.7043 3.7821 -2.3420 0.9440
13.5614 4.2722 -2.3423 0.9440
13.2236 5.2356 -2.3430 0.9440
13.0290 5.7077 -2.3433 0.9440
12.8175 6.1726 -2.3436 0.9440
11.8094 7.9484 -2.3451 0.9439
11.5183 8.3685 -2.3455 0.9439
10.5571 9.5630 -2.3466 0.9439
10.2087 9.9375 -2.3470 0.9439
9.0859 10.9830 -2.3482 0.9439
8.2774 11.6106 -2.3490 0.9438
7.4256 12.1788 -2.3498 0.9438
6.9849 12.4396 -2.3503 0.9438
6.5350 12.6846 -2.3507 0.9438
5.1361 13.3205 -2.3519 0.9438
4.6554 13.4985 -2.3523 0.9438
2.1722 14.1246 -2.3542 0.9437
0.0793 8.8331 -1.4552 0.9648
-0.8981 14.2754 -2.3564 0.9437
-1.4102 14.2359 -2.3567 0.9437
-1.9205 14.1781 -2.3570 0.9436
-3.4349 13.8948 -2.3579 0.9436
-3.9320 13.7642 -2.3582 0.9436
-4.4240 13.6157 -2.3585 0.9436
-4.8187 9.7805 -1.7962 0.9568
-6.7875 12.6133 -2.3596 0.9436
-7.2365 12.3625 -2.3598 0.9436
-6.9409 10.9371 -2.1340 0.9488
-8.5254 11.5154 -2.3604 0.9436
-9.2041 11.5416 -2.4319 0.9419
-10.3449 11.2162 -2.5137 0.9400
-10.7413 10.8381 -2.5138 0.9400
-11.1238 10.4460 -2.5139 0.9400
-11.4920 10.0402 -2.5139 0.9400
-11.8453 9.6215 -2.5140 0.9400
-12.1832 9.1903 -2.5141 0.9400
-13.8658 6.3734 -2.5140 0.9400
-14.2866 5.3618 -2.5139 0.9400
-14.6332 4.3226 -2.5136 0.9400
-14.7782 3.7944 -2.5135 0.9400
-15.0977 2.1833 -2.5131 0.9400
-15.2497 -0.0000 -2.5122 0.9401
-15.0865 -2.1817 -2.5112 0.9401
-14.9967 -2.7215 -2.5109 0.9401
-14.7592 -3.7895 -2.5103 0.9401
-14.6118 -4.3163 -2.5100 0.9401
-14.4455 -4.8374 -2.5096 0.9401
-14.2606 -5.3521 -2.5093 0.9401
-14.0574 -5.8597 -2.5089 0.9401
-13.8359 -6.3597 -2.5086 0.9401
-13.0372 -7.7894 -2.5019 0.9403
-12.6156 -8.1659 -2.4757 0.9409
-10.4103 -9.7759 -2.3526 0.9438
-9.6788 -10.4940 -2.3518 0.9438
-8.4901 -11.4678 -2.3506 0.9438
-6.7567 -12.5561 -2.3490 0.9438
-5.3650 -13.2029 -2.3477 0.9439
-4.4024 -13.5491 -2.3469 0.9439
-3.9125 -13.6961 -2.3465 0.9439
-3.4178 -13.8255 -2.3462 0.9439
-1.9108 -14.1059 -2.3450 0.9439
-1.4182 -14.3167 -2.3701 0.9433
-0.4006 -14.8723 -2.4509 0.9415
0.1213 -13.5160 -2.2267 0.9467
0.5876 -13.0849 -2.1578 0.9483
1.0733 -13.2566 -2.1910 0.9475
1.5888 -13.5539 -2.2481 0.9462
2.8364 -14.8690 -2.4937 0.9405
3.3679 -14.7558 -2.4934 0.9405
4.4169 -14.4727 -2.4928 0.9405
4.9330 -14.3032 -2.4925 0.9405
5.4427 -14.1154 -2.4922 0.9405
5.9452 -13.9095 -2.4920 0.9405
6.9266 -13.4446 -2.4915 0.9405
7.4041 -13.1862 -2.4913 0.9405
8.7768 -12.3110 -2.4907 0.9405
9.2125 -11.9873 -2.4906 0.9406
9.6363 -11.6482 -2.4904 0.9406
10.4461 -10.9258 -2.4902 0.9406
10.8311 -10.5433 -2.4901 0.9406
11.9009 -9.3171 -2.4899 0.9406
12.5384 -8.4390 -2.4898 0.9406
12.8332 -7.9835 -2.4898 0.9406
13.8444 -6.0649 -2.4900 0.9406
14.0536 -5.5642 -2.4900 0.9406
14.2448 -5.0563 -2.4901 0.9406
14.5721 -4.0216 -2.4903 0.9406
14.9226 -2.4322 -2.4908 0.9405
3.8905 -0.4915 -0.6460 0.9842
14.1824 -0.7645 -2.3398 0.9440
14.1863 0.7648 -2.3404 0.9440
14.1511 1.2736 -2.3407 0.9440
14.0263 2.2861 -2.3412 0.9440
13.9369 2.7885 -2.3415 0.9440
13.7043 3.7821 -2.3420 0.9440
13.5614 4.2722 -2.3423 0.9440
13.0290 5.7077 -2.3433 0.9440
12.5896 6.6297 -2.3440 0.9440
12.3454 7.0784 -2.3443 0.9439
11.8094 7.9484 -2.3451 0.9439
11.5183 8.3685 -2.3455 0.9439
10.5571 9.5630 -2.3466 0.9439
8.6873 11.3040 -2.3486 0.9438
8.2774 11.6106 -2.3490 0.9438
7.8566 11.9023 -2.3494 0.9438
7.4256 12.1788 -2.3498 0.9438
6.5350 12.6846 -2.3507 0.9438
5.6100 13.1253 -2.3515 0.9438
5.1361 13.3205 -2.3519 0.9438
4.6554 13.4985 -2.3523 0.9438
4.1686 13.6593 -2.3527 0.9437
3.6762 13.8024 -2.3531 0.9437
3.1789 13.9278 -2.3535 0.9437
2.1722 14.1246 -2.3542 0.9437
0.7249 8.9540 -1.4799 0.9642
0.3929 8.7476 -1.4425 0.9651
-1.4102 14.2359 -2.3567 0.9437
-3.4349 13.8948 -2.3579 0.9436
-4.8187 9.7805 -1.7962 0.9568
-6.9409 10.9371 -2.1340 0.9488
-8.1060 11.8132 -2.3602 0.9436
-8.5254 11.5154 -2.3604 0.9436
-9.9257 11.5688 -2.5112 0.9401
-10.3449 11.2162 -2.5137 0.9400
-10.7413 10.8381 -2.5138 0.9400
-11.1238 10.4460 -2.5139 0.9400
-13.3733 7.3520 -2.5141 0.9400
-14.0853 5.8714 -2.5139 0.9400
-14.4693 4.8453 -2.5138 0.9400
-15.0106 2.7240 -2.5132 0.9400
-15.2131 1.0943 -2.5127 0.9400
-15.2413 0.5474 -2.5125 0.9400
-15.2075 -1.0939 -2.5117 0.9401
-15.0865 -2.1817 -2.5112 0.9401
-14.7592 -3.7895 -2.5103 0.9401
-14.6118 -4.3164 -2.5100 0.9401
-14.4455 -4.8374 -2.5096 0.9401
-14.0574 -5.8597 -2.5089 0.9401
-13.8359 -6.3597 -2.5086 0.9401
-13.5967 -6.8512 -2.5082 0.9401
-13.3339 -7.3304 -2.5067 0.9402
-13.0372 -7.7894 -2.5019 0.9403
-11.5923 -8.7445 -2.3921 0.9428
-11.1063 -9.0213 -2.3572 0.9436
-10.4103 -9.7759 -2.3526 0.9438
-9.6788 -10.4940 -2.3518 0.9438
-9.2942 -10.8328 -2.3514 0.9438
-6.7567 -12.5561 -2.3490 0.9438
-5.6558 -12.6015 -2.2755 0.9455
-5.3650 -13.2029 -2.3477 0.9439
-4.8867 -13.3847 -2.3473 0.9439
-3.4178 -13.8255 -2.3462 0.9439
-2.9188 -13.9369 -2.3458 0.9439
-2.4163 -14.0305 -2.3454 0.9439
-0.9179 -14.5902 -2.4083 0.9425
0.5877 -13.0849 -2.1578 0.9483
2.8364 -14.8690 -2.4937 0.9405
3.8949 -14.6236 -2.4931 0.9405
4.4169 -14.4727 -2.4928 0.9405
4.9330 -14.3032 -2.4925 0.9405
5.4427 -14.1154 -2.4922 0.9405
6.4401 -13.6858 -2.4917 0.9405
6.9266 -13.4446 -2.4915 0.9405
7.4041 -13.1862 -2.4913 0.9405
8.3298 -12.6191 -2.4909 0.9405
8.7768 -12.3110 -2.4907 0.9405
9.2125 -11.9873 -2.4906 0.9406
9.6363 -11.6482 -2.4904 0.9406
10.4461 -10.9258 -2.4902 0.9406
11.2023 -10.1474 -2.4900 0.9406
12.5384 -8.4390 -2.4898 0.9406
13.3731 -7.0423 -2.4899 0.9406
13.8444 -6.0649 -2.4900 0.9406
14.4177 -4.5419 -2.4902 0.9406
14.5721 -4.0216 -2.4903 0.9406
14.7078 -3.4961 -2.4905 0.9406
14.8247 -2.9661 -2.4906 0.9406
14.9226 -2.4322 -2.4908 0.9405
3.8905 -0.4915 -0.6460 0.9842
3.9853 -0.3587 -0.6592 0.9839
14.2019 -0.2550 -2.3400 0.9440
14.1863 0.7648 -2.3404 0.9440
14.1511 1.2736 -2.3407 0.9440
14.0978 1.7810 -2.3409 0.9440
13.9369 2.7885 -2.3415 0.9440
13.7043 3.7822 -2.3420 0.9440
13.4011 4.7569 -2.3427 0.9440
13.0290 5.7077 -2.3433 0.9440
12.5896 6.6297 -2.3440 0.9440
11.5183 8.3685 -2.3455 0.9439
11.2123 8.7780 -2.3458 0.9439
10.8917 9.1764 -2.3462 0.9439
9.8471 10.2993 -2.3474 0.9439
9.4727 10.6479 -2.3478 0.9439
9.0859 10.9830 -2.3482 0.9439
8.6873 11.3040 -2.3486 0.9438
7.8566 11.9023 -2.3494 0.9438
6.9849 12.4396 -2.3503 0.9438
6.5350 12.6846 -2.3507 0.9438
5.1361 13.3205 -2.3519 0.9438
4.6554 13.4985 -2.3523 0.9438
4.1686 13.6593 -2.3527 0.9437
3.1789 13.9278 -2.3535 0.9437
2.6774 14.0352 -2.3538 0.9437
1.6640 14.1957 -2.3546 0.9437
0.7249 8.9540 -1.4799 0.9642
0.3928 8.7476 -1.4425 0.9651
0.0793 8.8331 -1.4552 0.9648
-0.2854 10.5956 -1.7461 0.9579
-1.4102 14.2359 -2.3567 0.9437
-2.4286 14.1019 -2.3573 0.9436
-3.4349 13.8948 -2.3579 0.9436
-3.9320 13.7642 -2.3582 0.9436
-4.9105 13.4496 -2.3587 0.9436
-5.8640 13.0653 -2.3592 0.9436
-4.8187 9.7805 -1.7962 0.9568
-7.2365 12.3625 -2.3598 0.9436
-8.1060 11.8132 -2.3602 0.9436
-8.5254 11.5154 -2.3604 0.9436
-9.2042 11.5416 -2.4319 0.9419
-9.9257 11.5688 -2.5112 0.9401
-11.1238 10.4460 -2.5139 0.9400
-11.4920 10.0402 -2.5139 0.9400
-11.8453 9.6215 -2.5140 0.9400
-12.8114 8.2926 -2.5141 0.9400
-13.1008 7.8274 -2.5141 0.9400
-13.6284 6.8671 -2.5140 0.9400
-14.6332 4.3226 -2.5136 0.9400
-14.9041 3.2613 -2.5134 0.9400
-15.2131 1.0943 -2.5127 0.9400
-15.2413 0.5474 -2.5125 0.9400
-15.2385 -0.5474 -2.5120 0.9401
-15.2074 -1.0939 -2.5117 0.9401
-15.1568 -1.6389 -2.5115 0.9401
-14.9967 -2.7215 -2.5109 0.9401
-14.8876 -3.2577 -2.5106 0.9401
-14.7592 -3.7895 -2.5103 0.9401
-14.4455 -4.8374 -2.5096 0.9401
-14.2606 -5.3521 -2.5093 0.9401
-14.0573 -5.8598 -2.5089 0.9401
-13.5967 -6.8512 -2.5082 0.9401
-13.3339 -7.3304 -2.5067 0.9402
-13.0372 -7.7894 -2.5019 0.9403
-12.0956 -8.4605 -2.4317 0.9419
-11.1063 -9.0213 -2.3572 0.9436
-10.0509 -10.1416 -2.3522 0.9438
-9.2942 -10.8328 -2.3514 0.9438
-8.8978 -11.1576 -2.3510 0.9438
-8.4901 -11.4678 -2.3506 0.9438
-3.4178 -13.8255 -2.3462 0.9439
-1.9108 -14.1059 -2.3450 0.9439
-1.4182 -14.3167 -2.3701 0.9433
-0.9179 -14.5902 -2.4083 0.9425
-0.4006 -14.8723 -2.4509 0.9415
0.1214 -13.5160 -2.2267 0.9467
0.5877 -13.0849 -2.1578 0.9483
1.0733 -13.2566 -2.1910 0.9475
2.3012 -14.9632 -2.4940 0.9405
2.8364 -14.8690 -2.4937 0.9405
3.3679 -14.7558 -2.4934 0.9405
3.8949 -14.6236 -2.4931 0.9405
4.4169 -14.4727 -2.4928 0.9405
6.4401 -13.6858 -2.4917 0.9405
8.3298 -12.6191 -2.4909 0.9405
9.2125 -11.9873 -2.4906 0.9406
9.6363 -11.6482 -2.4904 0.9406
12.5384 -8.4390 -2.4898 0.9406
12.8332 -7.9835 -2.4898 0.9406
13.3731 -7.0423 -2.4899 0.9406
13.6175 -6.5578 -2.4899 0.9406
13.8444 -6.0649 -2.4900 0.9406
14.2448 -5.0563 -2.4901 0.9406
14.7078 -3.4961 -2.4905 0.9406
14.8247 -2.9661 -2.4906 0.9406
14.9226 -2.4322 -2.4908 0.9405
3.9853 -0.3587 -0.6592 0.9839
14.1824 -0.7645 -2.3398 0.9440
14.2019 -0.2549 -2.3400 0.9440
14.1511 1.2737 -2.3407 0.9440
14.0978 1.7810 -2.3409 0.9440
13.7043 3.7821 -2.3420 0.9440
13.2236 5.2356 -2.3430 0.9440
13.0290 5.7077 -2.3433 0.9440
12.8175 6.1726 -2.3436 0.9440
12.5896 6.6297 -2.3440 0.9440
12.0852 7.5182 -2.3447 0.9439
11.8094 7.9484 -2.3451 0.9439
11.2123 8.7780 -2.3458 0.9439
10.8917 9.1764 -2.3462 0.9439
10.2087 9.9375 -2.3470 0.9439
9.8471 10.2993 -2.3474 0.9439
8.2774 11.6106 -2.3490 0.9438
7.8566 11.9023 -2.3494 0.9438
6.5350 12.6846 -2.3507 0.9438
6.0765 12.9132 -2.3511 0.9438
5.1361 13.3205 -2.3519 0.9438
4.1686 13.6593 -2.3527 0.9437
3.1789 13.9278 -2.3535 0.9437
1.6640 14.1957 -2.3546 0.9437
0.7249 8.9540 -1.4799 0.9642
0.3929 8.7476 -1.4425 0.9651
0.0793 8.8331 -1.4552 0.9648
-0.2854 10.5956 -1.7461 0.9579
-1.4102 14.2359 -2.3567 0.9437
-1.9206 14.1781 -2.3570 0.9436
-3.9320 13.7642 -2.3582 0.9436
-4.9105 13.4496 -2.3587 0.9436
-5.3907 13.2661 -2.3590 0.9436
-5.8640 13.0653 -2.3592 0.9436
-4.8187 9.7805 -1.7962 0.9568
-6.7875 12.6133 -2.3596 0.9436
-7.2365 12.3625 -2.3598 0.9436
-8.5254 11.5154 -2.3604 0.9436
-9.2042 11.5416 -2.4319 0.9419
-9.9257 11.5688 -2.5112 0.9401
-10.7413 10.8381 -2.5138 0.9400
-11.4920 10.0402 -2.5139 0.9400
-11.8453 9.6215 -2.5140 0.9400
-12.1833 9.1902 -2.5141 0.9400
-12.5054 8.7471 -2.5141 0.9400
-12.8114 8.2926 -2.5141 0.9400
-13.3733 7.3520 -2.5141 0.9400
-14.0853 5.8714 -2.5139 0.9400
-14.2866 5.3618 -2.5139 0.9400
-14.4693 4.8453 -2.5138 0.9400
-15.0106 2.7240 -2.5132 0.9400
-15.2413 0.5474 -2.5125 0.9400
-13.3589 0.0000 -2.5109 0.9471
-13.3222 -0.9583 -2.5105 0.9471
-13.2780 -1.4357 -2.5103 0.9471
-13.0427 -2.8540 -2.5095 0.9471
-12.8015 -3.7816 -2.5090 0.9471
-12.6560 -4.2382 -2.5087 0.9471
-12.4943 -4.6892 -2.5084 0.9471
-12.3164 -5.1340 -2.5081 0.9471
-11.6885 -6.4258 -2.5071 0.9472
-11.4488 -6.8403 -2.5068 0.9472
-10.0363 -8.7685 -2.5050 0.9472
-9.3762 -9.4607 -2.5036 0.9472
-8.6582 -10.0915 -2.4993 0.9473
-7.9014 -10.6725 -2.4960 0.9474
-7.0892 -11.1707 -2.4868 0.9476
-5.8379 -11.8492 -2.4828 0.9477
-5.4209 -12.0781 -2.4884 0.9475
-4.9928 -12.2870 -2.4929 0.9475
-3.6470 -12.7668 -2.4956 0.9474
-3.1883 -12.8970 -2.4971 0.9474
-2.7245 -13.0090 -2.4982 0.9473
-1.3096 -13.2210 -2.4972 0.9474
-0.8341 -13.2577 -2.4968 0.9474
0.5958 -13.2654 -2.4959 0.9474
1.0714 -13.2338 -2.4956 0.9474
2.4870 -13.0373 -2.4947 0.9474
3.4152 -12.8225 -2.4942 0.9474
3.8729 -12.6904 -2.4939 0.9474
4.7725 -12.3774 -2.4934 0.9474
5.2133 -12.1971 -2.4932 0.9474
5.6473 -12.0011 -2.4930 0.9474
6.4927 -11.5632 -2.4926 0.9475
7.3046 -11.0660 -2.4923 0.9475
7.6967 -10.7960 -2.4921 0.9475
8.0788 -10.5122 -2.4920 0.9475
8.8114 -9.9046 -2.4917 0.9475
9.1609 -9.5815 -2.4916 0.9475
9.8240 -8.8990 -2.4915 0.9475
10.1369 -8.5404 -2.4914 0.9475
10.7232 -7.7908 -2.4913 0.9475
11.7279 -6.1759 -2.4913 0.9475
11.9422 -5.7510 -2.4914 0.9475
12.1411 -5.3188 -2.4914 0.9475
12.8980 -3.0659 -2.4919 0.9475
13.0004 -2.6011 -2.4920 0.9475
3.9386 -0.3545 -0.7433 0.9840
12.9783 -0.6996 -2.4430 0.9485
12.4537 -0.2236 -2.3412 0.9506
12.4087 1.1168 -2.3418 0.9506
12.3618 1.5617 -2.3420 0.9506
12.2990 2.0046 -2.3422 0.9505
12.2203 2.4450 -2.3425 0.9505
12.0160 3.3162 -2.3430 0.9505
11.8906 3.7458 -2.3432 0.9505
11.7499 4.1707 -2.3435 0.9505
11.4231 5.0042 -2.3441 0.9505
11.2376 5.4117 -2.3444 0.9505
11.0375 5.8124 -2.3447 0.9505
10.8232 6.2057 -2.3450 0.9505
9.8291 7.6951 -2.3463 0.9505
9.5479 8.0441 -2.3467 0.9505
9.2543 8.3829 -2.3470 0.9504
8.6316 9.0279 -2.3477 0.9504
7.9640 9.6268 -2.3484 0.9504
7.6145 9.9080 -2.3488 0.9504
7.2550 10.1765 -2.3491 0.9504
6.5082 10.6741 -2.3498 0.9504
6.1218 10.9025 -2.3502 0.9504
5.7273 11.1169 -2.3505 0.9504
5.3254 11.3170 -2.3509 0.9504
4.5011 11.6735 -2.3516 0.9504
4.0797 11.8293 -2.3520 0.9503
3.2215 12.0951 -2.3527 0.9503
2.7856 12.2047 -2.3530 0.9503
1.7709 9.2835 -1.7764 0.9623
1.5336 9.9724 -1.8965 0.9598
0.3923 8.7353 -1.6435 0.9650
-0.6303 10.0180 -1.8867 0.9600
-1.6826 12.4217 -2.3561 0.9503
-2.1277 12.3547 -2.3564 0.9503
-3.4446 12.0583 -2.3572 0.9502
-3.8757 11.9281 -2.3574 0.9502
-4.3017 11.7824 -2.3576 0.9502
-4.7224 11.6214 -2.3578 0.9502
-5.9458 11.0492 -2.3584 0.9502
-6.7242 10.5956 -2.3588 0.9502
-7.9328 10.7150 -2.5059 0.9472
-8.7027 10.1433 -2.5121 0.9471
-9.0615 9.8248 -2.5122 0.9471
-10.6717 8.0500 -2.5125 0.9470
-11.2219 7.2637 -2.5126 0.9470
-11.7140 6.4398 -2.5126 0.9470
-11.9375 6.0151 -2.5125 0.9470
-12.3378 5.1430 -2.5124 0.9470
-12.6743 4.2442 -2.5123 0.9471
-12.8179 3.7864 -2.5122 0.9471
-13.1488 2.3861 -2.5118 0.9471
-13.3265 0.9586 -2.5113 0.9471
-13.3589 -0.0000 -2.5109 0.9471
-13.3492 -0.4795 -2.5107 0.9471
-13.3222 -0.9583 -2.5105 0.9471
-13.2780 -1.4358 -2.5103 0.9471
-13.2166 -1.9113 -2.5100 0.9471
-12.8015 -3.7816 -2.5090 0.9471
-12.6560 -4.2382 -2.5087 0.9471
-12.4942 -4.6892 -2.5084 0.9471
-12.3163 -5.1340 -2.5081 0.9471
-12.1226 -5.5721 -2.5078 0.9471
-11.6885 -6.4258 -2.5071 0.9472
-11.4488 -6.8403 -2.5068 0.9472
-11.1943 -7.2459 -2.5064 0.9472
-10.9255 -7.6420 -2.5061 0.9472
-10.6426 -8.0281 -2.5057 0.9472
-10.3461 -8.4038 -2.5053 0.9472
-9.7136 -9.1217 -2.5046 0.9472
-9.3762 -9.4607 -2.5036 0.9472
-8.6582 -10.0915 -2.4993 0.9473
-7.9014 -10.6725 -2.4960 0.9474
-7.5083 -10.9421 -2.4943 0.9474
-6.6717 -11.3977 -2.4824 0.9477
-4.9928 -12.2870 -2.4929 0.9475
-4.5497 -12.4616 -2.4935 0.9474
-4.1010 -12.6216 -2.4945 0.9474
-3.1883 -12.8970 -2.4971 0.9474
-1.7836 -13.1673 -2.4975 0.9474
-0.8341 -13.2577 -2.4968 0.9474
0.5958 -13.2654 -2.4959 0.9474
1.5456 -13.1852 -2.4953 0.9474
2.0176 -13.1197 -2.4950 0.9474
2.9531 -12.9382 -2.4944 0.9474
3.8729 -12.6904 -2.4939 0.9474
4.3255 -12.5420 -2.4937 0.9474
4.7725 -12.3774 -2.4934 0.9474
5.6473 -12.0011 -2.4930 0.9474
6.0739 -11.7897 -2.4928 0.9475
6.4927 -11.5632 -2.4926 0.9475
6.9031 -11.3218 -2.4924 0.9475
8.4505 -10.2149 -2.4919 0.9475
9.1609 -9.5815 -2.4916 0.9475
9.8241 -8.8990 -2.4915 0.9475
10.1369 -8.5404 -2.4914 0.9475
11.2544 -7.0013 -2.4913 0.9475
11.4985 -6.5929 -2.4913 0.9475
11.7279 -6.1759 -2.4913 0.9475
12.3245 -4.8796 -2.4915 0.9475
12.4921 -4.4342 -2.4916 0.9475
12.6437 -3.9831 -2.4917 0.9475
12.7791 -3.5268 -2.4918 0.9475
13.0004 -2.6011 -2.4920 0.9475
13.0862 -2.1329 -2.4921 0.9475
3.8686 -0.4887 -0.7329 0.9843
12.9783 -0.6996 -2.4430 0.9485
12.4537 -0.2236 -2.3412 0.9506
12.4087 1.1168 -2.3418 0.9506
12.2203 2.4450 -2.3425 0.9505
12.1260 2.8824 -2.3427 0.9505
11.7499 4.1708 -2.3435 0.9505
11.4231 5.0042 -2.3441 0.9505
11.0375 5.8124 -2.3447 0.9505
10.5949 6.5911 -2.3453 0.9505
10.0975 7.3363 -2.3460 0.9505
9.5479 8.0441 -2.3467 0.9505
9.2543 8.3829 -2.3470 0.9504
8.9488 8.7110 -2.3473 0.9504
8.3032 9.3334 -2.3480 0.9504
6.8861 10.4320 -2.3495 0.9504
6.5082 10.6741 -2.3498 0.9504
5.3254 11.3170 -2.3509 0.9504
4.5011 11.6735 -2.3516 0.9504
4.0797 11.8293 -2.3520 0.9503
3.6530 11.9699 -2.3523 0.9503
3.2215 12.0951 -2.3527 0.9503
-0.3374 12.5260 -2.3552 0.9503
-1.6826 12.4217 -2.3561 0.9503
-2.1277 12.3547 -2.3564 0.9503
-2.5701 12.2717 -2.3566 0.9503
-3.0093 12.1729 -2.3569 0.9502
-3.4446 12.0583 -2.3572 0.9502
-4.3017 11.7824 -2.3576 0.9502
-4.7224 11.6214 -2.3578 0.9502
-5.9458 11.0492 -2.3584 0.9502
-6.3391 10.8294 -2.3586 0.9502
-6.7242 10.5956 -2.3588 0.9502
-7.1557 10.4282 -2.3772 0.9498
-8.3326 10.4487 -2.5120 0.9471
-8.7027 10.1433 -2.5121 0.9471
-9.7438 9.1500 -2.5124 0.9471
-10.0662 8.7946 -2.5124 0.9470
-10.6717 8.0500 -2.5125 0.9470
-10.9539 7.6618 -2.5126 0.9470
-11.2219 7.2637 -2.5126 0.9470
-11.4754 6.8562 -2.5126 0.9470
-11.7140 6.4398 -2.5126 0.9470
-12.1455 5.5826 -2.5125 0.9470
-12.3378 5.1430 -2.5124 0.9470
-12.5141 4.6966 -2.5124 0.9471
-12.6743 4.2442 -2.5123 0.9471
-12.9450 3.3237 -2.5121 0.9471
-13.0554 2.8567 -2.5120 0.9471
-13.1488 2.3861 -2.5118 0.9471
-13.2252 1.9125 -2.5117 0.9471
-13.2844 1.4364 -2.5115 0.9471
-13.2780 -1.4358 -2.5103 0.9471
-13.2166 -1.9113 -2.5100 0.9471
-13.1381 -2.3842 -2.5098 0.9471
-13.0427 -2.8540 -2.5095 0.9471
-12.8015 -3.7816 -2.5090 0.9471
-12.6560 -4.2382 -2.5087 0.9471
-12.4943 -4.6892 -2.5084 0.9471
-12.1226 -5.5721 -2.5078 0.9471
-11.9132 -6.0029 -2.5074 0.9472
-11.6885 -6.4258 -2.5071 0.9472
-11.1943 -7.2459 -2.5064 0.9472
-10.6426 -8.0281 -2.5057 0.9472
-10.0363 -8.7685 -2.5050 0.9472
-9.7136 -9.1217 -2.5046 0.9472
-9.3762 -9.4607 -2.5036 0.9472
-9.0222 -9.7822 -2.5013 0.9473
-8.6582 -10.0915 -2.4993 0.9473
-8.2844 -10.3884 -2.4975 0.9474
-7.5083 -10.9421 -2.4943 0.9474
-7.0891 -11.1707 -2.4868 0.9476
-5.8379 -11.8492 -2.4828 0.9477
-5.4209 -12.0781 -2.4884 0.9475
-4.9928 -12.2870 -2.4929 0.9475
-4.5497 -12.4616 -2.4935 0.9474
-4.1010 -12.6216 -2.4945 0.9474
-2.7245 -13.0090 -2.4982 0.9473
-2.2554 -13.0966 -2.4979 0.9473
-1.3096 -13.2210 -2.4972 0.9474
-0.8341 -13.2577 -2.4968 0.9474
0.1192 -13.2799 -2.4962 0.9474
1.0714 -13.2338 -2.4956 0.9474
1.5456 -13.1852 -2.4953 0.9474
2.0176 -13.1197 -2.4950 0.9474
2.4870 -13.0373 -2.4947 0.9474
4.7725 -12.3774 -2.4934 0.9474
6.0739 -11.7897 -2.4928 0.9475
6.4927 -11.5632 -2.4926 0.9475
6.9031 -11.3218 -2.4924 0.9475
7.6967 -10.7960 -2.4921 0.9475
8.0788 -10.5122 -2.4920 0.9475
8.8114 -9.9046 -2.4917 0.9475
9.1609 -9.5815 -2.4916 0.9475
9.4986 -9.2462 -2.4916 0.9475
11.2544 -7.0013 -2.4913 0.9475
11.4985 -6.5929 -2.4913 0.9475
11.9422 -5.7510 -2.4914 0.9475
12.1411 -5.3188 -2.4914 0.9475
12.3245 -4.8796 -2.4915 0.9475
12.7791 -3.5268 -2.4918 0.9475
12.8980 -3.0659 -2.4919 0.9475
3.8686 -0.4887 -0.7329 0.9843
12.9783 -0.6996 -2.4430 0.9485
12.4537 -0.2236 -2.3412 0.9506
12.3618 1.5617 -2.3420 0.9506
12.2990 2.0046 -2.3422 0.9505
12.0160 3.3162 -2.3430 0.9505
11.8906 3.7458 -2.3432 0.9505
11.5940 4.5904 -2.3438 0.9505
11.4231 5.0042 -2.3441 0.9505
11.2376 5.4117 -2.3444 0.9505
11.0375 5.8124 -2.3447 0.9505
10.8232 6.2057 -2.3450 0.9505
10.0975 7.3363 -2.3460 0.9505
9.5479 8.0441 -2.3467 0.9505
9.2543 8.3829 -2.3470 0.9504
8.9488 8.7110 -2.3473 0.9504
8.3032 9.3334 -2.3480 0.9504
7.6145 9.9080 -2.3488 0.9504
6.8861 10.4320 -2.3495 0.9504
6.5082 10.6741 -2.3498 0.9504
5.7273 11.1169 -2.3505 0.9504
5.3254 11.3170 -2.3509 0.9504
4.9164 11.5026 -2.3513 0.9504
4.5010 11.6735 -2.3516 0.9504
1.7709 9.2835 -1.7764 0.9623
1.5336 9.9724 -1.8965 0.9598
1.4581 12.4387 -2.3540 0.9503
0.0793 8.8305 -1.6599 0.9647
-0.6303 10.0180 -1.8867 0.9600
-2.5701 12.2717 -2.3566 0.9503
-3.0093 12.1729 -2.3569 0.9502
-4.3017 11.7824 -2.3576 0.9502
-4.7224 11.6214 -2.3578 0.9502
-5.1369 11.4454 -2.3580 0.9502
-6.3391 10.8294 -2.3586 0.9502
-6.7242 10.5956 -2.3588 0.9502
-7.1557 10.4282 -2.3772 0.9498
-8.7027 10.1433 -2.5121 0.9471
-9.0616 9.8248 -2.5122 0.9471
-10.0662 8.7946 -2.5124 0.9470
-10.6717 8.0500 -2.5125 0.9470
-10.9539 7.6618 -2.5126 0.9470
-11.2219 7.2637 -2.5126 0.9470
-11.4754 6.8562 -2.5126 0.9470
-11.9375 6.0151 -2.5125 0.9470
-12.1455 5.5826 -2.5125 0.9470
-12.3378 5.1430 -2.5124 0.9470
-12.5141 4.6966 -2.5124 0.9471
-12.6742 4.2443 -2.5123 0.9471
-13.0554 2.8567 -2.5120 0.9471
-13.2252 1.9125 -2.5117 0.9471
-13.3265 0.9586 -2.5113 0.9471
-13.3513 0.4796 -2.5111 0.9471
-13.3492 -0.4795 -2.5107 0.9471
-13.2780 -1.4358 -2.5103 0.9471
-12.8015 -3.7816 -2.5090 0.9471
-12.6560 -4.2382 -2.5087 0.9471
-11.6885 -6.4258 -2.5071 0.9472
-11.4488 -6.8403 -2.5068 0.9472
-11.1943 -7.2459 -2.5064 0.9472
-10.6426 -8.0281 -2.5057 0.9472
-10.3461 -8.4038 -2.5053 0.9472
-8.6582 -10.0915 -2.4993 0.9473
-8.2844 -10.3884 -2.4975 0.9474
-7.9014 -10.6725 -2.4960 0.9474
-7.5083 -10.9422 -2.4943 0.9474
-7.0891 -11.1707 -2.4868 0.9476
-4.5497 -12.4616 -2.4935 0.9474
-3.6470 -12.7668 -2.4956 0.9474
-3.1883 -12.8970 -2.4971 0.9474
-1.7836 -13.1673 -2.4975 0.9474
-0.8341 -13.2577 -2.4968 0.9474
-0.3576 -13.2773 -2.4965 0.9474
0.1192 -13.2799 -2.4962 0.9474
2.0176 -13.1197 -2.4950 0.9474
2.4870 -13.0373 -2.4947 0.9474
3.4152 -12.8225 -2.4942 0.9474
3.8729 -12.6904 -2.4939 0.9474
4.3256 -12.5419 -2.4937 0.9474
6.0739 -11.7897 -2.4928 0.9475
6.9031 -11.3218 -2.4924 0.9475
7.6967 -10.7960 -2.4921 0.9475
8.0788 -10.5122 -2.4920 0.9475
8.4505 -10.2149 -2.4919 0.9475
9.1609 -9.5815 -2.4916 0.9475
9.4986 -9.2462 -2.4916 0.9475
10.4368 -8.1709 -2.4914 0.9475
10.7232 -7.7908 -2.4913 0.9475
11.2544 -7.0013 -2.4913 0.9475
11.9422 -5.7510 -2.4914 0.9475
12.4921 -4.4342 -2.4916 0.9475
12.6437 -3.9831 -2.4917 0.9475
12.7791 -3.5268 -2.4918 0.9475
12.8980 -3.0659 -2.4919 0.9475
13.0004 -2.6011 -2.4920 0.9475
13.0862 -2.1329 -2.4921 0.9475
12.9783 -0.6996 -2.4430 0.9485
12.4537 -0.2236 -2.3412 0.9506
12.4397 0.6706 -2.3416 0.9506
12.4087 1.1168 -2.3418 0.9506
11.8906 3.7459 -2.3432 0.9505
11.7499 4.1708 -2.3435 0.9505
11.4231 5.0042 -2.3441 0.9505
11.0375 5.8124 -2.3447 0.9505
10.8232 6.2057 -2.3450 0.9505
10.0975 7.3363 -2.3460 0.9505
9.8291 7.6951 -2.3463 0.9505
9.2543 8.3829 -2.3470 0.9504
8.9488 8.7110 -2.3473 0.9504
8.3032 9.3334 -2.3480 0.9504
7.6145 9.9080 -2.3488 0.9504
7.2550 10.1765 -2.3491 0.9504
6.5082 10.6741 -2.3498 0.9504
5.7273 11.1169 -2.3505 0.9504
5.3254 11.3170 -2.3509 0.9504
4.9164 11.5026 -2.3513 0.9504
4.5011 11.6735 -2.3516 0.9504
4.0797 11.8293 -2.3520 0.9503
3.6530 11.9699 -2.3523 0.9503
2.7856 12.2047 -2.3530 0.9503
1.5336 9.9724 -1.8965 0.9598
0.3923 8.7353 -1.6435 0.9650
0.0792 8.8306 -1.6599 0.9647
-1.6826 12.4217 -2.3561 0.9503
-2.1277 12.3547 -2.3564 0.9503
-4.3018 11.7824 -2.3576 0.9502
-4.7224 11.6214 -2.3578 0.9502
-5.1369 11.4454 -2.3580 0.9502
-6.3391 10.8294 -2.3586 0.9502
-6.7242 10.5956 -2.3588 0.9502
-7.1557 10.4283 -2.3772 0.9498
-8.3326 10.4487 -2.5120 0.9471
-9.7438 9.1500 -2.5124 0.9471
-10.0662 8.7946 -2.5124 0.9470
-10.3756 8.4278 -2.5125 0.9470
-10.6717 8.0500 -2.5125 0.9470
-10.9539 7.6618 -2.5126 0.9470
-11.2219 7.2637 -2.5126 0.9470
-11.9375 6.0151 -2.5125 0.9470
-12.1455 5.5826 -2.5125 0.9470
-12.6743 4.2442 -2.5123 0.9471
-12.8179 3.7864 -2.5122 0.9471
-12.9450 3.3237 -2.5121 0.9471
-13.1488 2.3861 -2.5118 0.9471
-13.2844 1.4364 -2.5115 0.9471
-13.3265 0.9586 -2.5113 0.9471
-13.3513 0.4795 -2.5111 0.9471
-11.8656 -0.4262 -2.5098 0.9526
-11.5938 -2.5369 -2.5087 0.9526
-11.2505 -3.7675 -2.5079 0.9527
-11.1068 -4.1685 -2.5077 0.9527
-10.7767 -4.9535 -2.5071 0.9527
-10.5907 -5.3365 -2.5068 0.9527
-9.9521 -6.4418 -2.5059 0.9527
-8.9231 -7.7959 -2.5046 0.9527
-8.6364 -8.1101 -2.5043 0.9527
-8.3386 -8.4138 -2.5040 0.9527
-7.3828 -9.2578 -2.5030 0.9527
-7.0448 -9.5155 -2.5026 0.9527
-6.6978 -9.7610 -2.5023 0.9528
-6.3422 -9.9937 -2.5020 0.9528
-5.9786 -10.2136 -2.5016 0.9528
-5.6073 -10.4202 -2.5013 0.9528
-5.2290 -10.6133 -2.5009 0.9528
-4.4528 -10.9582 -2.5003 0.9528
-3.2477 -11.3689 -2.4993 0.9528
-2.8371 -11.4766 -2.4990 0.9528
-2.4230 -11.5696 -2.4986 0.9528
-1.5863 -11.7107 -2.4980 0.9528
-0.7419 -11.7915 -2.4974 0.9528
0.1060 -11.8116 -2.4968 0.9529
2.6268 -11.5086 -2.4952 0.9529
3.8477 -11.1565 -2.4946 0.9529
4.2454 -11.0103 -2.4944 0.9529
5.0236 -10.6757 -2.4940 0.9529
5.7758 -10.2863 -2.4936 0.9529
6.1409 -10.0717 -2.4935 0.9529
6.4981 -9.8442 -2.4933 0.9529
6.8469 -9.6041 -2.4932 0.9529
7.5176 -9.0873 -2.4930 0.9529
7.8387 -8.8112 -2.4929 0.9529
8.1496 -8.5238 -2.4928 0.9529
8.4501 -8.2255 -2.4927 0.9529
8.7397 -7.9167 -2.4926 0.9529
9.2848 -7.2690 -2.4925 0.9529
9.7822 -6.5840 -2.4925 0.9529
10.0122 -6.2286 -2.4925 0.9529
10.6240 -5.1163 -2.4925 0.9529
11.2480 -3.5434 -2.4928 0.9529
11.3684 -3.1375 -2.4929 0.9529
11.5652 -2.3139 -2.4931 0.9529
3.8061 -0.4808 -0.8109 0.9844
3.8754 -0.3488 -0.8225 0.9842
11.7727 -0.2114 -2.4889 0.9530
11.3868 0.2044 -2.4073 0.9545
11.0381 0.9935 -2.3427 0.9557
10.9962 1.3892 -2.3429 0.9557
10.6881 2.9497 -2.3437 0.9557
10.5764 3.3318 -2.3440 0.9557
10.3123 4.0829 -2.3445 0.9557
10.1602 4.4510 -2.3447 0.9557
9.8170 5.1696 -2.3453 0.9557
9.6262 5.5194 -2.3455 0.9556
9.4230 5.8621 -2.3458 0.9556
8.9804 6.5246 -2.3464 0.9556
8.7415 6.8437 -2.3467 0.9556
8.4913 7.1540 -2.3470 0.9556
8.2301 7.4551 -2.3473 0.9556
7.9582 7.7467 -2.3476 0.9556
5.7871 9.4914 -2.3498 0.9556
5.0926 9.8848 -2.3504 0.9556
4.3714 10.2275 -2.3511 0.9555
4.0020 10.3792 -2.3514 0.9555
3.6274 10.5176 -2.3517 0.9555
3.2479 10.6424 -2.3520 0.9555
2.4766 10.8508 -2.3526 0.9555
1.7708 9.2830 -1.9976 0.9621
0.3917 8.7229 -1.8457 0.9649
-0.2830 10.5068 -2.2217 0.9579
-0.8390 8.4700 -1.7992 0.9658
-1.1711 8.6455 -1.8442 0.9650
-1.8914 10.9824 -2.3556 0.9555
-2.6750 10.8206 -2.3561 0.9555
-3.0619 10.7186 -2.3563 0.9554
-3.8237 10.4731 -2.3567 0.9554
-4.7872 9.7166 -2.2896 0.9567
-5.2849 9.8210 -2.3574 0.9554
-6.3075 9.9390 -2.4883 0.9530
-7.0676 9.5463 -2.5107 0.9526
-7.4061 9.2869 -2.5109 0.9526
-8.6602 8.1325 -2.5112 0.9526
-9.4848 7.1548 -2.5114 0.9526
-9.9739 6.4559 -2.5114 0.9526
-10.4113 5.7237 -2.5114 0.9526
-10.6099 5.3462 -2.5114 0.9526
-10.7948 4.9618 -2.5113 0.9526
-10.9658 4.5710 -2.5113 0.9526
-11.1225 4.1744 -2.5112 0.9526
-11.3926 3.3654 -2.5110 0.9526
-11.5056 2.9542 -2.5109 0.9526
-11.6869 2.1209 -2.5107 0.9526
-11.8076 1.2768 -2.5104 0.9526
-11.8673 0.4263 -2.5101 0.9526
-11.8025 -1.2762 -2.5094 0.9526
-11.7481 -1.6989 -2.5091 0.9526
-11.6785 -2.1193 -2.5089 0.9526
-11.4941 -2.9512 -2.5084 0.9526
-11.3796 -3.3616 -2.5082 0.9526
-11.1068 -4.1685 -2.5077 0.9527
-10.5907 -5.3365 -2.5068 0.9527
-9.9521 -6.4418 -2.5059 0.9527
-9.7132 -6.7941 -2.5056 0.9527
-9.4619 -7.1375 -2.5053 0.9527
-9.1984 -7.4716 -2.5050 0.9527
-8.3386 -8.4138 -2.5040 0.9527
-7.7114 -8.9880 -2.5033 0.9527
-7.3828 -9.2578 -2.5030 0.9527
-6.3422 -9.9937 -2.5020 0.9528
-5.2290 -10.6133 -2.5009 0.9528
-3.6542 -11.2464 -2.4996 0.9528
-3.2477 -11.3689 -2.4993 0.9528
-2.8371 -11.4766 -2.4990 0.9528
-2.4230 -11.5696 -2.4986 0.9528
-2.0059 -11.6477 -2.4983 0.9528
-1.5863 -11.7107 -2.4980 0.9528
-1.1648 -11.7587 -2.4977 0.9528
-0.7419 -11.7915 -2.4974 0.9528
0.1060 -11.8116 -2.4968 0.9529
0.5299 -11.7988 -2.4965 0.9529
0.9530 -11.7709 -2.4963 0.9529
1.3747 -11.7278 -2.4960 0.9529
1.7947 -11.6697 -2.4957 0.9529
2.2122 -11.5966 -2.4955 0.9529
3.4451 -11.2884 -2.4948 0.9529
3.8477 -11.1565 -2.4946 0.9529
4.2454 -11.0103 -2.4944 0.9529
4.6375 -10.8499 -2.4942 0.9529
5.0236 -10.6757 -2.4940 0.9529
6.1409 -10.0717 -2.4935 0.9529
6.4981 -9.8442 -2.4933 0.9529
6.8469 -9.6041 -2.4932 0.9529
7.1869 -9.3517 -2.4931 0.9529
7.5176 -9.0872 -2.4930 0.9529
8.1496 -8.5238 -2.4928 0.9529
8.4501 -8.2255 -2.4927 0.9529
8.7397 -7.9167 -2.4926 0.9529
10.0122 -6.2286 -2.4925 0.9529
10.2294 -5.8652 -2.4925 0.9529
10.8010 -4.7317 -2.4926 0.9529
10.9642 -4.3410 -2.4926 0.9529
11.1132 -3.9447 -2.4927 0.9529
11.2480 -3.5434 -2.4928 0.9529
11.3684 -3.1375 -2.4929 0.9529
11.4741 -2.7275 -2.4930 0.9529
3.8597 -0.6291 -0.8266 0.9841
3.8061 -0.4808 -0.8109 0.9844
11.7800 -0.6350 -2.4937 0.9529
11.7727 -0.2114 -2.4889 0.9530
11.0657 0.5965 -2.3425 0.9557
10.9402 1.7831 -2.3431 0.9557
10.8701 2.1749 -2.3433 0.9557
10.7861 2.5639 -2.3435 0.9557
10.6881 2.9497 -2.3437 0.9557
10.4511 3.7097 -2.3442 0.9557
10.1602 4.4510 -2.3447 0.9557
9.8170 5.1697 -2.3453 0.9557
9.6262 5.5194 -2.3455 0.9556
8.2301 7.4551 -2.3473 0.9556
7.3839 8.3000 -2.3482 0.9556
6.7712 8.8107 -2.3489 0.9556
5.4434 9.6943 -2.3501 0.9556
5.0926 9.8848 -2.3504 0.9556
4.7351 10.0626 -2.3508 0.9556
4.0020 10.3792 -2.3514 0.9555
3.6274 10.5176 -2.3517 0.9555
3.2479 10.6424 -2.3520 0.9555
2.4766 10.8508 -2.3526 0.9555
1.7708 9.2830 -1.9976 0.9621
1.2963 11.0583 -2.3535 0.9555
0.7228 8.9280 -1.8934 0.9640
-0.2830 10.5068 -2.2217 0.9579
-3.4450 10.6027 -2.3565 0.9554
-3.8237 10.4731 -2.3567 0.9554
-4.4429 9.8991 -2.2936 0.9566
-6.7145 9.7853 -2.5085 0.9526
-7.0676 9.5463 -2.5107 0.9526
-8.0539 8.7323 -2.5111 0.9526
-8.6602 8.1325 -2.5112 0.9526
-8.9468 7.8166 -2.5113 0.9526
-9.2218 7.4905 -2.5113 0.9526
-9.4849 7.1548 -2.5114 0.9526
-9.9739 6.4559 -2.5114 0.9526
-10.6099 5.3462 -2.5114 0.9526
-10.9658 4.5710 -2.5113 0.9526
-11.2649 3.7723 -2.5111 0.9526
-11.3926 3.3654 -2.5110 0.9526
-11.5056 2.9541 -2.5109 0.9526
-11.7548 1.6999 -2.5106 0.9526
-11.8076 1.2768 -2.5104 0.9526
-11.8673 0.4263 -2.5101 0.9526
-11.7481 -1.6989 -2.5091 0.9526
-11.5938 -2.5369 -2.5087 0.9526
-11.2505 -3.7675 -2.5079 0.9527
-10.9488 -4.5640 -2.5074 0.9527
-10.5907 -5.3365 -2.5068 0.9527
-10.3911 -5.7126 -2.5065 0.9527
-9.9521 -6.4418 -2.5059 0.9527
-9.1984 -7.4716 -2.5050 0.9527
-8.9231 -7.7959 -2.5046 0.9527
-8.3386 -8.4138 -2.5040 0.9527
-8.0302 -8.7066 -2.5037 0.9527
-7.3828 -9.2578 -2.5030 0.9527
-6.6978 -9.7610 -2.5023 0.9528
-6.3422 -9.9937 -2.5020 0.9528
-4.0561 -11.1095 -2.4999 0.9528
-2.4230 -11.5696 -2.4986 0.9528
-2.0059 -11.6477 -2.4983 0.9528
-1.5863 -11.7107 -2.4980 0.9528
-0.7419 -11.7915 -2.4974 0.9528
-0.3181 -11.8091 -2.4971 0.9529
0.1060 -11.8116 -2.4968 0.9529
0.9530 -11.7709 -2.4963 0.9529
1.3747 -11.7278 -2.4960 0.9529
1.7947 -11.6697 -2.4957 0.9529
2.6268 -11.5086 -2.4952 0.9529
3.4451 -11.2884 -2.4948 0.9529
5.4032 -10.4877 -2.4938 0.9529
6.1409 -10.0717 -2.4935 0.9529
6.8469 -9.6041 -2.4932 0.9529
7.1869 -9.3517 -2.4931 0.9529
8.1496 -8.5238 -2.4928 0.9529
8.4501 -8.2255 -2.4927 0.9529
10.0122 -6.2286 -2.4925 0.9529
10.4334 -5.4942 -2.4925 0.9529
10.6240 -5.1163 -2.4925 0.9529
11.2480 -3.5434 -2.4928 0.9529
11.4741 -2.7275 -2.4930 0.9529
11.5652 -2.3139 -2.4931 0.9529
3.8597 -0.6291 -0.8266 0.9841
3.8061 -0.4808 -0.8109 0.9844
3.8754 -0.3488 -0.8225 0.9842
11.7800 -0.6350 -2.4937 0.9529
11.3868 0.2045 -2.4073 0.9545
10.8701 2.1749 -2.3433 0.9557
10.6881 2.9498 -2.3437 0.9557
10.5764 3.3319 -2.3440 0.9557
10.4511 3.7097 -2.3442 0.9557
10.1602 4.4510 -2.3447 0.9557
9.6262 5.5194 -2.3455 0.9556
9.4230 5.8621 -2.3458 0.9556
9.2076 6.1973 -2.3461 0.9556
8.7415 6.8437 -2.3467 0.9556
8.4913 7.1540 -2.3470 0.9556
8.2301 7.4551 -2.3473 0.9556
7.9582 7.7467 -2.3476 0.9556
7.3839 8.3000 -2.3482 0.9556
5.7871 9.4914 -2.3498 0.9556
5.4434 9.6944 -2.3501 0.9556
5.0926 9.8848 -2.3504 0.9556
4.3714 10.2275 -2.3511 0.9555
4.0020 10.3792 -2.3514 0.9555
3.6273 10.5176 -2.3517 0.9555
2.4766 10.8508 -2.3526 0.9555
0.3917 8.7229 -1.8457 0.9649
-0.2830 10.5068 -2.2217 0.9579
-0.5224 8.3026 -1.7585 0.9666
-0.8390 8.4700 -1.7992 0.9658
-1.1711 8.6455 -1.8442 0.9650
-1.8914 10.9824 -2.3556 0.9555
-3.0619 10.7186 -2.3563 0.9554
-3.4450 10.6027 -2.3565 0.9554
-4.1976 10.3299 -2.3569 0.9554
-5.6344 9.6256 -2.3576 0.9554
-7.0676 9.5463 -2.5107 0.9526
-7.7350 9.0155 -2.5110 0.9526
-8.0539 8.7323 -2.5111 0.9526
-8.3625 8.4379 -2.5111 0.9526
-8.6602 8.1325 -2.5112 0.9526
-9.2218 7.4905 -2.5113 0.9526
-9.4848 7.1548 -2.5114 0.9526
-9.7357 6.8097 -2.5114 0.9526
-10.4113 5.7237 -2.5114 0.9526
-10.6099 5.3462 -2.5114 0.9526
-10.7949 4.9618 -2.5113 0.9526
-10.9658 4.5710 -2.5113 0.9526
-11.1225 4.1744 -2.5112 0.9526
-11.2649 3.7723 -2.5111 0.9526
-11.3926 3.3654 -2.5110 0.9526
-11.6038 2.5391 -2.5108 0.9526
-11.8076 1.2768 -2.5104 0.9526
-11.8451 0.8520 -2.5103 0.9526
-11.8673 0.4263 -2.5101 0.9526
-11.8741 0.0000 -2.5099 0.9526
-11.8656 -0.4262 -2.5098 0.9526
-11.8417 -0.8518 -2.5096 0.9526
-11.8025 -1.2762 -2.5094 0.9526
-11.4941 -2.9512 -2.5084 0.9526
-10.9488 -4.5640 -2.5074 0.9527
-10.7767 -4.9535 -2.5071 0.9527
-10.5907 -5.3365 -2.5068 0.9527
-10.1782 -6.0812 -2.5062 0.9527
-9.9521 -6.4418 -2.5059 0.9527
-9.1984 -7.4716 -2.5050 0.9527
-8.9231 -7.7959 -2.5046 0.9527
-8.3386 -8.4138 -2.5040 0.9527
-7.0448 -9.5155 -2.5026 0.9527
-5.6073 -10.4202 -2.5013 0.9528
-5.2290 -10.6133 -2.5009 0.9528
-4.8440 -10.7927 -2.5006 0.9528
-4.0561 -11.1095 -2.4999 0.9528
-3.6542 -11.2464 -2.4996 0.9528
-3.2477 -11.3689 -2.4993 0.9528
-2.4230 -11.5696 -2.4986 0.9528
-2.0059 -11.6477 -2.4983 0.9528
-0.7419 -11.7915 -2.4974 0.9528
-0.3181 -11.8091 -2.4971 0.9529
0.1061 -11.8116 -2.4968 0.9529
0.5299 -11.7988 -2.4965 0.9529
0.9530 -11.7709 -2.4963 0.9529
2.2122 -11.5966 -2.4955 0.9529
2.6268 -11.5086 -2.4952 0.9529
3.4451 -11.2884 -2.4948 0.9529
3.8477 -11.1565 -2.4946 0.9529
4.2454 -11.0103 -2.4944 0.9529
4.6375 -10.8499 -2.4942 0.9529
5.0236 -10.6756 -2.4940 0.9529
6.4981 -9.8442 -2.4933 0.9529
6.8469 -9.6041 -2.4932 0.9529
7.5176 -9.0873 -2.4930 0.9529
8.1496 -8.5238 -2.4928 0.9529
9.0180 -7.5977 -2.4926 0.9529
9.2848 -7.2690 -2.4925 0.9529
10.0122 -6.2286 -2.4925 0.9529
10.8010 -4.7317 -2.4926 0.9529
11.1132 -3.9447 -2.4927 0.9529
11.2480 -3.5434 -2.4928 0.9529
11.5652 -2.3139 -2.4931 0.9529
3.8597 -0.6291 -0.8266 0.9841
3.8061 -0.4808 -0.8109 0.9844
3.8754 -0.3488 -0.8225 0.9842
11.7800 -0.6350 -2.4937 0.9529
11.0657 0.5966 -2.3425 0.9557
11.0381 0.9935 -2.3427 0.9557
10.9402 1.7831 -2.3431 0.9557
10.6881 2.9497 -2.3437 0.9557
10.4511 3.7098 -2.3442 0.9557
10.1602 4.4510 -2.3447 0.9557
9.9950 4.8134 -2.3450 0.9557
9.8170 5.1697 -2.3453 0.9557
9.4230 5.8621 -2.3458 0.9556
8.7415 6.8437 -2.3467 0.9556
8.4913 7.1540 -2.3470 0.9556
8.2301 7.4551 -2.3473 0.9556
7.9582 7.7467 -2.3476 0.9556
7.0821 8.5608 -2.3485 0.9556
6.7711 8.8107 -2.3489 0.9556
6.1232 9.2763 -2.3495 0.9556
5.7871 9.4914 -2.3498 0.9556
5.4434 9.6944 -2.3501 0.9556
5.0926 9.8848 -2.3504 0.9556
3.6273 10.5176 -2.3517 0.9555
2.8641 10.7535 -2.3523 0.9555
1.2868 8.3677 -1.7896 0.9660
1.2963 11.0583 -2.3535 0.9555
0.0792 8.8280 -1.8661 0.9646
-0.2830 10.5068 -2.2217 0.9579
-1.1711 8.6455 -1.8442 0.9650
-1.8914 10.9824 -2.3556 0.9555
-3.4450 10.6027 -2.3565 0.9554
-3.8237 10.4731 -2.3567 0.9554
-4.1976 10.3299 -2.3569 0.9554
-4.4429 9.8991 -2.2936 0.9566
-4.7872 9.7166 -2.2896 0.9567
-5.6344 9.6256 -2.3576 0.9554
-7.7350 9.0155 -2.5110 0.9526
-8.3625 8.4379 -2.5111 0.9526
-8.6602 8.1325 -2.5112 0.9526
-9.7357 6.8097 -2.5114 0.9526
-9.9739 6.4559 -2.5114 0.9526
-10.7949 4.9618 -2.5113 0.9526
-11.2649 3.7723 -2.5111 0.9526
-11.3926 3.3654 -2.5110 0.9526
-11.6038 2.5391 -2.5108 0.9526
-11.7548 1.6999 -2.5106 0.9526
-11.8076 1.2768 -2.5104 0.9526
-11.8451 0.8520 -2.5103 0.9526
-10.6685 -0.3832 -2.5090 0.9571
-10.6471 -0.7659 -2.5088 0.9571
-10.5007 -1.9056 -2.5082 0.9571
-10.4246 -2.2811 -2.5080 0.9571
-10.3351 -2.6536 -2.5078 0.9571
-10.2323 -3.0226 -2.5076 0.9571
-10.1162 -3.3876 -2.5073 0.9571
-9.9872 -3.7482 -2.5071 0.9571
-9.8452 -4.1039 -2.5068 0.9571
-9.3441 -5.1369 -2.5061 0.9571
-8.7348 -6.1097 -2.5052 0.9571
-8.2721 -6.7191 -2.5047 0.9572
-7.4991 -7.5668 -2.5038 0.9572
-7.2218 -7.8301 -2.5035 0.9572
-6.9353 -8.0834 -2.5032 0.9572
-5.7042 -8.9884 -2.5020 0.9572
-5.3772 -9.1862 -2.5017 0.9572
-4.7031 -9.5460 -2.5010 0.9572
-4.3569 -9.7075 -2.5007 0.9572
-3.6483 -9.9927 -2.5001 0.9572
-3.2869 -10.1160 -2.4998 0.9572
-2.9213 -10.2263 -2.4995 0.9572
-1.8044 -10.4774 -2.4987 0.9573
-1.0478 -10.5775 -2.4981 0.9573
0.8573 -10.5891 -2.4968 0.9573
1.6145 -10.4983 -2.4964 0.9573
2.3631 -10.3536 -2.4959 0.9573
2.7330 -10.2612 -2.4957 0.9573
3.0994 -10.1557 -2.4955 0.9573
4.5197 -9.6048 -2.4948 0.9573
5.5250 -9.0616 -2.4943 0.9573
5.8464 -8.8569 -2.4942 0.9573
6.7638 -8.1760 -2.4939 0.9573
7.3325 -7.6691 -2.4937 0.9573
8.3539 -6.5402 -2.4935 0.9573
9.0084 -5.6041 -2.4934 0.9573
9.2038 -5.2772 -2.4934 0.9573
9.8648 -3.9058 -2.4936 0.9573
9.9989 -3.5492 -2.4936 0.9573
10.1202 -3.1881 -2.4937 0.9573
10.2284 -2.8229 -2.4938 0.9573
10.4054 -2.0819 -2.4940 0.9573
4.0214 -0.2168 -0.9465 0.9836
10.1361 0.9123 -2.3919 0.9590
9.8424 1.6042 -2.3437 0.9599
9.7036 2.3066 -2.3441 0.9598
9.2770 3.6730 -2.3450 0.9598
9.1401 4.0041 -2.3452 0.9598
8.9914 4.3300 -2.3455 0.9598
8.6594 4.9650 -2.3459 0.9598
8.4765 5.2732 -2.3462 0.9598
8.2826 5.5747 -2.3465 0.9598
8.0781 5.8691 -2.3467 0.9598
7.6379 6.4350 -2.3473 0.9598
7.4029 6.7058 -2.3475 0.9598
7.1583 6.9681 -2.3478 0.9598
6.9043 7.2214 -2.3481 0.9598
6.6415 7.4655 -2.3484 0.9598
6.3700 7.7000 -2.3487 0.9598
6.0902 7.9246 -2.3489 0.9598
4.8957 8.7190 -2.3501 0.9597
4.2586 9.0499 -2.3507 0.9597
3.9314 9.1981 -2.3509 0.9597
3.2622 9.4587 -2.3515 0.9597
2.2272 9.7580 -2.3523 0.9597
0.8842 7.5428 -1.7849 0.9693
0.6232 7.6971 -1.8149 0.9688
-0.2193 8.1424 -1.9144 0.9671
-0.5224 8.3026 -1.9552 0.9664
-1.1711 8.6455 -2.0505 0.9648
-2.0542 9.8086 -2.3553 0.9597
-3.0976 9.5333 -2.3558 0.9596
-3.7741 9.2879 -2.3562 0.9596
-4.1054 9.1471 -2.3564 0.9596
-5.3849 9.1994 -2.5052 0.9571
-6.0419 8.8051 -2.5097 0.9571
-7.2410 7.8510 -2.5101 0.9571
-7.7861 7.3116 -2.5103 0.9571
-8.5274 6.4326 -2.5104 0.9571
-8.7529 6.1224 -2.5104 0.9571
-9.1697 5.4786 -2.5104 0.9571
-9.3604 5.1459 -2.5104 0.9571
-10.1279 3.3915 -2.5102 0.9571
-10.2428 3.0257 -2.5101 0.9571
-10.3444 2.6560 -2.5100 0.9571
-10.5686 1.5283 -2.5097 0.9571
-10.6499 0.7661 -2.5094 0.9571
-10.6699 0.3833 -2.5093 0.9571
-10.6761 -0.0000 -2.5091 0.9571
-10.6685 -0.3832 -2.5090 0.9571
-10.6120 -1.1475 -2.5086 0.9571
-10.4246 -2.2811 -2.5080 0.9571
-10.2323 -3.0226 -2.5076 0.9571
-10.1162 -3.3877 -2.5073 0.9571
-9.6906 -4.4542 -2.5066 0.9571
-9.5234 -4.7987 -2.5063 0.9571
-9.1527 -5.4685 -2.5058 0.9571
-8.9495 -5.7929 -2.5055 0.9571
-8.2721 -6.7191 -2.5047 0.9572
-8.0246 -7.0109 -2.5044 0.9572
-7.2218 -7.8301 -2.5035 0.9572
-6.3359 -8.5580 -2.5026 0.9572
-6.0239 -8.7789 -2.5023 0.9572
-5.7042 -8.9884 -2.5020 0.9572
-5.3772 -9.1862 -2.5017 0.9572
-4.3569 -9.7075 -2.5007 0.9572
-4.0051 -9.8564 -2.5004 0.9572
-3.2869 -10.1160 -2.4998 0.9572
-2.9213 -10.2263 -2.4995 0.9572
-2.5520 -10.3233 -2.4993 0.9572
-0.6673 -10.6072 -2.4979 0.9573
-0.2861 -10.6232 -2.4976 0.9573
1.9901 -10.4327 -2.4961 0.9573
2.3632 -10.3536 -2.4959 0.9573
3.4617 -10.0371 -2.4953 0.9573
3.8194 -9.9056 -2.4951 0.9573
4.5197 -9.6048 -2.4948 0.9573
4.8612 -9.4357 -2.4946 0.9573
6.1603 -8.6409 -2.4941 0.9573
6.7638 -8.1760 -2.4939 0.9573
7.0527 -7.9277 -2.4938 0.9573
7.3325 -7.6691 -2.4937 0.9573
7.8634 -7.1229 -2.4936 0.9573
8.1139 -6.8360 -2.4935 0.9573
8.3539 -6.5402 -2.4935 0.9573
8.5832 -6.2360 -2.4935 0.9573
8.8014 -5.9239 -2.4934 0.9573
9.0084 -5.6041 -2.4934 0.9573
9.3874 -4.9434 -2.4935 0.9573
9.5589 -4.6033 -2.4935 0.9573
9.8648 -3.9058 -2.4936 0.9573
9.9989 -3.5492 -2.4936 0.9573
10.1202 -3.1881 -2.4937 0.9573
10.2284 -2.8229 -2.4938 0.9573
10.3235 -2.4540 -2.4939 0.9573
10.4054 -2.0819 -2.4940 0.9573
3.8037 -0.6200 -0.9057 0.9843
10.6084 0.1905 -2.4936 0.9573
10.5729 0.5700 -2.4885 0.9574
9.8929 1.2498 -2.3435 0.9599
9.6154 2.6537 -2.3443 0.9598
9.2770 3.6730 -2.3450 0.9598
8.8311 4.6505 -2.3457 0.9598
8.4765 5.2732 -2.3462 0.9598
8.0781 5.8691 -2.3467 0.9598
7.8631 6.1560 -2.3470 0.9598
7.6379 6.4350 -2.3473 0.9598
6.9043 7.2214 -2.3481 0.9598
6.6415 7.4655 -2.3484 0.9598
6.0902 7.9246 -2.3489 0.9598
5.8025 8.1391 -2.3492 0.9598
5.5073 8.3432 -2.3495 0.9598
5.2049 8.5366 -2.3498 0.9598
4.8957 8.7190 -2.3501 0.9597
4.2586 9.0499 -2.3507 0.9597
3.5992 9.3344 -2.3512 0.9597
3.2622 9.4587 -2.3515 0.9597
2.9209 9.5708 -2.3518 0.9597
1.2868 8.3672 -1.9896 0.9658
0.8842 7.5428 -1.7849 0.9693
0.6232 7.6971 -1.8149 0.9688
0.3521 7.8404 -1.8445 0.9683
-0.2193 8.1424 -1.9144 0.9671
-1.1711 8.6455 -2.0505 0.9648
-2.0542 9.8086 -2.3553 0.9597
-3.0976 9.5333 -2.3558 0.9596
-3.7741 9.2879 -2.3562 0.9596
-4.1054 9.1471 -2.3564 0.9596
-4.9514 9.2012 -2.4557 0.9580
-5.3849 9.1994 -2.5052 0.9571
-5.7216 9.0158 -2.5096 0.9571
-6.0419 8.8051 -2.5097 0.9571
-6.3544 8.5829 -2.5098 0.9571
-7.5184 7.5862 -2.5102 0.9571
-7.7861 7.3116 -2.5103 0.9571
-8.0437 7.0276 -2.5103 0.9571
-8.5274 6.4326 -2.5104 0.9571
-9.5390 4.8065 -2.5104 0.9571
-9.7052 4.4610 -2.5104 0.9571
-9.8589 4.1096 -2.5103 0.9571
-9.9999 3.7530 -2.5103 0.9571
-10.3444 2.6560 -2.5100 0.9571
-10.6499 0.7661 -2.5094 0.9571
-10.6699 0.3833 -2.5093 0.9571
-10.6471 -0.7659 -2.5088 0.9571
-10.6120 -1.1475 -2.5086 0.9571
-10.3351 -2.6536 -2.5078 0.9571
-10.2323 -3.0226 -2.5076 0.9571
-9.6906 -4.4542 -2.5066 0.9571
-9.5234 -4.7987 -2.5063 0.9571
-9.3441 -5.1369 -2.5061 0.9571
-9.1527 -5.4685 -2.5058 0.9571
-8.5089 -6.4186 -2.5049 0.9572
-8.2720 -6.7191 -2.5047 0.9572
-7.2218 -7.8301 -2.5035 0.9572
-6.9353 -8.0834 -2.5032 0.9572
-6.6398 -8.3261 -2.5029 0.9572
-5.3772 -9.1862 -2.5017 0.9572
-4.7031 -9.5460 -2.5010 0.9572
-4.3569 -9.7075 -2.5007 0.9572
-4.0051 -9.8564 -2.5004 0.9572
-3.6483 -9.9927 -2.5001 0.9572
-3.2869 -10.1160 -2.4998 0.9572
-2.5520 -10.3233 -2.4993 0.9572
-1.4270 -10.5343 -2.4984 0.9573
-0.2861 -10.6232 -2.4976 0.9573
0.4767 -10.6142 -2.4971 0.9573
0.8573 -10.5891 -2.4968 0.9573
1.6145 -10.4983 -2.4964 0.9573
2.7330 -10.2612 -2.4957 0.9573
4.1723 -9.7615 -2.4949 0.9573
4.5197 -9.6047 -2.4948 0.9573
4.8612 -9.4357 -2.4946 0.9573
6.4662 -8.4139 -2.4940 0.9573
6.7638 -8.1760 -2.4939 0.9573
7.0527 -7.9277 -2.4938 0.9573
7.8634 -7.1229 -2.4936 0.9573
8.1139 -6.8360 -2.4935 0.9573
8.5832 -6.2360 -2.4935 0.9573
8.8014 -5.9239 -2.4934 0.9573
9.0084 -5.6041 -2.4934 0.9573
9.3874 -4.9434 -2.4935 0.9573
9.7181 -4.2573 -2.4935 0.9573
9.9989 -3.5492 -2.4936 0.9573
10.4054 -2.0819 -2.4940 0.9573
3.8037 -0.6200 -0.9057 0.9843
3.7694 -0.4762 -0.8929 0.9845
3.8431 -0.3459 -0.9069 0.9843
10.1361 0.9123 -2.3919 0.9590
9.8424 1.6042 -2.3437 0.9599
9.6154 2.6537 -2.3443 0.9598
9.5148 2.9974 -2.3445 0.9598
9.4020 3.3373 -2.3448 0.9598
8.4765 5.2732 -2.3462 0.9598
8.0781 5.8691 -2.3467 0.9598
7.8631 6.1560 -2.3470 0.9598
7.6379 6.4350 -2.3473 0.9598
7.4029 6.7058 -2.3475 0.9598
7.1583 6.9681 -2.3478 0.9598
6.6415 7.4655 -2.3484 0.9598
6.3700 7.7000 -2.3487 0.9598
6.0902 7.9246 -2.3489 0.9598
5.8025 8.1391 -2.3492 0.9598
5.2049 8.5366 -2.3498 0.9598
4.5801 8.8901 -2.3504 0.9597
4.2586 9.0499 -2.3507 0.9597
2.9209 9.5708 -2.3518 0.9597
1.7424 9.1341 -2.1854 0.9625
1.2868 8.3672 -1.9896 0.9658
0.8842 7.5428 -1.7849 0.9693
-0.2193 8.1424 -1.9144 0.9671
-0.5224 8.3026 -1.9552 0.9664
-1.1711 8.6455 -2.0505 0.9648
-1.7007 9.8751 -2.3550 0.9597
-2.0542 9.8086 -2.3553 0.9597
-2.7531 9.6376 -2.3557 0.9597
-3.0976 9.5333 -2.3558 0.9596
-3.4380 9.4167 -2.3560 0.9596
-3.7741 9.2879 -2.3562 0.9596
-5.7216 9.0158 -2.5096 0.9571
-6.0419 8.8051 -2.5097 0.9571
-7.2411 7.8510 -2.5101 0.9571
-7.5184 7.5862 -2.5102 0.9571
-7.7861 7.3116 -2.5103 0.9571
-8.0437 7.0276 -2.5103 0.9571
-8.5274 6.4326 -2.5104 0.9571
-8.7529 6.1224 -2.5104 0.9571
-8.9671 5.8042 -2.5104 0.9571
-9.1697 5.4786 -2.5104 0.9571
-10.1279 3.3916 -2.5102 0.9571
-10.3444 2.6560 -2.5100 0.9571
-10.4327 2.2829 -2.5099 0.9571
-10.5075 1.9068 -2.5098 0.9571
-10.5686 1.5283 -2.5097 0.9571
-10.6161 1.1479 -2.5096 0.9571
-10.6499 0.7661 -2.5094 0.9571
-10.6761 0.0000 -2.5091 0.9571
-10.6471 -0.7659 -2.5088 0.9571
-10.5632 -1.5276 -2.5084 0.9571
-10.5007 -1.9056 -2.5082 0.9571
-10.2323 -3.0226 -2.5076 0.9571
-10.1162 -3.3877 -2.5073 0.9571
-9.9872 -3.7483 -2.5071 0.9571
-9.8452 -4.1039 -2.5068 0.9571
-9.6906 -4.4542 -2.5066 0.9571
-9.3441 -5.1369 -2.5061 0.9571
-9.1527 -5.4685 -2.5058 0.9571
-8.9495 -5.7929 -2.5055 0.9571
-8.7348 -6.1097 -2.5052 0.9571
-7.7668 -7.2936 -2.5041 0.9572
-7.2218 -7.8301 -2.5035 0.9572
-6.9353 -8.0834 -2.5032 0.9572
-6.3359 -8.5580 -2.5026 0.9572
-6.0239 -8.7789 -2.5023 0.9572
-5.0434 -9.3722 -2.5013 0.9572
-3.6483 -9.9927 -2.5001 0.9572
-2.9213 -10.2263 -2.4995 0.9572
-2.1796 -10.4071 -2.4990 0.9573
0.0954 -10.6255 -2.4973 0.9573
1.2368 -10.5505 -2.4966 0.9573
1.6145 -10.4983 -2.4964 0.9573
1.9902 -10.4327 -2.4961 0.9573
2.3632 -10.3536 -2.4959 0.9573
3.0994 -10.1557 -2.4955 0.9573
3.4617 -10.0371 -2.4953 0.9573
4.1723 -9.7614 -2.4949 0.9573
5.1965 -9.2546 -2.4945 0.9573
5.8464 -8.8569 -2.4942 0.9573
6.7638 -8.1760 -2.4939 0.9573
8.1139 -6.8360 -2.4935 0.9573
8.5832 -6.2360 -2.4935 0.9573
8.8015 -5.9239 -2.4934 0.9573
9.0084 -5.6041 -2.4934 0.9573
9.2038 -5.2771 -2.4934 0.9573
9.7181 -4.2573 -2.4935 0.9573
9.9989 -3.5492 -2.4936 0.9573
10.1202 -3.1881 -2.4937 0.9573
10.2284 -2.8228 -2.4938 0.9573
3.7694 -0.4762 -0.8929 0.9845
10.6127 -0.1905 -2.4946 0.9573
10.6084 0.1905 -2.4936 0.9573
10.5729 0.5700 -2.4885 0.9574
10.1361 0.9123 -2.3919 0.9590
9.8929 1.2498 -2.3435 0.9599
9.8424 1.6042 -2.3437 0.9599
9.7793 1.9566 -2.3439 0.9598
9.7036 2.3066 -2.3441 0.9598
9.6154 2.6537 -2.3443 0.9598
9.5148 2.9974 -2.3445 0.9598
9.4020 3.3373 -2.3448 0.9598
8.9914 4.3300 -2.3455 0.9598
8.6594 4.9650 -2.3459 0.9598
8.4765 5.2732 -2.3462 0.9598
8.0781 5.8691 -2.3467 0.9598
7.6379 6.4350 -2.3473 0.9598
7.4029 6.7058 -2.3475 0.9598
7.1583 6.9681 -2.3478 0.9598
6.6415 7.4655 -2.3484 0.9598
6.3700 7.7000 -2.3487 0.9598
6.0902 7.9246 -2.3489 0.9598
5.8025 8.1391 -2.3492 0.9598
5.5073 8.3432 -2.3495 0.9598
4.5801 8.8901 -2.3504 0.9597
4.2586 9.0499 -2.3507 0.9597
2.9209 9.5708 -2.3518 0.9597
2.5757 9.6707 -2.3521 0.9597
1.7424 9.1341 -2.1854 0.9625
0.8842 7.5428 -1.7849 0.9693
0.6232 7.6971 -1.8149 0.9688
-0.2193 8.1424 -1.9144 0.9671
-0.5224 8.3026 -1.9552 0.9664
-1.1711 8.6455 -2.0505 0.9648
-2.0542 9.8086 -2.3553 0.9597
-2.4052 9.7294 -2.3555 0.9597
-3.0976 9.5333 -2.3558 0.9596
-3.4380 9.4167 -2.3560 0.9596
-4.1054 9.1471 -2.3564 0.9596
-4.4314 8.9944 -2.3565 0.9596
-4.9514 9.2012 -2.4557 0.9580
-5.3849 9.1994 -2.5052 0.9571
-6.0419 8.8051 -2.5097 0.9571
-6.6586 8.3496 -2.5100 0.9571
-6.9543 8.1056 -2.5101 0.9571
-7.5184 7.5862 -2.5102 0.9571
-9.1697 5.4786 -2.5104 0.9571
-9.3604 5.1459 -2.5104 0.9571
-9.5390 4.8065 -2.5104 0.9571
-10.1279 3.3915 -2.5102 0.9571
-10.2428 3.0257 -2.5101 0.9571
-10.3444 2.6560 -2.5100 0.9571
-10.4327 2.2829 -2.5099 0.9571
-10.6699 0.3832 -2.5093 0.9571
-9.6883 0.0000 -2.5085 0.9608
-9.6621 -0.6950 -2.5082 0.9608
-9.6303 -1.0413 -2.5080 0.9608
-9.5294 -1.7293 -2.5076 0.9608
-9.4604 -2.0701 -2.5074 0.9608
-9.2860 -2.7431 -2.5070 0.9608
-9.0637 -3.4017 -2.5066 0.9608
-8.9350 -3.7245 -2.5064 0.9608
-8.7947 -4.0425 -2.5061 0.9608
-8.6431 -4.3551 -2.5059 0.9608
-8.4804 -4.6622 -2.5057 0.9608
-8.3068 -4.9631 -2.5054 0.9608
-8.1225 -5.2575 -2.5052 0.9608
-7.9277 -5.5452 -2.5049 0.9608
-7.2834 -6.3633 -2.5041 0.9608
-7.0495 -6.6199 -2.5039 0.9608
-6.8066 -6.8680 -2.5036 0.9608
-6.2949 -7.3370 -2.5031 0.9608
-5.7510 -7.7680 -2.5025 0.9609
-5.1778 -8.1588 -2.5020 0.9609
-4.8810 -8.3385 -2.5017 0.9609
-4.2692 -8.6653 -2.5011 0.9609
-3.9550 -8.8120 -2.5008 0.9609
-3.6357 -8.9473 -2.5006 0.9609
-3.3118 -9.0711 -2.5003 0.9609
-2.9838 -9.1831 -2.5000 0.9609
-1.6381 -9.5116 -2.4990 0.9609
-1.2954 -9.5633 -2.4987 0.9609
0.0866 -9.6465 -2.4978 0.9609
0.4328 -9.6363 -2.4975 0.9609
1.1228 -9.5787 -2.4971 0.9609
1.4658 -9.5314 -2.4969 0.9609
3.4678 -8.9937 -2.4957 0.9610
3.7882 -8.8629 -2.4956 0.9610
4.1036 -8.7207 -2.4954 0.9610
4.4138 -8.5672 -2.4953 0.9610
4.7182 -8.4028 -2.4951 0.9610
5.0165 -8.2276 -2.4950 0.9610
5.3084 -8.0419 -2.4949 0.9610
5.8712 -7.6396 -2.4947 0.9610
6.9033 -6.7198 -2.4944 0.9610
7.3673 -6.2070 -2.4943 0.9610
7.5853 -5.9385 -2.4943 0.9610
7.9917 -5.3789 -2.4942 0.9610
8.1796 -5.0885 -2.4942 0.9610
8.8240 -3.8656 -2.4943 0.9610
8.9572 -3.5464 -2.4943 0.9610
9.0789 -3.2227 -2.4944 0.9610
9.1890 -2.8947 -2.4945 0.9610
9.3736 -2.2282 -2.4946 0.9610
3.6926 -0.7388 -0.9750 0.9846
3.6815 -0.6000 -0.9658 0.9847
3.7617 -0.4752 -0.9817 0.9845
3.9565 -0.2133 -1.0259 0.9838
9.6246 0.5188 -2.4956 0.9610
9.5902 0.8631 -2.4931 0.9610
8.7299 2.4093 -2.3448 0.9633
8.6385 2.7213 -2.3450 0.9633
8.4224 3.3347 -2.3454 0.9633
8.1630 3.9311 -2.3458 0.9633
8.0173 4.2220 -2.3461 0.9633
7.8614 4.5075 -2.3463 0.9632
7.6953 4.7872 -2.3465 0.9632
6.9337 5.8417 -2.3475 0.9632
6.4981 6.3254 -2.3480 0.9632
6.2676 6.5553 -2.3482 0.9632
5.7823 6.9897 -2.3488 0.9632
5.2671 7.3881 -2.3493 0.9632
4.1573 8.0695 -2.3503 0.9632
3.8654 8.2144 -2.3506 0.9632
3.2668 8.4724 -2.3511 0.9632
2.9609 8.5852 -2.3513 0.9632
2.0214 8.8566 -2.3521 0.9632
1.2830 8.3425 -2.1854 0.9657
0.8841 7.5424 -1.9662 0.9691
0.6232 7.6971 -1.9994 0.9686
0.3521 7.8404 -2.0321 0.9681
-0.2193 8.1424 -2.1090 0.9669
-0.5224 8.3026 -2.1539 0.9662
-1.1517 8.5018 -2.2214 0.9652
-1.5434 8.9619 -2.3546 0.9631
-1.8642 8.9014 -2.3547 0.9631
-2.4985 8.7461 -2.3551 0.9631
-3.8626 8.6061 -2.4424 0.9618
-4.2725 8.6719 -2.5030 0.9608
-4.5899 8.5295 -2.5079 0.9608
-5.1921 8.1815 -2.5089 0.9608
-7.0654 6.6348 -2.5095 0.9607
-7.7380 5.8371 -2.5096 0.9607
-7.9426 5.5556 -2.5096 0.9607
-8.1370 5.2669 -2.5096 0.9607
-8.3208 4.9714 -2.5096 0.9607
-8.4939 4.6695 -2.5096 0.9607
-8.8068 4.0480 -2.5096 0.9607
-9.0742 3.4056 -2.5095 0.9607
-9.1904 3.0776 -2.5094 0.9607
-9.3869 2.4102 -2.5093 0.9607
-9.5905 1.3869 -2.5090 0.9608
-9.6644 0.6952 -2.5087 0.9608
-9.6883 -0.0000 -2.5085 0.9608
-9.6814 -0.3478 -2.5083 0.9608
-9.6621 -0.6950 -2.5082 0.9608
-9.5860 -1.3863 -2.5078 0.9608
-9.4604 -2.0701 -2.5074 0.9608
-9.3793 -2.4082 -2.5072 0.9608
-9.2860 -2.7431 -2.5070 0.9608
-9.1808 -3.0744 -2.5068 0.9608
-9.0637 -3.4017 -2.5066 0.9608
-8.7947 -4.0425 -2.5061 0.9608
-8.1225 -5.2576 -2.5052 0.9608
-7.7228 -5.8256 -2.5047 0.9608
-7.5079 -6.0984 -2.5044 0.9608
-7.2834 -6.3633 -2.5041 0.9608
-6.8066 -6.8680 -2.5036 0.9608
-6.5550 -7.1071 -2.5033 0.9608
-5.4679 -7.9686 -2.5022 0.9609
-5.1777 -8.1588 -2.5020 0.9609
-4.5780 -8.5074 -2.5014 0.9609
-4.2692 -8.6653 -2.5011 0.9609
-3.6357 -8.9473 -2.5006 0.9609
-3.3118 -9.0711 -2.5003 0.9609
-2.9838 -9.1831 -2.5000 0.9609
-2.3167 -9.3715 -2.4995 0.9609
-1.2954 -9.5633 -2.4987 0.9609
0.7783 -9.6137 -2.4973 0.9609
1.8069 -9.4719 -2.4967 0.9609
2.1455 -9.4002 -2.4965 0.9609
3.1430 -9.1130 -2.4959 0.9610
5.0165 -8.2276 -2.4950 0.9610
5.3084 -8.0419 -2.4949 0.9610
5.5934 -7.8458 -2.4948 0.9610
6.4037 -7.1982 -2.4945 0.9610
6.9033 -6.7198 -2.4944 0.9610
7.1399 -6.4676 -2.4943 0.9610
7.3673 -6.2070 -2.4943 0.9610
7.7935 -5.6623 -2.4942 0.9610
7.9917 -5.3789 -2.4942 0.9610
8.1796 -5.0885 -2.4942 0.9610
8.3570 -4.7916 -2.4942 0.9610
8.5237 -4.4886 -2.4942 0.9610
8.6794 -4.1798 -2.4943 0.9610
9.0789 -3.2227 -2.4944 0.9610
9.1890 -2.8947 -2.4945 0.9610
9.3736 -2.2281 -2.4946 0.9610
3.6926 -0.7388 -0.9750 0.9846
3.6815 -0.6000 -0.9658 0.9847
3.7617 -0.4752 -0.9817 0.9845
3.9565 -0.2133 -1.0259 0.9838
9.6359 -0.1730 -2.4953 0.9610
9.6365 0.1730 -2.4955 0.9610
9.5902 0.8631 -2.4931 0.9610
8.7299 2.4093 -2.3448 0.9633
8.5359 3.0299 -2.3452 0.9633
8.2980 3.6352 -2.3456 0.9633
8.1630 3.9311 -2.3458 0.9633
7.6953 4.7872 -2.3465 0.9632
7.5192 5.0609 -2.3468 0.9632
7.3334 5.3281 -2.3470 0.9632
7.1382 5.5885 -2.3472 0.9632
6.0289 6.7768 -2.3485 0.9632
5.7823 6.9897 -2.3488 0.9632
4.9991 7.5733 -2.3495 0.9632
4.7245 7.7487 -2.3498 0.9632
4.1573 8.0695 -2.3503 0.9632
3.8654 8.2144 -2.3506 0.9632
3.5684 8.3488 -2.3508 0.9632
2.9609 8.5852 -2.3513 0.9632
2.6511 8.6869 -2.3516 0.9632
2.3378 8.7774 -2.3518 0.9632
0.8841 7.5424 -1.9662 0.9691
0.6232 7.6971 -1.9994 0.9686
0.0717 7.9886 -2.0685 0.9675
-0.2193 8.1424 -2.1090 0.9669
-0.5224 8.3026 -2.1539 0.9662
-0.8326 8.4050 -2.1869 0.9657
-1.1517 8.5018 -2.2214 0.9652
-1.5434 8.9619 -2.3546 0.9631
-2.1827 8.8295 -2.3549 0.9631
-2.4985 8.7461 -2.3551 0.9631
-2.8110 8.6514 -2.3553 0.9631
-3.1200 8.5455 -2.3554 0.9631
-3.4249 8.4286 -2.3556 0.9631
-4.5899 8.5295 -2.5079 0.9608
-5.4827 7.9902 -2.5090 0.9608
-6.3106 7.3553 -2.5093 0.9607
-7.0654 6.6348 -2.5095 0.9607
-7.2991 6.3771 -2.5096 0.9607
-8.3208 4.9714 -2.5096 0.9607
-8.8068 4.0480 -2.5096 0.9607
-8.9463 3.7292 -2.5095 0.9607
-9.2947 2.7456 -2.5094 0.9607
-9.3869 2.4102 -2.5093 0.9607
-9.5350 1.7303 -2.5091 0.9608
-9.6644 0.6952 -2.5087 0.9608
-9.6883 -0.0000 -2.5085 0.9608
-9.6814 -0.3478 -2.5083 0.9608
-9.5860 -1.3863 -2.5078 0.9608
-9.4604 -2.0701 -2.5074 0.9608
-9.3793 -2.4082 -2.5072 0.9608
-9.1808 -3.0744 -2.5068 0.9608
-9.0637 -3.4017 -2.5066 0.9608
-8.9350 -3.7245 -2.5064 0.9608
-8.6431 -4.3552 -2.5059 0.9608
-8.4804 -4.6622 -2.5057 0.9608
-8.3068 -4.9631 -2.5054 0.9608
-7.5079 -6.0984 -2.5044 0.9608
-7.0495 -6.6199 -2.5039 0.9608
-6.8066 -6.8680 -2.5036 0.9608
-5.7510 -7.7681 -2.5025 0.9609
-5.4679 -7.9686 -2.5022 0.9609
-3.6357 -8.9473 -2.5006 0.9609
-3.3118 -9.0711 -2.5003 0.9609
-1.6381 -9.5116 -2.4990 0.9609
-0.6058 -9.6297 -2.4982 0.9609
-0.2598 -9.6443 -2.4980 0.9609
0.0866 -9.6465 -2.4978 0.9609
0.4328 -9.6363 -2.4975 0.9609
1.4658 -9.5314 -2.4969 0.9609
1.8069 -9.4719 -2.4967 0.9609
2.1455 -9.4002 -2.4965 0.9609
2.8140 -9.2206 -2.4961 0.9609
3.1430 -9.1130 -2.4959 0.9610
3.4678 -8.9937 -2.4957 0.9610
4.4138 -8.5672 -2.4953 0.9610
4.7182 -8.4028 -2.4951 0.9610
6.1414 -7.4237 -2.4946 0.9610
6.9033 -6.7198 -2.4944 0.9610
7.1399 -6.4676 -2.4943 0.9610
7.3673 -6.2070 -2.4943 0.9610
7.9917 -5.3789 -2.4942 0.9610
8.3570 -4.7916 -2.4942 0.9610
8.9572 -3.5464 -2.4943 0.9610
9.0789 -3.2226 -2.4944 0.9610
9.1890 -2.8947 -2.4945 0.9610
9.3736 -2.2281 -2.4946 0.9610
3.6815 -0.6000 -0.9658 0.9847
9.6359 -0.1730 -2.4953 0.9610
9.5362 1.2047 -2.4887 0.9611
8.8788 1.7765 -2.3444 0.9633
8.8100 2.0942 -2.3446 0.9633
8.7299 2.4093 -2.3448 0.9633
8.5359 3.0299 -2.3452 0.9633
8.2980 3.6352 -2.3456 0.9633
8.1629 3.9311 -2.3458 0.9633
8.0173 4.2220 -2.3461 0.9633
7.1382 5.5885 -2.3472 0.9632
6.7203 6.0875 -2.3477 0.9632
6.2676 6.5554 -2.3482 0.9632
6.0289 6.7768 -2.3485 0.9632
5.7823 6.9897 -2.3488 0.9632
5.2671 7.3881 -2.3493 0.9632
4.9991 7.5733 -2.3495 0.9632
4.1573 8.0695 -2.3503 0.9632
3.8654 8.2144 -2.3506 0.9632
3.5684 8.3488 -2.3508 0.9632
3.2668 8.4724 -2.3511 0.9632
2.9609 8.5852 -2.3513 0.9632
2.6511 8.6869 -2.3516 0.9632
0.8841 7.5424 -1.9662 0.9691
0.6232 7.6971 -1.9994 0.9686
0.0717 7.9886 -2.0685 0.9675
-0.2193 8.1424 -2.1090 0.9669
-0.5224 8.3026 -2.1539 0.9662
-1.5434 8.9619 -2.3546 0.9631
-1.8642 8.9014 -2.3547 0.9631
-2.4985 8.7461 -2.3551 0.9631
-2.8110 8.6514 -2.3553 0.9631
-3.4249 8.4286 -2.3556 0.9631
-4.5899 8.5295 -2.5079 0.9608
-4.8948 8.3621 -2.5088 0.9608
-5.1921 8.1815 -2.5089 0.9608
-5.4827 7.9902 -2.5090 0.9608
-5.7662 7.7885 -2.5091 0.9607
-6.3106 7.3553 -2.5093 0.9607
-6.5708 7.1243 -2.5094 0.9607
-6.8225 6.8840 -2.5094 0.9607
-7.5234 6.1110 -2.5096 0.9607
-7.7380 5.8371 -2.5096 0.9607
-8.6559 4.3616 -2.5096 0.9607
-8.8068 4.0480 -2.5096 0.9607
-8.9463 3.7292 -2.5095 0.9607
-9.1904 3.0776 -2.5094 0.9607
-9.2947 2.7456 -2.5094 0.9607
-9.4671 2.0716 -2.5092 0.9607
-9.5905 1.3869 -2.5090 0.9608
-9.6883 0.0000 -2.5085 0.9608
-9.6303 -1.0413 -2.5080 0.9608
-9.5860 -1.3863 -2.5078 0.9608
-9.4604 -2.0701 -2.5074 0.9608
-9.0637 -3.4017 -2.5066 0.9608
-8.7947 -4.0425 -2.5061 0.9608
-8.6431 -4.3552 -2.5059 0.9608
-8.1225 -5.2576 -2.5052 0.9608
-7.9277 -5.5452 -2.5049 0.9608
-7.5079 -6.0984 -2.5044 0.9608
-7.0495 -6.6199 -2.5039 0.9608
-6.8066 -6.8680 -2.5036 0.9608
-6.2949 -7.3370 -2.5031 0.9608
-6.0268 -7.5574 -2.5028 0.9608
-5.7510 -7.7680 -2.5025 0.9609
-5.4679 -7.9686 -2.5022 0.9609
-5.1777 -8.1588 -2.5020 0.9609
-3.9550 -8.8120 -2.5008 0.9609
-3.3118 -9.0711 -2.5003 0.9609
-2.6519 -9.2833 -2.4998 0.9609
-2.3167 -9.3715 -2.4995 0.9609
-1.9786 -9.4477 -2.4992 0.9609
-1.6381 -9.5116 -2.4990 0.9609
-1.2954 -9.5633 -2.4987 0.9609
-0.6058 -9.6297 -2.4982 0.9609
-0.2598 -9.6443 -2.4980 0.9609
1.8069 -9.4719 -2.4967 0.9609
2.1455 -9.4002 -2.4965 0.9609
3.1430 -9.1130 -2.4959 0.9610
3.4678 -8.9937 -2.4957 0.9610
5.0165 -8.2276 -2.4950 0.9610
5.3084 -8.0419 -2.4949 0.9610
5.5934 -7.8458 -2.4948 0.9610
6.1414 -7.4237 -2.4946 0.9610
6.4037 -7.1982 -2.4945 0.9610
6.6578 -6.9635 -2.4944 0.9610
6.9033 -6.7198 -2.4944 0.9610
7.5853 -5.9385 -2.4943 0.9610
7.7935 -5.6623 -2.4942 0.9610
8.1796 -5.0885 -2.4942 0.9610
8.3570 -4.7916 -2.4942 0.9610
8.6794 -4.1798 -2.4943 0.9610
8.9572 -3.5464 -2.4943 0.9610
9.0789 -3.2227 -2.4944 0.9610
9.1890 -2.8947 -2.4945 0.9610
9.2873 -2.5631 -2.4945 0.9610
9.3736 -2.2281 -2.4946 0.9610
3.6815 -0.6000 -0.9658 0.9847
3.7617 -0.4752 -0.9817 0.9845
3.8463 -0.3462 -0.9999 0.9842
9.6365 0.1730 -2.4955 0.9610
9.6246 0.5189 -2.4956 0.9610
8.8788 1.7765 -2.3444 0.9633
8.8100 2.0942 -2.3446 0.9633
8.6385 2.7214 -2.3450 0.9633
8.5359 3.0299 -2.3452 0.9633
8.4224 3.3347 -2.3454 0.9633
8.1629 3.9311 -2.3458 0.9633
7.6953 4.7872 -2.3465 0.9632
7.5192 5.0609 -2.3468 0.9632
6.9337 5.8417 -2.3475 0.9632
6.7203 6.0875 -2.3477 0.9632
6.4981 6.3255 -2.3480 0.9632
6.0289 6.7768 -2.3485 0.9632
5.7823 6.9897 -2.3488 0.9632
4.7245 7.7487 -2.3498 0.9632
3.5684 8.3488 -2.3508 0.9632
3.2668 8.4724 -2.3511 0.9632
2.9609 8.5852 -2.3513 0.9632
2.6511 8.6869 -2.3516 0.9632
1.7024 8.9243 -2.3523 0.9632
1.2829 8.3425 -2.1854 0.9657
0.6232 7.6971 -1.9994 0.9686
-0.2193 8.1424 -2.1090 0.9669
-0.5224 8.3026 -2.1539 0.9662
-1.1517 8.5019 -2.2214 0.9652
-2.1827 8.8295 -2.3549 0.9631
-2.4985 8.7461 -2.3551 0.9631
-2.8110 8.6514 -2.3553 0.9631
-3.8626 8.6061 -2.4424 0.9618
-4.2725 8.6719 -2.5030 0.9608
-4.8948 8.3621 -2.5088 0.9608
-5.1921 8.1815 -2.5089 0.9608
-5.7662 7.7885 -2.5091 0.9607
-6.0423 7.5768 -2.5092 0.9607
-6.3106 7.3553 -2.5093 0.9607
-6.5708 7.1243 -2.5094 0.9607
-7.2991 6.3771 -2.5096 0.9607
-7.5234 6.1110 -2.5096 0.9607
-7.7381 5.8371 -2.5096 0.9607
-7.9427 5.5556 -2.5096 0.9607
-8.1370 5.2669 -2.5096 0.9607
-8.3208 4.9714 -2.5096 0.9607
-8.4939 4.6695 -2.5096 0.9607
-8.6559 4.3616 -2.5096 0.9607
-8.9463 3.7292 -2.5095 0.9607
-9.0742 3.4056 -2.5095 0.9607
-9.1904 3.0776 -2.5094 0.9607
-9.4671 2.0716 -2.5092 0.9607
-9.5350 1.7303 -2.5091 0.9608
-9.5905 1.3869 -2.5090 0.9608
-9.6337 1.0417 -2.5089 0.9608
-8.8589 0.0000 -2.5079 0.9638
-8.8351 -0.6355 -2.5076 0.9638
-8.7656 -1.2676 -2.5073 0.9639
-8.3954 -2.8114 -2.5064 0.9639
-7.9040 -3.9827 -2.5056 0.9639
-7.7552 -4.2635 -2.5053 0.9639
-7.4280 -4.8080 -2.5049 0.9639
-7.2500 -5.0711 -2.5047 0.9639
-6.4471 -6.0542 -2.5037 0.9639
-5.5120 -6.9118 -2.5027 0.9639
-5.2598 -7.1045 -2.5025 0.9639
-5.0009 -7.2880 -2.5022 0.9639
-4.7356 -7.4621 -2.5019 0.9639
-4.4642 -7.6265 -2.5017 0.9639
-3.9048 -7.9255 -2.5012 0.9639
-3.3254 -8.1836 -2.5007 0.9639
-3.0292 -8.2969 -2.5004 0.9639
-1.8098 -8.6417 -2.4995 0.9640
-1.4983 -8.7002 -2.4992 0.9640
-1.1849 -8.7476 -2.4990 0.9640
-0.8701 -8.7837 -2.4988 0.9640
-0.5542 -8.8085 -2.4985 0.9640
0.0792 -8.8240 -2.4981 0.9640
0.3959 -8.8147 -2.4979 0.9640
2.2699 -8.5224 -2.4968 0.9640
2.5742 -8.4349 -2.4966 0.9640
2.8751 -8.3365 -2.4964 0.9640
3.1723 -8.2274 -2.4963 0.9640
3.4654 -8.1078 -2.4961 0.9640
3.7540 -7.9777 -2.4960 0.9640
4.0378 -7.8374 -2.4958 0.9640
4.3163 -7.6870 -2.4957 0.9640
5.1170 -7.1775 -2.4954 0.9640
5.3711 -6.9889 -2.4953 0.9640
6.3154 -6.1476 -2.4950 0.9640
6.5319 -5.9168 -2.4950 0.9640
6.7399 -5.6784 -2.4949 0.9640
7.3111 -4.9208 -2.4949 0.9640
7.6454 -4.3836 -2.4949 0.9640
7.7978 -4.1064 -2.4949 0.9640
7.9403 -3.8238 -2.4949 0.9640
8.4963 -2.3448 -2.4952 0.9640
8.5753 -2.0384 -2.4952 0.9640
3.6612 -0.7325 -1.0570 0.9846
3.6761 -0.4644 -1.0490 0.9847
8.8150 -0.1583 -2.4959 0.9640
8.2637 1.9644 -2.4046 0.9653
7.9858 2.2039 -2.3452 0.9661
7.9021 2.4894 -2.3454 0.9661
7.7044 3.0504 -2.3458 0.9661
7.4669 3.5959 -2.3462 0.9661
7.1909 4.1230 -2.3466 0.9661
6.7079 4.8735 -2.3472 0.9661
6.5292 5.1117 -2.3475 0.9661
6.3421 5.3433 -2.3477 0.9661
6.1468 5.5680 -2.3479 0.9661
5.9436 5.7857 -2.3481 0.9661
5.7326 5.9959 -2.3484 0.9661
5.5143 6.1984 -2.3486 0.9661
5.0564 6.5794 -2.3491 0.9661
4.8174 6.7573 -2.3493 0.9661
4.5722 6.9266 -2.3495 0.9661
4.3211 7.0870 -2.3498 0.9661
3.8022 7.3802 -2.3503 0.9661
3.2636 7.6355 -2.3507 0.9661
2.4245 7.9445 -2.3514 0.9661
1.5569 8.1615 -2.3521 0.9660
0.6230 7.6952 -2.1856 0.9684
-0.2157 8.0071 -2.2676 0.9672
-0.5137 8.1646 -2.3159 0.9666
-0.8196 8.2740 -2.3538 0.9660
-1.1162 8.2399 -2.3540 0.9660
-1.7047 8.1398 -2.3543 0.9660
-1.9960 8.0739 -2.3545 0.9660
-2.2847 7.9976 -2.3546 0.9660
-2.5736 7.9208 -2.3577 0.9660
-3.3267 8.1869 -2.5017 0.9639
-3.9153 7.9469 -2.5079 0.9638
-4.7476 7.4810 -2.5083 0.9638
-5.5250 6.9281 -2.5086 0.9638
-6.0081 6.5142 -2.5087 0.9638
-6.2383 6.2945 -2.5088 0.9638
-6.6740 5.8309 -2.5089 0.9638
-7.0754 5.3372 -2.5090 0.9638
-7.4401 4.8159 -2.5090 0.9638
-8.0526 3.7014 -2.5089 0.9638
-8.1802 3.4099 -2.5089 0.9638
-8.2972 3.1140 -2.5088 0.9638
-8.5832 2.2038 -2.5087 0.9638
-8.7694 1.2681 -2.5084 0.9638
-8.8089 0.9525 -2.5083 0.9638
-8.8370 0.6357 -2.5082 0.9638
-8.8537 0.3180 -2.5080 0.9638
-8.8351 -0.6355 -2.5076 0.9638
-8.7139 -1.5813 -2.5071 0.9639
-8.6509 -1.8930 -2.5070 0.9639
-8.4916 -2.5084 -2.5066 0.9639
-8.1707 -3.4059 -2.5060 0.9639
-7.7552 -4.2635 -2.5053 0.9639
-7.5965 -4.5387 -2.5051 0.9639
-7.4280 -4.8080 -2.5049 0.9639
-7.0626 -5.3276 -2.5044 0.9639
-6.8662 -5.5771 -2.5042 0.9639
-5.9949 -6.4999 -2.5032 0.9639
-5.5120 -6.9118 -2.5027 0.9639
-5.2598 -7.1045 -2.5025 0.9639
-4.7356 -7.4621 -2.5019 0.9639
-3.9048 -7.9255 -2.5012 0.9639
-3.3254 -8.1836 -2.5007 0.9639
-3.0292 -8.2969 -2.5004 0.9639
-2.7291 -8.3994 -2.5002 0.9640
-1.8098 -8.6417 -2.4995 0.9640
-1.4983 -8.7002 -2.4992 0.9640
-1.1849 -8.7476 -2.4990 0.9640
-0.8701 -8.7837 -2.4988 0.9640
-0.2376 -8.8219 -2.4983 0.9640
0.7120 -8.7941 -2.4977 0.9640
3.4654 -8.1078 -2.4961 0.9640
4.0378 -7.8374 -2.4958 0.9640
4.5892 -7.5268 -2.4956 0.9640
5.3711 -6.9889 -2.4953 0.9640
5.6184 -6.7914 -2.4952 0.9640
5.8583 -6.5852 -2.4951 0.9640
6.0908 -6.3705 -2.4951 0.9640
6.9393 -5.4328 -2.4949 0.9640
7.1298 -5.1801 -2.4949 0.9640
7.6454 -4.3836 -2.4949 0.9640
7.9403 -3.8238 -2.4949 0.9640
8.0725 -3.5364 -2.4949 0.9640
8.3057 -2.9482 -2.4950 0.9640
8.4064 -2.6482 -2.4951 0.9640
8.4963 -2.3448 -2.4952 0.9640
8.5753 -2.0384 -2.4952 0.9640
3.6223 -0.5904 -1.0390 0.9849
3.9178 -0.2112 -1.1107 0.9838
8.8150 -0.1583 -2.4959 0.9640
8.8046 0.4746 -2.4961 0.9640
8.7824 0.7904 -2.4963 0.9640
8.7490 1.1052 -2.4965 0.9640
8.6925 1.4168 -2.4933 0.9640
8.6229 1.7253 -2.4895 0.9641
8.2637 1.9643 -2.4046 0.9653
7.9021 2.4894 -2.3454 0.9661
7.7044 3.0504 -2.3458 0.9661
7.5905 3.3252 -2.3460 0.9661
7.4669 3.5959 -2.3462 0.9661
7.3337 3.8619 -2.3464 0.9661
7.1909 4.1231 -2.3466 0.9661
6.7079 4.8736 -2.3472 0.9661
6.5292 5.1117 -2.3475 0.9661
6.1468 5.5680 -2.3479 0.9661
5.5143 6.1984 -2.3486 0.9661
5.2887 6.3930 -2.3488 0.9661
5.0564 6.5794 -2.3491 0.9661
4.8174 6.7573 -2.3493 0.9661
4.5722 6.9266 -2.3495 0.9661
4.0643 7.2382 -2.3500 0.9661
3.8022 7.3802 -2.3503 0.9661
3.5352 7.5127 -2.3505 0.9661
2.9877 7.7485 -2.3510 0.9661
1.5569 8.1615 -2.3521 0.9660
1.2410 8.0699 -2.3114 0.9666
0.0705 7.8558 -2.2240 0.9679
-0.2157 8.0071 -2.2676 0.9672
-0.8196 8.2740 -2.3538 0.9660
-1.4113 8.1951 -2.3541 0.9660
-1.7047 8.1398 -2.3543 0.9660
-1.9960 8.0739 -2.3545 0.9660
-2.2847 7.9976 -2.3546 0.9660
-2.9612 8.1107 -2.4443 0.9647
-3.6246 8.0758 -2.5059 0.9639
-4.1982 7.8016 -2.5081 0.9638
-5.0133 7.3061 -2.5084 0.9638
-5.5250 6.9281 -2.5086 0.9638
-6.0081 6.5142 -2.5087 0.9638
-6.4603 6.0667 -2.5089 0.9638
-6.6741 5.8310 -2.5089 0.9638
-7.0754 5.3372 -2.5090 0.9638
-7.2625 5.0798 -2.5090 0.9638
-7.4401 4.8159 -2.5090 0.9638
-7.6082 4.5457 -2.5090 0.9638
-7.7665 4.2696 -2.5090 0.9638
-7.9147 3.9881 -2.5090 0.9638
-8.0526 3.7014 -2.5089 0.9638
-8.1802 3.4099 -2.5089 0.9638
-8.2972 3.1140 -2.5088 0.9638
-8.4034 2.8141 -2.5088 0.9638
-8.4988 2.5105 -2.5087 0.9638
-8.5832 2.2038 -2.5087 0.9638
-8.6565 1.8942 -2.5086 0.9638
-8.8089 0.9525 -2.5083 0.9638
-8.8370 0.6357 -2.5082 0.9638
-8.8537 0.3180 -2.5080 0.9638
-8.8589 -0.0000 -2.5079 0.9638
-8.8351 -0.6355 -2.5076 0.9638
-8.8060 -0.9522 -2.5075 0.9638
-8.7656 -1.2676 -2.5073 0.9639
-8.6509 -1.8930 -2.5070 0.9639
-8.5768 -2.2021 -2.5068 0.9639
-8.4916 -2.5084 -2.5066 0.9639
-8.2884 -3.1107 -2.5062 0.9639
-8.0425 -3.6967 -2.5058 0.9639
-7.5965 -4.5387 -2.5051 0.9639
-6.8661 -5.5771 -2.5042 0.9639
-6.6609 -5.8194 -2.5039 0.9639
-5.9949 -6.4999 -2.5032 0.9639
-5.7571 -6.7102 -2.5030 0.9639
-4.7356 -7.4621 -2.5019 0.9639
-4.4642 -7.6265 -2.5017 0.9639
-3.9047 -7.9255 -2.5012 0.9639
-3.3254 -8.1836 -2.5007 0.9639
-2.1191 -8.5719 -2.4997 0.9640
-1.8098 -8.6417 -2.4995 0.9640
-1.4983 -8.7002 -2.4992 0.9640
-1.1849 -8.7476 -2.4990 0.9640
-0.8701 -8.7837 -2.4988 0.9640
-0.5542 -8.8085 -2.4985 0.9640
-0.2376 -8.8219 -2.4983 0.9640
0.0792 -8.8240 -2.4981 0.9640
0.7120 -8.7941 -2.4977 0.9640
1.6529 -8.6646 -2.4971 0.9640
1.9627 -8.5990 -2.4969 0.9640
3.4654 -8.1078 -2.4961 0.9640
4.0378 -7.8374 -2.4958 0.9640
4.3163 -7.6870 -2.4957 0.9640
5.1170 -7.1775 -2.4954 0.9640
5.3711 -6.9889 -2.4953 0.9640
5.6184 -6.7914 -2.4952 0.9640
6.0908 -6.3705 -2.4951 0.9640
6.3154 -6.1476 -2.4950 0.9640
6.5319 -5.9168 -2.4950 0.9640
7.3111 -4.9208 -2.4949 0.9640
7.4831 -4.6552 -2.4949 0.9640
7.7978 -4.1063 -2.4949 0.9640
7.9403 -3.8238 -2.4949 0.9640
8.3058 -2.9482 -2.4950 0.9640
8.4064 -2.6482 -2.4951 0.9640
8.4963 -2.3448 -2.4952 0.9640
8.5753 -2.0384 -2.4952 0.9640
3.6612 -0.7325 -1.0570 0.9846
3.6223 -0.5904 -1.0390 0.9849
3.8421 -0.3458 -1.0921 0.9841
8.8155 0.1583 -2.4960 0.9640
8.7824 0.7904 -2.4963 0.9640
8.7489 1.1053 -2.4965 0.9640
8.6925 1.4168 -2.4933 0.9640
8.6229 1.7253 -2.4895 0.9641
8.2637 1.9643 -2.4046 0.9653
7.8083 2.7716 -2.3456 0.9661
7.0389 4.3789 -2.3468 0.9661
6.5292 5.1117 -2.3475 0.9661
6.3421 5.3433 -2.3477 0.9661
5.7326 5.9959 -2.3484 0.9661
5.5143 6.1984 -2.3486 0.9661
5.2887 6.3930 -2.3488 0.9661
5.0563 6.5794 -2.3491 0.9661
4.8174 6.7573 -2.3493 0.9661
4.5722 6.9266 -2.3495 0.9661
3.8022 7.3802 -2.3503 0.9661
3.2636 7.6355 -2.3507 0.9661
2.4245 7.9445 -2.3514 0.9661
2.1380 8.0272 -2.3517 0.9661
1.8487 8.0995 -2.3519 0.9661
0.8841 7.5420 -2.1497 0.9689
0.6230 7.6952 -2.1856 0.9684
-0.2157 8.0071 -2.2676 0.9672
-0.5137 8.1646 -2.3159 0.9666
-0.8196 8.2740 -2.3538 0.9660
-1.1162 8.2399 -2.3540 0.9660
-1.4113 8.1951 -2.3541 0.9660
-1.9960 8.0739 -2.3545 0.9660
-2.2847 7.9976 -2.3546 0.9660
-2.5736 7.9209 -2.3577 0.9660
-2.9612 8.1107 -2.4443 0.9647
-3.6246 8.0758 -2.5059 0.9639
-3.9153 7.9469 -2.5079 0.9638
-5.2725 7.1217 -2.5085 0.9638
-5.7703 6.7255 -2.5087 0.9638
-6.2383 6.2945 -2.5088 0.9638
-6.4603 6.0667 -2.5089 0.9638
-6.6741 5.8310 -2.5089 0.9638
-6.8792 5.5877 -2.5089 0.9638
-7.2625 5.0798 -2.5090 0.9638
-7.4402 4.8159 -2.5090 0.9638
-7.7665 4.2696 -2.5090 0.9638
-7.9147 3.9881 -2.5090 0.9638
-8.2972 3.1140 -2.5088 0.9638
-8.4034 2.8141 -2.5088 0.9638
-8.4988 2.5105 -2.5087 0.9638
-8.5832 2.2038 -2.5087 0.9638
-8.7186 1.5822 -2.5085 0.9638
-8.8089 0.9525 -2.5083 0.9638
-8.8370 0.6357 -2.5082 0.9638
-8.8537 0.3180 -2.5080 0.9638
-8.8589 0.0000 -2.5079 0.9638
-8.8527 -0.3180 -2.5078 0.9638
-8.8351 -0.6355 -2.5076 0.9638
-8.8060 -0.9522 -2.5075 0.9638
-8.7656 -1.2676 -2.5073 0.9639
-8.7139 -1.5813 -2.5071 0.9639
-8.5768 -2.2021 -2.5068 0.9639
-8.3954 -2.8114 -2.5064 0.9639
-8.1707 -3.4059 -2.5060 0.9639
-7.7552 -4.2635 -2.5053 0.9639
-7.0626 -5.3276 -2.5044 0.9639
-6.8661 -5.5771 -2.5042 0.9639
-6.6609 -5.8195 -2.5039 0.9639
-6.4471 -6.0542 -2.5037 0.9639
-6.2250 -6.2811 -2.5035 0.9639
-5.9949 -6.4999 -2.5032 0.9639
-5.7571 -6.7102 -2.5030 0.9639
-5.5120 -6.9118 -2.5027 0.9639
-5.2598 -7.1045 -2.5025 0.9639
-4.4642 -7.6265 -2.5017 0.9639
-3.6174 -8.0598 -2.5009 0.9639
-3.0292 -8.2969 -2.5004 0.9639
-2.4256 -8.4912 -2.4999 0.9640
-2.1191 -8.5719 -2.4997 0.9640
-1.8098 -8.6417 -2.4995 0.9640
-0.5542 -8.8085 -2.4985 0.9640
-0.2376 -8.8219 -2.4983 0.9640
0.3959 -8.8147 -2.4979 0.9640
0.7120 -8.7941 -2.4977 0.9640
1.0271 -8.7622 -2.4975 0.9640
1.3409 -8.7190 -2.4973 0.9640
1.6529 -8.6646 -2.4971 0.9640
1.9627 -8.5990 -2.4969 0.9640
2.8752 -8.3365 -2.4964 0.9640
3.1724 -8.2274 -2.4963 0.9640
3.4654 -8.1078 -2.4961 0.9640
3.7540 -7.9777 -2.4960 0.9640
4.5892 -7.5268 -2.4956 0.9640
4.8562 -7.3569 -2.4955 0.9640
5.3711 -6.9889 -2.4953 0.9640
5.6184 -6.7914 -2.4952 0.9640
6.0908 -6.3705 -2.4951 0.9640
6.3154 -6.1476 -2.4950 0.9640
6.5319 -5.9168 -2.4950 0.9640
7.1298 -5.1801 -2.4949 0.9640
7.3112 -4.9208 -2.4949 0.9640
7.9403 -3.8238 -2.4949 0.9640
8.4064 -2.6482 -2.4951 0.9640
8.4963 -2.3448 -2.4952 0.9640
3.6612 -0.7325 -1.0570 0.9846
3.8421 -0.3458 -1.0921 0.9841
8.8150 -0.1582 -2.4959 0.9640
8.8155 0.1583 -2.4960 0.9640
8.8046 0.4747 -2.4961 0.9640
8.7489 1.1053 -2.4965 0.9640
8.2637 1.9643 -2.4046 0.9653
7.9021 2.4894 -2.3454 0.9661
7.7044 3.0504 -2.3458 0.9661
7.5905 3.3253 -2.3460 0.9661
7.4669 3.5959 -2.3462 0.9661
7.0389 4.3789 -2.3468 0.9661
6.7079 4.8736 -2.3472 0.9661
6.5292 5.1117 -2.3475 0.9661
5.7326 5.9959 -2.3484 0.9661
5.2887 6.3930 -2.3488 0.9661
4.3210 7.0870 -2.3498 0.9661
3.8022 7.3802 -2.3503 0.9661
2.9877 7.7485 -2.3510 0.9661
2.7079 7.8516 -2.3512 0.9661
1.8487 8.0995 -2.3519 0.9661
1.2410 8.0699 -2.3114 0.9666
0.6230 7.6952 -2.1856 0.9684
0.3470 7.7268 -2.1896 0.9684
-0.8196 8.2740 -2.3538 0.9660
-1.7047 8.1398 -2.3543 0.9660
-1.9960 8.0739 -2.3545 0.9660
-2.2847 7.9976 -2.3546 0.9660
-2.5737 7.9208 -2.3577 0.9660
-2.9612 8.1107 -2.4443 0.9647
-3.9153 7.9469 -2.5079 0.9638
-4.4758 7.6463 -2.5082 0.9638
-4.7476 7.4810 -2.5083 0.9638
-5.2725 7.1217 -2.5085 0.9638
-5.7703 6.7255 -2.5087 0.9638
-6.0081 6.5142 -2.5087 0.9638
-6.8792 5.5877 -2.5089 0.9638
-7.4402 4.8159 -2.5090 0.9638
-7.6082 4.5457 -2.5090 0.9638
-8.0526 3.7014 -2.5089 0.9638
-8.1802 3.4099 -2.5089 0.9638
-8.2972 3.1140 -2.5088 0.9638
-8.4988 2.5105 -2.5087 0.9638
-8.5832 2.2038 -2.5087 0.9638
-8.7186 1.5822 -2.5085 0.9638
-8.7694 1.2681 -2.5084 0.9638
-8.1303 -0.5848 -2.5072 0.9665
-8.0664 -1.1665 -2.5069 0.9665
-8.0189 -1.4552 -2.5067 0.9665
-7.9610 -1.7420 -2.5066 0.9665
-7.7260 -2.5872 -2.5060 0.9665
-7.4014 -3.4020 -2.5055 0.9665
-7.2739 -3.6652 -2.5053 0.9665
-6.4998 -4.9031 -2.5042 0.9665
-6.3191 -5.1328 -2.5040 0.9665
-5.7291 -5.7808 -2.5033 0.9665
-5.5174 -5.9822 -2.5031 0.9665
-5.2987 -6.1758 -2.5029 0.9665
-5.0731 -6.3615 -2.5026 0.9665
-4.3586 -6.8680 -2.5019 0.9665
-3.5940 -7.2948 -2.5012 0.9665
-2.7882 -7.6367 -2.5006 0.9665
-2.5120 -7.7312 -2.5003 0.9666
-2.2327 -7.8157 -2.5001 0.9666
-1.6659 -7.9543 -2.4997 0.9666
-1.3792 -8.0083 -2.4994 0.9666
-0.8009 -8.0852 -2.4990 0.9666
-0.5101 -8.1081 -2.4988 0.9666
0.0729 -8.1225 -2.4984 0.9666
0.3644 -8.1140 -2.4982 0.9666
0.6554 -8.0951 -2.4980 0.9666
1.2343 -8.0261 -2.4977 0.9666
1.5215 -7.9760 -2.4975 0.9666
2.0896 -7.8453 -2.4972 0.9666
2.3697 -7.7647 -2.4970 0.9666
2.6467 -7.6742 -2.4969 0.9666
3.4558 -7.3440 -2.4965 0.9666
4.9446 -6.4339 -2.4958 0.9666
5.3931 -6.0622 -2.4957 0.9666
5.8139 -5.6594 -2.4956 0.9666
6.0132 -5.4470 -2.4955 0.9666
6.3883 -5.0014 -2.4955 0.9666
6.7306 -4.5301 -2.4954 0.9666
7.3098 -3.5202 -2.4955 0.9666
7.4315 -3.2556 -2.4955 0.9666
7.6462 -2.7141 -2.4956 0.9666
7.7389 -2.4379 -2.4956 0.9666
7.8216 -2.1586 -2.4957 0.9666
7.8943 -1.8765 -2.4958 0.9666
3.6203 -0.5901 -1.1282 0.9848
8.1052 0.4369 -2.4966 0.9666
7.9611 1.5929 -2.4972 0.9666
7.8884 1.8751 -2.4939 0.9666
7.8058 2.1543 -2.4907 0.9667
7.5303 2.3722 -2.4284 0.9675
6.9872 3.0609 -2.3463 0.9686
6.8733 3.3100 -2.3465 0.9686
6.7506 3.5549 -2.3466 0.9686
6.6192 3.7952 -2.3468 0.9686
6.4792 4.0307 -2.3470 0.9686
6.3309 4.2611 -2.3472 0.9686
6.1744 4.4860 -2.3474 0.9686
6.0099 4.7051 -2.3476 0.9686
3.7407 6.6620 -2.3500 0.9685
2.7497 7.1314 -2.3509 0.9685
2.4922 7.2262 -2.3511 0.9685
1.9677 7.3877 -2.3515 0.9685
1.7014 7.4542 -2.3517 0.9685
1.1624 7.5584 -2.3521 0.9685
0.8713 7.4326 -2.3018 0.9692
0.6128 7.5692 -2.3357 0.9687
-0.2060 7.6476 -2.3531 0.9685
-0.4804 7.6359 -2.3533 0.9685
-0.7543 7.6143 -2.3534 0.9685
-1.0272 7.5828 -2.3536 0.9685
-1.2988 7.5416 -2.3538 0.9685
-1.8590 7.5201 -2.3826 0.9681
-2.1963 7.6885 -2.4594 0.9671
-2.7928 7.6495 -2.5047 0.9665
-3.0686 7.5517 -2.5072 0.9665
-3.3379 7.4371 -2.5073 0.9665
-3.6029 7.3129 -2.5074 0.9665
-3.8633 7.1792 -2.5076 0.9665
-4.1187 7.0362 -2.5077 0.9665
-5.3098 6.1888 -2.5081 0.9664
-6.1414 5.3656 -2.5083 0.9664
-6.8463 4.4315 -2.5084 0.9664
-7.0010 4.1829 -2.5084 0.9664
-7.5273 3.1377 -2.5083 0.9664
-7.6350 2.8654 -2.5083 0.9664
-7.7327 2.5895 -2.5082 0.9664
-8.0696 1.1670 -2.5079 0.9665
-8.1319 0.5849 -2.5077 0.9665
-8.1473 0.2926 -2.5075 0.9665
-8.1465 -0.2926 -2.5073 0.9665
-8.1036 -0.8762 -2.5070 0.9665
-8.0664 -1.1665 -2.5069 0.9665
-7.8928 -2.0265 -2.5064 0.9665
-7.8144 -2.3084 -2.5062 0.9665
-7.6275 -2.8627 -2.5059 0.9665
-7.2739 -3.6652 -2.5053 0.9665
-7.1371 -3.9236 -2.5051 0.9665
-6.9911 -4.1770 -2.5049 0.9665
-6.8360 -4.4249 -2.5047 0.9665
-6.6722 -4.6670 -2.5044 0.9665
-6.3191 -5.1328 -2.5040 0.9665
-6.1302 -5.3558 -2.5038 0.9665
-5.9335 -5.5719 -2.5036 0.9665
-5.5174 -5.9822 -2.5031 0.9665
-5.2987 -6.1758 -2.5029 0.9665
-4.6027 -6.7078 -2.5022 0.9665
-4.1089 -7.0194 -2.5017 0.9665
-3.3295 -7.4184 -2.5010 0.9665
-3.0608 -7.5324 -2.5008 0.9665
-2.7882 -7.6367 -2.5006 0.9665
-1.9505 -7.8901 -2.4999 0.9666
-1.6659 -7.9543 -2.4997 0.9666
-0.8009 -8.0852 -2.4990 0.9666
-0.2187 -8.1205 -2.4986 0.9666
0.6554 -8.0951 -2.4980 0.9666
1.2343 -8.0261 -2.4977 0.9666
1.5215 -7.9760 -2.4975 0.9666
1.8067 -7.9157 -2.4973 0.9666
3.1901 -7.4637 -2.4966 0.9666
3.7170 -7.2149 -2.4963 0.9666
4.2247 -6.9290 -2.4961 0.9666
4.4705 -6.7726 -2.4960 0.9666
4.7106 -6.6075 -2.4959 0.9666
5.1722 -6.2521 -2.4958 0.9666
5.3931 -6.0622 -2.4957 0.9666
5.6071 -5.8646 -2.4956 0.9666
5.8139 -5.6594 -2.4956 0.9666
6.2048 -5.2275 -2.4955 0.9666
6.5637 -4.7688 -2.4954 0.9666
6.7306 -4.5301 -2.4954 0.9666
6.8889 -4.2856 -2.4954 0.9666
7.1787 -3.7803 -2.4954 0.9666
7.4315 -3.2556 -2.4955 0.9666
7.5437 -2.9868 -2.4955 0.9666
7.7389 -2.4379 -2.4956 0.9666
7.8216 -2.1586 -2.4957 0.9666
7.8943 -1.8765 -2.4958 0.9666
3.6203 -0.5901 -1.1282 0.9848
3.8014 -0.3421 -1.1739 0.9842
8.0847 0.7276 -2.4967 0.9666
8.0539 1.0174 -2.4969 0.9666
8.0126 1.3060 -2.4970 0.9666
7.9611 1.5929 -2.4972 0.9666
7.8058 2.1543 -2.4907 0.9667
7.5303 2.3722 -2.4284 0.9675
7.2178 2.5620 -2.3557 0.9685
6.8733 3.3100 -2.3465 0.9686
6.4792 4.0307 -2.3470 0.9686
6.1744 4.4860 -2.3474 0.9686
5.8376 4.9182 -2.3478 0.9686
5.6578 5.1251 -2.3480 0.9686
5.4707 5.3254 -2.3483 0.9686
5.0755 5.7052 -2.3487 0.9685
4.8679 5.8842 -2.3489 0.9685
4.2082 6.3752 -2.3496 0.9685
3.4995 6.7926 -2.3502 0.9685
3.2537 6.9145 -2.3504 0.9685
2.4922 7.2262 -2.3511 0.9685
2.2314 7.3116 -2.3513 0.9685
1.9677 7.3877 -2.3515 0.9685
1.7014 7.4542 -2.3517 0.9685
1.1624 7.5584 -2.3521 0.9685
0.8712 7.4326 -2.3018 0.9692
0.6128 7.5692 -2.3357 0.9687
0.3432 7.6414 -2.3527 0.9685
0.0687 7.6495 -2.3529 0.9685
-0.7543 7.6143 -2.3534 0.9685
-1.2988 7.5416 -2.3538 0.9685
-1.5688 7.4906 -2.3539 0.9685
-1.8590 7.5201 -2.3826 0.9681
-2.5127 7.7334 -2.5010 0.9665
-3.0686 7.5517 -2.5072 0.9665
-3.3379 7.4371 -2.5073 0.9665
-3.8633 7.1792 -2.5076 0.9665
-4.3688 6.8841 -2.5078 0.9665
-4.6132 6.7231 -2.5079 0.9665
-4.8518 6.5534 -2.5080 0.9665
-5.0841 6.3752 -2.5081 0.9665
-5.3098 6.1888 -2.5081 0.9664
-5.7404 5.7922 -2.5082 0.9664
-5.9447 5.5825 -2.5083 0.9664
-6.1414 5.3656 -2.5083 0.9664
-6.5107 4.9112 -2.5084 0.9664
-6.6828 4.6744 -2.5084 0.9664
-6.8463 4.4315 -2.5084 0.9664
-7.0010 4.1829 -2.5084 0.9664
-7.2830 3.6698 -2.5084 0.9664
-7.6350 2.8654 -2.5083 0.9664
-7.7327 2.5895 -2.5082 0.9664
-7.8982 2.0279 -2.5081 0.9665
-7.9657 1.7430 -2.5080 0.9665
-8.0696 1.1670 -2.5079 0.9665
-8.1319 0.5849 -2.5077 0.9665
-8.1473 0.2926 -2.5075 0.9665
-8.1521 -0.0000 -2.5074 0.9665
-8.1303 -0.5848 -2.5072 0.9665
-8.1036 -0.8762 -2.5070 0.9665
-8.0189 -1.4552 -2.5067 0.9665
-7.7260 -2.5872 -2.5060 0.9665
-6.9911 -4.1770 -2.5049 0.9665
-6.8360 -4.4249 -2.5047 0.9665
-6.6722 -4.6670 -2.5044 0.9665
-6.4998 -4.9031 -2.5042 0.9665
-6.3191 -5.1328 -2.5040 0.9665
-6.1302 -5.3558 -2.5038 0.9665
-5.9335 -5.5719 -2.5036 0.9665
-5.7291 -5.7808 -2.5033 0.9665
-4.8410 -6.5389 -2.5024 0.9665
-4.3586 -6.8680 -2.5019 0.9665
-3.8539 -7.1617 -2.5015 0.9665
-3.5940 -7.2948 -2.5012 0.9665
-3.3295 -7.4184 -2.5010 0.9665
-2.7882 -7.6367 -2.5006 0.9665
-2.5120 -7.7312 -2.5003 0.9666
-2.2327 -7.8157 -2.5001 0.9666
-1.9505 -7.8901 -2.4999 0.9666
-1.3792 -8.0083 -2.4994 0.9666
-0.8009 -8.0852 -2.4990 0.9666
-0.5101 -8.1081 -2.4988 0.9666
-0.2187 -8.1205 -2.4986 0.9666
0.0729 -8.1225 -2.4984 0.9666
0.6554 -8.0951 -2.4980 0.9666
0.9455 -8.0658 -2.4978 0.9666
1.2343 -8.0261 -2.4977 0.9666
1.5215 -7.9760 -2.4975 0.9666
1.8067 -7.9157 -2.4973 0.9666
2.0896 -7.8453 -2.4972 0.9666
2.6467 -7.6742 -2.4969 0.9666
3.1901 -7.4637 -2.4966 0.9666
4.4705 -6.7726 -2.4960 0.9666
4.7106 -6.6075 -2.4959 0.9666
4.9446 -6.4339 -2.4958 0.9666
5.1722 -6.2521 -2.4958 0.9666
5.8139 -5.6594 -2.4956 0.9666
6.2048 -5.2275 -2.4955 0.9666
6.3883 -5.0014 -2.4955 0.9666
6.5637 -4.7688 -2.4954 0.9666
7.3098 -3.5202 -2.4955 0.9666
7.5437 -2.9868 -2.4955 0.9666
7.7389 -2.4379 -2.4956 0.9666
3.7124 -0.7428 -1.1645 0.9843
3.6859 -0.4656 -1.1427 0.9846
3.8014 -0.3421 -1.1739 0.9842
3.8582 -0.2080 -1.1884 0.9840
8.1148 -0.1457 -2.4964 0.9666
8.1152 0.1457 -2.4965 0.9666
8.0847 0.7276 -2.4967 0.9666
8.0126 1.3060 -2.4970 0.9666
7.0979 2.8103 -2.3481 0.9686
6.9872 3.0609 -2.3463 0.9686
6.4792 4.0307 -2.3470 0.9686
6.1744 4.4860 -2.3474 0.9686
6.0099 4.7051 -2.3476 0.9686
5.8376 4.9182 -2.3478 0.9686
5.6578 5.1251 -2.3480 0.9686
5.4707 5.3254 -2.3483 0.9686
5.0755 5.7052 -2.3487 0.9685
4.2082 6.3752 -2.3496 0.9685
3.7407 6.6620 -2.3500 0.9685
3.0037 7.0274 -2.3507 0.9685
2.7497 7.1314 -2.3509 0.9685
2.4922 7.2262 -2.3511 0.9685
2.2314 7.3116 -2.3513 0.9685
1.9677 7.3877 -2.3515 0.9685
1.7014 7.4542 -2.3517 0.9685
0.8712 7.4326 -2.3018 0.9692
0.6128 7.5692 -2.3357 0.9687
0.3432 7.6414 -2.3527 0.9685
-0.4804 7.6359 -2.3533 0.9685
-0.7543 7.6143 -2.3534 0.9685
-1.2988 7.5416 -2.3538 0.9685
-1.5688 7.4906 -2.3539 0.9685
-1.8590 7.5201 -2.3826 0.9681
-2.1964 7.6885 -2.4594 0.9671
-2.5127 7.7334 -2.5010 0.9665
-2.7928 7.6495 -2.5047 0.9665
-3.0686 7.5517 -2.5072 0.9665
-3.3379 7.4371 -2.5073 0.9665
-3.6029 7.3129 -2.5074 0.9665
-3.8633 7.1792 -2.5076 0.9665
-4.1187 7.0362 -2.5077 0.9665
-4.3688 6.8841 -2.5078 0.9665
-5.0841 6.3752 -2.5081 0.9665
-5.5287 5.9943 -2.5082 0.9664
-5.9447 5.5825 -2.5083 0.9664
-6.1414 5.3656 -2.5083 0.9664
-6.5107 4.9112 -2.5084 0.9664
-6.6828 4.6744 -2.5084 0.9664
-6.8463 4.4315 -2.5084 0.9664
-7.0010 4.1829 -2.5084 0.9664
-7.1466 3.9289 -2.5084 0.9664
-7.2830 3.6698 -2.5084 0.9664
-7.4099 3.4059 -2.5084 0.9664
-7.5273 3.1377 -2.5083 0.9664
-7.6350 2.8654 -2.5083 0.9664
-7.7327 2.5895 -2.5082 0.9664
-7.8205 2.3102 -2.5082 0.9664
-8.1060 0.8765 -2.5078 0.9665
-8.1319 0.5849 -2.5077 0.9665
-8.1303 -0.5848 -2.5072 0.9665
-8.0664 -1.1665 -2.5069 0.9665
-8.0189 -1.4552 -2.5067 0.9665
-7.9610 -1.7420 -2.5066 0.9665
-7.8928 -2.0265 -2.5064 0.9665
-7.7259 -2.5872 -2.5060 0.9665
-7.6275 -2.8627 -2.5059 0.9665
-6.9911 -4.1770 -2.5049 0.9665
-6.8360 -4.4249 -2.5047 0.9665
-6.6722 -4.6670 -2.5044 0.9665
-6.4998 -4.9031 -2.5042 0.9665
-5.9335 -5.5719 -2.5036 0.9665
-5.7291 -5.7808 -2.5033 0.9665
-4.8410 -6.5388 -2.5024 0.9665
-4.6027 -6.7078 -2.5022 0.9665
-4.3586 -6.8680 -2.5019 0.9665
-3.8539 -7.1617 -2.5015 0.9665
-3.3295 -7.4184 -2.5010 0.9665
-2.5120 -7.7312 -2.5003 0.9666
-2.2327 -7.8157 -2.5001 0.9666
-1.6659 -7.9543 -2.4997 0.9666
-1.0907 -8.0520 -2.4992 0.9666
-0.2187 -8.1205 -2.4986 0.9666
0.3644 -8.1140 -2.4982 0.9666
0.6554 -8.0951 -2.4980 0.9666
0.9455 -8.0658 -2.4978 0.9666
1.2343 -8.0261 -2.4977 0.9666
1.5215 -7.9760 -2.4975 0.9666
1.8067 -7.9157 -2.4973 0.9666
2.0896 -7.8453 -2.4972 0.9666
2.3697 -7.7647 -2.4970 0.9666
2.6467 -7.6742 -2.4969 0.9666
2.9203 -7.5738 -2.4967 0.9666
3.7170 -7.2149 -2.4963 0.9666
4.7106 -6.6075 -2.4959 0.9666
4.9446 -6.4339 -2.4958 0.9666
5.1722 -6.2521 -2.4958 0.9666
5.6071 -5.8646 -2.4956 0.9666
5.8139 -5.6594 -2.4956 0.9666
6.3883 -5.0014 -2.4955 0.9666
6.5637 -4.7688 -2.4954 0.9666
6.7306 -4.5301 -2.4954 0.9666
7.0383 -4.0355 -2.4954 0.9666
7.1787 -3.7803 -2.4954 0.9666
7.4315 -3.2556 -2.4955 0.9666
7.7389 -2.4379 -2.4956 0.9666
3.6203 -0.5901 -1.1282 0.9848
3.8014 -0.3421 -1.1739 0.9842
3.8582 -0.2080 -1.1884 0.9840
8.1148 -0.1457 -2.4964 0.9666
8.1052 0.4370 -2.4966 0.9666
8.0126 1.3060 -2.4970 0.9666
7.9611 1.5929 -2.4972 0.9666
7.8058 2.1543 -2.4907 0.9667
6.7506 3.5549 -2.3466 0.9686
6.6192 3.7952 -2.3468 0.9686
6.3309 4.2611 -2.3472 0.9686
6.1744 4.4860 -2.3474 0.9686
6.0099 4.7051 -2.3476 0.9686
5.4707 5.3254 -2.3483 0.9686
5.0755 5.7052 -2.3487 0.9685
4.8679 5.8842 -2.3489 0.9685
4.2082 6.3752 -2.3496 0.9685
3.7407 6.6620 -2.3500 0.9685
3.2537 6.9145 -2.3504 0.9685
3.0037 7.0274 -2.3507 0.9685
2.7497 7.1314 -2.3509 0.9685
2.2314 7.3116 -2.3513 0.9685
1.9677 7.3877 -2.3515 0.9685
1.7014 7.4542 -2.3517 0.9685
1.4328 7.5111 -2.3519 0.9685
0.3432 7.6414 -2.3527 0.9685
-0.2060 7.6476 -2.3531 0.9685
-0.4804 7.6359 -2.3533 0.9685
-0.7543 7.6143 -2.3534 0.9685
-1.2988 7.5416 -2.3538 0.9685
-1.5688 7.4906 -2.3539 0.9685
-2.1964 7.6885 -2.4594 0.9671
-2.7928 7.6495 -2.5047 0.9665
-3.0686 7.5517 -2.5072 0.9665
-3.6029 7.3129 -2.5074 0.9665
-5.0841 6.3752 -2.5081 0.9665
-5.7404 5.7922 -2.5082 0.9664
-5.9447 5.5825 -2.5083 0.9664
-6.3301 5.1417 -2.5084 0.9664
-6.5107 4.9112 -2.5084 0.9664
-7.1466 3.9289 -2.5084 0.9664
-7.5273 3.1377 -2.5083 0.9664
-7.6350 2.8654 -2.5083 0.9664
-7.8205 2.3102 -2.5082 0.9664
-8.0696 1.1670 -2.5079 0.9665
-8.1319 0.5849 -2.5077 0.9665
-8.1473 0.2926 -2.5075 0.9665
-7.5368 -0.2707 -2.5069 0.9687
-7.5219 -0.5411 -2.5068 0.9687
-7.4972 -0.8107 -2.5066 0.9687
-7.3023 -1.8749 -2.5061 0.9687
-7.0570 -2.6486 -2.5056 0.9687
-6.9569 -2.9000 -2.5054 0.9687
-6.7300 -3.3911 -2.5050 0.9687
-6.1734 -4.3181 -2.5043 0.9687
-5.6721 -4.9555 -2.5036 0.9688
-5.4901 -5.1555 -2.5034 0.9688
-5.1052 -5.5352 -2.5030 0.9688
-4.9028 -5.7144 -2.5028 0.9688
-4.6941 -5.8862 -2.5026 0.9688
-4.0330 -6.3551 -2.5019 0.9688
-3.5661 -6.6269 -2.5015 0.9688
-3.3256 -6.7501 -2.5013 0.9688
-3.0809 -6.8645 -2.5011 0.9688
-2.5800 -7.0667 -2.5007 0.9688
-2.3245 -7.1541 -2.5004 0.9688
-1.8049 -7.3012 -2.5000 0.9688
-1.2762 -7.4107 -2.4996 0.9688
-0.7412 -7.4820 -2.4992 0.9688
-0.2024 -7.5148 -2.4989 0.9688
0.0675 -7.5166 -2.4987 0.9688
0.3372 -7.5088 -2.4985 0.9688
0.6065 -7.4914 -2.4983 0.9688
1.1423 -7.4275 -2.4980 0.9688
2.7026 -7.0092 -2.4971 0.9688
3.1982 -6.7966 -2.4969 0.9688
4.1374 -6.2679 -2.4964 0.9688
5.7424 -4.8380 -2.4960 0.9688
5.9123 -4.6287 -2.4959 0.9688
6.3756 -3.9663 -2.4959 0.9688
6.5139 -3.7348 -2.4959 0.9688
6.6438 -3.4986 -2.4959 0.9688
6.7651 -3.2579 -2.4959 0.9688
6.8778 -3.0130 -2.4960 0.9688
6.9816 -2.7642 -2.4960 0.9688
7.1622 -2.2563 -2.4961 0.9688
7.2388 -1.9978 -2.4962 0.9688
7.3060 -1.7367 -2.4962 0.9688
3.6782 -0.5995 -1.2388 0.9844
3.7788 -0.3401 -1.2612 0.9841
3.8556 -0.2078 -1.2835 0.9839
7.5100 -0.1348 -2.4968 0.9688
7.5103 0.1348 -2.4969 0.9688
7.5010 0.4044 -2.4970 0.9688
7.4820 0.6734 -2.4971 0.9688
7.4153 1.2086 -2.4974 0.9688
7.3675 1.4741 -2.4975 0.9688
7.3103 1.7377 -2.4977 0.9688
7.2437 1.9991 -2.4978 0.9688
6.6065 2.8942 -2.3975 0.9701
6.3606 3.0631 -2.3467 0.9707
6.2470 3.2897 -2.3469 0.9707
5.9958 3.7300 -2.3472 0.9707
5.7136 4.1512 -2.3476 0.9707
5.2355 4.7425 -2.3482 0.9707
4.8826 5.1068 -2.3486 0.9707
3.4613 6.1643 -2.3500 0.9706
3.2380 6.2851 -2.3502 0.9706
2.5443 6.5985 -2.3508 0.9706
2.3060 6.6861 -2.3510 0.9706
1.8206 6.8355 -2.3514 0.9706
0.5711 7.0535 -2.3523 0.9706
-0.4445 7.0647 -2.3530 0.9706
-0.9527 7.0329 -2.3591 0.9705
-1.5330 7.3200 -2.4860 0.9690
-1.8057 7.3041 -2.5010 0.9688
-2.0693 7.2438 -2.5042 0.9687
-2.3302 7.1715 -2.5065 0.9687
-3.0881 6.8805 -2.5069 0.9687
-3.3332 6.7655 -2.5070 0.9687
-3.8104 6.5095 -2.5072 0.9687
-4.0418 6.3688 -2.5073 0.9687
-4.9123 5.7255 -2.5077 0.9687
-5.1148 5.5456 -2.5077 0.9687
-5.4997 5.1645 -2.5078 0.9687
-6.1825 4.3244 -2.5079 0.9687
-6.7377 3.3950 -2.5079 0.9687
-6.8552 3.1509 -2.5079 0.9687
-6.9638 2.9028 -2.5079 0.9687
-7.0634 2.6509 -2.5078 0.9687
-7.1538 2.3956 -2.5078 0.9687
-7.2351 2.1372 -2.5077 0.9687
-7.3069 1.8761 -2.5076 0.9687
-7.3694 1.6126 -2.5076 0.9687
-7.5232 0.5412 -2.5072 0.9687
-7.5368 -0.2707 -2.5069 0.9687
-7.4189 -1.3463 -2.5064 0.9687
-7.3653 -1.6117 -2.5062 0.9687
-7.3023 -1.8749 -2.5061 0.9687
-7.2298 -2.1357 -2.5059 0.9687
-7.1480 -2.3937 -2.5057 0.9687
-7.0570 -2.6485 -2.5056 0.9687
-6.9569 -2.9000 -2.5054 0.9687
-6.7300 -3.3911 -2.5050 0.9687
-6.6034 -3.6302 -2.5048 0.9687
-6.4683 -3.8646 -2.5046 0.9687
-6.1734 -4.3181 -2.5043 0.9687
-6.0140 -4.5366 -2.5041 0.9687
-5.8468 -4.7491 -2.5039 0.9687
-5.6721 -4.9555 -2.5036 0.9688
-5.4901 -5.1555 -2.5034 0.9688
-4.4794 -6.0504 -2.5024 0.9688
-4.2589 -6.2067 -2.5022 0.9688
-4.0330 -6.3551 -2.5019 0.9688
-3.5661 -6.6269 -2.5015 0.9688
-3.0809 -6.8645 -2.5011 0.9688
-2.5800 -7.0667 -2.5007 0.9688
-2.0660 -7.2323 -2.5002 0.9688
-1.8049 -7.3012 -2.5000 0.9688
-1.5416 -7.3607 -2.4998 0.9688
-1.0093 -7.4512 -2.4994 0.9688
-0.7411 -7.4820 -2.4992 0.9688
-0.4721 -7.5032 -2.4990 0.9688
-0.2024 -7.5148 -2.4989 0.9688
0.0675 -7.5166 -2.4987 0.9688
0.3372 -7.5088 -2.4985 0.9688
1.1423 -7.4275 -2.4980 0.9688
1.4081 -7.3813 -2.4978 0.9688
1.9338 -7.2604 -2.4975 0.9688
2.1930 -7.1858 -2.4974 0.9688
2.4494 -7.1021 -2.4972 0.9688
2.7026 -7.0092 -2.4971 0.9688
3.4400 -6.6771 -2.4967 0.9688
3.6773 -6.5490 -2.4966 0.9688
4.1374 -6.2679 -2.4964 0.9688
4.3596 -6.1151 -2.4964 0.9688
4.5761 -5.9545 -2.4963 0.9688
4.9912 -5.6105 -2.4961 0.9688
5.1893 -5.4276 -2.4961 0.9688
5.3807 -5.2377 -2.4960 0.9688
5.5651 -5.0411 -2.4960 0.9688
5.7424 -4.8380 -2.4960 0.9688
6.5139 -3.7348 -2.4959 0.9688
7.5100 -0.1348 -2.4968 0.9688
7.4820 0.6734 -2.4971 0.9688
7.4153 1.2086 -2.4974 0.9688
7.0655 2.5080 -2.4922 0.9689
6.6065 2.8942 -2.3975 0.9701
5.8585 3.9431 -2.3474 0.9707
5.5614 4.3540 -2.3478 0.9707
5.2355 4.7425 -2.3482 0.9707
4.8826 5.1068 -2.3486 0.9707
4.6965 5.2792 -2.3488 0.9707
4.5044 5.4449 -2.3490 0.9707
4.1028 5.7550 -2.3494 0.9706
3.8939 5.8991 -2.3496 0.9706
3.4613 6.1643 -2.3500 0.9706
3.0106 6.3979 -2.3504 0.9706
2.7792 6.5024 -2.3506 0.9706
2.5443 6.5985 -2.3508 0.9706
2.3060 6.6861 -2.3510 0.9706
0.8238 7.0280 -2.3521 0.9706
0.5711 7.0535 -2.3523 0.9706
0.0635 7.0774 -2.3527 0.9706
-0.4445 7.0647 -2.3530 0.9706
-0.9527 7.0329 -2.3591 0.9705
-2.3302 7.1715 -2.5065 0.9687
-3.0881 6.8805 -2.5069 0.9687
-3.3333 6.7655 -2.5070 0.9687
-4.2679 6.2198 -2.5074 0.9687
-4.4886 6.0628 -2.5075 0.9687
-4.9123 5.7255 -2.5077 0.9687
-5.3106 5.3585 -2.5078 0.9687
-5.4997 5.1645 -2.5078 0.9687
-6.0232 4.5435 -2.5079 0.9687
-6.1825 4.3244 -2.5079 0.9687
-6.4768 3.8697 -2.5079 0.9687
-6.7377 3.3950 -2.5079 0.9687
-6.9638 2.9028 -2.5079 0.9687
-7.0634 2.6509 -2.5078 0.9687
-7.3069 1.8761 -2.5076 0.9687
-7.4223 1.3469 -2.5075 0.9687
-7.4656 1.0796 -2.5074 0.9687
-7.4993 0.8109 -2.5073 0.9687
-7.5232 0.5412 -2.5072 0.9687
-7.5420 0.0000 -2.5070 0.9687
-7.5368 -0.2707 -2.5069 0.9687
-7.5219 -0.5411 -2.5068 0.9687
-7.4972 -0.8107 -2.5066 0.9687
-7.4189 -1.3463 -2.5064 0.9687
-7.3653 -1.6117 -2.5062 0.9687
-7.3023 -1.8749 -2.5061 0.9687
-7.2298 -2.1357 -2.5059 0.9687
-7.1480 -2.3937 -2.5057 0.9687
-7.0570 -2.6486 -2.5056 0.9687
-6.8478 -3.1476 -2.5052 0.9687
-6.4683 -3.8646 -2.5046 0.9687
-6.3249 -4.0940 -2.5045 0.9687
-5.3010 -5.3488 -2.5032 0.9688
-5.1052 -5.5352 -2.5030 0.9688
-4.9028 -5.7144 -2.5028 0.9688
-4.6941 -5.8862 -2.5026 0.9688
-4.4794 -6.0504 -2.5024 0.9688
-3.8020 -6.4952 -2.5017 0.9688
-3.5661 -6.6269 -2.5015 0.9688
-2.8323 -6.9701 -2.5009 0.9688
-2.5800 -7.0667 -2.5007 0.9688
-1.8049 -7.3012 -2.5000 0.9688
-1.2762 -7.4107 -2.4996 0.9688
-1.0093 -7.4512 -2.4994 0.9688
-0.7411 -7.4820 -2.4992 0.9688
-0.2024 -7.5148 -2.4989 0.9688
0.0675 -7.5166 -2.4987 0.9688
0.3372 -7.5088 -2.4985 0.9688
0.6065 -7.4914 -2.4983 0.9688
1.1423 -7.4275 -2.4980 0.9688
1.4081 -7.3813 -2.4978 0.9688
1.6720 -7.3255 -2.4977 0.9688
1.9338 -7.2604 -2.4975 0.9688
2.4494 -7.1021 -2.4972 0.9688
3.9099 -6.4126 -2.4965 0.9688
4.1374 -6.2679 -2.4964 0.9688
4.7868 -5.7862 -2.4962 0.9688
4.9912 -5.6105 -2.4961 0.9688
5.3807 -5.2377 -2.4960 0.9688
5.5651 -5.0411 -2.4960 0.9688
5.7424 -4.8380 -2.4960 0.9688
5.9123 -4.6287 -2.4959 0.9688
6.0746 -4.4135 -2.4959 0.9688
6.2291 -4.1926 -2.4959 0.9688
6.5139 -3.7348 -2.4959 0.9688
6.6438 -3.4986 -2.4959 0.9688
6.7651 -3.2579 -2.4959 0.9688
6.8778 -3.0130 -2.4960 0.9688
6.9816 -2.7642 -2.4960 0.9688
7.0765 -2.5118 -2.4961 0.9688
7.2388 -1.9978 -2.4962 0.9688
7.3060 -1.7367 -2.4962 0.9688
7.3639 -1.4733 -2.4963 0.9688
7.5103 0.1348 -2.4969 0.9688
7.5010 0.4044 -2.4970 0.9688
7.4820 0.6734 -2.4971 0.9688
7.4534 0.9416 -2.4973 0.9688
7.4153 1.2086 -2.4974 0.9688
7.3103 1.7377 -2.4977 0.9688
7.1590 2.2553 -2.4950 0.9689
7.0655 2.5080 -2.4922 0.9689
6.6065 2.8942 -2.3975 0.9701
6.2470 3.2897 -2.3469 0.9707
5.8585 3.9431 -2.3474 0.9707
5.7136 4.1512 -2.3476 0.9707
5.2355 4.7426 -2.3482 0.9707
5.0623 4.9278 -2.3484 0.9707
4.8826 5.1068 -2.3486 0.9707
4.6965 5.2792 -2.3488 0.9707
4.3064 5.6035 -2.3492 0.9706
4.1028 5.7550 -2.3494 0.9706
3.0106 6.3979 -2.3504 0.9706
2.7792 6.5024 -2.3506 0.9706
2.3059 6.6861 -2.3510 0.9706
2.0646 6.7652 -2.3512 0.9706
1.5742 6.8970 -2.3516 0.9706
0.8238 7.0280 -2.3521 0.9706
0.3175 7.0700 -2.3525 0.9706
0.0635 7.0774 -2.3527 0.9706
-0.4445 7.0647 -2.3530 0.9706
-1.5330 7.3200 -2.4860 0.9690
-1.8057 7.3041 -2.5010 0.9688
-2.0693 7.2438 -2.5042 0.9687
-2.3302 7.1715 -2.5065 0.9687
-2.5862 7.0836 -2.5067 0.9687
-2.8390 6.9866 -2.5068 0.9687
-3.0881 6.8805 -2.5069 0.9687
-3.3333 6.7655 -2.5070 0.9687
-3.5741 6.6418 -2.5071 0.9687
-4.2679 6.2198 -2.5074 0.9687
-4.7035 5.8979 -2.5076 0.9687
-5.6816 4.9639 -2.5079 0.9687
-6.0232 4.5435 -2.5079 0.9687
-6.1825 4.3244 -2.5079 0.9687
-6.3337 4.0997 -2.5079 0.9687
-6.4768 3.8697 -2.5079 0.9687
-6.7377 3.3950 -2.5079 0.9687
-6.8552 3.1509 -2.5079 0.9687
-6.9638 2.9028 -2.5079 0.9687
-7.0634 2.6509 -2.5078 0.9687
-7.3069 1.8761 -2.5076 0.9687
-7.3694 1.6125 -2.5076 0.9687
-7.4223 1.3469 -2.5075 0.9687
-7.4656 1.0796 -2.5074 0.9687
-7.5232 0.5412 -2.5072 0.9687
-7.5375 0.2707 -2.5071 0.9687
-7.5368 -0.2707 -2.5069 0.9687
-7.4972 -0.8107 -2.5066 0.9687
-7.4629 -1.0792 -2.5065 0.9687
-7.4189 -1.3463 -2.5064 0.9687
-6.9569 -2.9000 -2.5054 0.9687
-6.7300 -3.3911 -2.5050 0.9687
-6.6034 -3.6303 -2.5048 0.9687
-6.4683 -3.8646 -2.5046 0.9687
-6.0139 -4.5366 -2.5041 0.9687
-5.8468 -4.7491 -2.5039 0.9687
-5.4901 -5.1555 -2.5034 0.9688
-5.3010 -5.3488 -2.5032 0.9688
-5.1052 -5.5352 -2.5030 0.9688
-4.9028 -5.7144 -2.5028 0.9688
-4.6941 -5.8862 -2.5026 0.9688
-3.8020 -6.4952 -2.5017 0.9688
-3.0809 -6.8645 -2.5011 0.9688
-2.5800 -7.0667 -2.5007 0.9688
-2.0660 -7.2323 -2.5002 0.9688
-1.2762 -7.4107 -2.4996 0.9688
-1.0093 -7.4512 -2.4994 0.9688
-0.7411 -7.4820 -2.4992 0.9688
-0.4721 -7.5032 -2.4990 0.9688
-0.2024 -7.5148 -2.4989 0.9688
0.0675 -7.5166 -2.4987 0.9688
0.3372 -7.5088 -2.4985 0.9688
1.1423 -7.4275 -2.4980 0.9688
1.6720 -7.3255 -2.4977 0.9688
2.1930 -7.1858 -2.4974 0.9688
2.4494 -7.1021 -2.4972 0.9688
2.7026 -7.0092 -2.4971 0.9688
2.9524 -6.9073 -2.4970 0.9688
3.1982 -6.7966 -2.4969 0.9688
3.4400 -6.6771 -2.4967 0.9688
3.6773 -6.5490 -2.4966 0.9688
3.9099 -6.4126 -2.4965 0.9688
4.3596 -6.1151 -2.4964 0.9688
4.5761 -5.9545 -2.4963 0.9688
5.1893 -5.4276 -2.4961 0.9688
5.9123 -4.6287 -2.4959 0.9688
6.2291 -4.1926 -2.4959 0.9688
6.6438 -3.4986 -2.4959 0.9688
6.8778 -3.0130 -2.4960 0.9688
6.9816 -2.7642 -2.4960 0.9688
7.0765 -2.5119 -2.4961 0.9688
7.2388 -1.9978 -2.4962 0.9688
3.7402 -0.4725 -1.2532 0.9842
3.7788 -0.3401 -1.2612 0.9841
3.8556 -0.2078 -1.2835 0.9839
7.5103 0.1349 -2.4969 0.9688
7.4534 0.9416 -2.4973 0.9688
7.3675 1.4741 -2.4975 0.9688
7.1590 2.2553 -2.4950 0.9689
6.8843 2.7257 -2.4612 0.9693
6.6065 2.8942 -2.3975 0.9701
6.3606 3.0631 -2.3467 0.9707
6.2470 3.2897 -2.3469 0.9707
6.1254 3.5121 -2.3470 0.9707
5.9958 3.7300 -2.3472 0.9707
5.8585 3.9431 -2.3474 0.9707
5.7136 4.1512 -2.3476 0.9707
5.5614 4.3540 -2.3478 0.9707
5.0623 4.9278 -2.3484 0.9707
4.8826 5.1068 -2.3486 0.9707
4.5044 5.4449 -2.3490 0.9707
4.3064 5.6035 -2.3492 0.9706
4.1028 5.7550 -2.3494 0.9706
3.8939 5.8991 -2.3496 0.9706
3.6800 6.0356 -2.3498 0.9706
2.7792 6.5024 -2.3506 0.9706
2.3059 6.6862 -2.3510 0.9706
2.0646 6.7652 -2.3512 0.9706
1.8206 6.8355 -2.3514 0.9706
1.3257 6.9496 -2.3518 0.9706
0.5711 7.0535 -2.3523 0.9706
-0.4445 7.0647 -2.3530 0.9706
-2.3302 7.1715 -2.5065 0.9687
-2.5862 7.0836 -2.5067 0.9687
-2.8390 6.9866 -2.5068 0.9687
-3.0881 6.8805 -2.5069 0.9687
-3.3333 6.7655 -2.5070 0.9687
-3.5741 6.6418 -2.5071 0.9687
-4.4886 6.0628 -2.5075 0.9687
-4.7035 5.8979 -2.5076 0.9687
-5.3106 5.3585 -2.5078 0.9687
-5.4997 5.1645 -2.5078 0.9687
-5.6816 4.9639 -2.5079 0.9687
-5.8562 4.7568 -2.5079 0.9687
-6.1825 4.3244 -2.5079 0.9687
-6.3337 4.0997 -2.5079 0.9687
-6.4768 3.8697 -2.5079 0.9687
-6.6115 3.6347 -2.5079 0.9687
-6.7377 3.3950 -2.5079 0.9687
-6.8552 3.1509 -2.5079 0.9687
-7.3694 1.6125 -2.5076 0.9687
-7.4656 1.0796 -2.5074 0.9687
-7.5375 0.2707 -2.5071 0.9687
-7.0095 0.0000 -2.5067 0.9707
-7.0047 -0.2516 -2.5065 0.9707
-6.9679 -0.7534 -2.5063 0.9707
-6.7869 -1.7426 -2.5058 0.9707
-6.7196 -1.9850 -2.5056 0.9707
-6.6436 -2.2247 -2.5055 0.9707
-6.2551 -3.1519 -2.5048 0.9707
-6.1375 -3.3741 -2.5046 0.9707
-5.5898 -4.2166 -2.5039 0.9707
-5.4344 -4.4142 -2.5037 0.9707
-4.7452 -5.1449 -2.5029 0.9707
-4.1636 -5.6239 -2.5023 0.9707
-3.9588 -5.7693 -2.5021 0.9707
-3.7488 -5.9072 -2.5019 0.9707
-3.0913 -6.2745 -2.5013 0.9707
-2.6328 -6.4791 -2.5009 0.9707
-2.3983 -6.5689 -2.5007 0.9707
-1.9205 -6.7230 -2.5004 0.9707
-1.6778 -6.7871 -2.5002 0.9707
-0.1882 -6.9858 -2.4991 0.9707
0.3135 -6.9803 -2.4987 0.9708
0.8134 -6.9390 -2.4984 0.9708
1.3090 -6.8619 -2.4981 0.9708
2.2771 -6.6025 -2.4976 0.9708
3.4187 -6.0884 -2.4970 0.9708
3.6349 -5.9616 -2.4969 0.9708
4.8244 -5.0459 -2.4965 0.9708
5.3386 -4.4978 -2.4964 0.9708
5.4966 -4.3033 -2.4964 0.9708
5.6475 -4.1031 -2.4963 0.9708
5.7911 -3.8978 -2.4963 0.9708
5.9273 -3.6874 -2.4963 0.9708
6.0558 -3.4722 -2.4963 0.9708
6.1766 -3.2526 -2.4963 0.9708
6.2894 -3.0288 -2.4964 0.9708
6.3942 -2.8011 -2.4964 0.9708
6.4907 -2.5698 -2.4964 0.9708
6.5788 -2.3352 -2.4965 0.9708
6.7297 -1.8573 -2.4966 0.9708
6.7922 -1.6146 -2.4966 0.9708
3.7100 -0.7423 -1.3530 0.9841
4.0113 -0.2162 -1.4365 0.9831
6.9820 0.1254 -2.4972 0.9708
6.9734 0.3759 -2.4973 0.9708
6.9291 0.8753 -2.4976 0.9708
6.8936 1.1236 -2.4977 0.9708
6.8492 1.3704 -2.4979 0.9708
6.7340 1.8585 -2.4981 0.9708
6.6633 2.0991 -2.4983 0.9708
6.5841 2.3371 -2.4984 0.9708
6.2780 3.0233 -2.4918 0.9708
5.8165 3.3350 -2.3977 0.9719
5.4460 3.6655 -2.3476 0.9725
5.3113 3.8589 -2.3477 0.9725
5.0215 4.2307 -2.3481 0.9725
4.8668 4.4085 -2.3483 0.9725
4.5387 4.7471 -2.3486 0.9725
4.3657 4.9073 -2.3488 0.9725
4.0030 5.2087 -2.3492 0.9725
3.4207 5.6102 -2.3498 0.9725
3.0098 5.8421 -2.3501 0.9725
2.3649 6.1333 -2.3507 0.9725
1.6922 6.3535 -2.3513 0.9725
1.2322 6.4595 -2.3516 0.9725
0.9996 6.5000 -2.3518 0.9724
0.7657 6.5322 -2.3520 0.9724
0.5308 6.5560 -2.3521 0.9724
0.2951 6.5712 -2.3523 0.9724
0.0590 6.5781 -2.3525 0.9724
-0.6796 6.8603 -2.4653 0.9711
-1.1872 6.8937 -2.5015 0.9707
-1.6817 6.8027 -2.5059 0.9707
-2.1657 6.6652 -2.5062 0.9707
-2.4036 6.5835 -2.5063 0.9707
-2.6385 6.4933 -2.5064 0.9707
-2.8701 6.3947 -2.5066 0.9707
-3.0979 6.2878 -2.5067 0.9707
-3.5413 6.0499 -2.5069 0.9707
-3.9665 5.7806 -2.5070 0.9707
-4.3713 5.4814 -2.5072 0.9707
-4.7535 5.1539 -2.5073 0.9707
-4.9356 4.9801 -2.5074 0.9707
-5.2803 4.6133 -2.5074 0.9707
-5.4426 4.4208 -2.5075 0.9707
-5.5978 4.2226 -2.5075 0.9707
-5.7458 4.0190 -2.5075 0.9707
-6.1446 3.3780 -2.5075 0.9707
-6.2618 3.1552 -2.5075 0.9707
-6.5645 2.4637 -2.5074 0.9707
-6.6486 2.2264 -2.5074 0.9707
-6.7241 1.9863 -2.5073 0.9707
-6.8489 1.4987 -2.5072 0.9707
-6.8981 1.2518 -2.5071 0.9707
-6.9384 1.0034 -2.5070 0.9707
-6.9697 0.7536 -2.5069 0.9707
-6.9920 0.5029 -2.5069 0.9707
-7.0095 -0.0000 -2.5067 0.9707
-6.9908 -0.5029 -2.5064 0.9707
-6.9679 -0.7534 -2.5063 0.9707
-6.9360 -1.0030 -2.5062 0.9707
-6.8455 -1.4979 -2.5059 0.9707
-6.6436 -2.2248 -2.5055 0.9707
-6.4660 -2.6953 -2.5051 0.9707
-6.3647 -2.9255 -2.5050 0.9707
-5.8788 -3.8052 -2.5043 0.9707
-5.5898 -4.2166 -2.5039 0.9707
-5.2721 -4.6061 -2.5035 0.9707
-4.9273 -4.9717 -2.5031 0.9707
-4.3632 -5.4713 -2.5025 0.9707
-4.1636 -5.6239 -2.5023 0.9707
-3.9588 -5.7693 -2.5021 0.9707
-3.7488 -5.9072 -2.5019 0.9707
-3.3148 -6.1600 -2.5015 0.9707
-3.0913 -6.2745 -2.5013 0.9707
-2.8639 -6.3809 -2.5011 0.9707
-2.6328 -6.4791 -2.5009 0.9707
-2.3983 -6.5689 -2.5007 0.9707
-1.6778 -6.7871 -2.5002 0.9707
-0.9383 -6.9265 -2.4996 0.9707
-0.6890 -6.9553 -2.4994 0.9707
-0.1882 -6.9858 -2.4991 0.9707
0.5638 -6.9641 -2.4986 0.9708
1.0619 -6.9049 -2.4983 0.9708
1.3090 -6.8619 -2.4981 0.9708
1.5544 -6.8101 -2.4980 0.9708
1.7977 -6.7495 -2.4978 0.9708
2.2771 -6.6025 -2.4976 0.9708
2.5125 -6.5161 -2.4974 0.9708
2.7447 -6.4215 -2.4973 0.9708
3.6349 -5.9616 -2.4969 0.9708
3.8464 -5.8270 -2.4968 0.9708
4.2543 -5.5357 -2.4967 0.9708
5.1738 -4.6866 -2.4964 0.9708
5.6475 -4.1031 -2.4963 0.9708
6.0558 -3.4722 -2.4963 0.9708
6.3942 -2.8011 -2.4964 0.9708
6.4907 -2.5698 -2.4964 0.9708
3.7100 -0.7423 -1.3530 0.9841
3.6850 -0.4655 -1.3283 0.9843
3.7193 -0.3347 -1.3354 0.9843
6.9818 -0.1254 -2.4971 0.9708
6.9734 0.3759 -2.4973 0.9708
6.9557 0.6260 -2.4975 0.9708
6.9291 0.8753 -2.4976 0.9708
6.7959 1.6154 -2.4980 0.9708
6.5841 2.3371 -2.4984 0.9708
6.4907 2.5699 -2.4964 0.9708
6.3882 2.7985 -2.4941 0.9708
6.2780 3.0233 -2.4918 0.9708
6.0574 3.1898 -2.4482 0.9713
5.8165 3.3350 -2.3977 0.9719
5.5861 3.4752 -2.3527 0.9724
5.4460 3.6655 -2.3476 0.9725
5.0215 4.2307 -2.3481 0.9725
4.8668 4.4085 -2.3483 0.9725
4.5387 4.7471 -2.3486 0.9725
4.3657 4.9073 -2.3488 0.9725
3.4207 5.6102 -2.3498 0.9725
3.2173 5.7299 -2.3500 0.9725
3.0098 5.8421 -2.3501 0.9725
2.7984 5.9469 -2.3503 0.9725
2.1434 6.2147 -2.3509 0.9725
1.9190 6.2881 -2.3511 0.9725
1.6922 6.3535 -2.3513 0.9725
1.4632 6.4106 -2.3514 0.9725
1.2322 6.4595 -2.3516 0.9725
0.7657 6.5322 -2.3520 0.9724
-0.4236 6.7323 -2.4123 0.9718
-0.6796 6.8603 -2.4653 0.9711
-0.9380 6.9246 -2.4989 0.9708
-1.4355 6.8542 -2.5043 0.9707
-1.6817 6.8027 -2.5059 0.9707
-1.9249 6.7383 -2.5061 0.9707
-2.1657 6.6652 -2.5062 0.9707
-2.4037 6.5835 -2.5063 0.9707
-2.8701 6.3947 -2.5066 0.9707
-3.0979 6.2878 -2.5067 0.9707
-4.5654 5.3211 -2.5073 0.9707
-5.1112 4.7998 -2.5074 0.9707
-5.2803 4.6133 -2.5074 0.9707
-5.4426 4.4208 -2.5075 0.9707
-5.8864 3.8102 -2.5075 0.9707
-6.1446 3.3780 -2.5075 0.9707
-6.3710 2.9284 -2.5075 0.9707
-6.4719 2.6978 -2.5074 0.9707
-6.6486 2.2264 -2.5074 0.9707
-6.8489 1.4987 -2.5072 0.9707
-6.8981 1.2518 -2.5071 0.9707
-6.9384 1.0034 -2.5070 0.9707
-6.9697 0.7536 -2.5069 0.9707
-6.9920 0.5029 -2.5069 0.9707
-7.0095 -0.0000 -2.5067 0.9707
-7.0047 -0.2516 -2.5065 0.9707
-6.9908 -0.5029 -2.5064 0.9707
-6.8952 -1.2513 -2.5060 0.9707
-6.7869 -1.7426 -2.5058 0.9707
-6.7196 -1.9850 -2.5056 0.9707
-6.5590 -2.4617 -2.5053 0.9707
-6.4660 -2.6953 -2.5051 0.9707
-6.2551 -3.1519 -2.5048 0.9707
-6.1375 -3.3741 -2.5046 0.9707
-5.7380 -4.0135 -2.5041 0.9707
-5.4344 -4.4142 -2.5037 0.9707
-5.2721 -4.6061 -2.5035 0.9707
-4.9273 -4.9717 -2.5031 0.9707
-4.7452 -5.1449 -2.5029 0.9707
-4.1636 -5.6239 -2.5023 0.9707
-3.5341 -6.0375 -2.5017 0.9707
-3.3148 -6.1600 -2.5015 0.9707
-3.0913 -6.2745 -2.5013 0.9707
-2.6328 -6.4791 -2.5009 0.9707
-2.3983 -6.5689 -2.5007 0.9707
-2.1608 -6.6502 -2.5005 0.9707
-1.6778 -6.7871 -2.5002 0.9707
-1.4330 -6.8424 -2.5000 0.9707
-0.1882 -6.9858 -2.4991 0.9707
0.0627 -6.9876 -2.4989 0.9708
0.3135 -6.9803 -2.4987 0.9708
0.8134 -6.9390 -2.4984 0.9708
1.0619 -6.9049 -2.4983 0.9708
1.5544 -6.8101 -2.4980 0.9708
2.5125 -6.5161 -2.4974 0.9708
4.0530 -5.6850 -2.4968 0.9708
4.2543 -5.5357 -2.4967 0.9708
4.4501 -5.3793 -2.4966 0.9708
4.6403 -5.2160 -2.4966 0.9708
4.8244 -5.0459 -2.4965 0.9708
5.0023 -4.8694 -2.4965 0.9708
5.3386 -4.4978 -2.4964 0.9708
5.7911 -3.8978 -2.4963 0.9708
5.9273 -3.6874 -2.4963 0.9708
6.0558 -3.4722 -2.4963 0.9708
6.6586 -2.0976 -2.4965 0.9708
6.7297 -1.8573 -2.4966 0.9708
6.7922 -1.6146 -2.4966 0.9708
3.6850 -0.4655 -1.3283 0.9843
3.7193 -0.3347 -1.3354 0.9843
4.0113 -0.2162 -1.4365 0.9831
6.9818 -0.1253 -2.4971 0.9708
6.9734 0.3759 -2.4973 0.9708
6.8492 1.3704 -2.4979 0.9708
6.7959 1.6154 -2.4980 0.9708
6.6633 2.0991 -2.4983 0.9708
6.5841 2.3371 -2.4984 0.9708
6.3882 2.7985 -2.4941 0.9708
6.0574 3.1898 -2.4482 0.9713
5.3113 3.8589 -2.3477 0.9725
4.8668 4.4085 -2.3483 0.9725
4.5387 4.7471 -2.3486 0.9725
4.1871 5.0613 -2.3490 0.9725
4.0030 5.2087 -2.3492 0.9725
3.8137 5.3495 -2.3494 0.9725
3.4207 5.6102 -2.3498 0.9725
3.0098 5.8421 -2.3501 0.9725
2.7984 5.9469 -2.3503 0.9725
2.5833 6.0440 -2.3505 0.9725
2.3649 6.1333 -2.3507 0.9725
2.1434 6.2147 -2.3509 0.9725
1.9190 6.2881 -2.3511 0.9725
1.6922 6.3535 -2.3513 0.9725
0.9996 6.5000 -2.3518 0.9724
0.7657 6.5322 -2.3520 0.9724
0.5308 6.5560 -2.3521 0.9724
-0.1780 6.6092 -2.3644 0.9723
-0.9380 6.9246 -2.4989 0.9708
-1.1872 6.8937 -2.5015 0.9707
-1.4355 6.8542 -2.5043 0.9707
-1.6817 6.8027 -2.5059 0.9707
-1.9249 6.7383 -2.5061 0.9707
-2.6386 6.4933 -2.5064 0.9707
-3.0979 6.2878 -2.5067 0.9707
-3.3217 6.1728 -2.5068 0.9707
-3.9665 5.7806 -2.5070 0.9707
-4.1716 5.6346 -2.5071 0.9707
-4.3713 5.4814 -2.5072 0.9707
-5.4426 4.4208 -2.5075 0.9707
-5.5978 4.2226 -2.5075 0.9707
-5.7458 4.0190 -2.5075 0.9707
-6.2618 3.1552 -2.5075 0.9707
-6.4719 2.6978 -2.5074 0.9707
-6.6486 2.2264 -2.5074 0.9707
-6.8981 1.2518 -2.5071 0.9707
-6.9697 0.7536 -2.5069 0.9707
-6.9920 0.5029 -2.5069 0.9707
-7.0053 0.2516 -2.5068 0.9707
-7.0047 -0.2516 -2.5065 0.9707
-6.9908 -0.5029 -2.5064 0.9707
-6.9679 -0.7535 -2.5063 0.9707
-6.8952 -1.2513 -2.5060 0.9707
-6.7196 -1.9850 -2.5056 0.9707
-6.6436 -2.2248 -2.5055 0.9707
-6.4660 -2.6953 -2.5051 0.9707
-6.3647 -2.9255 -2.5050 0.9707
-6.2551 -3.1519 -2.5048 0.9707
-6.1375 -3.3741 -2.5046 0.9707
-6.0120 -3.5920 -2.5045 0.9707
-5.8788 -3.8052 -2.5043 0.9707
-5.4344 -4.4142 -2.5037 0.9707
-5.1029 -4.7920 -2.5033 0.9707
-4.7452 -5.1449 -2.5029 0.9707
-4.5571 -5.3115 -2.5027 0.9707
-4.1636 -5.6239 -2.5023 0.9707
-3.5341 -6.0375 -2.5017 0.9707
-2.8639 -6.3809 -2.5011 0.9707
-2.6328 -6.4791 -2.5009 0.9707
-2.3983 -6.5689 -2.5007 0.9707
-1.9205 -6.7230 -2.5004 0.9707
-1.6778 -6.7871 -2.5002 0.9707
-1.4330 -6.8424 -2.5000 0.9707
-1.1864 -6.8889 -2.4998 0.9707
-0.6890 -6.9553 -2.4994 0.9707
-0.1882 -6.9858 -2.4991 0.9707
0.0627 -6.9876 -2.4989 0.9708
0.8134 -6.9390 -2.4984 0.9708
1.0619 -6.9049 -2.4983 0.9708
1.3090 -6.8619 -2.4981 0.9708
2.0387 -6.6803 -2.4977 0.9708
2.5125 -6.5161 -2.4974 0.9708
2.9733 -6.3185 -2.4972 0.9708
3.6349 -5.9616 -2.4969 0.9708
4.0530 -5.6850 -2.4968 0.9708
4.8244 -5.0459 -2.4965 0.9708
5.3386 -4.4978 -2.4964 0.9708
6.1766 -3.2526 -2.4963 0.9708
6.4907 -2.5698 -2.4964 0.9708
6.7922 -1.6145 -2.4966 0.9708
3.7100 -0.7423 -1.3530 0.9841
3.6850 -0.4655 -1.3283 0.9843
3.7193 -0.3347 -1.3354 0.9843
4.0113 -0.2162 -1.4365 0.9831
6.9820 0.1254 -2.4972 0.9708
6.9734 0.3759 -2.4973 0.9708
6.9291 0.8754 -2.4976 0.9708
6.7959 1.6154 -2.4980 0.9708
6.7340 1.8585 -2.4981 0.9708
6.6633 2.0991 -2.4983 0.9708
6.5841 2.3371 -2.4984 0.9708
6.4907 2.5699 -2.4964 0.9708
6.2780 3.0233 -2.4918 0.9708
6.0574 3.1898 -2.4482 0.9713
5.8165 3.3350 -2.3977 0.9719
5.5861 3.4752 -2.3527 0.9724
5.4460 3.6655 -2.3476 0.9725
5.1698 4.0474 -2.3479 0.9725
5.0215 4.2307 -2.3481 0.9725
4.1871 5.0613 -2.3490 0.9725
3.8137 5.3495 -2.3494 0.9725
3.6195 5.4834 -2.3496 0.9725
2.7984 5.9469 -2.3503 0.9725
2.5833 6.0440 -2.3505 0.9725
2.3649 6.1333 -2.3507 0.9725
2.1433 6.2147 -2.3509 0.9725
1.9190 6.2881 -2.3511 0.9725
1.2322 6.4595 -2.3516 0.9725
0.7657 6.5322 -2.3520 0.9724
0.5308 6.5560 -2.3521 0.9724
0.2951 6.5712 -2.3523 0.9724
-0.1780 6.6092 -2.3644 0.9723
-0.4236 6.7323 -2.4123 0.9718
-0.9380 6.9246 -2.4989 0.9708
-2.4037 6.5835 -2.5063 0.9707
-2.6386 6.4933 -2.5064 0.9707
-2.8701 6.3947 -2.5066 0.9707
-3.5413 6.0499 -2.5069 0.9707
-3.9665 5.7806 -2.5070 0.9707
-4.3713 5.4814 -2.5072 0.9707
-4.9356 4.9801 -2.5074 0.9707
-5.1112 4.7998 -2.5074 0.9707
-5.5978 4.2226 -2.5075 0.9707
-5.8864 3.8102 -2.5075 0.9707
-6.0194 3.5964 -2.5075 0.9707
-6.2618 3.1552 -2.5075 0.9707
-6.3710 2.9284 -2.5075 0.9707
-6.4719 2.6978 -2.5074 0.9707
-6.5645 2.4637 -2.5074 0.9707
-6.8981 1.2518 -2.5071 0.9707
-6.9697 0.7536 -2.5069 0.9707
-6.9920 0.5029 -2.5069 0.9707
-6.5357 -0.2348 -2.5062 0.9724
-6.5228 -0.4692 -2.5061 0.9724
-6.5015 -0.7030 -2.5060 0.9724
-6.4718 -0.9359 -2.5059 0.9724
-6.2699 -1.8521 -2.5054 0.9724
-6.1990 -2.0759 -2.5052 0.9724
-6.1201 -2.2969 -2.5051 0.9724
-6.0334 -2.5150 -2.5049 0.9724
-5.9388 -2.7298 -2.5048 0.9724
-5.8366 -2.9410 -2.5046 0.9724
-5.6099 -3.3517 -2.5043 0.9724
-5.4855 -3.5507 -2.5041 0.9724
-5.3542 -3.7451 -2.5039 0.9724
-5.2159 -3.9346 -2.5038 0.9724
-4.5978 -4.6393 -2.5031 0.9724
-4.4280 -4.8010 -2.5029 0.9724
-4.2525 -4.9565 -2.5027 0.9724
-3.8853 -5.2480 -2.5023 0.9724
-3.6942 -5.3837 -2.5021 0.9724
-3.2979 -5.6340 -2.5017 0.9724
-3.0933 -5.7483 -2.5016 0.9724
-2.8848 -5.8552 -2.5014 0.9724
-2.6725 -5.9546 -2.5012 0.9724
-2.4569 -6.0462 -2.5010 0.9724
-2.2381 -6.1301 -2.5008 0.9724
-1.7922 -6.2739 -2.5005 0.9724
-1.1072 -6.4289 -2.4999 0.9724
0.2926 -6.5144 -2.4989 0.9725
0.5262 -6.4993 -2.4988 0.9725
1.6777 -6.2991 -2.4981 0.9725
2.1252 -6.1619 -2.4979 0.9725
2.7749 -5.8970 -2.4975 0.9725
2.9847 -5.7933 -2.4974 0.9725
3.3924 -5.5639 -2.4973 0.9725
3.5898 -5.4383 -2.4972 0.9725
3.7826 -5.3058 -2.4971 0.9725
3.9705 -5.1665 -2.4970 0.9725
4.5026 -4.7094 -2.4969 0.9725
4.6687 -4.5446 -2.4968 0.9725
4.9826 -4.1979 -2.4968 0.9725
5.1300 -4.0163 -2.4967 0.9725
5.2709 -3.8295 -2.4967 0.9725
5.5320 -3.4414 -2.4967 0.9725
5.7647 -3.0357 -2.4967 0.9725
5.9677 -2.6143 -2.4968 0.9725
6.1401 -2.1795 -2.4968 0.9725
6.2145 -1.9577 -2.4969 0.9725
6.2809 -1.7334 -2.4969 0.9725
3.7100 -0.7423 -1.4499 0.9839
3.7304 -0.6080 -1.4484 0.9839
3.6658 -0.4631 -1.4160 0.9843
3.7011 -0.3331 -1.4240 0.9842
6.4916 0.5843 -2.4978 0.9725
6.4668 0.8169 -2.4979 0.9725
6.4336 1.0486 -2.4980 0.9725
6.2186 1.9590 -2.4985 0.9725
6.0627 2.4004 -2.4988 0.9725
5.8735 2.8285 -2.4982 0.9725
5.7636 3.0351 -2.4962 0.9725
5.6467 3.2376 -2.4944 0.9725
5.5230 3.4358 -2.4926 0.9725
5.1164 3.7172 -2.4235 0.9733
4.7002 3.9599 -2.3552 0.9740
4.3914 4.2748 -2.3485 0.9741
4.0740 4.5795 -2.3489 0.9741
3.5589 4.9920 -2.3494 0.9741
3.0023 5.3469 -2.3499 0.9741
2.8086 5.4516 -2.3501 0.9741
2.6113 5.5493 -2.3503 0.9741
2.4106 5.6399 -2.3505 0.9741
1.7907 5.8677 -2.3510 0.9741
1.5791 5.9286 -2.3512 0.9741
0.9328 6.0653 -2.3516 0.9741
0.5047 6.2339 -2.3968 0.9736
0.2849 6.3438 -2.4335 0.9732
-0.4097 6.5114 -2.5002 0.9724
-0.6437 6.4983 -2.5025 0.9724
-0.8774 6.4772 -2.5048 0.9724
-1.1096 6.4429 -2.5054 0.9724
-1.3402 6.3993 -2.5055 0.9724
-1.5691 6.3474 -2.5057 0.9724
-2.0207 6.2191 -2.5059 0.9724
-2.2427 6.1428 -2.5060 0.9724
-3.5048 5.5227 -2.5066 0.9724
-3.8923 5.2574 -2.5068 0.9724
-4.2596 4.9648 -2.5069 0.9724
-4.4352 4.8088 -2.5069 0.9724
-4.7689 4.4783 -2.5070 0.9724
-4.9267 4.3043 -2.5071 0.9724
-5.0781 4.1248 -2.5071 0.9724
-5.3610 3.7498 -2.5071 0.9724
-5.4922 3.5550 -2.5071 0.9724
-5.6162 3.3555 -2.5071 0.9724
-5.8425 2.9439 -2.5071 0.9724
-6.0385 2.5171 -2.5071 0.9724
-6.1249 2.2987 -2.5070 0.9724
-6.2033 2.0773 -2.5070 0.9724
-6.2738 1.8533 -2.5069 0.9724
-6.4738 0.9362 -2.5067 0.9724
-6.5363 0.2348 -2.5064 0.9724
-6.5357 -0.2348 -2.5062 0.9724
-6.5228 -0.4692 -2.5061 0.9724
-6.5015 -0.7030 -2.5060 0.9724
-6.4717 -0.9359 -2.5059 0.9724
-6.3327 -1.6260 -2.5055 0.9724
-6.1990 -2.0759 -2.5052 0.9724
-6.0333 -2.5150 -2.5049 0.9724
-5.7269 -3.1484 -2.5044 0.9724
-5.6099 -3.3517 -2.5043 0.9724
-5.4855 -3.5507 -2.5041 0.9724
-5.2159 -3.9346 -2.5038 0.9724
-5.0710 -4.1190 -2.5036 0.9724
-4.7617 -4.4716 -2.5032 0.9724
-4.2525 -4.9564 -2.5027 0.9724
-3.8853 -5.2480 -2.5023 0.9724
-3.4983 -5.5124 -2.5019 0.9724
-3.2979 -5.6340 -2.5017 0.9724
-3.0933 -5.7483 -2.5016 0.9724
-2.4569 -6.0462 -2.5010 0.9724
-1.7922 -6.2739 -2.5005 0.9724
-1.3373 -6.3854 -2.5001 0.9724
-1.1072 -6.4289 -2.4999 0.9724
-0.8756 -6.4640 -2.4998 0.9724
-0.4095 -6.5093 -2.4994 0.9724
-0.1756 -6.5194 -2.4993 0.9724
0.2926 -6.5144 -2.4989 0.9725
0.7591 -6.4758 -2.4986 0.9725
1.2216 -6.4040 -2.4984 0.9725
2.1252 -6.1619 -2.4979 0.9725
2.3449 -6.0814 -2.4977 0.9725
2.5615 -5.9930 -2.4976 0.9725
2.9847 -5.7933 -2.4974 0.9725
3.1906 -5.6823 -2.4973 0.9725
3.7826 -5.3058 -2.4971 0.9725
4.1533 -5.0205 -2.4970 0.9725
4.5026 -4.7094 -2.4969 0.9725
4.6687 -4.5446 -2.4968 0.9725
4.8287 -4.3741 -2.4968 0.9725
5.1300 -4.0163 -2.4967 0.9725
5.6520 -3.2406 -2.4967 0.9725
5.7647 -3.0357 -2.4967 0.9725
6.0578 -2.3984 -2.4968 0.9725
6.1401 -2.1795 -2.4968 0.9725
6.2145 -1.9577 -2.4969 0.9725
3.7100 -0.7423 -1.4499 0.9839
3.6658 -0.4631 -1.4160 0.9843
6.5160 -0.1170 -2.4974 0.9725
6.5162 0.1170 -2.4975 0.9725
6.4916 0.5843 -2.4978 0.9725
6.2186 1.9590 -2.4985 0.9725
6.1446 2.1811 -2.4987 0.9725
6.0627 2.4004 -2.4988 0.9725
5.9730 2.6166 -2.4990 0.9725
5.8735 2.8285 -2.4982 0.9725
5.6467 3.2376 -2.4944 0.9725
5.1163 3.7173 -2.4235 0.9733
4.5417 4.1141 -2.3484 0.9741
4.3914 4.2748 -2.3485 0.9741
4.0740 4.5795 -2.3489 0.9741
3.9073 4.7231 -2.3491 0.9741
3.1920 5.2353 -2.3498 0.9741
2.8086 5.4516 -2.3501 0.9741
2.6113 5.5493 -2.3503 0.9741
2.0001 5.7992 -2.3508 0.9741
1.7907 5.8677 -2.3510 0.9741
1.3653 5.9819 -2.3513 0.9741
1.1498 6.0275 -2.3515 0.9741
0.0580 6.4580 -2.4749 0.9727
-0.4097 6.5114 -2.5002 0.9724
-1.3402 6.3993 -2.5055 0.9724
-1.7961 6.2873 -2.5058 0.9724
-2.8905 5.8669 -2.5064 0.9724
-3.8923 5.2574 -2.5068 0.9724
-4.2596 4.9648 -2.5069 0.9724
-4.9267 4.3043 -2.5071 0.9724
-5.0781 4.1248 -2.5071 0.9724
-5.2229 3.9398 -2.5071 0.9724
-5.6162 3.3555 -2.5071 0.9724
-5.8425 2.9439 -2.5071 0.9724
-6.0385 2.5171 -2.5071 0.9724
-6.1249 2.2987 -2.5070 0.9724
-6.2738 1.8533 -2.5069 0.9724
-6.3361 1.6268 -2.5069 0.9724
-6.4362 1.1680 -2.5068 0.9724
-6.5030 0.7032 -2.5066 0.9724
-6.5239 0.4693 -2.5065 0.9724
-6.5363 0.2348 -2.5064 0.9724
-6.5402 0.0000 -2.5063 0.9724
-6.5015 -0.7030 -2.5060 0.9724
-6.4717 -0.9359 -2.5059 0.9724
-6.1990 -2.0759 -2.5052 0.9724
-6.1201 -2.2969 -2.5051 0.9724
-6.0333 -2.5150 -2.5049 0.9724
-5.9388 -2.7298 -2.5048 0.9724
-5.7269 -3.1484 -2.5044 0.9724
-5.6099 -3.3517 -2.5043 0.9724
-5.4855 -3.5507 -2.5041 0.9724
-5.3542 -3.7451 -2.5039 0.9724
-5.2159 -3.9346 -2.5038 0.9724
-5.0710 -4.1190 -2.5036 0.9724
-4.9195 -4.2981 -2.5034 0.9724
-4.7617 -4.4716 -2.5032 0.9724
-4.5978 -4.6393 -2.5031 0.9724
-3.8853 -5.2480 -2.5023 0.9724
-3.6942 -5.3837 -2.5021 0.9724
-3.4983 -5.5124 -2.5019 0.9724
-3.0933 -5.7483 -2.5016 0.9724
-2.8848 -5.8552 -2.5014 0.9724
-1.5658 -6.3338 -2.5003 0.9724
-1.3373 -6.3854 -2.5001 0.9724
-0.8756 -6.4640 -2.4998 0.9724
-0.4095 -6.5093 -2.4994 0.9724
0.0585 -6.5211 -2.4991 0.9725
0.5262 -6.4993 -2.4988 0.9725
0.9910 -6.4440 -2.4985 0.9725
1.2216 -6.4040 -2.4984 0.9725
1.4506 -6.3556 -2.4982 0.9725
1.9027 -6.2345 -2.4980 0.9725
2.1252 -6.1619 -2.4979 0.9725
2.3449 -6.0814 -2.4977 0.9725
3.1906 -5.6823 -2.4973 0.9725
3.3924 -5.5639 -2.4973 0.9725
3.5898 -5.4383 -2.4972 0.9725
4.1533 -5.0205 -2.4970 0.9725
4.6687 -4.5446 -2.4968 0.9725
5.1300 -4.0162 -2.4967 0.9725
5.2708 -3.8295 -2.4967 0.9725
5.6520 -3.2406 -2.4967 0.9725
5.8700 -2.8268 -2.4967 0.9725
3.7011 -0.3331 -1.4240 0.9842
3.9956 -0.2154 -1.5334 0.9830
6.5160 -0.1170 -2.4974 0.9725
6.5162 0.1170 -2.4975 0.9725
6.4916 0.5843 -2.4978 0.9725
6.2186 1.9590 -2.4985 0.9725
6.0627 2.4004 -2.4988 0.9725
5.6467 3.2376 -2.4944 0.9725
4.9053 3.8404 -2.3874 0.9737
4.7002 3.9599 -2.3552 0.9740
4.3914 4.2748 -2.3485 0.9741
3.9073 4.7231 -2.3491 0.9741
3.7355 4.8607 -2.3492 0.9741
3.5589 4.9920 -2.3494 0.9741
3.3777 5.1169 -2.3496 0.9741
3.1920 5.2353 -2.3498 0.9741
3.0023 5.3469 -2.3499 0.9741
2.8086 5.4516 -2.3501 0.9741
2.4106 5.6399 -2.3505 0.9741
2.2068 5.7232 -2.3506 0.9741
2.0001 5.7992 -2.3508 0.9741
1.5791 5.9286 -2.3512 0.9741
0.7182 6.1273 -2.3642 0.9739
-0.4097 6.5114 -2.5002 0.9724
-0.6437 6.4983 -2.5025 0.9724
-0.8774 6.4771 -2.5048 0.9724
-1.1096 6.4429 -2.5054 0.9724
-1.5691 6.3474 -2.5057 0.9724
-2.2427 6.1428 -2.5060 0.9724
-2.8905 5.8669 -2.5064 0.9724
-3.3042 5.6448 -2.5065 0.9724
-3.7009 5.3935 -2.5067 0.9724
-4.2596 4.9648 -2.5069 0.9724
-4.6051 4.6466 -2.5070 0.9724
-4.7690 4.4783 -2.5070 0.9724
-4.9267 4.3043 -2.5071 0.9724
-5.3610 3.7498 -2.5071 0.9724
-5.7331 3.1518 -2.5071 0.9724
-5.9443 2.7323 -2.5071 0.9724
-6.1249 2.2987 -2.5070 0.9724
-6.2033 2.0773 -2.5070 0.9724
-6.3362 1.6268 -2.5069 0.9724
-6.4362 1.1680 -2.5068 0.9724
-6.5030 0.7032 -2.5066 0.9724
-6.5239 0.4693 -2.5065 0.9724
-6.5363 0.2348 -2.5064 0.9724
-6.5402 0.0000 -2.5063 0.9724
-6.5357 -0.2348 -2.5062 0.9724
-6.4717 -0.9359 -2.5059 0.9724
-6.4337 -1.1675 -2.5058 0.9724
-6.3873 -1.3977 -2.5056 0.9724
-6.1201 -2.2969 -2.5051 0.9724
-6.0334 -2.5150 -2.5049 0.9724
-5.9388 -2.7298 -2.5048 0.9724
-5.8366 -2.9410 -2.5046 0.9724
-5.0710 -4.1190 -2.5036 0.9724
-4.9195 -4.2981 -2.5034 0.9724
-4.5978 -4.6393 -2.5031 0.9724
-3.8853 -5.2480 -2.5023 0.9724
-3.4983 -5.5124 -2.5019 0.9724
-3.2979 -5.6340 -2.5017 0.9724
-2.4569 -6.0462 -2.5010 0.9724
-2.2381 -6.1301 -2.5008 0.9724
-0.8756 -6.4640 -2.4998 0.9724
-0.6430 -6.4909 -2.4996 0.9724
-0.1756 -6.5194 -2.4993 0.9724
0.2926 -6.5144 -2.4989 0.9725
0.7591 -6.4758 -2.4986 0.9725
0.9910 -6.4440 -2.4985 0.9725
1.2216 -6.4040 -2.4984 0.9725
1.4506 -6.3556 -2.4982 0.9725
2.3449 -6.0814 -2.4977 0.9725
2.5616 -5.9930 -2.4976 0.9725
2.7749 -5.8970 -2.4975 0.9725
2.9847 -5.7933 -2.4974 0.9725
3.3924 -5.5639 -2.4973 0.9725
3.5898 -5.4383 -2.4972 0.9725
3.7826 -5.3058 -2.4971 0.9725
3.9705 -5.1665 -2.4970 0.9725
4.3308 -4.8681 -2.4969 0.9725
4.5026 -4.7094 -2.4969 0.9725
4.6687 -4.5446 -2.4968 0.9725
4.9826 -4.1979 -2.4968 0.9725
5.1300 -4.0163 -2.4967 0.9725
5.2709 -3.8295 -2.4967 0.9725
5.4049 -3.6378 -2.4967 0.9725
5.6520 -3.2406 -2.4967 0.9725
5.7647 -3.0357 -2.4967 0.9725
5.8700 -2.8268 -2.4967 0.9725
6.2145 -1.9577 -2.4969 0.9725
6.2809 -1.7334 -2.4969 0.9725
6.3392 -1.5069 -2.4970 0.9725
3.6658 -0.4631 -1.4160 0.9843
3.9956 -0.2154 -1.5334 0.9830
6.5160 -0.1170 -2.4974 0.9725
6.5163 0.1170 -2.4975 0.9725
6.3424 1.5076 -2.4983 0.9725
6.2186 1.9590 -2.4985 0.9725
5.9730 2.6167 -2.4990 0.9725
5.8735 2.8285 -2.4982 0.9725
5.6467 3.2376 -2.4944 0.9725
5.3336 3.5898 -2.4638 0.9728
5.1163 3.7173 -2.4235 0.9733
4.9053 3.8404 -2.3874 0.9737
4.3914 4.2748 -2.3485 0.9741
4.2355 4.4300 -2.3487 0.9741
3.7355 4.8607 -2.3492 0.9741
3.5589 4.9920 -2.3494 0.9741
3.1920 5.2353 -2.3498 0.9741
3.0023 5.3469 -2.3499 0.9741
2.8086 5.4516 -2.3501 0.9741
2.6113 5.5493 -2.3503 0.9741
2.4106 5.6399 -2.3505 0.9741
2.2068 5.7232 -2.3506 0.9741
2.0000 5.7992 -2.3508 0.9741
1.5791 5.9286 -2.3512 0.9741
0.9328 6.0653 -2.3516 0.9741
0.5047 6.2339 -2.3968 0.9736
0.2849 6.3438 -2.4335 0.9732
-0.4097 6.5114 -2.5002 0.9724
-1.1096 6.4429 -2.5054 0.9724
-1.3402 6.3993 -2.5055 0.9724
-1.5691 6.3474 -2.5057 0.9724
-1.7961 6.2873 -2.5058 0.9724
-2.2428 6.1428 -2.5060 0.9724
-2.6779 5.9666 -2.5062 0.9724
-2.8905 5.8669 -2.5064 0.9724
-3.7009 5.3935 -2.5067 0.9724
-3.8923 5.2573 -2.5068 0.9724
-4.0786 5.1144 -2.5068 0.9724
-4.4352 4.8088 -2.5069 0.9724
-4.6051 4.6466 -2.5070 0.9724
-5.0781 4.1248 -2.5071 0.9724
-5.3610 3.7498 -2.5071 0.9724
-5.6162 3.3555 -2.5071 0.9724
-5.7331 3.1518 -2.5071 0.9724
-5.9443 2.7323 -2.5071 0.9724
-6.2738 1.8533 -2.5069 0.9724
-6.3362 1.6268 -2.5069 0.9724
-6.3903 1.3983 -2.5068 0.9724
-6.4362 1.1680 -2.5068 0.9724
-6.5030 0.7032 -2.5066 0.9724
-6.5239 0.4693 -2.5065 0.9724
-6.1069 -0.4393 -2.5059 0.9739
-6.0591 -0.8762 -2.5056 0.9739
-6.0235 -1.0931 -2.5055 0.9739
-5.9289 -1.5223 -2.5053 0.9739
-5.6488 -2.3547 -2.5047 0.9739
-5.5603 -2.5558 -2.5046 0.9739
-5.4647 -2.7536 -2.5044 0.9739
-5.3620 -2.9478 -2.5043 0.9739
-5.2524 -3.1382 -2.5041 0.9739
-5.1360 -3.3245 -2.5040 0.9739
-4.7479 -3.8566 -2.5035 0.9739
-4.6061 -4.0243 -2.5033 0.9739
-4.4584 -4.1867 -2.5031 0.9739
-4.3050 -4.3438 -2.5030 0.9739
-4.1460 -4.4952 -2.5028 0.9739
-3.9817 -4.6408 -2.5026 0.9739
-3.0880 -5.2753 -2.5018 0.9739
-2.8964 -5.3824 -2.5016 0.9739
-2.7011 -5.4825 -2.5014 0.9739
-2.3005 -5.6614 -2.5011 0.9739
-1.8881 -5.8111 -2.5007 0.9739
-1.6782 -5.8747 -2.5006 0.9739
-1.4661 -5.9308 -2.5004 0.9739
-1.2522 -5.9792 -2.5002 0.9739
-1.0367 -6.0199 -2.5001 0.9739
-0.3835 -6.0953 -2.4996 0.9739
0.2740 -6.1001 -2.4991 0.9740
2.5985 -5.5222 -2.4978 0.9740
3.3617 -5.0927 -2.4975 0.9740
3.8894 -4.7015 -2.4973 0.9740
4.0556 -4.5587 -2.4972 0.9740
4.2165 -4.4101 -2.4972 0.9740
4.5219 -4.0961 -2.4971 0.9740
4.6660 -3.9311 -2.4971 0.9740
4.8040 -3.7610 -2.4971 0.9740
5.0615 -3.4067 -2.4970 0.9740
5.5885 -2.4482 -2.4971 0.9740
5.6729 -2.2460 -2.4971 0.9740
5.8817 -1.6233 -2.4972 0.9740
5.9363 -1.4111 -2.4973 0.9740
3.7710 -0.7545 -1.5740 0.9835
3.7546 -0.6120 -1.5570 0.9837
3.9499 -0.2129 -1.6189 0.9830
6.0944 0.3285 -2.4979 0.9740
6.0790 0.5471 -2.4980 0.9740
5.9392 1.4118 -2.4985 0.9740
5.8850 1.6241 -2.4986 0.9740
5.7539 2.0424 -2.4989 0.9740
5.5931 2.4502 -2.4992 0.9740
5.4036 2.8455 -2.4995 0.9740
5.1839 3.2249 -2.4987 0.9740
5.0617 3.4068 -2.4971 0.9740
4.7989 3.7571 -2.4944 0.9740
4.6588 3.9250 -2.4932 0.9740
4.4779 4.0562 -2.4728 0.9742
4.2826 4.1688 -2.4461 0.9745
4.0908 4.2786 -2.4227 0.9747
3.9021 4.3862 -2.4027 0.9749
3.3490 4.6976 -2.3612 0.9754
3.1688 4.8005 -2.3541 0.9754
2.9892 4.9026 -2.3501 0.9755
2.6298 5.1045 -2.3501 0.9755
1.8918 5.4853 -2.3748 0.9752
1.7041 5.5839 -2.3894 0.9751
1.5137 5.6834 -2.4071 0.9749
1.3201 5.7839 -2.4281 0.9747
0.2741 6.1026 -2.5002 0.9739
-0.3843 6.1079 -2.5048 0.9739
-0.8216 6.0653 -2.5050 0.9739
-1.6816 5.8864 -2.5055 0.9739
-1.8919 5.8225 -2.5057 0.9739
-2.0997 5.7511 -2.5058 0.9739
-2.3049 5.6723 -2.5059 0.9739
-2.5072 5.5861 -2.5060 0.9739
-2.7062 5.4927 -2.5061 0.9739
-3.0935 5.2848 -2.5062 0.9739
-3.2813 5.1705 -2.5063 0.9739
-3.8184 4.7882 -2.5065 0.9739
-3.9879 4.6481 -2.5066 0.9739
-4.4647 4.1927 -2.5067 0.9739
-4.7542 3.8616 -2.5068 0.9739
-5.4698 2.7561 -2.5068 0.9739
-5.7342 2.1521 -2.5067 0.9739
-5.9320 1.5231 -2.5066 0.9739
-6.0257 1.0935 -2.5064 0.9739
-6.0609 0.8765 -2.5064 0.9739
-6.1078 0.4393 -2.5062 0.9739
-6.1069 -0.4393 -2.5059 0.9739
-6.0869 -0.6582 -2.5057 0.9739
-6.0235 -1.0931 -2.5055 0.9739
-5.9289 -1.5223 -2.5053 0.9739
-5.8038 -1.9435 -2.5050 0.9739
-5.7300 -2.1505 -2.5049 0.9739
-5.2524 -3.1382 -2.5041 0.9739
-5.1360 -3.3245 -2.5040 0.9739
-5.0131 -3.5065 -2.5038 0.9739
-4.8836 -3.6839 -2.5037 0.9739
-4.7479 -3.8566 -2.5035 0.9739
-3.9817 -4.6408 -2.5026 0.9739
-3.8122 -4.7804 -2.5025 0.9739
-3.4590 -5.0409 -2.5021 0.9739
-3.2756 -5.1614 -2.5019 0.9739
-2.8964 -5.3824 -2.5016 0.9739
-2.7011 -5.4825 -2.5014 0.9739
-2.5024 -5.5756 -2.5012 0.9739
-2.0956 -5.7399 -2.5009 0.9739
-1.8881 -5.8111 -2.5007 0.9739
-1.6782 -5.8747 -2.5006 0.9739
-1.4661 -5.9308 -2.5004 0.9739
-0.8199 -6.0528 -2.4999 0.9739
-0.6021 -6.0780 -2.4997 0.9739
-0.1644 -6.1048 -2.4994 0.9740
0.2740 -6.1001 -2.4991 0.9740
0.4927 -6.0860 -2.4990 0.9740
1.1439 -5.9968 -2.4986 0.9740
1.9901 -5.7702 -2.4981 0.9740
2.3987 -5.6121 -2.4979 0.9740
2.5985 -5.5222 -2.4978 0.9740
2.7950 -5.4251 -2.4977 0.9740
2.9878 -5.3211 -2.4976 0.9740
3.1768 -5.2103 -2.4975 0.9740
3.5422 -4.9686 -2.4974 0.9740
4.2165 -4.4101 -2.4972 0.9740
4.3720 -4.2559 -2.4971 0.9740
4.5219 -4.0961 -2.4971 0.9740
4.8040 -3.7610 -2.4971 0.9740
4.9359 -3.5862 -2.4970 0.9740
5.0615 -3.4067 -2.4970 0.9740
5.1805 -3.2228 -2.4970 0.9740
5.2928 -3.0347 -2.4970 0.9740
5.4970 -2.6472 -2.4971 0.9740
5.5885 -2.4482 -2.4971 0.9740
5.6729 -2.2460 -2.4971 0.9740
5.7499 -2.0410 -2.4971 0.9740
5.9363 -1.4111 -2.4973 0.9740
3.7710 -0.7545 -1.5740 0.9835
3.6919 -0.4664 -1.5230 0.9840
3.7401 -0.3366 -1.5369 0.9839
6.1018 -0.1096 -2.4977 0.9740
6.1021 0.1096 -2.4978 0.9740
6.0790 0.5471 -2.4980 0.9740
6.0246 0.9819 -2.4982 0.9740
5.9857 1.1976 -2.4984 0.9740
5.9392 1.4118 -2.4985 0.9740
5.5019 2.6496 -2.4993 0.9740
5.4036 2.8455 -2.4995 0.9740
5.2983 3.0379 -2.4996 0.9739
5.0617 3.4068 -2.4971 0.9740
4.9333 3.5843 -2.4957 0.9740
4.6588 3.9250 -2.4932 0.9740
4.4779 4.0562 -2.4728 0.9742
4.2826 4.1688 -2.4461 0.9745
4.0908 4.2786 -2.4227 0.9747
3.9021 4.3862 -2.4027 0.9749
3.7158 4.4917 -2.3858 0.9751
3.3490 4.6976 -2.3612 0.9754
2.9892 4.9026 -2.3501 0.9755
2.4455 5.1969 -2.3507 0.9755
1.3201 5.7839 -2.4281 0.9747
0.9211 5.9892 -2.4801 0.9742
0.7103 6.0595 -2.4970 0.9740
-0.1647 6.1155 -2.5038 0.9739
-1.0388 6.0322 -2.5052 0.9739
-1.2548 5.9913 -2.5053 0.9739
-1.8919 5.8225 -2.5057 0.9739
-2.5072 5.5861 -2.5060 0.9739
-2.9017 5.3922 -2.5062 0.9739
-3.6440 4.9220 -2.5065 0.9739
-3.9879 4.6481 -2.5066 0.9739
-4.6124 4.0298 -2.5067 0.9739
-4.7542 3.8616 -2.5068 0.9739
-5.0190 3.5106 -2.5068 0.9739
-5.1418 3.3282 -2.5068 0.9739
-5.2580 3.1415 -2.5068 0.9739
-5.4698 2.7561 -2.5068 0.9739
-5.6533 2.3566 -2.5067 0.9739
-5.7342 2.1521 -2.5067 0.9739
-5.8077 1.9448 -2.5067 0.9739
-6.0257 1.0935 -2.5064 0.9739
-6.1078 0.4393 -2.5062 0.9739
-6.1194 0.2198 -2.5061 0.9739
-6.1231 -0.0000 -2.5061 0.9739
-6.0869 -0.6582 -2.5057 0.9739
-6.0591 -0.8762 -2.5056 0.9739
-6.0235 -1.0931 -2.5055 0.9739
-5.9801 -1.3086 -2.5054 0.9739
-5.9289 -1.5223 -2.5053 0.9739
-5.8702 -1.7341 -2.5051 0.9739
-5.8038 -1.9435 -2.5050 0.9739
-5.6488 -2.3547 -2.5047 0.9739
-5.3620 -2.9478 -2.5043 0.9739
-5.1360 -3.3245 -2.5040 0.9739
-5.0131 -3.5065 -2.5038 0.9739
-4.8836 -3.6839 -2.5037 0.9739
-4.7479 -3.8566 -2.5035 0.9739
-4.1460 -4.4952 -2.5028 0.9739
-3.8122 -4.7804 -2.5025 0.9739
-3.4590 -5.0409 -2.5021 0.9739
-2.0956 -5.7399 -2.5009 0.9739
-1.8881 -5.8111 -2.5007 0.9739
-1.4661 -5.9308 -2.5004 0.9739
-1.2522 -5.9792 -2.5002 0.9739
-0.6021 -6.0780 -2.4997 0.9739
-0.3835 -6.0953 -2.4996 0.9739
-0.1644 -6.1048 -2.4994 0.9740
0.7108 -6.0640 -2.4989 0.9740
1.1440 -5.9968 -2.4986 0.9740
1.3584 -5.9516 -2.4985 0.9740
1.5711 -5.8987 -2.4983 0.9740
1.9901 -5.7702 -2.4981 0.9740
2.3987 -5.6121 -2.4979 0.9740
2.7950 -5.4251 -2.4977 0.9740
3.1768 -5.2103 -2.4975 0.9740
3.5422 -4.9686 -2.4974 0.9740
3.8894 -4.7014 -2.4973 0.9740
4.0556 -4.5587 -2.4972 0.9740
4.2165 -4.4101 -2.4972 0.9740
4.5219 -4.0961 -2.4971 0.9740
4.9359 -3.5862 -2.4970 0.9740
5.1805 -3.2228 -2.4970 0.9740
5.3984 -2.8428 -2.4970 0.9740
5.4970 -2.6472 -2.4971 0.9740
5.8817 -1.6232 -2.4972 0.9740
5.9363 -1.4111 -2.4973 0.9740
3.7710 -0.7545 -1.5740 0.9835
3.7546 -0.6120 -1.5570 0.9837
3.9499 -0.2129 -1.6189 0.9830
6.1018 -0.1095 -2.4977 0.9740
6.0944 0.3285 -2.4979 0.9740
6.0557 0.7650 -2.4981 0.9740
5.6772 2.2478 -2.4990 0.9740
5.5932 2.4502 -2.4992 0.9740
5.2983 3.0379 -2.4996 0.9739
5.0617 3.4068 -2.4971 0.9740
4.9333 3.5843 -2.4957 0.9740
4.7989 3.7571 -2.4944 0.9740
4.6588 3.9250 -2.4932 0.9740
4.4779 4.0563 -2.4728 0.9742
4.0908 4.2786 -2.4227 0.9747
3.1687 4.8005 -2.3541 0.9754
2.9892 4.9026 -2.3501 0.9755
2.8111 5.0065 -2.3499 0.9755
2.6298 5.1045 -2.3501 0.9755
2.2617 5.2915 -2.3552 0.9754
2.0772 5.3873 -2.3631 0.9754
1.8918 5.4853 -2.3748 0.9752
1.7041 5.5839 -2.3894 0.9751
1.3201 5.7839 -2.4281 0.9747
1.1228 5.8857 -2.4523 0.9744
0.9211 5.9892 -2.4801 0.9742
0.2741 6.1026 -2.5002 0.9739
0.0549 6.1129 -2.5019 0.9739
-0.1647 6.1155 -2.5038 0.9739
-0.3843 6.1079 -2.5048 0.9739
-0.6033 6.0905 -2.5049 0.9739
-0.8216 6.0653 -2.5050 0.9739
-1.0388 6.0322 -2.5052 0.9739
-1.4691 5.9427 -2.5054 0.9739
-1.8919 5.8225 -2.5057 0.9739
-2.0997 5.7511 -2.5058 0.9739
-2.3049 5.6723 -2.5059 0.9739
-2.7062 5.4927 -2.5061 0.9739
-3.0935 5.2848 -2.5062 0.9739
-3.4649 5.0495 -2.5064 0.9739
-3.8184 4.7882 -2.5065 0.9739
-4.4647 4.1927 -2.5067 0.9739
-4.6124 4.0298 -2.5067 0.9739
-4.8897 3.6885 -2.5068 0.9739
-5.0190 3.5106 -2.5068 0.9739
-5.2580 3.1415 -2.5068 0.9739
-5.4698 2.7561 -2.5068 0.9739
-5.5651 2.5580 -2.5068 0.9739
-5.6533 2.3566 -2.5067 0.9739
-5.8077 1.9448 -2.5067 0.9739
-5.9320 1.5231 -2.5066 0.9739
-6.0257 1.0935 -2.5064 0.9739
-6.0609 0.8765 -2.5064 0.9739
-6.1078 0.4393 -2.5062 0.9739
-6.1231 0.0000 -2.5061 0.9739
-6.1069 -0.4393 -2.5059 0.9739
-6.0591 -0.8762 -2.5056 0.9739
-6.0235 -1.0931 -2.5055 0.9739
-5.9289 -1.5223 -2.5053 0.9739
-5.8702 -1.7341 -2.5051 0.9739
-5.8038 -1.9436 -2.5050 0.9739
-5.7300 -2.1505 -2.5049 0.9739
-5.6488 -2.3547 -2.5047 0.9739
-5.4647 -2.7536 -2.5044 0.9739
-5.2524 -3.1382 -2.5041 0.9739
-5.1360 -3.3245 -2.5040 0.9739
-5.0131 -3.5065 -2.5038 0.9739
-4.8836 -3.6839 -2.5037 0.9739
-4.6061 -4.0243 -2.5033 0.9739
-4.1460 -4.4952 -2.5028 0.9739
-3.9817 -4.6408 -2.5026 0.9739
-3.6379 -4.9138 -2.5023 0.9739
-2.8964 -5.3824 -2.5016 0.9739
-2.7011 -5.4825 -2.5014 0.9739
-2.5024 -5.5756 -2.5012 0.9739
-2.0956 -5.7399 -2.5009 0.9739
-1.6782 -5.8747 -2.5006 0.9739
-1.4661 -5.9308 -2.5004 0.9739
-0.8199 -6.0528 -2.4999 0.9739
-0.1644 -6.1048 -2.4994 0.9740
0.4927 -6.0860 -2.4990 0.9740
0.9280 -6.0343 -2.4987 0.9740
1.3584 -5.9516 -2.4985 0.9740
1.5711 -5.8987 -2.4983 0.9740
1.7817 -5.8382 -2.4982 0.9740
1.9901 -5.7702 -2.4981 0.9740
2.5985 -5.5221 -2.4978 0.9740
2.7950 -5.4251 -2.4977 0.9740
3.1768 -5.2103 -2.4975 0.9740
3.5422 -4.9686 -2.4974 0.9740
3.7182 -4.8381 -2.4973 0.9740
3.8894 -4.7014 -2.4973 0.9740
4.3720 -4.2558 -2.4971 0.9740
4.5219 -4.0961 -2.4971 0.9740
5.0615 -3.4066 -2.4970 0.9740
5.1805 -3.2228 -2.4970 0.9740
5.2928 -3.0347 -2.4970 0.9740
5.3984 -2.8428 -2.4970 0.9740
5.4970 -2.6472 -2.4971 0.9740
5.5885 -2.4482 -2.4971 0.9740
3.7710 -0.7545 -1.5740 0.9835
3.7546 -0.6120 -1.5570 0.9837
3.6919 -0.4664 -1.5230 0.9840
3.9499 -0.2129 -1.6189 0.9830
6.1018 -0.1095 -2.4977 0.9740
6.1021 0.1096 -2.4978 0.9740
5.9857 1.1976 -2.4984 0.9740
5.8850 1.6241 -2.4986 0.9740
5.8232 1.8345 -2.4987 0.9740
5.6772 2.2478 -2.4990 0.9740
5.5931 2.4502 -2.4992 0.9740
5.5019 2.6496 -2.4993 0.9740
5.2983 3.0379 -2.4996 0.9739
4.9333 3.5843 -2.4957 0.9740
4.7989 3.7571 -2.4944 0.9740
4.6587 3.9250 -2.4932 0.9740
4.4779 4.0563 -2.4728 0.9742
4.2826 4.1688 -2.4461 0.9745
3.9021 4.3862 -2.4027 0.9749
3.7158 4.4917 -2.3858 0.9751
3.5316 4.5954 -2.3720 0.9753
3.3490 4.6976 -2.3612 0.9754
3.1687 4.8005 -2.3541 0.9754
2.9892 4.9026 -2.3501 0.9755
2.8111 5.0065 -2.3499 0.9755
2.0772 5.3873 -2.3631 0.9754
1.1228 5.8857 -2.4523 0.9744
0.9211 5.9892 -2.4801 0.9742
0.7103 6.0595 -2.4970 0.9740
0.4926 6.0848 -2.4985 0.9740
0.2741 6.1026 -2.5002 0.9739
-0.1647 6.1155 -2.5038 0.9739
-0.8216 6.0653 -2.5050 0.9739
-1.0388 6.0322 -2.5052 0.9739
-1.6816 5.8864 -2.5055 0.9739
-2.0997 5.7511 -2.5058 0.9739
-2.3049 5.6723 -2.5059 0.9739
-2.5072 5.5861 -2.5060 0.9739
-3.4649 5.0495 -2.5064 0.9739
-3.6440 4.9220 -2.5065 0.9739
-3.8184 4.7882 -2.5065 0.9739
-3.9879 4.6481 -2.5066 0.9739
-4.1523 4.5021 -2.5066 0.9739
-4.4647 4.1927 -2.5067 0.9739
-4.6124 4.0298 -2.5067 0.9739
-4.7542 3.8616 -2.5068 0.9739
-5.0190 3.5106 -2.5068 0.9739
-5.3673 2.9507 -2.5068 0.9739
-5.5651 2.5580 -2.5068 0.9739
-5.7342 2.1521 -2.5067 0.9739
-5.8077 1.9448 -2.5067 0.9739
-5.9320 1.5231 -2.5066 0.9739
-5.9827 1.3091 -2.5065 0.9739
-6.0883 0.6583 -2.5063 0.9739
-6.1078 0.4393 -2.5062 0.9739
-6.1194 0.2198 -2.5061 0.9739
-5.7497 0.0000 -2.5058 0.9752
-5.7457 -0.2064 -2.5057 0.9752
-5.7344 -0.4125 -2.5056 0.9752
-5.6896 -0.8228 -2.5054 0.9752
-5.6154 -1.2288 -2.5052 0.9752
-5.5674 -1.4295 -2.5051 0.9752
-5.2214 -2.4000 -2.5044 0.9752
-4.9322 -2.9469 -2.5040 0.9752
-4.8230 -3.1218 -2.5038 0.9752
-4.5860 -3.4594 -2.5035 0.9752
-4.4586 -3.6216 -2.5034 0.9752
-4.1868 -3.9316 -2.5031 0.9753
-3.8934 -4.2213 -2.5028 0.9753
-3.2483 -4.7339 -2.5021 0.9753
-3.0761 -4.8471 -2.5019 0.9753
-2.7200 -5.0546 -2.5016 0.9753
-2.5367 -5.1487 -2.5014 0.9753
-2.3501 -5.2361 -2.5013 0.9753
-2.1604 -5.3167 -2.5011 0.9753
-1.9681 -5.3905 -2.5010 0.9753
-1.7732 -5.4573 -2.5008 0.9753
-1.5760 -5.5171 -2.5006 0.9753
-1.3769 -5.5698 -2.5005 0.9753
-1.1760 -5.6153 -2.5003 0.9753
-0.7700 -5.6845 -2.5000 0.9753
-0.1544 -5.7333 -2.4996 0.9753
0.0515 -5.7348 -2.4994 0.9753
0.2573 -5.7290 -2.4993 0.9753
0.6676 -5.6952 -2.4990 0.9753
0.8715 -5.6672 -2.4989 0.9753
1.0744 -5.6320 -2.4988 0.9753
1.2758 -5.5896 -2.4987 0.9753
1.8690 -5.4193 -2.4983 0.9753
2.0623 -5.3485 -2.4982 0.9753
2.2529 -5.2708 -2.4981 0.9753
3.1573 -4.7831 -2.4977 0.9753
3.4921 -4.5440 -2.4976 0.9753
3.6529 -4.4156 -2.4976 0.9753
4.2470 -3.8471 -2.4974 0.9753
4.6359 -3.3682 -2.4973 0.9753
4.7538 -3.1996 -2.4973 0.9753
4.8656 -3.0269 -2.4973 0.9753
4.9711 -2.8502 -2.4973 0.9753
5.5241 -1.5246 -2.4975 0.9753
5.5754 -1.3253 -2.4976 0.9753
3.7357 -0.6089 -1.6496 0.9836
3.8825 -0.3494 -1.6989 0.9831
5.6217 1.1248 -2.4986 0.9753
5.5779 1.3259 -2.4987 0.9753
5.5270 1.5254 -2.4988 0.9753
5.2529 2.3012 -2.4993 0.9753
5.1672 2.4884 -2.4995 0.9753
5.0748 2.6724 -2.4996 0.9753
4.9759 2.8530 -2.4997 0.9753
4.8705 3.0300 -2.4999 0.9753
4.6412 3.3720 -2.5002 0.9753
4.5169 3.5363 -2.5001 0.9753
4.2479 3.8479 -2.4979 0.9753
3.9583 4.1400 -2.4963 0.9753
3.8061 4.2783 -2.4956 0.9753
3.4880 4.5386 -2.4947 0.9753
3.3224 4.6604 -2.4944 0.9753
2.9727 4.8755 -2.4886 0.9754
2.7927 4.9736 -2.4859 0.9754
2.6126 5.0712 -2.4862 0.9754
2.2500 5.2642 -2.4950 0.9753
1.8674 5.4146 -2.4962 0.9753
1.2759 5.5899 -2.4988 0.9753
0.8723 5.6723 -2.5012 0.9753
0.0516 5.7460 -2.5043 0.9752
-0.3608 5.7355 -2.5046 0.9752
-0.5665 5.7192 -2.5047 0.9752
-1.3795 5.5803 -2.5052 0.9752
-1.7765 5.4674 -2.5054 0.9752
-2.3542 5.2454 -2.5057 0.9752
-2.5411 5.1577 -2.5058 0.9752
-3.0811 4.8551 -2.5061 0.9752
-3.2535 4.7415 -2.5061 0.9752
-3.4217 4.6218 -2.5062 0.9752
-3.7446 4.3645 -2.5063 0.9752
-3.8990 4.2274 -2.5063 0.9752
-4.1923 3.9369 -2.5064 0.9752
-4.3310 3.7839 -2.5064 0.9752
-4.5914 3.4635 -2.5065 0.9752
-4.7128 3.2964 -2.5065 0.9752
-4.9372 2.9498 -2.5065 0.9752
-5.0399 2.7707 -2.5065 0.9752
-5.1360 2.5880 -2.5065 0.9752
-5.5701 1.4302 -2.5063 0.9752
-5.6177 1.2293 -2.5062 0.9752
-5.7169 0.6182 -2.5060 0.9752
-5.7352 0.4125 -2.5060 0.9752
-5.7461 0.2064 -2.5059 0.9752
-5.7497 -0.0000 -2.5058 0.9752
-5.7157 -0.6180 -2.5055 0.9752
-5.6561 -1.0264 -2.5053 0.9752
-5.3044 -2.2111 -2.5046 0.9752
-5.1315 -2.5857 -2.5043 0.9752
-5.0351 -2.7681 -2.5041 0.9752
-4.8230 -3.1218 -2.5038 0.9752
-4.4586 -3.6216 -2.5034 0.9752
-4.3255 -3.7791 -2.5032 0.9752
-4.1868 -3.9316 -2.5031 0.9753
-3.8934 -4.2213 -2.5028 0.9753
-3.7391 -4.3581 -2.5026 0.9753
-3.5800 -4.4892 -2.5024 0.9753
-3.4164 -4.6145 -2.5023 0.9753
-3.2483 -4.7339 -2.5021 0.9753
-2.8999 -4.9541 -2.5018 0.9753
-1.5760 -5.5171 -2.5006 0.9753
-1.3769 -5.5698 -2.5005 0.9753
-0.9736 -5.6535 -2.5002 0.9753
-0.3601 -5.7244 -2.4997 0.9753
-0.1544 -5.7333 -2.4996 0.9753
0.0515 -5.7348 -2.4994 0.9753
0.2573 -5.7290 -2.4993 0.9753
0.4628 -5.7157 -2.4992 0.9753
0.6676 -5.6952 -2.4990 0.9753
0.8715 -5.6672 -2.4989 0.9753
1.0744 -5.6320 -2.4988 0.9753
2.6250 -5.0952 -2.4980 0.9753
2.8061 -4.9976 -2.4979 0.9753
2.9836 -4.8935 -2.4978 0.9753
3.3269 -4.6665 -2.4977 0.9753
3.4921 -4.5440 -2.4976 0.9753
3.8090 -4.2816 -2.4975 0.9753
4.2470 -3.8471 -2.4974 0.9753
4.5120 -3.5324 -2.4974 0.9753
4.6359 -3.3681 -2.4973 0.9753
4.8656 -3.0269 -2.4973 0.9753
5.0702 -2.6700 -2.4973 0.9753
5.3280 -2.1095 -2.4974 0.9753
5.4658 -1.7218 -2.4975 0.9753
5.5241 -1.5246 -2.4975 0.9753
3.7357 -0.6089 -1.6496 0.9836
3.7777 -0.4772 -1.6595 0.9835
3.9599 -0.2135 -1.7283 0.9828
5.7238 0.3086 -2.4982 0.9753
5.6874 0.7185 -2.4984 0.9753
5.6582 0.9222 -2.4985 0.9753
5.5779 1.3259 -2.4987 0.9753
5.4690 1.7229 -2.4989 0.9753
5.2529 2.3012 -2.4993 0.9753
5.1672 2.4884 -2.4995 0.9753
4.9759 2.8530 -2.4997 0.9753
4.8705 3.0300 -2.4999 0.9753
4.6412 3.3720 -2.5002 0.9753
4.5169 3.5363 -2.5001 0.9753
4.1056 3.9965 -2.4971 0.9753
3.9583 4.1400 -2.4963 0.9753
3.8061 4.2783 -2.4956 0.9753
3.6493 4.4112 -2.4951 0.9753
3.4880 4.5386 -2.4947 0.9753
3.3224 4.6604 -2.4944 0.9753
3.1528 4.7763 -2.4942 0.9753
2.7927 4.9736 -2.4859 0.9754
2.4320 5.1684 -2.4894 0.9754
2.0601 5.3427 -2.4955 0.9753
1.8674 5.4146 -2.4962 0.9753
1.2759 5.5899 -2.4988 0.9753
0.8723 5.6723 -2.5012 0.9753
0.6685 5.7031 -2.5025 0.9753
0.2578 5.7401 -2.5042 0.9752
0.0516 5.7460 -2.5043 0.9752
-0.1547 5.7445 -2.5044 0.9752
-0.3609 5.7355 -2.5046 0.9752
-0.7715 5.6955 -2.5048 0.9752
-0.9755 5.6644 -2.5050 0.9752
-1.3795 5.5803 -2.5052 0.9752
-1.7765 5.4674 -2.5054 0.9752
-1.9717 5.4004 -2.5055 0.9752
-2.1643 5.3263 -2.5056 0.9752
-2.7247 5.0633 -2.5059 0.9752
-2.9048 4.9623 -2.5060 0.9752
-3.0811 4.8551 -2.5061 0.9752
-3.2535 4.7415 -2.5061 0.9752
-3.4217 4.6218 -2.5062 0.9752
-3.7446 4.3645 -2.5063 0.9752
-3.8990 4.2274 -2.5063 0.9752
-4.1924 3.9369 -2.5064 0.9752
-4.3310 3.7839 -2.5064 0.9752
-4.8281 3.1251 -2.5065 0.9752
-4.9372 2.9498 -2.5065 0.9752
-5.0399 2.7707 -2.5065 0.9752
-5.2256 2.4019 -2.5065 0.9752
-5.4533 1.8262 -2.5064 0.9752
-5.5153 1.6292 -2.5063 0.9752
-5.6177 1.2293 -2.5062 0.9752
-5.6581 1.0268 -2.5062 0.9752
-5.6912 0.8230 -2.5061 0.9752
-5.7352 0.4125 -2.5060 0.9752
-5.7461 0.2064 -2.5059 0.9752
-5.7457 -0.2064 -2.5057 0.9752
-5.6561 -1.0264 -2.5053 0.9752
-5.4500 -1.8250 -2.5048 0.9752
-5.3044 -2.2111 -2.5046 0.9752
-5.2213 -2.4000 -2.5044 0.9752
-5.1315 -2.5857 -2.5043 0.9752
-4.9322 -2.9469 -2.5040 0.9752
-4.8230 -3.1218 -2.5038 0.9752
-4.7075 -3.2928 -2.5037 0.9752
-4.5860 -3.4594 -2.5035 0.9752
-4.1868 -3.9316 -2.5031 0.9753
-3.8934 -4.2213 -2.5028 0.9753
-3.4163 -4.6145 -2.5023 0.9753
-3.2483 -4.7339 -2.5021 0.9753
-3.0761 -4.8471 -2.5019 0.9753
-2.5367 -5.1487 -2.5014 0.9753
-1.9681 -5.3905 -2.5010 0.9753
-1.7732 -5.4573 -2.5008 0.9753
-1.3769 -5.5698 -2.5005 0.9753
-1.1760 -5.6153 -2.5003 0.9753
-0.9736 -5.6535 -2.5002 0.9753
-0.7700 -5.6845 -2.5000 0.9753
-0.3601 -5.7244 -2.4997 0.9753
-0.1544 -5.7333 -2.4996 0.9753
0.0515 -5.7348 -2.4994 0.9753
0.4628 -5.7157 -2.4992 0.9753
0.6676 -5.6952 -2.4990 0.9753
0.8716 -5.6672 -2.4989 0.9753
1.4755 -5.5399 -2.4986 0.9753
2.0623 -5.3485 -2.4982 0.9753
2.2529 -5.2708 -2.4981 0.9753
2.6250 -5.0952 -2.4980 0.9753
2.9836 -4.8935 -2.4978 0.9753
3.1573 -4.7831 -2.4977 0.9753
3.3269 -4.6665 -2.4977 0.9753
3.6529 -4.4156 -2.4976 0.9753
3.8090 -4.2816 -2.4975 0.9753
3.9602 -4.1420 -2.4975 0.9753
4.2470 -3.8471 -2.4974 0.9753
4.7538 -3.1996 -2.4973 0.9753
4.8656 -3.0269 -2.4973 0.9753
5.1628 -2.4863 -2.4974 0.9753
5.3280 -2.1095 -2.4974 0.9753
5.4658 -1.7218 -2.4975 0.9753
5.5241 -1.5246 -2.4975 0.9753
3.7455 -0.7494 -1.6647 0.9835
3.7777 -0.4772 -1.6595 0.9835
3.8825 -0.3494 -1.6989 0.9831
3.9599 -0.2135 -1.7283 0.9828
5.7310 0.1029 -2.4981 0.9753
5.7238 0.3086 -2.4982 0.9753
5.6582 0.9222 -2.4985 0.9753
5.5779 1.3259 -2.4987 0.9753
5.1672 2.4884 -2.4995 0.9753
5.0748 2.6724 -2.4996 0.9753
4.9759 2.8530 -2.4997 0.9753
4.6412 3.3720 -2.5002 0.9753
4.5169 3.5363 -2.5001 0.9753
4.3851 3.6945 -2.4990 0.9753
4.2479 3.8479 -2.4979 0.9753
4.1056 3.9965 -2.4971 0.9753
3.6493 4.4112 -2.4951 0.9753
3.4880 4.5386 -2.4947 0.9753
3.3224 4.6604 -2.4944 0.9753
3.1528 4.7763 -2.4942 0.9753
2.9727 4.8755 -2.4886 0.9754
2.7927 4.9736 -2.4859 0.9754
2.6126 5.0712 -2.4862 0.9754
2.2500 5.2642 -2.4950 0.9753
2.0601 5.3427 -2.4955 0.9753
1.8674 5.4146 -2.4962 0.9753
1.0749 5.6346 -2.4999 0.9753
0.6685 5.7031 -2.5025 0.9753
0.4636 5.7267 -2.5040 0.9752
0.2578 5.7401 -2.5042 0.9752
-0.3609 5.7355 -2.5046 0.9752
-0.9755 5.6644 -2.5050 0.9752
-1.1783 5.6260 -2.5051 0.9752
-1.3795 5.5803 -2.5052 0.9752
-1.7765 5.4674 -2.5054 0.9752
-1.9717 5.4004 -2.5055 0.9752
-2.1643 5.3263 -2.5056 0.9752
-2.5411 5.1577 -2.5058 0.9752
-2.7247 5.0633 -2.5059 0.9752
-3.4217 4.6217 -2.5062 0.9752
-4.1924 3.9369 -2.5064 0.9752
-4.3310 3.7839 -2.5064 0.9752
-4.5914 3.4635 -2.5065 0.9752
-4.7128 3.2964 -2.5065 0.9752
-4.8281 3.1251 -2.5065 0.9752
-4.9372 2.9498 -2.5065 0.9752
-5.1360 2.5880 -2.5065 0.9752
-5.2256 2.4019 -2.5065 0.9752
-5.3084 2.2128 -2.5064 0.9752
-5.3843 2.0208 -2.5064 0.9752
-5.5153 1.6292 -2.5063 0.9752
-5.5701 1.4302 -2.5063 0.9752
-5.6177 1.2293 -2.5062 0.9752
-5.6581 1.0268 -2.5062 0.9752
-5.6912 0.8230 -2.5061 0.9752
-5.7169 0.6182 -2.5060 0.9752
-5.7461 0.2064 -2.5059 0.9752
-5.7497 0.0000 -2.5058 0.9752
-5.6896 -0.8228 -2.5054 0.9752
-5.6561 -1.0264 -2.5053 0.9752
-5.5122 -1.6283 -2.5049 0.9752
-5.3806 -2.0194 -2.5047 0.9752
-5.3044 -2.2111 -2.5046 0.9752
-5.2213 -2.4000 -2.5044 0.9752
-5.1315 -2.5857 -2.5043 0.9752
-4.9322 -2.9469 -2.5040 0.9752
-4.7075 -3.2928 -2.5037 0.9752
-4.3255 -3.7791 -2.5032 0.9752
-3.7391 -4.3581 -2.5026 0.9753
-3.0761 -4.8471 -2.5019 0.9753
-2.8999 -4.9541 -2.5018 0.9753
-2.3500 -5.2361 -2.5013 0.9753
-2.1604 -5.3167 -2.5011 0.9753
-1.9681 -5.3905 -2.5010 0.9753
-1.5760 -5.5171 -2.5006 0.9753
-1.3769 -5.5698 -2.5005 0.9753
-0.9736 -5.6535 -2.5002 0.9753
-0.7700 -5.6845 -2.5000 0.9753
-0.5654 -5.7081 -2.4999 0.9753
-0.1544 -5.7333 -2.4996 0.9753
0.0515 -5.7348 -2.4994 0.9753
0.2573 -5.7290 -2.4993 0.9753
0.6676 -5.6952 -2.4990 0.9753
1.2758 -5.5896 -2.4987 0.9753
1.6734 -5.4831 -2.4984 0.9753
2.0623 -5.3485 -2.4982 0.9753
2.6250 -5.0952 -2.4980 0.9753
3.1573 -4.7831 -2.4977 0.9753
3.3269 -4.6665 -2.4977 0.9753
3.9602 -4.1420 -2.4975 0.9753
4.1062 -3.9971 -2.4974 0.9753
4.3823 -3.6921 -2.4974 0.9753
4.6359 -3.3681 -2.4973 0.9753
4.9711 -2.8502 -2.4973 0.9753
5.2488 -2.2994 -2.4974 0.9753
5.3280 -2.1095 -2.4974 0.9753
5.4658 -1.7218 -2.4975 0.9753
5.5242 -1.5246 -2.4975 0.9753
5.7308 -0.1029 -2.4980 0.9753
5.7310 0.1029 -2.4981 0.9753
5.7238 0.3086 -2.4982 0.9753
5.6582 0.9222 -2.4985 0.9753
5.5779 1.3259 -2.4987 0.9753
5.5270 1.5254 -2.4988 0.9753
5.4690 1.7229 -2.4989 0.9753
5.4039 1.9182 -2.4991 0.9753
5.3318 2.1110 -2.4992 0.9753
5.1672 2.4884 -2.4995 0.9753
4.5169 3.5363 -2.5001 0.9753
4.2479 3.8479 -2.4979 0.9753
3.6493 4.4112 -2.4951 0.9753
3.4880 4.5386 -2.4947 0.9753
3.1528 4.7763 -2.4942 0.9753
2.7927 4.9736 -2.4859 0.9754
2.4320 5.1684 -2.4894 0.9754
1.8674 5.4146 -2.4962 0.9753
1.2759 5.5899 -2.4988 0.9753
0.8723 5.6723 -2.5012 0.9753
0.4636 5.7267 -2.5040 0.9752
0.0516 5.7460 -2.5043 0.9752
-0.5665 5.7192 -2.5047 0.9752
-0.9755 5.6644 -2.5050 0.9752
-1.3795 5.5803 -2.5052 0.9752
-1.7765 5.4674 -2.5054 0.9752
-2.1644 5.3263 -2.5056 0.9752
-2.7247 5.0633 -2.5059 0.9752
-3.0811 4.8551 -2.5061 0.9752
-3.4217 4.6217 -2.5062 0.9752
-3.5855 4.4961 -2.5062 0.9752
-3.7446 4.3645 -2.5063 0.9752
-3.8990 4.2274 -2.5063 0.9752
-4.1924 3.9369 -2.5064 0.9752
-4.5914 3.4635 -2.5065 0.9752
-4.7128 3.2964 -2.5065 0.9752
-5.1360 2.5880 -2.5065 0.9752
-5.3084 2.2128 -2.5064 0.9752
-5.3843 2.0208 -2.5064 0.9752
-5.5153 1.6292 -2.5063 0.9752
-5.5701 1.4302 -2.5063 0.9752
-5.6177 1.2293 -2.5062 0.9752
-5.6581 1.0268 -2.5062 0.9752
-5.6912 0.8230 -2.5061 0.9752
-5.7169 0.6182 -2.5060 0.9752
-5.7352 0.4125 -2.5060 0.9752
-5.7461 0.2064 -2.5059 0.9752
-5.4129 0.0000 -2.5056 0.9764
-5.4093 -0.1943 -2.5055 0.9764
-5.3986 -0.3883 -2.5054 0.9764
-5.3564 -0.7746 -2.5052 0.9764
-5.3250 -0.9663 -2.5051 0.9764
-5.2866 -1.1568 -2.5050 0.9764
-5.1895 -1.5330 -2.5048 0.9764
-5.1309 -1.7182 -2.5047 0.9764
-5.0657 -1.9012 -2.5045 0.9764
-4.8312 -2.4344 -2.5041 0.9764
-4.6436 -2.7744 -2.5039 0.9764
-4.4321 -3.1001 -2.5036 0.9764
-4.1977 -3.4097 -2.5033 0.9764
-3.9418 -3.7016 -2.5030 0.9764
-3.8062 -3.8405 -2.5029 0.9764
-3.6657 -3.9744 -2.5027 0.9765
-3.3706 -4.2267 -2.5024 0.9765
-3.2166 -4.3446 -2.5022 0.9765
-3.0583 -4.4570 -2.5021 0.9765
-2.8962 -4.5637 -2.5019 0.9765
-2.7303 -4.6644 -2.5018 0.9765
-2.5610 -4.7591 -2.5016 0.9765
-2.2127 -4.9300 -2.5013 0.9765
-2.0341 -5.0059 -2.5012 0.9765
-1.6695 -5.1383 -2.5009 0.9765
-1.4839 -5.1946 -2.5007 0.9765
-1.2964 -5.2442 -2.5006 0.9765
-0.7250 -5.3523 -2.5001 0.9765
-0.5324 -5.3746 -2.5000 0.9765
-0.3391 -5.3899 -2.4999 0.9765
-0.1454 -5.3983 -2.4997 0.9765
0.4357 -5.3819 -2.4993 0.9765
0.6286 -5.3625 -2.4992 0.9765
0.8206 -5.3362 -2.4991 0.9765
1.3894 -5.2164 -2.4988 0.9765
1.7599 -5.1028 -2.4986 0.9765
1.9419 -5.0362 -2.4985 0.9765
2.1213 -4.9630 -2.4984 0.9765
2.2980 -4.8835 -2.4983 0.9765
2.4718 -4.7977 -2.4982 0.9765
2.6423 -4.7058 -2.4981 0.9765
2.8094 -4.6078 -2.4981 0.9765
2.9729 -4.5038 -2.4980 0.9765
3.1326 -4.3941 -2.4979 0.9765
3.2883 -4.2787 -2.4979 0.9765
3.4397 -4.1578 -2.4978 0.9765
3.5866 -4.0316 -2.4978 0.9765
3.8665 -3.7638 -2.4977 0.9765
3.9991 -3.6225 -2.4977 0.9765
4.3652 -3.1715 -2.4976 0.9765
4.5815 -2.8502 -2.4976 0.9765
4.6809 -2.6839 -2.4976 0.9765
4.9424 -2.1651 -2.4976 0.9765
5.0170 -1.9863 -2.4977 0.9765
5.2016 -1.4356 -2.4978 0.9765
3.7436 -0.6102 -1.7557 0.9834
5.3962 -0.0969 -2.4982 0.9765
5.3964 0.0969 -2.4983 0.9765
5.3896 0.2905 -2.4984 0.9765
5.3553 0.6765 -2.4986 0.9765
5.3277 0.8684 -2.4987 0.9765
5.2521 1.2485 -2.4989 0.9765
4.8653 2.3430 -2.4996 0.9765
4.6851 2.6863 -2.4999 0.9765
4.5859 2.8529 -2.5000 0.9765
4.4808 3.0159 -2.5002 0.9765
4.0040 3.6270 -2.5007 0.9765
3.8715 3.7686 -2.5009 0.9765
3.7339 3.9054 -2.5010 0.9765
3.2912 4.2825 -2.5001 0.9765
3.1350 4.3974 -2.4998 0.9765
2.9749 4.5068 -2.4996 0.9765
2.6439 4.7086 -2.4996 0.9765
2.1231 4.9671 -2.5004 0.9765
1.9438 5.0412 -2.5009 0.9765
1.3918 5.2254 -2.5031 0.9764
1.2034 5.2725 -2.5033 0.9764
1.0134 5.3126 -2.5035 0.9764
0.6297 5.3722 -2.5038 0.9764
-0.1457 5.4082 -2.5043 0.9764
-0.3397 5.3998 -2.5044 0.9764
-0.9184 5.3328 -2.5048 0.9764
-1.1093 5.2966 -2.5049 0.9764
-1.6725 5.1473 -2.5052 0.9764
-1.8562 5.0842 -2.5053 0.9764
-2.7347 4.6718 -2.5057 0.9764
-3.0630 4.4638 -2.5059 0.9764
-3.2213 4.3511 -2.5059 0.9764
-3.3755 4.2327 -2.5060 0.9764
-3.5253 4.1089 -2.5060 0.9764
-3.6706 3.9798 -2.5061 0.9764
-4.2026 3.4136 -2.5062 0.9764
-4.4367 3.1033 -2.5062 0.9764
-4.6480 2.7770 -2.5062 0.9764
-4.7446 2.6084 -2.5062 0.9764
-4.8352 2.4364 -2.5062 0.9764
-4.9195 2.2612 -2.5062 0.9764
-4.9974 2.0832 -2.5062 0.9764
-5.0690 1.9024 -2.5061 0.9764
-5.1339 1.7192 -2.5061 0.9764
-5.1922 1.5338 -2.5061 0.9764
-5.2887 1.1573 -2.5060 0.9764
-5.3821 0.5820 -2.5058 0.9764
-5.3993 0.3884 -2.5057 0.9764
-5.4096 0.1943 -2.5057 0.9764
-5.4093 -0.1943 -2.5055 0.9764
-5.3810 -0.5819 -2.5053 0.9764
-5.3564 -0.7746 -2.5052 0.9764
-5.1895 -1.5330 -2.5048 0.9764
-5.1309 -1.7182 -2.5047 0.9764
-5.0657 -1.9012 -2.5045 0.9764
-4.7404 -2.6061 -2.5040 0.9764
-3.8062 -3.8405 -2.5029 0.9764
-3.6656 -3.9744 -2.5027 0.9765
-3.5204 -4.1032 -2.5025 0.9765
-3.0583 -4.4570 -2.5021 0.9765
-2.5610 -4.7591 -2.5016 0.9765
-2.3884 -4.8477 -2.5015 0.9765
-2.0341 -5.0059 -2.5012 0.9765
-1.8530 -5.0754 -2.5010 0.9765
-1.6695 -5.1383 -2.5009 0.9765
-1.4839 -5.1946 -2.5007 0.9765
-1.2964 -5.2442 -2.5006 0.9765
-1.1073 -5.2871 -2.5004 0.9765
-0.7250 -5.3523 -2.5001 0.9765
0.0485 -5.3998 -2.4996 0.9765
0.2423 -5.3943 -2.4995 0.9765
0.4357 -5.3819 -2.4993 0.9765
0.8206 -5.3362 -2.4991 0.9765
1.2013 -5.2631 -2.4989 0.9765
1.3894 -5.2164 -2.4988 0.9765
1.5756 -5.1629 -2.4987 0.9765
1.7599 -5.1028 -2.4986 0.9765
2.1213 -4.9630 -2.4984 0.9765
2.2980 -4.8835 -2.4983 0.9765
2.4718 -4.7977 -2.4982 0.9765
2.6423 -4.7058 -2.4981 0.9765
2.8094 -4.6078 -2.4981 0.9765
3.1326 -4.3941 -2.4979 0.9765
3.4397 -4.1578 -2.4978 0.9765
3.7290 -3.9002 -2.4977 0.9765
4.1265 -3.4766 -2.4976 0.9765
4.2486 -3.3262 -2.4976 0.9765
4.3652 -3.1715 -2.4976 0.9765
4.5815 -2.8502 -2.4976 0.9765
5.0170 -1.9864 -2.4977 0.9765
5.0851 -1.8050 -2.4977 0.9765
5.1467 -1.6213 -2.4977 0.9765
5.2499 -1.2479 -2.4978 0.9765
3.8282 -0.7659 -1.8071 0.9829
3.7797 -0.4775 -1.7635 0.9833
3.8881 -0.3499 -1.8070 0.9829
3.9838 -0.2148 -1.8467 0.9826
5.3896 0.2906 -2.4984 0.9765
5.2521 1.2485 -2.4989 0.9765
5.2042 1.4363 -2.4990 0.9765
5.0882 1.8061 -2.4992 0.9765
5.0203 1.9877 -2.4994 0.9765
4.9460 2.1667 -2.4995 0.9765
4.8653 2.3430 -2.4996 0.9765
4.7783 2.5163 -2.4997 0.9765
4.6851 2.6863 -2.4999 0.9765
4.2534 3.3300 -2.5004 0.9765
4.0040 3.6270 -2.5007 0.9765
3.8715 3.7686 -2.5009 0.9765
3.7339 3.9054 -2.5010 0.9765
3.4434 4.1623 -2.5005 0.9765
2.9749 4.5068 -2.4996 0.9765
2.6439 4.7086 -2.4996 0.9765
2.4733 4.8008 -2.4998 0.9765
2.2996 4.8870 -2.5000 0.9765
1.9438 5.0412 -2.5009 0.9765
1.5779 5.1704 -2.5023 0.9765
1.2034 5.2725 -2.5033 0.9764
-0.1457 5.4082 -2.5043 0.9764
-0.3397 5.3998 -2.5044 0.9764
-0.5334 5.3844 -2.5045 0.9764
-0.9184 5.3328 -2.5048 0.9764
-1.1093 5.2966 -2.5049 0.9764
-1.2987 5.2536 -2.5050 0.9764
-1.4866 5.2038 -2.5051 0.9764
-1.6725 5.1473 -2.5052 0.9764
-1.8562 5.0842 -2.5053 0.9764
-2.5651 4.7668 -2.5057 0.9764
-2.9007 4.5707 -2.5058 0.9764
-3.3755 4.2327 -2.5060 0.9764
-3.5253 4.1089 -2.5060 0.9764
-3.6706 3.9798 -2.5061 0.9764
-3.8111 3.8455 -2.5061 0.9764
-3.9468 3.7063 -2.5061 0.9764
-4.2026 3.4136 -2.5062 0.9764
-4.3225 3.2606 -2.5062 0.9764
-4.4367 3.1033 -2.5062 0.9764
-4.5453 2.9421 -2.5062 0.9764
-4.6480 2.7770 -2.5062 0.9764
-4.8352 2.4364 -2.5062 0.9764
-4.9974 2.0832 -2.5062 0.9764
-5.0690 1.9024 -2.5061 0.9764
-5.2887 1.1573 -2.5060 0.9764
-5.3993 0.3884 -2.5057 0.9764
-5.4093 -0.1943 -2.5055 0.9764
-5.3564 -0.7746 -2.5052 0.9764
-5.3250 -0.9663 -2.5051 0.9764
-5.2866 -1.1568 -2.5050 0.9764
-5.2415 -1.3458 -2.5049 0.9764
-5.1895 -1.5330 -2.5048 0.9764
-5.1309 -1.7182 -2.5047 0.9764
-5.0657 -1.9012 -2.5045 0.9764
-4.9157 -2.2595 -2.5043 0.9764
-4.6436 -2.7744 -2.5039 0.9764
-4.3177 -3.2570 -2.5034 0.9764
-3.9418 -3.7016 -2.5030 0.9764
-3.6656 -3.9744 -2.5027 0.9765
-3.5204 -4.1032 -2.5025 0.9765
-3.2165 -4.3447 -2.5022 0.9765
-3.0583 -4.4570 -2.5021 0.9765
-2.8962 -4.5637 -2.5019 0.9765
-2.7303 -4.6644 -2.5018 0.9765
-2.3883 -4.8477 -2.5015 0.9765
-2.2127 -4.9300 -2.5013 0.9765
-1.8530 -5.0754 -2.5010 0.9765
-0.7250 -5.3523 -2.5001 0.9765
-0.3391 -5.3899 -2.4999 0.9765
0.0485 -5.3998 -2.4996 0.9765
1.2013 -5.2631 -2.4989 0.9765
1.5757 -5.1629 -2.4987 0.9765
1.7599 -5.1028 -2.4986 0.9765
1.9419 -5.0362 -2.4985 0.9765
2.4718 -4.7977 -2.4982 0.9765
2.6423 -4.7058 -2.4981 0.9765
2.9729 -4.5038 -2.4980 0.9765
3.1326 -4.3941 -2.4979 0.9765
3.7290 -3.9002 -2.4977 0.9765
3.9991 -3.6225 -2.4977 0.9765
4.2486 -3.3262 -2.4976 0.9765
4.3653 -3.1715 -2.4976 0.9765
4.4763 -3.0128 -2.4976 0.9765
4.5815 -2.8502 -2.4976 0.9765
4.6809 -2.6839 -2.4976 0.9765
4.7742 -2.5141 -2.4976 0.9765
4.8614 -2.3411 -2.4976 0.9765
3.7436 -0.6102 -1.7557 0.9834
3.9838 -0.2148 -1.8467 0.9826
5.3964 0.0969 -2.4983 0.9765
5.3759 0.4838 -2.4985 0.9765
5.3553 0.6765 -2.4986 0.9765
5.2933 1.0591 -2.4988 0.9765
5.2042 1.4363 -2.4990 0.9765
5.1495 1.6222 -2.4991 0.9765
5.0882 1.8061 -2.4992 0.9765
5.0203 1.9877 -2.4994 0.9765
4.8653 2.3430 -2.4996 0.9765
4.7783 2.5163 -2.4997 0.9765
4.6851 2.6863 -2.4999 0.9765
4.5859 2.8529 -2.5000 0.9765
4.2534 3.3300 -2.5004 0.9765
3.5913 4.0368 -2.5010 0.9765
3.2912 4.2825 -2.5001 0.9765
2.8111 4.6106 -2.4996 0.9765
2.4733 4.8008 -2.4998 0.9765
1.9438 5.0412 -2.5009 0.9765
1.5779 5.1704 -2.5023 0.9765
1.3918 5.2254 -2.5031 0.9764
1.0134 5.3126 -2.5035 0.9764
0.6297 5.3722 -2.5038 0.9764
0.4365 5.3917 -2.5039 0.9764
0.0486 5.4097 -2.5042 0.9764
-0.3397 5.3998 -2.5044 0.9764
-0.7263 5.3620 -2.5047 0.9764
-0.9184 5.3328 -2.5048 0.9764
-1.6725 5.1473 -2.5052 0.9764
-1.8562 5.0842 -2.5053 0.9764
-2.2164 4.9382 -2.5055 0.9764
-2.5651 4.7668 -2.5057 0.9764
-2.7347 4.6718 -2.5057 0.9764
-3.0630 4.4638 -2.5059 0.9764
-3.3755 4.2327 -2.5060 0.9764
-3.5253 4.1089 -2.5060 0.9764
-3.6706 3.9798 -2.5061 0.9764
-4.3225 3.2606 -2.5062 0.9764
-4.4367 3.1033 -2.5062 0.9764
-4.5453 2.9421 -2.5062 0.9764
-4.9195 2.2612 -2.5062 0.9764
-4.9974 2.0832 -2.5062 0.9764
-5.1339 1.7192 -2.5061 0.9764
-5.2438 1.3464 -2.5060 0.9764
-5.3267 0.9666 -2.5059 0.9764
-5.3578 0.7748 -2.5059 0.9764
-5.4096 0.1943 -2.5057 0.9764
-5.4129 0.0000 -2.5056 0.9764
-5.3810 -0.5819 -2.5053 0.9764
-5.3564 -0.7746 -2.5052 0.9764
-5.3250 -0.9663 -2.5051 0.9764
-5.2415 -1.3458 -2.5049 0.9764
-4.9939 -2.0817 -2.5044 0.9764
-4.8312 -2.4344 -2.5041 0.9764
-4.7404 -2.6061 -2.5040 0.9764
-4.5408 -2.9392 -2.5037 0.9764
-4.3177 -3.2570 -2.5034 0.9764
-4.1977 -3.4097 -2.5033 0.9764
-3.3706 -4.2267 -2.5024 0.9765
-3.0583 -4.4570 -2.5021 0.9765
-2.8962 -4.5637 -2.5019 0.9765
-2.7303 -4.6644 -2.5018 0.9765
-2.5610 -4.7591 -2.5016 0.9765
-2.2127 -4.9300 -2.5013 0.9765
-1.8530 -5.0754 -2.5010 0.9765
-1.4839 -5.1946 -2.5007 0.9765
-1.2964 -5.2443 -2.5006 0.9765
-0.9167 -5.3231 -2.5003 0.9765
-0.7250 -5.3523 -2.5001 0.9765
-0.3391 -5.3899 -2.4999 0.9765
-0.1454 -5.3983 -2.4997 0.9765
0.6286 -5.3625 -2.4992 0.9765
0.8206 -5.3362 -2.4991 0.9765
1.0116 -5.3031 -2.4990 0.9765
1.2013 -5.2631 -2.4989 0.9765
1.3894 -5.2164 -2.4988 0.9765
1.5756 -5.1629 -2.4987 0.9765
1.7599 -5.1028 -2.4986 0.9765
1.9419 -5.0362 -2.4985 0.9765
2.2980 -4.8835 -2.4983 0.9765
2.4718 -4.7977 -2.4982 0.9765
2.6423 -4.7058 -2.4981 0.9765
2.9729 -4.5038 -2.4980 0.9765
3.1326 -4.3941 -2.4979 0.9765
3.2883 -4.2787 -2.4979 0.9765
3.4397 -4.1578 -2.4978 0.9765
3.5866 -4.0316 -2.4978 0.9765
3.8665 -3.7638 -2.4977 0.9765
4.1265 -3.4766 -2.4976 0.9765
4.2486 -3.3262 -2.4976 0.9765
4.3653 -3.1715 -2.4976 0.9765
4.4763 -3.0128 -2.4976 0.9765
4.5815 -2.8502 -2.4976 0.9765
4.6809 -2.6839 -2.4976 0.9765
4.7742 -2.5141 -2.4976 0.9765
5.0170 -1.9864 -2.4977 0.9765
5.1467 -1.6213 -2.4977 0.9765
5.2016 -1.4355 -2.4978 0.9765
5.2499 -1.2479 -2.4978 0.9765
3.8282 -0.7659 -1.8071 0.9829
3.7797 -0.4775 -1.7635 0.9833
3.9838 -0.2148 -1.8467 0.9826
5.3962 -0.0969 -2.4982 0.9765
5.3896 0.2906 -2.4984 0.9765
5.3553 0.6765 -2.4986 0.9765
5.3277 0.8684 -2.4987 0.9765
5.2933 1.0591 -2.4988 0.9765
5.2042 1.4363 -2.4990 0.9765
5.1495 1.6222 -2.4991 0.9765
5.0882 1.8061 -2.4992 0.9765
4.9460 2.1667 -2.4995 0.9765
4.4808 3.0159 -2.5002 0.9765
4.3699 3.1750 -2.5003 0.9765
4.0040 3.6270 -2.5007 0.9765
3.7339 3.9054 -2.5010 0.9765
2.6439 4.7086 -2.4996 0.9765
2.2996 4.8870 -2.5000 0.9765
2.1231 4.9671 -2.5004 0.9765
1.2034 5.2725 -2.5033 0.9764
1.0134 5.3126 -2.5035 0.9764
0.8221 5.3459 -2.5036 0.9764
0.6297 5.3722 -2.5038 0.9764
0.2427 5.4042 -2.5040 0.9764
-1.8562 5.0841 -2.5053 0.9764
-2.3923 4.8556 -2.5056 0.9764
-2.9007 4.5707 -2.5058 0.9764
-3.9468 3.7063 -2.5061 0.9764
-4.2026 3.4136 -2.5062 0.9764
-4.3225 3.2606 -2.5062 0.9764
-4.4367 3.1033 -2.5062 0.9764
-4.5453 2.9421 -2.5062 0.9764
-5.2438 1.3464 -2.5060 0.9764
-5.2887 1.1573 -2.5060 0.9764
-5.3578 0.7748 -2.5059 0.9764
-5.3821 0.5820 -2.5058 0.9764
-5.4096 0.1943 -2.5057 0.9764
-5.1075 0.0000 -2.5054 0.9775
-5.1041 -0.1833 -2.5053 0.9775
-5.0774 -0.5490 -2.5051 0.9775
-5.0246 -0.9118 -2.5049 0.9775
-4.9458 -1.2699 -2.5047 0.9775
-4.8415 -1.6213 -2.5045 0.9775
-4.7800 -1.7940 -2.5044 0.9775
-4.7123 -1.9643 -2.5043 0.9775
-4.6385 -2.1321 -2.5041 0.9775
-4.5588 -2.2971 -2.5040 0.9775
-4.4731 -2.4591 -2.5039 0.9775
-4.2847 -2.7734 -2.5036 0.9775
-4.0743 -3.0734 -2.5034 0.9775
-3.7196 -3.4930 -2.5029 0.9775
-3.5916 -3.6240 -2.5028 0.9775
-3.4590 -3.7504 -2.5027 0.9775
-2.8860 -4.2059 -2.5021 0.9775
-2.5765 -4.4016 -2.5018 0.9775
-2.4167 -4.4910 -2.5016 0.9775
-2.0880 -4.6523 -2.5013 0.9775
-1.9196 -4.7239 -2.5012 0.9775
-1.7487 -4.7895 -2.5011 0.9775
-1.0449 -4.9894 -2.5005 0.9775
-0.8651 -5.0234 -2.5004 0.9775
-0.6842 -5.0509 -2.5002 0.9775
-0.5024 -5.0720 -2.5001 0.9775
-0.3200 -5.0865 -2.5000 0.9775
-0.1372 -5.0944 -2.4998 0.9776
0.0457 -5.0958 -2.4997 0.9776
0.4112 -5.0789 -2.4995 0.9776
0.7745 -5.0359 -2.4992 0.9776
0.9547 -5.0046 -2.4991 0.9776
1.3112 -4.9228 -2.4989 0.9776
1.8326 -4.7528 -2.4987 0.9776
2.0019 -4.6838 -2.4986 0.9776
2.1687 -4.6087 -2.4985 0.9776
2.3327 -4.5278 -2.4984 0.9776
2.4936 -4.4410 -2.4983 0.9776
2.9564 -4.1469 -2.4981 0.9776
3.1033 -4.0380 -2.4981 0.9776
3.2462 -3.9239 -2.4980 0.9776
3.5192 -3.6808 -2.4980 0.9776
3.7741 -3.4187 -2.4979 0.9776
4.0096 -3.1391 -2.4979 0.9776
4.1197 -2.9931 -2.4978 0.9776
4.3238 -2.6898 -2.4978 0.9776
4.5879 -2.2094 -2.4979 0.9776
4.7347 -1.8746 -2.4979 0.9776
4.7990 -1.7035 -2.4979 0.9776
4.9090 -1.3548 -2.4980 0.9776
4.9546 -1.1777 -2.4981 0.9776
3.8601 -0.7723 -1.9310 0.9826
3.7525 -0.6116 -1.8650 0.9832
3.7823 -0.4778 -1.8701 0.9832
3.8947 -0.3505 -1.9182 0.9827
5.0926 -0.0914 -2.4984 0.9776
5.0863 0.2742 -2.4986 0.9776
5.0734 0.4566 -2.4987 0.9776
5.0539 0.6385 -2.4988 0.9776
5.0279 0.8195 -2.4988 0.9776
4.9954 0.9995 -2.4989 0.9776
4.7377 1.8758 -2.4995 0.9776
4.6676 2.0448 -2.4996 0.9776
4.4214 2.5351 -2.5000 0.9775
4.3277 2.6923 -2.5001 0.9775
4.2285 2.8460 -2.5003 0.9775
4.1239 2.9962 -2.5004 0.9775
3.8987 3.2847 -2.5007 0.9775
3.7785 3.4227 -2.5008 0.9775
3.6534 3.5563 -2.5009 0.9775
3.3892 3.8097 -2.5012 0.9775
3.2505 3.9292 -2.5014 0.9775
2.9605 4.1527 -2.5017 0.9775
2.8097 4.2566 -2.5018 0.9775
2.4974 4.4477 -2.5021 0.9775
1.3134 4.9310 -2.5031 0.9775
1.1356 4.9753 -2.5032 0.9775
0.9563 5.0131 -2.5034 0.9775
0.7758 5.0445 -2.5035 0.9775
0.5942 5.0693 -2.5037 0.9775
0.4119 5.0877 -2.5038 0.9775
0.2290 5.0994 -2.5039 0.9775
-0.8666 5.0320 -2.5046 0.9775
-1.9226 4.7315 -2.5052 0.9775
-2.0913 4.6596 -2.5053 0.9775
-2.4204 4.4978 -2.5055 0.9775
-2.5803 4.4082 -2.5055 0.9775
-2.7370 4.3128 -2.5056 0.9775
-2.8901 4.2119 -2.5056 0.9775
-3.0395 4.1055 -2.5057 0.9775
-3.1850 3.9939 -2.5058 0.9775
-4.4769 2.4612 -2.5060 0.9775
-4.5623 2.2989 -2.5060 0.9775
-4.6419 2.1336 -2.5060 0.9775
-4.7154 1.9656 -2.5059 0.9775
-4.8442 1.6222 -2.5059 0.9775
-4.8992 1.4472 -2.5058 0.9775
-4.9479 1.2704 -2.5058 0.9775
-4.9902 1.0920 -2.5057 0.9775
-5.0261 0.9121 -2.5057 0.9775
-5.0947 0.3665 -2.5055 0.9775
-5.1075 -0.0000 -2.5054 0.9775
-5.0774 -0.5490 -2.5051 0.9775
-5.0543 -0.7309 -2.5050 0.9775
-4.9884 -1.0916 -2.5048 0.9775
-4.9458 -1.2699 -2.5047 0.9775
-4.8968 -1.4465 -2.5046 0.9775
-4.6385 -2.1321 -2.5041 0.9775
-4.4731 -2.4591 -2.5039 0.9775
-4.3817 -2.6180 -2.5038 0.9775
-4.2847 -2.7734 -2.5036 0.9775
-3.8428 -3.3574 -2.5031 0.9775
-3.7196 -3.4930 -2.5029 0.9775
-3.5916 -3.6240 -2.5028 0.9775
-3.4590 -3.7504 -2.5027 0.9775
-3.3220 -3.8719 -2.5025 0.9775
-3.1807 -3.9885 -2.5024 0.9775
-3.0353 -4.0998 -2.5022 0.9775
-2.5765 -4.4016 -2.5018 0.9775
-2.4167 -4.4910 -2.5016 0.9775
-1.9196 -4.7239 -2.5012 0.9775
-1.7487 -4.7895 -2.5011 0.9775
-1.5755 -4.8489 -2.5009 0.9775
-1.4004 -4.9021 -2.5008 0.9775
-1.2234 -4.9489 -2.5006 0.9775
-0.8651 -5.0234 -2.5004 0.9775
-0.5024 -5.0720 -2.5001 0.9775
0.2286 -5.0906 -2.4996 0.9776
0.4112 -5.0789 -2.4995 0.9776
0.5932 -5.0606 -2.4994 0.9776
1.1337 -4.9669 -2.4990 0.9776
1.6609 -4.8157 -2.4987 0.9776
1.8326 -4.7528 -2.4987 0.9776
2.0019 -4.6838 -2.4986 0.9776
2.3327 -4.5278 -2.4984 0.9776
2.4936 -4.4410 -2.4983 0.9776
2.6514 -4.3485 -2.4983 0.9776
2.8057 -4.2504 -2.4982 0.9776
2.9564 -4.1469 -2.4981 0.9776
3.6490 -3.5520 -2.4979 0.9776
3.8944 -3.2810 -2.4979 0.9776
4.1197 -2.9931 -2.4978 0.9776
4.3238 -2.6898 -2.4978 0.9776
4.5057 -2.3727 -2.4978 0.9776
4.7347 -1.8746 -2.4979 0.9776
4.7990 -1.7035 -2.4979 0.9776
4.8571 -1.5301 -2.4980 0.9776
4.9090 -1.3548 -2.4980 0.9776
4.9546 -1.1777 -2.4981 0.9776
3.7823 -0.4778 -1.8701 0.9832
5.0927 0.0914 -2.4985 0.9776
4.8597 1.5309 -2.4993 0.9776
4.6676 2.0448 -2.4996 0.9776
4.0139 3.1424 -2.5005 0.9775
3.8987 3.2847 -2.5007 0.9775
3.7785 3.4227 -2.5008 0.9775
2.6553 4.3549 -2.5020 0.9775
2.4974 4.4477 -2.5021 0.9775
2.1721 4.6160 -2.5024 0.9775
2.0051 4.6912 -2.5025 0.9775
1.3134 4.9310 -2.5031 0.9775
1.1356 4.9753 -2.5032 0.9775
0.9563 5.0131 -2.5034 0.9775
0.7758 5.0445 -2.5035 0.9775
0.0458 5.1046 -2.5040 0.9775
-0.6854 5.0596 -2.5045 0.9775
-0.8666 5.0320 -2.5046 0.9775
-1.2255 4.9572 -2.5048 0.9775
-1.9226 4.7315 -2.5052 0.9775
-2.5804 4.4082 -2.5055 0.9775
-3.1850 3.9939 -2.5058 0.9775
-3.3264 3.8770 -2.5058 0.9775
-3.5961 3.6285 -2.5059 0.9775
-3.8472 3.3612 -2.5059 0.9775
-3.9654 3.2210 -2.5060 0.9775
-4.0785 3.0766 -2.5060 0.9775
-4.3856 2.6203 -2.5060 0.9775
-4.5623 2.2989 -2.5060 0.9775
-4.6419 2.1336 -2.5060 0.9775
-4.8442 1.6222 -2.5059 0.9775
-4.8992 1.4472 -2.5058 0.9775
-4.9902 1.0920 -2.5057 0.9775
-5.0947 0.3665 -2.5055 0.9775
-5.1075 -0.0000 -2.5054 0.9775
-4.9884 -1.0916 -2.5048 0.9775
-4.9458 -1.2699 -2.5047 0.9775
-4.8415 -1.6213 -2.5045 0.9775
-4.7800 -1.7940 -2.5044 0.9775
-4.7123 -1.9643 -2.5043 0.9775
-4.6385 -2.1321 -2.5041 0.9775
-4.5588 -2.2971 -2.5040 0.9775
-4.4731 -2.4591 -2.5039 0.9775
-3.9611 -3.2175 -2.5032 0.9775
-3.8428 -3.3574 -2.5031 0.9775
-3.7196 -3.4930 -2.5029 0.9775
-3.5916 -3.6240 -2.5028 0.9775
-3.4590 -3.7504 -2.5027 0.9775
-2.8860 -4.2059 -2.5021 0.9775
-2.5765 -4.4016 -2.5018 0.9775
-2.4167 -4.4910 -2.5016 0.9775
-2.2538 -4.5746 -2.5015 0.9775
-2.0880 -4.6523 -2.5013 0.9775
-1.9196 -4.7239 -2.5012 0.9775
-1.5755 -4.8489 -2.5009 0.9775
-1.0449 -4.9894 -2.5005 0.9775
-0.8651 -5.0234 -2.5004 0.9775
-0.6842 -5.0509 -2.5002 0.9775
-0.3200 -5.0865 -2.5000 0.9775
0.0457 -5.0958 -2.4997 0.9776
0.2286 -5.0906 -2.4996 0.9776
0.5932 -5.0606 -2.4994 0.9776
0.9547 -5.0046 -2.4991 0.9776
1.1337 -4.9669 -2.4990 0.9776
1.3112 -4.9228 -2.4989 0.9776
1.6609 -4.8157 -2.4987 0.9776
2.3327 -4.5278 -2.4984 0.9776
2.4936 -4.4410 -2.4983 0.9776
3.2462 -3.9239 -2.4980 0.9776
3.7741 -3.4187 -2.4979 0.9776
3.8944 -3.2810 -2.4979 0.9776
4.1197 -2.9931 -2.4978 0.9776
4.2245 -2.8433 -2.4978 0.9776
4.3238 -2.6898 -2.4978 0.9776
4.4176 -2.5329 -2.4978 0.9776
4.5879 -2.2094 -2.4979 0.9776
4.7347 -1.8746 -2.4979 0.9776
4.7990 -1.7035 -2.4979 0.9776
4.8571 -1.5301 -2.4980 0.9776
4.9090 -1.3548 -2.4980 0.9776
4.9546 -1.1777 -2.4981 0.9776
3.8601 -0.7723 -1.9310 0.9826
3.7823 -0.4778 -1.8701 0.9832
4.0162 -0.2165 -1.9729 0.9822
5.0863 0.2742 -2.4986 0.9776
5.0539 0.6385 -2.4988 0.9776
5.0279 0.8195 -2.4988 0.9776
4.9954 0.9995 -2.4989 0.9776
4.9566 1.1782 -2.4991 0.9776
4.9113 1.3554 -2.4992 0.9776
4.8597 1.5309 -2.4993 0.9776
4.8018 1.7045 -2.4994 0.9776
4.7377 1.8758 -2.4995 0.9776
4.6676 2.0448 -2.4996 0.9776
4.4214 2.5351 -2.5000 0.9775
4.2285 2.8461 -2.5003 0.9775
4.0139 3.1424 -2.5005 0.9775
3.8987 3.2847 -2.5007 0.9775
3.5236 3.6854 -2.5011 0.9775
3.3892 3.8097 -2.5012 0.9775
3.1075 4.0435 -2.5015 0.9775
2.8097 4.2566 -2.5018 0.9775
2.4974 4.4477 -2.5021 0.9775
2.3363 4.5348 -2.5022 0.9775
2.1721 4.6160 -2.5024 0.9775
1.6636 4.8235 -2.5028 0.9775
1.4894 4.8804 -2.5030 0.9775
1.3134 4.9310 -2.5031 0.9775
0.9563 5.0131 -2.5034 0.9775
0.7758 5.0445 -2.5035 0.9775
0.4119 5.0877 -2.5038 0.9775
0.2290 5.0994 -2.5039 0.9775
0.0458 5.1046 -2.5040 0.9775
-0.1375 5.1032 -2.5042 0.9775
-0.5033 5.0807 -2.5044 0.9775
-1.0467 4.9978 -2.5047 0.9775
-1.4027 4.9102 -2.5049 0.9775
-1.5781 4.8569 -2.5050 0.9775
-1.9226 4.7315 -2.5052 0.9775
-2.2573 4.5817 -2.5054 0.9775
-2.4204 4.4978 -2.5055 0.9775
-2.5804 4.4082 -2.5055 0.9775
-2.7370 4.3128 -2.5056 0.9775
-3.0395 4.1055 -2.5057 0.9775
-3.4635 3.7552 -2.5058 0.9775
-3.7240 3.4971 -2.5059 0.9775
-4.3856 2.6203 -2.5060 0.9775
-4.5623 2.2989 -2.5060 0.9775
-4.6419 2.1336 -2.5060 0.9775
-4.7829 1.7950 -2.5059 0.9775
-4.8992 1.4472 -2.5058 0.9775
-4.9479 1.2704 -2.5058 0.9775
-5.0261 0.9121 -2.5057 0.9775
-5.0784 0.5491 -2.5056 0.9775
-5.1041 -0.1833 -2.5053 0.9775
-5.0940 -0.3664 -2.5052 0.9775
-5.0774 -0.5490 -2.5051 0.9775
-5.0246 -0.9118 -2.5049 0.9775
-4.9884 -1.0916 -2.5048 0.9775
-4.9458 -1.2699 -2.5047 0.9775
-4.8968 -1.4465 -2.5046 0.9775
-4.7800 -1.7940 -2.5044 0.9775
-4.6385 -2.1321 -2.5041 0.9775
-4.5588 -2.2971 -2.5040 0.9775
-4.4731 -2.4591 -2.5039 0.9775
-3.9611 -3.2175 -2.5032 0.9775
-3.8428 -3.3574 -2.5031 0.9775
-3.7196 -3.4930 -2.5029 0.9775
-3.0353 -4.0998 -2.5022 0.9775
-2.8860 -4.2059 -2.5021 0.9775
-2.7330 -4.3065 -2.5019 0.9775
-2.4167 -4.4910 -2.5016 0.9775
-1.9196 -4.7239 -2.5012 0.9775
-1.7487 -4.7895 -2.5011 0.9775
-1.2234 -4.9489 -2.5006 0.9775
-0.6842 -5.0509 -2.5002 0.9775
-0.5024 -5.0720 -2.5001 0.9775
-0.3200 -5.0865 -2.5000 0.9775
0.2286 -5.0906 -2.4996 0.9776
1.3112 -4.9228 -2.4989 0.9776
1.4870 -4.8724 -2.4988 0.9776
1.6609 -4.8157 -2.4987 0.9776
2.3327 -4.5278 -2.4984 0.9776
2.8057 -4.2504 -2.4982 0.9776
2.9564 -4.1469 -2.4981 0.9776
3.3849 -3.8048 -2.4980 0.9776
3.6490 -3.5520 -2.4979 0.9776
3.7741 -3.4187 -2.4979 0.9776
4.0096 -3.1391 -2.4979 0.9776
4.5879 -2.2094 -2.4979 0.9776
4.6643 -2.0433 -2.4979 0.9776
4.7347 -1.8746 -2.4979 0.9776
4.7990 -1.7035 -2.4979 0.9776
4.8571 -1.5301 -2.4980 0.9776
4.9090 -1.3548 -2.4980 0.9776
3.8601 -0.7723 -1.9310 0.9826
3.7525 -0.6116 -1.8650 0.9832
3.8947 -0.3505 -1.9182 0.9827
4.0162 -0.2165 -1.9729 0.9822
5.0926 -0.0914 -2.4984 0.9776
5.0539 0.6385 -2.4988 0.9776
5.0279 0.8195 -2.4988 0.9776
4.9954 0.9995 -2.4989 0.9776
4.9566 1.1782 -2.4991 0.9776
4.7377 1.8758 -2.4995 0.9776
4.4214 2.5351 -2.5000 0.9775
4.2285 2.8460 -2.5003 0.9775
3.7785 3.4227 -2.5008 0.9775
3.3892 3.8097 -2.5012 0.9775
3.1075 4.0435 -2.5015 0.9775
2.8097 4.2566 -2.5018 0.9775
2.4974 4.4477 -2.5021 0.9775
2.1721 4.6160 -2.5024 0.9775
2.0051 4.6912 -2.5025 0.9775
1.4894 4.8804 -2.5030 0.9775
1.1356 4.9753 -2.5032 0.9775
0.9563 5.0131 -2.5034 0.9775
0.7758 5.0445 -2.5035 0.9775
0.5942 5.0693 -2.5037 0.9775
0.4119 5.0877 -2.5038 0.9775
0.2290 5.0994 -2.5039 0.9775
0.0458 5.1046 -2.5040 0.9775
-0.1375 5.1032 -2.5042 0.9775
-0.5033 5.0807 -2.5044 0.9775
-0.8666 5.0320 -2.5046 0.9775
-1.5781 4.8569 -2.5050 0.9775
-2.4204 4.4978 -2.5055 0.9775
-2.5804 4.4082 -2.5055 0.9775
-3.3264 3.8770 -2.5058 0.9775
-3.4635 3.7552 -2.5058 0.9775
-3.7240 3.4971 -2.5059 0.9775
-3.8472 3.3612 -2.5059 0.9775
-4.1863 2.9282 -2.5060 0.9775
-4.2888 2.7760 -2.5060 0.9775
-4.4769 2.4612 -2.5060 0.9775
-4.6419 2.1336 -2.5060 0.9775
-4.7154 1.9656 -2.5059 0.9775
-4.7829 1.7950 -2.5059 0.9775
-4.8442 1.6222 -2.5059 0.9775
-4.9902 1.0920 -2.5057 0.9775
-5.0261 0.9121 -2.5057 0.9775
-5.0784 0.5491 -2.5056 0.9775
-5.1044 0.1833 -2.5054 0.9775
-4.8290 0.0000 -2.5052 0.9785
-4.8162 -0.3464 -2.5050 0.9785
-4.6761 -1.2006 -2.5046 0.9785
-4.5776 -1.5329 -2.5044 0.9785
-4.5194 -1.6961 -2.5042 0.9785
-4.3856 -2.0158 -2.5040 0.9785
-4.3103 -2.1719 -2.5039 0.9785
-3.7452 -3.0421 -2.5032 0.9785
-3.6334 -3.1744 -2.5030 0.9785
-3.3960 -3.4266 -2.5028 0.9785
-3.2706 -3.5461 -2.5026 0.9785
-3.0074 -3.7712 -2.5023 0.9785
-2.8699 -3.8765 -2.5022 0.9785
-2.7288 -3.9768 -2.5021 0.9785
-2.4362 -4.1619 -2.5018 0.9785
-2.2851 -4.2464 -2.5017 0.9785
-1.9743 -4.3989 -2.5014 0.9785
-1.8150 -4.4667 -2.5012 0.9785
-1.4897 -4.5849 -2.5010 0.9785
-1.1568 -4.6795 -2.5007 0.9785
-0.9880 -4.7178 -2.5006 0.9785
-0.8180 -4.7499 -2.5004 0.9785
-0.6470 -4.7760 -2.5003 0.9785
0.3888 -4.8025 -2.4996 0.9785
0.7323 -4.7619 -2.4994 0.9785
0.9027 -4.7323 -2.4993 0.9785
1.8930 -4.4290 -2.4987 0.9785
2.0507 -4.3580 -2.4987 0.9785
2.2058 -4.2815 -2.4986 0.9785
2.3580 -4.1994 -2.4985 0.9785
2.6531 -4.0192 -2.4984 0.9785
2.7956 -3.9213 -2.4984 0.9785
2.9345 -3.8184 -2.4983 0.9785
3.0696 -3.7105 -2.4983 0.9785
3.2008 -3.5979 -2.4982 0.9785
3.3278 -3.4806 -2.4982 0.9785
3.4506 -3.3589 -2.4981 0.9785
3.5689 -3.2328 -2.4981 0.9785
3.7916 -2.9684 -2.4981 0.9785
3.8956 -2.8304 -2.4981 0.9785
4.1773 -2.3951 -2.4981 0.9785
4.2606 -2.2437 -2.4981 0.9785
4.3384 -2.0893 -2.4981 0.9785
4.4107 -1.9322 -2.4981 0.9785
4.5380 -1.6108 -2.4982 0.9785
4.6420 -1.2811 -2.4982 0.9785
4.7222 -0.9448 -2.4983 0.9785
3.7622 -0.6132 -1.9775 0.9830
3.7856 -0.4782 -1.9795 0.9830
4.0793 -0.2199 -2.1193 0.9818
4.8155 -0.0865 -2.4986 0.9785
4.8096 0.2593 -2.4988 0.9785
4.7974 0.4318 -2.4988 0.9785
4.7789 0.6037 -2.4989 0.9785
4.6869 1.1141 -2.4992 0.9785
4.6441 1.2817 -2.4993 0.9785
4.5952 1.4476 -2.4994 0.9785
4.1807 2.3971 -2.5001 0.9785
4.0922 2.5457 -2.5002 0.9785
3.9984 2.6911 -2.5003 0.9785
3.8994 2.8331 -2.5005 0.9785
3.7954 2.9714 -2.5006 0.9785
3.4545 3.3627 -2.5010 0.9785
3.3317 3.4847 -2.5011 0.9785
3.2047 3.6023 -2.5013 0.9785
3.0735 3.7152 -2.5014 0.9785
2.7993 3.9266 -2.5017 0.9785
2.5107 4.1177 -2.5020 0.9785
2.2090 4.2877 -2.5022 0.9785
1.7355 4.5011 -2.5026 0.9785
1.5729 4.5607 -2.5028 0.9785
0.5618 4.7931 -2.5036 0.9785
0.3895 4.8104 -2.5037 0.9785
-0.1300 4.8250 -2.5040 0.9785
-0.3031 4.8175 -2.5042 0.9785
-0.4758 4.8037 -2.5043 0.9785
-0.6480 4.7838 -2.5044 0.9785
-0.8193 4.7576 -2.5045 0.9785
-0.9896 4.7253 -2.5046 0.9785
-1.4920 4.5921 -2.5049 0.9785
-1.8178 4.4735 -2.5050 0.9785
-1.9773 4.4055 -2.5051 0.9785
-2.1342 4.3318 -2.5052 0.9785
-2.2884 4.2525 -2.5053 0.9785
-2.4396 4.1677 -2.5053 0.9785
-2.7325 3.9822 -2.5054 0.9785
-3.0113 3.7760 -2.5055 0.9785
-3.1449 3.6655 -2.5056 0.9785
-3.2745 3.5504 -2.5056 0.9785
-3.3999 3.4306 -2.5057 0.9785
-3.5209 3.3063 -2.5057 0.9785
-3.6373 3.1779 -2.5057 0.9785
-4.0548 2.6246 -2.5058 0.9785
-4.1464 2.4774 -2.5058 0.9785
-4.3134 2.1735 -2.5057 0.9785
-4.4582 1.8584 -2.5057 0.9785
-4.5220 1.6971 -2.5057 0.9785
-4.5799 1.5337 -2.5057 0.9785
-4.7180 1.0324 -2.5055 0.9785
-4.7520 0.8624 -2.5055 0.9785
-4.8168 0.3465 -2.5053 0.9785
-4.8290 -0.0000 -2.5052 0.9785
-4.8257 -0.1733 -2.5051 0.9785
-4.8162 -0.3464 -2.5050 0.9785
-4.7786 -0.6910 -2.5048 0.9785
-4.7164 -1.0320 -2.5047 0.9785
-4.6761 -1.2006 -2.5046 0.9785
-4.6298 -1.3676 -2.5045 0.9785
-4.3856 -2.0158 -2.5040 0.9785
-4.3103 -2.1719 -2.5039 0.9785
-4.2293 -2.3251 -2.5038 0.9785
-3.9543 -2.7659 -2.5034 0.9785
-3.8522 -2.9059 -2.5033 0.9785
-3.6334 -3.1744 -2.5030 0.9785
-3.5170 -3.3026 -2.5029 0.9785
-3.1410 -3.6610 -2.5025 0.9785
-2.8699 -3.8765 -2.5022 0.9785
-2.7288 -3.9768 -2.5021 0.9785
-2.2851 -4.2464 -2.5017 0.9785
-2.1311 -4.3254 -2.5015 0.9785
-1.6534 -4.5287 -2.5011 0.9785
-1.4897 -4.5849 -2.5010 0.9785
-0.9880 -4.7178 -2.5006 0.9785
-0.8180 -4.7499 -2.5004 0.9785
-0.6470 -4.7760 -2.5003 0.9785
-0.4751 -4.7959 -2.5002 0.9785
-0.3026 -4.8096 -2.5001 0.9785
-0.1297 -4.8172 -2.5000 0.9785
0.0433 -4.8185 -2.4998 0.9785
0.7323 -4.7618 -2.4994 0.9785
1.0720 -4.6967 -2.4992 0.9785
1.5705 -4.5537 -2.4989 0.9785
1.7329 -4.4942 -2.4988 0.9785
1.8930 -4.4290 -2.4987 0.9785
2.0507 -4.3580 -2.4987 0.9785
2.3580 -4.1994 -2.4985 0.9785
2.6531 -4.0192 -2.4984 0.9785
2.9345 -3.8184 -2.4983 0.9785
3.0696 -3.7105 -2.4983 0.9785
3.2008 -3.5979 -2.4982 0.9785
3.3278 -3.4806 -2.4982 0.9785
3.5689 -3.2328 -2.4981 0.9785
3.6826 -3.1026 -2.4981 0.9785
3.7916 -2.9684 -2.4981 0.9785
3.9947 -2.6887 -2.4981 0.9785
4.0887 -2.5435 -2.4981 0.9785
4.2606 -2.2437 -2.4981 0.9785
4.4772 -1.7727 -2.4981 0.9785
4.7222 -0.9448 -2.4983 0.9785
3.7856 -0.4782 -1.9795 0.9830
3.9027 -0.3512 -2.0328 0.9825
4.8157 0.0865 -2.4987 0.9785
4.8096 0.2593 -2.4988 0.9785
4.7974 0.4318 -2.4988 0.9785
4.7789 0.6037 -2.4989 0.9785
4.7544 0.7749 -2.4990 0.9785
4.6869 1.1141 -2.4992 0.9785
4.5952 1.4476 -2.4994 0.9785
4.4136 1.9335 -2.4997 0.9785
4.0922 2.5457 -2.5002 0.9785
3.8994 2.8331 -2.5005 0.9785
3.6865 3.1059 -2.5007 0.9785
3.5728 3.2364 -2.5009 0.9785
3.4545 3.3627 -2.5010 0.9785
3.3317 3.4847 -2.5011 0.9785
3.0735 3.7152 -2.5014 0.9785
2.7993 3.9266 -2.5017 0.9785
2.2090 4.2877 -2.5022 0.9785
1.8959 4.4356 -2.5025 0.9785
1.7355 4.5011 -2.5026 0.9785
1.4083 4.6145 -2.5029 0.9785
1.0737 4.7042 -2.5032 0.9785
0.5618 4.7930 -2.5036 0.9785
0.3894 4.8104 -2.5037 0.9785
0.2165 4.8215 -2.5038 0.9785
-0.1300 4.8250 -2.5040 0.9785
-0.3031 4.8175 -2.5042 0.9785
-0.4758 4.8037 -2.5043 0.9785
-0.6480 4.7838 -2.5044 0.9785
-0.9896 4.7253 -2.5046 0.9785
-1.3262 4.6425 -2.5048 0.9785
-2.2884 4.2525 -2.5053 0.9785
-3.0113 3.7760 -2.5055 0.9785
-3.2745 3.5504 -2.5056 0.9785
-3.3999 3.4306 -2.5057 0.9785
-3.6374 3.1779 -2.5057 0.9785
-4.0548 2.6246 -2.5058 0.9785
-4.2327 2.3269 -2.5058 0.9785
-4.4582 1.8584 -2.5057 0.9785
-4.5220 1.6971 -2.5057 0.9785
-4.6780 1.2011 -2.5056 0.9785
-4.7798 0.6912 -2.5054 0.9785
-4.8168 0.3465 -2.5053 0.9785
-4.8257 -0.1733 -2.5051 0.9785
-4.8005 -0.5191 -2.5049 0.9785
-4.7506 -0.8621 -2.5048 0.9785
-4.7164 -1.0320 -2.5047 0.9785
-4.6761 -1.2006 -2.5046 0.9785
-4.6298 -1.3677 -2.5045 0.9785
-4.5194 -1.6962 -2.5042 0.9785
-4.4554 -1.8572 -2.5041 0.9785
-4.3103 -2.1719 -2.5039 0.9785
-4.1429 -2.4753 -2.5037 0.9785
-4.0512 -2.6223 -2.5035 0.9785
-3.7452 -3.0421 -2.5032 0.9785
-3.6334 -3.1744 -2.5030 0.9785
-3.3960 -3.4266 -2.5028 0.9785
-3.2706 -3.5461 -2.5026 0.9785
-3.1410 -3.6610 -2.5025 0.9785
-3.0074 -3.7712 -2.5023 0.9785
-2.5841 -4.0720 -2.5019 0.9785
-2.4362 -4.1619 -2.5018 0.9785
-2.1311 -4.3254 -2.5015 0.9785
-1.9743 -4.3989 -2.5014 0.9785
-1.8150 -4.4667 -2.5012 0.9785
-1.4897 -4.5849 -2.5010 0.9785
-0.8180 -4.7499 -2.5004 0.9785
-0.4751 -4.7959 -2.5002 0.9785
-0.3026 -4.8096 -2.5001 0.9785
-0.1297 -4.8172 -2.5000 0.9785
0.0433 -4.8185 -2.4998 0.9785
0.5609 -4.7853 -2.4995 0.9785
0.7323 -4.7619 -2.4994 0.9785
0.9027 -4.7323 -2.4993 0.9785
1.4061 -4.6073 -2.4990 0.9785
1.7329 -4.4942 -2.4988 0.9785
2.0507 -4.3580 -2.4987 0.9785
2.2058 -4.2815 -2.4986 0.9785
2.3580 -4.1994 -2.4985 0.9785
2.5072 -4.1120 -2.4985 0.9785
2.7956 -3.9213 -2.4984 0.9785
3.0696 -3.7105 -2.4983 0.9785
3.2008 -3.5979 -2.4982 0.9785
3.3278 -3.4806 -2.4982 0.9785
3.5689 -3.2328 -2.4981 0.9785
3.6826 -3.1026 -2.4981 0.9785
3.7916 -2.9684 -2.4981 0.9785
3.8956 -2.8303 -2.4981 0.9785
3.9947 -2.6887 -2.4981 0.9785
4.0887 -2.5435 -2.4981 0.9785
4.1773 -2.3951 -2.4981 0.9785
4.2606 -2.2437 -2.4981 0.9785
4.4107 -1.9322 -2.4981 0.9785
4.4772 -1.7727 -2.4981 0.9785
4.5380 -1.6108 -2.4982 0.9785
4.6420 -1.2811 -2.4982 0.9785
4.6851 -1.1137 -2.4983 0.9785
4.7222 -0.9448 -2.4983 0.9785
3.7622 -0.6132 -1.9775 0.9830
3.7856 -0.4782 -1.9795 0.9830
3.9027 -0.3512 -2.0328 0.9825
4.0793 -0.2199 -2.1193 0.9818
4.8157 0.0865 -2.4987 0.9785
4.7974 0.4318 -2.4988 0.9785
4.7789 0.6037 -2.4989 0.9785
4.7544 0.7749 -2.4990 0.9785
4.7237 0.9451 -2.4991 0.9785
4.5952 1.4476 -2.4994 0.9785
4.5405 1.6117 -2.4995 0.9785
4.3415 2.0908 -2.4999 0.9785
4.2639 2.2454 -2.5000 0.9785
4.1807 2.3971 -2.5001 0.9785
3.9984 2.6911 -2.5003 0.9785
3.8994 2.8331 -2.5005 0.9785
3.7954 2.9714 -2.5006 0.9785
3.5728 3.2364 -2.5009 0.9785
3.4545 3.3627 -2.5010 0.9785
3.3317 3.4847 -2.5011 0.9785
3.0735 3.7152 -2.5014 0.9785
2.5107 4.1177 -2.5020 0.9785
1.8959 4.4356 -2.5025 0.9785
1.7355 4.5011 -2.5026 0.9785
1.4083 4.6145 -2.5029 0.9785
1.2418 4.6623 -2.5030 0.9785
1.0737 4.7042 -2.5032 0.9785
0.2165 4.8215 -2.5038 0.9785
-0.3031 4.8175 -2.5042 0.9785
-0.4758 4.8037 -2.5043 0.9785
-0.8193 4.7576 -2.5045 0.9785
-0.9896 4.7253 -2.5046 0.9785
-1.4921 4.5921 -2.5049 0.9785
-1.9773 4.4055 -2.5051 0.9785
-2.1342 4.3318 -2.5052 0.9785
-2.5877 4.0776 -2.5054 0.9785
-2.7325 3.9822 -2.5054 0.9785
-2.8737 3.8816 -2.5055 0.9785
-3.1449 3.6655 -2.5056 0.9785
-3.2745 3.5504 -2.5056 0.9785
-3.5209 3.3063 -2.5057 0.9785
-3.9580 2.7685 -2.5058 0.9785
-4.0548 2.6246 -2.5058 0.9785
-4.1464 2.4774 -2.5058 0.9785
-4.2327 2.3269 -2.5058 0.9785
-4.3134 2.1735 -2.5057 0.9785
-4.3886 2.0172 -2.5057 0.9785
-4.4582 1.8584 -2.5057 0.9785
-4.5799 1.5337 -2.5057 0.9785
-4.6320 1.3683 -2.5056 0.9785
-4.7180 1.0324 -2.5055 0.9785
-4.7520 0.8623 -2.5055 0.9785
-4.7798 0.6912 -2.5054 0.9785
-4.8014 0.5192 -2.5054 0.9785
-4.8260 0.1733 -2.5052 0.9785
-4.8257 -0.1733 -2.5051 0.9785
-4.7786 -0.6910 -2.5048 0.9785
-4.7164 -1.0320 -2.5047 0.9785
-4.5194 -1.6962 -2.5042 0.9785
-4.4554 -1.8572 -2.5041 0.9785
-3.9543 -2.7659 -2.5034 0.9785
-3.8522 -2.9059 -2.5033 0.9785
-3.7452 -3.0421 -2.5032 0.9785
-3.0074 -3.7712 -2.5023 0.9785
-2.8699 -3.8765 -2.5022 0.9785
-2.7288 -3.9768 -2.5021 0.9785
-2.5841 -4.0720 -2.5019 0.9785
-2.4362 -4.1619 -2.5018 0.9785
-2.1311 -4.3254 -2.5015 0.9785
-1.9743 -4.3989 -2.5014 0.9785
-1.8150 -4.4667 -2.5012 0.9785
-1.4897 -4.5849 -2.5010 0.9785
-1.1568 -4.6795 -2.5007 0.9785
-0.8180 -4.7499 -2.5004 0.9785
0.0433 -4.8185 -2.4998 0.9785
0.2162 -4.8136 -2.4997 0.9785
0.3888 -4.8025 -2.4996 0.9785
1.0720 -4.6967 -2.4992 0.9785
1.2398 -4.6550 -2.4991 0.9785
1.5705 -4.5537 -2.4989 0.9785
2.0507 -4.3580 -2.4987 0.9785
2.2058 -4.2815 -2.4986 0.9785
2.3580 -4.1994 -2.4985 0.9785
2.5072 -4.1120 -2.4985 0.9785
2.7956 -3.9213 -2.4984 0.9785
2.9345 -3.8184 -2.4983 0.9785
3.3278 -3.4806 -2.4982 0.9785
3.6826 -3.1026 -2.4981 0.9785
3.8956 -2.8303 -2.4981 0.9785
4.2606 -2.2437 -2.4981 0.9785
4.3384 -2.0893 -2.4981 0.9785
4.4107 -1.9322 -2.4981 0.9785
4.4772 -1.7727 -2.4981 0.9785
4.5380 -1.6108 -2.4982 0.9785
4.5930 -1.4469 -2.4982 0.9785
4.6420 -1.2811 -2.4982 0.9785
4.7222 -0.9448 -2.4983 0.9785
3.7622 -0.6132 -1.9775 0.9830
4.0793 -0.2199 -2.1193 0.9818
4.8156 -0.0864 -2.4986 0.9785
4.8096 0.2593 -2.4988 0.9785
4.7237 0.9451 -2.4991 0.9785
4.6441 1.2817 -2.4993 0.9785
4.5405 1.6117 -2.4995 0.9785
4.4799 1.7737 -2.4996 0.9785
4.2639 2.2454 -2.5000 0.9785
3.7954 2.9714 -2.5006 0.9785
3.6865 3.1059 -2.5007 0.9785
3.5728 3.2364 -2.5009 0.9785
3.4545 3.3627 -2.5010 0.9785
3.3317 3.4847 -2.5011 0.9785
2.9383 3.8233 -2.5015 0.9785
2.6567 4.0247 -2.5018 0.9785
2.5106 4.1177 -2.5020 0.9785
2.2090 4.2877 -2.5022 0.9785
2.0538 4.3645 -2.5024 0.9785
1.7355 4.5011 -2.5026 0.9785
1.4083 4.6145 -2.5029 0.9785
1.2418 4.6623 -2.5030 0.9785
0.3894 4.8104 -2.5037 0.9785
0.2165 4.8215 -2.5038 0.9785
0.0433 4.8264 -2.5039 0.9785
-0.1300 4.8250 -2.5040 0.9785
-0.3031 4.8175 -2.5042 0.9785
-0.8193 4.7576 -2.5045 0.9785
-1.4921 4.5921 -2.5049 0.9785
-1.6560 4.5357 -2.5050 0.9785
-1.8178 4.4735 -2.5050 0.9785
-1.9773 4.4055 -2.5051 0.9785
-2.1342 4.3318 -2.5052 0.9785
-2.4396 4.1677 -2.5053 0.9785
-2.7325 3.9822 -2.5054 0.9785
-2.8737 3.8816 -2.5055 0.9785
-3.0113 3.7760 -2.5055 0.9785
-3.1449 3.6655 -2.5056 0.9785
-3.2745 3.5504 -2.5056 0.9785
-3.3999 3.4306 -2.5057 0.9785
-3.6374 3.1779 -2.5057 0.9785
-3.7491 3.0453 -2.5057 0.9785
-4.0548 2.6246 -2.5058 0.9785
-4.2327 2.3269 -2.5058 0.9785
-4.3886 2.0172 -2.5057 0.9785
-4.5220 1.6971 -2.5057 0.9785
-4.6780 1.2011 -2.5056 0.9785
-4.8014 0.5192 -2.5054 0.9785
-4.8168 0.3465 -2.5053 0.9785
-4.8260 0.1733 -2.5052 0.9785
-4.5736 0.0000 -2.5050 0.9794
-4.5706 -0.1642 -2.5049 0.9794
-4.5260 -0.6545 -2.5047 0.9794
-4.4994 -0.8165 -2.5046 0.9794
-4.4289 -1.1371 -2.5044 0.9794
-4.3851 -1.2954 -2.5043 0.9794
-4.2805 -1.6065 -2.5041 0.9794
-4.2199 -1.7590 -2.5040 0.9794
-4.1539 -1.9093 -2.5039 0.9794
-3.8371 -2.4837 -2.5035 0.9794
-3.7453 -2.6197 -2.5033 0.9794
-3.4415 -3.0067 -2.5030 0.9794
-3.0978 -3.3588 -2.5026 0.9794
-2.9751 -3.4676 -2.5024 0.9794
-2.4477 -3.8569 -2.5019 0.9794
-2.1644 -4.0222 -2.5017 0.9794
-1.8701 -4.1667 -2.5014 0.9794
-1.5661 -4.2896 -2.5011 0.9794
-1.2542 -4.3905 -2.5009 0.9794
-1.0957 -4.4325 -2.5008 0.9794
-0.9359 -4.4687 -2.5006 0.9794
-0.7748 -4.4992 -2.5005 0.9794
-0.6128 -4.5239 -2.5004 0.9794
-0.4500 -4.5428 -2.5003 0.9794
-0.2866 -4.5558 -2.5002 0.9794
0.8551 -4.4826 -2.4994 0.9794
1.0154 -4.4489 -2.4993 0.9794
1.4877 -4.3135 -2.4991 0.9794
1.6415 -4.2572 -2.4990 0.9794
1.9426 -4.1282 -2.4988 0.9794
2.5132 -3.8073 -2.4986 0.9794
2.7797 -3.6170 -2.4985 0.9794
3.0320 -3.4081 -2.4984 0.9794
3.1523 -3.2971 -2.4984 0.9794
3.4884 -2.9390 -2.4983 0.9794
3.7841 -2.5469 -2.4983 0.9794
3.8731 -2.4094 -2.4983 0.9794
4.0360 -2.1253 -2.4983 0.9794
4.1097 -1.9791 -2.4983 0.9794
4.1781 -1.8303 -2.4983 0.9794
4.2411 -1.6792 -2.4983 0.9794
4.2987 -1.5259 -2.4983 0.9794
4.3508 -1.3706 -2.4984 0.9794
4.4731 -0.8950 -2.4985 0.9794
3.7728 -0.6149 -2.0936 0.9827
4.5556 -0.2456 -2.4987 0.9794
4.5616 -0.0819 -2.4988 0.9794
4.5617 0.0819 -2.4989 0.9794
4.5036 0.7340 -2.4992 0.9794
4.4396 1.0553 -2.4993 0.9794
4.3990 1.2141 -2.4994 0.9794
4.3528 1.3712 -2.4995 0.9794
4.3009 1.5267 -2.4996 0.9794
4.2435 1.6801 -2.4997 0.9794
4.0389 2.1269 -2.5001 0.9794
3.9601 2.2706 -2.5002 0.9794
3.6936 2.6835 -2.5005 0.9794
3.5950 2.8145 -2.5007 0.9794
3.4919 2.9419 -2.5008 0.9794
3.3842 3.0655 -2.5009 0.9794
3.2721 3.1852 -2.5010 0.9794
3.1558 3.3008 -2.5012 0.9794
3.0355 3.4121 -2.5013 0.9794
2.6515 3.7192 -2.5017 0.9794
2.3781 3.9003 -2.5019 0.9794
2.2366 3.9833 -2.5021 0.9794
2.0923 4.0613 -2.5022 0.9794
1.9453 4.1340 -2.5023 0.9794
1.7957 4.2013 -2.5025 0.9794
1.4898 4.3198 -2.5027 0.9794
1.0170 4.4556 -2.5031 0.9794
0.5322 4.5398 -2.5035 0.9794
0.3689 4.5562 -2.5036 0.9794
-0.1231 4.5700 -2.5039 0.9794
-0.2871 4.5629 -2.5040 0.9794
-0.4507 4.5498 -2.5041 0.9794
-1.0974 4.4392 -2.5045 0.9794
-1.5684 4.2959 -2.5048 0.9794
-1.7217 4.2370 -2.5049 0.9794
-1.8727 4.1725 -2.5049 0.9794
-2.0213 4.1028 -2.5050 0.9794
-2.1674 4.0277 -2.5051 0.9794
-2.3106 3.9474 -2.5051 0.9794
-2.7218 3.6763 -2.5053 0.9794
-2.9786 3.4717 -2.5054 0.9794
-3.2201 3.2491 -2.5055 0.9794
-3.3347 3.1315 -2.5055 0.9794
-4.0853 2.0585 -2.5055 0.9794
-4.5270 0.6547 -2.5052 0.9794
-4.5475 0.4917 -2.5052 0.9794
-4.5708 0.1642 -2.5051 0.9794
-4.5736 0.0000 -2.5050 0.9794
-4.4289 -1.1372 -2.5044 0.9794
-4.3851 -1.2954 -2.5043 0.9794
-4.3356 -1.4519 -2.5042 0.9794
-4.2805 -1.6065 -2.5041 0.9794
-4.2199 -1.7590 -2.5040 0.9794
-4.0825 -2.0571 -2.5038 0.9794
-3.9240 -2.3445 -2.5036 0.9794
-3.3312 -3.1282 -2.5028 0.9794
-3.0978 -3.3588 -2.5026 0.9794
-2.5847 -3.7668 -2.5021 0.9794
-2.4477 -3.8569 -2.5019 0.9794
-2.1644 -4.0222 -2.5017 0.9794
-2.0185 -4.0971 -2.5015 0.9794
-1.0957 -4.4325 -2.5008 0.9794
-0.6128 -4.5239 -2.5004 0.9794
-0.2866 -4.5558 -2.5002 0.9794
-0.1229 -4.5630 -2.5001 0.9794
0.0410 -4.5642 -2.4999 0.9794
0.2048 -4.5596 -2.4998 0.9794
0.5313 -4.5328 -2.4996 0.9794
0.8551 -4.4826 -2.4994 0.9794
1.1744 -4.4094 -2.4992 0.9794
1.3319 -4.3643 -2.4992 0.9794
1.6415 -4.2572 -2.4990 0.9794
1.9426 -4.1282 -2.4988 0.9794
2.0894 -4.0557 -2.4988 0.9794
2.2336 -3.9780 -2.4987 0.9794
2.5132 -3.8073 -2.4986 0.9794
2.9077 -3.5148 -2.4984 0.9794
3.1523 -3.2971 -2.4984 0.9794
3.3807 -3.0623 -2.4983 0.9794
3.4884 -2.9390 -2.4983 0.9794
3.8731 -2.4094 -2.4983 0.9794
4.0360 -2.1253 -2.4983 0.9794
4.3972 -1.2135 -2.4984 0.9794
4.4380 -1.0549 -2.4985 0.9794
3.7894 -0.4787 -2.0920 0.9827
4.5616 -0.0819 -2.4988 0.9794
4.5617 0.0819 -2.4989 0.9794
4.5559 0.2456 -2.4989 0.9794
4.5269 0.5719 -2.4991 0.9794
4.4745 0.8953 -2.4993 0.9794
4.4396 1.0553 -2.4993 0.9794
4.3009 1.5267 -2.4996 0.9794
3.9601 2.2706 -2.5002 0.9794
3.8762 2.4114 -2.5003 0.9794
3.4919 2.9419 -2.5008 0.9794
2.9112 3.5190 -2.5014 0.9794
2.7831 3.6215 -2.5016 0.9794
2.6515 3.7192 -2.5017 0.9794
2.5164 3.8122 -2.5018 0.9794
1.7957 4.2013 -2.5025 0.9794
1.6439 4.2633 -2.5026 0.9794
1.4898 4.3198 -2.5027 0.9794
1.1762 4.4160 -2.5030 0.9794
1.0170 4.4556 -2.5031 0.9794
0.2051 4.5667 -2.5037 0.9794
-0.2871 4.5629 -2.5040 0.9794
-0.6137 4.5309 -2.5042 0.9794
-0.7760 4.5061 -2.5043 0.9794
-0.9373 4.4755 -2.5044 0.9794
-1.0974 4.4392 -2.5045 0.9794
-1.2561 4.3971 -2.5046 0.9794
-2.0213 4.1028 -2.5050 0.9794
-2.3106 3.9474 -2.5051 0.9794
-2.9786 3.4717 -2.5054 0.9794
-3.1014 3.3626 -2.5054 0.9794
-3.3347 3.1315 -2.5055 0.9794
-3.9271 2.3463 -2.5056 0.9794
-4.1565 1.9105 -2.5055 0.9794
-4.2224 1.7601 -2.5055 0.9794
-4.2828 1.6074 -2.5055 0.9794
-4.4306 1.1376 -2.5054 0.9794
-4.4685 0.9778 -2.5053 0.9794
-4.5270 0.6547 -2.5052 0.9794
-4.5621 0.3282 -2.5051 0.9794
-4.5736 0.0000 -2.5050 0.9794
-4.5467 -0.4916 -2.5048 0.9794
-4.5260 -0.6545 -2.5047 0.9794
-4.4994 -0.8165 -2.5046 0.9794
-4.2805 -1.6065 -2.5041 0.9794
-4.2199 -1.7590 -2.5040 0.9794
-3.9240 -2.3445 -2.5036 0.9794
-3.7453 -2.6197 -2.5033 0.9794
-3.6487 -2.7523 -2.5032 0.9794
-3.4415 -3.0067 -2.5030 0.9794
-3.3312 -3.1282 -2.5028 0.9794
-3.0978 -3.3588 -2.5026 0.9794
-2.8486 -3.5720 -2.5023 0.9794
-2.7184 -3.6717 -2.5022 0.9794
-2.5847 -3.7668 -2.5021 0.9794
-2.4477 -3.8569 -2.5019 0.9794
-2.0185 -4.0971 -2.5015 0.9794
-1.7192 -4.2309 -2.5013 0.9794
-1.4111 -4.3429 -2.5010 0.9794
-0.9359 -4.4687 -2.5006 0.9794
-0.7748 -4.4992 -2.5005 0.9794
-0.4500 -4.5428 -2.5003 0.9794
-0.2866 -4.5558 -2.5002 0.9794
0.3683 -4.5491 -2.4997 0.9794
0.5313 -4.5328 -2.4996 0.9794
0.6937 -4.5106 -2.4995 0.9794
1.1744 -4.4094 -2.4992 0.9794
1.3319 -4.3643 -2.4992 0.9794
1.4877 -4.3135 -2.4991 0.9794
1.6415 -4.2572 -2.4990 0.9794
1.9426 -4.1282 -2.4988 0.9794
2.5132 -3.8073 -2.4986 0.9794
2.7797 -3.6170 -2.4985 0.9794
2.9077 -3.5148 -2.4984 0.9794
3.0320 -3.4081 -2.4984 0.9794
3.1523 -3.2971 -2.4984 0.9794
3.2686 -3.1817 -2.4983 0.9794
3.4884 -2.9390 -2.4983 0.9794
3.6902 -2.6811 -2.4983 0.9794
3.7841 -2.5469 -2.4983 0.9794
3.8731 -2.4094 -2.4983 0.9794
3.9570 -2.2688 -2.4983 0.9794
4.0360 -2.1253 -2.4983 0.9794
4.1097 -1.9791 -2.4983 0.9794
4.1781 -1.8303 -2.4983 0.9794
4.2411 -1.6792 -2.4983 0.9794
4.2987 -1.5259 -2.4983 0.9794
4.3508 -1.3706 -2.4984 0.9794
4.3972 -1.2135 -2.4984 0.9794
4.4380 -1.0549 -2.4985 0.9794
3.7894 -0.4787 -2.0920 0.9827
4.5556 -0.2456 -2.4987 0.9794
4.5616 -0.0819 -2.4988 0.9794
4.5559 0.2456 -2.4989 0.9794
4.5269 0.5719 -2.4991 0.9794
4.3990 1.2141 -2.4994 0.9794
4.3009 1.5267 -2.4996 0.9794
4.2435 1.6801 -2.4997 0.9794
4.1807 1.8315 -2.4999 0.9794
4.1124 1.9804 -2.5000 0.9794
4.0389 2.1269 -2.5001 0.9794
3.6936 2.6835 -2.5005 0.9794
3.4919 2.9419 -2.5008 0.9794
3.2721 3.1852 -2.5010 0.9794
3.1558 3.3008 -2.5012 0.9794
3.0355 3.4121 -2.5013 0.9794
2.7831 3.6215 -2.5016 0.9794
2.6515 3.7192 -2.5017 0.9794
1.9453 4.1340 -2.5023 0.9794
1.7957 4.2013 -2.5025 0.9794
1.4898 4.3198 -2.5027 0.9794
1.0170 4.4556 -2.5031 0.9794
0.6947 4.5175 -2.5034 0.9794
0.3689 4.5562 -2.5036 0.9794
0.2051 4.5667 -2.5037 0.9794
-0.1231 4.5700 -2.5039 0.9794
-0.2871 4.5629 -2.5040 0.9794
-0.4507 4.5498 -2.5041 0.9794
-0.9373 4.4755 -2.5044 0.9794
-1.4132 4.3493 -2.5047 0.9794
-2.0213 4.1028 -2.5050 0.9794
-2.1674 4.0277 -2.5051 0.9794
-2.3106 3.9474 -2.5051 0.9794
-2.7218 3.6763 -2.5053 0.9794
-2.8520 3.5763 -2.5054 0.9794
-3.1014 3.3626 -2.5054 0.9794
-3.6521 2.7549 -2.5055 0.9794
-3.7486 2.6220 -2.5056 0.9794
-3.8404 2.4858 -2.5056 0.9794
-3.9271 2.3463 -2.5056 0.9794
-4.0853 2.0585 -2.5055 0.9794
-4.2828 1.6074 -2.5055 0.9794
-4.3870 1.2959 -2.5054 0.9794
-4.4685 0.9778 -2.5053 0.9794
-4.5621 0.3282 -2.5051 0.9794
-4.5736 0.0000 -2.5050 0.9794
-4.5706 -0.1642 -2.5049 0.9794
-4.5616 -0.3281 -2.5049 0.9794
-4.5467 -0.4916 -2.5048 0.9794
-4.4994 -0.8165 -2.5046 0.9794
-4.4671 -0.9775 -2.5045 0.9794
-4.4289 -1.1372 -2.5044 0.9794
-4.3851 -1.2954 -2.5043 0.9794
-4.3356 -1.4519 -2.5042 0.9794
-4.2199 -1.7590 -2.5040 0.9794
-4.1539 -1.9093 -2.5039 0.9794
-4.0825 -2.0571 -2.5038 0.9794
-4.0058 -2.2022 -2.5037 0.9794
-3.9240 -2.3445 -2.5036 0.9794
-3.6487 -2.7523 -2.5032 0.9794
-3.4415 -3.0067 -2.5030 0.9794
-3.3312 -3.1282 -2.5028 0.9794
-3.0978 -3.3588 -2.5026 0.9794
-2.5847 -3.7668 -2.5021 0.9794
-2.4477 -3.8569 -2.5019 0.9794
-2.3075 -3.9421 -2.5018 0.9794
-1.8701 -4.1667 -2.5014 0.9794
-1.7192 -4.2309 -2.5013 0.9794
-1.5661 -4.2896 -2.5011 0.9794
-1.2542 -4.3905 -2.5009 0.9794
-0.7748 -4.4992 -2.5005 0.9794
-0.6128 -4.5239 -2.5004 0.9794
-0.4500 -4.5428 -2.5003 0.9794
-0.2866 -4.5558 -2.5002 0.9794
0.0410 -4.5642 -2.4999 0.9794
0.2048 -4.5596 -2.4998 0.9794
0.3683 -4.5491 -2.4997 0.9794
1.0154 -4.4489 -2.4993 0.9794
1.3319 -4.3642 -2.4992 0.9794
1.4877 -4.3135 -2.4991 0.9794
1.6415 -4.2572 -2.4990 0.9794
1.9426 -4.1282 -2.4988 0.9794
2.0895 -4.0557 -2.4988 0.9794
2.9077 -3.5148 -2.4984 0.9794
3.1523 -3.2971 -2.4984 0.9794
3.2686 -3.1817 -2.4983 0.9794
3.5916 -2.8118 -2.4983 0.9794
3.7841 -2.5469 -2.4983 0.9794
4.1097 -1.9791 -2.4983 0.9794
4.1781 -1.8303 -2.4983 0.9794
4.3508 -1.3706 -2.4984 0.9794
4.4380 -1.0549 -2.4985 0.9794
4.4731 -0.8950 -2.4985 0.9794
3.7728 -0.6149 -2.0936 0.9827
3.9111 -0.3520 -2.1508 0.9823
4.5556 -0.2456 -2.4987 0.9794
4.5616 -0.0819 -2.4988 0.9794
4.5559 0.2456 -2.4989 0.9794
4.5443 0.4090 -2.4990 0.9794
4.4396 1.0553 -2.4993 0.9794
4.2435 1.6801 -2.4997 0.9794
4.1124 1.9804 -2.5000 0.9794
3.8762 2.4114 -2.5003 0.9794
3.4919 2.9419 -2.5008 0.9794
3.3842 3.0655 -2.5009 0.9794
3.1558 3.3008 -2.5012 0.9794
2.5164 3.8122 -2.5018 0.9794
2.3781 3.9003 -2.5019 0.9794
2.2366 3.9833 -2.5021 0.9794
1.9453 4.1340 -2.5023 0.9794
1.7957 4.2013 -2.5025 0.9794
1.6439 4.2633 -2.5026 0.9794
1.3339 4.3707 -2.5029 0.9794
1.0170 4.4556 -2.5031 0.9794
0.8564 4.4895 -2.5032 0.9794
0.5322 4.5398 -2.5035 0.9794
0.0410 4.5713 -2.5038 0.9794
-0.4507 4.5498 -2.5041 0.9794
-0.7760 4.5061 -2.5043 0.9794
-0.9373 4.4755 -2.5044 0.9794
-1.0974 4.4392 -2.5045 0.9794
-1.2561 4.3971 -2.5046 0.9794
-1.5684 4.2959 -2.5048 0.9794
-1.7217 4.2369 -2.5049 0.9794
-1.8727 4.1725 -2.5049 0.9794
-2.1674 4.0277 -2.5051 0.9794
-2.3106 3.9474 -2.5051 0.9794
-2.5880 3.7716 -2.5053 0.9794
-2.7218 3.6763 -2.5053 0.9794
-2.8520 3.5763 -2.5054 0.9794
-2.9786 3.4717 -2.5054 0.9794
-3.4450 3.0098 -2.5055 0.9794
-3.6521 2.7549 -2.5055 0.9794
-3.7486 2.6220 -2.5056 0.9794
-3.9271 2.3463 -2.5056 0.9794
-4.0088 2.2039 -2.5056 0.9794
-4.0853 2.0585 -2.5055 0.9794
-4.2224 1.7601 -2.5055 0.9794
-4.2828 1.6074 -2.5055 0.9794
-4.3377 1.4526 -2.5055 0.9794
-4.4306 1.1376 -2.5054 0.9794
-4.5270 0.6547 -2.5052 0.9794
-4.5475 0.4917 -2.5052 0.9794
-4.5621 0.3282 -2.5051 0.9794
-4.3385 0.0000 -2.5048 0.9802
-4.3356 -0.1557 -2.5048 0.9802
-4.3130 -0.4664 -2.5046 0.9802
-4.2375 -0.9272 -2.5044 0.9802
-4.1597 -1.2288 -2.5042 0.9802
-4.0605 -1.5239 -2.5040 0.9802
-4.0030 -1.6686 -2.5039 0.9802
-3.9404 -1.8112 -2.5038 0.9802
-3.8727 -1.9514 -2.5037 0.9802
-3.8000 -2.0890 -2.5036 0.9802
-3.7224 -2.2240 -2.5035 0.9802
-3.6400 -2.3561 -2.5034 0.9802
-3.5529 -2.4851 -2.5033 0.9802
-3.4612 -2.6109 -2.5031 0.9802
-3.3651 -2.7334 -2.5030 0.9802
-3.2647 -2.8523 -2.5029 0.9802
-3.0513 -3.0788 -2.5027 0.9802
-2.9387 -3.1862 -2.5025 0.9802
-2.8223 -3.2895 -2.5024 0.9802
-2.5788 -3.4832 -2.5022 0.9802
-2.1890 -3.7397 -2.5018 0.9802
-1.9149 -3.8867 -2.5016 0.9802
-1.6310 -4.0137 -2.5013 0.9802
-1.4858 -4.0694 -2.5012 0.9802
-1.3386 -4.1200 -2.5011 0.9802
-0.5814 -4.2918 -2.5005 0.9802
-0.1166 -4.3288 -2.5001 0.9802
0.0389 -4.3300 -2.5000 0.9802
0.1943 -4.3257 -2.4999 0.9802
0.3494 -4.3157 -2.4998 0.9802
0.5041 -4.3002 -2.4997 0.9802
0.6581 -4.2792 -2.4996 0.9802
0.8112 -4.2527 -2.4996 0.9802
0.9633 -4.2207 -2.4995 0.9802
1.2636 -4.1404 -2.4993 0.9802
1.5573 -4.0388 -2.4991 0.9802
1.7012 -3.9802 -2.4991 0.9802
1.8429 -3.9164 -2.4990 0.9802
2.1191 -3.7739 -2.4989 0.9802
2.5123 -3.5240 -2.4987 0.9802
2.8765 -3.2334 -2.4986 0.9802
2.9907 -3.1280 -2.4986 0.9802
3.4074 -2.6677 -2.4985 0.9802
3.5900 -2.4163 -2.4985 0.9802
3.6744 -2.2859 -2.4984 0.9802
3.7541 -2.1525 -2.4985 0.9802
3.8290 -2.0164 -2.4985 0.9802
3.9638 -1.7365 -2.4985 0.9802
4.0236 -1.5931 -2.4985 0.9802
3.8012 -0.6195 -2.2236 0.9824
3.8119 -0.4816 -2.2183 0.9824
3.9307 -0.3538 -2.2786 0.9819
4.3277 0.0777 -2.4990 0.9802
4.2947 0.5425 -2.4992 0.9802
4.2725 0.6964 -2.4993 0.9802
4.2449 0.8493 -2.4994 0.9802
4.1734 1.1518 -2.4996 0.9802
4.1295 1.3009 -2.4997 0.9802
4.0803 1.4483 -2.4998 0.9802
4.0258 1.5939 -2.4999 0.9802
3.9014 1.8788 -2.5001 0.9802
3.5040 2.5458 -2.5006 0.9802
3.4105 2.6701 -2.5007 0.9802
3.3126 2.7909 -2.5008 0.9802
3.2105 2.9082 -2.5010 0.9802
3.1042 3.0217 -2.5011 0.9802
2.8796 3.2369 -2.5013 0.9802
2.7617 3.3384 -2.5015 0.9802
2.6402 3.4355 -2.5016 0.9802
2.3872 3.6165 -2.5018 0.9802
2.1218 3.7788 -2.5021 0.9802
1.9849 3.8527 -2.5022 0.9802
1.8454 3.9217 -2.5023 0.9802
1.7035 3.9856 -2.5024 0.9802
1.5594 4.0443 -2.5026 0.9802
1.4133 4.0979 -2.5027 0.9802
1.2654 4.1462 -2.5028 0.9802
0.9647 4.2267 -2.5030 0.9802
0.6590 4.2854 -2.5033 0.9802
0.3499 4.3221 -2.5035 0.9802
0.1946 4.3320 -2.5036 0.9802
0.0389 4.3364 -2.5037 0.9802
-0.4275 4.3160 -2.5040 0.9802
-0.7361 4.2745 -2.5042 0.9802
-1.1915 4.1710 -2.5045 0.9802
-1.4878 4.0751 -2.5046 0.9802
-1.9174 3.8918 -2.5049 0.9802
-2.0559 3.8206 -2.5049 0.9802
-2.3249 3.6634 -2.5050 0.9802
-2.4549 3.5777 -2.5051 0.9802
-2.5818 3.4873 -2.5051 0.9802
-2.8255 3.2932 -2.5052 0.9802
-3.0545 3.0821 -2.5053 0.9802
-3.2678 2.8550 -2.5053 0.9802
-3.5559 2.4872 -2.5054 0.9802
-3.6429 2.3580 -2.5054 0.9802
-3.8027 2.0905 -2.5054 0.9802
-4.0053 1.6696 -2.5053 0.9802
-4.0626 1.5247 -2.5053 0.9802
-4.2028 1.0791 -2.5052 0.9802
-4.2693 0.7748 -2.5051 0.9802
-4.2943 0.6210 -2.5051 0.9802
-4.3137 0.4664 -2.5050 0.9802
-4.3271 -0.3113 -2.5047 0.9802
-4.3130 -0.4664 -2.5046 0.9802
-4.2375 -0.9272 -2.5044 0.9802
-4.2013 -1.0787 -2.5043 0.9802
-4.1597 -1.2288 -2.5042 0.9802
-4.1128 -1.3773 -2.5041 0.9802
-4.0605 -1.5239 -2.5040 0.9802
-3.9404 -1.8112 -2.5038 0.9802
-3.8727 -1.9514 -2.5037 0.9802
-3.8000 -2.0890 -2.5036 0.9802
-3.7224 -2.2240 -2.5035 0.9802
-3.4612 -2.6109 -2.5031 0.9802
-3.3651 -2.7334 -2.5030 0.9802
-3.1600 -2.9675 -2.5028 0.9802
-3.0513 -3.0789 -2.5027 0.9802
-2.9387 -3.1862 -2.5025 0.9802
-2.7023 -3.3885 -2.5023 0.9802
-2.5788 -3.4832 -2.5022 0.9802
-2.4519 -3.5733 -2.5021 0.9802
-2.1890 -3.7397 -2.5018 0.9802
-1.3386 -4.1200 -2.5011 0.9802
-0.7351 -4.2683 -2.5006 0.9802
-0.5814 -4.2918 -2.5005 0.9802
-0.4269 -4.3097 -2.5004 0.9802
0.3494 -4.3157 -2.4998 0.9802
0.5041 -4.3002 -2.4997 0.9802
1.2636 -4.1404 -2.4993 0.9802
1.4114 -4.0922 -2.4992 0.9802
1.5573 -4.0388 -2.4991 0.9802
1.7012 -3.9802 -2.4991 0.9802
1.8429 -3.9164 -2.4990 0.9802
2.1191 -3.7739 -2.4989 0.9802
2.3843 -3.6120 -2.4988 0.9802
2.5123 -3.5240 -2.4987 0.9802
2.6372 -3.4315 -2.4987 0.9802
2.9907 -3.1280 -2.4986 0.9802
3.2073 -2.9053 -2.4985 0.9802
3.3095 -2.7883 -2.4985 0.9802
3.4074 -2.6677 -2.4985 0.9802
3.5900 -2.4163 -2.4985 0.9802
3.7541 -2.1525 -2.4985 0.9802
3.8290 -2.0164 -2.4985 0.9802
3.9638 -1.7365 -2.4985 0.9802
4.0236 -1.5931 -2.4985 0.9802
4.1277 -1.3003 -2.4986 0.9802
4.1717 -1.1513 -2.4986 0.9802
4.2437 -0.8491 -2.4987 0.9802
4.3219 -0.2330 -2.4989 0.9802
4.3223 0.2330 -2.4991 0.9802
4.3112 0.3880 -2.4992 0.9802
4.2119 1.0012 -2.4995 0.9802
4.1734 1.1518 -2.4996 0.9802
3.8316 2.0177 -2.5002 0.9802
3.7569 2.1541 -2.5003 0.9802
3.5040 2.5458 -2.5006 0.9802
3.4105 2.6701 -2.5007 0.9802
3.3126 2.7909 -2.5008 0.9802
3.1042 3.0217 -2.5011 0.9802
2.7617 3.3384 -2.5015 0.9802
2.3872 3.6164 -2.5018 0.9802
2.2559 3.7000 -2.5019 0.9802
2.1218 3.7788 -2.5021 0.9802
1.8454 3.9217 -2.5023 0.9802
1.5594 4.0443 -2.5026 0.9802
1.4133 4.0979 -2.5027 0.9802
1.1158 4.1892 -2.5029 0.9802
0.9647 4.2267 -2.5030 0.9802
0.5048 4.3065 -2.5034 0.9802
0.3499 4.3221 -2.5035 0.9802
0.1946 4.3320 -2.5036 0.9802
0.0389 4.3364 -2.5037 0.9802
-0.2723 4.3284 -2.5039 0.9802
-0.4275 4.3160 -2.5040 0.9802
-1.1915 4.1710 -2.5045 0.9802
-1.3405 4.1257 -2.5046 0.9802
-1.4878 4.0751 -2.5046 0.9802
-1.7764 3.9580 -2.5048 0.9802
-2.5818 3.4873 -2.5051 0.9802
-2.8255 3.2932 -2.5052 0.9802
-3.0545 3.0821 -2.5053 0.9802
-3.1632 2.9705 -2.5053 0.9802
-3.2678 2.8550 -2.5053 0.9802
-3.4643 2.6132 -2.5054 0.9802
-3.6429 2.3580 -2.5054 0.9802
-3.7252 2.2257 -2.5054 0.9802
-3.9428 1.8123 -2.5053 0.9802
-4.2388 0.9275 -2.5052 0.9802
-4.3137 0.4664 -2.5050 0.9802
-4.3385 -0.0000 -2.5048 0.9802
-4.3356 -0.1557 -2.5048 0.9802
-4.2933 -0.6209 -2.5045 0.9802
-4.2013 -1.0787 -2.5043 0.9802
-4.1597 -1.2288 -2.5042 0.9802
-4.1128 -1.3773 -2.5041 0.9802
-4.0030 -1.6687 -2.5039 0.9802
-3.8727 -1.9514 -2.5037 0.9802
-3.8000 -2.0891 -2.5036 0.9802
-3.7224 -2.2240 -2.5035 0.9802
-3.4612 -2.6109 -2.5031 0.9802
-3.3651 -2.7334 -2.5030 0.9802
-3.2647 -2.8523 -2.5029 0.9802
-3.1600 -2.9675 -2.5028 0.9802
-3.0513 -3.0789 -2.5027 0.9802
-2.9387 -3.1862 -2.5025 0.9802
-2.8223 -3.2895 -2.5024 0.9802
-2.7023 -3.3885 -2.5023 0.9802
-2.5788 -3.4832 -2.5022 0.9802
-2.4519 -3.5733 -2.5021 0.9802
-2.3220 -3.6589 -2.5019 0.9802
-2.1890 -3.7397 -2.5018 0.9802
-2.0533 -3.8157 -2.5017 0.9802
-1.9149 -3.8867 -2.5016 0.9802
-1.7741 -3.9527 -2.5014 0.9802
-1.6310 -4.0137 -2.5013 0.9802
-1.3386 -4.1199 -2.5011 0.9802
-0.8879 -4.2394 -2.5007 0.9802
-0.7351 -4.2683 -2.5006 0.9802
-0.5814 -4.2918 -2.5005 0.9802
-0.4269 -4.3097 -2.5004 0.9802
-0.2719 -4.3220 -2.5003 0.9802
-0.1166 -4.3288 -2.5001 0.9802
0.0389 -4.3300 -2.5000 0.9802
0.8112 -4.2527 -2.4996 0.9802
1.2636 -4.1404 -2.4993 0.9802
1.7012 -3.9802 -2.4991 0.9802
1.9823 -3.8477 -2.4989 0.9802
2.7586 -3.3346 -2.4986 0.9802
3.1010 -3.0186 -2.4985 0.9802
3.5900 -2.4163 -2.4985 0.9802
3.7541 -2.1525 -2.4985 0.9802
3.8290 -2.0164 -2.4985 0.9802
3.8989 -1.8776 -2.4985 0.9802
4.0783 -1.4476 -2.4985 0.9802
4.2437 -0.8491 -2.4987 0.9802
3.9307 -0.3538 -2.2786 0.9819
4.3276 -0.0777 -2.4989 0.9802
4.3223 0.2330 -2.4991 0.9802
4.3112 0.3880 -2.4992 0.9802
4.2947 0.5425 -2.4992 0.9802
4.2726 0.6964 -2.4993 0.9802
4.2119 1.0012 -2.4995 0.9802
4.1734 1.1518 -2.4996 0.9802
4.0803 1.4483 -2.4998 0.9802
3.9662 1.7375 -2.5000 0.9802
3.8316 2.0177 -2.5002 0.9802
3.7569 2.1541 -2.5003 0.9802
3.5930 2.4183 -2.5005 0.9802
3.5040 2.5458 -2.5006 0.9802
3.4105 2.6701 -2.5007 0.9802
3.3126 2.7909 -2.5008 0.9802
3.2105 2.9082 -2.5010 0.9802
3.1042 3.0217 -2.5011 0.9802
2.7617 3.3384 -2.5015 0.9802
2.3872 3.6164 -2.5018 0.9802
1.9849 3.8527 -2.5022 0.9802
1.8454 3.9217 -2.5023 0.9802
1.5594 4.0443 -2.5026 0.9802
1.2654 4.1462 -2.5028 0.9802
1.1158 4.1892 -2.5029 0.9802
0.9647 4.2267 -2.5030 0.9802
0.8124 4.2588 -2.5032 0.9802
0.6590 4.2854 -2.5033 0.9802
0.5048 4.3065 -2.5034 0.9802
-0.2723 4.3284 -2.5039 0.9802
-0.5822 4.2980 -2.5041 0.9802
-0.7361 4.2745 -2.5042 0.9802
-0.8891 4.2455 -2.5043 0.9802
-1.6332 4.0191 -2.5047 0.9802
-1.9174 3.8918 -2.5049 0.9802
-2.3249 3.6634 -2.5050 0.9802
-2.4549 3.5777 -2.5051 0.9802
-2.5818 3.4873 -2.5051 0.9802
-2.9419 3.1897 -2.5052 0.9802
-3.0545 3.0821 -2.5053 0.9802
-3.1632 2.9705 -2.5053 0.9802
-3.5559 2.4872 -2.5054 0.9802
-3.6429 2.3580 -2.5054 0.9802
-3.8027 2.0905 -2.5054 0.9802
-4.0053 1.6696 -2.5053 0.9802
-4.0626 1.5247 -2.5053 0.9802
-4.2693 0.7747 -2.5051 0.9802
-4.2942 0.6210 -2.5051 0.9802
-4.3137 0.4664 -2.5050 0.9802
-4.3276 0.3113 -2.5050 0.9802
-4.3385 0.0000 -2.5048 0.9802
-4.3356 -0.1557 -2.5048 0.9802
-4.3271 -0.3113 -2.5047 0.9802
-4.3130 -0.4664 -2.5046 0.9802
-4.2682 -0.7746 -2.5045 0.9802
-4.2013 -1.0787 -2.5043 0.9802
-4.1128 -1.3773 -2.5041 0.9802
-4.0605 -1.5239 -2.5040 0.9802
-3.9404 -1.8112 -2.5038 0.9802
-3.8727 -1.9514 -2.5037 0.9802
-3.8000 -2.0891 -2.5036 0.9802
-3.7224 -2.2240 -2.5035 0.9802
-3.5529 -2.4851 -2.5033 0.9802
-3.2647 -2.8523 -2.5029 0.9802
-3.1600 -2.9675 -2.5028 0.9802
-2.9387 -3.1862 -2.5025 0.9802
-2.8223 -3.2895 -2.5024 0.9802
-2.7023 -3.3885 -2.5023 0.9802
-2.5788 -3.4832 -2.5022 0.9802
-2.4519 -3.5733 -2.5021 0.9802
-2.1890 -3.7397 -2.5018 0.9802
-2.0533 -3.8157 -2.5017 0.9802
-1.4858 -4.0694 -2.5012 0.9802
-1.3386 -4.1200 -2.5011 0.9802
-1.1898 -4.1651 -2.5009 0.9802
-1.0395 -4.2050 -2.5008 0.9802
-0.8879 -4.2394 -2.5007 0.9802
-0.7351 -4.2683 -2.5006 0.9802
-0.5814 -4.2918 -2.5005 0.9802
-0.4269 -4.3097 -2.5004 0.9802
-0.1166 -4.3288 -2.5001 0.9802
0.6581 -4.2792 -2.4996 0.9802
0.8112 -4.2527 -2.4996 0.9802
0.9633 -4.2207 -2.4995 0.9802
1.1142 -4.1832 -2.4994 0.9802
1.5573 -4.0388 -2.4991 0.9802
2.6372 -3.4315 -2.4987 0.9802
2.9907 -3.1280 -2.4986 0.9802
3.1010 -3.0186 -2.4985 0.9802
3.2073 -2.9053 -2.4985 0.9802
3.3095 -2.7883 -2.4985 0.9802
3.4074 -2.6677 -2.4985 0.9802
3.5010 -2.5436 -2.4985 0.9802
3.8290 -2.0164 -2.4985 0.9802
3.9638 -1.7365 -2.4985 0.9802
4.0236 -1.5931 -2.4985 0.9802
4.0783 -1.4476 -2.4985 0.9802
4.1717 -1.1513 -2.4986 0.9802
4.2104 -1.0008 -2.4986 0.9802
3.8119 -0.4815 -2.2183 0.9824
3.9307 -0.3538 -2.2786 0.9819
4.3219 -0.2330 -2.4989 0.9802
4.3223 0.2330 -2.4991 0.9802
4.2947 0.5425 -2.4992 0.9802
4.2449 0.8493 -2.4994 0.9802
4.2119 1.0012 -2.4995 0.9802
4.1734 1.1518 -2.4996 0.9802
4.1295 1.3009 -2.4997 0.9802
4.0803 1.4483 -2.4998 0.9802
4.0258 1.5939 -2.4999 0.9802
3.5930 2.4183 -2.5005 0.9802
3.5040 2.5458 -2.5006 0.9802
3.3126 2.7909 -2.5008 0.9802
2.8796 3.2369 -2.5013 0.9802
2.7617 3.3384 -2.5015 0.9802
2.6402 3.4355 -2.5016 0.9802
2.2559 3.7000 -2.5019 0.9802
2.1218 3.7788 -2.5021 0.9802
1.7035 3.9856 -2.5024 0.9802
1.5594 4.0443 -2.5026 0.9802
1.4133 4.0979 -2.5027 0.9802
1.1158 4.1892 -2.5029 0.9802
0.9647 4.2267 -2.5030 0.9802
0.8124 4.2588 -2.5032 0.9802
0.5048 4.3065 -2.5034 0.9802
0.3499 4.3221 -2.5035 0.9802
0.1946 4.3320 -2.5036 0.9802
-0.1168 4.3352 -2.5038 0.9802
-0.2723 4.3284 -2.5039 0.9802
-0.4275 4.3160 -2.5040 0.9802
-0.5822 4.2980 -2.5041 0.9802
-0.7361 4.2745 -2.5042 0.9802
-1.1915 4.1710 -2.5045 0.9802
-1.4878 4.0751 -2.5046 0.9802
-1.7764 3.9580 -2.5048 0.9802
-2.1918 3.7444 -2.5050 0.9802
-2.5818 3.4873 -2.5051 0.9802
-2.8255 3.2932 -2.5052 0.9802
-3.0545 3.0821 -2.5053 0.9802
-3.2678 2.8550 -2.5053 0.9802
-3.3682 2.7359 -2.5053 0.9802
-3.6429 2.3580 -2.5054 0.9802
-3.7252 2.2257 -2.5054 0.9802
-3.8752 1.9527 -2.5054 0.9802
-4.0053 1.6696 -2.5053 0.9802
-4.1147 1.3779 -2.5053 0.9802
-4.2028 1.0791 -2.5052 0.9802
-4.2388 0.9275 -2.5052 0.9802
-4.2693 0.7747 -2.5051 0.9802
-4.2942 0.6210 -2.5051 0.9802
-4.3276 0.3113 -2.5050 0.9802
