ply
format ascii 1.0
element vertex 6144
property float32 x
property float32 y
property float32 z
property float32 I
end_header
14.2722 8.9777 2.9731 0.9338
13.7524 9.3555 2.9328 0.9347
13.1328 10.3856 2.9523 0.9343
16.3495 16.0686 4.0421 0.9111
10.8160 12.2745 2.8847 0.9357
11.1023 19.9850 4.0312 0.9113
9.6914 20.8373 4.0521 0.9109
8.8704 21.0118 4.0216 0.9115
5.3910 15.8567 2.9531 0.9342
4.2555 16.2601 2.9637 0.9340
3.8414 17.1700 3.1024 0.9310
3.6817 24.6344 4.3919 0.9038
1.4511 18.9040 3.3431 0.9259
-1.4124 21.0872 3.7266 0.9177
-2.2357 21.6817 3.8433 0.9153
-3.0792 22.0701 3.9292 0.9135
-4.8932 22.9159 4.1318 0.9092
-6.0838 24.2050 4.4007 0.9036
-7.2653 25.0662 4.6018 0.8994
-8.4438 25.6529 4.7620 0.8961
-5.0735 12.3520 2.3546 0.9472
-15.3175 30.8018 6.0657 0.8696
-16.8376 31.0159 6.2229 0.8665
-20.3332 34.4480 7.0533 0.8500
-20.7106 23.9696 5.5856 0.8793
-41.7691 -12.4515 7.6853 0.8378
-41.5071 -14.0129 7.7247 0.8370
-40.6301 -15.3610 7.6591 0.8383
-14.2580 -44.1275 8.1769 0.8283
-11.3708 -40.0480 7.3407 0.8444
-9.1007 -37.0643 6.7296 0.8564
-6.0389 -35.3856 6.3296 0.8643
-4.8551 -36.2456 6.4482 0.8620
-2.3227 -37.7739 6.6731 0.8575
-0.9868 -38.6320 6.8141 0.8547
0.4141 -40.0742 7.0665 0.8498
6.8632 -44.2645 7.8983 0.8337
8.7906 -45.7829 8.2203 0.8275
10.8359 -47.2203 8.5426 0.8214
31.3162 -13.7056 6.0276 0.8704
44.8055 -12.3544 8.1952 0.8280
35.6178 -7.1201 6.4046 0.8628
34.8576 -5.6765 6.2273 0.8664
32.0638 -4.0471 5.6986 0.8770
31.0596 -2.7931 5.4987 0.8810
29.3940 -1.5833 5.1905 0.8873
26.9810 -0.4841 4.7582 0.8962
26.5576 0.4763 4.6836 0.8977
11.5389 0.6215 2.0376 0.9541
22.6875 2.8635 4.0321 0.9113
21.5982 4.3174 3.8837 0.9144
17.9358 6.3604 3.3555 0.9256
15.4280 8.8365 3.1350 0.9303
14.3528 8.9191 2.9796 0.9337
17.0888 15.4596 4.0633 0.9106
16.4410 15.9826 4.0430 0.9111
10.9574 12.2985 2.9044 0.9353
10.2573 12.3796 2.8348 0.9368
8.7990 13.3049 2.8126 0.9373
8.4698 13.8634 2.8646 0.9361
10.5078 20.3480 4.0381 0.9112
8.9740 20.9365 4.0165 0.9116
6.0432 15.6241 2.9538 0.9342
5.4481 15.7416 2.9372 0.9346
4.8497 15.8279 2.9190 0.9350
4.6885 24.4178 4.3842 0.9039
2.8462 18.3561 3.2754 0.9273
1.5535 18.8827 3.3408 0.9259
0.1987 19.2112 3.3876 0.9249
-0.5037 19.7221 3.4787 0.9230
-2.1149 21.6721 3.8395 0.9154
-7.0778 24.9288 4.5694 0.9001
-4.4731 12.3157 2.3104 0.9482
-4.9641 12.2764 2.3349 0.9476
-15.0727 30.7304 6.0353 0.8702
-16.5338 30.8581 6.1729 0.8675
-47.3762 -4.9870 8.3999 0.8241
-43.5479 -7.7726 7.8000 0.8355
-41.8256 -9.0240 7.5447 0.8405
-44.6323 -20.3469 8.6491 0.8194
-12.5224 -10.8663 2.9235 0.9349
-12.2259 -11.4029 2.9479 0.9343
-14.8839 -45.2171 8.3938 0.8242
-9.3624 -37.2482 6.7721 0.8556
-6.1494 -34.8808 6.2453 0.8660
-4.9849 -35.7270 6.3607 0.8637
-3.8156 -37.0009 6.5589 0.8598
-1.1938 -38.4816 6.7886 0.8552
0.1939 -39.9142 7.0380 0.8503
3.2330 -42.1221 7.4491 0.8423
4.8420 -42.8667 7.6066 0.8393
6.6474 -44.4800 7.9301 0.8330
31.3314 -2.9905 5.5497 0.8800
29.6361 -1.7591 5.2348 0.8864
25.5115 1.2340 4.5036 0.9015
11.2508 0.9496 1.9909 0.9552
22.8363 2.7554 4.0559 0.9108
22.3691 3.5170 3.9927 0.9121
21.6807 4.2106 3.8943 0.9142
21.0983 4.8887 3.8188 0.9158
17.9967 6.2713 3.3605 0.9255
17.4522 7.5243 3.3511 0.9257
22.7211 10.7781 4.4343 0.9029
21.9725 11.4057 4.3652 0.9043
15.7010 8.8791 3.1805 0.9294
14.6939 9.0200 3.0402 0.9324
13.3991 9.6122 2.9077 0.9352
12.9937 10.8126 2.9806 0.9336
17.1934 15.3839 4.0681 0.9105
12.0996 11.6340 2.9597 0.9341
15.9396 16.4665 4.0410 0.9111
11.1325 12.3582 2.9328 0.9347
10.3447 12.3468 2.8402 0.9367
8.5157 13.7686 2.8546 0.9364
11.3077 19.8397 4.0266 0.9114
9.8722 20.6322 4.0330 0.9113
6.1331 15.6022 2.9560 0.9342
5.5515 15.7607 2.9464 0.9344
4.9271 15.7717 2.9135 0.9351
4.8201 24.3815 4.3823 0.9040
3.9327 24.4776 4.3714 0.9042
0.9857 19.0534 3.3641 0.9254
-0.3940 19.6424 3.4642 0.9233
-1.1674 20.8508 3.6823 0.9187
-1.9889 21.6034 3.8254 0.9157
-3.7094 22.4778 4.0170 0.9116
-5.7435 23.9577 4.3441 0.9048
-6.8931 24.7941 4.5377 0.9008
-8.1526 25.7125 4.7562 0.8962
-14.3732 29.7145 5.8202 0.8745
-16.3635 30.9461 6.1725 0.8675
-19.5779 34.0138 6.9201 0.8527
13.4132 9.8465 2.5490 0.9349
13.1607 10.4077 2.5704 0.9344
12.0211 11.8145 2.5821 0.9341
16.0207 16.9171 3.5693 0.9100
9.4820 12.4582 2.3984 0.9386
9.0278 12.7884 2.3981 0.9386
8.7742 13.4266 2.4571 0.9372
8.4546 14.0104 2.5068 0.9359
11.3033 20.3467 3.5657 0.9101
7.6216 14.9593 2.5720 0.9343
9.7086 20.8743 3.5268 0.9110
4.7717 15.8832 2.5407 0.9351
3.8593 17.2499 2.7079 0.9310
2.9106 25.7663 3.9724 0.9004
1.4570 18.9811 2.9163 0.9259
0.7829 19.2069 2.9448 0.9252
0.0938 19.2858 2.9545 0.9249
-1.9634 29.3138 4.5008 0.8879
-3.0985 22.2083 3.4351 0.9133
-4.8927 22.9135 3.5893 0.9095
-6.1554 24.4902 3.8684 0.9029
-7.2983 25.1799 4.0162 0.8993
-8.5148 25.8685 4.1721 0.8956
-5.0705 12.3446 2.0444 0.9474
-13.1619 29.0350 4.8837 0.8790
-15.4126 30.9930 5.3026 0.8693
-20.3296 34.4419 6.1269 0.8506
-47.2117 -5.2312 7.2768 0.8251
-43.2820 -7.9698 6.7420 0.8369
-42.0134 -10.8999 6.6493 0.8389
-41.7702 -12.4518 6.6772 0.8383
-41.5096 -14.0137 6.7116 0.8375
-40.6278 -15.3602 6.6539 0.8388
-12.4167 -10.8944 2.5305 0.9353
-14.2590 -44.1308 7.1047 0.8289
-9.1014 -37.0671 5.8471 0.8569
-6.0393 -35.3883 5.4997 0.8648
1.8828 -40.7205 6.2448 0.8479
10.8363 -47.2223 7.4222 0.8220
31.1917 -13.6511 5.2159 0.8713
44.7966 -12.3519 7.1187 0.8286
42.2266 -10.0287 6.6488 0.8389
36.5458 -7.3057 5.7094 0.8600
35.0737 -5.7117 5.4439 0.8661
31.0549 -2.7926 4.7766 0.8815
29.3881 -1.5829 4.5086 0.8877
26.5876 0.4768 4.0737 0.8980
11.2767 1.0140 1.7345 0.9552
22.6851 2.8632 3.5028 0.9116
28.9118 6.8662 4.5523 0.8867
18.1012 4.9910 2.8765 0.9268
17.9368 6.3608 2.9155 0.9259
17.7575 7.0239 2.9254 0.9256
23.9888 10.4986 4.0115 0.8995
22.7297 10.9350 3.8641 0.9030
14.3517 8.9185 2.5885 0.9339
13.8298 9.2978 2.5529 0.9348
13.1954 10.3182 2.5661 0.9345
17.5066 14.7311 3.5051 0.9116
17.0422 15.4175 3.5206 0.9112
16.1248 16.8414 3.5719 0.9100
9.0971 12.7380 2.3979 0.9386
8.4850 13.8882 2.4932 0.9363
11.4071 20.2713 3.5634 0.9102
10.6600 20.6427 3.5591 0.9103
9.8243 20.8243 3.5274 0.9110
5.4720 15.8105 2.5630 0.9345
4.8494 15.8268 2.5358 0.9352
4.3349 16.2009 2.5692 0.9344
2.8460 18.3546 2.8454 0.9276
1.5598 18.9597 2.9143 0.9259
0.1987 19.2095 2.9430 0.9252
-0.4712 18.4497 2.8273 0.9280
-1.7947 29.1909 4.4803 0.8884
-2.9292 30.0164 4.6202 0.8851
-3.8520 22.5721 3.5079 0.9115
-5.9660 24.2984 3.8329 0.9037
-7.1173 25.0677 3.9920 0.8999
-8.3540 25.8556 4.1625 0.8959
-4.9611 12.2691 2.0274 0.9479
-13.0436 29.1978 4.8990 0.8786
-15.0844 30.7541 5.2476 0.8706
-17.3688 32.4165 5.6339 0.8617
-19.8894 34.1217 6.0505 0.8523
-21.9481 34.7277 6.2935 0.8468
-45.3958 -6.4320 7.0238 0.8307
-43.5521 -7.7733 6.7774 0.8361
-41.8296 -9.0248 6.5555 0.8410
-41.8075 -12.2141 6.6724 0.8384
-41.5624 -13.7785 6.7079 0.8376
-40.7291 -15.1441 6.6568 0.8388
-44.8164 -20.4308 7.5454 0.8193
-13.2775 -8.5334 2.4179 0.9381
-12.5315 -10.8742 2.5418 0.9351
-12.1999 -11.3787 2.5557 0.9347
-11.9374 -41.1843 6.5689 0.8407
-9.3631 -37.2512 5.8842 0.8560
-4.9853 -35.7299 5.5266 0.8642
-1.1939 -38.4849 5.8985 0.8557
0.1939 -39.9176 6.1152 0.8508
4.8424 -42.8708 6.6093 0.8398
6.6477 -44.4819 6.8901 0.8336
4.3082 -23.1206 3.6029 0.9092
31.0326 -13.7844 5.2019 0.8716
43.3952 -10.5575 6.8418 0.8347
31.3269 -2.9901 4.8209 0.8804
29.6297 -1.7587 4.5471 0.8868
22.4134 3.5240 3.4758 0.9123
21.9984 4.2723 3.4330 0.9133
21.3081 4.9373 3.3508 0.9153
22.8570 10.8426 3.8756 0.9027
22.0364 11.4389 3.8036 0.9044
21.5713 12.1988 3.7964 0.9046
14.7765 9.0707 2.6562 0.9322
13.9085 9.2406 2.5581 0.9347
13.2524 10.2464 2.5662 0.9345
13.0234 10.8374 2.5955 0.9337
17.1916 15.3823 3.5340 0.9109
16.2291 16.7656 3.5746 0.9099
10.3520 12.3556 2.4694 0.9369
9.1664 12.6876 2.3979 0.9386
9.9353 20.7641 3.5263 0.9111
9.1610 21.0537 3.5174 0.9113
6.1578 15.6650 2.5785 0.9342
3.9954 16.9835 2.6728 0.9318
4.8195 24.3786 3.8069 0.9043
3.1730 25.5761 3.9482 0.9010
0.3026 19.1339 2.9316 0.9255
-0.3731 18.5989 2.8498 0.9275
-1.6276 29.0692 4.4602 0.8889
-2.7514 29.8869 4.5979 0.8856
-3.7088 22.4746 3.4895 0.9119
-4.5859 22.6903 3.5463 0.9106
-8.1508 25.7070 4.1314 0.8966
-12.8083 29.0980 4.8704 0.8793
-16.9986 32.1470 5.5709 0.8632
13.7503 9.3541 2.1656 0.9351
13.4081 9.8428 2.1660 0.9351
12.8077 10.8975 2.1899 0.9344
10.5190 11.9374 2.0719 0.9378
9.4814 12.4573 2.0386 0.9388
8.6834 13.2876 2.0670 0.9380
8.2151 13.6134 2.0705 0.9379
9.7284 20.9169 3.0040 0.9111
4.2549 16.2577 2.1884 0.9345
3.7576 16.7957 2.2412 0.9329
4.5505 24.4202 3.2348 0.9047
2.7424 18.3492 2.4160 0.9279
2.9293 25.9321 3.3984 0.9001
0.0938 19.2841 2.5112 0.9252
-1.9710 29.4270 3.8406 0.8878
-3.1284 30.3392 3.9717 0.8842
-3.9542 22.4302 2.9659 0.9122
-4.8922 22.9111 3.0508 0.9098
-7.3888 25.4922 3.4562 0.8985
-4.5270 12.2546 1.7012 0.9487
-5.0674 12.3372 1.7368 0.9476
-23.0321 36.0048 5.5658 0.8416
-9.4821 13.7132 2.1711 0.9350
-20.5388 23.7707 4.0909 0.8810
-49.2062 -3.6716 6.4255 0.8195
-45.1103 -6.6436 5.9377 0.8320
-41.5786 -9.2092 5.5456 0.8422
-41.9007 -12.4907 5.6936 0.8383
-42.3937 -17.7907 5.9870 0.8307
-14.2601 -44.1340 6.0397 0.8294
-7.1057 -34.1919 4.5476 0.8686
-3.6251 -37.1458 4.8601 0.8602
-2.3229 -37.7782 4.9288 0.8584
3.4805 -42.3093 5.5282 0.8426
6.8645 -44.2732 5.8342 0.8347
10.8367 -47.2241 6.3094 0.8225
19.6896 -34.9906 5.2283 0.8505
19.3120 -31.6105 4.8238 0.8612
46.5106 -12.8246 6.2827 0.8232
36.4005 -7.2766 4.8339 0.8609
35.0649 -5.7102 4.6263 0.8665
29.6946 -1.5995 3.8725 0.8870
11.3724 0.6125 1.4831 0.9551
11.2734 1.0137 1.4740 0.9554
22.3742 3.6434 2.9520 0.9126
30.1871 6.0343 4.0088 0.8832
29.1652 6.9264 3.9036 0.8861
18.0918 4.9884 2.4438 0.9271
18.5766 5.8466 2.5361 0.9244
17.9377 6.3611 2.4784 0.9261
22.7279 10.9342 3.2843 0.9033
21.9121 11.5271 3.2241 0.9050
13.8287 9.2971 2.1699 0.9350
13.3204 9.6666 2.1432 0.9358
12.9829 10.1520 2.1462 0.9357
16.2173 16.9379 3.0536 0.9097
10.1335 12.2302 2.0683 0.9379
9.5507 12.4069 2.0389 0.9388
9.0965 12.7371 2.0382 0.9388
8.7547 13.2380 2.0667 0.9380
8.2866 13.5636 2.0698 0.9379
9.8688 20.9187 3.0120 0.9109
6.8474 15.9753 2.2634 0.9323
4.8490 15.8256 2.1554 0.9354
4.3346 16.1997 2.1837 0.9346
3.8411 16.7380 2.2363 0.9331
3.2874 17.1206 2.2702 0.9321
2.8314 18.2603 2.4063 0.9282
3.0534 25.7657 3.3787 0.9006
1.5653 19.0268 2.4861 0.9259
-0.4714 18.4588 2.4045 0.9282
-2.9514 30.2441 3.9571 0.8846
-2.9923 22.3404 2.9352 0.9131
-3.8518 22.5711 2.9817 0.9118
-4.7379 22.7989 3.0323 0.9103
-8.3350 33.9466 4.5519 0.8685
-8.3525 25.8512 3.5377 0.8962
-13.0851 29.2908 4.1776 0.8786
-20.0124 34.3327 5.1749 0.8519
-22.6797 35.8852 5.5281 0.8426
-43.7391 -7.8067 5.7858 0.8359
-6.1504 -34.8862 4.6130 0.8668
-3.8162 -37.0069 4.8446 0.8606
1.6627 -40.7981 5.3171 0.8481
3.2336 -42.1299 5.5023 0.8433
6.6480 -44.4838 5.8570 0.8341
4.2995 -23.0738 3.0564 0.9097
31.0100 -13.7744 4.4186 0.8721
41.7737 -10.1630 5.5985 0.8408
35.4192 -5.9672 4.6773 0.8651
31.2493 -2.9827 4.0878 0.8811
30.0511 -1.7837 3.9202 0.8857
11.2252 0.9475 1.4670 0.9556
22.4643 3.5320 2.9613 0.9124
17.8092 6.9318 2.4886 0.9258
17.7793 7.6653 2.5212 0.9249
15.1017 8.5402 2.2592 0.9324
13.3971 9.6108 2.1471 0.9357
13.0606 10.0980 2.1498 0.9356
12.5563 10.4487 2.1272 0.9362
16.8150 16.1680 3.0377 0.9102
10.6582 11.8317 2.0737 0.9378
10.2029 12.1775 2.0688 0.9379
8.7114 13.0171 2.0397 0.9388
9.1597 21.0508 2.9895 0.9116
5.9868 15.2299 2.1310 0.9361
3.9242 16.6807 2.2315 0.9332
0.9890 19.1174 2.4928 0.9257
0.3026 19.1322 2.4917 0.9257
-0.3733 18.6074 2.4236 0.9277
-1.6230 28.9887 3.7808 0.8895
-8.0965 33.7729 4.5226 0.8693
-7.0998 25.5377 3.4517 0.8986
-8.1523 25.7118 3.5125 0.8969
-4.8508 12.1878 1.7082 0.9485
-12.8053 29.0912 4.1390 0.8797
13.4158 9.8484 1.7871 0.9352
13.1969 11.2286 1.8607 0.9327
10.1170 12.3472 1.7141 0.9378
8.8801 11.6673 1.5745 0.9427
8.7289 13.3573 1.7134 0.9378
5.8692 15.4245 1.7722 0.9358
4.2546 16.2565 1.8044 0.9346
3.7898 16.9396 1.8640 0.9325
4.5502 24.4185 2.6672 0.9049
1.4236 18.5453 1.9973 0.9279
0.7760 19.0373 2.0460 0.9262
-0.5681 18.3157 1.9677 0.9289
-3.1841 30.8787 3.3334 0.8826
-3.9541 22.4292 2.4456 0.9124
-7.4528 25.7130 2.8748 0.8979
-8.5142 25.8666 2.9242 0.8962
-4.5215 12.2398 1.4011 0.9489
-20.3729 34.5154 4.3038 0.8511
-22.8736 35.7570 4.5581 0.8430
-20.5328 23.7638 3.3724 0.8813
-47.4348 -5.2559 5.1248 0.8253
-46.2883 -12.0090 5.1351 0.8250
-45.5396 -13.5755 5.1028 0.8260
-41.5143 -14.0153 4.7051 0.8384
-45.0909 -20.8549 5.3347 0.8188
-12.1629 -11.4693 1.7952 0.9350
-14.2611 -44.1372 4.9808 0.8298
-11.3733 -40.0569 4.4714 0.8458
-9.1028 -37.0726 4.0992 0.8576
-7.1063 -34.1945 3.7503 0.8689
-6.0402 -35.3937 3.8556 0.8655
-4.8562 -36.2542 3.9278 0.8632
-3.6254 -37.1488 4.0080 0.8606
-2.3231 -37.7803 4.0646 0.8588
1.8832 -40.7277 4.3781 0.8487
5.0945 -42.9907 4.6487 0.8402
6.8652 -44.2775 4.8114 0.8351
10.8371 -47.2260 5.2030 0.8229
19.6744 -34.9635 4.3080 0.8510
44.7789 -12.3471 4.9879 0.8296
41.2715 -9.8018 4.5551 0.8431
35.5474 -5.7888 3.8674 0.8651
27.5311 -1.4829 2.9606 0.8950
26.9183 0.4828 2.8910 0.8973
11.2700 1.0134 1.2151 0.9555
22.6805 2.8626 2.4548 0.9121
30.5436 6.1056 3.3447 0.8822
21.2704 5.0515 2.3476 0.9158
18.1083 4.9929 2.0171 0.9272
17.4471 6.9011 2.0147 0.9273
21.9104 11.5262 2.6585 0.9052
13.3194 9.6659 1.7672 0.9359
13.0519 10.2060 1.7791 0.9355
13.0053 10.9433 1.8252 0.9339
16.2161 16.9367 2.5179 0.9100
10.6445 11.9474 1.7183 0.9377
9.5500 12.4060 1.6812 0.9390
10.7852 20.8852 2.5241 0.9098
9.8893 20.9619 2.4888 0.9110
6.8966 16.0899 1.8798 0.9320
5.9441 15.3677 1.7694 0.9359
4.8487 15.8244 1.7772 0.9356
3.2984 17.1779 1.8783 0.9320
2.3091 19.4844 2.1069 0.9241
0.8768 18.9606 2.0382 0.9265
-3.0003 30.7450 3.3171 0.8831
-3.8382 22.4912 2.4501 0.9123
-4.7374 22.7965 2.5002 0.9106
-8.3659 34.0724 3.7674 0.8684
-7.3322 25.8247 2.8827 0.8976
-4.4567 12.2708 1.4019 0.9488
-4.9553 12.2547 1.4194 0.9482
-13.0846 29.2898 3.4448 0.8789
-15.2942 31.1820 3.7295 0.8696
-17.3612 32.4022 3.9474 0.8625
-22.6239 35.7969 4.5473 0.8434
-47.3910 -4.9886 5.1170 0.8255
-44.5975 -7.9599 4.8646 0.8334
-41.8374 -9.0265 4.5959 0.8418
-41.9836 -10.6472 4.6510 0.8401
-42.8547 -17.7088 4.9792 0.8298
-11.9392 -41.1904 4.6051 0.8415
-9.3646 -37.2572 4.1252 0.8568
-4.9860 -35.7355 3.8745 0.8649
-2.5412 -37.9367 4.0828 0.8582
-1.1941 -38.4913 4.1353 0.8565
0.1940 -39.9245 4.2872 0.8516
3.2339 -42.1337 4.5377 0.8437
4.8434 -42.8789 4.6337 0.8406
6.6483 -44.4857 4.8300 0.8345
10.6093 -47.4226 5.2182 0.8224
30.9876 -13.7644 3.6410 0.8725
45.3726 -12.7785 5.0617 0.8273
41.7660 -10.1611 4.6157 0.8412
37.1252 -7.6331 4.0700 0.8586
32.5179 -4.2854 3.5220 0.8764
27.4259 -1.6279 2.9502 0.8954
27.5065 -0.6442 2.9545 0.8952
11.6234 0.5622 1.2496 0.9543
22.4848 3.5352 2.4441 0.9125
18.0082 4.8594 2.0029 0.9277
17.9921 6.2697 2.0460 0.9262
17.5487 6.8304 2.0221 0.9270
17.4741 7.5337 2.0434 0.9263
22.8534 10.8409 2.7161 0.9032
15.2323 8.6141 1.8791 0.9320
14.6953 9.0208 1.8516 0.9330
13.9064 9.2392 1.7928 0.9350
13.1299 10.1516 1.7822 0.9354
12.7090 10.5758 1.7754 0.9356
16.9143 16.2634 2.5197 0.9099
16.3210 16.8605 2.5198 0.9099
10.7146 11.8943 1.7190 0.9376
10.2565 12.2415 1.7149 0.9378
8.4022 13.5850 1.7153 0.9378
10.8904 20.8087 2.5220 0.9098
10.0338 20.9701 2.4963 0.9107
6.0187 15.3111 1.7666 0.9360
5.5250 15.6855 1.7858 0.9353
4.9260 15.7682 1.7739 0.9357
3.9576 16.8226 1.8558 0.9328
3.3842 17.1182 1.8738 0.9322
3.9499 24.5842 2.6738 0.9047
1.6280 18.5458 1.9991 0.9278
-0.3725 18.5695 1.9944 0.9280
-1.1391 20.3454 2.1881 0.9213
-2.8335 30.7785 3.3190 0.8831
-3.7140 22.5061 2.4494 0.9123
-4.5849 22.6856 2.4852 0.9111
-9.5683 34.4167 3.8359 0.8661
-4.8480 12.1807 1.4078 0.9486
-14.8218 30.6421 3.6551 0.8720
-19.1565 33.2817 4.1236 0.8569
-22.4769 35.9992 4.5573 0.8430
14.2679 8.9750 1.4269 0.9346
13.4171 9.8494 1.4090 0.9354
16.8692 15.4297 1.9353 0.9123
15.8905 16.7796 1.9563 0.9114
10.1156 12.3455 1.3511 0.9379
9.3569 12.2937 1.3078 0.9399
9.0259 12.7857 1.3249 0.9391
9.6248 20.6942 1.9320 0.9125
5.3713 15.7991 1.4126 0.9352
4.7707 15.8797 1.4036 0.9356
4.2543 16.2553 1.4224 0.9348
3.7893 16.9371 1.4692 0.9327
4.5470 24.4014 2.1012 0.9052
3.7010 24.7631 2.1195 0.9044
2.2012 19.4865 1.6601 0.9243
1.4311 18.6442 1.5829 0.9277
0.0938 19.2808 1.6322 0.9255
-2.0226 30.1970 2.5620 0.8856
-2.3501 22.7905 1.9395 0.9121
-3.0440 21.8180 1.8648 0.9154
-4.8912 22.9064 1.9828 0.9103
-8.5139 25.8657 2.3052 0.8964
-13.2030 29.1254 2.7070 0.8795
-19.7544 39.7240 3.7556 0.8369
-9.4803 13.7106 1.4111 0.9353
-20.5268 23.7569 2.6578 0.8816
-45.1192 -6.6450 3.8607 0.8327
-41.5167 -14.0161 3.7094 0.8387
-40.6212 -15.3577 3.6762 0.8400
-42.6181 -17.8848 3.9127 0.8307
-45.0944 -20.8565 4.2059 0.8192
-12.1375 -11.4454 1.4122 0.9352
-14.2621 -44.1404 3.9268 0.8301
-3.2519 -15.6476 1.3529 0.9379
-3.6730 -27.4208 2.3420 0.8949
-0.9872 -38.6450 3.2725 0.8563
1.8834 -40.7313 3.4517 0.8490
6.8658 -44.2818 3.7934 0.8354
4.4749 -23.3060 2.0089 0.9091
31.0698 -13.5978 2.8710 0.8727
41.2641 -9.8001 3.5903 0.8435
36.7174 -7.3400 3.1698 0.8604
31.5327 -2.8356 2.6801 0.8807
27.5413 -1.4835 2.3348 0.8952
27.2907 -0.4896 2.3106 0.8962
26.3934 0.4733 2.2346 0.8995
11.3436 0.6109 0.9617 0.9554
22.6783 2.8623 1.9350 0.9123
22.1280 3.6033 1.8979 0.9139
22.2962 4.4569 1.9248 0.9128
29.7833 7.0732 2.5914 0.8844
17.9396 6.3618 1.6113 0.9264
17.5399 6.9378 1.5967 0.9271
22.7244 10.9325 2.1347 0.9037
21.9087 11.5253 2.0956 0.9054
15.1470 8.6756 1.4777 0.9323
13.8267 9.2957 1.4104 0.9353
13.3184 9.6652 1.3930 0.9361
13.0500 10.2045 1.4024 0.9357
16.9747 15.3564 1.9377 0.9122
9.0952 12.7353 1.3248 0.9391
10.6373 20.5988 1.9625 0.9111
9.7265 20.6169 1.9298 0.9126
8.9714 20.9306 1.9277 0.9126
3.8733 16.8785 1.4660 0.9328
4.6678 24.3097 2.0955 0.9054
0.1986 19.2046 1.6258 0.9258
-0.4702 18.4122 1.5591 0.9287
-1.8488 30.0706 2.5504 0.8861
-2.2374 22.9280 1.9501 0.9117
-2.9434 21.9748 1.8768 0.9148
-4.7369 22.7942 1.9708 0.9108
-7.3623 25.9308 2.2819 0.8974
-8.3596 25.8732 2.3017 0.8966
-4.4514 12.2560 1.1038 0.9490
-15.5897 31.7845 2.9969 0.8675
-18.7347 32.1407 3.1493 0.8613
-22.7296 35.9641 3.6015 0.8430
-30.7703 31.1755 3.7081 0.8388
-44.5956 -7.9596 3.8348 0.8337
-41.8413 -9.0273 3.6234 0.8421
-46.7967 -15.5138 4.1735 0.8204
-40.7360 -15.1468 3.6791 0.8399
-42.8582 -17.7102 3.9256 0.8301
-13.2721 -8.5299 1.3356 0.9386
-12.5586 -10.8977 1.4076 0.9354
-12.1234 -11.3074 1.4034 0.9356
-14.8883 -45.2303 4.0310 0.8260
-9.3654 -37.2602 3.2523 0.8571
-3.3573 -15.7222 1.3609 0.9375
-1.1942 -38.4945 3.2602 0.8568
0.1925 -39.6210 3.3541 0.8530
1.6581 -40.6862 3.4471 0.8492
4.8438 -42.8829 3.6532 0.8409
30.9652 -13.7545 2.8682 0.8728
45.3636 -12.7759 3.9895 0.8276
36.3047 -6.1163 3.1166 0.8626
27.4242 -1.6278 2.3256 0.8956
27.5032 -0.6441 2.3288 0.8954
26.3839 0.3287 2.2336 0.8995
11.2186 0.9469 0.9531 0.9558
22.2301 3.4951 1.9050 0.9136
22.2030 4.3120 1.9147 0.9132
29.9628 6.9427 2.6036 0.8839
17.9906 6.2692 1.6128 0.9264
17.6419 6.8667 1.6026 0.9268
17.6386 7.6047 1.6260 0.9258
22.8516 10.8400 2.1411 0.9035
22.0313 11.4362 2.1013 0.9052
15.2300 8.6128 1.4811 0.9322
14.6931 9.0195 1.4595 0.9331
13.9054 9.2385 1.4133 0.9352
13.3952 9.6094 1.3955 0.9360
13.1280 10.1501 1.4047 0.9356
12.7136 10.5796 1.4001 0.9358
17.0804 15.2828 1.9402 0.9121
16.3922 15.7615 1.9250 0.9128
16.0972 16.6293 1.9592 0.9113
10.7131 11.8927 1.3550 0.9378
10.2551 12.2398 1.3517 0.9379
9.1645 12.6850 1.3247 0.9391
11.4172 20.0318 1.9518 0.9116
10.7411 20.5234 1.9609 0.9112
9.8280 20.5399 1.9275 0.9126
9.1572 21.0450 1.9429 0.9120
6.0179 15.3090 1.3925 0.9361
5.5242 15.6832 1.4076 0.9354
4.9257 15.7670 1.3983 0.9358
3.1449 25.3493 2.1623 0.9025
0.3026 19.1290 1.6195 0.9261
-2.8344 30.7874 2.6173 0.8833
-3.6746 22.2670 1.9105 0.9134
-4.8451 12.1736 1.1092 0.9488
-17.1308 32.3971 3.1023 0.8632
13.7473 9.3520 1.0310 0.9355
13.2028 11.2336 1.0750 0.9329
16.6652 16.3788 1.4490 0.9106
10.5716 11.9972 0.9916 0.9379
10.1142 12.3438 0.9896 0.9380
9.4794 12.4547 0.9706 0.9392
9.0253 12.7848 0.9704 0.9392
8.2561 13.6815 0.9909 0.9380
11.2758 20.2971 1.4398 0.9111
9.6603 20.7705 1.4205 0.9123
5.8675 15.4201 1.0231 0.9360
4.7703 15.8786 1.0281 0.9357
4.2539 16.2541 1.0419 0.9349
4.5496 24.4151 1.5400 0.9053
3.7007 24.7611 1.5525 0.9045
2.2012 19.4866 1.2161 0.9244
1.4309 18.6412 1.1593 0.9278
0.7800 19.1347 1.1875 0.9261
0.0938 19.2792 1.1955 0.9256
-2.3625 22.9107 1.4282 0.9118
-4.8907 22.9040 1.4523 0.9104
-8.5136 25.8647 1.6885 0.8966
-4.5107 12.2105 0.8072 0.9492
-13.2025 29.1245 1.9829 0.8797
-17.6692 32.5478 2.2965 0.8621
-18.8897 32.0025 2.3044 0.8616
-23.1386 36.1714 2.6627 0.8419
-9.4793 13.7092 1.0335 0.9354
-44.8053 -8.2503 2.8251 0.8331
-41.5901 -9.2117 2.6415 0.8431
-45.3073 -13.5062 2.9317 0.8274
-42.6215 -17.8863 2.8662 0.8309
-45.0980 -20.8581 3.0812 0.8194
-19.6666 -16.0445 1.5739 0.9033
-12.3826 -10.8645 1.0215 0.9361
-13.7675 -30.8179 2.0931 0.8735
-14.2632 -44.1436 2.8767 0.8303
-4.4766 -15.7667 1.0163 0.9364
-9.2556 -37.6949 2.4069 0.8559
-6.0412 -35.3991 2.2268 0.8660
-2.3420 -38.0880 2.3663 0.8582
-0.9872 -38.6482 2.3974 0.8565
1.9038 -41.1741 2.5560 0.8477
3.4815 -42.3208 2.6332 0.8435
5.0954 -42.9988 2.6850 0.8407
6.8665 -44.2861 2.7790 0.8356
4.4536 -23.1950 1.4646 0.9097
19.6442 -34.9098 2.4839 0.8517
31.0475 -13.5880 2.1016 0.8730
32.2072 -4.0652 2.0130 0.8780
27.2874 -0.4896 1.6923 0.8964
26.5397 0.4760 1.6460 0.8991
11.3293 0.6102 0.7036 0.9555
11.2634 1.0128 0.7013 0.9557
22.6760 2.8621 1.4173 0.9125
22.1237 3.6026 1.3900 0.9141
18.5719 5.8451 1.2073 0.9249
17.5370 6.9366 1.1695 0.9272
17.7491 7.7678 1.2014 0.9253
22.7226 10.9316 1.5636 0.9039
15.1448 8.6744 1.0823 0.9324
14.3474 8.9158 1.0475 0.9345
13.0481 10.2030 1.0271 0.9358
13.0148 10.9514 1.0548 0.9341
17.0371 15.4129 1.4246 0.9120
10.6416 11.9441 0.9920 0.9379
9.5487 12.4043 0.9707 0.9392
8.7981 13.3036 0.9890 0.9381
8.3280 13.6314 0.9906 0.9380
11.3793 20.2219 1.4389 0.9112
10.6983 20.7170 1.4458 0.9108
9.7624 20.6931 1.4188 0.9124
8.9708 20.9291 1.4120 0.9128
4.6850 24.3997 1.5407 0.9052
3.8253 24.6705 1.5481 0.9048
1.5276 18.5679 1.1553 0.9281
-1.7886 29.0921 1.8074 0.8898
-2.9760 30.4959 1.9000 0.8844
-2.9607 22.1042 1.3829 0.9145
-8.3306 33.9287 2.1664 0.8693
-7.3335 25.8295 1.6650 0.8980
-4.9495 12.2404 0.8187 0.9485
-12.9660 29.0243 1.9712 0.8804
-14.9297 30.4387 2.1023 0.8730
-18.7528 32.1717 2.3092 0.8614
-22.7288 35.9630 2.6381 0.8432
-20.5687 24.0705 1.9633 0.8808
-28.1823 0.0773 1.7476 0.8932
-47.4007 -4.9896 2.9556 0.8261
-41.8452 -9.0282 2.6545 0.8423
-41.9831 -10.6471 2.6858 0.8406
-28.1408 -9.3291 1.8384 0.8880
-42.8616 -17.7117 2.8758 0.8304
-33.6574 -16.8268 2.3334 0.8600
-13.2696 -8.5283 0.9781 0.9387
-20.2023 -15.1348 1.5653 0.9038
-12.5675 -10.9055 1.0318 0.9355
-3.3523 -15.6987 0.9954 0.9377
-3.8171 -37.0158 2.3075 0.8615
-2.5417 -37.9429 2.3581 0.8586
-1.1943 -38.4977 2.3884 0.8570
3.2345 -42.1413 2.6209 0.8442
4.7697 -31.9158 2.0011 0.8787
4.2820 -22.9798 1.4495 0.9106
10.5298 -47.0672 2.9908 0.8242
30.9430 -13.7446 2.0996 0.8731
47.0993 -13.2648 3.0343 0.8219
37.1129 -7.6305 2.3495 0.8591
30.9947 -2.9584 1.9307 0.8827
27.4999 -0.6440 1.7058 0.8956
11.3958 0.5512 0.7075 0.9553
22.8247 2.7540 1.4256 0.9120
22.2691 3.5013 1.3979 0.9136
22.3160 4.3340 1.4097 0.9129
19.7486 5.3291 1.2684 0.9213
17.9891 6.2687 1.1813 0.9265
17.6413 7.6058 1.1913 0.9259
22.8498 10.8392 1.5683 0.9036
15.2278 8.6115 1.0848 0.9323
14.6910 9.0182 1.0689 0.9332
13.9044 9.2379 1.0352 0.9353
13.3942 9.6087 1.0222 0.9361
13.1261 10.1487 1.0289 0.9357
9.6181 12.3539 0.9709 0.9392
9.1639 12.6841 0.9703 0.9392
10.8027 20.6411 1.4447 0.9109
9.8643 20.6159 1.4172 0.9125
6.0170 15.3068 1.0199 0.9362
4.9253 15.7659 1.0242 0.9359
4.4130 16.1384 1.0375 0.9351
3.9564 16.8177 1.0713 0.9331
3.9493 24.5804 1.5438 0.9050
0.9820 18.9815 1.1786 0.9267
-0.3939 19.6338 1.2178 0.9243
-1.1487 20.5161 1.2742 0.9209
-2.8578 22.2617 1.3918 0.9140
-3.6940 22.3847 1.4069 0.9131
-4.5840 22.6810 1.4349 0.9114
-5.7151 23.8395 1.5202 0.9064
-4.3814 12.2722 0.8081 0.9491
-4.8424 12.1666 0.8120 0.9489
-12.6804 28.8073 1.9518 0.8815
-18.6147 32.3405 2.3139 0.8611
14.2658 8.9737 0.6645 0.9348
13.7463 9.3514 0.6556 0.9356
12.9685 10.2557 0.6519 0.9360
13.2058 11.2361 0.6837 0.9329
16.6640 16.3777 0.9213 0.9107
9.0247 12.7840 0.6170 0.9393
8.7253 13.3517 0.6289 0.9381
8.2550 13.6796 0.6300 0.9380
10.7112 21.0234 0.9304 0.9099
9.6590 20.7677 0.9031 0.9124
6.7989 16.1050 0.6893 0.9324
5.8667 15.4180 0.6505 0.9361
4.7700 15.8774 0.6537 0.9358
4.5493 24.4134 0.9792 0.9054
3.7004 24.7592 0.9871 0.9046
1.4307 18.6381 0.7371 0.9279
-0.6249 20.1475 0.7948 0.9225
-2.3625 22.9109 0.9082 0.9119
-3.9536 22.4265 0.8979 0.9129
-4.8902 22.9017 0.9234 0.9105
-8.5452 33.9982 1.3823 0.8691
-8.5132 25.8638 1.0737 0.8967
-13.2021 29.1235 1.2609 0.8799
-18.8714 31.9715 1.4639 0.8619
-23.1343 36.1646 1.6928 0.8421
-9.4779 13.7071 0.6571 0.9355
-20.5150 23.7432 1.2373 0.8820
-47.4291 -5.2553 1.8816 0.8261
-45.3646 -13.5233 1.8665 0.8274
-41.5214 -14.0177 1.7280 0.8391
-45.1015 -20.8598 1.9594 0.8196
-33.9805 -17.2216 1.5021 0.8586
-13.6677 -30.5945 1.3213 0.8745
-9.2563 -37.6979 1.5306 0.8561
-7.1079 -34.2022 1.3774 0.8695
-2.4090 -17.9841 0.7155 0.9299
-3.6263 -37.1576 1.4721 0.8612
-2.3422 -38.0911 1.5048 0.8583
5.0959 -43.0028 1.7075 0.8408
6.8672 -44.2904 1.7673 0.8358
31.0253 -13.5783 1.3354 0.8732
31.2185 -2.8073 1.2359 0.8821
29.2324 -1.5746 1.1543 0.8894
27.2841 -0.4895 1.0760 0.8965
26.5422 0.4760 1.0468 0.8992
11.3151 0.6094 0.4468 0.9557
22.6737 2.8618 0.9011 0.9126
22.1193 3.6019 0.8837 0.9142
22.4133 4.4803 0.9013 0.9126
19.6328 5.4133 0.8030 0.9217
17.5341 6.9355 0.7435 0.9273
17.7512 7.7687 0.7641 0.9254
21.9054 11.5236 0.9760 0.9057
15.1426 8.6731 0.6881 0.9325
13.0462 10.2016 0.6530 0.9359
13.0196 10.9555 0.6709 0.9342
16.7690 16.3014 0.9222 0.9106
16.2638 16.9865 0.9273 0.9102
10.1825 12.2893 0.6293 0.9381
9.0940 12.7336 0.6170 0.9393
8.7969 13.3018 0.6288 0.9382
8.3269 13.6295 0.6298 0.9381
10.8169 20.9466 0.9296 0.9099
9.7611 20.6903 0.9021 0.9125
5.4464 15.7365 0.6566 0.9355
4.8476 15.8210 0.6525 0.9359
4.3333 16.1949 0.6610 0.9351
3.8722 16.8735 0.6826 0.9330
3.8250 24.6686 0.9843 0.9049
3.0323 25.5873 1.0160 0.9020
-0.5034 19.7118 0.7775 0.9241
-1.7883 29.0870 1.1491 0.8899
-3.0264 31.0122 1.2286 0.8827
-2.9607 22.1045 0.8794 0.9146
-4.7359 22.7895 0.9178 0.9110
-8.3677 34.0800 1.3837 0.8689
-7.3336 25.8296 1.0587 0.8981
-15.0037 30.5898 1.3435 0.8725
-17.2832 32.2567 1.4430 0.8637
-18.7478 32.1632 1.4680 0.8615
-30.7489 31.1538 1.7260 0.8393
-28.1553 0.0772 1.1102 0.8934
-35.5656 -2.4581 1.4057 0.8670
-44.5917 -7.9589 1.7861 0.8342
-40.7407 -15.1485 1.7139 0.8403
-42.8650 -17.7131 1.8289 0.8306
-45.3542 -20.6760 1.9654 0.8191
-12.5765 -10.9133 0.6566 0.9355
-12.0735 -11.2608 0.6510 0.9360
-15.0166 -45.6202 1.8938 0.8251
-4.5727 -15.7757 0.6477 0.9364
-9.5912 -38.1584 1.5514 0.8543
-3.3525 -15.6999 0.6330 0.9378
-3.8174 -37.0187 1.4674 0.8616
-2.5419 -37.9459 1.4996 0.8588
0.1940 -39.9347 1.5747 0.8523
10.6126 -47.4373 1.9167 0.8232
12.8352 -37.7539 1.5724 0.8525
30.9209 -13.7348 1.3341 0.8733
45.3457 -12.7709 1.8576 0.8281
36.2699 -6.1105 1.4503 0.8631
31.1598 -2.9741 1.2342 0.8822
26.6141 0.3316 1.0495 0.8989
11.2121 0.9463 0.4437 0.9560
22.8224 2.7537 0.9064 0.9121
19.7452 5.3281 0.8064 0.9214
17.9876 6.2682 0.7511 0.9266
17.6361 6.8644 0.7462 0.9270
22.8480 10.8383 0.9971 0.9037
22.0279 11.4345 0.9786 0.9054
15.2255 8.6102 0.6897 0.9324
13.1242 10.1472 0.6541 0.9357
16.7536 16.1089 0.9164 0.9112
16.3689 16.9100 0.9280 0.9101
10.7102 11.8894 0.6310 0.9380
10.2523 12.2365 0.6295 0.9381
9.1633 12.6832 0.6170 0.9393
11.6099 20.3700 0.9245 0.9104
10.9224 20.8698 0.9288 0.9100
9.8630 20.6130 0.9010 0.9126
5.5226 15.6787 0.6555 0.9356
4.8049 24.3046 0.9769 0.9056
3.1631 25.4961 1.0130 0.9023
-0.3938 19.6321 0.7743 0.9244
-2.8428 30.8787 1.2227 0.8833
-4.8396 12.1596 0.5160 0.9490
-12.7477 28.9603 1.2477 0.8810
14.2647 8.9731 0.2847 0.9348
13.7453 9.3507 0.2808 0.9357
12.9667 10.2542 0.2792 0.9360
13.2087 11.2386 0.2930 0.9330
16.9266 15.4822 0.3875 0.9123
16.1576 17.0617 0.3969 0.9103
10.1115 12.3404 0.2695 0.9382
9.0241 12.7831 0.2643 0.9393
8.7241 13.3499 0.2694 0.9382
9.6576 20.7648 0.3868 0.9125
5.8658 15.4158 0.2786 0.9361
5.3690 15.7923 0.2818 0.9354
4.7696 15.8763 0.2800 0.9358
3.7876 16.9296 0.2930 0.9330
4.5490 24.4117 0.4195 0.9054
3.7001 24.7573 0.4228 0.9047
1.4305 18.6351 0.3157 0.9280
0.0938 19.2759 0.3256 0.9258
-0.6248 20.1441 0.3404 0.9225
-2.3625 22.9112 0.3891 0.9120
-3.0624 21.9497 0.3744 0.9152
-4.8897 22.8993 0.3955 0.9106
-7.4410 25.6724 0.4515 0.8986
-4.5000 12.1815 0.2194 0.9494
-5.0526 12.3011 0.2246 0.9482
-13.2016 29.1225 0.5401 0.8799
-16.3307 32.8393 0.6195 0.8635
-17.6648 32.5397 0.6254 0.8623
-23.1299 36.1578 0.7250 0.8422
-9.4765 13.7051 0.2815 0.9355
-47.4273 -5.2551 0.8060 0.8262
-45.3029 -13.5049 0.7985 0.8277
-17.5286 -43.3482 0.7898 0.8294
-4.0649 -16.5550 0.2879 0.9341
-3.4313 -16.5109 0.2849 0.9348
-3.0246 -17.7230 0.3037 0.9306
-2.3423 -38.0942 0.6447 0.8584
-0.9874 -38.6547 0.6532 0.8567
0.4071 -39.3981 0.6655 0.8542
5.0964 -43.0068 0.7315 0.8409
4.4117 -22.9770 0.3952 0.9106
19.6142 -34.8566 0.6757 0.8521
31.0032 -13.5686 0.5717 0.8734
31.2212 -2.8076 0.5295 0.8821
27.2809 -0.4894 0.4609 0.8966
26.5447 0.4761 0.4485 0.8992
11.3010 0.6086 0.1912 0.9557
22.6715 2.8615 0.3860 0.9126
22.1150 3.6012 0.3785 0.9143
19.6295 5.4124 0.3440 0.9218
18.5687 5.8441 0.3288 0.9251
17.9424 6.3628 0.3216 0.9267
17.5312 6.9344 0.3185 0.9274
17.7532 7.7696 0.3274 0.9254
15.1403 8.6718 0.2947 0.9326
14.3453 8.9145 0.2853 0.9347
13.8237 9.2937 0.2814 0.9355
13.0444 10.2001 0.2797 0.9359
17.0323 15.4085 0.3880 0.9122
16.7679 16.3003 0.3950 0.9107
16.2627 16.9853 0.3972 0.9102
10.6387 11.9409 0.2701 0.9380
10.1812 12.2876 0.2696 0.9382
9.5474 12.4026 0.2644 0.9393
8.7957 13.3000 0.2693 0.9382
9.7597 20.6874 0.3864 0.9126
5.9407 15.3590 0.2782 0.9362
5.4456 15.7343 0.2812 0.9356
4.8473 15.8198 0.2795 0.9360
4.3330 16.1937 0.2832 0.9351
4.6836 24.3923 0.4196 0.9054
3.8247 24.6667 0.4217 0.9050
3.0318 25.5834 0.4352 0.9021
1.5271 18.5619 0.3146 0.9282
0.8810 19.0516 0.3222 0.9265
0.1985 19.1998 0.3243 0.9261
-2.9608 22.1050 0.3767 0.9146
-3.8372 22.4855 0.3853 0.9128
-8.3160 25.7380 0.4569 0.8974
-4.4355 12.2123 0.2195 0.9493
-4.9438 12.2262 0.2228 0.9486
-14.9995 30.5811 0.5754 0.8726
-17.2776 32.2462 0.6180 0.8639
-19.8998 34.1395 0.6675 0.8538
-20.4129 23.8881 0.5308 0.8819
-47.4104 -4.9906 0.8053 0.8264
-44.0897 -12.8809 0.7759 0.8321
-40.7429 -15.1493 0.7343 0.8404
-42.8685 -17.7145 0.7835 0.8306
-45.3578 -20.6776 0.8420 0.8192
-13.2640 -8.5247 0.2663 0.9389
-12.5854 -10.9211 0.2815 0.9355
-13.7735 -41.8436 0.7441 0.8384
-4.1628 -16.5618 0.2885 0.9340
-3.5271 -16.5175 0.2853 0.9347
-3.8177 -37.0216 0.6287 0.8617
-1.1945 -38.5041 0.6507 0.8572
1.6714 -41.0121 0.6933 0.8486
6.1845 -41.3825 0.7068 0.8459
4.2705 -22.9181 0.3938 0.9110
9.5008 -42.4679 0.7351 0.8402
30.8989 -13.7250 0.5711 0.8735
45.3367 -12.7683 0.7956 0.8283
37.1006 -7.6280 0.6398 0.8594
36.2728 -6.1110 0.6214 0.8632
27.4933 -0.6439 0.4646 0.8958
26.6078 0.3315 0.4495 0.8990
22.3199 4.3348 0.3841 0.9131
30.0490 6.9627 0.5210 0.8839
19.7418 5.3272 0.3454 0.9215
17.9861 6.2676 0.3218 0.9266
17.6332 6.8633 0.3196 0.9271
22.8462 10.8375 0.4271 0.9038
15.2232 8.6089 0.2954 0.9324
13.9024 9.2365 0.2819 0.9354
13.1223 10.1458 0.2802 0.9358
12.7277 10.5913 0.2797 0.9359
16.7629 16.1179 0.3928 0.9112
16.3678 16.9089 0.3975 0.9101
10.7087 11.8878 0.2703 0.9380
9.1627 12.6824 0.2643 0.9393
8.7084 13.0126 0.2645 0.9393
9.1534 21.0364 0.3875 0.9123
6.0153 15.3025 0.2777 0.9363
5.5219 15.6765 0.2808 0.9357
4.4124 16.1360 0.2826 0.9353
3.9552 16.8127 0.2918 0.9332
3.9486 24.5766 0.4205 0.9052
3.1626 25.4922 0.4339 0.9023
1.6440 18.7283 0.3176 0.9275
0.3025 19.1242 0.3231 0.9263
-0.3938 19.6305 0.3317 0.9245
-1.1483 20.5090 0.3470 0.9211
-8.1115 25.5830 0.4533 0.8982
-4.8368 12.1526 0.2209 0.9490
-14.6870 30.3632 0.5697 0.8738
-16.9245 32.0069 0.6116 0.8652
-19.1436 33.2593 0.6483 0.8577
13.4224 9.8532 -0.0937 0.9356
12.9648 10.2528 -0.0931 0.9360
16.6617 16.3754 -0.1315 0.9108
10.1101 12.3388 -0.0898 0.9382
9.4775 12.4522 -0.0881 0.9393
8.2527 13.6758 -0.0899 0.9381
11.3992 20.5193 -0.1322 0.9104
5.8650 15.4136 -0.0929 0.9362
5.3683 15.7901 -0.0939 0.9355
4.7693 15.8751 -0.0933 0.9358
4.5486 24.4100 -0.1398 0.9055
2.2013 19.4875 -0.1104 0.9246
1.4302 18.6321 -0.1052 0.9280
0.7796 19.1252 -0.1078 0.9263
0.0938 19.2743 -0.1085 0.9258
-2.3625 22.9114 -0.1297 0.9120
-3.0625 21.9502 -0.1248 0.9152
-3.9532 22.4246 -0.1282 0.9129
-8.5415 33.9834 -0.1973 0.8692
-8.5126 25.8619 -0.1533 0.8968
-4.4947 12.1671 -0.0730 0.9494
-13.2012 29.1215 -0.1800 0.8799
-9.4750 13.7030 -0.0938 0.9355
-20.5033 23.7296 -0.1766 0.8821
-46.2222 -11.9918 -0.2689 0.8261
-40.6124 -15.3543 -0.2445 0.8406
-45.1086 -20.8630 -0.2798 0.8197
-12.0375 -11.3511 -0.0932 0.9360
-24.1630 -24.4808 -0.1937 0.8715
-16.1692 -44.5179 -0.2667 0.8274
-13.5942 -42.0733 -0.2489 0.8379
-11.3774 -40.0715 -0.2345 0.8465
-6.0425 -35.4072 -0.2022 0.8662
-4.8581 -36.2683 -0.2060 0.8638
-2.3425 -38.0973 -0.2149 0.8584
0.4144 -40.1017 -0.2258 0.8518
3.4824 -42.3322 -0.2391 0.8437
5.0969 -43.0108 -0.2439 0.8409
10.8393 -47.2352 -0.2729 0.8238
26.7908 -37.5136 -0.2595 0.8316
42.5102 -10.0960 -0.2460 0.8396
36.6934 -7.3352 -0.2106 0.8610
29.2182 -1.5738 -0.1647 0.8895
27.2776 -0.4894 -0.1536 0.8966
11.2869 0.6079 -0.0636 0.9558
11.2535 1.0119 -0.0636 0.9558
22.6692 2.8612 -0.1287 0.9127
22.1106 3.6005 -0.1261 0.9143
22.4173 4.4811 -0.1287 0.9126
29.8663 7.0929 -0.1728 0.8844
19.6261 5.4114 -0.1146 0.9218
18.5671 5.8436 -0.1096 0.9251
17.5283 6.9332 -0.1061 0.9274
22.7173 10.9291 -0.1419 0.9041
15.1381 8.6705 -0.0982 0.9326
14.3442 8.9138 -0.0951 0.9347
10.6373 11.9392 -0.0900 0.9380
10.1798 12.2860 -0.0898 0.9382
11.5038 20.4432 -0.1321 0.9104
10.8154 20.9437 -0.1327 0.9100
4.3327 16.1925 -0.0944 0.9351
4.6829 24.3886 -0.1398 0.9054
3.8244 24.6648 -0.1405 0.9050
1.5268 18.5589 -0.1048 0.9282
0.1985 19.1982 -0.1081 0.9261
-1.7877 29.0768 -0.1640 0.8900
-3.0258 31.0065 -0.1754 0.8828
-3.8364 22.4811 -0.1284 0.9128
-4.7350 22.7849 -0.1311 0.9111
-19.8933 34.1283 -0.2224 0.8538
-47.4153 -4.9911 -0.2684 0.8264
-44.5880 -7.9582 -0.2550 0.8343
-41.8567 -9.0307 -0.2411 0.8426
-41.9824 -10.6469 -0.2438 0.8409
-42.8719 -17.7159 -0.2612 0.8306
-12.5944 -10.9288 -0.0939 0.9355
-12.0242 -11.2148 -0.0926 0.9363
-24.2140 -24.2653 -0.1930 0.8719
-24.0198 -25.8629 -0.1987 0.8683
-12.0364 -41.5258 -0.2434 0.8412
-2.9966 -16.9971 -0.0972 0.9333
-3.8180 -37.0245 -0.2096 0.8617
-2.5423 -37.9521 -0.2142 0.8589
-1.1946 -38.5073 -0.2169 0.8572
0.1941 -39.9415 -0.2249 0.8523
1.6715 -41.0157 -0.2311 0.8486
6.3357 -42.3944 -0.2413 0.8424
4.2647 -22.8873 -0.1311 0.9111
26.6341 -37.7292 -0.2600 0.8313
36.2757 -6.1115 -0.2071 0.8632
32.4945 -4.2824 -0.1845 0.8771
31.1424 -2.9725 -0.1761 0.8824
39.5358 -2.3467 -0.2230 0.8535
27.4900 -0.6438 -0.1548 0.8958
11.3139 0.5472 -0.0638 0.9557
22.8178 2.7531 -0.1294 0.9122
22.2559 3.4992 -0.1268 0.9138
22.3219 4.3351 -0.1280 0.9131
19.7384 5.3263 -0.1151 0.9215
18.6748 5.7653 -0.1100 0.9248
17.9846 6.2671 -0.1072 0.9266
17.6493 7.6093 -0.1082 0.9260
15.2210 8.6077 -0.0985 0.9324
13.9013 9.2358 -0.0940 0.9354
13.1204 10.1443 -0.0934 0.9358
12.7324 10.5952 -0.0933 0.9359
16.7722 16.1268 -0.1310 0.9111
10.7073 11.8862 -0.0901 0.9380
10.2495 12.2332 -0.0899 0.9382
9.6161 12.3514 -0.0881 0.9393
8.7078 13.0117 -0.0881 0.9393
10.9209 20.8670 -0.1326 0.9101
9.8602 20.6073 -0.1286 0.9127
9.1522 21.0335 -0.1291 0.9123
5.5211 15.6743 -0.0936 0.9357
4.9242 15.7625 -0.0930 0.9361
4.8034 24.2973 -0.1394 0.9057
3.9483 24.5747 -0.1401 0.9052
3.1622 25.4882 -0.1446 0.9024
1.6441 18.7289 -0.1059 0.9276
0.9815 18.9722 -0.1070 0.9268
0.3025 19.1226 -0.1077 0.9264
-0.3938 19.6288 -0.1105 0.9245
-1.1481 20.5054 -0.1156 0.9211
-2.8422 30.8731 -0.1746 0.8834
-4.5826 22.6741 -0.1302 0.9116
-4.3658 12.2285 -0.0731 0.9494
-12.7406 28.9441 -0.1781 0.8812
-14.6829 30.3547 -0.1898 0.8738
-16.9248 32.0074 -0.2039 0.8652
-19.1404 33.2537 -0.2160 0.8577
14.2626 8.9717 -0.4744 0.9348
13.7433 9.3493 -0.4680 0.9356
13.4237 9.8542 -0.4689 0.9355
16.6606 16.3743 -0.6578 0.9108
10.5659 11.9906 -0.4500 0.9381
8.2516 13.6739 -0.4497 0.9381
10.7090 21.0190 -0.6642 0.9099
9.6549 20.7590 -0.6447 0.9125
5.8642 15.4114 -0.4643 0.9361
5.3675 15.7878 -0.4695 0.9355
4.7689 15.8740 -0.4667 0.9358
3.7865 16.9246 -0.4883 0.9330
4.5483 24.4084 -0.6991 0.9054
0.0938 19.2727 -0.5427 0.9258
-0.6246 20.1372 -0.5673 0.9225
-2.3626 22.9117 -0.6486 0.9120
-3.0625 21.9507 -0.6241 0.9151
-3.9531 22.4237 -0.6411 0.9129
-4.8887 22.8947 -0.6592 0.9106
-8.5397 33.9760 -0.9865 0.8692
-7.4413 25.6731 -0.7527 0.8986
-5.0467 12.2868 -0.3740 0.9482
-16.3310 32.8399 -1.0327 0.8635
-9.4736 13.7009 -0.4690 0.9355
-44.0837 -6.4925 -1.2547 0.8367
-44.7976 -8.2489 -1.2826 0.8334
-41.6054 -9.2151 -1.1999 0.8432
-46.2262 -11.9929 -1.3447 0.8260
-43.9397 -13.0985 -1.2911 0.8324
-41.5285 -14.0201 -1.2342 0.8391
-40.6082 -15.3528 -1.2224 0.8405
-42.6351 -17.8920 -1.3019 0.8311
-45.1121 -20.8647 -1.3995 0.8196
-12.3490 -10.8350 -0.4626 0.9364
-12.0128 -11.3278 -0.4649 0.9361
-24.1582 -24.4760 -0.9684 0.8714
-6.0430 -35.4099 -1.0115 0.8661
-4.8585 -36.2711 -1.0304 0.8638
-3.6271 -37.1665 -1.0515 0.8612
-2.3427 -38.1003 -1.0748 0.8583
-0.9876 -38.6611 -1.0890 0.8566
1.9045 -41.1885 -1.1610 0.8479
5.0973 -43.0148 -1.2197 0.8409
6.6040 -42.5931 -1.2137 0.8416
10.8397 -47.2371 -1.3646 0.8237
19.5844 -34.8036 -1.1245 0.8523
30.9591 -13.5493 -0.9516 0.8735
36.6874 -7.3340 -1.0535 0.8610
36.4149 -5.9301 -1.0389 0.8627
29.2111 -1.5734 -0.8237 0.8895
26.5498 0.4762 -0.7477 0.8992
11.2728 0.6071 -0.3179 0.9558
22.6669 2.8609 -0.6433 0.9126
22.4194 4.4816 -0.6438 0.9126
29.8636 7.0923 -0.8643 0.8844
19.6227 5.4105 -0.5732 0.9218
17.9443 6.3634 -0.5361 0.9266
17.7573 7.7714 -0.5458 0.9254
22.7156 10.9282 -0.7098 0.9041
21.9004 11.5209 -0.6968 0.9057
14.3432 8.9132 -0.4755 0.9347
13.0340 10.9675 -0.4797 0.9341
17.0275 15.4042 -0.6465 0.9122
10.1784 12.2843 -0.4492 0.9382
9.5461 12.4009 -0.4407 0.9393
9.0921 12.7310 -0.4405 0.9393
8.7933 13.2964 -0.4489 0.9382
10.8146 20.9422 -0.6637 0.9100
9.7570 20.6816 -0.6439 0.9126
5.4440 15.7298 -0.4687 0.9356
3.8705 16.8660 -0.4873 0.9331
-3.0255 31.0037 -0.8771 0.8828
-2.9609 22.1060 -0.6280 0.9146
-3.8357 22.4766 -0.6421 0.9128
-8.3682 34.0819 -0.9882 0.8690
-4.4250 12.1834 -0.3650 0.9495
-13.0236 29.1532 -0.8991 0.8801
-14.9910 30.5638 -0.9585 0.8726
-22.7259 35.9584 -1.1978 0.8435
-28.5114 2.1276 -0.8051 0.8919
-28.0750 0.0769 -0.7905 0.8937
-47.4201 -4.9916 -1.3426 0.8263
-44.5087 -6.3063 -1.2658 0.8354
-41.8606 -9.0315 -1.2058 0.8425
-41.9821 -10.6468 -1.2196 0.8409
-46.8112 -15.5186 -1.3886 0.8209
-40.7475 -15.1510 -1.2241 0.8403
-14.3391 -31.6312 -0.9779 0.8703
-4.1554 -16.5321 -0.4800 0.9341
-3.8183 -37.0275 -1.0481 0.8616
-2.5425 -37.9551 -1.0711 0.8588
-1.1947 -38.5104 -1.0849 0.8571
0.1941 -39.9449 -1.1248 0.8523
3.2357 -42.1564 -1.1905 0.8443
6.3363 -42.3984 -1.2071 0.8424
4.2590 -22.8567 -0.6547 0.9112
10.6159 -47.4520 -1.3692 0.8232
17.6012 -29.1679 -0.9593 0.8726
18.8191 -28.7981 -0.9687 0.8714
37.0883 -7.6255 -1.0662 0.8594
32.4899 -4.2817 -0.9228 0.8771
39.5372 -2.3468 -1.1152 0.8534
27.4867 -0.6437 -0.7742 0.8958
26.5953 0.3313 -0.7489 0.8990
11.2998 0.5466 -0.3185 0.9557
11.2023 0.9455 -0.3166 0.9560
22.8155 2.7529 -0.6471 0.9121
30.0435 6.9614 -0.8684 0.8839
17.6273 6.8610 -0.5326 0.9271
17.6519 7.6104 -0.5413 0.9260
22.8427 10.8358 -0.7119 0.9038
22.0229 11.4319 -0.6987 0.9055
14.6824 9.0129 -0.4851 0.9334
13.9003 9.2352 -0.4699 0.9354
13.3904 9.6059 -0.4640 0.9362
13.1185 10.1429 -0.4669 0.9358
16.3656 16.9065 -0.6626 0.9101
10.7058 11.8845 -0.4504 0.9380
10.2481 12.2315 -0.4493 0.9381
9.6154 12.3505 -0.4407 0.9393
8.7072 13.0108 -0.4408 0.9393
8.3953 13.5738 -0.4494 0.9381
11.6075 20.3658 -0.6601 0.9105
10.9201 20.8655 -0.6631 0.9101
9.1509 21.0306 -0.6458 0.9123
5.5203 15.6720 -0.4679 0.9357
4.8027 24.2936 -0.6973 0.9057
1.6441 18.7295 -0.5294 0.9275
0.3024 19.1210 -0.5385 0.9263
-2.8420 30.8702 -0.8729 0.8833
-4.5822 22.6718 -0.6513 0.9116
-4.3606 12.2141 -0.3652 0.9494
-14.6787 30.3462 -0.9492 0.8738
-20.5342 24.2981 -0.8958 0.8805
13.2180 11.2466 -0.8801 0.9329
16.9195 15.4757 -1.1629 0.9123
16.6594 16.3732 -1.1846 0.9107
10.1074 12.3354 -0.8088 0.9381
9.0222 12.7805 -0.7934 0.9393
8.7205 13.3445 -0.8084 0.9381
8.2505 13.6721 -0.8098 0.9380
11.3976 20.5164 -1.1902 0.9103
10.7082 21.0176 -1.1963 0.9099
5.8633 15.4092 -0.8361 0.9361
5.3668 15.7856 -0.8456 0.9354
4.7686 15.8728 -0.8405 0.9358
4.2524 16.2481 -0.8518 0.9349
3.6992 24.7516 -1.2692 0.9046
2.2014 19.4880 -0.9946 0.9245
-0.6245 20.1338 -1.0216 0.9225
-2.3626 22.9120 -1.1681 0.9119
-3.0626 21.9511 -1.1240 0.9151
-3.9529 22.4228 -1.1547 0.9128
-4.8882 22.8923 -1.1872 0.9105
-4.1940 12.7417 -0.6803 0.9477
-13.2003 29.1195 -1.6214 0.8798
-16.3032 32.7841 -1.8569 0.8636
-17.5801 32.3838 -1.8687 0.8628
-23.1169 36.1375 -2.1756 0.8421
-9.4722 13.6989 -0.8446 0.9355
-28.9235 38.7791 -2.4534 0.8239
-20.4915 23.7160 -1.5895 0.8820
-31.0740 31.1403 -2.2310 0.8385
-44.6526 13.0456 -2.3592 0.8300
-45.7117 6.4771 -2.3414 0.8312
-45.9152 4.8335 -2.3414 0.8312
-22.3448 0.7407 -1.1338 0.9143
-22.6875 -0.0620 -1.1506 0.9131
-46.1187 -1.7813 -2.3406 0.8312
-46.0165 -3.4336 -2.3402 0.8313
-45.8538 -5.0807 -2.3397 0.8313
-44.1501 -6.5022 -2.2632 0.8363
-41.6092 -9.2160 -2.1613 0.8431
-44.5991 -11.5707 -2.3367 0.8315
-44.1376 -13.1575 -2.3357 0.8315
-41.7186 -19.2951 -2.3311 0.8319
-38.4329 -24.9989 -2.3251 0.8322
-29.4826 -20.7189 -1.8275 0.8656
-36.4895 -27.6498 -2.3218 0.8325
-11.9882 -11.3046 -0.8356 0.9361
-19.7715 -23.1373 -1.5434 0.8852
-19.4481 -26.3747 -1.6619 0.8770
-16.4214 -24.0288 -1.4760 0.8900
-24.2476 -38.3655 -2.3017 0.8338
-16.9291 -41.8658 -2.2902 0.8345
-11.3646 -40.0264 -2.1101 0.8465
-4.0579 -16.5266 -0.8630 0.9341
-3.4254 -16.4825 -0.8538 0.9348
-2.3393 -38.0446 -1.9330 0.8584
-0.9861 -38.6040 -1.9584 0.8567
1.9017 -41.1285 -2.0880 0.8480
6.7640 -29.4761 -1.5337 0.8859
11.4600 -42.8305 -2.2485 0.8373
12.9765 -42.3522 -2.2464 0.8374
15.9501 -41.2380 -2.2423 0.8377
18.8323 -39.9189 -2.2384 0.8380
20.2457 -39.2058 -2.2377 0.8380
31.6138 -35.4837 -2.4101 0.8267
34.2042 -33.2509 -2.4192 0.8261
37.8028 -29.5605 -2.4337 0.8251
41.0177 -25.4897 -2.4491 0.8241
27.1507 -13.0621 -1.5280 0.8863
30.9370 -13.5396 -1.7126 0.8735
43.3238 -15.3639 -2.3312 0.8318
36.3541 -5.9202 -1.8680 0.8628
32.1844 -4.0624 -1.6452 0.8782
29.2040 -1.5730 -1.4832 0.8895
11.2587 0.6064 -0.5718 0.9558
22.1019 3.5991 -1.1356 0.9142
29.8609 7.0916 -1.5565 0.8843
19.6194 5.4096 -1.0321 0.9217
17.7595 7.7723 -0.9831 0.9253
22.7138 10.9274 -1.2783 0.9040
15.1336 8.6679 -0.8845 0.9325
13.3127 9.6610 -0.8342 0.9362
13.0388 10.1957 -0.8394 0.9359
13.0375 10.9704 -0.8641 0.9340
17.0252 15.4020 -1.1643 0.9122
16.7644 16.2969 -1.1857 0.9106
16.2593 16.9818 -1.1923 0.9101
10.1770 12.2826 -0.8089 0.9381
9.5455 12.4001 -0.7936 0.9392
8.7921 13.2945 -0.8083 0.9382
8.3223 13.6220 -0.8096 0.9381
9.7557 20.6787 -1.1596 0.9125
5.9382 15.3525 -0.8348 0.9362
4.8462 15.8164 -0.8389 0.9359
4.6815 24.3812 -1.2591 0.9053
3.8238 24.6610 -1.2656 0.9049
3.0304 25.5714 -1.3059 0.9020
1.5263 18.5529 -0.9441 0.9282
0.8806 19.0422 -0.9667 0.9265
0.1985 19.1950 -0.9735 0.9260
-0.5032 19.7050 -0.9997 0.9241
-1.7871 29.0666 -1.4769 0.8899
-3.0252 31.0008 -1.5797 0.8827
-2.9610 22.1064 -1.1311 0.9145
-3.8349 22.4721 -1.1561 0.9127
-4.7340 22.7803 -1.1800 0.9110
-8.3500 34.0077 -1.7759 0.8691
-13.0199 29.1450 -1.6188 0.8800
-14.9359 30.4514 -1.7201 0.8730
-17.1970 32.0958 -1.8466 0.8643
-22.7252 35.9572 -2.1572 0.8434
-27.3531 40.0253 -2.4586 0.8235
-28.7188 38.9477 -2.4541 0.8238
-20.3953 23.8676 -1.5922 0.8818
-46.0115 19.3092 -2.5306 0.8189
-45.8011 15.4629 -2.4516 0.8240
-44.5965 13.2946 -2.3600 0.8300
-45.6753 6.7272 -2.3414 0.8312
-45.8880 5.0848 -2.3414 0.8312
-22.4383 0.8668 -1.1388 0.9140
-22.5978 0.0619 -1.1460 0.9135
-45.8826 -4.8298 -2.3398 0.8313
-44.5842 -7.9575 -2.2968 0.8341
-41.8645 -9.0323 -2.1719 0.8424
-41.9819 -10.6468 -2.1965 0.8407
-43.7013 -14.4876 -2.3349 0.8316
-40.7498 -15.1519 -2.2048 0.8402
-42.5073 -17.5652 -2.3325 0.8318
-41.8273 -19.0681 -2.3313 0.8318
-41.0919 -20.5437 -2.3299 0.8319
-40.3041 -21.9908 -2.3285 0.8320
-39.4645 -23.4074 -2.3270 0.8321
-29.5186 -20.5037 -1.8227 0.8659
-25.1897 -20.3217 -1.6414 0.8784
-12.6124 -10.9444 -0.8469 0.9353
-11.9753 -11.1692 -0.8305 0.9365
-21.2846 -21.3297 -1.5282 0.8863
-19.8680 -22.9941 -1.5411 0.8854
-19.4665 -24.2346 -1.5764 0.8829
-19.4112 -26.0252 -1.6465 0.8781
-16.5506 -23.9355 -1.4758 0.8900
-18.9165 -29.5707 -1.7803 0.8688
-23.0513 -39.0524 -2.2998 0.8339
-21.6144 -39.8146 -2.2975 0.8341
-14.3401 -31.6335 -1.7614 0.8701
-17.1607 -41.7790 -2.2906 0.8345
-15.6352 -42.3241 -2.2882 0.8347
-14.0926 -42.8131 -2.2858 0.8348
-4.1557 -16.5334 -0.8646 0.9340
-3.5210 -16.4892 -0.8551 0.9347
-6.1445 -34.8530 -1.7948 0.8678
-4.9810 -35.6991 -1.8280 0.8656
-3.8127 -36.9732 -1.8850 0.8617
1.6692 -40.9594 -2.0789 0.8486
3.2310 -42.0951 -2.1411 0.8444
6.6260 -29.6175 -1.5392 0.8855
12.7463 -42.4286 -2.2467 0.8374
14.2467 -41.9056 -2.2447 0.8376
15.7262 -41.3303 -2.2426 0.8377
18.6160 -40.0266 -2.2387 0.8379
20.0264 -39.3075 -2.2373 0.8380
19.0348 -34.2644 -1.9878 0.8547
16.3988 -27.1753 -1.6097 0.8806
18.3488 -28.0784 -1.7011 0.8743
25.5988 -36.2626 -2.2511 0.8371
28.6533 -37.6473 -2.3993 0.8274
36.4632 -31.0251 -2.4280 0.8255
38.7516 -28.4476 -2.4380 0.8249
39.8306 -27.0964 -2.4431 0.8245
40.8641 -25.7054 -2.4483 0.8242
40.3413 -23.4005 -2.3652 0.8296
27.6416 -13.4851 -1.5597 0.8841
43.2238 -15.5953 -2.3304 0.8319
43.8563 -14.0675 -2.3358 0.8315
44.4356 -12.5145 -2.3412 0.8312
36.2160 -6.1014 -1.8625 0.8632
32.4852 -4.2811 -1.6617 0.8770
39.5386 -2.3469 -2.0087 0.8533
27.4834 -0.6436 -1.3942 0.8957
11.2857 0.5459 -0.5730 0.9558
22.8132 2.7526 -1.1654 0.9121
30.0408 6.9608 -1.5639 0.8838
19.7316 5.3245 -1.0365 0.9214
18.6716 5.7643 -0.9910 0.9247
17.6244 6.8599 -0.9591 0.9271
17.6543 7.6114 -0.9750 0.9259
22.8409 10.8349 -1.2821 0.9037
13.8993 9.2345 -0.8463 0.9353
12.7419 10.6031 -0.8407 0.9358
17.1311 15.3282 -1.1658 0.9120
10.7044 11.8829 -0.8111 0.9380
9.1608 12.6798 -0.7933 0.9393
8.3941 13.5719 -0.8093 0.9381
11.6067 20.3644 -1.1887 0.9104
10.9194 20.8641 -1.1943 0.9100
9.8575 20.6016 -1.1582 0.9126
9.1497 21.0278 -1.1630 0.9122
6.0128 15.2960 -0.8335 0.9363
4.4114 16.1325 -0.8482 0.9352
3.9535 16.8053 -0.8755 0.9332
3.1612 25.4803 -1.3021 0.9023
1.6442 18.7301 -0.9535 0.9275
0.9812 18.9660 -0.9631 0.9268
0.3024 19.1194 -0.9698 0.9263
-0.3937 19.6254 -0.9955 0.9244
-2.8417 30.8675 -1.5720 0.8832
-4.5817 22.6696 -1.1729 0.9115
-7.2203 25.9710 -1.3671 0.8977
-8.1058 25.5649 -1.3601 0.8982
-4.8285 12.1318 -0.6622 0.9490
-14.6235 30.2321 -1.7031 0.8741
-16.8956 31.9522 -1.8330 0.8652
-19.1340 33.2426 -1.9452 0.8576
-22.4054 35.8848 -2.1455 0.8441
-20.4340 24.1796 -1.6055 0.8809
-30.5089 31.2510 -2.2149 0.8395
14.2605 8.9704 -1.2353 0.9347
13.7413 9.3480 -1.2186 0.9355
12.9593 10.2484 -1.2114 0.9359
16.6583 16.3720 -1.7126 0.9106
8.7193 13.3426 -1.1687 0.9381
10.7075 21.0161 -1.7294 0.9097
6.7999 16.1073 -1.2820 0.9323
5.8625 15.4070 -1.2087 0.9360
5.3660 15.7833 -1.2223 0.9353
4.6730 15.5548 -1.1909 0.9369
3.7854 16.9195 -1.2712 0.9328
4.5476 24.4044 -1.8202 0.9052
3.6990 24.7497 -1.8349 0.9045
1.4295 18.6230 -1.3695 0.9278
0.7792 19.1158 -1.4028 0.9261
0.0938 19.2695 -1.4129 0.9256
-0.6244 20.1303 -1.4767 0.9224
-1.9496 29.1073 -2.1390 0.8896
-3.0627 21.9516 -1.6251 0.9149
-3.9528 22.4219 -1.6694 0.9127
-4.8877 22.8900 -1.7162 0.9104
-8.1378 32.3773 -2.4478 0.8747
-7.4202 25.6006 -1.9544 0.8986
-5.0408 12.2725 -0.9728 0.9482
-13.1998 29.1185 -2.3442 0.8797
-17.8318 27.8756 -2.4263 0.8757
-19.7358 26.4608 -2.4204 0.8760
-19.2853 24.0094 -2.2580 0.8838
-20.8678 22.4693 -2.2484 0.8843
-23.1930 23.2425 -2.4075 0.8766
-26.3308 22.8490 -2.5562 0.8695
-27.8187 20.8411 -2.5486 0.8699
-28.5051 19.8000 -2.5448 0.8701
-30.3258 16.5467 -2.5330 0.8706
-31.7758 13.1309 -2.5210 0.8712
-32.1745 11.9636 -2.5169 0.8714
-32.8431 9.5954 -2.5088 0.8718
-33.1125 8.3977 -2.5047 0.8720
-32.1362 5.7360 -2.3935 0.8773
-21.7271 -0.0594 -1.5931 0.9165
-31.0925 -5.7253 -2.3181 0.8809
-30.5873 -7.9355 -2.3170 0.8810
-23.8129 -7.0987 -1.8219 0.9051
-29.9223 -10.1018 -2.3156 0.8810
-28.6337 -13.2433 -2.3132 0.8811
-25.7420 -18.0901 -2.3069 0.8814
-25.0772 -19.0022 -2.3070 0.8814
-24.3673 -19.8793 -2.3058 0.8815
-21.1511 -21.4293 -2.2077 0.8862
-19.7726 -23.1386 -2.2316 0.8851
-19.4155 -24.4440 -2.2889 0.8823
-18.5869 -25.2068 -2.2964 0.8820
-17.6594 -25.8404 -2.2949 0.8820
-16.7102 -26.4396 -2.2933 0.8821
-5.9025 -11.0160 -0.9164 0.9511
-5.0838 -11.3798 -0.9139 0.9512
-4.7085 -11.6440 -0.9209 0.9509
-9.5698 -29.6179 -2.2822 0.8826
-3.4235 -16.4734 -1.2337 0.9347
-3.0132 -17.6564 -1.3133 0.9307
-1.9006 -30.9104 -2.2707 0.8832
-0.7903 -30.9366 -2.2691 0.8833
0.3196 -30.9229 -2.2675 0.8834
3.6315 -30.6451 -2.2627 0.8836
4.7250 -30.4742 -2.2611 0.8837
7.9644 -29.7660 -2.2593 0.8837
12.1788 -28.4139 -2.2667 0.8834
13.2024 -27.9851 -2.2688 0.8833
14.2779 -27.6492 -2.2816 0.8827
16.1642 -28.7255 -2.4168 0.8762
17.2297 -28.2021 -2.4232 0.8759
19.2504 -26.9553 -2.4287 0.8756
22.1155 -24.8226 -2.4376 0.8752
23.9006 -23.2344 -2.4440 0.8749
24.7521 -22.3927 -2.4474 0.8747
27.8588 -18.7298 -2.4614 0.8740
29.2173 -16.7348 -2.4688 0.8737
27.0634 -13.0201 -2.2020 0.8865
29.1040 -12.7374 -2.3294 0.8804
30.0372 -10.6521 -2.3368 0.8800
31.4534 -6.2877 -2.3519 0.8793
31.7099 -5.1639 -2.3557 0.8791
31.9263 -4.0298 -2.3595 0.8789
29.0976 -1.5673 -2.1366 0.8897
27.2679 -0.4892 -1.9997 0.8964
11.2447 0.6056 -0.8257 0.9558
11.2437 1.0110 -0.8277 0.9557
22.6624 2.8603 -1.6749 0.9125
22.0975 3.5984 -1.6416 0.9141
22.3440 4.4665 -1.6707 0.9127
19.6160 5.4086 -1.4920 0.9216
17.5196 6.9298 -1.3814 0.9272
17.7617 7.7733 -1.4216 0.9252
15.1314 8.6666 -1.2786 0.9325
14.3411 8.9119 -1.2380 0.9345
13.3117 9.6603 -1.2060 0.9362
13.0403 10.9729 -1.2496 0.9339
16.9789 15.3602 -1.6788 0.9123
16.2582 16.9806 -1.7237 0.9100
10.6329 11.9343 -1.1720 0.9379
10.1756 12.2810 -1.1694 0.9380
9.5448 12.3992 -1.1473 0.9392
8.7909 13.2927 -1.1685 0.9381
8.3212 13.6201 -1.1703 0.9380
11.5014 20.4390 -1.7196 0.9102
10.8132 20.9393 -1.7279 0.9098
8.9670 20.9203 -1.6689 0.9128
5.9373 15.3503 -1.2068 0.9361
5.4425 15.7253 -1.2201 0.9354
3.8693 16.8610 -1.2684 0.9330
3.8235 24.6591 -1.8297 0.9048
1.5261 18.5499 -1.3647 0.9281
0.8805 19.0390 -1.3975 0.9264
-1.7824 28.9898 -2.1296 0.8900
-3.0250 30.9980 -2.2836 0.8826
-2.9611 22.1069 -1.6354 0.9144
-3.8341 22.4677 -1.6712 0.9126
-7.3140 25.7608 -1.9635 0.8982
-8.2771 25.6176 -1.9740 0.8976
-4.4145 12.1545 -0.9482 0.9495
-4.9324 12.1980 -0.9647 0.9486
-12.9670 29.0265 -2.3310 0.8803
-14.6236 29.8147 -2.4349 0.8753
-15.6667 29.2397 -2.4323 0.8754
-16.6867 28.6271 -2.4296 0.8756
-19.8756 23.2595 -2.2433 0.8845
-20.6035 22.4297 -2.2331 0.8850
-23.0703 23.3741 -2.4080 0.8766
-25.3588 23.9131 -2.5557 0.8695
-26.2111 22.9979 -2.5568 0.8695
-26.9797 22.0109 -2.5530 0.8697
-29.6694 17.8181 -2.5376 0.8704
-31.2634 14.4597 -2.5256 0.8710
-33.0742 8.5810 -2.5054 0.8719
-33.3069 7.3773 -2.5013 0.8721
-32.4697 5.9791 -2.4208 0.8760
-31.5947 4.6534 -2.3416 0.8798
-24.4241 2.7064 -1.8018 0.9061
-21.9341 0.8473 -1.6095 0.9157
-22.2777 -0.7384 -1.6344 0.9145
-31.3101 -4.4362 -2.3187 0.8809
-31.1244 -5.5552 -2.3182 0.8809
-19.9022 -4.2939 -1.4929 0.9216
-30.6315 -7.7683 -2.3171 0.8810
-23.9196 -6.9881 -1.8272 0.9049
-29.5934 -11.0036 -2.3150 0.8811
-28.2086 -14.1027 -2.3124 0.8812
-19.0181 -10.3767 -1.5885 0.9168
-25.8556 -17.9594 -2.3083 0.8814
-25.1827 -18.8660 -2.3071 0.8814
-12.6214 -10.9523 -1.2253 0.9352
-19.8809 -19.9230 -2.0637 0.8933
-20.4947 -22.0673 -2.2082 0.8862
-18.7265 -25.1071 -2.2966 0.8819
-17.8024 -25.7459 -2.2951 0.8820
-5.5114 -11.0827 -0.9075 0.9516
-4.7659 -11.6029 -0.9197 0.9509
-3.5191 -16.4801 -1.2356 0.9346
-3.0364 -17.2231 -1.2823 0.9323
-3.1793 -30.8310 -2.2726 0.8831
-2.0701 -30.9030 -2.2710 0.8832
3.4640 -30.6678 -2.2629 0.8836
4.5586 -30.5028 -2.2614 0.8836
6.7243 -30.0568 -2.2583 0.8838
8.8710 -29.5287 -2.2607 0.8837
9.9321 -29.2145 -2.2625 0.8836
10.9826 -28.8636 -2.2644 0.8835
12.0214 -28.4762 -2.2664 0.8834
13.0470 -28.0528 -2.2685 0.8833
14.0584 -27.5937 -2.2707 0.8832
19.0992 -27.0554 -2.4283 0.8756
20.0810 -26.3842 -2.4311 0.8755
22.8847 -24.1655 -2.4403 0.8750
23.7681 -23.3600 -2.4435 0.8749
24.6240 -22.5231 -2.4468 0.8747
25.4512 -21.6554 -2.4502 0.8746
27.0150 -19.8318 -2.4572 0.8742
29.1185 -16.8906 -2.4682 0.8737
27.8340 -13.5790 -2.2708 0.8832
29.0269 -12.8935 -2.3288 0.8804
29.5171 -11.8628 -2.3325 0.8802
29.9712 -10.8137 -2.3362 0.8800
30.7676 -8.6652 -2.3437 0.8797
31.4107 -6.4582 -2.3513 0.8793
31.8959 -4.2035 -2.3589 0.8789
31.0372 -2.9624 -2.2861 0.8825
31.8194 -1.8887 -2.3372 0.8800
27.4801 -0.6435 -2.0154 0.8956
11.1958 0.9450 -0.8238 0.9559
22.8109 2.7523 -1.6847 0.9120
22.1617 3.4844 -1.6449 0.9140
30.0381 6.9602 -2.2608 0.8837
19.7282 5.3236 -1.4983 0.9213
22.8391 10.8341 -1.8535 0.9036
22.0195 11.4301 -1.8191 0.9053
15.2142 8.6038 -1.2816 0.9323
13.3884 9.6046 -1.2081 0.9361
16.5196 15.8839 -1.6803 0.9122
16.3633 16.9042 -1.7250 0.9100
10.2453 12.2282 -1.1697 0.9380
8.3930 13.5701 -1.1699 0.9380
11.6059 20.3630 -1.7185 0.9103
10.9186 20.8626 -1.7265 0.9099
6.0119 15.2938 -1.2049 0.9362
5.5187 15.6676 -1.2180 0.9355
4.9232 15.7591 -1.2106 0.9359
4.4111 16.1313 -1.2262 0.9351
3.9529 16.8028 -1.2657 0.9331
4.7888 24.2231 -1.8105 0.9057
3.9474 24.5691 -1.8246 0.9050
3.1526 25.4116 -1.8775 0.9024
1.6442 18.7306 -1.3787 0.9274
-0.3937 19.6237 -1.4391 0.9243
-2.8415 30.8646 -2.2726 0.8831
-4.5812 22.6672 -1.6956 0.9114
-5.6884 23.7279 -1.7891 0.9068
-7.2013 25.9024 -1.9713 0.8978
-8.0741 25.4651 -1.9588 0.8984
-4.8257 12.1248 -0.9568 0.9490
-18.5056 27.3997 -2.4243 0.8758
-19.7520 23.3727 -2.2437 0.8845
-22.9468 23.5050 -2.4085 0.8766
-25.1640 23.9910 -2.5492 0.8698
-26.0906 23.1462 -2.5573 0.8695
-26.8648 22.1632 -2.5536 0.8696
-28.9590 19.0632 -2.5421 0.8702
16.8715 15.4318 -2.1951 0.9122
16.6571 16.3709 -2.2422 0.9104
16.1521 17.0558 -2.2552 0.9099
10.7067 21.0147 -2.2643 0.9096
9.6264 20.6976 -2.1915 0.9124
5.8617 15.4048 -1.5824 0.9359
4.2518 16.2457 -1.6122 0.9347
3.7848 16.9170 -1.6643 0.9327
3.6987 24.7478 -2.4023 0.9043
2.1895 19.3834 -1.8727 0.9246
1.4242 18.5541 -1.7865 0.9280
0.0938 19.2678 -1.8498 0.9255
-0.6220 20.0544 -1.9263 0.9225
-2.3544 22.8332 -2.2037 0.9119
-3.9526 22.4209 -2.1857 0.9126
-4.8872 22.8876 -2.2469 0.9102
-4.1650 12.6535 -1.2789 0.9479
-11.9858 22.0787 -2.4119 0.9040
-12.7591 21.6163 -2.4098 0.9041
-9.4693 13.6948 -1.5985 0.9353
-16.3338 18.9041 -2.3985 0.9045
-16.9839 18.2874 -2.3960 0.9046
-18.7512 18.7912 -2.5486 0.8988
-19.3923 18.0872 -2.5459 0.8989
-21.1521 15.8466 -2.5374 0.8992
-22.1822 14.2566 -2.5315 0.8995
-23.0923 12.5999 -2.5255 0.8997
-23.8784 10.8858 -2.5194 0.8999
-25.0664 7.3233 -2.5071 0.9004
-21.8035 0.7228 -2.0944 0.9161
-21.7080 -0.0594 -2.0841 0.9165
-24.2400 -0.9363 -2.3289 0.9071
-24.1624 -1.8029 -2.3262 0.9072
-23.9157 -3.5222 -2.3208 0.9074
-23.7472 -4.3727 -2.3182 0.9075
-19.7999 -4.3854 -1.9470 0.9217
-23.3213 -6.0504 -2.3131 0.9077
-22.7793 -7.6904 -2.3082 0.9079
-20.5536 -12.3435 -2.3017 0.9082
-19.6023 -13.7755 -2.3001 0.9082
-19.0886 -14.4643 -2.2993 0.9082
-12.3423 -10.8291 -1.5764 0.9361
-11.9391 -11.2583 -1.5755 0.9362
-14.2847 -14.4726 -1.9522 0.9215
-15.5192 -18.1610 -2.2934 0.9085
-14.8508 -18.6970 -2.2923 0.9085
-14.1637 -19.2083 -2.2912 0.9086
-13.4590 -19.6941 -2.2901 0.9086
-5.7516 -10.7344 -1.1692 0.9522
-5.3930 -10.9950 -1.1757 0.9520
-5.0265 -11.2516 -1.1831 0.9517
-4.6543 -11.5102 -1.1920 0.9513
-3.9323 -12.1704 -1.2279 0.9499
-4.0560 -16.5187 -1.6330 0.9339
-3.4237 -16.4746 -1.6154 0.9346
-3.1449 -23.4784 -2.2742 0.9092
-2.2611 -23.1691 -2.2349 0.9107
-1.4526 -23.6236 -2.2723 0.9093
-0.6045 -23.6655 -2.2727 0.9093
0.2447 -23.6779 -2.2733 0.9092
2.7464 -23.1759 -2.2406 0.9105
3.4436 -22.2100 -2.1577 0.9136
4.1874 -21.8089 -2.1320 0.9146
5.1379 -22.3899 -2.2054 0.9118
6.9611 -22.7193 -2.2813 0.9089
7.9789 -23.0544 -2.3421 0.9066
9.1247 -23.5914 -2.4284 0.9034
9.9870 -23.3004 -2.4338 0.9031
11.6487 -22.5577 -2.4374 0.9030
12.4601 -22.1429 -2.4393 0.9029
13.2571 -21.6996 -2.4413 0.9029
14.0388 -21.2283 -2.4434 0.9028
14.8042 -20.7294 -2.4455 0.9027
15.5523 -20.2035 -2.4478 0.9026
16.2822 -19.6512 -2.4501 0.9025
17.6837 -18.4698 -2.4549 0.9024
18.3535 -17.8419 -2.4574 0.9023
19.0014 -17.1901 -2.4600 0.9022
21.8840 -13.5994 -2.4736 0.9016
22.3836 -12.8207 -2.4765 0.9015
22.8559 -12.0237 -2.4794 0.9014
23.2805 -11.2002 -2.4802 0.9014
23.2754 -7.3256 -2.3426 0.9066
23.5521 -6.4941 -2.3455 0.9065
13.6983 -3.2533 -1.3517 0.9450
24.0161 -4.8009 -2.3513 0.9063
24.3585 -3.0746 -2.3571 0.9061
24.5765 -1.3238 -2.3629 0.9058
11.2404 1.0107 -1.0835 0.9557
22.0137 3.5847 -2.1413 0.9143
22.3460 4.4669 -2.1878 0.9125
19.5432 5.3886 -1.9463 0.9218
17.6659 7.7314 -1.8513 0.9254
22.5329 10.8403 -2.4006 0.9044
21.8954 11.5183 -2.3752 0.9054
15.0758 8.6348 -1.6679 0.9326
13.8186 9.2903 -1.5986 0.9353
13.0350 10.1928 -1.5886 0.9357
16.9765 15.3580 -2.1978 0.9121
16.2570 16.9795 -2.2568 0.9099
9.5442 12.3984 -1.5021 0.9391
8.7897 13.2909 -1.5298 0.9380
8.3200 13.6182 -1.5321 0.9379
11.5006 20.4375 -2.2514 0.9101
10.8124 20.9379 -2.2623 0.9097
9.7284 20.6209 -2.1890 0.9125
4.6955 15.3245 -1.5387 0.9376
4.3314 16.1878 -1.6088 0.9349
3.8687 16.8585 -1.6606 0.9329
3.8233 24.6572 -2.3955 0.9046
1.5205 18.4818 -1.7803 0.9282
0.8771 18.9654 -1.8227 0.9265
0.1985 19.1917 -1.8426 0.9258
-0.5031 19.7016 -1.8921 0.9239
-6.8921 24.2748 -2.4226 0.9036
-4.4093 12.1401 -1.2400 0.9494
-4.9295 12.1910 -1.2625 0.9485
-11.0733 22.5764 -2.4141 0.9039
-11.8663 22.1468 -2.4122 0.9040
-12.6423 21.6887 -2.4101 0.9040
-13.4002 21.2027 -2.4080 0.9041
-14.8582 20.1503 -2.4036 0.9043
-16.2326 18.9961 -2.3989 0.9045
-19.2961 18.1961 -2.5463 0.8989
-19.9146 17.4733 -2.5435 0.8990
-22.1078 14.3803 -2.5320 0.8994
-22.5827 13.5622 -2.5290 0.8996
-23.0272 12.7284 -2.5260 0.8997
-23.8229 11.0184 -2.5199 0.8999
-24.1733 10.1446 -2.5168 0.9000
-25.4383 5.6345 -2.5014 0.9006
-24.4509 2.7094 -2.3618 0.9059
-23.1334 1.7263 -2.2271 0.9110
-21.6581 0.0594 -2.0793 0.9166
-22.2356 -0.7370 -2.1359 0.9145
-23.9388 -3.3918 -2.3212 0.9074
-23.3579 -5.9237 -2.3135 0.9077
-13.2566 -8.5199 -1.5129 0.9386
-19.6785 -13.6687 -2.3003 0.9082
-19.1686 -14.3604 -2.2994 0.9082
-18.6339 -15.0328 -2.2985 0.9083
-12.6305 -10.9601 -1.6055 0.9350
-11.9265 -11.1237 -1.5657 0.9366
-16.8902 -16.9260 -2.2956 0.9084
-14.2698 -19.1319 -2.2914 0.9085
-13.5677 -19.6216 -2.2903 0.9086
-12.8488 -20.0855 -2.2891 0.9086
-5.8062 -10.6952 -1.1683 0.9523
-4.3350 -11.7347 -1.2010 0.9510
-3.9596 -12.0292 -1.2158 0.9504
-0.7341 -23.6610 -2.2727 0.9093
0.0765 -15.7456 -1.5117 0.9387
1.8132 -23.6233 -2.2746 0.9092
4.9842 -22.2788 -2.1917 0.9123
6.0121 -22.9725 -2.2798 0.9090
9.8582 -23.3522 -2.4335 0.9032
13.1364 -21.7691 -2.4410 0.9029
13.9205 -21.3020 -2.4430 0.9028
14.6884 -20.8073 -2.4452 0.9027
15.4393 -20.2855 -2.4474 0.9026
16.8858 -19.1630 -2.4521 0.9025
18.2526 -17.9393 -2.4570 0.9023
19.5327 -16.6196 -2.4622 0.9021
22.3091 -12.9407 -2.4760 0.9016
22.7856 -12.1465 -2.4789 0.9014
22.2148 -9.8676 -2.3337 0.9069
22.9204 -8.2698 -2.3393 0.9067
23.2306 -7.4515 -2.3422 0.9066
23.5117 -6.6217 -2.3451 0.9065
13.6539 -3.3218 -1.3491 0.9451
23.9849 -4.9314 -2.3508 0.9063
24.3367 -3.2073 -2.3566 0.9061
24.4661 -2.3352 -2.3595 0.9060
24.5643 -1.4581 -2.3624 0.9058
11.2574 0.5445 -1.0820 0.9557
22.1574 3.4837 -2.1533 0.9138
24.2007 5.6076 -2.3849 0.9050
18.6684 5.7633 -1.8757 0.9245
17.5549 6.8328 -1.8085 0.9271
17.5448 7.5642 -1.8343 0.9261
22.0178 11.4292 -2.3816 0.9051
15.1587 8.5725 -1.6719 0.9324
14.6431 8.9888 -1.6496 0.9333
13.8973 9.2331 -1.6018 0.9352
13.1129 10.1385 -1.5913 0.9356
12.7514 10.6111 -1.5926 0.9355
17.0818 15.2840 -2.2006 0.9120
16.4915 15.8569 -2.1964 0.9122
16.3622 16.9030 -2.2585 0.9098
10.2439 12.2265 -1.5313 0.9379
9.6135 12.3480 -1.5024 0.9391
9.1595 12.6780 -1.5016 0.9391
8.7055 13.0081 -1.5027 0.9390
11.6051 20.3616 -2.2500 0.9101
9.8301 20.5444 -2.1865 0.9125
9.1472 21.0220 -2.2010 0.9120
6.0111 15.2916 -1.5774 0.9361
5.5179 15.6653 -1.5945 0.9354
4.7864 15.3212 -1.5410 0.9375
4.4108 16.1301 -1.6054 0.9350
3.9523 16.8003 -1.6569 0.9330
3.3860 17.1274 -1.6761 0.9322
3.9471 24.5672 -2.3888 0.9048
3.1197 25.1460 -2.4326 0.9032
0.9773 18.8901 -1.8160 0.9268
0.3023 19.1162 -1.8355 0.9261
-1.1433 20.4204 -1.9635 0.9211
-4.5808 22.6650 -2.2199 0.9113
-6.7598 24.3144 -2.4228 0.9036
-4.3451 12.1707 -1.2407 0.9494
-4.8230 12.1178 -1.2521 0.9489
-10.9509 22.6395 -2.4144 0.9039
-11.7464 22.2143 -2.4125 0.9040
-12.5250 21.7604 -2.4105 0.9040
-14.0277 20.7697 -2.4062 0.9042
-11.8256 15.0571 -1.8381 0.9259
-16.1308 19.0876 -2.3992 0.9045
-16.7879 18.4780 -2.3968 0.9045
-18.5238 18.9744 -2.5458 0.8989
-20.9846 16.0828 -2.5383 0.8992
13.7393 9.3466 -1.9739 0.9353
13.4187 9.8505 -1.9773 0.9351
12.9091 10.2087 -1.9550 0.9359
13.0702 11.1208 -2.0385 0.9332
14.9346 13.6602 -2.4042 0.9217
14.4433 14.1951 -2.4056 0.9217
10.5228 11.9418 -1.8907 0.9379
10.0662 12.2852 -1.8866 0.9380
9.4742 12.4479 -1.8582 0.9389
8.6849 13.2900 -1.8859 0.9381
8.2179 13.6181 -1.8894 0.9379
9.2271 18.1105 -2.4144 0.9214
5.8399 15.3476 -1.9506 0.9360
5.3445 15.7200 -1.9723 0.9353
4.6128 15.3544 -1.9044 0.9375
4.2514 16.2445 -1.9946 0.9346
3.7708 16.8543 -2.0515 0.9328
3.7267 19.9991 -2.4165 0.9213
3.0069 20.1188 -2.4164 0.9213
2.1896 19.3836 -2.3171 0.9244
0.0937 19.2662 -2.2886 0.9253
-0.6219 20.0510 -2.3829 0.9224
-2.0836 20.2066 -2.4130 0.9214
-2.8060 20.1119 -2.4122 0.9215
-3.5242 19.9908 -2.4112 0.9215
-4.2371 19.8434 -2.4103 0.9215
-4.9439 19.6700 -2.4092 0.9216
-4.1506 12.6096 -1.5769 0.9479
-4.4681 12.0952 -1.5316 0.9494
-5.0349 12.2581 -1.5741 0.9480
-8.3513 18.4228 -2.4027 0.9218
-9.0010 18.1000 -2.4012 0.9218
-10.2616 17.3849 -2.3980 0.9219
-12.0429 16.1466 -2.3927 0.9221
-15.1006 15.1329 -2.5394 0.9175
-16.5948 13.3879 -2.5327 0.9177
-17.0487 12.7725 -2.5304 0.9178
-17.4797 12.1416 -2.5281 0.9178
-19.5561 8.0813 -2.5135 0.9183
-20.0453 6.6454 -2.5085 0.9185
-20.5815 4.4407 -2.5011 0.9187
-20.8054 2.9480 -2.4961 0.9188
-20.8771 2.1977 -2.4936 0.9189
-20.9399 0.6942 -2.4887 0.9191
-20.9309 -0.0572 -2.4863 0.9191
-20.6915 -2.2927 -2.4729 0.9196
-19.2420 -3.5432 -2.3241 0.9242
-19.0854 -4.2272 -2.3220 0.9243
-18.9047 -4.9046 -2.3200 0.9243
-18.7005 -5.5746 -2.3180 0.9244
-18.4728 -6.2365 -2.3160 0.9245
-18.2221 -6.8892 -2.3141 0.9245
-17.9488 -7.5323 -2.3122 0.9246
-17.3356 -8.7858 -2.3086 0.9247
-16.9967 -9.3949 -2.3069 0.9248
-16.6369 -9.9913 -2.3052 0.9248
-13.1876 -8.5780 -1.8687 0.9386
-12.2193 -9.9688 -1.8732 0.9385
-11.2826 -10.6393 -1.8421 0.9394
-13.0654 -14.2233 -2.2942 0.9252
-12.5410 -14.6758 -2.2931 0.9252
-12.0013 -15.1096 -2.2921 0.9252
-11.4470 -15.5239 -2.2911 0.9252
-6.8163 -9.9740 -1.4350 0.9525
-6.3745 -10.0860 -1.4173 0.9531
-5.6621 -10.5674 -1.4241 0.9529
-5.3101 -10.8261 -1.4323 0.9526
-4.9490 -11.0780 -1.4413 0.9523
-5.2563 -18.5128 -2.2860 0.9254
-4.0569 -16.5225 -2.0209 0.9338
-3.4245 -16.4784 -1.9992 0.9345
-1.1814 -19.2140 -2.2867 0.9254
-0.3991 -15.6240 -1.8565 0.9390
0.1641 -15.8840 -1.8869 0.9380
0.7273 -15.7286 -1.8703 0.9385
3.8459 -20.0304 -2.4228 0.9211
4.5949 -20.0236 -2.4403 0.9206
5.3126 -19.8553 -2.4415 0.9205
6.0241 -19.6611 -2.4426 0.9205
7.4256 -19.1984 -2.4451 0.9204
10.7644 -17.6195 -2.4526 0.9202
12.0166 -16.8262 -2.4561 0.9201
12.6217 -16.3966 -2.4579 0.9200
13.7860 -15.4736 -2.4617 0.9199
15.9101 -13.3879 -2.4700 0.9197
16.3945 -12.8200 -2.4722 0.9196
16.8589 -12.2347 -2.4744 0.9195
18.1258 -10.3818 -2.4813 0.9193
18.8593 -9.0732 -2.4860 0.9192
13.6987 -3.2534 -1.6725 0.9449
19.6746 -2.4834 -2.3556 0.9232
19.7707 -1.7779 -2.3580 0.9232
11.2166 0.6041 -1.3343 0.9558
11.2371 1.0104 -1.3402 0.9556
19.8095 2.5003 -2.3718 0.9227
19.4805 4.6264 -2.3784 0.9225
19.3194 5.3269 -2.3805 0.9224
17.9480 6.3648 -2.2621 0.9262
17.4510 6.9027 -2.2292 0.9272
18.1357 8.7249 -2.3906 0.9221
17.8251 9.3771 -2.3925 0.9221
15.0736 8.6336 -2.0634 0.9324
14.3389 8.9105 -2.0054 0.9343
13.8176 9.2896 -1.9778 0.9351
13.3098 9.6589 -1.9535 0.9359
12.9861 10.1546 -1.9582 0.9358
12.8234 10.7903 -1.9908 0.9347
15.0078 13.5770 -2.4040 0.9217
14.5195 14.1146 -2.4053 0.9217
14.0116 14.6342 -2.4067 0.9216
10.5927 11.8892 -1.8915 0.9379
10.1358 12.2329 -1.8871 0.9380
9.5435 12.3975 -1.8584 0.9389
9.0896 12.7275 -1.8578 0.9389
8.7561 13.2400 -1.8855 0.9381
8.2893 13.5679 -1.8887 0.9380
9.3258 18.0590 -2.4143 0.9214
4.6954 15.3242 -1.9038 0.9375
3.8543 16.7956 -2.0469 0.9329
3.1170 20.1023 -2.4164 0.9213
2.3159 19.5423 -2.3376 0.9238
1.5202 18.4788 -2.2024 0.9280
0.8769 18.9622 -2.2549 0.9264
-0.5031 19.6999 -2.3408 0.9237
-1.2470 20.2826 -2.4138 0.9214
-3.4149 20.0110 -2.4114 0.9215
-4.1287 19.8676 -2.4104 0.9215
-4.8365 19.6981 -2.4094 0.9215
-4.4040 12.1257 -1.5324 0.9494
-9.5417 17.8082 -2.3999 0.9218
-10.7787 17.0548 -2.3966 0.9219
-9.3611 13.6979 -1.9708 0.9354
-11.9558 16.2141 -2.3930 0.9221
-13.3234 15.5916 -2.4362 0.9207
-14.4763 15.7594 -2.5419 0.9174
-15.0195 15.2173 -2.5398 0.9175
-16.0438 14.0770 -2.5354 0.9176
-16.5235 13.4804 -2.5331 0.9177
-17.4154 12.2388 -2.5285 0.9178
-17.8264 11.5955 -2.5261 0.9179
-18.5763 10.2682 -2.5213 0.9181
-19.2271 8.8928 -2.5164 0.9182
-19.5145 8.1895 -2.5139 0.9183
-20.5600 4.5540 -2.5014 0.9187
-20.6895 3.8098 -2.4989 0.9188
-20.7921 3.0623 -2.4965 0.9188
-20.9169 1.5609 -2.4915 0.9190
-20.9388 0.8089 -2.4891 0.9191
-20.9340 0.0574 -2.4867 0.9191
-20.8443 -1.4406 -2.4819 0.9193
-20.0639 -2.8428 -2.4071 0.9216
-18.5090 -6.1360 -2.3163 0.9245
-18.2618 -6.7902 -2.3144 0.9245
-17.6997 -8.0689 -2.3106 0.9246
-17.3855 -8.6918 -2.3089 0.9247
-17.0498 -9.3028 -2.3071 0.9247
-16.6931 -9.9011 -2.3055 0.9248
-13.1497 -8.4512 -1.8568 0.9390
-15.5017 -11.6134 -2.3008 0.9249
-12.2922 -9.9167 -1.8761 0.9384
-11.8186 -10.2557 -1.8588 0.9389
-11.3531 -10.5889 -1.8441 0.9394
-10.8942 -10.9173 -1.8320 0.9398
-13.1441 -14.1526 -2.2943 0.9251
-12.6220 -14.6080 -2.2932 0.9252
-6.4278 -10.0481 -1.4169 0.9531
-6.0803 -10.3009 -1.4209 0.9530
-5.0042 -11.0390 -1.4397 0.9524
-4.1547 -16.5294 -2.0245 0.9337
-3.5202 -16.4851 -2.0023 0.9344
-2.6595 -19.0609 -2.2861 0.9254
0.6418 -15.7477 -1.8722 0.9385
1.2069 -15.7243 -1.8733 0.9385
2.8932 -19.3595 -2.3252 0.9242
7.3198 -19.2371 -2.4449 0.9204
9.3599 -18.3716 -2.4492 0.9203
10.0192 -18.0355 -2.4508 0.9203
10.6667 -17.6763 -2.4524 0.9202
12.5304 -16.4635 -2.4576 0.9200
13.1227 -16.0157 -2.4595 0.9200
15.8345 -13.4730 -2.4696 0.9197
19.1421 -8.5027 -2.4880 0.9191
18.5399 -6.6893 -2.3412 0.9237
18.7865 -6.0260 -2.3436 0.9236
19.3828 -3.9852 -2.3506 0.9234
19.7576 -1.8858 -2.3576 0.9232
19.8813 -0.4656 -2.3623 0.9230
19.9046 0.2480 -2.3646 0.9229
11.1893 0.9444 -1.3339 0.9558
17.5475 7.5654 -2.2699 0.9259
18.1810 8.6244 -2.3903 0.9221
17.8741 9.2782 -2.3922 0.9221
15.1565 8.5712 -2.0683 0.9323
13.3865 9.6032 -1.9570 0.9358
13.0634 10.1002 -1.9615 0.9356
15.0806 13.4934 -2.4038 0.9217
14.5954 14.0337 -2.4051 0.9217
10.6626 11.8366 -1.8924 0.9378
9.6128 12.3471 -1.8588 0.9389
9.1589 12.6771 -1.8578 0.9389
8.7049 13.0072 -1.8592 0.9389
8.3606 13.5178 -1.8880 0.9380
10.0610 17.6524 -2.4135 0.9214
9.4241 18.0070 -2.4142 0.9214
8.7744 18.3379 -2.4148 0.9214
8.1128 18.6448 -2.4153 0.9214
5.4969 15.6055 -1.9653 0.9355
4.7865 15.3216 -1.9067 0.9374
4.4104 16.1289 -1.9862 0.9349
3.3855 17.1248 -2.0736 0.9321
3.2270 20.0851 -2.4164 0.9213
2.5044 20.1863 -2.4162 0.9213
1.6339 18.6130 -2.2195 0.9275
0.3023 19.1146 -2.2708 0.9259
-0.3936 19.6203 -2.3311 0.9240
-1.8624 20.2301 -2.4132 0.9214
-4.0202 19.8912 -2.4106 0.9215
-4.7289 19.7257 -2.4095 0.9215
-5.4308 19.5343 -2.4084 0.9216
-6.1249 19.3173 -2.4072 0.9216
-4.8202 12.1108 -1.5484 0.9488
-8.1506 18.5165 -2.4032 0.9217
-10.6864 17.1154 -2.3968 0.9219
-11.2851 16.7090 -2.3951 0.9220
-11.8249 15.0561 -2.2741 0.9258
-14.3867 15.8351 -2.5414 0.9174
-15.4638 14.7430 -2.5379 0.9175
-16.4518 13.5726 -2.5334 0.9177
-16.9126 12.9620 -2.5311 0.9177
-17.7652 11.6946 -2.5264 0.9179
13.7383 9.3459 -2.3543 0.9351
12.9072 10.2072 -2.3316 0.9357
12.8682 10.9489 -2.3940 0.9340
12.4735 11.4091 -2.3952 0.9340
12.0620 11.8548 -2.3963 0.9340
9.0197 12.7770 -2.2160 0.9388
8.2365 14.8262 -2.4031 0.9338
7.7012 15.1155 -2.4037 0.9338
6.6002 15.6343 -2.4045 0.9337
5.3437 15.7177 -2.3522 0.9351
4.6126 15.3537 -2.2715 0.9373
3.1099 16.6893 -2.4054 0.9337
1.9053 16.8673 -2.4051 0.9337
1.2990 16.9229 -2.4049 0.9337
0.6912 16.9563 -2.4045 0.9337
-1.7392 16.8665 -2.4025 0.9338
-3.4606 11.9394 -1.7613 0.9510
-4.4627 12.0807 -1.8248 0.9493
-5.0320 12.2509 -1.8765 0.9479
-5.1734 11.4123 -1.7754 0.9506
-5.9592 11.9833 -1.8963 0.9474
-9.3958 13.5885 -2.3408 0.9354
-10.0663 13.4963 -2.3856 0.9342
-11.7054 13.5474 -2.5368 0.9302
-12.1754 13.1098 -2.5350 0.9303
-13.0652 12.1859 -2.5314 0.9304
-13.4839 11.7009 -2.5296 0.9304
-14.2663 10.6880 -2.5257 0.9305
-14.9724 9.6228 -2.5218 0.9306
-15.2957 9.0724 -2.5198 0.9307
-15.5987 8.5111 -2.5178 0.9307
-16.1423 7.3590 -2.5137 0.9308
-16.3824 6.7698 -2.5116 0.9309
-16.7975 5.5688 -2.5074 0.9310
-16.9723 4.9586 -2.5053 0.9311
-17.3631 3.0991 -2.4991 0.9312
-17.5115 1.8434 -2.4949 0.9313
-17.5696 0.5824 -2.4908 0.9314
-17.4164 -1.9298 -2.4828 0.9317
-17.3225 -2.5512 -2.4809 0.9317
-17.0690 -3.7806 -2.4771 0.9318
-16.9099 -4.3871 -2.4753 0.9319
-16.7002 -4.9784 -2.4691 0.9320
-14.8395 -6.8633 -2.3166 0.9361
-13.0722 -8.5029 -2.2095 0.9389
-10.1012 -12.7174 -2.3012 0.9365
-5.9764 -10.2527 -1.6815 0.9532
-5.2766 -10.7578 -1.6977 0.9527
-4.9213 -11.0161 -1.7095 0.9524
-4.5603 -11.2777 -1.7236 0.9520
-4.1916 -11.5404 -1.7397 0.9516
-4.4260 -15.5883 -2.2960 0.9366
-3.8639 -15.7366 -2.2959 0.9366
-3.2970 -15.8650 -2.2959 0.9366
-2.1515 -16.0619 -2.2961 0.9366
-1.0153 -16.5126 -2.3441 0.9353
-0.4008 -15.6911 -2.2240 0.9386
0.1620 -15.6800 -2.2218 0.9386
2.0330 -17.1559 -2.4478 0.9326
3.8676 -16.8541 -2.4501 0.9325
4.4712 -16.7107 -2.4510 0.9325
6.2481 -16.1540 -2.4541 0.9324
9.5843 -14.4925 -2.4618 0.9322
10.1039 -14.1479 -2.4633 0.9322
10.6115 -13.7851 -2.4649 0.9321
11.1062 -13.4042 -2.4665 0.9321
12.5071 -12.1585 -2.4715 0.9320
12.9443 -11.7104 -2.4732 0.9319
14.5292 -9.7682 -2.4806 0.9317
14.8818 -9.2480 -2.4826 0.9317
15.2158 -8.7152 -2.4845 0.9316
15.5310 -8.1704 -2.4865 0.9316
16.1028 -7.0474 -2.4905 0.9315
16.4751 -5.8425 -2.4768 0.9318
15.7855 -4.9683 -2.3448 0.9353
16.2685 -3.2521 -2.3507 0.9352
16.3884 -2.6688 -2.3526 0.9351
16.4873 -2.0810 -2.3546 0.9351
16.5651 -1.4896 -2.3566 0.9350
16.6216 -0.8953 -2.3585 0.9350
16.6568 -0.2988 -2.3605 0.9349
11.2024 0.6033 -1.5896 0.9557
16.4149 3.2813 -2.3718 0.9346
15.4026 6.7409 -2.3822 0.9343
14.6182 8.3727 -2.3869 0.9342
14.3173 8.8971 -2.3884 0.9342
12.8281 10.7943 -2.3755 0.9345
12.5348 11.3398 -2.3950 0.9340
9.5428 12.3967 -2.2166 0.9388
8.3172 14.7803 -2.4030 0.9338
7.7835 15.0726 -2.4036 0.9338
7.2394 15.3452 -2.4041 0.9338
6.6856 15.5976 -2.4045 0.9337
5.9137 15.2893 -2.3227 0.9359
3.7972 16.5468 -2.4054 0.9337
2.6011 16.7755 -2.4053 0.9337
1.3917 16.9159 -2.4049 0.9337
0.7840 16.9526 -2.4046 0.9337
0.1755 16.9671 -2.4042 0.9337
-1.6469 16.8765 -2.4026 0.9338
-3.4086 12.0054 -1.7683 0.9508
-5.8361 11.8987 -1.8778 0.9479
-8.4953 14.5742 -2.3902 0.9341
-9.0072 14.2517 -2.3888 0.9342
-11.1105 13.9883 -2.5311 0.9304
-12.1047 13.1777 -2.5353 0.9303
-12.5607 12.7261 -2.5335 0.9303
-12.9997 12.2586 -2.5317 0.9304
-13.4211 11.7758 -2.5298 0.9304
-14.2093 10.7672 -2.5260 0.9305
-14.5750 10.2427 -2.5241 0.9306
-14.9213 9.7058 -2.5221 0.9306
-15.2477 9.1571 -2.5201 0.9307
-15.5538 8.5974 -2.5181 0.9307
-16.1038 7.4482 -2.5140 0.9308
-16.3471 6.8602 -2.5119 0.9309
-16.5689 6.2643 -2.5098 0.9309
-17.1031 4.4373 -2.5036 0.9311
-17.2368 3.8179 -2.5015 0.9312
-17.3481 3.1946 -2.4994 0.9312
-17.5034 1.9395 -2.4952 0.9313
-17.5671 0.0481 -2.4891 0.9315
-17.5433 -0.5815 -2.4871 0.9315
-17.4972 -1.2093 -2.4851 0.9316
-17.2257 -3.0745 -2.4793 0.9317
-16.9356 -4.2949 -2.4755 0.9318
-14.8783 -6.7827 -2.3168 0.9361
-14.6160 -7.3072 -2.3153 0.9361
-14.3355 -7.8218 -2.3139 0.9362
-13.1178 -8.4308 -2.2094 0.9389
-13.0395 -9.7688 -2.3085 0.9363
-12.2187 -9.8574 -2.2244 0.9385
-11.2852 -10.5256 -2.1865 0.9396
-10.8291 -10.8520 -2.1722 0.9399
-10.6228 -12.2942 -2.3021 0.9365
-10.1712 -12.6625 -2.3013 0.9365
-9.7072 -13.0147 -2.3005 0.9365
-6.0300 -10.2158 -1.6808 0.9532
-5.6805 -10.4638 -1.6870 0.9530
-3.8748 -11.7715 -1.7559 0.9512
-4.5113 -15.5640 -2.2960 0.9366
-3.3839 -15.8467 -2.2959 0.9366
-2.8134 -15.9582 -2.2960 0.9366
-2.2394 -16.0497 -2.2961 0.9366
-1.1020 -16.4514 -2.3362 0.9356
-0.4886 -15.7501 -2.2327 0.9383
0.0761 -15.6713 -2.2205 0.9387
1.2172 -15.8590 -2.2537 0.9378
2.5541 -17.0903 -2.4484 0.9326
4.3794 -16.7339 -2.4509 0.9325
5.5722 -16.3901 -2.4528 0.9325
6.7388 -15.9629 -2.4551 0.9324
8.4273 -15.1700 -2.4588 0.9323
9.5039 -14.5434 -2.4616 0.9322
10.0254 -14.2017 -2.4631 0.9322
10.5348 -13.8416 -2.4646 0.9321
11.9842 -12.6549 -2.4695 0.9320
12.8786 -11.7798 -2.4730 0.9319
13.3024 -11.3185 -2.4748 0.9319
13.7099 -10.8422 -2.4766 0.9318
15.4842 -8.2543 -2.4862 0.9316
15.7829 -7.6998 -2.4882 0.9315
16.0620 -7.1346 -2.4902 0.9315
16.3209 -6.5593 -2.4923 0.9314
16.5165 -5.9592 -2.4879 0.9315
15.7561 -5.0540 -2.3445 0.9353
13.6549 -3.3221 -1.9912 0.9448
16.3714 -2.7581 -2.3523 0.9351
16.5217 2.5976 -2.3697 0.9347
16.1842 4.3672 -2.3752 0.9345
16.0291 4.9485 -2.3769 0.9345
15.8529 5.5244 -2.3786 0.9344
15.4377 6.6558 -2.3820 0.9343
14.6624 8.2918 -2.3867 0.9342
13.8952 9.2318 -2.3637 0.9348
10.6612 11.8350 -2.2569 0.9377
9.6121 12.3463 -2.2170 0.9387
9.1582 12.6763 -2.2158 0.9388
8.7043 13.0063 -2.2175 0.9387
8.3595 13.5159 -2.2517 0.9378
7.8657 15.0293 -2.4035 0.9338
5.9882 15.2333 -2.3192 0.9360
5.4961 15.6032 -2.3440 0.9354
4.7864 15.3214 -2.2743 0.9372
3.2925 16.6544 -2.4054 0.9337
2.6930 16.7612 -2.4053 0.9337
2.0899 16.8458 -2.4052 0.9337
0.8768 16.9485 -2.4046 0.9337
0.2684 16.9663 -2.4042 0.9337
-2.1586 16.8146 -2.4020 0.9338
-3.3562 16.6060 -2.4005 0.9338
-3.0232 12.6107 -1.8374 0.9490
-5.1145 16.1306 -2.3977 0.9339
-4.3348 12.1416 -1.8267 0.9492
-4.8174 12.1038 -1.8458 0.9487
-6.8079 15.4662 -2.3943 0.9340
-5.7154 11.8158 -1.8597 0.9484
-7.8907 14.9226 -2.3918 0.9341
-8.4161 14.6218 -2.3904 0.9341
-9.9199 13.6084 -2.3861 0.9342
-10.8574 13.8243 -2.4906 0.9314
-12.9338 12.3310 -2.5320 0.9304
-13.3580 11.8505 -2.5301 0.9304
-14.5204 10.3236 -2.5244 0.9306
12.2446 7.7023 -2.3831 0.9430
11.0384 9.3921 -2.3876 0.9429
9.9780 10.5362 -2.3905 0.9429
9.5972 10.8913 -2.3914 0.9428
9.2035 11.2323 -2.3922 0.9428
7.9508 12.1665 -2.3943 0.9428
6.1343 13.1894 -2.3963 0.9427
5.6582 13.4028 -2.3967 0.9427
5.1744 13.5987 -2.3969 0.9427
4.6838 13.7768 -2.3972 0.9427
4.1870 13.9368 -2.3973 0.9427
3.6846 14.0786 -2.3974 0.9427
2.1510 14.3923 -2.3973 0.9427
1.1136 14.5072 -2.3969 0.9427
0.5925 14.5361 -2.3967 0.9427
-1.4911 14.4609 -2.3949 0.9428
-2.0083 14.3946 -2.3943 0.9428
-2.5226 14.3094 -2.3937 0.9428
-3.0333 14.2056 -2.3930 0.9428
-3.1303 12.4544 -2.1155 0.9493
-3.4677 11.9639 -2.0521 0.9508
-3.7858 11.5015 -1.9948 0.9521
-4.0870 11.0636 -1.9430 0.9533
-4.5136 10.9890 -1.9571 0.9530
-6.9083 12.7257 -2.3854 0.9430
-8.3260 12.0412 -2.4117 0.9424
-9.1866 12.3169 -2.5313 0.9396
-10.4523 11.2545 -2.5303 0.9396
-10.8426 10.8658 -2.5288 0.9397
-11.9244 9.6200 -2.5240 0.9398
-12.2537 9.1802 -2.5223 0.9398
-12.5667 8.7290 -2.5206 0.9399
-12.8630 8.2671 -2.5189 0.9399
-13.1422 7.7951 -2.5172 0.9399
-13.4040 7.3137 -2.5155 0.9400
-14.0823 5.8193 -2.5102 0.9401
-14.7275 3.7351 -2.5030 0.9403
-15.0111 2.1270 -2.4976 0.9404
-15.1034 1.0440 -2.4941 0.9405
-15.1181 -0.0413 -2.4906 0.9406
-15.0964 -0.5831 -2.4888 0.9406
-14.8179 -2.7285 -2.4821 0.9407
-14.4114 -4.2961 -2.4774 0.9409
-13.6166 -6.2978 -2.4715 0.9410
-13.3745 -6.7783 -2.4701 0.9410
-12.5130 -8.1391 -2.4591 0.9413
-11.1893 -9.1285 -2.3789 0.9431
-10.7595 -9.4404 -2.3581 0.9436
-9.9184 -10.0488 -2.3260 0.9444
-7.2843 -9.8786 -2.0220 0.9515
-6.8627 -10.0419 -2.0037 0.9519
-5.6350 -10.5169 -1.9656 0.9528
-5.2837 -10.7724 -1.9766 0.9525
-3.5434 -14.4310 -2.4480 0.9415
-3.0275 -14.5678 -2.4512 0.9415
-1.9766 -14.7563 -2.4527 0.9414
-1.4462 -14.8188 -2.4528 0.9414
-0.9139 -14.8626 -2.4531 0.9414
-0.3803 -14.8877 -2.4534 0.9414
0.1539 -14.8939 -2.4537 0.9414
2.2841 -14.7312 -2.4558 0.9414
2.8117 -14.6438 -2.4565 0.9413
4.3725 -14.2706 -2.4588 0.9413
4.8832 -14.1097 -2.4597 0.9413
5.3882 -13.9308 -2.4606 0.9412
6.3782 -13.5199 -2.4627 0.9412
6.8620 -13.2883 -2.4638 0.9412
8.2616 -12.4925 -2.4673 0.9411
8.7089 -12.1945 -2.4686 0.9411
9.1455 -11.8807 -2.4699 0.9410
9.5710 -11.5514 -2.4713 0.9410
10.7753 -10.4750 -2.4756 0.9409
11.1509 -10.0879 -2.4772 0.9409
11.5127 -9.6876 -2.4787 0.9408
12.5110 -8.4113 -2.4835 0.9407
12.8132 -7.9625 -2.4852 0.9407
13.0994 -7.5029 -2.4869 0.9406
13.3692 -7.0331 -2.4886 0.9406
14.0768 -5.5681 -2.4938 0.9405
13.9912 -2.7969 -2.3505 0.9438
14.1760 -1.7893 -2.3539 0.9437
14.2413 -1.2807 -2.3556 0.9437
11.5425 -0.6217 -1.9043 0.9542
14.3269 0.2569 -2.3606 0.9436
11.1883 0.6026 -1.8458 0.9556
11.2304 1.0098 -1.8576 0.9553
14.2459 1.7981 -2.3655 0.9435
10.9045 1.7757 -1.8201 0.9562
11.2804 2.2549 -1.8951 0.9544
13.9984 3.3245 -2.3702 0.9433
13.7416 4.3249 -2.3733 0.9433
13.2217 5.7864 -2.3776 0.9432
12.2856 7.6345 -2.3829 0.9430
11.7184 8.5041 -2.3853 0.9430
11.4113 8.9231 -2.3864 0.9430
9.6561 10.8380 -2.3913 0.9429
9.2644 11.1812 -2.3921 0.9428
8.8602 11.5099 -2.3929 0.9428
8.0169 12.1223 -2.3942 0.9428
7.1307 12.6718 -2.3954 0.9428
6.6730 12.9220 -2.3958 0.9427
5.2487 13.5700 -2.3969 0.9427
3.7616 14.0582 -2.3974 0.9427
3.2550 14.1842 -2.3974 0.9427
2.7442 14.2917 -2.3974 0.9427
2.2298 14.3804 -2.3973 0.9427
1.1930 14.5011 -2.3970 0.9427
0.1504 14.5456 -2.3964 0.9427
-0.3713 14.5393 -2.3960 0.9427
-0.8923 14.5138 -2.3955 0.9428
-1.4120 14.4694 -2.3950 0.9428
-1.9296 14.4059 -2.3944 0.9428
-2.4443 14.3236 -2.3938 0.9428
-2.9556 14.2226 -2.3931 0.9428
-3.0770 12.5319 -2.1258 0.9490
-3.4175 12.0369 -2.0613 0.9505
-3.7384 11.5704 -2.0031 0.9519
-4.4165 10.9222 -1.9409 0.9534
-5.0842 11.3810 -2.0535 0.9507
-5.8353 11.8970 -2.1830 0.9477
-6.8391 12.7642 -2.3856 0.9430
-8.1581 11.9377 -2.3820 0.9431
-9.1150 12.3615 -2.5302 0.9396
-9.5649 12.0424 -2.5335 0.9396
-10.3915 11.3126 -2.5305 0.9396
-10.7840 10.9260 -2.5290 0.9397
-11.1620 10.5257 -2.5275 0.9397
-12.2045 9.2480 -2.5226 0.9398
-12.5200 8.7985 -2.5209 0.9399
-12.8188 8.3382 -2.5192 0.9399
-13.3652 7.3877 -2.5158 0.9400
-13.6121 6.8988 -2.5140 0.9400
-14.0518 5.8970 -2.5105 0.9401
-14.2441 5.3854 -2.5087 0.9401
-14.4177 4.8676 -2.5069 0.9402
-14.5726 4.3442 -2.5051 0.9402
-15.1198 0.0414 -2.4908 0.9405
-15.0057 -1.5796 -2.4857 0.9407
-14.8341 -2.6476 -2.4824 0.9407
-14.4361 -4.2175 -2.4776 0.9409
-14.0794 -5.2351 -2.4746 0.9409
-13.8744 -5.7333 -2.4731 0.9410
-13.4126 -6.7056 -2.4703 0.9410
-12.8645 -7.6302 -2.4640 0.9412
-12.1426 -8.4343 -2.4356 0.9418
-10.8246 -9.3931 -2.3610 0.9436
-10.4005 -9.7004 -2.3429 0.9440
-9.9818 -10.0030 -2.3280 0.9443
-9.1623 -10.6039 -2.3086 0.9448
-6.0212 -10.2009 -1.9514 0.9531
-5.6878 -10.4772 -1.9640 0.9528
-5.3377 -10.7334 -1.9748 0.9526
-4.9821 -10.9903 -1.9879 0.9523
-4.2955 -11.6278 -2.0421 0.9510
-3.8732 -11.7666 -2.0407 0.9510
-4.1245 -14.2296 -2.4407 0.9417
-3.6216 -14.4087 -2.4475 0.9415
-2.5847 -14.6612 -2.4525 0.9414
-2.0573 -14.7451 -2.4526 0.9414
-1.5273 -14.8105 -2.4528 0.9414
-0.9952 -14.8571 -2.4530 0.9414
-0.4618 -14.8850 -2.4533 0.9414
1.1403 -14.8561 -2.4546 0.9414
1.6727 -14.8089 -2.4551 0.9414
2.2033 -14.7429 -2.4557 0.9414
4.2940 -14.2936 -2.4587 0.9413
5.8111 -13.7653 -2.4615 0.9412
6.3037 -13.5537 -2.4625 0.9412
8.6413 -12.2410 -2.4684 0.9411
9.0796 -11.9296 -2.4697 0.9410
9.5069 -11.6027 -2.4711 0.9410
9.9225 -11.2606 -2.4725 0.9410
10.7168 -10.5328 -2.4754 0.9409
11.0944 -10.1479 -2.4769 0.9409
11.8082 -9.3382 -2.4801 0.9408
13.3291 -7.1055 -2.4883 0.9406
13.5848 -6.6274 -2.4901 0.9406
13.8234 -6.1402 -2.4918 0.9405
14.0446 -5.6445 -2.4936 0.9405
13.8376 -3.8972 -2.3683 0.9434
14.3265 0.1785 -2.3603 0.9436
11.2149 0.5424 -1.8497 0.9555
11.1826 0.9439 -1.8488 0.9555
14.2541 1.7199 -2.3652 0.9435
10.8739 1.7097 -1.8134 0.9564
14.0150 3.2474 -2.3700 0.9433
13.6110 4.7430 -2.3745 0.9432
13.4404 5.2314 -2.3760 0.9432
13.2520 5.7134 -2.3774 0.9432
13.0461 6.1886 -2.3788 0.9431
12.8230 6.6563 -2.3801 0.9431
12.5829 7.1158 -2.3814 0.9431
12.0531 8.0079 -2.3839 0.9430
11.4592 8.8599 -2.3862 0.9430
10.8042 9.6671 -2.3883 0.9429
10.0916 10.4251 -2.3903 0.9429
9.7148 10.7844 -2.3912 0.9429
8.5085 11.7769 -2.3935 0.9428
7.6464 12.3630 -2.3947 0.9428
7.1997 12.6322 -2.3953 0.9428
6.2781 13.1208 -2.3962 0.9427
5.8043 13.3395 -2.3966 0.9427
4.3393 13.8899 -2.3973 0.9427
3.8385 14.0373 -2.3974 0.9427
2.3085 14.3681 -2.3974 0.9427
1.2724 14.4946 -2.3970 0.9427
0.7516 14.5293 -2.3967 0.9427
-0.2917 14.5414 -2.3960 0.9427
-0.8129 14.5189 -2.3956 0.9428
-1.3328 14.4774 -2.3951 0.9428
-2.3660 14.3374 -2.3939 0.9428
-2.8779 14.2392 -2.3932 0.9428
-4.9774 11.3076 -2.0353 0.9511
-5.7146 11.8141 -2.1620 0.9482
-7.2209 12.5453 -2.3846 0.9430
-7.6623 12.2721 -2.3834 0.9430
-8.0933 11.9831 -2.3822 0.9431
-9.9217 11.7404 -2.5323 0.9396
-10.3303 11.3703 -2.5308 0.9396
-10.7250 10.9859 -2.5292 0.9397
-11.8207 9.7520 -2.5245 0.9398
-12.1549 9.3156 -2.5228 0.9398
10.7128 6.7388 -2.3788 0.9498
10.4689 7.1218 -2.3799 0.9498
10.2111 7.4959 -2.3809 0.9498
9.9398 7.8605 -2.3819 0.9497
9.3580 8.5594 -2.3837 0.9497
9.0482 8.8927 -2.3846 0.9497
8.7264 9.2146 -2.3854 0.9497
8.3929 9.5247 -2.3861 0.9496
7.6930 10.1076 -2.3875 0.9496
7.3274 10.3797 -2.3881 0.9496
6.9521 10.6383 -2.3887 0.9496
5.7725 11.3300 -2.3901 0.9496
4.9468 11.7178 -2.3907 0.9495
4.5239 11.8889 -2.3910 0.9495
4.0949 12.0445 -2.3912 0.9495
1.8805 12.5825 -2.3913 0.9495
0.5180 12.7087 -2.3907 0.9495
0.0619 12.7175 -2.3904 0.9496
-2.2058 12.5124 -2.3881 0.9496
-3.4322 11.8415 -2.3174 0.9511
-4.4760 10.8972 -2.2143 0.9532
-5.0982 11.2465 -2.3210 0.9510
-5.6426 11.3466 -2.3819 0.9497
-6.0434 11.1324 -2.3809 0.9498
-6.4360 10.9038 -2.3799 0.9498
-8.0493 10.7920 -2.5306 0.9467
-8.4270 10.4912 -2.5293 0.9467
-9.4903 9.5106 -2.5254 0.9468
-9.8200 9.1592 -2.5240 0.9468
-10.4396 8.4222 -2.5212 0.9469
-10.7288 8.0378 -2.5197 0.9469
-11.7400 6.4057 -2.5138 0.9470
-12.1540 5.5408 -2.5107 0.9471
-12.6552 4.1955 -2.5060 0.9472
-12.7894 3.7365 -2.5044 0.9472
-12.9071 3.2734 -2.5028 0.9472
-13.0920 2.3368 -2.4997 0.9473
-13.2093 1.3905 -2.4965 0.9474
-13.1532 -1.4574 -2.4874 0.9476
-13.0848 -1.9271 -2.4860 0.9476
-12.9997 -2.3937 -2.4845 0.9476
-12.6461 -3.7698 -2.4803 0.9477
-12.3302 -4.6617 -2.4777 0.9478
-12.1488 -5.0983 -2.4764 0.9478
-11.9521 -5.5279 -2.4752 0.9478
-11.7404 -5.9501 -2.4740 0.9478
-11.2732 -6.7701 -2.4717 0.9479
-11.0183 -7.1669 -2.4706 0.9479
-10.7495 -7.5542 -2.4695 0.9479
-10.4674 -7.9317 -2.4685 0.9480
-9.8643 -8.6549 -2.4666 0.9480
-9.2121 -9.3333 -2.4649 0.9480
-8.8686 -9.6546 -2.4641 0.9480
-5.9795 -10.2580 -2.2318 0.9528
-5.6326 -10.5123 -2.2417 0.9526
-5.3368 -11.9461 -2.4593 0.9481
-4.9044 -12.1285 -2.4590 0.9481
-4.4658 -12.2955 -2.4588 0.9482
-3.8172 -11.8139 -2.3336 0.9507
-3.5725 -12.5825 -2.4585 0.9482
-2.6613 -12.8059 -2.4584 0.9482
-2.2004 -12.8934 -2.4585 0.9482
-1.7366 -12.9646 -2.4586 0.9482
-1.2706 -13.0194 -2.4588 0.9482
-0.3341 -13.0795 -2.4592 0.9481
0.1352 -13.0848 -2.4596 0.9481
1.5407 -13.0014 -2.4608 0.9481
3.3874 -12.6599 -2.4633 0.9481
3.8404 -12.5340 -2.4640 0.9480
4.2888 -12.3921 -2.4648 0.9480
5.1696 -12.0612 -2.4665 0.9480
6.8522 -11.2158 -2.4704 0.9479
7.2532 -10.9677 -2.4715 0.9479
7.6454 -10.7054 -2.4726 0.9479
8.4012 -10.1395 -2.4750 0.9478
9.1156 -9.5208 -2.4775 0.9478
9.4562 -9.1926 -2.4788 0.9477
10.1018 -8.5003 -2.4815 0.9477
10.9751 -7.3787 -2.4858 0.9476
11.2393 -6.9844 -2.4872 0.9476
11.4894 -6.5808 -2.4887 0.9475
12.3425 -4.8821 -2.4948 0.9474
12.5174 -4.4390 -2.4963 0.9474
12.6765 -3.9897 -2.4979 0.9473
12.8054 -3.5309 -2.4967 0.9474
12.5645 -2.9840 -2.4273 0.9488
12.4778 -1.1221 -2.3548 0.9503
11.5410 -0.6216 -2.1724 0.9540
12.2555 2.9106 -2.3676 0.9500
12.0288 3.7858 -2.3703 0.9500
11.8918 4.2171 -2.3716 0.9499
11.7391 4.6433 -2.3728 0.9499
11.3878 5.4785 -2.3753 0.9499
10.9764 6.2869 -2.3776 0.9498
10.7488 6.6796 -2.3787 0.9498
10.2514 7.4394 -2.3808 0.9498
9.6995 8.1617 -2.3827 0.9497
9.0962 8.8426 -2.3845 0.9497
8.7762 9.1662 -2.3853 0.9497
8.1016 9.7778 -2.3867 0.9496
7.7479 10.0649 -2.3874 0.9496
7.0100 10.5997 -2.3886 0.9496
6.6267 10.8467 -2.3891 0.9496
5.8343 11.2979 -2.3900 0.9496
5.4262 11.5017 -2.3904 0.9496
5.0108 11.6904 -2.3907 0.9496
4.1607 12.0218 -2.3911 0.9495
3.2886 12.2903 -2.3914 0.9495
2.8457 12.4005 -2.3914 0.9495
1.9494 12.5721 -2.3913 0.9495
1.4971 12.6333 -2.3912 0.9495
1.0430 12.6779 -2.3910 0.9495
0.5876 12.7058 -2.3908 0.9495
0.1315 12.7172 -2.3905 0.9496
-0.3246 12.7119 -2.3901 0.9496
-0.7802 12.6899 -2.3897 0.9496
-1.6872 12.5963 -2.3888 0.9496
-2.1374 12.5248 -2.3882 0.9496
-3.3826 11.9137 -2.3278 0.9508
-4.0233 11.0775 -2.2152 0.9532
-7.5934 11.1112 -2.5296 0.9467
-7.9906 10.8367 -2.5307 0.9467
-8.7382 10.2259 -2.5282 0.9467
-10.0891 8.8523 -2.5228 0.9468
-10.3943 8.4800 -2.5214 0.9469
-10.6856 8.0971 -2.5200 0.9469
-11.9231 6.0428 -2.5125 0.9470
-12.1247 5.6078 -2.5109 0.9471
-12.3103 5.1662 -2.5094 0.9471
-12.4799 4.7184 -2.5078 0.9471
-12.6332 4.2651 -2.5062 0.9472
-13.2385 0.9879 -2.4952 0.9474
-13.2113 -0.9131 -2.4891 0.9475
-13.0138 -2.3227 -2.4847 0.9476
-12.9147 -2.7864 -2.4833 0.9476
-12.7992 -3.2459 -2.4819 0.9477
-12.6676 -3.7009 -2.4805 0.9477
-12.3565 -4.5945 -2.4779 0.9478
-12.1775 -5.0321 -2.4766 0.9478
-11.7737 -5.8862 -2.4741 0.9478
-11.5495 -6.3017 -2.4730 0.9479
-11.3109 -6.7088 -2.4718 0.9479
-11.0581 -7.1069 -2.4707 0.9479
-10.7914 -7.4958 -2.4697 0.9479
-10.5113 -7.8747 -2.4687 0.9479
-10.2181 -8.2434 -2.4677 0.9480
-8.9218 -9.6064 -2.4642 0.9480
-8.5689 -9.9172 -2.4635 0.9481
-8.2054 -10.2152 -2.4628 0.9481
-6.7183 -9.7161 -2.2203 0.9531
-6.4193 -10.0348 -2.2391 0.9527
-6.6541 -11.2731 -2.4605 0.9481
-5.6857 -10.4733 -2.2400 0.9527
-5.3360 -10.7300 -2.2524 0.9524
-5.4022 -11.9169 -2.4593 0.9481
-4.5331 -12.2710 -2.4588 0.9482
-3.8777 -11.7805 -2.3311 0.9508
-3.6414 -12.5628 -2.4585 0.9482
-2.7314 -12.7911 -2.4584 0.9482
-1.8075 -12.9548 -2.4586 0.9482
-1.3418 -13.0121 -2.4587 0.9482
-0.4057 -13.0773 -2.4592 0.9481
0.0636 -13.0851 -2.4595 0.9481
0.5329 -13.0763 -2.4599 0.9481
1.0017 -13.0510 -2.4603 0.9481
1.4694 -13.0092 -2.4608 0.9481
1.9355 -12.9509 -2.4613 0.9481
2.3993 -12.8761 -2.4619 0.9481
2.8603 -12.7851 -2.4625 0.9481
3.3179 -12.6777 -2.4632 0.9481
3.7715 -12.5543 -2.4639 0.9480
4.6648 -12.2595 -2.4655 0.9480
5.1033 -12.0886 -2.4664 0.9480
6.3796 -11.4839 -2.4692 0.9479
7.1926 -11.0065 -2.4713 0.9479
9.0626 -9.5698 -2.4773 0.9478
9.4049 -9.2435 -2.4786 0.9477
9.7356 -8.9050 -2.4800 0.9477
10.0542 -8.5548 -2.4813 0.9477
10.3604 -8.1933 -2.4827 0.9477
10.6536 -7.8208 -2.4841 0.9476
11.4521 -6.6430 -2.4885 0.9475
11.9133 -5.8120 -2.4915 0.9475
12.1215 -5.3842 -2.4930 0.9474
12.7904 -3.6022 -2.4976 0.9474
12.3374 -2.0785 -2.3516 0.9504
12.4118 -1.6357 -2.3531 0.9503
9.9749 0.4825 -1.8771 0.9602
11.2267 2.1803 -2.1496 0.9545
12.2702 2.8432 -2.3674 0.9500
11.7634 4.5786 -2.3726 0.9499
10.7845 6.6202 -2.3785 0.9498
10.5449 7.0058 -2.3796 0.9498
9.4500 8.4555 -2.3835 0.9497
9.1440 8.7922 -2.3843 0.9497
8.1547 9.7329 -2.3866 0.9496
7.4400 10.2980 -2.3879 0.9496
7.0676 10.5608 -2.3885 0.9496
6.6858 10.8099 -2.3890 0.9496
6.2951 11.0449 -2.3895 0.9496
5.4889 11.4715 -2.3903 0.9496
5.0746 11.6626 -2.3906 0.9496
4.2264 11.9987 -2.3911 0.9495
3.3558 12.2721 -2.3914 0.9495
2.4675 12.4812 -2.3914 0.9495
2.0182 12.5613 -2.3913 0.9495
0.6572 12.7026 -2.3908 0.9495
0.2011 12.7165 -2.3905 0.9496
-0.7107 12.6944 -2.3898 0.9496
-1.6183 12.6058 -2.3888 0.9496
-2.5165 12.4514 -2.3877 0.9496
-2.9607 12.3498 -2.3870 0.9496
-3.3324 11.9866 -2.3385 0.9506
-3.6529 11.5208 -2.2717 0.9520
-4.3204 10.8552 -2.1960 0.9536
-4.8865 11.1010 -2.2798 0.9518
-5.5187 11.4091 -2.3822 0.9497
-6.3171 10.9751 -2.3802 0.9498
-6.8679 10.9997 -2.4374 0.9486
-7.5295 11.1483 -2.5286 0.9467
-9.3872 9.6155 -2.5258 0.9468
-10.0414 8.9081 -2.5230 0.9468
-10.3486 8.5375 -2.5216 0.9469
-11.1862 7.3637 -2.5172 0.9470
9.5127 5.9839 -2.3755 0.9551
9.0663 6.6555 -2.3774 0.9551
8.3077 7.5988 -2.3799 0.9550
6.5037 9.2129 -2.3838 0.9549
5.4797 9.8637 -2.3851 0.9549
5.1231 10.0554 -2.3855 0.9549
4.7598 10.2341 -2.3858 0.9549
4.3902 10.3994 -2.3861 0.9549
4.0148 10.5511 -2.3863 0.9549
3.6340 10.6890 -2.3865 0.9549
3.2485 10.8130 -2.3866 0.9549
0.8640 11.2560 -2.3863 0.9549
0.4597 11.2787 -2.3861 0.9549
0.0549 11.2866 -2.3858 0.9549
-0.7541 11.2584 -2.3851 0.9549
-1.1572 11.2222 -2.3847 0.9549
-5.4220 9.9876 -2.4022 0.9546
-6.0709 10.2852 -2.5246 0.9523
-6.4482 10.0802 -2.5294 0.9523
-6.8028 9.8384 -2.5284 0.9523
-7.1483 9.5841 -2.5273 0.9523
-7.4842 9.3175 -2.5262 0.9523
-7.8100 9.0390 -2.5251 0.9523
-8.1254 8.7491 -2.5239 0.9524
-8.4300 8.4480 -2.5227 0.9524
-9.0051 7.8144 -2.5203 0.9524
-9.5325 7.1415 -2.5177 0.9525
-9.7774 6.7915 -2.5164 0.9525
-10.0095 6.4331 -2.5151 0.9525
-10.4337 5.6929 -2.5124 0.9526
-10.6254 5.3122 -2.5110 0.9526
-10.8031 4.9250 -2.5097 0.9526
-10.9668 4.5319 -2.5083 0.9526
-11.1161 4.1333 -2.5069 0.9527
-11.2509 3.7299 -2.5055 0.9527
-11.3711 3.3222 -2.5041 0.9527
-11.4765 2.9106 -2.5027 0.9527
-11.7938 0.3910 -2.4944 0.9529
-11.7787 -0.4550 -2.4916 0.9530
-11.7033 -1.2968 -2.4890 0.9530
-11.6432 -1.7148 -2.4877 0.9530
-11.5682 -2.1301 -2.4864 0.9530
-11.4785 -2.5424 -2.4851 0.9531
-11.2556 -3.3553 -2.4827 0.9531
-10.2515 -5.6665 -2.4760 0.9532
-9.8110 -6.3816 -2.4740 0.9533
-9.3214 -7.0633 -2.4721 0.9533
-8.7851 -7.7080 -2.4704 0.9533
-8.5002 -8.0156 -2.4697 0.9534
-8.2048 -8.3128 -2.4689 0.9534
-7.8992 -8.5992 -2.4682 0.9534
-6.5820 -9.6312 -2.4658 0.9534
-6.2311 -9.8591 -2.4654 0.9534
-5.8725 -10.0745 -2.4649 0.9534
-5.5065 -10.2770 -2.4645 0.9535
-5.1337 -10.4664 -2.4642 0.9535
-4.7544 -10.6425 -2.4639 0.9535
-4.3692 -10.8051 -2.4637 0.9535
-3.9786 -10.9540 -2.4635 0.9535
-2.7787 -11.3166 -2.4632 0.9535
-2.3710 -11.4089 -2.4631 0.9535
-1.5471 -11.5502 -2.4633 0.9535
0.5385 -11.6466 -2.4645 0.9535
1.3725 -11.5818 -2.4653 0.9534
1.7873 -11.5274 -2.4658 0.9534
2.6102 -11.3746 -2.4669 0.9534
3.8199 -11.0372 -2.4688 0.9534
4.6041 -10.7416 -2.4703 0.9533
4.9880 -10.5731 -2.4712 0.9533
5.7372 -10.1956 -2.4729 0.9533
6.1014 -9.9870 -2.4738 0.9533
6.8071 -9.5315 -2.4758 0.9532
7.4792 -9.0268 -2.4779 0.9532
8.1143 -8.4750 -2.4802 0.9532
8.9906 -7.5653 -2.4837 0.9531
9.2608 -7.2416 -2.4850 0.9531
9.5193 -6.9083 -2.4862 0.9531
9.7660 -6.5658 -2.4875 0.9530
10.2223 -5.8550 -2.4901 0.9530
10.6272 -5.1127 -2.4928 0.9529
10.9783 -4.3425 -2.4955 0.9529
11.1332 -3.9481 -2.4969 0.9529
11.2739 -3.5483 -2.4983 0.9528
11.5087 -2.7333 -2.5004 0.9528
10.9802 -1.7881 -2.3516 0.9555
11.0435 -1.3939 -2.3529 0.9555
11.0925 -0.9975 -2.3542 0.9555
10.4257 0.1870 -2.2041 0.9583
10.0376 0.5406 -2.1248 0.9597
10.3185 0.9278 -2.1899 0.9585
10.7893 1.7569 -2.3107 0.9563
10.7940 2.9762 -2.3668 0.9553
10.5632 3.7460 -2.3691 0.9552
10.4270 4.1243 -2.3702 0.9552
10.2771 4.4977 -2.3713 0.9552
10.1138 4.8656 -2.3724 0.9552
9.9371 5.2275 -2.3734 0.9551
9.3296 6.2723 -2.3763 0.9551
9.1021 6.6054 -2.3773 0.9551
8.8626 6.9302 -2.3781 0.9550
8.6114 7.2461 -2.3790 0.9550
8.0751 7.8499 -2.3805 0.9550
7.7907 8.1369 -2.3812 0.9550
7.4960 8.4135 -2.3819 0.9550
7.1914 8.6792 -2.3826 0.9550
6.2218 9.4080 -2.3842 0.9549
5.8815 9.6269 -2.3847 0.9549
5.1780 10.0270 -2.3854 0.9549
4.8157 10.2077 -2.3858 0.9549
4.4470 10.3750 -2.3860 0.9549
3.6925 10.6689 -2.3864 0.9549
2.5254 11.0049 -2.3867 0.9549
1.3287 11.2115 -2.3865 0.9549
0.5215 11.2762 -2.3861 0.9549
-0.2881 11.2818 -2.3855 0.9549
-1.0957 11.2286 -2.3848 0.9549
-2.2941 11.0391 -2.3833 0.9549
-3.4638 10.7204 -2.3814 0.9550
-4.2208 10.4382 -2.3800 0.9550
-4.9548 10.1019 -2.3784 0.9550
-6.7493 9.8762 -2.5285 0.9523
-7.4335 9.3589 -2.5264 0.9523
-8.0780 8.7940 -2.5241 0.9524
-8.3843 8.4947 -2.5229 0.9524
-9.7409 6.8455 -2.5166 0.9525
-9.9749 6.4883 -2.5153 0.9525
-10.1958 6.1231 -2.5140 0.9525
-10.4032 5.7504 -2.5126 0.9526
-10.5970 5.3707 -2.5113 0.9526
-10.7769 4.9845 -2.5099 0.9526
-11.4613 2.9736 -2.5029 0.9527
-11.5542 2.5592 -2.5015 0.9528
-11.6320 2.1420 -2.5001 0.9528
-11.7425 1.3012 -2.4973 0.9528
-11.7925 0.4556 -2.4946 0.9529
-11.7948 0.0323 -2.4932 0.9529
-11.7820 -0.3905 -2.4918 0.9529
-11.7112 -1.2328 -2.4892 0.9530
-11.5806 -2.0669 -2.4866 0.9530
-11.1439 -3.6944 -2.4817 0.9531
-10.8403 -4.4795 -2.4794 0.9532
-10.6679 -4.8633 -2.4782 0.9532
-10.4820 -5.2404 -2.4772 0.9532
-10.2830 -5.6106 -2.4761 0.9532
-10.0710 -5.9734 -2.4751 0.9533
-9.8464 -6.3282 -2.4741 0.9533
-9.0997 -7.3411 -2.4714 0.9533
-8.2506 -8.2681 -2.4690 0.9534
-7.6324 -8.8333 -2.4676 0.9534
-7.3089 -9.0991 -2.4670 0.9534
-6.9762 -9.3532 -2.4664 0.9534
-6.6348 -9.5953 -2.4659 0.9534
-5.9277 -10.0424 -2.4650 0.9534
-5.1910 -10.4384 -2.4642 0.9535
-4.8127 -10.6165 -2.4639 0.9535
-4.4284 -10.7812 -2.4637 0.9535
-3.6436 -11.0693 -2.4633 0.9535
-2.0232 -11.4759 -2.4632 0.9535
-0.7790 -11.6287 -2.4636 0.9535
1.3090 -11.5888 -2.4652 0.9534
1.7241 -11.5366 -2.4657 0.9534
2.5478 -11.3883 -2.4668 0.9534
3.3593 -11.1820 -2.4680 0.9534
3.7592 -11.0575 -2.4687 0.9534
4.1546 -10.9188 -2.4694 0.9534
4.5450 -10.7661 -2.4702 0.9533
5.6809 -10.2262 -2.4728 0.9533
7.4292 -9.0670 -2.4778 0.9532
7.7530 -8.7986 -2.4789 0.9532
8.9484 -7.6138 -2.4835 0.9531
9.2203 -7.2916 -2.4848 0.9531
9.4806 -6.9598 -2.4860 0.9531
9.7291 -6.6187 -2.4873 0.9530
9.9655 -6.2687 -2.4886 0.9530
10.4002 -5.5441 -2.4913 0.9530
10.5981 -5.1704 -2.4926 0.9529
11.4960 -2.7968 -2.5009 0.9528
11.5667 -2.3782 -2.4961 0.9529
11.0399 -1.8599 -2.3665 0.9553
11.0860 -1.0581 -2.3540 0.9555
11.1230 -0.6602 -2.3553 0.9555
10.4579 0.1303 -2.2108 0.9581
10.2746 0.8672 -2.1796 0.9587
10.7397 1.6886 -2.2980 0.9565
10.9015 2.5260 -2.3654 0.9553
10.7031 3.3043 -2.3678 0.9552
10.4487 4.0669 -2.3700 0.9552
10.1396 4.8099 -2.3722 0.9552
9.5765 5.8786 -2.3753 0.9551
8.6505 7.1985 -2.3788 0.9550
8.1176 7.8052 -2.3804 0.9550
7.5416 8.3720 -2.3818 0.9550
7.2385 8.6394 -2.3825 0.9550
6.9257 8.8957 -2.3831 0.9550
6.6038 9.1405 -2.3836 0.9549
6.2730 9.3735 -2.3841 0.9549
4.8714 10.1809 -2.3857 0.9549
4.5037 10.3503 -2.3860 0.9549
4.1299 10.5062 -2.3862 0.9549
2.9781 10.8909 -2.3866 0.9549
2.1898 11.0765 -2.3867 0.9549
1.7911 11.1476 -2.3866 0.9549
1.3900 11.2042 -2.3865 0.9549
0.9872 11.2461 -2.3863 0.9549
0.5832 11.2733 -2.3861 0.9549
-1.4363 11.1884 -2.3844 0.9549
-1.8363 11.1274 -2.3839 0.9549
-2.2337 11.0519 -2.3834 0.9549
-2.6280 10.9621 -2.3828 0.9550
-3.0187 10.8579 -2.3822 0.9550
-3.4052 10.7397 -2.3815 0.9550
-3.7871 10.6075 -2.3808 0.9550
-4.1638 10.4616 -2.3801 0.9550
-4.5348 10.3022 -2.3793 0.9550
-5.9456 10.3296 -2.5193 0.9524
-7.0439 9.6630 -2.5276 0.9523
-7.7117 9.1252 -2.5254 0.9523
-8.3382 8.5410 -2.5231 0.9524
-8.6350 8.2326 -2.5219 0.9524
-8.9204 7.9137 -2.5207 0.9524
-9.1939 7.5849 -2.5194 0.9524
-9.4552 7.2466 -2.5181 0.9525
-9.9400 6.5434 -2.5155 0.9525
8.5462 5.3759 -2.3729 0.9594
8.3509 5.6809 -2.3737 0.9593
8.1445 5.9788 -2.3745 0.9593
7.9275 6.2691 -2.3753 0.9593
7.6999 6.5515 -2.3761 0.9593
6.9576 7.3469 -2.3781 0.9593
4.9209 8.8579 -2.3815 0.9592
4.2743 9.1902 -2.3821 0.9592
3.9424 9.3385 -2.3823 0.9592
3.6052 9.4747 -2.3825 0.9592
3.2633 9.5985 -2.3827 0.9592
2.9171 9.7098 -2.3828 0.9592
1.4986 10.0271 -2.3828 0.9592
1.1380 10.0740 -2.3827 0.9592
0.7759 10.1077 -2.3825 0.9592
0.4128 10.1281 -2.3823 0.9592
-0.3142 10.1295 -2.3818 0.9592
-0.6772 10.1103 -2.3815 0.9592
-2.1145 9.9025 -2.3798 0.9592
-2.8176 9.7210 -2.3787 0.9593
-3.1636 9.6112 -2.3781 0.9593
-3.5053 9.4890 -2.3774 0.9593
-3.8423 9.3545 -2.3768 0.9593
-4.7074 9.4661 -2.4847 0.9575
-5.1258 9.4420 -2.5250 0.9568
-7.0177 8.1220 -2.5227 0.9569
-7.3015 7.8618 -2.5217 0.9569
-7.8395 7.3120 -2.5195 0.9569
-8.0932 7.0230 -2.5184 0.9569
-8.3361 6.7252 -2.5172 0.9569
-8.9976 5.7828 -2.5137 0.9570
-9.3800 5.1180 -2.5113 0.9570
-9.5528 4.7760 -2.5101 0.9571
-10.1175 3.3542 -2.5051 0.9571
-10.2261 2.9877 -2.5038 0.9572
-10.3215 2.6177 -2.5026 0.9572
-10.4720 1.8692 -2.5001 0.9572
-10.5685 1.1125 -2.4976 0.9573
-10.5963 0.7324 -2.4963 0.9573
-10.6111 -0.0290 -2.4939 0.9573
-10.5714 -0.7888 -2.4914 0.9574
-10.3306 -2.2881 -2.4868 0.9575
-10.1310 -3.0201 -2.4846 0.9575
-10.0119 -3.3800 -2.4835 0.9575
-9.8800 -3.7353 -2.4824 0.9575
-9.7357 -4.0856 -2.4814 0.9575
-9.4103 -4.7692 -2.4795 0.9576
-9.0375 -5.4274 -2.4776 0.9576
-8.8339 -5.7460 -2.4767 0.9576
-8.3936 -6.3602 -2.4751 0.9577
-7.6550 -7.2185 -2.4728 0.9577
-7.3892 -7.4864 -2.4722 0.9577
-7.1141 -7.7446 -2.4715 0.9577
-6.5376 -8.2308 -2.4704 0.9577
-6.2369 -8.4582 -2.4699 0.9577
-5.9284 -8.6748 -2.4694 0.9577
-5.6125 -8.8802 -2.4690 0.9578
-4.6242 -9.4277 -2.4679 0.9578
-3.2275 -9.9888 -2.4671 0.9578
-2.8670 -10.0978 -2.4670 0.9578
-2.1358 -10.2771 -2.4670 0.9578
-1.7658 -10.3473 -2.4670 0.9578
-1.3936 -10.4043 -2.4671 0.9578
-1.0197 -10.4481 -2.4672 0.9578
-0.2681 -10.4960 -2.4676 0.9578
0.1085 -10.5000 -2.4679 0.9578
0.4851 -10.4906 -2.4682 0.9578
0.8611 -10.4679 -2.4685 0.9578
1.6098 -10.3827 -2.4693 0.9577
1.9815 -10.3202 -2.4698 0.9577
2.3509 -10.2446 -2.4703 0.9577
2.7174 -10.1560 -2.4709 0.9577
3.7954 -9.8128 -2.4727 0.9577
4.8318 -9.3568 -2.4750 0.9577
5.1660 -9.1805 -2.4758 0.9576
5.4938 -8.9923 -2.4766 0.9576
5.8148 -8.7926 -2.4775 0.9576
6.4349 -8.3594 -2.4793 0.9576
7.0231 -7.8828 -2.4813 0.9575
7.3043 -7.6290 -2.4823 0.9575
7.5764 -7.3653 -2.4834 0.9575
8.0920 -6.8091 -2.4855 0.9575
8.3347 -6.5174 -2.4866 0.9575
8.5670 -6.2172 -2.4878 0.9574
9.3857 -4.9375 -2.4925 0.9574
9.8763 -3.9066 -2.4962 0.9573
10.1411 -3.1918 -2.4986 0.9573
10.4410 -2.0872 -2.5024 0.9572
10.0053 -0.5389 -2.3549 0.9597
10.0232 -0.1798 -2.3561 0.9596
10.0282 0.1798 -2.3572 0.9596
9.9992 0.8991 -2.3595 0.9596
9.9653 1.2578 -2.3607 0.9596
9.7862 2.3241 -2.3640 0.9595
9.7009 2.6748 -2.3650 0.9595
6.8206 2.1466 -1.6805 0.9710
9.3697 3.7061 -2.3681 0.9594
9.2346 4.0415 -2.3691 0.9594
8.9283 4.6968 -2.3710 0.9594
8.7574 5.0159 -2.3719 0.9594
8.3814 5.6348 -2.3736 0.9594
8.1767 5.9339 -2.3744 0.9593
7.7353 6.5089 -2.3760 0.9593
7.4991 6.7842 -2.3767 0.9593
6.9974 7.3084 -2.3780 0.9593
6.4587 7.7950 -2.3792 0.9593
6.1764 8.0235 -2.3797 0.9592
5.8859 8.2415 -2.3802 0.9592
5.5876 8.4489 -2.3807 0.9592
5.2819 8.6454 -2.3811 0.9592
4.9692 8.8306 -2.3814 0.9592
4.6499 9.0044 -2.3818 0.9592
4.3245 9.1665 -2.3821 0.9592
2.2678 9.8820 -2.3829 0.9592
1.5535 10.0188 -2.3828 0.9592
0.4683 10.1259 -2.3824 0.9592
-0.6218 10.1141 -2.3815 0.9592
-0.9840 10.0838 -2.3812 0.9592
-1.3448 10.0403 -2.3808 0.9592
-1.7037 9.9837 -2.3803 0.9592
-3.1111 9.6288 -2.3782 0.9593
-3.4535 9.5085 -2.3775 0.9593
-3.7912 9.3758 -2.3769 0.9593
-5.4160 9.2915 -2.5276 0.9568
-5.7437 9.0881 -2.5267 0.9568
-6.0638 8.8730 -2.5258 0.9568
-6.6791 8.4090 -2.5239 0.9568
-7.2588 7.9022 -2.5218 0.9569
-7.5343 7.6336 -2.5208 0.9569
-7.7999 7.3553 -2.5197 0.9569
-8.2997 6.7712 -2.5174 0.9569
-8.9665 5.8324 -2.5139 0.9570
-9.1655 5.5044 -2.5127 0.9570
-9.5273 4.8286 -2.5103 0.9571
-9.6895 4.4816 -2.5090 0.9571
-9.8392 4.1291 -2.5078 0.9571
-9.9759 3.7717 -2.5066 0.9571
-10.3078 2.6743 -2.5028 0.9572
-10.4624 1.9266 -2.5003 0.9572
-10.6119 0.0291 -2.4940 0.9573
-10.5764 -0.7310 -2.4916 0.9574
-10.4868 -1.4858 -2.4893 0.9574
-10.3437 -2.2317 -2.4870 0.9575
-10.2524 -2.6001 -2.4858 0.9575
-9.9009 -3.6814 -2.4826 0.9575
-9.7585 -4.0325 -2.4816 0.9575
-9.0675 -5.3782 -2.4777 0.9576
-8.8656 -5.6979 -2.4769 0.9576
-8.6526 -6.0101 -2.4760 0.9576
-7.9495 -6.8982 -2.4737 0.9577
-5.3392 -9.0455 -2.4686 0.9578
-5.0107 -9.2298 -2.4683 0.9578
-3.6378 -9.8475 -2.4673 0.9578
-2.9223 -10.0820 -2.4670 0.9578
-2.5588 -10.1801 -2.4670 0.9578
-2.1920 -10.2652 -2.4670 0.9578
-0.7017 -10.4749 -2.4674 0.9578
-0.3256 -10.4942 -2.4676 0.9578
0.0510 -10.5002 -2.4678 0.9578
0.4276 -10.4929 -2.4681 0.9578
1.9250 -10.3306 -2.4697 0.9577
2.2947 -10.2570 -2.4702 0.9577
2.6617 -10.1704 -2.4708 0.9577
4.7803 -9.3826 -2.4748 0.9577
5.1154 -9.2081 -2.4756 0.9576
5.7663 -8.8239 -2.4773 0.9576
6.0812 -8.6145 -2.4783 0.9576
6.3887 -8.3940 -2.4792 0.9576
6.6882 -8.1627 -2.4801 0.9576
6.9794 -7.9207 -2.4811 0.9575
7.2620 -7.6684 -2.4822 0.9575
7.5355 -7.4061 -2.4832 0.9575
7.7996 -7.1342 -2.4843 0.9575
8.2983 -6.5625 -2.4865 0.9575
8.9676 -5.6410 -2.4899 0.9574
9.1685 -5.3183 -2.4911 0.9574
9.3579 -4.9885 -2.4923 0.9574
9.5354 -4.6519 -2.4935 0.9573
9.7009 -4.3090 -2.4947 0.9573
9.8540 -3.9603 -2.4960 0.9573
10.2378 -2.8833 -2.4997 0.9572
10.3398 -2.5155 -2.5010 0.9572
10.4286 -2.1442 -2.5022 0.9572
10.4881 -1.7670 -2.4997 0.9572
9.9688 -0.9515 -2.3535 0.9597
10.0015 -0.5937 -2.3547 0.9597
9.9713 1.2031 -2.3605 0.9596
9.7981 2.2703 -2.3638 0.9595
9.7148 2.6215 -2.3649 0.9595
6.8369 2.1107 -1.6817 0.9710
6.7845 2.3642 -1.6886 0.9709
9.3893 3.6546 -2.3680 0.9594
9.2560 3.9906 -2.3689 0.9594
8.9533 4.6476 -2.3708 0.9594
8.6036 5.2814 -2.3726 0.9594
8.4117 5.5886 -2.3735 0.9594
7.7705 6.4662 -2.3758 0.9593
7.2913 7.0107 -2.3773 0.9593
5.6336 8.4180 -2.3806 0.9592
5.0173 8.8031 -2.3814 0.9592
4.0443 9.2945 -2.3823 0.9592
3.7086 9.4344 -2.3825 0.9592
3.3681 9.5620 -2.3826 0.9592
-0.2033 10.1327 -2.3819 0.9592
-0.5665 10.1176 -2.3816 0.9592
-0.9288 10.0892 -2.3812 0.9592
-2.3602 9.8452 -2.3794 0.9593
-3.0584 9.6460 -2.3783 0.9593
-3.7400 9.3969 -2.3770 0.9593
-4.5216 9.3477 -2.4404 0.9582
-5.0191 9.4919 -2.5235 0.9568
-5.3653 9.3215 -2.5278 0.9568
-5.6942 9.1199 -2.5269 0.9568
-6.3286 8.6818 -2.5250 0.9568
-7.4929 7.6752 -2.5209 0.9569
-7.7600 7.3983 -2.5198 0.9569
-8.0169 7.1121 -2.5187 0.9569
-8.4984 6.5133 -2.5164 0.9570
-8.7225 6.2014 -2.5153 0.9570
7.7503 4.8753 -2.3707 0.9629
7.3856 5.4217 -2.3722 0.9629
6.9820 5.9406 -2.3736 0.9628
6.7663 6.1889 -2.3742 0.9628
6.3084 6.6614 -2.3754 0.9628
5.8172 7.0996 -2.3765 0.9628
5.5600 7.3051 -2.3769 0.9628
5.2954 7.5012 -2.3774 0.9628
5.0238 7.6876 -2.3778 0.9628
3.2682 8.5891 -2.3794 0.9627
2.9583 8.7013 -2.3796 0.9627
2.6444 8.8022 -2.3797 0.9627
2.0067 8.9694 -2.3797 0.9627
1.3585 9.0898 -2.3797 0.9627
1.0316 9.1323 -2.3796 0.9627
0.0447 9.1883 -2.3790 0.9627
-0.2848 9.1830 -2.3788 0.9628
-0.6139 9.1657 -2.3785 0.9628
-0.9421 9.1365 -2.3782 0.9628
-1.2690 9.0954 -2.3778 0.9628
-2.8684 8.7144 -2.3754 0.9628
-3.1805 8.6097 -2.3764 0.9628
-3.5629 8.6743 -2.4280 0.9620
-4.0202 8.8685 -2.5211 0.9606
-4.6543 8.5736 -2.5259 0.9605
-5.2536 8.2127 -2.5243 0.9605
-5.5429 8.0163 -2.5234 0.9605
-5.8249 7.8097 -2.5226 0.9605
-6.0990 7.5930 -2.5217 0.9606
-6.3651 7.3667 -2.5207 0.9606
-6.6227 7.1310 -2.5198 0.9606
-7.5624 6.1010 -2.5158 0.9606
-7.7731 5.8234 -2.5148 0.9607
-7.9736 5.5386 -2.5137 0.9607
-8.1636 5.2468 -2.5126 0.9607
-8.5113 4.6440 -2.5104 0.9607
-9.1826 3.0442 -2.5048 0.9608
-9.2816 2.7117 -2.5036 0.9608
-9.5061 1.6967 -2.5002 0.9609
-9.5565 1.3541 -2.4991 0.9609
-9.5946 1.0100 -2.4979 0.9609
-9.6203 0.6650 -2.4968 0.9609
-9.6336 0.3194 -2.4957 0.9610
-9.5994 -0.7163 -2.4924 0.9610
-9.5634 -1.0596 -2.4913 0.9610
-9.5152 -1.4014 -2.4902 0.9610
-9.4548 -1.7410 -2.4892 0.9611
-9.3824 -2.0781 -2.4881 0.9611
-9.2018 -2.7431 -2.4861 0.9611
-9.0940 -3.0702 -2.4852 0.9611
-8.9746 -3.3930 -2.4842 0.9611
-8.8438 -3.7113 -2.4833 0.9611
-8.7018 -4.0246 -2.4824 0.9612
-8.3850 -4.6348 -2.4806 0.9612
-8.0260 -5.2206 -2.4790 0.9612
-7.8311 -5.5033 -2.4782 0.9612
-7.4122 -6.0470 -2.4768 0.9612
-7.1886 -6.3072 -2.4761 0.9613
-6.9559 -6.5593 -2.4755 0.9613
-6.2068 -7.2634 -2.4737 0.9613
-5.6679 -7.6866 -2.4728 0.9613
-5.3877 -7.8836 -2.4723 0.9613
-5.1006 -8.0704 -2.4719 0.9613
-4.8072 -8.2470 -2.4716 0.9613
-4.5078 -8.4130 -2.4713 0.9613
-2.9333 -9.0785 -2.4702 0.9613
-2.6058 -9.1776 -2.4702 0.9613
-2.2749 -9.2650 -2.4701 0.9613
-1.9412 -9.3406 -2.4701 0.9613
-1.2666 -9.4562 -2.4702 0.9613
-0.9267 -9.4960 -2.4704 0.9613
-0.2437 -9.5393 -2.4707 0.9613
0.0986 -9.5428 -2.4709 0.9613
0.4409 -9.5342 -2.4712 0.9613
0.7826 -9.5135 -2.4715 0.9613
1.1235 -9.4806 -2.4719 0.9613
1.8008 -9.3788 -2.4727 0.9613
4.0813 -8.6512 -2.4767 0.9612
4.3902 -8.5016 -2.4774 0.9612
6.1166 -7.3823 -2.4822 0.9612
7.3495 -6.1844 -2.4870 0.9611
7.7803 -5.6463 -2.4890 0.9611
7.9812 -5.3659 -2.4901 0.9610
8.1720 -5.0783 -2.4912 0.9610
8.8297 -3.8644 -2.4955 0.9610
8.9667 -3.5468 -2.4967 0.9609
9.0922 -3.2244 -2.4978 0.9609
9.2062 -2.8975 -2.4989 0.9609
9.3084 -2.5666 -2.5001 0.9609
9.5879 -1.2102 -2.5022 0.9609
9.6104 -0.8642 -2.4983 0.9609
9.0922 0.4897 -2.3575 0.9631
9.0728 0.8158 -2.3586 0.9631
8.8780 2.1084 -2.3626 0.9630
8.8003 2.4265 -2.3636 0.9630
6.7801 2.1339 -1.8404 0.9711
6.7812 2.4048 -1.8629 0.9707
8.2420 3.9652 -2.3681 0.9629
7.9422 4.5490 -2.3698 0.9629
7.4148 5.3809 -2.3721 0.9629
7.2192 5.6451 -2.3728 0.9628
7.0141 5.9021 -2.3735 0.9628
6.7998 6.1515 -2.3741 0.9628
6.5765 6.3931 -2.3747 0.9628
6.1042 6.8514 -2.3759 0.9628
5.8558 7.0674 -2.3764 0.9628
5.3362 7.4719 -2.3773 0.9628
5.0657 7.6598 -2.3777 0.9628
4.7885 7.8378 -2.3781 0.9628
4.5049 8.0056 -2.3784 0.9628
4.2154 8.1631 -2.3787 0.9628
3.0058 8.6849 -2.3795 0.9627
2.6925 8.7875 -2.3797 0.9627
2.0558 8.9583 -2.3797 0.9627
1.7331 9.0262 -2.3797 0.9627
1.4083 9.0823 -2.3797 0.9627
0.0950 9.1880 -2.3791 0.9627
-0.5637 9.1691 -2.3785 0.9628
-0.8921 9.1417 -2.3782 0.9628
-1.2192 9.1025 -2.3778 0.9628
-2.8208 8.7303 -2.3755 0.9628
-4.6075 8.5993 -2.5260 0.9605
-5.2088 8.2417 -2.5244 0.9605
-5.7823 7.8419 -2.5227 0.9605
-6.8342 6.9242 -2.5190 0.9606
-7.5294 6.1427 -2.5160 0.9606
-7.7416 5.8663 -2.5149 0.9607
-7.9437 5.5825 -2.5139 0.9607
-8.6453 4.3815 -2.5095 0.9607
-8.9291 3.7472 -2.5072 0.9608
-9.1664 3.0947 -2.5050 0.9608
-9.3561 2.4274 -2.5027 0.9608
-9.4328 2.0893 -2.5015 0.9609
-9.4974 1.7489 -2.5004 0.9609
-9.5496 1.4065 -2.4992 0.9609
-9.6172 0.7177 -2.4970 0.9609
-9.5233 -1.3493 -2.4904 0.9610
-9.4648 -1.6893 -2.4893 0.9611
-9.3117 -2.3615 -2.4873 0.9611
-9.1112 -3.0205 -2.4853 0.9611
-8.9935 -3.3440 -2.4843 0.9611
-8.8645 -3.6631 -2.4834 0.9611
-8.7242 -3.9772 -2.4825 0.9612
-8.5729 -4.2860 -2.4816 0.9612
-8.4107 -4.5891 -2.4808 0.9612
-8.2380 -4.8862 -2.4799 0.9612
-8.0548 -5.1768 -2.4791 0.9612
-7.6583 -5.7373 -2.4776 0.9612
-7.4455 -6.0066 -2.4769 0.9612
-6.5034 -7.0024 -2.4744 0.9613
-6.2467 -7.2295 -2.4738 0.9613
-5.9821 -7.4474 -2.4733 0.9613
-5.7101 -7.6557 -2.4728 0.9613
-5.4309 -7.8541 -2.4724 0.9613
-4.8524 -8.2207 -2.4716 0.9613
-4.2496 -8.5453 -2.4710 0.9613
-3.9400 -8.6913 -2.4708 0.9613
-3.6254 -8.8263 -2.4706 0.9613
-2.6560 -9.1632 -2.4702 0.9613
-2.3256 -9.2524 -2.4701 0.9613
-1.9923 -9.3298 -2.4701 0.9613
-1.6564 -9.3954 -2.4701 0.9613
-1.3184 -9.4490 -2.4702 0.9613
-0.9787 -9.4907 -2.4703 0.9613
-0.6377 -9.5202 -2.4705 0.9613
-0.2959 -9.5377 -2.4707 0.9613
0.3886 -9.5363 -2.4712 0.9613
0.7305 -9.5174 -2.4715 0.9613
1.0715 -9.4864 -2.4718 0.9613
1.4113 -9.4434 -2.4722 0.9613
1.7494 -9.3883 -2.4726 0.9613
2.0853 -9.3212 -2.4731 0.9613
2.4188 -9.2423 -2.4736 0.9613
2.7493 -9.1516 -2.4741 0.9613
3.3998 -8.9351 -2.4753 0.9613
4.6477 -8.3664 -2.4780 0.9612
5.5248 -7.8262 -2.4804 0.9612
6.0758 -7.4152 -2.4821 0.9612
6.3401 -7.1952 -2.4830 0.9612
7.3151 -6.2242 -2.4868 0.9611
7.5367 -5.9602 -2.4879 0.9611
7.9512 -5.4091 -2.4899 0.9610
8.1435 -5.1227 -2.4910 0.9610
8.9465 -3.5956 -2.4965 0.9609
9.0738 -3.2739 -2.4976 0.9609
9.1896 -2.9477 -2.4987 0.9609
9.2936 -2.6174 -2.4999 0.9609
9.6077 -0.9170 -2.4989 0.9609
9.2289 -0.5478 -2.3937 0.9625
9.0471 1.0916 -2.3595 0.9630
9.0060 1.4160 -2.3605 0.9630
8.9533 1.7388 -2.3615 0.9630
8.8129 2.3781 -2.3634 0.9630
6.8172 2.1046 -1.8473 0.9710
6.7704 2.3593 -1.8564 0.9708
8.2632 3.9198 -2.3680 0.9629
7.9666 4.5052 -2.3697 0.9629
7.8025 4.7896 -2.3705 0.9629
7.0460 5.8633 -2.3734 0.9628
6.8331 6.1140 -2.3740 0.9628
6.6112 6.3568 -2.3747 0.9628
6.3805 6.5914 -2.3752 0.9628
6.1414 6.8176 -2.3758 0.9628
5.8943 7.0350 -2.3763 0.9628
5.3769 7.4424 -2.3773 0.9628
5.1074 7.6318 -2.3777 0.9628
4.8312 7.8113 -2.3781 0.9628
4.2600 8.1397 -2.3787 0.9628
3.6663 8.4259 -2.3792 0.9627
3.0533 8.6683 -2.3795 0.9627
2.4243 8.8655 -2.3797 0.9627
1.7825 9.0166 -2.3797 0.9627
1.1315 9.1206 -2.3796 0.9627
0.1453 9.1875 -2.3791 0.9627
-1.4951 9.0599 -2.3775 0.9628
-1.8187 8.9989 -2.3771 0.9628
-2.1399 8.9261 -2.3766 0.9628
-3.0842 8.6388 -2.3750 0.9628
-3.9194 8.9041 -2.5189 0.9606
-4.5606 8.6248 -2.5261 0.9605
-4.8655 8.4531 -2.5253 0.9605
-6.0162 7.6602 -2.5219 0.9606
-6.7966 6.9619 -2.5191 0.9606
-7.0392 6.7111 -2.5181 0.9606
-7.2724 6.4517 -2.5171 0.9606
-7.4961 6.1842 -2.5161 0.9606
-7.9135 5.6262 -2.5140 0.9607
7.0830 4.4555 -2.3689 0.9658
6.9207 4.7080 -2.3696 0.9658
6.7493 4.9546 -2.3702 0.9658
5.9775 5.8748 -2.3726 0.9658
5.7642 6.0867 -2.3732 0.9658
5.5434 6.2909 -2.3737 0.9657
5.0801 6.6746 -2.3746 0.9657
4.8383 6.8537 -2.3750 0.9657
4.5901 7.0239 -2.3753 0.9657
4.0759 7.3368 -2.3760 0.9657
3.8105 7.4791 -2.3762 0.9657
3.2652 7.7344 -2.3767 0.9657
2.9859 7.8471 -2.3768 0.9657
2.4159 8.0417 -2.3771 0.9657
2.1260 8.1233 -2.3771 0.9657
-0.2602 8.3898 -2.3762 0.9657
-0.5609 8.3741 -2.3760 0.9657
-0.8608 8.3476 -2.3757 0.9657
-1.1594 8.3102 -2.3753 0.9657
-1.4565 8.2619 -2.3750 0.9657
-2.6453 8.0366 -2.3952 0.9654
-3.3849 8.2409 -2.5221 0.9636
-3.6827 8.1240 -2.5251 0.9636
-3.9707 7.9846 -2.5245 0.9636
-5.3236 7.1377 -2.5208 0.9637
-5.5744 6.9399 -2.5199 0.9637
-5.8178 6.7332 -2.5191 0.9637
-6.0534 6.5180 -2.5182 0.9637
-6.5005 6.0630 -2.5164 0.9637
-6.7113 5.8238 -2.5155 0.9637
-7.4637 4.7969 -2.5117 0.9638
-7.7821 4.2462 -2.5097 0.9638
-7.9262 3.9627 -2.5086 0.9638
-8.0599 3.6744 -2.5076 0.9638
-8.4884 2.4800 -2.5035 0.9639
-8.7412 1.2386 -2.4993 0.9640
-8.7763 0.9239 -2.4982 0.9640
-8.8002 0.6083 -2.4972 0.9640
-8.8127 0.2921 -2.4962 0.9640
-8.8038 -0.3400 -2.4942 0.9640
-8.7498 -0.9695 -2.4922 0.9641
-8.5851 -1.9015 -2.4893 0.9641
-8.5082 -2.2074 -2.4884 0.9641
-8.3221 -2.8095 -2.4865 0.9641
-8.2130 -3.1051 -2.4857 0.9642
-8.0936 -3.3965 -2.4848 0.9642
-7.8242 -3.9653 -2.4832 0.9642
-7.6745 -4.2421 -2.4824 0.9642
-7.5151 -4.5132 -2.4816 0.9642
-7.3462 -4.7784 -2.4809 0.9642
-6.9809 -5.2898 -2.4795 0.9642
-6.7849 -5.5353 -2.4789 0.9643
-6.3676 -6.0045 -2.4777 0.9643
-5.6822 -6.6494 -2.4761 0.9643
-5.4390 -6.8477 -2.4756 0.9643
-5.1890 -7.0371 -2.4752 0.9643
-4.6698 -7.3887 -2.4744 0.9643
-4.4012 -7.5505 -2.4741 0.9643
-4.1271 -7.7025 -2.4738 0.9643
-3.8478 -7.8448 -2.4736 0.9643
-3.5636 -7.9770 -2.4733 0.9643
-3.2750 -8.0991 -2.4732 0.9643
-2.9822 -8.2109 -2.4730 0.9643
-2.3858 -8.4029 -2.4728 0.9643
-2.0829 -8.4829 -2.4728 0.9643
-1.7773 -8.5521 -2.4728 0.9643
-1.4695 -8.6105 -2.4728 0.9643
-0.8485 -8.6943 -2.4730 0.9643
0.0903 -8.7371 -2.4735 0.9643
0.7165 -8.7100 -2.4741 0.9643
1.0286 -8.6798 -2.4744 0.9643
1.3394 -8.6386 -2.4748 0.9643
1.6486 -8.5864 -2.4751 0.9643
1.9559 -8.5232 -2.4756 0.9643
2.2607 -8.4491 -2.4760 0.9643
2.8617 -8.2687 -2.4770 0.9643
3.4487 -8.0460 -2.4782 0.9643
4.0186 -7.7821 -2.4794 0.9642
4.2963 -7.6350 -2.4801 0.9642
4.5687 -7.4781 -2.4808 0.9642
4.8353 -7.3116 -2.4815 0.9642
5.0960 -7.1356 -2.4823 0.9642
5.5980 -6.7563 -2.4839 0.9642
5.8386 -6.5534 -2.4847 0.9642
6.2977 -6.1222 -2.4864 0.9641
6.5156 -5.8945 -2.4873 0.9641
6.7253 -5.6591 -2.4882 0.9641
7.1190 -5.1663 -2.4901 0.9641
7.4768 -4.6463 -2.4920 0.9641
7.6417 -4.3769 -2.4930 0.9641
7.7969 -4.1017 -2.4940 0.9640
8.0774 -3.5351 -2.4961 0.9640
8.2023 -3.2444 -2.4971 0.9640
8.5963 -2.0416 -2.5012 0.9639
8.6676 -1.7327 -2.5023 0.9639
8.7278 -1.4213 -2.5033 0.9639
8.7768 -1.1078 -2.5044 0.9639
8.8237 -0.4753 -2.5015 0.9639
8.3206 0.1492 -2.3559 0.9660
8.3133 0.4477 -2.3568 0.9660
8.2664 1.0433 -2.3587 0.9660
8.2269 1.3397 -2.3597 0.9659
8.1160 1.9274 -2.3615 0.9659
6.7596 2.1275 -2.0061 0.9710
6.7631 2.3983 -2.0314 0.9706
7.7682 3.0727 -2.3649 0.9659
7.6557 3.3505 -2.3657 0.9659
7.5331 3.6241 -2.3665 0.9658
7.4007 3.8932 -2.3673 0.9658
7.2586 4.1574 -2.3680 0.9658
7.1070 4.4164 -2.3688 0.9658
6.9461 4.6699 -2.3695 0.9658
6.7760 4.9174 -2.3701 0.9658
6.5971 5.1586 -2.3708 0.9658
6.4095 5.3933 -2.3714 0.9658
6.0094 5.8418 -2.3726 0.9658
5.5776 6.2602 -2.3736 0.9657
4.6283 6.9985 -2.3753 0.9657
4.3750 7.1610 -2.3756 0.9657
4.1159 7.3142 -2.3759 0.9657
3.8513 7.4580 -2.3762 0.9657
3.5817 7.5921 -2.3764 0.9657
3.3074 7.7163 -2.3766 0.9657
2.4599 8.0283 -2.3770 0.9657
1.2866 8.2976 -2.3771 0.9657
0.9881 8.3381 -2.3770 0.9657
0.6884 8.3677 -2.3769 0.9657
-1.1139 8.3166 -2.3754 0.9657
-1.7067 8.2127 -2.3746 0.9657
-1.9998 8.1447 -2.3742 0.9657
-2.2902 8.0662 -2.3737 0.9657
-3.0021 8.2658 -2.4895 0.9641
-4.2106 7.8584 -2.5239 0.9636
-4.4884 7.7002 -2.5232 0.9636
-4.7603 7.5321 -2.5224 0.9636
-5.2847 7.1670 -2.5209 0.9637
-6.0180 6.5514 -2.5184 0.9637
-6.2469 6.3291 -2.5175 0.9637
-6.4675 6.0988 -2.5166 0.9637
-6.8830 5.6154 -2.5147 0.9637
-7.2623 5.1036 -2.5128 0.9638
-7.4377 4.8380 -2.5118 0.9638
-7.7592 4.2890 -2.5098 0.9638
-7.9049 4.0063 -2.5088 0.9638
-8.3827 2.8301 -2.5047 0.9639
-8.4753 2.5265 -2.5036 0.9639
-8.7348 1.2865 -2.4994 0.9640
-8.7973 0.6565 -2.4974 0.9640
-8.8061 -0.2919 -2.4943 0.9640
-8.7864 -0.6073 -2.4933 0.9640
-8.7555 -0.9217 -2.4923 0.9641
-8.5959 -1.8546 -2.4894 0.9641
-8.4346 -2.4642 -2.4876 0.9641
-8.3378 -2.7641 -2.4867 0.9641
-8.2304 -3.0603 -2.4858 0.9642
-8.1125 -3.3523 -2.4850 0.9642
-7.9844 -3.6399 -2.4841 0.9642
-7.8461 -3.9226 -2.4833 0.9642
-7.1959 -4.9983 -2.4803 0.9642
-7.0101 -5.2517 -2.4796 0.9642
-6.8154 -5.4983 -2.4790 0.9643
-6.6122 -5.7377 -2.4784 0.9643
-6.4006 -5.9698 -2.4778 0.9643
-6.1810 -6.1941 -2.4772 0.9643
-5.4766 -6.8180 -2.4757 0.9643
-5.2276 -7.0088 -2.4753 0.9643
-4.1693 -7.6800 -2.4739 0.9643
-3.6073 -7.9575 -2.4734 0.9643
-3.3193 -8.0811 -2.4732 0.9643
-2.4318 -8.3897 -2.4728 0.9643
-1.2071 -8.6514 -2.4729 0.9643
-0.5839 -8.7165 -2.4731 0.9643
-0.2709 -8.7325 -2.4733 0.9643
0.0425 -8.7373 -2.4735 0.9643
0.6688 -8.7136 -2.4740 0.9643
2.2143 -8.4611 -2.4760 0.9643
3.4045 -8.0645 -2.4781 0.9643
3.6924 -7.9391 -2.4787 0.9643
3.9758 -7.8036 -2.4793 0.9642
5.3119 -6.9793 -2.4830 0.9642
6.2638 -6.1563 -2.4863 0.9641
6.8963 -5.4538 -2.4890 0.9641
7.4508 -4.6869 -2.4919 0.9641
7.6171 -4.4184 -2.4929 0.9641
7.9206 -3.8641 -2.4949 0.9640
8.1839 -3.2891 -2.4969 0.9640
8.3001 -2.9947 -2.4980 0.9640
8.4056 -2.6962 -2.4990 0.9640
8.5005 -2.3940 -2.5000 0.9640
8.5844 -2.0885 -2.5011 0.9639
8.6574 -1.7800 -2.5021 0.9639
8.7194 -1.4690 -2.5032 0.9639
8.8096 -0.8408 -2.5053 0.9639
8.8227 -0.5237 -2.5021 0.9639
8.7321 -0.2045 -2.4727 0.9643
8.3448 0.1040 -2.3625 0.9659
8.3151 0.4022 -2.3567 0.9660
8.2715 0.9980 -2.3586 0.9660
8.2336 1.2945 -2.3595 0.9659
8.1851 1.5896 -2.3604 0.9659
8.0562 2.1739 -2.3622 0.9659
6.7423 2.3495 -2.0213 0.9708
7.7845 3.0299 -2.3648 0.9659
7.6735 3.3083 -2.3656 0.9659
7.4215 3.8524 -2.3672 0.9658
7.2809 4.1174 -2.3679 0.9658
6.9712 4.6316 -2.3694 0.9658
6.6250 5.1222 -2.3707 0.9658
6.0410 5.8086 -2.3725 0.9658
5.8301 6.0229 -2.3730 0.9658
5.6116 6.2294 -2.3735 0.9657
5.1526 6.6182 -2.3744 0.9657
4.9128 6.7999 -2.3749 0.9657
4.6665 6.9729 -2.3752 0.9657
4.4140 7.1368 -2.3756 0.9657
4.1558 7.2915 -2.3759 0.9657
3.3496 7.6980 -2.3766 0.9657
3.0716 7.8138 -2.3768 0.9657
1.9229 8.1738 -2.3771 0.9657
1.6285 8.2375 -2.3771 0.9657
0.4338 8.3843 -2.3767 0.9657
-0.1684 8.3924 -2.3763 0.9657
-0.4692 8.3801 -2.3761 0.9657
-0.7694 8.3568 -2.3758 0.9657
-1.6617 8.2221 -2.3747 0.9657
-1.9552 8.1558 -2.3743 0.9657
-2.2460 8.0788 -2.3738 0.9657
-3.2929 8.2736 -2.5209 0.9637
-3.8833 8.0283 -2.5247 0.9636
-4.1676 7.8817 -2.5240 0.9636
-4.4464 7.7250 -2.5233 0.9636
-4.7192 7.5584 -2.5225 0.9636
-5.2457 7.1962 -2.5210 0.9637
-6.6479 5.8976 -2.5158 0.9637
-7.0482 5.4018 -2.5139 0.9638
-7.4116 4.8789 -2.5120 0.9638
5.8679 4.9927 -2.3697 0.9683
5.6863 5.2011 -2.3703 0.9683
5.4973 5.4029 -2.3708 0.9683
4.8880 5.9655 -2.3721 0.9682
4.4493 6.3026 -2.3729 0.9682
4.2210 6.4591 -2.3733 0.9682
3.9871 6.6071 -2.3736 0.9682
3.5040 6.8775 -2.3741 0.9682
3.0025 7.1121 -2.3745 0.9682
2.7456 7.2157 -2.3746 0.9682
2.2215 7.3946 -2.3748 0.9682
0.8666 7.6720 -2.3747 0.9682
-1.0662 7.6419 -2.3732 0.9682
-1.3394 7.5977 -2.3729 0.9682
-1.6108 7.5436 -2.3725 0.9682
-1.8860 7.5038 -2.3798 0.9681
-3.1176 7.5901 -2.5238 0.9662
-3.6519 7.3436 -2.5226 0.9663
-4.1668 7.0594 -2.5213 0.9663
-4.6596 6.7388 -2.5199 0.9663
-4.8968 6.5654 -2.5192 0.9663
-5.1276 6.3837 -2.5185 0.9663
-5.5686 5.9960 -2.5169 0.9663
-5.7782 5.7905 -2.5161 0.9663
-5.9802 5.5777 -2.5153 0.9664
-6.3603 5.1312 -2.5135 0.9664
-6.7070 4.6588 -2.5118 0.9664
-6.8673 4.4136 -2.5109 0.9664
-7.2936 3.6464 -2.5081 0.9665
-7.4169 3.3812 -2.5071 0.9665
-7.5305 3.1119 -2.5062 0.9665
-7.6344 2.8387 -2.5052 0.9665
-7.8122 2.2824 -2.5033 0.9665
-7.8860 2.0000 -2.5024 0.9665
-7.9496 1.7152 -2.5014 0.9665
-8.0029 1.4284 -2.5004 0.9666
-8.0459 1.1401 -2.4995 0.9666
-8.0785 0.8504 -2.4985 0.9666
-8.1125 0.2689 -2.4966 0.9666
-8.1139 -0.0222 -2.4957 0.9666
-8.1049 -0.3130 -2.4947 0.9666
-8.0855 -0.6033 -2.4938 0.9666
-8.0156 -1.1805 -2.4920 0.9667
-7.9653 -1.4667 -2.4911 0.9667
-7.9048 -1.7508 -2.4903 0.9667
-7.7536 -2.3114 -2.4886 0.9667
-7.6632 -2.5871 -2.4877 0.9667
-7.5631 -2.8594 -2.4869 0.9667
-7.2055 -3.6518 -2.4846 0.9668
-7.0679 -3.9068 -2.4839 0.9668
-6.9213 -4.1566 -2.4832 0.9668
-6.4297 -4.8721 -2.4813 0.9668
-6.0611 -5.3180 -2.4801 0.9668
-5.6618 -5.7363 -2.4790 0.9668
-5.4514 -5.9345 -2.4786 0.9668
-4.7800 -6.4824 -2.4773 0.9669
-4.5437 -6.6487 -2.4769 0.9669
-4.3018 -6.8064 -2.4766 0.9669
-3.5446 -7.2267 -2.4758 0.9669
-2.7473 -7.5641 -2.4753 0.9669
-2.1979 -7.7410 -2.4751 0.9669
-1.9188 -7.8148 -2.4751 0.9669
-1.0684 -7.9760 -2.4751 0.9669
-0.4939 -8.0328 -2.4754 0.9669
-0.2055 -8.0459 -2.4755 0.9669
0.0832 -8.0487 -2.4757 0.9669
0.6601 -8.0237 -2.4762 0.9669
1.2338 -7.9577 -2.4769 0.9669
1.5187 -7.9095 -2.4772 0.9669
2.6360 -7.6164 -2.4790 0.9668
3.4410 -7.2940 -2.4806 0.9668
3.9570 -7.0320 -2.4818 0.9668
4.2077 -6.8874 -2.4825 0.9668
4.6932 -6.5716 -2.4838 0.9668
4.9273 -6.4009 -2.4845 0.9668
5.1552 -6.2220 -2.4853 0.9668
5.5915 -5.8400 -2.4868 0.9667
5.9996 -5.4277 -2.4885 0.9667
6.3776 -4.9871 -2.4901 0.9667
7.4357 -3.2542 -2.4965 0.9666
7.6556 -2.7149 -2.4984 0.9666
7.8366 -2.1608 -2.5003 0.9666
8.1410 -0.1461 -2.5044 0.9665
8.1314 0.1458 -2.5014 0.9665
7.6060 0.9600 -2.3580 0.9684
7.4010 2.0406 -2.3613 0.9684
6.7390 2.1210 -2.1730 0.9709
6.8074 3.5811 -2.3659 0.9683
6.6765 3.8241 -2.3665 0.9683
6.3888 4.2952 -2.3679 0.9683
6.0675 4.7445 -2.3691 0.9683
5.7145 5.1697 -2.3702 0.9683
5.3315 5.5684 -2.3712 0.9683
5.1294 5.7572 -2.3717 0.9682
4.7051 6.1122 -2.3725 0.9682
4.2562 6.4357 -2.3732 0.9682
3.7848 6.7259 -2.3738 0.9682
3.0413 7.0955 -2.3745 0.9682
2.2619 7.3822 -2.3748 0.9682
1.4560 7.5827 -2.3749 0.9682
1.1831 7.6299 -2.3748 0.9682
0.6330 7.6945 -2.3746 0.9682
0.3566 7.7117 -2.3745 0.9682
0.0798 7.7190 -2.3743 0.9682
-2.7997 7.7083 -2.5225 0.9663
-3.3462 7.4904 -2.5233 0.9663
-4.3785 6.9279 -2.5208 0.9663
-4.6228 6.7645 -2.5201 0.9663
-5.0928 6.4119 -2.5186 0.9663
-5.3179 6.2233 -2.5178 0.9663
-5.5359 6.0266 -2.5170 0.9663
-5.7467 5.8224 -2.5162 0.9663
-5.9498 5.6107 -2.5154 0.9664
-6.1452 5.3918 -2.5145 0.9664
-6.3324 5.1662 -2.5137 0.9664
-6.5114 4.9340 -2.5128 0.9664
-6.8434 4.4514 -2.5110 0.9664
-6.9961 4.2016 -2.5101 0.9664
-7.1397 3.9465 -2.5092 0.9664
-7.2739 3.6865 -2.5082 0.9664
-7.3987 3.4220 -2.5073 0.9665
-7.6191 2.8806 -2.5054 0.9665
-7.8001 2.3253 -2.5035 0.9665
-7.8754 2.0432 -2.5025 0.9665
-7.9406 1.7588 -2.5015 0.9665
-7.9955 1.4723 -2.5006 0.9665
-8.0400 1.1842 -2.4996 0.9666
-8.0742 0.8947 -2.4987 0.9666
-8.0980 0.6043 -2.4977 0.9666
-8.1114 0.3133 -2.4968 0.9666
-8.1144 0.0222 -2.4958 0.9666
-8.1069 -0.2687 -2.4949 0.9666
-8.0891 -0.5591 -2.4940 0.9666
-8.0224 -1.1367 -2.4922 0.9667
-7.9736 -1.4232 -2.4913 0.9667
-7.8456 -1.9897 -2.4895 0.9667
-7.7666 -2.2690 -2.4887 0.9667
-7.4707 -3.0871 -2.4863 0.9667
-7.3529 -3.3520 -2.4855 0.9667
-7.2257 -3.6125 -2.4848 0.9668
-6.9442 -4.1188 -2.4833 0.9668
-6.6275 -4.6035 -2.4820 0.9668
-6.4565 -4.8370 -2.4814 0.9668
-5.8955 -5.4987 -2.4796 0.9668
-5.6933 -5.7054 -2.4791 0.9668
-5.0448 -6.2804 -2.4777 0.9668
-4.8155 -6.4563 -2.4773 0.9669
-3.8408 -7.0748 -2.4760 0.9669
-3.0579 -7.4446 -2.4754 0.9669
-2.7887 -7.5490 -2.4753 0.9669
-2.5161 -7.6438 -2.4752 0.9669
-1.9616 -7.8042 -2.4751 0.9669
-1.3971 -7.9248 -2.4751 0.9669
-1.1120 -7.9700 -2.4751 0.9669
-0.8255 -8.0050 -2.4752 0.9669
-0.5379 -8.0299 -2.4754 0.9669
0.3278 -8.0431 -2.4759 0.9669
0.9037 -8.0007 -2.4765 0.9669
1.4753 -7.9175 -2.4772 0.9669
1.7586 -7.8607 -2.4776 0.9669
2.0397 -7.7939 -2.4780 0.9668
2.3184 -7.7171 -2.4784 0.9668
3.9183 -7.0533 -2.4817 0.9668
4.1698 -6.9100 -2.4824 0.9668
4.6570 -6.5969 -2.4837 0.9668
4.8920 -6.4275 -2.4844 0.9668
5.1209 -6.2498 -2.4852 0.9668
5.3434 -6.0640 -2.4859 0.9667
5.7680 -5.6689 -2.4875 0.9667
6.1636 -5.2444 -2.4892 0.9667
6.8598 -4.3151 -2.4927 0.9667
7.2916 -3.5573 -2.4954 0.9666
7.4173 -3.2947 -2.4964 0.9666
7.6402 -2.7566 -2.4982 0.9666
7.7371 -2.4818 -2.4992 0.9666
7.8241 -2.2035 -2.5002 0.9666
7.9012 -1.9223 -2.5011 0.9665
7.9681 -1.6383 -2.5021 0.9665
8.0248 -1.3520 -2.5030 0.9665
8.0713 -1.0637 -2.5040 0.9665
8.1330 -0.4827 -2.5059 0.9665
8.1416 -0.1907 -2.5049 0.9665
8.1335 0.1013 -2.5019 0.9665
7.9336 0.3837 -2.4430 0.9673
7.6359 0.6445 -2.3570 0.9684
7.6107 0.9183 -2.3579 0.9684
7.4760 1.7323 -2.3604 0.9684
7.4116 2.0000 -2.3612 0.9684
6.7770 2.0922 -2.1815 0.9708
7.0587 3.0433 -2.3643 0.9683
6.9472 3.2955 -2.3650 0.9683
6.8266 3.5436 -2.3657 0.9683
6.6971 3.7873 -2.3664 0.9683
6.5588 4.0262 -2.3671 0.9683
6.2567 4.4884 -2.3684 0.9683
5.9218 4.9278 -2.3696 0.9683
5.7425 5.1382 -2.3701 0.9683
5.1606 5.7288 -2.3716 0.9682
4.7384 6.0862 -2.3724 0.9682
4.5178 6.2532 -2.3728 0.9682
3.8215 6.7050 -2.3738 0.9682
3.5790 6.8385 -2.3740 0.9682
3.3317 6.9631 -2.3742 0.9682
3.0801 7.0787 -2.3744 0.9682
2.8244 7.1851 -2.3746 0.9682
2.3023 7.3697 -2.3748 0.9682
2.0366 7.4477 -2.3749 0.9682
1.4975 7.5746 -2.3749 0.9682
0.9506 7.6621 -2.3748 0.9682
0.6751 7.6909 -2.3747 0.9682
-0.7075 7.6847 -2.3736 0.9682
-0.9825 7.6534 -2.3733 0.9682
-1.2562 7.6122 -2.3730 0.9682
-1.5282 7.5611 -2.3727 0.9682
-1.7981 7.5002 -2.3723 0.9682
-2.4748 7.8052 -2.5185 0.9663
-3.3052 7.5088 -2.5234 0.9662
-3.5716 7.3837 -2.5228 0.9663
-3.8331 7.2491 -2.5222 0.9663
-4.0896 7.1051 -2.5215 0.9663
-4.3406 6.9520 -2.5209 0.9663
-4.8251 6.6192 -2.5194 0.9663
-5.0579 6.4400 -2.5187 0.9663
-5.2840 6.2526 -2.5179 0.9663
-5.7150 5.8540 -2.5163 0.9663
-6.6563 4.7324 -2.5120 0.9664
6.0248 3.7899 -2.3660 0.9704
5.8865 4.0045 -2.3666 0.9704
5.7405 4.2140 -2.3671 0.9704
5.5870 4.4182 -2.3677 0.9704
5.0833 4.9959 -2.3692 0.9704
4.9018 5.1760 -2.3696 0.9704
4.1139 5.8275 -2.3711 0.9704
3.2397 6.3588 -2.3722 0.9704
3.0098 6.4714 -2.3724 0.9704
2.5385 6.6714 -2.3727 0.9704
2.0539 6.8367 -2.3729 0.9704
1.5586 6.9666 -2.3730 0.9704
1.3077 7.0179 -2.3730 0.9704
1.0552 7.0602 -2.3729 0.9704
0.8013 7.0932 -2.3728 0.9704
0.5463 7.1171 -2.3727 0.9704
-0.2212 7.1331 -2.3722 0.9704
-0.9858 7.0658 -2.3715 0.9704
-1.2424 7.0475 -2.3787 0.9703
-2.1111 7.2835 -2.5207 0.9685
-3.1320 6.9092 -2.5216 0.9685
-3.3770 6.7909 -2.5210 0.9685
-3.6176 6.6639 -2.5205 0.9685
-3.8533 6.5283 -2.5199 0.9686
-4.5287 6.0719 -2.5179 0.9686
-5.5313 5.1590 -2.5142 0.9686
-5.7109 4.9558 -2.5134 0.9686
-5.8831 4.7462 -2.5126 0.9686
-6.6245 3.6145 -2.5085 0.9687
-6.8618 3.1282 -2.5067 0.9687
-7.1505 2.3706 -2.5041 0.9687
-7.2284 2.1118 -2.5032 0.9688
-7.2968 1.8506 -2.5023 0.9688
-7.4055 1.3218 -2.5005 0.9688
-7.4454 1.0550 -2.4996 0.9688
-7.4966 0.5182 -2.4979 0.9688
-7.5092 -0.0205 -2.4961 0.9688
-7.5011 -0.2897 -2.4953 0.9689
-7.4559 -0.8261 -2.4936 0.9689
-7.4190 -1.0926 -2.4927 0.9689
-7.3727 -1.3576 -2.4919 0.9689
-7.3169 -1.6206 -2.4911 0.9689
-7.2517 -1.8814 -2.4903 0.9689
-7.0012 -2.6470 -2.4880 0.9689
-6.8998 -2.8955 -2.4873 0.9690
-6.6707 -3.3808 -2.4859 0.9690
-6.5434 -3.6169 -2.4852 0.9690
-6.2641 -4.0745 -2.4840 0.9690
-6.1125 -4.2955 -2.4834 0.9690
-5.9531 -4.5109 -2.4828 0.9690
-5.7862 -4.7205 -2.4822 0.9690
-5.4307 -5.1210 -2.4812 0.9690
-5.2425 -5.3115 -2.4807 0.9690
-4.8465 -5.6716 -2.4798 0.9690
-4.4262 -6.0026 -2.4791 0.9691
-3.9834 -6.3028 -2.4784 0.9691
-3.7544 -6.4408 -2.4782 0.9691
-3.5206 -6.5707 -2.4779 0.9691
-3.2824 -6.6921 -2.4777 0.9691
-2.5441 -7.0046 -2.4772 0.9691
-1.7769 -7.2368 -2.4770 0.9691
-1.5162 -7.2959 -2.4770 0.9691
-0.7238 -7.4171 -2.4772 0.9691
-0.4574 -7.4386 -2.4773 0.9691
-0.1903 -7.4507 -2.4775 0.9691
0.0770 -7.4533 -2.4777 0.9691
0.3443 -7.4464 -2.4779 0.9691
1.1425 -7.3688 -2.4787 0.9691
1.6683 -7.2700 -2.4794 0.9690
1.9283 -7.2066 -2.4798 0.9690
2.1858 -7.1340 -2.4802 0.9690
2.4407 -7.0523 -2.4807 0.9690
2.6926 -6.9616 -2.4811 0.9690
3.1860 -6.7534 -2.4822 0.9690
3.4270 -6.6363 -2.4827 0.9690
3.6636 -6.5106 -2.4833 0.9690
3.8957 -6.3766 -2.4839 0.9690
4.5616 -5.9259 -2.4858 0.9690
4.7725 -5.7600 -2.4865 0.9690
4.9775 -5.5868 -2.4872 0.9690
5.5537 -5.0243 -2.4894 0.9689
5.7321 -4.8234 -2.4902 0.9689
5.9033 -4.6162 -2.4910 0.9689
6.0670 -4.4029 -2.4918 0.9689
6.6432 -3.4948 -2.4951 0.9689
6.7666 -3.2554 -2.4960 0.9688
6.8814 -3.0116 -2.4969 0.9688
7.0845 -2.5124 -2.4986 0.9688
7.1726 -2.2575 -2.4995 0.9688
7.2515 -1.9995 -2.5004 0.9688
7.5273 -0.4054 -2.5057 0.9687
7.5396 -0.1353 -2.5066 0.9687
7.5408 0.1352 -2.5070 0.9687
6.7183 2.1144 -2.3412 0.9707
6.6968 2.3748 -2.3619 0.9705
6.5132 2.8505 -2.3633 0.9705
6.4086 3.0831 -2.3640 0.9705
6.1745 3.5365 -2.3653 0.9705
6.0453 3.7567 -2.3659 0.9704
5.9081 3.9721 -2.3665 0.9704
5.1104 4.9679 -2.3691 0.9704
4.9299 5.1489 -2.3695 0.9704
4.5497 5.4910 -2.3704 0.9704
4.3505 5.6515 -2.3707 0.9704
4.1456 5.8048 -2.3711 0.9704
3.9353 5.9505 -2.3714 0.9704
3.4994 6.2188 -2.3720 0.9704
3.2745 6.3409 -2.3722 0.9704
2.3347 6.7457 -2.3728 0.9704
1.5967 6.9579 -2.3730 0.9704
1.3461 7.0107 -2.3730 0.9704
0.3297 7.1301 -2.3726 0.9704
0.0738 7.1368 -2.3724 0.9704
-0.4379 7.1225 -2.3720 0.9704
-0.9471 7.0712 -2.3715 0.9704
-1.8057 7.3543 -2.5172 0.9686
-2.0708 7.2936 -2.5203 0.9685
-2.3338 7.2230 -2.5232 0.9685
-2.5908 7.1333 -2.5227 0.9685
-2.8444 7.0344 -2.5222 0.9685
-3.0942 6.9264 -2.5217 0.9685
-3.3399 6.8095 -2.5211 0.9685
-3.5812 6.6838 -2.5205 0.9685
-3.8177 6.5495 -2.5199 0.9686
-4.2752 6.2558 -2.5187 0.9686
-4.4956 6.0968 -2.5180 0.9686
-4.7101 5.9300 -2.5173 0.9686
-5.3151 5.3851 -2.5151 0.9686
-6.0230 4.5640 -2.5120 0.9686
-6.7293 3.4105 -2.5077 0.9687
-7.1378 2.4098 -2.5042 0.9687
-7.3985 1.3624 -2.5007 0.9688
-7.4718 0.8279 -2.4989 0.9688
-7.4941 0.5592 -2.4980 0.9688
-7.5067 0.2900 -2.4971 0.9688
-7.5029 -0.2487 -2.4954 0.9689
-7.4866 -0.5174 -2.4945 0.9689
-7.4253 -1.0521 -2.4929 0.9689
-7.3803 -1.3173 -2.4920 0.9689
-7.3260 -1.5806 -2.4912 0.9689
-7.2623 -1.8417 -2.4904 0.9689
-7.1071 -2.3561 -2.4889 0.9689
-6.9158 -2.8578 -2.4874 0.9689
-6.5634 -3.5811 -2.4853 0.9690
-5.9779 -4.4784 -2.4829 0.9690
-5.8121 -4.6889 -2.4823 0.9690
-5.6390 -4.8933 -2.4818 0.9690
-5.2716 -5.2828 -2.4808 0.9690
-4.8776 -5.6451 -2.4799 0.9690
-4.4590 -5.9784 -2.4791 0.9691
-3.5566 -6.5514 -2.4779 0.9691
-3.3191 -6.6742 -2.4777 0.9691
-2.3300 -7.0785 -2.4771 0.9691
-0.4981 -7.4360 -2.4773 0.9691
-0.2311 -7.4495 -2.4774 0.9691
0.5705 -7.4331 -2.4781 0.9691
0.8368 -7.4087 -2.4783 0.9691
1.1021 -7.3748 -2.4786 0.9691
1.8887 -7.2169 -2.4797 0.9690
3.1489 -6.7706 -2.4821 0.9690
3.6278 -6.5304 -2.4832 0.9690
3.8606 -6.3976 -2.4838 0.9690
4.3114 -6.1075 -2.4850 0.9690
4.5289 -5.9505 -2.4857 0.9690
5.1462 -5.4342 -2.4878 0.9689
5.3394 -5.2477 -2.4886 0.9689
5.5259 -5.0544 -2.4893 0.9689
5.7054 -4.8545 -2.4901 0.9689
5.8777 -4.6482 -2.4909 0.9689
6.0425 -4.4358 -2.4917 0.9689
6.4905 -3.7649 -2.4942 0.9689
6.6236 -3.5309 -2.4950 0.9689
6.8644 -3.0491 -2.4967 0.9688
6.9718 -2.8019 -2.4976 0.9688
7.1598 -2.2966 -2.4994 0.9688
7.4251 -1.2509 -2.5029 0.9688
7.4679 -0.9842 -2.5038 0.9687
7.5245 -0.4466 -2.5056 0.9687
7.2611 0.8761 -2.4311 0.9696
7.0077 1.1018 -2.3580 0.9705
6.9660 1.3529 -2.3588 0.9705
6.9152 1.6023 -2.3596 0.9705
6.8555 1.8499 -2.3603 0.9705
6.5284 2.8147 -2.3632 0.9705
6.4251 3.0479 -2.3639 0.9705
6.3134 3.2772 -2.3645 0.9705
5.9296 3.9395 -2.3664 0.9704
5.4760 4.5568 -2.3680 0.9704
5.1374 4.9397 -2.3690 0.9704
4.7718 5.2972 -2.3699 0.9704
4.1772 5.7819 -2.3710 0.9704
3.9677 5.9288 -2.3714 0.9704
3.5334 6.1994 -2.3719 0.9704
3.0804 6.4379 -2.3724 0.9704
2.6114 6.6431 -2.3727 0.9704
2.1286 6.8138 -2.3729 0.9704
1.6348 6.9491 -2.3730 0.9704
1.3845 7.0032 -2.3730 0.9704
1.1324 7.0482 -2.3729 0.9704
0.8789 7.0841 -2.3729 0.9704
0.6242 7.1108 -2.3728 0.9704
-0.1431 7.1353 -2.3723 0.9704
-0.6541 7.1053 -2.3718 0.9704
-0.9084 7.0764 -2.3715 0.9704
-1.4517 7.1827 -2.4359 0.9696
-1.7651 7.3627 -2.5168 0.9686
-2.0305 7.3035 -2.5198 0.9686
-2.5518 7.1476 -2.5228 0.9685
-2.8060 7.0501 -2.5223 0.9685
-4.2410 6.2794 -2.5188 0.9686
-4.4623 6.1216 -2.5181 0.9686
-5.2858 5.4144 -2.5152 0.9686
-6.1573 4.3776 -2.5113 0.9687
5.3331 3.9150 -2.3659 0.9723
5.0409 4.2890 -2.3669 0.9723
4.8847 4.4679 -2.3673 0.9723
4.7222 4.6411 -2.3678 0.9723
4.5536 4.8083 -2.3682 0.9723
4.3789 4.9694 -2.3686 0.9723
4.1985 5.1240 -2.3689 0.9723
3.8215 5.4133 -2.3696 0.9722
3.0094 5.9066 -2.3706 0.9722
2.5786 6.1080 -2.3709 0.9722
1.2147 6.5187 -2.3713 0.9722
0.9801 6.5580 -2.3712 0.9722
0.5075 6.6109 -2.3711 0.9722
0.0323 6.6295 -2.3708 0.9722
-0.2055 6.6259 -2.3706 0.9722
-0.6857 6.6498 -2.3906 0.9720
-1.2217 6.9299 -2.5164 0.9705
-1.4710 6.8890 -2.5191 0.9705
-1.7190 6.8394 -2.5219 0.9705
-1.9633 6.7737 -2.5220 0.9705
-2.2046 6.6978 -2.5216 0.9705
-2.6781 6.5201 -2.5207 0.9705
-3.1373 6.3089 -2.5197 0.9705
-3.3609 6.1909 -2.5191 0.9705
-4.0036 5.7901 -2.5174 0.9705
-4.9658 4.9764 -2.5141 0.9706
-5.1396 4.7937 -2.5133 0.9706
-5.3067 4.6050 -2.5126 0.9706
-5.4668 4.4104 -2.5119 0.9706
-5.7654 4.0047 -2.5103 0.9706
-5.9035 3.7942 -2.5096 0.9706
-6.1564 3.3591 -2.5080 0.9706
-6.5650 2.4411 -2.5047 0.9707
-6.8375 1.4753 -2.5014 0.9707
-6.9211 0.9807 -2.4998 0.9707
-6.9690 0.4817 -2.4981 0.9708
-6.9737 -0.2694 -2.4957 0.9708
-6.9321 -0.7681 -2.4941 0.9708
-6.8550 -1.2623 -2.4926 0.9708
-6.8032 -1.5068 -2.4918 0.9708
-6.7428 -1.7494 -2.4911 0.9708
-6.6738 -1.9895 -2.4904 0.9708
-6.3138 -2.9202 -2.4876 0.9709
-5.5365 -4.1953 -2.4841 0.9709
-5.3814 -4.3902 -2.4836 0.9709
-5.2194 -4.5795 -2.4831 0.9709
-5.0508 -4.7628 -2.4826 0.9709
-4.8759 -4.9400 -2.4822 0.9709
-4.6948 -5.1109 -2.4818 0.9709
-4.3150 -5.4326 -2.4810 0.9710
-3.7051 -5.8624 -2.4801 0.9710
-3.2747 -6.1117 -2.4796 0.9710
-3.0532 -6.2247 -2.4794 0.9710
-2.1312 -6.5959 -2.4788 0.9710
-1.8932 -6.6680 -2.4788 0.9710
-1.6528 -6.7315 -2.4787 0.9710
-1.4104 -6.7864 -2.4787 0.9710
-1.1661 -6.8327 -2.4788 0.9710
-0.1770 -6.9304 -2.4792 0.9710
0.3203 -6.9263 -2.4795 0.9710
0.5685 -6.9110 -2.4798 0.9710
0.8161 -6.8868 -2.4800 0.9710
1.0627 -6.8539 -2.4803 0.9710
1.3080 -6.8123 -2.4806 0.9710
1.5517 -6.7619 -2.4809 0.9710
2.0330 -6.6353 -2.4817 0.9709
2.2701 -6.5592 -2.4821 0.9709
2.5043 -6.4747 -2.4826 0.9709
2.7354 -6.3819 -2.4830 0.9709
2.9631 -6.2809 -2.4835 0.9709
3.1872 -6.1719 -2.4840 0.9709
3.6230 -5.9302 -2.4851 0.9709
3.8342 -5.7978 -2.4857 0.9709
4.0407 -5.6579 -2.4863 0.9709
4.2420 -5.5107 -2.4869 0.9709
4.6286 -5.1952 -2.4882 0.9709
4.8132 -5.0272 -2.4889 0.9709
4.9918 -4.8527 -2.4896 0.9709
5.1641 -4.6718 -2.4903 0.9709
5.3299 -4.4849 -2.4910 0.9708
5.4889 -4.2921 -2.4917 0.9708
5.6410 -4.0937 -2.4925 0.9708
5.7860 -3.8900 -2.4933 0.9708
5.9236 -3.6811 -2.4940 0.9708
6.4957 -2.5694 -2.4980 0.9708
6.5858 -2.3355 -2.4988 0.9708
6.7407 -1.8586 -2.5005 0.9707
6.8612 -1.3716 -2.5021 0.9707
6.9082 -1.1250 -2.5030 0.9707
6.9464 -0.8768 -2.5038 0.9707
6.9960 -0.3768 -2.5054 0.9707
7.0028 0.3772 -2.5079 0.9706
6.8993 1.1235 -2.4997 0.9707
6.4180 1.5242 -2.3589 0.9724
6.2959 1.9815 -2.3603 0.9724
6.2226 2.2067 -2.3610 0.9723
6.0517 2.6485 -2.3623 0.9723
5.9544 2.8646 -2.3629 0.9723
5.8493 3.0771 -2.3635 0.9723
5.6165 3.4902 -2.3647 0.9723
5.4890 3.6902 -2.3653 0.9723
5.3543 3.8856 -2.3658 0.9723
4.9090 4.4410 -2.3673 0.9723
4.7474 4.6151 -2.3677 0.9723
4.5797 4.7832 -2.3681 0.9723
4.4059 4.9452 -2.3685 0.9723
4.0413 5.2499 -2.3692 0.9722
3.8510 5.3922 -2.3696 0.9722
3.4553 5.6557 -2.3701 0.9722
3.2506 5.7766 -2.3704 0.9722
3.0416 5.8900 -2.3706 0.9722
2.8286 5.9958 -2.3708 0.9722
2.3919 6.1839 -2.3711 0.9722
2.1686 6.2659 -2.3712 0.9722
1.9426 6.3399 -2.3712 0.9722
1.7140 6.4056 -2.3713 0.9722
1.4831 6.4630 -2.3713 0.9722
1.0160 6.5526 -2.3712 0.9722
-0.4068 6.6161 -2.3704 0.9722
-0.9101 6.7949 -2.4516 0.9713
-1.6813 6.8475 -2.5215 0.9705
-2.4068 6.6267 -2.5212 0.9705
-3.1029 6.3261 -2.5197 0.9705
-3.3270 6.2095 -2.5192 0.9705
-3.5468 6.0848 -2.5186 0.9705
-3.7619 5.9523 -2.5181 0.9705
-4.1769 5.6646 -2.5168 0.9705
-4.3762 5.5097 -2.5162 0.9706
-4.7574 5.1791 -2.5149 0.9706
-4.9387 5.0037 -2.5142 0.9706
-5.1135 4.8220 -2.5134 0.9706
-5.7437 4.0364 -2.5105 0.9706
-5.8829 3.8267 -2.5097 0.9706
-6.5519 2.4771 -2.5049 0.9707
-6.6343 2.2398 -2.5040 0.9707
-6.7081 1.9998 -2.5032 0.9707
-6.7733 1.7573 -2.5024 0.9707
-6.8773 1.2664 -2.5007 0.9707
-6.9667 0.5199 -2.4983 0.9708
-6.9785 0.2696 -2.4974 0.9708
-6.9815 0.0191 -2.4966 0.9708
-6.9754 -0.2312 -2.4958 0.9708
-6.8621 -1.2248 -2.4927 0.9708
-6.6849 -1.9530 -2.4905 0.9708
-6.6086 -2.1909 -2.4898 0.9709
-6.5240 -2.4258 -2.4891 0.9709
-6.4310 -2.6575 -2.4884 0.9709
-6.2207 -3.1100 -2.4871 0.9709
-5.9788 -3.5462 -2.4859 0.9709
-5.8464 -3.7575 -2.4853 0.9709
-5.5596 -4.1650 -2.4842 0.9709
-4.9030 -4.9134 -2.4822 0.9709
-4.3448 -5.4090 -2.4810 0.9710
-3.9448 -5.7050 -2.4804 0.9710
-3.7372 -5.8421 -2.4801 0.9710
-3.5249 -5.9718 -2.4798 0.9710
-3.3082 -6.0938 -2.4796 0.9710
-3.0872 -6.2080 -2.4794 0.9710
-2.8624 -6.3143 -2.4792 0.9710
-2.6339 -6.4125 -2.4791 0.9710
-2.4021 -6.5025 -2.4789 0.9710
-1.9297 -6.6575 -2.4788 0.9710
-1.6897 -6.7224 -2.4787 0.9710
-1.2034 -6.8262 -2.4788 0.9710
-0.9579 -6.8651 -2.4788 0.9710
-0.2150 -6.9292 -2.4791 0.9710
0.0337 -6.9329 -2.4793 0.9710
0.5307 -6.9139 -2.4797 0.9710
0.7784 -6.8911 -2.4800 0.9710
1.2707 -6.8192 -2.4806 0.9710
1.5146 -6.7701 -2.4809 0.9710
1.7567 -6.7124 -2.4813 0.9710
1.9966 -6.6461 -2.4816 0.9710
2.2341 -6.5713 -2.4821 0.9709
2.4687 -6.4881 -2.4825 0.9709
3.1532 -6.1891 -2.4839 0.9709
3.3739 -6.0733 -2.4845 0.9709
3.8023 -5.8185 -2.4856 0.9709
4.0095 -5.6797 -2.4862 0.9709
4.4085 -5.3804 -2.4875 0.9709
4.5999 -5.2202 -2.4881 0.9709
4.7854 -5.0532 -2.4888 0.9709
4.9649 -4.8797 -2.4895 0.9709
5.1382 -4.6998 -2.4902 0.9709
5.9031 -3.7133 -2.4939 0.9708
6.0343 -3.5003 -2.4947 0.9708
6.2737 -3.0607 -2.4963 0.9708
6.4812 -2.6048 -2.4979 0.9708
6.6556 -2.1349 -2.4995 0.9707
6.7301 -1.8954 -2.5004 0.9707
6.9016 -1.1627 -2.5028 0.9707
6.9718 -0.6654 -2.5045 0.9707
6.9935 -0.4151 -2.5053 0.9707
7.0062 -0.1641 -2.5061 0.9707
7.0098 0.0873 -2.5069 0.9707
6.9546 0.8391 -2.5050 0.9707
6.9139 1.0870 -2.5028 0.9707
6.6813 1.2976 -2.4339 0.9715
6.3064 1.9469 -2.3602 0.9724
6.1541 2.3953 -2.3616 0.9723
5.9697 2.8318 -2.3628 0.9723
5.8659 3.0449 -2.3634 0.9723
5.3753 3.8561 -2.3657 0.9723
5.2347 4.0473 -2.3662 0.9723
5.0872 4.2333 -2.3667 0.9723
4.9331 4.4139 -2.3672 0.9723
4.7725 4.5889 -2.3676 0.9723
4.4328 4.9209 -2.3685 0.9723
4.2542 5.0775 -2.3688 0.9723
4.0699 5.2276 -2.3692 0.9722
3.8803 5.3709 -2.3695 0.9722
3.6857 5.5073 -2.3698 0.9722
3.4862 5.6366 -2.3701 0.9722
2.2029 6.2539 -2.3711 0.9722
1.5185 6.4548 -2.3713 0.9722
1.2860 6.5051 -2.3713 0.9722
1.0519 6.5469 -2.3713 0.9722
0.8164 6.5803 -2.3712 0.9722
0.5798 6.6051 -2.3711 0.9722
0.3425 6.6213 -2.3710 0.9722
-0.1330 6.6279 -2.3707 0.9722
-0.6081 6.6049 -2.3720 0.9722
-1.1454 6.9407 -2.5156 0.9706
-1.6435 6.8555 -2.5210 0.9705
-2.1313 6.7219 -2.5217 0.9705
-2.3706 6.6399 -2.5213 0.9705
-2.6067 6.5495 -2.5208 0.9705
-3.7294 5.9730 -2.5182 0.9705
-4.1459 5.6876 -2.5169 0.9705
-4.3462 5.5338 -2.5163 0.9706
-4.5406 5.3729 -2.5156 0.9706
-4.9114 5.0309 -2.5143 0.9706
-5.4187 4.4704 -2.5121 0.9706
5.1011 3.4702 -2.3643 0.9739
4.7016 4.0004 -2.3657 0.9739
4.4043 4.3287 -2.3665 0.9739
4.2470 4.4846 -2.3669 0.9739
4.0840 4.6347 -2.3673 0.9739
3.7423 4.9169 -2.3679 0.9739
3.5640 5.0486 -2.3682 0.9739
3.0021 5.4039 -2.3690 0.9739
2.6074 5.6061 -2.3693 0.9739
2.1990 5.7792 -2.3696 0.9739
1.5657 5.9825 -2.3698 0.9739
0.9141 6.1159 -2.3698 0.9739
0.6941 6.1446 -2.3697 0.9739
0.4733 6.1653 -2.3696 0.9739
0.2518 6.1780 -2.3695 0.9739
0.0301 6.1827 -2.3693 0.9739
-0.6733 6.5300 -2.5157 0.9723
-0.9080 6.5077 -2.5180 0.9722
-1.3739 6.4343 -2.5213 0.9722
-1.6036 6.3801 -2.5210 0.9722
-2.0562 6.2468 -2.5202 0.9722
-2.2785 6.1680 -2.5198 0.9722
-2.4979 6.0813 -2.5194 0.9722
-3.3392 5.6572 -2.5174 0.9723
-4.1101 5.1169 -2.5151 0.9723
-4.2899 4.9649 -2.5145 0.9723
-4.6324 4.6423 -2.5132 0.9723
-4.7946 4.4720 -2.5125 0.9723
-5.5078 3.5399 -2.5090 0.9723
-5.7440 3.1341 -2.5076 0.9724
-5.9503 2.7127 -2.5060 0.9724
-6.0419 2.4968 -2.5053 0.9724
-6.2016 2.0560 -2.5038 0.9724
-6.3291 1.6051 -2.5022 0.9724
-6.4239 1.1466 -2.5007 0.9724
-6.4589 0.9152 -2.4999 0.9724
-6.4856 0.6827 -2.4991 0.9725
-6.5087 -0.2514 -2.4961 0.9725
-6.4935 -0.4845 -2.4954 0.9725
-6.4701 -0.7169 -2.4946 0.9725
-6.3984 -1.1782 -2.4932 0.9725
-6.3502 -1.4065 -2.4925 0.9725
-6.2296 -1.8571 -2.4911 0.9725
-5.9895 -2.5135 -2.4892 0.9726
-5.8940 -2.7260 -2.4886 0.9726
-5.7910 -2.9350 -2.4880 0.9726
-5.1689 -3.9167 -2.4853 0.9726
-5.0241 -4.0988 -2.4848 0.9726
-4.7157 -4.4468 -2.4839 0.9726
-4.5524 -4.6123 -2.4835 0.9726
-4.3834 -4.7718 -2.4831 0.9726
-3.8439 -5.2129 -2.4820 0.9726
-3.4595 -5.4738 -2.4815 0.9726
-3.0577 -5.7066 -2.4810 0.9726
-2.8508 -5.8122 -2.4808 0.9726
-2.6403 -5.9103 -2.4807 0.9727
-2.4265 -6.0008 -2.4805 0.9727
-2.2097 -6.0837 -2.4804 0.9727
-1.9900 -6.1589 -2.4803 0.9727
-1.5433 -6.2855 -2.4802 0.9727
-1.3169 -6.3368 -2.4802 0.9727
-0.3973 -6.4606 -2.4805 0.9727
0.0669 -6.4733 -2.4808 0.9727
0.2990 -6.4672 -2.4810 0.9726
0.5308 -6.4529 -2.4812 0.9726
1.6745 -6.2583 -2.4827 0.9726
1.8982 -6.1951 -2.4830 0.9726
2.1195 -6.1240 -2.4834 0.9726
2.3381 -6.0451 -2.4838 0.9726
2.7664 -5.8640 -2.4847 0.9726
3.1809 -5.6529 -2.4857 0.9726
3.7722 -5.2819 -2.4873 0.9726
3.9601 -5.1444 -2.4879 0.9726
4.1430 -5.0003 -2.4885 0.9726
4.3208 -4.8497 -2.4891 0.9726
4.6597 -4.5298 -2.4904 0.9725
4.8204 -4.3609 -2.4910 0.9725
4.9751 -4.1864 -2.4917 0.9725
5.1234 -4.0063 -2.4924 0.9725
5.2653 -3.8211 -2.4931 0.9725
5.9704 -2.6130 -2.4975 0.9725
6.2222 -1.9584 -2.4998 0.9724
6.3505 -1.5082 -2.5013 0.9724
6.4463 -1.0498 -2.5029 0.9724
6.5090 -0.5853 -2.5044 0.9724
6.5402 0.1173 -2.5067 0.9724
6.5337 0.3519 -2.5075 0.9724
6.4955 0.8198 -2.5089 0.9723
6.3562 1.5095 -2.5036 0.9724
5.8048 2.0585 -2.3602 0.9740
5.7287 2.2660 -2.3608 0.9740
5.5543 2.6721 -2.3620 0.9739
5.2388 3.2555 -2.3637 0.9739
4.8619 3.8018 -2.3652 0.9739
4.5786 4.1421 -2.3661 0.9739
4.1092 4.6122 -2.3672 0.9739
3.0316 5.3873 -2.3689 0.9739
2.4359 5.6830 -2.3695 0.9739
2.0224 5.8436 -2.3697 0.9739
0.9475 6.1108 -2.3698 0.9739
0.2856 6.1766 -2.3695 0.9739
-0.3951 6.4260 -2.4672 0.9728
-0.6375 6.5326 -2.5153 0.9723
-1.1062 6.4825 -2.5201 0.9722
-1.3387 6.4419 -2.5214 0.9722
-1.5687 6.3889 -2.5211 0.9722
-1.7965 6.3276 -2.5207 0.9722
-2.0220 6.2581 -2.5203 0.9722
-3.1032 5.7917 -2.5180 0.9722
-3.3083 5.6756 -2.5175 0.9723
-3.7050 5.4214 -2.5164 0.9723
-3.8961 5.2838 -2.5158 0.9723
-4.0822 5.1395 -2.5152 0.9723
-4.2628 4.9885 -2.5146 0.9723
-4.6071 4.6678 -2.5133 0.9723
-4.7703 4.4983 -2.5127 0.9723
-5.0777 4.1425 -2.5113 0.9723
-5.3586 3.7658 -2.5099 0.9723
-5.7270 3.1656 -2.5077 0.9724
-6.0285 2.5299 -2.5054 0.9724
-6.2596 1.8660 -2.5031 0.9724
-6.3205 1.6398 -2.5023 0.9724
-6.4178 1.1818 -2.5008 0.9724
-6.5016 0.4852 -2.4985 0.9725
-6.5129 0.2516 -2.4977 0.9725
-6.5157 0.0179 -2.4970 0.9725
-6.4742 -0.6815 -2.4947 0.9725
-6.4437 -0.9130 -2.4940 0.9725
-6.1689 -2.0451 -2.4906 0.9725
-6.0034 -2.4808 -2.4893 0.9726
-5.9091 -2.6938 -2.4887 0.9726
-5.8072 -2.9033 -2.4881 0.9726
-5.6980 -3.1090 -2.4875 0.9726
-4.7401 -4.4210 -2.4839 0.9726
-4.2358 -4.9022 -2.4828 0.9726
-3.6833 -5.3268 -2.4818 0.9726
-3.4895 -5.4548 -2.4815 0.9726
-3.0889 -5.6899 -2.4811 0.9726
-2.2429 -6.0716 -2.4804 0.9727
-1.5777 -6.2769 -2.4803 0.9727
-1.3516 -6.3295 -2.4802 0.9727
-1.1237 -6.3739 -2.4803 0.9727
-0.8944 -6.4102 -2.4803 0.9727
-0.6639 -6.4384 -2.4804 0.9727
0.2636 -6.4686 -2.4810 0.9726
0.9572 -6.4047 -2.4817 0.9726
1.1864 -6.3670 -2.4820 0.9726
1.4142 -6.3212 -2.4823 0.9726
1.6402 -6.2672 -2.4826 0.9726
1.8642 -6.2053 -2.4830 0.9726
2.0859 -6.1354 -2.4834 0.9726
2.3049 -6.0576 -2.4838 0.9726
2.5211 -5.9721 -2.4842 0.9726
2.7342 -5.8789 -2.4846 0.9726
2.9439 -5.7782 -2.4851 0.9726
3.5497 -5.4319 -2.4867 0.9726
4.1155 -5.0227 -2.4884 0.9726
4.7963 -4.3871 -2.4909 0.9725
5.1012 -4.0342 -2.4923 0.9725
5.3803 -3.6602 -2.4937 0.9725
5.5097 -3.4659 -2.4944 0.9725
5.7474 -3.0638 -2.4959 0.9725
5.8553 -2.8565 -2.4966 0.9725
6.0486 -2.4309 -2.4981 0.9725
6.2111 -1.9923 -2.4997 0.9724
6.3419 -1.5429 -2.5012 0.9724
6.3951 -1.3149 -2.5020 0.9724
6.5054 -0.6209 -2.5043 0.9724
6.5404 0.0815 -2.5066 0.9724
6.5216 0.5504 -2.5081 0.9724
6.4644 1.0164 -2.5077 0.9724
5.9537 1.8380 -2.3878 0.9737
5.6584 2.4396 -2.3613 0.9739
5.5686 2.6416 -2.3619 0.9739
5.4717 2.8403 -2.3625 0.9739
5.3675 3.0354 -2.3631 0.9739
5.1384 3.4139 -2.3641 0.9739
5.0137 3.5967 -2.3646 0.9739
4.6011 4.1168 -2.3660 0.9739
4.1343 4.5895 -2.3672 0.9739
3.7958 4.8755 -2.3678 0.9739
3.2513 5.2568 -2.3687 0.9739
2.8666 5.4774 -2.3691 0.9739
2.2621 5.7547 -2.3696 0.9739
2.0544 5.8324 -2.3697 0.9739
1.6311 5.9649 -2.3698 0.9739
1.4161 6.0197 -2.3698 0.9739
-0.1254 6.2499 -2.3955 0.9736
-0.3585 6.4023 -2.4573 0.9729
-0.6016 6.5351 -2.5150 0.9723
-1.0706 6.4874 -2.5197 0.9722
-1.3034 6.4492 -2.5214 0.9722
-1.5337 6.3975 -2.5211 0.9722
-1.9878 6.2693 -2.5204 0.9722
-2.2110 6.1929 -2.5200 0.9722
-2.6483 6.0164 -2.5191 0.9722
-2.8618 5.9164 -2.5186 0.9722
-3.0716 5.8088 -2.5181 0.9722
-3.4786 5.5714 -2.5170 0.9723
-3.6754 5.4418 -2.5165 0.9723
-4.0541 5.1619 -2.5153 0.9723
-4.2356 5.0120 -2.5147 0.9723
-4.4115 4.8556 -2.5141 0.9723
-5.0552 4.1705 -2.5114 0.9723
-5.3381 3.7952 -2.5100 0.9723
4.8868 3.0740 -2.3628 0.9754
4.7744 3.2479 -2.3633 0.9754
4.2640 3.9001 -2.3650 0.9753
3.9747 4.1971 -2.3658 0.9753
3.6646 4.4725 -2.3665 0.9753
2.9887 4.9527 -2.3675 0.9753
2.6265 5.1551 -2.3679 0.9753
2.0579 5.4083 -2.3683 0.9753
1.6650 5.5423 -2.3685 0.9753
1.4652 5.5985 -2.3685 0.9753
1.0601 5.6891 -2.3685 0.9753
0.8554 5.7234 -2.3685 0.9753
0.4480 5.8360 -2.3956 0.9750
0.0297 6.1132 -2.5020 0.9739
-0.1905 6.1430 -2.5154 0.9738
-0.4111 6.1373 -2.5175 0.9738
-1.0691 6.0646 -2.5204 0.9737
-1.2858 6.0217 -2.5201 0.9737
-2.1325 5.7727 -2.5187 0.9738
-2.3378 5.6915 -2.5183 0.9738
-2.5400 5.6031 -2.5178 0.9738
-2.9340 5.4046 -2.5169 0.9738
-3.6737 4.9254 -2.5148 0.9738
-3.8471 4.7894 -2.5143 0.9738
-4.1786 4.4992 -2.5131 0.9738
-4.3362 4.3454 -2.5125 0.9738
-5.0354 3.4976 -2.5092 0.9738
-5.1562 3.3139 -2.5086 0.9739
-5.4777 2.7386 -2.5065 0.9739
-5.6567 2.3376 -2.5051 0.9739
-5.8064 1.9250 -2.5036 0.9739
-5.9260 1.5029 -2.5022 0.9739
-5.9744 1.2890 -2.5014 0.9739
-6.0151 1.0736 -2.5007 0.9739
-6.0480 0.8569 -2.5000 0.9739
-6.0730 0.6393 -2.4993 0.9740
-6.0998 0.2022 -2.4979 0.9740
-6.0951 -0.2354 -2.4964 0.9740
-6.0296 -0.8880 -2.4944 0.9740
-5.9473 -1.3173 -2.4931 0.9740
-5.6099 -2.3542 -2.4900 0.9740
-5.5206 -2.5533 -2.4894 0.9741
-5.3210 -2.9412 -2.4883 0.9741
-4.9712 -3.4935 -2.4868 0.9741
-4.7063 -3.8395 -2.4858 0.9741
-4.2645 -4.3206 -2.4846 0.9741
-3.6009 -4.8834 -2.4833 0.9741
-3.4231 -5.0089 -2.4830 0.9741
-3.0546 -5.2404 -2.4825 0.9741
-2.4736 -5.5370 -2.4820 0.9741
-2.0701 -5.6995 -2.4818 0.9741
-1.8643 -5.7699 -2.4817 0.9741
-1.4459 -5.8885 -2.4816 0.9741
-0.8050 -6.0099 -2.4817 0.9741
-0.5890 -6.0351 -2.4817 0.9741
-0.3722 -6.0526 -2.4818 0.9741
-0.1549 -6.0623 -2.4820 0.9741
0.0627 -6.0643 -2.4821 0.9741
0.2801 -6.0586 -2.4823 0.9741
0.4973 -6.0452 -2.4825 0.9741
1.1441 -5.9586 -2.4832 0.9741
1.5687 -5.8627 -2.4839 0.9741
1.7782 -5.8035 -2.4842 0.9741
1.9854 -5.7368 -2.4846 0.9741
2.1903 -5.6628 -2.4849 0.9741
2.3923 -5.5815 -2.4854 0.9741
2.5914 -5.4930 -2.4858 0.9741
2.9796 -5.2951 -2.4867 0.9741
3.3529 -5.0699 -2.4877 0.9741
3.8806 -4.6835 -2.4893 0.9741
4.0470 -4.5424 -2.4899 0.9740
4.3643 -4.2426 -2.4911 0.9740
4.5147 -4.0844 -2.4917 0.9740
4.9311 -3.5786 -2.4936 0.9740
5.0577 -3.4003 -2.4943 0.9740
5.1778 -3.2176 -2.4950 0.9740
5.2913 -3.0307 -2.4957 0.9740
5.4980 -2.6451 -2.4971 0.9740
5.5909 -2.4469 -2.4978 0.9740
5.6767 -2.2454 -2.4985 0.9740
5.7552 -2.0410 -2.4992 0.9740
5.8264 -1.8338 -2.4999 0.9739
6.0688 -0.7660 -2.5035 0.9739
6.0941 -0.5480 -2.5042 0.9739
6.1116 -0.3292 -2.5050 0.9739
6.1212 -0.1098 -2.5057 0.9739
6.1230 0.1098 -2.5064 0.9739
6.0808 0.7675 -2.5085 0.9739
5.9039 1.6279 -2.5065 0.9739
5.4879 2.1707 -2.4154 0.9748
5.2998 2.3194 -2.3677 0.9753
5.1070 2.6866 -2.3617 0.9754
4.9034 3.0471 -2.3628 0.9754
4.7919 3.2216 -2.3632 0.9754
4.4207 3.7198 -2.3646 0.9753
4.1440 4.0285 -2.3654 0.9753
3.9975 4.1752 -2.3657 0.9753
3.6890 4.4522 -2.3664 0.9753
2.8371 5.0417 -2.3677 0.9753
2.6546 5.1406 -2.3679 0.9753
2.2796 5.3183 -2.3682 0.9753
1.6953 5.5330 -2.3685 0.9753
1.4958 5.5904 -2.3685 0.9753
1.2944 5.6405 -2.3685 0.9753
1.0913 5.6832 -2.3685 0.9753
0.8867 5.7186 -2.3685 0.9753
0.6810 5.7466 -2.3684 0.9753
0.2752 5.9509 -2.4381 0.9746
0.0630 6.0912 -2.4931 0.9740
-0.1569 6.1431 -2.5151 0.9738
-0.5978 6.1263 -2.5193 0.9737
-1.0359 6.0705 -2.5204 0.9737
-1.6813 5.9219 -2.5195 0.9737
-2.1009 5.7844 -2.5187 0.9738
-2.3066 5.7044 -2.5183 0.9738
-2.5093 5.6171 -2.5179 0.9738
-3.0964 5.3121 -2.5165 0.9738
-3.6468 4.9456 -2.5149 0.9738
-3.9901 4.6694 -2.5138 0.9738
-4.3125 4.3693 -2.5126 0.9738
-4.4653 4.2108 -2.5119 0.9738
-4.6123 4.0469 -2.5113 0.9738
-4.8880 3.7039 -2.5100 0.9738
-5.0163 3.5253 -2.5093 0.9738
-5.2533 3.1549 -2.5080 0.9739
-5.4629 2.7687 -2.5066 0.9739
-5.5571 2.5702 -2.5059 0.9739
-5.7961 1.9568 -2.5037 0.9739
-5.8608 1.7472 -2.5030 0.9739
-5.9675 1.3218 -2.5016 0.9739
-6.0434 0.8901 -2.5001 0.9739
-6.0882 0.4543 -2.4987 0.9740
-6.0988 0.2356 -2.4980 0.9740
-6.1016 0.0167 -2.4973 0.9740
-6.0837 -0.4205 -2.4959 0.9740
-6.0346 -0.8550 -2.4945 0.9740
-5.9985 -1.0706 -2.4938 0.9740
-5.9032 -1.4971 -2.4925 0.9740
-5.8442 -1.7074 -2.4919 0.9740
-5.6229 -2.3235 -2.4901 0.9740
-5.4394 -2.7194 -2.4889 0.9741
-5.3372 -2.9121 -2.4884 0.9741
-5.2282 -3.1010 -2.4878 0.9741
-4.9904 -3.4664 -2.4868 0.9741
-4.8620 -3.6424 -2.4864 0.9741
-4.7274 -3.8138 -2.4859 0.9741
-4.5867 -3.9802 -2.4855 0.9741
-4.4403 -4.1414 -2.4851 0.9741
-4.2882 -4.2973 -2.4847 0.9741
-3.6277 -4.8637 -2.4833 0.9741
-3.4505 -4.9902 -2.4830 0.9741
-3.0833 -5.2236 -2.4826 0.9741
-2.8938 -5.3304 -2.4823 0.9741
-2.7005 -5.4304 -2.4822 0.9741
-2.5039 -5.5234 -2.4820 0.9741
-1.8959 -5.7596 -2.4817 0.9741
-1.6880 -5.8238 -2.4816 0.9741
-1.2662 -5.9297 -2.4816 0.9741
-0.6220 -6.0317 -2.4817 0.9741
-0.1880 -6.0613 -2.4819 0.9741
0.2470 -6.0600 -2.4823 0.9741
1.1114 -5.9646 -2.4832 0.9741
1.3248 -5.9216 -2.4835 0.9741
1.5365 -5.8711 -2.4838 0.9741
1.7463 -5.8130 -2.4841 0.9741
2.1592 -5.6745 -2.4849 0.9741
2.3617 -5.5944 -2.4853 0.9741
3.3250 -5.0880 -2.4876 0.9741
3.5060 -4.9666 -2.4881 0.9741
3.8547 -4.7045 -2.4892 0.9741
4.0219 -4.5643 -2.4898 0.9740
4.1840 -4.4182 -2.4904 0.9740
4.3408 -4.2663 -2.4910 0.9740
4.4921 -4.1089 -2.4916 0.9740
4.7776 -3.7782 -2.4929 0.9740
5.2744 -3.0595 -2.4956 0.9740
5.3822 -2.8691 -2.4963 0.9740
5.4832 -2.6750 -2.4969 0.9740
5.5772 -2.4773 -2.4977 0.9740
5.8809 -1.6562 -2.5005 0.9739
6.0300 -1.0159 -2.5027 0.9739
6.0643 -0.7992 -2.5034 0.9739
6.0908 -0.5813 -2.5041 0.9739
6.1095 -0.3626 -2.5048 0.9739
6.1232 0.0763 -2.5063 0.9739
6.0196 1.1691 -2.5097 0.9738
5.9133 1.5957 -2.5067 0.9739
5.7146 1.9914 -2.4768 0.9742
5.5173 2.1475 -2.4231 0.9747
5.3276 2.2969 -2.3745 0.9752
5.2123 2.4726 -2.3611 0.9754
5.0239 2.8411 -2.3622 0.9754
4.9198 3.0201 -2.3627 0.9754
4.6926 3.3664 -2.3636 0.9753
4.4408 3.6954 -2.3645 0.9753
4.1659 4.0056 -2.3653 0.9753
3.7132 4.4319 -2.3664 0.9753
3.5523 4.5628 -2.3667 0.9753
3.3868 4.6878 -2.3670 0.9753
3.2169 4.8068 -2.3672 0.9753
3.0427 4.9196 -2.3674 0.9753
2.8646 5.0260 -2.3677 0.9753
2.4973 5.2192 -2.3680 0.9753
1.9225 5.4581 -2.3684 0.9753
1.7256 5.5236 -2.3684 0.9753
0.7125 5.7428 -2.3684 0.9753
0.5087 5.7955 -2.3811 0.9752
-0.5642 6.1287 -2.5189 0.9738
-0.7842 6.1088 -2.5207 0.9737
-1.0027 6.0762 -2.5205 0.9737
-2.2754 5.7171 -2.5184 0.9738
-3.2559 5.2146 -2.5161 0.9738
-3.4401 5.0934 -2.5155 0.9738
-4.2887 4.3930 -2.5127 0.9738
-4.5903 4.0722 -2.5114 0.9738
-4.8678 3.7308 -2.5101 0.9738
-4.9972 3.5528 -2.5094 0.9738
4.4820 3.0490 -2.3625 0.9766
4.0027 3.6611 -2.3641 0.9766
3.7310 3.9398 -2.3648 0.9766
3.4399 4.1982 -2.3654 0.9766
3.1308 4.4350 -2.3660 0.9766
2.9701 4.5449 -2.3662 0.9766
2.6371 4.7469 -2.3666 0.9766
1.7484 5.1426 -2.3672 0.9766
1.1881 5.3107 -2.3717 0.9765
0.0281 5.7758 -2.5172 0.9751
-0.1792 5.7774 -2.5191 0.9751
-0.3864 5.7691 -2.5199 0.9751
-0.7988 5.7256 -2.5195 0.9751
-1.6086 5.5500 -2.5183 0.9751
-1.8064 5.4880 -2.5180 0.9751
-2.0018 5.4189 -2.5176 0.9751
-2.1945 5.3428 -2.5172 0.9751
-2.3843 5.2598 -2.5168 0.9751
-2.5710 5.1700 -2.5164 0.9751
-2.7543 5.0736 -2.5160 0.9751
-2.9339 4.9706 -2.5155 0.9751
-1.8836 2.1800 -1.2556 0.9875
-4.3510 3.7756 -2.5106 0.9752
-4.4825 3.6163 -2.5100 0.9752
-4.8413 3.1115 -2.5081 0.9752
-4.9485 2.9351 -2.5075 0.9752
-5.2311 2.3848 -2.5055 0.9752
-5.3857 2.0026 -2.5042 0.9752
-5.4525 1.8076 -2.5035 0.9752
-5.5651 1.4114 -2.5021 0.9753
-5.6489 1.0083 -2.5008 0.9753
-5.7035 0.6004 -2.4994 0.9753
-5.7198 0.3954 -2.4988 0.9753
-5.7304 -0.0157 -2.4974 0.9753
-5.7116 -0.4262 -2.4961 0.9753
-5.6634 -0.8341 -2.4948 0.9753
-5.5863 -1.2373 -2.4936 0.9753
-5.3469 -2.0215 -2.4912 0.9754
-5.2698 -2.2115 -2.4907 0.9754
-5.1859 -2.3985 -2.4901 0.9754
-4.7858 -3.1129 -2.4881 0.9754
-4.6702 -3.2820 -2.4877 0.9754
-4.4214 -3.6070 -2.4868 0.9754
-4.2884 -3.7627 -2.4864 0.9754
-4.1501 -3.9135 -2.4860 0.9754
-4.0065 -4.0592 -2.4856 0.9754
-3.7042 -4.3348 -2.4850 0.9754
-3.5459 -4.4643 -2.4847 0.9754
-2.5093 -5.1158 -2.4833 0.9754
-2.3240 -5.2022 -2.4832 0.9754
-1.9450 -5.3550 -2.4830 0.9754
-1.7516 -5.4211 -2.4829 0.9754
-1.1592 -5.5777 -2.4828 0.9754
-0.5534 -5.6703 -2.4829 0.9754
-0.3497 -5.6867 -2.4830 0.9754
-0.1455 -5.6958 -2.4832 0.9754
0.0589 -5.6977 -2.4833 0.9754
0.6707 -5.6597 -2.4839 0.9754
0.8733 -5.6326 -2.4841 0.9754
1.0749 -5.5982 -2.4844 0.9754
2.4345 -5.1605 -2.4867 0.9754
2.7992 -4.9744 -2.4876 0.9754
3.3192 -4.6477 -2.4890 0.9754
3.4845 -4.5266 -2.4895 0.9754
3.6453 -4.3996 -2.4901 0.9754
3.8016 -4.2669 -2.4906 0.9754
3.9531 -4.1288 -2.4912 0.9754
4.0995 -3.9853 -2.4917 0.9754
4.3767 -3.6829 -2.4929 0.9754
4.6317 -3.3613 -2.4941 0.9753
4.7505 -3.1938 -2.4947 0.9753
4.9698 -2.8465 -2.4960 0.9753
5.2509 -2.2981 -2.4980 0.9753
5.3314 -2.1088 -2.4987 0.9753
5.4050 -1.9168 -2.4993 0.9753
5.4718 -1.7222 -2.5000 0.9753
5.5315 -1.5252 -2.5007 0.9753
5.5842 -1.3262 -2.5014 0.9753
5.6297 -1.1254 -2.5020 0.9753
5.6680 -0.9230 -2.5027 0.9753
5.6990 -0.7193 -2.5034 0.9752
5.7226 -0.5146 -2.5041 0.9752
5.7479 -0.1031 -2.5054 0.9752
5.7302 0.5153 -2.5074 0.9752
5.6460 1.1286 -2.5093 0.9752
5.4920 1.7285 -2.5093 0.9752
5.3482 2.1154 -2.5065 0.9752
5.2663 2.3048 -2.5053 0.9752
5.0906 2.4490 -2.4620 0.9757
4.4985 3.0243 -2.3624 0.9766
4.3879 3.1843 -2.3628 0.9766
4.2717 3.3402 -2.3632 0.9766
4.1498 3.4919 -2.3636 0.9766
3.8901 3.7816 -2.3644 0.9766
3.7525 3.9192 -2.3647 0.9766
3.4628 4.1792 -2.3654 0.9766
3.3111 4.3013 -2.3657 0.9766
3.1550 4.4177 -2.3659 0.9766
2.9949 4.5285 -2.3662 0.9766
2.8308 4.6334 -2.3664 0.9766
2.6630 4.7324 -2.3666 0.9766
2.1397 4.9920 -2.3670 0.9766
1.7765 5.1330 -2.3672 0.9766
1.2152 5.2957 -2.3679 0.9766
1.0385 5.4087 -2.4003 0.9763
0.6702 5.6555 -2.4820 0.9755
-0.1475 5.7777 -2.5188 0.9751
-0.7675 5.7299 -2.5195 0.9751
-1.7764 5.4979 -2.5180 0.9751
-3.0832 4.8784 -2.5151 0.9751
-1.7215 2.3347 -1.2642 0.9874
-1.7847 2.2469 -1.2506 0.9876
-4.5894 3.4776 -2.5095 0.9752
-4.7100 3.3100 -2.5089 0.9752
-4.9326 2.9623 -2.5076 0.9752
-5.0344 2.7828 -2.5069 0.9752
-5.1296 2.5997 -2.5063 0.9752
-5.2181 2.4135 -2.5056 0.9752
-5.2999 2.2242 -2.5049 0.9752
-5.3748 2.0321 -2.5043 0.9752
-5.4428 1.8375 -2.5036 0.9752
-5.5575 1.4419 -2.5022 0.9753
-5.6041 1.2413 -2.5016 0.9753
-5.6756 0.8359 -2.5002 0.9753
-5.7004 0.6317 -2.4995 0.9753
-5.7279 0.2213 -2.4982 0.9753
-5.7306 0.0157 -2.4975 0.9753
-5.7260 -0.1898 -2.4969 0.9753
-5.6681 -0.8031 -2.4949 0.9753
-5.1991 -2.3702 -2.4902 0.9754
-5.1097 -2.5546 -2.4897 0.9754
-5.0138 -2.7356 -2.4892 0.9754
-4.9114 -2.9131 -2.4887 0.9754
-4.3091 -3.7392 -2.4865 0.9754
-4.1716 -3.8908 -2.4861 0.9754
-3.7279 -4.3145 -2.4850 0.9754
-3.5704 -4.4449 -2.4847 0.9754
-3.4083 -4.5696 -2.4844 0.9754
-2.8969 -4.9078 -2.4837 0.9754
-2.7188 -5.0081 -2.4835 0.9754
-2.1648 -5.2702 -2.4831 0.9754
-1.9743 -5.3443 -2.4830 0.9754
-1.5860 -5.4718 -2.4828 0.9754
-0.7873 -5.6424 -2.4829 0.9754
-0.5844 -5.6671 -2.4829 0.9754
-0.3808 -5.6847 -2.4830 0.9754
-0.1767 -5.6949 -2.4831 0.9754
0.0277 -5.6979 -2.4833 0.9754
0.2320 -5.6936 -2.4834 0.9754
0.6397 -5.6632 -2.4838 0.9754
0.8425 -5.6372 -2.4841 0.9754
1.0442 -5.6039 -2.4843 0.9754
1.2446 -5.5635 -2.4846 0.9754
1.4436 -5.5159 -2.4849 0.9754
1.6407 -5.4613 -2.4852 0.9754
2.2187 -5.2557 -2.4863 0.9754
2.7718 -4.9895 -2.4875 0.9754
2.9495 -4.8878 -2.4880 0.9754
3.7780 -4.2876 -2.4905 0.9754
3.9303 -4.1502 -2.4911 0.9754
4.0775 -4.0075 -2.4916 0.9754
4.4876 -3.5489 -2.4934 0.9753
4.7328 -3.2196 -2.4947 0.9753
4.8464 -3.0486 -2.4953 0.9753
4.9539 -2.8736 -2.4959 0.9753
5.0551 -2.6948 -2.4966 0.9753
5.1498 -2.5124 -2.4972 0.9753
5.2380 -2.3267 -2.4979 0.9753
5.3942 -1.9463 -2.4992 0.9753
5.4620 -1.7520 -2.4999 0.9753
5.5228 -1.5554 -2.5006 0.9753
5.6947 -0.7505 -2.5033 0.9752
5.7195 -0.5459 -2.5040 0.9752
5.7496 0.0716 -2.5060 0.9752
5.7449 0.2779 -2.5066 0.9752
5.6862 0.8940 -2.5086 0.9752
5.6519 1.0977 -2.5092 0.9752
5.6103 1.3000 -2.5098 0.9752
5.5019 1.6986 -2.5095 0.9752
5.4343 1.8937 -2.5081 0.9752
5.3601 2.0863 -2.5067 0.9752
5.2792 2.2761 -2.5055 0.9752
5.1178 2.4277 -2.4687 0.9756
4.6186 2.8352 -2.3619 0.9766
4.2898 3.3167 -2.3632 0.9766
3.9106 3.7601 -2.3643 0.9766
3.7738 3.8985 -2.3647 0.9766
3.4856 4.1601 -2.3653 0.9766
3.3345 4.2830 -2.3656 0.9766
3.0196 4.5120 -2.3661 0.9766
2.8561 4.6178 -2.3663 0.9766
2.5181 4.8114 -2.3667 0.9766
2.3441 4.8990 -2.3669 0.9766
2.1670 4.9802 -2.3670 0.9766
1.6197 5.1847 -2.3673 0.9766
1.2439 5.2876 -2.3673 0.9766
1.0657 5.3904 -2.3947 0.9763
0.5043 5.7445 -2.5132 0.9752
0.2981 5.7628 -2.5149 0.9751
0.0913 5.7739 -2.5167 0.9751
-0.1159 5.7777 -2.5185 0.9751
-0.3232 5.7731 -2.5200 0.9751
-0.7361 5.7341 -2.5195 0.9751
-0.9412 5.7035 -2.5193 0.9751
-1.1450 5.6655 -2.5190 0.9751
-1.5478 5.5675 -2.5184 0.9751
-2.1360 5.3667 -2.5174 0.9751
-2.3267 5.2858 -2.5170 0.9751
-2.6987 5.1037 -2.5161 0.9751
-2.8795 5.0027 -2.5156 0.9751
-1.7118 2.3483 -1.2665 0.9874
-1.7751 2.2602 -1.2525 0.9875
-3.8768 4.2671 -2.5126 0.9752
-4.0264 4.1243 -2.5120 0.9752
-4.4430 3.6654 -2.5102 0.9752
-4.6920 3.3358 -2.5090 0.9752
4.0624 3.2126 -2.3974 0.9774
3.9110 3.3277 -2.3770 0.9776
3.5115 3.7080 -2.3639 0.9777
3.3767 3.8320 -2.3642 0.9777
3.2375 3.9511 -2.3645 0.9777
3.0940 4.0652 -2.3647 0.9777
2.9466 4.1739 -2.3650 0.9777
2.4818 4.4674 -2.3656 0.9777
2.3202 4.5539 -2.3657 0.9777
2.1555 4.6345 -2.3659 0.9777
1.9943 4.7240 -2.3735 0.9777
1.1815 5.2812 -2.5050 0.9764
0.6101 5.4007 -2.5158 0.9763
0.4162 5.4225 -2.5174 0.9763
0.2216 5.4375 -2.5190 0.9763
0.0265 5.4422 -2.5192 0.9763
-0.3637 5.4294 -2.5188 0.9763
-0.5581 5.4125 -2.5186 0.9763
-0.7518 5.3885 -2.5184 0.9763
-1.1359 5.3197 -2.5179 0.9763
-1.8840 5.1001 -2.5167 0.9763
-2.0654 5.0285 -2.5163 0.9763
-2.2441 4.9504 -2.5159 0.9763
-2.5924 4.7753 -2.5151 0.9763
-2.7615 4.6784 -2.5147 0.9763
-2.9270 4.5756 -2.5142 0.9763
-1.6690 2.4137 -1.3584 0.9871
-3.8321 3.8402 -2.5112 0.9764
-3.9664 3.6995 -2.5107 0.9764
-4.0957 3.5541 -2.5101 0.9764
-4.5575 2.9291 -2.5078 0.9764
-4.8422 2.4209 -2.5059 0.9764
-4.9247 2.2451 -2.5053 0.9764
-5.0008 2.0665 -2.5047 0.9764
-5.0704 1.8853 -2.5040 0.9764
-5.1335 1.7019 -2.5034 0.9764
-5.2396 1.3288 -2.5021 0.9765
-5.2825 1.1398 -2.5015 0.9765
-5.3479 0.7578 -2.5002 0.9765
-5.3943 0.1788 -2.4983 0.9765
-5.3905 -0.2082 -2.4970 0.9765
-5.3331 -0.7854 -2.4952 0.9765
-5.1612 -1.5386 -2.4929 0.9765
-5.0354 -1.9037 -2.4918 0.9766
-4.8840 -2.2589 -2.4908 0.9766
-4.7076 -2.6021 -2.4898 0.9766
-4.6104 -2.7688 -2.4894 0.9766
-4.5073 -2.9318 -2.4889 0.9766
-4.3985 -3.0910 -2.4885 0.9766
-4.2841 -3.2463 -2.4881 0.9766
-4.1643 -3.3973 -2.4877 0.9766
-3.9088 -3.6860 -2.4869 0.9766
-3.7736 -3.8232 -2.4866 0.9766
-3.6336 -3.9556 -2.4862 0.9766
-3.4889 -4.0829 -2.4859 0.9766
-3.0292 -4.4326 -2.4851 0.9766
-2.8681 -4.5380 -2.4849 0.9766
-2.5350 -4.7312 -2.4845 0.9766
-2.0118 -4.9753 -2.4841 0.9766
-1.6499 -5.1063 -2.4840 0.9766
-1.4657 -5.1621 -2.4839 0.9766
-1.0919 -5.2539 -2.4839 0.9766
-0.9027 -5.2897 -2.4839 0.9766
0.0555 -5.3668 -2.4844 0.9766
0.2479 -5.3617 -2.4845 0.9766
0.4401 -5.3498 -2.4847 0.9766
1.2010 -5.2338 -2.4856 0.9766
1.9381 -5.0108 -2.4869 0.9766
2.1169 -4.9388 -2.4872 0.9766
2.4662 -4.7758 -2.4880 0.9766
2.6364 -4.6851 -2.4884 0.9766
2.8032 -4.5883 -2.4889 0.9766
2.9665 -4.4856 -2.4893 0.9766
3.4331 -4.1434 -2.4907 0.9766
3.7228 -3.8883 -2.4918 0.9766
3.8607 -3.7531 -2.4923 0.9765
3.9937 -3.6130 -2.4929 0.9765
4.1216 -3.4682 -2.4934 0.9765
4.3616 -3.1653 -2.4946 0.9765
4.4734 -3.0075 -2.4951 0.9765
4.8623 -2.3392 -2.4976 0.9765
5.0200 -1.9856 -2.4988 0.9765
5.0892 -1.8048 -2.4995 0.9765
5.1520 -1.6215 -2.5001 0.9765
5.2577 -1.2487 -2.5014 0.9765
5.3004 -1.0596 -2.5020 0.9765
5.3364 -0.8690 -2.5027 0.9765
5.4113 -0.0971 -2.5052 0.9764
5.4070 0.2912 -2.5064 0.9764
5.3748 0.6784 -2.5077 0.9764
5.3483 0.8709 -2.5083 0.9764
5.3149 1.0624 -2.5089 0.9764
5.2746 1.2527 -2.5094 0.9764
4.9665 2.1736 -2.5094 0.9764
4.7940 2.5219 -2.5074 0.9764
4.6988 2.6913 -2.5065 0.9764
4.5575 2.8321 -2.4837 0.9766
3.9340 3.3103 -2.3799 0.9776
3.5317 3.6886 -2.3638 0.9777
3.3976 3.8134 -2.3641 0.9777
3.2590 3.9333 -2.3644 0.9777
3.1162 4.0481 -2.3647 0.9777
2.6641 4.3607 -2.3654 0.9777
2.5062 4.4537 -2.3656 0.9777
2.3450 4.5411 -2.3657 0.9777
2.0184 4.7089 -2.3715 0.9777
1.5430 5.0358 -2.4380 0.9771
1.3776 5.1485 -2.4670 0.9768
1.2079 5.2634 -2.4997 0.9765
1.0236 5.3311 -2.5128 0.9764
0.8322 5.3673 -2.5141 0.9763
0.0563 5.4420 -2.5192 0.9763
-0.3339 5.4314 -2.5189 0.9763
-0.5285 5.4155 -2.5187 0.9763
-0.7223 5.3926 -2.5185 0.9763
-0.9152 5.3627 -2.5182 0.9763
-1.1068 5.3259 -2.5180 0.9763
-1.4854 5.2317 -2.5174 0.9763
-2.0379 5.0398 -2.5164 0.9763
-2.5662 4.7895 -2.5152 0.9763
-1.7260 2.3407 -1.3462 0.9873
-1.7918 2.2559 -1.3336 0.9874
-1.8488 2.1636 -1.3173 0.9875
-3.8111 3.8613 -2.5113 0.9764
-3.9463 3.7213 -2.5107 0.9764
-4.2010 3.4273 -2.5096 0.9764
-4.3202 3.2737 -2.5090 0.9764
-4.6435 2.7887 -2.5072 0.9764
-4.7394 2.6197 -2.5066 0.9764
-4.9125 2.2721 -2.5054 0.9764
-5.1243 1.7300 -2.5035 0.9764
-5.2324 1.3575 -2.5022 0.9765
-5.2764 1.1687 -2.5016 0.9765
-5.3136 0.9785 -2.5009 0.9765
-5.3439 0.7871 -2.5003 0.9765
-5.3838 0.4018 -2.4990 0.9765
-5.3934 0.2084 -2.4984 0.9765
-5.3960 0.0148 -2.4978 0.9765
-5.3806 -0.3719 -2.4965 0.9765
-5.3625 -0.5645 -2.4959 0.9765
-5.2671 -1.1364 -2.4941 0.9765
-4.9743 -2.0555 -2.4914 0.9766
-4.8964 -2.2322 -2.4909 0.9766
-4.8122 -2.4059 -2.4904 0.9766
-4.7219 -2.5764 -2.4899 0.9766
-4.5234 -2.9072 -2.4890 0.9766
-4.4155 -3.0670 -2.4885 0.9766
-3.7946 -3.8026 -2.4866 0.9766
-3.5113 -4.0638 -2.4860 0.9766
-3.2102 -4.3041 -2.4854 0.9766
-3.0535 -4.4160 -2.4852 0.9766
-2.8929 -4.5223 -2.4850 0.9766
-2.5609 -4.7173 -2.4846 0.9766
-2.3899 -4.8058 -2.4844 0.9766
-1.8596 -5.0339 -2.4841 0.9766
-1.4939 -5.1540 -2.4839 0.9766
-1.1206 -5.2478 -2.4839 0.9766
-0.9317 -5.2847 -2.4839 0.9766
-0.5505 -5.3381 -2.4840 0.9766
-0.3587 -5.3546 -2.4841 0.9766
0.0261 -5.3670 -2.4843 0.9766
0.2186 -5.3629 -2.4845 0.9766
0.4108 -5.3520 -2.4847 0.9766
0.7935 -5.3097 -2.4851 0.9766
1.3597 -5.1954 -2.4859 0.9766
1.9106 -5.0212 -2.4868 0.9766
2.7779 -4.6035 -2.4888 0.9766
2.9418 -4.5017 -2.4892 0.9766
3.1019 -4.3941 -2.4897 0.9766
3.2581 -4.2808 -2.4902 0.9766
3.9737 -3.6347 -2.4928 0.9765
4.4567 -3.0319 -2.4951 0.9765
4.6648 -2.7059 -2.4963 0.9765
5.0791 -1.8325 -2.4994 0.9765
5.2000 -1.4645 -2.5006 0.9765
5.2505 -1.2774 -2.5013 0.9765
5.2943 -1.0885 -2.5019 0.9765
5.4105 -0.1267 -2.5051 0.9764
5.4129 0.0674 -2.5057 0.9764
5.3783 0.6489 -2.5076 0.9764
5.2812 1.2237 -2.5094 0.9764
5.1823 1.5999 -2.5105 0.9764
4.9787 2.1465 -2.5096 0.9764
4.8964 2.3227 -2.5085 0.9764
4.8080 2.4958 -2.5075 0.9764
4.5823 2.8129 -2.4888 0.9766
3.8095 3.4086 -2.3662 0.9777
3.6806 3.5389 -2.3635 0.9777
3.5518 3.6692 -2.3638 0.9777
3.4183 3.7947 -2.3641 0.9777
3.2804 3.9153 -2.3644 0.9777
2.9920 4.1413 -2.3649 0.9777
2.8418 4.2464 -2.3651 0.9777
2.5305 4.4399 -2.3655 0.9777
2.2060 4.6105 -2.3658 0.9777
1.8865 4.7992 -2.3869 0.9775
1.7289 4.9084 -2.4088 0.9773
1.5679 5.0188 -2.4339 0.9771
1.4031 5.1311 -2.4623 0.9768
1.2341 5.2457 -2.4944 0.9765
1.0527 5.3250 -2.5126 0.9764
0.8615 5.3622 -2.5139 0.9763
0.4755 5.4166 -2.5169 0.9763
0.2811 5.4336 -2.5185 0.9763
-0.6928 5.3966 -2.5185 0.9763
-0.8858 5.3677 -2.5183 0.9763
-1.0776 5.3320 -2.5180 0.9763
-1.2680 5.2893 -2.5177 0.9763
-1.4568 5.2398 -2.5174 0.9763
-2.0103 5.0510 -2.5164 0.9763
-2.1899 4.9749 -2.5160 0.9763
-2.5400 4.8036 -2.5152 0.9763
-3.0397 4.5006 -2.5139 0.9763
-1.7798 2.2662 -1.3338 0.9874
-1.8398 2.1771 -1.3194 0.9875
-1.9093 2.1015 -1.3143 0.9876
-4.1823 3.4504 -2.5097 0.9764
4.2290 2.8769 -2.5089 0.9775
3.8919 3.3114 -2.5066 0.9775
3.5962 3.5344 -2.4734 0.9778
3.4503 3.6434 -2.4614 0.9779
3.3053 3.7510 -2.4524 0.9780
3.0166 3.9634 -2.4432 0.9781
2.8722 4.0686 -2.4429 0.9781
2.5817 4.2782 -2.4510 0.9780
1.6484 4.8487 -2.5121 0.9774
0.7587 5.0766 -2.5179 0.9774
0.5763 5.1018 -2.5185 0.9774
0.2091 5.1296 -2.5183 0.9774
-0.3430 5.1215 -2.5179 0.9774
-0.5265 5.1056 -2.5177 0.9774
-0.7092 5.0830 -2.5175 0.9774
-1.4282 4.9273 -2.5164 0.9774
-2.1170 4.6700 -2.5151 0.9774
-2.4455 4.5048 -2.5144 0.9774
-1.7590 2.3584 -1.4432 0.9870
-1.8648 2.1582 -1.3991 0.9874
-3.6154 3.6231 -2.5107 0.9775
-3.9811 3.2117 -2.5091 0.9775
-4.1992 2.9168 -2.5080 0.9775
-4.3955 2.6071 -2.5068 0.9775
-4.6468 2.1184 -2.5051 0.9775
-4.7845 1.7790 -2.5039 0.9775
-4.9443 1.2539 -2.5021 0.9775
-4.9849 1.0755 -2.5015 0.9775
-5.0467 0.7151 -2.5003 0.9775
-5.0923 -0.0139 -2.4979 0.9776
-5.0873 -0.1965 -2.4973 0.9776
-5.0333 -0.7413 -2.4956 0.9776
-5.0024 -0.9211 -2.4950 0.9776
-4.9650 -1.0997 -2.4945 0.9776
-4.9213 -1.2768 -2.4939 0.9776
-4.8713 -1.4522 -2.4934 0.9776
-4.7527 -1.7969 -2.4924 0.9776
-4.6843 -1.9658 -2.4919 0.9776
-4.6099 -2.1321 -2.4914 0.9776
-4.5296 -2.2956 -2.4909 0.9776
-3.9309 -3.2069 -2.4884 0.9777
-3.5622 -3.6090 -2.4874 0.9777
-3.2935 -3.8542 -2.4868 0.9777
-3.1528 -3.9694 -2.4865 0.9777
-3.0081 -4.0795 -2.4863 0.9777
-2.7075 -4.2839 -2.4859 0.9777
-2.3931 -4.4663 -2.4855 0.9777
-1.8992 -4.6968 -2.4851 0.9777
-1.7295 -4.7617 -2.4850 0.9777
-1.5576 -4.8205 -2.4850 0.9777
-1.2080 -4.9197 -2.4849 0.9777
-0.8522 -4.9936 -2.4849 0.9777
-0.4921 -5.0421 -2.4850 0.9777
0.0524 -5.0664 -2.4853 0.9777
0.2340 -5.0616 -2.4855 0.9777
0.4155 -5.0503 -2.4856 0.9777
0.5964 -5.0325 -2.4858 0.9777
0.7765 -5.0083 -2.4860 0.9777
0.9557 -4.9777 -2.4863 0.9777
1.3104 -4.8974 -2.4868 0.9777
1.4853 -4.8478 -2.4871 0.9777
1.8295 -4.7300 -2.4877 0.9777
2.3280 -4.5081 -2.4888 0.9776
2.4885 -4.4224 -2.4892 0.9776
2.6460 -4.3310 -2.4896 0.9776
3.0975 -4.0239 -2.4909 0.9776
3.3793 -3.7929 -2.4918 0.9776
3.5138 -3.6700 -2.4923 0.9776
3.8901 -3.2734 -2.4939 0.9776
4.1165 -2.9874 -2.4950 0.9776
4.4166 -2.5297 -2.4966 0.9776
4.5887 -2.2076 -2.4978 0.9776
4.6660 -2.0421 -2.4984 0.9776
4.7374 -1.8739 -2.4990 0.9776
4.8027 -1.7032 -2.4996 0.9776
4.8619 -1.5302 -2.5002 0.9775
4.9148 -1.3552 -2.5008 0.9775
4.9614 -1.1783 -2.5014 0.9775
5.0017 -0.9999 -2.5020 0.9775
5.0356 -0.8200 -2.5026 0.9775
5.0630 -0.6391 -2.5032 0.9775
5.0838 -0.4572 -2.5038 0.9775
5.0982 -0.2746 -2.5044 0.9775
5.1060 -0.0916 -2.5050 0.9775
5.1018 0.2748 -2.5062 0.9775
5.0898 0.4577 -2.5068 0.9775
5.0462 0.8217 -2.5079 0.9775
5.0146 1.0024 -2.5085 0.9775
4.9765 1.1819 -2.5090 0.9775
4.9320 1.3599 -2.5095 0.9775
4.8239 1.7106 -2.5106 0.9775
4.7604 1.8829 -2.5111 0.9775
4.5309 2.3835 -2.5113 0.9774
4.1387 3.0035 -2.5084 0.9775
3.7658 3.4068 -2.4910 0.9776
3.6185 3.5176 -2.4754 0.9778
3.1829 3.8414 -2.4471 0.9780
3.0386 3.9473 -2.4435 0.9781
2.8942 4.0526 -2.4428 0.9781
2.6040 4.2622 -2.4500 0.9780
2.4574 4.3670 -2.4580 0.9779
2.3095 4.4722 -2.4689 0.9778
2.1597 4.5779 -2.4829 0.9777
2.0079 4.6845 -2.5000 0.9775
1.6749 4.8393 -2.5119 0.9774
1.3247 4.9509 -2.5140 0.9774
0.9673 5.0379 -2.5164 0.9774
0.7864 5.0720 -2.5177 0.9774
0.2372 5.1284 -2.5183 0.9774
0.0531 5.1334 -2.5182 0.9774
-0.3150 5.1234 -2.5179 0.9774
-0.4985 5.1084 -2.5177 0.9774
-1.0440 5.0240 -2.5170 0.9774
-1.2234 4.9828 -2.5168 0.9774
-1.7509 4.8208 -2.5159 0.9774
-1.9224 4.7543 -2.5155 0.9774
-2.5810 4.4278 -2.5140 0.9774
-2.7377 4.3317 -2.5136 0.9774
-1.6676 2.4402 -1.4498 0.9869
-1.7331 2.3504 -1.4324 0.9871
-1.7968 2.2622 -1.4171 0.9872
-1.8758 2.1952 -1.4164 0.9872
-3.8459 3.3744 -2.5097 0.9775
-4.1833 2.9399 -2.5081 0.9775
-4.2851 2.7873 -2.5075 0.9775
-4.6353 2.1439 -2.5052 0.9775
-4.7748 1.8053 -2.5040 0.9775
-4.8353 1.6325 -2.5034 0.9775
-4.8896 1.4576 -2.5028 0.9775
-4.9791 1.1028 -2.5016 0.9775
-5.0808 0.3791 -2.4992 0.9776
-5.0899 0.1966 -2.4986 0.9776
-5.0924 0.0140 -2.4980 0.9776
-5.0780 -0.3510 -2.4968 0.9776
-5.0075 -0.8938 -2.4951 0.9776
-4.9711 -1.0725 -2.4946 0.9776
-4.8794 -1.4255 -2.4935 0.9776
-4.8241 -1.5993 -2.4930 0.9776
-4.6217 -2.1069 -2.4915 0.9776
-4.5422 -2.2709 -2.4910 0.9776
-4.4571 -2.4319 -2.4906 0.9776
-4.3662 -2.5897 -2.4901 0.9776
-4.2698 -2.7442 -2.4897 0.9776
-3.9484 -3.1854 -2.4885 0.9777
-3.8311 -3.3245 -2.4881 0.9777
-3.4505 -3.7153 -2.4871 0.9777
-3.3146 -3.8362 -2.4869 0.9777
-2.7309 -4.2691 -2.4859 0.9777
-2.5759 -4.3639 -2.4857 0.9777
-2.4175 -4.4532 -2.4855 0.9777
-2.2561 -4.5367 -2.4854 0.9777
-1.9249 -4.6863 -2.4851 0.9777
-1.7555 -4.7522 -2.4850 0.9777
-1.2349 -4.9130 -2.4849 0.9777
-0.7000 -5.0173 -2.4849 0.9777
-0.5197 -5.0393 -2.4850 0.9777
-0.3386 -5.0549 -2.4851 0.9777
-0.1571 -5.0640 -2.4852 0.9777
0.0246 -5.0666 -2.4853 0.9777
0.2063 -5.0627 -2.4854 0.9777
0.5688 -5.0356 -2.4858 0.9777
1.1067 -4.9467 -2.4865 0.9777
1.6322 -4.8009 -2.4873 0.9777
1.8035 -4.7399 -2.4876 0.9777
2.1393 -4.5997 -2.4883 0.9777
2.3032 -4.5207 -2.4887 0.9776
2.4642 -4.4359 -2.4891 0.9776
2.6222 -4.3453 -2.4895 0.9776
3.0753 -4.0407 -2.4908 0.9776
3.3584 -3.8113 -2.4918 0.9776
3.4936 -3.6891 -2.4922 0.9776
3.6244 -3.5621 -2.4928 0.9776
3.8720 -3.2945 -2.4938 0.9776
4.1000 -3.0098 -2.4949 0.9776
4.4025 -2.5537 -2.4966 0.9776
4.6546 -2.0675 -2.4983 0.9776
4.7269 -1.8997 -2.4989 0.9776
4.7931 -1.7294 -2.4995 0.9776
4.8532 -1.5567 -2.5001 0.9775
4.9547 -1.2054 -2.5013 0.9775
4.9960 -1.0272 -2.5019 0.9775
5.0308 -0.8476 -2.5025 0.9775
5.0592 -0.6667 -2.5031 0.9775
5.0811 -0.4850 -2.5037 0.9775
5.0964 -0.3025 -2.5043 0.9775
5.1030 0.2468 -2.5061 0.9775
5.0921 0.4298 -2.5067 0.9775
5.0505 0.7941 -2.5078 0.9775
4.8893 1.5094 -2.5100 0.9775
4.7705 1.8568 -2.5110 0.9775
4.7017 2.0271 -2.5115 0.9774
4.3605 2.6767 -2.5098 0.9775
4.2605 2.8306 -2.5091 0.9775
4.1553 2.9809 -2.5085 0.9775
4.0449 3.1274 -2.5080 0.9775
3.7884 3.3897 -2.4936 0.9776
3.6409 3.5008 -2.4776 0.9777
3.3495 3.7183 -2.4548 0.9780
3.2049 3.8252 -2.4479 0.9780
3.0606 3.9312 -2.4438 0.9780
2.9163 4.0365 -2.4427 0.9781
2.7716 4.1414 -2.4444 0.9780
2.6262 4.2462 -2.4490 0.9780
2.0312 4.6682 -2.4972 0.9776
1.8727 4.7640 -2.5109 0.9775
1.7012 4.8298 -2.5118 0.9774
0.9948 5.0322 -2.5162 0.9774
0.2652 5.1271 -2.5183 0.9774
-1.1962 4.9895 -2.5168 0.9774
-1.7245 4.8304 -2.5159 0.9774
-1.8964 4.7648 -2.5156 0.9774
-2.2325 4.6153 -2.5149 0.9774
-2.3962 4.5316 -2.5145 0.9774
-2.7140 4.3467 -2.5136 0.9774
-1.6581 2.4551 -1.4532 0.9869
-1.7872 2.2756 -1.4193 0.9872
-3.5757 3.6627 -2.5108 0.9775
-3.7040 3.5313 -2.5103 0.9775
-4.0593 3.1111 -2.5087 0.9775
-4.1673 2.9628 -2.5081 0.9775
-4.2699 2.8108 -2.5076 0.9775
4.0045 2.7242 -2.5126 0.9784
3.9034 2.8654 -2.5120 0.9784
3.5714 3.2666 -2.5109 0.9784
3.3276 3.5138 -2.5106 0.9784
3.1994 3.6308 -2.5105 0.9784
3.0671 3.7433 -2.5106 0.9784
2.9311 3.8511 -2.5107 0.9784
2.3515 4.2329 -2.5120 0.9784
2.1987 4.3155 -2.5126 0.9784
1.3957 4.6458 -2.5165 0.9784
1.0596 4.7359 -2.5176 0.9784
0.7173 4.7996 -2.5176 0.9784
0.3714 4.8384 -2.5175 0.9784
0.0236 4.8522 -2.5173 0.9784
-0.3242 4.8409 -2.5170 0.9784
-0.4976 4.8258 -2.5168 0.9784
-0.6703 4.8045 -2.5166 0.9784
-1.0128 4.7432 -2.5162 0.9784
-1.1822 4.7034 -2.5159 0.9784
-2.1578 4.3391 -2.5140 0.9784
-1.8139 2.2582 -1.5026 0.9870
-1.8730 2.1678 -1.4862 0.9872
-3.5377 3.2996 -2.5097 0.9784
-3.6530 3.1700 -2.5092 0.9784
-3.7636 3.0363 -2.5087 0.9784
-4.0654 2.6129 -2.5071 0.9785
-4.1556 2.4648 -2.5065 0.9785
-4.2404 2.3137 -2.5060 0.9785
-4.3934 2.0029 -2.5049 0.9785
-4.7134 1.0170 -2.5015 0.9785
-4.7457 0.8471 -2.5009 0.9785
-4.7720 0.6762 -2.5003 0.9785
-4.8060 0.3322 -2.4992 0.9785
-4.8153 -0.0132 -2.4981 0.9785
-4.7829 -0.5300 -2.4964 0.9785
-4.6541 -1.2074 -2.4944 0.9786
-4.6068 -1.3733 -2.4939 0.9786
-4.4301 -1.8591 -2.4924 0.9786
-4.0239 -2.6174 -2.4903 0.9786
-3.8248 -2.8982 -2.4895 0.9786
-3.7178 -3.0331 -2.4892 0.9786
-3.2442 -3.5318 -2.4879 0.9786
-2.9821 -3.7544 -2.4874 0.9786
-2.4137 -4.1409 -2.4865 0.9786
-2.1104 -4.3027 -2.4862 0.9786
-1.3087 -4.6095 -2.4858 0.9786
-0.8061 -4.7234 -2.4858 0.9786
-0.4654 -4.7692 -2.4859 0.9786
-0.2941 -4.7830 -2.4860 0.9786
0.7345 -4.7371 -2.4869 0.9786
0.9040 -4.7081 -2.4871 0.9786
1.0724 -4.6731 -2.4873 0.9786
1.2394 -4.6321 -2.4876 0.9786
1.7304 -4.4738 -2.4884 0.9786
2.3536 -4.1827 -2.4898 0.9786
2.5025 -4.0962 -2.4902 0.9786
2.9295 -3.8056 -2.4915 0.9786
3.0646 -3.6988 -2.4919 0.9786
3.1959 -3.5871 -2.4924 0.9786
3.4461 -3.3501 -2.4933 0.9786
3.6789 -3.0956 -2.4943 0.9786
3.7883 -2.9623 -2.4948 0.9786
3.8929 -2.8251 -2.4953 0.9786
4.0871 -2.5399 -2.4964 0.9785
4.1765 -2.3922 -2.4969 0.9785
4.3391 -2.0875 -2.4980 0.9785
4.4122 -1.9310 -2.4986 0.9785
4.5413 -1.6105 -2.4997 0.9785
4.6912 -1.1142 -2.5014 0.9785
4.8275 -0.0866 -2.5048 0.9785
4.8286 0.0866 -2.5054 0.9785
4.8121 0.4327 -2.5065 0.9785
4.7945 0.6051 -2.5070 0.9785
4.6626 1.2856 -2.5091 0.9784
4.5602 1.6172 -2.5101 0.9784
4.4343 1.9406 -2.5111 0.9784
4.2024 2.4070 -2.5124 0.9784
4.1141 2.5566 -2.5128 0.9784
3.8139 2.9823 -2.5116 0.9784
3.4702 3.3734 -2.5107 0.9784
3.3468 3.4955 -2.5106 0.9784
3.2192 3.6132 -2.5105 0.9784
3.0876 3.7264 -2.5105 0.9784
2.5240 4.1312 -2.5115 0.9784
2.3746 4.2198 -2.5120 0.9784
2.0669 4.3812 -2.5131 0.9784
1.7486 4.5208 -2.5146 0.9784
1.2543 4.6876 -2.5174 0.9784
0.3979 4.8363 -2.5175 0.9784
0.0502 4.8520 -2.5173 0.9784
-0.9868 4.7488 -2.5162 0.9784
-1.1564 4.7098 -2.5159 0.9784
-1.9769 4.4253 -2.5144 0.9784
-2.1341 4.3510 -2.5141 0.9784
-2.2884 4.2710 -2.5137 0.9784
-2.5879 4.0947 -2.5129 0.9784
-1.6765 2.4532 -1.5415 0.9867
-3.9549 2.7793 -2.5077 0.9785
-4.0512 2.6352 -2.5072 0.9785
-4.1422 2.4876 -2.5066 0.9785
-4.3825 2.0270 -2.5050 0.9785
-4.5145 1.7068 -2.5038 0.9785
-4.5718 1.5435 -2.5033 0.9785
-4.6232 1.3782 -2.5027 0.9785
-4.6686 1.2112 -2.5021 0.9785
-4.7079 1.0428 -2.5016 0.9785
-4.7684 0.7023 -2.5004 0.9785
-4.7894 0.5307 -2.4999 0.9785
-4.8155 0.0132 -2.4982 0.9785
-4.7637 -0.6750 -2.4960 0.9786
-4.5622 -1.5124 -2.4934 0.9786
-4.5042 -1.6748 -2.4930 0.9786
-4.3709 -1.9926 -2.4920 0.9786
-4.2958 -2.1477 -2.4916 0.9786
-4.0383 -2.5954 -2.4903 0.9786
-3.9420 -2.7381 -2.4899 0.9786
-3.7344 -3.0127 -2.4892 0.9786
-3.6235 -3.1443 -2.4889 0.9786
-3.5079 -3.2718 -2.4885 0.9786
-3.1351 -3.6284 -2.4877 0.9786
-2.7265 -3.9430 -2.4869 0.9786
-2.5831 -4.0379 -2.4867 0.9786
-2.4364 -4.1277 -2.4866 0.9786
-2.2867 -4.2121 -2.4864 0.9786
-2.1340 -4.2912 -2.4862 0.9786
-1.9786 -4.3647 -2.4861 0.9786
-1.6605 -4.4950 -2.4859 0.9786
-1.3340 -4.6023 -2.4858 0.9786
-1.1680 -4.6471 -2.4858 0.9786
-1.0006 -4.6860 -2.4858 0.9786
-0.8319 -4.7189 -2.4858 0.9786
-0.4915 -4.7666 -2.4859 0.9786
-0.3203 -4.7813 -2.4860 0.9786
-0.1486 -4.7899 -2.4861 0.9786
0.5380 -4.7630 -2.4867 0.9786
0.7085 -4.7410 -2.4868 0.9786
1.8657 -4.4196 -2.4887 0.9786
2.4800 -4.1097 -2.4902 0.9786
2.7691 -3.9227 -2.4910 0.9786
3.0443 -3.7154 -2.4918 0.9786
3.1761 -3.6045 -2.4923 0.9786
3.6617 -3.1156 -2.4942 0.9786
3.7719 -2.9829 -2.4947 0.9786
3.8772 -2.8463 -2.4952 0.9786
3.9777 -2.7060 -2.4958 0.9786
4.2481 -2.2645 -2.4974 0.9785
4.3275 -2.1112 -2.4979 0.9785
4.4014 -1.9551 -2.4985 0.9785
4.6399 -1.3068 -2.5007 0.9785
4.7238 -0.9712 -2.5019 0.9785
4.7567 -0.8014 -2.5025 0.9785
4.7835 -0.6304 -2.5030 0.9785
4.8041 -0.4585 -2.5036 0.9785
4.8268 -0.1130 -2.5047 0.9785
4.8288 0.0602 -2.5053 0.9785
4.8246 0.2334 -2.5058 0.9785
4.7976 0.5789 -2.5069 0.9785
4.7748 0.7507 -2.5075 0.9785
4.7458 0.9217 -2.5080 0.9785
4.6694 1.2600 -2.5090 0.9784
4.5689 1.5921 -2.5100 0.9784
4.5097 1.7553 -2.5105 0.9784
4.4447 1.9163 -2.5110 0.9784
4.3739 2.0748 -2.5114 0.9784
4.2154 2.3839 -2.5123 0.9784
4.1279 2.5339 -2.5127 0.9784
3.4886 3.3544 -2.5107 0.9784
3.3659 3.4772 -2.5106 0.9784
3.2389 3.5955 -2.5105 0.9784
2.6921 4.0227 -2.5111 0.9784
2.3976 4.2066 -2.5119 0.9784
2.0908 4.3697 -2.5130 0.9784
1.6108 4.5731 -2.5153 0.9784
1.1113 4.7240 -2.5176 0.9784
0.9412 4.7608 -2.5176 0.9784
0.5975 4.8159 -2.5175 0.9784
0.4244 4.8341 -2.5175 0.9784
0.0767 4.8517 -2.5173 0.9784
-0.0973 4.8511 -2.5172 0.9784
-0.2712 4.8442 -2.5170 0.9784
-0.4448 4.8310 -2.5168 0.9784
-0.7898 4.7860 -2.5165 0.9784
-0.9608 4.7542 -2.5162 0.9784
-1.2989 4.6721 -2.5157 0.9784
-1.7926 4.5039 -2.5148 0.9784
-2.1103 4.3627 -2.5141 0.9784
-2.2650 4.2836 -2.5138 0.9784
-2.7108 4.0136 -2.5126 0.9784
-1.8554 2.1955 -1.4913 0.9871
-3.6183 3.2100 -2.5093 0.9784
-3.7304 3.0775 -2.5088 0.9784
-3.8376 2.9412 -2.5083 0.9784
-3.9398 2.8010 -2.5078 0.9785
-4.0368 2.6574 -2.5073 0.9785
3.4955 2.9741 -2.5137 0.9793
3.1562 3.3328 -2.5140 0.9793
2.7801 3.6527 -2.5142 0.9793
2.6475 3.7504 -2.5144 0.9793
2.3725 3.9315 -2.5150 0.9793
1.9376 4.1660 -2.5164 0.9793
1.7870 4.2329 -2.5165 0.9793
1.3221 4.4008 -2.5167 0.9793
0.6792 4.5446 -2.5167 0.9793
0.5158 4.5659 -2.5167 0.9793
0.3517 4.5814 -2.5166 0.9793
0.0224 4.5944 -2.5164 0.9793
-0.4712 4.5695 -2.5160 0.9793
-0.6347 4.5493 -2.5158 0.9793
-0.7974 4.5232 -2.5156 0.9793
-1.1194 4.4536 -2.5151 0.9793
-1.2783 4.4102 -2.5149 0.9793
-1.5908 4.3062 -2.5143 0.9793
-1.7440 4.2459 -2.5140 0.9793
-2.1891 4.0324 -2.5130 0.9793
-2.4718 3.8640 -2.5123 0.9793
-1.6945 2.4506 -1.6318 0.9865
-1.7587 2.3580 -1.6112 0.9867
-2.8711 3.5744 -2.5110 0.9793
-3.2367 3.2436 -2.5097 0.9793
-3.4596 3.0021 -2.5088 0.9793
-3.6645 2.7453 -2.5078 0.9793
-4.0161 2.1913 -2.5058 0.9794
-4.2256 1.7462 -2.5042 0.9794
-4.2846 1.5931 -2.5036 0.9794
-4.3380 1.4381 -2.5031 0.9794
-4.4645 0.9633 -2.5015 0.9794
-4.5524 0.3147 -2.4993 0.9794
-4.5613 -0.0125 -2.4983 0.9794
-4.5570 -0.1760 -2.4978 0.9794
-4.5468 -0.3393 -2.4972 0.9794
-4.5308 -0.5020 -2.4967 0.9794
-4.5090 -0.6641 -2.4962 0.9794
-4.4480 -0.9852 -2.4952 0.9794
-4.3643 -1.3010 -2.4943 0.9794
-4.2582 -1.6099 -2.4933 0.9795
-4.1970 -1.7613 -2.4929 0.9795
-4.1304 -1.9103 -2.4925 0.9795
-3.9815 -2.2008 -2.4916 0.9795
-3.8994 -2.3418 -2.4912 0.9795
-3.8123 -2.4797 -2.4909 0.9795
-3.6237 -2.7458 -2.4901 0.9795
-3.3065 -3.1180 -2.4892 0.9795
-3.0738 -3.3462 -2.4886 0.9795
-2.6958 -3.6559 -2.4879 0.9795
-2.5628 -3.7500 -2.4877 0.9795
-2.4264 -3.8392 -2.4875 0.9795
-2.1447 -4.0027 -2.4872 0.9795
-1.8521 -4.1457 -2.4869 0.9795
-1.5500 -4.2675 -2.4867 0.9795
-0.9238 -4.4451 -2.4866 0.9795
-0.7638 -4.4754 -2.4866 0.9795
-0.6028 -4.5000 -2.4867 0.9795
-0.4410 -4.5188 -2.4867 0.9795
0.2097 -4.5362 -2.4871 0.9795
0.6959 -4.4883 -2.4877 0.9795
0.8565 -4.4609 -2.4879 0.9795
1.0160 -4.4277 -2.4881 0.9795
1.1743 -4.3888 -2.4883 0.9795
1.3311 -4.3443 -2.4886 0.9795
1.4862 -4.2942 -2.4888 0.9795
1.9396 -4.1113 -2.4898 0.9795
2.0860 -4.0396 -2.4901 0.9795
2.2299 -3.9628 -2.4905 0.9795
2.7754 -3.6054 -2.4920 0.9795
2.9034 -3.5041 -2.4924 0.9795
3.0277 -3.3983 -2.4928 0.9795
3.2647 -3.1737 -2.4937 0.9794
3.4851 -2.9326 -2.4947 0.9794
3.5887 -2.8063 -2.4952 0.9794
3.8717 -2.4060 -2.4967 0.9794
3.9563 -2.2661 -2.4972 0.9794
4.0359 -2.1232 -2.4977 0.9794
4.1795 -1.8292 -2.4987 0.9794
4.2433 -1.6784 -2.4993 0.9794
4.3017 -1.5255 -2.4998 0.9794
4.4018 -1.2137 -2.5009 0.9794
4.5097 -0.7344 -2.5025 0.9794
4.5341 -0.5723 -2.5030 0.9794
4.5527 -0.4094 -2.5036 0.9794
4.5654 -0.2459 -2.5041 0.9794
4.5575 0.4098 -2.5062 0.9793
4.4898 0.8975 -2.5077 0.9793
4.1314 1.9875 -2.5110 0.9793
4.0581 2.1348 -2.5114 0.9793
3.9796 2.2793 -2.5118 0.9793
3.8959 2.4210 -2.5122 0.9793
3.8071 2.5595 -2.5126 0.9793
3.4038 3.0793 -2.5140 0.9793
3.0534 3.4272 -2.5140 0.9793
2.9286 3.5345 -2.5140 0.9793
2.8001 3.6374 -2.5141 0.9793
2.6680 3.7358 -2.5143 0.9793
2.3939 3.9184 -2.5150 0.9793
2.1077 4.0814 -2.5159 0.9793
1.1878 4.4390 -2.5168 0.9793
1.0278 4.4787 -2.5168 0.9793
0.7041 4.5408 -2.5167 0.9793
0.5408 4.5631 -2.5167 0.9793
0.2123 4.5898 -2.5165 0.9793
0.0475 4.5943 -2.5164 0.9793
-0.1173 4.5928 -2.5163 0.9793
-0.2819 4.5854 -2.5162 0.9793
-0.4462 4.5720 -2.5160 0.9793
-1.4116 4.3689 -2.5147 0.9793
-1.5672 4.3150 -2.5144 0.9793
-1.7207 4.2555 -2.5141 0.9793
-2.0208 4.1201 -2.5134 0.9793
-2.3103 3.9635 -2.5127 0.9793
-1.8124 2.2818 -1.5960 0.9868
-2.4265 2.2881 -1.8267 0.9849
-3.4432 3.0211 -2.5089 0.9793
-3.5486 2.8951 -2.5084 0.9793
-3.7456 2.6322 -2.5074 0.9793
-4.0042 2.2133 -2.5058 0.9794
-4.1508 1.9198 -2.5048 0.9794
-4.2759 1.6166 -2.5037 0.9794
-4.4220 1.1473 -2.5021 0.9794
-4.5167 0.6652 -2.5005 0.9794
-4.5367 0.5027 -2.5000 0.9794
-4.5508 0.3396 -2.4994 0.9794
-4.5591 0.1761 -2.4989 0.9794
-4.5581 -0.1511 -2.4978 0.9794
-4.5336 -0.4772 -2.4968 0.9794
-4.5127 -0.6394 -2.4963 0.9794
-4.4535 -0.9608 -2.4953 0.9794
-4.3220 -1.4328 -2.4939 0.9794
-4.2671 -1.5866 -2.4934 0.9795
-4.2067 -1.7383 -2.4930 0.9795
-4.1409 -1.8877 -2.4925 0.9795
-3.7347 -2.5941 -2.4906 0.9795
-3.4331 -2.9791 -2.4895 0.9795
-3.2099 -3.2167 -2.4889 0.9795
-3.0921 -3.3294 -2.4887 0.9795
-2.9704 -3.4378 -2.4884 0.9795
-2.8449 -3.5418 -2.4881 0.9795
-2.7158 -3.6412 -2.4879 0.9795
-2.3085 -3.9109 -2.4873 0.9795
-2.1666 -3.9910 -2.4872 0.9795
-1.7251 -4.2000 -2.4868 0.9795
-1.4196 -4.3126 -2.4867 0.9795
-1.2640 -4.3606 -2.4866 0.9795
-1.1067 -4.4031 -2.4866 0.9795
-0.7883 -4.4712 -2.4866 0.9795
-0.4657 -4.5163 -2.4867 0.9795
-0.3035 -4.5303 -2.4868 0.9795
0.3475 -4.5280 -2.4873 0.9795
0.5098 -4.5129 -2.4874 0.9795
0.9918 -4.4331 -2.4880 0.9795
1.3073 -4.3515 -2.4885 0.9795
1.7677 -4.1873 -2.4894 0.9795
1.9170 -4.1218 -2.4897 0.9795
2.0639 -4.0509 -2.4900 0.9795
2.3496 -3.8936 -2.4908 0.9795
2.4881 -3.8074 -2.4911 0.9795
2.8841 -3.5199 -2.4924 0.9795
3.1301 -3.3052 -2.4932 0.9795
3.4689 -2.9516 -2.4946 0.9794
3.5732 -2.8258 -2.4951 0.9794
3.6730 -2.6963 -2.4956 0.9794
3.7681 -2.5634 -2.4961 0.9794
3.8584 -2.4271 -2.4966 0.9794
3.9437 -2.2876 -2.4971 0.9794
4.0241 -2.1451 -2.4976 0.9794
4.0993 -1.9999 -2.4981 0.9794
4.2339 -1.7016 -2.4992 0.9794
4.2931 -1.5490 -2.4997 0.9794
4.4375 -1.0796 -2.5013 0.9794
4.4743 -0.9199 -2.5019 0.9794
4.5054 -0.7590 -2.5024 0.9794
4.5307 -0.5971 -2.5030 0.9794
4.5502 -0.4343 -2.5035 0.9794
4.5735 0.0570 -2.5051 0.9794
4.5437 0.5482 -2.5067 0.9793
4.5220 0.7110 -2.5072 0.9793
4.4945 0.8729 -2.5077 0.9793
4.4612 1.0337 -2.5082 0.9793
4.3268 1.5078 -2.5096 0.9793
4.2708 1.6623 -2.5100 0.9793
4.1421 1.9649 -2.5109 0.9793
4.0696 2.1125 -2.5113 0.9793
3.8210 2.5386 -2.5125 0.9793
3.6302 2.8068 -2.5133 0.9793
3.4206 3.0606 -2.5139 0.9793
3.3090 3.1816 -2.5142 0.9793
3.0721 3.4104 -2.5140 0.9793
2.8199 3.6220 -2.5141 0.9793
2.6884 3.7211 -2.5143 0.9793
2.5535 3.8155 -2.5146 0.9793
2.4153 3.9051 -2.5149 0.9793
2.2741 3.9899 -2.5153 0.9793
1.9830 4.1444 -2.5164 0.9793
1.8332 4.2131 -2.5165 0.9793
1.6810 4.2763 -2.5166 0.9793
1.0523 4.4730 -2.5168 0.9793
0.8912 4.5079 -2.5168 0.9793
0.5657 4.5600 -2.5167 0.9793
0.4018 4.5773 -2.5166 0.9793
0.2374 4.5886 -2.5166 0.9793
0.0727 4.5940 -2.5165 0.9793
-0.0921 4.5934 -2.5163 0.9793
-0.4211 4.5744 -2.5160 0.9793
-0.5849 4.5561 -2.5159 0.9793
-0.7479 4.5318 -2.5157 0.9793
-1.2300 4.4240 -2.5150 0.9793
-1.5436 4.3236 -2.5144 0.9793
-1.9983 4.1312 -2.5135 0.9793
-2.4294 3.8910 -2.5124 0.9793
-1.7372 2.3832 -1.6153 0.9866
-1.9214 2.1148 -1.5650 0.9871
-3.4267 3.0400 -2.5089 0.9793
-3.6344 2.7854 -2.5080 0.9793
3.6825 2.3164 -2.5117 0.9801
3.4138 2.6997 -2.5128 0.9801
3.3152 2.8207 -2.5131 0.9801
2.9940 3.1616 -2.5140 0.9801
2.8790 3.2672 -2.5142 0.9801
2.6379 3.4659 -2.5147 0.9801
2.3830 3.6466 -2.5151 0.9801
2.2509 3.7300 -2.5152 0.9801
1.9779 3.8822 -2.5155 0.9801
1.6947 4.0144 -2.5158 0.9801
1.5497 4.0727 -2.5158 0.9801
1.2538 4.1735 -2.5160 0.9801
0.9514 4.2527 -2.5160 0.9801
0.7983 4.2841 -2.5160 0.9801
0.6441 4.3099 -2.5160 0.9801
0.4891 4.3301 -2.5159 0.9801
0.1775 4.3538 -2.5158 0.9801
-0.6019 4.3144 -2.5151 0.9801
-0.7562 4.2898 -2.5149 0.9801
-0.9095 4.2595 -2.5147 0.9801
-1.2123 4.1826 -2.5142 0.9801
-1.5087 4.0841 -2.5137 0.9801
-1.7971 3.9645 -2.5131 0.9801
-2.0762 3.8244 -2.5124 0.9801
-2.2117 3.7470 -2.5121 0.9801
-1.7666 2.3686 -1.7060 0.9864
-2.1240 2.6443 -1.9582 0.9845
-1.9510 2.1008 -1.6553 0.9868
-2.4981 2.3300 -1.9723 0.9843
-3.4758 2.6040 -2.5075 0.9801
-3.5663 2.4772 -2.5070 0.9801
-4.1151 1.3643 -2.5030 0.9802
-4.2006 1.0653 -2.5020 0.9802
-4.2353 0.9138 -2.5015 0.9802
-4.2644 0.7612 -2.5010 0.9802
-4.3189 0.2985 -2.4995 0.9802
-4.3259 0.1434 -2.4989 0.9802
-4.3234 -0.1670 -2.4979 0.9802
-4.2201 -0.9347 -2.4955 0.9802
-4.1831 -1.0853 -2.4951 0.9802
-4.1408 -1.2344 -2.4946 0.9802
-3.7778 -2.0882 -2.4922 0.9803
-3.6173 -2.3529 -2.4914 0.9803
-3.5301 -2.4808 -2.4911 0.9803
-3.3423 -2.7268 -2.4904 0.9803
-2.9167 -3.1752 -2.4893 0.9803
-2.8007 -3.2775 -2.4890 0.9803
-2.5581 -3.4692 -2.4886 0.9803
-2.0352 -3.7983 -2.4879 0.9803
-1.8975 -3.8687 -2.4878 0.9803
-1.7575 -3.9340 -2.4877 0.9803
-1.4709 -4.0496 -2.4875 0.9803
-1.3246 -4.0997 -2.4874 0.9803
-1.1767 -4.1445 -2.4874 0.9803
-0.8766 -4.2182 -2.4874 0.9803
-0.5720 -4.2702 -2.4874 0.9803
-0.1100 -4.3073 -2.4877 0.9803
0.0445 -4.3087 -2.4878 0.9803
0.1990 -4.3045 -2.4879 0.9803
0.5072 -4.2797 -2.4882 0.9803
0.6604 -4.2591 -2.4884 0.9803
0.9641 -4.2015 -2.4888 0.9803
1.1143 -4.1646 -2.4890 0.9803
1.2631 -4.1223 -2.4892 0.9803
1.4103 -4.0748 -2.4895 0.9803
1.5557 -4.0221 -2.4898 0.9803
1.6991 -3.9641 -2.4901 0.9803
1.8404 -3.9011 -2.4904 0.9803
1.9794 -3.8331 -2.4907 0.9803
2.1159 -3.7601 -2.4910 0.9803
2.5086 -3.5126 -2.4921 0.9803
2.6334 -3.4209 -2.4925 0.9803
2.7548 -3.3248 -2.4929 0.9803
3.0976 -3.0112 -2.4941 0.9802
3.2041 -2.8987 -2.4946 0.9802
3.4049 -2.6625 -2.4955 0.9802
3.5884 -2.4125 -2.4964 0.9802
3.7535 -2.1499 -2.4974 0.9802
3.8290 -2.0143 -2.4979 0.9802
3.8995 -1.8760 -2.4984 0.9802
3.9651 -1.7353 -2.4989 0.9802
4.0256 -1.5923 -2.4994 0.9802
4.1310 -1.3002 -2.5004 0.9802
4.1759 -1.1514 -2.5009 0.9802
4.2153 -1.0011 -2.5014 0.9802
4.2780 -0.6967 -2.5025 0.9802
4.3011 -0.5429 -2.5030 0.9802
4.3187 -0.3884 -2.5035 0.9802
4.3372 -0.0778 -2.5045 0.9802
4.3230 0.3887 -2.5060 0.9802
4.3072 0.5436 -2.5065 0.9801
4.1883 1.1548 -2.5084 0.9801
4.1449 1.3045 -2.5088 0.9801
4.0422 1.5988 -2.5097 0.9801
3.9829 1.7431 -2.5101 0.9801
3.9185 1.8851 -2.5105 0.9801
3.8489 2.0248 -2.5109 0.9801
3.6950 2.2962 -2.5117 0.9801
3.6108 2.4276 -2.5120 0.9801
3.5219 2.5558 -2.5124 0.9801
3.4284 2.6809 -2.5127 0.9801
3.3305 2.8025 -2.5130 0.9801
3.2282 2.9205 -2.5133 0.9801
3.1218 3.0347 -2.5136 0.9801
3.0113 3.1451 -2.5139 0.9801
2.7786 3.3535 -2.5144 0.9801
2.5315 3.5447 -2.5149 0.9801
2.1366 3.7969 -2.5154 0.9801
1.8591 3.9407 -2.5156 0.9801
1.5720 4.0641 -2.5158 0.9801
1.4252 4.1180 -2.5159 0.9801
1.1264 4.2097 -2.5160 0.9801
0.5128 4.3274 -2.5159 0.9801
0.0451 4.3570 -2.5157 0.9801
-1.4863 4.0923 -2.5137 0.9801
-1.6320 4.0359 -2.5134 0.9801
-1.7754 3.9743 -2.5131 0.9801
-1.9166 3.9076 -2.5128 0.9801
-1.7558 2.3812 -1.7081 0.9864
-1.9406 2.1126 -1.6562 0.9868
-2.4405 2.3013 -1.9367 0.9846
-3.3660 2.7461 -2.5080 0.9801
-3.4616 2.6231 -2.5076 0.9801
-3.8703 1.9615 -2.5051 0.9802
-3.9374 1.8211 -2.5046 0.9802
-3.9994 1.6784 -2.5041 0.9802
-4.1949 1.0883 -2.5021 0.9802
-4.2603 0.7845 -2.5011 0.9802
-4.2848 0.6311 -2.5005 0.9802
-4.3038 0.4769 -2.5000 0.9802
-4.3173 0.3222 -2.4995 0.9802
-4.3252 0.1671 -2.4990 0.9802
-4.3243 -0.1433 -2.4980 0.9802
-4.3156 -0.2983 -2.4975 0.9802
-4.3012 -0.4528 -2.4970 0.9802
-4.2814 -0.6066 -2.4966 0.9802
-4.2561 -0.7596 -2.4961 0.9802
-3.9914 -1.6494 -2.4934 0.9803
-3.9290 -1.7911 -2.4930 0.9803
-3.7121 -2.2018 -2.4918 0.9803
-3.6303 -2.3331 -2.4915 0.9803
-3.2576 -2.8268 -2.4902 0.9803
-3.0459 -3.0523 -2.4896 0.9803
-2.9341 -3.1593 -2.4893 0.9803
-2.8186 -3.2621 -2.4891 0.9803
-2.6996 -3.3608 -2.4888 0.9803
-2.4513 -3.5451 -2.4884 0.9803
-1.7790 -3.9244 -2.4877 0.9803
-1.4930 -4.0415 -2.4875 0.9803
-1.0502 -4.1783 -2.4874 0.9803
-0.7480 -4.2429 -2.4874 0.9803
-0.5954 -4.2670 -2.4874 0.9803
-0.4419 -4.2857 -2.4875 0.9803
-0.2880 -4.2989 -2.4876 0.9803
0.1755 -4.3055 -2.4879 0.9803
0.3298 -4.2967 -2.4880 0.9803
1.0915 -4.1706 -2.4890 0.9803
1.2405 -4.1291 -2.4892 0.9803
1.3879 -4.0824 -2.4895 0.9803
1.5336 -4.0304 -2.4897 0.9803
1.6774 -3.9733 -2.4900 0.9803
1.9583 -3.8438 -2.4906 0.9803
2.4893 -3.5262 -2.4920 0.9803
2.6145 -3.4352 -2.4924 0.9803
2.7365 -3.3398 -2.4928 0.9803
2.8550 -3.2400 -2.4932 0.9803
3.0809 -3.0280 -2.4941 0.9802
3.1881 -2.9161 -2.4945 0.9802
3.3902 -2.6810 -2.4954 0.9802
3.5750 -2.4320 -2.4964 0.9802
3.7416 -2.1703 -2.4973 0.9802
3.8178 -2.0352 -2.4978 0.9802
3.8891 -1.8973 -2.4983 0.9802
4.0728 -1.4695 -2.4998 0.9802
4.1694 -1.1742 -2.5008 0.9802
4.2097 -1.0242 -2.5013 0.9802
4.2446 -0.8727 -2.5019 0.9802
4.2980 -0.5664 -2.5029 0.9802
4.3164 -0.4120 -2.5034 0.9802
4.3383 0.0540 -2.5049 0.9802
4.3344 0.2096 -2.5054 0.9802
4.3250 0.3650 -2.5059 0.9802
4.2316 0.9805 -2.5078 0.9801
4.1944 1.1319 -2.5083 0.9801
3.9923 1.7212 -2.5100 0.9801
3.9286 1.8636 -2.5104 0.9801
3.7861 2.1411 -2.5112 0.9801
3.7074 2.2758 -2.5116 0.9801
3.2441 2.9027 -2.5133 0.9801
3.1383 3.0175 -2.5136 0.9801
3.0284 3.1285 -2.5139 0.9801
2.9145 3.2354 -2.5141 0.9801
2.4228 3.6202 -2.5150 0.9801
1.8806 3.9304 -2.5156 0.9801
1.5942 4.0554 -2.5158 0.9801
1.2994 4.1595 -2.5159 0.9801
0.9979 4.2420 -2.5160 0.9801
0.8452 4.2751 -2.5160 0.9801
0.5365 4.3246 -2.5159 0.9801
0.0689 4.3568 -2.5157 0.9801
-0.0874 4.3562 -2.5156 0.9801
-0.2436 4.3501 -2.5154 0.9801
-0.5547 4.3209 -2.5151 0.9801
-0.8629 4.2693 -2.5147 0.9801
-1.0153 4.2353 -2.5145 0.9801
-1.1665 4.1957 -2.5143 0.9801
-1.4639 4.1005 -2.5138 0.9801
-1.6099 4.0449 -2.5135 0.9801
-2.3042 3.6904 -2.5118 0.9801
-1.7562 2.6003 -1.8116 0.9856
-1.7459 2.3950 -1.7112 0.9864
-1.8108 2.3056 -1.6926 0.9866
-3.3510 2.7645 -2.5081 0.9801
-3.5392 2.5163 -2.5072 0.9801
